ds,y,Finishing time,Number of Bicycles,Number of People,isHoliday,TMAX,TMIN,PRCP,Day of the Week_Fri,Day of the Week_Mon,Day of the Week_Sat,Day of the Week_Sun,Day of the Week_Thu,Day of the Week_Tue,Day of the Week_Wed,TimeZone_BST,TimeZone_GMT,days_since_record
2024-07-11 20:00:00,36,21,76,438,0,18.6,10.6,0.0,0,0,0,0,1,0,0,1,0,0
2024-07-09 15:00:00,35,16,75,1605,0,16.7,10.8,2.6,0,0,0,0,0,1,0,1,0,0
2024-07-23 17:00:00,32,18,61,1476,0,20.1,12.5,0.2,0,0,0,0,0,1,0,1,0,0
2024-07-23 15:00:00,18,16,60,2517,0,20.1,12.5,0.2,0,0,0,0,0,1,0,1,0,0
2024-07-23 18:00:00,19,19,55,980,0,20.1,12.5,0.2,0,0,0,0,0,1,0,1,0,0
2024-07-26 16:00:00,18,17,53,2588,0,20.9,9.0,0.0,1,0,0,0,0,0,0,1,0,0
2024-07-07 14:00:00,16,15,34,2181,0,19.4,8.4,2.8,0,0,0,1,0,0,0,1,0,0
2024-07-12 08:00:00,10,9,34,516,0,16.3,9.2,0.0,1,0,0,0,0,0,0,1,0,0
2024-07-15 11:00:00,39,12,33,3693,0,19.2,10.6,0.0,0,1,0,0,0,0,0,1,0,0
2024-07-08 12:00:00,19,13,33,2397,0,16.9,7.0,0.0,0,1,0,0,0,0,0,1,0,0
2024-07-26 14:00:00,10,15,33,2776,0,20.9,9.0,0.0,1,0,0,0,0,0,0,1,0,0
2024-07-28 14:00:00,14,15,32,1569,0,20.3,5.5,0.0,0,0,0,1,0,0,0,1,0,0
2024-07-08 11:00:00,13,12,32,2090,0,16.9,7.0,0.0,0,1,0,0,0,0,0,1,0,0
2024-07-24 12:00:00,13,13,32,2611,0,18.9,12.5,0.8,0,0,0,0,0,0,1,1,0,0
2024-07-12 10:00:00,7,11,32,1746,0,16.3,9.2,0.0,1,0,0,0,0,0,0,1,0,0
2024-07-07 17:00:00,6,18,29,651,0,19.4,8.4,2.8,0,0,0,1,0,0,0,1,0,0
2024-07-25 17:00:00,29,18,28,1453,0,19.8,12.4,0.0,0,0,0,0,1,0,0,1,0,0
2024-07-26 12:00:00,23,13,28,3228,0,20.9,9.0,0.0,1,0,0,0,0,0,0,1,0,0
2024-07-27 14:00:00,21,15,50,3409,0,22.0,5.5,0.0,0,0,1,0,0,0,0,1,0,0
2024-07-31 13:00:00,21,14,50,3282,0,22.9,7.9,0.3,0,0,0,0,0,0,1,1,0,0
2024-07-30 11:00:00,8,12,49,1746,0,11.2,5.5,0.2,0,0,0,0,0,1,0,1,0,0
2024-07-10 16:00:00,42,17,47,1850,0,16.6,11.2,1.1,0,0,0,0,0,0,1,1,0,0
2024-07-27 10:00:00,21,11,47,1793,0,22.0,5.5,0.0,0,0,1,0,0,0,0,1,0,0
2024-07-26 13:00:00,25,14,46,2970,0,20.9,9.0,0.0,1,0,0,0,0,0,0,1,0,0
2024-07-31 16:00:00,13,17,46,1533,0,22.9,7.9,0.3,0,0,0,0,0,0,1,1,0,0
2024-07-31 17:00:00,9,18,44,951,0,22.9,7.9,0.3,0,0,0,0,0,0,1,1,0,0
2024-07-14 14:00:00,54,15,27,2755,0,20.1,5.5,0.4,0,0,0,1,0,0,0,1,0,0
2024-07-15 12:00:00,45,13,27,4453,0,19.2,10.6,0.0,0,1,0,0,0,0,0,1,0,0
2024-07-27 16:00:00,44,17,27,3118,0,22.0,5.5,0.0,0,0,1,0,0,0,0,1,0,0
2024-07-10 17:00:00,39,18,27,1578,0,16.6,11.2,1.1,0,0,0,0,0,0,1,1,0,0
2024-07-13 10:00:00,35,11,27,2420,0,18.5,5.5,0.4,0,0,1,0,0,0,0,1,0,0
2024-07-08 09:00:00,23,10,27,1337,0,16.9,7.0,0.0,0,1,0,0,0,0,0,1,0,0
2024-07-08 14:00:00,12,15,27,1960,0,16.9,7.0,0.0,0,1,0,0,0,0,0,1,0,0
2024-07-14 16:00:00,9,17,27,1458,0,20.1,5.5,0.4,0,0,0,1,0,0,0,1,0,0
2024-07-08 16:00:00,6,17,27,1574,0,16.9,7.0,0.0,0,1,0,0,0,0,0,1,0,0
2024-07-28 15:00:00,2,16,27,1450,0,20.3,5.5,0.0,0,0,0,1,0,0,0,1,0,0
2024-07-05 17:00:00,72,18,26,1490,0,15.2,6.8,3.2,1,0,0,0,0,0,0,1,0,0
2024-07-24 10:00:00,42,11,26,2160,0,18.9,12.5,0.8,0,0,0,0,0,0,1,1,0,0
2024-07-29 17:00:00,37,18,26,1259,0,21.6,5.5,0.0,0,1,0,0,0,0,0,1,0,0
2024-07-13 14:00:00,27,15,26,2878,0,18.5,5.5,0.4,0,0,1,0,0,0,0,1,0,0
2024-07-27 11:00:00,13,12,26,2158,0,22.0,5.5,0.0,0,0,1,0,0,0,0,1,0,0
2024-07-08 17:00:00,10,18,26,875,0,16.9,7.0,0.0,0,1,0,0,0,0,0,1,0,0
2024-07-31 11:00:00,22,12,38,2586,0,22.9,7.9,0.3,0,0,0,0,0,0,1,1,0,0
2024-07-01 17:00:00,7,18,38,1270,0,16.7,8.5,1.0,0,1,0,0,0,0,0,1,0,90
2024-07-28 16:00:00,19,17,36,1280,0,20.3,5.5,0.0,0,0,0,1,0,0,0,1,0,0
2024-07-31 12:00:00,19,13,36,3937,0,22.9,7.9,0.3,0,0,0,0,0,0,1,1,0,0
2024-07-07 16:00:00,5,17,36,933,0,19.4,8.4,2.8,0,0,0,1,0,0,0,1,0,0
2024-07-31 14:00:00,19,15,35,2837,0,22.9,7.9,0.3,0,0,0,0,0,0,1,1,0,0
2024-07-30 12:00:00,12,13,35,2321,0,11.2,5.5,0.2,0,0,0,0,0,1,0,1,0,0
2024-07-25 16:00:00,53,17,31,2256,0,19.8,12.4,0.0,0,0,0,0,1,0,0,1,0,0
2024-07-30 13:00:00,19,14,31,2517,0,11.2,5.5,0.2,0,0,0,0,0,1,0,1,0,0
2024-07-08 15:00:00,10,16,31,2106,0,16.9,7.0,0.0,0,1,0,0,0,0,0,1,0,0
2024-07-27 09:00:00,21,10,30,975,0,22.0,5.5,0.0,0,0,1,0,0,0,0,1,0,0
2024-07-09 09:00:00,14,10,30,1023,0,16.7,10.8,2.6,0,0,0,0,0,1,0,1,0,0
2024-07-30 17:00:00,11,18,30,933,0,11.2,5.5,0.2,0,0,0,0,0,1,0,1,0,0
2024-07-13 12:00:00,24,13,41,3858,0,18.5,5.5,0.4,0,0,1,0,0,0,0,1,0,0
2024-07-09 10:00:00,9,11,39,1550,0,16.7,10.8,2.6,0,0,0,0,0,1,0,1,0,0
2024-07-30 16:00:00,4,17,39,1264,0,11.2,5.5,0.2,0,0,0,0,0,1,0,1,0,0
2024-07-14 13:00:00,41,14,25,2934,0,20.1,5.5,0.4,0,0,0,1,0,0,0,1,0,0
2024-07-14 11:00:00,31,12,25,2255,0,20.1,5.5,0.4,0,0,0,1,0,0,0,1,0,0
2024-07-27 15:00:00,16,16,25,3512,0,22.0,5.5,0.0,0,0,1,0,0,0,0,1,0,0
2024-07-02 10:00:00,16,11,25,1749,0,18.1,8.4,1.5,0,0,0,0,0,1,0,1,0,0
2024-07-30 14:00:00,25,15,24,2220,0,11.2,5.5,0.2,0,0,0,0,0,1,0,1,0,0
2024-07-23 16:00:00,13,17,24,1768,0,20.1,12.5,0.2,0,0,0,0,0,1,0,1,0,0
2024-07-07 11:00:00,7,12,24,1087,0,19.4,8.4,2.8,0,0,0,1,0,0,0,1,0,0
2024-07-12 13:00:00,17,14,23,2219,0,16.3,9.2,0.0,1,0,0,0,0,0,0,1,0,0
2024-07-31 09:00:00,14,10,23,760,0,22.9,7.9,0.3,0,0,0,0,0,0,1,1,0,0
2024-07-14 12:00:00,38,13,19,2680,0,20.1,5.5,0.4,0,0,0,1,0,0,0,1,0,0
2024-07-13 11:00:00,33,12,19,3546,0,18.5,5.5,0.4,0,0,1,0,0,0,0,1,0,0
2024-07-03 14:00:00,15,15,19,2374,0,16.2,8.1,0.6,0,0,0,0,0,0,1,1,0,0
2024-07-30 10:00:00,14,11,19,1518,0,11.2,5.5,0.2,0,0,0,0,0,1,0,1,0,0
2024-07-12 16:00:00,13,17,19,1697,0,16.3,9.2,0.0,1,0,0,0,0,0,0,1,0,0
2024-07-11 16:00:00,10,17,19,1945,0,18.6,10.6,0.0,0,0,0,0,1,0,0,1,0,0
2024-07-28 10:00:00,9,11,19,796,0,20.3,5.5,0.0,0,0,0,1,0,0,0,1,0,0
2024-07-02 16:00:00,4,17,19,1762,0,18.1,8.4,1.5,0,0,0,0,0,1,0,1,0,0
2024-07-06 20:00:00,2,21,19,221,0,16.7,8.4,5.9,0,0,1,0,0,0,0,1,0,0
2024-07-29 14:00:00,50,15,22,2622,0,21.6,5.5,0.0,0,1,0,0,0,0,0,1,0,0
2024-07-29 12:00:00,47,13,22,3046,0,21.6,5.5,0.0,0,1,0,0,0,0,0,1,0,0
2024-07-15 14:00:00,38,15,22,2724,0,19.2,10.6,0.0,0,1,0,0,0,0,0,1,0,0
2024-07-12 14:00:00,31,15,22,2380,0,16.3,9.2,0.0,1,0,0,0,0,0,0,1,0,0
2024-07-11 13:00:00,31,14,22,1785,0,18.6,10.6,0.0,0,0,0,0,1,0,0,1,0,0
2024-07-03 16:00:00,14,17,22,1715,0,16.2,8.1,0.6,0,0,0,0,0,0,1,1,0,0
2024-07-11 10:00:00,13,11,22,1301,0,18.6,10.6,0.0,0,0,0,0,1,0,0,1,0,0
2024-07-27 12:00:00,11,13,22,2694,0,22.0,5.5,0.0,0,0,1,0,0,0,0,1,0,0
2024-07-06 16:00:00,10,17,22,2247,0,16.7,8.4,5.9,0,0,1,0,0,0,0,1,0,0
2024-07-05 11:00:00,9,12,22,1813,0,15.2,6.8,3.2,1,0,0,0,0,0,0,1,0,0
2024-07-12 11:00:00,8,12,22,1946,0,16.3,9.2,0.0,1,0,0,0,0,0,0,1,0,0
2024-07-09 13:00:00,6,14,22,2271,0,16.7,10.8,2.6,0,0,0,0,0,1,0,1,0,0
2024-07-11 14:00:00,87,15,20,1533,0,18.6,10.6,0.0,0,0,0,0,1,0,0,1,0,0
2024-07-29 08:00:00,51,9,20,960,0,21.6,5.5,0.0,0,1,0,0,0,0,0,1,0,0
2024-07-04 13:00:00,30,14,20,2189,0,17.5,6.9,0.0,0,0,0,0,1,0,0,1,0,0
2024-07-26 17:00:00,29,18,20,1453,0,20.9,9.0,0.0,1,0,0,0,0,0,0,1,0,0
2024-07-31 10:00:00,25,11,20,1615,0,22.9,7.9,0.3,0,0,0,0,0,0,1,1,0,0
2024-07-29 16:00:00,22,17,20,1603,0,21.6,5.5,0.0,0,1,0,0,0,0,0,1,0,0
2024-07-28 13:00:00,9,14,20,1723,0,20.3,5.5,0.0,0,0,0,1,0,0,0,1,0,0
2024-07-24 15:00:00,8,16,20,1627,0,18.9,12.5,0.8,0,0,0,0,0,0,1,1,0,0
2024-07-05 19:00:00,76,20,19,861,0,15.2,6.8,3.2,1,0,0,0,0,0,0,1,0,0
2024-07-15 18:00:00,54,19,19,1249,0,19.2,10.6,0.0,0,1,0,0,0,0,0,1,0,0
2024-07-14 17:00:00,31,18,21,1175,0,20.1,5.5,0.4,0,0,0,1,0,0,0,1,0,0
2024-07-14 15:00:00,27,16,21,2143,0,20.1,5.5,0.4,0,0,0,1,0,0,0,1,0,0
2024-07-26 11:00:00,15,12,21,2659,0,20.9,9.0,0.0,1,0,0,0,0,0,0,1,0,0
2024-07-27 18:00:00,66,19,18,946,0,22.0,5.5,0.0,0,0,1,0,0,0,0,1,0,0
2024-07-03 18:00:00,56,19,18,1083,0,16.2,8.1,0.6,0,0,0,0,0,0,1,1,0,0
2024-07-29 19:00:00,49,20,18,411,0,21.6,5.5,0.0,0,1,0,0,0,0,0,1,0,0
2024-07-15 17:00:00,42,18,18,2085,0,19.2,10.6,0.0,0,1,0,0,0,0,0,1,0,0
2024-07-27 17:00:00,41,18,18,1515,0,22.0,5.5,0.0,0,0,1,0,0,0,0,1,0,0
2024-07-03 09:00:00,35,10,18,1147,0,16.2,8.1,0.6,0,0,0,0,0,0,1,1,0,0
2024-07-15 15:00:00,32,16,18,3334,0,19.2,10.6,0.0,0,1,0,0,0,0,0,1,0,0
2024-07-07 12:00:00,29,13,18,2067,0,19.4,8.4,2.8,0,0,0,1,0,0,0,1,0,0
2024-07-14 10:00:00,28,11,18,1091,0,20.1,5.5,0.4,0,0,0,1,0,0,0,1,0,0
2024-07-24 17:00:00,28,18,18,1529,0,18.9,12.5,0.8,0,0,0,0,0,0,1,1,0,0
2024-07-26 10:00:00,22,11,18,2314,0,20.9,9.0,0.0,1,0,0,0,0,0,0,1,0,0
2024-07-13 13:00:00,18,14,18,2300,0,18.5,5.5,0.4,0,0,1,0,0,0,0,1,0,0
2024-07-05 10:00:00,10,11,18,1571,0,15.2,6.8,3.2,1,0,0,0,0,0,0,1,0,0
2024-07-13 15:00:00,7,16,18,2364,0,18.5,5.5,0.4,0,0,1,0,0,0,0,1,0,0
2024-07-05 12:00:00,2,13,18,2129,0,15.2,6.8,3.2,1,0,0,0,0,0,0,1,0,0
2024-07-30 15:00:00,13,16,21,1790,0,11.2,5.5,0.2,0,0,0,0,0,1,0,1,0,0
2024-07-23 14:00:00,12,15,21,2359,0,20.1,12.5,0.2,0,0,0,0,0,1,0,1,0,0
2024-07-02 11:00:00,8,12,21,1981,0,18.1,8.4,1.5,0,0,0,0,0,1,0,1,0,0
2024-07-06 14:00:00,4,15,21,2326,0,16.7,8.4,5.9,0,0,1,0,0,0,0,1,0,0
2024-07-24 20:00:00,57,21,14,769,0,18.9,12.5,0.8,0,0,0,0,0,0,1,1,0,0
2024-07-14 19:00:00,39,20,14,454,0,20.1,5.5,0.4,0,0,0,1,0,0,0,1,0,0
2024-07-10 20:00:00,38,21,14,479,0,16.6,11.2,1.1,0,0,0,0,0,0,1,1,0,0
2024-07-29 18:00:00,36,19,14,596,0,21.6,5.5,0.0,0,1,0,0,0,0,0,1,0,0
2024-07-29 13:00:00,33,14,14,2832,0,21.6,5.5,0.0,0,1,0,0,0,0,0,1,0,0
2024-07-13 09:00:00,27,10,14,1130,0,18.5,5.5,0.4,0,0,1,0,0,0,0,1,0,0
2024-07-27 19:00:00,97,20,17,542,0,22.0,5.5,0.0,0,0,1,0,0,0,0,1,0,0
2024-07-24 08:00:00,49,9,17,886,0,18.9,12.5,0.8,0,0,0,0,0,0,1,1,0,0
2024-07-05 16:00:00,30,17,17,2322,0,15.2,6.8,3.2,1,0,0,0,0,0,0,1,0,0
2024-07-11 21:00:00,27,22,17,277,0,18.6,10.6,0.0,0,0,0,0,1,0,0,1,0,0
2024-07-28 12:00:00,19,13,17,2335,0,20.3,5.5,0.0,0,0,0,1,0,0,0,1,0,0
2024-07-24 16:00:00,27,17,14,1655,0,18.9,12.5,0.8,0,0,0,0,0,0,1,1,0,0
2024-07-09 16:00:00,17,17,14,1618,0,16.7,10.8,2.6,0,0,0,0,0,1,0,1,0,0
2024-07-25 11:00:00,16,12,14,1783,0,19.8,12.4,0.0,0,0,0,0,1,0,0,1,0,0
2024-07-04 10:00:00,14,11,14,1682,0,17.5,6.9,0.0,0,0,0,0,1,0,0,1,0,0
2024-07-13 16:00:00,11,17,14,1603,0,18.5,5.5,0.4,0,0,1,0,0,0,0,1,0,0
2024-07-07 15:00:00,11,16,14,1907,0,19.4,8.4,2.8,0,0,0,1,0,0,0,1,0,0
2024-07-16 14:00:00,9,15,14,1686,0,21.9,12.6,0.8,0,0,0,0,0,1,0,1,0,0
2024-07-02 14:00:00,8,15,14,1962,0,18.1,8.4,1.5,0,0,0,0,0,1,0,1,0,0
2024-07-08 13:00:00,7,14,14,1723,0,16.9,7.0,0.0,0,1,0,0,0,0,0,1,0,0
2024-07-02 13:00:00,7,14,14,2422,0,18.1,8.4,1.5,0,0,0,0,0,1,0,1,0,0
2024-07-05 15:00:00,6,16,14,2608,0,15.2,6.8,3.2,1,0,0,0,0,0,0,1,0,0
2024-07-09 07:00:00,6,8,14,177,0,16.7,10.8,2.6,0,0,0,0,0,1,0,1,0,0
2024-07-23 19:00:00,4,20,14,361,0,20.1,12.5,0.2,0,0,0,0,0,1,0,1,0,0
2024-07-28 09:00:00,3,10,14,354,0,20.3,5.5,0.0,0,0,0,1,0,0,0,1,0,0
2024-07-29 10:00:00,59,11,15,2164,0,21.6,5.5,0.0,0,1,0,0,0,0,0,1,0,0
2024-07-24 09:00:00,48,10,15,1070,0,18.9,12.5,0.8,0,0,0,0,0,0,1,1,0,0
2024-07-14 09:00:00,32,10,15,448,0,20.1,5.5,0.4,0,0,0,1,0,0,0,1,0,0
2024-07-09 17:00:00,8,18,15,1048,0,16.7,10.8,2.6,0,0,0,0,0,1,0,1,0,0
2024-07-01 15:00:00,5,16,15,2274,0,16.7,8.5,1.0,0,1,0,0,0,0,0,1,0,90
2024-07-15 07:00:00,58,8,16,301,0,19.2,10.6,0.0,0,1,0,0,0,0,0,1,0,0
2024-07-15 10:00:00,53,11,16,2572,0,19.2,10.6,0.0,0,1,0,0,0,0,0,1,0,0
2024-07-24 11:00:00,41,12,16,2981,0,18.9,12.5,0.8,0,0,0,0,0,0,1,1,0,0
2024-07-15 16:00:00,39,17,16,2462,0,19.2,10.6,0.0,0,1,0,0,0,0,0,1,0,0
2024-07-29 15:00:00,35,16,16,2211,0,21.6,5.5,0.0,0,1,0,0,0,0,0,1,0,0
2024-07-10 19:00:00,33,20,16,630,0,16.6,11.2,1.1,0,0,0,0,0,0,1,1,0,0
2024-07-12 15:00:00,29,16,16,2092,0,16.3,9.2,0.0,1,0,0,0,0,0,0,1,0,0
2024-07-01 11:00:00,21,12,16,2205,0,16.7,8.5,1.0,0,1,0,0,0,0,0,1,0,90
2024-07-05 09:00:00,14,10,16,988,0,15.2,6.8,3.2,1,0,0,0,0,0,0,1,0,0
2024-07-26 15:00:00,13,16,16,2297,0,20.9,9.0,0.0,1,0,0,0,0,0,0,1,0,0
2024-07-06 15:00:00,7,16,16,2463,0,16.7,8.4,5.9,0,0,1,0,0,0,0,1,0,0
2024-07-24 14:00:00,7,15,16,1876,0,18.9,12.5,0.8,0,0,0,0,0,0,1,1,0,0
2024-07-11 12:00:00,3,13,16,2089,0,18.6,10.6,0.0,0,0,0,0,1,0,0,1,0,0
2024-07-10 13:00:00,2,14,16,2082,0,16.6,11.2,1.1,0,0,0,0,0,0,1,1,0,0
2024-07-27 20:00:00,75,21,13,465,0,22.0,5.5,0.0,0,0,1,0,0,0,0,1,0,0
2024-07-29 09:00:00,43,10,13,1412,0,21.6,5.5,0.0,0,1,0,0,0,0,0,1,0,0
2024-07-11 08:00:00,43,9,13,462,0,18.6,10.6,0.0,0,0,0,0,1,0,0,1,0,0
2024-07-29 11:00:00,36,12,13,2442,0,21.6,5.5,0.0,0,1,0,0,0,0,0,1,0,0
2024-07-11 19:00:00,20,20,13,497,0,18.6,10.6,0.0,0,0,0,0,1,0,0,1,0,0
2024-07-11 09:00:00,19,10,13,852,0,18.6,10.6,0.0,0,0,0,0,1,0,0,1,0,0
2024-07-25 12:00:00,12,13,13,2190,0,19.8,12.4,0.0,0,0,0,0,1,0,0,1,0,0
2024-07-02 17:00:00,12,18,13,1224,0,18.1,8.4,1.5,0,0,0,0,0,1,0,1,0,0
2024-07-01 12:00:00,9,13,13,1614,0,16.7,8.5,1.0,0,1,0,0,0,0,0,1,0,90
2024-07-08 08:00:00,9,9,13,814,0,16.9,7.0,0.0,0,1,0,0,0,0,0,1,0,0
2024-07-04 14:00:00,6,15,13,2081,0,17.5,6.9,0.0,0,0,0,0,1,0,0,1,0,0
2024-07-06 18:00:00,5,19,13,399,0,16.7,8.4,5.9,0,0,1,0,0,0,0,1,0,0
2024-07-07 21:00:00,4,22,13,130,0,19.4,8.4,2.8,0,0,0,1,0,0,0,1,0,0
2024-07-30 18:00:00,3,19,13,546,0,11.2,5.5,0.2,0,0,0,0,0,1,0,1,0,0
2024-07-10 11:00:00,16,12,17,2368,0,16.6,11.2,1.1,0,0,0,0,0,0,1,1,0,0
2024-07-02 15:00:00,13,16,17,2031,0,18.1,8.4,1.5,0,0,0,0,0,1,0,1,0,0
2024-07-01 10:00:00,12,11,17,1565,0,16.7,8.5,1.0,0,1,0,0,0,0,0,1,0,90
2024-07-11 15:00:00,12,16,17,1853,0,18.6,10.6,0.0,0,0,0,0,1,0,0,1,0,0
2024-07-09 11:00:00,12,12,17,1664,0,16.7,10.8,2.6,0,0,0,0,0,1,0,1,0,0
2024-07-01 16:00:00,8,17,17,1840,0,16.7,8.5,1.0,0,1,0,0,0,0,0,1,0,90
2024-07-13 17:00:00,7,18,17,850,0,18.5,5.5,0.4,0,0,1,0,0,0,0,1,0,0
2024-07-10 12:00:00,7,13,17,2704,0,16.6,11.2,1.1,0,0,0,0,0,0,1,1,0,0
2024-07-31 15:00:00,7,16,17,2189,0,22.9,7.9,0.3,0,0,0,0,0,0,1,1,0,0
2024-07-26 08:00:00,6,9,17,537,0,20.9,9.0,0.0,1,0,0,0,0,0,0,1,0,0
2024-07-01 14:00:00,6,15,17,2470,0,16.7,8.5,1.0,0,1,0,0,0,0,0,1,0,90
2024-07-05 14:00:00,4,15,17,2309,0,15.2,6.8,3.2,1,0,0,0,0,0,0,1,0,0
2024-07-25 15:00:00,31,16,12,2192,0,19.8,12.4,0.0,0,0,0,0,1,0,0,1,0,0
2024-07-07 13:00:00,26,14,12,1990,0,19.4,8.4,2.8,0,0,0,1,0,0,0,1,0,0
2024-07-25 10:00:00,14,11,12,1213,0,19.8,12.4,0.0,0,0,0,0,1,0,0,1,0,0
2024-07-04 09:00:00,10,10,12,1012,0,17.5,6.9,0.0,0,0,0,0,1,0,0,1,0,0
2024-07-09 12:00:00,9,13,12,2063,0,16.7,10.8,2.6,0,0,0,0,0,1,0,1,0,0
2024-07-02 09:00:00,9,10,12,1107,0,18.1,8.4,1.5,0,0,0,0,0,1,0,1,0,0
2024-07-24 13:00:00,9,14,12,2503,0,18.9,12.5,0.8,0,0,0,0,0,0,1,1,0,0
2024-07-31 08:00:00,9,9,12,549,0,22.9,7.9,0.3,0,0,0,0,0,0,1,1,0,0
2024-07-04 08:00:00,7,9,12,522,0,17.5,6.9,0.0,0,0,0,0,1,0,0,1,0,0
2024-07-31 18:00:00,6,19,12,465,0,22.9,7.9,0.3,0,0,0,0,0,0,1,1,0,0
2024-07-08 18:00:00,3,19,12,422,0,16.9,7.0,0.0,0,1,0,0,0,0,0,1,0,0
2024-07-06 09:00:00,9,10,10,1438,0,16.7,8.4,5.9,0,0,1,0,0,0,0,1,0,0
2024-07-12 17:00:00,8,18,10,919,0,16.3,9.2,0.0,1,0,0,0,0,0,0,1,0,0
2024-07-04 07:00:00,8,8,10,185,0,17.5,6.9,0.0,0,0,0,0,1,0,0,1,0,0
2024-07-16 07:00:00,6,8,10,169,0,21.9,12.6,0.8,0,0,0,0,0,1,0,1,0,0
2024-07-08 19:00:00,5,20,10,284,0,16.9,7.0,0.0,0,1,0,0,0,0,0,1,0,0
2024-07-06 13:00:00,5,14,10,3176,0,16.7,8.4,5.9,0,0,1,0,0,0,0,1,0,0
2024-07-24 19:00:00,74,20,9,1119,0,18.9,12.5,0.8,0,0,0,0,0,0,1,1,0,0
2024-07-27 21:00:00,73,22,9,472,0,22.0,5.5,0.0,0,0,1,0,0,0,0,1,0,0
2024-07-12 19:00:00,64,20,9,686,0,16.3,9.2,0.0,1,0,0,0,0,0,0,1,0,0
2024-07-10 18:00:00,64,19,9,961,0,16.6,11.2,1.1,0,0,0,0,0,0,1,1,0,0
2024-07-05 21:00:00,84,22,10,415,0,15.2,6.8,3.2,1,0,0,0,0,0,0,1,0,0
2024-07-26 18:00:00,80,19,10,868,0,20.9,9.0,0.0,1,0,0,0,0,0,0,1,0,0
2024-07-15 09:00:00,62,10,10,1420,0,19.2,10.6,0.0,0,1,0,0,0,0,0,1,0,0
2024-07-26 20:00:00,57,21,10,432,0,20.9,9.0,0.0,1,0,0,0,0,0,0,1,0,0
2024-07-24 18:00:00,37,19,10,1159,0,18.9,12.5,0.8,0,0,0,0,0,0,1,1,0,0
2024-07-26 22:00:00,33,23,10,261,0,20.9,9.0,0.0,1,0,0,0,0,0,0,1,0,0
2024-07-27 13:00:00,20,14,10,3363,0,22.0,5.5,0.0,0,0,1,0,0,0,0,1,0,0
2024-07-10 08:00:00,19,9,10,667,0,16.6,11.2,1.1,0,0,0,0,0,0,1,1,0,0
2024-07-10 09:00:00,17,10,10,914,0,16.6,11.2,1.1,0,0,0,0,0,0,1,1,0,0
2024-07-25 18:00:00,15,19,10,544,0,19.8,12.4,0.0,0,0,0,0,1,0,0,1,0,0
2024-07-04 12:00:00,13,13,10,2130,0,17.5,6.9,0.0,0,0,0,0,1,0,0,1,0,0
2024-07-04 17:00:00,12,18,10,1380,0,17.5,6.9,0.0,0,0,0,0,1,0,0,1,0,0
2024-07-03 15:00:00,12,16,10,2325,0,16.2,8.1,0.6,0,0,0,0,0,0,1,1,0,0
2024-07-01 08:00:00,10,9,10,532,0,16.7,8.5,1.0,0,1,0,0,0,0,0,1,0,90
2024-07-30 08:00:00,10,9,10,514,0,11.2,5.5,0.2,0,0,0,0,0,1,0,1,0,0
2024-07-13 20:00:00,75,21,12,646,0,18.5,5.5,0.4,0,0,1,0,0,0,0,1,0,0
2024-07-28 18:00:00,53,19,12,646,0,20.3,5.5,0.0,0,0,0,1,0,0,0,1,0,0
2024-07-28 19:00:00,42,20,12,872,0,20.3,5.5,0.0,0,0,0,1,0,0,0,1,0,0
2024-07-03 19:00:00,42,20,12,536,0,16.2,8.1,0.6,0,0,0,0,0,0,1,1,0,0
2024-07-10 10:00:00,34,11,12,1478,0,16.6,11.2,1.1,0,0,0,0,0,0,1,1,0,0
2024-07-05 18:00:00,83,19,11,1061,0,15.2,6.8,3.2,1,0,0,0,0,0,0,1,0,0
2024-07-15 08:00:00,62,9,11,739,0,19.2,10.6,0.0,0,1,0,0,0,0,0,1,0,0
2024-07-24 07:00:00,48,8,11,265,0,18.9,12.5,0.8,0,0,0,0,0,0,1,1,0,0
2024-07-15 19:00:00,41,20,11,814,0,19.2,10.6,0.0,0,1,0,0,0,0,0,1,0,0
2024-07-15 13:00:00,38,14,11,3671,0,19.2,10.6,0.0,0,1,0,0,0,0,0,1,0,0
2024-07-11 07:00:00,38,8,11,160,0,18.6,10.6,0.0,0,0,0,0,1,0,0,1,0,0
2024-07-26 09:00:00,24,10,11,1031,0,20.9,9.0,0.0,1,0,0,0,0,0,0,1,0,0
2024-07-09 14:00:00,16,15,11,1762,0,16.7,10.8,2.6,0,0,0,0,0,1,0,1,0,0
2024-07-16 09:00:00,15,10,11,774,0,21.9,12.6,0.8,0,0,0,0,0,1,0,1,0,0
2024-07-30 09:00:00,14,10,11,989,0,11.2,5.5,0.2,0,0,0,0,0,1,0,1,0,0
2024-07-02 20:00:00,10,21,11,145,0,18.1,8.4,1.5,0,0,0,0,0,1,0,1,0,0
2024-07-02 08:00:00,7,9,11,576,0,18.1,8.4,1.5,0,0,0,0,0,1,0,1,0,0
2024-07-30 20:00:00,6,21,11,273,0,11.2,5.5,0.2,0,0,0,0,0,1,0,1,0,0
2024-07-04 11:00:00,5,12,11,2068,0,17.5,6.9,0.0,0,0,0,0,1,0,0,1,0,0
2024-07-09 18:00:00,4,19,9,311,0,16.7,10.8,2.6,0,0,0,0,0,1,0,1,0,0
2024-07-24 21:00:00,66,22,7,463,0,18.9,12.5,0.8,0,0,0,0,0,0,1,1,0,0
2024-07-25 21:00:00,65,22,7,480,0,19.8,12.4,0.0,0,0,0,0,1,0,0,1,0,0
2024-07-15 20:00:00,38,21,7,874,0,19.2,10.6,0.0,0,1,0,0,0,0,0,1,0,0
2024-07-15 21:00:00,38,22,7,427,0,19.2,10.6,0.0,0,1,0,0,0,0,0,1,0,0
2024-07-11 18:00:00,28,19,7,641,0,18.6,10.6,0.0,0,0,0,0,1,0,0,1,0,0
2024-07-03 08:00:00,26,9,7,604,0,16.2,8.1,0.6,0,0,0,0,0,0,1,1,0,0
2024-07-10 15:00:00,21,16,7,1258,0,16.6,11.2,1.1,0,0,0,0,0,0,1,1,0,0
2024-07-14 18:00:00,42,19,9,689,0,20.1,5.5,0.4,0,0,0,1,0,0,0,1,0,0
2024-07-27 22:00:00,40,23,9,279,0,22.0,5.5,0.0,0,0,1,0,0,0,0,1,0,0
2024-07-29 20:00:00,41,21,8,263,0,21.6,5.5,0.0,0,1,0,0,0,0,0,1,0,0
2024-07-10 21:00:00,33,22,9,375,0,16.6,11.2,1.1,0,0,0,0,0,0,1,1,0,0
2024-07-29 07:00:00,37,8,8,357,0,21.6,5.5,0.0,0,1,0,0,0,0,0,1,0,0
2024-07-08 21:00:00,31,22,8,367,0,16.9,7.0,0.0,0,1,0,0,0,0,0,1,0,0
2024-07-09 20:00:00,27,21,8,244,0,16.7,10.8,2.6,0,0,0,0,0,1,0,1,0,0
2024-07-28 17:00:00,22,18,8,973,0,20.3,5.5,0.0,0,0,0,1,0,0,0,1,0,0
2024-07-23 21:00:00,21,22,8,333,0,20.1,12.5,0.2,0,0,0,0,0,1,0,1,0,0
2024-07-08 10:00:00,12,11,8,1033,0,16.9,7.0,0.0,0,1,0,0,0,0,0,1,0,0
2024-07-06 08:00:00,11,9,8,562,0,16.7,8.4,5.9,0,0,1,0,0,0,0,1,0,0
2024-07-03 17:00:00,29,18,9,1406,0,16.2,8.1,0.6,0,0,0,0,0,0,1,1,0,0
2024-07-13 04:00:00,14,5,7,37,0,18.5,5.5,0.4,0,0,1,0,0,0,0,1,0,0
2024-07-06 10:00:00,18,11,9,2298,0,16.7,8.4,5.9,0,0,1,0,0,0,0,1,0,0
2024-07-04 16:00:00,13,17,7,1679,0,17.5,6.9,0.0,0,0,0,0,1,0,0,1,0,0
2024-07-16 08:00:00,17,9,9,515,0,21.9,12.6,0.8,0,0,0,0,0,1,0,1,0,0
2024-07-28 11:00:00,16,12,9,1382,0,20.3,5.5,0.0,0,0,0,1,0,0,0,1,0,0
2024-07-01 09:00:00,11,10,7,1043,0,16.7,8.5,1.0,0,1,0,0,0,0,0,1,0,90
2024-07-03 11:00:00,13,12,9,1763,0,16.2,8.1,0.6,0,0,0,0,0,0,1,1,0,0
2024-07-05 13:00:00,9,14,7,2478,0,15.2,6.8,3.2,1,0,0,0,0,0,0,1,0,0
2024-07-07 10:00:00,9,11,7,554,0,19.4,8.4,2.8,0,0,0,1,0,0,0,1,0,0
2024-07-12 09:00:00,11,10,9,1174,0,16.3,9.2,0.0,1,0,0,0,0,0,0,1,0,0
2024-07-11 17:00:00,9,18,7,1082,0,18.6,10.6,0.0,0,0,0,0,1,0,0,1,0,0
2024-07-09 08:00:00,11,9,9,540,0,16.7,10.8,2.6,0,0,0,0,0,1,0,1,0,0
2024-07-11 11:00:00,10,12,9,1572,0,18.6,10.6,0.0,0,0,0,0,1,0,0,1,0,0
2024-07-02 12:00:00,9,13,9,2429,0,18.1,8.4,1.5,0,0,0,0,0,1,0,1,0,0
2024-07-08 20:00:00,7,21,7,211,0,16.9,7.0,0.0,0,1,0,0,0,0,0,1,0,0
2024-07-05 08:00:00,6,9,7,576,0,15.2,6.8,3.2,1,0,0,0,0,0,0,1,0,0
2024-07-07 18:00:00,6,19,7,253,0,19.4,8.4,2.8,0,0,0,1,0,0,0,1,0,0
2024-07-07 20:00:00,7,21,9,160,0,19.4,8.4,2.8,0,0,0,1,0,0,0,1,0,0
2024-07-25 09:00:00,7,10,9,852,0,19.8,12.4,0.0,0,0,0,0,1,0,0,1,0,0
2024-07-01 19:00:00,3,20,7,366,0,16.7,8.5,1.0,0,1,0,0,0,0,0,1,0,90
2024-07-25 08:00:00,5,9,9,528,0,19.8,12.4,0.0,0,0,0,0,1,0,0,1,0,0
2024-07-01 18:00:00,4,19,9,495,0,16.7,8.5,1.0,0,1,0,0,0,0,0,1,0,90
2024-07-04 15:00:00,8,16,8,1817,0,17.5,6.9,0.0,0,0,0,0,1,0,0,1,0,0
2024-07-02 19:00:00,8,20,8,250,0,18.1,8.4,1.5,0,0,0,0,0,1,0,1,0,0
2024-07-23 20:00:00,7,21,8,210,0,20.1,12.5,0.2,0,0,0,0,0,1,0,1,0,0
2024-07-16 13:00:00,6,14,8,1662,0,21.9,12.6,0.8,0,0,0,0,0,1,0,1,0,0
2024-07-12 12:00:00,5,13,8,2137,0,16.3,9.2,0.0,1,0,0,0,0,0,0,1,0,0
2024-07-03 21:00:00,5,22,8,172,0,16.2,8.1,0.6,0,0,0,0,0,0,1,1,0,0
2024-07-12 18:00:00,4,19,8,421,0,16.3,9.2,0.0,1,0,0,0,0,0,0,1,0,0
2024-07-07 09:00:00,2,10,8,206,0,19.4,8.4,2.8,0,0,0,1,0,0,0,1,0,0
2024-07-07 19:00:00,2,20,8,194,0,19.4,8.4,2.8,0,0,0,1,0,0,0,1,0,0
2024-07-26 19:00:00,76,20,6,647,0,20.9,9.0,0.0,1,0,0,0,0,0,0,1,0,0
2024-07-26 23:00:00,38,0,6,124,0,20.9,9.0,0.0,1,0,0,0,0,0,0,1,0,0
2024-07-01 21:00:00,36,22,6,308,0,16.7,8.5,1.0,0,1,0,0,0,0,0,1,0,90
2024-07-25 20:00:00,36,21,6,582,0,19.8,12.4,0.0,0,0,0,0,1,0,0,1,0,0
2024-07-03 10:00:00,15,11,6,1534,0,16.2,8.1,0.6,0,0,0,0,0,0,1,1,0,0
2024-07-06 17:00:00,8,18,6,1017,0,16.7,8.4,5.9,0,0,1,0,0,0,0,1,0,0
2024-07-09 21:00:00,52,22,5,371,0,16.7,10.8,2.6,0,0,0,0,0,1,0,1,0,0
2024-07-06 07:00:00,8,8,6,101,0,16.7,8.4,5.9,0,0,1,0,0,0,0,1,0,0
2024-07-28 23:00:00,45,0,5,76,0,20.3,5.5,0.0,0,0,0,1,0,0,0,1,0,0
2024-07-26 07:00:00,5,8,6,171,0,20.9,9.0,0.0,1,0,0,0,0,0,0,1,0,0
2024-07-13 18:00:00,4,19,6,381,0,18.5,5.5,0.4,0,0,1,0,0,0,0,1,0,0
2024-07-30 19:00:00,4,20,6,349,0,11.2,5.5,0.2,0,0,0,0,0,1,0,1,0,0
2024-07-01 13:00:00,3,14,6,2276,0,16.7,8.5,1.0,0,1,0,0,0,0,0,1,0,90
2024-07-03 07:00:00,33,8,5,299,0,16.2,8.1,0.6,0,0,0,0,0,0,1,1,0,0
2024-07-13 07:00:00,32,8,5,180,0,18.5,5.5,0.4,0,0,1,0,0,0,0,1,0,0
2024-07-13 08:00:00,31,9,5,510,0,18.5,5.5,0.4,0,0,1,0,0,0,0,1,0,0
2024-07-14 22:00:00,0,23,6,159,0,20.1,5.5,0.4,0,0,0,1,0,0,0,1,0,0
2024-07-27 07:00:00,21,8,5,162,0,22.0,5.5,0.0,0,0,1,0,0,0,0,1,0,0
2024-07-04 18:00:00,14,19,5,460,0,17.5,6.9,0.0,0,0,0,0,1,0,0,1,0,0
2024-07-10 07:00:00,11,8,5,178,0,16.6,11.2,1.1,0,0,0,0,0,0,1,1,0,0
2024-07-05 07:00:00,10,8,5,169,0,15.2,6.8,3.2,1,0,0,0,0,0,0,1,0,0
2024-07-02 18:00:00,9,19,5,436,0,18.1,8.4,1.5,0,0,0,0,0,1,0,1,0,0
2024-07-25 13:00:00,8,14,5,1498,0,19.8,12.4,0.0,0,0,0,0,1,0,0,1,0,0
2024-07-16 10:00:00,8,11,5,814,0,21.9,12.6,0.8,0,0,0,0,0,1,0,1,0,0
2024-07-08 07:00:00,7,8,5,274,0,16.9,7.0,0.0,0,1,0,0,0,0,0,1,0,0
2024-07-09 19:00:00,5,20,5,183,0,16.7,10.8,2.6,0,0,0,0,0,1,0,1,0,0
2024-07-06 22:00:00,0,23,5,151,0,16.7,8.4,5.9,0,0,1,0,0,0,0,1,0,0
2024-07-03 12:00:00,9,13,4,2048,0,16.2,8.1,0.6,0,0,0,0,0,0,1,1,0,0
2024-07-28 07:00:00,5,8,4,61,0,20.3,5.5,0.0,0,0,0,1,0,0,0,1,0,0
2024-07-04 19:00:00,4,20,4,343,0,17.5,6.9,0.0,0,0,0,0,1,0,0,1,0,0
2024-07-30 07:00:00,4,8,4,163,0,11.2,5.5,0.2,0,0,0,0,0,1,0,1,0,0
2024-07-31 07:00:00,4,8,4,146,0,22.9,7.9,0.3,0,0,0,0,0,0,1,1,0,0
2024-07-31 19:00:00,3,20,4,367,0,22.9,7.9,0.3,0,0,0,0,0,0,1,1,0,0
2024-07-02 21:00:00,2,22,4,143,0,18.1,8.4,1.5,0,0,0,0,0,1,0,1,0,0
2024-07-23 13:00:00,1,14,4,505,0,20.1,12.5,0.2,0,0,0,0,0,1,0,1,0,0
2024-07-13 00:00:00,117,1,4,215,0,18.5,5.5,0.4,0,0,1,0,0,0,0,1,0,0
2024-07-27 23:00:00,51,0,4,153,0,22.0,5.5,0.0,0,0,1,0,0,0,0,1,0,0
2024-07-28 20:00:00,47,21,4,694,0,20.3,5.5,0.0,0,0,0,1,0,0,0,1,0,0
2024-07-29 21:00:00,39,22,4,288,0,21.6,5.5,0.0,0,1,0,0,0,0,0,1,0,0
2024-07-14 20:00:00,35,21,4,309,0,20.1,5.5,0.4,0,0,0,1,0,0,0,1,0,0
2024-07-05 20:00:00,85,21,3,509,0,15.2,6.8,3.2,1,0,0,0,0,0,0,1,0,0
2024-07-05 23:00:00,83,0,3,148,0,15.2,6.8,3.2,1,0,0,0,0,0,0,1,0,0
2024-07-28 21:00:00,27,22,4,362,0,20.3,5.5,0.0,0,0,0,1,0,0,0,1,0,0
2024-07-13 19:00:00,56,20,3,544,0,18.5,5.5,0.4,0,0,1,0,0,0,0,1,0,0
2024-07-08 22:00:00,44,23,3,243,0,16.9,7.0,0.0,0,1,0,0,0,0,0,1,0,0
2024-07-29 22:00:00,40,23,3,353,0,21.6,5.5,0.0,0,1,0,0,0,0,0,1,0,0
2024-07-29 06:00:00,38,7,3,117,0,21.6,5.5,0.0,0,1,0,0,0,0,0,1,0,0
2024-07-14 21:00:00,36,22,3,277,0,20.1,5.5,0.4,0,0,0,1,0,0,0,1,0,0
2024-07-27 03:00:00,29,4,3,21,0,22.0,5.5,0.0,0,0,1,0,0,0,0,1,0,0
2024-07-30 06:00:00,25,7,4,102,0,11.2,5.5,0.2,0,0,0,0,0,1,0,1,0,0
2024-07-14 08:00:00,23,9,4,171,0,20.1,5.5,0.4,0,0,0,1,0,0,0,1,0,0
2024-07-30 05:00:00,21,6,4,59,0,11.2,5.5,0.2,0,0,0,0,0,1,0,1,0,0
2024-07-12 07:00:00,15,8,4,207,0,16.3,9.2,0.0,1,0,0,0,0,0,0,1,0,0
2024-07-14 06:00:00,13,7,4,51,0,20.1,5.5,0.4,0,0,0,1,0,0,0,1,0,0
2024-07-16 12:00:00,9,13,3,1626,0,21.9,12.6,0.8,0,0,0,0,0,1,0,1,0,0
2024-07-26 00:00:00,33,1,2,70,0,20.9,9.0,0.0,1,0,0,0,0,0,0,1,0,0
2024-07-03 20:00:00,23,21,3,417,0,16.2,8.1,0.6,0,0,0,0,0,0,1,1,0,0
2024-07-27 08:00:00,20,9,3,374,0,22.0,5.5,0.0,0,0,1,0,0,0,0,1,0,0
2024-07-10 14:00:00,15,15,3,1576,0,16.6,11.2,1.1,0,0,0,0,0,0,1,1,0,0
2024-07-12 01:00:00,14,2,3,39,0,16.3,9.2,0.0,1,0,0,0,0,0,0,1,0,0
2024-07-12 20:00:00,13,21,3,348,0,16.3,9.2,0.0,1,0,0,0,0,0,0,1,0,0
2024-07-16 11:00:00,12,12,3,1059,0,21.9,12.6,0.8,0,0,0,0,0,1,0,1,0,0
2024-07-28 08:00:00,11,9,3,128,0,20.3,5.5,0.0,0,0,0,1,0,0,0,1,0,0
2024-07-24 22:00:00,11,23,3,147,0,18.9,12.5,0.8,0,0,0,0,0,0,1,1,0,0
2024-07-01 20:00:00,10,21,3,191,0,16.7,8.5,1.0,0,1,0,0,0,0,0,1,0,90
2024-07-06 19:00:00,13,20,2,187,0,16.7,8.4,5.9,0,0,1,0,0,0,0,1,0,0
2024-07-29 23:00:00,33,0,2,56,0,21.6,5.5,0.0,0,1,0,0,0,0,0,1,0,0
2024-07-15 06:00:00,31,7,2,130,0,19.2,10.6,0.0,0,1,0,0,0,0,0,1,0,0
2024-07-23 22:00:00,30,23,2,315,0,20.1,12.5,0.2,0,0,0,0,0,1,0,1,0,0
2024-07-06 06:00:00,19,7,2,44,0,16.7,8.4,5.9,0,0,1,0,0,0,0,1,0,0
2024-07-11 06:00:00,17,7,2,71,0,18.6,10.6,0.0,0,0,0,0,1,0,0,1,0,0
2024-07-14 04:00:00,16,5,2,17,0,20.1,5.5,0.4,0,0,0,1,0,0,0,1,0,0
2024-07-11 05:00:00,15,6,2,27,0,18.6,10.6,0.0,0,0,0,0,1,0,0,1,0,0
2024-07-12 22:00:00,83,23,2,308,0,16.3,9.2,0.0,1,0,0,0,0,0,0,1,0,0
2024-07-04 20:00:00,7,21,3,204,0,17.5,6.9,0.0,0,0,0,0,1,0,0,1,0,0
2024-07-03 06:00:00,13,7,2,101,0,16.2,8.1,0.6,0,0,0,0,0,0,1,1,0,0
2024-07-13 22:00:00,81,23,2,503,0,18.5,5.5,0.4,0,0,1,0,0,0,0,1,0,0
2024-07-06 21:00:00,12,22,2,169,0,16.7,8.4,5.9,0,0,1,0,0,0,0,1,0,0
2024-07-03 13:00:00,6,14,3,2235,0,16.2,8.1,0.6,0,0,0,0,0,0,1,1,0,0
2024-07-13 23:00:00,115,0,2,163,0,18.5,5.5,0.4,0,0,1,0,0,0,0,1,0,0
2024-07-12 21:00:00,74,22,2,550,0,16.3,9.2,0.0,1,0,0,0,0,0,0,1,0,0
2024-07-27 06:00:00,12,7,2,47,0,22.0,5.5,0.0,0,0,1,0,0,0,0,1,0,0
2024-07-01 07:00:00,5,8,3,164,0,16.7,8.5,1.0,0,1,0,0,0,0,0,1,0,90
2024-07-07 07:00:00,5,8,3,66,0,19.4,8.4,2.8,0,0,0,1,0,0,0,1,0,0
2024-07-12 06:00:00,4,7,3,44,0,16.3,9.2,0.0,1,0,0,0,0,0,0,1,0,0
2024-07-25 19:00:00,4,20,3,774,0,19.8,12.4,0.0,0,0,0,0,1,0,0,1,0,0
2024-07-16 06:00:00,4,7,3,42,0,21.9,12.6,0.8,0,0,0,0,0,1,0,1,0,0
2024-07-31 22:00:00,3,23,3,156,0,22.9,7.9,0.3,0,0,0,0,0,0,1,1,0,0
2024-07-15 23:00:00,2,0,3,26,0,19.2,10.6,0.0,0,1,0,0,0,0,0,1,0,0
2024-07-28 06:00:00,2,7,3,36,0,20.3,5.5,0.0,0,0,0,1,0,0,0,1,0,0
2024-07-31 06:00:00,2,7,3,56,0,22.9,7.9,0.3,0,0,0,0,0,0,1,1,0,0
2024-07-25 06:00:00,0,7,3,46,0,19.8,12.4,0.0,0,0,0,0,1,0,0,1,0,0
2024-07-23 23:00:00,12,0,2,76,0,20.1,12.5,0.2,0,0,0,0,0,1,0,1,0,0
2024-07-05 22:00:00,66,23,2,377,0,15.2,6.8,3.2,1,0,0,0,0,0,0,1,0,0
2024-07-02 07:00:00,11,8,2,227,0,18.1,8.4,1.5,0,0,0,0,0,1,0,1,0,0
2024-07-08 06:00:00,10,7,2,83,0,16.9,7.0,0.0,0,1,0,0,0,0,0,1,0,0
2024-07-15 22:00:00,9,23,2,234,0,19.2,10.6,0.0,0,1,0,0,0,0,0,1,0,0
2024-07-26 06:00:00,7,7,2,52,0,20.9,9.0,0.0,1,0,0,0,0,0,0,1,0,0
2024-07-06 12:00:00,7,13,2,2902,0,16.7,8.4,5.9,0,0,1,0,0,0,0,1,0,0
2024-07-31 20:00:00,7,21,2,254,0,22.9,7.9,0.3,0,0,0,0,0,0,1,1,0,0
2024-07-12 05:00:00,5,6,2,32,0,16.3,9.2,0.0,1,0,0,0,0,0,0,1,0,0
2024-07-07 08:00:00,5,9,2,118,0,19.4,8.4,2.8,0,0,0,1,0,0,0,1,0,0
2024-07-25 07:00:00,5,8,2,136,0,19.8,12.4,0.0,0,0,0,0,1,0,0,1,0,0
2024-07-31 21:00:00,5,22,2,151,0,22.9,7.9,0.3,0,0,0,0,0,0,1,1,0,0
2024-07-26 21:00:00,56,22,2,356,0,20.9,9.0,0.0,1,0,0,0,0,0,0,1,0,0
2024-07-15 00:00:00,44,1,2,87,0,19.2,10.6,0.0,0,1,0,0,0,0,0,1,0,0
2024-07-12 00:00:00,37,1,2,77,0,16.3,9.2,0.0,1,0,0,0,0,0,0,1,0,0
2024-07-28 22:00:00,36,23,2,295,0,20.3,5.5,0.0,0,0,0,1,0,0,0,1,0,0
2024-07-10 23:00:00,36,0,2,95,0,16.6,11.2,1.1,0,0,0,0,0,0,1,1,0,0
2024-07-27 00:00:00,34,1,2,78,0,22.0,5.5,0.0,0,0,1,0,0,0,0,1,0,0
2024-07-24 06:00:00,34,7,1,108,0,18.9,12.5,0.8,0,0,0,0,0,0,1,1,0,0
2024-07-12 23:00:00,94,0,1,150,0,16.3,9.2,0.0,1,0,0,0,0,0,0,1,0,0
2024-07-10 22:00:00,31,23,1,346,0,16.6,11.2,1.1,0,0,0,0,0,0,1,1,0,0
2024-07-06 00:00:00,89,1,1,80,0,16.7,8.4,5.9,0,0,1,0,0,0,0,1,0,0
2024-07-27 02:00:00,28,3,1,18,0,22.0,5.5,0.0,0,0,1,0,0,0,0,1,0,0
2024-07-14 03:00:00,62,4,1,54,0,20.1,5.5,0.4,0,0,0,1,0,0,0,1,0,0
2024-07-01 02:00:00,18,3,1,28,0,16.7,8.5,1.0,0,1,0,0,0,0,0,1,0,90
2024-07-15 03:00:00,26,4,1,11,0,19.2,10.6,0.0,0,1,0,0,0,0,0,1,0,0
2024-07-15 05:00:00,17,6,1,58,0,19.2,10.6,0.0,0,1,0,0,0,0,0,1,0,0
2024-07-14 00:00:00,87,1,1,126,0,20.1,5.5,0.4,0,0,0,1,0,0,0,1,0,0
2024-07-07 22:00:00,3,23,2,74,0,19.4,8.4,2.8,0,0,0,1,0,0,0,1,0,0
2024-07-09 22:00:00,59,23,1,278,0,16.7,10.8,2.6,0,0,0,0,0,1,0,1,0,0
2024-07-11 22:00:00,24,23,1,194,0,18.6,10.6,0.0,0,0,0,0,1,0,0,1,0,0
2024-07-28 00:00:00,22,1,1,98,0,20.3,5.5,0.0,0,0,0,1,0,0,0,1,0,0
2024-07-09 02:00:00,22,3,1,16,0,16.7,10.8,2.6,0,0,0,0,0,1,0,1,0,0
2024-07-13 05:00:00,21,6,1,54,0,18.5,5.5,0.4,0,0,1,0,0,0,0,1,0,0
2024-07-01 22:00:00,20,23,1,213,0,16.7,8.5,1.0,0,1,0,0,0,0,0,1,0,90
2024-07-13 06:00:00,20,7,1,97,0,18.5,5.5,0.4,0,0,1,0,0,0,0,1,0,0
2024-07-24 01:00:00,19,2,1,33,0,18.9,12.5,0.8,0,0,0,0,0,0,1,1,0,0
2024-07-25 23:00:00,58,0,1,112,0,19.8,12.4,0.0,0,0,0,0,1,0,0,1,0,0
2024-07-10 06:00:00,3,7,2,65,0,16.6,11.2,1.1,0,0,0,0,0,0,1,1,0,0
2024-07-26 05:00:00,2,6,2,13,0,20.9,9.0,0.0,1,0,0,0,0,0,0,1,0,0
2024-07-13 02:00:00,84,3,1,65,0,18.5,5.5,0.4,0,0,1,0,0,0,0,1,0,0
2024-07-24 05:00:00,16,6,1,49,0,18.9,12.5,0.8,0,0,0,0,0,0,1,1,0,0
2024-07-25 22:00:00,49,23,1,332,0,19.8,12.4,0.0,0,0,0,0,1,0,0,1,0,0
2024-07-07 04:00:00,1,5,2,31,0,19.4,8.4,2.8,0,0,0,1,0,0,0,1,0,0
2024-07-03 23:00:00,1,0,2,63,0,16.2,8.1,0.6,0,0,0,0,0,0,1,1,0,0
2024-07-31 01:00:00,0,2,2,18,0,22.9,7.9,0.3,0,0,0,0,0,0,1,1,0,0
2024-07-24 04:00:00,14,5,1,24,0,18.9,12.5,0.8,0,0,0,0,0,0,1,1,0,0
2024-07-09 01:00:00,13,2,1,22,0,16.7,10.8,2.6,0,0,0,0,0,1,0,1,0,0
2024-07-05 01:00:00,12,2,1,24,0,15.2,6.8,3.2,1,0,0,0,0,0,0,1,0,0
2024-07-05 02:00:00,11,3,1,15,0,15.2,6.8,3.2,1,0,0,0,0,0,0,1,0,0
2024-07-27 05:00:00,11,6,1,14,0,22.0,5.5,0.0,0,0,1,0,0,0,0,1,0,0
2024-07-09 03:00:00,11,4,1,6,0,16.7,10.8,2.6,0,0,0,0,0,1,0,1,0,0
2024-07-01 23:00:00,9,0,1,43,0,16.7,8.5,1.0,0,1,0,0,0,0,0,1,0,90
2024-07-13 21:00:00,73,22,1,565,0,18.5,5.5,0.4,0,0,1,0,0,0,0,1,0,0
2024-07-11 23:00:00,45,0,1,110,0,18.6,10.6,0.0,0,0,0,0,1,0,0,1,0,0
2024-07-27 01:00:00,37,2,1,25,0,22.0,5.5,0.0,0,0,1,0,0,0,0,1,0,0
2024-07-06 11:00:00,9,12,1,2645,0,16.7,8.4,5.9,0,0,1,0,0,0,0,1,0,0
2024-07-14 05:00:00,8,6,1,17,0,20.1,5.5,0.4,0,0,0,1,0,0,0,1,0,0
2024-07-03 04:00:00,8,5,1,13,0,16.2,8.1,0.6,0,0,0,0,0,0,1,1,0,0
2024-07-05 04:00:00,7,5,1,19,0,15.2,6.8,3.2,1,0,0,0,0,0,0,1,0,0
2024-07-07 05:00:00,2,6,1,24,0,19.4,8.4,2.8,0,0,0,1,0,0,0,1,0,0
2024-07-01 06:00:00,4,7,1,48,0,16.7,8.5,1.0,0,1,0,0,0,0,0,1,0,90
2024-07-30 21:00:00,4,22,1,196,0,11.2,5.5,0.2,0,0,0,0,0,1,0,1,0,0
2024-07-09 06:00:00,4,7,1,57,0,16.7,10.8,2.6,0,0,0,0,0,1,0,1,0,0
2024-07-06 02:00:00,69,3,0,57,0,16.7,8.4,5.9,0,0,1,0,0,0,0,1,0,0
2024-07-04 21:00:00,2,22,1,157,0,17.5,6.9,0.0,0,0,0,0,1,0,0,1,0,0
2024-07-04 03:00:00,2,4,1,7,0,17.5,6.9,0.0,0,0,0,0,1,0,0,1,0,0
2024-07-16 00:00:00,2,1,1,20,0,21.9,12.6,0.8,0,0,0,0,0,1,0,1,0,0
2024-07-31 05:00:00,2,6,1,25,0,22.9,7.9,0.3,0,0,0,0,0,0,1,1,0,0
2024-07-26 02:00:00,1,3,1,9,0,20.9,9.0,0.0,1,0,0,0,0,0,0,1,0,0
2024-07-01 05:00:00,1,6,1,27,0,16.7,8.5,1.0,0,1,0,0,0,0,0,1,0,90
2024-07-06 23:00:00,1,0,1,108,0,16.7,8.4,5.9,0,0,1,0,0,0,0,1,0,0
2024-07-07 23:00:00,1,0,1,66,0,19.4,8.4,2.8,0,0,0,1,0,0,0,1,0,0
2024-07-30 22:00:00,1,23,1,113,0,11.2,5.5,0.2,0,0,0,0,0,1,0,1,0,0
2024-07-30 23:00:00,1,0,1,61,0,11.2,5.5,0.2,0,0,0,0,0,1,0,1,0,0
2024-07-02 23:00:00,1,0,1,50,0,18.1,8.4,1.5,0,0,0,0,0,1,0,1,0,0
2024-07-05 00:00:00,0,1,1,21,0,15.2,6.8,3.2,1,0,0,0,0,0,0,1,0,0
2024-07-08 00:00:00,0,1,1,40,0,16.9,7.0,0.0,0,1,0,0,0,0,0,1,0,0
2024-07-07 06:00:00,0,7,1,30,0,19.4,8.4,2.8,0,0,0,1,0,0,0,1,0,0
2024-07-04 05:00:00,0,6,1,27,0,17.5,6.9,0.0,0,0,0,0,1,0,0,1,0,0
2024-07-03 00:00:00,0,1,1,33,0,16.2,8.1,0.6,0,0,0,0,0,0,1,1,0,0
2024-07-13 01:00:00,88,2,0,116,0,18.5,5.5,0.4,0,0,1,0,0,0,0,1,0,0
2024-07-13 03:00:00,65,4,0,75,0,18.5,5.5,0.4,0,0,1,0,0,0,0,1,0,0
2024-07-06 03:00:00,52,4,0,18,0,16.7,8.4,5.9,0,0,1,0,0,0,0,1,0,0
2024-07-14 23:00:00,51,0,0,109,0,20.1,5.5,0.4,0,0,0,1,0,0,0,1,0,0
2024-07-06 01:00:00,73,2,0,73,0,16.7,8.4,5.9,0,0,1,0,0,0,0,1,0,0
2024-07-14 02:00:00,96,3,0,58,0,20.1,5.5,0.4,0,0,0,1,0,0,0,1,0,0
2024-07-14 01:00:00,94,2,0,97,0,20.1,5.5,0.4,0,0,0,1,0,0,0,1,0,0
2024-07-05 06:00:00,8,7,0,74,0,15.2,6.8,3.2,1,0,0,0,0,0,0,1,0,0
2024-07-01 01:00:00,31,2,0,38,0,16.7,8.5,1.0,0,1,0,0,0,0,0,1,0,90
2024-07-09 23:00:00,29,0,0,42,0,16.7,10.8,2.6,0,0,0,0,0,1,0,1,0,0
2024-07-05 05:00:00,7,6,0,58,0,15.2,6.8,3.2,1,0,0,0,0,0,0,1,0,0
2024-07-29 05:00:00,28,6,0,80,0,21.6,5.5,0.0,0,1,0,0,0,0,0,1,0,0
2024-07-02 03:00:00,3,4,0,27,0,18.1,8.4,1.5,0,0,0,0,0,1,0,1,0,0
2024-07-09 00:00:00,28,1,0,48,0,16.7,10.8,2.6,0,0,0,0,0,1,0,1,0,0
2024-07-28 01:00:00,7,2,0,74,0,20.3,5.5,0.0,0,0,0,1,0,0,0,1,0,0
2024-07-30 01:00:00,21,2,0,29,0,11.2,5.5,0.2,0,0,0,0,0,1,0,1,0,0
2024-07-28 03:00:00,7,4,0,52,0,20.3,5.5,0.0,0,0,0,1,0,0,0,1,0,0
2024-07-03 22:00:00,3,23,0,138,0,16.2,8.1,0.6,0,0,0,0,0,0,1,1,0,0
2024-07-07 02:00:00,7,3,0,42,0,19.4,8.4,2.8,0,0,0,1,0,0,0,1,0,0
2024-07-31 02:00:00,3,3,0,13,0,22.9,7.9,0.3,0,0,0,0,0,0,1,1,0,0
2024-07-03 05:00:00,15,6,0,57,0,16.2,8.1,0.6,0,0,0,0,0,0,1,1,0,0
2024-07-11 00:00:00,26,1,0,48,0,18.6,10.6,0.0,0,0,0,0,1,0,0,1,0,0
2024-07-29 01:00:00,25,2,0,24,0,21.6,5.5,0.0,0,1,0,0,0,0,0,1,0,0
2024-07-30 00:00:00,24,1,0,57,0,11.2,5.5,0.2,0,0,0,0,0,1,0,1,0,0
2024-07-24 00:00:00,24,1,0,53,0,18.9,12.5,0.8,0,0,0,0,0,0,1,1,0,0
2024-07-29 03:00:00,23,4,0,16,0,21.6,5.5,0.0,0,1,0,0,0,0,0,1,0,0
2024-07-03 01:00:00,3,2,0,12,0,16.2,8.1,0.6,0,0,0,0,0,0,1,1,0,0
2024-07-15 01:00:00,41,2,0,24,0,19.2,10.6,0.0,0,1,0,0,0,0,0,1,0,0
2024-07-31 04:00:00,3,5,0,12,0,22.9,7.9,0.3,0,0,0,0,0,0,1,1,0,0
2024-07-04 06:00:00,7,7,0,62,0,17.5,6.9,0.0,0,0,0,0,1,0,0,1,0,0
2024-07-11 03:00:00,7,4,0,3,0,18.6,10.6,0.0,0,0,0,0,1,0,0,1,0,0
2024-07-07 01:00:00,5,2,0,95,0,19.4,8.4,2.8,0,0,0,1,0,0,0,1,0,0
2024-07-12 04:00:00,2,5,0,7,0,16.3,9.2,0.0,1,0,0,0,0,0,0,1,0,0
2024-07-04 22:00:00,1,23,0,103,0,17.5,6.9,0.0,0,0,0,0,1,0,0,1,0,0
2024-07-04 02:00:00,1,3,0,20,0,17.5,6.9,0.0,0,0,0,0,1,0,0,1,0,0
2024-07-09 04:00:00,7,5,0,11,0,16.7,10.8,2.6,0,0,0,0,0,1,0,1,0,0
2024-07-16 05:00:00,5,6,0,26,0,21.9,12.6,0.8,0,0,0,0,0,1,0,1,0,0
2024-07-28 04:00:00,4,5,0,20,0,20.3,5.5,0.0,0,0,0,1,0,0,0,1,0,0
2024-07-28 05:00:00,4,6,0,15,0,20.3,5.5,0.0,0,0,0,1,0,0,0,1,0,0
2024-07-24 23:00:00,4,0,0,51,0,18.9,12.5,0.8,0,0,0,0,0,0,1,1,0,0
2024-07-05 03:00:00,3,4,0,10,0,15.2,6.8,3.2,1,0,0,0,0,0,0,1,0,0
2024-07-08 03:00:00,3,4,0,13,0,16.9,7.0,0.0,0,1,0,0,0,0,0,1,0,0
2024-07-04 04:00:00,3,5,0,11,0,17.5,6.9,0.0,0,0,0,0,1,0,0,1,0,0
2024-07-16 04:00:00,7,5,0,7,0,21.9,12.6,0.8,0,0,0,0,0,1,0,1,0,0
2024-07-04 01:00:00,1,2,0,18,0,17.5,6.9,0.0,0,0,0,0,1,0,0,1,0,0
2024-07-14 07:00:00,20,8,0,88,0,20.1,5.5,0.4,0,0,0,1,0,0,0,1,0,0
2024-07-01 04:00:00,2,5,0,12,0,16.7,8.5,1.0,0,1,0,0,0,0,0,1,0,90
2024-07-25 00:00:00,1,1,0,15,0,19.8,12.4,0.0,0,0,0,0,1,0,0,1,0,0
2024-07-30 02:00:00,20,3,0,21,0,11.2,5.5,0.2,0,0,0,0,0,1,0,1,0,0
2024-07-25 01:00:00,1,2,0,14,0,19.8,12.4,0.0,0,0,0,0,1,0,0,1,0,0
2024-07-02 05:00:00,1,6,0,22,0,18.1,8.4,1.5,0,0,0,0,0,1,0,1,0,0
2024-07-10 05:00:00,1,6,0,28,0,16.6,11.2,1.1,0,0,0,0,0,0,1,1,0,0
2024-07-11 04:00:00,2,5,0,11,0,18.6,10.6,0.0,0,0,0,0,1,0,0,1,0,0
2024-07-15 02:00:00,39,3,0,42,0,19.2,10.6,0.0,0,1,0,0,0,0,0,1,0,0
2024-07-25 04:00:00,2,5,0,9,0,19.8,12.4,0.0,0,0,0,0,1,0,0,1,0,0
2024-07-10 02:00:00,1,3,0,6,0,16.6,11.2,1.1,0,0,0,0,0,0,1,1,0,0
2024-07-03 03:00:00,1,4,0,5,0,16.2,8.1,0.6,0,0,0,0,0,0,1,1,0,0
2024-07-12 03:00:00,0,4,0,20,0,16.3,9.2,0.0,1,0,0,0,0,0,0,1,0,0
2024-07-26 03:00:00,0,4,0,5,0,20.9,9.0,0.0,1,0,0,0,0,0,0,1,0,0
2024-07-08 01:00:00,0,2,0,17,0,16.9,7.0,0.0,0,1,0,0,0,0,0,1,0,0
2024-07-25 14:00:00,0,15,0,526,0,19.8,12.4,0.0,0,0,0,0,1,0,0,1,0,0
2024-07-04 23:00:00,0,0,0,45,0,17.5,6.9,0.0,0,0,0,0,1,0,0,1,0,0
2024-07-04 00:00:00,0,1,0,41,0,17.5,6.9,0.0,0,0,0,0,1,0,0,1,0,0
2024-07-25 05:00:00,0,6,0,14,0,19.8,12.4,0.0,0,0,0,0,1,0,0,1,0,0
2024-07-25 02:00:00,0,3,0,13,0,19.8,12.4,0.0,0,0,0,0,1,0,0,1,0,0
2024-07-25 03:00:00,0,4,0,11,0,19.8,12.4,0.0,0,0,0,0,1,0,0,1,0,0
2024-07-02 06:00:00,0,7,0,58,0,18.1,8.4,1.5,0,0,0,0,0,1,0,1,0,0
2024-07-31 23:00:00,0,0,0,72,0,22.9,7.9,0.3,0,0,0,0,0,0,1,1,0,0
2024-07-31 00:00:00,0,1,0,40,0,22.9,7.9,0.3,0,0,0,0,0,0,1,1,0,0
2024-07-07 00:00:00,6,1,0,78,0,19.4,8.4,2.8,0,0,0,1,0,0,0,1,0,0
2024-07-02 01:00:00,6,2,0,26,0,18.1,8.4,1.5,0,0,0,0,0,1,0,1,0,0
2024-07-02 22:00:00,2,23,0,95,0,18.1,8.4,1.5,0,0,0,0,0,1,0,1,0,0
2024-07-09 05:00:00,2,6,0,26,0,16.7,10.8,2.6,0,0,0,0,0,1,0,1,0,0
2024-07-02 04:00:00,2,5,0,14,0,18.1,8.4,1.5,0,0,0,0,0,1,0,1,0,0
2024-07-24 03:00:00,6,4,0,13,0,18.9,12.5,0.8,0,0,0,0,0,0,1,1,0,0
2024-07-16 01:00:00,2,2,0,13,0,21.9,12.6,0.8,0,0,0,0,0,1,0,1,0,0
2024-07-02 02:00:00,2,3,0,6,0,18.1,8.4,1.5,0,0,0,0,0,1,0,1,0,0
2024-07-03 02:00:00,2,3,0,6,0,16.2,8.1,0.6,0,0,0,0,0,0,1,1,0,0
2024-07-10 04:00:00,2,5,0,6,0,16.6,11.2,1.1,0,0,0,0,0,0,1,1,0,0
2024-07-12 02:00:00,1,3,0,13,0,16.3,9.2,0.0,1,0,0,0,0,0,0,1,0,0
2024-07-26 01:00:00,1,2,0,13,0,20.9,9.0,0.0,1,0,0,0,0,0,0,1,0,0
2024-07-29 04:00:00,16,5,0,19,0,21.6,5.5,0.0,0,1,0,0,0,0,0,1,0,0
2024-07-26 04:00:00,1,5,0,4,0,20.9,9.0,0.0,1,0,0,0,0,0,0,1,0,0
2024-07-08 23:00:00,36,0,0,68,0,16.9,7.0,0.0,0,1,0,0,0,0,0,1,0,0
2024-07-01 00:00:00,36,1,0,50,0,16.7,8.5,1.0,0,1,0,0,0,0,0,1,0,90
2024-07-08 05:00:00,1,6,0,32,0,16.9,7.0,0.0,0,1,0,0,0,0,0,1,0,0
2024-07-08 02:00:00,1,3,0,20,0,16.9,7.0,0.0,0,1,0,0,0,0,0,1,0,0
2024-07-08 04:00:00,1,5,0,12,0,16.9,7.0,0.0,0,1,0,0,0,0,0,1,0,0
2024-07-01 03:00:00,1,4,0,2,0,16.7,8.5,1.0,0,1,0,0,0,0,0,1,0,90
2024-07-29 02:00:00,35,3,0,31,0,21.6,5.5,0.0,0,1,0,0,0,0,0,1,0,0
2024-07-06 05:00:00,14,6,0,32,0,16.7,8.4,5.9,0,0,1,0,0,0,0,1,0,0
2024-07-28 02:00:00,14,3,0,37,0,20.3,5.5,0.0,0,0,0,1,0,0,0,1,0,0
2024-07-30 04:00:00,13,5,0,25,0,11.2,5.5,0.2,0,0,0,0,0,1,0,1,0,0
2024-07-02 00:00:00,12,1,0,22,0,18.1,8.4,1.5,0,0,0,0,0,1,0,1,0,0
2024-07-16 03:00:00,12,4,0,2,0,21.9,12.6,0.8,0,0,0,0,0,1,0,1,0,0
2024-07-15 04:00:00,11,5,0,36,0,19.2,10.6,0.0,0,1,0,0,0,0,0,1,0,0
2024-07-06 04:00:00,11,5,0,34,0,16.7,8.4,5.9,0,0,1,0,0,0,0,1,0,0
2024-07-27 04:00:00,10,5,0,27,0,22.0,5.5,0.0,0,0,1,0,0,0,0,1,0,0
2024-07-07 03:00:00,10,4,0,50,0,19.4,8.4,2.8,0,0,0,1,0,0,0,1,0,0
2024-07-16 02:00:00,10,3,0,5,0,21.9,12.6,0.8,0,0,0,0,0,1,0,1,0,0
2024-07-30 03:00:00,9,4,0,9,0,11.2,5.5,0.2,0,0,0,0,0,1,0,1,0,0
2024-07-29 00:00:00,34,1,0,91,0,21.6,5.5,0.0,0,1,0,0,0,0,0,1,0,0
2024-07-11 01:00:00,33,2,0,46,0,18.6,10.6,0.0,0,0,0,0,1,0,0,1,0,0
2024-07-11 02:00:00,32,3,0,37,0,18.6,10.6,0.0,0,0,0,0,1,0,0,1,0,0
2024-07-24 02:00:00,32,3,0,23,0,18.9,12.5,0.8,0,0,0,0,0,0,1,1,0,0
2024-07-10 00:00:00,0,1,0,30,0,16.6,11.2,1.1,0,0,0,0,0,0,1,1,0,0
2024-07-10 01:00:00,0,2,0,18,0,16.6,11.2,1.1,0,0,0,0,0,0,1,1,0,0
2024-07-10 03:00:00,0,4,0,6,0,16.6,11.2,1.1,0,0,0,0,0,0,1,1,0,0
2024-07-31 03:00:00,0,4,0,3,0,22.9,7.9,0.3,0,0,0,0,0,0,1,1,0,0
2023-08-13 22:00:00,55,23,0,239,0,19.7,13.4,1.1,0,0,0,1,0,0,0,1,0,0
2023-08-01 13:00:00,16,14,28,3351,0,17.8,13.1,0.0,0,0,0,0,0,1,0,1,0,0
2023-08-13 23:00:00,54,0,0,81,0,19.7,13.4,1.1,0,0,0,1,0,0,0,1,0,0
2023-08-01 10:00:00,22,11,20,2179,0,17.8,13.1,0.0,0,0,0,0,0,1,0,1,0,0
2023-08-13 04:00:00,38,5,0,21,0,19.7,13.4,1.1,0,0,0,1,0,0,0,1,0,0
2023-08-01 14:00:00,12,15,18,3313,0,17.8,13.1,0.0,0,0,0,0,0,1,0,1,0,0
2023-08-01 15:00:00,10,16,17,2811,0,17.8,13.1,0.0,0,0,0,0,0,1,0,1,0,0
2023-08-13 06:00:00,12,7,0,45,0,19.7,13.4,1.1,0,0,0,1,0,0,0,1,0,0
2023-08-14 17:00:00,3,18,26,1563,0,20.6,13.5,0.0,0,1,0,0,0,0,0,1,0,0
2023-08-01 16:00:00,16,17,14,2207,0,17.8,13.1,0.0,0,0,0,0,0,1,0,1,0,0
2023-08-01 17:00:00,10,18,14,1416,0,17.8,13.1,0.0,0,0,0,0,0,1,0,1,0,0
2023-08-14 15:00:00,32,16,22,2264,0,20.6,13.5,0.0,0,1,0,0,0,0,0,1,0,0
2023-08-14 18:00:00,8,19,22,612,0,20.6,13.5,0.0,0,1,0,0,0,0,0,1,0,0
2023-08-01 12:00:00,19,13,13,3349,0,17.8,13.1,0.0,0,0,0,0,0,1,0,1,0,0
2023-08-01 18:00:00,3,19,13,573,0,17.8,13.1,0.0,0,0,0,0,0,1,0,1,0,0
2023-08-14 08:00:00,58,9,18,615,0,20.6,13.5,0.0,0,1,0,0,0,0,0,1,0,0
2023-08-14 14:00:00,40,15,15,3183,0,20.6,13.5,0.0,0,1,0,0,0,0,0,1,0,0
2023-08-01 11:00:00,10,12,12,3143,0,17.8,13.1,0.0,0,0,0,0,0,1,0,1,0,0
2023-08-01 09:00:00,25,10,9,1236,0,17.8,13.1,0.0,0,0,0,0,0,1,0,1,0,0
2023-08-14 10:00:00,68,11,13,2561,0,20.6,13.5,0.0,0,1,0,0,0,0,0,1,0,0
2023-08-14 19:00:00,4,20,13,376,0,20.6,13.5,0.0,0,1,0,0,0,0,0,1,0,0
2023-08-01 20:00:00,10,21,7,272,0,17.8,13.1,0.0,0,0,0,0,0,1,0,1,0,0
2023-08-01 06:00:00,15,7,4,164,0,17.8,13.1,0.0,0,0,0,0,0,1,0,1,0,0
2023-08-14 20:00:00,28,21,10,442,0,20.6,13.5,0.0,0,1,0,0,0,0,0,1,0,0
2023-08-14 11:00:00,48,12,9,2617,0,20.6,13.5,0.0,0,1,0,0,0,0,0,1,0,0
2023-08-01 19:00:00,10,20,4,341,0,17.8,13.1,0.0,0,0,0,0,0,1,0,1,0,0
2023-08-01 07:00:00,12,8,3,173,0,17.8,13.1,0.0,0,0,0,0,0,1,0,1,0,0
2023-08-14 07:00:00,78,8,8,340,0,20.6,13.5,0.0,0,1,0,0,0,0,0,1,0,0
2023-08-14 13:00:00,36,14,6,3279,0,20.6,13.5,0.0,0,1,0,0,0,0,0,1,0,0
2023-08-01 08:00:00,7,9,3,624,0,17.8,13.1,0.0,0,0,0,0,0,1,0,1,0,0
2023-08-01 23:00:00,22,0,1,54,0,17.8,13.1,0.0,0,0,0,0,0,1,0,1,0,0
2023-08-14 16:00:00,5,17,6,910,0,20.6,13.5,0.0,0,1,0,0,0,0,0,1,0,0
2023-08-01 21:00:00,7,22,1,146,0,17.8,13.1,0.0,0,0,0,0,0,1,0,1,0,0
2023-08-01 05:00:00,1,6,1,21,0,17.8,13.1,0.0,0,0,0,0,0,1,0,1,0,0
2023-08-14 06:00:00,49,7,4,144,0,20.6,13.5,0.0,0,1,0,0,0,0,0,1,0,0
2023-08-14 09:00:00,37,10,3,962,0,20.6,13.5,0.0,0,1,0,0,0,0,0,1,0,0
2023-08-01 00:00:00,0,1,1,19,0,17.8,13.1,0.0,0,0,0,0,0,1,0,1,0,0
2023-08-01 22:00:00,1,23,0,100,0,17.8,13.1,0.0,0,0,0,0,0,1,0,1,0,0
2023-08-14 21:00:00,72,22,2,566,0,20.6,13.5,0.0,0,1,0,0,0,0,0,1,0,0
2023-08-14 22:00:00,72,23,2,327,0,20.6,13.5,0.0,0,1,0,0,0,0,0,1,0,0
2023-08-01 04:00:00,1,5,0,7,0,17.8,13.1,0.0,0,0,0,0,0,1,0,1,0,0
2023-08-14 00:00:00,39,1,2,56,0,20.6,13.5,0.0,0,1,0,0,0,0,0,1,0,0
2023-08-14 01:00:00,25,2,2,30,0,20.6,13.5,0.0,0,1,0,0,0,0,0,1,0,0
2023-08-01 01:00:00,0,2,0,8,0,17.8,13.1,0.0,0,0,0,0,0,1,0,1,0,0
2023-08-14 02:00:00,33,3,1,9,0,20.6,13.5,0.0,0,1,0,0,0,0,0,1,0,0
2023-08-01 02:00:00,0,3,0,4,0,17.8,13.1,0.0,0,0,0,0,0,1,0,1,0,0
2023-08-01 03:00:00,0,4,0,1,0,17.8,13.1,0.0,0,0,0,0,0,1,0,1,0,0
2023-08-14 03:00:00,23,4,1,8,0,20.6,13.5,0.0,0,1,0,0,0,0,0,1,0,0
2023-08-14 12:00:00,10,13,1,2008,0,20.6,13.5,0.0,0,1,0,0,0,0,0,1,0,0
2023-08-02 11:00:00,27,12,23,2658,0,19.8,13.5,2.1,0,0,0,0,0,0,1,1,0,0
2023-08-02 10:00:00,43,11,20,2196,0,19.8,13.5,2.1,0,0,0,0,0,0,1,1,0,0
2023-08-14 23:00:00,39,0,0,82,0,20.6,13.5,0.0,0,1,0,0,0,0,0,1,0,0
2023-08-14 05:00:00,23,6,0,43,0,20.6,13.5,0.0,0,1,0,0,0,0,0,1,0,0
2023-08-02 18:00:00,123,19,19,864,0,19.8,13.5,2.1,0,0,0,0,0,0,1,1,0,0
2023-08-14 04:00:00,11,5,0,10,0,20.6,13.5,0.0,0,1,0,0,0,0,0,1,0,0
2023-08-02 17:00:00,90,18,18,1909,0,19.8,13.5,2.1,0,0,0,0,0,0,1,1,0,0
2023-08-02 19:00:00,47,20,10,472,0,19.8,13.5,2.1,0,0,0,0,0,0,1,1,0,0
2023-08-15 12:00:00,60,13,32,5159,0,18.4,11.2,0.9,0,0,0,0,0,1,0,1,0,0
2023-08-02 09:00:00,50,10,8,1132,0,19.8,13.5,2.1,0,0,0,0,0,0,1,1,0,0
2023-08-15 10:00:00,76,11,30,3298,0,18.4,11.2,0.9,0,0,0,0,0,1,0,1,0,0
2023-08-15 14:00:00,45,15,22,2987,0,18.4,11.2,0.9,0,0,0,0,0,1,0,1,0,0
2023-08-02 08:00:00,43,9,6,637,0,19.8,13.5,2.1,0,0,0,0,0,0,1,1,0,0
2023-08-02 06:00:00,17,7,6,74,0,19.8,13.5,2.1,0,0,0,0,0,0,1,1,0,0
2023-08-02 13:00:00,13,14,6,1312,0,19.8,13.5,2.1,0,0,0,0,0,0,1,1,0,0
2023-08-02 21:00:00,8,22,6,308,0,19.8,13.5,2.1,0,0,0,0,0,0,1,1,0,0
2023-08-02 14:00:00,5,15,5,656,0,19.8,13.5,2.1,0,0,0,0,0,0,1,1,0,0
2023-08-02 16:00:00,4,17,5,556,0,19.8,13.5,2.1,0,0,0,0,0,0,1,1,0,0
2023-08-02 07:00:00,41,8,4,198,0,19.8,13.5,2.1,0,0,0,0,0,0,1,1,0,0
2023-08-15 09:00:00,82,10,17,1785,0,18.4,11.2,0.9,0,0,0,0,0,1,0,1,0,0
2023-08-02 05:00:00,17,6,3,25,0,19.8,13.5,2.1,0,0,0,0,0,0,1,1,0,0
2023-08-15 19:00:00,74,20,14,216,0,18.4,11.2,0.9,0,0,0,0,0,1,0,1,0,0
2023-08-02 01:00:00,20,2,1,10,0,19.8,13.5,2.1,0,0,0,0,0,0,1,1,0,0
2023-08-15 11:00:00,76,12,12,3912,0,18.4,11.2,0.9,0,0,0,0,0,1,0,1,0,0
2023-08-02 04:00:00,6,5,1,8,0,19.8,13.5,2.1,0,0,0,0,0,0,1,1,0,0
2023-08-15 08:00:00,61,9,12,706,0,18.4,11.2,0.9,0,0,0,0,0,1,0,1,0,0
2023-08-02 20:00:00,5,21,1,263,0,19.8,13.5,2.1,0,0,0,0,0,0,1,1,0,0
2023-08-15 17:00:00,58,18,12,993,0,18.4,11.2,0.9,0,0,0,0,0,1,0,1,0,0
2023-08-02 22:00:00,5,23,1,135,0,19.8,13.5,2.1,0,0,0,0,0,0,1,1,0,0
2023-08-15 16:00:00,55,17,11,2002,0,18.4,11.2,0.9,0,0,0,0,0,1,0,1,0,0
2023-08-02 00:00:00,21,1,0,40,0,19.8,13.5,2.1,0,0,0,0,0,0,1,1,0,0
2023-08-15 13:00:00,52,14,11,3980,0,18.4,11.2,0.9,0,0,0,0,0,1,0,1,0,0
2023-08-02 02:00:00,13,3,0,6,0,19.8,13.5,2.1,0,0,0,0,0,0,1,1,0,0
2023-08-15 15:00:00,44,16,11,2290,0,18.4,11.2,0.9,0,0,0,0,0,1,0,1,0,0
2023-08-02 23:00:00,12,0,0,44,0,19.8,13.5,2.1,0,0,0,0,0,0,1,1,0,0
2023-08-15 18:00:00,66,19,10,318,0,18.4,11.2,0.9,0,0,0,0,0,1,0,1,0,0
2023-08-02 12:00:00,10,13,0,1205,0,19.8,13.5,2.1,0,0,0,0,0,0,1,1,0,0
2023-08-15 07:00:00,79,8,9,398,0,18.4,11.2,0.9,0,0,0,0,0,1,0,1,0,0
2023-08-02 03:00:00,8,4,0,3,0,19.8,13.5,2.1,0,0,0,0,0,0,1,1,0,0
2023-08-15 20:00:00,48,21,7,145,0,18.4,11.2,0.9,0,0,0,0,0,1,0,1,0,0
2023-08-03 10:00:00,19,11,24,2399,0,17.3,11.8,0.0,0,0,0,0,1,0,0,1,0,0
2023-08-15 21:00:00,46,22,6,422,0,18.4,11.2,0.9,0,0,0,0,0,1,0,1,0,0
2023-08-03 12:00:00,18,13,24,3722,0,17.3,11.8,0.0,0,0,0,0,1,0,0,1,0,0
2023-08-15 06:00:00,32,7,5,112,0,18.4,11.2,0.9,0,0,0,0,0,1,0,1,0,0
2023-08-03 17:00:00,21,18,15,1832,0,17.3,11.8,0.0,0,0,0,0,1,0,0,1,0,0
2023-08-15 22:00:00,56,23,4,284,0,18.4,11.2,0.9,0,0,0,0,0,1,0,1,0,0
2023-08-15 23:00:00,44,0,0,66,0,18.4,11.2,0.9,0,0,0,0,0,1,0,1,0,0
2023-08-15 00:00:00,35,1,0,42,0,18.4,11.2,0.9,0,0,0,0,0,1,0,1,0,0
2023-08-15 05:00:00,24,6,0,53,0,18.4,11.2,0.9,0,0,0,0,0,1,0,1,0,0
2023-08-15 01:00:00,20,2,0,12,0,18.4,11.2,0.9,0,0,0,0,0,1,0,1,0,0
2023-08-15 02:00:00,12,3,0,16,0,18.4,11.2,0.9,0,0,0,0,0,1,0,1,0,0
2023-08-03 15:00:00,10,16,15,2948,0,17.3,11.8,0.0,0,0,0,0,1,0,0,1,0,0
2023-08-03 20:00:00,91,21,13,589,0,17.3,11.8,0.0,0,0,0,0,1,0,0,1,0,0
2023-08-03 11:00:00,23,12,13,3107,0,17.3,11.8,0.0,0,0,0,0,1,0,0,1,0,0
2023-08-03 16:00:00,16,17,12,2396,0,17.3,11.8,0.0,0,0,0,0,1,0,0,1,0,0
2023-08-03 18:00:00,14,19,12,685,0,17.3,11.8,0.0,0,0,0,0,1,0,0,1,0,0
2023-08-03 09:00:00,24,10,11,1434,0,17.3,11.8,0.0,0,0,0,0,1,0,0,1,0,0
2023-08-03 14:00:00,14,15,11,3604,0,17.3,11.8,0.0,0,0,0,0,1,0,0,1,0,0
2023-08-03 19:00:00,61,20,8,734,0,17.3,11.8,0.0,0,0,0,0,1,0,0,1,0,0
2023-08-03 08:00:00,12,9,8,702,0,17.3,11.8,0.0,0,0,0,0,1,0,0,1,0,0
2023-08-03 13:00:00,6,14,6,3687,0,17.3,11.8,0.0,0,0,0,0,1,0,0,1,0,0
2023-08-03 07:00:00,5,8,6,204,0,17.3,11.8,0.0,0,0,0,0,1,0,0,1,0,0
2023-08-03 06:00:00,4,7,6,55,0,17.3,11.8,0.0,0,0,0,0,1,0,0,1,0,0
2023-08-03 21:00:00,63,22,3,499,0,17.3,11.8,0.0,0,0,0,0,1,0,0,1,0,0
2023-08-03 23:00:00,54,0,3,78,0,17.3,11.8,0.0,0,0,0,0,1,0,0,1,0,0
2023-08-03 01:00:00,5,2,2,40,0,17.3,11.8,0.0,0,0,0,0,1,0,0,1,0,0
2023-08-03 22:00:00,79,23,1,278,0,17.3,11.8,0.0,0,0,0,0,1,0,0,1,0,0
2023-08-03 04:00:00,8,5,0,15,0,17.3,11.8,0.0,0,0,0,0,1,0,0,1,0,0
2023-08-03 00:00:00,5,1,0,54,0,17.3,11.8,0.0,0,0,0,0,1,0,0,1,0,0
2023-08-03 02:00:00,5,3,0,29,0,17.3,11.8,0.0,0,0,0,0,1,0,0,1,0,0
2023-08-03 03:00:00,2,4,0,17,0,17.3,11.8,0.0,0,0,0,0,1,0,0,1,0,0
2023-08-03 05:00:00,1,6,0,52,0,17.3,11.8,0.0,0,0,0,0,1,0,0,1,0,0
2023-08-04 13:00:00,16,14,24,3665,0,15.4,11.3,1.6,1,0,0,0,0,0,0,1,0,0
2023-08-04 16:00:00,15,17,23,2652,0,15.4,11.3,1.6,1,0,0,0,0,0,0,1,0,0
2023-08-04 14:00:00,6,15,18,3223,0,15.4,11.3,1.6,1,0,0,0,0,0,0,1,0,0
2023-08-04 15:00:00,7,16,15,2934,0,15.4,11.3,1.6,1,0,0,0,0,0,0,1,0,0
2023-08-04 18:00:00,3,19,15,1220,0,15.4,11.3,1.6,1,0,0,0,0,0,0,1,0,0
2023-08-04 19:00:00,68,20,14,858,0,15.4,11.3,1.6,1,0,0,0,0,0,0,1,0,0
2023-08-04 10:00:00,7,11,13,2017,0,15.4,11.3,1.6,1,0,0,0,0,0,0,1,0,0
2023-08-04 09:00:00,16,10,12,1411,0,15.4,11.3,1.6,1,0,0,0,0,0,0,1,0,0
2023-08-04 11:00:00,15,12,11,3162,0,15.4,11.3,1.6,1,0,0,0,0,0,0,1,0,0
2023-08-04 12:00:00,12,13,9,3499,0,15.4,11.3,1.6,1,0,0,0,0,0,0,1,0,0
2023-08-04 07:00:00,12,8,9,214,0,15.4,11.3,1.6,1,0,0,0,0,0,0,1,0,0
2023-08-04 06:00:00,3,7,7,60,0,15.4,11.3,1.6,1,0,0,0,0,0,0,1,0,0
2023-08-04 21:00:00,73,22,6,679,0,15.4,11.3,1.6,1,0,0,0,0,0,0,1,0,0
2023-08-04 20:00:00,118,21,4,645,0,15.4,11.3,1.6,1,0,0,0,0,0,0,1,0,0
2023-08-04 08:00:00,14,9,4,741,0,15.4,11.3,1.6,1,0,0,0,0,0,0,1,0,0
2023-08-04 17:00:00,12,18,4,2142,0,15.4,11.3,1.6,1,0,0,0,0,0,0,1,0,0
2023-08-04 03:00:00,25,4,2,23,0,15.4,11.3,1.6,1,0,0,0,0,0,0,1,0,0
2023-08-04 01:00:00,28,2,1,33,0,15.4,11.3,1.6,1,0,0,0,0,0,0,1,0,0
2023-08-04 22:00:00,10,23,1,232,0,15.4,11.3,1.6,1,0,0,0,0,0,0,1,0,0
2023-08-04 23:00:00,6,0,1,142,0,15.4,11.3,1.6,1,0,0,0,0,0,0,1,0,0
2023-08-04 00:00:00,41,1,0,68,0,15.4,11.3,1.6,1,0,0,0,0,0,0,1,0,0
2023-08-04 05:00:00,31,6,0,44,0,15.4,11.3,1.6,1,0,0,0,0,0,0,1,0,0
2023-08-04 02:00:00,20,3,0,45,0,15.4,11.3,1.6,1,0,0,0,0,0,0,1,0,0
2023-08-04 04:00:00,7,5,0,7,0,15.4,11.3,1.6,1,0,0,0,0,0,0,1,0,0
2023-08-05 18:00:00,10,19,12,356,0,17.5,5.5,9.2,0,0,1,0,0,0,0,1,0,0
2023-08-05 09:00:00,9,10,11,1102,0,17.5,5.5,9.2,0,0,1,0,0,0,0,1,0,0
2023-08-05 10:00:00,7,11,10,899,0,17.5,5.5,9.2,0,0,1,0,0,0,0,1,0,0
2023-08-05 17:00:00,6,18,9,1094,0,17.5,5.5,9.2,0,0,1,0,0,0,0,1,0,0
2023-08-05 21:00:00,96,22,4,517,0,17.5,5.5,9.2,0,0,1,0,0,0,0,1,0,0
2023-08-11 23:00:00,2,0,3,133,0,20.8,15.8,0.0,1,0,0,0,0,0,0,1,0,0
2023-08-11 00:00:00,24,1,2,70,0,20.8,15.8,0.0,1,0,0,0,0,0,0,1,0,0
2023-08-11 01:00:00,26,2,0,41,0,20.8,15.8,0.0,1,0,0,0,0,0,0,1,0,0
2023-08-11 05:00:00,20,6,0,55,0,20.8,15.8,0.0,1,0,0,0,0,0,0,1,0,0
2023-08-11 03:00:00,18,4,0,27,0,20.8,15.8,0.0,1,0,0,0,0,0,0,1,0,0
2023-08-11 04:00:00,11,5,0,7,0,20.8,15.8,0.0,1,0,0,0,0,0,0,1,0,0
2023-08-12 17:00:00,19,18,20,1909,0,19.7,15.4,11.4,0,0,1,0,0,0,0,1,0,0
2023-08-12 11:00:00,20,12,14,2373,0,19.7,15.4,11.4,0,0,1,0,0,0,0,1,0,0
2023-08-12 16:00:00,18,17,14,2916,0,19.7,15.4,11.4,0,0,1,0,0,0,0,1,0,0
2023-08-12 09:00:00,17,10,11,1119,0,19.7,15.4,11.4,0,0,1,0,0,0,0,1,0,0
2023-08-12 13:00:00,15,14,11,3147,0,19.7,15.4,11.4,0,0,1,0,0,0,0,1,0,0
2023-08-12 15:00:00,12,16,10,2881,0,19.7,15.4,11.4,0,0,1,0,0,0,0,1,0,0
2023-08-12 14:00:00,9,15,10,3143,0,19.7,15.4,11.4,0,0,1,0,0,0,0,1,0,0
2023-08-12 10:00:00,14,11,9,1828,0,19.7,15.4,11.4,0,0,1,0,0,0,0,1,0,0
2023-08-12 06:00:00,6,7,8,79,0,19.7,15.4,11.4,0,0,1,0,0,0,0,1,0,0
2023-08-12 20:00:00,110,21,7,545,0,19.7,15.4,11.4,0,0,1,0,0,0,0,1,0,0
2023-08-12 19:00:00,97,20,6,726,0,19.7,15.4,11.4,0,0,1,0,0,0,0,1,0,0
2023-08-12 12:00:00,6,13,5,3113,0,19.7,15.4,11.4,0,0,1,0,0,0,0,1,0,0
2023-08-12 21:00:00,117,22,3,544,0,19.7,15.4,11.4,0,0,1,0,0,0,0,1,0,0
2023-08-12 23:00:00,74,0,3,274,0,19.7,15.4,11.4,0,0,1,0,0,0,0,1,0,0
2023-08-12 18:00:00,11,19,3,492,0,19.7,15.4,11.4,0,0,1,0,0,0,0,1,0,0
2023-08-12 03:00:00,6,4,3,137,0,19.7,15.4,11.4,0,0,1,0,0,0,0,1,0,0
2023-08-12 08:00:00,6,9,2,480,0,19.7,15.4,11.4,0,0,1,0,0,0,0,1,0,0
2023-08-12 00:00:00,6,1,2,164,0,19.7,15.4,11.4,0,0,1,0,0,0,0,1,0,0
2023-08-12 22:00:00,90,23,1,294,0,19.7,15.4,11.4,0,0,1,0,0,0,0,1,0,0
2023-08-12 01:00:00,7,2,0,149,0,19.7,15.4,11.4,0,0,1,0,0,0,0,1,0,0
2023-08-12 07:00:00,4,8,0,138,0,19.7,15.4,11.4,0,0,1,0,0,0,0,1,0,0
2023-08-12 04:00:00,4,5,0,30,0,19.7,15.4,11.4,0,0,1,0,0,0,0,1,0,0
2023-08-12 02:00:00,3,3,0,85,0,19.7,15.4,11.4,0,0,1,0,0,0,0,1,0,0
2023-08-12 05:00:00,1,6,0,40,0,19.7,15.4,11.4,0,0,1,0,0,0,0,1,0,0
2023-08-13 11:00:00,12,12,20,1532,0,19.7,13.4,1.1,0,0,0,1,0,0,0,1,0,0
2023-08-13 14:00:00,2,15,11,1867,0,19.7,13.4,1.1,0,0,0,1,0,0,0,1,0,0
2023-08-13 13:00:00,9,14,9,2398,0,19.7,13.4,1.1,0,0,0,1,0,0,0,1,0,0
2023-08-13 15:00:00,3,16,9,1448,0,19.7,13.4,1.1,0,0,0,1,0,0,0,1,0,0
2023-08-13 18:00:00,6,19,7,263,0,19.7,13.4,1.1,0,0,0,1,0,0,0,1,0,0
2023-08-13 12:00:00,16,13,6,1818,0,19.7,13.4,1.1,0,0,0,1,0,0,0,1,0,0
2023-08-13 16:00:00,7,17,6,1623,0,19.7,13.4,1.1,0,0,0,1,0,0,0,1,0,0
2023-08-13 09:00:00,3,10,6,263,0,19.7,13.4,1.1,0,0,0,1,0,0,0,1,0,0
2023-08-13 10:00:00,5,11,5,796,0,19.7,13.4,1.1,0,0,0,1,0,0,0,1,0,0
2023-08-13 17:00:00,5,18,5,495,0,19.7,13.4,1.1,0,0,0,1,0,0,0,1,0,0
2023-08-13 07:00:00,13,8,4,86,0,19.7,13.4,1.1,0,0,0,1,0,0,0,1,0,0
2023-08-13 19:00:00,8,20,3,245,0,19.7,13.4,1.1,0,0,0,1,0,0,0,1,0,0
2023-08-13 08:00:00,2,9,3,97,0,19.7,13.4,1.1,0,0,0,1,0,0,0,1,0,0
2023-08-13 21:00:00,62,22,2,464,0,19.7,13.4,1.1,0,0,0,1,0,0,0,1,0,0
2023-08-13 00:00:00,77,1,1,188,0,19.7,13.4,1.1,0,0,0,1,0,0,0,1,0,0
2023-08-13 20:00:00,74,21,1,576,0,19.7,13.4,1.1,0,0,0,1,0,0,0,1,0,0
2023-08-13 03:00:00,40,4,1,124,0,19.7,13.4,1.1,0,0,0,1,0,0,0,1,0,0
2023-08-13 05:00:00,12,6,1,43,0,19.7,13.4,1.1,0,0,0,1,0,0,0,1,0,0
2023-08-13 01:00:00,67,2,0,124,0,19.7,13.4,1.1,0,0,0,1,0,0,0,1,0,0
2023-08-13 02:00:00,57,3,0,108,0,19.7,13.4,1.1,0,0,0,1,0,0,0,1,0,0
2023-08-15 03:00:00,11,4,0,5,0,18.4,11.2,0.9,0,0,0,0,0,1,0,1,0,0
2023-08-15 04:00:00,9,5,0,8,0,18.4,11.2,0.9,0,0,0,0,0,1,0,1,0,0
2023-08-16 17:00:00,10,18,25,1323,0,17.7,13.9,0.2,0,0,0,0,0,0,1,1,0,0
2023-08-16 16:00:00,11,17,23,2027,0,17.7,13.9,0.2,0,0,0,0,0,0,1,1,0,0
2023-08-16 15:00:00,10,16,20,2179,0,17.7,13.9,0.2,0,0,0,0,0,0,1,1,0,0
2023-08-16 14:00:00,18,15,15,2704,0,17.7,13.9,0.2,0,0,0,0,0,0,1,1,0,0
2023-08-16 18:00:00,6,19,9,458,0,17.7,13.9,0.2,0,0,0,0,0,0,1,1,0,0
2023-08-16 09:00:00,9,10,8,1282,0,17.7,13.9,0.2,0,0,0,0,0,0,1,1,0,0
2023-08-16 11:00:00,11,12,7,2457,0,17.7,13.9,0.2,0,0,0,0,0,0,1,1,0,0
2023-08-16 19:00:00,9,20,7,309,0,17.7,13.9,0.2,0,0,0,0,0,0,1,1,0,0
2023-08-16 13:00:00,8,14,7,2985,0,17.7,13.9,0.2,0,0,0,0,0,0,1,1,0,0
2023-08-16 20:00:00,8,21,6,243,0,17.7,13.9,0.2,0,0,0,0,0,0,1,1,0,0
2023-08-16 07:00:00,18,8,5,201,0,17.7,13.9,0.2,0,0,0,0,0,0,1,1,0,0
2023-08-16 12:00:00,13,13,5,2877,0,17.7,13.9,0.2,0,0,0,0,0,0,1,1,0,0
2023-08-16 10:00:00,19,11,4,1965,0,17.7,13.9,0.2,0,0,0,0,0,0,1,1,0,0
2023-08-16 08:00:00,10,9,4,606,0,17.7,13.9,0.2,0,0,0,0,0,0,1,1,0,0
2023-08-16 06:00:00,5,7,4,37,0,17.7,13.9,0.2,0,0,0,0,0,0,1,1,0,0
2023-08-16 21:00:00,5,22,3,215,0,17.7,13.9,0.2,0,0,0,0,0,0,1,1,0,0
2023-08-16 22:00:00,27,23,2,107,0,17.7,13.9,0.2,0,0,0,0,0,0,1,1,0,0
2023-08-16 05:00:00,0,6,2,28,0,17.7,13.9,0.2,0,0,0,0,0,0,1,1,0,0
2023-08-16 23:00:00,42,0,1,61,0,17.7,13.9,0.2,0,0,0,0,0,0,1,1,0,0
2023-08-16 01:00:00,25,2,0,21,0,17.7,13.9,0.2,0,0,0,0,0,0,1,1,0,0
2023-08-16 00:00:00,24,1,0,61,0,17.7,13.9,0.2,0,0,0,0,0,0,1,1,0,0
2023-08-16 03:00:00,8,4,0,9,0,17.7,13.9,0.2,0,0,0,0,0,0,1,1,0,0
2023-08-16 02:00:00,8,3,0,3,0,17.7,13.9,0.2,0,0,0,0,0,0,1,1,0,0
2023-08-16 04:00:00,1,5,0,11,0,17.7,13.9,0.2,0,0,0,0,0,0,1,1,0,0
2023-08-17 17:00:00,9,18,28,1364,0,11.2,14.6,0.0,0,0,0,0,1,0,0,1,0,0
2023-08-17 14:00:00,8,15,27,2704,0,11.2,14.6,0.0,0,0,0,0,1,0,0,1,0,0
2023-08-17 15:00:00,13,16,25,2567,0,11.2,14.6,0.0,0,0,0,0,1,0,0,1,0,0
2023-08-17 12:00:00,20,13,23,3927,0,11.2,14.6,0.0,0,0,0,0,1,0,0,1,0,0
2023-08-17 11:00:00,18,12,23,3147,0,11.2,14.6,0.0,0,0,0,0,1,0,0,1,0,0
2023-08-17 13:00:00,34,14,21,3212,0,11.2,14.6,0.0,0,0,0,0,1,0,0,1,0,0
2023-08-17 10:00:00,15,11,16,2223,0,11.2,14.6,0.0,0,0,0,0,1,0,0,1,0,0
2023-08-17 16:00:00,7,17,13,2173,0,11.2,14.6,0.0,0,0,0,0,1,0,0,1,0,0
2023-08-17 18:00:00,10,19,9,415,0,11.2,14.6,0.0,0,0,0,0,1,0,0,1,0,0
2023-08-09 22:00:00,10,23,1,175,0,22.8,8.8,0.0,0,0,0,0,0,0,1,1,0,0
2023-08-17 09:00:00,24,10,8,1266,0,11.2,14.6,0.0,0,0,0,0,1,0,0,1,0,0
2023-08-17 08:00:00,13,9,7,688,0,11.2,14.6,0.0,0,0,0,0,1,0,0,1,0,0
2023-08-17 21:00:00,69,22,4,427,0,11.2,14.6,0.0,0,0,0,0,1,0,0,1,0,0
2023-08-17 22:00:00,42,23,4,222,0,11.2,14.6,0.0,0,0,0,0,1,0,0,1,0,0
2023-08-17 07:00:00,8,8,3,171,0,11.2,14.6,0.0,0,0,0,0,1,0,0,1,0,0
2023-08-17 06:00:00,4,7,2,47,0,11.2,14.6,0.0,0,0,0,0,1,0,0,1,0,0
2023-08-17 23:00:00,62,0,1,88,0,11.2,14.6,0.0,0,0,0,0,1,0,0,1,0,0
2023-08-17 20:00:00,35,21,1,668,0,11.2,14.6,0.0,0,0,0,0,1,0,0,1,0,0
2023-08-17 01:00:00,23,2,1,20,0,11.2,14.6,0.0,0,0,0,0,1,0,0,1,0,0
2023-08-17 00:00:00,43,1,0,46,0,11.2,14.6,0.0,0,0,0,0,1,0,0,1,0,0
2023-08-17 19:00:00,14,20,0,295,0,11.2,14.6,0.0,0,0,0,0,1,0,0,1,0,0
2023-08-17 02:00:00,10,3,0,74,0,11.2,14.6,0.0,0,0,0,0,1,0,0,1,0,0
2023-08-17 05:00:00,2,6,0,23,0,11.2,14.6,0.0,0,0,0,0,1,0,0,1,0,0
2023-08-17 04:00:00,2,5,0,12,0,11.2,14.6,0.0,0,0,0,0,1,0,0,1,0,0
2023-08-17 03:00:00,1,4,0,16,0,11.2,14.6,0.0,0,0,0,0,1,0,0,1,0,0
2023-08-07 08:00:00,10,9,7,568,1,19.9,9.5,0.0,0,1,0,0,0,0,0,1,0,0
2023-08-09 23:00:00,5,0,1,55,0,22.8,8.8,0.0,0,0,0,0,0,0,1,1,0,0
2023-08-07 06:00:00,2,7,4,49,1,19.9,9.5,0.0,0,1,0,0,0,0,0,1,0,0
2023-08-09 00:00:00,3,1,1,47,0,22.8,8.8,0.0,0,0,0,0,0,0,1,1,0,0
2023-08-07 07:00:00,10,8,3,147,1,19.9,9.5,0.0,0,1,0,0,0,0,0,1,0,0
2023-08-09 06:00:00,6,7,0,48,0,22.8,8.8,0.0,0,0,0,0,0,0,1,1,0,0
2023-08-07 02:00:00,13,3,2,14,1,19.9,9.5,0.0,0,1,0,0,0,0,0,1,0,0
2023-08-09 01:00:00,2,2,0,21,0,22.8,8.8,0.0,0,0,0,0,0,0,1,1,0,0
2023-08-07 22:00:00,0,23,2,196,1,19.9,9.5,0.0,0,1,0,0,0,0,0,1,0,0
2023-08-09 03:00:00,1,4,0,0,0,22.8,8.8,0.0,0,0,0,0,0,0,1,1,0,0
2023-08-07 01:00:00,35,2,1,26,1,19.9,9.5,0.0,0,1,0,0,0,0,0,1,0,0
2023-08-09 02:00:00,0,3,0,10,0,22.8,8.8,0.0,0,0,0,0,0,0,1,1,0,0
2023-08-07 05:00:00,3,6,1,26,1,19.9,9.5,0.0,0,1,0,0,0,0,0,1,0,0
2023-08-09 04:00:00,0,5,0,4,0,22.8,8.8,0.0,0,0,0,0,0,0,1,1,0,0
2023-08-07 23:00:00,2,0,1,44,1,19.9,9.5,0.0,0,1,0,0,0,0,0,1,0,0
2023-08-10 15:00:00,15,16,27,2898,0,22.5,14.2,5.0,0,0,0,0,1,0,0,1,0,0
2023-08-07 00:00:00,14,1,0,28,1,19.9,9.5,0.0,0,1,0,0,0,0,0,1,0,0
2023-08-10 14:00:00,14,15,21,3237,0,22.5,14.2,5.0,0,0,0,0,1,0,0,1,0,0
2023-08-07 03:00:00,11,4,0,40,1,19.9,9.5,0.0,0,1,0,0,0,0,0,1,0,0
2023-08-10 10:00:00,24,11,17,2276,0,22.5,14.2,5.0,0,0,0,0,1,0,0,1,0,0
2023-08-07 04:00:00,2,5,0,1,1,19.9,9.5,0.0,0,1,0,0,0,0,0,1,0,0
2023-08-10 16:00:00,15,17,17,1845,0,22.5,14.2,5.0,0,0,0,0,1,0,0,1,0,0
2023-08-08 11:00:00,19,12,29,2601,0,19.1,7.7,0.2,0,0,0,0,0,1,0,1,0,0
2023-08-10 18:00:00,97,19,16,1308,0,22.5,14.2,5.0,0,0,0,0,1,0,0,1,0,0
2023-08-08 17:00:00,8,18,25,1537,0,19.1,7.7,0.2,0,0,0,0,0,1,0,1,0,0
2023-08-10 11:00:00,17,12,15,2796,0,22.5,14.2,5.0,0,0,0,0,1,0,0,1,0,0
2023-08-08 12:00:00,8,13,23,3265,0,19.1,7.7,0.2,0,0,0,0,0,1,0,1,0,0
2023-08-10 19:00:00,79,20,13,963,0,22.5,14.2,5.0,0,0,0,0,1,0,0,1,0,0
2023-08-08 13:00:00,33,14,21,4300,0,19.1,7.7,0.2,0,0,0,0,0,1,0,1,0,0
2023-08-10 09:00:00,18,10,12,1345,0,22.5,14.2,5.0,0,0,0,0,1,0,0,1,0,0
2023-08-08 16:00:00,6,17,21,1963,0,19.1,7.7,0.2,0,0,0,0,0,1,0,1,0,0
2023-08-10 13:00:00,8,14,12,3281,0,22.5,14.2,5.0,0,0,0,0,1,0,0,1,0,0
2023-08-08 10:00:00,14,11,17,1916,0,19.1,7.7,0.2,0,0,0,0,0,1,0,1,0,0
2023-08-10 12:00:00,16,13,11,3013,0,22.5,14.2,5.0,0,0,0,0,1,0,0,1,0,0
2023-08-08 14:00:00,50,15,16,4043,0,19.1,7.7,0.2,0,0,0,0,0,1,0,1,0,0
2023-08-10 20:00:00,70,21,10,603,0,22.5,14.2,5.0,0,0,0,0,1,0,0,1,0,0
2023-08-08 18:00:00,1,19,11,496,0,19.1,7.7,0.2,0,0,0,0,0,1,0,1,0,0
2023-08-10 08:00:00,12,9,9,684,0,22.5,14.2,5.0,0,0,0,0,1,0,0,1,0,0
2023-08-08 15:00:00,5,16,9,2452,0,19.1,7.7,0.2,0,0,0,0,0,1,0,1,0,0
2023-08-10 07:00:00,8,8,7,190,0,22.5,14.2,5.0,0,0,0,0,1,0,0,1,0,0
2023-08-08 09:00:00,12,10,8,1249,0,19.1,7.7,0.2,0,0,0,0,0,1,0,1,0,0
2023-08-10 17:00:00,14,18,6,1986,0,22.5,14.2,5.0,0,0,0,0,1,0,0,1,0,0
2023-08-08 19:00:00,2,20,8,419,0,19.1,7.7,0.2,0,0,0,0,0,1,0,1,0,0
2023-08-10 22:00:00,37,23,4,297,0,22.5,14.2,5.0,0,0,0,0,1,0,0,1,0,0
2023-08-08 08:00:00,6,9,5,704,0,19.1,7.7,0.2,0,0,0,0,0,1,0,1,0,0
2023-08-08 20:00:00,4,21,4,230,0,19.1,7.7,0.2,0,0,0,0,0,1,0,1,0,0
2023-08-08 21:00:00,3,22,3,230,0,19.1,7.7,0.2,0,0,0,0,0,1,0,1,0,0
2023-08-08 06:00:00,2,7,2,105,0,19.1,7.7,0.2,0,0,0,0,0,1,0,1,0,0
2023-08-08 22:00:00,0,23,2,95,0,19.1,7.7,0.2,0,0,0,0,0,1,0,1,0,0
2023-08-08 07:00:00,13,8,1,284,0,19.1,7.7,0.2,0,0,0,0,0,1,0,1,0,0
2023-08-08 23:00:00,3,0,0,52,0,19.1,7.7,0.2,0,0,0,0,0,1,0,1,0,0
2023-08-08 05:00:00,3,6,0,23,0,19.1,7.7,0.2,0,0,0,0,0,1,0,1,0,0
2023-08-08 01:00:00,2,2,0,14,0,19.1,7.7,0.2,0,0,0,0,0,1,0,1,0,0
2023-08-08 03:00:00,2,4,0,11,0,19.1,7.7,0.2,0,0,0,0,0,1,0,1,0,0
2023-08-08 04:00:00,1,5,0,12,0,19.1,7.7,0.2,0,0,0,0,0,1,0,1,0,0
2023-08-08 00:00:00,0,1,0,31,0,19.1,7.7,0.2,0,0,0,0,0,1,0,1,0,0
2023-08-09 12:00:00,28,13,26,2820,0,22.8,8.8,0.0,0,0,0,0,0,0,1,1,0,0
2023-08-09 15:00:00,14,16,24,3430,0,22.8,8.8,0.0,0,0,0,0,0,0,1,1,0,0
2023-08-09 16:00:00,20,17,17,2611,0,22.8,8.8,0.0,0,0,0,0,0,0,1,1,0,0
2023-08-09 17:00:00,6,18,15,1365,0,22.8,8.8,0.0,0,0,0,0,0,0,1,1,0,0
2023-08-09 13:00:00,11,14,13,3378,0,22.8,8.8,0.0,0,0,0,0,0,0,1,1,0,0
2023-08-09 14:00:00,18,15,12,3635,0,22.8,8.8,0.0,0,0,0,0,0,0,1,1,0,0
2023-08-09 10:00:00,14,11,10,1797,0,22.8,8.8,0.0,0,0,0,0,0,0,1,1,0,0
2023-08-09 18:00:00,12,19,8,444,0,22.8,8.8,0.0,0,0,0,0,0,0,1,1,0,0
2023-08-09 19:00:00,58,20,7,910,0,22.8,8.8,0.0,0,0,0,0,0,0,1,1,0,0
2023-08-09 09:00:00,6,10,7,932,0,22.8,8.8,0.0,0,0,0,0,0,0,1,1,0,0
2023-08-09 21:00:00,63,22,6,461,0,22.8,8.8,0.0,0,0,0,0,0,0,1,1,0,0
2023-08-09 20:00:00,65,21,5,577,0,22.8,8.8,0.0,0,0,0,0,0,0,1,1,0,0
2023-08-09 08:00:00,8,9,5,463,0,22.8,8.8,0.0,0,0,0,0,0,0,1,1,0,0
2023-08-09 11:00:00,6,12,3,2495,0,22.8,8.8,0.0,0,0,0,0,0,0,1,1,0,0
2023-08-09 07:00:00,6,8,3,138,0,22.8,8.8,0.0,0,0,0,0,0,0,1,1,0,0
2023-08-09 05:00:00,1,6,2,26,0,22.8,8.8,0.0,0,0,0,0,0,0,1,1,0,0
2023-08-10 21:00:00,69,22,3,404,0,22.5,14.2,5.0,0,0,0,0,1,0,0,1,0,0
2023-08-10 23:00:00,42,0,3,106,0,22.5,14.2,5.0,0,0,0,0,1,0,0,1,0,0
2023-08-10 06:00:00,4,7,2,39,0,22.5,14.2,5.0,0,0,0,0,1,0,0,1,0,0
2023-08-10 04:00:00,5,5,1,8,0,22.5,14.2,5.0,0,0,0,0,1,0,0,1,0,0
2023-08-10 00:00:00,4,1,1,78,0,22.5,14.2,5.0,0,0,0,0,1,0,0,1,0,0
2023-08-10 05:00:00,3,6,1,29,0,22.5,14.2,5.0,0,0,0,0,1,0,0,1,0,0
2023-08-10 01:00:00,2,2,0,14,0,22.5,14.2,5.0,0,0,0,0,1,0,0,1,0,0
2023-08-10 02:00:00,1,3,0,12,0,22.5,14.2,5.0,0,0,0,0,1,0,0,1,0,0
2023-08-10 03:00:00,1,4,0,7,0,22.5,14.2,5.0,0,0,0,0,1,0,0,1,0,0
2023-08-11 12:00:00,35,13,23,3362,0,20.8,15.8,0.0,1,0,0,0,0,0,0,1,0,0
2023-08-11 16:00:00,15,17,22,1672,0,20.8,15.8,0.0,1,0,0,0,0,0,0,1,0,0
2023-08-11 11:00:00,26,12,20,2346,0,20.8,15.8,0.0,1,0,0,0,0,0,0,1,0,0
2023-08-11 17:00:00,8,18,16,1283,0,20.8,15.8,0.0,1,0,0,0,0,0,0,1,0,0
2023-08-11 08:00:00,8,9,16,600,0,20.8,15.8,0.0,1,0,0,0,0,0,0,1,0,0
2023-08-11 13:00:00,64,14,15,4691,0,20.8,15.8,0.0,1,0,0,0,0,0,0,1,0,0
2023-08-11 14:00:00,28,15,12,2166,0,20.8,15.8,0.0,1,0,0,0,0,0,0,1,0,0
2023-08-11 09:00:00,8,10,12,1175,0,20.8,15.8,0.0,1,0,0,0,0,0,0,1,0,0
2023-08-11 18:00:00,61,19,10,728,0,20.8,15.8,0.0,1,0,0,0,0,0,0,1,0,0
2023-08-11 19:00:00,11,20,10,490,0,20.8,15.8,0.0,1,0,0,0,0,0,0,1,0,0
2023-08-11 10:00:00,13,11,8,1954,0,20.8,15.8,0.0,1,0,0,0,0,0,0,1,0,0
2023-08-11 20:00:00,7,21,6,256,0,20.8,15.8,0.0,1,0,0,0,0,0,0,1,0,0
2023-08-11 22:00:00,4,23,6,144,0,20.8,15.8,0.0,1,0,0,0,0,0,0,1,0,0
2023-08-11 07:00:00,18,8,5,170,0,20.8,15.8,0.0,1,0,0,0,0,0,0,1,0,0
2023-08-11 21:00:00,9,22,5,253,0,20.8,15.8,0.0,1,0,0,0,0,0,0,1,0,0
2023-08-11 06:00:00,5,7,5,63,0,20.8,15.8,0.0,1,0,0,0,0,0,0,1,0,0
2023-08-11 02:00:00,22,3,4,37,0,20.8,15.8,0.0,1,0,0,0,0,0,0,1,0,0
2023-08-11 15:00:00,2,16,4,541,0,20.8,15.8,0.0,1,0,0,0,0,0,0,1,0,0
2023-08-05 19:00:00,61,20,3,511,0,17.5,5.5,9.2,0,0,1,0,0,0,0,1,0,0
2023-08-05 07:00:00,14,8,3,189,0,17.5,5.5,9.2,0,0,1,0,0,0,0,1,0,0
2023-08-05 06:00:00,14,7,3,58,0,17.5,5.5,9.2,0,0,1,0,0,0,0,1,0,0
2023-08-05 02:00:00,6,3,2,129,0,17.5,5.5,9.2,0,0,1,0,0,0,0,1,0,0
2023-08-05 22:00:00,129,23,1,380,0,17.5,5.5,9.2,0,0,1,0,0,0,0,1,0,0
2023-08-05 23:00:00,92,0,1,178,0,17.5,5.5,9.2,0,0,1,0,0,0,0,1,0,0
2023-08-05 20:00:00,81,21,1,621,0,17.5,5.5,9.2,0,0,1,0,0,0,0,1,0,0
2023-08-05 00:00:00,12,1,1,195,0,17.5,5.5,9.2,0,0,1,0,0,0,0,1,0,0
2023-08-05 08:00:00,9,9,1,511,0,17.5,5.5,9.2,0,0,1,0,0,0,0,1,0,0
2023-08-05 05:00:00,12,6,0,22,0,17.5,5.5,9.2,0,0,1,0,0,0,0,1,0,0
2023-08-05 01:00:00,11,2,0,146,0,17.5,5.5,9.2,0,0,1,0,0,0,0,1,0,0
2023-08-05 03:00:00,5,4,0,178,0,17.5,5.5,9.2,0,0,1,0,0,0,0,1,0,0
2023-08-05 04:00:00,3,5,0,8,0,17.5,5.5,9.2,0,0,1,0,0,0,0,1,0,0
2023-08-06 17:00:00,2,18,25,614,0,20.0,5.5,3.0,0,0,0,1,0,0,0,1,0,0
2023-08-06 16:00:00,5,17,21,1483,0,20.0,5.5,3.0,0,0,0,1,0,0,0,1,0,0
2023-08-06 14:00:00,14,15,19,2451,0,20.0,5.5,3.0,0,0,0,1,0,0,0,1,0,0
2023-08-06 15:00:00,4,16,19,2138,0,20.0,5.5,3.0,0,0,0,1,0,0,0,1,0,0
2023-08-06 12:00:00,12,13,18,2306,0,20.0,5.5,3.0,0,0,0,1,0,0,0,1,0,0
2023-08-06 10:00:00,3,11,18,709,0,20.0,5.5,3.0,0,0,0,1,0,0,0,1,0,0
2023-08-06 13:00:00,6,14,13,2380,0,20.0,5.5,3.0,0,0,0,1,0,0,0,1,0,0
2023-08-06 11:00:00,17,12,12,1539,0,20.0,5.5,3.0,0,0,0,1,0,0,0,1,0,0
2023-08-06 18:00:00,3,19,7,298,0,20.0,5.5,3.0,0,0,0,1,0,0,0,1,0,0
2023-08-06 22:00:00,31,23,5,214,0,20.0,5.5,3.0,0,0,0,1,0,0,0,1,0,0
2023-08-06 20:00:00,13,21,4,230,0,20.0,5.5,3.0,0,0,0,1,0,0,0,1,0,0
2023-08-06 19:00:00,7,20,4,243,0,20.0,5.5,3.0,0,0,0,1,0,0,0,1,0,0
2023-08-06 09:00:00,2,10,4,234,0,20.0,5.5,3.0,0,0,0,1,0,0,0,1,0,0
2023-08-06 08:00:00,2,9,4,70,0,20.0,5.5,3.0,0,0,0,1,0,0,0,1,0,0
2023-08-06 07:00:00,7,8,2,76,0,20.0,5.5,3.0,0,0,0,1,0,0,0,1,0,0
2023-08-06 06:00:00,4,7,2,29,0,20.0,5.5,3.0,0,0,0,1,0,0,0,1,0,0
2023-08-06 05:00:00,2,6,1,11,0,20.0,5.5,3.0,0,0,0,1,0,0,0,1,0,0
2023-08-06 00:00:00,94,1,0,190,0,20.0,5.5,3.0,0,0,0,1,0,0,0,1,0,0
2023-08-06 01:00:00,91,2,0,80,0,20.0,5.5,3.0,0,0,0,1,0,0,0,1,0,0
2023-08-06 02:00:00,73,3,0,85,0,20.0,5.5,3.0,0,0,0,1,0,0,0,1,0,0
2023-08-06 03:00:00,61,4,0,62,0,20.0,5.5,3.0,0,0,0,1,0,0,0,1,0,0
2023-08-06 04:00:00,37,5,0,14,0,20.0,5.5,3.0,0,0,0,1,0,0,0,1,0,0
2023-08-06 23:00:00,5,0,0,45,0,20.0,5.5,3.0,0,0,0,1,0,0,0,1,0,0
2023-08-06 21:00:00,3,22,0,147,0,20.0,5.5,3.0,0,0,0,1,0,0,0,1,0,0
2023-08-07 11:00:00,12,12,28,2939,1,19.9,9.5,0.0,0,1,0,0,0,0,0,1,0,0
2023-08-07 10:00:00,15,11,23,1992,1,19.9,9.5,0.0,0,1,0,0,0,0,0,1,0,0
2023-08-07 17:00:00,4,18,20,1433,1,19.9,9.5,0.0,0,1,0,0,0,0,0,1,0,0
2023-08-07 14:00:00,20,15,18,3372,1,19.9,9.5,0.0,0,1,0,0,0,0,0,1,0,0
2023-08-07 12:00:00,23,13,17,3426,1,19.9,9.5,0.0,0,1,0,0,0,0,0,1,0,0
2023-08-07 13:00:00,24,14,16,3817,1,19.9,9.5,0.0,0,1,0,0,0,0,0,1,0,0
2023-08-07 16:00:00,11,17,16,2165,1,19.9,9.5,0.0,0,1,0,0,0,0,0,1,0,0
2023-08-07 09:00:00,19,10,15,1089,1,19.9,9.5,0.0,0,1,0,0,0,0,0,1,0,0
2023-08-07 18:00:00,4,19,15,501,1,19.9,9.5,0.0,0,1,0,0,0,0,0,1,0,0
2023-08-07 20:00:00,1,21,15,431,1,19.9,9.5,0.0,0,1,0,0,0,0,0,1,0,0
2023-08-07 21:00:00,7,22,14,270,1,19.9,9.5,0.0,0,1,0,0,0,0,0,1,0,0
2023-08-07 15:00:00,16,16,13,2793,1,19.9,9.5,0.0,0,1,0,0,0,0,0,1,0,0
2023-08-07 19:00:00,1,20,10,481,1,19.9,9.5,0.0,0,1,0,0,0,0,0,1,0,0
2023-08-22 19:00:00,6,20,5,257,0,18.0,15.6,0.7,0,0,0,0,0,1,0,1,0,0
2023-08-22 06:00:00,4,7,2,59,0,18.0,15.6,0.7,0,0,0,0,0,1,0,1,0,0
2023-08-22 21:00:00,0,22,2,173,0,18.0,15.6,0.7,0,0,0,0,0,1,0,1,0,0
2023-08-22 04:00:00,1,5,1,11,0,18.0,15.6,0.7,0,0,0,0,0,1,0,1,0,0
2023-08-22 03:00:00,2,4,0,7,0,18.0,15.6,0.7,0,0,0,0,0,1,0,1,0,0
2023-08-22 22:00:00,0,23,0,114,0,18.0,15.6,0.7,0,0,0,0,0,1,0,1,0,0
2023-08-22 23:00:00,0,0,0,36,0,18.0,15.6,0.7,0,0,0,0,0,1,0,1,0,0
2023-08-22 00:00:00,0,1,0,23,0,18.0,15.6,0.7,0,0,0,0,0,1,0,1,0,0
2023-08-22 05:00:00,0,6,0,17,0,18.0,15.6,0.7,0,0,0,0,0,1,0,1,0,0
2023-08-22 01:00:00,0,2,0,15,0,18.0,15.6,0.7,0,0,0,0,0,1,0,1,0,0
2023-08-22 02:00:00,0,3,0,10,0,18.0,15.6,0.7,0,0,0,0,0,1,0,1,0,0
2023-08-23 16:00:00,10,17,34,1804,0,19.5,9.3,3.6,0,0,0,0,0,0,1,1,0,0
2023-08-26 00:00:00,92,1,0,129,0,18.3,5.5,0.8,0,0,1,0,0,0,0,1,0,0
2023-08-23 11:00:00,23,12,29,2317,0,19.5,9.3,3.6,0,0,0,0,0,0,1,1,0,0
2023-08-23 17:00:00,5,18,28,1130,0,19.5,9.3,3.6,0,0,0,0,0,0,1,1,0,0
2023-08-23 14:00:00,17,15,18,2362,0,19.5,9.3,3.6,0,0,0,0,0,0,1,1,0,0
2023-08-23 12:00:00,14,13,17,2960,0,19.5,9.3,3.6,0,0,0,0,0,0,1,1,0,0
2023-08-23 15:00:00,14,16,17,1562,0,19.5,9.3,3.6,0,0,0,0,0,0,1,1,0,0
2023-08-23 13:00:00,20,14,14,2713,0,19.5,9.3,3.6,0,0,0,0,0,0,1,1,0,0
2023-08-23 08:00:00,10,9,11,698,0,19.5,9.3,3.6,0,0,0,0,0,0,1,1,0,0
2023-08-23 10:00:00,26,11,9,1973,0,19.5,9.3,3.6,0,0,0,0,0,0,1,1,0,0
2023-08-23 09:00:00,11,10,8,1205,0,19.5,9.3,3.6,0,0,0,0,0,0,1,1,0,0
2023-08-23 07:00:00,7,8,8,199,0,19.5,9.3,3.6,0,0,0,0,0,0,1,1,0,0
2023-08-23 19:00:00,67,20,6,478,0,19.5,9.3,3.6,0,0,0,0,0,0,1,1,0,0
2023-08-23 18:00:00,37,19,5,524,0,19.5,9.3,3.6,0,0,0,0,0,0,1,1,0,0
2023-08-23 20:00:00,68,21,4,399,0,19.5,9.3,3.6,0,0,0,0,0,0,1,1,0,0
2023-08-23 06:00:00,12,7,4,38,0,19.5,9.3,3.6,0,0,0,0,0,0,1,1,0,0
2023-08-23 21:00:00,51,22,3,251,0,19.5,9.3,3.6,0,0,0,0,0,0,1,1,0,0
2023-08-23 00:00:00,0,1,1,48,0,19.5,9.3,3.6,0,0,0,0,0,0,1,1,0,0
2023-08-23 22:00:00,66,23,0,184,0,19.5,9.3,3.6,0,0,0,0,0,0,1,1,0,0
2023-08-23 23:00:00,44,0,0,96,0,19.5,9.3,3.6,0,0,0,0,0,0,1,1,0,0
2023-08-23 03:00:00,3,4,0,4,0,19.5,9.3,3.6,0,0,0,0,0,0,1,1,0,0
2023-08-23 05:00:00,1,6,0,26,0,19.5,9.3,3.6,0,0,0,0,0,0,1,1,0,0
2023-08-23 02:00:00,1,3,0,17,0,19.5,9.3,3.6,0,0,0,0,0,0,1,1,0,0
2023-08-23 01:00:00,1,2,0,14,0,19.5,9.3,3.6,0,0,0,0,0,0,1,1,0,0
2023-08-23 04:00:00,0,5,0,6,0,19.5,9.3,3.6,0,0,0,0,0,0,1,1,0,0
2023-08-24 12:00:00,22,13,48,3006,0,17.9,12.1,0.0,0,0,0,0,1,0,0,1,0,0
2023-08-24 15:00:00,13,16,37,1779,0,17.9,12.1,0.0,0,0,0,0,1,0,0,1,0,0
2023-08-24 14:00:00,11,15,34,3040,0,17.9,12.1,0.0,0,0,0,0,1,0,0,1,0,0
2023-08-24 11:00:00,7,12,28,2288,0,17.9,12.1,0.0,0,0,0,0,1,0,0,1,0,0
2023-08-24 13:00:00,14,14,26,3487,0,17.9,12.1,0.0,0,0,0,0,1,0,0,1,0,0
2023-08-24 10:00:00,9,11,24,1876,0,17.9,12.1,0.0,0,0,0,0,1,0,0,1,0,0
2023-08-24 16:00:00,2,17,22,1193,0,17.9,12.1,0.0,0,0,0,0,1,0,0,1,0,0
2023-08-24 18:00:00,4,19,16,266,0,17.9,12.1,0.0,0,0,0,0,1,0,0,1,0,0
2023-08-24 09:00:00,12,10,15,1194,0,17.9,12.1,0.0,0,0,0,0,1,0,0,1,0,0
2023-08-24 19:00:00,62,20,10,513,0,17.9,12.1,0.0,0,0,0,0,1,0,0,1,0,0
2023-08-24 17:00:00,3,18,9,490,0,17.9,12.1,0.0,0,0,0,0,1,0,0,1,0,0
2023-08-24 20:00:00,96,21,5,606,0,17.9,12.1,0.0,0,0,0,0,1,0,0,1,0,0
2023-08-24 21:00:00,79,22,4,459,0,17.9,12.1,0.0,0,0,0,0,1,0,0,1,0,0
2023-08-24 22:00:00,58,23,3,251,0,17.9,12.1,0.0,0,0,0,0,1,0,0,1,0,0
2023-08-24 06:00:00,30,7,3,71,0,17.9,12.1,0.0,0,0,0,0,1,0,0,1,0,0
2023-08-18 10:00:00,11,11,21,2572,0,20.9,13.2,9.7,1,0,0,0,0,0,0,1,0,0
2023-08-20 11:00:00,47,12,7,1519,0,21.5,14.0,0.0,0,0,0,1,0,0,0,1,0,0
2023-08-20 19:00:00,6,20,4,236,0,21.5,14.0,0.0,0,0,0,1,0,0,0,1,0,0
2023-08-26 01:00:00,86,2,0,107,0,18.3,5.5,0.8,0,0,1,0,0,0,0,1,0,0
2023-08-30 05:00:00,0,6,0,38,0,17.9,7.7,0.0,0,0,0,0,0,0,1,1,0,0
2023-08-18 14:00:00,19,15,20,3603,0,20.9,13.2,9.7,1,0,0,0,0,0,0,1,0,0
2023-08-20 20:00:00,0,21,4,184,0,21.5,14.0,0.0,0,0,0,1,0,0,0,1,0,0
2023-08-26 02:00:00,55,3,0,79,0,18.3,5.5,0.8,0,0,1,0,0,0,0,1,0,0
2023-08-30 00:00:00,0,1,0,23,0,17.9,7.7,0.0,0,0,0,0,0,0,1,1,0,0
2023-08-18 17:00:00,14,18,20,1573,0,20.9,13.2,9.7,1,0,0,0,0,0,0,1,0,0
2023-08-20 08:00:00,3,9,3,28,0,21.5,14.0,0.0,0,0,0,1,0,0,0,1,0,0
2023-08-26 03:00:00,54,4,0,96,0,18.3,5.5,0.8,0,0,1,0,0,0,0,1,0,0
2023-08-30 04:00:00,0,5,0,11,0,17.9,7.7,0.0,0,0,0,0,0,0,1,1,0,0
2023-08-18 12:00:00,9,13,19,3320,0,20.9,13.2,9.7,1,0,0,0,0,0,0,1,0,0
2023-08-20 22:00:00,0,23,2,62,0,21.5,14.0,0.0,0,0,0,1,0,0,0,1,0,0
2023-08-26 04:00:00,21,5,0,37,0,18.3,5.5,0.8,0,0,1,0,0,0,0,1,0,0
2023-08-31 16:00:00,17,17,37,1966,0,17.8,7.5,0.0,0,0,0,0,1,0,0,1,0,0
2023-08-18 09:00:00,38,10,18,1395,0,20.9,13.2,9.7,1,0,0,0,0,0,0,1,0,0
2023-08-20 21:00:00,1,22,0,144,0,21.5,14.0,0.0,0,0,0,1,0,0,0,1,0,0
2023-08-26 06:00:00,9,7,0,23,0,18.3,5.5,0.8,0,0,1,0,0,0,0,1,0,0
2023-08-26 05:00:00,0,6,0,30,0,18.3,5.5,0.8,0,0,1,0,0,0,0,1,0,0
2023-08-27 12:00:00,6,13,42,1882,0,18.6,5.5,4.8,0,0,0,1,0,0,0,1,0,0
2023-08-27 15:00:00,11,16,23,1631,0,18.6,5.5,4.8,0,0,0,1,0,0,0,1,0,0
2023-08-27 16:00:00,10,17,23,1442,0,18.6,5.5,4.8,0,0,0,1,0,0,0,1,0,0
2023-08-27 13:00:00,15,14,15,1580,0,18.6,5.5,4.8,0,0,0,1,0,0,0,1,0,0
2023-08-27 14:00:00,25,15,12,1451,0,18.6,5.5,4.8,0,0,0,1,0,0,0,1,0,0
2023-08-27 11:00:00,14,12,12,1526,0,18.6,5.5,4.8,0,0,0,1,0,0,0,1,0,0
2023-08-27 18:00:00,80,19,11,596,0,18.6,5.5,4.8,0,0,0,1,0,0,0,1,0,0
2023-08-27 19:00:00,86,20,9,449,0,18.6,5.5,4.8,0,0,0,1,0,0,0,1,0,0
2023-08-27 20:00:00,73,21,9,440,0,18.6,5.5,4.8,0,0,0,1,0,0,0,1,0,0
2023-08-27 17:00:00,35,18,6,922,0,18.6,5.5,4.8,0,0,0,1,0,0,0,1,0,0
2023-08-27 09:00:00,5,10,6,250,0,18.6,5.5,4.8,0,0,0,1,0,0,0,1,0,0
2023-08-27 10:00:00,2,11,6,737,0,18.6,5.5,4.8,0,0,0,1,0,0,0,1,0,0
2023-08-27 21:00:00,63,22,4,319,0,18.6,5.5,4.8,0,0,0,1,0,0,0,1,0,0
2023-08-27 00:00:00,93,1,3,291,0,18.6,5.5,4.8,0,0,0,1,0,0,0,1,0,0
2023-08-27 02:00:00,101,3,1,144,0,18.6,5.5,4.8,0,0,0,1,0,0,0,1,0,0
2023-08-27 22:00:00,57,23,1,180,0,18.6,5.5,4.8,0,0,0,1,0,0,0,1,0,0
2023-08-27 01:00:00,79,2,0,75,0,18.6,5.5,4.8,0,0,0,1,0,0,0,1,0,0
2023-08-27 23:00:00,68,0,0,85,0,18.6,5.5,4.8,0,0,0,1,0,0,0,1,0,0
2023-08-27 03:00:00,42,4,0,58,0,18.6,5.5,4.8,0,0,0,1,0,0,0,1,0,0
2023-08-27 07:00:00,8,8,0,52,0,18.6,5.5,4.8,0,0,0,1,0,0,0,1,0,0
2023-08-27 08:00:00,7,9,0,107,0,18.6,5.5,4.8,0,0,0,1,0,0,0,1,0,0
2023-08-27 05:00:00,2,6,0,16,0,18.6,5.5,4.8,0,0,0,1,0,0,0,1,0,0
2023-08-27 06:00:00,1,7,0,24,0,18.6,5.5,4.8,0,0,0,1,0,0,0,1,0,0
2023-08-27 04:00:00,0,5,0,14,0,18.6,5.5,4.8,0,0,0,1,0,0,0,1,0,0
2023-08-28 13:00:00,12,14,47,3064,0,18.2,8.5,0.0,0,1,0,0,0,0,0,1,0,0
2023-08-28 16:00:00,8,17,25,1817,0,18.2,8.5,0.0,0,1,0,0,0,0,0,1,0,0
2023-08-28 14:00:00,16,15,24,2781,0,18.2,8.5,0.0,0,1,0,0,0,0,0,1,0,0
2023-08-28 15:00:00,14,16,20,2406,0,18.2,8.5,0.0,0,1,0,0,0,0,0,1,0,0
2023-08-28 10:00:00,18,11,19,2106,0,18.2,8.5,0.0,0,1,0,0,0,0,0,1,0,0
2023-08-28 12:00:00,26,13,17,2938,0,18.2,8.5,0.0,0,1,0,0,0,0,0,1,0,0
2023-08-28 19:00:00,4,20,15,213,0,18.2,8.5,0.0,0,1,0,0,0,0,0,1,0,0
2023-08-28 11:00:00,13,12,13,2529,0,18.2,8.5,0.0,0,1,0,0,0,0,0,1,0,0
2023-08-28 09:00:00,18,10,11,1227,0,18.2,8.5,0.0,0,1,0,0,0,0,0,1,0,0
2023-08-28 18:00:00,8,19,10,416,0,18.2,8.5,0.0,0,1,0,0,0,0,0,1,0,0
2023-08-28 17:00:00,6,18,10,1293,0,18.2,8.5,0.0,0,1,0,0,0,0,0,1,0,0
2023-08-28 08:00:00,12,9,7,592,0,18.2,8.5,0.0,0,1,0,0,0,0,0,1,0,0
2023-08-28 07:00:00,10,8,7,200,0,18.2,8.5,0.0,0,1,0,0,0,0,0,1,0,0
2023-08-28 20:00:00,7,21,5,145,0,18.2,8.5,0.0,0,1,0,0,0,0,0,1,0,0
2023-08-28 00:00:00,53,1,3,75,0,18.2,8.5,0.0,0,1,0,0,0,0,0,1,0,0
2023-08-28 06:00:00,39,7,2,125,0,18.2,8.5,0.0,0,1,0,0,0,0,0,1,0,0
2023-08-28 21:00:00,8,22,2,172,0,18.2,8.5,0.0,0,1,0,0,0,0,0,1,0,0
2023-08-28 02:00:00,32,3,1,40,0,18.2,8.5,0.0,0,1,0,0,0,0,0,1,0,0
2023-08-28 05:00:00,24,6,1,39,0,18.2,8.5,0.0,0,1,0,0,0,0,0,1,0,0
2023-08-31 17:00:00,8,18,29,1388,0,17.8,7.5,0.0,0,0,0,0,1,0,0,1,0,0
2023-08-18 15:00:00,9,16,15,3223,0,20.9,13.2,9.7,1,0,0,0,0,0,0,1,0,0
2023-08-31 12:00:00,18,13,22,3685,0,17.8,7.5,0.0,0,0,0,0,1,0,0,1,0,0
2023-08-20 03:00:00,1,4,0,23,0,21.5,14.0,0.0,0,0,0,1,0,0,0,1,0,0
2023-08-18 16:00:00,18,17,12,2764,0,20.9,13.2,9.7,1,0,0,0,0,0,0,1,0,0
2023-08-31 15:00:00,27,16,21,2119,0,17.8,7.5,0.0,0,0,0,0,1,0,0,1,0,0
2023-08-20 07:00:00,1,8,0,19,0,21.5,14.0,0.0,0,0,0,1,0,0,0,1,0,0
2023-08-18 08:00:00,14,9,12,613,0,20.9,13.2,9.7,1,0,0,0,0,0,0,1,0,0
2023-08-31 11:00:00,19,12,15,3006,0,17.8,7.5,0.0,0,0,0,0,1,0,0,1,0,0
2023-08-20 23:00:00,0,0,0,65,0,21.5,14.0,0.0,0,0,0,1,0,0,0,1,0,0
2023-08-24 08:00:00,12,9,3,684,0,17.9,12.1,0.0,0,0,0,0,1,0,0,1,0,0
2023-08-18 18:00:00,12,19,12,412,0,20.9,13.2,9.7,1,0,0,0,0,0,0,1,0,0
2023-08-18 13:00:00,13,14,9,3674,0,20.9,13.2,9.7,1,0,0,0,0,0,0,1,0,0
2023-08-18 06:00:00,5,7,7,87,0,20.9,13.2,9.7,1,0,0,0,0,0,0,1,0,0
2023-08-18 11:00:00,7,12,4,2090,0,20.9,13.2,9.7,1,0,0,0,0,0,0,1,0,0
2023-08-18 19:00:00,6,20,4,267,0,20.9,13.2,9.7,1,0,0,0,0,0,0,1,0,0
2023-08-18 21:00:00,51,22,3,337,0,20.9,13.2,9.7,1,0,0,0,0,0,0,1,0,0
2023-08-18 00:00:00,32,1,3,95,0,20.9,13.2,9.7,1,0,0,0,0,0,0,1,0,0
2023-08-18 07:00:00,25,8,3,303,0,20.9,13.2,9.7,1,0,0,0,0,0,0,1,0,0
2023-08-18 20:00:00,11,21,3,214,0,20.9,13.2,9.7,1,0,0,0,0,0,0,1,0,0
2023-08-18 02:00:00,0,3,1,15,0,20.9,13.2,9.7,1,0,0,0,0,0,0,1,0,0
2023-08-18 23:00:00,103,0,0,195,0,20.9,13.2,9.7,1,0,0,0,0,0,0,1,0,0
2023-08-18 22:00:00,97,23,0,256,0,20.9,13.2,9.7,1,0,0,0,0,0,0,1,0,0
2023-08-18 01:00:00,11,2,0,28,0,20.9,13.2,9.7,1,0,0,0,0,0,0,1,0,0
2023-08-18 04:00:00,2,5,0,9,0,20.9,13.2,9.7,1,0,0,0,0,0,0,1,0,0
2023-08-18 03:00:00,2,4,0,8,0,20.9,13.2,9.7,1,0,0,0,0,0,0,1,0,0
2023-08-18 05:00:00,1,6,0,22,0,20.9,13.2,9.7,1,0,0,0,0,0,0,1,0,0
2023-08-19 09:00:00,14,10,3,472,0,21.8,13.4,0.0,0,0,1,0,0,0,0,1,0,0
2023-08-19 18:00:00,1,19,3,97,0,21.8,13.4,0.0,0,0,1,0,0,0,0,1,0,0
2023-08-19 08:00:00,9,9,1,106,0,21.8,13.4,0.0,0,0,1,0,0,0,0,1,0,0
2023-08-19 10:00:00,4,11,1,196,0,21.8,13.4,0.0,0,0,1,0,0,0,0,1,0,0
2023-08-19 14:00:00,1,15,1,626,0,21.8,13.4,0.0,0,0,1,0,0,0,0,1,0,0
2023-08-19 23:00:00,0,0,1,84,0,21.8,13.4,0.0,0,0,1,0,0,0,0,1,0,0
2023-08-19 01:00:00,76,2,0,51,0,21.8,13.4,0.0,0,0,1,0,0,0,0,1,0,0
2023-08-19 00:00:00,68,1,0,82,0,21.8,13.4,0.0,0,0,1,0,0,0,0,1,0,0
2023-08-19 02:00:00,57,3,0,47,0,21.8,13.4,0.0,0,0,1,0,0,0,0,1,0,0
2023-08-19 03:00:00,30,4,0,17,0,21.8,13.4,0.0,0,0,1,0,0,0,0,1,0,0
2023-08-19 04:00:00,22,5,0,5,0,21.8,13.4,0.0,0,0,1,0,0,0,0,1,0,0
2023-08-19 06:00:00,3,7,0,15,0,21.8,13.4,0.0,0,0,1,0,0,0,0,1,0,0
2023-08-19 21:00:00,1,22,0,130,0,21.8,13.4,0.0,0,0,1,0,0,0,0,1,0,0
2023-08-19 05:00:00,1,6,0,5,0,21.8,13.4,0.0,0,0,1,0,0,0,0,1,0,0
2023-08-19 17:00:00,0,18,0,94,0,21.8,13.4,0.0,0,0,1,0,0,0,0,1,0,0
2023-08-19 22:00:00,0,23,0,78,0,21.8,13.4,0.0,0,0,1,0,0,0,0,1,0,0
2023-08-19 13:00:00,0,14,0,33,0,21.8,13.4,0.0,0,0,1,0,0,0,0,1,0,0
2023-08-19 20:00:00,0,21,0,33,0,21.8,13.4,0.0,0,0,1,0,0,0,0,1,0,0
2023-08-20 14:00:00,12,15,24,2199,0,21.5,14.0,0.0,0,0,0,1,0,0,0,1,0,0
2023-08-20 17:00:00,7,18,23,560,0,21.5,14.0,0.0,0,0,0,1,0,0,0,1,0,0
2023-08-20 16:00:00,9,17,20,1620,0,21.5,14.0,0.0,0,0,0,1,0,0,0,1,0,0
2023-08-20 12:00:00,39,13,18,1950,0,21.5,14.0,0.0,0,0,0,1,0,0,0,1,0,0
2023-08-20 15:00:00,7,16,18,2061,0,21.5,14.0,0.0,0,0,0,1,0,0,0,1,0,0
2023-08-20 13:00:00,6,14,14,1699,0,21.5,14.0,0.0,0,0,0,1,0,0,0,1,0,0
2023-08-20 18:00:00,4,19,14,281,0,21.5,14.0,0.0,0,0,0,1,0,0,0,1,0,0
2023-08-20 10:00:00,0,11,8,129,0,21.5,14.0,0.0,0,0,0,1,0,0,0,1,0,0
2023-08-24 07:00:00,12,8,2,180,0,17.9,12.1,0.0,0,0,0,0,1,0,0,1,0,0
2023-08-20 02:00:00,0,3,0,31,0,21.5,14.0,0.0,0,0,0,1,0,0,0,1,0,0
2023-08-31 14:00:00,13,15,15,3093,0,17.8,7.5,0.0,0,0,0,0,1,0,0,1,0,0
2023-08-24 23:00:00,42,0,1,71,0,17.9,12.1,0.0,0,0,0,0,1,0,0,1,0,0
2023-08-20 01:00:00,0,2,0,29,0,21.5,14.0,0.0,0,0,0,1,0,0,0,1,0,0
2023-08-31 18:00:00,10,19,10,477,0,17.8,7.5,0.0,0,0,0,0,1,0,0,1,0,0
2023-08-24 01:00:00,26,2,1,24,0,17.9,12.1,0.0,0,0,0,0,1,0,0,1,0,0
2023-08-20 00:00:00,0,1,0,24,0,21.5,14.0,0.0,0,0,0,1,0,0,0,1,0,0
2023-08-31 08:00:00,10,9,9,689,0,17.8,7.5,0.0,0,0,0,0,1,0,0,1,0,0
2023-08-24 00:00:00,29,1,0,28,0,17.9,12.1,0.0,0,0,0,0,1,0,0,1,0,0
2023-08-20 06:00:00,0,7,0,6,0,21.5,14.0,0.0,0,0,0,1,0,0,0,1,0,0
2023-08-31 19:00:00,10,20,9,311,0,17.8,7.5,0.0,0,0,0,0,1,0,0,1,0,0
2023-08-24 02:00:00,27,3,0,8,0,17.9,12.1,0.0,0,0,0,0,1,0,0,1,0,0
2023-08-24 05:00:00,11,6,0,24,0,17.9,12.1,0.0,0,0,0,0,1,0,0,1,0,0
2023-08-24 04:00:00,11,5,0,13,0,17.9,12.1,0.0,0,0,0,0,1,0,0,1,0,0
2023-08-24 03:00:00,9,4,0,6,0,17.9,12.1,0.0,0,0,0,0,1,0,0,1,0,0
2023-08-25 12:00:00,22,13,34,3000,0,18.5,8.9,0.0,1,0,0,0,0,0,0,1,0,0
2023-08-25 14:00:00,13,15,21,2653,0,18.5,8.9,0.0,1,0,0,0,0,0,0,1,0,0
2023-08-25 13:00:00,17,14,17,2802,0,18.5,8.9,0.0,1,0,0,0,0,0,0,1,0,0
2023-08-25 11:00:00,10,12,15,2616,0,18.5,8.9,0.0,1,0,0,0,0,0,0,1,0,0
2023-08-25 17:00:00,16,18,13,1446,0,18.5,8.9,0.0,1,0,0,0,0,0,0,1,0,0
2023-08-25 19:00:00,115,20,12,784,0,18.5,8.9,0.0,1,0,0,0,0,0,0,1,0,0
2023-08-25 16:00:00,9,17,12,2311,0,18.5,8.9,0.0,1,0,0,0,0,0,0,1,0,0
2023-08-25 09:00:00,18,10,10,1410,0,18.5,8.9,0.0,1,0,0,0,0,0,0,1,0,0
2023-08-25 10:00:00,16,11,10,2295,0,18.5,8.9,0.0,1,0,0,0,0,0,0,1,0,0
2023-08-25 15:00:00,6,16,10,2741,0,18.5,8.9,0.0,1,0,0,0,0,0,0,1,0,0
2023-08-25 07:00:00,55,8,8,295,0,18.5,8.9,0.0,1,0,0,0,0,0,0,1,0,0
2023-08-25 18:00:00,22,19,8,575,0,18.5,8.9,0.0,1,0,0,0,0,0,0,1,0,0
2023-08-25 08:00:00,20,9,7,771,0,18.5,8.9,0.0,1,0,0,0,0,0,0,1,0,0
2023-08-25 20:00:00,99,21,3,664,0,18.5,8.9,0.0,1,0,0,0,0,0,0,1,0,0
2023-08-25 01:00:00,22,2,3,28,0,18.5,8.9,0.0,1,0,0,0,0,0,0,1,0,0
2023-08-25 21:00:00,100,22,2,629,0,18.5,8.9,0.0,1,0,0,0,0,0,0,1,0,0
2023-08-25 23:00:00,97,0,2,136,0,18.5,8.9,0.0,1,0,0,0,0,0,0,1,0,0
2023-08-25 00:00:00,27,1,2,45,0,18.5,8.9,0.0,1,0,0,0,0,0,0,1,0,0
2023-08-25 22:00:00,86,23,1,342,0,18.5,8.9,0.0,1,0,0,0,0,0,0,1,0,0
2023-08-25 06:00:00,30,7,1,63,0,18.5,8.9,0.0,1,0,0,0,0,0,0,1,0,0
2023-08-25 02:00:00,28,3,0,31,0,18.5,8.9,0.0,1,0,0,0,0,0,0,1,0,0
2023-08-25 05:00:00,22,6,0,26,0,18.5,8.9,0.0,1,0,0,0,0,0,0,1,0,0
2023-08-25 03:00:00,15,4,0,27,0,18.5,8.9,0.0,1,0,0,0,0,0,0,1,0,0
2023-08-25 04:00:00,8,5,0,10,0,18.5,8.9,0.0,1,0,0,0,0,0,0,1,0,0
2023-08-26 13:00:00,11,14,23,3049,0,18.3,5.5,0.8,0,0,1,0,0,0,0,1,0,0
2023-08-26 14:00:00,12,15,21,3790,0,18.3,5.5,0.8,0,0,1,0,0,0,0,1,0,0
2023-08-26 16:00:00,6,17,21,2415,0,18.3,5.5,0.8,0,0,1,0,0,0,0,1,0,0
2023-08-26 15:00:00,9,16,20,2605,0,18.3,5.5,0.8,0,0,1,0,0,0,0,1,0,0
2023-08-26 10:00:00,67,11,17,2520,0,18.3,5.5,0.8,0,0,1,0,0,0,0,1,0,0
2023-08-26 17:00:00,6,18,17,1542,0,18.3,5.5,0.8,0,0,1,0,0,0,0,1,0,0
2023-08-26 18:00:00,11,19,15,402,0,18.3,5.5,0.8,0,0,1,0,0,0,0,1,0,0
2023-08-26 11:00:00,12,12,14,2631,0,18.3,5.5,0.8,0,0,1,0,0,0,0,1,0,0
2023-08-26 12:00:00,7,13,12,2559,0,18.3,5.5,0.8,0,0,1,0,0,0,0,1,0,0
2023-08-26 09:00:00,30,10,6,1314,0,18.3,5.5,0.8,0,0,1,0,0,0,0,1,0,0
2023-08-26 22:00:00,117,23,5,262,0,18.3,5.5,0.8,0,0,1,0,0,0,0,1,0,0
2023-08-26 20:00:00,84,21,5,711,0,18.3,5.5,0.8,0,0,1,0,0,0,0,1,0,0
2023-08-26 08:00:00,4,9,5,528,0,18.3,5.5,0.8,0,0,1,0,0,0,0,1,0,0
2023-08-26 21:00:00,123,22,4,425,0,18.3,5.5,0.8,0,0,1,0,0,0,0,1,0,0
2023-08-26 07:00:00,3,8,3,88,0,18.3,5.5,0.8,0,0,1,0,0,0,0,1,0,0
2023-08-26 23:00:00,94,0,2,163,0,18.3,5.5,0.8,0,0,1,0,0,0,0,1,0,0
2023-08-26 19:00:00,39,20,2,376,0,18.3,5.5,0.8,0,0,1,0,0,0,0,1,0,0
2023-08-21 13:00:00,15,14,25,2557,0,21.4,14.3,0.6,0,1,0,0,0,0,0,1,0,0
2023-08-31 13:00:00,15,14,8,3735,0,17.8,7.5,0.0,0,0,0,0,1,0,0,1,0,0
2023-08-31 09:00:00,10,10,6,1366,0,17.8,7.5,0.0,0,0,0,0,1,0,0,1,0,0
2023-08-21 16:00:00,11,17,23,1913,0,21.4,14.3,0.6,0,1,0,0,0,0,0,1,0,0
2023-08-31 10:00:00,16,11,5,1894,0,17.8,7.5,0.0,0,0,0,0,1,0,0,1,0,0
2023-08-21 15:00:00,9,16,19,2136,0,21.4,14.3,0.6,0,1,0,0,0,0,0,1,0,0
2023-08-31 07:00:00,7,8,4,165,0,17.8,7.5,0.0,0,0,0,0,1,0,0,1,0,0
2023-08-21 14:00:00,17,15,18,2605,0,21.4,14.3,0.6,0,1,0,0,0,0,0,1,0,0
2023-08-31 20:00:00,4,21,2,218,0,17.8,7.5,0.0,0,0,0,0,1,0,0,1,0,0
2023-08-21 12:00:00,14,13,17,2577,0,21.4,14.3,0.6,0,1,0,0,0,0,0,1,0,0
2023-08-21 09:00:00,28,10,16,1273,0,21.4,14.3,0.6,0,1,0,0,0,0,0,1,0,0
2023-08-21 11:00:00,22,12,15,2465,0,21.4,14.3,0.6,0,1,0,0,0,0,0,1,0,0
2023-08-21 17:00:00,7,18,12,1248,0,21.4,14.3,0.6,0,1,0,0,0,0,0,1,0,0
2023-08-21 10:00:00,18,11,9,1978,0,21.4,14.3,0.6,0,1,0,0,0,0,0,1,0,0
2023-08-21 18:00:00,4,19,9,419,0,21.4,14.3,0.6,0,1,0,0,0,0,0,1,0,0
2023-08-21 19:00:00,1,20,9,319,0,21.4,14.3,0.6,0,1,0,0,0,0,0,1,0,0
2023-08-21 08:00:00,10,9,7,659,0,21.4,14.3,0.6,0,1,0,0,0,0,0,1,0,0
2023-08-21 07:00:00,7,8,5,167,0,21.4,14.3,0.6,0,1,0,0,0,0,0,1,0,0
2023-08-21 20:00:00,5,21,4,190,0,21.4,14.3,0.6,0,1,0,0,0,0,0,1,0,0
2023-08-21 23:00:00,1,0,2,58,0,21.4,14.3,0.6,0,1,0,0,0,0,0,1,0,0
2023-08-21 06:00:00,6,7,1,46,0,21.4,14.3,0.6,0,1,0,0,0,0,0,1,0,0
2023-08-21 00:00:00,2,1,1,26,0,21.4,14.3,0.6,0,1,0,0,0,0,0,1,0,0
2023-08-21 22:00:00,3,23,0,154,0,21.4,14.3,0.6,0,1,0,0,0,0,0,1,0,0
2023-08-21 02:00:00,2,3,0,15,0,21.4,14.3,0.6,0,1,0,0,0,0,0,1,0,0
2023-08-21 21:00:00,1,22,0,208,0,21.4,14.3,0.6,0,1,0,0,0,0,0,1,0,0
2023-08-21 05:00:00,1,6,0,24,0,21.4,14.3,0.6,0,1,0,0,0,0,0,1,0,0
2023-08-21 03:00:00,1,4,0,15,0,21.4,14.3,0.6,0,1,0,0,0,0,0,1,0,0
2023-08-21 01:00:00,0,2,0,37,0,21.4,14.3,0.6,0,1,0,0,0,0,0,1,0,0
2023-08-21 04:00:00,0,5,0,6,0,21.4,14.3,0.6,0,1,0,0,0,0,0,1,0,0
2023-08-22 13:00:00,13,14,32,2707,0,18.0,15.6,0.7,0,0,0,0,0,1,0,1,0,0
2023-08-22 14:00:00,18,15,23,2638,0,18.0,15.6,0.7,0,0,0,0,0,1,0,1,0,0
2023-08-22 12:00:00,13,13,23,2771,0,18.0,15.6,0.7,0,0,0,0,0,1,0,1,0,0
2023-08-22 11:00:00,13,12,22,2514,0,18.0,15.6,0.7,0,0,0,0,0,1,0,1,0,0
2023-08-22 16:00:00,20,17,21,1541,0,18.0,15.6,0.7,0,0,0,0,0,1,0,1,0,0
2023-08-22 18:00:00,7,19,15,362,0,18.0,15.6,0.7,0,0,0,0,0,1,0,1,0,0
2023-08-22 10:00:00,10,11,14,1925,0,18.0,15.6,0.7,0,0,0,0,0,1,0,1,0,0
2023-08-22 15:00:00,16,16,11,2448,0,18.0,15.6,0.7,0,0,0,0,0,1,0,1,0,0
2023-08-22 09:00:00,13,10,11,1225,0,18.0,15.6,0.7,0,0,0,0,0,1,0,1,0,0
2023-08-22 20:00:00,6,21,11,182,0,18.0,15.6,0.7,0,0,0,0,0,1,0,1,0,0
2023-08-22 17:00:00,3,18,11,1337,0,18.0,15.6,0.7,0,0,0,0,0,1,0,1,0,0
2023-08-22 08:00:00,6,9,9,704,0,18.0,15.6,0.7,0,0,0,0,0,1,0,1,0,0
2023-08-22 07:00:00,10,8,5,202,0,18.0,15.6,0.7,0,0,0,0,0,1,0,1,0,0
2023-08-28 22:00:00,2,23,1,59,0,18.2,8.5,0.0,0,1,0,0,0,0,0,1,0,0
2023-08-31 21:00:00,2,22,2,228,0,17.8,7.5,0.0,0,0,0,0,1,0,0,1,0,0
2023-08-28 23:00:00,2,0,1,51,0,18.2,8.5,0.0,0,1,0,0,0,0,0,1,0,0
2023-08-28 01:00:00,43,2,0,12,0,18.2,8.5,0.0,0,1,0,0,0,0,0,1,0,0
2023-08-28 03:00:00,25,4,0,2,0,18.2,8.5,0.0,0,1,0,0,0,0,0,1,0,0
2023-08-28 04:00:00,13,5,0,10,0,18.2,8.5,0.0,0,1,0,0,0,0,0,1,0,0
2023-08-29 13:00:00,18,14,42,2855,0,19.0,10.5,0.0,0,0,0,0,0,1,0,1,0,0
2023-08-29 16:00:00,11,17,31,2248,0,19.0,10.5,0.0,0,0,0,0,0,1,0,1,0,0
2023-08-29 12:00:00,15,13,26,2932,0,19.0,10.5,0.0,0,0,0,0,0,1,0,1,0,0
2023-08-29 17:00:00,41,18,23,1604,0,19.0,10.5,0.0,0,0,0,0,0,1,0,1,0,0
2023-08-29 09:00:00,25,10,22,1224,0,19.0,10.5,0.0,0,0,0,0,0,1,0,1,0,0
2023-08-29 14:00:00,24,15,22,2374,0,19.0,10.5,0.0,0,0,0,0,0,1,0,1,0,0
2023-08-29 15:00:00,16,16,19,2327,0,19.0,10.5,0.0,0,0,0,0,0,1,0,1,0,0
2023-08-29 11:00:00,11,12,19,2507,0,19.0,10.5,0.0,0,0,0,0,0,1,0,1,0,0
2023-08-29 10:00:00,12,11,18,2075,0,19.0,10.5,0.0,0,0,0,0,0,1,0,1,0,0
2023-08-29 19:00:00,29,20,9,290,0,19.0,10.5,0.0,0,0,0,0,0,1,0,1,0,0
2023-08-29 08:00:00,8,9,9,677,0,19.0,10.5,0.0,0,0,0,0,0,1,0,1,0,0
2023-08-29 20:00:00,48,21,6,484,0,19.0,10.5,0.0,0,0,0,0,0,1,0,1,0,0
2023-08-29 18:00:00,41,19,6,556,0,19.0,10.5,0.0,0,0,0,0,0,1,0,1,0,0
2023-08-29 22:00:00,17,23,2,198,0,19.0,10.5,0.0,0,0,0,0,0,1,0,1,0,0
2023-08-29 21:00:00,47,22,1,288,0,19.0,10.5,0.0,0,0,0,0,0,1,0,1,0,0
2023-08-29 07:00:00,16,8,1,278,0,19.0,10.5,0.0,0,0,0,0,0,1,0,1,0,0
2023-08-29 06:00:00,6,7,1,81,0,19.0,10.5,0.0,0,0,0,0,0,1,0,1,0,0
2023-08-29 23:00:00,2,0,1,56,0,19.0,10.5,0.0,0,0,0,0,0,1,0,1,0,0
2023-08-29 03:00:00,3,4,0,2,0,19.0,10.5,0.0,0,0,0,0,0,1,0,1,0,0
2023-08-29 05:00:00,1,6,0,29,0,19.0,10.5,0.0,0,0,0,0,0,1,0,1,0,0
2023-08-29 00:00:00,1,1,0,24,0,19.0,10.5,0.0,0,0,0,0,0,1,0,1,0,0
2023-08-29 01:00:00,1,2,0,3,0,19.0,10.5,0.0,0,0,0,0,0,1,0,1,0,0
2023-08-29 02:00:00,0,3,0,6,0,19.0,10.5,0.0,0,0,0,0,0,1,0,1,0,0
2023-08-29 04:00:00,0,5,0,6,0,19.0,10.5,0.0,0,0,0,0,0,1,0,1,0,0
2023-08-30 16:00:00,54,17,28,2541,0,17.9,7.7,0.0,0,0,0,0,0,0,1,1,0,0
2023-08-30 17:00:00,84,18,22,1993,0,17.9,7.7,0.0,0,0,0,0,0,0,1,1,0,0
2023-08-30 15:00:00,73,16,15,2980,0,17.9,7.7,0.0,0,0,0,0,0,0,1,1,0,0
2023-08-30 11:00:00,13,12,15,2552,0,17.9,7.7,0.0,0,0,0,0,0,0,1,1,0,0
2023-08-30 09:00:00,24,10,14,1307,0,17.9,7.7,0.0,0,0,0,0,0,0,1,1,0,0
2023-08-30 12:00:00,16,13,14,3285,0,17.9,7.7,0.0,0,0,0,0,0,0,1,1,0,0
2023-08-30 10:00:00,15,11,14,2103,0,17.9,7.7,0.0,0,0,0,0,0,0,1,1,0,0
2023-08-30 19:00:00,67,20,13,472,0,17.9,7.7,0.0,0,0,0,0,0,0,1,1,0,0
2023-08-30 14:00:00,52,15,12,3768,0,17.9,7.7,0.0,0,0,0,0,0,0,1,1,0,0
2023-08-30 13:00:00,56,14,10,3610,0,17.9,7.7,0.0,0,0,0,0,0,0,1,1,0,0
2023-08-30 21:00:00,46,22,7,337,0,17.9,7.7,0.0,0,0,0,0,0,0,1,1,0,0
2023-08-30 20:00:00,67,21,5,455,0,17.9,7.7,0.0,0,0,0,0,0,0,1,1,0,0
2023-08-30 08:00:00,13,9,5,637,0,17.9,7.7,0.0,0,0,0,0,0,0,1,1,0,0
2023-08-30 06:00:00,3,7,5,52,0,17.9,7.7,0.0,0,0,0,0,0,0,1,1,0,0
2023-08-30 18:00:00,82,19,3,826,0,17.9,7.7,0.0,0,0,0,0,0,0,1,1,0,0
2023-08-30 07:00:00,15,8,3,186,0,17.9,7.7,0.0,0,0,0,0,0,0,1,1,0,0
2023-08-30 22:00:00,25,23,1,99,0,17.9,7.7,0.0,0,0,0,0,0,0,1,1,0,0
2023-08-30 23:00:00,0,0,1,48,0,17.9,7.7,0.0,0,0,0,0,0,0,1,1,0,0
2023-08-30 01:00:00,0,2,1,20,0,17.9,7.7,0.0,0,0,0,0,0,0,1,1,0,0
2023-08-30 03:00:00,3,4,0,15,0,17.9,7.7,0.0,0,0,0,0,0,0,1,1,0,0
2023-08-30 02:00:00,1,3,0,13,0,17.9,7.7,0.0,0,0,0,0,0,0,1,1,0,0
2023-08-31 02:00:00,1,3,2,9,0,17.8,7.5,0.0,0,0,0,0,1,0,0,1,0,0
2023-08-31 06:00:00,1,7,1,53,0,17.8,7.5,0.0,0,0,0,0,1,0,0,1,0,0
2023-08-31 22:00:00,3,23,0,120,0,17.8,7.5,0.0,0,0,0,0,1,0,0,1,0,0
2023-08-31 04:00:00,2,5,0,2,0,17.8,7.5,0.0,0,0,0,0,1,0,0,1,0,0
2023-08-31 23:00:00,1,0,0,46,0,17.8,7.5,0.0,0,0,0,0,1,0,0,1,0,0
2023-08-31 05:00:00,0,6,0,26,0,17.8,7.5,0.0,0,0,0,0,1,0,0,1,0,0
2023-08-31 00:00:00,0,1,0,23,0,17.8,7.5,0.0,0,0,0,0,1,0,0,1,0,0
2023-08-31 01:00:00,0,2,0,13,0,17.8,7.5,0.0,0,0,0,0,1,0,0,1,0,0
2023-08-31 03:00:00,0,4,0,5,0,17.8,7.5,0.0,0,0,0,0,1,0,0,1,0,0
2023-12-02 12:00:00,7,13,6,2644,0,4.3,-4.8,0.0,0,0,1,0,0,0,0,0,1,0
2023-12-01 11:00:00,19,12,42,3288,0,-0.7,-3.2,0.0,1,0,0,0,0,0,0,0,1,0
2023-12-01 12:00:00,28,13,36,3620,0,-0.7,-3.2,0.0,1,0,0,0,0,0,0,0,1,0
2023-12-02 20:00:00,65,21,5,558,0,4.3,-4.8,0.0,0,0,1,0,0,0,0,0,1,0
2023-12-01 14:00:00,13,15,21,3701,0,-0.7,-3.2,0.0,1,0,0,0,0,0,0,0,1,0
2023-12-02 21:00:00,45,22,5,498,0,4.3,-4.8,0.0,0,0,1,0,0,0,0,0,1,0
2023-12-01 09:00:00,20,10,18,1860,0,-0.7,-3.2,0.0,1,0,0,0,0,0,0,0,1,0
2023-12-02 08:00:00,47,9,4,532,0,4.3,-4.8,0.0,0,0,1,0,0,0,0,0,1,0
2023-12-01 13:00:00,6,14,14,3674,0,-0.7,-3.2,0.0,1,0,0,0,0,0,0,0,1,0
2023-12-01 10:00:00,15,11,13,3348,0,-0.7,-3.2,0.0,1,0,0,0,0,0,0,0,1,0
2023-12-01 08:00:00,13,9,13,1011,0,-0.7,-3.2,0.0,1,0,0,0,0,0,0,0,1,0
2023-12-01 15:00:00,11,16,13,3528,0,-0.7,-3.2,0.0,1,0,0,0,0,0,0,0,1,0
2023-12-02 17:00:00,3,18,4,1236,0,4.3,-4.8,0.0,0,0,1,0,0,0,0,0,1,0
2023-12-02 22:00:00,53,23,3,359,0,4.3,-4.8,0.0,0,0,1,0,0,0,0,0,1,0
2023-12-02 23:00:00,77,0,0,214,0,4.3,-4.8,0.0,0,0,1,0,0,0,0,0,1,0
2023-12-02 03:00:00,62,4,0,87,0,4.3,-4.8,0.0,0,0,1,0,0,0,0,0,1,0
2023-12-02 00:00:00,61,1,0,104,0,4.3,-4.8,0.0,0,0,1,0,0,0,0,0,1,0
2023-12-02 01:00:00,53,2,0,99,0,4.3,-4.8,0.0,0,0,1,0,0,0,0,0,1,0
2023-12-02 02:00:00,51,3,0,42,0,4.3,-4.8,0.0,0,0,1,0,0,0,0,0,1,0
2023-12-02 07:00:00,28,8,0,134,0,4.3,-4.8,0.0,0,0,1,0,0,0,0,0,1,0
2023-12-02 04:00:00,17,5,0,12,0,4.3,-4.8,0.0,0,0,1,0,0,0,0,0,1,0
2023-12-02 06:00:00,16,7,0,36,0,4.3,-4.8,0.0,0,0,1,0,0,0,0,0,1,0
2023-12-01 21:00:00,58,22,1,372,0,-0.7,-3.2,0.0,1,0,0,0,0,0,0,0,1,0
2023-12-01 03:00:00,3,4,1,12,0,-0.7,-3.2,0.0,1,0,0,0,0,0,0,0,1,0
2023-12-01 22:00:00,63,23,0,303,0,-0.7,-3.2,0.0,1,0,0,0,0,0,0,0,1,0
2023-12-01 23:00:00,51,0,0,160,0,-0.7,-3.2,0.0,1,0,0,0,0,0,0,0,1,0
2023-12-02 05:00:00,13,6,0,39,0,4.3,-4.8,0.0,0,0,1,0,0,0,0,0,1,0
2023-12-03 14:00:00,58,15,26,4156,0,5.7,-4.2,11.1,0,0,0,1,0,0,0,0,1,0
2023-12-03 15:00:00,56,16,24,3823,0,5.7,-4.2,11.1,0,0,0,1,0,0,0,0,1,0
2023-12-03 13:00:00,43,14,24,3989,0,5.7,-4.2,11.1,0,0,0,1,0,0,0,0,1,0
2023-12-03 12:00:00,54,13,20,3952,0,5.7,-4.2,11.1,0,0,0,1,0,0,0,0,1,0
2023-12-03 11:00:00,37,12,9,2806,0,5.7,-4.2,11.1,0,0,0,1,0,0,0,0,1,0
2023-12-01 07:00:00,8,8,0,258,0,-0.7,-3.2,0.0,1,0,0,0,0,0,0,0,1,0
2023-12-01 18:00:00,7,19,0,399,0,-0.7,-3.2,0.0,1,0,0,0,0,0,0,0,1,0
2023-12-01 19:00:00,7,20,0,259,0,-0.7,-3.2,0.0,1,0,0,0,0,0,0,0,1,0
2023-12-01 00:00:00,6,1,0,42,0,-0.7,-3.2,0.0,1,0,0,0,0,0,0,0,1,0
2023-12-01 06:00:00,4,7,0,58,0,-0.7,-3.2,0.0,1,0,0,0,0,0,0,0,1,0
2023-12-01 02:00:00,3,3,0,8,0,-0.7,-3.2,0.0,1,0,0,0,0,0,0,0,1,0
2023-12-01 04:00:00,2,5,0,9,0,-0.7,-3.2,0.0,1,0,0,0,0,0,0,0,1,0
2023-12-01 05:00:00,1,6,0,46,0,-0.7,-3.2,0.0,1,0,0,0,0,0,0,0,1,0
2023-12-01 01:00:00,1,2,0,26,0,-0.7,-3.2,0.0,1,0,0,0,0,0,0,0,1,0
2023-12-02 09:00:00,45,10,13,1706,0,4.3,-4.8,0.0,0,0,1,0,0,0,0,0,1,0
2023-12-02 10:00:00,27,11,10,2322,0,4.3,-4.8,0.0,0,0,1,0,0,0,0,0,1,0
2023-12-02 15:00:00,6,16,10,3094,0,4.3,-4.8,0.0,0,0,1,0,0,0,0,0,1,0
2023-12-02 16:00:00,7,17,9,2238,0,4.3,-4.8,0.0,0,0,1,0,0,0,0,0,1,0
2023-12-02 13:00:00,25,14,8,4376,0,4.3,-4.8,0.0,0,0,1,0,0,0,0,0,1,0
2023-12-02 14:00:00,17,15,8,3824,0,4.3,-4.8,0.0,0,0,1,0,0,0,0,0,1,0
2023-12-02 18:00:00,68,19,7,1092,0,4.3,-4.8,0.0,0,0,1,0,0,0,0,0,1,0
2023-12-02 11:00:00,0,12,2,1708,0,4.3,-4.8,0.0,0,0,1,0,0,0,0,0,1,0
2023-12-02 19:00:00,86,20,1,680,0,4.3,-4.8,0.0,0,0,1,0,0,0,0,0,1,0
2023-12-01 16:00:00,14,17,3,2544,0,-0.7,-3.2,0.0,1,0,0,0,0,0,0,0,1,0
2023-12-01 20:00:00,44,21,2,309,0,-0.7,-3.2,0.0,1,0,0,0,0,0,0,0,1,0
2023-12-01 17:00:00,24,18,2,1437,0,-0.7,-3.2,0.0,1,0,0,0,0,0,0,0,1,0
2023-12-04 14:00:00,23,15,6,2360,0,4.5,-2.2,1.6,0,1,0,0,0,0,0,0,1,0
2023-12-04 15:00:00,12,16,4,1472,0,4.5,-2.2,1.6,0,1,0,0,0,0,0,0,1,0
2023-12-04 07:00:00,10,8,4,116,0,4.5,-2.2,1.6,0,1,0,0,0,0,0,0,1,0
2023-12-04 16:00:00,21,17,2,1109,0,4.5,-2.2,1.6,0,1,0,0,0,0,0,0,1,0
2023-12-03 16:00:00,45,17,4,2131,0,5.7,-4.2,11.1,0,0,0,1,0,0,0,0,1,0
2023-12-03 10:00:00,40,11,3,1584,0,5.7,-4.2,11.1,0,0,0,1,0,0,0,0,1,0
2023-12-03 09:00:00,34,10,2,481,0,5.7,-4.2,11.1,0,0,0,1,0,0,0,0,1,0
2023-12-04 09:00:00,15,10,0,387,0,4.5,-2.2,1.6,0,1,0,0,0,0,0,0,1,0
2023-12-04 17:00:00,8,18,0,725,0,4.5,-2.2,1.6,0,1,0,0,0,0,0,0,1,0
2023-12-04 18:00:00,8,19,0,248,0,4.5,-2.2,1.6,0,1,0,0,0,0,0,0,1,0
2023-12-04 08:00:00,7,9,0,335,0,4.5,-2.2,1.6,0,1,0,0,0,0,0,0,1,0
2023-12-04 06:00:00,5,7,0,21,0,4.5,-2.2,1.6,0,1,0,0,0,0,0,0,1,0
2023-12-04 12:00:00,47,13,31,3932,0,4.5,-2.2,1.6,0,1,0,0,0,0,0,0,1,0
2023-12-04 20:00:00,4,21,0,102,0,4.5,-2.2,1.6,0,1,0,0,0,0,0,0,1,0
2023-12-03 18:00:00,72,19,0,506,0,5.7,-4.2,11.1,0,0,0,1,0,0,0,0,1,0
2023-12-05 13:00:00,15,14,42,3414,0,6.1,2.8,0.0,0,0,0,0,0,1,0,0,1,0
2023-12-04 05:00:00,2,6,0,25,0,4.5,-2.2,1.6,0,1,0,0,0,0,0,0,1,0
2023-12-03 00:00:00,69,1,0,148,0,5.7,-4.2,11.1,0,0,0,1,0,0,0,0,1,0
2023-12-04 04:00:00,1,5,0,7,0,4.5,-2.2,1.6,0,1,0,0,0,0,0,0,1,0
2023-12-05 12:00:00,10,13,34,2578,0,6.1,2.8,0.0,0,0,0,0,0,1,0,0,1,0
2023-12-03 19:00:00,64,20,0,295,0,5.7,-4.2,11.1,0,0,0,1,0,0,0,0,1,0
2023-12-04 11:00:00,55,12,22,3504,0,4.5,-2.2,1.6,0,1,0,0,0,0,0,0,1,0
2023-12-04 21:00:00,0,22,0,73,0,4.5,-2.2,1.6,0,1,0,0,0,0,0,0,1,0
2023-12-03 02:00:00,58,3,0,80,0,5.7,-4.2,11.1,0,0,0,1,0,0,0,0,1,0
2023-12-04 13:00:00,9,14,19,2804,0,4.5,-2.2,1.6,0,1,0,0,0,0,0,0,1,0
2023-12-04 00:00:00,0,1,0,9,0,4.5,-2.2,1.6,0,1,0,0,0,0,0,0,1,0
2023-12-03 01:00:00,57,2,0,129,0,5.7,-4.2,11.1,0,0,0,1,0,0,0,0,1,0
2023-12-04 02:00:00,0,3,0,1,0,4.5,-2.2,1.6,0,1,0,0,0,0,0,0,1,0
2023-12-03 21:00:00,54,22,0,224,0,5.7,-4.2,11.1,0,0,0,1,0,0,0,0,1,0
2023-12-03 03:00:00,52,4,0,71,0,5.7,-4.2,11.1,0,0,0,1,0,0,0,0,1,0
2023-12-03 22:00:00,46,23,0,130,0,5.7,-4.2,11.1,0,0,0,1,0,0,0,0,1,0
2023-12-05 09:00:00,28,10,23,1502,0,6.1,2.8,0.0,0,0,0,0,0,1,0,0,1,0
2023-12-03 08:00:00,34,9,0,173,0,5.7,-4.2,11.1,0,0,0,1,0,0,0,0,1,0
2023-12-03 17:00:00,65,18,1,988,0,5.7,-4.2,11.1,0,0,0,1,0,0,0,0,1,0
2023-12-03 20:00:00,47,21,1,253,0,5.7,-4.2,11.1,0,0,0,1,0,0,0,0,1,0
2023-12-03 05:00:00,11,6,1,21,0,5.7,-4.2,11.1,0,0,0,1,0,0,0,0,1,0
2023-12-04 10:00:00,51,11,9,1776,0,4.5,-2.2,1.6,0,1,0,0,0,0,0,0,1,0
2023-12-05 14:00:00,19,15,16,2654,0,6.1,2.8,0.0,0,0,0,0,0,1,0,0,1,0
2023-12-05 11:00:00,10,12,15,2536,0,6.1,2.8,0.0,0,0,0,0,0,1,0,0,1,0
2023-12-05 10:00:00,13,11,14,2551,0,6.1,2.8,0.0,0,0,0,0,0,1,0,0,1,0
2023-12-03 04:00:00,23,5,0,31,0,5.7,-4.2,11.1,0,0,0,1,0,0,0,0,1,0
2023-12-03 07:00:00,20,8,0,86,0,5.7,-4.2,11.1,0,0,0,1,0,0,0,0,1,0
2023-12-03 23:00:00,17,0,0,33,0,5.7,-4.2,11.1,0,0,0,1,0,0,0,0,1,0
2023-12-03 06:00:00,10,7,0,25,0,5.7,-4.2,11.1,0,0,0,1,0,0,0,0,1,0
2023-12-04 19:00:00,2,20,1,131,0,4.5,-2.2,1.6,0,1,0,0,0,0,0,0,1,0
2023-12-04 22:00:00,2,23,1,64,0,4.5,-2.2,1.6,0,1,0,0,0,0,0,0,1,0
2023-12-04 23:00:00,0,0,1,12,0,4.5,-2.2,1.6,0,1,0,0,0,0,0,0,1,0
2023-12-04 01:00:00,0,2,1,5,0,4.5,-2.2,1.6,0,1,0,0,0,0,0,0,1,0
2023-12-04 03:00:00,0,4,1,5,0,4.5,-2.2,1.6,0,1,0,0,0,0,0,0,1,0
2023-12-05 16:00:00,13,17,3,2268,0,6.1,2.8,0.0,0,0,0,0,0,1,0,0,1,0
2023-12-05 22:00:00,11,23,1,190,0,6.1,2.8,0.0,0,0,0,0,0,1,0,0,1,0
2023-12-05 18:00:00,6,19,1,609,0,6.1,2.8,0.0,0,0,0,0,0,1,0,0,1,0
2023-12-05 23:00:00,2,0,1,71,0,6.1,2.8,0.0,0,0,0,0,0,1,0,0,1,0
2023-12-06 07:00:00,6,8,0,236,0,6.9,-3.3,1.1,0,0,0,0,0,0,1,0,1,0
2023-12-06 06:00:00,4,7,0,85,0,6.9,-3.3,1.1,0,0,0,0,0,0,1,0,1,0
2023-12-06 03:00:00,2,4,0,8,0,6.9,-3.3,1.1,0,0,0,0,0,0,1,0,1,0
2023-12-06 05:00:00,0,6,0,34,0,6.9,-3.3,1.1,0,0,0,0,0,0,1,0,1,0
2023-12-06 00:00:00,0,1,0,29,0,6.9,-3.3,1.1,0,0,0,0,0,0,1,0,1,0
2023-12-06 01:00:00,0,2,0,11,0,6.9,-3.3,1.1,0,0,0,0,0,0,1,0,1,0
2023-12-06 04:00:00,0,5,0,10,0,6.9,-3.3,1.1,0,0,0,0,0,0,1,0,1,0
2023-12-06 02:00:00,0,3,0,3,0,6.9,-3.3,1.1,0,0,0,0,0,0,1,0,1,0
2023-12-07 12:00:00,47,13,31,3957,0,8.5,-4.0,14.6,0,0,0,0,1,0,0,0,1,0
2023-12-07 11:00:00,60,12,24,2460,0,8.5,-4.0,14.6,0,0,0,0,1,0,0,0,1,0
2023-12-07 14:00:00,14,15,22,2110,0,8.5,-4.0,14.6,0,0,0,0,1,0,0,0,1,0
2023-12-07 10:00:00,41,11,20,1919,0,8.5,-4.0,14.6,0,0,0,0,1,0,0,0,1,0
2023-12-07 13:00:00,26,14,15,2375,0,8.5,-4.0,14.6,0,0,0,0,1,0,0,0,1,0
2023-12-07 09:00:00,37,10,12,1484,0,8.5,-4.0,14.6,0,0,0,0,1,0,0,0,1,0
2023-12-06 21:00:00,39,22,1,350,0,6.9,-3.3,1.1,0,0,0,0,0,0,1,0,1,0
2023-12-06 09:00:00,28,10,19,1384,0,6.9,-3.3,1.1,0,0,0,0,0,0,1,0,1,0
2023-12-06 18:00:00,35,19,1,521,0,6.9,-3.3,1.1,0,0,0,0,0,0,1,0,1,0
2023-12-05 07:00:00,9,8,0,144,0,6.1,2.8,0.0,0,0,0,0,0,1,0,0,1,0
2023-12-05 05:00:00,4,6,0,41,0,6.1,2.8,0.0,0,0,0,0,0,1,0,0,1,0
2023-12-05 20:00:00,3,21,0,214,0,6.1,2.8,0.0,0,0,0,0,0,1,0,0,1,0
2023-12-05 21:00:00,3,22,0,152,0,6.1,2.8,0.0,0,0,0,0,0,1,0,0,1,0
2023-12-05 06:00:00,3,7,0,28,0,6.1,2.8,0.0,0,0,0,0,0,1,0,0,1,0
2023-12-05 01:00:00,3,2,0,6,0,6.1,2.8,0.0,0,0,0,0,0,1,0,0,1,0
2023-12-05 19:00:00,0,20,0,371,0,6.1,2.8,0.0,0,0,0,0,0,1,0,0,1,0
2023-12-05 00:00:00,0,1,0,14,0,6.1,2.8,0.0,0,0,0,0,0,1,0,0,1,0
2023-12-05 03:00:00,0,4,0,10,0,6.1,2.8,0.0,0,0,0,0,0,1,0,0,1,0
2023-12-05 04:00:00,0,5,0,7,0,6.1,2.8,0.0,0,0,0,0,0,1,0,0,1,0
2023-12-05 02:00:00,0,3,0,3,0,6.1,2.8,0.0,0,0,0,0,0,1,0,0,1,0
2023-12-06 12:00:00,9,13,26,2597,0,6.9,-3.3,1.1,0,0,0,0,0,0,1,0,1,0
2023-12-06 22:00:00,28,23,1,172,0,6.9,-3.3,1.1,0,0,0,0,0,0,1,0,1,0
2023-12-06 11:00:00,17,12,17,2352,0,6.9,-3.3,1.1,0,0,0,0,0,0,1,0,1,0
2023-12-05 15:00:00,12,16,7,2562,0,6.1,2.8,0.0,0,0,0,0,0,1,0,0,1,0
2023-12-05 08:00:00,7,9,7,680,0,6.1,2.8,0.0,0,0,0,0,0,1,0,0,1,0
2023-12-06 15:00:00,5,16,15,2212,0,6.9,-3.3,1.1,0,0,0,0,0,0,1,0,1,0
2023-12-06 23:00:00,25,0,0,98,0,6.9,-3.3,1.1,0,0,0,0,0,0,1,0,1,0
2023-12-05 17:00:00,5,18,5,1796,0,6.1,2.8,0.0,0,0,0,0,0,1,0,0,1,0
2023-12-06 13:00:00,18,14,12,2145,0,6.9,-3.3,1.1,0,0,0,0,0,0,1,0,1,0
2023-12-06 20:00:00,34,21,2,342,0,6.9,-3.3,1.1,0,0,0,0,0,0,1,0,1,0
2023-12-06 17:00:00,8,18,2,1566,0,6.9,-3.3,1.1,0,0,0,0,0,0,1,0,1,0
2023-12-06 10:00:00,26,11,10,2170,0,6.9,-3.3,1.1,0,0,0,0,0,0,1,0,1,0
2023-12-06 14:00:00,9,15,8,2336,0,6.9,-3.3,1.1,0,0,0,0,0,0,1,0,1,0
2023-12-06 08:00:00,8,9,8,728,0,6.9,-3.3,1.1,0,0,0,0,0,0,1,0,1,0
2023-12-06 19:00:00,52,20,7,554,0,6.9,-3.3,1.1,0,0,0,0,0,0,1,0,1,0
2023-12-06 16:00:00,11,17,6,2434,0,6.9,-3.3,1.1,0,0,0,0,0,0,1,0,1,0
2023-12-08 14:00:00,20,15,11,3226,0,8.3,5.9,5.2,1,0,0,0,0,0,0,0,1,0
2023-12-08 09:00:00,22,10,10,1399,0,8.3,5.9,5.2,1,0,0,0,0,0,0,0,1,0
2023-12-08 10:00:00,17,11,10,2433,0,8.3,5.9,5.2,1,0,0,0,0,0,0,0,1,0
2023-12-08 16:00:00,16,17,8,1838,0,8.3,5.9,5.2,1,0,0,0,0,0,0,0,1,0
2023-12-08 15:00:00,7,16,8,2936,0,8.3,5.9,5.2,1,0,0,0,0,0,0,0,1,0
2023-12-08 08:00:00,6,9,8,530,0,8.3,5.9,5.2,1,0,0,0,0,0,0,0,1,0
2023-12-08 02:00:00,5,3,0,17,0,8.3,5.9,5.2,1,0,0,0,0,0,0,0,1,0
2023-12-08 05:00:00,4,6,0,44,0,8.3,5.9,5.2,1,0,0,0,0,0,0,0,1,0
2023-12-08 01:00:00,3,2,0,25,0,8.3,5.9,5.2,1,0,0,0,0,0,0,0,1,0
2023-12-08 00:00:00,2,1,0,46,0,8.3,5.9,5.2,1,0,0,0,0,0,0,0,1,0
2023-12-08 03:00:00,2,4,0,14,0,8.3,5.9,5.2,1,0,0,0,0,0,0,0,1,0
2023-12-09 21:00:00,2,22,2,267,0,7.1,5.5,5.8,0,0,1,0,0,0,0,0,1,0
2023-12-09 19:00:00,1,20,2,340,0,7.1,5.5,5.8,0,0,1,0,0,0,0,0,1,0
2023-12-07 17:00:00,7,18,1,1205,0,8.5,-4.0,14.6,0,0,0,0,1,0,0,0,1,0
2023-12-08 07:00:00,2,8,1,221,0,8.3,5.9,5.2,1,0,0,0,0,0,0,0,1,0
2023-12-08 06:00:00,1,7,0,65,0,8.3,5.9,5.2,1,0,0,0,0,0,0,0,1,0
2023-12-07 05:00:00,6,6,1,39,0,8.5,-4.0,14.6,0,0,0,0,1,0,0,0,1,0
2023-12-08 04:00:00,1,5,0,7,0,8.3,5.9,5.2,1,0,0,0,0,0,0,0,1,0
2023-12-08 17:00:00,19,18,3,885,0,8.3,5.9,5.2,1,0,0,0,0,0,0,0,1,0
2023-12-07 16:00:00,12,17,2,1415,0,8.5,-4.0,14.6,0,0,0,0,1,0,0,0,1,0
2023-12-07 15:00:00,7,16,2,1743,0,8.5,-4.0,14.6,0,0,0,0,1,0,0,0,1,0
2023-12-08 20:00:00,56,21,0,410,0,8.3,5.9,5.2,1,0,0,0,0,0,0,0,1,0
2023-12-08 22:00:00,54,23,0,185,0,8.3,5.9,5.2,1,0,0,0,0,0,0,0,1,0
2023-12-08 23:00:00,34,0,0,87,0,8.3,5.9,5.2,1,0,0,0,0,0,0,0,1,0
2023-12-07 08:00:00,7,9,0,652,0,8.5,-4.0,14.6,0,0,0,0,1,0,0,0,1,0
2023-12-07 19:00:00,7,20,0,107,0,8.5,-4.0,14.6,0,0,0,0,1,0,0,0,1,0
2023-12-07 23:00:00,6,0,0,75,0,8.5,-4.0,14.6,0,0,0,0,1,0,0,0,1,0
2023-12-09 09:00:00,9,10,11,575,0,7.1,5.5,5.8,0,0,1,0,0,0,0,0,1,0
2023-12-07 01:00:00,5,2,0,29,0,8.5,-4.0,14.6,0,0,0,0,1,0,0,0,1,0
2023-12-08 21:00:00,78,22,2,295,0,8.3,5.9,5.2,1,0,0,0,0,0,0,0,1,0
2023-12-07 22:00:00,4,23,0,135,0,8.5,-4.0,14.6,0,0,0,0,1,0,0,0,1,0
2023-12-09 08:00:00,4,9,6,508,0,7.1,5.5,5.8,0,0,1,0,0,0,0,0,1,0
2023-12-07 20:00:00,3,21,0,185,0,8.5,-4.0,14.6,0,0,0,0,1,0,0,0,1,0
2023-12-07 03:00:00,3,4,0,5,0,8.5,-4.0,14.6,0,0,0,0,1,0,0,0,1,0
2023-12-08 19:00:00,50,20,2,552,0,8.3,5.9,5.2,1,0,0,0,0,0,0,0,1,0
2023-12-07 07:00:00,2,8,0,184,0,8.5,-4.0,14.6,0,0,0,0,1,0,0,0,1,0
2023-12-08 18:00:00,47,19,2,566,0,8.3,5.9,5.2,1,0,0,0,0,0,0,0,1,0
2023-12-07 21:00:00,2,22,0,127,0,8.5,-4.0,14.6,0,0,0,0,1,0,0,0,1,0
2023-12-07 04:00:00,2,5,0,12,0,8.5,-4.0,14.6,0,0,0,0,1,0,0,0,1,0
2023-12-07 02:00:00,1,3,0,28,0,8.5,-4.0,14.6,0,0,0,0,1,0,0,0,1,0
2023-12-07 06:00:00,0,7,0,54,0,8.5,-4.0,14.6,0,0,0,0,1,0,0,0,1,0
2023-12-07 18:00:00,8,19,1,491,0,8.5,-4.0,14.6,0,0,0,0,1,0,0,0,1,0
2023-12-08 12:00:00,53,13,36,3942,0,8.3,5.9,5.2,1,0,0,0,0,0,0,0,1,0
2023-12-08 13:00:00,6,14,30,3030,0,8.3,5.9,5.2,1,0,0,0,0,0,0,0,1,0
2023-12-08 11:00:00,23,12,20,3488,0,8.3,5.9,5.2,1,0,0,0,0,0,0,0,1,0
2023-12-07 00:00:00,22,1,0,25,0,8.5,-4.0,14.6,0,0,0,0,1,0,0,0,1,0
2023-12-10 01:00:00,30,2,0,128,0,6.8,0.9,2.0,0,0,0,1,0,0,0,0,1,0
2023-12-10 02:00:00,30,3,0,62,0,6.8,0.9,2.0,0,0,0,1,0,0,0,0,1,0
2023-12-10 03:00:00,23,4,0,70,0,6.8,0.9,2.0,0,0,0,1,0,0,0,0,1,0
2023-12-09 23:00:00,46,0,0,160,0,7.1,5.5,5.8,0,0,1,0,0,0,0,0,1,0
2023-12-09 00:00:00,45,1,0,85,0,7.1,5.5,5.8,0,0,1,0,0,0,0,0,1,0
2023-12-09 02:00:00,41,3,0,40,0,7.1,5.5,5.8,0,0,1,0,0,0,0,0,1,0
2023-12-09 03:00:00,28,4,0,30,0,7.1,5.5,5.8,0,0,1,0,0,0,0,0,1,0
2023-12-09 04:00:00,10,5,0,14,0,7.1,5.5,5.8,0,0,1,0,0,0,0,0,1,0
2023-12-09 05:00:00,9,6,0,41,0,7.1,5.5,5.8,0,0,1,0,0,0,0,0,1,0
2023-12-09 06:00:00,9,7,0,41,0,7.1,5.5,5.8,0,0,1,0,0,0,0,0,1,0
2023-12-09 22:00:00,3,23,0,247,0,7.1,5.5,5.8,0,0,1,0,0,0,0,0,1,0
2023-12-09 18:00:00,2,19,0,554,0,7.1,5.5,5.8,0,0,1,0,0,0,0,0,1,0
2023-12-09 20:00:00,1,21,0,261,0,7.1,5.5,5.8,0,0,1,0,0,0,0,0,1,0
2023-12-10 12:00:00,44,13,25,2339,0,6.8,0.9,2.0,0,0,0,1,0,0,0,0,1,0
2023-12-10 14:00:00,41,15,22,4527,0,6.8,0.9,2.0,0,0,0,1,0,0,0,0,1,0
2023-12-10 13:00:00,44,14,20,4755,0,6.8,0.9,2.0,0,0,0,1,0,0,0,0,1,0
2023-12-10 10:00:00,43,11,18,1159,0,6.8,0.9,2.0,0,0,0,1,0,0,0,0,1,0
2023-12-10 20:00:00,63,21,1,288,0,6.8,0.9,2.0,0,0,0,1,0,0,0,0,1,0
2023-12-11 08:00:00,43,9,6,1077,0,7.1,3.4,5.6,0,1,0,0,0,0,0,0,1,0
2023-12-11 11:00:00,17,12,18,3550,0,7.1,3.4,5.6,0,1,0,0,0,0,0,0,1,0
2023-12-11 09:00:00,60,10,16,1800,0,7.1,3.4,5.6,0,1,0,0,0,0,0,0,1,0
2023-12-11 13:00:00,7,14,11,3418,0,7.1,3.4,5.6,0,1,0,0,0,0,0,0,1,0
2023-12-10 07:00:00,4,8,0,80,0,6.8,0.9,2.0,0,0,0,1,0,0,0,0,1,0
2023-12-10 05:00:00,3,6,0,33,0,6.8,0.9,2.0,0,0,0,1,0,0,0,0,1,0
2023-12-10 04:00:00,3,5,0,6,0,6.8,0.9,2.0,0,0,0,1,0,0,0,0,1,0
2023-12-10 06:00:00,2,7,0,36,0,6.8,0.9,2.0,0,0,0,1,0,0,0,0,1,0
2023-12-11 12:00:00,13,13,37,3754,0,7.1,3.4,5.6,0,1,0,0,0,0,0,0,1,0
2023-12-11 10:00:00,53,11,21,3679,0,7.1,3.4,5.6,0,1,0,0,0,0,0,0,1,0
2023-12-11 14:00:00,9,15,21,2951,0,7.1,3.4,5.6,0,1,0,0,0,0,0,0,1,0
2023-12-10 19:00:00,78,20,2,370,0,6.8,0.9,2.0,0,0,0,1,0,0,0,0,1,0
2023-12-10 22:00:00,59,23,2,184,0,6.8,0.9,2.0,0,0,0,1,0,0,0,0,1,0
2023-12-10 16:00:00,28,17,2,1592,0,6.8,0.9,2.0,0,0,0,1,0,0,0,0,1,0
2023-12-10 00:00:00,22,1,2,160,0,6.8,0.9,2.0,0,0,0,1,0,0,0,0,1,0
2023-12-10 18:00:00,81,19,1,485,0,6.8,0.9,2.0,0,0,0,1,0,0,0,0,1,0
2023-12-10 11:00:00,27,12,9,2291,0,6.8,0.9,2.0,0,0,0,1,0,0,0,0,1,0
2023-12-10 23:00:00,11,0,1,37,0,6.8,0.9,2.0,0,0,0,1,0,0,0,0,1,0
2023-12-10 08:00:00,5,9,8,142,0,6.8,0.9,2.0,0,0,0,1,0,0,0,0,1,0
2023-12-09 07:00:00,24,8,1,186,0,7.1,5.5,5.8,0,0,1,0,0,0,0,0,1,0
2023-12-09 01:00:00,14,2,1,97,0,7.1,5.5,5.8,0,0,1,0,0,0,0,0,1,0
2023-12-09 17:00:00,3,18,1,1282,0,7.1,5.5,5.8,0,0,1,0,0,0,0,0,1,0
2023-12-10 15:00:00,44,16,5,3720,0,6.8,0.9,2.0,0,0,0,1,0,0,0,0,1,0
2023-12-10 09:00:00,30,10,5,350,0,6.8,0.9,2.0,0,0,0,1,0,0,0,0,1,0
2023-12-11 15:00:00,12,16,2,2208,0,7.1,3.4,5.6,0,1,0,0,0,0,0,0,1,0
2023-12-10 21:00:00,66,22,0,202,0,6.8,0.9,2.0,0,0,0,1,0,0,0,0,1,0
2023-12-10 17:00:00,55,18,0,995,0,6.8,0.9,2.0,0,0,0,1,0,0,0,0,1,0
2023-12-12 08:00:00,17,9,2,612,0,6.0,5.4,12.3,0,0,0,0,0,1,0,0,1,0
2023-12-12 07:00:00,2,8,2,164,0,6.0,5.4,12.3,0,0,0,0,0,1,0,0,1,0
2023-12-12 16:00:00,11,17,1,1897,0,6.0,5.4,12.3,0,0,0,0,0,1,0,0,1,0
2023-12-12 18:00:00,4,19,1,318,0,6.0,5.4,12.3,0,0,0,0,0,1,0,0,1,0
2023-12-12 22:00:00,1,23,1,51,0,6.0,5.4,12.3,0,0,0,0,0,1,0,0,1,0
2023-12-12 11:00:00,24,12,9,2330,0,6.0,5.4,12.3,0,0,0,0,0,1,0,0,1,0
2023-12-11 19:00:00,8,20,0,47,0,7.1,3.4,5.6,0,1,0,0,0,0,0,0,1,0
2023-12-12 04:00:00,1,5,0,4,0,6.0,5.4,12.3,0,0,0,0,0,1,0,0,1,0
2023-12-11 18:00:00,6,19,0,67,0,7.1,3.4,5.6,0,1,0,0,0,0,0,0,1,0
2023-12-11 04:00:00,6,5,0,9,0,7.1,3.4,5.6,0,1,0,0,0,0,0,0,1,0
2023-12-12 21:00:00,0,22,0,48,0,6.0,5.4,12.3,0,0,0,0,0,1,0,0,1,0
2023-12-12 05:00:00,0,6,0,27,0,6.0,5.4,12.3,0,0,0,0,0,1,0,0,1,0
2023-12-13 15:00:00,13,16,11,2627,0,8.5,5.5,1.3,0,0,0,0,0,0,1,0,1,0
2023-12-11 20:00:00,3,21,0,137,0,7.1,3.4,5.6,0,1,0,0,0,0,0,0,1,0
2023-12-12 02:00:00,0,3,0,11,0,6.0,5.4,12.3,0,0,0,0,0,1,0,0,1,0
2023-12-11 07:00:00,24,8,1,304,0,7.1,3.4,5.6,0,1,0,0,0,0,0,0,1,0
2023-12-11 17:00:00,2,18,0,704,0,7.1,3.4,5.6,0,1,0,0,0,0,0,0,1,0
2023-12-11 21:00:00,2,22,0,114,0,7.1,3.4,5.6,0,1,0,0,0,0,0,0,1,0
2023-12-12 03:00:00,0,4,0,2,0,6.0,5.4,12.3,0,0,0,0,0,1,0,0,1,0
2023-12-11 22:00:00,1,23,0,99,0,7.1,3.4,5.6,0,1,0,0,0,0,0,0,1,0
2023-12-11 16:00:00,5,17,1,965,0,7.1,3.4,5.6,0,1,0,0,0,0,0,0,1,0
2023-12-13 14:00:00,14,15,9,2007,0,8.5,5.5,1.3,0,0,0,0,0,0,1,0,1,0
2023-12-11 05:00:00,1,6,0,17,0,7.1,3.4,5.6,0,1,0,0,0,0,0,0,1,0
2023-12-11 23:00:00,0,0,0,17,0,7.1,3.4,5.6,0,1,0,0,0,0,0,0,1,0
2023-12-12 10:00:00,18,11,19,1709,0,6.0,5.4,12.3,0,0,0,0,0,1,0,0,1,0
2023-12-12 12:00:00,28,13,16,3556,0,6.0,5.4,12.3,0,0,0,0,0,1,0,0,1,0
2023-12-12 13:00:00,20,14,14,2278,0,6.0,5.4,12.3,0,0,0,0,0,1,0,0,1,0
2023-12-12 09:00:00,18,10,14,1080,0,6.0,5.4,12.3,0,0,0,0,0,1,0,0,1,0
2023-12-12 14:00:00,10,15,14,1911,0,6.0,5.4,12.3,0,0,0,0,0,1,0,0,1,0
2023-12-13 12:00:00,5,13,9,1937,0,8.5,5.5,1.3,0,0,0,0,0,0,1,0,1,0
2023-12-13 16:00:00,15,17,8,2868,0,8.5,5.5,1.3,0,0,0,0,0,0,1,0,1,0
2023-12-12 20:00:00,4,21,0,109,0,6.0,5.4,12.3,0,0,0,0,0,1,0,0,1,0
2023-12-12 01:00:00,4,2,0,28,0,6.0,5.4,12.3,0,0,0,0,0,1,0,0,1,0
2023-12-12 19:00:00,2,20,0,159,0,6.0,5.4,12.3,0,0,0,0,0,1,0,0,1,0
2023-12-12 06:00:00,2,7,0,36,0,6.0,5.4,12.3,0,0,0,0,0,1,0,0,1,0
2023-12-12 00:00:00,1,1,0,29,0,6.0,5.4,12.3,0,0,0,0,0,1,0,0,1,0
2023-12-12 23:00:00,1,0,0,26,0,6.0,5.4,12.3,0,0,0,0,0,1,0,0,1,0
2023-12-13 18:00:00,3,19,2,578,0,8.5,5.5,1.3,0,0,0,0,0,0,1,0,1,0
2023-12-13 13:00:00,4,14,7,2442,0,8.5,5.5,1.3,0,0,0,0,0,0,1,0,1,0
2023-12-12 15:00:00,2,16,4,1919,0,6.0,5.4,12.3,0,0,0,0,0,1,0,0,1,0
2023-12-13 11:00:00,12,12,5,1877,0,8.5,5.5,1.3,0,0,0,0,0,0,1,0,1,0
2023-12-13 17:00:00,10,18,5,1554,0,8.5,5.5,1.3,0,0,0,0,0,0,1,0,1,0
2023-12-13 09:00:00,8,10,5,768,0,8.5,5.5,1.3,0,0,0,0,0,0,1,0,1,0
2023-12-13 10:00:00,7,11,5,1576,0,8.5,5.5,1.3,0,0,0,0,0,0,1,0,1,0
2023-12-11 06:00:00,17,7,0,83,0,7.1,3.4,5.6,0,1,0,0,0,0,0,0,1,0
2023-12-12 17:00:00,3,18,3,1011,0,6.0,5.4,12.3,0,0,0,0,0,1,0,0,1,0
2023-12-13 08:00:00,3,9,5,563,0,8.5,5.5,1.3,0,0,0,0,0,0,1,0,1,0
2023-12-11 02:00:00,17,3,0,19,0,7.1,3.4,5.6,0,1,0,0,0,0,0,0,1,0
2023-12-11 01:00:00,17,2,0,18,0,7.1,3.4,5.6,0,1,0,0,0,0,0,0,1,0
2023-12-11 03:00:00,13,4,0,7,0,7.1,3.4,5.6,0,1,0,0,0,0,0,0,1,0
2023-12-13 20:00:00,6,21,1,226,0,8.5,5.5,1.3,0,0,0,0,0,0,1,0,1,0
2023-12-11 00:00:00,12,1,0,51,0,7.1,3.4,5.6,0,1,0,0,0,0,0,0,1,0
2023-12-13 19:00:00,4,20,1,344,0,8.5,5.5,1.3,0,0,0,0,0,0,1,0,1,0
2023-12-13 21:00:00,1,22,1,208,0,8.5,5.5,1.3,0,0,0,0,0,0,1,0,1,0
2023-12-13 22:00:00,0,23,1,122,0,8.5,5.5,1.3,0,0,0,0,0,0,1,0,1,0
2023-12-13 02:00:00,1,3,0,5,0,8.5,5.5,1.3,0,0,0,0,0,0,1,0,1,0
2023-12-14 15:00:00,31,16,14,3529,0,11.3,2.7,0.1,0,0,0,0,1,0,0,0,1,0
2023-12-13 23:00:00,0,0,0,50,0,8.5,5.5,1.3,0,0,0,0,0,0,1,0,1,0
2023-12-13 00:00:00,0,1,0,14,0,8.5,5.5,1.3,0,0,0,0,0,0,1,0,1,0
2023-12-15 13:00:00,13,14,30,3786,0,11.3,5.2,0.0,1,0,0,0,0,0,0,0,1,0
2023-12-14 09:00:00,27,10,13,1486,0,11.3,2.7,0.1,0,0,0,0,1,0,0,0,1,0
2023-12-14 07:00:00,4,8,3,220,0,11.3,2.7,0.1,0,0,0,0,1,0,0,0,1,0
2023-12-13 04:00:00,0,5,0,1,0,8.5,5.5,1.3,0,0,0,0,0,0,1,0,1,0
2023-12-15 10:00:00,27,11,29,3694,0,11.3,5.2,0.0,1,0,0,0,0,0,0,0,1,0
2023-12-15 14:00:00,12,15,22,3561,0,11.3,5.2,0.0,1,0,0,0,0,0,0,0,1,0
2023-12-15 11:00:00,14,12,20,4396,0,11.3,5.2,0.0,1,0,0,0,0,0,0,0,1,0
2023-12-15 12:00:00,25,13,19,4259,0,11.3,5.2,0.0,1,0,0,0,0,0,0,0,1,0
2023-12-15 09:00:00,20,10,10,2284,0,11.3,5.2,0.0,1,0,0,0,0,0,0,0,1,0
2023-12-15 16:00:00,16,17,10,2509,0,11.3,5.2,0.0,1,0,0,0,0,0,0,0,1,0
2023-12-14 11:00:00,14,12,26,2962,0,11.3,2.7,0.1,0,0,0,0,1,0,0,0,1,0
2023-12-14 12:00:00,9,13,25,3174,0,11.3,2.7,0.1,0,0,0,0,1,0,0,0,1,0
2023-12-14 13:00:00,18,14,24,3255,0,11.3,2.7,0.1,0,0,0,0,1,0,0,0,1,0
2023-12-14 10:00:00,14,11,18,2367,0,11.3,2.7,0.1,0,0,0,0,1,0,0,0,1,0
2023-12-15 19:00:00,73,20,2,515,0,11.3,5.2,0.0,1,0,0,0,0,0,0,0,1,0
2023-12-15 17:00:00,8,18,2,1801,0,11.3,5.2,0.0,1,0,0,0,0,0,0,0,1,0
2023-12-15 21:00:00,59,22,1,439,0,11.3,5.2,0.0,1,0,0,0,0,0,0,0,1,0
2023-12-15 00:00:00,28,1,1,68,0,11.3,5.2,0.0,1,0,0,0,0,0,0,0,1,0
2023-12-15 06:00:00,5,7,1,47,0,11.3,5.2,0.0,1,0,0,0,0,0,0,0,1,0
2023-12-14 14:00:00,21,15,11,2836,0,11.3,2.7,0.1,0,0,0,0,1,0,0,0,1,0
2023-12-14 08:00:00,5,9,8,760,0,11.3,2.7,0.1,0,0,0,0,1,0,0,0,1,0
2023-12-14 18:00:00,25,19,5,870,0,11.3,2.7,0.1,0,0,0,0,1,0,0,0,1,0
2023-12-14 17:00:00,19,18,4,1588,0,11.3,2.7,0.1,0,0,0,0,1,0,0,0,1,0
2023-12-14 16:00:00,9,17,4,3367,0,11.3,2.7,0.1,0,0,0,0,1,0,0,0,1,0
2023-12-14 23:00:00,19,0,2,76,0,11.3,2.7,0.1,0,0,0,0,1,0,0,0,1,0
2023-12-15 15:00:00,8,16,6,3059,0,11.3,5.2,0.0,1,0,0,0,0,0,0,0,1,0
2023-12-14 22:00:00,14,23,2,229,0,11.3,2.7,0.1,0,0,0,0,1,0,0,0,1,0
2023-12-14 19:00:00,42,20,0,831,0,11.3,2.7,0.1,0,0,0,0,1,0,0,0,1,0
2023-12-14 06:00:00,5,7,0,79,0,11.3,2.7,0.1,0,0,0,0,1,0,0,0,1,0
2023-12-14 01:00:00,3,2,0,24,0,11.3,2.7,0.1,0,0,0,0,1,0,0,0,1,0
2023-12-14 02:00:00,3,3,0,23,0,11.3,2.7,0.1,0,0,0,0,1,0,0,0,1,0
2023-12-14 00:00:00,2,1,0,37,0,11.3,2.7,0.1,0,0,0,0,1,0,0,0,1,0
2023-12-14 03:00:00,2,4,0,8,0,11.3,2.7,0.1,0,0,0,0,1,0,0,0,1,0
2023-12-14 04:00:00,1,5,0,21,0,11.3,2.7,0.1,0,0,0,0,1,0,0,0,1,0
2023-12-14 05:00:00,0,6,0,36,0,11.3,2.7,0.1,0,0,0,0,1,0,0,0,1,0
2023-12-15 08:00:00,18,9,5,962,0,11.3,5.2,0.0,1,0,0,0,0,0,0,0,1,0
2023-12-13 07:00:00,2,8,0,252,0,8.5,5.5,1.3,0,0,0,0,0,0,1,0,1,0
2023-12-13 06:00:00,2,7,0,26,0,8.5,5.5,1.3,0,0,0,0,0,0,1,0,1,0
2023-12-13 05:00:00,2,6,0,17,0,8.5,5.5,1.3,0,0,0,0,0,0,1,0,1,0
2023-12-13 03:00:00,2,4,0,1,0,8.5,5.5,1.3,0,0,0,0,0,0,1,0,1,0
2023-12-13 01:00:00,1,2,0,6,0,8.5,5.5,1.3,0,0,0,0,0,0,1,0,1,0
2023-12-14 21:00:00,27,22,1,308,0,11.3,2.7,0.1,0,0,0,0,1,0,0,0,1,0
2023-12-14 20:00:00,20,21,1,332,0,11.3,2.7,0.1,0,0,0,0,1,0,0,0,1,0
2023-12-15 20:00:00,67,21,3,477,0,11.3,5.2,0.0,1,0,0,0,0,0,0,0,1,0
2023-12-15 22:00:00,60,23,3,325,0,11.3,5.2,0.0,1,0,0,0,0,0,0,0,1,0
2023-12-16 10:00:00,16,11,15,3208,0,12.6,8.8,0.0,0,0,1,0,0,0,0,0,1,0
2023-12-16 14:00:00,18,15,12,3834,0,12.6,8.8,0.0,0,0,1,0,0,0,0,0,1,0
2023-12-16 09:00:00,11,10,12,2045,0,12.6,8.8,0.0,0,0,1,0,0,0,0,0,1,0
2023-12-16 12:00:00,10,13,9,2412,0,12.6,8.8,0.0,0,0,1,0,0,0,0,0,1,0
2023-12-16 13:00:00,6,14,8,3457,0,12.6,8.8,0.0,0,0,1,0,0,0,0,0,1,0
2023-12-17 16:00:00,7,17,5,2375,0,12.6,10.1,0.0,0,0,0,1,0,0,0,0,1,0
2023-12-15 23:00:00,56,0,0,194,0,11.3,5.2,0.0,1,0,0,0,0,0,0,0,1,0
2023-12-15 01:00:00,22,2,0,61,0,11.3,5.2,0.0,1,0,0,0,0,0,0,0,1,0
2023-12-15 02:00:00,21,3,0,26,0,11.3,5.2,0.0,1,0,0,0,0,0,0,0,1,0
2023-12-15 07:00:00,13,8,0,221,0,11.3,5.2,0.0,1,0,0,0,0,0,0,0,1,0
2023-12-15 03:00:00,3,4,0,10,0,11.3,5.2,0.0,1,0,0,0,0,0,0,0,1,0
2023-12-15 05:00:00,2,6,0,49,0,11.3,5.2,0.0,1,0,0,0,0,0,0,0,1,0
2023-12-15 04:00:00,2,5,0,8,0,11.3,5.2,0.0,1,0,0,0,0,0,0,0,1,0
2023-12-15 18:00:00,1,19,0,636,0,11.3,5.2,0.0,1,0,0,0,0,0,0,0,1,0
2023-12-16 11:00:00,16,12,25,3922,0,12.6,8.8,0.0,0,0,1,0,0,0,0,0,1,0
2023-12-17 10:00:00,31,11,12,1648,0,12.6,10.1,0.0,0,0,0,1,0,0,0,0,1,0
2023-12-17 13:00:00,14,14,12,2923,0,12.6,10.1,0.0,0,0,0,1,0,0,0,0,1,0
2023-12-17 17:00:00,27,18,11,1091,0,12.6,10.1,0.0,0,0,0,1,0,0,0,0,1,0
2023-12-17 15:00:00,23,16,10,2541,0,12.6,10.1,0.0,0,0,0,1,0,0,0,0,1,0
2023-12-17 11:00:00,25,12,9,2448,0,12.6,10.1,0.0,0,0,0,1,0,0,0,0,1,0
2023-12-17 09:00:00,26,10,6,568,0,12.6,10.1,0.0,0,0,0,1,0,0,0,0,1,0
2023-12-17 19:00:00,32,20,2,405,0,12.6,10.1,0.0,0,0,0,1,0,0,0,0,1,0
2023-12-16 16:00:00,6,17,6,2120,0,12.6,8.8,0.0,0,0,1,0,0,0,0,0,1,0
2023-12-17 20:00:00,34,21,1,389,0,12.6,10.1,0.0,0,0,0,1,0,0,0,0,1,0
2023-12-17 02:00:00,30,3,1,107,0,12.6,10.1,0.0,0,0,0,1,0,0,0,0,1,0
2023-12-16 08:00:00,9,9,2,698,0,12.6,8.8,0.0,0,0,1,0,0,0,0,0,1,0
2023-12-16 17:00:00,5,18,2,1648,0,12.6,8.8,0.0,0,0,1,0,0,0,0,0,1,0
2023-12-16 18:00:00,4,19,2,476,0,12.6,8.8,0.0,0,0,1,0,0,0,0,0,1,0
2023-12-17 07:00:00,11,8,1,103,0,12.6,10.1,0.0,0,0,0,1,0,0,0,0,1,0
2023-12-16 22:00:00,71,23,0,369,0,12.6,8.8,0.0,0,0,1,0,0,0,0,0,1,0
2023-12-16 00:00:00,45,1,0,200,0,12.6,8.8,0.0,0,0,1,0,0,0,0,0,1,0
2023-12-16 01:00:00,43,2,0,206,0,12.6,8.8,0.0,0,0,1,0,0,0,0,0,1,0
2023-12-16 02:00:00,39,3,0,103,0,12.6,8.8,0.0,0,0,1,0,0,0,0,0,1,0
2023-12-16 21:00:00,36,22,0,252,0,12.6,8.8,0.0,0,0,1,0,0,0,0,0,1,0
2023-12-16 15:00:00,9,16,4,3275,0,12.6,8.8,0.0,0,0,1,0,0,0,0,0,1,0
2023-12-16 04:00:00,9,5,0,10,0,12.6,8.8,0.0,0,0,1,0,0,0,0,0,1,0
2023-12-16 19:00:00,3,20,0,352,0,12.6,8.8,0.0,0,0,1,0,0,0,0,0,1,0
2023-12-16 06:00:00,3,7,0,47,0,12.6,8.8,0.0,0,0,1,0,0,0,0,0,1,0
2023-12-16 07:00:00,2,8,0,70,0,12.6,8.8,0.0,0,0,1,0,0,0,0,0,1,0
2023-12-16 05:00:00,2,6,0,20,0,12.6,8.8,0.0,0,0,1,0,0,0,0,0,1,0
2023-12-16 23:00:00,60,0,1,197,0,12.6,8.8,0.0,0,0,1,0,0,0,0,0,1,0
2023-12-16 03:00:00,28,4,1,128,0,12.6,8.8,0.0,0,0,1,0,0,0,0,0,1,0
2023-12-16 20:00:00,1,21,1,166,0,12.6,8.8,0.0,0,0,1,0,0,0,0,0,1,0
2023-12-17 00:00:00,43,1,0,151,0,12.6,10.1,0.0,0,0,0,1,0,0,0,0,1,0
2023-12-17 21:00:00,31,22,0,238,0,12.6,10.1,0.0,0,0,0,1,0,0,0,0,1,0
2023-12-17 14:00:00,24,15,20,4239,0,12.6,10.1,0.0,0,0,0,1,0,0,0,0,1,0
2023-12-17 12:00:00,16,13,18,2975,0,12.6,10.1,0.0,0,0,0,1,0,0,0,0,1,0
2023-12-18 09:00:00,35,10,16,1881,0,7.7,10.4,0.0,0,1,0,0,0,0,0,0,1,0
2023-12-18 15:00:00,18,16,13,3899,0,7.7,10.4,0.0,0,1,0,0,0,0,0,0,1,0
2023-12-17 08:00:00,26,9,0,208,0,12.6,10.1,0.0,0,0,0,1,0,0,0,0,1,0
2023-12-17 03:00:00,26,4,0,104,0,12.6,10.1,0.0,0,0,0,1,0,0,0,0,1,0
2023-12-17 18:00:00,24,19,0,707,0,12.6,10.1,0.0,0,0,0,1,0,0,0,0,1,0
2023-12-17 01:00:00,22,2,0,195,0,12.6,10.1,0.0,0,0,0,1,0,0,0,0,1,0
2023-12-18 02:00:00,0,3,1,9,0,7.7,10.4,0.0,0,1,0,0,0,0,0,0,1,0
2023-12-18 06:00:00,7,7,0,48,0,7.7,10.4,0.0,0,1,0,0,0,0,0,0,1,0
2023-12-18 18:00:00,21,19,6,540,0,7.7,10.4,0.0,0,1,0,0,0,0,0,0,1,0
2023-12-18 08:00:00,10,9,4,716,0,7.7,10.4,0.0,0,1,0,0,0,0,0,0,1,0
2023-12-18 22:00:00,9,23,3,253,0,7.7,10.4,0.0,0,1,0,0,0,0,0,0,1,0
2023-12-18 21:00:00,21,22,2,274,0,7.7,10.4,0.0,0,1,0,0,0,0,0,0,1,0
2023-12-18 20:00:00,19,21,2,467,0,7.7,10.4,0.0,0,1,0,0,0,0,0,0,1,0
2023-12-18 07:00:00,4,8,0,202,0,7.7,10.4,0.0,0,1,0,0,0,0,0,0,1,0
2023-12-18 23:00:00,2,0,0,44,0,7.7,10.4,0.0,0,1,0,0,0,0,0,0,1,0
2023-12-19 15:00:00,13,16,14,2221,0,12.0,3.8,0.0,0,0,0,0,0,1,0,0,1,0
2023-12-19 13:00:00,7,14,13,3284,0,12.0,3.8,0.0,0,0,0,0,0,1,0,0,1,0
2023-12-19 10:00:00,23,11,12,2630,0,12.0,3.8,0.0,0,0,0,0,0,1,0,0,1,0
2023-12-19 12:00:00,9,13,10,3455,0,12.0,3.8,0.0,0,0,0,0,0,1,0,0,1,0
2023-12-19 09:00:00,24,10,9,1545,0,12.0,3.8,0.0,0,0,0,0,0,1,0,0,1,0
2023-12-19 08:00:00,6,9,7,733,0,12.0,3.8,0.0,0,0,0,0,0,1,0,0,1,0
2023-12-18 13:00:00,8,14,11,3412,0,7.7,10.4,0.0,0,1,0,0,0,0,0,0,1,0
2023-12-17 04:00:00,15,5,0,15,0,12.6,10.1,0.0,0,0,0,1,0,0,0,0,1,0
2023-12-18 00:00:00,1,1,0,60,0,7.7,10.4,0.0,0,1,0,0,0,0,0,0,1,0
2023-12-18 03:00:00,1,4,0,1,0,7.7,10.4,0.0,0,1,0,0,0,0,0,0,1,0
2023-12-17 05:00:00,9,6,0,23,0,12.6,10.1,0.0,0,0,0,1,0,0,0,0,1,0
2023-12-18 11:00:00,18,12,9,2384,0,7.7,10.4,0.0,0,1,0,0,0,0,0,0,1,0
2023-12-18 17:00:00,17,18,9,1887,0,7.7,10.4,0.0,0,1,0,0,0,0,0,0,1,0
2023-12-18 12:00:00,14,13,9,3623,0,7.7,10.4,0.0,0,1,0,0,0,0,0,0,1,0
2023-12-18 19:00:00,16,20,7,506,0,7.7,10.4,0.0,0,1,0,0,0,0,0,0,1,0
2023-12-18 16:00:00,11,17,7,3437,0,7.7,10.4,0.0,0,1,0,0,0,0,0,0,1,0
2023-12-18 01:00:00,0,2,0,34,0,7.7,10.4,0.0,0,1,0,0,0,0,0,0,1,0
2023-12-19 16:00:00,24,17,5,3280,0,12.0,3.8,0.0,0,0,0,0,0,1,0,0,1,0
2023-12-17 22:00:00,6,23,0,111,0,12.6,10.1,0.0,0,0,0,1,0,0,0,0,1,0
2023-12-18 05:00:00,0,6,0,32,0,7.7,10.4,0.0,0,1,0,0,0,0,0,0,1,0
2023-12-17 06:00:00,5,7,0,60,0,12.6,10.1,0.0,0,0,0,1,0,0,0,0,1,0
2023-12-18 04:00:00,0,5,0,4,0,7.7,10.4,0.0,0,1,0,0,0,0,0,0,1,0
2023-12-17 23:00:00,1,0,0,64,0,12.6,10.1,0.0,0,0,0,1,0,0,0,0,1,0
2023-12-19 11:00:00,13,12,26,3388,0,12.0,3.8,0.0,0,0,0,0,0,1,0,0,1,0
2023-12-19 14:00:00,15,15,17,2357,0,12.0,3.8,0.0,0,0,0,0,0,1,0,0,1,0
2023-12-19 22:00:00,11,23,3,256,0,12.0,3.8,0.0,0,0,0,0,0,1,0,0,1,0
2023-12-19 21:00:00,30,22,2,306,0,12.0,3.8,0.0,0,0,0,0,0,1,0,0,1,0
2023-12-19 17:00:00,28,18,2,2144,0,12.0,3.8,0.0,0,0,0,0,0,1,0,0,1,0
2023-12-19 18:00:00,63,19,1,1002,0,12.0,3.8,0.0,0,0,0,0,0,1,0,0,1,0
2023-12-19 19:00:00,56,20,1,577,0,12.0,3.8,0.0,0,0,0,0,0,1,0,0,1,0
2023-12-19 20:00:00,44,21,0,422,0,12.0,3.8,0.0,0,0,0,0,0,1,0,0,1,0
2023-12-18 14:00:00,30,15,23,4121,0,7.7,10.4,0.0,0,1,0,0,0,0,0,0,1,0
2023-12-18 10:00:00,40,11,18,2814,0,7.7,10.4,0.0,0,1,0,0,0,0,0,0,1,0
2023-12-19 00:00:00,6,1,0,29,0,12.0,3.8,0.0,0,0,0,0,0,1,0,0,1,0
2023-12-19 05:00:00,5,6,0,27,0,12.0,3.8,0.0,0,0,0,0,0,1,0,0,1,0
2023-12-19 07:00:00,3,8,0,229,0,12.0,3.8,0.0,0,0,0,0,0,1,0,0,1,0
2023-12-19 23:00:00,3,0,0,26,0,12.0,3.8,0.0,0,0,0,0,0,1,0,0,1,0
2023-12-20 23:00:00,12,0,1,47,0,9.5,3.8,0.4,0,0,0,0,0,0,1,0,1,0
2023-12-20 03:00:00,3,4,1,8,0,9.5,3.8,0.4,0,0,0,0,0,0,1,0,1,0
2023-12-21 20:00:00,46,21,0,493,0,8.9,4.7,1.2,0,0,0,0,1,0,0,0,1,0
2023-12-21 21:00:00,38,22,0,476,0,8.9,4.7,1.2,0,0,0,0,1,0,0,0,1,0
2023-12-20 19:00:00,36,20,8,527,0,9.5,3.8,0.4,0,0,0,0,0,0,1,0,1,0
2023-12-20 16:00:00,13,17,6,2429,0,9.5,3.8,0.4,0,0,0,0,0,0,1,0,1,0
2023-12-20 18:00:00,32,19,5,986,0,9.5,3.8,0.4,0,0,0,0,0,0,1,0,1,0
2023-12-20 08:00:00,27,9,4,614,0,9.5,3.8,0.4,0,0,0,0,0,0,1,0,1,0
2023-12-21 10:00:00,22,11,19,3252,0,8.9,4.7,1.2,0,0,0,0,1,0,0,0,1,0
2023-12-20 07:00:00,6,8,0,250,0,9.5,3.8,0.4,0,0,0,0,0,0,1,0,1,0
2023-12-20 06:00:00,2,7,0,59,0,9.5,3.8,0.4,0,0,0,0,0,0,1,0,1,0
2023-12-20 05:00:00,2,6,0,39,0,9.5,3.8,0.4,0,0,0,0,0,0,1,0,1,0
2023-12-20 00:00:00,1,1,0,52,0,9.5,3.8,0.4,0,0,0,0,0,0,1,0,1,0
2023-12-20 02:00:00,1,3,0,16,0,9.5,3.8,0.4,0,0,0,0,0,0,1,0,1,0
2023-12-20 01:00:00,1,2,0,13,0,9.5,3.8,0.4,0,0,0,0,0,0,1,0,1,0
2023-12-20 04:00:00,0,5,0,5,0,9.5,3.8,0.4,0,0,0,0,0,0,1,0,1,0
2023-12-19 01:00:00,2,2,0,29,0,12.0,3.8,0.0,0,0,0,0,0,1,0,0,1,0
2023-12-19 02:00:00,2,3,0,13,0,12.0,3.8,0.0,0,0,0,0,0,1,0,0,1,0
2023-12-21 23:00:00,45,0,2,166,0,8.9,4.7,1.2,0,0,0,0,1,0,0,0,1,0
2023-12-21 22:00:00,39,23,2,262,0,8.9,4.7,1.2,0,0,0,0,1,0,0,0,1,0
2023-12-21 11:00:00,20,12,18,3193,0,8.9,4.7,1.2,0,0,0,0,1,0,0,0,1,0
2023-12-19 06:00:00,1,7,0,49,0,12.0,3.8,0.0,0,0,0,0,0,1,0,0,1,0
2023-12-19 03:00:00,1,4,0,14,0,12.0,3.8,0.0,0,0,0,0,0,1,0,0,1,0
2023-12-19 04:00:00,1,5,0,6,0,12.0,3.8,0.0,0,0,0,0,0,1,0,0,1,0
2023-12-20 20:00:00,34,21,2,420,0,9.5,3.8,0.4,0,0,0,0,0,0,1,0,1,0
2023-12-20 17:00:00,23,18,2,2143,0,9.5,3.8,0.4,0,0,0,0,0,0,1,0,1,0
2023-12-20 21:00:00,44,22,1,444,0,9.5,3.8,0.4,0,0,0,0,0,0,1,0,1,0
2023-12-20 22:00:00,32,23,1,235,0,9.5,3.8,0.4,0,0,0,0,0,0,1,0,1,0
2023-12-21 15:00:00,15,16,15,2848,0,8.9,4.7,1.2,0,0,0,0,1,0,0,0,1,0
2023-12-20 13:00:00,14,14,34,2774,0,9.5,3.8,0.4,0,0,0,0,0,0,1,0,1,0
2023-12-20 11:00:00,18,12,27,2428,0,9.5,3.8,0.4,0,0,0,0,0,0,1,0,1,0
2023-12-20 14:00:00,18,15,24,2518,0,9.5,3.8,0.4,0,0,0,0,0,0,1,0,1,0
2023-12-20 12:00:00,5,13,24,3002,0,9.5,3.8,0.4,0,0,0,0,0,0,1,0,1,0
2023-12-20 10:00:00,25,11,23,1941,0,9.5,3.8,0.4,0,0,0,0,0,0,1,0,1,0
2023-12-20 15:00:00,12,16,19,1322,0,9.5,3.8,0.4,0,0,0,0,0,0,1,0,1,0
2023-12-20 09:00:00,19,10,13,1222,0,9.5,3.8,0.4,0,0,0,0,0,0,1,0,1,0
2023-12-21 09:00:00,22,10,12,2182,0,8.9,4.7,1.2,0,0,0,0,1,0,0,0,1,0
2023-12-21 16:00:00,10,17,11,2346,0,8.9,4.7,1.2,0,0,0,0,1,0,0,0,1,0
2023-12-21 13:00:00,8,14,11,2729,0,8.9,4.7,1.2,0,0,0,0,1,0,0,0,1,0
2023-12-21 14:00:00,6,15,9,2558,0,8.9,4.7,1.2,0,0,0,0,1,0,0,0,1,0
2023-12-21 12:00:00,5,13,9,2243,0,8.9,4.7,1.2,0,0,0,0,1,0,0,0,1,0
2023-12-21 06:00:00,1,7,0,43,0,8.9,4.7,1.2,0,0,0,0,1,0,0,0,1,0
2023-12-21 02:00:00,1,3,0,18,0,8.9,4.7,1.2,0,0,0,0,1,0,0,0,1,0
2023-12-21 03:00:00,1,4,0,2,0,8.9,4.7,1.2,0,0,0,0,1,0,0,0,1,0
2023-12-21 07:00:00,0,8,0,177,0,8.9,4.7,1.2,0,0,0,0,1,0,0,0,1,0
2023-12-21 05:00:00,0,6,0,21,0,8.9,4.7,1.2,0,0,0,0,1,0,0,0,1,0
2023-12-21 04:00:00,0,5,0,16,0,8.9,4.7,1.2,0,0,0,0,1,0,0,0,1,0
2023-12-21 01:00:00,0,2,0,12,0,8.9,4.7,1.2,0,0,0,0,1,0,0,0,1,0
2023-12-21 18:00:00,3,19,1,726,0,8.9,4.7,1.2,0,0,0,0,1,0,0,0,1,0
2023-12-21 08:00:00,11,9,4,845,0,8.9,4.7,1.2,0,0,0,0,1,0,0,0,1,0
2023-12-21 17:00:00,8,18,4,1721,0,8.9,4.7,1.2,0,0,0,0,1,0,0,0,1,0
2023-12-21 00:00:00,2,1,1,43,0,8.9,4.7,1.2,0,0,0,0,1,0,0,0,1,0
2023-12-22 10:00:00,72,11,41,4989,0,12.1,6.4,14.3,1,0,0,0,0,0,0,0,1,0
2023-12-22 12:00:00,26,13,32,4404,0,12.1,6.4,14.3,1,0,0,0,0,0,0,0,1,0
2023-12-22 11:00:00,58,12,30,5346,0,12.1,6.4,14.3,1,0,0,0,0,0,0,0,1,0
2023-12-21 19:00:00,53,20,0,583,0,8.9,4.7,1.2,0,0,0,0,1,0,0,0,1,0
2023-12-22 16:00:00,10,17,8,3413,0,12.1,6.4,14.3,1,0,0,0,0,0,0,0,1,0
2023-12-23 03:00:00,28,4,0,33,0,10.3,3.5,3.6,0,0,1,0,0,0,0,0,1,0
2023-12-23 08:00:00,19,9,11,631,0,10.3,3.5,3.6,0,0,1,0,0,0,0,0,1,0
2023-12-23 10:00:00,4,11,10,2467,0,10.3,3.5,3.6,0,0,1,0,0,0,0,0,1,0
2023-12-23 11:00:00,11,12,7,3046,0,10.3,3.5,3.6,0,0,1,0,0,0,0,0,1,0
2023-12-23 16:00:00,13,17,6,2600,0,10.3,3.5,3.6,0,0,1,0,0,0,0,0,1,0
2023-12-23 12:00:00,15,13,5,2546,0,10.3,3.5,3.6,0,0,1,0,0,0,0,0,1,0
2023-12-23 09:00:00,7,10,5,1876,0,10.3,3.5,3.6,0,0,1,0,0,0,0,0,1,0
2023-12-23 18:00:00,23,19,4,869,0,10.3,3.5,3.6,0,0,1,0,0,0,0,0,1,0
2023-12-23 17:00:00,5,18,4,1938,0,10.3,3.5,3.6,0,0,1,0,0,0,0,0,1,0
2023-12-22 20:00:00,63,21,0,392,0,12.1,6.4,14.3,1,0,0,0,0,0,0,0,1,0
2023-12-22 00:00:00,38,1,0,118,0,12.1,6.4,14.3,1,0,0,0,0,0,0,0,1,0
2023-12-22 01:00:00,21,2,0,89,0,12.1,6.4,14.3,1,0,0,0,0,0,0,0,1,0
2023-12-22 06:00:00,16,7,0,68,0,12.1,6.4,14.3,1,0,0,0,0,0,0,0,1,0
2023-12-22 05:00:00,13,6,0,29,0,12.1,6.4,14.3,1,0,0,0,0,0,0,0,1,0
2023-12-22 03:00:00,10,4,0,22,0,12.1,6.4,14.3,1,0,0,0,0,0,0,0,1,0
2023-12-22 04:00:00,4,5,0,4,0,12.1,6.4,14.3,1,0,0,0,0,0,0,0,1,0
2023-12-23 15:00:00,35,16,19,4612,0,10.3,3.5,3.6,0,0,1,0,0,0,0,0,1,0
2023-12-23 13:00:00,11,14,17,3550,0,10.3,3.5,3.6,0,0,1,0,0,0,0,0,1,0
2023-12-23 14:00:00,36,15,13,3722,0,10.3,3.5,3.6,0,0,1,0,0,0,0,0,1,0
2023-12-23 22:00:00,12,23,0,105,0,10.3,3.5,3.6,0,0,1,0,0,0,0,0,1,0
2023-12-23 07:00:00,11,8,0,157,0,10.3,3.5,3.6,0,0,1,0,0,0,0,0,1,0
2023-12-23 19:00:00,7,20,0,284,0,10.3,3.5,3.6,0,0,1,0,0,0,0,0,1,0
2023-12-23 04:00:00,5,5,0,2,0,10.3,3.5,3.6,0,0,1,0,0,0,0,0,1,0
2023-12-23 05:00:00,3,6,0,22,0,10.3,3.5,3.6,0,0,1,0,0,0,0,0,1,0
2023-12-23 06:00:00,2,7,0,51,0,10.3,3.5,3.6,0,0,1,0,0,0,0,0,1,0
2023-12-24 13:00:00,15,14,17,1729,0,4.8,2.8,0.0,0,0,0,1,0,0,0,0,1,0
2023-12-22 15:00:00,7,16,7,2247,0,12.1,6.4,14.3,1,0,0,0,0,0,0,0,1,0
2023-12-22 07:00:00,42,8,1,275,0,12.1,6.4,14.3,1,0,0,0,0,0,0,0,1,0
2023-12-22 22:00:00,95,23,0,209,0,12.1,6.4,14.3,1,0,0,0,0,0,0,0,1,0
2023-12-22 21:00:00,81,22,0,342,0,12.1,6.4,14.3,1,0,0,0,0,0,0,0,1,0
2023-12-22 23:00:00,72,0,0,118,0,12.1,6.4,14.3,1,0,0,0,0,0,0,0,1,0
2023-12-22 08:00:00,65,9,6,1117,0,12.1,6.4,14.3,1,0,0,0,0,0,0,0,1,0
2023-12-22 19:00:00,85,20,5,590,0,12.1,6.4,14.3,1,0,0,0,0,0,0,0,1,0
2023-12-22 09:00:00,64,10,19,2730,0,12.1,6.4,14.3,1,0,0,0,0,0,0,0,1,0
2023-12-23 21:00:00,32,22,1,204,0,10.3,3.5,3.6,0,0,1,0,0,0,0,0,1,0
2023-12-22 18:00:00,57,19,4,1039,0,12.1,6.4,14.3,1,0,0,0,0,0,0,0,1,0
2023-12-22 13:00:00,26,14,15,3435,0,12.1,6.4,14.3,1,0,0,0,0,0,0,0,1,0
2023-12-22 17:00:00,5,18,4,1825,0,12.1,6.4,14.3,1,0,0,0,0,0,0,0,1,0
2023-12-22 14:00:00,15,15,11,2706,0,12.1,6.4,14.3,1,0,0,0,0,0,0,0,1,0
2023-12-23 00:00:00,72,1,0,114,0,10.3,3.5,3.6,0,0,1,0,0,0,0,0,1,0
2023-12-23 01:00:00,50,2,0,53,0,10.3,3.5,3.6,0,0,1,0,0,0,0,0,1,0
2023-12-22 02:00:00,18,3,3,55,0,12.1,6.4,14.3,1,0,0,0,0,0,0,0,1,0
2023-12-23 23:00:00,47,0,0,92,0,10.3,3.5,3.6,0,0,1,0,0,0,0,0,1,0
2023-12-23 20:00:00,43,21,0,341,0,10.3,3.5,3.6,0,0,1,0,0,0,0,0,1,0
2023-12-23 02:00:00,37,3,0,43,0,10.3,3.5,3.6,0,0,1,0,0,0,0,0,1,0
2023-12-25 14:00:00,2,15,3,123,1,6.3,0.4,3.4,0,1,0,0,0,0,0,0,1,0
2023-12-24 07:00:00,18,8,0,75,0,4.8,2.8,0.0,0,0,0,1,0,0,0,0,1,0
2023-12-25 10:00:00,2,11,3,96,1,6.3,0.4,3.4,0,1,0,0,0,0,0,0,1,0
2023-12-25 23:00:00,0,0,0,12,1,6.3,0.4,3.4,0,1,0,0,0,0,0,0,1,0
2023-12-24 18:00:00,15,19,0,218,0,4.8,2.8,0.0,0,0,0,1,0,0,0,0,1,0
2023-12-25 21:00:00,0,22,0,8,1,6.3,0.4,3.4,0,1,0,0,0,0,0,0,1,0
2023-12-25 06:00:00,0,7,0,4,1,6.3,0.4,3.4,0,1,0,0,0,0,0,0,1,0
2023-12-24 05:00:00,7,6,0,14,0,4.8,2.8,0.0,0,0,0,1,0,0,0,0,1,0
2023-12-24 06:00:00,6,7,0,33,0,4.8,2.8,0.0,0,0,0,1,0,0,0,0,1,0
2023-12-24 04:00:00,6,5,0,25,0,4.8,2.8,0.0,0,0,0,1,0,0,0,0,1,0
2023-12-24 16:00:00,14,17,2,925,0,4.8,2.8,0.0,0,0,0,1,0,0,0,0,1,0
2023-12-24 17:00:00,5,18,2,193,0,4.8,2.8,0.0,0,0,0,1,0,0,0,0,1,0
2023-12-24 10:00:00,8,11,1,990,0,4.8,2.8,0.0,0,0,0,1,0,0,0,0,1,0
2023-12-24 08:00:00,5,9,0,192,0,4.8,2.8,0.0,0,0,0,1,0,0,0,0,1,0
2023-12-24 09:00:00,3,10,0,526,0,4.8,2.8,0.0,0,0,0,1,0,0,0,0,1,0
2023-12-24 14:00:00,17,15,10,1936,0,4.8,2.8,0.0,0,0,0,1,0,0,0,0,1,0
2023-12-25 11:00:00,8,12,6,107,1,6.3,0.4,3.4,0,1,0,0,0,0,0,0,1,0
2023-12-25 09:00:00,2,10,6,37,1,6.3,0.4,3.4,0,1,0,0,0,0,0,0,1,0
2023-12-25 13:00:00,5,14,5,119,1,6.3,0.4,3.4,0,1,0,0,0,0,0,0,1,0
2023-12-25 15:00:00,7,16,4,177,1,6.3,0.4,3.4,0,1,0,0,0,0,0,0,1,0
2023-12-25 17:00:00,1,18,1,119,1,6.3,0.4,3.4,0,1,0,0,0,0,0,0,1,0
2023-12-25 08:00:00,1,9,1,8,1,6.3,0.4,3.4,0,1,0,0,0,0,0,0,1,0
2023-12-25 19:00:00,0,20,1,40,1,6.3,0.4,3.4,0,1,0,0,0,0,0,0,1,0
2023-12-25 07:00:00,0,8,1,1,1,6.3,0.4,3.4,0,1,0,0,0,0,0,0,1,0
2023-12-26 11:00:00,22,12,16,1314,1,8.8,0.4,14.8,0,0,0,0,0,1,0,0,1,0
2023-12-24 11:00:00,6,12,9,1479,0,4.8,2.8,0.0,0,0,0,1,0,0,0,0,1,0
2023-12-25 01:00:00,13,2,0,23,1,6.3,0.4,3.4,0,1,0,0,0,0,0,0,1,0
2023-12-25 00:00:00,11,1,0,28,1,6.3,0.4,3.4,0,1,0,0,0,0,0,0,1,0
2023-12-25 02:00:00,5,3,0,4,1,6.3,0.4,3.4,0,1,0,0,0,0,0,0,1,0
2023-12-25 05:00:00,4,6,0,1,1,6.3,0.4,3.4,0,1,0,0,0,0,0,0,1,0
2023-12-25 04:00:00,3,5,0,3,1,6.3,0.4,3.4,0,1,0,0,0,0,0,0,1,0
2023-12-25 18:00:00,1,19,0,62,1,6.3,0.4,3.4,0,1,0,0,0,0,0,0,1,0
2023-12-25 03:00:00,1,4,0,3,1,6.3,0.4,3.4,0,1,0,0,0,0,0,0,1,0
2023-12-25 16:00:00,0,17,0,120,1,6.3,0.4,3.4,0,1,0,0,0,0,0,0,1,0
2023-12-25 20:00:00,0,21,0,27,1,6.3,0.4,3.4,0,1,0,0,0,0,0,0,1,0
2023-12-25 22:00:00,0,23,0,23,1,6.3,0.4,3.4,0,1,0,0,0,0,0,0,1,0
2023-12-26 12:00:00,8,13,15,1627,1,8.8,0.4,14.8,0,0,0,0,0,1,0,0,1,0
2023-12-25 12:00:00,1,13,2,137,1,6.3,0.4,3.4,0,1,0,0,0,0,0,0,1,0
2023-12-26 14:00:00,2,15,7,2059,1,8.8,0.4,14.8,0,0,0,0,0,1,0,0,1,0
2023-12-26 09:00:00,25,10,6,395,1,8.8,0.4,14.8,0,0,0,0,0,1,0,0,1,0
2023-12-24 12:00:00,3,13,7,1609,0,4.8,2.8,0.0,0,0,0,1,0,0,0,0,1,0
2023-12-24 15:00:00,10,16,6,1720,0,4.8,2.8,0.0,0,0,0,1,0,0,0,0,1,0
2023-12-24 01:00:00,50,2,0,73,0,4.8,2.8,0.0,0,0,0,1,0,0,0,0,1,0
2023-12-24 00:00:00,49,1,0,155,0,4.8,2.8,0.0,0,0,0,1,0,0,0,0,1,0
2023-12-24 19:00:00,47,20,0,205,0,4.8,2.8,0.0,0,0,0,1,0,0,0,0,1,0
2023-12-24 21:00:00,40,22,0,107,0,4.8,2.8,0.0,0,0,0,1,0,0,0,0,1,0
2023-12-24 02:00:00,37,3,0,56,0,4.8,2.8,0.0,0,0,0,1,0,0,0,0,1,0
2023-12-24 20:00:00,34,21,0,159,0,4.8,2.8,0.0,0,0,0,1,0,0,0,0,1,0
2023-12-24 23:00:00,32,0,0,45,0,4.8,2.8,0.0,0,0,0,1,0,0,0,0,1,0
2023-12-24 22:00:00,30,23,0,87,0,4.8,2.8,0.0,0,0,0,1,0,0,0,0,1,0
2023-12-24 03:00:00,25,4,0,52,0,4.8,2.8,0.0,0,0,0,1,0,0,0,0,1,0
2023-12-27 13:00:00,9,14,16,1202,0,8.3,-4.0,22.5,0,0,0,0,0,0,1,0,1,0
2023-12-28 16:00:00,20,17,8,2711,0,5.3,3.4,19.9,0,0,0,0,1,0,0,0,1,0
2023-12-27 00:00:00,26,1,0,70,0,8.3,-4.0,22.5,0,0,0,0,0,0,1,0,1,0
2023-12-27 20:00:00,24,21,0,384,0,8.3,-4.0,22.5,0,0,0,0,0,0,1,0,1,0
2023-12-27 21:00:00,22,22,0,296,0,8.3,-4.0,22.5,0,0,0,0,0,0,1,0,1,0
2023-12-27 01:00:00,16,2,0,46,0,8.3,-4.0,22.5,0,0,0,0,0,0,1,0,1,0
2023-12-27 10:00:00,11,11,0,705,0,8.3,-4.0,22.5,0,0,0,0,0,0,1,0,1,0
2023-12-27 02:00:00,11,3,0,55,0,8.3,-4.0,22.5,0,0,0,0,0,0,1,0,1,0
2023-12-27 03:00:00,7,4,0,11,0,8.3,-4.0,22.5,0,0,0,0,0,0,1,0,1,0
2023-12-27 04:00:00,6,5,0,6,0,8.3,-4.0,22.5,0,0,0,0,0,0,1,0,1,0
2023-12-27 16:00:00,5,17,0,1523,0,8.3,-4.0,22.5,0,0,0,0,0,0,1,0,1,0
2023-12-27 22:00:00,4,23,0,63,0,8.3,-4.0,22.5,0,0,0,0,0,0,1,0,1,0
2023-12-26 13:00:00,4,14,5,2139,1,8.8,0.4,14.8,0,0,0,0,0,1,0,0,1,0
2023-12-26 15:00:00,28,16,1,2428,1,8.8,0.4,14.8,0,0,0,0,0,1,0,0,1,0
2023-12-26 22:00:00,25,23,1,89,1,8.8,0.4,14.8,0,0,0,0,0,1,0,0,1,0
2023-12-27 07:00:00,3,8,0,51,0,8.3,-4.0,22.5,0,0,0,0,0,0,1,0,1,0
2023-12-27 17:00:00,19,18,1,1225,0,8.3,-4.0,22.5,0,0,0,0,0,0,1,0,1,0
2023-12-27 09:00:00,13,10,1,441,0,8.3,-4.0,22.5,0,0,0,0,0,0,1,0,1,0
2023-12-27 11:00:00,7,12,9,561,0,8.3,-4.0,22.5,0,0,0,0,0,0,1,0,1,0
2023-12-28 15:00:00,14,16,7,4441,0,5.3,3.4,19.9,0,0,0,0,1,0,0,0,1,0
2023-12-27 08:00:00,1,9,0,161,0,8.3,-4.0,22.5,0,0,0,0,0,0,1,0,1,0
2023-12-27 05:00:00,1,6,0,12,0,8.3,-4.0,22.5,0,0,0,0,0,0,1,0,1,0
2023-12-27 06:00:00,1,7,0,11,0,8.3,-4.0,22.5,0,0,0,0,0,0,1,0,1,0
2023-12-27 23:00:00,0,0,0,46,0,8.3,-4.0,22.5,0,0,0,0,0,0,1,0,1,0
2023-12-28 11:00:00,15,12,28,3113,0,5.3,3.4,19.9,0,0,0,0,1,0,0,0,1,0
2023-12-28 12:00:00,22,13,13,2324,0,5.3,3.4,19.9,0,0,0,0,1,0,0,0,1,0
2023-12-28 10:00:00,18,11,13,2184,0,5.3,3.4,19.9,0,0,0,0,1,0,0,0,1,0
2023-12-28 14:00:00,25,15,12,3079,0,5.3,3.4,19.9,0,0,0,0,1,0,0,0,1,0
2023-12-28 13:00:00,18,14,11,3567,0,5.3,3.4,19.9,0,0,0,0,1,0,0,0,1,0
2023-12-26 10:00:00,36,11,4,942,1,8.8,0.4,14.8,0,0,0,0,0,1,0,0,1,0
2023-12-26 23:00:00,35,0,0,53,1,8.8,0.4,14.8,0,0,0,0,0,1,0,0,1,0
2023-12-26 08:00:00,5,9,4,122,1,8.8,0.4,14.8,0,0,0,0,0,1,0,0,1,0
2023-12-26 21:00:00,31,22,0,136,1,8.8,0.4,14.8,0,0,0,0,0,1,0,0,1,0
2023-12-26 20:00:00,28,21,0,168,1,8.8,0.4,14.8,0,0,0,0,0,1,0,0,1,0
2023-12-26 17:00:00,26,18,0,982,1,8.8,0.4,14.8,0,0,0,0,0,1,0,0,1,0
2023-12-26 19:00:00,21,20,0,255,1,8.8,0.4,14.8,0,0,0,0,0,1,0,0,1,0
2023-12-26 03:00:00,3,4,0,31,1,8.8,0.4,14.8,0,0,0,0,0,1,0,0,1,0
2023-12-26 05:00:00,3,6,0,8,1,8.8,0.4,14.8,0,0,0,0,0,1,0,0,1,0
2023-12-26 07:00:00,2,8,0,27,1,8.8,0.4,14.8,0,0,0,0,0,1,0,0,1,0
2023-12-26 06:00:00,1,7,0,11,1,8.8,0.4,14.8,0,0,0,0,0,1,0,0,1,0
2023-12-26 01:00:00,0,2,0,11,1,8.8,0.4,14.8,0,0,0,0,0,1,0,0,1,0
2023-12-26 02:00:00,0,3,0,11,1,8.8,0.4,14.8,0,0,0,0,0,1,0,0,1,0
2023-12-26 00:00:00,0,1,0,7,1,8.8,0.4,14.8,0,0,0,0,0,1,0,0,1,0
2023-12-26 04:00:00,0,5,0,1,1,8.8,0.4,14.8,0,0,0,0,0,1,0,0,1,0
2023-12-27 14:00:00,9,15,17,1446,0,8.3,-4.0,22.5,0,0,0,0,0,0,1,0,1,0
2023-12-27 15:00:00,2,16,7,1467,0,8.3,-4.0,22.5,0,0,0,0,0,0,1,0,1,0
2023-12-26 18:00:00,1,19,3,221,1,8.8,0.4,14.8,0,0,0,0,0,1,0,0,1,0
2023-12-26 16:00:00,27,17,2,2045,1,8.8,0.4,14.8,0,0,0,0,0,1,0,0,1,0
2023-12-28 09:00:00,9,10,5,1180,0,5.3,3.4,19.9,0,0,0,0,1,0,0,0,1,0
2023-12-28 07:00:00,6,8,2,151,0,5.3,3.4,19.9,0,0,0,0,1,0,0,0,1,0
2023-12-28 18:00:00,2,19,2,249,0,5.3,3.4,19.9,0,0,0,0,1,0,0,0,1,0
2023-12-28 17:00:00,0,18,2,1130,0,5.3,3.4,19.9,0,0,0,0,1,0,0,0,1,0
2023-12-27 18:00:00,17,19,3,537,0,8.3,-4.0,22.5,0,0,0,0,0,0,1,0,1,0
2023-12-27 12:00:00,5,13,3,894,0,8.3,-4.0,22.5,0,0,0,0,0,0,1,0,1,0
2023-12-27 19:00:00,27,20,2,402,0,8.3,-4.0,22.5,0,0,0,0,0,0,1,0,1,0
2023-12-28 19:00:00,32,20,1,278,0,5.3,3.4,19.9,0,0,0,0,1,0,0,0,1,0
2023-12-28 06:00:00,3,7,1,66,0,5.3,3.4,19.9,0,0,0,0,1,0,0,0,1,0
2023-12-28 08:00:00,1,9,1,485,0,5.3,3.4,19.9,0,0,0,0,1,0,0,0,1,0
2023-12-30 12:00:00,13,13,7,2531,0,8.1,-0.4,9.2,0,0,1,0,0,0,0,0,1,0
2023-12-30 14:00:00,7,15,7,1146,0,8.1,-0.4,9.2,0,0,1,0,0,0,0,0,1,0
2023-12-29 11:00:00,9,12,22,3171,0,6.8,3.0,0.1,1,0,0,0,0,0,0,0,1,0
2023-12-29 17:00:00,5,18,4,1354,0,6.8,3.0,0.1,1,0,0,0,0,0,0,0,1,0
2023-12-29 09:00:00,20,10,3,1363,0,6.8,3.0,0.1,1,0,0,0,0,0,0,0,1,0
2023-12-29 14:00:00,10,15,3,4849,0,6.8,3.0,0.1,1,0,0,0,0,0,0,0,1,0
2023-12-29 18:00:00,3,19,2,340,0,6.8,3.0,0.1,1,0,0,0,0,0,0,0,1,0
2023-12-28 21:00:00,31,22,0,344,0,5.3,3.4,19.9,0,0,0,0,1,0,0,0,1,0
2023-12-30 13:00:00,8,14,6,1185,0,8.1,-0.4,9.2,0,0,1,0,0,0,0,0,1,0
2023-12-29 20:00:00,40,21,1,465,0,6.8,3.0,0.1,1,0,0,0,0,0,0,0,1,0
2023-12-29 08:00:00,9,9,1,520,0,6.8,3.0,0.1,1,0,0,0,0,0,0,0,1,0
2023-12-29 19:00:00,92,20,0,611,0,6.8,3.0,0.1,1,0,0,0,0,0,0,0,1,0
2023-12-29 22:00:00,66,23,0,324,0,6.8,3.0,0.1,1,0,0,0,0,0,0,0,1,0
2023-12-29 23:00:00,65,0,0,121,0,6.8,3.0,0.1,1,0,0,0,0,0,0,0,1,0
2023-12-29 21:00:00,38,22,0,377,0,6.8,3.0,0.1,1,0,0,0,0,0,0,0,1,0
2023-12-30 23:00:00,11,0,1,62,0,8.1,-0.4,9.2,0,0,1,0,0,0,0,0,1,0
2023-12-30 08:00:00,10,9,1,449,0,8.1,-0.4,9.2,0,0,1,0,0,0,0,0,1,0
2023-12-30 15:00:00,3,16,1,1053,0,8.1,-0.4,9.2,0,0,1,0,0,0,0,0,1,0
2023-12-29 06:00:00,7,7,0,106,0,6.8,3.0,0.1,1,0,0,0,0,0,0,0,1,0
2023-12-29 12:00:00,12,13,17,3499,0,6.8,3.0,0.1,1,0,0,0,0,0,0,0,1,0
2023-12-29 07:00:00,6,8,0,124,0,6.8,3.0,0.1,1,0,0,0,0,0,0,0,1,0
2023-12-28 22:00:00,13,23,0,169,0,5.3,3.4,19.9,0,0,0,0,1,0,0,0,1,0
2023-12-29 10:00:00,14,11,14,2265,0,6.8,3.0,0.1,1,0,0,0,0,0,0,0,1,0
2023-12-28 20:00:00,12,21,0,210,0,5.3,3.4,19.9,0,0,0,0,1,0,0,0,1,0
2023-12-29 05:00:00,2,6,0,22,0,6.8,3.0,0.1,1,0,0,0,0,0,0,0,1,0
2023-12-29 03:00:00,1,4,0,5,0,6.8,3.0,0.1,1,0,0,0,0,0,0,0,1,0
2023-12-29 02:00:00,1,3,0,0,0,6.8,3.0,0.1,1,0,0,0,0,0,0,0,1,0
2023-12-29 00:00:00,0,1,0,14,0,6.8,3.0,0.1,1,0,0,0,0,0,0,0,1,0
2023-12-29 01:00:00,0,2,0,5,0,6.8,3.0,0.1,1,0,0,0,0,0,0,0,1,0
2023-12-29 04:00:00,0,5,0,1,0,6.8,3.0,0.1,1,0,0,0,0,0,0,0,1,0
2023-12-30 11:00:00,14,12,14,2632,0,8.1,-0.4,9.2,0,0,1,0,0,0,0,0,1,0
2023-12-30 10:00:00,8,11,10,2055,0,8.1,-0.4,9.2,0,0,1,0,0,0,0,0,1,0
2023-12-30 09:00:00,14,10,8,1042,0,8.1,-0.4,9.2,0,0,1,0,0,0,0,0,1,0
2023-12-29 13:00:00,6,14,12,3936,0,6.8,3.0,0.1,1,0,0,0,0,0,0,0,1,0
2023-12-28 23:00:00,2,0,0,19,0,5.3,3.4,19.9,0,0,0,0,1,0,0,0,1,0
2023-12-28 03:00:00,2,4,0,2,0,5.3,3.4,19.9,0,0,0,0,1,0,0,0,1,0
2023-12-28 00:00:00,0,1,0,39,0,5.3,3.4,19.9,0,0,0,0,1,0,0,0,1,0
2023-12-28 05:00:00,0,6,0,31,0,5.3,3.4,19.9,0,0,0,0,1,0,0,0,1,0
2023-12-28 02:00:00,0,3,0,9,0,5.3,3.4,19.9,0,0,0,0,1,0,0,0,1,0
2023-12-28 01:00:00,0,2,0,5,0,5.3,3.4,19.9,0,0,0,0,1,0,0,0,1,0
2023-12-28 04:00:00,0,5,0,4,0,5.3,3.4,19.9,0,0,0,0,1,0,0,0,1,0
2023-12-30 18:00:00,37,19,3,577,0,8.1,-0.4,9.2,0,0,1,0,0,0,0,0,1,0
2023-12-30 17:00:00,21,18,3,1098,0,8.1,-0.4,9.2,0,0,1,0,0,0,0,0,1,0
2023-12-30 21:00:00,32,22,2,217,0,8.1,-0.4,9.2,0,0,1,0,0,0,0,0,1,0
2023-12-30 20:00:00,20,21,2,220,0,8.1,-0.4,9.2,0,0,1,0,0,0,0,0,1,0
2023-12-30 16:00:00,6,17,2,1642,0,8.1,-0.4,9.2,0,0,1,0,0,0,0,0,1,0
2023-12-29 15:00:00,10,16,5,4404,0,6.8,3.0,0.1,1,0,0,0,0,0,0,0,1,0
2023-12-29 16:00:00,8,17,5,2829,0,6.8,3.0,0.1,1,0,0,0,0,0,0,0,1,0
2023-12-31 21:00:00,81,22,2,354,0,6.8,-1.0,0.2,0,0,0,1,0,0,0,0,1,0
2023-12-30 06:00:00,11,7,0,57,0,8.1,-0.4,9.2,0,0,1,0,0,0,0,0,1,0
2023-12-30 05:00:00,10,6,0,42,0,8.1,-0.4,9.2,0,0,1,0,0,0,0,0,1,0
2023-12-30 04:00:00,9,5,0,13,0,8.1,-0.4,9.2,0,0,1,0,0,0,0,0,1,0
2023-12-30 07:00:00,8,8,0,97,0,8.1,-0.4,9.2,0,0,1,0,0,0,0,0,1,0
2023-12-31 18:00:00,1,19,2,260,0,6.8,-1.0,0.2,0,0,0,1,0,0,0,0,1,0
2023-12-30 00:00:00,54,1,0,57,0,8.1,-0.4,9.2,0,0,1,0,0,0,0,0,1,0
2023-12-30 01:00:00,51,2,0,52,0,8.1,-0.4,9.2,0,0,1,0,0,0,0,0,1,0
2023-12-30 22:00:00,48,23,0,214,0,8.1,-0.4,9.2,0,0,1,0,0,0,0,0,1,0
2023-12-30 02:00:00,43,3,0,32,0,8.1,-0.4,9.2,0,0,1,0,0,0,0,0,1,0
2023-12-30 19:00:00,27,20,0,370,0,8.1,-0.4,9.2,0,0,1,0,0,0,0,0,1,0
2023-12-30 03:00:00,19,4,0,18,0,8.1,-0.4,9.2,0,0,1,0,0,0,0,0,1,0
2023-12-31 23:00:00,87,0,0,344,0,6.8,-1.0,0.2,0,0,0,1,0,0,0,0,1,0
2023-12-31 14:00:00,12,15,36,2420,0,6.8,-1.0,0.2,0,0,0,1,0,0,0,0,1,0
2023-12-31 12:00:00,13,13,32,1976,0,6.8,-1.0,0.2,0,0,0,1,0,0,0,0,1,0
2023-12-31 13:00:00,16,14,31,2373,0,6.8,-1.0,0.2,0,0,0,1,0,0,0,0,1,0
2023-12-31 11:00:00,9,12,16,1548,0,6.8,-1.0,0.2,0,0,0,1,0,0,0,0,1,0
2023-12-31 15:00:00,4,16,16,2083,0,6.8,-1.0,0.2,0,0,0,1,0,0,0,0,1,0
2023-12-31 09:00:00,9,10,14,240,0,6.8,-1.0,0.2,0,0,0,1,0,0,0,0,1,0
2023-12-31 19:00:00,11,20,0,260,0,6.8,-1.0,0.2,0,0,0,1,0,0,0,0,1,0
2023-12-31 04:00:00,3,5,0,8,0,6.8,-1.0,0.2,0,0,0,1,0,0,0,0,1,0
2023-12-31 08:00:00,2,9,0,105,0,6.8,-1.0,0.2,0,0,0,1,0,0,0,0,1,0
2023-12-31 07:00:00,2,8,0,54,0,6.8,-1.0,0.2,0,0,0,1,0,0,0,0,1,0
2023-12-31 01:00:00,2,2,0,24,0,6.8,-1.0,0.2,0,0,0,1,0,0,0,0,1,0
2023-12-31 02:00:00,2,3,0,15,0,6.8,-1.0,0.2,0,0,0,1,0,0,0,0,1,0
2023-12-31 06:00:00,1,7,0,28,0,6.8,-1.0,0.2,0,0,0,1,0,0,0,0,1,0
2023-12-31 05:00:00,1,6,0,26,0,6.8,-1.0,0.2,0,0,0,1,0,0,0,0,1,0
2023-12-31 03:00:00,1,4,0,15,0,6.8,-1.0,0.2,0,0,0,1,0,0,0,0,1,0
2023-12-31 17:00:00,3,18,1,454,0,6.8,-1.0,0.2,0,0,0,1,0,0,0,0,1,0
2023-12-31 00:00:00,3,1,1,43,0,6.8,-1.0,0.2,0,0,0,1,0,0,0,0,1,0
2023-12-31 10:00:00,2,11,7,755,0,6.8,-1.0,0.2,0,0,0,1,0,0,0,0,1,0
2023-12-31 16:00:00,7,17,4,1233,0,6.8,-1.0,0.2,0,0,0,1,0,0,0,0,1,0
2023-12-31 20:00:00,101,21,2,434,0,6.8,-1.0,0.2,0,0,0,1,0,0,0,0,1,0
2023-12-31 22:00:00,101,23,2,132,0,6.8,-1.0,0.2,0,0,0,1,0,0,0,0,1,0
2024-02-01 10:00:00,23,11,29,1904,0,13.8,5.3,0.0,0,0,0,0,1,0,0,0,1,0
2024-02-03 14:00:00,8,15,29,3643,0,10.1,5.5,0.0,0,0,1,0,0,0,0,0,1,0
2024-02-10 16:00:00,29,17,28,2406,0,6.7,3.7,0.4,0,0,1,0,0,0,0,0,1,0
2024-02-06 12:00:00,16,13,28,2456,0,5.9,5.5,0.0,0,0,0,0,0,1,0,0,1,0
2024-02-15 09:00:00,15,10,28,1079,0,13.2,5.5,3.4,0,0,0,0,1,0,0,0,1,0
2024-02-15 08:00:00,9,9,28,579,0,13.2,5.5,3.4,0,0,0,0,1,0,0,0,1,0
2024-02-03 13:00:00,4,14,28,3587,0,10.1,5.5,0.0,0,0,1,0,0,0,0,0,1,0
2024-02-21 11:00:00,17,12,25,1639,0,8.0,1.9,1.5,0,0,0,0,0,0,1,0,1,0
2024-02-23 10:00:00,12,11,25,1814,0,7.3,0.4,0.0,1,0,0,0,0,0,0,0,1,0
2024-02-10 15:00:00,12,16,25,2879,0,6.7,3.7,0.4,0,0,1,0,0,0,0,0,1,0
2024-02-25 12:00:00,10,13,25,1662,0,8.3,5.5,0.0,0,0,0,1,0,0,0,0,1,0
2024-02-11 16:00:00,1,17,25,1534,0,8.2,5.5,0.0,0,0,0,1,0,0,0,0,1,0
2024-02-15 11:00:00,16,12,24,1818,0,13.2,5.5,3.4,0,0,0,0,1,0,0,0,1,0
2024-02-10 12:00:00,12,13,24,2676,0,6.7,3.7,0.4,0,0,1,0,0,0,0,0,1,0
2024-02-18 12:00:00,16,13,38,1780,0,11.3,6.0,2.1,0,0,0,1,0,0,0,0,1,0
2024-02-22 13:00:00,15,14,35,2476,0,6.9,3.6,0.0,0,0,0,0,1,0,0,0,1,0
2024-02-25 15:00:00,5,16,35,1534,0,8.3,5.5,0.0,0,0,0,1,0,0,0,0,1,0
2024-02-22 12:00:00,10,13,33,2665,0,6.9,3.6,0.0,0,0,0,0,1,0,0,0,1,0
2024-02-25 13:00:00,8,14,32,1793,0,8.3,5.5,0.0,0,0,0,1,0,0,0,0,1,0
2024-02-27 16:00:00,45,17,31,2077,0,10.2,1.3,0.3,0,0,0,0,0,1,0,0,1,0
2024-02-27 09:00:00,23,10,31,1161,0,10.2,1.3,0.3,0,0,0,0,0,1,0,0,1,0
2024-02-02 12:00:00,16,13,31,2718,0,9.3,5.5,0.0,1,0,0,0,0,0,0,0,1,0
2024-02-10 14:00:00,14,15,27,3432,0,6.7,3.7,0.4,0,0,1,0,0,0,0,0,1,0
2024-02-24 12:00:00,16,13,31,3076,0,7.4,5.5,0.0,0,0,1,0,0,0,0,0,1,0
2024-02-02 13:00:00,12,14,27,2650,0,9.3,5.5,0.0,1,0,0,0,0,0,0,0,1,0
2024-02-06 13:00:00,12,14,27,2428,0,5.9,5.5,0.0,0,0,0,0,0,1,0,0,1,0
2024-02-07 13:00:00,7,14,27,2483,0,4.2,0.6,0.0,0,0,0,0,0,0,1,0,1,0
2024-02-06 14:00:00,9,15,26,2214,0,5.9,5.5,0.0,0,0,0,0,0,1,0,0,1,0
2024-02-18 13:00:00,3,14,26,1853,0,11.3,6.0,2.1,0,0,0,1,0,0,0,0,1,0
2024-02-20 09:00:00,67,10,23,1549,0,12.6,5.4,5.2,0,0,0,0,0,1,0,0,1,0
2024-02-01 12:00:00,42,13,23,2394,0,13.8,5.3,0.0,0,0,0,0,1,0,0,0,1,0
2024-02-08 13:00:00,36,14,23,2852,0,4.2,-2.8,3.1,0,0,0,0,1,0,0,0,1,0
2024-02-27 11:00:00,22,12,23,1932,0,10.2,1.3,0.3,0,0,0,0,0,1,0,0,1,0
2024-02-14 12:00:00,16,13,23,3295,0,8.3,5.5,6.2,0,0,0,0,0,0,1,0,1,0
2024-02-26 12:00:00,11,13,23,2497,0,11.1,5.5,0.0,0,1,0,0,0,0,0,0,1,0
2024-02-22 11:00:00,10,12,23,2129,0,6.9,3.6,0.0,0,0,0,0,1,0,0,0,1,0
2024-02-29 12:00:00,14,13,44,2768,0,7.2,3.5,0.1,0,0,0,0,1,0,0,0,1,0
2024-02-27 12:00:00,9,13,44,2246,0,10.2,1.3,0.3,0,0,0,0,0,1,0,0,1,0
2024-02-25 14:00:00,5,15,42,1958,0,8.3,5.5,0.0,0,0,0,1,0,0,0,0,1,0
2024-02-27 14:00:00,33,15,20,1949,0,10.2,1.3,0.3,0,0,0,0,0,1,0,0,1,0
2024-02-16 12:00:00,22,13,20,4045,0,9.8,5.5,0.4,1,0,0,0,0,0,0,0,1,0
2024-02-09 12:00:00,18,13,20,1814,0,6.3,5.5,9.8,1,0,0,0,0,0,0,0,1,0
2024-02-26 14:00:00,14,15,20,1906,0,11.1,5.5,0.0,0,1,0,0,0,0,0,0,1,0
2024-02-17 10:00:00,13,11,20,1794,0,13.3,5.5,3.3,0,0,1,0,0,0,0,0,1,0
2024-02-12 15:00:00,12,16,20,2537,0,8.4,3.3,1.2,0,1,0,0,0,0,0,0,1,0
2024-02-13 13:00:00,12,14,20,3093,0,7.1,3.1,0.2,0,0,0,0,0,1,0,0,1,0
2024-02-14 09:00:00,9,10,20,1002,0,8.3,5.5,6.2,0,0,0,0,0,0,1,0,1,0
2024-02-13 12:00:00,7,13,20,2978,0,7.1,3.1,0.2,0,0,0,0,0,1,0,0,1,0
2024-02-03 12:00:00,4,13,20,3385,0,10.1,5.5,0.0,0,0,1,0,0,0,0,0,1,0
2024-02-11 15:00:00,4,16,20,1800,0,8.2,5.5,0.0,0,0,0,1,0,0,0,0,1,0
2024-02-18 21:00:00,25,22,17,355,0,11.3,6.0,2.1,0,0,0,1,0,0,0,0,1,0
2024-02-22 10:00:00,20,11,17,1620,0,6.9,3.6,0.0,0,0,0,0,1,0,0,0,1,0
2024-02-21 13:00:00,20,14,17,2534,0,8.0,1.9,1.5,0,0,0,0,0,0,1,0,1,0
2024-02-14 11:00:00,12,12,17,2806,0,8.3,5.5,6.2,0,0,0,0,0,0,1,0,1,0
2024-02-28 15:00:00,12,16,17,1800,0,9.1,3.4,1.4,0,0,0,0,0,0,1,0,1,0
2024-02-14 14:00:00,10,15,17,1826,0,8.3,5.5,6.2,0,0,0,0,0,0,1,0,1,0
2024-02-04 12:00:00,9,13,17,1922,0,10.7,5.5,1.0,0,0,0,1,0,0,0,0,1,0
2024-02-16 09:00:00,49,10,18,1292,0,9.8,5.5,0.4,1,0,0,0,0,0,0,0,1,0
2024-02-15 15:00:00,45,16,18,3033,0,13.2,5.5,3.4,0,0,0,0,1,0,0,0,1,0
2024-02-20 12:00:00,36,13,18,3021,0,12.6,5.4,5.2,0,0,0,0,0,1,0,0,1,0
2024-02-21 12:00:00,18,13,18,1994,0,8.0,1.9,1.5,0,0,0,0,0,0,1,0,1,0
2024-02-19 11:00:00,17,12,18,2729,0,12.5,5.2,0.0,0,1,0,0,0,0,0,0,1,0
2024-02-13 20:00:00,14,21,18,337,0,7.1,3.1,0.2,0,0,0,0,0,1,0,0,1,0
2024-02-28 13:00:00,12,14,18,2047,0,9.1,3.4,1.4,0,0,0,0,0,0,1,0,1,0
2024-02-13 11:00:00,11,12,18,2497,0,7.1,3.1,0.2,0,0,0,0,0,1,0,0,1,0
2024-02-14 15:00:00,8,16,18,1950,0,8.3,5.5,6.2,0,0,0,0,0,0,1,0,1,0
2024-02-15 14:00:00,7,15,18,2470,0,13.2,5.5,3.4,0,0,0,0,1,0,0,0,1,0
2024-02-08 12:00:00,38,13,22,2486,0,4.2,-2.8,3.1,0,0,0,0,1,0,0,0,1,0
2024-02-09 14:00:00,20,15,22,1667,0,6.3,5.5,9.8,1,0,0,0,0,0,0,0,1,0
2024-02-02 14:00:00,16,15,22,2999,0,9.3,5.5,0.0,1,0,0,0,0,0,0,0,1,0
2024-02-27 10:00:00,15,11,22,1615,0,10.2,1.3,0.3,0,0,0,0,0,1,0,0,1,0
2024-02-12 13:00:00,11,14,22,3126,0,8.4,3.3,1.2,0,1,0,0,0,0,0,0,1,0
2024-02-12 12:00:00,11,13,22,2790,0,8.4,3.3,1.2,0,1,0,0,0,0,0,0,1,0
2024-02-06 11:00:00,5,12,22,2210,0,5.9,5.5,0.0,0,0,0,0,0,1,0,0,1,0
2024-02-09 11:00:00,15,12,21,1624,0,6.3,5.5,9.8,1,0,0,0,0,0,0,0,1,0
2024-02-24 13:00:00,14,14,21,3452,0,7.4,5.5,0.0,0,0,1,0,0,0,0,0,1,0
2024-02-29 13:00:00,12,14,21,2860,0,7.2,3.5,0.1,0,0,0,0,1,0,0,0,1,0
2024-02-01 13:00:00,10,14,21,2935,0,13.8,5.3,0.0,0,0,0,0,1,0,0,0,1,0
2024-02-17 15:00:00,7,16,21,2530,0,13.3,5.5,3.3,0,0,1,0,0,0,0,0,1,0
2024-02-09 13:00:00,7,14,17,1861,0,6.3,5.5,9.8,1,0,0,0,0,0,0,0,1,0
2024-02-03 11:00:00,5,12,17,2647,0,10.1,5.5,0.0,0,0,1,0,0,0,0,0,1,0
2024-02-08 15:00:00,38,16,16,2214,0,4.2,-2.8,3.1,0,0,0,0,1,0,0,0,1,0
2024-02-22 19:00:00,34,20,16,523,0,6.9,3.6,0.0,0,0,0,0,1,0,0,0,1,0
2024-02-14 16:00:00,14,17,16,1988,0,8.3,5.5,6.2,0,0,0,0,0,0,1,0,1,0
2024-02-27 13:00:00,13,14,16,2312,0,10.2,1.3,0.3,0,0,0,0,0,1,0,0,1,0
2024-02-26 13:00:00,12,14,16,2550,0,11.1,5.5,0.0,0,1,0,0,0,0,0,0,1,0
2024-02-20 16:00:00,11,17,16,1799,0,12.6,5.4,5.2,0,0,0,0,0,1,0,0,1,0
2024-02-17 12:00:00,9,13,16,2948,0,13.3,5.5,3.3,0,0,1,0,0,0,0,0,1,0
2024-02-16 11:00:00,26,12,17,2857,0,9.8,5.5,0.4,1,0,0,0,0,0,0,0,1,0
2024-02-15 12:00:00,34,13,19,1986,0,13.2,5.5,3.4,0,0,0,0,1,0,0,0,1,0
2024-02-29 16:00:00,33,17,19,2205,0,7.2,3.5,0.1,0,0,0,0,1,0,0,0,1,0
2024-02-28 12:00:00,25,13,19,1938,0,9.1,3.4,1.4,0,0,0,0,0,0,1,0,1,0
2024-02-16 14:00:00,24,15,19,3532,0,9.8,5.5,0.4,1,0,0,0,0,0,0,0,1,0
2024-02-09 10:00:00,18,11,19,2081,0,6.3,5.5,9.8,1,0,0,0,0,0,0,0,1,0
2024-02-23 13:00:00,15,14,19,2982,0,7.3,0.4,0.0,1,0,0,0,0,0,0,0,1,0
2024-02-11 12:00:00,11,13,19,1795,0,8.2,5.5,0.0,0,0,0,1,0,0,0,0,1,0
2024-02-06 15:00:00,11,16,19,2052,0,5.9,5.5,0.0,0,0,0,0,0,1,0,0,1,0
2024-02-23 14:00:00,10,15,19,2825,0,7.3,0.4,0.0,1,0,0,0,0,0,0,0,1,0
2024-02-25 11:00:00,10,12,19,1214,0,8.3,5.5,0.0,0,0,0,1,0,0,0,0,1,0
2024-02-28 16:00:00,10,17,19,2091,0,9.1,3.4,1.4,0,0,0,0,0,0,1,0,1,0
2024-02-23 11:00:00,8,12,19,2691,0,7.3,0.4,0.0,1,0,0,0,0,0,0,0,1,0
2024-02-26 11:00:00,4,12,19,2337,0,11.1,5.5,0.0,0,1,0,0,0,0,0,0,1,0
2024-02-11 13:00:00,4,14,19,2171,0,8.2,5.5,0.0,0,0,0,1,0,0,0,0,1,0
2024-02-25 10:00:00,26,11,13,853,0,8.3,5.5,0.0,0,0,0,1,0,0,0,0,1,0
2024-02-21 10:00:00,25,11,13,1420,0,8.0,1.9,1.5,0,0,0,0,0,0,1,0,1,0
2024-02-12 10:00:00,21,11,13,1760,0,8.4,3.3,1.2,0,1,0,0,0,0,0,0,1,0
2024-02-09 09:00:00,19,10,13,1368,0,6.3,5.5,9.8,1,0,0,0,0,0,0,0,1,0
2024-02-16 15:00:00,18,16,13,2892,0,9.8,5.5,0.4,1,0,0,0,0,0,0,0,1,0
2024-02-24 09:00:00,15,10,13,1203,0,7.4,5.5,0.0,0,0,1,0,0,0,0,0,1,0
2024-02-17 11:00:00,14,12,13,2638,0,13.3,5.5,3.3,0,0,1,0,0,0,0,0,1,0
2024-02-17 09:00:00,12,10,13,932,0,13.3,5.5,3.3,0,0,1,0,0,0,0,0,1,0
2024-02-26 10:00:00,11,11,13,1688,0,11.1,5.5,0.0,0,1,0,0,0,0,0,0,1,0
2024-02-29 11:00:00,10,12,13,2083,0,7.2,3.5,0.1,0,0,0,0,1,0,0,0,1,0
2024-02-13 16:00:00,10,17,13,2037,0,7.1,3.1,0.2,0,0,0,0,0,1,0,0,1,0
2024-02-04 13:00:00,9,14,13,2327,0,10.7,5.5,1.0,0,0,0,1,0,0,0,0,1,0
2024-02-17 08:00:00,8,9,13,389,0,13.3,5.5,3.3,0,0,1,0,0,0,0,0,1,0
2024-02-24 11:00:00,7,12,13,2677,0,7.4,5.5,0.0,0,0,1,0,0,0,0,0,1,0
2024-02-10 13:00:00,5,14,13,3139,0,6.7,3.7,0.4,0,0,1,0,0,0,0,0,1,0
2024-02-03 15:00:00,3,16,13,3093,0,10.1,5.5,0.0,0,0,1,0,0,0,0,0,1,0
2024-02-04 14:00:00,3,15,13,2229,0,10.7,5.5,1.0,0,0,0,1,0,0,0,0,1,0
2024-02-29 15:00:00,37,16,15,2520,0,7.2,3.5,0.1,0,0,0,0,1,0,0,0,1,0
2024-02-15 10:00:00,28,11,15,1579,0,13.2,5.5,3.4,0,0,0,0,1,0,0,0,1,0
2024-02-06 17:00:00,22,18,15,1322,0,5.9,5.5,0.0,0,0,0,0,0,1,0,0,1,0
2024-02-14 10:00:00,19,11,15,1646,0,8.3,5.5,6.2,0,0,0,0,0,0,1,0,1,0
2024-02-26 15:00:00,14,16,15,1788,0,11.1,5.5,0.0,0,1,0,0,0,0,0,0,1,0
2024-02-06 10:00:00,14,11,15,1660,0,5.9,5.5,0.0,0,0,0,0,0,1,0,0,1,0
2024-02-10 11:00:00,12,12,15,2018,0,6.7,3.7,0.4,0,0,1,0,0,0,0,0,1,0
2024-02-07 12:00:00,12,13,15,2375,0,4.2,0.6,0.0,0,0,0,0,0,0,1,0,1,0
2024-02-03 16:00:00,10,17,15,2132,0,10.1,5.5,0.0,0,0,1,0,0,0,0,0,1,0
2024-02-05 15:00:00,9,16,15,1803,0,7.4,7.4,1.0,0,1,0,0,0,0,0,0,1,0
2024-02-12 11:00:00,7,12,15,1892,0,8.4,3.3,1.2,0,1,0,0,0,0,0,0,1,0
2024-02-29 17:00:00,7,18,15,1162,0,7.2,3.5,0.1,0,0,0,0,1,0,0,0,1,0
2024-02-13 15:00:00,7,16,15,2488,0,7.1,3.1,0.2,0,0,0,0,0,1,0,0,1,0
2024-02-13 19:00:00,7,20,15,459,0,7.1,3.1,0.2,0,0,0,0,0,1,0,0,1,0
2024-02-18 11:00:00,6,12,15,1184,0,11.3,6.0,2.1,0,0,0,1,0,0,0,0,1,0
2024-02-23 15:00:00,5,16,15,2604,0,7.3,0.4,0.0,1,0,0,0,0,0,0,0,1,0
2024-02-04 15:00:00,2,16,15,2160,0,10.7,5.5,1.0,0,0,0,1,0,0,0,0,1,0
2024-02-21 17:00:00,2,18,15,1179,0,8.0,1.9,1.5,0,0,0,0,0,0,1,0,1,0
2024-02-28 08:00:00,46,9,14,913,0,9.1,3.4,1.4,0,0,0,0,0,0,1,0,1,0
2024-02-15 16:00:00,29,17,14,2708,0,13.2,5.5,3.4,0,0,0,0,1,0,0,0,1,0
2024-02-11 20:00:00,28,21,14,187,0,8.2,5.5,0.0,0,0,0,1,0,0,0,0,1,0
2024-02-05 12:00:00,21,13,14,2404,0,7.4,7.4,1.0,0,1,0,0,0,0,0,0,1,0
2024-02-11 14:00:00,21,15,14,2074,0,8.2,5.5,0.0,0,0,0,1,0,0,0,0,1,0
2024-02-29 09:00:00,18,10,14,1341,0,7.2,3.5,0.1,0,0,0,0,1,0,0,0,1,0
2024-02-05 14:00:00,16,15,14,2122,0,7.4,7.4,1.0,0,1,0,0,0,0,0,0,1,0
2024-02-01 11:00:00,15,12,14,2375,0,13.8,5.3,0.0,0,0,0,0,1,0,0,0,1,0
2024-02-21 09:00:00,13,10,14,907,0,8.0,1.9,1.5,0,0,0,0,0,0,1,0,1,0
2024-02-21 14:00:00,12,15,14,1929,0,8.0,1.9,1.5,0,0,0,0,0,0,1,0,1,0
2024-02-01 15:00:00,8,16,14,2352,0,13.8,5.3,0.0,0,0,0,0,1,0,0,0,1,0
2024-02-02 11:00:00,5,12,14,2547,0,9.3,5.5,0.0,1,0,0,0,0,0,0,0,1,0
2024-02-17 16:00:00,5,17,14,1837,0,13.3,5.5,3.3,0,0,1,0,0,0,0,0,1,0
2024-02-20 11:00:00,50,12,12,2654,0,12.6,5.4,5.2,0,0,0,0,0,1,0,0,1,0
2024-02-16 13:00:00,29,14,12,3435,0,9.8,5.5,0.4,1,0,0,0,0,0,0,0,1,0
2024-02-22 09:00:00,22,10,12,1163,0,6.9,3.6,0.0,0,0,0,0,1,0,0,0,1,0
2024-02-05 13:00:00,21,14,12,3105,0,7.4,7.4,1.0,0,1,0,0,0,0,0,0,1,0
2024-02-20 15:00:00,17,16,12,2508,0,12.6,5.4,5.2,0,0,0,0,0,1,0,0,1,0
2024-02-12 08:00:00,14,9,12,583,0,8.4,3.3,1.2,0,1,0,0,0,0,0,0,1,0
2024-02-29 10:00:00,13,11,12,1546,0,7.2,3.5,0.1,0,0,0,0,1,0,0,0,1,0
2024-02-10 17:00:00,10,18,12,1294,0,6.7,3.7,0.4,0,0,1,0,0,0,0,0,1,0
2024-02-04 11:00:00,10,12,12,1268,0,10.7,5.5,1.0,0,0,0,1,0,0,0,0,1,0
2024-02-09 15:00:00,9,16,12,1314,0,6.3,5.5,9.8,1,0,0,0,0,0,0,0,1,0
2024-02-19 15:00:00,7,16,12,2063,0,12.5,5.2,0.0,0,1,0,0,0,0,0,0,1,0
2024-02-29 18:00:00,5,19,12,478,0,7.2,3.5,0.1,0,0,0,0,1,0,0,0,1,0
2024-02-22 16:00:00,4,17,12,1682,0,6.9,3.6,0.0,0,0,0,0,1,0,0,0,1,0
2024-02-20 08:00:00,72,9,10,837,0,12.6,5.4,5.2,0,0,0,0,0,1,0,0,1,0
2024-02-05 10:00:00,63,11,10,1944,0,7.4,7.4,1.0,0,1,0,0,0,0,0,0,1,0
2024-02-20 10:00:00,53,11,10,2298,0,12.6,5.4,5.2,0,0,0,0,0,1,0,0,1,0
2024-02-05 11:00:00,39,12,10,2191,0,7.4,7.4,1.0,0,1,0,0,0,0,0,0,1,0
2024-02-28 10:00:00,31,11,10,1493,0,9.1,3.4,1.4,0,0,0,0,0,0,1,0,1,0
2024-02-08 11:00:00,26,12,10,1892,0,4.2,-2.8,3.1,0,0,0,0,1,0,0,0,1,0
2024-02-08 14:00:00,18,15,10,2586,0,4.2,-2.8,3.1,0,0,0,0,1,0,0,0,1,0
2024-02-08 09:00:00,17,10,10,1487,0,4.2,-2.8,3.1,0,0,0,0,1,0,0,0,1,0
2024-02-26 09:00:00,13,10,10,1190,0,11.1,5.5,0.0,0,1,0,0,0,0,0,0,1,0
2024-02-19 16:00:00,12,17,10,1829,0,12.5,5.2,0.0,0,1,0,0,0,0,0,0,1,0
2024-02-02 16:00:00,10,17,10,2341,0,9.3,5.5,0.0,1,0,0,0,0,0,0,0,1,0
2024-02-08 08:00:00,9,9,10,773,0,4.2,-2.8,3.1,0,0,0,0,1,0,0,0,1,0
2024-02-02 15:00:00,8,16,10,2443,0,9.3,5.5,0.0,1,0,0,0,0,0,0,0,1,0
2024-02-03 10:00:00,7,11,10,1949,0,10.1,5.5,0.0,0,0,1,0,0,0,0,0,1,0
2024-02-11 11:00:00,7,12,10,1291,0,8.2,5.5,0.0,0,0,0,1,0,0,0,0,1,0
2024-02-29 14:00:00,7,15,10,1820,0,7.2,3.5,0.1,0,0,0,0,1,0,0,0,1,0
2024-02-27 17:00:00,46,18,11,1475,0,10.2,1.3,0.3,0,0,0,0,0,1,0,0,1,0
2024-02-28 09:00:00,45,10,11,1153,0,9.1,3.4,1.4,0,0,0,0,0,0,1,0,1,0
2024-02-10 10:00:00,42,11,11,1635,0,6.7,3.7,0.4,0,0,1,0,0,0,0,0,1,0
2024-02-27 15:00:00,41,16,11,1914,0,10.2,1.3,0.3,0,0,0,0,0,1,0,0,1,0
2024-02-14 13:00:00,28,14,11,2715,0,8.3,5.5,6.2,0,0,0,0,0,0,1,0,1,0
2024-02-18 20:00:00,26,21,11,362,0,11.3,6.0,2.1,0,0,0,1,0,0,0,0,1,0
2024-02-13 18:00:00,18,19,11,679,0,7.1,3.1,0.2,0,0,0,0,0,1,0,0,1,0
2024-02-23 16:00:00,11,17,11,2017,0,7.3,0.4,0.0,1,0,0,0,0,0,0,0,1,0
2024-02-19 10:00:00,10,11,11,1835,0,12.5,5.2,0.0,0,1,0,0,0,0,0,0,1,0
2024-02-25 16:00:00,9,17,11,1224,0,8.3,5.5,0.0,0,0,0,1,0,0,0,0,1,0
2024-02-07 14:00:00,5,15,11,2026,0,4.2,0.6,0.0,0,0,0,0,0,0,1,0,1,0
2024-02-23 20:00:00,97,21,8,595,0,7.3,0.4,0.0,1,0,0,0,0,0,0,0,1,0
2024-02-06 18:00:00,48,19,9,548,0,5.9,5.5,0.0,0,0,0,0,0,1,0,0,1,0
2024-02-11 22:00:00,33,23,9,128,0,8.2,5.5,0.0,0,0,0,1,0,0,0,0,1,0
2024-02-04 18:00:00,29,19,9,491,0,10.7,5.5,1.0,0,0,0,1,0,0,0,0,1,0
2024-02-01 14:00:00,24,15,9,2283,0,13.8,5.3,0.0,0,0,0,0,1,0,0,0,1,0
2024-02-12 09:00:00,18,10,9,1207,0,8.4,3.3,1.2,0,1,0,0,0,0,0,0,1,0
2024-02-29 08:00:00,14,9,9,740,0,7.2,3.5,0.1,0,0,0,0,1,0,0,0,1,0
2024-02-12 14:00:00,13,15,9,2034,0,8.4,3.3,1.2,0,1,0,0,0,0,0,0,1,0
2024-02-21 16:00:00,12,17,9,1734,0,8.0,1.9,1.5,0,0,0,0,0,0,1,0,1,0
2024-02-23 09:00:00,11,10,9,1345,0,7.3,0.4,0.0,1,0,0,0,0,0,0,0,1,0
2024-02-28 14:00:00,11,15,9,1643,0,9.1,3.4,1.4,0,0,0,0,0,0,1,0,1,0
2024-02-21 08:00:00,9,9,9,486,0,8.0,1.9,1.5,0,0,0,0,0,0,1,0,1,0
2024-02-18 14:00:00,7,15,9,1513,0,11.3,6.0,2.1,0,0,0,1,0,0,0,0,1,0
2024-02-18 08:00:00,6,9,9,103,0,11.3,6.0,2.1,0,0,0,1,0,0,0,0,1,0
2024-02-04 16:00:00,4,17,9,1420,0,10.7,5.5,1.0,0,0,0,1,0,0,0,0,1,0
2024-02-13 22:00:00,3,23,9,167,0,7.1,3.1,0.2,0,0,0,0,0,1,0,0,1,0
2024-02-28 07:00:00,38,8,8,378,0,9.1,3.4,1.4,0,0,0,0,0,0,1,0,1,0
2024-02-19 09:00:00,29,10,8,1690,0,12.5,5.2,0.0,0,1,0,0,0,0,0,0,1,0
2024-02-20 14:00:00,23,15,8,2819,0,12.6,5.4,5.2,0,0,0,0,0,1,0,0,1,0
2024-02-22 14:00:00,22,15,8,1983,0,6.9,3.6,0.0,0,0,0,0,1,0,0,0,1,0
2024-02-02 10:00:00,8,11,8,2090,0,9.3,5.5,0.0,1,0,0,0,0,0,0,0,1,0
2024-02-24 08:00:00,8,9,8,399,0,7.4,5.5,0.0,0,0,1,0,0,0,0,0,1,0
2024-02-22 15:00:00,7,16,8,1785,0,6.9,3.6,0.0,0,0,0,0,1,0,0,0,1,0
2024-02-06 16:00:00,7,17,8,1960,0,5.9,5.5,0.0,0,0,0,0,0,1,0,0,1,0
2024-02-18 10:00:00,6,11,8,666,0,11.3,6.0,2.1,0,0,0,1,0,0,0,0,1,0
2024-02-01 16:00:00,6,17,8,1962,0,13.8,5.3,0.0,0,0,0,0,1,0,0,0,1,0
2024-02-18 18:00:00,5,19,8,360,0,11.3,6.0,2.1,0,0,0,1,0,0,0,0,1,0
2024-02-02 17:00:00,3,18,8,1383,0,9.3,5.5,0.0,1,0,0,0,0,0,0,0,1,0
2024-02-24 15:00:00,3,16,8,1741,0,7.4,5.5,0.0,0,0,1,0,0,0,0,0,1,0
2024-02-23 19:00:00,61,20,7,476,0,7.3,0.4,0.0,1,0,0,0,0,0,0,0,1,0
2024-02-27 21:00:00,54,22,6,178,0,10.2,1.3,0.3,0,0,0,0,0,1,0,0,1,0
2024-02-22 20:00:00,48,21,7,368,0,6.9,3.6,0.0,0,0,0,0,1,0,0,0,1,0
2024-02-27 20:00:00,52,21,6,337,0,10.2,1.3,0.3,0,0,0,0,0,1,0,0,1,0
2024-02-16 08:00:00,50,9,6,734,0,9.8,5.5,0.4,1,0,0,0,0,0,0,0,1,0
2024-02-27 18:00:00,44,19,6,594,0,10.2,1.3,0.3,0,0,0,0,0,1,0,0,1,0
2024-02-14 08:00:00,33,9,6,580,0,8.3,5.5,6.2,0,0,0,0,0,0,1,0,1,0
2024-02-11 19:00:00,28,20,7,304,0,8.2,5.5,0.0,0,0,0,1,0,0,0,0,1,0
2024-02-04 20:00:00,30,21,6,275,0,10.7,5.5,1.0,0,0,0,1,0,0,0,0,1,0
2024-02-25 09:00:00,28,10,6,403,0,8.3,5.5,0.0,0,0,0,1,0,0,0,0,1,0
2024-02-16 16:00:00,16,17,7,1574,0,9.8,5.5,0.4,1,0,0,0,0,0,0,0,1,0
2024-02-13 21:00:00,15,22,7,204,0,7.1,3.1,0.2,0,0,0,0,0,1,0,0,1,0
2024-02-26 08:00:00,12,9,7,575,0,11.1,5.5,0.0,0,1,0,0,0,0,0,0,1,0
2024-02-13 10:00:00,11,11,7,2015,0,7.1,3.1,0.2,0,0,0,0,0,1,0,0,1,0
2024-02-27 08:00:00,11,9,7,577,0,10.2,1.3,0.3,0,0,0,0,0,1,0,0,1,0
2024-02-26 16:00:00,9,17,7,1707,0,11.1,5.5,0.0,0,1,0,0,0,0,0,0,1,0
2024-02-24 14:00:00,9,15,7,3007,0,7.4,5.5,0.0,0,0,1,0,0,0,0,0,1,0
2024-02-18 16:00:00,8,17,7,1700,0,11.3,6.0,2.1,0,0,0,1,0,0,0,0,1,0
2024-02-11 10:00:00,7,11,7,631,0,8.2,5.5,0.0,0,0,0,1,0,0,0,0,1,0
2024-02-09 16:00:00,4,17,7,1205,0,6.3,5.5,9.8,1,0,0,0,0,0,0,0,1,0
2024-02-05 16:00:00,4,17,7,1556,0,7.4,7.4,1.0,0,1,0,0,0,0,0,0,1,0
2024-02-03 08:00:00,4,9,7,501,0,10.1,5.5,0.0,0,0,1,0,0,0,0,0,1,0
2024-02-07 16:00:00,24,17,6,1959,0,4.2,0.6,0.0,0,0,0,0,0,0,1,0,1,0
2024-02-22 08:00:00,20,9,6,592,0,6.9,3.6,0.0,0,0,0,0,1,0,0,0,1,0
2024-02-19 17:00:00,13,18,6,1244,0,12.5,5.2,0.0,0,1,0,0,0,0,0,0,1,0
2024-02-22 18:00:00,13,19,6,540,0,6.9,3.6,0.0,0,0,0,0,1,0,0,0,1,0
2024-02-23 12:00:00,12,13,6,2814,0,7.3,0.4,0.0,1,0,0,0,0,0,0,0,1,0
2024-02-23 08:00:00,11,9,6,549,0,7.3,0.4,0.0,1,0,0,0,0,0,0,0,1,0
2024-02-06 09:00:00,10,10,6,1174,0,5.9,5.5,0.0,0,0,0,0,0,1,0,0,1,0
2024-02-23 17:00:00,8,18,6,1252,0,7.3,0.4,0.0,1,0,0,0,0,0,0,0,1,0
2024-02-03 09:00:00,8,10,6,1138,0,10.1,5.5,0.0,0,0,1,0,0,0,0,0,1,0
2024-02-24 10:00:00,6,11,6,1712,0,7.4,5.5,0.0,0,0,1,0,0,0,0,0,1,0
2024-02-24 22:00:00,104,23,6,293,0,7.4,5.5,0.0,0,0,1,0,0,0,0,0,1,0
2024-02-03 18:00:00,72,19,6,875,0,10.1,5.5,0.0,0,0,1,0,0,0,0,0,1,0
2024-02-27 19:00:00,72,20,6,342,0,10.2,1.3,0.3,0,0,0,0,0,1,0,0,1,0
2024-02-13 17:00:00,7,18,5,1528,0,7.1,3.1,0.2,0,0,0,0,0,1,0,0,1,0
2024-02-12 16:00:00,6,17,5,1830,0,8.4,3.3,1.2,0,1,0,0,0,0,0,0,1,0
2024-02-17 14:00:00,6,15,5,2616,0,13.3,5.5,3.3,0,0,1,0,0,0,0,0,1,0
2024-02-04 09:00:00,5,10,5,316,0,10.7,5.5,1.0,0,0,0,1,0,0,0,0,1,0
2024-02-01 08:00:00,5,9,5,692,0,13.8,5.3,0.0,0,0,0,0,1,0,0,0,1,0
2024-02-28 17:00:00,5,18,5,1322,0,9.1,3.4,1.4,0,0,0,0,0,0,1,0,1,0
2024-02-18 09:00:00,4,10,5,244,0,11.3,6.0,2.1,0,0,0,1,0,0,0,0,1,0
2024-02-21 18:00:00,3,19,5,549,0,8.0,1.9,1.5,0,0,0,0,0,0,1,0,1,0
2024-02-11 17:00:00,0,18,5,627,0,8.2,5.5,0.0,0,0,0,1,0,0,0,0,1,0
2024-02-11 09:00:00,0,10,5,237,0,8.2,5.5,0.0,0,0,0,1,0,0,0,0,1,0
2024-02-07 11:00:00,0,12,5,2194,0,4.2,0.6,0.0,0,0,0,0,0,0,1,0,1,0
2024-02-23 22:00:00,84,23,4,392,0,7.3,0.4,0.0,1,0,0,0,0,0,0,0,1,0
2024-02-23 23:00:00,65,0,4,219,0,7.3,0.4,0.0,1,0,0,0,0,0,0,0,1,0
2024-02-28 18:00:00,21,19,5,826,0,9.1,3.4,1.4,0,0,0,0,0,0,1,0,1,0
2024-02-26 18:00:00,19,19,5,417,0,11.1,5.5,0.0,0,1,0,0,0,0,0,0,1,0
2024-02-08 10:00:00,19,11,5,1717,0,4.2,-2.8,3.1,0,0,0,0,1,0,0,0,1,0
2024-02-13 14:00:00,16,15,5,2389,0,7.1,3.1,0.2,0,0,0,0,0,1,0,0,1,0
2024-02-04 19:00:00,60,20,5,452,0,10.7,5.5,1.0,0,0,0,1,0,0,0,0,1,0
2024-02-19 14:00:00,13,15,5,2549,0,12.5,5.2,0.0,0,1,0,0,0,0,0,0,1,0
2024-02-24 00:00:00,53,1,5,264,0,7.4,5.5,0.0,0,0,1,0,0,0,0,0,1,0
2024-02-18 15:00:00,12,16,5,2048,0,11.3,6.0,2.1,0,0,0,1,0,0,0,0,1,0
2024-02-20 13:00:00,12,14,5,3281,0,12.6,5.4,5.2,0,0,0,0,0,1,0,0,1,0
2024-02-15 13:00:00,51,14,5,2233,0,13.2,5.5,3.4,0,0,0,0,1,0,0,0,1,0
2024-02-16 17:00:00,10,18,5,1096,0,9.8,5.5,0.4,1,0,0,0,0,0,0,0,1,0
2024-02-08 16:00:00,9,17,5,1881,0,4.2,-2.8,3.1,0,0,0,0,1,0,0,0,1,0
2024-02-12 18:00:00,8,19,5,423,0,8.4,3.3,1.2,0,1,0,0,0,0,0,0,1,0
2024-02-05 18:00:00,7,19,5,446,0,7.4,7.4,1.0,0,1,0,0,0,0,0,0,1,0
2024-02-21 15:00:00,5,16,6,1718,0,8.0,1.9,1.5,0,0,0,0,0,0,1,0,1,0
2024-02-20 17:00:00,4,18,6,709,0,12.6,5.4,5.2,0,0,0,0,0,1,0,0,1,0
2024-02-01 09:00:00,13,10,4,1363,0,13.8,5.3,0.0,0,0,0,0,1,0,0,0,1,0
2024-02-19 13:00:00,11,14,4,2734,0,12.5,5.2,0.0,0,1,0,0,0,0,0,0,1,0
2024-02-19 07:00:00,11,8,4,245,0,12.5,5.2,0.0,0,1,0,0,0,0,0,0,1,0
2024-02-13 08:00:00,10,9,4,722,0,7.1,3.1,0.2,0,0,0,0,0,1,0,0,1,0
2024-02-26 17:00:00,8,18,4,1236,0,11.1,5.5,0.0,0,1,0,0,0,0,0,0,1,0
2024-02-07 10:00:00,8,11,4,1728,0,4.2,0.6,0.0,0,0,0,0,0,0,1,0,1,0
2024-02-09 18:00:00,7,19,4,271,0,6.3,5.5,9.8,1,0,0,0,0,0,0,0,1,0
2024-02-24 07:00:00,7,8,4,72,0,7.4,5.5,0.0,0,0,1,0,0,0,0,0,1,0
2024-02-17 07:00:00,6,8,4,73,0,13.3,5.5,3.3,0,0,1,0,0,0,0,0,1,0
2024-02-12 17:00:00,5,18,4,1301,0,8.4,3.3,1.2,0,1,0,0,0,0,0,0,1,0
2024-02-11 23:00:00,5,0,4,34,0,8.2,5.5,0.0,0,0,0,1,0,0,0,0,1,0
2024-02-29 20:00:00,4,21,4,245,0,7.2,3.5,0.1,0,0,0,0,1,0,0,0,1,0
2024-02-21 07:00:00,3,8,4,150,0,8.0,1.9,1.5,0,0,0,0,0,0,1,0,1,0
2024-02-05 17:00:00,2,18,4,885,0,7.4,7.4,1.0,0,1,0,0,0,0,0,0,1,0
2024-02-17 17:00:00,1,18,4,1151,0,13.3,5.5,3.3,0,0,1,0,0,0,0,0,1,0
2024-02-23 21:00:00,85,22,3,496,0,7.3,0.4,0.0,1,0,0,0,0,0,0,0,1,0
2024-02-06 19:00:00,30,20,3,350,0,5.9,5.5,0.0,0,0,0,0,0,1,0,0,1,0
2024-02-20 22:00:00,30,23,3,168,0,12.6,5.4,5.2,0,0,0,0,0,1,0,0,1,0
2024-02-20 06:00:00,26,7,3,68,0,12.6,5.4,5.2,0,0,0,0,0,1,0,0,1,0
2024-02-05 09:00:00,25,10,3,585,0,7.4,7.4,1.0,0,1,0,0,0,0,0,0,1,0
2024-02-26 07:00:00,15,8,3,179,0,11.1,5.5,0.0,0,1,0,0,0,0,0,0,1,0
2024-02-03 21:00:00,75,22,3,475,0,10.1,5.5,0.0,0,0,1,0,0,0,0,0,1,0
2024-02-07 15:00:00,41,16,3,2515,0,4.2,0.6,0.0,0,0,0,0,0,0,1,0,1,0
2024-02-11 21:00:00,39,22,3,136,0,8.2,5.5,0.0,0,0,0,1,0,0,0,0,1,0
2024-02-19 20:00:00,38,21,3,475,0,12.5,5.2,0.0,0,1,0,0,0,0,0,0,1,0
2024-02-16 10:00:00,35,11,3,1604,0,9.8,5.5,0.4,1,0,0,0,0,0,0,0,1,0
2024-02-16 23:00:00,12,0,3,176,0,9.8,5.5,0.4,1,0,0,0,0,0,0,0,1,0
2024-02-07 09:00:00,12,10,3,1202,0,4.2,0.6,0.0,0,0,0,0,0,0,1,0,1,0
2024-02-09 08:00:00,11,9,3,722,0,6.3,5.5,9.8,1,0,0,0,0,0,0,0,1,0
2024-02-09 17:00:00,10,18,3,768,0,6.3,5.5,9.8,1,0,0,0,0,0,0,0,1,0
2024-02-13 09:00:00,10,10,3,1479,0,7.1,3.1,0.2,0,0,0,0,0,1,0,0,1,0
2024-02-12 07:00:00,7,8,3,167,0,8.4,3.3,1.2,0,1,0,0,0,0,0,0,1,0
2024-02-14 21:00:00,6,22,3,285,0,8.3,5.5,6.2,0,0,0,0,0,0,1,0,1,0
2024-02-08 18:00:00,5,19,3,397,0,4.2,-2.8,3.1,0,0,0,0,1,0,0,0,1,0
2024-02-29 07:00:00,5,8,3,149,0,7.2,3.5,0.1,0,0,0,0,1,0,0,0,1,0
2024-02-01 17:00:00,4,18,3,1336,0,13.8,5.3,0.0,0,0,0,0,1,0,0,0,1,0
2024-02-08 17:00:00,4,18,3,1260,0,4.2,-2.8,3.1,0,0,0,0,1,0,0,0,1,0
2024-02-27 07:00:00,4,8,3,199,0,10.2,1.3,0.3,0,0,0,0,0,1,0,0,1,0
2024-02-24 20:00:00,97,21,3,587,0,7.4,5.5,0.0,0,0,1,0,0,0,0,0,1,0
2024-02-03 17:00:00,2,18,3,1449,0,10.1,5.5,0.0,0,0,1,0,0,0,0,0,1,0
2024-02-18 07:00:00,2,8,3,57,0,11.3,6.0,2.1,0,0,0,1,0,0,0,0,1,0
2024-02-19 18:00:00,0,19,3,561,0,12.5,5.2,0.0,0,1,0,0,0,0,0,0,1,0
2024-02-10 19:00:00,0,20,3,350,0,6.7,3.7,0.4,0,0,1,0,0,0,0,0,1,0
2024-02-25 22:00:00,0,23,3,94,0,8.3,5.5,0.0,0,0,0,1,0,0,0,0,1,0
2024-02-10 09:00:00,53,10,4,966,0,6.7,3.7,0.4,0,0,1,0,0,0,0,0,1,0
2024-02-26 19:00:00,40,20,4,572,0,11.1,5.5,0.0,0,1,0,0,0,0,0,0,1,0
2024-02-27 22:00:00,39,23,4,204,0,10.2,1.3,0.3,0,0,0,0,0,1,0,0,1,0
2024-02-22 22:00:00,38,23,4,252,0,6.9,3.6,0.0,0,0,0,0,1,0,0,0,1,0
2024-02-06 20:00:00,37,21,4,190,0,5.9,5.5,0.0,0,0,0,0,0,1,0,0,1,0
2024-02-18 22:00:00,28,23,4,197,0,11.3,6.0,2.1,0,0,0,1,0,0,0,0,1,0
2024-02-15 18:00:00,24,19,4,655,0,13.2,5.5,3.4,0,0,0,0,1,0,0,0,1,0
2024-02-19 08:00:00,18,9,4,840,0,12.5,5.2,0.0,0,1,0,0,0,0,0,0,1,0
2024-02-15 17:00:00,16,18,4,1288,0,13.2,5.5,3.4,0,0,0,0,1,0,0,0,1,0
2024-02-24 23:00:00,70,0,2,191,0,7.4,5.5,0.0,0,0,1,0,0,0,0,0,1,0
2024-02-24 19:00:00,67,20,2,544,0,7.4,5.5,0.0,0,0,1,0,0,0,0,0,1,0
2024-02-03 00:00:00,56,1,2,97,0,10.1,5.5,0.0,0,0,1,0,0,0,0,0,1,0
2024-02-21 20:00:00,28,21,2,303,0,8.0,1.9,1.5,0,0,0,0,0,0,1,0,1,0
2024-02-03 01:00:00,45,2,2,74,0,10.1,5.5,0.0,0,0,1,0,0,0,0,0,1,0
2024-02-21 22:00:00,24,23,2,177,0,8.0,1.9,1.5,0,0,0,0,0,0,1,0,1,0
2024-02-15 19:00:00,21,20,2,481,0,13.2,5.5,3.4,0,0,0,0,1,0,0,0,1,0
2024-02-25 08:00:00,20,9,2,166,0,8.3,5.5,0.0,0,0,0,1,0,0,0,0,1,0
2024-02-25 07:00:00,20,8,2,64,0,8.3,5.5,0.0,0,0,0,1,0,0,0,0,1,0
2024-02-15 22:00:00,20,23,2,291,0,13.2,5.5,3.4,0,0,0,0,1,0,0,0,1,0
2024-02-04 08:00:00,17,9,2,141,0,10.7,5.5,1.0,0,0,0,1,0,0,0,0,1,0
2024-02-28 11:00:00,17,12,2,1615,0,9.1,3.4,1.4,0,0,0,0,0,0,1,0,1,0
2024-02-17 03:00:00,41,4,2,82,0,13.3,5.5,3.3,0,0,1,0,0,0,0,0,1,0
2024-02-01 21:00:00,40,22,2,324,0,13.8,5.3,0.0,0,0,0,0,1,0,0,0,1,0
2024-02-09 23:00:00,38,0,2,136,0,6.3,5.5,9.8,1,0,0,0,0,0,0,0,1,0
2024-02-06 21:00:00,37,22,2,221,0,5.9,5.5,0.0,0,0,0,0,0,1,0,0,1,0
2024-02-03 02:00:00,34,3,2,42,0,10.1,5.5,0.0,0,0,1,0,0,0,0,0,1,0
2024-02-22 21:00:00,34,22,2,375,0,6.9,3.6,0.0,0,0,0,0,1,0,0,0,1,0
2024-02-15 20:00:00,31,21,2,441,0,13.2,5.5,3.4,0,0,0,0,1,0,0,0,1,0
2024-02-16 18:00:00,15,19,2,560,0,9.8,5.5,0.4,1,0,0,0,0,0,0,0,1,0
2024-02-04 10:00:00,14,11,2,722,0,10.7,5.5,1.0,0,0,0,1,0,0,0,0,1,0
2024-02-12 21:00:00,13,22,2,207,0,8.4,3.3,1.2,0,1,0,0,0,0,0,0,1,0
2024-02-16 19:00:00,12,20,2,518,0,9.8,5.5,0.4,1,0,0,0,0,0,0,0,1,0
2024-02-19 12:00:00,12,13,2,2778,0,12.5,5.2,0.0,0,1,0,0,0,0,0,0,1,0
2024-02-05 20:00:00,10,21,2,188,0,7.4,7.4,1.0,0,1,0,0,0,0,0,0,1,0
2024-02-17 00:00:00,9,1,2,191,0,13.3,5.5,3.3,0,0,1,0,0,0,0,0,1,0
2024-02-22 17:00:00,9,18,2,1216,0,6.9,3.6,0.0,0,0,0,0,1,0,0,0,1,0
2024-02-05 06:00:00,8,7,2,74,0,7.4,7.4,1.0,0,1,0,0,0,0,0,0,1,0
2024-02-17 13:00:00,8,14,2,3007,0,13.3,5.5,3.3,0,0,1,0,0,0,0,0,1,0
2024-02-10 07:00:00,8,8,2,104,0,6.7,3.7,0.4,0,0,1,0,0,0,0,0,1,0
2024-02-14 20:00:00,8,21,2,286,0,8.3,5.5,6.2,0,0,0,0,0,0,1,0,1,0
2024-02-21 19:00:00,7,20,2,352,0,8.0,1.9,1.5,0,0,0,0,0,0,1,0,1,0
2024-02-02 18:00:00,5,19,2,473,0,9.3,5.5,0.0,1,0,0,0,0,0,0,0,1,0
2024-02-25 02:00:00,83,3,1,91,0,8.3,5.5,0.0,0,0,0,1,0,0,0,0,1,0
2024-02-02 22:00:00,56,23,1,178,0,9.3,5.5,0.0,1,0,0,0,0,0,0,0,1,0
2024-02-04 01:00:00,78,2,1,162,0,10.7,5.5,1.0,0,0,0,1,0,0,0,0,1,0
2024-02-24 01:00:00,55,2,1,137,0,7.4,5.5,0.0,0,0,1,0,0,0,0,0,1,0
2024-02-09 19:00:00,52,20,1,182,0,6.3,5.5,9.8,1,0,0,0,0,0,0,0,1,0
2024-02-24 21:00:00,71,22,1,481,0,7.4,5.5,0.0,0,0,1,0,0,0,0,0,1,0
2024-02-02 23:00:00,52,0,1,161,0,9.3,5.5,0.0,1,0,0,0,0,0,0,0,1,0
2024-02-03 23:00:00,105,0,1,300,0,10.1,5.5,0.0,0,0,1,0,0,0,0,0,1,0
2024-02-10 21:00:00,67,22,1,312,0,6.7,3.7,0.4,0,0,1,0,0,0,0,0,1,0
2024-02-10 20:00:00,64,21,1,390,0,6.7,3.7,0.4,0,0,1,0,0,0,0,0,1,0
2024-02-09 22:00:00,62,23,1,137,0,6.3,5.5,9.8,1,0,0,0,0,0,0,0,1,0
2024-02-25 00:00:00,60,1,1,206,0,8.3,5.5,0.0,0,0,0,1,0,0,0,0,1,0
2024-02-10 00:00:00,44,1,1,72,0,6.7,3.7,0.4,0,0,1,0,0,0,0,0,1,0
2024-02-04 00:00:00,90,1,1,324,0,10.7,5.5,1.0,0,0,0,1,0,0,0,0,1,0
2024-02-25 03:00:00,44,4,1,70,0,8.3,5.5,0.0,0,0,0,1,0,0,0,0,1,0
2024-02-25 17:00:00,5,18,2,539,0,8.3,5.5,0.0,0,0,0,1,0,0,0,0,1,0
2024-02-13 23:00:00,5,0,2,52,0,7.1,3.1,0.2,0,0,0,0,0,1,0,0,1,0
2024-02-02 19:00:00,4,20,2,331,0,9.3,5.5,0.0,1,0,0,0,0,0,0,0,1,0
2024-02-02 07:00:00,4,8,2,148,0,9.3,5.5,0.0,1,0,0,0,0,0,0,0,1,0
2024-02-10 18:00:00,3,19,2,535,0,6.7,3.7,0.4,0,0,1,0,0,0,0,0,1,0
2024-02-10 22:00:00,3,23,2,116,0,6.7,3.7,0.4,0,0,1,0,0,0,0,0,1,0
2024-02-07 17:00:00,3,18,2,1324,0,4.2,0.6,0.0,0,0,0,0,0,0,1,0,1,0
2024-02-07 07:00:00,3,8,2,157,0,4.2,0.6,0.0,0,0,0,0,0,0,1,0,1,0
2024-02-07 23:00:00,3,0,2,30,0,4.2,0.6,0.0,0,0,0,0,0,0,1,0,1,0
2024-02-19 19:00:00,1,20,2,316,0,12.5,5.2,0.0,0,1,0,0,0,0,0,0,1,0
2024-02-11 08:00:00,1,9,2,70,0,8.2,5.5,0.0,0,0,0,1,0,0,0,0,1,0
2024-02-04 17:00:00,0,18,2,635,0,10.7,5.5,1.0,0,0,0,1,0,0,0,0,1,0
2024-02-11 00:00:00,0,1,2,90,0,8.2,5.5,0.0,0,0,0,1,0,0,0,0,1,0
2024-02-29 22:00:00,0,23,2,65,0,7.2,3.5,0.1,0,0,0,0,1,0,0,0,1,0
2024-02-19 21:00:00,41,22,1,415,0,12.5,5.2,0.0,0,1,0,0,0,0,0,0,1,0
2024-02-01 22:00:00,41,23,1,191,0,13.8,5.3,0.0,0,0,0,0,1,0,0,0,1,0
2024-02-28 06:00:00,26,7,1,78,0,9.1,3.4,1.4,0,0,0,0,0,0,1,0,1,0
2024-02-12 23:00:00,25,0,1,36,0,8.4,3.3,1.2,0,1,0,0,0,0,0,0,1,0
2024-02-20 18:00:00,3,19,1,181,0,12.6,5.4,5.2,0,0,0,0,0,1,0,0,1,0
2024-02-14 18:00:00,3,19,1,504,0,8.3,5.5,6.2,0,0,0,0,0,0,1,0,1,0
2024-02-10 08:00:00,39,9,1,333,0,6.7,3.7,0.4,0,0,1,0,0,0,0,0,1,0
2024-02-07 06:00:00,3,7,1,69,0,4.2,0.6,0.0,0,0,0,0,0,0,1,0,1,0
2024-02-20 01:00:00,17,2,1,33,0,12.6,5.4,5.2,0,0,0,0,0,1,0,0,1,0
2024-02-28 22:00:00,17,23,1,191,0,9.1,3.4,1.4,0,0,0,0,0,0,1,0,1,0
2024-02-25 19:00:00,2,20,1,214,0,8.3,5.5,0.0,0,0,0,1,0,0,0,0,1,0
2024-02-17 23:00:00,16,0,1,99,0,13.3,5.5,3.3,0,0,1,0,0,0,0,0,1,0
2024-02-03 03:00:00,16,4,1,56,0,10.1,5.5,0.0,0,0,1,0,0,0,0,0,1,0
2024-02-04 21:00:00,23,22,1,174,0,10.7,5.5,1.0,0,0,0,1,0,0,0,0,1,0
2024-02-01 07:00:00,2,8,1,184,0,13.8,5.3,0.0,0,0,0,0,1,0,0,0,1,0
2024-02-28 20:00:00,23,21,1,418,0,9.1,3.4,1.4,0,0,0,0,0,0,1,0,1,0
2024-02-08 02:00:00,2,3,1,19,0,4.2,-2.8,3.1,0,0,0,0,1,0,0,0,1,0
2024-02-17 05:00:00,7,6,1,20,0,13.3,5.5,3.3,0,0,1,0,0,0,0,0,1,0
2024-02-08 01:00:00,2,2,1,14,0,4.2,-2.8,3.1,0,0,0,0,1,0,0,0,1,0
2024-02-08 20:00:00,7,21,1,203,0,4.2,-2.8,3.1,0,0,0,0,1,0,0,0,1,0
2024-02-29 06:00:00,7,7,1,34,0,7.2,3.5,0.1,0,0,0,0,1,0,0,0,1,0
2024-02-12 20:00:00,13,21,1,326,0,8.4,3.3,1.2,0,1,0,0,0,0,0,0,1,0
2024-02-10 04:00:00,1,5,1,12,0,6.7,3.7,0.4,0,0,1,0,0,0,0,0,1,0
2024-02-19 23:00:00,21,0,1,56,0,12.5,5.2,0.0,0,1,0,0,0,0,0,0,1,0
2024-02-25 21:00:00,1,22,1,170,0,8.3,5.5,0.0,0,0,0,1,0,0,0,0,1,0
2024-02-07 08:00:00,7,9,1,642,0,4.2,0.6,0.0,0,0,0,0,0,0,1,0,1,0
2024-02-01 18:00:00,1,19,1,519,0,13.8,5.3,0.0,0,0,0,0,1,0,0,0,1,0
2024-02-17 22:00:00,21,23,1,217,0,13.3,5.5,3.3,0,0,1,0,0,0,0,0,1,0
2024-02-09 06:00:00,6,7,1,43,0,6.3,5.5,9.8,1,0,0,0,0,0,0,0,1,0
2024-02-21 23:00:00,33,0,1,93,0,8.0,1.9,1.5,0,0,0,0,0,0,1,0,1,0
2024-02-28 00:00:00,30,1,1,47,0,9.1,3.4,1.4,0,0,0,0,0,0,1,0,1,0
2024-02-16 07:00:00,29,8,1,201,0,9.8,5.5,0.4,1,0,0,0,0,0,0,0,1,0
2024-02-16 00:00:00,29,1,1,63,0,9.8,5.5,0.4,1,0,0,0,0,0,0,0,1,0
2024-02-12 22:00:00,29,23,1,195,0,8.4,3.3,1.2,0,1,0,0,0,0,0,0,1,0
2024-02-21 21:00:00,28,22,1,277,0,8.0,1.9,1.5,0,0,0,0,0,0,1,0,1,0
2024-02-13 04:00:00,1,5,1,4,0,7.1,3.1,0.2,0,0,0,0,0,1,0,0,1,0
2024-02-05 21:00:00,6,22,1,148,0,7.4,7.4,1.0,0,1,0,0,0,0,0,0,1,0
2024-02-14 00:00:00,1,1,1,13,0,8.3,5.5,6.2,0,0,0,0,0,0,1,0,1,0
2024-02-18 17:00:00,6,18,1,739,0,11.3,6.0,2.1,0,0,0,1,0,0,0,0,1,0
2024-02-01 00:00:00,0,1,1,45,0,13.8,5.3,0.0,0,0,0,0,1,0,0,0,1,0
2024-02-13 00:00:00,0,1,1,33,0,7.1,3.1,0.2,0,0,0,0,0,1,0,0,1,0
2024-02-20 23:00:00,6,0,1,34,0,12.6,5.4,5.2,0,0,0,0,0,1,0,0,1,0
2024-02-23 18:00:00,5,19,1,451,0,7.3,0.4,0.0,1,0,0,0,0,0,0,0,1,0
2024-02-10 03:00:00,5,4,1,106,0,6.7,3.7,0.4,0,0,1,0,0,0,0,0,1,0
2024-02-29 19:00:00,5,20,1,351,0,7.2,3.5,0.1,0,0,0,0,1,0,0,0,1,0
2024-02-14 06:00:00,5,7,1,71,0,8.3,5.5,6.2,0,0,0,0,0,0,1,0,1,0
2024-02-19 05:00:00,4,6,1,23,0,12.5,5.2,0.0,0,1,0,0,0,0,0,0,1,0
2024-02-08 07:00:00,4,8,1,199,0,4.2,-2.8,3.1,0,0,0,0,1,0,0,0,1,0
2024-02-02 20:00:00,3,21,1,266,0,9.3,5.5,0.0,1,0,0,0,0,0,0,0,1,0
2024-02-09 00:00:00,3,1,1,49,0,6.3,5.5,9.8,1,0,0,0,0,0,0,0,1,0
2024-02-17 18:00:00,3,19,1,344,0,13.3,5.5,3.3,0,0,1,0,0,0,0,0,1,0
2024-02-24 03:00:00,3,4,1,106,0,7.4,5.5,0.0,0,0,1,0,0,0,0,0,1,0
2024-02-11 18:00:00,3,19,1,289,0,8.2,5.5,0.0,0,0,0,1,0,0,0,0,1,0
2024-02-07 18:00:00,0,19,1,456,0,4.2,0.6,0.0,0,0,0,0,0,0,1,0,1,0
2024-02-07 05:00:00,0,6,1,45,0,4.2,0.6,0.0,0,0,0,0,0,0,1,0,1,0
2024-02-21 05:00:00,0,6,1,30,0,8.0,1.9,1.5,0,0,0,0,0,0,1,0,1,0
2024-02-15 23:00:00,13,0,1,59,0,13.2,5.5,3.4,0,0,0,0,1,0,0,0,1,0
2024-02-29 02:00:00,18,3,1,30,0,7.2,3.5,0.1,0,0,0,0,1,0,0,0,1,0
2024-02-04 22:00:00,17,23,1,105,0,10.7,5.5,1.0,0,0,0,1,0,0,0,0,1,0
2024-02-02 08:00:00,10,9,1,638,0,9.3,5.5,0.0,1,0,0,0,0,0,0,0,1,0
2024-02-17 20:00:00,10,21,1,281,0,13.3,5.5,3.3,0,0,1,0,0,0,0,0,1,0
2024-02-17 21:00:00,9,22,1,270,0,13.3,5.5,3.3,0,0,1,0,0,0,0,0,1,0
2024-02-12 19:00:00,8,20,1,421,0,8.4,3.3,1.2,0,1,0,0,0,0,0,0,1,0
2024-02-03 22:00:00,105,23,0,395,0,10.1,5.5,0.0,0,0,1,0,0,0,0,0,1,0
2024-02-03 20:00:00,93,21,0,582,0,10.1,5.5,0.0,0,0,1,0,0,0,0,0,1,0
2024-02-04 02:00:00,67,3,0,99,0,10.7,5.5,1.0,0,0,0,1,0,0,0,0,1,0
2024-02-09 20:00:00,63,21,0,190,0,6.3,5.5,9.8,1,0,0,0,0,0,0,0,1,0
2024-02-17 02:00:00,62,3,0,74,0,13.3,5.5,3.3,0,0,1,0,0,0,0,0,1,0
2024-02-03 19:00:00,121,20,0,733,0,10.1,5.5,0.0,0,0,1,0,0,0,0,0,1,0
2024-02-25 01:00:00,88,2,0,132,0,8.3,5.5,0.0,0,0,0,1,0,0,0,0,1,0
2024-02-17 01:00:00,51,2,0,127,0,13.3,5.5,3.3,0,0,1,0,0,0,0,0,1,0
2024-02-20 07:00:00,50,8,0,332,0,12.6,5.4,5.2,0,0,0,0,0,1,0,0,1,0
2024-02-09 21:00:00,49,22,0,177,0,6.3,5.5,9.8,1,0,0,0,0,0,0,0,1,0
2024-02-04 03:00:00,48,4,0,168,0,10.7,5.5,1.0,0,0,0,1,0,0,0,0,1,0
2024-02-29 00:00:00,19,1,0,50,0,7.2,3.5,0.1,0,0,0,0,1,0,0,0,1,0
2024-02-22 01:00:00,19,2,0,33,0,6.9,3.6,0.0,0,0,0,0,1,0,0,0,1,0
2024-02-20 00:00:00,18,1,0,36,0,12.6,5.4,5.2,0,0,0,0,0,1,0,0,1,0
2024-02-02 05:00:00,17,6,0,44,0,9.3,5.5,0.0,1,0,0,0,0,0,0,0,1,0
2024-02-10 02:00:00,17,3,0,49,0,6.7,3.7,0.4,0,0,1,0,0,0,0,0,1,0
2024-02-25 04:00:00,17,5,0,11,0,8.3,5.5,0.0,0,0,0,1,0,0,0,0,1,0
2024-02-20 05:00:00,17,6,0,53,0,12.6,5.4,5.2,0,0,0,0,0,1,0,0,1,0
2024-02-21 00:00:00,17,1,0,42,0,8.0,1.9,1.5,0,0,0,0,0,0,1,0,1,0
2024-02-28 01:00:00,17,2,0,26,0,9.1,3.4,1.4,0,0,0,0,0,0,1,0,1,0
2024-02-16 22:00:00,16,23,0,167,0,9.8,5.5,0.4,1,0,0,0,0,0,0,0,1,0
2024-02-10 01:00:00,25,2,0,31,0,6.7,3.7,0.4,0,0,1,0,0,0,0,0,1,0
2024-02-20 02:00:00,11,3,0,3,0,12.6,5.4,5.2,0,0,0,0,0,1,0,0,1,0
2024-02-18 01:00:00,13,2,0,138,0,11.3,6.0,2.1,0,0,0,1,0,0,0,0,1,0
2024-02-04 06:00:00,13,7,0,37,0,10.7,5.5,1.0,0,0,0,1,0,0,0,0,1,0
2024-02-28 23:00:00,11,0,0,68,0,9.1,3.4,1.4,0,0,0,0,0,0,1,0,1,0
2024-02-02 00:00:00,39,1,0,57,0,9.3,5.5,0.0,1,0,0,0,0,0,0,0,1,0
2024-02-16 21:00:00,10,22,0,217,0,9.8,5.5,0.4,1,0,0,0,0,0,0,0,1,0
2024-02-04 07:00:00,16,8,0,96,0,10.7,5.5,1.0,0,0,0,1,0,0,0,0,1,0
2024-02-13 07:00:00,13,8,0,199,0,7.1,3.1,0.2,0,0,0,0,0,1,0,0,1,0
2024-02-23 00:00:00,24,1,0,40,0,7.3,0.4,0.0,1,0,0,0,0,0,0,0,1,0
2024-02-28 21:00:00,16,22,0,296,0,9.1,3.4,1.4,0,0,0,0,0,0,1,0,1,0
2024-02-04 04:00:00,29,5,0,45,0,10.7,5.5,1.0,0,0,0,1,0,0,0,0,1,0
2024-02-18 00:00:00,24,1,0,147,0,11.3,6.0,2.1,0,0,0,1,0,0,0,0,1,0
2024-02-28 02:00:00,16,3,0,12,0,9.1,3.4,1.4,0,0,0,0,0,0,1,0,1,0
2024-02-02 09:00:00,15,10,0,1229,0,9.3,5.5,0.0,1,0,0,0,0,0,0,0,1,0
2024-02-16 01:00:00,12,2,0,24,0,9.8,5.5,0.4,1,0,0,0,0,0,0,0,1,0
2024-02-16 03:00:00,12,4,0,4,0,9.8,5.5,0.4,1,0,0,0,0,0,0,0,1,0
2024-02-28 19:00:00,38,20,0,457,0,9.1,3.4,1.4,0,0,0,0,0,0,1,0,1,0
2024-02-05 19:00:00,23,20,0,328,0,7.4,7.4,1.0,0,1,0,0,0,0,0,0,1,0
2024-02-06 06:00:00,10,7,0,146,0,5.9,5.5,0.0,0,0,0,0,0,1,0,0,1,0
2024-02-27 06:00:00,10,7,0,98,0,10.2,1.3,0.3,0,0,0,0,0,1,0,0,1,0
2024-02-27 05:00:00,10,6,0,20,0,10.2,1.3,0.3,0,0,0,0,0,1,0,0,1,0
2024-02-29 01:00:00,15,2,0,27,0,7.2,3.5,0.1,0,0,0,0,1,0,0,0,1,0
2024-02-01 23:00:00,28,0,0,87,0,13.8,5.3,0.0,0,0,0,0,1,0,0,0,1,0
2024-02-19 22:00:00,27,23,0,207,0,12.5,5.2,0.0,0,1,0,0,0,0,0,0,1,0
2024-02-22 00:00:00,27,1,0,62,0,6.9,3.6,0.0,0,0,0,0,1,0,0,0,1,0
2024-02-27 23:00:00,27,0,0,66,0,10.2,1.3,0.3,0,0,0,0,0,1,0,0,1,0
2024-02-15 21:00:00,26,22,0,298,0,13.2,5.5,3.4,0,0,0,0,1,0,0,0,1,0
2024-02-23 02:00:00,14,3,0,39,0,7.3,0.4,0.0,1,0,0,0,0,0,0,0,1,0
2024-02-16 05:00:00,14,6,0,36,0,9.8,5.5,0.4,1,0,0,0,0,0,0,0,1,0
2024-02-02 04:00:00,9,5,0,16,0,9.3,5.5,0.0,1,0,0,0,0,0,0,0,1,0
2024-02-26 20:00:00,9,21,0,256,0,11.1,5.5,0.0,0,1,0,0,0,0,0,0,1,0
2024-02-05 23:00:00,9,0,0,15,0,7.4,7.4,1.0,0,1,0,0,0,0,0,0,1,0
2024-02-05 01:00:00,9,2,0,8,0,7.4,7.4,1.0,0,1,0,0,0,0,0,0,1,0
2024-02-22 02:00:00,14,3,0,35,0,6.9,3.6,0.0,0,0,0,0,1,0,0,0,1,0
2024-02-20 20:00:00,14,21,0,229,0,12.6,5.4,5.2,0,0,0,0,0,1,0,0,1,0
2024-02-20 03:00:00,14,4,0,14,0,12.6,5.4,5.2,0,0,0,0,0,1,0,0,1,0
2024-02-28 03:00:00,12,4,0,3,0,9.1,3.4,1.4,0,0,0,0,0,0,1,0,1,0
2024-02-16 02:00:00,11,3,0,36,0,9.8,5.5,0.4,1,0,0,0,0,0,0,0,1,0
2024-02-16 06:00:00,20,7,0,93,0,9.8,5.5,0.4,1,0,0,0,0,0,0,0,1,0
2024-02-16 04:00:00,11,5,0,7,0,9.8,5.5,0.4,1,0,0,0,0,0,0,0,1,0
2024-02-23 01:00:00,20,2,0,24,0,7.3,0.4,0.0,1,0,0,0,0,0,0,0,1,0
2024-02-12 06:00:00,11,7,0,77,0,8.4,3.3,1.2,0,1,0,0,0,0,0,0,1,0
2024-02-04 23:00:00,11,0,0,39,0,10.7,5.5,1.0,0,0,0,1,0,0,0,0,1,0
2024-02-25 05:00:00,11,6,0,30,0,8.3,5.5,0.0,0,0,0,1,0,0,0,0,1,0
2024-02-17 04:00:00,9,5,0,5,0,13.3,5.5,3.3,0,0,1,0,0,0,0,0,1,0
2024-02-29 03:00:00,9,4,0,30,0,7.2,3.5,0.1,0,0,0,0,1,0,0,0,1,0
2024-02-16 20:00:00,8,21,0,292,0,9.8,5.5,0.4,1,0,0,0,0,0,0,0,1,0
2024-02-22 23:00:00,44,0,0,71,0,6.9,3.6,0.0,0,0,0,0,1,0,0,0,1,0
2024-02-08 22:00:00,1,23,0,68,0,4.2,-2.8,3.1,0,0,0,0,1,0,0,0,1,0
2024-02-08 00:00:00,1,1,0,44,0,4.2,-2.8,3.1,0,0,0,0,1,0,0,0,1,0
2024-02-01 05:00:00,1,6,0,38,0,13.8,5.3,0.0,0,0,0,0,1,0,0,0,1,0
2024-02-29 23:00:00,1,0,0,32,0,7.2,3.5,0.1,0,0,0,0,1,0,0,0,1,0
2024-02-08 03:00:00,1,4,0,24,0,4.2,-2.8,3.1,0,0,0,0,1,0,0,0,1,0
2024-02-15 01:00:00,1,2,0,20,0,13.2,5.5,3.4,0,0,0,0,1,0,0,0,1,0
2024-02-22 04:00:00,1,5,0,9,0,6.9,3.6,0.0,0,0,0,0,1,0,0,0,1,0
2024-02-12 03:00:00,2,4,0,6,0,8.4,3.3,1.2,0,1,0,0,0,0,0,0,1,0
2024-02-01 04:00:00,1,5,0,3,0,13.8,5.3,0.0,0,0,0,0,1,0,0,0,1,0
2024-02-29 04:00:00,1,5,0,3,0,7.2,3.5,0.1,0,0,0,0,1,0,0,0,1,0
2024-02-01 03:00:00,1,4,0,2,0,13.8,5.3,0.0,0,0,0,0,1,0,0,0,1,0
2024-02-15 04:00:00,1,5,0,2,0,13.2,5.5,3.4,0,0,0,0,1,0,0,0,1,0
2024-02-06 05:00:00,1,6,0,46,0,5.9,5.5,0.0,0,0,0,0,0,1,0,0,1,0
2024-02-06 02:00:00,1,3,0,13,0,5.9,5.5,0.0,0,0,0,0,0,1,0,0,1,0
2024-02-27 02:00:00,1,3,0,7,0,10.2,1.3,0.3,0,0,0,0,0,1,0,0,1,0
2024-02-06 04:00:00,1,5,0,6,0,5.9,5.5,0.0,0,0,0,0,0,1,0,0,1,0
2024-02-13 03:00:00,1,4,0,5,0,7.1,3.1,0.2,0,0,0,0,0,1,0,0,1,0
2024-02-14 22:00:00,1,23,0,108,0,8.3,5.5,6.2,0,0,0,0,0,0,1,0,1,0
2024-02-14 02:00:00,1,3,0,7,0,8.3,5.5,6.2,0,0,0,0,0,0,1,0,1,0
2024-02-21 03:00:00,1,4,0,5,0,8.0,1.9,1.5,0,0,0,0,0,0,1,0,1,0
2024-02-14 04:00:00,1,5,0,4,0,8.3,5.5,6.2,0,0,0,0,0,0,1,0,1,0
2024-02-14 03:00:00,1,4,0,3,0,8.3,5.5,6.2,0,0,0,0,0,0,1,0,1,0
2024-02-21 02:00:00,1,3,0,2,0,8.0,1.9,1.5,0,0,0,0,0,0,1,0,1,0
2024-02-02 02:00:00,0,3,0,22,0,9.3,5.5,0.0,1,0,0,0,0,0,0,0,1,0
2024-02-09 02:00:00,0,3,0,16,0,6.3,5.5,9.8,1,0,0,0,0,0,0,0,1,0
2024-02-09 01:00:00,0,2,0,15,0,6.3,5.5,9.8,1,0,0,0,0,0,0,0,1,0
2024-02-09 04:00:00,0,5,0,6,0,6.3,5.5,9.8,1,0,0,0,0,0,0,0,1,0
2024-02-26 21:00:00,0,22,0,158,0,11.1,5.5,0.0,0,1,0,0,0,0,0,0,1,0
2024-02-26 22:00:00,0,23,0,105,0,11.1,5.5,0.0,0,1,0,0,0,0,0,0,1,0
2024-02-19 00:00:00,0,1,0,46,0,12.5,5.2,0.0,0,1,0,0,0,0,0,0,1,0
2024-02-12 05:00:00,0,6,0,44,0,8.4,3.3,1.2,0,1,0,0,0,0,0,0,1,0
2024-02-26 00:00:00,0,1,0,41,0,11.1,5.5,0.0,0,1,0,0,0,0,0,0,1,0
2024-02-26 01:00:00,0,2,0,40,0,11.1,5.5,0.0,0,1,0,0,0,0,0,0,1,0
2024-02-26 23:00:00,0,0,0,37,0,11.1,5.5,0.0,0,1,0,0,0,0,0,0,1,0
2024-02-12 02:00:00,0,3,0,22,0,8.4,3.3,1.2,0,1,0,0,0,0,0,0,1,0
2024-02-05 05:00:00,0,6,0,21,0,7.4,7.4,1.0,0,1,0,0,0,0,0,0,1,0
2024-02-19 03:00:00,0,4,0,19,0,12.5,5.2,0.0,0,1,0,0,0,0,0,0,1,0
2024-02-13 06:00:00,4,7,0,116,0,7.1,3.1,0.2,0,0,0,0,0,1,0,0,1,0
2024-02-26 02:00:00,0,3,0,12,0,11.1,5.5,0.0,0,1,0,0,0,0,0,0,1,0
2024-02-05 07:00:00,6,8,0,23,0,7.4,7.4,1.0,0,1,0,0,0,0,0,0,1,0
2024-02-05 03:00:00,6,4,0,4,0,7.4,7.4,1.0,0,1,0,0,0,0,0,0,1,0
2024-02-12 04:00:00,0,5,0,7,0,8.4,3.3,1.2,0,1,0,0,0,0,0,0,1,0
2024-02-26 03:00:00,0,4,0,3,0,11.1,5.5,0.0,0,1,0,0,0,0,0,0,1,0
2024-02-17 19:00:00,2,20,0,176,0,13.3,5.5,3.3,0,0,1,0,0,0,0,0,1,0
2024-02-13 05:00:00,4,6,0,32,0,7.1,3.1,0.2,0,0,0,0,0,1,0,0,1,0
2024-02-10 23:00:00,0,0,0,150,0,6.7,3.7,0.4,0,0,1,0,0,0,0,0,1,0
2024-02-03 07:00:00,2,8,0,86,0,10.1,5.5,0.0,0,0,1,0,0,0,0,0,1,0
2024-02-11 07:00:00,6,8,0,54,0,8.2,5.5,0.0,0,0,0,1,0,0,0,0,1,0
2024-02-03 05:00:00,0,6,0,30,0,10.1,5.5,0.0,0,0,1,0,0,0,0,0,1,0
2024-02-24 02:00:00,2,3,0,83,0,7.4,5.5,0.0,0,0,1,0,0,0,0,0,1,0
2024-02-14 17:00:00,4,18,0,1335,0,8.3,5.5,6.2,0,0,0,0,0,0,1,0,1,0
2024-02-14 07:00:00,4,8,0,227,0,8.3,5.5,6.2,0,0,0,0,0,0,1,0,1,0
2024-02-03 04:00:00,0,5,0,9,0,10.1,5.5,0.0,0,0,1,0,0,0,0,0,1,0
2024-02-10 06:00:00,2,7,0,33,0,6.7,3.7,0.4,0,0,1,0,0,0,0,0,1,0
2024-02-03 06:00:00,2,7,0,29,0,10.1,5.5,0.0,0,0,1,0,0,0,0,0,1,0
2024-02-08 21:00:00,6,22,0,130,0,4.2,-2.8,3.1,0,0,0,0,1,0,0,0,1,0
2024-02-24 04:00:00,0,5,0,6,0,7.4,5.5,0.0,0,0,1,0,0,0,0,0,1,0
2024-02-10 05:00:00,2,6,0,16,0,6.7,3.7,0.4,0,0,1,0,0,0,0,0,1,0
2024-02-18 19:00:00,0,20,0,229,0,11.3,6.0,2.1,0,0,0,1,0,0,0,0,1,0
2024-02-17 06:00:00,2,7,0,16,0,13.3,5.5,3.3,0,0,1,0,0,0,0,0,1,0
2024-02-23 05:00:00,3,6,0,36,0,7.3,0.4,0.0,1,0,0,0,0,0,0,0,1,0
2024-02-11 01:00:00,0,2,0,111,0,8.2,5.5,0.0,0,0,0,1,0,0,0,0,1,0
2024-02-11 02:00:00,0,3,0,51,0,8.2,5.5,0.0,0,0,0,1,0,0,0,0,1,0
2024-02-11 03:00:00,0,4,0,31,0,8.2,5.5,0.0,0,0,0,1,0,0,0,0,1,0
2024-02-05 22:00:00,3,23,0,116,0,7.4,7.4,1.0,0,1,0,0,0,0,0,0,1,0
2024-02-21 06:00:00,6,7,0,46,0,8.0,1.9,1.5,0,0,0,0,0,0,1,0,1,0
2024-02-18 04:00:00,0,5,0,17,0,11.3,6.0,2.1,0,0,0,1,0,0,0,0,1,0
2024-02-18 03:00:00,2,4,0,76,0,11.3,6.0,2.1,0,0,0,1,0,0,0,0,1,0
2024-02-11 04:00:00,0,5,0,10,0,8.2,5.5,0.0,0,0,0,1,0,0,0,0,1,0
2024-02-18 02:00:00,2,3,0,73,0,11.3,6.0,2.1,0,0,0,1,0,0,0,0,1,0
2024-02-26 05:00:00,3,6,0,46,0,11.1,5.5,0.0,0,1,0,0,0,0,0,0,1,0
2024-02-11 05:00:00,0,6,0,9,0,8.2,5.5,0.0,0,0,0,1,0,0,0,0,1,0
2024-02-18 05:00:00,0,6,0,8,0,11.3,6.0,2.1,0,0,0,1,0,0,0,0,1,0
2024-02-29 05:00:00,0,6,0,47,0,7.2,3.5,0.1,0,0,0,0,1,0,0,0,1,0
2024-02-12 00:00:00,3,1,0,22,0,8.4,3.3,1.2,0,1,0,0,0,0,0,0,1,0
2024-02-26 06:00:00,5,7,0,50,0,11.1,5.5,0.0,0,1,0,0,0,0,0,0,1,0
2024-02-08 05:00:00,0,6,0,38,0,4.2,-2.8,3.1,0,0,0,0,1,0,0,0,1,0
2024-02-19 02:00:00,3,3,0,19,0,12.5,5.2,0.0,0,1,0,0,0,0,0,0,1,0
2024-02-05 00:00:00,5,1,0,26,0,7.4,7.4,1.0,0,1,0,0,0,0,0,0,1,0
2024-02-19 01:00:00,3,2,0,17,0,12.5,5.2,0.0,0,1,0,0,0,0,0,0,1,0
2024-02-26 04:00:00,3,5,0,5,0,11.1,5.5,0.0,0,1,0,0,0,0,0,0,1,0
2024-02-19 04:00:00,3,5,0,4,0,12.5,5.2,0.0,0,1,0,0,0,0,0,0,1,0
2024-02-24 18:00:00,3,19,0,312,0,7.4,5.5,0.0,0,0,1,0,0,0,0,0,1,0
2024-02-24 06:00:00,3,7,0,31,0,7.4,5.5,0.0,0,0,1,0,0,0,0,0,1,0
2024-02-18 23:00:00,3,0,0,21,0,11.3,6.0,2.1,0,0,0,1,0,0,0,0,1,0
2024-02-18 06:00:00,3,7,0,18,0,11.3,6.0,2.1,0,0,0,1,0,0,0,0,1,0
2024-02-01 19:00:00,3,20,0,306,0,13.8,5.3,0.0,0,0,0,0,1,0,0,0,1,0
2024-02-29 21:00:00,3,22,0,226,0,7.2,3.5,0.1,0,0,0,0,1,0,0,0,1,0
2024-02-01 20:00:00,3,21,0,206,0,13.8,5.3,0.0,0,0,0,0,1,0,0,0,1,0
2024-02-22 07:00:00,3,8,0,185,0,6.9,3.6,0.0,0,0,0,0,1,0,0,0,1,0
2024-02-22 06:00:00,3,7,0,47,0,6.9,3.6,0.0,0,0,0,0,1,0,0,0,1,0
2024-02-01 06:00:00,3,7,0,44,0,13.8,5.3,0.0,0,0,0,0,1,0,0,0,1,0
2024-02-15 06:00:00,3,7,0,35,0,13.2,5.5,3.4,0,0,0,0,1,0,0,0,1,0
2024-02-27 04:00:00,3,5,0,5,0,10.2,1.3,0.3,0,0,0,0,0,1,0,0,1,0
2024-02-07 03:00:00,3,4,0,11,0,4.2,0.6,0.0,0,0,0,0,0,0,1,0,1,0
2024-02-19 06:00:00,2,7,0,38,0,12.5,5.2,0.0,0,1,0,0,0,0,0,0,1,0
2024-02-15 07:00:00,2,8,0,175,0,13.2,5.5,3.4,0,0,0,0,1,0,0,0,1,0
2024-02-08 23:00:00,2,0,0,44,0,4.2,-2.8,3.1,0,0,0,0,1,0,0,0,1,0
2024-02-20 21:00:00,2,22,0,162,0,12.6,5.4,5.2,0,0,0,0,0,1,0,0,1,0
2024-02-06 00:00:00,2,1,0,27,0,5.9,5.5,0.0,0,0,0,0,0,1,0,0,1,0
2024-02-27 03:00:00,2,4,0,4,0,10.2,1.3,0.3,0,0,0,0,0,1,0,0,1,0
2024-02-07 19:00:00,2,20,0,283,0,4.2,0.6,0.0,0,0,0,0,0,0,1,0,1,0
2024-02-07 02:00:00,2,3,0,23,0,4.2,0.6,0.0,0,0,0,0,0,0,1,0,1,0
2024-02-02 21:00:00,1,22,0,170,0,9.3,5.5,0.0,1,0,0,0,0,0,0,0,1,0
2024-02-09 05:00:00,1,6,0,38,0,6.3,5.5,9.8,1,0,0,0,0,0,0,0,1,0
2024-02-23 03:00:00,1,4,0,8,0,7.3,0.4,0.0,1,0,0,0,0,0,0,0,1,0
2024-02-02 03:00:00,1,4,0,3,0,9.3,5.5,0.0,1,0,0,0,0,0,0,0,1,0
2024-02-23 04:00:00,1,5,0,3,0,7.3,0.4,0.0,1,0,0,0,0,0,0,0,1,0
2024-02-12 01:00:00,1,2,0,8,0,8.4,3.3,1.2,0,1,0,0,0,0,0,0,1,0
2024-02-24 16:00:00,1,17,0,891,0,7.4,5.5,0.0,0,0,1,0,0,0,0,0,1,0
2024-02-24 17:00:00,1,18,0,442,0,7.4,5.5,0.0,0,0,1,0,0,0,0,0,1,0
2024-02-24 05:00:00,1,6,0,30,0,7.4,5.5,0.0,0,0,1,0,0,0,0,0,1,0
2024-02-11 06:00:00,1,7,0,29,0,8.2,5.5,0.0,0,0,0,1,0,0,0,0,1,0
2024-02-25 23:00:00,1,0,0,27,0,8.3,5.5,0.0,0,0,0,1,0,0,0,0,1,0
2024-02-15 00:00:00,0,1,0,24,0,13.2,5.5,3.4,0,0,0,0,1,0,0,0,1,0
2024-02-08 06:00:00,5,7,0,67,0,4.2,-2.8,3.1,0,0,0,0,1,0,0,0,1,0
2024-02-06 08:00:00,5,9,0,577,0,5.9,5.5,0.0,0,0,0,0,0,1,0,0,1,0
2024-02-06 22:00:00,5,23,0,111,0,5.9,5.5,0.0,0,0,0,0,0,1,0,0,1,0
2024-02-23 06:00:00,4,7,0,99,0,7.3,0.4,0.0,1,0,0,0,0,0,0,0,1,0
2024-02-09 03:00:00,4,4,0,4,0,6.3,5.5,9.8,1,0,0,0,0,0,0,0,1,0
2024-02-05 02:00:00,4,3,0,11,0,7.4,7.4,1.0,0,1,0,0,0,0,0,0,1,0
2024-02-05 04:00:00,4,5,0,8,0,7.4,7.4,1.0,0,1,0,0,0,0,0,0,1,0
2024-02-25 20:00:00,4,21,0,151,0,8.3,5.5,0.0,0,0,0,1,0,0,0,0,1,0
2024-02-08 19:00:00,4,20,0,341,0,4.2,-2.8,3.1,0,0,0,0,1,0,0,0,1,0
2024-02-22 05:00:00,0,6,0,22,0,6.9,3.6,0.0,0,0,0,0,1,0,0,0,1,0
2024-02-15 05:00:00,0,6,0,21,0,13.2,5.5,3.4,0,0,0,0,1,0,0,0,1,0
2024-02-08 04:00:00,0,5,0,14,0,4.2,-2.8,3.1,0,0,0,0,1,0,0,0,1,0
2024-02-01 01:00:00,0,2,0,12,0,13.8,5.3,0.0,0,0,0,0,1,0,0,0,1,0
2024-02-15 02:00:00,0,3,0,8,0,13.2,5.5,3.4,0,0,0,0,1,0,0,0,1,0
2024-02-01 02:00:00,0,3,0,7,0,13.8,5.3,0.0,0,0,0,0,1,0,0,0,1,0
2024-02-15 03:00:00,0,4,0,2,0,13.2,5.5,3.4,0,0,0,0,1,0,0,0,1,0
2024-02-20 19:00:00,0,20,0,187,0,12.6,5.4,5.2,0,0,0,0,0,1,0,0,1,0
2024-02-06 23:00:00,0,0,0,40,0,5.9,5.5,0.0,0,0,0,0,0,1,0,0,1,0
2024-02-27 00:00:00,0,1,0,21,0,10.2,1.3,0.3,0,0,0,0,0,1,0,0,1,0
2024-02-13 01:00:00,0,2,0,13,0,7.1,3.1,0.2,0,0,0,0,0,1,0,0,1,0
2024-02-27 01:00:00,0,2,0,13,0,10.2,1.3,0.3,0,0,0,0,0,1,0,0,1,0
2024-02-06 01:00:00,0,2,0,6,0,5.9,5.5,0.0,0,0,0,0,0,1,0,0,1,0
2024-02-06 03:00:00,0,4,0,5,0,5.9,5.5,0.0,0,0,0,0,0,1,0,0,1,0
2024-02-13 02:00:00,0,3,0,4,0,7.1,3.1,0.2,0,0,0,0,0,1,0,0,1,0
2024-02-07 20:00:00,0,21,0,184,0,4.2,0.6,0.0,0,0,0,0,0,0,1,0,1,0
2024-02-07 21:00:00,0,22,0,167,0,4.2,0.6,0.0,0,0,0,0,0,0,1,0,1,0
2024-02-07 22:00:00,0,23,0,96,0,4.2,0.6,0.0,0,0,0,0,0,0,1,0,1,0
2024-02-14 23:00:00,0,0,0,31,0,8.3,5.5,6.2,0,0,0,0,0,0,1,0,1,0
2024-02-07 00:00:00,0,1,0,23,0,4.2,0.6,0.0,0,0,0,0,0,0,1,0,1,0
2024-02-07 01:00:00,0,2,0,21,0,4.2,0.6,0.0,0,0,0,0,0,0,1,0,1,0
2024-02-14 05:00:00,0,6,0,19,0,8.3,5.5,6.2,0,0,0,0,0,0,1,0,1,0
2024-02-07 04:00:00,0,5,0,12,0,4.2,0.6,0.0,0,0,0,0,0,0,1,0,1,0
2024-02-14 01:00:00,0,2,0,10,0,8.3,5.5,6.2,0,0,0,0,0,0,1,0,1,0
2024-02-21 04:00:00,0,5,0,8,0,8.0,1.9,1.5,0,0,0,0,0,0,1,0,1,0
2024-02-21 01:00:00,0,2,0,3,0,8.0,1.9,1.5,0,0,0,0,0,0,1,0,1,0
2024-02-04 05:00:00,8,6,0,32,0,10.7,5.5,1.0,0,0,0,1,0,0,0,0,1,0
2024-02-25 06:00:00,8,7,0,29,0,8.3,5.5,0.0,0,0,0,1,0,0,0,0,1,0
2024-02-22 03:00:00,8,4,0,21,0,6.9,3.6,0.0,0,0,0,0,1,0,0,0,1,0
2024-02-06 07:00:00,8,8,0,205,0,5.9,5.5,0.0,0,0,0,0,0,1,0,0,1,0
2024-02-14 19:00:00,8,20,0,335,0,8.3,5.5,6.2,0,0,0,0,0,0,1,0,1,0
2024-02-28 05:00:00,8,6,0,53,0,9.1,3.4,1.4,0,0,0,0,0,0,1,0,1,0
2024-02-09 07:00:00,7,8,0,156,0,6.3,5.5,9.8,1,0,0,0,0,0,0,0,1,0
2024-02-05 08:00:00,7,9,0,50,0,7.4,7.4,1.0,0,1,0,0,0,0,0,0,1,0
2024-02-25 18:00:00,7,19,0,294,0,8.3,5.5,0.0,0,0,0,1,0,0,0,0,1,0
2024-02-20 04:00:00,7,5,0,9,0,12.6,5.4,5.2,0,0,0,0,0,1,0,0,1,0
2024-02-28 04:00:00,7,5,0,11,0,9.1,3.4,1.4,0,0,0,0,0,0,1,0,1,0
2024-02-23 07:00:00,6,8,0,219,0,7.3,0.4,0.0,1,0,0,0,0,0,0,0,1,0
2024-02-02 06:00:00,6,7,0,98,0,9.3,5.5,0.0,1,0,0,0,0,0,0,0,1,0
2024-02-02 01:00:00,6,2,0,14,0,9.3,5.5,0.0,1,0,0,0,0,0,0,0,1,0
2024-01-01 14:00:00,30,15,16,844,1,7.4,5.5,9.6,0,1,0,0,0,0,0,0,1,0
2024-01-01 10:00:00,20,11,6,288,1,7.4,5.5,9.6,0,1,0,0,0,0,0,0,1,0
2024-01-01 13:00:00,19,14,5,796,1,7.4,5.5,9.6,0,1,0,0,0,0,0,0,1,0
2024-01-01 02:00:00,72,3,1,183,1,7.4,5.5,9.6,0,1,0,0,0,0,0,0,1,0
2024-01-01 22:00:00,27,23,1,37,1,7.4,5.5,9.6,0,1,0,0,0,0,0,0,1,0
2024-01-01 12:00:00,5,13,1,230,1,7.4,5.5,9.6,0,1,0,0,0,0,0,0,1,0
2024-01-01 00:00:00,90,1,0,272,1,7.4,5.5,9.6,0,1,0,0,0,0,0,0,1,0
2024-01-01 15:00:00,11,16,5,466,1,7.4,5.5,9.6,0,1,0,0,0,0,0,0,1,0
2024-01-01 16:00:00,2,17,5,257,1,7.4,5.5,9.6,0,1,0,0,0,0,0,0,1,0
2024-01-02 12:00:00,11,13,18,2004,1,7.3,5.5,6.4,0,0,0,0,0,1,0,0,1,0
2024-01-01 09:00:00,9,10,3,120,1,7.4,5.5,9.6,0,1,0,0,0,0,0,0,1,0
2024-01-01 19:00:00,20,20,2,128,1,7.4,5.5,9.6,0,1,0,0,0,0,0,0,1,0
2024-01-01 11:00:00,10,12,2,279,1,7.4,5.5,9.6,0,1,0,0,0,0,0,0,1,0
2024-01-02 15:00:00,20,16,11,2686,1,7.3,5.5,6.4,0,0,0,0,0,1,0,0,1,0
2024-01-02 13:00:00,13,14,11,2593,1,7.3,5.5,6.4,0,0,0,0,0,1,0,0,1,0
2024-01-02 14:00:00,24,15,9,2813,1,7.3,5.5,6.4,0,0,0,0,0,1,0,0,1,0
2024-01-02 10:00:00,4,11,9,897,1,7.3,5.5,6.4,0,0,0,0,0,1,0,0,1,0
2024-01-02 09:00:00,6,10,6,380,1,7.3,5.5,6.4,0,0,0,0,0,1,0,0,1,0
2024-01-02 18:00:00,55,19,4,714,1,7.3,5.5,6.4,0,0,0,0,0,1,0,0,1,0
2024-01-02 11:00:00,11,12,4,1639,1,7.3,5.5,6.4,0,0,0,0,0,1,0,0,1,0
2024-01-01 01:00:00,54,2,0,242,1,7.4,5.5,9.6,0,1,0,0,0,0,0,0,1,0
2024-01-01 03:00:00,50,4,0,109,1,7.4,5.5,9.6,0,1,0,0,0,0,0,0,1,0
2024-01-02 01:00:00,10,2,0,11,1,7.3,5.5,6.4,0,0,0,0,0,1,0,0,1,0
2024-01-02 03:00:00,8,4,0,0,1,7.3,5.5,6.4,0,0,0,0,0,1,0,0,1,0
2024-01-02 08:00:00,7,9,0,165,1,7.3,5.5,6.4,0,0,0,0,0,1,0,0,1,0
2024-01-02 17:00:00,6,18,0,657,1,7.3,5.5,6.4,0,0,0,0,0,1,0,0,1,0
2024-01-01 04:00:00,37,5,0,36,1,7.4,5.5,9.6,0,1,0,0,0,0,0,0,1,0
2024-01-02 07:00:00,5,8,0,43,1,7.3,5.5,6.4,0,0,0,0,0,1,0,0,1,0
2024-01-01 23:00:00,36,0,0,27,1,7.4,5.5,9.6,0,1,0,0,0,0,0,0,1,0
2024-01-01 20:00:00,33,21,0,112,1,7.4,5.5,9.6,0,1,0,0,0,0,0,0,1,0
2024-01-02 06:00:00,4,7,0,29,1,7.3,5.5,6.4,0,0,0,0,0,1,0,0,1,0
2024-01-02 02:00:00,4,3,0,3,1,7.3,5.5,6.4,0,0,0,0,0,1,0,0,1,0
2024-01-02 04:00:00,3,5,0,1,1,7.3,5.5,6.4,0,0,0,0,0,1,0,0,1,0
2024-01-01 21:00:00,24,22,0,81,1,7.4,5.5,9.6,0,1,0,0,0,0,0,0,1,0
2024-01-02 05:00:00,1,6,0,11,1,7.3,5.5,6.4,0,0,0,0,0,1,0,0,1,0
2024-01-01 05:00:00,16,6,0,19,1,7.4,5.5,9.6,0,1,0,0,0,0,0,0,1,0
2024-01-02 19:00:00,66,20,0,485,1,7.3,5.5,6.4,0,0,0,0,0,1,0,0,1,0
2024-01-01 07:00:00,9,8,0,21,1,7.4,5.5,9.6,0,1,0,0,0,0,0,0,1,0
2024-01-01 08:00:00,8,9,0,60,1,7.4,5.5,9.6,0,1,0,0,0,0,0,0,1,0
2024-01-02 21:00:00,49,22,0,161,1,7.3,5.5,6.4,0,0,0,0,0,1,0,0,1,0
2024-01-02 23:00:00,35,0,0,22,1,7.3,5.5,6.4,0,0,0,0,0,1,0,0,1,0
2024-01-02 00:00:00,24,1,0,11,1,7.3,5.5,6.4,0,0,0,0,0,1,0,0,1,0
2024-01-01 06:00:00,4,7,0,19,1,7.4,5.5,9.6,0,1,0,0,0,0,0,0,1,0
2024-01-01 17:00:00,0,18,0,171,1,7.4,5.5,9.6,0,1,0,0,0,0,0,0,1,0
2024-01-01 18:00:00,0,19,0,81,1,7.4,5.5,9.6,0,1,0,0,0,0,0,0,1,0
2024-01-03 12:00:00,15,13,29,2962,0,7.3,5.7,9.3,0,0,0,0,0,0,1,0,1,0
2024-01-03 13:00:00,6,14,25,3267,0,7.3,5.7,9.3,0,0,0,0,0,0,1,0,1,0
2024-01-03 14:00:00,16,15,24,3319,0,7.3,5.7,9.3,0,0,0,0,0,0,1,0,1,0
2024-01-02 16:00:00,6,17,3,1304,1,7.3,5.5,6.4,0,0,0,0,0,1,0,0,1,0
2024-01-02 20:00:00,45,21,1,258,1,7.3,5.5,6.4,0,0,0,0,0,1,0,0,1,0
2024-01-02 22:00:00,28,23,1,68,1,7.3,5.5,6.4,0,0,0,0,0,1,0,0,1,0
2024-01-03 11:00:00,18,12,17,2440,0,7.3,5.7,9.3,0,0,0,0,0,0,1,0,1,0
2024-01-03 10:00:00,14,11,9,1912,0,7.3,5.7,9.3,0,0,0,0,0,0,1,0,1,0
2024-01-03 09:00:00,17,10,8,1152,0,7.3,5.7,9.3,0,0,0,0,0,0,1,0,1,0
2024-01-03 16:00:00,9,17,3,1846,0,7.3,5.7,9.3,0,0,0,0,0,0,1,0,1,0
2024-01-03 19:00:00,4,20,0,278,0,7.3,5.7,9.3,0,0,0,0,0,0,1,0,1,0
2024-01-03 18:00:00,4,19,0,255,0,7.3,5.7,9.3,0,0,0,0,0,0,1,0,1,0
2024-01-04 12:00:00,9,13,14,2829,0,6.4,6.0,9.3,0,0,0,0,1,0,0,0,1,0
2024-01-03 00:00:00,24,1,0,40,0,7.3,5.7,9.3,0,0,0,0,0,0,1,0,1,0
2024-01-03 02:00:00,17,3,0,10,0,7.3,5.7,9.3,0,0,0,0,0,0,1,0,1,0
2024-01-03 01:00:00,14,2,0,31,0,7.3,5.7,9.3,0,0,0,0,0,0,1,0,1,0
2024-01-03 07:00:00,3,8,0,129,0,7.3,5.7,9.3,0,0,0,0,0,0,1,0,1,0
2024-01-03 03:00:00,3,4,0,5,0,7.3,5.7,9.3,0,0,0,0,0,0,1,0,1,0
2024-01-03 21:00:00,2,22,0,117,0,7.3,5.7,9.3,0,0,0,0,0,0,1,0,1,0
2024-01-03 08:00:00,11,9,2,543,0,7.3,5.7,9.3,0,0,0,0,0,0,1,0,1,0
2024-01-03 17:00:00,7,18,2,1055,0,7.3,5.7,9.3,0,0,0,0,0,0,1,0,1,0
2024-01-03 06:00:00,1,7,0,41,0,7.3,5.7,9.3,0,0,0,0,0,0,1,0,1,0
2024-01-03 23:00:00,1,0,0,34,0,7.3,5.7,9.3,0,0,0,0,0,0,1,0,1,0
2024-01-03 20:00:00,0,21,0,140,0,7.3,5.7,9.3,0,0,0,0,0,0,1,0,1,0
2024-01-03 05:00:00,0,6,0,34,0,7.3,5.7,9.3,0,0,0,0,0,0,1,0,1,0
2024-01-03 04:00:00,0,5,0,12,0,7.3,5.7,9.3,0,0,0,0,0,0,1,0,1,0
2024-01-04 11:00:00,20,12,19,2500,0,6.4,6.0,9.3,0,0,0,0,1,0,0,0,1,0
2024-01-04 10:00:00,18,11,18,1774,0,6.4,6.0,9.3,0,0,0,0,1,0,0,0,1,0
2024-01-04 13:00:00,9,14,17,2851,0,6.4,6.0,9.3,0,0,0,0,1,0,0,0,1,0
2024-01-04 21:00:00,4,22,0,100,0,6.4,6.0,9.3,0,0,0,0,1,0,0,0,1,0
2024-01-04 06:00:00,3,7,0,58,0,6.4,6.0,9.3,0,0,0,0,1,0,0,0,1,0
2024-01-04 19:00:00,2,20,4,275,0,6.4,6.0,9.3,0,0,0,0,1,0,0,0,1,0
2024-01-04 20:00:00,2,21,0,133,0,6.4,6.0,9.3,0,0,0,0,1,0,0,0,1,0
2024-01-04 05:00:00,2,6,0,41,0,6.4,6.0,9.3,0,0,0,0,1,0,0,0,1,0
2024-01-04 02:00:00,1,3,0,15,0,6.4,6.0,9.3,0,0,0,0,1,0,0,0,1,0
2024-01-04 04:00:00,1,5,0,5,0,6.4,6.0,9.3,0,0,0,0,1,0,0,0,1,0
2024-01-04 00:00:00,0,1,0,20,0,6.4,6.0,9.3,0,0,0,0,1,0,0,0,1,0
2024-01-04 01:00:00,0,2,0,10,0,6.4,6.0,9.3,0,0,0,0,1,0,0,0,1,0
2024-01-04 03:00:00,0,4,0,5,0,6.4,6.0,9.3,0,0,0,0,1,0,0,0,1,0
2024-01-05 12:00:00,41,13,24,3206,0,5.6,6.0,0.0,1,0,0,0,0,0,0,0,1,0
2024-01-05 11:00:00,51,12,22,2847,0,5.6,6.0,0.0,1,0,0,0,0,0,0,0,1,0
2024-01-05 10:00:00,57,11,20,1962,0,5.6,6.0,0.0,1,0,0,0,0,0,0,0,1,0
2024-01-05 13:00:00,34,14,13,3835,0,5.6,6.0,0.0,1,0,0,0,0,0,0,0,1,0
2024-01-05 14:00:00,27,15,10,3631,0,5.6,6.0,0.0,1,0,0,0,0,0,0,0,1,0
2024-01-04 23:00:00,9,0,1,38,0,6.4,6.0,9.3,0,0,0,0,1,0,0,0,1,0
2024-01-04 16:00:00,8,17,1,2131,0,6.4,6.0,9.3,0,0,0,0,1,0,0,0,1,0
2024-01-04 07:00:00,8,8,1,181,0,6.4,6.0,9.3,0,0,0,0,1,0,0,0,1,0
2024-01-04 08:00:00,8,9,3,496,0,6.4,6.0,9.3,0,0,0,0,1,0,0,0,1,0
2024-01-04 18:00:00,2,19,1,390,0,6.4,6.0,9.3,0,0,0,0,1,0,0,0,1,0
2024-01-03 15:00:00,2,16,1,2566,0,7.3,5.7,9.3,0,0,0,0,0,0,1,0,1,0
2024-01-03 22:00:00,1,23,1,81,0,7.3,5.7,9.3,0,0,0,0,0,0,1,0,1,0
2024-01-04 09:00:00,17,10,8,1058,0,6.4,6.0,9.3,0,0,0,0,1,0,0,0,1,0
2024-01-04 14:00:00,15,15,8,2653,0,6.4,6.0,9.3,0,0,0,0,1,0,0,0,1,0
2024-01-04 22:00:00,2,23,6,67,0,6.4,6.0,9.3,0,0,0,0,1,0,0,0,1,0
2024-01-04 15:00:00,6,16,2,3167,0,6.4,6.0,9.3,0,0,0,0,1,0,0,0,1,0
2024-01-04 17:00:00,6,18,2,1201,0,6.4,6.0,9.3,0,0,0,0,1,0,0,0,1,0
2024-01-05 05:00:00,5,6,0,49,0,5.6,6.0,0.0,1,0,0,0,0,0,0,0,1,0
2024-01-05 20:00:00,4,21,0,214,0,5.6,6.0,0.0,1,0,0,0,0,0,0,0,1,0
2024-01-05 18:00:00,3,19,0,410,0,5.6,6.0,0.0,1,0,0,0,0,0,0,0,1,0
2024-01-05 19:00:00,3,20,0,292,0,5.6,6.0,0.0,1,0,0,0,0,0,0,0,1,0
2024-01-05 21:00:00,1,22,0,145,0,5.6,6.0,0.0,1,0,0,0,0,0,0,0,1,0
2024-01-06 14:00:00,14,15,36,3592,0,2.5,0.2,0.0,0,0,1,0,0,0,0,0,1,0
2024-01-06 12:00:00,16,13,20,2279,0,2.5,0.2,0.0,0,0,1,0,0,0,0,0,1,0
2024-01-06 13:00:00,18,14,16,2398,0,2.5,0.2,0.0,0,0,1,0,0,0,0,0,1,0
2024-01-06 15:00:00,37,16,10,3578,0,2.5,0.2,0.0,0,0,1,0,0,0,0,0,1,0
2024-01-05 09:00:00,53,10,9,1195,0,5.6,6.0,0.0,1,0,0,0,0,0,0,0,1,0
2024-01-05 23:00:00,54,0,0,84,0,5.6,6.0,0.0,1,0,0,0,0,0,0,0,1,0
2024-01-05 22:00:00,21,23,0,137,0,5.6,6.0,0.0,1,0,0,0,0,0,0,0,1,0
2024-01-05 07:00:00,19,8,0,220,0,5.6,6.0,0.0,1,0,0,0,0,0,0,0,1,0
2024-01-05 01:00:00,12,2,0,20,0,5.6,6.0,0.0,1,0,0,0,0,0,0,0,1,0
2024-01-05 02:00:00,10,3,0,7,0,5.6,6.0,0.0,1,0,0,0,0,0,0,0,1,0
2024-01-05 03:00:00,6,4,0,18,0,5.6,6.0,0.0,1,0,0,0,0,0,0,0,1,0
2024-01-05 04:00:00,6,5,0,6,0,5.6,6.0,0.0,1,0,0,0,0,0,0,0,1,0
2024-01-07 12:00:00,27,13,26,1806,0,2.9,0.1,0.0,0,0,0,1,0,0,0,0,1,0
2024-01-07 14:00:00,42,15,18,3129,0,2.9,0.1,0.0,0,0,0,1,0,0,0,0,1,0
2024-01-07 13:00:00,43,14,13,2843,0,2.9,0.1,0.0,0,0,0,1,0,0,0,0,1,0
2024-01-07 15:00:00,43,16,13,2604,0,2.9,0.1,0.0,0,0,0,1,0,0,0,0,1,0
2024-01-07 16:00:00,35,17,7,1971,0,2.9,0.1,0.0,0,0,0,1,0,0,0,0,1,0
2024-01-07 08:00:00,28,9,7,131,0,2.9,0.1,0.0,0,0,0,1,0,0,0,0,1,0
2024-01-07 11:00:00,25,12,7,1391,0,2.9,0.1,0.0,0,0,0,1,0,0,0,0,1,0
2024-01-05 15:00:00,2,16,7,3084,0,5.6,6.0,0.0,1,0,0,0,0,0,0,0,1,0
2024-01-05 16:00:00,13,17,4,2451,0,5.6,6.0,0.0,1,0,0,0,0,0,0,0,1,0
2024-01-05 08:00:00,32,9,2,563,0,5.6,6.0,0.0,1,0,0,0,0,0,0,0,1,0
2024-01-06 00:00:00,41,1,0,45,0,2.5,0.2,0.0,0,0,1,0,0,0,0,0,1,0
2024-01-06 01:00:00,34,2,0,23,0,2.5,0.2,0.0,0,0,1,0,0,0,0,0,1,0
2024-01-06 17:00:00,9,18,2,1258,0,2.5,0.2,0.0,0,0,1,0,0,0,0,0,1,0
2024-01-06 02:00:00,29,3,0,11,0,2.5,0.2,0.0,0,0,1,0,0,0,0,0,1,0
2024-01-06 11:00:00,19,12,6,2389,0,2.5,0.2,0.0,0,0,1,0,0,0,0,0,1,0
2024-01-06 10:00:00,15,11,6,1703,0,2.5,0.2,0.0,0,0,1,0,0,0,0,0,1,0
2024-01-06 03:00:00,25,4,0,30,0,2.5,0.2,0.0,0,0,1,0,0,0,0,0,1,0
2024-01-06 06:00:00,17,7,0,84,0,2.5,0.2,0.0,0,0,1,0,0,0,0,0,1,0
2024-01-05 00:00:00,18,1,1,55,0,5.6,6.0,0.0,1,0,0,0,0,0,0,0,1,0
2024-01-05 06:00:00,12,7,1,56,0,5.6,6.0,0.0,1,0,0,0,0,0,0,0,1,0
2024-01-05 17:00:00,4,18,1,1440,0,5.6,6.0,0.0,1,0,0,0,0,0,0,0,1,0
2024-01-06 05:00:00,10,6,0,28,0,2.5,0.2,0.0,0,0,1,0,0,0,0,0,1,0
2024-01-06 16:00:00,17,17,4,2349,0,2.5,0.2,0.0,0,0,1,0,0,0,0,0,1,0
2024-01-06 09:00:00,4,10,4,1095,0,2.5,0.2,0.0,0,0,1,0,0,0,0,0,1,0
2024-01-06 23:00:00,70,0,1,157,0,2.5,0.2,0.0,0,0,1,0,0,0,0,0,1,0
2024-01-06 08:00:00,8,9,0,371,0,2.5,0.2,0.0,0,0,1,0,0,0,0,0,1,0
2024-01-06 21:00:00,58,22,1,322,0,2.5,0.2,0.0,0,0,1,0,0,0,0,0,1,0
2024-01-06 04:00:00,5,5,0,8,0,2.5,0.2,0.0,0,0,1,0,0,0,0,0,1,0
2024-01-06 22:00:00,54,23,1,225,0,2.5,0.2,0.0,0,0,1,0,0,0,0,0,1,0
2024-01-06 20:00:00,48,21,1,541,0,2.5,0.2,0.0,0,0,1,0,0,0,0,0,1,0
2024-01-06 07:00:00,18,8,1,102,0,2.5,0.2,0.0,0,0,1,0,0,0,0,0,1,0
2024-01-06 19:00:00,14,20,1,543,0,2.5,0.2,0.0,0,0,1,0,0,0,0,0,1,0
2024-01-06 18:00:00,8,19,1,450,0,2.5,0.2,0.0,0,0,1,0,0,0,0,0,1,0
2024-01-07 23:00:00,0,0,1,44,0,2.9,0.1,0.0,0,0,0,1,0,0,0,0,1,0
2024-01-07 01:00:00,69,2,0,30,0,2.9,0.1,0.0,0,0,0,1,0,0,0,0,1,0
2024-01-08 19:00:00,30,20,0,488,0,3.9,-1.5,1.2,0,1,0,0,0,0,0,0,1,0
2024-01-08 12:00:00,25,13,28,2807,0,3.9,-1.5,1.2,0,1,0,0,0,0,0,0,1,0
2024-01-08 18:00:00,27,19,0,680,0,3.9,-1.5,1.2,0,1,0,0,0,0,0,0,1,0
2024-01-08 13:00:00,16,14,27,3070,0,3.9,-1.5,1.2,0,1,0,0,0,0,0,0,1,0
2024-01-08 22:00:00,34,23,1,142,0,3.9,-1.5,1.2,0,1,0,0,0,0,0,0,1,0
2024-01-07 00:00:00,65,1,0,51,0,2.9,0.1,0.0,0,0,0,1,0,0,0,0,1,0
2024-01-07 20:00:00,36,21,0,297,0,2.9,0.1,0.0,0,0,0,1,0,0,0,0,1,0
2024-01-07 21:00:00,27,22,0,259,0,2.9,0.1,0.0,0,0,0,1,0,0,0,0,1,0
2024-01-07 22:00:00,13,23,0,111,0,2.9,0.1,0.0,0,0,0,1,0,0,0,0,1,0
2024-01-07 07:00:00,8,8,0,44,0,2.9,0.1,0.0,0,0,0,1,0,0,0,0,1,0
2024-01-07 02:00:00,6,3,0,25,0,2.9,0.1,0.0,0,0,0,1,0,0,0,0,1,0
2024-01-07 06:00:00,1,7,0,52,0,2.9,0.1,0.0,0,0,0,1,0,0,0,0,1,0
2024-01-07 05:00:00,1,6,0,12,0,2.9,0.1,0.0,0,0,0,1,0,0,0,0,1,0
2024-01-07 03:00:00,0,4,0,36,0,2.9,0.1,0.0,0,0,0,1,0,0,0,0,1,0
2024-01-07 04:00:00,0,5,0,10,0,2.9,0.1,0.0,0,0,0,1,0,0,0,0,1,0
2024-01-08 14:00:00,15,15,27,2262,0,3.9,-1.5,1.2,0,1,0,0,0,0,0,0,1,0
2024-01-08 09:00:00,18,10,5,1248,0,3.9,-1.5,1.2,0,1,0,0,0,0,0,0,1,0
2024-01-08 08:00:00,5,9,5,560,0,3.9,-1.5,1.2,0,1,0,0,0,0,0,0,1,0
2024-01-08 21:00:00,14,22,0,246,0,3.9,-1.5,1.2,0,1,0,0,0,0,0,0,1,0
2024-01-08 23:00:00,11,0,0,65,0,3.9,-1.5,1.2,0,1,0,0,0,0,0,0,1,0
2024-01-08 06:00:00,5,7,0,75,0,3.9,-1.5,1.2,0,1,0,0,0,0,0,0,1,0
2024-01-08 07:00:00,3,8,0,208,0,3.9,-1.5,1.2,0,1,0,0,0,0,0,0,1,0
2024-01-08 03:00:00,3,4,0,12,0,3.9,-1.5,1.2,0,1,0,0,0,0,0,0,1,0
2024-01-08 01:00:00,2,2,0,15,0,3.9,-1.5,1.2,0,1,0,0,0,0,0,0,1,0
2024-01-08 00:00:00,0,1,0,28,0,3.9,-1.5,1.2,0,1,0,0,0,0,0,0,1,0
2024-01-08 05:00:00,0,6,0,26,0,3.9,-1.5,1.2,0,1,0,0,0,0,0,0,1,0
2024-01-08 02:00:00,0,3,0,22,0,3.9,-1.5,1.2,0,1,0,0,0,0,0,0,1,0
2024-01-08 04:00:00,0,5,0,3,0,3.9,-1.5,1.2,0,1,0,0,0,0,0,0,1,0
2024-01-09 14:00:00,16,15,18,2675,0,6.0,5.5,0.0,0,0,0,0,0,1,0,0,1,0
2024-01-09 12:00:00,7,13,18,3059,0,6.0,5.5,0.0,0,0,0,0,0,1,0,0,1,0
2024-01-08 17:00:00,10,18,1,1415,0,3.9,-1.5,1.2,0,1,0,0,0,0,0,0,1,0
2024-01-08 15:00:00,13,16,16,1978,0,3.9,-1.5,1.2,0,1,0,0,0,0,0,0,1,0
2024-01-07 10:00:00,25,11,5,629,0,2.9,0.1,0.0,0,0,0,1,0,0,0,0,1,0
2024-01-08 11:00:00,24,12,14,2187,0,3.9,-1.5,1.2,0,1,0,0,0,0,0,0,1,0
2024-01-09 13:00:00,9,14,16,3084,0,6.0,5.5,0.0,0,0,0,0,0,1,0,0,1,0
2024-01-08 20:00:00,28,21,2,337,0,3.9,-1.5,1.2,0,1,0,0,0,0,0,0,1,0
2024-01-08 16:00:00,9,17,2,1767,0,3.9,-1.5,1.2,0,1,0,0,0,0,0,0,1,0
2024-01-08 10:00:00,21,11,9,1866,0,3.9,-1.5,1.2,0,1,0,0,0,0,0,0,1,0
2024-01-09 10:00:00,22,11,13,1481,0,6.0,5.5,0.0,0,0,0,0,0,1,0,0,1,0
2024-01-09 11:00:00,14,12,13,2486,0,6.0,5.5,0.0,0,0,0,0,0,1,0,0,1,0
2024-01-09 15:00:00,15,16,11,2228,0,6.0,5.5,0.0,0,0,0,0,0,1,0,0,1,0
2024-01-07 09:00:00,17,10,3,271,0,2.9,0.1,0.0,0,0,0,1,0,0,0,0,1,0
2024-01-09 09:00:00,21,10,9,1230,0,6.0,5.5,0.0,0,0,0,0,0,1,0,0,1,0
2024-01-07 18:00:00,45,19,2,473,0,2.9,0.1,0.0,0,0,0,1,0,0,0,0,1,0
2024-01-07 19:00:00,42,20,2,368,0,2.9,0.1,0.0,0,0,0,1,0,0,0,0,1,0
2024-01-07 17:00:00,35,18,2,946,0,2.9,0.1,0.0,0,0,0,1,0,0,0,0,1,0
2024-01-09 07:00:00,5,8,1,213,0,6.0,5.5,0.0,0,0,0,0,0,1,0,0,1,0
2024-01-09 21:00:00,6,22,0,156,0,6.0,5.5,0.0,0,0,0,0,0,1,0,0,1,0
2024-01-09 00:00:00,3,1,0,20,0,6.0,5.5,0.0,0,0,0,0,0,1,0,0,1,0
2024-01-09 19:00:00,2,20,0,229,0,6.0,5.5,0.0,0,0,0,0,0,1,0,0,1,0
2024-01-10 19:00:00,35,20,0,562,0,4.5,1.1,0.0,0,0,0,0,0,0,1,0,1,0
2024-01-09 20:00:00,2,21,0,152,0,6.0,5.5,0.0,0,0,0,0,0,1,0,0,1,0
2024-01-09 18:00:00,1,19,0,408,0,6.0,5.5,0.0,0,0,0,0,0,1,0,0,1,0
2024-01-10 09:00:00,20,10,5,1186,0,4.5,1.1,0.0,0,0,0,0,0,0,1,0,1,0
2024-01-10 20:00:00,12,21,0,178,0,4.5,1.1,0.0,0,0,0,0,0,0,1,0,1,0
2024-01-09 22:00:00,1,23,0,81,0,6.0,5.5,0.0,0,0,0,0,0,1,0,0,1,0
2024-01-09 06:00:00,1,7,0,71,0,6.0,5.5,0.0,0,0,0,0,0,1,0,0,1,0
2024-01-10 16:00:00,12,17,15,1824,0,4.5,1.1,0.0,0,0,0,0,0,0,1,0,1,0
2024-01-10 11:00:00,10,12,15,2127,0,4.5,1.1,0.0,0,0,0,0,0,0,1,0,1,0
2024-01-10 15:00:00,9,16,15,1901,0,4.5,1.1,0.0,0,0,0,0,0,0,1,0,1,0
2024-01-10 14:00:00,13,15,12,2250,0,4.5,1.1,0.0,0,0,0,0,0,0,1,0,1,0
2024-01-10 12:00:00,9,13,12,2382,0,4.5,1.1,0.0,0,0,0,0,0,0,1,0,1,0
2024-01-10 08:00:00,7,9,7,519,0,4.5,1.1,0.0,0,0,0,0,0,0,1,0,1,0
2024-01-10 17:00:00,2,18,6,1246,0,4.5,1.1,0.0,0,0,0,0,0,0,1,0,1,0
2024-01-09 23:00:00,1,0,0,52,0,6.0,5.5,0.0,0,0,0,0,0,1,0,0,1,0
2024-01-09 05:00:00,0,6,0,28,0,6.0,5.5,0.0,0,0,0,0,0,1,0,0,1,0
2024-01-10 10:00:00,15,11,4,1736,0,4.5,1.1,0.0,0,0,0,0,0,0,1,0,1,0
2024-01-10 18:00:00,2,19,3,442,0,4.5,1.1,0.0,0,0,0,0,0,0,1,0,1,0
2024-01-10 06:00:00,6,7,0,67,0,4.5,1.1,0.0,0,0,0,0,0,0,1,0,1,0
2024-01-10 21:00:00,4,22,0,124,0,4.5,1.1,0.0,0,0,0,0,0,0,1,0,1,0
2024-01-10 04:00:00,4,5,0,5,0,4.5,1.1,0.0,0,0,0,0,0,0,1,0,1,0
2024-01-11 16:00:00,6,17,11,1672,0,5.0,2.2,0.2,0,0,0,0,1,0,0,0,1,0
2024-01-11 14:00:00,23,15,10,1925,0,5.0,2.2,0.2,0,0,0,0,1,0,0,0,1,0
2024-01-11 08:00:00,6,9,10,579,0,5.0,2.2,0.2,0,0,0,0,1,0,0,0,1,0
2024-01-11 17:00:00,2,18,5,1274,0,5.0,2.2,0.2,0,0,0,0,1,0,0,0,1,0
2024-01-10 07:00:00,3,8,0,187,0,4.5,1.1,0.0,0,0,0,0,0,0,1,0,1,0
2024-01-09 16:00:00,10,17,6,1826,0,6.0,5.5,0.0,0,0,0,0,0,1,0,0,1,0
2024-01-09 01:00:00,0,2,0,24,0,6.0,5.5,0.0,0,0,0,0,0,1,0,0,1,0
2024-01-10 00:00:00,3,1,0,48,0,4.5,1.1,0.0,0,0,0,0,0,0,1,0,1,0
2024-01-09 03:00:00,0,4,0,9,0,6.0,5.5,0.0,0,0,0,0,0,1,0,0,1,0
2024-01-10 01:00:00,2,2,0,13,0,4.5,1.1,0.0,0,0,0,0,0,0,1,0,1,0
2024-01-09 04:00:00,0,5,0,4,0,6.0,5.5,0.0,0,0,0,0,0,1,0,0,1,0
2024-01-10 05:00:00,1,6,0,42,0,4.5,1.1,0.0,0,0,0,0,0,0,1,0,1,0
2024-01-09 02:00:00,0,3,0,3,0,6.0,5.5,0.0,0,0,0,0,0,1,0,0,1,0
2024-01-09 08:00:00,10,9,5,670,0,6.0,5.5,0.0,0,0,0,0,0,1,0,0,1,0
2024-01-10 02:00:00,1,3,0,10,0,4.5,1.1,0.0,0,0,0,0,0,0,1,0,1,0
2024-01-10 22:00:00,0,23,0,106,0,4.5,1.1,0.0,0,0,0,0,0,0,1,0,1,0
2024-01-10 23:00:00,0,0,0,29,0,4.5,1.1,0.0,0,0,0,0,0,0,1,0,1,0
2024-01-10 03:00:00,0,4,0,1,0,4.5,1.1,0.0,0,0,0,0,0,0,1,0,1,0
2024-01-10 13:00:00,13,14,21,2532,0,4.5,1.1,0.0,0,0,0,0,0,0,1,0,1,0
2024-01-09 17:00:00,7,18,3,1274,0,6.0,5.5,0.0,0,0,0,0,0,1,0,0,1,0
2024-01-11 12:00:00,13,13,21,2366,0,5.0,2.2,0.2,0,0,0,0,1,0,0,0,1,0
2024-01-11 15:00:00,8,16,18,1989,0,5.0,2.2,0.2,0,0,0,0,1,0,0,0,1,0
2024-01-11 13:00:00,5,14,18,2430,0,5.0,2.2,0.2,0,0,0,0,1,0,0,0,1,0
2024-01-12 10:00:00,10,11,12,1922,0,5.8,5.5,0.0,1,0,0,0,0,0,0,0,1,0
2024-01-12 01:00:00,0,2,0,22,0,5.8,5.5,0.0,1,0,0,0,0,0,0,0,1,0
2024-01-11 06:00:00,3,7,0,86,0,5.0,2.2,0.2,0,0,0,0,1,0,0,0,1,0
2024-01-12 18:00:00,7,19,1,392,0,5.8,5.5,0.0,1,0,0,0,0,0,0,0,1,0
2024-01-12 19:00:00,4,20,1,400,0,5.8,5.5,0.0,1,0,0,0,0,0,0,0,1,0
2024-01-12 23:00:00,1,0,1,50,0,5.8,5.5,0.0,1,0,0,0,0,0,0,0,1,0
2024-01-11 09:00:00,16,10,4,1123,0,5.0,2.2,0.2,0,0,0,0,1,0,0,0,1,0
2024-01-13 20:00:00,59,21,7,360,0,3.7,5.5,0.0,0,0,1,0,0,0,0,0,1,0
2024-01-13 12:00:00,15,13,36,3148,0,3.7,5.5,0.0,0,0,1,0,0,0,0,0,1,0
2024-01-13 11:00:00,11,12,34,2575,0,3.7,5.5,0.0,0,0,1,0,0,0,0,0,1,0
2024-01-13 10:00:00,11,11,16,2003,0,3.7,5.5,0.0,0,0,1,0,0,0,0,0,1,0
2024-01-13 13:00:00,15,14,13,4043,0,3.7,5.5,0.0,0,0,1,0,0,0,0,0,1,0
2024-01-13 09:00:00,7,10,12,1199,0,3.7,5.5,0.0,0,0,1,0,0,0,0,0,1,0
2024-01-13 14:00:00,11,15,11,3400,0,3.7,5.5,0.0,0,0,1,0,0,0,0,0,1,0
2024-01-13 15:00:00,20,16,9,1992,0,3.7,5.5,0.0,0,0,1,0,0,0,0,0,1,0
2024-01-11 00:00:00,3,1,0,39,0,5.0,2.2,0.2,0,0,0,0,1,0,0,0,1,0
2024-01-11 22:00:00,2,23,0,80,0,5.0,2.2,0.2,0,0,0,0,1,0,0,0,1,0
2024-01-11 05:00:00,2,6,0,36,0,5.0,2.2,0.2,0,0,0,0,1,0,0,0,1,0
2024-01-11 11:00:00,8,12,3,1545,0,5.0,2.2,0.2,0,0,0,0,1,0,0,0,1,0
2024-01-11 10:00:00,13,11,2,1657,0,5.0,2.2,0.2,0,0,0,0,1,0,0,0,1,0
2024-01-11 07:00:00,7,8,2,229,0,5.0,2.2,0.2,0,0,0,0,1,0,0,0,1,0
2024-01-11 18:00:00,2,19,2,390,0,5.0,2.2,0.2,0,0,0,0,1,0,0,0,1,0
2024-01-12 16:00:00,13,17,11,1947,0,5.8,5.5,0.0,1,0,0,0,0,0,0,0,1,0
2024-01-12 08:00:00,5,9,10,567,0,5.8,5.5,0.0,1,0,0,0,0,0,0,0,1,0
2024-01-11 20:00:00,2,21,1,205,0,5.0,2.2,0.2,0,0,0,0,1,0,0,0,1,0
2024-01-11 21:00:00,1,22,0,147,0,5.0,2.2,0.2,0,0,0,0,1,0,0,0,1,0
2024-01-13 08:00:00,4,9,4,467,0,3.7,5.5,0.0,0,0,1,0,0,0,0,0,1,0
2024-01-13 18:00:00,10,19,3,481,0,3.7,5.5,0.0,0,0,1,0,0,0,0,0,1,0
2024-01-13 16:00:00,8,17,3,2312,0,3.7,5.5,0.0,0,0,1,0,0,0,0,0,1,0
2024-01-11 02:00:00,1,3,0,14,0,5.0,2.2,0.2,0,0,0,0,1,0,0,0,1,0
2024-01-11 04:00:00,1,5,0,4,0,5.0,2.2,0.2,0,0,0,0,1,0,0,0,1,0
2024-01-12 09:00:00,19,10,9,1280,0,5.8,5.5,0.0,1,0,0,0,0,0,0,0,1,0
2024-01-11 23:00:00,0,0,0,25,0,5.0,2.2,0.2,0,0,0,0,1,0,0,0,1,0
2024-01-11 03:00:00,0,4,0,11,0,5.0,2.2,0.2,0,0,0,0,1,0,0,0,1,0
2024-01-11 01:00:00,0,2,0,5,0,5.0,2.2,0.2,0,0,0,0,1,0,0,0,1,0
2024-01-12 15:00:00,29,16,6,2237,0,5.8,5.5,0.0,1,0,0,0,0,0,0,0,1,0
2024-01-12 17:00:00,6,18,4,1480,0,5.8,5.5,0.0,1,0,0,0,0,0,0,0,1,0
2024-01-11 19:00:00,17,20,0,436,0,5.0,2.2,0.2,0,0,0,0,1,0,0,0,1,0
2024-01-12 07:00:00,13,8,0,244,0,5.8,5.5,0.0,1,0,0,0,0,0,0,0,1,0
2024-01-12 13:00:00,17,14,26,2369,0,5.8,5.5,0.0,1,0,0,0,0,0,0,0,1,0
2024-01-12 12:00:00,19,13,22,2663,0,5.8,5.5,0.0,1,0,0,0,0,0,0,0,1,0
2024-01-12 05:00:00,4,6,0,40,0,5.8,5.5,0.0,1,0,0,0,0,0,0,0,1,0
2024-01-12 22:00:00,2,23,0,92,0,5.8,5.5,0.0,1,0,0,0,0,0,0,0,1,0
2024-01-12 04:00:00,2,5,0,7,0,5.8,5.5,0.0,1,0,0,0,0,0,0,0,1,0
2024-01-12 03:00:00,2,4,0,5,0,5.8,5.5,0.0,1,0,0,0,0,0,0,0,1,0
2024-01-12 20:00:00,1,21,0,203,0,5.8,5.5,0.0,1,0,0,0,0,0,0,0,1,0
2024-01-12 00:00:00,1,1,0,28,0,5.8,5.5,0.0,1,0,0,0,0,0,0,0,1,0
2024-01-12 02:00:00,1,3,0,8,0,5.8,5.5,0.0,1,0,0,0,0,0,0,0,1,0
2024-01-12 14:00:00,34,15,16,2087,0,5.8,5.5,0.0,1,0,0,0,0,0,0,0,1,0
2024-01-12 21:00:00,0,22,0,117,0,5.8,5.5,0.0,1,0,0,0,0,0,0,0,1,0
2024-01-12 06:00:00,0,7,0,68,0,5.8,5.5,0.0,1,0,0,0,0,0,0,0,1,0
2024-01-12 11:00:00,11,12,12,2345,0,5.8,5.5,0.0,1,0,0,0,0,0,0,0,1,0
2024-01-15 09:00:00,18,10,6,1205,0,1.2,5.5,0.0,0,1,0,0,0,0,0,0,1,0
2024-01-15 15:00:00,16,16,6,2029,0,1.2,5.5,0.0,0,1,0,0,0,0,0,0,1,0
2024-01-15 14:00:00,6,15,6,2272,0,1.2,5.5,0.0,0,1,0,0,0,0,0,0,1,0
2024-01-13 21:00:00,75,22,0,332,0,3.7,5.5,0.0,0,0,1,0,0,0,0,0,1,0
2024-01-13 23:00:00,71,0,0,135,0,3.7,5.5,0.0,0,0,1,0,0,0,0,0,1,0
2024-01-13 01:00:00,53,2,0,47,0,3.7,5.5,0.0,0,0,1,0,0,0,0,0,1,0
2024-01-13 00:00:00,42,1,0,52,0,3.7,5.5,0.0,0,0,1,0,0,0,0,0,1,0
2024-01-13 02:00:00,38,3,0,30,0,3.7,5.5,0.0,0,0,1,0,0,0,0,0,1,0
2024-01-13 03:00:00,29,4,0,33,0,3.7,5.5,0.0,0,0,1,0,0,0,0,0,1,0
2024-01-13 05:00:00,11,6,0,13,0,3.7,5.5,0.0,0,0,1,0,0,0,0,0,1,0
2024-01-13 04:00:00,8,5,0,11,0,3.7,5.5,0.0,0,0,1,0,0,0,0,0,1,0
2024-01-13 06:00:00,3,7,0,32,0,3.7,5.5,0.0,0,0,1,0,0,0,0,0,1,0
2024-01-13 07:00:00,2,8,0,75,0,3.7,5.5,0.0,0,0,1,0,0,0,0,0,1,0
2024-01-14 01:00:00,69,2,0,129,0,1.2,1.2,0.0,0,0,0,1,0,0,0,0,1,0
2024-01-14 02:00:00,66,3,0,58,0,1.2,1.2,0.0,0,0,0,1,0,0,0,0,1,0
2024-01-14 18:00:00,38,19,1,543,0,1.2,1.2,0.0,0,0,0,1,0,0,0,0,1,0
2024-01-14 19:00:00,21,20,1,314,0,1.2,1.2,0.0,0,0,0,1,0,0,0,0,1,0
2024-01-14 06:00:00,8,7,1,45,0,1.2,1.2,0.0,0,0,0,1,0,0,0,0,1,0
2024-01-14 08:00:00,7,9,1,67,0,1.2,1.2,0.0,0,0,0,1,0,0,0,0,1,0
2024-01-14 00:00:00,83,1,0,126,0,1.2,1.2,0.0,0,0,0,1,0,0,0,0,1,0
2024-01-15 11:00:00,10,12,17,2238,0,1.2,5.5,0.0,0,1,0,0,0,0,0,0,1,0
2024-01-14 12:00:00,9,13,28,1698,0,1.2,1.2,0.0,0,0,0,1,0,0,0,0,1,0
2024-01-14 22:00:00,33,23,5,114,0,1.2,1.2,0.0,0,0,0,1,0,0,0,0,1,0
2024-01-14 20:00:00,25,21,5,228,0,1.2,1.2,0.0,0,0,0,1,0,0,0,0,1,0
2024-01-14 17:00:00,34,18,4,1123,0,1.2,1.2,0.0,0,0,0,1,0,0,0,0,1,0
2024-01-14 21:00:00,14,22,3,104,0,1.2,1.2,0.0,0,0,0,1,0,0,0,0,1,0
2024-01-14 10:00:00,4,11,3,512,0,1.2,1.2,0.0,0,0,0,1,0,0,0,0,1,0
2024-01-14 09:00:00,4,10,3,193,0,1.2,1.2,0.0,0,0,0,1,0,0,0,0,1,0
2024-01-14 23:00:00,25,0,2,33,0,1.2,1.2,0.0,0,0,0,1,0,0,0,0,1,0
2024-01-14 15:00:00,3,16,2,1919,0,1.2,1.2,0.0,0,0,0,1,0,0,0,0,1,0
2024-01-15 13:00:00,9,14,14,2525,0,1.2,5.5,0.0,0,1,0,0,0,0,0,0,1,0
2024-01-14 03:00:00,44,4,0,18,0,1.2,1.2,0.0,0,0,0,1,0,0,0,0,1,0
2024-01-15 07:00:00,46,8,3,342,0,1.2,5.5,0.0,0,1,0,0,0,0,0,0,1,0
2024-01-15 17:00:00,3,18,3,1345,0,1.2,5.5,0.0,0,1,0,0,0,0,0,0,1,0
2024-01-14 04:00:00,15,5,0,3,0,1.2,1.2,0.0,0,0,0,1,0,0,0,0,1,0
2024-01-14 13:00:00,15,14,21,1967,0,1.2,1.2,0.0,0,0,0,1,0,0,0,0,1,0
2024-01-14 07:00:00,11,8,0,79,0,1.2,1.2,0.0,0,0,0,1,0,0,0,0,1,0
2024-01-14 05:00:00,11,6,0,9,0,1.2,1.2,0.0,0,0,0,1,0,0,0,0,1,0
2024-01-13 22:00:00,86,23,1,285,0,3.7,5.5,0.0,0,0,1,0,0,0,0,0,1,0
2024-01-14 11:00:00,8,12,18,1165,0,1.2,1.2,0.0,0,0,0,1,0,0,0,0,1,0
2024-01-13 19:00:00,77,20,1,544,0,3.7,5.5,0.0,0,0,1,0,0,0,0,0,1,0
2024-01-15 08:00:00,28,9,8,613,0,1.2,5.5,0.0,0,1,0,0,0,0,0,0,1,0
2024-01-14 14:00:00,5,15,15,1674,0,1.2,1.2,0.0,0,0,0,1,0,0,0,0,1,0
2024-01-15 10:00:00,15,11,8,1880,0,1.2,5.5,0.0,0,1,0,0,0,0,0,0,1,0
2024-01-15 06:00:00,18,7,2,78,0,1.2,5.5,0.0,0,1,0,0,0,0,0,0,1,0
2024-01-15 12:00:00,11,13,37,2415,0,1.2,5.5,0.0,0,1,0,0,0,0,0,0,1,0
2024-01-15 16:00:00,5,17,2,1974,0,1.2,5.5,0.0,0,1,0,0,0,0,0,0,1,0
2024-01-13 17:00:00,2,18,1,1095,0,3.7,5.5,0.0,0,0,1,0,0,0,0,0,1,0
2024-01-14 16:00:00,37,17,11,2022,0,1.2,1.2,0.0,0,0,0,1,0,0,0,0,1,0
2024-01-15 01:00:00,13,2,0,25,0,1.2,5.5,0.0,0,1,0,0,0,0,0,0,1,0
2024-01-15 02:00:00,12,3,0,12,0,1.2,5.5,0.0,0,1,0,0,0,0,0,0,1,0
2024-01-15 03:00:00,9,4,0,2,0,1.2,5.5,0.0,0,1,0,0,0,0,0,0,1,0
2024-01-15 19:00:00,4,20,0,273,0,1.2,5.5,0.0,0,1,0,0,0,0,0,0,1,0
2024-01-15 22:00:00,4,23,0,57,0,1.2,5.5,0.0,0,1,0,0,0,0,0,0,1,0
2024-01-15 04:00:00,4,5,0,18,0,1.2,5.5,0.0,0,1,0,0,0,0,0,0,1,0
2024-01-15 21:00:00,0,22,0,162,0,1.2,5.5,0.0,0,1,0,0,0,0,0,0,1,0
2024-01-15 23:00:00,0,0,0,29,0,1.2,5.5,0.0,0,1,0,0,0,0,0,0,1,0
2024-01-17 09:00:00,50,10,3,1121,0,1.7,-3.8,0.0,0,0,0,0,0,0,1,0,1,0
2024-01-17 10:00:00,47,11,3,1940,0,1.7,-3.8,0.0,0,0,0,0,0,0,1,0,1,0
2024-01-16 22:00:00,30,23,1,169,0,0.4,-1.4,0.9,0,0,0,0,0,1,0,0,1,0
2024-01-17 18:00:00,45,19,3,806,0,1.7,-3.8,0.0,0,0,0,0,0,0,1,0,1,0
2024-01-17 08:00:00,45,9,3,760,0,1.7,-3.8,0.0,0,0,0,0,0,0,1,0,1,0
2024-01-16 07:00:00,11,8,1,273,0,0.4,-1.4,0.9,0,0,0,0,0,1,0,0,1,0
2024-01-16 12:00:00,45,13,18,2889,0,0.4,-1.4,0.9,0,0,0,0,0,1,0,0,1,0
2024-01-16 06:00:00,5,7,0,67,0,0.4,-1.4,0.9,0,0,0,0,0,1,0,0,1,0
2024-01-16 05:00:00,3,6,0,18,0,0.4,-1.4,0.9,0,0,0,0,0,1,0,0,1,0
2024-01-16 23:00:00,2,0,0,46,0,0.4,-1.4,0.9,0,0,0,0,0,1,0,0,1,0
2024-01-16 04:00:00,2,5,0,17,0,0.4,-1.4,0.9,0,0,0,0,0,1,0,0,1,0
2024-01-16 03:00:00,2,4,0,2,0,0.4,-1.4,0.9,0,0,0,0,0,1,0,0,1,0
2024-01-16 02:00:00,1,3,0,0,0,0.4,-1.4,0.9,0,0,0,0,0,1,0,0,1,0
2024-01-16 00:00:00,0,1,0,12,0,0.4,-1.4,0.9,0,0,0,0,0,1,0,0,1,0
2024-01-16 01:00:00,0,2,0,7,0,0.4,-1.4,0.9,0,0,0,0,0,1,0,0,1,0
2024-01-17 14:00:00,3,15,14,2025,0,1.7,-3.8,0.0,0,0,0,0,0,0,1,0,1,0
2024-01-17 16:00:00,26,17,13,2173,0,1.7,-3.8,0.0,0,0,0,0,0,0,1,0,1,0
2024-01-17 12:00:00,8,13,13,2149,0,1.7,-3.8,0.0,0,0,0,0,0,0,1,0,1,0
2024-01-16 14:00:00,37,15,25,2708,0,0.4,-1.4,0.9,0,0,0,0,0,1,0,0,1,0
2024-01-17 13:00:00,7,14,7,2169,0,1.7,-3.8,0.0,0,0,0,0,0,0,1,0,1,0
2024-01-17 15:00:00,4,16,7,1663,0,1.7,-3.8,0.0,0,0,0,0,0,0,1,0,1,0
2024-01-17 11:00:00,24,12,6,2441,0,1.7,-3.8,0.0,0,0,0,0,0,0,1,0,1,0
2024-01-17 17:00:00,31,18,5,1583,0,1.7,-3.8,0.0,0,0,0,0,0,0,1,0,1,0
2024-01-16 15:00:00,44,16,21,1794,0,0.4,-1.4,0.9,0,0,0,0,0,1,0,0,1,0
2024-01-16 08:00:00,17,9,15,650,0,0.4,-1.4,0.9,0,0,0,0,0,1,0,0,1,0
2024-01-16 13:00:00,49,14,14,3241,0,0.4,-1.4,0.9,0,0,0,0,0,1,0,0,1,0
2024-01-16 17:00:00,42,18,4,1234,0,0.4,-1.4,0.9,0,0,0,0,0,1,0,0,1,0
2024-01-16 18:00:00,52,19,3,595,0,0.4,-1.4,0.9,0,0,0,0,0,1,0,0,1,0
2024-01-16 21:00:00,47,22,1,210,0,0.4,-1.4,0.9,0,0,0,0,0,1,0,0,1,0
2024-01-16 19:00:00,44,20,1,357,0,0.4,-1.4,0.9,0,0,0,0,0,1,0,0,1,0
2024-01-16 20:00:00,44,21,1,325,0,0.4,-1.4,0.9,0,0,0,0,0,1,0,0,1,0
2024-01-17 20:00:00,36,21,1,502,0,1.7,-3.8,0.0,0,0,0,0,0,0,1,0,1,0
2024-01-16 16:00:00,31,17,12,1495,0,0.4,-1.4,0.9,0,0,0,0,0,1,0,0,1,0
2024-01-16 10:00:00,14,11,12,1534,0,0.4,-1.4,0.9,0,0,0,0,0,1,0,0,1,0
2024-01-16 11:00:00,10,12,12,2053,0,0.4,-1.4,0.9,0,0,0,0,0,1,0,0,1,0
2024-01-16 09:00:00,27,10,11,1080,0,0.4,-1.4,0.9,0,0,0,0,0,1,0,0,1,0
2024-01-15 18:00:00,1,19,2,466,0,1.2,5.5,0.0,0,1,0,0,0,0,0,0,1,0
2024-01-15 00:00:00,26,1,1,39,0,1.2,5.5,0.0,0,1,0,0,0,0,0,0,1,0
2024-01-15 05:00:00,9,6,1,24,0,1.2,5.5,0.0,0,1,0,0,0,0,0,0,1,0
2024-01-15 20:00:00,2,21,1,175,0,1.2,5.5,0.0,0,1,0,0,0,0,0,0,1,0
2024-01-18 19:00:00,7,20,0,226,0,5.2,-3.2,0.0,0,0,0,0,1,0,0,0,1,0
2024-01-18 07:00:00,3,8,0,220,0,5.2,-3.2,0.0,0,0,0,0,1,0,0,0,1,0
2024-01-18 22:00:00,3,23,0,99,0,5.2,-3.2,0.0,0,0,0,0,1,0,0,0,1,0
2024-01-18 05:00:00,3,6,0,55,0,5.2,-3.2,0.0,0,0,0,0,1,0,0,0,1,0
2024-01-18 21:00:00,2,22,0,124,0,5.2,-3.2,0.0,0,0,0,0,1,0,0,0,1,0
2024-01-18 23:00:00,2,0,0,44,0,5.2,-3.2,0.0,0,0,0,0,1,0,0,0,1,0
2024-01-18 02:00:00,2,3,0,19,0,5.2,-3.2,0.0,0,0,0,0,1,0,0,0,1,0
2024-01-18 00:00:00,1,1,0,24,0,5.2,-3.2,0.0,0,0,0,0,1,0,0,0,1,0
2024-01-18 01:00:00,1,2,0,15,0,5.2,-3.2,0.0,0,0,0,0,1,0,0,0,1,0
2024-01-18 03:00:00,1,4,0,2,0,5.2,-3.2,0.0,0,0,0,0,1,0,0,0,1,0
2024-01-17 07:00:00,14,8,1,322,0,1.7,-3.8,0.0,0,0,0,0,0,0,1,0,1,0
2024-01-17 22:00:00,14,23,1,132,0,1.7,-3.8,0.0,0,0,0,0,0,0,1,0,1,0
2024-01-17 06:00:00,6,7,0,66,0,1.7,-3.8,0.0,0,0,0,0,0,0,1,0,1,0
2024-01-17 23:00:00,2,0,0,51,0,1.7,-3.8,0.0,0,0,0,0,0,0,1,0,1,0
2024-01-19 17:00:00,2,18,7,1448,0,8.7,5.5,1.2,1,0,0,0,0,0,0,0,1,0
2024-01-19 08:00:00,9,9,3,578,0,8.7,5.5,1.2,1,0,0,0,0,0,0,0,1,0
2024-01-17 02:00:00,2,3,0,6,0,1.7,-3.8,0.0,0,0,0,0,0,0,1,0,1,0
2024-01-17 05:00:00,1,6,0,39,0,1.7,-3.8,0.0,0,0,0,0,0,0,1,0,1,0
2024-01-17 00:00:00,2,1,1,26,0,1.7,-3.8,0.0,0,0,0,0,0,0,1,0,1,0
2024-01-19 09:00:00,18,10,2,1072,0,8.7,5.5,1.2,1,0,0,0,0,0,0,0,1,0
2024-01-17 04:00:00,1,5,0,7,0,1.7,-3.8,0.0,0,0,0,0,0,0,1,0,1,0
2024-01-17 19:00:00,52,20,0,648,0,1.7,-3.8,0.0,0,0,0,0,0,0,1,0,1,0
2024-01-17 21:00:00,34,22,0,351,0,1.7,-3.8,0.0,0,0,0,0,0,0,1,0,1,0
2024-01-17 03:00:00,0,4,0,5,0,1.7,-3.8,0.0,0,0,0,0,0,0,1,0,1,0
2024-01-17 01:00:00,0,2,0,2,0,1.7,-3.8,0.0,0,0,0,0,0,0,1,0,1,0
2024-01-19 19:00:00,1,20,2,359,0,8.7,5.5,1.2,1,0,0,0,0,0,0,0,1,0
2024-01-18 20:00:00,0,21,0,197,0,5.2,-3.2,0.0,0,0,0,0,1,0,0,0,1,0
2024-01-19 23:00:00,62,0,1,96,0,8.7,5.5,1.2,1,0,0,0,0,0,0,0,1,0
2024-01-18 06:00:00,0,7,0,43,0,5.2,-3.2,0.0,0,0,0,0,1,0,0,0,1,0
2024-01-18 04:00:00,0,5,0,11,0,5.2,-3.2,0.0,0,0,0,0,1,0,0,0,1,0
2024-01-18 17:00:00,9,18,2,1253,0,5.2,-3.2,0.0,0,0,0,0,1,0,0,0,1,0
2024-01-18 08:00:00,4,9,2,550,0,5.2,-3.2,0.0,0,0,0,0,1,0,0,0,1,0
2024-01-19 13:00:00,8,14,29,2012,0,8.7,5.5,1.2,1,0,0,0,0,0,0,0,1,0
2024-01-19 12:00:00,6,13,22,1534,0,8.7,5.5,1.2,1,0,0,0,0,0,0,0,1,0
2024-01-19 15:00:00,37,16,20,2513,0,8.7,5.5,1.2,1,0,0,0,0,0,0,0,1,0
2024-01-19 16:00:00,34,17,20,1951,0,8.7,5.5,1.2,1,0,0,0,0,0,0,0,1,0
2024-01-19 11:00:00,5,12,18,1584,0,8.7,5.5,1.2,1,0,0,0,0,0,0,0,1,0
2024-01-19 14:00:00,11,15,15,2366,0,8.7,5.5,1.2,1,0,0,0,0,0,0,0,1,0
2024-01-19 10:00:00,20,11,11,1595,0,8.7,5.5,1.2,1,0,0,0,0,0,0,0,1,0
2024-01-18 13:00:00,11,14,23,2406,0,5.2,-3.2,0.0,0,0,0,0,1,0,0,0,1,0
2024-01-18 12:00:00,13,13,19,2547,0,5.2,-3.2,0.0,0,0,0,0,1,0,0,0,1,0
2024-01-18 11:00:00,5,12,18,1913,0,5.2,-3.2,0.0,0,0,0,0,1,0,0,0,1,0
2024-01-18 09:00:00,24,10,5,1123,0,5.2,-3.2,0.0,0,0,0,0,1,0,0,0,1,0
2024-01-18 14:00:00,3,15,5,2227,0,5.2,-3.2,0.0,0,0,0,0,1,0,0,0,1,0
2024-01-18 10:00:00,21,11,4,1612,0,5.2,-3.2,0.0,0,0,0,0,1,0,0,0,1,0
2024-01-18 15:00:00,10,16,4,2211,0,5.2,-3.2,0.0,0,0,0,0,1,0,0,0,1,0
2024-01-18 18:00:00,6,19,1,297,0,5.2,-3.2,0.0,0,0,0,0,1,0,0,0,1,0
2024-01-18 16:00:00,6,17,3,1843,0,5.2,-3.2,0.0,0,0,0,0,1,0,0,0,1,0
2024-01-20 23:00:00,80,0,0,72,0,11.6,5.5,1.0,0,0,1,0,0,0,0,0,1,0
2024-01-20 22:00:00,77,23,0,260,0,11.6,5.5,1.0,0,0,1,0,0,0,0,0,1,0
2024-01-20 00:00:00,54,1,0,67,0,11.6,5.5,1.0,0,0,1,0,0,0,0,0,1,0
2024-01-19 22:00:00,64,23,0,311,0,8.7,5.5,1.2,1,0,0,0,0,0,0,0,1,0
2024-01-19 21:00:00,61,22,0,297,0,8.7,5.5,1.2,1,0,0,0,0,0,0,0,1,0
2024-01-19 18:00:00,5,19,0,470,0,8.7,5.5,1.2,1,0,0,0,0,0,0,0,1,0
2024-01-19 07:00:00,4,8,0,229,0,8.7,5.5,1.2,1,0,0,0,0,0,0,0,1,0
2024-01-19 04:00:00,2,5,0,9,0,8.7,5.5,1.2,1,0,0,0,0,0,0,0,1,0
2024-01-19 20:00:00,1,21,0,274,0,8.7,5.5,1.2,1,0,0,0,0,0,0,0,1,0
2024-01-19 05:00:00,1,6,0,51,0,8.7,5.5,1.2,1,0,0,0,0,0,0,0,1,0
2024-01-19 02:00:00,1,3,0,8,0,8.7,5.5,1.2,1,0,0,0,0,0,0,0,1,0
2024-01-19 00:00:00,0,1,0,44,0,8.7,5.5,1.2,1,0,0,0,0,0,0,0,1,0
2024-01-19 06:00:00,0,7,0,42,0,8.7,5.5,1.2,1,0,0,0,0,0,0,0,1,0
2024-01-19 01:00:00,0,2,0,8,0,8.7,5.5,1.2,1,0,0,0,0,0,0,0,1,0
2024-01-19 03:00:00,0,4,0,4,0,8.7,5.5,1.2,1,0,0,0,0,0,0,0,1,0
2024-01-20 12:00:00,43,13,31,3847,0,11.6,5.5,1.0,0,0,1,0,0,0,0,0,1,0
2024-01-20 08:00:00,13,9,0,459,0,11.6,5.5,1.0,0,0,1,0,0,0,0,0,1,0
2024-01-20 19:00:00,12,20,0,307,0,11.6,5.5,1.0,0,0,1,0,0,0,0,0,1,0
2024-01-20 02:00:00,10,3,0,38,0,11.6,5.5,1.0,0,0,1,0,0,0,0,0,1,0
2024-01-20 01:00:00,2,2,0,88,0,11.6,5.5,1.0,0,0,1,0,0,0,0,0,1,0
2024-01-20 07:00:00,2,8,0,59,0,11.6,5.5,1.0,0,0,1,0,0,0,0,0,1,0
2024-01-20 04:00:00,1,5,0,7,0,11.6,5.5,1.0,0,0,1,0,0,0,0,0,1,0
2024-01-20 05:00:00,0,6,0,31,0,11.6,5.5,1.0,0,0,1,0,0,0,0,0,1,0
2024-01-20 06:00:00,0,7,0,12,0,11.6,5.5,1.0,0,0,1,0,0,0,0,0,1,0
2024-01-21 14:00:00,9,15,19,1733,0,6.2,5.5,10.0,0,0,0,1,0,0,0,0,1,0
2024-01-21 12:00:00,5,13,18,1497,0,6.2,5.5,10.0,0,0,0,1,0,0,0,0,1,0
2024-01-20 20:00:00,50,21,1,539,0,11.6,5.5,1.0,0,0,1,0,0,0,0,0,1,0
2024-01-21 22:00:00,33,23,1,188,0,6.2,5.5,10.0,0,0,0,1,0,0,0,0,1,0
2024-01-20 03:00:00,4,4,1,53,0,11.6,5.5,1.0,0,0,1,0,0,0,0,0,1,0
2024-01-20 14:00:00,42,15,21,3284,0,11.6,5.5,1.0,0,0,1,0,0,0,0,0,1,0
2024-01-20 13:00:00,27,14,18,4134,0,11.6,5.5,1.0,0,0,1,0,0,0,0,0,1,0
2024-01-20 11:00:00,23,12,15,2894,0,11.6,5.5,1.0,0,0,1,0,0,0,0,0,1,0
2024-01-20 15:00:00,19,16,12,2918,0,11.6,5.5,1.0,0,0,1,0,0,0,0,0,1,0
2024-01-20 16:00:00,6,17,9,2065,0,11.6,5.5,1.0,0,0,1,0,0,0,0,0,1,0
2024-01-21 13:00:00,2,14,17,1743,0,6.2,5.5,10.0,0,0,0,1,0,0,0,0,1,0
2024-01-21 11:00:00,5,12,12,1072,0,6.2,5.5,10.0,0,0,0,1,0,0,0,0,1,0
2024-01-21 10:00:00,1,11,9,536,0,6.2,5.5,10.0,0,0,0,1,0,0,0,0,1,0
2024-01-21 09:00:00,2,10,8,187,0,6.2,5.5,10.0,0,0,0,1,0,0,0,0,1,0
2024-01-21 15:00:00,4,16,7,1399,0,6.2,5.5,10.0,0,0,0,1,0,0,0,0,1,0
2024-01-20 10:00:00,14,11,5,1796,0,11.6,5.5,1.0,0,0,1,0,0,0,0,0,1,0
2024-01-20 09:00:00,7,10,5,1072,0,11.6,5.5,1.0,0,0,1,0,0,0,0,0,1,0
2024-01-21 01:00:00,71,2,0,55,0,6.2,5.5,10.0,0,0,0,1,0,0,0,0,1,0
2024-01-21 00:00:00,70,1,0,133,0,6.2,5.5,10.0,0,0,0,1,0,0,0,0,1,0
2024-01-21 02:00:00,66,3,0,107,0,6.2,5.5,10.0,0,0,0,1,0,0,0,0,1,0
2024-01-21 03:00:00,51,4,0,86,0,6.2,5.5,10.0,0,0,0,1,0,0,0,0,1,0
2024-01-21 23:00:00,33,0,0,42,0,6.2,5.5,10.0,0,0,0,1,0,0,0,0,1,0
2024-01-21 21:00:00,32,22,0,243,0,6.2,5.5,10.0,0,0,0,1,0,0,0,0,1,0
2024-01-21 20:00:00,28,21,0,84,0,6.2,5.5,10.0,0,0,0,1,0,0,0,0,1,0
2024-01-21 04:00:00,24,5,0,15,0,6.2,5.5,10.0,0,0,0,1,0,0,0,0,1,0
2024-01-20 17:00:00,15,18,4,1273,0,11.6,5.5,1.0,0,0,1,0,0,0,0,0,1,0
2024-01-20 21:00:00,83,22,2,292,0,11.6,5.5,1.0,0,0,1,0,0,0,0,0,1,0
2024-01-20 18:00:00,14,19,2,526,0,11.6,5.5,1.0,0,0,1,0,0,0,0,0,1,0
2024-01-22 23:00:00,12,0,0,41,0,12.0,4.7,3.2,0,1,0,0,0,0,0,0,1,0
2024-01-22 01:00:00,11,2,0,13,0,12.0,4.7,3.2,0,1,0,0,0,0,0,0,1,0
2024-01-22 06:00:00,10,7,0,86,0,12.0,4.7,3.2,0,1,0,0,0,0,0,0,1,0
2024-01-22 20:00:00,6,21,0,228,0,12.0,4.7,3.2,0,1,0,0,0,0,0,0,1,0
2024-01-22 21:00:00,5,22,0,247,0,12.0,4.7,3.2,0,1,0,0,0,0,0,0,1,0
2024-01-22 04:00:00,5,5,0,3,0,12.0,4.7,3.2,0,1,0,0,0,0,0,0,1,0
2024-01-22 18:00:00,4,19,0,383,0,12.0,4.7,3.2,0,1,0,0,0,0,0,0,1,0
2024-01-22 02:00:00,2,3,0,4,0,12.0,4.7,3.2,0,1,0,0,0,0,0,0,1,0
2024-01-22 19:00:00,1,20,0,235,0,12.0,4.7,3.2,0,1,0,0,0,0,0,0,1,0
2024-01-22 03:00:00,0,4,0,4,0,12.0,4.7,3.2,0,1,0,0,0,0,0,0,1,0
2024-01-22 11:00:00,11,12,10,1820,0,12.0,4.7,3.2,0,1,0,0,0,0,0,0,1,0
2024-01-23 12:00:00,11,13,20,2100,0,10.3,4.7,12.3,0,0,0,0,0,1,0,0,1,0
2024-01-23 11:00:00,5,12,19,2009,0,10.3,4.7,12.3,0,0,0,0,0,1,0,0,1,0
2024-01-23 13:00:00,17,14,17,1818,0,10.3,4.7,12.3,0,0,0,0,0,1,0,0,1,0
2024-01-23 09:00:00,15,10,13,1331,0,10.3,4.7,12.3,0,0,0,0,0,1,0,0,1,0
2024-01-22 00:00:00,21,1,0,36,0,12.0,4.7,3.2,0,1,0,0,0,0,0,0,1,0
2024-01-22 05:00:00,19,6,0,57,0,12.0,4.7,3.2,0,1,0,0,0,0,0,0,1,0
2024-01-22 10:00:00,5,11,3,1510,0,12.0,4.7,3.2,0,1,0,0,0,0,0,0,1,0
2024-01-23 10:00:00,18,11,8,1744,0,10.3,4.7,12.3,0,0,0,0,0,1,0,0,1,0
2024-01-22 17:00:00,2,18,7,1257,0,12.0,4.7,3.2,0,1,0,0,0,0,0,0,1,0
2024-01-22 13:00:00,9,14,2,1586,0,12.0,4.7,3.2,0,1,0,0,0,0,0,0,1,0
2024-01-22 08:00:00,4,9,2,559,0,12.0,4.7,3.2,0,1,0,0,0,0,0,0,1,0
2024-01-22 22:00:00,40,23,1,262,0,12.0,4.7,3.2,0,1,0,0,0,0,0,0,1,0
2024-01-22 07:00:00,5,8,1,184,0,12.0,4.7,3.2,0,1,0,0,0,0,0,0,1,0
2024-01-22 16:00:00,12,17,6,1735,0,12.0,4.7,3.2,0,1,0,0,0,0,0,0,1,0
2024-01-23 16:00:00,10,17,2,1354,0,10.3,4.7,12.3,0,0,0,0,0,1,0,0,1,0
2024-01-23 17:00:00,10,18,2,971,0,10.3,4.7,12.3,0,0,0,0,0,1,0,0,1,0
2024-01-23 15:00:00,14,16,5,1317,0,10.3,4.7,12.3,0,0,0,0,0,1,0,0,1,0
2024-01-23 08:00:00,4,9,4,629,0,10.3,4.7,12.3,0,0,0,0,0,1,0,0,1,0
2024-01-21 16:00:00,6,17,0,863,0,6.2,5.5,10.0,0,0,0,1,0,0,0,0,1,0
2024-01-23 00:00:00,22,1,0,26,0,10.3,4.7,12.3,0,0,0,0,0,1,0,0,1,0
2024-01-23 02:00:00,17,3,0,7,0,10.3,4.7,12.3,0,0,0,0,0,1,0,0,1,0
2024-01-23 01:00:00,16,2,0,8,0,10.3,4.7,12.3,0,0,0,0,0,1,0,0,1,0
2024-01-23 06:00:00,9,7,0,142,0,10.3,4.7,12.3,0,0,0,0,0,1,0,0,1,0
2024-01-23 20:00:00,6,21,0,214,0,10.3,4.7,12.3,0,0,0,0,0,1,0,0,1,0
2024-01-23 07:00:00,5,8,0,230,0,10.3,4.7,12.3,0,0,0,0,0,1,0,0,1,0
2024-01-21 08:00:00,4,9,0,65,0,6.2,5.5,10.0,0,0,0,1,0,0,0,0,1,0
2024-01-21 17:00:00,3,18,0,399,0,6.2,5.5,10.0,0,0,0,1,0,0,0,0,1,0
2024-01-21 07:00:00,3,8,0,37,0,6.2,5.5,10.0,0,0,0,1,0,0,0,0,1,0
2024-01-22 09:00:00,7,10,4,1035,0,12.0,4.7,3.2,0,1,0,0,0,0,0,0,1,0
2024-01-21 18:00:00,2,19,0,236,0,6.2,5.5,10.0,0,0,0,1,0,0,0,0,1,0
2024-01-21 19:00:00,2,20,0,205,0,6.2,5.5,10.0,0,0,0,1,0,0,0,0,1,0
2024-01-21 05:00:00,1,6,0,6,0,6.2,5.5,10.0,0,0,0,1,0,0,0,0,1,0
2024-01-21 06:00:00,0,7,0,19,0,6.2,5.5,10.0,0,0,0,1,0,0,0,0,1,0
2024-01-23 14:00:00,11,15,3,1172,0,10.3,4.7,12.3,0,0,0,0,0,1,0,0,1,0
2024-01-22 12:00:00,22,13,18,1762,0,12.0,4.7,3.2,0,1,0,0,0,0,0,0,1,0
2024-01-22 15:00:00,11,16,18,1775,0,12.0,4.7,3.2,0,1,0,0,0,0,0,0,1,0
2024-01-22 14:00:00,6,15,15,1834,0,12.0,4.7,3.2,0,1,0,0,0,0,0,0,1,0
2024-01-23 18:00:00,4,19,1,470,0,10.3,4.7,12.3,0,0,0,0,0,1,0,0,1,0
2024-01-25 13:00:00,17,14,11,2423,0,8.5,3.2,4.6,0,0,0,0,1,0,0,0,1,0
2024-01-25 08:00:00,6,9,11,681,0,8.5,3.2,4.6,0,0,0,0,1,0,0,0,1,0
2024-01-25 16:00:00,27,17,10,1966,0,8.5,3.2,4.6,0,0,0,0,1,0,0,0,1,0
2024-01-25 11:00:00,13,12,9,2492,0,8.5,3.2,4.6,0,0,0,0,1,0,0,0,1,0
2024-01-24 19:00:00,2,20,1,429,0,10.7,5.5,0.0,0,0,0,0,0,0,1,0,1,0
2024-01-23 19:00:00,4,20,0,305,0,10.3,4.7,12.3,0,0,0,0,0,1,0,0,1,0
2024-01-24 11:00:00,25,12,13,1858,0,10.7,5.5,0.0,0,0,0,0,0,0,1,0,1,0
2024-01-23 03:00:00,4,4,0,4,0,10.3,4.7,12.3,0,0,0,0,0,1,0,0,1,0
2024-01-23 23:00:00,3,0,0,37,0,10.3,4.7,12.3,0,0,0,0,0,1,0,0,1,0
2024-01-23 05:00:00,2,6,0,29,0,10.3,4.7,12.3,0,0,0,0,0,1,0,0,1,0
2024-01-23 04:00:00,2,5,0,9,0,10.3,4.7,12.3,0,0,0,0,0,1,0,0,1,0
2024-01-23 21:00:00,0,22,0,108,0,10.3,4.7,12.3,0,0,0,0,0,1,0,0,1,0
2024-01-23 22:00:00,0,23,0,58,0,10.3,4.7,12.3,0,0,0,0,0,1,0,0,1,0
2024-01-24 14:00:00,14,15,20,2670,0,10.7,5.5,0.0,0,0,0,0,0,0,1,0,1,0
2024-01-24 10:00:00,50,11,16,1521,0,10.7,5.5,0.0,0,0,0,0,0,0,1,0,1,0
2024-01-24 12:00:00,3,13,16,2076,0,10.7,5.5,0.0,0,0,0,0,0,0,1,0,1,0
2024-01-24 13:00:00,16,14,14,2227,0,10.7,5.5,0.0,0,0,0,0,0,0,1,0,1,0
2024-01-24 15:00:00,11,16,12,2864,0,10.7,5.5,0.0,0,0,0,0,0,0,1,0,1,0
2024-01-24 08:00:00,34,9,7,561,0,10.7,5.5,0.0,0,0,0,0,0,0,1,0,1,0
2024-01-24 09:00:00,34,10,6,842,0,10.7,5.5,0.0,0,0,0,0,0,0,1,0,1,0
2024-01-24 04:00:00,0,5,0,5,0,10.7,5.5,0.0,0,0,0,0,0,0,1,0,1,0
2024-01-24 01:00:00,0,2,0,1,0,10.7,5.5,0.0,0,0,0,0,0,0,1,0,1,0
2024-01-24 16:00:00,22,17,4,2322,0,10.7,5.5,0.0,0,0,0,0,0,0,1,0,1,0
2024-01-25 09:00:00,13,10,24,1281,0,8.5,3.2,4.6,0,0,0,0,1,0,0,0,1,0
2024-01-25 18:00:00,3,19,3,570,0,8.5,3.2,4.6,0,0,0,0,1,0,0,0,1,0
2024-01-25 17:00:00,1,18,3,1286,0,8.5,3.2,4.6,0,0,0,0,1,0,0,0,1,0
2024-01-25 14:00:00,18,15,22,2381,0,8.5,3.2,4.6,0,0,0,0,1,0,0,0,1,0
2024-01-25 10:00:00,17,11,19,2006,0,8.5,3.2,4.6,0,0,0,0,1,0,0,0,1,0
2024-01-25 12:00:00,8,13,19,2808,0,8.5,3.2,4.6,0,0,0,0,1,0,0,0,1,0
2024-01-25 00:00:00,0,1,2,49,0,8.5,3.2,4.6,0,0,0,0,1,0,0,0,1,0
2024-01-24 00:00:00,22,1,0,29,0,10.7,5.5,0.0,0,0,0,0,0,0,1,0,1,0
2024-01-24 23:00:00,4,0,0,56,0,10.7,5.5,0.0,0,0,0,0,0,0,1,0,1,0
2024-01-24 06:00:00,3,7,0,48,0,10.7,5.5,0.0,0,0,0,0,0,0,1,0,1,0
2024-01-24 02:00:00,3,3,0,7,0,10.7,5.5,0.0,0,0,0,0,0,0,1,0,1,0
2024-01-24 18:00:00,1,19,0,563,0,10.7,5.5,0.0,0,0,0,0,0,0,1,0,1,0
2024-01-24 21:00:00,1,22,0,177,0,10.7,5.5,0.0,0,0,0,0,0,0,1,0,1,0
2024-01-24 05:00:00,1,6,0,34,0,10.7,5.5,0.0,0,0,0,0,0,0,1,0,1,0
2024-01-24 03:00:00,1,4,0,14,0,10.7,5.5,0.0,0,0,0,0,0,0,1,0,1,0
2024-01-24 20:00:00,0,21,0,215,0,10.7,5.5,0.0,0,0,0,0,0,0,1,0,1,0
2024-01-24 22:00:00,0,23,0,118,0,10.7,5.5,0.0,0,0,0,0,0,0,1,0,1,0
2024-01-24 17:00:00,5,18,3,1421,0,10.7,5.5,0.0,0,0,0,0,0,0,1,0,1,0
2024-01-25 15:00:00,13,16,16,2314,0,8.5,3.2,4.6,0,0,0,0,1,0,0,0,1,0
2024-01-25 23:00:00,0,0,1,53,0,8.5,3.2,4.6,0,0,0,0,1,0,0,0,1,0
2024-01-24 07:00:00,16,8,2,200,0,10.7,5.5,0.0,0,0,0,0,0,0,1,0,1,0
2024-01-25 06:00:00,5,7,0,58,0,8.5,3.2,4.6,0,0,0,0,1,0,0,0,1,0
2024-01-25 05:00:00,3,6,0,31,0,8.5,3.2,4.6,0,0,0,0,1,0,0,0,1,0
2024-01-25 19:00:00,2,20,0,327,0,8.5,3.2,4.6,0,0,0,0,1,0,0,0,1,0
2024-01-25 07:00:00,2,8,0,176,0,8.5,3.2,4.6,0,0,0,0,1,0,0,0,1,0
2024-01-25 02:00:00,2,3,0,19,0,8.5,3.2,4.6,0,0,0,0,1,0,0,0,1,0
2024-01-25 20:00:00,1,21,0,222,0,8.5,3.2,4.6,0,0,0,0,1,0,0,0,1,0
2024-01-25 21:00:00,1,22,0,135,0,8.5,3.2,4.6,0,0,0,0,1,0,0,0,1,0
2024-01-25 22:00:00,0,23,0,116,0,8.5,3.2,4.6,0,0,0,0,1,0,0,0,1,0
2024-01-25 01:00:00,0,2,0,13,0,8.5,3.2,4.6,0,0,0,0,1,0,0,0,1,0
2024-01-25 03:00:00,0,4,0,7,0,8.5,3.2,4.6,0,0,0,0,1,0,0,0,1,0
2024-01-25 04:00:00,0,5,0,6,0,8.5,3.2,4.6,0,0,0,0,1,0,0,0,1,0
2024-01-26 11:00:00,16,12,28,2542,0,9.7,5.5,0.0,1,0,0,0,0,0,0,0,1,0
2024-01-26 12:00:00,17,13,18,2653,0,9.7,5.5,0.0,1,0,0,0,0,0,0,0,1,0
2024-01-26 15:00:00,9,16,16,2641,0,9.7,5.5,0.0,1,0,0,0,0,0,0,0,1,0
2024-01-27 15:00:00,11,16,20,2796,0,11.3,5.5,0.0,0,0,1,0,0,0,0,0,1,0
2024-01-27 19:00:00,76,20,19,510,0,11.3,5.5,0.0,0,0,1,0,0,0,0,0,1,0
2024-01-26 16:00:00,12,17,10,2266,0,9.7,5.5,0.0,1,0,0,0,0,0,0,0,1,0
2024-01-27 11:00:00,61,12,18,4001,0,11.3,5.5,0.0,0,0,1,0,0,0,0,0,1,0
2024-01-27 08:00:00,34,9,3,570,0,11.3,5.5,0.0,0,0,1,0,0,0,0,0,1,0
2024-01-27 16:00:00,2,17,3,2197,0,11.3,5.5,0.0,0,0,1,0,0,0,0,0,1,0
2024-01-27 22:00:00,93,23,1,227,0,11.3,5.5,0.0,0,0,1,0,0,0,0,0,1,0
2024-01-28 13:00:00,6,14,36,1959,0,5.7,5.5,0.0,0,0,0,1,0,0,0,0,1,0
2024-01-27 18:00:00,54,19,16,644,0,11.3,5.5,0.0,0,0,1,0,0,0,0,0,1,0
2024-01-27 14:00:00,28,15,15,3255,0,11.3,5.5,0.0,0,0,1,0,0,0,0,0,1,0
2024-01-27 20:00:00,74,21,13,527,0,11.3,5.5,0.0,0,0,1,0,0,0,0,0,1,0
2024-01-27 10:00:00,53,11,9,2957,0,11.3,5.5,0.0,0,0,1,0,0,0,0,0,1,0
2024-01-27 21:00:00,54,22,7,328,0,11.3,5.5,0.0,0,0,1,0,0,0,0,0,1,0
2024-01-27 17:00:00,1,18,7,1438,0,11.3,5.5,0.0,0,0,1,0,0,0,0,0,1,0
2024-01-27 09:00:00,44,10,6,1390,0,11.3,5.5,0.0,0,0,1,0,0,0,0,0,1,0
2024-01-26 14:00:00,8,15,9,1756,0,9.7,5.5,0.0,1,0,0,0,0,0,0,0,1,0
2024-01-26 19:00:00,3,20,2,372,0,9.7,5.5,0.0,1,0,0,0,0,0,0,0,1,0
2024-01-26 17:00:00,2,18,2,1385,0,9.7,5.5,0.0,1,0,0,0,0,0,0,0,1,0
2024-01-28 12:00:00,7,13,24,1708,0,5.7,5.5,0.0,0,0,0,1,0,0,0,0,1,0
2024-01-28 11:00:00,4,12,21,1351,0,5.7,5.5,0.0,0,0,0,1,0,0,0,0,1,0
2024-01-28 10:00:00,8,11,19,800,0,5.7,5.5,0.0,0,0,0,1,0,0,0,0,1,0
2024-01-28 14:00:00,10,15,13,2388,0,5.7,5.5,0.0,0,0,0,1,0,0,0,0,1,0
2024-01-27 23:00:00,94,0,0,174,0,11.3,5.5,0.0,0,0,1,0,0,0,0,0,1,0
2024-01-26 10:00:00,17,11,7,2074,0,9.7,5.5,0.0,1,0,0,0,0,0,0,0,1,0
2024-01-26 22:00:00,27,23,1,184,0,9.7,5.5,0.0,1,0,0,0,0,0,0,0,1,0
2024-01-27 00:00:00,72,1,0,142,0,11.3,5.5,0.0,0,0,1,0,0,0,0,0,1,0
2024-01-26 07:00:00,7,8,1,197,0,9.7,5.5,0.0,1,0,0,0,0,0,0,0,1,0
2024-01-27 01:00:00,68,2,0,88,0,11.3,5.5,0.0,0,0,1,0,0,0,0,0,1,0
2024-01-26 18:00:00,1,19,1,545,0,9.7,5.5,0.0,1,0,0,0,0,0,0,0,1,0
2024-01-26 00:00:00,0,1,1,24,0,9.7,5.5,0.0,1,0,0,0,0,0,0,0,1,0
2024-01-27 02:00:00,49,3,0,76,0,11.3,5.5,0.0,0,0,1,0,0,0,0,0,1,0
2024-01-26 09:00:00,18,10,5,1351,0,9.7,5.5,0.0,1,0,0,0,0,0,0,0,1,0
2024-01-26 08:00:00,6,9,5,657,0,9.7,5.5,0.0,1,0,0,0,0,0,0,0,1,0
2024-01-26 13:00:00,3,14,5,1792,0,9.7,5.5,0.0,1,0,0,0,0,0,0,0,1,0
2024-01-27 03:00:00,40,4,0,103,0,11.3,5.5,0.0,0,0,1,0,0,0,0,0,1,0
2024-01-27 07:00:00,32,8,0,104,0,11.3,5.5,0.0,0,0,1,0,0,0,0,0,1,0
2024-01-26 23:00:00,80,0,0,171,0,9.7,5.5,0.0,1,0,0,0,0,0,0,0,1,0
2024-01-27 06:00:00,19,7,0,46,0,11.3,5.5,0.0,0,0,1,0,0,0,0,0,1,0
2024-01-27 05:00:00,18,6,0,43,0,11.3,5.5,0.0,0,0,1,0,0,0,0,0,1,0
2024-01-27 04:00:00,13,5,0,18,0,11.3,5.5,0.0,0,0,1,0,0,0,0,0,1,0
2024-01-26 20:00:00,1,21,3,270,0,9.7,5.5,0.0,1,0,0,0,0,0,0,0,1,0
2024-01-26 06:00:00,4,7,0,114,0,9.7,5.5,0.0,1,0,0,0,0,0,0,0,1,0
2024-01-26 02:00:00,3,3,0,25,0,9.7,5.5,0.0,1,0,0,0,0,0,0,0,1,0
2024-01-26 21:00:00,1,22,0,197,0,9.7,5.5,0.0,1,0,0,0,0,0,0,0,1,0
2024-01-26 05:00:00,1,6,0,42,0,9.7,5.5,0.0,1,0,0,0,0,0,0,0,1,0
2024-01-26 01:00:00,1,2,0,8,0,9.7,5.5,0.0,1,0,0,0,0,0,0,0,1,0
2024-01-26 03:00:00,1,4,0,4,0,9.7,5.5,0.0,1,0,0,0,0,0,0,0,1,0
2024-01-26 04:00:00,0,5,0,11,0,9.7,5.5,0.0,1,0,0,0,0,0,0,0,1,0
2024-01-27 13:00:00,42,14,38,4814,0,11.3,5.5,0.0,0,0,1,0,0,0,0,0,1,0
2024-01-27 12:00:00,40,13,26,4446,0,11.3,5.5,0.0,0,0,1,0,0,0,0,0,1,0
2024-01-28 01:00:00,59,2,0,189,0,5.7,5.5,0.0,0,0,0,1,0,0,0,0,1,0
2024-01-28 22:00:00,45,23,0,201,0,5.7,5.5,0.0,0,0,0,1,0,0,0,0,1,0
2024-01-28 04:00:00,38,5,0,14,0,5.7,5.5,0.0,0,0,0,1,0,0,0,0,1,0
2024-01-28 21:00:00,33,22,0,251,0,5.7,5.5,0.0,0,0,0,1,0,0,0,0,1,0
2024-01-28 23:00:00,6,0,0,60,0,5.7,5.5,0.0,0,0,0,1,0,0,0,0,1,0
2024-01-28 07:00:00,3,8,0,37,0,5.7,5.5,0.0,0,0,0,1,0,0,0,0,1,0
2024-01-28 06:00:00,0,7,0,27,0,5.7,5.5,0.0,0,0,0,1,0,0,0,0,1,0
2024-01-28 05:00:00,0,6,0,13,0,5.7,5.5,0.0,0,0,0,1,0,0,0,0,1,0
2024-01-29 13:00:00,17,14,24,2286,0,7.4,5.5,0.0,0,1,0,0,0,0,0,0,1,0
2024-01-29 10:00:00,19,11,22,1815,0,7.4,5.5,0.0,0,1,0,0,0,0,0,0,1,0
2024-01-29 11:00:00,28,12,8,2318,0,7.4,5.5,0.0,0,1,0,0,0,0,0,0,1,0
2024-01-28 02:00:00,79,3,3,147,0,5.7,5.5,0.0,0,0,0,1,0,0,0,0,1,0
2024-01-28 15:00:00,5,16,10,1905,0,5.7,5.5,0.0,0,0,0,1,0,0,0,0,1,0
2024-01-28 09:00:00,1,10,6,243,0,5.7,5.5,0.0,0,0,0,1,0,0,0,0,1,0
2024-01-28 17:00:00,46,18,5,964,0,5.7,5.5,0.0,0,0,0,1,0,0,0,0,1,0
2024-01-30 09:00:00,25,10,10,1372,0,8.7,5.5,0.0,0,0,0,0,0,1,0,0,1,0
2024-01-30 10:00:00,6,11,9,1945,0,8.7,5.5,0.0,0,0,0,0,0,1,0,0,1,0
2024-01-30 15:00:00,12,16,8,2021,0,8.7,5.5,0.0,0,0,0,0,0,1,0,0,1,0
2024-01-30 11:00:00,7,12,8,2308,0,8.7,5.5,0.0,0,0,0,0,0,1,0,0,1,0
2024-01-30 16:00:00,4,17,7,1831,0,8.7,5.5,0.0,0,0,0,0,0,1,0,0,1,0
2024-01-29 14:00:00,11,15,8,2332,0,7.4,5.5,0.0,0,1,0,0,0,0,0,0,1,0
2024-01-29 12:00:00,16,13,20,2843,0,7.4,5.5,0.0,0,1,0,0,0,0,0,0,1,0
2024-01-29 19:00:00,8,20,0,406,0,7.4,5.5,0.0,0,1,0,0,0,0,0,0,1,0
2024-01-29 15:00:00,14,16,18,2135,0,7.4,5.5,0.0,0,1,0,0,0,0,0,0,1,0
2024-01-29 16:00:00,7,17,6,1699,0,7.4,5.5,0.0,0,1,0,0,0,0,0,0,1,0
2024-01-29 06:00:00,5,7,0,59,0,7.4,5.5,0.0,0,1,0,0,0,0,0,0,1,0
2024-01-29 00:00:00,2,1,0,83,0,7.4,5.5,0.0,0,1,0,0,0,0,0,0,1,0
2024-01-29 05:00:00,2,6,0,45,0,7.4,5.5,0.0,0,1,0,0,0,0,0,0,1,0
2024-01-29 01:00:00,2,2,0,28,0,7.4,5.5,0.0,0,1,0,0,0,0,0,0,1,0
2024-01-28 19:00:00,45,20,2,408,0,5.7,5.5,0.0,0,0,0,1,0,0,0,0,1,0
2024-01-29 08:00:00,9,9,1,857,0,7.4,5.5,0.0,0,1,0,0,0,0,0,0,1,0
2024-01-29 04:00:00,2,5,0,11,0,7.4,5.5,0.0,0,1,0,0,0,0,0,0,1,0
2024-01-29 02:00:00,0,3,0,11,0,7.4,5.5,0.0,0,1,0,0,0,0,0,0,1,0
2024-01-30 13:00:00,16,14,27,2628,0,8.7,5.5,0.0,0,0,0,0,0,1,0,0,1,0
2024-01-30 12:00:00,16,13,25,2573,0,8.7,5.5,0.0,0,0,0,0,0,1,0,0,1,0
2024-01-30 14:00:00,7,15,20,2433,0,8.7,5.5,0.0,0,0,0,0,0,1,0,0,1,0
2024-01-29 20:00:00,22,21,3,407,0,7.4,5.5,0.0,0,1,0,0,0,0,0,0,1,0
2024-01-29 07:00:00,11,8,3,206,0,7.4,5.5,0.0,0,1,0,0,0,0,0,0,1,0
2024-01-29 09:00:00,29,10,11,1274,0,7.4,5.5,0.0,0,1,0,0,0,0,0,0,1,0
2024-01-28 16:00:00,4,17,2,1343,0,5.7,5.5,0.0,0,0,0,1,0,0,0,0,1,0
2024-01-28 08:00:00,2,9,2,90,0,5.7,5.5,0.0,0,0,0,1,0,0,0,0,1,0
2024-01-28 00:00:00,86,1,1,240,0,5.7,5.5,0.0,0,0,0,1,0,0,0,0,1,0
2024-01-28 20:00:00,54,21,1,418,0,5.7,5.5,0.0,0,0,0,1,0,0,0,0,1,0
2024-01-28 18:00:00,44,19,1,646,0,5.7,5.5,0.0,0,0,0,1,0,0,0,0,1,0
2024-01-28 03:00:00,40,4,1,136,0,5.7,5.5,0.0,0,0,0,1,0,0,0,0,1,0
2024-01-29 17:00:00,5,18,1,1294,0,7.4,5.5,0.0,0,1,0,0,0,0,0,0,1,0
2024-01-29 18:00:00,3,19,1,507,0,7.4,5.5,0.0,0,1,0,0,0,0,0,0,1,0
2024-01-29 03:00:00,2,4,1,7,0,7.4,5.5,0.0,0,1,0,0,0,0,0,0,1,0
2024-01-29 21:00:00,20,22,0,366,0,7.4,5.5,0.0,0,1,0,0,0,0,0,0,1,0
2024-01-29 22:00:00,18,23,0,160,0,7.4,5.5,0.0,0,1,0,0,0,0,0,0,1,0
2024-01-29 23:00:00,17,0,0,57,0,7.4,5.5,0.0,0,1,0,0,0,0,0,0,1,0
2024-01-31 20:00:00,45,21,0,516,0,11.2,5.5,2.1,0,0,0,0,0,0,1,0,1,0
2024-01-30 21:00:00,52,22,1,403,0,8.7,5.5,0.0,0,0,0,0,0,1,0,0,1,0
2024-01-31 00:00:00,27,1,0,37,0,11.2,5.5,2.1,0,0,0,0,0,0,1,0,1,0
2024-01-31 05:00:00,14,6,0,35,0,11.2,5.5,2.1,0,0,0,0,0,0,1,0,1,0
2024-01-31 01:00:00,14,2,0,22,0,11.2,5.5,2.1,0,0,0,0,0,0,1,0,1,0
2024-01-31 03:00:00,13,4,0,6,0,11.2,5.5,2.1,0,0,0,0,0,0,1,0,1,0
2024-01-31 19:00:00,11,20,0,382,0,11.2,5.5,2.1,0,0,0,0,0,0,1,0,1,0
2024-01-31 02:00:00,10,3,0,17,0,11.2,5.5,2.1,0,0,0,0,0,0,1,0,1,0
2024-01-31 04:00:00,6,5,0,11,0,11.2,5.5,2.1,0,0,0,0,0,0,1,0,1,0
2024-01-31 22:00:00,1,23,0,91,0,11.2,5.5,2.1,0,0,0,0,0,0,1,0,1,0
2024-01-31 23:00:00,0,0,0,47,0,11.2,5.5,2.1,0,0,0,0,0,0,1,0,1,0
2024-01-30 07:00:00,5,8,0,237,0,8.7,5.5,0.0,0,0,0,0,0,1,0,0,1,0
2024-01-30 06:00:00,3,7,0,74,0,8.7,5.5,0.0,0,0,0,0,0,1,0,0,1,0
2024-01-31 16:00:00,16,17,10,1741,0,11.2,5.5,2.1,0,0,0,0,0,0,1,0,1,0
2024-01-30 05:00:00,2,6,0,40,0,8.7,5.5,0.0,0,0,0,0,0,1,0,0,1,0
2024-01-30 22:00:00,37,23,1,258,0,8.7,5.5,0.0,0,0,0,0,0,1,0,0,1,0
2024-01-30 02:00:00,1,3,0,19,0,8.7,5.5,0.0,0,0,0,0,0,1,0,0,1,0
2024-01-30 23:00:00,37,0,1,68,0,8.7,5.5,0.0,0,0,0,0,0,1,0,0,1,0
2024-01-30 04:00:00,1,5,0,10,0,8.7,5.5,0.0,0,0,0,0,0,1,0,0,1,0
2024-01-30 03:00:00,0,4,0,16,0,8.7,5.5,0.0,0,0,0,0,0,1,0,0,1,0
2024-01-30 01:00:00,0,2,0,10,0,8.7,5.5,0.0,0,0,0,0,0,1,0,0,1,0
2024-01-31 21:00:00,45,22,1,341,0,11.2,5.5,2.1,0,0,0,0,0,0,1,0,1,0
2024-01-31 06:00:00,15,7,1,106,0,11.2,5.5,2.1,0,0,0,0,0,0,1,0,1,0
2024-01-31 08:00:00,8,9,1,649,0,11.2,5.5,2.1,0,0,0,0,0,0,1,0,1,0
2024-01-31 07:00:00,5,8,1,199,0,11.2,5.5,2.1,0,0,0,0,0,0,1,0,1,0
2024-01-31 17:00:00,3,18,1,1277,0,11.2,5.5,2.1,0,0,0,0,0,0,1,0,1,0
2024-01-31 18:00:00,3,19,1,461,0,11.2,5.5,2.1,0,0,0,0,0,0,1,0,1,0
2024-01-30 00:00:00,3,1,1,19,0,8.7,5.5,0.0,0,0,0,0,0,1,0,0,1,0
2024-01-30 18:00:00,1,19,1,468,0,8.7,5.5,0.0,0,0,0,0,0,1,0,0,1,0
2024-01-31 12:00:00,9,13,28,1961,0,11.2,5.5,2.1,0,0,0,0,0,0,1,0,1,0
2024-01-31 15:00:00,5,16,7,1645,0,11.2,5.5,2.1,0,0,0,0,0,0,1,0,1,0
2024-01-31 14:00:00,7,15,16,1823,0,11.2,5.5,2.1,0,0,0,0,0,0,1,0,1,0
2024-01-31 09:00:00,25,10,14,1135,0,11.2,5.5,2.1,0,0,0,0,0,0,1,0,1,0
2024-01-31 10:00:00,9,11,14,1484,0,11.2,5.5,2.1,0,0,0,0,0,0,1,0,1,0
2024-01-31 13:00:00,7,14,14,2101,0,11.2,5.5,2.1,0,0,0,0,0,0,1,0,1,0
2024-01-31 11:00:00,10,12,13,1962,0,11.2,5.5,2.1,0,0,0,0,0,0,1,0,1,0
2024-01-30 08:00:00,14,9,5,916,0,8.7,5.5,0.0,0,0,0,0,0,1,0,0,1,0
2024-01-30 20:00:00,37,21,3,422,0,8.7,5.5,0.0,0,0,0,0,0,1,0,0,1,0
2024-01-30 19:00:00,37,20,2,641,0,8.7,5.5,0.0,0,0,0,0,0,1,0,0,1,0
2024-01-30 17:00:00,3,18,2,1387,0,8.7,5.5,0.0,0,0,0,0,0,1,0,0,1,0
2024-03-05 12:00:00,16,13,39,2490,0,7.2,5.5,0.0,0,0,0,0,0,1,0,0,1,0
2024-03-01 12:00:00,13,13,65,3201,0,7.6,-1.6,2.2,1,0,0,0,0,0,0,0,1,0
2024-03-01 11:00:00,6,12,29,2466,0,7.6,-1.6,2.2,1,0,0,0,0,0,0,0,1,0
2024-03-02 10:00:00,18,11,28,1905,0,6.8,5.5,3.2,0,0,1,0,0,0,0,0,1,0
2024-03-31 11:00:00,4,12,28,991,0,8.8,1.4,0.1,0,0,0,1,0,0,0,0,1,0
2024-03-04 12:00:00,18,13,41,2573,0,9.9,-1.6,1.0,0,1,0,0,0,0,0,0,1,0
2024-03-16 12:00:00,22,13,35,2910,0,12.5,-0.6,9.2,0,0,1,0,0,0,0,0,1,0
2024-03-04 13:00:00,10,14,35,2365,0,9.9,-1.6,1.0,0,1,0,0,0,0,0,0,1,0
2024-03-22 11:00:00,6,12,35,2112,0,11.3,4.4,0.0,1,0,0,0,0,0,0,0,1,0
2024-03-05 13:00:00,9,14,34,2583,0,7.2,5.5,0.0,0,0,0,0,0,1,0,0,1,0
2024-03-05 11:00:00,13,12,31,2196,0,7.2,5.5,0.0,0,0,0,0,0,1,0,0,1,0
2024-03-18 13:00:00,20,14,33,2342,0,14.1,6.1,2.3,0,1,0,0,0,0,0,0,1,0
2024-03-04 14:00:00,13,15,33,1853,0,9.9,-1.6,1.0,0,1,0,0,0,0,0,0,1,0
2024-03-31 13:00:00,13,14,30,1678,0,8.8,1.4,0.1,0,0,0,1,0,0,0,0,1,0
2024-03-22 10:00:00,12,11,30,1866,0,11.3,4.4,0.0,1,0,0,0,0,0,0,0,1,0
2024-03-19 15:00:00,12,16,32,2001,0,7.8,8.5,0.0,0,0,0,0,0,1,0,0,1,0
2024-03-22 12:00:00,15,13,27,2447,0,11.3,4.4,0.0,1,0,0,0,0,0,0,0,1,0
2024-03-01 10:00:00,21,11,24,1951,0,7.6,-1.6,2.2,1,0,0,0,0,0,0,0,1,0
2024-03-04 11:00:00,16,12,24,2195,0,9.9,-1.6,1.0,0,1,0,0,0,0,0,0,1,0
2024-03-04 10:00:00,15,11,24,1760,0,9.9,-1.6,1.0,0,1,0,0,0,0,0,0,1,0
2024-03-05 14:00:00,9,15,24,2175,0,7.2,5.5,0.0,0,0,0,0,0,1,0,0,1,0
2024-03-26 13:00:00,17,14,25,2574,0,7.8,1.5,6.1,0,0,0,0,0,1,0,0,1,0
2024-03-13 13:00:00,8,14,25,2158,0,7.0,5.9,1.4,0,0,0,0,0,0,1,0,1,0
2024-03-31 16:00:00,7,17,25,918,0,8.8,1.4,0.1,0,0,0,1,0,0,0,0,1,0
2024-03-07 14:00:00,16,15,22,2588,0,6.5,5.5,1.5,0,0,0,0,1,0,0,0,1,0
2024-03-14 11:00:00,15,12,22,1525,0,9.2,3.8,15.0,0,0,0,0,1,0,0,0,1,0
2024-03-16 11:00:00,13,12,22,2774,0,12.5,-0.6,9.2,0,0,1,0,0,0,0,0,1,0
2024-03-14 12:00:00,12,13,22,1749,0,9.2,3.8,15.0,0,0,0,0,1,0,0,0,1,0
2024-03-19 14:00:00,12,15,22,2215,0,7.8,8.5,0.0,0,0,0,0,0,1,0,0,1,0
2024-03-19 11:00:00,22,12,21,1777,0,7.8,8.5,0.0,0,0,0,0,0,1,0,0,1,0
2024-03-13 12:00:00,10,13,22,2963,0,7.0,5.9,1.4,0,0,0,0,0,0,1,0,1,0
2024-03-20 15:00:00,17,16,21,1853,0,12.3,6.2,0.0,0,0,0,0,0,0,1,0,1,0
2024-03-12 11:00:00,12,12,21,1939,0,11.2,5.1,1.8,0,0,0,0,0,1,0,0,1,0
2024-03-02 11:00:00,8,12,21,2883,0,6.8,5.5,3.2,0,0,1,0,0,0,0,0,1,0
2024-03-22 16:00:00,7,17,21,1635,0,11.3,4.4,0.0,1,0,0,0,0,0,0,0,1,0
2024-03-23 16:00:00,4,17,21,1776,0,12.1,5.0,0.0,0,0,1,0,0,0,0,0,1,0
2024-03-16 13:00:00,8,14,22,3509,0,12.5,-0.6,9.2,0,0,1,0,0,0,0,0,1,0
2024-03-10 16:00:00,6,17,22,1078,0,6.3,5.5,0.6,0,0,0,1,0,0,0,0,1,0
2024-03-22 09:00:00,4,10,22,1131,0,11.3,4.4,0.0,1,0,0,0,0,0,0,0,1,0
2024-03-06 15:00:00,16,16,23,1997,0,8.1,5.7,0.6,0,0,0,0,0,0,1,0,1,0
2024-03-04 15:00:00,15,16,23,1778,0,9.9,-1.6,1.0,0,1,0,0,0,0,0,0,1,0
2024-03-11 16:00:00,15,17,23,1565,0,11.0,4.2,0.2,0,1,0,0,0,0,0,0,1,0
2024-03-02 12:00:00,10,13,23,3228,0,6.8,5.5,3.2,0,0,1,0,0,0,0,0,1,0
2024-03-04 16:00:00,6,17,23,1669,0,9.9,-1.6,1.0,0,1,0,0,0,0,0,0,1,0
2024-03-21 19:00:00,32,20,20,359,0,11.3,3.2,0.3,0,0,0,0,1,0,0,0,1,0
2024-03-05 16:00:00,3,17,20,1687,0,7.2,5.5,0.0,0,0,0,0,0,1,0,0,1,0
2024-03-22 19:00:00,39,20,19,489,0,11.3,4.4,0.0,1,0,0,0,0,0,0,0,1,0
2024-03-09 11:00:00,33,12,19,3810,0,6.3,5.5,0.0,0,0,1,0,0,0,0,0,1,0
2024-03-26 10:00:00,16,11,19,1798,0,7.8,1.5,6.1,0,0,0,0,0,1,0,0,1,0
2024-03-06 16:00:00,14,17,19,1860,0,8.1,5.7,0.6,0,0,0,0,0,0,1,0,1,0
2024-03-06 09:00:00,14,10,19,995,0,8.1,5.7,0.6,0,0,0,0,0,0,1,0,1,0
2024-03-19 13:00:00,10,14,19,2588,0,7.8,8.5,0.0,0,0,0,0,0,1,0,0,1,0
2024-03-23 13:00:00,8,14,19,3470,0,12.1,5.0,0.0,0,0,1,0,0,0,0,0,1,0
2024-03-07 15:00:00,8,16,19,2281,0,6.5,5.5,1.5,0,0,0,0,1,0,0,0,1,0
2024-03-27 17:00:00,8,18,19,954,0,9.1,1.4,5.9,0,0,0,0,0,0,1,0,1,0
2024-03-01 15:00:00,6,16,19,2164,0,7.6,-1.6,2.2,1,0,0,0,0,0,0,0,1,0
2024-03-31 14:00:00,5,15,19,1566,0,8.8,1.4,0.1,0,0,0,1,0,0,0,0,1,0
2024-03-05 15:00:00,2,16,19,1795,0,7.2,5.5,0.0,0,0,0,0,0,1,0,0,1,0
2024-03-15 09:00:00,23,10,15,1349,0,8.4,3.8,2.1,1,0,0,0,0,0,0,0,1,0
2024-03-02 14:00:00,19,15,15,3557,0,6.8,5.5,3.2,0,0,1,0,0,0,0,0,1,0
2024-03-25 14:00:00,17,15,15,1626,0,7.4,4.0,15.2,0,1,0,0,0,0,0,0,1,0
2024-03-27 09:00:00,17,10,15,774,0,9.1,1.4,5.9,0,0,0,0,0,0,1,0,1,0
2024-03-20 11:00:00,14,12,15,2058,0,12.3,6.2,0.0,0,0,0,0,0,0,1,0,1,0
2024-03-01 16:00:00,13,17,15,1928,0,7.6,-1.6,2.2,1,0,0,0,0,0,0,0,1,0
2024-03-18 11:00:00,13,12,15,2149,0,14.1,6.1,2.3,0,1,0,0,0,0,0,0,1,0
2024-03-25 13:00:00,12,14,15,2032,0,7.4,4.0,15.2,0,1,0,0,0,0,0,0,1,0
2024-03-23 12:00:00,12,13,15,2944,0,12.1,5.0,0.0,0,0,1,0,0,0,0,0,1,0
2024-03-12 15:00:00,10,16,15,1803,0,11.2,5.1,1.8,0,0,0,0,0,1,0,0,1,0
2024-03-10 14:00:00,9,15,15,1627,0,6.3,5.5,0.6,0,0,0,1,0,0,0,0,1,0
2024-03-21 17:00:00,8,18,15,1180,0,11.3,3.2,0.3,0,0,0,0,1,0,0,0,1,0
2024-03-26 16:00:00,8,17,15,1679,0,7.8,1.5,6.1,0,0,0,0,0,1,0,0,1,0
2024-03-26 17:00:00,8,18,15,1091,0,7.8,1.5,6.1,0,0,0,0,0,1,0,0,1,0
2024-03-08 11:00:00,7,12,15,2028,0,6.2,3.6,0.0,1,0,0,0,0,0,0,0,1,0
2024-03-19 16:00:00,7,17,15,1762,0,7.8,8.5,0.0,0,0,0,0,0,1,0,0,1,0
2024-03-22 17:00:00,3,18,15,1158,0,11.3,4.4,0.0,1,0,0,0,0,0,0,0,1,0
2024-03-23 11:00:00,9,12,16,2633,0,12.1,5.0,0.0,0,0,1,0,0,0,0,0,1,0
2024-03-06 10:00:00,17,11,17,1606,0,8.1,5.7,0.6,0,0,0,0,0,0,1,0,1,0
2024-03-22 13:00:00,15,14,17,2429,0,11.3,4.4,0.0,1,0,0,0,0,0,0,0,1,0
2024-03-04 09:00:00,15,10,17,1228,0,9.9,-1.6,1.0,0,1,0,0,0,0,0,0,1,0
2024-03-12 13:00:00,9,14,16,2450,0,11.2,5.1,1.8,0,0,0,0,0,1,0,0,1,0
2024-03-24 14:00:00,8,15,16,1573,0,6.5,5.0,0.0,0,0,0,1,0,0,0,0,1,0
2024-03-20 12:00:00,15,13,17,2097,0,12.3,6.2,0.0,0,0,0,0,0,0,1,0,1,0
2024-03-29 15:00:00,6,16,16,3083,1,12.0,4.8,0.0,1,0,0,0,0,0,0,0,1,0
2024-03-15 11:00:00,14,12,17,2056,0,8.4,3.8,2.1,1,0,0,0,0,0,0,0,1,0
2024-03-22 14:00:00,6,15,16,2267,0,11.3,4.4,0.0,1,0,0,0,0,0,0,0,1,0
2024-03-13 16:00:00,13,17,17,1748,0,7.0,5.9,1.4,0,0,0,0,0,0,1,0,1,0
2024-03-18 16:00:00,5,17,16,1676,0,14.1,6.1,2.3,0,1,0,0,0,0,0,0,1,0
2024-03-01 13:00:00,11,14,17,3271,0,7.6,-1.6,2.2,1,0,0,0,0,0,0,0,1,0
2024-03-16 14:00:00,4,15,16,3403,0,12.5,-0.6,9.2,0,0,1,0,0,0,0,0,1,0
2024-03-31 15:00:00,4,16,16,1446,0,8.8,1.4,0.1,0,0,0,1,0,0,0,0,1,0
2024-03-10 15:00:00,2,16,16,1484,0,6.3,5.5,0.6,0,0,0,1,0,0,0,0,1,0
2024-03-23 09:00:00,9,10,17,1008,0,12.1,5.0,0.0,0,0,1,0,0,0,0,0,1,0
2024-03-31 12:00:00,8,13,17,1201,0,8.8,1.4,0.1,0,0,0,1,0,0,0,0,1,0
2024-03-06 08:00:00,8,9,17,533,0,8.1,5.7,0.6,0,0,0,0,0,0,1,0,1,0
2024-03-18 14:00:00,36,15,18,2195,0,14.1,6.1,2.3,0,1,0,0,0,0,0,0,1,0
2024-03-11 15:00:00,35,16,18,1823,0,11.0,4.2,0.2,0,1,0,0,0,0,0,0,1,0
2024-03-14 10:00:00,80,11,16,1821,0,9.2,3.8,15.0,0,0,0,0,1,0,0,0,1,0
2024-03-09 13:00:00,51,14,16,5067,0,6.3,5.5,0.0,0,0,1,0,0,0,0,0,1,0
2024-03-11 12:00:00,22,13,16,2566,0,11.0,4.2,0.2,0,1,0,0,0,0,0,0,1,0
2024-03-29 13:00:00,17,14,16,3044,1,12.0,4.8,0.0,1,0,0,0,0,0,0,0,1,0
2024-03-02 07:00:00,17,8,16,496,0,6.8,5.5,3.2,0,0,1,0,0,0,0,0,1,0
2024-03-02 15:00:00,15,16,16,3622,0,6.8,5.5,3.2,0,0,1,0,0,0,0,0,1,0
2024-03-28 16:00:00,14,17,16,1807,0,10.2,2.1,4.5,0,0,0,0,1,0,0,0,1,0
2024-03-18 12:00:00,11,13,16,2700,0,14.1,6.1,2.3,0,1,0,0,0,0,0,0,1,0
2024-03-10 13:00:00,10,14,16,1568,0,6.3,5.5,0.6,0,0,0,1,0,0,0,0,1,0
2024-03-18 10:00:00,9,11,16,1669,0,14.1,6.1,2.3,0,1,0,0,0,0,0,0,1,0
2024-03-09 10:00:00,29,11,18,2532,0,6.3,5.5,0.0,0,0,1,0,0,0,0,0,1,0
2024-03-11 10:00:00,54,11,15,1986,0,11.0,4.2,0.2,0,1,0,0,0,0,0,0,1,0
2024-03-09 18:00:00,52,19,15,856,0,6.3,5.5,0.0,0,0,1,0,0,0,0,0,1,0
2024-03-11 14:00:00,41,15,15,2383,0,11.0,4.2,0.2,0,1,0,0,0,0,0,0,1,0
2024-03-27 12:00:00,15,13,18,1572,0,9.1,1.4,5.9,0,0,0,0,0,0,1,0,1,0
2024-03-01 09:00:00,13,10,18,1339,0,7.6,-1.6,2.2,1,0,0,0,0,0,0,0,1,0
2024-03-09 16:00:00,13,17,18,2212,0,6.3,5.5,0.0,0,0,1,0,0,0,0,0,1,0
2024-03-23 10:00:00,12,11,18,1902,0,12.1,5.0,0.0,0,0,1,0,0,0,0,0,1,0
2024-03-06 13:00:00,48,14,17,1955,0,8.1,5.7,0.6,0,0,0,0,0,0,1,0,1,0
2024-03-19 12:00:00,12,13,18,1818,0,7.8,8.5,0.0,0,0,0,0,0,1,0,0,1,0
2024-03-09 12:00:00,34,13,17,4375,0,6.3,5.5,0.0,0,0,1,0,0,0,0,0,1,0
2024-03-09 14:00:00,33,15,17,3889,0,6.3,5.5,0.0,0,0,1,0,0,0,0,0,1,0
2024-03-27 11:00:00,4,12,18,1308,0,9.1,1.4,5.9,0,0,0,0,0,0,1,0,1,0
2024-03-15 12:00:00,23,13,17,2944,0,8.4,3.8,2.1,1,0,0,0,0,0,0,0,1,0
2024-03-13 08:00:00,4,9,18,496,0,7.0,5.9,1.4,0,0,0,0,0,0,1,0,1,0
2024-03-12 12:00:00,19,13,17,2425,0,11.2,5.1,1.8,0,0,0,0,0,1,0,0,1,0
2024-03-05 10:00:00,17,11,17,1851,0,7.2,5.5,0.0,0,0,0,0,0,1,0,0,1,0
2024-03-28 10:00:00,31,11,12,2317,0,10.2,2.1,4.5,0,0,0,0,1,0,0,0,1,0
2024-03-02 13:00:00,26,14,12,3857,0,6.8,5.5,3.2,0,0,1,0,0,0,0,0,1,0
2024-03-20 10:00:00,19,11,12,1431,0,12.3,6.2,0.0,0,0,0,0,0,0,1,0,1,0
2024-03-28 13:00:00,16,14,12,2885,0,10.2,2.1,4.5,0,0,0,0,1,0,0,0,1,0
2024-03-17 16:00:00,13,17,12,1404,0,13.8,5.5,0.0,0,0,0,1,0,0,0,0,1,0
2024-03-25 15:00:00,12,16,12,1439,0,7.4,4.0,15.2,0,1,0,0,0,0,0,0,1,0
2024-03-02 09:00:00,12,10,12,1050,0,6.8,5.5,3.2,0,0,1,0,0,0,0,0,1,0
2024-03-07 13:00:00,12,14,12,2939,0,6.5,5.5,1.5,0,0,0,0,1,0,0,0,1,0
2024-03-27 13:00:00,12,14,12,1361,0,9.1,1.4,5.9,0,0,0,0,0,0,1,0,1,0
2024-03-07 10:00:00,8,11,12,1742,0,6.5,5.5,1.5,0,0,0,0,1,0,0,0,1,0
2024-03-13 15:00:00,8,16,12,1653,0,7.0,5.9,1.4,0,0,0,0,0,0,1,0,1,0
2024-03-14 13:00:00,7,14,12,1990,0,9.2,3.8,15.0,0,0,0,0,1,0,0,0,1,0
2024-03-16 15:00:00,6,16,12,3096,0,12.5,-0.6,9.2,0,0,1,0,0,0,0,0,1,0
2024-03-03 13:00:00,6,14,12,1992,0,8.1,5.5,0.0,0,0,0,1,0,0,0,0,1,0
2024-03-17 15:00:00,5,16,12,1900,0,13.8,5.5,0.0,0,0,0,1,0,0,0,0,1,0
2024-03-11 08:00:00,3,9,12,592,0,11.0,4.2,0.2,0,1,0,0,0,0,0,0,1,0
2024-03-29 14:00:00,33,15,14,3938,1,12.0,4.8,0.0,1,0,0,0,0,0,0,0,1,0
2024-03-13 11:00:00,18,12,14,2062,0,7.0,5.9,1.4,0,0,0,0,0,0,1,0,1,0
2024-03-14 14:00:00,15,15,14,1685,0,9.2,3.8,15.0,0,0,0,0,1,0,0,0,1,0
2024-03-09 15:00:00,13,16,14,2791,0,6.3,5.5,0.0,0,0,1,0,0,0,0,0,1,0
2024-03-03 11:00:00,11,12,14,1472,0,8.1,5.5,0.0,0,0,0,1,0,0,0,0,1,0
2024-03-27 15:00:00,11,16,14,1530,0,9.1,1.4,5.9,0,0,0,0,0,0,1,0,1,0
2024-03-14 16:00:00,10,17,14,1517,0,9.2,3.8,15.0,0,0,0,0,1,0,0,0,1,0
2024-03-21 16:00:00,8,17,14,1657,0,11.3,3.2,0.3,0,0,0,0,1,0,0,0,1,0
2024-03-30 13:00:00,7,14,14,2820,0,11.2,3.4,1.3,0,0,1,0,0,0,0,0,1,0
2024-03-22 15:00:00,5,16,14,1850,0,11.3,4.4,0.0,1,0,0,0,0,0,0,0,1,0
2024-03-16 16:00:00,5,17,14,2303,0,12.5,-0.6,9.2,0,0,1,0,0,0,0,0,1,0
2024-03-10 12:00:00,5,13,14,1401,0,6.3,5.5,0.6,0,0,0,1,0,0,0,0,1,0
2024-03-10 10:00:00,4,11,14,679,0,6.3,5.5,0.6,0,0,0,1,0,0,0,0,1,0
2024-03-11 17:00:00,3,18,14,1153,0,11.0,4.2,0.2,0,1,0,0,0,0,0,0,1,0
2024-03-31 18:00:00,0,19,14,289,0,8.8,1.4,0.1,0,0,0,1,0,0,0,0,1,0
2024-03-14 08:00:00,53,9,13,894,0,9.2,3.8,15.0,0,0,0,0,1,0,0,0,1,0
2024-03-19 10:00:00,47,11,13,2216,0,7.8,8.5,0.0,0,0,0,0,0,1,0,0,1,0
2024-03-09 17:00:00,45,18,13,1632,0,6.3,5.5,0.0,0,0,1,0,0,0,0,0,1,0
2024-03-20 17:00:00,42,18,13,1222,0,12.3,6.2,0.0,0,0,0,0,0,0,1,0,1,0
2024-03-01 14:00:00,20,15,13,2742,0,7.6,-1.6,2.2,1,0,0,0,0,0,0,0,1,0
2024-03-14 09:00:00,72,10,12,1349,0,9.2,3.8,15.0,0,0,0,0,1,0,0,0,1,0
2024-03-12 10:00:00,47,11,12,1740,0,11.2,5.1,1.8,0,0,0,0,0,1,0,0,1,0
2024-03-30 21:00:00,45,22,12,388,0,11.2,3.4,1.3,0,0,1,0,0,0,0,0,1,0
2024-03-05 17:00:00,19,18,13,1250,0,7.2,5.5,0.0,0,0,0,0,0,1,0,0,1,0
2024-03-18 17:00:00,14,18,13,1131,0,14.1,6.1,2.3,0,1,0,0,0,0,0,0,1,0
2024-03-06 17:00:00,13,18,13,1250,0,8.1,5.7,0.6,0,0,0,0,0,0,1,0,1,0
2024-03-18 09:00:00,12,10,13,1143,0,14.1,6.1,2.3,0,1,0,0,0,0,0,0,1,0
2024-03-23 15:00:00,12,16,13,2964,0,12.1,5.0,0.0,0,0,1,0,0,0,0,0,1,0
2024-03-28 15:00:00,12,16,13,2567,0,10.2,2.1,4.5,0,0,0,0,1,0,0,0,1,0
2024-03-21 14:00:00,10,15,13,2171,0,11.3,3.2,0.3,0,0,0,0,1,0,0,0,1,0
2024-03-03 15:00:00,9,16,13,1895,0,8.1,5.5,0.0,0,0,0,1,0,0,0,0,1,0
2024-03-21 18:00:00,61,19,11,626,0,11.3,3.2,0.3,0,0,0,0,1,0,0,0,1,0
2024-03-12 14:00:00,9,15,13,2106,0,11.2,5.1,1.8,0,0,0,0,0,1,0,0,1,0
2024-03-30 14:00:00,8,15,13,2512,0,11.2,3.4,1.3,0,0,1,0,0,0,0,0,1,0
2024-03-07 16:00:00,8,17,13,1963,0,6.5,5.5,1.5,0,0,0,0,1,0,0,0,1,0
2024-03-27 16:00:00,7,17,13,1604,0,9.1,1.4,5.9,0,0,0,0,0,0,1,0,1,0
2024-03-23 19:00:00,50,20,11,728,0,12.1,5.0,0.0,0,0,1,0,0,0,0,0,1,0
2024-03-21 11:00:00,6,12,13,2223,0,11.3,3.2,0.3,0,0,0,0,1,0,0,0,1,0
2024-03-06 12:00:00,6,13,13,2443,0,8.1,5.7,0.6,0,0,0,0,0,0,1,0,1,0
2024-03-02 17:00:00,5,18,13,1486,0,6.8,5.5,3.2,0,0,1,0,0,0,0,0,1,0
2024-03-30 09:00:00,5,10,13,1166,0,11.2,3.4,1.3,0,0,1,0,0,0,0,0,1,0
2024-03-25 10:00:00,35,11,11,1799,0,7.4,4.0,15.2,0,1,0,0,0,0,0,0,1,0
2024-03-17 12:00:00,4,13,13,1964,0,13.8,5.5,0.0,0,0,0,1,0,0,0,0,1,0
2024-03-15 14:00:00,32,15,11,2626,0,8.4,3.8,2.1,1,0,0,0,0,0,0,0,1,0
2024-03-24 16:00:00,3,17,13,944,0,6.5,5.0,0.0,0,0,0,1,0,0,0,0,1,0
2024-03-03 12:00:00,29,13,11,1989,0,8.1,5.5,0.0,0,0,0,1,0,0,0,0,1,0
2024-03-21 21:00:00,27,22,11,242,0,11.3,3.2,0.3,0,0,0,0,1,0,0,0,1,0
2024-03-12 09:00:00,17,10,11,1131,0,11.2,5.1,1.8,0,0,0,0,0,1,0,0,1,0
2024-03-20 16:00:00,13,17,11,1797,0,12.3,6.2,0.0,0,0,0,0,0,0,1,0,1,0
2024-03-08 12:00:00,12,13,11,2660,0,6.2,3.6,0.0,1,0,0,0,0,0,0,0,1,0
2024-03-29 10:00:00,11,11,11,2096,1,12.0,4.8,0.0,1,0,0,0,0,0,0,0,1,0
2024-03-16 09:00:00,11,10,11,1156,0,12.5,-0.6,9.2,0,0,1,0,0,0,0,0,1,0
2024-03-05 08:00:00,11,9,11,639,0,7.2,5.5,0.0,0,0,0,0,0,1,0,0,1,0
2024-03-06 11:00:00,11,12,11,2055,0,8.1,5.7,0.6,0,0,0,0,0,0,1,0,1,0
2024-03-29 16:00:00,9,17,11,2050,1,12.0,4.8,0.0,1,0,0,0,0,0,0,0,1,0
2024-03-17 11:00:00,9,12,11,1440,0,13.8,5.5,0.0,0,0,0,1,0,0,0,0,1,0
2024-03-20 08:00:00,9,9,11,539,0,12.3,6.2,0.0,0,0,0,0,0,0,1,0,1,0
2024-03-03 14:00:00,5,15,11,2092,0,8.1,5.5,0.0,0,0,0,1,0,0,0,0,1,0
2024-03-29 17:00:00,4,18,11,1254,1,12.0,4.8,0.0,1,0,0,0,0,0,0,0,1,0
2024-03-16 10:00:00,4,11,11,1953,0,12.5,-0.6,9.2,0,0,1,0,0,0,0,0,1,0
2024-03-15 15:00:00,8,16,10,2424,0,8.4,3.8,2.1,1,0,0,0,0,0,0,0,1,0
2024-03-23 14:00:00,8,15,10,3565,0,12.1,5.0,0.0,0,0,1,0,0,0,0,0,1,0
2024-03-22 08:00:00,7,9,10,687,0,11.3,4.4,0.0,1,0,0,0,0,0,0,0,1,0
2024-03-17 13:00:00,6,14,10,2234,0,13.8,5.5,0.0,0,0,0,1,0,0,0,0,1,0
2024-03-20 14:00:00,6,15,10,2126,0,12.3,6.2,0.0,0,0,0,0,0,0,1,0,1,0
2024-03-10 11:00:00,5,12,10,1048,0,6.3,5.5,0.6,0,0,0,1,0,0,0,0,1,0
2024-03-28 18:00:00,4,19,10,401,0,10.2,2.1,4.5,0,0,0,0,1,0,0,0,1,0
2024-03-25 08:00:00,17,9,9,697,0,7.4,4.0,15.2,0,1,0,0,0,0,0,0,1,0
2024-03-21 20:00:00,25,21,10,318,0,11.3,3.2,0.3,0,0,0,0,1,0,0,0,1,0
2024-03-10 17:00:00,22,18,10,464,0,6.3,5.5,0.6,0,0,0,1,0,0,0,0,1,0
2024-03-30 10:00:00,19,11,10,1524,0,11.2,3.4,1.3,0,0,1,0,0,0,0,0,1,0
2024-03-02 16:00:00,17,17,10,2327,0,6.8,5.5,3.2,0,0,1,0,0,0,0,0,1,0
2024-03-11 13:00:00,16,14,10,2453,0,11.0,4.2,0.2,0,1,0,0,0,0,0,0,1,0
2024-03-26 09:00:00,15,10,10,1143,0,7.8,1.5,6.1,0,0,0,0,0,1,0,0,1,0
2024-03-20 09:00:00,15,10,10,1271,0,12.3,6.2,0.0,0,0,0,0,0,0,1,0,1,0
2024-03-07 11:00:00,13,12,10,2272,0,6.5,5.5,1.5,0,0,0,0,1,0,0,0,1,0
2024-03-30 16:00:00,12,17,10,1322,0,11.2,3.4,1.3,0,0,1,0,0,0,0,0,1,0
2024-03-21 15:00:00,12,16,10,1950,0,11.3,3.2,0.3,0,0,0,0,1,0,0,0,1,0
2024-03-25 16:00:00,10,17,10,1455,0,7.4,4.0,15.2,0,1,0,0,0,0,0,0,1,0
2024-03-29 12:00:00,15,13,9,2546,1,12.0,4.8,0.0,1,0,0,0,0,0,0,0,1,0
2024-03-02 08:00:00,14,9,9,541,0,6.8,5.5,3.2,0,0,1,0,0,0,0,0,1,0
2024-03-13 10:00:00,13,11,9,1414,0,7.0,5.9,1.4,0,0,0,0,0,0,1,0,1,0
2024-03-15 13:00:00,9,14,9,2535,0,8.4,3.8,2.1,1,0,0,0,0,0,0,0,1,0
2024-03-15 16:00:00,9,17,9,2001,0,8.4,3.8,2.1,1,0,0,0,0,0,0,0,1,0
2024-03-15 10:00:00,9,11,9,1795,0,8.4,3.8,2.1,1,0,0,0,0,0,0,0,1,0
2024-03-12 16:00:00,9,17,9,1727,0,11.2,5.1,1.8,0,0,0,0,0,1,0,0,1,0
2024-03-24 15:00:00,8,16,9,1658,0,6.5,5.0,0.0,0,0,0,1,0,0,0,0,1,0
2024-03-06 14:00:00,8,15,9,2092,0,8.1,5.7,0.6,0,0,0,0,0,0,1,0,1,0
2024-03-05 18:00:00,7,19,9,442,0,7.2,5.5,0.0,0,0,0,0,0,1,0,0,1,0
2024-03-21 13:00:00,6,14,9,2434,0,11.3,3.2,0.3,0,0,0,0,1,0,0,0,1,0
2024-03-23 20:00:00,72,21,9,505,0,12.1,5.0,0.0,0,0,1,0,0,0,0,0,1,0
2024-03-11 11:00:00,60,12,9,2625,0,11.0,4.2,0.2,0,1,0,0,0,0,0,0,1,0
2024-03-22 20:00:00,58,21,9,316,0,11.3,4.4,0.0,1,0,0,0,0,0,0,0,1,0
2024-03-09 09:00:00,43,10,9,1250,0,6.3,5.5,0.0,0,0,1,0,0,0,0,0,1,0
2024-03-13 22:00:00,25,23,9,374,0,7.0,5.9,1.4,0,0,0,0,0,0,1,0,1,0
2024-03-27 14:00:00,21,15,9,1621,0,9.1,1.4,5.9,0,0,0,0,0,0,1,0,1,0
2024-03-08 16:00:00,19,17,9,1613,0,6.2,3.6,0.0,1,0,0,0,0,0,0,0,1,0
2024-03-28 08:00:00,26,9,7,662,0,10.2,2.1,4.5,0,0,0,0,1,0,0,0,1,0
2024-03-13 20:00:00,42,21,8,466,0,7.0,5.9,1.4,0,0,0,0,0,0,1,0,1,0
2024-03-28 14:00:00,24,15,7,2607,0,10.2,2.1,4.5,0,0,0,0,1,0,0,0,1,0
2024-03-08 10:00:00,35,11,8,1561,0,6.2,3.6,0.0,1,0,0,0,0,0,0,0,1,0
2024-03-21 22:00:00,35,23,8,199,0,11.3,3.2,0.3,0,0,0,0,1,0,0,0,1,0
2024-03-15 08:00:00,19,9,7,686,0,8.4,3.8,2.1,1,0,0,0,0,0,0,0,1,0
2024-03-10 18:00:00,30,19,8,382,0,6.3,5.5,0.6,0,0,0,1,0,0,0,0,1,0
2024-03-21 23:00:00,30,0,8,84,0,11.3,3.2,0.3,0,0,0,0,1,0,0,0,1,0
2024-03-21 09:00:00,17,10,7,1340,0,11.3,3.2,0.3,0,0,0,0,1,0,0,0,1,0
2024-03-11 09:00:00,16,10,7,1124,0,11.0,4.2,0.2,0,1,0,0,0,0,0,0,1,0
2024-03-29 11:00:00,20,12,8,2179,1,12.0,4.8,0.0,1,0,0,0,0,0,0,0,1,0
2024-03-08 14:00:00,13,15,7,977,0,6.2,3.6,0.0,1,0,0,0,0,0,0,0,1,0
2024-03-07 09:00:00,16,10,8,1085,0,6.5,5.5,1.5,0,0,0,0,1,0,0,0,1,0
2024-03-26 11:00:00,13,12,8,2195,0,7.8,1.5,6.1,0,0,0,0,0,1,0,0,1,0
2024-03-27 10:00:00,12,11,8,1018,0,9.1,1.4,5.9,0,0,0,0,0,0,1,0,1,0
2024-03-07 12:00:00,11,13,8,2750,0,6.5,5.5,1.5,0,0,0,0,1,0,0,0,1,0
2024-03-05 09:00:00,11,10,8,1291,0,7.2,5.5,0.0,0,0,0,0,0,1,0,0,1,0
2024-03-04 08:00:00,10,9,8,628,0,9.9,-1.6,1.0,0,1,0,0,0,0,0,0,1,0
2024-03-28 12:00:00,10,13,8,2636,0,10.2,2.1,4.5,0,0,0,0,1,0,0,0,1,0
2024-03-30 12:00:00,7,13,8,2577,0,11.2,3.4,1.3,0,0,1,0,0,0,0,0,1,0
2024-03-03 16:00:00,6,17,8,1339,0,8.1,5.5,0.0,0,0,0,1,0,0,0,0,1,0
2024-03-15 17:00:00,4,18,8,1292,0,8.4,3.8,2.1,1,0,0,0,0,0,0,0,1,0
2024-03-12 17:00:00,4,18,8,1134,0,11.2,5.1,1.8,0,0,0,0,0,1,0,0,1,0
2024-03-23 17:00:00,3,18,8,1297,0,12.1,5.0,0.0,0,0,1,0,0,0,0,0,1,0
2024-03-07 17:00:00,3,18,8,1274,0,6.5,5.5,1.5,0,0,0,0,1,0,0,0,1,0
2024-03-30 11:00:00,2,12,8,2227,0,11.2,3.4,1.3,0,0,1,0,0,0,0,0,1,0
2024-03-30 17:00:00,2,18,8,1054,0,11.2,3.4,1.3,0,0,1,0,0,0,0,0,1,0
2024-03-14 17:00:00,2,18,8,867,0,9.2,3.8,15.0,0,0,0,0,1,0,0,0,1,0
2024-03-01 18:00:00,0,19,8,530,0,7.6,-1.6,2.2,1,0,0,0,0,0,0,0,1,0
2024-03-26 14:00:00,12,15,7,2282,0,7.8,1.5,6.1,0,0,0,0,0,1,0,0,1,0
2024-03-05 07:00:00,12,8,7,150,0,7.2,5.5,0.0,0,0,0,0,0,1,0,0,1,0
2024-03-20 13:00:00,12,14,7,2404,0,12.3,6.2,0.0,0,0,0,0,0,0,1,0,1,0
2024-03-01 08:00:00,11,9,7,659,0,7.6,-1.6,2.2,1,0,0,0,0,0,0,0,1,0
2024-03-14 15:00:00,11,16,7,1449,0,9.2,3.8,15.0,0,0,0,0,1,0,0,0,1,0
2024-03-26 12:00:00,11,13,7,2571,0,7.8,1.5,6.1,0,0,0,0,0,1,0,0,1,0
2024-03-15 22:00:00,84,23,7,453,0,8.4,3.8,2.1,1,0,0,0,0,0,0,0,1,0
2024-03-08 09:00:00,10,10,7,1308,0,6.2,3.6,0.0,1,0,0,0,0,0,0,0,1,0
2024-03-11 07:00:00,10,8,7,147,0,11.0,4.2,0.2,0,1,0,0,0,0,0,0,1,0
2024-03-17 14:00:00,7,15,7,2137,0,13.8,5.5,0.0,0,0,0,1,0,0,0,0,1,0
2024-03-17 10:00:00,6,11,7,711,0,13.8,5.5,0.0,0,0,0,1,0,0,0,0,1,0
2024-03-03 17:00:00,6,18,7,509,0,8.1,5.5,0.0,0,0,0,1,0,0,0,0,1,0
2024-03-06 18:00:00,5,19,7,360,0,8.1,5.7,0.6,0,0,0,0,0,0,1,0,1,0
2024-03-31 09:00:00,3,10,7,208,0,8.8,1.4,0.1,0,0,0,1,0,0,0,0,1,0
2024-03-19 17:00:00,3,18,7,1101,0,7.8,8.5,0.0,0,0,0,0,0,1,0,0,1,0
2024-03-01 17:00:00,2,18,7,1270,0,7.6,-1.6,2.2,1,0,0,0,0,0,0,0,1,0
2024-03-17 17:00:00,2,18,7,621,0,13.8,5.5,0.0,0,0,0,1,0,0,0,0,1,0
2024-03-30 22:00:00,57,23,7,289,0,11.2,3.4,1.3,0,0,1,0,0,0,0,0,1,0
2024-03-13 18:00:00,55,19,7,1253,0,7.0,5.9,1.4,0,0,0,0,0,0,1,0,1,0
2024-03-09 19:00:00,53,20,7,564,0,6.3,5.5,0.0,0,0,1,0,0,0,0,0,1,0
2024-03-19 09:00:00,48,10,8,936,0,7.8,8.5,0.0,0,0,0,0,0,1,0,0,1,0
2024-03-25 11:00:00,27,12,7,1872,0,7.4,4.0,15.2,0,1,0,0,0,0,0,0,1,0
2024-03-08 20:00:00,44,21,6,488,0,6.2,3.6,0.0,1,0,0,0,0,0,0,0,1,0
2024-03-12 22:00:00,42,23,6,233,0,11.2,5.1,1.8,0,0,0,0,0,1,0,0,1,0
2024-03-19 07:00:00,38,8,6,310,0,7.8,8.5,0.0,0,0,0,0,0,1,0,0,1,0
2024-03-18 18:00:00,36,19,6,839,0,14.1,6.1,2.3,0,1,0,0,0,0,0,0,1,0
2024-03-18 21:00:00,36,22,6,337,0,14.1,6.1,2.3,0,1,0,0,0,0,0,0,1,0
2024-03-18 19:00:00,32,20,6,597,0,14.1,6.1,2.3,0,1,0,0,0,0,0,0,1,0
2024-03-21 10:00:00,18,11,6,2033,0,11.3,3.2,0.3,0,0,0,0,1,0,0,0,1,0
2024-03-28 11:00:00,18,12,6,2024,0,10.2,2.1,4.5,0,0,0,0,1,0,0,0,1,0
2024-03-29 09:00:00,17,10,6,1171,1,12.0,4.8,0.0,1,0,0,0,0,0,0,0,1,0
2024-03-26 15:00:00,13,16,6,2091,0,7.8,1.5,6.1,0,0,0,0,0,1,0,0,1,0
2024-03-25 12:00:00,10,13,6,2255,0,7.4,4.0,15.2,0,1,0,0,0,0,0,0,1,0
2024-03-18 08:00:00,10,9,6,624,0,14.1,6.1,2.3,0,1,0,0,0,0,0,0,1,0
2024-03-21 12:00:00,10,13,6,2394,0,11.3,3.2,0.3,0,0,0,0,1,0,0,0,1,0
2024-03-13 14:00:00,10,15,6,1625,0,7.0,5.9,1.4,0,0,0,0,0,0,1,0,1,0
2024-03-08 08:00:00,9,9,6,590,0,6.2,3.6,0.0,1,0,0,0,0,0,0,0,1,0
2024-03-25 17:00:00,9,18,6,778,0,7.4,4.0,15.2,0,1,0,0,0,0,0,0,1,0
2024-03-25 09:00:00,8,10,6,1256,0,7.4,4.0,15.2,0,1,0,0,0,0,0,0,1,0
2024-03-27 08:00:00,8,9,6,390,0,9.1,1.4,5.9,0,0,0,0,0,0,1,0,1,0
2024-03-08 13:00:00,6,14,6,1535,0,6.2,3.6,0.0,1,0,0,0,0,0,0,0,1,0
2024-03-31 10:00:00,3,11,6,440,0,8.8,1.4,0.1,0,0,0,1,0,0,0,0,1,0
2024-03-28 17:00:00,3,18,6,1182,0,10.2,2.1,4.5,0,0,0,0,1,0,0,0,1,0
2024-03-20 07:00:00,2,8,6,169,0,12.3,6.2,0.0,0,0,0,0,0,0,1,0,1,0
2024-03-28 06:00:00,1,7,6,55,0,10.2,2.1,4.5,0,0,0,0,1,0,0,0,1,0
2024-03-13 17:00:00,1,18,6,1233,0,7.0,5.9,1.4,0,0,0,0,0,0,1,0,1,0
2024-03-27 18:00:00,12,19,5,480,0,9.1,1.4,5.9,0,0,0,0,0,0,1,0,1,0
2024-03-26 08:00:00,11,9,5,653,0,7.8,1.5,6.1,0,0,0,0,0,1,0,0,1,0
2024-03-22 21:00:00,57,22,6,363,0,11.3,4.4,0.0,1,0,0,0,0,0,0,0,1,0
2024-03-19 08:00:00,49,9,6,835,0,7.8,8.5,0.0,0,0,0,0,0,1,0,0,1,0
2024-03-08 17:00:00,44,18,6,1567,0,6.2,3.6,0.0,1,0,0,0,0,0,0,0,1,0
2024-03-08 21:00:00,71,22,5,384,0,6.2,3.6,0.0,1,0,0,0,0,0,0,0,1,0
2024-03-08 07:00:00,8,8,5,191,0,6.2,3.6,0.0,1,0,0,0,0,0,0,0,1,0
2024-03-23 21:00:00,69,22,5,397,0,12.1,5.0,0.0,0,0,1,0,0,0,0,0,1,0
2024-03-18 15:00:00,7,16,5,2316,0,14.1,6.1,2.3,0,1,0,0,0,0,0,0,1,0
2024-03-07 07:00:00,6,8,5,161,0,6.5,5.5,1.5,0,0,0,0,1,0,0,0,1,0
2024-03-06 07:00:00,6,8,5,139,0,8.1,5.7,0.6,0,0,0,0,0,0,1,0,1,0
2024-03-04 17:00:00,5,18,5,1166,0,9.9,-1.6,1.0,0,1,0,0,0,0,0,0,1,0
2024-03-16 17:00:00,4,18,5,1112,0,12.5,-0.6,9.2,0,0,1,0,0,0,0,0,1,0
2024-03-04 18:00:00,3,19,5,430,0,9.9,-1.6,1.0,0,1,0,0,0,0,0,0,1,0
2024-03-30 08:00:00,3,9,5,459,0,11.2,3.4,1.3,0,0,1,0,0,0,0,0,1,0
2024-03-31 19:00:00,3,20,5,265,0,8.8,1.4,0.1,0,0,0,1,0,0,0,0,1,0
2024-03-31 17:00:00,2,18,5,412,0,8.8,1.4,0.1,0,0,0,1,0,0,0,0,1,0
2024-03-03 09:00:00,2,10,5,243,0,8.1,5.5,0.0,0,0,0,1,0,0,0,0,1,0
2024-03-07 19:00:00,2,20,5,256,0,6.5,5.5,1.5,0,0,0,0,1,0,0,0,1,0
2024-03-28 09:00:00,58,10,5,1243,0,10.2,2.1,4.5,0,0,0,0,1,0,0,0,1,0
2024-03-13 21:00:00,54,22,5,414,0,7.0,5.9,1.4,0,0,0,0,0,0,1,0,1,0
2024-03-30 20:00:00,42,21,5,466,0,11.2,3.4,1.3,0,0,1,0,0,0,0,0,1,0
2024-03-16 08:00:00,34,9,5,467,0,12.5,-0.6,9.2,0,0,1,0,0,0,0,0,1,0
2024-03-23 18:00:00,17,19,5,1014,0,12.1,5.0,0.0,0,0,1,0,0,0,0,0,1,0
2024-03-26 07:00:00,15,8,4,253,0,7.8,1.5,6.1,0,0,0,0,0,1,0,0,1,0
2024-03-13 09:00:00,14,10,4,737,0,7.0,5.9,1.4,0,0,0,0,0,0,1,0,1,0
2024-03-11 06:00:00,13,7,4,56,0,11.0,4.2,0.2,0,1,0,0,0,0,0,0,1,0
2024-03-08 15:00:00,12,16,4,965,0,6.2,3.6,0.0,1,0,0,0,0,0,0,0,1,0
2024-03-04 07:00:00,9,8,4,153,0,9.9,-1.6,1.0,0,1,0,0,0,0,0,0,1,0
2024-03-18 06:00:00,7,7,4,60,0,14.1,6.1,2.3,0,1,0,0,0,0,0,0,1,0
2024-03-17 09:00:00,7,10,4,298,0,13.8,5.5,0.0,0,0,0,1,0,0,0,0,1,0
2024-03-25 07:00:00,6,8,4,157,0,7.4,4.0,15.2,0,1,0,0,0,0,0,0,1,0
2024-03-12 18:00:00,0,19,4,400,0,11.2,5.1,1.8,0,0,0,0,0,1,0,0,1,0
2024-03-27 07:00:00,5,8,4,115,0,9.1,1.4,5.9,0,0,0,0,0,0,1,0,1,0
2024-03-24 08:00:00,3,9,4,42,0,6.5,5.0,0.0,0,0,0,1,0,0,0,0,1,0
2024-03-10 07:00:00,3,8,4,40,0,6.3,5.5,0.6,0,0,0,1,0,0,0,0,1,0
2024-03-06 19:00:00,3,20,4,140,0,8.1,5.7,0.6,0,0,0,0,0,0,1,0,1,0
2024-03-29 18:00:00,2,19,4,369,1,12.0,4.8,0.0,1,0,0,0,0,0,0,0,1,0
2024-03-23 08:00:00,2,9,4,454,0,12.1,5.0,0.0,0,0,1,0,0,0,0,0,1,0
2024-03-28 19:00:00,2,20,4,384,0,10.2,2.1,4.5,0,0,0,0,1,0,0,0,1,0
2024-03-12 20:00:00,2,21,4,240,0,11.2,5.1,1.8,0,0,0,0,0,1,0,0,1,0
2024-03-15 18:00:00,1,19,4,425,0,8.4,3.8,2.1,1,0,0,0,0,0,0,0,1,0
2024-03-03 10:00:00,1,11,4,711,0,8.1,5.5,0.0,0,0,0,1,0,0,0,0,1,0
2024-03-08 23:00:00,67,0,4,141,0,6.2,3.6,0.0,1,0,0,0,0,0,0,0,1,0
2024-03-19 06:00:00,36,7,3,70,0,7.8,8.5,0.0,0,0,0,0,0,1,0,0,1,0
2024-03-25 06:00:00,8,7,3,42,0,7.4,4.0,15.2,0,1,0,0,0,0,0,0,1,0
2024-03-16 07:00:00,33,8,3,137,0,12.5,-0.6,9.2,0,0,1,0,0,0,0,0,1,0
2024-03-15 21:00:00,79,22,3,457,0,8.4,3.8,2.1,1,0,0,0,0,0,0,0,1,0
2024-03-12 07:00:00,8,8,3,172,0,11.2,5.1,1.8,0,0,0,0,0,1,0,0,1,0
2024-03-09 07:00:00,32,8,3,90,0,6.3,5.5,0.0,0,0,1,0,0,0,0,0,1,0
2024-03-12 08:00:00,6,9,3,540,0,11.2,5.1,1.8,0,0,0,0,0,1,0,0,1,0
2024-03-05 19:00:00,5,20,3,282,0,7.2,5.5,0.0,0,0,0,0,0,1,0,0,1,0
2024-03-13 07:00:00,5,8,3,141,0,7.0,5.9,1.4,0,0,0,0,0,0,1,0,1,0
2024-03-30 07:00:00,4,8,3,60,0,11.2,3.4,1.3,0,0,1,0,0,0,0,0,1,0
2024-03-11 20:00:00,3,21,3,211,0,11.0,4.2,0.2,0,1,0,0,0,0,0,0,1,0
2024-03-18 07:00:00,3,8,3,174,0,14.1,6.1,2.3,0,1,0,0,0,0,0,0,1,0
2024-03-23 07:00:00,3,8,3,75,0,12.1,5.0,0.0,0,0,1,0,0,0,0,0,1,0
2024-03-17 08:00:00,3,9,3,75,0,13.8,5.5,0.0,0,0,0,1,0,0,0,0,1,0
2024-03-10 09:00:00,2,10,3,213,0,6.3,5.5,0.6,0,0,0,1,0,0,0,0,1,0
2024-03-31 08:00:00,1,9,3,84,0,8.8,1.4,0.1,0,0,0,1,0,0,0,0,1,0
2024-03-21 08:00:00,1,9,3,736,0,11.3,3.2,0.3,0,0,0,0,1,0,0,0,1,0
2024-03-19 18:00:00,1,19,3,388,0,7.8,8.5,0.0,0,0,0,0,0,1,0,0,1,0
2024-03-26 19:00:00,1,20,3,332,0,7.8,1.5,6.1,0,0,0,0,0,1,0,0,1,0
2024-03-09 22:00:00,76,23,3,249,0,6.3,5.5,0.0,0,0,1,0,0,0,0,0,1,0
2024-03-16 21:00:00,73,22,3,176,0,12.5,-0.6,9.2,0,0,1,0,0,0,0,0,1,0
2024-03-09 21:00:00,72,22,3,317,0,6.3,5.5,0.0,0,0,1,0,0,0,0,0,1,0
2024-03-09 20:00:00,70,21,3,325,0,6.3,5.5,0.0,0,0,1,0,0,0,0,0,1,0
2024-03-22 22:00:00,45,23,3,274,0,11.3,4.4,0.0,1,0,0,0,0,0,0,0,1,0
2024-03-18 20:00:00,38,21,3,447,0,14.1,6.1,2.3,0,1,0,0,0,0,0,0,1,0
2024-03-22 06:00:00,28,7,3,75,0,11.3,4.4,0.0,1,0,0,0,0,0,0,0,1,0
2024-03-31 20:00:00,25,21,3,383,0,8.8,1.4,0.1,0,0,0,1,0,0,0,0,1,0
2024-03-29 08:00:00,24,9,3,616,1,12.0,4.8,0.0,1,0,0,0,0,0,0,0,1,0
2024-03-14 19:00:00,9,20,3,238,0,9.2,3.8,15.0,0,0,0,0,1,0,0,0,1,0
2024-03-13 19:00:00,70,20,2,725,0,7.0,5.9,1.4,0,0,0,0,0,0,1,0,1,0
2024-03-17 22:00:00,68,23,2,296,0,13.8,5.5,0.0,0,0,0,1,0,0,0,0,1,0
2024-03-14 07:00:00,58,8,2,311,0,9.2,3.8,15.0,0,0,0,0,1,0,0,0,1,0
2024-03-31 23:00:00,57,0,2,52,0,8.8,1.4,0.1,0,0,0,1,0,0,0,0,1,0
2024-03-21 07:00:00,8,8,2,239,0,11.3,3.2,0.3,0,0,0,0,1,0,0,0,1,0
2024-03-28 07:00:00,8,8,2,165,0,10.2,2.1,4.5,0,0,0,0,1,0,0,0,1,0
2024-03-08 18:00:00,22,19,2,722,0,6.2,3.6,0.0,1,0,0,0,0,0,0,0,1,0
2024-03-07 08:00:00,7,9,2,569,0,6.5,5.5,1.5,0,0,0,0,1,0,0,0,1,0
2024-03-22 00:00:00,21,1,2,71,0,11.3,4.4,0.0,1,0,0,0,0,0,0,0,1,0
2024-03-23 00:00:00,49,1,2,137,0,12.1,5.0,0.0,0,0,1,0,0,0,0,0,1,0
2024-03-14 18:00:00,7,19,2,344,0,9.2,3.8,15.0,0,0,0,0,1,0,0,0,1,0
2024-03-14 04:00:00,7,5,2,6,0,9.2,3.8,15.0,0,0,0,0,1,0,0,0,1,0
2024-03-10 04:00:00,6,5,2,8,0,6.3,5.5,0.6,0,0,0,1,0,0,0,0,1,0
2024-03-30 15:00:00,5,16,2,2122,0,11.2,3.4,1.3,0,0,1,0,0,0,0,0,1,0
2024-03-03 20:00:00,4,21,2,197,0,8.1,5.5,0.0,0,0,0,1,0,0,0,0,1,0
2024-03-27 06:00:00,4,7,2,38,0,9.1,1.4,5.9,0,0,0,0,0,0,1,0,1,0
2024-03-11 18:00:00,3,19,2,351,0,11.0,4.2,0.2,0,1,0,0,0,0,0,0,1,0
2024-03-30 18:00:00,3,19,2,519,0,11.2,3.4,1.3,0,0,1,0,0,0,0,0,1,0
2024-03-16 18:00:00,3,19,2,411,0,12.5,-0.6,9.2,0,0,1,0,0,0,0,0,1,0
2024-03-30 06:00:00,3,7,2,22,0,11.2,3.4,1.3,0,0,1,0,0,0,0,0,1,0
2024-03-12 19:00:00,3,20,2,346,0,11.2,5.1,1.8,0,0,0,0,0,1,0,0,1,0
2024-03-04 19:00:00,2,20,2,306,0,9.9,-1.6,1.0,0,1,0,0,0,0,0,0,1,0
2024-03-11 21:00:00,2,22,2,144,0,11.0,4.2,0.2,0,1,0,0,0,0,0,0,1,0
2024-03-24 20:00:00,2,21,2,165,0,6.5,5.0,0.0,0,0,0,1,0,0,0,0,1,0
2024-03-28 22:00:00,2,23,2,150,0,10.2,2.1,4.5,0,0,0,0,1,0,0,0,1,0
2024-03-19 19:00:00,2,20,2,381,0,7.8,8.5,0.0,0,0,0,0,0,1,0,0,1,0
2024-03-26 18:00:00,2,19,2,359,0,7.8,1.5,6.1,0,0,0,0,0,1,0,0,1,0
2024-03-05 21:00:00,2,22,2,120,0,7.2,5.5,0.0,0,0,0,0,0,1,0,0,1,0
2024-03-15 20:00:00,1,21,2,255,0,8.4,3.8,2.1,1,0,0,0,0,0,0,0,1,0
2024-03-24 19:00:00,1,20,2,288,0,6.5,5.0,0.0,0,0,0,1,0,0,0,0,1,0
2024-03-17 03:00:00,1,4,2,30,0,13.8,5.5,0.0,0,0,0,1,0,0,0,0,1,0
2024-03-30 19:00:00,46,20,2,837,0,11.2,3.4,1.3,0,0,1,0,0,0,0,0,1,0
2024-03-10 20:00:00,43,21,2,338,0,6.3,5.5,0.6,0,0,0,1,0,0,0,0,1,0
2024-03-12 21:00:00,36,22,2,303,0,11.2,5.1,1.8,0,0,0,0,0,1,0,0,1,0
2024-03-18 22:00:00,32,23,2,167,0,14.1,6.1,2.3,0,1,0,0,0,0,0,0,1,0
2024-03-01 07:00:00,10,8,2,152,0,7.6,-1.6,2.2,1,0,0,0,0,0,0,0,1,0
2024-03-22 05:00:00,9,6,2,40,0,11.3,4.4,0.0,1,0,0,0,0,0,0,0,1,0
2024-03-22 07:00:00,8,8,2,177,0,11.3,4.4,0.0,1,0,0,0,0,0,0,0,1,0
2024-03-30 23:00:00,8,0,2,88,0,11.2,3.4,1.3,0,0,1,0,0,0,0,0,1,0
2024-03-04 00:00:00,33,1,1,77,0,9.9,-1.6,1.0,0,1,0,0,0,0,0,0,1,0
2024-03-16 06:00:00,32,7,1,59,0,12.5,-0.6,9.2,0,0,1,0,0,0,0,0,1,0
2024-03-20 22:00:00,28,23,1,162,0,12.3,6.2,0.0,0,0,0,0,0,0,1,0,1,0
2024-03-10 03:00:00,27,4,1,43,0,6.3,5.5,0.6,0,0,0,1,0,0,0,0,1,0
2024-03-09 23:00:00,75,0,1,100,0,6.3,5.5,0.0,0,0,1,0,0,0,0,0,1,0
2024-03-14 01:00:00,25,2,1,18,0,9.2,3.8,15.0,0,0,0,0,1,0,0,0,1,0
2024-03-22 23:00:00,73,0,1,158,0,11.3,4.4,0.0,1,0,0,0,0,0,0,0,1,0
2024-03-04 06:00:00,11,7,1,51,0,9.9,-1.6,1.0,0,1,0,0,0,0,0,0,1,0
2024-03-09 06:00:00,19,7,1,52,0,6.3,5.5,0.0,0,0,1,0,0,0,0,0,1,0
2024-03-04 01:00:00,18,2,1,54,0,9.9,-1.6,1.0,0,1,0,0,0,0,0,0,1,0
2024-03-13 00:00:00,16,1,1,30,0,7.0,5.9,1.4,0,0,0,0,0,0,1,0,1,0
2024-03-15 07:00:00,15,8,1,209,0,8.4,3.8,2.1,1,0,0,0,0,0,0,0,1,0
2024-03-17 06:00:00,13,7,1,35,0,13.8,5.5,0.0,0,0,0,1,0,0,0,0,1,0
2024-03-27 20:00:00,4,21,1,177,0,9.1,1.4,5.9,0,0,0,0,0,0,1,0,1,0
2024-03-16 00:00:00,71,1,1,127,0,12.5,-0.6,9.2,0,0,1,0,0,0,0,0,1,0
2024-03-13 06:00:00,4,7,1,33,0,7.0,5.9,1.4,0,0,0,0,0,0,1,0,1,0
2024-03-11 01:00:00,23,2,1,25,0,11.0,4.2,0.2,0,1,0,0,0,0,0,0,1,0
2024-03-01 22:00:00,3,23,1,87,0,7.6,-1.6,2.2,1,0,0,0,0,0,0,0,1,0
2024-03-12 06:00:00,9,7,1,44,0,11.2,5.1,1.8,0,0,0,0,0,1,0,0,1,0
2024-03-09 05:00:00,8,6,1,36,0,6.3,5.5,0.0,0,0,1,0,0,0,0,0,1,0
2024-03-01 20:00:00,7,21,1,253,0,7.6,-1.6,2.2,1,0,0,0,0,0,0,0,1,0
2024-03-01 05:00:00,7,6,1,44,0,7.6,-1.6,2.2,1,0,0,0,0,0,0,0,1,0
2024-03-31 00:00:00,7,1,1,175,0,8.8,1.4,0.1,0,0,0,1,0,0,0,0,1,0
2024-03-10 06:00:00,6,7,1,26,0,6.3,5.5,0.6,0,0,0,1,0,0,0,0,1,0
2024-03-20 19:00:00,6,20,1,362,0,12.3,6.2,0.0,0,0,0,0,0,0,1,0,1,0
2024-03-01 06:00:00,5,7,1,66,0,7.6,-1.6,2.2,1,0,0,0,0,0,0,0,1,0
2024-03-12 05:00:00,5,6,1,25,0,11.2,5.1,1.8,0,0,0,0,0,1,0,0,1,0
2024-03-01 23:00:00,4,0,1,118,0,7.6,-1.6,2.2,1,0,0,0,0,0,0,0,1,0
2024-03-15 06:00:00,3,7,1,55,0,8.4,3.8,2.1,1,0,0,0,0,0,0,0,1,0
2024-03-22 01:00:00,22,2,1,46,0,11.3,4.4,0.0,1,0,0,0,0,0,0,0,1,0
2024-03-14 02:00:00,22,3,1,21,0,9.2,3.8,15.0,0,0,0,0,1,0,0,0,1,0
2024-03-10 00:00:00,59,1,1,63,0,6.3,5.5,0.6,0,0,0,1,0,0,0,0,1,0
2024-03-08 19:00:00,21,20,1,506,0,6.2,3.6,0.0,1,0,0,0,0,0,0,0,1,0
2024-03-16 20:00:00,46,21,1,185,0,12.5,-0.6,9.2,0,0,1,0,0,0,0,0,1,0
2024-03-03 22:00:00,3,23,1,72,0,8.1,5.5,0.0,0,0,0,1,0,0,0,0,1,0
2024-03-23 23:00:00,95,0,1,145,0,12.1,5.0,0.0,0,0,1,0,0,0,0,0,1,0
2024-03-24 06:00:00,3,7,1,41,0,6.5,5.0,0.0,0,0,0,1,0,0,0,0,1,0
2024-03-19 21:00:00,3,22,1,192,0,7.8,8.5,0.0,0,0,0,0,0,1,0,0,1,0
2024-03-17 23:00:00,44,0,1,105,0,13.8,5.5,0.0,0,0,0,1,0,0,0,0,1,0
2024-03-06 00:00:00,3,1,1,43,0,8.1,5.7,0.6,0,0,0,0,0,0,1,0,1,0
2024-03-20 21:00:00,44,22,1,492,0,12.3,6.2,0.0,0,0,0,0,0,0,1,0,1,0
2024-03-15 19:00:00,2,20,1,355,0,8.4,3.8,2.1,1,0,0,0,0,0,0,0,1,0
2024-03-11 22:00:00,2,23,1,84,0,11.0,4.2,0.2,0,1,0,0,0,0,0,0,1,0
2024-03-30 00:00:00,2,1,1,120,0,11.2,3.4,1.3,0,0,1,0,0,0,0,0,1,0
2024-03-24 07:00:00,2,8,1,51,0,6.5,5.0,0.0,0,0,0,1,0,0,0,0,1,0
2024-03-31 06:00:00,2,7,1,22,0,8.8,1.4,0.1,0,0,0,1,0,0,0,0,1,0
2024-03-29 19:00:00,1,20,1,283,1,12.0,4.8,0.0,1,0,0,0,0,0,0,0,1,0
2024-03-01 00:00:00,1,1,1,34,0,7.6,-1.6,2.2,1,0,0,0,0,0,0,0,1,0
2024-03-29 01:00:00,1,2,1,17,1,12.0,4.8,0.0,1,0,0,0,0,0,0,0,1,0
2024-03-17 20:00:00,40,21,1,335,0,13.8,5.5,0.0,0,0,0,1,0,0,0,0,1,0
2024-03-24 00:00:00,86,1,1,207,0,6.5,5.0,0.0,0,0,0,1,0,0,0,0,1,0
2024-03-30 03:00:00,1,4,1,41,0,11.2,3.4,1.3,0,0,1,0,0,0,0,0,1,0
2024-03-16 03:00:00,39,4,1,115,0,12.5,-0.6,9.2,0,0,1,0,0,0,0,0,1,0
2024-03-28 20:00:00,1,21,1,251,0,10.2,2.1,4.5,0,0,0,0,1,0,0,0,1,0
2024-03-28 21:00:00,1,22,1,186,0,10.2,2.1,4.5,0,0,0,0,1,0,0,0,1,0
2024-03-28 01:00:00,1,2,1,33,0,10.2,2.1,4.5,0,0,0,0,1,0,0,0,1,0
2024-03-19 20:00:00,1,21,1,179,0,7.8,8.5,0.0,0,0,0,0,0,1,0,0,1,0
2024-03-15 23:00:00,80,0,1,189,0,8.4,3.8,2.1,1,0,0,0,0,0,0,0,1,0
2024-03-05 23:00:00,1,0,1,36,0,7.2,5.5,0.0,0,0,0,0,0,1,0,0,1,0
2024-03-11 00:00:00,36,1,1,62,0,11.0,4.2,0.2,0,1,0,0,0,0,0,0,1,0
2024-03-09 08:00:00,36,9,1,430,0,6.3,5.5,0.0,0,0,1,0,0,0,0,0,1,0
2024-03-17 21:00:00,80,22,1,374,0,13.8,5.5,0.0,0,0,0,1,0,0,0,0,1,0
2024-03-06 21:00:00,1,22,1,265,0,8.1,5.7,0.6,0,0,0,0,0,0,1,0,1,0
2024-03-27 22:00:00,1,23,1,145,0,9.1,1.4,5.9,0,0,0,0,0,0,1,0,1,0
2024-03-18 01:00:00,35,2,1,63,0,14.1,6.1,2.3,0,1,0,0,0,0,0,0,1,0
2024-03-09 02:00:00,34,3,1,47,0,6.3,5.5,0.0,0,0,1,0,0,0,0,0,1,0
2024-03-06 22:00:00,1,23,1,121,0,8.1,5.7,0.6,0,0,0,0,0,0,1,0,1,0
2024-03-24 01:00:00,94,2,0,103,0,6.5,5.0,0.0,0,0,0,1,0,0,0,0,1,0
2024-03-20 06:00:00,1,7,1,44,0,12.3,6.2,0.0,0,0,0,0,0,0,1,0,1,0
2024-03-25 18:00:00,0,19,1,189,0,7.4,4.0,15.2,0,1,0,0,0,0,0,0,1,0
2024-03-25 05:00:00,0,6,1,38,0,7.4,4.0,15.2,0,1,0,0,0,0,0,0,1,0
2024-03-04 03:00:00,0,4,1,1,0,9.9,-1.6,1.0,0,1,0,0,0,0,0,0,1,0
2024-03-07 23:00:00,0,0,1,97,0,6.5,5.5,1.5,0,0,0,0,1,0,0,0,1,0
2024-03-20 18:00:00,0,19,1,376,0,12.3,6.2,0.0,0,0,0,0,0,0,1,0,1,0
2024-03-10 23:00:00,42,0,0,61,0,6.3,5.5,0.6,0,0,0,1,0,0,0,0,1,0
2024-03-24 03:00:00,30,4,0,76,0,6.5,5.0,0.0,0,0,0,1,0,0,0,0,1,0
2024-03-14 00:00:00,30,1,0,61,0,9.2,3.8,15.0,0,0,0,0,1,0,0,0,1,0
2024-03-03 01:00:00,70,2,0,115,0,8.1,5.5,0.0,0,0,0,1,0,0,0,0,1,0
2024-03-18 00:00:00,34,1,0,98,0,14.1,6.1,2.3,0,1,0,0,0,0,0,0,1,0
2024-03-12 23:00:00,31,0,0,28,0,11.2,5.1,1.8,0,0,0,0,0,1,0,0,1,0
2024-03-10 19:00:00,41,20,0,320,0,6.3,5.5,0.6,0,0,0,1,0,0,0,0,1,0
2024-03-14 06:00:00,29,7,0,78,0,9.2,3.8,15.0,0,0,0,0,1,0,0,0,1,0
2024-03-31 22:00:00,78,23,0,260,0,8.8,1.4,0.1,0,0,0,1,0,0,0,0,1,0
2024-03-09 03:00:00,28,4,0,31,0,6.3,5.5,0.0,0,0,1,0,0,0,0,0,1,0
2024-03-03 00:00:00,67,1,0,163,0,8.1,5.5,0.0,0,0,0,1,0,0,0,0,1,0
2024-03-24 02:00:00,73,3,0,59,0,6.5,5.0,0.0,0,0,0,1,0,0,0,0,1,0
2024-03-20 20:00:00,50,21,0,556,0,12.3,6.2,0.0,0,0,0,0,0,0,1,0,1,0
2024-03-11 02:00:00,27,3,0,17,0,11.0,4.2,0.2,0,1,0,0,0,0,0,0,1,0
2024-03-23 22:00:00,66,23,0,242,0,12.1,5.0,0.0,0,0,1,0,0,0,0,0,1,0
2024-03-16 22:00:00,66,23,0,142,0,12.5,-0.6,9.2,0,0,1,0,0,0,0,0,1,0
2024-03-02 23:00:00,66,0,0,133,0,6.8,5.5,3.2,0,0,1,0,0,0,0,0,1,0
2024-03-08 22:00:00,55,23,0,411,0,6.2,3.6,0.0,1,0,0,0,0,0,0,0,1,0
2024-03-10 01:00:00,64,2,0,76,0,6.3,5.5,0.6,0,0,0,1,0,0,0,0,1,0
2024-03-09 00:00:00,49,1,0,114,0,6.3,5.5,0.0,0,0,1,0,0,0,0,0,1,0
2024-03-31 21:00:00,55,22,0,391,0,8.8,1.4,0.1,0,0,0,1,0,0,0,0,1,0
2024-03-16 02:00:00,58,3,0,49,0,12.5,-0.6,9.2,0,0,1,0,0,0,0,0,1,0
2024-03-13 23:00:00,38,0,0,80,0,7.0,5.9,1.4,0,0,0,0,0,0,1,0,1,0
2024-03-10 21:00:00,48,22,0,307,0,6.3,5.5,0.6,0,0,0,1,0,0,0,0,1,0
2024-03-09 01:00:00,54,2,0,83,0,6.3,5.5,0.0,0,0,1,0,0,0,0,0,1,0
2024-03-16 01:00:00,56,2,0,121,0,12.5,-0.6,9.2,0,0,1,0,0,0,0,0,1,0
2024-03-10 22:00:00,52,23,0,233,0,6.3,5.5,0.6,0,0,0,1,0,0,0,0,1,0
2024-03-03 02:00:00,52,3,0,88,0,8.1,5.5,0.0,0,0,0,1,0,0,0,0,1,0
2024-03-10 02:00:00,50,3,0,42,0,6.3,5.5,0.6,0,0,0,1,0,0,0,0,1,0
2024-03-22 02:00:00,14,3,0,48,0,11.3,4.4,0.0,1,0,0,0,0,0,0,0,1,0
2024-03-18 03:00:00,14,4,0,55,0,14.1,6.1,2.3,0,1,0,0,0,0,0,0,1,0
2024-03-19 00:00:00,24,1,0,27,0,7.8,8.5,0.0,0,0,0,0,0,1,0,0,1,0
2024-03-18 23:00:00,14,0,0,52,0,14.1,6.1,2.3,0,1,0,0,0,0,0,0,1,0
2024-03-04 02:00:00,14,3,0,36,0,9.9,-1.6,1.0,0,1,0,0,0,0,0,0,1,0
2024-03-06 02:00:00,4,3,0,3,0,8.1,5.7,0.6,0,0,0,0,0,0,1,0,1,0
2024-03-01 19:00:00,3,20,0,316,0,7.6,-1.6,2.2,1,0,0,0,0,0,0,0,1,0
2024-03-21 06:00:00,5,7,0,50,0,11.3,3.2,0.3,0,0,0,0,1,0,0,0,1,0
2024-03-22 03:00:00,6,4,0,0,0,11.3,4.4,0.0,1,0,0,0,0,0,0,0,1,0
2024-03-29 20:00:00,3,21,0,274,1,12.0,4.8,0.0,1,0,0,0,0,0,0,0,1,0
2024-03-28 00:00:00,5,1,0,20,0,10.2,2.1,4.5,0,0,0,0,1,0,0,0,1,0
2024-03-14 05:00:00,14,6,0,57,0,9.2,3.8,15.0,0,0,0,0,1,0,0,0,1,0
2024-03-01 21:00:00,3,22,0,158,0,7.6,-1.6,2.2,1,0,0,0,0,0,0,0,1,0
2024-03-11 04:00:00,6,5,0,15,0,11.0,4.2,0.2,0,1,0,0,0,0,0,0,1,0
2024-03-16 04:00:00,17,5,0,10,0,12.5,-0.6,9.2,0,0,1,0,0,0,0,0,1,0
2024-03-11 05:00:00,16,6,0,49,0,11.0,4.2,0.2,0,1,0,0,0,0,0,0,1,0
2024-03-19 01:00:00,14,2,0,10,0,7.8,8.5,0.0,0,0,0,0,0,1,0,0,1,0
2024-03-02 19:00:00,6,20,0,277,0,6.8,5.5,3.2,0,0,1,0,0,0,0,0,1,0
2024-03-22 04:00:00,8,5,0,4,0,11.3,4.4,0.0,1,0,0,0,0,0,0,0,1,0
2024-03-12 04:00:00,5,5,0,8,0,11.2,5.1,1.8,0,0,0,0,0,1,0,0,1,0
2024-03-22 18:00:00,22,19,0,488,0,11.3,4.4,0.0,1,0,0,0,0,0,0,0,1,0
2024-03-11 03:00:00,8,4,0,6,0,11.0,4.2,0.2,0,1,0,0,0,0,0,0,1,0
2024-03-13 03:00:00,5,4,0,3,0,7.0,5.9,1.4,0,0,0,0,0,0,1,0,1,0
2024-03-28 23:00:00,6,0,0,39,0,10.2,2.1,4.5,0,0,0,0,1,0,0,0,1,0
2024-03-29 22:00:00,4,23,0,127,1,12.0,4.8,0.0,1,0,0,0,0,0,0,0,1,0
2024-03-18 02:00:00,22,3,0,18,0,14.1,6.1,2.3,0,1,0,0,0,0,0,0,1,0
2024-03-29 21:00:00,4,22,0,115,1,12.0,4.8,0.0,1,0,0,0,0,0,0,0,1,0
2024-03-17 02:00:00,8,3,0,41,0,13.8,5.5,0.0,0,0,0,1,0,0,0,0,1,0
2024-03-19 02:00:00,13,3,0,8,0,7.8,8.5,0.0,0,0,0,0,0,1,0,0,1,0
2024-03-05 20:00:00,6,21,0,202,0,7.2,5.5,0.0,0,0,0,0,0,1,0,0,1,0
2024-03-29 06:00:00,4,7,0,52,1,12.0,4.8,0.0,1,0,0,0,0,0,0,0,1,0
2024-03-17 05:00:00,8,6,0,16,0,13.8,5.5,0.0,0,0,0,1,0,0,0,0,1,0
2024-03-26 06:00:00,8,7,0,48,0,7.8,1.5,6.1,0,0,0,0,0,1,0,0,1,0
2024-03-08 06:00:00,7,7,0,104,0,6.2,3.6,0.0,1,0,0,0,0,0,0,0,1,0
2024-03-02 22:00:00,7,23,0,148,0,6.8,5.5,3.2,0,0,1,0,0,0,0,0,1,0
2024-03-03 19:00:00,7,20,0,287,0,8.1,5.5,0.0,0,0,0,1,0,0,0,0,1,0
2024-03-17 07:00:00,7,8,0,22,0,13.8,5.5,0.0,0,0,0,1,0,0,0,0,1,0
2024-03-07 06:00:00,7,7,0,60,0,6.5,5.5,1.5,0,0,0,0,1,0,0,0,1,0
2024-03-19 04:00:00,7,5,0,2,0,7.8,8.5,0.0,0,0,0,0,0,1,0,0,1,0
2024-03-13 02:00:00,11,3,0,2,0,7.0,5.9,1.4,0,0,0,0,0,0,1,0,1,0
2024-03-01 02:00:00,3,3,0,16,0,7.6,-1.6,2.2,1,0,0,0,0,0,0,0,1,0
2024-03-04 20:00:00,10,21,0,226,0,9.9,-1.6,1.0,0,1,0,0,0,0,0,0,1,0
2024-03-13 01:00:00,22,2,0,21,0,7.0,5.9,1.4,0,0,0,0,0,0,1,0,1,0
2024-03-19 03:00:00,6,4,0,6,0,7.8,8.5,0.0,0,0,0,0,0,1,0,0,1,0
2024-03-13 05:00:00,13,6,0,31,0,7.0,5.9,1.4,0,0,0,0,0,0,1,0,1,0
2024-03-04 21:00:00,4,22,0,119,0,9.9,-1.6,1.0,0,1,0,0,0,0,0,0,1,0
2024-03-27 19:00:00,6,20,0,289,0,9.1,1.4,5.9,0,0,0,0,0,0,1,0,1,0
2024-03-29 04:00:00,3,5,0,2,1,12.0,4.8,0.0,1,0,0,0,0,0,0,0,1,0
2024-03-29 07:00:00,12,8,0,201,1,12.0,4.8,0.0,1,0,0,0,0,0,0,0,1,0
2024-03-09 04:00:00,12,5,0,27,0,6.3,5.5,0.0,0,0,1,0,0,0,0,0,1,0
2024-03-24 04:00:00,12,5,0,6,0,6.5,5.0,0.0,0,0,0,1,0,0,0,0,1,0
2024-03-14 03:00:00,12,4,0,4,0,9.2,3.8,15.0,0,0,0,0,1,0,0,0,1,0
2024-03-16 23:00:00,10,0,0,72,0,12.5,-0.6,9.2,0,0,1,0,0,0,0,0,1,0
2024-03-11 23:00:00,4,0,0,35,0,11.0,4.2,0.2,0,1,0,0,0,0,0,0,1,0
2024-03-03 03:00:00,10,4,0,23,0,8.1,5.5,0.0,0,0,0,1,0,0,0,0,1,0
2024-03-02 20:00:00,4,21,0,248,0,6.8,5.5,3.2,0,0,1,0,0,0,0,0,1,0
2024-03-23 06:00:00,4,7,0,28,0,12.1,5.0,0.0,0,0,1,0,0,0,0,0,1,0
2024-03-23 01:00:00,3,2,0,96,0,12.1,5.0,0.0,0,0,1,0,0,0,0,0,1,0
2024-03-23 04:00:00,4,5,0,18,0,12.1,5.0,0.0,0,0,1,0,0,0,0,0,1,0
2024-03-29 02:00:00,5,3,0,23,1,12.0,4.8,0.0,1,0,0,0,0,0,0,0,1,0
2024-03-02 03:00:00,3,4,0,68,0,6.8,5.5,3.2,0,0,1,0,0,0,0,0,1,0
2024-03-02 06:00:00,3,7,0,28,0,6.8,5.5,3.2,0,0,1,0,0,0,0,0,1,0
2024-03-07 18:00:00,4,19,0,483,0,6.5,5.5,1.5,0,0,0,0,1,0,0,0,1,0
2024-03-14 20:00:00,4,21,0,165,0,9.2,3.8,15.0,0,0,0,0,1,0,0,0,1,0
2024-03-06 01:00:00,4,2,0,28,0,8.1,5.7,0.6,0,0,0,0,0,0,1,0,1,0
2024-03-13 04:00:00,4,5,0,9,0,7.0,5.9,1.4,0,0,0,0,0,0,1,0,1,0
2024-03-20 03:00:00,4,4,0,6,0,12.3,6.2,0.0,0,0,0,0,0,0,1,0,1,0
2024-03-02 18:00:00,5,19,0,448,0,6.8,5.5,3.2,0,0,1,0,0,0,0,0,1,0
2024-03-02 21:00:00,5,22,0,192,0,6.8,5.5,3.2,0,0,1,0,0,0,0,0,1,0
2024-03-23 05:00:00,5,6,0,33,0,12.1,5.0,0.0,0,0,1,0,0,0,0,0,1,0
2024-03-17 18:00:00,3,19,0,349,0,13.8,5.5,0.0,0,0,0,1,0,0,0,0,1,0
2024-03-16 05:00:00,20,6,0,18,0,12.5,-0.6,9.2,0,0,1,0,0,0,0,0,1,0
2024-03-10 08:00:00,3,9,0,76,0,6.3,5.5,0.6,0,0,0,1,0,0,0,0,1,0
2024-03-10 05:00:00,3,6,0,11,0,6.3,5.5,0.6,0,0,0,1,0,0,0,0,1,0
2024-03-31 02:00:00,5,3,0,149,0,8.8,1.4,0.1,0,0,0,1,0,0,0,0,1,0
2024-03-17 00:00:00,5,1,0,47,0,13.8,5.5,0.0,0,0,0,1,0,0,0,0,1,0
2024-03-07 21:00:00,3,22,0,156,0,6.5,5.5,1.5,0,0,0,0,1,0,0,0,1,0
2024-03-19 05:00:00,20,6,0,45,0,7.8,8.5,0.0,0,0,0,0,0,1,0,0,1,0
2024-03-11 19:00:00,19,20,0,330,0,11.0,4.2,0.2,0,1,0,0,0,0,0,0,1,0
2024-03-03 23:00:00,19,0,0,36,0,8.1,5.5,0.0,0,0,0,1,0,0,0,0,1,0
2024-03-31 03:00:00,5,4,0,41,0,8.8,1.4,0.1,0,0,0,1,0,0,0,0,1,0
2024-03-07 01:00:00,3,2,0,29,0,6.5,5.5,1.5,0,0,0,0,1,0,0,0,1,0
2024-03-28 02:00:00,3,3,0,28,0,10.2,2.1,4.5,0,0,0,0,1,0,0,0,1,0
2024-03-21 02:00:00,3,3,0,5,0,11.3,3.2,0.3,0,0,0,0,1,0,0,0,1,0
2024-03-19 23:00:00,3,0,0,35,0,7.8,8.5,0.0,0,0,0,0,0,1,0,0,1,0
2024-03-17 01:00:00,9,2,0,38,0,13.8,5.5,0.0,0,0,0,1,0,0,0,0,1,0
2024-03-12 00:00:00,3,1,0,31,0,11.2,5.1,1.8,0,0,0,0,0,1,0,0,1,0
2024-03-17 04:00:00,9,5,0,15,0,13.8,5.5,0.0,0,0,0,1,0,0,0,0,1,0
2024-03-05 02:00:00,3,3,0,4,0,7.2,5.5,0.0,0,0,0,0,0,1,0,0,1,0
2024-03-12 02:00:00,3,3,0,2,0,11.2,5.1,1.8,0,0,0,0,0,1,0,0,1,0
2024-03-12 03:00:00,3,4,0,2,0,11.2,5.1,1.8,0,0,0,0,0,1,0,0,1,0
2024-03-06 06:00:00,3,7,0,18,0,8.1,5.7,0.6,0,0,0,0,0,0,1,0,1,0
2024-03-27 03:00:00,3,4,0,1,0,9.1,1.4,5.9,0,0,0,0,0,0,1,0,1,0
2024-03-29 23:00:00,2,0,0,75,1,12.0,4.8,0.0,1,0,0,0,0,0,0,0,1,0
2024-03-08 05:00:00,2,6,0,48,0,6.2,3.6,0.0,1,0,0,0,0,0,0,0,1,0
2024-03-29 05:00:00,2,6,0,33,1,12.0,4.8,0.0,1,0,0,0,0,0,0,0,1,0
2024-03-15 05:00:00,2,6,0,27,0,8.4,3.8,2.1,1,0,0,0,0,0,0,0,1,0
2024-03-08 03:00:00,2,4,0,10,0,6.2,3.6,0.0,1,0,0,0,0,0,0,0,1,0
2024-03-04 04:00:00,2,5,0,7,0,9.9,-1.6,1.0,0,1,0,0,0,0,0,0,1,0
2024-03-25 04:00:00,2,5,0,3,0,7.4,4.0,15.2,0,1,0,0,0,0,0,0,1,0
2024-03-16 19:00:00,2,20,0,260,0,12.5,-0.6,9.2,0,0,1,0,0,0,0,0,1,0
2024-03-02 01:00:00,2,2,0,56,0,6.8,5.5,3.2,0,0,1,0,0,0,0,0,1,0
2024-03-02 05:00:00,2,6,0,38,0,6.8,5.5,3.2,0,0,1,0,0,0,0,0,1,0
2024-03-29 03:00:00,0,4,0,4,1,12.0,4.8,0.0,1,0,0,0,0,0,0,0,1,0
2024-03-02 04:00:00,2,5,0,7,0,6.8,5.5,3.2,0,0,1,0,0,0,0,0,1,0
2024-03-17 19:00:00,2,20,0,237,0,13.8,5.5,0.0,0,0,0,1,0,0,0,0,1,0
2024-03-03 08:00:00,2,9,0,115,0,8.1,5.5,0.0,0,0,0,1,0,0,0,0,1,0
2024-03-31 07:00:00,2,8,0,46,0,8.8,1.4,0.1,0,0,0,1,0,0,0,0,1,0
2024-03-31 05:00:00,2,6,0,23,0,8.8,1.4,0.1,0,0,0,1,0,0,0,0,1,0
2024-03-03 04:00:00,2,5,0,13,0,8.1,5.5,0.0,0,0,0,1,0,0,0,0,1,0
2024-03-07 22:00:00,2,23,0,109,0,6.5,5.5,1.5,0,0,0,0,1,0,0,0,1,0
2024-03-14 22:00:00,2,23,0,92,0,9.2,3.8,15.0,0,0,0,0,1,0,0,0,1,0
2024-03-07 00:00:00,2,1,0,76,0,6.5,5.5,1.5,0,0,0,0,1,0,0,0,1,0
2024-03-21 00:00:00,2,1,0,12,0,11.3,3.2,0.3,0,0,0,0,1,0,0,0,1,0
2024-03-21 03:00:00,2,4,0,8,0,11.3,3.2,0.3,0,0,0,0,1,0,0,0,1,0
2024-03-26 05:00:00,2,6,0,40,0,7.8,1.5,6.1,0,0,0,0,0,1,0,0,1,0
2024-03-05 05:00:00,2,6,0,26,0,7.2,5.5,0.0,0,0,0,0,0,1,0,0,1,0
2024-03-27 05:00:00,2,6,0,27,0,9.1,1.4,5.9,0,0,0,0,0,0,1,0,1,0
2024-03-06 03:00:00,2,4,0,5,0,8.1,5.7,0.6,0,0,0,0,0,0,1,0,1,0
2024-03-06 04:00:00,2,5,0,1,0,8.1,5.7,0.6,0,0,0,0,0,0,1,0,1,0
2024-03-15 00:00:00,1,1,0,30,0,8.4,3.8,2.1,1,0,0,0,0,0,0,0,1,0
2024-03-08 02:00:00,1,3,0,16,0,6.2,3.6,0.0,1,0,0,0,0,0,0,0,1,0
2024-03-01 04:00:00,1,5,0,12,0,7.6,-1.6,2.2,1,0,0,0,0,0,0,0,1,0
2024-03-15 04:00:00,1,5,0,7,0,8.4,3.8,2.1,1,0,0,0,0,0,0,0,1,0
2024-03-15 03:00:00,1,4,0,6,0,8.4,3.8,2.1,1,0,0,0,0,0,0,0,1,0
2024-03-08 04:00:00,1,5,0,4,0,6.2,3.6,0.0,1,0,0,0,0,0,0,0,1,0
2024-03-01 03:00:00,0,4,0,2,0,7.6,-1.6,2.2,1,0,0,0,0,0,0,0,1,0
2024-03-15 02:00:00,0,3,0,2,0,8.4,3.8,2.1,1,0,0,0,0,0,0,0,1,0
2024-03-04 22:00:00,0,23,0,111,0,9.9,-1.6,1.0,0,1,0,0,0,0,0,0,1,0
2024-03-18 05:00:00,0,6,0,28,0,14.1,6.1,2.3,0,1,0,0,0,0,0,0,1,0
2024-03-04 23:00:00,0,0,0,26,0,9.9,-1.6,1.0,0,1,0,0,0,0,0,0,1,0
2024-03-25 02:00:00,0,3,0,23,0,7.4,4.0,15.2,0,1,0,0,0,0,0,0,1,0
2024-03-25 01:00:00,0,2,0,21,0,7.4,4.0,15.2,0,1,0,0,0,0,0,0,1,0
2024-03-25 03:00:00,0,4,0,2,0,7.4,4.0,15.2,0,1,0,0,0,0,0,0,1,0
2024-03-30 02:00:00,0,3,0,41,0,11.2,3.4,1.3,0,0,1,0,0,0,0,0,1,0
2024-03-23 02:00:00,0,3,0,22,0,12.1,5.0,0.0,0,0,1,0,0,0,0,0,1,0
2024-03-30 05:00:00,0,6,0,18,0,11.2,3.4,1.3,0,0,1,0,0,0,0,0,1,0
2024-03-23 03:00:00,0,4,0,17,0,12.1,5.0,0.0,0,0,1,0,0,0,0,0,1,0
2024-03-30 04:00:00,0,5,0,13,0,11.2,3.4,1.3,0,0,1,0,0,0,0,0,1,0
2024-03-24 18:00:00,0,19,0,234,0,6.5,5.0,0.0,0,0,0,1,0,0,0,0,1,0
2024-03-03 21:00:00,0,22,0,156,0,8.1,5.5,0.0,0,0,0,1,0,0,0,0,1,0
2024-03-03 07:00:00,0,8,0,30,0,8.1,5.5,0.0,0,0,0,1,0,0,0,0,1,0
2024-03-24 05:00:00,0,6,0,13,0,6.5,5.0,0.0,0,0,0,1,0,0,0,0,1,0
2024-03-03 05:00:00,0,6,0,12,0,8.1,5.5,0.0,0,0,0,1,0,0,0,0,1,0
2024-03-21 01:00:00,0,2,0,32,0,11.3,3.2,0.3,0,0,0,0,1,0,0,0,1,0
2024-03-14 23:00:00,0,0,0,29,0,9.2,3.8,15.0,0,0,0,0,1,0,0,0,1,0
2024-03-28 05:00:00,0,6,0,25,0,10.2,2.1,4.5,0,0,0,0,1,0,0,0,1,0
2024-03-28 03:00:00,0,4,0,12,0,10.2,2.1,4.5,0,0,0,0,1,0,0,0,1,0
2024-03-21 04:00:00,0,5,0,6,0,11.3,3.2,0.3,0,0,0,0,1,0,0,0,1,0
2024-03-07 04:00:00,0,5,0,5,0,6.5,5.5,1.5,0,0,0,0,1,0,0,0,1,0
2024-03-26 21:00:00,0,22,0,188,0,7.8,1.5,6.1,0,0,0,0,0,1,0,0,1,0
2024-03-19 22:00:00,0,23,0,144,0,7.8,8.5,0.0,0,0,0,0,0,1,0,0,1,0
2024-03-26 22:00:00,0,23,0,101,0,7.8,1.5,6.1,0,0,0,0,0,1,0,0,1,0
2024-03-05 00:00:00,0,1,0,44,0,7.2,5.5,0.0,0,0,0,0,0,1,0,0,1,0
2024-03-26 23:00:00,0,0,0,43,0,7.8,1.5,6.1,0,0,0,0,0,1,0,0,1,0
2024-03-05 01:00:00,0,2,0,15,0,7.2,5.5,0.0,0,0,0,0,0,1,0,0,1,0
2024-03-26 03:00:00,0,4,0,14,0,7.8,1.5,6.1,0,0,0,0,0,1,0,0,1,0
2024-03-26 02:00:00,0,3,0,1,0,7.8,1.5,6.1,0,0,0,0,0,1,0,0,1,0
2024-03-27 21:00:00,0,22,0,128,0,9.1,1.4,5.9,0,0,0,0,0,0,1,0,1,0
2024-03-20 00:00:00,0,1,0,32,0,12.3,6.2,0.0,0,0,0,0,0,0,1,0,1,0
2024-03-20 01:00:00,0,2,0,21,0,12.3,6.2,0.0,0,0,0,0,0,0,1,0,1,0
2024-03-27 00:00:00,0,1,0,18,0,9.1,1.4,5.9,0,0,0,0,0,0,1,0,1,0
2024-03-06 05:00:00,0,6,0,13,0,8.1,5.7,0.6,0,0,0,0,0,0,1,0,1,0
2024-03-27 01:00:00,0,2,0,11,0,9.1,1.4,5.9,0,0,0,0,0,0,1,0,1,0
2024-03-20 02:00:00,0,3,0,10,0,12.3,6.2,0.0,0,0,0,0,0,0,1,0,1,0
2024-03-27 02:00:00,0,3,0,9,0,9.1,1.4,5.9,0,0,0,0,0,0,1,0,1,0
2024-03-27 04:00:00,0,5,0,4,0,9.1,1.4,5.9,0,0,0,0,0,0,1,0,1,0
2024-03-20 04:00:00,0,5,0,3,0,12.3,6.2,0.0,0,0,0,0,0,0,1,0,1,0
2024-03-04 05:00:00,1,6,0,38,0,9.9,-1.6,1.0,0,1,0,0,0,0,0,0,1,0
2024-03-25 22:00:00,1,23,0,33,0,7.4,4.0,15.2,0,1,0,0,0,0,0,0,1,0
2024-03-18 04:00:00,1,5,0,18,0,14.1,6.1,2.3,0,1,0,0,0,0,0,0,1,0
2024-03-25 23:00:00,1,0,0,17,0,7.4,4.0,15.2,0,1,0,0,0,0,0,0,1,0
2024-03-02 00:00:00,1,1,0,75,0,6.8,5.5,3.2,0,0,1,0,0,0,0,0,1,0
2024-03-30 01:00:00,1,2,0,59,0,11.2,3.4,1.3,0,0,1,0,0,0,0,0,1,0
2024-03-02 02:00:00,1,3,0,56,0,6.8,5.5,3.2,0,0,1,0,0,0,0,0,1,0
2024-03-03 18:00:00,1,19,0,283,0,8.1,5.5,0.0,0,0,0,1,0,0,0,0,1,0
2024-03-31 04:00:00,1,5,0,44,0,8.8,1.4,0.1,0,0,0,1,0,0,0,0,1,0
2024-03-03 06:00:00,1,7,0,14,0,8.1,5.5,0.0,0,0,0,1,0,0,0,0,1,0
2024-03-07 20:00:00,1,21,0,215,0,6.5,5.5,1.5,0,0,0,0,1,0,0,0,1,0
2024-03-14 21:00:00,1,22,0,103,0,9.2,3.8,15.0,0,0,0,0,1,0,0,0,1,0
2024-03-21 05:00:00,1,6,0,51,0,11.3,3.2,0.3,0,0,0,0,1,0,0,0,1,0
2024-03-07 05:00:00,1,6,0,38,0,6.5,5.5,1.5,0,0,0,0,1,0,0,0,1,0
2024-03-07 02:00:00,1,3,0,26,0,6.5,5.5,1.5,0,0,0,0,1,0,0,0,1,0
2024-03-28 04:00:00,1,5,0,9,0,10.2,2.1,4.5,0,0,0,0,1,0,0,0,1,0
2024-03-07 03:00:00,1,4,0,5,0,6.5,5.5,1.5,0,0,0,0,1,0,0,0,1,0
2024-03-26 20:00:00,1,21,0,286,0,7.8,1.5,6.1,0,0,0,0,0,1,0,0,1,0
2024-03-05 22:00:00,1,23,0,70,0,7.2,5.5,0.0,0,0,0,0,0,1,0,0,1,0
2024-03-05 06:00:00,1,7,0,67,0,7.2,5.5,0.0,0,0,0,0,0,1,0,0,1,0
2024-03-12 01:00:00,1,2,0,9,0,11.2,5.1,1.8,0,0,0,0,0,1,0,0,1,0
2024-03-05 04:00:00,1,5,0,4,0,7.2,5.5,0.0,0,0,0,0,0,1,0,0,1,0
2024-03-26 04:00:00,1,5,0,2,0,7.8,1.5,6.1,0,0,0,0,0,1,0,0,1,0
2024-03-06 20:00:00,1,21,0,182,0,8.1,5.7,0.6,0,0,0,0,0,0,1,0,1,0
2024-03-20 23:00:00,1,0,0,55,0,12.3,6.2,0.0,0,0,0,0,0,0,1,0,1,0
2024-03-27 23:00:00,1,0,0,45,0,9.1,1.4,5.9,0,0,0,0,0,0,1,0,1,0
2024-03-20 05:00:00,1,6,0,35,0,12.3,6.2,0.0,0,0,0,0,0,0,1,0,1,0
2024-03-06 23:00:00,1,0,0,27,0,8.1,5.7,0.6,0,0,0,0,0,0,1,0,1,0
2024-03-29 00:00:00,0,1,0,60,1,12.0,4.8,0.0,1,0,0,0,0,0,0,0,1,0
2024-03-08 00:00:00,0,1,0,27,0,6.2,3.6,0.0,1,0,0,0,0,0,0,0,1,0
2024-03-08 01:00:00,0,2,0,26,0,6.2,3.6,0.0,1,0,0,0,0,0,0,0,1,0
2024-03-01 01:00:00,0,2,0,20,0,7.6,-1.6,2.2,1,0,0,0,0,0,0,0,1,0
2024-03-15 01:00:00,0,2,0,14,0,8.4,3.8,2.1,1,0,0,0,0,0,0,0,1,0
2023-11-02 07:00:00,6,8,2,300,0,12.7,3.2,0.3,0,0,0,0,1,0,0,0,1,0
2023-11-02 18:00:00,9,19,1,613,0,12.7,3.2,0.3,0,0,0,0,1,0,0,0,1,0
2023-11-02 19:00:00,6,20,1,445,0,12.7,3.2,0.3,0,0,0,0,1,0,0,0,1,0
2023-11-02 22:00:00,5,23,1,245,0,12.7,3.2,0.3,0,0,0,0,1,0,0,0,1,0
2023-11-01 15:00:00,22,16,1,1219,0,10.0,4.0,7.7,0,0,0,0,0,0,1,0,1,0
2023-11-01 17:00:00,15,18,1,791,0,10.0,4.0,7.7,0,0,0,0,0,0,1,0,1,0
2023-11-01 18:00:00,5,19,1,302,0,10.0,4.0,7.7,0,0,0,0,0,0,1,0,1,0
2023-11-01 02:00:00,1,3,1,29,0,10.0,4.0,7.7,0,0,0,0,0,0,1,0,1,0
2023-11-01 01:00:00,0,2,1,56,0,10.0,4.0,7.7,0,0,0,0,0,0,1,0,1,0
2023-11-01 13:00:00,11,14,16,1825,0,10.0,4.0,7.7,0,0,0,0,0,0,1,0,1,0
2023-11-01 14:00:00,18,15,15,1847,0,10.0,4.0,7.7,0,0,0,0,0,0,1,0,1,0
2023-11-01 12:00:00,8,13,15,1928,0,10.0,4.0,7.7,0,0,0,0,0,0,1,0,1,0
2023-11-01 11:00:00,18,12,13,1645,0,10.0,4.0,7.7,0,0,0,0,0,0,1,0,1,0
2023-11-01 10:00:00,9,11,11,1311,0,10.0,4.0,7.7,0,0,0,0,0,0,1,0,1,0
2023-11-01 09:00:00,8,10,7,1094,0,10.0,4.0,7.7,0,0,0,0,0,0,1,0,1,0
2023-11-01 08:00:00,13,9,6,645,0,10.0,4.0,7.7,0,0,0,0,0,0,1,0,1,0
2023-11-01 07:00:00,9,8,3,237,0,10.0,4.0,7.7,0,0,0,0,0,0,1,0,1,0
2023-11-01 16:00:00,13,17,0,1389,0,10.0,4.0,7.7,0,0,0,0,0,0,1,0,1,0
2023-11-01 22:00:00,4,23,0,74,0,10.0,4.0,7.7,0,0,0,0,0,0,1,0,1,0
2023-11-01 05:00:00,4,6,0,45,0,10.0,4.0,7.7,0,0,0,0,0,0,1,0,1,0
2023-11-01 19:00:00,3,20,0,144,0,10.0,4.0,7.7,0,0,0,0,0,0,1,0,1,0
2023-11-01 20:00:00,3,21,0,68,0,10.0,4.0,7.7,0,0,0,0,0,0,1,0,1,0
2023-11-01 06:00:00,3,7,0,63,0,10.0,4.0,7.7,0,0,0,0,0,0,1,0,1,0
2023-11-01 21:00:00,3,22,0,63,0,10.0,4.0,7.7,0,0,0,0,0,0,1,0,1,0
2023-11-01 23:00:00,2,0,0,48,0,10.0,4.0,7.7,0,0,0,0,0,0,1,0,1,0
2023-11-01 00:00:00,0,1,0,44,0,10.0,4.0,7.7,0,0,0,0,0,0,1,0,1,0
2023-11-01 03:00:00,0,4,0,41,0,10.0,4.0,7.7,0,0,0,0,0,0,1,0,1,0
2023-11-01 04:00:00,0,5,0,9,0,10.0,4.0,7.7,0,0,0,0,0,0,1,0,1,0
2023-11-02 15:00:00,12,16,38,2922,0,12.7,3.2,0.3,0,0,0,0,1,0,0,0,1,0
2023-11-02 13:00:00,11,14,30,3835,0,12.7,3.2,0.3,0,0,0,0,1,0,0,0,1,0
2023-11-02 11:00:00,17,12,28,3036,0,12.7,3.2,0.3,0,0,0,0,1,0,0,0,1,0
2023-11-02 08:00:00,7,9,5,835,0,12.7,3.2,0.3,0,0,0,0,1,0,0,0,1,0
2023-11-02 00:00:00,5,1,4,11,0,12.7,3.2,0.3,0,0,0,0,1,0,0,0,1,0
2023-11-02 16:00:00,14,17,25,2636,0,12.7,3.2,0.3,0,0,0,0,1,0,0,0,1,0
2023-11-02 12:00:00,14,13,24,3551,0,12.7,3.2,0.3,0,0,0,0,1,0,0,0,1,0
2023-11-02 10:00:00,18,11,19,2885,0,12.7,3.2,0.3,0,0,0,0,1,0,0,0,1,0
2023-11-02 14:00:00,12,15,18,3329,0,12.7,3.2,0.3,0,0,0,0,1,0,0,0,1,0
2023-11-02 17:00:00,5,18,0,1649,0,12.7,3.2,0.3,0,0,0,0,1,0,0,0,1,0
2023-11-02 06:00:00,5,7,0,59,0,12.7,3.2,0.3,0,0,0,0,1,0,0,0,1,0
2023-11-02 04:00:00,5,5,0,22,0,12.7,3.2,0.3,0,0,0,0,1,0,0,0,1,0
2023-11-02 05:00:00,4,6,0,45,0,12.7,3.2,0.3,0,0,0,0,1,0,0,0,1,0
2023-11-02 20:00:00,3,21,0,364,0,12.7,3.2,0.3,0,0,0,0,1,0,0,0,1,0
2023-11-02 21:00:00,2,22,0,316,0,12.7,3.2,0.3,0,0,0,0,1,0,0,0,1,0
2023-11-02 09:00:00,15,10,12,1732,0,12.7,3.2,0.3,0,0,0,0,1,0,0,0,1,0
2023-11-02 23:00:00,1,0,0,88,0,12.7,3.2,0.3,0,0,0,0,1,0,0,0,1,0
2023-11-02 03:00:00,1,4,0,2,0,12.7,3.2,0.3,0,0,0,0,1,0,0,0,1,0
2023-11-02 01:00:00,0,2,0,12,0,12.7,3.2,0.3,0,0,0,0,1,0,0,0,1,0
2023-11-02 02:00:00,0,3,0,8,0,12.7,3.2,0.3,0,0,0,0,1,0,0,0,1,0
2023-11-03 12:00:00,16,13,18,2910,0,11.2,7.3,1.4,1,0,0,0,0,0,0,0,1,0
2023-11-03 15:00:00,8,16,18,2285,0,11.2,7.3,1.4,1,0,0,0,0,0,0,0,1,0
2023-11-03 11:00:00,15,12,17,2999,0,11.2,7.3,1.4,1,0,0,0,0,0,0,0,1,0
2023-11-03 14:00:00,8,15,15,3012,0,11.2,7.3,1.4,1,0,0,0,0,0,0,0,1,0
2023-11-03 13:00:00,15,14,13,3310,0,11.2,7.3,1.4,1,0,0,0,0,0,0,0,1,0
2023-11-03 10:00:00,81,11,12,1956,0,11.2,7.3,1.4,1,0,0,0,0,0,0,0,1,0
2023-11-03 16:00:00,17,17,10,2317,0,11.2,7.3,1.4,1,0,0,0,0,0,0,0,1,0
2023-11-03 09:00:00,23,10,9,1492,0,11.2,7.3,1.4,1,0,0,0,0,0,0,0,1,0
2023-11-04 11:00:00,10,12,17,3062,0,10.6,5.5,0.6,0,0,1,0,0,0,0,0,1,0
2023-11-04 14:00:00,14,15,15,3972,0,10.6,5.5,0.6,0,0,1,0,0,0,0,0,1,0
2023-11-03 20:00:00,6,21,1,252,0,11.2,7.3,1.4,1,0,0,0,0,0,0,0,1,0
2023-11-04 09:00:00,18,10,10,1234,0,10.6,5.5,0.6,0,0,1,0,0,0,0,0,1,0
2023-11-04 17:00:00,8,18,8,1603,0,10.6,5.5,0.6,0,0,1,0,0,0,0,0,1,0
2023-11-04 08:00:00,8,9,6,513,0,10.6,5.5,0.6,0,0,1,0,0,0,0,0,1,0
2023-11-03 22:00:00,6,23,0,172,0,11.2,7.3,1.4,1,0,0,0,0,0,0,0,1,0
2023-11-03 05:00:00,6,6,0,79,0,11.2,7.3,1.4,1,0,0,0,0,0,0,0,1,0
2023-11-03 06:00:00,4,7,0,90,0,11.2,7.3,1.4,1,0,0,0,0,0,0,0,1,0
2023-11-03 23:00:00,2,0,0,63,0,11.2,7.3,1.4,1,0,0,0,0,0,0,0,1,0
2023-11-03 03:00:00,2,4,0,15,0,11.2,7.3,1.4,1,0,0,0,0,0,0,0,1,0
2023-11-03 21:00:00,1,22,0,148,0,11.2,7.3,1.4,1,0,0,0,0,0,0,0,1,0
2023-11-03 02:00:00,1,3,0,16,0,11.2,7.3,1.4,1,0,0,0,0,0,0,0,1,0
2023-11-03 00:00:00,0,1,0,93,0,11.2,7.3,1.4,1,0,0,0,0,0,0,0,1,0
2023-11-03 04:00:00,0,5,0,18,0,11.2,7.3,1.4,1,0,0,0,0,0,0,0,1,0
2023-11-03 01:00:00,0,2,0,14,0,11.2,7.3,1.4,1,0,0,0,0,0,0,0,1,0
2023-11-04 10:00:00,12,11,33,2419,0,10.6,5.5,0.6,0,0,1,0,0,0,0,0,1,0
2023-11-04 12:00:00,12,13,26,3261,0,10.6,5.5,0.6,0,0,1,0,0,0,0,0,1,0
2023-11-04 16:00:00,7,17,26,3348,0,10.6,5.5,0.6,0,0,1,0,0,0,0,0,1,0
2023-11-04 13:00:00,20,14,20,3784,0,10.6,5.5,0.6,0,0,1,0,0,0,0,0,1,0
2023-11-04 15:00:00,11,16,19,3688,0,10.6,5.5,0.6,0,0,1,0,0,0,0,0,1,0
2023-11-04 23:00:00,6,0,2,96,0,10.6,5.5,0.6,0,0,1,0,0,0,0,0,1,0
2023-11-04 07:00:00,6,8,2,73,0,10.6,5.5,0.6,0,0,1,0,0,0,0,0,1,0
2023-11-04 19:00:00,8,20,1,476,0,10.6,5.5,0.6,0,0,1,0,0,0,0,0,1,0
2023-11-04 18:00:00,5,19,1,644,0,10.6,5.5,0.6,0,0,1,0,0,0,0,0,1,0
2023-11-04 21:00:00,4,22,1,455,0,10.6,5.5,0.6,0,0,1,0,0,0,0,0,1,0
2023-11-04 22:00:00,7,23,0,214,0,10.6,5.5,0.6,0,0,1,0,0,0,0,0,1,0
2023-11-04 20:00:00,5,21,0,460,0,10.6,5.5,0.6,0,0,1,0,0,0,0,0,1,0
2023-11-04 00:00:00,3,1,0,73,0,10.6,5.5,0.6,0,0,1,0,0,0,0,0,1,0
2023-11-04 01:00:00,3,2,0,12,0,10.6,5.5,0.6,0,0,1,0,0,0,0,0,1,0
2023-11-04 06:00:00,1,7,0,39,0,10.6,5.5,0.6,0,0,1,0,0,0,0,0,1,0
2023-11-04 05:00:00,0,6,0,26,0,10.6,5.5,0.6,0,0,1,0,0,0,0,0,1,0
2023-11-04 03:00:00,0,4,0,18,0,10.6,5.5,0.6,0,0,1,0,0,0,0,0,1,0
2023-11-04 02:00:00,0,3,0,9,0,10.6,5.5,0.6,0,0,1,0,0,0,0,0,1,0
2023-11-04 04:00:00,0,5,0,4,0,10.6,5.5,0.6,0,0,1,0,0,0,0,0,1,0
2023-11-03 08:00:00,22,9,7,771,0,11.2,7.3,1.4,1,0,0,0,0,0,0,0,1,0
2023-11-03 07:00:00,8,8,6,161,0,11.2,7.3,1.4,1,0,0,0,0,0,0,0,1,0
2023-11-03 18:00:00,9,19,3,399,0,11.2,7.3,1.4,1,0,0,0,0,0,0,0,1,0
2023-11-03 17:00:00,7,18,3,1413,0,11.2,7.3,1.4,1,0,0,0,0,0,0,0,1,0
2023-11-03 19:00:00,10,20,2,429,0,11.2,7.3,1.4,1,0,0,0,0,0,0,0,1,0
2023-11-06 21:00:00,1,22,2,199,0,12.1,3.3,0.2,0,1,0,0,0,0,0,0,1,0
2023-11-05 20:00:00,10,21,1,171,0,10.8,5.5,0.0,0,0,0,1,0,0,0,0,1,0
2023-11-06 20:00:00,0,21,2,235,0,12.1,3.3,0.2,0,1,0,0,0,0,0,0,1,0
2023-11-06 00:00:00,10,1,0,40,0,12.1,3.3,0.2,0,1,0,0,0,0,0,0,1,0
2023-11-05 21:00:00,5,22,1,106,0,10.8,5.5,0.0,0,0,0,1,0,0,0,0,1,0
2023-11-06 07:00:00,9,8,6,238,0,12.1,3.3,0.2,0,1,0,0,0,0,0,0,1,0
2023-11-06 18:00:00,4,19,5,457,0,12.1,3.3,0.2,0,1,0,0,0,0,0,0,1,0
2023-11-05 19:00:00,4,20,1,208,0,10.8,5.5,0.0,0,0,0,1,0,0,0,0,1,0
2023-11-05 17:00:00,1,18,1,761,0,10.8,5.5,0.0,0,0,0,1,0,0,0,0,1,0
2023-11-06 19:00:00,8,20,0,314,0,12.1,3.3,0.2,0,1,0,0,0,0,0,0,1,0
2023-11-05 09:00:00,10,10,4,298,0,10.8,5.5,0.0,0,0,0,1,0,0,0,0,1,0
2023-11-05 12:00:00,14,13,11,2117,0,10.8,5.5,0.0,0,0,0,1,0,0,0,0,1,0
2023-11-05 04:00:00,0,5,1,11,0,10.8,5.5,0.0,0,0,0,1,0,0,0,0,1,0
2023-11-05 07:00:00,6,8,4,29,0,10.8,5.5,0.0,0,0,0,1,0,0,0,0,1,0
2023-11-05 16:00:00,2,17,10,1839,0,10.8,5.5,0.0,0,0,0,1,0,0,0,0,1,0
2023-11-05 13:00:00,7,14,8,2300,0,10.8,5.5,0.0,0,0,0,1,0,0,0,0,1,0
2023-11-05 15:00:00,3,16,8,2311,0,10.8,5.5,0.0,0,0,0,1,0,0,0,0,1,0
2023-11-05 08:00:00,6,9,7,137,0,10.8,5.5,0.0,0,0,0,1,0,0,0,0,1,0
2023-11-05 14:00:00,4,15,7,2891,0,10.8,5.5,0.0,0,0,0,1,0,0,0,0,1,0
2023-11-05 18:00:00,4,19,6,341,0,10.8,5.5,0.0,0,0,0,1,0,0,0,0,1,0
2023-11-05 11:00:00,10,12,5,1781,0,10.8,5.5,0.0,0,0,0,1,0,0,0,0,1,0
2023-11-06 06:00:00,5,7,0,71,0,12.1,3.3,0.2,0,1,0,0,0,0,0,0,1,0
2023-11-06 23:00:00,3,0,0,49,0,12.1,3.3,0.2,0,1,0,0,0,0,0,0,1,0
2023-11-06 03:00:00,3,4,0,7,0,12.1,3.3,0.2,0,1,0,0,0,0,0,0,1,0
2023-11-06 17:00:00,2,18,0,1432,0,12.1,3.3,0.2,0,1,0,0,0,0,0,0,1,0
2023-11-06 01:00:00,1,2,0,8,0,12.1,3.3,0.2,0,1,0,0,0,0,0,0,1,0
2023-11-05 10:00:00,1,11,3,808,0,10.8,5.5,0.0,0,0,0,1,0,0,0,0,1,0
2023-11-06 22:00:00,0,23,0,128,0,12.1,3.3,0.2,0,1,0,0,0,0,0,0,1,0
2023-11-06 02:00:00,0,3,0,18,0,12.1,3.3,0.2,0,1,0,0,0,0,0,0,1,0
2023-11-06 04:00:00,0,5,0,7,0,12.1,3.3,0.2,0,1,0,0,0,0,0,0,1,0
2023-11-07 14:00:00,16,15,16,2715,0,10.1,5.6,2.2,0,0,0,0,0,1,0,0,1,0
2023-11-07 09:00:00,33,10,13,1341,0,10.1,5.6,2.2,0,0,0,0,0,1,0,0,1,0
2023-11-07 08:00:00,11,9,12,757,0,10.1,5.6,2.2,0,0,0,0,0,1,0,0,1,0
2023-11-07 13:00:00,8,14,12,2837,0,10.1,5.6,2.2,0,0,0,0,0,1,0,0,1,0
2023-11-07 15:00:00,4,16,12,2606,0,10.1,5.6,2.2,0,0,0,0,0,1,0,0,1,0
2023-11-07 16:00:00,6,17,9,2491,0,10.1,5.6,2.2,0,0,0,0,0,1,0,0,1,0
2023-11-06 12:00:00,22,13,44,2739,0,12.1,3.3,0.2,0,1,0,0,0,0,0,0,1,0
2023-11-06 05:00:00,0,6,1,41,0,12.1,3.3,0.2,0,1,0,0,0,0,0,0,1,0
2023-11-07 12:00:00,29,13,59,3048,0,10.1,5.6,2.2,0,0,0,0,0,1,0,0,1,0
2023-11-07 11:00:00,23,12,25,2838,0,10.1,5.6,2.2,0,0,0,0,0,1,0,0,1,0
2023-11-07 10:00:00,33,11,19,2528,0,10.1,5.6,2.2,0,0,0,0,0,1,0,0,1,0
2023-11-06 13:00:00,11,14,30,2218,0,12.1,3.3,0.2,0,1,0,0,0,0,0,0,1,0
2023-11-06 09:00:00,17,10,18,1312,0,12.1,3.3,0.2,0,1,0,0,0,0,0,0,1,0
2023-11-06 14:00:00,10,15,18,2738,0,12.1,3.3,0.2,0,1,0,0,0,0,0,0,1,0
2023-11-06 10:00:00,30,11,15,1932,0,12.1,3.3,0.2,0,1,0,0,0,0,0,0,1,0
2023-11-06 11:00:00,12,12,15,2553,0,12.1,3.3,0.2,0,1,0,0,0,0,0,0,1,0
2023-11-06 08:00:00,17,9,12,607,0,12.1,3.3,0.2,0,1,0,0,0,0,0,0,1,0
2023-11-06 16:00:00,9,17,12,2090,0,12.1,3.3,0.2,0,1,0,0,0,0,0,0,1,0
2023-11-06 15:00:00,9,16,11,2262,0,12.1,3.3,0.2,0,1,0,0,0,0,0,0,1,0
2023-11-05 23:00:00,4,0,0,35,0,10.8,5.5,0.0,0,0,0,1,0,0,0,0,1,0
2023-11-05 01:00:00,3,2,0,80,0,10.8,5.5,0.0,0,0,0,1,0,0,0,0,1,0
2023-11-05 00:00:00,2,1,0,126,0,10.8,5.5,0.0,0,0,0,1,0,0,0,0,1,0
2023-11-05 06:00:00,2,7,0,41,0,10.8,5.5,0.0,0,0,0,1,0,0,0,0,1,0
2023-11-05 02:00:00,1,3,0,43,0,10.8,5.5,0.0,0,0,0,1,0,0,0,0,1,0
2023-11-05 03:00:00,0,4,0,117,0,10.8,5.5,0.0,0,0,0,1,0,0,0,0,1,0
2023-11-05 22:00:00,0,23,0,77,0,10.8,5.5,0.0,0,0,0,1,0,0,0,0,1,0
2023-11-05 05:00:00,0,6,0,17,0,10.8,5.5,0.0,0,0,0,1,0,0,0,0,1,0
2023-11-07 20:00:00,6,21,0,362,0,10.1,5.6,2.2,0,0,0,0,0,1,0,0,1,0
2023-11-09 08:00:00,12,9,10,714,0,7.9,0.7,0.0,0,0,0,0,1,0,0,0,1,0
2023-11-08 00:00:00,0,1,0,10,0,8.9,3.0,0.8,0,0,0,0,0,0,1,0,1,0
2023-11-07 05:00:00,6,6,0,49,0,10.1,5.6,2.2,0,0,0,0,0,1,0,0,1,0
2023-11-08 02:00:00,0,3,0,6,0,8.9,3.0,0.8,0,0,0,0,0,0,1,0,1,0
2023-11-07 22:00:00,5,23,0,213,0,10.1,5.6,2.2,0,0,0,0,0,1,0,0,1,0
2023-11-09 09:00:00,22,10,9,1180,0,7.9,0.7,0.0,0,0,0,0,1,0,0,0,1,0
2023-11-08 04:00:00,0,5,0,6,0,8.9,3.0,0.8,0,0,0,0,0,0,1,0,1,0
2023-11-07 21:00:00,3,22,0,292,0,10.1,5.6,2.2,0,0,0,0,0,1,0,0,1,0
2023-11-08 08:00:00,13,9,8,572,0,8.9,3.0,0.8,0,0,0,0,0,0,1,0,1,0
2023-11-08 18:00:00,7,19,7,578,0,8.9,3.0,0.8,0,0,0,0,0,0,1,0,1,0
2023-11-08 20:00:00,5,21,6,393,0,8.9,3.0,0.8,0,0,0,0,0,0,1,0,1,0
2023-11-08 16:00:00,10,17,4,1953,0,8.9,3.0,0.8,0,0,0,0,0,0,1,0,1,0
2023-11-08 19:00:00,5,20,4,395,0,8.9,3.0,0.8,0,0,0,0,0,0,1,0,1,0
2023-11-08 22:00:00,8,23,2,193,0,8.9,3.0,0.8,0,0,0,0,0,0,1,0,1,0
2023-11-08 23:00:00,3,0,2,73,0,8.9,3.0,0.8,0,0,0,0,0,0,1,0,1,0
2023-11-08 21:00:00,0,22,2,269,0,8.9,3.0,0.8,0,0,0,0,0,0,1,0,1,0
2023-11-07 23:00:00,3,0,0,35,0,10.1,5.6,2.2,0,0,0,0,0,1,0,0,1,0
2023-11-07 18:00:00,2,19,0,940,0,10.1,5.6,2.2,0,0,0,0,0,1,0,0,1,0
2023-11-07 06:00:00,2,7,0,67,0,10.1,5.6,2.2,0,0,0,0,0,1,0,0,1,0
2023-11-09 17:00:00,9,18,6,1615,0,7.9,0.7,0.0,0,0,0,0,1,0,0,0,1,0
2023-11-09 07:00:00,10,8,5,188,0,7.9,0.7,0.0,0,0,0,0,1,0,0,0,1,0
2023-11-09 13:00:00,10,14,4,1578,0,7.9,0.7,0.0,0,0,0,0,1,0,0,0,1,0
2023-11-09 19:00:00,3,20,3,350,0,7.9,0.7,0.0,0,0,0,0,1,0,0,0,1,0
2023-11-08 10:00:00,27,11,19,1640,0,8.9,3.0,0.8,0,0,0,0,0,0,1,0,1,0
2023-11-07 00:00:00,0,1,0,31,0,10.1,5.6,2.2,0,0,0,0,0,1,0,0,1,0
2023-11-07 07:00:00,15,8,4,189,0,10.1,5.6,2.2,0,0,0,0,0,1,0,0,1,0
2023-11-08 07:00:00,7,8,1,151,0,8.9,3.0,0.8,0,0,0,0,0,0,1,0,1,0
2023-11-07 02:00:00,0,3,0,12,0,10.1,5.6,2.2,0,0,0,0,0,1,0,0,1,0
2023-11-07 03:00:00,0,4,0,3,0,10.1,5.6,2.2,0,0,0,0,0,1,0,0,1,0
2023-11-08 12:00:00,9,13,61,2461,0,8.9,3.0,0.8,0,0,0,0,0,0,1,0,1,0
2023-11-08 11:00:00,9,12,37,2208,0,8.9,3.0,0.8,0,0,0,0,0,0,1,0,1,0
2023-11-08 17:00:00,2,18,1,1496,0,8.9,3.0,0.8,0,0,0,0,0,0,1,0,1,0
2023-11-09 12:00:00,15,13,32,1920,0,7.9,0.7,0.0,0,0,0,0,1,0,0,0,1,0
2023-11-08 13:00:00,14,14,16,2668,0,8.9,3.0,0.8,0,0,0,0,0,0,1,0,1,0
2023-11-08 06:00:00,7,7,0,60,0,8.9,3.0,0.8,0,0,0,0,0,0,1,0,1,0
2023-11-08 03:00:00,2,4,0,3,0,8.9,3.0,0.8,0,0,0,0,0,0,1,0,1,0
2023-11-08 05:00:00,1,6,0,45,0,8.9,3.0,0.8,0,0,0,0,0,0,1,0,1,0
2023-11-08 01:00:00,0,2,0,13,0,8.9,3.0,0.8,0,0,0,0,0,0,1,0,1,0
2023-11-09 11:00:00,8,12,24,2789,0,7.9,0.7,0.0,0,0,0,0,1,0,0,0,1,0
2023-11-09 10:00:00,14,11,23,1910,0,7.9,0.7,0.0,0,0,0,0,1,0,0,0,1,0
2023-11-08 14:00:00,9,15,14,2262,0,8.9,3.0,0.8,0,0,0,0,0,0,1,0,1,0
2023-11-07 17:00:00,3,18,2,2016,0,10.1,5.6,2.2,0,0,0,0,0,1,0,0,1,0
2023-11-08 09:00:00,24,10,12,1154,0,8.9,3.0,0.8,0,0,0,0,0,0,1,0,1,0
2023-11-08 15:00:00,7,16,12,2321,0,8.9,3.0,0.8,0,0,0,0,0,0,1,0,1,0
2023-11-09 14:00:00,22,15,15,2675,0,7.9,0.7,0.0,0,0,0,0,1,0,0,0,1,0
2023-11-07 19:00:00,13,20,1,573,0,10.1,5.6,2.2,0,0,0,0,0,1,0,0,1,0
2023-11-07 04:00:00,4,5,1,21,0,10.1,5.6,2.2,0,0,0,0,0,1,0,0,1,0
2023-11-09 18:00:00,5,19,13,569,0,7.9,0.7,0.0,0,0,0,0,1,0,0,0,1,0
2023-11-07 01:00:00,0,2,1,12,0,10.1,5.6,2.2,0,0,0,0,0,1,0,0,1,0
2023-11-09 16:00:00,11,17,12,2244,0,7.9,0.7,0.0,0,0,0,0,1,0,0,0,1,0
2023-11-09 21:00:00,7,22,1,197,0,7.9,0.7,0.0,0,0,0,0,1,0,0,0,1,0
2023-11-09 20:00:00,6,21,1,217,0,7.9,0.7,0.0,0,0,0,0,1,0,0,0,1,0
2023-11-09 22:00:00,2,23,1,186,0,7.9,0.7,0.0,0,0,0,0,1,0,0,0,1,0
2023-11-09 23:00:00,2,0,1,72,0,7.9,0.7,0.0,0,0,0,0,1,0,0,0,1,0
2023-11-09 15:00:00,14,16,10,2541,0,7.9,0.7,0.0,0,0,0,0,1,0,0,0,1,0
2023-11-10 16:00:00,13,17,16,2435,0,9.6,-1.6,0.2,1,0,0,0,0,0,0,0,1,0
2023-11-10 17:00:00,8,18,14,1454,0,9.6,-1.6,0.2,1,0,0,0,0,0,0,0,1,0
2023-11-10 13:00:00,11,14,13,2839,0,9.6,-1.6,0.2,1,0,0,0,0,0,0,0,1,0
2023-11-10 14:00:00,5,15,9,3261,0,9.6,-1.6,0.2,1,0,0,0,0,0,0,0,1,0
2023-11-10 08:00:00,16,9,8,899,0,9.6,-1.6,0.2,1,0,0,0,0,0,0,0,1,0
2023-11-10 18:00:00,9,19,6,557,0,9.6,-1.6,0.2,1,0,0,0,0,0,0,0,1,0
2023-11-11 04:00:00,3,5,0,18,0,9.0,0.5,0.0,0,0,1,0,0,0,0,0,1,0
2023-11-11 10:00:00,14,11,22,2105,0,9.0,0.5,0.0,0,0,1,0,0,0,0,0,1,0
2023-11-11 03:00:00,2,4,0,73,0,9.0,0.5,0.0,0,0,1,0,0,0,0,0,1,0
2023-11-11 05:00:00,2,6,0,27,0,9.0,0.5,0.0,0,0,1,0,0,0,0,0,1,0
2023-11-11 22:00:00,1,23,0,155,0,9.0,0.5,0.0,0,0,1,0,0,0,0,0,1,0
2023-11-11 14:00:00,5,15,4,3840,0,9.0,0.5,0.0,0,0,1,0,0,0,0,0,1,0
2023-11-11 11:00:00,12,12,21,2733,0,9.0,0.5,0.0,0,0,1,0,0,0,0,0,1,0
2023-11-11 23:00:00,0,0,0,103,0,9.0,0.5,0.0,0,0,1,0,0,0,0,0,1,0
2023-11-11 20:00:00,4,21,1,237,0,9.0,0.5,0.0,0,0,1,0,0,0,0,0,1,0
2023-11-11 17:00:00,3,18,4,1537,0,9.0,0.5,0.0,0,0,1,0,0,0,0,0,1,0
2023-11-11 18:00:00,3,19,1,643,0,9.0,0.5,0.0,0,0,1,0,0,0,0,0,1,0
2023-11-11 21:00:00,1,22,1,241,0,9.0,0.5,0.0,0,0,1,0,0,0,0,0,1,0
2023-11-12 14:00:00,8,15,25,2591,0,9.0,-0.1,7.7,0,0,0,1,0,0,0,0,1,0
2023-11-11 09:00:00,19,10,9,1535,0,9.0,0.5,0.0,0,0,1,0,0,0,0,0,1,0
2023-11-11 15:00:00,7,16,7,3636,0,9.0,0.5,0.0,0,0,1,0,0,0,0,0,1,0
2023-11-11 16:00:00,5,17,7,2475,0,9.0,0.5,0.0,0,0,1,0,0,0,0,0,1,0
2023-11-11 13:00:00,15,14,6,3098,0,9.0,0.5,0.0,0,0,1,0,0,0,0,0,1,0
2023-11-09 06:00:00,3,7,0,75,0,7.9,0.7,0.0,0,0,0,0,1,0,0,0,1,0
2023-11-11 07:00:00,7,8,3,96,0,9.0,0.5,0.0,0,0,1,0,0,0,0,0,1,0
2023-11-11 08:00:00,13,9,2,561,0,9.0,0.5,0.0,0,0,1,0,0,0,0,0,1,0
2023-11-09 05:00:00,0,6,0,56,0,7.9,0.7,0.0,0,0,0,0,1,0,0,0,1,0
2023-11-09 00:00:00,0,1,0,38,0,7.9,0.7,0.0,0,0,0,0,1,0,0,0,1,0
2023-11-12 15:00:00,9,16,21,2253,0,9.0,-0.1,7.7,0,0,0,1,0,0,0,0,1,0
2023-11-09 02:00:00,0,3,0,12,0,7.9,0.7,0.0,0,0,0,0,1,0,0,0,1,0
2023-11-09 01:00:00,0,2,0,11,0,7.9,0.7,0.0,0,0,0,0,1,0,0,0,1,0
2023-11-12 13:00:00,13,14,20,2437,0,9.0,-0.1,7.7,0,0,0,1,0,0,0,0,1,0
2023-11-09 04:00:00,0,5,0,7,0,7.9,0.7,0.0,0,0,0,0,1,0,0,0,1,0
2023-11-09 03:00:00,0,4,0,3,0,7.9,0.7,0.0,0,0,0,0,1,0,0,0,1,0
2023-11-12 10:00:00,5,11,17,549,0,9.0,-0.1,7.7,0,0,0,1,0,0,0,0,1,0
2023-11-10 12:00:00,15,13,40,2463,0,9.6,-1.6,0.2,1,0,0,0,0,0,0,0,1,0
2023-11-10 09:00:00,24,10,2,1521,0,9.6,-1.6,0.2,1,0,0,0,0,0,0,0,1,0
2023-11-10 07:00:00,21,8,2,261,0,9.6,-1.6,0.2,1,0,0,0,0,0,0,0,1,0
2023-11-10 19:00:00,10,20,2,354,0,9.6,-1.6,0.2,1,0,0,0,0,0,0,0,1,0
2023-11-10 23:00:00,5,0,0,102,0,9.6,-1.6,0.2,1,0,0,0,0,0,0,0,1,0
2023-11-10 11:00:00,14,12,30,2493,0,9.6,-1.6,0.2,1,0,0,0,0,0,0,0,1,0
2023-11-11 01:00:00,18,2,0,54,0,9.0,0.5,0.0,0,0,1,0,0,0,0,0,1,0
2023-11-11 00:00:00,17,1,0,138,0,9.0,0.5,0.0,0,0,1,0,0,0,0,0,1,0
2023-11-11 02:00:00,16,3,0,55,0,9.0,0.5,0.0,0,0,1,0,0,0,0,0,1,0
2023-11-11 06:00:00,4,7,0,41,0,9.0,0.5,0.0,0,0,1,0,0,0,0,0,1,0
2023-11-11 19:00:00,3,20,0,443,0,9.0,0.5,0.0,0,0,1,0,0,0,0,0,1,0
2023-11-10 06:00:00,5,7,0,66,0,9.6,-1.6,0.2,1,0,0,0,0,0,0,0,1,0
2023-11-10 21:00:00,4,22,0,182,0,9.6,-1.6,0.2,1,0,0,0,0,0,0,0,1,0
2023-11-10 05:00:00,3,6,0,55,0,9.6,-1.6,0.2,1,0,0,0,0,0,0,0,1,0
2023-11-12 12:00:00,2,13,12,1691,0,9.0,-0.1,7.7,0,0,0,1,0,0,0,0,1,0
2023-11-10 04:00:00,3,5,0,15,0,9.6,-1.6,0.2,1,0,0,0,0,0,0,0,1,0
2023-11-10 10:00:00,25,11,24,2331,0,9.6,-1.6,0.2,1,0,0,0,0,0,0,0,1,0
2023-11-10 00:00:00,2,1,0,48,0,9.6,-1.6,0.2,1,0,0,0,0,0,0,0,1,0
2023-11-10 01:00:00,2,2,0,21,0,9.6,-1.6,0.2,1,0,0,0,0,0,0,0,1,0
2023-11-10 02:00:00,0,3,0,23,0,9.6,-1.6,0.2,1,0,0,0,0,0,0,0,1,0
2023-11-12 11:00:00,4,12,11,1072,0,9.0,-0.1,7.7,0,0,0,1,0,0,0,0,1,0
2023-11-10 03:00:00,0,4,0,21,0,9.6,-1.6,0.2,1,0,0,0,0,0,0,0,1,0
2023-11-10 15:00:00,12,16,17,2775,0,9.6,-1.6,0.2,1,0,0,0,0,0,0,0,1,0
2023-11-10 22:00:00,5,23,1,134,0,9.6,-1.6,0.2,1,0,0,0,0,0,0,0,1,0
2023-11-10 20:00:00,0,21,1,203,0,9.6,-1.6,0.2,1,0,0,0,0,0,0,0,1,0
2023-11-11 12:00:00,23,13,26,3869,0,9.0,0.5,0.0,0,0,1,0,0,0,0,0,1,0
2023-11-13 12:00:00,10,13,13,1511,0,8.4,-0.1,27.3,0,1,0,0,0,0,0,0,1,0
2023-11-12 16:00:00,8,17,7,1701,0,9.0,-0.1,7.7,0,0,0,1,0,0,0,0,1,0
2023-11-12 20:00:00,9,21,0,167,0,9.0,-0.1,7.7,0,0,0,1,0,0,0,0,1,0
2023-11-12 17:00:00,5,18,0,679,0,9.0,-0.1,7.7,0,0,0,1,0,0,0,0,1,0
2023-11-12 19:00:00,3,20,0,253,0,9.0,-0.1,7.7,0,0,0,1,0,0,0,0,1,0
2023-11-12 06:00:00,2,7,0,40,0,9.0,-0.1,7.7,0,0,0,1,0,0,0,0,1,0
2023-11-12 22:00:00,1,23,0,84,0,9.0,-0.1,7.7,0,0,0,1,0,0,0,0,1,0
2023-11-12 23:00:00,1,0,0,24,0,9.0,-0.1,7.7,0,0,0,1,0,0,0,0,1,0
2023-11-12 18:00:00,0,19,0,272,0,9.0,-0.1,7.7,0,0,0,1,0,0,0,0,1,0
2023-11-12 00:00:00,0,1,0,127,0,9.0,-0.1,7.7,0,0,0,1,0,0,0,0,1,0
2023-11-12 02:00:00,0,3,0,83,0,9.0,-0.1,7.7,0,0,0,1,0,0,0,0,1,0
2023-11-12 03:00:00,0,4,0,38,0,9.0,-0.1,7.7,0,0,0,1,0,0,0,0,1,0
2023-11-12 05:00:00,0,6,0,15,0,9.0,-0.1,7.7,0,0,0,1,0,0,0,0,1,0
2023-11-12 04:00:00,0,5,0,7,0,9.0,-0.1,7.7,0,0,0,1,0,0,0,0,1,0
2023-11-13 15:00:00,5,16,22,1454,0,8.4,-0.1,27.3,0,1,0,0,0,0,0,0,1,0
2023-11-13 14:00:00,10,15,17,1414,0,8.4,-0.1,27.3,0,1,0,0,0,0,0,0,1,0
2023-11-13 10:00:00,14,11,16,1016,0,8.4,-0.1,27.3,0,1,0,0,0,0,0,0,1,0
2023-11-13 11:00:00,12,12,16,1244,0,8.4,-0.1,27.3,0,1,0,0,0,0,0,0,1,0
2023-11-13 13:00:00,6,14,16,1349,0,8.4,-0.1,27.3,0,1,0,0,0,0,0,0,1,0
2023-11-13 18:00:00,8,19,0,349,0,8.4,-0.1,27.3,0,1,0,0,0,0,0,0,1,0
2023-11-14 15:00:00,6,16,10,1762,0,8.0,6.1,19.6,0,0,0,0,0,1,0,0,1,0
2023-11-14 11:00:00,13,12,8,2299,0,8.0,6.1,19.6,0,0,0,0,0,1,0,0,1,0
2023-11-12 09:00:00,3,10,5,343,0,9.0,-0.1,7.7,0,0,0,1,0,0,0,0,1,0
2023-11-13 09:00:00,17,10,9,734,0,8.4,-0.1,27.3,0,1,0,0,0,0,0,0,1,0
2023-11-12 08:00:00,4,9,1,234,0,9.0,-0.1,7.7,0,0,0,1,0,0,0,0,1,0
2023-11-13 20:00:00,5,21,0,179,0,8.4,-0.1,27.3,0,1,0,0,0,0,0,0,1,0
2023-11-12 07:00:00,1,8,1,106,0,9.0,-0.1,7.7,0,0,0,1,0,0,0,0,1,0
2023-11-13 16:00:00,15,17,2,1361,0,8.4,-0.1,27.3,0,1,0,0,0,0,0,0,1,0
2023-11-12 01:00:00,1,2,1,93,0,9.0,-0.1,7.7,0,0,0,1,0,0,0,0,1,0
2023-11-13 19:00:00,1,20,0,252,0,8.4,-0.1,27.3,0,1,0,0,0,0,0,0,1,0
2023-11-13 05:00:00,1,6,0,32,0,8.4,-0.1,27.3,0,1,0,0,0,0,0,0,1,0
2023-11-13 02:00:00,1,3,0,12,0,8.4,-0.1,27.3,0,1,0,0,0,0,0,0,1,0
2023-11-13 00:00:00,0,1,0,38,0,8.4,-0.1,27.3,0,1,0,0,0,0,0,0,1,0
2023-11-13 01:00:00,0,2,0,11,0,8.4,-0.1,27.3,0,1,0,0,0,0,0,0,1,0
2023-11-13 04:00:00,0,5,0,7,0,8.4,-0.1,27.3,0,1,0,0,0,0,0,0,1,0
2023-11-13 03:00:00,0,4,0,3,0,8.4,-0.1,27.3,0,1,0,0,0,0,0,0,1,0
2023-11-13 08:00:00,8,9,6,488,0,8.4,-0.1,27.3,0,1,0,0,0,0,0,0,1,0
2023-11-14 09:00:00,12,10,25,1441,0,8.0,6.1,19.6,0,0,0,0,0,1,0,0,1,0
2023-11-14 12:00:00,7,13,25,2639,0,8.0,6.1,19.6,0,0,0,0,0,1,0,0,1,0
2023-11-14 14:00:00,18,15,21,1998,0,8.0,6.1,19.6,0,0,0,0,0,1,0,0,1,0
2023-11-14 13:00:00,11,14,21,2729,0,8.0,6.1,19.6,0,0,0,0,0,1,0,0,1,0
2023-11-14 10:00:00,23,11,18,2008,0,8.0,6.1,19.6,0,0,0,0,0,1,0,0,1,0
2023-11-14 08:00:00,6,9,18,706,0,8.0,6.1,19.6,0,0,0,0,0,1,0,0,1,0
2023-11-13 17:00:00,21,18,3,703,0,8.4,-0.1,27.3,0,1,0,0,0,0,0,0,1,0
2023-11-12 21:00:00,2,22,2,155,0,9.0,-0.1,7.7,0,0,0,1,0,0,0,0,1,0
2023-11-13 07:00:00,13,8,1,215,0,8.4,-0.1,27.3,0,1,0,0,0,0,0,0,1,0
2023-11-13 06:00:00,8,7,1,49,0,8.4,-0.1,27.3,0,1,0,0,0,0,0,0,1,0
2023-11-13 22:00:00,4,23,1,143,0,8.4,-0.1,27.3,0,1,0,0,0,0,0,0,1,0
2023-11-13 21:00:00,3,22,1,149,0,8.4,-0.1,27.3,0,1,0,0,0,0,0,0,1,0
2023-11-13 23:00:00,0,0,1,21,0,8.4,-0.1,27.3,0,1,0,0,0,0,0,0,1,0
2023-11-14 05:00:00,4,6,0,17,0,8.0,6.1,19.6,0,0,0,0,0,1,0,0,1,0
2023-11-14 03:00:00,2,4,0,4,0,8.0,6.1,19.6,0,0,0,0,0,1,0,0,1,0
2023-11-14 18:00:00,3,19,3,323,0,8.0,6.1,19.6,0,0,0,0,0,1,0,0,1,0
2023-11-14 06:00:00,1,7,0,35,0,8.0,6.1,19.6,0,0,0,0,0,1,0,0,1,0
2023-11-16 15:00:00,9,16,8,2369,0,11.2,5.5,0.0,0,0,0,0,1,0,0,0,1,0
2023-11-16 16:00:00,19,17,6,1738,0,11.2,5.5,0.0,0,0,0,0,1,0,0,0,1,0
2023-11-14 00:00:00,1,1,0,13,0,8.0,6.1,19.6,0,0,0,0,0,1,0,0,1,0
2023-11-14 23:00:00,0,0,0,34,0,8.0,6.1,19.6,0,0,0,0,0,1,0,0,1,0
2023-11-14 01:00:00,0,2,0,14,0,8.0,6.1,19.6,0,0,0,0,0,1,0,0,1,0
2023-11-15 07:00:00,6,8,3,188,0,6.8,6.1,1.1,0,0,0,0,0,0,1,0,1,0
2023-11-15 18:00:00,3,19,3,478,0,6.8,6.1,1.1,0,0,0,0,0,0,1,0,1,0
2023-11-14 02:00:00,0,3,0,3,0,8.0,6.1,19.6,0,0,0,0,0,1,0,0,1,0
2023-11-14 04:00:00,0,5,0,3,0,8.0,6.1,19.6,0,0,0,0,0,1,0,0,1,0
2023-11-15 16:00:00,24,17,6,2238,0,6.8,6.1,1.1,0,0,0,0,0,0,1,0,1,0
2023-11-15 17:00:00,6,18,5,1537,0,6.8,6.1,1.1,0,0,0,0,0,0,1,0,1,0
2023-11-14 17:00:00,10,18,0,1176,0,8.0,6.1,19.6,0,0,0,0,0,1,0,0,1,0
2023-11-14 19:00:00,6,20,0,214,0,8.0,6.1,19.6,0,0,0,0,0,1,0,0,1,0
2023-11-14 21:00:00,6,22,0,141,0,8.0,6.1,19.6,0,0,0,0,0,1,0,0,1,0
2023-11-15 14:00:00,29,15,24,2506,0,6.8,6.1,1.1,0,0,0,0,0,0,1,0,1,0
2023-11-16 12:00:00,11,13,25,3125,0,11.2,5.5,0.0,0,0,0,0,1,0,0,0,1,0
2023-11-14 16:00:00,14,17,2,1723,0,8.0,6.1,19.6,0,0,0,0,0,1,0,0,1,0
2023-11-15 10:00:00,26,11,21,1854,0,6.8,6.1,1.1,0,0,0,0,0,0,1,0,1,0
2023-11-15 09:00:00,20,10,21,1198,0,6.8,6.1,1.1,0,0,0,0,0,0,1,0,1,0
2023-11-15 11:00:00,12,12,21,2404,0,6.8,6.1,1.1,0,0,0,0,0,0,1,0,1,0
2023-11-16 11:00:00,20,12,22,2618,0,11.2,5.5,0.0,0,0,0,0,1,0,0,0,1,0
2023-11-15 19:00:00,7,20,2,397,0,6.8,6.1,1.1,0,0,0,0,0,0,1,0,1,0
2023-11-15 23:00:00,2,0,2,42,0,6.8,6.1,1.1,0,0,0,0,0,0,1,0,1,0
2023-11-16 13:00:00,18,14,18,3284,0,11.2,5.5,0.0,0,0,0,0,1,0,0,0,1,0
2023-11-16 10:00:00,24,11,16,2193,0,11.2,5.5,0.0,0,0,0,0,1,0,0,0,1,0
2023-11-16 14:00:00,10,15,16,2954,0,11.2,5.5,0.0,0,0,0,0,1,0,0,0,1,0
2023-11-15 15:00:00,15,16,17,2443,0,6.8,6.1,1.1,0,0,0,0,0,0,1,0,1,0
2023-11-15 13:00:00,10,14,16,2807,0,6.8,6.1,1.1,0,0,0,0,0,0,1,0,1,0
2023-11-15 12:00:00,9,13,16,2726,0,6.8,6.1,1.1,0,0,0,0,0,0,1,0,1,0
2023-11-15 08:00:00,13,9,15,655,0,6.8,6.1,1.1,0,0,0,0,0,0,1,0,1,0
2023-11-16 09:00:00,18,10,14,1360,0,11.2,5.5,0.0,0,0,0,0,1,0,0,0,1,0
2023-11-15 20:00:00,8,21,0,237,0,6.8,6.1,1.1,0,0,0,0,0,0,1,0,1,0
2023-11-16 08:00:00,11,9,13,663,0,11.2,5.5,0.0,0,0,0,0,1,0,0,0,1,0
2023-11-15 06:00:00,4,7,0,59,0,6.8,6.1,1.1,0,0,0,0,0,0,1,0,1,0
2023-11-15 04:00:00,1,5,0,14,0,6.8,6.1,1.1,0,0,0,0,0,0,1,0,1,0
2023-11-15 00:00:00,1,1,0,11,0,6.8,6.1,1.1,0,0,0,0,0,0,1,0,1,0
2023-11-15 01:00:00,1,2,0,5,0,6.8,6.1,1.1,0,0,0,0,0,0,1,0,1,0
2023-11-15 05:00:00,0,6,0,40,0,6.8,6.1,1.1,0,0,0,0,0,0,1,0,1,0
2023-11-15 02:00:00,0,3,0,12,0,6.8,6.1,1.1,0,0,0,0,0,0,1,0,1,0
2023-11-14 20:00:00,9,21,1,175,0,8.0,6.1,19.6,0,0,0,0,0,1,0,0,1,0
2023-11-15 21:00:00,1,22,1,221,0,6.8,6.1,1.1,0,0,0,0,0,0,1,0,1,0
2023-11-15 22:00:00,1,23,1,147,0,6.8,6.1,1.1,0,0,0,0,0,0,1,0,1,0
2023-11-14 07:00:00,4,8,1,216,0,8.0,6.1,19.6,0,0,0,0,0,1,0,0,1,0
2023-11-14 22:00:00,1,23,1,72,0,8.0,6.1,19.6,0,0,0,0,0,1,0,0,1,0
2023-11-17 18:00:00,16,19,2,618,0,10.8,3.9,2.4,1,0,0,0,0,0,0,0,1,0
2023-11-17 20:00:00,16,21,2,370,0,10.8,3.9,2.4,1,0,0,0,0,0,0,0,1,0
2023-11-17 07:00:00,12,8,2,228,0,10.8,3.9,2.4,1,0,0,0,0,0,0,0,1,0
2023-11-17 00:00:00,1,1,2,11,0,10.8,3.9,2.4,1,0,0,0,0,0,0,0,1,0
2023-11-18 10:00:00,37,11,17,2101,0,12.9,5.5,9.6,0,0,1,0,0,0,0,0,1,0
2023-11-17 23:00:00,43,0,0,170,0,10.8,3.9,2.4,1,0,0,0,0,0,0,0,1,0
2023-11-17 22:00:00,34,23,0,381,0,10.8,3.9,2.4,1,0,0,0,0,0,0,0,1,0
2023-11-17 06:00:00,2,7,0,69,0,10.8,3.9,2.4,1,0,0,0,0,0,0,0,1,0
2023-11-17 05:00:00,2,6,0,40,0,10.8,3.9,2.4,1,0,0,0,0,0,0,0,1,0
2023-11-17 03:00:00,2,4,0,18,0,10.8,3.9,2.4,1,0,0,0,0,0,0,0,1,0
2023-11-17 04:00:00,1,5,0,4,0,10.8,3.9,2.4,1,0,0,0,0,0,0,0,1,0
2023-11-17 02:00:00,0,3,0,11,0,10.8,3.9,2.4,1,0,0,0,0,0,0,0,1,0
2023-11-17 01:00:00,0,2,0,8,0,10.8,3.9,2.4,1,0,0,0,0,0,0,0,1,0
2023-11-18 14:00:00,10,15,23,3761,0,12.9,5.5,9.6,0,0,1,0,0,0,0,0,1,0
2023-11-16 19:00:00,2,20,1,170,0,11.2,5.5,0.0,0,0,0,0,1,0,0,0,1,0
2023-11-18 13:00:00,19,14,16,3294,0,12.9,5.5,9.6,0,0,1,0,0,0,0,0,1,0
2023-11-18 15:00:00,15,16,15,2807,0,12.9,5.5,9.6,0,0,1,0,0,0,0,0,1,0
2023-11-18 18:00:00,4,19,3,492,0,12.9,5.5,9.6,0,0,1,0,0,0,0,0,1,0
2023-11-18 17:00:00,3,18,2,1358,0,12.9,5.5,9.6,0,0,1,0,0,0,0,0,1,0
2023-11-16 17:00:00,1,18,1,736,0,11.2,5.5,0.0,0,0,0,0,1,0,0,0,1,0
2023-11-17 09:00:00,14,10,10,1363,0,10.8,3.9,2.4,1,0,0,0,0,0,0,0,1,0
2023-11-17 19:00:00,12,20,6,500,0,10.8,3.9,2.4,1,0,0,0,0,0,0,0,1,0
2023-11-17 08:00:00,16,9,3,693,0,10.8,3.9,2.4,1,0,0,0,0,0,0,0,1,0
2023-11-17 21:00:00,39,22,1,474,0,10.8,3.9,2.4,1,0,0,0,0,0,0,0,1,0
2023-11-17 17:00:00,17,18,23,1356,0,10.8,3.9,2.4,1,0,0,0,0,0,0,0,1,0
2023-11-16 18:00:00,2,19,0,329,0,11.2,5.5,0.0,0,0,0,0,1,0,0,0,1,0
2023-11-16 20:00:00,2,21,0,148,0,11.2,5.5,0.0,0,0,0,0,1,0,0,0,1,0
2023-11-16 21:00:00,2,22,0,110,0,11.2,5.5,0.0,0,0,0,0,1,0,0,0,1,0
2023-11-16 00:00:00,2,1,0,28,0,11.2,5.5,0.0,0,0,0,0,1,0,0,0,1,0
2023-11-16 06:00:00,1,7,0,61,0,11.2,5.5,0.0,0,0,0,0,1,0,0,0,1,0
2023-11-16 05:00:00,1,6,0,42,0,11.2,5.5,0.0,0,0,0,0,1,0,0,0,1,0
2023-11-16 22:00:00,0,23,0,72,0,11.2,5.5,0.0,0,0,0,0,1,0,0,0,1,0
2023-11-16 01:00:00,0,2,0,18,0,11.2,5.5,0.0,0,0,0,0,1,0,0,0,1,0
2023-11-16 04:00:00,0,5,0,13,0,11.2,5.5,0.0,0,0,0,0,1,0,0,0,1,0
2023-11-16 02:00:00,0,3,0,8,0,11.2,5.5,0.0,0,0,0,0,1,0,0,0,1,0
2023-11-16 03:00:00,0,4,0,6,0,11.2,5.5,0.0,0,0,0,0,1,0,0,0,1,0
2023-11-17 12:00:00,20,13,35,3383,0,10.8,3.9,2.4,1,0,0,0,0,0,0,0,1,0
2023-11-18 08:00:00,15,9,13,423,0,12.9,5.5,9.6,0,0,1,0,0,0,0,0,1,0
2023-11-17 11:00:00,10,12,22,2939,0,10.8,3.9,2.4,1,0,0,0,0,0,0,0,1,0
2023-11-16 07:00:00,12,8,3,189,0,11.2,5.5,0.0,0,0,0,0,1,0,0,0,1,0
2023-11-16 23:00:00,0,0,3,24,0,11.2,5.5,0.0,0,0,0,0,1,0,0,0,1,0
2023-11-17 13:00:00,10,14,20,3334,0,10.8,3.9,2.4,1,0,0,0,0,0,0,0,1,0
2023-11-18 11:00:00,27,12,10,2196,0,12.9,5.5,9.6,0,0,1,0,0,0,0,0,1,0
2023-11-18 16:00:00,23,17,9,2268,0,12.9,5.5,9.6,0,0,1,0,0,0,0,0,1,0
2023-11-17 10:00:00,25,11,19,2152,0,10.8,3.9,2.4,1,0,0,0,0,0,0,0,1,0
2023-11-17 14:00:00,19,15,19,3057,0,10.8,3.9,2.4,1,0,0,0,0,0,0,0,1,0
2023-11-18 09:00:00,27,10,8,1061,0,12.9,5.5,9.6,0,0,1,0,0,0,0,0,1,0
2023-11-17 15:00:00,9,16,16,2698,0,10.8,3.9,2.4,1,0,0,0,0,0,0,0,1,0
2023-11-17 16:00:00,12,17,15,2183,0,10.8,3.9,2.4,1,0,0,0,0,0,0,0,1,0
2023-11-18 12:00:00,15,13,6,3054,0,12.9,5.5,9.6,0,0,1,0,0,0,0,0,1,0
2023-11-18 00:00:00,45,1,1,130,0,12.9,5.5,9.6,0,0,1,0,0,0,0,0,1,0
2023-11-19 19:00:00,34,20,1,670,0,12.5,5.5,0.2,0,0,0,1,0,0,0,0,1,0
2023-11-19 23:00:00,0,0,1,36,0,12.5,5.5,0.2,0,0,0,1,0,0,0,0,1,0
2023-11-18 19:00:00,2,20,1,281,0,12.9,5.5,9.6,0,0,1,0,0,0,0,0,1,0
2023-11-19 01:00:00,39,2,0,66,0,12.5,5.5,0.2,0,0,0,1,0,0,0,0,1,0
2023-11-19 22:00:00,34,23,0,241,0,12.5,5.5,0.2,0,0,0,1,0,0,0,0,1,0
2023-11-19 02:00:00,34,3,0,44,0,12.5,5.5,0.2,0,0,0,1,0,0,0,0,1,0
2023-11-20 21:00:00,27,22,5,277,0,12.0,8.3,0.0,0,1,0,0,0,0,0,0,1,0
2023-11-19 20:00:00,27,21,0,421,0,12.5,5.5,0.2,0,0,0,1,0,0,0,0,1,0
2023-11-20 08:00:00,11,9,5,652,0,12.0,8.3,0.0,0,1,0,0,0,0,0,0,1,0
2023-11-20 15:00:00,15,16,16,2193,0,12.0,8.3,0.0,0,1,0,0,0,0,0,0,1,0
2023-11-19 21:00:00,22,22,0,281,0,12.5,5.5,0.2,0,0,0,1,0,0,0,0,1,0
2023-11-19 10:00:00,5,11,10,919,0,12.5,5.5,0.2,0,0,0,1,0,0,0,0,1,0
2023-11-19 08:00:00,4,9,9,116,0,12.5,5.5,0.2,0,0,0,1,0,0,0,0,1,0
2023-11-19 09:00:00,6,10,8,308,0,12.5,5.5,0.2,0,0,0,1,0,0,0,0,1,0
2023-11-19 16:00:00,19,17,7,1900,0,12.5,5.5,0.2,0,0,0,1,0,0,0,0,1,0
2023-11-19 18:00:00,28,19,6,628,0,12.5,5.5,0.2,0,0,0,1,0,0,0,0,1,0
2023-11-20 22:00:00,10,23,4,215,0,12.0,8.3,0.0,0,1,0,0,0,0,0,0,1,0
2023-11-20 19:00:00,7,20,4,275,0,12.0,8.3,0.0,0,1,0,0,0,0,0,0,1,0
2023-11-18 01:00:00,37,2,0,138,0,12.9,5.5,9.6,0,0,1,0,0,0,0,0,1,0
2023-11-18 02:00:00,23,3,0,43,0,12.9,5.5,9.6,0,0,1,0,0,0,0,0,1,0
2023-11-18 23:00:00,81,0,0,97,0,12.9,5.5,9.6,0,0,1,0,0,0,0,0,1,0
2023-11-19 03:00:00,5,4,0,37,0,12.5,5.5,0.2,0,0,0,1,0,0,0,0,1,0
2023-11-18 22:00:00,78,23,0,187,0,12.9,5.5,9.6,0,0,1,0,0,0,0,0,1,0
2023-11-19 07:00:00,2,8,0,37,0,12.5,5.5,0.2,0,0,0,1,0,0,0,0,1,0
2023-11-18 03:00:00,10,4,0,75,0,12.9,5.5,9.6,0,0,1,0,0,0,0,0,1,0
2023-11-19 06:00:00,2,7,0,14,0,12.5,5.5,0.2,0,0,0,1,0,0,0,0,1,0
2023-11-18 21:00:00,60,22,0,235,0,12.9,5.5,9.6,0,0,1,0,0,0,0,0,1,0
2023-11-19 04:00:00,0,5,0,12,0,12.5,5.5,0.2,0,0,0,1,0,0,0,0,1,0
2023-11-19 05:00:00,0,6,0,4,0,12.5,5.5,0.2,0,0,0,1,0,0,0,0,1,0
2023-11-20 11:00:00,22,12,47,2962,0,12.0,8.3,0.0,0,1,0,0,0,0,0,0,1,0
2023-11-18 07:00:00,4,8,0,103,0,12.9,5.5,9.6,0,0,1,0,0,0,0,0,1,0
2023-11-18 06:00:00,2,7,0,35,0,12.9,5.5,9.6,0,0,1,0,0,0,0,0,1,0
2023-11-18 20:00:00,1,21,0,224,0,12.9,5.5,9.6,0,0,1,0,0,0,0,0,1,0
2023-11-18 05:00:00,1,6,0,22,0,12.9,5.5,9.6,0,0,1,0,0,0,0,0,1,0
2023-11-18 04:00:00,1,5,0,16,0,12.9,5.5,9.6,0,0,1,0,0,0,0,0,1,0
2023-11-19 11:00:00,12,12,39,1671,0,12.5,5.5,0.2,0,0,0,1,0,0,0,0,1,0
2023-11-19 12:00:00,14,13,33,2283,0,12.5,5.5,0.2,0,0,0,1,0,0,0,0,1,0
2023-11-19 15:00:00,13,16,32,2306,0,12.5,5.5,0.2,0,0,0,1,0,0,0,0,1,0
2023-11-19 13:00:00,8,14,32,2575,0,12.5,5.5,0.2,0,0,0,1,0,0,0,0,1,0
2023-11-19 14:00:00,6,15,22,2459,0,12.5,5.5,0.2,0,0,0,1,0,0,0,0,1,0
2023-11-20 23:00:00,2,0,3,72,0,12.0,8.3,0.0,0,1,0,0,0,0,0,0,1,0
2023-11-20 17:00:00,3,18,9,1130,0,12.0,8.3,0.0,0,1,0,0,0,0,0,0,1,0
2023-11-20 12:00:00,39,13,36,3012,0,12.0,8.3,0.0,0,1,0,0,0,0,0,0,1,0
2023-11-20 18:00:00,2,19,9,384,0,12.0,8.3,0.0,0,1,0,0,0,0,0,0,1,0
2023-11-20 09:00:00,20,10,8,1357,0,12.0,8.3,0.0,0,1,0,0,0,0,0,0,1,0
2023-11-20 10:00:00,22,11,30,2243,0,12.0,8.3,0.0,0,1,0,0,0,0,0,0,1,0
2023-11-20 13:00:00,6,14,30,2798,0,12.0,8.3,0.0,0,1,0,0,0,0,0,0,1,0
2023-11-19 17:00:00,36,18,2,1272,0,12.5,5.5,0.2,0,0,0,1,0,0,0,0,1,0
2023-11-20 14:00:00,11,15,26,2484,0,12.0,8.3,0.0,0,1,0,0,0,0,0,0,1,0
2023-11-19 00:00:00,50,1,1,149,0,12.5,5.5,0.2,0,0,0,1,0,0,0,0,1,0
2023-11-20 16:00:00,9,17,20,1771,0,12.0,8.3,0.0,0,1,0,0,0,0,0,0,1,0
2023-11-21 19:00:00,28,20,0,611,0,14.4,3.8,0.0,0,0,0,0,0,1,0,0,1,0
2023-11-21 23:00:00,25,0,0,70,0,14.4,3.8,0.0,0,0,0,0,0,1,0,0,1,0
2023-11-21 21:00:00,23,22,0,335,0,14.4,3.8,0.0,0,0,0,0,0,1,0,0,1,0
2023-11-22 08:00:00,49,9,14,961,0,13.1,5.5,0.0,0,0,0,0,0,0,1,0,1,0
2023-11-21 06:00:00,4,7,0,58,0,14.4,3.8,0.0,0,0,0,0,0,1,0,0,1,0
2023-11-21 05:00:00,4,6,0,52,0,14.4,3.8,0.0,0,0,0,0,0,1,0,0,1,0
2023-11-21 01:00:00,2,2,0,32,0,14.4,3.8,0.0,0,0,0,0,0,1,0,0,1,0
2023-11-21 00:00:00,2,1,0,24,0,14.4,3.8,0.0,0,0,0,0,0,1,0,0,1,0
2023-11-21 02:00:00,1,3,0,9,0,14.4,3.8,0.0,0,0,0,0,0,1,0,0,1,0
2023-11-21 03:00:00,1,4,0,4,0,14.4,3.8,0.0,0,0,0,0,0,1,0,0,1,0
2023-11-20 06:00:00,3,7,0,63,0,12.0,8.3,0.0,0,1,0,0,0,0,0,0,1,0
2023-11-20 07:00:00,8,8,1,182,0,12.0,8.3,0.0,0,1,0,0,0,0,0,0,1,0
2023-11-21 04:00:00,0,5,0,8,0,14.4,3.8,0.0,0,0,0,0,0,1,0,0,1,0
2023-11-21 15:00:00,12,16,20,2493,0,14.4,3.8,0.0,0,0,0,0,0,1,0,0,1,0
2023-11-20 05:00:00,3,6,0,20,0,12.0,8.3,0.0,0,1,0,0,0,0,0,0,1,0
2023-11-21 18:00:00,13,19,6,615,0,14.4,3.8,0.0,0,0,0,0,0,1,0,0,1,0
2023-11-20 00:00:00,0,1,0,27,0,12.0,8.3,0.0,0,1,0,0,0,0,0,0,1,0
2023-11-20 01:00:00,0,2,0,25,0,12.0,8.3,0.0,0,1,0,0,0,0,0,0,1,0
2023-11-20 02:00:00,0,3,0,14,0,12.0,8.3,0.0,0,1,0,0,0,0,0,0,1,0
2023-11-21 10:00:00,16,11,17,2067,0,14.4,3.8,0.0,0,0,0,0,0,1,0,0,1,0
2023-11-21 13:00:00,8,14,17,3281,0,14.4,3.8,0.0,0,0,0,0,0,1,0,0,1,0
2023-11-21 12:00:00,12,13,13,3103,0,14.4,3.8,0.0,0,0,0,0,0,1,0,0,1,0
2023-11-21 16:00:00,13,17,12,2203,0,14.4,3.8,0.0,0,0,0,0,0,1,0,0,1,0
2023-11-21 08:00:00,10,9,12,685,0,14.4,3.8,0.0,0,0,0,0,0,1,0,0,1,0
2023-11-21 14:00:00,22,15,10,2636,0,14.4,3.8,0.0,0,0,0,0,0,1,0,0,1,0
2023-11-21 17:00:00,1,18,10,1442,0,14.4,3.8,0.0,0,0,0,0,0,1,0,0,1,0
2023-11-21 09:00:00,15,10,9,1375,0,14.4,3.8,0.0,0,0,0,0,0,1,0,0,1,0
2023-11-20 03:00:00,0,4,0,9,0,12.0,8.3,0.0,0,1,0,0,0,0,0,0,1,0
2023-11-22 15:00:00,35,16,13,1761,0,13.1,5.5,0.0,0,0,0,0,0,0,1,0,1,0
2023-11-20 04:00:00,0,5,0,5,0,12.0,8.3,0.0,0,1,0,0,0,0,0,0,1,0
2023-11-22 12:00:00,32,13,13,4243,0,13.1,5.5,0.0,0,0,0,0,0,0,1,0,1,0
2023-11-21 11:00:00,6,12,21,2764,0,14.4,3.8,0.0,0,0,0,0,0,1,0,0,1,0
2023-11-22 14:00:00,21,15,18,3231,0,13.1,5.5,0.0,0,0,0,0,0,0,1,0,1,0
2023-11-22 10:00:00,49,11,17,2780,0,13.1,5.5,0.0,0,0,0,0,0,0,1,0,1,0
2023-11-22 09:00:00,42,10,12,1627,0,13.1,5.5,0.0,0,0,0,0,0,0,1,0,1,0
2023-11-22 11:00:00,28,12,12,3385,0,13.1,5.5,0.0,0,0,0,0,0,0,1,0,1,0
2023-11-22 13:00:00,18,14,12,4152,0,13.1,5.5,0.0,0,0,0,0,0,0,1,0,1,0
2023-11-21 07:00:00,5,8,4,184,0,14.4,3.8,0.0,0,0,0,0,0,1,0,0,1,0
2023-11-22 17:00:00,16,18,11,1322,0,13.1,5.5,0.0,0,0,0,0,0,0,1,0,1,0
2023-11-22 20:00:00,34,21,3,328,0,13.1,5.5,0.0,0,0,0,0,0,0,1,0,1,0
2023-11-22 21:00:00,34,22,9,243,0,13.1,5.5,0.0,0,0,0,0,0,0,1,0,1,0
2023-11-21 20:00:00,37,21,2,411,0,14.4,3.8,0.0,0,0,0,0,0,1,0,0,1,0
2023-11-22 19:00:00,48,20,1,275,0,13.1,5.5,0.0,0,0,0,0,0,0,1,0,1,0
2023-11-22 23:00:00,22,0,1,116,0,13.1,5.5,0.0,0,0,0,0,0,0,1,0,1,0
2023-11-21 22:00:00,27,23,2,280,0,14.4,3.8,0.0,0,0,0,0,0,1,0,0,1,0
2023-11-22 18:00:00,33,19,9,565,0,13.1,5.5,0.0,0,0,0,0,0,0,1,0,1,0
2023-11-22 22:00:00,29,23,9,181,0,13.1,5.5,0.0,0,0,0,0,0,0,1,0,1,0
2023-11-20 20:00:00,13,21,0,237,0,12.0,8.3,0.0,0,1,0,0,0,0,0,0,1,0
2023-11-22 16:00:00,25,17,8,1552,0,13.1,5.5,0.0,0,0,0,0,0,0,1,0,1,0
2023-11-22 07:00:00,28,8,7,318,0,13.1,5.5,0.0,0,0,0,0,0,0,1,0,1,0
2023-11-22 01:00:00,16,2,1,42,0,13.1,5.5,0.0,0,0,0,0,0,0,1,0,1,0
2023-11-24 13:00:00,102,14,9,2405,0,4.6,4.1,0.0,1,0,0,0,0,0,0,0,1,0
2023-11-22 06:00:00,14,7,1,88,0,13.1,5.5,0.0,0,0,0,0,0,0,1,0,1,0
2023-11-23 09:00:00,25,10,10,1517,0,6.7,11.5,0.0,0,0,0,0,1,0,0,0,1,0
2023-11-24 07:00:00,9,8,2,276,0,4.6,4.1,0.0,1,0,0,0,0,0,0,0,1,0
2023-11-23 08:00:00,14,9,9,655,0,6.7,11.5,0.0,0,0,0,0,1,0,0,0,1,0
2023-11-23 16:00:00,9,17,6,2332,0,6.7,11.5,0.0,0,0,0,0,1,0,0,0,1,0
2023-11-23 17:00:00,3,18,5,1570,0,6.7,11.5,0.0,0,0,0,0,1,0,0,0,1,0
2023-11-23 12:00:00,20,13,40,2731,0,6.7,11.5,0.0,0,0,0,0,1,0,0,0,1,0
2023-11-23 23:00:00,21,0,0,88,0,6.7,11.5,0.0,0,0,0,0,1,0,0,0,1,0
2023-11-23 00:00:00,17,1,0,40,0,6.7,11.5,0.0,0,0,0,0,1,0,0,0,1,0
2023-11-23 02:00:00,11,3,0,27,0,6.7,11.5,0.0,0,0,0,0,1,0,0,0,1,0
2023-11-23 01:00:00,10,2,0,24,0,6.7,11.5,0.0,0,0,0,0,1,0,0,0,1,0
2023-11-23 03:00:00,7,4,0,14,0,6.7,11.5,0.0,0,0,0,0,1,0,0,0,1,0
2023-11-23 21:00:00,3,22,0,185,0,6.7,11.5,0.0,0,0,0,0,1,0,0,0,1,0
2023-11-23 04:00:00,2,5,0,17,0,6.7,11.5,0.0,0,0,0,0,1,0,0,0,1,0
2023-11-23 22:00:00,1,23,0,217,0,6.7,11.5,0.0,0,0,0,0,1,0,0,0,1,0
2023-11-23 13:00:00,14,14,31,3044,0,6.7,11.5,0.0,0,0,0,0,1,0,0,0,1,0
2023-11-23 14:00:00,11,15,23,2850,0,6.7,11.5,0.0,0,0,0,0,1,0,0,0,1,0
2023-11-23 11:00:00,17,12,20,2763,0,6.7,11.5,0.0,0,0,0,0,1,0,0,0,1,0
2023-11-23 15:00:00,9,16,18,2783,0,6.7,11.5,0.0,0,0,0,0,1,0,0,0,1,0
2023-11-23 18:00:00,1,19,3,494,0,6.7,11.5,0.0,0,0,0,0,1,0,0,0,1,0
2023-11-24 15:00:00,11,16,19,2832,0,4.6,4.1,0.0,1,0,0,0,0,0,0,0,1,0
2023-11-24 11:00:00,7,12,4,2787,0,4.6,4.1,0.0,1,0,0,0,0,0,0,0,1,0
2023-11-24 17:00:00,4,18,4,1662,0,4.6,4.1,0.0,1,0,0,0,0,0,0,0,1,0
2023-11-24 18:00:00,1,19,4,580,0,4.6,4.1,0.0,1,0,0,0,0,0,0,0,1,0
2023-11-24 20:00:00,59,21,3,546,0,4.6,4.1,0.0,1,0,0,0,0,0,0,0,1,0
2023-11-24 14:00:00,17,15,18,3148,0,4.6,4.1,0.0,1,0,0,0,0,0,0,0,1,0
2023-11-24 12:00:00,9,13,18,3246,0,4.6,4.1,0.0,1,0,0,0,0,0,0,0,1,0
2023-11-24 22:00:00,49,23,1,332,0,4.6,4.1,0.0,1,0,0,0,0,0,0,0,1,0
2023-11-23 06:00:00,13,7,2,72,0,6.7,11.5,0.0,0,0,0,0,1,0,0,0,1,0
2023-11-23 20:00:00,4,21,2,213,0,6.7,11.5,0.0,0,0,0,0,1,0,0,0,1,0
2023-11-24 19:00:00,47,20,1,577,0,4.6,4.1,0.0,1,0,0,0,0,0,0,0,1,0
2023-11-24 10:00:00,51,11,15,2302,0,4.6,4.1,0.0,1,0,0,0,0,0,0,0,1,0
2023-11-24 09:00:00,36,10,15,1727,0,4.6,4.1,0.0,1,0,0,0,0,0,0,0,1,0
2023-11-24 16:00:00,15,17,15,2791,0,4.6,4.1,0.0,1,0,0,0,0,0,0,0,1,0
2023-11-24 08:00:00,10,9,15,771,0,4.6,4.1,0.0,1,0,0,0,0,0,0,0,1,0
2023-11-22 00:00:00,24,1,0,44,0,13.1,5.5,0.0,0,0,0,0,0,0,1,0,1,0
2023-11-22 05:00:00,11,6,0,44,0,13.1,5.5,0.0,0,0,0,0,0,0,1,0,1,0
2023-11-22 02:00:00,11,3,0,21,0,13.1,5.5,0.0,0,0,0,0,0,0,1,0,1,0
2023-11-22 04:00:00,10,5,0,16,0,13.1,5.5,0.0,0,0,0,0,0,0,1,0,1,0
2023-11-23 10:00:00,12,11,1,2142,0,6.7,11.5,0.0,0,0,0,0,1,0,0,0,1,0
2023-11-24 05:00:00,1,6,1,43,0,4.6,4.1,0.0,1,0,0,0,0,0,0,0,1,0
2023-11-23 05:00:00,6,6,1,36,0,6.7,11.5,0.0,0,0,0,0,1,0,0,0,1,0
2023-11-22 03:00:00,4,4,0,5,0,13.1,5.5,0.0,0,0,0,0,0,0,1,0,1,0
2023-11-23 19:00:00,4,20,1,418,0,6.7,11.5,0.0,0,0,0,0,1,0,0,0,1,0
2023-11-23 07:00:00,2,8,1,196,0,6.7,11.5,0.0,0,0,0,0,1,0,0,0,1,0
2023-11-24 21:00:00,66,22,0,403,0,4.6,4.1,0.0,1,0,0,0,0,0,0,0,1,0
2023-11-24 23:00:00,61,0,0,147,0,4.6,4.1,0.0,1,0,0,0,0,0,0,0,1,0
2023-11-25 09:00:00,12,10,13,1206,0,4.3,5.5,0.0,0,0,1,0,0,0,0,0,1,0
2023-11-25 13:00:00,7,14,11,4426,0,4.3,5.5,0.0,0,0,1,0,0,0,0,0,1,0
2023-11-25 11:00:00,9,12,10,2381,0,4.3,5.5,0.0,0,0,1,0,0,0,0,0,1,0
2023-11-25 16:00:00,5,17,10,2542,0,4.3,5.5,0.0,0,0,1,0,0,0,0,0,1,0
2023-11-25 14:00:00,8,15,7,4233,0,4.3,5.5,0.0,0,0,1,0,0,0,0,0,1,0
2023-11-25 08:00:00,3,9,7,515,0,4.3,5.5,0.0,0,0,1,0,0,0,0,0,1,0
2023-11-25 02:00:00,5,3,0,20,0,4.3,5.5,0.0,0,0,1,0,0,0,0,0,1,0
2023-11-25 06:00:00,2,7,0,28,0,4.3,5.5,0.0,0,0,1,0,0,0,0,0,1,0
2023-11-25 05:00:00,1,6,0,35,0,4.3,5.5,0.0,0,0,1,0,0,0,0,0,1,0
2023-11-25 03:00:00,0,4,0,24,0,4.3,5.5,0.0,0,0,1,0,0,0,0,0,1,0
2023-11-25 04:00:00,0,5,0,19,0,4.3,5.5,0.0,0,0,1,0,0,0,0,0,1,0
2023-11-26 13:00:00,7,14,21,2306,0,8.4,5.5,0.0,0,0,0,1,0,0,0,0,1,0
2023-11-26 12:00:00,14,13,19,2062,0,8.4,5.5,0.0,0,0,0,1,0,0,0,0,1,0
2023-11-26 14:00:00,6,15,17,2366,0,8.4,5.5,0.0,0,0,0,1,0,0,0,0,1,0
2023-11-26 11:00:00,28,12,15,2115,0,8.4,5.5,0.0,0,0,0,1,0,0,0,0,1,0
2023-11-25 15:00:00,1,16,6,3118,0,4.3,5.5,0.0,0,0,1,0,0,0,0,0,1,0
2023-11-24 00:00:00,29,1,0,91,0,4.6,4.1,0.0,1,0,0,0,0,0,0,0,1,0
2023-11-25 19:00:00,66,20,1,734,0,4.3,5.5,0.0,0,0,1,0,0,0,0,0,1,0
2023-11-25 20:00:00,47,21,1,632,0,4.3,5.5,0.0,0,0,1,0,0,0,0,0,1,0
2023-11-25 18:00:00,0,19,1,837,0,4.3,5.5,0.0,0,0,1,0,0,0,0,0,1,0
2023-11-25 22:00:00,80,23,0,371,0,4.3,5.5,0.0,0,0,1,0,0,0,0,0,1,0
2023-11-25 01:00:00,67,2,0,83,0,4.3,5.5,0.0,0,0,1,0,0,0,0,0,1,0
2023-11-25 23:00:00,66,0,0,186,0,4.3,5.5,0.0,0,0,1,0,0,0,0,0,1,0
2023-11-25 00:00:00,56,1,0,122,0,4.3,5.5,0.0,0,0,1,0,0,0,0,0,1,0
2023-11-25 21:00:00,48,22,0,497,0,4.3,5.5,0.0,0,0,1,0,0,0,0,0,1,0
2023-11-26 16:00:00,6,17,12,1399,0,8.4,5.5,0.0,0,0,0,1,0,0,0,0,1,0
2023-11-26 06:00:00,8,7,1,39,0,8.4,5.5,0.0,0,0,0,1,0,0,0,0,1,0
2023-11-26 19:00:00,48,20,3,397,0,8.4,5.5,0.0,0,0,0,1,0,0,0,0,1,0
2023-11-26 22:00:00,32,23,3,197,0,8.4,5.5,0.0,0,0,0,1,0,0,0,0,1,0
2023-11-26 21:00:00,28,22,3,187,0,8.4,5.5,0.0,0,0,0,1,0,0,0,0,1,0
2023-11-26 18:00:00,26,19,3,539,0,8.4,5.5,0.0,0,0,0,1,0,0,0,0,1,0
2023-11-26 17:00:00,25,18,3,850,0,8.4,5.5,0.0,0,0,0,1,0,0,0,0,1,0
2023-11-26 05:00:00,6,6,1,38,0,8.4,5.5,0.0,0,0,0,1,0,0,0,0,1,0
2023-11-24 01:00:00,23,2,0,52,0,4.6,4.1,0.0,1,0,0,0,0,0,0,0,1,0
2023-11-25 17:00:00,15,18,5,1882,0,4.3,5.5,0.0,0,0,1,0,0,0,0,0,1,0
2023-11-26 01:00:00,87,2,0,129,0,8.4,5.5,0.0,0,0,0,1,0,0,0,0,1,0
2023-11-26 02:00:00,67,3,0,71,0,8.4,5.5,0.0,0,0,0,1,0,0,0,0,1,0
2023-11-26 00:00:00,50,1,0,194,0,8.4,5.5,0.0,0,0,0,1,0,0,0,0,1,0
2023-11-26 03:00:00,48,4,0,118,0,8.4,5.5,0.0,0,0,0,1,0,0,0,0,1,0
2023-11-26 23:00:00,23,0,0,67,0,8.4,5.5,0.0,0,0,0,1,0,0,0,0,1,0
2023-11-26 07:00:00,19,8,0,72,0,8.4,5.5,0.0,0,0,0,1,0,0,0,0,1,0
2023-11-26 15:00:00,13,16,10,1987,0,8.4,5.5,0.0,0,0,0,1,0,0,0,0,1,0
2023-11-24 02:00:00,6,3,0,19,0,4.6,4.1,0.0,1,0,0,0,0,0,0,0,1,0
2023-11-24 06:00:00,3,7,0,77,0,4.6,4.1,0.0,1,0,0,0,0,0,0,0,1,0
2023-11-24 03:00:00,3,4,0,2,0,4.6,4.1,0.0,1,0,0,0,0,0,0,0,1,0
2023-11-24 04:00:00,2,5,0,9,0,4.6,4.1,0.0,1,0,0,0,0,0,0,0,1,0
2023-11-25 12:00:00,19,13,38,3622,0,4.3,5.5,0.0,0,0,1,0,0,0,0,0,1,0
2023-11-25 10:00:00,10,11,24,2496,0,4.3,5.5,0.0,0,0,1,0,0,0,0,0,1,0
2023-11-26 08:00:00,30,9,7,212,0,8.4,5.5,0.0,0,0,0,1,0,0,0,0,1,0
2023-11-25 07:00:00,4,8,3,98,0,4.3,5.5,0.0,0,0,1,0,0,0,0,0,1,0
2023-11-26 20:00:00,37,21,5,387,0,8.4,5.5,0.0,0,0,0,1,0,0,0,0,1,0
2023-11-26 09:00:00,30,10,5,384,0,8.4,5.5,0.0,0,0,0,1,0,0,0,0,1,0
2023-11-26 10:00:00,27,11,5,1049,0,8.4,5.5,0.0,0,0,0,1,0,0,0,0,1,0
2023-11-26 04:00:00,16,5,0,4,0,8.4,5.5,0.0,0,0,0,1,0,0,0,0,1,0
2023-11-28 08:00:00,5,9,14,691,0,3.6,1.1,0.0,0,0,0,0,0,1,0,0,1,0
2023-11-28 11:00:00,16,12,13,2920,0,3.6,1.1,0.0,0,0,0,0,0,1,0,0,1,0
2023-11-28 14:00:00,9,15,13,2631,0,3.6,1.1,0.0,0,0,0,0,0,1,0,0,1,0
2023-11-28 13:00:00,8,14,9,3327,0,3.6,1.1,0.0,0,0,0,0,0,1,0,0,1,0
2023-11-28 20:00:00,41,21,0,585,0,3.6,1.1,0.0,0,0,0,0,0,1,0,0,1,0
2023-11-28 09:00:00,21,10,7,1611,0,3.6,1.1,0.0,0,0,0,0,0,1,0,0,1,0
2023-11-28 12:00:00,18,13,7,3339,0,3.6,1.1,0.0,0,0,0,0,0,1,0,0,1,0
2023-11-28 16:00:00,19,17,6,2540,0,3.6,1.1,0.0,0,0,0,0,0,1,0,0,1,0
2023-11-28 15:00:00,15,16,5,2400,0,3.6,1.1,0.0,0,0,0,0,0,1,0,0,1,0
2023-11-28 10:00:00,43,11,4,2304,0,3.6,1.1,0.0,0,0,0,0,0,1,0,0,1,0
2023-11-28 19:00:00,34,20,4,596,0,3.6,1.1,0.0,0,0,0,0,0,1,0,0,1,0
2023-11-28 18:00:00,47,19,3,906,0,3.6,1.1,0.0,0,0,0,0,0,1,0,0,1,0
2023-11-28 07:00:00,11,8,3,228,0,3.6,1.1,0.0,0,0,0,0,0,1,0,0,1,0
2023-11-28 21:00:00,36,22,0,336,0,3.6,1.1,0.0,0,0,0,0,0,1,0,0,1,0
2023-11-28 23:00:00,33,0,0,70,0,3.6,1.1,0.0,0,0,0,0,0,1,0,0,1,0
2023-11-27 09:00:00,14,10,8,1309,0,4.8,5.5,2.4,0,1,0,0,0,0,0,0,1,0
2023-11-27 08:00:00,9,9,6,630,0,4.8,5.5,2.4,0,1,0,0,0,0,0,0,1,0
2023-11-27 17:00:00,19,18,5,1360,0,4.8,5.5,2.4,0,1,0,0,0,0,0,0,1,0
2023-11-27 16:00:00,9,17,4,1557,0,4.8,5.5,2.4,0,1,0,0,0,0,0,0,1,0
2023-11-27 07:00:00,16,8,3,324,0,4.8,5.5,2.4,0,1,0,0,0,0,0,0,1,0
2023-11-27 20:00:00,32,21,0,371,0,4.8,5.5,2.4,0,1,0,0,0,0,0,0,1,0
2023-11-27 00:00:00,21,1,0,38,0,4.8,5.5,2.4,0,1,0,0,0,0,0,0,1,0
2023-11-27 23:00:00,19,0,0,98,0,4.8,5.5,2.4,0,1,0,0,0,0,0,0,1,0
2023-11-27 19:00:00,18,20,0,424,0,4.8,5.5,2.4,0,1,0,0,0,0,0,0,1,0
2023-11-27 06:00:00,14,7,0,68,0,4.8,5.5,2.4,0,1,0,0,0,0,0,0,1,0
2023-11-27 05:00:00,14,6,0,44,0,4.8,5.5,2.4,0,1,0,0,0,0,0,0,1,0
2023-11-27 01:00:00,14,2,0,22,0,4.8,5.5,2.4,0,1,0,0,0,0,0,0,1,0
2023-11-27 03:00:00,9,4,0,5,0,4.8,5.5,2.4,0,1,0,0,0,0,0,0,1,0
2023-11-27 04:00:00,8,5,0,8,0,4.8,5.5,2.4,0,1,0,0,0,0,0,0,1,0
2023-11-27 02:00:00,7,3,0,29,0,4.8,5.5,2.4,0,1,0,0,0,0,0,0,1,0
2023-11-28 17:00:00,21,18,2,2004,0,3.6,1.1,0.0,0,0,0,0,0,1,0,0,1,0
2023-11-28 01:00:00,19,2,0,3,0,3.6,1.1,0.0,0,0,0,0,0,1,0,0,1,0
2023-11-28 22:00:00,39,23,1,265,0,3.6,1.1,0.0,0,0,0,0,0,1,0,0,1,0
2023-11-28 00:00:00,16,1,0,50,0,3.6,1.1,0.0,0,0,0,0,0,1,0,0,1,0
2023-11-27 18:00:00,16,19,2,648,0,4.8,5.5,2.4,0,1,0,0,0,0,0,0,1,0
2023-11-27 10:00:00,34,11,23,2246,0,4.8,5.5,2.4,0,1,0,0,0,0,0,0,1,0
2023-11-27 12:00:00,17,13,23,2782,0,4.8,5.5,2.4,0,1,0,0,0,0,0,0,1,0
2023-11-27 14:00:00,25,15,22,2337,0,4.8,5.5,2.4,0,1,0,0,0,0,0,0,1,0
2023-11-28 03:00:00,9,4,0,7,0,3.6,1.1,0.0,0,0,0,0,0,1,0,0,1,0
2023-11-28 02:00:00,6,3,0,11,0,3.6,1.1,0.0,0,0,0,0,0,1,0,0,1,0
2023-11-28 05:00:00,5,6,0,47,0,3.6,1.1,0.0,0,0,0,0,0,1,0,0,1,0
2023-11-27 15:00:00,11,16,16,2039,0,4.8,5.5,2.4,0,1,0,0,0,0,0,0,1,0
2023-11-27 13:00:00,19,14,12,2748,0,4.8,5.5,2.4,0,1,0,0,0,0,0,0,1,0
2023-11-27 11:00:00,13,12,11,2846,0,4.8,5.5,2.4,0,1,0,0,0,0,0,0,1,0
2023-11-28 04:00:00,5,5,0,18,0,3.6,1.1,0.0,0,0,0,0,0,1,0,0,1,0
2023-11-28 06:00:00,3,7,0,97,0,3.6,1.1,0.0,0,0,0,0,0,1,0,0,1,0
2023-11-27 21:00:00,26,22,1,275,0,4.8,5.5,2.4,0,1,0,0,0,0,0,0,1,0
2023-11-27 22:00:00,14,23,1,279,0,4.8,5.5,2.4,0,1,0,0,0,0,0,0,1,0
2023-11-29 13:00:00,23,14,25,4288,0,4.5,-0.7,0.0,0,0,0,0,0,0,1,0,1,0
2023-11-29 10:00:00,60,11,23,3152,0,4.5,-0.7,0.0,0,0,0,0,0,0,1,0,1,0
2023-11-30 20:00:00,19,21,1,447,1,2.2,-0.7,0.0,0,0,0,0,1,0,0,0,1,0
2023-11-29 01:00:00,17,2,0,6,0,4.5,-0.7,0.0,0,0,0,0,0,0,1,0,1,0
2023-11-30 15:00:00,8,16,15,2389,1,2.2,-0.7,0.0,0,0,0,0,1,0,0,0,1,0
2023-11-29 05:00:00,12,6,0,42,0,4.5,-0.7,0.0,0,0,0,0,0,0,1,0,1,0
2023-11-30 16:00:00,15,17,5,2356,1,2.2,-0.7,0.0,0,0,0,0,1,0,0,0,1,0
2023-11-29 02:00:00,12,3,0,13,0,4.5,-0.7,0.0,0,0,0,0,0,0,1,0,1,0
2023-11-29 03:00:00,10,4,0,1,0,4.5,-0.7,0.0,0,0,0,0,0,0,1,0,1,0
2023-11-29 16:00:00,17,17,6,2076,0,4.5,-0.7,0.0,0,0,0,0,0,0,1,0,1,0
2023-11-29 17:00:00,5,18,3,1357,0,4.5,-0.7,0.0,0,0,0,0,0,0,1,0,1,0
2023-11-30 21:00:00,22,22,0,380,1,2.2,-0.7,0.0,0,0,0,0,1,0,0,0,1,0
2023-11-29 18:00:00,4,19,0,505,0,4.5,-0.7,0.0,0,0,0,0,0,0,1,0,1,0
2023-11-29 04:00:00,3,5,0,11,0,4.5,-0.7,0.0,0,0,0,0,0,0,1,0,1,0
2023-11-29 20:00:00,2,21,0,251,0,4.5,-0.7,0.0,0,0,0,0,0,0,1,0,1,0
2023-11-29 22:00:00,0,23,0,138,0,4.5,-0.7,0.0,0,0,0,0,0,0,1,0,1,0
2023-11-30 23:00:00,22,0,0,83,1,2.2,-0.7,0.0,0,0,0,0,1,0,0,0,1,0
2023-11-30 12:00:00,12,13,13,2772,1,2.2,-0.7,0.0,0,0,0,0,1,0,0,0,1,0
2023-11-30 05:00:00,4,6,0,34,1,2.2,-0.7,0.0,0,0,0,0,1,0,0,0,1,0
2023-11-30 06:00:00,2,7,0,47,1,2.2,-0.7,0.0,0,0,0,0,1,0,0,0,1,0
2023-11-30 02:00:00,2,3,0,12,1,2.2,-0.7,0.0,0,0,0,0,1,0,0,0,1,0
2023-11-30 04:00:00,2,5,0,12,1,2.2,-0.7,0.0,0,0,0,0,1,0,0,0,1,0
2023-11-30 01:00:00,2,2,0,10,1,2.2,-0.7,0.0,0,0,0,0,1,0,0,0,1,0
2023-11-30 03:00:00,2,4,0,2,1,2.2,-0.7,0.0,0,0,0,0,1,0,0,0,1,0
2023-11-30 00:00:00,0,1,0,37,1,2.2,-0.7,0.0,0,0,0,0,1,0,0,0,1,0
2023-11-30 09:00:00,13,10,4,1850,1,2.2,-0.7,0.0,0,0,0,0,1,0,0,0,1,0
2023-11-30 10:00:00,16,11,10,2747,1,2.2,-0.7,0.0,0,0,0,0,1,0,0,0,1,0
2023-11-29 07:00:00,33,8,1,356,0,4.5,-0.7,0.0,0,0,0,0,0,0,1,0,1,0
2023-11-29 11:00:00,54,12,18,3903,0,4.5,-0.7,0.0,0,0,0,0,0,0,1,0,1,0
2023-11-29 06:00:00,13,7,1,96,0,4.5,-0.7,0.0,0,0,0,0,0,0,1,0,1,0
2023-11-29 12:00:00,20,13,16,3939,0,4.5,-0.7,0.0,0,0,0,0,0,0,1,0,1,0
2023-11-30 14:00:00,15,15,9,2609,1,2.2,-0.7,0.0,0,0,0,0,1,0,0,0,1,0
2023-11-29 23:00:00,4,0,1,44,0,4.5,-0.7,0.0,0,0,0,0,0,0,1,0,1,0
2023-11-30 22:00:00,22,23,2,264,1,2.2,-0.7,0.0,0,0,0,0,1,0,0,0,1,0
2023-11-30 08:00:00,11,9,2,873,1,2.2,-0.7,0.0,0,0,0,0,1,0,0,0,1,0
2023-11-30 07:00:00,10,8,2,230,1,2.2,-0.7,0.0,0,0,0,0,1,0,0,0,1,0
2023-11-30 19:00:00,34,20,1,600,1,2.2,-0.7,0.0,0,0,0,0,1,0,0,0,1,0
2023-11-30 13:00:00,13,14,8,3089,1,2.2,-0.7,0.0,0,0,0,0,1,0,0,0,1,0
2023-11-30 18:00:00,26,19,7,1010,1,2.2,-0.7,0.0,0,0,0,0,1,0,0,0,1,0
2023-11-30 11:00:00,21,12,6,2817,1,2.2,-0.7,0.0,0,0,0,0,1,0,0,0,1,0
2023-11-30 17:00:00,2,18,6,1328,1,2.2,-0.7,0.0,0,0,0,0,1,0,0,0,1,0
2023-11-29 19:00:00,1,20,1,361,0,4.5,-0.7,0.0,0,0,0,0,0,0,1,0,1,0
2023-11-29 21:00:00,0,22,1,150,0,4.5,-0.7,0.0,0,0,0,0,0,0,1,0,1,0
2023-11-29 00:00:00,25,1,0,32,0,4.5,-0.7,0.0,0,0,0,0,0,0,1,0,1,0
2023-11-29 09:00:00,56,10,13,1712,0,4.5,-0.7,0.0,0,0,0,0,0,0,1,0,1,0
2023-11-29 15:00:00,35,16,13,2366,0,4.5,-0.7,0.0,0,0,0,0,0,0,1,0,1,0
2023-11-29 08:00:00,49,9,12,831,0,4.5,-0.7,0.0,0,0,0,0,0,0,1,0,1,0
2023-11-29 14:00:00,28,15,11,3279,0,4.5,-0.7,0.0,0,0,0,0,0,0,1,0,1,0
2023-10-01 13:00:00,7,14,36,2179,0,13.6,8.9,0.5,0,0,0,1,0,0,0,1,0,0
2023-10-01 14:00:00,17,15,35,2097,0,13.6,8.9,0.5,0,0,0,1,0,0,0,1,0,0
2023-10-01 12:00:00,5,13,20,1820,0,13.6,8.9,0.5,0,0,0,1,0,0,0,1,0,0
2023-10-01 11:00:00,1,12,14,1312,0,13.6,8.9,0.5,0,0,0,1,0,0,0,1,0,0
2023-10-01 20:00:00,11,21,3,252,0,13.6,8.9,0.5,0,0,0,1,0,0,0,1,0,0
2023-10-01 10:00:00,9,11,3,699,0,13.6,8.9,0.5,0,0,0,1,0,0,0,1,0,0
2023-10-02 12:00:00,14,13,29,2846,0,16.2,8.0,0.0,0,1,0,0,0,0,0,1,0,0
2023-10-02 14:00:00,17,15,28,2070,0,16.2,8.0,0.0,0,1,0,0,0,0,0,1,0,0
2023-10-01 08:00:00,4,9,2,102,0,13.6,8.9,0.5,0,0,0,1,0,0,0,1,0,0
2023-10-02 19:00:00,8,20,5,309,0,16.2,8.0,0.0,0,1,0,0,0,0,0,1,0,0
2023-10-02 07:00:00,10,8,4,169,0,16.2,8.0,0.0,0,1,0,0,0,0,0,1,0,0
2023-10-02 22:00:00,0,23,3,84,0,16.2,8.0,0.0,0,1,0,0,0,0,0,1,0,0
2023-10-02 06:00:00,10,7,1,53,0,16.2,8.0,0.0,0,1,0,0,0,0,0,1,0,0
2023-10-02 16:00:00,12,17,19,2152,0,16.2,8.0,0.0,0,1,0,0,0,0,0,1,0,0
2023-10-02 20:00:00,8,21,1,192,0,16.2,8.0,0.0,0,1,0,0,0,0,0,1,0,0
2023-10-02 15:00:00,7,16,18,2070,0,16.2,8.0,0.0,0,1,0,0,0,0,0,1,0,0
2023-10-02 13:00:00,16,14,17,2859,0,16.2,8.0,0.0,0,1,0,0,0,0,0,1,0,0
2023-10-02 21:00:00,2,22,1,148,0,16.2,8.0,0.0,0,1,0,0,0,0,0,1,0,0
2023-10-02 11:00:00,13,12,17,2760,0,16.2,8.0,0.0,0,1,0,0,0,0,0,1,0,0
2023-10-02 04:00:00,0,5,1,6,0,16.2,8.0,0.0,0,1,0,0,0,0,0,1,0,0
2023-10-01 09:00:00,5,10,10,261,0,13.6,8.9,0.5,0,0,0,1,0,0,0,1,0,0
2023-10-02 05:00:00,2,6,0,32,0,16.2,8.0,0.0,0,1,0,0,0,0,0,1,0,0
2023-10-02 00:00:00,0,1,0,31,0,16.2,8.0,0.0,0,1,0,0,0,0,0,1,0,0
2023-10-02 23:00:00,0,0,0,25,0,16.2,8.0,0.0,0,1,0,0,0,0,0,1,0,0
2023-10-02 02:00:00,0,3,0,17,0,16.2,8.0,0.0,0,1,0,0,0,0,0,1,0,0
2023-10-02 01:00:00,0,2,0,5,0,16.2,8.0,0.0,0,1,0,0,0,0,0,1,0,0
2023-10-02 03:00:00,0,4,0,1,0,16.2,8.0,0.0,0,1,0,0,0,0,0,1,0,0
2023-10-02 10:00:00,26,11,11,1941,0,16.2,8.0,0.0,0,1,0,0,0,0,0,1,0,0
2023-10-02 17:00:00,17,18,11,1651,0,16.2,8.0,0.0,0,1,0,0,0,0,0,1,0,0
2023-10-02 09:00:00,17,10,11,1160,0,16.2,8.0,0.0,0,1,0,0,0,0,0,1,0,0
2023-10-02 18:00:00,13,19,10,512,0,16.2,8.0,0.0,0,1,0,0,0,0,0,1,0,0
2023-10-02 08:00:00,10,9,10,641,0,16.2,8.0,0.0,0,1,0,0,0,0,0,1,0,0
2023-10-01 16:00:00,2,17,7,733,0,13.6,8.9,0.5,0,0,0,1,0,0,0,1,0,0
2023-10-01 15:00:00,12,16,5,1027,0,13.6,8.9,0.5,0,0,0,1,0,0,0,1,0,0
2023-10-01 07:00:00,6,8,5,43,0,13.6,8.9,0.5,0,0,0,1,0,0,0,1,0,0
2023-10-01 19:00:00,5,20,5,235,0,13.6,8.9,0.5,0,0,0,1,0,0,0,1,0,0
2023-10-01 17:00:00,2,18,5,874,0,13.6,8.9,0.5,0,0,0,1,0,0,0,1,0,0
2023-10-01 18:00:00,8,19,1,372,0,13.6,8.9,0.5,0,0,0,1,0,0,0,1,0,0
2023-10-01 01:00:00,3,2,1,71,0,13.6,8.9,0.5,0,0,0,1,0,0,0,1,0,0
2023-10-01 06:00:00,3,7,1,14,0,13.6,8.9,0.5,0,0,0,1,0,0,0,1,0,0
2023-10-01 21:00:00,2,22,1,203,0,13.6,8.9,0.5,0,0,0,1,0,0,0,1,0,0
2023-10-01 22:00:00,0,23,1,156,0,13.6,8.9,0.5,0,0,0,1,0,0,0,1,0,0
2023-10-01 00:00:00,0,1,1,146,0,13.6,8.9,0.5,0,0,0,1,0,0,0,1,0,0
2023-10-01 23:00:00,0,0,1,56,0,13.6,8.9,0.5,0,0,0,1,0,0,0,1,0,0
2023-10-01 05:00:00,3,6,0,10,0,13.6,8.9,0.5,0,0,0,1,0,0,0,1,0,0
2023-10-01 03:00:00,1,4,0,87,0,13.6,8.9,0.5,0,0,0,1,0,0,0,1,0,0
2023-10-01 02:00:00,1,3,0,75,0,13.6,8.9,0.5,0,0,0,1,0,0,0,1,0,0
2023-10-01 04:00:00,0,5,0,18,0,13.6,8.9,0.5,0,0,0,1,0,0,0,1,0,0
2023-10-03 02:00:00,0,3,0,2,0,13.8,8.2,1.1,0,0,0,0,0,1,0,1,0,0
2023-10-04 22:00:00,9,23,0,110,0,16.2,8.2,0.0,0,0,0,0,0,0,1,1,0,0
2023-10-04 06:00:00,7,7,0,52,0,16.2,8.2,0.0,0,0,0,0,0,0,1,1,0,0
2023-10-04 02:00:00,3,3,0,22,0,16.2,8.2,0.0,0,0,0,0,0,0,1,1,0,0
2023-10-04 01:00:00,2,2,0,12,0,16.2,8.2,0.0,0,0,0,0,0,0,1,1,0,0
2023-10-04 04:00:00,1,5,0,9,0,16.2,8.2,0.0,0,0,0,0,0,0,1,1,0,0
2023-10-04 03:00:00,1,4,0,6,0,16.2,8.2,0.0,0,0,0,0,0,0,1,1,0,0
2023-10-05 17:00:00,8,18,25,1434,0,18.0,6.0,5.1,0,0,0,0,1,0,0,1,0,0
2023-10-03 18:00:00,13,19,9,517,0,13.8,8.2,1.1,0,0,0,0,0,1,0,1,0,0
2023-10-04 13:00:00,17,14,12,2579,0,16.2,8.2,0.0,0,0,0,0,0,0,1,1,0,0
2023-10-04 18:00:00,10,19,10,393,0,16.2,8.2,0.0,0,0,0,0,0,0,1,1,0,0
2023-10-04 10:00:00,14,11,8,2534,0,16.2,8.2,0.0,0,0,0,0,0,0,1,1,0,0
2023-10-04 14:00:00,10,15,8,1980,0,16.2,8.2,0.0,0,0,0,0,0,0,1,1,0,0
2023-10-04 19:00:00,18,20,7,265,0,16.2,8.2,0.0,0,0,0,0,0,0,1,1,0,0
2023-10-04 09:00:00,10,10,7,1470,0,16.2,8.2,0.0,0,0,0,0,0,0,1,1,0,0
2023-10-03 16:00:00,9,17,25,1965,0,13.8,8.2,1.1,0,0,0,0,0,1,0,1,0,0
2023-10-03 21:00:00,8,22,1,180,0,13.8,8.2,1.1,0,0,0,0,0,1,0,1,0,0
2023-10-05 16:00:00,8,17,15,1612,0,18.0,6.0,5.1,0,0,0,0,1,0,0,1,0,0
2023-10-05 11:00:00,19,12,14,2093,0,18.0,6.0,5.1,0,0,0,0,1,0,0,1,0,0
2023-10-05 13:00:00,9,14,14,2292,0,18.0,6.0,5.1,0,0,0,0,1,0,0,1,0,0
2023-10-05 12:00:00,13,13,13,2298,0,18.0,6.0,5.1,0,0,0,0,1,0,0,1,0,0
2023-10-05 14:00:00,11,15,12,2213,0,18.0,6.0,5.1,0,0,0,0,1,0,0,1,0,0
2023-10-05 10:00:00,28,11,11,1824,0,18.0,6.0,5.1,0,0,0,0,1,0,0,1,0,0
2023-10-05 15:00:00,14,16,11,2055,0,18.0,6.0,5.1,0,0,0,0,1,0,0,1,0,0
2023-10-05 09:00:00,19,10,9,1303,0,18.0,6.0,5.1,0,0,0,0,1,0,0,1,0,0
2023-10-05 08:00:00,11,9,9,652,0,18.0,6.0,5.1,0,0,0,0,1,0,0,1,0,0
2023-10-05 18:00:00,11,19,7,457,0,18.0,6.0,5.1,0,0,0,0,1,0,0,1,0,0
2023-10-03 13:00:00,19,14,8,3286,0,13.8,8.2,1.1,0,0,0,0,0,1,0,1,0,0
2023-10-03 20:00:00,5,21,1,257,0,13.8,8.2,1.1,0,0,0,0,0,1,0,1,0,0
2023-10-04 21:00:00,9,22,3,167,0,16.2,8.2,0.0,0,0,0,0,0,0,1,1,0,0
2023-10-03 10:00:00,6,11,21,1939,0,13.8,8.2,1.1,0,0,0,0,0,1,0,1,0,0
2023-10-03 17:00:00,19,18,19,1550,0,13.8,8.2,1.1,0,0,0,0,0,1,0,1,0,0
2023-10-03 15:00:00,17,16,18,2829,0,13.8,8.2,1.1,0,0,0,0,0,1,0,1,0,0
2023-10-03 11:00:00,13,12,17,2810,0,13.8,8.2,1.1,0,0,0,0,0,1,0,1,0,0
2023-10-03 12:00:00,11,13,13,3069,0,13.8,8.2,1.1,0,0,0,0,0,1,0,1,0,0
2023-10-03 09:00:00,10,10,10,1631,0,13.8,8.2,1.1,0,0,0,0,0,1,0,1,0,0
2023-10-04 08:00:00,4,9,3,832,0,16.2,8.2,0.0,0,0,0,0,0,0,1,1,0,0
2023-10-03 14:00:00,11,15,7,3468,0,13.8,8.2,1.1,0,0,0,0,0,1,0,1,0,0
2023-10-04 16:00:00,15,17,24,1910,0,16.2,8.2,0.0,0,0,0,0,0,0,1,1,0,0
2023-10-04 20:00:00,13,21,2,188,0,16.2,8.2,0.0,0,0,0,0,0,0,1,1,0,0
2023-10-04 07:00:00,6,8,2,259,0,16.2,8.2,0.0,0,0,0,0,0,0,1,1,0,0
2023-10-04 05:00:00,1,6,2,34,0,16.2,8.2,0.0,0,0,0,0,0,0,1,1,0,0
2023-10-04 15:00:00,6,16,21,2069,0,16.2,8.2,0.0,0,0,0,0,0,0,1,1,0,0
2023-10-03 19:00:00,15,20,5,364,0,13.8,8.2,1.1,0,0,0,0,0,1,0,1,0,0
2023-10-03 08:00:00,4,9,5,921,0,13.8,8.2,1.1,0,0,0,0,0,1,0,1,0,0
2023-10-03 23:00:00,6,0,0,72,0,13.8,8.2,1.1,0,0,0,0,0,1,0,1,0,0
2023-10-03 06:00:00,2,7,0,77,0,13.8,8.2,1.1,0,0,0,0,0,1,0,1,0,0
2023-10-03 01:00:00,2,2,0,10,0,13.8,8.2,1.1,0,0,0,0,0,1,0,1,0,0
2023-10-03 05:00:00,1,6,0,36,0,13.8,8.2,1.1,0,0,0,0,0,1,0,1,0,0
2023-10-03 22:00:00,0,23,0,48,0,13.8,8.2,1.1,0,0,0,0,0,1,0,1,0,0
2023-10-03 03:00:00,0,4,0,5,0,13.8,8.2,1.1,0,0,0,0,0,1,0,1,0,0
2023-10-03 04:00:00,0,5,0,3,0,13.8,8.2,1.1,0,0,0,0,0,1,0,1,0,0
2023-10-04 00:00:00,13,1,1,163,0,16.2,8.2,0.0,0,0,0,0,0,0,1,1,0,0
2023-10-04 11:00:00,9,12,18,3104,0,16.2,8.2,0.0,0,0,0,0,0,0,1,1,0,0
2023-10-03 07:00:00,12,8,3,326,0,13.8,8.2,1.1,0,0,0,0,0,1,0,1,0,0
2023-10-04 17:00:00,14,18,16,1206,0,16.2,8.2,0.0,0,0,0,0,0,0,1,1,0,0
2023-10-04 23:00:00,0,0,1,47,0,16.2,8.2,0.0,0,0,0,0,0,0,1,1,0,0
2023-10-03 00:00:00,2,1,2,44,0,13.8,8.2,1.1,0,0,0,0,0,1,0,1,0,0
2023-10-04 12:00:00,6,13,14,3093,0,16.2,8.2,0.0,0,0,0,0,0,0,1,1,0,0
2023-10-06 18:00:00,9,19,3,518,0,11.0,10.5,28.3,1,0,0,0,0,0,0,1,0,0
2023-10-06 20:00:00,4,21,1,258,0,11.0,10.5,28.3,1,0,0,0,0,0,0,1,0,0
2023-10-06 01:00:00,3,2,1,46,0,11.0,10.5,28.3,1,0,0,0,0,0,0,1,0,0
2023-10-06 22:00:00,2,23,1,136,0,11.0,10.5,28.3,1,0,0,0,0,0,0,1,0,0
2023-10-06 06:00:00,2,7,1,89,0,11.0,10.5,28.3,1,0,0,0,0,0,0,1,0,0
2023-10-06 21:00:00,5,22,0,174,0,11.0,10.5,28.3,1,0,0,0,0,0,0,1,0,0
2023-10-06 23:00:00,4,0,0,69,0,11.0,10.5,28.3,1,0,0,0,0,0,0,1,0,0
2023-10-06 00:00:00,4,1,0,48,0,11.0,10.5,28.3,1,0,0,0,0,0,0,1,0,0
2023-10-06 03:00:00,4,4,0,29,0,11.0,10.5,28.3,1,0,0,0,0,0,0,1,0,0
2023-10-06 05:00:00,2,6,0,50,0,11.0,10.5,28.3,1,0,0,0,0,0,0,1,0,0
2023-10-06 02:00:00,1,3,0,25,0,11.0,10.5,28.3,1,0,0,0,0,0,0,1,0,0
2023-10-06 04:00:00,0,5,0,17,0,11.0,10.5,28.3,1,0,0,0,0,0,0,1,0,0
2023-10-07 15:00:00,19,16,16,1911,0,14.6,9.5,56.3,0,0,1,0,0,0,0,1,0,0
2023-10-06 10:00:00,17,11,23,2386,0,11.0,10.5,28.3,1,0,0,0,0,0,0,1,0,0
2023-10-06 08:00:00,25,9,20,880,0,11.0,10.5,28.3,1,0,0,0,0,0,0,1,0,0
2023-10-07 18:00:00,2,19,3,312,0,14.6,9.5,56.3,0,0,1,0,0,0,0,1,0,0
2023-10-07 12:00:00,22,13,10,2362,0,14.6,9.5,56.3,0,0,1,0,0,0,0,1,0,0
2023-10-06 09:00:00,15,10,15,1759,0,11.0,10.5,28.3,1,0,0,0,0,0,0,1,0,0
2023-10-07 17:00:00,13,18,9,783,0,14.6,9.5,56.3,0,0,1,0,0,0,0,1,0,0
2023-10-07 13:00:00,20,14,8,2783,0,14.6,9.5,56.3,0,0,1,0,0,0,0,1,0,0
2023-10-06 15:00:00,11,16,13,2712,0,11.0,10.5,28.3,1,0,0,0,0,0,0,1,0,0
2023-10-07 16:00:00,19,17,8,1402,0,14.6,9.5,56.3,0,0,1,0,0,0,0,1,0,0
2023-10-06 12:00:00,15,13,12,3350,0,11.0,10.5,28.3,1,0,0,0,0,0,0,1,0,0
2023-10-07 10:00:00,26,11,6,1803,0,14.6,9.5,56.3,0,0,1,0,0,0,0,1,0,0
2023-10-07 09:00:00,16,10,2,988,0,14.6,9.5,56.3,0,0,1,0,0,0,0,1,0,0
2023-10-06 17:00:00,13,18,11,1660,0,11.0,10.5,28.3,1,0,0,0,0,0,0,1,0,0
2023-10-06 16:00:00,4,17,11,2299,0,11.0,10.5,28.3,1,0,0,0,0,0,0,1,0,0
2023-10-07 14:00:00,25,15,5,2664,0,14.6,9.5,56.3,0,0,1,0,0,0,0,1,0,0
2023-10-07 11:00:00,12,12,5,2176,0,14.6,9.5,56.3,0,0,1,0,0,0,0,1,0,0
2023-10-06 14:00:00,16,15,10,3596,0,11.0,10.5,28.3,1,0,0,0,0,0,0,1,0,0
2023-10-06 11:00:00,4,12,8,2540,0,11.0,10.5,28.3,1,0,0,0,0,0,0,1,0,0
2023-10-07 20:00:00,17,21,1,260,0,14.6,9.5,56.3,0,0,1,0,0,0,0,1,0,0
2023-10-07 21:00:00,8,22,1,243,0,14.6,9.5,56.3,0,0,1,0,0,0,0,1,0,0
2023-10-07 22:00:00,7,23,1,159,0,14.6,9.5,56.3,0,0,1,0,0,0,0,1,0,0
2023-10-06 13:00:00,9,14,4,3734,0,11.0,10.5,28.3,1,0,0,0,0,0,0,1,0,0
2023-10-06 07:00:00,8,8,4,257,0,11.0,10.5,28.3,1,0,0,0,0,0,0,1,0,0
2023-10-06 19:00:00,4,20,4,362,0,11.0,10.5,28.3,1,0,0,0,0,0,0,1,0,0
2023-10-05 07:00:00,5,8,1,170,0,18.0,6.0,5.1,0,0,0,0,1,0,0,1,0,0
2023-10-05 19:00:00,4,20,1,315,0,18.0,6.0,5.1,0,0,0,0,1,0,0,1,0,0
2023-10-05 22:00:00,4,23,1,113,0,18.0,6.0,5.1,0,0,0,0,1,0,0,1,0,0
2023-10-05 05:00:00,1,6,1,35,0,18.0,6.0,5.1,0,0,0,0,1,0,0,1,0,0
2023-10-05 20:00:00,9,21,0,215,0,18.0,6.0,5.1,0,0,0,0,1,0,0,1,0,0
2023-10-05 21:00:00,7,22,0,140,0,18.0,6.0,5.1,0,0,0,0,1,0,0,1,0,0
2023-10-05 06:00:00,3,7,0,62,0,18.0,6.0,5.1,0,0,0,0,1,0,0,1,0,0
2023-10-05 00:00:00,2,1,0,50,0,18.0,6.0,5.1,0,0,0,0,1,0,0,1,0,0
2023-10-05 02:00:00,2,3,0,4,0,18.0,6.0,5.1,0,0,0,0,1,0,0,1,0,0
2023-10-05 23:00:00,1,0,0,48,0,18.0,6.0,5.1,0,0,0,0,1,0,0,1,0,0
2023-10-05 01:00:00,0,2,0,29,0,18.0,6.0,5.1,0,0,0,0,1,0,0,1,0,0
2023-10-05 03:00:00,0,4,0,7,0,18.0,6.0,5.1,0,0,0,0,1,0,0,1,0,0
2023-10-05 04:00:00,0,5,0,6,0,18.0,6.0,5.1,0,0,0,0,1,0,0,1,0,0
2023-10-08 00:00:00,3,1,0,112,0,17.6,8.5,5.4,0,0,0,1,0,0,0,1,0,0
2023-10-07 08:00:00,4,9,1,365,0,14.6,9.5,56.3,0,0,1,0,0,0,0,1,0,0
2023-10-08 18:00:00,9,19,2,270,0,17.6,8.5,5.4,0,0,0,1,0,0,0,1,0,0
2023-10-08 21:00:00,3,22,2,146,0,17.6,8.5,5.4,0,0,0,1,0,0,0,1,0,0
2023-10-08 23:00:00,5,0,1,50,0,17.6,8.5,5.4,0,0,0,1,0,0,0,1,0,0
2023-10-08 19:00:00,2,20,1,156,0,17.6,8.5,5.4,0,0,0,1,0,0,0,1,0,0
2023-10-08 22:00:00,3,23,0,67,0,17.6,8.5,5.4,0,0,0,1,0,0,0,1,0,0
2023-10-09 18:00:00,8,19,10,471,0,18.0,8.1,0.0,0,1,0,0,0,0,0,1,0,0
2023-10-08 06:00:00,3,7,0,19,0,17.6,8.5,5.4,0,0,0,1,0,0,0,1,0,0
2023-10-07 19:00:00,12,20,0,315,0,14.6,9.5,56.3,0,0,1,0,0,0,0,1,0,0
2023-10-07 07:00:00,4,8,0,77,0,14.6,9.5,56.3,0,0,1,0,0,0,0,1,0,0
2023-10-07 23:00:00,2,0,0,100,0,14.6,9.5,56.3,0,0,1,0,0,0,0,1,0,0
2023-10-07 00:00:00,2,1,0,98,0,14.6,9.5,56.3,0,0,1,0,0,0,0,1,0,0
2023-10-07 01:00:00,2,2,0,79,0,14.6,9.5,56.3,0,0,1,0,0,0,0,1,0,0
2023-10-07 04:00:00,2,5,0,6,0,14.6,9.5,56.3,0,0,1,0,0,0,0,1,0,0
2023-10-07 06:00:00,1,7,0,41,0,14.6,9.5,56.3,0,0,1,0,0,0,0,1,0,0
2023-10-07 05:00:00,1,6,0,36,0,14.6,9.5,56.3,0,0,1,0,0,0,0,1,0,0
2023-10-07 03:00:00,0,4,0,53,0,14.6,9.5,56.3,0,0,1,0,0,0,0,1,0,0
2023-10-07 02:00:00,0,3,0,40,0,14.6,9.5,56.3,0,0,1,0,0,0,0,1,0,0
2023-10-08 14:00:00,6,15,21,1746,0,17.6,8.5,5.4,0,0,0,1,0,0,0,1,0,0
2023-10-08 12:00:00,11,13,18,1344,0,17.6,8.5,5.4,0,0,0,1,0,0,0,1,0,0
2023-10-08 13:00:00,10,14,17,1537,0,17.6,8.5,5.4,0,0,0,1,0,0,0,1,0,0
2023-10-08 16:00:00,17,17,16,1692,0,17.6,8.5,5.4,0,0,0,1,0,0,0,1,0,0
2023-10-08 11:00:00,10,12,16,846,0,17.6,8.5,5.4,0,0,0,1,0,0,0,1,0,0
2023-10-09 14:00:00,8,15,25,3104,0,18.0,8.1,0.0,0,1,0,0,0,0,0,1,0,0
2023-10-08 20:00:00,2,21,0,148,0,17.6,8.5,5.4,0,0,0,1,0,0,0,1,0,0
2023-10-08 08:00:00,2,9,0,80,0,17.6,8.5,5.4,0,0,0,1,0,0,0,1,0,0
2023-10-08 15:00:00,24,16,7,2047,0,17.6,8.5,5.4,0,0,0,1,0,0,0,1,0,0
2023-10-08 10:00:00,2,11,7,381,0,17.6,8.5,5.4,0,0,0,1,0,0,0,1,0,0
2023-10-08 17:00:00,21,18,5,629,0,17.6,8.5,5.4,0,0,0,1,0,0,0,1,0,0
2023-10-08 03:00:00,1,4,0,85,0,17.6,8.5,5.4,0,0,0,1,0,0,0,1,0,0
2023-10-08 02:00:00,1,3,0,45,0,17.6,8.5,5.4,0,0,0,1,0,0,0,1,0,0
2023-10-09 08:00:00,26,9,8,568,0,18.0,8.1,0.0,0,1,0,0,0,0,0,1,0,0
2023-10-09 07:00:00,15,8,6,148,0,18.0,8.1,0.0,0,1,0,0,0,0,0,1,0,0
2023-10-09 20:00:00,4,21,4,244,0,18.0,8.1,0.0,0,1,0,0,0,0,0,1,0,0
2023-10-08 09:00:00,0,10,0,148,0,17.6,8.5,5.4,0,0,0,1,0,0,0,1,0,0
2023-10-08 07:00:00,0,8,0,35,0,17.6,8.5,5.4,0,0,0,1,0,0,0,1,0,0
2023-10-08 05:00:00,0,6,0,9,0,17.6,8.5,5.4,0,0,0,1,0,0,0,1,0,0
2023-10-08 04:00:00,0,5,0,2,0,17.6,8.5,5.4,0,0,0,1,0,0,0,1,0,0
2023-10-09 11:00:00,19,12,16,2479,0,18.0,8.1,0.0,0,1,0,0,0,0,0,1,0,0
2023-10-08 01:00:00,5,2,0,80,0,17.6,8.5,5.4,0,0,0,1,0,0,0,1,0,0
2023-10-09 09:00:00,17,10,13,1052,0,18.0,8.1,0.0,0,1,0,0,0,0,0,1,0,0
2023-10-09 10:00:00,13,11,12,1551,0,18.0,8.1,0.0,0,1,0,0,0,0,0,1,0,0
2023-10-09 16:00:00,10,17,12,2311,0,18.0,8.1,0.0,0,1,0,0,0,0,0,1,0,0
2023-10-09 12:00:00,8,13,11,2686,0,18.0,8.1,0.0,0,1,0,0,0,0,0,1,0,0
2023-10-09 15:00:00,13,16,32,2861,0,18.0,8.1,0.0,0,1,0,0,0,0,0,1,0,0
2023-10-09 17:00:00,3,18,11,1324,0,18.0,8.1,0.0,0,1,0,0,0,0,0,1,0,0
2023-10-09 13:00:00,12,14,30,3435,0,18.0,8.1,0.0,0,1,0,0,0,0,0,1,0,0
2023-10-10 08:00:00,13,9,6,585,0,13.1,12.8,0.0,0,0,0,0,0,1,0,1,0,0
2023-10-10 16:00:00,9,17,6,2163,0,13.1,12.8,0.0,0,0,0,0,0,1,0,1,0,0
2023-10-10 14:00:00,3,15,6,2641,0,13.1,12.8,0.0,0,0,0,0,0,1,0,1,0,0
2023-10-10 07:00:00,16,8,4,172,0,13.1,12.8,0.0,0,0,0,0,0,1,0,1,0,0
2023-10-10 18:00:00,1,19,4,799,0,13.1,12.8,0.0,0,0,0,0,0,1,0,1,0,0
2023-10-11 18:00:00,4,19,5,492,0,12.0,7.3,0.0,0,0,0,0,0,0,1,1,0,0
2023-10-10 20:00:00,10,21,1,300,0,13.1,12.8,0.0,0,0,0,0,0,1,0,1,0,0
2023-10-10 23:00:00,7,0,1,83,0,13.1,12.8,0.0,0,0,0,0,0,1,0,1,0,0
2023-10-10 19:00:00,13,20,0,425,0,13.1,12.8,0.0,0,0,0,0,0,1,0,1,0,0
2023-10-10 21:00:00,7,22,0,205,0,13.1,12.8,0.0,0,0,0,0,0,1,0,1,0,0
2023-10-10 22:00:00,5,23,0,93,0,13.1,12.8,0.0,0,0,0,0,0,1,0,1,0,0
2023-10-10 06:00:00,4,7,0,90,0,13.1,12.8,0.0,0,0,0,0,0,1,0,1,0,0
2023-10-09 22:00:00,8,23,0,151,0,18.0,8.1,0.0,0,1,0,0,0,0,0,1,0,0
2023-10-10 12:00:00,24,13,17,3368,0,13.1,12.8,0.0,0,0,0,0,0,1,0,1,0,0
2023-10-10 17:00:00,8,18,17,1594,0,13.1,12.8,0.0,0,0,0,0,0,1,0,1,0,0
2023-10-10 04:00:00,2,5,0,4,0,13.1,12.8,0.0,0,0,0,0,0,1,0,1,0,0
2023-10-10 05:00:00,1,6,0,40,0,13.1,12.8,0.0,0,0,0,0,0,1,0,1,0,0
2023-10-10 00:00:00,0,1,0,39,0,13.1,12.8,0.0,0,0,0,0,0,1,0,1,0,0
2023-10-10 02:00:00,0,3,0,22,0,13.1,12.8,0.0,0,0,0,0,0,1,0,1,0,0
2023-10-10 01:00:00,0,2,0,13,0,13.1,12.8,0.0,0,0,0,0,0,1,0,1,0,0
2023-10-10 03:00:00,0,4,0,9,0,13.1,12.8,0.0,0,0,0,0,0,1,0,1,0,0
2023-10-11 12:00:00,7,13,4,1797,0,12.0,7.3,0.0,0,0,0,0,0,0,1,1,0,0
2023-10-09 23:00:00,8,0,1,59,0,18.0,8.1,0.0,0,1,0,0,0,0,0,1,0,0
2023-10-09 06:00:00,4,7,1,65,0,18.0,8.1,0.0,0,1,0,0,0,0,0,1,0,0
2023-10-09 21:00:00,1,22,1,232,0,18.0,8.1,0.0,0,1,0,0,0,0,0,1,0,0
2023-10-09 02:00:00,1,3,1,24,0,18.0,8.1,0.0,0,1,0,0,0,0,0,1,0,0
2023-10-11 17:00:00,7,18,12,1609,0,12.0,7.3,0.0,0,0,0,0,0,0,1,1,0,0
2023-10-10 10:00:00,28,11,14,1910,0,13.1,12.8,0.0,0,0,0,0,0,1,0,1,0,0
2023-10-09 05:00:00,1,6,0,38,0,18.0,8.1,0.0,0,1,0,0,0,0,0,1,0,0
2023-10-10 09:00:00,26,10,14,1251,0,13.1,12.8,0.0,0,0,0,0,0,1,0,1,0,0
2023-10-09 00:00:00,1,1,0,29,0,18.0,8.1,0.0,0,1,0,0,0,0,0,1,0,0
2023-10-11 11:00:00,6,12,15,1733,0,12.0,7.3,0.0,0,0,0,0,0,0,1,1,0,0
2023-10-09 04:00:00,1,5,0,1,0,18.0,8.1,0.0,0,1,0,0,0,0,0,1,0,0
2023-10-09 19:00:00,0,20,0,297,0,18.0,8.1,0.0,0,1,0,0,0,0,0,1,0,0
2023-10-09 01:00:00,0,2,0,21,0,18.0,8.1,0.0,0,1,0,0,0,0,0,1,0,0
2023-10-09 03:00:00,0,4,0,14,0,18.0,8.1,0.0,0,1,0,0,0,0,0,1,0,0
2023-10-11 14:00:00,14,15,10,1756,0,12.0,7.3,0.0,0,0,0,0,0,0,1,1,0,0
2023-10-10 11:00:00,8,12,10,2200,0,13.1,12.8,0.0,0,0,0,0,0,1,0,1,0,0
2023-10-10 15:00:00,7,16,7,2614,0,13.1,12.8,0.0,0,0,0,0,0,1,0,1,0,0
2023-10-11 09:00:00,26,10,9,1361,0,12.0,7.3,0.0,0,0,0,0,0,0,1,1,0,0
2023-10-11 16:00:00,10,17,9,1266,0,12.0,7.3,0.0,0,0,0,0,0,0,1,1,0,0
2023-10-11 10:00:00,24,11,8,1555,0,12.0,7.3,0.0,0,0,0,0,0,0,1,1,0,0
2023-10-11 13:00:00,8,14,8,1936,0,12.0,7.3,0.0,0,0,0,0,0,0,1,1,0,0
2023-10-11 08:00:00,16,9,7,751,0,12.0,7.3,0.0,0,0,0,0,0,0,1,1,0,0
2023-10-11 07:00:00,17,8,2,209,0,12.0,7.3,0.0,0,0,0,0,0,0,1,1,0,0
2023-10-11 15:00:00,10,16,2,1557,0,12.0,7.3,0.0,0,0,0,0,0,0,1,1,0,0
2023-10-10 13:00:00,12,14,22,3390,0,13.1,12.8,0.0,0,0,0,0,0,1,0,1,0,0
2023-10-13 18:00:00,12,19,13,1087,0,10.8,5.5,0.0,1,0,0,0,0,0,0,1,0,0
2023-10-13 15:00:00,6,16,13,1867,0,10.8,5.5,0.0,1,0,0,0,0,0,0,1,0,0
2023-10-13 16:00:00,6,17,12,1877,0,10.8,5.5,0.0,1,0,0,0,0,0,0,1,0,0
2023-10-13 17:00:00,0,18,11,1664,0,10.8,5.5,0.0,1,0,0,0,0,0,0,1,0,0
2023-10-13 10:00:00,5,11,8,1532,0,10.8,5.5,0.0,1,0,0,0,0,0,0,1,0,0
2023-10-13 13:00:00,17,14,25,2871,0,10.8,5.5,0.0,1,0,0,0,0,0,0,1,0,0
2023-10-13 12:00:00,10,13,25,3167,0,10.8,5.5,0.0,1,0,0,0,0,0,0,1,0,0
2023-10-12 16:00:00,11,17,15,2037,0,13.2,2.8,0.1,0,0,0,0,1,0,0,1,0,0
2023-10-13 19:00:00,3,20,7,771,0,10.8,5.5,0.0,1,0,0,0,0,0,0,1,0,0
2023-10-13 08:00:00,8,9,5,787,0,10.8,5.5,0.0,1,0,0,0,0,0,0,1,0,0
2023-10-12 23:00:00,2,0,1,70,0,13.2,2.8,0.1,0,0,0,0,1,0,0,1,0,0
2023-10-11 21:00:00,7,22,1,172,0,12.0,7.3,0.0,0,0,0,0,0,0,1,1,0,0
2023-10-11 02:00:00,7,3,1,14,0,12.0,7.3,0.0,0,0,0,0,0,0,1,1,0,0
2023-10-11 20:00:00,4,21,1,269,0,12.0,7.3,0.0,0,0,0,0,0,0,1,1,0,0
2023-10-11 23:00:00,4,0,1,81,0,12.0,7.3,0.0,0,0,0,0,0,0,1,1,0,0
2023-10-11 19:00:00,3,20,1,353,0,12.0,7.3,0.0,0,0,0,0,0,0,1,1,0,0
2023-10-11 00:00:00,4,1,0,79,0,12.0,7.3,0.0,0,0,0,0,0,0,1,1,0,0
2023-10-11 04:00:00,3,5,0,19,0,12.0,7.3,0.0,0,0,0,0,0,0,1,1,0,0
2023-10-11 22:00:00,2,23,0,121,0,12.0,7.3,0.0,0,0,0,0,0,0,1,1,0,0
2023-10-11 06:00:00,2,7,0,66,0,12.0,7.3,0.0,0,0,0,0,0,0,1,1,0,0
2023-10-11 03:00:00,2,4,0,3,0,12.0,7.3,0.0,0,0,0,0,0,0,1,1,0,0
2023-10-11 05:00:00,0,6,0,35,0,12.0,7.3,0.0,0,0,0,0,0,0,1,1,0,0
2023-10-11 01:00:00,0,2,0,19,0,12.0,7.3,0.0,0,0,0,0,0,0,1,1,0,0
2023-10-12 07:00:00,7,8,5,184,0,13.2,2.8,0.1,0,0,0,0,1,0,0,1,0,0
2023-10-12 09:00:00,21,10,4,1155,0,13.2,2.8,0.1,0,0,0,0,1,0,0,1,0,0
2023-10-12 20:00:00,12,21,2,196,0,13.2,2.8,0.1,0,0,0,0,1,0,0,1,0,0
2023-10-12 21:00:00,8,22,2,123,0,13.2,2.8,0.1,0,0,0,0,1,0,0,1,0,0
2023-10-12 22:00:00,2,23,2,109,0,13.2,2.8,0.1,0,0,0,0,1,0,0,1,0,0
2023-10-13 11:00:00,6,12,21,2562,0,10.8,5.5,0.0,1,0,0,0,0,0,0,1,0,0
2023-10-12 06:00:00,4,7,0,59,0,13.2,2.8,0.1,0,0,0,0,1,0,0,1,0,0
2023-10-12 04:00:00,4,5,0,8,0,13.2,2.8,0.1,0,0,0,0,1,0,0,1,0,0
2023-10-12 02:00:00,3,3,0,24,0,13.2,2.8,0.1,0,0,0,0,1,0,0,1,0,0
2023-10-12 05:00:00,2,6,0,38,0,13.2,2.8,0.1,0,0,0,0,1,0,0,1,0,0
2023-10-12 00:00:00,0,1,0,57,0,13.2,2.8,0.1,0,0,0,0,1,0,0,1,0,0
2023-10-12 01:00:00,0,2,0,30,0,13.2,2.8,0.1,0,0,0,0,1,0,0,1,0,0
2023-10-12 03:00:00,0,4,0,8,0,13.2,2.8,0.1,0,0,0,0,1,0,0,1,0,0
2023-10-12 19:00:00,5,20,12,289,0,13.2,2.8,0.1,0,0,0,0,1,0,0,1,0,0
2023-10-13 21:00:00,1,22,3,468,0,10.8,5.5,0.0,1,0,0,0,0,0,0,1,0,0
2023-10-13 07:00:00,14,8,2,197,0,10.8,5.5,0.0,1,0,0,0,0,0,0,1,0,0
2023-10-13 23:00:00,1,0,2,187,0,10.8,5.5,0.0,1,0,0,0,0,0,0,1,0,0
2023-10-13 09:00:00,16,10,17,1364,0,10.8,5.5,0.0,1,0,0,0,0,0,0,1,0,0
2023-10-12 12:00:00,9,13,11,3057,0,13.2,2.8,0.1,0,0,0,0,1,0,0,1,0,0
2023-10-12 13:00:00,17,14,26,3089,0,13.2,2.8,0.1,0,0,0,0,1,0,0,1,0,0
2023-10-13 14:00:00,11,15,14,2762,0,10.8,5.5,0.0,1,0,0,0,0,0,0,1,0,0
2023-10-12 11:00:00,13,12,10,2320,0,13.2,2.8,0.1,0,0,0,0,1,0,0,1,0,0
2023-10-12 08:00:00,13,9,9,665,0,13.2,2.8,0.1,0,0,0,0,1,0,0,1,0,0
2023-10-12 10:00:00,14,11,8,1794,0,13.2,2.8,0.1,0,0,0,0,1,0,0,1,0,0
2023-10-12 18:00:00,19,19,7,598,0,13.2,2.8,0.1,0,0,0,0,1,0,0,1,0,0
2023-10-12 17:00:00,12,18,25,1497,0,13.2,2.8,0.1,0,0,0,0,1,0,0,1,0,0
2023-10-12 15:00:00,15,16,20,2653,0,13.2,2.8,0.1,0,0,0,0,1,0,0,1,0,0
2023-10-12 14:00:00,16,15,18,3294,0,13.2,2.8,0.1,0,0,0,0,1,0,0,1,0,0
2023-10-14 05:00:00,8,6,0,23,0,11.7,2.6,0.0,0,0,1,0,0,0,0,1,0,0
2023-10-14 02:00:00,3,3,0,72,0,11.7,2.6,0.0,0,0,1,0,0,0,0,1,0,0
2023-10-14 22:00:00,1,23,0,327,0,11.7,2.6,0.0,0,0,1,0,0,0,0,1,0,0
2023-10-14 00:00:00,1,1,0,124,0,11.7,2.6,0.0,0,0,1,0,0,0,0,1,0,0
2023-10-14 06:00:00,1,7,0,26,0,11.7,2.6,0.0,0,0,1,0,0,0,0,1,0,0
2023-10-14 01:00:00,0,2,0,88,0,11.7,2.6,0.0,0,0,1,0,0,0,0,1,0,0
2023-10-14 03:00:00,0,4,0,39,0,11.7,2.6,0.0,0,0,1,0,0,0,0,1,0,0
2023-10-15 13:00:00,14,14,33,2043,0,11.5,1.1,0.2,0,0,0,1,0,0,0,1,0,0
2023-10-15 12:00:00,6,13,30,1762,0,11.5,1.1,0.2,0,0,0,1,0,0,0,1,0,0
2023-10-14 12:00:00,12,13,24,3410,0,11.7,2.6,0.0,0,0,1,0,0,0,0,1,0,0
2023-10-14 17:00:00,3,18,15,1436,0,11.7,2.6,0.0,0,0,1,0,0,0,0,1,0,0
2023-10-14 15:00:00,10,16,12,4454,0,11.7,2.6,0.0,0,0,1,0,0,0,0,1,0,0
2023-10-14 11:00:00,9,12,12,2989,0,11.7,2.6,0.0,0,0,1,0,0,0,0,1,0,0
2023-10-14 10:00:00,12,11,10,2200,0,11.7,2.6,0.0,0,0,1,0,0,0,0,1,0,0
2023-10-14 08:00:00,9,9,3,434,0,11.7,2.6,0.0,0,0,1,0,0,0,0,1,0,0
2023-10-14 21:00:00,6,22,3,396,0,11.7,2.6,0.0,0,0,1,0,0,0,0,1,0,0
2023-10-14 19:00:00,4,20,3,648,0,11.7,2.6,0.0,0,0,1,0,0,0,0,1,0,0
2023-10-14 20:00:00,4,21,3,494,0,11.7,2.6,0.0,0,0,1,0,0,0,0,1,0,0
2023-10-14 07:00:00,7,8,1,85,0,11.7,2.6,0.0,0,0,1,0,0,0,0,1,0,0
2023-10-14 04:00:00,5,5,1,17,0,11.7,2.6,0.0,0,0,1,0,0,0,0,1,0,0
2023-10-14 23:00:00,0,0,1,156,0,11.7,2.6,0.0,0,0,1,0,0,0,0,1,0,0
2023-10-13 22:00:00,1,23,1,296,0,10.8,5.5,0.0,1,0,0,0,0,0,0,1,0,0
2023-10-15 15:00:00,7,16,20,1863,0,11.5,1.1,0.2,0,0,0,1,0,0,0,1,0,0
2023-10-15 17:00:00,10,18,18,574,0,11.5,1.1,0.2,0,0,0,1,0,0,0,1,0,0
2023-10-15 09:00:00,6,10,4,201,0,11.5,1.1,0.2,0,0,0,1,0,0,0,1,0,0
2023-10-15 11:00:00,5,12,17,1387,0,11.5,1.1,0.2,0,0,0,1,0,0,0,1,0,0
2023-10-15 16:00:00,9,17,12,1137,0,11.5,1.1,0.2,0,0,0,1,0,0,0,1,0,0
2023-10-15 14:00:00,8,15,12,2077,0,11.5,1.1,0.2,0,0,0,1,0,0,0,1,0,0
2023-10-15 18:00:00,5,19,7,285,0,11.5,1.1,0.2,0,0,0,1,0,0,0,1,0,0
2023-10-15 20:00:00,8,21,2,161,0,11.5,1.1,0.2,0,0,0,1,0,0,0,1,0,0
2023-10-15 10:00:00,5,11,2,576,0,11.5,1.1,0.2,0,0,0,1,0,0,0,1,0,0
2023-10-13 20:00:00,2,21,0,533,0,10.8,5.5,0.0,1,0,0,0,0,0,0,1,0,0
2023-10-15 19:00:00,1,20,2,260,0,11.5,1.1,0.2,0,0,0,1,0,0,0,1,0,0
2023-10-13 00:00:00,2,1,0,44,0,10.8,5.5,0.0,1,0,0,0,0,0,0,1,0,0
2023-10-15 01:00:00,1,2,2,71,0,11.5,1.1,0.2,0,0,0,1,0,0,0,1,0,0
2023-10-13 06:00:00,0,7,0,68,0,10.8,5.5,0.0,1,0,0,0,0,0,0,1,0,0
2023-10-13 05:00:00,0,6,0,54,0,10.8,5.5,0.0,1,0,0,0,0,0,0,1,0,0
2023-10-13 01:00:00,0,2,0,22,0,10.8,5.5,0.0,1,0,0,0,0,0,0,1,0,0
2023-10-13 02:00:00,0,3,0,12,0,10.8,5.5,0.0,1,0,0,0,0,0,0,1,0,0
2023-10-13 03:00:00,0,4,0,10,0,10.8,5.5,0.0,1,0,0,0,0,0,0,1,0,0
2023-10-13 04:00:00,0,5,0,4,0,10.8,5.5,0.0,1,0,0,0,0,0,0,1,0,0
2023-10-14 18:00:00,4,19,6,693,0,11.7,2.6,0.0,0,0,1,0,0,0,0,1,0,0
2023-10-15 00:00:00,2,1,1,92,0,11.5,1.1,0.2,0,0,0,1,0,0,0,1,0,0
2023-10-15 06:00:00,0,7,1,14,0,11.5,1.1,0.2,0,0,0,1,0,0,0,1,0,0
2023-10-14 09:00:00,8,10,5,1220,0,11.7,2.6,0.0,0,0,1,0,0,0,0,1,0,0
2023-10-14 14:00:00,14,15,31,4174,0,11.7,2.6,0.0,0,0,1,0,0,0,0,1,0,0
2023-10-14 13:00:00,25,14,29,3875,0,11.7,2.6,0.0,0,0,1,0,0,0,0,1,0,0
2023-10-14 16:00:00,5,17,4,2913,0,11.7,2.6,0.0,0,0,1,0,0,0,0,1,0,0
2023-10-16 22:00:00,3,23,1,105,0,11.7,1.8,0.0,0,1,0,0,0,0,0,1,0,0
2023-10-16 20:00:00,1,21,1,444,0,11.7,1.8,0.0,0,1,0,0,0,0,0,1,0,0
2023-10-16 19:00:00,0,20,1,766,0,11.7,1.8,0.0,0,1,0,0,0,0,0,1,0,0
2023-10-16 23:00:00,0,0,1,44,0,11.7,1.8,0.0,0,1,0,0,0,0,0,1,0,0
2023-10-16 07:00:00,11,8,0,172,0,11.7,1.8,0.0,0,1,0,0,0,0,0,1,0,0
2023-10-16 21:00:00,5,22,0,304,0,11.7,1.8,0.0,0,1,0,0,0,0,0,1,0,0
2023-10-16 06:00:00,4,7,0,39,0,11.7,1.8,0.0,0,1,0,0,0,0,0,1,0,0
2023-10-16 05:00:00,1,6,0,12,0,11.7,1.8,0.0,0,1,0,0,0,0,0,1,0,0
2023-10-17 15:00:00,12,16,14,2762,0,12.9,-0.5,0.0,0,0,0,0,0,1,0,1,0,0
2023-10-17 10:00:00,22,11,9,1683,0,12.9,-0.5,0.0,0,0,0,0,0,1,0,1,0,0
2023-10-15 07:00:00,5,8,0,30,0,11.5,1.1,0.2,0,0,0,1,0,0,0,1,0,0
2023-10-17 11:00:00,17,12,8,1948,0,12.9,-0.5,0.0,0,0,0,0,0,1,0,1,0,0
2023-10-17 17:00:00,7,18,7,1751,0,12.9,-0.5,0.0,0,0,0,0,0,1,0,1,0,0
2023-10-17 08:00:00,7,9,7,732,0,12.9,-0.5,0.0,0,0,0,0,0,1,0,1,0,0
2023-10-17 09:00:00,25,10,6,1301,0,12.9,-0.5,0.0,0,0,0,0,0,1,0,1,0,0
2023-10-17 18:00:00,2,19,6,582,0,12.9,-0.5,0.0,0,0,0,0,0,1,0,1,0,0
2023-10-15 21:00:00,4,22,0,193,0,11.5,1.1,0.2,0,0,0,1,0,0,0,1,0,0
2023-10-15 02:00:00,2,3,0,77,0,11.5,1.1,0.2,0,0,0,1,0,0,0,1,0,0
2023-10-15 22:00:00,1,23,0,212,0,11.5,1.1,0.2,0,0,0,1,0,0,0,1,0,0
2023-10-16 00:00:00,0,1,0,43,0,11.7,1.8,0.0,0,1,0,0,0,0,0,1,0,0
2023-10-15 03:00:00,1,4,0,108,0,11.5,1.1,0.2,0,0,0,1,0,0,0,1,0,0
2023-10-16 01:00:00,0,2,0,42,0,11.7,1.8,0.0,0,1,0,0,0,0,0,1,0,0
2023-10-15 08:00:00,1,9,0,84,0,11.5,1.1,0.2,0,0,0,1,0,0,0,1,0,0
2023-10-16 15:00:00,13,16,20,2417,0,11.7,1.8,0.0,0,1,0,0,0,0,0,1,0,0
2023-10-16 02:00:00,0,3,0,22,0,11.7,1.8,0.0,0,1,0,0,0,0,0,1,0,0
2023-10-15 23:00:00,0,0,0,74,0,11.5,1.1,0.2,0,0,0,1,0,0,0,1,0,0
2023-10-15 05:00:00,0,6,0,11,0,11.5,1.1,0.2,0,0,0,1,0,0,0,1,0,0
2023-10-16 03:00:00,0,4,0,1,0,11.7,1.8,0.0,0,1,0,0,0,0,0,1,0,0
2023-10-15 04:00:00,0,5,0,8,0,11.5,1.1,0.2,0,0,0,1,0,0,0,1,0,0
2023-10-16 09:00:00,23,10,15,1127,0,11.7,1.8,0.0,0,1,0,0,0,0,0,1,0,0
2023-10-16 11:00:00,6,12,14,1560,0,11.7,1.8,0.0,0,1,0,0,0,0,0,1,0,0
2023-10-16 17:00:00,4,18,11,1491,0,11.7,1.8,0.0,0,1,0,0,0,0,0,1,0,0
2023-10-16 08:00:00,26,9,8,635,0,11.7,1.8,0.0,0,1,0,0,0,0,0,1,0,0
2023-10-16 16:00:00,4,17,8,2132,0,11.7,1.8,0.0,0,1,0,0,0,0,0,1,0,0
2023-10-16 18:00:00,9,19,7,762,0,11.7,1.8,0.0,0,1,0,0,0,0,0,1,0,0
2023-10-17 07:00:00,10,8,4,263,0,12.9,-0.5,0.0,0,0,0,0,0,1,0,1,0,0
2023-10-16 13:00:00,21,14,48,2893,0,11.7,1.8,0.0,0,1,0,0,0,0,0,1,0,0
2023-10-17 19:00:00,12,20,3,369,0,12.9,-0.5,0.0,0,0,0,0,0,1,0,1,0,0
2023-10-17 21:00:00,2,22,2,172,0,12.9,-0.5,0.0,0,0,0,0,0,1,0,1,0,0
2023-10-17 20:00:00,3,21,1,239,0,12.9,-0.5,0.0,0,0,0,0,0,1,0,1,0,0
2023-10-17 13:00:00,17,14,53,3051,0,12.9,-0.5,0.0,0,0,0,0,0,1,0,1,0,0
2023-10-16 12:00:00,16,13,36,2967,0,11.7,1.8,0.0,0,1,0,0,0,0,0,1,0,0
2023-10-16 14:00:00,16,15,26,2747,0,11.7,1.8,0.0,0,1,0,0,0,0,0,1,0,0
2023-10-17 05:00:00,2,6,0,52,0,12.9,-0.5,0.0,0,0,0,0,0,1,0,1,0,0
2023-10-17 23:00:00,1,0,0,74,0,12.9,-0.5,0.0,0,0,0,0,0,1,0,1,0,0
2023-10-17 00:00:00,1,1,0,40,0,12.9,-0.5,0.0,0,0,0,0,0,1,0,1,0,0
2023-10-17 22:00:00,0,23,0,154,0,12.9,-0.5,0.0,0,0,0,0,0,1,0,1,0,0
2023-10-17 06:00:00,0,7,0,104,0,12.9,-0.5,0.0,0,0,0,0,0,1,0,1,0,0
2023-10-17 01:00:00,0,2,0,22,0,12.9,-0.5,0.0,0,0,0,0,0,1,0,1,0,0
2023-10-17 02:00:00,0,3,0,16,0,12.9,-0.5,0.0,0,0,0,0,0,1,0,1,0,0
2023-10-17 04:00:00,0,5,0,9,0,12.9,-0.5,0.0,0,0,0,0,0,1,0,1,0,0
2023-10-17 03:00:00,0,4,0,8,0,12.9,-0.5,0.0,0,0,0,0,0,1,0,1,0,0
2023-10-17 16:00:00,16,17,26,2648,0,12.9,-0.5,0.0,0,0,0,0,0,1,0,1,0,0
2023-10-17 12:00:00,13,13,26,2918,0,12.9,-0.5,0.0,0,0,0,0,0,1,0,1,0,0
2023-10-17 14:00:00,9,15,21,2888,0,12.9,-0.5,0.0,0,0,0,0,0,1,0,1,0,0
2023-10-16 10:00:00,13,11,2,1523,0,11.7,1.8,0.0,0,1,0,0,0,0,0,1,0,0
2023-10-18 01:00:00,1,2,1,18,0,11.7,4.0,15.5,0,0,0,0,0,0,1,1,0,0
2023-10-18 05:00:00,0,6,1,22,0,11.7,4.0,15.5,0,0,0,0,0,0,1,1,0,0
2023-10-19 16:00:00,6,17,11,709,0,9.1,9.6,89.1,0,0,0,0,1,0,0,1,0,0
2023-10-19 13:00:00,4,14,11,844,0,9.1,9.6,89.1,0,0,0,0,1,0,0,1,0,0
2023-10-18 18:00:00,2,19,4,772,0,11.7,4.0,15.5,0,0,0,0,0,0,1,1,0,0
2023-10-19 14:00:00,9,15,10,885,0,9.1,9.6,89.1,0,0,0,0,1,0,0,1,0,0
2023-10-19 10:00:00,22,11,8,761,0,9.1,9.6,89.1,0,0,0,0,1,0,0,1,0,0
2023-10-19 09:00:00,13,10,8,611,0,9.1,9.6,89.1,0,0,0,0,1,0,0,1,0,0
2023-10-19 12:00:00,3,13,7,776,0,9.1,9.6,89.1,0,0,0,0,1,0,0,1,0,0
2023-10-19 15:00:00,10,16,6,642,0,9.1,9.6,89.1,0,0,0,0,1,0,0,1,0,0
2023-10-19 17:00:00,15,18,3,345,0,9.1,9.6,89.1,0,0,0,0,1,0,0,1,0,0
2023-10-19 21:00:00,6,22,0,43,0,9.1,9.6,89.1,0,0,0,0,1,0,0,1,0,0
2023-10-18 19:00:00,1,20,2,584,0,11.7,4.0,15.5,0,0,0,0,0,0,1,1,0,0
2023-10-18 07:00:00,15,8,1,195,0,11.7,4.0,15.5,0,0,0,0,0,0,1,1,0,0
2023-10-18 06:00:00,4,7,1,52,0,11.7,4.0,15.5,0,0,0,0,0,0,1,1,0,0
2023-10-18 23:00:00,5,0,0,96,0,11.7,4.0,15.5,0,0,0,0,0,0,1,1,0,0
2023-10-18 20:00:00,3,21,0,408,0,11.7,4.0,15.5,0,0,0,0,0,0,1,1,0,0
2023-10-18 22:00:00,3,23,0,246,0,11.7,4.0,15.5,0,0,0,0,0,0,1,1,0,0
2023-10-18 00:00:00,2,1,0,49,0,11.7,4.0,15.5,0,0,0,0,0,0,1,1,0,0
2023-10-18 21:00:00,1,22,0,375,0,11.7,4.0,15.5,0,0,0,0,0,0,1,1,0,0
2023-10-18 04:00:00,0,5,0,11,0,11.7,4.0,15.5,0,0,0,0,0,0,1,1,0,0
2023-10-18 02:00:00,0,3,0,10,0,11.7,4.0,15.5,0,0,0,0,0,0,1,1,0,0
2023-10-18 03:00:00,0,4,0,4,0,11.7,4.0,15.5,0,0,0,0,0,0,1,1,0,0
2023-10-19 11:00:00,4,12,19,808,0,9.1,9.6,89.1,0,0,0,0,1,0,0,1,0,0
2023-10-18 13:00:00,10,14,13,3128,0,11.7,4.0,15.5,0,0,0,0,0,0,1,1,0,0
2023-10-18 08:00:00,27,9,10,833,0,11.7,4.0,15.5,0,0,0,0,0,0,1,1,0,0
2023-10-18 09:00:00,21,10,10,1805,0,11.7,4.0,15.5,0,0,0,0,0,0,1,1,0,0
2023-10-18 12:00:00,19,13,10,2932,0,11.7,4.0,15.5,0,0,0,0,0,0,1,1,0,0
2023-10-18 10:00:00,18,11,9,2404,0,11.7,4.0,15.5,0,0,0,0,0,0,1,1,0,0
2023-10-18 11:00:00,22,12,7,3283,0,11.7,4.0,15.5,0,0,0,0,0,0,1,1,0,0
2023-10-18 17:00:00,6,18,7,1262,0,11.7,4.0,15.5,0,0,0,0,0,0,1,1,0,0
2023-10-19 05:00:00,3,6,0,67,0,9.1,9.6,89.1,0,0,0,0,1,0,0,1,0,0
2023-10-19 22:00:00,1,23,0,23,0,9.1,9.6,89.1,0,0,0,0,1,0,0,1,0,0
2023-10-19 00:00:00,0,1,0,35,0,9.1,9.6,89.1,0,0,0,0,1,0,0,1,0,0
2023-10-19 01:00:00,0,2,0,28,0,9.1,9.6,89.1,0,0,0,0,1,0,0,1,0,0
2023-10-19 02:00:00,0,3,0,13,0,9.1,9.6,89.1,0,0,0,0,1,0,0,1,0,0
2023-10-19 23:00:00,0,0,0,9,0,9.1,9.6,89.1,0,0,0,0,1,0,0,1,0,0
2023-10-19 03:00:00,0,4,0,4,0,9.1,9.6,89.1,0,0,0,0,1,0,0,1,0,0
2023-10-19 04:00:00,0,5,0,3,0,9.1,9.6,89.1,0,0,0,0,1,0,0,1,0,0
2023-10-20 12:00:00,7,13,29,1021,0,9.6,7.3,23.4,1,0,0,0,0,0,0,1,0,0
2023-10-20 11:00:00,3,12,19,836,0,9.6,7.3,23.4,1,0,0,0,0,0,0,1,0,0
2023-10-20 13:00:00,13,14,17,1175,0,9.6,7.3,23.4,1,0,0,0,0,0,0,1,0,0
2023-10-20 14:00:00,12,15,11,1454,0,9.6,7.3,23.4,1,0,0,0,0,0,0,1,0,0
2023-10-20 09:00:00,1,10,11,487,0,9.6,7.3,23.4,1,0,0,0,0,0,0,1,0,0
2023-10-19 18:00:00,2,19,2,161,0,9.1,9.6,89.1,0,0,0,0,1,0,0,1,0,0
2023-10-19 08:00:00,14,9,1,357,0,9.1,9.6,89.1,0,0,0,0,1,0,0,1,0,0
2023-10-19 07:00:00,6,8,1,94,0,9.1,9.6,89.1,0,0,0,0,1,0,0,1,0,0
2023-10-19 19:00:00,5,20,1,90,0,9.1,9.6,89.1,0,0,0,0,1,0,0,1,0,0
2023-10-19 20:00:00,3,21,1,49,0,9.1,9.6,89.1,0,0,0,0,1,0,0,1,0,0
2023-10-19 06:00:00,1,7,1,68,0,9.1,9.6,89.1,0,0,0,0,1,0,0,1,0,0
2023-10-18 14:00:00,9,15,23,2827,0,11.7,4.0,15.5,0,0,0,0,0,0,1,1,0,0
2023-10-18 15:00:00,14,16,21,2806,0,11.7,4.0,15.5,0,0,0,0,0,0,1,1,0,0
2023-10-18 16:00:00,11,17,20,2200,0,11.7,4.0,15.5,0,0,0,0,0,0,1,1,0,0
2023-10-22 16:00:00,23,17,25,2290,0,10.8,1.0,0.0,0,0,0,1,0,0,0,1,0,0
2023-10-22 14:00:00,9,15,25,3038,0,10.8,1.0,0.0,0,0,0,1,0,0,0,1,0,0
2023-10-22 19:00:00,0,20,24,503,0,10.8,1.0,0.0,0,0,0,1,0,0,0,1,0,0
2023-10-22 18:00:00,10,19,5,304,0,10.8,1.0,0.0,0,0,0,1,0,0,0,1,0,0
2023-10-21 15:00:00,16,16,13,2977,0,12.8,5.9,1.0,0,0,1,0,0,0,0,1,0,0
2023-10-22 10:00:00,8,11,5,700,0,10.8,1.0,0.0,0,0,0,1,0,0,0,1,0,0
2023-10-21 17:00:00,3,18,13,1843,0,12.8,5.9,1.0,0,0,1,0,0,0,0,1,0,0
2023-10-21 13:00:00,12,14,12,2793,0,12.8,5.9,1.0,0,0,1,0,0,0,0,1,0,0
2023-10-21 16:00:00,9,17,11,2841,0,12.8,5.9,1.0,0,0,1,0,0,0,0,1,0,0
2023-10-21 11:00:00,9,12,11,1743,0,12.8,5.9,1.0,0,0,1,0,0,0,0,1,0,0
2023-10-21 09:00:00,23,10,10,821,0,12.8,5.9,1.0,0,0,1,0,0,0,0,1,0,0
2023-10-21 10:00:00,15,11,9,1299,0,12.8,5.9,1.0,0,0,1,0,0,0,0,1,0,0
2023-10-21 14:00:00,14,15,9,3579,0,12.8,5.9,1.0,0,0,1,0,0,0,0,1,0,0
2023-10-21 18:00:00,4,19,9,905,0,12.8,5.9,1.0,0,0,1,0,0,0,0,1,0,0
2023-10-21 19:00:00,4,20,3,569,0,12.8,5.9,1.0,0,0,1,0,0,0,0,1,0,0
2023-10-21 21:00:00,8,22,0,325,0,12.8,5.9,1.0,0,0,1,0,0,0,0,1,0,0
2023-10-21 07:00:00,8,8,0,53,0,12.8,5.9,1.0,0,0,1,0,0,0,0,1,0,0
2023-10-21 22:00:00,6,23,0,231,0,12.8,5.9,1.0,0,0,1,0,0,0,0,1,0,0
2023-10-21 23:00:00,4,0,0,107,0,12.8,5.9,1.0,0,0,1,0,0,0,0,1,0,0
2023-10-21 00:00:00,3,1,0,89,0,12.8,5.9,1.0,0,0,1,0,0,0,0,1,0,0
2023-10-21 06:00:00,2,7,0,11,0,12.8,5.9,1.0,0,0,1,0,0,0,0,1,0,0
2023-10-21 03:00:00,1,4,0,77,0,12.8,5.9,1.0,0,0,1,0,0,0,0,1,0,0
2023-10-21 02:00:00,1,3,0,64,0,12.8,5.9,1.0,0,0,1,0,0,0,0,1,0,0
2023-10-21 04:00:00,0,5,0,2,0,12.8,5.9,1.0,0,0,1,0,0,0,0,1,0,0
2023-10-22 13:00:00,15,14,31,3009,0,10.8,1.0,0.0,0,0,0,1,0,0,0,1,0,0
2023-10-22 12:00:00,15,13,12,2323,0,10.8,1.0,0.0,0,0,0,1,0,0,0,1,0,0
2023-10-22 15:00:00,7,16,11,2826,0,10.8,1.0,0.0,0,0,0,1,0,0,0,1,0,0
2023-10-22 17:00:00,11,18,10,948,0,10.8,1.0,0.0,0,0,0,1,0,0,0,1,0,0
2023-10-22 09:00:00,2,10,9,321,0,10.8,1.0,0.0,0,0,0,1,0,0,0,1,0,0
2023-10-22 11:00:00,11,12,7,1474,0,10.8,1.0,0.0,0,0,0,1,0,0,0,1,0,0
2023-10-22 00:00:00,14,1,2,152,0,10.8,1.0,0.0,0,0,0,1,0,0,0,1,0,0
2023-10-22 01:00:00,13,2,2,89,0,10.8,1.0,0.0,0,0,0,1,0,0,0,1,0,0
2023-10-22 05:00:00,1,6,2,7,0,10.8,1.0,0.0,0,0,0,1,0,0,0,1,0,0
2023-10-22 03:00:00,10,4,1,133,0,10.8,1.0,0.0,0,0,0,1,0,0,0,1,0,0
2023-10-22 20:00:00,1,21,1,314,0,10.8,1.0,0.0,0,0,0,1,0,0,0,1,0,0
2023-10-20 16:00:00,5,17,1,1551,0,9.6,7.3,23.4,1,0,0,0,0,0,0,1,0,0
2023-10-20 21:00:00,1,22,1,114,0,9.6,7.3,23.4,1,0,0,0,0,0,0,1,0,0
2023-10-20 20:00:00,7,21,0,214,0,9.6,7.3,23.4,1,0,0,0,0,0,0,1,0,0
2023-10-20 19:00:00,6,20,0,311,0,9.6,7.3,23.4,1,0,0,0,0,0,0,1,0,0
2023-10-20 07:00:00,6,8,0,58,0,9.6,7.3,23.4,1,0,0,0,0,0,0,1,0,0
2023-10-20 22:00:00,5,23,0,90,0,9.6,7.3,23.4,1,0,0,0,0,0,0,1,0,0
2023-10-20 05:00:00,3,6,0,13,0,9.6,7.3,23.4,1,0,0,0,0,0,0,1,0,0
2023-10-20 01:00:00,2,2,0,1,0,9.6,7.3,23.4,1,0,0,0,0,0,0,1,0,0
2023-10-20 00:00:00,1,1,0,12,0,9.6,7.3,23.4,1,0,0,0,0,0,0,1,0,0
2023-10-20 06:00:00,1,7,0,6,0,9.6,7.3,23.4,1,0,0,0,0,0,0,1,0,0
2023-10-20 02:00:00,1,3,0,4,0,9.6,7.3,23.4,1,0,0,0,0,0,0,1,0,0
2023-10-20 23:00:00,0,0,0,101,0,9.6,7.3,23.4,1,0,0,0,0,0,0,1,0,0
2023-10-20 03:00:00,0,4,0,2,0,9.6,7.3,23.4,1,0,0,0,0,0,0,1,0,0
2023-10-20 04:00:00,0,5,0,1,0,9.6,7.3,23.4,1,0,0,0,0,0,0,1,0,0
2023-10-21 12:00:00,7,13,16,1959,0,12.8,5.9,1.0,0,0,1,0,0,0,0,1,0,0
2023-10-21 08:00:00,9,9,2,322,0,12.8,5.9,1.0,0,0,1,0,0,0,0,1,0,0
2023-10-21 20:00:00,5,21,1,378,0,12.8,5.9,1.0,0,0,1,0,0,0,0,1,0,0
2023-10-21 05:00:00,2,6,1,13,0,12.8,5.9,1.0,0,0,1,0,0,0,0,1,0,0
2023-10-21 01:00:00,0,2,1,67,0,12.8,5.9,1.0,0,0,1,0,0,0,0,1,0,0
2023-10-20 10:00:00,12,11,8,546,0,9.6,7.3,23.4,1,0,0,0,0,0,0,1,0,0
2023-10-20 18:00:00,2,19,4,485,0,9.6,7.3,23.4,1,0,0,0,0,0,0,1,0,0
2023-10-20 17:00:00,2,18,3,1103,0,9.6,7.3,23.4,1,0,0,0,0,0,0,1,0,0
2023-10-20 15:00:00,1,16,3,1765,0,9.6,7.3,23.4,1,0,0,0,0,0,0,1,0,0
2023-10-20 08:00:00,7,9,2,170,0,9.6,7.3,23.4,1,0,0,0,0,0,0,1,0,0
2023-10-23 13:00:00,29,14,24,2665,0,11.1,-1.0,4.5,0,1,0,0,0,0,0,1,0,0
2023-10-23 11:00:00,14,12,20,2173,0,11.1,-1.0,4.5,0,1,0,0,0,0,0,1,0,0
2023-10-23 15:00:00,10,16,17,2402,0,11.1,-1.0,4.5,0,1,0,0,0,0,0,1,0,0
2023-10-23 14:00:00,7,15,16,2828,0,11.1,-1.0,4.5,0,1,0,0,0,0,0,1,0,0
2023-10-23 08:00:00,13,9,13,552,0,11.1,-1.0,4.5,0,1,0,0,0,0,0,1,0,0
2023-10-23 17:00:00,7,18,12,1407,0,11.1,-1.0,4.5,0,1,0,0,0,0,0,1,0,0
2023-10-23 19:00:00,4,20,9,300,0,11.1,-1.0,4.5,0,1,0,0,0,0,0,1,0,0
2023-10-23 10:00:00,32,11,8,2018,0,11.1,-1.0,4.5,0,1,0,0,0,0,0,1,0,0
2023-10-23 09:00:00,14,10,8,1271,0,11.1,-1.0,4.5,0,1,0,0,0,0,0,1,0,0
2023-10-24 14:00:00,13,15,13,2450,0,9.9,3.2,0.9,0,0,0,0,0,1,0,1,0,0
2023-10-24 13:00:00,165,14,12,1006,0,9.9,3.2,0.9,0,0,0,0,0,1,0,1,0,0
2023-10-24 08:00:00,11,9,10,684,0,9.9,3.2,0.9,0,0,0,0,0,1,0,1,0,0
2023-10-24 18:00:00,20,19,6,524,0,9.9,3.2,0.9,0,0,0,0,0,1,0,1,0,0
2023-10-24 19:00:00,14,20,3,277,0,9.9,3.2,0.9,0,0,0,0,0,1,0,1,0,0
2023-10-24 21:00:00,11,22,2,272,0,9.9,3.2,0.9,0,0,0,0,0,1,0,1,0,0
2023-10-24 07:00:00,2,8,2,208,0,9.9,3.2,0.9,0,0,0,0,0,1,0,1,0,0
2023-10-24 23:00:00,4,0,1,31,0,9.9,3.2,0.9,0,0,0,0,0,1,0,1,0,0
2023-10-23 05:00:00,4,6,0,44,0,11.1,-1.0,4.5,0,1,0,0,0,0,0,1,0,0
2023-10-23 20:00:00,1,21,0,256,0,11.1,-1.0,4.5,0,1,0,0,0,0,0,1,0,0
2023-10-23 02:00:00,1,3,0,23,0,11.1,-1.0,4.5,0,1,0,0,0,0,0,1,0,0
2023-10-23 22:00:00,0,23,0,90,0,11.1,-1.0,4.5,0,1,0,0,0,0,0,1,0,0
2023-10-23 23:00:00,0,0,0,56,0,11.1,-1.0,4.5,0,1,0,0,0,0,0,1,0,0
2023-10-23 00:00:00,0,1,0,37,0,11.1,-1.0,4.5,0,1,0,0,0,0,0,1,0,0
2023-10-23 01:00:00,0,2,0,18,0,11.1,-1.0,4.5,0,1,0,0,0,0,0,1,0,0
2023-10-23 04:00:00,0,5,0,15,0,11.1,-1.0,4.5,0,1,0,0,0,0,0,1,0,0
2023-10-23 03:00:00,0,4,0,7,0,11.1,-1.0,4.5,0,1,0,0,0,0,0,1,0,0
2023-10-24 22:00:00,10,23,0,109,0,9.9,3.2,0.9,0,0,0,0,0,1,0,1,0,0
2023-10-24 06:00:00,6,7,0,89,0,9.9,3.2,0.9,0,0,0,0,0,1,0,1,0,0
2023-10-24 20:00:00,5,21,0,295,0,9.9,3.2,0.9,0,0,0,0,0,1,0,1,0,0
2023-10-24 00:00:00,1,1,0,39,0,9.9,3.2,0.9,0,0,0,0,0,1,0,1,0,0
2023-10-24 05:00:00,1,6,0,32,0,9.9,3.2,0.9,0,0,0,0,0,1,0,1,0,0
2023-10-24 02:00:00,0,3,0,22,0,9.9,3.2,0.9,0,0,0,0,0,1,0,1,0,0
2023-10-24 01:00:00,0,2,0,16,0,9.9,3.2,0.9,0,0,0,0,0,1,0,1,0,0
2023-10-24 03:00:00,0,4,0,14,0,9.9,3.2,0.9,0,0,0,0,0,1,0,1,0,0
2023-10-24 04:00:00,0,5,0,5,0,9.9,3.2,0.9,0,0,0,0,0,1,0,1,0,0
2023-10-25 13:00:00,33,14,27,2846,0,11.2,4.9,2.1,0,0,0,0,0,0,1,1,0,0
2023-10-25 14:00:00,21,15,24,2512,0,11.2,4.9,2.1,0,0,0,0,0,0,1,1,0,0
2023-10-22 04:00:00,11,5,0,13,0,10.8,1.0,0.0,0,0,0,1,0,0,0,1,0,0
2023-10-22 02:00:00,9,3,0,63,0,10.8,1.0,0.0,0,0,0,1,0,0,0,1,0,0
2023-10-22 08:00:00,5,9,0,144,0,10.8,1.0,0.0,0,0,0,1,0,0,0,1,0,0
2023-10-22 07:00:00,4,8,0,53,0,10.8,1.0,0.0,0,0,0,1,0,0,0,1,0,0
2023-10-22 23:00:00,4,0,0,44,0,10.8,1.0,0.0,0,0,0,1,0,0,0,1,0,0
2023-10-22 06:00:00,4,7,0,23,0,10.8,1.0,0.0,0,0,0,1,0,0,0,1,0,0
2023-10-22 21:00:00,3,22,0,283,0,10.8,1.0,0.0,0,0,0,1,0,0,0,1,0,0
2023-10-22 22:00:00,1,23,0,192,0,10.8,1.0,0.0,0,0,0,1,0,0,0,1,0,0
2023-10-23 16:00:00,8,17,28,2169,0,11.1,-1.0,4.5,0,1,0,0,0,0,0,1,0,0
2023-10-23 12:00:00,13,13,27,2951,0,11.1,-1.0,4.5,0,1,0,0,0,0,0,1,0,0
2023-10-24 16:00:00,17,17,25,2494,0,9.9,3.2,0.9,0,0,0,0,0,1,0,1,0,0
2023-10-24 09:00:00,19,10,22,1342,0,9.9,3.2,0.9,0,0,0,0,0,1,0,1,0,0
2023-10-24 17:00:00,24,18,20,1833,0,9.9,3.2,0.9,0,0,0,0,0,1,0,1,0,0
2023-10-24 11:00:00,13,12,19,2565,0,9.9,3.2,0.9,0,0,0,0,0,1,0,1,0,0
2023-10-24 10:00:00,27,11,17,2041,0,9.9,3.2,0.9,0,0,0,0,0,1,0,1,0,0
2023-10-24 15:00:00,8,16,17,2309,0,9.9,3.2,0.9,0,0,0,0,0,1,0,1,0,0
2023-10-24 12:00:00,9,13,16,3073,0,9.9,3.2,0.9,0,0,0,0,0,1,0,1,0,0
2023-10-23 18:00:00,3,19,5,555,0,11.1,-1.0,4.5,0,1,0,0,0,0,0,1,0,0
2023-10-23 07:00:00,15,8,3,184,0,11.1,-1.0,4.5,0,1,0,0,0,0,0,1,0,0
2023-10-23 06:00:00,3,7,3,78,0,11.1,-1.0,4.5,0,1,0,0,0,0,0,1,0,0
2023-10-23 21:00:00,5,22,2,235,0,11.1,-1.0,4.5,0,1,0,0,0,0,0,1,0,0
2023-10-25 07:00:00,8,8,1,171,0,11.2,4.9,2.1,0,0,0,0,0,0,1,1,0,0
2023-10-25 23:00:00,6,0,1,46,0,11.2,4.9,2.1,0,0,0,0,0,0,1,1,0,0
2023-10-25 21:00:00,4,22,1,206,0,11.2,4.9,2.1,0,0,0,0,0,0,1,1,0,0
2023-10-25 05:00:00,2,6,1,25,0,11.2,4.9,2.1,0,0,0,0,0,0,1,1,0,0
2023-10-25 02:00:00,0,3,1,17,0,11.2,4.9,2.1,0,0,0,0,0,0,1,1,0,0
2023-10-26 19:00:00,5,20,0,297,0,10.9,5.9,29.4,0,0,0,0,1,0,0,1,0,0
2023-10-26 21:00:00,3,22,0,159,0,10.9,5.9,29.4,0,0,0,0,1,0,0,1,0,0
2023-10-26 03:00:00,3,4,0,5,0,10.9,5.9,29.4,0,0,0,0,1,0,0,1,0,0
2023-10-26 06:00:00,2,7,0,64,0,10.9,5.9,29.4,0,0,0,0,1,0,0,1,0,0
2023-10-26 04:00:00,2,5,0,5,0,10.9,5.9,29.4,0,0,0,0,1,0,0,1,0,0
2023-10-26 00:00:00,0,1,0,35,0,10.9,5.9,29.4,0,0,0,0,1,0,0,1,0,0
2023-10-27 14:00:00,23,15,19,3079,0,11.2,7.2,16.5,1,0,0,0,0,0,0,1,0,0
2023-10-27 16:00:00,14,17,19,2115,0,11.2,7.2,16.5,1,0,0,0,0,0,0,1,0,0
2023-10-27 17:00:00,0,18,15,1494,0,11.2,7.2,16.5,1,0,0,0,0,0,0,1,0,0
2023-10-27 15:00:00,21,16,14,2465,0,11.2,7.2,16.5,1,0,0,0,0,0,0,1,0,0
2023-10-27 09:00:00,14,10,14,1513,0,11.2,7.2,16.5,1,0,0,0,0,0,0,1,0,0
2023-10-26 15:00:00,8,16,4,1620,0,10.9,5.9,29.4,0,0,0,0,1,0,0,1,0,0
2023-10-26 18:00:00,20,19,3,261,0,10.9,5.9,29.4,0,0,0,0,1,0,0,1,0,0
2023-10-26 07:00:00,5,8,2,201,0,10.9,5.9,29.4,0,0,0,0,1,0,0,1,0,0
2023-10-26 09:00:00,25,10,13,1367,0,10.9,5.9,29.4,0,0,0,0,1,0,0,1,0,0
2023-10-26 13:00:00,17,14,12,2737,0,10.9,5.9,29.4,0,0,0,0,1,0,0,1,0,0
2023-10-26 11:00:00,14,12,12,2380,0,10.9,5.9,29.4,0,0,0,0,1,0,0,1,0,0
2023-10-26 14:00:00,10,15,10,2025,0,10.9,5.9,29.4,0,0,0,0,1,0,0,1,0,0
2023-10-26 16:00:00,12,17,7,1693,0,10.9,5.9,29.4,0,0,0,0,1,0,0,1,0,0
2023-10-26 17:00:00,7,18,6,1067,0,10.9,5.9,29.4,0,0,0,0,1,0,0,1,0,0
2023-10-26 08:00:00,7,9,6,647,0,10.9,5.9,29.4,0,0,0,0,1,0,0,1,0,0
2023-10-25 19:00:00,7,20,0,261,0,11.2,4.9,2.1,0,0,0,0,0,0,1,1,0,0
2023-10-25 03:00:00,3,4,0,7,0,11.2,4.9,2.1,0,0,0,0,0,0,1,1,0,0
2023-10-25 20:00:00,2,21,0,222,0,11.2,4.9,2.1,0,0,0,0,0,0,1,1,0,0
2023-10-25 22:00:00,2,23,0,115,0,11.2,4.9,2.1,0,0,0,0,0,0,1,1,0,0
2023-10-25 06:00:00,2,7,0,59,0,11.2,4.9,2.1,0,0,0,0,0,0,1,1,0,0
2023-10-25 01:00:00,1,2,0,8,0,11.2,4.9,2.1,0,0,0,0,0,0,1,1,0,0
2023-10-25 04:00:00,0,5,0,5,0,11.2,4.9,2.1,0,0,0,0,0,0,1,1,0,0
2023-10-26 12:00:00,21,13,21,2719,0,10.9,5.9,29.4,0,0,0,0,1,0,0,1,0,0
2023-10-26 10:00:00,19,11,18,1968,0,10.9,5.9,29.4,0,0,0,0,1,0,0,1,0,0
2023-10-25 10:00:00,28,11,20,1728,0,11.2,4.9,2.1,0,0,0,0,0,0,1,1,0,0
2023-10-25 11:00:00,12,12,19,2387,0,11.2,4.9,2.1,0,0,0,0,0,0,1,1,0,0
2023-10-25 15:00:00,7,16,19,1944,0,11.2,4.9,2.1,0,0,0,0,0,0,1,1,0,0
2023-10-25 12:00:00,20,13,15,2490,0,11.2,4.9,2.1,0,0,0,0,0,0,1,1,0,0
2023-10-25 16:00:00,18,17,14,2072,0,11.2,4.9,2.1,0,0,0,0,0,0,1,1,0,0
2023-10-25 17:00:00,9,18,12,1277,0,11.2,4.9,2.1,0,0,0,0,0,0,1,1,0,0
2023-10-25 09:00:00,16,10,11,995,0,11.2,4.9,2.1,0,0,0,0,0,0,1,1,0,0
2023-10-25 08:00:00,10,9,7,509,0,11.2,4.9,2.1,0,0,0,0,0,0,1,1,0,0
2023-10-26 01:00:00,12,2,1,24,0,10.9,5.9,29.4,0,0,0,0,1,0,0,1,0,0
2023-10-26 02:00:00,6,3,1,26,0,10.9,5.9,29.4,0,0,0,0,1,0,0,1,0,0
2023-10-26 22:00:00,2,23,1,172,0,10.9,5.9,29.4,0,0,0,0,1,0,0,1,0,0
2023-10-26 05:00:00,2,6,1,56,0,10.9,5.9,29.4,0,0,0,0,1,0,0,1,0,0
2023-10-26 23:00:00,0,0,1,21,0,10.9,5.9,29.4,0,0,0,0,1,0,0,1,0,0
2023-10-26 20:00:00,9,21,0,211,0,10.9,5.9,29.4,0,0,0,0,1,0,0,1,0,0
2023-10-25 18:00:00,9,19,4,407,0,11.2,4.9,2.1,0,0,0,0,0,0,1,1,0,0
2023-10-25 00:00:00,2,1,3,23,0,11.2,4.9,2.1,0,0,0,0,0,0,1,1,0,0
2023-10-27 21:00:00,5,22,1,197,0,11.2,7.2,16.5,1,0,0,0,0,0,0,1,0,0
2023-10-27 20:00:00,17,21,0,168,0,11.2,7.2,16.5,1,0,0,0,0,0,0,1,0,0
2023-10-27 18:00:00,15,19,0,427,0,11.2,7.2,16.5,1,0,0,0,0,0,0,1,0,0
2023-10-27 22:00:00,4,23,0,229,0,11.2,7.2,16.5,1,0,0,0,0,0,0,1,0,0
2023-10-27 05:00:00,3,6,0,39,0,11.2,7.2,16.5,1,0,0,0,0,0,0,1,0,0
2023-10-28 04:00:00,0,5,0,3,0,11.6,9.0,7.9,0,0,1,0,0,0,0,1,0,0
2023-10-28 08:00:00,10,9,1,417,0,11.6,9.0,7.9,0,0,1,0,0,0,0,1,0,0
2023-10-28 23:00:00,5,0,1,145,0,11.6,9.0,7.9,0,0,1,0,0,0,0,1,0,0
2023-10-28 07:00:00,1,8,1,63,0,11.6,9.0,7.9,0,0,1,0,0,0,0,1,0,0
2023-10-29 11:00:00,11,12,20,1280,0,9.9,9.5,6.1,0,0,0,1,0,0,0,1,0,0
2023-10-29 12:00:00,25,13,17,1284,0,9.9,9.5,6.1,0,0,0,1,0,0,0,1,0,0
2023-10-29 14:00:00,5,15,17,1368,0,9.9,9.5,6.1,0,0,0,1,0,0,0,1,0,0
2023-10-29 15:00:00,9,16,14,1082,0,9.9,9.5,6.1,0,0,0,1,0,0,0,1,0,0
2023-10-29 13:00:00,6,14,14,1335,0,9.9,9.5,6.1,0,0,0,1,0,0,0,1,0,0
2023-10-29 10:00:00,11,11,6,765,0,9.9,9.5,6.1,0,0,0,1,0,0,0,1,0,0
2023-10-29 16:00:00,7,17,4,838,0,9.9,9.5,6.1,0,0,0,1,0,0,0,1,0,0
2023-10-27 06:00:00,2,7,0,59,0,11.2,7.2,16.5,1,0,0,0,0,0,0,1,0,0
2023-10-27 02:00:00,2,3,0,10,0,11.2,7.2,16.5,1,0,0,0,0,0,0,1,0,0
2023-10-27 04:00:00,2,5,0,5,0,11.2,7.2,16.5,1,0,0,0,0,0,0,1,0,0
2023-10-27 23:00:00,1,0,0,63,0,11.2,7.2,16.5,1,0,0,0,0,0,0,1,0,0
2023-10-27 00:00:00,1,1,0,38,0,11.2,7.2,16.5,1,0,0,0,0,0,0,1,0,0
2023-10-27 01:00:00,0,2,0,12,0,11.2,7.2,16.5,1,0,0,0,0,0,0,1,0,0
2023-10-27 03:00:00,0,4,0,6,0,11.2,7.2,16.5,1,0,0,0,0,0,0,1,0,0
2023-10-28 13:00:00,19,14,27,4336,0,11.6,9.0,7.9,0,0,1,0,0,0,0,1,0,0
2023-10-28 12:00:00,20,13,19,3728,0,11.6,9.0,7.9,0,0,1,0,0,0,0,1,0,0
2023-10-28 11:00:00,25,12,14,2889,0,11.6,9.0,7.9,0,0,1,0,0,0,0,1,0,0
2023-10-28 16:00:00,5,17,13,2873,0,11.6,9.0,7.9,0,0,1,0,0,0,0,1,0,0
2023-10-28 14:00:00,19,15,12,3191,0,11.6,9.0,7.9,0,0,1,0,0,0,0,1,0,0
2023-10-28 15:00:00,17,16,11,3213,0,11.6,9.0,7.9,0,0,1,0,0,0,0,1,0,0
2023-10-28 09:00:00,14,10,7,1021,0,11.6,9.0,7.9,0,0,1,0,0,0,0,1,0,0
2023-10-28 10:00:00,19,11,6,1777,0,11.6,9.0,7.9,0,0,1,0,0,0,0,1,0,0
2023-10-28 17:00:00,2,18,3,1682,0,11.6,9.0,7.9,0,0,1,0,0,0,0,1,0,0
2023-10-28 19:00:00,11,20,0,284,0,11.6,9.0,7.9,0,0,1,0,0,0,0,1,0,0
2023-10-28 21:00:00,10,22,0,297,0,11.6,9.0,7.9,0,0,1,0,0,0,0,1,0,0
2023-10-28 20:00:00,9,21,0,339,0,11.6,9.0,7.9,0,0,1,0,0,0,0,1,0,0
2023-10-28 01:00:00,4,2,0,37,0,11.6,9.0,7.9,0,0,1,0,0,0,0,1,0,0
2023-10-28 03:00:00,4,4,0,36,0,11.6,9.0,7.9,0,0,1,0,0,0,0,1,0,0
2023-10-28 05:00:00,4,6,0,8,0,11.6,9.0,7.9,0,0,1,0,0,0,0,1,0,0
2023-10-28 22:00:00,3,23,0,190,0,11.6,9.0,7.9,0,0,1,0,0,0,0,1,0,0
2023-10-28 00:00:00,3,1,0,100,0,11.6,9.0,7.9,0,0,1,0,0,0,0,1,0,0
2023-10-28 06:00:00,2,7,0,32,0,11.6,9.0,7.9,0,0,1,0,0,0,0,1,0,0
2023-10-28 18:00:00,1,19,0,459,0,11.6,9.0,7.9,0,0,1,0,0,0,0,1,0,0
2023-10-28 02:00:00,1,3,0,40,0,11.6,9.0,7.9,0,0,1,0,0,0,0,1,0,0
2023-10-27 13:00:00,29,14,12,2633,0,11.2,7.2,16.5,1,0,0,0,0,0,0,1,0,0
2023-10-27 11:00:00,34,12,11,2426,0,11.2,7.2,16.5,1,0,0,0,0,0,0,1,0,0
2023-10-27 10:00:00,44,11,10,2002,0,11.2,7.2,16.5,1,0,0,0,0,0,0,1,0,0
2023-10-27 12:00:00,32,13,10,2931,0,11.2,7.2,16.5,1,0,0,0,0,0,0,1,0,0
2023-10-27 08:00:00,13,9,4,889,0,11.2,7.2,16.5,1,0,0,0,0,0,0,1,0,0
2023-10-27 19:00:00,21,20,2,196,0,11.2,7.2,16.5,1,0,0,0,0,0,0,1,0,0
2023-10-27 07:00:00,14,8,1,266,0,11.2,7.2,16.5,1,0,0,0,0,0,0,1,0,0
2023-10-30 08:00:00,19,9,3,726,0,9.6,5.6,0.0,0,1,0,0,0,0,0,0,1,0
2023-10-30 18:00:00,19,19,3,515,0,9.6,5.6,0.0,0,1,0,0,0,0,0,0,1,0
2023-10-30 17:00:00,20,18,2,1926,0,9.6,5.6,0.0,0,1,0,0,0,0,0,0,1,0
2023-10-30 14:00:00,21,15,21,3433,0,9.6,5.6,0.0,0,1,0,0,0,0,0,0,1,0
2023-10-30 15:00:00,31,16,20,3296,0,9.6,5.6,0.0,0,1,0,0,0,0,0,0,1,0
2023-10-30 11:00:00,22,12,19,2655,0,9.6,5.6,0.0,0,1,0,0,0,0,0,0,1,0
2023-10-30 12:00:00,17,13,18,4070,0,9.6,5.6,0.0,0,1,0,0,0,0,0,0,1,0
2023-10-30 13:00:00,11,14,16,4009,0,9.6,5.6,0.0,0,1,0,0,0,0,0,0,1,0
2023-10-30 10:00:00,22,11,12,2294,0,9.6,5.6,0.0,0,1,0,0,0,0,0,0,1,0
2023-10-31 14:00:00,10,15,21,2772,0,10.2,5.3,7.5,0,0,0,0,0,1,0,0,1,0
2023-10-31 10:00:00,12,11,19,2199,0,10.2,5.3,7.5,0,0,0,0,0,1,0,0,1,0
2023-10-31 15:00:00,10,16,18,2568,0,10.2,5.3,7.5,0,0,0,0,0,1,0,0,1,0
2023-10-31 09:00:00,19,10,17,1339,0,10.2,5.3,7.5,0,0,0,0,0,1,0,0,1,0
2023-10-30 20:00:00,9,21,1,258,0,9.6,5.6,0.0,0,1,0,0,0,0,0,0,1,0
2023-10-30 06:00:00,3,7,1,68,0,9.6,5.6,0.0,0,1,0,0,0,0,0,0,1,0
2023-10-31 16:00:00,12,17,14,2118,0,10.2,5.3,7.5,0,0,0,0,0,1,0,0,1,0
2023-10-31 11:00:00,6,12,12,2828,0,10.2,5.3,7.5,0,0,0,0,0,1,0,0,1,0
2023-10-29 09:00:00,1,10,1,325,0,9.9,9.5,6.1,0,0,0,1,0,0,0,1,0,0
2023-10-29 08:00:00,4,9,2,158,0,9.9,9.5,6.1,0,0,0,1,0,0,0,1,0,0
2023-10-30 19:00:00,6,20,0,286,0,9.6,5.6,0.0,0,1,0,0,0,0,0,0,1,0
2023-10-30 01:00:00,3,2,0,16,0,9.6,5.6,0.0,0,1,0,0,0,0,0,0,1,0
2023-10-30 21:00:00,2,22,0,284,0,9.6,5.6,0.0,0,1,0,0,0,0,0,0,1,0
2023-10-30 23:00:00,1,0,0,24,0,9.6,5.6,0.0,0,1,0,0,0,0,0,0,1,0
2023-10-30 00:00:00,1,1,0,21,0,9.6,5.6,0.0,0,1,0,0,0,0,0,0,1,0
2023-10-30 03:00:00,1,4,0,1,0,9.6,5.6,0.0,0,1,0,0,0,0,0,0,1,0
2023-10-30 22:00:00,0,23,0,168,0,9.6,5.6,0.0,0,1,0,0,0,0,0,0,1,0
2023-10-30 05:00:00,0,6,0,54,0,9.6,5.6,0.0,0,1,0,0,0,0,0,0,1,0
2023-10-30 04:00:00,0,5,0,7,0,9.6,5.6,0.0,0,1,0,0,0,0,0,0,1,0
2023-10-30 02:00:00,0,3,0,1,0,9.6,5.6,0.0,0,1,0,0,0,0,0,0,1,0
2023-10-31 12:00:00,20,13,40,3384,0,10.2,5.3,7.5,0,0,0,0,0,1,0,0,1,0
2023-10-31 13:00:00,8,14,34,3379,0,10.2,5.3,7.5,0,0,0,0,0,1,0,0,1,0
2023-10-29 18:00:00,8,19,0,118,0,9.9,9.5,6.1,0,0,0,1,0,0,0,1,0,0
2023-10-29 19:00:00,8,20,0,57,0,9.9,9.5,6.1,0,0,0,1,0,0,0,1,0,0
2023-10-29 00:00:00,6,1,0,140,0,9.9,9.5,6.1,0,0,0,1,0,0,0,1,0,0
2023-10-29 17:00:00,3,18,0,236,0,9.9,9.5,6.1,0,0,0,1,0,0,0,1,0,0
2023-10-29 07:00:00,3,8,0,95,0,9.9,9.5,6.1,0,0,0,1,0,0,0,1,0,0
2023-10-29 20:00:00,3,21,0,29,0,9.9,9.5,6.1,0,0,0,1,0,0,0,1,0,0
2023-10-29 21:00:00,2,22,0,103,0,9.9,9.5,6.1,0,0,0,1,0,0,0,1,0,0
2023-10-29 01:00:00,1,2,0,171,0,9.9,9.5,6.1,0,0,0,1,0,0,0,1,0,0
2023-10-29 02:00:00,1,3,0,96,0,9.9,9.5,6.1,0,0,0,1,0,0,0,1,0,0
2023-10-29 05:00:00,1,6,0,8,0,9.9,9.5,6.1,0,0,0,1,0,0,0,1,0,0
2023-10-29 04:00:00,1,5,0,5,0,9.9,9.5,6.1,0,0,0,1,0,0,0,1,0,0
2023-10-29 22:00:00,0,23,0,32,0,9.9,9.5,6.1,0,0,0,1,0,0,0,1,0,0
2023-10-29 06:00:00,0,7,0,31,0,9.9,9.5,6.1,0,0,0,1,0,0,0,1,0,0
2023-10-29 23:00:00,0,0,0,22,0,9.9,9.5,6.1,0,0,0,1,0,0,0,1,0,0
2023-10-29 03:00:00,0,4,0,9,0,9.9,9.5,6.1,0,0,0,1,0,0,0,1,0,0
2023-10-30 09:00:00,32,10,10,1504,0,9.6,5.6,0.0,0,1,0,0,0,0,0,0,1,0
2023-10-30 16:00:00,17,17,10,3028,0,9.6,5.6,0.0,0,1,0,0,0,0,0,0,1,0
2023-10-30 07:00:00,7,8,5,162,0,9.6,5.6,0.0,0,1,0,0,0,0,0,0,1,0
2023-10-31 19:00:00,4,20,1,406,0,10.2,5.3,7.5,0,0,0,0,0,1,0,0,1,0
2023-10-31 20:00:00,4,21,1,312,0,10.2,5.3,7.5,0,0,0,0,0,1,0,0,1,0
2023-10-31 22:00:00,3,23,1,263,0,10.2,5.3,7.5,0,0,0,0,0,1,0,0,1,0
2023-10-31 07:00:00,15,8,7,185,0,10.2,5.3,7.5,0,0,0,0,0,1,0,0,1,0
2023-10-31 08:00:00,9,9,7,689,0,10.2,5.3,7.5,0,0,0,0,0,1,0,0,1,0
2023-10-31 18:00:00,6,19,4,499,0,10.2,5.3,7.5,0,0,0,0,0,1,0,0,1,0
2023-10-31 17:00:00,7,18,2,1484,0,10.2,5.3,7.5,0,0,0,0,0,1,0,0,1,0
2023-10-31 23:00:00,2,0,2,79,0,10.2,5.3,7.5,0,0,0,0,0,1,0,0,1,0
2023-10-31 21:00:00,5,22,0,298,0,10.2,5.3,7.5,0,0,0,0,0,1,0,0,1,0
2023-10-31 06:00:00,3,7,0,40,0,10.2,5.3,7.5,0,0,0,0,0,1,0,0,1,0
2023-10-31 02:00:00,2,3,0,4,0,10.2,5.3,7.5,0,0,0,0,0,1,0,0,1,0
2023-10-31 03:00:00,2,4,0,3,0,10.2,5.3,7.5,0,0,0,0,0,1,0,0,1,0
2023-10-31 05:00:00,1,6,0,29,0,10.2,5.3,7.5,0,0,0,0,0,1,0,0,1,0
2023-10-31 01:00:00,1,2,0,3,0,10.2,5.3,7.5,0,0,0,0,0,1,0,0,1,0
2023-10-31 00:00:00,0,1,0,29,0,10.2,5.3,7.5,0,0,0,0,0,1,0,0,1,0
2023-10-31 04:00:00,0,5,0,6,0,10.2,5.3,7.5,0,0,0,0,0,1,0,0,1,0
2023-09-01 12:00:00,16,13,37,2938,0,22.4,9.9,0.0,1,0,0,0,0,0,0,1,0,0
2023-09-01 14:00:00,14,15,35,2685,0,22.4,9.9,0.0,1,0,0,0,0,0,0,1,0,0
2023-09-01 16:00:00,15,17,32,1918,0,22.4,9.9,0.0,1,0,0,0,0,0,0,1,0,0
2023-09-01 13:00:00,14,14,28,2987,0,22.4,9.9,0.0,1,0,0,0,0,0,0,1,0,0
2023-09-01 11:00:00,9,12,24,2653,0,22.4,9.9,0.0,1,0,0,0,0,0,0,1,0,0
2023-09-01 15:00:00,3,16,18,2298,0,22.4,9.9,0.0,1,0,0,0,0,0,0,1,0,0
2023-09-02 20:00:00,95,21,5,660,0,22.9,5.5,0.0,0,0,1,0,0,0,0,1,0,0
2023-09-02 23:00:00,127,0,2,181,0,22.9,5.5,0.0,0,0,1,0,0,0,0,1,0,0
2023-09-02 22:00:00,126,23,2,384,0,22.9,5.5,0.0,0,0,1,0,0,0,0,1,0,0
2023-09-02 06:00:00,0,7,2,44,0,22.9,5.5,0.0,0,0,1,0,0,0,0,1,0,0
2023-09-02 21:00:00,122,22,1,672,0,22.9,5.5,0.0,0,0,1,0,0,0,0,1,0,0
2023-09-01 10:00:00,15,11,7,1889,0,22.4,9.9,0.0,1,0,0,0,0,0,0,1,0,0
2023-09-01 08:00:00,7,9,7,626,0,22.4,9.9,0.0,1,0,0,0,0,0,0,1,0,0
2023-09-01 07:00:00,22,8,3,261,0,22.4,9.9,0.0,1,0,0,0,0,0,0,1,0,0
2023-09-01 21:00:00,5,22,3,284,0,22.4,9.9,0.0,1,0,0,0,0,0,0,1,0,0
2023-09-01 22:00:00,7,23,2,143,0,22.4,9.9,0.0,1,0,0,0,0,0,0,1,0,0
2023-09-01 23:00:00,7,0,2,108,0,22.4,9.9,0.0,1,0,0,0,0,0,0,1,0,0
2023-09-01 02:00:00,2,3,2,27,0,22.4,9.9,0.0,1,0,0,0,0,0,0,1,0,0
2023-09-01 20:00:00,4,21,1,272,0,22.4,9.9,0.0,1,0,0,0,0,0,0,1,0,0
2023-09-01 06:00:00,8,7,0,123,0,22.4,9.9,0.0,1,0,0,0,0,0,0,1,0,0
2023-09-01 05:00:00,3,6,0,39,0,22.4,9.9,0.0,1,0,0,0,0,0,0,1,0,0
2023-09-01 00:00:00,1,1,0,36,0,22.4,9.9,0.0,1,0,0,0,0,0,0,1,0,0
2023-09-01 01:00:00,1,2,0,35,0,22.4,9.9,0.0,1,0,0,0,0,0,0,1,0,0
2023-09-01 03:00:00,1,4,0,9,0,22.4,9.9,0.0,1,0,0,0,0,0,0,1,0,0
2023-09-01 04:00:00,1,5,0,1,0,22.4,9.9,0.0,1,0,0,0,0,0,0,1,0,0
2023-09-01 18:00:00,12,19,16,695,0,22.4,9.9,0.0,1,0,0,0,0,0,0,1,0,0
2023-09-01 17:00:00,15,18,15,1488,0,22.4,9.9,0.0,1,0,0,0,0,0,0,1,0,0
2023-09-01 19:00:00,7,20,12,419,0,22.4,9.9,0.0,1,0,0,0,0,0,0,1,0,0
2023-09-01 09:00:00,16,10,10,1357,0,22.4,9.9,0.0,1,0,0,0,0,0,0,1,0,0
2023-09-02 16:00:00,13,17,27,2848,0,22.9,5.5,0.0,0,0,1,0,0,0,0,1,0,0
2023-09-02 15:00:00,14,16,24,2706,0,22.9,5.5,0.0,0,0,1,0,0,0,0,1,0,0
2023-09-02 12:00:00,16,13,21,3285,0,22.9,5.5,0.0,0,0,1,0,0,0,0,1,0,0
2023-09-02 13:00:00,9,14,21,3538,0,22.9,5.5,0.0,0,0,1,0,0,0,0,1,0,0
2023-09-02 18:00:00,16,19,19,751,0,22.9,5.5,0.0,0,0,1,0,0,0,0,1,0,0
2023-09-02 14:00:00,20,15,18,3375,0,22.9,5.5,0.0,0,0,1,0,0,0,0,1,0,0
2023-09-02 17:00:00,16,18,18,1793,0,22.9,5.5,0.0,0,0,1,0,0,0,0,1,0,0
2023-09-02 11:00:00,11,12,18,2942,0,22.9,5.5,0.0,0,0,1,0,0,0,0,1,0,0
2023-09-02 19:00:00,102,20,10,797,0,22.9,5.5,0.0,0,0,1,0,0,0,0,1,0,0
2023-09-02 10:00:00,21,11,10,2035,0,22.9,5.5,0.0,0,0,1,0,0,0,0,1,0,0
2023-09-02 09:00:00,14,10,7,1184,0,22.9,5.5,0.0,0,0,1,0,0,0,0,1,0,0
2023-09-02 07:00:00,8,8,1,86,0,22.9,5.5,0.0,0,0,1,0,0,0,0,1,0,0
2023-09-02 04:00:00,4,5,1,15,0,22.9,5.5,0.0,0,0,1,0,0,0,0,1,0,0
2023-09-02 00:00:00,13,1,0,164,0,22.9,5.5,0.0,0,0,1,0,0,0,0,1,0,0
2023-09-02 08:00:00,12,9,0,432,0,22.9,5.5,0.0,0,0,1,0,0,0,0,1,0,0
2023-09-02 03:00:00,11,4,0,57,0,22.9,5.5,0.0,0,0,1,0,0,0,0,1,0,0
2023-09-02 02:00:00,9,3,0,62,0,22.9,5.5,0.0,0,0,1,0,0,0,0,1,0,0
2023-09-02 01:00:00,5,2,0,69,0,22.9,5.5,0.0,0,0,1,0,0,0,0,1,0,0
2023-09-02 05:00:00,2,6,0,30,0,22.9,5.5,0.0,0,0,1,0,0,0,0,1,0,0
2023-09-03 12:00:00,13,13,47,1799,0,24.2,5.5,0.0,0,0,0,1,0,0,0,1,0,0
2023-09-03 03:00:00,56,4,2,132,0,24.2,5.5,0.0,0,0,0,1,0,0,0,1,0,0
2023-09-03 23:00:00,55,0,1,81,0,24.2,5.5,0.0,0,0,0,1,0,0,0,1,0,0
2023-09-03 04:00:00,29,5,1,43,0,24.2,5.5,0.0,0,0,0,1,0,0,0,1,0,0
2023-09-04 14:00:00,9,15,24,2186,0,20.8,5.5,0.0,0,1,0,0,0,0,0,1,0,0
2023-09-03 15:00:00,7,16,10,1408,0,24.2,5.5,0.0,0,0,0,1,0,0,0,1,0,0
2023-09-04 11:00:00,13,12,22,2340,0,20.8,5.5,0.0,0,1,0,0,0,0,0,1,0,0
2023-09-04 13:00:00,15,14,21,2575,0,20.8,5.5,0.0,0,1,0,0,0,0,0,1,0,0
2023-09-04 12:00:00,15,13,18,2566,0,20.8,5.5,0.0,0,1,0,0,0,0,0,1,0,0
2023-09-04 18:00:00,70,19,13,770,0,20.8,5.5,0.0,0,1,0,0,0,0,0,1,0,0
2023-09-04 10:00:00,14,11,13,1798,0,20.8,5.5,0.0,0,1,0,0,0,0,0,1,0,0
2023-09-04 08:00:00,9,9,13,708,0,20.8,5.5,0.0,0,1,0,0,0,0,0,1,0,0
2023-09-04 09:00:00,24,10,12,1066,0,20.8,5.5,0.0,0,1,0,0,0,0,0,1,0,0
2023-09-03 19:00:00,76,20,8,582,0,24.2,5.5,0.0,0,0,0,1,0,0,0,1,0,0
2023-09-03 13:00:00,7,14,26,1980,0,24.2,5.5,0.0,0,0,0,1,0,0,0,1,0,0
2023-09-03 16:00:00,8,17,8,980,0,24.2,5.5,0.0,0,0,0,1,0,0,0,1,0,0
2023-09-03 11:00:00,9,12,25,1344,0,24.2,5.5,0.0,0,0,0,1,0,0,0,1,0,0
2023-09-04 01:00:00,33,2,0,37,0,20.8,5.5,0.0,0,1,0,0,0,0,0,1,0,0
2023-09-03 14:00:00,8,15,21,1916,0,24.2,5.5,0.0,0,0,0,1,0,0,0,1,0,0
2023-09-03 09:00:00,5,10,13,268,0,24.2,5.5,0.0,0,0,0,1,0,0,0,1,0,0
2023-09-03 10:00:00,5,11,12,674,0,24.2,5.5,0.0,0,0,0,1,0,0,0,1,0,0
2023-09-03 18:00:00,23,19,11,422,0,24.2,5.5,0.0,0,0,0,1,0,0,0,1,0,0
2023-09-03 17:00:00,1,18,6,417,0,24.2,5.5,0.0,0,0,0,1,0,0,0,1,0,0
2023-09-04 02:00:00,26,3,0,7,0,20.8,5.5,0.0,0,1,0,0,0,0,0,1,0,0
2023-09-03 07:00:00,28,8,4,93,0,24.2,5.5,0.0,0,0,0,1,0,0,0,1,0,0
2023-09-03 08:00:00,22,9,4,225,0,24.2,5.5,0.0,0,0,0,1,0,0,0,1,0,0
2023-09-03 20:00:00,14,21,4,201,0,24.2,5.5,0.0,0,0,0,1,0,0,0,1,0,0
2023-09-03 00:00:00,93,1,3,253,0,24.2,5.5,0.0,0,0,0,1,0,0,0,1,0,0
2023-09-03 05:00:00,10,6,1,41,0,24.2,5.5,0.0,0,0,0,1,0,0,0,1,0,0
2023-09-04 03:00:00,2,4,0,2,0,20.8,5.5,0.0,0,1,0,0,0,0,0,1,0,0
2023-09-04 04:00:00,1,5,0,6,0,20.8,5.5,0.0,0,1,0,0,0,0,0,1,0,0
2023-09-04 22:00:00,55,23,2,224,0,20.8,5.5,0.0,0,1,0,0,0,0,0,1,0,0
2023-09-03 01:00:00,105,2,0,126,0,24.2,5.5,0.0,0,0,0,1,0,0,0,1,0,0
2023-09-03 02:00:00,96,3,0,105,0,24.2,5.5,0.0,0,0,0,1,0,0,0,1,0,0
2023-09-04 05:00:00,3,6,1,33,0,20.8,5.5,0.0,0,1,0,0,0,0,0,1,0,0
2023-09-04 00:00:00,48,1,0,54,0,20.8,5.5,0.0,0,1,0,0,0,0,0,1,0,0
2023-09-04 23:00:00,44,0,0,90,0,20.8,5.5,0.0,0,1,0,0,0,0,0,1,0,0
2023-09-03 22:00:00,33,23,0,112,0,24.2,5.5,0.0,0,0,0,1,0,0,0,1,0,0
2023-09-05 10:00:00,35,11,39,1509,0,19.9,9.9,0.0,0,0,0,0,0,1,0,1,0,0
2023-09-03 06:00:00,20,7,0,79,0,24.2,5.5,0.0,0,0,0,1,0,0,0,1,0,0
2023-09-03 21:00:00,2,22,0,50,0,24.2,5.5,0.0,0,0,0,1,0,0,0,1,0,0
2023-09-04 16:00:00,13,17,32,1337,0,20.8,5.5,0.0,0,1,0,0,0,0,0,1,0,0
2023-09-04 15:00:00,8,16,32,1747,0,20.8,5.5,0.0,0,1,0,0,0,0,0,1,0,0
2023-09-04 06:00:00,6,7,11,68,0,20.8,5.5,0.0,0,1,0,0,0,0,0,1,0,0
2023-09-04 19:00:00,75,20,8,533,0,20.8,5.5,0.0,0,1,0,0,0,0,0,1,0,0
2023-09-04 17:00:00,26,18,7,1178,0,20.8,5.5,0.0,0,1,0,0,0,0,0,1,0,0
2023-09-04 20:00:00,78,21,6,400,0,20.8,5.5,0.0,0,1,0,0,0,0,0,1,0,0
2023-09-04 21:00:00,75,22,4,424,0,20.8,5.5,0.0,0,1,0,0,0,0,0,1,0,0
2023-09-04 07:00:00,14,8,4,258,0,20.8,5.5,0.0,0,1,0,0,0,0,0,1,0,0
2023-09-06 23:00:00,27,0,1,67,0,22.4,14.0,0.0,0,0,0,0,0,0,1,1,0,0
2023-09-06 20:00:00,7,21,1,296,0,22.4,14.0,0.0,0,0,0,0,0,0,1,1,0,0
2023-09-05 09:00:00,66,10,27,746,0,19.9,9.9,0.0,0,0,0,0,0,1,0,1,0,0
2023-09-06 00:00:00,36,1,0,18,0,22.4,14.0,0.0,0,0,0,0,0,0,1,1,0,0
2023-09-06 01:00:00,22,2,0,20,0,22.4,14.0,0.0,0,0,0,0,0,0,1,1,0,0
2023-09-06 03:00:00,14,4,0,12,0,22.4,14.0,0.0,0,0,0,0,0,0,1,1,0,0
2023-09-06 02:00:00,14,3,0,4,0,22.4,14.0,0.0,0,0,0,0,0,0,1,1,0,0
2023-09-06 05:00:00,13,6,0,40,0,22.4,14.0,0.0,0,0,0,0,0,0,1,1,0,0
2023-09-06 04:00:00,10,5,0,6,0,22.4,14.0,0.0,0,0,0,0,0,0,1,1,0,0
2023-09-05 01:00:00,17,2,0,32,0,19.9,9.9,0.0,0,0,0,0,0,1,0,1,0,0
2023-09-05 05:00:00,14,6,0,21,0,19.9,9.9,0.0,0,0,0,0,0,1,0,1,0,0
2023-09-06 16:00:00,9,17,24,2120,0,22.4,14.0,0.0,0,0,0,0,0,0,1,1,0,0
2023-09-05 04:00:00,11,5,0,5,0,19.9,9.9,0.0,0,0,0,0,0,1,0,1,0,0
2023-09-05 22:00:00,51,23,2,229,0,19.9,9.9,0.0,0,0,0,0,0,1,0,1,0,0
2023-09-05 06:00:00,19,7,2,32,0,19.9,9.9,0.0,0,0,0,0,0,1,0,1,0,0
2023-09-05 23:00:00,35,0,1,67,0,19.9,9.9,0.0,0,0,0,0,0,1,0,1,0,0
2023-09-05 02:00:00,13,3,1,9,0,19.9,9.9,0.0,0,0,0,0,0,1,0,1,0,0
2023-09-05 03:00:00,8,4,1,6,0,19.9,9.9,0.0,0,0,0,0,0,1,0,1,0,0
2023-09-05 00:00:00,35,1,0,57,0,19.9,9.9,0.0,0,0,0,0,0,1,0,1,0,0
2023-09-05 14:00:00,18,15,20,2600,0,19.9,9.9,0.0,0,0,0,0,0,1,0,1,0,0
2023-09-05 16:00:00,4,17,20,2467,0,19.9,9.9,0.0,0,0,0,0,0,1,0,1,0,0
2023-09-05 11:00:00,17,12,18,2432,0,19.9,9.9,0.0,0,0,0,0,0,1,0,1,0,0
2023-09-05 08:00:00,33,9,17,424,0,19.9,9.9,0.0,0,0,0,0,0,1,0,1,0,0
2023-09-05 17:00:00,8,18,17,1964,0,19.9,9.9,0.0,0,0,0,0,0,1,0,1,0,0
2023-09-05 15:00:00,6,16,17,2518,0,19.9,9.9,0.0,0,0,0,0,0,1,0,1,0,0
2023-09-05 18:00:00,4,19,14,1122,0,19.9,9.9,0.0,0,0,0,0,0,1,0,1,0,0
2023-09-06 10:00:00,18,11,9,1937,0,22.4,14.0,0.0,0,0,0,0,0,0,1,1,0,0
2023-09-06 11:00:00,14,12,9,2414,0,22.4,14.0,0.0,0,0,0,0,0,0,1,1,0,0
2023-09-06 19:00:00,4,20,9,272,0,22.4,14.0,0.0,0,0,0,0,0,0,1,1,0,0
2023-09-05 13:00:00,21,14,10,2580,0,19.9,9.9,0.0,0,0,0,0,0,1,0,1,0,0
2023-09-06 15:00:00,7,16,22,2110,0,22.4,14.0,0.0,0,0,0,0,0,0,1,1,0,0
2023-09-05 19:00:00,67,20,9,605,0,19.9,9.9,0.0,0,0,0,0,0,1,0,1,0,0
2023-09-06 17:00:00,8,18,19,1254,0,22.4,14.0,0.0,0,0,0,0,0,0,1,1,0,0
2023-09-06 12:00:00,15,13,17,2622,0,22.4,14.0,0.0,0,0,0,0,0,0,1,1,0,0
2023-09-06 09:00:00,36,10,10,1274,0,22.4,14.0,0.0,0,0,0,0,0,0,1,1,0,0
2023-09-06 14:00:00,21,15,10,2392,0,22.4,14.0,0.0,0,0,0,0,0,0,1,1,0,0
2023-09-06 13:00:00,12,14,10,2771,0,22.4,14.0,0.0,0,0,0,0,0,0,1,1,0,0
2023-09-06 08:00:00,7,9,10,757,0,22.4,14.0,0.0,0,0,0,0,0,0,1,1,0,0
2023-09-05 12:00:00,20,13,9,1720,0,19.9,9.9,0.0,0,0,0,0,0,1,0,1,0,0
2023-09-06 07:00:00,19,8,6,221,0,22.4,14.0,0.0,0,0,0,0,0,0,1,1,0,0
2023-09-05 20:00:00,66,21,8,473,0,19.9,9.9,0.0,0,0,0,0,0,1,0,1,0,0
2023-09-05 07:00:00,57,8,8,162,0,19.9,9.9,0.0,0,0,0,0,0,1,0,1,0,0
2023-09-07 12:00:00,18,13,33,2564,0,25.0,12.0,0.0,0,0,0,0,1,0,0,1,0,0
2023-09-06 18:00:00,0,19,5,481,0,22.4,14.0,0.0,0,0,0,0,0,0,1,1,0,0
2023-09-06 06:00:00,42,7,4,102,0,22.4,14.0,0.0,0,0,0,0,0,0,1,1,0,0
2023-09-06 22:00:00,34,23,4,243,0,22.4,14.0,0.0,0,0,0,0,0,0,1,1,0,0
2023-09-06 21:00:00,43,22,3,366,0,22.4,14.0,0.0,0,0,0,0,0,0,1,1,0,0
2023-09-05 21:00:00,65,22,5,470,0,19.9,9.9,0.0,0,0,0,0,0,1,0,1,0,0
2023-09-07 16:00:00,8,17,8,2058,0,25.0,12.0,0.0,0,0,0,0,1,0,0,1,0,0
2023-09-07 08:00:00,7,9,8,540,0,25.0,12.0,0.0,0,0,0,0,1,0,0,1,0,0
2023-09-07 06:00:00,13,7,2,81,0,25.0,12.0,0.0,0,0,0,0,1,0,0,1,0,0
2023-09-07 11:00:00,15,12,23,1887,0,25.0,12.0,0.0,0,0,0,0,1,0,0,1,0,0
2023-09-07 17:00:00,10,18,23,1438,0,25.0,12.0,0.0,0,0,0,0,1,0,0,1,0,0
2023-09-08 17:00:00,11,18,7,1620,0,24.7,13.5,0.0,1,0,0,0,0,0,0,1,0,0
2023-09-07 22:00:00,2,23,2,164,0,25.0,12.0,0.0,0,0,0,0,1,0,0,1,0,0
2023-09-07 10:00:00,20,11,20,1583,0,25.0,12.0,0.0,0,0,0,0,1,0,0,1,0,0
2023-09-07 14:00:00,11,15,20,2352,0,25.0,12.0,0.0,0,0,0,0,1,0,0,1,0,0
2023-09-07 09:00:00,14,10,16,1228,0,25.0,12.0,0.0,0,0,0,0,1,0,0,1,0,0
2023-09-07 19:00:00,9,20,14,392,0,25.0,12.0,0.0,0,0,0,0,1,0,0,1,0,0
2023-09-07 15:00:00,7,16,13,2241,0,25.0,12.0,0.0,0,0,0,0,1,0,0,1,0,0
2023-09-07 13:00:00,7,14,12,2565,0,25.0,12.0,0.0,0,0,0,0,1,0,0,1,0,0
2023-09-07 18:00:00,4,19,9,503,0,25.0,12.0,0.0,0,0,0,0,1,0,0,1,0,0
2023-09-08 02:00:00,1,3,1,25,0,24.7,13.5,0.0,1,0,0,0,0,0,0,1,0,0
2023-09-09 16:00:00,3,17,21,1897,0,22.7,5.5,0.0,0,0,1,0,0,0,0,1,0,0
2023-09-09 17:00:00,15,18,17,1579,0,22.7,5.5,0.0,0,0,1,0,0,0,0,1,0,0
2023-09-09 12:00:00,18,13,15,2658,0,22.7,5.5,0.0,0,0,1,0,0,0,0,1,0,0
2023-09-08 20:00:00,59,21,4,558,0,24.7,13.5,0.0,1,0,0,0,0,0,0,1,0,0
2023-09-08 07:00:00,14,8,4,191,0,24.7,13.5,0.0,1,0,0,0,0,0,0,1,0,0
2023-09-08 06:00:00,2,7,2,60,0,24.7,13.5,0.0,1,0,0,0,0,0,0,1,0,0
2023-09-07 23:00:00,2,0,1,79,0,25.0,12.0,0.0,0,0,0,0,1,0,0,1,0,0
2023-09-08 18:00:00,62,19,16,966,0,24.7,13.5,0.0,1,0,0,0,0,0,0,1,0,0
2023-09-08 23:00:00,9,0,0,101,0,24.7,13.5,0.0,1,0,0,0,0,0,0,1,0,0
2023-09-08 01:00:00,5,2,0,66,0,24.7,13.5,0.0,1,0,0,0,0,0,0,1,0,0
2023-09-08 03:00:00,2,4,0,11,0,24.7,13.5,0.0,1,0,0,0,0,0,0,1,0,0
2023-09-08 05:00:00,1,6,0,45,0,24.7,13.5,0.0,1,0,0,0,0,0,0,1,0,0
2023-09-08 04:00:00,1,5,0,13,0,24.7,13.5,0.0,1,0,0,0,0,0,0,1,0,0
2023-09-08 00:00:00,0,1,0,41,0,24.7,13.5,0.0,1,0,0,0,0,0,0,1,0,0
2023-09-08 10:00:00,11,11,16,3194,0,24.7,13.5,0.0,1,0,0,0,0,0,0,1,0,0
2023-09-08 16:00:00,11,17,16,2237,0,24.7,13.5,0.0,1,0,0,0,0,0,0,1,0,0
2023-09-08 22:00:00,70,23,13,274,0,24.7,13.5,0.0,1,0,0,0,0,0,0,1,0,0
2023-09-08 08:00:00,20,9,13,697,0,24.7,13.5,0.0,1,0,0,0,0,0,0,1,0,0
2023-09-08 19:00:00,87,20,12,641,0,24.7,13.5,0.0,1,0,0,0,0,0,0,1,0,0
2023-09-08 21:00:00,84,22,10,381,0,24.7,13.5,0.0,1,0,0,0,0,0,0,1,0,0
2023-09-08 09:00:00,28,10,10,1967,0,24.7,13.5,0.0,1,0,0,0,0,0,0,1,0,0
2023-09-08 12:00:00,15,13,27,4111,0,24.7,13.5,0.0,1,0,0,0,0,0,0,1,0,0
2023-09-07 00:00:00,23,1,0,56,0,25.0,12.0,0.0,0,0,0,0,1,0,0,1,0,0
2023-09-08 11:00:00,15,12,23,3753,0,24.7,13.5,0.0,1,0,0,0,0,0,0,1,0,0
2023-09-07 07:00:00,21,8,4,194,0,25.0,12.0,0.0,0,0,0,0,1,0,0,1,0,0
2023-09-07 01:00:00,23,2,0,16,0,25.0,12.0,0.0,0,0,0,0,1,0,0,1,0,0
2023-09-07 02:00:00,19,3,0,13,0,25.0,12.0,0.0,0,0,0,0,1,0,0,1,0,0
2023-09-07 03:00:00,9,4,0,5,0,25.0,12.0,0.0,0,0,0,0,1,0,0,1,0,0
2023-09-07 05:00:00,5,6,0,33,0,25.0,12.0,0.0,0,0,0,0,1,0,0,1,0,0
2023-09-07 04:00:00,5,5,0,12,0,25.0,12.0,0.0,0,0,0,0,1,0,0,1,0,0
2023-09-08 13:00:00,17,14,22,3698,0,24.7,13.5,0.0,1,0,0,0,0,0,0,1,0,0
2023-09-07 21:00:00,11,22,4,185,0,25.0,12.0,0.0,0,0,0,0,1,0,0,1,0,0
2023-09-08 15:00:00,6,16,20,2597,0,24.7,13.5,0.0,1,0,0,0,0,0,0,1,0,0
2023-09-08 14:00:00,7,15,18,3245,0,24.7,13.5,0.0,1,0,0,0,0,0,0,1,0,0
2023-09-07 20:00:00,2,21,3,241,0,25.0,12.0,0.0,0,0,0,0,1,0,0,1,0,0
2023-09-09 21:00:00,10,22,6,249,0,22.7,5.5,0.0,0,0,1,0,0,0,0,1,0,0
2023-09-09 20:00:00,12,21,2,332,0,22.7,5.5,0.0,0,0,1,0,0,0,0,1,0,0
2023-09-09 14:00:00,15,15,12,3604,0,22.7,5.5,0.0,0,0,1,0,0,0,0,1,0,0
2023-09-09 10:00:00,13,11,12,2400,0,22.7,5.5,0.0,0,0,1,0,0,0,0,1,0,0
2023-09-09 13:00:00,11,14,12,3369,0,22.7,5.5,0.0,0,0,1,0,0,0,0,1,0,0
2023-09-09 18:00:00,10,19,12,615,0,22.7,5.5,0.0,0,0,1,0,0,0,0,1,0,0
2023-09-09 11:00:00,30,12,11,2668,0,22.7,5.5,0.0,0,0,1,0,0,0,0,1,0,0
2023-09-09 15:00:00,18,16,10,2440,0,22.7,5.5,0.0,0,0,1,0,0,0,0,1,0,0
2023-09-09 09:00:00,16,10,9,1693,0,22.7,5.5,0.0,0,0,1,0,0,0,0,1,0,0
2023-09-09 08:00:00,11,9,8,680,0,22.7,5.5,0.0,0,0,1,0,0,0,0,1,0,0
2023-09-09 19:00:00,8,20,6,404,0,22.7,5.5,0.0,0,0,1,0,0,0,0,1,0,0
2023-09-09 23:00:00,11,0,2,163,0,22.7,5.5,0.0,0,0,1,0,0,0,0,1,0,0
2023-09-09 22:00:00,6,23,3,205,0,22.7,5.5,0.0,0,0,1,0,0,0,0,1,0,0
2023-09-09 06:00:00,1,7,3,52,0,22.7,5.5,0.0,0,0,1,0,0,0,0,1,0,0
2023-09-09 02:00:00,3,3,2,78,0,22.7,5.5,0.0,0,0,1,0,0,0,0,1,0,0
2023-09-11 14:00:00,17,15,28,1928,0,17.4,12.5,0.0,0,1,0,0,0,0,0,1,0,0
2023-09-11 16:00:00,7,17,26,1799,0,17.4,12.5,0.0,0,1,0,0,0,0,0,1,0,0
2023-09-11 10:00:00,12,11,25,2307,0,17.4,12.5,0.0,0,1,0,0,0,0,0,1,0,0
2023-09-11 11:00:00,8,12,22,2268,0,17.4,12.5,0.0,0,1,0,0,0,0,0,1,0,0
2023-09-11 08:00:00,14,9,15,824,0,17.4,12.5,0.0,0,1,0,0,0,0,0,1,0,0
2023-09-11 17:00:00,1,18,14,2095,0,17.4,12.5,0.0,0,1,0,0,0,0,0,1,0,0
2023-09-11 09:00:00,17,10,11,1154,0,17.4,12.5,0.0,0,1,0,0,0,0,0,1,0,0
2023-09-09 07:00:00,6,8,1,146,0,22.7,5.5,0.0,0,0,1,0,0,0,0,1,0,0
2023-09-09 05:00:00,5,6,1,34,0,22.7,5.5,0.0,0,0,1,0,0,0,0,1,0,0
2023-09-09 04:00:00,3,5,1,17,0,22.7,5.5,0.0,0,0,1,0,0,0,0,1,0,0
2023-09-09 03:00:00,7,4,0,78,0,22.7,5.5,0.0,0,0,1,0,0,0,0,1,0,0
2023-09-09 00:00:00,5,1,0,131,0,22.7,5.5,0.0,0,0,1,0,0,0,0,1,0,0
2023-09-09 01:00:00,5,2,0,118,0,22.7,5.5,0.0,0,0,1,0,0,0,0,1,0,0
2023-09-10 22:00:00,47,23,0,154,0,20.5,5.5,21.4,0,0,0,1,0,0,0,1,0,0
2023-09-10 12:00:00,15,13,8,1909,0,20.5,5.5,21.4,0,0,0,1,0,0,0,1,0,0
2023-09-10 21:00:00,39,22,0,240,0,20.5,5.5,21.4,0,0,0,1,0,0,0,1,0,0
2023-09-10 23:00:00,5,0,0,67,0,20.5,5.5,21.4,0,0,0,1,0,0,0,1,0,0
2023-09-10 04:00:00,2,5,0,17,0,20.5,5.5,21.4,0,0,0,1,0,0,0,1,0,0
2023-09-10 05:00:00,1,6,0,14,0,20.5,5.5,21.4,0,0,0,1,0,0,0,1,0,0
2023-09-11 13:00:00,13,14,34,2666,0,17.4,12.5,0.0,0,1,0,0,0,0,0,1,0,0
2023-09-11 15:00:00,26,16,33,1849,0,17.4,12.5,0.0,0,1,0,0,0,0,0,1,0,0
2023-09-11 12:00:00,19,13,31,2264,0,17.4,12.5,0.0,0,1,0,0,0,0,0,1,0,0
2023-09-10 09:00:00,3,10,8,300,0,20.5,5.5,21.4,0,0,0,1,0,0,0,1,0,0
2023-09-10 07:00:00,13,8,3,31,0,20.5,5.5,21.4,0,0,0,1,0,0,0,1,0,0
2023-09-10 03:00:00,12,4,3,107,0,20.5,5.5,21.4,0,0,0,1,0,0,0,1,0,0
2023-09-10 14:00:00,8,15,21,2448,0,20.5,5.5,21.4,0,0,0,1,0,0,0,1,0,0
2023-09-10 16:00:00,6,17,20,945,0,20.5,5.5,21.4,0,0,0,1,0,0,0,1,0,0
2023-09-10 11:00:00,5,12,20,1273,0,20.5,5.5,21.4,0,0,0,1,0,0,0,1,0,0
2023-09-10 13:00:00,16,14,15,2875,0,20.5,5.5,21.4,0,0,0,1,0,0,0,1,0,0
2023-09-10 15:00:00,7,16,14,1886,0,20.5,5.5,21.4,0,0,0,1,0,0,0,1,0,0
2023-09-10 10:00:00,18,11,11,735,0,20.5,5.5,21.4,0,0,0,1,0,0,0,1,0,0
2023-09-10 02:00:00,5,3,3,175,0,20.5,5.5,21.4,0,0,0,1,0,0,0,1,0,0
2023-09-10 18:00:00,65,19,7,400,0,20.5,5.5,21.4,0,0,0,1,0,0,0,1,0,0
2023-09-10 19:00:00,50,20,4,247,0,20.5,5.5,21.4,0,0,0,1,0,0,0,1,0,0
2023-09-10 08:00:00,12,9,4,93,0,20.5,5.5,21.4,0,0,0,1,0,0,0,1,0,0
2023-09-10 20:00:00,31,21,2,237,0,20.5,5.5,21.4,0,0,0,1,0,0,0,1,0,0
2023-09-10 01:00:00,10,2,2,161,0,20.5,5.5,21.4,0,0,0,1,0,0,0,1,0,0
2023-09-10 06:00:00,2,7,2,40,0,20.5,5.5,21.4,0,0,0,1,0,0,0,1,0,0
2023-09-10 17:00:00,0,18,2,252,0,20.5,5.5,21.4,0,0,0,1,0,0,0,1,0,0
2023-09-10 00:00:00,4,1,1,216,0,20.5,5.5,21.4,0,0,0,1,0,0,0,1,0,0
2023-09-11 18:00:00,1,19,8,873,0,17.4,12.5,0.0,0,1,0,0,0,0,0,1,0,0
2023-09-11 19:00:00,1,20,4,710,0,17.4,12.5,0.0,0,1,0,0,0,0,0,1,0,0
2023-09-11 21:00:00,1,22,4,391,0,17.4,12.5,0.0,0,1,0,0,0,0,0,1,0,0
2023-09-11 07:00:00,12,8,3,281,0,17.4,12.5,0.0,0,1,0,0,0,0,0,1,0,0
2023-09-11 20:00:00,0,21,2,580,0,17.4,12.5,0.0,0,1,0,0,0,0,0,1,0,0
2023-09-11 06:00:00,5,7,1,67,0,17.4,12.5,0.0,0,1,0,0,0,0,0,1,0,0
2023-09-11 22:00:00,0,23,1,238,0,17.4,12.5,0.0,0,1,0,0,0,0,0,1,0,0
2023-09-11 02:00:00,4,3,0,21,0,17.4,12.5,0.0,0,1,0,0,0,0,0,1,0,0
2023-09-11 05:00:00,3,6,0,41,0,17.4,12.5,0.0,0,1,0,0,0,0,0,1,0,0
2023-09-11 00:00:00,2,1,0,60,0,17.4,12.5,0.0,0,1,0,0,0,0,0,1,0,0
2023-09-11 01:00:00,2,2,0,9,0,17.4,12.5,0.0,0,1,0,0,0,0,0,1,0,0
2023-09-11 03:00:00,2,4,0,9,0,17.4,12.5,0.0,0,1,0,0,0,0,0,1,0,0
2023-09-11 23:00:00,1,0,0,76,0,17.4,12.5,0.0,0,1,0,0,0,0,0,1,0,0
2023-09-11 04:00:00,1,5,0,5,0,17.4,12.5,0.0,0,1,0,0,0,0,0,1,0,0
2023-09-12 14:00:00,19,15,35,2423,0,15.6,8.2,0.0,0,0,0,0,0,1,0,1,0,0
2023-09-12 13:00:00,13,14,26,2949,0,15.6,8.2,0.0,0,0,0,0,0,1,0,1,0,0
2023-09-12 04:00:00,0,5,0,5,0,15.6,8.2,0.0,0,0,0,0,0,1,0,1,0,0
2023-09-12 19:00:00,7,20,10,358,0,15.6,8.2,0.0,0,0,0,0,0,1,0,1,0,0
2023-09-13 11:00:00,12,12,20,2572,0,18.3,5.5,1.8,0,0,0,0,0,0,1,1,0,0
2023-09-12 06:00:00,7,7,7,78,0,15.6,8.2,0.0,0,0,0,0,0,1,0,1,0,0
2023-09-12 07:00:00,16,8,6,221,0,15.6,8.2,0.0,0,0,0,0,0,1,0,1,0,0
2023-09-12 20:00:00,6,21,5,723,0,15.6,8.2,0.0,0,0,0,0,0,1,0,1,0,0
2023-09-12 18:00:00,14,19,4,427,0,15.6,8.2,0.0,0,0,0,0,0,1,0,1,0,0
2023-09-13 15:00:00,3,16,17,2414,0,18.3,5.5,1.8,0,0,0,0,0,0,1,1,0,0
2023-09-13 14:00:00,13,15,13,2593,0,18.3,5.5,1.8,0,0,0,0,0,0,1,1,0,0
2023-09-13 09:00:00,15,10,10,1176,0,18.3,5.5,1.8,0,0,0,0,0,0,1,1,0,0
2023-09-13 10:00:00,21,11,9,1829,0,18.3,5.5,1.8,0,0,0,0,0,0,1,1,0,0
2023-09-13 16:00:00,26,17,8,2472,0,18.3,5.5,1.8,0,0,0,0,0,0,1,1,0,0
2023-09-13 17:00:00,6,18,8,1211,0,18.3,5.5,1.8,0,0,0,0,0,0,1,1,0,0
2023-09-13 08:00:00,6,9,7,651,0,18.3,5.5,1.8,0,0,0,0,0,0,1,1,0,0
2023-09-13 21:00:00,6,22,7,216,0,18.3,5.5,1.8,0,0,0,0,0,0,1,1,0,0
2023-09-12 16:00:00,17,17,19,2020,0,15.6,8.2,0.0,0,0,0,0,0,1,0,1,0,0
2023-09-12 15:00:00,10,16,19,2278,0,15.6,8.2,0.0,0,0,0,0,0,1,0,1,0,0
2023-09-12 12:00:00,9,13,18,3067,0,15.6,8.2,0.0,0,0,0,0,0,1,0,1,0,0
2023-09-12 10:00:00,25,11,16,2114,0,15.6,8.2,0.0,0,0,0,0,0,1,0,1,0,0
2023-09-12 09:00:00,23,10,16,1561,0,15.6,8.2,0.0,0,0,0,0,0,1,0,1,0,0
2023-09-12 08:00:00,15,9,14,770,0,15.6,8.2,0.0,0,0,0,0,0,1,0,1,0,0
2023-09-12 11:00:00,10,12,14,2349,0,15.6,8.2,0.0,0,0,0,0,0,1,0,1,0,0
2023-09-12 17:00:00,9,18,14,1234,0,15.6,8.2,0.0,0,0,0,0,0,1,0,1,0,0
2023-09-12 21:00:00,4,22,1,420,0,15.6,8.2,0.0,0,0,0,0,0,1,0,1,0,0
2023-09-12 22:00:00,3,23,1,236,0,15.6,8.2,0.0,0,0,0,0,0,1,0,1,0,0
2023-09-12 05:00:00,2,6,1,31,0,15.6,8.2,0.0,0,0,0,0,0,1,0,1,0,0
2023-09-12 00:00:00,1,1,1,49,0,15.6,8.2,0.0,0,0,0,0,0,1,0,1,0,0
2023-09-12 01:00:00,4,2,0,18,0,15.6,8.2,0.0,0,0,0,0,0,1,0,1,0,0
2023-09-12 03:00:00,3,4,0,4,0,15.6,8.2,0.0,0,0,0,0,0,1,0,1,0,0
2023-09-12 23:00:00,2,0,0,46,0,15.6,8.2,0.0,0,0,0,0,0,1,0,1,0,0
2023-09-12 02:00:00,2,3,0,18,0,15.6,8.2,0.0,0,0,0,0,0,1,0,1,0,0
2023-09-13 12:00:00,12,13,26,2984,0,18.3,5.5,1.8,0,0,0,0,0,0,1,1,0,0
2023-09-14 12:00:00,16,13,19,3056,0,14.5,10.6,0.0,0,0,0,0,1,0,0,1,0,0
2023-09-13 13:00:00,17,14,6,2786,0,18.3,5.5,1.8,0,0,0,0,0,0,1,1,0,0
2023-09-14 01:00:00,10,2,1,29,0,14.5,10.6,0.0,0,0,0,0,1,0,0,1,0,0
2023-09-14 13:00:00,11,14,17,3197,0,14.5,10.6,0.0,0,0,0,0,1,0,0,1,0,0
2023-09-14 20:00:00,8,21,1,242,0,14.5,10.6,0.0,0,0,0,0,1,0,0,1,0,0
2023-09-14 06:00:00,4,7,1,52,0,14.5,10.6,0.0,0,0,0,0,1,0,0,1,0,0
2023-09-15 17:00:00,17,18,14,1322,0,15.5,9.8,13.2,1,0,0,0,0,0,0,1,0,0
2023-09-14 10:00:00,11,11,14,2095,0,14.5,10.6,0.0,0,0,0,0,1,0,0,1,0,0
2023-09-14 11:00:00,9,12,12,2525,0,14.5,10.6,0.0,0,0,0,0,1,0,0,1,0,0
2023-09-14 18:00:00,22,19,11,592,0,14.5,10.6,0.0,0,0,0,0,1,0,0,1,0,0
2023-09-14 16:00:00,25,17,9,2215,0,14.5,10.6,0.0,0,0,0,0,1,0,0,1,0,0
2023-09-14 15:00:00,10,16,9,2497,0,14.5,10.6,0.0,0,0,0,0,1,0,0,1,0,0
2023-09-14 09:00:00,9,10,8,1454,0,14.5,10.6,0.0,0,0,0,0,1,0,0,1,0,0
2023-09-14 19:00:00,21,20,7,420,0,14.5,10.6,0.0,0,0,0,0,1,0,0,1,0,0
2023-09-14 08:00:00,10,9,7,748,0,14.5,10.6,0.0,0,0,0,0,1,0,0,1,0,0
2023-09-13 07:00:00,11,8,1,215,0,18.3,5.5,1.8,0,0,0,0,0,0,1,1,0,0
2023-09-15 11:00:00,14,12,13,2653,0,15.5,9.8,13.2,1,0,0,0,0,0,0,1,0,0
2023-09-13 06:00:00,5,7,5,46,0,18.3,5.5,1.8,0,0,0,0,0,0,1,1,0,0
2023-09-13 18:00:00,20,19,4,628,0,18.3,5.5,1.8,0,0,0,0,0,0,1,1,0,0
2023-09-13 19:00:00,14,20,4,311,0,18.3,5.5,1.8,0,0,0,0,0,0,1,1,0,0
2023-09-13 20:00:00,11,21,2,292,0,18.3,5.5,1.8,0,0,0,0,0,0,1,1,0,0
2023-09-13 00:00:00,1,1,1,36,0,18.3,5.5,1.8,0,0,0,0,0,0,1,1,0,0
2023-09-14 07:00:00,7,8,4,178,0,14.5,10.6,0.0,0,0,0,0,1,0,0,1,0,0
2023-09-14 21:00:00,17,22,3,238,0,14.5,10.6,0.0,0,0,0,0,1,0,0,1,0,0
2023-09-14 22:00:00,10,23,2,146,0,14.5,10.6,0.0,0,0,0,0,1,0,0,1,0,0
2023-09-15 16:00:00,9,17,20,1967,0,15.5,9.8,13.2,1,0,0,0,0,0,0,1,0,0
2023-09-15 12:00:00,17,13,18,3178,0,15.5,9.8,13.2,1,0,0,0,0,0,0,1,0,0
2023-09-15 14:00:00,4,15,17,2365,0,15.5,9.8,13.2,1,0,0,0,0,0,0,1,0,0
2023-09-15 13:00:00,6,14,16,2931,0,15.5,9.8,13.2,1,0,0,0,0,0,0,1,0,0
2023-09-15 08:00:00,16,9,11,697,0,15.5,9.8,13.2,1,0,0,0,0,0,0,1,0,0
2023-09-15 07:00:00,15,8,10,201,0,15.5,9.8,13.2,1,0,0,0,0,0,0,1,0,0
2023-09-15 18:00:00,20,19,9,389,0,15.5,9.8,13.2,1,0,0,0,0,0,0,1,0,0
2023-09-14 00:00:00,10,1,0,69,0,14.5,10.6,0.0,0,0,0,0,1,0,0,1,0,0
2023-09-15 10:00:00,15,11,9,2279,0,15.5,9.8,13.2,1,0,0,0,0,0,0,1,0,0
2023-09-15 09:00:00,19,10,6,1555,0,15.5,9.8,13.2,1,0,0,0,0,0,0,1,0,0
2023-09-15 15:00:00,11,16,6,2317,0,15.5,9.8,13.2,1,0,0,0,0,0,0,1,0,0
2023-09-14 23:00:00,4,0,0,79,0,14.5,10.6,0.0,0,0,0,0,1,0,0,1,0,0
2023-09-14 17:00:00,6,18,29,1761,0,14.5,10.6,0.0,0,0,0,0,1,0,0,1,0,0
2023-09-14 05:00:00,4,6,0,56,0,14.5,10.6,0.0,0,0,0,0,1,0,0,1,0,0
2023-09-14 03:00:00,4,4,0,7,0,14.5,10.6,0.0,0,0,0,0,1,0,0,1,0,0
2023-09-14 02:00:00,3,3,0,27,0,14.5,10.6,0.0,0,0,0,0,1,0,0,1,0,0
2023-09-14 04:00:00,1,5,0,9,0,14.5,10.6,0.0,0,0,0,0,1,0,0,1,0,0
2023-09-13 22:00:00,7,23,0,138,0,18.3,5.5,1.8,0,0,0,0,0,0,1,1,0,0
2023-09-13 05:00:00,5,6,0,22,0,18.3,5.5,1.8,0,0,0,0,0,0,1,1,0,0
2023-09-13 23:00:00,4,0,0,46,0,18.3,5.5,1.8,0,0,0,0,0,0,1,1,0,0
2023-09-13 03:00:00,3,4,0,9,0,18.3,5.5,1.8,0,0,0,0,0,0,1,1,0,0
2023-09-13 02:00:00,2,3,0,29,0,18.3,5.5,1.8,0,0,0,0,0,0,1,1,0,0
2023-09-13 01:00:00,2,2,0,18,0,18.3,5.5,1.8,0,0,0,0,0,0,1,1,0,0
2023-09-14 14:00:00,19,15,21,2508,0,14.5,10.6,0.0,0,0,0,0,1,0,0,1,0,0
2023-09-13 04:00:00,2,5,0,10,0,18.3,5.5,1.8,0,0,0,0,0,0,1,1,0,0
2023-09-17 16:00:00,1,17,6,1630,0,16.0,6.8,9.0,0,0,0,1,0,0,0,1,0,0
2023-09-17 17:00:00,0,18,6,455,0,16.0,6.8,9.0,0,0,0,1,0,0,0,1,0,0
2023-09-17 09:00:00,5,10,3,184,0,16.0,6.8,9.0,0,0,0,1,0,0,0,1,0,0
2023-09-16 22:00:00,9,23,0,408,0,14.9,9.2,0.0,0,0,1,0,0,0,0,1,0,0
2023-09-16 05:00:00,3,6,0,41,0,14.9,9.2,0.0,0,0,1,0,0,0,0,1,0,0
2023-09-16 23:00:00,2,0,0,150,0,14.9,9.2,0.0,0,0,1,0,0,0,0,1,0,0
2023-09-16 03:00:00,2,4,0,34,0,14.9,9.2,0.0,0,0,1,0,0,0,0,1,0,0
2023-09-16 00:00:00,1,1,0,99,0,14.9,9.2,0.0,0,0,1,0,0,0,0,1,0,0
2023-09-16 02:00:00,1,3,0,80,0,14.9,9.2,0.0,0,0,1,0,0,0,0,1,0,0
2023-09-16 01:00:00,1,2,0,58,0,14.9,9.2,0.0,0,0,1,0,0,0,0,1,0,0
2023-09-16 06:00:00,0,7,0,25,0,14.9,9.2,0.0,0,0,1,0,0,0,0,1,0,0
2023-09-16 04:00:00,0,5,0,8,0,14.9,9.2,0.0,0,0,1,0,0,0,0,1,0,0
2023-09-17 11:00:00,21,12,11,1248,0,16.0,6.8,9.0,0,0,0,1,0,0,0,1,0,0
2023-09-17 12:00:00,13,13,11,2068,0,16.0,6.8,9.0,0,0,0,1,0,0,0,1,0,0
2023-09-17 13:00:00,7,14,11,2660,0,16.0,6.8,9.0,0,0,0,1,0,0,0,1,0,0
2023-09-17 15:00:00,0,16,11,1956,0,16.0,6.8,9.0,0,0,0,1,0,0,0,1,0,0
2023-09-17 14:00:00,20,15,10,2470,0,16.0,6.8,9.0,0,0,0,1,0,0,0,1,0,0
2023-09-17 10:00:00,12,11,10,662,0,16.0,6.8,9.0,0,0,0,1,0,0,0,1,0,0
2023-09-16 14:00:00,9,15,17,3205,0,14.9,9.2,0.0,0,0,1,0,0,0,0,1,0,0
2023-09-16 16:00:00,7,17,17,2545,0,14.9,9.2,0.0,0,0,1,0,0,0,0,1,0,0
2023-09-16 11:00:00,6,12,14,2312,0,14.9,9.2,0.0,0,0,1,0,0,0,0,1,0,0
2023-09-16 10:00:00,23,11,13,1814,0,14.9,9.2,0.0,0,0,1,0,0,0,0,1,0,0
2023-09-16 15:00:00,4,16,8,2766,0,14.9,9.2,0.0,0,0,1,0,0,0,0,1,0,0
2023-09-16 17:00:00,4,18,8,1590,0,14.9,9.2,0.0,0,0,1,0,0,0,0,1,0,0
2023-09-15 20:00:00,6,21,3,208,0,15.5,9.8,13.2,1,0,0,0,0,0,0,1,0,0
2023-09-16 13:00:00,10,14,7,2989,0,14.9,9.2,0.0,0,0,1,0,0,0,0,1,0,0
2023-09-15 02:00:00,6,3,0,33,0,15.5,9.8,13.2,1,0,0,0,0,0,0,1,0,0
2023-09-15 19:00:00,5,20,0,260,0,15.5,9.8,13.2,1,0,0,0,0,0,0,1,0,0
2023-09-15 04:00:00,5,5,0,10,0,15.5,9.8,13.2,1,0,0,0,0,0,0,1,0,0
2023-09-15 01:00:00,3,2,0,35,0,15.5,9.8,13.2,1,0,0,0,0,0,0,1,0,0
2023-09-15 05:00:00,3,6,0,22,0,15.5,9.8,13.2,1,0,0,0,0,0,0,1,0,0
2023-09-15 03:00:00,2,4,0,23,0,15.5,9.8,13.2,1,0,0,0,0,0,0,1,0,0
2023-09-15 23:00:00,0,0,0,79,0,15.5,9.8,13.2,1,0,0,0,0,0,0,1,0,0
2023-09-16 12:00:00,6,13,32,2491,0,14.9,9.2,0.0,0,0,1,0,0,0,0,1,0,0
2023-09-15 06:00:00,8,7,2,65,0,15.5,9.8,13.2,1,0,0,0,0,0,0,1,0,0
2023-09-15 21:00:00,7,22,2,234,0,15.5,9.8,13.2,1,0,0,0,0,0,0,1,0,0
2023-09-15 22:00:00,7,23,2,173,0,15.5,9.8,13.2,1,0,0,0,0,0,0,1,0,0
2023-09-15 00:00:00,3,1,1,47,0,15.5,9.8,13.2,1,0,0,0,0,0,0,1,0,0
2023-09-16 08:00:00,17,9,6,616,0,14.9,9.2,0.0,0,0,1,0,0,0,0,1,0,0
2023-09-16 18:00:00,5,19,5,529,0,14.9,9.2,0.0,0,0,1,0,0,0,0,1,0,0
2023-09-16 09:00:00,37,10,4,1331,0,14.9,9.2,0.0,0,0,1,0,0,0,0,1,0,0
2023-09-16 19:00:00,9,20,4,442,0,14.9,9.2,0.0,0,0,1,0,0,0,0,1,0,0
2023-09-16 21:00:00,6,22,1,426,0,14.9,9.2,0.0,0,0,1,0,0,0,0,1,0,0
2023-09-16 20:00:00,5,21,1,641,0,14.9,9.2,0.0,0,0,1,0,0,0,0,1,0,0
2023-09-16 07:00:00,3,8,1,124,0,14.9,9.2,0.0,0,0,1,0,0,0,0,1,0,0
2023-09-19 00:00:00,1,1,1,26,0,19.3,6.9,4.7,0,0,0,0,0,1,0,1,0,0
2023-09-19 20:00:00,0,21,1,121,0,19.3,6.9,4.7,0,0,0,0,0,1,0,1,0,0
2023-09-18 02:00:00,1,3,0,7,0,11.2,11.0,1.9,0,1,0,0,0,0,0,1,0,0
2023-09-18 23:00:00,0,0,0,29,0,11.2,11.0,1.9,0,1,0,0,0,0,0,1,0,0
2023-09-19 15:00:00,14,16,13,2094,0,19.3,6.9,4.7,0,0,0,0,0,1,0,1,0,0
2023-09-18 00:00:00,0,1,0,22,0,11.2,11.0,1.9,0,1,0,0,0,0,0,1,0,0
2023-09-19 16:00:00,13,17,13,1875,0,19.3,6.9,4.7,0,0,0,0,0,1,0,1,0,0
2023-09-18 03:00:00,0,4,0,8,0,11.2,11.0,1.9,0,1,0,0,0,0,0,1,0,0
2023-09-18 04:00:00,0,5,0,5,0,11.2,11.0,1.9,0,1,0,0,0,0,0,1,0,0
2023-09-19 10:00:00,16,11,11,1641,0,19.3,6.9,4.7,0,0,0,0,0,1,0,1,0,0
2023-09-19 11:00:00,7,12,11,2255,0,19.3,6.9,4.7,0,0,0,0,0,1,0,1,0,0
2023-09-19 13:00:00,13,14,9,2656,0,19.3,6.9,4.7,0,0,0,0,0,1,0,1,0,0
2023-09-19 08:00:00,12,9,8,623,0,19.3,6.9,4.7,0,0,0,0,0,1,0,1,0,0
2023-09-19 09:00:00,22,10,7,1230,0,19.3,6.9,4.7,0,0,0,0,0,1,0,1,0,0
2023-09-19 17:00:00,20,18,5,1186,0,19.3,6.9,4.7,0,0,0,0,0,1,0,1,0,0
2023-09-19 07:00:00,8,8,5,187,0,19.3,6.9,4.7,0,0,0,0,0,1,0,1,0,0
2023-09-19 18:00:00,3,19,3,431,0,19.3,6.9,4.7,0,0,0,0,0,1,0,1,0,0
2023-09-17 20:00:00,10,21,2,192,0,16.0,6.8,9.0,0,0,0,1,0,0,0,1,0,0
2023-09-17 18:00:00,0,19,2,290,0,16.0,6.8,9.0,0,0,0,1,0,0,0,1,0,0
2023-09-18 12:00:00,19,13,17,1835,0,11.2,11.0,1.9,0,1,0,0,0,0,0,1,0,0
2023-09-18 11:00:00,6,12,7,1133,0,11.2,11.0,1.9,0,1,0,0,0,0,0,1,0,0
2023-09-18 15:00:00,13,16,15,2406,0,11.2,11.0,1.9,0,1,0,0,0,0,0,1,0,0
2023-09-18 13:00:00,3,14,14,2822,0,11.2,11.0,1.9,0,1,0,0,0,0,0,1,0,0
2023-09-18 17:00:00,9,18,11,1993,0,11.2,11.0,1.9,0,1,0,0,0,0,0,1,0,0
2023-09-18 09:00:00,41,10,10,1225,0,11.2,11.0,1.9,0,1,0,0,0,0,0,1,0,0
2023-09-18 10:00:00,15,11,8,1810,0,11.2,11.0,1.9,0,1,0,0,0,0,0,1,0,0
2023-09-17 07:00:00,6,8,0,61,0,16.0,6.8,9.0,0,0,0,1,0,0,0,1,0,0
2023-09-17 02:00:00,3,3,0,127,0,16.0,6.8,9.0,0,0,0,1,0,0,0,1,0,0
2023-09-18 07:00:00,19,8,1,211,0,11.2,11.0,1.9,0,1,0,0,0,0,0,1,0,0
2023-09-19 12:00:00,12,13,20,2586,0,19.3,6.9,4.7,0,0,0,0,0,1,0,1,0,0
2023-09-19 14:00:00,9,15,14,2070,0,19.3,6.9,4.7,0,0,0,0,0,1,0,1,0,0
2023-09-17 01:00:00,2,2,0,105,0,16.0,6.8,9.0,0,0,0,1,0,0,0,1,0,0
2023-09-18 14:00:00,27,15,6,2393,0,11.2,11.0,1.9,0,1,0,0,0,0,0,1,0,0
2023-09-17 00:00:00,0,1,0,160,0,16.0,6.8,9.0,0,0,0,1,0,0,0,1,0,0
2023-09-18 06:00:00,1,7,1,61,0,11.2,11.0,1.9,0,1,0,0,0,0,0,1,0,0
2023-09-18 01:00:00,0,2,1,19,0,11.2,11.0,1.9,0,1,0,0,0,0,0,1,0,0
2023-09-17 06:00:00,0,7,0,40,0,16.0,6.8,9.0,0,0,0,1,0,0,0,1,0,0
2023-09-17 03:00:00,0,4,0,38,0,16.0,6.8,9.0,0,0,0,1,0,0,0,1,0,0
2023-09-17 23:00:00,0,0,0,32,0,16.0,6.8,9.0,0,0,0,1,0,0,0,1,0,0
2023-09-17 04:00:00,0,5,0,10,0,16.0,6.8,9.0,0,0,0,1,0,0,0,1,0,0
2023-09-17 05:00:00,0,6,0,9,0,16.0,6.8,9.0,0,0,0,1,0,0,0,1,0,0
2023-09-17 21:00:00,9,22,1,181,0,16.0,6.8,9.0,0,0,0,1,0,0,0,1,0,0
2023-09-17 19:00:00,1,20,1,206,0,16.0,6.8,9.0,0,0,0,1,0,0,0,1,0,0
2023-09-17 22:00:00,1,23,1,131,0,16.0,6.8,9.0,0,0,0,1,0,0,0,1,0,0
2023-09-17 08:00:00,1,9,1,83,0,16.0,6.8,9.0,0,0,0,1,0,0,0,1,0,0
2023-09-18 19:00:00,0,20,4,676,0,11.2,11.0,1.9,0,1,0,0,0,0,0,1,0,0
2023-09-18 16:00:00,16,17,29,2651,0,11.2,11.0,1.9,0,1,0,0,0,0,0,1,0,0
2023-09-18 18:00:00,4,19,2,840,0,11.2,11.0,1.9,0,1,0,0,0,0,0,1,0,0
2023-09-18 08:00:00,18,9,19,616,0,11.2,11.0,1.9,0,1,0,0,0,0,0,1,0,0
2023-09-18 05:00:00,3,6,0,22,0,11.2,11.0,1.9,0,1,0,0,0,0,0,1,0,0
2023-09-18 20:00:00,2,21,0,366,0,11.2,11.0,1.9,0,1,0,0,0,0,0,1,0,0
2023-09-18 21:00:00,1,22,0,262,0,11.2,11.0,1.9,0,1,0,0,0,0,0,1,0,0
2023-09-18 22:00:00,1,23,0,106,0,11.2,11.0,1.9,0,1,0,0,0,0,0,1,0,0
2023-09-19 21:00:00,8,22,0,89,0,19.3,6.9,4.7,0,0,0,0,0,1,0,1,0,0
2023-09-19 06:00:00,5,7,0,46,0,19.3,6.9,4.7,0,0,0,0,0,1,0,1,0,0
2023-09-19 01:00:00,4,2,0,12,0,19.3,6.9,4.7,0,0,0,0,0,1,0,1,0,0
2023-09-19 02:00:00,4,3,0,11,0,19.3,6.9,4.7,0,0,0,0,0,1,0,1,0,0
2023-09-19 19:00:00,3,20,0,198,0,19.3,6.9,4.7,0,0,0,0,0,1,0,1,0,0
2023-09-19 22:00:00,3,23,0,45,0,19.3,6.9,4.7,0,0,0,0,0,1,0,1,0,0
2023-09-19 05:00:00,1,6,0,37,0,19.3,6.9,4.7,0,0,0,0,0,1,0,1,0,0
2023-09-19 23:00:00,0,0,0,30,0,19.3,6.9,4.7,0,0,0,0,0,1,0,1,0,0
2023-09-19 04:00:00,0,5,0,9,0,19.3,6.9,4.7,0,0,0,0,0,1,0,1,0,0
2023-09-19 03:00:00,0,4,0,6,0,19.3,6.9,4.7,0,0,0,0,0,1,0,1,0,0
2023-09-20 17:00:00,18,18,11,1382,0,15.9,9.4,0.2,0,0,0,0,0,0,1,1,0,0
2023-09-20 12:00:00,14,13,29,3186,0,15.9,9.4,0.2,0,0,0,0,0,0,1,1,0,0
2023-09-20 15:00:00,13,16,20,2252,0,15.9,9.4,0.2,0,0,0,0,0,0,1,1,0,0
2023-09-20 14:00:00,10,15,19,2636,0,15.9,9.4,0.2,0,0,0,0,0,0,1,1,0,0
2023-09-20 11:00:00,17,12,17,2496,0,15.9,9.4,0.2,0,0,0,0,0,0,1,1,0,0
2023-09-20 16:00:00,11,17,16,1935,0,15.9,9.4,0.2,0,0,0,0,0,0,1,1,0,0
2023-09-21 11:00:00,17,12,13,3278,0,15.4,9.2,0.0,0,0,0,0,1,0,0,1,0,0
2023-09-20 08:00:00,9,9,11,646,0,15.9,9.4,0.2,0,0,0,0,0,0,1,1,0,0
2023-09-21 16:00:00,9,17,13,2624,0,15.4,9.2,0.0,0,0,0,0,1,0,0,1,0,0
2023-09-21 12:00:00,17,13,19,3884,0,15.4,9.2,0.0,0,0,0,0,1,0,0,1,0,0
2023-09-21 17:00:00,19,18,16,2099,0,15.4,9.2,0.0,0,0,0,0,1,0,0,1,0,0
2023-09-21 07:00:00,15,8,5,297,0,15.4,9.2,0.0,0,0,0,0,1,0,0,1,0,0
2023-09-21 22:00:00,8,23,4,108,0,15.4,9.2,0.0,0,0,0,0,1,0,0,1,0,0
2023-09-21 14:00:00,8,15,11,2885,0,15.4,9.2,0.0,0,0,0,0,1,0,0,1,0,0
2023-09-20 06:00:00,4,7,0,36,0,15.9,9.4,0.2,0,0,0,0,0,0,1,1,0,0
2023-09-20 20:00:00,2,21,0,228,0,15.9,9.4,0.2,0,0,0,0,0,0,1,1,0,0
2023-09-21 10:00:00,25,11,10,2689,0,15.4,9.2,0.0,0,0,0,0,1,0,0,1,0,0
2023-09-20 21:00:00,2,22,0,133,0,15.9,9.4,0.2,0,0,0,0,0,0,1,1,0,0
2023-09-20 23:00:00,2,0,0,70,0,15.9,9.4,0.2,0,0,0,0,0,0,1,1,0,0
2023-09-20 04:00:00,2,5,0,27,0,15.9,9.4,0.2,0,0,0,0,0,0,1,1,0,0
2023-09-20 07:00:00,12,8,1,174,0,15.9,9.4,0.2,0,0,0,0,0,0,1,1,0,0
2023-09-20 13:00:00,9,14,10,2873,0,15.9,9.4,0.2,0,0,0,0,0,0,1,1,0,0
2023-09-20 18:00:00,2,19,10,393,0,15.9,9.4,0.2,0,0,0,0,0,0,1,1,0,0
2023-09-20 02:00:00,1,3,0,5,0,15.9,9.4,0.2,0,0,0,0,0,0,1,1,0,0
2023-09-20 22:00:00,0,23,0,127,0,15.9,9.4,0.2,0,0,0,0,0,0,1,1,0,0
2023-09-21 09:00:00,32,10,9,1985,0,15.4,9.2,0.0,0,0,0,0,1,0,0,1,0,0
2023-09-20 05:00:00,0,6,0,28,0,15.9,9.4,0.2,0,0,0,0,0,0,1,1,0,0
2023-09-21 13:00:00,8,14,9,3671,0,15.4,9.2,0.0,0,0,0,0,1,0,0,1,0,0
2023-09-20 00:00:00,0,1,0,27,0,15.9,9.4,0.2,0,0,0,0,0,0,1,1,0,0
2023-09-20 01:00:00,0,2,0,6,0,15.9,9.4,0.2,0,0,0,0,0,0,1,1,0,0
2023-09-20 03:00:00,0,4,0,1,0,15.9,9.4,0.2,0,0,0,0,0,0,1,1,0,0
2023-09-21 15:00:00,5,16,8,2978,0,15.4,9.2,0.0,0,0,0,0,1,0,0,1,0,0
2023-09-21 23:00:00,7,0,2,109,0,15.4,9.2,0.0,0,0,0,0,1,0,0,1,0,0
2023-09-21 18:00:00,25,19,7,713,0,15.4,9.2,0.0,0,0,0,0,1,0,0,1,0,0
2023-09-20 10:00:00,25,11,6,1966,0,15.9,9.4,0.2,0,0,0,0,0,0,1,1,0,0
2023-09-21 20:00:00,5,21,2,285,0,15.4,9.2,0.0,0,0,0,0,1,0,0,1,0,0
2023-09-20 09:00:00,23,10,6,1058,0,15.9,9.4,0.2,0,0,0,0,0,0,1,1,0,0
2023-09-21 08:00:00,12,9,6,1123,0,15.4,9.2,0.0,0,0,0,0,1,0,0,1,0,0
2023-09-20 19:00:00,1,20,5,262,0,15.9,9.4,0.2,0,0,0,0,0,0,1,1,0,0
2023-09-21 21:00:00,13,22,1,222,0,15.4,9.2,0.0,0,0,0,0,1,0,0,1,0,0
2023-09-21 19:00:00,12,20,1,415,0,15.4,9.2,0.0,0,0,0,0,1,0,0,1,0,0
2023-09-23 18:00:00,8,19,9,768,0,18.3,6.9,1.2,0,0,1,0,0,0,0,1,0,0
2023-09-22 12:00:00,12,13,14,2954,0,11.2,8.2,0.0,1,0,0,0,0,0,0,1,0,0
2023-09-21 01:00:00,10,2,1,25,0,15.4,9.2,0.0,0,0,0,0,1,0,0,1,0,0
2023-09-22 02:00:00,8,3,0,45,0,11.2,8.2,0.0,1,0,0,0,0,0,0,1,0,0
2023-09-22 09:00:00,12,10,14,1267,0,11.2,8.2,0.0,1,0,0,0,0,0,0,1,0,0
2023-09-22 03:00:00,6,4,0,13,0,11.2,8.2,0.0,1,0,0,0,0,0,0,1,0,0
2023-09-21 05:00:00,1,6,1,50,0,15.4,9.2,0.0,0,0,0,0,1,0,0,1,0,0
2023-09-23 09:00:00,13,10,8,1226,0,18.3,6.9,1.2,0,0,1,0,0,0,0,1,0,0
2023-09-23 21:00:00,2,22,7,290,0,18.3,6.9,1.2,0,0,1,0,0,0,0,1,0,0
2023-09-23 08:00:00,10,9,4,446,0,18.3,6.9,1.2,0,0,1,0,0,0,0,1,0,0
2023-09-23 07:00:00,9,8,3,110,0,18.3,6.9,1.2,0,0,1,0,0,0,0,1,0,0
2023-09-22 05:00:00,4,6,0,51,0,11.2,8.2,0.0,1,0,0,0,0,0,0,1,0,0
2023-09-21 04:00:00,1,5,1,9,0,15.4,9.2,0.0,0,0,0,0,1,0,0,1,0,0
2023-09-22 22:00:00,3,23,0,291,0,11.2,8.2,0.0,1,0,0,0,0,0,0,1,0,0
2023-09-22 07:00:00,16,8,3,240,0,11.2,8.2,0.0,1,0,0,0,0,0,0,1,0,0
2023-09-22 10:00:00,12,11,11,2110,0,11.2,8.2,0.0,1,0,0,0,0,0,0,1,0,0
2023-09-22 13:00:00,14,14,10,3584,0,11.2,8.2,0.0,1,0,0,0,0,0,0,1,0,0
2023-09-22 08:00:00,8,9,8,634,0,11.2,8.2,0.0,1,0,0,0,0,0,0,1,0,0
2023-09-22 19:00:00,18,20,7,373,0,11.2,8.2,0.0,1,0,0,0,0,0,0,1,0,0
2023-09-22 20:00:00,1,21,6,594,0,11.2,8.2,0.0,1,0,0,0,0,0,0,1,0,0
2023-09-22 11:00:00,12,12,3,2704,0,11.2,8.2,0.0,1,0,0,0,0,0,0,1,0,0
2023-09-22 04:00:00,1,5,0,8,0,11.2,8.2,0.0,1,0,0,0,0,0,0,1,0,0
2023-09-23 12:00:00,7,13,19,3655,0,18.3,6.9,1.2,0,0,1,0,0,0,0,1,0,0
2023-09-23 13:00:00,9,14,23,4048,0,18.3,6.9,1.2,0,0,1,0,0,0,0,1,0,0
2023-09-23 14:00:00,6,15,23,3759,0,18.3,6.9,1.2,0,0,1,0,0,0,0,1,0,0
2023-09-22 15:00:00,15,16,25,3431,0,11.2,8.2,0.0,1,0,0,0,0,0,0,1,0,0
2023-09-22 18:00:00,22,19,18,465,0,11.2,8.2,0.0,1,0,0,0,0,0,0,1,0,0
2023-09-22 16:00:00,19,17,17,2480,0,11.2,8.2,0.0,1,0,0,0,0,0,0,1,0,0
2023-09-22 14:00:00,17,15,17,3650,0,11.2,8.2,0.0,1,0,0,0,0,0,0,1,0,0
2023-09-22 17:00:00,10,18,17,1566,0,11.2,8.2,0.0,1,0,0,0,0,0,0,1,0,0
2023-09-22 01:00:00,12,2,2,61,0,11.2,8.2,0.0,1,0,0,0,0,0,0,1,0,0
2023-09-23 19:00:00,4,20,2,341,0,18.3,6.9,1.2,0,0,1,0,0,0,0,1,0,0
2023-09-23 22:00:00,3,23,2,241,0,18.3,6.9,1.2,0,0,1,0,0,0,0,1,0,0
2023-09-23 04:00:00,1,5,1,10,0,18.3,6.9,1.2,0,0,1,0,0,0,0,1,0,0
2023-09-23 01:00:00,0,2,1,60,0,18.3,6.9,1.2,0,0,1,0,0,0,0,1,0,0
2023-09-21 06:00:00,7,7,0,67,0,15.4,9.2,0.0,0,0,0,0,1,0,0,1,0,0
2023-09-21 03:00:00,7,4,0,7,0,15.4,9.2,0.0,0,0,0,0,1,0,0,1,0,0
2023-09-21 00:00:00,6,1,0,82,0,15.4,9.2,0.0,0,0,0,0,1,0,0,1,0,0
2023-09-21 02:00:00,6,3,0,55,0,15.4,9.2,0.0,0,0,0,0,1,0,0,1,0,0
2023-09-23 15:00:00,18,16,13,2799,0,18.3,6.9,1.2,0,0,1,0,0,0,0,1,0,0
2023-09-23 17:00:00,14,18,13,1553,0,18.3,6.9,1.2,0,0,1,0,0,0,0,1,0,0
2023-09-22 06:00:00,9,7,1,53,0,11.2,8.2,0.0,1,0,0,0,0,0,0,1,0,0
2023-09-22 00:00:00,7,1,1,95,0,11.2,8.2,0.0,1,0,0,0,0,0,0,1,0,0
2023-09-22 21:00:00,4,22,1,353,0,11.2,8.2,0.0,1,0,0,0,0,0,0,1,0,0
2023-09-22 23:00:00,2,0,1,138,0,11.2,8.2,0.0,1,0,0,0,0,0,0,1,0,0
2023-09-23 10:00:00,26,11,10,2252,0,18.3,6.9,1.2,0,0,1,0,0,0,0,1,0,0
2023-09-23 11:00:00,15,12,10,3268,0,18.3,6.9,1.2,0,0,1,0,0,0,0,1,0,0
2023-09-23 16:00:00,13,17,10,2140,0,18.3,6.9,1.2,0,0,1,0,0,0,0,1,0,0
2023-09-23 20:00:00,10,21,10,320,0,18.3,6.9,1.2,0,0,1,0,0,0,0,1,0,0
2023-09-25 19:00:00,5,20,2,360,0,16.7,12.4,0.0,0,1,0,0,0,0,0,1,0,0
2023-09-25 15:00:00,11,16,22,1771,0,16.7,12.4,0.0,0,1,0,0,0,0,0,1,0,0
2023-09-24 00:00:00,1,1,0,96,0,18.8,9.3,2.5,0,0,0,1,0,0,0,1,0,0
2023-09-24 13:00:00,10,14,16,2572,0,18.8,9.3,2.5,0,0,0,1,0,0,0,1,0,0
2023-09-24 03:00:00,0,4,0,69,0,18.8,9.3,2.5,0,0,0,1,0,0,0,1,0,0
2023-09-24 23:00:00,0,0,0,22,0,18.8,9.3,2.5,0,0,0,1,0,0,0,1,0,0
2023-09-24 05:00:00,0,6,0,15,0,18.8,9.3,2.5,0,0,0,1,0,0,0,1,0,0
2023-09-24 04:00:00,0,5,0,5,0,18.8,9.3,2.5,0,0,0,1,0,0,0,1,0,0
2023-09-24 12:00:00,5,13,13,2365,0,18.8,9.3,2.5,0,0,0,1,0,0,0,1,0,0
2023-09-25 11:00:00,10,12,8,2648,0,16.7,12.4,0.0,0,1,0,0,0,0,0,1,0,0
2023-09-25 17:00:00,0,18,8,1584,0,16.7,12.4,0.0,0,1,0,0,0,0,0,1,0,0
2023-09-23 06:00:00,2,7,0,39,0,18.3,6.9,1.2,0,0,1,0,0,0,0,1,0,0
2023-09-23 23:00:00,1,0,0,134,0,18.3,6.9,1.2,0,0,1,0,0,0,0,1,0,0
2023-09-25 06:00:00,5,7,1,54,0,16.7,12.4,0.0,0,1,0,0,0,0,0,1,0,0
2023-09-23 02:00:00,1,3,0,89,0,18.3,6.9,1.2,0,0,1,0,0,0,0,1,0,0
2023-09-24 17:00:00,9,18,11,507,0,18.8,9.3,2.5,0,0,0,1,0,0,0,1,0,0
2023-09-23 05:00:00,1,6,0,24,0,18.3,6.9,1.2,0,0,1,0,0,0,0,1,0,0
2023-09-23 00:00:00,0,1,0,248,0,18.3,6.9,1.2,0,0,1,0,0,0,0,1,0,0
2023-09-23 03:00:00,0,4,0,103,0,18.3,6.9,1.2,0,0,1,0,0,0,0,1,0,0
2023-09-24 15:00:00,4,16,11,2525,0,18.8,9.3,2.5,0,0,0,1,0,0,0,1,0,0
2023-09-25 08:00:00,16,9,6,626,0,16.7,12.4,0.0,0,1,0,0,0,0,0,1,0,0
2023-09-25 21:00:00,0,22,1,154,0,16.7,12.4,0.0,0,1,0,0,0,0,0,1,0,0
2023-09-25 13:00:00,16,14,43,2770,0,16.7,12.4,0.0,0,1,0,0,0,0,0,1,0,0
2023-09-25 14:00:00,15,15,29,2418,0,16.7,12.4,0.0,0,1,0,0,0,0,0,1,0,0
2023-09-25 12:00:00,19,13,27,3021,0,16.7,12.4,0.0,0,1,0,0,0,0,0,1,0,0
2023-09-25 10:00:00,10,11,17,2178,0,16.7,12.4,0.0,0,1,0,0,0,0,0,1,0,0
2023-09-25 22:00:00,0,23,1,94,0,16.7,12.4,0.0,0,1,0,0,0,0,0,1,0,0
2023-09-24 08:00:00,3,9,1,142,0,18.8,9.3,2.5,0,0,0,1,0,0,0,1,0,0
2023-09-25 16:00:00,4,17,16,1797,0,16.7,12.4,0.0,0,1,0,0,0,0,0,1,0,0
2023-09-24 02:00:00,3,3,1,65,0,18.8,9.3,2.5,0,0,0,1,0,0,0,1,0,0
2023-09-25 20:00:00,6,21,5,267,0,16.7,12.4,0.0,0,1,0,0,0,0,0,1,0,0
2023-09-25 07:00:00,6,8,2,175,0,16.7,12.4,0.0,0,1,0,0,0,0,0,1,0,0
2023-09-24 06:00:00,2,7,1,42,0,18.8,9.3,2.5,0,0,0,1,0,0,0,1,0,0
2023-09-24 16:00:00,2,17,9,1432,0,18.8,9.3,2.5,0,0,0,1,0,0,0,1,0,0
2023-09-25 09:00:00,26,10,15,1273,0,16.7,12.4,0.0,0,1,0,0,0,0,0,1,0,0
2023-09-24 07:00:00,0,8,1,61,0,18.8,9.3,2.5,0,0,0,1,0,0,0,1,0,0
2023-09-25 03:00:00,4,4,0,11,0,16.7,12.4,0.0,0,1,0,0,0,0,0,1,0,0
2023-09-25 00:00:00,3,1,0,22,0,16.7,12.4,0.0,0,1,0,0,0,0,0,1,0,0
2023-09-25 05:00:00,2,6,0,43,0,16.7,12.4,0.0,0,1,0,0,0,0,0,1,0,0
2023-09-25 23:00:00,0,0,0,33,0,16.7,12.4,0.0,0,1,0,0,0,0,0,1,0,0
2023-09-25 01:00:00,0,2,0,10,0,16.7,12.4,0.0,0,1,0,0,0,0,0,1,0,0
2023-09-25 02:00:00,0,3,0,7,0,16.7,12.4,0.0,0,1,0,0,0,0,0,1,0,0
2023-09-25 04:00:00,0,5,0,4,0,16.7,12.4,0.0,0,1,0,0,0,0,0,1,0,0
2023-09-24 10:00:00,2,11,8,810,0,18.8,9.3,2.5,0,0,0,1,0,0,0,1,0,0
2023-09-24 09:00:00,3,10,3,297,0,18.8,9.3,2.5,0,0,0,1,0,0,0,1,0,0
2023-09-24 19:00:00,1,20,2,247,0,18.8,9.3,2.5,0,0,0,1,0,0,0,1,0,0
2023-09-25 18:00:00,7,19,11,390,0,16.7,12.4,0.0,0,1,0,0,0,0,0,1,0,0
2023-09-24 18:00:00,9,19,6,261,0,18.8,9.3,2.5,0,0,0,1,0,0,0,1,0,0
2023-09-24 11:00:00,7,12,6,1793,0,18.8,9.3,2.5,0,0,0,1,0,0,0,1,0,0
2023-09-24 20:00:00,5,21,0,216,0,18.8,9.3,2.5,0,0,0,1,0,0,0,1,0,0
2023-09-24 14:00:00,1,15,6,2647,0,18.8,9.3,2.5,0,0,0,1,0,0,0,1,0,0
2023-09-24 01:00:00,4,2,0,86,0,18.8,9.3,2.5,0,0,0,1,0,0,0,1,0,0
2023-09-24 22:00:00,3,23,0,61,0,18.8,9.3,2.5,0,0,0,1,0,0,0,1,0,0
2023-09-24 21:00:00,2,22,0,149,0,18.8,9.3,2.5,0,0,0,1,0,0,0,1,0,0
2023-09-26 16:00:00,12,17,14,2034,0,15.1,11.4,0.5,0,0,0,0,0,1,0,1,0,0
2023-09-26 00:00:00,0,1,1,29,0,15.1,11.4,0.5,0,0,0,0,0,1,0,1,0,0
2023-09-27 17:00:00,5,18,17,751,0,15.6,6.3,9.4,0,0,0,0,0,0,1,1,0,0
2023-09-27 16:00:00,6,17,16,1204,0,15.6,6.3,9.4,0,0,0,0,0,0,1,1,0,0
2023-09-27 14:00:00,7,15,15,2535,0,15.6,6.3,9.4,0,0,0,0,0,0,1,1,0,0
2023-09-26 08:00:00,21,9,5,749,0,15.1,11.4,0.5,0,0,0,0,0,1,0,1,0,0
2023-09-26 07:00:00,16,8,4,199,0,15.1,11.4,0.5,0,0,0,0,0,1,0,1,0,0
2023-09-26 18:00:00,0,19,3,694,0,15.1,11.4,0.5,0,0,0,0,0,1,0,1,0,0
2023-09-26 22:00:00,0,23,3,104,0,15.1,11.4,0.5,0,0,0,0,0,1,0,1,0,0
2023-09-26 20:00:00,2,21,2,229,0,15.1,11.4,0.5,0,0,0,0,0,1,0,1,0,0
2023-09-26 13:00:00,34,14,12,2284,0,15.1,11.4,0.5,0,0,0,0,0,1,0,1,0,0
2023-09-26 10:00:00,12,11,12,1999,0,15.1,11.4,0.5,0,0,0,0,0,1,0,1,0,0
2023-09-27 12:00:00,13,13,11,2966,0,15.6,6.3,9.4,0,0,0,0,0,0,1,1,0,0
2023-09-27 20:00:00,7,21,0,163,0,15.6,6.3,9.4,0,0,0,0,0,0,1,1,0,0
2023-09-27 21:00:00,6,22,0,114,0,15.6,6.3,9.4,0,0,0,0,0,0,1,1,0,0
2023-09-27 06:00:00,5,7,0,58,0,15.6,6.3,9.4,0,0,0,0,0,0,1,1,0,0
2023-09-27 02:00:00,4,3,0,5,0,15.6,6.3,9.4,0,0,0,0,0,0,1,1,0,0
2023-09-27 19:00:00,2,20,0,205,0,15.6,6.3,9.4,0,0,0,0,0,0,1,1,0,0
2023-09-27 22:00:00,2,23,0,76,0,15.6,6.3,9.4,0,0,0,0,0,0,1,1,0,0
2023-09-27 23:00:00,0,0,0,31,0,15.6,6.3,9.4,0,0,0,0,0,0,1,1,0,0
2023-09-27 05:00:00,0,6,0,27,0,15.6,6.3,9.4,0,0,0,0,0,0,1,1,0,0
2023-09-27 00:00:00,0,1,0,16,0,15.6,6.3,9.4,0,0,0,0,0,0,1,1,0,0
2023-09-27 01:00:00,0,2,0,1,0,15.6,6.3,9.4,0,0,0,0,0,0,1,1,0,0
2023-09-27 07:00:00,11,8,2,156,0,15.6,6.3,9.4,0,0,0,0,0,0,1,1,0,0
2023-09-27 18:00:00,5,19,2,311,0,15.6,6.3,9.4,0,0,0,0,0,0,1,1,0,0
2023-09-27 04:00:00,0,5,1,7,0,15.6,6.3,9.4,0,0,0,0,0,0,1,1,0,0
2023-09-27 15:00:00,9,16,9,1799,0,15.6,6.3,9.4,0,0,0,0,0,0,1,1,0,0
2023-09-26 06:00:00,6,7,0,54,0,15.1,11.4,0.5,0,0,0,0,0,1,0,1,0,0
2023-09-26 21:00:00,3,22,0,132,0,15.1,11.4,0.5,0,0,0,0,0,1,0,1,0,0
2023-09-26 02:00:00,3,3,0,9,0,15.1,11.4,0.5,0,0,0,0,0,1,0,1,0,0
2023-09-26 19:00:00,2,20,0,326,0,15.1,11.4,0.5,0,0,0,0,0,1,0,1,0,0
2023-09-26 05:00:00,1,6,0,31,0,15.1,11.4,0.5,0,0,0,0,0,1,0,1,0,0
2023-09-27 13:00:00,10,14,7,3036,0,15.6,6.3,9.4,0,0,0,0,0,0,1,1,0,0
2023-09-26 23:00:00,0,0,0,26,0,15.1,11.4,0.5,0,0,0,0,0,1,0,1,0,0
2023-09-26 15:00:00,4,16,22,2186,0,15.1,11.4,0.5,0,0,0,0,0,1,0,1,0,0
2023-09-26 01:00:00,0,2,0,17,0,15.1,11.4,0.5,0,0,0,0,0,1,0,1,0,0
2023-09-26 03:00:00,0,4,0,10,0,15.1,11.4,0.5,0,0,0,0,0,1,0,1,0,0
2023-09-26 04:00:00,0,5,0,1,0,15.1,11.4,0.5,0,0,0,0,0,1,0,1,0,0
2023-09-27 10:00:00,16,11,6,1923,0,15.6,6.3,9.4,0,0,0,0,0,0,1,1,0,0
2023-09-27 09:00:00,16,10,6,1229,0,15.6,6.3,9.4,0,0,0,0,0,0,1,1,0,0
2023-09-26 17:00:00,5,18,7,1424,0,15.1,11.4,0.5,0,0,0,0,0,1,0,1,0,0
2023-09-27 11:00:00,23,12,5,2323,0,15.6,6.3,9.4,0,0,0,0,0,0,1,1,0,0
2023-09-26 09:00:00,38,10,18,1799,0,15.1,11.4,0.5,0,0,0,0,0,1,0,1,0,0
2023-09-26 14:00:00,13,15,16,2289,0,15.1,11.4,0.5,0,0,0,0,0,1,0,1,0,0
2023-09-26 12:00:00,8,13,16,3054,0,15.1,11.4,0.5,0,0,0,0,0,1,0,1,0,0
2023-09-26 11:00:00,11,12,15,2595,0,15.1,11.4,0.5,0,0,0,0,0,1,0,1,0,0
2023-09-27 08:00:00,16,9,3,635,0,15.6,6.3,9.4,0,0,0,0,0,0,1,1,0,0
2023-09-28 18:00:00,27,19,3,462,0,16.9,11.1,0.5,0,0,0,0,1,0,0,1,0,0
2023-09-28 08:00:00,5,9,2,685,0,16.9,11.1,0.5,0,0,0,0,1,0,0,1,0,0
2023-09-28 20:00:00,1,21,2,254,0,16.9,11.1,0.5,0,0,0,0,1,0,0,1,0,0
2023-09-28 21:00:00,5,22,1,202,0,16.9,11.1,0.5,0,0,0,0,1,0,0,1,0,0
2023-09-29 14:00:00,11,15,9,2018,0,11.2,11.2,0.0,1,0,0,0,0,0,0,1,0,0
2023-09-28 13:00:00,7,14,10,2950,0,16.9,11.1,0.5,0,0,0,0,1,0,0,1,0,0
2023-09-28 15:00:00,4,16,10,2425,0,16.9,11.1,0.5,0,0,0,0,1,0,0,1,0,0
2023-09-29 11:00:00,22,12,25,3297,0,11.2,11.2,0.0,1,0,0,0,0,0,0,1,0,0
2023-09-29 13:00:00,16,14,22,2956,0,11.2,11.2,0.0,1,0,0,0,0,0,0,1,0,0
2023-09-29 12:00:00,18,13,19,3027,0,11.2,11.2,0.0,1,0,0,0,0,0,0,1,0,0
2023-09-29 10:00:00,10,11,16,2527,0,11.2,11.2,0.0,1,0,0,0,0,0,0,1,0,0
2023-09-29 16:00:00,9,17,15,2386,0,11.2,11.2,0.0,1,0,0,0,0,0,0,1,0,0
2023-09-29 17:00:00,7,18,14,1667,0,11.2,11.2,0.0,1,0,0,0,0,0,0,1,0,0
2023-09-29 15:00:00,1,16,12,2207,0,11.2,11.2,0.0,1,0,0,0,0,0,0,1,0,0
2023-09-28 16:00:00,8,17,17,2284,0,16.9,11.1,0.5,0,0,0,0,1,0,0,1,0,0
2023-09-28 12:00:00,13,13,12,2984,0,16.9,11.1,0.5,0,0,0,0,1,0,0,1,0,0
2023-09-28 09:00:00,20,10,10,1308,0,16.9,11.1,0.5,0,0,0,0,1,0,0,1,0,0
2023-09-29 18:00:00,8,19,8,501,0,11.2,11.2,0.0,1,0,0,0,0,0,0,1,0,0
2023-09-29 08:00:00,8,9,6,801,0,11.2,11.2,0.0,1,0,0,0,0,0,0,1,0,0
2023-09-29 09:00:00,27,10,3,1522,0,11.2,11.2,0.0,1,0,0,0,0,0,0,1,0,0
2023-09-29 19:00:00,1,20,3,361,0,11.2,11.2,0.0,1,0,0,0,0,0,0,1,0,0
2023-09-29 07:00:00,7,8,2,216,0,11.2,11.2,0.0,1,0,0,0,0,0,0,1,0,0
2023-09-28 05:00:00,3,6,0,41,0,16.9,11.1,0.5,0,0,0,0,1,0,0,1,0,0
2023-09-28 22:00:00,2,23,0,129,0,16.9,11.1,0.5,0,0,0,0,1,0,0,1,0,0
2023-09-28 06:00:00,2,7,0,38,0,16.9,11.1,0.5,0,0,0,0,1,0,0,1,0,0
2023-09-28 02:00:00,2,3,0,14,0,16.9,11.1,0.5,0,0,0,0,1,0,0,1,0,0
2023-09-28 23:00:00,1,0,0,43,0,16.9,11.1,0.5,0,0,0,0,1,0,0,1,0,0
2023-09-28 00:00:00,1,1,0,28,0,16.9,11.1,0.5,0,0,0,0,1,0,0,1,0,0
2023-09-28 01:00:00,1,2,0,9,0,16.9,11.1,0.5,0,0,0,0,1,0,0,1,0,0
2023-09-28 04:00:00,0,5,0,5,0,16.9,11.1,0.5,0,0,0,0,1,0,0,1,0,0
2023-09-28 03:00:00,0,4,0,4,0,16.9,11.1,0.5,0,0,0,0,1,0,0,1,0,0
2023-09-28 10:00:00,16,11,7,1915,0,16.9,11.1,0.5,0,0,0,0,1,0,0,1,0,0
2023-09-28 11:00:00,12,12,7,2577,0,16.9,11.1,0.5,0,0,0,0,1,0,0,1,0,0
2023-09-28 14:00:00,8,15,6,2530,0,16.9,11.1,0.5,0,0,0,0,1,0,0,1,0,0
2023-09-28 17:00:00,22,18,4,1681,0,16.9,11.1,0.5,0,0,0,0,1,0,0,1,0,0
2023-09-28 19:00:00,3,20,4,284,0,16.9,11.1,0.5,0,0,0,0,1,0,0,1,0,0
2023-09-28 07:00:00,2,8,4,194,0,16.9,11.1,0.5,0,0,0,0,1,0,0,1,0,0
2023-09-29 03:00:00,6,4,0,1,0,11.2,11.2,0.0,1,0,0,0,0,0,0,1,0,0
2023-09-29 22:00:00,2,23,0,292,0,11.2,11.2,0.0,1,0,0,0,0,0,0,1,0,0
2023-09-29 21:00:00,2,22,0,223,0,11.2,11.2,0.0,1,0,0,0,0,0,0,1,0,0
2023-09-29 05:00:00,2,6,0,22,0,11.2,11.2,0.0,1,0,0,0,0,0,0,1,0,0
2023-09-29 06:00:00,0,7,0,40,0,11.2,11.2,0.0,1,0,0,0,0,0,0,1,0,0
2023-09-29 00:00:00,0,1,0,35,0,11.2,11.2,0.0,1,0,0,0,0,0,0,1,0,0
2023-09-29 01:00:00,0,2,0,17,0,11.2,11.2,0.0,1,0,0,0,0,0,0,1,0,0
2023-09-29 23:00:00,12,0,1,200,0,11.2,11.2,0.0,1,0,0,0,0,0,0,1,0,0
2023-09-29 20:00:00,2,21,1,264,0,11.2,11.2,0.0,1,0,0,0,0,0,0,1,0,0
2023-09-29 02:00:00,2,3,1,32,0,11.2,11.2,0.0,1,0,0,0,0,0,0,1,0,0
2023-09-29 04:00:00,1,5,1,8,0,11.2,11.2,0.0,1,0,0,0,0,0,0,1,0,0
2023-09-30 07:00:00,4,8,2,132,0,18.6,7.7,2.1,0,0,1,0,0,0,0,1,0,0
2023-09-30 23:00:00,0,0,2,184,0,18.6,7.7,2.1,0,0,1,0,0,0,0,1,0,0
2023-09-30 06:00:00,0,7,1,48,0,18.6,7.7,2.1,0,0,1,0,0,0,0,1,0,0
2023-09-30 20:00:00,9,21,0,360,0,18.6,7.7,2.1,0,0,1,0,0,0,0,1,0,0
2023-09-30 00:00:00,6,1,0,182,0,18.6,7.7,2.1,0,0,1,0,0,0,0,1,0,0
2023-09-30 05:00:00,3,6,0,37,0,18.6,7.7,2.1,0,0,1,0,0,0,0,1,0,0
2023-09-30 01:00:00,2,2,0,104,0,18.6,7.7,2.1,0,0,1,0,0,0,0,1,0,0
2023-09-30 03:00:00,1,4,0,166,0,18.6,7.7,2.1,0,0,1,0,0,0,0,1,0,0
2023-09-30 02:00:00,1,3,0,107,0,18.6,7.7,2.1,0,0,1,0,0,0,0,1,0,0
2023-09-30 04:00:00,0,5,0,9,0,18.6,7.7,2.1,0,0,1,0,0,0,0,1,0,0
2023-09-30 09:00:00,16,10,6,1356,0,18.6,7.7,2.1,0,0,1,0,0,0,0,1,0,0
2023-09-30 11:00:00,19,12,22,2515,0,18.6,7.7,2.1,0,0,1,0,0,0,0,1,0,0
2023-09-30 08:00:00,11,9,6,495,0,18.6,7.7,2.1,0,0,1,0,0,0,0,1,0,0
2023-09-30 10:00:00,16,11,18,2042,0,18.6,7.7,2.1,0,0,1,0,0,0,0,1,0,0
2023-09-30 12:00:00,9,13,15,3654,0,18.6,7.7,2.1,0,0,1,0,0,0,0,1,0,0
2023-09-30 21:00:00,1,22,4,377,0,18.6,7.7,2.1,0,0,1,0,0,0,0,1,0,0
2023-09-30 17:00:00,10,18,11,2018,0,18.6,7.7,2.1,0,0,1,0,0,0,0,1,0,0
2023-09-30 19:00:00,8,20,3,251,0,18.6,7.7,2.1,0,0,1,0,0,0,0,1,0,0
2023-09-30 13:00:00,7,14,3,3760,0,18.6,7.7,2.1,0,0,1,0,0,0,0,1,0,0
2023-09-30 22:00:00,0,23,3,278,0,18.6,7.7,2.1,0,0,1,0,0,0,0,1,0,0
2023-09-30 15:00:00,16,16,10,3138,0,18.6,7.7,2.1,0,0,1,0,0,0,0,1,0,0
2023-09-30 14:00:00,7,15,10,3145,0,18.6,7.7,2.1,0,0,1,0,0,0,0,1,0,0
2023-09-30 16:00:00,13,17,8,3129,0,18.6,7.7,2.1,0,0,1,0,0,0,0,1,0,0
2023-09-30 18:00:00,12,19,8,561,0,18.6,7.7,2.1,0,0,1,0,0,0,0,1,0,0
