ds,y,Finishing time,Number of Bicycles,Number of People,isHoliday,TMAX,TMIN,PRCP,Day of the Week_Fri,Day of the Week_Mon,Day of the Week_Sat,Day of the Week_Sun,Day of the Week_Thu,Day of the Week_Tue,Day of the Week_Wed,TimeZone_BST,TimeZone_GMT,days_since_record
2024-07-23 18:00:00,296,19,33,704,0,20.1,12.5,0.2,0,0,0,0,0,1,0,1,0,0
2024-07-26 05:00:00,68,6,33,51,0,20.9,9.0,0.0,1,0,0,0,0,0,0,1,0,0
2024-07-24 09:00:00,126,10,29,303,0,18.9,12.5,0.8,0,0,0,0,0,0,1,1,0,0
2024-07-24 10:00:00,166,11,49,341,0,18.9,12.5,0.8,0,0,0,0,0,0,1,1,0,0
2024-07-26 13:00:00,390,14,26,1307,0,20.9,9.0,0.0,1,0,0,0,0,0,0,1,0,0
2024-07-24 12:00:00,224,13,26,591,0,18.9,12.5,0.8,0,0,0,0,0,0,1,1,0,0
2024-07-23 16:00:00,1646,17,25,752,0,20.1,12.5,0.2,0,0,0,0,0,1,0,1,0,0
2024-07-24 08:00:00,96,9,37,209,0,18.9,12.5,0.8,0,0,0,0,0,0,1,1,0,0
2024-07-24 11:00:00,172,12,43,436,0,18.9,12.5,0.8,0,0,0,0,0,0,1,1,0,0
2024-07-10 11:00:00,419,12,25,1008,0,16.6,11.2,1.1,0,0,0,0,0,0,1,1,0,0
2024-07-27 17:00:00,226,18,24,561,0,22.0,5.5,0.0,0,0,1,0,0,0,0,1,0,0
2024-07-29 17:00:00,180,18,19,672,0,21.6,5.5,0.0,0,1,0,0,0,0,0,1,0,0
2024-07-27 20:00:00,50,21,19,182,0,22.0,5.5,0.0,0,0,1,0,0,0,0,1,0,0
2024-07-28 16:00:00,74,17,21,354,0,20.3,5.5,0.0,0,0,0,1,0,0,0,1,0,0
2024-07-05 09:00:00,385,10,18,484,0,15.2,6.8,3.2,1,0,0,0,0,0,0,1,0,0
2024-07-25 10:00:00,328,11,18,637,0,19.8,12.4,0.0,0,0,0,0,1,0,0,1,0,0
2024-07-10 12:00:00,456,13,20,1271,0,16.6,11.2,1.1,0,0,0,0,0,0,1,1,0,0
2024-07-15 15:00:00,257,16,20,541,0,19.2,10.6,0.0,0,1,0,0,0,0,0,1,0,0
2024-07-05 16:00:00,479,17,13,1312,0,15.2,6.8,3.2,1,0,0,0,0,0,0,1,0,0
2024-07-10 15:00:00,408,16,13,746,0,16.6,11.2,1.1,0,0,0,0,0,0,1,1,0,0
2024-07-02 10:00:00,387,11,13,961,0,18.1,8.4,1.5,0,0,0,0,0,1,0,1,0,0
2024-07-26 16:00:00,386,17,13,1370,0,20.9,9.0,0.0,1,0,0,0,0,0,0,1,0,0
2024-07-31 19:00:00,231,20,13,488,0,22.9,7.9,0.3,0,0,0,0,0,0,1,1,0,0
2024-07-29 18:00:00,194,19,13,589,0,21.6,5.5,0.0,0,1,0,0,0,0,0,1,0,0
2024-07-07 14:00:00,167,15,13,614,0,19.4,8.4,2.8,0,0,0,1,0,0,0,1,0,0
2024-07-02 15:00:00,415,16,17,1171,0,18.1,8.4,1.5,0,0,0,0,0,1,0,1,0,0
2024-07-02 12:00:00,406,13,17,1205,0,18.1,8.4,1.5,0,0,0,0,0,1,0,1,0,0
2024-07-24 17:00:00,334,18,17,996,0,18.9,12.5,0.8,0,0,0,0,0,0,1,1,0,0
2024-07-23 20:00:00,149,21,17,513,0,20.1,12.5,0.2,0,0,0,0,0,1,0,1,0,0
2024-07-23 14:00:00,272,15,15,666,0,20.1,12.5,0.2,0,0,0,0,0,1,0,1,0,0
2024-07-14 15:00:00,93,16,16,312,0,20.1,5.5,0.4,0,0,0,1,0,0,0,1,0,0
2024-07-28 05:00:00,28,6,16,64,0,20.3,5.5,0.0,0,0,0,1,0,0,0,1,0,0
2024-07-14 16:00:00,132,17,13,433,0,20.1,5.5,0.4,0,0,0,1,0,0,0,1,0,0
2024-07-27 19:00:00,123,20,13,259,0,22.0,5.5,0.0,0,0,1,0,0,0,0,1,0,0
2024-07-14 11:00:00,74,12,13,238,0,20.1,5.5,0.4,0,0,0,1,0,0,0,1,0,0
2024-07-15 16:00:00,333,17,16,707,0,19.2,10.6,0.0,0,1,0,0,0,0,0,1,0,0
2024-07-09 13:00:00,446,14,14,1187,0,16.7,10.8,2.6,0,0,0,0,0,1,0,1,0,0
2024-07-25 15:00:00,444,16,14,1337,0,19.8,12.4,0.0,0,0,0,0,1,0,0,1,0,0
2024-07-25 14:00:00,376,15,14,1434,0,19.8,12.4,0.0,0,0,0,0,1,0,0,1,0,0
2024-07-25 08:00:00,303,9,14,290,0,19.8,12.4,0.0,0,0,0,0,1,0,0,1,0,0
2024-07-07 17:00:00,288,18,14,558,0,19.4,8.4,2.8,0,0,0,1,0,0,0,1,0,0
2024-07-27 18:00:00,279,19,14,618,0,22.0,5.5,0.0,0,0,1,0,0,0,0,1,0,0
2024-07-27 16:00:00,240,17,14,880,0,22.0,5.5,0.0,0,0,1,0,0,0,0,1,0,0
2024-07-29 16:00:00,202,17,14,695,0,21.6,5.5,0.0,0,1,0,0,0,0,0,1,0,0
2024-07-04 16:00:00,157,17,14,794,0,17.5,6.9,0.0,0,0,0,0,1,0,0,1,0,0
2024-07-30 13:00:00,1164,14,10,772,0,11.2,5.5,0.2,0,0,0,0,0,1,0,1,0,0
2024-07-02 14:00:00,422,15,10,1003,0,18.1,8.4,1.5,0,0,0,0,0,1,0,1,0,0
2024-07-30 11:00:00,373,12,10,908,0,11.2,5.5,0.2,0,0,0,0,0,1,0,1,0,0
2024-07-03 12:00:00,333,13,10,1026,0,16.2,8.1,0.6,0,0,0,0,0,0,1,1,0,0
2024-07-16 10:00:00,307,11,10,1025,0,21.9,12.6,0.8,0,0,0,0,0,1,0,1,0,0
2024-07-25 18:00:00,296,19,10,807,0,19.8,12.4,0.0,0,0,0,0,1,0,0,1,0,0
2024-07-05 08:00:00,294,9,10,218,0,15.2,6.8,3.2,1,0,0,0,0,0,0,1,0,0
2024-07-27 10:00:00,289,11,10,955,0,22.0,5.5,0.0,0,0,1,0,0,0,0,1,0,0
2024-07-25 19:00:00,265,20,10,676,0,19.8,12.4,0.0,0,0,0,0,1,0,0,1,0,0
2024-07-04 15:00:00,139,16,10,805,0,17.5,6.9,0.0,0,0,0,0,1,0,0,1,0,0
2024-07-24 07:00:00,131,8,10,114,0,18.9,12.5,0.8,0,0,0,0,0,0,1,1,0,0
2024-07-10 14:00:00,423,15,9,975,0,16.6,11.2,1.1,0,0,0,0,0,0,1,1,0,0
2024-07-10 13:00:00,388,14,9,1187,0,16.6,11.2,1.1,0,0,0,0,0,0,1,1,0,0
2024-07-09 15:00:00,358,16,9,834,0,16.7,10.8,2.6,0,0,0,0,0,1,0,1,0,0
2024-07-23 17:00:00,350,18,9,966,0,20.1,12.5,0.2,0,0,0,0,0,1,0,1,0,0
2024-07-24 15:00:00,322,16,9,1042,0,18.9,12.5,0.8,0,0,0,0,0,0,1,1,0,0
2024-07-03 21:00:00,281,22,9,301,0,16.2,8.1,0.6,0,0,0,0,0,0,1,1,0,0
2024-07-26 19:00:00,280,20,9,570,0,20.9,9.0,0.0,1,0,0,0,0,0,0,1,0,0
2024-07-09 07:00:00,181,8,9,238,0,16.7,10.8,2.6,0,0,0,0,0,1,0,1,0,0
2024-07-14 10:00:00,89,11,9,166,0,20.1,5.5,0.4,0,0,0,1,0,0,0,1,0,0
2024-07-14 14:00:00,67,15,9,321,0,20.1,5.5,0.4,0,0,0,1,0,0,0,1,0,0
2024-07-14 13:00:00,97,14,10,322,0,20.1,5.5,0.4,0,0,0,1,0,0,0,1,0,0
2024-07-07 20:00:00,54,21,10,227,0,19.4,8.4,2.8,0,0,0,1,0,0,0,1,0,0
2024-07-25 16:00:00,412,17,11,1273,0,19.8,12.4,0.0,0,0,0,0,1,0,0,1,0,0
2024-07-05 18:00:00,302,19,11,677,0,15.2,6.8,3.2,1,0,0,0,0,0,0,1,0,0
2024-07-02 08:00:00,296,9,11,494,0,18.1,8.4,1.5,0,0,0,0,0,1,0,1,0,0
2024-07-24 16:00:00,295,17,11,1059,0,18.9,12.5,0.8,0,0,0,0,0,0,1,1,0,0
2024-07-30 09:00:00,291,10,11,525,0,11.2,5.5,0.2,0,0,0,0,0,1,0,1,0,0
2024-07-09 14:00:00,235,15,11,950,0,16.7,10.8,2.6,0,0,0,0,0,1,0,1,0,0
2024-07-05 17:00:00,465,18,12,1163,0,15.2,6.8,3.2,1,0,0,0,0,0,0,1,0,0
2024-07-02 13:00:00,433,14,12,1118,0,18.1,8.4,1.5,0,0,0,0,0,1,0,1,0,0
2024-07-15 17:00:00,430,18,12,873,0,19.2,10.6,0.0,0,1,0,0,0,0,0,1,0,0
2024-07-13 12:00:00,407,13,12,1472,0,18.5,5.5,0.4,0,0,1,0,0,0,0,1,0,0
2024-07-30 10:00:00,292,11,12,912,0,11.2,5.5,0.2,0,0,0,0,0,1,0,1,0,0
2024-07-14 20:00:00,132,21,11,329,0,20.1,5.5,0.4,0,0,0,1,0,0,0,1,0,0
2024-07-07 21:00:00,29,22,11,170,0,19.4,8.4,2.8,0,0,0,1,0,0,0,1,0,0
2024-07-27 21:00:00,53,22,9,154,0,22.0,5.5,0.0,0,0,1,0,0,0,0,1,0,0
2024-07-31 17:00:00,161,18,7,744,0,22.9,7.9,0.3,0,0,0,0,0,0,1,1,0,0
2024-07-14 09:00:00,50,10,8,142,0,20.1,5.5,0.4,0,0,0,1,0,0,0,1,0,0
2024-07-07 19:00:00,148,20,7,236,0,19.4,8.4,2.8,0,0,0,1,0,0,0,1,0,0
2024-07-11 17:00:00,102,18,7,253,0,18.6,10.6,0.0,0,0,0,0,1,0,0,1,0,0
2024-07-04 05:00:00,43,6,7,57,0,17.5,6.9,0.0,0,0,0,0,1,0,0,1,0,0
2024-07-09 04:00:00,26,5,7,38,0,16.7,10.8,2.6,0,0,0,0,0,1,0,1,0,0
2024-07-26 04:00:00,30,5,8,23,0,20.9,9.0,0.0,1,0,0,0,0,0,0,1,0,0
2024-07-14 06:00:00,17,7,8,38,0,20.1,5.5,0.4,0,0,0,1,0,0,0,1,0,0
2024-07-13 13:00:00,440,14,8,1478,0,18.5,5.5,0.4,0,0,1,0,0,0,0,1,0,0
2024-07-27 15:00:00,428,16,8,1299,0,22.0,5.5,0.0,0,0,1,0,0,0,0,1,0,0
2024-07-13 06:00:00,23,7,9,61,0,18.5,5.5,0.4,0,0,1,0,0,0,0,1,0,0
2024-07-09 12:00:00,415,13,8,1150,0,16.7,10.8,2.6,0,0,0,0,0,1,0,1,0,0
2024-07-10 16:00:00,502,17,7,993,0,16.6,11.2,1.1,0,0,0,0,0,0,1,1,0,0
2024-07-04 10:00:00,486,11,7,1280,0,17.5,6.9,0.0,0,0,0,0,1,0,0,1,0,0
2024-07-24 13:00:00,352,14,8,1201,0,18.9,12.5,0.8,0,0,0,0,0,0,1,1,0,0
2024-07-12 12:00:00,480,13,7,1172,0,16.3,9.2,0.0,1,0,0,0,0,0,0,1,0,0
2024-07-03 11:00:00,332,12,8,917,0,16.2,8.1,0.6,0,0,0,0,0,0,1,1,0,0
2024-07-03 13:00:00,319,14,8,925,0,16.2,8.1,0.6,0,0,0,0,0,0,1,1,0,0
2024-07-15 18:00:00,318,19,8,695,0,19.2,10.6,0.0,0,1,0,0,0,0,0,1,0,0
2024-07-29 10:00:00,304,11,8,878,0,21.6,5.5,0.0,0,1,0,0,0,0,0,1,0,0
2024-07-12 13:00:00,440,14,7,1108,0,16.3,9.2,0.0,1,0,0,0,0,0,0,1,0,0
2024-07-09 17:00:00,409,18,7,884,0,16.7,10.8,2.6,0,0,0,0,0,1,0,1,0,0
2024-07-13 09:00:00,269,10,8,627,0,18.5,5.5,0.4,0,0,1,0,0,0,0,1,0,0
2024-07-05 13:00:00,393,14,7,1192,0,15.2,6.8,3.2,1,0,0,0,0,0,0,1,0,0
2024-07-31 18:00:00,268,19,8,679,0,22.9,7.9,0.3,0,0,0,0,0,0,1,1,0,0
2024-07-30 14:00:00,385,15,7,1083,0,11.2,5.5,0.2,0,0,0,0,0,1,0,1,0,0
2024-07-25 09:00:00,267,10,8,433,0,19.8,12.4,0.0,0,0,0,0,1,0,0,1,0,0
2024-07-29 15:00:00,265,16,8,938,0,21.6,5.5,0.0,0,1,0,0,0,0,0,1,0,0
2024-07-26 15:00:00,366,16,7,1336,0,20.9,9.0,0.0,1,0,0,0,0,0,0,1,0,0
2024-07-13 11:00:00,365,12,7,1364,0,18.5,5.5,0.4,0,0,1,0,0,0,0,1,0,0
2024-07-15 14:00:00,256,15,8,706,0,19.2,10.6,0.0,0,1,0,0,0,0,0,1,0,0
2024-07-25 11:00:00,360,12,7,1079,0,19.8,12.4,0.0,0,0,0,0,1,0,0,1,0,0
2024-07-02 17:00:00,342,18,7,1322,0,18.1,8.4,1.5,0,0,0,0,0,1,0,1,0,0
2024-07-14 17:00:00,224,18,8,679,0,20.1,5.5,0.4,0,0,0,1,0,0,0,1,0,0
2024-07-07 11:00:00,325,12,7,975,0,19.4,8.4,2.8,0,0,0,1,0,0,0,1,0,0
2024-07-15 19:00:00,222,20,8,571,0,19.2,10.6,0.0,0,1,0,0,0,0,0,1,0,0
2024-07-27 11:00:00,321,12,7,1289,0,22.0,5.5,0.0,0,0,1,0,0,0,0,1,0,0
2024-07-03 08:00:00,320,9,7,461,0,16.2,8.1,0.6,0,0,0,0,0,0,1,1,0,0
2024-07-26 20:00:00,217,21,8,447,0,20.9,9.0,0.0,1,0,0,0,0,0,0,1,0,0
2024-07-03 10:00:00,313,11,7,890,0,16.2,8.1,0.6,0,0,0,0,0,0,1,1,0,0
2024-07-02 09:00:00,296,10,7,730,0,18.1,8.4,1.5,0,0,0,0,0,1,0,1,0,0
2024-07-06 18:00:00,292,19,7,644,0,16.7,8.4,5.9,0,0,1,0,0,0,0,1,0,0
2024-07-10 19:00:00,164,20,8,239,0,16.6,11.2,1.1,0,0,0,0,0,0,1,1,0,0
2024-07-29 13:00:00,287,14,7,1066,0,21.6,5.5,0.0,0,1,0,0,0,0,0,1,0,0
2024-07-15 08:00:00,282,9,7,507,0,19.2,10.6,0.0,0,1,0,0,0,0,0,1,0,0
2024-07-29 09:00:00,279,10,7,522,0,21.6,5.5,0.0,0,1,0,0,0,0,0,1,0,0
2024-07-12 08:00:00,267,9,7,437,0,16.3,9.2,0.0,1,0,0,0,0,0,0,1,0,0
2024-07-24 14:00:00,252,15,7,918,0,18.9,12.5,0.8,0,0,0,0,0,0,1,1,0,0
2024-07-10 09:00:00,222,10,7,720,0,16.6,11.2,1.1,0,0,0,0,0,0,1,1,0,0
2024-07-12 20:00:00,214,21,7,565,0,16.3,9.2,0.0,1,0,0,0,0,0,0,1,0,0
2024-07-31 16:00:00,212,17,7,1140,0,22.9,7.9,0.3,0,0,0,0,0,0,1,1,0,0
2024-07-04 06:00:00,89,7,8,95,0,17.5,6.9,0.0,0,0,0,0,1,0,0,1,0,0
2024-07-24 06:00:00,89,7,8,69,0,18.9,12.5,0.8,0,0,0,0,0,0,1,1,0,0
2024-07-30 05:00:00,38,6,6,66,0,11.2,5.5,0.2,0,0,0,0,0,1,0,1,0,0
2024-07-08 17:00:00,372,18,6,965,0,16.9,7.0,0.0,0,1,0,0,0,0,0,1,0,0
2024-07-11 16:00:00,310,17,5,476,0,18.6,10.6,0.0,0,0,0,0,1,0,0,1,0,0
2024-07-05 10:00:00,306,11,5,863,0,15.2,6.8,3.2,1,0,0,0,0,0,0,1,0,0
2024-07-15 06:00:00,354,7,6,91,0,19.2,10.6,0.0,0,1,0,0,0,0,0,1,0,0
2024-07-15 10:00:00,299,11,5,1092,0,19.2,10.6,0.0,0,1,0,0,0,0,0,1,0,0
2024-07-31 00:00:00,59,1,5,105,0,22.9,7.9,0.3,0,0,0,0,0,0,1,1,0,0
2024-07-03 09:00:00,299,10,5,572,0,16.2,8.1,0.6,0,0,0,0,0,0,1,1,0,0
2024-07-24 05:00:00,58,6,5,20,0,18.9,12.5,0.8,0,0,0,0,0,0,1,1,0,0
2024-07-26 17:00:00,350,18,6,904,0,20.9,9.0,0.0,1,0,0,0,0,0,0,1,0,0
2024-07-26 09:00:00,329,10,6,930,0,20.9,9.0,0.0,1,0,0,0,0,0,0,1,0,0
2024-07-23 15:00:00,541,16,6,934,0,20.1,12.5,0.2,0,0,0,0,0,1,0,1,0,0
2024-07-10 17:00:00,502,18,6,1026,0,16.6,11.2,1.1,0,0,0,0,0,0,1,1,0,0
2024-07-05 15:00:00,497,16,6,1368,0,15.2,6.8,3.2,1,0,0,0,0,0,0,1,0,0
2024-07-03 16:00:00,469,17,6,1021,0,16.2,8.1,0.6,0,0,0,0,0,0,1,1,0,0
2024-07-03 15:00:00,442,16,6,925,0,16.2,8.1,0.6,0,0,0,0,0,0,1,1,0,0
2024-07-31 13:00:00,429,14,6,1342,0,22.9,7.9,0.3,0,0,0,0,0,0,1,1,0,0
2024-07-27 14:00:00,424,15,6,1787,0,22.0,5.5,0.0,0,0,1,0,0,0,0,1,0,0
2024-07-09 16:00:00,424,17,6,833,0,16.7,10.8,2.6,0,0,0,0,0,1,0,1,0,0
2024-07-25 12:00:00,402,13,6,1346,0,19.8,12.4,0.0,0,0,0,0,1,0,0,1,0,0
2024-07-12 09:00:00,391,10,6,752,0,16.3,9.2,0.0,1,0,0,0,0,0,0,1,0,0
2024-07-30 16:00:00,324,17,6,1193,0,11.2,5.5,0.2,0,0,0,0,0,1,0,1,0,0
2024-07-08 09:00:00,277,10,5,585,0,16.9,7.0,0.0,0,1,0,0,0,0,0,1,0,0
2024-07-27 13:00:00,313,14,6,1327,0,22.0,5.5,0.0,0,0,1,0,0,0,0,1,0,0
2024-07-29 14:00:00,311,15,6,1063,0,21.6,5.5,0.0,0,1,0,0,0,0,0,1,0,0
2024-07-13 05:00:00,7,6,6,24,0,18.5,5.5,0.4,0,0,1,0,0,0,0,1,0,0
2024-07-31 08:00:00,273,9,5,466,0,22.9,7.9,0.3,0,0,0,0,0,0,1,1,0,0
2024-07-10 10:00:00,254,11,5,1020,0,16.6,11.2,1.1,0,0,0,0,0,0,1,1,0,0
2024-07-24 18:00:00,236,19,5,699,0,18.9,12.5,0.8,0,0,0,0,0,0,1,1,0,0
2024-07-30 18:00:00,234,19,5,588,0,11.2,5.5,0.2,0,0,0,0,0,1,0,1,0,0
2024-07-23 19:00:00,215,20,5,721,0,20.1,12.5,0.2,0,0,0,0,0,1,0,1,0,0
2024-07-28 15:00:00,192,16,5,702,0,20.3,5.5,0.0,0,0,0,1,0,0,0,1,0,0
2024-07-30 19:00:00,190,20,5,427,0,11.2,5.5,0.2,0,0,0,0,0,1,0,1,0,0
2024-07-28 13:00:00,189,14,5,819,0,20.3,5.5,0.0,0,0,0,1,0,0,0,1,0,0
2024-07-07 16:00:00,184,17,5,678,0,19.4,8.4,2.8,0,0,0,1,0,0,0,1,0,0
2024-07-25 20:00:00,165,21,5,508,0,19.8,12.4,0.0,0,0,0,0,1,0,0,1,0,0
2024-07-25 07:00:00,162,8,5,224,0,19.8,12.4,0.0,0,0,0,0,1,0,0,1,0,0
2024-07-31 20:00:00,159,21,5,362,0,22.9,7.9,0.3,0,0,0,0,0,0,1,1,0,0
2024-07-09 20:00:00,151,21,5,208,0,16.7,10.8,2.6,0,0,0,0,0,1,0,1,0,0
2024-07-29 07:00:00,118,8,5,223,0,21.6,5.5,0.0,0,1,0,0,0,0,0,1,0,0
2024-07-14 12:00:00,104,13,5,303,0,20.1,5.5,0.4,0,0,0,1,0,0,0,1,0,0
2024-07-31 06:00:00,101,7,5,93,0,22.9,7.9,0.3,0,0,0,0,0,0,1,1,0,0
2024-07-12 21:00:00,72,22,5,195,0,16.3,9.2,0.0,1,0,0,0,0,0,0,1,0,0
2024-07-29 12:00:00,304,13,6,1219,0,21.6,5.5,0.0,0,1,0,0,0,0,0,1,0,0
2024-07-30 17:00:00,289,18,6,1006,0,11.2,5.5,0.2,0,0,0,0,0,1,0,1,0,0
2024-07-09 10:00:00,281,11,6,736,0,16.7,10.8,2.6,0,0,0,0,0,1,0,1,0,0
2024-07-26 14:00:00,449,15,5,1247,0,20.9,9.0,0.0,1,0,0,0,0,0,0,1,0,0
2024-07-26 21:00:00,449,22,5,308,0,20.9,9.0,0.0,1,0,0,0,0,0,0,1,0,0
2024-07-12 14:00:00,441,15,5,1083,0,16.3,9.2,0.0,1,0,0,0,0,0,0,1,0,0
2024-07-12 16:00:00,438,17,5,1036,0,16.3,9.2,0.0,1,0,0,0,0,0,0,1,0,0
2024-07-31 14:00:00,419,15,5,1227,0,22.9,7.9,0.3,0,0,0,0,0,0,1,1,0,0
2024-07-02 16:00:00,415,17,5,1210,0,18.1,8.4,1.5,0,0,0,0,0,1,0,1,0,0
2024-07-12 15:00:00,414,16,5,956,0,16.3,9.2,0.0,1,0,0,0,0,0,0,1,0,0
2024-07-12 11:00:00,410,12,5,1057,0,16.3,9.2,0.0,1,0,0,0,0,0,0,1,0,0
2024-07-12 10:00:00,394,11,5,867,0,16.3,9.2,0.0,1,0,0,0,0,0,0,1,0,0
2024-07-06 10:00:00,386,11,5,1677,0,16.7,8.4,5.9,0,0,1,0,0,0,0,1,0,0
2024-07-25 17:00:00,384,18,5,1028,0,19.8,12.4,0.0,0,0,0,0,1,0,0,1,0,0
2024-07-08 11:00:00,381,12,5,905,0,16.9,7.0,0.0,0,1,0,0,0,0,0,1,0,0
2024-07-25 13:00:00,358,14,5,1526,0,19.8,12.4,0.0,0,0,0,0,1,0,0,1,0,0
2024-07-01 13:00:00,357,14,5,1455,0,16.7,8.5,1.0,0,1,0,0,0,0,0,1,0,90
2024-07-27 12:00:00,356,13,5,1222,0,22.0,5.5,0.0,0,0,1,0,0,0,0,1,0,0
2024-07-01 16:00:00,336,17,5,1124,0,16.7,8.5,1.0,0,1,0,0,0,0,0,1,0,90
2024-07-01 10:00:00,314,11,5,1041,0,16.7,8.5,1.0,0,1,0,0,0,0,0,1,0,90
2024-07-29 08:00:00,267,9,6,460,0,21.6,5.5,0.0,0,1,0,0,0,0,0,1,0,0
2024-07-12 19:00:00,262,20,6,571,0,16.3,9.2,0.0,1,0,0,0,0,0,0,1,0,0
2024-07-05 19:00:00,252,20,6,581,0,15.2,6.8,3.2,1,0,0,0,0,0,0,1,0,0
2024-07-11 14:00:00,1215,15,5,952,0,18.6,10.6,0.0,0,0,0,0,1,0,0,1,0,0
2024-07-02 19:00:00,197,20,6,581,0,18.1,8.4,1.5,0,0,0,0,0,1,0,1,0,0
2024-07-13 19:00:00,184,20,6,473,0,18.5,5.5,0.4,0,0,1,0,0,0,0,1,0,0
2024-07-02 20:00:00,179,21,6,462,0,18.1,8.4,1.5,0,0,0,0,0,1,0,1,0,0
2024-07-15 20:00:00,176,21,6,543,0,19.2,10.6,0.0,0,1,0,0,0,0,0,1,0,0
2024-07-04 20:00:00,160,21,6,398,0,17.5,6.9,0.0,0,0,0,0,1,0,0,1,0,0
2024-07-07 15:00:00,143,16,6,822,0,19.4,8.4,2.8,0,0,0,1,0,0,0,1,0,0
2024-07-29 19:00:00,134,20,6,400,0,21.6,5.5,0.0,0,1,0,0,0,0,0,1,0,0
2024-07-13 15:00:00,386,16,4,1406,0,18.5,5.5,0.4,0,0,1,0,0,0,0,1,0,0
2024-07-12 17:00:00,380,18,4,905,0,16.3,9.2,0.0,1,0,0,0,0,0,0,1,0,0
2024-07-13 14:00:00,377,15,4,1343,0,18.5,5.5,0.4,0,0,1,0,0,0,0,1,0,0
2024-07-15 13:00:00,368,14,4,1340,0,19.2,10.6,0.0,0,1,0,0,0,0,0,1,0,0
2024-07-08 13:00:00,349,14,4,754,0,16.9,7.0,0.0,0,1,0,0,0,0,0,1,0,0
2024-07-26 10:00:00,342,11,4,1181,0,20.9,9.0,0.0,1,0,0,0,0,0,0,1,0,0
2024-07-13 10:00:00,324,11,4,1064,0,18.5,5.5,0.4,0,0,1,0,0,0,0,1,0,0
2024-07-30 08:00:00,323,9,4,344,0,11.2,5.5,0.2,0,0,0,0,0,1,0,1,0,0
2024-07-04 09:00:00,322,10,4,801,0,17.5,6.9,0.0,0,0,0,0,1,0,0,1,0,0
2024-07-13 17:00:00,321,18,4,1131,0,18.5,5.5,0.4,0,0,1,0,0,0,0,1,0,0
2024-07-29 11:00:00,299,12,4,853,0,21.6,5.5,0.0,0,1,0,0,0,0,0,1,0,0
2024-07-16 14:00:00,270,15,4,817,0,21.9,12.6,0.8,0,0,0,0,0,1,0,1,0,0
2024-07-04 19:00:00,246,20,4,431,0,17.5,6.9,0.0,0,0,0,0,1,0,0,1,0,0
2024-07-28 14:00:00,245,15,4,1085,0,20.3,5.5,0.0,0,0,0,1,0,0,0,1,0,0
2024-07-26 08:00:00,244,9,4,483,0,20.9,9.0,0.0,1,0,0,0,0,0,0,1,0,0
2024-07-16 12:00:00,235,13,4,1089,0,21.9,12.6,0.8,0,0,0,0,0,1,0,1,0,0
2024-07-04 08:00:00,231,9,4,538,0,17.5,6.9,0.0,0,0,0,0,1,0,0,1,0,0
2024-07-07 13:00:00,230,14,4,972,0,19.4,8.4,2.8,0,0,0,1,0,0,0,1,0,0
2024-07-16 11:00:00,230,12,4,886,0,21.9,12.6,0.8,0,0,0,0,0,1,0,1,0,0
2024-07-28 12:00:00,220,13,4,837,0,20.3,5.5,0.0,0,0,0,1,0,0,0,1,0,0
2024-07-07 18:00:00,205,19,4,336,0,19.4,8.4,2.8,0,0,0,1,0,0,0,1,0,0
2024-07-30 20:00:00,205,21,4,1145,0,11.2,5.5,0.2,0,0,0,0,0,1,0,1,0,0
2024-07-28 11:00:00,198,12,4,752,0,20.3,5.5,0.0,0,0,0,1,0,0,0,1,0,0
2024-07-09 19:00:00,196,20,4,337,0,16.7,10.8,2.6,0,0,0,0,0,1,0,1,0,0
2024-07-24 19:00:00,185,20,4,413,0,18.9,12.5,0.8,0,0,0,0,0,0,1,1,0,0
2024-07-05 07:00:00,179,8,4,231,0,15.2,6.8,3.2,1,0,0,0,0,0,0,1,0,0
2024-07-03 07:00:00,175,8,4,313,0,16.2,8.1,0.6,0,0,0,0,0,0,1,1,0,0
2024-07-14 19:00:00,172,20,4,406,0,20.1,5.5,0.4,0,0,0,1,0,0,0,1,0,0
2024-07-08 08:00:00,268,9,3,364,0,16.9,7.0,0.0,0,1,0,0,0,0,0,1,0,0
2024-07-02 18:00:00,259,19,3,792,0,18.1,8.4,1.5,0,0,0,0,0,1,0,1,0,0
2024-07-28 19:00:00,10,20,4,80,0,20.3,5.5,0.0,0,0,0,1,0,0,0,1,0,0
2024-07-27 09:00:00,251,10,3,622,0,22.0,5.5,0.0,0,0,1,0,0,0,0,1,0,0
2024-07-14 18:00:00,213,19,3,564,0,20.1,5.5,0.4,0,0,0,1,0,0,0,1,0,0
2024-07-16 07:00:00,191,8,3,261,0,21.9,12.6,0.8,0,0,0,0,0,1,0,1,0,0
2024-07-15 07:00:00,169,8,4,309,0,19.2,10.6,0.0,0,1,0,0,0,0,0,1,0,0
2024-07-04 17:00:00,138,18,4,816,0,17.5,6.9,0.0,0,0,0,0,1,0,0,1,0,0
2024-07-29 20:00:00,128,21,4,389,0,21.6,5.5,0.0,0,1,0,0,0,0,0,1,0,0
2024-07-11 18:00:00,110,19,4,235,0,18.6,10.6,0.0,0,0,0,0,1,0,0,1,0,0
2024-07-30 06:00:00,107,7,4,148,0,11.2,5.5,0.2,0,0,0,0,0,1,0,1,0,0
2024-07-09 06:00:00,98,7,4,93,0,16.7,10.8,2.6,0,0,0,0,0,1,0,1,0,0
2024-07-15 05:00:00,97,6,4,41,0,19.2,10.6,0.0,0,1,0,0,0,0,0,1,0,0
2024-07-16 06:00:00,92,7,4,139,0,21.9,12.6,0.8,0,0,0,0,0,1,0,1,0,0
2024-07-29 06:00:00,86,7,4,200,0,21.6,5.5,0.0,0,1,0,0,0,0,0,1,0,0
2024-07-29 21:00:00,70,22,4,176,0,21.6,5.5,0.0,0,1,0,0,0,0,0,1,0,0
2024-07-01 03:00:00,40,4,4,12,0,16.7,8.5,1.0,0,1,0,0,0,0,0,1,0,90
2024-07-09 05:00:00,36,6,4,50,0,16.7,10.8,2.6,0,0,0,0,0,1,0,1,0,0
2024-07-01 06:00:00,87,7,3,104,0,16.7,8.5,1.0,0,1,0,0,0,0,0,1,0,90
2024-07-02 07:00:00,165,8,3,305,0,18.1,8.4,1.5,0,0,0,0,0,1,0,1,0,0
2024-07-10 18:00:00,78,19,3,140,0,16.6,11.2,1.1,0,0,0,0,0,0,1,1,0,0
2024-07-30 12:00:00,569,13,3,1073,0,11.2,5.5,0.2,0,0,0,0,0,1,0,1,0,0
2024-07-03 17:00:00,473,18,3,888,0,16.2,8.1,0.6,0,0,0,0,0,0,1,1,0,0
2024-07-06 13:00:00,434,14,3,2082,0,16.7,8.4,5.9,0,0,1,0,0,0,0,1,0,0
2024-07-06 14:00:00,430,15,3,1390,0,16.7,8.4,5.9,0,0,1,0,0,0,0,1,0,0
2024-07-09 11:00:00,411,12,3,1048,0,16.7,10.8,2.6,0,0,0,0,0,1,0,1,0,0
2024-07-04 11:00:00,388,12,3,1292,0,17.5,6.9,0.0,0,0,0,0,1,0,0,1,0,0
2024-07-11 10:00:00,370,11,3,970,0,18.6,10.6,0.0,0,0,0,0,1,0,0,1,0,0
2024-07-08 14:00:00,367,15,3,1037,0,16.9,7.0,0.0,0,1,0,0,0,0,0,1,0,0
2024-07-01 15:00:00,336,16,3,1295,0,16.7,8.5,1.0,0,1,0,0,0,0,0,1,0,90
2024-07-03 18:00:00,311,19,3,866,0,16.2,8.1,0.6,0,0,0,0,0,0,1,1,0,0
2024-07-06 20:00:00,307,21,3,266,0,16.7,8.4,5.9,0,0,1,0,0,0,0,1,0,0
2024-07-31 09:00:00,298,10,3,722,0,22.9,7.9,0.3,0,0,0,0,0,0,1,1,0,0
2024-07-09 09:00:00,292,10,3,451,0,16.7,10.8,2.6,0,0,0,0,0,1,0,1,0,0
2024-07-04 18:00:00,283,19,3,586,0,17.5,6.9,0.0,0,0,0,0,1,0,0,1,0,0
2024-07-09 08:00:00,283,9,3,371,0,16.7,10.8,2.6,0,0,0,0,0,1,0,1,0,0
2024-07-08 18:00:00,274,19,3,798,0,16.9,7.0,0.0,0,1,0,0,0,0,0,1,0,0
2024-07-06 22:00:00,151,23,3,193,0,16.7,8.4,5.9,0,0,1,0,0,0,0,1,0,0
2024-07-11 19:00:00,62,20,3,173,0,18.6,10.6,0.0,0,0,0,0,1,0,0,1,0,0
2024-07-12 05:00:00,58,6,3,73,0,16.3,9.2,0.0,1,0,0,0,0,0,0,1,0,0
2024-07-08 23:00:00,55,0,3,52,0,16.9,7.0,0.0,0,1,0,0,0,0,0,1,0,0
2024-07-05 21:00:00,54,22,3,245,0,15.2,6.8,3.2,1,0,0,0,0,0,0,1,0,0
2024-07-13 20:00:00,47,21,3,179,0,18.5,5.5,0.4,0,0,1,0,0,0,0,1,0,0
2024-07-16 05:00:00,43,6,3,66,0,21.9,12.6,0.8,0,0,0,0,0,1,0,1,0,0
2024-07-31 05:00:00,42,6,3,28,0,22.9,7.9,0.3,0,0,0,0,0,0,1,1,0,0
2024-07-31 07:00:00,151,8,3,243,0,22.9,7.9,0.3,0,0,0,0,0,0,1,1,0,0
2024-07-28 10:00:00,149,11,3,527,0,20.3,5.5,0.0,0,0,0,1,0,0,0,1,0,0
2024-07-06 11:00:00,471,12,4,1813,0,16.7,8.4,5.9,0,0,1,0,0,0,0,1,0,0
2024-07-09 21:00:00,125,22,3,208,0,16.7,10.8,2.6,0,0,0,0,0,1,0,1,0,0
2024-07-23 21:00:00,121,22,3,400,0,20.1,12.5,0.2,0,0,0,0,0,1,0,1,0,0
2024-07-08 21:00:00,119,22,3,318,0,16.9,7.0,0.0,0,1,0,0,0,0,0,1,0,0
2024-07-30 21:00:00,118,22,3,259,0,11.2,5.5,0.2,0,0,0,0,0,1,0,1,0,0
2024-07-15 11:00:00,388,12,4,1247,0,19.2,10.6,0.0,0,1,0,0,0,0,0,1,0,0
2024-07-02 04:00:00,23,5,4,27,0,18.1,8.4,1.5,0,0,0,0,0,1,0,1,0,0
2024-07-04 04:00:00,20,5,4,53,0,17.5,6.9,0.0,0,0,0,0,1,0,0,1,0,0
2024-07-14 07:00:00,20,8,3,60,0,20.1,5.5,0.4,0,0,0,1,0,0,0,1,0,0
2024-07-15 09:00:00,312,10,2,745,0,19.2,10.6,0.0,0,1,0,0,0,0,0,1,0,0
2024-07-12 07:00:00,163,8,2,250,0,16.3,9.2,0.0,1,0,0,0,0,0,0,1,0,0
2024-07-06 05:00:00,31,6,2,46,0,16.7,8.4,5.9,0,0,1,0,0,0,0,1,0,0
2024-07-09 01:00:00,31,2,2,33,0,16.7,10.8,2.6,0,0,0,0,0,1,0,1,0,0
2024-07-24 04:00:00,27,5,2,26,0,18.9,12.5,0.8,0,0,0,0,0,0,1,1,0,0
2024-07-30 04:00:00,18,5,2,28,0,11.2,5.5,0.2,0,0,0,0,0,1,0,1,0,0
2024-07-26 12:00:00,545,13,2,1395,0,20.9,9.0,0.0,1,0,0,0,0,0,0,1,0,0
2024-07-08 12:00:00,469,13,2,816,0,16.9,7.0,0.0,0,1,0,0,0,0,0,1,0,0
2024-07-05 14:00:00,449,15,2,1034,0,15.2,6.8,3.2,1,0,0,0,0,0,0,1,0,0
2024-07-03 14:00:00,436,15,2,1155,0,16.2,8.1,0.6,0,0,0,0,0,0,1,1,0,0
2024-07-31 15:00:00,425,16,2,1198,0,22.9,7.9,0.3,0,0,0,0,0,0,1,1,0,0
2024-07-02 11:00:00,403,12,2,1114,0,18.1,8.4,1.5,0,0,0,0,0,1,0,1,0,0
2024-07-05 12:00:00,402,13,2,950,0,15.2,6.8,3.2,1,0,0,0,0,0,0,1,0,0
2024-07-15 12:00:00,398,13,2,1397,0,19.2,10.6,0.0,0,1,0,0,0,0,0,1,0,0
2024-07-08 16:00:00,396,17,2,801,0,16.9,7.0,0.0,0,1,0,0,0,0,0,1,0,0
2024-07-31 11:00:00,395,12,2,1708,0,22.9,7.9,0.3,0,0,0,0,0,0,1,1,0,0
2024-07-05 11:00:00,386,12,2,900,0,15.2,6.8,3.2,1,0,0,0,0,0,0,1,0,0
2024-07-13 16:00:00,383,17,2,1493,0,18.5,5.5,0.4,0,0,1,0,0,0,0,1,0,0
2024-07-16 09:00:00,379,10,2,788,0,21.9,12.6,0.8,0,0,0,0,0,1,0,1,0,0
2024-07-01 11:00:00,375,12,2,914,0,16.7,8.5,1.0,0,1,0,0,0,0,0,1,0,90
2024-07-31 10:00:00,351,11,2,1296,0,22.9,7.9,0.3,0,0,0,0,0,0,1,1,0,0
2024-07-08 10:00:00,347,11,2,846,0,16.9,7.0,0.0,0,1,0,0,0,0,0,1,0,0
2024-07-07 12:00:00,328,13,2,955,0,19.4,8.4,2.8,0,0,0,1,0,0,0,1,0,0
2024-07-13 18:00:00,323,19,2,850,0,18.5,5.5,0.4,0,0,1,0,0,0,0,1,0,0
2024-07-24 21:00:00,158,22,2,298,0,18.9,12.5,0.8,0,0,0,0,0,0,1,1,0,0
2024-07-11 08:00:00,294,9,2,535,0,18.6,10.6,0.0,0,0,0,0,1,0,0,1,0,0
2024-07-25 21:00:00,154,22,2,290,0,19.8,12.4,0.0,0,0,0,0,1,0,0,1,0,0
2024-07-01 20:00:00,145,21,2,452,0,16.7,8.5,1.0,0,1,0,0,0,0,0,1,0,90
2024-07-14 21:00:00,137,22,2,264,0,20.1,5.5,0.4,0,0,0,1,0,0,0,1,0,0
2024-07-10 21:00:00,120,22,2,132,0,16.6,11.2,1.1,0,0,0,0,0,0,1,1,0,0
2024-07-03 06:00:00,111,7,2,125,0,16.2,8.1,0.6,0,0,0,0,0,0,1,1,0,0
2024-07-10 06:00:00,97,7,2,113,0,16.6,11.2,1.1,0,0,0,0,0,0,1,1,0,0
2024-07-23 22:00:00,96,23,2,172,0,20.1,12.5,0.2,0,0,0,0,0,1,0,1,0,0
2024-07-26 06:00:00,95,7,2,140,0,20.9,9.0,0.0,1,0,0,0,0,0,0,1,0,0
2024-07-05 06:00:00,91,7,2,139,0,15.2,6.8,3.2,1,0,0,0,0,0,0,1,0,0
2024-07-28 09:00:00,89,10,2,304,0,20.3,5.5,0.0,0,0,0,1,0,0,0,1,0,0
2024-07-26 18:00:00,291,19,2,752,0,20.9,9.0,0.0,1,0,0,0,0,0,0,1,0,0
2024-07-01 00:00:00,74,1,2,158,0,16.7,8.5,1.0,0,1,0,0,0,0,0,1,0,90
2024-07-23 13:00:00,74,14,2,225,0,20.1,12.5,0.2,0,0,0,0,0,1,0,1,0,0
2024-07-28 18:00:00,72,19,2,206,0,20.3,5.5,0.0,0,0,0,1,0,0,0,1,0,0
2024-07-01 08:00:00,274,9,2,529,0,16.7,8.5,1.0,0,1,0,0,0,0,0,1,0,90
2024-07-13 04:00:00,4,5,3,15,0,18.5,5.5,0.4,0,0,1,0,0,0,0,1,0,0
2024-07-11 15:00:00,1016,16,2,730,0,18.6,10.6,0.0,0,0,0,0,1,0,0,1,0,0
2024-07-28 20:00:00,11,21,2,71,0,20.3,5.5,0.0,0,0,0,1,0,0,0,1,0,0
2024-07-16 13:00:00,262,14,2,892,0,21.9,12.6,0.8,0,0,0,0,0,1,0,1,0,0
2024-07-05 05:00:00,59,6,2,36,0,15.2,6.8,3.2,1,0,0,0,0,0,0,1,0,0
2024-07-03 19:00:00,219,20,2,623,0,16.2,8.1,0.6,0,0,0,0,0,0,1,1,0,0
2024-07-01 18:00:00,218,19,2,723,0,16.7,8.5,1.0,0,1,0,0,0,0,0,1,0,90
2024-07-27 08:00:00,202,9,2,268,0,22.0,5.5,0.0,0,0,1,0,0,0,0,1,0,0
2024-07-08 19:00:00,192,20,2,693,0,16.9,7.0,0.0,0,1,0,0,0,0,0,1,0,0
2024-07-08 07:00:00,175,8,2,177,0,16.9,7.0,0.0,0,1,0,0,0,0,0,1,0,0
2024-07-13 08:00:00,170,9,2,307,0,18.5,5.5,0.4,0,0,1,0,0,0,0,1,0,0
2024-07-24 20:00:00,165,21,2,444,0,18.9,12.5,0.8,0,0,0,0,0,0,1,1,0,0
2024-07-15 03:00:00,56,4,2,50,0,19.2,10.6,0.0,0,1,0,0,0,0,0,1,0,0
2024-07-27 06:00:00,49,7,2,70,0,22.0,5.5,0.0,0,0,1,0,0,0,0,1,0,0
2024-07-13 21:00:00,48,22,2,198,0,18.5,5.5,0.4,0,0,1,0,0,0,0,1,0,0
2024-07-11 20:00:00,45,21,2,128,0,18.6,10.6,0.0,0,0,0,0,1,0,0,1,0,0
2024-07-06 06:00:00,44,7,2,73,0,16.7,8.4,5.9,0,0,1,0,0,0,0,1,0,0
2024-07-29 22:00:00,39,23,2,103,0,21.6,5.5,0.0,0,1,0,0,0,0,0,1,0,0
2024-07-04 03:00:00,36,4,2,27,0,17.5,6.9,0.0,0,0,0,0,1,0,0,1,0,0
2024-07-11 21:00:00,34,22,2,99,0,18.6,10.6,0.0,0,0,0,0,1,0,0,1,0,0
2024-07-26 23:00:00,33,0,2,115,0,20.9,9.0,0.0,1,0,0,0,0,0,0,1,0,0
2024-07-25 23:00:00,36,0,1,116,0,19.8,12.4,0.0,0,0,0,0,1,0,0,1,0,0
2024-07-28 23:00:00,97,0,1,159,0,20.3,5.5,0.0,0,0,0,1,0,0,0,1,0,0
2024-07-12 04:00:00,34,5,1,17,0,16.3,9.2,0.0,1,0,0,0,0,0,0,1,0,0
2024-07-08 00:00:00,96,1,1,141,0,16.9,7.0,0.0,0,1,0,0,0,0,0,1,0,0
2024-07-02 03:00:00,34,4,1,23,0,18.1,8.4,1.5,0,0,0,0,0,1,0,1,0,0
2024-07-28 06:00:00,33,7,1,64,0,20.3,5.5,0.0,0,0,0,1,0,0,0,1,0,0
2024-07-13 01:00:00,31,2,1,112,0,18.5,5.5,0.4,0,0,1,0,0,0,0,1,0,0
2024-07-06 04:00:00,31,5,1,35,0,16.7,8.4,5.9,0,0,1,0,0,0,0,1,0,0
2024-07-07 22:00:00,31,23,1,83,0,19.4,8.4,2.8,0,0,0,1,0,0,0,1,0,0
2024-07-31 12:00:00,466,13,1,1850,0,22.9,7.9,0.3,0,0,0,0,0,0,1,1,0,0
2024-07-06 12:00:00,452,13,1,2119,0,16.7,8.4,5.9,0,0,1,0,0,0,0,1,0,0
2024-07-08 15:00:00,450,16,1,918,0,16.9,7.0,0.0,0,1,0,0,0,0,0,1,0,0
2024-07-27 05:00:00,29,6,1,24,0,22.0,5.5,0.0,0,0,1,0,0,0,0,1,0,0
2024-07-06 19:00:00,217,20,1,411,0,16.7,8.4,5.9,0,0,1,0,0,0,0,1,0,0
2024-07-28 17:00:00,216,18,1,670,0,20.3,5.5,0.0,0,0,0,1,0,0,0,1,0,0
2024-07-31 02:00:00,29,3,1,37,0,22.9,7.9,0.3,0,0,0,0,0,0,1,1,0,0
2024-07-11 06:00:00,89,7,1,119,0,18.6,10.6,0.0,0,0,0,0,1,0,0,1,0,0
2024-07-08 04:00:00,28,5,1,61,0,16.9,7.0,0.0,0,1,0,0,0,0,0,1,0,0
2024-07-10 20:00:00,144,21,1,214,0,16.6,11.2,1.1,0,0,0,0,0,0,1,1,0,0
2024-07-06 15:00:00,431,16,1,1060,0,16.7,8.4,5.9,0,0,1,0,0,0,0,1,0,0
2024-07-02 22:00:00,89,23,1,131,0,18.1,8.4,1.5,0,0,0,0,0,1,0,1,0,0
2024-07-07 08:00:00,62,9,1,133,0,19.4,8.4,2.8,0,0,0,1,0,0,0,1,0,0
2024-07-06 08:00:00,204,9,1,472,0,16.7,8.4,5.9,0,0,1,0,0,0,0,1,0,0
2024-07-04 12:00:00,409,13,1,1190,0,17.5,6.9,0.0,0,0,0,0,1,0,0,1,0,0
2024-07-11 23:00:00,26,0,1,114,0,18.6,10.6,0.0,0,0,0,0,1,0,0,1,0,0
2024-07-26 02:00:00,59,3,1,102,0,20.9,9.0,0.0,1,0,0,0,0,0,0,1,0,0
2024-07-03 20:00:00,187,21,1,485,0,16.2,8.1,0.6,0,0,0,0,0,0,1,1,0,0
2024-07-02 06:00:00,87,7,1,96,0,18.1,8.4,1.5,0,0,0,0,0,1,0,1,0,0
2024-07-11 07:00:00,186,8,1,230,0,18.6,10.6,0.0,0,0,0,0,1,0,0,1,0,0
2024-07-14 05:00:00,3,6,2,23,0,20.1,5.5,0.4,0,0,0,1,0,0,0,1,0,0
2024-07-06 16:00:00,405,17,1,1080,0,16.7,8.4,5.9,0,0,1,0,0,0,0,1,0,0
2024-07-07 06:00:00,25,7,1,42,0,19.4,8.4,2.8,0,0,0,1,0,0,0,1,0,0
2024-07-03 04:00:00,24,5,1,11,0,16.2,8.1,0.6,0,0,0,0,0,0,1,1,0,0
2024-07-31 04:00:00,23,5,1,23,0,22.9,7.9,0.3,0,0,0,0,0,0,1,1,0,0
2024-07-15 04:00:00,22,5,1,27,0,19.2,10.6,0.0,0,1,0,0,0,0,0,1,0,0
2024-07-02 02:00:00,22,3,1,25,0,18.1,8.4,1.5,0,0,0,0,0,1,0,1,0,0
2024-07-07 05:00:00,19,6,1,19,0,19.4,8.4,2.8,0,0,0,1,0,0,0,1,0,0
2024-07-05 04:00:00,18,5,1,36,0,15.2,6.8,3.2,1,0,0,0,0,0,0,1,0,0
2024-07-27 02:00:00,139,3,1,145,0,22.0,5.5,0.0,0,0,1,0,0,0,0,1,0,0
2024-07-04 13:00:00,389,14,1,1105,0,17.5,6.9,0.0,0,0,0,0,1,0,0,1,0,0
2024-07-03 05:00:00,58,6,1,33,0,16.2,8.1,0.6,0,0,0,0,0,0,1,1,0,0
2024-07-06 21:00:00,185,22,1,231,0,16.7,8.4,5.9,0,0,1,0,0,0,0,1,0,0
2024-07-08 20:00:00,138,21,1,560,0,16.9,7.0,0.0,0,1,0,0,0,0,0,1,0,0
2024-07-01 14:00:00,381,15,1,1402,0,16.7,8.5,1.0,0,1,0,0,0,0,0,1,0,90
2024-07-28 02:00:00,178,3,1,195,0,20.3,5.5,0.0,0,0,0,1,0,0,0,1,0,0
2024-07-31 21:00:00,133,22,1,240,0,22.9,7.9,0.3,0,0,0,0,0,0,1,1,0,0
2024-07-10 07:00:00,177,8,1,231,0,16.6,11.2,1.1,0,0,0,0,0,0,1,1,0,0
2024-07-01 05:00:00,54,6,1,71,0,16.7,8.5,1.0,0,1,0,0,0,0,0,1,0,90
2024-07-04 07:00:00,176,8,1,303,0,17.5,6.9,0.0,0,0,0,0,1,0,0,1,0,0
2024-07-09 02:00:00,16,3,1,22,0,16.7,10.8,2.6,0,0,0,0,0,1,0,1,0,0
2024-07-06 03:00:00,83,4,1,135,0,16.7,8.4,5.9,0,0,1,0,0,0,0,1,0,0
2024-07-12 22:00:00,52,23,1,235,0,16.3,9.2,0.0,1,0,0,0,0,0,0,1,0,0
2024-07-29 05:00:00,51,6,1,54,0,21.6,5.5,0.0,0,1,0,0,0,0,0,1,0,0
2024-07-29 00:00:00,77,1,1,125,0,21.6,5.5,0.0,0,1,0,0,0,0,0,1,0,0
2024-07-30 15:00:00,356,16,1,922,0,11.2,5.5,0.2,0,0,0,0,0,1,0,1,0,0
2024-07-30 07:00:00,160,8,1,227,0,11.2,5.5,0.2,0,0,0,0,0,1,0,1,0,0
2024-07-15 21:00:00,124,22,1,350,0,19.2,10.6,0.0,0,1,0,0,0,0,0,1,0,0
2024-07-11 09:00:00,336,10,1,770,0,18.6,10.6,0.0,0,0,0,0,1,0,0,1,0,0
2024-07-13 22:00:00,48,23,1,231,0,18.5,5.5,0.4,0,0,1,0,0,0,0,1,0,0
2024-07-04 22:00:00,120,23,1,217,0,17.5,6.9,0.0,0,0,0,0,1,0,0,1,0,0
2024-07-07 10:00:00,157,11,1,578,0,19.4,8.4,2.8,0,0,0,1,0,0,0,1,0,0
2024-07-12 18:00:00,318,19,1,832,0,16.3,9.2,0.0,1,0,0,0,0,0,0,1,0,0
2024-07-27 22:00:00,46,23,1,158,0,22.0,5.5,0.0,0,0,1,0,0,0,0,1,0,0
2024-07-26 07:00:00,155,8,1,192,0,20.9,9.0,0.0,1,0,0,0,0,0,0,1,0,0
2024-07-08 01:00:00,45,2,1,54,0,16.9,7.0,0.0,0,1,0,0,0,0,0,1,0,0
2024-07-06 17:00:00,316,18,1,951,0,16.7,8.4,5.9,0,0,1,0,0,0,0,1,0,0
2024-07-29 01:00:00,45,2,1,48,0,21.6,5.5,0.0,0,1,0,0,0,0,0,1,0,0
2024-07-01 22:00:00,112,23,1,188,0,16.7,8.5,1.0,0,1,0,0,0,0,0,1,0,90
2024-07-16 08:00:00,291,9,1,507,0,21.9,12.6,0.8,0,0,0,0,0,1,0,1,0,0
2024-07-13 23:00:00,45,0,1,144,0,18.5,5.5,0.4,0,0,1,0,0,0,0,1,0,0
2024-07-27 01:00:00,150,2,1,210,0,22.0,5.5,0.0,0,0,1,0,0,0,0,1,0,0
2024-07-06 07:00:00,111,8,1,195,0,16.7,8.4,5.9,0,0,1,0,0,0,0,1,0,0
2024-07-10 08:00:00,287,9,1,508,0,16.6,11.2,1.1,0,0,0,0,0,0,1,1,0,0
2024-07-28 07:00:00,44,8,1,75,0,20.3,5.5,0.0,0,0,0,1,0,0,0,1,0,0
2024-07-27 07:00:00,111,8,1,157,0,22.0,5.5,0.0,0,0,1,0,0,0,0,1,0,0
2024-07-25 01:00:00,43,2,1,68,0,19.8,12.4,0.0,0,0,0,0,1,0,0,1,0,0
2024-07-01 21:00:00,109,22,1,326,0,16.7,8.5,1.0,0,1,0,0,0,0,0,1,0,90
2024-07-06 09:00:00,269,10,1,845,0,16.7,8.4,5.9,0,0,1,0,0,0,0,1,0,0
2024-07-11 22:00:00,109,23,1,146,0,18.6,10.6,0.0,0,0,0,0,1,0,0,1,0,0
2024-07-24 01:00:00,42,2,1,48,0,18.9,12.5,0.8,0,0,0,0,0,0,1,1,0,0
2024-07-09 18:00:00,256,19,1,573,0,16.7,10.8,2.6,0,0,0,0,0,1,0,1,0,0
2024-07-02 23:00:00,40,0,1,75,0,18.1,8.4,1.5,0,0,0,0,0,1,0,1,0,0
2024-07-10 01:00:00,39,2,1,33,0,16.6,11.2,1.1,0,0,0,0,0,0,1,1,0,0
2024-07-10 22:00:00,104,23,1,129,0,16.6,11.2,1.1,0,0,0,0,0,0,1,1,0,0
2024-07-30 02:00:00,37,3,1,57,0,11.2,5.5,0.2,0,0,0,0,0,1,0,1,0,0
2024-07-29 03:00:00,36,4,1,159,0,21.6,5.5,0.0,0,1,0,0,0,0,0,1,0,0
2024-07-08 03:00:00,36,4,1,98,0,16.9,7.0,0.0,0,1,0,0,0,0,0,1,0,0
2024-07-28 21:00:00,6,22,1,44,0,20.3,5.5,0.0,0,0,0,1,0,0,0,1,0,0
2024-07-06 23:00:00,55,0,0,124,0,16.7,8.4,5.9,0,0,1,0,0,0,0,1,0,0
2024-07-11 13:00:00,431,14,0,1314,0,18.6,10.6,0.0,0,0,0,0,1,0,0,1,0,0
2024-07-12 23:00:00,54,0,0,134,0,16.3,9.2,0.0,1,0,0,0,0,0,0,1,0,0
2024-07-25 00:00:00,68,1,0,75,0,19.8,12.4,0.0,0,0,0,0,1,0,0,1,0,0
2024-07-04 14:00:00,389,15,0,1105,0,17.5,6.9,0.0,0,0,0,0,1,0,0,1,0,0
2024-07-11 12:00:00,388,13,0,1406,0,18.6,10.6,0.0,0,0,0,0,1,0,0,1,0,0
2024-07-15 01:00:00,88,2,0,105,0,19.2,10.6,0.0,0,1,0,0,0,0,0,1,0,0
2024-07-31 23:00:00,66,0,0,89,0,22.9,7.9,0.3,0,0,0,0,0,0,1,1,0,0
2024-07-26 11:00:00,365,12,0,1466,0,20.9,9.0,0.0,1,0,0,0,0,0,0,1,0,0
2024-07-11 01:00:00,53,2,0,75,0,18.6,10.6,0.0,0,0,0,0,1,0,0,1,0,0
2024-07-04 00:00:00,65,1,0,80,0,17.5,6.9,0.0,0,0,0,0,1,0,0,1,0,0
2024-07-15 00:00:00,87,1,0,59,0,19.2,10.6,0.0,0,1,0,0,0,0,0,1,0,0
2024-07-11 11:00:00,353,12,0,1091,0,18.6,10.6,0.0,0,0,0,0,1,0,0,1,0,0
2024-07-29 02:00:00,64,3,0,102,0,21.6,5.5,0.0,0,1,0,0,0,0,0,1,0,0
2024-07-01 07:00:00,176,8,0,334,0,16.7,8.5,1.0,0,1,0,0,0,0,0,1,0,90
2024-07-27 00:00:00,174,1,0,216,0,22.0,5.5,0.0,0,0,1,0,0,0,0,1,0,0
2024-07-07 02:00:00,166,3,0,157,0,19.4,8.4,2.8,0,0,0,1,0,0,0,1,0,0
2024-07-01 19:00:00,158,20,0,610,0,16.7,8.5,1.0,0,1,0,0,0,0,0,1,0,90
2024-07-14 22:00:00,153,23,0,327,0,20.1,5.5,0.4,0,0,0,1,0,0,0,1,0,0
2024-07-04 21:00:00,146,22,0,460,0,17.5,6.9,0.0,0,0,0,0,1,0,0,1,0,0
2024-07-28 03:00:00,134,4,0,303,0,20.3,5.5,0.0,0,0,0,1,0,0,0,1,0,0
2024-07-06 02:00:00,129,3,0,109,0,16.7,8.4,5.9,0,0,1,0,0,0,0,1,0,0
2024-07-07 03:00:00,123,4,0,117,0,19.4,8.4,2.8,0,0,0,1,0,0,0,1,0,0
2024-07-28 00:00:00,122,1,0,194,0,20.3,5.5,0.0,0,0,0,1,0,0,0,1,0,0
2024-07-13 07:00:00,120,8,0,158,0,18.5,5.5,0.4,0,0,1,0,0,0,0,1,0,0
2024-07-08 22:00:00,118,23,0,208,0,16.9,7.0,0.0,0,1,0,0,0,0,0,1,0,0
2024-07-15 23:00:00,63,0,0,77,0,19.2,10.6,0.0,0,1,0,0,0,0,0,1,0,0
2024-07-03 22:00:00,116,23,0,353,0,16.2,8.1,0.6,0,0,0,0,0,0,1,1,0,0
2024-07-01 17:00:00,346,18,0,1103,0,16.7,8.5,1.0,0,1,0,0,0,0,0,1,0,90
2024-07-01 12:00:00,340,13,0,1094,0,16.7,8.5,1.0,0,1,0,0,0,0,0,1,0,90
2024-07-02 21:00:00,115,22,0,148,0,18.1,8.4,1.5,0,0,0,0,0,1,0,1,0,0
2024-07-24 23:00:00,115,0,0,182,0,18.9,12.5,0.8,0,0,0,0,0,0,1,1,0,0
2024-07-01 09:00:00,270,10,0,796,0,16.7,8.5,1.0,0,1,0,0,0,0,0,1,0,90
2024-07-05 20:00:00,197,21,0,486,0,15.2,6.8,3.2,1,0,0,0,0,0,0,1,0,0
2024-07-28 01:00:00,196,2,0,296,0,20.3,5.5,0.0,0,0,0,1,0,0,0,1,0,0
2024-07-12 06:00:00,83,7,0,99,0,16.3,9.2,0.0,1,0,0,0,0,0,0,1,0,0
2024-07-27 03:00:00,114,4,0,146,0,22.0,5.5,0.0,0,0,1,0,0,0,0,1,0,0
2024-07-29 23:00:00,82,0,0,168,0,21.6,5.5,0.0,0,1,0,0,0,0,0,1,0,0
2024-07-04 02:00:00,62,3,0,64,0,17.5,6.9,0.0,0,0,0,0,1,0,0,1,0,0
2024-07-24 22:00:00,112,23,0,166,0,18.9,12.5,0.8,0,0,0,0,0,0,1,1,0,0
2024-07-25 22:00:00,110,23,0,207,0,19.8,12.4,0.0,0,0,0,0,1,0,0,1,0,0
2024-07-09 22:00:00,110,23,0,113,0,16.7,10.8,2.6,0,0,0,0,0,1,0,1,0,0
2024-07-23 23:00:00,110,0,0,107,0,20.1,12.5,0.2,0,0,0,0,0,1,0,1,0,0
2024-07-15 02:00:00,79,3,0,126,0,19.2,10.6,0.0,0,1,0,0,0,0,0,1,0,0
2024-07-28 04:00:00,60,5,0,59,0,20.3,5.5,0.0,0,0,0,1,0,0,0,1,0,0
2024-07-26 22:00:00,78,23,0,110,0,20.9,9.0,0.0,1,0,0,0,0,0,0,1,0,0
2024-07-25 05:00:00,59,6,0,38,0,19.8,12.4,0.0,0,0,0,0,1,0,0,1,0,0
2024-07-10 00:00:00,59,1,0,48,0,16.6,11.2,1.1,0,0,0,0,0,0,1,1,0,0
2024-07-07 23:00:00,76,0,0,94,0,19.4,8.4,2.8,0,0,0,1,0,0,0,1,0,0
2024-07-07 01:00:00,102,2,0,134,0,19.4,8.4,2.8,0,0,0,1,0,0,0,1,0,0
2024-07-24 00:00:00,76,1,0,62,0,18.9,12.5,0.8,0,0,0,0,0,0,1,1,0,0
2024-07-08 02:00:00,58,3,0,105,0,16.9,7.0,0.0,0,1,0,0,0,0,0,1,0,0
2024-07-31 01:00:00,50,2,0,87,0,22.9,7.9,0.3,0,0,0,0,0,0,1,1,0,0
2024-07-08 06:00:00,75,7,0,98,0,16.9,7.0,0.0,0,1,0,0,0,0,0,1,0,0
2024-07-04 01:00:00,49,2,0,52,0,17.5,6.9,0.0,0,0,0,0,1,0,0,1,0,0
2024-07-31 22:00:00,101,23,0,151,0,22.9,7.9,0.3,0,0,0,0,0,0,1,1,0,0
2024-07-11 05:00:00,48,6,0,86,0,18.6,10.6,0.0,0,0,0,0,1,0,0,1,0,0
2024-07-30 00:00:00,58,1,0,63,0,11.2,5.5,0.2,0,0,0,0,0,1,0,1,0,0
2024-07-01 01:00:00,57,2,0,89,0,16.7,8.5,1.0,0,1,0,0,0,0,0,1,0,90
2024-07-01 23:00:00,57,0,0,53,0,16.7,8.5,1.0,0,1,0,0,0,0,0,1,0,90
2024-07-05 01:00:00,56,2,0,49,0,15.2,6.8,3.2,1,0,0,0,0,0,0,1,0,0
2024-07-11 02:00:00,56,3,0,82,0,18.6,10.6,0.0,0,0,0,0,1,0,0,1,0,0
2024-07-05 00:00:00,55,1,0,92,0,15.2,6.8,3.2,1,0,0,0,0,0,0,1,0,0
2024-07-10 05:00:00,48,6,0,49,0,16.6,11.2,1.1,0,0,0,0,0,0,1,1,0,0
2024-07-09 23:00:00,72,0,0,44,0,16.7,10.8,2.6,0,0,0,0,0,1,0,1,0,0
2024-07-07 09:00:00,97,10,0,373,0,19.4,8.4,2.8,0,0,0,1,0,0,0,1,0,0
2024-07-25 02:00:00,47,3,0,53,0,19.8,12.4,0.0,0,0,0,0,1,0,0,1,0,0
2024-07-01 02:00:00,71,3,0,50,0,16.7,8.5,1.0,0,1,0,0,0,0,0,1,0,90
2024-07-03 23:00:00,96,0,0,118,0,16.2,8.1,0.6,0,0,0,0,0,0,1,1,0,0
2024-07-02 05:00:00,47,6,0,34,0,18.1,8.4,1.5,0,0,0,0,0,1,0,1,0,0
2024-07-15 22:00:00,95,23,0,163,0,19.2,10.6,0.0,0,1,0,0,0,0,0,1,0,0
2024-07-24 02:00:00,47,3,0,33,0,18.9,12.5,0.8,0,0,0,0,0,0,1,1,0,0
2024-07-28 08:00:00,71,9,0,166,0,20.3,5.5,0.0,0,0,0,1,0,0,0,1,0,0
2024-07-04 23:00:00,71,0,0,89,0,17.5,6.9,0.0,0,0,0,0,1,0,0,1,0,0
2024-07-16 00:00:00,46,1,0,54,0,21.9,12.6,0.8,0,0,0,0,0,1,0,1,0,0
2024-07-07 07:00:00,44,8,0,66,0,19.4,8.4,2.8,0,0,0,1,0,0,0,1,0,0
2024-07-30 22:00:00,94,23,0,197,0,11.2,5.5,0.2,0,0,0,0,0,1,0,1,0,0
2024-07-25 06:00:00,91,7,0,146,0,19.8,12.4,0.0,0,0,0,0,1,0,0,1,0,0
2024-07-30 23:00:00,91,0,0,125,0,11.2,5.5,0.2,0,0,0,0,0,1,0,1,0,0
2024-07-14 23:00:00,31,0,0,157,0,20.1,5.5,0.4,0,0,0,1,0,0,0,1,0,0
2024-07-16 04:00:00,31,5,0,26,0,21.9,12.6,0.8,0,0,0,0,0,1,0,1,0,0
2024-07-09 03:00:00,8,4,0,39,0,16.7,10.8,2.6,0,0,0,0,0,1,0,1,0,0
2024-07-26 03:00:00,29,4,0,53,0,20.9,9.0,0.0,1,0,0,0,0,0,0,1,0,0
2024-07-29 04:00:00,29,5,0,56,0,21.6,5.5,0.0,0,1,0,0,0,0,0,1,0,0
2024-07-14 00:00:00,29,1,0,94,0,20.1,5.5,0.4,0,0,0,1,0,0,0,1,0,0
2024-07-09 00:00:00,29,1,0,24,0,16.7,10.8,2.6,0,0,0,0,0,1,0,1,0,0
2024-07-03 03:00:00,28,4,0,12,0,16.2,8.1,0.6,0,0,0,0,0,0,1,1,0,0
2024-07-24 03:00:00,21,4,0,48,0,18.9,12.5,0.8,0,0,0,0,0,0,1,1,0,0
2024-07-25 03:00:00,27,4,0,54,0,19.8,12.4,0.0,0,0,0,0,1,0,0,1,0,0
2024-07-10 03:00:00,21,4,0,18,0,16.6,11.2,1.1,0,0,0,0,0,0,1,1,0,0
2024-07-10 02:00:00,27,3,0,37,0,16.6,11.2,1.1,0,0,0,0,0,0,1,1,0,0
2024-07-03 02:00:00,21,3,0,16,0,16.2,8.1,0.6,0,0,0,0,0,0,1,1,0,0
2024-07-26 00:00:00,26,1,0,67,0,20.9,9.0,0.0,1,0,0,0,0,0,0,1,0,0
2024-07-01 04:00:00,24,5,0,44,0,16.7,8.5,1.0,0,1,0,0,0,0,0,1,0,90
2024-07-16 01:00:00,24,2,0,33,0,21.9,12.6,0.8,0,0,0,0,0,1,0,1,0,0
2024-07-03 01:00:00,24,2,0,75,0,16.2,8.1,0.6,0,0,0,0,0,0,1,1,0,0
2024-07-05 03:00:00,23,4,0,14,0,15.2,6.8,3.2,1,0,0,0,0,0,0,1,0,0
2024-07-06 00:00:00,23,1,0,112,0,16.7,8.4,5.9,0,0,1,0,0,0,0,1,0,0
2024-07-11 00:00:00,23,1,0,58,0,18.6,10.6,0.0,0,0,0,0,1,0,0,1,0,0
2024-07-31 03:00:00,22,4,0,21,0,22.9,7.9,0.3,0,0,0,0,0,0,1,1,0,0
2024-07-12 00:00:00,21,1,0,35,0,16.3,9.2,0.0,1,0,0,0,0,0,0,1,0,0
2024-07-02 00:00:00,21,1,0,31,0,18.1,8.4,1.5,0,0,0,0,0,1,0,1,0,0
2024-07-27 23:00:00,41,0,0,96,0,22.0,5.5,0.0,0,0,1,0,0,0,0,1,0,0
2024-07-28 22:00:00,41,23,0,99,0,20.3,5.5,0.0,0,0,0,1,0,0,0,1,0,0
2024-07-14 04:00:00,5,5,0,22,0,20.1,5.5,0.4,0,0,0,1,0,0,0,1,0,0
2024-07-14 02:00:00,40,3,0,53,0,20.1,5.5,0.4,0,0,0,1,0,0,0,1,0,0
2024-07-05 23:00:00,39,0,0,143,0,15.2,6.8,3.2,1,0,0,0,0,0,0,1,0,0
2024-07-05 02:00:00,39,3,0,34,0,15.2,6.8,3.2,1,0,0,0,0,0,0,1,0,0
2024-07-12 01:00:00,18,2,0,27,0,16.3,9.2,0.0,1,0,0,0,0,0,0,1,0,0
2024-07-11 04:00:00,18,5,0,22,0,18.6,10.6,0.0,0,0,0,0,1,0,0,1,0,0
2024-07-06 01:00:00,38,2,0,102,0,16.7,8.4,5.9,0,0,1,0,0,0,0,1,0,0
2024-07-13 00:00:00,38,1,0,100,0,18.5,5.5,0.4,0,0,1,0,0,0,0,1,0,0
2024-07-13 02:00:00,38,3,0,89,0,18.5,5.5,0.4,0,0,1,0,0,0,0,1,0,0
2024-07-25 04:00:00,17,5,0,19,0,19.8,12.4,0.0,0,0,0,0,1,0,0,1,0,0
2024-07-30 03:00:00,17,4,0,38,0,11.2,5.5,0.2,0,0,0,0,0,1,0,1,0,0
2024-07-02 01:00:00,17,2,0,23,0,18.1,8.4,1.5,0,0,0,0,0,1,0,1,0,0
2024-07-11 03:00:00,37,4,0,12,0,18.6,10.6,0.0,0,0,0,0,1,0,0,1,0,0
2024-07-14 01:00:00,36,2,0,107,0,20.1,5.5,0.4,0,0,0,1,0,0,0,1,0,0
2024-07-07 04:00:00,36,5,0,82,0,19.4,8.4,2.8,0,0,0,1,0,0,0,1,0,0
2024-07-10 23:00:00,36,0,0,91,0,16.6,11.2,1.1,0,0,0,0,0,0,1,1,0,0
2024-07-08 05:00:00,35,6,0,56,0,16.9,7.0,0.0,0,1,0,0,0,0,0,1,0,0
2024-07-13 03:00:00,15,4,0,38,0,18.5,5.5,0.4,0,0,1,0,0,0,0,1,0,0
2024-07-27 04:00:00,35,5,0,52,0,22.0,5.5,0.0,0,0,1,0,0,0,0,1,0,0
2024-07-16 02:00:00,15,3,0,22,0,21.9,12.6,0.8,0,0,0,0,0,1,0,1,0,0
2024-07-10 04:00:00,15,5,0,21,0,16.6,11.2,1.1,0,0,0,0,0,0,1,1,0,0
2024-07-16 03:00:00,13,4,0,11,0,21.9,12.6,0.8,0,0,0,0,0,1,0,1,0,0
2024-07-14 03:00:00,12,4,0,38,0,20.1,5.5,0.4,0,0,0,1,0,0,0,1,0,0
2024-07-12 02:00:00,10,3,0,31,0,16.3,9.2,0.0,1,0,0,0,0,0,0,1,0,0
2024-07-12 03:00:00,10,4,0,26,0,16.3,9.2,0.0,1,0,0,0,0,0,0,1,0,0
2024-07-26 01:00:00,9,2,0,36,0,20.9,9.0,0.0,1,0,0,0,0,0,0,1,0,0
2024-07-03 00:00:00,35,1,0,31,0,16.2,8.1,0.6,0,0,0,0,0,0,1,1,0,0
2024-07-30 01:00:00,34,2,0,118,0,11.2,5.5,0.2,0,0,0,0,0,1,0,1,0,0
2024-07-05 22:00:00,33,23,0,166,0,15.2,6.8,3.2,1,0,0,0,0,0,0,1,0,0
2024-07-07 00:00:00,33,1,0,116,0,19.4,8.4,2.8,0,0,0,1,0,0,0,1,0,0
2024-07-14 08:00:00,32,9,0,64,0,20.1,5.5,0.4,0,0,0,1,0,0,0,1,0,0
2023-08-01 02:00:00,16,3,0,8,0,17.8,13.1,0.0,0,0,0,0,0,1,0,1,0,0
2023-08-02 12:00:00,508,13,15,1424,0,19.8,13.5,2.1,0,0,0,0,0,0,1,1,0,0
2023-08-02 11:00:00,477,12,13,1074,0,19.8,13.5,2.1,0,0,0,0,0,0,1,1,0,0
2023-08-02 09:00:00,352,10,12,837,0,19.8,13.5,2.1,0,0,0,0,0,0,1,1,0,0
2023-08-02 19:00:00,287,20,12,373,0,19.8,13.5,2.1,0,0,0,0,0,0,1,1,0,0
2023-08-02 17:00:00,225,18,9,845,0,19.8,13.5,2.1,0,0,0,0,0,0,1,1,0,0
2023-08-02 18:00:00,316,19,8,459,0,19.8,13.5,2.1,0,0,0,0,0,0,1,1,0,0
2023-08-02 07:00:00,92,8,8,104,0,19.8,13.5,2.1,0,0,0,0,0,0,1,1,0,0
2023-08-02 20:00:00,206,21,6,276,0,19.8,13.5,2.1,0,0,0,0,0,0,1,1,0,0
2023-08-02 15:00:00,462,16,5,908,0,19.8,13.5,2.1,0,0,0,0,0,0,1,1,0,0
2023-08-02 06:00:00,32,7,5,45,0,19.8,13.5,2.1,0,0,0,0,0,0,1,1,0,0
2023-08-02 16:00:00,340,17,4,977,0,19.8,13.5,2.1,0,0,0,0,0,0,1,1,0,0
2023-08-02 13:00:00,428,14,3,1097,0,19.8,13.5,2.1,0,0,0,0,0,0,1,1,0,0
2023-08-02 14:00:00,372,15,3,903,0,19.8,13.5,2.1,0,0,0,0,0,0,1,1,0,0
2023-08-02 05:00:00,8,6,3,19,0,19.8,13.5,2.1,0,0,0,0,0,0,1,1,0,0
2023-08-02 08:00:00,280,9,2,644,0,19.8,13.5,2.1,0,0,0,0,0,0,1,1,0,0
2023-08-02 21:00:00,223,22,2,251,0,19.8,13.5,2.1,0,0,0,0,0,0,1,1,0,0
2023-08-02 10:00:00,406,11,1,1399,0,19.8,13.5,2.1,0,0,0,0,0,0,1,1,0,0
2023-08-02 22:00:00,96,23,1,114,0,19.8,13.5,2.1,0,0,0,0,0,0,1,1,0,0
2023-08-02 04:00:00,14,5,1,5,0,19.8,13.5,2.1,0,0,0,0,0,0,1,1,0,0
2023-08-02 23:00:00,62,0,0,136,0,19.8,13.5,2.1,0,0,0,0,0,0,1,1,0,0
2023-08-02 01:00:00,15,2,0,7,0,19.8,13.5,2.1,0,0,0,0,0,0,1,1,0,0
2023-08-02 00:00:00,10,1,0,27,0,19.8,13.5,2.1,0,0,0,0,0,0,1,1,0,0
2023-08-02 02:00:00,9,3,0,8,0,19.8,13.5,2.1,0,0,0,0,0,0,1,1,0,0
2023-08-02 03:00:00,2,4,0,7,0,19.8,13.5,2.1,0,0,0,0,0,0,1,1,0,0
2023-08-03 12:00:00,195,13,19,1144,0,17.3,11.8,0.0,0,0,0,0,1,0,0,1,0,0
2023-08-03 16:00:00,195,17,15,898,0,17.3,11.8,0.0,0,0,0,0,1,0,0,1,0,0
2023-08-03 20:00:00,239,21,14,557,0,17.3,11.8,0.0,0,0,0,0,1,0,0,1,0,0
2023-08-03 17:00:00,154,18,14,774,0,17.3,11.8,0.0,0,0,0,0,1,0,0,1,0,0
2023-08-03 14:00:00,207,15,12,1044,0,17.3,11.8,0.0,0,0,0,0,1,0,0,1,0,0
2023-08-03 11:00:00,299,12,11,849,0,17.3,11.8,0.0,0,0,0,0,1,0,0,1,0,0
2023-08-03 13:00:00,210,14,10,1043,0,17.3,11.8,0.0,0,0,0,0,1,0,0,1,0,0
2023-08-03 15:00:00,206,16,9,986,0,17.3,11.8,0.0,0,0,0,0,1,0,0,1,0,0
2023-08-03 19:00:00,242,20,8,562,0,17.3,11.8,0.0,0,0,0,0,1,0,0,1,0,0
2023-08-03 08:00:00,289,9,7,444,0,17.3,11.8,0.0,0,0,0,0,1,0,0,1,0,0
2023-08-03 10:00:00,419,11,6,867,0,17.3,11.8,0.0,0,0,0,0,1,0,0,1,0,0
2023-08-03 09:00:00,350,10,4,604,0,17.3,11.8,0.0,0,0,0,0,1,0,0,1,0,0
2023-08-03 23:00:00,120,0,4,123,0,17.3,11.8,0.0,0,0,0,0,1,0,0,1,0,0
2023-08-03 07:00:00,188,8,3,260,0,17.3,11.8,0.0,0,0,0,0,1,0,0,1,0,0
2023-08-03 06:00:00,89,7,3,96,0,17.3,11.8,0.0,0,0,0,0,1,0,0,1,0,0
2023-08-03 18:00:00,281,19,2,727,0,17.3,11.8,0.0,0,0,0,0,1,0,0,1,0,0
2023-08-03 22:00:00,77,23,2,164,0,17.3,11.8,0.0,0,0,0,0,1,0,0,1,0,0
2023-08-03 05:00:00,52,6,2,69,0,17.3,11.8,0.0,0,0,0,0,1,0,0,1,0,0
2023-08-03 21:00:00,112,22,1,364,0,17.3,11.8,0.0,0,0,0,0,1,0,0,1,0,0
2023-08-03 00:00:00,38,1,1,94,0,17.3,11.8,0.0,0,0,0,0,1,0,0,1,0,0
2023-08-03 04:00:00,37,5,1,19,0,17.3,11.8,0.0,0,0,0,0,1,0,0,1,0,0
2023-08-03 02:00:00,37,3,0,160,0,17.3,11.8,0.0,0,0,0,0,1,0,0,1,0,0
2023-08-03 01:00:00,17,2,0,62,0,17.3,11.8,0.0,0,0,0,0,1,0,0,1,0,0
2023-08-03 03:00:00,14,4,0,23,0,17.3,11.8,0.0,0,0,0,0,1,0,0,1,0,0
2023-08-04 12:00:00,651,13,21,1186,0,15.4,11.3,1.6,1,0,0,0,0,0,0,1,0,0
2023-08-01 10:00:00,408,11,13,1398,0,17.8,13.1,0.0,0,0,0,0,0,1,0,1,0,0
2023-08-01 17:00:00,432,18,12,1247,0,17.8,13.1,0.0,0,0,0,0,0,1,0,1,0,0
2023-08-01 14:00:00,503,15,7,1987,0,17.8,13.1,0.0,0,0,0,0,0,1,0,1,0,0
2023-08-01 12:00:00,497,13,7,1746,0,17.8,13.1,0.0,0,0,0,0,0,1,0,1,0,0
2023-08-01 16:00:00,435,17,7,1463,0,17.8,13.1,0.0,0,0,0,0,0,1,0,1,0,0
2023-08-01 11:00:00,431,12,7,1796,0,17.8,13.1,0.0,0,0,0,0,0,1,0,1,0,0
2023-08-01 09:00:00,347,10,5,959,0,17.8,13.1,0.0,0,0,0,0,0,1,0,1,0,0
2023-08-01 08:00:00,303,9,4,611,0,17.8,13.1,0.0,0,0,0,0,0,1,0,1,0,0
2023-08-01 19:00:00,243,20,4,477,0,17.8,13.1,0.0,0,0,0,0,0,1,0,1,0,0
2023-08-01 13:00:00,510,14,2,1640,0,17.8,13.1,0.0,0,0,0,0,0,1,0,1,0,0
2023-08-01 18:00:00,318,19,2,745,0,17.8,13.1,0.0,0,0,0,0,0,1,0,1,0,0
2023-08-01 07:00:00,211,8,2,400,0,17.8,13.1,0.0,0,0,0,0,0,1,0,1,0,0
2023-08-01 21:00:00,43,22,2,86,0,17.8,13.1,0.0,0,0,0,0,0,1,0,1,0,0
2023-08-01 15:00:00,509,16,1,1251,0,17.8,13.1,0.0,0,0,0,0,0,1,0,1,0,0
2023-08-01 06:00:00,81,7,1,139,0,17.8,13.1,0.0,0,0,0,0,0,1,0,1,0,0
2023-08-01 00:00:00,54,1,1,61,0,17.8,13.1,0.0,0,0,0,0,0,1,0,1,0,0
2023-08-01 20:00:00,277,21,0,390,0,17.8,13.1,0.0,0,0,0,0,0,1,0,1,0,0
2023-08-01 05:00:00,56,6,0,28,0,17.8,13.1,0.0,0,0,0,0,0,1,0,1,0,0
2023-08-01 22:00:00,38,23,0,88,0,17.8,13.1,0.0,0,0,0,0,0,1,0,1,0,0
2023-08-01 23:00:00,27,0,0,54,0,17.8,13.1,0.0,0,0,0,0,0,1,0,1,0,0
2023-08-01 04:00:00,24,5,0,3,0,17.8,13.1,0.0,0,0,0,0,0,1,0,1,0,0
2023-08-01 01:00:00,22,2,0,7,0,17.8,13.1,0.0,0,0,0,0,0,1,0,1,0,0
2023-08-01 03:00:00,18,4,0,3,0,17.8,13.1,0.0,0,0,0,0,0,1,0,1,0,0
2023-08-04 10:00:00,463,11,19,666,0,15.4,11.3,1.6,1,0,0,0,0,0,0,1,0,0
2023-08-04 09:00:00,389,10,17,514,0,15.4,11.3,1.6,1,0,0,0,0,0,0,1,0,0
2023-08-04 16:00:00,601,17,16,1090,0,15.4,11.3,1.6,1,0,0,0,0,0,0,1,0,0
2023-08-04 14:00:00,642,15,14,1230,0,15.4,11.3,1.6,1,0,0,0,0,0,0,1,0,0
2023-08-04 13:00:00,602,14,14,1195,0,15.4,11.3,1.6,1,0,0,0,0,0,0,1,0,0
2023-08-04 15:00:00,567,16,14,1159,0,15.4,11.3,1.6,1,0,0,0,0,0,0,1,0,0
2023-08-04 17:00:00,556,18,9,816,0,15.4,11.3,1.6,1,0,0,0,0,0,0,1,0,0
2023-08-04 18:00:00,418,19,8,520,0,15.4,11.3,1.6,1,0,0,0,0,0,0,1,0,0
2023-08-04 07:00:00,223,8,7,165,0,15.4,11.3,1.6,1,0,0,0,0,0,0,1,0,0
2023-08-04 11:00:00,490,12,6,1072,0,15.4,11.3,1.6,1,0,0,0,0,0,0,1,0,0
2023-08-04 08:00:00,308,9,6,348,0,15.4,11.3,1.6,1,0,0,0,0,0,0,1,0,0
2023-08-04 19:00:00,210,20,4,365,0,15.4,11.3,1.6,1,0,0,0,0,0,0,1,0,0
2023-08-04 06:00:00,106,7,3,82,0,15.4,11.3,1.6,1,0,0,0,0,0,0,1,0,0
2023-08-04 21:00:00,68,22,2,214,0,15.4,11.3,1.6,1,0,0,0,0,0,0,1,0,0
2023-08-04 05:00:00,18,6,2,72,0,15.4,11.3,1.6,1,0,0,0,0,0,0,1,0,0
2023-08-04 23:00:00,90,0,1,297,0,15.4,11.3,1.6,1,0,0,0,0,0,0,1,0,0
2023-08-04 20:00:00,68,21,1,217,0,15.4,11.3,1.6,1,0,0,0,0,0,0,1,0,0
2023-08-04 22:00:00,63,23,1,175,0,15.4,11.3,1.6,1,0,0,0,0,0,0,1,0,0
2023-08-04 02:00:00,22,3,1,169,0,15.4,11.3,1.6,1,0,0,0,0,0,0,1,0,0
2023-08-04 00:00:00,50,1,0,96,0,15.4,11.3,1.6,1,0,0,0,0,0,0,1,0,0
2023-08-04 03:00:00,15,4,0,13,0,15.4,11.3,1.6,1,0,0,0,0,0,0,1,0,0
2023-08-04 04:00:00,10,5,0,13,0,15.4,11.3,1.6,1,0,0,0,0,0,0,1,0,0
2023-08-04 01:00:00,9,2,0,84,0,15.4,11.3,1.6,1,0,0,0,0,0,0,1,0,0
2023-08-12 21:00:00,296,22,3,246,0,19.7,15.4,11.4,0,0,1,0,0,0,0,1,0,0
2023-08-05 09:00:00,339,10,8,601,0,17.5,5.5,9.2,0,0,1,0,0,0,0,1,0,0
2023-08-05 13:00:00,577,14,6,2193,0,17.5,5.5,9.2,0,0,1,0,0,0,0,1,0,0
2023-08-05 23:00:00,78,0,6,440,0,17.5,5.5,9.2,0,0,1,0,0,0,0,1,0,0
2023-08-12 22:00:00,289,23,3,277,0,19.7,15.4,11.4,0,0,1,0,0,0,0,1,0,0
2023-08-10 13:00:00,432,14,5,1070,0,22.5,14.2,5.0,0,0,0,0,1,0,0,1,0,0
2023-08-18 13:00:00,614,14,1,1230,0,20.9,13.2,9.7,1,0,0,0,0,0,0,1,0,0
2023-08-05 16:00:00,2127,17,5,442,0,17.5,5.5,9.2,0,0,1,0,0,0,0,1,0,0
2023-08-12 06:00:00,20,7,3,52,0,19.7,15.4,11.4,0,0,1,0,0,0,0,1,0,0
2023-08-06 13:00:00,329,14,5,1495,0,20.0,5.5,3.0,0,0,0,1,0,0,0,1,0,0
2023-08-10 08:00:00,362,9,4,474,0,22.5,14.2,5.0,0,0,0,0,1,0,0,1,0,0
2023-08-18 16:00:00,468,17,1,791,0,20.9,13.2,9.7,1,0,0,0,0,0,0,1,0,0
2023-08-05 15:00:00,2002,16,5,496,0,17.5,5.5,9.2,0,0,1,0,0,0,0,1,0,0
2023-08-14 19:00:00,177,20,9,273,0,20.6,13.5,0.0,0,1,0,0,0,0,0,1,0,0
2023-08-12 13:00:00,542,14,2,1116,0,19.7,15.4,11.4,0,0,1,0,0,0,0,1,0,0
2023-08-06 16:00:00,321,17,5,1487,0,20.0,5.5,3.0,0,0,0,1,0,0,0,1,0,0
2023-08-10 19:00:00,290,20,4,635,0,22.5,14.2,5.0,0,0,0,0,1,0,0,1,0,0
2023-08-18 05:00:00,4,6,1,39,0,20.9,13.2,9.7,1,0,0,0,0,0,0,1,0,0
2023-08-05 20:00:00,260,21,5,497,0,17.5,5.5,9.2,0,0,1,0,0,0,0,1,0,0
2023-08-14 21:00:00,58,22,8,202,0,20.6,13.5,0.0,0,1,0,0,0,0,0,1,0,0
2023-08-12 03:00:00,50,4,2,573,0,19.7,15.4,11.4,0,0,1,0,0,0,0,1,0,0
2023-08-06 00:00:00,82,1,5,358,0,20.0,5.5,3.0,0,0,0,1,0,0,0,1,0,0
2023-08-10 10:00:00,448,11,3,758,0,22.5,14.2,5.0,0,0,0,0,1,0,0,1,0,0
2023-08-18 19:00:00,410,20,0,533,0,20.9,13.2,9.7,1,0,0,0,0,0,0,1,0,0
2023-08-16 18:00:00,11,19,1,167,0,17.7,13.9,0.2,0,0,0,0,0,0,1,1,0,0
2023-08-05 22:00:00,72,23,5,293,0,17.5,5.5,9.2,0,0,1,0,0,0,0,1,0,0
2023-08-14 07:00:00,61,8,7,231,0,20.6,13.5,0.0,0,1,0,0,0,0,0,1,0,0
2023-08-12 04:00:00,11,5,2,49,0,19.7,15.4,11.4,0,0,1,0,0,0,0,1,0,0
2023-08-06 15:00:00,338,16,4,1536,0,20.0,5.5,3.0,0,0,0,1,0,0,0,1,0,0
2023-08-10 18:00:00,320,19,2,711,0,22.5,14.2,5.0,0,0,0,0,1,0,0,1,0,0
2023-08-18 00:00:00,25,1,0,96,0,20.9,13.2,9.7,1,0,0,0,0,0,0,1,0,0
2023-08-05 06:00:00,51,7,5,95,0,17.5,5.5,9.2,0,0,1,0,0,0,0,1,0,0
2023-08-16 19:00:00,5,20,1,96,0,17.7,13.9,0.2,0,0,0,0,0,0,1,1,0,0
2023-08-14 06:00:00,40,7,4,82,0,20.6,13.5,0.0,0,1,0,0,0,0,0,1,0,0
2023-08-12 05:00:00,6,6,2,31,0,19.7,15.4,11.4,0,0,1,0,0,0,0,1,0,0
2023-08-06 12:00:00,313,13,3,1361,0,20.0,5.5,3.0,0,0,0,1,0,0,0,1,0,0
2023-08-10 21:00:00,167,22,2,313,0,22.5,14.2,5.0,0,0,0,0,1,0,0,1,0,0
2023-08-18 03:00:00,20,4,0,12,0,20.9,13.2,9.7,1,0,0,0,0,0,0,1,0,0
2023-08-05 12:00:00,516,13,4,1898,0,17.5,5.5,9.2,0,0,1,0,0,0,0,1,0,0
2023-08-16 15:00:00,344,16,0,1088,0,17.7,13.9,0.2,0,0,0,0,0,0,1,1,0,0
2023-08-14 20:00:00,41,21,3,198,0,20.6,13.5,0.0,0,1,0,0,0,0,0,1,0,0
2023-08-12 14:00:00,568,15,1,1047,0,19.7,15.4,11.4,0,0,1,0,0,0,0,1,0,0
2023-08-06 21:00:00,166,22,3,217,0,20.0,5.5,3.0,0,0,0,1,0,0,0,1,0,0
2023-08-10 11:00:00,457,12,1,900,0,22.5,14.2,5.0,0,0,0,0,1,0,0,1,0,0
2023-08-10 20:00:00,199,21,1,479,0,22.5,14.2,5.0,0,0,0,0,1,0,0,1,0,0
2023-08-10 22:00:00,169,23,1,244,0,22.5,14.2,5.0,0,0,0,0,1,0,0,1,0,0
2023-08-10 23:00:00,114,0,1,244,0,22.5,14.2,5.0,0,0,0,0,1,0,0,1,0,0
2023-08-10 00:00:00,106,1,1,130,0,22.5,14.2,5.0,0,0,0,0,1,0,0,1,0,0
2023-08-10 03:00:00,26,4,1,51,0,22.5,14.2,5.0,0,0,0,0,1,0,0,1,0,0
2023-08-10 06:00:00,128,7,0,113,0,22.5,14.2,5.0,0,0,0,0,1,0,0,1,0,0
2023-08-10 05:00:00,71,6,0,71,0,22.5,14.2,5.0,0,0,0,0,1,0,0,1,0,0
2023-08-10 01:00:00,67,2,0,50,0,22.5,14.2,5.0,0,0,0,0,1,0,0,1,0,0
2023-08-10 04:00:00,38,5,0,22,0,22.5,14.2,5.0,0,0,0,0,1,0,0,1,0,0
2023-08-10 02:00:00,36,3,0,8,0,22.5,14.2,5.0,0,0,0,0,1,0,0,1,0,0
2023-08-11 17:00:00,667,18,16,822,0,20.8,15.8,0.0,1,0,0,0,0,0,0,1,0,0
2023-08-11 19:00:00,123,20,9,213,0,20.8,15.8,0.0,1,0,0,0,0,0,0,1,0,0
2023-08-11 20:00:00,58,21,7,220,0,20.8,15.8,0.0,1,0,0,0,0,0,0,1,0,0
2023-08-11 15:00:00,563,16,6,1481,0,20.8,15.8,0.0,1,0,0,0,0,0,0,1,0,0
2023-08-11 12:00:00,557,13,5,1788,0,20.8,15.8,0.0,1,0,0,0,0,0,0,1,0,0
2023-08-11 13:00:00,532,14,5,1818,0,20.8,15.8,0.0,1,0,0,0,0,0,0,1,0,0
2023-08-11 18:00:00,456,19,5,535,0,20.8,15.8,0.0,1,0,0,0,0,0,0,1,0,0
2023-08-11 07:00:00,197,8,5,391,0,20.8,15.8,0.0,1,0,0,0,0,0,0,1,0,0
2023-08-11 22:00:00,72,23,5,232,0,20.8,15.8,0.0,1,0,0,0,0,0,0,1,0,0
2023-08-11 10:00:00,480,11,4,1329,0,20.8,15.8,0.0,1,0,0,0,0,0,0,1,0,0
2023-08-11 09:00:00,363,10,4,904,0,20.8,15.8,0.0,1,0,0,0,0,0,0,1,0,0
2023-08-11 21:00:00,83,22,4,233,0,20.8,15.8,0.0,1,0,0,0,0,0,0,1,0,0
2023-08-11 16:00:00,621,17,3,1098,0,20.8,15.8,0.0,1,0,0,0,0,0,0,1,0,0
2023-08-11 11:00:00,520,12,3,1750,0,20.8,15.8,0.0,1,0,0,0,0,0,0,1,0,0
2023-08-11 06:00:00,100,7,3,124,0,20.8,15.8,0.0,1,0,0,0,0,0,0,1,0,0
2023-08-11 05:00:00,77,6,3,61,0,20.8,15.8,0.0,1,0,0,0,0,0,0,1,0,0
2023-08-11 02:00:00,53,3,3,55,0,20.8,15.8,0.0,1,0,0,0,0,0,0,1,0,0
2023-08-11 14:00:00,585,15,2,1674,0,20.8,15.8,0.0,1,0,0,0,0,0,0,1,0,0
2023-08-11 08:00:00,291,9,1,489,0,20.8,15.8,0.0,1,0,0,0,0,0,0,1,0,0
2023-08-11 23:00:00,70,0,1,340,0,20.8,15.8,0.0,1,0,0,0,0,0,0,1,0,0
2023-08-11 00:00:00,68,1,1,141,0,20.8,15.8,0.0,1,0,0,0,0,0,0,1,0,0
2023-08-11 01:00:00,53,2,0,28,0,20.8,15.8,0.0,1,0,0,0,0,0,0,1,0,0
2023-08-11 03:00:00,40,4,0,24,0,20.8,15.8,0.0,1,0,0,0,0,0,0,1,0,0
2023-08-11 04:00:00,23,5,0,10,0,20.8,15.8,0.0,1,0,0,0,0,0,0,1,0,0
2023-08-12 17:00:00,453,18,8,889,0,19.7,15.4,11.4,0,0,1,0,0,0,0,1,0,0
2023-08-12 19:00:00,375,20,7,542,0,19.7,15.4,11.4,0,0,1,0,0,0,0,1,0,0
2023-08-12 09:00:00,370,10,7,546,0,19.7,15.4,11.4,0,0,1,0,0,0,0,1,0,0
2023-08-12 12:00:00,591,13,6,1089,0,19.7,15.4,11.4,0,0,1,0,0,0,0,1,0,0
2023-08-12 15:00:00,493,16,6,863,0,19.7,15.4,11.4,0,0,1,0,0,0,0,1,0,0
2023-08-12 18:00:00,466,19,6,707,0,19.7,15.4,11.4,0,0,1,0,0,0,0,1,0,0
2023-08-12 01:00:00,84,2,5,497,0,19.7,15.4,11.4,0,0,1,0,0,0,0,1,0,0
2023-08-12 11:00:00,479,12,3,809,0,19.7,15.4,11.4,0,0,1,0,0,0,0,1,0,0
2023-08-12 10:00:00,388,11,3,732,0,19.7,15.4,11.4,0,0,1,0,0,0,0,1,0,0
2023-08-16 04:00:00,26,5,0,11,0,17.7,13.9,0.2,0,0,0,0,0,0,1,1,0,0
2023-08-18 01:00:00,17,2,0,80,0,20.9,13.2,9.7,1,0,0,0,0,0,0,1,0,0
2023-08-12 23:00:00,254,0,1,480,0,19.7,15.4,11.4,0,0,1,0,0,0,0,1,0,0
2023-08-06 07:00:00,60,8,3,283,0,20.0,5.5,3.0,0,0,0,1,0,0,0,1,0,0
2023-08-14 22:00:00,86,23,2,140,0,20.6,13.5,0.0,0,1,0,0,0,0,0,1,0,0
2023-08-05 10:00:00,389,11,4,780,0,17.5,5.5,9.2,0,0,1,0,0,0,0,1,0,0
2023-08-16 03:00:00,14,4,0,8,0,17.7,13.9,0.2,0,0,0,0,0,0,1,1,0,0
2023-08-18 02:00:00,12,3,0,104,0,20.9,13.2,9.7,1,0,0,0,0,0,0,1,0,0
2023-08-12 20:00:00,245,21,1,392,0,19.7,15.4,11.4,0,0,1,0,0,0,0,1,0,0
2023-08-06 10:00:00,222,11,2,754,0,20.0,5.5,3.0,0,0,0,1,0,0,0,1,0,0
2023-08-14 00:00:00,30,1,2,135,0,20.6,13.5,0.0,0,1,0,0,0,0,0,1,0,0
2023-08-05 08:00:00,228,9,3,363,0,17.5,5.5,9.2,0,0,1,0,0,0,0,1,0,0
2023-08-16 01:00:00,12,2,0,15,0,17.7,13.9,0.2,0,0,0,0,0,0,1,1,0,0
2023-08-18 04:00:00,11,5,0,5,0,20.9,13.2,9.7,1,0,0,0,0,0,0,1,0,0
2023-08-12 08:00:00,222,9,1,458,0,19.7,15.4,11.4,0,0,1,0,0,0,0,1,0,0
2023-08-06 22:00:00,174,23,2,232,0,20.0,5.5,3.0,0,0,0,1,0,0,0,1,0,0
2023-08-14 05:00:00,15,6,2,46,0,20.6,13.5,0.0,0,1,0,0,0,0,0,1,0,0
2023-08-14 23:00:00,90,0,1,72,0,20.6,13.5,0.0,0,1,0,0,0,0,0,1,0,0
2023-08-14 02:00:00,60,3,1,231,0,20.6,13.5,0.0,0,1,0,0,0,0,0,1,0,0
2023-08-14 03:00:00,22,4,0,22,0,20.6,13.5,0.0,0,1,0,0,0,0,0,1,0,0
2023-08-14 01:00:00,21,2,0,80,0,20.6,13.5,0.0,0,1,0,0,0,0,0,1,0,0
2023-08-14 04:00:00,13,5,0,8,0,20.6,13.5,0.0,0,1,0,0,0,0,0,1,0,0
2023-08-15 18:00:00,71,19,16,537,0,18.4,11.2,0.9,0,0,0,0,0,1,0,1,0,0
2023-08-15 07:00:00,208,8,15,167,0,18.4,11.2,0.9,0,0,0,0,0,1,0,1,0,0
2023-08-15 16:00:00,310,17,13,972,0,18.4,11.2,0.9,0,0,0,0,0,1,0,1,0,0
2023-08-15 10:00:00,449,11,11,1222,0,18.4,11.2,0.9,0,0,0,0,0,1,0,1,0,0
2023-08-15 09:00:00,361,10,10,534,0,18.4,11.2,0.9,0,0,0,0,0,1,0,1,0,0
2023-08-15 15:00:00,345,16,10,893,0,18.4,11.2,0.9,0,0,0,0,0,1,0,1,0,0
2023-08-15 08:00:00,274,9,9,280,0,18.4,11.2,0.9,0,0,0,0,0,1,0,1,0,0
2023-08-15 19:00:00,10,20,8,258,0,18.4,11.2,0.9,0,0,0,0,0,1,0,1,0,0
2023-08-15 17:00:00,268,18,7,695,0,18.4,11.2,0.9,0,0,0,0,0,1,0,1,0,0
2023-08-15 20:00:00,27,21,6,157,0,18.4,11.2,0.9,0,0,0,0,0,1,0,1,0,0
2023-08-15 12:00:00,509,13,5,1691,0,18.4,11.2,0.9,0,0,0,0,0,1,0,1,0,0
2023-08-15 13:00:00,387,14,4,1430,0,18.4,11.2,0.9,0,0,0,0,0,1,0,1,0,0
2023-08-15 14:00:00,327,15,4,784,0,18.4,11.2,0.9,0,0,0,0,0,1,0,1,0,0
2023-08-15 11:00:00,476,12,3,1482,0,18.4,11.2,0.9,0,0,0,0,0,1,0,1,0,0
2023-08-15 00:00:00,25,1,3,26,0,18.4,11.2,0.9,0,0,0,0,0,1,0,1,0,0
2023-08-15 06:00:00,66,7,2,83,0,18.4,11.2,0.9,0,0,0,0,0,1,0,1,0,0
2023-08-15 22:00:00,30,23,2,47,0,18.4,11.2,0.9,0,0,0,0,0,1,0,1,0,0
2023-08-15 04:00:00,15,5,1,4,0,18.4,11.2,0.9,0,0,0,0,0,1,0,1,0,0
2023-08-15 05:00:00,12,6,1,14,0,18.4,11.2,0.9,0,0,0,0,0,1,0,1,0,0
2023-08-15 21:00:00,44,22,0,113,0,18.4,11.2,0.9,0,0,0,0,0,1,0,1,0,0
2023-08-15 23:00:00,15,0,0,26,0,18.4,11.2,0.9,0,0,0,0,0,1,0,1,0,0
2023-08-15 02:00:00,5,3,0,14,0,18.4,11.2,0.9,0,0,0,0,0,1,0,1,0,0
2023-08-15 03:00:00,5,4,0,10,0,18.4,11.2,0.9,0,0,0,0,0,1,0,1,0,0
2023-08-15 01:00:00,4,2,0,2,0,18.4,11.2,0.9,0,0,0,0,0,1,0,1,0,0
2023-08-16 10:00:00,512,11,8,1533,0,17.7,13.9,0.2,0,0,0,0,0,0,1,1,0,0
2023-08-16 14:00:00,500,15,8,1760,0,17.7,13.9,0.2,0,0,0,0,0,0,1,1,0,0
2023-08-16 11:00:00,485,12,7,1827,0,17.7,13.9,0.2,0,0,0,0,0,0,1,1,0,0
2023-08-16 12:00:00,481,13,6,2038,0,17.7,13.9,0.2,0,0,0,0,0,0,1,1,0,0
2023-08-16 09:00:00,415,10,6,1076,0,17.7,13.9,0.2,0,0,0,0,0,0,1,1,0,0
2023-08-16 05:00:00,78,6,4,62,0,17.7,13.9,0.2,0,0,0,0,0,0,1,1,0,0
2023-08-16 13:00:00,496,14,3,1994,0,17.7,13.9,0.2,0,0,0,0,0,0,1,1,0,0
2023-08-16 06:00:00,95,7,3,158,0,17.7,13.9,0.2,0,0,0,0,0,0,1,1,0,0
2023-08-16 08:00:00,319,9,2,730,0,17.7,13.9,0.2,0,0,0,0,0,0,1,1,0,0
2023-08-16 07:00:00,191,8,2,480,0,17.7,13.9,0.2,0,0,0,0,0,0,1,1,0,0
2023-08-16 16:00:00,31,17,1,240,0,17.7,13.9,0.2,0,0,0,0,0,0,1,1,0,0
2023-08-16 23:00:00,25,0,1,46,0,17.7,13.9,0.2,0,0,0,0,0,0,1,1,0,0
2023-08-16 17:00:00,17,18,1,226,0,17.7,13.9,0.2,0,0,0,0,0,0,1,1,0,0
2023-08-12 00:00:00,72,1,1,512,0,19.7,15.4,11.4,0,0,1,0,0,0,0,1,0,0
2023-08-19 18:00:00,205,19,12,468,0,21.8,13.4,0.0,0,0,1,0,0,0,0,1,0,0
2023-08-06 09:00:00,117,10,2,347,0,20.0,5.5,3.0,0,0,0,1,0,0,0,1,0,0
2023-08-05 07:00:00,124,8,3,175,0,17.5,5.5,9.2,0,0,1,0,0,0,0,1,0,0
2023-08-19 15:00:00,409,16,6,956,0,21.8,13.4,0.0,0,0,1,0,0,0,0,1,0,0
2023-08-16 20:00:00,10,21,0,69,0,17.7,13.9,0.2,0,0,0,0,0,0,1,1,0,0
2023-08-05 03:00:00,61,4,3,250,0,17.5,5.5,9.2,0,0,1,0,0,0,0,1,0,0
2023-08-06 04:00:00,17,5,2,40,0,20.0,5.5,3.0,0,0,0,1,0,0,0,1,0,0
2023-08-12 02:00:00,50,3,1,445,0,19.7,15.4,11.4,0,0,1,0,0,0,0,1,0,0
2023-08-19 13:00:00,294,14,6,853,0,21.8,13.4,0.0,0,0,1,0,0,0,0,1,0,0
2023-08-16 21:00:00,8,22,0,44,0,17.7,13.9,0.2,0,0,0,0,0,0,1,1,0,0
2023-08-05 17:00:00,2020,18,2,379,0,17.5,5.5,9.2,0,0,1,0,0,0,0,1,0,0
2023-08-06 11:00:00,260,12,1,1106,0,20.0,5.5,3.0,0,0,0,1,0,0,0,1,0,0
2023-08-12 07:00:00,36,8,1,80,0,19.7,15.4,11.4,0,0,1,0,0,0,0,1,0,0
2023-08-19 06:00:00,9,7,4,62,0,21.8,13.4,0.0,0,0,1,0,0,0,0,1,0,0
2023-08-16 00:00:00,8,1,0,43,0,17.7,13.9,0.2,0,0,0,0,0,0,1,1,0,0
2023-08-05 11:00:00,426,12,2,1121,0,17.5,5.5,9.2,0,0,1,0,0,0,0,1,0,0
2023-08-06 18:00:00,233,19,1,632,0,20.0,5.5,3.0,0,0,0,1,0,0,0,1,0,0
2023-08-06 23:00:00,118,0,1,164,0,20.0,5.5,3.0,0,0,0,1,0,0,0,1,0,0
2023-08-06 01:00:00,80,2,1,335,0,20.0,5.5,3.0,0,0,0,1,0,0,0,1,0,0
2023-08-06 19:00:00,174,20,0,539,0,20.0,5.5,3.0,0,0,0,1,0,0,0,1,0,0
2023-08-06 02:00:00,85,3,0,436,0,20.0,5.5,3.0,0,0,0,1,0,0,0,1,0,0
2023-08-06 08:00:00,82,9,0,214,0,20.0,5.5,3.0,0,0,0,1,0,0,0,1,0,0
2023-08-06 03:00:00,59,4,0,468,0,20.0,5.5,3.0,0,0,0,1,0,0,0,1,0,0
2023-08-06 06:00:00,48,7,0,125,0,20.0,5.5,3.0,0,0,0,1,0,0,0,1,0,0
2023-08-06 05:00:00,23,6,0,41,0,20.0,5.5,3.0,0,0,0,1,0,0,0,1,0,0
2023-08-07 13:00:00,440,14,12,1244,1,19.9,9.5,0.0,0,1,0,0,0,0,0,1,0,0
2023-08-07 09:00:00,359,10,12,718,1,19.9,9.5,0.0,0,1,0,0,0,0,0,1,0,0
2023-08-07 18:00:00,245,19,12,602,1,19.9,9.5,0.0,0,1,0,0,0,0,0,1,0,0
2023-08-07 15:00:00,447,16,9,1044,1,19.9,9.5,0.0,0,1,0,0,0,0,0,1,0,0
2023-08-07 12:00:00,440,13,9,1221,1,19.9,9.5,0.0,0,1,0,0,0,0,0,1,0,0
2023-08-07 20:00:00,280,21,8,217,1,19.9,9.5,0.0,0,1,0,0,0,0,0,1,0,0
2023-08-07 08:00:00,263,9,8,527,1,19.9,9.5,0.0,0,1,0,0,0,0,0,1,0,0
2023-08-07 16:00:00,446,17,6,1625,1,19.9,9.5,0.0,0,1,0,0,0,0,0,1,0,0
2023-08-07 10:00:00,371,11,6,1002,1,19.9,9.5,0.0,0,1,0,0,0,0,0,1,0,0
2023-08-07 14:00:00,450,15,5,1212,1,19.9,9.5,0.0,0,1,0,0,0,0,0,1,0,0
2023-08-07 17:00:00,413,18,5,1289,1,19.9,9.5,0.0,0,1,0,0,0,0,0,1,0,0
2023-08-07 11:00:00,449,12,4,1248,1,19.9,9.5,0.0,0,1,0,0,0,0,0,1,0,0
2023-08-07 07:00:00,185,8,4,358,1,19.9,9.5,0.0,0,1,0,0,0,0,0,1,0,0
2023-08-07 21:00:00,137,22,3,276,1,19.9,9.5,0.0,0,1,0,0,0,0,0,1,0,0
2023-08-07 00:00:00,78,1,3,99,1,19.9,9.5,0.0,0,1,0,0,0,0,0,1,0,0
2023-08-07 19:00:00,176,20,2,480,1,19.9,9.5,0.0,0,1,0,0,0,0,0,1,0,0
2023-08-07 05:00:00,63,6,2,36,1,19.9,9.5,0.0,0,1,0,0,0,0,0,1,0,0
2023-08-07 22:00:00,104,23,1,167,1,19.9,9.5,0.0,0,1,0,0,0,0,0,1,0,0
2023-08-07 23:00:00,99,0,0,82,1,19.9,9.5,0.0,0,1,0,0,0,0,0,1,0,0
2023-08-07 01:00:00,98,2,0,139,1,19.9,9.5,0.0,0,1,0,0,0,0,0,1,0,0
2023-08-07 06:00:00,83,7,0,145,1,19.9,9.5,0.0,0,1,0,0,0,0,0,1,0,0
2023-08-07 03:00:00,31,4,0,25,1,19.9,9.5,0.0,0,1,0,0,0,0,0,1,0,0
2023-08-07 02:00:00,27,3,0,79,1,19.9,9.5,0.0,0,1,0,0,0,0,0,1,0,0
2023-08-07 04:00:00,27,5,0,18,1,19.9,9.5,0.0,0,1,0,0,0,0,0,1,0,0
2023-08-08 16:00:00,216,17,34,694,0,19.1,7.7,0.2,0,0,0,0,0,1,0,1,0,0
2023-08-08 11:00:00,455,12,23,956,0,19.1,7.7,0.2,0,0,0,0,0,1,0,1,0,0
2023-08-08 08:00:00,274,9,20,226,0,19.1,7.7,0.2,0,0,0,0,0,1,0,1,0,0
2023-08-08 07:00:00,201,8,16,168,0,19.1,7.7,0.2,0,0,0,0,0,1,0,1,0,0
2023-08-08 10:00:00,452,11,14,667,0,19.1,7.7,0.2,0,0,0,0,0,1,0,1,0,0
2023-08-16 22:00:00,4,23,0,50,0,17.7,13.9,0.2,0,0,0,0,0,0,1,1,0,0
2023-08-19 17:00:00,428,18,3,600,0,21.8,13.4,0.0,0,0,1,0,0,0,0,1,0,0
2023-08-12 16:00:00,515,17,0,780,0,19.7,15.4,11.4,0,0,1,0,0,0,0,1,0,0
2023-08-05 19:00:00,304,20,2,589,0,17.5,5.5,9.2,0,0,1,0,0,0,0,1,0,0
2023-08-13 16:00:00,322,17,8,1182,0,19.7,13.4,1.1,0,0,0,1,0,0,0,1,0,0
2023-08-16 02:00:00,2,3,0,11,0,17.7,13.9,0.2,0,0,0,0,0,0,1,1,0,0
2023-08-19 14:00:00,273,15,3,759,0,21.8,13.4,0.0,0,0,1,0,0,0,0,1,0,0
2023-08-05 21:00:00,155,22,2,292,0,17.5,5.5,9.2,0,0,1,0,0,0,0,1,0,0
2023-08-13 17:00:00,239,18,6,831,0,19.7,13.4,1.1,0,0,0,1,0,0,0,1,0,0
2023-08-17 12:00:00,500,13,24,1348,0,11.2,14.6,0.0,0,0,0,0,1,0,0,1,0,0
2023-08-19 23:00:00,155,0,3,315,0,21.8,13.4,0.0,0,0,1,0,0,0,0,1,0,0
2023-08-05 05:00:00,46,6,2,22,0,17.5,5.5,9.2,0,0,1,0,0,0,0,1,0,0
2023-08-13 13:00:00,314,14,5,1530,0,19.7,13.4,1.1,0,0,0,1,0,0,0,1,0,0
2023-08-17 11:00:00,431,12,16,1256,0,11.2,14.6,0.0,0,0,0,0,1,0,0,1,0,0
2023-08-19 09:00:00,103,10,3,340,0,21.8,13.4,0.0,0,0,1,0,0,0,0,1,0,0
2023-08-05 14:00:00,1767,15,1,1195,0,17.5,5.5,9.2,0,0,1,0,0,0,0,1,0,0
2023-08-13 12:00:00,271,13,5,1427,0,19.7,13.4,1.1,0,0,0,1,0,0,0,1,0,0
2023-08-17 10:00:00,471,11,11,1115,0,11.2,14.6,0.0,0,0,0,0,1,0,0,1,0,0
2023-08-19 00:00:00,82,1,3,336,0,21.8,13.4,0.0,0,0,1,0,0,0,0,1,0,0
2023-08-05 00:00:00,120,1,1,337,0,17.5,5.5,9.2,0,0,1,0,0,0,0,1,0,0
2023-08-13 10:00:00,240,11,4,719,0,19.7,13.4,1.1,0,0,0,1,0,0,0,1,0,0
2023-08-17 17:00:00,455,18,10,1291,0,11.2,14.6,0.0,0,0,0,0,1,0,0,1,0,0
2023-08-19 16:00:00,491,17,2,841,0,21.8,13.4,0.0,0,0,1,0,0,0,0,1,0,0
2023-08-19 12:00:00,407,13,2,1033,0,21.8,13.4,0.0,0,0,1,0,0,0,0,1,0,0
2023-08-19 11:00:00,401,12,2,885,0,21.8,13.4,0.0,0,0,1,0,0,0,0,1,0,0
2023-08-19 01:00:00,76,2,2,300,0,21.8,13.4,0.0,0,0,1,0,0,0,0,1,0,0
2023-08-19 19:00:00,54,20,2,255,0,21.8,13.4,0.0,0,0,1,0,0,0,0,1,0,0
2023-08-19 20:00:00,44,21,2,87,0,21.8,13.4,0.0,0,0,1,0,0,0,0,1,0,0
2023-08-19 22:00:00,201,23,1,279,0,21.8,13.4,0.0,0,0,1,0,0,0,0,1,0,0
2023-08-19 08:00:00,83,9,1,270,0,21.8,13.4,0.0,0,0,1,0,0,0,0,1,0,0
2023-08-19 03:00:00,71,4,1,184,0,21.8,13.4,0.0,0,0,1,0,0,0,0,1,0,0
2023-08-19 05:00:00,5,6,1,15,0,21.8,13.4,0.0,0,0,1,0,0,0,0,1,0,0
2023-08-19 10:00:00,330,11,0,652,0,21.8,13.4,0.0,0,0,1,0,0,0,0,1,0,0
2023-08-19 21:00:00,204,22,0,271,0,21.8,13.4,0.0,0,0,1,0,0,0,0,1,0,0
2023-08-19 07:00:00,55,8,0,211,0,21.8,13.4,0.0,0,0,1,0,0,0,0,1,0,0
2023-08-19 02:00:00,47,3,0,108,0,21.8,13.4,0.0,0,0,1,0,0,0,0,1,0,0
2023-08-19 04:00:00,12,5,0,15,0,21.8,13.4,0.0,0,0,1,0,0,0,0,1,0,0
2023-08-20 17:00:00,249,18,13,777,0,21.5,14.0,0.0,0,0,0,1,0,0,0,1,0,0
2023-08-20 19:00:00,194,20,12,403,0,21.5,14.0,0.0,0,0,0,1,0,0,0,1,0,0
2023-08-20 16:00:00,251,17,10,452,0,21.5,14.0,0.0,0,0,0,1,0,0,0,1,0,0
2023-08-20 18:00:00,212,19,9,434,0,21.5,14.0,0.0,0,0,0,1,0,0,0,1,0,0
2023-08-20 14:00:00,147,15,9,393,0,21.5,14.0,0.0,0,0,0,1,0,0,0,1,0,0
2023-08-20 12:00:00,201,13,8,640,0,21.5,14.0,0.0,0,0,0,1,0,0,0,1,0,0
2023-08-20 15:00:00,68,16,8,323,0,21.5,14.0,0.0,0,0,0,1,0,0,0,1,0,0
2023-08-20 10:00:00,135,11,7,369,0,21.5,14.0,0.0,0,0,0,1,0,0,0,1,0,0
2023-08-20 13:00:00,251,14,5,575,0,21.5,14.0,0.0,0,0,0,1,0,0,0,1,0,0
2023-08-20 05:00:00,7,6,4,18,0,21.5,14.0,0.0,0,0,0,1,0,0,0,1,0,0
2023-08-20 09:00:00,544,10,3,123,0,21.5,14.0,0.0,0,0,0,1,0,0,0,1,0,0
2023-08-20 08:00:00,386,9,3,39,0,21.5,14.0,0.0,0,0,0,1,0,0,0,1,0,0
2023-08-20 20:00:00,164,21,3,450,0,21.5,14.0,0.0,0,0,0,1,0,0,0,1,0,0
2023-08-20 01:00:00,54,2,2,288,0,21.5,14.0,0.0,0,0,0,1,0,0,0,1,0,0
2023-08-20 11:00:00,178,12,1,575,0,21.5,14.0,0.0,0,0,0,1,0,0,0,1,0,0
2023-08-20 21:00:00,151,22,1,249,0,21.5,14.0,0.0,0,0,0,1,0,0,0,1,0,0
2023-08-20 07:00:00,57,8,1,95,0,21.5,14.0,0.0,0,0,0,1,0,0,0,1,0,0
2023-08-08 17:00:00,182,18,14,757,0,19.1,7.7,0.2,0,0,0,0,0,1,0,1,0,0
2023-08-17 16:00:00,545,17,9,970,0,11.2,14.6,0.0,0,0,0,0,1,0,0,1,0,0
2023-08-05 04:00:00,18,5,1,26,0,17.5,5.5,9.2,0,0,1,0,0,0,0,1,0,0
2023-08-13 18:00:00,209,19,4,609,0,19.7,13.4,1.1,0,0,0,1,0,0,0,1,0,0
2023-08-08 14:00:00,597,15,12,801,0,19.1,7.7,0.2,0,0,0,0,0,1,0,1,0,0
2023-08-17 13:00:00,522,14,8,1372,0,11.2,14.6,0.0,0,0,0,0,1,0,0,1,0,0
2023-08-05 18:00:00,333,19,0,631,0,17.5,5.5,9.2,0,0,1,0,0,0,0,1,0,0
2023-08-13 15:00:00,194,16,4,863,0,19.7,13.4,1.1,0,0,0,1,0,0,0,1,0,0
2023-08-08 09:00:00,385,10,11,392,0,19.1,7.7,0.2,0,0,0,0,0,1,0,1,0,0
2023-08-17 08:00:00,259,9,8,614,0,11.2,14.6,0.0,0,0,0,0,1,0,0,1,0,0
2023-08-05 01:00:00,118,2,0,317,0,17.5,5.5,9.2,0,0,1,0,0,0,0,1,0,0
2023-08-13 02:00:00,77,3,4,429,0,19.7,13.4,1.1,0,0,0,1,0,0,0,1,0,0
2023-08-08 18:00:00,102,19,10,494,0,19.1,7.7,0.2,0,0,0,0,0,1,0,1,0,0
2023-08-17 14:00:00,545,15,7,1322,0,11.2,14.6,0.0,0,0,0,0,1,0,0,1,0,0
2023-08-05 02:00:00,72,3,0,174,0,17.5,5.5,9.2,0,0,1,0,0,0,0,1,0,0
2023-08-13 14:00:00,429,15,3,1069,0,19.7,13.4,1.1,0,0,0,1,0,0,0,1,0,0
2023-08-08 13:00:00,534,14,9,1047,0,19.1,7.7,0.2,0,0,0,0,0,1,0,1,0,0
2023-08-17 09:00:00,363,10,6,901,0,11.2,14.6,0.0,0,0,0,0,1,0,0,1,0,0
2023-08-06 20:00:00,197,21,11,364,0,20.0,5.5,3.0,0,0,0,1,0,0,0,1,0,0
2023-08-13 09:00:00,127,10,3,466,0,19.7,13.4,1.1,0,0,0,1,0,0,0,1,0,0
2023-08-08 19:00:00,84,20,9,343,0,19.1,7.7,0.2,0,0,0,0,0,1,0,1,0,0
2023-08-17 15:00:00,535,16,4,1090,0,11.2,14.6,0.0,0,0,0,0,1,0,0,1,0,0
2023-08-06 17:00:00,272,18,9,990,0,20.0,5.5,3.0,0,0,0,1,0,0,0,1,0,0
2023-08-13 03:00:00,47,4,3,564,0,19.7,13.4,1.1,0,0,0,1,0,0,0,1,0,0
2023-08-08 21:00:00,41,22,9,183,0,19.1,7.7,0.2,0,0,0,0,0,1,0,1,0,0
2023-08-17 18:00:00,401,19,3,980,0,11.2,14.6,0.0,0,0,0,0,1,0,0,1,0,0
2023-08-06 14:00:00,353,15,6,1652,0,20.0,5.5,3.0,0,0,0,1,0,0,0,1,0,0
2023-08-13 05:00:00,4,6,3,45,0,19.7,13.4,1.1,0,0,0,1,0,0,0,1,0,0
2023-08-08 12:00:00,538,13,8,1003,0,19.1,7.7,0.2,0,0,0,0,0,1,0,1,0,0
2023-08-17 19:00:00,256,20,3,595,0,11.2,14.6,0.0,0,0,0,0,1,0,0,1,0,0
2023-08-17 20:00:00,223,21,3,597,0,11.2,14.6,0.0,0,0,0,0,1,0,0,1,0,0
2023-08-17 07:00:00,183,8,2,336,0,11.2,14.6,0.0,0,0,0,0,1,0,0,1,0,0
2023-08-17 21:00:00,179,22,2,261,0,11.2,14.6,0.0,0,0,0,0,1,0,0,1,0,0
2023-08-17 05:00:00,56,6,2,80,0,11.2,14.6,0.0,0,0,0,0,1,0,0,1,0,0
2023-08-17 03:00:00,10,4,1,32,0,11.2,14.6,0.0,0,0,0,0,1,0,0,1,0,0
2023-08-17 22:00:00,123,23,0,229,0,11.2,14.6,0.0,0,0,0,0,1,0,0,1,0,0
2023-08-17 06:00:00,108,7,0,145,0,11.2,14.6,0.0,0,0,0,0,1,0,0,1,0,0
2023-08-17 23:00:00,37,0,0,117,0,11.2,14.6,0.0,0,0,0,0,1,0,0,1,0,0
2023-08-17 02:00:00,26,3,0,234,0,11.2,14.6,0.0,0,0,0,0,1,0,0,1,0,0
2023-08-17 04:00:00,14,5,0,12,0,11.2,14.6,0.0,0,0,0,0,1,0,0,1,0,0
2023-08-17 01:00:00,11,2,0,152,0,11.2,14.6,0.0,0,0,0,0,1,0,0,1,0,0
2023-08-17 00:00:00,11,1,0,117,0,11.2,14.6,0.0,0,0,0,0,1,0,0,1,0,0
2023-08-18 07:00:00,48,8,12,138,0,20.9,13.2,9.7,1,0,0,0,0,0,0,1,0,0
2023-08-18 06:00:00,18,7,12,69,0,20.9,13.2,9.7,1,0,0,0,0,0,0,1,0,0
2023-08-18 12:00:00,529,13,8,1832,0,20.9,13.2,9.7,1,0,0,0,0,0,0,1,0,0
2023-08-18 10:00:00,478,11,8,1545,0,20.9,13.2,9.7,1,0,0,0,0,0,0,1,0,0
2023-08-18 11:00:00,405,12,8,1092,0,20.9,13.2,9.7,1,0,0,0,0,0,0,1,0,0
2023-08-18 18:00:00,540,19,4,502,0,20.9,13.2,9.7,1,0,0,0,0,0,0,1,0,0
2023-08-18 14:00:00,496,15,4,1005,0,20.9,13.2,9.7,1,0,0,0,0,0,0,1,0,0
2023-08-18 15:00:00,431,16,4,994,0,20.9,13.2,9.7,1,0,0,0,0,0,0,1,0,0
2023-08-18 20:00:00,276,21,3,520,0,20.9,13.2,9.7,1,0,0,0,0,0,0,1,0,0
2023-08-18 23:00:00,74,0,3,309,0,20.9,13.2,9.7,1,0,0,0,0,0,0,1,0,0
2023-08-18 22:00:00,73,23,3,208,0,20.9,13.2,9.7,1,0,0,0,0,0,0,1,0,0
2023-08-18 17:00:00,549,18,2,639,0,20.9,13.2,9.7,1,0,0,0,0,0,0,1,0,0
2023-08-18 09:00:00,437,10,2,1038,0,20.9,13.2,9.7,1,0,0,0,0,0,0,1,0,0
2023-08-18 08:00:00,307,9,2,547,0,20.9,13.2,9.7,1,0,0,0,0,0,0,1,0,0
2023-08-18 21:00:00,163,22,2,215,0,20.9,13.2,9.7,1,0,0,0,0,0,0,1,0,0
2023-08-08 15:00:00,303,16,5,589,0,19.1,7.7,0.2,0,0,0,0,0,1,0,1,0,0
2023-08-08 20:00:00,54,21,5,233,0,19.1,7.7,0.2,0,0,0,0,0,1,0,1,0,0
2023-08-08 06:00:00,103,7,1,74,0,19.1,7.7,0.2,0,0,0,0,0,1,0,1,0,0
2023-08-08 22:00:00,54,23,1,89,0,19.1,7.7,0.2,0,0,0,0,0,1,0,1,0,0
2023-08-08 01:00:00,38,2,1,44,0,19.1,7.7,0.2,0,0,0,0,0,1,0,1,0,0
2023-08-08 23:00:00,25,0,1,59,0,19.1,7.7,0.2,0,0,0,0,0,1,0,1,0,0
2023-08-08 05:00:00,55,6,0,45,0,19.1,7.7,0.2,0,0,0,0,0,1,0,1,0,0
2023-08-08 00:00:00,53,1,0,79,0,19.1,7.7,0.2,0,0,0,0,0,1,0,1,0,0
2023-08-13 11:00:00,266,12,2,920,0,19.7,13.4,1.1,0,0,0,1,0,0,0,1,0,0
2023-08-08 02:00:00,31,3,0,27,0,19.1,7.7,0.2,0,0,0,0,0,1,0,1,0,0
2023-08-13 00:00:00,80,1,2,496,0,19.7,13.4,1.1,0,0,0,1,0,0,0,1,0,0
2023-08-08 04:00:00,14,5,0,15,0,19.1,7.7,0.2,0,0,0,0,0,1,0,1,0,0
2023-08-13 23:00:00,58,0,2,123,0,19.7,13.4,1.1,0,0,0,1,0,0,0,1,0,0
2023-08-08 03:00:00,13,4,0,29,0,19.1,7.7,0.2,0,0,0,0,0,1,0,1,0,0
2023-08-13 07:00:00,44,8,2,208,0,19.7,13.4,1.1,0,0,0,1,0,0,0,1,0,0
2023-08-09 13:00:00,454,14,18,1135,0,22.8,8.8,0.0,0,0,0,0,0,0,1,1,0,0
2023-08-13 08:00:00,75,9,1,175,0,19.7,13.4,1.1,0,0,0,1,0,0,0,1,0,0
2023-08-09 17:00:00,462,18,13,1148,0,22.8,8.8,0.0,0,0,0,0,0,0,1,1,0,0
2023-08-13 06:00:00,31,7,1,47,0,19.7,13.4,1.1,0,0,0,1,0,0,0,1,0,0
2023-08-09 12:00:00,479,13,8,982,0,22.8,8.8,0.0,0,0,0,0,0,0,1,1,0,0
2023-08-13 19:00:00,169,20,0,496,0,19.7,13.4,1.1,0,0,0,1,0,0,0,1,0,0
2023-08-09 16:00:00,491,17,7,1430,0,22.8,8.8,0.0,0,0,0,0,0,0,1,1,0,0
2023-08-13 01:00:00,66,2,0,468,0,19.7,13.4,1.1,0,0,0,1,0,0,0,1,0,0
2023-08-09 15:00:00,435,16,7,973,0,22.8,8.8,0.0,0,0,0,0,0,0,1,1,0,0
2023-08-13 21:00:00,43,22,0,63,0,19.7,13.4,1.1,0,0,0,1,0,0,0,1,0,0
2023-08-09 14:00:00,634,15,6,869,0,22.8,8.8,0.0,0,0,0,0,0,0,1,1,0,0
2023-08-13 20:00:00,36,21,0,131,0,19.7,13.4,1.1,0,0,0,1,0,0,0,1,0,0
2023-08-09 21:00:00,165,22,6,269,0,22.8,8.8,0.0,0,0,0,0,0,0,1,1,0,0
2023-08-13 22:00:00,34,23,0,58,0,19.7,13.4,1.1,0,0,0,1,0,0,0,1,0,0
2023-08-09 07:00:00,257,8,5,270,0,22.8,8.8,0.0,0,0,0,0,0,0,1,1,0,0
2023-08-13 04:00:00,18,5,0,38,0,19.7,13.4,1.1,0,0,0,1,0,0,0,1,0,0
2023-08-09 20:00:00,171,21,5,423,0,22.8,8.8,0.0,0,0,0,0,0,0,1,1,0,0
2023-08-09 11:00:00,450,12,4,1009,0,22.8,8.8,0.0,0,0,0,0,0,0,1,1,0,0
2023-08-09 08:00:00,420,9,4,506,0,22.8,8.8,0.0,0,0,0,0,0,0,1,1,0,0
2023-08-09 10:00:00,514,11,3,864,0,22.8,8.8,0.0,0,0,0,0,0,0,1,1,0,0
2023-08-09 09:00:00,475,10,3,644,0,22.8,8.8,0.0,0,0,0,0,0,0,1,1,0,0
2023-08-09 18:00:00,315,19,2,640,0,22.8,8.8,0.0,0,0,0,0,0,0,1,1,0,0
2023-08-09 19:00:00,249,20,2,357,0,22.8,8.8,0.0,0,0,0,0,0,0,1,1,0,0
2023-08-09 06:00:00,155,7,2,135,0,22.8,8.8,0.0,0,0,0,0,0,0,1,1,0,0
2023-08-09 22:00:00,124,23,2,220,0,22.8,8.8,0.0,0,0,0,0,0,0,1,1,0,0
2023-08-09 01:00:00,40,2,1,52,0,22.8,8.8,0.0,0,0,0,0,0,0,1,1,0,0
2023-08-09 04:00:00,26,5,1,9,0,22.8,8.8,0.0,0,0,0,0,0,0,1,1,0,0
2023-08-09 00:00:00,23,1,1,34,0,22.8,8.8,0.0,0,0,0,0,0,0,1,1,0,0
2023-08-09 23:00:00,95,0,0,152,0,22.8,8.8,0.0,0,0,0,0,0,0,1,1,0,0
2023-08-09 05:00:00,43,6,0,36,0,22.8,8.8,0.0,0,0,0,0,0,0,1,1,0,0
2023-08-09 02:00:00,42,3,0,16,0,22.8,8.8,0.0,0,0,0,0,0,0,1,1,0,0
2023-08-09 03:00:00,22,4,0,8,0,22.8,8.8,0.0,0,0,0,0,0,0,1,1,0,0
2023-08-10 14:00:00,430,15,14,988,0,22.5,14.2,5.0,0,0,0,0,1,0,0,1,0,0
2023-08-10 15:00:00,376,16,13,910,0,22.5,14.2,5.0,0,0,0,0,1,0,0,1,0,0
2023-08-10 16:00:00,436,17,11,841,0,22.5,14.2,5.0,0,0,0,0,1,0,0,1,0,0
2023-08-10 17:00:00,410,18,10,980,0,22.5,14.2,5.0,0,0,0,0,1,0,0,1,0,0
2023-08-10 09:00:00,406,10,9,536,0,22.5,14.2,5.0,0,0,0,0,1,0,0,1,0,0
2023-08-10 12:00:00,469,13,7,980,0,22.5,14.2,5.0,0,0,0,0,1,0,0,1,0,0
2023-08-10 07:00:00,230,8,7,236,0,22.5,14.2,5.0,0,0,0,0,1,0,0,1,0,0
2023-08-14 11:00:00,193,12,38,822,0,20.6,13.5,0.0,0,1,0,0,0,0,0,1,0,0
2023-08-14 12:00:00,211,13,37,999,0,20.6,13.5,0.0,0,1,0,0,0,0,0,1,0,0
2023-08-14 13:00:00,224,14,27,1094,0,20.6,13.5,0.0,0,1,0,0,0,0,0,1,0,0
2023-08-14 14:00:00,205,15,27,925,0,20.6,13.5,0.0,0,1,0,0,0,0,0,1,0,0
2023-08-14 10:00:00,167,11,23,611,0,20.6,13.5,0.0,0,1,0,0,0,0,0,1,0,0
2023-08-14 17:00:00,134,18,23,721,0,20.6,13.5,0.0,0,1,0,0,0,0,0,1,0,0
2023-08-14 15:00:00,199,16,22,931,0,20.6,13.5,0.0,0,1,0,0,0,0,0,1,0,0
2023-08-14 16:00:00,214,17,21,830,0,20.6,13.5,0.0,0,1,0,0,0,0,0,1,0,0
2023-08-14 18:00:00,111,19,21,500,0,20.6,13.5,0.0,0,1,0,0,0,0,0,1,0,0
2023-08-14 09:00:00,148,10,17,501,0,20.6,13.5,0.0,0,1,0,0,0,0,0,1,0,0
2023-08-14 08:00:00,111,9,17,433,0,20.6,13.5,0.0,0,1,0,0,0,0,0,1,0,0
2023-08-22 01:00:00,18,2,1,57,0,18.0,15.6,0.7,0,0,0,0,0,1,0,1,0,0
2023-08-22 21:00:00,155,22,0,191,0,18.0,15.6,0.7,0,0,0,0,0,1,0,1,0,0
2023-08-22 23:00:00,127,0,0,140,0,18.0,15.6,0.7,0,0,0,0,0,1,0,1,0,0
2023-08-22 22:00:00,123,23,0,181,0,18.0,15.6,0.7,0,0,0,0,0,1,0,1,0,0
2023-08-22 04:00:00,23,5,0,10,0,18.0,15.6,0.7,0,0,0,0,0,1,0,1,0,0
2023-08-23 14:00:00,501,15,15,1207,0,19.5,9.3,3.6,0,0,0,0,0,0,1,1,0,0
2023-08-23 10:00:00,398,11,14,1029,0,19.5,9.3,3.6,0,0,0,0,0,0,1,1,0,0
2023-08-23 12:00:00,467,13,13,1146,0,19.5,9.3,3.6,0,0,0,0,0,0,1,1,0,0
2023-08-23 13:00:00,468,14,11,1087,0,19.5,9.3,3.6,0,0,0,0,0,0,1,1,0,0
2023-08-23 11:00:00,439,12,11,1033,0,19.5,9.3,3.6,0,0,0,0,0,0,1,1,0,0
2023-08-23 09:00:00,369,10,9,749,0,19.5,9.3,3.6,0,0,0,0,0,0,1,1,0,0
2023-08-23 08:00:00,311,9,7,483,0,19.5,9.3,3.6,0,0,0,0,0,0,1,1,0,0
2023-08-23 06:00:00,84,7,7,105,0,19.5,9.3,3.6,0,0,0,0,0,0,1,1,0,0
2023-08-23 16:00:00,372,17,5,973,0,19.5,9.3,3.6,0,0,0,0,0,0,1,1,0,0
2023-08-23 17:00:00,367,18,5,780,0,19.5,9.3,3.6,0,0,0,0,0,0,1,1,0,0
2023-08-23 07:00:00,183,8,5,289,0,19.5,9.3,3.6,0,0,0,0,0,0,1,1,0,0
2023-08-23 15:00:00,413,16,4,1046,0,19.5,9.3,3.6,0,0,0,0,0,0,1,1,0,0
2023-08-23 23:00:00,46,0,3,115,0,19.5,9.3,3.6,0,0,0,0,0,0,1,1,0,0
2023-08-23 03:00:00,27,4,2,76,0,19.5,9.3,3.6,0,0,0,0,0,0,1,1,0,0
2023-08-23 19:00:00,211,20,1,319,0,19.5,9.3,3.6,0,0,0,0,0,0,1,1,0,0
2023-08-23 20:00:00,175,21,1,245,0,19.5,9.3,3.6,0,0,0,0,0,0,1,1,0,0
2023-08-23 21:00:00,78,22,1,86,0,19.5,9.3,3.6,0,0,0,0,0,0,1,1,0,0
2023-08-23 00:00:00,75,1,1,80,0,19.5,9.3,3.6,0,0,0,0,0,0,1,1,0,0
2023-08-23 22:00:00,52,23,1,56,0,19.5,9.3,3.6,0,0,0,0,0,0,1,1,0,0
2023-08-23 05:00:00,51,6,1,23,0,19.5,9.3,3.6,0,0,0,0,0,0,1,1,0,0
2023-08-23 18:00:00,304,19,0,414,0,19.5,9.3,3.6,0,0,0,0,0,0,1,1,0,0
2023-08-20 00:00:00,44,1,1,212,0,21.5,14.0,0.0,0,0,0,1,0,0,0,1,0,0
2023-08-23 01:00:00,46,2,0,55,0,19.5,9.3,3.6,0,0,0,0,0,0,1,1,0,0
2023-08-23 02:00:00,33,3,0,59,0,19.5,9.3,3.6,0,0,0,0,0,0,1,1,0,0
2023-08-23 04:00:00,25,5,0,2,0,19.5,9.3,3.6,0,0,0,0,0,0,1,1,0,0
2023-08-24 17:00:00,130,18,16,672,0,17.9,12.1,0.0,0,0,0,0,1,0,0,1,0,0
2023-08-24 15:00:00,2098,16,13,599,0,17.9,12.1,0.0,0,0,0,0,1,0,0,1,0,0
2023-08-24 19:00:00,87,20,13,295,0,17.9,12.1,0.0,0,0,0,0,1,0,0,1,0,0
2023-08-24 08:00:00,259,9,11,463,0,17.9,12.1,0.0,0,0,0,0,1,0,0,1,0,0
2023-08-24 18:00:00,135,19,10,444,0,17.9,12.1,0.0,0,0,0,0,1,0,0,1,0,0
2023-08-24 12:00:00,401,13,9,974,0,17.9,12.1,0.0,0,0,0,0,1,0,0,1,0,0
2023-08-24 09:00:00,360,10,9,584,0,17.9,12.1,0.0,0,0,0,0,1,0,0,1,0,0
2023-08-24 10:00:00,344,11,6,817,0,17.9,12.1,0.0,0,0,0,0,1,0,0,1,0,0
2023-08-24 11:00:00,327,12,6,873,0,17.9,12.1,0.0,0,0,0,0,1,0,0,1,0,0
2023-08-24 07:00:00,216,8,6,298,0,17.9,12.1,0.0,0,0,0,0,1,0,0,1,0,0
2023-08-24 16:00:00,1664,17,5,629,0,17.9,12.1,0.0,0,0,0,0,1,0,0,1,0,0
2023-08-24 13:00:00,1347,14,4,749,0,17.9,12.1,0.0,0,0,0,0,1,0,0,1,0,0
2023-08-24 20:00:00,70,21,4,252,0,17.9,12.1,0.0,0,0,0,0,1,0,0,1,0,0
2023-08-24 21:00:00,54,22,4,136,0,17.9,12.1,0.0,0,0,0,0,1,0,0,1,0,0
2023-08-24 22:00:00,53,23,4,131,0,17.9,12.1,0.0,0,0,0,0,1,0,0,1,0,0
2023-08-24 14:00:00,1965,15,2,636,0,17.9,12.1,0.0,0,0,0,0,1,0,0,1,0,0
2023-08-26 05:00:00,36,6,0,47,0,18.3,5.5,0.8,0,0,1,0,0,0,0,1,0,0
2023-08-24 06:00:00,96,7,2,188,0,17.9,12.1,0.0,0,0,0,0,1,0,0,1,0,0
2023-08-24 05:00:00,36,6,2,81,0,17.9,12.1,0.0,0,0,0,0,1,0,0,1,0,0
2023-08-24 00:00:00,20,1,2,166,0,17.9,12.1,0.0,0,0,0,0,1,0,0,1,0,0
2023-08-24 01:00:00,34,2,1,104,0,17.9,12.1,0.0,0,0,0,0,1,0,0,1,0,0
2023-08-24 02:00:00,23,3,1,118,0,17.9,12.1,0.0,0,0,0,0,1,0,0,1,0,0
2023-08-31 19:00:00,253,20,7,388,0,17.8,7.5,0.0,0,0,0,0,1,0,0,1,0,0
2023-08-27 13:00:00,310,14,9,1203,0,18.6,5.5,4.8,0,0,0,1,0,0,0,1,0,0
2023-08-31 12:00:00,424,13,6,971,0,17.8,7.5,0.0,0,0,0,0,1,0,0,1,0,0
2023-08-20 06:00:00,33,7,1,59,0,21.5,14.0,0.0,0,0,0,1,0,0,0,1,0,0
2023-08-27 18:00:00,154,19,7,502,0,18.6,5.5,4.8,0,0,0,1,0,0,0,1,0,0
2023-08-31 20:00:00,252,21,6,290,0,17.8,7.5,0.0,0,0,0,0,1,0,0,1,0,0
2023-08-20 22:00:00,139,23,0,157,0,21.5,14.0,0.0,0,0,0,1,0,0,0,1,0,0
2023-08-27 11:00:00,312,12,6,891,0,18.6,5.5,4.8,0,0,0,1,0,0,0,1,0,0
2023-08-31 23:00:00,45,0,5,126,0,17.8,7.5,0.0,0,0,0,0,1,0,0,1,0,0
2023-08-20 23:00:00,110,0,0,161,0,21.5,14.0,0.0,0,0,0,1,0,0,0,1,0,0
2023-08-27 19:00:00,191,20,6,390,0,18.6,5.5,4.8,0,0,0,1,0,0,0,1,0,0
2023-08-31 09:00:00,400,10,4,927,0,17.8,7.5,0.0,0,0,0,0,1,0,0,1,0,0
2023-08-20 03:00:00,73,4,0,284,0,21.5,14.0,0.0,0,0,0,1,0,0,0,1,0,0
2023-08-27 00:00:00,79,1,6,302,0,18.6,5.5,4.8,0,0,0,1,0,0,0,1,0,0
2023-08-31 11:00:00,373,12,4,877,0,17.8,7.5,0.0,0,0,0,0,1,0,0,1,0,0
2023-08-20 02:00:00,52,3,0,228,0,21.5,14.0,0.0,0,0,0,1,0,0,0,1,0,0
2023-08-27 14:00:00,450,15,5,973,0,18.6,5.5,4.8,0,0,0,1,0,0,0,1,0,0
2023-08-20 04:00:00,9,5,0,28,0,21.5,14.0,0.0,0,0,0,1,0,0,0,1,0,0
2023-08-31 07:00:00,170,8,4,414,0,17.8,7.5,0.0,0,0,0,0,1,0,0,1,0,0
2023-08-27 17:00:00,253,18,5,898,0,18.6,5.5,4.8,0,0,0,1,0,0,0,1,0,0
2023-08-21 16:00:00,424,17,31,774,0,21.4,14.3,0.6,0,1,0,0,0,0,0,1,0,0
2023-08-31 22:00:00,39,23,4,145,0,17.8,7.5,0.0,0,0,0,0,1,0,0,1,0,0
2023-08-27 15:00:00,315,16,4,1039,0,18.6,5.5,4.8,0,0,0,1,0,0,0,1,0,0
2023-08-21 18:00:00,208,19,11,638,0,21.4,14.3,0.6,0,1,0,0,0,0,0,1,0,0
2023-08-21 12:00:00,599,13,10,1587,0,21.4,14.3,0.6,0,1,0,0,0,0,0,1,0,0
2023-08-21 10:00:00,521,11,7,1570,0,21.4,14.3,0.6,0,1,0,0,0,0,0,1,0,0
2023-08-21 17:00:00,304,18,7,578,0,21.4,14.3,0.6,0,1,0,0,0,0,0,1,0,0
2023-08-21 15:00:00,384,16,6,792,0,21.4,14.3,0.6,0,1,0,0,0,0,0,1,0,0
2023-08-21 19:00:00,210,20,6,453,0,21.4,14.3,0.6,0,1,0,0,0,0,0,1,0,0
2023-08-21 09:00:00,406,10,5,1104,0,21.4,14.3,0.6,0,1,0,0,0,0,0,1,0,0
2023-08-21 13:00:00,634,14,3,1206,0,21.4,14.3,0.6,0,1,0,0,0,0,0,1,0,0
2023-08-21 11:00:00,538,12,3,1767,0,21.4,14.3,0.6,0,1,0,0,0,0,0,1,0,0
2023-08-21 14:00:00,432,15,3,754,0,21.4,14.3,0.6,0,1,0,0,0,0,0,1,0,0
2023-08-21 07:00:00,228,8,3,427,0,21.4,14.3,0.6,0,1,0,0,0,0,0,1,0,0
2023-08-21 08:00:00,313,9,2,718,0,21.4,14.3,0.6,0,1,0,0,0,0,0,1,0,0
2023-08-21 20:00:00,116,21,2,278,0,21.4,14.3,0.6,0,1,0,0,0,0,0,1,0,0
2023-08-21 22:00:00,104,23,2,124,0,21.4,14.3,0.6,0,1,0,0,0,0,0,1,0,0
2023-08-21 21:00:00,101,22,2,199,0,21.4,14.3,0.6,0,1,0,0,0,0,0,1,0,0
2023-08-21 06:00:00,93,7,1,167,0,21.4,14.3,0.6,0,1,0,0,0,0,0,1,0,0
2023-08-21 05:00:00,47,6,1,81,0,21.4,14.3,0.6,0,1,0,0,0,0,0,1,0,0
2023-08-21 00:00:00,76,1,0,126,0,21.4,14.3,0.6,0,1,0,0,0,0,0,1,0,0
2023-08-21 01:00:00,71,2,0,135,0,21.4,14.3,0.6,0,1,0,0,0,0,0,1,0,0
2023-08-21 23:00:00,62,0,0,46,0,21.4,14.3,0.6,0,1,0,0,0,0,0,1,0,0
2023-08-21 02:00:00,41,3,0,62,0,21.4,14.3,0.6,0,1,0,0,0,0,0,1,0,0
2023-08-21 03:00:00,25,4,0,27,0,21.4,14.3,0.6,0,1,0,0,0,0,0,1,0,0
2023-08-21 04:00:00,18,5,0,26,0,21.4,14.3,0.6,0,1,0,0,0,0,0,1,0,0
2023-08-22 16:00:00,602,17,18,995,0,18.0,15.6,0.7,0,0,0,0,0,1,0,1,0,0
2023-08-22 17:00:00,461,18,16,834,0,18.0,15.6,0.7,0,0,0,0,0,1,0,1,0,0
2023-08-22 12:00:00,591,13,13,1079,0,18.0,15.6,0.7,0,0,0,0,0,1,0,1,0,0
2023-08-22 15:00:00,627,16,11,1031,0,18.0,15.6,0.7,0,0,0,0,0,1,0,1,0,0
2023-08-22 14:00:00,556,15,9,1060,0,18.0,15.6,0.7,0,0,0,0,0,1,0,1,0,0
2023-08-22 08:00:00,299,9,9,613,0,18.0,15.6,0.7,0,0,0,0,0,1,0,1,0,0
2023-08-22 18:00:00,343,19,8,670,0,18.0,15.6,0.7,0,0,0,0,0,1,0,1,0,0
2023-08-22 11:00:00,506,12,6,978,0,18.0,15.6,0.7,0,0,0,0,0,1,0,1,0,0
2023-08-22 09:00:00,446,10,6,595,0,18.0,15.6,0.7,0,0,0,0,0,1,0,1,0,0
2023-08-22 19:00:00,253,20,5,502,0,18.0,15.6,0.7,0,0,0,0,0,1,0,1,0,0
2023-08-22 07:00:00,196,8,5,334,0,18.0,15.6,0.7,0,0,0,0,0,1,0,1,0,0
2023-08-22 20:00:00,150,21,5,347,0,18.0,15.6,0.7,0,0,0,0,0,1,0,1,0,0
2023-08-22 13:00:00,588,14,4,893,0,18.0,15.6,0.7,0,0,0,0,0,1,0,1,0,0
2023-08-22 10:00:00,508,11,4,929,0,18.0,15.6,0.7,0,0,0,0,0,1,0,1,0,0
2023-08-22 03:00:00,18,4,2,22,0,18.0,15.6,0.7,0,0,0,0,0,1,0,1,0,0
2023-08-22 06:00:00,87,7,1,130,0,18.0,15.6,0.7,0,0,0,0,0,1,0,1,0,0
2023-08-22 00:00:00,56,1,1,37,0,18.0,15.6,0.7,0,0,0,0,0,1,0,1,0,0
2023-08-22 05:00:00,52,6,1,28,0,18.0,15.6,0.7,0,0,0,0,0,1,0,1,0,0
2023-08-22 02:00:00,30,3,1,15,0,18.0,15.6,0.7,0,0,0,0,0,1,0,1,0,0
2023-08-27 20:00:00,163,21,4,414,0,18.6,5.5,4.8,0,0,0,1,0,0,0,1,0,0
2023-08-31 14:00:00,458,15,3,782,0,17.8,7.5,0.0,0,0,0,0,1,0,0,1,0,0
2023-08-27 10:00:00,246,11,3,631,0,18.6,5.5,4.8,0,0,0,1,0,0,0,1,0,0
2023-08-31 10:00:00,421,11,3,970,0,17.8,7.5,0.0,0,0,0,0,1,0,0,1,0,0
2023-08-27 16:00:00,331,17,2,1165,0,18.6,5.5,4.8,0,0,0,1,0,0,0,1,0,0
2023-08-31 13:00:00,417,14,2,938,0,17.8,7.5,0.0,0,0,0,0,1,0,0,1,0,0
2023-08-29 09:00:00,383,10,18,480,0,19.0,10.5,0.0,0,0,0,0,0,1,0,1,0,0
2023-08-27 12:00:00,309,13,2,1514,0,18.6,5.5,4.8,0,0,0,1,0,0,0,1,0,0
2023-08-24 23:00:00,55,0,0,89,0,17.9,12.1,0.0,0,0,0,0,1,0,0,1,0,0
2023-08-31 15:00:00,357,16,2,771,0,17.8,7.5,0.0,0,0,0,0,1,0,0,1,0,0
2023-08-29 08:00:00,311,9,18,417,0,19.0,10.5,0.0,0,0,0,0,0,1,0,1,0,0
2023-08-27 06:00:00,39,7,2,122,0,18.6,5.5,4.8,0,0,0,1,0,0,0,1,0,0
2023-08-31 08:00:00,262,9,1,718,0,17.8,7.5,0.0,0,0,0,0,1,0,0,1,0,0
2023-08-31 21:00:00,113,22,1,313,0,17.8,7.5,0.0,0,0,0,0,1,0,0,1,0,0
2023-08-31 05:00:00,47,6,1,30,0,17.8,7.5,0.0,0,0,0,0,1,0,0,1,0,0
2023-08-31 01:00:00,25,2,1,68,0,17.8,7.5,0.0,0,0,0,0,1,0,0,1,0,0
2023-08-31 02:00:00,21,3,1,110,0,17.8,7.5,0.0,0,0,0,0,1,0,0,1,0,0
2023-08-31 06:00:00,87,7,0,123,0,17.8,7.5,0.0,0,0,0,0,1,0,0,1,0,0
2023-08-31 00:00:00,50,1,0,73,0,17.8,7.5,0.0,0,0,0,0,1,0,0,1,0,0
2023-08-31 03:00:00,19,4,0,17,0,17.8,7.5,0.0,0,0,0,0,1,0,0,1,0,0
2023-08-31 04:00:00,18,5,0,10,0,17.8,7.5,0.0,0,0,0,0,1,0,0,1,0,0
2023-08-24 03:00:00,11,4,0,15,0,17.9,12.1,0.0,0,0,0,0,1,0,0,1,0,0
2023-08-29 07:00:00,199,8,16,197,0,19.0,10.5,0.0,0,0,0,0,0,1,0,1,0,0
2023-08-29 13:00:00,534,14,12,957,0,19.0,10.5,0.0,0,0,0,0,0,1,0,1,0,0
2023-08-29 11:00:00,485,12,12,809,0,19.0,10.5,0.0,0,0,0,0,0,1,0,1,0,0
2023-08-24 04:00:00,5,5,0,8,0,17.9,12.1,0.0,0,0,0,0,1,0,0,1,0,0
2023-08-29 12:00:00,484,13,11,1083,0,19.0,10.5,0.0,0,0,0,0,0,1,0,1,0,0
2023-08-25 19:00:00,99,20,12,324,0,18.5,8.9,0.0,1,0,0,0,0,0,0,1,0,0
2023-08-29 16:00:00,459,17,7,919,0,19.0,10.5,0.0,0,0,0,0,0,1,0,1,0,0
2023-08-27 02:00:00,75,3,1,363,0,18.6,5.5,4.8,0,0,0,1,0,0,0,1,0,0
2023-08-25 06:00:00,43,7,7,121,0,18.5,8.9,0.0,1,0,0,0,0,0,0,1,0,0
2023-08-29 17:00:00,442,18,6,707,0,19.0,10.5,0.0,0,0,0,0,0,1,0,1,0,0
2023-08-27 01:00:00,62,2,1,356,0,18.6,5.5,4.8,0,0,0,1,0,0,0,1,0,0
2023-08-25 15:00:00,531,16,6,1909,0,18.5,8.9,0.0,1,0,0,0,0,0,0,1,0,0
2023-08-29 18:00:00,384,19,4,556,0,19.0,10.5,0.0,0,0,0,0,0,1,0,1,0,0
2023-08-27 23:00:00,41,0,1,198,0,18.6,5.5,4.8,0,0,0,1,0,0,0,1,0,0
2023-08-25 13:00:00,504,14,6,1676,0,18.5,8.9,0.0,1,0,0,0,0,0,0,1,0,0
2023-08-29 06:00:00,132,7,3,85,0,19.0,10.5,0.0,0,0,0,0,0,1,0,1,0,0
2023-08-27 07:00:00,41,8,1,182,0,18.6,5.5,4.8,0,0,0,1,0,0,0,1,0,0
2023-08-27 05:00:00,23,6,1,38,0,18.6,5.5,4.8,0,0,0,1,0,0,0,1,0,0
2023-08-27 09:00:00,129,10,0,324,0,18.6,5.5,4.8,0,0,0,1,0,0,0,1,0,0
2023-08-27 03:00:00,123,4,0,322,0,18.6,5.5,4.8,0,0,0,1,0,0,0,1,0,0
2023-08-27 21:00:00,122,22,0,172,0,18.6,5.5,4.8,0,0,0,1,0,0,0,1,0,0
2023-08-27 22:00:00,108,23,0,199,0,18.6,5.5,4.8,0,0,0,1,0,0,0,1,0,0
2023-08-27 08:00:00,87,9,0,203,0,18.6,5.5,4.8,0,0,0,1,0,0,0,1,0,0
2023-08-27 04:00:00,58,5,0,24,0,18.6,5.5,4.8,0,0,0,1,0,0,0,1,0,0
2023-08-28 15:00:00,334,16,12,1084,0,18.2,8.5,0.0,0,1,0,0,0,0,0,1,0,0
2023-08-28 11:00:00,368,12,10,962,0,18.2,8.5,0.0,0,1,0,0,0,0,0,1,0,0
2023-08-28 09:00:00,332,10,10,684,0,18.2,8.5,0.0,0,1,0,0,0,0,0,1,0,0
2023-08-28 18:00:00,295,19,10,532,0,18.2,8.5,0.0,0,1,0,0,0,0,0,1,0,0
2023-08-28 17:00:00,259,18,10,676,0,18.2,8.5,0.0,0,1,0,0,0,0,0,1,0,0
2023-08-28 14:00:00,369,15,9,1167,0,18.2,8.5,0.0,0,1,0,0,0,0,0,1,0,0
2023-08-28 12:00:00,425,13,8,1316,0,18.2,8.5,0.0,0,1,0,0,0,0,0,1,0,0
2023-08-28 16:00:00,395,17,8,1350,0,18.2,8.5,0.0,0,1,0,0,0,0,0,1,0,0
2023-08-28 13:00:00,406,14,7,1203,0,18.2,8.5,0.0,0,1,0,0,0,0,0,1,0,0
2023-08-28 08:00:00,253,9,7,447,0,18.2,8.5,0.0,0,1,0,0,0,0,0,1,0,0
2023-08-28 06:00:00,36,7,7,90,0,18.2,8.5,0.0,0,1,0,0,0,0,0,1,0,0
2023-08-28 19:00:00,244,20,5,317,0,18.2,8.5,0.0,0,1,0,0,0,0,0,1,0,0
2023-08-28 21:00:00,119,22,4,180,0,18.2,8.5,0.0,0,1,0,0,0,0,0,1,0,0
2023-08-28 10:00:00,348,11,3,974,0,18.2,8.5,0.0,0,1,0,0,0,0,0,1,0,0
2023-08-28 07:00:00,167,8,2,307,0,18.2,8.5,0.0,0,1,0,0,0,0,0,1,0,0
2023-08-28 20:00:00,163,21,2,193,0,18.2,8.5,0.0,0,1,0,0,0,0,0,1,0,0
2023-08-28 02:00:00,38,3,1,184,0,18.2,8.5,0.0,0,1,0,0,0,0,0,1,0,0
2023-08-28 05:00:00,10,6,1,43,0,18.2,8.5,0.0,0,1,0,0,0,0,0,1,0,0
2023-08-28 04:00:00,9,5,1,15,0,18.2,8.5,0.0,0,1,0,0,0,0,0,1,0,0
2023-08-28 22:00:00,97,23,0,143,0,18.2,8.5,0.0,0,1,0,0,0,0,0,1,0,0
2023-08-28 23:00:00,97,0,0,70,0,18.2,8.5,0.0,0,1,0,0,0,0,0,1,0,0
2023-08-28 00:00:00,47,1,0,142,0,18.2,8.5,0.0,0,1,0,0,0,0,0,1,0,0
2023-08-28 01:00:00,22,2,0,92,0,18.2,8.5,0.0,0,1,0,0,0,0,0,1,0,0
2023-08-28 03:00:00,11,4,0,16,0,18.2,8.5,0.0,0,1,0,0,0,0,0,1,0,0
2023-08-29 10:00:00,435,11,21,619,0,19.0,10.5,0.0,0,0,0,0,0,1,0,1,0,0
2023-08-29 15:00:00,455,16,2,805,0,19.0,10.5,0.0,0,0,0,0,0,1,0,1,0,0
2023-08-29 21:00:00,147,22,2,198,0,19.0,10.5,0.0,0,0,0,0,0,1,0,1,0,0
2023-08-29 14:00:00,401,15,1,875,0,19.0,10.5,0.0,0,0,0,0,0,1,0,1,0,0
2023-08-29 19:00:00,263,20,1,425,0,19.0,10.5,0.0,0,0,0,0,0,1,0,1,0,0
2023-08-29 20:00:00,199,21,1,318,0,19.0,10.5,0.0,0,0,0,0,0,1,0,1,0,0
2023-08-29 02:00:00,39,3,1,37,0,19.0,10.5,0.0,0,0,0,0,0,1,0,1,0,0
2023-08-25 09:00:00,403,10,6,907,0,18.5,8.9,0.0,1,0,0,0,0,0,0,1,0,0
2023-08-29 22:00:00,148,23,0,145,0,19.0,10.5,0.0,0,0,0,0,0,1,0,1,0,0
2023-08-25 14:00:00,530,15,5,1579,0,18.5,8.9,0.0,1,0,0,0,0,0,0,1,0,0
2023-08-29 23:00:00,90,0,0,66,0,19.0,10.5,0.0,0,0,0,0,0,1,0,1,0,0
2023-08-25 16:00:00,506,17,5,1841,0,18.5,8.9,0.0,1,0,0,0,0,0,0,1,0,0
2023-08-29 00:00:00,61,1,0,80,0,19.0,10.5,0.0,0,0,0,0,0,1,0,1,0,0
2023-08-25 11:00:00,481,12,5,1497,0,18.5,8.9,0.0,1,0,0,0,0,0,0,1,0,0
2023-08-29 01:00:00,49,2,0,57,0,19.0,10.5,0.0,0,0,0,0,0,1,0,1,0,0
2023-08-25 23:00:00,89,0,5,285,0,18.5,8.9,0.0,1,0,0,0,0,0,0,1,0,0
2023-08-29 05:00:00,46,6,0,18,0,19.0,10.5,0.0,0,0,0,0,0,1,0,1,0,0
2023-08-25 07:00:00,85,8,5,267,0,18.5,8.9,0.0,1,0,0,0,0,0,0,1,0,0
2023-08-29 03:00:00,28,4,0,19,0,19.0,10.5,0.0,0,0,0,0,0,1,0,1,0,0
2023-08-25 17:00:00,513,18,3,1457,0,18.5,8.9,0.0,1,0,0,0,0,0,0,1,0,0
2023-08-29 04:00:00,18,5,0,7,0,19.0,10.5,0.0,0,0,0,0,0,1,0,1,0,0
2023-08-25 12:00:00,485,13,3,1789,0,18.5,8.9,0.0,1,0,0,0,0,0,0,1,0,0
2023-08-30 16:00:00,472,17,13,1070,0,17.9,7.7,0.0,0,0,0,0,0,0,1,1,0,0
2023-08-25 18:00:00,372,19,3,1010,0,18.5,8.9,0.0,1,0,0,0,0,0,0,1,0,0
2023-08-30 09:00:00,464,10,9,856,0,17.9,7.7,0.0,0,0,0,0,0,0,1,1,0,0
2023-08-25 21:00:00,53,22,3,174,0,18.5,8.9,0.0,1,0,0,0,0,0,0,1,0,0
2023-08-30 14:00:00,436,15,9,1493,0,17.9,7.7,0.0,0,0,0,0,0,0,1,1,0,0
2023-08-25 22:00:00,51,23,3,178,0,18.5,8.9,0.0,1,0,0,0,0,0,0,1,0,0
2023-08-30 11:00:00,396,12,9,1338,0,17.9,7.7,0.0,0,0,0,0,0,0,1,1,0,0
2023-08-25 08:00:00,257,9,2,464,0,18.5,8.9,0.0,1,0,0,0,0,0,0,1,0,0
2023-08-30 10:00:00,450,11,8,1181,0,17.9,7.7,0.0,0,0,0,0,0,0,1,1,0,0
2023-08-25 20:00:00,69,21,2,228,0,18.5,8.9,0.0,1,0,0,0,0,0,0,1,0,0
2023-08-30 17:00:00,411,18,8,882,0,17.9,7.7,0.0,0,0,0,0,0,0,1,1,0,0
2023-08-25 10:00:00,454,11,1,1472,0,18.5,8.9,0.0,1,0,0,0,0,0,0,1,0,0
2023-08-30 12:00:00,475,13,5,1431,0,17.9,7.7,0.0,0,0,0,0,0,0,1,1,0,0
2023-08-25 05:00:00,26,6,1,51,0,18.5,8.9,0.0,1,0,0,0,0,0,0,1,0,0
2023-08-30 15:00:00,450,16,5,1180,0,17.9,7.7,0.0,0,0,0,0,0,0,1,1,0,0
2023-08-25 01:00:00,25,2,1,56,0,18.5,8.9,0.0,1,0,0,0,0,0,0,1,0,0
2023-08-30 13:00:00,413,14,5,1546,0,17.9,7.7,0.0,0,0,0,0,0,0,1,1,0,0
2023-08-25 00:00:00,10,1,1,39,0,18.5,8.9,0.0,1,0,0,0,0,0,0,1,0,0
2023-08-30 18:00:00,321,19,5,611,0,17.9,7.7,0.0,0,0,0,0,0,0,1,1,0,0
2023-08-25 02:00:00,39,3,0,108,0,18.5,8.9,0.0,1,0,0,0,0,0,0,1,0,0
2023-08-30 22:00:00,138,23,5,162,0,17.9,7.7,0.0,0,0,0,0,0,0,1,1,0,0
2023-08-25 03:00:00,4,4,0,9,0,18.5,8.9,0.0,1,0,0,0,0,0,0,1,0,0
2023-08-30 19:00:00,238,20,4,442,0,17.9,7.7,0.0,0,0,0,0,0,0,1,1,0,0
2023-08-25 04:00:00,0,5,0,18,0,18.5,8.9,0.0,1,0,0,0,0,0,0,1,0,0
2023-08-30 08:00:00,301,9,3,698,0,17.9,7.7,0.0,0,0,0,0,0,0,1,1,0,0
2023-08-30 21:00:00,155,22,2,264,0,17.9,7.7,0.0,0,0,0,0,0,0,1,1,0,0
2023-08-30 07:00:00,208,8,1,405,0,17.9,7.7,0.0,0,0,0,0,0,0,1,1,0,0
2023-08-30 20:00:00,194,21,1,270,0,17.9,7.7,0.0,0,0,0,0,0,0,1,1,0,0
2023-08-30 06:00:00,93,7,1,117,0,17.9,7.7,0.0,0,0,0,0,0,0,1,1,0,0
2023-08-30 05:00:00,51,6,1,44,0,17.9,7.7,0.0,0,0,0,0,0,0,1,1,0,0
2023-08-30 03:00:00,16,4,1,29,0,17.9,7.7,0.0,0,0,0,0,0,0,1,1,0,0
2023-08-30 23:00:00,134,0,0,132,0,17.9,7.7,0.0,0,0,0,0,0,0,1,1,0,0
2023-08-30 00:00:00,57,1,0,53,0,17.9,7.7,0.0,0,0,0,0,0,0,1,1,0,0
2023-08-30 01:00:00,39,2,0,29,0,17.9,7.7,0.0,0,0,0,0,0,0,1,1,0,0
2023-08-30 02:00:00,21,3,0,35,0,17.9,7.7,0.0,0,0,0,0,0,0,1,1,0,0
2023-08-30 04:00:00,18,5,0,26,0,17.9,7.7,0.0,0,0,0,0,0,0,1,1,0,0
2023-08-31 16:00:00,285,17,13,1046,0,17.8,7.5,0.0,0,0,0,0,1,0,0,1,0,0
2023-08-31 17:00:00,158,18,12,839,0,17.8,7.5,0.0,0,0,0,0,1,0,0,1,0,0
2023-08-31 18:00:00,130,19,8,556,0,17.8,7.5,0.0,0,0,0,0,1,0,0,1,0,0
2023-08-26 18:00:00,222,19,10,409,0,18.3,5.5,0.8,0,0,1,0,0,0,0,1,0,0
2023-08-26 11:00:00,387,12,9,1550,0,18.3,5.5,0.8,0,0,1,0,0,0,0,1,0,0
2023-08-26 16:00:00,152,17,9,631,0,18.3,5.5,0.8,0,0,1,0,0,0,0,1,0,0
2023-08-26 14:00:00,343,15,8,1194,0,18.3,5.5,0.8,0,0,1,0,0,0,0,1,0,0
2023-08-26 15:00:00,139,16,7,740,0,18.3,5.5,0.8,0,0,1,0,0,0,0,1,0,0
2023-08-26 10:00:00,246,11,5,934,0,18.3,5.5,0.8,0,0,1,0,0,0,0,1,0,0
2023-08-26 08:00:00,224,9,5,493,0,18.3,5.5,0.8,0,0,1,0,0,0,0,1,0,0
2023-08-26 17:00:00,114,18,5,475,0,18.3,5.5,0.8,0,0,1,0,0,0,0,1,0,0
2023-08-26 12:00:00,524,13,4,1806,0,18.3,5.5,0.8,0,0,1,0,0,0,0,1,0,0
2023-08-26 13:00:00,516,14,4,1823,0,18.3,5.5,0.8,0,0,1,0,0,0,0,1,0,0
2023-08-26 09:00:00,191,10,3,621,0,18.3,5.5,0.8,0,0,1,0,0,0,0,1,0,0
2023-08-26 21:00:00,50,22,3,227,0,18.3,5.5,0.8,0,0,1,0,0,0,0,1,0,0
2023-08-26 19:00:00,283,20,2,452,0,18.3,5.5,0.8,0,0,1,0,0,0,0,1,0,0
2023-08-26 03:00:00,115,4,2,371,0,18.3,5.5,0.8,0,0,1,0,0,0,0,1,0,0
2023-08-26 23:00:00,95,0,2,283,0,18.3,5.5,0.8,0,0,1,0,0,0,0,1,0,0
2023-08-26 20:00:00,57,21,2,289,0,18.3,5.5,0.8,0,0,1,0,0,0,0,1,0,0
2023-08-26 07:00:00,127,8,1,289,0,18.3,5.5,0.8,0,0,1,0,0,0,0,1,0,0
2023-08-26 00:00:00,87,1,1,322,0,18.3,5.5,0.8,0,0,1,0,0,0,0,1,0,0
2023-08-26 01:00:00,71,2,1,270,0,18.3,5.5,0.8,0,0,1,0,0,0,0,1,0,0
2023-08-26 06:00:00,53,7,1,130,0,18.3,5.5,0.8,0,0,1,0,0,0,0,1,0,0
2023-08-26 04:00:00,49,5,1,21,0,18.3,5.5,0.8,0,0,1,0,0,0,0,1,0,0
2023-08-26 02:00:00,89,3,0,183,0,18.3,5.5,0.8,0,0,1,0,0,0,0,1,0,0
2023-08-26 22:00:00,59,23,0,209,0,18.3,5.5,0.8,0,0,1,0,0,0,0,1,0,0
2023-12-02 08:00:00,282,9,4,268,0,4.3,-4.8,0.0,0,0,1,0,0,0,0,0,1,0
2023-12-01 12:00:00,231,13,15,454,0,-0.7,-3.2,0.0,1,0,0,0,0,0,0,0,1,0
2023-12-01 09:00:00,165,10,12,314,0,-0.7,-3.2,0.0,1,0,0,0,0,0,0,0,1,0
2023-12-02 12:00:00,467,13,3,961,0,4.3,-4.8,0.0,0,0,1,0,0,0,0,0,1,0
2023-12-02 09:00:00,405,10,3,447,0,4.3,-4.8,0.0,0,0,1,0,0,0,0,0,1,0
2023-12-02 10:00:00,359,11,3,295,0,4.3,-4.8,0.0,0,0,1,0,0,0,0,0,1,0
2023-12-01 11:00:00,207,12,8,337,0,-0.7,-3.2,0.0,1,0,0,0,0,0,0,0,1,0
2023-12-01 14:00:00,249,15,7,441,0,-0.7,-3.2,0.0,1,0,0,0,0,0,0,0,1,0
2023-12-01 13:00:00,256,14,6,613,0,-0.7,-3.2,0.0,1,0,0,0,0,0,0,0,1,0
2023-12-02 03:00:00,163,4,0,313,0,4.3,-4.8,0.0,0,0,1,0,0,0,0,0,1,0
2023-12-02 07:00:00,128,8,0,69,0,4.3,-4.8,0.0,0,0,1,0,0,0,0,0,1,0
2023-12-02 01:00:00,90,2,0,330,0,4.3,-4.8,0.0,0,0,1,0,0,0,0,0,1,0
2023-12-02 23:00:00,82,0,0,308,0,4.3,-4.8,0.0,0,0,1,0,0,0,0,0,1,0
2023-12-02 18:00:00,73,19,0,299,0,4.3,-4.8,0.0,0,0,1,0,0,0,0,0,1,0
2023-12-02 00:00:00,65,1,0,280,0,4.3,-4.8,0.0,0,0,1,0,0,0,0,0,1,0
2023-12-02 21:00:00,58,22,0,270,0,4.3,-4.8,0.0,0,0,1,0,0,0,0,0,1,0
2023-12-02 22:00:00,56,23,0,265,0,4.3,-4.8,0.0,0,0,1,0,0,0,0,0,1,0
2023-12-02 20:00:00,55,21,0,328,0,4.3,-4.8,0.0,0,0,1,0,0,0,0,0,1,0
2023-12-02 04:00:00,49,5,0,19,0,4.3,-4.8,0.0,0,0,1,0,0,0,0,0,1,0
2023-12-02 05:00:00,37,6,0,15,0,4.3,-4.8,0.0,0,0,1,0,0,0,0,0,1,0
2023-12-01 16:00:00,321,17,1,484,0,-0.7,-3.2,0.0,1,0,0,0,0,0,0,0,1,0
2023-12-01 08:00:00,125,9,1,270,0,-0.7,-3.2,0.0,1,0,0,0,0,0,0,0,1,0
2023-12-01 22:00:00,61,23,1,133,0,-0.7,-3.2,0.0,1,0,0,0,0,0,0,0,1,0
2023-12-01 19:00:00,335,20,0,193,0,-0.7,-3.2,0.0,1,0,0,0,0,0,0,0,1,0
2023-12-01 20:00:00,114,21,0,173,0,-0.7,-3.2,0.0,1,0,0,0,0,0,0,0,1,0
2023-12-01 23:00:00,100,0,0,192,0,-0.7,-3.2,0.0,1,0,0,0,0,0,0,0,1,0
2023-12-01 21:00:00,60,22,0,150,0,-0.7,-3.2,0.0,1,0,0,0,0,0,0,0,1,0
2023-12-01 00:00:00,30,1,0,86,0,-0.7,-3.2,0.0,1,0,0,0,0,0,0,0,1,0
2023-12-01 06:00:00,29,7,0,52,0,-0.7,-3.2,0.0,1,0,0,0,0,0,0,0,1,0
2023-12-01 02:00:00,26,3,0,148,0,-0.7,-3.2,0.0,1,0,0,0,0,0,0,0,1,0
2023-12-03 13:00:00,233,14,6,643,0,5.7,-4.2,11.1,0,0,0,1,0,0,0,0,1,0
2023-12-01 01:00:00,20,2,0,71,0,-0.7,-3.2,0.0,1,0,0,0,0,0,0,0,1,0
2023-12-01 05:00:00,12,6,0,19,0,-0.7,-3.2,0.0,1,0,0,0,0,0,0,0,1,0
2023-12-01 03:00:00,10,4,0,12,0,-0.7,-3.2,0.0,1,0,0,0,0,0,0,0,1,0
2023-12-01 04:00:00,3,5,0,6,0,-0.7,-3.2,0.0,1,0,0,0,0,0,0,0,1,0
2023-12-02 15:00:00,338,16,6,916,0,4.3,-4.8,0.0,0,0,1,0,0,0,0,0,1,0
2023-12-02 11:00:00,436,12,2,800,0,4.3,-4.8,0.0,0,0,1,0,0,0,0,0,1,0
2023-12-02 14:00:00,378,15,2,846,0,4.3,-4.8,0.0,0,0,1,0,0,0,0,0,1,0
2023-12-02 13:00:00,358,14,2,1025,0,4.3,-4.8,0.0,0,0,1,0,0,0,0,0,1,0
2023-12-02 17:00:00,331,18,1,987,0,4.3,-4.8,0.0,0,0,1,0,0,0,0,0,1,0
2023-12-02 19:00:00,79,20,1,356,0,4.3,-4.8,0.0,0,0,1,0,0,0,0,0,1,0
2023-12-02 02:00:00,78,3,1,204,0,4.3,-4.8,0.0,0,0,1,0,0,0,0,0,1,0
2023-12-02 06:00:00,51,7,1,28,0,4.3,-4.8,0.0,0,0,1,0,0,0,0,0,1,0
2023-12-02 16:00:00,260,17,0,979,0,4.3,-4.8,0.0,0,0,1,0,0,0,0,0,1,0
2023-12-01 10:00:00,218,11,4,338,0,-0.7,-3.2,0.0,1,0,0,0,0,0,0,0,1,0
2023-12-01 15:00:00,247,16,3,521,0,-0.7,-3.2,0.0,1,0,0,0,0,0,0,0,1,0
2023-12-01 07:00:00,54,8,3,150,0,-0.7,-3.2,0.0,1,0,0,0,0,0,0,0,1,0
2023-12-01 18:00:00,231,19,2,248,0,-0.7,-3.2,0.0,1,0,0,0,0,0,0,0,1,0
2023-12-01 17:00:00,174,18,2,429,0,-0.7,-3.2,0.0,1,0,0,0,0,0,0,0,1,0
2023-12-04 22:00:00,111,23,0,101,0,4.5,-2.2,1.6,0,1,0,0,0,0,0,0,1,0
2023-12-04 10:00:00,462,11,2,1153,0,4.5,-2.2,1.6,0,1,0,0,0,0,0,0,1,0
2023-12-04 06:00:00,48,7,2,121,0,4.5,-2.2,1.6,0,1,0,0,0,0,0,0,1,0
2023-12-04 23:00:00,81,0,0,56,0,4.5,-2.2,1.6,0,1,0,0,0,0,0,0,1,0
2023-12-04 00:00:00,56,1,0,26,0,4.5,-2.2,1.6,0,1,0,0,0,0,0,0,1,0
2023-12-04 01:00:00,33,2,0,22,0,4.5,-2.2,1.6,0,1,0,0,0,0,0,0,1,0
2023-12-04 02:00:00,20,3,0,15,0,4.5,-2.2,1.6,0,1,0,0,0,0,0,0,1,0
2023-12-03 09:00:00,118,10,0,242,0,5.7,-4.2,11.1,0,0,0,1,0,0,0,0,1,0
2023-12-04 05:00:00,17,6,0,61,0,4.5,-2.2,1.6,0,1,0,0,0,0,0,0,1,0
2023-12-03 14:00:00,286,15,2,720,0,5.7,-4.2,11.1,0,0,0,1,0,0,0,0,1,0
2023-12-03 12:00:00,270,13,2,584,0,5.7,-4.2,11.1,0,0,0,1,0,0,0,0,1,0
2023-12-04 03:00:00,11,4,0,6,0,4.5,-2.2,1.6,0,1,0,0,0,0,0,0,1,0
2023-12-04 04:00:00,10,5,0,11,0,4.5,-2.2,1.6,0,1,0,0,0,0,0,0,1,0
2023-12-03 21:00:00,93,22,0,110,0,5.7,-4.2,11.1,0,0,0,1,0,0,0,0,1,0
2023-12-03 22:00:00,92,23,0,142,0,5.7,-4.2,11.1,0,0,0,1,0,0,0,0,1,0
2023-12-03 01:00:00,77,2,0,443,0,5.7,-4.2,11.1,0,0,0,1,0,0,0,0,1,0
2023-12-03 23:00:00,69,0,0,32,0,5.7,-4.2,11.1,0,0,0,1,0,0,0,0,1,0
2023-12-03 03:00:00,62,4,0,354,0,5.7,-4.2,11.1,0,0,0,1,0,0,0,0,1,0
2023-12-03 07:00:00,62,8,0,145,0,5.7,-4.2,11.1,0,0,0,1,0,0,0,0,1,0
2023-12-03 02:00:00,49,3,0,410,0,5.7,-4.2,11.1,0,0,0,1,0,0,0,0,1,0
2023-12-03 05:00:00,45,6,0,24,0,5.7,-4.2,11.1,0,0,0,1,0,0,0,0,1,0
2023-12-03 06:00:00,42,7,0,51,0,5.7,-4.2,11.1,0,0,0,1,0,0,0,0,1,0
2023-12-03 15:00:00,239,16,1,781,0,5.7,-4.2,11.1,0,0,0,1,0,0,0,0,1,0
2023-12-03 10:00:00,203,11,1,392,0,5.7,-4.2,11.1,0,0,0,1,0,0,0,0,1,0
2023-12-03 18:00:00,160,19,1,448,0,5.7,-4.2,11.1,0,0,0,1,0,0,0,0,1,0
2023-12-03 00:00:00,91,1,1,337,0,5.7,-4.2,11.1,0,0,0,1,0,0,0,0,1,0
2023-12-03 11:00:00,249,12,0,544,0,5.7,-4.2,11.1,0,0,0,1,0,0,0,0,1,0
2023-12-03 16:00:00,203,17,0,593,0,5.7,-4.2,11.1,0,0,0,1,0,0,0,0,1,0
2023-12-03 17:00:00,175,18,0,518,0,5.7,-4.2,11.1,0,0,0,1,0,0,0,0,1,0
2023-12-03 19:00:00,136,20,0,448,0,5.7,-4.2,11.1,0,0,0,1,0,0,0,0,1,0
2023-12-03 20:00:00,135,21,0,325,0,5.7,-4.2,11.1,0,0,0,1,0,0,0,0,1,0
2023-12-03 08:00:00,130,9,0,255,0,5.7,-4.2,11.1,0,0,0,1,0,0,0,0,1,0
2023-12-03 04:00:00,26,5,0,46,0,5.7,-4.2,11.1,0,0,0,1,0,0,0,0,1,0
2023-12-04 14:00:00,458,15,1,1455,0,4.5,-2.2,1.6,0,1,0,0,0,0,0,0,1,0
2023-12-04 11:00:00,445,12,1,1325,0,4.5,-2.2,1.6,0,1,0,0,0,0,0,0,1,0
2023-12-04 13:00:00,443,14,1,1665,0,4.5,-2.2,1.6,0,1,0,0,0,0,0,0,1,0
2023-12-04 15:00:00,426,16,1,1081,0,4.5,-2.2,1.6,0,1,0,0,0,0,0,0,1,0
2023-12-04 09:00:00,387,10,1,650,0,4.5,-2.2,1.6,0,1,0,0,0,0,0,0,1,0
2023-12-04 18:00:00,314,19,1,312,0,4.5,-2.2,1.6,0,1,0,0,0,0,0,0,1,0
2023-12-04 21:00:00,106,22,1,145,0,4.5,-2.2,1.6,0,1,0,0,0,0,0,0,1,0
2023-12-04 12:00:00,465,13,0,1364,0,4.5,-2.2,1.6,0,1,0,0,0,0,0,0,1,0
2023-12-04 16:00:00,418,17,0,463,0,4.5,-2.2,1.6,0,1,0,0,0,0,0,0,1,0
2023-12-04 17:00:00,346,18,0,402,0,4.5,-2.2,1.6,0,1,0,0,0,0,0,0,1,0
2023-12-04 08:00:00,280,9,0,460,0,4.5,-2.2,1.6,0,1,0,0,0,0,0,0,1,0
2023-12-04 19:00:00,203,20,0,266,0,4.5,-2.2,1.6,0,1,0,0,0,0,0,0,1,0
2023-12-04 07:00:00,144,8,0,205,0,4.5,-2.2,1.6,0,1,0,0,0,0,0,0,1,0
2023-12-04 20:00:00,132,21,0,210,0,4.5,-2.2,1.6,0,1,0,0,0,0,0,0,1,0
2023-12-05 10:00:00,442,11,2,1063,0,6.1,2.8,0.0,0,0,0,0,0,1,0,0,1,0
2023-12-05 15:00:00,415,16,2,955,0,6.1,2.8,0.0,0,0,0,0,0,1,0,0,1,0
2023-12-05 17:00:00,427,18,0,555,0,6.1,2.8,0.0,0,0,0,0,0,1,0,0,1,0
2023-12-05 16:00:00,415,17,0,696,0,6.1,2.8,0.0,0,0,0,0,0,1,0,0,1,0
2023-12-05 18:00:00,292,19,0,280,0,6.1,2.8,0.0,0,0,0,0,0,1,0,0,1,0
2023-12-05 19:00:00,278,20,0,257,0,6.1,2.8,0.0,0,0,0,0,0,1,0,0,1,0
2023-12-05 07:00:00,177,8,0,263,0,6.1,2.8,0.0,0,0,0,0,0,1,0,0,1,0
2023-12-05 20:00:00,139,21,0,196,0,6.1,2.8,0.0,0,0,0,0,0,1,0,0,1,0
2023-12-05 21:00:00,127,22,0,110,0,6.1,2.8,0.0,0,0,0,0,0,1,0,0,1,0
2023-12-05 06:00:00,99,7,0,125,0,6.1,2.8,0.0,0,0,0,0,0,1,0,0,1,0
2023-12-05 23:00:00,99,0,0,72,0,6.1,2.8,0.0,0,0,0,0,0,1,0,0,1,0
2023-12-05 22:00:00,85,23,0,75,0,6.1,2.8,0.0,0,0,0,0,0,1,0,0,1,0
2023-12-06 13:00:00,425,14,1,690,0,6.9,-3.3,1.1,0,0,0,0,0,0,1,0,1,0
2023-12-05 00:00:00,52,1,0,33,0,6.1,2.8,0.0,0,0,0,0,0,1,0,0,1,0
2023-12-06 03:00:00,22,4,0,27,0,6.9,-3.3,1.1,0,0,0,0,0,0,1,0,1,0
2023-12-06 10:00:00,420,11,1,675,0,6.9,-3.3,1.1,0,0,0,0,0,0,1,0,1,0
2023-12-05 05:00:00,48,6,0,58,0,6.1,2.8,0.0,0,0,0,0,0,1,0,0,1,0
2023-12-06 04:00:00,21,5,0,7,0,6.9,-3.3,1.1,0,0,0,0,0,0,1,0,1,0
2023-12-06 14:00:00,402,15,1,623,0,6.9,-3.3,1.1,0,0,0,0,0,0,1,0,1,0
2023-12-06 11:00:00,476,12,5,943,0,6.9,-3.3,1.1,0,0,0,0,0,0,1,0,1,0
2023-12-06 15:00:00,434,16,5,477,0,6.9,-3.3,1.1,0,0,0,0,0,0,1,0,1,0
2023-12-06 08:00:00,292,9,1,401,0,6.9,-3.3,1.1,0,0,0,0,0,0,1,0,1,0
2023-12-06 19:00:00,242,20,1,288,0,6.9,-3.3,1.1,0,0,0,0,0,0,1,0,1,0
2023-12-05 01:00:00,28,2,0,13,0,6.1,2.8,0.0,0,0,0,0,0,1,0,0,1,0
2023-12-05 02:00:00,24,3,0,17,0,6.1,2.8,0.0,0,0,0,0,0,1,0,0,1,0
2023-12-05 03:00:00,22,4,0,12,0,6.1,2.8,0.0,0,0,0,0,0,1,0,0,1,0
2023-12-05 04:00:00,11,5,0,13,0,6.1,2.8,0.0,0,0,0,0,0,1,0,0,1,0
2023-12-07 14:00:00,349,15,7,532,0,8.5,-4.0,14.6,0,0,0,0,1,0,0,0,1,0
2023-12-07 11:00:00,234,12,6,567,0,8.5,-4.0,14.6,0,0,0,0,1,0,0,0,1,0
2023-12-07 12:00:00,246,13,5,713,0,8.5,-4.0,14.6,0,0,0,0,1,0,0,0,1,0
2023-12-07 13:00:00,506,14,2,760,0,8.5,-4.0,14.6,0,0,0,0,1,0,0,0,1,0
2023-12-06 18:00:00,242,19,0,311,0,6.9,-3.3,1.1,0,0,0,0,0,0,1,0,1,0
2023-12-06 16:00:00,221,17,0,477,0,6.9,-3.3,1.1,0,0,0,0,0,0,1,0,1,0
2023-12-06 07:00:00,196,8,0,227,0,6.9,-3.3,1.1,0,0,0,0,0,0,1,0,1,0
2023-12-06 17:00:00,179,18,0,370,0,6.9,-3.3,1.1,0,0,0,0,0,0,1,0,1,0
2023-12-06 21:00:00,91,22,0,100,0,6.9,-3.3,1.1,0,0,0,0,0,0,1,0,1,0
2023-12-06 00:00:00,77,1,0,20,0,6.9,-3.3,1.1,0,0,0,0,0,0,1,0,1,0
2023-12-06 06:00:00,76,7,0,72,0,6.9,-3.3,1.1,0,0,0,0,0,0,1,0,1,0
2023-12-06 22:00:00,54,23,0,65,0,6.9,-3.3,1.1,0,0,0,0,0,0,1,0,1,0
2023-12-06 05:00:00,47,6,0,20,0,6.9,-3.3,1.1,0,0,0,0,0,0,1,0,1,0
2023-12-06 02:00:00,40,3,0,13,0,6.9,-3.3,1.1,0,0,0,0,0,0,1,0,1,0
2023-12-06 23:00:00,34,0,0,67,0,6.9,-3.3,1.1,0,0,0,0,0,0,1,0,1,0
2023-12-06 01:00:00,29,2,0,22,0,6.9,-3.3,1.1,0,0,0,0,0,0,1,0,1,0
2023-12-05 08:00:00,299,9,5,513,0,6.1,2.8,0.0,0,0,0,0,0,1,0,0,1,0
2023-12-06 09:00:00,406,10,3,589,0,6.9,-3.3,1.1,0,0,0,0,0,0,1,0,1,0
2023-12-06 20:00:00,164,21,2,163,0,6.9,-3.3,1.1,0,0,0,0,0,0,1,0,1,0
2023-12-06 12:00:00,469,13,1,893,0,6.9,-3.3,1.1,0,0,0,0,0,0,1,0,1,0
2023-12-05 12:00:00,506,13,4,1215,0,6.1,2.8,0.0,0,0,0,0,0,1,0,0,1,0
2023-12-05 14:00:00,488,15,4,676,0,6.1,2.8,0.0,0,0,0,0,0,1,0,0,1,0
2023-12-05 11:00:00,404,12,4,1142,0,6.1,2.8,0.0,0,0,0,0,0,1,0,0,1,0
2023-12-05 13:00:00,291,14,4,1105,0,6.1,2.8,0.0,0,0,0,0,0,1,0,0,1,0
2023-12-05 09:00:00,450,10,3,804,0,6.1,2.8,0.0,0,0,0,0,0,1,0,0,1,0
2023-12-09 13:00:00,676,14,4,1336,0,7.1,5.5,5.8,0,0,1,0,0,0,0,0,1,0
2023-12-09 12:00:00,595,13,4,1348,0,7.1,5.5,5.8,0,0,1,0,0,0,0,0,1,0
2023-12-08 11:00:00,417,12,7,1070,0,8.3,5.9,5.2,1,0,0,0,0,0,0,0,1,0
2023-12-09 11:00:00,631,12,1,1364,0,7.1,5.5,5.8,0,0,1,0,0,0,0,0,1,0
2023-12-09 14:00:00,508,15,1,1163,0,7.1,5.5,5.8,0,0,1,0,0,0,0,0,1,0
2023-12-09 10:00:00,447,11,1,1431,0,7.1,5.5,5.8,0,0,1,0,0,0,0,0,1,0
2023-12-07 01:00:00,20,2,0,25,0,8.5,-4.0,14.6,0,0,0,0,1,0,0,0,1,0
2023-12-08 16:00:00,541,17,0,370,0,8.3,5.9,5.2,1,0,0,0,0,0,0,0,1,0
2023-12-08 13:00:00,686,14,6,1169,0,8.3,5.9,5.2,1,0,0,0,0,0,0,0,1,0
2023-12-07 00:00:00,19,1,0,50,0,8.5,-4.0,14.6,0,0,0,0,1,0,0,0,1,0
2023-12-08 10:00:00,198,11,6,982,0,8.3,5.9,5.2,1,0,0,0,0,0,0,0,1,0
2023-12-08 12:00:00,695,13,5,1034,0,8.3,5.9,5.2,1,0,0,0,0,0,0,0,1,0
2023-12-08 09:00:00,278,10,5,847,0,8.3,5.9,5.2,1,0,0,0,0,0,0,0,1,0
2023-12-08 20:00:00,301,21,0,235,0,8.3,5.9,5.2,1,0,0,0,0,0,0,0,1,0
2023-12-08 08:00:00,289,9,0,465,0,8.3,5.9,5.2,1,0,0,0,0,0,0,0,1,0
2023-12-08 07:00:00,194,8,0,136,0,8.3,5.9,5.2,1,0,0,0,0,0,0,0,1,0
2023-12-08 06:00:00,86,7,0,90,0,8.3,5.9,5.2,1,0,0,0,0,0,0,0,1,0
2023-12-08 23:00:00,84,0,0,117,0,8.3,5.9,5.2,1,0,0,0,0,0,0,0,1,0
2023-12-08 05:00:00,44,6,0,36,0,8.3,5.9,5.2,1,0,0,0,0,0,0,0,1,0
2023-12-08 01:00:00,33,2,0,122,0,8.3,5.9,5.2,1,0,0,0,0,0,0,0,1,0
2023-12-08 02:00:00,23,3,0,197,0,8.3,5.9,5.2,1,0,0,0,0,0,0,0,1,0
2023-12-08 00:00:00,21,1,0,127,0,8.3,5.9,5.2,1,0,0,0,0,0,0,0,1,0
2023-12-08 03:00:00,11,4,0,13,0,8.3,5.9,5.2,1,0,0,0,0,0,0,0,1,0
2023-12-08 04:00:00,10,5,0,9,0,8.3,5.9,5.2,1,0,0,0,0,0,0,0,1,0
2023-12-08 17:00:00,511,18,2,324,0,8.3,5.9,5.2,1,0,0,0,0,0,0,0,1,0
2023-12-08 22:00:00,147,23,2,134,0,8.3,5.9,5.2,1,0,0,0,0,0,0,0,1,0
2023-12-07 16:00:00,489,17,0,263,0,8.5,-4.0,14.6,0,0,0,0,1,0,0,0,1,0
2023-12-07 17:00:00,464,18,0,223,0,8.5,-4.0,14.6,0,0,0,0,1,0,0,0,1,0
2023-12-07 19:00:00,305,20,0,102,0,8.5,-4.0,14.6,0,0,0,0,1,0,0,0,1,0
2023-12-07 20:00:00,232,21,0,97,0,8.5,-4.0,14.6,0,0,0,0,1,0,0,0,1,0
2023-12-07 18:00:00,364,19,1,133,0,8.5,-4.0,14.6,0,0,0,0,1,0,0,0,1,0
2023-12-07 10:00:00,255,11,1,495,0,8.5,-4.0,14.6,0,0,0,0,1,0,0,0,1,0
2023-12-07 15:00:00,240,16,1,491,0,8.5,-4.0,14.6,0,0,0,0,1,0,0,0,1,0
2023-12-08 14:00:00,646,15,1,906,0,8.3,5.9,5.2,1,0,0,0,0,0,0,0,1,0
2023-12-07 21:00:00,196,22,1,129,0,8.5,-4.0,14.6,0,0,0,0,1,0,0,0,1,0
2023-12-07 09:00:00,153,10,1,682,0,8.5,-4.0,14.6,0,0,0,0,1,0,0,0,1,0
2023-12-07 07:00:00,99,8,1,486,0,8.5,-4.0,14.6,0,0,0,0,1,0,0,0,1,0
2023-12-08 18:00:00,472,19,1,242,0,8.3,5.9,5.2,1,0,0,0,0,0,0,0,1,0
2023-12-08 15:00:00,439,16,1,622,0,8.3,5.9,5.2,1,0,0,0,0,0,0,0,1,0
2023-12-08 19:00:00,383,20,1,224,0,8.3,5.9,5.2,1,0,0,0,0,0,0,0,1,0
2023-12-08 21:00:00,268,22,1,163,0,8.3,5.9,5.2,1,0,0,0,0,0,0,0,1,0
2023-12-07 23:00:00,32,0,1,74,0,8.5,-4.0,14.6,0,0,0,0,1,0,0,0,1,0
2023-12-07 08:00:00,126,9,0,577,0,8.5,-4.0,14.6,0,0,0,0,1,0,0,0,1,0
2023-12-07 22:00:00,108,23,0,69,0,8.5,-4.0,14.6,0,0,0,0,1,0,0,0,1,0
2023-12-07 06:00:00,103,7,0,101,0,8.5,-4.0,14.6,0,0,0,0,1,0,0,0,1,0
2023-12-07 05:00:00,50,6,0,13,0,8.5,-4.0,14.6,0,0,0,0,1,0,0,0,1,0
2023-12-07 03:00:00,30,4,0,5,0,8.5,-4.0,14.6,0,0,0,0,1,0,0,0,1,0
2023-12-07 04:00:00,28,5,0,9,0,8.5,-4.0,14.6,0,0,0,0,1,0,0,0,1,0
2023-12-07 02:00:00,24,3,0,66,0,8.5,-4.0,14.6,0,0,0,0,1,0,0,0,1,0
2023-12-10 05:00:00,38,6,0,72,0,6.8,0.9,2.0,0,0,0,1,0,0,0,0,1,0
2023-12-10 23:00:00,35,0,0,39,0,6.8,0.9,2.0,0,0,0,1,0,0,0,0,1,0
2023-12-09 01:00:00,77,2,0,186,0,7.1,5.5,5.8,0,0,1,0,0,0,0,0,1,0
2023-12-09 00:00:00,67,1,0,140,0,7.1,5.5,5.8,0,0,1,0,0,0,0,0,1,0
2023-12-09 23:00:00,64,0,0,365,0,7.1,5.5,5.8,0,0,1,0,0,0,0,0,1,0
2023-12-09 02:00:00,63,3,0,220,0,7.1,5.5,5.8,0,0,1,0,0,0,0,0,1,0
2023-12-09 04:00:00,48,5,0,51,0,7.1,5.5,5.8,0,0,1,0,0,0,0,0,1,0
2023-12-09 06:00:00,43,7,0,62,0,7.1,5.5,5.8,0,0,1,0,0,0,0,0,1,0
2023-12-11 12:00:00,505,13,18,1007,0,7.1,3.4,5.6,0,1,0,0,0,0,0,0,1,0
2023-12-11 14:00:00,516,15,16,938,0,7.1,3.4,5.6,0,1,0,0,0,0,0,0,1,0
2023-12-11 13:00:00,548,14,14,1035,0,7.1,3.4,5.6,0,1,0,0,0,0,0,0,1,0
2023-12-11 15:00:00,535,16,8,813,0,7.1,3.4,5.6,0,1,0,0,0,0,0,0,1,0
2023-12-11 10:00:00,450,11,7,880,0,7.1,3.4,5.6,0,1,0,0,0,0,0,0,1,0
2023-12-11 11:00:00,426,12,7,1065,0,7.1,3.4,5.6,0,1,0,0,0,0,0,0,1,0
2023-12-11 09:00:00,361,10,7,629,0,7.1,3.4,5.6,0,1,0,0,0,0,0,0,1,0
2023-12-10 00:00:00,60,1,1,426,0,6.8,0.9,2.0,0,0,0,1,0,0,0,0,1,0
2023-12-10 07:00:00,55,8,1,22,0,6.8,0.9,2.0,0,0,0,1,0,0,0,0,1,0
2023-12-09 03:00:00,60,4,1,216,0,7.1,5.5,5.8,0,0,1,0,0,0,0,0,1,0
2023-12-11 16:00:00,403,17,4,414,0,7.1,3.4,5.6,0,1,0,0,0,0,0,0,1,0
2023-12-11 08:00:00,297,9,4,373,0,7.1,3.4,5.6,0,1,0,0,0,0,0,0,1,0
2023-12-09 05:00:00,37,6,1,24,0,7.1,5.5,5.8,0,0,1,0,0,0,0,0,1,0
2023-12-10 06:00:00,31,7,1,9,0,6.8,0.9,2.0,0,0,0,1,0,0,0,0,1,0
2023-12-10 09:00:00,147,10,2,221,0,6.8,0.9,2.0,0,0,0,1,0,0,0,0,1,0
2023-12-10 08:00:00,87,9,2,103,0,6.8,0.9,2.0,0,0,0,1,0,0,0,0,1,0
2023-12-10 10:00:00,253,11,1,438,0,6.8,0.9,2.0,0,0,0,1,0,0,0,0,1,0
2023-12-10 22:00:00,103,23,1,111,0,6.8,0.9,2.0,0,0,0,1,0,0,0,0,1,0
2023-12-10 02:00:00,68,3,1,518,0,6.8,0.9,2.0,0,0,0,1,0,0,0,0,1,0
2023-12-09 15:00:00,500,16,0,634,0,7.1,5.5,5.8,0,0,1,0,0,0,0,0,1,0
2023-12-09 16:00:00,454,17,0,239,0,7.1,5.5,5.8,0,0,1,0,0,0,0,0,1,0
2023-12-09 09:00:00,412,10,0,1103,0,7.1,5.5,5.8,0,0,1,0,0,0,0,0,1,0
2023-12-09 19:00:00,388,20,0,232,0,7.1,5.5,5.8,0,0,1,0,0,0,0,0,1,0
2023-12-09 08:00:00,318,9,0,533,0,7.1,5.5,5.8,0,0,1,0,0,0,0,0,1,0
2023-12-09 20:00:00,312,21,0,157,0,7.1,5.5,5.8,0,0,1,0,0,0,0,0,1,0
2023-12-09 21:00:00,300,22,0,160,0,7.1,5.5,5.8,0,0,1,0,0,0,0,0,1,0
2023-12-09 17:00:00,281,18,0,240,0,7.1,5.5,5.8,0,0,1,0,0,0,0,0,1,0
2023-12-09 22:00:00,238,23,0,194,0,7.1,5.5,5.8,0,0,1,0,0,0,0,0,1,0
2023-12-09 18:00:00,203,19,0,226,0,7.1,5.5,5.8,0,0,1,0,0,0,0,0,1,0
2023-12-09 07:00:00,123,8,0,114,0,7.1,5.5,5.8,0,0,1,0,0,0,0,0,1,0
2023-12-10 14:00:00,430,15,6,922,0,6.8,0.9,2.0,0,0,0,1,0,0,0,0,1,0
2023-12-10 15:00:00,432,16,5,596,0,6.8,0.9,2.0,0,0,0,1,0,0,0,0,1,0
2023-12-10 16:00:00,380,17,0,232,0,6.8,0.9,2.0,0,0,0,1,0,0,0,0,1,0
2023-12-11 18:00:00,91,19,3,161,0,7.1,3.4,5.6,0,1,0,0,0,0,0,0,1,0
2023-12-10 13:00:00,378,14,0,1380,0,6.8,0.9,2.0,0,0,0,1,0,0,0,0,1,0
2023-12-10 12:00:00,374,13,0,1106,0,6.8,0.9,2.0,0,0,0,1,0,0,0,0,1,0
2023-12-10 18:00:00,337,19,0,190,0,6.8,0.9,2.0,0,0,0,1,0,0,0,0,1,0
2023-12-10 17:00:00,304,18,0,222,0,6.8,0.9,2.0,0,0,0,1,0,0,0,0,1,0
2023-12-10 11:00:00,285,12,0,544,0,6.8,0.9,2.0,0,0,0,1,0,0,0,0,1,0
2023-12-10 19:00:00,193,20,0,122,0,6.8,0.9,2.0,0,0,0,1,0,0,0,0,1,0
2023-12-10 20:00:00,127,21,0,207,0,6.8,0.9,2.0,0,0,0,1,0,0,0,0,1,0
2023-12-10 03:00:00,109,4,0,577,0,6.8,0.9,2.0,0,0,0,1,0,0,0,0,1,0
2023-12-10 21:00:00,97,22,0,195,0,6.8,0.9,2.0,0,0,0,1,0,0,0,0,1,0
2023-12-10 01:00:00,74,2,0,448,0,6.8,0.9,2.0,0,0,0,1,0,0,0,0,1,0
2023-12-11 07:00:00,186,8,1,119,0,7.1,3.4,5.6,0,1,0,0,0,0,0,0,1,0
2023-12-10 04:00:00,66,5,0,25,0,6.8,0.9,2.0,0,0,0,1,0,0,0,0,1,0
2023-12-12 18:00:00,359,19,1,155,0,6.0,5.4,12.3,0,0,0,0,0,1,0,0,1,0
2023-12-12 08:00:00,343,9,1,248,0,6.0,5.4,12.3,0,0,0,0,0,1,0,0,1,0
2023-12-12 20:00:00,222,21,1,110,0,6.0,5.4,12.3,0,0,0,0,0,1,0,0,1,0
2023-12-12 00:00:00,16,1,1,14,0,6.0,5.4,12.3,0,0,0,0,0,1,0,0,1,0
2023-12-12 17:00:00,420,18,0,212,0,6.0,5.4,12.3,0,0,0,0,0,1,0,0,1,0
2023-12-12 16:00:00,409,17,0,344,0,6.0,5.4,12.3,0,0,0,0,0,1,0,0,1,0
2023-12-12 19:00:00,250,20,0,142,0,6.0,5.4,12.3,0,0,0,0,0,1,0,0,1,0
2023-12-12 21:00:00,174,22,0,100,0,6.0,5.4,12.3,0,0,0,0,0,1,0,0,1,0
2023-12-12 22:00:00,114,23,0,61,0,6.0,5.4,12.3,0,0,0,0,0,1,0,0,1,0
2023-12-12 23:00:00,108,0,0,49,0,6.0,5.4,12.3,0,0,0,0,0,1,0,0,1,0
2023-12-11 19:00:00,86,20,1,139,0,7.1,3.4,5.6,0,1,0,0,0,0,0,0,1,0
2023-12-11 21:00:00,51,22,1,77,0,7.1,3.4,5.6,0,1,0,0,0,0,0,0,1,0
2023-12-12 09:00:00,446,10,7,414,0,6.0,5.4,12.3,0,0,0,0,0,1,0,0,1,0
2023-12-12 06:00:00,55,7,0,51,0,6.0,5.4,12.3,0,0,0,0,0,1,0,0,1,0
2023-12-11 06:00:00,36,7,1,66,0,7.1,3.4,5.6,0,1,0,0,0,0,0,0,1,0
2023-12-12 10:00:00,555,11,4,577,0,6.0,5.4,12.3,0,0,0,0,0,1,0,0,1,0
2023-12-11 17:00:00,277,18,0,277,0,7.1,3.4,5.6,0,1,0,0,0,0,0,0,1,0
2023-12-12 14:00:00,494,15,4,607,0,6.0,5.4,12.3,0,0,0,0,0,1,0,0,1,0
2023-12-12 01:00:00,16,2,0,8,0,6.0,5.4,12.3,0,0,0,0,0,1,0,0,1,0
2023-12-12 04:00:00,9,5,0,8,0,6.0,5.4,12.3,0,0,0,0,0,1,0,0,1,0
2023-12-12 05:00:00,8,6,0,21,0,6.0,5.4,12.3,0,0,0,0,0,1,0,0,1,0
2023-12-12 02:00:00,8,3,0,7,0,6.0,5.4,12.3,0,0,0,0,0,1,0,0,1,0
2023-12-12 03:00:00,5,4,0,4,0,6.0,5.4,12.3,0,0,0,0,0,1,0,0,1,0
2023-12-13 14:00:00,592,15,1,1252,0,8.5,5.5,1.3,0,0,0,0,0,0,1,0,1,0
2023-12-13 12:00:00,571,13,1,1662,0,8.5,5.5,1.3,0,0,0,0,0,0,1,0,1,0
2023-12-13 13:00:00,483,14,1,1674,0,8.5,5.5,1.3,0,0,0,0,0,0,1,0,1,0
2023-12-13 15:00:00,478,16,1,1040,0,8.5,5.5,1.3,0,0,0,0,0,0,1,0,1,0
2023-12-13 09:00:00,410,10,1,907,0,8.5,5.5,1.3,0,0,0,0,0,0,1,0,1,0
2023-12-11 20:00:00,53,21,0,87,0,7.1,3.4,5.6,0,1,0,0,0,0,0,0,1,0
2023-12-13 18:00:00,380,19,1,420,0,8.5,5.5,1.3,0,0,0,0,0,0,1,0,1,0
2023-12-12 12:00:00,551,13,3,756,0,6.0,5.4,12.3,0,0,0,0,0,1,0,0,1,0
2023-12-13 19:00:00,261,20,1,275,0,8.5,5.5,1.3,0,0,0,0,0,0,1,0,1,0
2023-12-12 15:00:00,457,16,3,580,0,6.0,5.4,12.3,0,0,0,0,0,1,0,0,1,0
2023-12-12 07:00:00,232,8,3,135,0,6.0,5.4,12.3,0,0,0,0,0,1,0,0,1,0
2023-12-11 00:00:00,43,1,0,60,0,7.1,3.4,5.6,0,1,0,0,0,0,0,0,1,0
2023-12-11 22:00:00,33,23,0,45,0,7.1,3.4,5.6,0,1,0,0,0,0,0,0,1,0
2023-12-11 23:00:00,31,0,0,38,0,7.1,3.4,5.6,0,1,0,0,0,0,0,0,1,0
2023-12-11 01:00:00,26,2,0,60,0,7.1,3.4,5.6,0,1,0,0,0,0,0,0,1,0
2023-12-11 02:00:00,20,3,0,92,0,7.1,3.4,5.6,0,1,0,0,0,0,0,0,1,0
2023-12-11 03:00:00,16,4,0,24,0,7.1,3.4,5.6,0,1,0,0,0,0,0,0,1,0
2023-12-11 05:00:00,14,6,0,27,0,7.1,3.4,5.6,0,1,0,0,0,0,0,0,1,0
2023-12-11 04:00:00,14,5,0,19,0,7.1,3.4,5.6,0,1,0,0,0,0,0,0,1,0
2023-12-12 13:00:00,581,14,2,701,0,6.0,5.4,12.3,0,0,0,0,0,1,0,0,1,0
2023-12-13 10:00:00,453,11,4,1503,0,8.5,5.5,1.3,0,0,0,0,0,0,1,0,1,0
2023-12-12 11:00:00,504,12,2,681,0,6.0,5.4,12.3,0,0,0,0,0,1,0,0,1,0
2023-12-13 16:00:00,522,17,0,597,0,8.5,5.5,1.3,0,0,0,0,0,0,1,0,1,0
2023-12-14 10:00:00,449,11,3,1357,0,11.3,2.7,0.1,0,0,0,0,1,0,0,0,1,0
2023-12-13 11:00:00,458,12,0,1705,0,8.5,5.5,1.3,0,0,0,0,0,0,1,0,1,0
2023-12-13 17:00:00,458,18,0,509,0,8.5,5.5,1.3,0,0,0,0,0,0,1,0,1,0
2023-12-13 08:00:00,314,9,0,507,0,8.5,5.5,1.3,0,0,0,0,0,0,1,0,1,0
2023-12-14 12:00:00,713,13,0,1179,0,11.3,2.7,0.1,0,0,0,0,1,0,0,0,1,0
2023-12-15 14:00:00,707,15,8,1296,0,11.3,5.2,0.0,1,0,0,0,0,0,0,0,1,0
2023-12-14 16:00:00,491,17,0,426,0,11.3,2.7,0.1,0,0,0,0,1,0,0,0,1,0
2023-12-13 07:00:00,193,8,0,188,0,8.5,5.5,1.3,0,0,0,0,0,0,1,0,1,0
2023-12-13 20:00:00,178,21,0,282,0,8.5,5.5,1.3,0,0,0,0,0,0,1,0,1,0
2023-12-14 13:00:00,2076,14,2,523,0,11.3,2.7,0.1,0,0,0,0,1,0,0,0,1,0
2023-12-14 18:00:00,431,19,0,235,0,11.3,2.7,0.1,0,0,0,0,1,0,0,0,1,0
2023-12-15 13:00:00,709,14,15,1357,0,11.3,5.2,0.0,1,0,0,0,0,0,0,0,1,0
2023-12-15 12:00:00,583,13,9,1353,0,11.3,5.2,0.0,1,0,0,0,0,0,0,0,1,0
2023-12-14 19:00:00,361,20,0,185,0,11.3,2.7,0.1,0,0,0,0,1,0,0,0,1,0
2023-12-13 21:00:00,156,22,0,177,0,8.5,5.5,1.3,0,0,0,0,0,0,1,0,1,0
2023-12-14 07:00:00,188,8,0,211,0,11.3,2.7,0.1,0,0,0,0,1,0,0,0,1,0
2023-12-15 11:00:00,534,12,7,1141,0,11.3,5.2,0.0,1,0,0,0,0,0,0,0,1,0
2023-12-15 09:00:00,419,10,1,740,0,11.3,5.2,0.0,1,0,0,0,0,0,0,0,1,0
2023-12-15 08:00:00,346,9,1,317,0,11.3,5.2,0.0,1,0,0,0,0,0,0,0,1,0
2023-12-15 06:00:00,23,7,1,54,0,11.3,5.2,0.0,1,0,0,0,0,0,0,0,1,0
2023-12-15 17:00:00,556,18,0,541,0,11.3,5.2,0.0,1,0,0,0,0,0,0,0,1,0
2023-12-15 16:00:00,537,17,0,547,0,11.3,5.2,0.0,1,0,0,0,0,0,0,0,1,0
2023-12-15 18:00:00,498,19,0,382,0,11.3,5.2,0.0,1,0,0,0,0,0,0,0,1,0
2023-12-15 19:00:00,402,20,0,275,0,11.3,5.2,0.0,1,0,0,0,0,0,0,0,1,0
2023-12-15 21:00:00,284,22,0,279,0,11.3,5.2,0.0,1,0,0,0,0,0,0,0,1,0
2023-12-13 00:00:00,89,1,0,46,0,8.5,5.5,1.3,0,0,0,0,0,0,1,0,1,0
2023-12-14 09:00:00,443,10,2,1065,0,11.3,2.7,0.1,0,0,0,0,1,0,0,0,1,0
2023-12-14 08:00:00,312,9,2,475,0,11.3,2.7,0.1,0,0,0,0,1,0,0,0,1,0
2023-12-14 11:00:00,293,12,4,659,0,11.3,2.7,0.1,0,0,0,0,1,0,0,0,1,0
2023-12-14 14:00:00,2090,15,3,508,0,11.3,2.7,0.1,0,0,0,0,1,0,0,0,1,0
2023-12-14 06:00:00,75,7,2,60,0,11.3,2.7,0.1,0,0,0,0,1,0,0,0,1,0
2023-12-13 06:00:00,52,7,0,39,0,8.5,5.5,1.3,0,0,0,0,0,0,1,0,1,0
2023-12-13 01:00:00,51,2,0,18,0,8.5,5.5,1.3,0,0,0,0,0,0,1,0,1,0
2023-12-14 05:00:00,51,6,0,2,0,11.3,2.7,0.1,0,0,0,0,1,0,0,0,1,0
2023-12-14 21:00:00,45,22,0,138,0,11.3,2.7,0.1,0,0,0,0,1,0,0,0,1,0
2023-12-14 23:00:00,36,0,0,95,0,11.3,2.7,0.1,0,0,0,0,1,0,0,0,1,0
2023-12-14 00:00:00,31,1,0,91,0,11.3,2.7,0.1,0,0,0,0,1,0,0,0,1,0
2023-12-14 01:00:00,24,2,0,73,0,11.3,2.7,0.1,0,0,0,0,1,0,0,0,1,0
2023-12-14 04:00:00,24,5,0,7,0,11.3,2.7,0.1,0,0,0,0,1,0,0,0,1,0
2023-12-14 02:00:00,19,3,0,124,0,11.3,2.7,0.1,0,0,0,0,1,0,0,0,1,0
2023-12-14 03:00:00,6,4,0,25,0,11.3,2.7,0.1,0,0,0,0,1,0,0,0,1,0
2023-12-14 15:00:00,1835,16,1,489,0,11.3,2.7,0.1,0,0,0,0,1,0,0,0,1,0
2023-12-13 22:00:00,36,23,0,131,0,8.5,5.5,1.3,0,0,0,0,0,0,1,0,1,0
2023-12-15 10:00:00,488,11,5,1038,0,11.3,5.2,0.0,1,0,0,0,0,0,0,0,1,0
2023-12-13 23:00:00,28,0,0,96,0,8.5,5.5,1.3,0,0,0,0,0,0,1,0,1,0
2023-12-14 17:00:00,507,18,1,296,0,11.3,2.7,0.1,0,0,0,0,1,0,0,0,1,0
2023-12-13 05:00:00,15,6,0,25,0,8.5,5.5,1.3,0,0,0,0,0,0,1,0,1,0
2023-12-13 02:00:00,10,3,0,5,0,8.5,5.5,1.3,0,0,0,0,0,0,1,0,1,0
2023-12-13 04:00:00,9,5,0,11,0,8.5,5.5,1.3,0,0,0,0,0,0,1,0,1,0
2023-12-13 03:00:00,4,4,0,8,0,8.5,5.5,1.3,0,0,0,0,0,0,1,0,1,0
2023-12-14 20:00:00,68,21,1,130,0,11.3,2.7,0.1,0,0,0,0,1,0,0,0,1,0
2023-12-15 15:00:00,672,16,3,893,0,11.3,5.2,0.0,1,0,0,0,0,0,0,0,1,0
2023-12-14 22:00:00,41,23,1,113,0,11.3,2.7,0.1,0,0,0,0,1,0,0,0,1,0
2023-12-17 14:00:00,116,15,5,421,0,12.6,10.1,0.0,0,0,0,1,0,0,0,0,1,0
2023-12-16 12:00:00,575,13,16,1566,0,12.6,8.8,0.0,0,0,1,0,0,0,0,0,1,0
2023-12-16 13:00:00,609,14,9,1552,0,12.6,8.8,0.0,0,0,1,0,0,0,0,0,1,0
2023-12-16 14:00:00,636,15,7,1395,0,12.6,8.8,0.0,0,0,1,0,0,0,0,0,1,0
2023-12-16 10:00:00,473,11,7,1199,0,12.6,8.8,0.0,0,0,1,0,0,0,0,0,1,0
2023-12-15 22:00:00,197,23,0,186,0,11.3,5.2,0.0,1,0,0,0,0,0,0,0,1,0
2023-12-17 17:00:00,341,18,1,357,0,12.6,10.1,0.0,0,0,0,1,0,0,0,0,1,0
2023-12-15 20:00:00,188,21,0,250,0,11.3,5.2,0.0,1,0,0,0,0,0,0,0,1,0
2023-12-15 07:00:00,154,8,0,97,0,11.3,5.2,0.0,1,0,0,0,0,0,0,0,1,0
2023-12-15 23:00:00,94,0,0,224,0,11.3,5.2,0.0,1,0,0,0,0,0,0,0,1,0
2023-12-15 02:00:00,22,3,0,136,0,11.3,5.2,0.0,1,0,0,0,0,0,0,0,1,0
2023-12-15 01:00:00,17,2,0,53,0,11.3,5.2,0.0,1,0,0,0,0,0,0,0,1,0
2023-12-15 00:00:00,16,1,0,116,0,11.3,5.2,0.0,1,0,0,0,0,0,0,0,1,0
2023-12-15 05:00:00,12,6,0,26,0,11.3,5.2,0.0,1,0,0,0,0,0,0,0,1,0
2023-12-15 03:00:00,10,4,0,66,0,11.3,5.2,0.0,1,0,0,0,0,0,0,0,1,0
2023-12-15 04:00:00,7,5,0,12,0,11.3,5.2,0.0,1,0,0,0,0,0,0,0,1,0
2023-12-17 16:00:00,302,17,1,473,0,12.6,10.1,0.0,0,0,0,1,0,0,0,0,1,0
2023-12-17 11:00:00,315,12,4,1145,0,12.6,10.1,0.0,0,0,0,1,0,0,0,0,1,0
2023-12-17 12:00:00,439,13,12,1382,0,12.6,10.1,0.0,0,0,0,1,0,0,0,0,1,0
2023-12-17 10:00:00,260,11,6,834,0,12.6,10.1,0.0,0,0,0,1,0,0,0,0,1,0
2023-12-16 11:00:00,506,12,6,1238,0,12.6,8.8,0.0,0,0,1,0,0,0,0,0,1,0
2023-12-17 15:00:00,210,16,3,674,0,12.6,10.1,0.0,0,0,0,1,0,0,0,0,1,0
2023-12-17 06:00:00,51,7,3,88,0,12.6,10.1,0.0,0,0,0,1,0,0,0,0,1,0
2023-12-17 13:00:00,238,14,2,799,0,12.6,10.1,0.0,0,0,0,1,0,0,0,0,1,0
2023-12-17 02:00:00,75,3,2,571,0,12.6,10.1,0.0,0,0,0,1,0,0,0,0,1,0
2023-12-17 08:00:00,107,9,1,199,0,12.6,10.1,0.0,0,0,0,1,0,0,0,0,1,0
2023-12-17 01:00:00,62,2,1,553,0,12.6,10.1,0.0,0,0,0,1,0,0,0,0,1,0
2023-12-16 00:00:00,82,1,0,284,0,12.6,8.8,0.0,0,0,1,0,0,0,0,0,1,0
2023-12-16 04:00:00,70,5,0,35,0,12.6,8.8,0.0,0,0,1,0,0,0,0,0,1,0
2023-12-16 15:00:00,573,16,1,992,0,12.6,8.8,0.0,0,0,1,0,0,0,0,0,1,0
2023-12-16 01:00:00,68,2,0,258,0,12.6,8.8,0.0,0,0,1,0,0,0,0,0,1,0
2023-12-16 05:00:00,51,6,0,44,0,12.6,8.8,0.0,0,0,1,0,0,0,0,0,1,0
2023-12-17 18:00:00,289,19,0,251,0,12.6,10.1,0.0,0,0,0,1,0,0,0,0,1,0
2023-12-16 18:00:00,422,19,1,386,0,12.6,8.8,0.0,0,0,1,0,0,0,0,0,1,0
2023-12-16 03:00:00,50,4,0,305,0,12.6,8.8,0.0,0,0,1,0,0,0,0,0,1,0
2023-12-16 23:00:00,46,0,0,247,0,12.6,8.8,0.0,0,0,1,0,0,0,0,0,1,0
2023-12-17 19:00:00,246,20,0,203,0,12.6,10.1,0.0,0,0,0,1,0,0,0,0,1,0
2023-12-17 20:00:00,195,21,0,163,0,12.6,10.1,0.0,0,0,0,1,0,0,0,0,1,0
2023-12-17 22:00:00,183,23,0,162,0,12.6,10.1,0.0,0,0,0,1,0,0,0,0,1,0
2023-12-17 21:00:00,174,22,0,166,0,12.6,10.1,0.0,0,0,0,1,0,0,0,0,1,0
2023-12-17 23:00:00,171,0,0,143,0,12.6,10.1,0.0,0,0,0,1,0,0,0,0,1,0
2023-12-17 09:00:00,163,10,0,322,0,12.6,10.1,0.0,0,0,0,1,0,0,0,0,1,0
2023-12-16 07:00:00,139,8,1,96,0,12.6,8.8,0.0,0,0,1,0,0,0,0,0,1,0
2023-12-17 07:00:00,77,8,0,92,0,12.6,10.1,0.0,0,0,0,1,0,0,0,0,1,0
2023-12-16 06:00:00,75,7,1,64,0,12.6,8.8,0.0,0,0,1,0,0,0,0,0,1,0
2023-12-17 00:00:00,57,1,0,502,0,12.6,10.1,0.0,0,0,0,1,0,0,0,0,1,0
2023-12-16 02:00:00,55,3,1,336,0,12.6,8.8,0.0,0,0,1,0,0,0,0,0,1,0
2023-12-17 05:00:00,50,6,0,64,0,12.6,10.1,0.0,0,0,0,1,0,0,0,0,1,0
2023-12-17 03:00:00,47,4,0,420,0,12.6,10.1,0.0,0,0,0,1,0,0,0,0,1,0
2023-12-16 09:00:00,386,10,2,761,0,12.6,8.8,0.0,0,0,1,0,0,0,0,0,1,0
2023-12-16 16:00:00,461,17,0,670,0,12.6,8.8,0.0,0,0,1,0,0,0,0,0,1,0
2023-12-16 17:00:00,435,18,0,725,0,12.6,8.8,0.0,0,0,1,0,0,0,0,0,1,0
2023-12-16 19:00:00,391,20,0,305,0,12.6,8.8,0.0,0,0,1,0,0,0,0,0,1,0
2023-12-16 20:00:00,300,21,0,212,0,12.6,8.8,0.0,0,0,1,0,0,0,0,0,1,0
2023-12-16 08:00:00,284,9,0,353,0,12.6,8.8,0.0,0,0,1,0,0,0,0,0,1,0
2023-12-16 21:00:00,280,22,0,199,0,12.6,8.8,0.0,0,0,1,0,0,0,0,0,1,0
2023-12-16 22:00:00,266,23,0,154,0,12.6,8.8,0.0,0,0,1,0,0,0,0,0,1,0
2023-12-18 17:00:00,434,18,1,223,0,7.7,10.4,0.0,0,1,0,0,0,0,0,0,1,0
2023-12-18 14:00:00,310,15,1,1078,0,7.7,10.4,0.0,0,1,0,0,0,0,0,0,1,0
2023-12-19 15:00:00,551,16,5,1042,0,12.0,3.8,0.0,0,0,0,0,0,1,0,0,1,0
2023-12-18 08:00:00,121,9,1,653,0,7.7,10.4,0.0,0,1,0,0,0,0,0,0,1,0
2023-12-19 13:00:00,508,14,5,1047,0,12.0,3.8,0.0,0,0,0,0,0,1,0,0,1,0
2023-12-18 18:00:00,377,19,0,186,0,7.7,10.4,0.0,0,1,0,0,0,0,0,0,1,0
2023-12-18 16:00:00,350,17,0,883,0,7.7,10.4,0.0,0,1,0,0,0,0,0,0,1,0
2023-12-18 19:00:00,287,20,0,249,0,7.7,10.4,0.0,0,1,0,0,0,0,0,0,1,0
2023-12-18 23:00:00,243,0,0,80,0,7.7,10.4,0.0,0,1,0,0,0,0,0,0,1,0
2023-12-18 15:00:00,214,16,0,1049,0,7.7,10.4,0.0,0,1,0,0,0,0,0,0,1,0
2023-12-18 20:00:00,197,21,0,244,0,7.7,10.4,0.0,0,1,0,0,0,0,0,0,1,0
2023-12-18 22:00:00,151,23,0,163,0,7.7,10.4,0.0,0,1,0,0,0,0,0,0,1,0
2023-12-18 21:00:00,150,22,0,146,0,7.7,10.4,0.0,0,1,0,0,0,0,0,0,1,0
2023-12-18 07:00:00,135,8,0,300,0,7.7,10.4,0.0,0,1,0,0,0,0,0,0,1,0
2023-12-18 00:00:00,103,1,0,170,0,7.7,10.4,0.0,0,1,0,0,0,0,0,0,1,0
2023-12-18 02:00:00,64,3,0,215,0,7.7,10.4,0.0,0,1,0,0,0,0,0,0,1,0
2023-12-18 01:00:00,53,2,0,181,0,7.7,10.4,0.0,0,1,0,0,0,0,0,0,1,0
2023-12-18 03:00:00,53,4,0,71,0,7.7,10.4,0.0,0,1,0,0,0,0,0,0,1,0
2023-12-18 04:00:00,33,5,0,27,0,7.7,10.4,0.0,0,1,0,0,0,0,0,0,1,0
2023-12-18 11:00:00,164,12,5,970,0,7.7,10.4,0.0,0,1,0,0,0,0,0,0,1,0
2023-12-18 13:00:00,304,14,4,1069,0,7.7,10.4,0.0,0,1,0,0,0,0,0,0,1,0
2023-12-18 09:00:00,162,10,3,683,0,7.7,10.4,0.0,0,1,0,0,0,0,0,0,1,0
2023-12-18 06:00:00,81,7,3,47,0,7.7,10.4,0.0,0,1,0,0,0,0,0,0,1,0
2023-12-18 10:00:00,206,11,2,884,0,7.7,10.4,0.0,0,1,0,0,0,0,0,0,1,0
2023-12-18 12:00:00,176,13,2,1044,0,7.7,10.4,0.0,0,1,0,0,0,0,0,0,1,0
2023-12-18 05:00:00,58,6,2,18,0,7.7,10.4,0.0,0,1,0,0,0,0,0,0,1,0
2023-12-17 04:00:00,15,5,0,46,0,12.6,10.1,0.0,0,0,0,1,0,0,0,0,1,0
2023-12-19 12:00:00,609,13,7,1792,0,12.0,3.8,0.0,0,0,0,0,0,1,0,0,1,0
2023-12-19 14:00:00,469,15,6,926,0,12.0,3.8,0.0,0,0,0,0,0,1,0,0,1,0
2023-12-19 09:00:00,424,10,6,1013,0,12.0,3.8,0.0,0,0,0,0,0,1,0,0,1,0
2023-12-19 17:00:00,465,18,0,545,0,12.0,3.8,0.0,0,0,0,0,0,1,0,0,1,0
2023-12-19 18:00:00,450,19,0,352,0,12.0,3.8,0.0,0,0,0,0,0,1,0,0,1,0
2023-12-19 19:00:00,240,20,0,266,0,12.0,3.8,0.0,0,0,0,0,0,1,0,0,1,0
2023-12-19 10:00:00,471,11,4,1603,0,12.0,3.8,0.0,0,0,0,0,0,1,0,0,1,0
2023-12-19 07:00:00,181,8,0,126,0,12.0,3.8,0.0,0,0,0,0,0,1,0,0,1,0
2023-12-19 00:00:00,152,1,0,41,0,12.0,3.8,0.0,0,0,0,0,0,1,0,0,1,0
2023-12-19 21:00:00,146,22,0,197,0,12.0,3.8,0.0,0,0,0,0,0,1,0,0,1,0
2023-12-19 22:00:00,144,23,0,193,0,12.0,3.8,0.0,0,0,0,0,0,1,0,0,1,0
2023-12-19 20:00:00,140,21,0,293,0,12.0,3.8,0.0,0,0,0,0,0,1,0,0,1,0
2023-12-19 23:00:00,120,0,0,90,0,12.0,3.8,0.0,0,0,0,0,0,1,0,0,1,0
2023-12-19 11:00:00,533,12,3,1750,0,12.0,3.8,0.0,0,0,0,0,0,1,0,0,1,0
2023-12-19 16:00:00,466,17,2,629,0,12.0,3.8,0.0,0,0,0,0,0,1,0,0,1,0
2023-12-19 08:00:00,262,9,2,546,0,12.0,3.8,0.0,0,0,0,0,0,1,0,0,1,0
2023-12-19 01:00:00,80,2,0,34,0,12.0,3.8,0.0,0,0,0,0,0,1,0,0,1,0
2023-12-19 06:00:00,76,7,0,85,0,12.0,3.8,0.0,0,0,0,0,0,1,0,0,1,0
2023-12-19 02:00:00,50,3,0,14,0,12.0,3.8,0.0,0,0,0,0,0,1,0,0,1,0
2023-12-19 05:00:00,35,6,0,37,0,12.0,3.8,0.0,0,0,0,0,0,1,0,0,1,0
2023-12-19 03:00:00,33,4,0,8,0,12.0,3.8,0.0,0,0,0,0,0,1,0,0,1,0
2023-12-19 04:00:00,16,5,0,5,0,12.0,3.8,0.0,0,0,0,0,0,1,0,0,1,0
2023-12-20 04:00:00,26,5,1,15,0,9.5,3.8,0.4,0,0,0,0,0,0,1,0,1,0
2023-12-21 21:00:00,49,22,0,163,0,8.9,4.7,1.2,0,0,0,0,1,0,0,0,1,0
2023-12-21 20:00:00,48,21,0,215,0,8.9,4.7,1.2,0,0,0,0,1,0,0,0,1,0
2023-12-20 07:00:00,196,8,0,148,0,9.5,3.8,0.4,0,0,0,0,0,0,1,0,1,0
2023-12-21 22:00:00,43,23,0,175,0,8.9,4.7,1.2,0,0,0,0,1,0,0,0,1,0
2023-12-20 20:00:00,135,21,0,308,0,9.5,3.8,0.4,0,0,0,0,0,0,1,0,1,0
2023-12-20 18:00:00,118,19,0,600,0,9.5,3.8,0.4,0,0,0,0,0,0,1,0,1,0
2023-12-20 08:00:00,307,9,4,376,0,9.5,3.8,0.4,0,0,0,0,0,0,1,0,1,0
2023-12-20 06:00:00,98,7,0,93,0,9.5,3.8,0.4,0,0,0,0,0,0,1,0,1,0
2023-12-21 23:00:00,28,0,0,191,0,8.9,4.7,1.2,0,0,0,0,1,0,0,0,1,0
2023-12-20 00:00:00,82,1,0,91,0,9.5,3.8,0.4,0,0,0,0,0,0,1,0,1,0
2023-12-20 11:00:00,544,12,11,1391,0,9.5,3.8,0.4,0,0,0,0,0,0,1,0,1,0
2023-12-20 14:00:00,648,15,8,1250,0,9.5,3.8,0.4,0,0,0,0,0,0,1,0,1,0
2023-12-20 10:00:00,483,11,7,1149,0,9.5,3.8,0.4,0,0,0,0,0,0,1,0,1,0
2023-12-20 15:00:00,1170,16,6,866,0,9.5,3.8,0.4,0,0,0,0,0,0,1,0,1,0
2023-12-20 13:00:00,584,14,6,1369,0,9.5,3.8,0.4,0,0,0,0,0,0,1,0,1,0
2023-12-20 09:00:00,400,10,6,786,0,9.5,3.8,0.4,0,0,0,0,0,0,1,0,1,0
2023-12-20 19:00:00,87,20,5,322,0,9.5,3.8,0.4,0,0,0,0,0,0,1,0,1,0
2023-12-21 10:00:00,231,11,2,706,0,8.9,4.7,1.2,0,0,0,0,1,0,0,0,1,0
2023-12-20 01:00:00,50,2,0,62,0,9.5,3.8,0.4,0,0,0,0,0,0,1,0,1,0
2023-12-20 05:00:00,47,6,0,24,0,9.5,3.8,0.4,0,0,0,0,0,0,1,0,1,0
2023-12-20 02:00:00,42,3,0,22,0,9.5,3.8,0.4,0,0,0,0,0,0,1,0,1,0
2023-12-20 03:00:00,23,4,0,40,0,9.5,3.8,0.4,0,0,0,0,0,0,1,0,1,0
2023-12-21 02:00:00,21,3,0,77,0,8.9,4.7,1.2,0,0,0,0,1,0,0,0,1,0
2023-12-21 05:00:00,18,6,0,37,0,8.9,4.7,1.2,0,0,0,0,1,0,0,0,1,0
2023-12-20 16:00:00,431,17,3,1037,0,9.5,3.8,0.4,0,0,0,0,0,0,1,0,1,0
2023-12-21 12:00:00,292,13,7,835,0,8.9,4.7,1.2,0,0,0,0,1,0,0,0,1,0
2023-12-21 09:00:00,241,10,7,593,0,8.9,4.7,1.2,0,0,0,0,1,0,0,0,1,0
2023-12-21 01:00:00,10,2,0,61,0,8.9,4.7,1.2,0,0,0,0,1,0,0,0,1,0
2023-12-20 17:00:00,115,18,2,863,0,9.5,3.8,0.4,0,0,0,0,0,0,1,0,1,0
2023-12-20 21:00:00,140,22,1,192,0,9.5,3.8,0.4,0,0,0,0,0,0,1,0,1,0
2023-12-20 22:00:00,120,23,1,115,0,9.5,3.8,0.4,0,0,0,0,0,0,1,0,1,0
2023-12-20 23:00:00,43,0,1,72,0,9.5,3.8,0.4,0,0,0,0,0,0,1,0,1,0
2023-12-21 04:00:00,8,5,0,16,0,8.9,4.7,1.2,0,0,0,0,1,0,0,0,1,0
2023-12-21 03:00:00,6,4,0,5,0,8.9,4.7,1.2,0,0,0,0,1,0,0,0,1,0
2023-12-20 12:00:00,552,13,13,1491,0,9.5,3.8,0.4,0,0,0,0,0,0,1,0,1,0
2023-12-21 13:00:00,488,14,13,967,0,8.9,4.7,1.2,0,0,0,0,1,0,0,0,1,0
2023-12-21 14:00:00,493,15,11,880,0,8.9,4.7,1.2,0,0,0,0,1,0,0,0,1,0
2023-12-21 15:00:00,376,16,8,1188,0,8.9,4.7,1.2,0,0,0,0,1,0,0,0,1,0
2023-12-21 08:00:00,171,9,6,459,0,8.9,4.7,1.2,0,0,0,0,1,0,0,0,1,0
2023-12-21 00:00:00,22,1,1,92,0,8.9,4.7,1.2,0,0,0,0,1,0,0,0,1,0
2023-12-21 06:00:00,19,7,1,81,0,8.9,4.7,1.2,0,0,0,0,1,0,0,0,1,0
2023-12-21 11:00:00,216,12,4,776,0,8.9,4.7,1.2,0,0,0,0,1,0,0,0,1,0
2023-12-21 16:00:00,327,17,3,1038,0,8.9,4.7,1.2,0,0,0,0,1,0,0,0,1,0
2023-12-21 17:00:00,357,18,2,912,0,8.9,4.7,1.2,0,0,0,0,1,0,0,0,1,0
2023-12-21 18:00:00,301,19,0,485,0,8.9,4.7,1.2,0,0,0,0,1,0,0,0,1,0
2023-12-21 19:00:00,122,20,0,291,0,8.9,4.7,1.2,0,0,0,0,1,0,0,0,1,0
2023-12-21 07:00:00,55,8,0,168,0,8.9,4.7,1.2,0,0,0,0,1,0,0,0,1,0
2023-12-23 10:00:00,690,11,7,1007,0,10.3,3.5,3.6,0,0,1,0,0,0,0,0,1,0
2023-12-23 09:00:00,507,10,7,789,0,10.3,3.5,3.6,0,0,1,0,0,0,0,0,1,0
2023-12-23 11:00:00,740,12,6,1095,0,10.3,3.5,3.6,0,0,1,0,0,0,0,0,1,0
2023-12-23 12:00:00,755,13,3,1162,0,10.3,3.5,3.6,0,0,1,0,0,0,0,0,1,0
2023-12-22 11:00:00,617,12,2,1254,0,12.1,6.4,14.3,1,0,0,0,0,0,0,0,1,0
2023-12-22 20:00:00,66,21,0,210,0,12.1,6.4,14.3,1,0,0,0,0,0,0,0,1,0
2023-12-22 08:00:00,365,9,2,404,0,12.1,6.4,14.3,1,0,0,0,0,0,0,0,1,0
2023-12-22 22:00:00,66,23,0,167,0,12.1,6.4,14.3,1,0,0,0,0,0,0,0,1,0
2023-12-22 21:00:00,58,22,0,142,0,12.1,6.4,14.3,1,0,0,0,0,0,0,0,1,0
2023-12-22 23:00:00,55,0,0,234,0,12.1,6.4,14.3,1,0,0,0,0,0,0,0,1,0
2023-12-22 05:00:00,53,6,0,14,0,12.1,6.4,14.3,1,0,0,0,0,0,0,0,1,0
2023-12-22 03:00:00,29,4,0,30,0,12.1,6.4,14.3,1,0,0,0,0,0,0,0,1,0
2023-12-22 04:00:00,29,5,0,14,0,12.1,6.4,14.3,1,0,0,0,0,0,0,0,1,0
2023-12-22 00:00:00,28,1,0,218,0,12.1,6.4,14.3,1,0,0,0,0,0,0,0,1,0
2023-12-22 02:00:00,26,3,0,247,0,12.1,6.4,14.3,1,0,0,0,0,0,0,0,1,0
2023-12-22 14:00:00,755,15,7,1568,0,12.1,6.4,14.3,1,0,0,0,0,0,0,0,1,0
2023-12-22 10:00:00,555,11,7,1218,0,12.1,6.4,14.3,1,0,0,0,0,0,0,0,1,0
2023-12-22 12:00:00,731,13,6,1351,0,12.1,6.4,14.3,1,0,0,0,0,0,0,0,1,0
2023-12-23 13:00:00,659,14,2,1173,0,10.3,3.5,3.6,0,0,1,0,0,0,0,0,1,0
2023-12-22 01:00:00,11,2,2,100,0,12.1,6.4,14.3,1,0,0,0,0,0,0,0,1,0
2023-12-22 16:00:00,668,17,1,587,0,12.1,6.4,14.3,1,0,0,0,0,0,0,0,1,0
2023-12-22 17:00:00,562,18,0,455,0,12.1,6.4,14.3,1,0,0,0,0,0,0,0,1,0
2023-12-22 07:00:00,205,8,0,97,0,12.1,6.4,14.3,1,0,0,0,0,0,0,0,1,0
2023-12-22 06:00:00,93,7,0,36,0,12.1,6.4,14.3,1,0,0,0,0,0,0,0,1,0
2023-12-22 19:00:00,88,20,0,222,0,12.1,6.4,14.3,1,0,0,0,0,0,0,0,1,0
2023-12-23 08:00:00,336,9,2,189,0,10.3,3.5,3.6,0,0,1,0,0,0,0,0,1,0
2023-12-23 21:00:00,56,22,2,151,0,10.3,3.5,3.6,0,0,1,0,0,0,0,0,1,0
2023-12-22 15:00:00,740,16,5,1071,0,12.1,6.4,14.3,1,0,0,0,0,0,0,0,1,0
2023-12-23 17:00:00,368,18,0,291,0,10.3,3.5,3.6,0,0,1,0,0,0,0,0,1,0
2023-12-23 15:00:00,785,16,1,797,0,10.3,3.5,3.6,0,0,1,0,0,0,0,0,1,0
2023-12-23 14:00:00,720,15,1,1241,0,10.3,3.5,3.6,0,0,1,0,0,0,0,0,1,0
2023-12-23 18:00:00,312,19,0,279,0,10.3,3.5,3.6,0,0,1,0,0,0,0,0,1,0
2023-12-23 16:00:00,438,17,1,337,0,10.3,3.5,3.6,0,0,1,0,0,0,0,0,1,0
2023-12-23 19:00:00,265,20,1,234,0,10.3,3.5,3.6,0,0,1,0,0,0,0,0,1,0
2023-12-23 22:00:00,134,23,1,130,0,10.3,3.5,3.6,0,0,1,0,0,0,0,0,1,0
2023-12-23 02:00:00,70,3,1,207,0,10.3,3.5,3.6,0,0,1,0,0,0,0,0,1,0
2023-12-23 04:00:00,36,5,1,14,0,10.3,3.5,3.6,0,0,1,0,0,0,0,0,1,0
2023-12-23 07:00:00,160,8,0,77,0,10.3,3.5,3.6,0,0,1,0,0,0,0,0,1,0
2023-12-23 03:00:00,107,4,0,143,0,10.3,3.5,3.6,0,0,1,0,0,0,0,0,1,0
2023-12-22 13:00:00,666,14,10,1568,0,12.1,6.4,14.3,1,0,0,0,0,0,0,0,1,0
2023-12-23 23:00:00,82,0,0,184,0,10.3,3.5,3.6,0,0,1,0,0,0,0,0,1,0
2023-12-22 09:00:00,497,10,3,872,0,12.1,6.4,14.3,1,0,0,0,0,0,0,0,1,0
2023-12-23 06:00:00,61,7,0,44,0,10.3,3.5,3.6,0,0,1,0,0,0,0,0,1,0
2023-12-22 18:00:00,261,19,3,364,0,12.1,6.4,14.3,1,0,0,0,0,0,0,0,1,0
2023-12-23 00:00:00,56,1,0,236,0,10.3,3.5,3.6,0,0,1,0,0,0,0,0,1,0
2023-12-23 20:00:00,55,21,0,141,0,10.3,3.5,3.6,0,0,1,0,0,0,0,0,1,0
2023-12-23 01:00:00,51,2,0,214,0,10.3,3.5,3.6,0,0,1,0,0,0,0,0,1,0
2023-12-23 05:00:00,40,6,0,17,0,10.3,3.5,3.6,0,0,1,0,0,0,0,0,1,0
2023-12-25 09:00:00,49,10,0,46,1,6.3,0.4,3.4,0,1,0,0,0,0,0,0,1,0
2023-12-25 12:00:00,120,13,2,61,1,6.3,0.4,3.4,0,1,0,0,0,0,0,0,1,0
2023-12-24 09:00:00,271,10,2,706,0,4.8,2.8,0.0,0,0,0,1,0,0,0,0,1,0
2023-12-24 18:00:00,215,19,2,204,0,4.8,2.8,0.0,0,0,0,1,0,0,0,0,1,0
2023-12-24 08:00:00,190,9,2,254,0,4.8,2.8,0.0,0,0,0,1,0,0,0,0,1,0
2023-12-24 16:00:00,355,17,1,431,0,4.8,2.8,0.0,0,0,0,1,0,0,0,0,1,0
2023-12-24 17:00:00,289,18,0,289,0,4.8,2.8,0.0,0,0,0,1,0,0,0,0,1,0
2023-12-25 02:00:00,32,3,0,3,1,6.3,0.4,3.4,0,1,0,0,0,0,0,0,1,0
2023-12-25 08:00:00,29,9,2,24,1,6.3,0.4,3.4,0,1,0,0,0,0,0,0,1,0
2023-12-24 19:00:00,188,20,0,150,0,4.8,2.8,0.0,0,0,0,1,0,0,0,0,1,0
2023-12-25 15:00:00,91,16,0,118,1,6.3,0.4,3.4,0,1,0,0,0,0,0,0,1,0
2023-12-25 01:00:00,90,2,0,39,1,6.3,0.4,3.4,0,1,0,0,0,0,0,0,1,0
2023-12-25 00:00:00,89,1,0,91,1,6.3,0.4,3.4,0,1,0,0,0,0,0,0,1,0
2023-12-25 20:00:00,86,21,0,69,1,6.3,0.4,3.4,0,1,0,0,0,0,0,0,1,0
2023-12-25 14:00:00,82,15,0,89,1,6.3,0.4,3.4,0,1,0,0,0,0,0,0,1,0
2023-12-25 19:00:00,82,20,0,26,1,6.3,0.4,3.4,0,1,0,0,0,0,0,0,1,0
2023-12-25 22:00:00,79,23,0,42,1,6.3,0.4,3.4,0,1,0,0,0,0,0,0,1,0
2023-12-25 23:00:00,78,0,0,29,1,6.3,0.4,3.4,0,1,0,0,0,0,0,0,1,0
2023-12-25 11:00:00,76,12,0,41,1,6.3,0.4,3.4,0,1,0,0,0,0,0,0,1,0
2023-12-25 17:00:00,75,18,0,57,1,6.3,0.4,3.4,0,1,0,0,0,0,0,0,1,0
2023-12-25 21:00:00,71,22,0,68,1,6.3,0.4,3.4,0,1,0,0,0,0,0,0,1,0
2023-12-25 18:00:00,58,19,0,66,1,6.3,0.4,3.4,0,1,0,0,0,0,0,0,1,0
2023-12-24 20:00:00,167,21,0,90,0,4.8,2.8,0.0,0,0,0,1,0,0,0,0,1,0
2023-12-24 22:00:00,140,23,0,71,0,4.8,2.8,0.0,0,0,0,1,0,0,0,0,1,0
2023-12-24 23:00:00,139,0,0,79,0,4.8,2.8,0.0,0,0,0,1,0,0,0,0,1,0
2023-12-25 07:00:00,19,8,0,28,1,6.3,0.4,3.4,0,1,0,0,0,0,0,0,1,0
2023-12-24 14:00:00,128,15,0,368,0,4.8,2.8,0.0,0,0,0,1,0,0,0,0,1,0
2023-12-25 03:00:00,13,4,0,14,1,6.3,0.4,3.4,0,1,0,0,0,0,0,0,1,0
2023-12-25 05:00:00,11,6,0,16,1,6.3,0.4,3.4,0,1,0,0,0,0,0,0,1,0
2023-12-25 06:00:00,7,7,0,21,1,6.3,0.4,3.4,0,1,0,0,0,0,0,0,1,0
2023-12-25 04:00:00,5,5,0,3,1,6.3,0.4,3.4,0,1,0,0,0,0,0,0,1,0
2023-12-24 21:00:00,128,22,0,73,0,4.8,2.8,0.0,0,0,0,1,0,0,0,0,1,0
2023-12-24 07:00:00,72,8,0,65,0,4.8,2.8,0.0,0,0,0,1,0,0,0,0,1,0
2023-12-24 01:00:00,66,2,0,378,0,4.8,2.8,0.0,0,0,0,1,0,0,0,0,1,0
2023-12-24 11:00:00,457,12,5,1504,0,4.8,2.8,0.0,0,0,0,1,0,0,0,0,1,0
2023-12-24 00:00:00,63,1,0,265,0,4.8,2.8,0.0,0,0,0,1,0,0,0,0,1,0
2023-12-24 02:00:00,50,3,0,298,0,4.8,2.8,0.0,0,0,0,1,0,0,0,0,1,0
2023-12-25 13:00:00,95,14,1,101,1,6.3,0.4,3.4,0,1,0,0,0,0,0,0,1,0
2023-12-25 10:00:00,76,11,1,61,1,6.3,0.4,3.4,0,1,0,0,0,0,0,0,1,0
2023-12-25 16:00:00,74,17,1,67,1,6.3,0.4,3.4,0,1,0,0,0,0,0,0,1,0
2023-12-24 04:00:00,44,5,0,30,0,4.8,2.8,0.0,0,0,0,1,0,0,0,0,1,0
2023-12-24 06:00:00,37,7,0,26,0,4.8,2.8,0.0,0,0,0,1,0,0,0,0,1,0
2023-12-24 03:00:00,32,4,0,186,0,4.8,2.8,0.0,0,0,0,1,0,0,0,0,1,0
2023-12-24 05:00:00,31,6,0,46,0,4.8,2.8,0.0,0,0,0,1,0,0,0,0,1,0
2023-12-24 12:00:00,496,13,3,1557,0,4.8,2.8,0.0,0,0,0,1,0,0,0,0,1,0
2023-12-24 15:00:00,421,16,3,982,0,4.8,2.8,0.0,0,0,0,1,0,0,0,0,1,0
2023-12-24 13:00:00,403,14,3,1427,0,4.8,2.8,0.0,0,0,0,1,0,0,0,0,1,0
2023-12-24 10:00:00,367,11,3,1105,0,4.8,2.8,0.0,0,0,0,1,0,0,0,0,1,0
2023-12-27 08:00:00,104,9,0,222,0,8.3,-4.0,22.5,0,0,0,0,0,0,1,0,1,0
2023-12-27 01:00:00,49,2,0,211,0,8.3,-4.0,22.5,0,0,0,0,0,0,1,0,1,0
2023-12-27 07:00:00,48,8,0,143,0,8.3,-4.0,22.5,0,0,0,0,0,0,1,0,1,0
2023-12-27 02:00:00,43,3,0,320,0,8.3,-4.0,22.5,0,0,0,0,0,0,1,0,1,0
2023-12-27 00:00:00,41,1,0,185,0,8.3,-4.0,22.5,0,0,0,0,0,0,1,0,1,0
2023-12-27 06:00:00,17,7,0,53,0,8.3,-4.0,22.5,0,0,0,0,0,0,1,0,1,0
2023-12-27 05:00:00,16,6,0,36,0,8.3,-4.0,22.5,0,0,0,0,0,0,1,0,1,0
2023-12-27 03:00:00,14,4,0,33,0,8.3,-4.0,22.5,0,0,0,0,0,0,1,0,1,0
2023-12-26 07:00:00,45,8,0,31,1,8.8,0.4,14.8,0,0,0,0,0,1,0,0,1,0
2023-12-27 04:00:00,4,5,0,9,0,8.3,-4.0,22.5,0,0,0,0,0,0,1,0,1,0
2023-12-26 03:00:00,46,4,1,42,1,8.8,0.4,14.8,0,0,0,0,0,1,0,0,1,0
2023-12-26 18:00:00,184,19,0,235,1,8.8,0.4,14.8,0,0,0,0,0,1,0,0,1,0
2023-12-26 20:00:00,134,21,0,112,1,8.8,0.4,14.8,0,0,0,0,0,1,0,0,1,0
2023-12-26 21:00:00,118,22,0,132,1,8.8,0.4,14.8,0,0,0,0,0,1,0,0,1,0
2023-12-26 16:00:00,116,17,0,267,1,8.8,0.4,14.8,0,0,0,0,0,1,0,0,1,0
2023-12-26 17:00:00,109,18,0,229,1,8.8,0.4,14.8,0,0,0,0,0,1,0,0,1,0
2023-12-26 09:00:00,93,10,0,255,1,8.8,0.4,14.8,0,0,0,0,0,1,0,0,1,0
2023-12-26 01:00:00,79,2,0,76,1,8.8,0.4,14.8,0,0,0,0,0,1,0,0,1,0
2023-12-26 00:00:00,76,1,0,99,1,8.8,0.4,14.8,0,0,0,0,0,1,0,0,1,0
2023-12-26 23:00:00,59,0,0,174,1,8.8,0.4,14.8,0,0,0,0,0,1,0,0,1,0
2023-12-27 10:00:00,220,11,0,420,0,8.3,-4.0,22.5,0,0,0,0,0,0,1,0,1,0
2023-12-27 09:00:00,173,10,0,427,0,8.3,-4.0,22.5,0,0,0,0,0,0,1,0,1,0
2023-12-28 15:00:00,589,16,7,1144,0,5.3,3.4,19.9,0,0,0,0,1,0,0,0,1,0
2023-12-27 11:00:00,2,12,0,6,0,8.3,-4.0,22.5,0,0,0,0,0,0,1,0,1,0
2023-12-26 22:00:00,35,23,0,174,1,8.8,0.4,14.8,0,0,0,0,0,1,0,0,1,0
2023-12-28 14:00:00,686,15,6,1317,0,5.3,3.4,19.9,0,0,0,0,1,0,0,0,1,0
2023-12-26 06:00:00,20,7,0,65,1,8.8,0.4,14.8,0,0,0,0,0,1,0,0,1,0
2023-12-26 04:00:00,4,5,0,9,1,8.8,0.4,14.8,0,0,0,0,0,1,0,0,1,0
2023-12-26 05:00:00,2,6,0,4,1,8.8,0.4,14.8,0,0,0,0,0,1,0,0,1,0
2023-12-26 12:00:00,222,13,3,754,1,8.8,0.4,14.8,0,0,0,0,0,1,0,0,1,0
2023-12-26 08:00:00,78,9,3,83,1,8.8,0.4,14.8,0,0,0,0,0,1,0,0,1,0
2023-12-26 15:00:00,260,16,2,782,1,8.8,0.4,14.8,0,0,0,0,0,1,0,0,1,0
2023-12-26 13:00:00,231,14,2,866,1,8.8,0.4,14.8,0,0,0,0,0,1,0,0,1,0
2023-12-26 11:00:00,212,12,2,565,1,8.8,0.4,14.8,0,0,0,0,0,1,0,0,1,0
2023-12-26 10:00:00,136,11,2,464,1,8.8,0.4,14.8,0,0,0,0,0,1,0,0,1,0
2023-12-26 02:00:00,43,3,2,54,1,8.8,0.4,14.8,0,0,0,0,0,1,0,0,1,0
2023-12-26 14:00:00,251,15,1,657,1,8.8,0.4,14.8,0,0,0,0,0,1,0,0,1,0
2023-12-26 19:00:00,132,20,1,174,1,8.8,0.4,14.8,0,0,0,0,0,1,0,0,1,0
2023-12-28 12:00:00,947,13,4,1205,0,5.3,3.4,19.9,0,0,0,0,1,0,0,0,1,0
2023-12-28 11:00:00,432,12,3,1010,0,5.3,3.4,19.9,0,0,0,0,1,0,0,0,1,0
2023-12-28 17:00:00,392,18,2,357,0,5.3,3.4,19.9,0,0,0,0,1,0,0,0,1,0
2023-12-28 13:00:00,449,14,1,1186,0,5.3,3.4,19.9,0,0,0,0,1,0,0,0,1,0
2023-12-28 16:00:00,481,17,0,528,0,5.3,3.4,19.9,0,0,0,0,1,0,0,0,1,0
2023-12-28 18:00:00,289,19,0,200,0,5.3,3.4,19.9,0,0,0,0,1,0,0,0,1,0
2023-12-28 19:00:00,269,20,0,111,0,5.3,3.4,19.9,0,0,0,0,1,0,0,0,1,0
2023-12-28 20:00:00,212,21,0,208,0,5.3,3.4,19.9,0,0,0,0,1,0,0,0,1,0
2023-12-28 21:00:00,163,22,0,171,0,5.3,3.4,19.9,0,0,0,0,1,0,0,0,1,0
2023-12-28 22:00:00,103,23,0,163,0,5.3,3.4,19.9,0,0,0,0,1,0,0,0,1,0
2023-12-29 20:00:00,162,21,1,210,0,6.8,3.0,0.1,1,0,0,0,0,0,0,0,1,0
2023-12-29 06:00:00,30,7,0,70,0,6.8,3.0,0.1,1,0,0,0,0,0,0,0,1,0
2023-12-29 10:00:00,427,11,4,809,0,6.8,3.0,0.1,1,0,0,0,0,0,0,0,1,0
2023-12-29 01:00:00,28,2,0,95,0,6.8,3.0,0.1,1,0,0,0,0,0,0,0,1,0
2023-12-29 05:00:00,20,6,0,35,0,6.8,3.0,0.1,1,0,0,0,0,0,0,0,1,0
2023-12-29 16:00:00,299,17,3,1243,0,6.8,3.0,0.1,1,0,0,0,0,0,0,0,1,0
2023-12-29 15:00:00,593,16,2,1336,0,6.8,3.0,0.1,1,0,0,0,0,0,0,0,1,0
2023-12-29 09:00:00,397,10,2,567,0,6.8,3.0,0.1,1,0,0,0,0,0,0,0,1,0
2023-12-29 14:00:00,750,15,1,1171,0,6.8,3.0,0.1,1,0,0,0,0,0,0,0,1,0
2023-12-28 23:00:00,36,0,0,127,0,5.3,3.4,19.9,0,0,0,0,1,0,0,0,1,0
2023-12-29 18:00:00,576,19,0,132,0,6.8,3.0,0.1,1,0,0,0,0,0,0,0,1,0
2023-12-29 17:00:00,560,18,0,457,0,6.8,3.0,0.1,1,0,0,0,0,0,0,0,1,0
2023-12-29 19:00:00,306,20,0,214,0,6.8,3.0,0.1,1,0,0,0,0,0,0,0,1,0
2023-12-29 08:00:00,264,9,0,303,0,6.8,3.0,0.1,1,0,0,0,0,0,0,0,1,0
2023-12-29 21:00:00,153,22,0,242,0,6.8,3.0,0.1,1,0,0,0,0,0,0,0,1,0
2023-12-29 07:00:00,107,8,0,204,0,6.8,3.0,0.1,1,0,0,0,0,0,0,0,1,0
2023-12-29 23:00:00,66,0,0,134,0,6.8,3.0,0.1,1,0,0,0,0,0,0,0,1,0
2023-12-29 22:00:00,45,23,0,108,0,6.8,3.0,0.1,1,0,0,0,0,0,0,0,1,0
2023-12-29 02:00:00,44,3,0,48,0,6.8,3.0,0.1,1,0,0,0,0,0,0,0,1,0
2023-12-29 00:00:00,35,1,0,195,0,6.8,3.0,0.1,1,0,0,0,0,0,0,0,1,0
2023-12-29 03:00:00,11,4,0,28,0,6.8,3.0,0.1,1,0,0,0,0,0,0,0,1,0
2023-12-30 13:00:00,157,14,1,673,0,8.1,-0.4,9.2,0,0,1,0,0,0,0,0,1,0
2023-12-30 10:00:00,363,11,0,689,0,8.1,-0.4,9.2,0,0,1,0,0,0,0,0,1,0
2023-12-30 16:00:00,324,17,0,340,0,8.1,-0.4,9.2,0,0,1,0,0,0,0,0,1,0
2023-12-30 09:00:00,220,10,0,463,0,8.1,-0.4,9.2,0,0,1,0,0,0,0,0,1,0
2023-12-29 04:00:00,5,5,0,4,0,6.8,3.0,0.1,1,0,0,0,0,0,0,0,1,0
2023-12-30 12:00:00,536,13,9,1122,0,8.1,-0.4,9.2,0,0,1,0,0,0,0,0,1,0
2023-12-30 11:00:00,439,12,3,889,0,8.1,-0.4,9.2,0,0,1,0,0,0,0,0,1,0
2023-12-30 15:00:00,126,16,3,797,0,8.1,-0.4,9.2,0,0,1,0,0,0,0,0,1,0
2023-12-29 12:00:00,564,13,7,1208,0,6.8,3.0,0.1,1,0,0,0,0,0,0,0,1,0
2023-12-29 13:00:00,582,14,6,1052,0,6.8,3.0,0.1,1,0,0,0,0,0,0,0,1,0
2023-12-29 11:00:00,529,12,6,1004,0,6.8,3.0,0.1,1,0,0,0,0,0,0,0,1,0
2023-12-30 17:00:00,257,18,2,440,0,8.1,-0.4,9.2,0,0,1,0,0,0,0,0,1,0
2023-12-30 20:00:00,135,21,2,336,0,8.1,-0.4,9.2,0,0,1,0,0,0,0,0,1,0
2023-12-30 08:00:00,106,9,2,314,0,8.1,-0.4,9.2,0,0,1,0,0,0,0,0,1,0
2023-12-30 18:00:00,192,19,0,389,0,8.1,-0.4,9.2,0,0,1,0,0,0,0,0,1,0
2023-12-30 19:00:00,180,20,0,379,0,8.1,-0.4,9.2,0,0,1,0,0,0,0,0,1,0
2023-12-30 05:00:00,13,6,0,6,0,8.1,-0.4,9.2,0,0,1,0,0,0,0,0,1,0
2023-12-30 14:00:00,164,15,0,677,0,8.1,-0.4,9.2,0,0,1,0,0,0,0,0,1,0
2023-12-30 21:00:00,109,22,0,123,0,8.1,-0.4,9.2,0,0,1,0,0,0,0,0,1,0
2023-12-30 04:00:00,6,5,0,7,0,8.1,-0.4,9.2,0,0,1,0,0,0,0,0,1,0
2023-12-31 12:00:00,381,13,1,1367,0,6.8,-1.0,0.2,0,0,0,1,0,0,0,0,1,0
2023-12-30 01:00:00,75,2,0,192,0,8.1,-0.4,9.2,0,0,1,0,0,0,0,0,1,0
2023-12-30 23:00:00,75,0,0,92,0,8.1,-0.4,9.2,0,0,1,0,0,0,0,0,1,0
2023-12-30 00:00:00,62,1,0,165,0,8.1,-0.4,9.2,0,0,1,0,0,0,0,0,1,0
2023-12-30 07:00:00,56,8,0,104,0,8.1,-0.4,9.2,0,0,1,0,0,0,0,0,1,0
2023-12-30 22:00:00,51,23,0,92,0,8.1,-0.4,9.2,0,0,1,0,0,0,0,0,1,0
2023-12-30 03:00:00,47,4,0,214,0,8.1,-0.4,9.2,0,0,1,0,0,0,0,0,1,0
2023-12-30 02:00:00,44,3,0,142,0,8.1,-0.4,9.2,0,0,1,0,0,0,0,0,1,0
2023-12-30 06:00:00,16,7,0,46,0,8.1,-0.4,9.2,0,0,1,0,0,0,0,0,1,0
2023-12-31 15:00:00,366,16,1,1089,0,6.8,-1.0,0.2,0,0,0,1,0,0,0,0,1,0
2023-12-31 23:00:00,83,0,0,413,0,6.8,-1.0,0.2,0,0,0,1,0,0,0,0,1,0
2023-12-31 22:00:00,75,23,0,434,0,6.8,-1.0,0.2,0,0,0,1,0,0,0,0,1,0
2023-12-31 21:00:00,71,22,0,184,0,6.8,-1.0,0.2,0,0,0,1,0,0,0,0,1,0
2023-12-31 08:00:00,70,9,0,102,0,6.8,-1.0,0.2,0,0,0,1,0,0,0,0,1,0
2023-12-31 11:00:00,275,12,1,1055,0,6.8,-1.0,0.2,0,0,0,1,0,0,0,0,1,0
2023-12-31 00:00:00,60,1,0,137,0,6.8,-1.0,0.2,0,0,0,1,0,0,0,0,1,0
2023-12-31 01:00:00,49,2,0,120,0,6.8,-1.0,0.2,0,0,0,1,0,0,0,0,1,0
2023-12-31 20:00:00,48,21,0,201,0,6.8,-1.0,0.2,0,0,0,1,0,0,0,0,1,0
2023-12-31 07:00:00,45,8,0,43,0,6.8,-1.0,0.2,0,0,0,1,0,0,0,0,1,0
2023-12-31 02:00:00,42,3,0,138,0,6.8,-1.0,0.2,0,0,0,1,0,0,0,0,1,0
2023-12-31 06:00:00,23,7,0,37,0,6.8,-1.0,0.2,0,0,0,1,0,0,0,0,1,0
2023-12-31 03:00:00,12,4,0,34,0,6.8,-1.0,0.2,0,0,0,1,0,0,0,0,1,0
2023-12-31 05:00:00,8,6,0,25,0,6.8,-1.0,0.2,0,0,0,1,0,0,0,0,1,0
2023-12-31 04:00:00,6,5,0,23,0,6.8,-1.0,0.2,0,0,0,1,0,0,0,0,1,0
2023-12-31 14:00:00,398,15,0,1277,0,6.8,-1.0,0.2,0,0,0,1,0,0,0,0,1,0
2023-12-31 16:00:00,354,17,0,459,0,6.8,-1.0,0.2,0,0,0,1,0,0,0,0,1,0
2023-12-31 18:00:00,289,19,0,216,0,6.8,-1.0,0.2,0,0,0,1,0,0,0,0,1,0
2023-12-31 19:00:00,276,20,0,234,0,6.8,-1.0,0.2,0,0,0,1,0,0,0,0,1,0
2023-12-31 17:00:00,262,18,0,381,0,6.8,-1.0,0.2,0,0,0,1,0,0,0,0,1,0
2023-12-31 10:00:00,217,11,0,631,0,6.8,-1.0,0.2,0,0,0,1,0,0,0,0,1,0
2023-12-31 13:00:00,405,14,5,1436,0,6.8,-1.0,0.2,0,0,0,1,0,0,0,0,1,0
2023-12-31 09:00:00,107,10,5,294,0,6.8,-1.0,0.2,0,0,0,1,0,0,0,0,1,0
2024-02-16 09:00:00,125,10,26,322,0,9.8,5.5,0.4,1,0,0,0,0,0,0,0,1,0
2024-02-16 11:00:00,171,12,20,551,0,9.8,5.5,0.4,1,0,0,0,0,0,0,0,1,0
2024-02-19 16:00:00,182,17,18,380,0,12.5,5.2,0.0,0,1,0,0,0,0,0,0,1,0
2024-02-16 13:00:00,195,14,17,495,0,9.8,5.5,0.4,1,0,0,0,0,0,0,0,1,0
2024-02-25 14:00:00,110,15,19,317,0,8.3,5.5,0.0,0,0,0,1,0,0,0,0,1,0
2024-02-19 13:00:00,188,14,16,448,0,12.5,5.2,0.0,0,1,0,0,0,0,0,0,1,0
2024-02-19 12:00:00,181,13,13,495,0,12.5,5.2,0.0,0,1,0,0,0,0,0,0,1,0
2024-02-05 12:00:00,167,13,13,647,0,7.4,7.4,1.0,0,1,0,0,0,0,0,0,1,0
2024-02-05 10:00:00,161,11,13,574,0,7.4,7.4,1.0,0,1,0,0,0,0,0,0,1,0
2024-02-06 09:00:00,147,10,13,383,0,5.9,5.5,0.0,0,0,0,0,0,1,0,0,1,0
2024-02-04 09:00:00,46,10,13,94,0,10.7,5.5,1.0,0,0,0,1,0,0,0,0,1,0
2024-02-20 16:00:00,434,17,12,1168,0,12.6,5.4,5.2,0,0,0,0,0,1,0,0,1,0
2024-02-19 09:00:00,157,10,14,237,0,12.5,5.2,0.0,0,1,0,0,0,0,0,0,1,0
2024-02-17 14:00:00,609,15,15,1168,0,13.3,5.5,3.3,0,0,1,0,0,0,0,0,1,0
2024-02-28 16:00:00,202,17,12,558,0,9.1,3.4,1.4,0,0,0,0,0,0,1,0,1,0
2024-02-16 15:00:00,245,16,15,731,0,9.8,5.5,0.4,1,0,0,0,0,0,0,0,1,0
2024-02-19 11:00:00,188,12,15,376,0,12.5,5.2,0.0,0,1,0,0,0,0,0,0,1,0
2024-02-04 10:00:00,116,11,15,178,0,10.7,5.5,1.0,0,0,0,1,0,0,0,0,1,0
2024-02-14 15:00:00,381,16,11,931,0,8.3,5.5,6.2,0,0,0,0,0,0,1,0,1,0
2024-02-29 17:00:00,344,18,11,743,0,7.2,3.5,0.1,0,0,0,0,1,0,0,0,1,0
2024-02-04 14:00:00,317,15,11,893,0,10.7,5.5,1.0,0,0,0,1,0,0,0,0,1,0
2024-02-26 14:00:00,219,15,11,427,0,11.1,5.5,0.0,0,1,0,0,0,0,0,0,1,0
2024-02-05 11:00:00,163,12,11,569,0,7.4,7.4,1.0,0,1,0,0,0,0,0,0,1,0
2024-02-20 12:00:00,449,13,14,1373,0,12.6,5.4,5.2,0,0,0,0,0,1,0,0,1,0
2024-02-26 17:00:00,369,18,14,616,0,11.1,5.5,0.0,0,1,0,0,0,0,0,0,1,0
2024-02-26 09:00:00,328,10,14,417,0,11.1,5.5,0.0,0,1,0,0,0,0,0,0,1,0
2024-02-04 15:00:00,279,16,14,1233,0,10.7,5.5,1.0,0,0,0,1,0,0,0,0,1,0
2024-02-19 14:00:00,223,15,14,436,0,12.5,5.2,0.0,0,1,0,0,0,0,0,0,1,0
2024-02-17 13:00:00,480,14,13,1300,0,13.3,5.5,3.3,0,0,1,0,0,0,0,0,1,0
2024-02-20 17:00:00,435,18,13,642,0,12.6,5.4,5.2,0,0,0,0,0,1,0,0,1,0
2024-02-04 12:00:00,320,13,13,806,0,10.7,5.5,1.0,0,0,0,1,0,0,0,0,1,0
2024-02-16 14:00:00,316,15,13,768,0,9.8,5.5,0.4,1,0,0,0,0,0,0,0,1,0
2024-02-06 16:00:00,429,17,10,1080,0,5.9,5.5,0.0,0,0,0,0,0,1,0,0,1,0
2024-02-08 09:00:00,200,10,10,588,0,4.2,-2.8,3.1,0,0,0,0,1,0,0,0,1,0
2024-02-25 12:00:00,172,13,10,429,0,8.3,5.5,0.0,0,0,0,1,0,0,0,0,1,0
2024-02-19 10:00:00,158,11,10,330,0,12.5,5.2,0.0,0,1,0,0,0,0,0,0,1,0
2024-02-24 14:00:00,541,15,9,1488,0,7.4,5.5,0.0,0,0,1,0,0,0,0,0,1,0
2024-02-28 08:00:00,106,9,10,591,0,9.1,3.4,1.4,0,0,0,0,0,0,1,0,1,0
2024-02-21 16:00:00,458,17,9,1050,0,8.0,1.9,1.5,0,0,0,0,0,0,1,0,1,0
2024-02-14 14:00:00,445,15,9,1092,0,8.3,5.5,6.2,0,0,0,0,0,0,1,0,1,0
2024-02-29 14:00:00,313,15,9,856,0,7.2,3.5,0.1,0,0,0,0,1,0,0,0,1,0
2024-02-19 15:00:00,216,16,9,438,0,12.5,5.2,0.0,0,1,0,0,0,0,0,0,1,0
2024-02-28 17:00:00,200,18,9,512,0,9.1,3.4,1.4,0,0,0,0,0,0,1,0,1,0
2024-02-05 13:00:00,172,14,9,696,0,7.4,7.4,1.0,0,1,0,0,0,0,0,0,1,0
2024-02-13 13:00:00,495,14,8,904,0,7.1,3.1,0.2,0,0,0,0,0,1,0,0,1,0
2024-02-06 11:00:00,169,12,9,398,0,5.9,5.5,0.0,0,0,0,0,0,1,0,0,1,0
2024-02-24 11:00:00,483,12,8,1551,0,7.4,5.5,0.0,0,0,1,0,0,0,0,0,1,0
2024-02-23 10:00:00,420,11,8,1032,0,7.3,0.4,0.0,1,0,0,0,0,0,0,0,1,0
2024-02-14 12:00:00,402,13,8,855,0,8.3,5.5,6.2,0,0,0,0,0,0,1,0,1,0
2024-02-29 16:00:00,349,17,8,827,0,7.2,3.5,0.1,0,0,0,0,1,0,0,0,1,0
2024-02-11 14:00:00,286,15,8,1562,0,8.2,5.5,0.0,0,0,0,1,0,0,0,0,1,0
2024-02-16 12:00:00,233,13,8,428,0,9.8,5.5,0.4,1,0,0,0,0,0,0,0,1,0
2024-02-10 13:00:00,177,14,8,435,0,6.7,3.7,0.4,0,0,1,0,0,0,0,0,1,0
2024-02-26 15:00:00,174,16,8,408,0,11.1,5.5,0.0,0,1,0,0,0,0,0,0,1,0
2024-02-26 16:00:00,171,17,8,412,0,11.1,5.5,0.0,0,1,0,0,0,0,0,0,1,0
2024-02-11 13:00:00,159,14,8,883,0,8.2,5.5,0.0,0,0,0,1,0,0,0,0,1,0
2024-02-25 15:00:00,88,16,8,258,0,8.3,5.5,0.0,0,0,0,1,0,0,0,0,1,0
2024-02-08 08:00:00,120,9,9,554,0,4.2,-2.8,3.1,0,0,0,0,1,0,0,0,1,0
2024-02-07 16:00:00,549,17,7,689,0,4.2,0.6,0.0,0,0,0,0,0,0,1,0,1,0
2024-02-27 13:00:00,494,14,7,821,0,10.2,1.3,0.3,0,0,0,0,0,1,0,0,1,0
2024-02-24 13:00:00,478,14,7,1680,0,7.4,5.5,0.0,0,0,1,0,0,0,0,0,1,0
2024-02-26 11:00:00,465,12,7,857,0,11.1,5.5,0.0,0,1,0,0,0,0,0,0,1,0
2024-02-20 10:00:00,421,11,7,1053,0,12.6,5.4,5.2,0,0,0,0,0,1,0,0,1,0
2024-02-02 16:00:00,403,17,7,1026,0,9.3,5.5,0.0,1,0,0,0,0,0,0,0,1,0
2024-02-06 15:00:00,396,16,7,662,0,5.9,5.5,0.0,0,0,0,0,0,1,0,0,1,0
2024-02-23 09:00:00,393,10,7,770,0,7.3,0.4,0.0,1,0,0,0,0,0,0,0,1,0
2024-02-14 11:00:00,393,12,7,796,0,8.3,5.5,6.2,0,0,0,0,0,0,1,0,1,0
2024-02-13 15:00:00,367,16,7,1110,0,7.1,3.1,0.2,0,0,0,0,0,1,0,0,1,0
2024-02-24 15:00:00,363,16,7,1178,0,7.4,5.5,0.0,0,0,1,0,0,0,0,0,1,0
2024-02-18 15:00:00,283,16,7,1017,0,11.3,6.0,2.1,0,0,0,1,0,0,0,0,1,0
2024-02-18 13:00:00,251,14,7,812,0,11.3,6.0,2.1,0,0,0,1,0,0,0,0,1,0
2024-02-15 14:00:00,180,15,7,437,0,13.2,5.5,3.4,0,0,0,0,1,0,0,0,1,0
2024-02-15 13:00:00,156,14,7,375,0,13.2,5.5,3.4,0,0,0,0,1,0,0,0,1,0
2024-02-16 17:00:00,148,18,7,700,0,9.8,5.5,0.4,1,0,0,0,0,0,0,0,1,0
2024-02-26 08:00:00,145,9,7,290,0,11.1,5.5,0.0,0,1,0,0,0,0,0,0,1,0
2024-02-19 08:00:00,123,9,7,229,0,12.5,5.2,0.0,0,1,0,0,0,0,0,0,1,0
2024-02-28 11:00:00,560,12,6,809,0,9.1,3.4,1.4,0,0,0,0,0,0,1,0,1,0
2024-02-23 12:00:00,534,13,6,1285,0,7.3,0.4,0.0,1,0,0,0,0,0,0,0,1,0
2024-02-03 12:00:00,497,13,6,1567,0,10.1,5.5,0.0,0,0,1,0,0,0,0,0,1,0
2024-02-26 10:00:00,467,11,6,697,0,11.1,5.5,0.0,0,1,0,0,0,0,0,0,1,0
2024-02-24 10:00:00,446,11,6,1166,0,7.4,5.5,0.0,0,0,1,0,0,0,0,0,1,0
2024-02-26 12:00:00,442,13,6,915,0,11.1,5.5,0.0,0,1,0,0,0,0,0,0,1,0
2024-02-01 14:00:00,432,15,6,1540,0,13.8,5.3,0.0,0,0,0,0,1,0,0,0,1,0
2024-02-13 11:00:00,424,12,6,1147,0,7.1,3.1,0.2,0,0,0,0,0,1,0,0,1,0
2024-02-20 15:00:00,422,16,6,1185,0,12.6,5.4,5.2,0,0,0,0,0,1,0,0,1,0
2024-02-07 15:00:00,416,16,6,1057,0,4.2,0.6,0.0,0,0,0,0,0,0,1,0,1,0
2024-02-26 13:00:00,386,14,6,962,0,11.1,5.5,0.0,0,1,0,0,0,0,0,0,1,0
2024-02-20 08:00:00,337,9,6,488,0,12.6,5.4,5.2,0,0,0,0,0,1,0,0,1,0
2024-02-04 13:00:00,326,14,6,994,0,10.7,5.5,1.0,0,0,0,1,0,0,0,0,1,0
2024-02-06 13:00:00,316,14,6,477,0,5.9,5.5,0.0,0,0,0,0,0,1,0,0,1,0
2024-02-05 08:00:00,301,9,6,480,0,7.4,7.4,1.0,0,1,0,0,0,0,0,0,1,0
2024-02-18 14:00:00,253,15,6,428,0,11.3,6.0,2.1,0,0,0,1,0,0,0,0,1,0
2024-02-08 10:00:00,198,11,6,654,0,4.2,-2.8,3.1,0,0,0,0,1,0,0,0,1,0
2024-02-20 07:00:00,181,8,6,248,0,12.6,5.4,5.2,0,0,0,0,0,1,0,0,1,0
2024-02-10 16:00:00,171,17,6,457,0,6.7,3.7,0.4,0,0,1,0,0,0,0,0,1,0
2024-02-08 16:00:00,167,17,6,582,0,4.2,-2.8,3.1,0,0,0,0,1,0,0,0,1,0
2024-02-28 09:00:00,159,10,6,740,0,9.1,3.4,1.4,0,0,0,0,0,0,1,0,1,0
2024-02-10 15:00:00,130,16,6,410,0,6.7,3.7,0.4,0,0,1,0,0,0,0,0,1,0
2024-02-18 17:00:00,117,18,6,394,0,11.3,6.0,2.1,0,0,0,1,0,0,0,0,1,0
2024-02-25 16:00:00,82,17,6,244,0,8.3,5.5,0.0,0,0,0,1,0,0,0,0,1,0
2024-02-27 16:00:00,184,17,4,551,0,10.2,1.3,0.3,0,0,0,0,0,1,0,0,1,0
2024-02-22 13:00:00,450,14,4,1172,0,6.9,3.6,0.0,0,0,0,0,1,0,0,0,1,0
2024-02-15 10:00:00,183,11,4,303,0,13.2,5.5,3.4,0,0,0,0,1,0,0,0,1,0
2024-02-13 12:00:00,435,13,4,1071,0,7.1,3.1,0.2,0,0,0,0,0,1,0,0,1,0
2024-02-01 15:00:00,425,16,4,1629,0,13.8,5.3,0.0,0,0,0,0,1,0,0,0,1,0
2024-02-10 11:00:00,168,12,4,329,0,6.7,3.7,0.4,0,0,1,0,0,0,0,0,1,0
2024-02-18 16:00:00,167,17,4,515,0,11.3,6.0,2.1,0,0,0,1,0,0,0,0,1,0
2024-02-15 12:00:00,167,13,4,405,0,13.2,5.5,3.4,0,0,0,0,1,0,0,0,1,0
2024-02-27 15:00:00,405,16,4,744,0,10.2,1.3,0.3,0,0,0,0,0,1,0,0,1,0
2024-02-01 13:00:00,527,14,5,1885,0,13.8,5.3,0.0,0,0,0,0,1,0,0,0,1,0
2024-02-23 13:00:00,484,14,5,1305,0,7.3,0.4,0.0,1,0,0,0,0,0,0,0,1,0
2024-02-03 15:00:00,481,16,5,1385,0,10.1,5.5,0.0,0,0,1,0,0,0,0,0,1,0
2024-02-23 15:00:00,450,16,5,1172,0,7.3,0.4,0.0,1,0,0,0,0,0,0,0,1,0
2024-02-03 10:00:00,418,11,5,935,0,10.1,5.5,0.0,0,0,1,0,0,0,0,0,1,0
2024-02-17 10:00:00,387,11,5,1336,0,13.3,5.5,3.3,0,0,1,0,0,0,0,0,1,0
2024-02-29 15:00:00,381,16,5,822,0,7.2,3.5,0.1,0,0,0,0,1,0,0,0,1,0
2024-02-27 10:00:00,361,11,5,1113,0,10.2,1.3,0.3,0,0,0,0,0,1,0,0,1,0
2024-02-20 09:00:00,314,10,5,720,0,12.6,5.4,5.2,0,0,0,0,0,1,0,0,1,0
2024-02-11 15:00:00,309,16,5,1432,0,8.2,5.5,0.0,0,0,0,1,0,0,0,0,1,0
2024-02-05 09:00:00,305,10,5,655,0,7.4,7.4,1.0,0,1,0,0,0,0,0,0,1,0
2024-02-18 12:00:00,297,13,5,952,0,11.3,6.0,2.1,0,0,0,1,0,0,0,0,1,0
2024-02-13 08:00:00,284,9,5,539,0,7.1,3.1,0.2,0,0,0,0,0,1,0,0,1,0
2024-02-15 15:00:00,278,16,5,569,0,13.2,5.5,3.4,0,0,0,0,1,0,0,0,1,0
2024-02-08 11:00:00,234,12,5,689,0,4.2,-2.8,3.1,0,0,0,0,1,0,0,0,1,0
2024-02-16 16:00:00,205,17,5,962,0,9.8,5.5,0.4,1,0,0,0,0,0,0,0,1,0
2024-02-08 15:00:00,163,16,4,812,0,4.2,-2.8,3.1,0,0,0,0,1,0,0,0,1,0
2024-02-01 12:00:00,396,13,4,1679,0,13.8,5.3,0.0,0,0,0,0,1,0,0,0,1,0
2024-02-13 14:00:00,396,15,4,519,0,7.1,3.1,0.2,0,0,0,0,0,1,0,0,1,0
2024-02-27 09:00:00,376,10,4,855,0,10.2,1.3,0.3,0,0,0,0,0,1,0,0,1,0
2024-02-15 09:00:00,151,10,4,338,0,13.2,5.5,3.4,0,0,0,0,1,0,0,0,1,0
2024-02-28 15:00:00,376,16,4,839,0,9.1,3.4,1.4,0,0,0,0,0,0,1,0,1,0
2024-02-05 16:00:00,145,17,4,799,0,7.4,7.4,1.0,0,1,0,0,0,0,0,0,1,0
2024-02-28 14:00:00,371,15,4,836,0,9.1,3.4,1.4,0,0,0,0,0,0,1,0,1,0
2024-02-09 09:00:00,347,10,4,448,0,6.3,5.5,9.8,1,0,0,0,0,0,0,0,1,0
2024-02-12 16:00:00,340,17,4,1292,0,8.4,3.3,1.2,0,1,0,0,0,0,0,0,1,0
2024-02-03 09:00:00,339,10,4,648,0,10.1,5.5,0.0,0,0,1,0,0,0,0,0,1,0
2024-02-25 13:00:00,292,14,4,975,0,8.3,5.5,0.0,0,0,0,1,0,0,0,0,1,0
2024-02-27 08:00:00,274,9,4,601,0,10.2,1.3,0.3,0,0,0,0,0,1,0,0,1,0
2024-02-17 16:00:00,243,17,4,638,0,13.3,5.5,3.3,0,0,1,0,0,0,0,0,1,0
2024-02-04 11:00:00,231,12,4,632,0,10.7,5.5,1.0,0,0,0,1,0,0,0,0,1,0
2024-02-09 15:00:00,219,16,4,582,0,6.3,5.5,9.8,1,0,0,0,0,0,0,0,1,0
2024-02-11 12:00:00,217,13,4,700,0,8.2,5.5,0.0,0,0,0,1,0,0,0,0,1,0
2024-02-05 15:00:00,207,16,4,683,0,7.4,7.4,1.0,0,1,0,0,0,0,0,0,1,0
2024-02-28 07:00:00,77,8,4,282,0,9.1,3.4,1.4,0,0,0,0,0,0,1,0,1,0
2024-02-08 07:00:00,63,8,4,244,0,4.2,-2.8,3.1,0,0,0,0,1,0,0,0,1,0
2024-02-15 08:00:00,178,9,5,286,0,13.2,5.5,3.4,0,0,0,0,1,0,0,0,1,0
2024-02-06 12:00:00,168,13,5,465,0,5.9,5.5,0.0,0,0,0,0,0,1,0,0,1,0
2024-02-10 14:00:00,167,15,5,529,0,6.7,3.7,0.4,0,0,1,0,0,0,0,0,1,0
2024-02-04 08:00:00,30,9,5,61,0,10.7,5.5,1.0,0,0,0,1,0,0,0,0,1,0
2024-02-10 10:00:00,137,11,5,295,0,6.7,3.7,0.4,0,0,1,0,0,0,0,0,1,0
2024-02-18 09:00:00,131,10,5,328,0,11.3,6.0,2.1,0,0,0,1,0,0,0,0,1,0
2024-02-03 13:00:00,569,14,4,1414,0,10.1,5.5,0.0,0,0,1,0,0,0,0,0,1,0
2024-02-25 11:00:00,124,12,5,245,0,8.3,5.5,0.0,0,0,0,1,0,0,0,0,1,0
2024-02-21 17:00:00,512,18,4,766,0,8.0,1.9,1.5,0,0,0,0,0,0,1,0,1,0
2024-02-25 09:00:00,117,10,5,219,0,8.3,5.5,0.0,0,0,0,1,0,0,0,0,1,0
2024-02-23 16:00:00,509,17,4,1503,0,7.3,0.4,0.0,1,0,0,0,0,0,0,0,1,0
2024-02-03 14:00:00,509,15,4,1167,0,10.1,5.5,0.0,0,0,1,0,0,0,0,0,1,0
2024-02-13 16:00:00,477,17,4,1413,0,7.1,3.1,0.2,0,0,0,0,0,1,0,0,1,0
2024-02-22 17:00:00,227,18,3,777,0,6.9,3.6,0.0,0,0,0,0,1,0,0,0,1,0
2024-02-28 13:00:00,516,14,3,831,0,9.1,3.4,1.4,0,0,0,0,0,0,1,0,1,0
2024-02-03 11:00:00,505,12,3,1373,0,10.1,5.5,0.0,0,0,1,0,0,0,0,0,1,0
2024-02-23 14:00:00,490,15,3,1279,0,7.3,0.4,0.0,1,0,0,0,0,0,0,0,1,0
2024-02-15 16:00:00,456,17,3,1113,0,13.2,5.5,3.4,0,0,0,0,1,0,0,0,1,0
2024-02-14 16:00:00,444,17,3,1031,0,8.3,5.5,6.2,0,0,0,0,0,0,1,0,1,0
2024-02-17 11:00:00,443,12,3,1580,0,13.3,5.5,3.3,0,0,1,0,0,0,0,0,1,0
2024-02-06 14:00:00,434,15,3,714,0,5.9,5.5,0.0,0,0,0,0,0,1,0,0,1,0
2024-02-20 13:00:00,424,14,3,1434,0,12.6,5.4,5.2,0,0,0,0,0,1,0,0,1,0
2024-02-02 12:00:00,420,13,3,929,0,9.3,5.5,0.0,1,0,0,0,0,0,0,0,1,0
2024-02-22 11:00:00,420,12,3,1574,0,6.9,3.6,0.0,0,0,0,0,1,0,0,0,1,0
2024-02-13 10:00:00,417,11,3,995,0,7.1,3.1,0.2,0,0,0,0,0,1,0,0,1,0
2024-02-20 11:00:00,403,12,3,1178,0,12.6,5.4,5.2,0,0,0,0,0,1,0,0,1,0
2024-02-02 17:00:00,354,18,3,1036,0,9.3,5.5,0.0,1,0,0,0,0,0,0,0,1,0
2024-02-29 13:00:00,349,14,3,832,0,7.2,3.5,0.1,0,0,0,0,1,0,0,0,1,0
2024-02-13 09:00:00,340,10,3,767,0,7.1,3.1,0.2,0,0,0,0,0,1,0,0,1,0
2024-02-04 16:00:00,299,17,3,1511,0,10.7,5.5,1.0,0,0,0,1,0,0,0,0,1,0
2024-02-09 11:00:00,292,12,3,629,0,6.3,5.5,9.8,1,0,0,0,0,0,0,0,1,0
2024-02-14 08:00:00,285,9,3,587,0,8.3,5.5,6.2,0,0,0,0,0,0,1,0,1,0
2024-02-12 14:00:00,254,15,3,335,0,8.4,3.3,1.2,0,1,0,0,0,0,0,0,1,0
2024-02-08 12:00:00,210,13,3,773,0,4.2,-2.8,3.1,0,0,0,0,1,0,0,0,1,0
2024-02-07 07:00:00,191,8,3,364,0,4.2,0.6,0.0,0,0,0,0,0,0,1,0,1,0
2024-02-09 16:00:00,186,17,3,295,0,6.3,5.5,9.8,1,0,0,0,0,0,0,0,1,0
2024-02-10 12:00:00,186,13,3,397,0,6.7,3.7,0.4,0,0,1,0,0,0,0,0,1,0
2024-02-08 13:00:00,182,14,3,765,0,4.2,-2.8,3.1,0,0,0,0,1,0,0,0,1,0
2024-02-19 07:00:00,58,8,3,132,0,12.5,5.2,0.0,0,1,0,0,0,0,0,0,1,0
2024-02-15 11:00:00,180,12,3,324,0,13.2,5.5,3.4,0,0,0,0,1,0,0,0,1,0
2024-02-27 17:00:00,156,18,3,447,0,10.2,1.3,0.3,0,0,0,0,0,1,0,0,1,0
2024-02-08 17:00:00,153,18,3,453,0,4.2,-2.8,3.1,0,0,0,0,1,0,0,0,1,0
2024-02-06 08:00:00,146,9,3,359,0,5.9,5.5,0.0,0,0,0,0,0,1,0,0,1,0
2024-02-16 18:00:00,105,19,3,364,0,9.8,5.5,0.4,1,0,0,0,0,0,0,0,1,0
2024-02-25 17:00:00,96,18,3,220,0,8.3,5.5,0.0,0,0,0,1,0,0,0,0,1,0
2024-02-28 12:00:00,2173,13,2,537,0,9.1,3.4,1.4,0,0,0,0,0,0,1,0,1,0
2024-02-25 07:00:00,32,8,4,114,0,8.3,5.5,0.0,0,0,0,1,0,0,0,0,1,0
2024-02-08 18:00:00,330,19,2,212,0,4.2,-2.8,3.1,0,0,0,0,1,0,0,0,1,0
2024-02-09 18:00:00,329,19,2,127,0,6.3,5.5,9.8,1,0,0,0,0,0,0,0,1,0
2024-02-11 16:00:00,328,17,2,1171,0,8.2,5.5,0.0,0,0,0,1,0,0,0,0,1,0
2024-02-24 18:00:00,323,19,2,416,0,7.4,5.5,0.0,0,0,1,0,0,0,0,0,1,0
2024-02-05 14:00:00,322,15,2,978,0,7.4,7.4,1.0,0,1,0,0,0,0,0,0,1,0
2024-02-09 12:00:00,317,13,2,696,0,6.3,5.5,9.8,1,0,0,0,0,0,0,0,1,0
2024-02-09 10:00:00,316,11,2,592,0,6.3,5.5,9.8,1,0,0,0,0,0,0,0,1,0
2024-02-21 14:00:00,297,15,2,604,0,8.0,1.9,1.5,0,0,0,0,0,0,1,0,1,0
2024-02-29 18:00:00,277,19,2,624,0,7.2,3.5,0.1,0,0,0,0,1,0,0,0,1,0
2024-02-17 09:00:00,275,10,2,774,0,13.3,5.5,3.3,0,0,1,0,0,0,0,0,1,0
2024-02-21 08:00:00,273,9,2,553,0,8.0,1.9,1.5,0,0,0,0,0,0,1,0,1,0
2024-02-29 12:00:00,272,13,2,789,0,7.2,3.5,0.1,0,0,0,0,1,0,0,0,1,0
2024-02-29 11:00:00,243,12,2,847,0,7.2,3.5,0.1,0,0,0,0,1,0,0,0,1,0
2024-02-16 10:00:00,228,11,2,450,0,9.8,5.5,0.4,1,0,0,0,0,0,0,0,1,0
2024-02-24 08:00:00,221,9,2,412,0,7.4,5.5,0.0,0,0,1,0,0,0,0,0,1,0
2024-02-03 08:00:00,220,9,2,401,0,10.1,5.5,0.0,0,0,1,0,0,0,0,0,1,0
2024-02-17 08:00:00,219,9,2,444,0,13.3,5.5,3.3,0,0,1,0,0,0,0,0,1,0
2024-02-25 10:00:00,219,11,2,367,0,8.3,5.5,0.0,0,0,0,1,0,0,0,0,1,0
2024-02-18 11:00:00,217,12,2,1074,0,11.3,6.0,2.1,0,0,0,1,0,0,0,0,1,0
2024-02-29 21:00:00,126,22,2,187,0,7.2,3.5,0.1,0,0,0,0,1,0,0,0,1,0
2024-02-10 09:00:00,108,10,2,234,0,6.7,3.7,0.4,0,0,1,0,0,0,0,0,1,0
2024-02-18 08:00:00,74,9,2,221,0,11.3,6.0,2.1,0,0,0,1,0,0,0,0,1,0
2024-02-10 08:00:00,73,9,2,163,0,6.7,3.7,0.4,0,0,1,0,0,0,0,0,1,0
2024-02-21 05:00:00,43,6,2,32,0,8.0,1.9,1.5,0,0,0,0,0,0,1,0,1,0
2024-02-18 20:00:00,42,21,2,160,0,11.3,6.0,2.1,0,0,0,1,0,0,0,0,1,0
2024-02-24 12:00:00,501,13,2,1567,0,7.4,5.5,0.0,0,0,1,0,0,0,0,0,1,0
2024-02-22 12:00:00,488,13,2,1600,0,6.9,3.6,0.0,0,0,0,0,1,0,0,0,1,0
2024-02-21 11:00:00,482,12,2,1060,0,8.0,1.9,1.5,0,0,0,0,0,0,1,0,1,0
2024-02-07 11:00:00,477,12,2,1572,0,4.2,0.6,0.0,0,0,0,0,0,0,1,0,1,0
2024-02-17 12:00:00,476,13,2,1888,0,13.3,5.5,3.3,0,0,1,0,0,0,0,0,1,0
2024-02-02 14:00:00,470,15,2,1019,0,9.3,5.5,0.0,1,0,0,0,0,0,0,0,1,0
2024-02-23 17:00:00,448,18,2,1129,0,7.3,0.4,0.0,1,0,0,0,0,0,0,0,1,0
2024-02-27 11:00:00,440,12,2,885,0,10.2,1.3,0.3,0,0,0,0,0,1,0,0,1,0
2024-02-07 12:00:00,431,13,2,1539,0,4.2,0.6,0.0,0,0,0,0,0,0,1,0,1,0
2024-02-12 13:00:00,425,14,2,1494,0,8.4,3.3,1.2,0,1,0,0,0,0,0,0,1,0
2024-02-21 03:00:00,31,4,2,21,0,8.0,1.9,1.5,0,0,0,0,0,0,1,0,1,0
2024-02-01 10:00:00,420,11,2,1215,0,13.8,5.3,0.0,0,0,0,0,1,0,0,0,1,0
2024-02-23 11:00:00,413,12,2,1190,0,7.3,0.4,0.0,1,0,0,0,0,0,0,0,1,0
2024-02-20 14:00:00,412,15,2,914,0,12.6,5.4,5.2,0,0,0,0,0,1,0,0,1,0
2024-02-12 11:00:00,409,12,2,1684,0,8.4,3.3,1.2,0,1,0,0,0,0,0,0,1,0
2024-02-07 09:00:00,402,10,2,900,0,4.2,0.6,0.0,0,0,0,0,0,0,1,0,1,0
2024-02-01 11:00:00,395,12,2,1573,0,13.8,5.3,0.0,0,0,0,0,1,0,0,0,1,0
2024-02-21 15:00:00,395,16,2,1058,0,8.0,1.9,1.5,0,0,0,0,0,0,1,0,1,0
2024-02-02 15:00:00,390,16,2,1089,0,9.3,5.5,0.0,1,0,0,0,0,0,0,0,1,0
2024-02-07 13:00:00,376,14,2,884,0,4.2,0.6,0.0,0,0,0,0,0,0,1,0,1,0
2024-02-12 15:00:00,373,16,2,1173,0,8.4,3.3,1.2,0,1,0,0,0,0,0,0,1,0
2024-02-07 17:00:00,373,18,2,483,0,4.2,0.6,0.0,0,0,0,0,0,0,1,0,1,0
2024-02-22 15:00:00,371,16,2,1431,0,6.9,3.6,0.0,0,0,0,0,1,0,0,0,1,0
2024-02-29 10:00:00,215,11,2,706,0,7.2,3.5,0.1,0,0,0,0,1,0,0,0,1,0
2024-02-09 08:00:00,194,9,2,354,0,6.3,5.5,9.8,1,0,0,0,0,0,0,0,1,0
2024-02-08 14:00:00,187,15,2,880,0,4.2,-2.8,3.1,0,0,0,0,1,0,0,0,1,0
2024-02-22 20:00:00,164,21,2,295,0,6.9,3.6,0.0,0,0,0,0,1,0,0,0,1,0
2024-02-22 19:00:00,161,20,2,431,0,6.9,3.6,0.0,0,0,0,0,1,0,0,0,1,0
2024-02-06 10:00:00,157,11,2,395,0,5.9,5.5,0.0,0,0,0,0,0,1,0,0,1,0
2024-02-14 10:00:00,350,11,2,671,0,8.3,5.5,6.2,0,0,0,0,0,0,1,0,1,0
2024-02-29 19:00:00,232,20,1,423,0,7.2,3.5,0.1,0,0,0,0,1,0,0,0,1,0
2024-02-21 18:00:00,232,19,1,578,0,8.0,1.9,1.5,0,0,0,0,0,0,1,0,1,0
2024-02-03 21:00:00,229,22,1,273,0,10.1,5.5,0.0,0,0,1,0,0,0,0,0,1,0
2024-02-26 07:00:00,215,8,1,260,0,11.1,5.5,0.0,0,1,0,0,0,0,0,0,1,0
2024-02-18 10:00:00,212,11,1,713,0,11.3,6.0,2.1,0,0,0,1,0,0,0,0,1,0
2024-02-16 21:00:00,210,22,1,227,0,9.8,5.5,0.4,1,0,0,0,0,0,0,0,1,0
2024-02-11 18:00:00,197,19,1,466,0,8.2,5.5,0.0,0,0,0,1,0,0,0,0,1,0
2024-02-15 07:00:00,189,8,1,139,0,13.2,5.5,3.4,0,0,0,0,1,0,0,0,1,0
2024-02-24 16:00:00,388,17,1,1779,0,7.4,5.5,0.0,0,0,1,0,0,0,0,0,1,0
2024-02-23 07:00:00,185,8,1,280,0,7.3,0.4,0.0,1,0,0,0,0,0,0,0,1,0
2024-02-26 20:00:00,182,21,1,188,0,11.1,5.5,0.0,0,1,0,0,0,0,0,0,1,0
2024-02-09 19:00:00,165,20,1,86,0,6.3,5.5,9.8,1,0,0,0,0,0,0,0,1,0
2024-02-24 22:00:00,58,23,1,158,0,7.4,5.5,0.0,0,0,1,0,0,0,0,0,1,0
2024-02-16 19:00:00,83,20,1,277,0,9.8,5.5,0.4,1,0,0,0,0,0,0,0,1,0
2024-02-21 09:00:00,382,10,1,686,0,8.0,1.9,1.5,0,0,0,0,0,0,1,0,1,0
2024-02-24 17:00:00,356,18,1,1179,0,7.4,5.5,0.0,0,0,1,0,0,0,0,0,1,0
2024-02-22 23:00:00,57,0,1,133,0,6.9,3.6,0.0,0,0,0,0,1,0,0,0,1,0
2024-02-20 21:00:00,114,22,1,172,0,12.6,5.4,5.2,0,0,0,0,0,1,0,0,1,0
2024-02-13 18:00:00,80,19,1,582,0,7.1,3.1,0.2,0,0,0,0,0,1,0,0,1,0
2024-02-25 01:00:00,113,2,1,412,0,8.3,5.5,0.0,0,0,0,1,0,0,0,0,1,0
2024-02-03 18:00:00,330,19,1,496,0,10.1,5.5,0.0,0,0,1,0,0,0,0,0,1,0
2024-02-28 18:00:00,155,19,1,342,0,9.1,3.4,1.4,0,0,0,0,0,0,1,0,1,0
2024-02-26 06:00:00,76,7,1,70,0,11.1,5.5,0.0,0,1,0,0,0,0,0,0,1,0
2024-02-24 00:00:00,76,1,1,372,0,7.4,5.5,0.0,0,0,1,0,0,0,0,0,1,0
2024-02-20 22:00:00,112,23,1,101,0,12.6,5.4,5.2,0,0,0,0,0,1,0,0,1,0
2024-02-12 17:00:00,318,18,1,721,0,8.4,3.3,1.2,0,1,0,0,0,0,0,0,1,0
2024-02-14 06:00:00,74,7,1,64,0,8.3,5.5,6.2,0,0,0,0,0,0,1,0,1,0
2024-02-22 21:00:00,110,22,1,159,0,6.9,3.6,0.0,0,0,0,0,1,0,0,0,1,0
2024-02-19 23:00:00,73,0,1,77,0,12.5,5.2,0.0,0,1,0,0,0,0,0,0,1,0
2024-02-12 19:00:00,316,20,1,243,0,8.4,3.3,1.2,0,1,0,0,0,0,0,0,1,0
2024-02-10 00:00:00,108,1,1,266,0,6.7,3.7,0.4,0,0,1,0,0,0,0,0,1,0
2024-02-17 03:00:00,72,4,1,174,0,13.3,5.5,3.3,0,0,1,0,0,0,0,0,1,0
2024-02-25 18:00:00,72,19,1,214,0,8.3,5.5,0.0,0,0,0,1,0,0,0,0,1,0
2024-02-26 02:00:00,53,3,1,159,0,11.1,5.5,0.0,0,1,0,0,0,0,0,0,1,0
2024-02-14 09:00:00,312,10,1,561,0,8.3,5.5,6.2,0,0,0,0,0,0,1,0,1,0
2024-02-11 09:00:00,107,10,1,343,0,8.2,5.5,0.0,0,0,0,1,0,0,0,0,1,0
2024-02-09 14:00:00,308,15,1,778,0,6.3,5.5,9.8,1,0,0,0,0,0,0,0,1,0
2024-02-27 12:00:00,535,13,1,1150,0,10.2,1.3,0.3,0,0,0,0,0,1,0,0,1,0
2024-02-02 18:00:00,307,19,1,687,0,9.3,5.5,0.0,1,0,0,0,0,0,0,0,1,0
2024-02-14 13:00:00,532,14,1,955,0,8.3,5.5,6.2,0,0,0,0,0,0,1,0,1,0
2024-02-07 08:00:00,301,9,1,606,0,4.2,0.6,0.0,0,0,0,0,0,0,1,0,1,0
2024-02-01 08:00:00,288,9,1,649,0,13.8,5.3,0.0,0,0,0,0,1,0,0,0,1,0
2024-02-09 13:00:00,286,14,1,769,0,6.3,5.5,9.8,1,0,0,0,0,0,0,0,1,0
2024-02-24 09:00:00,286,10,1,758,0,7.4,5.5,0.0,0,0,1,0,0,0,0,0,1,0
2024-02-12 18:00:00,280,19,1,311,0,8.4,3.3,1.2,0,1,0,0,0,0,0,0,1,0
2024-02-10 17:00:00,279,18,1,395,0,6.7,3.7,0.4,0,0,1,0,0,0,0,0,1,0
2024-02-12 08:00:00,264,9,1,695,0,8.4,3.3,1.2,0,1,0,0,0,0,0,0,1,0
2024-02-23 08:00:00,253,9,1,450,0,7.3,0.4,0.0,1,0,0,0,0,0,0,0,1,0
2024-02-11 11:00:00,240,12,1,953,0,8.2,5.5,0.0,0,0,0,1,0,0,0,0,1,0
2024-02-18 18:00:00,71,19,1,205,0,11.3,6.0,2.1,0,0,0,1,0,0,0,0,1,0
2024-02-17 18:00:00,105,19,1,252,0,13.3,5.5,3.3,0,0,1,0,0,0,0,0,1,0
2024-02-29 08:00:00,148,9,1,390,0,7.2,3.5,0.1,0,0,0,0,1,0,0,0,1,0
2024-02-15 17:00:00,486,18,1,416,0,13.2,5.5,3.4,0,0,0,0,1,0,0,0,1,0
2024-02-28 20:00:00,65,21,1,241,0,9.1,3.4,1.4,0,0,0,0,0,0,1,0,1,0
2024-02-19 20:00:00,60,21,1,236,0,12.5,5.2,0.0,0,1,0,0,0,0,0,0,1,0
2024-02-22 14:00:00,485,15,1,523,0,6.9,3.6,0.0,0,0,0,0,1,0,0,0,1,0
2024-02-28 22:00:00,51,23,1,83,0,9.1,3.4,1.4,0,0,0,0,0,0,1,0,1,0
2024-02-20 23:00:00,102,0,1,63,0,12.6,5.4,5.2,0,0,0,0,0,1,0,0,1,0
2024-02-22 16:00:00,460,17,1,1510,0,6.9,3.6,0.0,0,0,0,0,1,0,0,0,1,0
2024-02-28 21:00:00,50,22,1,174,0,9.1,3.4,1.4,0,0,0,0,0,0,1,0,1,0
2024-02-03 16:00:00,453,17,1,1814,0,10.1,5.5,0.0,0,0,1,0,0,0,0,0,1,0
2024-02-17 07:00:00,139,8,1,243,0,13.3,5.5,3.3,0,0,1,0,0,0,0,0,1,0
2024-02-24 07:00:00,98,8,1,193,0,7.4,5.5,0.0,0,0,1,0,0,0,0,0,1,0
2024-02-08 19:00:00,98,20,1,198,0,4.2,-2.8,3.1,0,0,0,0,1,0,0,0,1,0
2024-02-02 13:00:00,440,14,1,930,0,9.3,5.5,0.0,1,0,0,0,0,0,0,0,1,0
2024-02-17 15:00:00,425,16,1,1418,0,13.3,5.5,3.3,0,0,1,0,0,0,0,0,1,0
2024-02-06 17:00:00,423,18,1,532,0,5.9,5.5,0.0,0,0,0,0,0,1,0,0,1,0
2024-02-12 12:00:00,406,13,1,1761,0,8.4,3.3,1.2,0,1,0,0,0,0,0,0,1,0
2024-02-22 10:00:00,405,11,1,1270,0,6.9,3.6,0.0,0,0,0,0,1,0,0,0,1,0
2024-02-01 09:00:00,404,10,1,898,0,13.8,5.3,0.0,0,0,0,0,1,0,0,0,1,0
2024-02-21 12:00:00,397,13,1,943,0,8.0,1.9,1.5,0,0,0,0,0,0,1,0,1,0
2024-02-01 17:00:00,396,18,1,593,0,13.8,5.3,0.0,0,0,0,0,1,0,0,0,1,0
2024-02-22 09:00:00,390,10,1,854,0,6.9,3.6,0.0,0,0,0,0,1,0,0,0,1,0
2024-02-16 22:00:00,136,23,1,132,0,9.8,5.5,0.4,1,0,0,0,0,0,0,0,1,0
2024-02-17 19:00:00,95,20,1,279,0,13.3,5.5,3.3,0,0,1,0,0,0,0,0,1,0
2024-02-06 23:00:00,93,0,1,92,0,5.9,5.5,0.0,0,0,0,0,0,1,0,0,1,0
2024-02-12 02:00:00,44,3,1,32,0,8.4,3.3,1.2,0,1,0,0,0,0,0,0,1,0
2024-02-28 19:00:00,91,20,1,178,0,9.1,3.4,1.4,0,0,0,0,0,0,1,0,1,0
2024-02-16 23:00:00,124,0,1,246,0,9.8,5.5,0.4,1,0,0,0,0,0,0,0,1,0
2024-02-03 07:00:00,89,8,1,87,0,10.1,5.5,0.0,0,0,1,0,0,0,0,0,1,0
2024-02-29 20:00:00,121,21,1,299,0,7.2,3.5,0.1,0,0,0,0,1,0,0,0,1,0
2024-02-07 22:00:00,43,23,1,136,0,4.2,0.6,0.0,0,0,0,0,0,0,1,0,1,0
2024-02-20 06:00:00,87,7,1,87,0,12.6,5.4,5.2,0,0,0,0,0,1,0,0,1,0
2024-02-27 21:00:00,42,22,1,116,0,10.2,1.3,0.3,0,0,0,0,0,1,0,0,1,0
2024-02-16 07:00:00,118,8,1,252,0,9.8,5.5,0.4,1,0,0,0,0,0,0,0,1,0
2024-02-20 05:00:00,42,6,1,57,0,12.6,5.4,5.2,0,0,0,0,0,1,0,0,1,0
2024-02-24 19:00:00,314,20,0,293,0,7.4,5.5,0.0,0,0,1,0,0,0,0,0,1,0
2024-02-03 20:00:00,313,21,0,311,0,10.1,5.5,0.0,0,0,1,0,0,0,0,0,1,0
2024-02-05 18:00:00,305,19,0,225,0,7.4,7.4,1.0,0,1,0,0,0,0,0,0,1,0
2024-02-06 18:00:00,305,19,0,422,0,5.9,5.5,0.0,0,0,0,0,0,1,0,0,1,0
2024-02-16 03:00:00,40,4,1,72,0,9.8,5.5,0.4,1,0,0,0,0,0,0,0,1,0
2024-02-01 18:00:00,304,19,0,369,0,13.8,5.3,0.0,0,0,0,0,1,0,0,0,1,0
2024-02-26 18:00:00,301,19,0,404,0,11.1,5.5,0.0,0,1,0,0,0,0,0,0,1,0
2024-02-10 19:00:00,299,20,0,378,0,6.7,3.7,0.4,0,0,1,0,0,0,0,0,1,0
2024-02-15 19:00:00,297,20,0,231,0,13.2,5.5,3.4,0,0,0,0,1,0,0,0,1,0
2024-02-22 04:00:00,17,5,1,8,0,6.9,3.6,0.0,0,0,0,0,1,0,0,0,1,0
2024-02-22 18:00:00,227,19,0,581,0,6.9,3.6,0.0,0,0,0,0,1,0,0,0,1,0
2024-02-02 19:00:00,287,20,0,593,0,9.3,5.5,0.0,1,0,0,0,0,0,0,0,1,0
2024-02-19 06:00:00,22,7,1,66,0,12.5,5.2,0.0,0,1,0,0,0,0,0,0,1,0
2024-02-02 10:00:00,282,11,0,809,0,9.3,5.5,0.0,1,0,0,0,0,0,0,0,1,0
2024-02-01 19:00:00,282,20,0,232,0,13.8,5.3,0.0,0,0,0,0,1,0,0,0,1,0
2024-02-11 10:00:00,218,11,0,678,0,8.2,5.5,0.0,0,0,0,1,0,0,0,0,1,0
2024-02-22 08:00:00,280,9,0,656,0,6.9,3.6,0.0,0,0,0,0,1,0,0,0,1,0
2024-02-20 19:00:00,218,20,0,275,0,12.6,5.4,5.2,0,0,0,0,0,1,0,0,1,0
2024-02-02 08:00:00,276,9,0,631,0,9.3,5.5,0.0,1,0,0,0,0,0,0,0,1,0
2024-02-15 20:00:00,217,21,0,215,0,13.2,5.5,3.4,0,0,0,0,1,0,0,0,1,0
2024-02-05 17:00:00,274,18,0,466,0,7.4,7.4,1.0,0,1,0,0,0,0,0,0,1,0
2024-02-27 14:00:00,271,15,0,306,0,10.2,1.3,0.3,0,0,0,0,0,1,0,0,1,0
2024-02-04 07:00:00,13,8,1,36,0,10.7,5.5,1.0,0,0,0,1,0,0,0,0,1,0
2024-02-26 19:00:00,212,20,0,367,0,11.1,5.5,0.0,0,1,0,0,0,0,0,0,1,0
2024-02-17 04:00:00,31,5,1,23,0,13.3,5.5,3.3,0,0,1,0,0,0,0,0,1,0
2024-02-20 03:00:00,31,4,1,19,0,12.6,5.4,5.2,0,0,0,0,0,1,0,0,1,0
2024-02-06 19:00:00,211,20,0,256,0,5.9,5.5,0.0,0,0,0,0,0,1,0,0,1,0
2024-02-01 16:00:00,447,17,0,1360,0,13.8,5.3,0.0,0,0,0,0,1,0,0,0,1,0
2024-02-19 19:00:00,209,20,0,317,0,12.5,5.2,0.0,0,1,0,0,0,0,0,0,1,0
2024-02-21 10:00:00,443,11,0,1110,0,8.0,1.9,1.5,0,0,0,0,0,0,1,0,1,0
2024-02-16 20:00:00,208,21,0,269,0,9.8,5.5,0.4,1,0,0,0,0,0,0,0,1,0
2024-02-07 10:00:00,413,11,0,1189,0,4.2,0.6,0.0,0,0,0,0,0,0,1,0,1,0
2024-02-04 17:00:00,203,18,0,442,0,10.7,5.5,1.0,0,0,0,1,0,0,0,0,1,0
2024-02-07 14:00:00,409,15,0,474,0,4.2,0.6,0.0,0,0,0,0,0,0,1,0,1,0
2024-02-18 05:00:00,4,6,1,21,0,11.3,6.0,2.1,0,0,0,1,0,0,0,0,1,0
2024-02-18 07:00:00,20,8,1,76,0,11.3,6.0,2.1,0,0,0,1,0,0,0,0,1,0
2024-02-09 17:00:00,201,18,0,290,0,6.3,5.5,9.8,1,0,0,0,0,0,0,0,1,0
2024-02-19 18:00:00,245,19,0,429,0,12.5,5.2,0.0,0,1,0,0,0,0,0,0,1,0
2024-02-08 01:00:00,19,2,1,67,0,4.2,-2.8,3.1,0,0,0,0,1,0,0,0,1,0
2024-02-03 22:00:00,198,23,0,241,0,10.1,5.5,0.0,0,0,1,0,0,0,0,0,1,0
2024-02-13 17:00:00,244,18,0,913,0,7.1,3.1,0.2,0,0,0,0,0,1,0,0,1,0
2024-02-14 18:00:00,243,19,0,95,0,8.3,5.5,6.2,0,0,0,0,0,0,1,0,1,0
2024-02-12 10:00:00,408,11,0,1358,0,8.4,3.3,1.2,0,1,0,0,0,0,0,0,1,0
2024-02-13 19:00:00,196,20,0,302,0,7.1,3.1,0.2,0,0,0,0,0,1,0,0,1,0
2024-02-03 17:00:00,402,18,0,840,0,10.1,5.5,0.0,0,0,1,0,0,0,0,0,1,0
2024-02-06 07:00:00,196,8,0,279,0,5.9,5.5,0.0,0,0,0,0,0,1,0,0,1,0
2024-02-12 20:00:00,239,21,0,35,0,8.4,3.3,1.2,0,1,0,0,0,0,0,0,1,0
2024-02-12 07:00:00,195,8,0,346,0,8.4,3.3,1.2,0,1,0,0,0,0,0,0,1,0
2024-02-21 07:00:00,190,8,0,200,0,8.0,1.9,1.5,0,0,0,0,0,0,1,0,1,0
2024-02-04 19:00:00,189,20,0,201,0,10.7,5.5,1.0,0,0,0,1,0,0,0,0,1,0
2024-02-29 09:00:00,189,10,0,598,0,7.2,3.5,0.1,0,0,0,0,1,0,0,0,1,0
2024-02-13 07:00:00,188,8,0,305,0,7.1,3.1,0.2,0,0,0,0,0,1,0,0,1,0
2024-02-06 20:00:00,187,21,0,274,0,5.9,5.5,0.0,0,0,0,0,0,1,0,0,1,0
2024-02-04 21:00:00,186,22,0,195,0,10.7,5.5,1.0,0,0,0,1,0,0,0,0,1,0
2024-02-01 07:00:00,184,8,0,297,0,13.8,5.3,0.0,0,0,0,0,1,0,0,0,1,0
2024-02-23 19:00:00,183,20,0,243,0,7.3,0.4,0.0,1,0,0,0,0,0,0,0,1,0
2024-02-27 07:00:00,180,8,0,329,0,10.2,1.3,0.3,0,0,0,0,0,1,0,0,1,0
2024-02-12 21:00:00,178,22,0,32,0,8.4,3.3,1.2,0,1,0,0,0,0,0,0,1,0
2024-02-22 07:00:00,178,8,0,364,0,6.9,3.6,0.0,0,0,0,0,1,0,0,0,1,0
2024-02-14 07:00:00,178,8,0,318,0,8.3,5.5,6.2,0,0,0,0,0,0,1,0,1,0
2024-02-11 19:00:00,175,20,0,321,0,8.2,5.5,0.0,0,0,0,1,0,0,0,0,1,0
2024-02-05 07:00:00,173,8,0,130,0,7.4,7.4,1.0,0,1,0,0,0,0,0,0,1,0
2024-02-05 22:00:00,173,23,0,123,0,7.4,7.4,1.0,0,1,0,0,0,0,0,0,1,0
2024-02-23 18:00:00,394,19,0,331,0,7.3,0.4,0.0,1,0,0,0,0,0,0,0,1,0
2024-02-19 17:00:00,230,18,0,454,0,12.5,5.2,0.0,0,1,0,0,0,0,0,0,1,0
2024-02-10 18:00:00,373,19,0,382,0,6.7,3.7,0.4,0,0,1,0,0,0,0,0,1,0
2024-02-11 17:00:00,229,18,0,741,0,8.2,5.5,0.0,0,0,0,1,0,0,0,0,1,0
2024-02-03 19:00:00,363,20,0,305,0,10.1,5.5,0.0,0,0,1,0,0,0,0,0,1,0
2024-02-15 18:00:00,355,19,0,230,0,13.2,5.5,3.4,0,0,0,0,1,0,0,0,1,0
2024-02-02 11:00:00,354,12,0,872,0,9.3,5.5,0.0,1,0,0,0,0,0,0,0,1,0
2024-02-12 09:00:00,351,10,0,908,0,8.4,3.3,1.2,0,1,0,0,0,0,0,0,1,0
2024-02-02 09:00:00,350,10,0,945,0,9.3,5.5,0.0,1,0,0,0,0,0,0,0,1,0
2024-02-14 17:00:00,331,18,0,256,0,8.3,5.5,6.2,0,0,0,0,0,0,1,0,1,0
2024-02-05 19:00:00,317,20,0,205,0,7.4,7.4,1.0,0,1,0,0,0,0,0,0,1,0
2024-02-20 18:00:00,317,19,0,374,0,12.6,5.4,5.2,0,0,0,0,0,1,0,0,1,0
2024-02-18 00:00:00,111,1,0,383,0,11.3,6.0,2.1,0,0,0,1,0,0,0,0,1,0
2024-02-06 22:00:00,109,23,0,132,0,5.9,5.5,0.0,0,0,0,0,0,1,0,0,1,0
2024-02-09 22:00:00,108,23,0,207,0,6.3,5.5,9.8,1,0,0,0,0,0,0,0,1,0
2024-02-04 22:00:00,107,23,0,109,0,10.7,5.5,1.0,0,0,0,1,0,0,0,0,1,0
2024-02-29 07:00:00,105,8,0,238,0,7.2,3.5,0.1,0,0,0,0,1,0,0,0,1,0
2024-02-29 22:00:00,105,23,0,114,0,7.2,3.5,0.1,0,0,0,0,1,0,0,0,1,0
2024-02-19 22:00:00,104,23,0,103,0,12.5,5.2,0.0,0,1,0,0,0,0,0,0,1,0
2024-02-24 03:00:00,104,4,0,347,0,7.4,5.5,0.0,0,0,1,0,0,0,0,0,1,0
2024-02-04 23:00:00,104,0,0,125,0,10.7,5.5,1.0,0,0,0,1,0,0,0,0,1,0
2024-02-11 22:00:00,104,23,0,115,0,8.2,5.5,0.0,0,0,0,1,0,0,0,0,1,0
2024-02-27 19:00:00,101,20,0,287,0,10.2,1.3,0.3,0,0,0,0,0,1,0,0,1,0
2024-02-11 01:00:00,100,2,0,397,0,8.2,5.5,0.0,0,0,0,1,0,0,0,0,1,0
2024-02-27 18:00:00,99,19,0,279,0,10.2,1.3,0.3,0,0,0,0,0,1,0,0,1,0
2024-02-10 02:00:00,98,3,0,248,0,6.7,3.7,0.4,0,0,1,0,0,0,0,0,1,0
2024-02-12 22:00:00,97,23,0,9,0,8.4,3.3,1.2,0,1,0,0,0,0,0,0,1,0
2024-02-21 20:00:00,96,21,0,311,0,8.0,1.9,1.5,0,0,0,0,0,0,1,0,1,0
2024-02-18 02:00:00,71,3,0,242,0,11.3,6.0,2.1,0,0,0,1,0,0,0,0,1,0
2024-02-20 20:00:00,139,21,0,211,0,12.6,5.4,5.2,0,0,0,0,0,1,0,0,1,0
2024-02-25 08:00:00,62,9,0,226,0,8.3,5.5,0.0,0,0,0,1,0,0,0,0,1,0
2024-02-18 19:00:00,54,20,0,180,0,11.3,6.0,2.1,0,0,0,1,0,0,0,0,1,0
2024-02-06 00:00:00,54,1,0,67,0,5.9,5.5,0.0,0,0,0,0,0,1,0,0,1,0
2024-02-22 06:00:00,71,7,0,85,0,6.9,3.6,0.0,0,0,0,0,1,0,0,0,1,0
2024-02-14 00:00:00,54,1,0,30,0,8.3,5.5,6.2,0,0,0,0,0,0,1,0,1,0
2024-02-12 00:00:00,60,1,0,90,0,8.4,3.3,1.2,0,1,0,0,0,0,0,0,1,0
2024-02-04 02:00:00,60,3,0,378,0,10.7,5.5,1.0,0,0,0,1,0,0,0,0,1,0
2024-02-11 23:00:00,60,0,0,50,0,8.2,5.5,0.0,0,0,0,1,0,0,0,0,1,0
2024-02-15 06:00:00,60,7,0,42,0,13.2,5.5,3.4,0,0,0,0,1,0,0,0,1,0
2024-02-15 22:00:00,59,23,0,126,0,13.2,5.5,3.4,0,0,0,0,1,0,0,0,1,0
2024-02-08 20:00:00,59,21,0,113,0,4.2,-2.8,3.1,0,0,0,0,1,0,0,0,1,0
2024-02-03 01:00:00,58,2,0,329,0,10.1,5.5,0.0,0,0,1,0,0,0,0,0,1,0
2024-02-03 00:00:00,58,1,0,303,0,10.1,5.5,0.0,0,0,1,0,0,0,0,0,1,0
2024-02-17 06:00:00,58,7,0,8,0,13.3,5.5,3.3,0,0,1,0,0,0,0,0,1,0
2024-02-02 06:00:00,57,7,0,91,0,9.3,5.5,0.0,1,0,0,0,0,0,0,0,1,0
2024-02-19 21:00:00,57,22,0,129,0,12.5,5.2,0.0,0,1,0,0,0,0,0,0,1,0
2024-02-26 22:00:00,57,23,0,68,0,11.1,5.5,0.0,0,1,0,0,0,0,0,0,1,0
2024-02-12 23:00:00,57,0,0,1,0,8.4,3.3,1.2,0,1,0,0,0,0,0,0,1,0
2024-02-06 05:00:00,57,6,0,28,0,5.9,5.5,0.0,0,0,0,0,0,1,0,0,1,0
2024-02-25 03:00:00,56,4,0,382,0,8.3,5.5,0.0,0,0,0,1,0,0,0,0,1,0
2024-02-04 03:00:00,56,4,0,280,0,10.7,5.5,1.0,0,0,0,1,0,0,0,0,1,0
2024-02-23 23:00:00,55,0,0,479,0,7.3,0.4,0.0,1,0,0,0,0,0,0,0,1,0
2024-02-23 21:00:00,55,22,0,206,0,7.3,0.4,0.0,1,0,0,0,0,0,0,0,1,0
2024-02-26 01:00:00,55,2,0,103,0,11.1,5.5,0.0,0,1,0,0,0,0,0,0,1,0
2024-02-27 06:00:00,80,7,0,64,0,10.2,1.3,0.3,0,0,0,0,0,1,0,0,1,0
2024-02-11 08:00:00,93,9,0,169,0,8.2,5.5,0.0,0,0,0,1,0,0,0,0,1,0
2024-02-24 23:00:00,70,0,0,345,0,7.4,5.5,0.0,0,0,1,0,0,0,0,0,1,0
2024-02-17 21:00:00,70,22,0,171,0,13.3,5.5,3.3,0,0,1,0,0,0,0,0,1,0
2024-02-21 00:00:00,70,1,0,96,0,8.0,1.9,1.5,0,0,0,0,0,0,1,0,1,0
2024-02-17 20:00:00,68,21,0,181,0,13.3,5.5,3.3,0,0,1,0,0,0,0,0,1,0
2024-02-09 07:00:00,67,8,0,150,0,6.3,5.5,9.8,1,0,0,0,0,0,0,0,1,0
2024-02-16 02:00:00,66,3,0,236,0,9.8,5.5,0.4,1,0,0,0,0,0,0,0,1,0
2024-02-26 00:00:00,66,1,0,138,0,11.1,5.5,0.0,0,1,0,0,0,0,0,0,1,0
2024-02-10 21:00:00,65,22,0,206,0,6.7,3.7,0.4,0,0,1,0,0,0,0,0,1,0
2024-02-26 21:00:00,64,22,0,122,0,11.1,5.5,0.0,0,1,0,0,0,0,0,0,1,0
2024-02-10 22:00:00,64,23,0,185,0,6.7,3.7,0.4,0,0,1,0,0,0,0,0,1,0
2024-02-16 05:00:00,63,6,0,28,0,9.8,5.5,0.4,1,0,0,0,0,0,0,0,1,0
2024-02-04 01:00:00,63,2,0,304,0,10.7,5.5,1.0,0,0,0,1,0,0,0,0,1,0
2024-02-08 21:00:00,63,22,0,112,0,4.2,-2.8,3.1,0,0,0,0,1,0,0,0,1,0
2024-02-13 23:00:00,63,0,0,54,0,7.1,3.1,0.2,0,0,0,0,0,1,0,0,1,0
2024-02-17 01:00:00,62,2,0,258,0,13.3,5.5,3.3,0,0,1,0,0,0,0,0,1,0
2024-02-10 23:00:00,92,0,0,407,0,6.7,3.7,0.4,0,0,1,0,0,0,0,0,1,0
2024-02-06 06:00:00,79,7,0,83,0,5.9,5.5,0.0,0,0,0,0,0,1,0,0,1,0
2024-02-11 20:00:00,137,21,0,306,0,8.2,5.5,0.0,0,0,0,1,0,0,0,0,1,0
2024-02-17 02:00:00,92,3,0,257,0,13.3,5.5,3.3,0,0,1,0,0,0,0,0,1,0
2024-02-13 20:00:00,137,21,0,210,0,7.1,3.1,0.2,0,0,0,0,0,1,0,0,1,0
2024-02-21 21:00:00,79,22,0,121,0,8.0,1.9,1.5,0,0,0,0,0,0,1,0,1,0
2024-02-07 06:00:00,78,7,0,112,0,4.2,0.6,0.0,0,0,0,0,0,0,1,0,1,0
2024-02-02 23:00:00,77,0,0,384,0,9.3,5.5,0.0,1,0,0,0,0,0,0,0,1,0
2024-02-23 22:00:00,77,23,0,185,0,7.3,0.4,0.0,1,0,0,0,0,0,0,0,1,0
2024-02-10 03:00:00,77,4,0,378,0,6.7,3.7,0.4,0,0,1,0,0,0,0,0,1,0
2024-02-09 20:00:00,76,21,0,196,0,6.3,5.5,9.8,1,0,0,0,0,0,0,0,1,0
2024-02-26 23:00:00,76,0,0,65,0,11.1,5.5,0.0,0,1,0,0,0,0,0,0,1,0
2024-02-11 00:00:00,76,1,0,441,0,8.2,5.5,0.0,0,0,0,1,0,0,0,0,1,0
2024-02-05 00:00:00,75,1,0,91,0,7.4,7.4,1.0,0,1,0,0,0,0,0,0,1,0
2024-02-05 23:00:00,73,0,0,62,0,7.4,7.4,1.0,0,1,0,0,0,0,0,0,1,0
2024-02-17 23:00:00,73,0,0,288,0,13.3,5.5,3.3,0,0,1,0,0,0,0,0,1,0
2024-02-07 19:00:00,73,20,0,368,0,4.2,0.6,0.0,0,0,0,0,0,0,1,0,1,0
2024-02-02 22:00:00,72,23,0,233,0,9.3,5.5,0.0,1,0,0,0,0,0,0,0,1,0
2024-02-07 20:00:00,72,21,0,249,0,4.2,0.6,0.0,0,0,0,0,0,0,1,0,1,0
2024-02-23 20:00:00,71,21,0,219,0,7.3,0.4,0.0,1,0,0,0,0,0,0,0,1,0
2024-02-18 01:00:00,71,2,0,339,0,11.3,6.0,2.1,0,0,0,1,0,0,0,0,1,0
2024-02-11 02:00:00,71,3,0,284,0,8.2,5.5,0.0,0,0,0,1,0,0,0,0,1,0
2024-02-07 18:00:00,92,19,0,412,0,4.2,0.6,0.0,0,0,0,0,0,0,1,0,1,0
2024-02-11 03:00:00,91,4,0,393,0,8.2,5.5,0.0,0,0,0,1,0,0,0,0,1,0
2024-02-25 02:00:00,52,3,0,389,0,8.3,5.5,0.0,0,0,0,1,0,0,0,0,1,0
2024-02-04 00:00:00,90,1,0,372,0,10.7,5.5,1.0,0,0,0,1,0,0,0,0,1,0
2024-02-07 00:00:00,52,1,0,91,0,4.2,0.6,0.0,0,0,0,0,0,0,1,0,1,0
2024-02-27 23:00:00,90,0,0,41,0,10.2,1.3,0.3,0,0,0,0,0,1,0,0,1,0
2024-02-16 08:00:00,131,9,0,448,0,9.8,5.5,0.4,1,0,0,0,0,0,0,0,1,0
2024-02-01 22:00:00,131,23,0,116,0,13.8,5.3,0.0,0,0,0,0,1,0,0,0,1,0
2024-02-05 21:00:00,130,22,0,132,0,7.4,7.4,1.0,0,1,0,0,0,0,0,0,1,0
2024-02-21 19:00:00,130,20,0,399,0,8.0,1.9,1.5,0,0,0,0,0,0,1,0,1,0
2024-02-06 21:00:00,128,22,0,184,0,5.9,5.5,0.0,0,0,0,0,0,1,0,0,1,0
2024-02-14 19:00:00,122,20,0,369,0,8.3,5.5,6.2,0,0,0,0,0,0,1,0,1,0
2024-02-13 21:00:00,121,22,0,123,0,7.1,3.1,0.2,0,0,0,0,0,1,0,0,1,0
2024-02-13 22:00:00,118,23,0,131,0,7.1,3.1,0.2,0,0,0,0,0,1,0,0,1,0
2024-02-23 06:00:00,89,7,0,87,0,7.3,0.4,0.0,1,0,0,0,0,0,0,0,1,0
2024-02-10 01:00:00,89,2,0,211,0,6.7,3.7,0.4,0,0,1,0,0,0,0,0,1,0
2024-02-12 06:00:00,88,7,0,72,0,8.4,3.3,1.2,0,1,0,0,0,0,0,0,1,0
2024-02-22 22:00:00,87,23,0,112,0,6.9,3.6,0.0,0,0,0,0,1,0,0,0,1,0
2024-02-13 06:00:00,87,7,0,92,0,7.1,3.1,0.2,0,0,0,0,0,1,0,0,1,0
2024-02-24 01:00:00,86,2,0,340,0,7.4,5.5,0.0,0,0,1,0,0,0,0,0,1,0
2024-02-24 02:00:00,85,3,0,398,0,7.4,5.5,0.0,0,0,1,0,0,0,0,0,1,0
2024-02-02 20:00:00,84,21,0,257,0,9.3,5.5,0.0,1,0,0,0,0,0,0,0,1,0
2024-02-16 06:00:00,84,7,0,59,0,9.8,5.5,0.4,1,0,0,0,0,0,0,0,1,0
2024-02-24 20:00:00,84,21,0,162,0,7.4,5.5,0.0,0,0,1,0,0,0,0,0,1,0
2024-02-25 00:00:00,84,1,0,385,0,8.3,5.5,0.0,0,0,0,1,0,0,0,0,1,0
2024-02-21 06:00:00,84,7,0,83,0,8.0,1.9,1.5,0,0,0,0,0,0,1,0,1,0
2024-02-05 06:00:00,83,7,0,64,0,7.4,7.4,1.0,0,1,0,0,0,0,0,0,1,0
2024-02-09 21:00:00,82,22,0,184,0,6.3,5.5,9.8,1,0,0,0,0,0,0,0,1,0
2024-02-03 23:00:00,82,0,0,335,0,10.1,5.5,0.0,0,0,1,0,0,0,0,0,1,0
2024-02-24 21:00:00,51,22,0,126,0,7.4,5.5,0.0,0,0,1,0,0,0,0,0,1,0
2024-02-25 19:00:00,51,20,0,134,0,8.3,5.5,0.0,0,0,0,1,0,0,0,0,1,0
2024-02-15 23:00:00,51,0,0,136,0,13.2,5.5,3.4,0,0,0,0,1,0,0,0,1,0
2024-02-08 22:00:00,51,23,0,132,0,4.2,-2.8,3.1,0,0,0,0,1,0,0,0,1,0
2024-02-05 01:00:00,50,2,0,69,0,7.4,7.4,1.0,0,1,0,0,0,0,0,0,1,0
2024-02-27 20:00:00,50,21,0,187,0,10.2,1.3,0.3,0,0,0,0,0,1,0,0,1,0
2024-02-27 00:00:00,50,1,0,29,0,10.2,1.3,0.3,0,0,0,0,0,1,0,0,1,0
2024-02-07 05:00:00,50,6,0,34,0,4.2,0.6,0.0,0,0,0,0,0,0,1,0,1,0
2024-02-07 21:00:00,49,22,0,163,0,4.2,0.6,0.0,0,0,0,0,0,0,1,0,1,0
2024-02-14 22:00:00,49,23,0,120,0,8.3,5.5,6.2,0,0,0,0,0,0,1,0,1,0
2024-02-13 05:00:00,48,6,0,31,0,7.1,3.1,0.2,0,0,0,0,0,1,0,0,1,0
2024-02-21 01:00:00,48,2,0,58,0,8.0,1.9,1.5,0,0,0,0,0,0,1,0,1,0
2024-02-28 10:00:00,173,11,0,777,0,9.1,3.4,1.4,0,0,0,0,0,0,1,0,1,0
2024-02-15 21:00:00,169,22,0,141,0,13.2,5.5,3.4,0,0,0,0,1,0,0,0,1,0
2024-02-01 20:00:00,167,21,0,251,0,13.8,5.3,0.0,0,0,0,0,1,0,0,0,1,0
2024-02-05 20:00:00,163,21,0,160,0,7.4,7.4,1.0,0,1,0,0,0,0,0,0,1,0
2024-02-04 18:00:00,163,19,0,310,0,10.7,5.5,1.0,0,0,0,1,0,0,0,0,1,0
2024-02-01 21:00:00,159,22,0,154,0,13.8,5.3,0.0,0,0,0,0,1,0,0,0,1,0
2024-02-02 07:00:00,157,8,0,272,0,9.3,5.5,0.0,1,0,0,0,0,0,0,0,1,0
2024-02-21 13:00:00,157,14,0,812,0,8.0,1.9,1.5,0,0,0,0,0,0,1,0,1,0
2024-02-25 20:00:00,154,21,0,166,0,8.3,5.5,0.0,0,0,0,1,0,0,0,0,1,0
2024-02-10 20:00:00,153,21,0,235,0,6.7,3.7,0.4,0,0,1,0,0,0,0,0,1,0
2024-02-17 00:00:00,151,1,0,138,0,13.3,5.5,3.3,0,0,1,0,0,0,0,0,1,0
2024-02-11 21:00:00,147,22,0,130,0,8.2,5.5,0.0,0,0,0,1,0,0,0,0,1,0
2024-02-17 22:00:00,143,23,0,156,0,13.3,5.5,3.3,0,0,1,0,0,0,0,0,1,0
2024-02-09 23:00:00,142,0,0,353,0,6.3,5.5,9.8,1,0,0,0,0,0,0,0,1,0
2024-02-17 17:00:00,141,18,0,552,0,13.3,5.5,3.3,0,0,1,0,0,0,0,0,1,0
2024-02-04 20:00:00,141,21,0,215,0,10.7,5.5,1.0,0,0,0,1,0,0,0,0,1,0
2024-02-02 02:00:00,19,3,0,174,0,9.3,5.5,0.0,1,0,0,0,0,0,0,0,1,0
2024-02-09 02:00:00,19,3,0,99,0,6.3,5.5,9.8,1,0,0,0,0,0,0,0,1,0
2024-02-20 00:00:00,19,1,0,49,0,12.6,5.4,5.2,0,0,0,0,0,1,0,0,1,0
2024-02-13 04:00:00,19,5,0,12,0,7.1,3.1,0.2,0,0,0,0,0,1,0,0,1,0
2024-02-23 04:00:00,18,5,0,10,0,7.3,0.4,0.0,1,0,0,0,0,0,0,0,1,0
2024-02-19 02:00:00,18,3,0,107,0,12.5,5.2,0.0,0,1,0,0,0,0,0,0,1,0
2024-02-15 00:00:00,18,1,0,66,0,13.2,5.5,3.4,0,0,0,0,1,0,0,0,1,0
2024-02-07 04:00:00,18,5,0,12,0,4.2,0.6,0.0,0,0,0,0,0,0,1,0,1,0
2024-02-25 04:00:00,17,5,0,25,0,8.3,5.5,0.0,0,0,0,1,0,0,0,0,1,0
2024-02-22 02:00:00,17,3,0,184,0,6.9,3.6,0.0,0,0,0,0,1,0,0,0,1,0
2024-02-08 00:00:00,17,1,0,120,0,4.2,-2.8,3.1,0,0,0,0,1,0,0,0,1,0
2024-02-22 00:00:00,17,1,0,89,0,6.9,3.6,0.0,0,0,0,0,1,0,0,0,1,0
2024-02-27 04:00:00,17,5,0,12,0,10.2,1.3,0.3,0,0,0,0,0,1,0,0,1,0
2024-02-06 02:00:00,17,3,0,11,0,5.9,5.5,0.0,0,0,0,0,0,1,0,0,1,0
2024-02-07 03:00:00,17,4,0,23,0,4.2,0.6,0.0,0,0,0,0,0,0,1,0,1,0
2024-02-28 01:00:00,17,2,0,9,0,9.1,3.4,1.4,0,0,0,0,0,0,1,0,1,0
2024-02-25 21:00:00,40,22,0,146,0,8.3,5.5,0.0,0,0,0,1,0,0,0,0,1,0
2024-02-17 05:00:00,31,6,0,18,0,13.3,5.5,3.3,0,0,1,0,0,0,0,0,1,0
2024-02-22 05:00:00,40,6,0,54,0,6.9,3.6,0.0,0,0,0,0,1,0,0,0,1,0
2024-02-12 03:00:00,16,4,0,6,0,8.4,3.3,1.2,0,1,0,0,0,0,0,0,1,0
2024-02-29 05:00:00,25,6,0,45,0,7.2,3.5,0.1,0,0,0,0,1,0,0,0,1,0
2024-02-14 21:00:00,31,22,0,255,0,8.3,5.5,6.2,0,0,0,0,0,0,1,0,1,0
2024-02-11 04:00:00,13,5,0,32,0,8.2,5.5,0.0,0,0,0,1,0,0,0,0,1,0
2024-02-27 01:00:00,25,2,0,24,0,10.2,1.3,0.3,0,0,0,0,0,1,0,0,1,0
2024-02-16 04:00:00,30,5,0,17,0,9.8,5.5,0.4,1,0,0,0,0,0,0,0,1,0
2024-02-01 02:00:00,13,3,0,62,0,13.8,5.3,0.0,0,0,0,0,1,0,0,0,1,0
2024-02-06 04:00:00,25,5,0,11,0,5.9,5.5,0.0,0,0,0,0,0,1,0,0,1,0
2024-02-14 23:00:00,25,0,0,86,0,8.3,5.5,6.2,0,0,0,0,0,0,1,0,1,0
2024-02-03 03:00:00,30,4,0,483,0,10.1,5.5,0.0,0,0,1,0,0,0,0,0,1,0
2024-02-20 04:00:00,13,5,0,12,0,12.6,5.4,5.2,0,0,0,0,0,1,0,0,1,0
2024-02-19 03:00:00,24,4,0,7,0,12.5,5.2,0.0,0,1,0,0,0,0,0,0,1,0
2024-02-21 23:00:00,16,0,0,129,0,8.0,1.9,1.5,0,0,0,0,0,0,1,0,1,0
2024-02-22 01:00:00,29,2,0,66,0,6.9,3.6,0.0,0,0,0,0,1,0,0,0,1,0
2024-02-11 07:00:00,39,8,0,153,0,8.2,5.5,0.0,0,0,0,1,0,0,0,0,1,0
2024-02-01 23:00:00,24,0,0,103,0,13.8,5.3,0.0,0,0,0,0,1,0,0,0,1,0
2024-02-21 22:00:00,39,23,0,127,0,8.0,1.9,1.5,0,0,0,0,0,0,1,0,1,0
2024-02-09 05:00:00,12,6,0,26,0,6.3,5.5,9.8,1,0,0,0,0,0,0,0,1,0
2024-02-15 01:00:00,24,2,0,53,0,13.2,5.5,3.4,0,0,0,0,1,0,0,0,1,0
2024-02-07 23:00:00,29,0,0,107,0,4.2,0.6,0.0,0,0,0,0,0,0,1,0,1,0
2024-02-24 04:00:00,10,5,0,7,0,7.4,5.5,0.0,0,0,1,0,0,0,0,0,1,0
2024-02-14 01:00:00,29,2,0,19,0,8.3,5.5,6.2,0,0,0,0,0,0,1,0,1,0
2024-02-23 03:00:00,12,4,0,20,0,7.3,0.4,0.0,1,0,0,0,0,0,0,0,1,0
2024-02-07 02:00:00,24,3,0,24,0,4.2,0.6,0.0,0,0,0,0,0,0,1,0,1,0
2024-02-02 05:00:00,15,6,0,37,0,9.3,5.5,0.0,1,0,0,0,0,0,0,0,1,0
2024-02-21 04:00:00,29,5,0,5,0,8.0,1.9,1.5,0,0,0,0,0,0,1,0,1,0
2024-02-18 23:00:00,38,0,0,135,0,11.3,6.0,2.1,0,0,0,1,0,0,0,0,1,0
2024-02-05 02:00:00,37,3,0,122,0,7.4,7.4,1.0,0,1,0,0,0,0,0,0,1,0
2024-02-28 06:00:00,37,7,0,79,0,9.1,3.4,1.4,0,0,0,0,0,0,1,0,1,0
2024-02-29 00:00:00,36,1,0,73,0,7.2,3.5,0.1,0,0,0,0,1,0,0,0,1,0
2024-02-14 05:00:00,36,6,0,22,0,8.3,5.5,6.2,0,0,0,0,0,0,1,0,1,0
2024-02-02 01:00:00,35,2,0,97,0,9.3,5.5,0.0,1,0,0,0,0,0,0,0,1,0
2024-02-09 00:00:00,35,1,0,93,0,6.3,5.5,9.8,1,0,0,0,0,0,0,0,1,0
2024-02-26 04:00:00,35,5,0,14,0,11.1,5.5,0.0,0,1,0,0,0,0,0,0,1,0
2024-02-16 00:00:00,34,1,0,162,0,9.8,5.5,0.4,1,0,0,0,0,0,0,0,1,0
2024-02-10 07:00:00,34,8,0,65,0,6.7,3.7,0.4,0,0,1,0,0,0,0,0,1,0
2024-02-09 06:00:00,23,7,0,48,0,6.3,5.5,9.8,1,0,0,0,0,0,0,0,1,0
2024-02-08 05:00:00,10,6,0,36,0,4.2,-2.8,3.1,0,0,0,0,1,0,0,0,1,0
2024-02-16 01:00:00,28,2,0,82,0,9.8,5.5,0.4,1,0,0,0,0,0,0,0,1,0
2024-02-15 02:00:00,15,3,0,57,0,13.2,5.5,3.4,0,0,0,0,1,0,0,0,1,0
2024-02-24 06:00:00,23,7,0,48,0,7.4,5.5,0.0,0,0,1,0,0,0,0,0,1,0
2024-02-15 05:00:00,15,6,0,31,0,13.2,5.5,3.4,0,0,0,0,1,0,0,0,1,0
2024-02-06 01:00:00,28,2,0,34,0,5.9,5.5,0.0,0,0,0,0,0,1,0,0,1,0
2024-02-23 00:00:00,27,1,0,94,0,7.3,0.4,0.0,1,0,0,0,0,0,0,0,1,0
2024-02-11 06:00:00,27,7,0,38,0,8.2,5.5,0.0,0,0,0,1,0,0,0,0,1,0
2024-02-29 23:00:00,27,0,0,113,0,7.2,3.5,0.1,0,0,0,0,1,0,0,0,1,0
2024-02-09 01:00:00,26,2,0,47,0,6.3,5.5,9.8,1,0,0,0,0,0,0,0,1,0
2024-02-05 04:00:00,26,5,0,15,0,7.4,7.4,1.0,0,1,0,0,0,0,0,0,1,0
2024-02-10 06:00:00,26,7,0,32,0,6.7,3.7,0.4,0,0,1,0,0,0,0,0,1,0
2024-02-08 06:00:00,26,7,0,69,0,4.2,-2.8,3.1,0,0,0,0,1,0,0,0,1,0
2024-02-28 00:00:00,26,1,0,57,0,9.1,3.4,1.4,0,0,0,0,0,0,1,0,1,0
2024-02-29 01:00:00,23,2,0,37,0,7.2,3.5,0.1,0,0,0,0,1,0,0,0,1,0
2024-02-13 01:00:00,23,2,0,36,0,7.1,3.1,0.2,0,0,0,0,0,1,0,0,1,0
2024-02-29 03:00:00,15,4,0,8,0,7.2,3.5,0.1,0,0,0,0,1,0,0,0,1,0
2024-02-14 03:00:00,23,4,0,21,0,8.3,5.5,6.2,0,0,0,0,0,0,1,0,1,0
2024-02-23 01:00:00,22,2,0,48,0,7.3,0.4,0.0,1,0,0,0,0,0,0,0,1,0
2024-02-13 03:00:00,15,4,0,9,0,7.1,3.1,0.2,0,0,0,0,0,1,0,0,1,0
2024-02-12 04:00:00,22,5,0,7,0,8.4,3.3,1.2,0,1,0,0,0,0,0,0,1,0
2024-02-04 04:00:00,22,5,0,37,0,10.7,5.5,1.0,0,0,0,1,0,0,0,0,1,0
2024-02-14 04:00:00,15,5,0,7,0,8.3,5.5,6.2,0,0,0,0,0,0,1,0,1,0
2024-02-29 02:00:00,22,3,0,54,0,7.2,3.5,0.1,0,0,0,0,1,0,0,0,1,0
2024-02-27 02:00:00,22,3,0,19,0,10.2,1.3,0.3,0,0,0,0,0,1,0,0,1,0
2024-02-28 05:00:00,10,6,0,34,0,9.1,3.4,1.4,0,0,0,0,0,0,1,0,1,0
2024-02-13 02:00:00,22,3,0,6,0,7.1,3.1,0.2,0,0,0,0,0,1,0,0,1,0
2024-02-14 02:00:00,22,3,0,19,0,8.3,5.5,6.2,0,0,0,0,0,0,1,0,1,0
2024-02-03 06:00:00,14,7,0,27,0,10.1,5.5,0.0,0,0,1,0,0,0,0,0,1,0
2024-02-19 01:00:00,21,2,0,82,0,12.5,5.2,0.0,0,1,0,0,0,0,0,0,1,0
2024-02-24 05:00:00,14,6,0,11,0,7.4,5.5,0.0,0,0,1,0,0,0,0,0,1,0
2024-02-25 23:00:00,21,0,0,124,0,8.3,5.5,0.0,0,0,0,1,0,0,0,0,1,0
2024-02-27 03:00:00,14,4,0,5,0,10.2,1.3,0.3,0,0,0,0,0,1,0,0,1,0
2024-02-02 00:00:00,20,1,0,102,0,9.3,5.5,0.0,1,0,0,0,0,0,0,0,1,0
2024-02-02 03:00:00,11,4,0,28,0,9.3,5.5,0.0,1,0,0,0,0,0,0,0,1,0
2024-02-09 03:00:00,11,4,0,4,0,6.3,5.5,9.8,1,0,0,0,0,0,0,0,1,0
2024-02-26 03:00:00,11,4,0,15,0,11.1,5.5,0.0,0,1,0,0,0,0,0,0,1,0
2024-02-03 04:00:00,11,5,0,39,0,10.1,5.5,0.0,0,0,1,0,0,0,0,0,1,0
2024-02-03 05:00:00,11,6,0,21,0,10.1,5.5,0.0,0,0,1,0,0,0,0,0,1,0
2024-02-01 00:00:00,11,1,0,101,0,13.8,5.3,0.0,0,0,0,0,1,0,0,0,1,0
2024-02-01 01:00:00,11,2,0,48,0,13.8,5.3,0.0,0,0,0,0,1,0,0,0,1,0
2024-02-10 04:00:00,9,5,0,17,0,6.7,3.7,0.4,0,0,1,0,0,0,0,0,1,0
2024-02-01 05:00:00,11,6,0,37,0,13.8,5.3,0.0,0,0,0,0,1,0,0,0,1,0
2024-02-10 05:00:00,9,6,0,10,0,6.7,3.7,0.4,0,0,1,0,0,0,0,0,1,0
2024-02-25 05:00:00,9,6,0,24,0,8.3,5.5,0.0,0,0,0,1,0,0,0,0,1,0
2024-02-20 02:00:00,11,3,0,26,0,12.6,5.4,5.2,0,0,0,0,0,1,0,0,1,0
2024-02-20 01:00:00,9,2,0,19,0,12.6,5.4,5.2,0,0,0,0,0,1,0,0,1,0
2024-02-06 03:00:00,9,4,0,8,0,5.9,5.5,0.0,0,0,0,0,0,1,0,0,1,0
2024-02-03 02:00:00,47,3,0,269,0,10.1,5.5,0.0,0,0,1,0,0,0,0,0,1,0
2024-02-01 06:00:00,47,7,0,75,0,13.8,5.3,0.0,0,0,0,0,1,0,0,0,1,0
2024-02-02 21:00:00,46,22,0,174,0,9.3,5.5,0.0,1,0,0,0,0,0,0,0,1,0
2024-02-14 20:00:00,46,21,0,270,0,8.3,5.5,6.2,0,0,0,0,0,0,1,0,1,0
2024-02-25 22:00:00,45,23,0,93,0,8.3,5.5,0.0,0,0,0,1,0,0,0,0,1,0
2024-02-27 22:00:00,45,23,0,92,0,10.2,1.3,0.3,0,0,0,0,0,1,0,0,1,0
2024-02-07 01:00:00,45,2,0,37,0,4.2,0.6,0.0,0,0,0,0,0,0,1,0,1,0
2024-02-23 05:00:00,44,6,0,53,0,7.3,0.4,0.0,1,0,0,0,0,0,0,0,1,0
2024-02-19 00:00:00,44,1,0,155,0,12.5,5.2,0.0,0,1,0,0,0,0,0,0,1,0
2024-02-05 05:00:00,44,6,0,29,0,7.4,7.4,1.0,0,1,0,0,0,0,0,0,1,0
2024-02-08 23:00:00,44,0,0,140,0,4.2,-2.8,3.1,0,0,0,0,1,0,0,0,1,0
2024-02-28 23:00:00,44,0,0,91,0,9.1,3.4,1.4,0,0,0,0,0,0,1,0,1,0
2024-02-26 05:00:00,43,6,0,48,0,11.1,5.5,0.0,0,1,0,0,0,0,0,0,1,0
2024-02-18 22:00:00,43,23,0,92,0,11.3,6.0,2.1,0,0,0,1,0,0,0,0,1,0
2024-02-29 06:00:00,43,7,0,127,0,7.2,3.5,0.1,0,0,0,0,1,0,0,0,1,0
2024-02-13 00:00:00,43,1,0,31,0,7.1,3.1,0.2,0,0,0,0,0,1,0,0,1,0
2024-02-21 02:00:00,43,3,0,52,0,8.0,1.9,1.5,0,0,0,0,0,0,1,0,1,0
2024-02-23 02:00:00,42,3,0,135,0,7.3,0.4,0.0,1,0,0,0,0,0,0,0,1,0
2024-02-12 01:00:00,42,2,0,87,0,8.4,3.3,1.2,0,1,0,0,0,0,0,0,1,0
2024-02-18 03:00:00,42,4,0,248,0,11.3,6.0,2.1,0,0,0,1,0,0,0,0,1,0
2024-02-08 02:00:00,42,3,0,225,0,4.2,-2.8,3.1,0,0,0,0,1,0,0,0,1,0
2024-02-27 05:00:00,42,6,0,31,0,10.2,1.3,0.3,0,0,0,0,0,1,0,0,1,0
2024-02-12 05:00:00,41,6,0,16,0,8.4,3.3,1.2,0,1,0,0,0,0,0,0,1,0
2024-02-18 21:00:00,41,22,0,73,0,11.3,6.0,2.1,0,0,0,1,0,0,0,0,1,0
2024-02-05 03:00:00,40,4,0,44,0,7.4,7.4,1.0,0,1,0,0,0,0,0,0,1,0
2024-02-02 04:00:00,6,5,0,11,0,9.3,5.5,0.0,1,0,0,0,0,0,0,0,1,0
2024-02-04 06:00:00,6,7,0,19,0,10.7,5.5,1.0,0,0,0,1,0,0,0,0,1,0
2024-02-28 04:00:00,4,5,0,6,0,9.1,3.4,1.4,0,0,0,0,0,0,1,0,1,0
2024-02-15 04:00:00,6,5,0,10,0,13.2,5.5,3.4,0,0,0,0,1,0,0,0,1,0
2024-02-28 02:00:00,6,3,0,13,0,9.1,3.4,1.4,0,0,0,0,0,0,1,0,1,0
2024-02-04 05:00:00,2,6,0,13,0,10.7,5.5,1.0,0,0,0,1,0,0,0,0,1,0
2024-02-01 03:00:00,3,4,0,9,0,13.8,5.3,0.0,0,0,0,0,1,0,0,0,1,0
2024-02-22 03:00:00,5,4,0,74,0,6.9,3.6,0.0,0,0,0,0,1,0,0,0,1,0
2024-02-15 03:00:00,5,4,0,12,0,13.2,5.5,3.4,0,0,0,0,1,0,0,0,1,0
2024-02-09 04:00:00,4,5,0,8,0,6.3,5.5,9.8,1,0,0,0,0,0,0,0,1,0
2024-02-29 04:00:00,4,5,0,10,0,7.2,3.5,0.1,0,0,0,0,1,0,0,0,1,0
2024-02-11 05:00:00,8,6,0,38,0,8.2,5.5,0.0,0,0,0,1,0,0,0,0,1,0
2024-02-18 06:00:00,8,7,0,29,0,11.3,6.0,2.1,0,0,0,1,0,0,0,0,1,0
2024-02-08 03:00:00,8,4,0,56,0,4.2,-2.8,3.1,0,0,0,0,1,0,0,0,1,0
2024-02-08 04:00:00,8,5,0,16,0,4.2,-2.8,3.1,0,0,0,0,1,0,0,0,1,0
2024-02-19 05:00:00,7,6,0,17,0,12.5,5.2,0.0,0,1,0,0,0,0,0,0,1,0
2024-02-19 04:00:00,7,5,0,4,0,12.5,5.2,0.0,0,1,0,0,0,0,0,0,1,0
2024-02-25 06:00:00,7,7,0,25,0,8.3,5.5,0.0,0,0,0,1,0,0,0,0,1,0
2024-02-18 04:00:00,7,5,0,15,0,11.3,6.0,2.1,0,0,0,1,0,0,0,0,1,0
2024-02-01 04:00:00,7,5,0,5,0,13.8,5.3,0.0,0,0,0,0,1,0,0,0,1,0
2024-02-28 03:00:00,7,4,0,12,0,9.1,3.4,1.4,0,0,0,0,0,0,1,0,1,0
2024-01-01 04:00:00,138,5,1,165,1,7.4,5.5,9.6,0,1,0,0,0,0,0,0,1,0
2024-01-01 16:00:00,109,17,1,151,1,7.4,5.5,9.6,0,1,0,0,0,0,0,0,1,0
2024-01-01 20:00:00,66,21,1,66,1,7.4,5.5,9.6,0,1,0,0,0,0,0,0,1,0
2024-01-01 08:00:00,40,9,1,48,1,7.4,5.5,9.6,0,1,0,0,0,0,0,0,1,0
2024-01-01 15:00:00,136,16,0,283,1,7.4,5.5,9.6,0,1,0,0,0,0,0,0,1,0
2024-01-01 02:00:00,106,3,0,574,1,7.4,5.5,9.6,0,1,0,0,0,0,0,0,1,0
2024-01-01 03:00:00,100,4,0,305,1,7.4,5.5,9.6,0,1,0,0,0,0,0,0,1,0
2024-01-01 18:00:00,83,19,0,105,1,7.4,5.5,9.6,0,1,0,0,0,0,0,0,1,0
2024-01-01 01:00:00,78,2,0,538,1,7.4,5.5,9.6,0,1,0,0,0,0,0,0,1,0
2024-01-01 19:00:00,72,20,0,70,1,7.4,5.5,9.6,0,1,0,0,0,0,0,0,1,0
2024-01-01 14:00:00,116,15,4,162,1,7.4,5.5,9.6,0,1,0,0,0,0,0,0,1,0
2024-01-01 11:00:00,74,12,4,150,1,7.4,5.5,9.6,0,1,0,0,0,0,0,0,1,0
2024-01-01 13:00:00,99,14,3,181,1,7.4,5.5,9.6,0,1,0,0,0,0,0,0,1,0
2024-01-01 12:00:00,89,13,2,138,1,7.4,5.5,9.6,0,1,0,0,0,0,0,0,1,0
2024-01-01 10:00:00,57,11,2,71,1,7.4,5.5,9.6,0,1,0,0,0,0,0,0,1,0
2024-01-01 23:00:00,71,0,0,81,1,7.4,5.5,9.6,0,1,0,0,0,0,0,0,1,0
2024-01-02 14:00:00,317,15,4,1502,1,7.3,5.5,6.4,0,0,0,0,0,1,0,0,1,0
2024-01-01 00:00:00,70,1,0,621,1,7.4,5.5,9.6,0,1,0,0,0,0,0,0,1,0
2024-01-02 04:00:00,15,5,0,17,1,7.3,5.5,6.4,0,0,0,0,0,1,0,0,1,0
2024-01-02 15:00:00,280,16,0,1134,1,7.3,5.5,6.4,0,0,0,0,0,1,0,0,1,0
2024-01-02 18:00:00,198,19,0,300,1,7.3,5.5,6.4,0,0,0,0,0,1,0,0,1,0
2024-01-02 03:00:00,13,4,0,25,1,7.3,5.5,6.4,0,0,0,0,0,1,0,0,1,0
2024-01-02 10:00:00,194,11,0,656,1,7.3,5.5,6.4,0,0,0,0,0,1,0,0,1,0
2024-01-01 21:00:00,50,22,0,29,1,7.4,5.5,9.6,0,1,0,0,0,0,0,0,1,0
2024-01-02 17:00:00,161,18,0,247,1,7.3,5.5,6.4,0,0,0,0,0,1,0,0,1,0
2024-01-02 05:00:00,11,6,0,9,1,7.3,5.5,6.4,0,0,0,0,0,1,0,0,1,0
2024-01-01 05:00:00,42,6,0,39,1,7.4,5.5,9.6,0,1,0,0,0,0,0,0,1,0
2024-01-01 22:00:00,42,23,0,28,1,7.4,5.5,9.6,0,1,0,0,0,0,0,0,1,0
2024-01-02 09:00:00,142,10,0,290,1,7.3,5.5,6.4,0,0,0,0,0,1,0,0,1,0
2024-01-01 17:00:00,37,18,0,125,1,7.4,5.5,9.6,0,1,0,0,0,0,0,0,1,0
2024-01-01 09:00:00,36,10,0,80,1,7.4,5.5,9.6,0,1,0,0,0,0,0,0,1,0
2024-01-02 06:00:00,5,7,0,24,1,7.3,5.5,6.4,0,0,0,0,0,1,0,0,1,0
2024-01-02 08:00:00,102,9,0,88,1,7.3,5.5,6.4,0,0,0,0,0,1,0,0,1,0
2024-01-02 21:00:00,101,22,0,135,1,7.3,5.5,6.4,0,0,0,0,0,1,0,0,1,0
2024-01-02 00:00:00,97,1,0,78,1,7.3,5.5,6.4,0,0,0,0,0,1,0,0,1,0
2024-01-01 06:00:00,27,7,0,26,1,7.4,5.5,9.6,0,1,0,0,0,0,0,0,1,0
2024-01-01 07:00:00,20,8,0,35,1,7.4,5.5,9.6,0,1,0,0,0,0,0,0,1,0
2024-01-02 23:00:00,69,0,0,30,1,7.3,5.5,6.4,0,0,0,0,0,1,0,0,1,0
2024-01-02 07:00:00,53,8,0,43,1,7.3,5.5,6.4,0,0,0,0,0,1,0,0,1,0
2024-01-02 01:00:00,46,2,0,49,1,7.3,5.5,6.4,0,0,0,0,0,1,0,0,1,0
2024-01-02 12:00:00,268,13,1,1078,1,7.3,5.5,6.4,0,0,0,0,0,1,0,0,1,0
2024-01-02 11:00:00,246,12,1,1007,1,7.3,5.5,6.4,0,0,0,0,0,1,0,0,1,0
2024-01-02 16:00:00,207,17,1,340,1,7.3,5.5,6.4,0,0,0,0,0,1,0,0,1,0
2024-01-02 19:00:00,176,20,1,215,1,7.3,5.5,6.4,0,0,0,0,0,1,0,0,1,0
2024-01-02 20:00:00,146,21,1,205,1,7.3,5.5,6.4,0,0,0,0,0,1,0,0,1,0
2024-01-02 22:00:00,80,23,1,52,1,7.3,5.5,6.4,0,0,0,0,0,1,0,0,1,0
2024-01-02 02:00:00,30,3,1,54,1,7.3,5.5,6.4,0,0,0,0,0,1,0,0,1,0
2024-01-02 13:00:00,324,14,0,1588,1,7.3,5.5,6.4,0,0,0,0,0,1,0,0,1,0
2024-01-03 12:00:00,481,13,9,1568,0,7.3,5.7,9.3,0,0,0,0,0,0,1,0,1,0
2024-01-03 11:00:00,493,12,8,1345,0,7.3,5.7,9.3,0,0,0,0,0,0,1,0,1,0
2024-01-03 15:00:00,472,16,0,1148,0,7.3,5.7,9.3,0,0,0,0,0,0,1,0,1,0
2024-01-03 16:00:00,383,17,0,221,0,7.3,5.7,9.3,0,0,0,0,0,0,1,0,1,0
2024-01-03 17:00:00,307,18,0,229,0,7.3,5.7,9.3,0,0,0,0,0,0,1,0,1,0
2024-01-03 14:00:00,489,15,2,1755,0,7.3,5.7,9.3,0,0,0,0,0,0,1,0,1,0
2024-01-03 08:00:00,279,9,0,363,0,7.3,5.7,9.3,0,0,0,0,0,0,1,0,1,0
2024-01-03 13:00:00,462,14,2,1659,0,7.3,5.7,9.3,0,0,0,0,0,0,1,0,1,0
2024-01-03 18:00:00,222,19,0,245,0,7.3,5.7,9.3,0,0,0,0,0,0,1,0,1,0
2024-01-03 19:00:00,193,20,0,195,0,7.3,5.7,9.3,0,0,0,0,0,0,1,0,1,0
2024-01-03 20:00:00,136,21,0,142,0,7.3,5.7,9.3,0,0,0,0,0,0,1,0,1,0
2024-01-03 07:00:00,123,8,0,144,0,7.3,5.7,9.3,0,0,0,0,0,0,1,0,1,0
2024-01-03 23:00:00,110,0,0,88,0,7.3,5.7,9.3,0,0,0,0,0,0,1,0,1,0
2024-01-03 22:00:00,101,23,0,111,0,7.3,5.7,9.3,0,0,0,0,0,0,1,0,1,0
2024-01-03 21:00:00,94,22,0,121,0,7.3,5.7,9.3,0,0,0,0,0,0,1,0,1,0
2024-01-03 06:00:00,72,7,0,69,0,7.3,5.7,9.3,0,0,0,0,0,0,1,0,1,0
2024-01-03 00:00:00,60,1,0,58,0,7.3,5.7,9.3,0,0,0,0,0,0,1,0,1,0
2024-01-03 01:00:00,50,2,0,53,0,7.3,5.7,9.3,0,0,0,0,0,0,1,0,1,0
2024-01-03 02:00:00,47,3,0,31,0,7.3,5.7,9.3,0,0,0,0,0,0,1,0,1,0
2024-01-03 05:00:00,35,6,0,25,0,7.3,5.7,9.3,0,0,0,0,0,0,1,0,1,0
2024-01-03 04:00:00,28,5,0,10,0,7.3,5.7,9.3,0,0,0,0,0,0,1,0,1,0
2024-01-03 03:00:00,17,4,0,3,0,7.3,5.7,9.3,0,0,0,0,0,0,1,0,1,0
2024-01-03 10:00:00,391,11,1,1135,0,7.3,5.7,9.3,0,0,0,0,0,0,1,0,1,0
2024-01-03 09:00:00,270,10,1,760,0,7.3,5.7,9.3,0,0,0,0,0,0,1,0,1,0
2024-01-04 10:00:00,331,11,3,765,0,6.4,6.0,9.3,0,0,0,0,1,0,0,0,1,0
2024-01-04 09:00:00,306,10,3,491,0,6.4,6.0,9.3,0,0,0,0,1,0,0,0,1,0
2024-01-04 14:00:00,441,15,2,801,0,6.4,6.0,9.3,0,0,0,0,1,0,0,0,1,0
2024-01-04 13:00:00,412,14,2,1106,0,6.4,6.0,9.3,0,0,0,0,1,0,0,0,1,0
2024-01-04 08:00:00,256,9,2,285,0,6.4,6.0,9.3,0,0,0,0,1,0,0,0,1,0
2024-01-04 23:00:00,100,0,0,69,0,6.4,6.0,9.3,0,0,0,0,1,0,0,0,1,0
2024-01-04 21:00:00,86,22,0,74,0,6.4,6.0,9.3,0,0,0,0,1,0,0,0,1,0
2024-01-04 12:00:00,377,13,4,962,0,6.4,6.0,9.3,0,0,0,0,1,0,0,0,1,0
2024-01-04 00:00:00,81,1,0,29,0,6.4,6.0,9.3,0,0,0,0,1,0,0,0,1,0
2024-01-04 06:00:00,80,7,0,68,0,6.4,6.0,9.3,0,0,0,0,1,0,0,0,1,0
2024-01-04 22:00:00,114,23,4,116,0,6.4,6.0,9.3,0,0,0,0,1,0,0,0,1,0
2024-01-04 01:00:00,71,2,0,6,0,6.4,6.0,9.3,0,0,0,0,1,0,0,0,1,0
2024-01-04 15:00:00,430,16,1,850,0,6.4,6.0,9.3,0,0,0,0,1,0,0,0,1,0
2024-01-04 11:00:00,398,12,1,921,0,6.4,6.0,9.3,0,0,0,0,1,0,0,0,1,0
2024-01-04 16:00:00,225,17,1,442,0,6.4,6.0,9.3,0,0,0,0,1,0,0,0,1,0
2024-01-04 20:00:00,45,21,0,59,0,6.4,6.0,9.3,0,0,0,0,1,0,0,0,1,0
2024-01-04 07:00:00,159,8,1,133,0,6.4,6.0,9.3,0,0,0,0,1,0,0,0,1,0
2024-01-04 17:00:00,146,18,1,294,0,6.4,6.0,9.3,0,0,0,0,1,0,0,0,1,0
2024-01-04 19:00:00,80,20,1,77,0,6.4,6.0,9.3,0,0,0,0,1,0,0,0,1,0
2024-01-04 18:00:00,70,19,1,148,0,6.4,6.0,9.3,0,0,0,0,1,0,0,0,1,0
2024-01-04 02:00:00,40,3,0,5,0,6.4,6.0,9.3,0,0,0,0,1,0,0,0,1,0
2024-01-04 05:00:00,38,6,0,40,0,6.4,6.0,9.3,0,0,0,0,1,0,0,0,1,0
2024-01-04 04:00:00,25,5,0,12,0,6.4,6.0,9.3,0,0,0,0,1,0,0,0,1,0
2024-01-04 03:00:00,22,4,0,8,0,6.4,6.0,9.3,0,0,0,0,1,0,0,0,1,0
2024-01-05 03:00:00,3,4,0,11,0,5.6,6.0,0.0,1,0,0,0,0,0,0,0,1,0
2024-01-05 08:00:00,288,9,3,287,0,5.6,6.0,0.0,1,0,0,0,0,0,0,0,1,0
2024-01-06 22:00:00,121,23,0,152,0,2.5,0.2,0.0,0,0,1,0,0,0,0,0,1,0
2024-01-06 08:00:00,107,9,0,444,0,2.5,0.2,0.0,0,0,1,0,0,0,0,0,1,0
2024-01-05 19:00:00,284,20,0,362,0,5.6,6.0,0.0,1,0,0,0,0,0,0,0,1,0
2024-01-05 20:00:00,230,21,0,214,0,5.6,6.0,0.0,1,0,0,0,0,0,0,0,1,0
2024-01-06 02:00:00,69,3,0,200,0,2.5,0.2,0.0,0,0,1,0,0,0,0,0,1,0
2024-01-05 11:00:00,469,12,8,915,0,5.6,6.0,0.0,1,0,0,0,0,0,0,0,1,0
2024-01-05 21:00:00,179,22,0,200,0,5.6,6.0,0.0,1,0,0,0,0,0,0,0,1,0
2024-01-05 22:00:00,170,23,0,188,0,5.6,6.0,0.0,1,0,0,0,0,0,0,0,1,0
2024-01-05 14:00:00,593,15,2,944,0,5.6,6.0,0.0,1,0,0,0,0,0,0,0,1,0
2024-01-05 12:00:00,493,13,2,966,0,5.6,6.0,0.0,1,0,0,0,0,0,0,0,1,0
2024-01-05 16:00:00,474,17,2,556,0,5.6,6.0,0.0,1,0,0,0,0,0,0,0,1,0
2024-01-05 23:00:00,60,0,0,178,0,5.6,6.0,0.0,1,0,0,0,0,0,0,0,1,0
2024-01-05 07:00:00,51,8,0,149,0,5.6,6.0,0.0,1,0,0,0,0,0,0,0,1,0
2024-01-05 06:00:00,23,7,0,64,0,5.6,6.0,0.0,1,0,0,0,0,0,0,0,1,0
2024-01-05 00:00:00,18,1,0,71,0,5.6,6.0,0.0,1,0,0,0,0,0,0,0,1,0
2024-01-05 02:00:00,10,3,0,15,0,5.6,6.0,0.0,1,0,0,0,0,0,0,0,1,0
2024-01-05 05:00:00,9,6,0,21,0,5.6,6.0,0.0,1,0,0,0,0,0,0,0,1,0
2024-01-05 01:00:00,8,2,0,34,0,5.6,6.0,0.0,1,0,0,0,0,0,0,0,1,0
2024-01-05 04:00:00,6,5,0,13,0,5.6,6.0,0.0,1,0,0,0,0,0,0,0,1,0
2024-01-06 23:00:00,55,0,0,224,0,2.5,0.2,0.0,0,0,1,0,0,0,0,0,1,0
2024-01-06 00:00:00,51,1,0,171,0,2.5,0.2,0.0,0,0,1,0,0,0,0,0,1,0
2024-01-06 01:00:00,47,2,0,198,0,2.5,0.2,0.0,0,0,1,0,0,0,0,0,1,0
2024-01-06 07:00:00,45,8,0,166,0,2.5,0.2,0.0,0,0,1,0,0,0,0,0,1,0
2024-01-06 03:00:00,43,4,0,220,0,2.5,0.2,0.0,0,0,1,0,0,0,0,0,1,0
2024-01-07 14:00:00,113,15,7,531,0,2.9,0.1,0.0,0,0,0,1,0,0,0,0,1,0
2024-01-06 12:00:00,570,13,7,1006,0,2.5,0.2,0.0,0,0,1,0,0,0,0,0,1,0
2024-01-05 09:00:00,285,10,5,623,0,5.6,6.0,0.0,1,0,0,0,0,0,0,0,1,0
2024-01-05 10:00:00,383,11,4,853,0,5.6,6.0,0.0,1,0,0,0,0,0,0,0,1,0
2024-01-05 15:00:00,531,16,3,1021,0,5.6,6.0,0.0,1,0,0,0,0,0,0,0,1,0
2024-01-05 13:00:00,465,14,3,1001,0,5.6,6.0,0.0,1,0,0,0,0,0,0,0,1,0
2024-01-05 17:00:00,413,18,1,540,0,5.6,6.0,0.0,1,0,0,0,0,0,0,0,1,0
2024-01-05 18:00:00,282,19,1,375,0,5.6,6.0,0.0,1,0,0,0,0,0,0,0,1,0
2024-01-06 13:00:00,332,14,6,842,0,2.5,0.2,0.0,0,0,1,0,0,0,0,0,1,0
2024-01-06 11:00:00,294,12,6,828,0,2.5,0.2,0.0,0,0,1,0,0,0,0,0,1,0
2024-01-06 10:00:00,417,11,1,549,0,2.5,0.2,0.0,0,0,1,0,0,0,0,0,1,0
2024-01-06 04:00:00,18,5,0,20,0,2.5,0.2,0.0,0,0,1,0,0,0,0,0,1,0
2024-01-06 06:00:00,13,7,0,29,0,2.5,0.2,0.0,0,0,1,0,0,0,0,0,1,0
2024-01-06 05:00:00,12,6,0,11,0,2.5,0.2,0.0,0,0,1,0,0,0,0,0,1,0
2024-01-06 15:00:00,1336,16,3,834,0,2.5,0.2,0.0,0,0,1,0,0,0,0,0,1,0
2024-01-06 16:00:00,819,17,2,531,0,2.5,0.2,0.0,0,0,1,0,0,0,0,0,1,0
2024-01-06 17:00:00,420,18,0,456,0,2.5,0.2,0.0,0,0,1,0,0,0,0,0,1,0
2024-01-06 18:00:00,369,19,0,301,0,2.5,0.2,0.0,0,0,1,0,0,0,0,0,1,0
2024-01-06 19:00:00,337,20,0,207,0,2.5,0.2,0.0,0,0,1,0,0,0,0,0,1,0
2024-01-06 14:00:00,313,15,0,648,0,2.5,0.2,0.0,0,0,1,0,0,0,0,0,1,0
2024-01-06 20:00:00,254,21,0,294,0,2.5,0.2,0.0,0,0,1,0,0,0,0,0,1,0
2024-01-06 21:00:00,182,22,0,198,0,2.5,0.2,0.0,0,0,1,0,0,0,0,0,1,0
2024-01-06 09:00:00,268,10,2,413,0,2.5,0.2,0.0,0,0,1,0,0,0,0,0,1,0
2024-01-07 09:00:00,120,10,1,142,0,2.9,0.1,0.0,0,0,0,1,0,0,0,0,1,0
2024-01-07 13:00:00,410,14,0,1162,0,2.9,0.1,0.0,0,0,0,1,0,0,0,0,1,0
2024-01-07 16:00:00,85,17,0,372,0,2.9,0.1,0.0,0,0,0,1,0,0,0,0,1,0
2024-01-07 21:00:00,117,22,0,101,0,2.9,0.1,0.0,0,0,0,1,0,0,0,0,1,0
2024-01-07 22:00:00,101,23,0,111,0,2.9,0.1,0.0,0,0,0,1,0,0,0,0,1,0
2024-01-07 08:00:00,92,9,0,95,0,2.9,0.1,0.0,0,0,0,1,0,0,0,0,1,0
2024-01-07 23:00:00,87,0,0,65,0,2.9,0.1,0.0,0,0,0,1,0,0,0,0,1,0
2024-01-07 01:00:00,77,2,0,154,0,2.9,0.1,0.0,0,0,0,1,0,0,0,0,1,0
2024-01-08 18:00:00,167,19,1,412,0,3.9,-1.5,1.2,0,1,0,0,0,0,0,0,1,0
2024-01-07 18:00:00,76,19,0,223,0,2.9,0.1,0.0,0,0,0,1,0,0,0,0,1,0
2024-01-07 02:00:00,75,3,0,203,0,2.9,0.1,0.0,0,0,0,1,0,0,0,0,1,0
2024-01-07 17:00:00,72,18,0,272,0,2.9,0.1,0.0,0,0,0,1,0,0,0,0,1,0
2024-01-08 05:00:00,37,6,0,22,0,3.9,-1.5,1.2,0,1,0,0,0,0,0,0,1,0
2024-01-08 22:00:00,96,23,1,98,0,3.9,-1.5,1.2,0,1,0,0,0,0,0,0,1,0
2024-01-07 20:00:00,56,21,0,116,0,2.9,0.1,0.0,0,0,0,1,0,0,0,0,1,0
2024-01-07 00:00:00,52,1,0,272,0,2.9,0.1,0.0,0,0,0,1,0,0,0,0,1,0
2024-01-07 07:00:00,48,8,0,30,0,2.9,0.1,0.0,0,0,0,1,0,0,0,0,1,0
2024-01-07 03:00:00,42,4,0,169,0,2.9,0.1,0.0,0,0,0,1,0,0,0,0,1,0
2024-01-07 19:00:00,40,20,0,128,0,2.9,0.1,0.0,0,0,0,1,0,0,0,0,1,0
2024-01-07 06:00:00,13,7,0,30,0,2.9,0.1,0.0,0,0,0,1,0,0,0,0,1,0
2024-01-07 04:00:00,8,5,0,20,0,2.9,0.1,0.0,0,0,0,1,0,0,0,0,1,0
2024-01-07 05:00:00,5,6,0,11,0,2.9,0.1,0.0,0,0,0,1,0,0,0,0,1,0
2024-01-08 00:00:00,27,1,0,50,0,3.9,-1.5,1.2,0,1,0,0,0,0,0,0,1,0
2024-01-08 02:00:00,24,3,0,36,0,3.9,-1.5,1.2,0,1,0,0,0,0,0,0,1,0
2024-01-08 01:00:00,18,2,0,31,0,3.9,-1.5,1.2,0,1,0,0,0,0,0,0,1,0
2024-01-08 03:00:00,12,4,0,9,0,3.9,-1.5,1.2,0,1,0,0,0,0,0,0,1,0
2024-01-08 04:00:00,6,5,0,7,0,3.9,-1.5,1.2,0,1,0,0,0,0,0,0,1,0
2024-01-07 15:00:00,92,16,5,485,0,2.9,0.1,0.0,0,0,0,1,0,0,0,0,1,0
2024-01-08 13:00:00,438,14,4,1328,0,3.9,-1.5,1.2,0,1,0,0,0,0,0,0,1,0
2024-01-08 10:00:00,382,11,0,1171,0,3.9,-1.5,1.2,0,1,0,0,0,0,0,0,1,0
2024-01-08 08:00:00,305,9,0,441,0,3.9,-1.5,1.2,0,1,0,0,0,0,0,0,1,0
2024-01-08 17:00:00,208,18,0,720,0,3.9,-1.5,1.2,0,1,0,0,0,0,0,0,1,0
2024-01-08 07:00:00,171,8,0,228,0,3.9,-1.5,1.2,0,1,0,0,0,0,0,0,1,0
2024-01-08 19:00:00,134,20,0,259,0,3.9,-1.5,1.2,0,1,0,0,0,0,0,0,1,0
2024-01-08 21:00:00,92,22,0,140,0,3.9,-1.5,1.2,0,1,0,0,0,0,0,0,1,0
2024-01-08 06:00:00,82,7,0,72,0,3.9,-1.5,1.2,0,1,0,0,0,0,0,0,1,0
2024-01-08 23:00:00,68,0,0,48,0,3.9,-1.5,1.2,0,1,0,0,0,0,0,0,1,0
2024-01-08 11:00:00,460,12,10,1287,0,3.9,-1.5,1.2,0,1,0,0,0,0,0,0,1,0
2024-01-08 09:00:00,385,10,2,649,0,3.9,-1.5,1.2,0,1,0,0,0,0,0,0,1,0
2024-01-08 15:00:00,258,16,2,751,0,3.9,-1.5,1.2,0,1,0,0,0,0,0,0,1,0
2024-01-08 16:00:00,236,17,2,854,0,3.9,-1.5,1.2,0,1,0,0,0,0,0,0,1,0
2024-01-08 20:00:00,113,21,2,154,0,3.9,-1.5,1.2,0,1,0,0,0,0,0,0,1,0
2024-01-08 12:00:00,437,13,1,1411,0,3.9,-1.5,1.2,0,1,0,0,0,0,0,0,1,0
2024-01-07 12:00:00,408,13,4,863,0,2.9,0.1,0.0,0,0,0,1,0,0,0,0,1,0
2024-01-09 12:00:00,496,13,13,1163,0,6.0,5.5,0.0,0,0,0,0,0,1,0,0,1,0
2024-01-08 14:00:00,469,15,6,966,0,3.9,-1.5,1.2,0,1,0,0,0,0,0,0,1,0
2024-01-09 15:00:00,410,16,10,969,0,6.0,5.5,0.0,0,0,0,0,0,1,0,0,1,0
2024-01-09 10:00:00,357,11,10,858,0,6.0,5.5,0.0,0,0,0,0,0,1,0,0,1,0
2024-01-07 11:00:00,219,12,2,500,0,2.9,0.1,0.0,0,0,0,1,0,0,0,0,1,0
2024-01-07 10:00:00,198,11,2,327,0,2.9,0.1,0.0,0,0,0,1,0,0,0,0,1,0
2024-01-09 13:00:00,487,14,7,1099,0,6.0,5.5,0.0,0,0,0,0,0,1,0,0,1,0
2024-01-09 14:00:00,457,15,7,1050,0,6.0,5.5,0.0,0,0,0,0,0,1,0,0,1,0
2024-01-09 21:00:00,125,22,1,179,0,6.0,5.5,0.0,0,0,0,0,0,1,0,0,1,0
2024-01-09 04:00:00,16,5,0,11,0,6.0,5.5,0.0,0,0,0,0,0,1,0,0,1,0
2024-01-10 06:00:00,80,7,1,67,0,4.5,1.1,0.0,0,0,0,0,0,0,1,0,1,0
2024-01-09 03:00:00,15,4,0,60,0,6.0,5.5,0.0,0,0,0,0,0,1,0,0,1,0
2024-01-09 17:00:00,384,18,0,296,0,6.0,5.5,0.0,0,0,0,0,0,1,0,0,1,0
2024-01-10 03:00:00,17,4,0,28,0,4.5,1.1,0.0,0,0,0,0,0,0,1,0,1,0
2024-01-10 07:00:00,201,8,0,111,0,4.5,1.1,0.0,0,0,0,0,0,0,1,0,1,0
2024-01-10 19:00:00,61,20,0,188,0,4.5,1.1,0.0,0,0,0,0,0,0,1,0,1,0
2024-01-10 05:00:00,58,6,0,15,0,4.5,1.1,0.0,0,0,0,0,0,0,1,0,1,0
2024-01-10 00:00:00,55,1,0,82,0,4.5,1.1,0.0,0,0,0,0,0,0,1,0,1,0
2024-01-10 20:00:00,50,21,0,149,0,4.5,1.1,0.0,0,0,0,0,0,0,1,0,1,0
2024-01-10 21:00:00,46,22,0,118,0,4.5,1.1,0.0,0,0,0,0,0,0,1,0,1,0
2024-01-10 23:00:00,31,0,0,130,0,4.5,1.1,0.0,0,0,0,0,0,0,1,0,1,0
2024-01-10 22:00:00,30,23,0,129,0,4.5,1.1,0.0,0,0,0,0,0,0,1,0,1,0
2024-01-10 01:00:00,30,2,0,39,0,4.5,1.1,0.0,0,0,0,0,0,0,1,0,1,0
2024-01-10 04:00:00,21,5,0,30,0,4.5,1.1,0.0,0,0,0,0,0,0,1,0,1,0
2024-01-10 02:00:00,19,3,0,41,0,4.5,1.1,0.0,0,0,0,0,0,0,1,0,1,0
2024-01-09 07:00:00,181,8,0,136,0,6.0,5.5,0.0,0,0,0,0,0,1,0,0,1,0
2024-01-10 15:00:00,169,16,11,775,0,4.5,1.1,0.0,0,0,0,0,0,0,1,0,1,0
2024-01-10 12:00:00,417,13,10,1242,0,4.5,1.1,0.0,0,0,0,0,0,0,1,0,1,0
2024-01-10 16:00:00,154,17,9,743,0,4.5,1.1,0.0,0,0,0,0,0,0,1,0,1,0
2024-01-10 13:00:00,417,14,7,1139,0,4.5,1.1,0.0,0,0,0,0,0,0,1,0,1,0
2024-01-10 14:00:00,437,15,6,972,0,4.5,1.1,0.0,0,0,0,0,0,0,1,0,1,0
2024-01-09 22:00:00,119,23,0,94,0,6.0,5.5,0.0,0,0,0,0,0,1,0,0,1,0
2024-01-09 23:00:00,94,0,0,88,0,6.0,5.5,0.0,0,0,0,0,0,1,0,0,1,0
2024-01-10 08:00:00,342,9,3,473,0,4.5,1.1,0.0,0,0,0,0,0,0,1,0,1,0
2024-01-10 17:00:00,96,18,3,504,0,4.5,1.1,0.0,0,0,0,0,0,0,1,0,1,0
2024-01-10 11:00:00,434,12,2,1017,0,4.5,1.1,0.0,0,0,0,0,0,0,1,0,1,0
2024-01-10 09:00:00,308,10,2,633,0,4.5,1.1,0.0,0,0,0,0,0,0,1,0,1,0
2024-01-10 18:00:00,89,19,2,299,0,4.5,1.1,0.0,0,0,0,0,0,0,1,0,1,0
2024-01-10 10:00:00,396,11,1,796,0,4.5,1.1,0.0,0,0,0,0,0,0,1,0,1,0
2024-01-09 06:00:00,65,7,0,57,0,6.0,5.5,0.0,0,0,0,0,0,1,0,0,1,0
2024-01-09 05:00:00,54,6,0,19,0,6.0,5.5,0.0,0,0,0,0,0,1,0,0,1,0
2024-01-11 15:00:00,290,16,5,934,0,5.0,2.2,0.2,0,0,0,0,1,0,0,0,1,0
2024-01-11 09:00:00,124,10,5,559,0,5.0,2.2,0.2,0,0,0,0,1,0,0,0,1,0
2024-01-11 13:00:00,114,14,5,757,0,5.0,2.2,0.2,0,0,0,0,1,0,0,0,1,0
2024-01-09 01:00:00,44,2,0,61,0,6.0,5.5,0.0,0,0,0,0,0,1,0,0,1,0
2024-01-09 00:00:00,42,1,0,85,0,6.0,5.5,0.0,0,0,0,0,0,1,0,0,1,0
2024-01-09 16:00:00,442,17,4,604,0,6.0,5.5,0.0,0,0,0,0,0,1,0,0,1,0
2024-01-09 02:00:00,31,3,0,31,0,6.0,5.5,0.0,0,0,0,0,0,1,0,0,1,0
2024-01-09 09:00:00,439,10,3,604,0,6.0,5.5,0.0,0,0,0,0,0,1,0,0,1,0
2024-01-09 20:00:00,609,21,2,95,0,6.0,5.5,0.0,0,0,0,0,0,1,0,0,1,0
2024-01-09 11:00:00,381,12,2,977,0,6.0,5.5,0.0,0,0,0,0,0,1,0,0,1,0
2024-01-09 18:00:00,959,19,1,152,0,6.0,5.5,0.0,0,0,0,0,0,1,0,0,1,0
2024-01-09 19:00:00,849,20,1,133,0,6.0,5.5,0.0,0,0,0,0,0,1,0,0,1,0
2024-01-09 08:00:00,295,9,1,396,0,6.0,5.5,0.0,0,0,0,0,0,1,0,0,1,0
2024-01-12 11:00:00,418,12,3,1024,0,5.8,5.5,0.0,1,0,0,0,0,0,0,0,1,0
2024-01-11 07:00:00,70,8,1,385,0,5.0,2.2,0.2,0,0,0,0,1,0,0,0,1,0
2024-01-11 20:00:00,45,21,1,185,0,5.0,2.2,0.2,0,0,0,0,1,0,0,0,1,0
2024-01-12 15:00:00,481,16,0,1060,0,5.8,5.5,0.0,1,0,0,0,0,0,0,0,1,0
2024-01-12 09:00:00,372,10,2,731,0,5.8,5.5,0.0,1,0,0,0,0,0,0,0,1,0
2024-01-12 19:00:00,259,20,2,288,0,5.8,5.5,0.0,1,0,0,0,0,0,0,0,1,0
2024-01-12 16:00:00,499,17,1,601,0,5.8,5.5,0.0,1,0,0,0,0,0,0,0,1,0
2024-01-12 18:00:00,353,19,1,271,0,5.8,5.5,0.0,1,0,0,0,0,0,0,0,1,0
2024-01-12 08:00:00,285,9,1,402,0,5.8,5.5,0.0,1,0,0,0,0,0,0,0,1,0
2024-01-12 20:00:00,170,21,1,221,0,5.8,5.5,0.0,1,0,0,0,0,0,0,0,1,0
2024-01-12 21:00:00,166,22,1,153,0,5.8,5.5,0.0,1,0,0,0,0,0,0,0,1,0
2024-01-12 05:00:00,55,6,1,35,0,5.8,5.5,0.0,1,0,0,0,0,0,0,0,1,0
2024-01-11 06:00:00,40,7,1,122,0,5.0,2.2,0.2,0,0,0,0,1,0,0,0,1,0
2024-01-12 17:00:00,407,18,0,492,0,5.8,5.5,0.0,1,0,0,0,0,0,0,0,1,0
2024-01-12 22:00:00,170,23,0,223,0,5.8,5.5,0.0,1,0,0,0,0,0,0,0,1,0
2024-01-11 16:00:00,293,17,2,1037,0,5.0,2.2,0.2,0,0,0,0,1,0,0,0,1,0
2024-01-11 14:00:00,254,15,2,792,0,5.0,2.2,0.2,0,0,0,0,1,0,0,0,1,0
2024-01-11 17:00:00,231,18,2,832,0,5.0,2.2,0.2,0,0,0,0,1,0,0,0,1,0
2024-01-11 11:00:00,121,12,2,705,0,5.0,2.2,0.2,0,0,0,0,1,0,0,0,1,0
2024-01-11 10:00:00,144,11,1,677,0,5.0,2.2,0.2,0,0,0,0,1,0,0,0,1,0
2024-01-11 12:00:00,122,13,1,796,0,5.0,2.2,0.2,0,0,0,0,1,0,0,0,1,0
2024-01-13 11:00:00,518,12,6,1371,0,3.7,5.5,0.0,0,0,1,0,0,0,0,0,1,0
2024-01-13 14:00:00,570,15,5,970,0,3.7,5.5,0.0,0,0,1,0,0,0,0,0,1,0
2024-01-13 12:00:00,460,13,5,1540,0,3.7,5.5,0.0,0,0,1,0,0,0,0,0,1,0
2024-01-13 15:00:00,551,16,3,1393,0,3.7,5.5,0.0,0,0,1,0,0,0,0,0,1,0
2024-01-13 13:00:00,441,14,2,1455,0,3.7,5.5,0.0,0,0,1,0,0,0,0,0,1,0
2024-01-12 07:00:00,166,8,0,198,0,5.8,5.5,0.0,1,0,0,0,0,0,0,0,1,0
2024-01-11 18:00:00,231,19,0,561,0,5.0,2.2,0.2,0,0,0,0,1,0,0,0,1,0
2024-01-12 23:00:00,118,0,0,143,0,5.8,5.5,0.0,1,0,0,0,0,0,0,0,1,0
2024-01-11 08:00:00,134,9,0,507,0,5.0,2.2,0.2,0,0,0,0,1,0,0,0,1,0
2024-01-11 19:00:00,134,20,0,265,0,5.0,2.2,0.2,0,0,0,0,1,0,0,0,1,0
2024-01-12 06:00:00,85,7,0,74,0,5.8,5.5,0.0,1,0,0,0,0,0,0,0,1,0
2024-01-11 22:00:00,47,23,0,73,0,5.0,2.2,0.2,0,0,0,0,1,0,0,0,1,0
2024-01-11 21:00:00,30,22,0,118,0,5.0,2.2,0.2,0,0,0,0,1,0,0,0,1,0
2024-01-11 03:00:00,29,4,0,26,0,5.0,2.2,0.2,0,0,0,0,1,0,0,0,1,0
2024-01-11 04:00:00,29,5,0,18,0,5.0,2.2,0.2,0,0,0,0,1,0,0,0,1,0
2024-01-11 23:00:00,26,0,0,131,0,5.0,2.2,0.2,0,0,0,0,1,0,0,0,1,0
2024-01-12 13:00:00,426,14,6,1294,0,5.8,5.5,0.0,1,0,0,0,0,0,0,0,1,0
2024-01-12 03:00:00,30,4,0,49,0,5.8,5.5,0.0,1,0,0,0,0,0,0,0,1,0
2024-01-11 02:00:00,24,3,0,120,0,5.0,2.2,0.2,0,0,0,0,1,0,0,0,1,0
2024-01-12 02:00:00,24,3,0,131,0,5.8,5.5,0.0,1,0,0,0,0,0,0,0,1,0
2024-01-12 14:00:00,460,15,5,1484,0,5.8,5.5,0.0,1,0,0,0,0,0,0,0,1,0
2024-01-12 12:00:00,582,13,4,1469,0,5.8,5.5,0.0,1,0,0,0,0,0,0,0,1,0
2024-01-12 10:00:00,425,11,4,1130,0,5.8,5.5,0.0,1,0,0,0,0,0,0,0,1,0
2024-01-11 00:00:00,18,1,0,64,0,5.0,2.2,0.2,0,0,0,0,1,0,0,0,1,0
2024-01-12 04:00:00,23,5,0,23,0,5.8,5.5,0.0,1,0,0,0,0,0,0,0,1,0
2024-01-12 00:00:00,18,1,0,136,0,5.8,5.5,0.0,1,0,0,0,0,0,0,0,1,0
2024-01-11 01:00:00,10,2,0,51,0,5.0,2.2,0.2,0,0,0,0,1,0,0,0,1,0
2024-01-11 05:00:00,8,6,0,30,0,5.0,2.2,0.2,0,0,0,0,1,0,0,0,1,0
2024-01-12 01:00:00,8,2,0,72,0,5.8,5.5,0.0,1,0,0,0,0,0,0,0,1,0
2024-01-13 01:00:00,76,2,0,353,0,3.7,5.5,0.0,0,0,1,0,0,0,0,0,1,0
2024-01-15 10:00:00,341,11,5,811,0,1.2,5.5,0.0,0,1,0,0,0,0,0,0,1,0
2024-01-13 20:00:00,65,21,0,166,0,3.7,5.5,0.0,0,0,1,0,0,0,0,0,1,0
2024-01-13 22:00:00,61,23,0,188,0,3.7,5.5,0.0,0,0,1,0,0,0,0,0,1,0
2024-01-13 23:00:00,53,0,0,118,0,3.7,5.5,0.0,0,0,1,0,0,0,0,0,1,0
2024-01-13 00:00:00,51,1,0,189,0,3.7,5.5,0.0,0,0,1,0,0,0,0,0,1,0
2024-01-13 21:00:00,48,22,0,138,0,3.7,5.5,0.0,0,0,1,0,0,0,0,0,1,0
2024-01-13 06:00:00,46,7,0,58,0,3.7,5.5,0.0,0,0,1,0,0,0,0,0,1,0
2024-01-13 02:00:00,42,3,0,255,0,3.7,5.5,0.0,0,0,1,0,0,0,0,0,1,0
2024-01-13 03:00:00,36,4,0,256,0,3.7,5.5,0.0,0,0,1,0,0,0,0,0,1,0
2024-01-13 05:00:00,12,6,0,15,0,3.7,5.5,0.0,0,0,1,0,0,0,0,0,1,0
2024-01-13 04:00:00,7,5,0,27,0,3.7,5.5,0.0,0,0,1,0,0,0,0,0,1,0
2024-01-14 02:00:00,69,3,0,146,0,1.2,1.2,0.0,0,0,0,1,0,0,0,0,1,0
2024-01-14 14:00:00,307,15,1,458,0,1.2,1.2,0.0,0,0,0,1,0,0,0,0,1,0
2024-01-14 17:00:00,215,18,1,417,0,1.2,1.2,0.0,0,0,0,1,0,0,0,0,1,0
2024-01-14 00:00:00,64,1,0,99,0,1.2,1.2,0.0,0,0,0,1,0,0,0,0,1,0
2024-01-14 15:00:00,113,16,1,476,0,1.2,1.2,0.0,0,0,0,1,0,0,0,0,1,0
2024-01-14 09:00:00,103,10,1,240,0,1.2,1.2,0.0,0,0,0,1,0,0,0,0,1,0
2024-01-14 22:00:00,249,23,0,35,0,1.2,1.2,0.0,0,0,0,1,0,0,0,0,1,0
2024-01-14 21:00:00,203,22,0,111,0,1.2,1.2,0.0,0,0,0,1,0,0,0,0,1,0
2024-01-14 18:00:00,175,19,0,253,0,1.2,1.2,0.0,0,0,0,1,0,0,0,0,1,0
2024-01-14 20:00:00,121,21,0,162,0,1.2,1.2,0.0,0,0,0,1,0,0,0,0,1,0
2024-01-14 19:00:00,119,20,0,247,0,1.2,1.2,0.0,0,0,0,1,0,0,0,0,1,0
2024-01-14 23:00:00,114,0,0,99,0,1.2,1.2,0.0,0,0,0,1,0,0,0,0,1,0
2024-01-14 01:00:00,77,2,0,81,0,1.2,1.2,0.0,0,0,0,1,0,0,0,0,1,0
2024-01-14 13:00:00,339,14,4,904,0,1.2,1.2,0.0,0,0,0,1,0,0,0,0,1,0
2024-01-14 12:00:00,310,13,4,921,0,1.2,1.2,0.0,0,0,0,1,0,0,0,0,1,0
2024-01-14 08:00:00,76,9,4,138,0,1.2,1.2,0.0,0,0,0,1,0,0,0,0,1,0
2024-01-14 16:00:00,270,17,3,667,0,1.2,1.2,0.0,0,0,0,1,0,0,0,0,1,0
2024-01-14 10:00:00,241,11,3,380,0,1.2,1.2,0.0,0,0,0,1,0,0,0,0,1,0
2024-01-15 14:00:00,427,15,3,673,0,1.2,5.5,0.0,0,1,0,0,0,0,0,0,1,0
2024-01-15 09:00:00,368,10,3,618,0,1.2,5.5,0.0,0,1,0,0,0,0,0,0,1,0
2024-01-14 03:00:00,48,4,0,192,0,1.2,1.2,0.0,0,0,0,1,0,0,0,0,1,0
2024-01-13 16:00:00,458,17,1,966,0,3.7,5.5,0.0,0,0,1,0,0,0,0,0,1,0
2024-01-13 10:00:00,382,11,1,1265,0,3.7,5.5,0.0,0,0,1,0,0,0,0,0,1,0
2024-01-13 17:00:00,374,18,1,661,0,3.7,5.5,0.0,0,0,1,0,0,0,0,0,1,0
2024-01-15 15:00:00,398,16,10,1181,0,1.2,5.5,0.0,0,1,0,0,0,0,0,0,1,0
2024-01-13 09:00:00,266,10,1,700,0,3.7,5.5,0.0,0,0,1,0,0,0,0,0,1,0
2024-01-15 11:00:00,391,12,2,1039,0,1.2,5.5,0.0,0,1,0,0,0,0,0,0,1,0
2024-01-15 13:00:00,350,14,2,1076,0,1.2,5.5,0.0,0,1,0,0,0,0,0,0,1,0
2024-01-14 07:00:00,24,8,0,47,0,1.2,1.2,0.0,0,0,0,1,0,0,0,0,1,0
2024-01-15 08:00:00,185,9,2,496,0,1.2,5.5,0.0,0,1,0,0,0,0,0,0,1,0
2024-01-15 20:00:00,119,21,2,179,0,1.2,5.5,0.0,0,1,0,0,0,0,0,0,1,0
2024-01-14 04:00:00,10,5,0,20,0,1.2,1.2,0.0,0,0,0,1,0,0,0,0,1,0
2024-01-14 06:00:00,10,7,0,18,0,1.2,1.2,0.0,0,0,0,1,0,0,0,0,1,0
2024-01-13 19:00:00,63,20,1,193,0,3.7,5.5,0.0,0,0,1,0,0,0,0,0,1,0
2024-01-14 05:00:00,6,6,0,10,0,1.2,1.2,0.0,0,0,0,1,0,0,0,0,1,0
2024-01-15 12:00:00,414,13,6,1224,0,1.2,5.5,0.0,0,1,0,0,0,0,0,0,1,0
2024-01-13 08:00:00,297,9,0,417,0,3.7,5.5,0.0,0,0,1,0,0,0,0,0,1,0
2024-01-13 18:00:00,208,19,0,282,0,3.7,5.5,0.0,0,0,1,0,0,0,0,0,1,0
2024-01-13 07:00:00,131,8,0,124,0,3.7,5.5,0.0,0,0,1,0,0,0,0,0,1,0
2024-01-14 11:00:00,249,12,6,709,0,1.2,1.2,0.0,0,0,0,1,0,0,0,0,1,0
2024-01-15 01:00:00,41,2,0,26,0,1.2,5.5,0.0,0,1,0,0,0,0,0,0,1,0
2024-01-15 02:00:00,33,3,0,84,0,1.2,5.5,0.0,0,1,0,0,0,0,0,0,1,0
2024-01-15 07:00:00,23,8,0,134,0,1.2,5.5,0.0,0,1,0,0,0,0,0,0,1,0
2024-01-15 05:00:00,7,6,0,31,0,1.2,5.5,0.0,0,1,0,0,0,0,0,0,1,0
2024-01-15 03:00:00,6,4,0,7,0,1.2,5.5,0.0,0,1,0,0,0,0,0,0,1,0
2024-01-15 04:00:00,6,5,0,6,0,1.2,5.5,0.0,0,1,0,0,0,0,0,0,1,0
2024-01-16 11:00:00,340,12,5,583,0,0.4,-1.4,0.9,0,0,0,0,0,1,0,0,1,0
2024-01-16 02:00:00,21,3,0,59,0,0.4,-1.4,0.9,0,0,0,0,0,1,0,0,1,0
2024-01-16 03:00:00,18,4,0,48,0,0.4,-1.4,0.9,0,0,0,0,0,1,0,0,1,0
2024-01-16 04:00:00,17,5,0,19,0,0.4,-1.4,0.9,0,0,0,0,0,1,0,0,1,0
2024-01-17 11:00:00,465,12,6,615,0,1.7,-3.8,0.0,0,0,0,0,0,0,1,0,1,0
2024-01-17 12:00:00,423,13,5,772,0,1.7,-3.8,0.0,0,0,0,0,0,0,1,0,1,0
2024-01-17 15:00:00,155,16,4,416,0,1.7,-3.8,0.0,0,0,0,0,0,0,1,0,1,0
2024-01-17 13:00:00,391,14,3,1019,0,1.7,-3.8,0.0,0,0,0,0,0,0,1,0,1,0
2024-01-17 09:00:00,354,10,3,829,0,1.7,-3.8,0.0,0,0,0,0,0,0,1,0,1,0
2024-01-17 17:00:00,436,18,2,431,0,1.7,-3.8,0.0,0,0,0,0,0,0,1,0,1,0
2024-01-16 16:00:00,397,17,0,294,0,0.4,-1.4,0.9,0,0,0,0,0,1,0,0,1,0
2024-01-16 17:00:00,371,18,0,260,0,0.4,-1.4,0.9,0,0,0,0,0,1,0,0,1,0
2024-01-16 18:00:00,317,19,0,260,0,0.4,-1.4,0.9,0,0,0,0,0,1,0,0,1,0
2024-01-16 20:00:00,162,21,0,176,0,0.4,-1.4,0.9,0,0,0,0,0,1,0,0,1,0
2024-01-16 07:00:00,160,8,0,510,0,0.4,-1.4,0.9,0,0,0,0,0,1,0,0,1,0
2024-01-16 21:00:00,116,22,0,149,0,0.4,-1.4,0.9,0,0,0,0,0,1,0,0,1,0
2024-01-16 22:00:00,109,23,0,137,0,0.4,-1.4,0.9,0,0,0,0,0,1,0,0,1,0
2024-01-16 23:00:00,81,0,0,65,0,0.4,-1.4,0.9,0,0,0,0,0,1,0,0,1,0
2024-01-16 00:00:00,47,1,0,73,0,0.4,-1.4,0.9,0,0,0,0,0,1,0,0,1,0
2024-01-16 01:00:00,28,2,0,21,0,0.4,-1.4,0.9,0,0,0,0,0,1,0,0,1,0
2024-01-16 10:00:00,300,11,4,591,0,0.4,-1.4,0.9,0,0,0,0,0,1,0,0,1,0
2024-01-16 08:00:00,240,9,4,745,0,0.4,-1.4,0.9,0,0,0,0,0,1,0,0,1,0
2024-01-16 09:00:00,287,10,2,461,0,0.4,-1.4,0.9,0,0,0,0,0,1,0,0,1,0
2024-01-16 19:00:00,245,20,1,200,0,0.4,-1.4,0.9,0,0,0,0,0,1,0,0,1,0
2024-01-16 06:00:00,83,7,1,113,0,0.4,-1.4,0.9,0,0,0,0,0,1,0,0,1,0
2024-01-16 05:00:00,50,6,1,48,0,0.4,-1.4,0.9,0,0,0,0,0,1,0,0,1,0
2024-01-17 14:00:00,461,15,1,442,0,1.7,-3.8,0.0,0,0,0,0,0,0,1,0,1,0
2024-01-17 16:00:00,410,17,1,723,0,1.7,-3.8,0.0,0,0,0,0,0,0,1,0,1,0
2024-01-17 18:00:00,315,19,1,320,0,1.7,-3.8,0.0,0,0,0,0,0,0,1,0,1,0
2024-01-17 08:00:00,271,9,1,653,0,1.7,-3.8,0.0,0,0,0,0,0,0,1,0,1,0
2024-01-16 15:00:00,406,16,9,962,0,0.4,-1.4,0.9,0,0,0,0,0,1,0,0,1,0
2024-01-16 13:00:00,477,14,7,899,0,0.4,-1.4,0.9,0,0,0,0,0,1,0,0,1,0
2024-01-16 14:00:00,390,15,7,1125,0,0.4,-1.4,0.9,0,0,0,0,0,1,0,0,1,0
2024-01-16 12:00:00,407,13,5,800,0,0.4,-1.4,0.9,0,0,0,0,0,1,0,0,1,0
2024-01-15 18:00:00,260,19,1,367,0,1.2,5.5,0.0,0,1,0,0,0,0,0,0,1,0
2024-01-15 21:00:00,97,22,1,175,0,1.2,5.5,0.0,0,1,0,0,0,0,0,0,1,0
2024-01-15 06:00:00,16,7,1,61,0,1.2,5.5,0.0,0,1,0,0,0,0,0,0,1,0
2024-01-15 16:00:00,465,17,0,1061,0,1.2,5.5,0.0,0,1,0,0,0,0,0,0,1,0
2024-01-15 17:00:00,354,18,0,660,0,1.2,5.5,0.0,0,1,0,0,0,0,0,0,1,0
2024-01-15 19:00:00,166,20,0,321,0,1.2,5.5,0.0,0,1,0,0,0,0,0,0,1,0
2024-01-15 22:00:00,103,23,0,100,0,1.2,5.5,0.0,0,1,0,0,0,0,0,0,1,0
2024-01-15 00:00:00,90,1,0,84,0,1.2,5.5,0.0,0,1,0,0,0,0,0,0,1,0
2024-01-15 23:00:00,68,0,0,78,0,1.2,5.5,0.0,0,1,0,0,0,0,0,0,1,0
2024-01-18 12:00:00,421,13,0,1493,0,5.2,-3.2,0.0,0,0,0,0,1,0,0,0,1,0
2024-01-18 11:00:00,412,12,0,1349,0,5.2,-3.2,0.0,0,0,0,0,1,0,0,0,1,0
2024-01-18 09:00:00,394,10,0,848,0,5.2,-3.2,0.0,0,0,0,0,1,0,0,0,1,0
2024-01-18 10:00:00,386,11,0,948,0,5.2,-3.2,0.0,0,0,0,0,1,0,0,0,1,0
2024-01-18 17:00:00,294,18,0,550,0,5.2,-3.2,0.0,0,0,0,0,1,0,0,0,1,0
2024-01-18 07:00:00,182,8,0,215,0,5.2,-3.2,0.0,0,0,0,0,1,0,0,0,1,0
2024-01-18 06:00:00,97,7,0,138,0,5.2,-3.2,0.0,0,0,0,0,1,0,0,0,1,0
2024-01-18 18:00:00,69,19,0,276,0,5.2,-3.2,0.0,0,0,0,0,1,0,0,0,1,0
2024-01-18 05:00:00,54,6,0,29,0,5.2,-3.2,0.0,0,0,0,0,1,0,0,0,1,0
2024-01-18 22:00:00,36,23,0,104,0,5.2,-3.2,0.0,0,0,0,0,1,0,0,0,1,0
2024-01-18 20:00:00,29,21,0,179,0,5.2,-3.2,0.0,0,0,0,0,1,0,0,0,1,0
2024-01-18 23:00:00,23,0,0,90,0,5.2,-3.2,0.0,0,0,0,0,1,0,0,0,1,0
2024-01-18 01:00:00,19,2,0,52,0,5.2,-3.2,0.0,0,0,0,0,1,0,0,0,1,0
2024-01-18 03:00:00,18,4,0,5,0,5.2,-3.2,0.0,0,0,0,0,1,0,0,0,1,0
2024-01-18 02:00:00,15,3,0,86,0,5.2,-3.2,0.0,0,0,0,0,1,0,0,0,1,0
2024-01-18 08:00:00,267,9,2,704,0,5.2,-3.2,0.0,0,0,0,0,1,0,0,0,1,0
2024-01-19 10:00:00,418,11,4,835,0,8.7,5.5,1.2,1,0,0,0,0,0,0,0,1,0
2024-01-19 14:00:00,1454,15,3,660,0,8.7,5.5,1.2,1,0,0,0,0,0,0,0,1,0
2024-01-19 08:00:00,351,9,3,517,0,8.7,5.5,1.2,1,0,0,0,0,0,0,0,1,0
2024-01-19 11:00:00,456,12,2,1204,0,8.7,5.5,1.2,1,0,0,0,0,0,0,0,1,0
2024-01-19 17:00:00,379,18,2,311,0,8.7,5.5,1.2,1,0,0,0,0,0,0,0,1,0
2024-01-17 10:00:00,383,11,0,805,0,1.7,-3.8,0.0,0,0,0,0,0,0,1,0,1,0
2024-01-17 07:00:00,195,8,0,260,0,1.7,-3.8,0.0,0,0,0,0,0,0,1,0,1,0
2024-01-17 20:00:00,187,21,0,282,0,1.7,-3.8,0.0,0,0,0,0,0,0,1,0,1,0
2024-01-17 19:00:00,185,20,0,303,0,1.7,-3.8,0.0,0,0,0,0,0,0,1,0,1,0
2024-01-17 21:00:00,163,22,0,188,0,1.7,-3.8,0.0,0,0,0,0,0,0,1,0,1,0
2024-01-17 22:00:00,121,23,0,168,0,1.7,-3.8,0.0,0,0,0,0,0,0,1,0,1,0
2024-01-17 23:00:00,85,0,0,65,0,1.7,-3.8,0.0,0,0,0,0,0,0,1,0,1,0
2024-01-17 06:00:00,81,7,0,89,0,1.7,-3.8,0.0,0,0,0,0,0,0,1,0,1,0
2024-01-17 00:00:00,59,1,0,54,0,1.7,-3.8,0.0,0,0,0,0,0,0,1,0,1,0
2024-01-17 05:00:00,56,6,0,47,0,1.7,-3.8,0.0,0,0,0,0,0,0,1,0,1,0
2024-01-17 01:00:00,31,2,0,15,0,1.7,-3.8,0.0,0,0,0,0,0,0,1,0,1,0
2024-01-17 02:00:00,26,3,0,20,0,1.7,-3.8,0.0,0,0,0,0,0,0,1,0,1,0
2024-01-17 03:00:00,15,4,0,9,0,1.7,-3.8,0.0,0,0,0,0,0,0,1,0,1,0
2024-01-17 04:00:00,10,5,0,13,0,1.7,-3.8,0.0,0,0,0,0,0,0,1,0,1,0
2024-01-19 15:00:00,1385,16,1,561,0,8.7,5.5,1.2,1,0,0,0,0,0,0,0,1,0
2024-01-19 13:00:00,952,14,1,640,0,8.7,5.5,1.2,1,0,0,0,0,0,0,0,1,0
2024-01-19 09:00:00,385,10,1,767,0,8.7,5.5,1.2,1,0,0,0,0,0,0,0,1,0
2024-01-19 20:00:00,158,21,1,285,0,8.7,5.5,1.2,1,0,0,0,0,0,0,0,1,0
2024-01-19 19:00:00,51,20,1,287,0,8.7,5.5,1.2,1,0,0,0,0,0,0,0,1,0
2024-01-19 16:00:00,1047,17,0,438,0,8.7,5.5,1.2,1,0,0,0,0,0,0,0,1,0
2024-01-19 12:00:00,466,13,0,1272,0,8.7,5.5,1.2,1,0,0,0,0,0,0,0,1,0
2024-01-19 21:00:00,189,22,0,178,0,8.7,5.5,1.2,1,0,0,0,0,0,0,0,1,0
2024-01-19 07:00:00,155,8,0,187,0,8.7,5.5,1.2,1,0,0,0,0,0,0,0,1,0
2024-01-19 23:00:00,129,0,0,163,0,8.7,5.5,1.2,1,0,0,0,0,0,0,0,1,0
2024-01-19 18:00:00,112,19,0,294,0,8.7,5.5,1.2,1,0,0,0,0,0,0,0,1,0
2024-01-18 16:00:00,480,17,1,883,0,5.2,-3.2,0.0,0,0,0,0,1,0,0,0,1,0
2024-01-18 13:00:00,380,14,1,1071,0,5.2,-3.2,0.0,0,0,0,0,1,0,0,0,1,0
2024-01-18 14:00:00,351,15,1,402,0,5.2,-3.2,0.0,0,0,0,0,1,0,0,0,1,0
2024-01-18 00:00:00,69,1,1,77,0,5.2,-3.2,0.0,0,0,0,0,1,0,0,0,1,0
2024-01-18 21:00:00,63,22,1,167,0,5.2,-3.2,0.0,0,0,0,0,1,0,0,0,1,0
2024-01-18 19:00:00,46,20,1,172,0,5.2,-3.2,0.0,0,0,0,0,1,0,0,0,1,0
2024-01-18 04:00:00,21,5,1,5,0,5.2,-3.2,0.0,0,0,0,0,1,0,0,0,1,0
2024-01-18 15:00:00,423,16,3,1157,0,5.2,-3.2,0.0,0,0,0,0,1,0,0,0,1,0
2024-01-20 01:00:00,77,2,0,215,0,11.6,5.5,1.0,0,0,1,0,0,0,0,0,1,0
2024-01-20 23:00:00,67,0,0,266,0,11.6,5.5,1.0,0,0,1,0,0,0,0,0,1,0
2024-01-20 02:00:00,59,3,0,174,0,11.6,5.5,1.0,0,0,1,0,0,0,0,0,1,0
2024-01-19 22:00:00,81,23,0,143,0,8.7,5.5,1.2,1,0,0,0,0,0,0,0,1,0
2024-01-20 21:00:00,52,22,0,146,0,11.6,5.5,1.0,0,0,1,0,0,0,0,0,1,0
2024-01-19 06:00:00,77,7,0,78,0,8.7,5.5,1.2,1,0,0,0,0,0,0,0,1,0
2024-01-20 22:00:00,49,23,0,155,0,11.6,5.5,1.0,0,0,1,0,0,0,0,0,1,0
2024-01-20 06:00:00,49,7,0,33,0,11.6,5.5,1.0,0,0,1,0,0,0,0,0,1,0
2024-01-20 20:00:00,38,21,0,167,0,11.6,5.5,1.0,0,0,1,0,0,0,0,0,1,0
2024-01-19 05:00:00,45,6,0,40,0,8.7,5.5,1.2,1,0,0,0,0,0,0,0,1,0
2024-01-19 02:00:00,30,3,0,85,0,8.7,5.5,1.2,1,0,0,0,0,0,0,0,1,0
2024-01-19 03:00:00,30,4,0,23,0,8.7,5.5,1.2,1,0,0,0,0,0,0,0,1,0
2024-01-19 04:00:00,16,5,0,4,0,8.7,5.5,1.2,1,0,0,0,0,0,0,0,1,0
2024-01-19 01:00:00,14,2,0,45,0,8.7,5.5,1.2,1,0,0,0,0,0,0,0,1,0
2024-01-19 00:00:00,11,1,0,55,0,8.7,5.5,1.2,1,0,0,0,0,0,0,0,1,0
2024-01-20 04:00:00,25,5,0,34,0,11.6,5.5,1.0,0,0,1,0,0,0,0,0,1,0
2024-01-20 05:00:00,24,6,0,22,0,11.6,5.5,1.0,0,0,1,0,0,0,0,0,1,0
2024-01-20 09:00:00,353,10,1,684,0,11.6,5.5,1.0,0,0,1,0,0,0,0,0,1,0
2024-01-20 18:00:00,281,19,1,362,0,11.6,5.5,1.0,0,0,1,0,0,0,0,0,1,0
2024-01-21 11:00:00,255,12,3,1039,0,6.2,5.5,10.0,0,0,0,1,0,0,0,0,1,0
2024-01-21 10:00:00,187,11,3,579,0,6.2,5.5,10.0,0,0,0,1,0,0,0,0,1,0
2024-01-20 07:00:00,103,8,1,93,0,11.6,5.5,1.0,0,0,1,0,0,0,0,0,1,0
2024-01-21 13:00:00,293,14,2,1376,0,6.2,5.5,10.0,0,0,0,1,0,0,0,0,1,0
2024-01-20 03:00:00,68,4,1,332,0,11.6,5.5,1.0,0,0,1,0,0,0,0,0,1,0
2024-01-21 19:00:00,165,20,1,197,0,6.2,5.5,10.0,0,0,0,1,0,0,0,0,1,0
2024-01-21 09:00:00,112,10,1,311,0,6.2,5.5,10.0,0,0,0,1,0,0,0,0,1,0
2024-01-20 17:00:00,321,18,0,544,0,11.6,5.5,1.0,0,0,1,0,0,0,0,0,1,0
2024-01-20 19:00:00,245,20,0,256,0,11.6,5.5,1.0,0,0,1,0,0,0,0,0,1,0
2024-01-20 08:00:00,241,9,0,236,0,11.6,5.5,1.0,0,0,1,0,0,0,0,0,1,0
2024-01-20 00:00:00,142,1,0,160,0,11.6,5.5,1.0,0,0,1,0,0,0,0,0,1,0
2024-01-20 10:00:00,433,11,13,794,0,11.6,5.5,1.0,0,0,1,0,0,0,0,0,1,0
2024-01-20 14:00:00,585,15,11,1051,0,11.6,5.5,1.0,0,0,1,0,0,0,0,0,1,0
2024-01-20 15:00:00,565,16,9,1202,0,11.6,5.5,1.0,0,0,1,0,0,0,0,0,1,0
2024-01-20 13:00:00,560,14,6,1238,0,11.6,5.5,1.0,0,0,1,0,0,0,0,0,1,0
2024-01-20 12:00:00,471,13,5,1264,0,11.6,5.5,1.0,0,0,1,0,0,0,0,0,1,0
2024-01-21 12:00:00,296,13,0,1315,0,6.2,5.5,10.0,0,0,0,1,0,0,0,0,1,0
2024-01-21 14:00:00,306,15,4,1108,0,6.2,5.5,10.0,0,0,0,1,0,0,0,0,1,0
2024-01-21 15:00:00,244,16,0,810,0,6.2,5.5,10.0,0,0,0,1,0,0,0,0,1,0
2024-01-21 17:00:00,203,18,0,172,0,6.2,5.5,10.0,0,0,0,1,0,0,0,0,1,0
2024-01-21 16:00:00,197,17,0,355,0,6.2,5.5,10.0,0,0,0,1,0,0,0,0,1,0
2024-01-21 18:00:00,189,19,0,225,0,6.2,5.5,10.0,0,0,0,1,0,0,0,0,1,0
2024-01-21 03:00:00,86,4,0,388,0,6.2,5.5,10.0,0,0,0,1,0,0,0,0,1,0
2024-01-21 02:00:00,78,3,0,221,0,6.2,5.5,10.0,0,0,0,1,0,0,0,0,1,0
2024-01-21 00:00:00,73,1,0,246,0,6.2,5.5,10.0,0,0,0,1,0,0,0,0,1,0
2024-01-21 08:00:00,72,9,0,122,0,6.2,5.5,10.0,0,0,0,1,0,0,0,0,1,0
2024-01-21 01:00:00,55,2,0,272,0,6.2,5.5,10.0,0,0,0,1,0,0,0,0,1,0
2024-01-21 07:00:00,46,8,0,64,0,6.2,5.5,10.0,0,0,0,1,0,0,0,0,1,0
2024-01-21 22:00:00,34,23,0,77,0,6.2,5.5,10.0,0,0,0,1,0,0,0,0,1,0
2024-01-21 05:00:00,24,6,0,29,0,6.2,5.5,10.0,0,0,0,1,0,0,0,0,1,0
2024-01-20 11:00:00,458,12,4,1083,0,11.6,5.5,1.0,0,0,1,0,0,0,0,0,1,0
2024-01-20 16:00:00,474,17,3,850,0,11.6,5.5,1.0,0,0,1,0,0,0,0,0,1,0
2024-01-22 14:00:00,361,15,0,705,0,12.0,4.7,3.2,0,1,0,0,0,0,0,0,1,0
2024-01-22 01:00:00,10,2,0,53,0,12.0,4.7,3.2,0,1,0,0,0,0,0,0,1,0
2024-01-22 13:00:00,356,14,0,815,0,12.0,4.7,3.2,0,1,0,0,0,0,0,0,1,0
2024-01-22 10:00:00,355,11,0,1185,0,12.0,4.7,3.2,0,1,0,0,0,0,0,0,1,0
2024-01-22 11:00:00,355,12,0,814,0,12.0,4.7,3.2,0,1,0,0,0,0,0,0,1,0
2024-01-22 17:00:00,293,18,0,467,0,12.0,4.7,3.2,0,1,0,0,0,0,0,0,1,0
2024-01-22 18:00:00,242,19,0,372,0,12.0,4.7,3.2,0,1,0,0,0,0,0,0,1,0
2024-01-22 19:00:00,171,20,0,246,0,12.0,4.7,3.2,0,1,0,0,0,0,0,0,1,0
2024-01-22 07:00:00,151,8,0,259,0,12.0,4.7,3.2,0,1,0,0,0,0,0,0,1,0
2024-01-23 19:00:00,166,20,0,115,0,10.3,4.7,12.3,0,0,0,0,0,1,0,0,1,0
2024-01-22 20:00:00,129,21,0,203,0,12.0,4.7,3.2,0,1,0,0,0,0,0,0,1,0
2024-01-22 22:00:00,92,23,0,156,0,12.0,4.7,3.2,0,1,0,0,0,0,0,0,1,0
2024-01-22 15:00:00,320,16,3,1051,0,12.0,4.7,3.2,0,1,0,0,0,0,0,0,1,0
2024-01-22 21:00:00,91,22,0,113,0,12.0,4.7,3.2,0,1,0,0,0,0,0,0,1,0
2024-01-22 08:00:00,256,9,3,630,0,12.0,4.7,3.2,0,1,0,0,0,0,0,0,1,0
2024-01-22 23:00:00,49,0,0,31,0,12.0,4.7,3.2,0,1,0,0,0,0,0,0,1,0
2024-01-22 05:00:00,37,6,0,47,0,12.0,4.7,3.2,0,1,0,0,0,0,0,0,1,0
2024-01-22 02:00:00,30,3,0,101,0,12.0,4.7,3.2,0,1,0,0,0,0,0,0,1,0
2024-01-22 00:00:00,24,1,0,81,0,12.0,4.7,3.2,0,1,0,0,0,0,0,0,1,0
2024-01-22 04:00:00,19,5,0,20,0,12.0,4.7,3.2,0,1,0,0,0,0,0,0,1,0
2024-01-22 03:00:00,17,4,0,15,0,12.0,4.7,3.2,0,1,0,0,0,0,0,0,1,0
2024-01-21 20:00:00,23,21,0,99,0,6.2,5.5,10.0,0,0,0,1,0,0,0,0,1,0
2024-01-23 20:00:00,124,21,0,106,0,10.3,4.7,12.3,0,0,0,0,0,1,0,0,1,0
2024-01-23 22:00:00,97,23,0,42,0,10.3,4.7,12.3,0,0,0,0,0,1,0,0,1,0
2024-01-23 21:00:00,94,22,0,67,0,10.3,4.7,12.3,0,0,0,0,0,1,0,0,1,0
2024-01-22 12:00:00,365,13,7,434,0,12.0,4.7,3.2,0,1,0,0,0,0,0,0,1,0
2024-01-23 06:00:00,85,7,0,76,0,10.3,4.7,12.3,0,0,0,0,0,1,0,0,1,0
2024-01-22 06:00:00,75,7,1,109,0,12.0,4.7,3.2,0,1,0,0,0,0,0,0,1,0
2024-01-22 16:00:00,439,17,0,906,0,12.0,4.7,3.2,0,1,0,0,0,0,0,0,1,0
2024-01-21 23:00:00,21,0,0,80,0,6.2,5.5,10.0,0,0,0,1,0,0,0,0,1,0
2024-01-23 05:00:00,49,6,0,38,0,10.3,4.7,12.3,0,0,0,0,0,1,0,0,1,0
2024-01-23 13:00:00,451,14,1,587,0,10.3,4.7,12.3,0,0,0,0,0,1,0,0,1,0
2024-01-21 06:00:00,21,7,0,27,0,6.2,5.5,10.0,0,0,0,1,0,0,0,0,1,0
2024-01-23 10:00:00,380,11,1,608,0,10.3,4.7,12.3,0,0,0,0,0,1,0,0,1,0
2024-01-23 12:00:00,364,13,1,665,0,10.3,4.7,12.3,0,0,0,0,0,1,0,0,1,0
2024-01-21 21:00:00,17,22,0,86,0,6.2,5.5,10.0,0,0,0,1,0,0,0,0,1,0
2024-01-23 23:00:00,42,0,0,31,0,10.3,4.7,12.3,0,0,0,0,0,1,0,0,1,0
2024-01-23 15:00:00,320,16,1,818,0,10.3,4.7,12.3,0,0,0,0,0,1,0,0,1,0
2024-01-23 08:00:00,279,9,1,573,0,10.3,4.7,12.3,0,0,0,0,0,1,0,0,1,0
2024-01-23 04:00:00,15,5,0,14,0,10.3,4.7,12.3,0,0,0,0,0,1,0,0,1,0
2024-01-23 01:00:00,12,2,0,15,0,10.3,4.7,12.3,0,0,0,0,0,1,0,0,1,0
2024-01-23 02:00:00,11,3,0,12,0,10.3,4.7,12.3,0,0,0,0,0,1,0,0,1,0
2024-01-23 03:00:00,11,4,0,6,0,10.3,4.7,12.3,0,0,0,0,0,1,0,0,1,0
2024-01-23 00:00:00,9,1,0,28,0,10.3,4.7,12.3,0,0,0,0,0,1,0,0,1,0
2024-01-22 09:00:00,323,10,4,1025,0,12.0,4.7,3.2,0,1,0,0,0,0,0,0,1,0
2024-01-21 04:00:00,4,5,0,10,0,6.2,5.5,10.0,0,0,0,1,0,0,0,0,1,0
2024-01-23 09:00:00,377,10,3,769,0,10.3,4.7,12.3,0,0,0,0,0,1,0,0,1,0
2024-01-23 11:00:00,373,12,0,552,0,10.3,4.7,12.3,0,0,0,0,0,1,0,0,1,0
2024-01-23 16:00:00,330,17,0,345,0,10.3,4.7,12.3,0,0,0,0,0,1,0,0,1,0
2024-01-23 14:00:00,310,15,0,765,0,10.3,4.7,12.3,0,0,0,0,0,1,0,0,1,0
2024-01-23 17:00:00,303,18,0,296,0,10.3,4.7,12.3,0,0,0,0,0,1,0,0,1,0
2024-01-23 18:00:00,233,19,0,175,0,10.3,4.7,12.3,0,0,0,0,0,1,0,0,1,0
2024-01-23 07:00:00,205,8,0,198,0,10.3,4.7,12.3,0,0,0,0,0,1,0,0,1,0
2024-01-25 09:00:00,409,10,9,764,0,8.5,3.2,4.6,0,0,0,0,1,0,0,0,1,0
2024-01-25 15:00:00,400,16,9,983,0,8.5,3.2,4.6,0,0,0,0,1,0,0,0,1,0
2024-01-25 10:00:00,399,11,9,891,0,8.5,3.2,4.6,0,0,0,0,1,0,0,0,1,0
2024-01-25 08:00:00,270,9,9,567,0,8.5,3.2,4.6,0,0,0,0,1,0,0,0,1,0
2024-01-25 16:00:00,506,17,4,613,0,8.5,3.2,4.6,0,0,0,0,1,0,0,0,1,0
2024-01-24 17:00:00,351,18,0,625,0,10.7,5.5,0.0,0,0,0,0,0,0,1,0,1,0
2024-01-24 18:00:00,245,19,0,353,0,10.7,5.5,0.0,0,0,0,0,0,0,1,0,1,0
2024-01-25 07:00:00,210,8,3,186,0,8.5,3.2,4.6,0,0,0,0,1,0,0,0,1,0
2024-01-24 07:00:00,207,8,0,148,0,10.7,5.5,0.0,0,0,0,0,0,0,1,0,1,0
2024-01-24 19:00:00,195,20,0,319,0,10.7,5.5,0.0,0,0,0,0,0,0,1,0,1,0
2024-01-24 13:00:00,382,14,4,1012,0,10.7,5.5,0.0,0,0,0,0,0,0,1,0,1,0
2024-01-24 15:00:00,420,16,7,824,0,10.7,5.5,0.0,0,0,0,0,0,0,1,0,1,0
2024-01-24 14:00:00,403,15,7,471,0,10.7,5.5,0.0,0,0,0,0,0,0,1,0,1,0
2024-01-24 10:00:00,380,11,7,1019,0,10.7,5.5,0.0,0,0,0,0,0,0,1,0,1,0
2024-01-24 08:00:00,270,9,6,570,0,10.7,5.5,0.0,0,0,0,0,0,0,1,0,1,0
2024-01-25 18:00:00,260,19,0,299,0,8.5,3.2,4.6,0,0,0,0,1,0,0,0,1,0
2024-01-24 09:00:00,317,10,4,835,0,10.7,5.5,0.0,0,0,0,0,0,0,1,0,1,0
2024-01-24 20:00:00,144,21,0,234,0,10.7,5.5,0.0,0,0,0,0,0,0,1,0,1,0
2024-01-24 21:00:00,110,22,0,163,0,10.7,5.5,0.0,0,0,0,0,0,0,1,0,1,0
2024-01-24 22:00:00,109,23,0,163,0,10.7,5.5,0.0,0,0,0,0,0,0,1,0,1,0
2024-01-24 23:00:00,94,0,0,74,0,10.7,5.5,0.0,0,0,0,0,0,0,1,0,1,0
2024-01-24 06:00:00,91,7,0,91,0,10.7,5.5,0.0,0,0,0,0,0,0,1,0,1,0
2024-01-25 19:00:00,210,20,0,304,0,8.5,3.2,4.6,0,0,0,0,1,0,0,0,1,0
2024-01-25 20:00:00,166,21,0,222,0,8.5,3.2,4.6,0,0,0,0,1,0,0,0,1,0
2024-01-24 01:00:00,45,2,0,10,0,10.7,5.5,0.0,0,0,0,0,0,0,1,0,1,0
2024-01-24 05:00:00,44,6,0,54,0,10.7,5.5,0.0,0,0,0,0,0,0,1,0,1,0
2024-01-25 06:00:00,84,7,0,87,0,8.5,3.2,4.6,0,0,0,0,1,0,0,0,1,0
2024-01-25 11:00:00,359,12,18,1020,0,8.5,3.2,4.6,0,0,0,0,1,0,0,0,1,0
2024-01-24 02:00:00,26,3,0,10,0,10.7,5.5,0.0,0,0,0,0,0,0,1,0,1,0
2024-01-24 03:00:00,19,4,0,8,0,10.7,5.5,0.0,0,0,0,0,0,0,1,0,1,0
2024-01-24 00:00:00,14,1,0,19,0,10.7,5.5,0.0,0,0,0,0,0,0,1,0,1,0
2024-01-24 04:00:00,13,5,0,13,0,10.7,5.5,0.0,0,0,0,0,0,0,1,0,1,0
2024-01-25 14:00:00,468,15,17,1040,0,8.5,3.2,4.6,0,0,0,0,1,0,0,0,1,0
2024-01-25 17:00:00,387,18,1,305,0,8.5,3.2,4.6,0,0,0,0,1,0,0,0,1,0
2024-01-25 21:00:00,131,22,1,152,0,8.5,3.2,4.6,0,0,0,0,1,0,0,0,1,0
2024-01-24 12:00:00,440,13,2,1197,0,10.7,5.5,0.0,0,0,0,0,0,0,1,0,1,0
2024-01-24 11:00:00,387,12,2,1103,0,10.7,5.5,0.0,0,0,0,0,0,0,1,0,1,0
2024-01-25 12:00:00,469,13,12,1033,0,8.5,3.2,4.6,0,0,0,0,1,0,0,0,1,0
2024-01-25 13:00:00,459,14,11,977,0,8.5,3.2,4.6,0,0,0,0,1,0,0,0,1,0
2024-01-25 04:00:00,21,5,1,18,0,8.5,3.2,4.6,0,0,0,0,1,0,0,0,1,0
2024-01-24 16:00:00,436,17,1,859,0,10.7,5.5,0.0,0,0,0,0,0,0,1,0,1,0
2024-01-25 00:00:00,62,1,0,66,0,8.5,3.2,4.6,0,0,0,0,1,0,0,0,1,0
2024-01-25 05:00:00,46,6,0,37,0,8.5,3.2,4.6,0,0,0,0,1,0,0,0,1,0
2024-01-25 01:00:00,43,2,0,26,0,8.5,3.2,4.6,0,0,0,0,1,0,0,0,1,0
2024-01-25 02:00:00,36,3,0,26,0,8.5,3.2,4.6,0,0,0,0,1,0,0,0,1,0
2024-01-25 03:00:00,30,4,0,18,0,8.5,3.2,4.6,0,0,0,0,1,0,0,0,1,0
2024-01-25 23:00:00,17,0,0,87,0,8.5,3.2,4.6,0,0,0,0,1,0,0,0,1,0
2024-01-25 22:00:00,10,23,0,44,0,8.5,3.2,4.6,0,0,0,0,1,0,0,0,1,0
2024-01-27 14:00:00,516,15,21,1588,0,11.3,5.5,0.0,0,0,1,0,0,0,0,0,1,0
2024-01-26 12:00:00,561,13,2,1599,0,9.7,5.5,0.0,1,0,0,0,0,0,0,0,1,0
2024-01-26 19:00:00,62,20,0,233,0,9.7,5.5,0.0,1,0,0,0,0,0,0,0,1,0
2024-01-27 17:00:00,365,18,0,612,0,11.3,5.5,0.0,0,0,1,0,0,0,0,0,1,0
2024-01-27 18:00:00,353,19,0,339,0,11.3,5.5,0.0,0,0,1,0,0,0,0,0,1,0
2024-01-26 20:00:00,50,21,0,224,0,9.7,5.5,0.0,1,0,0,0,0,0,0,0,1,0
2024-01-27 09:00:00,338,10,4,877,0,11.3,5.5,0.0,0,0,1,0,0,0,0,0,1,0
2024-01-27 08:00:00,219,9,2,567,0,11.3,5.5,0.0,0,0,1,0,0,0,0,0,1,0
2024-01-27 10:00:00,492,11,1,1233,0,11.3,5.5,0.0,0,0,1,0,0,0,0,0,1,0
2024-01-27 16:00:00,427,17,1,869,0,11.3,5.5,0.0,0,0,1,0,0,0,0,0,1,0
2024-01-27 20:00:00,248,21,0,298,0,11.3,5.5,0.0,0,0,1,0,0,0,0,0,1,0
2024-01-27 21:00:00,234,22,0,254,0,11.3,5.5,0.0,0,0,1,0,0,0,0,0,1,0
2024-01-27 19:00:00,228,20,0,381,0,11.3,5.5,0.0,0,0,1,0,0,0,0,0,1,0
2024-01-27 13:00:00,515,14,16,1734,0,11.3,5.5,0.0,0,0,1,0,0,0,0,0,1,0
2024-01-27 11:00:00,493,12,14,1535,0,11.3,5.5,0.0,0,0,1,0,0,0,0,0,1,0
2024-01-27 15:00:00,539,16,13,1352,0,11.3,5.5,0.0,0,0,1,0,0,0,0,0,1,0
2024-01-27 12:00:00,485,13,6,1660,0,11.3,5.5,0.0,0,0,1,0,0,0,0,0,1,0
2024-01-26 17:00:00,481,18,1,477,0,9.7,5.5,0.0,1,0,0,0,0,0,0,0,1,0
2024-01-27 22:00:00,163,23,0,284,0,11.3,5.5,0.0,0,0,1,0,0,0,0,0,1,0
2024-01-26 18:00:00,371,19,1,423,0,9.7,5.5,0.0,1,0,0,0,0,0,0,0,1,0
2024-01-27 07:00:00,122,8,0,150,0,11.3,5.5,0.0,0,0,1,0,0,0,0,0,1,0
2024-01-27 23:00:00,112,0,0,318,0,11.3,5.5,0.0,0,0,1,0,0,0,0,0,1,0
2024-01-26 21:00:00,102,22,1,223,0,9.7,5.5,0.0,1,0,0,0,0,0,0,0,1,0
2024-01-27 01:00:00,102,2,0,214,0,11.3,5.5,0.0,0,0,1,0,0,0,0,0,1,0
2024-01-26 14:00:00,235,15,7,516,0,9.7,5.5,0.0,1,0,0,0,0,0,0,0,1,0
2024-01-26 15:00:00,254,16,6,709,0,9.7,5.5,0.0,1,0,0,0,0,0,0,0,1,0
2024-01-27 03:00:00,53,4,0,413,0,11.3,5.5,0.0,0,0,1,0,0,0,0,0,1,0
2024-01-26 16:00:00,531,17,5,1070,0,9.7,5.5,0.0,1,0,0,0,0,0,0,0,1,0
2024-01-27 06:00:00,51,7,0,61,0,11.3,5.5,0.0,0,0,1,0,0,0,0,0,1,0
2024-01-26 13:00:00,337,14,0,968,0,9.7,5.5,0.0,1,0,0,0,0,0,0,0,1,0
2024-01-27 00:00:00,50,1,0,314,0,11.3,5.5,0.0,0,0,1,0,0,0,0,0,1,0
2024-01-27 02:00:00,47,3,0,198,0,11.3,5.5,0.0,0,0,1,0,0,0,0,0,1,0
2024-01-26 22:00:00,176,23,0,184,0,9.7,5.5,0.0,1,0,0,0,0,0,0,0,1,0
2024-01-26 11:00:00,507,12,4,944,0,9.7,5.5,0.0,1,0,0,0,0,0,0,0,1,0
2024-01-26 08:00:00,234,9,4,485,0,9.7,5.5,0.0,1,0,0,0,0,0,0,0,1,0
2024-01-27 05:00:00,31,6,0,22,0,11.3,5.5,0.0,0,0,1,0,0,0,0,0,1,0
2024-01-26 07:00:00,78,8,0,382,0,9.7,5.5,0.0,1,0,0,0,0,0,0,0,1,0
2024-01-26 10:00:00,408,11,3,801,0,9.7,5.5,0.0,1,0,0,0,0,0,0,0,1,0
2024-01-27 04:00:00,23,5,0,26,0,11.3,5.5,0.0,0,0,1,0,0,0,0,0,1,0
2024-01-26 09:00:00,361,10,3,468,0,9.7,5.5,0.0,1,0,0,0,0,0,0,0,1,0
2024-01-26 23:00:00,70,0,0,357,0,9.7,5.5,0.0,1,0,0,0,0,0,0,0,1,0
2024-01-26 02:00:00,22,3,0,128,0,9.7,5.5,0.0,1,0,0,0,0,0,0,0,1,0
2024-01-26 06:00:00,20,7,0,68,0,9.7,5.5,0.0,1,0,0,0,0,0,0,0,1,0
2024-01-26 00:00:00,17,1,0,86,0,9.7,5.5,0.0,1,0,0,0,0,0,0,0,1,0
2024-01-26 01:00:00,16,2,0,51,0,9.7,5.5,0.0,1,0,0,0,0,0,0,0,1,0
2024-01-26 04:00:00,11,5,0,12,0,9.7,5.5,0.0,1,0,0,0,0,0,0,0,1,0
2024-01-26 05:00:00,10,6,0,32,0,9.7,5.5,0.0,1,0,0,0,0,0,0,0,1,0
2024-01-26 03:00:00,7,4,0,9,0,9.7,5.5,0.0,1,0,0,0,0,0,0,0,1,0
2024-01-28 07:00:00,74,8,0,82,0,5.7,5.5,0.0,0,0,0,1,0,0,0,0,1,0
2024-01-28 21:00:00,73,22,0,227,0,5.7,5.5,0.0,0,0,0,1,0,0,0,0,1,0
2024-01-28 02:00:00,64,3,0,247,0,5.7,5.5,0.0,0,0,0,1,0,0,0,0,1,0
2024-01-28 01:00:00,51,2,0,313,0,5.7,5.5,0.0,0,0,0,1,0,0,0,0,1,0
2024-01-28 06:00:00,32,7,0,26,0,5.7,5.5,0.0,0,0,0,1,0,0,0,0,1,0
2024-01-28 05:00:00,20,6,0,25,0,5.7,5.5,0.0,0,0,0,1,0,0,0,0,1,0
2024-01-28 04:00:00,16,5,0,30,0,5.7,5.5,0.0,0,0,0,1,0,0,0,0,1,0
2024-01-29 09:00:00,281,10,8,651,0,7.4,5.5,0.0,0,1,0,0,0,0,0,0,1,0
2024-01-29 16:00:00,138,17,8,565,0,7.4,5.5,0.0,0,1,0,0,0,0,0,0,1,0
2024-01-28 13:00:00,319,14,5,1552,0,5.7,5.5,0.0,0,0,0,1,0,0,0,0,1,0
2024-01-28 12:00:00,309,13,4,1545,0,5.7,5.5,0.0,0,0,0,1,0,0,0,0,1,0
2024-01-28 16:00:00,299,17,4,1018,0,5.7,5.5,0.0,0,0,0,1,0,0,0,0,1,0
2024-01-28 15:00:00,267,16,4,1730,0,5.7,5.5,0.0,0,0,0,1,0,0,0,0,1,0
2024-01-28 11:00:00,265,12,4,921,0,5.7,5.5,0.0,0,0,0,1,0,0,0,0,1,0
2024-01-30 12:00:00,428,13,8,1146,0,8.7,5.5,0.0,0,0,0,0,0,1,0,0,1,0
2024-01-30 14:00:00,408,15,8,900,0,8.7,5.5,0.0,0,0,0,0,0,1,0,0,1,0
2024-01-30 09:00:00,370,10,7,733,0,8.7,5.5,0.0,0,0,0,0,0,1,0,0,1,0
2024-01-29 12:00:00,389,13,18,959,0,7.4,5.5,0.0,0,1,0,0,0,0,0,0,1,0
2024-01-29 04:00:00,9,5,0,5,0,7.4,5.5,0.0,0,1,0,0,0,0,0,0,1,0
2024-01-29 14:00:00,360,15,18,962,0,7.4,5.5,0.0,0,1,0,0,0,0,0,0,1,0
2024-01-29 03:00:00,7,4,0,20,0,7.4,5.5,0.0,0,1,0,0,0,0,0,0,1,0
2024-01-28 14:00:00,318,15,2,1669,0,5.7,5.5,0.0,0,0,0,1,0,0,0,0,1,0
2024-01-29 17:00:00,160,18,1,449,0,7.4,5.5,0.0,0,1,0,0,0,0,0,0,1,0
2024-01-29 08:00:00,319,9,17,526,0,7.4,5.5,0.0,0,1,0,0,0,0,0,0,1,0
2024-01-29 05:00:00,5,6,0,48,0,7.4,5.5,0.0,0,1,0,0,0,0,0,0,1,0
2024-01-29 15:00:00,233,16,5,736,0,7.4,5.5,0.0,0,1,0,0,0,0,0,0,1,0
2024-01-29 10:00:00,320,11,15,818,0,7.4,5.5,0.0,0,1,0,0,0,0,0,0,1,0
2024-01-29 07:00:00,179,8,4,227,0,7.4,5.5,0.0,0,1,0,0,0,0,0,0,1,0
2024-01-29 18:00:00,112,19,2,411,0,7.4,5.5,0.0,0,1,0,0,0,0,0,0,1,0
2024-01-29 11:00:00,383,12,12,717,0,7.4,5.5,0.0,0,1,0,0,0,0,0,0,1,0
2024-01-29 13:00:00,400,14,10,861,0,7.4,5.5,0.0,0,1,0,0,0,0,0,0,1,0
2024-01-28 10:00:00,201,11,1,658,0,5.7,5.5,0.0,0,0,0,1,0,0,0,0,1,0
2024-01-28 22:00:00,184,23,1,130,0,5.7,5.5,0.0,0,0,0,1,0,0,0,0,1,0
2024-01-28 09:00:00,134,10,1,384,0,5.7,5.5,0.0,0,0,0,1,0,0,0,0,1,0
2024-01-28 23:00:00,35,0,1,124,0,5.7,5.5,0.0,0,0,0,1,0,0,0,0,1,0
2024-01-28 17:00:00,204,18,0,503,0,5.7,5.5,0.0,0,0,0,1,0,0,0,0,1,0
2024-01-28 18:00:00,199,19,0,321,0,5.7,5.5,0.0,0,0,0,1,0,0,0,0,1,0
2024-01-28 19:00:00,183,20,0,261,0,5.7,5.5,0.0,0,0,0,1,0,0,0,0,1,0
2024-01-28 20:00:00,104,21,0,253,0,5.7,5.5,0.0,0,0,0,1,0,0,0,0,1,0
2024-01-28 00:00:00,98,1,0,324,0,5.7,5.5,0.0,0,0,0,1,0,0,0,0,1,0
2024-01-28 08:00:00,82,9,0,195,0,5.7,5.5,0.0,0,0,0,1,0,0,0,0,1,0
2024-01-28 03:00:00,79,4,0,361,0,5.7,5.5,0.0,0,0,0,1,0,0,0,0,1,0
2024-01-29 19:00:00,481,20,0,229,0,7.4,5.5,0.0,0,1,0,0,0,0,0,0,1,0
2024-01-29 20:00:00,460,21,0,151,0,7.4,5.5,0.0,0,1,0,0,0,0,0,0,1,0
2024-01-29 21:00:00,343,22,0,50,0,7.4,5.5,0.0,0,1,0,0,0,0,0,0,1,0
2024-01-29 22:00:00,228,23,0,65,0,7.4,5.5,0.0,0,1,0,0,0,0,0,0,1,0
2024-01-29 23:00:00,81,0,0,83,0,7.4,5.5,0.0,0,1,0,0,0,0,0,0,1,0
2024-01-29 06:00:00,59,7,0,86,0,7.4,5.5,0.0,0,1,0,0,0,0,0,0,1,0
2024-01-29 02:00:00,39,3,0,209,0,7.4,5.5,0.0,0,1,0,0,0,0,0,0,1,0
2024-01-29 00:00:00,36,1,0,146,0,7.4,5.5,0.0,0,1,0,0,0,0,0,0,1,0
2024-01-29 01:00:00,34,2,0,90,0,7.4,5.5,0.0,0,1,0,0,0,0,0,0,1,0
2024-01-31 07:00:00,206,8,0,239,0,11.2,5.5,2.1,0,0,0,0,0,0,1,0,1,0
2024-01-31 06:00:00,72,7,0,78,0,11.2,5.5,2.1,0,0,0,0,0,0,1,0,1,0
2024-01-31 05:00:00,40,6,0,29,0,11.2,5.5,2.1,0,0,0,0,0,0,1,0,1,0
2024-01-31 20:00:00,38,21,0,156,0,11.2,5.5,2.1,0,0,0,0,0,0,1,0,1,0
2024-01-31 21:00:00,38,22,0,136,0,11.2,5.5,2.1,0,0,0,0,0,0,1,0,1,0
2024-01-31 22:00:00,34,23,0,129,0,11.2,5.5,2.1,0,0,0,0,0,0,1,0,1,0
2024-01-31 01:00:00,31,2,0,43,0,11.2,5.5,2.1,0,0,0,0,0,0,1,0,1,0
2024-01-31 02:00:00,30,3,0,22,0,11.2,5.5,2.1,0,0,0,0,0,0,1,0,1,0
2024-01-31 00:00:00,28,1,0,52,0,11.2,5.5,2.1,0,0,0,0,0,0,1,0,1,0
2024-01-31 23:00:00,25,0,0,128,0,11.2,5.5,2.1,0,0,0,0,0,0,1,0,1,0
2024-01-31 03:00:00,22,4,0,27,0,11.2,5.5,2.1,0,0,0,0,0,0,1,0,1,0
2024-01-31 04:00:00,19,5,0,12,0,11.2,5.5,2.1,0,0,0,0,0,0,1,0,1,0
2024-01-30 05:00:00,48,6,1,34,0,8.7,5.5,0.0,0,0,0,0,0,1,0,0,1,0
2024-01-31 19:00:00,165,20,2,367,0,11.2,5.5,2.1,0,0,0,0,0,0,1,0,1,0
2024-01-30 03:00:00,24,4,1,20,0,8.7,5.5,0.0,0,0,0,0,0,1,0,0,1,0
2024-01-31 14:00:00,456,15,1,1140,0,11.2,5.5,2.1,0,0,0,0,0,0,1,0,1,0
2024-01-31 12:00:00,428,13,1,1472,0,11.2,5.5,2.1,0,0,0,0,0,0,1,0,1,0
2024-01-31 13:00:00,399,14,1,1430,0,11.2,5.5,2.1,0,0,0,0,0,0,1,0,1,0
2024-01-31 15:00:00,380,16,1,1239,0,11.2,5.5,2.1,0,0,0,0,0,0,1,0,1,0
2024-01-31 08:00:00,331,9,1,665,0,11.2,5.5,2.1,0,0,0,0,0,0,1,0,1,0
2024-01-31 17:00:00,283,18,1,816,0,11.2,5.5,2.1,0,0,0,0,0,0,1,0,1,0
2024-01-31 09:00:00,405,10,0,964,0,11.2,5.5,2.1,0,0,0,0,0,0,1,0,1,0
2024-01-30 07:00:00,196,8,0,199,0,8.7,5.5,0.0,0,0,0,0,0,1,0,0,1,0
2024-01-30 17:00:00,86,18,0,387,0,8.7,5.5,0.0,0,0,0,0,0,1,0,0,1,0
2024-01-30 06:00:00,70,7,0,80,0,8.7,5.5,0.0,0,0,0,0,0,1,0,0,1,0
2024-01-30 18:00:00,69,19,0,235,0,8.7,5.5,0.0,0,0,0,0,0,1,0,0,1,0
2024-01-30 19:00:00,64,20,0,233,0,8.7,5.5,0.0,0,0,0,0,0,1,0,0,1,0
2024-01-30 00:00:00,52,1,0,80,0,8.7,5.5,0.0,0,0,0,0,0,1,0,0,1,0
2024-01-30 22:00:00,41,23,0,104,0,8.7,5.5,0.0,0,0,0,0,0,1,0,0,1,0
2024-01-30 23:00:00,39,0,0,84,0,8.7,5.5,0.0,0,0,0,0,0,1,0,0,1,0
2024-01-30 20:00:00,38,21,0,198,0,8.7,5.5,0.0,0,0,0,0,0,1,0,0,1,0
2024-01-30 21:00:00,30,22,0,148,0,8.7,5.5,0.0,0,0,0,0,0,1,0,0,1,0
2024-01-30 02:00:00,29,3,0,60,0,8.7,5.5,0.0,0,0,0,0,0,1,0,0,1,0
2024-01-30 01:00:00,28,2,0,49,0,8.7,5.5,0.0,0,0,0,0,0,1,0,0,1,0
2024-01-30 04:00:00,20,5,0,13,0,8.7,5.5,0.0,0,0,0,0,0,1,0,0,1,0
2024-01-31 18:00:00,302,19,4,456,0,11.2,5.5,2.1,0,0,0,0,0,0,1,0,1,0
2024-01-31 16:00:00,360,17,3,879,0,11.2,5.5,2.1,0,0,0,0,0,0,1,0,1,0
2024-01-31 11:00:00,431,12,2,1460,0,11.2,5.5,2.1,0,0,0,0,0,0,1,0,1,0
2024-01-31 10:00:00,376,11,2,1256,0,11.2,5.5,2.1,0,0,0,0,0,0,1,0,1,0
2024-01-30 08:00:00,296,9,6,604,0,8.7,5.5,0.0,0,0,0,0,0,1,0,0,1,0
2024-01-30 11:00:00,404,12,5,1074,0,8.7,5.5,0.0,0,0,0,0,0,1,0,0,1,0
2024-01-30 10:00:00,339,11,4,795,0,8.7,5.5,0.0,0,0,0,0,0,1,0,0,1,0
2024-01-30 15:00:00,190,16,4,627,0,8.7,5.5,0.0,0,0,0,0,0,1,0,0,1,0
2024-01-30 16:00:00,130,17,4,615,0,8.7,5.5,0.0,0,0,0,0,0,1,0,0,1,0
2024-01-30 13:00:00,412,14,1,880,0,8.7,5.5,0.0,0,0,0,0,0,1,0,0,1,0
2024-03-08 15:00:00,546,16,28,1173,0,6.2,3.6,0.0,1,0,0,0,0,0,0,0,1,0
2024-03-16 10:00:00,135,11,45,301,0,12.5,-0.6,9.2,0,0,1,0,0,0,0,0,1,0
2024-03-16 09:00:00,113,10,36,227,0,12.5,-0.6,9.2,0,0,1,0,0,0,0,0,1,0
2024-03-30 10:00:00,257,11,32,548,0,11.2,3.4,1.3,0,0,1,0,0,0,0,0,1,0
2024-03-30 09:00:00,118,10,32,207,0,11.2,3.4,1.3,0,0,1,0,0,0,0,0,1,0
2024-03-16 11:00:00,240,12,24,533,0,12.5,-0.6,9.2,0,0,1,0,0,0,0,0,1,0
2024-03-07 14:00:00,209,15,24,561,0,6.5,5.5,1.5,0,0,0,0,1,0,0,0,1,0
2024-03-07 13:00:00,202,14,21,552,0,6.5,5.5,1.5,0,0,0,0,1,0,0,0,1,0
2024-03-18 17:00:00,198,18,21,424,0,14.1,6.1,2.3,0,1,0,0,0,0,0,0,1,0
2024-03-07 15:00:00,198,16,20,586,0,6.5,5.5,1.5,0,0,0,0,1,0,0,0,1,0
2024-03-29 12:00:00,173,13,20,580,1,12.0,4.8,0.0,1,0,0,0,0,0,0,0,1,0
2024-03-12 16:00:00,431,17,22,894,0,11.2,5.1,1.8,0,0,0,0,0,1,0,0,1,0
2024-03-07 09:00:00,161,10,18,338,0,6.5,5.5,1.5,0,0,0,0,1,0,0,0,1,0
2024-03-09 10:00:00,155,11,18,317,0,6.3,5.5,0.0,0,0,1,0,0,0,0,0,1,0
2024-03-06 16:00:00,484,17,17,880,0,8.1,5.7,0.6,0,0,0,0,0,0,1,0,1,0
2024-03-06 15:00:00,456,16,17,886,0,8.1,5.7,0.6,0,0,0,0,0,0,1,0,1,0
2024-03-20 16:00:00,412,17,17,1182,0,12.3,6.2,0.0,0,0,0,0,0,0,1,0,1,0
2024-03-31 17:00:00,236,18,17,361,0,8.8,1.4,0.1,0,0,0,1,0,0,0,0,1,0
2024-03-19 16:00:00,234,17,17,641,0,7.8,8.5,0.0,0,0,0,0,0,1,0,0,1,0
2024-03-28 13:00:00,434,14,14,1406,0,10.2,2.1,4.5,0,0,0,0,1,0,0,0,1,0
2024-03-07 11:00:00,203,12,14,442,0,6.5,5.5,1.5,0,0,0,0,1,0,0,0,1,0
2024-03-28 16:00:00,195,17,14,770,0,10.2,2.1,4.5,0,0,0,0,1,0,0,0,1,0
2024-03-09 12:00:00,194,13,14,378,0,6.3,5.5,0.0,0,0,1,0,0,0,0,0,1,0
2024-03-07 10:00:00,187,11,14,333,0,6.5,5.5,1.5,0,0,0,0,1,0,0,0,1,0
2024-03-30 08:00:00,87,9,18,143,0,11.2,3.4,1.3,0,0,1,0,0,0,0,0,1,0
2024-03-28 14:00:00,467,15,15,1247,0,10.2,2.1,4.5,0,0,0,0,1,0,0,0,1,0
2024-03-12 15:00:00,397,16,15,833,0,11.2,5.1,1.8,0,0,0,0,0,1,0,0,1,0
2024-03-18 16:00:00,243,17,16,485,0,14.1,6.1,2.3,0,1,0,0,0,0,0,0,1,0
2024-03-09 13:00:00,205,14,16,476,0,6.3,5.5,0.0,0,0,1,0,0,0,0,0,1,0
2024-03-29 15:00:00,158,16,17,491,1,12.0,4.8,0.0,1,0,0,0,0,0,0,0,1,0
2024-03-29 11:00:00,244,12,15,689,1,12.0,4.8,0.0,1,0,0,0,0,0,0,0,1,0
2024-03-06 11:00:00,206,12,15,460,0,8.1,5.7,0.6,0,0,0,0,0,0,1,0,1,0
2024-03-26 17:00:00,155,18,15,321,0,7.8,1.5,6.1,0,0,0,0,0,1,0,0,1,0
2024-03-09 11:00:00,180,12,14,378,0,6.3,5.5,0.0,0,0,1,0,0,0,0,0,1,0
2024-03-26 16:00:00,163,17,13,429,0,7.8,1.5,6.1,0,0,0,0,0,1,0,0,1,0
2024-03-18 15:00:00,949,16,11,455,0,14.1,6.1,2.3,0,1,0,0,0,0,0,0,1,0
2024-03-18 14:00:00,642,15,11,736,0,14.1,6.1,2.3,0,1,0,0,0,0,0,0,1,0
2024-03-02 16:00:00,470,17,11,1005,0,6.8,5.5,3.2,0,0,1,0,0,0,0,0,1,0
2024-03-06 14:00:00,434,15,11,978,0,8.1,5.7,0.6,0,0,0,0,0,0,1,0,1,0
2024-03-23 12:00:00,287,13,11,804,0,12.1,5.0,0.0,0,0,1,0,0,0,0,0,1,0
2024-03-14 14:00:00,451,15,13,734,0,9.2,3.8,15.0,0,0,0,0,1,0,0,0,1,0
2024-03-12 13:00:00,422,14,13,918,0,11.2,5.1,1.8,0,0,0,0,0,1,0,0,1,0
2024-03-06 17:00:00,391,18,13,710,0,8.1,5.7,0.6,0,0,0,0,0,0,1,0,1,0
2024-03-11 11:00:00,366,12,13,1173,0,11.0,4.2,0.2,0,1,0,0,0,0,0,0,1,0
2024-03-08 16:00:00,292,17,13,598,0,6.2,3.6,0.0,1,0,0,0,0,0,0,0,1,0
2024-03-28 12:00:00,500,13,12,1268,0,10.2,2.1,4.5,0,0,0,0,1,0,0,0,1,0
2024-03-12 14:00:00,443,15,12,908,0,11.2,5.1,1.8,0,0,0,0,0,1,0,0,1,0
2024-03-20 14:00:00,379,15,12,1158,0,12.3,6.2,0.0,0,0,0,0,0,0,1,0,1,0
2024-03-17 14:00:00,334,15,12,1450,0,13.8,5.5,0.0,0,0,0,1,0,0,0,0,1,0
2024-03-29 16:00:00,183,17,12,448,1,12.0,4.8,0.0,1,0,0,0,0,0,0,0,1,0
2024-03-25 11:00:00,184,12,9,835,0,7.4,4.0,15.2,0,1,0,0,0,0,0,0,1,0
2024-03-21 16:00:00,430,17,9,1287,0,11.3,3.2,0.3,0,0,0,0,1,0,0,0,1,0
2024-03-11 12:00:00,359,13,9,1239,0,11.0,4.2,0.2,0,1,0,0,0,0,0,0,1,0
2024-03-09 14:00:00,347,15,9,751,0,6.3,5.5,0.0,0,0,1,0,0,0,0,0,1,0
2024-03-25 10:00:00,346,11,9,1032,0,7.4,4.0,15.2,0,1,0,0,0,0,0,0,1,0
2024-03-31 16:00:00,340,17,9,531,0,8.8,1.4,0.1,0,0,0,1,0,0,0,0,1,0
2024-03-17 15:00:00,302,16,9,1409,0,13.8,5.5,0.0,0,0,0,1,0,0,0,0,1,0
2024-03-26 13:00:00,234,14,9,420,0,7.8,1.5,6.1,0,0,0,0,0,1,0,0,1,0
2024-03-31 18:00:00,222,19,9,435,0,8.8,1.4,0.1,0,0,0,1,0,0,0,0,1,0
2024-03-26 12:00:00,214,13,9,368,0,7.8,1.5,6.1,0,0,0,0,0,1,0,0,1,0
2024-03-26 15:00:00,199,16,9,404,0,7.8,1.5,6.1,0,0,0,0,0,1,0,0,1,0
2024-03-26 14:00:00,193,15,9,415,0,7.8,1.5,6.1,0,0,0,0,0,1,0,0,1,0
2024-03-24 16:00:00,188,17,9,988,0,6.5,5.0,0.0,0,0,0,1,0,0,0,0,1,0
2024-03-07 12:00:00,186,13,9,530,0,6.5,5.5,1.5,0,0,0,0,1,0,0,0,1,0
2024-03-08 17:00:00,186,18,10,385,0,6.2,3.6,0.0,1,0,0,0,0,0,0,0,1,0
2024-03-27 16:00:00,171,17,10,387,0,9.1,1.4,5.9,0,0,0,0,0,0,1,0,1,0
2024-03-07 17:00:00,169,18,10,387,0,6.5,5.5,1.5,0,0,0,0,1,0,0,0,1,0
2024-03-07 07:00:00,63,8,10,167,0,6.5,5.5,1.5,0,0,0,0,1,0,0,0,1,0
2024-03-19 17:00:00,149,18,9,655,0,7.8,8.5,0.0,0,0,0,0,0,1,0,0,1,0
2024-03-19 08:00:00,102,9,9,549,0,7.8,8.5,0.0,0,0,0,0,0,1,0,0,1,0
2024-03-01 17:00:00,460,18,10,1099,0,7.6,-1.6,2.2,1,0,0,0,0,0,0,0,1,0
2024-03-15 12:00:00,446,13,10,1090,0,8.4,3.8,2.1,1,0,0,0,0,0,0,0,1,0
2024-03-18 12:00:00,429,13,10,1182,0,14.1,6.1,2.3,0,1,0,0,0,0,0,0,1,0
2024-03-28 10:00:00,416,11,10,835,0,10.2,2.1,4.5,0,0,0,0,1,0,0,0,1,0
2024-03-03 17:00:00,261,18,10,642,0,8.1,5.5,0.0,0,0,0,1,0,0,0,0,1,0
2024-03-07 16:00:00,217,17,10,542,0,6.5,5.5,1.5,0,0,0,0,1,0,0,0,1,0
2024-03-15 13:00:00,514,14,8,1118,0,8.4,3.8,2.1,1,0,0,0,0,0,0,0,1,0
2024-03-18 11:00:00,380,12,8,1090,0,14.1,6.1,2.3,0,1,0,0,0,0,0,0,1,0
2024-03-25 09:00:00,362,10,8,604,0,7.4,4.0,15.2,0,1,0,0,0,0,0,0,1,0
2024-03-05 16:00:00,362,17,8,833,0,7.2,5.5,0.0,0,0,0,0,0,1,0,0,1,0
2024-03-20 15:00:00,344,16,8,1202,0,12.3,6.2,0.0,0,0,0,0,0,0,1,0,1,0
2024-03-27 14:00:00,237,15,8,312,0,9.1,1.4,5.9,0,0,0,0,0,0,1,0,1,0
2024-03-28 15:00:00,231,16,8,1128,0,10.2,2.1,4.5,0,0,0,0,1,0,0,0,1,0
2024-03-28 17:00:00,148,18,7,663,0,10.2,2.1,4.5,0,0,0,0,1,0,0,0,1,0
2024-03-15 11:00:00,483,12,7,896,0,8.4,3.8,2.1,1,0,0,0,0,0,0,0,1,0
2024-03-30 11:00:00,483,12,7,1184,0,11.2,3.4,1.3,0,0,1,0,0,0,0,0,1,0
2024-03-30 14:00:00,470,15,7,1114,0,11.2,3.4,1.3,0,0,1,0,0,0,0,0,1,0
2024-03-28 11:00:00,454,12,7,1067,0,10.2,2.1,4.5,0,0,0,0,1,0,0,0,1,0
2024-03-16 16:00:00,432,17,7,2060,0,12.5,-0.6,9.2,0,0,1,0,0,0,0,0,1,0
2024-03-30 13:00:00,420,14,7,1206,0,11.2,3.4,1.3,0,0,1,0,0,0,0,0,1,0
2024-03-19 14:00:00,419,15,7,702,0,7.8,8.5,0.0,0,0,0,0,0,1,0,0,1,0
2024-03-19 13:00:00,418,14,7,702,0,7.8,8.5,0.0,0,0,0,0,0,1,0,0,1,0
2024-03-20 12:00:00,410,13,7,901,0,12.3,6.2,0.0,0,0,0,0,0,0,1,0,1,0
2024-03-12 17:00:00,393,18,7,735,0,11.2,5.1,1.8,0,0,0,0,0,1,0,0,1,0
2024-03-13 16:00:00,341,17,7,1102,0,7.0,5.9,1.4,0,0,0,0,0,0,1,0,1,0
2024-03-11 09:00:00,329,10,7,831,0,11.0,4.2,0.2,0,1,0,0,0,0,0,0,1,0
2024-03-25 08:00:00,274,9,7,492,0,7.4,4.0,15.2,0,1,0,0,0,0,0,0,1,0
2024-03-13 17:00:00,248,18,7,596,0,7.0,5.9,1.4,0,0,0,0,0,0,1,0,1,0
2024-03-25 15:00:00,183,16,7,796,0,7.4,4.0,15.2,0,1,0,0,0,0,0,0,1,0
2024-03-06 12:00:00,169,13,7,553,0,8.1,5.7,0.6,0,0,0,0,0,0,1,0,1,0
2024-03-11 14:00:00,571,15,6,1160,0,11.0,4.2,0.2,0,1,0,0,0,0,0,0,1,0
2024-03-21 13:00:00,441,14,6,1443,0,11.3,3.2,0.3,0,0,0,0,1,0,0,0,1,0
2024-03-15 16:00:00,431,17,6,1759,0,8.4,3.8,2.1,1,0,0,0,0,0,0,0,1,0
2024-03-02 17:00:00,416,18,6,751,0,6.8,5.5,3.2,0,0,1,0,0,0,0,0,1,0
2024-03-14 12:00:00,414,13,6,894,0,9.2,3.8,15.0,0,0,0,0,1,0,0,0,1,0
2024-03-14 13:00:00,413,14,6,920,0,9.2,3.8,15.0,0,0,0,0,1,0,0,0,1,0
2024-03-04 15:00:00,392,16,6,1090,0,9.9,-1.6,1.0,0,1,0,0,0,0,0,0,1,0
2024-03-16 12:00:00,392,13,6,1286,0,12.5,-0.6,9.2,0,0,1,0,0,0,0,0,1,0
2024-03-04 14:00:00,381,15,6,511,0,9.9,-1.6,1.0,0,1,0,0,0,0,0,0,1,0
2024-03-05 10:00:00,376,11,6,986,0,7.2,5.5,0.0,0,0,0,0,0,1,0,0,1,0
2024-03-04 10:00:00,342,11,6,898,0,9.9,-1.6,1.0,0,1,0,0,0,0,0,0,1,0
2024-03-16 17:00:00,296,18,6,651,0,12.5,-0.6,9.2,0,0,1,0,0,0,0,0,1,0
2024-03-27 17:00:00,256,18,6,311,0,9.1,1.4,5.9,0,0,0,0,0,0,1,0,1,0
2024-03-31 11:00:00,221,12,6,746,0,8.8,1.4,0.1,0,0,0,1,0,0,0,0,1,0
2024-03-29 13:00:00,193,14,6,441,1,12.0,4.8,0.0,1,0,0,0,0,0,0,0,1,0
2024-03-25 07:00:00,188,8,6,173,0,7.4,4.0,15.2,0,1,0,0,0,0,0,0,1,0
2024-03-07 08:00:00,121,9,7,326,0,6.5,5.5,1.5,0,0,0,0,1,0,0,0,1,0
2024-03-29 17:00:00,132,18,8,346,1,12.0,4.8,0.0,1,0,0,0,0,0,0,0,1,0
2024-03-26 18:00:00,111,19,8,198,0,7.8,1.5,6.1,0,0,0,0,0,1,0,0,1,0
2024-03-18 06:00:00,58,7,8,132,0,14.1,6.1,2.3,0,1,0,0,0,0,0,0,1,0
2024-03-30 06:00:00,21,7,6,35,0,11.2,3.4,1.3,0,0,1,0,0,0,0,0,1,0
2024-03-03 16:00:00,276,17,5,655,0,8.1,5.5,0.0,0,0,0,1,0,0,0,0,1,0
2024-03-19 18:00:00,114,19,6,431,0,7.8,8.5,0.0,0,0,0,0,0,1,0,0,1,0
2024-03-29 18:00:00,93,19,6,290,1,12.0,4.8,0.0,1,0,0,0,0,0,0,0,1,0
2024-03-16 08:00:00,75,9,5,247,0,12.5,-0.6,9.2,0,0,1,0,0,0,0,0,1,0
2024-03-09 08:00:00,73,9,5,156,0,6.3,5.5,0.0,0,0,1,0,0,0,0,0,1,0
2024-03-01 13:00:00,574,14,4,1448,0,7.6,-1.6,2.2,1,0,0,0,0,0,0,0,1,0
2024-03-01 14:00:00,574,15,4,1199,0,7.6,-1.6,2.2,1,0,0,0,0,0,0,0,1,0
2024-03-15 08:00:00,230,9,5,382,0,8.4,3.8,2.1,1,0,0,0,0,0,0,0,1,0
2024-03-10 10:00:00,222,11,5,809,0,6.3,5.5,0.6,0,0,0,1,0,0,0,0,1,0
2024-03-19 07:00:00,62,8,5,353,0,7.8,8.5,0.0,0,0,0,0,0,1,0,0,1,0
2024-03-24 14:00:00,211,15,5,1259,0,6.5,5.0,0.0,0,0,0,1,0,0,0,0,1,0
2024-03-04 08:00:00,208,9,5,575,0,9.9,-1.6,1.0,0,1,0,0,0,0,0,0,1,0
2024-03-04 07:00:00,57,8,5,263,0,9.9,-1.6,1.0,0,1,0,0,0,0,0,0,1,0
2024-03-16 06:00:00,21,7,5,62,0,12.5,-0.6,9.2,0,0,1,0,0,0,0,0,1,0
2024-03-29 14:00:00,202,15,5,612,1,12.0,4.8,0.0,1,0,0,0,0,0,0,0,1,0
2024-03-15 14:00:00,514,15,5,1220,0,8.4,3.8,2.1,1,0,0,0,0,0,0,0,1,0
2024-03-27 15:00:00,200,16,5,398,0,9.1,1.4,5.9,0,0,0,0,0,0,1,0,1,0
2024-03-23 11:00:00,478,12,5,1336,0,12.1,5.0,0.0,0,0,1,0,0,0,0,0,1,0
2024-03-11 13:00:00,437,14,5,1164,0,11.0,4.2,0.2,0,1,0,0,0,0,0,0,1,0
2024-03-20 13:00:00,425,14,5,1095,0,12.3,6.2,0.0,0,0,0,0,0,0,1,0,1,0
2024-03-16 13:00:00,409,14,5,1047,0,12.5,-0.6,9.2,0,0,1,0,0,0,0,0,1,0
2024-03-30 15:00:00,402,16,5,991,0,11.2,3.4,1.3,0,0,1,0,0,0,0,0,1,0
2024-03-19 12:00:00,392,13,5,794,0,7.8,8.5,0.0,0,0,0,0,0,1,0,0,1,0
2024-03-13 11:00:00,387,12,5,1287,0,7.0,5.9,1.4,0,0,0,0,0,0,1,0,1,0
2024-03-04 12:00:00,375,13,5,1003,0,9.9,-1.6,1.0,0,1,0,0,0,0,0,0,1,0
2024-03-26 11:00:00,366,12,5,1316,0,7.8,1.5,6.1,0,0,0,0,0,1,0,0,1,0
2024-03-13 15:00:00,344,16,5,1459,0,7.0,5.9,1.4,0,0,0,0,0,0,1,0,1,0
2024-03-17 12:00:00,312,13,5,1270,0,13.8,5.5,0.0,0,0,0,1,0,0,0,0,1,0
2024-03-20 17:00:00,296,18,5,791,0,12.3,6.2,0.0,0,0,0,0,0,0,1,0,1,0
2024-03-05 13:00:00,283,14,5,827,0,7.2,5.5,0.0,0,0,0,0,0,1,0,0,1,0
2024-03-25 14:00:00,187,15,5,783,0,7.4,4.0,15.2,0,1,0,0,0,0,0,0,1,0
2024-03-18 18:00:00,151,19,5,344,0,14.1,6.1,2.3,0,1,0,0,0,0,0,0,1,0
2024-03-26 06:00:00,105,7,5,112,0,7.8,1.5,6.1,0,0,0,0,0,1,0,0,1,0
2024-03-06 08:00:00,103,9,5,450,0,8.1,5.7,0.6,0,0,0,0,0,0,1,0,1,0
2024-03-09 09:00:00,102,10,5,274,0,6.3,5.5,0.0,0,0,1,0,0,0,0,0,1,0
2024-03-03 12:00:00,349,13,4,845,0,8.1,5.5,0.0,0,0,0,1,0,0,0,0,1,0
2024-03-03 09:00:00,148,10,4,258,0,8.1,5.5,0.0,0,0,0,1,0,0,0,0,1,0
2024-03-18 09:00:00,306,10,4,804,0,14.1,6.1,2.3,0,1,0,0,0,0,0,0,1,0
2024-03-30 18:00:00,328,19,3,605,0,11.2,3.4,1.3,0,0,1,0,0,0,0,0,1,0
2024-03-23 13:00:00,506,14,4,2061,0,12.1,5.0,0.0,0,0,1,0,0,0,0,0,1,0
2024-03-10 13:00:00,324,14,3,1369,0,6.3,5.5,0.6,0,0,0,1,0,0,0,0,1,0
2024-03-03 11:00:00,299,12,4,556,0,8.1,5.5,0.0,0,0,0,1,0,0,0,0,1,0
2024-03-09 15:00:00,505,16,4,1464,0,6.3,5.5,0.0,0,0,1,0,0,0,0,0,1,0
2024-03-20 06:00:00,33,7,4,31,0,12.3,6.2,0.0,0,0,0,0,0,0,1,0,1,0
2024-03-04 06:00:00,32,7,4,92,0,9.9,-1.6,1.0,0,1,0,0,0,0,0,0,1,0
2024-03-28 08:00:00,296,9,4,689,0,10.2,2.1,4.5,0,0,0,0,1,0,0,0,1,0
2024-03-22 16:00:00,502,17,4,1693,0,11.3,4.4,0.0,1,0,0,0,0,0,0,0,1,0
2024-03-02 09:00:00,291,10,4,857,0,6.8,5.5,3.2,0,0,1,0,0,0,0,0,1,0
2024-03-06 13:00:00,286,14,4,638,0,8.1,5.7,0.6,0,0,0,0,0,0,1,0,1,0
2024-03-23 14:00:00,534,15,3,1802,0,12.1,5.0,0.0,0,0,1,0,0,0,0,0,1,0
2024-03-09 16:00:00,487,17,4,1324,0,6.3,5.5,0.0,0,0,1,0,0,0,0,0,1,0
2024-03-01 11:00:00,517,12,3,1385,0,7.6,-1.6,2.2,1,0,0,0,0,0,0,0,1,0
2024-03-23 18:00:00,302,19,3,876,0,12.1,5.0,0.0,0,0,1,0,0,0,0,0,1,0
2024-03-22 13:00:00,503,14,3,1453,0,11.3,4.4,0.0,1,0,0,0,0,0,0,0,1,0
2024-03-08 13:00:00,499,14,3,1917,0,6.2,3.6,0.0,1,0,0,0,0,0,0,0,1,0
2024-03-10 11:00:00,275,12,4,988,0,6.3,5.5,0.6,0,0,0,1,0,0,0,0,1,0
2024-03-13 08:00:00,273,9,4,619,0,7.0,5.9,1.4,0,0,0,0,0,0,1,0,1,0
2024-03-03 15:00:00,284,16,3,674,0,8.1,5.5,0.0,0,0,0,1,0,0,0,0,1,0
2024-03-12 08:00:00,267,9,4,692,0,11.2,5.1,1.8,0,0,0,0,0,1,0,0,1,0
2024-03-11 08:00:00,282,9,3,587,0,11.0,4.2,0.2,0,1,0,0,0,0,0,0,1,0
2024-03-02 11:00:00,467,12,3,1977,0,6.8,5.5,3.2,0,0,1,0,0,0,0,0,1,0
2024-03-10 09:00:00,112,10,4,374,0,6.3,5.5,0.6,0,0,0,1,0,0,0,0,1,0
2024-03-22 08:00:00,259,9,4,616,0,11.3,4.4,0.0,1,0,0,0,0,0,0,0,1,0
2024-03-23 16:00:00,452,17,4,1846,0,12.1,5.0,0.0,0,0,1,0,0,0,0,0,1,0
2024-03-05 08:00:00,258,9,4,603,0,7.2,5.5,0.0,0,0,0,0,0,1,0,0,1,0
2024-03-17 11:00:00,247,12,3,657,0,13.8,5.5,0.0,0,0,0,1,0,0,0,0,1,0
2024-03-31 12:00:00,244,13,4,871,0,8.8,1.4,0.1,0,0,0,1,0,0,0,0,1,0
2024-03-08 09:00:00,442,10,4,1021,0,6.2,3.6,0.0,1,0,0,0,0,0,0,0,1,0
2024-03-21 17:00:00,442,18,4,1004,0,11.3,3.2,0.3,0,0,0,0,1,0,0,0,1,0
2024-03-22 10:00:00,439,11,3,1467,0,11.3,4.4,0.0,1,0,0,0,0,0,0,0,1,0
2024-03-21 11:00:00,418,12,3,1517,0,11.3,3.2,0.3,0,0,0,0,1,0,0,0,1,0
2024-03-25 06:00:00,94,7,4,99,0,7.4,4.0,15.2,0,1,0,0,0,0,0,0,1,0
2024-03-21 14:00:00,436,15,4,1378,0,11.3,3.2,0.3,0,0,0,0,1,0,0,0,1,0
2024-03-03 18:00:00,223,19,3,515,0,8.1,5.5,0.0,0,0,0,1,0,0,0,0,1,0
2024-03-15 15:00:00,433,16,4,1156,0,8.4,3.8,2.1,1,0,0,0,0,0,0,0,1,0
2024-03-29 09:00:00,403,10,3,913,1,12.0,4.8,0.0,1,0,0,0,0,0,0,0,1,0
2024-03-15 17:00:00,400,18,3,1461,0,8.4,3.8,2.1,1,0,0,0,0,0,0,0,1,0
2024-03-02 08:00:00,210,9,3,564,0,6.8,5.5,3.2,0,0,1,0,0,0,0,0,1,0
2024-03-13 12:00:00,394,13,3,1482,0,7.0,5.9,1.4,0,0,0,0,0,0,1,0,1,0
2024-03-25 12:00:00,209,13,4,871,0,7.4,4.0,15.2,0,1,0,0,0,0,0,0,1,0
2024-03-14 15:00:00,394,16,4,854,0,9.2,3.8,15.0,0,0,0,0,1,0,0,0,1,0
2024-03-27 13:00:00,385,14,4,592,0,9.1,1.4,5.9,0,0,0,0,0,0,1,0,1,0
2024-03-14 11:00:00,381,12,4,657,0,9.2,3.8,15.0,0,0,0,0,1,0,0,0,1,0
2024-03-11 15:00:00,380,16,4,766,0,11.0,4.2,0.2,0,1,0,0,0,0,0,0,1,0
2024-03-12 11:00:00,380,12,4,1347,0,11.2,5.1,1.8,0,0,0,0,0,1,0,0,1,0
2024-03-05 14:00:00,375,15,4,637,0,7.2,5.5,0.0,0,0,0,0,0,1,0,0,1,0
2024-03-11 10:00:00,368,11,4,1037,0,11.0,4.2,0.2,0,1,0,0,0,0,0,0,1,0
2024-03-18 10:00:00,367,11,4,1133,0,14.1,6.1,2.3,0,1,0,0,0,0,0,0,1,0
2024-03-05 17:00:00,364,18,4,827,0,7.2,5.5,0.0,0,0,0,0,0,1,0,0,1,0
2024-03-21 09:00:00,385,10,3,887,0,11.3,3.2,0.3,0,0,0,0,1,0,0,0,1,0
2024-03-14 08:00:00,209,9,3,553,0,9.2,3.8,15.0,0,0,0,0,1,0,0,0,1,0
2024-03-31 19:00:00,200,20,4,285,0,8.8,1.4,0.1,0,0,0,1,0,0,0,0,1,0
2024-03-14 09:00:00,385,10,3,558,0,9.2,3.8,15.0,0,0,0,0,1,0,0,0,1,0
2024-03-27 12:00:00,382,13,3,659,0,9.1,1.4,5.9,0,0,0,0,0,0,1,0,1,0
2024-03-04 16:00:00,380,17,3,1505,0,9.9,-1.6,1.0,0,1,0,0,0,0,0,0,1,0
2024-03-28 18:00:00,207,19,3,473,0,10.2,2.1,4.5,0,0,0,0,1,0,0,0,1,0
2024-03-05 12:00:00,184,13,4,518,0,7.2,5.5,0.0,0,0,0,0,0,1,0,0,1,0
2024-03-18 13:00:00,365,14,3,909,0,14.1,6.1,2.3,0,1,0,0,0,0,0,0,1,0
2024-03-06 10:00:00,181,11,4,496,0,8.1,5.7,0.6,0,0,0,0,0,0,1,0,1,0
2024-03-21 12:00:00,364,13,3,1501,0,11.3,3.2,0.3,0,0,0,0,1,0,0,0,1,0
2024-03-04 11:00:00,361,12,3,943,0,9.9,-1.6,1.0,0,1,0,0,0,0,0,0,1,0
2024-03-21 10:00:00,361,11,3,1215,0,11.3,3.2,0.3,0,0,0,0,1,0,0,0,1,0
2024-03-19 10:00:00,360,11,3,940,0,7.8,8.5,0.0,0,0,0,0,0,1,0,0,1,0
2024-03-18 07:00:00,175,8,4,404,0,14.1,6.1,2.3,0,1,0,0,0,0,0,0,1,0
2024-03-14 07:00:00,65,8,4,263,0,9.2,3.8,15.0,0,0,0,0,1,0,0,0,1,0
2024-03-20 07:00:00,65,8,4,49,0,12.3,6.2,0.0,0,0,0,0,0,0,1,0,1,0
2024-03-03 14:00:00,349,15,3,967,0,8.1,5.5,0.0,0,0,0,1,0,0,0,0,1,0
2024-03-12 07:00:00,179,8,3,424,0,11.2,5.1,1.8,0,0,0,0,0,1,0,0,1,0
2024-03-04 13:00:00,343,14,3,976,0,9.9,-1.6,1.0,0,1,0,0,0,0,0,0,1,0
2024-03-03 08:00:00,63,9,4,176,0,8.1,5.5,0.0,0,0,0,1,0,0,0,0,1,0
2024-03-26 08:00:00,287,9,2,604,0,7.8,1.5,6.1,0,0,0,0,0,1,0,0,1,0
2024-03-12 18:00:00,284,19,2,386,0,11.2,5.1,1.8,0,0,0,0,0,1,0,0,1,0
2024-03-29 08:00:00,275,9,2,378,1,12.0,4.8,0.0,1,0,0,0,0,0,0,0,1,0
2024-03-13 13:00:00,274,14,2,1087,0,7.0,5.9,1.4,0,0,0,0,0,0,1,0,1,0
2024-03-16 18:00:00,273,19,2,418,0,12.5,-0.6,9.2,0,0,1,0,0,0,0,0,1,0
2024-03-11 17:00:00,268,18,2,692,0,11.0,4.2,0.2,0,1,0,0,0,0,0,0,1,0
2024-03-25 17:00:00,268,18,2,584,0,7.4,4.0,15.2,0,1,0,0,0,0,0,0,1,0
2024-03-21 08:00:00,255,9,2,663,0,11.3,3.2,0.3,0,0,0,0,1,0,0,0,1,0
2024-03-08 08:00:00,254,9,2,671,0,6.2,3.6,0.0,1,0,0,0,0,0,0,0,1,0
2024-03-03 10:00:00,222,11,2,443,0,8.1,5.5,0.0,0,0,0,1,0,0,0,0,1,0
2024-03-31 13:00:00,215,14,2,1080,0,8.8,1.4,0.1,0,0,0,1,0,0,0,0,1,0
2024-03-22 19:00:00,211,20,2,463,0,11.3,4.4,0.0,1,0,0,0,0,0,0,0,1,0
2024-03-25 16:00:00,210,17,2,814,0,7.4,4.0,15.2,0,1,0,0,0,0,0,0,1,0
2024-03-25 13:00:00,200,14,2,797,0,7.4,4.0,15.2,0,1,0,0,0,0,0,0,1,0
2024-03-22 07:00:00,199,8,2,421,0,11.3,4.4,0.0,1,0,0,0,0,0,0,0,1,0
2024-03-23 08:00:00,185,9,2,453,0,12.1,5.0,0.0,0,0,1,0,0,0,0,0,1,0
2024-03-26 07:00:00,183,8,2,418,0,7.8,1.5,6.1,0,0,0,0,0,1,0,0,1,0
2024-03-21 07:00:00,177,8,2,431,0,11.3,3.2,0.3,0,0,0,0,1,0,0,0,1,0
2024-03-22 17:00:00,457,18,2,1419,0,11.3,4.4,0.0,1,0,0,0,0,0,0,0,1,0
2024-03-01 10:00:00,453,11,2,1289,0,7.6,-1.6,2.2,1,0,0,0,0,0,0,0,1,0
2024-03-27 07:00:00,174,8,2,244,0,9.1,1.4,5.9,0,0,0,0,0,0,1,0,1,0
2024-03-29 10:00:00,452,11,2,1376,1,12.0,4.8,0.0,1,0,0,0,0,0,0,0,1,0
2024-03-10 16:00:00,1862,17,2,11,0,6.3,5.5,0.6,0,0,0,1,0,0,0,0,1,0
2024-03-22 15:00:00,442,16,2,1674,0,11.3,4.4,0.0,1,0,0,0,0,0,0,0,1,0
2024-03-28 09:00:00,440,10,2,694,0,10.2,2.1,4.5,0,0,0,0,1,0,0,0,1,0
2024-03-07 18:00:00,143,19,3,269,0,6.5,5.5,1.5,0,0,0,0,1,0,0,0,1,0
2024-03-25 05:00:00,52,6,3,20,0,7.4,4.0,15.2,0,1,0,0,0,0,0,0,1,0
2024-03-10 07:00:00,52,8,3,187,0,6.3,5.5,0.6,0,0,0,1,0,0,0,0,1,0
2024-03-17 04:00:00,44,5,3,53,0,13.8,5.5,0.0,0,0,0,1,0,0,0,0,1,0
2024-03-15 06:00:00,36,7,3,66,0,8.4,3.8,2.1,1,0,0,0,0,0,0,0,1,0
2024-03-24 18:00:00,142,19,3,356,0,6.5,5.0,0.0,0,0,0,1,0,0,0,0,1,0
2024-03-19 15:00:00,422,16,2,727,0,7.8,8.5,0.0,0,0,0,0,0,1,0,0,1,0
2024-03-21 18:00:00,123,19,3,395,0,11.3,3.2,0.3,0,0,0,0,1,0,0,0,1,0
2024-03-03 21:00:00,114,22,3,188,0,8.1,5.5,0.0,0,0,0,1,0,0,0,0,1,0
2024-03-08 19:00:00,101,20,3,196,0,6.2,3.6,0.0,1,0,0,0,0,0,0,0,1,0
2024-03-08 20:00:00,83,21,3,127,0,6.2,3.6,0.0,1,0,0,0,0,0,0,0,1,0
2024-03-12 12:00:00,417,13,2,1787,0,11.2,5.1,1.8,0,0,0,0,0,1,0,0,1,0
2024-03-01 09:00:00,413,10,2,859,0,7.6,-1.6,2.2,1,0,0,0,0,0,0,0,1,0
2024-03-07 06:00:00,26,7,3,64,0,6.5,5.5,1.5,0,0,0,0,1,0,0,0,1,0
2024-03-22 20:00:00,155,21,2,268,0,11.3,4.4,0.0,1,0,0,0,0,0,0,0,1,0
2024-03-14 17:00:00,413,18,2,785,0,9.2,3.8,15.0,0,0,0,0,1,0,0,0,1,0
2024-03-20 11:00:00,155,12,2,169,0,12.3,6.2,0.0,0,0,0,0,0,0,1,0,1,0
2024-03-11 16:00:00,392,17,2,789,0,11.0,4.2,0.2,0,1,0,0,0,0,0,0,1,0
2024-03-21 15:00:00,381,16,2,1338,0,11.3,3.2,0.3,0,0,0,0,1,0,0,0,1,0
2024-03-13 14:00:00,372,15,2,578,0,7.0,5.9,1.4,0,0,0,0,0,0,1,0,1,0
2024-03-15 09:00:00,364,10,2,581,0,8.4,3.8,2.1,1,0,0,0,0,0,0,0,1,0
2024-03-02 10:00:00,364,11,2,1592,0,6.8,5.5,3.2,0,0,1,0,0,0,0,0,1,0
2024-03-13 09:00:00,356,10,2,816,0,7.0,5.9,1.4,0,0,0,0,0,0,1,0,1,0
2024-03-23 10:00:00,355,11,2,1571,0,12.1,5.0,0.0,0,0,1,0,0,0,0,0,1,0
2024-03-04 17:00:00,353,18,2,1307,0,9.9,-1.6,1.0,0,1,0,0,0,0,0,0,1,0
2024-03-14 10:00:00,347,11,2,730,0,9.2,3.8,15.0,0,0,0,0,1,0,0,0,1,0
2024-03-12 09:00:00,327,10,2,854,0,11.2,5.1,1.8,0,0,0,0,0,1,0,0,1,0
2024-03-28 20:00:00,141,21,2,416,0,10.2,2.1,4.5,0,0,0,0,1,0,0,0,1,0
2024-03-31 09:00:00,137,10,2,270,0,8.8,1.4,0.1,0,0,0,1,0,0,0,0,1,0
2024-03-02 07:00:00,132,8,2,301,0,6.8,5.5,3.2,0,0,1,0,0,0,0,0,1,0
2024-03-20 10:00:00,132,11,2,153,0,12.3,6.2,0.0,0,0,0,0,0,0,1,0,1,0
2024-03-09 06:00:00,14,7,3,46,0,6.3,5.5,0.0,0,0,1,0,0,0,0,0,1,0
2024-03-20 09:00:00,131,10,2,129,0,12.3,6.2,0.0,0,0,0,0,0,0,1,0,1,0
2024-03-08 18:00:00,130,19,2,301,0,6.2,3.6,0.0,1,0,0,0,0,0,0,0,1,0
2024-03-06 09:00:00,114,10,2,501,0,8.1,5.7,0.6,0,0,0,0,0,0,1,0,1,0
2024-03-09 18:00:00,106,19,2,343,0,6.3,5.5,0.0,0,0,1,0,0,0,0,0,1,0
2024-03-08 14:00:00,548,15,2,1523,0,6.2,3.6,0.0,1,0,0,0,0,0,0,0,1,0
2024-03-02 12:00:00,538,13,2,1921,0,6.8,5.5,3.2,0,0,1,0,0,0,0,0,1,0
2024-03-02 15:00:00,533,16,2,1555,0,6.8,5.5,3.2,0,0,1,0,0,0,0,0,1,0
2024-03-02 14:00:00,519,15,2,1001,0,6.8,5.5,3.2,0,0,1,0,0,0,0,0,1,0
2024-03-08 11:00:00,507,12,2,1507,0,6.2,3.6,0.0,1,0,0,0,0,0,0,0,1,0
2024-03-30 12:00:00,491,13,2,1211,0,11.2,3.4,1.3,0,0,1,0,0,0,0,0,1,0
2024-03-16 14:00:00,484,15,2,1021,0,12.5,-0.6,9.2,0,0,1,0,0,0,0,0,1,0
2024-03-08 12:00:00,466,13,2,1754,0,6.2,3.6,0.0,1,0,0,0,0,0,0,0,1,0
2024-03-20 08:00:00,106,9,2,106,0,12.3,6.2,0.0,0,0,0,0,0,0,1,0,1,0
2024-03-13 19:00:00,97,20,2,276,0,7.0,5.9,1.4,0,0,0,0,0,0,1,0,1,0
2024-03-06 07:00:00,89,8,2,358,0,8.1,5.7,0.6,0,0,0,0,0,0,1,0,1,0
2024-03-13 06:00:00,88,7,2,52,0,7.0,5.9,1.4,0,0,0,0,0,0,1,0,1,0
2024-03-28 06:00:00,87,7,2,124,0,10.2,2.1,4.5,0,0,0,0,1,0,0,0,1,0
2024-03-27 19:00:00,83,20,2,124,0,9.1,1.4,5.9,0,0,0,0,0,0,1,0,1,0
2024-03-17 03:00:00,79,4,2,305,0,13.8,5.5,0.0,0,0,0,1,0,0,0,0,1,0
2024-03-17 10:00:00,212,11,1,450,0,13.8,5.5,0.0,0,0,0,1,0,0,0,0,1,0
2024-03-21 21:00:00,60,22,2,177,0,11.3,3.2,0.3,0,0,0,0,1,0,0,0,1,0
2024-03-30 17:00:00,283,18,1,798,0,11.2,3.4,1.3,0,0,1,0,0,0,0,0,1,0
2024-03-16 15:00:00,445,16,1,2037,0,12.5,-0.6,9.2,0,0,1,0,0,0,0,0,1,0
2024-03-03 13:00:00,282,14,1,1013,0,8.1,5.5,0.0,0,0,0,1,0,0,0,0,1,0
2024-03-28 07:00:00,206,8,1,362,0,10.2,2.1,4.5,0,0,0,0,1,0,0,0,1,0
2024-03-05 11:00:00,438,12,1,430,0,7.2,5.5,0.0,0,0,0,0,0,1,0,0,1,0
2024-03-17 13:00:00,280,14,1,1434,0,13.8,5.5,0.0,0,0,0,1,0,0,0,0,1,0
2024-03-14 16:00:00,434,17,1,1241,0,9.2,3.8,15.0,0,0,0,0,1,0,0,0,1,0
2024-03-10 17:00:00,1415,18,1,98,0,6.3,5.5,0.6,0,0,0,1,0,0,0,0,1,0
2024-03-05 07:00:00,201,8,1,347,0,7.2,5.5,0.0,0,0,0,0,0,1,0,0,1,0
2024-03-22 09:00:00,420,10,1,936,0,11.3,4.4,0.0,1,0,0,0,0,0,0,0,1,0
2024-03-13 07:00:00,194,8,1,319,0,7.0,5.9,1.4,0,0,0,0,0,0,1,0,1,0
2024-03-20 20:00:00,47,21,2,143,0,12.3,6.2,0.0,0,0,0,0,0,0,1,0,1,0
2024-03-09 07:00:00,44,8,2,78,0,6.3,5.5,0.0,0,0,1,0,0,0,0,0,1,0
2024-03-30 07:00:00,43,8,2,68,0,11.2,3.4,1.3,0,0,1,0,0,0,0,0,1,0
2024-03-31 07:00:00,43,8,2,105,0,8.8,1.4,0.1,0,0,0,1,0,0,0,0,1,0
2024-03-24 06:00:00,40,7,2,86,0,6.5,5.0,0.0,0,0,0,1,0,0,0,0,1,0
2024-03-10 06:00:00,28,7,2,24,0,6.3,5.5,0.6,0,0,0,1,0,0,0,0,1,0
2024-03-26 21:00:00,411,22,1,77,0,7.8,1.5,6.1,0,0,0,0,0,1,0,0,1,0
2024-03-19 11:00:00,819,12,1,608,0,7.8,8.5,0.0,0,0,0,0,0,1,0,0,1,0
2024-03-24 15:00:00,272,16,1,1545,0,6.5,5.0,0.0,0,0,0,1,0,0,0,0,1,0
2024-03-04 01:00:00,19,2,2,151,0,9.9,-1.6,1.0,0,1,0,0,0,0,0,0,1,0
2024-03-12 10:00:00,406,11,1,1228,0,11.2,5.1,1.8,0,0,0,0,0,1,0,0,1,0
2024-03-20 18:00:00,269,19,1,443,0,12.3,6.2,0.0,0,0,0,0,0,0,1,0,1,0
2024-03-26 10:00:00,403,11,1,1317,0,7.8,1.5,6.1,0,0,0,0,0,1,0,0,1,0
2024-03-01 12:00:00,564,13,1,1525,0,7.6,-1.6,2.2,1,0,0,0,0,0,0,0,1,0
2024-03-23 17:00:00,473,18,1,1427,0,12.1,5.0,0.0,0,0,1,0,0,0,0,0,1,0
2024-03-23 15:00:00,470,16,1,2075,0,12.1,5.0,0.0,0,0,1,0,0,0,0,0,1,0
2024-03-22 11:00:00,469,12,1,1549,0,11.3,4.4,0.0,1,0,0,0,0,0,0,0,1,0
2024-03-26 20:00:00,466,21,1,102,0,7.8,1.5,6.1,0,0,0,0,0,1,0,0,1,0
2024-03-06 20:00:00,189,21,1,238,0,8.1,5.7,0.6,0,0,0,0,0,0,1,0,1,0
2024-03-17 16:00:00,265,17,1,1050,0,13.8,5.5,0.0,0,0,0,1,0,0,0,0,1,0
2024-03-10 04:00:00,16,5,2,8,0,6.3,5.5,0.6,0,0,0,1,0,0,0,0,1,0
2024-03-28 19:00:00,188,20,1,386,0,10.2,2.1,4.5,0,0,0,0,1,0,0,0,1,0
2024-03-10 14:00:00,394,15,1,1240,0,6.3,5.5,0.6,0,0,0,1,0,0,0,0,1,0
2024-03-29 07:00:00,183,8,1,205,1,12.0,4.8,0.0,1,0,0,0,0,0,0,0,1,0
2024-03-01 18:00:00,390,19,1,389,0,7.6,-1.6,2.2,1,0,0,0,0,0,0,0,1,0
2024-03-08 10:00:00,387,11,1,1423,0,6.2,3.6,0.0,1,0,0,0,0,0,0,0,1,0
2024-03-13 10:00:00,359,11,1,1294,0,7.0,5.9,1.4,0,0,0,0,0,0,1,0,1,0
2024-03-31 14:00:00,328,15,1,648,0,8.8,1.4,0.1,0,0,0,1,0,0,0,0,1,0
2024-03-10 12:00:00,321,13,1,1238,0,6.3,5.5,0.6,0,0,0,1,0,0,0,0,1,0
2024-03-27 10:00:00,309,11,1,839,0,9.1,1.4,5.9,0,0,0,0,0,0,1,0,1,0
2024-03-05 18:00:00,308,19,1,377,0,7.2,5.5,0.0,0,0,0,0,0,1,0,0,1,0
2024-03-26 19:00:00,305,20,1,137,0,7.8,1.5,6.1,0,0,0,0,0,1,0,0,1,0
2024-03-22 18:00:00,300,19,1,828,0,11.3,4.4,0.0,1,0,0,0,0,0,0,0,1,0
2024-03-01 08:00:00,295,9,1,611,0,7.6,-1.6,2.2,1,0,0,0,0,0,0,0,1,0
2024-03-04 18:00:00,256,19,1,334,0,9.9,-1.6,1.0,0,1,0,0,0,0,0,0,1,0
2024-03-17 19:00:00,180,20,1,184,0,13.8,5.5,0.0,0,0,0,1,0,0,0,0,1,0
2024-03-10 18:00:00,177,19,1,425,0,6.3,5.5,0.6,0,0,0,1,0,0,0,0,1,0
2024-03-18 08:00:00,252,9,1,721,0,14.1,6.1,2.3,0,1,0,0,0,0,0,0,1,0
2024-03-17 17:00:00,238,18,1,856,0,13.8,5.5,0.0,0,0,0,1,0,0,0,0,1,0
2024-03-22 21:00:00,232,22,1,285,0,11.3,4.4,0.0,1,0,0,0,0,0,0,0,1,0
2024-03-05 20:00:00,172,21,1,179,0,7.2,5.5,0.0,0,0,0,0,0,1,0,0,1,0
2024-03-03 20:00:00,152,21,1,237,0,8.1,5.5,0.0,0,0,0,1,0,0,0,0,1,0
2024-03-15 02:00:00,29,3,1,85,0,8.4,3.8,2.1,1,0,0,0,0,0,0,0,1,0
2024-03-27 06:00:00,29,7,1,64,0,9.1,1.4,5.9,0,0,0,0,0,0,1,0,1,0
2024-03-11 01:00:00,28,2,1,121,0,11.0,4.2,0.2,0,1,0,0,0,0,0,0,1,0
2024-03-12 02:00:00,26,3,1,20,0,11.2,5.1,1.8,0,0,0,0,0,1,0,0,1,0
2024-03-05 01:00:00,26,2,1,15,0,7.2,5.5,0.0,0,0,0,0,0,1,0,0,1,0
2024-03-21 02:00:00,25,3,1,95,0,11.3,3.2,0.3,0,0,0,0,1,0,0,0,1,0
2024-03-09 01:00:00,74,2,1,268,0,6.3,5.5,0.0,0,0,1,0,0,0,0,0,1,0
2024-03-04 03:00:00,4,4,1,17,0,9.9,-1.6,1.0,0,1,0,0,0,0,0,0,1,0
2024-03-26 04:00:00,21,5,1,18,0,7.8,1.5,6.1,0,0,0,0,0,1,0,0,1,0
2024-03-29 21:00:00,73,22,1,130,1,12.0,4.8,0.0,1,0,0,0,0,0,0,0,1,0
2024-03-31 20:00:00,73,21,1,196,0,8.8,1.4,0.1,0,0,0,1,0,0,0,0,1,0
2024-03-16 07:00:00,52,8,1,126,0,12.5,-0.6,9.2,0,0,1,0,0,0,0,0,1,0
2024-03-22 03:00:00,18,4,1,19,0,11.3,4.4,0.0,1,0,0,0,0,0,0,0,1,0
2024-03-12 03:00:00,18,4,1,28,0,11.2,5.1,1.8,0,0,0,0,0,1,0,0,1,0
2024-03-26 02:00:00,18,3,1,13,0,7.8,1.5,6.1,0,0,0,0,0,1,0,0,1,0
2024-03-11 04:00:00,16,5,1,10,0,11.0,4.2,0.2,0,1,0,0,0,0,0,0,1,0
2024-03-25 04:00:00,13,5,1,17,0,7.4,4.0,15.2,0,1,0,0,0,0,0,0,1,0
2024-03-14 04:00:00,4,5,1,12,0,9.2,3.8,15.0,0,0,0,0,1,0,0,0,1,0
2024-03-09 17:00:00,140,18,1,351,0,6.3,5.5,0.0,0,0,1,0,0,0,0,0,1,0
2024-03-12 21:00:00,138,22,1,195,0,11.2,5.1,1.8,0,0,0,0,0,1,0,0,1,0
2024-03-23 07:00:00,132,8,1,289,0,12.1,5.0,0.0,0,0,1,0,0,0,0,0,1,0
2024-03-07 19:00:00,130,20,1,167,0,6.5,5.5,1.5,0,0,0,0,1,0,0,0,1,0
2024-03-31 08:00:00,123,9,1,224,0,8.8,1.4,0.1,0,0,0,1,0,0,0,0,1,0
2024-03-05 22:00:00,123,23,1,84,0,7.2,5.5,0.0,0,0,0,0,0,1,0,0,1,0
2024-03-10 01:00:00,122,2,1,305,0,6.3,5.5,0.6,0,0,0,1,0,0,0,0,1,0
2024-03-13 18:00:00,116,19,1,493,0,7.0,5.9,1.4,0,0,0,0,0,0,1,0,1,0
2024-03-26 22:00:00,107,23,1,103,0,7.8,1.5,6.1,0,0,0,0,0,1,0,0,1,0
2024-03-19 19:00:00,106,20,1,392,0,7.8,8.5,0.0,0,0,0,0,0,1,0,0,1,0
2024-03-23 23:00:00,70,0,1,241,0,12.1,5.0,0.0,0,0,1,0,0,0,0,0,1,0
2024-03-23 05:00:00,10,6,1,23,0,12.1,5.0,0.0,0,0,1,0,0,0,0,0,1,0
2024-03-01 21:00:00,50,22,1,119,0,7.6,-1.6,2.2,1,0,0,0,0,0,0,0,1,0
2024-03-19 22:00:00,50,23,1,125,0,7.8,8.5,0.0,0,0,0,0,0,1,0,0,1,0
2024-03-25 03:00:00,6,4,1,16,0,7.4,4.0,15.2,0,1,0,0,0,0,0,0,1,0
2024-03-01 22:00:00,68,23,1,120,0,7.6,-1.6,2.2,1,0,0,0,0,0,0,0,1,0
2024-03-03 02:00:00,68,3,1,323,0,8.1,5.5,0.0,0,0,0,1,0,0,0,0,1,0
2024-03-17 07:00:00,66,8,1,84,0,13.8,5.5,0.0,0,0,0,1,0,0,0,0,1,0
2024-03-22 23:00:00,65,0,1,259,0,11.3,4.4,0.0,1,0,0,0,0,0,0,0,1,0
2024-03-31 02:00:00,65,3,1,351,0,8.8,1.4,0.1,0,0,0,1,0,0,0,0,1,0
2024-03-19 21:00:00,64,22,1,109,0,7.8,8.5,0.0,0,0,0,0,0,1,0,0,1,0
2024-03-30 02:00:00,60,3,1,409,0,11.2,3.4,1.3,0,0,1,0,0,0,0,0,1,0
2024-03-30 20:00:00,60,21,1,226,0,11.2,3.4,1.3,0,0,1,0,0,0,0,0,1,0
2024-03-31 04:00:00,60,5,1,288,0,8.8,1.4,0.1,0,0,0,1,0,0,0,0,1,0
2024-03-22 05:00:00,54,6,1,54,0,11.3,4.4,0.0,1,0,0,0,0,0,0,0,1,0
2024-03-07 21:00:00,53,22,1,92,0,6.5,5.5,1.5,0,0,0,0,1,0,0,0,1,0
2024-03-25 22:00:00,47,23,1,86,0,7.4,4.0,15.2,0,1,0,0,0,0,0,0,1,0
2024-03-06 06:00:00,96,7,1,136,0,8.1,5.7,0.6,0,0,0,0,0,0,1,0,1,0
2024-03-31 00:00:00,95,1,1,268,0,8.8,1.4,0.1,0,0,0,1,0,0,0,0,1,0
2024-03-02 00:00:00,93,1,1,166,0,6.8,5.5,3.2,0,0,1,0,0,0,0,0,1,0
2024-03-09 03:00:00,43,4,1,215,0,6.3,5.5,0.0,0,0,1,0,0,0,0,0,1,0
2024-03-09 20:00:00,91,21,1,109,0,6.3,5.5,0.0,0,0,1,0,0,0,0,0,1,0
2024-03-28 23:00:00,43,0,1,184,0,10.2,2.1,4.5,0,0,0,0,1,0,0,0,1,0
2024-03-07 22:00:00,43,23,1,159,0,6.5,5.5,1.5,0,0,0,0,1,0,0,0,1,0
2024-03-27 22:00:00,42,23,1,87,0,9.1,1.4,5.9,0,0,0,0,0,0,1,0,1,0
2024-03-14 06:00:00,39,7,1,121,0,9.2,3.8,15.0,0,0,0,0,1,0,0,0,1,0
2024-03-20 22:00:00,38,23,1,94,0,12.3,6.2,0.0,0,0,0,0,0,0,1,0,1,0
2024-03-22 00:00:00,36,1,1,123,0,11.3,4.4,0.0,1,0,0,0,0,0,0,0,1,0
2024-03-22 06:00:00,81,7,1,104,0,11.3,4.4,0.0,1,0,0,0,0,0,0,0,1,0
2024-03-05 23:00:00,80,0,1,57,0,7.2,5.5,0.0,0,0,0,0,0,1,0,0,1,0
2024-03-31 06:00:00,34,7,1,56,0,8.8,1.4,0.1,0,0,0,1,0,0,0,0,1,0
2024-03-18 02:00:00,33,3,1,150,0,14.1,6.1,2.3,0,1,0,0,0,0,0,0,1,0
2024-03-12 22:00:00,112,23,0,125,0,11.2,5.1,1.8,0,0,0,0,0,1,0,0,1,0
2024-03-01 23:00:00,111,0,0,169,0,7.6,-1.6,2.2,1,0,0,0,0,0,0,0,1,0
2024-03-28 21:00:00,106,22,0,173,0,10.2,2.1,4.5,0,0,0,0,1,0,0,0,1,0
2024-03-04 22:00:00,105,23,0,101,0,9.9,-1.6,1.0,0,1,0,0,0,0,0,0,1,0
2024-03-01 15:00:00,466,16,0,1603,0,7.6,-1.6,2.2,1,0,0,0,0,0,0,0,1,0
2024-03-29 23:00:00,91,0,0,290,1,12.0,4.8,0.0,1,0,0,0,0,0,0,0,1,0
2024-03-09 19:00:00,105,20,0,238,0,6.3,5.5,0.0,0,0,1,0,0,0,0,0,1,0
2024-03-21 19:00:00,103,20,0,493,0,11.3,3.2,0.3,0,0,0,0,1,0,0,0,1,0
2024-03-11 21:00:00,102,22,0,149,0,11.0,4.2,0.2,0,1,0,0,0,0,0,0,1,0
2024-03-30 19:00:00,101,20,0,340,0,11.2,3.4,1.3,0,0,1,0,0,0,0,0,1,0
2024-03-03 22:00:00,100,23,0,115,0,8.1,5.5,0.0,0,0,0,1,0,0,0,0,1,0
2024-03-02 23:00:00,99,0,0,255,0,6.8,5.5,3.2,0,0,1,0,0,0,0,0,1,0
2024-03-02 01:00:00,96,2,0,288,0,6.8,5.5,3.2,0,0,1,0,0,0,0,0,1,0
2024-03-08 06:00:00,95,7,0,70,0,6.2,3.6,0.0,1,0,0,0,0,0,0,0,1,0
2024-03-17 02:00:00,95,3,0,224,0,13.8,5.5,0.0,0,0,0,1,0,0,0,0,1,0
2024-03-30 00:00:00,93,1,0,241,0,11.2,3.4,1.3,0,0,1,0,0,0,0,0,1,0
2024-03-23 00:00:00,92,1,0,214,0,12.1,5.0,0.0,0,0,1,0,0,0,0,0,1,0
2024-03-14 22:00:00,91,23,0,104,0,9.2,3.8,15.0,0,0,0,0,1,0,0,0,1,0
2024-03-03 19:00:00,164,20,0,415,0,8.1,5.5,0.0,0,0,0,1,0,0,0,0,1,0
2024-03-01 20:00:00,207,21,0,120,0,7.6,-1.6,2.2,1,0,0,0,0,0,0,0,1,0
2024-03-16 22:00:00,90,23,0,157,0,12.5,-0.6,9.2,0,0,1,0,0,0,0,0,1,0
2024-03-15 19:00:00,273,20,0,292,0,8.4,3.8,2.1,1,0,0,0,0,0,0,0,1,0
2024-03-16 19:00:00,273,20,0,395,0,12.5,-0.6,9.2,0,0,1,0,0,0,0,0,1,0
2024-03-31 15:00:00,254,16,0,601,0,8.8,1.4,0.1,0,0,0,1,0,0,0,0,1,0
2024-03-14 18:00:00,248,19,0,289,0,9.2,3.8,15.0,0,0,0,0,1,0,0,0,1,0
2024-03-23 19:00:00,242,20,0,346,0,12.1,5.0,0.0,0,0,1,0,0,0,0,0,1,0
2024-03-17 18:00:00,229,19,0,372,0,13.8,5.5,0.0,0,0,0,1,0,0,0,0,1,0
2024-03-14 19:00:00,221,20,0,251,0,9.2,3.8,15.0,0,0,0,0,1,0,0,0,1,0
2024-03-05 19:00:00,221,20,0,200,0,7.2,5.5,0.0,0,0,0,0,0,1,0,0,1,0
2024-03-12 19:00:00,211,20,0,296,0,11.2,5.1,1.8,0,0,0,0,0,1,0,0,1,0
2024-03-17 21:00:00,210,22,0,79,0,13.8,5.5,0.0,0,0,0,1,0,0,0,0,1,0
2024-03-22 22:00:00,202,23,0,247,0,11.3,4.4,0.0,1,0,0,0,0,0,0,0,1,0
2024-03-12 06:00:00,90,7,0,149,0,11.2,5.1,1.8,0,0,0,0,0,1,0,0,1,0
2024-03-18 19:00:00,131,20,0,168,0,14.1,6.1,2.3,0,1,0,0,0,0,0,0,1,0
2024-03-02 21:00:00,124,22,0,178,0,6.8,5.5,3.2,0,0,1,0,0,0,0,0,1,0
2024-03-06 21:00:00,124,22,0,185,0,8.1,5.7,0.6,0,0,0,0,0,0,1,0,1,0
2024-03-04 21:00:00,118,22,0,126,0,9.9,-1.6,1.0,0,1,0,0,0,0,0,0,1,0
2024-03-06 22:00:00,118,23,0,134,0,8.1,5.7,0.6,0,0,0,0,0,0,1,0,1,0
2024-03-02 22:00:00,115,23,0,202,0,6.8,5.5,3.2,0,0,1,0,0,0,0,0,1,0
2024-03-24 20:00:00,115,21,0,225,0,6.5,5.0,0.0,0,0,0,1,0,0,0,0,1,0
2024-03-17 09:00:00,113,10,0,225,0,13.8,5.5,0.0,0,0,0,1,0,0,0,0,1,0
2024-03-29 06:00:00,89,7,0,138,1,12.0,4.8,0.0,1,0,0,0,0,0,0,0,1,0
2024-03-24 19:00:00,201,20,0,283,0,6.5,5.0,0.0,0,0,0,1,0,0,0,0,1,0
2024-03-27 11:00:00,406,12,0,889,0,9.1,1.4,5.9,0,0,0,0,0,0,1,0,1,0
2024-03-14 20:00:00,158,21,0,193,0,9.2,3.8,15.0,0,0,0,0,1,0,0,0,1,0
2024-03-02 18:00:00,402,19,0,414,0,6.8,5.5,3.2,0,0,1,0,0,0,0,0,1,0
2024-03-19 09:00:00,157,10,0,612,0,7.8,8.5,0.0,0,0,0,0,0,1,0,0,1,0
2024-03-15 10:00:00,400,11,0,863,0,8.4,3.8,2.1,1,0,0,0,0,0,0,0,1,0
2024-03-21 06:00:00,89,7,0,86,0,11.3,3.2,0.3,0,0,0,0,1,0,0,0,1,0
2024-03-25 18:00:00,155,19,0,265,0,7.4,4.0,15.2,0,1,0,0,0,0,0,0,1,0
2024-03-26 09:00:00,383,10,0,958,0,7.8,1.5,6.1,0,0,0,0,0,1,0,0,1,0
2024-03-11 07:00:00,154,8,0,287,0,11.0,4.2,0.2,0,1,0,0,0,0,0,0,1,0
2024-03-05 09:00:00,370,10,0,929,0,7.2,5.5,0.0,0,0,0,0,0,1,0,0,1,0
2024-03-06 19:00:00,194,20,0,226,0,8.1,5.7,0.6,0,0,0,0,0,0,1,0,1,0
2024-03-10 15:00:00,2014,16,0,10,0,6.3,5.5,0.6,0,0,0,1,0,0,0,0,1,0
2024-03-11 22:00:00,88,23,0,96,0,11.0,4.2,0.2,0,1,0,0,0,0,0,0,1,0
2024-03-01 07:00:00,176,8,0,316,0,7.6,-1.6,2.2,1,0,0,0,0,0,0,0,1,0
2024-03-04 19:00:00,175,20,0,282,0,9.9,-1.6,1.0,0,1,0,0,0,0,0,0,1,0
2024-03-11 19:00:00,175,20,0,281,0,11.0,4.2,0.2,0,1,0,0,0,0,0,0,1,0
2024-03-04 20:00:00,173,21,0,231,0,9.9,-1.6,1.0,0,1,0,0,0,0,0,0,1,0
2024-03-31 10:00:00,171,11,0,591,0,8.8,1.4,0.1,0,0,0,1,0,0,0,0,1,0
2024-03-20 19:00:00,168,20,0,210,0,12.3,6.2,0.0,0,0,0,0,0,0,1,0,1,0
2024-03-08 07:00:00,165,8,0,256,0,6.2,3.6,0.0,1,0,0,0,0,0,0,0,1,0
2024-03-01 06:00:00,87,7,0,90,0,7.6,-1.6,2.2,1,0,0,0,0,0,0,0,1,0
2024-03-05 15:00:00,347,16,0,858,0,7.2,5.5,0.0,0,0,0,0,0,1,0,0,1,0
2024-03-17 20:00:00,147,21,0,236,0,13.8,5.5,0.0,0,0,0,1,0,0,0,0,1,0
2024-03-06 18:00:00,346,19,0,440,0,8.1,5.7,0.6,0,0,0,0,0,0,1,0,1,0
2024-03-30 23:00:00,87,0,0,240,0,11.2,3.4,1.3,0,0,1,0,0,0,0,0,1,0
2024-03-14 21:00:00,146,22,0,154,0,9.2,3.8,15.0,0,0,0,0,1,0,0,0,1,0
2024-03-02 19:00:00,337,20,0,365,0,6.8,5.5,3.2,0,0,1,0,0,0,0,0,1,0
2024-03-08 23:00:00,86,0,0,209,0,6.2,3.6,0.0,1,0,0,0,0,0,0,0,1,0
2024-03-12 20:00:00,145,21,0,256,0,11.2,5.1,1.8,0,0,0,0,0,1,0,0,1,0
2024-03-11 20:00:00,142,21,0,234,0,11.0,4.2,0.2,0,1,0,0,0,0,0,0,1,0
2024-03-11 18:00:00,141,19,0,441,0,11.0,4.2,0.2,0,1,0,0,0,0,0,0,1,0
2024-03-16 20:00:00,137,21,0,84,0,12.5,-0.6,9.2,0,0,1,0,0,0,0,0,1,0
2024-03-24 01:00:00,137,2,0,308,0,6.5,5.0,0.0,0,0,0,1,0,0,0,0,1,0
2024-03-17 01:00:00,137,2,0,113,0,13.8,5.5,0.0,0,0,0,1,0,0,0,0,1,0
2024-03-17 00:00:00,136,1,0,159,0,13.8,5.5,0.0,0,0,0,1,0,0,0,0,1,0
2024-03-05 21:00:00,135,22,0,198,0,7.2,5.5,0.0,0,0,0,0,0,1,0,0,1,0
2024-03-11 06:00:00,86,7,0,98,0,11.0,4.2,0.2,0,1,0,0,0,0,0,0,1,0
2024-03-02 20:00:00,333,21,0,262,0,6.8,5.5,3.2,0,0,1,0,0,0,0,0,1,0
2024-03-27 09:00:00,330,10,0,657,0,9.1,1.4,5.9,0,0,0,0,0,0,1,0,1,0
2024-03-27 18:00:00,85,19,0,178,0,9.1,1.4,5.9,0,0,0,0,0,0,1,0,1,0
2024-03-15 18:00:00,313,19,0,657,0,8.4,3.8,2.1,1,0,0,0,0,0,0,0,1,0
2024-03-30 16:00:00,312,17,0,812,0,11.2,3.4,1.3,0,0,1,0,0,0,0,0,1,0
2024-03-04 09:00:00,311,10,0,678,0,9.9,-1.6,1.0,0,1,0,0,0,0,0,0,1,0
2024-03-27 08:00:00,302,9,0,545,0,9.1,1.4,5.9,0,0,0,0,0,0,1,0,1,0
2024-03-23 09:00:00,301,10,0,830,0,12.1,5.0,0.0,0,0,1,0,0,0,0,0,1,0
2024-03-01 19:00:00,299,20,0,322,0,7.6,-1.6,2.2,1,0,0,0,0,0,0,0,1,0
2024-03-02 13:00:00,299,14,0,1187,0,6.8,5.5,3.2,0,0,1,0,0,0,0,0,1,0
2024-03-03 00:00:00,82,1,0,306,0,8.1,5.5,0.0,0,0,0,1,0,0,0,0,1,0
2024-03-22 14:00:00,522,15,0,981,0,11.3,4.4,0.0,1,0,0,0,0,0,0,0,1,0
2024-03-01 16:00:00,510,17,0,1440,0,7.6,-1.6,2.2,1,0,0,0,0,0,0,0,1,0
2024-03-21 20:00:00,82,21,0,343,0,11.3,3.2,0.3,0,0,0,0,1,0,0,0,1,0
2024-03-22 12:00:00,507,13,0,1440,0,11.3,4.4,0.0,1,0,0,0,0,0,0,0,1,0
2024-03-23 06:00:00,72,7,0,131,0,12.1,5.0,0.0,0,0,1,0,0,0,0,0,1,0
2024-03-10 19:00:00,72,20,0,230,0,6.3,5.5,0.6,0,0,0,1,0,0,0,0,1,0
2024-03-16 21:00:00,71,22,0,126,0,12.5,-0.6,9.2,0,0,1,0,0,0,0,0,1,0
2024-03-10 20:00:00,42,21,0,184,0,6.3,5.5,0.6,0,0,0,1,0,0,0,0,1,0
2024-03-13 01:00:00,42,2,0,42,0,7.0,5.9,1.4,0,0,0,0,0,0,1,0,1,0
2024-03-06 00:00:00,42,1,0,34,0,8.1,5.7,0.6,0,0,0,0,0,0,1,0,1,0
2024-03-04 23:00:00,70,0,0,21,0,9.9,-1.6,1.0,0,1,0,0,0,0,0,0,1,0
2024-03-30 01:00:00,81,2,0,362,0,11.2,3.4,1.3,0,0,1,0,0,0,0,0,1,0
2024-03-26 23:00:00,37,0,0,68,0,7.8,1.5,6.1,0,0,0,0,0,1,0,0,1,0
2024-03-10 08:00:00,81,9,0,231,0,6.3,5.5,0.6,0,0,0,1,0,0,0,0,1,0
2024-03-10 00:00:00,70,1,0,230,0,6.3,5.5,0.6,0,0,0,1,0,0,0,0,1,0
2024-03-13 02:00:00,37,3,0,34,0,7.0,5.9,1.4,0,0,0,0,0,0,1,0,1,0
2024-03-01 02:00:00,41,3,0,164,0,7.6,-1.6,2.2,1,0,0,0,0,0,0,0,1,0
2024-03-29 19:00:00,80,20,0,228,1,12.0,4.8,0.0,1,0,0,0,0,0,0,0,1,0
2024-03-18 00:00:00,36,1,0,230,0,14.1,6.1,2.3,0,1,0,0,0,0,0,0,1,0
2024-03-31 23:00:00,35,0,0,195,0,8.8,1.4,0.1,0,0,0,1,0,0,0,0,1,0
2024-03-14 23:00:00,35,0,0,80,0,9.2,3.8,15.0,0,0,0,0,1,0,0,0,1,0
2024-03-10 22:00:00,33,23,0,138,0,6.3,5.5,0.6,0,0,0,1,0,0,0,0,1,0
2024-03-21 00:00:00,33,1,0,81,0,11.3,3.2,0.3,0,0,0,0,1,0,0,0,1,0
2024-03-14 01:00:00,33,2,0,63,0,9.2,3.8,15.0,0,0,0,0,1,0,0,0,1,0
2024-03-23 04:00:00,32,5,0,50,0,12.1,5.0,0.0,0,0,1,0,0,0,0,0,1,0
2024-03-02 05:00:00,32,6,0,24,0,6.8,5.5,3.2,0,0,1,0,0,0,0,0,1,0
2024-03-24 05:00:00,32,6,0,21,0,6.5,5.0,0.0,0,0,0,1,0,0,0,0,1,0
2024-03-12 01:00:00,32,2,0,19,0,11.2,5.1,1.8,0,0,0,0,0,1,0,0,1,0
2024-03-21 04:00:00,31,5,0,19,0,11.3,3.2,0.3,0,0,0,0,1,0,0,0,1,0
2024-03-19 23:00:00,31,0,0,59,0,7.8,8.5,0.0,0,0,0,0,0,1,0,0,1,0
2024-03-27 00:00:00,31,1,0,67,0,9.1,1.4,5.9,0,0,0,0,0,0,1,0,1,0
2024-03-18 20:00:00,80,21,0,235,0,14.1,6.1,2.3,0,1,0,0,0,0,0,0,1,0
2024-03-11 02:00:00,69,3,0,249,0,11.0,4.2,0.2,0,1,0,0,0,0,0,0,1,0
2024-03-29 02:00:00,41,3,0,120,1,12.0,4.8,0.0,1,0,0,0,0,0,0,0,1,0
2024-03-15 20:00:00,41,21,0,35,0,8.4,3.8,2.1,1,0,0,0,0,0,0,0,1,0
2024-03-15 01:00:00,29,2,0,87,0,8.4,3.8,2.1,1,0,0,0,0,0,0,0,1,0
2024-03-16 02:00:00,69,3,0,240,0,12.5,-0.6,9.2,0,0,1,0,0,0,0,0,1,0
2024-03-11 03:00:00,29,4,0,38,0,11.0,4.2,0.2,0,1,0,0,0,0,0,0,1,0
2024-03-23 01:00:00,69,2,0,182,0,12.1,5.0,0.0,0,0,1,0,0,0,0,0,1,0
2024-03-16 23:00:00,79,0,0,183,0,12.5,-0.6,9.2,0,0,1,0,0,0,0,0,1,0
2024-03-09 22:00:00,79,23,0,151,0,6.3,5.5,0.0,0,0,1,0,0,0,0,0,1,0
2024-03-24 02:00:00,79,3,0,374,0,6.5,5.0,0.0,0,0,0,1,0,0,0,0,1,0
2024-03-12 23:00:00,79,0,0,60,0,11.2,5.1,1.8,0,0,0,0,0,1,0,0,1,0
2024-03-18 21:00:00,61,22,0,172,0,14.1,6.1,2.3,0,1,0,0,0,0,0,0,1,0
2024-03-27 23:00:00,29,0,0,68,0,9.1,1.4,5.9,0,0,0,0,0,0,1,0,1,0
2024-03-15 07:00:00,68,8,0,229,0,8.4,3.8,2.1,1,0,0,0,0,0,0,0,1,0
2024-03-09 02:00:00,61,3,0,405,0,6.3,5.5,0.0,0,0,1,0,0,0,0,0,1,0
2024-03-08 01:00:00,28,2,0,94,0,6.2,3.6,0.0,1,0,0,0,0,0,0,0,1,0
2024-03-30 21:00:00,68,22,0,166,0,11.2,3.4,1.3,0,0,1,0,0,0,0,0,1,0
2024-03-20 23:00:00,40,0,0,94,0,12.3,6.2,0.0,0,0,0,0,0,0,1,0,1,0
2024-03-09 00:00:00,61,1,0,260,0,6.3,5.5,0.0,0,0,1,0,0,0,0,0,1,0
2024-03-23 02:00:00,61,3,0,249,0,12.1,5.0,0.0,0,0,1,0,0,0,0,0,1,0
2024-03-08 02:00:00,39,3,0,236,0,6.2,3.6,0.0,1,0,0,0,0,0,0,0,1,0
2024-03-24 03:00:00,28,4,0,366,0,6.5,5.0,0.0,0,0,0,1,0,0,0,0,1,0
2024-03-29 01:00:00,39,2,0,71,1,12.0,4.8,0.0,1,0,0,0,0,0,0,0,1,0
2024-03-28 22:00:00,61,23,0,134,0,10.2,2.1,4.5,0,0,0,0,1,0,0,0,1,0
2024-03-17 05:00:00,28,6,0,12,0,13.8,5.5,0.0,0,0,0,1,0,0,0,0,1,0
2024-03-11 00:00:00,39,1,0,134,0,11.0,4.2,0.2,0,1,0,0,0,0,0,0,1,0
2024-03-21 22:00:00,78,23,0,156,0,11.3,3.2,0.3,0,0,0,0,1,0,0,0,1,0
2024-03-07 20:00:00,61,21,0,130,0,6.5,5.5,1.5,0,0,0,0,1,0,0,0,1,0
2024-03-28 02:00:00,28,3,0,30,0,10.2,2.1,4.5,0,0,0,0,1,0,0,0,1,0
2024-03-29 20:00:00,67,21,0,216,1,12.0,4.8,0.0,1,0,0,0,0,0,0,0,1,0
2024-03-05 06:00:00,78,7,0,59,0,7.2,5.5,0.0,0,0,0,0,0,1,0,0,1,0
2024-03-19 06:00:00,39,7,0,151,0,7.8,8.5,0.0,0,0,0,0,0,1,0,0,1,0
2024-03-06 23:00:00,78,0,0,122,0,8.1,5.7,0.6,0,0,0,0,0,0,1,0,1,0
2024-03-13 20:00:00,67,21,0,192,0,7.0,5.9,1.4,0,0,0,0,0,0,1,0,1,0
2024-03-23 22:00:00,60,23,0,199,0,12.1,5.0,0.0,0,0,1,0,0,0,0,0,1,0
2024-03-09 23:00:00,76,0,0,205,0,6.3,5.5,0.0,0,0,1,0,0,0,0,0,1,0
2024-03-02 02:00:00,76,3,0,155,0,6.8,5.5,3.2,0,0,1,0,0,0,0,0,1,0
2024-03-24 00:00:00,74,1,0,371,0,6.5,5.0,0.0,0,0,0,1,0,0,0,0,1,0
2024-03-13 22:00:00,74,23,0,201,0,7.0,5.9,1.4,0,0,0,0,0,0,1,0,1,0
2024-03-29 22:00:00,73,23,0,167,1,12.0,4.8,0.0,1,0,0,0,0,0,0,0,1,0
2024-03-17 08:00:00,73,9,0,146,0,13.8,5.5,0.0,0,0,0,1,0,0,0,0,1,0
2024-03-15 21:00:00,66,22,0,147,0,8.4,3.8,2.1,1,0,0,0,0,0,0,0,1,0
2024-03-01 00:00:00,38,1,0,113,0,7.6,-1.6,2.2,1,0,0,0,0,0,0,0,1,0
2024-03-08 22:00:00,59,23,0,185,0,6.2,3.6,0.0,1,0,0,0,0,0,0,0,1,0
2024-03-11 23:00:00,59,0,0,36,0,11.0,4.2,0.2,0,1,0,0,0,0,0,0,1,0
2024-03-17 22:00:00,59,23,0,119,0,13.8,5.5,0.0,0,0,0,1,0,0,0,0,1,0
2024-03-04 00:00:00,38,1,0,188,0,9.9,-1.6,1.0,0,1,0,0,0,0,0,0,1,0
2024-03-16 00:00:00,49,1,0,225,0,12.5,-0.6,9.2,0,0,1,0,0,0,0,0,1,0
2024-03-21 23:00:00,59,0,0,187,0,11.3,3.2,0.3,0,0,0,0,1,0,0,0,1,0
2024-03-24 04:00:00,27,5,0,18,0,6.5,5.0,0.0,0,0,0,1,0,0,0,0,1,0
2024-03-09 21:00:00,49,22,0,167,0,6.3,5.5,0.0,0,0,1,0,0,0,0,0,1,0
2024-03-15 22:00:00,65,23,0,218,0,8.4,3.8,2.1,1,0,0,0,0,0,0,0,1,0
2024-03-08 21:00:00,65,22,0,89,0,6.2,3.6,0.0,1,0,0,0,0,0,0,0,1,0
2024-03-30 22:00:00,65,23,0,195,0,11.2,3.4,1.3,0,0,1,0,0,0,0,0,1,0
2024-03-03 01:00:00,65,2,0,294,0,8.1,5.5,0.0,0,0,0,1,0,0,0,0,1,0
2024-03-19 20:00:00,65,21,0,268,0,7.8,8.5,0.0,0,0,0,0,0,1,0,0,1,0
2024-03-31 21:00:00,49,22,0,109,0,8.8,1.4,0.1,0,0,0,1,0,0,0,0,1,0
2024-03-08 05:00:00,55,6,0,23,0,6.2,3.6,0.0,1,0,0,0,0,0,0,0,1,0
2024-03-10 21:00:00,26,22,0,131,0,6.3,5.5,0.6,0,0,0,1,0,0,0,0,1,0
2024-03-06 05:00:00,59,6,0,48,0,8.1,5.7,0.6,0,0,0,0,0,0,1,0,1,0
2024-03-26 05:00:00,49,6,0,44,0,7.8,1.5,6.1,0,0,0,0,0,1,0,0,1,0
2024-03-14 00:00:00,26,1,0,135,0,9.2,3.8,15.0,0,0,0,0,1,0,0,0,1,0
2024-03-02 06:00:00,48,7,0,62,0,6.8,5.5,3.2,0,0,1,0,0,0,0,0,1,0
2024-03-07 02:00:00,26,3,0,57,0,6.5,5.5,1.5,0,0,0,0,1,0,0,0,1,0
2024-03-13 21:00:00,58,22,0,89,0,7.0,5.9,1.4,0,0,0,0,0,0,1,0,1,0
2024-03-29 05:00:00,54,6,0,49,1,12.0,4.8,0.0,1,0,0,0,0,0,0,0,1,0
2024-03-21 01:00:00,26,2,0,44,0,11.3,3.2,0.3,0,0,0,0,1,0,0,0,1,0
2024-03-22 01:00:00,37,2,0,84,0,11.3,4.4,0.0,1,0,0,0,0,0,0,0,1,0
2024-03-03 23:00:00,48,0,0,75,0,8.1,5.5,0.0,0,0,0,1,0,0,0,0,1,0
2024-03-12 00:00:00,26,1,0,45,0,11.2,5.1,1.8,0,0,0,0,0,1,0,0,1,0
2024-03-08 03:00:00,37,4,0,51,0,6.2,3.6,0.0,1,0,0,0,0,0,0,0,1,0
2024-03-02 03:00:00,57,4,0,232,0,6.8,5.5,3.2,0,0,1,0,0,0,0,0,1,0
2024-03-21 05:00:00,48,6,0,41,0,11.3,3.2,0.3,0,0,0,0,1,0,0,0,1,0
2024-03-20 00:00:00,26,1,0,43,0,12.3,6.2,0.0,0,0,0,0,0,0,1,0,1,0
2024-03-15 23:00:00,47,0,0,298,0,8.4,3.8,2.1,1,0,0,0,0,0,0,0,1,0
2024-03-03 03:00:00,54,4,0,241,0,8.1,5.5,0.0,0,0,0,1,0,0,0,0,1,0
2024-03-18 22:00:00,37,23,0,80,0,14.1,6.1,2.3,0,1,0,0,0,0,0,0,1,0
2024-03-23 03:00:00,47,4,0,461,0,12.1,5.0,0.0,0,0,1,0,0,0,0,0,1,0
2024-03-17 23:00:00,47,0,0,154,0,13.8,5.5,0.0,0,0,0,1,0,0,0,0,1,0
2024-03-10 03:00:00,46,4,0,269,0,6.3,5.5,0.6,0,0,0,1,0,0,0,0,1,0
2024-03-05 05:00:00,46,6,0,29,0,7.2,5.5,0.0,0,0,0,0,0,1,0,0,1,0
2024-03-01 05:00:00,45,6,0,26,0,7.6,-1.6,2.2,1,0,0,0,0,0,0,0,1,0
2024-03-30 03:00:00,45,4,0,334,0,11.2,3.4,1.3,0,0,1,0,0,0,0,0,1,0
2024-03-22 02:00:00,44,3,0,171,0,11.3,4.4,0.0,1,0,0,0,0,0,0,0,1,0
2024-03-04 02:00:00,44,3,0,199,0,9.9,-1.6,1.0,0,1,0,0,0,0,0,0,1,0
2024-03-03 07:00:00,44,8,0,196,0,8.1,5.5,0.0,0,0,0,1,0,0,0,0,1,0
2024-03-07 23:00:00,44,0,0,121,0,6.5,5.5,1.5,0,0,0,0,1,0,0,0,1,0
2024-03-05 00:00:00,44,1,0,48,0,7.2,5.5,0.0,0,0,0,0,0,1,0,0,1,0
2024-03-28 05:00:00,43,6,0,53,0,10.2,2.1,4.5,0,0,0,0,1,0,0,0,1,0
2024-03-17 06:00:00,25,7,0,32,0,13.8,5.5,0.0,0,0,0,1,0,0,0,0,1,0
2024-03-07 00:00:00,25,1,0,70,0,6.5,5.5,1.5,0,0,0,0,1,0,0,0,1,0
2024-03-18 01:00:00,56,2,0,181,0,14.1,6.1,2.3,0,1,0,0,0,0,0,0,1,0
2024-03-24 07:00:00,37,8,0,165,0,6.5,5.0,0.0,0,0,0,1,0,0,0,0,1,0
2024-03-25 23:00:00,56,0,0,18,0,7.4,4.0,15.2,0,1,0,0,0,0,0,0,1,0
2024-03-10 02:00:00,54,3,0,225,0,6.3,5.5,0.6,0,0,0,1,0,0,0,0,1,0
2024-03-29 03:00:00,24,4,0,67,1,12.0,4.8,0.0,1,0,0,0,0,0,0,0,1,0
2024-03-31 05:00:00,37,6,0,36,0,8.8,1.4,0.1,0,0,0,1,0,0,0,0,1,0
2024-03-18 23:00:00,24,0,0,47,0,14.1,6.1,2.3,0,1,0,0,0,0,0,0,1,0
2024-03-16 01:00:00,53,2,0,385,0,12.5,-0.6,9.2,0,0,1,0,0,0,0,0,1,0
2024-03-24 08:00:00,56,9,0,146,0,6.5,5.0,0.0,0,0,0,1,0,0,0,0,1,0
2024-03-23 20:00:00,53,21,0,292,0,12.1,5.0,0.0,0,0,1,0,0,0,0,0,1,0
2024-03-31 22:00:00,56,23,0,107,0,8.8,1.4,0.1,0,0,0,1,0,0,0,0,1,0
2024-03-16 03:00:00,53,4,0,222,0,12.5,-0.6,9.2,0,0,1,0,0,0,0,0,1,0
2024-03-12 05:00:00,53,6,0,41,0,11.2,5.1,1.8,0,0,0,0,0,1,0,0,1,0
2024-03-27 20:00:00,53,21,0,90,0,9.1,1.4,5.9,0,0,0,0,0,0,1,0,1,0
2024-03-11 05:00:00,52,6,0,27,0,11.0,4.2,0.2,0,1,0,0,0,0,0,0,1,0
2024-03-01 01:00:00,51,2,0,64,0,7.6,-1.6,2.2,1,0,0,0,0,0,0,0,1,0
2024-03-23 21:00:00,51,22,0,184,0,12.1,5.0,0.0,0,0,1,0,0,0,0,0,1,0
2024-03-20 21:00:00,51,22,0,117,0,12.3,6.2,0.0,0,0,0,0,0,0,1,0,1,0
2024-03-27 21:00:00,51,22,0,76,0,9.1,1.4,5.9,0,0,0,0,0,0,1,0,1,0
2024-03-13 00:00:00,51,1,0,51,0,7.0,5.9,1.4,0,0,0,0,0,0,1,0,1,0
2024-03-13 05:00:00,51,6,0,12,0,7.0,5.9,1.4,0,0,0,0,0,0,1,0,1,0
2024-03-08 00:00:00,50,1,0,100,0,6.2,3.6,0.0,1,0,0,0,0,0,0,0,1,0
2024-03-31 03:00:00,50,4,0,231,0,8.8,1.4,0.1,0,0,0,1,0,0,0,0,1,0
2024-03-20 04:00:00,4,5,0,4,0,12.3,6.2,0.0,0,0,0,0,0,0,1,0,1,0
2024-03-01 04:00:00,6,5,0,2,0,7.6,-1.6,2.2,1,0,0,0,0,0,0,0,1,0
2024-03-30 04:00:00,11,5,0,26,0,11.2,3.4,1.3,0,0,1,0,0,0,0,0,1,0
2024-03-09 05:00:00,11,6,0,13,0,6.3,5.5,0.0,0,0,1,0,0,0,0,0,1,0
2024-03-08 04:00:00,18,5,0,10,0,6.2,3.6,0.0,1,0,0,0,0,0,0,0,1,0
2024-03-10 23:00:00,23,0,0,109,0,6.3,5.5,0.6,0,0,0,1,0,0,0,0,1,0
2024-03-19 05:00:00,14,6,0,48,0,7.8,8.5,0.0,0,0,0,0,0,1,0,0,1,0
2024-03-03 06:00:00,23,7,0,43,0,8.1,5.5,0.0,0,0,0,1,0,0,0,0,1,0
2024-03-12 04:00:00,14,5,0,10,0,11.2,5.1,1.8,0,0,0,0,0,1,0,0,1,0
2024-03-28 01:00:00,18,2,0,34,0,10.2,2.1,4.5,0,0,0,0,1,0,0,0,1,0
2024-03-19 01:00:00,18,2,0,11,0,7.8,8.5,0.0,0,0,0,0,0,1,0,0,1,0
2024-03-13 04:00:00,18,5,0,26,0,7.0,5.9,1.4,0,0,0,0,0,0,1,0,1,0
2024-03-29 00:00:00,17,1,0,131,1,12.0,4.8,0.0,1,0,0,0,0,0,0,0,1,0
2024-03-07 03:00:00,17,4,0,21,0,6.5,5.5,1.5,0,0,0,0,1,0,0,0,1,0
2024-03-05 02:00:00,17,3,0,14,0,7.2,5.5,0.0,0,0,0,0,0,1,0,0,1,0
2024-03-29 04:00:00,16,5,0,29,1,12.0,4.8,0.0,1,0,0,0,0,0,0,0,1,0
2024-03-18 03:00:00,16,4,0,17,0,14.1,6.1,2.3,0,1,0,0,0,0,0,0,1,0
2024-03-03 04:00:00,16,5,0,29,0,8.1,5.5,0.0,0,0,0,1,0,0,0,0,1,0
2024-03-07 01:00:00,16,2,0,18,0,6.5,5.5,1.5,0,0,0,0,1,0,0,0,1,0
2024-03-19 00:00:00,16,1,0,27,0,7.8,8.5,0.0,0,0,0,0,0,1,0,0,1,0
2024-03-06 04:00:00,16,5,0,6,0,8.1,5.7,0.6,0,0,0,0,0,0,1,0,1,0
2024-03-18 05:00:00,15,6,0,22,0,14.1,6.1,2.3,0,1,0,0,0,0,0,0,1,0
2024-03-02 04:00:00,15,5,0,10,0,6.8,5.5,3.2,0,0,1,0,0,0,0,0,1,0
2024-03-03 05:00:00,23,6,0,42,0,8.1,5.5,0.0,0,0,0,1,0,0,0,0,1,0
2024-03-27 01:00:00,14,2,0,24,0,9.1,1.4,5.9,0,0,0,0,0,0,1,0,1,0
2024-03-19 02:00:00,5,3,0,29,0,7.8,8.5,0.0,0,0,0,0,0,1,0,0,1,0
2024-03-06 01:00:00,23,2,0,14,0,8.1,5.7,0.6,0,0,0,0,0,0,1,0,1,0
2024-03-19 04:00:00,5,5,0,3,0,7.8,8.5,0.0,0,0,0,0,0,1,0,0,1,0
2024-03-07 05:00:00,11,6,0,42,0,6.5,5.5,1.5,0,0,0,0,1,0,0,0,1,0
2024-03-13 03:00:00,23,4,0,12,0,7.0,5.9,1.4,0,0,0,0,0,0,1,0,1,0
2024-03-05 03:00:00,11,4,0,4,0,7.2,5.5,0.0,0,0,0,0,0,1,0,0,1,0
2024-03-15 00:00:00,22,1,0,98,0,8.4,3.8,2.1,1,0,0,0,0,0,0,0,1,0
2024-03-22 04:00:00,22,5,0,32,0,11.3,4.4,0.0,1,0,0,0,0,0,0,0,1,0
2024-03-27 03:00:00,5,4,0,2,0,9.1,1.4,5.9,0,0,0,0,0,0,1,0,1,0
2024-03-05 04:00:00,13,5,0,13,0,7.2,5.5,0.0,0,0,0,0,0,1,0,0,1,0
2024-03-20 01:00:00,11,2,0,24,0,12.3,6.2,0.0,0,0,0,0,0,0,1,0,1,0
2024-03-14 05:00:00,8,6,0,39,0,9.2,3.8,15.0,0,0,0,0,1,0,0,0,1,0
2024-03-07 04:00:00,8,5,0,6,0,6.5,5.5,1.5,0,0,0,0,1,0,0,0,1,0
2024-03-06 02:00:00,8,3,0,8,0,8.1,5.7,0.6,0,0,0,0,0,0,1,0,1,0
2024-03-28 04:00:00,7,5,0,11,0,10.2,2.1,4.5,0,0,0,0,1,0,0,0,1,0
2024-03-28 03:00:00,7,4,0,7,0,10.2,2.1,4.5,0,0,0,0,1,0,0,0,1,0
2024-03-15 04:00:00,3,5,0,19,0,8.4,3.8,2.1,1,0,0,0,0,0,0,0,1,0
2024-03-26 03:00:00,13,4,0,8,0,7.8,1.5,6.1,0,0,0,0,0,1,0,0,1,0
2024-03-06 03:00:00,11,4,0,1,0,8.1,5.7,0.6,0,0,0,0,0,0,1,0,1,0
2024-03-25 01:00:00,21,2,0,51,0,7.4,4.0,15.2,0,1,0,0,0,0,0,0,1,0
2024-03-27 05:00:00,12,6,0,20,0,9.1,1.4,5.9,0,0,0,0,0,0,1,0,1,0
2024-03-27 02:00:00,12,3,0,10,0,9.1,1.4,5.9,0,0,0,0,0,0,1,0,1,0
2024-03-15 05:00:00,11,6,0,44,0,8.4,3.8,2.1,1,0,0,0,0,0,0,0,1,0
2024-03-04 05:00:00,11,6,0,37,0,9.9,-1.6,1.0,0,1,0,0,0,0,0,0,1,0
2024-03-09 04:00:00,10,5,0,28,0,6.3,5.5,0.0,0,0,1,0,0,0,0,0,1,0
2024-03-30 05:00:00,10,6,0,17,0,11.2,3.4,1.3,0,0,1,0,0,0,0,0,1,0
2024-03-27 04:00:00,6,5,0,7,0,9.1,1.4,5.9,0,0,0,0,0,0,1,0,1,0
2024-03-18 04:00:00,3,5,0,8,0,14.1,6.1,2.3,0,1,0,0,0,0,0,0,1,0
2024-03-14 03:00:00,10,4,0,9,0,9.2,3.8,15.0,0,0,0,0,1,0,0,0,1,0
2024-03-13 23:00:00,21,0,0,131,0,7.0,5.9,1.4,0,0,0,0,0,0,1,0,1,0
2024-03-21 03:00:00,4,4,0,10,0,11.3,3.2,0.3,0,0,0,0,1,0,0,0,1,0
2024-03-20 02:00:00,4,3,0,12,0,12.3,6.2,0.0,0,0,0,0,0,0,1,0,1,0
2024-03-15 03:00:00,20,4,0,19,0,8.4,3.8,2.1,1,0,0,0,0,0,0,0,1,0
2024-03-25 02:00:00,20,3,0,182,0,7.4,4.0,15.2,0,1,0,0,0,0,0,0,1,0
2024-03-20 05:00:00,10,6,0,8,0,12.3,6.2,0.0,0,0,0,0,0,0,1,0,1,0
2024-03-01 03:00:00,9,4,0,26,0,7.6,-1.6,2.2,1,0,0,0,0,0,0,0,1,0
2024-03-14 02:00:00,19,3,0,91,0,9.2,3.8,15.0,0,0,0,0,1,0,0,0,1,0
2024-03-28 00:00:00,19,1,0,44,0,10.2,2.1,4.5,0,0,0,0,1,0,0,0,1,0
2024-03-04 04:00:00,9,5,0,6,0,9.9,-1.6,1.0,0,1,0,0,0,0,0,0,1,0
2024-03-10 05:00:00,5,6,0,18,0,6.3,5.5,0.6,0,0,0,1,0,0,0,0,1,0
2024-03-16 05:00:00,9,6,0,23,0,12.5,-0.6,9.2,0,0,1,0,0,0,0,0,1,0
2024-03-16 04:00:00,9,5,0,17,0,12.5,-0.6,9.2,0,0,1,0,0,0,0,0,1,0
2024-03-19 03:00:00,3,4,0,6,0,7.8,8.5,0.0,0,0,0,0,0,1,0,0,1,0
2024-03-20 03:00:00,2,4,0,5,0,12.3,6.2,0.0,0,0,0,0,0,0,1,0,1,0
2023-11-01 06:00:00,102,7,2,130,0,10.0,4.0,7.7,0,0,0,0,0,0,1,0,1,0
2023-11-02 09:00:00,410,10,1,827,0,12.7,3.2,0.3,0,0,0,0,1,0,0,0,1,0
2023-11-02 20:00:00,105,21,1,305,0,12.7,3.2,0.3,0,0,0,0,1,0,0,0,1,0
2023-11-01 09:00:00,377,10,1,517,0,10.0,4.0,7.7,0,0,0,0,0,0,1,0,1,0
2023-11-02 22:00:00,39,23,1,141,0,12.7,3.2,0.3,0,0,0,0,1,0,0,0,1,0
2023-11-01 08:00:00,258,9,1,428,0,10.0,4.0,7.7,0,0,0,0,0,0,1,0,1,0
2023-11-01 17:00:00,211,18,1,846,0,10.0,4.0,7.7,0,0,0,0,0,0,1,0,1,0
2023-11-01 07:00:00,159,8,1,400,0,10.0,4.0,7.7,0,0,0,0,0,0,1,0,1,0
2023-11-01 01:00:00,82,2,1,95,0,10.0,4.0,7.7,0,0,0,0,0,0,1,0,1,0
2023-11-02 17:00:00,514,18,0,325,0,12.7,3.2,0.3,0,0,0,0,1,0,0,0,1,0
2023-11-01 04:00:00,49,5,1,47,0,10.0,4.0,7.7,0,0,0,0,0,0,1,0,1,0
2023-11-02 08:00:00,278,9,0,634,0,12.7,3.2,0.3,0,0,0,0,1,0,0,0,1,0
2023-11-02 18:00:00,199,19,0,699,0,12.7,3.2,0.3,0,0,0,0,1,0,0,0,1,0
2023-11-02 19:00:00,158,20,0,519,0,12.7,3.2,0.3,0,0,0,0,1,0,0,0,1,0
2023-11-02 06:00:00,95,7,0,83,0,12.7,3.2,0.3,0,0,0,0,1,0,0,0,1,0
2023-11-02 21:00:00,86,22,0,234,0,12.7,3.2,0.3,0,0,0,0,1,0,0,0,1,0
2023-11-01 10:00:00,348,11,0,484,0,10.0,4.0,7.7,0,0,0,0,0,0,1,0,1,0
2023-11-01 11:00:00,320,12,0,551,0,10.0,4.0,7.7,0,0,0,0,0,0,1,0,1,0
2023-11-01 16:00:00,303,17,0,973,0,10.0,4.0,7.7,0,0,0,0,0,0,1,0,1,0
2023-11-01 19:00:00,247,20,0,508,0,10.0,4.0,7.7,0,0,0,0,0,0,1,0,1,0
2023-11-01 18:00:00,245,19,0,799,0,10.0,4.0,7.7,0,0,0,0,0,0,1,0,1,0
2023-11-01 13:00:00,308,14,4,606,0,10.0,4.0,7.7,0,0,0,0,0,0,1,0,1,0
2023-11-01 14:00:00,292,15,4,561,0,10.0,4.0,7.7,0,0,0,0,0,0,1,0,1,0
2023-11-01 20:00:00,137,21,0,290,0,10.0,4.0,7.7,0,0,0,0,0,0,1,0,1,0
2023-11-01 12:00:00,312,13,2,617,0,10.0,4.0,7.7,0,0,0,0,0,0,1,0,1,0
2023-11-01 15:00:00,291,16,2,734,0,10.0,4.0,7.7,0,0,0,0,0,0,1,0,1,0
2023-11-01 22:00:00,136,23,0,182,0,10.0,4.0,7.7,0,0,0,0,0,0,1,0,1,0
2023-11-01 21:00:00,134,22,0,180,0,10.0,4.0,7.7,0,0,0,0,0,0,1,0,1,0
2023-11-01 00:00:00,85,1,0,195,0,10.0,4.0,7.7,0,0,0,0,0,0,1,0,1,0
2023-11-01 02:00:00,59,3,0,91,0,10.0,4.0,7.7,0,0,0,0,0,0,1,0,1,0
2023-11-01 23:00:00,57,0,0,127,0,10.0,4.0,7.7,0,0,0,0,0,0,1,0,1,0
2023-11-01 03:00:00,52,4,0,203,0,10.0,4.0,7.7,0,0,0,0,0,0,1,0,1,0
2023-11-01 05:00:00,32,6,0,51,0,10.0,4.0,7.7,0,0,0,0,0,0,1,0,1,0
2023-11-02 15:00:00,482,16,6,1049,0,12.7,3.2,0.3,0,0,0,0,1,0,0,0,1,0
2023-11-02 10:00:00,449,11,5,1036,0,12.7,3.2,0.3,0,0,0,0,1,0,0,0,1,0
2023-11-02 12:00:00,514,13,4,1088,0,12.7,3.2,0.3,0,0,0,0,1,0,0,0,1,0
2023-11-02 07:00:00,191,8,4,373,0,12.7,3.2,0.3,0,0,0,0,1,0,0,0,1,0
2023-11-02 16:00:00,566,17,3,577,0,12.7,3.2,0.3,0,0,0,0,1,0,0,0,1,0
2023-11-02 13:00:00,528,14,3,855,0,12.7,3.2,0.3,0,0,0,0,1,0,0,0,1,0
2023-11-02 11:00:00,507,12,2,1068,0,12.7,3.2,0.3,0,0,0,0,1,0,0,0,1,0
2023-11-02 14:00:00,495,15,2,1084,0,12.7,3.2,0.3,0,0,0,0,1,0,0,0,1,0
2023-11-02 05:00:00,55,6,0,40,0,12.7,3.2,0.3,0,0,0,0,1,0,0,0,1,0
2023-11-02 03:00:00,42,4,0,24,0,12.7,3.2,0.3,0,0,0,0,1,0,0,0,1,0
2023-11-02 02:00:00,38,3,0,186,0,12.7,3.2,0.3,0,0,0,0,1,0,0,0,1,0
2023-11-02 23:00:00,35,0,0,139,0,12.7,3.2,0.3,0,0,0,0,1,0,0,0,1,0
2023-11-02 04:00:00,20,5,0,7,0,12.7,3.2,0.3,0,0,0,0,1,0,0,0,1,0
2023-11-02 00:00:00,18,1,0,121,0,12.7,3.2,0.3,0,0,0,0,1,0,0,0,1,0
2023-11-02 01:00:00,18,2,0,66,0,12.7,3.2,0.3,0,0,0,0,1,0,0,0,1,0
2023-11-03 15:00:00,267,16,10,505,0,11.2,7.3,1.4,1,0,0,0,0,0,0,0,1,0
2023-11-03 13:00:00,288,14,8,534,0,11.2,7.3,1.4,1,0,0,0,0,0,0,0,1,0
2023-11-04 15:00:00,210,16,15,780,0,10.6,5.5,0.6,0,0,1,0,0,0,0,0,1,0
2023-11-03 05:00:00,69,6,1,34,0,11.2,7.3,1.4,1,0,0,0,0,0,0,0,1,0
2023-11-03 04:00:00,14,5,1,10,0,11.2,7.3,1.4,1,0,0,0,0,0,0,0,1,0
2023-11-03 16:00:00,418,17,0,487,0,11.2,7.3,1.4,1,0,0,0,0,0,0,0,1,0
2023-11-03 17:00:00,291,18,0,205,0,11.2,7.3,1.4,1,0,0,0,0,0,0,0,1,0
2023-11-03 10:00:00,227,11,0,154,0,11.2,7.3,1.4,1,0,0,0,0,0,0,0,1,0
2023-11-03 07:00:00,172,8,0,361,0,11.2,7.3,1.4,1,0,0,0,0,0,0,0,1,0
2023-11-03 23:00:00,103,0,0,255,0,11.2,7.3,1.4,1,0,0,0,0,0,0,0,1,0
2023-11-03 18:00:00,95,19,0,103,0,11.2,7.3,1.4,1,0,0,0,0,0,0,0,1,0
2023-11-03 19:00:00,88,20,0,74,0,11.2,7.3,1.4,1,0,0,0,0,0,0,0,1,0
2023-11-03 22:00:00,72,23,0,172,0,11.2,7.3,1.4,1,0,0,0,0,0,0,0,1,0
2023-11-03 20:00:00,65,21,0,51,0,11.2,7.3,1.4,1,0,0,0,0,0,0,0,1,0
2023-11-03 21:00:00,63,22,0,106,0,11.2,7.3,1.4,1,0,0,0,0,0,0,0,1,0
2023-11-03 00:00:00,35,1,0,140,0,11.2,7.3,1.4,1,0,0,0,0,0,0,0,1,0
2023-11-03 02:00:00,33,3,0,164,0,11.2,7.3,1.4,1,0,0,0,0,0,0,0,1,0
2023-11-03 01:00:00,22,2,0,95,0,11.2,7.3,1.4,1,0,0,0,0,0,0,0,1,0
2023-11-03 03:00:00,20,4,0,28,0,11.2,7.3,1.4,1,0,0,0,0,0,0,0,1,0
2023-11-04 13:00:00,589,14,7,1843,0,10.6,5.5,0.6,0,0,1,0,0,0,0,0,1,0
2023-11-04 16:00:00,176,17,7,591,0,10.6,5.5,0.6,0,0,1,0,0,0,0,0,1,0
2023-11-04 14:00:00,193,15,5,767,0,10.6,5.5,0.6,0,0,1,0,0,0,0,0,1,0
2023-11-04 17:00:00,109,18,1,512,0,10.6,5.5,0.6,0,0,1,0,0,0,0,0,1,0
2023-11-04 11:00:00,522,12,4,1716,0,10.6,5.5,0.6,0,0,1,0,0,0,0,0,1,0
2023-11-04 12:00:00,651,13,2,1623,0,10.6,5.5,0.6,0,0,1,0,0,0,0,0,1,0
2023-11-04 10:00:00,475,11,2,1452,0,10.6,5.5,0.6,0,0,1,0,0,0,0,0,1,0
2023-11-04 09:00:00,337,10,1,993,0,10.6,5.5,0.6,0,0,1,0,0,0,0,0,1,0
2023-11-04 07:00:00,135,8,1,264,0,10.6,5.5,0.6,0,0,1,0,0,0,0,0,1,0
2023-11-04 23:00:00,96,0,1,252,0,10.6,5.5,0.6,0,0,1,0,0,0,0,0,1,0
2023-11-04 08:00:00,265,9,0,579,0,10.6,5.5,0.6,0,0,1,0,0,0,0,0,1,0
2023-11-04 19:00:00,128,20,0,386,0,10.6,5.5,0.6,0,0,1,0,0,0,0,0,1,0
2023-11-04 18:00:00,106,19,0,398,0,10.6,5.5,0.6,0,0,1,0,0,0,0,0,1,0
2023-11-04 20:00:00,94,21,0,264,0,10.6,5.5,0.6,0,0,1,0,0,0,0,0,1,0
2023-11-04 00:00:00,90,1,0,283,0,10.6,5.5,0.6,0,0,1,0,0,0,0,0,1,0
2023-11-04 21:00:00,82,22,0,150,0,10.6,5.5,0.6,0,0,1,0,0,0,0,0,1,0
2023-11-04 22:00:00,67,23,0,345,0,10.6,5.5,0.6,0,0,1,0,0,0,0,0,1,0
2023-11-04 06:00:00,64,7,0,84,0,10.6,5.5,0.6,0,0,1,0,0,0,0,0,1,0
2023-11-04 01:00:00,60,2,0,272,0,10.6,5.5,0.6,0,0,1,0,0,0,0,0,1,0
2023-11-04 03:00:00,57,4,0,342,0,10.6,5.5,0.6,0,0,1,0,0,0,0,0,1,0
2023-11-04 05:00:00,52,6,0,32,0,10.6,5.5,0.6,0,0,1,0,0,0,0,0,1,0
2023-11-04 02:00:00,39,3,0,307,0,10.6,5.5,0.6,0,0,1,0,0,0,0,0,1,0
2023-11-04 04:00:00,13,5,0,23,0,10.6,5.5,0.6,0,0,1,0,0,0,0,0,1,0
2023-11-03 14:00:00,273,15,7,463,0,11.2,7.3,1.4,1,0,0,0,0,0,0,0,1,0
2023-11-03 12:00:00,570,13,4,2027,0,11.2,7.3,1.4,1,0,0,0,0,0,0,0,1,0
2023-11-03 08:00:00,353,9,4,789,0,11.2,7.3,1.4,1,0,0,0,0,0,0,0,1,0
2023-11-03 11:00:00,467,12,3,1731,0,11.2,7.3,1.4,1,0,0,0,0,0,0,0,1,0
2023-11-03 09:00:00,443,10,2,1017,0,11.2,7.3,1.4,1,0,0,0,0,0,0,0,1,0
2023-11-03 06:00:00,103,7,2,98,0,11.2,7.3,1.4,1,0,0,0,0,0,0,0,1,0
2023-11-05 09:00:00,154,10,4,346,0,10.8,5.5,0.0,0,0,0,1,0,0,0,0,1,0
2023-11-06 10:00:00,349,11,1,868,0,12.1,3.3,0.2,0,1,0,0,0,0,0,0,1,0
2023-11-06 07:00:00,194,8,8,257,0,12.1,3.3,0.2,0,1,0,0,0,0,0,0,1,0
2023-11-06 08:00:00,337,9,7,470,0,12.1,3.3,0.2,0,1,0,0,0,0,0,0,1,0
2023-11-06 09:00:00,308,10,4,519,0,12.1,3.3,0.2,0,1,0,0,0,0,0,0,1,0
2023-11-06 11:00:00,356,12,2,980,0,12.1,3.3,0.2,0,1,0,0,0,0,0,0,1,0
2023-11-06 06:00:00,88,7,2,78,0,12.1,3.3,0.2,0,1,0,0,0,0,0,0,1,0
2023-11-05 12:00:00,297,13,9,816,0,10.8,5.5,0.0,0,0,0,1,0,0,0,0,1,0
2023-11-05 13:00:00,315,14,7,868,0,10.8,5.5,0.0,0,0,0,1,0,0,0,0,1,0
2023-11-05 10:00:00,204,11,7,673,0,10.8,5.5,0.0,0,0,0,1,0,0,0,0,1,0
2023-11-05 15:00:00,310,16,6,1044,0,10.8,5.5,0.0,0,0,0,1,0,0,0,0,1,0
2023-11-05 11:00:00,302,12,5,881,0,10.8,5.5,0.0,0,0,0,1,0,0,0,0,1,0
2023-11-05 14:00:00,272,15,5,738,0,10.8,5.5,0.0,0,0,0,1,0,0,0,0,1,0
2023-11-05 18:00:00,256,19,0,262,0,10.8,5.5,0.0,0,0,0,1,0,0,0,0,1,0
2023-11-05 01:00:00,70,2,2,364,0,10.8,5.5,0.0,0,0,0,1,0,0,0,0,1,0
2023-11-05 07:00:00,63,8,2,95,0,10.8,5.5,0.0,0,0,0,1,0,0,0,0,1,0
2023-11-05 04:00:00,61,5,2,51,0,10.8,5.5,0.0,0,0,0,1,0,0,0,0,1,0
2023-11-05 22:00:00,25,23,2,66,0,10.8,5.5,0.0,0,0,0,1,0,0,0,0,1,0
2023-11-05 16:00:00,287,17,1,1076,0,10.8,5.5,0.0,0,0,0,1,0,0,0,0,1,0
2023-11-05 17:00:00,232,18,1,457,0,10.8,5.5,0.0,0,0,0,1,0,0,0,0,1,0
2023-11-06 04:00:00,23,5,1,18,0,12.1,3.3,0.2,0,1,0,0,0,0,0,0,1,0
2023-11-05 08:00:00,101,9,0,202,0,10.8,5.5,0.0,0,0,0,1,0,0,0,0,1,0
2023-11-07 08:00:00,108,9,10,568,0,10.1,5.6,2.2,0,0,0,0,0,1,0,0,1,0
2023-11-07 15:00:00,254,16,8,953,0,10.1,5.6,2.2,0,0,0,0,0,1,0,0,1,0
2023-11-07 12:00:00,291,13,7,880,0,10.1,5.6,2.2,0,0,0,0,0,1,0,0,1,0
2023-11-07 09:00:00,424,10,5,667,0,10.1,5.6,2.2,0,0,0,0,0,1,0,0,1,0
2023-11-07 14:00:00,277,15,5,902,0,10.1,5.6,2.2,0,0,0,0,0,1,0,0,1,0
2023-11-05 02:00:00,88,3,0,302,0,10.8,5.5,0.0,0,0,0,1,0,0,0,0,1,0
2023-11-06 12:00:00,397,13,0,847,0,12.1,3.3,0.2,0,1,0,0,0,0,0,0,1,0
2023-11-05 00:00:00,60,1,0,239,0,10.8,5.5,0.0,0,0,0,1,0,0,0,0,1,0
2023-11-06 14:00:00,390,15,0,841,0,12.1,3.3,0.2,0,1,0,0,0,0,0,0,1,0
2023-11-06 13:00:00,383,14,0,696,0,12.1,3.3,0.2,0,1,0,0,0,0,0,0,1,0
2023-11-06 15:00:00,353,16,0,786,0,12.1,3.3,0.2,0,1,0,0,0,0,0,0,1,0
2023-11-05 03:00:00,59,4,0,405,0,10.8,5.5,0.0,0,0,0,1,0,0,0,0,1,0
2023-11-06 16:00:00,346,17,0,1065,0,12.1,3.3,0.2,0,1,0,0,0,0,0,0,1,0
2023-11-05 20:00:00,52,21,0,101,0,10.8,5.5,0.0,0,0,0,1,0,0,0,0,1,0
2023-11-06 17:00:00,337,18,0,571,0,12.1,3.3,0.2,0,1,0,0,0,0,0,0,1,0
2023-11-06 18:00:00,311,19,0,384,0,12.1,3.3,0.2,0,1,0,0,0,0,0,0,1,0
2023-11-05 23:00:00,46,0,0,115,0,10.8,5.5,0.0,0,0,0,1,0,0,0,0,1,0
2023-11-05 21:00:00,46,22,0,88,0,10.8,5.5,0.0,0,0,0,1,0,0,0,0,1,0
2023-11-05 06:00:00,42,7,0,40,0,10.8,5.5,0.0,0,0,0,1,0,0,0,0,1,0
2023-11-06 19:00:00,174,20,0,196,0,12.1,3.3,0.2,0,1,0,0,0,0,0,0,1,0
2023-11-05 19:00:00,40,20,0,139,0,10.8,5.5,0.0,0,0,0,1,0,0,0,0,1,0
2023-11-06 22:00:00,115,23,0,125,0,12.1,3.3,0.2,0,1,0,0,0,0,0,0,1,0
2023-11-05 05:00:00,29,6,0,15,0,10.8,5.5,0.0,0,0,0,1,0,0,0,0,1,0
2023-11-06 20:00:00,74,21,0,109,0,12.1,3.3,0.2,0,1,0,0,0,0,0,0,1,0
2023-11-06 23:00:00,68,0,0,55,0,12.1,3.3,0.2,0,1,0,0,0,0,0,0,1,0
2023-11-06 21:00:00,65,22,0,81,0,12.1,3.3,0.2,0,1,0,0,0,0,0,0,1,0
2023-11-06 00:00:00,60,1,0,131,0,12.1,3.3,0.2,0,1,0,0,0,0,0,0,1,0
2023-11-06 01:00:00,54,2,0,138,0,12.1,3.3,0.2,0,1,0,0,0,0,0,0,1,0
2023-11-06 05:00:00,51,6,0,43,0,12.1,3.3,0.2,0,1,0,0,0,0,0,0,1,0
2023-11-06 02:00:00,39,3,0,235,0,12.1,3.3,0.2,0,1,0,0,0,0,0,0,1,0
2023-11-06 03:00:00,22,4,0,19,0,12.1,3.3,0.2,0,1,0,0,0,0,0,0,1,0
2023-11-07 22:00:00,89,23,0,139,0,10.1,5.6,2.2,0,0,0,0,0,1,0,0,1,0
2023-11-07 05:00:00,60,6,0,24,0,10.1,5.6,2.2,0,0,0,0,0,1,0,0,1,0
2023-11-07 00:00:00,52,1,0,74,0,10.1,5.6,2.2,0,0,0,0,0,1,0,0,1,0
2023-11-07 01:00:00,39,2,0,35,0,10.1,5.6,2.2,0,0,0,0,0,1,0,0,1,0
2023-11-07 02:00:00,35,3,0,58,0,10.1,5.6,2.2,0,0,0,0,0,1,0,0,1,0
2023-11-08 17:00:00,509,18,1,432,0,8.9,3.0,0.8,0,0,0,0,0,0,1,0,1,0
2023-11-07 23:00:00,30,0,0,52,0,10.1,5.6,2.2,0,0,0,0,0,1,0,0,1,0
2023-11-07 03:00:00,18,4,0,27,0,10.1,5.6,2.2,0,0,0,0,0,1,0,0,1,0
2023-11-07 04:00:00,16,5,0,12,0,10.1,5.6,2.2,0,0,0,0,0,1,0,0,1,0
2023-11-08 16:00:00,439,17,8,612,0,8.9,3.0,0.8,0,0,0,0,0,0,1,0,1,0
2023-11-08 11:00:00,200,12,8,355,0,8.9,3.0,0.8,0,0,0,0,0,0,1,0,1,0
2023-11-08 21:00:00,66,22,1,102,0,8.9,3.0,0.8,0,0,0,0,0,0,1,0,1,0
2023-11-08 13:00:00,543,14,6,494,0,8.9,3.0,0.8,0,0,0,0,0,0,1,0,1,0
2023-11-08 10:00:00,180,11,5,309,0,8.9,3.0,0.8,0,0,0,0,0,0,1,0,1,0
2023-11-08 08:00:00,123,9,5,269,0,8.9,3.0,0.8,0,0,0,0,0,0,1,0,1,0
2023-11-08 14:00:00,579,15,3,563,0,8.9,3.0,0.8,0,0,0,0,0,0,1,0,1,0
2023-11-08 07:00:00,95,8,3,158,0,8.9,3.0,0.8,0,0,0,0,0,0,1,0,1,0
2023-11-08 20:00:00,178,21,2,212,0,8.9,3.0,0.8,0,0,0,0,0,0,1,0,1,0
2023-11-08 09:00:00,154,10,2,300,0,8.9,3.0,0.8,0,0,0,0,0,0,1,0,1,0
2023-11-07 11:00:00,536,12,4,852,0,10.1,5.6,2.2,0,0,0,0,0,1,0,0,1,0
2023-11-09 15:00:00,118,16,7,700,0,7.9,0.7,0.0,0,0,0,0,1,0,0,0,1,0
2023-11-09 08:00:00,331,9,4,689,0,7.9,0.7,0.0,0,0,0,0,1,0,0,0,1,0
2023-11-09 14:00:00,180,15,4,743,0,7.9,0.7,0.0,0,0,0,0,1,0,0,0,1,0
2023-11-09 13:00:00,360,14,3,887,0,7.9,0.7,0.0,0,0,0,0,1,0,0,0,1,0
2023-11-09 16:00:00,215,17,3,850,0,7.9,0.7,0.0,0,0,0,0,1,0,0,0,1,0
2023-11-08 05:00:00,20,6,1,26,0,8.9,3.0,0.8,0,0,0,0,0,0,1,0,1,0
2023-11-08 15:00:00,199,16,18,547,0,8.9,3.0,0.8,0,0,0,0,0,0,1,0,1,0
2023-11-07 16:00:00,475,17,3,830,0,10.1,5.6,2.2,0,0,0,0,0,1,0,0,1,0
2023-11-08 18:00:00,484,19,0,301,0,8.9,3.0,0.8,0,0,0,0,0,0,1,0,1,0
2023-11-07 10:00:00,435,11,3,838,0,10.1,5.6,2.2,0,0,0,0,0,1,0,0,1,0
2023-11-08 19:00:00,341,20,0,298,0,8.9,3.0,0.8,0,0,0,0,0,0,1,0,1,0
2023-11-09 12:00:00,452,13,2,1143,0,7.9,0.7,0.0,0,0,0,0,1,0,0,0,1,0
2023-11-09 10:00:00,379,11,2,1261,0,7.9,0.7,0.0,0,0,0,0,1,0,0,0,1,0
2023-11-08 23:00:00,69,0,0,112,0,8.9,3.0,0.8,0,0,0,0,0,0,1,0,1,0
2023-11-08 01:00:00,65,2,0,15,0,8.9,3.0,0.8,0,0,0,0,0,0,1,0,1,0
2023-11-08 22:00:00,48,23,0,194,0,8.9,3.0,0.8,0,0,0,0,0,0,1,0,1,0
2023-11-08 06:00:00,35,7,0,72,0,8.9,3.0,0.8,0,0,0,0,0,0,1,0,1,0
2023-11-08 02:00:00,32,3,0,15,0,8.9,3.0,0.8,0,0,0,0,0,0,1,0,1,0
2023-11-08 00:00:00,25,1,0,33,0,8.9,3.0,0.8,0,0,0,0,0,0,1,0,1,0
2023-11-08 03:00:00,21,4,0,18,0,8.9,3.0,0.8,0,0,0,0,0,0,1,0,1,0
2023-11-08 04:00:00,4,5,0,3,0,8.9,3.0,0.8,0,0,0,0,0,0,1,0,1,0
2023-11-07 07:00:00,87,8,2,293,0,10.1,5.6,2.2,0,0,0,0,0,1,0,0,1,0
2023-11-09 11:00:00,423,12,1,1326,0,7.9,0.7,0.0,0,0,0,0,1,0,0,0,1,0
2023-11-07 18:00:00,369,19,1,384,0,10.1,5.6,2.2,0,0,0,0,0,1,0,0,1,0
2023-11-07 13:00:00,310,14,1,922,0,10.1,5.6,2.2,0,0,0,0,0,1,0,0,1,0
2023-11-09 07:00:00,201,8,1,349,0,7.9,0.7,0.0,0,0,0,0,1,0,0,0,1,0
2023-11-07 06:00:00,89,7,1,57,0,10.1,5.6,2.2,0,0,0,0,0,1,0,0,1,0
2023-11-09 22:00:00,72,23,1,267,0,7.9,0.7,0.0,0,0,0,0,1,0,0,0,1,0
2023-11-09 02:00:00,32,3,1,205,0,7.9,0.7,0.0,0,0,0,0,1,0,0,0,1,0
2023-11-08 12:00:00,197,13,10,403,0,8.9,3.0,0.8,0,0,0,0,0,0,1,0,1,0
2023-11-07 17:00:00,485,18,0,477,0,10.1,5.6,2.2,0,0,0,0,0,1,0,0,1,0
2023-11-07 19:00:00,268,20,0,314,0,10.1,5.6,2.2,0,0,0,0,0,1,0,0,1,0
2023-11-09 09:00:00,362,10,0,812,0,7.9,0.7,0.0,0,0,0,0,1,0,0,0,1,0
2023-11-07 20:00:00,187,21,0,217,0,10.1,5.6,2.2,0,0,0,0,0,1,0,0,1,0
2023-11-07 21:00:00,165,22,0,212,0,10.1,5.6,2.2,0,0,0,0,0,1,0,0,1,0
2023-11-09 17:00:00,194,18,0,925,0,7.9,0.7,0.0,0,0,0,0,1,0,0,0,1,0
2023-11-09 18:00:00,155,19,0,813,0,7.9,0.7,0.0,0,0,0,0,1,0,0,0,1,0
2023-11-09 19:00:00,118,20,0,452,0,7.9,0.7,0.0,0,0,0,0,1,0,0,0,1,0
2023-11-09 06:00:00,107,7,0,71,0,7.9,0.7,0.0,0,0,0,0,1,0,0,0,1,0
2023-11-09 20:00:00,84,21,0,390,0,7.9,0.7,0.0,0,0,0,0,1,0,0,0,1,0
2023-11-11 07:00:00,33,8,1,83,0,9.0,0.5,0.0,0,0,1,0,0,0,0,0,1,0
2023-11-10 17:00:00,487,18,0,459,0,9.6,-1.6,0.2,1,0,0,0,0,0,0,0,1,0
2023-11-11 12:00:00,167,13,4,545,0,9.0,0.5,0.0,0,0,1,0,0,0,0,0,1,0
2023-11-09 21:00:00,79,22,0,235,0,7.9,0.7,0.0,0,0,0,0,1,0,0,0,1,0
2023-11-10 12:00:00,222,13,9,1078,0,9.6,-1.6,0.2,1,0,0,0,0,0,0,0,1,0
2023-11-10 15:00:00,550,16,8,1114,0,9.6,-1.6,0.2,1,0,0,0,0,0,0,0,1,0
2023-11-10 08:00:00,123,9,5,637,0,9.6,-1.6,0.2,1,0,0,0,0,0,0,0,1,0
2023-11-11 11:00:00,159,12,4,514,0,9.0,0.5,0.0,0,0,1,0,0,0,0,0,1,0
2023-11-11 09:00:00,131,10,4,331,0,9.0,0.5,0.0,0,0,1,0,0,0,0,0,1,0
2023-11-09 05:00:00,68,6,0,38,0,7.9,0.7,0.0,0,0,0,0,1,0,0,0,1,0
2023-11-09 23:00:00,64,0,0,61,0,7.9,0.7,0.0,0,0,0,0,1,0,0,0,1,0
2023-11-10 09:00:00,150,10,0,622,0,9.6,-1.6,0.2,1,0,0,0,0,0,0,0,1,0
2023-11-10 19:00:00,116,20,0,263,0,9.6,-1.6,0.2,1,0,0,0,0,0,0,0,1,0
2023-11-09 00:00:00,25,1,0,104,0,7.9,0.7,0.0,0,0,0,0,1,0,0,0,1,0
2023-11-09 01:00:00,24,2,0,75,0,7.9,0.7,0.0,0,0,0,0,1,0,0,0,1,0
2023-11-11 15:00:00,322,16,3,671,0,9.0,0.5,0.0,0,0,1,0,0,0,0,0,1,0
2023-11-10 20:00:00,93,21,0,191,0,9.6,-1.6,0.2,1,0,0,0,0,0,0,0,1,0
2023-11-09 04:00:00,24,5,0,3,0,7.9,0.7,0.0,0,0,0,0,1,0,0,0,1,0
2023-11-10 23:00:00,78,0,0,254,0,9.6,-1.6,0.2,1,0,0,0,0,0,0,0,1,0
2023-11-10 21:00:00,78,22,0,152,0,9.6,-1.6,0.2,1,0,0,0,0,0,0,0,1,0
2023-11-11 13:00:00,175,14,12,619,0,9.0,0.5,0.0,0,0,1,0,0,0,0,0,1,0
2023-11-11 14:00:00,185,15,5,600,0,9.0,0.5,0.0,0,0,1,0,0,0,0,0,1,0
2023-11-11 08:00:00,93,9,5,159,0,9.0,0.5,0.0,0,0,1,0,0,0,0,0,1,0
2023-11-09 03:00:00,17,4,0,8,0,7.9,0.7,0.0,0,0,0,0,1,0,0,0,1,0
2023-11-10 22:00:00,71,23,0,173,0,9.6,-1.6,0.2,1,0,0,0,0,0,0,0,1,0
2023-11-10 14:00:00,267,15,3,421,0,9.6,-1.6,0.2,1,0,0,0,0,0,0,0,1,0
2023-11-11 10:00:00,167,11,2,526,0,9.0,0.5,0.0,0,0,1,0,0,0,0,0,1,0
2023-11-11 17:00:00,418,18,1,674,0,9.0,0.5,0.0,0,0,1,0,0,0,0,0,1,0
2023-11-11 02:00:00,110,3,1,236,0,9.0,0.5,0.0,0,0,1,0,0,0,0,0,1,0
2023-11-11 20:00:00,89,21,1,246,0,9.0,0.5,0.0,0,0,1,0,0,0,0,0,1,0
2023-11-10 11:00:00,193,12,3,1051,0,9.6,-1.6,0.2,1,0,0,0,0,0,0,0,1,0
2023-11-10 10:00:00,188,11,3,833,0,9.6,-1.6,0.2,1,0,0,0,0,0,0,0,1,0
2023-11-11 16:00:00,504,17,0,956,0,9.0,0.5,0.0,0,0,1,0,0,0,0,0,1,0
2023-11-10 00:00:00,30,1,0,94,0,9.6,-1.6,0.2,1,0,0,0,0,0,0,0,1,0
2023-11-10 01:00:00,20,2,0,57,0,9.6,-1.6,0.2,1,0,0,0,0,0,0,0,1,0
2023-11-10 05:00:00,19,6,0,35,0,9.6,-1.6,0.2,1,0,0,0,0,0,0,0,1,0
2023-11-10 07:00:00,88,8,2,280,0,9.6,-1.6,0.2,1,0,0,0,0,0,0,0,1,0
2023-11-11 18:00:00,129,19,0,411,0,9.0,0.5,0.0,0,0,1,0,0,0,0,0,1,0
2023-11-10 02:00:00,11,3,0,187,0,9.6,-1.6,0.2,1,0,0,0,0,0,0,0,1,0
2023-11-11 23:00:00,128,0,0,198,0,9.0,0.5,0.0,0,0,1,0,0,0,0,0,1,0
2023-11-10 04:00:00,11,5,0,6,0,9.6,-1.6,0.2,1,0,0,0,0,0,0,0,1,0
2023-11-11 01:00:00,105,2,0,317,0,9.0,0.5,0.0,0,0,1,0,0,0,0,0,1,0
2023-11-10 03:00:00,10,4,0,12,0,9.6,-1.6,0.2,1,0,0,0,0,0,0,0,1,0
2023-11-11 19:00:00,91,20,0,286,0,9.0,0.5,0.0,0,0,1,0,0,0,0,0,1,0
2023-11-11 00:00:00,80,1,0,330,0,9.0,0.5,0.0,0,0,1,0,0,0,0,0,1,0
2023-11-11 21:00:00,79,22,0,164,0,9.0,0.5,0.0,0,0,1,0,0,0,0,0,1,0
2023-11-11 03:00:00,70,4,0,258,0,9.0,0.5,0.0,0,0,1,0,0,0,0,0,1,0
2023-11-11 22:00:00,51,23,0,184,0,9.0,0.5,0.0,0,0,1,0,0,0,0,0,1,0
2023-11-11 06:00:00,23,7,0,56,0,9.0,0.5,0.0,0,0,1,0,0,0,0,0,1,0
2023-11-11 05:00:00,23,6,0,18,0,9.0,0.5,0.0,0,0,1,0,0,0,0,0,1,0
2023-11-11 04:00:00,21,5,0,22,0,9.0,0.5,0.0,0,0,1,0,0,0,0,0,1,0
2023-11-10 18:00:00,138,19,1,435,0,9.6,-1.6,0.2,1,0,0,0,0,0,0,0,1,0
2023-11-10 13:00:00,281,14,16,1050,0,9.6,-1.6,0.2,1,0,0,0,0,0,0,0,1,0
2023-11-10 06:00:00,37,7,1,81,0,9.6,-1.6,0.2,1,0,0,0,0,0,0,0,1,0
2023-11-10 16:00:00,536,17,0,876,0,9.6,-1.6,0.2,1,0,0,0,0,0,0,0,1,0
2023-11-12 04:00:00,54,5,0,55,0,9.0,-0.1,7.7,0,0,0,1,0,0,0,0,1,0
2023-11-12 21:00:00,44,22,0,91,0,9.0,-0.1,7.7,0,0,0,1,0,0,0,0,1,0
2023-11-12 22:00:00,39,23,0,98,0,9.0,-0.1,7.7,0,0,0,1,0,0,0,0,1,0
2023-11-13 03:00:00,16,4,0,29,0,8.4,-0.1,27.3,0,1,0,0,0,0,0,0,1,0
2023-11-12 06:00:00,39,7,0,34,0,9.0,-0.1,7.7,0,0,0,1,0,0,0,0,1,0
2023-11-13 10:00:00,423,11,0,509,0,8.4,-0.1,27.3,0,1,0,0,0,0,0,0,1,0
2023-11-13 09:00:00,397,10,0,347,0,8.4,-0.1,27.3,0,1,0,0,0,0,0,0,1,0
2023-11-13 17:00:00,375,18,0,198,0,8.4,-0.1,27.3,0,1,0,0,0,0,0,0,1,0
2023-11-13 18:00:00,321,19,0,206,0,8.4,-0.1,27.3,0,1,0,0,0,0,0,0,1,0
2023-11-13 19:00:00,258,20,0,193,0,8.4,-0.1,27.3,0,1,0,0,0,0,0,0,1,0
2023-11-13 20:00:00,184,21,0,231,0,8.4,-0.1,27.3,0,1,0,0,0,0,0,0,1,0
2023-11-13 22:00:00,122,23,0,105,0,8.4,-0.1,27.3,0,1,0,0,0,0,0,0,1,0
2023-11-13 21:00:00,116,22,0,164,0,8.4,-0.1,27.3,0,1,0,0,0,0,0,0,1,0
2023-11-13 06:00:00,88,7,0,84,0,8.4,-0.1,27.3,0,1,0,0,0,0,0,0,1,0
2023-11-13 23:00:00,68,0,0,82,0,8.4,-0.1,27.3,0,1,0,0,0,0,0,0,1,0
2023-11-13 05:00:00,55,6,0,47,0,8.4,-0.1,27.3,0,1,0,0,0,0,0,0,1,0
2023-11-13 00:00:00,51,1,0,144,0,8.4,-0.1,27.3,0,1,0,0,0,0,0,0,1,0
2023-11-13 04:00:00,32,5,0,10,0,8.4,-0.1,27.3,0,1,0,0,0,0,0,0,1,0
2023-11-13 01:00:00,29,2,0,122,0,8.4,-0.1,27.3,0,1,0,0,0,0,0,0,1,0
2023-11-13 02:00:00,22,3,0,195,0,8.4,-0.1,27.3,0,1,0,0,0,0,0,0,1,0
2023-11-12 05:00:00,30,6,0,18,0,9.0,-0.1,7.7,0,0,0,1,0,0,0,0,1,0
2023-11-12 07:00:00,58,8,1,101,0,9.0,-0.1,7.7,0,0,0,1,0,0,0,0,1,0
2023-11-12 23:00:00,37,0,1,125,0,9.0,-0.1,7.7,0,0,0,1,0,0,0,0,1,0
2023-11-14 10:00:00,160,11,8,334,0,8.0,6.1,19.6,0,0,0,0,0,1,0,0,1,0
2023-11-14 08:00:00,305,9,6,589,0,8.0,6.1,19.6,0,0,0,0,0,1,0,0,1,0
2023-11-14 12:00:00,379,13,4,812,0,8.0,6.1,19.6,0,0,0,0,0,1,0,0,1,0
2023-11-12 12:00:00,323,13,3,872,0,9.0,-0.1,7.7,0,0,0,1,0,0,0,0,1,0
2023-11-13 13:00:00,281,14,7,545,0,8.4,-0.1,27.3,0,1,0,0,0,0,0,0,1,0
2023-11-12 11:00:00,262,12,3,743,0,9.0,-0.1,7.7,0,0,0,1,0,0,0,0,1,0
2023-11-13 14:00:00,775,15,1,369,0,8.4,-0.1,27.3,0,1,0,0,0,0,0,0,1,0
2023-11-12 08:00:00,87,9,3,194,0,9.0,-0.1,7.7,0,0,0,1,0,0,0,0,1,0
2023-11-13 15:00:00,618,16,1,452,0,8.4,-0.1,27.3,0,1,0,0,0,0,0,0,1,0
2023-11-13 16:00:00,423,17,1,235,0,8.4,-0.1,27.3,0,1,0,0,0,0,0,0,1,0
2023-11-12 18:00:00,254,19,0,239,0,9.0,-0.1,7.7,0,0,0,1,0,0,0,0,1,0
2023-11-13 08:00:00,321,9,1,352,0,8.4,-0.1,27.3,0,1,0,0,0,0,0,0,1,0
2023-11-12 19:00:00,234,20,0,191,0,9.0,-0.1,7.7,0,0,0,1,0,0,0,0,1,0
2023-11-12 15:00:00,319,16,2,974,0,9.0,-0.1,7.7,0,0,0,1,0,0,0,0,1,0
2023-11-12 13:00:00,292,14,2,632,0,9.0,-0.1,7.7,0,0,0,1,0,0,0,0,1,0
2023-11-13 07:00:00,188,8,1,162,0,8.4,-0.1,27.3,0,1,0,0,0,0,0,0,1,0
2023-11-12 10:00:00,243,11,2,668,0,9.0,-0.1,7.7,0,0,0,1,0,0,0,0,1,0
2023-11-12 20:00:00,123,21,0,117,0,9.0,-0.1,7.7,0,0,0,1,0,0,0,0,1,0
2023-11-13 12:00:00,300,13,3,486,0,8.4,-0.1,27.3,0,1,0,0,0,0,0,0,1,0
2023-11-12 03:00:00,91,4,0,316,0,9.0,-0.1,7.7,0,0,0,1,0,0,0,0,1,0
2023-11-12 01:00:00,85,2,0,322,0,9.0,-0.1,7.7,0,0,0,1,0,0,0,0,1,0
2023-11-12 02:00:00,81,3,0,243,0,9.0,-0.1,7.7,0,0,0,1,0,0,0,0,1,0
2023-11-12 00:00:00,80,1,0,169,0,9.0,-0.1,7.7,0,0,0,1,0,0,0,0,1,0
2023-11-13 11:00:00,359,12,2,500,0,8.4,-0.1,27.3,0,1,0,0,0,0,0,0,1,0
2023-11-12 14:00:00,357,15,1,663,0,9.0,-0.1,7.7,0,0,0,1,0,0,0,0,1,0
2023-11-12 16:00:00,341,17,1,682,0,9.0,-0.1,7.7,0,0,0,1,0,0,0,0,1,0
2023-11-12 17:00:00,330,18,1,306,0,9.0,-0.1,7.7,0,0,0,1,0,0,0,0,1,0
2023-11-12 09:00:00,153,10,1,315,0,9.0,-0.1,7.7,0,0,0,1,0,0,0,0,1,0
2023-11-14 14:00:00,481,15,0,985,0,8.0,6.1,19.6,0,0,0,0,0,1,0,0,1,0
2023-11-14 09:00:00,389,10,0,814,0,8.0,6.1,19.6,0,0,0,0,0,1,0,0,1,0
2023-11-14 18:00:00,273,19,0,518,0,8.0,6.1,19.6,0,0,0,0,0,1,0,0,1,0
2023-11-14 19:00:00,193,20,0,292,0,8.0,6.1,19.6,0,0,0,0,0,1,0,0,1,0
2023-11-15 13:00:00,491,14,0,903,0,6.8,6.1,1.1,0,0,0,0,0,0,1,0,1,0
2023-11-15 16:00:00,481,17,0,629,0,6.8,6.1,1.1,0,0,0,0,0,0,1,0,1,0
2023-11-15 17:00:00,445,18,0,602,0,6.8,6.1,1.1,0,0,0,0,0,0,1,0,1,0
2023-11-16 15:00:00,489,16,10,1265,0,11.2,5.5,0.0,0,0,0,0,1,0,0,0,1,0
2023-11-16 14:00:00,585,15,9,1209,0,11.2,5.5,0.0,0,0,0,0,1,0,0,0,1,0
2023-11-16 08:00:00,684,9,8,391,0,11.2,5.5,0.0,0,0,0,0,1,0,0,0,1,0
2023-11-16 11:00:00,476,12,7,962,0,11.2,5.5,0.0,0,0,0,0,1,0,0,0,1,0
2023-11-16 09:00:00,539,10,5,867,0,11.2,5.5,0.0,0,0,0,0,1,0,0,0,1,0
2023-11-16 10:00:00,497,11,5,1005,0,11.2,5.5,0.0,0,0,0,0,1,0,0,0,1,0
2023-11-16 12:00:00,470,13,4,1003,0,11.2,5.5,0.0,0,0,0,0,1,0,0,0,1,0
2023-11-14 20:00:00,76,21,0,160,0,8.0,6.1,19.6,0,0,0,0,0,1,0,0,1,0
2023-11-15 07:00:00,246,8,0,169,0,6.8,6.1,1.1,0,0,0,0,0,0,1,0,1,0
2023-11-14 07:00:00,71,8,0,153,0,8.0,6.1,19.6,0,0,0,0,0,1,0,0,1,0
2023-11-15 23:00:00,229,0,0,54,0,6.8,6.1,1.1,0,0,0,0,0,0,1,0,1,0
2023-11-15 18:00:00,212,19,0,309,0,6.8,6.1,1.1,0,0,0,0,0,0,1,0,1,0
2023-11-14 11:00:00,360,12,2,976,0,8.0,6.1,19.6,0,0,0,0,0,1,0,0,1,0
2023-11-15 19:00:00,116,20,0,158,0,6.8,6.1,1.1,0,0,0,0,0,0,1,0,1,0
2023-11-14 16:00:00,266,17,2,1102,0,8.0,6.1,19.6,0,0,0,0,0,1,0,0,1,0
2023-11-15 08:00:00,323,9,9,429,0,6.8,6.1,1.1,0,0,0,0,0,0,1,0,1,0
2023-11-15 09:00:00,424,10,5,557,0,6.8,6.1,1.1,0,0,0,0,0,0,1,0,1,0
2023-11-15 11:00:00,420,12,5,884,0,6.8,6.1,1.1,0,0,0,0,0,0,1,0,1,0
2023-11-15 12:00:00,464,13,4,892,0,6.8,6.1,1.1,0,0,0,0,0,0,1,0,1,0
2023-11-15 06:00:00,87,7,0,72,0,6.8,6.1,1.1,0,0,0,0,0,0,1,0,1,0
2023-11-15 22:00:00,79,23,0,57,0,6.8,6.1,1.1,0,0,0,0,0,0,1,0,1,0
2023-11-15 14:00:00,482,15,2,793,0,6.8,6.1,1.1,0,0,0,0,0,0,1,0,1,0
2023-11-14 05:00:00,57,6,0,22,0,8.0,6.1,19.6,0,0,0,0,0,1,0,0,1,0
2023-11-14 21:00:00,53,22,0,58,0,8.0,6.1,19.6,0,0,0,0,0,1,0,0,1,0
2023-11-14 00:00:00,52,1,0,76,0,8.0,6.1,19.6,0,0,0,0,0,1,0,0,1,0
2023-11-14 06:00:00,52,7,0,50,0,8.0,6.1,19.6,0,0,0,0,0,1,0,0,1,0
2023-11-14 02:00:00,48,3,0,29,0,8.0,6.1,19.6,0,0,0,0,0,1,0,0,1,0
2023-11-14 22:00:00,36,23,0,36,0,8.0,6.1,19.6,0,0,0,0,0,1,0,0,1,0
2023-11-14 01:00:00,36,2,0,25,0,8.0,6.1,19.6,0,0,0,0,0,1,0,0,1,0
2023-11-14 23:00:00,24,0,0,22,0,8.0,6.1,19.6,0,0,0,0,0,1,0,0,1,0
2023-11-14 04:00:00,20,5,0,33,0,8.0,6.1,19.6,0,0,0,0,0,1,0,0,1,0
2023-11-14 03:00:00,18,4,0,38,0,8.0,6.1,19.6,0,0,0,0,0,1,0,0,1,0
2023-11-15 10:00:00,420,11,2,732,0,6.8,6.1,1.1,0,0,0,0,0,0,1,0,1,0
2023-11-15 05:00:00,56,6,0,29,0,6.8,6.1,1.1,0,0,0,0,0,0,1,0,1,0
2023-11-15 02:00:00,30,3,0,38,0,6.8,6.1,1.1,0,0,0,0,0,0,1,0,1,0
2023-11-15 15:00:00,472,16,1,967,0,6.8,6.1,1.1,0,0,0,0,0,0,1,0,1,0
2023-11-14 15:00:00,473,16,1,976,0,8.0,6.1,19.6,0,0,0,0,0,1,0,0,1,0
2023-11-15 04:00:00,27,5,0,57,0,6.8,6.1,1.1,0,0,0,0,0,0,1,0,1,0
2023-11-14 17:00:00,287,18,1,804,0,8.0,6.1,19.6,0,0,0,0,0,1,0,0,1,0
2023-11-15 03:00:00,23,4,0,23,0,6.8,6.1,1.1,0,0,0,0,0,0,1,0,1,0
2023-11-14 13:00:00,224,14,1,447,0,8.0,6.1,19.6,0,0,0,0,0,1,0,0,1,0
2023-11-15 20:00:00,126,21,1,161,0,6.8,6.1,1.1,0,0,0,0,0,0,1,0,1,0
2023-11-15 21:00:00,92,22,1,119,0,6.8,6.1,1.1,0,0,0,0,0,0,1,0,1,0
2023-11-15 01:00:00,16,2,0,17,0,6.8,6.1,1.1,0,0,0,0,0,0,1,0,1,0
2023-11-15 00:00:00,13,1,0,11,0,6.8,6.1,1.1,0,0,0,0,0,0,1,0,1,0
2023-11-17 19:00:00,246,20,1,685,0,10.8,3.9,2.4,1,0,0,0,0,0,0,0,1,0
2023-11-17 05:00:00,64,6,0,31,0,10.8,3.9,2.4,1,0,0,0,0,0,0,0,1,0
2023-11-17 01:00:00,57,2,0,38,0,10.8,3.9,2.4,1,0,0,0,0,0,0,0,1,0
2023-11-17 02:00:00,45,3,0,36,0,10.8,3.9,2.4,1,0,0,0,0,0,0,0,1,0
2023-11-17 03:00:00,23,4,0,51,0,10.8,3.9,2.4,1,0,0,0,0,0,0,0,1,0
2023-11-17 04:00:00,20,5,0,4,0,10.8,3.9,2.4,1,0,0,0,0,0,0,0,1,0
2023-11-18 10:00:00,370,11,3,833,0,12.9,5.5,9.6,0,0,1,0,0,0,0,0,1,0
2023-11-18 12:00:00,445,13,2,1085,0,12.9,5.5,9.6,0,0,1,0,0,0,0,0,1,0
2023-11-18 13:00:00,418,14,2,952,0,12.9,5.5,9.6,0,0,1,0,0,0,0,0,1,0
2023-11-18 18:00:00,393,19,2,213,0,12.9,5.5,9.6,0,0,1,0,0,0,0,0,1,0
2023-11-18 15:00:00,208,16,2,863,0,12.9,5.5,9.6,0,0,1,0,0,0,0,0,1,0
2023-11-18 16:00:00,405,17,1,551,0,12.9,5.5,9.6,0,0,1,0,0,0,0,0,1,0
2023-11-18 09:00:00,379,10,1,686,0,12.9,5.5,9.6,0,0,1,0,0,0,0,0,1,0
2023-11-18 14:00:00,368,15,1,1083,0,12.9,5.5,9.6,0,0,1,0,0,0,0,0,1,0
2023-11-18 08:00:00,323,9,1,387,0,12.9,5.5,9.6,0,0,1,0,0,0,0,0,1,0
2023-11-17 15:00:00,463,16,8,959,0,10.8,3.9,2.4,1,0,0,0,0,0,0,0,1,0
2023-11-17 10:00:00,357,11,8,867,0,10.8,3.9,2.4,1,0,0,0,0,0,0,0,1,0
2023-11-17 09:00:00,539,10,6,909,0,10.8,3.9,2.4,1,0,0,0,0,0,0,0,1,0
2023-11-17 08:00:00,358,9,3,722,0,10.8,3.9,2.4,1,0,0,0,0,0,0,0,1,0
2023-11-16 06:00:00,298,7,0,48,0,11.2,5.5,0.0,0,0,0,0,1,0,0,0,1,0
2023-11-16 19:00:00,279,20,0,259,0,11.2,5.5,0.0,0,0,0,0,1,0,0,0,1,0
2023-11-16 05:00:00,194,6,0,34,0,11.2,5.5,0.0,0,0,0,0,1,0,0,0,1,0
2023-11-16 21:00:00,156,22,0,181,0,11.2,5.5,0.0,0,0,0,0,1,0,0,0,1,0
2023-11-16 00:00:00,148,1,0,21,0,11.2,5.5,0.0,0,0,0,0,1,0,0,0,1,0
2023-11-16 01:00:00,139,2,0,16,0,11.2,5.5,0.0,0,0,0,0,1,0,0,0,1,0
2023-11-16 22:00:00,122,23,0,130,0,11.2,5.5,0.0,0,0,0,0,1,0,0,0,1,0
2023-11-16 23:00:00,96,0,0,75,0,11.2,5.5,0.0,0,0,0,0,1,0,0,0,1,0
2023-11-16 02:00:00,69,3,0,33,0,11.2,5.5,0.0,0,0,0,0,1,0,0,0,1,0
2023-11-16 03:00:00,69,4,0,18,0,11.2,5.5,0.0,0,0,0,0,1,0,0,0,1,0
2023-11-16 04:00:00,60,5,0,5,0,11.2,5.5,0.0,0,0,0,0,1,0,0,0,1,0
2023-11-17 16:00:00,591,17,0,773,0,10.8,3.9,2.4,1,0,0,0,0,0,0,0,1,0
2023-11-17 17:00:00,433,18,0,444,0,10.8,3.9,2.4,1,0,0,0,0,0,0,0,1,0
2023-11-16 16:00:00,622,17,2,839,0,11.2,5.5,0.0,0,0,0,0,1,0,0,0,1,0
2023-11-17 18:00:00,395,19,0,416,0,10.8,3.9,2.4,1,0,0,0,0,0,0,0,1,0
2023-11-16 13:00:00,539,14,2,1106,0,11.2,5.5,0.0,0,0,0,0,1,0,0,0,1,0
2023-11-17 21:00:00,252,22,0,242,0,10.8,3.9,2.4,1,0,0,0,0,0,0,0,1,0
2023-11-17 22:00:00,248,23,0,236,0,10.8,3.9,2.4,1,0,0,0,0,0,0,0,1,0
2023-11-17 23:00:00,233,0,0,238,0,10.8,3.9,2.4,1,0,0,0,0,0,0,0,1,0
2023-11-17 20:00:00,224,21,0,284,0,10.8,3.9,2.4,1,0,0,0,0,0,0,0,1,0
2023-11-17 07:00:00,203,8,0,365,0,10.8,3.9,2.4,1,0,0,0,0,0,0,0,1,0
2023-11-16 20:00:00,193,21,2,200,0,11.2,5.5,0.0,0,0,0,0,1,0,0,0,1,0
2023-11-17 06:00:00,83,7,0,90,0,10.8,3.9,2.4,1,0,0,0,0,0,0,0,1,0
2023-11-17 11:00:00,206,12,15,497,0,10.8,3.9,2.4,1,0,0,0,0,0,0,0,1,0
2023-11-17 14:00:00,196,15,15,591,0,10.8,3.9,2.4,1,0,0,0,0,0,0,0,1,0
2023-11-17 13:00:00,247,14,13,705,0,10.8,3.9,2.4,1,0,0,0,0,0,0,0,1,0
2023-11-17 12:00:00,206,13,13,603,0,10.8,3.9,2.4,1,0,0,0,0,0,0,0,1,0
2023-11-17 00:00:00,66,1,0,63,0,10.8,3.9,2.4,1,0,0,0,0,0,0,0,1,0
2023-11-16 07:00:00,600,8,1,171,0,11.2,5.5,0.0,0,0,0,0,1,0,0,0,1,0
2023-11-16 17:00:00,488,18,1,587,0,11.2,5.5,0.0,0,0,0,0,1,0,0,0,1,0
2023-11-16 18:00:00,418,19,1,323,0,11.2,5.5,0.0,0,0,0,0,1,0,0,0,1,0
2023-11-18 23:00:00,130,0,1,173,0,12.9,5.5,9.6,0,0,1,0,0,0,0,0,1,0
2023-11-18 06:00:00,69,7,1,69,0,12.9,5.5,9.6,0,0,1,0,0,0,0,0,1,0
2023-11-18 02:00:00,65,3,1,119,0,12.9,5.5,9.6,0,0,1,0,0,0,0,0,1,0
2023-11-19 12:00:00,310,13,0,959,0,12.5,5.5,0.2,0,0,0,1,0,0,0,0,1,0
2023-11-19 00:00:00,306,1,0,265,0,12.5,5.5,0.2,0,0,0,1,0,0,0,0,1,0
2023-11-18 17:00:00,478,18,0,350,0,12.9,5.5,9.6,0,0,1,0,0,0,0,0,1,0
2023-11-19 17:00:00,299,18,0,384,0,12.5,5.5,0.2,0,0,0,1,0,0,0,0,1,0
2023-11-18 11:00:00,441,12,0,782,0,12.9,5.5,9.6,0,0,1,0,0,0,0,0,1,0
2023-11-19 18:00:00,272,19,0,330,0,12.5,5.5,0.2,0,0,0,1,0,0,0,0,1,0
2023-11-19 11:00:00,270,12,0,745,0,12.5,5.5,0.2,0,0,0,1,0,0,0,0,1,0
2023-11-18 19:00:00,347,20,0,289,0,12.9,5.5,9.6,0,0,1,0,0,0,0,0,1,0
2023-11-18 21:00:00,236,22,0,193,0,12.9,5.5,9.6,0,0,1,0,0,0,0,0,1,0
2023-11-18 22:00:00,229,23,0,143,0,12.9,5.5,9.6,0,0,1,0,0,0,0,0,1,0
2023-11-19 14:00:00,500,15,5,843,0,12.5,5.5,0.2,0,0,0,1,0,0,0,0,1,0
2023-11-19 19:00:00,206,20,0,241,0,12.5,5.5,0.2,0,0,0,1,0,0,0,0,1,0
2023-11-19 02:00:00,206,3,0,199,0,12.5,5.5,0.2,0,0,0,1,0,0,0,0,1,0
2023-11-19 01:00:00,181,2,0,360,0,12.5,5.5,0.2,0,0,0,1,0,0,0,0,1,0
2023-11-19 20:00:00,167,21,0,257,0,12.5,5.5,0.2,0,0,0,1,0,0,0,0,1,0
2023-11-19 22:00:00,152,23,0,158,0,12.5,5.5,0.2,0,0,0,1,0,0,0,0,1,0
2023-11-19 03:00:00,124,4,0,240,0,12.5,5.5,0.2,0,0,0,1,0,0,0,0,1,0
2023-11-19 23:00:00,61,0,0,97,0,12.5,5.5,0.2,0,0,0,1,0,0,0,0,1,0
2023-11-19 04:00:00,52,5,0,10,0,12.5,5.5,0.2,0,0,0,1,0,0,0,0,1,0
2023-11-19 07:00:00,44,8,0,36,0,12.5,5.5,0.2,0,0,0,1,0,0,0,0,1,0
2023-11-19 06:00:00,30,7,0,12,0,12.5,5.5,0.2,0,0,0,1,0,0,0,0,1,0
2023-11-19 05:00:00,24,6,0,5,0,12.5,5.5,0.2,0,0,0,1,0,0,0,0,1,0
2023-11-18 20:00:00,164,21,0,191,0,12.9,5.5,9.6,0,0,1,0,0,0,0,0,1,0
2023-11-20 14:00:00,621,15,4,406,0,12.0,8.3,0.0,0,1,0,0,0,0,0,0,1,0
2023-11-19 15:00:00,968,16,6,474,0,12.5,5.5,0.2,0,0,0,1,0,0,0,0,1,0
2023-11-18 05:00:00,52,6,0,20,0,12.9,5.5,9.6,0,0,1,0,0,0,0,0,1,0
2023-11-18 00:00:00,161,1,0,194,0,12.9,5.5,9.6,0,0,1,0,0,0,0,0,1,0
2023-11-20 15:00:00,402,16,4,1541,0,12.0,8.3,0.0,0,1,0,0,0,0,0,0,1,0
2023-11-18 04:00:00,51,5,0,24,0,12.9,5.5,9.6,0,0,1,0,0,0,0,0,1,0
2023-11-20 09:00:00,345,10,4,907,0,12.0,8.3,0.0,0,1,0,0,0,0,0,0,1,0
2023-11-18 07:00:00,152,8,0,102,0,12.9,5.5,9.6,0,0,1,0,0,0,0,0,1,0
2023-11-18 01:00:00,143,2,0,270,0,12.9,5.5,9.6,0,0,1,0,0,0,0,0,1,0
2023-11-19 16:00:00,486,17,3,457,0,12.5,5.5,0.2,0,0,0,1,0,0,0,0,1,0
2023-11-18 03:00:00,67,4,0,189,0,12.9,5.5,9.6,0,0,1,0,0,0,0,0,1,0
2023-11-19 10:00:00,207,11,2,603,0,12.5,5.5,0.2,0,0,0,1,0,0,0,0,1,0
2023-11-20 18:00:00,257,19,7,234,0,12.0,8.3,0.0,0,1,0,0,0,0,0,0,1,0
2023-11-20 12:00:00,970,13,6,629,0,12.0,8.3,0.0,0,1,0,0,0,0,0,0,1,0
2023-11-20 13:00:00,965,14,1,353,0,12.0,8.3,0.0,0,1,0,0,0,0,0,0,1,0
2023-11-20 16:00:00,391,17,1,467,0,12.0,8.3,0.0,0,1,0,0,0,0,0,0,1,0
2023-11-20 19:00:00,182,20,1,180,0,12.0,8.3,0.0,0,1,0,0,0,0,0,0,1,0
2023-11-20 07:00:00,170,8,1,187,0,12.0,8.3,0.0,0,1,0,0,0,0,0,0,1,0
2023-11-19 13:00:00,321,14,1,1019,0,12.5,5.5,0.2,0,0,0,1,0,0,0,0,1,0
2023-11-20 21:00:00,144,22,1,161,0,12.0,8.3,0.0,0,1,0,0,0,0,0,0,1,0
2023-11-20 20:00:00,130,21,1,156,0,12.0,8.3,0.0,0,1,0,0,0,0,0,0,1,0
2023-11-19 21:00:00,131,22,1,221,0,12.5,5.5,0.2,0,0,0,1,0,0,0,0,1,0
2023-11-19 09:00:00,117,10,1,224,0,12.5,5.5,0.2,0,0,0,1,0,0,0,0,1,0
2023-11-19 08:00:00,81,9,1,108,0,12.5,5.5,0.2,0,0,0,1,0,0,0,0,1,0
2023-11-21 19:00:00,120,20,0,242,0,14.4,3.8,0.0,0,0,0,0,0,1,0,0,1,0
2023-11-21 06:00:00,74,7,0,97,0,14.4,3.8,0.0,0,0,0,0,0,1,0,0,1,0
2023-11-21 05:00:00,62,6,0,43,0,14.4,3.8,0.0,0,0,0,0,0,1,0,0,1,0
2023-11-21 00:00:00,53,1,0,74,0,14.4,3.8,0.0,0,0,0,0,0,1,0,0,1,0
2023-11-21 21:00:00,39,22,0,145,0,14.4,3.8,0.0,0,0,0,0,0,1,0,0,1,0
2023-11-21 01:00:00,32,2,0,10,0,14.4,3.8,0.0,0,0,0,0,0,1,0,0,1,0
2023-11-21 04:00:00,26,5,0,22,0,14.4,3.8,0.0,0,0,0,0,0,1,0,0,1,0
2023-11-21 22:00:00,25,23,0,111,0,14.4,3.8,0.0,0,0,0,0,0,1,0,0,1,0
2023-11-21 02:00:00,20,3,0,20,0,14.4,3.8,0.0,0,0,0,0,0,1,0,0,1,0
2023-11-21 03:00:00,20,4,0,9,0,14.4,3.8,0.0,0,0,0,0,0,1,0,0,1,0
2023-11-21 15:00:00,419,16,20,1038,0,14.4,3.8,0.0,0,0,0,0,0,1,0,0,1,0
2023-11-21 23:00:00,19,0,0,78,0,14.4,3.8,0.0,0,0,0,0,0,1,0,0,1,0
2023-11-20 04:00:00,3,5,0,27,0,12.0,8.3,0.0,0,1,0,0,0,0,0,0,1,0
2023-11-22 16:00:00,497,17,5,673,0,13.1,5.5,0.0,0,0,0,0,0,0,1,0,1,0
2023-11-20 11:00:00,436,12,0,1073,0,12.0,8.3,0.0,0,1,0,0,0,0,0,0,1,0
2023-11-21 14:00:00,462,15,14,1131,0,14.4,3.8,0.0,0,0,0,0,0,1,0,0,1,0
2023-11-21 08:00:00,278,9,14,515,0,14.4,3.8,0.0,0,0,0,0,0,1,0,0,1,0
2023-11-21 12:00:00,480,13,11,1264,0,14.4,3.8,0.0,0,0,0,0,0,1,0,0,1,0
2023-11-21 13:00:00,488,14,9,1316,0,14.4,3.8,0.0,0,0,0,0,0,1,0,0,1,0
2023-11-21 11:00:00,433,12,9,1089,0,14.4,3.8,0.0,0,0,0,0,0,1,0,0,1,0
2023-11-21 09:00:00,359,10,7,746,0,14.4,3.8,0.0,0,0,0,0,0,1,0,0,1,0
2023-11-22 09:00:00,417,10,13,588,0,13.1,5.5,0.0,0,0,0,0,0,0,1,0,1,0
2023-11-20 10:00:00,412,11,0,959,0,12.0,8.3,0.0,0,1,0,0,0,0,0,0,1,0
2023-11-22 13:00:00,416,14,4,1133,0,13.1,5.5,0.0,0,0,0,0,0,0,1,0,1,0
2023-11-20 17:00:00,371,18,0,367,0,12.0,8.3,0.0,0,1,0,0,0,0,0,0,1,0
2023-11-21 16:00:00,395,17,5,636,0,14.4,3.8,0.0,0,0,0,0,0,1,0,0,1,0
2023-11-20 08:00:00,301,9,0,627,0,12.0,8.3,0.0,0,1,0,0,0,0,0,0,1,0
2023-11-22 14:00:00,562,15,22,1069,0,13.1,5.5,0.0,0,0,0,0,0,0,1,0,1,0
2023-11-22 15:00:00,529,16,19,1020,0,13.1,5.5,0.0,0,0,0,0,0,0,1,0,1,0
2023-11-20 22:00:00,143,23,0,87,0,12.0,8.3,0.0,0,1,0,0,0,0,0,0,1,0
2023-11-21 18:00:00,291,19,4,335,0,14.4,3.8,0.0,0,0,0,0,0,1,0,0,1,0
2023-11-20 01:00:00,76,2,0,62,0,12.0,8.3,0.0,0,1,0,0,0,0,0,0,1,0
2023-11-20 06:00:00,73,7,0,72,0,12.0,8.3,0.0,0,1,0,0,0,0,0,0,1,0
2023-11-20 23:00:00,71,0,0,22,0,12.0,8.3,0.0,0,1,0,0,0,0,0,0,1,0
2023-11-22 06:00:00,69,7,3,64,0,13.1,5.5,0.0,0,0,0,0,0,0,1,0,1,0
2023-11-22 12:00:00,465,13,10,1109,0,13.1,5.5,0.0,0,0,0,0,0,0,1,0,1,0
2023-11-20 02:00:00,59,3,0,149,0,12.0,8.3,0.0,0,1,0,0,0,0,0,0,1,0
2023-11-22 17:00:00,427,18,2,385,0,13.1,5.5,0.0,0,0,0,0,0,0,1,0,1,0
2023-11-21 17:00:00,406,18,2,454,0,14.4,3.8,0.0,0,0,0,0,0,1,0,0,1,0
2023-11-22 10:00:00,378,11,2,756,0,13.1,5.5,0.0,0,0,0,0,0,0,1,0,1,0
2023-11-22 08:00:00,338,9,9,463,0,13.1,5.5,0.0,0,0,0,0,0,0,1,0,1,0
2023-11-20 00:00:00,32,1,0,149,0,12.0,8.3,0.0,0,1,0,0,0,0,0,0,1,0
2023-11-22 07:00:00,199,8,2,181,0,13.1,5.5,0.0,0,0,0,0,0,0,1,0,1,0
2023-11-22 18:00:00,359,19,1,288,0,13.1,5.5,0.0,0,0,0,0,0,0,1,0,1,0
2023-11-22 22:00:00,75,23,1,159,0,13.1,5.5,0.0,0,0,0,0,0,0,1,0,1,0
2023-11-20 05:00:00,15,6,0,52,0,12.0,8.3,0.0,0,1,0,0,0,0,0,0,1,0
2023-11-22 11:00:00,430,12,8,912,0,13.1,5.5,0.0,0,0,0,0,0,0,1,0,1,0
2023-11-21 10:00:00,433,11,1,966,0,14.4,3.8,0.0,0,0,0,0,0,1,0,0,1,0
2023-11-21 07:00:00,170,8,1,227,0,14.4,3.8,0.0,0,0,0,0,0,1,0,0,1,0
2023-11-20 03:00:00,13,4,0,22,0,12.0,8.3,0.0,0,1,0,0,0,0,0,0,1,0
2023-11-21 20:00:00,45,21,1,216,0,14.4,3.8,0.0,0,0,0,0,0,1,0,0,1,0
2023-11-23 13:00:00,121,14,4,724,0,6.7,11.5,0.0,0,0,0,0,1,0,0,0,1,0
2023-11-23 16:00:00,489,17,3,677,0,6.7,11.5,0.0,0,0,0,0,1,0,0,0,1,0
2023-11-24 11:00:00,497,12,7,1800,0,4.6,4.1,0.0,1,0,0,0,0,0,0,0,1,0
2023-11-22 19:00:00,247,20,0,201,0,13.1,5.5,0.0,0,0,0,0,0,0,1,0,1,0
2023-11-22 21:00:00,206,22,0,127,0,13.1,5.5,0.0,0,0,0,0,0,0,1,0,1,0
2023-11-23 08:00:00,331,9,3,703,0,6.7,11.5,0.0,0,0,0,0,1,0,0,0,1,0
2023-11-23 05:00:00,54,6,0,36,0,6.7,11.5,0.0,0,0,0,0,1,0,0,0,1,0
2023-11-22 20:00:00,204,21,0,187,0,13.1,5.5,0.0,0,0,0,0,0,0,1,0,1,0
2023-11-23 15:00:00,268,16,9,618,0,6.7,11.5,0.0,0,0,0,0,1,0,0,0,1,0
2023-11-23 12:00:00,142,13,8,751,0,6.7,11.5,0.0,0,0,0,0,1,0,0,0,1,0
2023-11-23 14:00:00,254,15,6,564,0,6.7,11.5,0.0,0,0,0,0,1,0,0,0,1,0
2023-11-23 10:00:00,335,11,5,521,0,6.7,11.5,0.0,0,0,0,0,1,0,0,0,1,0
2023-11-23 18:00:00,314,19,5,389,0,6.7,11.5,0.0,0,0,0,0,1,0,0,0,1,0
2023-11-23 11:00:00,211,12,5,598,0,6.7,11.5,0.0,0,0,0,0,1,0,0,0,1,0
2023-11-23 21:00:00,186,22,5,246,0,6.7,11.5,0.0,0,0,0,0,1,0,0,0,1,0
2023-11-23 09:00:00,326,10,4,579,0,6.7,11.5,0.0,0,0,0,0,1,0,0,0,1,0
2023-11-24 17:00:00,429,18,1,591,0,4.6,4.1,0.0,1,0,0,0,0,0,0,0,1,0
2023-11-24 19:00:00,327,20,1,252,0,4.6,4.1,0.0,1,0,0,0,0,0,0,0,1,0
2023-11-23 23:00:00,41,0,0,101,0,6.7,11.5,0.0,0,0,0,0,1,0,0,0,1,0
2023-11-23 00:00:00,24,1,0,118,0,6.7,11.5,0.0,0,0,0,0,1,0,0,0,1,0
2023-11-23 01:00:00,19,2,0,52,0,6.7,11.5,0.0,0,0,0,0,1,0,0,0,1,0
2023-11-23 02:00:00,12,3,0,88,0,6.7,11.5,0.0,0,0,0,0,1,0,0,0,1,0
2023-11-24 13:00:00,275,14,1,969,0,4.6,4.1,0.0,1,0,0,0,0,0,0,0,1,0
2023-11-24 14:00:00,443,15,5,690,0,4.6,4.1,0.0,1,0,0,0,0,0,0,0,1,0
2023-11-24 12:00:00,643,13,4,1839,0,4.6,4.1,0.0,1,0,0,0,0,0,0,0,1,0
2023-11-24 09:00:00,190,10,3,717,0,4.6,4.1,0.0,1,0,0,0,0,0,0,0,1,0
2023-11-24 21:00:00,184,22,3,205,0,4.6,4.1,0.0,1,0,0,0,0,0,0,0,1,0
2023-11-24 16:00:00,542,17,2,810,0,4.6,4.1,0.0,1,0,0,0,0,0,0,0,1,0
2023-11-24 08:00:00,308,9,2,661,0,4.6,4.1,0.0,1,0,0,0,0,0,0,0,1,0
2023-11-22 00:00:00,47,1,0,49,0,13.1,5.5,0.0,0,0,0,0,0,0,1,0,1,0
2023-11-22 05:00:00,46,6,0,23,0,13.1,5.5,0.0,0,0,0,0,0,0,1,0,1,0
2023-11-22 23:00:00,42,0,0,124,0,13.1,5.5,0.0,0,0,0,0,0,0,1,0,1,0
2023-11-22 01:00:00,42,2,0,50,0,13.1,5.5,0.0,0,0,0,0,0,0,1,0,1,0
2023-11-24 10:00:00,258,11,15,557,0,4.6,4.1,0.0,1,0,0,0,0,0,0,0,1,0
2023-11-24 15:00:00,426,16,12,1422,0,4.6,4.1,0.0,1,0,0,0,0,0,0,0,1,0
2023-11-23 20:00:00,199,21,1,292,0,6.7,11.5,0.0,0,0,0,0,1,0,0,0,1,0
2023-11-22 02:00:00,34,3,0,47,0,13.1,5.5,0.0,0,0,0,0,0,0,1,0,1,0
2023-11-23 22:00:00,133,23,1,172,0,6.7,11.5,0.0,0,0,0,0,1,0,0,0,1,0
2023-11-22 03:00:00,22,4,0,27,0,13.1,5.5,0.0,0,0,0,0,0,0,1,0,1,0
2023-11-22 04:00:00,21,5,0,16,0,13.1,5.5,0.0,0,0,0,0,0,0,1,0,1,0
2023-11-23 06:00:00,93,7,1,78,0,6.7,11.5,0.0,0,0,0,0,1,0,0,0,1,0
2023-11-23 03:00:00,21,4,1,10,0,6.7,11.5,0.0,0,0,0,0,1,0,0,0,1,0
2023-11-23 04:00:00,14,5,1,15,0,6.7,11.5,0.0,0,0,0,0,1,0,0,0,1,0
2023-11-24 18:00:00,394,19,0,310,0,4.6,4.1,0.0,1,0,0,0,0,0,0,0,1,0
2023-11-24 20:00:00,263,21,0,207,0,4.6,4.1,0.0,1,0,0,0,0,0,0,0,1,0
2023-11-24 07:00:00,200,8,0,308,0,4.6,4.1,0.0,1,0,0,0,0,0,0,0,1,0
2023-11-24 22:00:00,194,23,0,175,0,4.6,4.1,0.0,1,0,0,0,0,0,0,0,1,0
2023-11-24 06:00:00,86,7,0,72,0,4.6,4.1,0.0,1,0,0,0,0,0,0,0,1,0
2023-11-24 23:00:00,84,0,0,234,0,4.6,4.1,0.0,1,0,0,0,0,0,0,0,1,0
2023-11-23 17:00:00,449,18,0,462,0,6.7,11.5,0.0,0,0,0,0,1,0,0,0,1,0
2023-11-23 19:00:00,278,20,0,253,0,6.7,11.5,0.0,0,0,0,0,1,0,0,0,1,0
2023-11-23 07:00:00,191,8,0,306,0,6.7,11.5,0.0,0,0,0,0,1,0,0,0,1,0
2023-11-25 12:00:00,563,13,6,1395,0,4.3,5.5,0.0,0,0,1,0,0,0,0,0,1,0
2023-11-25 13:00:00,552,14,6,1264,0,4.3,5.5,0.0,0,0,1,0,0,0,0,0,1,0
2023-11-26 02:00:00,79,3,1,311,0,8.4,5.5,0.0,0,0,0,1,0,0,0,0,1,0
2023-11-24 02:00:00,47,3,0,82,0,4.6,4.1,0.0,1,0,0,0,0,0,0,0,1,0
2023-11-25 05:00:00,44,6,0,24,0,4.3,5.5,0.0,0,0,1,0,0,0,0,0,1,0
2023-11-25 03:00:00,39,4,0,164,0,4.3,5.5,0.0,0,0,1,0,0,0,0,0,1,0
2023-11-25 21:00:00,32,22,0,181,0,4.3,5.5,0.0,0,0,1,0,0,0,0,0,1,0
2023-11-25 04:00:00,12,5,0,19,0,4.3,5.5,0.0,0,0,1,0,0,0,0,0,1,0
2023-11-24 05:00:00,46,6,0,31,0,4.6,4.1,0.0,1,0,0,0,0,0,0,0,1,0
2023-11-25 16:00:00,289,17,1,589,0,4.3,5.5,0.0,0,0,1,0,0,0,0,0,1,0
2023-11-25 20:00:00,62,21,1,295,0,4.3,5.5,0.0,0,0,1,0,0,0,0,0,1,0
2023-11-25 01:00:00,57,2,1,267,0,4.3,5.5,0.0,0,0,1,0,0,0,0,0,1,0
2023-11-25 18:00:00,440,19,0,649,0,4.3,5.5,0.0,0,0,1,0,0,0,0,0,1,0
2023-11-25 09:00:00,333,10,0,881,0,4.3,5.5,0.0,0,0,1,0,0,0,0,0,1,0
2023-11-25 07:00:00,139,8,0,215,0,4.3,5.5,0.0,0,0,1,0,0,0,0,0,1,0
2023-11-25 23:00:00,104,0,0,206,0,4.3,5.5,0.0,0,0,1,0,0,0,0,0,1,0
2023-11-25 22:00:00,76,23,0,205,0,4.3,5.5,0.0,0,0,1,0,0,0,0,0,1,0
2023-11-25 00:00:00,56,1,0,284,0,4.3,5.5,0.0,0,0,1,0,0,0,0,0,1,0
2023-11-25 02:00:00,55,3,0,225,0,4.3,5.5,0.0,0,0,1,0,0,0,0,0,1,0
2023-11-25 06:00:00,49,7,0,65,0,4.3,5.5,0.0,0,0,1,0,0,0,0,0,1,0
2023-11-24 00:00:00,27,1,0,82,0,4.6,4.1,0.0,1,0,0,0,0,0,0,0,1,0
2023-11-26 07:00:00,61,8,1,53,0,8.4,5.5,0.0,0,0,0,1,0,0,0,0,1,0
2023-11-25 17:00:00,479,18,5,760,0,4.3,5.5,0.0,0,0,1,0,0,0,0,0,1,0
2023-11-26 13:00:00,382,14,3,1224,0,8.4,5.5,0.0,0,0,0,1,0,0,0,0,1,0
2023-11-26 10:00:00,235,11,3,730,0,8.4,5.5,0.0,0,0,0,1,0,0,0,0,1,0
2023-11-26 08:00:00,95,9,3,148,0,8.4,5.5,0.0,0,0,0,1,0,0,0,0,1,0
2023-11-26 16:00:00,89,17,3,271,0,8.4,5.5,0.0,0,0,0,1,0,0,0,0,1,0
2023-11-26 11:00:00,313,12,2,936,0,8.4,5.5,0.0,0,0,0,1,0,0,0,0,1,0
2023-11-26 12:00:00,310,13,2,1246,0,8.4,5.5,0.0,0,0,0,1,0,0,0,0,1,0
2023-11-26 03:00:00,144,4,2,417,0,8.4,5.5,0.0,0,0,0,1,0,0,0,0,1,0
2023-11-26 09:00:00,139,10,2,258,0,8.4,5.5,0.0,0,0,0,1,0,0,0,0,1,0
2023-11-26 21:00:00,130,22,2,95,0,8.4,5.5,0.0,0,0,0,1,0,0,0,0,1,0
2023-11-26 22:00:00,106,23,2,79,0,8.4,5.5,0.0,0,0,0,1,0,0,0,0,1,0
2023-11-26 00:00:00,90,1,2,274,0,8.4,5.5,0.0,0,0,0,1,0,0,0,0,1,0
2023-11-24 03:00:00,25,4,0,17,0,4.6,4.1,0.0,1,0,0,0,0,0,0,0,1,0
2023-11-24 01:00:00,24,2,0,72,0,4.6,4.1,0.0,1,0,0,0,0,0,0,0,1,0
2023-11-26 14:00:00,365,15,10,1219,0,8.4,5.5,0.0,0,0,0,1,0,0,0,0,1,0
2023-11-26 19:00:00,200,20,0,156,0,8.4,5.5,0.0,0,0,0,1,0,0,0,0,1,0
2023-11-26 18:00:00,195,19,0,245,0,8.4,5.5,0.0,0,0,0,1,0,0,0,0,1,0
2023-11-26 20:00:00,137,21,0,137,0,8.4,5.5,0.0,0,0,0,1,0,0,0,0,1,0
2023-11-26 17:00:00,129,18,0,276,0,8.4,5.5,0.0,0,0,0,1,0,0,0,0,1,0
2023-11-26 01:00:00,102,2,0,332,0,8.4,5.5,0.0,0,0,0,1,0,0,0,0,1,0
2023-11-26 04:00:00,54,5,0,48,0,8.4,5.5,0.0,0,0,0,1,0,0,0,0,1,0
2023-11-26 06:00:00,34,7,0,27,0,8.4,5.5,0.0,0,0,0,1,0,0,0,0,1,0
2023-11-26 05:00:00,30,6,0,17,0,8.4,5.5,0.0,0,0,0,1,0,0,0,0,1,0
2023-11-26 23:00:00,22,0,0,105,0,8.4,5.5,0.0,0,0,0,1,0,0,0,0,1,0
2023-11-24 04:00:00,19,5,0,11,0,4.6,4.1,0.0,1,0,0,0,0,0,0,0,1,0
2023-11-25 14:00:00,566,15,4,1072,0,4.3,5.5,0.0,0,0,1,0,0,0,0,0,1,0
2023-11-25 08:00:00,224,9,4,462,0,4.3,5.5,0.0,0,0,1,0,0,0,0,0,1,0
2023-11-25 11:00:00,540,12,3,1742,0,4.3,5.5,0.0,0,0,1,0,0,0,0,0,1,0
2023-11-25 15:00:00,448,16,3,887,0,4.3,5.5,0.0,0,0,1,0,0,0,0,0,1,0
2023-11-25 10:00:00,454,11,2,1406,0,4.3,5.5,0.0,0,0,1,0,0,0,0,0,1,0
2023-11-26 15:00:00,273,16,6,995,0,8.4,5.5,0.0,0,0,0,1,0,0,0,0,1,0
2023-11-25 19:00:00,72,20,2,278,0,4.3,5.5,0.0,0,0,1,0,0,0,0,0,1,0
2023-11-27 10:00:00,211,11,10,552,0,4.8,5.5,2.4,0,1,0,0,0,0,0,0,1,0
2023-11-28 13:00:00,477,14,2,1174,0,3.6,1.1,0.0,0,0,0,0,0,1,0,0,1,0
2023-11-28 15:00:00,457,16,5,855,0,3.6,1.1,0.0,0,0,0,0,0,1,0,0,1,0
2023-11-28 14:00:00,385,15,5,872,0,3.6,1.1,0.0,0,0,0,0,0,1,0,0,1,0
2023-11-28 11:00:00,545,12,4,1118,0,3.6,1.1,0.0,0,0,0,0,0,1,0,0,1,0
2023-11-28 12:00:00,511,13,4,1329,0,3.6,1.1,0.0,0,0,0,0,0,1,0,0,1,0
2023-11-28 16:00:00,520,17,3,668,0,3.6,1.1,0.0,0,0,0,0,0,1,0,0,1,0
2023-11-28 09:00:00,435,10,3,994,0,3.6,1.1,0.0,0,0,0,0,0,1,0,0,1,0
2023-11-28 08:00:00,301,9,3,555,0,3.6,1.1,0.0,0,0,0,0,0,1,0,0,1,0
2023-11-28 10:00:00,438,11,2,1041,0,3.6,1.1,0.0,0,0,0,0,0,1,0,0,1,0
2023-11-28 01:00:00,40,2,0,53,0,3.6,1.1,0.0,0,0,0,0,0,1,0,0,1,0
2023-11-27 08:00:00,130,9,7,387,0,4.8,5.5,2.4,0,1,0,0,0,0,0,0,1,0
2023-11-27 12:00:00,189,13,6,660,0,4.8,5.5,2.4,0,1,0,0,0,0,0,0,1,0
2023-11-27 15:00:00,468,16,5,622,0,4.8,5.5,2.4,0,1,0,0,0,0,0,0,1,0
2023-11-27 14:00:00,434,15,4,775,0,4.8,5.5,2.4,0,1,0,0,0,0,0,0,1,0
2023-11-27 13:00:00,424,14,4,600,0,4.8,5.5,2.4,0,1,0,0,0,0,0,0,1,0
2023-11-27 11:00:00,199,12,3,610,0,4.8,5.5,2.4,0,1,0,0,0,0,0,0,1,0
2023-11-27 09:00:00,188,10,3,436,0,4.8,5.5,2.4,0,1,0,0,0,0,0,0,1,0
2023-11-27 01:00:00,43,2,0,87,0,4.8,5.5,2.4,0,1,0,0,0,0,0,0,1,0
2023-11-27 02:00:00,33,3,0,92,0,4.8,5.5,2.4,0,1,0,0,0,0,0,0,1,0
2023-11-27 00:00:00,29,1,0,110,0,4.8,5.5,2.4,0,1,0,0,0,0,0,0,1,0
2023-11-27 05:00:00,24,6,0,45,0,4.8,5.5,2.4,0,1,0,0,0,0,0,0,1,0
2023-11-27 04:00:00,10,5,0,16,0,4.8,5.5,2.4,0,1,0,0,0,0,0,0,1,0
2023-11-27 03:00:00,5,4,0,11,0,4.8,5.5,2.4,0,1,0,0,0,0,0,0,1,0
2023-11-28 02:00:00,22,3,0,48,0,3.6,1.1,0.0,0,0,0,0,0,1,0,0,1,0
2023-11-28 03:00:00,19,4,0,23,0,3.6,1.1,0.0,0,0,0,0,0,1,0,0,1,0
2023-11-28 17:00:00,468,18,0,492,0,3.6,1.1,0.0,0,0,0,0,0,1,0,0,1,0
2023-11-28 18:00:00,346,19,0,295,0,3.6,1.1,0.0,0,0,0,0,0,1,0,0,1,0
2023-11-28 19:00:00,288,20,0,221,0,3.6,1.1,0.0,0,0,0,0,0,1,0,0,1,0
2023-11-28 07:00:00,187,8,0,232,0,3.6,1.1,0.0,0,0,0,0,0,1,0,0,1,0
2023-11-28 20:00:00,170,21,0,156,0,3.6,1.1,0.0,0,0,0,0,0,1,0,0,1,0
2023-11-28 21:00:00,140,22,0,104,0,3.6,1.1,0.0,0,0,0,0,0,1,0,0,1,0
2023-11-28 22:00:00,110,23,0,91,0,3.6,1.1,0.0,0,0,0,0,0,1,0,0,1,0
2023-11-28 23:00:00,93,0,0,72,0,3.6,1.1,0.0,0,0,0,0,0,1,0,0,1,0
2023-11-28 06:00:00,84,7,0,86,0,3.6,1.1,0.0,0,0,0,0,0,1,0,0,1,0
2023-11-28 00:00:00,54,1,0,96,0,3.6,1.1,0.0,0,0,0,0,0,1,0,0,1,0
2023-11-28 05:00:00,51,6,0,32,0,3.6,1.1,0.0,0,0,0,0,0,1,0,0,1,0
2023-11-27 06:00:00,28,7,2,87,0,4.8,5.5,2.4,0,1,0,0,0,0,0,0,1,0
2023-11-28 04:00:00,16,5,0,7,0,3.6,1.1,0.0,0,0,0,0,0,1,0,0,1,0
2023-11-27 16:00:00,480,17,1,303,0,4.8,5.5,2.4,0,1,0,0,0,0,0,0,1,0
2023-11-27 17:00:00,396,18,0,206,0,4.8,5.5,2.4,0,1,0,0,0,0,0,0,1,0
2023-11-27 18:00:00,341,19,0,183,0,4.8,5.5,2.4,0,1,0,0,0,0,0,0,1,0
2023-11-27 19:00:00,224,20,0,175,0,4.8,5.5,2.4,0,1,0,0,0,0,0,0,1,0
2023-11-27 07:00:00,181,8,0,248,0,4.8,5.5,2.4,0,1,0,0,0,0,0,0,1,0
2023-11-27 20:00:00,150,21,0,178,0,4.8,5.5,2.4,0,1,0,0,0,0,0,0,1,0
2023-11-27 21:00:00,138,22,0,132,0,4.8,5.5,2.4,0,1,0,0,0,0,0,0,1,0
2023-11-27 22:00:00,106,23,0,110,0,4.8,5.5,2.4,0,1,0,0,0,0,0,0,1,0
2023-11-27 23:00:00,80,0,0,60,0,4.8,5.5,2.4,0,1,0,0,0,0,0,0,1,0
2023-11-30 11:00:00,641,12,0,1197,1,2.2,-0.7,0.0,0,0,0,0,1,0,0,0,1,0
2023-11-30 17:00:00,500,18,0,410,1,2.2,-0.7,0.0,0,0,0,0,1,0,0,0,1,0
2023-11-30 07:00:00,187,8,0,280,1,2.2,-0.7,0.0,0,0,0,0,1,0,0,0,1,0
2023-11-30 20:00:00,146,21,0,251,1,2.2,-0.7,0.0,0,0,0,0,1,0,0,0,1,0
2023-11-30 22:00:00,96,23,0,84,1,2.2,-0.7,0.0,0,0,0,0,1,0,0,0,1,0
2023-11-30 13:00:00,353,14,5,976,1,2.2,-0.7,0.0,0,0,0,0,1,0,0,0,1,0
2023-11-29 10:00:00,432,11,3,1443,0,4.5,-0.7,0.0,0,0,0,0,0,0,1,0,1,0
2023-11-29 13:00:00,491,14,1,1362,0,4.5,-0.7,0.0,0,0,0,0,0,0,1,0,1,0
2023-11-29 16:00:00,489,17,1,578,0,4.5,-0.7,0.0,0,0,0,0,0,0,1,0,1,0
2023-11-29 11:00:00,476,12,1,1740,0,4.5,-0.7,0.0,0,0,0,0,0,0,1,0,1,0
2023-11-29 14:00:00,448,15,1,1453,0,4.5,-0.7,0.0,0,0,0,0,0,0,1,0,1,0
2023-11-29 09:00:00,430,10,1,941,0,4.5,-0.7,0.0,0,0,0,0,0,0,1,0,1,0
2023-11-29 15:00:00,394,16,1,1199,0,4.5,-0.7,0.0,0,0,0,0,0,0,1,0,1,0
2023-11-29 07:00:00,182,8,1,261,0,4.5,-0.7,0.0,0,0,0,0,0,0,1,0,1,0
2023-11-30 02:00:00,25,3,0,52,1,2.2,-0.7,0.0,0,0,0,0,1,0,0,0,1,0
2023-11-29 04:00:00,9,5,0,12,0,4.5,-0.7,0.0,0,0,0,0,0,0,1,0,1,0
2023-11-30 10:00:00,594,11,4,372,1,2.2,-0.7,0.0,0,0,0,0,1,0,0,0,1,0
2023-11-30 01:00:00,18,2,0,28,1,2.2,-0.7,0.0,0,0,0,0,1,0,0,0,1,0
2023-11-30 05:00:00,15,6,0,38,1,2.2,-0.7,0.0,0,0,0,0,1,0,0,0,1,0
2023-11-30 00:00:00,12,1,0,82,1,2.2,-0.7,0.0,0,0,0,0,1,0,0,0,1,0
2023-11-30 04:00:00,4,5,0,10,1,2.2,-0.7,0.0,0,0,0,0,1,0,0,0,1,0
2023-11-30 03:00:00,3,4,0,17,1,2.2,-0.7,0.0,0,0,0,0,1,0,0,0,1,0
2023-11-30 14:00:00,295,15,10,752,1,2.2,-0.7,0.0,0,0,0,0,1,0,0,0,1,0
2023-11-30 12:00:00,533,13,2,1624,1,2.2,-0.7,0.0,0,0,0,0,1,0,0,0,1,0
2023-11-30 18:00:00,283,19,2,367,1,2.2,-0.7,0.0,0,0,0,0,1,0,0,0,1,0
2023-11-30 16:00:00,506,17,1,633,1,2.2,-0.7,0.0,0,0,0,0,1,0,0,0,1,0
2023-11-30 08:00:00,341,9,1,574,1,2.2,-0.7,0.0,0,0,0,0,1,0,0,0,1,0
2023-11-30 19:00:00,145,20,1,424,1,2.2,-0.7,0.0,0,0,0,0,1,0,0,0,1,0
2023-11-30 23:00:00,94,0,1,93,1,2.2,-0.7,0.0,0,0,0,0,1,0,0,0,1,0
2023-11-30 21:00:00,58,22,1,112,1,2.2,-0.7,0.0,0,0,0,0,1,0,0,0,1,0
2023-11-30 06:00:00,35,7,1,71,1,2.2,-0.7,0.0,0,0,0,0,1,0,0,0,1,0
2023-11-30 15:00:00,544,16,7,1138,1,2.2,-0.7,0.0,0,0,0,0,1,0,0,0,1,0
2023-11-30 09:00:00,407,10,6,467,1,2.2,-0.7,0.0,0,0,0,0,1,0,0,0,1,0
2023-11-29 17:00:00,483,18,0,486,0,4.5,-0.7,0.0,0,0,0,0,0,0,1,0,1,0
2023-11-29 12:00:00,462,13,0,1487,0,4.5,-0.7,0.0,0,0,0,0,0,0,1,0,1,0
2023-11-29 18:00:00,394,19,0,397,0,4.5,-0.7,0.0,0,0,0,0,0,0,1,0,1,0
2023-11-29 08:00:00,327,9,0,744,0,4.5,-0.7,0.0,0,0,0,0,0,0,1,0,1,0
2023-11-29 19:00:00,289,20,0,308,0,4.5,-0.7,0.0,0,0,0,0,0,0,1,0,1,0
2023-11-29 20:00:00,211,21,0,279,0,4.5,-0.7,0.0,0,0,0,0,0,0,1,0,1,0
2023-11-29 22:00:00,185,23,0,242,0,4.5,-0.7,0.0,0,0,0,0,0,0,1,0,1,0
2023-11-29 21:00:00,148,22,0,294,0,4.5,-0.7,0.0,0,0,0,0,0,0,1,0,1,0
2023-11-29 06:00:00,84,7,0,63,0,4.5,-0.7,0.0,0,0,0,0,0,0,1,0,1,0
2023-11-29 00:00:00,60,1,0,82,0,4.5,-0.7,0.0,0,0,0,0,0,0,1,0,1,0
2023-11-29 23:00:00,50,0,0,94,0,4.5,-0.7,0.0,0,0,0,0,0,0,1,0,1,0
2023-11-29 05:00:00,48,6,0,49,0,4.5,-0.7,0.0,0,0,0,0,0,0,1,0,1,0
2023-11-29 01:00:00,48,2,0,36,0,4.5,-0.7,0.0,0,0,0,0,0,0,1,0,1,0
2023-11-29 02:00:00,44,3,0,51,0,4.5,-0.7,0.0,0,0,0,0,0,0,1,0,1,0
2023-11-29 03:00:00,28,4,0,20,0,4.5,-0.7,0.0,0,0,0,0,0,0,1,0,1,0
2023-10-01 11:00:00,271,12,4,601,0,13.6,8.9,0.5,0,0,0,1,0,0,0,1,0,0
2023-10-01 18:00:00,222,19,4,563,0,13.6,8.9,0.5,0,0,0,1,0,0,0,1,0,0
2023-10-01 17:00:00,271,18,3,755,0,13.6,8.9,0.5,0,0,0,1,0,0,0,1,0,0
2023-10-01 21:00:00,167,22,3,191,0,13.6,8.9,0.5,0,0,0,1,0,0,0,1,0,0
2023-10-01 22:00:00,163,23,3,191,0,13.6,8.9,0.5,0,0,0,1,0,0,0,1,0,0
2023-10-01 08:00:00,23,9,3,99,0,13.6,8.9,0.5,0,0,0,1,0,0,0,1,0,0
2023-10-02 22:00:00,125,23,5,146,0,16.2,8.0,0.0,0,1,0,0,0,0,0,1,0,0
2023-10-01 02:00:00,131,3,2,331,0,13.6,8.9,0.5,0,0,0,1,0,0,0,1,0,0
2023-10-01 03:00:00,109,4,2,274,0,13.6,8.9,0.5,0,0,0,1,0,0,0,1,0,0
2023-10-01 07:00:00,31,8,2,105,0,13.6,8.9,0.5,0,0,0,1,0,0,0,1,0,0
2023-10-02 13:00:00,449,14,4,1891,0,16.2,8.0,0.0,0,1,0,0,0,0,0,1,0,0
2023-10-02 20:00:00,197,21,4,256,0,16.2,8.0,0.0,0,1,0,0,0,0,0,1,0,0
2023-10-02 12:00:00,487,13,3,1858,0,16.2,8.0,0.0,0,1,0,0,0,0,0,1,0,0
2023-10-02 03:00:00,19,4,2,14,0,16.2,8.0,0.0,0,1,0,0,0,0,0,1,0,0
2023-10-02 00:00:00,18,1,2,153,0,16.2,8.0,0.0,0,1,0,0,0,0,0,1,0,0
2023-10-02 04:00:00,12,5,2,7,0,16.2,8.0,0.0,0,1,0,0,0,0,0,1,0,0
2023-10-02 08:00:00,303,9,1,761,0,16.2,8.0,0.0,0,1,0,0,0,0,0,1,0,0
2023-10-02 07:00:00,185,8,1,366,0,16.2,8.0,0.0,0,1,0,0,0,0,0,1,0,0
2023-10-02 21:00:00,142,22,1,215,0,16.2,8.0,0.0,0,1,0,0,0,0,0,1,0,0
2023-10-02 01:00:00,51,2,1,117,0,16.2,8.0,0.0,0,1,0,0,0,0,0,1,0,0
2023-10-02 05:00:00,31,6,1,37,0,16.2,8.0,0.0,0,1,0,0,0,0,0,1,0,0
2023-10-01 14:00:00,281,15,10,457,0,13.6,8.9,0.5,0,0,0,1,0,0,0,1,0,0
2023-10-02 23:00:00,101,0,0,54,0,16.2,8.0,0.0,0,1,0,0,0,0,0,1,0,0
2023-10-02 06:00:00,100,7,0,103,0,16.2,8.0,0.0,0,1,0,0,0,0,0,1,0,0
2023-10-02 15:00:00,490,16,13,1327,0,16.2,8.0,0.0,0,1,0,0,0,0,0,1,0,0
2023-10-01 20:00:00,211,21,9,266,0,13.6,8.9,0.5,0,0,0,1,0,0,0,1,0,0
2023-10-02 02:00:00,47,3,0,296,0,16.2,8.0,0.0,0,1,0,0,0,0,0,1,0,0
2023-10-01 10:00:00,84,11,9,241,0,13.6,8.9,0.5,0,0,0,1,0,0,0,1,0,0
2023-10-01 13:00:00,311,14,8,945,0,13.6,8.9,0.5,0,0,0,1,0,0,0,1,0,0
2023-10-01 15:00:00,306,16,8,725,0,13.6,8.9,0.5,0,0,0,1,0,0,0,1,0,0
2023-10-02 10:00:00,405,11,10,1423,0,16.2,8.0,0.0,0,1,0,0,0,0,0,1,0,0
2023-10-01 12:00:00,305,13,8,789,0,13.6,8.9,0.5,0,0,0,1,0,0,0,1,0,0
2023-10-01 00:00:00,94,1,6,506,0,13.6,8.9,0.5,0,0,0,1,0,0,0,1,0,0
2023-10-01 09:00:00,55,10,6,210,0,13.6,8.9,0.5,0,0,0,1,0,0,0,1,0,0
2023-10-01 16:00:00,268,17,5,740,0,13.6,8.9,0.5,0,0,0,1,0,0,0,1,0,0
2023-10-02 11:00:00,434,12,8,1863,0,16.2,8.0,0.0,0,1,0,0,0,0,0,1,0,0
2023-10-02 19:00:00,264,20,8,365,0,16.2,8.0,0.0,0,1,0,0,0,0,0,1,0,0
2023-10-02 16:00:00,410,17,7,1473,0,16.2,8.0,0.0,0,1,0,0,0,0,0,1,0,0
2023-10-02 17:00:00,401,18,7,1402,0,16.2,8.0,0.0,0,1,0,0,0,0,0,1,0,0
2023-10-02 18:00:00,308,19,7,686,0,16.2,8.0,0.0,0,1,0,0,0,0,0,1,0,0
2023-10-02 09:00:00,292,10,7,988,0,16.2,8.0,0.0,0,1,0,0,0,0,0,1,0,0
2023-10-02 14:00:00,487,15,5,1376,0,16.2,8.0,0.0,0,1,0,0,0,0,0,1,0,0
2023-10-01 19:00:00,195,20,1,276,0,13.6,8.9,0.5,0,0,0,1,0,0,0,1,0,0
2023-10-01 01:00:00,94,2,1,342,0,13.6,8.9,0.5,0,0,0,1,0,0,0,1,0,0
2023-10-01 23:00:00,59,0,1,135,0,13.6,8.9,0.5,0,0,0,1,0,0,0,1,0,0
2023-10-01 04:00:00,55,5,1,23,0,13.6,8.9,0.5,0,0,0,1,0,0,0,1,0,0
2023-10-01 06:00:00,18,7,1,34,0,13.6,8.9,0.5,0,0,0,1,0,0,0,1,0,0
2023-10-01 05:00:00,34,6,0,21,0,13.6,8.9,0.5,0,0,0,1,0,0,0,1,0,0
2023-10-04 02:00:00,50,3,0,73,0,16.2,8.2,0.0,0,0,0,0,0,0,1,1,0,0
2023-10-04 23:00:00,26,0,0,121,0,16.2,8.2,0.0,0,0,0,0,0,0,1,1,0,0
2023-10-04 04:00:00,23,5,0,54,0,16.2,8.2,0.0,0,0,0,0,0,0,1,1,0,0
2023-10-03 21:00:00,155,22,1,220,0,13.8,8.2,1.1,0,0,0,0,0,1,0,1,0,0
2023-10-04 03:00:00,21,4,0,24,0,16.2,8.2,0.0,0,0,0,0,0,0,1,1,0,0
2023-10-03 23:00:00,102,0,1,129,0,13.8,8.2,1.1,0,0,0,0,0,1,0,1,0,0
2023-10-04 17:00:00,359,18,11,811,0,16.2,8.2,0.0,0,0,0,0,0,0,1,1,0,0
2023-10-04 16:00:00,454,17,8,952,0,16.2,8.2,0.0,0,0,0,0,0,0,1,1,0,0
2023-10-04 12:00:00,581,13,7,695,0,16.2,8.2,0.0,0,0,0,0,0,0,1,1,0,0
2023-10-04 15:00:00,529,16,6,1145,0,16.2,8.2,0.0,0,0,0,0,0,0,1,1,0,0
2023-10-04 10:00:00,445,11,6,1324,0,16.2,8.2,0.0,0,0,0,0,0,0,1,1,0,0
2023-10-04 14:00:00,347,15,6,1111,0,16.2,8.2,0.0,0,0,0,0,0,0,1,1,0,0
2023-10-04 11:00:00,476,12,5,1730,0,16.2,8.2,0.0,0,0,0,0,0,0,1,1,0,0
2023-10-04 18:00:00,283,19,5,511,0,16.2,8.2,0.0,0,0,0,0,0,0,1,1,0,0
2023-10-04 08:00:00,302,9,4,700,0,16.2,8.2,0.0,0,0,0,0,0,0,1,1,0,0
2023-10-04 19:00:00,173,20,4,291,0,16.2,8.2,0.0,0,0,0,0,0,0,1,1,0,0
2023-10-04 13:00:00,450,14,3,930,0,16.2,8.2,0.0,0,0,0,0,0,0,1,1,0,0
2023-10-04 09:00:00,407,10,3,878,0,16.2,8.2,0.0,0,0,0,0,0,0,1,1,0,0
2023-10-03 14:00:00,484,15,8,1342,0,13.8,8.2,1.1,0,0,0,0,0,1,0,1,0,0
2023-10-05 14:00:00,497,15,8,1705,0,18.0,6.0,5.1,0,0,0,0,1,0,0,1,0,0
2023-10-05 08:00:00,300,9,6,776,0,18.0,6.0,5.1,0,0,0,0,1,0,0,1,0,0
2023-10-05 10:00:00,417,11,5,1371,0,18.0,6.0,5.1,0,0,0,0,1,0,0,1,0,0
2023-10-05 16:00:00,410,17,5,1123,0,18.0,6.0,5.1,0,0,0,0,1,0,0,1,0,0
2023-10-03 15:00:00,411,16,15,1056,0,13.8,8.2,1.1,0,0,0,0,0,1,0,1,0,0
2023-10-03 17:00:00,395,18,12,1156,0,13.8,8.2,1.1,0,0,0,0,0,1,0,1,0,0
2023-10-03 11:00:00,420,12,11,1293,0,13.8,8.2,1.1,0,0,0,0,0,1,0,1,0,0
2023-10-03 18:00:00,340,19,10,789,0,13.8,8.2,1.1,0,0,0,0,0,1,0,1,0,0
2023-10-03 16:00:00,473,17,9,1190,0,13.8,8.2,1.1,0,0,0,0,0,1,0,1,0,0
2023-10-03 12:00:00,457,13,9,1425,0,13.8,8.2,1.1,0,0,0,0,0,1,0,1,0,0
2023-10-03 08:00:00,324,9,9,631,0,13.8,8.2,1.1,0,0,0,0,0,1,0,1,0,0
2023-10-03 09:00:00,387,10,7,884,0,13.8,8.2,1.1,0,0,0,0,0,1,0,1,0,0
2023-10-04 07:00:00,220,8,2,375,0,16.2,8.2,0.0,0,0,0,0,0,0,1,1,0,0
2023-10-04 20:00:00,106,21,2,243,0,16.2,8.2,0.0,0,0,0,0,0,0,1,1,0,0
2023-10-04 21:00:00,87,22,2,161,0,16.2,8.2,0.0,0,0,0,0,0,0,1,1,0,0
2023-10-03 13:00:00,454,14,6,1348,0,13.8,8.2,1.1,0,0,0,0,0,1,0,1,0,0
2023-10-03 00:00:00,42,1,0,59,0,13.8,8.2,1.1,0,0,0,0,0,1,0,1,0,0
2023-10-03 01:00:00,34,2,0,39,0,13.8,8.2,1.1,0,0,0,0,0,1,0,1,0,0
2023-10-03 02:00:00,30,3,0,39,0,13.8,8.2,1.1,0,0,0,0,0,1,0,1,0,0
2023-10-03 03:00:00,19,4,0,39,0,13.8,8.2,1.1,0,0,0,0,0,1,0,1,0,0
2023-10-03 04:00:00,17,5,0,13,0,13.8,8.2,1.1,0,0,0,0,0,1,0,1,0,0
2023-10-03 10:00:00,429,11,3,1037,0,13.8,8.2,1.1,0,0,0,0,0,1,0,1,0,0
2023-10-03 19:00:00,299,20,3,298,0,13.8,8.2,1.1,0,0,0,0,0,1,0,1,0,0
2023-10-03 07:00:00,191,8,2,321,0,13.8,8.2,1.1,0,0,0,0,0,1,0,1,0,0
2023-10-03 22:00:00,146,23,2,160,0,13.8,8.2,1.1,0,0,0,0,0,1,0,1,0,0
2023-10-03 06:00:00,92,7,2,112,0,13.8,8.2,1.1,0,0,0,0,0,1,0,1,0,0
2023-10-03 05:00:00,64,6,2,26,0,13.8,8.2,1.1,0,0,0,0,0,1,0,1,0,0
2023-10-03 20:00:00,212,21,1,243,0,13.8,8.2,1.1,0,0,0,0,0,1,0,1,0,0
2023-10-04 06:00:00,102,7,0,89,0,16.2,8.2,0.0,0,0,0,0,0,0,1,1,0,0
2023-10-04 22:00:00,70,23,0,124,0,16.2,8.2,0.0,0,0,0,0,0,0,1,1,0,0
2023-10-04 00:00:00,70,1,0,86,0,16.2,8.2,0.0,0,0,0,0,0,0,1,1,0,0
2023-10-04 01:00:00,62,2,0,59,0,16.2,8.2,0.0,0,0,0,0,0,0,1,1,0,0
2023-10-04 05:00:00,61,6,0,35,0,16.2,8.2,0.0,0,0,0,0,0,0,1,1,0,0
2023-10-06 19:00:00,327,20,3,277,0,11.0,10.5,28.3,1,0,0,0,0,0,0,1,0,0
2023-10-06 21:00:00,214,22,3,141,0,11.0,10.5,28.3,1,0,0,0,0,0,0,1,0,0
2023-10-06 08:00:00,310,9,2,584,0,11.0,10.5,28.3,1,0,0,0,0,0,0,1,0,0
2023-10-06 20:00:00,200,21,2,219,0,11.0,10.5,28.3,1,0,0,0,0,0,0,1,0,0
2023-10-06 22:00:00,76,23,2,124,0,11.0,10.5,28.3,1,0,0,0,0,0,0,1,0,0
2023-10-06 06:00:00,89,7,1,143,0,11.0,10.5,28.3,1,0,0,0,0,0,0,1,0,0
2023-10-06 01:00:00,41,2,1,27,0,11.0,10.5,28.3,1,0,0,0,0,0,0,1,0,0
2023-10-06 02:00:00,39,3,1,29,0,11.0,10.5,28.3,1,0,0,0,0,0,0,1,0,0
2023-10-06 23:00:00,139,0,0,141,0,11.0,10.5,28.3,1,0,0,0,0,0,0,1,0,0
2023-10-06 00:00:00,67,1,0,113,0,11.0,10.5,28.3,1,0,0,0,0,0,0,1,0,0
2023-10-06 05:00:00,58,6,0,64,0,11.0,10.5,28.3,1,0,0,0,0,0,0,1,0,0
2023-10-06 04:00:00,24,5,0,11,0,11.0,10.5,28.3,1,0,0,0,0,0,0,1,0,0
2023-10-06 03:00:00,18,4,0,9,0,11.0,10.5,28.3,1,0,0,0,0,0,0,1,0,0
2023-10-06 15:00:00,437,16,18,1287,0,11.0,10.5,28.3,1,0,0,0,0,0,0,1,0,0
2023-10-07 08:00:00,89,9,3,305,0,14.6,9.5,56.3,0,0,1,0,0,0,0,1,0,0
2023-10-07 17:00:00,396,18,12,739,0,14.6,9.5,56.3,0,0,1,0,0,0,0,1,0,0
2023-10-07 13:00:00,552,14,11,861,0,14.6,9.5,56.3,0,0,1,0,0,0,0,1,0,0
2023-10-07 14:00:00,543,15,10,907,0,14.6,9.5,56.3,0,0,1,0,0,0,0,1,0,0
2023-10-07 15:00:00,470,16,10,986,0,14.6,9.5,56.3,0,0,1,0,0,0,0,1,0,0
2023-10-06 16:00:00,484,17,15,1414,0,11.0,10.5,28.3,1,0,0,0,0,0,0,1,0,0
2023-10-07 03:00:00,82,4,2,302,0,14.6,9.5,56.3,0,0,1,0,0,0,0,1,0,0
2023-10-06 12:00:00,512,13,11,1294,0,11.0,10.5,28.3,1,0,0,0,0,0,0,1,0,0
2023-10-07 01:00:00,81,2,2,282,0,14.6,9.5,56.3,0,0,1,0,0,0,0,1,0,0
2023-10-06 13:00:00,503,14,11,1386,0,11.0,10.5,28.3,1,0,0,0,0,0,0,1,0,0
2023-10-07 16:00:00,563,17,5,1001,0,14.6,9.5,56.3,0,0,1,0,0,0,0,1,0,0
2023-10-07 09:00:00,294,10,5,557,0,14.6,9.5,56.3,0,0,1,0,0,0,0,1,0,0
2023-10-07 10:00:00,512,11,4,829,0,14.6,9.5,56.3,0,0,1,0,0,0,0,1,0,0
2023-10-07 12:00:00,630,13,3,795,0,14.6,9.5,56.3,0,0,1,0,0,0,0,1,0,0
2023-10-07 11:00:00,526,12,3,905,0,14.6,9.5,56.3,0,0,1,0,0,0,0,1,0,0
2023-10-07 18:00:00,365,19,3,342,0,14.6,9.5,56.3,0,0,1,0,0,0,0,1,0,0
2023-10-06 14:00:00,931,15,8,1056,0,11.0,10.5,28.3,1,0,0,0,0,0,0,1,0,0
2023-10-06 11:00:00,467,12,8,976,0,11.0,10.5,28.3,1,0,0,0,0,0,0,1,0,0
2023-10-06 09:00:00,408,10,8,796,0,11.0,10.5,28.3,1,0,0,0,0,0,0,1,0,0
2023-10-06 18:00:00,416,19,7,836,0,11.0,10.5,28.3,1,0,0,0,0,0,0,1,0,0
2023-10-06 17:00:00,498,18,6,1683,0,11.0,10.5,28.3,1,0,0,0,0,0,0,1,0,0
2023-10-06 10:00:00,494,11,6,834,0,11.0,10.5,28.3,1,0,0,0,0,0,0,1,0,0
2023-10-07 20:00:00,101,21,1,178,0,14.6,9.5,56.3,0,0,1,0,0,0,0,1,0,0
2023-10-07 21:00:00,96,22,1,152,0,14.6,9.5,56.3,0,0,1,0,0,0,0,1,0,0
2023-10-07 06:00:00,11,7,1,74,0,14.6,9.5,56.3,0,0,1,0,0,0,0,1,0,0
2023-10-06 07:00:00,219,8,5,286,0,11.0,10.5,28.3,1,0,0,0,0,0,0,1,0,0
2023-10-05 06:00:00,270,7,0,100,0,18.0,6.0,5.1,0,0,0,0,1,0,0,1,0,0
2023-10-05 20:00:00,199,21,0,220,0,18.0,6.0,5.1,0,0,0,0,1,0,0,1,0,0
2023-10-05 21:00:00,179,22,0,212,0,18.0,6.0,5.1,0,0,0,0,1,0,0,1,0,0
2023-10-05 22:00:00,144,23,0,194,0,18.0,6.0,5.1,0,0,0,0,1,0,0,1,0,0
2023-10-05 04:00:00,87,5,0,24,0,18.0,6.0,5.1,0,0,0,0,1,0,0,1,0,0
2023-10-05 03:00:00,48,4,0,10,0,18.0,6.0,5.1,0,0,0,0,1,0,0,1,0,0
2023-10-05 11:00:00,448,12,4,1489,0,18.0,6.0,5.1,0,0,0,0,1,0,0,1,0,0
2023-10-05 18:00:00,393,19,4,650,0,18.0,6.0,5.1,0,0,0,0,1,0,0,1,0,0
2023-10-05 15:00:00,460,16,3,1700,0,18.0,6.0,5.1,0,0,0,0,1,0,0,1,0,0
2023-10-05 09:00:00,370,10,3,1130,0,18.0,6.0,5.1,0,0,0,0,1,0,0,1,0,0
2023-10-05 23:00:00,37,0,2,103,0,18.0,6.0,5.1,0,0,0,0,1,0,0,1,0,0
2023-10-05 13:00:00,513,14,1,1336,0,18.0,6.0,5.1,0,0,0,0,1,0,0,1,0,0
2023-10-05 12:00:00,472,13,1,1613,0,18.0,6.0,5.1,0,0,0,0,1,0,0,1,0,0
2023-10-05 17:00:00,462,18,1,1107,0,18.0,6.0,5.1,0,0,0,0,1,0,0,1,0,0
2023-10-05 19:00:00,241,20,1,254,0,18.0,6.0,5.1,0,0,0,0,1,0,0,1,0,0
2023-10-05 05:00:00,213,6,1,40,0,18.0,6.0,5.1,0,0,0,0,1,0,0,1,0,0
2023-10-05 07:00:00,210,8,1,485,0,18.0,6.0,5.1,0,0,0,0,1,0,0,1,0,0
2023-10-05 02:00:00,38,3,1,298,0,18.0,6.0,5.1,0,0,0,0,1,0,0,1,0,0
2023-10-05 00:00:00,32,1,1,107,0,18.0,6.0,5.1,0,0,0,0,1,0,0,1,0,0
2023-10-05 01:00:00,15,2,1,76,0,18.0,6.0,5.1,0,0,0,0,1,0,0,1,0,0
2023-10-08 17:00:00,271,18,0,594,0,17.6,8.5,5.4,0,0,0,1,0,0,0,1,0,0
2023-10-08 10:00:00,203,11,0,461,0,17.6,8.5,5.4,0,0,0,1,0,0,0,1,0,0
2023-10-08 19:00:00,171,20,0,233,0,17.6,8.5,5.4,0,0,0,1,0,0,0,1,0,0
2023-10-08 09:00:00,118,10,0,190,0,17.6,8.5,5.4,0,0,0,1,0,0,0,1,0,0
2023-10-08 12:00:00,172,13,4,338,0,17.6,8.5,5.4,0,0,0,1,0,0,0,1,0,0
2023-10-08 08:00:00,103,9,0,249,0,17.6,8.5,5.4,0,0,0,1,0,0,0,1,0,0
2023-10-08 03:00:00,88,4,0,190,0,17.6,8.5,5.4,0,0,0,1,0,0,0,1,0,0
2023-10-08 22:00:00,87,23,0,192,0,17.6,8.5,5.4,0,0,0,1,0,0,0,1,0,0
2023-10-08 14:00:00,77,15,11,253,0,17.6,8.5,5.4,0,0,0,1,0,0,0,1,0,0
2023-10-07 05:00:00,15,6,0,34,0,14.6,9.5,56.3,0,0,1,0,0,0,0,1,0,0
2023-10-08 11:00:00,257,12,2,833,0,17.6,8.5,5.4,0,0,0,1,0,0,0,1,0,0
2023-10-08 18:00:00,167,19,2,438,0,17.6,8.5,5.4,0,0,0,1,0,0,0,1,0,0
2023-10-08 01:00:00,109,2,2,306,0,17.6,8.5,5.4,0,0,0,1,0,0,0,1,0,0
2023-10-08 16:00:00,235,17,1,562,0,17.6,8.5,5.4,0,0,0,1,0,0,0,1,0,0
2023-10-08 00:00:00,126,1,1,332,0,17.6,8.5,5.4,0,0,0,1,0,0,0,1,0,0
2023-10-08 21:00:00,122,22,1,175,0,17.6,8.5,5.4,0,0,0,1,0,0,0,1,0,0
2023-10-08 20:00:00,122,21,1,141,0,17.6,8.5,5.4,0,0,0,1,0,0,0,1,0,0
2023-10-08 02:00:00,76,3,1,336,0,17.6,8.5,5.4,0,0,0,1,0,0,0,1,0,0
2023-10-07 04:00:00,15,5,0,13,0,14.6,9.5,56.3,0,0,1,0,0,0,0,1,0,0
2023-10-08 07:00:00,74,8,0,104,0,17.6,8.5,5.4,0,0,0,1,0,0,0,1,0,0
2023-10-08 06:00:00,72,7,0,11,0,17.6,8.5,5.4,0,0,0,1,0,0,0,1,0,0
2023-10-08 13:00:00,89,14,10,214,0,17.6,8.5,5.4,0,0,0,1,0,0,0,1,0,0
2023-10-08 23:00:00,66,0,0,174,0,17.6,8.5,5.4,0,0,0,1,0,0,0,1,0,0
2023-10-09 18:00:00,281,19,9,671,0,18.0,8.1,0.0,0,1,0,0,0,0,0,1,0,0
2023-10-08 15:00:00,120,16,5,236,0,17.6,8.5,5.4,0,0,0,1,0,0,0,1,0,0
2023-10-09 14:00:00,172,15,22,1009,0,18.0,8.1,0.0,0,1,0,0,0,0,0,1,0,0
2023-10-08 04:00:00,47,5,0,10,0,17.6,8.5,5.4,0,0,0,1,0,0,0,1,0,0
2023-10-09 09:00:00,132,10,21,593,0,18.0,8.1,0.0,0,1,0,0,0,0,0,1,0,0
2023-10-08 05:00:00,42,6,0,15,0,17.6,8.5,5.4,0,0,0,1,0,0,0,1,0,0
2023-10-09 16:00:00,394,17,8,1282,0,18.0,8.1,0.0,0,1,0,0,0,0,0,1,0,0
2023-10-09 08:00:00,290,9,2,626,0,18.0,8.1,0.0,0,1,0,0,0,0,0,1,0,0
2023-10-07 19:00:00,166,20,0,191,0,14.6,9.5,56.3,0,0,1,0,0,0,0,1,0,0
2023-10-07 23:00:00,153,0,0,176,0,14.6,9.5,56.3,0,0,1,0,0,0,0,1,0,0
2023-10-07 22:00:00,77,23,0,124,0,14.6,9.5,56.3,0,0,1,0,0,0,0,1,0,0
2023-10-07 00:00:00,73,1,0,198,0,14.6,9.5,56.3,0,0,1,0,0,0,0,1,0,0
2023-10-07 02:00:00,70,3,0,166,0,14.6,9.5,56.3,0,0,1,0,0,0,0,1,0,0
2023-10-07 07:00:00,50,8,0,118,0,14.6,9.5,56.3,0,0,1,0,0,0,0,1,0,0
2023-10-09 13:00:00,148,14,19,987,0,18.0,8.1,0.0,0,1,0,0,0,0,0,1,0,0
2023-10-09 15:00:00,198,16,16,937,0,18.0,8.1,0.0,0,1,0,0,0,0,0,1,0,0
2023-10-09 11:00:00,145,12,13,862,0,18.0,8.1,0.0,0,1,0,0,0,0,0,1,0,0
2023-10-09 12:00:00,144,13,12,845,0,18.0,8.1,0.0,0,1,0,0,0,0,0,1,0,0
2023-10-09 10:00:00,136,11,12,528,0,18.0,8.1,0.0,0,1,0,0,0,0,0,1,0,0
2023-10-09 17:00:00,335,18,11,1078,0,18.0,8.1,0.0,0,1,0,0,0,0,0,1,0,0
2023-10-10 14:00:00,479,15,5,2013,0,13.1,12.8,0.0,0,0,0,0,0,1,0,1,0,0
2023-10-10 13:00:00,458,14,5,1829,0,13.1,12.8,0.0,0,0,0,0,0,1,0,1,0,0
2023-10-10 09:00:00,351,10,5,887,0,13.1,12.8,0.0,0,0,0,0,0,1,0,1,0,0
2023-10-10 06:00:00,98,7,1,107,0,13.1,12.8,0.0,0,0,0,0,0,1,0,1,0,0
2023-10-10 11:00:00,477,12,3,1717,0,13.1,12.8,0.0,0,0,0,0,0,1,0,1,0,0
2023-10-10 02:00:00,30,3,3,26,0,13.1,12.8,0.0,0,0,0,0,0,1,0,1,0,0
2023-10-10 10:00:00,436,11,2,1359,0,13.1,12.8,0.0,0,0,0,0,0,1,0,1,0,0
2023-10-10 08:00:00,278,9,2,672,0,13.1,12.8,0.0,0,0,0,0,0,1,0,1,0,0
2023-10-10 21:00:00,147,22,2,267,0,13.1,12.8,0.0,0,0,0,0,0,1,0,1,0,0
2023-10-10 20:00:00,131,21,2,183,0,13.1,12.8,0.0,0,0,0,0,0,1,0,1,0,0
2023-10-09 07:00:00,224,8,2,333,0,18.0,8.1,0.0,0,1,0,0,0,0,0,1,0,0
2023-10-09 19:00:00,214,20,2,304,0,18.0,8.1,0.0,0,1,0,0,0,0,0,1,0,0
2023-10-10 00:00:00,38,1,1,89,0,13.1,12.8,0.0,0,0,0,0,0,1,0,1,0,0
2023-10-10 07:00:00,194,8,0,412,0,13.1,12.8,0.0,0,0,0,0,0,1,0,1,0,0
2023-10-10 22:00:00,135,23,0,182,0,13.1,12.8,0.0,0,0,0,0,0,1,0,1,0,0
2023-10-10 19:00:00,107,20,0,134,0,13.1,12.8,0.0,0,0,0,0,0,1,0,1,0,0
2023-10-10 23:00:00,68,0,0,111,0,13.1,12.8,0.0,0,0,0,0,0,1,0,1,0,0
2023-10-10 05:00:00,50,6,0,54,0,13.1,12.8,0.0,0,0,0,0,0,1,0,1,0,0
2023-10-10 01:00:00,34,2,0,31,0,13.1,12.8,0.0,0,0,0,0,0,1,0,1,0,0
2023-10-10 04:00:00,27,5,0,14,0,13.1,12.8,0.0,0,0,0,0,0,1,0,1,0,0
2023-10-10 03:00:00,18,4,0,14,0,13.1,12.8,0.0,0,0,0,0,0,1,0,1,0,0
2023-10-11 13:00:00,503,14,4,1381,0,12.0,7.3,0.0,0,0,0,0,0,0,1,1,0,0
2023-10-10 17:00:00,187,18,15,379,0,13.1,12.8,0.0,0,0,0,0,0,1,0,1,0,0
2023-10-11 11:00:00,489,12,4,1186,0,12.0,7.3,0.0,0,0,0,0,0,0,1,1,0,0
2023-10-11 17:00:00,177,18,13,412,0,12.0,7.3,0.0,0,0,0,0,0,0,1,1,0,0
2023-10-09 20:00:00,162,21,1,320,0,18.0,8.1,0.0,0,1,0,0,0,0,0,1,0,0
2023-10-09 23:00:00,112,0,1,138,0,18.0,8.1,0.0,0,1,0,0,0,0,0,1,0,0
2023-10-09 22:00:00,109,23,1,183,0,18.0,8.1,0.0,0,1,0,0,0,0,0,1,0,0
2023-10-09 00:00:00,52,1,1,89,0,18.0,8.1,0.0,0,1,0,0,0,0,0,1,0,0
2023-10-09 03:00:00,42,4,1,34,0,18.0,8.1,0.0,0,1,0,0,0,0,0,1,0,0
2023-10-09 21:00:00,142,22,0,244,0,18.0,8.1,0.0,0,1,0,0,0,0,0,1,0,0
2023-10-09 06:00:00,97,7,0,96,0,18.0,8.1,0.0,0,1,0,0,0,0,0,1,0,0
2023-10-09 05:00:00,52,6,0,42,0,18.0,8.1,0.0,0,1,0,0,0,0,0,1,0,0
2023-10-09 01:00:00,50,2,0,94,0,18.0,8.1,0.0,0,1,0,0,0,0,0,1,0,0
2023-10-09 02:00:00,38,3,0,247,0,18.0,8.1,0.0,0,1,0,0,0,0,0,1,0,0
2023-10-09 04:00:00,27,5,0,8,0,18.0,8.1,0.0,0,1,0,0,0,0,0,1,0,0
2023-10-11 18:00:00,113,19,12,250,0,12.0,7.3,0.0,0,0,0,0,0,0,1,1,0,0
2023-10-11 14:00:00,511,15,3,753,0,12.0,7.3,0.0,0,0,0,0,0,0,1,1,0,0
2023-10-11 09:00:00,165,10,46,440,0,12.0,7.3,0.0,0,0,0,0,0,0,1,1,0,0
2023-10-11 10:00:00,238,11,37,671,0,12.0,7.3,0.0,0,0,0,0,0,0,1,1,0,0
2023-10-11 21:00:00,131,22,3,261,0,12.0,7.3,0.0,0,0,0,0,0,0,1,1,0,0
2023-10-11 23:00:00,55,0,3,176,0,12.0,7.3,0.0,0,0,0,0,0,0,1,1,0,0
2023-10-11 06:00:00,35,7,3,53,0,12.0,7.3,0.0,0,0,0,0,0,0,1,1,0,0
2023-10-11 16:00:00,536,17,9,1091,0,12.0,7.3,0.0,0,0,0,0,0,0,1,1,0,0
2023-10-10 18:00:00,138,19,9,237,0,13.1,12.8,0.0,0,0,0,0,0,1,0,1,0,0
2023-10-10 12:00:00,432,13,7,1941,0,13.1,12.8,0.0,0,0,0,0,0,1,0,1,0,0
2023-10-10 15:00:00,429,16,7,2033,0,13.1,12.8,0.0,0,0,0,0,0,1,0,1,0,0
2023-10-11 12:00:00,506,13,8,1280,0,12.0,7.3,0.0,0,0,0,0,0,0,1,1,0,0
2023-10-11 20:00:00,101,21,7,363,0,12.0,7.3,0.0,0,0,0,0,0,0,1,1,0,0
2023-10-11 07:00:00,69,8,2,199,0,12.0,7.3,0.0,0,0,0,0,0,0,1,1,0,0
2023-10-11 22:00:00,131,23,1,144,0,12.0,7.3,0.0,0,0,0,0,0,0,1,1,0,0
2023-10-11 19:00:00,118,20,1,229,0,12.0,7.3,0.0,0,0,0,0,0,0,1,1,0,0
2023-10-11 15:00:00,462,16,6,770,0,12.0,7.3,0.0,0,0,0,0,0,0,1,1,0,0
2023-10-11 08:00:00,110,9,6,344,0,12.0,7.3,0.0,0,0,0,0,0,0,1,1,0,0
2023-10-10 16:00:00,153,17,21,387,0,13.1,12.8,0.0,0,0,0,0,0,1,0,1,0,0
2023-10-13 08:00:00,311,9,8,439,0,10.8,5.5,0.0,1,0,0,0,0,0,0,1,0,0
2023-10-13 18:00:00,118,19,8,460,0,10.8,5.5,0.0,1,0,0,0,0,0,0,1,0,0
2023-10-12 10:00:00,446,11,17,753,0,13.2,2.8,0.1,0,0,0,0,1,0,0,1,0,0
2023-10-13 11:00:00,526,12,7,991,0,10.8,5.5,0.0,1,0,0,0,0,0,0,1,0,0
2023-10-12 12:00:00,436,13,6,1062,0,13.2,2.8,0.1,0,0,0,0,1,0,0,1,0,0
2023-10-13 13:00:00,500,14,7,1043,0,10.8,5.5,0.0,1,0,0,0,0,0,0,1,0,0
2023-10-12 20:00:00,147,21,6,353,0,13.2,2.8,0.1,0,0,0,0,1,0,0,1,0,0
2023-10-12 04:00:00,17,5,1,9,0,13.2,2.8,0.1,0,0,0,0,1,0,0,1,0,0
2023-10-12 11:00:00,490,12,15,966,0,13.2,2.8,0.1,0,0,0,0,1,0,0,1,0,0
2023-10-13 12:00:00,483,13,6,1100,0,10.8,5.5,0.0,1,0,0,0,0,0,0,1,0,0
2023-10-13 10:00:00,455,11,6,699,0,10.8,5.5,0.0,1,0,0,0,0,0,0,1,0,0
2023-10-13 17:00:00,277,18,6,1000,0,10.8,5.5,0.0,1,0,0,0,0,0,0,1,0,0
2023-10-13 20:00:00,55,21,6,207,0,10.8,5.5,0.0,1,0,0,0,0,0,0,1,0,0
2023-10-13 15:00:00,483,16,5,1300,0,10.8,5.5,0.0,1,0,0,0,0,0,0,1,0,0
2023-10-12 14:00:00,362,15,5,935,0,13.2,2.8,0.1,0,0,0,0,1,0,0,1,0,0
2023-10-11 02:00:00,12,3,1,14,0,12.0,7.3,0.0,0,0,0,0,0,0,1,1,0,0
2023-10-11 00:00:00,15,1,0,31,0,12.0,7.3,0.0,0,0,0,0,0,0,1,1,0,0
2023-10-11 01:00:00,14,2,0,13,0,12.0,7.3,0.0,0,0,0,0,0,0,1,1,0,0
2023-10-11 05:00:00,10,6,0,31,0,12.0,7.3,0.0,0,0,0,0,0,0,1,1,0,0
2023-10-11 04:00:00,8,5,0,5,0,12.0,7.3,0.0,0,0,0,0,0,0,1,1,0,0
2023-10-11 03:00:00,7,4,0,1,0,12.0,7.3,0.0,0,0,0,0,0,0,1,1,0,0
2023-10-13 21:00:00,73,22,4,178,0,10.8,5.5,0.0,1,0,0,0,0,0,0,1,0,0
2023-10-12 18:00:00,361,19,4,688,0,13.2,2.8,0.1,0,0,0,0,1,0,0,1,0,0
2023-10-12 13:00:00,320,14,3,1053,0,13.2,2.8,0.1,0,0,0,0,1,0,0,1,0,0
2023-10-12 19:00:00,292,20,3,421,0,13.2,2.8,0.1,0,0,0,0,1,0,0,1,0,0
2023-10-12 21:00:00,124,22,3,205,0,13.2,2.8,0.1,0,0,0,0,1,0,0,1,0,0
2023-10-12 05:00:00,15,6,3,37,0,13.2,2.8,0.1,0,0,0,0,1,0,0,1,0,0
2023-10-12 23:00:00,90,0,2,116,0,13.2,2.8,0.1,0,0,0,0,1,0,0,1,0,0
2023-10-12 06:00:00,41,7,2,73,0,13.2,2.8,0.1,0,0,0,0,1,0,0,1,0,0
2023-10-12 00:00:00,25,1,2,110,0,13.2,2.8,0.1,0,0,0,0,1,0,0,1,0,0
2023-10-12 22:00:00,109,23,1,232,0,13.2,2.8,0.1,0,0,0,0,1,0,0,1,0,0
2023-10-12 15:00:00,455,16,12,1121,0,13.2,2.8,0.1,0,0,0,0,1,0,0,1,0,0
2023-10-13 14:00:00,509,15,3,1364,0,10.8,5.5,0.0,1,0,0,0,0,0,0,1,0,0
2023-10-12 01:00:00,33,2,0,101,0,13.2,2.8,0.1,0,0,0,0,1,0,0,1,0,0
2023-10-12 02:00:00,29,3,0,274,0,13.2,2.8,0.1,0,0,0,0,1,0,0,1,0,0
2023-10-12 03:00:00,18,4,0,71,0,13.2,2.8,0.1,0,0,0,0,1,0,0,1,0,0
2023-10-13 16:00:00,402,17,3,942,0,10.8,5.5,0.0,1,0,0,0,0,0,0,1,0,0
2023-10-13 09:00:00,355,10,3,606,0,10.8,5.5,0.0,1,0,0,0,0,0,0,1,0,0
2023-10-13 07:00:00,219,8,3,180,0,10.8,5.5,0.0,1,0,0,0,0,0,0,1,0,0
2023-10-12 09:00:00,432,10,31,431,0,13.2,2.8,0.1,0,0,0,0,1,0,0,1,0,0
2023-10-12 16:00:00,518,17,11,1098,0,13.2,2.8,0.1,0,0,0,0,1,0,0,1,0,0
2023-10-13 19:00:00,102,20,2,297,0,10.8,5.5,0.0,1,0,0,0,0,0,0,1,0,0
2023-10-13 23:00:00,100,0,2,275,0,10.8,5.5,0.0,1,0,0,0,0,0,0,1,0,0
2023-10-13 06:00:00,97,7,1,75,0,10.8,5.5,0.0,1,0,0,0,0,0,0,1,0,0
2023-10-13 00:00:00,77,1,1,108,0,10.8,5.5,0.0,1,0,0,0,0,0,0,1,0,0
2023-10-13 22:00:00,69,23,1,175,0,10.8,5.5,0.0,1,0,0,0,0,0,0,1,0,0
2023-10-13 05:00:00,62,6,1,27,0,10.8,5.5,0.0,1,0,0,0,0,0,0,1,0,0
2023-10-13 01:00:00,59,2,1,94,0,10.8,5.5,0.0,1,0,0,0,0,0,0,1,0,0
2023-10-12 08:00:00,181,9,10,356,0,13.2,2.8,0.1,0,0,0,0,1,0,0,1,0,0
2023-10-12 17:00:00,463,18,9,855,0,13.2,2.8,0.1,0,0,0,0,1,0,0,1,0,0
2023-10-12 07:00:00,60,8,7,208,0,13.2,2.8,0.1,0,0,0,0,1,0,0,1,0,0
2023-10-14 01:00:00,74,2,0,315,0,11.7,2.6,0.0,0,0,1,0,0,0,0,1,0,0
2023-10-14 02:00:00,60,3,0,229,0,11.7,2.6,0.0,0,0,1,0,0,0,0,1,0,0
2023-10-14 05:00:00,41,6,0,24,0,11.7,2.6,0.0,0,0,1,0,0,0,0,1,0,0
2023-10-13 02:00:00,39,3,1,216,0,10.8,5.5,0.0,1,0,0,0,0,0,0,1,0,0
2023-10-14 11:00:00,484,12,10,1867,0,11.7,2.6,0.0,0,0,1,0,0,0,0,1,0,0
2023-10-14 20:00:00,61,21,3,149,0,11.7,2.6,0.0,0,0,1,0,0,0,0,1,0,0
2023-10-14 21:00:00,79,22,2,127,0,11.7,2.6,0.0,0,0,1,0,0,0,0,1,0,0
2023-10-14 18:00:00,342,19,1,811,0,11.7,2.6,0.0,0,0,1,0,0,0,0,1,0,0
2023-10-14 23:00:00,95,0,1,322,0,11.7,2.6,0.0,0,0,1,0,0,0,0,1,0,0
2023-10-14 00:00:00,64,1,1,268,0,11.7,2.6,0.0,0,0,1,0,0,0,0,1,0,0
2023-10-14 06:00:00,61,7,1,63,0,11.7,2.6,0.0,0,0,1,0,0,0,0,1,0,0
2023-10-14 04:00:00,49,5,1,52,0,11.7,2.6,0.0,0,0,1,0,0,0,0,1,0,0
2023-10-15 15:00:00,419,16,5,791,0,11.5,1.1,0.2,0,0,0,1,0,0,0,1,0,0
2023-10-15 20:00:00,149,21,5,289,0,11.5,1.1,0.2,0,0,0,1,0,0,0,1,0,0
2023-10-15 08:00:00,114,9,5,174,0,11.5,1.1,0.2,0,0,0,1,0,0,0,1,0,0
2023-10-14 07:00:00,133,8,0,244,0,11.7,2.6,0.0,0,0,1,0,0,0,0,1,0,0
2023-10-14 03:00:00,85,4,0,404,0,11.7,2.6,0.0,0,0,1,0,0,0,0,1,0,0
2023-10-15 14:00:00,401,15,4,798,0,11.5,1.1,0.2,0,0,0,1,0,0,0,1,0,0
2023-10-15 16:00:00,267,17,9,583,0,11.5,1.1,0.2,0,0,0,1,0,0,0,1,0,0
2023-10-15 13:00:00,341,14,7,757,0,11.5,1.1,0.2,0,0,0,1,0,0,0,1,0,0
2023-10-15 18:00:00,192,19,6,587,0,11.5,1.1,0.2,0,0,0,1,0,0,0,1,0,0
2023-10-15 19:00:00,192,20,3,578,0,11.5,1.1,0.2,0,0,0,1,0,0,0,1,0,0
2023-10-15 01:00:00,80,2,3,280,0,11.5,1.1,0.2,0,0,0,1,0,0,0,1,0,0
2023-10-15 00:00:00,71,1,3,314,0,11.5,1.1,0.2,0,0,0,1,0,0,0,1,0,0
2023-10-13 03:00:00,36,4,0,33,0,10.8,5.5,0.0,1,0,0,0,0,0,0,1,0,0
2023-10-13 04:00:00,25,5,0,7,0,10.8,5.5,0.0,1,0,0,0,0,0,0,1,0,0
2023-10-15 12:00:00,326,13,2,602,0,11.5,1.1,0.2,0,0,0,1,0,0,0,1,0,0
2023-10-15 17:00:00,311,18,2,619,0,11.5,1.1,0.2,0,0,0,1,0,0,0,1,0,0
2023-10-15 11:00:00,276,12,2,603,0,11.5,1.1,0.2,0,0,0,1,0,0,0,1,0,0
2023-10-15 03:00:00,86,4,2,469,0,11.5,1.1,0.2,0,0,0,1,0,0,0,1,0,0
2023-10-15 06:00:00,16,7,2,23,0,11.5,1.1,0.2,0,0,0,1,0,0,0,1,0,0
2023-10-14 10:00:00,424,11,8,1427,0,11.7,2.6,0.0,0,0,1,0,0,0,0,1,0,0
2023-10-15 10:00:00,247,11,1,369,0,11.5,1.1,0.2,0,0,0,1,0,0,0,1,0,0
2023-10-14 17:00:00,359,18,6,802,0,11.7,2.6,0.0,0,0,1,0,0,0,0,1,0,0
2023-10-15 09:00:00,149,10,1,290,0,11.5,1.1,0.2,0,0,0,1,0,0,0,1,0,0
2023-10-15 21:00:00,129,22,1,162,0,11.5,1.1,0.2,0,0,0,1,0,0,0,1,0,0
2023-10-15 22:00:00,82,23,1,168,0,11.5,1.1,0.2,0,0,0,1,0,0,0,1,0,0
2023-10-15 02:00:00,71,3,0,249,0,11.5,1.1,0.2,0,0,0,1,0,0,0,1,0,0
2023-10-15 07:00:00,68,8,0,206,0,11.5,1.1,0.2,0,0,0,1,0,0,0,1,0,0
2023-10-15 23:00:00,45,0,0,234,0,11.5,1.1,0.2,0,0,0,1,0,0,0,1,0,0
2023-10-14 13:00:00,519,14,5,1726,0,11.7,2.6,0.0,0,0,1,0,0,0,0,1,0,0
2023-10-14 19:00:00,104,20,5,282,0,11.7,2.6,0.0,0,0,1,0,0,0,0,1,0,0
2023-10-14 09:00:00,341,10,4,1065,0,11.7,2.6,0.0,0,0,1,0,0,0,0,1,0,0
2023-10-14 22:00:00,72,23,4,205,0,11.7,2.6,0.0,0,0,1,0,0,0,0,1,0,0
2023-10-14 15:00:00,613,16,3,858,0,11.7,2.6,0.0,0,0,1,0,0,0,0,1,0,0
2023-10-14 12:00:00,567,13,3,2021,0,11.7,2.6,0.0,0,0,1,0,0,0,0,1,0,0
2023-10-14 14:00:00,552,15,3,964,0,11.7,2.6,0.0,0,0,1,0,0,0,0,1,0,0
2023-10-14 16:00:00,391,17,3,1202,0,11.7,2.6,0.0,0,0,1,0,0,0,0,1,0,0
2023-10-14 08:00:00,269,9,3,591,0,11.7,2.6,0.0,0,0,1,0,0,0,0,1,0,0
2023-10-16 05:00:00,27,6,1,42,0,11.7,1.8,0.0,0,1,0,0,0,0,0,1,0,0
2023-10-16 23:00:00,23,0,1,48,0,11.7,1.8,0.0,0,1,0,0,0,0,0,1,0,0
2023-10-16 22:00:00,106,23,0,145,0,11.7,1.8,0.0,0,1,0,0,0,0,0,1,0,0
2023-10-16 02:00:00,52,3,0,223,0,11.7,1.8,0.0,0,1,0,0,0,0,0,1,0,0
2023-10-16 01:00:00,32,2,0,91,0,11.7,1.8,0.0,0,1,0,0,0,0,0,1,0,0
2023-10-16 03:00:00,20,4,0,14,0,11.7,1.8,0.0,0,1,0,0,0,0,0,1,0,0
2023-10-16 04:00:00,8,5,0,8,0,11.7,1.8,0.0,0,1,0,0,0,0,0,1,0,0
2023-10-15 04:00:00,21,5,0,38,0,11.5,1.1,0.2,0,0,0,1,0,0,0,1,0,0
2023-10-15 05:00:00,11,6,0,24,0,11.5,1.1,0.2,0,0,0,1,0,0,0,1,0,0
2023-10-17 21:00:00,121,22,0,171,0,12.9,-0.5,0.0,0,0,0,0,0,1,0,1,0,0
2023-10-17 22:00:00,105,23,0,122,0,12.9,-0.5,0.0,0,0,0,0,0,1,0,1,0,0
2023-10-17 12:00:00,502,13,7,1259,0,12.9,-0.5,0.0,0,0,0,0,0,1,0,1,0,0
2023-10-17 10:00:00,442,11,7,1125,0,12.9,-0.5,0.0,0,0,0,0,0,1,0,1,0,0
2023-10-17 14:00:00,521,15,6,1162,0,12.9,-0.5,0.0,0,0,0,0,0,1,0,1,0,0
2023-10-17 11:00:00,480,12,6,1152,0,12.9,-0.5,0.0,0,0,0,0,0,1,0,1,0,0
2023-10-17 15:00:00,436,16,6,1347,0,12.9,-0.5,0.0,0,0,0,0,0,1,0,1,0,0
2023-10-17 17:00:00,357,18,6,1638,0,12.9,-0.5,0.0,0,0,0,0,0,1,0,1,0,0
2023-10-17 16:00:00,423,17,5,1874,0,12.9,-0.5,0.0,0,0,0,0,0,1,0,1,0,0
2023-10-17 09:00:00,391,10,5,776,0,12.9,-0.5,0.0,0,0,0,0,0,1,0,1,0,0
2023-10-17 08:00:00,262,9,5,504,0,12.9,-0.5,0.0,0,0,0,0,0,1,0,1,0,0
2023-10-16 08:00:00,272,9,15,520,0,11.7,1.8,0.0,0,1,0,0,0,0,0,1,0,0
2023-10-16 14:00:00,491,15,12,636,0,11.7,1.8,0.0,0,1,0,0,0,0,0,1,0,0
2023-10-16 11:00:00,473,12,9,1238,0,11.7,1.8,0.0,0,1,0,0,0,0,0,1,0,0
2023-10-16 09:00:00,380,10,8,702,0,11.7,1.8,0.0,0,1,0,0,0,0,0,1,0,0
2023-10-16 16:00:00,372,17,8,1868,0,11.7,1.8,0.0,0,1,0,0,0,0,0,1,0,0
2023-10-16 17:00:00,324,18,6,1606,0,11.7,1.8,0.0,0,1,0,0,0,0,0,1,0,0
2023-10-17 06:00:00,28,7,0,13,0,12.9,-0.5,0.0,0,0,0,0,0,1,0,1,0,0
2023-10-17 13:00:00,467,14,3,1410,0,12.9,-0.5,0.0,0,0,0,0,0,1,0,1,0,0
2023-10-17 18:00:00,329,19,2,650,0,12.9,-0.5,0.0,0,0,0,0,0,1,0,1,0,0
2023-10-17 19:00:00,245,20,1,335,0,12.9,-0.5,0.0,0,0,0,0,0,1,0,1,0,0
2023-10-17 20:00:00,139,21,1,313,0,12.9,-0.5,0.0,0,0,0,0,0,1,0,1,0,0
2023-10-17 07:00:00,49,8,1,18,0,12.9,-0.5,0.0,0,0,0,0,0,1,0,1,0,0
2023-10-17 23:00:00,25,0,1,46,0,12.9,-0.5,0.0,0,0,0,0,0,1,0,1,0,0
2023-10-17 00:00:00,23,1,1,50,0,12.9,-0.5,0.0,0,0,0,0,0,1,0,1,0,0
2023-10-17 01:00:00,8,2,0,2,0,12.9,-0.5,0.0,0,0,0,0,0,1,0,1,0,0
2023-10-17 02:00:00,4,3,0,5,0,12.9,-0.5,0.0,0,0,0,0,0,1,0,1,0,0
2023-10-16 13:00:00,449,14,5,1286,0,11.7,1.8,0.0,0,1,0,0,0,0,0,1,0,0
2023-10-17 04:00:00,3,5,0,0,0,12.9,-0.5,0.0,0,0,0,0,0,1,0,1,0,0
2023-10-16 12:00:00,443,13,5,1420,0,11.7,1.8,0.0,0,1,0,0,0,0,0,1,0,0
2023-10-17 05:00:00,1,6,0,1,0,12.9,-0.5,0.0,0,0,0,0,0,1,0,1,0,0
2023-10-17 03:00:00,1,4,0,0,0,12.9,-0.5,0.0,0,0,0,0,0,1,0,1,0,0
2023-10-16 18:00:00,319,19,4,749,0,11.7,1.8,0.0,0,1,0,0,0,0,0,1,0,0
2023-10-16 10:00:00,421,11,3,1068,0,11.7,1.8,0.0,0,1,0,0,0,0,0,1,0,0
2023-10-16 19:00:00,211,20,2,365,0,11.7,1.8,0.0,0,1,0,0,0,0,0,1,0,0
2023-10-16 06:00:00,37,7,2,50,0,11.7,1.8,0.0,0,1,0,0,0,0,0,1,0,0
2023-10-16 15:00:00,414,16,1,655,0,11.7,1.8,0.0,0,1,0,0,0,0,0,1,0,0
2023-10-16 20:00:00,170,21,1,355,0,11.7,1.8,0.0,0,1,0,0,0,0,0,1,0,0
2023-10-16 07:00:00,160,8,1,327,0,11.7,1.8,0.0,0,1,0,0,0,0,0,1,0,0
2023-10-16 21:00:00,129,22,1,213,0,11.7,1.8,0.0,0,1,0,0,0,0,0,1,0,0
2023-10-16 00:00:00,50,1,1,143,0,11.7,1.8,0.0,0,1,0,0,0,0,0,1,0,0
2023-10-18 18:00:00,359,19,4,468,0,11.7,4.0,15.5,0,0,0,0,0,0,1,1,0,0
2023-10-18 10:00:00,343,11,4,715,0,11.7,4.0,15.5,0,0,0,0,0,0,1,1,0,0
2023-10-19 14:00:00,180,15,0,404,0,9.1,9.6,89.1,0,0,0,0,1,0,0,1,0,0
2023-10-19 13:00:00,161,14,0,373,0,9.1,9.6,89.1,0,0,0,0,1,0,0,1,0,0
2023-10-18 22:00:00,124,23,0,178,0,11.7,4.0,15.5,0,0,0,0,0,0,1,1,0,0
2023-10-18 21:00:00,136,22,4,190,0,11.7,4.0,15.5,0,0,0,0,0,0,1,1,0,0
2023-10-19 20:00:00,139,21,0,66,0,9.1,9.6,89.1,0,0,0,0,1,0,0,1,0,0
2023-10-18 07:00:00,112,8,0,460,0,11.7,4.0,15.5,0,0,0,0,0,0,1,1,0,0
2023-10-19 21:00:00,112,22,0,91,0,9.1,9.6,89.1,0,0,0,0,1,0,0,1,0,0
2023-10-19 16:00:00,413,17,3,283,0,9.1,9.6,89.1,0,0,0,0,1,0,0,1,0,0
2023-10-19 23:00:00,68,0,0,20,0,9.1,9.6,89.1,0,0,0,0,1,0,0,1,0,0
2023-10-19 22:00:00,66,23,0,26,0,9.1,9.6,89.1,0,0,0,0,1,0,0,1,0,0
2023-10-19 02:00:00,33,3,0,111,0,9.1,9.6,89.1,0,0,0,0,1,0,0,1,0,0
2023-10-19 00:00:00,28,1,0,81,0,9.1,9.6,89.1,0,0,0,0,1,0,0,1,0,0
2023-10-19 03:00:00,17,4,0,33,0,9.1,9.6,89.1,0,0,0,0,1,0,0,1,0,0
2023-10-19 04:00:00,10,5,0,7,0,9.1,9.6,89.1,0,0,0,0,1,0,0,1,0,0
2023-10-18 14:00:00,527,15,15,983,0,11.7,4.0,15.5,0,0,0,0,0,0,1,1,0,0
2023-10-18 05:00:00,43,6,0,30,0,11.7,4.0,15.5,0,0,0,0,0,0,1,1,0,0
2023-10-18 19:00:00,236,20,2,289,0,11.7,4.0,15.5,0,0,0,0,0,0,1,1,0,0
2023-10-18 20:00:00,158,21,1,273,0,11.7,4.0,15.5,0,0,0,0,0,0,1,1,0,0
2023-10-18 23:00:00,107,0,1,138,0,11.7,4.0,15.5,0,0,0,0,0,0,1,1,0,0
2023-10-18 06:00:00,85,7,1,45,0,11.7,4.0,15.5,0,0,0,0,0,0,1,1,0,0
2023-10-18 01:00:00,17,2,1,15,0,11.7,4.0,15.5,0,0,0,0,0,0,1,1,0,0
2023-10-18 00:00:00,13,1,1,47,0,11.7,4.0,15.5,0,0,0,0,0,0,1,1,0,0
2023-10-18 04:00:00,25,5,0,11,0,11.7,4.0,15.5,0,0,0,0,0,0,1,1,0,0
2023-10-18 03:00:00,18,4,0,15,0,11.7,4.0,15.5,0,0,0,0,0,0,1,1,0,0
2023-10-18 02:00:00,12,3,0,16,0,11.7,4.0,15.5,0,0,0,0,0,0,1,1,0,0
2023-10-18 16:00:00,409,17,13,1114,0,11.7,4.0,15.5,0,0,0,0,0,0,1,1,0,0
2023-10-18 09:00:00,210,10,12,717,0,11.7,4.0,15.5,0,0,0,0,0,0,1,1,0,0
2023-10-18 12:00:00,409,13,6,1039,0,11.7,4.0,15.5,0,0,0,0,0,0,1,1,0,0
2023-10-18 13:00:00,444,14,5,1029,0,11.7,4.0,15.5,0,0,0,0,0,0,1,1,0,0
2023-10-18 08:00:00,170,9,5,729,0,11.7,4.0,15.5,0,0,0,0,0,0,1,1,0,0
2023-10-18 11:00:00,403,12,4,1017,0,11.7,4.0,15.5,0,0,0,0,0,0,1,1,0,0
2023-10-19 06:00:00,33,7,2,49,0,9.1,9.6,89.1,0,0,0,0,1,0,0,1,0,0
2023-10-19 09:00:00,329,10,1,448,0,9.1,9.6,89.1,0,0,0,0,1,0,0,1,0,0
2023-10-19 15:00:00,282,16,1,275,0,9.1,9.6,89.1,0,0,0,0,1,0,0,1,0,0
2023-10-19 18:00:00,236,19,1,106,0,9.1,9.6,89.1,0,0,0,0,1,0,0,1,0,0
2023-10-19 11:00:00,173,12,1,412,0,9.1,9.6,89.1,0,0,0,0,1,0,0,1,0,0
2023-10-19 12:00:00,162,13,1,372,0,9.1,9.6,89.1,0,0,0,0,1,0,0,1,0,0
2023-10-19 07:00:00,158,8,1,254,0,9.1,9.6,89.1,0,0,0,0,1,0,0,1,0,0
2023-10-19 01:00:00,37,2,1,34,0,9.1,9.6,89.1,0,0,0,0,1,0,0,1,0,0
2023-10-19 05:00:00,20,6,1,45,0,9.1,9.6,89.1,0,0,0,0,1,0,0,1,0,0
2023-10-19 17:00:00,337,18,0,201,0,9.1,9.6,89.1,0,0,0,0,1,0,0,1,0,0
2023-10-19 10:00:00,324,11,0,467,0,9.1,9.6,89.1,0,0,0,0,1,0,0,1,0,0
2023-10-19 08:00:00,290,9,0,505,0,9.1,9.6,89.1,0,0,0,0,1,0,0,1,0,0
2023-10-19 19:00:00,186,20,0,71,0,9.1,9.6,89.1,0,0,0,0,1,0,0,1,0,0
2023-10-18 17:00:00,402,18,17,1091,0,11.7,4.0,15.5,0,0,0,0,0,0,1,1,0,0
2023-10-18 15:00:00,331,16,17,630,0,11.7,4.0,15.5,0,0,0,0,0,0,1,1,0,0
2023-10-22 09:00:00,37,10,23,174,0,10.8,1.0,0.0,0,0,0,1,0,0,0,1,0,0
2023-10-22 13:00:00,124,14,16,497,0,10.8,1.0,0.0,0,0,0,1,0,0,0,1,0,0
2023-10-21 22:00:00,88,23,0,187,0,12.8,5.9,1.0,0,0,1,0,0,0,0,1,0,0
2023-10-21 15:00:00,497,16,5,1731,0,12.8,5.9,1.0,0,0,1,0,0,0,0,1,0,0
2023-10-21 14:00:00,440,15,5,2031,0,12.8,5.9,1.0,0,0,1,0,0,0,0,1,0,0
2023-10-21 12:00:00,419,13,5,1539,0,12.8,5.9,1.0,0,0,1,0,0,0,0,1,0,0
2023-10-21 21:00:00,72,22,3,136,0,12.8,5.9,1.0,0,0,1,0,0,0,0,1,0,0
2023-10-21 08:00:00,68,9,3,179,0,12.8,5.9,1.0,0,0,1,0,0,0,0,1,0,0
2023-10-21 20:00:00,77,21,0,104,0,12.8,5.9,1.0,0,0,1,0,0,0,0,1,0,0
2023-10-21 01:00:00,74,2,0,152,0,12.8,5.9,1.0,0,0,1,0,0,0,0,1,0,0
2023-10-21 02:00:00,73,3,0,144,0,12.8,5.9,1.0,0,0,1,0,0,0,0,1,0,0
2023-10-21 03:00:00,64,4,0,177,0,12.8,5.9,1.0,0,0,1,0,0,0,0,1,0,0
2023-10-21 07:00:00,31,8,0,64,0,12.8,5.9,1.0,0,0,1,0,0,0,0,1,0,0
2023-10-21 04:00:00,17,5,0,10,0,12.8,5.9,1.0,0,0,1,0,0,0,0,1,0,0
2023-10-22 10:00:00,105,11,14,241,0,10.8,1.0,0.0,0,0,0,1,0,0,0,1,0,0
2023-10-22 16:00:00,245,17,11,389,0,10.8,1.0,0.0,0,0,0,1,0,0,0,1,0,0
2023-10-22 14:00:00,214,15,8,462,0,10.8,1.0,0.0,0,0,0,1,0,0,0,1,0,0
2023-10-22 11:00:00,80,12,8,350,0,10.8,1.0,0.0,0,0,0,1,0,0,0,1,0,0
2023-10-22 12:00:00,121,13,7,437,0,10.8,1.0,0.0,0,0,0,1,0,0,0,1,0,0
2023-10-22 07:00:00,15,8,7,77,0,10.8,1.0,0.0,0,0,0,1,0,0,0,1,0,0
2023-10-22 02:00:00,59,3,4,321,0,10.8,1.0,0.0,0,0,0,1,0,0,0,1,0,0
2023-10-22 21:00:00,54,22,4,95,0,10.8,1.0,0.0,0,0,0,1,0,0,0,1,0,0
2023-10-22 15:00:00,267,16,3,504,0,10.8,1.0,0.0,0,0,0,1,0,0,0,1,0,0
2023-10-22 20:00:00,154,21,3,392,0,10.8,1.0,0.0,0,0,0,1,0,0,0,1,0,0
2023-10-22 22:00:00,53,23,3,121,0,10.8,1.0,0.0,0,0,0,1,0,0,0,1,0,0
2023-10-22 00:00:00,80,1,2,355,0,10.8,1.0,0.0,0,0,0,1,0,0,0,1,0,0
2023-10-22 23:00:00,43,0,2,190,0,10.8,1.0,0.0,0,0,0,1,0,0,0,1,0,0
2023-10-22 04:00:00,21,5,2,41,0,10.8,1.0,0.0,0,0,0,1,0,0,0,1,0,0
2023-10-22 17:00:00,205,18,1,296,0,10.8,1.0,0.0,0,0,0,1,0,0,0,1,0,0
2023-10-22 05:00:00,5,6,1,10,0,10.8,1.0,0.0,0,0,0,1,0,0,0,1,0,0
2023-10-22 19:00:00,194,20,0,615,0,10.8,1.0,0.0,0,0,0,1,0,0,0,1,0,0
2023-10-22 18:00:00,173,19,0,445,0,10.8,1.0,0.0,0,0,0,1,0,0,0,1,0,0
2023-10-20 13:00:00,364,14,0,994,0,9.6,7.3,23.4,1,0,0,0,0,0,0,1,0,0
2023-10-20 11:00:00,333,12,0,635,0,9.6,7.3,23.4,1,0,0,0,0,0,0,1,0,0
2023-10-20 09:00:00,249,10,0,309,0,9.6,7.3,23.4,1,0,0,0,0,0,0,1,0,0
2023-10-20 21:00:00,228,22,0,122,0,9.6,7.3,23.4,1,0,0,0,0,0,0,1,0,0
2023-10-20 22:00:00,172,23,0,93,0,9.6,7.3,23.4,1,0,0,0,0,0,0,1,0,0
2023-10-20 07:00:00,122,8,0,51,0,9.6,7.3,23.4,1,0,0,0,0,0,0,1,0,0
2023-10-20 06:00:00,80,7,0,20,0,9.6,7.3,23.4,1,0,0,0,0,0,0,1,0,0
2023-10-20 00:00:00,46,1,0,16,0,9.6,7.3,23.4,1,0,0,0,0,0,0,1,0,0
2023-10-20 05:00:00,40,6,0,23,0,9.6,7.3,23.4,1,0,0,0,0,0,0,1,0,0
2023-10-20 01:00:00,38,2,0,10,0,9.6,7.3,23.4,1,0,0,0,0,0,0,1,0,0
2023-10-20 02:00:00,32,3,0,5,0,9.6,7.3,23.4,1,0,0,0,0,0,0,1,0,0
2023-10-20 03:00:00,12,4,0,1,0,9.6,7.3,23.4,1,0,0,0,0,0,0,1,0,0
2023-10-20 04:00:00,7,5,0,2,0,9.6,7.3,23.4,1,0,0,0,0,0,0,1,0,0
2023-10-21 16:00:00,364,17,2,1464,0,12.8,5.9,1.0,0,0,1,0,0,0,0,1,0,0
2023-10-21 18:00:00,280,19,2,506,0,12.8,5.9,1.0,0,0,1,0,0,0,0,1,0,0
2023-10-21 10:00:00,130,11,2,347,0,12.8,5.9,1.0,0,0,1,0,0,0,0,1,0,0
2023-10-21 23:00:00,84,0,2,311,0,12.8,5.9,1.0,0,0,1,0,0,0,0,1,0,0
2023-10-21 13:00:00,445,14,1,1976,0,12.8,5.9,1.0,0,0,1,0,0,0,0,1,0,0
2023-10-21 17:00:00,375,18,1,1221,0,12.8,5.9,1.0,0,0,1,0,0,0,0,1,0,0
2023-10-21 11:00:00,371,12,1,1193,0,12.8,5.9,1.0,0,0,1,0,0,0,0,1,0,0
2023-10-21 19:00:00,237,20,1,266,0,12.8,5.9,1.0,0,0,1,0,0,0,0,1,0,0
2023-10-21 00:00:00,88,1,1,175,0,12.8,5.9,1.0,0,0,1,0,0,0,0,1,0,0
2023-10-21 09:00:00,84,10,1,227,0,12.8,5.9,1.0,0,0,1,0,0,0,0,1,0,0
2023-10-21 06:00:00,17,7,1,55,0,12.8,5.9,1.0,0,0,1,0,0,0,0,1,0,0
2023-10-21 05:00:00,15,6,1,10,0,12.8,5.9,1.0,0,0,1,0,0,0,0,1,0,0
2023-10-20 16:00:00,346,17,7,604,0,9.6,7.3,23.4,1,0,0,0,0,0,0,1,0,0
2023-10-20 14:00:00,402,15,4,1003,0,9.6,7.3,23.4,1,0,0,0,0,0,0,1,0,0
2023-10-20 10:00:00,311,11,3,525,0,9.6,7.3,23.4,1,0,0,0,0,0,0,1,0,0
2023-10-20 17:00:00,305,18,3,474,0,9.6,7.3,23.4,1,0,0,0,0,0,0,1,0,0
2023-10-20 18:00:00,294,19,3,205,0,9.6,7.3,23.4,1,0,0,0,0,0,0,1,0,0
2023-10-20 12:00:00,377,13,1,923,0,9.6,7.3,23.4,1,0,0,0,0,0,0,1,0,0
2023-10-20 15:00:00,355,16,1,899,0,9.6,7.3,23.4,1,0,0,0,0,0,0,1,0,0
2023-10-20 19:00:00,281,20,1,168,0,9.6,7.3,23.4,1,0,0,0,0,0,0,1,0,0
2023-10-20 08:00:00,200,9,1,127,0,9.6,7.3,23.4,1,0,0,0,0,0,0,1,0,0
2023-10-20 20:00:00,194,21,1,135,0,9.6,7.3,23.4,1,0,0,0,0,0,0,1,0,0
2023-10-20 23:00:00,124,0,1,167,0,9.6,7.3,23.4,1,0,0,0,0,0,0,1,0,0
2023-10-23 09:00:00,371,10,16,638,0,11.1,-1.0,4.5,0,1,0,0,0,0,0,1,0,0
2023-10-23 16:00:00,391,17,14,1080,0,11.1,-1.0,4.5,0,1,0,0,0,0,0,1,0,0
2023-10-23 15:00:00,507,16,12,1054,0,11.1,-1.0,4.5,0,1,0,0,0,0,0,1,0,0
2023-10-23 14:00:00,506,15,9,1052,0,11.1,-1.0,4.5,0,1,0,0,0,0,0,1,0,0
2023-10-23 10:00:00,403,11,8,835,0,11.1,-1.0,4.5,0,1,0,0,0,0,0,1,0,0
2023-10-23 13:00:00,420,14,7,969,0,11.1,-1.0,4.5,0,1,0,0,0,0,0,1,0,0
2023-10-23 07:00:00,188,8,7,283,0,11.1,-1.0,4.5,0,1,0,0,0,0,0,1,0,0
2023-10-23 17:00:00,324,18,6,866,0,11.1,-1.0,4.5,0,1,0,0,0,0,0,1,0,0
2023-10-24 16:00:00,324,17,13,960,0,9.9,3.2,0.9,0,0,0,0,0,1,0,1,0,0
2023-10-24 17:00:00,255,18,12,824,0,9.9,3.2,0.9,0,0,0,0,0,1,0,1,0,0
2023-10-24 18:00:00,268,19,11,640,0,9.9,3.2,0.9,0,0,0,0,0,1,0,1,0,0
2023-10-24 12:00:00,209,13,9,437,0,9.9,3.2,0.9,0,0,0,0,0,1,0,1,0,0
2023-10-24 14:00:00,478,15,6,1519,0,9.9,3.2,0.9,0,0,0,0,0,1,0,1,0,0
2023-10-24 09:00:00,305,10,5,612,0,9.9,3.2,0.9,0,0,0,0,0,1,0,1,0,0
2023-10-24 13:00:00,474,14,4,929,0,9.9,3.2,0.9,0,0,0,0,0,1,0,1,0,0
2023-10-24 15:00:00,460,16,4,1562,0,9.9,3.2,0.9,0,0,0,0,0,1,0,1,0,0
2023-10-24 11:00:00,205,12,4,396,0,9.9,3.2,0.9,0,0,0,0,0,1,0,1,0,0
2023-10-24 10:00:00,387,11,3,1235,0,9.9,3.2,0.9,0,0,0,0,0,1,0,1,0,0
2023-10-24 19:00:00,216,20,3,387,0,9.9,3.2,0.9,0,0,0,0,0,1,0,1,0,0
2023-10-24 20:00:00,176,21,3,271,0,9.9,3.2,0.9,0,0,0,0,0,1,0,1,0,0
2023-10-24 00:00:00,60,1,3,97,0,9.9,3.2,0.9,0,0,0,0,0,1,0,1,0,0
2023-10-24 08:00:00,288,9,2,675,0,9.9,3.2,0.9,0,0,0,0,0,1,0,1,0,0
2023-10-24 07:00:00,217,8,1,203,0,9.9,3.2,0.9,0,0,0,0,0,1,0,1,0,0
2023-10-24 06:00:00,118,7,1,103,0,9.9,3.2,0.9,0,0,0,0,0,1,0,1,0,0
2023-10-24 22:00:00,111,23,1,138,0,9.9,3.2,0.9,0,0,0,0,0,1,0,1,0,0
2023-10-24 21:00:00,135,22,0,167,0,9.9,3.2,0.9,0,0,0,0,0,1,0,1,0,0
2023-10-24 23:00:00,71,0,0,81,0,9.9,3.2,0.9,0,0,0,0,0,1,0,1,0,0
2023-10-24 05:00:00,63,6,0,32,0,9.9,3.2,0.9,0,0,0,0,0,1,0,1,0,0
2023-10-23 19:00:00,254,20,0,298,0,11.1,-1.0,4.5,0,1,0,0,0,0,0,1,0,0
2023-10-23 05:00:00,67,6,0,42,0,11.1,-1.0,4.5,0,1,0,0,0,0,0,1,0,0
2023-10-23 23:00:00,62,0,0,99,0,11.1,-1.0,4.5,0,1,0,0,0,0,0,1,0,0
2023-10-24 02:00:00,60,3,0,42,0,9.9,3.2,0.9,0,0,0,0,0,1,0,1,0,0
2023-10-23 03:00:00,42,4,0,35,0,11.1,-1.0,4.5,0,1,0,0,0,0,0,1,0,0
2023-10-23 00:00:00,41,1,0,223,0,11.1,-1.0,4.5,0,1,0,0,0,0,0,1,0,0
2023-10-23 04:00:00,22,5,0,10,0,11.1,-1.0,4.5,0,1,0,0,0,0,0,1,0,0
2023-10-23 01:00:00,20,2,0,81,0,11.1,-1.0,4.5,0,1,0,0,0,0,0,1,0,0
2023-10-24 01:00:00,38,2,0,33,0,9.9,3.2,0.9,0,0,0,0,0,1,0,1,0,0
2023-10-24 03:00:00,17,4,0,38,0,9.9,3.2,0.9,0,0,0,0,0,1,0,1,0,0
2023-10-24 04:00:00,9,5,0,2,0,9.9,3.2,0.9,0,0,0,0,0,1,0,1,0,0
2023-10-22 03:00:00,107,4,0,349,0,10.8,1.0,0.0,0,0,0,1,0,0,0,1,0,0
2023-10-22 01:00:00,74,2,0,295,0,10.8,1.0,0.0,0,0,0,1,0,0,0,1,0,0
2023-10-22 08:00:00,19,9,0,131,0,10.8,1.0,0.0,0,0,0,1,0,0,0,1,0,0
2023-10-22 06:00:00,12,7,0,27,0,10.8,1.0,0.0,0,0,0,1,0,0,0,1,0,0
2023-10-23 12:00:00,493,13,4,940,0,11.1,-1.0,4.5,0,1,0,0,0,0,0,1,0,0
2023-10-23 11:00:00,458,12,3,926,0,11.1,-1.0,4.5,0,1,0,0,0,0,0,1,0,0
2023-10-23 18:00:00,322,19,3,433,0,11.1,-1.0,4.5,0,1,0,0,0,0,0,1,0,0
2023-10-23 20:00:00,152,21,3,281,0,11.1,-1.0,4.5,0,1,0,0,0,0,0,1,0,0
2023-10-23 21:00:00,59,22,3,128,0,11.1,-1.0,4.5,0,1,0,0,0,0,0,1,0,0
2023-10-23 08:00:00,278,9,2,421,0,11.1,-1.0,4.5,0,1,0,0,0,0,0,1,0,0
2023-10-23 22:00:00,113,23,2,157,0,11.1,-1.0,4.5,0,1,0,0,0,0,0,1,0,0
2023-10-23 06:00:00,87,7,2,111,0,11.1,-1.0,4.5,0,1,0,0,0,0,0,1,0,0
2023-10-23 02:00:00,84,3,2,270,0,11.1,-1.0,4.5,0,1,0,0,0,0,0,1,0,0
2023-10-25 07:00:00,205,8,1,217,0,11.2,4.9,2.1,0,0,0,0,0,0,1,1,0,0
2023-10-25 18:00:00,156,19,1,265,0,11.2,4.9,2.1,0,0,0,0,0,0,1,1,0,0
2023-10-25 19:00:00,91,20,1,199,0,11.2,4.9,2.1,0,0,0,0,0,0,1,1,0,0
2023-10-25 22:00:00,48,23,1,170,0,11.2,4.9,2.1,0,0,0,0,0,0,1,1,0,0
2023-10-25 23:00:00,91,0,0,180,0,11.2,4.9,2.1,0,0,0,0,0,0,1,1,0,0
2023-10-25 06:00:00,81,7,0,76,0,11.2,4.9,2.1,0,0,0,0,0,0,1,1,0,0
2023-10-25 20:00:00,48,21,0,83,0,11.2,4.9,2.1,0,0,0,0,0,0,1,1,0,0
2023-10-25 05:00:00,34,6,0,49,0,11.2,4.9,2.1,0,0,0,0,0,0,1,1,0,0
2023-10-25 21:00:00,27,22,0,105,0,11.2,4.9,2.1,0,0,0,0,0,0,1,1,0,0
2023-10-25 03:00:00,25,4,0,7,0,11.2,4.9,2.1,0,0,0,0,0,0,1,1,0,0
2023-10-25 02:00:00,24,3,0,9,0,11.2,4.9,2.1,0,0,0,0,0,0,1,1,0,0
2023-10-26 01:00:00,3,2,0,4,0,10.9,5.9,29.4,0,0,0,0,1,0,0,1,0,0
2023-10-26 10:00:00,499,11,3,1432,0,10.9,5.9,29.4,0,0,0,0,1,0,0,1,0,0
2023-10-26 07:00:00,180,8,3,314,0,10.9,5.9,29.4,0,0,0,0,1,0,0,1,0,0
2023-10-26 04:00:00,11,5,2,5,0,10.9,5.9,29.4,0,0,0,0,1,0,0,1,0,0
2023-10-26 13:00:00,641,14,1,1458,0,10.9,5.9,29.4,0,0,0,0,1,0,0,1,0,0
2023-10-26 12:00:00,576,13,1,1626,0,10.9,5.9,29.4,0,0,0,0,1,0,0,1,0,0
2023-10-26 17:00:00,430,18,1,397,0,10.9,5.9,29.4,0,0,0,0,1,0,0,1,0,0
2023-10-26 08:00:00,338,9,1,601,0,10.9,5.9,29.4,0,0,0,0,1,0,0,1,0,0
2023-10-26 18:00:00,327,19,1,125,0,10.9,5.9,29.4,0,0,0,0,1,0,0,1,0,0
2023-10-26 21:00:00,147,22,1,101,0,10.9,5.9,29.4,0,0,0,0,1,0,0,1,0,0
2023-10-26 15:00:00,551,16,6,1144,0,10.9,5.9,29.4,0,0,0,0,1,0,0,1,0,0
2023-10-26 16:00:00,494,17,5,1258,0,10.9,5.9,29.4,0,0,0,0,1,0,0,1,0,0
2023-10-26 14:00:00,682,15,4,1140,0,10.9,5.9,29.4,0,0,0,0,1,0,0,1,0,0
2023-10-26 09:00:00,427,10,4,1017,0,10.9,5.9,29.4,0,0,0,0,1,0,0,1,0,0
2023-10-25 04:00:00,5,5,0,12,0,11.2,4.9,2.1,0,0,0,0,0,0,1,1,0,0
2023-10-25 16:00:00,208,17,9,515,0,11.2,4.9,2.1,0,0,0,0,0,0,1,1,0,0
2023-10-25 13:00:00,541,14,6,1548,0,11.2,4.9,2.1,0,0,0,0,0,0,1,1,0,0
2023-10-25 11:00:00,486,12,6,1345,0,11.2,4.9,2.1,0,0,0,0,0,0,1,1,0,0
2023-10-26 11:00:00,504,12,0,1526,0,10.9,5.9,29.4,0,0,0,0,1,0,0,1,0,0
2023-10-26 22:00:00,147,23,0,146,0,10.9,5.9,29.4,0,0,0,0,1,0,0,1,0,0
2023-10-26 06:00:00,86,7,0,105,0,10.9,5.9,29.4,0,0,0,0,1,0,0,1,0,0
2023-10-26 23:00:00,71,0,0,82,0,10.9,5.9,29.4,0,0,0,0,1,0,0,1,0,0
2023-10-26 19:00:00,58,20,0,462,0,10.9,5.9,29.4,0,0,0,0,1,0,0,1,0,0
2023-10-26 05:00:00,57,6,0,44,0,10.9,5.9,29.4,0,0,0,0,1,0,0,1,0,0
2023-10-26 20:00:00,46,21,0,242,0,10.9,5.9,29.4,0,0,0,0,1,0,0,1,0,0
2023-10-26 00:00:00,15,1,0,26,0,10.9,5.9,29.4,0,0,0,0,1,0,0,1,0,0
2023-10-26 02:00:00,14,3,0,109,0,10.9,5.9,29.4,0,0,0,0,1,0,0,1,0,0
2023-10-26 03:00:00,12,4,0,13,0,10.9,5.9,29.4,0,0,0,0,1,0,0,1,0,0
2023-10-25 17:00:00,184,18,6,425,0,11.2,4.9,2.1,0,0,0,0,0,0,1,1,0,0
2023-10-25 15:00:00,167,16,6,490,0,11.2,4.9,2.1,0,0,0,0,0,0,1,1,0,0
2023-10-25 14:00:00,354,15,5,865,0,11.2,4.9,2.1,0,0,0,0,0,0,1,1,0,0
2023-10-25 12:00:00,541,13,4,1428,0,11.2,4.9,2.1,0,0,0,0,0,0,1,1,0,0
2023-10-25 10:00:00,406,11,4,1045,0,11.2,4.9,2.1,0,0,0,0,0,0,1,1,0,0
2023-10-25 09:00:00,359,10,4,700,0,11.2,4.9,2.1,0,0,0,0,0,0,1,1,0,0
2023-10-25 00:00:00,28,1,3,36,0,11.2,4.9,2.1,0,0,0,0,0,0,1,1,0,0
2023-10-25 01:00:00,18,2,3,12,0,11.2,4.9,2.1,0,0,0,0,0,0,1,1,0,0
2023-10-25 08:00:00,284,9,1,517,0,11.2,4.9,2.1,0,0,0,0,0,0,1,1,0,0
2023-10-27 11:00:00,463,12,0,694,0,11.2,7.2,16.5,1,0,0,0,0,0,0,1,0,0
2023-10-27 19:00:00,187,20,0,371,0,11.2,7.2,16.5,1,0,0,0,0,0,0,1,0,0
2023-10-27 07:00:00,172,8,0,326,0,11.2,7.2,16.5,1,0,0,0,0,0,0,1,0,0
2023-10-27 20:00:00,165,21,0,337,0,11.2,7.2,16.5,1,0,0,0,0,0,0,1,0,0
2023-10-27 22:00:00,118,23,0,160,0,11.2,7.2,16.5,1,0,0,0,0,0,0,1,0,0
2023-10-27 06:00:00,97,7,0,107,0,11.2,7.2,16.5,1,0,0,0,0,0,0,1,0,0
2023-10-27 03:00:00,20,4,0,12,0,11.2,7.2,16.5,1,0,0,0,0,0,0,1,0,0
2023-10-27 02:00:00,19,3,0,132,0,11.2,7.2,16.5,1,0,0,0,0,0,0,1,0,0
2023-10-27 01:00:00,19,2,0,98,0,11.2,7.2,16.5,1,0,0,0,0,0,0,1,0,0
2023-10-27 04:00:00,9,5,0,5,0,11.2,7.2,16.5,1,0,0,0,0,0,0,1,0,0
2023-10-28 07:00:00,124,8,2,51,0,11.6,9.0,7.9,0,0,1,0,0,0,0,1,0,0
2023-10-28 21:00:00,88,22,2,229,0,11.6,9.0,7.9,0,0,1,0,0,0,0,1,0,0
2023-10-28 19:00:00,88,20,2,218,0,11.6,9.0,7.9,0,0,1,0,0,0,0,1,0,0
2023-10-28 06:00:00,55,7,2,31,0,11.6,9.0,7.9,0,0,1,0,0,0,0,1,0,0
2023-10-28 08:00:00,270,9,1,195,0,11.6,9.0,7.9,0,0,1,0,0,0,0,1,0,0
2023-10-28 23:00:00,120,0,1,219,0,11.6,9.0,7.9,0,0,1,0,0,0,0,1,0,0
2023-10-28 20:00:00,85,21,1,272,0,11.6,9.0,7.9,0,0,1,0,0,0,0,1,0,0
2023-10-28 00:00:00,62,1,1,258,0,11.6,9.0,7.9,0,0,1,0,0,0,0,1,0,0
2023-10-28 03:00:00,55,4,1,247,0,11.6,9.0,7.9,0,0,1,0,0,0,0,1,0,0
2023-10-28 05:00:00,51,6,1,17,0,11.6,9.0,7.9,0,0,1,0,0,0,0,1,0,0
2023-10-29 10:00:00,187,11,5,487,0,9.9,9.5,6.1,0,0,0,1,0,0,0,1,0,0
2023-10-28 02:00:00,75,3,8,191,0,11.6,9.0,7.9,0,0,1,0,0,0,0,1,0,0
2023-10-28 17:00:00,554,18,7,975,0,11.6,9.0,7.9,0,0,1,0,0,0,0,1,0,0
2023-10-28 12:00:00,650,13,5,1036,0,11.6,9.0,7.9,0,0,1,0,0,0,0,1,0,0
2023-10-28 11:00:00,612,12,5,799,0,11.6,9.0,7.9,0,0,1,0,0,0,0,1,0,0
2023-10-28 15:00:00,602,16,5,1094,0,11.6,9.0,7.9,0,0,1,0,0,0,0,1,0,0
2023-10-28 13:00:00,658,14,4,1286,0,11.6,9.0,7.9,0,0,1,0,0,0,0,1,0,0
2023-10-28 16:00:00,558,17,4,1088,0,11.6,9.0,7.9,0,0,1,0,0,0,0,1,0,0
2023-10-28 09:00:00,354,10,4,500,0,11.6,9.0,7.9,0,0,1,0,0,0,0,1,0,0
2023-10-28 22:00:00,69,23,4,190,0,11.6,9.0,7.9,0,0,1,0,0,0,0,1,0,0
2023-10-28 01:00:00,82,2,3,177,0,11.6,9.0,7.9,0,0,1,0,0,0,0,1,0,0
2023-10-28 10:00:00,465,11,2,562,0,11.6,9.0,7.9,0,0,1,0,0,0,0,1,0,0
2023-10-28 14:00:00,373,15,2,923,0,11.6,9.0,7.9,0,0,1,0,0,0,0,1,0,0
2023-10-28 18:00:00,345,19,2,332,0,11.6,9.0,7.9,0,0,1,0,0,0,0,1,0,0
2023-10-28 04:00:00,10,5,0,21,0,11.6,9.0,7.9,0,0,1,0,0,0,0,1,0,0
2023-10-27 15:00:00,522,16,7,975,0,11.2,7.2,16.5,1,0,0,0,0,0,0,1,0,0
2023-10-27 16:00:00,728,17,3,1129,0,11.2,7.2,16.5,1,0,0,0,0,0,0,1,0,0
2023-10-27 12:00:00,419,13,3,780,0,11.2,7.2,16.5,1,0,0,0,0,0,0,1,0,0
2023-10-27 17:00:00,318,18,3,1255,0,11.2,7.2,16.5,1,0,0,0,0,0,0,1,0,0
2023-10-27 14:00:00,485,15,2,853,0,11.2,7.2,16.5,1,0,0,0,0,0,0,1,0,0
2023-10-27 13:00:00,430,14,2,739,0,11.2,7.2,16.5,1,0,0,0,0,0,0,1,0,0
2023-10-27 10:00:00,400,11,2,596,0,11.2,7.2,16.5,1,0,0,0,0,0,0,1,0,0
2023-10-27 09:00:00,398,10,1,603,0,11.2,7.2,16.5,1,0,0,0,0,0,0,1,0,0
2023-10-27 08:00:00,314,9,1,576,0,11.2,7.2,16.5,1,0,0,0,0,0,0,1,0,0
2023-10-27 18:00:00,232,19,1,776,0,11.2,7.2,16.5,1,0,0,0,0,0,0,1,0,0
2023-10-27 23:00:00,93,0,1,204,0,11.2,7.2,16.5,1,0,0,0,0,0,0,1,0,0
2023-10-27 21:00:00,92,22,1,168,0,11.2,7.2,16.5,1,0,0,0,0,0,0,1,0,0
2023-10-27 05:00:00,41,6,1,37,0,11.2,7.2,16.5,1,0,0,0,0,0,0,1,0,0
2023-10-27 00:00:00,31,1,1,81,0,11.2,7.2,16.5,1,0,0,0,0,0,0,1,0,0
2023-10-30 16:00:00,510,17,2,1764,0,9.6,5.6,0.0,0,1,0,0,0,0,0,0,1,0
2023-10-30 06:00:00,124,7,1,274,0,9.6,5.6,0.0,0,1,0,0,0,0,0,0,1,0
2023-10-30 08:00:00,343,9,11,541,0,9.6,5.6,0.0,0,1,0,0,0,0,0,0,1,0
2023-10-30 21:00:00,62,22,1,187,0,9.6,5.6,0.0,0,1,0,0,0,0,0,0,1,0
2023-10-30 22:00:00,61,23,1,159,0,9.6,5.6,0.0,0,1,0,0,0,0,0,0,1,0
2023-10-30 23:00:00,43,0,1,57,0,9.6,5.6,0.0,0,1,0,0,0,0,0,0,1,0
2023-10-29 05:00:00,32,6,1,18,0,9.9,9.5,6.1,0,0,0,1,0,0,0,1,0,0
2023-10-30 17:00:00,391,18,0,385,0,9.6,5.6,0.0,0,1,0,0,0,0,0,0,1,0
2023-10-31 08:00:00,1201,9,11,348,0,10.2,5.3,7.5,0,0,0,0,0,1,0,0,1,0
2023-10-29 09:00:00,122,10,3,272,0,9.9,9.5,6.1,0,0,0,1,0,0,0,1,0,0
2023-10-30 18:00:00,329,19,0,217,0,9.6,5.6,0.0,0,1,0,0,0,0,0,0,1,0
2023-10-30 19:00:00,157,20,0,397,0,9.6,5.6,0.0,0,1,0,0,0,0,0,0,1,0
2023-10-29 02:00:00,70,3,3,353,0,9.9,9.5,6.1,0,0,0,1,0,0,0,1,0,0
2023-10-30 20:00:00,82,21,0,364,0,9.6,5.6,0.0,0,1,0,0,0,0,0,0,1,0
2023-10-30 00:00:00,80,1,0,34,0,9.6,5.6,0.0,0,1,0,0,0,0,0,0,1,0
2023-10-29 14:00:00,362,15,0,573,0,9.9,9.5,6.1,0,0,0,1,0,0,0,1,0,0
2023-10-29 18:00:00,280,19,0,151,0,9.9,9.5,6.1,0,0,0,1,0,0,0,1,0,0
2023-10-29 19:00:00,246,20,0,158,0,9.9,9.5,6.1,0,0,0,1,0,0,0,1,0,0
2023-10-29 20:00:00,207,21,0,154,0,9.9,9.5,6.1,0,0,0,1,0,0,0,1,0,0
2023-10-29 08:00:00,160,9,0,234,0,9.9,9.5,6.1,0,0,0,1,0,0,0,1,0,0
2023-10-29 22:00:00,119,23,0,68,0,9.9,9.5,6.1,0,0,0,1,0,0,0,1,0,0
2023-10-29 23:00:00,87,0,0,68,0,9.9,9.5,6.1,0,0,0,1,0,0,0,1,0,0
2023-10-29 15:00:00,392,16,2,612,0,9.9,9.5,6.1,0,0,0,1,0,0,0,1,0,0
2023-10-29 11:00:00,253,12,2,541,0,9.9,9.5,6.1,0,0,0,1,0,0,0,1,0,0
2023-10-30 05:00:00,63,6,0,30,0,9.6,5.6,0.0,0,1,0,0,0,0,0,0,1,0
2023-10-29 01:00:00,163,2,2,170,0,9.9,9.5,6.1,0,0,0,1,0,0,0,1,0,0
2023-10-30 02:00:00,63,3,0,23,0,9.6,5.6,0.0,0,1,0,0,0,0,0,0,1,0
2023-10-30 03:00:00,52,4,0,22,0,9.6,5.6,0.0,0,1,0,0,0,0,0,0,1,0
2023-10-30 01:00:00,41,2,0,55,0,9.6,5.6,0.0,0,1,0,0,0,0,0,0,1,0
2023-10-30 04:00:00,33,5,0,10,0,9.6,5.6,0.0,0,1,0,0,0,0,0,0,1,0
2023-10-29 16:00:00,300,17,1,435,0,9.9,9.5,6.1,0,0,0,1,0,0,0,1,0,0
2023-10-29 13:00:00,279,14,1,539,0,9.9,9.5,6.1,0,0,0,1,0,0,0,1,0,0
2023-10-29 17:00:00,275,18,1,228,0,9.9,9.5,6.1,0,0,0,1,0,0,0,1,0,0
2023-10-29 12:00:00,252,13,1,499,0,9.9,9.5,6.1,0,0,0,1,0,0,0,1,0,0
2023-10-29 00:00:00,127,1,1,196,0,9.9,9.5,6.1,0,0,0,1,0,0,0,1,0,0
2023-10-29 07:00:00,97,8,1,153,0,9.9,9.5,6.1,0,0,0,1,0,0,0,1,0,0
2023-10-29 06:00:00,79,7,1,75,0,9.9,9.5,6.1,0,0,0,1,0,0,0,1,0,0
2023-10-29 21:00:00,77,22,1,111,0,9.9,9.5,6.1,0,0,0,1,0,0,0,1,0,0
2023-10-29 04:00:00,31,5,0,21,0,9.9,9.5,6.1,0,0,0,1,0,0,0,1,0,0
2023-10-29 03:00:00,23,4,0,37,0,9.9,9.5,6.1,0,0,0,1,0,0,0,1,0,0
2023-10-30 10:00:00,435,11,8,1356,0,9.6,5.6,0.0,0,1,0,0,0,0,0,0,1,0
2023-10-30 12:00:00,500,13,7,1859,0,9.6,5.6,0.0,0,1,0,0,0,0,0,0,1,0
2023-10-30 09:00:00,386,10,7,610,0,9.6,5.6,0.0,0,1,0,0,0,0,0,0,1,0
2023-10-30 14:00:00,502,15,6,1681,0,9.6,5.6,0.0,0,1,0,0,0,0,0,0,1,0
2023-10-30 13:00:00,484,14,5,1721,0,9.6,5.6,0.0,0,1,0,0,0,0,0,0,1,0
2023-10-30 15:00:00,429,16,5,2121,0,9.6,5.6,0.0,0,1,0,0,0,0,0,0,1,0
2023-10-30 11:00:00,498,12,4,1578,0,9.6,5.6,0.0,0,1,0,0,0,0,0,0,1,0
2023-10-30 07:00:00,218,8,4,336,0,9.6,5.6,0.0,0,1,0,0,0,0,0,0,1,0
2023-10-31 13:00:00,1301,14,1,449,0,10.2,5.3,7.5,0,0,0,0,0,1,0,0,1,0
2023-10-31 17:00:00,432,18,0,768,0,10.2,5.3,7.5,0,0,0,0,0,1,0,0,1,0
2023-10-31 19:00:00,283,20,0,298,0,10.2,5.3,7.5,0,0,0,0,0,1,0,0,1,0
2023-10-31 20:00:00,197,21,0,292,0,10.2,5.3,7.5,0,0,0,0,0,1,0,0,1,0
2023-10-31 21:00:00,183,22,0,197,0,10.2,5.3,7.5,0,0,0,0,0,1,0,0,1,0
2023-10-31 15:00:00,817,16,6,986,0,10.2,5.3,7.5,0,0,0,0,0,1,0,0,1,0
2023-10-31 14:00:00,1306,15,4,382,0,10.2,5.3,7.5,0,0,0,0,0,1,0,0,1,0
2023-10-31 16:00:00,517,17,4,1502,0,10.2,5.3,7.5,0,0,0,0,0,1,0,0,1,0
2023-10-31 11:00:00,1381,12,3,505,0,10.2,5.3,7.5,0,0,0,0,0,1,0,0,1,0
2023-10-31 18:00:00,365,19,3,449,0,10.2,5.3,7.5,0,0,0,0,0,1,0,0,1,0
2023-10-31 09:00:00,1399,10,2,372,0,10.2,5.3,7.5,0,0,0,0,0,1,0,0,1,0
2023-10-31 10:00:00,1326,11,2,424,0,10.2,5.3,7.5,0,0,0,0,0,1,0,0,1,0
2023-10-31 07:00:00,209,8,2,357,0,10.2,5.3,7.5,0,0,0,0,0,1,0,0,1,0
2023-10-31 12:00:00,1435,13,1,516,0,10.2,5.3,7.5,0,0,0,0,0,1,0,0,1,0
2023-10-31 22:00:00,169,23,0,134,0,10.2,5.3,7.5,0,0,0,0,0,1,0,0,1,0
2023-10-31 23:00:00,138,0,0,163,0,10.2,5.3,7.5,0,0,0,0,0,1,0,0,1,0
2023-10-31 00:00:00,41,1,0,49,0,10.2,5.3,7.5,0,0,0,0,0,1,0,0,1,0
2023-10-31 06:00:00,10,7,0,11,0,10.2,5.3,7.5,0,0,0,0,0,1,0,0,1,0
2023-10-31 01:00:00,4,2,0,38,0,10.2,5.3,7.5,0,0,0,0,0,1,0,0,1,0
2023-10-31 05:00:00,4,6,0,2,0,10.2,5.3,7.5,0,0,0,0,0,1,0,0,1,0
2023-10-31 03:00:00,2,4,0,16,0,10.2,5.3,7.5,0,0,0,0,0,1,0,0,1,0
2023-10-31 04:00:00,1,5,0,23,0,10.2,5.3,7.5,0,0,0,0,0,1,0,0,1,0
2023-10-31 02:00:00,1,3,0,20,0,10.2,5.3,7.5,0,0,0,0,0,1,0,0,1,0
2023-09-01 17:00:00,186,18,27,786,0,22.4,9.9,0.0,1,0,0,0,0,0,0,1,0,0
2023-09-02 21:00:00,59,22,6,238,0,22.9,5.5,0.0,0,0,1,0,0,0,0,1,0,0
2023-09-02 20:00:00,72,21,5,235,0,22.9,5.5,0.0,0,0,1,0,0,0,0,1,0,0
2023-09-02 06:00:00,16,7,5,31,0,22.9,5.5,0.0,0,0,1,0,0,0,0,1,0,0
2023-09-02 23:00:00,110,0,4,463,0,22.9,5.5,0.0,0,0,1,0,0,0,0,1,0,0
2023-09-02 19:00:00,130,20,3,416,0,22.9,5.5,0.0,0,0,1,0,0,0,0,1,0,0
2023-09-02 14:00:00,538,15,2,846,0,22.9,5.5,0.0,0,0,1,0,0,0,0,1,0,0
2023-09-02 00:00:00,95,1,1,386,0,22.9,5.5,0.0,0,0,1,0,0,0,0,1,0,0
2023-09-02 01:00:00,93,2,1,268,0,22.9,5.5,0.0,0,0,1,0,0,0,0,1,0,0
2023-09-01 11:00:00,520,12,6,1329,0,22.4,9.9,0.0,1,0,0,0,0,0,0,1,0,0
2023-09-01 06:00:00,90,7,5,125,0,22.4,9.9,0.0,1,0,0,0,0,0,0,1,0,0
2023-09-01 21:00:00,67,22,5,167,0,22.4,9.9,0.0,1,0,0,0,0,0,0,1,0,0
2023-09-01 20:00:00,241,21,3,409,0,22.4,9.9,0.0,1,0,0,0,0,0,0,1,0,0
2023-09-01 23:00:00,75,0,3,296,0,22.4,9.9,0.0,1,0,0,0,0,0,0,1,0,0
2023-09-01 02:00:00,26,3,2,136,0,22.4,9.9,0.0,1,0,0,0,0,0,0,1,0,0
2023-09-01 14:00:00,548,15,1,747,0,22.4,9.9,0.0,1,0,0,0,0,0,0,1,0,0
2023-09-01 15:00:00,461,16,1,758,0,22.4,9.9,0.0,1,0,0,0,0,0,0,1,0,0
2023-09-01 22:00:00,94,23,1,199,0,22.4,9.9,0.0,1,0,0,0,0,0,0,1,0,0
2023-09-01 05:00:00,52,6,1,35,0,22.4,9.9,0.0,1,0,0,0,0,0,0,1,0,0
2023-09-01 07:00:00,182,8,0,232,0,22.4,9.9,0.0,1,0,0,0,0,0,0,1,0,0
2023-09-01 00:00:00,38,1,0,145,0,22.4,9.9,0.0,1,0,0,0,0,0,0,1,0,0
2023-09-01 03:00:00,34,4,0,50,0,22.4,9.9,0.0,1,0,0,0,0,0,0,1,0,0
2023-09-01 01:00:00,24,2,0,148,0,22.4,9.9,0.0,1,0,0,0,0,0,0,1,0,0
2023-09-01 04:00:00,18,5,0,0,0,22.4,9.9,0.0,1,0,0,0,0,0,0,1,0,0
2023-09-01 09:00:00,371,10,14,705,0,22.4,9.9,0.0,1,0,0,0,0,0,0,1,0,0
2023-09-01 18:00:00,289,19,14,589,0,22.4,9.9,0.0,1,0,0,0,0,0,0,1,0,0
2023-09-01 16:00:00,352,17,13,889,0,22.4,9.9,0.0,1,0,0,0,0,0,0,1,0,0
2023-09-01 08:00:00,275,9,13,470,0,22.4,9.9,0.0,1,0,0,0,0,0,0,1,0,0
2023-09-01 13:00:00,535,14,9,1053,0,22.4,9.9,0.0,1,0,0,0,0,0,0,1,0,0
2023-09-01 12:00:00,539,13,8,1212,0,22.4,9.9,0.0,1,0,0,0,0,0,0,1,0,0
2023-09-01 10:00:00,496,11,8,1097,0,22.4,9.9,0.0,1,0,0,0,0,0,0,1,0,0
2023-09-01 19:00:00,282,20,7,553,0,22.4,9.9,0.0,1,0,0,0,0,0,0,1,0,0
2023-09-02 08:00:00,241,9,22,197,0,22.9,5.5,0.0,0,0,1,0,0,0,0,1,0,0
2023-09-02 10:00:00,390,11,15,758,0,22.9,5.5,0.0,0,0,1,0,0,0,0,1,0,0
2023-09-02 12:00:00,504,13,13,1206,0,22.9,5.5,0.0,0,0,1,0,0,0,0,1,0,0
2023-09-02 11:00:00,495,12,12,1086,0,22.9,5.5,0.0,0,0,1,0,0,0,0,1,0,0
2023-09-02 15:00:00,468,16,8,828,0,22.9,5.5,0.0,0,0,1,0,0,0,0,1,0,0
2023-09-02 17:00:00,429,18,8,1145,0,22.9,5.5,0.0,0,0,1,0,0,0,0,1,0,0
2023-09-02 09:00:00,388,10,8,584,0,22.9,5.5,0.0,0,0,1,0,0,0,0,1,0,0
2023-09-02 07:00:00,123,8,8,86,0,22.9,5.5,0.0,0,0,1,0,0,0,0,1,0,0
2023-09-02 13:00:00,570,14,7,1241,0,22.9,5.5,0.0,0,0,1,0,0,0,0,1,0,0
2023-09-02 16:00:00,479,17,6,1362,0,22.9,5.5,0.0,0,0,1,0,0,0,0,1,0,0
2023-09-02 18:00:00,335,19,6,753,0,22.9,5.5,0.0,0,0,1,0,0,0,0,1,0,0
2023-09-02 03:00:00,74,4,1,235,0,22.9,5.5,0.0,0,0,1,0,0,0,0,1,0,0
2023-09-02 04:00:00,9,5,1,26,0,22.9,5.5,0.0,0,0,1,0,0,0,0,1,0,0
2023-09-02 22:00:00,98,23,0,331,0,22.9,5.5,0.0,0,0,1,0,0,0,0,1,0,0
2023-09-02 02:00:00,97,3,0,231,0,22.9,5.5,0.0,0,0,1,0,0,0,0,1,0,0
2023-09-02 05:00:00,9,6,0,20,0,22.9,5.5,0.0,0,0,1,0,0,0,0,1,0,0
2023-09-03 19:00:00,77,20,3,288,0,24.2,5.5,0.0,0,0,0,1,0,0,0,1,0,0
2023-09-03 02:00:00,72,3,2,424,0,24.2,5.5,0.0,0,0,0,1,0,0,0,1,0,0
2023-09-03 21:00:00,48,22,2,164,0,24.2,5.5,0.0,0,0,0,1,0,0,0,1,0,0
2023-09-03 01:00:00,105,2,1,411,0,24.2,5.5,0.0,0,0,0,1,0,0,0,1,0,0
2023-09-03 07:00:00,50,8,1,86,0,24.2,5.5,0.0,0,0,0,1,0,0,0,1,0,0
2023-09-03 13:00:00,348,14,10,828,0,24.2,5.5,0.0,0,0,0,1,0,0,0,1,0,0
2023-09-03 10:00:00,246,11,9,539,0,24.2,5.5,0.0,0,0,0,1,0,0,0,1,0,0
2023-09-03 12:00:00,334,13,8,813,0,24.2,5.5,0.0,0,0,0,1,0,0,0,1,0,0
2023-09-04 09:00:00,366,10,14,592,0,20.8,5.5,0.0,0,1,0,0,0,0,0,1,0,0
2023-09-04 08:00:00,271,9,12,478,0,20.8,5.5,0.0,0,1,0,0,0,0,0,1,0,0
2023-09-04 17:00:00,1340,18,11,522,0,20.8,5.5,0.0,0,1,0,0,0,0,0,1,0,0
2023-09-04 07:00:00,197,8,11,367,0,20.8,5.5,0.0,0,1,0,0,0,0,0,1,0,0
2023-09-03 14:00:00,268,15,8,671,0,24.2,5.5,0.0,0,0,0,1,0,0,0,1,0,0
2023-09-03 08:00:00,81,9,8,139,0,24.2,5.5,0.0,0,0,0,1,0,0,0,1,0,0
2023-09-03 06:00:00,55,7,8,78,0,24.2,5.5,0.0,0,0,0,1,0,0,0,1,0,0
2023-09-03 11:00:00,339,12,6,653,0,24.2,5.5,0.0,0,0,0,1,0,0,0,1,0,0
2023-09-03 09:00:00,141,10,15,296,0,24.2,5.5,0.0,0,0,0,1,0,0,0,1,0,0
2023-09-03 15:00:00,280,16,11,957,0,24.2,5.5,0.0,0,0,0,1,0,0,0,1,0,0
2023-09-03 17:00:00,214,18,6,495,0,24.2,5.5,0.0,0,0,0,1,0,0,0,1,0,0
2023-09-04 04:00:00,28,5,0,6,0,20.8,5.5,0.0,0,1,0,0,0,0,0,1,0,0
2023-09-03 16:00:00,268,17,5,742,0,24.2,5.5,0.0,0,0,0,1,0,0,0,1,0,0
2023-09-03 18:00:00,172,19,5,470,0,24.2,5.5,0.0,0,0,0,1,0,0,0,1,0,0
2023-09-03 03:00:00,74,4,5,372,0,24.2,5.5,0.0,0,0,0,1,0,0,0,1,0,0
2023-09-03 00:00:00,94,1,4,409,0,24.2,5.5,0.0,0,0,0,1,0,0,0,1,0,0
2023-09-03 20:00:00,68,21,4,208,0,24.2,5.5,0.0,0,0,0,1,0,0,0,1,0,0
2023-09-03 22:00:00,42,23,4,210,0,24.2,5.5,0.0,0,0,0,1,0,0,0,1,0,0
2023-09-04 23:00:00,24,0,2,74,0,20.8,5.5,0.0,0,1,0,0,0,0,0,1,0,0
2023-09-04 18:00:00,63,19,1,607,0,20.8,5.5,0.0,0,1,0,0,0,0,0,1,0,0
2023-09-04 01:00:00,62,2,1,230,0,20.8,5.5,0.0,0,1,0,0,0,0,0,1,0,0
2023-09-04 05:00:00,50,6,1,60,0,20.8,5.5,0.0,0,1,0,0,0,0,0,1,0,0
2023-09-04 02:00:00,73,3,0,251,0,20.8,5.5,0.0,0,1,0,0,0,0,0,1,0,0
2023-09-04 22:00:00,49,23,0,137,0,20.8,5.5,0.0,0,1,0,0,0,0,0,1,0,0
2023-09-04 00:00:00,39,1,0,198,0,20.8,5.5,0.0,0,1,0,0,0,0,0,1,0,0
2023-09-04 03:00:00,37,4,0,59,0,20.8,5.5,0.0,0,1,0,0,0,0,0,1,0,0
2023-09-03 05:00:00,54,6,0,14,0,24.2,5.5,0.0,0,0,0,1,0,0,0,1,0,0
2023-09-03 04:00:00,52,5,0,73,0,24.2,5.5,0.0,0,0,0,1,0,0,0,1,0,0
2023-09-03 23:00:00,47,0,0,215,0,24.2,5.5,0.0,0,0,0,1,0,0,0,1,0,0
2023-09-05 15:00:00,198,16,37,354,0,19.9,9.9,0.0,0,0,0,0,0,1,0,1,0,0
2023-09-05 09:00:00,356,10,31,351,0,19.9,9.9,0.0,0,0,0,0,0,1,0,1,0,0
2023-09-04 20:00:00,373,21,8,256,0,20.8,5.5,0.0,0,1,0,0,0,0,0,1,0,0
2023-09-04 06:00:00,121,7,8,141,0,20.8,5.5,0.0,0,1,0,0,0,0,0,1,0,0
2023-09-04 15:00:00,370,16,5,693,0,20.8,5.5,0.0,0,1,0,0,0,0,0,1,0,0
2023-09-04 19:00:00,309,20,5,404,0,20.8,5.5,0.0,0,1,0,0,0,0,0,1,0,0
2023-09-04 21:00:00,91,22,5,189,0,20.8,5.5,0.0,0,1,0,0,0,0,0,1,0,0
2023-09-04 14:00:00,444,15,4,1077,0,20.8,5.5,0.0,0,1,0,0,0,0,0,1,0,0
2023-09-04 11:00:00,396,12,4,1584,0,20.8,5.5,0.0,0,1,0,0,0,0,0,1,0,0
2023-09-04 16:00:00,439,17,3,1131,0,20.8,5.5,0.0,0,1,0,0,0,0,0,1,0,0
2023-09-04 13:00:00,424,14,3,1538,0,20.8,5.5,0.0,0,1,0,0,0,0,0,1,0,0
2023-09-04 12:00:00,376,13,3,1697,0,20.8,5.5,0.0,0,1,0,0,0,0,0,1,0,0
2023-09-04 10:00:00,333,11,3,1093,0,20.8,5.5,0.0,0,1,0,0,0,0,0,1,0,0
2023-09-06 20:00:00,191,21,1,347,0,22.4,14.0,0.0,0,0,0,0,0,0,1,1,0,0
2023-09-06 21:00:00,146,22,1,253,0,22.4,14.0,0.0,0,0,0,0,0,0,1,1,0,0
2023-09-06 23:00:00,60,0,1,161,0,22.4,14.0,0.0,0,0,0,0,0,0,1,1,0,0
2023-09-05 16:00:00,161,17,27,543,0,19.9,9.9,0.0,0,0,0,0,0,1,0,1,0,0
2023-09-06 00:00:00,75,1,0,10,0,22.4,14.0,0.0,0,0,0,0,0,0,1,1,0,0
2023-09-06 01:00:00,35,2,0,10,0,22.4,14.0,0.0,0,0,0,0,0,0,1,1,0,0
2023-09-06 05:00:00,13,6,0,41,0,22.4,14.0,0.0,0,0,0,0,0,0,1,1,0,0
2023-09-06 04:00:00,12,5,0,11,0,22.4,14.0,0.0,0,0,0,0,0,0,1,1,0,0
2023-09-06 02:00:00,7,3,0,7,0,22.4,14.0,0.0,0,0,0,0,0,0,1,1,0,0
2023-09-06 03:00:00,7,4,0,2,0,22.4,14.0,0.0,0,0,0,0,0,0,1,1,0,0
2023-09-05 13:00:00,398,14,3,1438,0,19.9,9.9,0.0,0,0,0,0,0,1,0,1,0,0
2023-09-05 11:00:00,357,12,3,925,0,19.9,9.9,0.0,0,0,0,0,0,1,0,1,0,0
2023-09-05 08:00:00,277,9,13,244,0,19.9,9.9,0.0,0,0,0,0,0,1,0,1,0,0
2023-09-05 04:00:00,17,5,0,7,0,19.9,9.9,0.0,0,0,0,0,0,1,0,1,0,0
2023-09-05 21:00:00,42,22,12,118,0,19.9,9.9,0.0,0,0,0,0,0,1,0,1,0,0
2023-09-05 01:00:00,50,2,2,23,0,19.9,9.9,0.0,0,0,0,0,0,1,0,1,0,0
2023-09-05 05:00:00,50,6,0,21,0,19.9,9.9,0.0,0,0,0,0,0,1,0,1,0,0
2023-09-05 02:00:00,29,3,0,13,0,19.9,9.9,0.0,0,0,0,0,0,1,0,1,0,0
2023-09-05 03:00:00,25,4,0,25,0,19.9,9.9,0.0,0,0,0,0,0,1,0,1,0,0
2023-09-05 17:00:00,144,18,19,924,0,19.9,9.9,0.0,0,0,0,0,0,1,0,1,0,0
2023-09-05 14:00:00,389,15,18,615,0,19.9,9.9,0.0,0,0,0,0,0,1,0,1,0,0
2023-09-05 10:00:00,365,11,15,741,0,19.9,9.9,0.0,0,0,0,0,0,1,0,1,0,0
2023-09-05 07:00:00,182,8,15,158,0,19.9,9.9,0.0,0,0,0,0,0,1,0,1,0,0
2023-09-06 10:00:00,438,11,9,876,0,22.4,14.0,0.0,0,0,0,0,0,0,1,1,0,0
2023-09-05 18:00:00,100,19,11,572,0,19.9,9.9,0.0,0,0,0,0,0,1,0,1,0,0
2023-09-06 13:00:00,414,14,25,1253,0,22.4,14.0,0.0,0,0,0,0,0,0,1,1,0,0
2023-09-06 18:00:00,340,19,8,708,0,22.4,14.0,0.0,0,0,0,0,0,0,1,1,0,0
2023-09-05 19:00:00,82,20,9,319,0,19.9,9.9,0.0,0,0,0,0,0,1,0,1,0,0
2023-09-06 14:00:00,267,15,8,949,0,22.4,14.0,0.0,0,0,0,0,0,0,1,1,0,0
2023-09-06 16:00:00,442,17,19,1150,0,22.4,14.0,0.0,0,0,0,0,0,0,1,1,0,0
2023-09-06 17:00:00,416,18,16,979,0,22.4,14.0,0.0,0,0,0,0,0,0,1,1,0,0
2023-09-06 11:00:00,451,12,13,1140,0,22.4,14.0,0.0,0,0,0,0,0,0,1,1,0,0
2023-09-06 12:00:00,434,13,12,1132,0,22.4,14.0,0.0,0,0,0,0,0,0,1,1,0,0
2023-09-06 09:00:00,389,10,12,812,0,22.4,14.0,0.0,0,0,0,0,0,0,1,1,0,0
2023-09-06 15:00:00,437,16,10,946,0,22.4,14.0,0.0,0,0,0,0,0,0,1,1,0,0
2023-09-06 08:00:00,290,9,10,516,0,22.4,14.0,0.0,0,0,0,0,0,0,1,1,0,0
2023-09-06 19:00:00,225,20,6,440,0,22.4,14.0,0.0,0,0,0,0,0,0,1,1,0,0
2023-09-06 22:00:00,141,23,6,204,0,22.4,14.0,0.0,0,0,0,0,0,0,1,1,0,0
2023-09-05 06:00:00,102,7,8,88,0,19.9,9.9,0.0,0,0,0,0,0,1,0,1,0,0
2023-09-05 20:00:00,68,21,8,241,0,19.9,9.9,0.0,0,0,0,0,0,1,0,1,0,0
2023-09-05 00:00:00,17,1,8,44,0,19.9,9.9,0.0,0,0,0,0,0,1,0,1,0,0
2023-09-06 07:00:00,189,8,3,286,0,22.4,14.0,0.0,0,0,0,0,0,0,1,1,0,0
2023-09-06 06:00:00,42,7,3,104,0,22.4,14.0,0.0,0,0,0,0,0,0,1,1,0,0
2023-09-05 23:00:00,23,0,6,64,0,19.9,9.9,0.0,0,0,0,0,0,1,0,1,0,0
2023-09-05 12:00:00,418,13,4,1177,0,19.9,9.9,0.0,0,0,0,0,0,1,0,1,0,0
2023-09-05 22:00:00,44,23,4,93,0,19.9,9.9,0.0,0,0,0,0,0,1,0,1,0,0
2023-09-07 02:00:00,30,3,2,98,0,25.0,12.0,0.0,0,0,0,0,1,0,0,1,0,0
2023-09-07 03:00:00,28,4,2,20,0,25.0,12.0,0.0,0,0,0,0,1,0,0,1,0,0
2023-09-07 14:00:00,433,15,7,1305,0,25.0,12.0,0.0,0,0,0,0,1,0,0,1,0,0
2023-09-07 15:00:00,431,16,7,1241,0,25.0,12.0,0.0,0,0,0,0,1,0,0,1,0,0
2023-09-08 01:00:00,19,2,1,101,0,24.7,13.5,0.0,1,0,0,0,0,0,0,1,0,0
2023-09-07 16:00:00,471,17,17,1133,0,25.0,12.0,0.0,0,0,0,0,1,0,0,1,0,0
2023-09-07 11:00:00,402,12,16,1160,0,25.0,12.0,0.0,0,0,0,0,1,0,0,1,0,0
2023-09-07 17:00:00,424,18,12,1093,0,25.0,12.0,0.0,0,0,0,0,1,0,0,1,0,0
2023-09-07 10:00:00,404,11,11,982,0,25.0,12.0,0.0,0,0,0,0,1,0,0,1,0,0
2023-09-07 18:00:00,347,19,11,671,0,25.0,12.0,0.0,0,0,0,0,1,0,0,1,0,0
2023-09-07 09:00:00,372,10,9,749,0,25.0,12.0,0.0,0,0,0,0,1,0,0,1,0,0
2023-09-07 06:00:00,88,7,9,102,0,25.0,12.0,0.0,0,0,0,0,1,0,0,1,0,0
2023-09-09 09:00:00,435,10,28,437,0,22.7,5.5,0.0,0,0,1,0,0,0,0,1,0,0
2023-09-09 02:00:00,41,3,23,446,0,22.7,5.5,0.0,0,0,1,0,0,0,0,1,0,0
2023-09-09 15:00:00,476,16,13,1041,0,22.7,5.5,0.0,0,0,1,0,0,0,0,1,0,0
2023-09-07 13:00:00,498,14,6,1269,0,25.0,12.0,0.0,0,0,0,0,1,0,0,1,0,0
2023-09-07 23:00:00,53,0,1,125,0,25.0,12.0,0.0,0,0,0,0,1,0,0,1,0,0
2023-09-08 11:00:00,532,12,6,860,0,24.7,13.5,0.0,1,0,0,0,0,0,0,1,0,0
2023-09-07 01:00:00,34,2,1,91,0,25.0,12.0,0.0,0,0,0,0,1,0,0,1,0,0
2023-09-08 23:00:00,64,0,6,359,0,24.7,13.5,0.0,1,0,0,0,0,0,0,1,0,0
2023-09-08 07:00:00,215,8,5,337,0,24.7,13.5,0.0,1,0,0,0,0,0,0,1,0,0
2023-09-08 19:00:00,342,20,4,608,0,24.7,13.5,0.0,1,0,0,0,0,0,0,1,0,0
2023-09-08 06:00:00,121,7,4,155,0,24.7,13.5,0.0,1,0,0,0,0,0,0,1,0,0
2023-09-08 21:00:00,115,22,4,259,0,24.7,13.5,0.0,1,0,0,0,0,0,0,1,0,0
2023-09-08 22:00:00,68,23,4,308,0,24.7,13.5,0.0,1,0,0,0,0,0,0,1,0,0
2023-09-08 02:00:00,26,3,3,191,0,24.7,13.5,0.0,1,0,0,0,0,0,0,1,0,0
2023-09-08 20:00:00,296,21,1,324,0,24.7,13.5,0.0,1,0,0,0,0,0,0,1,0,0
2023-09-08 10:00:00,482,11,16,650,0,24.7,13.5,0.0,1,0,0,0,0,0,0,1,0,0
2023-09-08 05:00:00,49,6,0,29,0,24.7,13.5,0.0,1,0,0,0,0,0,0,1,0,0
2023-09-08 00:00:00,47,1,0,120,0,24.7,13.5,0.0,1,0,0,0,0,0,0,1,0,0
2023-09-08 04:00:00,24,5,0,12,0,24.7,13.5,0.0,1,0,0,0,0,0,0,1,0,0
2023-09-08 03:00:00,8,4,0,14,0,24.7,13.5,0.0,1,0,0,0,0,0,0,1,0,0
2023-09-07 12:00:00,498,13,5,1246,0,25.0,12.0,0.0,0,0,0,0,1,0,0,1,0,0
2023-09-07 05:00:00,56,6,0,48,0,25.0,12.0,0.0,0,0,0,0,1,0,0,1,0,0
2023-09-08 15:00:00,142,16,15,958,0,24.7,13.5,0.0,1,0,0,0,0,0,0,1,0,0
2023-09-08 09:00:00,425,10,28,419,0,24.7,13.5,0.0,1,0,0,0,0,0,0,1,0,0
2023-09-08 14:00:00,375,15,14,881,0,24.7,13.5,0.0,1,0,0,0,0,0,0,1,0,0
2023-09-08 13:00:00,516,14,11,965,0,24.7,13.5,0.0,1,0,0,0,0,0,0,1,0,0
2023-09-08 12:00:00,499,13,11,959,0,24.7,13.5,0.0,1,0,0,0,0,0,0,1,0,0
2023-09-08 16:00:00,469,17,10,1183,0,24.7,13.5,0.0,1,0,0,0,0,0,0,1,0,0
2023-09-08 17:00:00,510,18,9,1082,0,24.7,13.5,0.0,1,0,0,0,0,0,0,1,0,0
2023-09-08 08:00:00,286,9,9,435,0,24.7,13.5,0.0,1,0,0,0,0,0,0,1,0,0
2023-09-08 18:00:00,432,19,8,784,0,24.7,13.5,0.0,1,0,0,0,0,0,0,1,0,0
2023-09-07 07:00:00,202,8,4,286,0,25.0,12.0,0.0,0,0,0,0,1,0,0,1,0,0
2023-09-07 19:00:00,193,20,4,590,0,25.0,12.0,0.0,0,0,0,0,1,0,0,1,0,0
2023-09-07 00:00:00,23,1,0,112,0,25.0,12.0,0.0,0,0,0,0,1,0,0,1,0,0
2023-09-07 22:00:00,112,23,4,167,0,25.0,12.0,0.0,0,0,0,0,1,0,0,1,0,0
2023-09-07 04:00:00,22,5,0,7,0,25.0,12.0,0.0,0,0,0,0,1,0,0,1,0,0
2023-09-07 08:00:00,350,9,3,530,0,25.0,12.0,0.0,0,0,0,0,1,0,0,1,0,0
2023-09-07 20:00:00,134,21,3,385,0,25.0,12.0,0.0,0,0,0,0,1,0,0,1,0,0
2023-09-07 21:00:00,114,22,2,207,0,25.0,12.0,0.0,0,0,0,0,1,0,0,1,0,0
2023-09-09 11:00:00,573,12,10,1165,0,22.7,5.5,0.0,0,0,1,0,0,0,0,1,0,0
2023-09-09 10:00:00,562,11,10,755,0,22.7,5.5,0.0,0,0,1,0,0,0,0,1,0,0
2023-09-09 16:00:00,128,17,10,371,0,22.7,5.5,0.0,0,0,1,0,0,0,0,1,0,0
2023-09-09 20:00:00,85,21,10,234,0,22.7,5.5,0.0,0,0,1,0,0,0,0,1,0,0
2023-09-09 14:00:00,602,15,9,1182,0,22.7,5.5,0.0,0,0,1,0,0,0,0,1,0,0
2023-09-09 17:00:00,109,18,8,362,0,22.7,5.5,0.0,0,0,1,0,0,0,0,1,0,0
2023-09-09 13:00:00,410,14,6,1276,0,22.7,5.5,0.0,0,0,1,0,0,0,0,1,0,0
2023-09-09 08:00:00,85,9,6,356,0,22.7,5.5,0.0,0,0,1,0,0,0,0,1,0,0
2023-09-10 06:00:00,9,7,4,39,0,20.5,5.5,21.4,0,0,0,1,0,0,0,1,0,0
2023-09-10 19:00:00,165,20,0,442,0,20.5,5.5,21.4,0,0,0,1,0,0,0,1,0,0
2023-09-09 12:00:00,557,13,5,1271,0,22.7,5.5,0.0,0,0,1,0,0,0,0,1,0,0
2023-09-09 19:00:00,77,20,5,162,0,22.7,5.5,0.0,0,0,1,0,0,0,0,1,0,0
2023-09-09 06:00:00,20,7,5,82,0,22.7,5.5,0.0,0,0,1,0,0,0,0,1,0,0
2023-09-09 01:00:00,46,2,4,344,0,22.7,5.5,0.0,0,0,1,0,0,0,0,1,0,0
2023-09-09 18:00:00,89,19,3,255,0,22.7,5.5,0.0,0,0,1,0,0,0,0,1,0,0
2023-09-09 00:00:00,79,1,3,361,0,22.7,5.5,0.0,0,0,1,0,0,0,0,1,0,0
2023-09-09 23:00:00,90,0,2,396,0,22.7,5.5,0.0,0,0,1,0,0,0,0,1,0,0
2023-09-09 03:00:00,55,4,2,583,0,22.7,5.5,0.0,0,0,1,0,0,0,0,1,0,0
2023-09-11 15:00:00,453,16,11,744,0,17.4,12.5,0.0,0,1,0,0,0,0,0,1,0,0
2023-09-11 19:00:00,378,20,11,378,0,17.4,12.5,0.0,0,1,0,0,0,0,0,1,0,0
2023-09-10 08:00:00,100,9,0,193,0,20.5,5.5,21.4,0,0,0,1,0,0,0,1,0,0
2023-09-10 13:00:00,374,14,3,970,0,20.5,5.5,21.4,0,0,0,1,0,0,0,1,0,0
2023-09-09 22:00:00,69,23,1,160,0,22.7,5.5,0.0,0,0,1,0,0,0,0,1,0,0
2023-09-09 07:00:00,50,8,1,183,0,22.7,5.5,0.0,0,0,1,0,0,0,0,1,0,0
2023-09-09 21:00:00,57,22,0,89,0,22.7,5.5,0.0,0,0,1,0,0,0,0,1,0,0
2023-09-09 04:00:00,15,5,0,40,0,22.7,5.5,0.0,0,0,1,0,0,0,0,1,0,0
2023-09-09 05:00:00,15,6,0,38,0,22.7,5.5,0.0,0,0,1,0,0,0,0,1,0,0
2023-09-10 04:00:00,15,5,0,36,0,20.5,5.5,21.4,0,0,0,1,0,0,0,1,0,0
2023-09-10 05:00:00,12,6,0,27,0,20.5,5.5,21.4,0,0,0,1,0,0,0,1,0,0
2023-09-10 16:00:00,373,17,7,742,0,20.5,5.5,21.4,0,0,0,1,0,0,0,1,0,0
2023-09-10 17:00:00,368,18,7,459,0,20.5,5.5,21.4,0,0,0,1,0,0,0,1,0,0
2023-09-10 11:00:00,321,12,7,1279,0,20.5,5.5,21.4,0,0,0,1,0,0,0,1,0,0
2023-09-10 18:00:00,196,19,2,485,0,20.5,5.5,21.4,0,0,0,1,0,0,0,1,0,0
2023-09-10 01:00:00,102,2,2,437,0,20.5,5.5,21.4,0,0,0,1,0,0,0,1,0,0
2023-09-10 07:00:00,58,8,2,162,0,20.5,5.5,21.4,0,0,0,1,0,0,0,1,0,0
2023-09-10 14:00:00,319,15,5,936,0,20.5,5.5,21.4,0,0,0,1,0,0,0,1,0,0
2023-09-10 15:00:00,305,16,5,877,0,20.5,5.5,21.4,0,0,0,1,0,0,0,1,0,0
2023-09-10 10:00:00,271,11,5,786,0,20.5,5.5,21.4,0,0,0,1,0,0,0,1,0,0
2023-09-10 03:00:00,56,4,5,304,0,20.5,5.5,21.4,0,0,0,1,0,0,0,1,0,0
2023-09-10 12:00:00,420,13,4,1195,0,20.5,5.5,21.4,0,0,0,1,0,0,0,1,0,0
2023-09-10 09:00:00,144,10,4,315,0,20.5,5.5,21.4,0,0,0,1,0,0,0,1,0,0
2023-09-10 02:00:00,87,3,4,464,0,20.5,5.5,21.4,0,0,0,1,0,0,0,1,0,0
2023-09-10 00:00:00,68,1,4,275,0,20.5,5.5,21.4,0,0,0,1,0,0,0,1,0,0
2023-09-10 20:00:00,129,21,1,261,0,20.5,5.5,21.4,0,0,0,1,0,0,0,1,0,0
2023-09-10 22:00:00,116,23,1,148,0,20.5,5.5,21.4,0,0,0,1,0,0,0,1,0,0
2023-09-10 21:00:00,91,22,1,221,0,20.5,5.5,21.4,0,0,0,1,0,0,0,1,0,0
2023-09-10 23:00:00,49,0,1,141,0,20.5,5.5,21.4,0,0,0,1,0,0,0,1,0,0
2023-09-11 08:00:00,194,9,10,383,0,17.4,12.5,0.0,0,1,0,0,0,0,0,1,0,0
2023-09-11 14:00:00,362,15,9,782,0,17.4,12.5,0.0,0,1,0,0,0,0,0,1,0,0
2023-09-11 09:00:00,462,10,8,745,0,17.4,12.5,0.0,0,1,0,0,0,0,0,1,0,0
2023-09-11 10:00:00,443,11,8,816,0,17.4,12.5,0.0,0,1,0,0,0,0,0,1,0,0
2023-09-11 17:00:00,455,18,7,423,0,17.4,12.5,0.0,0,1,0,0,0,0,0,1,0,0
2023-09-11 18:00:00,285,19,6,567,0,17.4,12.5,0.0,0,1,0,0,0,0,0,1,0,0
2023-09-11 13:00:00,234,14,6,953,0,17.4,12.5,0.0,0,1,0,0,0,0,0,1,0,0
2023-09-11 12:00:00,250,13,5,833,0,17.4,12.5,0.0,0,1,0,0,0,0,0,1,0,0
2023-09-11 20:00:00,187,21,5,286,0,17.4,12.5,0.0,0,1,0,0,0,0,0,1,0,0
2023-09-11 07:00:00,54,8,5,149,0,17.4,12.5,0.0,0,1,0,0,0,0,0,1,0,0
2023-09-11 06:00:00,39,7,5,75,0,17.4,12.5,0.0,0,1,0,0,0,0,0,1,0,0
2023-09-11 16:00:00,555,17,4,1011,0,17.4,12.5,0.0,0,1,0,0,0,0,0,1,0,0
2023-09-11 11:00:00,227,12,2,798,0,17.4,12.5,0.0,0,1,0,0,0,0,0,1,0,0
2023-09-11 21:00:00,182,22,2,184,0,17.4,12.5,0.0,0,1,0,0,0,0,0,1,0,0
2023-09-11 02:00:00,28,3,2,224,0,17.4,12.5,0.0,0,1,0,0,0,0,0,1,0,0
2023-09-11 22:00:00,146,23,1,149,0,17.4,12.5,0.0,0,1,0,0,0,0,0,1,0,0
2023-09-11 23:00:00,83,0,0,139,0,17.4,12.5,0.0,0,1,0,0,0,0,0,1,0,0
2023-09-11 01:00:00,29,2,0,47,0,17.4,12.5,0.0,0,1,0,0,0,0,0,1,0,0
2023-09-11 00:00:00,27,1,0,106,0,17.4,12.5,0.0,0,1,0,0,0,0,0,1,0,0
2023-09-11 03:00:00,21,4,0,30,0,17.4,12.5,0.0,0,1,0,0,0,0,0,1,0,0
2023-09-11 05:00:00,9,6,0,42,0,17.4,12.5,0.0,0,1,0,0,0,0,0,1,0,0
2023-09-11 04:00:00,7,5,0,7,0,17.4,12.5,0.0,0,1,0,0,0,0,0,1,0,0
2023-09-12 08:00:00,299,9,10,546,0,15.6,8.2,0.0,0,0,0,0,0,1,0,1,0,0
2023-09-12 14:00:00,351,15,9,903,0,15.6,8.2,0.0,0,0,0,0,0,1,0,1,0,0
2023-09-12 19:00:00,207,20,9,396,0,15.6,8.2,0.0,0,0,0,0,0,1,0,1,0,0
2023-09-12 20:00:00,110,21,9,239,0,15.6,8.2,0.0,0,0,0,0,0,1,0,1,0,0
2023-09-12 16:00:00,332,17,8,1008,0,15.6,8.2,0.0,0,0,0,0,0,1,0,1,0,0
2023-09-12 06:00:00,29,7,6,105,0,15.6,8.2,0.0,0,0,0,0,0,1,0,1,0,0
2023-09-12 11:00:00,360,12,5,905,0,15.6,8.2,0.0,0,0,0,0,0,1,0,1,0,0
2023-09-12 13:00:00,348,14,5,928,0,15.6,8.2,0.0,0,0,0,0,0,1,0,1,0,0
2023-09-12 12:00:00,361,13,4,1053,0,15.6,8.2,0.0,0,0,0,0,0,1,0,1,0,0
2023-09-12 10:00:00,333,11,4,930,0,15.6,8.2,0.0,0,0,0,0,0,1,0,1,0,0
2023-09-12 23:00:00,43,0,4,111,0,15.6,8.2,0.0,0,0,0,0,0,1,0,1,0,0
2023-09-12 21:00:00,159,22,2,198,0,15.6,8.2,0.0,0,0,0,0,0,1,0,1,0,0
2023-09-12 22:00:00,103,23,2,104,0,15.6,8.2,0.0,0,0,0,0,0,1,0,1,0,0
2023-09-13 12:00:00,549,13,19,1166,0,18.3,5.5,1.8,0,0,0,0,0,0,1,1,0,0
2023-09-13 08:00:00,283,9,12,528,0,18.3,5.5,1.8,0,0,0,0,0,0,1,1,0,0
2023-09-13 09:00:00,342,10,11,786,0,18.3,5.5,1.8,0,0,0,0,0,0,1,1,0,0
2023-09-13 07:00:00,188,8,11,394,0,18.3,5.5,1.8,0,0,0,0,0,0,1,1,0,0
2023-09-13 10:00:00,416,11,7,940,0,18.3,5.5,1.8,0,0,0,0,0,0,1,1,0,0
2023-09-13 16:00:00,365,17,6,990,0,18.3,5.5,1.8,0,0,0,0,0,0,1,1,0,0
2023-09-13 15:00:00,355,16,6,950,0,18.3,5.5,1.8,0,0,0,0,0,0,1,1,0,0
2023-09-13 14:00:00,298,15,6,789,0,18.3,5.5,1.8,0,0,0,0,0,0,1,1,0,0
2023-09-12 18:00:00,262,19,17,477,0,15.6,8.2,0.0,0,0,0,0,0,1,0,1,0,0
2023-09-12 09:00:00,397,10,13,716,0,15.6,8.2,0.0,0,0,0,0,0,1,0,1,0,0
2023-09-12 17:00:00,351,18,12,697,0,15.6,8.2,0.0,0,0,0,0,0,1,0,1,0,0
2023-09-12 07:00:00,211,8,11,401,0,15.6,8.2,0.0,0,0,0,0,0,1,0,1,0,0
2023-09-12 15:00:00,333,16,10,894,0,15.6,8.2,0.0,0,0,0,0,0,1,0,1,0,0
2023-09-12 00:00:00,40,1,1,88,0,15.6,8.2,0.0,0,0,0,0,0,1,0,1,0,0
2023-09-12 05:00:00,15,6,1,57,0,15.6,8.2,0.0,0,0,0,0,0,1,0,1,0,0
2023-09-12 03:00:00,8,4,1,7,0,15.6,8.2,0.0,0,0,0,0,0,1,0,1,0,0
2023-09-12 04:00:00,8,5,0,5,0,15.6,8.2,0.0,0,0,0,0,0,1,0,1,0,0
2023-09-12 01:00:00,5,2,0,10,0,15.6,8.2,0.0,0,0,0,0,0,1,0,1,0,0
2023-09-12 02:00:00,4,3,0,18,0,15.6,8.2,0.0,0,0,0,0,0,1,0,1,0,0
2023-09-13 13:00:00,172,14,6,413,0,18.3,5.5,1.8,0,0,0,0,0,0,1,1,0,0
2023-09-14 16:00:00,502,17,5,1612,0,14.5,10.6,0.0,0,0,0,0,1,0,0,1,0,0
2023-09-13 23:00:00,40,0,1,153,0,18.3,5.5,1.8,0,0,0,0,0,0,1,1,0,0
2023-09-13 00:00:00,24,1,1,74,0,18.3,5.5,1.8,0,0,0,0,0,0,1,1,0,0
2023-09-14 15:00:00,454,16,5,1843,0,14.5,10.6,0.0,0,0,0,0,1,0,0,1,0,0
2023-09-13 18:00:00,312,19,5,677,0,18.3,5.5,1.8,0,0,0,0,0,0,1,1,0,0
2023-09-14 09:00:00,422,10,9,1087,0,14.5,10.6,0.0,0,0,0,0,1,0,0,1,0,0
2023-09-14 18:00:00,396,19,9,900,0,14.5,10.6,0.0,0,0,0,0,1,0,0,1,0,0
2023-09-14 12:00:00,520,13,6,1933,0,14.5,10.6,0.0,0,0,0,0,1,0,0,1,0,0
2023-09-13 05:00:00,16,6,1,24,0,18.3,5.5,1.8,0,0,0,0,0,0,1,1,0,0
2023-09-14 20:00:00,243,21,0,336,0,14.5,10.6,0.0,0,0,0,0,1,0,0,1,0,0
2023-09-13 06:00:00,63,7,5,102,0,18.3,5.5,1.8,0,0,0,0,0,0,1,1,0,0
2023-09-13 11:00:00,458,12,4,1052,0,18.3,5.5,1.8,0,0,0,0,0,0,1,1,0,0
2023-09-13 17:00:00,317,18,4,753,0,18.3,5.5,1.8,0,0,0,0,0,0,1,1,0,0
2023-09-13 19:00:00,93,20,4,198,0,18.3,5.5,1.8,0,0,0,0,0,0,1,1,0,0
2023-09-13 20:00:00,63,21,4,195,0,18.3,5.5,1.8,0,0,0,0,0,0,1,1,0,0
2023-09-13 21:00:00,60,22,4,143,0,18.3,5.5,1.8,0,0,0,0,0,0,1,1,0,0
2023-09-14 21:00:00,200,22,0,305,0,14.5,10.6,0.0,0,0,0,0,1,0,0,1,0,0
2023-09-14 08:00:00,303,9,4,853,0,14.5,10.6,0.0,0,0,0,0,1,0,0,1,0,0
2023-09-14 00:00:00,37,1,4,136,0,14.5,10.6,0.0,0,0,0,0,1,0,0,1,0,0
2023-09-14 13:00:00,516,14,3,1886,0,14.5,10.6,0.0,0,0,0,0,1,0,0,1,0,0
2023-09-14 10:00:00,465,11,3,1774,0,14.5,10.6,0.0,0,0,0,0,1,0,0,1,0,0
2023-09-14 11:00:00,465,12,3,1752,0,14.5,10.6,0.0,0,0,0,0,1,0,0,1,0,0
2023-09-14 07:00:00,208,8,3,507,0,14.5,10.6,0.0,0,0,0,0,1,0,0,1,0,0
2023-09-14 22:00:00,205,23,3,255,0,14.5,10.6,0.0,0,0,0,0,1,0,0,1,0,0
2023-09-14 19:00:00,318,20,2,531,0,14.5,10.6,0.0,0,0,0,0,1,0,0,1,0,0
2023-09-14 02:00:00,25,3,2,186,0,14.5,10.6,0.0,0,0,0,0,1,0,0,1,0,0
2023-09-14 05:00:00,19,6,2,55,0,14.5,10.6,0.0,0,0,0,0,1,0,0,1,0,0
2023-09-14 04:00:00,9,5,2,9,0,14.5,10.6,0.0,0,0,0,0,1,0,0,1,0,0
2023-09-14 14:00:00,516,15,1,1103,0,14.5,10.6,0.0,0,0,0,0,1,0,0,1,0,0
2023-09-14 06:00:00,59,7,1,105,0,14.5,10.6,0.0,0,0,0,0,1,0,0,1,0,0
2023-09-14 23:00:00,111,0,0,179,0,14.5,10.6,0.0,0,0,0,0,1,0,0,1,0,0
2023-09-15 12:00:00,574,13,15,2149,0,15.5,9.8,13.2,1,0,0,0,0,0,0,1,0,0
2023-09-14 01:00:00,32,2,0,73,0,14.5,10.6,0.0,0,0,0,0,1,0,0,1,0,0
2023-09-14 03:00:00,25,4,0,22,0,14.5,10.6,0.0,0,0,0,0,1,0,0,1,0,0
2023-09-15 13:00:00,527,14,9,2168,0,15.5,9.8,13.2,1,0,0,0,0,0,0,1,0,0
2023-09-15 14:00:00,546,15,7,1854,0,15.5,9.8,13.2,1,0,0,0,0,0,0,1,0,0
2023-09-15 23:00:00,101,0,6,150,0,15.5,9.8,13.2,1,0,0,0,0,0,0,1,0,0
2023-09-15 17:00:00,508,18,5,1519,0,15.5,9.8,13.2,1,0,0,0,0,0,0,1,0,0
2023-09-15 09:00:00,468,10,5,1304,0,15.5,9.8,13.2,1,0,0,0,0,0,0,1,0,0
2023-09-15 11:00:00,587,12,4,1858,0,15.5,9.8,13.2,1,0,0,0,0,0,0,1,0,0
2023-09-15 18:00:00,426,19,4,830,0,15.5,9.8,13.2,1,0,0,0,0,0,0,1,0,0
2023-09-13 22:00:00,55,23,0,100,0,18.3,5.5,1.8,0,0,0,0,0,0,1,1,0,0
2023-09-13 01:00:00,24,2,0,20,0,18.3,5.5,1.8,0,0,0,0,0,0,1,1,0,0
2023-09-13 02:00:00,11,3,0,15,0,18.3,5.5,1.8,0,0,0,0,0,0,1,1,0,0
2023-09-13 03:00:00,11,4,0,12,0,18.3,5.5,1.8,0,0,0,0,0,0,1,1,0,0
2023-09-13 04:00:00,10,5,0,9,0,18.3,5.5,1.8,0,0,0,0,0,0,1,1,0,0
2023-09-14 17:00:00,489,18,21,1319,0,14.5,10.6,0.0,0,0,0,0,1,0,0,1,0,0
2023-09-15 21:00:00,102,22,0,165,0,15.5,9.8,13.2,1,0,0,0,0,0,0,1,0,0
2023-09-16 07:00:00,43,8,0,139,0,14.9,9.2,0.0,0,0,1,0,0,0,0,1,0,0
2023-09-17 18:00:00,243,19,5,600,0,16.0,6.8,9.0,0,0,0,1,0,0,0,1,0,0
2023-09-17 02:00:00,159,3,5,464,0,16.0,6.8,9.0,0,0,0,1,0,0,0,1,0,0
2023-09-17 15:00:00,364,16,3,1214,0,16.0,6.8,9.0,0,0,0,1,0,0,0,1,0,0
2023-09-17 16:00:00,328,17,3,1768,0,16.0,6.8,9.0,0,0,0,1,0,0,0,1,0,0
2023-09-17 01:00:00,113,2,3,578,0,16.0,6.8,9.0,0,0,0,1,0,0,0,1,0,0
2023-09-17 06:00:00,38,7,3,35,0,16.0,6.8,9.0,0,0,0,1,0,0,0,1,0,0
2023-09-17 09:00:00,119,10,2,311,0,16.0,6.8,9.0,0,0,0,1,0,0,0,1,0,0
2023-09-17 08:00:00,85,9,2,195,0,16.0,6.8,9.0,0,0,0,1,0,0,0,1,0,0
2023-09-15 10:00:00,521,11,3,1468,0,15.5,9.8,13.2,1,0,0,0,0,0,0,1,0,0
2023-09-16 04:00:00,13,5,0,28,0,14.9,9.2,0.0,0,0,1,0,0,0,0,1,0,0
2023-09-15 15:00:00,486,16,3,2047,0,15.5,9.8,13.2,1,0,0,0,0,0,0,1,0,0
2023-09-17 12:00:00,348,13,12,855,0,16.0,6.8,9.0,0,0,0,1,0,0,0,1,0,0
2023-09-17 10:00:00,239,11,10,531,0,16.0,6.8,9.0,0,0,0,1,0,0,0,1,0,0
2023-09-17 13:00:00,351,14,7,1046,0,16.0,6.8,9.0,0,0,0,1,0,0,0,1,0,0
2023-09-17 11:00:00,287,12,7,615,0,16.0,6.8,9.0,0,0,0,1,0,0,0,1,0,0
2023-09-17 17:00:00,322,18,6,1174,0,16.0,6.8,9.0,0,0,0,1,0,0,0,1,0,0
2023-09-17 14:00:00,319,15,6,1091,0,16.0,6.8,9.0,0,0,0,1,0,0,0,1,0,0
2023-09-15 08:00:00,328,9,3,868,0,15.5,9.8,13.2,1,0,0,0,0,0,0,1,0,0
2023-09-16 16:00:00,569,17,2,1786,0,14.9,9.2,0.0,0,0,1,0,0,0,0,1,0,0
2023-09-15 07:00:00,217,8,3,472,0,15.5,9.8,13.2,1,0,0,0,0,0,0,1,0,0
2023-09-15 04:00:00,56,5,0,17,0,15.5,9.8,13.2,1,0,0,0,0,0,0,1,0,0
2023-09-15 05:00:00,38,6,0,29,0,15.5,9.8,13.2,1,0,0,0,0,0,0,1,0,0
2023-09-16 23:00:00,82,0,2,445,0,14.9,9.2,0.0,0,0,1,0,0,0,0,1,0,0
2023-09-15 00:00:00,23,1,0,109,0,15.5,9.8,13.2,1,0,0,0,0,0,0,1,0,0
2023-09-16 21:00:00,71,22,2,219,0,14.9,9.2,0.0,0,0,1,0,0,0,0,1,0,0
2023-09-15 01:00:00,21,2,0,95,0,15.5,9.8,13.2,1,0,0,0,0,0,0,1,0,0
2023-09-16 13:00:00,546,14,7,1663,0,14.9,9.2,0.0,0,0,1,0,0,0,0,1,0,0
2023-09-15 03:00:00,20,4,0,18,0,15.5,9.8,13.2,1,0,0,0,0,0,0,1,0,0
2023-09-16 05:00:00,7,6,2,42,0,14.9,9.2,0.0,0,0,1,0,0,0,0,1,0,0
2023-09-16 09:00:00,377,10,1,987,0,14.9,9.2,0.0,0,0,1,0,0,0,0,1,0,0
2023-09-15 19:00:00,318,20,2,505,0,15.5,9.8,13.2,1,0,0,0,0,0,0,1,0,0
2023-09-16 08:00:00,249,9,1,432,0,14.9,9.2,0.0,0,0,1,0,0,0,0,1,0,0
2023-09-16 17:00:00,484,18,6,1703,0,14.9,9.2,0.0,0,0,1,0,0,0,0,1,0,0
2023-09-15 16:00:00,587,17,1,1721,0,15.5,9.8,13.2,1,0,0,0,0,0,0,1,0,0
2023-09-15 06:00:00,74,7,1,100,0,15.5,9.8,13.2,1,0,0,0,0,0,0,1,0,0
2023-09-15 22:00:00,59,23,1,98,0,15.5,9.8,13.2,1,0,0,0,0,0,0,1,0,0
2023-09-15 02:00:00,27,3,1,139,0,15.5,9.8,13.2,1,0,0,0,0,0,0,1,0,0
2023-09-15 20:00:00,200,21,0,150,0,15.5,9.8,13.2,1,0,0,0,0,0,0,1,0,0
2023-09-16 22:00:00,93,23,6,346,0,14.9,9.2,0.0,0,0,1,0,0,0,0,1,0,0
2023-09-16 14:00:00,675,15,5,1663,0,14.9,9.2,0.0,0,0,1,0,0,0,0,1,0,0
2023-09-16 15:00:00,561,16,5,1997,0,14.9,9.2,0.0,0,0,1,0,0,0,0,1,0,0
2023-09-16 06:00:00,17,7,5,81,0,14.9,9.2,0.0,0,0,1,0,0,0,0,1,0,0
2023-09-16 11:00:00,551,12,4,1458,0,14.9,9.2,0.0,0,0,1,0,0,0,0,1,0,0
2023-09-16 19:00:00,317,20,4,713,0,14.9,9.2,0.0,0,0,1,0,0,0,0,1,0,0
2023-09-16 20:00:00,84,21,4,281,0,14.9,9.2,0.0,0,0,1,0,0,0,0,1,0,0
2023-09-16 03:00:00,42,4,4,218,0,14.9,9.2,0.0,0,0,1,0,0,0,0,1,0,0
2023-09-16 10:00:00,542,11,3,1280,0,14.9,9.2,0.0,0,0,1,0,0,0,0,1,0,0
2023-09-16 12:00:00,535,13,3,1433,0,14.9,9.2,0.0,0,0,1,0,0,0,0,1,0,0
2023-09-16 01:00:00,59,2,1,189,0,14.9,9.2,0.0,0,0,1,0,0,0,0,1,0,0
2023-09-16 18:00:00,377,19,0,1094,0,14.9,9.2,0.0,0,0,1,0,0,0,0,1,0,0
2023-09-16 00:00:00,86,1,0,111,0,14.9,9.2,0.0,0,0,1,0,0,0,0,1,0,0
2023-09-16 02:00:00,69,3,0,180,0,14.9,9.2,0.0,0,0,1,0,0,0,0,1,0,0
2023-09-19 14:00:00,519,15,2,501,0,19.3,6.9,4.7,0,0,0,0,0,1,0,1,0,0
2023-09-19 10:00:00,424,11,2,1202,0,19.3,6.9,4.7,0,0,0,0,0,1,0,1,0,0
2023-09-19 08:00:00,337,9,2,765,0,19.3,6.9,4.7,0,0,0,0,0,1,0,1,0,0
2023-09-19 18:00:00,310,19,1,498,0,19.3,6.9,4.7,0,0,0,0,0,1,0,1,0,0
2023-09-19 07:00:00,233,8,1,418,0,19.3,6.9,4.7,0,0,0,0,0,1,0,1,0,0
2023-09-19 06:00:00,78,7,1,146,0,19.3,6.9,4.7,0,0,0,0,0,1,0,1,0,0
2023-09-19 11:00:00,449,12,0,1518,0,19.3,6.9,4.7,0,0,0,0,0,1,0,1,0,0
2023-09-19 19:00:00,197,20,0,190,0,19.3,6.9,4.7,0,0,0,0,0,1,0,1,0,0
2023-09-19 20:00:00,187,21,0,103,0,19.3,6.9,4.7,0,0,0,0,0,1,0,1,0,0
2023-09-19 17:00:00,275,18,12,602,0,19.3,6.9,4.7,0,0,0,0,0,1,0,1,0,0
2023-09-19 12:00:00,430,13,8,1799,0,19.3,6.9,4.7,0,0,0,0,0,1,0,1,0,0
2023-09-19 15:00:00,182,16,5,463,0,19.3,6.9,4.7,0,0,0,0,0,1,0,1,0,0
2023-09-19 16:00:00,176,17,5,473,0,19.3,6.9,4.7,0,0,0,0,0,1,0,1,0,0
2023-09-19 09:00:00,414,10,4,909,0,19.3,6.9,4.7,0,0,0,0,0,1,0,1,0,0
2023-09-19 13:00:00,667,14,3,1148,0,19.3,6.9,4.7,0,0,0,0,0,1,0,1,0,0
2023-09-18 16:00:00,402,17,6,1429,0,11.2,11.0,1.9,0,1,0,0,0,0,0,1,0,0
2023-09-18 13:00:00,458,14,12,1316,0,11.2,11.0,1.9,0,1,0,0,0,0,0,1,0,0
2023-09-18 10:00:00,420,11,10,907,0,11.2,11.0,1.9,0,1,0,0,0,0,0,1,0,0
2023-09-18 12:00:00,488,13,8,1292,0,11.2,11.0,1.9,0,1,0,0,0,0,0,1,0,0
2023-09-18 17:00:00,396,18,8,1140,0,11.2,11.0,1.9,0,1,0,0,0,0,0,1,0,0
2023-09-18 15:00:00,288,16,8,633,0,11.2,11.0,1.9,0,1,0,0,0,0,0,1,0,0
2023-09-18 19:00:00,329,20,6,402,0,11.2,11.0,1.9,0,1,0,0,0,0,0,1,0,0
2023-09-18 01:00:00,16,2,1,159,0,11.2,11.0,1.9,0,1,0,0,0,0,0,1,0,0
2023-09-17 20:00:00,177,21,1,254,0,16.0,6.8,9.0,0,0,0,1,0,0,0,1,0,0
2023-09-17 21:00:00,151,22,1,141,0,16.0,6.8,9.0,0,0,0,1,0,0,0,1,0,0
2023-09-18 11:00:00,362,12,5,851,0,11.2,11.0,1.9,0,1,0,0,0,0,0,1,0,0
2023-09-17 00:00:00,96,1,1,409,0,16.0,6.8,9.0,0,0,0,1,0,0,0,1,0,0
2023-09-18 08:00:00,225,9,5,381,0,11.2,11.0,1.9,0,1,0,0,0,0,0,1,0,0
2023-09-18 20:00:00,212,21,0,157,0,11.2,11.0,1.9,0,1,0,0,0,0,0,1,0,0
2023-09-18 14:00:00,486,15,4,1041,0,11.2,11.0,1.9,0,1,0,0,0,0,0,1,0,0
2023-09-18 21:00:00,145,22,0,156,0,11.2,11.0,1.9,0,1,0,0,0,0,0,1,0,0
2023-09-17 07:00:00,57,8,1,83,0,16.0,6.8,9.0,0,0,0,1,0,0,0,1,0,0
2023-09-18 09:00:00,339,10,4,606,0,11.2,11.0,1.9,0,1,0,0,0,0,0,1,0,0
2023-09-17 23:00:00,54,0,1,167,0,16.0,6.8,9.0,0,0,0,1,0,0,0,1,0,0
2023-09-18 18:00:00,291,19,4,661,0,11.2,11.0,1.9,0,1,0,0,0,0,0,1,0,0
2023-09-18 02:00:00,42,3,4,178,0,11.2,11.0,1.9,0,1,0,0,0,0,0,1,0,0
2023-09-18 03:00:00,67,4,0,48,0,11.2,11.0,1.9,0,1,0,0,0,0,0,1,0,0
2023-09-18 07:00:00,246,8,3,316,0,11.2,11.0,1.9,0,1,0,0,0,0,0,1,0,0
2023-09-18 05:00:00,62,6,0,10,0,11.2,11.0,1.9,0,1,0,0,0,0,0,1,0,0
2023-09-17 19:00:00,202,20,0,320,0,16.0,6.8,9.0,0,0,0,1,0,0,0,1,0,0
2023-09-17 22:00:00,114,23,0,143,0,16.0,6.8,9.0,0,0,0,1,0,0,0,1,0,0
2023-09-17 03:00:00,105,4,0,511,0,16.0,6.8,9.0,0,0,0,1,0,0,0,1,0,0
2023-09-18 04:00:00,20,5,0,9,0,11.2,11.0,1.9,0,1,0,0,0,0,0,1,0,0
2023-09-17 04:00:00,54,5,0,41,0,16.0,6.8,9.0,0,0,0,1,0,0,0,1,0,0
2023-09-18 22:00:00,143,23,1,178,0,11.2,11.0,1.9,0,1,0,0,0,0,0,1,0,0
2023-09-17 05:00:00,28,6,0,22,0,16.0,6.8,9.0,0,0,0,1,0,0,0,1,0,0
2023-09-18 06:00:00,82,7,1,64,0,11.2,11.0,1.9,0,1,0,0,0,0,0,1,0,0
2023-09-18 23:00:00,79,0,1,121,0,11.2,11.0,1.9,0,1,0,0,0,0,0,1,0,0
2023-09-18 00:00:00,37,1,1,139,0,11.2,11.0,1.9,0,1,0,0,0,0,0,1,0,0
2023-09-20 06:00:00,104,7,0,122,0,15.9,9.4,0.2,0,0,0,0,0,0,1,1,0,0
2023-09-19 21:00:00,126,22,0,63,0,19.3,6.9,4.7,0,0,0,0,0,1,0,1,0,0
2023-09-21 16:00:00,224,17,14,719,0,15.4,9.2,0.0,0,0,0,0,1,0,0,1,0,0
2023-09-19 22:00:00,106,23,0,100,0,19.3,6.9,4.7,0,0,0,0,0,1,0,1,0,0
2023-09-19 23:00:00,78,0,0,65,0,19.3,6.9,4.7,0,0,0,0,0,1,0,1,0,0
2023-09-19 05:00:00,60,6,0,26,0,19.3,6.9,4.7,0,0,0,0,0,1,0,1,0,0
2023-09-19 00:00:00,52,1,0,39,0,19.3,6.9,4.7,0,0,0,0,0,1,0,1,0,0
2023-09-19 01:00:00,41,2,0,18,0,19.3,6.9,4.7,0,0,0,0,0,1,0,1,0,0
2023-09-19 02:00:00,27,3,0,19,0,19.3,6.9,4.7,0,0,0,0,0,1,0,1,0,0
2023-09-19 04:00:00,24,5,0,25,0,19.3,6.9,4.7,0,0,0,0,0,1,0,1,0,0
2023-09-19 03:00:00,20,4,0,7,0,19.3,6.9,4.7,0,0,0,0,0,1,0,1,0,0
2023-09-20 07:00:00,210,8,4,342,0,15.9,9.4,0.2,0,0,0,0,0,0,1,1,0,0
2023-09-21 13:00:00,424,14,13,996,0,15.4,9.2,0.0,0,0,0,0,1,0,0,1,0,0
2023-09-20 00:00:00,57,1,0,50,0,15.9,9.4,0.2,0,0,0,0,0,0,1,1,0,0
2023-09-21 08:00:00,118,9,32,359,0,15.4,9.2,0.0,0,0,0,0,1,0,0,1,0,0
2023-09-20 19:00:00,90,20,4,226,0,15.9,9.4,0.2,0,0,0,0,0,0,1,1,0,0
2023-09-20 17:00:00,174,18,20,543,0,15.9,9.4,0.2,0,0,0,0,0,0,1,1,0,0
2023-09-20 05:00:00,51,6,0,23,0,15.9,9.4,0.2,0,0,0,0,0,0,1,1,0,0
2023-09-20 21:00:00,63,22,4,120,0,15.9,9.4,0.2,0,0,0,0,0,0,1,1,0,0
2023-09-20 20:00:00,54,21,4,158,0,15.9,9.4,0.2,0,0,0,0,0,0,1,1,0,0
2023-09-21 10:00:00,450,11,21,777,0,15.4,9.2,0.0,0,0,0,0,1,0,0,1,0,0
2023-09-21 09:00:00,380,10,16,549,0,15.4,9.2,0.0,0,0,0,0,1,0,0,1,0,0
2023-09-20 22:00:00,42,23,0,133,0,15.9,9.4,0.2,0,0,0,0,0,0,1,1,0,0
2023-09-21 15:00:00,404,16,4,872,0,15.4,9.2,0.0,0,0,0,0,1,0,0,1,0,0
2023-09-20 04:00:00,34,5,0,15,0,15.9,9.4,0.2,0,0,0,0,0,0,1,1,0,0
2023-09-20 02:00:00,31,3,0,28,0,15.9,9.4,0.2,0,0,0,0,0,0,1,1,0,0
2023-09-20 14:00:00,475,15,3,1292,0,15.9,9.4,0.2,0,0,0,0,0,0,1,1,0,0
2023-09-20 03:00:00,21,4,0,70,0,15.9,9.4,0.2,0,0,0,0,0,0,1,1,0,0
2023-09-21 22:00:00,78,23,4,131,0,15.4,9.2,0.0,0,0,0,0,1,0,0,1,0,0
2023-09-20 10:00:00,462,11,3,1275,0,15.9,9.4,0.2,0,0,0,0,0,0,1,1,0,0
2023-09-21 19:00:00,70,20,4,280,0,15.4,9.2,0.0,0,0,0,0,1,0,0,1,0,0
2023-09-20 15:00:00,395,16,3,218,0,15.9,9.4,0.2,0,0,0,0,0,0,1,1,0,0
2023-09-21 07:00:00,84,8,11,211,0,15.4,9.2,0.0,0,0,0,0,1,0,0,1,0,0
2023-09-21 17:00:00,167,18,10,598,0,15.4,9.2,0.0,0,0,0,0,1,0,0,1,0,0
2023-09-21 20:00:00,63,21,3,156,0,15.4,9.2,0.0,0,0,0,0,1,0,0,1,0,0
2023-09-20 11:00:00,494,12,2,1601,0,15.9,9.4,0.2,0,0,0,0,0,0,1,1,0,0
2023-09-21 23:00:00,56,0,3,225,0,15.4,9.2,0.0,0,0,0,0,1,0,0,1,0,0
2023-09-21 06:00:00,35,7,3,78,0,15.4,9.2,0.0,0,0,0,0,1,0,0,1,0,0
2023-09-21 03:00:00,21,4,3,13,0,15.4,9.2,0.0,0,0,0,0,1,0,0,1,0,0
2023-09-20 01:00:00,49,2,1,43,0,15.9,9.4,0.2,0,0,0,0,0,0,1,1,0,0
2023-09-20 23:00:00,39,0,1,108,0,15.9,9.4,0.2,0,0,0,0,0,0,1,1,0,0
2023-09-20 08:00:00,311,9,0,648,0,15.9,9.4,0.2,0,0,0,0,0,0,1,1,0,0
2023-09-21 14:00:00,469,15,2,645,0,15.4,9.2,0.0,0,0,0,0,1,0,0,1,0,0
2023-09-20 13:00:00,499,14,8,1669,0,15.9,9.4,0.2,0,0,0,0,0,0,1,1,0,0
2023-09-21 12:00:00,506,13,7,842,0,15.4,9.2,0.0,0,0,0,0,1,0,0,1,0,0
2023-09-20 16:00:00,209,17,7,713,0,15.9,9.4,0.2,0,0,0,0,0,0,1,1,0,0
2023-09-21 11:00:00,486,12,7,871,0,15.4,9.2,0.0,0,0,0,0,1,0,0,1,0,0
2023-09-20 18:00:00,122,19,7,377,0,15.9,9.4,0.2,0,0,0,0,0,0,1,1,0,0
2023-09-21 18:00:00,124,19,6,463,0,15.4,9.2,0.0,0,0,0,0,1,0,0,1,0,0
2023-09-20 12:00:00,488,13,5,1540,0,15.9,9.4,0.2,0,0,0,0,0,0,1,1,0,0
2023-09-21 21:00:00,164,22,1,208,0,15.4,9.2,0.0,0,0,0,0,1,0,0,1,0,0
2023-09-21 05:00:00,21,6,1,22,0,15.4,9.2,0.0,0,0,0,0,1,0,0,1,0,0
2023-09-21 01:00:00,14,2,1,57,0,15.4,9.2,0.0,0,0,0,0,1,0,0,1,0,0
2023-09-20 09:00:00,384,10,4,898,0,15.9,9.4,0.2,0,0,0,0,0,0,1,1,0,0
2023-09-22 21:00:00,67,22,0,205,0,11.2,8.2,0.0,1,0,0,0,0,0,0,1,0,0
2023-09-22 12:00:00,537,13,3,1965,0,11.2,8.2,0.0,1,0,0,0,0,0,0,1,0,0
2023-09-23 17:00:00,440,18,9,1347,0,18.3,6.9,1.2,0,0,1,0,0,0,0,1,0,0
2023-09-22 05:00:00,17,6,0,38,0,11.2,8.2,0.0,1,0,0,0,0,0,0,1,0,0
2023-09-22 04:00:00,14,5,0,4,0,11.2,8.2,0.0,1,0,0,0,0,0,0,1,0,0
2023-09-22 15:00:00,359,16,3,867,0,11.2,8.2,0.0,1,0,0,0,0,0,0,1,0,0
2023-09-22 03:00:00,10,4,0,19,0,11.2,8.2,0.0,1,0,0,0,0,0,0,1,0,0
2023-09-22 08:00:00,314,9,3,846,0,11.2,8.2,0.0,1,0,0,0,0,0,0,1,0,0
2023-09-23 04:00:00,19,5,3,46,0,18.3,6.9,1.2,0,0,1,0,0,0,0,1,0,0
2023-09-22 17:00:00,400,18,13,1399,0,11.2,8.2,0.0,1,0,0,0,0,0,0,1,0,0
2023-09-23 23:00:00,95,0,7,443,0,18.3,6.9,1.2,0,0,1,0,0,0,0,1,0,0
2023-09-23 13:00:00,541,14,6,2081,0,18.3,6.9,1.2,0,0,1,0,0,0,0,1,0,0
2023-09-23 14:00:00,564,15,5,1964,0,18.3,6.9,1.2,0,0,1,0,0,0,0,1,0,0
2023-09-23 01:00:00,91,2,5,356,0,18.3,6.9,1.2,0,0,1,0,0,0,0,1,0,0
2023-09-23 11:00:00,513,12,4,2127,0,18.3,6.9,1.2,0,0,1,0,0,0,0,1,0,0
2023-09-23 08:00:00,243,9,4,615,0,18.3,6.9,1.2,0,0,1,0,0,0,0,1,0,0
2023-09-23 22:00:00,102,23,4,271,0,18.3,6.9,1.2,0,0,1,0,0,0,0,1,0,0
2023-09-23 20:00:00,78,21,4,240,0,18.3,6.9,1.2,0,0,1,0,0,0,0,1,0,0
2023-09-23 21:00:00,70,22,4,223,0,18.3,6.9,1.2,0,0,1,0,0,0,0,1,0,0
2023-09-22 00:00:00,27,1,3,146,0,11.2,8.2,0.0,1,0,0,0,0,0,0,1,0,0
2023-09-22 18:00:00,135,19,10,440,0,11.2,8.2,0.0,1,0,0,0,0,0,0,1,0,0
2023-09-22 16:00:00,536,17,9,1891,0,11.2,8.2,0.0,1,0,0,0,0,0,0,1,0,0
2023-09-22 06:00:00,39,7,7,67,0,11.2,8.2,0.0,1,0,0,0,0,0,0,1,0,0
2023-09-22 10:00:00,444,11,6,1645,0,11.2,8.2,0.0,1,0,0,0,0,0,0,1,0,0
2023-09-22 19:00:00,112,20,6,333,0,11.2,8.2,0.0,1,0,0,0,0,0,0,1,0,0
2023-09-22 20:00:00,109,21,6,267,0,11.2,8.2,0.0,1,0,0,0,0,0,0,1,0,0
2023-09-22 11:00:00,467,12,5,1891,0,11.2,8.2,0.0,1,0,0,0,0,0,0,1,0,0
2023-09-22 09:00:00,445,10,5,1243,0,11.2,8.2,0.0,1,0,0,0,0,0,0,1,0,0
2023-09-22 22:00:00,70,23,5,210,0,11.2,8.2,0.0,1,0,0,0,0,0,0,1,0,0
2023-09-22 23:00:00,104,0,4,338,0,11.2,8.2,0.0,1,0,0,0,0,0,0,1,0,0
2023-09-23 15:00:00,477,16,2,1947,0,18.3,6.9,1.2,0,0,1,0,0,0,0,1,0,0
2023-09-22 14:00:00,408,15,2,867,0,11.2,8.2,0.0,1,0,0,0,0,0,0,1,0,0
2023-09-23 10:00:00,430,11,2,1686,0,18.3,6.9,1.2,0,0,1,0,0,0,0,1,0,0
2023-09-23 09:00:00,410,10,2,1241,0,18.3,6.9,1.2,0,0,1,0,0,0,0,1,0,0
2023-09-23 19:00:00,244,20,2,590,0,18.3,6.9,1.2,0,0,1,0,0,0,0,1,0,0
2023-09-22 07:00:00,138,8,14,286,0,11.2,8.2,0.0,1,0,0,0,0,0,0,1,0,0
2023-09-22 13:00:00,390,14,1,865,0,11.2,8.2,0.0,1,0,0,0,0,0,0,1,0,0
2023-09-21 00:00:00,22,1,0,92,0,15.4,9.2,0.0,0,0,0,0,1,0,0,1,0,0
2023-09-23 06:00:00,65,7,2,78,0,18.3,6.9,1.2,0,0,1,0,0,0,0,1,0,0
2023-09-23 12:00:00,570,13,1,2111,0,18.3,6.9,1.2,0,0,1,0,0,0,0,1,0,0
2023-09-23 00:00:00,81,1,1,288,0,18.3,6.9,1.2,0,0,1,0,0,0,0,1,0,0
2023-09-23 05:00:00,40,6,1,16,0,18.3,6.9,1.2,0,0,1,0,0,0,0,1,0,0
2023-09-23 18:00:00,321,19,0,590,0,18.3,6.9,1.2,0,0,1,0,0,0,0,1,0,0
2023-09-23 07:00:00,165,8,0,362,0,18.3,6.9,1.2,0,0,1,0,0,0,0,1,0,0
2023-09-21 02:00:00,14,3,0,245,0,15.4,9.2,0.0,0,0,0,0,1,0,0,1,0,0
2023-09-22 01:00:00,45,2,1,137,0,11.2,8.2,0.0,1,0,0,0,0,0,0,1,0,0
2023-09-22 02:00:00,20,3,1,157,0,11.2,8.2,0.0,1,0,0,0,0,0,0,1,0,0
2023-09-21 04:00:00,1,5,0,5,0,15.4,9.2,0.0,0,0,0,0,1,0,0,1,0,0
2023-09-23 16:00:00,500,17,11,1756,0,18.3,6.9,1.2,0,0,1,0,0,0,0,1,0,0
2023-09-25 17:00:00,402,18,9,1484,0,16.7,12.4,0.0,0,1,0,0,0,0,0,1,0,0
2023-09-24 10:00:00,247,11,5,548,0,18.8,9.3,2.5,0,0,0,1,0,0,0,1,0,0
2023-09-23 03:00:00,63,4,0,354,0,18.3,6.9,1.2,0,0,1,0,0,0,0,1,0,0
2023-09-23 02:00:00,45,3,0,229,0,18.3,6.9,1.2,0,0,1,0,0,0,0,1,0,0
2023-09-25 16:00:00,402,17,8,1545,0,16.7,12.4,0.0,0,1,0,0,0,0,0,1,0,0
2023-09-24 15:00:00,329,16,13,1284,0,18.8,9.3,2.5,0,0,0,1,0,0,0,1,0,0
2023-09-24 03:00:00,62,4,1,314,0,18.8,9.3,2.5,0,0,0,1,0,0,0,1,0,0
2023-09-24 16:00:00,303,17,4,1346,0,18.8,9.3,2.5,0,0,0,1,0,0,0,1,0,0
2023-09-24 04:00:00,52,5,1,33,0,18.8,9.3,2.5,0,0,0,1,0,0,0,1,0,0
2023-09-25 18:00:00,297,19,7,996,0,16.7,12.4,0.0,0,1,0,0,0,0,0,1,0,0
2023-09-24 06:00:00,47,7,1,57,0,18.8,9.3,2.5,0,0,0,1,0,0,0,1,0,0
2023-09-24 13:00:00,366,14,11,868,0,18.8,9.3,2.5,0,0,0,1,0,0,0,1,0,0
2023-09-25 03:00:00,19,4,1,113,0,16.7,12.4,0.0,0,1,0,0,0,0,0,1,0,0
2023-09-24 22:00:00,39,23,1,130,0,18.8,9.3,2.5,0,0,0,1,0,0,0,1,0,0
2023-09-24 14:00:00,358,15,11,1028,0,18.8,9.3,2.5,0,0,0,1,0,0,0,1,0,0
2023-09-24 19:00:00,182,20,4,388,0,18.8,9.3,2.5,0,0,0,1,0,0,0,1,0,0
2023-09-24 05:00:00,38,6,1,23,0,18.8,9.3,2.5,0,0,0,1,0,0,0,1,0,0
2023-09-24 08:00:00,87,9,4,147,0,18.8,9.3,2.5,0,0,0,1,0,0,0,1,0,0
2023-09-25 13:00:00,445,14,5,1515,0,16.7,12.4,0.0,0,1,0,0,0,0,0,1,0,0
2023-09-24 07:00:00,56,8,9,71,0,18.8,9.3,2.5,0,0,0,1,0,0,0,1,0,0
2023-09-25 06:00:00,98,7,0,125,0,16.7,12.4,0.0,0,1,0,0,0,0,0,1,0,0
2023-09-25 11:00:00,442,12,4,1803,0,16.7,12.4,0.0,0,1,0,0,0,0,0,1,0,0
2023-09-25 09:00:00,362,10,4,999,0,16.7,12.4,0.0,0,1,0,0,0,0,0,1,0,0
2023-09-25 14:00:00,479,15,3,1208,0,16.7,12.4,0.0,0,1,0,0,0,0,0,1,0,0
2023-09-25 08:00:00,300,9,3,826,0,16.7,12.4,0.0,0,1,0,0,0,0,0,1,0,0
2023-09-25 19:00:00,267,20,3,519,0,16.7,12.4,0.0,0,1,0,0,0,0,0,1,0,0
2023-09-25 07:00:00,194,8,3,424,0,16.7,12.4,0.0,0,1,0,0,0,0,0,1,0,0
2023-09-25 15:00:00,433,16,2,1004,0,16.7,12.4,0.0,0,1,0,0,0,0,0,1,0,0
2023-09-25 10:00:00,374,11,2,1539,0,16.7,12.4,0.0,0,1,0,0,0,0,0,1,0,0
2023-09-25 21:00:00,127,22,2,172,0,16.7,12.4,0.0,0,1,0,0,0,0,0,1,0,0
2023-09-25 22:00:00,116,23,2,103,0,16.7,12.4,0.0,0,1,0,0,0,0,0,1,0,0
2023-09-25 20:00:00,94,21,2,380,0,16.7,12.4,0.0,0,1,0,0,0,0,0,1,0,0
2023-09-25 23:00:00,79,0,0,55,0,16.7,12.4,0.0,0,1,0,0,0,0,0,1,0,0
2023-09-24 12:00:00,339,13,8,914,0,18.8,9.3,2.5,0,0,0,1,0,0,0,1,0,0
2023-09-25 05:00:00,48,6,0,40,0,16.7,12.4,0.0,0,1,0,0,0,0,0,1,0,0
2023-09-25 02:00:00,43,3,0,239,0,16.7,12.4,0.0,0,1,0,0,0,0,0,1,0,0
2023-09-25 01:00:00,38,2,0,177,0,16.7,12.4,0.0,0,1,0,0,0,0,0,1,0,0
2023-09-25 00:00:00,34,1,0,150,0,16.7,12.4,0.0,0,1,0,0,0,0,0,1,0,0
2023-09-25 04:00:00,12,5,0,9,0,16.7,12.4,0.0,0,1,0,0,0,0,0,1,0,0
2023-09-24 21:00:00,350,22,0,82,0,18.8,9.3,2.5,0,0,0,1,0,0,0,1,0,0
2023-09-24 11:00:00,308,12,8,594,0,18.8,9.3,2.5,0,0,0,1,0,0,0,1,0,0
2023-09-24 20:00:00,287,21,0,159,0,18.8,9.3,2.5,0,0,0,1,0,0,0,1,0,0
2023-09-24 09:00:00,134,10,8,320,0,18.8,9.3,2.5,0,0,0,1,0,0,0,1,0,0
2023-09-24 01:00:00,94,2,0,280,0,18.8,9.3,2.5,0,0,0,1,0,0,0,1,0,0
2023-09-24 00:00:00,77,1,2,457,0,18.8,9.3,2.5,0,0,0,1,0,0,0,1,0,0
2023-09-24 23:00:00,46,0,2,214,0,18.8,9.3,2.5,0,0,0,1,0,0,0,1,0,0
2023-09-24 17:00:00,259,18,1,908,0,18.8,9.3,2.5,0,0,0,1,0,0,0,1,0,0
2023-09-24 18:00:00,249,19,1,662,0,18.8,9.3,2.5,0,0,0,1,0,0,0,1,0,0
2023-09-24 02:00:00,32,3,0,204,0,18.8,9.3,2.5,0,0,0,1,0,0,0,1,0,0
2023-09-25 12:00:00,410,13,10,1932,0,16.7,12.4,0.0,0,1,0,0,0,0,0,1,0,0
2023-09-26 06:00:00,114,7,1,151,0,15.1,11.4,0.5,0,0,0,0,0,1,0,1,0,0
2023-09-26 13:00:00,313,14,14,862,0,15.1,11.4,0.5,0,0,0,0,0,1,0,1,0,0
2023-09-26 05:00:00,45,6,1,55,0,15.1,11.4,0.5,0,0,0,0,0,1,0,1,0,0
2023-09-27 05:00:00,53,6,0,17,0,15.6,6.3,9.4,0,0,0,0,0,0,1,1,0,0
2023-09-26 04:00:00,14,5,1,3,0,15.1,11.4,0.5,0,0,0,0,0,1,0,1,0,0
2023-09-26 14:00:00,243,15,12,608,0,15.1,11.4,0.5,0,0,0,0,0,1,0,1,0,0
2023-09-27 02:00:00,37,3,0,31,0,15.6,6.3,9.4,0,0,0,0,0,0,1,1,0,0
2023-09-27 07:00:00,229,8,2,480,0,15.6,6.3,9.4,0,0,0,0,0,0,1,1,0,0
2023-09-26 23:00:00,93,0,0,139,0,15.1,11.4,0.5,0,0,0,0,0,1,0,1,0,0
2023-09-27 20:00:00,228,21,2,205,0,15.6,6.3,9.4,0,0,0,0,0,0,1,1,0,0
2023-09-27 14:00:00,515,15,12,1236,0,15.6,6.3,9.4,0,0,0,0,0,0,1,1,0,0
2023-09-27 04:00:00,30,5,0,10,0,15.6,6.3,9.4,0,0,0,0,0,0,1,1,0,0
2023-09-26 08:00:00,329,9,4,860,0,15.1,11.4,0.5,0,0,0,0,0,1,0,1,0,0
2023-09-26 22:00:00,163,23,4,208,0,15.1,11.4,0.5,0,0,0,0,0,1,0,1,0,0
2023-09-26 16:00:00,541,17,3,1601,0,15.1,11.4,0.5,0,0,0,0,0,1,0,1,0,0
2023-09-26 15:00:00,442,16,3,1317,0,15.1,11.4,0.5,0,0,0,0,0,1,0,1,0,0
2023-09-26 21:00:00,156,22,2,257,0,15.1,11.4,0.5,0,0,0,0,0,1,0,1,0,0
2023-09-26 10:00:00,446,11,1,1499,0,15.1,11.4,0.5,0,0,0,0,0,1,0,1,0,0
2023-09-26 19:00:00,249,20,1,317,0,15.1,11.4,0.5,0,0,0,0,0,1,0,1,0,0
2023-09-26 20:00:00,208,21,1,318,0,15.1,11.4,0.5,0,0,0,0,0,1,0,1,0,0
2023-09-27 03:00:00,21,4,0,33,0,15.6,6.3,9.4,0,0,0,0,0,0,1,1,0,0
2023-09-26 09:00:00,226,10,11,851,0,15.1,11.4,0.5,0,0,0,0,0,1,0,1,0,0
2023-09-27 13:00:00,475,14,10,1360,0,15.6,6.3,9.4,0,0,0,0,0,0,1,1,0,0
2023-09-26 00:00:00,41,1,0,51,0,15.1,11.4,0.5,0,0,0,0,0,1,0,1,0,0
2023-09-27 19:00:00,249,20,1,127,0,15.6,6.3,9.4,0,0,0,0,0,0,1,1,0,0
2023-09-27 21:00:00,171,22,1,146,0,15.6,6.3,9.4,0,0,0,0,0,0,1,1,0,0
2023-09-27 06:00:00,106,7,1,94,0,15.6,6.3,9.4,0,0,0,0,0,0,1,1,0,0
2023-09-27 23:00:00,66,0,1,145,0,15.6,6.3,9.4,0,0,0,0,0,0,1,1,0,0
2023-09-27 01:00:00,47,2,1,51,0,15.6,6.3,9.4,0,0,0,0,0,0,1,1,0,0
2023-09-27 10:00:00,384,11,0,1321,0,15.6,6.3,9.4,0,0,0,0,0,0,1,1,0,0
2023-09-27 22:00:00,145,23,0,114,0,15.6,6.3,9.4,0,0,0,0,0,0,1,1,0,0
2023-09-27 00:00:00,74,1,0,72,0,15.6,6.3,9.4,0,0,0,0,0,0,1,1,0,0
2023-09-26 01:00:00,35,2,0,14,0,15.1,11.4,0.5,0,0,0,0,0,1,0,1,0,0
2023-09-26 17:00:00,466,18,9,1067,0,15.1,11.4,0.5,0,0,0,0,0,1,0,1,0,0
2023-09-26 02:00:00,17,3,0,9,0,15.1,11.4,0.5,0,0,0,0,0,1,0,1,0,0
2023-09-26 03:00:00,8,4,0,6,0,15.1,11.4,0.5,0,0,0,0,0,1,0,1,0,0
2023-09-27 16:00:00,485,17,8,737,0,15.6,6.3,9.4,0,0,0,0,0,0,1,1,0,0
2023-09-27 17:00:00,478,18,8,466,0,15.6,6.3,9.4,0,0,0,0,0,0,1,1,0,0
2023-09-26 11:00:00,408,12,8,1638,0,15.1,11.4,0.5,0,0,0,0,0,1,0,1,0,0
2023-09-26 18:00:00,456,19,7,641,0,15.1,11.4,0.5,0,0,0,0,0,1,0,1,0,0
2023-09-27 12:00:00,263,13,6,879,0,15.6,6.3,9.4,0,0,0,0,0,0,1,1,0,0
2023-09-26 07:00:00,199,8,7,473,0,15.1,11.4,0.5,0,0,0,0,0,1,0,1,0,0
2023-09-27 15:00:00,562,16,5,923,0,15.6,6.3,9.4,0,0,0,0,0,0,1,1,0,0
2023-09-26 12:00:00,580,13,6,1750,0,15.1,11.4,0.5,0,0,0,0,0,1,0,1,0,0
2023-09-27 09:00:00,368,10,3,1066,0,15.6,6.3,9.4,0,0,0,0,0,0,1,1,0,0
2023-09-27 08:00:00,308,9,3,818,0,15.6,6.3,9.4,0,0,0,0,0,0,1,1,0,0
2023-09-27 11:00:00,300,12,3,1330,0,15.6,6.3,9.4,0,0,0,0,0,0,1,1,0,0
2023-09-27 18:00:00,438,19,2,344,0,15.6,6.3,9.4,0,0,0,0,0,0,1,1,0,0
2023-09-28 07:00:00,158,8,3,522,0,16.9,11.1,0.5,0,0,0,0,1,0,0,1,0,0
2023-09-29 09:00:00,441,10,9,746,0,11.2,11.2,0.0,1,0,0,0,0,0,0,1,0,0
2023-09-28 10:00:00,227,11,2,822,0,16.9,11.1,0.5,0,0,0,0,1,0,0,1,0,0
2023-09-28 19:00:00,180,20,2,328,0,16.9,11.1,0.5,0,0,0,0,1,0,0,1,0,0
2023-09-28 06:00:00,120,7,2,70,0,16.9,11.1,0.5,0,0,0,0,1,0,0,1,0,0
2023-09-28 21:00:00,175,22,1,266,0,16.9,11.1,0.5,0,0,0,0,1,0,0,1,0,0
2023-09-28 01:00:00,22,2,1,55,0,16.9,11.1,0.5,0,0,0,0,1,0,0,1,0,0
2023-09-28 18:00:00,315,19,0,769,0,16.9,11.1,0.5,0,0,0,0,1,0,0,1,0,0
2023-09-28 20:00:00,252,21,0,338,0,16.9,11.1,0.5,0,0,0,0,1,0,0,1,0,0
2023-09-28 22:00:00,134,23,0,183,0,16.9,11.1,0.5,0,0,0,0,1,0,0,1,0,0
2023-09-28 23:00:00,95,0,0,100,0,16.9,11.1,0.5,0,0,0,0,1,0,0,1,0,0
2023-09-28 05:00:00,64,6,0,32,0,16.9,11.1,0.5,0,0,0,0,1,0,0,1,0,0
2023-09-29 04:00:00,20,5,0,12,0,11.2,11.2,0.0,1,0,0,0,0,0,0,1,0,0
2023-09-29 12:00:00,593,13,12,1315,0,11.2,11.2,0.0,1,0,0,0,0,0,0,1,0,0
2023-09-29 16:00:00,563,17,12,1507,0,11.2,11.2,0.0,1,0,0,0,0,0,0,1,0,0
2023-09-29 17:00:00,528,18,8,1799,0,11.2,11.2,0.0,1,0,0,0,0,0,0,1,0,0
2023-09-29 11:00:00,510,12,8,1207,0,11.2,11.2,0.0,1,0,0,0,0,0,0,1,0,0
2023-09-28 00:00:00,26,1,0,146,0,16.9,11.1,0.5,0,0,0,0,1,0,0,1,0,0
2023-09-28 17:00:00,436,18,14,1731,0,16.9,11.1,0.5,0,0,0,0,1,0,0,1,0,0
2023-09-28 09:00:00,183,10,14,720,0,16.9,11.1,0.5,0,0,0,0,1,0,0,1,0,0
2023-09-28 13:00:00,334,14,11,1103,0,16.9,11.1,0.5,0,0,0,0,1,0,0,1,0,0
2023-09-28 12:00:00,189,13,11,515,0,16.9,11.1,0.5,0,0,0,0,1,0,0,1,0,0
2023-09-28 04:00:00,25,5,0,11,0,16.9,11.1,0.5,0,0,0,0,1,0,0,1,0,0
2023-09-28 02:00:00,20,3,0,152,0,16.9,11.1,0.5,0,0,0,0,1,0,0,1,0,0
2023-09-29 14:00:00,708,15,6,883,0,11.2,11.2,0.0,1,0,0,0,0,0,0,1,0,0
2023-09-29 08:00:00,349,9,6,683,0,11.2,11.2,0.0,1,0,0,0,0,0,0,1,0,0
2023-09-29 15:00:00,520,16,5,890,0,11.2,11.2,0.0,1,0,0,0,0,0,0,1,0,0
2023-09-29 10:00:00,505,11,5,1125,0,11.2,11.2,0.0,1,0,0,0,0,0,0,1,0,0
2023-09-29 23:00:00,81,0,4,413,0,11.2,11.2,0.0,1,0,0,0,0,0,0,1,0,0
2023-09-29 18:00:00,620,19,3,1251,0,11.2,11.2,0.0,1,0,0,0,0,0,0,1,0,0
2023-09-29 13:00:00,589,14,3,1274,0,11.2,11.2,0.0,1,0,0,0,0,0,0,1,0,0
2023-09-29 20:00:00,266,21,3,341,0,11.2,11.2,0.0,1,0,0,0,0,0,0,1,0,0
2023-09-28 03:00:00,8,4,0,8,0,16.9,11.1,0.5,0,0,0,0,1,0,0,1,0,0
2023-09-28 11:00:00,175,12,8,436,0,16.9,11.1,0.5,0,0,0,0,1,0,0,1,0,0
2023-09-28 08:00:00,159,9,8,601,0,16.9,11.1,0.5,0,0,0,0,1,0,0,1,0,0
2023-09-28 14:00:00,577,15,7,1951,0,16.9,11.1,0.5,0,0,0,0,1,0,0,1,0,0
2023-09-28 15:00:00,453,16,5,1881,0,16.9,11.1,0.5,0,0,0,0,1,0,0,1,0,0
2023-09-28 16:00:00,485,17,4,1987,0,16.9,11.1,0.5,0,0,0,0,1,0,0,1,0,0
2023-09-29 00:00:00,87,1,1,86,0,11.2,11.2,0.0,1,0,0,0,0,0,0,1,0,0
2023-09-29 03:00:00,67,4,1,115,0,11.2,11.2,0.0,1,0,0,0,0,0,0,1,0,0
2023-09-29 05:00:00,56,6,1,43,0,11.2,11.2,0.0,1,0,0,0,0,0,0,1,0,0
2023-09-29 01:00:00,38,2,1,58,0,11.2,11.2,0.0,1,0,0,0,0,0,0,1,0,0
2023-09-29 19:00:00,364,20,0,431,0,11.2,11.2,0.0,1,0,0,0,0,0,0,1,0,0
2023-09-29 21:00:00,215,22,0,289,0,11.2,11.2,0.0,1,0,0,0,0,0,0,1,0,0
2023-09-29 07:00:00,176,8,0,361,0,11.2,11.2,0.0,1,0,0,0,0,0,0,1,0,0
2023-09-29 22:00:00,139,23,0,210,0,11.2,11.2,0.0,1,0,0,0,0,0,0,1,0,0
2023-09-29 06:00:00,102,7,0,101,0,11.2,11.2,0.0,1,0,0,0,0,0,0,1,0,0
2023-09-29 02:00:00,37,3,0,82,0,11.2,11.2,0.0,1,0,0,0,0,0,0,1,0,0
2023-09-30 19:00:00,380,20,1,316,0,18.6,7.7,2.1,0,0,1,0,0,0,0,1,0,0
2023-09-30 21:00:00,206,22,1,228,0,18.6,7.7,2.1,0,0,1,0,0,0,0,1,0,0
2023-09-30 07:00:00,113,8,1,257,0,18.6,7.7,2.1,0,0,1,0,0,0,0,1,0,0
2023-09-30 04:00:00,31,5,1,24,0,18.6,7.7,2.1,0,0,1,0,0,0,0,1,0,0
2023-09-30 20:00:00,342,21,0,228,0,18.6,7.7,2.1,0,0,1,0,0,0,0,1,0,0
2023-09-30 03:00:00,66,4,0,369,0,18.6,7.7,2.1,0,0,1,0,0,0,0,1,0,0
2023-09-30 05:00:00,11,6,0,28,0,18.6,7.7,2.1,0,0,1,0,0,0,0,1,0,0
2023-09-30 12:00:00,530,13,5,1577,0,18.6,7.7,2.1,0,0,1,0,0,0,0,1,0,0
2023-09-30 18:00:00,480,19,5,737,0,18.6,7.7,2.1,0,0,1,0,0,0,0,1,0,0
2023-09-30 14:00:00,518,15,4,1585,0,18.6,7.7,2.1,0,0,1,0,0,0,0,1,0,0
2023-09-30 13:00:00,454,14,4,1937,0,18.6,7.7,2.1,0,0,1,0,0,0,0,1,0,0
2023-09-30 09:00:00,328,10,4,980,0,18.6,7.7,2.1,0,0,1,0,0,0,0,1,0,0
2023-09-30 11:00:00,565,12,3,1621,0,18.6,7.7,2.1,0,0,1,0,0,0,0,1,0,0
2023-09-30 16:00:00,488,17,11,1709,0,18.6,7.7,2.1,0,0,1,0,0,0,0,1,0,0
2023-09-30 08:00:00,251,9,3,507,0,18.6,7.7,2.1,0,0,1,0,0,0,0,1,0,0
2023-09-30 01:00:00,71,2,3,454,0,18.6,7.7,2.1,0,0,1,0,0,0,0,1,0,0
2023-09-30 02:00:00,70,3,3,292,0,18.6,7.7,2.1,0,0,1,0,0,0,0,1,0,0
2023-09-30 15:00:00,551,16,2,1608,0,18.6,7.7,2.1,0,0,1,0,0,0,0,1,0,0
2023-09-30 23:00:00,133,0,2,412,0,18.6,7.7,2.1,0,0,1,0,0,0,0,1,0,0
2023-09-30 00:00:00,86,1,2,418,0,18.6,7.7,2.1,0,0,1,0,0,0,0,1,0,0
2023-09-30 22:00:00,66,23,2,233,0,18.6,7.7,2.1,0,0,1,0,0,0,0,1,0,0
2023-09-30 06:00:00,15,7,2,82,0,18.6,7.7,2.1,0,0,1,0,0,0,0,1,0,0
2023-09-30 17:00:00,483,18,6,1220,0,18.6,7.7,2.1,0,0,1,0,0,0,0,1,0,0
2023-09-30 10:00:00,419,11,6,1418,0,18.6,7.7,2.1,0,0,1,0,0,0,0,1,0,0
