ds,y,Finishing time,Number of Bicycles,Number of Road Vehicles,isHoliday,TMAX,TMIN,PRCP,Day of the Week_Fri,Day of the Week_Mon,Day of the Week_Sat,Day of the Week_Sun,Day of the Week_Thu,Day of the Week_Tue,Day of the Week_Wed,TimeZone_BST,TimeZone_GMT,days_since_record
2024-07-07 18:00:00,2116,19,172,92,0,19.4,8.4,2.8,0,0,0,1,0,0,0,1,0,0
2024-07-23 19:00:00,2097,20,125,92,0,20.1,12.5,0.2,0,0,0,0,0,1,0,1,0,0
2024-07-23 17:00:00,1367,18,103,84,0,20.1,12.5,0.2,0,0,0,0,0,1,0,1,0,0
2024-07-23 18:00:00,2010,19,95,177,0,20.1,12.5,0.2,0,0,0,0,0,1,0,1,0,0
2024-07-07 19:00:00,1805,20,90,186,0,19.4,8.4,2.8,0,0,0,1,0,0,0,1,0,0
2024-07-23 16:00:00,2354,17,90,173,0,20.1,12.5,0.2,0,0,0,0,0,1,0,1,0,0
2024-07-30 16:00:00,1789,17,81,21,0,11.2,5.5,0.2,0,0,0,0,0,1,0,1,0,0
2024-07-31 12:00:00,3801,13,79,129,0,22.9,7.9,0.3,0,0,0,0,0,0,1,1,0,0
2024-07-23 15:00:00,2855,16,78,89,0,20.1,12.5,0.2,0,0,0,0,0,1,0,1,0,0
2024-07-08 18:00:00,1403,19,71,155,0,16.9,7.0,0.0,0,1,0,0,0,0,0,1,0,0
2024-07-08 21:00:00,995,22,69,171,0,16.9,7.0,0.0,0,1,0,0,0,0,0,1,0,0
2024-07-14 18:00:00,1343,19,65,210,0,20.1,5.5,0.4,0,0,0,1,0,0,0,1,0,0
2024-07-07 20:00:00,1279,21,65,92,0,19.4,8.4,2.8,0,0,0,1,0,0,0,1,0,0
2024-07-08 14:00:00,2324,15,64,41,0,16.9,7.0,0.0,0,1,0,0,0,0,0,1,0,0
2024-07-31 17:00:00,1929,18,63,136,0,22.9,7.9,0.3,0,0,0,0,0,0,1,1,0,0
2024-07-31 13:00:00,3212,14,60,83,0,22.9,7.9,0.3,0,0,0,0,0,0,1,1,0,0
2024-07-09 15:00:00,1797,16,59,115,0,16.7,10.8,2.6,0,0,0,0,0,1,0,1,0,0
2024-07-30 17:00:00,1715,18,58,81,0,11.2,5.5,0.2,0,0,0,0,0,1,0,1,0,0
2024-07-31 18:00:00,1873,19,57,186,0,22.9,7.9,0.3,0,0,0,0,0,0,1,1,0,0
2024-07-27 12:00:00,2125,13,56,106,0,22.0,5.5,0.0,0,0,1,0,0,0,0,1,0,0
2024-07-26 16:00:00,2125,17,53,86,0,20.9,9.0,0.0,1,0,0,0,0,0,0,1,0,0
2024-07-25 12:00:00,3086,13,52,262,0,19.8,12.4,0.0,0,0,0,0,1,0,0,1,0,0
2024-07-15 13:00:00,3131,14,52,140,0,19.2,10.6,0.0,0,1,0,0,0,0,0,1,0,0
2024-07-30 19:00:00,1272,20,33,195,0,11.2,5.5,0.2,0,0,0,0,0,1,0,1,0,0
2024-07-27 10:00:00,1449,11,33,144,0,22.0,5.5,0.0,0,0,1,0,0,0,0,1,0,0
2024-07-14 12:00:00,1968,13,33,143,0,20.1,5.5,0.4,0,0,0,1,0,0,0,1,0,0
2024-07-28 09:00:00,425,10,33,91,0,20.3,5.5,0.0,0,0,0,1,0,0,0,1,0,0
2024-07-28 19:00:00,1319,20,33,62,0,20.3,5.5,0.0,0,0,0,1,0,0,0,1,0,0
2024-07-08 20:00:00,1200,21,33,49,0,16.9,7.0,0.0,0,1,0,0,0,0,0,1,0,0
2024-07-25 13:00:00,3416,14,32,187,0,19.8,12.4,0.0,0,0,0,0,1,0,0,1,0,0
2024-07-30 20:00:00,930,21,32,181,0,11.2,5.5,0.2,0,0,0,0,0,1,0,1,0,0
2024-07-24 12:00:00,2548,13,32,171,0,18.9,12.5,0.8,0,0,0,0,0,0,1,1,0,0
2024-07-16 08:00:00,744,9,29,107,0,21.9,12.6,0.8,0,0,0,0,0,1,0,1,0,0
2024-07-28 17:00:00,1599,18,29,89,0,20.3,5.5,0.0,0,0,0,1,0,0,0,1,0,0
2024-07-08 12:00:00,2594,13,29,62,0,16.9,7.0,0.0,0,1,0,0,0,0,0,1,0,0
2024-07-05 17:00:00,1724,18,29,59,0,15.2,6.8,3.2,1,0,0,0,0,0,0,1,0,0
2024-07-11 15:00:00,1923,16,29,52,0,18.6,10.6,0.0,0,0,0,0,1,0,0,1,0,0
2024-07-26 13:00:00,1521,14,29,27,0,20.9,9.0,0.0,1,0,0,0,0,0,0,1,0,0
2024-07-27 14:00:00,1814,15,29,11,0,22.0,5.5,0.0,0,0,1,0,0,0,0,1,0,0
2024-07-25 16:00:00,2345,17,28,291,0,19.8,12.4,0.0,0,0,0,0,1,0,0,1,0,0
2024-07-14 13:00:00,2647,14,28,157,0,20.1,5.5,0.4,0,0,0,1,0,0,0,1,0,0
2024-07-29 16:00:00,1687,17,28,142,0,21.6,5.5,0.0,0,1,0,0,0,0,0,1,0,0
2024-07-16 14:00:00,1938,15,28,137,0,21.9,12.6,0.8,0,0,0,0,0,1,0,1,0,0
2024-07-02 14:00:00,1933,15,28,102,0,18.1,8.4,1.5,0,0,0,0,0,1,0,1,0,0
2024-07-23 22:00:00,575,23,28,74,0,20.1,12.5,0.2,0,0,0,0,0,1,0,1,0,0
2024-07-23 14:00:00,2458,15,28,26,0,20.1,12.5,0.2,0,0,0,0,0,1,0,1,0,0
2024-07-25 11:00:00,2021,12,27,240,0,19.8,12.4,0.0,0,0,0,0,1,0,0,1,0,0
2024-07-13 12:00:00,2838,13,27,171,0,18.5,5.5,0.4,0,0,1,0,0,0,0,1,0,0
2024-07-02 08:00:00,673,9,27,143,0,18.1,8.4,1.5,0,0,0,0,0,1,0,1,0,0
2024-07-03 08:00:00,644,9,27,140,0,16.2,8.1,0.6,0,0,0,0,0,0,1,1,0,0
2024-07-15 08:00:00,609,9,27,118,0,19.2,10.6,0.0,0,1,0,0,0,0,0,1,0,0
2024-07-10 17:00:00,1569,18,27,91,0,16.6,11.2,1.1,0,0,0,0,0,0,1,1,0,0
2024-07-10 12:00:00,2690,13,50,91,0,16.6,11.2,1.1,0,0,0,0,0,0,1,1,0,0
2024-07-30 12:00:00,2519,13,49,138,0,11.2,5.5,0.2,0,0,0,0,0,1,0,1,0,0
2024-07-23 20:00:00,1211,21,49,83,0,20.1,12.5,0.2,0,0,0,0,0,1,0,1,0,0
2024-07-31 16:00:00,2433,17,49,65,0,22.9,7.9,0.3,0,0,0,0,0,0,1,1,0,0
2024-07-06 15:00:00,3262,16,49,21,0,16.7,8.4,5.9,0,0,1,0,0,0,0,1,0,0
2024-07-28 00:00:00,682,1,48,39,0,20.3,5.5,0.0,0,0,0,1,0,0,0,1,0,0
2024-07-31 11:00:00,2630,12,47,188,0,22.9,7.9,0.3,0,0,0,0,0,0,1,1,0,0
2024-07-26 12:00:00,1708,13,46,185,0,20.9,9.0,0.0,1,0,0,0,0,0,0,1,0,0
2024-07-10 18:00:00,1427,19,46,167,0,16.6,11.2,1.1,0,0,0,0,0,0,1,1,0,0
2024-07-15 12:00:00,3599,13,46,165,0,19.2,10.6,0.0,0,1,0,0,0,0,0,1,0,0
2024-07-12 08:00:00,889,9,46,99,0,16.3,9.2,0.0,1,0,0,0,0,0,0,1,0,0
2024-07-31 19:00:00,1769,20,45,240,0,22.9,7.9,0.3,0,0,0,0,0,0,1,1,0,0
2024-07-27 11:00:00,1994,12,45,112,0,22.0,5.5,0.0,0,0,1,0,0,0,0,1,0,0
2024-07-28 10:00:00,876,11,44,101,0,20.3,5.5,0.0,0,0,0,1,0,0,0,1,0,0
2024-07-31 15:00:00,2506,16,44,53,0,22.9,7.9,0.3,0,0,0,0,0,0,1,1,0,0
2024-07-29 18:00:00,1692,19,43,215,0,21.6,5.5,0.0,0,1,0,0,0,0,0,1,0,0
2024-07-11 21:00:00,955,22,43,177,0,18.6,10.6,0.0,0,0,0,0,1,0,0,1,0,0
2024-07-28 18:00:00,1196,19,27,77,0,20.3,5.5,0.0,0,0,0,1,0,0,0,1,0,0
2024-07-07 21:00:00,435,22,27,67,0,19.4,8.4,2.8,0,0,0,1,0,0,0,1,0,0
2024-07-30 10:00:00,1380,11,26,174,0,11.2,5.5,0.2,0,0,0,0,0,1,0,1,0,0
2024-07-01 14:00:00,1917,15,26,154,0,16.7,8.5,1.0,0,1,0,0,0,0,0,1,0,90
2024-07-14 11:00:00,1262,12,26,114,0,20.1,5.5,0.4,0,0,0,1,0,0,0,1,0,0
2024-07-27 15:00:00,2269,16,26,32,0,22.0,5.5,0.0,0,0,1,0,0,0,0,1,0,0
2024-07-28 12:00:00,1827,13,38,122,0,20.3,5.5,0.0,0,0,0,1,0,0,0,1,0,0
2024-07-06 19:00:00,1171,20,37,227,0,16.7,8.4,5.9,0,0,1,0,0,0,0,1,0,0
2024-07-28 15:00:00,3125,16,37,105,0,20.3,5.5,0.0,0,0,0,1,0,0,0,1,0,0
2024-07-16 09:00:00,1177,10,36,169,0,21.9,12.6,0.8,0,0,0,0,0,1,0,1,0,0
2024-07-27 18:00:00,1862,19,36,129,0,22.0,5.5,0.0,0,0,1,0,0,0,0,1,0,0
2024-07-26 15:00:00,2530,16,36,105,0,20.9,9.0,0.0,1,0,0,0,0,0,0,1,0,0
2024-07-31 14:00:00,2340,15,36,82,0,22.9,7.9,0.3,0,0,0,0,0,0,1,1,0,0
2024-07-08 17:00:00,1732,18,36,59,0,16.9,7.0,0.0,0,1,0,0,0,0,0,1,0,0
2024-07-24 10:00:00,1290,11,35,187,0,18.9,12.5,0.8,0,0,0,0,0,0,1,1,0,0
2024-07-30 11:00:00,1907,12,35,186,0,11.2,5.5,0.2,0,0,0,0,0,1,0,1,0,0
2024-07-02 10:00:00,1444,11,35,121,0,18.1,8.4,1.5,0,0,0,0,0,1,0,1,0,0
2024-07-02 11:00:00,1870,12,34,82,0,18.1,8.4,1.5,0,0,0,0,0,1,0,1,0,0
2024-07-29 17:00:00,1451,18,31,247,0,21.6,5.5,0.0,0,1,0,0,0,0,0,1,0,0
2024-07-31 10:00:00,1846,11,31,189,0,22.9,7.9,0.3,0,0,0,0,0,0,1,1,0,0
2024-07-07 17:00:00,1438,18,31,180,0,19.4,8.4,2.8,0,0,0,1,0,0,0,1,0,0
2024-07-26 09:00:00,688,10,31,171,0,20.9,9.0,0.0,1,0,0,0,0,0,0,1,0,0
2024-07-08 19:00:00,1250,20,31,150,0,16.9,7.0,0.0,0,1,0,0,0,0,0,1,0,0
2024-07-01 17:00:00,1729,18,31,87,0,16.7,8.5,1.0,0,1,0,0,0,0,0,1,0,90
2024-07-08 16:00:00,1799,17,31,26,0,16.9,7.0,0.0,0,1,0,0,0,0,0,1,0,0
2024-07-14 14:00:00,1875,15,30,161,0,20.1,5.5,0.4,0,0,0,1,0,0,0,1,0,0
2024-07-04 12:00:00,2256,13,30,131,0,17.5,6.9,0.0,0,0,0,0,1,0,0,1,0,0
2024-07-01 19:00:00,1670,20,30,95,0,16.7,8.5,1.0,0,1,0,0,0,0,0,1,0,90
2024-07-08 13:00:00,2408,14,30,66,0,16.9,7.0,0.0,0,1,0,0,0,0,0,1,0,0
2024-07-31 09:00:00,949,10,29,176,0,22.9,7.9,0.3,0,0,0,0,0,0,1,1,0,0
2024-07-29 13:00:00,2927,14,43,167,0,21.6,5.5,0.0,0,1,0,0,0,0,0,1,0,0
2024-07-30 14:00:00,1839,15,43,18,0,11.2,5.5,0.2,0,0,0,0,0,1,0,1,0,0
2024-07-14 16:00:00,1647,17,42,194,0,20.1,5.5,0.4,0,0,0,1,0,0,0,1,0,0
2024-07-14 17:00:00,1626,18,42,192,0,20.1,5.5,0.4,0,0,0,1,0,0,0,1,0,0
2024-07-28 11:00:00,1126,12,42,151,0,20.3,5.5,0.0,0,0,0,1,0,0,0,1,0,0
2024-07-26 11:00:00,1966,12,41,253,0,20.9,9.0,0.0,1,0,0,0,0,0,0,1,0,0
2024-07-26 10:00:00,1234,11,41,183,0,20.9,9.0,0.0,1,0,0,0,0,0,0,1,0,0
2024-07-27 13:00:00,2132,14,41,91,0,22.0,5.5,0.0,0,0,1,0,0,0,0,1,0,0
2024-07-26 14:00:00,2764,15,41,70,0,20.9,9.0,0.0,1,0,0,0,0,0,0,1,0,0
2024-07-29 12:00:00,2745,13,40,226,0,21.6,5.5,0.0,0,1,0,0,0,0,0,1,0,0
2024-07-26 08:00:00,388,9,40,150,0,20.9,9.0,0.0,1,0,0,0,0,0,0,1,0,0
2024-07-29 14:00:00,2659,15,40,147,0,21.6,5.5,0.0,0,1,0,0,0,0,0,1,0,0
2024-07-30 18:00:00,1519,19,39,207,0,11.2,5.5,0.2,0,0,0,0,0,1,0,1,0,0
2024-07-28 13:00:00,1517,14,39,123,0,20.3,5.5,0.0,0,0,0,1,0,0,0,1,0,0
2024-07-26 18:00:00,1891,19,38,191,0,20.9,9.0,0.0,1,0,0,0,0,0,0,1,0,0
2024-07-05 20:00:00,1118,21,25,241,0,15.2,6.8,3.2,1,0,0,0,0,0,0,1,0,0
2024-07-25 15:00:00,2772,16,25,168,0,19.8,12.4,0.0,0,0,0,0,1,0,0,1,0,0
2024-07-25 17:00:00,1846,18,25,114,0,19.8,12.4,0.0,0,0,0,0,1,0,0,1,0,0
2024-07-29 10:00:00,1510,11,25,107,0,21.6,5.5,0.0,0,1,0,0,0,0,0,1,0,0
2024-07-09 11:00:00,2040,12,25,78,0,16.7,10.8,2.6,0,0,0,0,0,1,0,1,0,0
2024-07-27 16:00:00,2805,17,25,77,0,22.0,5.5,0.0,0,0,1,0,0,0,0,1,0,0
2024-07-05 13:00:00,2517,14,25,54,0,15.2,6.8,3.2,1,0,0,0,0,0,0,1,0,0
2024-07-05 19:00:00,1954,20,24,260,0,15.2,6.8,3.2,1,0,0,0,0,0,0,1,0,0
2024-07-31 08:00:00,536,9,24,142,0,22.9,7.9,0.3,0,0,0,0,0,0,1,1,0,0
2024-07-04 10:00:00,2020,11,24,121,0,17.5,6.9,0.0,0,0,0,0,1,0,0,1,0,0
2024-07-28 14:00:00,2834,15,24,104,0,20.3,5.5,0.0,0,0,0,1,0,0,0,1,0,0
2024-07-07 11:00:00,2744,12,24,57,0,19.4,8.4,2.8,0,0,0,1,0,0,0,1,0,0
2024-07-03 10:00:00,1238,11,23,208,0,16.2,8.1,0.6,0,0,0,0,0,0,1,1,0,0
2024-07-25 08:00:00,571,9,23,147,0,19.8,12.4,0.0,0,0,0,0,1,0,0,1,0,0
2024-07-10 11:00:00,2305,12,23,112,0,16.6,11.2,1.1,0,0,0,0,0,0,1,1,0,0
2024-07-03 13:00:00,2217,14,23,37,0,16.2,8.1,0.6,0,0,0,0,0,0,1,1,0,0
2024-07-07 12:00:00,1463,13,19,38,0,19.4,8.4,2.8,0,0,0,1,0,0,0,1,0,0
2024-07-02 15:00:00,2057,16,19,25,0,18.1,8.4,1.5,0,0,0,0,0,1,0,1,0,0
2024-07-26 19:00:00,1658,20,22,248,0,20.9,9.0,0.0,1,0,0,0,0,0,0,1,0,0
2024-07-24 19:00:00,1666,20,22,181,0,18.9,12.5,0.8,0,0,0,0,0,0,1,1,0,0
2024-07-05 09:00:00,1275,10,22,162,0,15.2,6.8,3.2,1,0,0,0,0,0,0,1,0,0
2024-07-26 22:00:00,974,23,22,151,0,20.9,9.0,0.0,1,0,0,0,0,0,0,1,0,0
2024-07-13 16:00:00,1913,17,22,145,0,18.5,5.5,0.4,0,0,1,0,0,0,0,1,0,0
2024-07-08 08:00:00,842,9,22,128,0,16.9,7.0,0.0,0,1,0,0,0,0,0,1,0,0
2024-07-09 10:00:00,1746,11,22,122,0,16.7,10.8,2.6,0,0,0,0,0,1,0,1,0,0
2024-07-02 19:00:00,1513,20,22,110,0,18.1,8.4,1.5,0,0,0,0,0,1,0,1,0,0
2024-07-06 16:00:00,2365,17,22,100,0,16.7,8.4,5.9,0,0,1,0,0,0,0,1,0,0
2024-07-24 15:00:00,2204,16,22,97,0,18.9,12.5,0.8,0,0,0,0,0,0,1,1,0,0
2024-07-02 20:00:00,935,21,22,90,0,18.1,8.4,1.5,0,0,0,0,0,1,0,1,0,0
2024-07-07 10:00:00,1242,11,22,74,0,19.4,8.4,2.8,0,0,0,1,0,0,0,1,0,0
2024-07-29 08:00:00,531,9,22,69,0,21.6,5.5,0.0,0,1,0,0,0,0,0,1,0,0
2024-07-02 17:00:00,1984,18,22,45,0,18.1,8.4,1.5,0,0,0,0,0,1,0,1,0,0
2024-07-05 12:00:00,2387,13,22,40,0,15.2,6.8,3.2,1,0,0,0,0,0,0,1,0,0
2024-07-12 18:00:00,1323,19,22,23,0,16.3,9.2,0.0,1,0,0,0,0,0,0,1,0,0
2024-07-12 09:00:00,1861,10,20,101,0,16.3,9.2,0.0,1,0,0,0,0,0,0,1,0,0
2024-07-02 13:00:00,2588,14,20,46,0,18.1,8.4,1.5,0,0,0,0,0,1,0,1,0,0
2024-07-12 16:00:00,1833,17,20,30,0,16.3,9.2,0.0,1,0,0,0,0,0,0,1,0,0
2024-07-11 02:00:00,443,3,20,30,0,18.6,10.6,0.0,0,0,0,0,1,0,0,1,0,0
2024-07-06 18:00:00,1124,19,19,224,0,16.7,8.4,5.9,0,0,1,0,0,0,0,1,0,0
2024-07-25 21:00:00,921,22,19,166,0,19.8,12.4,0.0,0,0,0,0,1,0,0,1,0,0
2024-07-04 09:00:00,1226,10,19,145,0,17.5,6.9,0.0,0,0,0,0,1,0,0,1,0,0
2024-07-05 18:00:00,1670,19,19,137,0,15.2,6.8,3.2,1,0,0,0,0,0,0,1,0,0
2024-07-07 14:00:00,1677,15,19,102,0,19.4,8.4,2.8,0,0,0,1,0,0,0,1,0,0
2024-07-03 12:00:00,2049,13,19,89,0,16.2,8.1,0.6,0,0,0,0,0,0,1,1,0,0
2024-07-31 20:00:00,1396,21,21,198,0,22.9,7.9,0.3,0,0,0,0,0,0,1,1,0,0
2024-07-03 09:00:00,818,10,21,173,0,16.2,8.1,0.6,0,0,0,0,0,0,1,1,0,0
2024-07-10 20:00:00,1193,21,21,169,0,16.6,11.2,1.1,0,0,0,0,0,0,1,1,0,0
2024-07-02 09:00:00,1243,10,21,142,0,18.1,8.4,1.5,0,0,0,0,0,1,0,1,0,0
2024-07-05 10:00:00,1639,11,21,122,0,15.2,6.8,3.2,1,0,0,0,0,0,0,1,0,0
2024-07-07 22:00:00,449,23,21,110,0,19.4,8.4,2.8,0,0,0,1,0,0,0,1,0,0
2024-07-04 08:00:00,910,9,21,109,0,17.5,6.9,0.0,0,0,0,0,1,0,0,1,0,0
2024-07-10 13:00:00,2541,14,21,104,0,16.6,11.2,1.1,0,0,0,0,0,0,1,1,0,0
2024-07-15 17:00:00,1747,18,21,60,0,19.2,10.6,0.0,0,1,0,0,0,0,0,1,0,0
2024-07-08 11:00:00,2297,12,21,54,0,16.9,7.0,0.0,0,1,0,0,0,0,0,1,0,0
2024-07-03 15:00:00,2027,16,21,53,0,16.2,8.1,0.6,0,0,0,0,0,0,1,1,0,0
2024-07-30 13:00:00,2109,14,21,42,0,11.2,5.5,0.2,0,0,0,0,0,1,0,1,0,0
2024-07-03 14:00:00,2118,15,21,33,0,16.2,8.1,0.6,0,0,0,0,0,0,1,1,0,0
2024-07-30 15:00:00,1676,16,21,30,0,11.2,5.5,0.2,0,0,0,0,0,1,0,1,0,0
2024-07-02 16:00:00,1976,17,21,25,0,18.1,8.4,1.5,0,0,0,0,0,1,0,1,0,0
2024-07-06 13:00:00,4855,14,21,22,0,16.7,8.4,5.9,0,0,1,0,0,0,0,1,0,0
2024-07-13 20:00:00,1227,21,18,212,0,18.5,5.5,0.4,0,0,1,0,0,0,0,1,0,0
2024-07-24 09:00:00,852,10,18,163,0,18.9,12.5,0.8,0,0,0,0,0,0,1,1,0,0
2024-07-01 18:00:00,1266,19,18,152,0,16.7,8.5,1.0,0,1,0,0,0,0,0,1,0,90
2024-07-24 14:00:00,2256,15,18,139,0,18.9,12.5,0.8,0,0,0,0,0,0,1,1,0,0
2024-07-26 17:00:00,1480,18,18,112,0,20.9,9.0,0.0,1,0,0,0,0,0,0,1,0,0
2024-07-09 08:00:00,853,9,18,102,0,16.7,10.8,2.6,0,0,0,0,0,1,0,1,0,0
2024-07-02 07:00:00,298,8,18,93,0,18.1,8.4,1.5,0,0,0,0,0,1,0,1,0,0
2024-07-11 16:00:00,2228,17,18,88,0,18.6,10.6,0.0,0,0,0,0,1,0,0,1,0,0
2024-07-15 22:00:00,472,23,18,79,0,19.2,10.6,0.0,0,1,0,0,0,0,0,1,0,0
2024-07-16 12:00:00,803,13,18,51,0,21.9,12.6,0.8,0,0,0,0,0,1,0,1,0,0
2024-07-08 15:00:00,2185,16,18,30,0,16.9,7.0,0.0,0,1,0,0,0,0,0,1,0,0
2024-07-06 14:00:00,3207,15,18,20,0,16.7,8.4,5.9,0,0,1,0,0,0,0,1,0,0
2024-07-27 21:00:00,1466,22,20,197,0,22.0,5.5,0.0,0,0,1,0,0,0,0,1,0,0
2024-07-13 10:00:00,1869,11,20,189,0,18.5,5.5,0.4,0,0,1,0,0,0,0,1,0,0
2024-07-11 18:00:00,1622,19,20,182,0,18.6,10.6,0.0,0,0,0,0,1,0,0,1,0,0
2024-07-11 19:00:00,1505,20,20,162,0,18.6,10.6,0.0,0,0,0,0,1,0,0,1,0,0
2024-07-05 08:00:00,710,9,20,158,0,15.2,6.8,3.2,1,0,0,0,0,0,0,1,0,0
2024-07-15 11:00:00,2554,12,20,142,0,19.2,10.6,0.0,0,1,0,0,0,0,0,1,0,0
2024-07-02 21:00:00,520,22,20,138,0,18.1,8.4,1.5,0,0,0,0,0,1,0,1,0,0
2024-07-15 18:00:00,1817,19,20,125,0,19.2,10.6,0.0,0,1,0,0,0,0,0,1,0,0
2024-07-07 15:00:00,1810,16,20,124,0,19.4,8.4,2.8,0,0,0,1,0,0,0,1,0,0
2024-07-07 16:00:00,1530,17,20,116,0,19.4,8.4,2.8,0,0,0,1,0,0,0,1,0,0
2024-07-24 16:00:00,2072,17,20,115,0,18.9,12.5,0.8,0,0,0,0,0,0,1,1,0,0
2024-07-11 22:00:00,783,23,14,153,0,18.6,10.6,0.0,0,0,0,0,1,0,0,1,0,0
2024-07-24 08:00:00,542,9,13,158,0,18.9,12.5,0.8,0,0,0,0,0,0,1,1,0,0
2024-07-10 08:00:00,861,9,13,147,0,16.6,11.2,1.1,0,0,0,0,0,0,1,1,0,0
2024-07-14 15:00:00,2163,16,14,150,0,20.1,5.5,0.4,0,0,0,1,0,0,0,1,0,0
2024-07-11 17:00:00,1596,18,14,126,0,18.6,10.6,0.0,0,0,0,0,1,0,0,1,0,0
2024-07-09 09:00:00,1043,10,14,119,0,16.7,10.8,2.6,0,0,0,0,0,1,0,1,0,0
2024-07-16 10:00:00,1576,11,14,80,0,21.9,12.6,0.8,0,0,0,0,0,1,0,1,0,0
2024-07-03 16:00:00,1769,17,14,65,0,16.2,8.1,0.6,0,0,0,0,0,0,1,1,0,0
2024-07-28 20:00:00,1497,21,14,58,0,20.3,5.5,0.0,0,0,0,1,0,0,0,1,0,0
2024-07-05 21:00:00,922,22,17,216,0,15.2,6.8,3.2,1,0,0,0,0,0,0,1,0,0
2024-07-14 19:00:00,1152,20,17,214,0,20.1,5.5,0.4,0,0,0,1,0,0,0,1,0,0
2024-07-15 10:00:00,1862,11,17,167,0,19.2,10.6,0.0,0,1,0,0,0,0,0,1,0,0
2024-07-10 19:00:00,1260,20,17,158,0,16.6,11.2,1.1,0,0,0,0,0,0,1,1,0,0
2024-07-13 11:00:00,2369,12,17,152,0,18.5,5.5,0.4,0,0,1,0,0,0,0,1,0,0
2024-07-09 17:00:00,1525,18,17,147,0,16.7,10.8,2.6,0,0,0,0,0,1,0,1,0,0
2024-07-08 09:00:00,1168,10,17,141,0,16.9,7.0,0.0,0,1,0,0,0,0,0,1,0,0
2024-07-14 10:00:00,850,11,17,117,0,20.1,5.5,0.4,0,0,0,1,0,0,0,1,0,0
2024-07-01 16:00:00,1845,17,17,112,0,16.7,8.5,1.0,0,1,0,0,0,0,0,1,0,90
2024-07-29 09:00:00,975,10,17,110,0,21.6,5.5,0.0,0,1,0,0,0,0,0,1,0,0
2024-07-29 19:00:00,1167,20,17,79,0,21.6,5.5,0.0,0,1,0,0,0,0,0,1,0,0
2024-07-12 11:00:00,2187,12,17,62,0,16.3,9.2,0.0,1,0,0,0,0,0,0,1,0,0
2024-07-12 12:00:00,2284,13,14,21,0,16.3,9.2,0.0,1,0,0,0,0,0,0,1,0,0
2024-07-05 15:00:00,2308,16,14,20,0,15.2,6.8,3.2,1,0,0,0,0,0,0,1,0,0
2024-07-15 09:00:00,1329,10,15,183,0,19.2,10.6,0.0,0,1,0,0,0,0,0,1,0,0
2024-07-01 08:00:00,543,9,15,162,0,16.7,8.5,1.0,0,1,0,0,0,0,0,1,0,90
2024-07-14 20:00:00,655,21,15,161,0,20.1,5.5,0.4,0,0,0,1,0,0,0,1,0,0
2024-07-24 18:00:00,1347,19,15,135,0,18.9,12.5,0.8,0,0,0,0,0,0,1,1,0,0
2024-07-27 09:00:00,944,10,15,125,0,22.0,5.5,0.0,0,0,1,0,0,0,0,1,0,0
2024-07-24 17:00:00,1831,18,15,123,0,18.9,12.5,0.8,0,0,0,0,0,0,1,1,0,0
2024-07-24 13:00:00,2137,14,15,116,0,18.9,12.5,0.8,0,0,0,0,0,0,1,1,0,0
2024-07-29 22:00:00,469,23,15,105,0,21.6,5.5,0.0,0,1,0,0,0,0,0,1,0,0
2024-07-05 11:00:00,1904,12,15,103,0,15.2,6.8,3.2,1,0,0,0,0,0,0,1,0,0
2024-07-25 14:00:00,3068,15,15,81,0,19.8,12.4,0.0,0,0,0,0,1,0,0,1,0,0
2024-07-09 07:00:00,272,8,15,50,0,16.7,10.8,2.6,0,0,0,0,0,1,0,1,0,0
2024-07-15 16:00:00,2458,17,15,48,0,19.2,10.6,0.0,0,1,0,0,0,0,0,1,0,0
2024-07-28 01:00:00,832,2,15,42,0,20.3,5.5,0.0,0,0,0,1,0,0,0,1,0,0
2024-07-09 19:00:00,643,20,15,40,0,16.7,10.8,2.6,0,0,0,0,0,1,0,1,0,0
2024-07-29 02:00:00,133,3,15,25,0,21.6,5.5,0.0,0,1,0,0,0,0,0,1,0,0
2024-07-15 15:00:00,2755,16,15,19,0,19.2,10.6,0.0,0,1,0,0,0,0,0,1,0,0
2024-07-04 20:00:00,950,21,16,149,0,17.5,6.9,0.0,0,0,0,0,1,0,0,1,0,0
2024-07-24 11:00:00,1753,12,16,148,0,18.9,12.5,0.8,0,0,0,0,0,0,1,1,0,0
2024-07-31 21:00:00,1227,22,16,148,0,22.9,7.9,0.3,0,0,0,0,0,0,1,1,0,0
2024-07-13 09:00:00,662,10,16,138,0,18.5,5.5,0.4,0,0,1,0,0,0,0,1,0,0
2024-07-27 17:00:00,2119,18,16,130,0,22.0,5.5,0.0,0,0,1,0,0,0,0,1,0,0
2024-07-15 21:00:00,1002,22,16,127,0,19.2,10.6,0.0,0,1,0,0,0,0,0,1,0,0
2024-07-30 08:00:00,606,9,16,121,0,11.2,5.5,0.2,0,0,0,0,0,1,0,1,0,0
2024-07-29 20:00:00,1162,21,16,112,0,21.6,5.5,0.0,0,1,0,0,0,0,0,1,0,0
2024-07-14 22:00:00,869,23,16,107,0,20.1,5.5,0.4,0,0,0,1,0,0,0,1,0,0
2024-07-29 15:00:00,1913,16,16,105,0,21.6,5.5,0.0,0,1,0,0,0,0,0,1,0,0
2024-07-04 11:00:00,2265,12,16,102,0,17.5,6.9,0.0,0,0,0,0,1,0,0,1,0,0
2024-07-02 18:00:00,1387,19,16,84,0,18.1,8.4,1.5,0,0,0,0,0,1,0,1,0,0
2024-07-25 22:00:00,988,23,16,82,0,19.8,12.4,0.0,0,0,0,0,1,0,0,1,0,0
2024-07-27 19:00:00,1948,20,16,79,0,22.0,5.5,0.0,0,0,1,0,0,0,0,1,0,0
2024-07-16 07:00:00,247,8,16,75,0,21.9,12.6,0.8,0,0,0,0,0,1,0,1,0,0
2024-07-02 12:00:00,2394,13,16,55,0,18.1,8.4,1.5,0,0,0,0,0,1,0,1,0,0
2024-07-23 21:00:00,694,22,16,50,0,20.1,12.5,0.2,0,0,0,0,0,1,0,1,0,0
2024-07-15 07:00:00,238,8,16,49,0,19.2,10.6,0.0,0,1,0,0,0,0,0,1,0,0
2024-07-25 19:00:00,1045,20,16,28,0,19.8,12.4,0.0,0,0,0,0,1,0,0,1,0,0
2024-07-10 10:00:00,1927,11,13,129,0,16.6,11.2,1.1,0,0,0,0,0,0,1,1,0,0
2024-07-25 20:00:00,828,21,13,120,0,19.8,12.4,0.0,0,0,0,0,1,0,0,1,0,0
2024-07-15 14:00:00,2168,15,13,89,0,19.2,10.6,0.0,0,1,0,0,0,0,0,1,0,0
2024-07-11 01:00:00,195,2,13,76,0,18.6,10.6,0.0,0,0,0,0,1,0,0,1,0,0
2024-07-10 16:00:00,1586,17,13,71,0,16.6,11.2,1.1,0,0,0,0,0,0,1,1,0,0
2024-07-13 15:00:00,2123,16,13,47,0,18.5,5.5,0.4,0,0,1,0,0,0,0,1,0,0
2024-07-15 23:00:00,262,0,13,32,0,19.2,10.6,0.0,0,1,0,0,0,0,0,1,0,0
2024-07-11 14:00:00,2030,15,13,31,0,18.6,10.6,0.0,0,0,0,0,1,0,0,1,0,0
2024-07-04 17:00:00,1664,18,17,6,0,17.5,6.9,0.0,0,0,0,0,1,0,0,1,0,0
2024-07-13 19:00:00,1405,20,16,268,0,18.5,5.5,0.4,0,0,1,0,0,0,0,1,0,0
2024-07-27 20:00:00,2078,21,16,184,0,22.0,5.5,0.0,0,0,1,0,0,0,0,1,0,0
2024-07-26 21:00:00,1061,22,16,182,0,20.9,9.0,0.0,1,0,0,0,0,0,0,1,0,0
2024-07-27 22:00:00,1143,23,16,160,0,22.0,5.5,0.0,0,0,1,0,0,0,0,1,0,0
2024-07-12 22:00:00,882,23,14,205,0,16.3,9.2,0.0,1,0,0,0,0,0,0,1,0,0
2024-07-13 21:00:00,841,22,14,198,0,18.5,5.5,0.4,0,0,1,0,0,0,0,1,0,0
2024-07-01 09:00:00,1045,10,14,172,0,16.7,8.5,1.0,0,1,0,0,0,0,0,1,0,90
2024-07-30 09:00:00,760,10,14,154,0,11.2,5.5,0.2,0,0,0,0,0,1,0,1,0,0
2024-07-28 16:00:00,2278,17,12,20,0,20.3,5.5,0.0,0,0,0,1,0,0,0,1,0,0
2024-07-07 04:00:00,70,5,10,5,0,19.4,8.4,2.8,0,0,0,1,0,0,0,1,0,0
2024-07-26 20:00:00,1435,21,10,184,0,20.9,9.0,0.0,1,0,0,0,0,0,0,1,0,0
2024-07-09 20:00:00,674,21,10,130,0,16.7,10.8,2.6,0,0,0,0,0,1,0,1,0,0
2024-07-06 10:00:00,1520,11,10,129,0,16.7,8.4,5.9,0,0,1,0,0,0,0,1,0,0
2024-07-12 21:00:00,1246,22,9,204,0,16.3,9.2,0.0,1,0,0,0,0,0,0,1,0,0
2024-07-13 13:00:00,2921,14,9,175,0,18.5,5.5,0.4,0,0,1,0,0,0,0,1,0,0
2024-07-14 21:00:00,881,22,9,174,0,20.1,5.5,0.4,0,0,0,1,0,0,0,1,0,0
2024-07-25 09:00:00,919,10,9,167,0,19.8,12.4,0.0,0,0,0,0,1,0,0,1,0,0
2024-07-30 21:00:00,776,22,9,153,0,11.2,5.5,0.2,0,0,0,0,0,1,0,1,0,0
2024-07-01 15:00:00,1837,16,9,150,0,16.7,8.5,1.0,0,1,0,0,0,0,0,1,0,90
2024-07-10 09:00:00,1149,10,9,139,0,16.6,11.2,1.1,0,0,0,0,0,0,1,1,0,0
2024-07-10 22:00:00,790,23,9,132,0,16.6,11.2,1.1,0,0,0,0,0,0,1,1,0,0
2024-07-15 20:00:00,1383,21,9,122,0,19.2,10.6,0.0,0,1,0,0,0,0,0,1,0,0
2024-07-11 10:00:00,1471,11,9,114,0,18.6,10.6,0.0,0,0,0,0,1,0,0,1,0,0
2024-07-08 10:00:00,1767,11,9,82,0,16.9,7.0,0.0,0,1,0,0,0,0,0,1,0,0
2024-07-08 07:00:00,302,8,9,73,0,16.9,7.0,0.0,0,1,0,0,0,0,0,1,0,0
2024-07-26 07:00:00,201,8,9,68,0,20.9,9.0,0.0,1,0,0,0,0,0,0,1,0,0
2024-07-09 14:00:00,1988,15,9,68,0,16.7,10.8,2.6,0,0,0,0,0,1,0,1,0,0
2024-07-30 07:00:00,255,8,9,62,0,11.2,5.5,0.2,0,0,0,0,0,1,0,1,0,0
2024-07-24 07:00:00,257,8,10,89,0,18.9,12.5,0.8,0,0,0,0,0,0,1,1,0,0
2024-07-31 07:00:00,248,8,10,88,0,22.9,7.9,0.3,0,0,0,0,0,0,1,1,0,0
2024-07-25 07:00:00,247,8,10,80,0,19.8,12.4,0.0,0,0,0,0,1,0,0,1,0,0
2024-07-03 19:00:00,1723,20,10,77,0,16.2,8.1,0.6,0,0,0,0,0,0,1,1,0,0
2024-07-04 14:00:00,1895,15,10,68,0,17.5,6.9,0.0,0,0,0,0,1,0,0,1,0,0
2024-07-05 14:00:00,2011,15,10,67,0,15.2,6.8,3.2,1,0,0,0,0,0,0,1,0,0
2024-07-01 21:00:00,960,22,10,63,0,16.7,8.5,1.0,0,1,0,0,0,0,0,1,0,90
2024-07-12 19:00:00,1133,20,10,52,0,16.3,9.2,0.0,1,0,0,0,0,0,0,1,0,0
2024-07-16 06:00:00,114,7,10,45,0,21.9,12.6,0.8,0,0,0,0,0,1,0,1,0,0
2024-07-15 00:00:00,435,1,10,31,0,19.2,10.6,0.0,0,1,0,0,0,0,0,1,0,0
2024-07-09 05:00:00,110,6,10,27,0,16.7,10.8,2.6,0,0,0,0,0,1,0,1,0,0
2024-07-12 17:00:00,2117,18,10,18,0,16.3,9.2,0.0,1,0,0,0,0,0,0,1,0,0
2024-07-04 15:00:00,1950,16,10,11,0,17.5,6.9,0.0,0,0,0,0,1,0,0,1,0,0
2024-07-11 20:00:00,1179,21,11,209,0,18.6,10.6,0.0,0,0,0,0,1,0,0,1,0,0
2024-07-13 17:00:00,2191,18,12,240,0,18.5,5.5,0.4,0,0,1,0,0,0,0,1,0,0
2024-07-04 21:00:00,712,22,12,165,0,17.5,6.9,0.0,0,0,0,0,1,0,0,1,0,0
2024-07-29 11:00:00,2148,12,12,137,0,21.6,5.5,0.0,0,1,0,0,0,0,0,1,0,0
2024-07-24 21:00:00,1234,22,12,132,0,18.9,12.5,0.8,0,0,0,0,0,0,1,1,0,0
2024-07-01 12:00:00,1662,13,12,128,0,16.7,8.5,1.0,0,1,0,0,0,0,0,1,0,90
2024-07-05 07:00:00,239,8,12,79,0,15.2,6.8,3.2,1,0,0,0,0,0,0,1,0,0
2024-07-27 00:00:00,683,1,12,75,0,22.0,5.5,0.0,0,0,1,0,0,0,0,1,0,0
2024-07-07 09:00:00,257,10,12,71,0,19.4,8.4,2.8,0,0,0,1,0,0,0,1,0,0
2024-07-31 22:00:00,699,23,12,71,0,22.9,7.9,0.3,0,0,0,0,0,0,1,1,0,0
2024-07-09 12:00:00,2642,13,12,62,0,16.7,10.8,2.6,0,0,0,0,0,1,0,1,0,0
2024-07-28 08:00:00,160,9,12,54,0,20.3,5.5,0.0,0,0,0,1,0,0,0,1,0,0
2024-07-16 00:00:00,174,1,12,41,0,21.9,12.6,0.8,0,0,0,0,0,1,0,1,0,0
2024-07-09 16:00:00,1652,17,11,154,0,16.7,10.8,2.6,0,0,0,0,0,1,0,1,0,0
2024-07-13 08:00:00,406,9,11,102,0,18.5,5.5,0.4,0,0,1,0,0,0,0,1,0,0
2024-07-25 18:00:00,1822,19,11,99,0,19.8,12.4,0.0,0,0,0,0,1,0,0,1,0,0
2024-07-01 07:00:00,267,8,11,78,0,16.7,8.5,1.0,0,1,0,0,0,0,0,1,0,90
2024-07-30 22:00:00,708,23,11,76,0,11.2,5.5,0.2,0,0,0,0,0,1,0,1,0,0
2024-07-07 13:00:00,1400,14,11,67,0,19.4,8.4,2.8,0,0,0,1,0,0,0,1,0,0
2024-07-30 06:00:00,182,7,11,47,0,11.2,5.5,0.2,0,0,0,0,0,1,0,1,0,0
2024-07-12 15:00:00,1952,16,11,35,0,16.3,9.2,0.0,1,0,0,0,0,0,0,1,0,0
2024-07-27 02:00:00,312,3,11,27,0,22.0,5.5,0.0,0,0,1,0,0,0,0,1,0,0
2024-07-26 00:00:00,493,1,11,16,0,20.9,9.0,0.0,1,0,0,0,0,0,0,1,0,0
2024-07-13 02:00:00,483,3,11,11,0,18.5,5.5,0.4,0,0,1,0,0,0,0,1,0,0
2024-07-03 18:00:00,1836,19,11,7,0,16.2,8.1,0.6,0,0,0,0,0,0,1,1,0,0
2024-07-04 19:00:00,516,20,9,1,0,17.5,6.9,0.0,0,0,0,0,1,0,0,1,0,0
2024-07-03 21:00:00,595,22,7,168,0,16.2,8.1,0.6,0,0,0,0,0,0,1,1,0,0
2024-07-01 11:00:00,1900,12,8,62,0,16.7,8.5,1.0,0,1,0,0,0,0,0,1,0,90
2024-07-04 07:00:00,247,8,9,50,0,17.5,6.9,0.0,0,0,0,0,1,0,0,1,0,0
2024-07-28 21:00:00,908,22,8,49,0,20.3,5.5,0.0,0,0,0,1,0,0,0,1,0,0
2024-07-28 22:00:00,489,23,7,80,0,20.3,5.5,0.0,0,0,0,1,0,0,0,1,0,0
2024-07-03 07:00:00,297,8,7,78,0,16.2,8.1,0.6,0,0,0,0,0,0,1,1,0,0
2024-07-09 18:00:00,1323,19,7,69,0,16.7,10.8,2.6,0,0,0,0,0,1,0,1,0,0
2024-07-11 12:00:00,2345,13,7,67,0,18.6,10.6,0.0,0,0,0,0,1,0,0,1,0,0
2024-07-27 23:00:00,937,0,7,66,0,22.0,5.5,0.0,0,0,1,0,0,0,0,1,0,0
2024-07-02 22:00:00,429,23,7,65,0,18.1,8.4,1.5,0,0,0,0,0,1,0,1,0,0
2024-07-27 07:00:00,192,8,7,57,0,22.0,5.5,0.0,0,0,1,0,0,0,0,1,0,0
2024-07-25 06:00:00,149,7,7,51,0,19.8,12.4,0.0,0,0,0,0,1,0,0,1,0,0
2024-07-15 06:00:00,237,7,7,48,0,19.2,10.6,0.0,0,1,0,0,0,0,0,1,0,0
2024-07-05 05:00:00,75,6,7,41,0,15.2,6.8,3.2,1,0,0,0,0,0,0,1,0,0
2024-07-23 23:00:00,353,0,7,39,0,20.1,12.5,0.2,0,0,0,0,0,1,0,1,0,0
2024-07-02 06:00:00,140,7,8,47,0,18.1,8.4,1.5,0,0,0,0,0,1,0,1,0,0
2024-07-16 01:00:00,97,2,9,34,0,21.9,12.6,0.8,0,0,0,0,0,1,0,1,0,0
2024-07-06 12:00:00,4461,13,8,38,0,16.7,8.4,5.9,0,0,1,0,0,0,0,1,0,0
2024-07-24 06:00:00,96,7,8,38,0,18.9,12.5,0.8,0,0,0,0,0,0,1,1,0,0
2024-07-30 23:00:00,302,0,8,37,0,11.2,5.5,0.2,0,0,0,0,0,1,0,1,0,0
2024-07-29 21:00:00,743,22,8,34,0,21.6,5.5,0.0,0,1,0,0,0,0,0,1,0,0
2024-07-02 23:00:00,302,0,8,29,0,18.1,8.4,1.5,0,0,0,0,0,1,0,1,0,0
2024-07-31 05:00:00,93,6,8,29,0,22.9,7.9,0.3,0,0,0,0,0,0,1,1,0,0
2024-07-07 02:00:00,665,3,8,26,0,19.4,8.4,2.8,0,0,0,1,0,0,0,1,0,0
2024-07-07 03:00:00,736,4,8,22,0,19.4,8.4,2.8,0,0,0,1,0,0,0,1,0,0
2024-07-30 05:00:00,109,6,8,20,0,11.2,5.5,0.2,0,0,0,0,0,1,0,1,0,0
2024-07-12 13:00:00,2241,14,8,16,0,16.3,9.2,0.0,1,0,0,0,0,0,0,1,0,0
2024-07-27 05:00:00,84,6,8,13,0,22.0,5.5,0.0,0,0,1,0,0,0,0,1,0,0
2024-07-14 06:00:00,74,7,8,10,0,20.1,5.5,0.4,0,0,0,1,0,0,0,1,0,0
2024-07-04 16:00:00,1847,17,8,10,0,17.5,6.9,0.0,0,0,0,0,1,0,0,1,0,0
2024-07-14 09:00:00,369,10,9,29,0,20.1,5.5,0.4,0,0,0,1,0,0,0,1,0,0
2024-07-26 05:00:00,96,6,9,25,0,20.9,9.0,0.0,1,0,0,0,0,0,0,1,0,0
2024-07-03 17:00:00,1753,18,7,11,0,16.2,8.1,0.6,0,0,0,0,0,0,1,1,0,0
2024-07-13 18:00:00,1611,19,8,238,0,18.5,5.5,0.4,0,0,1,0,0,0,0,1,0,0
2024-07-25 10:00:00,1430,11,8,194,0,19.8,12.4,0.0,0,0,0,0,1,0,0,1,0,0
2024-07-09 04:00:00,24,5,7,6,0,16.7,10.8,2.6,0,0,0,0,0,1,0,1,0,0
2024-07-13 05:00:00,97,6,7,5,0,18.5,5.5,0.4,0,0,1,0,0,0,0,1,0,0
2024-07-03 20:00:00,1315,21,8,153,0,16.2,8.1,0.6,0,0,0,0,0,0,1,1,0,0
2024-07-01 13:00:00,2043,14,8,148,0,16.7,8.5,1.0,0,1,0,0,0,0,0,1,0,90
2024-07-24 20:00:00,1454,21,8,144,0,18.9,12.5,0.8,0,0,0,0,0,0,1,1,0,0
2024-07-06 22:00:00,1297,23,8,136,0,16.7,8.4,5.9,0,0,1,0,0,0,0,1,0,0
2024-07-08 22:00:00,445,23,8,120,0,16.9,7.0,0.0,0,1,0,0,0,0,0,1,0,0
2024-07-27 08:00:00,381,9,8,95,0,22.0,5.5,0.0,0,0,1,0,0,0,0,1,0,0
2024-07-01 10:00:00,1524,11,8,89,0,16.7,8.5,1.0,0,1,0,0,0,0,0,1,0,90
2024-07-04 18:00:00,1204,19,9,4,0,17.5,6.9,0.0,0,0,0,0,1,0,0,1,0,0
2024-07-12 10:00:00,1991,11,8,83,0,16.3,9.2,0.0,1,0,0,0,0,0,0,1,0,0
2024-07-27 01:00:00,455,2,6,70,0,22.0,5.5,0.0,0,0,1,0,0,0,0,1,0,0
2024-07-10 14:00:00,2233,15,6,64,0,16.6,11.2,1.1,0,0,0,0,0,0,1,1,0,0
2024-07-07 23:00:00,256,0,6,53,0,19.4,8.4,2.8,0,0,0,1,0,0,0,1,0,0
2024-07-05 06:00:00,133,7,6,47,0,15.2,6.8,3.2,1,0,0,0,0,0,0,1,0,0
2024-07-27 06:00:00,100,7,6,39,0,22.0,5.5,0.0,0,0,1,0,0,0,0,1,0,0
2024-07-09 13:00:00,2472,14,6,39,0,16.7,10.8,2.6,0,0,0,0,0,1,0,1,0,0
2024-07-03 06:00:00,195,7,6,39,0,16.2,8.1,0.6,0,0,0,0,0,0,1,1,0,0
2024-07-29 07:00:00,273,8,6,36,0,21.6,5.5,0.0,0,1,0,0,0,0,0,1,0,0
2024-07-03 23:00:00,277,0,6,35,0,16.2,8.1,0.6,0,0,0,0,0,0,1,1,0,0
2024-07-04 00:00:00,308,1,6,29,0,17.5,6.9,0.0,0,0,0,0,1,0,0,1,0,0
2024-07-05 16:00:00,2073,17,6,26,0,15.2,6.8,3.2,1,0,0,0,0,0,0,1,0,0
2024-07-02 04:00:00,20,5,6,11,0,18.1,8.4,1.5,0,0,0,0,0,1,0,1,0,0
2024-07-14 08:00:00,205,9,6,20,0,20.1,5.5,0.4,0,0,0,1,0,0,0,1,0,0
2024-07-11 05:00:00,99,6,6,18,0,18.6,10.6,0.0,0,0,0,0,1,0,0,1,0,0
2024-07-15 01:00:00,249,2,6,15,0,19.2,10.6,0.0,0,1,0,0,0,0,0,1,0,0
2024-07-01 04:00:00,21,5,6,12,0,16.7,8.5,1.0,0,1,0,0,0,0,0,1,0,90
2024-07-06 05:00:00,82,6,6,12,0,16.7,8.4,5.9,0,0,1,0,0,0,0,1,0,0
2024-07-13 06:00:00,135,7,6,9,0,18.5,5.5,0.4,0,0,1,0,0,0,0,1,0,0
2024-07-06 02:00:00,426,3,5,50,0,16.7,8.4,5.9,0,0,1,0,0,0,0,1,0,0
2024-07-13 03:00:00,504,4,6,7,0,18.5,5.5,0.4,0,0,1,0,0,0,0,1,0,0
2024-07-06 17:00:00,1458,18,5,195,0,16.7,8.4,5.9,0,0,1,0,0,0,0,1,0,0
2024-07-06 09:00:00,731,10,5,175,0,16.7,8.4,5.9,0,0,1,0,0,0,0,1,0,0
2024-07-06 11:00:00,2410,12,5,139,0,16.7,8.4,5.9,0,0,1,0,0,0,0,1,0,0
2024-07-12 23:00:00,717,0,5,118,0,16.3,9.2,0.0,1,0,0,0,0,0,0,1,0,0
2024-07-06 08:00:00,318,9,5,117,0,16.7,8.4,5.9,0,0,1,0,0,0,0,1,0,0
2024-07-03 11:00:00,1247,12,5,86,0,16.2,8.1,0.6,0,0,0,0,0,0,1,1,0,0
2024-07-05 23:00:00,732,0,5,77,0,15.2,6.8,3.2,1,0,0,0,0,0,0,1,0,0
2024-07-06 07:00:00,150,8,5,75,0,16.7,8.4,5.9,0,0,1,0,0,0,0,1,0,0
2024-07-12 07:00:00,239,8,5,41,0,16.3,9.2,0.0,1,0,0,0,0,0,0,1,0,0
2024-07-14 02:00:00,715,3,5,38,0,20.1,5.5,0.4,0,0,0,1,0,0,0,1,0,0
2024-07-01 05:00:00,88,6,5,36,0,16.7,8.5,1.0,0,1,0,0,0,0,0,1,0,90
2024-07-26 01:00:00,239,2,5,33,0,20.9,9.0,0.0,1,0,0,0,0,0,0,1,0,0
2024-07-02 05:00:00,61,6,5,33,0,18.1,8.4,1.5,0,0,0,0,0,1,0,1,0,0
2024-07-14 03:00:00,741,4,5,29,0,20.1,5.5,0.4,0,0,0,1,0,0,0,1,0,0
2024-07-25 05:00:00,75,6,5,28,0,19.8,12.4,0.0,0,0,0,0,1,0,0,1,0,0
2024-07-28 06:00:00,123,7,5,26,0,20.3,5.5,0.0,0,0,0,1,0,0,0,1,0,0
2024-07-04 01:00:00,148,2,5,25,0,17.5,6.9,0.0,0,0,0,0,1,0,0,1,0,0
2024-07-09 21:00:00,579,22,6,165,0,16.7,10.8,2.6,0,0,0,0,0,1,0,1,0,0
2024-07-28 07:00:00,101,8,5,24,0,20.3,5.5,0.0,0,0,0,1,0,0,0,1,0,0
2024-07-31 00:00:00,251,1,5,24,0,22.9,7.9,0.3,0,0,0,0,0,0,1,1,0,0
2024-07-12 05:00:00,125,6,5,23,0,16.3,9.2,0.0,1,0,0,0,0,0,0,1,0,0
2024-07-28 03:00:00,850,4,5,23,0,20.3,5.5,0.0,0,0,0,1,0,0,0,1,0,0
2024-07-11 13:00:00,2296,14,5,22,0,18.6,10.6,0.0,0,0,0,0,1,0,0,1,0,0
2024-07-05 22:00:00,907,23,6,139,0,15.2,6.8,3.2,1,0,0,0,0,0,0,1,0,0
2024-07-04 22:00:00,430,23,6,128,0,17.5,6.9,0.0,0,0,0,0,1,0,0,1,0,0
2024-07-11 11:00:00,1744,12,6,114,0,18.6,10.6,0.0,0,0,0,0,1,0,0,1,0,0
2024-07-26 23:00:00,567,0,6,97,0,20.9,9.0,0.0,1,0,0,0,0,0,0,1,0,0
2024-07-10 07:00:00,265,8,6,95,0,16.6,11.2,1.1,0,0,0,0,0,0,1,1,0,0
2024-07-13 14:00:00,2586,15,6,83,0,18.5,5.5,0.4,0,0,1,0,0,0,0,1,0,0
2024-07-16 13:00:00,1819,14,6,83,0,21.9,12.6,0.8,0,0,0,0,0,1,0,1,0,0
2024-07-10 00:00:00,169,1,5,21,0,16.6,11.2,1.1,0,0,0,0,0,0,1,1,0,0
2024-07-12 14:00:00,2340,15,5,20,0,16.3,9.2,0.0,1,0,0,0,0,0,0,1,0,0
2024-07-29 06:00:00,132,7,5,19,0,21.6,5.5,0.0,0,1,0,0,0,0,0,1,0,0
2024-07-28 04:00:00,59,5,5,14,0,20.3,5.5,0.0,0,0,0,1,0,0,0,1,0,0
2024-07-24 23:00:00,316,0,5,12,0,18.9,12.5,0.8,0,0,0,0,0,0,1,1,0,0
2024-07-25 04:00:00,18,5,5,11,0,19.8,12.4,0.0,0,0,0,0,1,0,0,1,0,0
2024-07-09 02:00:00,173,3,5,10,0,16.7,10.8,2.6,0,0,0,0,0,1,0,1,0,0
2024-07-11 08:00:00,498,9,5,9,0,18.6,10.6,0.0,0,0,0,0,1,0,0,1,0,0
2024-07-03 00:00:00,175,1,5,8,0,16.2,8.1,0.6,0,0,0,0,0,0,1,1,0,0
2024-07-25 01:00:00,161,2,5,5,0,19.8,12.4,0.0,0,0,0,0,1,0,0,1,0,0
2024-07-06 20:00:00,1185,21,3,240,0,16.7,8.4,5.9,0,0,1,0,0,0,0,1,0,0
2024-07-25 02:00:00,250,3,4,4,0,19.8,12.4,0.0,0,0,0,0,1,0,0,1,0,0
2024-07-15 05:00:00,79,6,4,31,0,19.2,10.6,0.0,0,1,0,0,0,0,0,1,0,0
2024-07-01 20:00:00,1380,21,3,105,0,16.7,8.5,1.0,0,1,0,0,0,0,0,1,0,90
2024-07-16 11:00:00,1355,12,4,31,0,21.9,12.6,0.8,0,0,0,0,0,1,0,1,0,0
2024-07-06 21:00:00,1006,22,3,179,0,16.7,8.4,5.9,0,0,1,0,0,0,0,1,0,0
2024-07-06 00:00:00,481,1,3,96,0,16.7,8.4,5.9,0,0,1,0,0,0,0,1,0,0
2024-07-11 09:00:00,1164,10,4,106,0,18.6,10.6,0.0,0,0,0,0,1,0,0,1,0,0
2024-07-13 22:00:00,964,23,4,105,0,18.5,5.5,0.4,0,0,1,0,0,0,0,1,0,0
2024-07-30 00:00:00,281,1,4,100,0,11.2,5.5,0.2,0,0,0,0,0,1,0,1,0,0
2024-07-15 19:00:00,1699,20,4,95,0,19.2,10.6,0.0,0,1,0,0,0,0,0,1,0,0
2024-07-28 23:00:00,370,0,4,91,0,20.3,5.5,0.0,0,0,0,1,0,0,0,1,0,0
2024-07-10 15:00:00,1985,16,4,91,0,16.6,11.2,1.1,0,0,0,0,0,0,1,1,0,0
2024-07-13 07:00:00,218,8,4,67,0,18.5,5.5,0.4,0,0,1,0,0,0,0,1,0,0
2024-07-14 23:00:00,469,0,4,43,0,20.1,5.5,0.4,0,0,0,1,0,0,0,1,0,0
2024-07-11 06:00:00,138,7,4,41,0,18.6,10.6,0.0,0,0,0,0,1,0,0,1,0,0
2024-07-16 02:00:00,93,3,4,38,0,21.9,12.6,0.8,0,0,0,0,0,1,0,1,0,0
2024-07-24 22:00:00,481,23,4,35,0,18.9,12.5,0.8,0,0,0,0,0,0,1,1,0,0
2024-07-09 01:00:00,85,2,4,34,0,16.7,10.8,2.6,0,0,0,0,0,1,0,1,0,0
2024-07-26 06:00:00,123,7,4,32,0,20.9,9.0,0.0,1,0,0,0,0,0,0,1,0,0
2024-07-10 06:00:00,105,7,4,32,0,16.6,11.2,1.1,0,0,0,0,0,0,1,1,0,0
2024-07-29 05:00:00,112,6,4,31,0,21.6,5.5,0.0,0,1,0,0,0,0,0,1,0,0
2024-07-10 21:00:00,997,22,3,166,0,16.6,11.2,1.1,0,0,0,0,0,0,1,1,0,0
2024-07-08 23:00:00,382,0,3,59,0,16.9,7.0,0.0,0,1,0,0,0,0,0,1,0,0
2024-07-06 01:00:00,387,2,3,54,0,16.7,8.4,5.9,0,0,1,0,0,0,0,1,0,0
2024-07-08 06:00:00,138,7,3,51,0,16.9,7.0,0.0,0,1,0,0,0,0,0,1,0,0
2024-07-06 23:00:00,851,0,3,51,0,16.7,8.4,5.9,0,0,1,0,0,0,0,1,0,0
2024-07-09 00:00:00,314,1,3,47,0,16.7,10.8,2.6,0,0,0,0,0,1,0,1,0,0
2024-07-28 02:00:00,739,3,3,46,0,20.3,5.5,0.0,0,0,0,1,0,0,0,1,0,0
2024-07-30 01:00:00,180,2,3,43,0,11.2,5.5,0.2,0,0,0,0,0,1,0,1,0,0
2024-07-15 02:00:00,217,3,3,38,0,19.2,10.6,0.0,0,1,0,0,0,0,0,1,0,0
2024-07-11 23:00:00,351,0,3,38,0,18.6,10.6,0.0,0,0,0,0,1,0,0,1,0,0
2024-07-31 06:00:00,122,7,3,38,0,22.9,7.9,0.3,0,0,0,0,0,0,1,1,0,0
2024-07-01 22:00:00,515,23,3,34,0,16.7,8.5,1.0,0,1,0,0,0,0,0,1,0,90
2024-07-26 02:00:00,281,3,3,33,0,20.9,9.0,0.0,1,0,0,0,0,0,0,1,0,0
2024-07-07 00:00:00,656,1,3,30,0,19.4,8.4,2.8,0,0,0,1,0,0,0,1,0,0
2024-07-24 01:00:00,132,2,3,29,0,18.9,12.5,0.8,0,0,0,0,0,0,1,1,0,0
2024-07-16 05:00:00,47,6,4,26,0,21.9,12.6,0.8,0,0,0,0,0,1,0,1,0,0
2024-07-24 05:00:00,84,6,4,26,0,18.9,12.5,0.8,0,0,0,0,0,0,1,1,0,0
2024-07-02 00:00:00,128,1,4,23,0,18.1,8.4,1.5,0,0,0,0,0,1,0,1,0,0
2024-07-07 07:00:00,153,8,4,22,0,19.4,8.4,2.8,0,0,0,1,0,0,0,1,0,0
2024-07-12 20:00:00,631,21,4,20,0,16.3,9.2,0.0,1,0,0,0,0,0,0,1,0,0
2024-07-12 04:00:00,26,5,4,15,0,16.3,9.2,0.0,1,0,0,0,0,0,0,1,0,0
2024-07-28 05:00:00,87,6,4,12,0,20.3,5.5,0.0,0,0,0,1,0,0,0,1,0,0
2024-07-29 01:00:00,156,2,3,26,0,21.6,5.5,0.0,0,1,0,0,0,0,0,1,0,0
2024-07-12 06:00:00,95,7,3,24,0,16.3,9.2,0.0,1,0,0,0,0,0,0,1,0,0
2024-07-03 01:00:00,124,2,3,24,0,16.2,8.1,0.6,0,0,0,0,0,0,1,1,0,0
2024-07-06 03:00:00,320,4,3,23,0,16.7,8.4,5.9,0,0,1,0,0,0,0,1,0,0
2024-07-03 02:00:00,119,3,3,22,0,16.2,8.1,0.6,0,0,0,0,0,0,1,1,0,0
2024-07-09 06:00:00,131,7,3,21,0,16.7,10.8,2.6,0,0,0,0,0,1,0,1,0,0
2024-07-26 03:00:00,82,4,3,20,0,20.9,9.0,0.0,1,0,0,0,0,0,0,1,0,0
2024-07-12 03:00:00,173,4,3,19,0,16.3,9.2,0.0,1,0,0,0,0,0,0,1,0,0
2024-07-15 03:00:00,152,4,3,18,0,19.2,10.6,0.0,0,1,0,0,0,0,0,1,0,0
2024-07-14 07:00:00,164,8,3,17,0,20.1,5.5,0.4,0,0,0,1,0,0,0,1,0,0
2024-07-11 07:00:00,158,8,3,15,0,18.6,10.6,0.0,0,0,0,0,1,0,0,1,0,0
2024-07-05 03:00:00,94,4,3,14,0,15.2,6.8,3.2,1,0,0,0,0,0,0,1,0,0
2024-07-24 00:00:00,209,1,2,32,0,18.9,12.5,0.8,0,0,0,0,0,0,1,1,0,0
2024-07-25 23:00:00,493,0,2,31,0,19.8,12.4,0.0,0,0,0,0,1,0,0,1,0,0
2024-07-01 06:00:00,119,7,2,29,0,16.7,8.5,1.0,0,1,0,0,0,0,0,1,0,90
2024-07-11 00:00:00,98,1,2,27,0,18.6,10.6,0.0,0,0,0,0,1,0,0,1,0,0
2024-07-08 05:00:00,93,6,2,25,0,16.9,7.0,0.0,0,1,0,0,0,0,0,1,0,0
2024-07-27 03:00:00,401,4,2,22,0,22.0,5.5,0.0,0,0,1,0,0,0,0,1,0,0
2024-07-31 01:00:00,183,2,2,20,0,22.9,7.9,0.3,0,0,0,0,0,0,1,1,0,0
2024-07-29 04:00:00,50,5,2,19,0,21.6,5.5,0.0,0,1,0,0,0,0,0,1,0,0
2024-07-04 06:00:00,144,7,2,19,0,17.5,6.9,0.0,0,0,0,0,1,0,0,1,0,0
2024-07-04 02:00:00,241,3,2,16,0,17.5,6.9,0.0,0,0,0,0,1,0,0,1,0,0
2024-07-05 04:00:00,43,5,2,15,0,15.2,6.8,3.2,1,0,0,0,0,0,0,1,0,0
2024-07-03 22:00:00,537,23,2,142,0,16.2,8.1,0.6,0,0,0,0,0,0,1,1,0,0
2024-07-03 04:00:00,47,5,3,6,0,16.2,8.1,0.6,0,0,0,0,0,0,1,1,0,0
2024-07-04 05:00:00,101,6,2,12,0,17.5,6.9,0.0,0,0,0,0,1,0,0,1,0,0
2024-07-23 13:00:00,509,14,3,0,0,20.1,12.5,0.2,0,0,0,0,0,1,0,1,0,0
2024-07-29 23:00:00,319,0,2,67,0,21.6,5.5,0.0,0,1,0,0,0,0,0,1,0,0
2024-07-04 13:00:00,1324,14,2,61,0,17.5,6.9,0.0,0,0,0,0,1,0,0,1,0,0
2024-07-09 03:00:00,170,4,2,10,0,16.7,10.8,2.6,0,0,0,0,0,1,0,1,0,0
2024-07-01 03:00:00,58,4,2,8,0,16.7,8.5,1.0,0,1,0,0,0,0,0,1,0,90
2024-07-24 03:00:00,44,4,2,8,0,18.9,12.5,0.8,0,0,0,0,0,0,1,1,0,0
2024-07-14 05:00:00,95,6,2,7,0,20.1,5.5,0.4,0,0,0,1,0,0,0,1,0,0
2024-07-07 06:00:00,73,7,2,7,0,19.4,8.4,2.8,0,0,0,1,0,0,0,1,0,0
2024-07-31 23:00:00,475,0,2,56,0,22.9,7.9,0.3,0,0,0,0,0,0,1,1,0,0
2024-07-14 00:00:00,684,1,2,52,0,20.1,5.5,0.4,0,0,0,1,0,0,0,1,0,0
2024-07-29 00:00:00,315,1,2,50,0,21.6,5.5,0.0,0,1,0,0,0,0,0,1,0,0
2024-07-14 01:00:00,656,2,2,43,0,20.1,5.5,0.4,0,0,0,1,0,0,0,1,0,0
2024-07-06 06:00:00,71,7,2,41,0,16.7,8.4,5.9,0,0,1,0,0,0,0,1,0,0
2024-07-10 23:00:00,220,0,2,40,0,16.6,11.2,1.1,0,0,0,0,0,0,1,1,0,0
2024-07-05 00:00:00,294,1,2,36,0,15.2,6.8,3.2,1,0,0,0,0,0,0,1,0,0
2024-07-04 23:00:00,277,0,1,31,0,17.5,6.9,0.0,0,0,0,0,1,0,0,1,0,0
2024-07-08 02:00:00,103,3,1,18,0,16.9,7.0,0.0,0,1,0,0,0,0,0,1,0,0
2024-07-08 03:00:00,79,4,1,18,0,16.9,7.0,0.0,0,1,0,0,0,0,0,1,0,0
2024-07-10 01:00:00,138,2,1,22,0,16.6,11.2,1.1,0,0,0,0,0,0,1,1,0,0
2024-07-12 02:00:00,495,3,1,21,0,16.3,9.2,0.0,1,0,0,0,0,0,0,1,0,0
2024-07-03 05:00:00,77,6,1,19,0,16.2,8.1,0.6,0,0,0,0,0,0,1,1,0,0
2024-07-01 00:00:00,266,1,1,56,0,16.7,8.5,1.0,0,1,0,0,0,0,0,1,0,90
2024-07-04 03:00:00,74,4,2,2,0,17.5,6.9,0.0,0,0,0,0,1,0,0,1,0,0
2024-07-15 04:00:00,36,5,1,14,0,19.2,10.6,0.0,0,1,0,0,0,0,0,1,0,0
2024-07-09 23:00:00,274,0,1,49,0,16.7,10.8,2.6,0,0,0,0,0,1,0,1,0,0
2024-07-01 01:00:00,121,2,1,47,0,16.7,8.5,1.0,0,1,0,0,0,0,0,1,0,90
2024-07-13 23:00:00,715,0,1,73,0,18.5,5.5,0.4,0,0,1,0,0,0,0,1,0,0
2024-07-11 03:00:00,61,4,1,12,0,18.6,10.6,0.0,0,0,0,0,1,0,0,1,0,0
2024-07-07 05:00:00,72,6,1,11,0,19.4,8.4,2.8,0,0,0,1,0,0,0,1,0,0
2024-07-26 04:00:00,28,5,1,10,0,20.9,9.0,0.0,1,0,0,0,0,0,0,1,0,0
2024-07-16 03:00:00,37,4,1,10,0,21.9,12.6,0.8,0,0,0,0,0,1,0,1,0,0
2024-07-05 02:00:00,257,3,1,9,0,15.2,6.8,3.2,1,0,0,0,0,0,0,1,0,0
2024-07-08 04:00:00,30,5,1,9,0,16.9,7.0,0.0,0,1,0,0,0,0,0,1,0,0
2024-07-09 22:00:00,432,23,1,119,0,16.7,10.8,2.6,0,0,0,0,0,1,0,1,0,0
2024-07-01 02:00:00,74,3,1,44,0,16.7,8.5,1.0,0,1,0,0,0,0,0,1,0,90
2024-07-07 08:00:00,140,9,1,41,0,19.4,8.4,2.8,0,0,0,1,0,0,0,1,0,0
2024-07-08 00:00:00,201,1,1,38,0,16.9,7.0,0.0,0,1,0,0,0,0,0,1,0,0
2024-07-24 04:00:00,10,5,1,7,0,18.9,12.5,0.8,0,0,0,0,0,0,1,1,0,0
2024-07-10 03:00:00,67,4,1,4,0,16.6,11.2,1.1,0,0,0,0,0,0,1,1,0,0
2024-07-25 00:00:00,262,1,1,3,0,19.8,12.4,0.0,0,0,0,0,1,0,0,1,0,0
2024-07-25 03:00:00,111,4,1,3,0,19.8,12.4,0.0,0,0,0,0,1,0,0,1,0,0
2024-07-11 04:00:00,53,5,1,0,0,18.6,10.6,0.0,0,0,0,0,1,0,0,1,0,0
2024-07-13 00:00:00,674,1,0,137,0,18.5,5.5,0.4,0,0,1,0,0,0,0,1,0,0
2024-07-10 04:00:00,30,5,0,9,0,16.6,11.2,1.1,0,0,0,0,0,0,1,1,0,0
2024-07-12 01:00:00,206,2,0,31,0,16.3,9.2,0.0,1,0,0,0,0,0,0,1,0,0
2024-07-08 01:00:00,139,2,0,28,0,16.9,7.0,0.0,0,1,0,0,0,0,0,1,0,0
2024-07-14 04:00:00,60,5,0,7,0,20.1,5.5,0.4,0,0,0,1,0,0,0,1,0,0
2024-07-05 01:00:00,175,2,0,26,0,15.2,6.8,3.2,1,0,0,0,0,0,0,1,0,0
2024-07-13 01:00:00,581,2,0,24,0,18.5,5.5,0.4,0,0,1,0,0,0,0,1,0,0
2024-07-02 01:00:00,164,2,0,22,0,18.1,8.4,1.5,0,0,0,0,0,1,0,1,0,0
2024-07-29 03:00:00,53,4,0,20,0,21.6,5.5,0.0,0,1,0,0,0,0,0,1,0,0
2024-07-07 01:00:00,549,2,0,5,0,19.4,8.4,2.8,0,0,0,1,0,0,0,1,0,0
2024-07-16 04:00:00,25,5,0,7,0,21.9,12.6,0.8,0,0,0,0,0,1,0,1,0,0
2024-07-06 04:00:00,40,5,0,4,0,16.7,8.4,5.9,0,0,1,0,0,0,0,1,0,0
2024-07-04 04:00:00,50,5,0,4,0,17.5,6.9,0.0,0,0,0,0,1,0,0,1,0,0
2024-07-13 04:00:00,36,5,0,3,0,18.5,5.5,0.4,0,0,1,0,0,0,0,1,0,0
2024-07-31 04:00:00,21,5,0,7,0,22.9,7.9,0.3,0,0,0,0,0,0,1,1,0,0
2024-07-31 03:00:00,18,4,0,7,0,22.9,7.9,0.3,0,0,0,0,0,0,1,1,0,0
2024-07-27 04:00:00,47,5,0,6,0,22.0,5.5,0.0,0,0,1,0,0,0,0,1,0,0
2024-07-30 03:00:00,39,4,0,0,0,11.2,5.5,0.2,0,0,0,0,0,1,0,1,0,0
2024-07-02 03:00:00,6,4,0,2,0,18.1,8.4,1.5,0,0,0,0,0,1,0,1,0,0
2024-07-10 05:00:00,121,6,0,17,0,16.6,11.2,1.1,0,0,0,0,0,0,1,1,0,0
2024-07-02 02:00:00,57,3,0,16,0,18.1,8.4,1.5,0,0,0,0,0,1,0,1,0,0
2024-07-12 00:00:00,224,1,0,35,0,16.3,9.2,0.0,1,0,0,0,0,0,0,1,0,0
2024-07-30 02:00:00,127,3,0,15,0,11.2,5.5,0.2,0,0,0,0,0,1,0,1,0,0
2024-07-30 04:00:00,48,5,0,15,0,11.2,5.5,0.2,0,0,0,0,0,1,0,1,0,0
2024-07-24 02:00:00,93,3,0,12,0,18.9,12.5,0.8,0,0,0,0,0,0,1,1,0,0
2024-07-31 02:00:00,113,3,0,11,0,22.9,7.9,0.3,0,0,0,0,0,0,1,1,0,0
2024-07-10 02:00:00,100,3,0,11,0,16.6,11.2,1.1,0,0,0,0,0,0,1,1,0,0
2024-07-03 03:00:00,51,4,0,11,0,16.2,8.1,0.6,0,0,0,0,0,0,1,1,0,0
2024-07-01 23:00:00,226,0,0,32,0,16.7,8.5,1.0,0,1,0,0,0,0,0,1,0,90
2023-08-02 12:00:00,2824,13,31,219,0,19.8,13.5,2.1,0,0,0,0,0,0,1,1,0,0
2023-08-04 19:00:00,1296,20,19,101,0,15.4,11.3,1.6,1,0,0,0,0,0,0,1,0,0
2023-08-02 09:00:00,814,10,30,139,0,19.8,13.5,2.1,0,0,0,0,0,0,1,1,0,0
2023-08-04 18:00:00,824,19,18,79,0,15.4,11.3,1.6,1,0,0,0,0,0,0,1,0,0
2023-08-02 20:00:00,955,21,27,194,0,19.8,13.5,2.1,0,0,0,0,0,0,1,1,0,0
2023-08-04 11:00:00,2286,12,17,151,0,15.4,11.3,1.6,1,0,0,0,0,0,0,1,0,0
2023-08-02 08:00:00,541,9,26,139,0,19.8,13.5,2.1,0,0,0,0,0,0,1,1,0,0
2023-08-04 07:00:00,166,8,16,76,0,15.4,11.3,1.6,1,0,0,0,0,0,0,1,0,0
2023-08-02 17:00:00,1779,18,23,201,0,19.8,13.5,2.1,0,0,0,0,0,0,1,1,0,0
2023-08-04 15:00:00,2703,16,15,75,0,15.4,11.3,1.6,1,0,0,0,0,0,0,1,0,0
2023-08-02 19:00:00,1199,20,20,283,0,19.8,13.5,2.1,0,0,0,0,0,0,1,1,0,0
2023-08-04 21:00:00,1208,22,13,120,0,15.4,11.3,1.6,1,0,0,0,0,0,0,1,0,0
2023-08-02 18:00:00,1659,19,17,161,0,19.8,13.5,2.1,0,0,0,0,0,0,1,1,0,0
2023-08-04 17:00:00,1396,18,11,41,0,15.4,11.3,1.6,1,0,0,0,0,0,0,1,0,0
2023-08-02 16:00:00,1673,17,13,150,0,19.8,13.5,2.1,0,0,0,0,0,0,1,1,0,0
2023-08-04 06:00:00,130,7,7,48,0,15.4,11.3,1.6,1,0,0,0,0,0,0,1,0,0
2023-08-02 05:00:00,73,6,9,24,0,19.8,13.5,2.1,0,0,0,0,0,0,1,1,0,0
2023-08-02 22:00:00,720,23,8,97,0,19.8,13.5,2.1,0,0,0,0,0,0,1,1,0,0
2023-08-02 07:00:00,232,8,8,70,0,19.8,13.5,2.1,0,0,0,0,0,0,1,1,0,0
2023-08-02 06:00:00,135,7,7,25,0,19.8,13.5,2.1,0,0,0,0,0,0,1,1,0,0
2023-08-02 21:00:00,887,22,6,179,0,19.8,13.5,2.1,0,0,0,0,0,0,1,1,0,0
2023-08-02 01:00:00,160,2,5,16,0,19.8,13.5,2.1,0,0,0,0,0,0,1,1,0,0
2023-08-04 20:00:00,1005,21,7,4,0,15.4,11.3,1.6,1,0,0,0,0,0,0,1,0,0
2023-08-02 04:00:00,30,5,4,8,0,19.8,13.5,2.1,0,0,0,0,0,0,1,1,0,0
2023-08-01 18:00:00,2279,19,61,236,0,17.8,13.1,0.0,0,0,0,0,0,1,0,1,0,0
2023-08-01 10:00:00,1455,11,46,195,0,17.8,13.1,0.0,0,0,0,0,0,1,0,1,0,0
2023-08-01 16:00:00,1969,17,44,178,0,17.8,13.1,0.0,0,0,0,0,0,1,0,1,0,0
2023-08-01 15:00:00,1912,16,37,160,0,17.8,13.1,0.0,0,0,0,0,0,1,0,1,0,0
2023-08-01 11:00:00,1606,12,34,209,0,17.8,13.1,0.0,0,0,0,0,0,1,0,1,0,0
2023-08-01 17:00:00,2104,18,27,246,0,17.8,13.1,0.0,0,0,0,0,0,1,0,1,0,0
2023-08-01 20:00:00,733,21,24,176,0,17.8,13.1,0.0,0,0,0,0,0,1,0,1,0,0
2023-08-01 09:00:00,875,10,17,192,0,17.8,13.1,0.0,0,0,0,0,0,1,0,1,0,0
2023-08-01 21:00:00,536,22,17,173,0,17.8,13.1,0.0,0,0,0,0,0,1,0,1,0,0
2023-08-01 19:00:00,1258,20,13,211,0,17.8,13.1,0.0,0,0,0,0,0,1,0,1,0,0
2023-08-01 08:00:00,574,9,13,184,0,17.8,13.1,0.0,0,0,0,0,0,1,0,1,0,0
2023-08-01 14:00:00,1422,15,9,52,0,17.8,13.1,0.0,0,0,0,0,0,1,0,1,0,0
2023-08-01 23:00:00,415,0,7,43,0,17.8,13.1,0.0,0,0,0,0,0,1,0,1,0,0
2023-08-01 22:00:00,461,23,7,28,0,17.8,13.1,0.0,0,0,0,0,0,1,0,1,0,0
2023-08-01 00:00:00,142,1,6,22,0,17.8,13.1,0.0,0,0,0,0,0,1,0,1,0,0
2023-08-01 07:00:00,302,8,5,96,0,17.8,13.1,0.0,0,0,0,0,0,1,0,1,0,0
2023-08-01 06:00:00,113,7,4,37,0,17.8,13.1,0.0,0,0,0,0,0,1,0,1,0,0
2023-08-01 02:00:00,25,3,3,3,0,17.8,13.1,0.0,0,0,0,0,0,1,0,1,0,0
2023-08-01 05:00:00,92,6,2,23,0,17.8,13.1,0.0,0,0,0,0,0,1,0,1,0,0
2023-08-01 01:00:00,41,2,2,1,0,17.8,13.1,0.0,0,0,0,0,0,1,0,1,0,0
2023-08-01 13:00:00,812,14,1,7,0,17.8,13.1,0.0,0,0,0,0,0,1,0,1,0,0
2023-08-01 12:00:00,470,13,1,1,0,17.8,13.1,0.0,0,0,0,0,0,1,0,1,0,0
2023-08-01 04:00:00,8,5,0,4,0,17.8,13.1,0.0,0,0,0,0,0,1,0,1,0,0
2023-08-01 03:00:00,8,4,0,1,0,17.8,13.1,0.0,0,0,0,0,0,1,0,1,0,0
2023-08-02 15:00:00,2088,16,54,208,0,19.8,13.5,2.1,0,0,0,0,0,0,1,1,0,0
2023-08-02 11:00:00,1822,12,46,232,0,19.8,13.5,2.1,0,0,0,0,0,0,1,1,0,0
2023-08-02 13:00:00,2924,14,41,238,0,19.8,13.5,2.1,0,0,0,0,0,0,1,1,0,0
2023-08-02 14:00:00,2546,15,35,231,0,19.8,13.5,2.1,0,0,0,0,0,0,1,1,0,0
2023-08-02 10:00:00,1452,11,34,218,0,19.8,13.5,2.1,0,0,0,0,0,0,1,1,0,0
2023-08-04 22:00:00,1301,23,4,181,0,15.4,11.3,1.6,1,0,0,0,0,0,0,1,0,0
2023-08-04 05:00:00,107,6,4,31,0,15.4,11.3,1.6,1,0,0,0,0,0,0,1,0,0
2023-08-04 04:00:00,7,5,4,7,0,15.4,11.3,1.6,1,0,0,0,0,0,0,1,0,0
2023-08-02 00:00:00,330,1,3,21,0,19.8,13.5,2.1,0,0,0,0,0,0,1,1,0,0
2023-08-04 23:00:00,588,0,3,101,0,15.4,11.3,1.6,1,0,0,0,0,0,0,1,0,0
2023-08-02 03:00:00,58,4,2,5,0,19.8,13.5,2.1,0,0,0,0,0,0,1,1,0,0
2023-08-02 23:00:00,319,0,1,61,0,19.8,13.5,2.1,0,0,0,0,0,0,1,1,0,0
2023-08-04 02:00:00,180,3,3,42,0,15.4,11.3,1.6,1,0,0,0,0,0,0,1,0,0
2023-08-02 02:00:00,133,3,0,6,0,19.8,13.5,2.1,0,0,0,0,0,0,1,1,0,0
2023-08-04 01:00:00,196,2,1,45,0,15.4,11.3,1.6,1,0,0,0,0,0,0,1,0,0
2023-08-03 10:00:00,1554,11,45,201,0,17.3,11.8,0.0,0,0,0,0,1,0,0,1,0,0
2023-08-04 03:00:00,32,4,0,22,0,15.4,11.3,1.6,1,0,0,0,0,0,0,1,0,0
2023-08-03 18:00:00,1121,19,38,239,0,17.3,11.8,0.0,0,0,0,0,1,0,0,1,0,0
2023-08-04 00:00:00,413,1,0,5,0,15.4,11.3,1.6,1,0,0,0,0,0,0,1,0,0
2023-08-03 11:00:00,2100,12,33,235,0,17.3,11.8,0.0,0,0,0,0,1,0,0,1,0,0
2023-08-05 12:00:00,2421,13,43,262,0,17.5,5.5,9.2,0,0,1,0,0,0,0,1,0,0
2023-08-03 09:00:00,1086,10,32,194,0,17.3,11.8,0.0,0,0,0,0,1,0,0,1,0,0
2023-08-05 14:00:00,2525,15,28,252,0,17.5,5.5,9.2,0,0,1,0,0,0,0,1,0,0
2023-08-03 17:00:00,1493,18,31,243,0,17.3,11.8,0.0,0,0,0,0,1,0,0,1,0,0
2023-08-05 13:00:00,1123,14,25,82,0,17.5,5.5,9.2,0,0,1,0,0,0,0,1,0,0
2023-08-03 13:00:00,3534,14,29,253,0,17.3,11.8,0.0,0,0,0,0,1,0,0,1,0,0
2023-08-03 08:00:00,589,9,27,174,0,17.3,11.8,0.0,0,0,0,0,1,0,0,1,0,0
2023-08-05 11:00:00,1143,12,20,150,0,17.5,5.5,9.2,0,0,1,0,0,0,0,1,0,0
2023-08-03 16:00:00,2241,17,24,195,0,17.3,11.8,0.0,0,0,0,0,1,0,0,1,0,0
2023-08-05 18:00:00,1380,19,18,285,0,17.5,5.5,9.2,0,0,1,0,0,0,0,1,0,0
2023-08-03 15:00:00,2361,16,23,229,0,17.3,11.8,0.0,0,0,0,0,1,0,0,1,0,0
2023-08-05 17:00:00,1484,18,16,297,0,17.5,5.5,9.2,0,0,1,0,0,0,0,1,0,0
2023-08-03 14:00:00,3136,15,18,260,0,17.3,11.8,0.0,0,0,0,0,1,0,0,1,0,0
2023-08-05 09:00:00,1084,10,14,26,0,17.5,5.5,9.2,0,0,1,0,0,0,0,1,0,0
2023-08-03 12:00:00,3344,13,14,227,0,17.3,11.8,0.0,0,0,0,0,1,0,0,1,0,0
2023-08-05 16:00:00,1618,17,12,223,0,17.5,5.5,9.2,0,0,1,0,0,0,0,1,0,0
2023-08-03 20:00:00,459,21,12,120,0,17.3,11.8,0.0,0,0,0,0,1,0,0,1,0,0
2023-08-05 10:00:00,710,11,12,182,0,17.5,5.5,9.2,0,0,1,0,0,0,0,1,0,0
2023-08-03 21:00:00,726,22,11,115,0,17.3,11.8,0.0,0,0,0,0,1,0,0,1,0,0
2023-08-05 20:00:00,1213,21,12,169,0,17.5,5.5,9.2,0,0,1,0,0,0,0,1,0,0
2023-08-03 23:00:00,282,0,10,4,0,17.3,11.8,0.0,0,0,0,0,1,0,0,1,0,0
2023-08-05 15:00:00,1806,16,10,220,0,17.5,5.5,9.2,0,0,1,0,0,0,0,1,0,0
2023-08-03 22:00:00,520,23,10,1,0,17.3,11.8,0.0,0,0,0,0,1,0,0,1,0,0
2023-08-05 08:00:00,570,9,9,13,0,17.5,5.5,9.2,0,0,1,0,0,0,0,1,0,0
2023-08-03 19:00:00,608,20,7,114,0,17.3,11.8,0.0,0,0,0,0,1,0,0,1,0,0
2023-08-05 19:00:00,1306,20,8,285,0,17.5,5.5,9.2,0,0,1,0,0,0,0,1,0,0
2023-08-03 06:00:00,92,7,7,42,0,17.3,11.8,0.0,0,0,0,0,1,0,0,1,0,0
2023-08-05 21:00:00,1178,22,8,233,0,17.5,5.5,9.2,0,0,1,0,0,0,0,1,0,0
2023-08-03 07:00:00,286,8,6,80,0,17.3,11.8,0.0,0,0,0,0,1,0,0,1,0,0
2023-08-05 03:00:00,408,4,7,16,0,17.5,5.5,9.2,0,0,1,0,0,0,0,1,0,0
2023-08-03 05:00:00,95,6,5,27,0,17.3,11.8,0.0,0,0,0,0,1,0,0,1,0,0
2023-08-05 07:00:00,286,8,6,39,0,17.5,5.5,9.2,0,0,1,0,0,0,0,1,0,0
2023-08-03 04:00:00,47,5,3,10,0,17.3,11.8,0.0,0,0,0,0,1,0,0,1,0,0
2023-08-05 22:00:00,998,23,5,129,0,17.5,5.5,9.2,0,0,1,0,0,0,0,1,0,0
2023-08-03 01:00:00,154,2,1,36,0,17.3,11.8,0.0,0,0,0,0,1,0,0,1,0,0
2023-08-03 03:00:00,71,4,1,9,0,17.3,11.8,0.0,0,0,0,0,1,0,0,1,0,0
2023-08-03 00:00:00,248,1,0,36,0,17.3,11.8,0.0,0,0,0,0,1,0,0,1,0,0
2023-08-03 02:00:00,207,3,0,19,0,17.3,11.8,0.0,0,0,0,0,1,0,0,1,0,0
2023-08-04 10:00:00,1760,11,34,121,0,15.4,11.3,1.6,1,0,0,0,0,0,0,1,0,0
2023-08-04 09:00:00,791,10,33,160,0,15.4,11.3,1.6,1,0,0,0,0,0,0,1,0,0
2023-08-04 08:00:00,469,9,31,149,0,15.4,11.3,1.6,1,0,0,0,0,0,0,1,0,0
2023-08-04 13:00:00,3667,14,30,143,0,15.4,11.3,1.6,1,0,0,0,0,0,0,1,0,0
2023-08-04 14:00:00,3297,15,28,182,0,15.4,11.3,1.6,1,0,0,0,0,0,0,1,0,0
2023-08-05 01:00:00,376,2,5,34,0,17.5,5.5,9.2,0,0,1,0,0,0,0,1,0,0
2023-08-04 16:00:00,2668,17,24,43,0,15.4,11.3,1.6,1,0,0,0,0,0,0,1,0,0
2023-08-05 02:00:00,219,3,5,23,0,17.5,5.5,9.2,0,0,1,0,0,0,0,1,0,0
2023-08-04 12:00:00,3020,13,22,195,0,15.4,11.3,1.6,1,0,0,0,0,0,0,1,0,0
2023-08-05 23:00:00,752,0,4,107,0,17.5,5.5,9.2,0,0,1,0,0,0,0,1,0,0
2023-08-05 06:00:00,153,7,3,17,0,17.5,5.5,9.2,0,0,1,0,0,0,0,1,0,0
2023-08-05 04:00:00,63,5,3,1,0,17.5,5.5,9.2,0,0,1,0,0,0,0,1,0,0
2023-08-05 00:00:00,398,1,0,53,0,17.5,5.5,9.2,0,0,1,0,0,0,0,1,0,0
2023-08-05 05:00:00,75,6,0,5,0,17.5,5.5,9.2,0,0,1,0,0,0,0,1,0,0
2023-08-06 14:00:00,1812,15,40,212,0,20.0,5.5,3.0,0,0,0,1,0,0,0,1,0,0
2023-08-06 18:00:00,967,19,33,201,0,20.0,5.5,3.0,0,0,0,1,0,0,0,1,0,0
2023-08-06 17:00:00,1231,18,31,186,0,20.0,5.5,3.0,0,0,0,1,0,0,0,1,0,0
2023-08-06 15:00:00,1759,16,31,171,0,20.0,5.5,3.0,0,0,0,1,0,0,0,1,0,0
2023-08-06 13:00:00,3250,14,31,12,0,20.0,5.5,3.0,0,0,0,1,0,0,0,1,0,0
2023-08-06 16:00:00,1469,17,26,181,0,20.0,5.5,3.0,0,0,0,1,0,0,0,1,0,0
2023-08-06 19:00:00,893,20,21,201,0,20.0,5.5,3.0,0,0,0,1,0,0,0,1,0,0
2023-08-06 20:00:00,767,21,17,195,0,20.0,5.5,3.0,0,0,0,1,0,0,0,1,0,0
2023-08-06 11:00:00,2266,12,15,5,0,20.0,5.5,3.0,0,0,0,1,0,0,0,1,0,0
2023-08-20 17:00:00,819,18,0,12,0,21.5,14.0,0.0,0,0,0,1,0,0,0,1,0,0
2023-08-06 09:00:00,464,10,12,42,0,20.0,5.5,3.0,0,0,0,1,0,0,0,1,0,0
2023-08-21 14:00:00,2346,15,42,240,0,21.4,14.3,0.6,0,1,0,0,0,0,0,1,0,0
2023-08-21 17:00:00,1619,18,35,181,0,21.4,14.3,0.6,0,1,0,0,0,0,0,1,0,0
2023-08-21 16:00:00,1703,17,30,139,0,21.4,14.3,0.6,0,1,0,0,0,0,0,1,0,0
2023-08-06 12:00:00,3082,13,12,5,0,20.0,5.5,3.0,0,0,0,1,0,0,0,1,0,0
2023-08-21 18:00:00,1135,19,28,187,0,21.4,14.3,0.6,0,1,0,0,0,0,0,1,0,0
2023-08-16 03:00:00,69,4,2,8,0,17.7,13.9,0.2,0,0,0,0,0,0,1,1,0,0
2023-08-14 07:00:00,311,8,3,75,0,20.6,13.5,0.0,0,1,0,0,0,0,0,1,0,0
2023-08-18 03:00:00,80,4,0,5,0,20.9,13.2,9.7,1,0,0,0,0,0,0,1,0,0
2023-08-06 21:00:00,622,22,8,133,0,20.0,5.5,3.0,0,0,0,1,0,0,0,1,0,0
2023-08-21 19:00:00,1085,20,19,163,0,21.4,14.3,0.6,0,1,0,0,0,0,0,1,0,0
2023-08-08 18:00:00,1404,19,22,169,0,19.1,7.7,0.2,0,0,0,0,0,1,0,1,0,0
2023-08-16 05:00:00,89,6,0,35,0,17.7,13.9,0.2,0,0,0,0,0,0,1,1,0,0
2023-08-14 04:00:00,20,5,1,11,0,20.6,13.5,0.0,0,1,0,0,0,0,0,1,0,0
2023-08-12 00:00:00,695,1,4,49,0,19.7,15.4,11.4,0,0,1,0,0,0,0,1,0,0
2023-08-18 04:00:00,35,5,0,3,0,20.9,13.2,9.7,1,0,0,0,0,0,0,1,0,0
2023-08-06 08:00:00,179,9,8,63,0,20.0,5.5,3.0,0,0,0,1,0,0,0,1,0,0
2023-08-21 15:00:00,1668,16,19,138,0,21.4,14.3,0.6,0,1,0,0,0,0,0,1,0,0
2023-08-16 01:00:00,149,2,0,25,0,17.7,13.9,0.2,0,0,0,0,0,0,1,1,0,0
2023-08-08 07:00:00,278,8,19,84,0,19.1,7.7,0.2,0,0,0,0,0,1,0,1,0,0
2023-08-14 23:00:00,293,0,1,1,0,20.6,13.5,0.0,0,1,0,0,0,0,0,1,0,0
2023-08-12 06:00:00,157,7,4,39,0,19.7,15.4,11.4,0,0,1,0,0,0,0,1,0,0
2023-08-10 18:00:00,1690,19,11,167,0,22.5,14.2,5.0,0,0,0,0,1,0,0,1,0,0
2023-08-18 02:00:00,227,3,0,1,0,20.9,13.2,9.7,1,0,0,0,0,0,0,1,0,0
2023-08-06 05:00:00,95,6,8,18,0,20.0,5.5,3.0,0,0,0,1,0,0,0,1,0,0
2023-08-21 08:00:00,503,9,17,8,0,21.4,14.3,0.6,0,1,0,0,0,0,0,1,0,0
2023-08-16 02:00:00,155,3,0,21,0,17.7,13.9,0.2,0,0,0,0,0,0,1,1,0,0
2023-08-08 21:00:00,565,22,15,88,0,19.1,7.7,0.2,0,0,0,0,0,1,0,1,0,0
2023-08-14 00:00:00,242,1,0,47,0,20.6,13.5,0.0,0,1,0,0,0,0,0,1,0,0
2023-08-12 13:00:00,611,14,4,21,0,19.7,15.4,11.4,0,0,1,0,0,0,0,1,0,0
2023-08-10 13:00:00,3382,14,11,47,0,22.5,14.2,5.0,0,0,0,0,1,0,0,1,0,0
2023-08-19 14:00:00,1693,15,23,8,0,21.8,13.4,0.0,0,0,1,0,0,0,0,1,0,0
2023-08-06 10:00:00,1183,11,8,8,0,20.0,5.5,3.0,0,0,0,1,0,0,0,1,0,0
2023-08-21 13:00:00,2364,14,16,120,0,21.4,14.3,0.6,0,1,0,0,0,0,0,1,0,0
2023-08-16 04:00:00,36,5,0,2,0,17.7,13.9,0.2,0,0,0,0,0,0,1,1,0,0
2023-08-08 06:00:00,197,7,13,43,0,19.1,7.7,0.2,0,0,0,0,0,1,0,1,0,0
2023-08-14 01:00:00,137,2,0,38,0,20.6,13.5,0.0,0,1,0,0,0,0,0,1,0,0
2023-08-12 12:00:00,1786,13,3,231,0,19.7,15.4,11.4,0,0,1,0,0,0,0,1,0,0
2023-08-10 21:00:00,885,22,10,129,0,22.5,14.2,5.0,0,0,0,0,1,0,0,1,0,0
2023-08-19 12:00:00,1772,13,21,164,0,21.8,13.4,0.0,0,0,1,0,0,0,0,1,0,0
2023-08-06 07:00:00,155,8,6,41,0,20.0,5.5,3.0,0,0,0,1,0,0,0,1,0,0
2023-08-21 10:00:00,1381,11,16,20,0,21.4,14.3,0.6,0,1,0,0,0,0,0,1,0,0
2023-08-17 13:00:00,2600,14,50,259,0,11.2,14.6,0.0,0,0,0,0,1,0,0,1,0,0
2023-08-08 22:00:00,358,23,12,5,0,19.1,7.7,0.2,0,0,0,0,0,1,0,1,0,0
2023-08-14 05:00:00,94,6,0,21,0,20.6,13.5,0.0,0,1,0,0,0,0,0,1,0,0
2023-08-12 04:00:00,133,5,3,31,0,19.7,15.4,11.4,0,0,1,0,0,0,0,1,0,0
2023-08-10 07:00:00,266,8,10,101,0,22.5,14.2,5.0,0,0,0,0,1,0,0,1,0,0
2023-08-19 11:00:00,2117,12,19,251,0,21.8,13.4,0.0,0,0,1,0,0,0,0,1,0,0
2023-08-06 02:00:00,525,3,5,91,0,20.0,5.5,3.0,0,0,0,1,0,0,0,1,0,0
2023-08-21 21:00:00,683,22,14,57,0,21.4,14.3,0.6,0,1,0,0,0,0,0,1,0,0
2023-08-17 18:00:00,1082,19,47,239,0,11.2,14.6,0.0,0,0,0,0,1,0,0,1,0,0
2023-08-08 20:00:00,937,21,6,161,0,19.1,7.7,0.2,0,0,0,0,0,1,0,1,0,0
2023-08-14 03:00:00,70,4,0,8,0,20.6,13.5,0.0,0,1,0,0,0,0,0,1,0,0
2023-08-12 23:00:00,1019,0,1,100,0,19.7,15.4,11.4,0,0,1,0,0,0,0,1,0,0
2023-08-10 22:00:00,750,23,7,98,0,22.5,14.2,5.0,0,0,0,0,1,0,0,1,0,0
2023-08-19 22:00:00,626,23,18,6,0,21.8,13.4,0.0,0,0,1,0,0,0,0,1,0,0
2023-08-06 01:00:00,694,2,4,92,0,20.0,5.5,3.0,0,0,0,1,0,0,0,1,0,0
2023-08-21 06:00:00,157,7,12,22,0,21.4,14.3,0.6,0,1,0,0,0,0,0,1,0,0
2023-08-17 16:00:00,1729,17,46,125,0,11.2,14.6,0.0,0,0,0,0,1,0,0,1,0,0
2023-08-08 05:00:00,96,6,4,9,0,19.1,7.7,0.2,0,0,0,0,0,1,0,1,0,0
2023-08-15 11:00:00,2284,12,49,297,0,18.4,11.2,0.9,0,0,0,0,0,1,0,1,0,0
2023-08-15 12:00:00,3087,13,43,287,0,18.4,11.2,0.9,0,0,0,0,0,1,0,1,0,0
2023-08-15 10:00:00,1715,11,36,218,0,18.4,11.2,0.9,0,0,0,0,0,1,0,1,0,0
2023-08-15 13:00:00,2740,14,31,254,0,18.4,11.2,0.9,0,0,0,0,0,1,0,1,0,0
2023-08-15 09:00:00,870,10,23,191,0,18.4,11.2,0.9,0,0,0,0,0,1,0,1,0,0
2023-08-15 08:00:00,554,9,17,121,0,18.4,11.2,0.9,0,0,0,0,0,1,0,1,0,0
2023-08-15 07:00:00,262,8,16,72,0,18.4,11.2,0.9,0,0,0,0,0,1,0,1,0,0
2023-08-15 16:00:00,725,17,15,3,0,18.4,11.2,0.9,0,0,0,0,0,1,0,1,0,0
2023-08-15 05:00:00,92,6,13,22,0,18.4,11.2,0.9,0,0,0,0,0,1,0,1,0,0
2023-08-15 06:00:00,144,7,11,42,0,18.4,11.2,0.9,0,0,0,0,0,1,0,1,0,0
2023-08-15 17:00:00,1210,18,11,30,0,18.4,11.2,0.9,0,0,0,0,0,1,0,1,0,0
2023-08-15 21:00:00,568,22,8,46,0,18.4,11.2,0.9,0,0,0,0,0,1,0,1,0,0
2023-08-15 18:00:00,1123,19,7,16,0,18.4,11.2,0.9,0,0,0,0,0,1,0,1,0,0
2023-08-15 22:00:00,518,23,5,87,0,18.4,11.2,0.9,0,0,0,0,0,1,0,1,0,0
2023-08-15 15:00:00,885,16,5,18,0,18.4,11.2,0.9,0,0,0,0,0,1,0,1,0,0
2023-08-15 19:00:00,994,20,5,6,0,18.4,11.2,0.9,0,0,0,0,0,1,0,1,0,0
2023-08-15 23:00:00,352,0,4,55,0,18.4,11.2,0.9,0,0,0,0,0,1,0,1,0,0
2023-08-15 01:00:00,84,2,4,29,0,18.4,11.2,0.9,0,0,0,0,0,1,0,1,0,0
2023-08-15 20:00:00,778,21,4,6,0,18.4,11.2,0.9,0,0,0,0,0,1,0,1,0,0
2023-08-15 14:00:00,384,15,4,5,0,18.4,11.2,0.9,0,0,0,0,0,1,0,1,0,0
2023-08-15 03:00:00,40,4,4,5,0,18.4,11.2,0.9,0,0,0,0,0,1,0,1,0,0
2023-08-15 00:00:00,227,1,2,4,0,18.4,11.2,0.9,0,0,0,0,0,1,0,1,0,0
2023-08-15 02:00:00,61,3,1,7,0,18.4,11.2,0.9,0,0,0,0,0,1,0,1,0,0
2023-08-15 04:00:00,15,5,1,3,0,18.4,11.2,0.9,0,0,0,0,0,1,0,1,0,0
2023-08-16 17:00:00,1612,18,56,265,0,17.7,13.9,0.2,0,0,0,0,0,0,1,1,0,0
2023-08-16 18:00:00,1279,19,56,228,0,17.7,13.9,0.2,0,0,0,0,0,0,1,1,0,0
2023-08-16 16:00:00,1783,17,52,229,0,17.7,13.9,0.2,0,0,0,0,0,0,1,1,0,0
2023-08-16 12:00:00,2521,13,32,282,0,17.7,13.9,0.2,0,0,0,0,0,0,1,1,0,0
2023-08-16 13:00:00,3330,14,31,218,0,17.7,13.9,0.2,0,0,0,0,0,0,1,1,0,0
2023-08-16 15:00:00,1292,16,26,42,0,17.7,13.9,0.2,0,0,0,0,0,0,1,1,0,0
2023-08-16 19:00:00,747,20,22,228,0,17.7,13.9,0.2,0,0,0,0,0,0,1,1,0,0
2023-08-16 20:00:00,694,21,22,217,0,17.7,13.9,0.2,0,0,0,0,0,0,1,1,0,0
2023-08-16 11:00:00,1816,12,21,246,0,17.7,13.9,0.2,0,0,0,0,0,0,1,1,0,0
2023-08-16 14:00:00,1912,15,21,91,0,17.7,13.9,0.2,0,0,0,0,0,0,1,1,0,0
2023-08-16 06:00:00,159,7,14,25,0,17.7,13.9,0.2,0,0,0,0,0,0,1,1,0,0
2023-08-16 08:00:00,591,9,11,60,0,17.7,13.9,0.2,0,0,0,0,0,0,1,1,0,0
2023-08-16 09:00:00,892,10,10,77,0,17.7,13.9,0.2,0,0,0,0,0,0,1,1,0,0
2023-08-16 10:00:00,1327,11,8,118,0,17.7,13.9,0.2,0,0,0,0,0,0,1,1,0,0
2023-08-16 00:00:00,312,1,6,43,0,17.7,13.9,0.2,0,0,0,0,0,0,1,1,0,0
2023-08-16 21:00:00,573,22,5,45,0,17.7,13.9,0.2,0,0,0,0,0,0,1,1,0,0
2023-08-16 07:00:00,239,8,4,25,0,17.7,13.9,0.2,0,0,0,0,0,0,1,1,0,0
2023-08-16 22:00:00,483,23,3,66,0,17.7,13.9,0.2,0,0,0,0,0,0,1,1,0,0
2023-08-16 23:00:00,284,0,3,34,0,17.7,13.9,0.2,0,0,0,0,0,0,1,1,0,0
2023-08-17 12:00:00,2500,13,43,269,0,11.2,14.6,0.0,0,0,0,0,1,0,0,1,0,0
2023-08-08 23:00:00,265,0,4,3,0,19.1,7.7,0.2,0,0,0,0,0,1,0,1,0,0
2023-08-06 22:00:00,678,23,4,66,0,20.0,5.5,3.0,0,0,0,1,0,0,0,1,0,0
2023-08-19 18:00:00,715,19,12,12,0,21.8,13.4,0.0,0,0,1,0,0,0,0,1,0,0
2023-08-21 11:00:00,1780,12,10,11,0,21.4,14.3,0.6,0,1,0,0,0,0,0,1,0,0
2023-08-10 00:00:00,198,1,4,16,0,22.5,14.2,5.0,0,0,0,0,1,0,0,1,0,0
2023-08-17 17:00:00,1408,18,40,217,0,11.2,14.6,0.0,0,0,0,0,1,0,0,1,0,0
2023-08-08 03:00:00,30,4,3,3,0,19.1,7.7,0.2,0,0,0,0,0,1,0,1,0,0
2023-08-06 03:00:00,517,4,3,67,0,20.0,5.5,3.0,0,0,0,1,0,0,0,1,0,0
2023-08-19 17:00:00,875,18,12,5,0,21.8,13.4,0.0,0,0,1,0,0,0,0,1,0,0
2023-08-21 20:00:00,878,21,9,112,0,21.4,14.3,0.6,0,1,0,0,0,0,0,1,0,0
2023-08-10 23:00:00,538,0,3,81,0,22.5,14.2,5.0,0,0,0,0,1,0,0,1,0,0
2023-08-17 15:00:00,2054,16,36,109,0,11.2,14.6,0.0,0,0,0,0,1,0,0,1,0,0
2023-08-08 01:00:00,98,2,0,7,0,19.1,7.7,0.2,0,0,0,0,0,1,0,1,0,0
2023-08-12 01:00:00,508,2,1,84,0,19.7,15.4,11.4,0,0,1,0,0,0,0,1,0,0
2023-08-06 06:00:00,119,7,3,22,0,20.0,5.5,3.0,0,0,0,1,0,0,0,1,0,0
2023-08-19 10:00:00,1333,11,11,163,0,21.8,13.4,0.0,0,0,1,0,0,0,0,1,0,0
2023-08-21 23:00:00,321,0,8,51,0,21.4,14.3,0.6,0,1,0,0,0,0,0,1,0,0
2023-08-21 12:00:00,2059,13,7,13,0,21.4,14.3,0.6,0,1,0,0,0,0,0,1,0,0
2023-08-21 22:00:00,501,23,5,90,0,21.4,14.3,0.6,0,1,0,0,0,0,0,1,0,0
2023-08-21 09:00:00,882,10,5,13,0,21.4,14.3,0.6,0,1,0,0,0,0,0,1,0,0
2023-08-21 07:00:00,300,8,4,28,0,21.4,14.3,0.6,0,1,0,0,0,0,0,1,0,0
2023-08-21 05:00:00,129,6,4,9,0,21.4,14.3,0.6,0,1,0,0,0,0,0,1,0,0
2023-08-21 03:00:00,127,4,4,8,0,21.4,14.3,0.6,0,1,0,0,0,0,0,1,0,0
2023-08-21 01:00:00,142,2,3,4,0,21.4,14.3,0.6,0,1,0,0,0,0,0,1,0,0
2023-08-21 00:00:00,194,1,1,38,0,21.4,14.3,0.6,0,1,0,0,0,0,0,1,0,0
2023-08-21 02:00:00,102,3,1,6,0,21.4,14.3,0.6,0,1,0,0,0,0,0,1,0,0
2023-08-21 04:00:00,22,5,0,1,0,21.4,14.3,0.6,0,1,0,0,0,0,0,1,0,0
2023-08-22 12:00:00,2215,13,58,215,0,18.0,15.6,0.7,0,0,0,0,0,1,0,1,0,0
2023-08-22 09:00:00,841,10,49,166,0,18.0,15.6,0.7,0,0,0,0,0,1,0,1,0,0
2023-08-22 11:00:00,1602,12,44,160,0,18.0,15.6,0.7,0,0,0,0,0,1,0,1,0,0
2023-08-22 13:00:00,2116,14,43,119,0,18.0,15.6,0.7,0,0,0,0,0,1,0,1,0,0
2023-08-22 17:00:00,1750,18,42,170,0,18.0,15.6,0.7,0,0,0,0,0,1,0,1,0,0
2023-08-22 14:00:00,2070,15,41,121,0,18.0,15.6,0.7,0,0,0,0,0,1,0,1,0,0
2023-08-22 10:00:00,1177,11,34,161,0,18.0,15.6,0.7,0,0,0,0,0,1,0,1,0,0
2023-08-22 20:00:00,926,21,33,187,0,18.0,15.6,0.7,0,0,0,0,0,1,0,1,0,0
2023-08-22 16:00:00,2174,17,31,149,0,18.0,15.6,0.7,0,0,0,0,0,1,0,1,0,0
2023-08-22 15:00:00,2082,16,25,123,0,18.0,15.6,0.7,0,0,0,0,0,1,0,1,0,0
2023-08-22 08:00:00,643,9,25,92,0,18.0,15.6,0.7,0,0,0,0,0,1,0,1,0,0
2023-08-22 19:00:00,1352,20,23,230,0,18.0,15.6,0.7,0,0,0,0,0,1,0,1,0,0
2023-08-22 18:00:00,1402,19,18,195,0,18.0,15.6,0.7,0,0,0,0,0,1,0,1,0,0
2023-08-22 21:00:00,574,22,18,62,0,18.0,15.6,0.7,0,0,0,0,0,1,0,1,0,0
2023-08-22 07:00:00,287,8,14,49,0,18.0,15.6,0.7,0,0,0,0,0,1,0,1,0,0
2023-08-22 06:00:00,187,7,10,18,0,18.0,15.6,0.7,0,0,0,0,0,1,0,1,0,0
2023-08-22 22:00:00,696,23,6,99,0,18.0,15.6,0.7,0,0,0,0,0,1,0,1,0,0
2023-08-22 23:00:00,445,0,4,54,0,18.0,15.6,0.7,0,0,0,0,0,1,0,1,0,0
2023-08-22 00:00:00,176,1,3,32,0,18.0,15.6,0.7,0,0,0,0,0,1,0,1,0,0
2023-08-22 05:00:00,72,6,3,7,0,18.0,15.6,0.7,0,0,0,0,0,1,0,1,0,0
2023-08-22 03:00:00,63,4,2,9,0,18.0,15.6,0.7,0,0,0,0,0,1,0,1,0,0
2023-08-22 01:00:00,154,2,1,32,0,18.0,15.6,0.7,0,0,0,0,0,1,0,1,0,0
2023-08-22 02:00:00,87,3,0,9,0,18.0,15.6,0.7,0,0,0,0,0,1,0,1,0,0
2023-08-22 04:00:00,32,5,0,2,0,18.0,15.6,0.7,0,0,0,0,0,1,0,1,0,0
2023-08-23 17:00:00,1516,18,90,238,0,19.5,9.3,3.6,0,0,0,0,0,0,1,1,0,0
2023-08-19 13:00:00,561,14,10,46,0,21.8,13.4,0.0,0,0,1,0,0,0,0,1,0,0
2023-08-12 02:00:00,518,3,1,67,0,19.7,15.4,11.4,0,0,1,0,0,0,0,1,0,0
2023-08-17 11:00:00,1496,12,28,163,0,11.2,14.6,0.0,0,0,0,0,1,0,0,1,0,0
2023-08-19 09:00:00,702,10,9,119,0,21.8,13.4,0.0,0,0,1,0,0,0,0,1,0,0
2023-08-10 02:00:00,220,3,2,29,0,22.5,14.2,5.0,0,0,0,0,1,0,0,1,0,0
2023-08-12 21:00:00,1080,22,0,187,0,19.7,15.4,11.4,0,0,1,0,0,0,0,1,0,0
2023-08-17 14:00:00,2391,15,28,135,0,11.2,14.6,0.0,0,0,0,0,1,0,0,1,0,0
2023-08-19 16:00:00,1210,17,8,6,0,21.8,13.4,0.0,0,0,1,0,0,0,0,1,0,0
2023-08-10 03:00:00,139,4,1,23,0,22.5,14.2,5.0,0,0,0,0,1,0,0,1,0,0
2023-08-13 12:00:00,1517,13,47,172,0,19.7,13.4,1.1,0,0,0,1,0,0,0,1,0,0
2023-08-17 09:00:00,994,10,27,186,0,11.2,14.6,0.0,0,0,0,0,1,0,0,1,0,0
2023-08-19 21:00:00,518,22,6,5,0,21.8,13.4,0.0,0,0,1,0,0,0,0,1,0,0
2023-08-10 04:00:00,62,5,1,15,0,22.5,14.2,5.0,0,0,0,0,1,0,0,1,0,0
2023-08-13 17:00:00,1094,18,40,209,0,19.7,13.4,1.1,0,0,0,1,0,0,0,1,0,0
2023-08-17 08:00:00,611,9,25,112,0,11.2,14.6,0.0,0,0,0,0,1,0,0,1,0,0
2023-08-19 08:00:00,297,9,5,65,0,21.8,13.4,0.0,0,0,1,0,0,0,0,1,0,0
2023-08-10 01:00:00,128,2,0,34,0,22.5,14.2,5.0,0,0,0,0,1,0,0,1,0,0
2023-08-13 16:00:00,1411,17,36,191,0,19.7,13.4,1.1,0,0,0,1,0,0,0,1,0,0
2023-08-17 10:00:00,1214,11,19,131,0,11.2,14.6,0.0,0,0,0,0,1,0,0,1,0,0
2023-08-19 23:00:00,366,0,5,4,0,21.8,13.4,0.0,0,0,1,0,0,0,0,1,0,0
2023-08-11 15:00:00,2311,16,66,29,0,20.8,15.8,0.0,1,0,0,0,0,0,0,1,0,0
2023-08-13 13:00:00,1924,14,33,224,0,19.7,13.4,1.1,0,0,0,1,0,0,0,1,0,0
2023-08-17 19:00:00,849,20,17,265,0,11.2,14.6,0.0,0,0,0,0,1,0,0,1,0,0
2023-08-19 07:00:00,149,8,4,53,0,21.8,13.4,0.0,0,0,1,0,0,0,0,1,0,0
2023-08-11 11:00:00,2218,12,54,212,0,20.8,15.8,0.0,1,0,0,0,0,0,0,1,0,0
2023-08-11 12:00:00,2551,13,51,21,0,20.8,15.8,0.0,1,0,0,0,0,0,0,1,0,0
2023-08-11 13:00:00,2385,14,42,15,0,20.8,15.8,0.0,1,0,0,0,0,0,0,1,0,0
2023-08-11 14:00:00,2611,15,37,21,0,20.8,15.8,0.0,1,0,0,0,0,0,0,1,0,0
2023-08-11 10:00:00,1333,11,30,231,0,20.8,15.8,0.0,1,0,0,0,0,0,0,1,0,0
2023-08-11 17:00:00,1559,18,23,126,0,20.8,15.8,0.0,1,0,0,0,0,0,0,1,0,0
2023-08-11 18:00:00,1647,19,16,225,0,20.8,15.8,0.0,1,0,0,0,0,0,0,1,0,0
2023-08-11 09:00:00,994,10,15,200,0,20.8,15.8,0.0,1,0,0,0,0,0,0,1,0,0
2023-08-11 07:00:00,228,8,12,94,0,20.8,15.8,0.0,1,0,0,0,0,0,0,1,0,0
2023-08-11 08:00:00,538,9,10,169,0,20.8,15.8,0.0,1,0,0,0,0,0,0,1,0,0
2023-08-11 19:00:00,1375,20,9,127,0,20.8,15.8,0.0,1,0,0,0,0,0,0,1,0,0
2023-08-11 16:00:00,2084,17,9,74,0,20.8,15.8,0.0,1,0,0,0,0,0,0,1,0,0
2023-08-11 01:00:00,161,2,5,82,0,20.8,15.8,0.0,1,0,0,0,0,0,0,1,0,0
2023-08-11 06:00:00,103,7,5,39,0,20.8,15.8,0.0,1,0,0,0,0,0,0,1,0,0
2023-08-11 02:00:00,146,3,3,54,0,20.8,15.8,0.0,1,0,0,0,0,0,0,1,0,0
2023-08-11 20:00:00,1073,21,2,46,0,20.8,15.8,0.0,1,0,0,0,0,0,0,1,0,0
2023-08-11 00:00:00,333,1,1,61,0,20.8,15.8,0.0,1,0,0,0,0,0,0,1,0,0
2023-08-11 05:00:00,109,6,1,35,0,20.8,15.8,0.0,1,0,0,0,0,0,0,1,0,0
2023-08-11 03:00:00,41,4,1,6,0,20.8,15.8,0.0,1,0,0,0,0,0,0,1,0,0
2023-08-11 22:00:00,904,23,1,5,0,20.8,15.8,0.0,1,0,0,0,0,0,0,1,0,0
2023-08-11 21:00:00,930,22,1,4,0,20.8,15.8,0.0,1,0,0,0,0,0,0,1,0,0
2023-08-11 23:00:00,1227,0,0,9,0,20.8,15.8,0.0,1,0,0,0,0,0,0,1,0,0
2023-08-11 04:00:00,26,5,0,3,0,20.8,15.8,0.0,1,0,0,0,0,0,0,1,0,0
2023-08-12 17:00:00,2416,18,41,319,0,19.7,15.4,11.4,0,0,1,0,0,0,0,1,0,0
2023-08-12 19:00:00,1524,20,23,198,0,19.7,15.4,11.4,0,0,1,0,0,0,0,1,0,0
2023-08-12 18:00:00,2056,19,20,293,0,19.7,15.4,11.4,0,0,1,0,0,0,0,1,0,0
2023-08-12 15:00:00,1910,16,20,154,0,19.7,15.4,11.4,0,0,1,0,0,0,0,1,0,0
2023-08-12 16:00:00,2125,17,19,265,0,19.7,15.4,11.4,0,0,1,0,0,0,0,1,0,0
2023-08-12 14:00:00,2465,15,19,153,0,19.7,15.4,11.4,0,0,1,0,0,0,0,1,0,0
2023-08-12 09:00:00,810,10,18,192,0,19.7,15.4,11.4,0,0,1,0,0,0,0,1,0,0
2023-08-12 10:00:00,1448,11,17,276,0,19.7,15.4,11.4,0,0,1,0,0,0,0,1,0,0
2023-08-12 05:00:00,162,6,17,22,0,19.7,15.4,11.4,0,0,1,0,0,0,0,1,0,0
2023-08-12 08:00:00,383,9,13,122,0,19.7,15.4,11.4,0,0,1,0,0,0,0,1,0,0
2023-08-12 11:00:00,1735,12,11,201,0,19.7,15.4,11.4,0,0,1,0,0,0,0,1,0,0
2023-08-12 20:00:00,1149,21,11,169,0,19.7,15.4,11.4,0,0,1,0,0,0,0,1,0,0
2023-08-12 03:00:00,302,4,9,42,0,19.7,15.4,11.4,0,0,1,0,0,0,0,1,0,0
2023-08-12 22:00:00,1084,23,4,118,0,19.7,15.4,11.4,0,0,1,0,0,0,0,1,0,0
2023-08-12 07:00:00,174,8,4,74,0,19.7,15.4,11.4,0,0,1,0,0,0,0,1,0,0
2023-08-06 00:00:00,798,1,2,99,0,20.0,5.5,3.0,0,0,0,1,0,0,0,1,0,0
2023-08-08 00:00:00,203,1,0,5,0,19.1,7.7,0.2,0,0,0,0,0,1,0,1,0,0
2023-08-13 14:00:00,1878,15,32,217,0,19.7,13.4,1.1,0,0,0,1,0,0,0,1,0,0
2023-08-08 02:00:00,42,3,0,2,0,19.1,7.7,0.2,0,0,0,0,0,1,0,1,0,0
2023-08-17 22:00:00,406,23,13,24,0,11.2,14.6,0.0,0,0,0,0,1,0,0,1,0,0
2023-08-13 10:00:00,668,11,28,142,0,19.7,13.4,1.1,0,0,0,1,0,0,0,1,0,0
2023-08-08 04:00:00,33,5,0,2,0,19.1,7.7,0.2,0,0,0,0,0,1,0,1,0,0
2023-08-06 04:00:00,74,5,2,37,0,20.0,5.5,3.0,0,0,0,1,0,0,0,1,0,0
2023-08-17 06:00:00,136,7,8,40,0,11.2,14.6,0.0,0,0,0,0,1,0,0,1,0,0
2023-08-13 11:00:00,951,12,27,203,0,19.7,13.4,1.1,0,0,0,1,0,0,0,1,0,0
2023-08-09 15:00:00,2412,16,33,153,0,22.8,8.8,0.0,0,0,0,0,0,0,1,1,0,0
2023-08-06 23:00:00,407,0,1,65,0,20.0,5.5,3.0,0,0,0,1,0,0,0,1,0,0
2023-08-17 07:00:00,268,8,5,73,0,11.2,14.6,0.0,0,0,0,0,1,0,0,1,0,0
2023-08-13 15:00:00,1622,16,21,149,0,19.7,13.4,1.1,0,0,0,1,0,0,0,1,0,0
2023-08-09 16:00:00,1667,17,21,79,0,22.8,8.8,0.0,0,0,0,0,0,0,1,1,0,0
2023-08-07 16:00:00,1913,17,57,198,1,19.9,9.5,0.0,0,1,0,0,0,0,0,1,0,0
2023-08-19 15:00:00,1721,16,4,9,0,21.8,13.4,0.0,0,0,1,0,0,0,0,1,0,0
2023-08-17 20:00:00,603,21,4,88,0,11.2,14.6,0.0,0,0,0,0,1,0,0,1,0,0
2023-08-13 09:00:00,372,10,21,99,0,19.7,13.4,1.1,0,0,0,1,0,0,0,1,0,0
2023-08-09 18:00:00,1045,19,17,236,0,22.8,8.8,0.0,0,0,0,0,0,0,1,1,0,0
2023-08-07 17:00:00,1659,18,52,231,1,19.9,9.5,0.0,0,1,0,0,0,0,0,1,0,0
2023-08-19 02:00:00,113,3,3,16,0,21.8,13.4,0.0,0,0,1,0,0,0,0,1,0,0
2023-08-17 03:00:00,83,4,4,2,0,11.2,14.6,0.0,0,0,0,0,1,0,0,1,0,0
2023-08-13 18:00:00,916,19,18,244,0,19.7,13.4,1.1,0,0,0,1,0,0,0,1,0,0
2023-08-09 11:00:00,2164,12,16,129,0,22.8,8.8,0.0,0,0,0,0,0,0,1,1,0,0
2023-08-09 12:00:00,3197,13,15,141,0,22.8,8.8,0.0,0,0,0,0,0,0,1,1,0,0
2023-08-09 09:00:00,787,10,11,95,0,22.8,8.8,0.0,0,0,0,0,0,0,1,1,0,0
2023-08-09 10:00:00,1334,11,11,94,0,22.8,8.8,0.0,0,0,0,0,0,0,1,1,0,0
2023-08-09 20:00:00,819,21,10,193,0,22.8,8.8,0.0,0,0,0,0,0,0,1,1,0,0
2023-08-09 17:00:00,1223,18,10,53,0,22.8,8.8,0.0,0,0,0,0,0,0,1,1,0,0
2023-08-09 00:00:00,256,1,10,9,0,22.8,8.8,0.0,0,0,0,0,0,0,1,1,0,0
2023-08-09 21:00:00,913,22,8,144,0,22.8,8.8,0.0,0,0,0,0,0,0,1,1,0,0
2023-08-09 05:00:00,80,6,8,3,0,22.8,8.8,0.0,0,0,0,0,0,0,1,1,0,0
2023-08-09 19:00:00,991,20,7,111,0,22.8,8.8,0.0,0,0,0,0,0,0,1,1,0,0
2023-08-09 22:00:00,729,23,7,77,0,22.8,8.8,0.0,0,0,0,0,0,0,1,1,0,0
2023-08-09 08:00:00,451,9,7,62,0,22.8,8.8,0.0,0,0,0,0,0,0,1,1,0,0
2023-08-09 13:00:00,3283,14,6,53,0,22.8,8.8,0.0,0,0,0,0,0,0,1,1,0,0
2023-08-09 07:00:00,262,8,6,33,0,22.8,8.8,0.0,0,0,0,0,0,0,1,1,0,0
2023-08-09 23:00:00,325,0,6,2,0,22.8,8.8,0.0,0,0,0,0,0,0,1,1,0,0
2023-08-09 14:00:00,2460,15,5,10,0,22.8,8.8,0.0,0,0,0,0,0,0,1,1,0,0
2023-08-09 06:00:00,148,7,3,17,0,22.8,8.8,0.0,0,0,0,0,0,0,1,1,0,0
2023-08-09 01:00:00,201,2,1,10,0,22.8,8.8,0.0,0,0,0,0,0,0,1,1,0,0
2023-08-09 04:00:00,32,5,1,7,0,22.8,8.8,0.0,0,0,0,0,0,0,1,1,0,0
2023-08-09 02:00:00,218,3,0,0,0,22.8,8.8,0.0,0,0,0,0,0,0,1,1,0,0
2023-08-09 03:00:00,159,4,0,0,0,22.8,8.8,0.0,0,0,0,0,0,0,1,1,0,0
2023-08-10 11:00:00,1887,12,40,235,0,22.5,14.2,5.0,0,0,0,0,1,0,0,1,0,0
2023-08-10 17:00:00,2007,18,37,128,0,22.5,14.2,5.0,0,0,0,0,1,0,0,1,0,0
2023-08-10 16:00:00,1753,17,34,104,0,22.5,14.2,5.0,0,0,0,0,1,0,0,1,0,0
2023-08-10 15:00:00,1985,16,31,112,0,22.5,14.2,5.0,0,0,0,0,1,0,0,1,0,0
2023-08-10 10:00:00,1542,11,26,223,0,22.5,14.2,5.0,0,0,0,0,1,0,0,1,0,0
2023-08-10 09:00:00,972,10,24,205,0,22.5,14.2,5.0,0,0,0,0,1,0,0,1,0,0
2023-08-10 14:00:00,2746,15,24,186,0,22.5,14.2,5.0,0,0,0,0,1,0,0,1,0,0
2023-08-10 08:00:00,598,9,22,189,0,22.5,14.2,5.0,0,0,0,0,1,0,0,1,0,0
2023-08-10 20:00:00,1029,21,18,196,0,22.5,14.2,5.0,0,0,0,0,1,0,0,1,0,0
2023-08-10 12:00:00,1846,13,18,89,0,22.5,14.2,5.0,0,0,0,0,1,0,0,1,0,0
2023-08-10 19:00:00,1204,20,17,217,0,22.5,14.2,5.0,0,0,0,0,1,0,0,1,0,0
2023-08-10 06:00:00,121,7,12,42,0,22.5,14.2,5.0,0,0,0,0,1,0,0,1,0,0
2023-08-10 05:00:00,92,6,12,34,0,22.5,14.2,5.0,0,0,0,0,1,0,0,1,0,0
2023-08-19 06:00:00,58,7,3,0,0,21.8,13.4,0.0,0,0,1,0,0,0,0,1,0,0
2023-08-17 21:00:00,593,22,4,1,0,11.2,14.6,0.0,0,0,0,0,1,0,0,1,0,0
2023-08-13 19:00:00,814,20,14,231,0,19.7,13.4,1.1,0,0,0,1,0,0,0,1,0,0
2023-08-07 12:00:00,2920,13,44,191,1,19.9,9.5,0.0,0,1,0,0,0,0,0,1,0,0
2023-08-17 05:00:00,124,6,3,31,0,11.2,14.6,0.0,0,0,0,0,1,0,0,1,0,0
2023-08-13 08:00:00,174,9,9,59,0,19.7,13.4,1.1,0,0,0,1,0,0,0,1,0,0
2023-08-19 01:00:00,312,2,2,42,0,21.8,13.4,0.0,0,0,1,0,0,0,0,1,0,0
2023-08-07 13:00:00,3315,14,41,235,1,19.9,9.5,0.0,0,1,0,0,0,0,0,1,0,0
2023-08-17 04:00:00,21,5,3,2,0,11.2,14.6,0.0,0,0,0,0,1,0,0,1,0,0
2023-08-13 07:00:00,133,8,6,45,0,19.7,13.4,1.1,0,0,0,1,0,0,0,1,0,0
2023-08-19 20:00:00,167,21,1,0,0,21.8,13.4,0.0,0,0,1,0,0,0,0,1,0,0
2023-08-07 19:00:00,945,20,37,251,1,19.9,9.5,0.0,0,1,0,0,0,0,0,1,0,0
2023-08-17 01:00:00,120,2,2,6,0,11.2,14.6,0.0,0,0,0,0,1,0,0,1,0,0
2023-08-13 23:00:00,285,0,4,36,0,19.7,13.4,1.1,0,0,0,1,0,0,0,1,0,0
2023-08-19 03:00:00,141,4,1,0,0,21.8,13.4,0.0,0,0,1,0,0,0,0,1,0,0
2023-08-07 11:00:00,2350,12,35,119,1,19.9,9.5,0.0,0,1,0,0,0,0,0,1,0,0
2023-08-17 23:00:00,286,0,2,2,0,11.2,14.6,0.0,0,0,0,0,1,0,0,1,0,0
2023-08-13 22:00:00,422,23,3,2,0,19.7,13.4,1.1,0,0,0,1,0,0,0,1,0,0
2023-08-19 00:00:00,368,1,0,54,0,21.8,13.4,0.0,0,0,1,0,0,0,0,1,0,0
2023-08-07 09:00:00,1151,10,32,197,1,19.9,9.5,0.0,0,1,0,0,0,0,0,1,0,0
2023-08-17 02:00:00,283,3,1,3,0,11.2,14.6,0.0,0,0,0,0,1,0,0,1,0,0
2023-08-13 02:00:00,639,3,2,17,0,19.7,13.4,1.1,0,0,0,1,0,0,0,1,0,0
2023-08-19 05:00:00,38,6,0,1,0,21.8,13.4,0.0,0,0,1,0,0,0,0,1,0,0
2023-08-07 20:00:00,714,21,30,227,1,19.9,9.5,0.0,0,1,0,0,0,0,0,1,0,0
2023-08-17 00:00:00,221,1,0,4,0,11.2,14.6,0.0,0,0,0,0,1,0,0,1,0,0
2023-08-13 06:00:00,104,7,1,22,0,19.7,13.4,1.1,0,0,0,1,0,0,0,1,0,0
2023-08-19 04:00:00,20,5,0,1,0,21.8,13.4,0.0,0,0,1,0,0,0,0,1,0,0
2023-08-19 19:00:00,236,20,0,0,0,21.8,13.4,0.0,0,0,1,0,0,0,0,1,0,0
2023-08-20 12:00:00,1698,13,27,190,0,21.5,14.0,0.0,0,0,0,1,0,0,0,1,0,0
2023-08-20 05:00:00,82,6,24,15,0,21.5,14.0,0.0,0,0,0,1,0,0,0,1,0,0
2023-08-20 11:00:00,1001,12,21,161,0,21.5,14.0,0.0,0,0,0,1,0,0,0,1,0,0
2023-08-20 14:00:00,1520,15,20,151,0,21.5,14.0,0.0,0,0,0,1,0,0,0,1,0,0
2023-08-20 10:00:00,525,11,18,98,0,21.5,14.0,0.0,0,0,0,1,0,0,0,1,0,0
2023-08-20 13:00:00,1946,14,18,61,0,21.5,14.0,0.0,0,0,0,1,0,0,0,1,0,0
2023-08-20 15:00:00,962,16,14,124,0,21.5,14.0,0.0,0,0,0,1,0,0,0,1,0,0
2023-08-20 09:00:00,329,10,12,82,0,21.5,14.0,0.0,0,0,0,1,0,0,0,1,0,0
2023-08-20 23:00:00,346,0,11,34,0,21.5,14.0,0.0,0,0,0,1,0,0,0,1,0,0
2023-08-20 06:00:00,95,7,11,24,0,21.5,14.0,0.0,0,0,0,1,0,0,0,1,0,0
2023-08-20 03:00:00,449,4,10,17,0,21.5,14.0,0.0,0,0,0,1,0,0,0,1,0,0
2023-08-20 21:00:00,452,22,10,6,0,21.5,14.0,0.0,0,0,0,1,0,0,0,1,0,0
2023-08-20 04:00:00,52,5,10,4,0,21.5,14.0,0.0,0,0,0,1,0,0,0,1,0,0
2023-08-20 01:00:00,262,2,9,4,0,21.5,14.0,0.0,0,0,0,1,0,0,0,1,0,0
2023-08-20 02:00:00,148,3,8,7,0,21.5,14.0,0.0,0,0,0,1,0,0,0,1,0,0
2023-08-20 16:00:00,798,17,7,14,0,21.5,14.0,0.0,0,0,0,1,0,0,0,1,0,0
2023-08-20 20:00:00,892,21,6,13,0,21.5,14.0,0.0,0,0,0,1,0,0,0,1,0,0
2023-08-20 00:00:00,207,1,5,6,0,21.5,14.0,0.0,0,0,0,1,0,0,0,1,0,0
2023-08-20 08:00:00,191,9,3,48,0,21.5,14.0,0.0,0,0,0,1,0,0,0,1,0,0
2023-08-20 22:00:00,405,23,2,41,0,21.5,14.0,0.0,0,0,0,1,0,0,0,1,0,0
2023-08-20 07:00:00,120,8,2,41,0,21.5,14.0,0.0,0,0,0,1,0,0,0,1,0,0
2023-08-20 19:00:00,657,20,1,28,0,21.5,14.0,0.0,0,0,0,1,0,0,0,1,0,0
2023-08-20 18:00:00,820,19,1,8,0,21.5,14.0,0.0,0,0,0,1,0,0,0,1,0,0
2023-08-13 01:00:00,544,2,1,16,0,19.7,13.4,1.1,0,0,0,1,0,0,0,1,0,0
2023-08-18 12:00:00,2668,13,53,240,0,20.9,13.2,9.7,1,0,0,0,0,0,0,1,0,0
2023-08-07 14:00:00,3117,15,27,162,1,19.9,9.5,0.0,0,1,0,0,0,0,0,1,0,0
2023-08-13 05:00:00,65,6,1,10,0,19.7,13.4,1.1,0,0,0,1,0,0,0,1,0,0
2023-08-18 13:00:00,2795,14,37,258,0,20.9,13.2,9.7,1,0,0,0,0,0,0,1,0,0
2023-08-07 15:00:00,1978,16,21,156,1,19.9,9.5,0.0,0,1,0,0,0,0,0,1,0,0
2023-08-13 00:00:00,1020,1,0,16,0,19.7,13.4,1.1,0,0,0,1,0,0,0,1,0,0
2023-08-18 16:00:00,2046,17,35,242,0,20.9,13.2,9.7,1,0,0,0,0,0,0,1,0,0
2023-08-07 18:00:00,1266,19,17,259,1,19.9,9.5,0.0,0,1,0,0,0,0,0,1,0,0
2023-08-13 03:00:00,520,4,0,16,0,19.7,13.4,1.1,0,0,0,1,0,0,0,1,0,0
2023-08-18 14:00:00,2551,15,28,219,0,20.9,13.2,9.7,1,0,0,0,0,0,0,1,0,0
2023-08-07 10:00:00,1888,11,16,129,1,19.9,9.5,0.0,0,1,0,0,0,0,0,1,0,0
2023-08-13 04:00:00,43,5,0,9,0,19.7,13.4,1.1,0,0,0,1,0,0,0,1,0,0
2023-08-18 17:00:00,1579,18,22,281,0,20.9,13.2,9.7,1,0,0,0,0,0,0,1,0,0
2023-08-07 08:00:00,393,9,13,74,1,19.9,9.5,0.0,0,1,0,0,0,0,0,1,0,0
2023-08-13 20:00:00,638,21,0,6,0,19.7,13.4,1.1,0,0,0,1,0,0,0,1,0,0
2023-08-18 18:00:00,1092,19,20,268,0,20.9,13.2,9.7,1,0,0,0,0,0,0,1,0,0
2023-08-07 21:00:00,582,22,11,117,1,19.9,9.5,0.0,0,1,0,0,0,0,0,1,0,0
2023-08-13 21:00:00,596,22,0,3,0,19.7,13.4,1.1,0,0,0,1,0,0,0,1,0,0
2023-08-18 10:00:00,1745,11,19,253,0,20.9,13.2,9.7,1,0,0,0,0,0,0,1,0,0
2023-08-07 07:00:00,201,8,7,37,1,19.9,9.5,0.0,0,1,0,0,0,0,0,1,0,0
2023-08-14 16:00:00,1305,17,88,93,0,20.6,13.5,0.0,0,1,0,0,0,0,0,1,0,0
2023-08-18 11:00:00,1320,12,19,155,0,20.9,13.2,9.7,1,0,0,0,0,0,0,1,0,0
2023-08-07 22:00:00,458,23,4,36,1,19.9,9.5,0.0,0,1,0,0,0,0,0,1,0,0
2023-08-14 12:00:00,2951,13,66,291,0,20.6,13.5,0.0,0,1,0,0,0,0,0,1,0,0
2023-08-18 20:00:00,767,21,18,209,0,20.9,13.2,9.7,1,0,0,0,0,0,0,1,0,0
2023-08-07 06:00:00,142,7,3,14,1,19.9,9.5,0.0,0,1,0,0,0,0,0,1,0,0
2023-08-14 11:00:00,2348,12,59,252,0,20.6,13.5,0.0,0,1,0,0,0,0,0,1,0,0
2023-08-18 19:00:00,1149,20,15,260,0,20.9,13.2,9.7,1,0,0,0,0,0,0,1,0,0
2023-08-07 05:00:00,71,6,3,7,1,19.9,9.5,0.0,0,1,0,0,0,0,0,1,0,0
2023-08-14 10:00:00,1613,11,53,178,0,20.6,13.5,0.0,0,1,0,0,0,0,0,1,0,0
2023-08-18 09:00:00,1014,10,13,169,0,20.9,13.2,9.7,1,0,0,0,0,0,0,1,0,0
2023-08-07 01:00:00,115,2,2,73,1,19.9,9.5,0.0,0,1,0,0,0,0,0,1,0,0
2023-08-14 14:00:00,2495,15,42,74,0,20.6,13.5,0.0,0,1,0,0,0,0,0,1,0,0
2023-08-18 23:00:00,490,0,12,50,0,20.9,13.2,9.7,1,0,0,0,0,0,0,1,0,0
2023-08-07 23:00:00,330,0,2,23,1,19.9,9.5,0.0,0,1,0,0,0,0,0,1,0,0
2023-08-18 08:00:00,506,9,11,111,0,20.9,13.2,9.7,1,0,0,0,0,0,0,1,0,0
2023-08-07 00:00:00,116,1,0,111,1,19.9,9.5,0.0,0,1,0,0,0,0,0,1,0,0
2023-08-14 15:00:00,2064,16,41,116,0,20.6,13.5,0.0,0,1,0,0,0,0,0,1,0,0
2023-08-18 15:00:00,1295,16,7,61,0,20.9,13.2,9.7,1,0,0,0,0,0,0,1,0,0
2023-08-07 02:00:00,121,3,0,25,1,19.9,9.5,0.0,0,1,0,0,0,0,0,1,0,0
2023-08-14 17:00:00,1431,18,36,81,0,20.6,13.5,0.0,0,1,0,0,0,0,0,1,0,0
2023-08-18 22:00:00,616,23,7,38,0,20.9,13.2,9.7,1,0,0,0,0,0,0,1,0,0
2023-08-07 03:00:00,79,4,0,24,1,19.9,9.5,0.0,0,1,0,0,0,0,0,1,0,0
2023-08-14 13:00:00,3211,14,32,179,0,20.6,13.5,0.0,0,1,0,0,0,0,0,1,0,0
2023-08-18 21:00:00,898,22,6,59,0,20.9,13.2,9.7,1,0,0,0,0,0,0,1,0,0
2023-08-07 04:00:00,7,5,0,4,1,19.9,9.5,0.0,0,1,0,0,0,0,0,1,0,0
2023-08-14 09:00:00,1278,10,28,145,0,20.6,13.5,0.0,0,1,0,0,0,0,0,1,0,0
2023-08-18 07:00:00,173,8,6,14,0,20.9,13.2,9.7,1,0,0,0,0,0,0,1,0,0
2023-08-08 14:00:00,2896,15,68,145,0,19.1,7.7,0.2,0,0,0,0,0,1,0,1,0,0
2023-08-14 08:00:00,704,9,18,88,0,20.6,13.5,0.0,0,1,0,0,0,0,0,1,0,0
2023-08-18 06:00:00,85,7,2,1,0,20.9,13.2,9.7,1,0,0,0,0,0,0,1,0,0
2023-08-08 12:00:00,3214,13,50,154,0,19.1,7.7,0.2,0,0,0,0,0,1,0,1,0,0
2023-08-14 19:00:00,1264,20,17,203,0,20.6,13.5,0.0,0,1,0,0,0,0,0,1,0,0
2023-08-18 01:00:00,115,2,1,17,0,20.9,13.2,9.7,1,0,0,0,0,0,0,1,0,0
2023-08-08 11:00:00,1813,12,40,109,0,19.1,7.7,0.2,0,0,0,0,0,1,0,1,0,0
2023-08-14 18:00:00,1386,19,16,110,0,20.6,13.5,0.0,0,1,0,0,0,0,0,1,0,0
2023-08-18 00:00:00,277,1,1,1,0,20.9,13.2,9.7,1,0,0,0,0,0,0,1,0,0
2023-08-08 17:00:00,1591,18,38,161,0,19.1,7.7,0.2,0,0,0,0,0,1,0,1,0,0
2023-08-14 06:00:00,192,7,13,37,0,20.6,13.5,0.0,0,1,0,0,0,0,0,1,0,0
2023-08-18 05:00:00,81,6,0,10,0,20.9,13.2,9.7,1,0,0,0,0,0,0,1,0,0
2023-08-08 10:00:00,904,11,37,146,0,19.1,7.7,0.2,0,0,0,0,0,1,0,1,0,0
2023-08-14 21:00:00,628,22,9,3,0,20.6,13.5,0.0,0,1,0,0,0,0,0,1,0,0
2023-08-08 15:00:00,2373,16,37,118,0,19.1,7.7,0.2,0,0,0,0,0,1,0,1,0,0
2023-08-14 20:00:00,775,21,8,98,0,20.6,13.5,0.0,0,1,0,0,0,0,0,1,0,0
2023-08-08 13:00:00,3385,14,34,135,0,19.1,7.7,0.2,0,0,0,0,0,1,0,1,0,0
2023-08-14 22:00:00,483,23,7,1,0,20.6,13.5,0.0,0,1,0,0,0,0,0,1,0,0
2023-08-08 16:00:00,2174,17,33,146,0,19.1,7.7,0.2,0,0,0,0,0,1,0,1,0,0
2023-08-14 02:00:00,102,3,4,29,0,20.6,13.5,0.0,0,1,0,0,0,0,0,1,0,0
2023-08-08 09:00:00,863,10,27,201,0,19.1,7.7,0.2,0,0,0,0,0,1,0,1,0,0
2023-08-08 08:00:00,535,9,26,180,0,19.1,7.7,0.2,0,0,0,0,0,1,0,1,0,0
2023-08-08 19:00:00,1048,20,25,162,0,19.1,7.7,0.2,0,0,0,0,0,1,0,1,0,0
2023-08-23 18:00:00,1288,19,69,288,0,19.5,9.3,3.6,0,0,0,0,0,0,1,1,0,0
2023-08-23 16:00:00,2024,17,63,289,0,19.5,9.3,3.6,0,0,0,0,0,0,1,1,0,0
2023-08-23 09:00:00,1081,10,50,244,0,19.5,9.3,3.6,0,0,0,0,0,0,1,1,0,0
2023-08-23 12:00:00,2983,13,42,216,0,19.5,9.3,3.6,0,0,0,0,0,0,1,1,0,0
2023-08-23 15:00:00,1678,16,40,274,0,19.5,9.3,3.6,0,0,0,0,0,0,1,1,0,0
2023-08-23 11:00:00,1965,12,40,215,0,19.5,9.3,3.6,0,0,0,0,0,0,1,1,0,0
2023-08-23 08:00:00,764,9,31,335,0,19.5,9.3,3.6,0,0,0,0,0,0,1,1,0,0
2023-08-23 14:00:00,2520,15,28,280,0,19.5,9.3,3.6,0,0,0,0,0,0,1,1,0,0
2023-08-23 13:00:00,3150,14,27,215,0,19.5,9.3,3.6,0,0,0,0,0,0,1,1,0,0
2023-08-23 10:00:00,1688,11,22,241,0,19.5,9.3,3.6,0,0,0,0,0,0,1,1,0,0
2023-08-23 07:00:00,274,8,14,71,0,19.5,9.3,3.6,0,0,0,0,0,0,1,1,0,0
2023-08-23 20:00:00,1128,21,12,164,0,19.5,9.3,3.6,0,0,0,0,0,0,1,1,0,0
2023-08-23 06:00:00,159,7,11,33,0,19.5,9.3,3.6,0,0,0,0,0,0,1,1,0,0
2023-08-23 19:00:00,1237,20,10,199,0,19.5,9.3,3.6,0,0,0,0,0,0,1,1,0,0
2023-08-23 21:00:00,620,22,9,95,0,19.5,9.3,3.6,0,0,0,0,0,0,1,1,0,0
2023-08-23 01:00:00,163,2,3,26,0,19.5,9.3,3.6,0,0,0,0,0,0,1,1,0,0
2023-08-23 22:00:00,589,23,2,103,0,19.5,9.3,3.6,0,0,0,0,0,0,1,1,0,0
2023-08-23 23:00:00,418,0,2,82,0,19.5,9.3,3.6,0,0,0,0,0,0,1,1,0,0
2023-08-23 00:00:00,367,1,2,40,0,19.5,9.3,3.6,0,0,0,0,0,0,1,1,0,0
2023-08-23 05:00:00,83,6,1,16,0,19.5,9.3,3.6,0,0,0,0,0,0,1,1,0,0
2023-08-23 02:00:00,89,3,1,12,0,19.5,9.3,3.6,0,0,0,0,0,0,1,1,0,0
2023-08-23 04:00:00,8,5,1,4,0,19.5,9.3,3.6,0,0,0,0,0,0,1,1,0,0
2023-08-31 07:00:00,227,8,15,93,0,17.8,7.5,0.0,0,0,0,0,1,0,0,1,0,0
2023-08-23 03:00:00,46,4,0,4,0,19.5,9.3,3.6,0,0,0,0,0,0,1,1,0,0
2023-08-24 12:00:00,2509,13,84,228,0,17.9,12.1,0.0,0,0,0,0,1,0,0,1,0,0
2023-08-24 17:00:00,1497,18,55,209,0,17.9,12.1,0.0,0,0,0,0,1,0,0,1,0,0
2023-08-24 16:00:00,1757,17,50,217,0,17.9,12.1,0.0,0,0,0,0,1,0,0,1,0,0
2023-08-24 11:00:00,1709,12,47,221,0,17.9,12.1,0.0,0,0,0,0,1,0,0,1,0,0
2023-08-24 15:00:00,1494,16,46,219,0,17.9,12.1,0.0,0,0,0,0,1,0,0,1,0,0
2023-08-24 10:00:00,1573,11,39,169,0,17.9,12.1,0.0,0,0,0,0,1,0,0,1,0,0
2023-08-24 18:00:00,1225,19,38,260,0,17.9,12.1,0.0,0,0,0,0,1,0,0,1,0,0
2023-08-24 20:00:00,674,21,35,33,0,17.9,12.1,0.0,0,0,0,0,1,0,0,1,0,0
2023-08-24 14:00:00,2369,15,31,138,0,17.9,12.1,0.0,0,0,0,0,1,0,0,1,0,0
2023-08-24 08:00:00,829,9,23,307,0,17.9,12.1,0.0,0,0,0,0,1,0,0,1,0,0
2023-08-24 19:00:00,1018,20,23,104,0,17.9,12.1,0.0,0,0,0,0,1,0,0,1,0,0
2023-08-24 13:00:00,1927,14,20,98,0,17.9,12.1,0.0,0,0,0,0,1,0,0,1,0,0
2023-08-24 09:00:00,1132,10,12,208,0,17.9,12.1,0.0,0,0,0,0,1,0,0,1,0,0
2023-08-24 07:00:00,333,8,11,83,0,17.9,12.1,0.0,0,0,0,0,1,0,0,1,0,0
2023-08-24 00:00:00,227,1,10,49,0,17.9,12.1,0.0,0,0,0,0,1,0,0,1,0,0
2023-08-24 06:00:00,214,7,9,38,0,17.9,12.1,0.0,0,0,0,0,1,0,0,1,0,0
2023-08-24 23:00:00,435,0,3,39,0,17.9,12.1,0.0,0,0,0,0,1,0,0,1,0,0
2023-08-24 21:00:00,569,22,3,24,0,17.9,12.1,0.0,0,0,0,0,1,0,0,1,0,0
2023-08-24 03:00:00,137,4,2,9,0,17.9,12.1,0.0,0,0,0,0,1,0,0,1,0,0
2023-08-24 22:00:00,497,23,1,56,0,17.9,12.1,0.0,0,0,0,0,1,0,0,1,0,0
2023-08-24 02:00:00,181,3,1,32,0,17.9,12.1,0.0,0,0,0,0,1,0,0,1,0,0
2023-08-24 01:00:00,121,2,0,38,0,17.9,12.1,0.0,0,0,0,0,1,0,0,1,0,0
2023-08-24 05:00:00,91,6,0,13,0,17.9,12.1,0.0,0,0,0,0,1,0,0,1,0,0
2023-08-24 04:00:00,11,5,0,4,0,17.9,12.1,0.0,0,0,0,0,1,0,0,1,0,0
2023-08-25 12:00:00,2209,13,134,218,0,18.5,8.9,0.0,1,0,0,0,0,0,0,1,0,0
2023-08-25 11:00:00,1879,12,74,207,0,18.5,8.9,0.0,1,0,0,0,0,0,0,1,0,0
2023-08-25 10:00:00,1531,11,57,242,0,18.5,8.9,0.0,1,0,0,0,0,0,0,1,0,0
2023-08-29 13:00:00,1628,14,27,86,0,19.0,10.5,0.0,0,0,0,0,0,1,0,1,0,0
2023-08-27 10:00:00,648,11,27,108,0,18.6,5.5,4.8,0,0,0,1,0,0,0,1,0,0
2023-08-25 13:00:00,2584,14,49,155,0,18.5,8.9,0.0,1,0,0,0,0,0,0,1,0,0
2023-08-31 15:00:00,1658,16,15,58,0,17.8,7.5,0.0,0,0,0,0,1,0,0,1,0,0
2023-08-29 16:00:00,2036,17,26,117,0,19.0,10.5,0.0,0,0,0,0,0,1,0,1,0,0
2023-08-27 20:00:00,905,21,22,168,0,18.6,5.5,4.8,0,0,0,1,0,0,0,1,0,0
2023-08-31 10:00:00,1381,11,10,58,0,17.8,7.5,0.0,0,0,0,0,1,0,0,1,0,0
2023-08-29 17:00:00,1141,18,23,114,0,19.0,10.5,0.0,0,0,0,0,0,1,0,1,0,0
2023-08-27 08:00:00,212,9,22,95,0,18.6,5.5,4.8,0,0,0,1,0,0,0,1,0,0
2023-08-31 09:00:00,1131,10,10,29,0,17.8,7.5,0.0,0,0,0,0,1,0,0,1,0,0
2023-08-25 17:00:00,1699,18,48,296,0,18.5,8.9,0.0,1,0,0,0,0,0,0,1,0,0
2023-08-29 20:00:00,854,21,14,191,0,19.0,10.5,0.0,0,0,0,0,0,1,0,1,0,0
2023-08-27 09:00:00,353,10,18,101,0,18.6,5.5,4.8,0,0,0,1,0,0,0,1,0,0
2023-08-31 20:00:00,980,21,9,215,0,17.8,7.5,0.0,0,0,0,0,1,0,0,1,0,0
2023-08-25 18:00:00,1470,19,48,277,0,18.5,8.9,0.0,1,0,0,0,0,0,0,1,0,0
2023-08-29 07:00:00,293,8,14,81,0,19.0,10.5,0.0,0,0,0,0,0,1,0,1,0,0
2023-08-27 15:00:00,1356,16,17,145,0,18.6,5.5,4.8,0,0,0,1,0,0,0,1,0,0
2023-08-31 06:00:00,156,7,8,35,0,17.8,7.5,0.0,0,0,0,0,1,0,0,1,0,0
2023-08-25 09:00:00,1085,10,44,189,0,18.5,8.9,0.0,1,0,0,0,0,0,0,1,0,0
2023-08-29 06:00:00,146,7,14,47,0,19.0,10.5,0.0,0,0,0,0,0,1,0,1,0,0
2023-08-27 18:00:00,1266,19,16,170,0,18.6,5.5,4.8,0,0,0,1,0,0,0,1,0,0
2023-08-31 21:00:00,711,22,7,113,0,17.8,7.5,0.0,0,0,0,0,1,0,0,1,0,0
2023-08-31 02:00:00,129,3,6,11,0,17.8,7.5,0.0,0,0,0,0,1,0,0,1,0,0
2023-08-31 03:00:00,55,4,6,3,0,17.8,7.5,0.0,0,0,0,0,1,0,0,1,0,0
2023-08-31 22:00:00,403,23,3,79,0,17.8,7.5,0.0,0,0,0,0,1,0,0,1,0,0
2023-08-31 01:00:00,202,2,2,33,0,17.8,7.5,0.0,0,0,0,0,1,0,0,1,0,0
2023-08-31 00:00:00,215,1,2,29,0,17.8,7.5,0.0,0,0,0,0,1,0,0,1,0,0
2023-08-31 23:00:00,453,0,1,65,0,17.8,7.5,0.0,0,0,0,0,1,0,0,1,0,0
2023-08-31 05:00:00,88,6,0,5,0,17.8,7.5,0.0,0,0,0,0,1,0,0,1,0,0
2023-08-31 04:00:00,20,5,0,4,0,17.8,7.5,0.0,0,0,0,0,1,0,0,1,0,0
2023-08-29 21:00:00,669,22,6,89,0,19.0,10.5,0.0,0,0,0,0,0,1,0,1,0,0
2023-08-25 14:00:00,2133,15,38,232,0,18.5,8.9,0.0,1,0,0,0,0,0,0,1,0,0
2023-08-27 14:00:00,1528,15,15,215,0,18.6,5.5,4.8,0,0,0,1,0,0,0,1,0,0
2023-08-29 19:00:00,591,20,6,56,0,19.0,10.5,0.0,0,0,0,0,0,1,0,1,0,0
2023-08-25 15:00:00,2259,16,33,343,0,18.5,8.9,0.0,1,0,0,0,0,0,0,1,0,0
2023-08-27 19:00:00,937,20,14,197,0,18.6,5.5,4.8,0,0,0,1,0,0,0,1,0,0
2023-08-29 18:00:00,959,19,5,50,0,19.0,10.5,0.0,0,0,0,0,0,1,0,1,0,0
2023-08-25 08:00:00,674,9,33,288,0,18.5,8.9,0.0,1,0,0,0,0,0,0,1,0,0
2023-08-29 22:00:00,398,23,3,62,0,19.0,10.5,0.0,0,0,0,0,0,1,0,1,0,0
2023-08-27 03:00:00,488,4,13,14,0,18.6,5.5,4.8,0,0,0,1,0,0,0,1,0,0
2023-08-25 16:00:00,1951,17,30,250,0,18.5,8.9,0.0,1,0,0,0,0,0,0,1,0,0
2023-08-29 05:00:00,79,6,3,22,0,19.0,10.5,0.0,0,0,0,0,0,1,0,1,0,0
2023-08-27 01:00:00,441,2,9,8,0,18.6,5.5,4.8,0,0,0,1,0,0,0,1,0,0
2023-08-25 06:00:00,140,7,12,28,0,18.5,8.9,0.0,1,0,0,0,0,0,0,1,0,0
2023-08-29 00:00:00,214,1,2,65,0,19.0,10.5,0.0,0,0,0,0,0,1,0,1,0,0
2023-08-27 07:00:00,142,8,8,47,0,18.6,5.5,4.8,0,0,0,1,0,0,0,1,0,0
2023-08-25 20:00:00,1216,21,10,230,0,18.5,8.9,0.0,1,0,0,0,0,0,0,1,0,0
2023-08-29 23:00:00,263,0,1,26,0,19.0,10.5,0.0,0,0,0,0,0,1,0,1,0,0
2023-08-27 02:00:00,432,3,8,7,0,18.6,5.5,4.8,0,0,0,1,0,0,0,1,0,0
2023-08-25 07:00:00,386,8,7,100,0,18.5,8.9,0.0,1,0,0,0,0,0,0,1,0,0
2023-08-29 01:00:00,120,2,0,42,0,19.0,10.5,0.0,0,0,0,0,0,1,0,1,0,0
2023-08-29 02:00:00,65,3,0,14,0,19.0,10.5,0.0,0,0,0,0,0,1,0,1,0,0
2023-08-29 03:00:00,16,4,0,12,0,19.0,10.5,0.0,0,0,0,0,0,1,0,1,0,0
2023-08-29 04:00:00,17,5,0,8,0,19.0,10.5,0.0,0,0,0,0,0,1,0,1,0,0
2023-08-30 12:00:00,2621,13,73,254,0,17.9,7.7,0.0,0,0,0,0,0,0,1,1,0,0
2023-08-30 09:00:00,988,10,48,219,0,17.9,7.7,0.0,0,0,0,0,0,0,1,1,0,0
2023-08-30 16:00:00,2071,17,48,211,0,17.9,7.7,0.0,0,0,0,0,0,0,1,1,0,0
2023-08-30 14:00:00,2232,15,40,221,0,17.9,7.7,0.0,0,0,0,0,0,0,1,1,0,0
2023-08-30 13:00:00,2711,14,38,201,0,17.9,7.7,0.0,0,0,0,0,0,0,1,1,0,0
2023-08-30 10:00:00,1410,11,37,215,0,17.9,7.7,0.0,0,0,0,0,0,0,1,1,0,0
2023-08-30 17:00:00,1635,18,37,211,0,17.9,7.7,0.0,0,0,0,0,0,0,1,1,0,0
2023-08-30 08:00:00,756,9,35,175,0,17.9,7.7,0.0,0,0,0,0,0,0,1,1,0,0
2023-08-30 11:00:00,2080,12,32,215,0,17.9,7.7,0.0,0,0,0,0,0,0,1,1,0,0
2023-08-30 15:00:00,1919,16,27,140,0,17.9,7.7,0.0,0,0,0,0,0,0,1,1,0,0
2023-08-30 18:00:00,1402,19,26,251,0,17.9,7.7,0.0,0,0,0,0,0,0,1,1,0,0
2023-08-30 19:00:00,1206,20,13,195,0,17.9,7.7,0.0,0,0,0,0,0,0,1,1,0,0
2023-08-30 07:00:00,283,8,12,78,0,17.9,7.7,0.0,0,0,0,0,0,0,1,1,0,0
2023-08-30 06:00:00,122,7,10,39,0,17.9,7.7,0.0,0,0,0,0,0,0,1,1,0,0
2023-08-30 22:00:00,542,23,8,55,0,17.9,7.7,0.0,0,0,0,0,0,0,1,1,0,0
2023-08-30 21:00:00,585,22,5,89,0,17.9,7.7,0.0,0,0,0,0,0,0,1,1,0,0
2023-08-30 20:00:00,770,21,3,117,0,17.9,7.7,0.0,0,0,0,0,0,0,1,1,0,0
2023-08-30 02:00:00,88,3,2,12,0,17.9,7.7,0.0,0,0,0,0,0,0,1,1,0,0
2023-08-30 05:00:00,78,6,2,9,0,17.9,7.7,0.0,0,0,0,0,0,0,1,1,0,0
2023-08-30 23:00:00,401,0,1,36,0,17.9,7.7,0.0,0,0,0,0,0,0,1,1,0,0
2023-08-30 01:00:00,172,2,1,28,0,17.9,7.7,0.0,0,0,0,0,0,0,1,1,0,0
2023-08-30 00:00:00,200,1,1,17,0,17.9,7.7,0.0,0,0,0,0,0,0,1,1,0,0
2023-08-30 03:00:00,52,4,1,11,0,17.9,7.7,0.0,0,0,0,0,0,0,1,1,0,0
2023-08-30 04:00:00,50,5,0,2,0,17.9,7.7,0.0,0,0,0,0,0,0,1,1,0,0
2023-08-31 12:00:00,2174,13,78,233,0,17.8,7.5,0.0,0,0,0,0,1,0,0,1,0,0
2023-08-31 16:00:00,2092,17,65,193,0,17.8,7.5,0.0,0,0,0,0,1,0,0,1,0,0
2023-08-31 14:00:00,1997,15,62,193,0,17.8,7.5,0.0,0,0,0,0,1,0,0,1,0,0
2023-08-31 11:00:00,1949,12,55,210,0,17.8,7.5,0.0,0,0,0,0,1,0,0,1,0,0
2023-08-31 17:00:00,1775,18,47,329,0,17.8,7.5,0.0,0,0,0,0,1,0,0,1,0,0
2023-08-31 13:00:00,2549,14,38,169,0,17.8,7.5,0.0,0,0,0,0,1,0,0,1,0,0
2023-08-31 19:00:00,1226,20,25,280,0,17.8,7.5,0.0,0,0,0,0,1,0,0,1,0,0
2023-08-31 18:00:00,1406,19,23,348,0,17.8,7.5,0.0,0,0,0,0,1,0,0,1,0,0
2023-08-31 08:00:00,663,9,23,85,0,17.8,7.5,0.0,0,0,0,0,1,0,0,1,0,0
2023-08-27 06:00:00,70,7,7,12,0,18.6,5.5,4.8,0,0,0,1,0,0,0,1,0,0
2023-08-25 21:00:00,1109,22,7,96,0,18.5,8.9,0.0,1,0,0,0,0,0,0,1,0,0
2023-08-27 21:00:00,578,22,5,34,0,18.6,5.5,4.8,0,0,0,1,0,0,0,1,0,0
2023-08-25 19:00:00,1174,20,7,80,0,18.5,8.9,0.0,1,0,0,0,0,0,0,1,0,0
2023-08-27 00:00:00,499,1,5,28,0,18.6,5.5,4.8,0,0,0,1,0,0,0,1,0,0
2023-08-25 23:00:00,619,0,7,39,0,18.5,8.9,0.0,1,0,0,0,0,0,0,1,0,0
2023-08-27 04:00:00,81,5,4,12,0,18.6,5.5,4.8,0,0,0,1,0,0,0,1,0,0
2023-08-25 22:00:00,831,23,5,78,0,18.5,8.9,0.0,1,0,0,0,0,0,0,1,0,0
2023-08-27 05:00:00,45,6,3,3,0,18.6,5.5,4.8,0,0,0,1,0,0,0,1,0,0
2023-08-25 02:00:00,179,3,2,11,0,18.5,8.9,0.0,1,0,0,0,0,0,0,1,0,0
2023-08-27 22:00:00,538,23,2,29,0,18.6,5.5,4.8,0,0,0,1,0,0,0,1,0,0
2023-08-25 01:00:00,308,2,1,24,0,18.5,8.9,0.0,1,0,0,0,0,0,0,1,0,0
2023-08-27 23:00:00,365,0,0,8,0,18.6,5.5,4.8,0,0,0,1,0,0,0,1,0,0
2023-08-25 00:00:00,464,1,1,21,0,18.5,8.9,0.0,1,0,0,0,0,0,0,1,0,0
2023-08-25 05:00:00,111,6,1,17,0,18.5,8.9,0.0,1,0,0,0,0,0,0,1,0,0
2023-08-25 03:00:00,120,4,1,11,0,18.5,8.9,0.0,1,0,0,0,0,0,0,1,0,0
2023-08-25 04:00:00,38,5,0,4,0,18.5,8.9,0.0,1,0,0,0,0,0,0,1,0,0
2023-08-26 11:00:00,2259,12,40,50,0,18.3,5.5,0.8,0,0,1,0,0,0,0,1,0,0
2023-08-26 10:00:00,2638,11,36,146,0,18.3,5.5,0.8,0,0,1,0,0,0,0,1,0,0
2023-08-26 19:00:00,1429,20,31,303,0,18.3,5.5,0.8,0,0,1,0,0,0,0,1,0,0
2023-08-26 17:00:00,2653,18,29,175,0,18.3,5.5,0.8,0,0,1,0,0,0,0,1,0,0
2023-08-26 09:00:00,885,10,23,161,0,18.3,5.5,0.8,0,0,1,0,0,0,0,1,0,0
2023-08-28 09:00:00,895,10,77,179,0,18.2,8.5,0.0,0,1,0,0,0,0,0,1,0,0
2023-08-26 16:00:00,3725,17,22,165,0,18.3,5.5,0.8,0,0,1,0,0,0,0,1,0,0
2023-08-28 17:00:00,1216,18,58,250,0,18.2,8.5,0.0,0,1,0,0,0,0,0,1,0,0
2023-08-26 14:00:00,2526,15,20,188,0,18.3,5.5,0.8,0,0,1,0,0,0,0,1,0,0
2023-08-28 16:00:00,1798,17,50,202,0,18.2,8.5,0.0,0,1,0,0,0,0,0,1,0,0
2023-08-26 12:00:00,3040,13,18,92,0,18.3,5.5,0.8,0,0,1,0,0,0,0,1,0,0
2023-08-28 14:00:00,1807,15,45,219,0,18.2,8.5,0.0,0,1,0,0,0,0,0,1,0,0
2023-08-28 10:00:00,1343,11,43,184,0,18.2,8.5,0.0,0,1,0,0,0,0,0,1,0,0
2023-08-26 18:00:00,1969,19,16,219,0,18.3,5.5,0.8,0,0,1,0,0,0,0,1,0,0
2023-08-28 08:00:00,783,9,40,297,0,18.2,8.5,0.0,0,1,0,0,0,0,0,1,0,0
2023-08-26 06:00:00,103,7,15,34,0,18.3,5.5,0.8,0,0,1,0,0,0,0,1,0,0
2023-08-28 12:00:00,2273,13,37,207,0,18.2,8.5,0.0,0,1,0,0,0,0,0,1,0,0
2023-08-26 13:00:00,2200,14,13,204,0,18.3,5.5,0.8,0,0,1,0,0,0,0,1,0,0
2023-08-28 13:00:00,2575,14,32,193,0,18.2,8.5,0.0,0,1,0,0,0,0,0,1,0,0
2023-08-26 07:00:00,135,8,13,70,0,18.3,5.5,0.8,0,0,1,0,0,0,0,1,0,0
2023-08-28 18:00:00,887,19,31,201,0,18.2,8.5,0.0,0,1,0,0,0,0,0,1,0,0
2023-08-26 15:00:00,2020,16,12,148,0,18.3,5.5,0.8,0,0,1,0,0,0,0,1,0,0
2023-08-28 19:00:00,727,20,24,213,0,18.2,8.5,0.0,0,1,0,0,0,0,0,1,0,0
2023-08-26 20:00:00,1409,21,11,32,0,18.3,5.5,0.8,0,0,1,0,0,0,0,1,0,0
2023-08-28 11:00:00,1732,12,24,178,0,18.2,8.5,0.0,0,1,0,0,0,0,0,1,0,0
2023-08-26 08:00:00,358,9,8,96,0,18.3,5.5,0.8,0,0,1,0,0,0,0,1,0,0
2023-08-28 15:00:00,1649,16,23,212,0,18.2,8.5,0.0,0,1,0,0,0,0,0,1,0,0
2023-08-26 00:00:00,454,1,6,35,0,18.3,5.5,0.8,0,0,1,0,0,0,0,1,0,0
2023-08-28 07:00:00,265,8,17,85,0,18.2,8.5,0.0,0,1,0,0,0,0,0,1,0,0
2023-08-26 05:00:00,91,6,5,20,0,18.3,5.5,0.8,0,0,1,0,0,0,0,1,0,0
2023-08-28 06:00:00,128,7,14,49,0,18.2,8.5,0.0,0,1,0,0,0,0,0,1,0,0
2023-08-26 03:00:00,362,4,4,15,0,18.3,5.5,0.8,0,0,1,0,0,0,0,1,0,0
2023-08-28 21:00:00,487,22,11,51,0,18.2,8.5,0.0,0,1,0,0,0,0,0,1,0,0
2023-08-26 21:00:00,1055,22,2,46,0,18.3,5.5,0.8,0,0,1,0,0,0,0,1,0,0
2023-08-28 20:00:00,563,21,10,115,0,18.2,8.5,0.0,0,1,0,0,0,0,0,1,0,0
2023-08-26 22:00:00,824,23,2,15,0,18.3,5.5,0.8,0,0,1,0,0,0,0,1,0,0
2023-08-28 22:00:00,372,23,8,69,0,18.2,8.5,0.0,0,1,0,0,0,0,0,1,0,0
2023-08-26 01:00:00,483,2,1,54,0,18.3,5.5,0.8,0,0,1,0,0,0,0,1,0,0
2023-08-28 02:00:00,60,3,6,18,0,18.2,8.5,0.0,0,1,0,0,0,0,0,1,0,0
2023-08-26 02:00:00,493,3,1,29,0,18.3,5.5,0.8,0,0,1,0,0,0,0,1,0,0
2023-08-28 00:00:00,237,1,5,40,0,18.2,8.5,0.0,0,1,0,0,0,0,0,1,0,0
2023-08-26 04:00:00,39,5,1,0,0,18.3,5.5,0.8,0,0,1,0,0,0,0,1,0,0
2023-08-28 01:00:00,97,2,2,37,0,18.2,8.5,0.0,0,1,0,0,0,0,0,1,0,0
2023-08-26 23:00:00,636,0,0,71,0,18.3,5.5,0.8,0,0,1,0,0,0,0,1,0,0
2023-08-28 23:00:00,309,0,1,67,0,18.2,8.5,0.0,0,1,0,0,0,0,0,1,0,0
2023-08-27 12:00:00,1812,13,69,227,0,18.6,5.5,4.8,0,0,0,1,0,0,0,1,0,0
2023-08-28 05:00:00,91,6,1,24,0,18.2,8.5,0.0,0,1,0,0,0,0,0,1,0,0
2023-08-27 11:00:00,1314,12,51,161,0,18.6,5.5,4.8,0,0,0,1,0,0,0,1,0,0
2023-08-28 04:00:00,21,5,1,17,0,18.2,8.5,0.0,0,1,0,0,0,0,0,1,0,0
2023-08-27 13:00:00,1860,14,36,207,0,18.6,5.5,4.8,0,0,0,1,0,0,0,1,0,0
2023-08-28 03:00:00,68,4,0,10,0,18.2,8.5,0.0,0,1,0,0,0,0,0,1,0,0
2023-08-29 11:00:00,1927,12,65,184,0,19.0,10.5,0.0,0,0,0,0,0,1,0,1,0,0
2023-08-29 10:00:00,1471,11,59,253,0,19.0,10.5,0.0,0,0,0,0,0,1,0,1,0,0
2023-08-29 12:00:00,2330,13,38,219,0,19.0,10.5,0.0,0,0,0,0,0,1,0,1,0,0
2023-08-29 09:00:00,1007,10,37,233,0,19.0,10.5,0.0,0,0,0,0,0,1,0,1,0,0
2023-08-29 14:00:00,1876,15,32,178,0,19.0,10.5,0.0,0,0,0,0,0,1,0,1,0,0
2023-08-29 08:00:00,871,9,30,315,0,19.0,10.5,0.0,0,0,0,0,0,1,0,1,0,0
2023-08-29 15:00:00,1944,16,28,172,0,19.0,10.5,0.0,0,0,0,0,0,1,0,1,0,0
2023-08-27 16:00:00,1377,17,34,217,0,18.6,5.5,4.8,0,0,0,1,0,0,0,1,0,0
2023-08-27 17:00:00,1540,18,27,138,0,18.6,5.5,4.8,0,0,0,1,0,0,0,1,0,0
2023-12-02 13:00:00,2965,14,6,82,0,4.3,-4.8,0.0,0,0,1,0,0,0,0,0,1,0
2023-12-02 22:00:00,833,23,5,122,0,4.3,-4.8,0.0,0,0,1,0,0,0,0,0,1,0
2023-12-02 14:00:00,2709,15,5,108,0,4.3,-4.8,0.0,0,0,1,0,0,0,0,0,1,0
2023-12-02 15:00:00,3189,16,5,82,0,4.3,-4.8,0.0,0,0,1,0,0,0,0,0,1,0
2023-12-02 17:00:00,1942,18,5,10,0,4.3,-4.8,0.0,0,0,1,0,0,0,0,0,1,0
2023-12-01 08:00:00,519,9,19,39,0,-0.7,-3.2,0.0,1,0,0,0,0,0,0,0,1,0
2023-12-01 13:00:00,2576,14,16,27,0,-0.7,-3.2,0.0,1,0,0,0,0,0,0,0,1,0
2023-12-02 09:00:00,716,10,4,90,0,4.3,-4.8,0.0,0,0,1,0,0,0,0,0,1,0
2023-12-01 14:00:00,2309,15,14,65,0,-0.7,-3.2,0.0,1,0,0,0,0,0,0,0,1,0
2023-12-02 18:00:00,1536,19,4,72,0,4.3,-4.8,0.0,0,0,1,0,0,0,0,0,1,0
2023-12-02 12:00:00,2573,13,4,45,0,4.3,-4.8,0.0,0,0,1,0,0,0,0,0,1,0
2023-12-02 21:00:00,742,22,4,11,0,4.3,-4.8,0.0,0,0,1,0,0,0,0,0,1,0
2023-12-02 20:00:00,693,21,4,5,0,4.3,-4.8,0.0,0,0,1,0,0,0,0,0,1,0
2023-12-02 08:00:00,419,9,3,70,0,4.3,-4.8,0.0,0,0,1,0,0,0,0,0,1,0
2023-12-01 15:00:00,2750,16,12,158,0,-0.7,-3.2,0.0,1,0,0,0,0,0,0,0,1,0
2023-12-01 11:00:00,1721,12,12,33,0,-0.7,-3.2,0.0,1,0,0,0,0,0,0,0,1,0
2023-12-01 12:00:00,2560,13,10,42,0,-0.7,-3.2,0.0,1,0,0,0,0,0,0,0,1,0
2023-12-02 07:00:00,196,8,0,27,0,4.3,-4.8,0.0,0,0,1,0,0,0,0,0,1,0
2023-12-01 00:00:00,479,1,1,42,0,-0.7,-3.2,0.0,1,0,0,0,0,0,0,0,1,0
2023-12-01 05:00:00,112,6,1,14,0,-0.7,-3.2,0.0,1,0,0,0,0,0,0,0,1,0
2023-12-01 21:00:00,1104,22,0,98,0,-0.7,-3.2,0.0,1,0,0,0,0,0,0,0,1,0
2023-12-02 03:00:00,323,4,0,14,0,4.3,-4.8,0.0,0,0,1,0,0,0,0,0,1,0
2023-12-01 22:00:00,887,23,0,39,0,-0.7,-3.2,0.0,1,0,0,0,0,0,0,0,1,0
2023-12-01 01:00:00,286,2,0,38,0,-0.7,-3.2,0.0,1,0,0,0,0,0,0,0,1,0
2023-12-02 05:00:00,83,6,0,8,0,4.3,-4.8,0.0,0,0,1,0,0,0,0,0,1,0
2023-12-02 06:00:00,97,7,0,7,0,4.3,-4.8,0.0,0,0,1,0,0,0,0,0,1,0
2023-12-02 04:00:00,45,5,0,2,0,4.3,-4.8,0.0,0,0,1,0,0,0,0,0,1,0
2023-12-03 15:00:00,2065,16,27,131,0,5.7,-4.2,11.1,0,0,0,1,0,0,0,0,1,0
2023-12-03 14:00:00,2372,15,21,138,0,5.7,-4.2,11.1,0,0,0,1,0,0,0,0,1,0
2023-12-03 11:00:00,1341,12,13,103,0,5.7,-4.2,11.1,0,0,0,1,0,0,0,0,1,0
2023-12-03 09:00:00,395,10,13,76,0,5.7,-4.2,11.1,0,0,0,1,0,0,0,0,1,0
2023-12-03 13:00:00,2238,14,9,143,0,5.7,-4.2,11.1,0,0,0,1,0,0,0,0,1,0
2023-12-03 12:00:00,1888,13,8,128,0,5.7,-4.2,11.1,0,0,0,1,0,0,0,0,1,0
2023-12-03 10:00:00,947,11,8,108,0,5.7,-4.2,11.1,0,0,0,1,0,0,0,0,1,0
2023-12-03 16:00:00,1548,17,8,106,0,5.7,-4.2,11.1,0,0,0,1,0,0,0,0,1,0
2023-12-01 02:00:00,204,3,0,25,0,-0.7,-3.2,0.0,1,0,0,0,0,0,0,0,1,0
2023-12-01 23:00:00,725,0,0,23,0,-0.7,-3.2,0.0,1,0,0,0,0,0,0,0,1,0
2023-12-01 06:00:00,170,7,0,17,0,-0.7,-3.2,0.0,1,0,0,0,0,0,0,0,1,0
2023-12-01 03:00:00,99,4,0,12,0,-0.7,-3.2,0.0,1,0,0,0,0,0,0,0,1,0
2023-12-02 10:00:00,1031,11,12,83,0,4.3,-4.8,0.0,0,0,1,0,0,0,0,0,1,0
2023-12-02 16:00:00,2600,17,8,28,0,4.3,-4.8,0.0,0,0,1,0,0,0,0,0,1,0
2023-12-02 19:00:00,864,20,8,3,0,4.3,-4.8,0.0,0,0,1,0,0,0,0,0,1,0
2023-12-02 00:00:00,604,1,2,43,0,4.3,-4.8,0.0,0,0,1,0,0,0,0,0,1,0
2023-12-02 02:00:00,567,3,2,31,0,4.3,-4.8,0.0,0,0,1,0,0,0,0,0,1,0
2023-12-02 11:00:00,1998,12,1,109,0,4.3,-4.8,0.0,0,0,1,0,0,0,0,0,1,0
2023-12-02 23:00:00,666,0,1,82,0,4.3,-4.8,0.0,0,0,1,0,0,0,0,0,1,0
2023-12-02 01:00:00,494,2,1,43,0,4.3,-4.8,0.0,0,0,1,0,0,0,0,0,1,0
2023-12-01 09:00:00,855,10,5,53,0,-0.7,-3.2,0.0,1,0,0,0,0,0,0,0,1,0
2023-12-01 19:00:00,1041,20,5,33,0,-0.7,-3.2,0.0,1,0,0,0,0,0,0,0,1,0
2023-12-01 18:00:00,1563,19,5,12,0,-0.7,-3.2,0.0,1,0,0,0,0,0,0,0,1,0
2023-12-01 16:00:00,2651,17,4,110,0,-0.7,-3.2,0.0,1,0,0,0,0,0,0,0,1,0
2023-12-01 17:00:00,1862,18,4,38,0,-0.7,-3.2,0.0,1,0,0,0,0,0,0,0,1,0
2023-12-01 10:00:00,1425,11,4,34,0,-0.7,-3.2,0.0,1,0,0,0,0,0,0,0,1,0
2023-12-01 20:00:00,1085,21,3,71,0,-0.7,-3.2,0.0,1,0,0,0,0,0,0,0,1,0
2023-12-01 04:00:00,53,5,3,8,0,-0.7,-3.2,0.0,1,0,0,0,0,0,0,0,1,0
2023-12-01 07:00:00,225,8,2,20,0,-0.7,-3.2,0.0,1,0,0,0,0,0,0,0,1,0
2023-12-04 12:00:00,2235,13,5,133,0,4.5,-2.2,1.6,0,1,0,0,0,0,0,0,1,0
2023-12-04 16:00:00,1683,17,5,53,0,4.5,-2.2,1.6,0,1,0,0,0,0,0,0,1,0
2023-12-04 15:00:00,1693,16,4,112,0,4.5,-2.2,1.6,0,1,0,0,0,0,0,0,1,0
2023-12-04 08:00:00,731,9,4,70,0,4.5,-2.2,1.6,0,1,0,0,0,0,0,0,1,0
2023-12-04 09:00:00,934,10,3,188,0,4.5,-2.2,1.6,0,1,0,0,0,0,0,0,1,0
2023-12-04 20:00:00,547,21,3,63,0,4.5,-2.2,1.6,0,1,0,0,0,0,0,0,1,0
2023-12-04 10:00:00,643,11,2,122,0,4.5,-2.2,1.6,0,1,0,0,0,0,0,0,1,0
2023-12-04 19:00:00,483,20,2,38,0,4.5,-2.2,1.6,0,1,0,0,0,0,0,0,1,0
2023-12-04 06:00:00,68,7,0,45,0,4.5,-2.2,1.6,0,1,0,0,0,0,0,0,1,0
2023-12-04 02:00:00,88,3,0,30,0,4.5,-2.2,1.6,0,1,0,0,0,0,0,0,1,0
2023-12-04 00:00:00,227,1,0,23,0,4.5,-2.2,1.6,0,1,0,0,0,0,0,0,1,0
2023-12-04 05:00:00,31,6,0,16,0,4.5,-2.2,1.6,0,1,0,0,0,0,0,0,1,0
2023-12-03 08:00:00,196,9,4,27,0,5.7,-4.2,11.1,0,0,0,1,0,0,0,0,1,0
2023-12-03 07:00:00,128,8,3,18,0,5.7,-4.2,11.1,0,0,0,1,0,0,0,0,1,0
2023-12-03 17:00:00,1576,18,2,89,0,5.7,-4.2,11.1,0,0,0,1,0,0,0,0,1,0
2023-12-03 18:00:00,1125,19,2,50,0,5.7,-4.2,11.1,0,0,0,1,0,0,0,0,1,0
2023-12-03 03:00:00,383,4,2,17,0,5.7,-4.2,11.1,0,0,0,1,0,0,0,0,1,0
2023-12-04 01:00:00,79,2,0,11,0,4.5,-2.2,1.6,0,1,0,0,0,0,0,0,1,0
2023-12-04 04:00:00,7,5,0,4,0,4.5,-2.2,1.6,0,1,0,0,0,0,0,0,1,0
2023-12-04 03:00:00,5,4,0,1,0,4.5,-2.2,1.6,0,1,0,0,0,0,0,0,1,0
2023-12-03 01:00:00,763,2,0,60,0,5.7,-4.2,11.1,0,0,0,1,0,0,0,0,1,0
2023-12-05 14:00:00,1845,15,28,27,0,6.1,2.8,0.0,0,0,0,0,0,1,0,0,1,0
2023-12-04 13:00:00,2581,14,13,123,0,4.5,-2.2,1.6,0,1,0,0,0,0,0,0,1,0
2023-12-03 02:00:00,718,3,0,44,0,5.7,-4.2,11.1,0,0,0,1,0,0,0,0,1,0
2023-12-04 14:00:00,1801,15,11,133,0,4.5,-2.2,1.6,0,1,0,0,0,0,0,0,1,0
2023-12-03 21:00:00,434,22,0,39,0,5.7,-4.2,11.1,0,0,0,1,0,0,0,0,1,0
2023-12-03 23:00:00,335,0,0,39,0,5.7,-4.2,11.1,0,0,0,1,0,0,0,0,1,0
2023-12-03 19:00:00,647,20,1,64,0,5.7,-4.2,11.1,0,0,0,1,0,0,0,0,1,0
2023-12-03 22:00:00,385,23,1,51,0,5.7,-4.2,11.1,0,0,0,1,0,0,0,0,1,0
2023-12-03 00:00:00,822,1,1,45,0,5.7,-4.2,11.1,0,0,0,1,0,0,0,0,1,0
2023-12-03 20:00:00,541,21,1,45,0,5.7,-4.2,11.1,0,0,0,1,0,0,0,0,1,0
2023-12-03 06:00:00,65,7,1,9,0,5.7,-4.2,11.1,0,0,0,1,0,0,0,0,1,0
2023-12-04 11:00:00,1680,12,9,119,0,4.5,-2.2,1.6,0,1,0,0,0,0,0,0,1,0
2023-12-05 11:00:00,1665,12,19,136,0,6.1,2.8,0.0,0,0,0,0,0,1,0,0,1,0
2023-12-05 10:00:00,1468,11,18,205,0,6.1,2.8,0.0,0,0,0,0,0,1,0,0,1,0
2023-12-05 13:00:00,3115,14,18,99,0,6.1,2.8,0.0,0,0,0,0,0,1,0,0,1,0
2023-12-05 08:00:00,710,9,16,290,0,6.1,2.8,0.0,0,0,0,0,0,1,0,0,1,0
2023-12-05 09:00:00,1109,10,15,232,0,6.1,2.8,0.0,0,0,0,0,0,1,0,0,1,0
2023-12-05 16:00:00,2131,17,13,53,0,6.1,2.8,0.0,0,0,0,0,0,1,0,0,1,0
2023-12-03 04:00:00,53,5,0,10,0,5.7,-4.2,11.1,0,0,0,1,0,0,0,0,1,0
2023-12-03 05:00:00,90,6,0,8,0,5.7,-4.2,11.1,0,0,0,1,0,0,0,0,1,0
2023-12-04 22:00:00,413,23,1,53,0,4.5,-2.2,1.6,0,1,0,0,0,0,0,0,1,0
2023-12-04 18:00:00,1097,19,1,46,0,4.5,-2.2,1.6,0,1,0,0,0,0,0,0,1,0
2023-12-04 21:00:00,475,22,1,45,0,4.5,-2.2,1.6,0,1,0,0,0,0,0,0,1,0
2023-12-04 23:00:00,243,0,1,27,0,4.5,-2.2,1.6,0,1,0,0,0,0,0,0,1,0
2023-12-04 07:00:00,217,8,1,26,0,4.5,-2.2,1.6,0,1,0,0,0,0,0,0,1,0
2023-12-04 17:00:00,1355,18,1,16,0,4.5,-2.2,1.6,0,1,0,0,0,0,0,0,1,0
2023-12-05 07:00:00,313,8,2,42,0,6.1,2.8,0.0,0,0,0,0,0,1,0,0,1,0
2023-12-05 19:00:00,392,20,2,6,0,6.1,2.8,0.0,0,0,0,0,0,1,0,0,1,0
2023-12-05 21:00:00,332,22,2,6,0,6.1,2.8,0.0,0,0,0,0,0,1,0,0,1,0
2023-12-05 03:00:00,33,4,2,2,0,6.1,2.8,0.0,0,0,0,0,0,1,0,0,1,0
2023-12-05 18:00:00,1128,19,1,51,0,6.1,2.8,0.0,0,0,0,0,0,1,0,0,1,0
2023-12-05 22:00:00,399,23,1,20,0,6.1,2.8,0.0,0,0,0,0,0,1,0,0,1,0
2023-12-05 02:00:00,81,3,1,18,0,6.1,2.8,0.0,0,0,0,0,0,1,0,0,1,0
2023-12-05 20:00:00,268,21,1,5,0,6.1,2.8,0.0,0,0,0,0,0,1,0,0,1,0
2023-12-05 15:00:00,1499,16,12,61,0,6.1,2.8,0.0,0,0,0,0,0,1,0,0,1,0
2023-12-06 20:00:00,285,21,0,17,0,6.9,-3.3,1.1,0,0,0,0,0,0,1,0,1,0
2023-12-06 07:00:00,261,8,0,17,0,6.9,-3.3,1.1,0,0,0,0,0,0,1,0,1,0
2023-12-05 00:00:00,224,1,0,34,0,6.1,2.8,0.0,0,0,0,0,0,1,0,0,1,0
2023-12-06 17:00:00,1330,18,5,9,0,6.9,-3.3,1.1,0,0,0,0,0,0,1,0,1,0
2023-12-06 16:00:00,1657,17,5,8,0,6.9,-3.3,1.1,0,0,0,0,0,0,1,0,1,0
2023-12-06 18:00:00,989,19,0,5,0,6.9,-3.3,1.1,0,0,0,0,0,0,1,0,1,0
2023-12-05 23:00:00,363,0,0,26,0,6.1,2.8,0.0,0,0,0,0,0,1,0,0,1,0
2023-12-06 06:00:00,89,7,0,4,0,6.9,-3.3,1.1,0,0,0,0,0,0,1,0,1,0
2023-12-06 03:00:00,42,4,0,3,0,6.9,-3.3,1.1,0,0,0,0,0,0,1,0,1,0
2023-12-06 05:00:00,84,6,0,2,0,6.9,-3.3,1.1,0,0,0,0,0,0,1,0,1,0
2023-12-06 01:00:00,176,2,0,1,0,6.9,-3.3,1.1,0,0,0,0,0,0,1,0,1,0
2023-12-06 02:00:00,128,3,0,1,0,6.9,-3.3,1.1,0,0,0,0,0,0,1,0,1,0
2023-12-06 04:00:00,10,5,0,1,0,6.9,-3.3,1.1,0,0,0,0,0,0,1,0,1,0
2023-12-07 09:00:00,1065,10,13,223,0,8.5,-4.0,14.6,0,0,0,0,1,0,0,0,1,0
2023-12-05 01:00:00,149,2,0,24,0,6.1,2.8,0.0,0,0,0,0,0,1,0,0,1,0
2023-12-05 06:00:00,84,7,0,11,0,6.1,2.8,0.0,0,0,0,0,0,1,0,0,1,0
2023-12-05 05:00:00,81,6,0,11,0,6.1,2.8,0.0,0,0,0,0,0,1,0,0,1,0
2023-12-05 04:00:00,24,5,0,3,0,6.1,2.8,0.0,0,0,0,0,0,1,0,0,1,0
2023-12-05 12:00:00,3090,13,7,103,0,6.1,2.8,0.0,0,0,0,0,0,1,0,0,1,0
2023-12-06 22:00:00,494,23,1,3,0,6.9,-3.3,1.1,0,0,0,0,0,0,1,0,1,0
2023-12-07 08:00:00,667,9,11,229,0,8.5,-4.0,14.6,0,0,0,0,1,0,0,0,1,0
2023-12-06 23:00:00,337,0,1,3,0,6.9,-3.3,1.1,0,0,0,0,0,0,1,0,1,0
2023-12-07 12:00:00,2493,13,8,189,0,8.5,-4.0,14.6,0,0,0,0,1,0,0,0,1,0
2023-12-07 14:00:00,1942,15,8,179,0,8.5,-4.0,14.6,0,0,0,0,1,0,0,0,1,0
2023-12-07 13:00:00,2324,14,8,136,0,8.5,-4.0,14.6,0,0,0,0,1,0,0,0,1,0
2023-12-07 15:00:00,1738,16,5,56,0,8.5,-4.0,14.6,0,0,0,0,1,0,0,0,1,0
2023-12-07 03:00:00,177,4,5,12,0,8.5,-4.0,14.6,0,0,0,0,1,0,0,0,1,0
2023-12-07 02:00:00,286,3,5,11,0,8.5,-4.0,14.6,0,0,0,0,1,0,0,0,1,0
2023-12-06 14:00:00,1891,15,16,80,0,6.9,-3.3,1.1,0,0,0,0,0,0,1,0,1,0
2023-12-05 17:00:00,1640,18,6,36,0,6.1,2.8,0.0,0,0,0,0,0,1,0,0,1,0
2023-12-06 00:00:00,201,1,3,7,0,6.9,-3.3,1.1,0,0,0,0,0,0,1,0,1,0
2023-12-06 19:00:00,572,20,3,6,0,6.9,-3.3,1.1,0,0,0,0,0,0,1,0,1,0
2023-12-06 13:00:00,2543,14,12,97,0,6.9,-3.3,1.1,0,0,0,0,0,0,1,0,1,0
2023-12-06 21:00:00,715,22,2,37,0,6.9,-3.3,1.1,0,0,0,0,0,0,1,0,1,0
2023-12-06 15:00:00,1406,16,12,14,0,6.9,-3.3,1.1,0,0,0,0,0,0,1,0,1,0
2023-12-06 09:00:00,1122,10,11,112,0,6.9,-3.3,1.1,0,0,0,0,0,0,1,0,1,0
2023-12-06 11:00:00,1867,12,10,201,0,6.9,-3.3,1.1,0,0,0,0,0,0,1,0,1,0
2023-12-06 08:00:00,726,9,9,113,0,6.9,-3.3,1.1,0,0,0,0,0,0,1,0,1,0
2023-12-06 12:00:00,2150,13,9,103,0,6.9,-3.3,1.1,0,0,0,0,0,0,1,0,1,0
2023-12-06 10:00:00,1502,11,6,78,0,6.9,-3.3,1.1,0,0,0,0,0,0,1,0,1,0
2023-12-08 14:00:00,2691,15,10,135,0,8.3,5.9,5.2,1,0,0,0,0,0,0,0,1,0
2023-12-08 11:00:00,2594,12,8,153,0,8.3,5.9,5.2,1,0,0,0,0,0,0,0,1,0
2023-12-08 08:00:00,715,9,8,54,0,8.3,5.9,5.2,1,0,0,0,0,0,0,0,1,0
2023-12-09 00:00:00,364,1,4,20,0,7.1,5.5,5.8,0,0,1,0,0,0,0,0,1,0
2023-12-08 16:00:00,2485,17,8,26,0,8.3,5.9,5.2,1,0,0,0,0,0,0,0,1,0
2023-12-08 23:00:00,390,0,0,5,0,8.3,5.9,5.2,1,0,0,0,0,0,0,0,1,0
2023-12-09 23:00:00,1078,0,3,38,0,7.1,5.5,5.8,0,0,1,0,0,0,0,0,1,0
2023-12-08 10:00:00,1939,11,7,170,0,8.3,5.9,5.2,1,0,0,0,0,0,0,0,1,0
2023-12-08 01:00:00,139,2,1,6,0,8.3,5.9,5.2,1,0,0,0,0,0,0,0,1,0
2023-12-09 18:00:00,1182,19,1,179,0,7.1,5.5,5.8,0,0,1,0,0,0,0,0,1,0
2023-12-08 04:00:00,14,5,0,2,0,8.3,5.9,5.2,1,0,0,0,0,0,0,0,1,0
2023-12-07 18:00:00,783,19,1,7,0,8.5,-4.0,14.6,0,0,0,0,1,0,0,0,1,0
2023-12-07 11:00:00,1842,12,2,135,0,8.5,-4.0,14.6,0,0,0,0,1,0,0,0,1,0
2023-12-08 02:00:00,229,3,0,1,0,8.3,5.9,5.2,1,0,0,0,0,0,0,0,1,0
2023-12-07 17:00:00,1342,18,1,6,0,8.5,-4.0,14.6,0,0,0,0,1,0,0,0,1,0
2023-12-07 10:00:00,1321,11,2,133,0,8.5,-4.0,14.6,0,0,0,0,1,0,0,0,1,0
2023-12-07 21:00:00,505,22,0,14,0,8.5,-4.0,14.6,0,0,0,0,1,0,0,0,1,0
2023-12-07 05:00:00,57,6,0,8,0,8.5,-4.0,14.6,0,0,0,0,1,0,0,0,1,0
2023-12-07 23:00:00,249,0,1,5,0,8.5,-4.0,14.6,0,0,0,0,1,0,0,0,1,0
2023-12-08 15:00:00,2514,16,6,102,0,8.3,5.9,5.2,1,0,0,0,0,0,0,0,1,0
2023-12-08 07:00:00,262,8,6,31,0,8.3,5.9,5.2,1,0,0,0,0,0,0,0,1,0
2023-12-07 00:00:00,276,1,2,13,0,8.5,-4.0,14.6,0,0,0,0,1,0,0,0,1,0
2023-12-07 06:00:00,109,7,2,7,0,8.5,-4.0,14.6,0,0,0,0,1,0,0,0,1,0
2023-12-08 17:00:00,1578,18,0,20,0,8.3,5.9,5.2,1,0,0,0,0,0,0,0,1,0
2023-12-08 05:00:00,94,6,0,10,0,8.3,5.9,5.2,1,0,0,0,0,0,0,0,1,0
2023-12-08 03:00:00,108,4,0,8,0,8.3,5.9,5.2,1,0,0,0,0,0,0,0,1,0
2023-12-07 16:00:00,1560,17,1,4,0,8.5,-4.0,14.6,0,0,0,0,1,0,0,0,1,0
2023-12-09 09:00:00,362,10,5,68,0,7.1,5.5,5.8,0,0,1,0,0,0,0,0,1,0
2023-12-09 03:00:00,464,4,5,22,0,7.1,5.5,5.8,0,0,1,0,0,0,0,0,1,0
2023-12-09 02:00:00,298,3,5,12,0,7.1,5.5,5.8,0,0,1,0,0,0,0,0,1,0
2023-12-09 01:00:00,456,2,5,11,0,7.1,5.5,5.8,0,0,1,0,0,0,0,0,1,0
2023-12-08 21:00:00,956,22,2,56,0,8.3,5.9,5.2,1,0,0,0,0,0,0,0,1,0
2023-12-08 20:00:00,1261,21,2,51,0,8.3,5.9,5.2,1,0,0,0,0,0,0,0,1,0
2023-12-07 04:00:00,19,5,0,2,0,8.5,-4.0,14.6,0,0,0,0,1,0,0,0,1,0
2023-12-08 06:00:00,121,7,2,15,0,8.3,5.9,5.2,1,0,0,0,0,0,0,0,1,0
2023-12-08 19:00:00,1095,20,1,20,0,8.3,5.9,5.2,1,0,0,0,0,0,0,0,1,0
2023-12-08 22:00:00,628,23,1,10,0,8.3,5.9,5.2,1,0,0,0,0,0,0,0,1,0
2023-12-08 18:00:00,1102,19,1,9,0,8.3,5.9,5.2,1,0,0,0,0,0,0,0,1,0
2023-12-08 00:00:00,313,1,1,7,0,8.3,5.9,5.2,1,0,0,0,0,0,0,0,1,0
2023-12-07 22:00:00,380,23,1,15,0,8.5,-4.0,14.6,0,0,0,0,1,0,0,0,1,0
2023-12-07 01:00:00,305,2,1,8,0,8.5,-4.0,14.6,0,0,0,0,1,0,0,0,1,0
2023-12-08 13:00:00,2946,14,19,276,0,8.3,5.9,5.2,1,0,0,0,0,0,0,0,1,0
2023-12-08 09:00:00,1129,10,16,204,0,8.3,5.9,5.2,1,0,0,0,0,0,0,0,1,0
2023-12-08 12:00:00,2865,13,13,160,0,8.3,5.9,5.2,1,0,0,0,0,0,0,0,1,0
2023-12-07 19:00:00,790,20,0,52,0,8.5,-4.0,14.6,0,0,0,0,1,0,0,0,1,0
2023-12-07 07:00:00,202,8,0,23,0,8.5,-4.0,14.6,0,0,0,0,1,0,0,0,1,0
2023-12-07 20:00:00,504,21,0,22,0,8.5,-4.0,14.6,0,0,0,0,1,0,0,0,1,0
2023-12-10 18:00:00,771,19,0,27,0,6.8,0.9,2.0,0,0,0,1,0,0,0,0,1,0
2023-12-09 08:00:00,449,9,1,76,0,7.1,5.5,5.8,0,0,1,0,0,0,0,0,1,0
2023-12-09 19:00:00,1168,20,0,75,0,7.1,5.5,5.8,0,0,1,0,0,0,0,0,1,0
2023-12-09 06:00:00,110,7,0,14,0,7.1,5.5,5.8,0,0,1,0,0,0,0,0,1,0
2023-12-09 22:00:00,1225,23,0,7,0,7.1,5.5,5.8,0,0,1,0,0,0,0,0,1,0
2023-12-09 05:00:00,51,6,0,3,0,7.1,5.5,5.8,0,0,1,0,0,0,0,0,1,0
2023-12-10 14:00:00,2284,15,26,140,0,6.8,0.9,2.0,0,0,0,1,0,0,0,0,1,0
2023-12-10 15:00:00,2090,16,19,139,0,6.8,0.9,2.0,0,0,0,1,0,0,0,0,1,0
2023-12-10 13:00:00,2233,14,14,186,0,6.8,0.9,2.0,0,0,0,1,0,0,0,0,1,0
2023-12-10 21:00:00,614,22,0,11,0,6.8,0.9,2.0,0,0,0,1,0,0,0,0,1,0
2023-12-11 08:00:00,699,9,14,339,0,7.1,3.4,5.6,0,1,0,0,0,0,0,0,1,0
2023-12-11 09:00:00,1009,10,12,207,0,7.1,3.4,5.6,0,1,0,0,0,0,0,0,1,0
2023-12-11 10:00:00,1437,11,11,169,0,7.1,3.4,5.6,0,1,0,0,0,0,0,0,1,0
2023-12-11 17:00:00,1523,18,8,29,0,7.1,3.4,5.6,0,1,0,0,0,0,0,0,1,0
2023-12-11 15:00:00,1639,16,7,87,0,7.1,3.4,5.6,0,1,0,0,0,0,0,0,1,0
2023-12-10 04:00:00,86,5,0,6,0,6.8,0.9,2.0,0,0,0,1,0,0,0,0,1,0
2023-12-10 17:00:00,1096,18,0,3,0,6.8,0.9,2.0,0,0,0,1,0,0,0,0,1,0
2023-12-11 11:00:00,1872,12,47,175,0,7.1,3.4,5.6,0,1,0,0,0,0,0,0,1,0
2023-12-11 12:00:00,2713,13,29,169,0,7.1,3.4,5.6,0,1,0,0,0,0,0,0,1,0
2023-12-11 13:00:00,2906,14,26,154,0,7.1,3.4,5.6,0,1,0,0,0,0,0,0,1,0
2023-12-11 14:00:00,2163,15,19,190,0,7.1,3.4,5.6,0,1,0,0,0,0,0,0,1,0
2023-12-10 23:00:00,306,0,1,40,0,6.8,0.9,2.0,0,0,0,1,0,0,0,0,1,0
2023-12-10 10:00:00,845,11,3,102,0,6.8,0.9,2.0,0,0,0,1,0,0,0,0,1,0
2023-12-10 00:00:00,742,1,1,20,0,6.8,0.9,2.0,0,0,0,1,0,0,0,0,1,0
2023-12-10 20:00:00,611,21,3,7,0,6.8,0.9,2.0,0,0,0,1,0,0,0,0,1,0
2023-12-10 05:00:00,106,6,3,6,0,6.8,0.9,2.0,0,0,0,1,0,0,0,0,1,0
2023-12-10 19:00:00,613,20,2,50,0,6.8,0.9,2.0,0,0,0,1,0,0,0,0,1,0
2023-12-10 03:00:00,474,4,2,12,0,6.8,0.9,2.0,0,0,0,1,0,0,0,0,1,0
2023-12-10 02:00:00,674,3,2,9,0,6.8,0.9,2.0,0,0,0,1,0,0,0,0,1,0
2023-12-10 07:00:00,100,8,2,5,0,6.8,0.9,2.0,0,0,0,1,0,0,0,0,1,0
2023-12-10 22:00:00,588,23,1,12,0,6.8,0.9,2.0,0,0,0,1,0,0,0,0,1,0
2023-12-10 01:00:00,721,2,1,11,0,6.8,0.9,2.0,0,0,0,1,0,0,0,0,1,0
2023-12-09 07:00:00,140,8,1,28,0,7.1,5.5,5.8,0,0,1,0,0,0,0,0,1,0
2023-12-10 11:00:00,987,12,8,144,0,6.8,0.9,2.0,0,0,0,1,0,0,0,0,1,0
2023-12-11 07:00:00,302,8,4,58,0,7.1,3.4,5.6,0,1,0,0,0,0,0,0,1,0
2023-12-10 08:00:00,145,9,1,10,0,6.8,0.9,2.0,0,0,0,1,0,0,0,0,1,0
2023-12-09 17:00:00,1343,18,1,8,0,7.1,5.5,5.8,0,0,1,0,0,0,0,0,1,0
2023-12-09 21:00:00,1232,22,1,5,0,7.1,5.5,5.8,0,0,1,0,0,0,0,0,1,0
2023-12-09 20:00:00,973,21,1,5,0,7.1,5.5,5.8,0,0,1,0,0,0,0,0,1,0
2023-12-09 04:00:00,47,5,1,5,0,7.1,5.5,5.8,0,0,1,0,0,0,0,0,1,0
2023-12-10 06:00:00,96,7,1,9,0,6.8,0.9,2.0,0,0,0,1,0,0,0,0,1,0
2023-12-10 12:00:00,1803,13,7,153,0,6.8,0.9,2.0,0,0,0,1,0,0,0,0,1,0
2023-12-10 16:00:00,1258,17,5,73,0,6.8,0.9,2.0,0,0,0,1,0,0,0,0,1,0
2023-12-10 09:00:00,330,10,5,64,0,6.8,0.9,2.0,0,0,0,1,0,0,0,0,1,0
2023-12-11 06:00:00,125,7,2,24,0,7.1,3.4,5.6,0,1,0,0,0,0,0,0,1,0
2023-12-11 05:00:00,109,6,2,17,0,7.1,3.4,5.6,0,1,0,0,0,0,0,0,1,0
2023-12-12 15:00:00,1031,16,2,104,0,6.0,5.4,12.3,0,0,0,0,0,1,0,0,1,0
2023-12-12 18:00:00,869,19,2,4,0,6.0,5.4,12.3,0,0,0,0,0,1,0,0,1,0
2023-12-12 17:00:00,738,18,1,46,0,6.0,5.4,12.3,0,0,0,0,0,1,0,0,1,0
2023-12-12 07:00:00,169,8,1,17,0,6.0,5.4,12.3,0,0,0,0,0,1,0,0,1,0
2023-12-12 20:00:00,523,21,1,3,0,6.0,5.4,12.3,0,0,0,0,0,1,0,0,1,0
2023-12-13 14:00:00,2183,15,15,133,0,8.5,5.5,1.3,0,0,0,0,0,0,1,0,1,0
2023-12-13 13:00:00,2554,14,13,128,0,8.5,5.5,1.3,0,0,0,0,0,0,1,0,1,0
2023-12-13 12:00:00,2381,13,12,179,0,8.5,5.5,1.3,0,0,0,0,0,0,1,0,1,0
2023-12-12 11:00:00,1568,12,8,215,0,6.0,5.4,12.3,0,0,0,0,0,1,0,0,1,0
2023-12-11 16:00:00,2430,17,1,64,0,7.1,3.4,5.6,0,1,0,0,0,0,0,0,1,0
2023-12-11 03:00:00,46,4,0,4,0,7.1,3.4,5.6,0,1,0,0,0,0,0,0,1,0
2023-12-13 23:00:00,358,0,3,4,0,8.5,5.5,1.3,0,0,0,0,0,0,1,0,1,0
2023-12-12 12:00:00,2152,13,7,157,0,6.0,5.4,12.3,0,0,0,0,0,1,0,0,1,0
2023-12-11 18:00:00,1486,19,1,40,0,7.1,3.4,5.6,0,1,0,0,0,0,0,0,1,0
2023-12-11 00:00:00,272,1,1,34,0,7.1,3.4,5.6,0,1,0,0,0,0,0,0,1,0
2023-12-11 01:00:00,178,2,1,15,0,7.1,3.4,5.6,0,1,0,0,0,0,0,0,1,0
2023-12-12 09:00:00,858,10,5,188,0,6.0,5.4,12.3,0,0,0,0,0,1,0,0,1,0
2023-12-11 02:00:00,110,3,1,10,0,7.1,3.4,5.6,0,1,0,0,0,0,0,0,1,0
2023-12-13 09:00:00,948,10,9,217,0,8.5,5.5,1.3,0,0,0,0,0,0,1,0,1,0
2023-12-12 14:00:00,1816,15,5,102,0,6.0,5.4,12.3,0,0,0,0,0,1,0,0,1,0
2023-12-13 15:00:00,2041,16,9,125,0,8.5,5.5,1.3,0,0,0,0,0,0,1,0,1,0
2023-12-12 16:00:00,714,17,0,24,0,6.0,5.4,12.3,0,0,0,0,0,1,0,0,1,0
2023-12-12 13:00:00,2326,14,12,103,0,6.0,5.4,12.3,0,0,0,0,0,1,0,0,1,0
2023-12-12 00:00:00,364,1,0,23,0,6.0,5.4,12.3,0,0,0,0,0,1,0,0,1,0
2023-12-12 06:00:00,103,7,0,18,0,6.0,5.4,12.3,0,0,0,0,0,1,0,0,1,0
2023-12-12 01:00:00,227,2,0,16,0,6.0,5.4,12.3,0,0,0,0,0,1,0,0,1,0
2023-12-12 02:00:00,125,3,0,8,0,6.0,5.4,12.3,0,0,0,0,0,1,0,0,1,0
2023-12-12 05:00:00,80,6,0,7,0,6.0,5.4,12.3,0,0,0,0,0,1,0,0,1,0
2023-12-12 19:00:00,566,20,0,5,0,6.0,5.4,12.3,0,0,0,0,0,1,0,0,1,0
2023-12-12 21:00:00,507,22,0,5,0,6.0,5.4,12.3,0,0,0,0,0,1,0,0,1,0
2023-12-12 22:00:00,377,23,0,4,0,6.0,5.4,12.3,0,0,0,0,0,1,0,0,1,0
2023-12-12 23:00:00,263,0,0,4,0,6.0,5.4,12.3,0,0,0,0,0,1,0,0,1,0
2023-12-12 04:00:00,43,5,0,4,0,6.0,5.4,12.3,0,0,0,0,0,1,0,0,1,0
2023-12-12 03:00:00,53,4,0,2,0,6.0,5.4,12.3,0,0,0,0,0,1,0,0,1,0
2023-12-13 18:00:00,1300,19,2,48,0,8.5,5.5,1.3,0,0,0,0,0,0,1,0,1,0
2023-12-13 08:00:00,745,9,7,105,0,8.5,5.5,1.3,0,0,0,0,0,0,1,0,1,0
2023-12-13 16:00:00,2372,17,7,51,0,8.5,5.5,1.3,0,0,0,0,0,0,1,0,1,0
2023-12-11 19:00:00,1105,20,0,76,0,7.1,3.4,5.6,0,1,0,0,0,0,0,0,1,0
2023-12-11 20:00:00,660,21,0,57,0,7.1,3.4,5.6,0,1,0,0,0,0,0,0,1,0
2023-12-11 21:00:00,607,22,0,50,0,7.1,3.4,5.6,0,1,0,0,0,0,0,0,1,0
2023-12-11 22:00:00,537,23,0,47,0,7.1,3.4,5.6,0,1,0,0,0,0,0,0,1,0
2023-12-11 23:00:00,514,0,0,37,0,7.1,3.4,5.6,0,1,0,0,0,0,0,0,1,0
2023-12-12 10:00:00,1217,11,3,196,0,6.0,5.4,12.3,0,0,0,0,0,1,0,0,1,0
2023-12-13 17:00:00,1876,18,5,12,0,8.5,5.5,1.3,0,0,0,0,0,0,1,0,1,0
2023-12-13 21:00:00,673,22,1,79,0,8.5,5.5,1.3,0,0,0,0,0,0,1,0,1,0
2023-12-12 08:00:00,668,9,3,71,0,6.0,5.4,12.3,0,0,0,0,0,1,0,0,1,0
2023-12-13 11:00:00,1977,12,22,238,0,8.5,5.5,1.3,0,0,0,0,0,0,1,0,1,0
2023-12-13 22:00:00,660,23,1,67,0,8.5,5.5,1.3,0,0,0,0,0,0,1,0,1,0
2023-12-11 04:00:00,20,5,0,19,0,7.1,3.4,5.6,0,1,0,0,0,0,0,0,1,0
2023-12-13 19:00:00,1006,20,1,36,0,8.5,5.5,1.3,0,0,0,0,0,0,1,0,1,0
2023-12-13 00:00:00,322,1,1,15,0,8.5,5.5,1.3,0,0,0,0,0,0,1,0,1,0
2023-12-13 02:00:00,204,3,1,12,0,8.5,5.5,1.3,0,0,0,0,0,0,1,0,1,0
2023-12-13 10:00:00,1506,11,16,229,0,8.5,5.5,1.3,0,0,0,0,0,0,1,0,1,0
2023-12-13 06:00:00,87,7,1,6,0,8.5,5.5,1.3,0,0,0,0,0,0,1,0,1,0
2023-12-13 03:00:00,79,4,1,5,0,8.5,5.5,1.3,0,0,0,0,0,0,1,0,1,0
2023-12-13 05:00:00,50,6,1,5,0,8.5,5.5,1.3,0,0,0,0,0,0,1,0,1,0
2023-12-15 22:00:00,1220,23,3,17,0,11.3,5.2,0.0,1,0,0,0,0,0,0,0,1,0
2023-12-15 02:00:00,183,3,3,8,0,11.3,5.2,0.0,1,0,0,0,0,0,0,0,1,0
2023-12-14 22:00:00,642,23,3,69,0,11.3,2.7,0.1,0,0,0,0,1,0,0,0,1,0
2023-12-15 04:00:00,42,5,3,6,0,11.3,5.2,0.0,1,0,0,0,0,0,0,0,1,0
2023-12-13 04:00:00,11,5,0,0,0,8.5,5.5,1.3,0,0,0,0,0,0,1,0,1,0
2023-12-15 17:00:00,1908,18,8,4,0,11.3,5.2,0.0,1,0,0,0,0,0,0,0,1,0
2023-12-15 13:00:00,3270,14,25,168,0,11.3,5.2,0.0,1,0,0,0,0,0,0,0,1,0
2023-12-15 14:00:00,2607,15,24,173,0,11.3,5.2,0.0,1,0,0,0,0,0,0,0,1,0
2023-12-15 10:00:00,1788,11,21,260,0,11.3,5.2,0.0,1,0,0,0,0,0,0,0,1,0
2023-12-15 08:00:00,826,9,17,385,0,11.3,5.2,0.0,1,0,0,0,0,0,0,0,1,0
2023-12-15 09:00:00,1355,10,15,240,0,11.3,5.2,0.0,1,0,0,0,0,0,0,0,1,0
2023-12-15 15:00:00,2313,16,13,206,0,11.3,5.2,0.0,1,0,0,0,0,0,0,0,1,0
2023-12-15 12:00:00,3259,13,11,166,0,11.3,5.2,0.0,1,0,0,0,0,0,0,0,1,0
2023-12-15 16:00:00,2195,17,10,22,0,11.3,5.2,0.0,1,0,0,0,0,0,0,0,1,0
2023-12-14 16:00:00,2248,17,12,40,0,11.3,2.7,0.1,0,0,0,0,1,0,0,0,1,0
2023-12-14 13:00:00,2778,14,29,126,0,11.3,2.7,0.1,0,0,0,0,1,0,0,0,1,0
2023-12-14 09:00:00,963,10,19,90,0,11.3,2.7,0.1,0,0,0,0,1,0,0,0,1,0
2023-12-14 12:00:00,2500,13,15,121,0,11.3,2.7,0.1,0,0,0,0,1,0,0,0,1,0
2023-12-14 14:00:00,2209,15,15,119,0,11.3,2.7,0.1,0,0,0,0,1,0,0,0,1,0
2023-12-15 06:00:00,151,7,2,18,0,11.3,5.2,0.0,1,0,0,0,0,0,0,0,1,0
2023-12-15 05:00:00,157,6,2,15,0,11.3,5.2,0.0,1,0,0,0,0,0,0,0,1,0
2023-12-15 21:00:00,1217,22,2,13,0,11.3,5.2,0.0,1,0,0,0,0,0,0,0,1,0
2023-12-15 07:00:00,350,8,1,47,0,11.3,5.2,0.0,1,0,0,0,0,0,0,0,1,0
2023-12-15 01:00:00,255,2,1,42,0,11.3,5.2,0.0,1,0,0,0,0,0,0,0,1,0
2023-12-15 19:00:00,1662,20,1,38,0,11.3,5.2,0.0,1,0,0,0,0,0,0,0,1,0
2023-12-14 10:00:00,1510,11,11,101,0,11.3,2.7,0.1,0,0,0,0,1,0,0,0,1,0
2023-12-15 18:00:00,1439,19,7,31,0,11.3,5.2,0.0,1,0,0,0,0,0,0,0,1,0
2023-12-14 11:00:00,1888,12,9,113,0,11.3,2.7,0.1,0,0,0,0,1,0,0,0,1,0
2023-12-14 17:00:00,2173,18,7,6,0,11.3,2.7,0.1,0,0,0,0,1,0,0,0,1,0
2023-12-14 15:00:00,2026,16,6,94,0,11.3,2.7,0.1,0,0,0,0,1,0,0,0,1,0
2023-12-14 20:00:00,1008,21,6,63,0,11.3,2.7,0.1,0,0,0,0,1,0,0,0,1,0
2023-12-14 08:00:00,710,9,6,39,0,11.3,2.7,0.1,0,0,0,0,1,0,0,0,1,0
2023-12-14 19:00:00,1704,20,6,36,0,11.3,2.7,0.1,0,0,0,0,1,0,0,0,1,0
2023-12-14 07:00:00,221,8,6,11,0,11.3,2.7,0.1,0,0,0,0,1,0,0,0,1,0
2023-12-14 21:00:00,846,22,5,74,0,11.3,2.7,0.1,0,0,0,0,1,0,0,0,1,0
2023-12-14 02:00:00,450,3,5,15,0,11.3,2.7,0.1,0,0,0,0,1,0,0,0,1,0
2023-12-14 03:00:00,328,4,4,9,0,11.3,2.7,0.1,0,0,0,0,1,0,0,0,1,0
2023-12-13 20:00:00,843,21,0,60,0,8.5,5.5,1.3,0,0,0,0,0,0,1,0,1,0
2023-12-14 23:00:00,558,0,2,72,0,11.3,2.7,0.1,0,0,0,0,1,0,0,0,1,0
2023-12-15 11:00:00,2344,12,6,164,0,11.3,5.2,0.0,1,0,0,0,0,0,0,0,1,0
2023-12-14 00:00:00,195,1,0,11,0,11.3,2.7,0.1,0,0,0,0,1,0,0,0,1,0
2023-12-14 06:00:00,109,7,0,9,0,11.3,2.7,0.1,0,0,0,0,1,0,0,0,1,0
2023-12-14 05:00:00,52,6,0,6,0,11.3,2.7,0.1,0,0,0,0,1,0,0,0,1,0
2023-12-14 04:00:00,33,5,2,8,0,11.3,2.7,0.1,0,0,0,0,1,0,0,0,1,0
2023-12-13 07:00:00,259,8,0,22,0,8.5,5.5,1.3,0,0,0,0,0,0,1,0,1,0
2023-12-15 03:00:00,86,4,5,2,0,11.3,5.2,0.0,1,0,0,0,0,0,0,0,1,0
2023-12-13 01:00:00,165,2,0,17,0,8.5,5.5,1.3,0,0,0,0,0,0,1,0,1,0
2023-12-14 01:00:00,249,2,1,32,0,11.3,2.7,0.1,0,0,0,0,1,0,0,0,1,0
2023-12-14 18:00:00,1969,19,1,25,0,11.3,2.7,0.1,0,0,0,0,1,0,0,0,1,0
2023-12-15 23:00:00,913,0,3,45,0,11.3,5.2,0.0,1,0,0,0,0,0,0,0,1,0
2023-12-16 12:00:00,3736,13,19,224,0,12.6,8.8,0.0,0,0,1,0,0,0,0,0,1,0
2023-12-17 13:00:00,2023,14,13,244,0,12.6,10.1,0.0,0,0,0,1,0,0,0,0,1,0
2023-12-16 10:00:00,1629,11,17,181,0,12.6,8.8,0.0,0,0,1,0,0,0,0,0,1,0
2023-12-16 09:00:00,821,10,13,159,0,12.6,8.8,0.0,0,0,1,0,0,0,0,0,1,0
2023-12-16 15:00:00,2626,16,12,91,0,12.6,8.8,0.0,0,0,1,0,0,0,0,0,1,0
2023-12-16 03:00:00,763,4,8,25,0,12.6,8.8,0.0,0,0,1,0,0,0,0,0,1,0
2023-12-16 16:00:00,2034,17,8,17,0,12.6,8.8,0.0,0,0,1,0,0,0,0,0,1,0
2023-12-16 17:00:00,2821,18,8,13,0,12.6,8.8,0.0,0,0,1,0,0,0,0,0,1,0
2023-12-17 12:00:00,1989,13,13,204,0,12.6,10.1,0.0,0,0,0,1,0,0,0,0,1,0
2023-12-15 20:00:00,1183,21,0,76,0,11.3,5.2,0.0,1,0,0,0,0,0,0,0,1,0
2023-12-15 00:00:00,562,1,0,60,0,11.3,5.2,0.0,1,0,0,0,0,0,0,0,1,0
2023-12-16 13:00:00,4203,14,25,197,0,12.6,8.8,0.0,0,0,1,0,0,0,0,0,1,0
2023-12-16 14:00:00,3588,15,21,134,0,12.6,8.8,0.0,0,0,1,0,0,0,0,0,1,0
2023-12-17 17:00:00,1719,18,11,114,0,12.6,10.1,0.0,0,0,0,1,0,0,0,0,1,0
2023-12-17 23:00:00,711,0,10,20,0,12.6,10.1,0.0,0,0,0,1,0,0,0,0,1,0
2023-12-17 11:00:00,1186,12,9,162,0,12.6,10.1,0.0,0,0,0,1,0,0,0,0,1,0
2023-12-17 16:00:00,2033,17,8,107,0,12.6,10.1,0.0,0,0,0,1,0,0,0,0,1,0
2023-12-17 20:00:00,1210,21,8,106,0,12.6,10.1,0.0,0,0,0,1,0,0,0,0,1,0
2023-12-17 18:00:00,1381,19,8,103,0,12.6,10.1,0.0,0,0,0,1,0,0,0,0,1,0
2023-12-17 10:00:00,872,11,7,162,0,12.6,10.1,0.0,0,0,0,1,0,0,0,0,1,0
2023-12-17 15:00:00,1825,16,6,204,0,12.6,10.1,0.0,0,0,0,1,0,0,0,0,1,0
2023-12-17 19:00:00,1373,20,4,96,0,12.6,10.1,0.0,0,0,0,1,0,0,0,0,1,0
2023-12-17 09:00:00,404,10,4,82,0,12.6,10.1,0.0,0,0,0,1,0,0,0,0,1,0
2023-12-17 01:00:00,796,2,4,60,0,12.6,10.1,0.0,0,0,0,1,0,0,0,0,1,0
2023-12-17 03:00:00,517,4,4,21,0,12.6,10.1,0.0,0,0,0,1,0,0,0,0,1,0
2023-12-17 21:00:00,605,22,3,128,0,12.6,10.1,0.0,0,0,0,1,0,0,0,0,1,0
2023-12-16 08:00:00,422,9,6,116,0,12.6,8.8,0.0,0,0,1,0,0,0,0,0,1,0
2023-12-17 00:00:00,988,1,1,73,0,12.6,10.1,0.0,0,0,0,1,0,0,0,0,1,0
2023-12-17 08:00:00,246,9,1,72,0,12.6,10.1,0.0,0,0,0,1,0,0,0,0,1,0
2023-12-16 07:00:00,201,8,2,26,0,12.6,8.8,0.0,0,0,1,0,0,0,0,0,1,0
2023-12-16 18:00:00,2460,19,2,12,0,12.6,8.8,0.0,0,0,1,0,0,0,0,0,1,0
2023-12-17 22:00:00,390,23,1,17,0,12.6,10.1,0.0,0,0,0,1,0,0,0,0,1,0
2023-12-16 00:00:00,866,1,5,75,0,12.6,8.8,0.0,0,0,1,0,0,0,0,0,1,0
2023-12-17 05:00:00,94,6,1,13,0,12.6,10.1,0.0,0,0,0,1,0,0,0,0,1,0
2023-12-16 20:00:00,1373,21,5,35,0,12.6,8.8,0.0,0,0,1,0,0,0,0,0,1,0
2023-12-16 19:00:00,1906,20,5,13,0,12.6,8.8,0.0,0,0,1,0,0,0,0,0,1,0
2023-12-16 11:00:00,2444,12,4,135,0,12.6,8.8,0.0,0,0,1,0,0,0,0,0,1,0
2023-12-16 02:00:00,651,3,4,37,0,12.6,8.8,0.0,0,0,1,0,0,0,0,0,1,0
2023-12-16 04:00:00,71,5,0,11,0,12.6,8.8,0.0,0,0,1,0,0,0,0,0,1,0
2023-12-16 21:00:00,1314,22,3,114,0,12.6,8.8,0.0,0,0,1,0,0,0,0,0,1,0
2023-12-16 23:00:00,1165,0,1,136,0,12.6,8.8,0.0,0,0,1,0,0,0,0,0,1,0
2023-12-16 06:00:00,91,7,3,27,0,12.6,8.8,0.0,0,0,1,0,0,0,0,0,1,0
2023-12-16 05:00:00,121,6,3,19,0,12.6,8.8,0.0,0,0,1,0,0,0,0,0,1,0
2023-12-16 01:00:00,719,2,1,64,0,12.6,8.8,0.0,0,0,1,0,0,0,0,0,1,0
2023-12-17 02:00:00,862,3,25,61,0,12.6,10.1,0.0,0,0,0,1,0,0,0,0,1,0
2023-12-16 22:00:00,1434,23,2,136,0,12.6,8.8,0.0,0,0,1,0,0,0,0,0,1,0
2023-12-17 14:00:00,2020,15,15,202,0,12.6,10.1,0.0,0,0,0,1,0,0,0,0,1,0
2023-12-18 13:00:00,3228,14,15,138,0,7.7,10.4,0.0,0,1,0,0,0,0,0,0,1,0
2023-12-18 12:00:00,2914,13,12,201,0,7.7,10.4,0.0,0,1,0,0,0,0,0,0,1,0
2023-12-18 17:00:00,1370,18,12,34,0,7.7,10.4,0.0,0,1,0,0,0,0,0,0,1,0
2023-12-18 20:00:00,1287,21,1,75,0,7.7,10.4,0.0,0,1,0,0,0,0,0,0,1,0
2023-12-18 18:00:00,944,19,1,59,0,7.7,10.4,0.0,0,1,0,0,0,0,0,0,1,0
2023-12-18 01:00:00,208,2,0,24,0,7.7,10.4,0.0,0,1,0,0,0,0,0,0,1,0
2023-12-18 05:00:00,99,6,0,16,0,7.7,10.4,0.0,0,1,0,0,0,0,0,0,1,0
2023-12-18 15:00:00,2127,16,11,231,0,7.7,10.4,0.0,0,1,0,0,0,0,0,0,1,0
2023-12-19 00:00:00,80,1,1,10,0,12.0,3.8,0.0,0,0,0,0,0,1,0,0,1,0
2023-12-17 06:00:00,112,7,0,21,0,12.6,10.1,0.0,0,0,0,1,0,0,0,0,1,0
2023-12-19 01:00:00,82,2,1,8,0,12.0,3.8,0.0,0,0,0,0,0,1,0,0,1,0
2023-12-18 02:00:00,255,3,5,13,0,7.7,10.4,0.0,0,1,0,0,0,0,0,0,1,0
2023-12-18 03:00:00,74,4,5,13,0,7.7,10.4,0.0,0,1,0,0,0,0,0,0,1,0
2023-12-18 22:00:00,791,23,4,47,0,7.7,10.4,0.0,0,1,0,0,0,0,0,0,1,0
2023-12-18 00:00:00,469,1,3,25,0,7.7,10.4,0.0,0,1,0,0,0,0,0,0,1,0
2023-12-18 23:00:00,219,0,2,6,0,7.7,10.4,0.0,0,1,0,0,0,0,0,0,1,0
2023-12-18 04:00:00,24,5,2,6,0,7.7,10.4,0.0,0,1,0,0,0,0,0,0,1,0
2023-12-17 07:00:00,161,8,0,19,0,12.6,10.1,0.0,0,0,0,1,0,0,0,0,1,0
2023-12-19 16:00:00,2050,17,15,73,0,12.0,3.8,0.0,0,0,0,0,0,1,0,0,1,0
2023-12-19 08:00:00,658,9,14,63,0,12.0,3.8,0.0,0,0,0,0,0,1,0,0,1,0
2023-12-19 12:00:00,3130,13,14,17,0,12.0,3.8,0.0,0,0,0,0,0,1,0,0,1,0
2023-12-19 17:00:00,1946,18,10,104,0,12.0,3.8,0.0,0,0,0,0,0,1,0,0,1,0
2023-12-19 02:00:00,71,3,9,4,0,12.0,3.8,0.0,0,0,0,0,0,1,0,0,1,0
2023-12-19 04:00:00,30,5,9,3,0,12.0,3.8,0.0,0,0,0,0,0,1,0,0,1,0
2023-12-19 18:00:00,1405,19,8,134,0,12.0,3.8,0.0,0,0,0,0,0,1,0,0,1,0
2023-12-19 07:00:00,260,8,7,18,0,12.0,3.8,0.0,0,0,0,0,0,1,0,0,1,0
2023-12-19 03:00:00,23,4,7,0,0,12.0,3.8,0.0,0,0,0,0,0,1,0,0,1,0
2023-12-19 21:00:00,638,22,6,91,0,12.0,3.8,0.0,0,0,0,0,0,1,0,0,1,0
2023-12-19 20:00:00,802,21,5,84,0,12.0,3.8,0.0,0,0,0,0,0,1,0,0,1,0
2023-12-17 04:00:00,38,5,0,9,0,12.6,10.1,0.0,0,0,0,1,0,0,0,0,1,0
2023-12-19 23:00:00,478,0,5,81,0,12.0,3.8,0.0,0,0,0,0,0,1,0,0,1,0
2023-12-19 06:00:00,160,7,5,27,0,12.0,3.8,0.0,0,0,0,0,0,1,0,0,1,0
2023-12-18 08:00:00,750,9,10,240,0,7.7,10.4,0.0,0,1,0,0,0,0,0,0,1,0
2023-12-18 16:00:00,2409,17,10,146,0,7.7,10.4,0.0,0,1,0,0,0,0,0,0,1,0
2023-12-18 09:00:00,1148,10,8,215,0,7.7,10.4,0.0,0,1,0,0,0,0,0,0,1,0
2023-12-18 07:00:00,296,8,8,54,0,7.7,10.4,0.0,0,1,0,0,0,0,0,0,1,0
2023-12-18 19:00:00,1041,20,7,45,0,7.7,10.4,0.0,0,1,0,0,0,0,0,0,1,0
2023-12-18 06:00:00,161,7,7,26,0,7.7,10.4,0.0,0,1,0,0,0,0,0,0,1,0
2023-12-18 21:00:00,674,22,7,25,0,7.7,10.4,0.0,0,1,0,0,0,0,0,0,1,0
2023-12-19 14:00:00,2135,15,42,281,0,12.0,3.8,0.0,0,0,0,0,0,1,0,0,1,0
2023-12-19 19:00:00,827,20,4,111,0,12.0,3.8,0.0,0,0,0,0,0,1,0,0,1,0
2023-12-19 13:00:00,3117,14,37,188,0,12.0,3.8,0.0,0,0,0,0,0,1,0,0,1,0
2023-12-19 10:00:00,1789,11,29,204,0,12.0,3.8,0.0,0,0,0,0,0,1,0,0,1,0
2023-12-19 15:00:00,1923,16,26,259,0,12.0,3.8,0.0,0,0,0,0,0,1,0,0,1,0
2023-12-19 11:00:00,2274,12,26,199,0,12.0,3.8,0.0,0,0,0,0,0,1,0,0,1,0
2023-12-19 09:00:00,1020,10,16,139,0,12.0,3.8,0.0,0,0,0,0,0,1,0,0,1,0
2023-12-19 05:00:00,71,6,2,7,0,12.0,3.8,0.0,0,0,0,0,0,1,0,0,1,0
2023-12-19 22:00:00,527,23,0,79,0,12.0,3.8,0.0,0,0,0,0,0,1,0,0,1,0
2023-12-18 11:00:00,2135,12,25,286,0,7.7,10.4,0.0,0,1,0,0,0,0,0,0,1,0
2023-12-18 14:00:00,2583,15,25,159,0,7.7,10.4,0.0,0,1,0,0,0,0,0,0,1,0
2023-12-18 10:00:00,1795,11,20,228,0,7.7,10.4,0.0,0,1,0,0,0,0,0,0,1,0
2023-12-20 06:00:00,136,7,1,17,0,9.5,3.8,0.4,0,0,0,0,0,0,1,0,1,0
2023-12-20 03:00:00,47,4,1,13,0,9.5,3.8,0.4,0,0,0,0,0,0,1,0,1,0
2023-12-20 05:00:00,91,6,1,5,0,9.5,3.8,0.4,0,0,0,0,0,0,1,0,1,0
2023-12-21 13:00:00,3151,14,26,146,0,8.9,4.7,1.2,0,0,0,0,1,0,0,0,1,0
2023-12-20 10:00:00,1441,11,4,112,0,9.5,3.8,0.4,0,0,0,0,0,0,1,0,1,0
2023-12-20 17:00:00,1940,18,10,61,0,9.5,3.8,0.4,0,0,0,0,0,0,1,0,1,0
2023-12-20 18:00:00,1713,19,9,113,0,9.5,3.8,0.4,0,0,0,0,0,0,1,0,1,0
2023-12-20 19:00:00,1193,20,8,138,0,9.5,3.8,0.4,0,0,0,0,0,0,1,0,1,0
2023-12-20 07:00:00,333,8,6,40,0,9.5,3.8,0.4,0,0,0,0,0,0,1,0,1,0
2023-12-20 16:00:00,2304,17,6,39,0,9.5,3.8,0.4,0,0,0,0,0,0,1,0,1,0
2023-12-21 14:00:00,2524,15,23,195,0,8.9,4.7,1.2,0,0,0,0,1,0,0,0,1,0
2023-12-21 01:00:00,216,2,0,21,0,8.9,4.7,1.2,0,0,0,0,1,0,0,0,1,0
2023-12-20 01:00:00,169,2,0,40,0,9.5,3.8,0.4,0,0,0,0,0,0,1,0,1,0
2023-12-20 04:00:00,13,5,0,4,0,9.5,3.8,0.4,0,0,0,0,0,0,1,0,1,0
2023-12-21 09:00:00,1084,10,18,132,0,8.9,4.7,1.2,0,0,0,0,1,0,0,0,1,0
2023-12-21 06:00:00,117,7,0,16,0,8.9,4.7,1.2,0,0,0,0,1,0,0,0,1,0
2023-12-21 12:00:00,3019,13,7,143,0,8.9,4.7,1.2,0,0,0,0,1,0,0,0,1,0
2023-12-21 15:00:00,2228,16,16,149,0,8.9,4.7,1.2,0,0,0,0,1,0,0,0,1,0
2023-12-20 14:00:00,2257,15,59,268,0,9.5,3.8,0.4,0,0,0,0,0,0,1,0,1,0
2023-12-20 20:00:00,846,21,2,131,0,9.5,3.8,0.4,0,0,0,0,0,0,1,0,1,0
2023-12-20 00:00:00,338,1,2,55,0,9.5,3.8,0.4,0,0,0,0,0,0,1,0,1,0
2023-12-20 02:00:00,187,3,2,13,0,9.5,3.8,0.4,0,0,0,0,0,0,1,0,1,0
2023-12-20 21:00:00,1014,22,1,95,0,9.5,3.8,0.4,0,0,0,0,0,0,1,0,1,0
2023-12-20 22:00:00,621,23,1,68,0,9.5,3.8,0.4,0,0,0,0,0,0,1,0,1,0
2023-12-20 23:00:00,339,0,1,50,0,9.5,3.8,0.4,0,0,0,0,0,0,1,0,1,0
2023-12-21 10:00:00,1735,11,16,128,0,8.9,4.7,1.2,0,0,0,0,1,0,0,0,1,0
2023-12-20 13:00:00,2943,14,52,299,0,9.5,3.8,0.4,0,0,0,0,0,0,1,0,1,0
2023-12-20 12:00:00,2792,13,30,267,0,9.5,3.8,0.4,0,0,0,0,0,0,1,0,1,0
2023-12-20 11:00:00,1938,12,21,268,0,9.5,3.8,0.4,0,0,0,0,0,0,1,0,1,0
2023-12-20 09:00:00,1324,10,18,142,0,9.5,3.8,0.4,0,0,0,0,0,0,1,0,1,0
2023-12-20 08:00:00,714,9,13,119,0,9.5,3.8,0.4,0,0,0,0,0,0,1,0,1,0
2023-12-20 15:00:00,1863,16,13,83,0,9.5,3.8,0.4,0,0,0,0,0,0,1,0,1,0
2023-12-21 04:00:00,40,5,0,5,0,8.9,4.7,1.2,0,0,0,0,1,0,0,0,1,0
2023-12-21 03:00:00,97,4,0,4,0,8.9,4.7,1.2,0,0,0,0,1,0,0,0,1,0
2023-12-21 23:00:00,593,0,1,87,0,8.9,4.7,1.2,0,0,0,0,1,0,0,0,1,0
2023-12-21 11:00:00,2131,12,11,136,0,8.9,4.7,1.2,0,0,0,0,1,0,0,0,1,0
2023-12-21 20:00:00,582,21,11,14,0,8.9,4.7,1.2,0,0,0,0,1,0,0,0,1,0
2023-12-21 16:00:00,2314,17,9,25,0,8.9,4.7,1.2,0,0,0,0,1,0,0,0,1,0
2023-12-21 17:00:00,863,18,9,7,0,8.9,4.7,1.2,0,0,0,0,1,0,0,0,1,0
2023-12-21 21:00:00,544,22,8,45,0,8.9,4.7,1.2,0,0,0,0,1,0,0,0,1,0
2023-12-21 19:00:00,1014,20,6,78,0,8.9,4.7,1.2,0,0,0,0,1,0,0,0,1,0
2023-12-21 22:00:00,616,23,5,97,0,8.9,4.7,1.2,0,0,0,0,1,0,0,0,1,0
2023-12-21 07:00:00,154,8,1,20,0,8.9,4.7,1.2,0,0,0,0,1,0,0,0,1,0
2023-12-21 08:00:00,698,9,5,64,0,8.9,4.7,1.2,0,0,0,0,1,0,0,0,1,0
2023-12-21 02:00:00,359,3,1,11,0,8.9,4.7,1.2,0,0,0,0,1,0,0,0,1,0
2023-12-21 05:00:00,84,6,1,3,0,8.9,4.7,1.2,0,0,0,0,1,0,0,0,1,0
2023-12-21 18:00:00,387,19,4,7,0,8.9,4.7,1.2,0,0,0,0,1,0,0,0,1,0
2023-12-21 00:00:00,404,1,0,51,0,8.9,4.7,1.2,0,0,0,0,1,0,0,0,1,0
2023-12-23 13:00:00,2510,14,11,236,0,10.3,3.5,3.6,0,0,1,0,0,0,0,0,1,0
2023-12-23 14:00:00,3057,15,11,168,0,10.3,3.5,3.6,0,0,1,0,0,0,0,0,1,0
2023-12-23 01:00:00,214,2,1,6,0,10.3,3.5,3.6,0,0,1,0,0,0,0,0,1,0
2023-12-23 09:00:00,791,10,8,121,0,10.3,3.5,3.6,0,0,1,0,0,0,0,0,1,0
2023-12-23 02:00:00,145,3,7,14,0,10.3,3.5,3.6,0,0,1,0,0,0,0,0,1,0
2023-12-23 12:00:00,2573,13,6,123,0,10.3,3.5,3.6,0,0,1,0,0,0,0,0,1,0
2023-12-23 17:00:00,1520,18,5,9,0,10.3,3.5,3.6,0,0,1,0,0,0,0,0,1,0
2023-12-23 03:00:00,87,4,4,3,0,10.3,3.5,3.6,0,0,1,0,0,0,0,0,1,0
2023-12-22 10:00:00,2141,11,26,187,0,12.1,6.4,14.3,1,0,0,0,0,0,0,0,1,0
2023-12-23 06:00:00,39,7,1,6,0,10.3,3.5,3.6,0,0,1,0,0,0,0,0,1,0
2023-12-23 08:00:00,314,9,0,22,0,10.3,3.5,3.6,0,0,1,0,0,0,0,0,1,0
2023-12-22 21:00:00,829,22,0,22,0,12.1,6.4,14.3,1,0,0,0,0,0,0,0,1,0
2023-12-22 05:00:00,131,6,0,15,0,12.1,6.4,14.3,1,0,0,0,0,0,0,0,1,0
2023-12-22 23:00:00,589,0,0,8,0,12.1,6.4,14.3,1,0,0,0,0,0,0,0,1,0
2023-12-22 04:00:00,46,5,0,5,0,12.1,6.4,14.3,1,0,0,0,0,0,0,0,1,0
2023-12-23 11:00:00,2055,12,52,215,0,10.3,3.5,3.6,0,0,1,0,0,0,0,0,1,0
2023-12-23 10:00:00,1226,11,22,142,0,10.3,3.5,3.6,0,0,1,0,0,0,0,0,1,0
2023-12-23 15:00:00,2826,16,13,66,0,10.3,3.5,3.6,0,0,1,0,0,0,0,0,1,0
2023-12-23 19:00:00,865,20,1,5,0,10.3,3.5,3.6,0,0,1,0,0,0,0,0,1,0
2023-12-22 13:00:00,3375,14,25,193,0,12.1,6.4,14.3,1,0,0,0,0,0,0,0,1,0
2023-12-23 20:00:00,716,21,1,5,0,10.3,3.5,3.6,0,0,1,0,0,0,0,0,1,0
2023-12-23 22:00:00,576,23,0,12,0,10.3,3.5,3.6,0,0,1,0,0,0,0,0,1,0
2023-12-23 00:00:00,400,1,0,9,0,10.3,3.5,3.6,0,0,1,0,0,0,0,0,1,0
2023-12-23 07:00:00,101,8,0,5,0,10.3,3.5,3.6,0,0,1,0,0,0,0,0,1,0
2023-12-24 16:00:00,1324,17,13,80,0,4.8,2.8,0.0,0,0,0,1,0,0,0,0,1,0
2023-12-24 11:00:00,923,12,12,114,0,4.8,2.8,0.0,0,0,0,1,0,0,0,0,1,0
2023-12-22 02:00:00,221,3,7,24,0,12.1,6.4,14.3,1,0,0,0,0,0,0,0,1,0
2023-12-22 14:00:00,3741,15,24,193,0,12.1,6.4,14.3,1,0,0,0,0,0,0,0,1,0
2023-12-23 21:00:00,529,22,1,5,0,10.3,3.5,3.6,0,0,1,0,0,0,0,0,1,0
2023-12-22 01:00:00,140,2,2,19,0,12.1,6.4,14.3,1,0,0,0,0,0,0,0,1,0
2023-12-22 07:00:00,283,8,1,22,0,12.1,6.4,14.3,1,0,0,0,0,0,0,0,1,0
2023-12-22 22:00:00,869,23,1,15,0,12.1,6.4,14.3,1,0,0,0,0,0,0,0,1,0
2023-12-22 09:00:00,1442,10,22,245,0,12.1,6.4,14.3,1,0,0,0,0,0,0,0,1,0
2023-12-23 16:00:00,2082,17,2,4,0,10.3,3.5,3.6,0,0,1,0,0,0,0,0,1,0
2023-12-22 12:00:00,3903,13,22,181,0,12.1,6.4,14.3,1,0,0,0,0,0,0,0,1,0
2023-12-22 15:00:00,2609,16,20,255,0,12.1,6.4,14.3,1,0,0,0,0,0,0,0,1,0
2023-12-23 05:00:00,33,6,1,10,0,10.3,3.5,3.6,0,0,1,0,0,0,0,0,1,0
2023-12-23 04:00:00,30,5,1,7,0,10.3,3.5,3.6,0,0,1,0,0,0,0,0,1,0
2023-12-23 18:00:00,1362,19,1,6,0,10.3,3.5,3.6,0,0,1,0,0,0,0,0,1,0
2023-12-22 16:00:00,2688,17,18,35,0,12.1,6.4,14.3,1,0,0,0,0,0,0,0,1,0
2023-12-22 11:00:00,2745,12,17,215,0,12.1,6.4,14.3,1,0,0,0,0,0,0,0,1,0
2023-12-22 06:00:00,129,7,4,20,0,12.1,6.4,14.3,1,0,0,0,0,0,0,0,1,0
2023-12-22 08:00:00,681,9,14,127,0,12.1,6.4,14.3,1,0,0,0,0,0,0,0,1,0
2023-12-22 17:00:00,2030,18,14,41,0,12.1,6.4,14.3,1,0,0,0,0,0,0,0,1,0
2023-12-22 18:00:00,1707,19,13,29,0,12.1,6.4,14.3,1,0,0,0,0,0,0,0,1,0
2023-12-22 19:00:00,1402,20,11,59,0,12.1,6.4,14.3,1,0,0,0,0,0,0,0,1,0
2023-12-23 23:00:00,624,0,0,78,0,10.3,3.5,3.6,0,0,1,0,0,0,0,0,1,0
2023-12-22 00:00:00,312,1,3,48,0,12.1,6.4,14.3,1,0,0,0,0,0,0,0,1,0
2023-12-22 20:00:00,1181,21,3,43,0,12.1,6.4,14.3,1,0,0,0,0,0,0,0,1,0
2023-12-22 03:00:00,49,4,3,7,0,12.1,6.4,14.3,1,0,0,0,0,0,0,0,1,0
2023-12-25 08:00:00,21,9,3,4,1,6.3,0.4,3.4,0,1,0,0,0,0,0,0,1,0
2023-12-24 23:00:00,125,0,0,15,0,4.8,2.8,0.0,0,0,0,1,0,0,0,0,1,0
2023-12-25 04:00:00,3,5,0,0,1,6.3,0.4,3.4,0,1,0,0,0,0,0,0,1,0
2023-12-25 05:00:00,3,6,0,0,1,6.3,0.4,3.4,0,1,0,0,0,0,0,0,1,0
2023-12-24 04:00:00,70,5,0,9,0,4.8,2.8,0.0,0,0,0,1,0,0,0,0,1,0
2023-12-25 03:00:00,2,4,0,0,1,6.3,0.4,3.4,0,1,0,0,0,0,0,0,1,0
2023-12-24 05:00:00,84,6,0,8,0,4.8,2.8,0.0,0,0,0,1,0,0,0,0,1,0
2023-12-25 16:00:00,121,17,1,27,1,6.3,0.4,3.4,0,1,0,0,0,0,0,0,1,0
2023-12-24 19:00:00,377,20,2,67,0,4.8,2.8,0.0,0,0,0,1,0,0,0,0,1,0
2023-12-24 03:00:00,318,4,2,25,0,4.8,2.8,0.0,0,0,0,1,0,0,0,0,1,0
2023-12-24 08:00:00,264,9,1,51,0,4.8,2.8,0.0,0,0,0,1,0,0,0,0,1,0
2023-12-24 17:00:00,781,18,1,49,0,4.8,2.8,0.0,0,0,0,1,0,0,0,0,1,0
2023-12-24 20:00:00,329,21,1,48,0,4.8,2.8,0.0,0,0,0,1,0,0,0,0,1,0
2023-12-24 02:00:00,366,3,1,37,0,4.8,2.8,0.0,0,0,0,1,0,0,0,0,1,0
2023-12-24 21:00:00,115,22,1,32,0,4.8,2.8,0.0,0,0,0,1,0,0,0,0,1,0
2023-12-24 07:00:00,152,8,1,30,0,4.8,2.8,0.0,0,0,0,1,0,0,0,0,1,0
2023-12-24 06:00:00,51,7,1,4,0,4.8,2.8,0.0,0,0,0,1,0,0,0,0,1,0
2023-12-25 01:00:00,44,2,1,18,1,6.3,0.4,3.4,0,1,0,0,0,0,0,0,1,0
2023-12-24 12:00:00,1704,13,10,122,0,4.8,2.8,0.0,0,0,0,1,0,0,0,0,1,0
2023-12-24 14:00:00,1663,15,10,112,0,4.8,2.8,0.0,0,0,0,1,0,0,0,0,1,0
2023-12-25 13:00:00,162,14,2,64,1,6.3,0.4,3.4,0,1,0,0,0,0,0,0,1,0
2023-12-25 10:00:00,82,11,8,13,1,6.3,0.4,3.4,0,1,0,0,0,0,0,0,1,0
2023-12-25 12:00:00,118,13,5,67,1,6.3,0.4,3.4,0,1,0,0,0,0,0,0,1,0
2023-12-25 14:00:00,131,15,4,52,1,6.3,0.4,3.4,0,1,0,0,0,0,0,0,1,0
2023-12-25 15:00:00,147,16,3,56,1,6.3,0.4,3.4,0,1,0,0,0,0,0,0,1,0
2023-12-25 09:00:00,50,10,1,6,1,6.3,0.4,3.4,0,1,0,0,0,0,0,0,1,0
2023-12-25 17:00:00,162,18,2,25,1,6.3,0.4,3.4,0,1,0,0,0,0,0,0,1,0
2023-12-25 20:00:00,86,21,2,14,1,6.3,0.4,3.4,0,1,0,0,0,0,0,0,1,0
2023-12-25 11:00:00,83,12,2,14,1,6.3,0.4,3.4,0,1,0,0,0,0,0,0,1,0
2023-12-25 18:00:00,99,19,0,18,1,6.3,0.4,3.4,0,1,0,0,0,0,0,0,1,0
2023-12-25 19:00:00,54,20,0,16,1,6.3,0.4,3.4,0,1,0,0,0,0,0,0,1,0
2023-12-25 22:00:00,39,23,0,15,1,6.3,0.4,3.4,0,1,0,0,0,0,0,0,1,0
2023-12-25 21:00:00,66,22,0,13,1,6.3,0.4,3.4,0,1,0,0,0,0,0,0,1,0
2023-12-25 00:00:00,75,1,0,12,1,6.3,0.4,3.4,0,1,0,0,0,0,0,0,1,0
2023-12-25 23:00:00,38,0,0,6,1,6.3,0.4,3.4,0,1,0,0,0,0,0,0,1,0
2023-12-25 07:00:00,18,8,0,4,1,6.3,0.4,3.4,0,1,0,0,0,0,0,0,1,0
2023-12-25 02:00:00,7,3,0,4,1,6.3,0.4,3.4,0,1,0,0,0,0,0,0,1,0
2023-12-24 10:00:00,878,11,8,172,0,4.8,2.8,0.0,0,0,0,1,0,0,0,0,1,0
2023-12-26 14:00:00,2161,15,13,6,1,8.8,0.4,14.8,0,0,0,0,0,1,0,0,1,0
2023-12-25 06:00:00,12,7,2,1,1,6.3,0.4,3.4,0,1,0,0,0,0,0,0,1,0
2023-12-24 13:00:00,1829,14,7,126,0,4.8,2.8,0.0,0,0,0,1,0,0,0,0,1,0
2023-12-26 08:00:00,182,9,11,30,1,8.8,0.4,14.8,0,0,0,0,0,1,0,0,1,0
2023-12-26 09:00:00,363,10,9,85,1,8.8,0.4,14.8,0,0,0,0,0,1,0,0,1,0
2023-12-24 15:00:00,1199,16,6,162,0,4.8,2.8,0.0,0,0,0,1,0,0,0,0,1,0
2023-12-24 01:00:00,356,2,0,50,0,4.8,2.8,0.0,0,0,0,1,0,0,0,0,1,0
2023-12-24 22:00:00,170,23,0,22,0,4.8,2.8,0.0,0,0,0,1,0,0,0,0,1,0
2023-12-24 09:00:00,381,10,4,106,0,4.8,2.8,0.0,0,0,0,1,0,0,0,0,1,0
2023-12-24 18:00:00,620,19,3,60,0,4.8,2.8,0.0,0,0,0,1,0,0,0,0,1,0
2023-12-24 00:00:00,422,1,3,59,0,4.8,2.8,0.0,0,0,0,1,0,0,0,0,1,0
2023-12-26 23:00:00,302,0,0,54,1,8.8,0.4,14.8,0,0,0,0,0,1,0,0,1,0
2023-12-28 14:00:00,2928,15,8,82,0,5.3,3.4,19.9,0,0,0,0,1,0,0,0,1,0
2023-12-27 23:00:00,81,0,2,4,0,8.3,-4.0,22.5,0,0,0,0,0,0,1,0,1,0
2023-12-27 18:00:00,908,19,0,55,0,8.3,-4.0,22.5,0,0,0,0,0,0,1,0,1,0
2023-12-27 19:00:00,745,20,0,51,0,8.3,-4.0,22.5,0,0,0,0,0,0,1,0,1,0
2023-12-27 22:00:00,324,23,0,26,0,8.3,-4.0,22.5,0,0,0,0,0,0,1,0,1,0
2023-12-27 00:00:00,184,1,0,24,0,8.3,-4.0,22.5,0,0,0,0,0,0,1,0,1,0
2023-12-27 08:00:00,146,9,0,19,0,8.3,-4.0,22.5,0,0,0,0,0,0,1,0,1,0
2023-12-27 07:00:00,55,8,0,5,0,8.3,-4.0,22.5,0,0,0,0,0,0,1,0,1,0
2023-12-26 18:00:00,1322,19,1,78,1,8.8,0.4,14.8,0,0,0,0,0,1,0,0,1,0
2023-12-26 07:00:00,138,8,1,12,1,8.8,0.4,14.8,0,0,0,0,0,1,0,0,1,0
2023-12-26 03:00:00,17,4,1,3,1,8.8,0.4,14.8,0,0,0,0,0,1,0,0,1,0
2023-12-26 00:00:00,22,1,1,0,1,8.8,0.4,14.8,0,0,0,0,0,1,0,0,1,0
2023-12-26 21:00:00,472,22,0,80,1,8.8,0.4,14.8,0,0,0,0,0,1,0,0,1,0
2023-12-26 22:00:00,402,23,0,57,1,8.8,0.4,14.8,0,0,0,0,0,1,0,0,1,0
2023-12-27 12:00:00,749,13,9,95,0,8.3,-4.0,22.5,0,0,0,0,0,0,1,0,1,0
2023-12-27 10:00:00,495,11,1,134,0,8.3,-4.0,22.5,0,0,0,0,0,0,1,0,1,0
2023-12-27 16:00:00,1302,17,1,93,0,8.3,-4.0,22.5,0,0,0,0,0,0,1,0,1,0
2023-12-27 03:00:00,304,4,1,28,0,8.3,-4.0,22.5,0,0,0,0,0,0,1,0,1,0
2023-12-27 06:00:00,27,7,0,2,0,8.3,-4.0,22.5,0,0,0,0,0,0,1,0,1,0
2023-12-26 10:00:00,751,11,4,117,1,8.8,0.4,14.8,0,0,0,0,0,1,0,0,1,0
2023-12-27 04:00:00,24,5,8,21,0,8.3,-4.0,22.5,0,0,0,0,0,0,1,0,1,0
2023-12-28 13:00:00,3018,14,26,123,0,5.3,3.4,19.9,0,0,0,0,1,0,0,0,1,0
2023-12-28 15:00:00,2179,16,25,13,0,5.3,3.4,19.9,0,0,0,0,1,0,0,0,1,0
2023-12-28 12:00:00,2276,13,19,177,0,5.3,3.4,19.9,0,0,0,0,1,0,0,0,1,0
2023-12-28 10:00:00,1310,11,13,158,0,5.3,3.4,19.9,0,0,0,0,1,0,0,0,1,0
2023-12-28 11:00:00,2032,12,10,164,0,5.3,3.4,19.9,0,0,0,0,1,0,0,0,1,0
2023-12-26 16:00:00,1390,17,4,39,1,8.8,0.4,14.8,0,0,0,0,0,1,0,0,1,0
2023-12-26 15:00:00,1768,16,4,1,1,8.8,0.4,14.8,0,0,0,0,0,1,0,0,1,0
2023-12-26 06:00:00,29,7,0,7,1,8.8,0.4,14.8,0,0,0,0,0,1,0,0,1,0
2023-12-26 05:00:00,19,6,0,4,1,8.8,0.4,14.8,0,0,0,0,0,1,0,0,1,0
2023-12-26 02:00:00,25,3,0,2,1,8.8,0.4,14.8,0,0,0,0,0,1,0,0,1,0
2023-12-26 04:00:00,13,5,0,1,1,8.8,0.4,14.8,0,0,0,0,0,1,0,0,1,0
2023-12-26 01:00:00,12,2,0,0,1,8.8,0.4,14.8,0,0,0,0,0,1,0,0,1,0
2023-12-27 13:00:00,1050,14,6,107,0,8.3,-4.0,22.5,0,0,0,0,0,0,1,0,1,0
2023-12-26 19:00:00,448,20,3,52,1,8.8,0.4,14.8,0,0,0,0,0,1,0,0,1,0
2023-12-27 14:00:00,1408,15,4,203,0,8.3,-4.0,22.5,0,0,0,0,0,0,1,0,1,0
2023-12-28 16:00:00,1288,17,5,16,0,5.3,3.4,19.9,0,0,0,0,1,0,0,0,1,0
2023-12-26 12:00:00,1805,13,2,164,1,8.8,0.4,14.8,0,0,0,0,0,1,0,0,1,0
2023-12-26 11:00:00,1364,12,2,134,1,8.8,0.4,14.8,0,0,0,0,0,1,0,0,1,0
2023-12-26 20:00:00,458,21,2,83,1,8.8,0.4,14.8,0,0,0,0,0,1,0,0,1,0
2023-12-26 13:00:00,2198,14,2,80,1,8.8,0.4,14.8,0,0,0,0,0,1,0,0,1,0
2023-12-26 17:00:00,1416,18,2,79,1,8.8,0.4,14.8,0,0,0,0,0,1,0,0,1,0
2023-12-28 08:00:00,353,9,2,63,0,5.3,3.4,19.9,0,0,0,0,1,0,0,0,1,0
2023-12-28 17:00:00,1188,18,2,6,0,5.3,3.4,19.9,0,0,0,0,1,0,0,0,1,0
2023-12-27 17:00:00,1336,18,4,35,0,8.3,-4.0,22.5,0,0,0,0,0,0,1,0,1,0
2023-12-27 15:00:00,1230,16,3,157,0,8.3,-4.0,22.5,0,0,0,0,0,0,1,0,1,0
2023-12-27 21:00:00,550,22,3,53,0,8.3,-4.0,22.5,0,0,0,0,0,0,1,0,1,0
2023-12-27 11:00:00,506,12,2,163,0,8.3,-4.0,22.5,0,0,0,0,0,0,1,0,1,0
2023-12-27 09:00:00,351,10,2,51,0,8.3,-4.0,22.5,0,0,0,0,0,0,1,0,1,0
2023-12-27 20:00:00,642,21,2,40,0,8.3,-4.0,22.5,0,0,0,0,0,0,1,0,1,0
2023-12-27 01:00:00,148,2,2,22,0,8.3,-4.0,22.5,0,0,0,0,0,0,1,0,1,0
2023-12-27 02:00:00,389,3,2,19,0,8.3,-4.0,22.5,0,0,0,0,0,0,1,0,1,0
2023-12-27 05:00:00,29,6,2,10,0,8.3,-4.0,22.5,0,0,0,0,0,0,1,0,1,0
2023-12-28 09:00:00,699,10,1,110,0,5.3,3.4,19.9,0,0,0,0,1,0,0,0,1,0
2023-12-28 22:00:00,479,23,1,74,0,5.3,3.4,19.9,0,0,0,0,1,0,0,0,1,0
2023-12-28 21:00:00,674,22,1,59,0,5.3,3.4,19.9,0,0,0,0,1,0,0,0,1,0
2023-12-28 07:00:00,163,8,1,21,0,5.3,3.4,19.9,0,0,0,0,1,0,0,0,1,0
2023-12-28 18:00:00,1009,19,1,5,0,5.3,3.4,19.9,0,0,0,0,1,0,0,0,1,0
2023-12-29 15:00:00,2989,16,24,279,0,6.8,3.0,0.1,1,0,0,0,0,0,0,0,1,0
2023-12-28 23:00:00,497,0,0,41,0,5.3,3.4,19.9,0,0,0,0,1,0,0,0,1,0
2023-12-30 13:00:00,1631,14,6,118,0,8.1,-0.4,9.2,0,0,1,0,0,0,0,0,1,0
2023-12-30 14:00:00,1365,15,6,107,0,8.1,-0.4,9.2,0,0,1,0,0,0,0,0,1,0
2023-12-29 22:00:00,921,23,1,103,0,6.8,3.0,0.1,1,0,0,0,0,0,0,0,1,0
2023-12-30 08:00:00,313,9,6,36,0,8.1,-0.4,9.2,0,0,1,0,0,0,0,0,1,0
2023-12-29 23:00:00,478,0,1,80,0,6.8,3.0,0.1,1,0,0,0,0,0,0,0,1,0
2023-12-29 00:00:00,297,1,4,25,0,6.8,3.0,0.1,1,0,0,0,0,0,0,0,1,0
2023-12-29 20:00:00,832,21,3,101,0,6.8,3.0,0.1,1,0,0,0,0,0,0,0,1,0
2023-12-29 19:00:00,1236,20,2,109,0,6.8,3.0,0.1,1,0,0,0,0,0,0,0,1,0
2023-12-29 21:00:00,758,22,2,78,0,6.8,3.0,0.1,1,0,0,0,0,0,0,0,1,0
2023-12-29 06:00:00,84,7,2,15,0,6.8,3.0,0.1,1,0,0,0,0,0,0,0,1,0
2023-12-29 08:00:00,450,9,1,80,0,6.8,3.0,0.1,1,0,0,0,0,0,0,0,1,0
2023-12-29 13:00:00,3056,14,19,226,0,6.8,3.0,0.1,1,0,0,0,0,0,0,0,1,0
2023-12-29 07:00:00,189,8,1,22,0,6.8,3.0,0.1,1,0,0,0,0,0,0,0,1,0
2023-12-29 05:00:00,64,6,1,5,0,6.8,3.0,0.1,1,0,0,0,0,0,0,0,1,0
2023-12-29 02:00:00,82,3,1,4,0,6.8,3.0,0.1,1,0,0,0,0,0,0,0,1,0
2023-12-30 09:00:00,553,10,5,84,0,8.1,-0.4,9.2,0,0,1,0,0,0,0,0,1,0
2023-12-30 21:00:00,555,22,1,41,0,8.1,-0.4,9.2,0,0,1,0,0,0,0,0,1,0
2023-12-30 20:00:00,666,21,1,29,0,8.1,-0.4,9.2,0,0,1,0,0,0,0,0,1,0
2023-12-30 15:00:00,1546,16,1,26,0,8.1,-0.4,9.2,0,0,1,0,0,0,0,0,1,0
2023-12-30 07:00:00,123,8,1,22,0,8.1,-0.4,9.2,0,0,1,0,0,0,0,0,1,0
2023-12-30 06:00:00,85,7,1,11,0,8.1,-0.4,9.2,0,0,1,0,0,0,0,0,1,0
2023-12-29 11:00:00,2034,12,17,186,0,6.8,3.0,0.1,1,0,0,0,0,0,0,0,1,0
2023-12-28 20:00:00,561,21,0,15,0,5.3,3.4,19.9,0,0,0,0,1,0,0,0,1,0
2023-12-29 01:00:00,119,2,0,4,0,6.8,3.0,0.1,1,0,0,0,0,0,0,0,1,0
2023-12-29 03:00:00,24,4,0,2,0,6.8,3.0,0.1,1,0,0,0,0,0,0,0,1,0
2023-12-29 04:00:00,16,5,0,2,0,6.8,3.0,0.1,1,0,0,0,0,0,0,0,1,0
2023-12-30 11:00:00,1154,12,16,79,0,8.1,-0.4,9.2,0,0,1,0,0,0,0,0,1,0
2023-12-30 10:00:00,984,11,9,101,0,8.1,-0.4,9.2,0,0,1,0,0,0,0,0,1,0
2023-12-30 12:00:00,1959,13,8,112,0,8.1,-0.4,9.2,0,0,1,0,0,0,0,0,1,0
2023-12-29 16:00:00,2714,17,12,32,0,6.8,3.0,0.1,1,0,0,0,0,0,0,0,1,0
2023-12-28 00:00:00,83,1,0,10,0,5.3,3.4,19.9,0,0,0,0,1,0,0,0,1,0
2023-12-28 04:00:00,9,5,0,8,0,5.3,3.4,19.9,0,0,0,0,1,0,0,0,1,0
2023-12-28 19:00:00,565,20,0,7,0,5.3,3.4,19.9,0,0,0,0,1,0,0,0,1,0
2023-12-30 02:00:00,282,3,4,17,0,8.1,-0.4,9.2,0,0,1,0,0,0,0,0,1,0
2023-12-28 06:00:00,63,7,0,7,0,5.3,3.4,19.9,0,0,0,0,1,0,0,0,1,0
2023-12-28 01:00:00,36,2,0,4,0,5.3,3.4,19.9,0,0,0,0,1,0,0,0,1,0
2023-12-28 02:00:00,18,3,0,1,0,5.3,3.4,19.9,0,0,0,0,1,0,0,0,1,0
2023-12-28 05:00:00,24,6,0,0,0,5.3,3.4,19.9,0,0,0,0,1,0,0,0,1,0
2023-12-28 03:00:00,8,4,0,0,0,5.3,3.4,19.9,0,0,0,0,1,0,0,0,1,0
2023-12-29 14:00:00,3432,15,26,336,0,6.8,3.0,0.1,1,0,0,0,0,0,0,0,1,0
2023-12-30 23:00:00,435,0,3,70,0,8.1,-0.4,9.2,0,0,1,0,0,0,0,0,1,0
2023-12-29 17:00:00,1865,18,9,73,0,6.8,3.0,0.1,1,0,0,0,0,0,0,0,1,0
2023-12-30 00:00:00,494,1,3,54,0,8.1,-0.4,9.2,0,0,1,0,0,0,0,0,1,0
2023-12-29 12:00:00,2940,13,8,25,0,6.8,3.0,0.1,1,0,0,0,0,0,0,0,1,0
2023-12-30 01:00:00,196,2,3,12,0,8.1,-0.4,9.2,0,0,1,0,0,0,0,0,1,0
2023-12-29 10:00:00,1452,11,6,187,0,6.8,3.0,0.1,1,0,0,0,0,0,0,0,1,0
2023-12-30 03:00:00,242,4,2,15,0,8.1,-0.4,9.2,0,0,1,0,0,0,0,0,1,0
2023-12-29 09:00:00,862,10,5,145,0,6.8,3.0,0.1,1,0,0,0,0,0,0,0,1,0
2023-12-29 18:00:00,1964,19,5,54,0,6.8,3.0,0.1,1,0,0,0,0,0,0,0,1,0
2023-12-31 03:00:00,340,4,2,25,0,6.8,-1.0,0.2,0,0,0,1,0,0,0,0,1,0
2023-12-31 01:00:00,248,2,2,19,0,6.8,-1.0,0.2,0,0,0,1,0,0,0,0,1,0
2023-12-31 17:00:00,1162,18,2,9,0,6.8,-1.0,0.2,0,0,0,1,0,0,0,0,1,0
2023-12-30 16:00:00,1347,17,0,5,0,8.1,-0.4,9.2,0,0,1,0,0,0,0,0,1,0
2023-12-30 04:00:00,34,5,0,5,0,8.1,-0.4,9.2,0,0,1,0,0,0,0,0,1,0
2023-12-30 05:00:00,52,6,0,4,0,8.1,-0.4,9.2,0,0,1,0,0,0,0,0,1,0
2023-12-30 22:00:00,647,23,0,39,0,8.1,-0.4,9.2,0,0,1,0,0,0,0,0,1,0
2023-12-30 19:00:00,757,20,0,28,0,8.1,-0.4,9.2,0,0,1,0,0,0,0,0,1,0
2023-12-30 18:00:00,1215,19,0,16,0,8.1,-0.4,9.2,0,0,1,0,0,0,0,0,1,0
2023-12-30 17:00:00,1101,18,0,14,0,8.1,-0.4,9.2,0,0,1,0,0,0,0,0,1,0
2023-12-31 14:00:00,1998,15,19,96,0,6.8,-1.0,0.2,0,0,0,1,0,0,0,0,1,0
2023-12-31 12:00:00,1179,13,18,141,0,6.8,-1.0,0.2,0,0,0,1,0,0,0,0,1,0
2023-12-31 11:00:00,755,12,13,118,0,6.8,-1.0,0.2,0,0,0,1,0,0,0,0,1,0
2023-12-31 13:00:00,1704,14,9,171,0,6.8,-1.0,0.2,0,0,0,1,0,0,0,0,1,0
2023-12-31 10:00:00,579,11,9,112,0,6.8,-1.0,0.2,0,0,0,1,0,0,0,0,1,0
2023-12-31 19:00:00,877,20,0,25,0,6.8,-1.0,0.2,0,0,0,1,0,0,0,0,1,0
2023-12-31 02:00:00,229,3,0,24,0,6.8,-1.0,0.2,0,0,0,1,0,0,0,0,1,0
2023-12-31 23:00:00,884,0,0,20,0,6.8,-1.0,0.2,0,0,0,1,0,0,0,0,1,0
2023-12-31 05:00:00,65,6,0,9,0,6.8,-1.0,0.2,0,0,0,1,0,0,0,0,1,0
2023-12-31 06:00:00,55,7,0,9,0,6.8,-1.0,0.2,0,0,0,1,0,0,0,0,1,0
2023-12-31 08:00:00,166,9,1,38,0,6.8,-1.0,0.2,0,0,0,1,0,0,0,0,1,0
2023-12-31 18:00:00,950,19,1,37,0,6.8,-1.0,0.2,0,0,0,1,0,0,0,0,1,0
2023-12-31 07:00:00,91,8,1,17,0,6.8,-1.0,0.2,0,0,0,1,0,0,0,0,1,0
2023-12-31 20:00:00,751,21,8,80,0,6.8,-1.0,0.2,0,0,0,1,0,0,0,0,1,0
2023-12-31 15:00:00,1655,16,5,87,0,6.8,-1.0,0.2,0,0,0,1,0,0,0,0,1,0
2023-12-31 22:00:00,911,23,5,52,0,6.8,-1.0,0.2,0,0,0,1,0,0,0,0,1,0
2023-12-31 00:00:00,308,1,5,37,0,6.8,-1.0,0.2,0,0,0,1,0,0,0,0,1,0
2023-12-31 09:00:00,258,10,4,85,0,6.8,-1.0,0.2,0,0,0,1,0,0,0,0,1,0
2023-12-31 21:00:00,912,22,4,50,0,6.8,-1.0,0.2,0,0,0,1,0,0,0,0,1,0
2023-12-31 16:00:00,1548,17,3,31,0,6.8,-1.0,0.2,0,0,0,1,0,0,0,0,1,0
2023-12-31 04:00:00,84,5,3,10,0,6.8,-1.0,0.2,0,0,0,1,0,0,0,0,1,0
2024-02-25 13:00:00,2090,14,87,192,0,8.3,5.5,0.0,0,0,0,1,0,0,0,0,1,0
2024-02-23 10:00:00,1320,11,76,250,0,7.3,0.4,0.0,1,0,0,0,0,0,0,0,1,0
2024-02-24 10:00:00,1428,11,51,199,0,7.4,5.5,0.0,0,0,1,0,0,0,0,0,1,0
2024-02-25 14:00:00,2103,15,49,181,0,8.3,5.5,0.0,0,0,0,1,0,0,0,0,1,0
2024-02-19 10:00:00,1456,11,49,92,0,12.5,5.2,0.0,0,1,0,0,0,0,0,0,1,0
2024-02-08 12:00:00,2562,13,29,250,0,4.2,-2.8,3.1,0,0,0,0,1,0,0,0,1,0
2024-02-18 17:00:00,1479,18,29,171,0,11.3,6.0,2.1,0,0,0,1,0,0,0,0,1,0
2024-02-01 15:00:00,1716,16,29,171,0,13.8,5.3,0.0,0,0,0,0,1,0,0,0,1,0
2024-02-19 13:00:00,2546,14,29,154,0,12.5,5.2,0.0,0,1,0,0,0,0,0,0,1,0
2024-02-11 15:00:00,1709,16,29,146,0,8.2,5.5,0.0,0,0,0,1,0,0,0,0,1,0
2024-02-22 09:00:00,643,10,29,87,0,6.9,3.6,0.0,0,0,0,0,1,0,0,0,1,0
2024-02-19 17:00:00,1337,18,29,80,0,12.5,5.2,0.0,0,1,0,0,0,0,0,0,1,0
2024-02-10 15:00:00,3404,16,29,28,0,6.7,3.7,0.4,0,0,1,0,0,0,0,0,1,0
2024-02-03 09:00:00,851,10,25,133,0,10.1,5.5,0.0,0,0,1,0,0,0,0,0,1,0
2024-02-16 13:00:00,3281,14,28,303,0,9.8,5.5,0.4,1,0,0,0,0,0,0,0,1,0
2024-02-29 12:00:00,3045,13,28,181,0,7.2,3.5,0.1,0,0,0,0,1,0,0,0,1,0
2024-02-13 10:00:00,1490,11,28,146,0,7.1,3.1,0.2,0,0,0,0,0,1,0,0,1,0
2024-02-22 17:00:00,1411,18,28,135,0,6.9,3.6,0.0,0,0,0,0,1,0,0,0,1,0
2024-02-18 16:00:00,1593,17,28,125,0,11.3,6.0,2.1,0,0,0,1,0,0,0,0,1,0
2024-02-19 14:00:00,2050,15,25,127,0,12.5,5.2,0.0,0,1,0,0,0,0,0,0,1,0
2024-02-02 15:00:00,2369,16,25,106,0,9.3,5.5,0.0,1,0,0,0,0,0,0,0,1,0
2024-02-18 15:00:00,1891,16,25,79,0,11.3,6.0,2.1,0,0,0,1,0,0,0,0,1,0
2024-02-08 14:00:00,1836,15,24,224,0,4.2,-2.8,3.1,0,0,0,0,1,0,0,0,1,0
2024-02-21 17:00:00,1464,18,24,212,0,8.0,1.9,1.5,0,0,0,0,0,0,1,0,1,0
2024-02-08 11:00:00,1886,12,24,207,0,4.2,-2.8,3.1,0,0,0,0,1,0,0,0,1,0
2024-02-01 11:00:00,1872,12,24,198,0,13.8,5.3,0.0,0,0,0,0,1,0,0,0,1,0
2024-02-01 10:00:00,1258,11,24,167,0,13.8,5.3,0.0,0,0,0,0,1,0,0,0,1,0
2024-02-22 16:00:00,1563,17,24,83,0,6.9,3.6,0.0,0,0,0,0,1,0,0,0,1,0
2024-02-05 16:00:00,1575,17,24,63,0,7.4,7.4,1.0,0,1,0,0,0,0,0,0,1,0
2024-02-28 12:00:00,2023,13,38,217,0,9.1,3.4,1.4,0,0,0,0,0,0,1,0,1,0
2024-02-06 10:00:00,1296,11,38,176,0,5.9,5.5,0.0,0,0,0,0,0,1,0,0,1,0
2024-02-02 16:00:00,2219,17,38,85,0,9.3,5.5,0.0,1,0,0,0,0,0,0,0,1,0
2024-02-16 15:00:00,3268,16,37,222,0,9.8,5.5,0.4,1,0,0,0,0,0,0,0,1,0
2024-02-12 10:00:00,1117,11,37,198,0,8.4,3.3,1.2,0,1,0,0,0,0,0,0,1,0
2024-02-21 16:00:00,1871,17,36,233,0,8.0,1.9,1.5,0,0,0,0,0,0,1,0,1,0
2024-02-25 11:00:00,1143,12,36,152,0,8.3,5.5,0.0,0,0,0,1,0,0,0,0,1,0
2024-02-25 10:00:00,715,11,36,145,0,8.3,5.5,0.0,0,0,0,1,0,0,0,0,1,0
2024-02-19 18:00:00,1214,19,35,35,0,12.5,5.2,0.0,0,1,0,0,0,0,0,0,1,0
2024-02-23 11:00:00,2038,12,34,212,0,7.3,0.4,0.0,1,0,0,0,0,0,0,0,1,0
2024-02-22 10:00:00,1119,11,34,89,0,6.9,3.6,0.0,0,0,0,0,1,0,0,0,1,0
2024-02-26 13:00:00,2740,14,33,172,0,11.1,5.5,0.0,0,1,0,0,0,0,0,0,1,0
2024-02-29 10:00:00,1327,11,32,179,0,7.2,3.5,0.1,0,0,0,0,1,0,0,0,1,0
2024-02-29 09:00:00,1117,10,32,140,0,7.2,3.5,0.1,0,0,0,0,1,0,0,0,1,0
2024-02-23 15:00:00,2394,16,31,352,0,7.3,0.4,0.0,1,0,0,0,0,0,0,0,1,0
2024-02-02 14:00:00,2530,15,27,184,0,9.3,5.5,0.0,1,0,0,0,0,0,0,0,1,0
2024-02-06 09:00:00,1131,10,31,241,0,5.9,5.5,0.0,0,0,0,0,0,1,0,0,1,0
2024-02-01 09:00:00,887,10,31,209,0,13.8,5.3,0.0,0,0,0,0,1,0,0,0,1,0
2024-02-26 16:00:00,1432,17,31,79,0,11.1,5.5,0.0,0,1,0,0,0,0,0,0,1,0
2024-02-01 14:00:00,1967,15,27,176,0,13.8,5.3,0.0,0,0,0,0,1,0,0,0,1,0
2024-02-07 13:00:00,3113,14,27,176,0,4.2,0.6,0.0,0,0,0,0,0,0,1,0,1,0
2024-02-22 11:00:00,960,12,27,73,0,6.9,3.6,0.0,0,0,0,0,1,0,0,0,1,0
2024-02-08 13:00:00,2631,14,30,264,0,4.2,-2.8,3.1,0,0,0,0,1,0,0,0,1,0
2024-02-07 10:00:00,1182,11,30,178,0,4.2,0.6,0.0,0,0,0,0,0,0,1,0,1,0
2024-02-29 14:00:00,1901,15,30,96,0,7.2,3.5,0.1,0,0,0,0,1,0,0,0,1,0
2024-02-16 10:00:00,1700,11,26,198,0,9.8,5.5,0.4,1,0,0,0,0,0,0,0,1,0
2024-02-02 13:00:00,2696,14,26,174,0,9.3,5.5,0.0,1,0,0,0,0,0,0,0,1,0
2024-02-24 09:00:00,768,10,25,164,0,7.4,5.5,0.0,0,0,1,0,0,0,0,0,1,0
2024-02-20 14:00:00,2599,15,25,163,0,12.6,5.4,5.2,0,0,0,0,0,1,0,0,1,0
2024-02-04 15:00:00,1987,16,25,143,0,10.7,5.5,1.0,0,0,0,1,0,0,0,0,1,0
2024-02-28 08:00:00,822,9,23,340,0,9.1,3.4,1.4,0,0,0,0,0,0,1,0,1,0
2024-02-13 12:00:00,3001,13,23,161,0,7.1,3.1,0.2,0,0,0,0,0,1,0,0,1,0
2024-02-13 15:00:00,1903,16,23,122,0,7.1,3.1,0.2,0,0,0,0,0,1,0,0,1,0
2024-02-19 16:00:00,1794,17,23,86,0,12.5,5.2,0.0,0,1,0,0,0,0,0,0,1,0
2024-02-02 17:00:00,1823,18,23,20,0,9.3,5.5,0.0,1,0,0,0,0,0,0,0,1,0
2024-02-23 13:00:00,2806,14,46,210,0,7.3,0.4,0.0,1,0,0,0,0,0,0,0,1,0
2024-02-20 16:00:00,1851,17,45,184,0,12.6,5.4,5.2,0,0,0,0,0,1,0,0,1,0
2024-02-03 10:00:00,1643,11,45,143,0,10.1,5.5,0.0,0,0,1,0,0,0,0,0,1,0
2024-02-12 13:00:00,2113,14,43,274,0,8.4,3.3,1.2,0,1,0,0,0,0,0,0,1,0
2024-02-23 12:00:00,2788,13,43,250,0,7.3,0.4,0.0,1,0,0,0,0,0,0,0,1,0
2024-02-04 16:00:00,1759,17,43,204,0,10.7,5.5,1.0,0,0,0,1,0,0,0,0,1,0
2024-02-01 13:00:00,2907,14,42,251,0,13.8,5.3,0.0,0,0,0,0,1,0,0,0,1,0
2024-02-23 09:00:00,1376,10,41,247,0,7.3,0.4,0.0,1,0,0,0,0,0,0,0,1,0
2024-02-28 13:00:00,1991,14,41,219,0,9.1,3.4,1.4,0,0,0,0,0,0,1,0,1,0
2024-02-29 11:00:00,1740,12,40,208,0,7.2,3.5,0.1,0,0,0,0,1,0,0,0,1,0
2024-02-25 15:00:00,1889,16,40,190,0,8.3,5.5,0.0,0,0,0,1,0,0,0,0,1,0
2024-02-03 12:00:00,3513,13,39,191,0,10.1,5.5,0.0,0,0,1,0,0,0,0,0,1,0
2024-02-21 13:00:00,2470,14,20,195,0,8.0,1.9,1.5,0,0,0,0,0,0,1,0,1,0
2024-02-20 10:00:00,1698,11,20,191,0,12.6,5.4,5.2,0,0,0,0,0,1,0,0,1,0
2024-02-25 16:00:00,1490,17,20,175,0,8.3,5.5,0.0,0,0,0,1,0,0,0,0,1,0
2024-02-20 17:00:00,1281,18,20,143,0,12.6,5.4,5.2,0,0,0,0,0,1,0,0,1,0
2024-02-13 16:00:00,1846,17,20,136,0,7.1,3.1,0.2,0,0,0,0,0,1,0,0,1,0
2024-02-12 08:00:00,502,9,20,134,0,8.4,3.3,1.2,0,1,0,0,0,0,0,0,1,0
2024-02-01 08:00:00,734,9,18,289,0,13.8,5.3,0.0,0,0,0,0,1,0,0,0,1,0
2024-02-01 12:00:00,2185,13,20,103,0,13.8,5.3,0.0,0,0,0,0,1,0,0,0,1,0
2024-02-16 12:00:00,2635,13,18,286,0,9.8,5.5,0.4,1,0,0,0,0,0,0,0,1,0
2024-02-22 13:00:00,1888,14,20,72,0,6.9,3.6,0.0,0,0,0,0,1,0,0,0,1,0
2024-02-27 08:00:00,676,9,18,245,0,10.2,1.3,0.3,0,0,0,0,0,1,0,0,1,0
2024-02-18 10:00:00,714,11,20,60,0,11.3,6.0,2.1,0,0,0,1,0,0,0,0,1,0
2024-02-24 11:00:00,972,12,20,53,0,7.4,5.5,0.0,0,0,1,0,0,0,0,0,1,0
2024-02-11 19:00:00,598,20,20,7,0,8.2,5.5,0.0,0,0,0,1,0,0,0,0,1,0
2024-02-12 14:00:00,2058,15,18,239,0,8.4,3.3,1.2,0,1,0,0,0,0,0,0,1,0
2024-02-02 09:00:00,1092,10,18,234,0,9.3,5.5,0.0,1,0,0,0,0,0,0,0,1,0
2024-02-14 12:00:00,2669,13,18,234,0,8.3,5.5,6.2,0,0,0,0,0,0,1,0,1,0
2024-02-11 18:00:00,722,19,17,10,0,8.2,5.5,0.0,0,0,0,1,0,0,0,0,1,0
2024-02-14 14:00:00,1979,15,18,216,0,8.3,5.5,6.2,0,0,0,0,0,0,1,0,1,0
2024-02-06 08:00:00,759,9,18,215,0,5.9,5.5,0.0,0,0,0,0,0,1,0,0,1,0
2024-02-27 09:00:00,972,10,18,211,0,10.2,1.3,0.3,0,0,0,0,0,1,0,0,1,0
2024-02-01 16:00:00,1730,17,18,205,0,13.8,5.3,0.0,0,0,0,0,1,0,0,0,1,0
2024-02-20 13:00:00,3245,14,18,190,0,12.6,5.4,5.2,0,0,0,0,0,1,0,0,1,0
2024-02-06 14:00:00,2065,15,18,170,0,5.9,5.5,0.0,0,0,0,0,0,1,0,0,1,0
2024-02-24 16:00:00,2972,17,18,152,0,7.4,5.5,0.0,0,0,1,0,0,0,0,0,1,0
2024-02-13 11:00:00,1945,12,18,136,0,7.1,3.1,0.2,0,0,0,0,0,1,0,0,1,0
2024-02-05 14:00:00,1660,15,18,104,0,7.4,7.4,1.0,0,1,0,0,0,0,0,0,1,0
2024-02-18 14:00:00,2098,15,18,97,0,11.3,6.0,2.1,0,0,0,1,0,0,0,0,1,0
2024-02-11 16:00:00,1493,17,18,89,0,8.2,5.5,0.0,0,0,0,1,0,0,0,0,1,0
2024-02-18 11:00:00,827,12,18,76,0,11.3,6.0,2.1,0,0,0,1,0,0,0,0,1,0
2024-02-21 15:00:00,1790,16,22,279,0,8.0,1.9,1.5,0,0,0,0,0,0,1,0,1,0
2024-02-08 09:00:00,1056,10,22,259,0,4.2,-2.8,3.1,0,0,0,0,1,0,0,0,1,0
2024-02-20 12:00:00,3182,13,22,180,0,12.6,5.4,5.2,0,0,0,0,0,1,0,0,1,0
2024-02-19 15:00:00,1734,16,22,112,0,12.5,5.2,0.0,0,1,0,0,0,0,0,0,1,0
2024-02-10 14:00:00,3554,15,22,41,0,6.7,3.7,0.4,0,0,1,0,0,0,0,0,1,0
2024-02-23 14:00:00,2445,15,21,298,0,7.3,0.4,0.0,1,0,0,0,0,0,0,0,1,0
2024-02-14 19:00:00,833,20,17,9,0,8.3,5.5,6.2,0,0,0,0,0,0,1,0,1,0
2024-02-12 15:00:00,1987,16,21,225,0,8.4,3.3,1.2,0,1,0,0,0,0,0,0,1,0
2024-02-25 12:00:00,1764,13,21,156,0,8.3,5.5,0.0,0,0,0,1,0,0,0,0,1,0
2024-02-13 13:00:00,2937,14,21,143,0,7.1,3.1,0.2,0,0,0,0,0,1,0,0,1,0
2024-02-27 13:00:00,2019,14,21,122,0,10.2,1.3,0.3,0,0,0,0,0,1,0,0,1,0
2024-02-19 11:00:00,1979,12,21,121,0,12.5,5.2,0.0,0,1,0,0,0,0,0,0,1,0
2024-02-16 16:00:00,2386,17,21,103,0,9.8,5.5,0.4,1,0,0,0,0,0,0,0,1,0
2024-02-18 12:00:00,1189,13,21,70,0,11.3,6.0,2.1,0,0,0,1,0,0,0,0,1,0
2024-02-05 13:00:00,2575,14,21,21,0,7.4,7.4,1.0,0,1,0,0,0,0,0,0,1,0
2024-02-16 11:00:00,2053,12,20,245,0,9.8,5.5,0.4,1,0,0,0,0,0,0,0,1,0
2024-02-06 16:00:00,1902,17,20,225,0,5.9,5.5,0.0,0,0,0,0,0,1,0,0,1,0
2024-02-14 13:00:00,2995,14,20,215,0,8.3,5.5,6.2,0,0,0,0,0,0,1,0,1,0
2024-02-07 08:00:00,757,9,20,206,0,4.2,0.6,0.0,0,0,0,0,0,0,1,0,1,0
2024-02-23 17:00:00,1519,18,20,204,0,7.3,0.4,0.0,1,0,0,0,0,0,0,0,1,0
2024-02-06 12:00:00,3054,13,16,169,0,5.9,5.5,0.0,0,0,0,0,0,1,0,0,1,0
2024-02-24 13:00:00,1716,14,17,6,0,7.4,5.5,0.0,0,0,1,0,0,0,0,0,1,0
2024-02-11 22:00:00,370,23,17,5,0,8.2,5.5,0.0,0,0,0,1,0,0,0,0,1,0
2024-02-26 12:00:00,2023,13,16,109,0,11.1,5.5,0.0,0,1,0,0,0,0,0,0,1,0
2024-02-29 15:00:00,1846,16,16,97,0,7.2,3.5,0.1,0,0,0,0,1,0,0,0,1,0
2024-02-26 10:00:00,1098,11,16,91,0,11.1,5.5,0.0,0,1,0,0,0,0,0,0,1,0
2024-02-05 17:00:00,1258,18,16,10,0,7.4,7.4,1.0,0,1,0,0,0,0,0,0,1,0
2024-02-11 20:00:00,520,21,16,9,0,8.2,5.5,0.0,0,0,0,1,0,0,0,0,1,0
2024-02-02 19:00:00,1340,20,16,7,0,9.3,5.5,0.0,1,0,0,0,0,0,0,0,1,0
2024-02-08 15:00:00,2060,16,17,344,0,4.2,-2.8,3.1,0,0,0,0,1,0,0,0,1,0
2024-02-23 08:00:00,1012,9,17,297,0,7.3,0.4,0.0,1,0,0,0,0,0,0,0,1,0
2024-02-28 11:00:00,1835,12,17,210,0,9.1,3.4,1.4,0,0,0,0,0,0,1,0,1,0
2024-02-11 13:00:00,1838,14,17,186,0,8.2,5.5,0.0,0,0,0,1,0,0,0,0,1,0
2024-02-19 12:00:00,2591,13,17,185,0,12.5,5.2,0.0,0,1,0,0,0,0,0,0,1,0
2024-02-13 14:00:00,2202,15,17,158,0,7.1,3.1,0.2,0,0,0,0,0,1,0,0,1,0
2024-02-04 10:00:00,530,11,17,142,0,10.7,5.5,1.0,0,0,0,1,0,0,0,0,1,0
2024-02-14 11:00:00,1868,12,17,109,0,8.3,5.5,6.2,0,0,0,0,0,0,1,0,1,0
2024-02-23 16:00:00,1483,17,17,103,0,7.3,0.4,0.0,1,0,0,0,0,0,0,0,1,0
2024-02-12 11:00:00,937,12,17,103,0,8.4,3.3,1.2,0,1,0,0,0,0,0,0,1,0
2024-02-18 13:00:00,2074,14,17,90,0,11.3,6.0,2.1,0,0,0,1,0,0,0,0,1,0
2024-02-18 20:00:00,869,21,17,90,0,11.3,6.0,2.1,0,0,0,1,0,0,0,0,1,0
2024-02-03 00:00:00,428,1,17,47,0,10.1,5.5,0.0,0,0,1,0,0,0,0,0,1,0
2024-02-10 13:00:00,3460,14,19,237,0,6.7,3.7,0.4,0,0,1,0,0,0,0,0,1,0
2024-02-08 10:00:00,1307,11,19,198,0,4.2,-2.8,3.1,0,0,0,0,1,0,0,0,1,0
2024-02-16 14:00:00,3596,15,19,188,0,9.8,5.5,0.4,1,0,0,0,0,0,0,0,1,0
2024-02-02 10:00:00,1166,11,19,179,0,9.3,5.5,0.0,1,0,0,0,0,0,0,0,1,0
2024-02-20 15:00:00,2200,16,19,168,0,12.6,5.4,5.2,0,0,0,0,0,1,0,0,1,0
2024-02-06 15:00:00,1772,16,19,168,0,5.9,5.5,0.0,0,0,0,0,0,1,0,0,1,0
2024-02-11 21:00:00,361,22,19,6,0,8.2,5.5,0.0,0,0,0,1,0,0,0,0,1,0
2024-02-08 08:00:00,831,9,16,309,0,4.2,-2.8,3.1,0,0,0,0,1,0,0,0,1,0
2024-02-26 14:00:00,2088,15,16,218,0,11.1,5.5,0.0,0,1,0,0,0,0,0,0,1,0
2024-02-14 16:00:00,1749,17,13,177,0,8.3,5.5,6.2,0,0,0,0,0,0,1,0,1,0
2024-02-13 09:00:00,909,10,13,167,0,7.1,3.1,0.2,0,0,0,0,0,1,0,0,1,0
2024-02-20 11:00:00,2103,12,13,162,0,12.6,5.4,5.2,0,0,0,0,0,1,0,0,1,0
2024-02-16 08:00:00,707,9,13,149,0,9.8,5.5,0.4,1,0,0,0,0,0,0,0,1,0
2024-02-06 11:00:00,2075,12,13,141,0,5.9,5.5,0.0,0,0,0,0,0,1,0,0,1,0
2024-02-07 20:00:00,736,21,13,134,0,4.2,0.6,0.0,0,0,0,0,0,0,1,0,1,0
2024-02-07 18:00:00,1239,19,13,126,0,4.2,0.6,0.0,0,0,0,0,0,0,1,0,1,0
2024-02-02 12:00:00,1442,13,13,119,0,9.3,5.5,0.0,1,0,0,0,0,0,0,0,1,0
2024-02-27 17:00:00,1509,18,13,105,0,10.2,1.3,0.3,0,0,0,0,0,1,0,0,1,0
2024-02-12 12:00:00,1221,13,13,97,0,8.4,3.3,1.2,0,1,0,0,0,0,0,0,1,0
2024-02-19 20:00:00,715,21,13,71,0,12.5,5.2,0.0,0,1,0,0,0,0,0,0,1,0
2024-02-03 16:00:00,1991,17,13,33,0,10.1,5.5,0.0,0,0,1,0,0,0,0,0,1,0
2024-02-11 17:00:00,1144,18,13,23,0,8.2,5.5,0.0,0,0,0,1,0,0,0,0,1,0
2024-02-23 18:00:00,1478,19,13,13,0,7.3,0.4,0.0,1,0,0,0,0,0,0,0,1,0
2024-02-02 18:00:00,1496,19,13,10,0,9.3,5.5,0.0,1,0,0,0,0,0,0,0,1,0
2024-02-16 09:00:00,1241,10,14,191,0,9.8,5.5,0.4,1,0,0,0,0,0,0,0,1,0
2024-02-24 17:00:00,2080,18,14,183,0,7.4,5.5,0.0,0,0,1,0,0,0,0,0,1,0
2024-02-11 11:00:00,1264,12,14,182,0,8.2,5.5,0.0,0,0,0,1,0,0,0,0,1,0
2024-02-14 08:00:00,701,9,14,167,0,8.3,5.5,6.2,0,0,0,0,0,0,1,0,1,0
2024-02-28 17:00:00,1725,18,12,210,0,9.1,3.4,1.4,0,0,0,0,0,0,1,0,1,0
2024-02-17 11:00:00,2548,12,12,208,0,13.3,5.5,3.3,0,0,1,0,0,0,0,0,1,0
2024-02-29 16:00:00,2016,17,14,116,0,7.2,3.5,0.1,0,0,0,0,1,0,0,0,1,0
2024-02-29 20:00:00,886,21,14,106,0,7.2,3.5,0.1,0,0,0,0,1,0,0,0,1,0
2024-02-26 15:00:00,1797,16,14,91,0,11.1,5.5,0.0,0,1,0,0,0,0,0,0,1,0
2024-02-12 16:00:00,1748,17,15,198,0,8.4,3.3,1.2,0,1,0,0,0,0,0,0,1,0
2024-02-12 09:00:00,904,10,15,178,0,8.4,3.3,1.2,0,1,0,0,0,0,0,0,1,0
2024-02-17 12:00:00,2612,13,15,167,0,13.3,5.5,3.3,0,0,1,0,0,0,0,0,1,0
2024-02-11 14:00:00,1775,15,15,156,0,8.2,5.5,0.0,0,0,0,1,0,0,0,0,1,0
2024-02-29 13:00:00,3067,14,15,118,0,7.2,3.5,0.1,0,0,0,0,1,0,0,0,1,0
2024-02-26 11:00:00,1351,12,15,112,0,11.1,5.5,0.0,0,1,0,0,0,0,0,0,1,0
2024-02-27 12:00:00,1475,13,15,112,0,10.2,1.3,0.3,0,0,0,0,0,1,0,0,1,0
2024-02-18 19:00:00,1063,20,15,54,0,11.3,6.0,2.1,0,0,0,1,0,0,0,0,1,0
2024-02-24 15:00:00,2229,16,15,30,0,7.4,5.5,0.0,0,0,1,0,0,0,0,0,1,0
2024-02-02 23:00:00,1091,0,15,11,0,9.3,5.5,0.0,1,0,0,0,0,0,0,0,1,0
2024-02-29 19:00:00,1130,20,14,88,0,7.2,3.5,0.1,0,0,0,0,1,0,0,0,1,0
2024-02-06 13:00:00,2463,14,12,165,0,5.9,5.5,0.0,0,0,0,0,0,1,0,0,1,0
2024-02-17 14:00:00,2097,15,14,68,0,13.3,5.5,3.3,0,0,1,0,0,0,0,0,1,0
2024-02-03 13:00:00,3460,14,12,147,0,10.1,5.5,0.0,0,0,1,0,0,0,0,0,1,0
2024-02-22 12:00:00,952,13,14,67,0,6.9,3.6,0.0,0,0,0,0,1,0,0,0,1,0
2024-02-03 11:00:00,2203,12,12,143,0,10.1,5.5,0.0,0,0,1,0,0,0,0,0,1,0
2024-02-29 18:00:00,1491,19,14,59,0,7.2,3.5,0.1,0,0,0,0,1,0,0,0,1,0
2024-02-04 17:00:00,1201,18,12,80,0,10.7,5.5,1.0,0,0,0,1,0,0,0,0,1,0
2024-02-01 17:00:00,1634,18,14,55,0,13.8,5.3,0.0,0,0,0,0,1,0,0,0,1,0
2024-02-07 16:00:00,1761,17,12,64,0,4.2,0.6,0.0,0,0,0,0,0,0,1,0,1,0
2024-02-24 21:00:00,1365,22,14,46,0,7.4,5.5,0.0,0,0,1,0,0,0,0,0,1,0
2024-02-01 19:00:00,1121,20,12,54,0,13.8,5.3,0.0,0,0,0,0,1,0,0,0,1,0
2024-02-24 14:00:00,1939,15,14,16,0,7.4,5.5,0.0,0,0,1,0,0,0,0,0,1,0
2024-02-05 12:00:00,2760,13,14,9,0,7.4,7.4,1.0,0,1,0,0,0,0,0,0,1,0
2024-02-24 20:00:00,1539,21,12,49,0,7.4,5.5,0.0,0,0,1,0,0,0,0,0,1,0
2024-02-20 20:00:00,782,21,12,40,0,12.6,5.4,5.2,0,0,0,0,0,1,0,0,1,0
2024-02-21 11:00:00,1617,12,11,227,0,8.0,1.9,1.5,0,0,0,0,0,0,1,0,1,0
2024-02-15 16:00:00,2163,17,11,221,0,13.2,5.5,3.4,0,0,0,0,1,0,0,0,1,0
2024-02-21 09:00:00,854,10,11,221,0,8.0,1.9,1.5,0,0,0,0,0,0,1,0,1,0
2024-02-21 14:00:00,1944,15,11,216,0,8.0,1.9,1.5,0,0,0,0,0,0,1,0,1,0
2024-02-19 08:00:00,742,9,14,334,0,12.5,5.2,0.0,0,1,0,0,0,0,0,0,1,0
2024-02-21 12:00:00,2216,13,14,268,0,8.0,1.9,1.5,0,0,0,0,0,0,1,0,1,0
2024-02-09 09:00:00,1023,10,14,237,0,6.3,5.5,9.8,1,0,0,0,0,0,0,0,1,0
2024-02-15 12:00:00,2558,13,13,276,0,13.2,5.5,3.4,0,0,0,0,1,0,0,0,1,0
2024-02-10 12:00:00,3001,13,13,273,0,6.7,3.7,0.4,0,0,1,0,0,0,0,0,1,0
2024-02-28 15:00:00,1820,16,13,267,0,9.1,3.4,1.4,0,0,0,0,0,0,1,0,1,0
2024-02-14 10:00:00,1442,11,13,250,0,8.3,5.5,6.2,0,0,0,0,0,0,1,0,1,0
2024-02-21 10:00:00,1293,11,13,239,0,8.0,1.9,1.5,0,0,0,0,0,0,1,0,1,0
2024-02-15 10:00:00,1571,11,13,219,0,13.2,5.5,3.4,0,0,0,0,1,0,0,0,1,0
2024-02-15 17:00:00,1730,18,13,215,0,13.2,5.5,3.4,0,0,0,0,1,0,0,0,1,0
2024-02-27 10:00:00,1275,11,13,189,0,10.2,1.3,0.3,0,0,0,0,0,1,0,0,1,0
2024-02-19 09:00:00,952,10,10,194,0,12.5,5.2,0.0,0,1,0,0,0,0,0,0,1,0
2024-02-07 17:00:00,1848,18,10,161,0,4.2,0.6,0.0,0,0,0,0,0,0,1,0,1,0
2024-02-11 10:00:00,629,11,10,140,0,8.2,5.5,0.0,0,0,0,1,0,0,0,0,1,0
2024-02-17 17:00:00,2003,18,10,129,0,13.3,5.5,3.3,0,0,1,0,0,0,0,0,1,0
2024-02-07 14:00:00,2092,15,10,119,0,4.2,0.6,0.0,0,0,0,0,0,0,1,0,1,0
2024-02-29 17:00:00,1251,18,10,108,0,7.2,3.5,0.1,0,0,0,0,1,0,0,0,1,0
2024-02-08 17:00:00,1522,18,10,87,0,4.2,-2.8,3.1,0,0,0,0,1,0,0,0,1,0
2024-02-04 09:00:00,201,10,10,86,0,10.7,5.5,1.0,0,0,0,1,0,0,0,0,1,0
2024-02-17 15:00:00,1964,16,10,74,0,13.3,5.5,3.3,0,0,1,0,0,0,0,0,1,0
2024-02-03 14:00:00,2227,15,10,62,0,10.1,5.5,0.0,0,0,1,0,0,0,0,0,1,0
2024-02-01 07:00:00,316,8,10,50,0,13.8,5.3,0.0,0,0,0,0,1,0,0,0,1,0
2024-02-25 21:00:00,541,22,10,47,0,8.3,5.5,0.0,0,0,0,1,0,0,0,0,1,0
2024-02-03 01:00:00,395,2,10,43,0,10.1,5.5,0.0,0,0,1,0,0,0,0,0,1,0
2024-02-24 19:00:00,1659,20,10,40,0,7.4,5.5,0.0,0,0,1,0,0,0,0,0,1,0
2024-02-13 08:00:00,603,9,11,143,0,7.1,3.1,0.2,0,0,0,0,0,1,0,0,1,0
2024-02-25 02:00:00,965,3,10,38,0,8.3,5.5,0.0,0,0,0,1,0,0,0,0,1,0
2024-02-02 21:00:00,978,22,10,37,0,9.3,5.5,0.0,1,0,0,0,0,0,0,0,1,0
2024-02-28 14:00:00,1541,15,11,126,0,9.1,3.4,1.4,0,0,0,0,0,0,1,0,1,0
2024-02-20 09:00:00,1078,10,11,122,0,12.6,5.4,5.2,0,0,0,0,0,1,0,0,1,0
2024-02-21 18:00:00,924,19,10,31,0,8.0,1.9,1.5,0,0,0,0,0,0,1,0,1,0
2024-02-07 12:00:00,2063,13,11,113,0,4.2,0.6,0.0,0,0,0,0,0,0,1,0,1,0
2024-02-07 09:00:00,619,10,11,113,0,4.2,0.6,0.0,0,0,0,0,0,0,1,0,1,0
2024-02-12 17:00:00,1336,18,11,91,0,8.4,3.3,1.2,0,1,0,0,0,0,0,0,1,0
2024-02-02 11:00:00,809,12,11,81,0,9.3,5.5,0.0,1,0,0,0,0,0,0,0,1,0
2024-02-03 15:00:00,2378,16,10,13,0,10.1,5.5,0.0,0,0,1,0,0,0,0,0,1,0
2024-02-02 22:00:00,996,23,11,79,0,9.3,5.5,0.0,1,0,0,0,0,0,0,0,1,0
2024-02-24 18:00:00,1810,19,11,77,0,7.4,5.5,0.0,0,0,1,0,0,0,0,0,1,0
2024-02-05 08:00:00,725,9,9,222,0,7.4,7.4,1.0,0,1,0,0,0,0,0,0,1,0
2024-02-16 17:00:00,1598,18,11,51,0,9.8,5.5,0.4,1,0,0,0,0,0,0,0,1,0
2024-02-11 12:00:00,1757,13,9,201,0,8.2,5.5,0.0,0,0,0,1,0,0,0,0,1,0
2024-02-22 19:00:00,1008,20,11,47,0,6.9,3.6,0.0,0,0,0,0,1,0,0,0,1,0
2024-02-29 08:00:00,878,9,9,172,0,7.2,3.5,0.1,0,0,0,0,1,0,0,0,1,0
2024-02-26 18:00:00,809,19,10,6,0,11.1,5.5,0.0,0,1,0,0,0,0,0,0,1,0
2024-02-14 18:00:00,772,19,10,6,0,8.3,5.5,6.2,0,0,0,0,0,0,1,0,1,0
2024-02-14 20:00:00,649,21,10,4,0,8.3,5.5,6.2,0,0,0,0,0,0,1,0,1,0
2024-02-06 17:00:00,1581,18,9,172,0,5.9,5.5,0.0,0,0,0,0,0,1,0,0,1,0
2024-02-09 14:00:00,2130,15,9,162,0,6.3,5.5,9.8,1,0,0,0,0,0,0,0,1,0
2024-02-15 08:00:00,808,9,9,135,0,13.2,5.5,3.4,0,0,0,0,1,0,0,0,1,0
2024-02-08 18:00:00,1226,19,11,39,0,4.2,-2.8,3.1,0,0,0,0,1,0,0,0,1,0
2024-02-07 07:00:00,259,8,11,34,0,4.2,0.6,0.0,0,0,0,0,0,0,1,0,1,0
2024-02-09 08:00:00,682,9,8,357,0,6.3,5.5,9.8,1,0,0,0,0,0,0,0,1,0
2024-02-01 18:00:00,1304,19,11,26,0,13.8,5.3,0.0,0,0,0,0,1,0,0,0,1,0
2024-02-29 21:00:00,767,22,11,15,0,7.2,3.5,0.1,0,0,0,0,1,0,0,0,1,0
2024-02-15 20:00:00,859,21,11,14,0,13.2,5.5,3.4,0,0,0,0,1,0,0,0,1,0
2024-02-22 15:00:00,1440,16,11,12,0,6.9,3.6,0.0,0,0,0,0,1,0,0,0,1,0
2024-02-15 13:00:00,2597,14,8,275,0,13.2,5.5,3.4,0,0,0,0,1,0,0,0,1,0
2024-02-10 16:00:00,2145,17,8,212,0,6.7,3.7,0.4,0,0,1,0,0,0,0,0,1,0
2024-02-09 15:00:00,1995,16,8,173,0,6.3,5.5,9.8,1,0,0,0,0,0,0,0,1,0
2024-02-07 11:00:00,1352,12,8,170,0,4.2,0.6,0.0,0,0,0,0,0,0,1,0,1,0
2024-02-21 19:00:00,660,20,8,155,0,8.0,1.9,1.5,0,0,0,0,0,0,1,0,1,0
2024-02-15 15:00:00,2420,16,8,127,0,13.2,5.5,3.4,0,0,0,0,1,0,0,0,1,0
2024-02-13 18:00:00,1036,19,8,127,0,7.1,3.1,0.2,0,0,0,0,0,1,0,0,1,0
2024-02-06 18:00:00,1152,19,8,121,0,5.9,5.5,0.0,0,0,0,0,0,1,0,0,1,0
2024-02-23 21:00:00,739,22,8,111,0,7.3,0.4,0.0,1,0,0,0,0,0,0,0,1,0
2024-02-25 17:00:00,1138,18,8,104,0,8.3,5.5,0.0,0,0,0,1,0,0,0,0,1,0
2024-02-13 17:00:00,1658,18,9,105,0,7.1,3.1,0.2,0,0,0,0,0,1,0,0,1,0
2024-02-17 13:00:00,2056,14,9,87,0,13.3,5.5,3.3,0,0,1,0,0,0,0,0,1,0
2024-02-03 08:00:00,374,9,9,82,0,10.1,5.5,0.0,0,0,1,0,0,0,0,0,1,0
2024-02-12 07:00:00,271,8,9,75,0,8.4,3.3,1.2,0,1,0,0,0,0,0,0,1,0
2024-02-27 19:00:00,951,20,9,69,0,10.2,1.3,0.3,0,0,0,0,0,1,0,0,1,0
2024-02-18 09:00:00,397,10,9,60,0,11.3,6.0,2.1,0,0,0,1,0,0,0,0,1,0
2024-02-14 17:00:00,1358,18,9,52,0,8.3,5.5,6.2,0,0,0,0,0,0,1,0,1,0
2024-02-27 18:00:00,1324,19,9,46,0,10.2,1.3,0.3,0,0,0,0,0,1,0,0,1,0
2024-02-04 11:00:00,997,12,9,45,0,10.7,5.5,1.0,0,0,0,1,0,0,0,0,1,0
2024-02-26 17:00:00,1147,18,9,29,0,11.1,5.5,0.0,0,1,0,0,0,0,0,0,1,0
2024-02-16 22:00:00,897,23,9,22,0,9.8,5.5,0.4,1,0,0,0,0,0,0,0,1,0
2024-02-05 15:00:00,1453,16,8,81,0,7.4,7.4,1.0,0,1,0,0,0,0,0,0,1,0
2024-02-25 09:00:00,376,10,8,78,0,8.3,5.5,0.0,0,0,0,1,0,0,0,0,1,0
2024-02-27 16:00:00,1831,17,8,78,0,10.2,1.3,0.3,0,0,0,0,0,1,0,0,1,0
2024-02-22 08:00:00,659,9,8,62,0,6.9,3.6,0.0,0,0,0,0,1,0,0,0,1,0
2024-02-26 09:00:00,821,10,8,57,0,11.1,5.5,0.0,0,1,0,0,0,0,0,0,1,0
2024-02-04 18:00:00,883,19,8,53,0,10.7,5.5,1.0,0,0,0,1,0,0,0,0,1,0
2024-02-25 22:00:00,492,23,8,27,0,8.3,5.5,0.0,0,0,0,1,0,0,0,0,1,0
2024-02-16 18:00:00,692,19,8,25,0,9.8,5.5,0.4,1,0,0,0,0,0,0,0,1,0
2024-02-10 20:00:00,1162,21,8,14,0,6.7,3.7,0.4,0,0,1,0,0,0,0,0,1,0
2024-02-05 18:00:00,975,19,8,8,0,7.4,7.4,1.0,0,1,0,0,0,0,0,0,1,0
2024-02-20 18:00:00,916,19,8,7,0,12.6,5.4,5.2,0,0,0,0,0,1,0,0,1,0
2024-02-20 19:00:00,833,20,8,2,0,12.6,5.4,5.2,0,0,0,0,0,1,0,0,1,0
2024-02-10 18:00:00,1191,19,8,1,0,6.7,3.7,0.4,0,0,1,0,0,0,0,0,1,0
2024-02-28 10:00:00,1566,11,7,247,0,9.1,3.4,1.4,0,0,0,0,0,0,1,0,1,0
2024-02-10 11:00:00,2101,12,7,237,0,6.7,3.7,0.4,0,0,1,0,0,0,0,0,1,0
2024-02-08 16:00:00,1932,17,7,192,0,4.2,-2.8,3.1,0,0,0,0,1,0,0,0,1,0
2024-02-28 16:00:00,2035,17,7,188,0,9.1,3.4,1.4,0,0,0,0,0,0,1,0,1,0
2024-02-10 09:00:00,923,10,7,171,0,6.7,3.7,0.4,0,0,1,0,0,0,0,0,1,0
2024-02-19 21:00:00,510,22,7,162,0,12.5,5.2,0.0,0,1,0,0,0,0,0,0,1,0
2024-02-15 09:00:00,1157,10,7,150,0,13.2,5.5,3.4,0,0,0,0,1,0,0,0,1,0
2024-02-06 21:00:00,531,22,7,91,0,5.9,5.5,0.0,0,0,0,0,0,1,0,0,1,0
2024-02-08 07:00:00,294,8,7,85,0,4.2,-2.8,3.1,0,0,0,0,1,0,0,0,1,0
2024-02-06 20:00:00,741,21,7,81,0,5.9,5.5,0.0,0,0,0,0,0,1,0,0,1,0
2024-02-18 22:00:00,414,23,7,78,0,11.3,6.0,2.1,0,0,0,1,0,0,0,0,1,0
2024-02-14 07:00:00,300,8,7,77,0,8.3,5.5,6.2,0,0,0,0,0,0,1,0,1,0
2024-02-28 18:00:00,1432,19,7,70,0,9.1,3.4,1.4,0,0,0,0,0,0,1,0,1,0
2024-02-24 22:00:00,1206,23,7,69,0,7.4,5.5,0.0,0,0,1,0,0,0,0,0,1,0
2024-02-18 18:00:00,1088,19,6,62,0,11.3,6.0,2.1,0,0,0,1,0,0,0,0,1,0
2024-02-26 22:00:00,341,23,7,61,0,11.1,5.5,0.0,0,1,0,0,0,0,0,0,1,0
2024-02-06 22:00:00,495,23,6,57,0,5.9,5.5,0.0,0,0,0,0,0,1,0,0,1,0
2024-02-27 21:00:00,690,22,7,52,0,10.2,1.3,0.3,0,0,0,0,0,1,0,0,1,0
2024-02-28 00:00:00,417,1,7,46,0,9.1,3.4,1.4,0,0,0,0,0,0,1,0,1,0
2024-02-03 18:00:00,2197,19,7,44,0,10.1,5.5,0.0,0,0,1,0,0,0,0,0,1,0
2024-02-12 23:00:00,295,0,7,42,0,8.4,3.3,1.2,0,1,0,0,0,0,0,0,1,0
2024-02-22 02:00:00,757,3,7,39,0,6.9,3.6,0.0,0,0,0,0,1,0,0,0,1,0
2024-02-17 02:00:00,659,3,6,41,0,13.3,5.5,3.3,0,0,1,0,0,0,0,0,1,0
2024-02-25 20:00:00,688,21,6,40,0,8.3,5.5,0.0,0,0,0,1,0,0,0,0,1,0
2024-02-06 07:00:00,269,8,7,35,0,5.9,5.5,0.0,0,0,0,0,0,1,0,0,1,0
2024-02-23 19:00:00,1391,20,7,30,0,7.3,0.4,0.0,1,0,0,0,0,0,0,0,1,0
2024-02-16 23:00:00,776,0,7,27,0,9.8,5.5,0.4,1,0,0,0,0,0,0,0,1,0
2024-02-04 01:00:00,723,2,7,27,0,10.7,5.5,1.0,0,0,0,1,0,0,0,0,1,0
2024-02-23 06:00:00,153,7,7,26,0,7.3,0.4,0.0,1,0,0,0,0,0,0,0,1,0
2024-02-04 02:00:00,950,3,7,26,0,10.7,5.5,1.0,0,0,0,1,0,0,0,0,1,0
2024-02-11 03:00:00,549,4,7,19,0,8.2,5.5,0.0,0,0,0,1,0,0,0,0,1,0
2024-02-02 20:00:00,1223,21,7,11,0,9.3,5.5,0.0,1,0,0,0,0,0,0,0,1,0
2024-02-05 11:00:00,2275,12,7,7,0,7.4,7.4,1.0,0,1,0,0,0,0,0,0,1,0
2024-02-04 21:00:00,400,22,7,7,0,10.7,5.5,1.0,0,0,0,1,0,0,0,0,1,0
2024-02-15 19:00:00,918,20,6,19,0,13.2,5.5,3.4,0,0,0,0,1,0,0,0,1,0
2024-02-16 19:00:00,1090,20,6,16,0,9.8,5.5,0.4,1,0,0,0,0,0,0,0,1,0
2024-02-08 03:00:00,318,4,6,16,0,4.2,-2.8,3.1,0,0,0,0,1,0,0,0,1,0
2024-02-14 21:00:00,489,22,6,11,0,8.3,5.5,6.2,0,0,0,0,0,0,1,0,1,0
2024-02-08 20:00:00,637,21,6,8,0,4.2,-2.8,3.1,0,0,0,0,1,0,0,0,1,0
2024-02-06 00:00:00,201,1,6,6,0,5.9,5.5,0.0,0,0,0,0,0,1,0,0,1,0
2024-02-28 09:00:00,1214,10,6,212,0,9.1,3.4,1.4,0,0,0,0,0,0,1,0,1,0
2024-02-05 09:00:00,965,10,6,198,0,7.4,7.4,1.0,0,1,0,0,0,0,0,0,1,0
2024-02-09 16:00:00,1727,17,6,155,0,6.3,5.5,9.8,1,0,0,0,0,0,0,0,1,0
2024-02-02 08:00:00,666,9,6,149,0,9.3,5.5,0.0,1,0,0,0,0,0,0,0,1,0
2024-02-15 11:00:00,1767,12,6,143,0,13.2,5.5,3.4,0,0,0,0,1,0,0,0,1,0
2024-02-26 21:00:00,380,22,6,98,0,11.1,5.5,0.0,0,1,0,0,0,0,0,0,1,0
2024-02-07 21:00:00,718,22,6,97,0,4.2,0.6,0.0,0,0,0,0,0,0,1,0,1,0
2024-02-11 09:00:00,263,10,6,82,0,8.2,5.5,0.0,0,0,0,1,0,0,0,0,1,0
2024-02-27 15:00:00,1842,16,6,80,0,10.2,1.3,0.3,0,0,0,0,0,1,0,0,1,0
2024-02-26 20:00:00,739,21,6,64,0,11.1,5.5,0.0,0,1,0,0,0,0,0,0,1,0
2024-02-04 03:00:00,817,4,5,6,0,10.7,5.5,1.0,0,0,0,1,0,0,0,0,1,0
2024-02-26 19:00:00,561,20,5,3,0,11.1,5.5,0.0,0,1,0,0,0,0,0,0,1,0
2024-02-10 19:00:00,1072,20,5,3,0,6.7,3.7,0.4,0,0,1,0,0,0,0,0,1,0
2024-02-04 08:00:00,144,9,5,40,0,10.7,5.5,1.0,0,0,0,1,0,0,0,0,1,0
2024-02-13 07:00:00,249,8,5,40,0,7.1,3.1,0.2,0,0,0,0,0,1,0,0,1,0
2024-02-22 20:00:00,786,21,5,38,0,6.9,3.6,0.0,0,0,0,0,1,0,0,0,1,0
2024-02-17 10:00:00,1490,11,5,186,0,13.3,5.5,3.3,0,0,1,0,0,0,0,0,1,0
2024-02-18 02:00:00,614,3,5,36,0,11.3,6.0,2.1,0,0,0,1,0,0,0,0,1,0
2024-02-17 16:00:00,1799,17,5,185,0,13.3,5.5,3.3,0,0,1,0,0,0,0,0,1,0
2024-02-27 11:00:00,1616,12,5,184,0,10.2,1.3,0.3,0,0,0,0,0,1,0,0,1,0
2024-02-09 11:00:00,1625,12,4,139,0,6.3,5.5,9.8,1,0,0,0,0,0,0,0,1,0
2024-02-13 21:00:00,585,22,4,122,0,7.1,3.1,0.2,0,0,0,0,0,1,0,0,1,0
2024-02-24 08:00:00,341,9,4,107,0,7.4,5.5,0.0,0,0,1,0,0,0,0,0,1,0
2024-02-04 14:00:00,2085,15,4,103,0,10.7,5.5,1.0,0,0,0,1,0,0,0,0,1,0
2024-02-15 14:00:00,2393,15,4,102,0,13.2,5.5,3.4,0,0,0,0,1,0,0,0,1,0
2024-02-14 15:00:00,1127,16,4,89,0,8.3,5.5,6.2,0,0,0,0,0,0,1,0,1,0
2024-02-03 17:00:00,1694,18,4,83,0,10.1,5.5,0.0,0,0,1,0,0,0,0,0,1,0
2024-02-05 10:00:00,1807,11,4,82,0,7.4,7.4,1.0,0,1,0,0,0,0,0,0,1,0
2024-02-01 20:00:00,821,21,4,70,0,13.8,5.3,0.0,0,0,0,0,1,0,0,0,1,0
2024-02-27 07:00:00,239,8,4,64,0,10.2,1.3,0.3,0,0,0,0,0,1,0,0,1,0
2024-02-13 19:00:00,1043,20,4,60,0,7.1,3.1,0.2,0,0,0,0,0,1,0,0,1,0
2024-02-24 00:00:00,536,1,5,34,0,7.4,5.5,0.0,0,0,1,0,0,0,0,0,1,0
2024-02-23 23:00:00,669,0,5,31,0,7.3,0.4,0.0,1,0,0,0,0,0,0,0,1,0
2024-02-20 08:00:00,940,9,5,156,0,12.6,5.4,5.2,0,0,0,0,0,1,0,0,1,0
2024-02-07 19:00:00,1001,20,5,134,0,4.2,0.6,0.0,0,0,0,0,0,0,1,0,1,0
2024-02-28 01:00:00,218,2,5,25,0,9.1,3.4,1.4,0,0,0,0,0,0,1,0,1,0
2024-02-26 00:00:00,230,1,5,22,0,11.1,5.5,0.0,0,1,0,0,0,0,0,0,1,0
2024-02-10 08:00:00,409,9,5,122,0,6.7,3.7,0.4,0,0,1,0,0,0,0,0,1,0
2024-02-25 19:00:00,773,20,5,22,0,8.3,5.5,0.0,0,0,0,1,0,0,0,0,1,0
2024-02-23 20:00:00,1060,21,5,63,0,7.3,0.4,0.0,1,0,0,0,0,0,0,0,1,0
2024-02-15 18:00:00,1379,19,5,56,0,13.2,5.5,3.4,0,0,0,0,1,0,0,0,1,0
2024-02-26 23:00:00,244,0,5,54,0,11.1,5.5,0.0,0,1,0,0,0,0,0,0,1,0
2024-02-22 14:00:00,1584,15,5,13,0,6.9,3.6,0.0,0,0,0,0,1,0,0,0,1,0
2024-02-22 21:00:00,556,22,5,54,0,6.9,3.6,0.0,0,0,0,0,1,0,0,0,1,0
2024-02-25 01:00:00,1020,2,5,50,0,8.3,5.5,0.0,0,0,0,1,0,0,0,0,1,0
2024-02-25 08:00:00,220,9,5,50,0,8.3,5.5,0.0,0,0,0,1,0,0,0,0,1,0
2024-02-22 22:00:00,367,23,5,48,0,6.9,3.6,0.0,0,0,0,0,1,0,0,0,1,0
2024-02-26 02:00:00,88,3,5,11,0,11.1,5.5,0.0,0,1,0,0,0,0,0,0,1,0
2024-02-08 19:00:00,868,20,5,11,0,4.2,-2.8,3.1,0,0,0,0,1,0,0,0,1,0
2024-02-12 18:00:00,825,19,5,10,0,8.4,3.3,1.2,0,1,0,0,0,0,0,0,1,0
2024-02-12 01:00:00,148,2,5,10,0,8.4,3.3,1.2,0,1,0,0,0,0,0,0,1,0
2024-02-11 04:00:00,83,5,6,4,0,8.2,5.5,0.0,0,0,0,1,0,0,0,0,1,0
2024-02-22 18:00:00,1321,19,3,35,0,6.9,3.6,0.0,0,0,0,0,1,0,0,0,1,0
2024-02-07 06:00:00,107,7,4,12,0,4.2,0.6,0.0,0,0,0,0,0,0,1,0,1,0
2024-02-06 23:00:00,331,0,4,11,0,5.9,5.5,0.0,0,0,0,0,0,1,0,0,1,0
2024-02-03 02:00:00,283,3,4,10,0,10.1,5.5,0.0,0,0,1,0,0,0,0,0,1,0
2024-02-06 06:00:00,135,7,4,9,0,5.9,5.5,0.0,0,0,0,0,0,1,0,0,1,0
2024-02-16 21:00:00,1126,22,4,8,0,9.8,5.5,0.4,1,0,0,0,0,0,0,0,1,0
2024-02-09 20:00:00,614,21,4,7,0,6.3,5.5,9.8,1,0,0,0,0,0,0,0,1,0
2024-02-12 19:00:00,688,20,4,7,0,8.4,3.3,1.2,0,1,0,0,0,0,0,0,1,0
2024-02-06 05:00:00,50,6,4,3,0,5.9,5.5,0.0,0,0,0,0,0,1,0,0,1,0
2024-02-27 04:00:00,14,5,4,3,0,10.2,1.3,0.3,0,0,0,0,0,1,0,0,1,0
2024-02-10 17:00:00,1344,18,3,14,0,6.7,3.7,0.4,0,0,1,0,0,0,0,0,1,0
2024-02-08 02:00:00,698,3,3,34,0,4.2,-2.8,3.1,0,0,0,0,1,0,0,0,1,0
2024-02-25 23:00:00,252,0,3,14,0,8.3,5.5,0.0,0,0,0,1,0,0,0,0,1,0
2024-02-23 07:00:00,392,8,3,87,0,7.3,0.4,0.0,1,0,0,0,0,0,0,0,1,0
2024-02-21 08:00:00,684,9,3,262,0,8.0,1.9,1.5,0,0,0,0,0,0,1,0,1,0
2024-02-03 21:00:00,887,22,3,33,0,10.1,5.5,0.0,0,0,1,0,0,0,0,0,1,0
2024-02-27 00:00:00,171,1,3,33,0,10.2,1.3,0.3,0,0,0,0,0,1,0,0,1,0
2024-02-19 19:00:00,867,20,3,85,0,12.5,5.2,0.0,0,1,0,0,0,0,0,0,1,0
2024-02-04 00:00:00,838,1,3,32,0,10.7,5.5,1.0,0,0,0,1,0,0,0,0,1,0
2024-02-11 23:00:00,372,0,3,85,0,8.2,5.5,0.0,0,0,0,1,0,0,0,0,1,0
2024-02-23 02:00:00,120,3,3,13,0,7.3,0.4,0.0,1,0,0,0,0,0,0,0,1,0
2024-02-10 10:00:00,1464,11,3,207,0,6.7,3.7,0.4,0,0,1,0,0,0,0,0,1,0
2024-02-28 19:00:00,1022,20,3,31,0,9.1,3.4,1.4,0,0,0,0,0,0,1,0,1,0
2024-02-16 20:00:00,1089,21,3,30,0,9.8,5.5,0.4,1,0,0,0,0,0,0,0,1,0
2024-02-20 23:00:00,336,0,3,29,0,12.6,5.4,5.2,0,0,0,0,0,1,0,0,1,0
2024-02-09 00:00:00,254,1,3,25,0,6.3,5.5,9.8,1,0,0,0,0,0,0,0,1,0
2024-02-10 23:00:00,885,0,3,24,0,6.7,3.7,0.4,0,0,1,0,0,0,0,0,1,0
2024-02-21 21:00:00,707,22,3,23,0,8.0,1.9,1.5,0,0,0,0,0,0,1,0,1,0
2024-02-14 06:00:00,122,7,3,23,0,8.3,5.5,6.2,0,0,0,0,0,0,1,0,1,0
2024-02-11 02:00:00,667,3,3,22,0,8.2,5.5,0.0,0,0,0,1,0,0,0,0,1,0
2024-02-29 23:00:00,414,0,3,22,0,7.2,3.5,0.1,0,0,0,0,1,0,0,0,1,0
2024-02-23 01:00:00,140,2,3,17,0,7.3,0.4,0.0,1,0,0,0,0,0,0,0,1,0
2024-02-17 18:00:00,1383,19,3,17,0,13.3,5.5,3.3,0,0,1,0,0,0,0,0,1,0
2024-02-20 06:00:00,132,7,3,17,0,12.6,5.4,5.2,0,0,0,0,0,1,0,0,1,0
2024-02-20 05:00:00,68,6,3,16,0,12.6,5.4,5.2,0,0,0,0,0,1,0,0,1,0
2024-02-24 12:00:00,1439,13,3,15,0,7.4,5.5,0.0,0,0,1,0,0,0,0,0,1,0
2024-02-27 14:00:00,1653,15,3,85,0,10.2,1.3,0.3,0,0,0,0,0,1,0,0,1,0
2024-02-19 07:00:00,452,8,3,78,0,12.5,5.2,0.0,0,1,0,0,0,0,0,0,1,0
2024-02-04 13:00:00,2030,14,3,73,0,10.7,5.5,1.0,0,0,0,1,0,0,0,0,1,0
2024-02-17 07:00:00,158,8,3,70,0,13.3,5.5,3.3,0,0,1,0,0,0,0,0,1,0
2024-02-08 00:00:00,446,1,3,69,0,4.2,-2.8,3.1,0,0,0,0,1,0,0,0,1,0
2024-02-24 23:00:00,975,0,3,65,0,7.4,5.5,0.0,0,0,1,0,0,0,0,0,1,0
2024-02-13 22:00:00,467,23,3,63,0,7.1,3.1,0.2,0,0,0,0,0,1,0,0,1,0
2024-02-04 12:00:00,1663,13,3,58,0,10.7,5.5,1.0,0,0,0,1,0,0,0,0,1,0
2024-02-18 23:00:00,347,0,3,57,0,11.3,6.0,2.1,0,0,0,1,0,0,0,0,1,0
2024-02-27 20:00:00,945,21,3,54,0,10.2,1.3,0.3,0,0,0,0,0,1,0,0,1,0
2024-02-21 22:00:00,647,23,3,54,0,8.0,1.9,1.5,0,0,0,0,0,0,1,0,1,0
2024-02-29 07:00:00,348,8,3,53,0,7.2,3.5,0.1,0,0,0,0,1,0,0,0,1,0
2024-02-04 19:00:00,667,20,3,51,0,10.7,5.5,1.0,0,0,0,1,0,0,0,0,1,0
2024-02-02 07:00:00,325,8,3,41,0,9.3,5.5,0.0,1,0,0,0,0,0,0,0,1,0
2024-02-03 23:00:00,2088,0,3,39,0,10.1,5.5,0.0,0,0,1,0,0,0,0,0,1,0
2024-02-27 22:00:00,529,23,3,38,0,10.2,1.3,0.3,0,0,0,0,0,1,0,0,1,0
2024-02-14 09:00:00,914,10,3,37,0,8.3,5.5,6.2,0,0,0,0,0,0,1,0,1,0
2024-02-23 05:00:00,79,6,3,12,0,7.3,0.4,0.0,1,0,0,0,0,0,0,0,1,0
2024-02-26 01:00:00,154,2,3,12,0,11.1,5.5,0.0,0,1,0,0,0,0,0,0,1,0
2024-02-17 20:00:00,1058,21,3,9,0,13.3,5.5,3.3,0,0,1,0,0,0,0,0,1,0
2024-02-18 21:00:00,551,22,3,148,0,11.3,6.0,2.1,0,0,0,1,0,0,0,0,1,0
2024-02-24 06:00:00,97,7,3,9,0,7.4,5.5,0.0,0,0,1,0,0,0,0,0,1,0
2024-02-17 09:00:00,797,10,3,147,0,13.3,5.5,3.3,0,0,1,0,0,0,0,0,1,0
2024-02-27 03:00:00,66,4,3,6,0,10.2,1.3,0.3,0,0,0,0,0,1,0,0,1,0
2024-02-17 08:00:00,314,9,3,123,0,13.3,5.5,3.3,0,0,1,0,0,0,0,0,1,0
2024-02-06 01:00:00,78,2,3,5,0,5.9,5.5,0.0,0,0,0,0,0,1,0,0,1,0
2024-02-21 05:00:00,68,6,3,5,0,8.0,1.9,1.5,0,0,0,0,0,0,1,0,1,0
2024-02-22 06:00:00,158,7,3,4,0,6.9,3.6,0.0,0,0,0,0,1,0,0,0,1,0
2024-02-13 20:00:00,886,21,3,100,0,7.1,3.1,0.2,0,0,0,0,0,1,0,0,1,0
2024-02-28 07:00:00,380,8,3,98,0,9.1,3.4,1.4,0,0,0,0,0,0,1,0,1,0
2024-02-14 22:00:00,394,23,3,4,0,8.3,5.5,6.2,0,0,0,0,0,0,1,0,1,0
2024-02-09 18:00:00,744,19,3,3,0,6.3,5.5,9.8,1,0,0,0,0,0,0,0,1,0
2024-02-17 19:00:00,986,20,3,3,0,13.3,5.5,3.3,0,0,1,0,0,0,0,0,1,0
2024-02-23 03:00:00,38,4,3,2,0,7.3,0.4,0.0,1,0,0,0,0,0,0,0,1,0
2024-02-06 19:00:00,828,20,3,95,0,5.9,5.5,0.0,0,0,0,0,0,1,0,0,1,0
2024-02-17 03:00:00,469,4,4,55,0,13.3,5.5,3.3,0,0,1,0,0,0,0,0,1,0
2024-02-08 01:00:00,466,2,4,51,0,4.2,-2.8,3.1,0,0,0,0,1,0,0,0,1,0
2024-02-25 03:00:00,392,4,4,48,0,8.3,5.5,0.0,0,0,0,1,0,0,0,0,1,0
2024-02-11 08:00:00,187,9,4,44,0,8.2,5.5,0.0,0,0,0,1,0,0,0,0,1,0
2024-02-08 06:00:00,146,7,4,42,0,4.2,-2.8,3.1,0,0,0,0,1,0,0,0,1,0
2024-02-03 22:00:00,1038,23,4,41,0,10.1,5.5,0.0,0,0,1,0,0,0,0,0,1,0
2024-02-18 08:00:00,177,9,4,40,0,11.3,6.0,2.1,0,0,0,1,0,0,0,0,1,0
2024-02-26 08:00:00,484,9,4,38,0,11.1,5.5,0.0,0,1,0,0,0,0,0,0,1,0
2024-02-24 02:00:00,439,3,4,29,0,7.4,5.5,0.0,0,0,1,0,0,0,0,0,1,0
2024-02-25 04:00:00,51,5,4,28,0,8.3,5.5,0.0,0,0,0,1,0,0,0,0,1,0
2024-02-22 07:00:00,266,8,4,26,0,6.9,3.6,0.0,0,0,0,0,1,0,0,0,1,0
2024-02-01 06:00:00,161,7,4,21,0,13.8,5.3,0.0,0,0,0,0,1,0,0,0,1,0
2024-02-29 22:00:00,452,23,4,20,0,7.2,3.5,0.1,0,0,0,0,1,0,0,0,1,0
2024-02-07 00:00:00,295,1,4,19,0,4.2,0.6,0.0,0,0,0,0,0,0,1,0,1,0
2024-02-21 20:00:00,679,21,2,127,0,8.0,1.9,1.5,0,0,0,0,0,0,1,0,1,0
2024-02-21 23:00:00,628,0,2,72,0,8.0,1.9,1.5,0,0,0,0,0,0,1,0,1,0
2024-02-12 00:00:00,170,1,2,68,0,8.4,3.3,1.2,0,1,0,0,0,0,0,0,1,0
2024-02-16 07:00:00,317,8,2,63,0,9.8,5.5,0.4,1,0,0,0,0,0,0,0,1,0
2024-02-22 00:00:00,448,1,2,60,0,6.9,3.6,0.0,0,0,0,0,1,0,0,0,1,0
2024-02-20 21:00:00,572,22,2,60,0,12.6,5.4,5.2,0,0,0,0,0,1,0,0,1,0
2024-02-07 23:00:00,361,0,2,55,0,4.2,0.6,0.0,0,0,0,0,0,0,1,0,1,0
2024-02-02 01:00:00,250,2,2,29,0,9.3,5.5,0.0,1,0,0,0,0,0,0,0,1,0
2024-02-20 03:00:00,100,4,2,29,0,12.6,5.4,5.2,0,0,0,0,0,1,0,0,1,0
2024-02-17 01:00:00,634,2,2,51,0,13.3,5.5,3.3,0,0,1,0,0,0,0,0,1,0
2024-02-01 22:00:00,534,23,2,27,0,13.8,5.3,0.0,0,0,0,0,1,0,0,0,1,0
2024-02-22 01:00:00,321,2,2,50,0,6.9,3.6,0.0,0,0,0,0,1,0,0,0,1,0
2024-02-20 00:00:00,306,1,2,47,0,12.6,5.4,5.2,0,0,0,0,0,1,0,0,1,0
2024-02-09 07:00:00,248,8,2,45,0,6.3,5.5,9.8,1,0,0,0,0,0,0,0,1,0
2024-02-27 06:00:00,134,7,2,25,0,10.2,1.3,0.3,0,0,0,0,0,1,0,0,1,0
2024-02-25 07:00:00,130,8,2,44,0,8.3,5.5,0.0,0,0,0,1,0,0,0,0,1,0
2024-02-26 05:00:00,71,6,2,22,0,11.1,5.5,0.0,0,1,0,0,0,0,0,0,1,0
2024-02-21 01:00:00,142,2,2,22,0,8.0,1.9,1.5,0,0,0,0,0,0,1,0,1,0
2024-02-18 03:00:00,619,4,2,21,0,11.3,6.0,2.1,0,0,0,1,0,0,0,0,1,0
2024-02-29 00:00:00,437,1,2,21,0,7.2,3.5,0.1,0,0,0,0,1,0,0,0,1,0
2024-02-19 06:00:00,317,7,2,19,0,12.5,5.2,0.0,0,1,0,0,0,0,0,0,1,0
2024-02-03 07:00:00,141,8,2,19,0,10.1,5.5,0.0,0,0,1,0,0,0,0,0,1,0
2024-02-01 01:00:00,294,2,2,18,0,13.8,5.3,0.0,0,0,0,0,1,0,0,0,1,0
2024-02-02 06:00:00,181,7,2,17,0,9.3,5.5,0.0,1,0,0,0,0,0,0,0,1,0
2024-02-17 04:00:00,46,5,2,17,0,13.3,5.5,3.3,0,0,1,0,0,0,0,0,1,0
2024-02-20 22:00:00,477,23,2,17,0,12.6,5.4,5.2,0,0,0,0,0,1,0,0,1,0
2024-02-24 03:00:00,474,4,2,16,0,7.4,5.5,0.0,0,0,1,0,0,0,0,0,1,0
2024-02-03 19:00:00,1770,20,2,43,0,10.1,5.5,0.0,0,0,1,0,0,0,0,0,1,0
2024-02-13 00:00:00,246,1,2,38,0,7.1,3.1,0.2,0,0,0,0,0,1,0,0,1,0
2024-02-27 23:00:00,459,0,2,36,0,10.2,1.3,0.3,0,0,0,0,0,1,0,0,1,0
2024-02-23 00:00:00,290,1,2,35,0,7.3,0.4,0.0,1,0,0,0,0,0,0,0,1,0
2024-02-23 22:00:00,872,23,2,34,0,7.3,0.4,0.0,1,0,0,0,0,0,0,0,1,0
2024-02-29 06:00:00,188,7,2,33,0,7.2,3.5,0.1,0,0,0,0,1,0,0,0,1,0
2024-02-12 06:00:00,129,7,2,32,0,8.4,3.3,1.2,0,1,0,0,0,0,0,0,1,0
2024-02-13 23:00:00,396,0,2,32,0,7.1,3.1,0.2,0,0,0,0,0,1,0,0,1,0
2024-02-27 01:00:00,73,2,2,16,0,10.2,1.3,0.3,0,0,0,0,0,1,0,0,1,0
2024-02-09 13:00:00,2579,14,2,165,0,6.3,5.5,9.8,1,0,0,0,0,0,0,0,1,0
2024-02-09 10:00:00,1325,11,2,165,0,6.3,5.5,9.8,1,0,0,0,0,0,0,0,1,0
2024-02-16 06:00:00,183,7,2,15,0,9.8,5.5,0.4,1,0,0,0,0,0,0,0,1,0
2024-02-07 05:00:00,121,6,2,15,0,4.2,0.6,0.0,0,0,0,0,0,0,1,0,1,0
2024-02-09 17:00:00,1144,18,2,14,0,6.3,5.5,9.8,1,0,0,0,0,0,0,0,1,0
2024-02-01 05:00:00,107,6,2,14,0,13.8,5.3,0.0,0,0,0,0,1,0,0,0,1,0
2024-02-15 21:00:00,654,22,2,12,0,13.2,5.5,3.4,0,0,0,0,1,0,0,0,1,0
2024-02-09 02:00:00,148,3,2,10,0,6.3,5.5,9.8,1,0,0,0,0,0,0,0,1,0
2024-02-10 22:00:00,1106,23,2,10,0,6.7,3.7,0.4,0,0,1,0,0,0,0,0,1,0
2024-02-07 02:00:00,190,3,2,10,0,4.2,0.6,0.0,0,0,0,0,0,0,1,0,1,0
2024-02-14 02:00:00,144,3,2,10,0,8.3,5.5,6.2,0,0,0,0,0,0,1,0,1,0
2024-02-27 05:00:00,42,6,2,9,0,10.2,1.3,0.3,0,0,0,0,0,1,0,0,1,0
2024-02-05 19:00:00,750,20,2,8,0,7.4,7.4,1.0,0,1,0,0,0,0,0,0,1,0
2024-02-05 06:00:00,161,7,2,8,0,7.4,7.4,1.0,0,1,0,0,0,0,0,0,1,0
2024-02-17 06:00:00,94,7,2,8,0,13.3,5.5,3.3,0,0,1,0,0,0,0,0,1,0
2024-02-14 23:00:00,259,0,2,8,0,8.3,5.5,6.2,0,0,0,0,0,0,1,0,1,0
2024-02-23 04:00:00,11,5,2,6,0,7.3,0.4,0.0,1,0,0,0,0,0,0,0,1,0
2024-02-03 06:00:00,71,7,2,6,0,10.1,5.5,0.0,0,0,1,0,0,0,0,0,1,0
2024-02-17 00:00:00,749,1,1,58,0,13.3,5.5,3.3,0,0,1,0,0,0,0,0,1,0
2024-02-09 12:00:00,2697,13,1,161,0,6.3,5.5,9.8,1,0,0,0,0,0,0,0,1,0
2024-02-07 15:00:00,1742,16,1,83,0,4.2,0.6,0.0,0,0,0,0,0,0,1,0,1,0
2024-02-03 20:00:00,1332,21,1,56,0,10.1,5.5,0.0,0,0,1,0,0,0,0,0,1,0
2024-02-19 22:00:00,377,23,1,106,0,12.5,5.2,0.0,0,1,0,0,0,0,0,0,1,0
2024-02-07 22:00:00,533,23,1,71,0,4.2,0.6,0.0,0,0,0,0,0,0,1,0,1,0
2024-02-11 00:00:00,592,1,1,51,0,8.2,5.5,0.0,0,0,0,1,0,0,0,0,1,0
2024-02-25 00:00:00,1041,1,1,59,0,8.3,5.5,0.0,0,0,0,1,0,0,0,0,1,0
2024-02-01 21:00:00,784,22,1,59,0,13.8,5.3,0.0,0,0,0,0,1,0,0,0,1,0
2024-02-15 07:00:00,318,8,1,59,0,13.2,5.5,3.4,0,0,0,0,1,0,0,0,1,0
2024-02-19 23:00:00,301,0,1,46,0,12.5,5.2,0.0,0,1,0,0,0,0,0,0,1,0
2024-02-24 01:00:00,495,2,1,45,0,7.4,5.5,0.0,0,0,1,0,0,0,0,0,1,0
2024-02-16 00:00:00,502,1,1,44,0,9.8,5.5,0.4,1,0,0,0,0,0,0,0,1,0
2024-02-01 00:00:00,355,1,1,44,0,13.8,5.3,0.0,0,0,0,0,1,0,0,0,1,0
2024-02-12 21:00:00,358,22,2,4,0,8.4,3.3,1.2,0,1,0,0,0,0,0,0,1,0
2024-02-21 02:00:00,94,3,2,4,0,8.0,1.9,1.5,0,0,0,0,0,0,1,0,1,0
2024-02-05 00:00:00,121,1,2,2,0,7.4,7.4,1.0,0,1,0,0,0,0,0,0,1,0
2024-02-07 03:00:00,51,4,2,2,0,4.2,0.6,0.0,0,0,0,0,0,0,1,0,1,0
2024-02-05 01:00:00,129,2,2,1,0,7.4,7.4,1.0,0,1,0,0,0,0,0,0,1,0
2024-02-03 05:00:00,41,6,2,1,0,10.1,5.5,0.0,0,0,1,0,0,0,0,0,1,0
2024-02-13 05:00:00,65,6,2,1,0,7.1,3.1,0.2,0,0,0,0,0,1,0,0,1,0
2024-02-03 04:00:00,40,5,2,0,0,10.1,5.5,0.0,0,0,1,0,0,0,0,0,1,0
2024-02-28 06:00:00,135,7,1,42,0,9.1,3.4,1.4,0,0,0,0,0,0,1,0,1,0
2024-02-10 07:00:00,213,8,1,41,0,6.7,3.7,0.4,0,0,1,0,0,0,0,0,1,0
2024-02-04 22:00:00,279,23,1,3,0,10.7,5.5,1.0,0,0,0,1,0,0,0,0,1,0
2024-02-05 20:00:00,532,21,1,40,0,7.4,7.4,1.0,0,1,0,0,0,0,0,0,1,0
2024-02-15 04:00:00,22,5,1,3,0,13.2,5.5,3.4,0,0,0,0,1,0,0,0,1,0
2024-02-25 06:00:00,90,7,1,17,0,8.3,5.5,0.0,0,0,0,1,0,0,0,0,1,0
2024-02-16 02:00:00,130,3,1,38,0,9.8,5.5,0.4,1,0,0,0,0,0,0,0,1,0
2024-02-10 01:00:00,377,2,1,2,0,6.7,3.7,0.4,0,0,1,0,0,0,0,0,1,0
2024-02-25 18:00:00,285,19,1,2,0,8.3,5.5,0.0,0,0,0,1,0,0,0,0,1,0
2024-02-28 20:00:00,841,21,1,8,0,9.1,3.4,1.4,0,0,0,0,0,0,1,0,1,0
2024-02-29 02:00:00,559,3,1,38,0,7.2,3.5,0.1,0,0,0,0,1,0,0,0,1,0
2024-02-09 01:00:00,181,2,1,23,0,6.3,5.5,9.8,1,0,0,0,0,0,0,0,1,0
2024-02-04 05:00:00,75,6,1,2,0,10.7,5.5,1.0,0,0,0,1,0,0,0,0,1,0
2024-02-04 06:00:00,73,7,1,2,0,10.7,5.5,1.0,0,0,0,1,0,0,0,0,1,0
2024-02-26 07:00:00,192,8,1,36,0,11.1,5.5,0.0,0,1,0,0,0,0,0,0,1,0
2024-02-10 04:00:00,61,5,1,7,0,6.7,3.7,0.4,0,0,1,0,0,0,0,0,1,0
2024-02-10 03:00:00,511,4,1,15,0,6.7,3.7,0.4,0,0,1,0,0,0,0,0,1,0
2024-02-29 03:00:00,143,4,1,15,0,7.2,3.5,0.1,0,0,0,0,1,0,0,0,1,0
2024-02-11 05:00:00,100,6,1,7,0,8.2,5.5,0.0,0,0,0,1,0,0,0,0,1,0
2024-02-20 02:00:00,99,3,1,15,0,12.6,5.4,5.2,0,0,0,0,0,1,0,0,1,0
2024-02-05 07:00:00,304,8,1,35,0,7.4,7.4,1.0,0,1,0,0,0,0,0,0,1,0
2024-02-09 06:00:00,98,7,1,14,0,6.3,5.5,9.8,1,0,0,0,0,0,0,0,1,0
2024-02-12 22:00:00,415,23,1,21,0,8.4,3.3,1.2,0,1,0,0,0,0,0,0,1,0
2024-02-05 03:00:00,19,4,1,1,0,7.4,7.4,1.0,0,1,0,0,0,0,0,0,1,0
2024-02-18 06:00:00,87,7,1,13,0,11.3,6.0,2.1,0,0,0,1,0,0,0,0,1,0
2024-02-14 03:00:00,32,4,1,7,0,8.3,5.5,6.2,0,0,0,0,0,0,1,0,1,0
2024-02-15 03:00:00,51,4,1,1,0,13.2,5.5,3.4,0,0,0,0,1,0,0,0,1,0
2024-02-21 07:00:00,290,8,1,33,0,8.0,1.9,1.5,0,0,0,0,0,0,1,0,1,0
2024-02-01 23:00:00,336,0,1,32,0,13.8,5.3,0.0,0,0,0,0,1,0,0,0,1,0
2024-02-18 07:00:00,158,8,1,29,0,11.3,6.0,2.1,0,0,0,1,0,0,0,0,1,0
2024-02-20 01:00:00,232,2,1,28,0,12.6,5.4,5.2,0,0,0,0,0,1,0,0,1,0
2024-02-18 01:00:00,724,2,1,27,0,11.3,6.0,2.1,0,0,0,1,0,0,0,0,1,0
2024-02-15 05:00:00,43,6,1,1,0,13.2,5.5,3.4,0,0,0,0,1,0,0,0,1,0
2024-02-05 23:00:00,258,0,1,6,0,7.4,7.4,1.0,0,1,0,0,0,0,0,0,1,0
2024-02-17 22:00:00,898,23,1,6,0,13.3,5.5,3.3,0,0,1,0,0,0,0,0,1,0
2024-02-04 20:00:00,288,21,1,6,0,10.7,5.5,1.0,0,0,0,1,0,0,0,0,1,0
2024-02-29 05:00:00,76,6,1,6,0,7.2,3.5,0.1,0,0,0,0,1,0,0,0,1,0
2024-02-05 05:00:00,88,6,1,5,0,7.4,7.4,1.0,0,1,0,0,0,0,0,0,1,0
2024-02-12 20:00:00,528,21,1,4,0,8.4,3.3,1.2,0,1,0,0,0,0,0,0,1,0
2024-02-13 06:00:00,100,7,1,4,0,7.1,3.1,0.2,0,0,0,0,0,1,0,0,1,0
2024-02-13 03:00:00,30,4,1,4,0,7.1,3.1,0.2,0,0,0,0,0,1,0,0,1,0
2024-02-09 21:00:00,647,22,1,3,0,6.3,5.5,9.8,1,0,0,0,0,0,0,0,1,0
2024-02-10 02:00:00,630,3,1,18,0,6.7,3.7,0.4,0,0,1,0,0,0,0,0,1,0
2024-02-28 05:00:00,86,6,1,18,0,9.1,3.4,1.4,0,0,0,0,0,0,1,0,1,0
2024-02-27 02:00:00,89,3,1,12,0,10.2,1.3,0.3,0,0,0,0,0,1,0,0,1,0
2024-02-26 03:00:00,39,4,1,17,0,11.1,5.5,0.0,0,1,0,0,0,0,0,0,1,0
2024-02-17 21:00:00,1340,22,1,11,0,13.3,5.5,3.3,0,0,1,0,0,0,0,0,1,0
2024-02-09 19:00:00,660,20,1,10,0,6.3,5.5,9.8,1,0,0,0,0,0,0,0,1,0
2024-02-12 02:00:00,123,3,1,10,0,8.4,3.3,1.2,0,1,0,0,0,0,0,0,1,0
2024-02-26 06:00:00,100,7,1,10,0,11.1,5.5,0.0,0,1,0,0,0,0,0,0,1,0
2024-02-13 02:00:00,72,3,1,10,0,7.1,3.1,0.2,0,0,0,0,0,1,0,0,1,0
2024-02-19 03:00:00,43,4,1,9,0,12.5,5.2,0.0,0,1,0,0,0,0,0,0,1,0
2024-02-28 04:00:00,14,5,1,9,0,9.1,3.4,1.4,0,0,0,0,0,0,1,0,1,0
2024-02-13 01:00:00,95,2,1,8,0,7.1,3.1,0.2,0,0,0,0,0,1,0,0,1,0
2024-02-19 00:00:00,310,1,0,53,0,12.5,5.2,0.0,0,1,0,0,0,0,0,0,1,0
2024-02-15 23:00:00,308,0,0,63,0,13.2,5.5,3.4,0,0,0,0,1,0,0,0,1,0
2024-02-24 07:00:00,177,8,0,51,0,7.4,5.5,0.0,0,0,1,0,0,0,0,0,1,0
2024-02-19 01:00:00,167,2,0,49,0,12.5,5.2,0.0,0,1,0,0,0,0,0,0,1,0
2024-02-20 07:00:00,287,8,0,49,0,12.6,5.4,5.2,0,0,0,0,0,1,0,0,1,0
2024-02-19 02:00:00,68,3,0,19,0,12.5,5.2,0.0,0,1,0,0,0,0,0,0,1,0
2024-02-08 23:00:00,366,0,0,19,0,4.2,-2.8,3.1,0,0,0,0,1,0,0,0,1,0
2024-02-02 00:00:00,275,1,0,31,0,9.3,5.5,0.0,1,0,0,0,0,0,0,0,1,0
2024-02-21 00:00:00,262,1,0,18,0,8.0,1.9,1.5,0,0,0,0,0,0,1,0,1,0
2024-02-28 22:00:00,533,23,0,14,0,9.1,3.4,1.4,0,0,0,0,0,0,1,0,1,0
2024-02-21 06:00:00,124,7,0,14,0,8.0,1.9,1.5,0,0,0,0,0,0,1,0,1,0
2024-02-26 04:00:00,22,5,0,16,0,11.1,5.5,0.0,0,1,0,0,0,0,0,0,1,0
2024-02-28 21:00:00,1022,22,0,11,0,9.1,3.4,1.4,0,0,0,0,0,0,1,0,1,0
2024-02-29 01:00:00,336,2,0,25,0,7.2,3.5,0.1,0,0,0,0,1,0,0,0,1,0
2024-02-08 22:00:00,457,23,0,13,0,4.2,-2.8,3.1,0,0,0,0,1,0,0,0,1,0
2024-02-09 23:00:00,623,0,0,10,0,6.3,5.5,9.8,1,0,0,0,0,0,0,0,1,0
2024-02-12 05:00:00,84,6,0,10,0,8.4,3.3,1.2,0,1,0,0,0,0,0,0,1,0
2024-02-28 03:00:00,59,4,0,16,0,9.1,3.4,1.4,0,0,0,0,0,0,1,0,1,0
2024-02-10 00:00:00,440,1,0,10,0,6.7,3.7,0.4,0,0,1,0,0,0,0,0,1,0
2024-02-16 05:00:00,126,6,0,15,0,9.8,5.5,0.4,1,0,0,0,0,0,0,0,1,0
2024-02-25 05:00:00,75,6,0,10,0,8.3,5.5,0.0,0,0,0,1,0,0,0,0,1,0
2024-02-14 00:00:00,348,1,0,35,0,8.3,5.5,6.2,0,0,0,0,0,0,1,0,1,0
2024-02-10 06:00:00,93,7,0,15,0,6.7,3.7,0.4,0,0,1,0,0,0,0,0,1,0
2024-02-17 05:00:00,43,6,0,15,0,13.3,5.5,3.3,0,0,1,0,0,0,0,0,1,0
2024-02-15 22:00:00,635,23,0,12,0,13.2,5.5,3.4,0,0,0,0,1,0,0,0,1,0
2024-02-14 01:00:00,191,2,0,26,0,8.3,5.5,6.2,0,0,0,0,0,0,1,0,1,0
2024-02-10 21:00:00,1107,22,0,25,0,6.7,3.7,0.4,0,0,1,0,0,0,0,0,1,0
2024-02-11 01:00:00,630,2,0,23,0,8.2,5.5,0.0,0,0,0,1,0,0,0,0,1,0
2024-02-19 05:00:00,153,6,0,22,0,12.5,5.2,0.0,0,1,0,0,0,0,0,0,1,0
2024-02-16 03:00:00,40,4,0,9,0,9.8,5.5,0.4,1,0,0,0,0,0,0,0,1,0
2024-02-20 04:00:00,19,5,0,12,0,12.6,5.4,5.2,0,0,0,0,0,1,0,0,1,0
2024-02-18 00:00:00,737,1,0,21,0,11.3,6.0,2.1,0,0,0,1,0,0,0,0,1,0
2024-02-11 07:00:00,115,8,0,14,0,8.2,5.5,0.0,0,0,0,1,0,0,0,0,1,0
2024-02-28 23:00:00,377,0,0,12,0,9.1,3.4,1.4,0,0,0,0,0,0,1,0,1,0
2024-02-11 06:00:00,87,7,0,14,0,8.2,5.5,0.0,0,0,0,1,0,0,0,0,1,0
2024-02-07 01:00:00,171,2,0,12,0,4.2,0.6,0.0,0,0,0,0,0,0,1,0,1,0
2024-02-14 05:00:00,66,6,0,12,0,8.3,5.5,6.2,0,0,0,0,0,0,1,0,1,0
2024-02-15 06:00:00,118,7,0,14,0,13.2,5.5,3.4,0,0,0,0,1,0,0,0,1,0
2024-02-09 05:00:00,79,6,0,11,0,6.3,5.5,9.8,1,0,0,0,0,0,0,0,1,0
2024-02-28 02:00:00,244,3,0,21,0,9.1,3.4,1.4,0,0,0,0,0,0,1,0,1,0
2024-02-08 05:00:00,79,6,0,20,0,4.2,-2.8,3.1,0,0,0,0,1,0,0,0,1,0
2024-02-05 21:00:00,340,22,0,11,0,7.4,7.4,1.0,0,1,0,0,0,0,0,0,1,0
2024-02-08 04:00:00,49,5,0,11,0,4.2,-2.8,3.1,0,0,0,0,1,0,0,0,1,0
2024-02-22 04:00:00,32,5,0,11,0,6.9,3.6,0.0,0,0,0,0,1,0,0,0,1,0
2024-02-13 04:00:00,19,5,0,9,0,7.1,3.1,0.2,0,0,0,0,0,1,0,0,1,0
2024-02-21 03:00:00,79,4,0,9,0,8.0,1.9,1.5,0,0,0,0,0,0,1,0,1,0
2024-02-22 23:00:00,360,0,0,44,0,6.9,3.6,0.0,0,0,0,0,1,0,0,0,1,0
2024-02-16 01:00:00,251,2,0,43,0,9.8,5.5,0.4,1,0,0,0,0,0,0,0,1,0
2024-02-15 01:00:00,51,2,0,1,0,13.2,5.5,3.4,0,0,0,0,1,0,0,0,1,0
2024-02-06 02:00:00,54,3,0,1,0,5.9,5.5,0.0,0,0,0,0,0,1,0,0,1,0
2024-02-06 03:00:00,6,4,0,1,0,5.9,5.5,0.0,0,0,0,0,0,1,0,0,1,0
2024-02-02 03:00:00,37,4,0,0,0,9.3,5.5,0.0,1,0,0,0,0,0,0,0,1,0
2024-02-05 04:00:00,14,5,0,0,0,7.4,7.4,1.0,0,1,0,0,0,0,0,0,1,0
2024-02-10 05:00:00,45,6,0,6,0,6.7,3.7,0.4,0,0,1,0,0,0,0,0,1,0
2024-02-09 22:00:00,571,23,0,3,0,6.3,5.5,9.8,1,0,0,0,0,0,0,0,1,0
2024-02-12 03:00:00,39,4,0,3,0,8.4,3.3,1.2,0,1,0,0,0,0,0,0,1,0
2024-02-12 04:00:00,29,5,0,3,0,8.4,3.3,1.2,0,1,0,0,0,0,0,0,1,0
2024-02-09 04:00:00,23,5,0,5,0,6.3,5.5,9.8,1,0,0,0,0,0,0,0,1,0
2024-02-01 04:00:00,29,5,0,0,0,13.8,5.3,0.0,0,0,0,0,1,0,0,0,1,0
2024-02-01 02:00:00,591,3,0,2,0,13.8,5.3,0.0,0,0,0,0,1,0,0,0,1,0
2024-02-03 03:00:00,252,4,0,3,0,10.1,5.5,0.0,0,0,1,0,0,0,0,0,1,0
2024-02-04 23:00:00,204,0,0,3,0,10.7,5.5,1.0,0,0,0,1,0,0,0,0,1,0
2024-02-15 00:00:00,116,1,0,3,0,13.2,5.5,3.4,0,0,0,0,1,0,0,0,1,0
2024-02-15 02:00:00,106,3,0,2,0,13.2,5.5,3.4,0,0,0,0,1,0,0,0,1,0
2024-02-06 04:00:00,15,5,0,2,0,5.9,5.5,0.0,0,0,0,0,0,1,0,0,1,0
2024-02-07 04:00:00,25,5,0,2,0,4.2,0.6,0.0,0,0,0,0,0,0,1,0,1,0
2024-02-02 02:00:00,164,3,0,1,0,9.3,5.5,0.0,1,0,0,0,0,0,0,0,1,0
2024-02-05 02:00:00,56,3,0,1,0,7.4,7.4,1.0,0,1,0,0,0,0,0,0,1,0
2024-02-01 03:00:00,109,4,0,1,0,13.8,5.3,0.0,0,0,0,0,1,0,0,0,1,0
2024-02-24 05:00:00,98,6,0,5,0,7.4,5.5,0.0,0,0,1,0,0,0,0,0,1,0
2024-02-22 03:00:00,123,4,0,5,0,6.9,3.6,0.0,0,0,0,0,1,0,0,0,1,0
2024-02-22 05:00:00,58,6,0,5,0,6.9,3.6,0.0,0,0,0,0,1,0,0,0,1,0
2024-02-21 04:00:00,18,5,0,5,0,8.0,1.9,1.5,0,0,0,0,0,0,1,0,1,0
2024-02-02 05:00:00,86,6,0,4,0,9.3,5.5,0.0,1,0,0,0,0,0,0,0,1,0
2024-02-05 22:00:00,506,23,0,4,0,7.4,7.4,1.0,0,1,0,0,0,0,0,0,1,0
2024-02-18 05:00:00,106,6,0,4,0,11.3,6.0,2.1,0,0,0,1,0,0,0,0,1,0
2024-02-18 04:00:00,42,5,0,4,0,11.3,6.0,2.1,0,0,0,1,0,0,0,0,1,0
2024-02-08 21:00:00,418,22,0,4,0,4.2,-2.8,3.1,0,0,0,0,1,0,0,0,1,0
2024-02-29 04:00:00,31,5,0,4,0,7.2,3.5,0.1,0,0,0,0,1,0,0,0,1,0
2024-02-24 04:00:00,75,5,0,8,0,7.4,5.5,0.0,0,0,1,0,0,0,0,0,1,0
2024-02-04 07:00:00,147,8,0,8,0,10.7,5.5,1.0,0,0,0,1,0,0,0,0,1,0
2024-02-04 04:00:00,49,5,0,8,0,10.7,5.5,1.0,0,0,0,1,0,0,0,0,1,0
2024-02-02 04:00:00,29,5,0,7,0,9.3,5.5,0.0,1,0,0,0,0,0,0,0,1,0
2024-02-19 04:00:00,25,5,0,7,0,12.5,5.2,0.0,0,1,0,0,0,0,0,0,1,0
2024-02-17 23:00:00,722,0,0,7,0,13.3,5.5,3.3,0,0,1,0,0,0,0,0,1,0
2024-02-14 04:00:00,21,5,0,7,0,8.3,5.5,6.2,0,0,0,0,0,0,1,0,1,0
2024-02-16 04:00:00,30,5,0,6,0,9.8,5.5,0.4,1,0,0,0,0,0,0,0,1,0
2024-02-09 03:00:00,19,4,0,6,0,6.3,5.5,9.8,1,0,0,0,0,0,0,0,1,0
2024-01-01 09:00:00,120,10,15,22,1,7.4,5.5,9.6,0,1,0,0,0,0,0,0,1,0
2024-01-01 11:00:00,613,12,9,82,1,7.4,5.5,9.6,0,1,0,0,0,0,0,0,1,0
2024-01-01 10:00:00,294,11,8,50,1,7.4,5.5,9.6,0,1,0,0,0,0,0,0,1,0
2024-01-01 04:00:00,85,5,8,16,1,7.4,5.5,9.6,0,1,0,0,0,0,0,0,1,0
2024-01-01 18:00:00,463,19,7,95,1,7.4,5.5,9.6,0,1,0,0,0,0,0,0,1,0
2024-01-01 14:00:00,828,15,5,140,1,7.4,5.5,9.6,0,1,0,0,0,0,0,0,1,0
2024-01-01 13:00:00,828,14,5,118,1,7.4,5.5,9.6,0,1,0,0,0,0,0,0,1,0
2024-01-01 00:00:00,795,1,1,45,1,7.4,5.5,9.6,0,1,0,0,0,0,0,0,1,0
2024-01-01 21:00:00,211,22,1,40,1,7.4,5.5,9.6,0,1,0,0,0,0,0,0,1,0
2024-01-01 01:00:00,810,2,1,33,1,7.4,5.5,9.6,0,1,0,0,0,0,0,0,1,0
2024-01-01 23:00:00,195,0,1,24,1,7.4,5.5,9.6,0,1,0,0,0,0,0,0,1,0
2024-01-02 13:00:00,2599,14,18,187,1,7.3,5.5,6.4,0,0,0,0,0,1,0,0,1,0
2024-01-01 12:00:00,774,13,3,134,1,7.4,5.5,9.6,0,1,0,0,0,0,0,0,1,0
2024-01-01 19:00:00,451,20,3,103,1,7.4,5.5,9.6,0,1,0,0,0,0,0,0,1,0
2024-01-01 16:00:00,611,17,3,61,1,7.4,5.5,9.6,0,1,0,0,0,0,0,0,1,0
2024-01-01 20:00:00,387,21,3,55,1,7.4,5.5,9.6,0,1,0,0,0,0,0,0,1,0
2024-01-01 03:00:00,742,4,3,13,1,7.4,5.5,9.6,0,1,0,0,0,0,0,0,1,0
2024-01-01 15:00:00,799,16,2,148,1,7.4,5.5,9.6,0,1,0,0,0,0,0,0,1,0
2024-01-01 08:00:00,95,9,2,26,1,7.4,5.5,9.6,0,1,0,0,0,0,0,0,1,0
2024-01-01 02:00:00,1106,3,2,22,1,7.4,5.5,9.6,0,1,0,0,0,0,0,0,1,0
2024-01-02 12:00:00,1901,13,9,161,1,7.3,5.5,6.4,0,0,0,0,0,1,0,0,1,0
2024-01-02 14:00:00,2412,15,8,170,1,7.3,5.5,6.4,0,0,0,0,0,1,0,0,1,0
2024-01-02 15:00:00,1967,16,8,126,1,7.3,5.5,6.4,0,0,0,0,0,1,0,0,1,0
2024-01-02 18:00:00,1311,19,6,41,1,7.3,5.5,6.4,0,0,0,0,0,1,0,0,1,0
2024-01-02 09:00:00,392,10,5,88,1,7.3,5.5,6.4,0,0,0,0,0,1,0,0,1,0
2024-01-02 10:00:00,755,11,4,118,1,7.3,5.5,6.4,0,0,0,0,0,1,0,0,1,0
2024-01-02 11:00:00,1248,12,3,141,1,7.3,5.5,6.4,0,0,0,0,0,1,0,0,1,0
2024-01-02 08:00:00,171,9,0,14,1,7.3,5.5,6.4,0,0,0,0,0,1,0,0,1,0
2024-01-01 17:00:00,427,18,0,51,1,7.4,5.5,9.6,0,1,0,0,0,0,0,0,1,0
2024-01-02 20:00:00,713,21,0,10,1,7.3,5.5,6.4,0,0,0,0,0,1,0,0,1,0
2024-01-02 01:00:00,54,2,0,5,1,7.3,5.5,6.4,0,0,0,0,0,1,0,0,1,0
2024-01-02 06:00:00,38,7,0,4,1,7.3,5.5,6.4,0,0,0,0,0,1,0,0,1,0
2024-01-01 22:00:00,174,23,0,26,1,7.4,5.5,9.6,0,1,0,0,0,0,0,0,1,0
2024-01-02 02:00:00,28,3,0,1,1,7.3,5.5,6.4,0,0,0,0,0,1,0,0,1,0
2024-01-02 04:00:00,14,5,0,1,1,7.3,5.5,6.4,0,0,0,0,0,1,0,0,1,0
2024-01-02 03:00:00,4,4,0,0,1,7.3,5.5,6.4,0,0,0,0,0,1,0,0,1,0
2024-01-02 17:00:00,1262,18,0,21,1,7.3,5.5,6.4,0,0,0,0,0,1,0,0,1,0
2024-01-01 06:00:00,37,7,0,6,1,7.4,5.5,9.6,0,1,0,0,0,0,0,0,1,0
2024-01-01 07:00:00,93,8,0,5,1,7.4,5.5,9.6,0,1,0,0,0,0,0,0,1,0
2024-01-01 05:00:00,70,6,0,5,1,7.4,5.5,9.6,0,1,0,0,0,0,0,0,1,0
2024-01-03 14:00:00,2454,15,20,87,0,7.3,5.7,9.3,0,0,0,0,0,0,1,0,1,0
2024-01-02 23:00:00,308,0,3,28,1,7.3,5.5,6.4,0,0,0,0,0,1,0,0,1,0
2024-01-02 16:00:00,1861,17,2,42,1,7.3,5.5,6.4,0,0,0,0,0,1,0,0,1,0
2024-01-02 00:00:00,187,1,2,28,1,7.3,5.5,6.4,0,0,0,0,0,1,0,0,1,0
2024-01-02 05:00:00,45,6,2,2,1,7.3,5.5,6.4,0,0,0,0,0,1,0,0,1,0
2024-01-02 07:00:00,42,8,2,2,1,7.3,5.5,6.4,0,0,0,0,0,1,0,0,1,0
2024-01-02 21:00:00,480,22,1,35,1,7.3,5.5,6.4,0,0,0,0,0,1,0,0,1,0
2024-01-02 22:00:00,345,23,1,22,1,7.3,5.5,6.4,0,0,0,0,0,1,0,0,1,0
2024-01-02 19:00:00,1255,20,1,11,1,7.3,5.5,6.4,0,0,0,0,0,1,0,0,1,0
2024-01-03 11:00:00,1721,12,14,176,0,7.3,5.7,9.3,0,0,0,0,0,0,1,0,1,0
2024-01-03 12:00:00,2587,13,12,193,0,7.3,5.7,9.3,0,0,0,0,0,0,1,0,1,0
2024-01-03 13:00:00,2958,14,12,130,0,7.3,5.7,9.3,0,0,0,0,0,0,1,0,1,0
2024-01-03 09:00:00,763,10,9,120,0,7.3,5.7,9.3,0,0,0,0,0,0,1,0,1,0
2024-01-03 10:00:00,1154,11,7,210,0,7.3,5.7,9.3,0,0,0,0,0,0,1,0,1,0
2024-01-04 11:00:00,1926,12,15,126,0,6.4,6.0,9.3,0,0,0,0,1,0,0,0,1,0
2024-01-03 20:00:00,531,21,0,4,0,7.3,5.7,9.3,0,0,0,0,0,0,1,0,1,0
2024-01-04 12:00:00,2808,13,14,150,0,6.4,6.0,9.3,0,0,0,0,1,0,0,0,1,0
2024-01-03 00:00:00,162,1,0,18,0,7.3,5.7,9.3,0,0,0,0,0,0,1,0,1,0
2024-01-03 22:00:00,372,23,0,13,0,7.3,5.7,9.3,0,0,0,0,0,0,1,0,1,0
2024-01-03 05:00:00,105,6,0,11,0,7.3,5.7,9.3,0,0,0,0,0,0,1,0,1,0
2024-01-03 02:00:00,59,3,0,11,0,7.3,5.7,9.3,0,0,0,0,0,0,1,0,1,0
2024-01-03 18:00:00,876,19,0,7,0,7.3,5.7,9.3,0,0,0,0,0,0,1,0,1,0
2024-01-03 21:00:00,325,22,0,7,0,7.3,5.7,9.3,0,0,0,0,0,0,1,0,1,0
2024-01-03 08:00:00,509,9,2,69,0,7.3,5.7,9.3,0,0,0,0,0,0,1,0,1,0
2024-01-03 15:00:00,2000,16,2,38,0,7.3,5.7,9.3,0,0,0,0,0,0,1,0,1,0
2024-01-03 16:00:00,1510,17,2,7,0,7.3,5.7,9.3,0,0,0,0,0,0,1,0,1,0
2024-01-03 03:00:00,26,4,0,0,0,7.3,5.7,9.3,0,0,0,0,0,0,1,0,1,0
2024-01-03 19:00:00,576,20,2,1,0,7.3,5.7,9.3,0,0,0,0,0,0,1,0,1,0
2024-01-04 19:00:00,314,20,0,5,0,6.4,6.0,9.3,0,0,0,0,1,0,0,0,1,0
2024-01-04 13:00:00,2928,14,11,144,0,6.4,6.0,9.3,0,0,0,0,1,0,0,0,1,0
2024-01-04 14:00:00,2709,15,11,133,0,6.4,6.0,9.3,0,0,0,0,1,0,0,0,1,0
2024-01-04 04:00:00,18,5,0,2,0,6.4,6.0,9.3,0,0,0,0,1,0,0,0,1,0
2024-01-05 12:00:00,2842,13,17,159,0,5.6,6.0,0.0,1,0,0,0,0,0,0,0,1,0
2024-01-05 11:00:00,2110,12,15,196,0,5.6,6.0,0.0,1,0,0,0,0,0,0,0,1,0
2024-01-05 15:00:00,2589,16,11,174,0,5.6,6.0,0.0,1,0,0,0,0,0,0,0,1,0
2024-01-05 16:00:00,1923,17,10,20,0,5.6,6.0,0.0,1,0,0,0,0,0,0,0,1,0
2024-01-04 08:00:00,506,9,11,50,0,6.4,6.0,9.3,0,0,0,0,1,0,0,0,1,0
2024-01-04 20:00:00,739,21,1,24,0,6.4,6.0,9.3,0,0,0,0,1,0,0,0,1,0
2024-01-04 15:00:00,2360,16,10,120,0,6.4,6.0,9.3,0,0,0,0,1,0,0,0,1,0
2024-01-04 03:00:00,77,4,1,10,0,6.4,6.0,9.3,0,0,0,0,1,0,0,0,1,0
2024-01-03 23:00:00,318,0,1,24,0,7.3,5.7,9.3,0,0,0,0,0,0,1,0,1,0
2024-01-04 10:00:00,1267,11,9,108,0,6.4,6.0,9.3,0,0,0,0,1,0,0,0,1,0
2024-01-04 16:00:00,1987,17,3,33,0,6.4,6.0,9.3,0,0,0,0,1,0,0,0,1,0
2024-01-03 17:00:00,1189,18,1,19,0,7.3,5.7,9.3,0,0,0,0,0,0,1,0,1,0
2024-01-04 06:00:00,122,7,3,19,0,6.4,6.0,9.3,0,0,0,0,1,0,0,0,1,0
2024-01-03 07:00:00,163,8,1,17,0,7.3,5.7,9.3,0,0,0,0,0,0,1,0,1,0
2024-01-04 01:00:00,124,2,1,8,0,6.4,6.0,9.3,0,0,0,0,1,0,0,0,1,0
2024-01-04 17:00:00,1527,18,3,9,0,6.4,6.0,9.3,0,0,0,0,1,0,0,0,1,0
2024-01-03 01:00:00,145,2,1,12,0,7.3,5.7,9.3,0,0,0,0,0,0,1,0,1,0
2024-01-04 02:00:00,148,3,3,7,0,6.4,6.0,9.3,0,0,0,0,1,0,0,0,1,0
2024-01-03 06:00:00,136,7,1,9,0,7.3,5.7,9.3,0,0,0,0,0,0,1,0,1,0
2024-01-03 04:00:00,10,5,1,0,0,7.3,5.7,9.3,0,0,0,0,0,0,1,0,1,0
2024-01-04 18:00:00,1098,19,2,9,0,6.4,6.0,9.3,0,0,0,0,1,0,0,0,1,0
2024-01-04 09:00:00,795,10,5,94,0,6.4,6.0,9.3,0,0,0,0,1,0,0,0,1,0
2024-01-04 21:00:00,455,22,5,56,0,6.4,6.0,9.3,0,0,0,0,1,0,0,0,1,0
2024-01-04 00:00:00,240,1,4,20,0,6.4,6.0,9.3,0,0,0,0,1,0,0,0,1,0
2024-01-04 07:00:00,207,8,4,15,0,6.4,6.0,9.3,0,0,0,0,1,0,0,0,1,0
2024-01-04 22:00:00,416,23,0,39,0,6.4,6.0,9.3,0,0,0,0,1,0,0,0,1,0
2024-01-04 23:00:00,313,0,0,24,0,6.4,6.0,9.3,0,0,0,0,1,0,0,0,1,0
2024-01-04 05:00:00,67,6,0,8,0,6.4,6.0,9.3,0,0,0,0,1,0,0,0,1,0
2024-01-06 12:00:00,2734,13,14,212,0,2.5,0.2,0.0,0,0,1,0,0,0,0,0,1,0
2024-01-06 10:00:00,1200,11,8,165,0,2.5,0.2,0.0,0,0,1,0,0,0,0,0,1,0
2024-01-06 09:00:00,837,10,8,152,0,2.5,0.2,0.0,0,0,1,0,0,0,0,0,1,0
2024-01-05 17:00:00,1410,18,9,10,0,5.6,6.0,0.0,1,0,0,0,0,0,0,0,1,0
2024-01-05 22:00:00,629,23,3,34,0,5.6,6.0,0.0,1,0,0,0,0,0,0,0,1,0
2024-01-05 19:00:00,805,20,3,17,0,5.6,6.0,0.0,1,0,0,0,0,0,0,0,1,0
2024-01-06 23:00:00,521,0,0,62,0,2.5,0.2,0.0,0,0,1,0,0,0,0,0,1,0
2024-01-05 21:00:00,918,22,0,52,0,5.6,6.0,0.0,1,0,0,0,0,0,0,0,1,0
2024-01-05 01:00:00,152,2,0,23,0,5.6,6.0,0.0,1,0,0,0,0,0,0,0,1,0
2024-01-05 06:00:00,145,7,0,17,0,5.6,6.0,0.0,1,0,0,0,0,0,0,0,1,0
2024-01-05 02:00:00,140,3,0,13,0,5.6,6.0,0.0,1,0,0,0,0,0,0,0,1,0
2024-01-05 04:00:00,39,5,0,10,0,5.6,6.0,0.0,1,0,0,0,0,0,0,0,1,0
2024-01-05 03:00:00,26,4,0,7,0,5.6,6.0,0.0,1,0,0,0,0,0,0,0,1,0
2024-01-07 17:00:00,1178,18,14,13,0,2.9,0.1,0.0,0,0,0,1,0,0,0,0,1,0
2024-01-07 13:00:00,1972,14,11,121,0,2.9,0.1,0.0,0,0,0,1,0,0,0,0,1,0
2024-01-07 15:00:00,1638,16,8,172,0,2.9,0.1,0.0,0,0,0,1,0,0,0,0,1,0
2024-01-07 21:00:00,470,22,8,28,0,2.9,0.1,0.0,0,0,0,1,0,0,0,0,1,0
2024-01-07 10:00:00,661,11,7,155,0,2.9,0.1,0.0,0,0,0,1,0,0,0,0,1,0
2024-01-07 12:00:00,1436,13,7,146,0,2.9,0.1,0.0,0,0,0,1,0,0,0,0,1,0
2024-01-07 14:00:00,1943,15,7,125,0,2.9,0.1,0.0,0,0,0,1,0,0,0,0,1,0
2024-01-07 19:00:00,577,20,7,53,0,2.9,0.1,0.0,0,0,0,1,0,0,0,0,1,0
2024-01-05 14:00:00,3087,15,6,143,0,5.6,6.0,0.0,1,0,0,0,0,0,0,0,1,0
2024-01-05 20:00:00,848,21,6,7,0,5.6,6.0,0.0,1,0,0,0,0,0,0,0,1,0
2024-01-05 10:00:00,1327,11,5,143,0,5.6,6.0,0.0,1,0,0,0,0,0,0,0,1,0
2024-01-05 13:00:00,2942,14,4,127,0,5.6,6.0,0.0,1,0,0,0,0,0,0,0,1,0
2024-01-05 09:00:00,887,10,2,122,0,5.6,6.0,0.0,1,0,0,0,0,0,0,0,1,0
2024-01-05 05:00:00,103,6,2,11,0,5.6,6.0,0.0,1,0,0,0,0,0,0,0,1,0
2024-01-05 18:00:00,1055,19,2,6,0,5.6,6.0,0.0,1,0,0,0,0,0,0,0,1,0
2024-01-06 11:00:00,1953,12,7,169,0,2.5,0.2,0.0,0,0,1,0,0,0,0,0,1,0
2024-01-06 13:00:00,2833,14,7,147,0,2.5,0.2,0.0,0,0,1,0,0,0,0,0,1,0
2024-01-06 17:00:00,1086,18,7,6,0,2.5,0.2,0.0,0,0,1,0,0,0,0,0,1,0
2024-01-06 19:00:00,799,20,2,6,0,2.5,0.2,0.0,0,0,1,0,0,0,0,0,1,0
2024-01-05 08:00:00,474,9,1,60,0,5.6,6.0,0.0,1,0,0,0,0,0,0,0,1,0
2024-01-05 07:00:00,201,8,1,42,0,5.6,6.0,0.0,1,0,0,0,0,0,0,0,1,0
2024-01-05 00:00:00,329,1,1,38,0,5.6,6.0,0.0,1,0,0,0,0,0,0,0,1,0
2024-01-06 16:00:00,850,17,6,4,0,2.5,0.2,0.0,0,0,1,0,0,0,0,0,1,0
2024-01-06 15:00:00,1557,16,5,52,0,2.5,0.2,0.0,0,0,1,0,0,0,0,0,1,0
2024-01-06 20:00:00,876,21,5,20,0,2.5,0.2,0.0,0,0,1,0,0,0,0,0,1,0
2024-01-05 23:00:00,434,0,1,21,0,5.6,6.0,0.0,1,0,0,0,0,0,0,0,1,0
2024-01-06 08:00:00,315,9,4,100,0,2.5,0.2,0.0,0,0,1,0,0,0,0,0,1,0
2024-01-06 00:00:00,382,1,1,63,0,2.5,0.2,0.0,0,0,1,0,0,0,0,0,1,0
2024-01-06 22:00:00,656,23,1,58,0,2.5,0.2,0.0,0,0,1,0,0,0,0,0,1,0
2024-01-06 01:00:00,287,2,1,35,0,2.5,0.2,0.0,0,0,1,0,0,0,0,0,1,0
2024-01-06 04:00:00,39,5,0,1,0,2.5,0.2,0.0,0,0,1,0,0,0,0,0,1,0
2024-01-06 06:00:00,105,7,1,27,0,2.5,0.2,0.0,0,0,1,0,0,0,0,0,1,0
2024-01-06 14:00:00,2756,15,3,55,0,2.5,0.2,0.0,0,0,1,0,0,0,0,0,1,0
2024-01-06 18:00:00,958,19,1,6,0,2.5,0.2,0.0,0,0,1,0,0,0,0,0,1,0
2024-01-06 05:00:00,50,6,1,3,0,2.5,0.2,0.0,0,0,1,0,0,0,0,0,1,0
2024-01-06 07:00:00,149,8,2,46,0,2.5,0.2,0.0,0,0,1,0,0,0,0,0,1,0
2024-01-06 02:00:00,125,3,2,30,0,2.5,0.2,0.0,0,0,1,0,0,0,0,0,1,0
2024-01-06 21:00:00,751,22,2,25,0,2.5,0.2,0.0,0,0,1,0,0,0,0,0,1,0
2024-01-06 03:00:00,314,4,2,21,0,2.5,0.2,0.0,0,0,1,0,0,0,0,0,1,0
2024-01-07 00:00:00,403,1,1,57,0,2.9,0.1,0.0,0,0,0,1,0,0,0,0,1,0
2024-01-07 07:00:00,111,8,1,26,0,2.9,0.1,0.0,0,0,0,1,0,0,0,0,1,0
2024-01-07 02:00:00,296,3,1,12,0,2.9,0.1,0.0,0,0,0,1,0,0,0,0,1,0
2024-01-08 07:00:00,206,8,6,8,0,3.9,-1.5,1.2,0,1,0,0,0,0,0,0,1,0
2024-01-08 01:00:00,144,2,5,23,0,3.9,-1.5,1.2,0,1,0,0,0,0,0,0,1,0
2024-01-07 11:00:00,908,12,6,131,0,2.9,0.1,0.0,0,0,0,1,0,0,0,0,1,0
2024-01-07 08:00:00,220,9,0,52,0,2.9,0.1,0.0,0,0,0,1,0,0,0,0,1,0
2024-01-07 04:00:00,33,5,0,10,0,2.9,0.1,0.0,0,0,0,1,0,0,0,0,1,0
2024-01-07 05:00:00,97,6,0,6,0,2.9,0.1,0.0,0,0,0,1,0,0,0,0,1,0
2024-01-07 06:00:00,58,7,0,0,0,2.9,0.1,0.0,0,0,0,1,0,0,0,0,1,0
2024-01-08 06:00:00,151,7,1,26,0,3.9,-1.5,1.2,0,1,0,0,0,0,0,0,1,0
2024-01-08 14:00:00,1628,15,25,126,0,3.9,-1.5,1.2,0,1,0,0,0,0,0,0,1,0
2024-01-08 19:00:00,540,20,1,11,0,3.9,-1.5,1.2,0,1,0,0,0,0,0,0,1,0
2024-01-08 22:00:00,377,23,0,15,0,3.9,-1.5,1.2,0,1,0,0,0,0,0,0,1,0
2024-01-08 20:00:00,578,21,0,10,0,3.9,-1.5,1.2,0,1,0,0,0,0,0,0,1,0
2024-01-08 05:00:00,92,6,0,10,0,3.9,-1.5,1.2,0,1,0,0,0,0,0,0,1,0
2024-01-08 04:00:00,19,5,0,5,0,3.9,-1.5,1.2,0,1,0,0,0,0,0,0,1,0
2024-01-09 13:00:00,2157,14,34,90,0,6.0,5.5,0.0,0,0,0,0,0,1,0,0,1,0
2024-01-09 14:00:00,1479,15,22,97,0,6.0,5.5,0.0,0,0,0,0,0,1,0,0,1,0
2024-01-09 11:00:00,1270,12,18,109,0,6.0,5.5,0.0,0,0,0,0,0,1,0,0,1,0
2024-01-07 09:00:00,306,10,6,87,0,2.9,0.1,0.0,0,0,0,1,0,0,0,0,1,0
2024-01-08 13:00:00,1958,14,23,115,0,3.9,-1.5,1.2,0,1,0,0,0,0,0,0,1,0
2024-01-08 21:00:00,513,22,1,9,0,3.9,-1.5,1.2,0,1,0,0,0,0,0,0,1,0
2024-01-08 18:00:00,864,19,1,7,0,3.9,-1.5,1.2,0,1,0,0,0,0,0,0,1,0
2024-01-08 03:00:00,13,4,1,5,0,3.9,-1.5,1.2,0,1,0,0,0,0,0,0,1,0
2024-01-08 15:00:00,1585,16,18,228,0,3.9,-1.5,1.2,0,1,0,0,0,0,0,0,1,0
2024-01-07 22:00:00,390,23,5,37,0,2.9,0.1,0.0,0,0,0,1,0,0,0,0,1,0
2024-01-09 12:00:00,1744,13,17,115,0,6.0,5.5,0.0,0,0,0,0,0,1,0,0,1,0
2024-01-08 16:00:00,1496,17,4,25,0,3.9,-1.5,1.2,0,1,0,0,0,0,0,0,1,0
2024-01-08 11:00:00,1683,12,12,157,0,3.9,-1.5,1.2,0,1,0,0,0,0,0,0,1,0
2024-01-08 23:00:00,280,0,3,34,0,3.9,-1.5,1.2,0,1,0,0,0,0,0,0,1,0
2024-01-08 00:00:00,180,1,3,29,0,3.9,-1.5,1.2,0,1,0,0,0,0,0,0,1,0
2024-01-08 02:00:00,75,3,2,13,0,3.9,-1.5,1.2,0,1,0,0,0,0,0,0,1,0
2024-01-08 17:00:00,1001,18,2,10,0,3.9,-1.5,1.2,0,1,0,0,0,0,0,0,1,0
2024-01-08 12:00:00,2237,13,10,150,0,3.9,-1.5,1.2,0,1,0,0,0,0,0,0,1,0
2024-01-08 10:00:00,1307,11,10,117,0,3.9,-1.5,1.2,0,1,0,0,0,0,0,0,1,0
2024-01-08 08:00:00,574,9,10,14,0,3.9,-1.5,1.2,0,1,0,0,0,0,0,0,1,0
2024-01-07 16:00:00,1187,17,4,128,0,2.9,0.1,0.0,0,0,0,1,0,0,0,0,1,0
2024-01-07 20:00:00,542,21,4,64,0,2.9,0.1,0.0,0,0,0,1,0,0,0,0,1,0
2024-01-09 15:00:00,1241,16,13,97,0,6.0,5.5,0.0,0,0,0,0,0,1,0,0,1,0
2024-01-08 09:00:00,910,10,8,59,0,3.9,-1.5,1.2,0,1,0,0,0,0,0,0,1,0
2024-01-09 09:00:00,896,10,11,126,0,6.0,5.5,0.0,0,0,0,0,0,1,0,0,1,0
2024-01-07 03:00:00,296,4,3,41,0,2.9,0.1,0.0,0,0,0,1,0,0,0,0,1,0
2024-01-07 18:00:00,907,19,3,36,0,2.9,0.1,0.0,0,0,0,1,0,0,0,0,1,0
2024-01-07 23:00:00,292,0,3,34,0,2.9,0.1,0.0,0,0,0,1,0,0,0,0,1,0
2024-01-09 10:00:00,1331,11,10,169,0,6.0,5.5,0.0,0,0,0,0,0,1,0,0,1,0
2024-01-09 16:00:00,1801,17,8,65,0,6.0,5.5,0.0,0,0,0,0,0,1,0,0,1,0
2024-01-09 17:00:00,1340,18,7,46,0,6.0,5.5,0.0,0,0,0,0,0,1,0,0,1,0
2024-01-07 01:00:00,313,2,2,39,0,2.9,0.1,0.0,0,0,0,1,0,0,0,0,1,0
2024-01-09 07:00:00,281,8,1,45,0,6.0,5.5,0.0,0,0,0,0,0,1,0,0,1,0
2024-01-09 01:00:00,83,2,0,15,0,6.0,5.5,0.0,0,0,0,0,0,1,0,0,1,0
2024-01-09 06:00:00,123,7,1,19,0,6.0,5.5,0.0,0,0,0,0,0,1,0,0,1,0
2024-01-09 18:00:00,862,19,1,13,0,6.0,5.5,0.0,0,0,0,0,0,1,0,0,1,0
2024-01-10 19:00:00,732,20,1,23,0,4.5,1.1,0.0,0,0,0,0,0,0,1,0,1,0
2024-01-09 03:00:00,23,4,1,4,0,6.0,5.5,0.0,0,0,0,0,0,1,0,0,1,0
2024-01-09 02:00:00,99,3,0,7,0,6.0,5.5,0.0,0,0,0,0,0,1,0,0,1,0
2024-01-09 19:00:00,595,20,0,6,0,6.0,5.5,0.0,0,0,0,0,0,1,0,0,1,0
2024-01-10 06:00:00,134,7,1,12,0,4.5,1.1,0.0,0,0,0,0,0,0,1,0,1,0
2024-01-10 03:00:00,34,4,1,9,0,4.5,1.1,0.0,0,0,0,0,0,0,1,0,1,0
2024-01-09 04:00:00,20,5,0,5,0,6.0,5.5,0.0,0,0,0,0,0,1,0,0,1,0
2024-01-10 02:00:00,132,3,0,22,0,4.5,1.1,0.0,0,0,0,0,0,0,1,0,1,0
2024-01-11 13:00:00,2934,14,15,96,0,5.0,2.2,0.2,0,0,0,0,1,0,0,0,1,0
2024-01-10 23:00:00,308,0,5,8,0,4.5,1.1,0.0,0,0,0,0,0,0,1,0,1,0
2024-01-10 13:00:00,2416,14,14,254,0,4.5,1.1,0.0,0,0,0,0,0,0,1,0,1,0
2024-01-10 10:00:00,1250,11,12,208,0,4.5,1.1,0.0,0,0,0,0,0,0,1,0,1,0
2024-01-10 17:00:00,1475,18,12,11,0,4.5,1.1,0.0,0,0,0,0,0,0,1,0,1,0
2024-01-10 08:00:00,657,9,10,307,0,4.5,1.1,0.0,0,0,0,0,0,0,1,0,1,0
2024-01-10 18:00:00,836,19,6,3,0,4.5,1.1,0.0,0,0,0,0,0,0,1,0,1,0
2024-01-11 11:00:00,2024,12,12,157,0,5.0,2.2,0.2,0,0,0,0,1,0,0,0,1,0
2024-01-10 20:00:00,617,21,4,13,0,4.5,1.1,0.0,0,0,0,0,0,0,1,0,1,0
2024-01-10 22:00:00,298,23,3,7,0,4.5,1.1,0.0,0,0,0,0,0,0,1,0,1,0
2024-01-10 07:00:00,272,8,2,62,0,4.5,1.1,0.0,0,0,0,0,0,0,1,0,1,0
2024-01-10 01:00:00,160,2,2,35,0,4.5,1.1,0.0,0,0,0,0,0,0,1,0,1,0
2024-01-10 00:00:00,249,1,2,28,0,4.5,1.1,0.0,0,0,0,0,0,0,1,0,1,0
2024-01-10 05:00:00,105,6,0,11,0,4.5,1.1,0.0,0,0,0,0,0,0,1,0,1,0
2024-01-11 08:00:00,626,9,12,150,0,5.0,2.2,0.2,0,0,0,0,1,0,0,0,1,0
2024-01-10 21:00:00,421,22,0,7,0,4.5,1.1,0.0,0,0,0,0,0,0,1,0,1,0
2024-01-11 09:00:00,857,10,10,129,0,5.0,2.2,0.2,0,0,0,0,1,0,0,0,1,0
2024-01-11 12:00:00,2792,13,9,109,0,5.0,2.2,0.2,0,0,0,0,1,0,0,0,1,0
2024-01-11 18:00:00,1064,19,8,13,0,5.0,2.2,0.2,0,0,0,0,1,0,0,0,1,0
2024-01-11 20:00:00,797,21,7,66,0,5.0,2.2,0.2,0,0,0,0,1,0,0,0,1,0
2024-01-11 19:00:00,923,20,7,25,0,5.0,2.2,0.2,0,0,0,0,1,0,0,0,1,0
2024-01-11 03:00:00,152,4,6,12,0,5.0,2.2,0.2,0,0,0,0,1,0,0,0,1,0
2024-01-11 10:00:00,1540,11,5,150,0,5.0,2.2,0.2,0,0,0,0,1,0,0,0,1,0
2024-01-11 22:00:00,342,23,5,43,0,5.0,2.2,0.2,0,0,0,0,1,0,0,0,1,0
2024-01-09 08:00:00,705,9,5,114,0,6.0,5.5,0.0,0,0,0,0,0,1,0,0,1,0
2024-01-09 22:00:00,432,23,0,43,0,6.0,5.5,0.0,0,0,0,0,0,1,0,0,1,0
2024-01-09 21:00:00,499,22,5,21,0,6.0,5.5,0.0,0,0,0,0,0,1,0,0,1,0
2024-01-10 04:00:00,15,5,0,1,0,4.5,1.1,0.0,0,0,0,0,0,0,1,0,1,0
2024-01-10 14:00:00,1665,15,37,222,0,4.5,1.1,0.0,0,0,0,0,0,0,1,0,1,0
2024-01-10 15:00:00,1549,16,34,249,0,4.5,1.1,0.0,0,0,0,0,0,0,1,0,1,0
2024-01-10 11:00:00,1563,12,34,196,0,4.5,1.1,0.0,0,0,0,0,0,0,1,0,1,0
2024-01-09 23:00:00,301,0,4,50,0,6.0,5.5,0.0,0,0,0,0,0,1,0,0,1,0
2024-01-09 20:00:00,710,21,4,8,0,6.0,5.5,0.0,0,0,0,0,0,1,0,0,1,0
2024-01-09 00:00:00,263,1,0,23,0,6.0,5.5,0.0,0,0,0,0,0,1,0,0,1,0
2024-01-10 12:00:00,2155,13,24,231,0,4.5,1.1,0.0,0,0,0,0,0,0,1,0,1,0
2024-01-11 15:00:00,1751,16,23,45,0,5.0,2.2,0.2,0,0,0,0,1,0,0,0,1,0
2024-01-11 14:00:00,1744,15,20,59,0,5.0,2.2,0.2,0,0,0,0,1,0,0,0,1,0
2024-01-10 16:00:00,1866,17,18,162,0,4.5,1.1,0.0,0,0,0,0,0,0,1,0,1,0
2024-01-10 09:00:00,815,10,17,188,0,4.5,1.1,0.0,0,0,0,0,0,0,1,0,1,0
2024-01-09 05:00:00,85,6,2,7,0,6.0,5.5,0.0,0,0,0,0,0,1,0,0,1,0
2024-01-11 17:00:00,1545,18,17,12,0,5.0,2.2,0.2,0,0,0,0,1,0,0,0,1,0
2024-01-12 02:00:00,97,3,3,10,0,5.8,5.5,0.0,1,0,0,0,0,0,0,0,1,0
2024-01-12 00:00:00,285,1,1,20,0,5.8,5.5,0.0,1,0,0,0,0,0,0,0,1,0
2024-01-12 01:00:00,124,2,1,19,0,5.8,5.5,0.0,1,0,0,0,0,0,0,0,1,0
2024-01-11 07:00:00,277,8,1,23,0,5.0,2.2,0.2,0,0,0,0,1,0,0,0,1,0
2024-01-12 09:00:00,883,10,11,203,0,5.8,5.5,0.0,1,0,0,0,0,0,0,0,1,0
2024-01-13 12:00:00,2423,13,37,37,0,3.7,5.5,0.0,0,0,1,0,0,0,0,0,1,0
2024-01-13 11:00:00,1628,12,26,95,0,3.7,5.5,0.0,0,0,1,0,0,0,0,0,1,0
2024-01-13 13:00:00,2545,14,26,25,0,3.7,5.5,0.0,0,0,1,0,0,0,0,0,1,0
2024-01-13 14:00:00,3042,15,18,28,0,3.7,5.5,0.0,0,0,1,0,0,0,0,0,1,0
2024-01-13 15:00:00,2593,16,14,166,0,3.7,5.5,0.0,0,0,1,0,0,0,0,0,1,0
2024-01-13 16:00:00,2450,17,12,87,0,3.7,5.5,0.0,0,0,1,0,0,0,0,0,1,0
2024-01-13 10:00:00,1159,11,11,133,0,3.7,5.5,0.0,0,0,1,0,0,0,0,0,1,0
2024-01-13 09:00:00,793,10,9,151,0,3.7,5.5,0.0,0,0,1,0,0,0,0,0,1,0
2024-01-13 18:00:00,1518,19,9,19,0,3.7,5.5,0.0,0,0,1,0,0,0,0,0,1,0
2024-01-11 01:00:00,256,2,1,19,0,5.0,2.2,0.2,0,0,0,0,1,0,0,0,1,0
2024-01-12 17:00:00,1776,18,11,38,0,5.8,5.5,0.0,1,0,0,0,0,0,0,0,1,0
2024-01-11 16:00:00,1851,17,1,16,0,5.0,2.2,0.2,0,0,0,0,1,0,0,0,1,0
2024-01-11 21:00:00,601,22,3,55,0,5.0,2.2,0.2,0,0,0,0,1,0,0,0,1,0
2024-01-11 23:00:00,272,0,3,28,0,5.0,2.2,0.2,0,0,0,0,1,0,0,0,1,0
2024-01-11 02:00:00,395,3,2,23,0,5.0,2.2,0.2,0,0,0,0,1,0,0,0,1,0
2024-01-11 06:00:00,174,7,1,13,0,5.0,2.2,0.2,0,0,0,0,1,0,0,0,1,0
2024-01-12 20:00:00,782,21,11,16,0,5.8,5.5,0.0,1,0,0,0,0,0,0,0,1,0
2024-01-11 04:00:00,31,5,1,4,0,5.0,2.2,0.2,0,0,0,0,1,0,0,0,1,0
2024-01-13 08:00:00,362,9,6,97,0,3.7,5.5,0.0,0,0,1,0,0,0,0,0,1,0
2024-01-13 19:00:00,1231,20,6,12,0,3.7,5.5,0.0,0,0,1,0,0,0,0,0,1,0
2024-01-13 17:00:00,1944,18,5,27,0,3.7,5.5,0.0,0,0,1,0,0,0,0,0,1,0
2024-01-13 07:00:00,122,8,4,36,0,3.7,5.5,0.0,0,0,1,0,0,0,0,0,1,0
2024-01-13 02:00:00,148,3,4,5,0,3.7,5.5,0.0,0,0,1,0,0,0,0,0,1,0
2024-01-13 03:00:00,206,4,3,11,0,3.7,5.5,0.0,0,0,1,0,0,0,0,0,1,0
2024-01-12 08:00:00,644,9,8,227,0,5.8,5.5,0.0,1,0,0,0,0,0,0,0,1,0
2024-01-12 16:00:00,1967,17,7,67,0,5.8,5.5,0.0,1,0,0,0,0,0,0,0,1,0
2024-01-12 07:00:00,268,8,7,65,0,5.8,5.5,0.0,1,0,0,0,0,0,0,0,1,0
2024-01-12 21:00:00,714,22,7,9,0,5.8,5.5,0.0,1,0,0,0,0,0,0,0,1,0
2024-01-12 18:00:00,721,19,6,18,0,5.8,5.5,0.0,1,0,0,0,0,0,0,0,1,0
2024-01-12 06:00:00,204,7,5,21,0,5.8,5.5,0.0,1,0,0,0,0,0,0,0,1,0
2024-01-12 19:00:00,907,20,4,10,0,5.8,5.5,0.0,1,0,0,0,0,0,0,0,1,0
2024-01-12 13:00:00,2542,14,37,159,0,5.8,5.5,0.0,1,0,0,0,0,0,0,0,1,0
2024-01-12 14:00:00,2075,15,33,214,0,5.8,5.5,0.0,1,0,0,0,0,0,0,0,1,0
2024-01-12 05:00:00,121,6,0,14,0,5.8,5.5,0.0,1,0,0,0,0,0,0,0,1,0
2024-01-12 23:00:00,568,0,0,8,0,5.8,5.5,0.0,1,0,0,0,0,0,0,0,1,0
2024-01-11 00:00:00,304,1,0,6,0,5.0,2.2,0.2,0,0,0,0,1,0,0,0,1,0
2024-01-11 05:00:00,103,6,0,6,0,5.0,2.2,0.2,0,0,0,0,1,0,0,0,1,0
2024-01-12 04:00:00,46,5,0,7,0,5.8,5.5,0.0,1,0,0,0,0,0,0,0,1,0
2024-01-12 03:00:00,41,4,0,7,0,5.8,5.5,0.0,1,0,0,0,0,0,0,0,1,0
2024-01-12 15:00:00,1996,16,21,171,0,5.8,5.5,0.0,1,0,0,0,0,0,0,0,1,0
2024-01-12 22:00:00,667,23,0,5,0,5.8,5.5,0.0,1,0,0,0,0,0,0,0,1,0
2024-01-12 11:00:00,1765,12,18,209,0,5.8,5.5,0.0,1,0,0,0,0,0,0,0,1,0
2024-01-12 12:00:00,2426,13,16,143,0,5.8,5.5,0.0,1,0,0,0,0,0,0,0,1,0
2024-01-12 10:00:00,1259,11,14,239,0,5.8,5.5,0.0,1,0,0,0,0,0,0,0,1,0
2024-01-15 19:00:00,625,20,6,60,0,1.2,5.5,0.0,0,1,0,0,0,0,0,0,1,0
2024-01-13 06:00:00,108,7,0,26,0,3.7,5.5,0.0,0,0,1,0,0,0,0,0,1,0
2024-01-13 23:00:00,632,0,0,22,0,3.7,5.5,0.0,0,0,1,0,0,0,0,0,1,0
2024-01-13 05:00:00,64,6,0,3,0,3.7,5.5,0.0,0,0,1,0,0,0,0,0,1,0
2024-01-14 09:00:00,306,10,31,76,0,1.2,1.2,0.0,0,0,0,1,0,0,0,0,1,0
2024-01-13 21:00:00,680,22,2,37,0,3.7,5.5,0.0,0,0,1,0,0,0,0,0,1,0
2024-01-14 04:00:00,34,5,0,57,0,1.2,1.2,0.0,0,0,0,1,0,0,0,0,1,0
2024-01-14 01:00:00,644,2,1,52,0,1.2,1.2,0.0,0,0,0,1,0,0,0,0,1,0
2024-01-14 08:00:00,136,9,1,47,0,1.2,1.2,0.0,0,0,0,1,0,0,0,0,1,0
2024-01-14 02:00:00,160,3,0,113,0,1.2,1.2,0.0,0,0,0,1,0,0,0,0,1,0
2024-01-14 03:00:00,128,4,0,113,0,1.2,1.2,0.0,0,0,0,1,0,0,0,0,1,0
2024-01-13 00:00:00,277,1,2,29,0,3.7,5.5,0.0,0,0,1,0,0,0,0,0,1,0
2024-01-15 14:00:00,1529,15,4,114,0,1.2,5.5,0.0,0,1,0,0,0,0,0,0,1,0
2024-01-13 20:00:00,832,21,2,22,0,3.7,5.5,0.0,0,0,1,0,0,0,0,0,1,0
2024-01-14 19:00:00,578,20,5,31,0,1.2,1.2,0.0,0,0,0,1,0,0,0,0,1,0
2024-01-14 22:00:00,248,23,3,112,0,1.2,1.2,0.0,0,0,0,1,0,0,0,0,1,0
2024-01-14 07:00:00,113,8,2,25,0,1.2,1.2,0.0,0,0,0,1,0,0,0,0,1,0
2024-01-15 15:00:00,1156,16,15,129,0,1.2,5.5,0.0,0,1,0,0,0,0,0,0,1,0
2024-01-15 18:00:00,843,19,3,67,0,1.2,5.5,0.0,0,1,0,0,0,0,0,0,1,0
2024-01-15 12:00:00,2470,13,12,103,0,1.2,5.5,0.0,0,1,0,0,0,0,0,0,1,0
2024-01-15 06:00:00,143,7,3,26,0,1.2,5.5,0.0,0,1,0,0,0,0,0,0,1,0
2024-01-15 13:00:00,2426,14,11,125,0,1.2,5.5,0.0,0,1,0,0,0,0,0,0,1,0
2024-01-14 00:00:00,547,1,0,31,0,1.2,1.2,0.0,0,0,0,1,0,0,0,0,1,0
2024-01-15 17:00:00,1332,18,10,80,0,1.2,5.5,0.0,0,1,0,0,0,0,0,0,1,0
2024-01-14 23:00:00,253,0,0,31,0,1.2,1.2,0.0,0,0,0,1,0,0,0,0,1,0
2024-01-14 05:00:00,22,6,0,23,0,1.2,1.2,0.0,0,0,0,1,0,0,0,0,1,0
2024-01-15 16:00:00,1791,17,9,176,0,1.2,5.5,0.0,0,1,0,0,0,0,0,0,1,0
2024-01-14 06:00:00,42,7,0,16,0,1.2,1.2,0.0,0,0,0,1,0,0,0,0,1,0
2024-01-14 15:00:00,1733,16,16,155,0,1.2,1.2,0.0,0,0,0,1,0,0,0,0,1,0
2024-01-15 11:00:00,1731,12,8,91,0,1.2,5.5,0.0,0,1,0,0,0,0,0,0,1,0
2024-01-15 20:00:00,488,21,2,65,0,1.2,5.5,0.0,0,1,0,0,0,0,0,0,1,0
2024-01-15 09:00:00,841,10,8,84,0,1.2,5.5,0.0,0,1,0,0,0,0,0,0,1,0
2024-01-15 21:00:00,356,22,2,60,0,1.2,5.5,0.0,0,1,0,0,0,0,0,0,1,0
2024-01-14 13:00:00,1944,14,15,167,0,1.2,1.2,0.0,0,0,0,1,0,0,0,0,1,0
2024-01-15 08:00:00,687,9,8,64,0,1.2,5.5,0.0,0,1,0,0,0,0,0,0,1,0
2024-01-14 17:00:00,996,18,15,46,0,1.2,1.2,0.0,0,0,0,1,0,0,0,0,1,0
2024-01-15 22:00:00,309,23,2,49,0,1.2,5.5,0.0,0,1,0,0,0,0,0,0,1,0
2024-01-13 22:00:00,698,23,1,39,0,3.7,5.5,0.0,0,0,1,0,0,0,0,0,1,0
2024-01-15 23:00:00,298,0,2,38,0,1.2,5.5,0.0,0,1,0,0,0,0,0,0,1,0
2024-01-13 01:00:00,284,2,1,17,0,3.7,5.5,0.0,0,0,1,0,0,0,0,0,1,0
2024-01-14 14:00:00,1922,15,12,184,0,1.2,1.2,0.0,0,0,0,1,0,0,0,0,1,0
2024-01-13 04:00:00,42,5,1,0,0,3.7,5.5,0.0,0,0,1,0,0,0,0,0,1,0
2024-01-14 12:00:00,1582,13,11,173,0,1.2,1.2,0.0,0,0,0,1,0,0,0,0,1,0
2024-01-14 11:00:00,857,12,11,129,0,1.2,1.2,0.0,0,0,0,1,0,0,0,0,1,0
2024-01-15 10:00:00,1327,11,6,84,0,1.2,5.5,0.0,0,1,0,0,0,0,0,0,1,0
2024-01-14 16:00:00,1236,17,7,100,0,1.2,1.2,0.0,0,0,0,1,0,0,0,0,1,0
2024-01-14 18:00:00,991,19,7,32,0,1.2,1.2,0.0,0,0,0,1,0,0,0,0,1,0
2024-01-14 20:00:00,491,21,7,20,0,1.2,1.2,0.0,0,0,0,1,0,0,0,0,1,0
2024-01-14 10:00:00,638,11,6,113,0,1.2,1.2,0.0,0,0,0,1,0,0,0,0,1,0
2024-01-14 21:00:00,406,22,6,19,0,1.2,1.2,0.0,0,0,0,1,0,0,0,0,1,0
2024-01-15 00:00:00,246,1,0,24,0,1.2,5.5,0.0,0,1,0,0,0,0,0,0,1,0
2024-01-15 03:00:00,31,4,0,4,0,1.2,5.5,0.0,0,1,0,0,0,0,0,0,1,0
2024-01-15 04:00:00,19,5,0,2,0,1.2,5.5,0.0,0,1,0,0,0,0,0,0,1,0
2024-01-16 02:00:00,88,3,1,15,0,0.4,-1.4,0.9,0,0,0,0,0,1,0,0,1,0
2024-01-16 18:00:00,896,19,0,23,0,0.4,-1.4,0.9,0,0,0,0,0,1,0,0,1,0
2024-01-16 05:00:00,64,6,0,6,0,0.4,-1.4,0.9,0,0,0,0,0,1,0,0,1,0
2024-01-16 03:00:00,16,4,0,2,0,0.4,-1.4,0.9,0,0,0,0,0,1,0,0,1,0
2024-01-16 04:00:00,15,5,0,2,0,0.4,-1.4,0.9,0,0,0,0,0,1,0,0,1,0
2024-01-17 15:00:00,1570,16,24,259,0,1.7,-3.8,0.0,0,0,0,0,0,0,1,0,1,0
2024-01-17 08:00:00,716,9,19,290,0,1.7,-3.8,0.0,0,0,0,0,0,0,1,0,1,0
2024-01-17 16:00:00,1763,17,17,230,0,1.7,-3.8,0.0,0,0,0,0,0,0,1,0,1,0
2024-01-17 10:00:00,1093,11,12,162,0,1.7,-3.8,0.0,0,0,0,0,0,0,1,0,1,0
2024-01-17 11:00:00,1274,12,10,193,0,1.7,-3.8,0.0,0,0,0,0,0,0,1,0,1,0
2024-01-17 13:00:00,2291,14,10,187,0,1.7,-3.8,0.0,0,0,0,0,0,0,1,0,1,0
2024-01-17 09:00:00,804,10,9,174,0,1.7,-3.8,0.0,0,0,0,0,0,0,1,0,1,0
2024-01-17 14:00:00,1734,15,7,188,0,1.7,-3.8,0.0,0,0,0,0,0,0,1,0,1,0
2024-01-17 18:00:00,990,19,5,56,0,1.7,-3.8,0.0,0,0,0,0,0,0,1,0,1,0
2024-01-17 07:00:00,311,8,4,52,0,1.7,-3.8,0.0,0,0,0,0,0,0,1,0,1,0
2024-01-17 12:00:00,2079,13,3,192,0,1.7,-3.8,0.0,0,0,0,0,0,0,1,0,1,0
2024-01-16 13:00:00,2605,14,22,234,0,0.4,-1.4,0.9,0,0,0,0,0,1,0,0,1,0
2024-01-16 15:00:00,1601,16,15,276,0,0.4,-1.4,0.9,0,0,0,0,0,1,0,0,1,0
2024-01-16 11:00:00,1753,12,15,234,0,0.4,-1.4,0.9,0,0,0,0,0,1,0,0,1,0
2024-01-16 20:00:00,733,21,0,48,0,0.4,-1.4,0.9,0,0,0,0,0,1,0,0,1,0
2024-01-16 21:00:00,497,22,0,45,0,0.4,-1.4,0.9,0,0,0,0,0,1,0,0,1,0
2024-01-16 19:00:00,715,20,0,39,0,0.4,-1.4,0.9,0,0,0,0,0,1,0,0,1,0
2024-01-16 01:00:00,84,2,0,37,0,0.4,-1.4,0.9,0,0,0,0,0,1,0,0,1,0
2024-01-16 10:00:00,1128,11,14,208,0,0.4,-1.4,0.9,0,0,0,0,0,1,0,0,1,0
2024-01-16 14:00:00,1800,15,20,221,0,0.4,-1.4,0.9,0,0,0,0,0,1,0,0,1,0
2024-01-16 23:00:00,362,0,2,32,0,0.4,-1.4,0.9,0,0,0,0,0,1,0,0,1,0
2024-01-16 06:00:00,112,7,2,15,0,0.4,-1.4,0.9,0,0,0,0,0,1,0,0,1,0
2024-01-16 22:00:00,374,23,1,48,0,0.4,-1.4,0.9,0,0,0,0,0,1,0,0,1,0
2024-01-16 00:00:00,192,1,1,46,0,0.4,-1.4,0.9,0,0,0,0,0,1,0,0,1,0
2024-01-17 06:00:00,115,7,2,28,0,1.7,-3.8,0.0,0,0,0,0,0,0,1,0,1,0
2024-01-16 08:00:00,699,9,19,325,0,0.4,-1.4,0.9,0,0,0,0,0,1,0,0,1,0
2024-01-17 01:00:00,153,2,2,23,0,1.7,-3.8,0.0,0,0,0,0,0,0,1,0,1,0
2024-01-17 19:00:00,788,20,2,16,0,1.7,-3.8,0.0,0,0,0,0,0,0,1,0,1,0
2024-01-17 21:00:00,561,22,2,12,0,1.7,-3.8,0.0,0,0,0,0,0,0,1,0,1,0
2024-01-17 17:00:00,1537,18,1,33,0,1.7,-3.8,0.0,0,0,0,0,0,0,1,0,1,0
2024-01-17 00:00:00,225,1,1,21,0,1.7,-3.8,0.0,0,0,0,0,0,0,1,0,1,0
2024-01-17 22:00:00,419,23,1,19,0,1.7,-3.8,0.0,0,0,0,0,0,0,1,0,1,0
2024-01-17 20:00:00,665,21,1,14,0,1.7,-3.8,0.0,0,0,0,0,0,0,1,0,1,0
2024-01-16 12:00:00,2398,13,13,269,0,0.4,-1.4,0.9,0,0,0,0,0,1,0,0,1,0
2024-01-16 07:00:00,267,8,12,61,0,0.4,-1.4,0.9,0,0,0,0,0,1,0,0,1,0
2024-01-16 09:00:00,937,10,11,243,0,0.4,-1.4,0.9,0,0,0,0,0,1,0,0,1,0
2024-01-16 16:00:00,1185,17,10,69,0,0.4,-1.4,0.9,0,0,0,0,0,1,0,0,1,0
2024-01-16 17:00:00,1248,18,6,16,0,0.4,-1.4,0.9,0,0,0,0,0,1,0,0,1,0
2024-01-15 07:00:00,317,8,1,35,0,1.2,5.5,0.0,0,1,0,0,0,0,0,0,1,0
2024-01-15 01:00:00,126,2,1,21,0,1.2,5.5,0.0,0,1,0,0,0,0,0,0,1,0
2024-01-15 02:00:00,102,3,1,15,0,1.2,5.5,0.0,0,1,0,0,0,0,0,0,1,0
2024-01-15 05:00:00,110,6,1,12,0,1.2,5.5,0.0,0,1,0,0,0,0,0,0,1,0
2024-01-18 01:00:00,248,2,1,6,0,5.2,-3.2,0.0,0,0,0,0,1,0,0,0,1,0
2024-01-18 03:00:00,261,4,0,16,0,5.2,-3.2,0.0,0,0,0,0,1,0,0,0,1,0
2024-01-18 04:00:00,31,5,0,11,0,5.2,-3.2,0.0,0,0,0,0,1,0,0,0,1,0
2024-01-17 23:00:00,337,0,1,12,0,1.7,-3.8,0.0,0,0,0,0,0,0,1,0,1,0
2024-01-17 05:00:00,94,6,1,12,0,1.7,-3.8,0.0,0,0,0,0,0,0,1,0,1,0
2024-01-17 04:00:00,15,5,0,3,0,1.7,-3.8,0.0,0,0,0,0,0,0,1,0,1,0
2024-01-19 17:00:00,1672,18,8,7,0,8.7,5.5,1.2,1,0,0,0,0,0,0,0,1,0
2024-01-19 11:00:00,1883,12,5,227,0,8.7,5.5,1.2,1,0,0,0,0,0,0,0,1,0
2024-01-19 09:00:00,1021,10,5,198,0,8.7,5.5,1.2,1,0,0,0,0,0,0,0,1,0
2024-01-19 08:00:00,706,9,4,294,0,8.7,5.5,1.2,1,0,0,0,0,0,0,0,1,0
2024-01-19 05:00:00,94,6,4,26,0,8.7,5.5,1.2,1,0,0,0,0,0,0,0,1,0
2024-01-19 18:00:00,1300,19,4,24,0,8.7,5.5,1.2,1,0,0,0,0,0,0,0,1,0
2024-01-19 22:00:00,654,23,3,29,0,8.7,5.5,1.2,1,0,0,0,0,0,0,0,1,0
2024-01-19 23:00:00,587,0,2,47,0,8.7,5.5,1.2,1,0,0,0,0,0,0,0,1,0
2024-01-17 03:00:00,21,4,0,1,0,1.7,-3.8,0.0,0,0,0,0,0,0,1,0,1,0
2024-01-17 02:00:00,107,3,0,10,0,1.7,-3.8,0.0,0,0,0,0,0,0,1,0,1,0
2024-01-19 19:00:00,976,20,2,6,0,8.7,5.5,1.2,1,0,0,0,0,0,0,0,1,0
2024-01-18 15:00:00,1536,16,7,264,0,5.2,-3.2,0.0,0,0,0,0,1,0,0,0,1,0
2024-01-18 19:00:00,1036,20,2,59,0,5.2,-3.2,0.0,0,0,0,0,1,0,0,0,1,0
2024-01-19 06:00:00,118,7,1,34,0,8.7,5.5,1.2,1,0,0,0,0,0,0,0,1,0
2024-01-19 00:00:00,257,1,1,27,0,8.7,5.5,1.2,1,0,0,0,0,0,0,0,1,0
2024-01-19 21:00:00,652,22,1,6,0,8.7,5.5,1.2,1,0,0,0,0,0,0,0,1,0
2024-01-19 20:00:00,860,21,1,4,0,8.7,5.5,1.2,1,0,0,0,0,0,0,0,1,0
2024-01-19 03:00:00,50,4,1,3,0,8.7,5.5,1.2,1,0,0,0,0,0,0,0,1,0
2024-01-18 14:00:00,1591,15,7,226,0,5.2,-3.2,0.0,0,0,0,0,1,0,0,0,1,0
2024-01-18 22:00:00,474,23,2,56,0,5.2,-3.2,0.0,0,0,0,0,1,0,0,0,1,0
2024-01-18 23:00:00,312,0,2,37,0,5.2,-3.2,0.0,0,0,0,0,1,0,0,0,1,0
2024-01-18 11:00:00,1520,12,7,163,0,5.2,-3.2,0.0,0,0,0,0,1,0,0,0,1,0
2024-01-19 13:00:00,2500,14,22,248,0,8.7,5.5,1.2,1,0,0,0,0,0,0,0,1,0
2024-01-19 14:00:00,2072,15,18,245,0,8.7,5.5,1.2,1,0,0,0,0,0,0,0,1,0
2024-01-19 12:00:00,2488,13,13,263,0,8.7,5.5,1.2,1,0,0,0,0,0,0,0,1,0
2024-01-19 16:00:00,2073,17,13,155,0,8.7,5.5,1.2,1,0,0,0,0,0,0,0,1,0
2024-01-19 10:00:00,1683,11,12,196,0,8.7,5.5,1.2,1,0,0,0,0,0,0,0,1,0
2024-01-19 15:00:00,2180,16,10,320,0,8.7,5.5,1.2,1,0,0,0,0,0,0,0,1,0
2024-01-19 07:00:00,290,8,9,63,0,8.7,5.5,1.2,1,0,0,0,0,0,0,0,1,0
2024-01-18 17:00:00,1823,18,5,138,0,5.2,-3.2,0.0,0,0,0,0,1,0,0,0,1,0
2024-01-18 16:00:00,1958,17,14,220,0,5.2,-3.2,0.0,0,0,0,0,1,0,0,0,1,0
2024-01-18 10:00:00,1180,11,12,141,0,5.2,-3.2,0.0,0,0,0,0,1,0,0,0,1,0
2024-01-18 08:00:00,582,9,10,275,0,5.2,-3.2,0.0,0,0,0,0,1,0,0,0,1,0
2024-01-18 12:00:00,2220,13,10,225,0,5.2,-3.2,0.0,0,0,0,0,1,0,0,0,1,0
2024-01-18 09:00:00,786,10,9,206,0,5.2,-3.2,0.0,0,0,0,0,1,0,0,0,1,0
2024-01-18 13:00:00,2243,14,8,241,0,5.2,-3.2,0.0,0,0,0,0,1,0,0,0,1,0
2024-01-18 07:00:00,241,8,4,54,0,5.2,-3.2,0.0,0,0,0,0,1,0,0,0,1,0
2024-01-18 02:00:00,645,3,4,28,0,5.2,-3.2,0.0,0,0,0,0,1,0,0,0,1,0
2024-01-18 21:00:00,617,22,1,84,0,5.2,-3.2,0.0,0,0,0,0,1,0,0,0,1,0
2024-01-18 18:00:00,1384,19,1,62,0,5.2,-3.2,0.0,0,0,0,0,1,0,0,0,1,0
2024-01-18 20:00:00,726,21,1,30,0,5.2,-3.2,0.0,0,0,0,0,1,0,0,0,1,0
2024-01-18 05:00:00,79,6,1,27,0,5.2,-3.2,0.0,0,0,0,0,1,0,0,0,1,0
2024-01-18 06:00:00,122,7,3,32,0,5.2,-3.2,0.0,0,0,0,0,1,0,0,0,1,0
2024-01-18 00:00:00,282,1,3,11,0,5.2,-3.2,0.0,0,0,0,0,1,0,0,0,1,0
2024-01-20 06:00:00,109,7,0,30,0,11.6,5.5,1.0,0,0,1,0,0,0,0,0,1,0
2024-01-19 02:00:00,201,3,0,19,0,8.7,5.5,1.2,1,0,0,0,0,0,0,0,1,0
2024-01-19 01:00:00,168,2,0,19,0,8.7,5.5,1.2,1,0,0,0,0,0,0,0,1,0
2024-01-19 04:00:00,44,5,0,6,0,8.7,5.5,1.2,1,0,0,0,0,0,0,0,1,0
2024-01-21 17:00:00,661,18,4,7,0,6.2,5.5,10.0,0,0,0,1,0,0,0,0,1,0
2024-01-20 16:00:00,2043,17,0,25,0,11.6,5.5,1.0,0,0,1,0,0,0,0,0,1,0
2024-01-20 02:00:00,401,3,0,14,0,11.6,5.5,1.0,0,0,1,0,0,0,0,0,1,0
2024-01-20 04:00:00,21,5,0,11,0,11.6,5.5,1.0,0,0,1,0,0,0,0,0,1,0
2024-01-20 23:00:00,519,0,0,7,0,11.6,5.5,1.0,0,0,1,0,0,0,0,0,1,0
2024-01-21 16:00:00,1039,17,2,29,0,6.2,5.5,10.0,0,0,0,1,0,0,0,0,1,0
2024-01-21 08:00:00,140,9,2,26,0,6.2,5.5,10.0,0,0,0,1,0,0,0,0,1,0
2024-01-21 02:00:00,672,3,2,13,0,6.2,5.5,10.0,0,0,0,1,0,0,0,0,1,0
2024-01-21 04:00:00,107,5,2,10,0,6.2,5.5,10.0,0,0,0,1,0,0,0,0,1,0
2024-01-21 05:00:00,80,6,2,9,0,6.2,5.5,10.0,0,0,0,1,0,0,0,0,1,0
2024-01-21 19:00:00,485,20,2,7,0,6.2,5.5,10.0,0,0,0,1,0,0,0,0,1,0
2024-01-21 00:00:00,441,1,2,6,0,6.2,5.5,10.0,0,0,0,1,0,0,0,0,1,0
2024-01-21 18:00:00,560,19,2,2,0,6.2,5.5,10.0,0,0,0,1,0,0,0,0,1,0
2024-01-20 22:00:00,706,23,1,15,0,11.6,5.5,1.0,0,0,1,0,0,0,0,0,1,0
2024-01-20 05:00:00,109,6,1,6,0,11.6,5.5,1.0,0,0,1,0,0,0,0,0,1,0
2024-01-20 11:00:00,1934,12,21,220,0,11.6,5.5,1.0,0,0,1,0,0,0,0,0,1,0
2024-01-20 13:00:00,3563,14,18,257,0,11.6,5.5,1.0,0,0,1,0,0,0,0,0,1,0
2024-01-20 12:00:00,2927,13,17,261,0,11.6,5.5,1.0,0,0,1,0,0,0,0,0,1,0
2024-01-20 14:00:00,2240,15,15,19,0,11.6,5.5,1.0,0,0,1,0,0,0,0,0,1,0
2024-01-20 19:00:00,991,20,13,4,0,11.6,5.5,1.0,0,0,1,0,0,0,0,0,1,0
2024-01-20 10:00:00,1395,11,10,237,0,11.6,5.5,1.0,0,0,1,0,0,0,0,0,1,0
2024-01-20 17:00:00,1567,18,10,13,0,11.6,5.5,1.0,0,0,1,0,0,0,0,0,1,0
2024-01-20 15:00:00,2352,16,10,9,0,11.6,5.5,1.0,0,0,1,0,0,0,0,0,1,0
2024-01-20 18:00:00,1371,19,10,9,0,11.6,5.5,1.0,0,0,1,0,0,0,0,0,1,0
2024-01-20 09:00:00,888,10,6,159,0,11.6,5.5,1.0,0,0,1,0,0,0,0,0,1,0
2024-01-21 14:00:00,1663,15,13,189,0,6.2,5.5,10.0,0,0,0,1,0,0,0,0,1,0
2024-01-21 12:00:00,1308,13,13,156,0,6.2,5.5,10.0,0,0,0,1,0,0,0,0,1,0
2024-01-21 09:00:00,246,10,11,77,0,6.2,5.5,10.0,0,0,0,1,0,0,0,0,1,0
2024-01-21 13:00:00,1680,14,10,157,0,6.2,5.5,10.0,0,0,0,1,0,0,0,0,1,0
2024-01-21 10:00:00,538,11,10,143,0,6.2,5.5,10.0,0,0,0,1,0,0,0,0,1,0
2024-01-21 11:00:00,836,12,7,125,0,6.2,5.5,10.0,0,0,0,1,0,0,0,0,1,0
2024-01-21 15:00:00,1133,16,5,109,0,6.2,5.5,10.0,0,0,0,1,0,0,0,0,1,0
2024-01-21 03:00:00,560,4,5,11,0,6.2,5.5,10.0,0,0,0,1,0,0,0,0,1,0
2024-01-20 07:00:00,194,8,5,42,0,11.6,5.5,1.0,0,0,1,0,0,0,0,0,1,0
2024-01-21 22:00:00,318,23,0,29,0,6.2,5.5,10.0,0,0,0,1,0,0,0,0,1,0
2024-01-20 00:00:00,488,1,3,34,0,11.6,5.5,1.0,0,0,1,0,0,0,0,0,1,0
2024-01-20 03:00:00,348,4,3,20,0,11.6,5.5,1.0,0,0,1,0,0,0,0,0,1,0
2024-01-20 08:00:00,378,9,2,82,0,11.6,5.5,1.0,0,0,1,0,0,0,0,0,1,0
2024-01-20 01:00:00,374,2,2,23,0,11.6,5.5,1.0,0,0,1,0,0,0,0,0,1,0
2024-01-20 21:00:00,835,22,2,17,0,11.6,5.5,1.0,0,0,1,0,0,0,0,0,1,0
2024-01-20 20:00:00,1020,21,2,15,0,11.6,5.5,1.0,0,0,1,0,0,0,0,0,1,0
2024-01-22 02:00:00,112,3,0,11,0,12.0,4.7,3.2,0,1,0,0,0,0,0,0,1,0
2024-01-22 20:00:00,380,21,0,6,0,12.0,4.7,3.2,0,1,0,0,0,0,0,0,1,0
2024-01-22 10:00:00,975,11,14,16,0,12.0,4.7,3.2,0,1,0,0,0,0,0,0,1,0
2024-01-22 21:00:00,360,22,0,3,0,12.0,4.7,3.2,0,1,0,0,0,0,0,0,1,0
2024-01-22 03:00:00,20,4,0,3,0,12.0,4.7,3.2,0,1,0,0,0,0,0,0,1,0
2024-01-22 09:00:00,791,10,13,147,0,12.0,4.7,3.2,0,1,0,0,0,0,0,0,1,0
2024-01-23 15:00:00,1530,16,25,225,0,10.3,4.7,12.3,0,0,0,0,0,1,0,0,1,0
2024-01-23 14:00:00,1655,15,11,186,0,10.3,4.7,12.3,0,0,0,0,0,1,0,0,1,0
2024-01-23 09:00:00,912,10,10,207,0,10.3,4.7,12.3,0,0,0,0,0,1,0,0,1,0
2024-01-23 16:00:00,1429,17,10,157,0,10.3,4.7,12.3,0,0,0,0,0,1,0,0,1,0
2024-01-22 13:00:00,1564,14,9,44,0,12.0,4.7,3.2,0,1,0,0,0,0,0,0,1,0
2024-01-23 12:00:00,1823,13,9,242,0,10.3,4.7,12.3,0,0,0,0,0,1,0,0,1,0
2024-01-22 07:00:00,217,8,8,57,0,12.0,4.7,3.2,0,1,0,0,0,0,0,0,1,0
2024-01-23 18:00:00,801,19,2,148,0,10.3,4.7,12.3,0,0,0,0,0,1,0,0,1,0
2024-01-22 12:00:00,1489,13,8,6,0,12.0,4.7,3.2,0,1,0,0,0,0,0,0,1,0
2024-01-22 00:00:00,241,1,0,26,0,12.0,4.7,3.2,0,1,0,0,0,0,0,0,1,0
2024-01-22 06:00:00,104,7,0,17,0,12.0,4.7,3.2,0,1,0,0,0,0,0,0,1,0
2024-01-22 01:00:00,84,2,0,15,0,12.0,4.7,3.2,0,1,0,0,0,0,0,0,1,0
2024-01-22 17:00:00,821,18,7,12,0,12.0,4.7,3.2,0,1,0,0,0,0,0,0,1,0
2024-01-23 20:00:00,438,21,0,79,0,10.3,4.7,12.3,0,0,0,0,0,1,0,0,1,0
2024-01-22 05:00:00,93,6,1,14,0,12.0,4.7,3.2,0,1,0,0,0,0,0,0,1,0
2024-01-22 19:00:00,341,20,1,7,0,12.0,4.7,3.2,0,1,0,0,0,0,0,0,1,0
2024-01-22 22:00:00,412,23,1,6,0,12.0,4.7,3.2,0,1,0,0,0,0,0,0,1,0
2024-01-22 04:00:00,47,5,1,4,0,12.0,4.7,3.2,0,1,0,0,0,0,0,0,1,0
2024-01-23 00:00:00,178,1,2,48,0,10.3,4.7,12.3,0,0,0,0,0,1,0,0,1,0
2024-01-23 11:00:00,1560,12,6,185,0,10.3,4.7,12.3,0,0,0,0,0,1,0,0,1,0
2024-01-23 17:00:00,1403,18,6,157,0,10.3,4.7,12.3,0,0,0,0,0,1,0,0,1,0
2024-01-22 16:00:00,1189,17,6,3,0,12.0,4.7,3.2,0,1,0,0,0,0,0,0,1,0
2024-01-21 23:00:00,218,0,0,22,0,6.2,5.5,10.0,0,0,0,1,0,0,0,0,1,0
2024-01-21 07:00:00,85,8,0,20,0,6.2,5.5,10.0,0,0,0,1,0,0,0,0,1,0
2024-01-22 08:00:00,778,9,5,274,0,12.0,4.7,3.2,0,1,0,0,0,0,0,0,1,0
2024-01-22 23:00:00,236,0,5,36,0,12.0,4.7,3.2,0,1,0,0,0,0,0,0,1,0
2024-01-23 08:00:00,702,9,1,200,0,10.3,4.7,12.3,0,0,0,0,0,1,0,0,1,0
2024-01-21 01:00:00,485,2,0,9,0,6.2,5.5,10.0,0,0,0,1,0,0,0,0,1,0
2024-01-22 18:00:00,611,19,5,8,0,12.0,4.7,3.2,0,1,0,0,0,0,0,0,1,0
2024-01-21 06:00:00,46,7,0,9,0,6.2,5.5,10.0,0,0,0,1,0,0,0,0,1,0
2024-01-23 10:00:00,1182,11,4,222,0,10.3,4.7,12.3,0,0,0,0,0,1,0,0,1,0
2024-01-23 19:00:00,633,20,1,97,0,10.3,4.7,12.3,0,0,0,0,0,1,0,0,1,0
2024-01-23 02:00:00,137,3,0,28,0,10.3,4.7,12.3,0,0,0,0,0,1,0,0,1,0
2024-01-23 01:00:00,166,2,0,26,0,10.3,4.7,12.3,0,0,0,0,0,1,0,0,1,0
2024-01-23 21:00:00,363,22,1,77,0,10.3,4.7,12.3,0,0,0,0,0,1,0,0,1,0
2024-01-23 05:00:00,74,6,0,7,0,10.3,4.7,12.3,0,0,0,0,0,1,0,0,1,0
2024-01-22 11:00:00,1209,12,4,10,0,12.0,4.7,3.2,0,1,0,0,0,0,0,0,1,0
2024-01-21 20:00:00,304,21,0,2,0,6.2,5.5,10.0,0,0,0,1,0,0,0,0,1,0
2024-01-21 21:00:00,288,22,0,2,0,6.2,5.5,10.0,0,0,0,1,0,0,0,0,1,0
2024-01-23 13:00:00,1924,14,3,157,0,10.3,4.7,12.3,0,0,0,0,0,1,0,0,1,0
2024-01-23 07:00:00,224,8,3,64,0,10.3,4.7,12.3,0,0,0,0,0,1,0,0,1,0
2024-01-23 06:00:00,116,7,3,18,0,10.3,4.7,12.3,0,0,0,0,0,1,0,0,1,0
2024-01-23 22:00:00,279,23,3,5,0,10.3,4.7,12.3,0,0,0,0,0,1,0,0,1,0
2024-01-22 14:00:00,1560,15,16,189,0,12.0,4.7,3.2,0,1,0,0,0,0,0,0,1,0
2024-01-22 15:00:00,1263,16,15,151,0,12.0,4.7,3.2,0,1,0,0,0,0,0,0,1,0
2024-01-23 23:00:00,162,0,1,11,0,10.3,4.7,12.3,0,0,0,0,0,1,0,0,1,0
2024-01-23 04:00:00,16,5,1,10,0,10.3,4.7,12.3,0,0,0,0,0,1,0,0,1,0
2024-01-25 09:00:00,1010,10,11,191,0,8.5,3.2,4.6,0,0,0,0,1,0,0,0,1,0
2024-01-25 12:00:00,2221,13,10,209,0,8.5,3.2,4.6,0,0,0,0,1,0,0,0,1,0
2024-01-25 14:00:00,1875,15,9,141,0,8.5,3.2,4.6,0,0,0,0,1,0,0,0,1,0
2024-01-25 10:00:00,1309,11,7,238,0,8.5,3.2,4.6,0,0,0,0,1,0,0,0,1,0
2024-01-25 13:00:00,1987,14,7,127,0,8.5,3.2,4.6,0,0,0,0,1,0,0,0,1,0
2024-01-25 20:00:00,598,21,7,5,0,8.5,3.2,4.6,0,0,0,0,1,0,0,0,1,0
2024-01-25 19:00:00,643,20,7,2,0,8.5,3.2,4.6,0,0,0,0,1,0,0,0,1,0
2024-01-25 15:00:00,1938,16,6,279,0,8.5,3.2,4.6,0,0,0,0,1,0,0,0,1,0
2024-01-25 06:00:00,149,7,5,31,0,8.5,3.2,4.6,0,0,0,0,1,0,0,0,1,0
2024-01-25 01:00:00,309,2,5,28,0,8.5,3.2,4.6,0,0,0,0,1,0,0,0,1,0
2024-01-25 05:00:00,66,6,5,14,0,8.5,3.2,4.6,0,0,0,0,1,0,0,0,1,0
2024-01-24 03:00:00,39,4,1,1,0,10.7,5.5,0.0,0,0,0,0,0,0,1,0,1,0
2024-01-24 07:00:00,252,8,5,45,0,10.7,5.5,0.0,0,0,0,0,0,0,1,0,1,0
2024-01-24 22:00:00,450,23,5,32,0,10.7,5.5,0.0,0,0,0,0,0,0,1,0,1,0
2024-01-24 23:00:00,269,0,5,23,0,10.7,5.5,0.0,0,0,0,0,0,0,1,0,1,0
2024-01-23 03:00:00,40,4,0,2,0,10.3,4.7,12.3,0,0,0,0,0,1,0,0,1,0
2024-01-24 12:00:00,2317,13,58,232,0,10.7,5.5,0.0,0,0,0,0,0,0,1,0,1,0
2024-01-24 13:00:00,2669,14,56,237,0,10.7,5.5,0.0,0,0,0,0,0,0,1,0,1,0
2024-01-24 16:00:00,1990,17,43,275,0,10.7,5.5,0.0,0,0,0,0,0,0,1,0,1,0
2024-01-24 15:00:00,1944,16,39,288,0,10.7,5.5,0.0,0,0,0,0,0,0,1,0,1,0
2024-01-24 14:00:00,2031,15,36,223,0,10.7,5.5,0.0,0,0,0,0,0,0,1,0,1,0
2024-01-24 11:00:00,1755,12,35,194,0,10.7,5.5,0.0,0,0,0,0,0,0,1,0,1,0
2024-01-24 10:00:00,1163,11,29,173,0,10.7,5.5,0.0,0,0,0,0,0,0,1,0,1,0
2024-01-24 09:00:00,905,10,26,199,0,10.7,5.5,0.0,0,0,0,0,0,0,1,0,1,0
2024-01-24 21:00:00,606,22,19,29,0,10.7,5.5,0.0,0,0,0,0,0,0,1,0,1,0
2024-01-24 17:00:00,1536,18,9,55,0,10.7,5.5,0.0,0,0,0,0,0,0,1,0,1,0
2024-01-24 08:00:00,665,9,8,299,0,10.7,5.5,0.0,0,0,0,0,0,0,1,0,1,0
2024-01-24 19:00:00,813,20,8,23,0,10.7,5.5,0.0,0,0,0,0,0,0,1,0,1,0
2024-01-24 06:00:00,132,7,8,14,0,10.7,5.5,0.0,0,0,0,0,0,0,1,0,1,0
2024-01-24 20:00:00,702,21,6,18,0,10.7,5.5,0.0,0,0,0,0,0,0,1,0,1,0
2024-01-25 07:00:00,235,8,3,53,0,8.5,3.2,4.6,0,0,0,0,1,0,0,0,1,0
2024-01-25 17:00:00,1200,18,3,41,0,8.5,3.2,4.6,0,0,0,0,1,0,0,0,1,0
2024-01-25 08:00:00,717,9,24,323,0,8.5,3.2,4.6,0,0,0,0,1,0,0,0,1,0
2024-01-25 00:00:00,286,1,3,24,0,8.5,3.2,4.6,0,0,0,0,1,0,0,0,1,0
2024-01-25 04:00:00,13,5,3,7,0,8.5,3.2,4.6,0,0,0,0,1,0,0,0,1,0
2024-01-25 22:00:00,443,23,2,12,0,8.5,3.2,4.6,0,0,0,0,1,0,0,0,1,0
2024-01-24 00:00:00,183,1,0,5,0,10.7,5.5,0.0,0,0,0,0,0,0,1,0,1,0
2024-01-25 02:00:00,531,3,17,23,0,8.5,3.2,4.6,0,0,0,0,1,0,0,0,1,0
2024-01-24 05:00:00,76,6,3,2,0,10.7,5.5,0.0,0,0,0,0,0,0,1,0,1,0
2024-01-24 01:00:00,82,2,3,1,0,10.7,5.5,0.0,0,0,0,0,0,0,1,0,1,0
2024-01-25 03:00:00,138,4,16,12,0,8.5,3.2,4.6,0,0,0,0,1,0,0,0,1,0
2024-01-25 11:00:00,1681,12,14,214,0,8.5,3.2,4.6,0,0,0,0,1,0,0,0,1,0
2024-01-25 16:00:00,1737,17,12,267,0,8.5,3.2,4.6,0,0,0,0,1,0,0,0,1,0
2024-01-25 18:00:00,838,19,12,28,0,8.5,3.2,4.6,0,0,0,0,1,0,0,0,1,0
2024-01-25 21:00:00,463,22,12,4,0,8.5,3.2,4.6,0,0,0,0,1,0,0,0,1,0
2024-01-24 02:00:00,99,3,2,5,0,10.7,5.5,0.0,0,0,0,0,0,0,1,0,1,0
2024-01-24 18:00:00,709,19,1,9,0,10.7,5.5,0.0,0,0,0,0,0,0,1,0,1,0
2024-01-24 04:00:00,13,5,1,5,0,10.7,5.5,0.0,0,0,0,0,0,0,1,0,1,0
2024-01-25 23:00:00,281,0,0,2,0,8.5,3.2,4.6,0,0,0,0,1,0,0,0,1,0
2024-01-26 13:00:00,3243,14,54,269,0,9.7,5.5,0.0,1,0,0,0,0,0,0,0,1,0
2024-01-26 12:00:00,2684,13,39,243,0,9.7,5.5,0.0,1,0,0,0,0,0,0,0,1,0
2024-01-26 10:00:00,1494,11,32,238,0,9.7,5.5,0.0,1,0,0,0,0,0,0,0,1,0
2024-01-26 14:00:00,2441,15,29,262,0,9.7,5.5,0.0,1,0,0,0,0,0,0,0,1,0
2024-01-26 11:00:00,2194,12,27,220,0,9.7,5.5,0.0,1,0,0,0,0,0,0,0,1,0
2024-01-26 09:00:00,1191,10,26,154,0,9.7,5.5,0.0,1,0,0,0,0,0,0,0,1,0
2024-01-26 15:00:00,2786,16,25,318,0,9.7,5.5,0.0,1,0,0,0,0,0,0,0,1,0
2024-01-26 16:00:00,2591,17,25,196,0,9.7,5.5,0.0,1,0,0,0,0,0,0,0,1,0
2024-01-26 19:00:00,1215,20,20,37,0,9.7,5.5,0.0,1,0,0,0,0,0,0,0,1,0
2024-01-26 18:00:00,1389,19,17,38,0,9.7,5.5,0.0,1,0,0,0,0,0,0,0,1,0
2024-01-26 20:00:00,1025,21,13,49,0,9.7,5.5,0.0,1,0,0,0,0,0,0,0,1,0
2024-01-26 21:00:00,881,22,13,23,0,9.7,5.5,0.0,1,0,0,0,0,0,0,0,1,0
2024-01-27 20:00:00,1223,21,1,35,0,11.3,5.5,0.0,0,0,1,0,0,0,0,0,1,0
2024-01-27 13:00:00,3254,14,20,167,0,11.3,5.5,0.0,0,0,1,0,0,0,0,0,1,0
2024-01-27 07:00:00,183,8,1,31,0,11.3,5.5,0.0,0,0,1,0,0,0,0,0,1,0
2024-01-27 23:00:00,766,0,20,96,0,11.3,5.5,0.0,0,0,1,0,0,0,0,0,1,0
2024-01-28 13:00:00,2680,14,57,196,0,5.7,5.5,0.0,0,0,0,1,0,0,0,0,1,0
2024-01-28 14:00:00,2647,15,49,177,0,5.7,5.5,0.0,0,0,0,1,0,0,0,0,1,0
2024-01-28 12:00:00,1981,13,46,181,0,5.7,5.5,0.0,0,0,0,1,0,0,0,0,1,0
2024-01-27 06:00:00,118,7,5,12,0,11.3,5.5,0.0,0,0,1,0,0,0,0,0,1,0
2024-01-26 08:00:00,789,9,2,140,0,9.7,5.5,0.0,1,0,0,0,0,0,0,0,1,0
2024-01-28 11:00:00,1576,12,36,153,0,5.7,5.5,0.0,0,0,0,1,0,0,0,0,1,0
2024-01-27 08:00:00,321,9,4,84,0,11.3,5.5,0.0,0,0,1,0,0,0,0,0,1,0
2024-01-27 17:00:00,1782,18,4,32,0,11.3,5.5,0.0,0,0,1,0,0,0,0,0,1,0
2024-01-27 18:00:00,2222,19,4,7,0,11.3,5.5,0.0,0,0,1,0,0,0,0,0,1,0
2024-01-27 00:00:00,574,1,3,35,0,11.3,5.5,0.0,0,0,1,0,0,0,0,0,1,0
2024-01-27 01:00:00,530,2,3,35,0,11.3,5.5,0.0,0,0,1,0,0,0,0,0,1,0
2024-01-27 22:00:00,916,23,2,94,0,11.3,5.5,0.0,0,0,1,0,0,0,0,0,1,0
2024-01-27 15:00:00,2035,16,14,45,0,11.3,5.5,0.0,0,0,1,0,0,0,0,0,1,0
2024-01-27 16:00:00,2132,17,9,65,0,11.3,5.5,0.0,0,0,1,0,0,0,0,0,1,0
2024-01-27 21:00:00,1043,22,9,42,0,11.3,5.5,0.0,0,0,1,0,0,0,0,0,1,0
2024-01-27 19:00:00,1505,20,8,19,0,11.3,5.5,0.0,0,0,1,0,0,0,0,0,1,0
2024-01-27 02:00:00,796,3,7,34,0,11.3,5.5,0.0,0,0,1,0,0,0,0,0,1,0
2024-01-27 14:00:00,2879,15,7,23,0,11.3,5.5,0.0,0,0,1,0,0,0,0,0,1,0
2024-01-27 03:00:00,497,4,6,22,0,11.3,5.5,0.0,0,0,1,0,0,0,0,0,1,0
2024-01-27 04:00:00,59,5,6,4,0,11.3,5.5,0.0,0,0,1,0,0,0,0,0,1,0
2024-01-27 05:00:00,101,6,6,2,0,11.3,5.5,0.0,0,0,1,0,0,0,0,0,1,0
2024-01-28 15:00:00,2203,16,31,212,0,5.7,5.5,0.0,0,0,0,1,0,0,0,0,1,0
2024-01-28 10:00:00,701,11,31,140,0,5.7,5.5,0.0,0,0,0,1,0,0,0,0,1,0
2024-01-28 16:00:00,1734,17,16,158,0,5.7,5.5,0.0,0,0,0,1,0,0,0,0,1,0
2024-01-26 17:00:00,1848,18,7,64,0,9.7,5.5,0.0,1,0,0,0,0,0,0,0,1,0
2024-01-26 06:00:00,134,7,1,20,0,9.7,5.5,0.0,1,0,0,0,0,0,0,0,1,0
2024-01-26 02:00:00,147,3,1,9,0,9.7,5.5,0.0,1,0,0,0,0,0,0,0,1,0
2024-01-26 22:00:00,917,23,6,40,0,9.7,5.5,0.0,1,0,0,0,0,0,0,0,1,0
2024-01-26 03:00:00,65,4,6,1,0,9.7,5.5,0.0,1,0,0,0,0,0,0,0,1,0
2024-01-26 05:00:00,102,6,1,7,0,9.7,5.5,0.0,1,0,0,0,0,0,0,0,1,0
2024-01-26 23:00:00,563,0,5,54,0,9.7,5.5,0.0,1,0,0,0,0,0,0,0,1,0
2024-01-26 07:00:00,335,8,4,51,0,9.7,5.5,0.0,1,0,0,0,0,0,0,0,1,0
2024-01-26 01:00:00,101,2,0,7,0,9.7,5.5,0.0,1,0,0,0,0,0,0,0,1,0
2024-01-26 00:00:00,196,1,0,3,0,9.7,5.5,0.0,1,0,0,0,0,0,0,0,1,0
2024-01-26 04:00:00,9,5,0,1,0,9.7,5.5,0.0,1,0,0,0,0,0,0,0,1,0
2024-01-27 11:00:00,1868,12,53,120,0,11.3,5.5,0.0,0,0,1,0,0,0,0,0,1,0
2024-01-27 10:00:00,1422,11,37,150,0,11.3,5.5,0.0,0,0,1,0,0,0,0,0,1,0
2024-01-27 09:00:00,733,10,26,164,0,11.3,5.5,0.0,0,0,1,0,0,0,0,0,1,0
2024-01-27 12:00:00,1693,13,24,9,0,11.3,5.5,0.0,0,0,1,0,0,0,0,0,1,0
2024-01-28 05:00:00,70,6,0,4,0,5.7,5.5,0.0,0,0,0,1,0,0,0,0,1,0
2024-01-29 09:00:00,895,10,35,206,0,7.4,5.5,0.0,0,1,0,0,0,0,0,0,1,0
2024-01-29 10:00:00,1370,11,25,217,0,7.4,5.5,0.0,0,1,0,0,0,0,0,0,1,0
2024-01-29 12:00:00,2153,13,25,143,0,7.4,5.5,0.0,0,1,0,0,0,0,0,0,1,0
2024-01-29 00:00:00,223,1,2,25,0,7.4,5.5,0.0,0,1,0,0,0,0,0,0,1,0
2024-01-28 00:00:00,673,1,11,40,0,5.7,5.5,0.0,0,0,0,1,0,0,0,0,1,0
2024-01-28 09:00:00,341,10,10,69,0,5.7,5.5,0.0,0,0,0,1,0,0,0,0,1,0
2024-01-28 02:00:00,662,3,10,44,0,5.7,5.5,0.0,0,0,0,1,0,0,0,0,1,0
2024-01-28 17:00:00,1637,18,9,77,0,5.7,5.5,0.0,0,0,0,1,0,0,0,0,1,0
2024-01-28 19:00:00,899,20,8,33,0,5.7,5.5,0.0,0,0,0,1,0,0,0,0,1,0
2024-01-28 01:00:00,731,2,7,51,0,5.7,5.5,0.0,0,0,0,1,0,0,0,0,1,0
2024-01-28 18:00:00,1527,19,6,27,0,5.7,5.5,0.0,0,0,0,1,0,0,0,0,1,0
2024-01-28 03:00:00,623,4,5,38,0,5.7,5.5,0.0,0,0,0,1,0,0,0,0,1,0
2024-01-28 20:00:00,784,21,4,35,0,5.7,5.5,0.0,0,0,0,1,0,0,0,0,1,0
2024-01-28 08:00:00,246,9,4,30,0,5.7,5.5,0.0,0,0,0,1,0,0,0,0,1,0
2024-01-30 11:00:00,1454,12,17,178,0,8.7,5.5,0.0,0,0,0,0,0,1,0,0,1,0
2024-01-30 12:00:00,2755,13,16,264,0,8.7,5.5,0.0,0,0,0,0,0,1,0,0,1,0
2024-01-30 09:00:00,1069,10,14,226,0,8.7,5.5,0.0,0,0,0,0,0,1,0,0,1,0
2024-01-30 16:00:00,1948,17,13,87,0,8.7,5.5,0.0,0,0,0,0,0,1,0,0,1,0
2024-01-30 18:00:00,1282,19,12,109,0,8.7,5.5,0.0,0,0,0,0,0,1,0,0,1,0
2024-01-30 15:00:00,1267,16,12,54,0,8.7,5.5,0.0,0,0,0,0,0,1,0,0,1,0
2024-01-30 17:00:00,1203,18,12,39,0,8.7,5.5,0.0,0,0,0,0,0,1,0,0,1,0
2024-01-30 20:00:00,638,21,9,54,0,8.7,5.5,0.0,0,0,0,0,0,1,0,0,1,0
2024-01-30 19:00:00,881,20,9,44,0,8.7,5.5,0.0,0,0,0,0,0,1,0,0,1,0
2024-01-30 07:00:00,305,8,8,54,0,8.7,5.5,0.0,0,0,0,0,0,1,0,0,1,0
2024-01-30 06:00:00,138,7,7,24,0,8.7,5.5,0.0,0,0,0,0,0,1,0,0,1,0
2024-01-29 06:00:00,147,7,2,18,0,7.4,5.5,0.0,0,1,0,0,0,0,0,0,1,0
2024-01-28 07:00:00,230,8,3,25,0,5.7,5.5,0.0,0,0,0,1,0,0,0,0,1,0
2024-01-29 22:00:00,446,23,0,13,0,7.4,5.5,0.0,0,1,0,0,0,0,0,0,1,0
2024-01-28 06:00:00,91,7,3,9,0,5.7,5.5,0.0,0,0,0,1,0,0,0,0,1,0
2024-01-28 04:00:00,40,5,3,5,0,5.7,5.5,0.0,0,0,0,1,0,0,0,0,1,0
2024-01-29 11:00:00,1455,12,18,166,0,7.4,5.5,0.0,0,1,0,0,0,0,0,0,1,0
2024-01-29 04:00:00,16,5,0,8,0,7.4,5.5,0.0,0,1,0,0,0,0,0,0,1,0
2024-01-29 23:00:00,296,0,0,6,0,7.4,5.5,0.0,0,1,0,0,0,0,0,0,1,0
2024-01-29 15:00:00,1561,16,17,193,0,7.4,5.5,0.0,0,1,0,0,0,0,0,0,1,0
2024-01-29 01:00:00,107,2,1,27,0,7.4,5.5,0.0,0,1,0,0,0,0,0,0,1,0
2024-01-29 13:00:00,2325,14,16,101,0,7.4,5.5,0.0,0,1,0,0,0,0,0,0,1,0
2024-01-28 21:00:00,588,22,2,61,0,5.7,5.5,0.0,0,0,0,1,0,0,0,0,1,0
2024-01-29 17:00:00,1522,18,5,52,0,7.4,5.5,0.0,0,1,0,0,0,0,0,0,1,0
2024-01-30 14:00:00,1993,15,32,254,0,8.7,5.5,0.0,0,0,0,0,0,1,0,0,1,0
2024-01-30 13:00:00,3077,14,32,236,0,8.7,5.5,0.0,0,0,0,0,0,1,0,0,1,0
2024-01-30 10:00:00,1094,11,23,205,0,8.7,5.5,0.0,0,0,0,0,0,1,0,0,1,0
2024-01-30 08:00:00,933,9,21,318,0,8.7,5.5,0.0,0,0,0,0,0,1,0,0,1,0
2024-01-29 21:00:00,502,22,5,26,0,7.4,5.5,0.0,0,1,0,0,0,0,0,0,1,0
2024-01-29 18:00:00,1016,19,5,18,0,7.4,5.5,0.0,0,1,0,0,0,0,0,0,1,0
2024-01-29 20:00:00,601,21,4,40,0,7.4,5.5,0.0,0,1,0,0,0,0,0,0,1,0
2024-01-29 19:00:00,848,20,4,25,0,7.4,5.5,0.0,0,1,0,0,0,0,0,0,1,0
2024-01-29 07:00:00,271,8,4,23,0,7.4,5.5,0.0,0,1,0,0,0,0,0,0,1,0
2024-01-29 05:00:00,93,6,4,14,0,7.4,5.5,0.0,0,1,0,0,0,0,0,0,1,0
2024-01-29 03:00:00,23,4,3,4,0,7.4,5.5,0.0,0,1,0,0,0,0,0,0,1,0
2024-01-29 14:00:00,1799,15,13,139,0,7.4,5.5,0.0,0,1,0,0,0,0,0,0,1,0
2024-01-29 08:00:00,699,9,10,158,0,7.4,5.5,0.0,0,1,0,0,0,0,0,0,1,0
2024-01-29 16:00:00,2017,17,10,99,0,7.4,5.5,0.0,0,1,0,0,0,0,0,0,1,0
2024-01-28 22:00:00,380,23,2,43,0,5.7,5.5,0.0,0,0,0,1,0,0,0,0,1,0
2024-01-28 23:00:00,303,0,1,33,0,5.7,5.5,0.0,0,0,0,1,0,0,0,0,1,0
2024-01-29 02:00:00,108,3,1,5,0,7.4,5.5,0.0,0,1,0,0,0,0,0,0,1,0
2024-01-31 00:00:00,284,1,0,24,0,11.2,5.5,2.1,0,0,0,0,0,0,1,0,1,0
2024-01-31 04:00:00,18,5,0,5,0,11.2,5.5,2.1,0,0,0,0,0,0,1,0,1,0
2024-01-30 03:00:00,75,4,0,8,0,8.7,5.5,0.0,0,0,0,0,0,1,0,0,1,0
2024-01-30 21:00:00,562,22,1,45,0,8.7,5.5,0.0,0,0,0,0,0,1,0,0,1,0
2024-01-31 13:00:00,2568,14,10,156,0,11.2,5.5,2.1,0,0,0,0,0,0,1,0,1,0
2024-01-30 22:00:00,471,23,1,44,0,8.7,5.5,0.0,0,0,0,0,0,1,0,0,1,0
2024-01-30 04:00:00,22,5,0,3,0,8.7,5.5,0.0,0,0,0,0,0,1,0,0,1,0
2024-01-31 12:00:00,2229,13,2,122,0,11.2,5.5,2.1,0,0,0,0,0,0,1,0,1,0
2024-01-31 16:00:00,1388,17,9,9,0,11.2,5.5,2.1,0,0,0,0,0,0,1,0,1,0
2024-01-31 23:00:00,483,0,1,48,0,11.2,5.5,2.1,0,0,0,0,0,0,1,0,1,0
2024-01-31 01:00:00,180,2,1,32,0,11.2,5.5,2.1,0,0,0,0,0,0,1,0,1,0
2024-01-31 06:00:00,134,7,1,25,0,11.2,5.5,2.1,0,0,0,0,0,0,1,0,1,0
2024-01-31 02:00:00,166,3,1,12,0,11.2,5.5,2.1,0,0,0,0,0,0,1,0,1,0
2024-01-31 05:00:00,71,6,1,6,0,11.2,5.5,2.1,0,0,0,0,0,0,1,0,1,0
2024-01-31 03:00:00,30,4,1,4,0,11.2,5.5,2.1,0,0,0,0,0,0,1,0,1,0
2024-01-30 01:00:00,148,2,0,10,0,8.7,5.5,0.0,0,0,0,0,0,1,0,0,1,0
2024-01-31 10:00:00,1174,11,23,246,0,11.2,5.5,2.1,0,0,0,0,0,0,1,0,1,0
2024-01-31 09:00:00,815,10,20,211,0,11.2,5.5,2.1,0,0,0,0,0,0,1,0,1,0
2024-01-31 15:00:00,1307,16,20,42,0,11.2,5.5,2.1,0,0,0,0,0,0,1,0,1,0
2024-01-31 21:00:00,902,22,7,48,0,11.2,5.5,2.1,0,0,0,0,0,0,1,0,1,0
2024-01-31 14:00:00,1736,15,18,251,0,11.2,5.5,2.1,0,0,0,0,0,0,1,0,1,0
2024-01-31 20:00:00,1074,21,6,88,0,11.2,5.5,2.1,0,0,0,0,0,0,1,0,1,0
2024-01-31 07:00:00,283,8,6,51,0,11.2,5.5,2.1,0,0,0,0,0,0,1,0,1,0
2024-01-31 22:00:00,753,23,5,51,0,11.2,5.5,2.1,0,0,0,0,0,0,1,0,1,0
2024-01-31 11:00:00,1592,12,4,156,0,11.2,5.5,2.1,0,0,0,0,0,0,1,0,1,0
2024-01-31 19:00:00,956,20,4,61,0,11.2,5.5,2.1,0,0,0,0,0,0,1,0,1,0
2024-01-31 18:00:00,1376,19,3,40,0,11.2,5.5,2.1,0,0,0,0,0,0,1,0,1,0
2024-01-31 08:00:00,685,9,13,226,0,11.2,5.5,2.1,0,0,0,0,0,0,1,0,1,0
2024-01-31 17:00:00,1688,18,11,33,0,11.2,5.5,2.1,0,0,0,0,0,0,1,0,1,0
2024-01-30 00:00:00,227,1,4,11,0,8.7,5.5,0.0,0,0,0,0,0,1,0,0,1,0
2024-01-30 23:00:00,318,0,2,33,0,8.7,5.5,0.0,0,0,0,0,0,1,0,0,1,0
2024-01-30 02:00:00,54,3,2,10,0,8.7,5.5,0.0,0,0,0,0,0,1,0,0,1,0
2024-01-30 05:00:00,88,6,2,9,0,8.7,5.5,0.0,0,0,0,0,0,1,0,0,1,0
2024-03-12 15:00:00,1792,16,40,264,0,11.2,5.1,1.8,0,0,0,0,0,1,0,0,1,0
2024-03-19 11:00:00,1806,12,40,210,0,7.8,8.5,0.0,0,0,0,0,0,1,0,0,1,0
2024-03-31 11:00:00,1011,12,40,125,0,8.8,1.4,0.1,0,0,0,1,0,0,0,0,1,0
2024-03-07 08:00:00,849,9,39,328,0,6.5,5.5,1.5,0,0,0,0,1,0,0,0,1,0
2024-03-07 09:00:00,1092,10,39,275,0,6.5,5.5,1.5,0,0,0,0,1,0,0,0,1,0
2024-03-18 10:00:00,1284,11,69,97,0,14.1,6.1,2.3,0,1,0,0,0,0,0,0,1,0
2024-03-22 09:00:00,997,10,39,209,0,11.3,4.4,0.0,1,0,0,0,0,0,0,0,1,0
2024-03-22 14:00:00,1862,15,39,114,0,11.3,4.4,0.0,1,0,0,0,0,0,0,0,1,0
2024-03-04 10:00:00,1343,11,66,182,0,9.9,-1.6,1.0,0,1,0,0,0,0,0,0,1,0
2024-03-03 14:00:00,2033,15,39,10,0,8.1,5.5,0.0,0,0,0,1,0,0,0,0,1,0
2024-03-12 11:00:00,1618,12,65,195,0,11.2,5.1,1.8,0,0,0,0,0,1,0,0,1,0
2024-03-16 11:00:00,1692,12,64,184,0,12.5,-0.6,9.2,0,0,1,0,0,0,0,0,1,0
2024-03-12 17:00:00,1680,18,38,301,0,11.2,5.1,1.8,0,0,0,0,0,1,0,0,1,0
2024-03-22 08:00:00,826,9,38,292,0,11.3,4.4,0.0,1,0,0,0,0,0,0,0,1,0
2024-03-29 12:00:00,3330,13,38,264,1,12.0,4.8,0.0,1,0,0,0,0,0,0,0,1,0
2024-03-19 12:00:00,2812,13,60,219,0,7.8,8.5,0.0,0,0,0,0,0,1,0,0,1,0
2024-03-02 10:00:00,1511,11,38,229,0,6.8,5.5,3.2,0,0,1,0,0,0,0,0,1,0
2024-03-01 12:00:00,2555,13,60,167,0,7.6,-1.6,2.2,1,0,0,0,0,0,0,0,1,0
2024-03-13 11:00:00,1786,12,38,143,0,7.0,5.9,1.4,0,0,0,0,0,0,1,0,1,0
2024-03-31 14:00:00,2096,15,58,172,0,8.8,1.4,0.1,0,0,0,1,0,0,0,0,1,0
2024-03-18 12:00:00,3140,13,38,109,0,14.1,6.1,2.3,0,1,0,0,0,0,0,0,1,0
2024-03-04 11:00:00,1488,12,58,122,0,9.9,-1.6,1.0,0,1,0,0,0,0,0,0,1,0
2024-03-18 13:00:00,2877,14,38,92,0,14.1,6.1,2.3,0,1,0,0,0,0,0,0,1,0
2024-03-02 12:00:00,3548,13,54,259,0,6.8,5.5,3.2,0,0,1,0,0,0,0,0,1,0
2024-03-12 14:00:00,1880,15,53,238,0,11.2,5.1,1.8,0,0,0,0,0,1,0,0,1,0
2024-03-22 15:00:00,2088,16,37,102,0,11.3,4.4,0.0,1,0,0,0,0,0,0,0,1,0
2024-03-22 10:00:00,1288,11,53,231,0,11.3,4.4,0.0,1,0,0,0,0,0,0,0,1,0
2024-03-30 11:00:00,2572,12,52,243,0,11.2,3.4,1.3,0,0,1,0,0,0,0,0,1,0
2024-03-31 15:00:00,1893,16,51,160,0,8.8,1.4,0.1,0,0,0,1,0,0,0,0,1,0
2024-03-04 08:00:00,713,9,28,287,0,9.9,-1.6,1.0,0,1,0,0,0,0,0,0,1,0
2024-03-15 17:00:00,1789,18,28,266,0,8.4,3.8,2.1,1,0,0,0,0,0,0,0,1,0
2024-03-13 17:00:00,1753,18,28,250,0,7.0,5.9,1.4,0,0,0,0,0,0,1,0,1,0
2024-03-11 14:00:00,1843,15,28,238,0,11.0,4.2,0.2,0,1,0,0,0,0,0,0,1,0
2024-03-31 17:00:00,1740,18,28,175,0,8.8,1.4,0.1,0,0,0,1,0,0,0,0,1,0
2024-03-05 12:00:00,3053,13,28,172,0,7.2,5.5,0.0,0,0,0,0,0,1,0,0,1,0
2024-03-21 16:00:00,2249,17,28,144,0,11.3,3.2,0.3,0,0,0,0,1,0,0,0,1,0
2024-03-31 21:00:00,803,22,28,77,0,8.8,1.4,0.1,0,0,0,1,0,0,0,0,1,0
2024-03-29 11:00:00,2229,12,27,309,1,12.0,4.8,0.0,1,0,0,0,0,0,0,0,1,0
2024-03-30 12:00:00,3567,13,49,220,0,11.2,3.4,1.3,0,0,1,0,0,0,0,0,1,0
2024-03-22 11:00:00,1153,12,49,83,0,11.3,4.4,0.0,1,0,0,0,0,0,0,0,1,0
2024-03-31 13:00:00,1848,14,48,129,0,8.8,1.4,0.1,0,0,0,1,0,0,0,0,1,0
2024-03-12 13:00:00,2917,14,47,237,0,11.2,5.1,1.8,0,0,0,0,0,1,0,0,1,0
2024-03-03 12:00:00,1841,13,47,140,0,8.1,5.5,0.0,0,0,0,1,0,0,0,0,1,0
2024-03-28 16:00:00,2573,17,46,273,0,10.2,2.1,4.5,0,0,0,0,1,0,0,0,1,0
2024-03-30 13:00:00,3192,14,46,189,0,11.2,3.4,1.3,0,0,1,0,0,0,0,0,1,0
2024-03-12 12:00:00,2597,13,46,153,0,11.2,5.1,1.8,0,0,0,0,0,1,0,0,1,0
2024-03-31 12:00:00,1615,13,46,128,0,8.8,1.4,0.1,0,0,0,1,0,0,0,0,1,0
2024-03-19 14:00:00,2039,15,44,211,0,7.8,8.5,0.0,0,0,0,0,0,1,0,0,1,0
2024-03-15 16:00:00,2114,17,43,261,0,8.4,3.8,2.1,1,0,0,0,0,0,0,0,1,0
2024-03-18 14:00:00,2919,15,42,112,0,14.1,6.1,2.3,0,1,0,0,0,0,0,0,1,0
2024-03-04 12:00:00,2137,13,42,76,0,9.9,-1.6,1.0,0,1,0,0,0,0,0,0,1,0
2024-03-19 10:00:00,1281,11,41,244,0,7.8,8.5,0.0,0,0,0,0,0,1,0,0,1,0
2024-03-30 10:00:00,1834,11,36,208,0,11.2,3.4,1.3,0,0,1,0,0,0,0,0,1,0
2024-03-10 12:00:00,1395,13,36,194,0,6.3,5.5,0.6,0,0,0,1,0,0,0,0,1,0
2024-03-12 16:00:00,1990,17,35,309,0,11.2,5.1,1.8,0,0,0,0,0,1,0,0,1,0
2024-03-21 17:00:00,1856,18,35,235,0,11.3,3.2,0.3,0,0,0,0,1,0,0,0,1,0
2024-03-19 13:00:00,2940,14,35,216,0,7.8,8.5,0.0,0,0,0,0,0,1,0,0,1,0
2024-03-02 11:00:00,2545,12,35,210,0,6.8,5.5,3.2,0,0,1,0,0,0,0,0,1,0
2024-03-16 10:00:00,1602,11,35,181,0,12.5,-0.6,9.2,0,0,1,0,0,0,0,0,1,0
2024-03-11 15:00:00,1644,16,34,248,0,11.0,4.2,0.2,0,1,0,0,0,0,0,0,1,0
2024-03-19 09:00:00,854,10,34,227,0,7.8,8.5,0.0,0,0,0,0,0,1,0,0,1,0
2024-03-13 12:00:00,1894,13,34,178,0,7.0,5.9,1.4,0,0,0,0,0,0,1,0,1,0
2024-03-22 17:00:00,1537,18,34,169,0,11.3,4.4,0.0,1,0,0,0,0,0,0,0,1,0
2024-03-18 11:00:00,1473,12,34,80,0,14.1,6.1,2.3,0,1,0,0,0,0,0,0,1,0
2024-03-19 15:00:00,1861,16,31,274,0,7.8,8.5,0.0,0,0,0,0,0,1,0,0,1,0
2024-03-09 16:00:00,2590,17,31,229,0,6.3,5.5,0.0,0,0,1,0,0,0,0,0,1,0
2024-03-04 17:00:00,1658,18,31,202,0,9.9,-1.6,1.0,0,1,0,0,0,0,0,0,1,0
2024-03-29 13:00:00,2614,14,31,151,1,12.0,4.8,0.0,1,0,0,0,0,0,0,0,1,0
2024-03-04 15:00:00,1811,16,31,151,0,9.9,-1.6,1.0,0,1,0,0,0,0,0,0,1,0
2024-03-03 10:00:00,741,11,31,147,0,8.1,5.5,0.0,0,0,0,1,0,0,0,0,1,0
2024-03-04 09:00:00,969,10,31,140,0,9.9,-1.6,1.0,0,1,0,0,0,0,0,0,1,0
2024-03-04 13:00:00,2463,14,31,96,0,9.9,-1.6,1.0,0,1,0,0,0,0,0,0,1,0
2024-03-30 14:00:00,2317,15,31,78,0,11.2,3.4,1.3,0,0,1,0,0,0,0,0,1,0
2024-03-29 14:00:00,3253,15,33,238,1,12.0,4.8,0.0,1,0,0,0,0,0,0,0,1,0
2024-03-07 13:00:00,3018,14,33,219,0,6.5,5.5,1.5,0,0,0,0,1,0,0,0,1,0
2024-03-13 13:00:00,1853,14,33,188,0,7.0,5.9,1.4,0,0,0,0,0,0,1,0,1,0
2024-03-05 13:00:00,3007,14,33,180,0,7.2,5.5,0.0,0,0,0,0,0,1,0,0,1,0
2024-03-24 16:00:00,1129,17,33,152,0,6.5,5.0,0.0,0,0,0,1,0,0,0,0,1,0
2024-03-17 14:00:00,2316,15,33,117,0,13.8,5.5,0.0,0,0,0,1,0,0,0,0,1,0
2024-03-22 16:00:00,1798,17,30,117,0,11.3,4.4,0.0,1,0,0,0,0,0,0,0,1,0
2024-03-13 15:00:00,1703,16,29,222,0,7.0,5.9,1.4,0,0,0,0,0,0,1,0,1,0
2024-03-10 15:00:00,1647,16,29,196,0,6.3,5.5,0.6,0,0,0,1,0,0,0,0,1,0
2024-03-12 10:00:00,1188,11,29,194,0,11.2,5.1,1.8,0,0,0,0,0,1,0,0,1,0
2024-03-02 13:00:00,3244,14,29,55,0,6.8,5.5,3.2,0,0,1,0,0,0,0,0,1,0
2024-03-07 14:00:00,2076,15,32,216,0,6.5,5.5,1.5,0,0,0,0,1,0,0,0,1,0
2024-03-23 10:00:00,1314,11,32,188,0,12.1,5.0,0.0,0,0,1,0,0,0,0,0,1,0
2024-03-18 15:00:00,2286,16,32,75,0,14.1,6.1,2.3,0,1,0,0,0,0,0,0,1,0
2024-03-13 16:00:00,1857,17,27,226,0,7.0,5.9,1.4,0,0,0,0,0,0,1,0,1,0
2024-03-13 14:00:00,1717,15,27,191,0,7.0,5.9,1.4,0,0,0,0,0,0,1,0,1,0
2024-03-28 12:00:00,3256,13,27,177,0,10.2,2.1,4.5,0,0,0,0,1,0,0,0,1,0
2024-03-05 15:00:00,2107,16,27,164,0,7.2,5.5,0.0,0,0,0,0,0,1,0,0,1,0
2024-03-09 15:00:00,2854,16,27,161,0,6.3,5.5,0.0,0,0,1,0,0,0,0,0,1,0
2024-03-15 14:00:00,1919,15,27,145,0,8.4,3.8,2.1,1,0,0,0,0,0,0,0,1,0
2024-03-28 18:00:00,1532,19,26,271,0,10.2,2.1,4.5,0,0,0,0,1,0,0,0,1,0
2024-03-27 17:00:00,1734,18,26,262,0,9.1,1.4,5.9,0,0,0,0,0,0,1,0,1,0
2024-03-30 09:00:00,957,10,26,199,0,11.2,3.4,1.3,0,0,1,0,0,0,0,0,1,0
2024-03-03 17:00:00,1546,18,26,190,0,8.1,5.5,0.0,0,0,0,1,0,0,0,0,1,0
2024-03-18 17:00:00,1561,18,26,186,0,14.1,6.1,2.3,0,1,0,0,0,0,0,0,1,0
2024-03-08 16:00:00,2118,17,26,175,0,6.2,3.6,0.0,1,0,0,0,0,0,0,0,1,0
2024-03-21 18:00:00,1204,19,26,172,0,11.3,3.2,0.3,0,0,0,0,1,0,0,0,1,0
2024-03-23 09:00:00,718,10,26,161,0,12.1,5.0,0.0,0,0,1,0,0,0,0,0,1,0
2024-03-01 11:00:00,1787,12,26,140,0,7.6,-1.6,2.2,1,0,0,0,0,0,0,0,1,0
2024-03-03 13:00:00,1837,14,26,6,0,8.1,5.5,0.0,0,0,0,1,0,0,0,0,1,0
2024-03-29 16:00:00,2918,17,24,221,1,12.0,4.8,0.0,1,0,0,0,0,0,0,0,1,0
2024-03-07 12:00:00,2748,13,24,213,0,6.5,5.5,1.5,0,0,0,0,1,0,0,0,1,0
2024-03-05 16:00:00,2247,17,24,180,0,7.2,5.5,0.0,0,0,0,0,0,1,0,0,1,0
2024-03-26 13:00:00,2995,14,24,162,0,7.8,1.5,6.1,0,0,0,0,0,1,0,0,1,0
2024-03-06 13:00:00,2839,14,24,114,0,8.1,5.7,0.6,0,0,0,0,0,0,1,0,1,0
2024-03-20 16:00:00,2022,17,24,101,0,12.3,6.2,0.0,0,0,0,0,0,0,1,0,1,0
2024-03-18 09:00:00,661,10,24,98,0,14.1,6.1,2.3,0,1,0,0,0,0,0,0,1,0
2024-03-08 08:00:00,752,9,21,291,0,6.2,3.6,0.0,1,0,0,0,0,0,0,0,1,0
2024-03-28 17:00:00,2103,18,23,288,0,10.2,2.1,4.5,0,0,0,0,1,0,0,0,1,0
2024-03-04 16:00:00,1943,17,21,228,0,9.9,-1.6,1.0,0,1,0,0,0,0,0,0,1,0
2024-03-11 12:00:00,2500,13,23,228,0,11.0,4.2,0.2,0,1,0,0,0,0,0,0,1,0
2024-03-10 14:00:00,1756,15,23,209,0,6.3,5.5,0.6,0,0,0,1,0,0,0,0,1,0
2024-03-26 12:00:00,3173,13,23,202,0,7.8,1.5,6.1,0,0,0,0,0,1,0,0,1,0
2024-03-07 10:00:00,1501,11,21,189,0,6.5,5.5,1.5,0,0,0,0,1,0,0,0,1,0
2024-03-03 16:00:00,1857,17,23,194,0,8.1,5.5,0.0,0,0,0,1,0,0,0,0,1,0
2024-03-05 17:00:00,1897,18,21,178,0,7.2,5.5,0.0,0,0,0,0,0,1,0,0,1,0
2024-03-23 12:00:00,1840,13,23,150,0,12.1,5.0,0.0,0,0,1,0,0,0,0,0,1,0
2024-03-08 09:00:00,1010,10,25,233,0,6.2,3.6,0.0,1,0,0,0,0,0,0,0,1,0
2024-03-10 13:00:00,1716,14,25,189,0,6.3,5.5,0.6,0,0,0,1,0,0,0,0,1,0
2024-03-29 15:00:00,3545,16,25,186,1,12.0,4.8,0.0,1,0,0,0,0,0,0,0,1,0
2024-03-11 13:00:00,2487,14,25,163,0,11.0,4.2,0.2,0,1,0,0,0,0,0,0,1,0
2024-03-12 18:00:00,1252,19,25,145,0,11.2,5.1,1.8,0,0,0,0,0,1,0,0,1,0
2024-03-01 13:00:00,2611,14,25,62,0,7.6,-1.6,2.2,1,0,0,0,0,0,0,0,1,0
2024-03-21 20:00:00,1142,21,22,29,0,11.3,3.2,0.3,0,0,0,0,1,0,0,0,1,0
2024-03-09 10:00:00,1254,11,21,148,0,6.3,5.5,0.0,0,0,1,0,0,0,0,0,1,0
2024-03-01 08:00:00,892,9,21,136,0,7.6,-1.6,2.2,1,0,0,0,0,0,0,0,1,0
2024-03-26 17:00:00,1329,18,21,122,0,7.8,1.5,6.1,0,0,0,0,0,1,0,0,1,0
2024-03-26 16:00:00,1510,17,21,112,0,7.8,1.5,6.1,0,0,0,0,0,1,0,0,1,0
2024-03-14 16:00:00,2040,17,21,107,0,9.2,3.8,15.0,0,0,0,0,1,0,0,0,1,0
2024-03-16 17:00:00,1592,18,21,106,0,12.5,-0.6,9.2,0,0,1,0,0,0,0,0,1,0
2024-03-15 15:00:00,2119,16,23,104,0,8.4,3.8,2.1,1,0,0,0,0,0,0,0,1,0
2024-03-16 16:00:00,2431,17,21,57,0,12.5,-0.6,9.2,0,0,1,0,0,0,0,0,1,0
2024-03-22 13:00:00,1985,14,23,89,0,11.3,4.4,0.0,1,0,0,0,0,0,0,0,1,0
2024-03-08 10:00:00,1425,11,20,236,0,6.2,3.6,0.0,1,0,0,0,0,0,0,0,1,0
2024-03-10 17:00:00,1177,18,20,187,0,6.3,5.5,0.6,0,0,0,1,0,0,0,0,1,0
2024-03-22 18:00:00,1432,19,20,171,0,11.3,4.4,0.0,1,0,0,0,0,0,0,0,1,0
2024-03-03 11:00:00,1190,12,20,154,0,8.1,5.5,0.0,0,0,0,1,0,0,0,0,1,0
2024-03-06 16:00:00,2384,17,20,138,0,8.1,5.7,0.6,0,0,0,0,0,0,1,0,1,0
2024-03-19 17:00:00,2019,18,20,127,0,7.8,8.5,0.0,0,0,0,0,0,1,0,0,1,0
2024-03-31 10:00:00,822,11,20,123,0,8.8,1.4,0.1,0,0,0,1,0,0,0,0,1,0
2024-03-20 13:00:00,2665,14,20,116,0,12.3,6.2,0.0,0,0,0,0,0,0,1,0,1,0
2024-03-04 14:00:00,2068,15,20,103,0,9.9,-1.6,1.0,0,1,0,0,0,0,0,0,1,0
2024-03-23 14:00:00,3183,15,20,87,0,12.1,5.0,0.0,0,0,1,0,0,0,0,0,1,0
2024-03-23 15:00:00,2801,16,20,24,0,12.1,5.0,0.0,0,0,1,0,0,0,0,0,1,0
2024-03-09 17:00:00,2580,18,22,262,0,6.3,5.5,0.0,0,0,1,0,0,0,0,0,1,0
2024-03-12 09:00:00,1089,10,22,237,0,11.2,5.1,1.8,0,0,0,0,0,1,0,0,1,0
2024-03-11 16:00:00,1551,17,22,218,0,11.0,4.2,0.2,0,1,0,0,0,0,0,0,1,0
2024-03-17 15:00:00,2261,16,22,153,0,13.8,5.5,0.0,0,0,0,1,0,0,0,0,1,0
2024-03-09 12:00:00,2647,13,22,99,0,6.3,5.5,0.0,0,0,1,0,0,0,0,0,1,0
2024-03-22 12:00:00,1394,13,22,45,0,11.3,4.4,0.0,1,0,0,0,0,0,0,0,1,0
2024-03-27 16:00:00,1896,17,19,278,0,9.1,1.4,5.9,0,0,0,0,0,0,1,0,1,0
2024-03-18 08:00:00,664,9,19,258,0,14.1,6.1,2.3,0,1,0,0,0,0,0,0,1,0
2024-03-11 09:00:00,1057,10,19,212,0,11.0,4.2,0.2,0,1,0,0,0,0,0,0,1,0
2024-03-02 15:00:00,3622,16,19,195,0,6.8,5.5,3.2,0,0,1,0,0,0,0,0,1,0
2024-03-08 17:00:00,1506,18,19,158,0,6.2,3.6,0.0,1,0,0,0,0,0,0,0,1,0
2024-03-23 11:00:00,1573,12,19,146,0,12.1,5.0,0.0,0,0,1,0,0,0,0,0,1,0
2024-03-19 16:00:00,2211,17,19,146,0,7.8,8.5,0.0,0,0,0,0,0,1,0,0,1,0
2024-03-26 15:00:00,1934,16,19,138,0,7.8,1.5,6.1,0,0,0,0,0,1,0,0,1,0
2024-03-17 12:00:00,1924,13,19,125,0,13.8,5.5,0.0,0,0,0,1,0,0,0,0,1,0
2024-03-01 10:00:00,1271,11,19,121,0,7.6,-1.6,2.2,1,0,0,0,0,0,0,0,1,0
2024-03-06 09:00:00,1048,10,18,265,0,8.1,5.7,0.6,0,0,0,0,0,0,1,0,1,0
2024-03-17 13:00:00,1776,14,15,30,0,13.8,5.5,0.0,0,0,0,1,0,0,0,0,1,0
2024-03-30 15:00:00,1953,16,15,19,0,11.2,3.4,1.3,0,0,1,0,0,0,0,0,1,0
2024-03-16 15:00:00,2114,16,15,17,0,12.5,-0.6,9.2,0,0,1,0,0,0,0,0,1,0
2024-03-30 16:00:00,1784,17,15,7,0,11.2,3.4,1.3,0,0,1,0,0,0,0,0,1,0
2024-03-31 18:00:00,1574,19,18,222,0,8.8,1.4,0.1,0,0,0,1,0,0,0,0,1,0
2024-03-10 16:00:00,1282,17,18,215,0,6.3,5.5,0.6,0,0,0,1,0,0,0,0,1,0
2024-03-30 17:00:00,1599,18,16,9,0,11.2,3.4,1.3,0,0,1,0,0,0,0,0,1,0
2024-03-16 09:00:00,957,10,18,194,0,12.5,-0.6,9.2,0,0,1,0,0,0,0,0,1,0
2024-03-23 17:00:00,2277,18,18,189,0,12.1,5.0,0.0,0,0,1,0,0,0,0,0,1,0
2024-03-25 09:00:00,735,10,18,175,0,7.4,4.0,15.2,0,1,0,0,0,0,0,0,1,0
2024-03-09 09:00:00,644,10,18,170,0,6.3,5.5,0.0,0,0,1,0,0,0,0,0,1,0
2024-03-21 14:00:00,2128,15,18,161,0,11.3,3.2,0.3,0,0,0,0,1,0,0,0,1,0
2024-03-10 10:00:00,656,11,18,154,0,6.3,5.5,0.6,0,0,0,1,0,0,0,0,1,0
2024-03-21 13:00:00,2714,14,18,151,0,11.3,3.2,0.3,0,0,0,0,1,0,0,0,1,0
2024-03-11 08:00:00,835,9,17,322,0,11.0,4.2,0.2,0,1,0,0,0,0,0,0,1,0
2024-03-19 08:00:00,803,9,17,272,0,7.8,8.5,0.0,0,0,0,0,0,1,0,0,1,0
2024-03-11 17:00:00,1457,18,17,202,0,11.0,4.2,0.2,0,1,0,0,0,0,0,0,1,0
2024-03-20 17:00:00,1578,18,18,112,0,12.3,6.2,0.0,0,0,0,0,0,0,1,0,1,0
2024-03-15 18:00:00,1495,19,17,191,0,8.4,3.8,2.1,1,0,0,0,0,0,0,0,1,0
2024-03-20 12:00:00,2213,13,18,110,0,12.3,6.2,0.0,0,0,0,0,0,0,1,0,1,0
2024-03-25 08:00:00,766,9,14,303,0,7.4,4.0,15.2,0,1,0,0,0,0,0,0,1,0
2024-03-06 10:00:00,1447,11,14,244,0,8.1,5.7,0.6,0,0,0,0,0,0,1,0,1,0
2024-03-28 11:00:00,2307,12,14,235,0,10.2,2.1,4.5,0,0,0,0,1,0,0,0,1,0
2024-03-29 10:00:00,1508,11,14,201,1,12.0,4.8,0.0,1,0,0,0,0,0,0,0,1,0
2024-03-31 16:00:00,1845,17,14,201,0,8.8,1.4,0.1,0,0,0,1,0,0,0,0,1,0
2024-03-07 17:00:00,2127,18,14,196,0,6.5,5.5,1.5,0,0,0,0,1,0,0,0,1,0
2024-03-13 18:00:00,2036,19,17,184,0,7.0,5.9,1.4,0,0,0,0,0,0,1,0,1,0
2024-03-15 13:00:00,2130,14,18,84,0,8.4,3.8,2.1,1,0,0,0,0,0,0,0,1,0
2024-03-07 11:00:00,1946,12,16,195,0,6.5,5.5,1.5,0,0,0,0,1,0,0,0,1,0
2024-03-28 13:00:00,3117,14,16,182,0,10.2,2.1,4.5,0,0,0,0,1,0,0,0,1,0
2024-03-07 18:00:00,1479,19,16,179,0,6.5,5.5,1.5,0,0,0,0,1,0,0,0,1,0
2024-03-26 10:00:00,1629,11,16,171,0,7.8,1.5,6.1,0,0,0,0,0,1,0,0,1,0
2024-03-24 18:00:00,908,19,16,169,0,6.5,5.0,0.0,0,0,0,1,0,0,0,0,1,0
2024-03-05 08:00:00,786,9,16,141,0,7.2,5.5,0.0,0,0,0,0,0,1,0,0,1,0
2024-03-15 19:00:00,1119,20,16,55,0,8.4,3.8,2.1,1,0,0,0,0,0,0,0,1,0
2024-03-01 14:00:00,2695,15,16,31,0,7.6,-1.6,2.2,1,0,0,0,0,0,0,0,1,0
2024-03-13 08:00:00,649,9,15,315,0,7.0,5.9,1.4,0,0,0,0,0,0,1,0,1,0
2024-03-06 08:00:00,868,9,15,279,0,8.1,5.7,0.6,0,0,0,0,0,0,1,0,1,0
2024-03-02 14:00:00,2594,15,17,115,0,6.8,5.5,3.2,0,0,1,0,0,0,0,0,1,0
2024-03-20 11:00:00,1853,12,17,100,0,12.3,6.2,0.0,0,0,0,0,0,0,1,0,1,0
2024-03-20 15:00:00,1838,16,17,94,0,12.3,6.2,0.0,0,0,0,0,0,0,1,0,1,0
2024-03-07 07:00:00,337,8,17,93,0,6.5,5.5,1.5,0,0,0,0,1,0,0,0,1,0
2024-03-24 15:00:00,1864,16,15,184,0,6.5,5.0,0.0,0,0,0,1,0,0,0,0,1,0
2024-03-15 22:00:00,982,23,15,181,0,8.4,3.8,2.1,1,0,0,0,0,0,0,0,1,0
2024-03-26 09:00:00,1085,10,15,179,0,7.8,1.5,6.1,0,0,0,0,0,1,0,0,1,0
2024-03-09 18:00:00,2143,19,15,177,0,6.3,5.5,0.0,0,0,1,0,0,0,0,0,1,0
2024-03-05 14:00:00,2252,15,15,175,0,7.2,5.5,0.0,0,0,0,0,0,1,0,0,1,0
2024-03-06 17:00:00,1757,18,15,150,0,8.1,5.7,0.6,0,0,0,0,0,0,1,0,1,0
2024-03-17 16:00:00,1833,17,15,100,0,13.8,5.5,0.0,0,0,0,1,0,0,0,0,1,0
2024-03-16 00:00:00,619,1,15,98,0,12.5,-0.6,9.2,0,0,1,0,0,0,0,0,1,0
2024-03-14 10:00:00,1072,11,15,72,0,9.2,3.8,15.0,0,0,0,0,1,0,0,0,1,0
2024-03-28 15:00:00,1749,16,15,56,0,10.2,2.1,4.5,0,0,0,0,1,0,0,0,1,0
2024-03-22 06:00:00,133,7,15,47,0,11.3,4.4,0.0,1,0,0,0,0,0,0,0,1,0
2024-03-16 18:00:00,1197,19,17,78,0,12.5,-0.6,9.2,0,0,1,0,0,0,0,0,1,0
2024-03-05 11:00:00,2242,12,13,174,0,7.2,5.5,0.0,0,0,0,0,0,1,0,0,1,0
2024-03-06 11:00:00,1815,12,13,166,0,8.1,5.7,0.6,0,0,0,0,0,0,1,0,1,0
2024-03-10 11:00:00,1014,12,14,136,0,6.3,5.5,0.6,0,0,0,1,0,0,0,0,1,0
2024-03-23 18:00:00,1902,19,13,164,0,12.1,5.0,0.0,0,0,1,0,0,0,0,0,1,0
2024-03-02 16:00:00,3052,17,14,128,0,6.8,5.5,3.2,0,0,1,0,0,0,0,0,1,0
2024-03-13 09:00:00,875,10,11,203,0,7.0,5.9,1.4,0,0,0,0,0,0,1,0,1,0
2024-03-15 10:00:00,1196,11,11,187,0,8.4,3.8,2.1,1,0,0,0,0,0,0,0,1,0
2024-03-18 16:00:00,2011,17,13,156,0,14.1,6.1,2.3,0,1,0,0,0,0,0,0,1,0
2024-03-28 19:00:00,1244,20,13,145,0,10.2,2.1,4.5,0,0,0,0,1,0,0,0,1,0
2024-03-03 18:00:00,1122,19,14,88,0,8.1,5.5,0.0,0,0,0,1,0,0,0,0,1,0
2024-03-21 11:00:00,1893,12,13,143,0,11.3,3.2,0.3,0,0,0,0,1,0,0,0,1,0
2024-03-11 18:00:00,1072,19,14,80,0,11.0,4.2,0.2,0,1,0,0,0,0,0,0,1,0
2024-03-28 10:00:00,1786,11,13,324,0,10.2,2.1,4.5,0,0,0,0,1,0,0,0,1,0
2024-03-29 18:00:00,1891,19,13,270,1,12.0,4.8,0.0,1,0,0,0,0,0,0,0,1,0
2024-03-25 17:00:00,1126,18,13,212,0,7.4,4.0,15.2,0,1,0,0,0,0,0,0,1,0
2024-03-02 09:00:00,801,10,13,182,0,6.8,5.5,3.2,0,0,1,0,0,0,0,0,1,0
2024-03-14 17:00:00,1229,18,12,40,0,9.2,3.8,15.0,0,0,0,0,1,0,0,0,1,0
2024-03-21 15:00:00,2195,16,13,141,0,11.3,3.2,0.3,0,0,0,0,1,0,0,0,1,0
2024-03-21 12:00:00,2776,13,13,134,0,11.3,3.2,0.3,0,0,0,0,1,0,0,0,1,0
2024-03-03 15:00:00,2051,16,13,117,0,8.1,5.5,0.0,0,0,0,1,0,0,0,0,1,0
2024-03-08 07:00:00,285,8,13,114,0,6.2,3.6,0.0,1,0,0,0,0,0,0,0,1,0
2024-03-20 14:00:00,1920,15,13,96,0,12.3,6.2,0.0,0,0,0,0,0,0,1,0,1,0
2024-03-01 17:00:00,2247,18,12,12,0,7.6,-1.6,2.2,1,0,0,0,0,0,0,0,1,0
2024-03-04 07:00:00,219,8,13,83,0,9.9,-1.6,1.0,0,1,0,0,0,0,0,0,1,0
2024-03-09 11:00:00,1694,12,14,78,0,6.3,5.5,0.0,0,0,1,0,0,0,0,0,1,0
2024-03-28 20:00:00,950,21,13,82,0,10.2,2.1,4.5,0,0,0,0,1,0,0,0,1,0
2024-03-21 22:00:00,877,23,14,71,0,11.3,3.2,0.3,0,0,0,0,1,0,0,0,1,0
2024-03-13 21:00:00,719,22,14,40,0,7.0,5.9,1.4,0,0,0,0,0,0,1,0,1,0
2024-03-29 17:00:00,2237,18,12,305,1,12.0,4.8,0.0,1,0,0,0,0,0,0,0,1,0
2024-03-12 08:00:00,744,9,12,269,0,11.2,5.1,1.8,0,0,0,0,0,1,0,0,1,0
2024-03-29 21:00:00,887,22,14,8,1,12.0,4.8,0.0,1,0,0,0,0,0,0,0,1,0
2024-03-17 17:00:00,1767,18,13,81,0,13.8,5.5,0.0,0,0,0,1,0,0,0,0,1,0
2024-03-31 19:00:00,1243,20,12,236,0,8.8,1.4,0.1,0,0,0,1,0,0,0,0,1,0
2024-03-13 20:00:00,763,21,13,55,0,7.0,5.9,1.4,0,0,0,0,0,0,1,0,1,0
2024-03-07 15:00:00,2284,16,11,151,0,6.5,5.5,1.5,0,0,0,0,1,0,0,0,1,0
2024-03-27 13:00:00,1815,14,12,205,0,9.1,1.4,5.9,0,0,0,0,0,0,1,0,1,0
2024-03-25 06:00:00,172,7,13,45,0,7.4,4.0,15.2,0,1,0,0,0,0,0,0,1,0
2024-03-11 11:00:00,1931,12,12,190,0,11.0,4.2,0.2,0,1,0,0,0,0,0,0,1,0
2024-03-25 15:00:00,1489,16,11,135,0,7.4,4.0,15.2,0,1,0,0,0,0,0,0,1,0
2024-03-15 09:00:00,961,10,12,186,0,8.4,3.8,2.1,1,0,0,0,0,0,0,0,1,0
2024-03-30 06:00:00,188,7,13,31,0,11.2,3.4,1.3,0,0,1,0,0,0,0,0,1,0
2024-03-07 19:00:00,968,20,11,129,0,6.5,5.5,1.5,0,0,0,0,1,0,0,0,1,0
2024-03-09 14:00:00,3738,15,13,27,0,6.3,5.5,0.0,0,0,1,0,0,0,0,0,1,0
2024-03-28 09:00:00,1362,10,12,143,0,10.2,2.1,4.5,0,0,0,0,1,0,0,0,1,0
2024-03-21 10:00:00,1536,11,12,123,0,11.3,3.2,0.3,0,0,0,0,1,0,0,0,1,0
2024-03-09 08:00:00,347,9,12,100,0,6.3,5.5,0.0,0,0,1,0,0,0,0,0,1,0
2024-03-02 07:00:00,143,8,12,59,0,6.8,5.5,3.2,0,0,1,0,0,0,0,0,1,0
2024-03-21 21:00:00,788,22,12,57,0,11.3,3.2,0.3,0,0,0,0,1,0,0,0,1,0
2024-03-24 19:00:00,965,20,12,55,0,6.5,5.0,0.0,0,0,0,1,0,0,0,0,1,0
2024-03-01 18:00:00,2212,19,12,54,0,7.6,-1.6,2.2,1,0,0,0,0,0,0,0,1,0
2024-03-20 19:00:00,983,20,12,49,0,12.3,6.2,0.0,0,0,0,0,0,0,1,0,1,0
2024-03-05 18:00:00,1485,19,11,120,0,7.2,5.5,0.0,0,0,0,0,0,1,0,0,1,0
2024-03-18 18:00:00,1187,19,11,119,0,14.1,6.1,2.3,0,1,0,0,0,0,0,0,1,0
2024-03-20 18:00:00,1533,19,11,111,0,12.3,6.2,0.0,0,0,0,0,0,0,1,0,1,0
2024-03-18 07:00:00,283,8,11,98,0,14.1,6.1,2.3,0,1,0,0,0,0,0,0,1,0
2024-03-03 09:00:00,391,10,11,91,0,8.1,5.5,0.0,0,0,0,1,0,0,0,0,1,0
2024-03-01 07:00:00,351,8,11,67,0,7.6,-1.6,2.2,1,0,0,0,0,0,0,0,1,0
2024-03-24 17:00:00,368,18,11,65,0,6.5,5.0,0.0,0,0,0,1,0,0,0,0,1,0
2024-03-15 20:00:00,1037,21,11,51,0,8.4,3.8,2.1,1,0,0,0,0,0,0,0,1,0
2024-03-18 02:00:00,977,3,11,23,0,14.1,6.1,2.3,0,1,0,0,0,0,0,0,1,0
2024-03-30 21:00:00,929,22,11,20,0,11.2,3.4,1.3,0,0,1,0,0,0,0,0,1,0
2024-03-30 18:00:00,1337,19,10,10,0,11.2,3.4,1.3,0,0,1,0,0,0,0,0,1,0
2024-03-23 02:00:00,267,3,10,9,0,12.1,5.0,0.0,0,0,1,0,0,0,0,0,1,0
2024-03-19 06:00:00,85,7,10,6,0,7.8,8.5,0.0,0,0,0,0,0,1,0,0,1,0
2024-03-26 18:00:00,1056,19,10,200,0,7.8,1.5,6.1,0,0,0,0,0,1,0,0,1,0
2024-03-26 11:00:00,2198,12,10,195,0,7.8,1.5,6.1,0,0,0,0,0,1,0,0,1,0
2024-03-26 08:00:00,747,9,9,181,0,7.8,1.5,6.1,0,0,0,0,0,1,0,0,1,0
2024-03-19 18:00:00,1905,19,10,190,0,7.8,8.5,0.0,0,0,0,0,0,1,0,0,1,0
2024-03-17 10:00:00,1099,11,10,131,0,13.8,5.5,0.0,0,0,0,1,0,0,0,0,1,0
2024-03-06 14:00:00,1961,15,10,109,0,8.1,5.7,0.6,0,0,0,0,0,0,1,0,1,0
2024-03-27 10:00:00,864,11,10,107,0,9.1,1.4,5.9,0,0,0,0,0,0,1,0,1,0
2024-03-04 19:00:00,1044,20,10,90,0,9.9,-1.6,1.0,0,1,0,0,0,0,0,0,1,0
2024-03-29 19:00:00,1346,20,10,86,1,12.0,4.8,0.0,1,0,0,0,0,0,0,0,1,0
2024-03-05 07:00:00,391,8,10,63,0,7.2,5.5,0.0,0,0,0,0,0,1,0,0,1,0
2024-03-03 19:00:00,955,20,10,52,0,8.1,5.5,0.0,0,0,0,1,0,0,0,0,1,0
2024-03-28 06:00:00,200,7,10,46,0,10.2,2.1,4.5,0,0,0,0,1,0,0,0,1,0
2024-03-29 06:00:00,121,7,10,38,1,12.0,4.8,0.0,1,0,0,0,0,0,0,0,1,0
2024-03-03 08:00:00,273,9,10,34,0,8.1,5.5,0.0,0,0,0,1,0,0,0,0,1,0
2024-03-23 13:00:00,1769,14,10,11,0,12.1,5.0,0.0,0,0,1,0,0,0,0,0,1,0
2024-03-25 13:00:00,2028,14,9,157,0,7.4,4.0,15.2,0,1,0,0,0,0,0,0,1,0
2024-03-26 14:00:00,2416,15,9,154,0,7.8,1.5,6.1,0,0,0,0,0,1,0,0,1,0
2024-03-07 16:00:00,2476,17,9,143,0,6.5,5.5,1.5,0,0,0,0,1,0,0,0,1,0
2024-03-31 20:00:00,997,21,9,125,0,8.8,1.4,0.1,0,0,0,1,0,0,0,0,1,0
2024-03-21 19:00:00,978,20,9,11,0,11.3,3.2,0.3,0,0,0,0,1,0,0,0,1,0
2024-03-13 19:00:00,1455,20,9,117,0,7.0,5.9,1.4,0,0,0,0,0,0,1,0,1,0
2024-03-28 14:00:00,1997,15,9,111,0,10.2,2.1,4.5,0,0,0,0,1,0,0,0,1,0
2024-03-21 09:00:00,955,10,9,106,0,11.3,3.2,0.3,0,0,0,0,1,0,0,0,1,0
2024-03-22 07:00:00,247,8,9,103,0,11.3,4.4,0.0,1,0,0,0,0,0,0,0,1,0
2024-03-05 22:00:00,500,23,9,96,0,7.2,5.5,0.0,0,0,0,0,0,1,0,0,1,0
2024-03-29 08:00:00,681,9,10,309,1,12.0,4.8,0.0,1,0,0,0,0,0,0,0,1,0
2024-03-27 12:00:00,1961,13,10,235,0,9.1,1.4,5.9,0,0,0,0,0,0,1,0,1,0
2024-03-15 08:00:00,626,9,10,213,0,8.4,3.8,2.1,1,0,0,0,0,0,0,0,1,0
2024-03-14 11:00:00,1260,12,10,213,0,9.2,3.8,15.0,0,0,0,0,1,0,0,0,1,0
2024-03-14 12:00:00,1916,13,10,200,0,9.2,3.8,15.0,0,0,0,0,1,0,0,0,1,0
2024-03-20 10:00:00,1314,11,9,95,0,12.3,6.2,0.0,0,0,0,0,0,0,1,0,1,0
2024-03-27 09:00:00,847,10,9,93,0,9.1,1.4,5.9,0,0,0,0,0,0,1,0,1,0
2024-03-06 07:00:00,309,8,9,86,0,8.1,5.7,0.6,0,0,0,0,0,0,1,0,1,0
2024-03-09 13:00:00,3316,14,9,71,0,6.3,5.5,0.0,0,0,1,0,0,0,0,0,1,0
2024-03-08 13:00:00,2327,14,9,67,0,6.2,3.6,0.0,1,0,0,0,0,0,0,0,1,0
2024-03-10 23:00:00,258,0,9,42,0,6.3,5.5,0.6,0,0,0,1,0,0,0,0,1,0
2024-03-06 20:00:00,986,21,9,41,0,8.1,5.7,0.6,0,0,0,0,0,0,1,0,1,0
2024-03-09 06:00:00,87,7,9,23,0,6.3,5.5,0.0,0,0,1,0,0,0,0,0,1,0
2024-03-20 00:00:00,299,1,9,20,0,12.3,6.2,0.0,0,0,0,0,0,0,1,0,1,0
2024-03-29 09:00:00,1016,10,8,225,1,12.0,4.8,0.0,1,0,0,0,0,0,0,0,1,0
2024-03-05 10:00:00,1616,11,8,160,0,7.2,5.5,0.0,0,0,0,0,0,1,0,0,1,0
2024-03-05 09:00:00,1277,10,8,155,0,7.2,5.5,0.0,0,0,0,0,0,1,0,0,1,0
2024-03-14 13:00:00,2098,14,8,153,0,9.2,3.8,15.0,0,0,0,0,1,0,0,0,1,0
2024-03-25 18:00:00,683,19,7,152,0,7.4,4.0,15.2,0,1,0,0,0,0,0,0,1,0
2024-03-27 08:00:00,654,9,7,149,0,9.1,1.4,5.9,0,0,0,0,0,0,1,0,1,0
2024-03-27 15:00:00,2104,16,7,287,0,9.1,1.4,5.9,0,0,0,0,0,0,1,0,1,0
2024-03-27 18:00:00,1550,19,7,226,0,9.1,1.4,5.9,0,0,0,0,0,0,1,0,1,0
2024-03-27 14:00:00,1981,15,7,211,0,9.1,1.4,5.9,0,0,0,0,0,0,1,0,1,0
2024-03-15 11:00:00,1541,12,7,186,0,8.4,3.8,2.1,1,0,0,0,0,0,0,0,1,0
2024-03-23 16:00:00,2729,17,7,165,0,12.1,5.0,0.0,0,0,1,0,0,0,0,0,1,0
2024-03-25 12:00:00,2132,13,7,154,0,7.4,4.0,15.2,0,1,0,0,0,0,0,0,1,0
2024-03-15 12:00:00,2535,13,8,138,0,8.4,3.8,2.1,1,0,0,0,0,0,0,0,1,0
2024-03-23 19:00:00,1547,20,7,129,0,12.1,5.0,0.0,0,0,1,0,0,0,0,0,1,0
2024-03-24 07:00:00,125,8,8,32,0,6.5,5.0,0.0,0,0,0,1,0,0,0,0,1,0
2024-03-04 18:00:00,1444,19,8,138,0,9.9,-1.6,1.0,0,1,0,0,0,0,0,0,1,0
2024-03-13 10:00:00,1267,11,6,213,0,7.0,5.9,1.4,0,0,0,0,0,0,1,0,1,0
2024-03-22 21:00:00,1337,22,7,108,0,11.3,4.4,0.0,1,0,0,0,0,0,0,0,1,0
2024-03-25 10:00:00,547,11,8,7,0,7.4,4.0,15.2,0,1,0,0,0,0,0,0,1,0
2024-03-30 00:00:00,756,1,7,13,0,11.2,3.4,1.3,0,0,1,0,0,0,0,0,1,0
2024-03-08 22:00:00,987,23,7,105,0,6.2,3.6,0.0,1,0,0,0,0,0,0,0,1,0
2024-03-20 09:00:00,1088,10,7,102,0,12.3,6.2,0.0,0,0,0,0,0,0,1,0,1,0
2024-03-11 07:00:00,340,8,7,101,0,11.0,4.2,0.2,0,1,0,0,0,0,0,0,1,0
2024-03-19 19:00:00,1153,20,8,126,0,7.8,8.5,0.0,0,0,0,0,0,1,0,0,1,0
2024-03-27 11:00:00,1175,12,8,121,0,9.1,1.4,5.9,0,0,0,0,0,0,1,0,1,0
2024-03-30 20:00:00,1050,21,7,11,0,11.2,3.4,1.3,0,0,1,0,0,0,0,0,1,0
2024-03-22 19:00:00,1365,20,7,86,0,11.3,4.4,0.0,1,0,0,0,0,0,0,0,1,0
2024-03-17 11:00:00,1487,12,8,117,0,13.8,5.5,0.0,0,0,0,1,0,0,0,0,1,0
2024-03-28 08:00:00,819,9,7,85,0,10.2,2.1,4.5,0,0,0,0,1,0,0,0,1,0
2024-03-09 20:00:00,1145,21,8,106,0,6.3,5.5,0.0,0,0,1,0,0,0,0,0,1,0
2024-03-29 22:00:00,737,23,7,7,1,12.0,4.8,0.0,1,0,0,0,0,0,0,0,1,0
2024-03-24 14:00:00,1380,15,8,104,0,6.5,5.0,0.0,0,0,0,1,0,0,0,0,1,0
2024-03-14 20:00:00,593,21,7,7,0,9.2,3.8,15.0,0,0,0,0,1,0,0,0,1,0
2024-03-05 19:00:00,1113,20,8,104,0,7.2,5.5,0.0,0,0,0,0,0,1,0,0,1,0
2024-03-01 16:00:00,2164,17,7,79,0,7.6,-1.6,2.2,1,0,0,0,0,0,0,0,1,0
2024-03-12 20:00:00,922,21,7,77,0,11.2,5.1,1.8,0,0,0,0,0,1,0,0,1,0
2024-03-14 14:00:00,1566,15,8,95,0,9.2,3.8,15.0,0,0,0,0,1,0,0,0,1,0
2024-03-17 18:00:00,1758,19,7,76,0,13.8,5.5,0.0,0,0,0,1,0,0,0,0,1,0
2024-03-12 07:00:00,308,8,8,93,0,11.2,5.1,1.8,0,0,0,0,0,1,0,0,1,0
2024-03-31 02:00:00,863,3,7,76,0,8.8,1.4,0.1,0,0,0,1,0,0,0,0,1,0
2024-03-21 08:00:00,848,9,8,85,0,11.3,3.2,0.3,0,0,0,0,1,0,0,0,1,0
2024-03-25 07:00:00,312,8,8,84,0,7.4,4.0,15.2,0,1,0,0,0,0,0,0,1,0
2024-03-10 09:00:00,319,10,7,73,0,6.3,5.5,0.6,0,0,0,1,0,0,0,0,1,0
2024-03-09 02:00:00,908,3,8,83,0,6.3,5.5,0.0,0,0,1,0,0,0,0,0,1,0
2024-03-09 19:00:00,1572,20,8,78,0,6.3,5.5,0.0,0,0,1,0,0,0,0,0,1,0
2024-03-01 09:00:00,628,10,7,63,0,7.6,-1.6,2.2,1,0,0,0,0,0,0,0,1,0
2024-03-05 21:00:00,741,22,8,71,0,7.2,5.5,0.0,0,0,0,0,0,1,0,0,1,0
2024-03-12 06:00:00,182,7,8,50,0,11.2,5.1,1.8,0,0,0,0,0,1,0,0,1,0
2024-03-15 06:00:00,177,7,7,42,0,8.4,3.8,2.1,1,0,0,0,0,0,0,0,1,0
2024-03-30 19:00:00,1886,20,7,38,0,11.2,3.4,1.3,0,0,1,0,0,0,0,0,1,0
2024-03-05 00:00:00,258,1,7,35,0,7.2,5.5,0.0,0,0,0,0,0,1,0,0,1,0
2024-03-01 20:00:00,1366,21,7,31,0,7.6,-1.6,2.2,1,0,0,0,0,0,0,0,1,0
2024-03-06 19:00:00,981,20,6,43,0,8.1,5.7,0.6,0,0,0,0,0,0,1,0,1,0
2024-03-17 19:00:00,1550,20,6,34,0,13.8,5.5,0.0,0,0,0,1,0,0,0,0,1,0
2024-03-17 03:00:00,602,4,6,33,0,13.8,5.5,0.0,0,0,0,1,0,0,0,0,1,0
2024-03-24 20:00:00,498,21,6,27,0,6.5,5.0,0.0,0,0,0,1,0,0,0,0,1,0
2024-03-16 20:00:00,888,21,6,26,0,12.5,-0.6,9.2,0,0,1,0,0,0,0,0,1,0
2024-03-29 20:00:00,1115,21,6,23,1,12.0,4.8,0.0,1,0,0,0,0,0,0,0,1,0
2024-03-13 22:00:00,1259,23,6,19,0,7.0,5.9,1.4,0,0,0,0,0,0,1,0,1,0
2024-03-07 05:00:00,70,6,6,18,0,6.5,5.5,1.5,0,0,0,0,1,0,0,0,1,0
2024-03-09 00:00:00,341,1,6,15,0,6.3,5.5,0.0,0,0,1,0,0,0,0,0,1,0
2024-03-14 08:00:00,441,9,6,6,0,9.2,3.8,15.0,0,0,0,0,1,0,0,0,1,0
2024-03-11 10:00:00,1537,11,5,269,0,11.0,4.2,0.2,0,1,0,0,0,0,0,0,1,0
2024-03-19 21:00:00,747,22,5,80,0,7.8,8.5,0.0,0,0,0,0,0,1,0,0,1,0
2024-03-06 12:00:00,2717,13,6,116,0,8.1,5.7,0.6,0,0,0,0,0,0,1,0,1,0
2024-03-25 16:00:00,1479,17,6,115,0,7.4,4.0,15.2,0,1,0,0,0,0,0,0,1,0
2024-03-20 20:00:00,812,21,6,108,0,12.3,6.2,0.0,0,0,0,0,0,0,1,0,1,0
2024-03-28 07:00:00,417,8,6,96,0,10.2,2.1,4.5,0,0,0,0,1,0,0,0,1,0
2024-03-12 19:00:00,915,20,6,96,0,11.2,5.1,1.8,0,0,0,0,0,1,0,0,1,0
2024-03-06 18:00:00,1292,19,6,89,0,8.1,5.7,0.6,0,0,0,0,0,0,1,0,1,0
2024-03-16 07:00:00,229,8,6,79,0,12.5,-0.6,9.2,0,0,1,0,0,0,0,0,1,0
2024-03-31 09:00:00,432,10,6,76,0,8.8,1.4,0.1,0,0,0,1,0,0,0,0,1,0
2024-03-18 20:00:00,850,21,6,73,0,14.1,6.1,2.3,0,1,0,0,0,0,0,0,1,0
2024-03-26 07:00:00,356,8,6,71,0,7.8,1.5,6.1,0,0,0,0,0,1,0,0,1,0
2024-03-30 23:00:00,807,0,6,65,0,11.2,3.4,1.3,0,0,1,0,0,0,0,0,1,0
2024-03-17 20:00:00,1192,21,6,61,0,13.8,5.5,0.0,0,0,0,1,0,0,0,0,1,0
2024-03-20 08:00:00,859,9,6,59,0,12.3,6.2,0.0,0,0,0,0,0,0,1,0,1,0
2024-03-18 06:00:00,167,7,6,57,0,14.1,6.1,2.3,0,1,0,0,0,0,0,0,1,0
2024-03-19 07:00:00,221,8,6,57,0,7.8,8.5,0.0,0,0,0,0,0,1,0,0,1,0
2024-03-22 00:00:00,319,1,6,54,0,11.3,4.4,0.0,1,0,0,0,0,0,0,0,1,0
2024-03-11 19:00:00,912,20,6,51,0,11.0,4.2,0.2,0,1,0,0,0,0,0,0,1,0
2024-03-11 00:00:00,309,1,6,45,0,11.0,4.2,0.2,0,1,0,0,0,0,0,0,1,0
2024-03-19 22:00:00,686,23,5,67,0,7.8,8.5,0.0,0,0,0,0,0,1,0,0,1,0
2024-03-15 21:00:00,830,22,5,224,0,8.4,3.8,2.1,1,0,0,0,0,0,0,0,1,0
2024-03-20 02:00:00,103,3,5,8,0,12.3,6.2,0.0,0,0,0,0,0,0,1,0,1,0
2024-03-16 12:00:00,972,13,5,5,0,12.5,-0.6,9.2,0,0,1,0,0,0,0,0,1,0
2024-03-26 21:00:00,649,22,5,4,0,7.8,1.5,6.1,0,0,0,0,0,1,0,0,1,0
2024-03-27 22:00:00,1054,23,5,4,0,9.1,1.4,5.9,0,0,0,0,0,0,1,0,1,0
2024-03-18 21:00:00,560,22,5,47,0,14.1,6.1,2.3,0,1,0,0,0,0,0,0,1,0
2024-03-30 02:00:00,784,3,5,46,0,11.2,3.4,1.3,0,0,1,0,0,0,0,0,1,0
2024-03-16 06:00:00,114,7,5,46,0,12.5,-0.6,9.2,0,0,1,0,0,0,0,0,1,0
2024-03-09 23:00:00,808,0,5,42,0,6.3,5.5,0.0,0,0,1,0,0,0,0,0,1,0
2024-03-27 01:00:00,148,2,5,40,0,9.1,1.4,5.9,0,0,0,0,0,0,1,0,1,0
2024-03-01 15:00:00,2615,16,5,34,0,7.6,-1.6,2.2,1,0,0,0,0,0,0,0,1,0
2024-03-21 06:00:00,139,7,5,34,0,11.3,3.2,0.3,0,0,0,0,1,0,0,0,1,0
2024-03-11 06:00:00,163,7,5,33,0,11.0,4.2,0.2,0,1,0,0,0,0,0,0,1,0
2024-03-08 14:00:00,1618,15,5,31,0,6.2,3.6,0.0,1,0,0,0,0,0,0,0,1,0
2024-03-08 15:00:00,1738,16,5,27,0,6.2,3.6,0.0,1,0,0,0,0,0,0,0,1,0
2024-03-20 07:00:00,324,8,5,22,0,12.3,6.2,0.0,0,0,0,0,0,0,1,0,1,0
2024-03-22 05:00:00,136,6,5,21,0,11.3,4.4,0.0,1,0,0,0,0,0,0,0,1,0
2024-03-16 14:00:00,1331,15,5,19,0,12.5,-0.6,9.2,0,0,1,0,0,0,0,0,1,0
2024-03-01 00:00:00,325,1,5,18,0,7.6,-1.6,2.2,1,0,0,0,0,0,0,0,1,0
2024-03-14 09:00:00,645,10,5,13,0,9.2,3.8,15.0,0,0,0,0,1,0,0,0,1,0
2024-03-02 17:00:00,1866,18,5,148,0,6.8,5.5,3.2,0,0,1,0,0,0,0,0,1,0
2024-03-14 15:00:00,1575,16,5,132,0,9.2,3.8,15.0,0,0,0,0,1,0,0,0,1,0
2024-03-08 18:00:00,1496,19,5,128,0,6.2,3.6,0.0,1,0,0,0,0,0,0,0,1,0
2024-03-19 20:00:00,902,21,5,110,0,7.8,8.5,0.0,0,0,0,0,0,1,0,0,1,0
2024-03-05 20:00:00,904,21,5,103,0,7.2,5.5,0.0,0,0,0,0,0,1,0,0,1,0
2024-03-09 01:00:00,543,2,5,89,0,6.3,5.5,0.0,0,0,1,0,0,0,0,0,1,0
2024-03-29 07:00:00,306,8,5,87,1,12.0,4.8,0.0,1,0,0,0,0,0,0,0,1,0
2024-03-01 19:00:00,1592,20,5,85,0,7.6,-1.6,2.2,1,0,0,0,0,0,0,0,1,0
2024-03-21 23:00:00,512,0,5,85,0,11.3,3.2,0.3,0,0,0,0,1,0,0,0,1,0
2024-03-20 01:00:00,224,2,4,16,0,12.3,6.2,0.0,0,0,0,0,0,0,1,0,1,0
2024-03-04 05:00:00,74,6,4,15,0,9.9,-1.6,1.0,0,1,0,0,0,0,0,0,1,0
2024-03-14 03:00:00,235,4,4,15,0,9.2,3.8,15.0,0,0,0,0,1,0,0,0,1,0
2024-03-27 02:00:00,126,3,4,13,0,9.1,1.4,5.9,0,0,0,0,0,0,1,0,1,0
2024-03-02 19:00:00,1219,20,4,11,0,6.8,5.5,3.2,0,0,1,0,0,0,0,0,1,0
2024-03-17 22:00:00,973,23,4,10,0,13.8,5.5,0.0,0,0,0,1,0,0,0,0,1,0
2024-03-28 01:00:00,299,2,4,10,0,10.2,2.1,4.5,0,0,0,0,1,0,0,0,1,0
2024-03-16 19:00:00,956,20,4,9,0,12.5,-0.6,9.2,0,0,1,0,0,0,0,0,1,0
2024-03-14 21:00:00,421,22,4,5,0,9.2,3.8,15.0,0,0,0,0,1,0,0,0,1,0
2024-03-28 04:00:00,12,5,4,4,0,10.2,2.1,4.5,0,0,0,0,1,0,0,0,1,0
2024-03-27 21:00:00,716,22,4,2,0,9.1,1.4,5.9,0,0,0,0,0,0,1,0,1,0
2024-03-08 21:00:00,1060,22,4,148,0,6.2,3.6,0.0,1,0,0,0,0,0,0,0,1,0
2024-03-12 21:00:00,574,22,4,59,0,11.2,5.1,1.8,0,0,0,0,0,1,0,0,1,0
2024-03-24 08:00:00,139,9,4,58,0,6.5,5.0,0.0,0,0,0,1,0,0,0,0,1,0
2024-03-08 11:00:00,1469,12,4,146,0,6.2,3.6,0.0,1,0,0,0,0,0,0,0,1,0
2024-03-10 08:00:00,163,9,4,55,0,6.3,5.5,0.6,0,0,0,1,0,0,0,0,1,0
2024-03-28 21:00:00,852,22,4,143,0,10.2,2.1,4.5,0,0,0,0,1,0,0,0,1,0
2024-03-07 06:00:00,173,7,4,52,0,6.5,5.5,1.5,0,0,0,0,1,0,0,0,1,0
2024-03-27 19:00:00,1103,20,4,48,0,9.1,1.4,5.9,0,0,0,0,0,0,1,0,1,0
2024-03-10 07:00:00,131,8,4,45,0,6.3,5.5,0.6,0,0,0,1,0,0,0,0,1,0
2024-03-26 06:00:00,147,7,4,45,0,7.8,1.5,6.1,0,0,0,0,0,1,0,0,1,0
2024-03-04 23:00:00,487,0,4,42,0,9.9,-1.6,1.0,0,1,0,0,0,0,0,0,1,0
2024-03-31 03:00:00,604,4,4,41,0,8.8,1.4,0.1,0,0,0,1,0,0,0,0,1,0
2024-03-03 07:00:00,110,8,4,37,0,8.1,5.5,0.0,0,0,0,1,0,0,0,0,1,0
2024-03-17 07:00:00,133,8,4,35,0,13.8,5.5,0.0,0,0,0,1,0,0,0,0,1,0
2024-03-19 23:00:00,271,0,4,35,0,7.8,8.5,0.0,0,0,0,0,0,1,0,0,1,0
2024-03-30 01:00:00,704,2,4,33,0,11.2,3.4,1.3,0,0,1,0,0,0,0,0,1,0
2024-03-16 21:00:00,567,22,4,33,0,12.5,-0.6,9.2,0,0,1,0,0,0,0,0,1,0
2024-03-17 02:00:00,581,3,4,30,0,13.8,5.5,0.0,0,0,0,1,0,0,0,0,1,0
2024-03-01 21:00:00,1108,22,4,29,0,7.6,-1.6,2.2,1,0,0,0,0,0,0,0,1,0
2024-03-10 18:00:00,766,19,4,29,0,6.3,5.5,0.6,0,0,0,1,0,0,0,0,1,0
2024-03-17 21:00:00,1191,22,4,27,0,13.8,5.5,0.0,0,0,0,1,0,0,0,0,1,0
2024-03-01 06:00:00,145,7,4,23,0,7.6,-1.6,2.2,1,0,0,0,0,0,0,0,1,0
2024-03-20 06:00:00,137,7,4,17,0,12.3,6.2,0.0,0,0,0,0,0,0,1,0,1,0
2024-03-07 20:00:00,882,21,4,129,0,6.5,5.5,1.5,0,0,0,0,1,0,0,0,1,0
2024-03-06 15:00:00,2002,16,4,116,0,8.1,5.7,0.6,0,0,0,0,0,0,1,0,1,0
2024-03-22 22:00:00,1081,23,4,115,0,11.3,4.4,0.0,1,0,0,0,0,0,0,0,1,0
2024-03-16 08:00:00,387,9,4,106,0,12.5,-0.6,9.2,0,0,1,0,0,0,0,0,1,0
2024-03-22 20:00:00,1398,21,4,102,0,11.3,4.4,0.0,1,0,0,0,0,0,0,0,1,0
2024-03-08 19:00:00,1630,20,4,84,0,6.2,3.6,0.0,1,0,0,0,0,0,0,0,1,0
2024-03-13 07:00:00,284,8,4,81,0,7.0,5.9,1.4,0,0,0,0,0,0,1,0,1,0
2024-03-17 09:00:00,449,10,4,75,0,13.8,5.5,0.0,0,0,0,1,0,0,0,0,1,0
2024-03-09 03:00:00,629,4,4,74,0,6.3,5.5,0.0,0,0,1,0,0,0,0,0,1,0
2024-03-23 20:00:00,1297,21,4,71,0,12.1,5.0,0.0,0,0,1,0,0,0,0,0,1,0
2024-03-09 07:00:00,148,8,4,67,0,6.3,5.5,0.0,0,0,1,0,0,0,0,0,1,0
2024-03-17 08:00:00,231,9,4,67,0,13.8,5.5,0.0,0,0,0,1,0,0,0,0,1,0
2024-03-24 02:00:00,580,3,4,63,0,6.5,5.0,0.0,0,0,0,1,0,0,0,0,1,0
2024-03-26 02:00:00,73,3,3,9,0,7.8,1.5,6.1,0,0,0,0,0,1,0,0,1,0
2024-03-24 00:00:00,655,1,3,80,0,6.5,5.0,0.0,0,0,0,1,0,0,0,0,1,0
2024-03-04 06:00:00,143,7,3,35,0,9.9,-1.6,1.0,0,1,0,0,0,0,0,0,1,0
2024-03-31 04:00:00,509,5,3,8,0,8.8,1.4,0.1,0,0,0,1,0,0,0,0,1,0
2024-03-08 12:00:00,2238,13,3,147,0,6.2,3.6,0.0,1,0,0,0,0,0,0,0,1,0
2024-03-28 03:00:00,157,4,3,8,0,10.2,2.1,4.5,0,0,0,0,1,0,0,0,1,0
2024-03-04 01:00:00,252,2,3,32,0,9.9,-1.6,1.0,0,1,0,0,0,0,0,0,1,0
2024-03-04 21:00:00,793,22,3,76,0,9.9,-1.6,1.0,0,1,0,0,0,0,0,0,1,0
2024-03-25 22:00:00,241,23,3,7,0,7.4,4.0,15.2,0,1,0,0,0,0,0,0,1,0
2024-03-16 22:00:00,536,23,3,7,0,12.5,-0.6,9.2,0,0,1,0,0,0,0,0,1,0
2024-03-16 23:00:00,440,0,3,6,0,12.5,-0.6,9.2,0,0,1,0,0,0,0,0,1,0
2024-03-14 06:00:00,132,7,3,6,0,9.2,3.8,15.0,0,0,0,0,1,0,0,0,1,0
2024-03-21 04:00:00,54,5,3,5,0,11.3,3.2,0.3,0,0,0,0,1,0,0,0,1,0
2024-03-26 19:00:00,875,20,3,1,0,7.8,1.5,6.1,0,0,0,0,0,1,0,0,1,0
2024-03-12 00:00:00,272,1,3,32,0,11.2,5.1,1.8,0,0,0,0,0,1,0,0,1,0
2024-03-08 06:00:00,128,7,3,31,0,6.2,3.6,0.0,1,0,0,0,0,0,0,0,1,0
2024-03-30 07:00:00,237,8,3,74,0,11.2,3.4,1.3,0,0,1,0,0,0,0,0,1,0
2024-03-28 23:00:00,498,0,3,71,0,10.2,2.1,4.5,0,0,0,0,1,0,0,0,1,0
2024-03-16 03:00:00,383,4,3,68,0,12.5,-0.6,9.2,0,0,1,0,0,0,0,0,1,0
2024-03-08 20:00:00,1245,21,3,67,0,6.2,3.6,0.0,1,0,0,0,0,0,0,0,1,0
2024-03-31 08:00:00,356,9,3,65,0,8.8,1.4,0.1,0,0,0,1,0,0,0,0,1,0
2024-03-28 22:00:00,582,23,3,61,0,10.2,2.1,4.5,0,0,0,0,1,0,0,0,1,0
2024-03-27 07:00:00,292,8,3,61,0,9.1,1.4,5.9,0,0,0,0,0,0,1,0,1,0
2024-03-31 00:00:00,808,1,3,60,0,8.8,1.4,0.1,0,0,0,1,0,0,0,0,1,0
2024-03-10 01:00:00,632,2,3,56,0,6.3,5.5,0.6,0,0,0,1,0,0,0,0,1,0
2024-03-09 21:00:00,1204,22,3,55,0,6.3,5.5,0.0,0,0,1,0,0,0,0,0,1,0
2024-03-10 02:00:00,659,3,3,50,0,6.3,5.5,0.6,0,0,0,1,0,0,0,0,1,0
2024-03-23 22:00:00,1046,23,3,45,0,12.1,5.0,0.0,0,0,1,0,0,0,0,0,1,0
2024-03-03 22:00:00,458,23,3,44,0,8.1,5.5,0.0,0,0,0,1,0,0,0,0,1,0
2024-03-22 01:00:00,214,2,3,43,0,11.3,4.4,0.0,1,0,0,0,0,0,0,0,1,0
2024-03-23 06:00:00,87,7,3,41,0,12.1,5.0,0.0,0,0,1,0,0,0,0,0,1,0
2024-03-11 20:00:00,730,21,3,40,0,11.0,4.2,0.2,0,1,0,0,0,0,0,0,1,0
2024-03-03 20:00:00,756,21,3,40,0,8.1,5.5,0.0,0,0,0,1,0,0,0,0,1,0
2024-03-28 02:00:00,605,3,3,39,0,10.2,2.1,4.5,0,0,0,0,1,0,0,0,1,0
2024-03-25 05:00:00,140,6,3,36,0,7.4,4.0,15.2,0,1,0,0,0,0,0,0,1,0
2024-03-03 21:00:00,557,22,3,36,0,8.1,5.5,0.0,0,0,0,1,0,0,0,0,1,0
2024-03-02 08:00:00,402,9,3,122,0,6.8,5.5,3.2,0,0,1,0,0,0,0,0,1,0
2024-03-23 08:00:00,359,9,3,115,0,12.1,5.0,0.0,0,0,1,0,0,0,0,0,1,0
2024-03-18 19:00:00,968,20,3,99,0,14.1,6.1,2.3,0,1,0,0,0,0,0,0,1,0
2024-03-04 20:00:00,1027,21,3,84,0,9.9,-1.6,1.0,0,1,0,0,0,0,0,0,1,0
2024-03-07 21:00:00,635,22,3,81,0,6.5,5.5,1.5,0,0,0,0,1,0,0,0,1,0
2024-03-12 05:00:00,98,6,3,27,0,11.2,5.1,1.8,0,0,0,0,0,1,0,0,1,0
2024-03-04 02:00:00,132,3,3,25,0,9.9,-1.6,1.0,0,1,0,0,0,0,0,0,1,0
2024-03-24 04:00:00,44,5,3,25,0,6.5,5.0,0.0,0,0,0,1,0,0,0,0,1,0
2024-03-16 13:00:00,1137,14,3,20,0,12.5,-0.6,9.2,0,0,1,0,0,0,0,0,1,0
2024-03-30 08:00:00,438,9,2,146,0,11.2,3.4,1.3,0,0,1,0,0,0,0,0,1,0
2024-03-11 05:00:00,122,6,3,19,0,11.0,4.2,0.2,0,1,0,0,0,0,0,0,1,0
2024-03-10 03:00:00,393,4,3,18,0,6.3,5.5,0.6,0,0,0,1,0,0,0,0,1,0
2024-03-14 18:00:00,903,19,3,16,0,9.2,3.8,15.0,0,0,0,0,1,0,0,0,1,0
2024-03-13 00:00:00,230,1,3,16,0,7.0,5.9,1.4,0,0,0,0,0,0,1,0,1,0
2024-03-02 22:00:00,849,23,3,13,0,6.8,5.5,3.2,0,0,1,0,0,0,0,0,1,0
2024-03-30 05:00:00,127,6,3,13,0,11.2,3.4,1.3,0,0,1,0,0,0,0,0,1,0
2024-03-23 03:00:00,160,4,3,12,0,12.1,5.0,0.0,0,0,1,0,0,0,0,0,1,0
2024-03-10 06:00:00,94,7,3,11,0,6.3,5.5,0.6,0,0,0,1,0,0,0,0,1,0
2024-03-18 04:00:00,57,5,3,9,0,14.1,6.1,2.3,0,1,0,0,0,0,0,0,1,0
2024-03-15 23:00:00,724,0,2,127,0,8.4,3.8,2.1,1,0,0,0,0,0,0,0,1,0
2024-03-08 23:00:00,733,0,2,95,0,6.2,3.6,0.0,1,0,0,0,0,0,0,0,1,0
2024-03-23 23:00:00,848,0,2,93,0,12.1,5.0,0.0,0,0,1,0,0,0,0,0,1,0
2024-03-24 01:00:00,438,2,2,82,0,6.5,5.0,0.0,0,0,0,1,0,0,0,0,1,0
2024-03-23 07:00:00,156,8,2,68,0,12.1,5.0,0.0,0,0,1,0,0,0,0,0,1,0
2024-03-23 21:00:00,1283,22,2,62,0,12.1,5.0,0.0,0,0,1,0,0,0,0,0,1,0
2024-03-02 04:00:00,24,5,2,8,0,6.8,5.5,3.2,0,0,1,0,0,0,0,0,1,0
2024-03-30 03:00:00,464,4,2,24,0,11.2,3.4,1.3,0,0,1,0,0,0,0,0,1,0
2024-03-18 01:00:00,700,2,2,52,0,14.1,6.1,2.3,0,1,0,0,0,0,0,0,1,0
2024-03-09 05:00:00,32,6,2,7,0,6.3,5.5,0.0,0,0,1,0,0,0,0,0,1,0
2024-03-14 19:00:00,573,20,2,7,0,9.2,3.8,15.0,0,0,0,0,1,0,0,0,1,0
2024-03-17 23:00:00,590,0,2,50,0,13.8,5.5,0.0,0,0,0,1,0,0,0,0,1,0
2024-03-06 00:00:00,191,1,2,7,0,8.1,5.7,0.6,0,0,0,0,0,0,1,0,1,0
2024-03-02 05:00:00,70,6,2,6,0,6.8,5.5,3.2,0,0,1,0,0,0,0,0,1,0
2024-03-03 03:00:00,334,4,2,6,0,8.1,5.5,0.0,0,0,0,1,0,0,0,0,1,0
2024-03-14 22:00:00,434,23,2,6,0,9.2,3.8,15.0,0,0,0,0,1,0,0,0,1,0
2024-03-07 04:00:00,28,5,2,6,0,6.5,5.5,1.5,0,0,0,0,1,0,0,0,1,0
2024-03-17 05:00:00,79,6,2,5,0,13.8,5.5,0.0,0,0,0,1,0,0,0,0,1,0
2024-03-27 04:00:00,10,5,2,5,0,9.1,1.4,5.9,0,0,0,0,0,0,1,0,1,0
2024-03-01 03:00:00,70,4,2,3,0,7.6,-1.6,2.2,1,0,0,0,0,0,0,0,1,0
2024-03-13 04:00:00,22,5,2,3,0,7.0,5.9,1.4,0,0,0,0,0,0,1,0,1,0
2024-03-03 04:00:00,18,5,2,1,0,8.1,5.5,0.0,0,0,0,1,0,0,0,0,1,0
2024-03-26 20:00:00,572,21,2,0,0,7.8,1.5,6.1,0,0,0,0,0,1,0,0,1,0
2024-03-24 03:00:00,542,4,2,48,0,6.5,5.0,0.0,0,0,0,1,0,0,0,0,1,0
2024-03-02 03:00:00,426,4,2,20,0,6.8,5.5,3.2,0,0,1,0,0,0,0,0,1,0
2024-03-04 00:00:00,340,1,2,45,0,9.9,-1.6,1.0,0,1,0,0,0,0,0,0,1,0
2024-03-21 07:00:00,355,8,2,43,0,11.3,3.2,0.3,0,0,0,0,1,0,0,0,1,0
2024-03-31 06:00:00,168,7,2,41,0,8.8,1.4,0.1,0,0,0,1,0,0,0,0,1,0
2024-03-12 22:00:00,463,23,2,40,0,11.2,5.1,1.8,0,0,0,0,0,1,0,0,1,0
2024-03-05 01:00:00,145,2,2,39,0,7.2,5.5,0.0,0,0,0,0,0,1,0,0,1,0
2024-03-27 06:00:00,120,7,2,38,0,9.1,1.4,5.9,0,0,0,0,0,0,1,0,1,0
2024-03-13 23:00:00,475,0,2,36,0,7.0,5.9,1.4,0,0,0,0,0,0,1,0,1,0
2024-03-02 06:00:00,78,7,2,35,0,6.8,5.5,3.2,0,0,1,0,0,0,0,0,1,0
2024-03-29 00:00:00,423,1,2,34,1,12.0,4.8,0.0,1,0,0,0,0,0,0,0,1,0
2024-03-22 02:00:00,214,3,2,30,0,11.3,4.4,0.0,1,0,0,0,0,0,0,0,1,0
2024-03-18 03:00:00,574,4,2,28,0,14.1,6.1,2.3,0,1,0,0,0,0,0,0,1,0
2024-03-11 01:00:00,164,2,2,28,0,11.0,4.2,0.2,0,1,0,0,0,0,0,0,1,0
2024-03-17 01:00:00,480,2,2,28,0,13.8,5.5,0.0,0,0,0,1,0,0,0,0,1,0
2024-03-12 02:00:00,96,3,2,28,0,11.2,5.1,1.8,0,0,0,0,0,1,0,0,1,0
2024-03-25 11:00:00,681,12,2,19,0,7.4,4.0,15.2,0,1,0,0,0,0,0,0,1,0
2024-03-27 20:00:00,675,21,2,17,0,9.1,1.4,5.9,0,0,0,0,0,0,1,0,1,0
2024-03-29 01:00:00,165,2,2,16,1,12.0,4.8,0.0,1,0,0,0,0,0,0,0,1,0
2024-03-11 02:00:00,78,3,2,16,0,11.0,4.2,0.2,0,1,0,0,0,0,0,0,1,0
2024-03-08 02:00:00,101,3,2,14,0,6.2,3.6,0.0,1,0,0,0,0,0,0,0,1,0
2024-03-01 02:00:00,176,3,2,13,0,7.6,-1.6,2.2,1,0,0,0,0,0,0,0,1,0
2024-03-02 00:00:00,499,1,2,13,0,6.8,5.5,3.2,0,0,1,0,0,0,0,0,1,0
2024-03-09 04:00:00,55,5,2,13,0,6.3,5.5,0.0,0,0,1,0,0,0,0,0,1,0
2024-03-03 02:00:00,395,3,2,13,0,8.1,5.5,0.0,0,0,0,1,0,0,0,0,1,0
2024-03-15 05:00:00,101,6,2,12,0,8.4,3.8,2.1,1,0,0,0,0,0,0,0,1,0
2024-03-11 22:00:00,388,23,2,12,0,11.0,4.2,0.2,0,1,0,0,0,0,0,0,1,0
2024-03-24 05:00:00,84,6,2,12,0,6.5,5.0,0.0,0,0,0,1,0,0,0,0,1,0
2024-03-14 07:00:00,244,8,2,12,0,9.2,3.8,15.0,0,0,0,0,1,0,0,0,1,0
2024-03-10 20:00:00,660,21,2,11,0,6.3,5.5,0.6,0,0,0,1,0,0,0,0,1,0
2024-03-13 02:00:00,166,3,2,11,0,7.0,5.9,1.4,0,0,0,0,0,0,1,0,1,0
2024-03-28 00:00:00,319,1,2,10,0,10.2,2.1,4.5,0,0,0,0,1,0,0,0,1,0
2024-03-02 18:00:00,1280,19,2,9,0,6.8,5.5,3.2,0,0,1,0,0,0,0,0,1,0
2024-03-06 06:00:00,129,7,2,9,0,8.1,5.7,0.6,0,0,0,0,0,0,1,0,1,0
2024-03-02 20:00:00,1126,21,2,8,0,6.8,5.5,3.2,0,0,1,0,0,0,0,0,1,0
2024-03-06 21:00:00,705,22,1,30,0,8.1,5.7,0.6,0,0,0,0,0,0,1,0,1,0
2024-03-13 01:00:00,146,2,1,29,0,7.0,5.9,1.4,0,0,0,0,0,0,1,0,1,0
2024-03-07 03:00:00,149,4,1,25,0,6.5,5.5,1.5,0,0,0,0,1,0,0,0,1,0
2024-03-06 23:00:00,377,0,1,25,0,8.1,5.7,0.6,0,0,0,0,0,0,1,0,1,0
2024-03-15 01:00:00,194,2,1,11,0,8.4,3.8,2.1,1,0,0,0,0,0,0,0,1,0
2024-03-16 04:00:00,45,5,1,24,0,12.5,-0.6,9.2,0,0,1,0,0,0,0,0,1,0
2024-03-02 01:00:00,508,2,1,20,0,6.8,5.5,3.2,0,0,1,0,0,0,0,0,1,0
2024-03-03 05:00:00,69,6,1,4,0,8.1,5.5,0.0,0,0,0,1,0,0,0,0,1,0
2024-03-03 00:00:00,576,1,1,24,0,8.1,5.5,0.0,0,0,0,1,0,0,0,0,1,0
2024-03-07 00:00:00,354,1,1,20,0,6.5,5.5,1.5,0,0,0,0,1,0,0,0,1,0
2024-03-23 05:00:00,108,6,1,19,0,12.1,5.0,0.0,0,0,1,0,0,0,0,0,1,0
2024-03-13 06:00:00,115,7,1,18,0,7.0,5.9,1.4,0,0,0,0,0,0,1,0,1,0
2024-03-11 23:00:00,252,0,1,17,0,11.0,4.2,0.2,0,1,0,0,0,0,0,0,1,0
2024-03-05 02:00:00,137,3,1,17,0,7.2,5.5,0.0,0,0,0,0,0,1,0,0,1,0
2024-03-01 05:00:00,65,6,1,16,0,7.6,-1.6,2.2,1,0,0,0,0,0,0,0,1,0
2024-03-31 05:00:00,283,6,1,16,0,8.8,1.4,0.1,0,0,0,1,0,0,0,0,1,0
2024-03-28 05:00:00,79,6,1,16,0,10.2,2.1,4.5,0,0,0,0,1,0,0,0,1,0
2024-03-01 23:00:00,566,0,1,15,0,7.6,-1.6,2.2,1,0,0,0,0,0,0,0,1,0
2024-03-22 03:00:00,64,4,1,15,0,11.3,4.4,0.0,1,0,0,0,0,0,0,0,1,0
2024-03-25 02:00:00,118,3,1,15,0,7.4,4.0,15.2,0,1,0,0,0,0,0,0,1,0
2024-03-24 06:00:00,70,7,1,15,0,6.5,5.0,0.0,0,0,0,1,0,0,0,0,1,0
2024-03-07 02:00:00,478,3,1,14,0,6.5,5.5,1.5,0,0,0,0,1,0,0,0,1,0
2024-03-03 01:00:00,529,2,1,12,0,8.1,5.5,0.0,0,0,0,1,0,0,0,0,1,0
2024-03-21 02:00:00,601,3,1,12,0,11.3,3.2,0.3,0,0,0,0,1,0,0,0,1,0
2024-03-21 03:00:00,226,4,1,12,0,11.3,3.2,0.3,0,0,0,0,1,0,0,0,1,0
2024-03-27 00:00:00,260,1,1,24,0,9.1,1.4,5.9,0,0,0,0,0,0,1,0,1,0
2024-03-25 14:00:00,1265,15,1,104,0,7.4,4.0,15.2,0,1,0,0,0,0,0,0,1,0
2024-03-23 01:00:00,317,2,1,51,0,12.1,5.0,0.0,0,0,1,0,0,0,0,0,1,0
2024-03-16 02:00:00,533,3,1,100,0,12.5,-0.6,9.2,0,0,1,0,0,0,0,0,1,0
2024-03-07 01:00:00,389,2,1,23,0,6.5,5.5,1.5,0,0,0,0,1,0,0,0,1,0
2024-03-06 05:00:00,77,6,1,10,0,8.1,5.7,0.6,0,0,0,0,0,0,1,0,1,0
2024-03-10 19:00:00,669,20,1,9,0,6.3,5.5,0.6,0,0,0,1,0,0,0,0,1,0
2024-03-17 00:00:00,290,1,1,9,0,13.8,5.5,0.0,0,0,0,1,0,0,0,0,1,0
2024-03-05 23:00:00,356,0,1,9,0,7.2,5.5,0.0,0,0,0,0,0,1,0,0,1,0
2024-03-27 23:00:00,416,0,1,9,0,9.1,1.4,5.9,0,0,0,0,0,0,1,0,1,0
2024-03-01 01:00:00,170,2,1,8,0,7.6,-1.6,2.2,1,0,0,0,0,0,0,0,1,0
2024-03-26 03:00:00,31,4,1,8,0,7.8,1.5,6.1,0,0,0,0,0,1,0,0,1,0
2024-03-15 00:00:00,287,1,1,7,0,8.4,3.8,2.1,1,0,0,0,0,0,0,0,1,0
2024-03-01 04:00:00,17,5,1,7,0,7.6,-1.6,2.2,1,0,0,0,0,0,0,0,1,0
2024-03-10 22:00:00,360,23,1,7,0,6.3,5.5,0.6,0,0,0,1,0,0,0,0,1,0
2024-03-04 03:00:00,47,4,1,6,0,9.9,-1.6,1.0,0,1,0,0,0,0,0,0,1,0
2024-03-30 22:00:00,826,23,1,6,0,11.2,3.4,1.3,0,0,1,0,0,0,0,0,1,0
2024-03-10 04:00:00,59,5,1,6,0,6.3,5.5,0.6,0,0,0,1,0,0,0,0,1,0
2024-03-17 04:00:00,49,5,1,5,0,13.8,5.5,0.0,0,0,0,1,0,0,0,0,1,0
2024-03-13 03:00:00,54,4,1,5,0,7.0,5.9,1.4,0,0,0,0,0,0,1,0,1,0
2024-03-05 06:00:00,164,7,1,23,0,7.2,5.5,0.0,0,0,0,0,0,1,0,0,1,0
2024-03-29 02:00:00,54,3,1,3,1,12.0,4.8,0.0,1,0,0,0,0,0,0,0,1,0
2024-03-10 00:00:00,614,1,1,62,0,6.3,5.5,0.6,0,0,0,1,0,0,0,0,1,0
2024-03-04 22:00:00,503,23,1,61,0,9.9,-1.6,1.0,0,1,0,0,0,0,0,0,1,0
2024-03-15 07:00:00,295,8,1,53,0,8.4,3.8,2.1,1,0,0,0,0,0,0,0,1,0
2024-03-09 22:00:00,1074,23,1,45,0,6.3,5.5,0.0,0,0,1,0,0,0,0,0,1,0
2024-03-14 04:00:00,35,5,1,3,0,9.2,3.8,15.0,0,0,0,0,1,0,0,0,1,0
2024-03-16 01:00:00,570,2,1,94,0,12.5,-0.6,9.2,0,0,1,0,0,0,0,0,1,0
2024-03-05 05:00:00,64,6,1,3,0,7.2,5.5,0.0,0,0,0,0,0,1,0,0,1,0
2024-03-06 04:00:00,19,5,1,3,0,8.1,5.7,0.6,0,0,0,0,0,0,1,0,1,0
2024-03-19 01:00:00,109,2,1,2,0,7.8,8.5,0.0,0,0,0,0,0,1,0,0,1,0
2024-03-02 02:00:00,618,3,1,40,0,6.8,5.5,3.2,0,0,1,0,0,0,0,0,1,0
2024-03-23 00:00:00,505,1,1,86,0,12.1,5.0,0.0,0,0,1,0,0,0,0,0,1,0
2024-03-08 00:00:00,310,1,1,39,0,6.2,3.6,0.0,1,0,0,0,0,0,0,0,1,0
2024-03-30 04:00:00,36,5,1,1,0,11.2,3.4,1.3,0,0,1,0,0,0,0,0,1,0
2024-03-31 07:00:00,195,8,1,37,0,8.8,1.4,0.1,0,0,0,1,0,0,0,0,1,0
2024-03-19 02:00:00,99,3,1,1,0,7.8,8.5,0.0,0,0,0,0,0,1,0,0,1,0
2024-03-11 21:00:00,644,22,1,36,0,11.0,4.2,0.2,0,1,0,0,0,0,0,0,1,0
2024-03-20 23:00:00,376,0,1,1,0,12.3,6.2,0.0,0,0,0,0,0,0,1,0,1,0
2024-03-07 22:00:00,827,23,0,104,0,6.5,5.5,1.5,0,0,0,0,1,0,0,0,1,0
2024-03-14 05:00:00,140,6,1,0,0,9.2,3.8,15.0,0,0,0,0,1,0,0,0,1,0
2024-03-26 23:00:00,272,0,1,0,0,7.8,1.5,6.1,0,0,0,0,0,1,0,0,1,0
2024-03-03 23:00:00,312,0,0,36,0,8.1,5.5,0.0,0,0,0,1,0,0,0,0,1,0
2024-03-02 23:00:00,664,0,0,34,0,6.8,5.5,3.2,0,0,1,0,0,0,0,0,1,0
2024-03-12 01:00:00,151,2,0,33,0,11.2,5.1,1.8,0,0,0,0,0,1,0,0,1,0
2024-03-14 01:00:00,339,2,0,31,0,9.2,3.8,15.0,0,0,0,0,1,0,0,0,1,0
2024-03-06 22:00:00,538,23,0,31,0,8.1,5.7,0.6,0,0,0,0,0,0,1,0,1,0
2024-03-07 23:00:00,467,0,0,80,0,6.5,5.5,1.5,0,0,0,0,1,0,0,0,1,0
2024-03-18 00:00:00,654,1,0,60,0,14.1,6.1,2.3,0,1,0,0,0,0,0,0,1,0
2024-03-14 00:00:00,410,1,0,56,0,9.2,3.8,15.0,0,0,0,0,1,0,0,0,1,0
2024-03-22 23:00:00,652,0,0,55,0,11.3,4.4,0.0,1,0,0,0,0,0,0,0,1,0
2024-03-31 22:00:00,676,23,0,64,0,8.8,1.4,0.1,0,0,0,1,0,0,0,0,1,0
2024-03-13 05:00:00,86,6,0,7,0,7.0,5.9,1.4,0,0,0,0,0,0,1,0,1,0
2024-03-08 03:00:00,35,4,0,6,0,6.2,3.6,0.0,1,0,0,0,0,0,0,0,1,0
2024-03-23 04:00:00,78,5,0,11,0,12.1,5.0,0.0,0,0,1,0,0,0,0,0,1,0
2024-03-05 04:00:00,20,5,0,9,0,7.2,5.5,0.0,0,0,0,0,0,1,0,0,1,0
2024-03-02 21:00:00,930,22,0,14,0,6.8,5.5,3.2,0,0,1,0,0,0,0,0,1,0
2024-03-31 23:00:00,319,0,0,14,0,8.8,1.4,0.1,0,0,0,1,0,0,0,0,1,0
2024-03-01 22:00:00,308,23,0,3,0,7.6,-1.6,2.2,1,0,0,0,0,0,0,0,1,0
2024-03-16 05:00:00,85,6,0,23,0,12.5,-0.6,9.2,0,0,1,0,0,0,0,0,1,0
2024-03-18 05:00:00,163,6,0,18,0,14.1,6.1,2.3,0,1,0,0,0,0,0,0,1,0
2024-03-29 04:00:00,34,5,0,3,1,12.0,4.8,0.0,1,0,0,0,0,0,0,0,1,0
2024-03-15 02:00:00,149,3,0,17,0,8.4,3.8,2.1,1,0,0,0,0,0,0,0,1,0
2024-03-08 05:00:00,131,6,0,17,0,6.2,3.6,0.0,1,0,0,0,0,0,0,0,1,0
2024-03-26 05:00:00,85,6,0,17,0,7.8,1.5,6.1,0,0,0,0,0,1,0,0,1,0
2024-03-18 23:00:00,299,0,0,16,0,14.1,6.1,2.3,0,1,0,0,0,0,0,0,1,0
2024-03-11 03:00:00,44,4,0,15,0,11.0,4.2,0.2,0,1,0,0,0,0,0,0,1,0
2024-03-29 05:00:00,66,6,0,8,1,12.0,4.8,0.0,1,0,0,0,0,0,0,0,1,0
2024-03-10 21:00:00,493,22,0,6,0,6.3,5.5,0.6,0,0,0,1,0,0,0,0,1,0
2024-03-14 23:00:00,301,0,0,11,0,9.2,3.8,15.0,0,0,0,0,1,0,0,0,1,0
2024-03-27 05:00:00,49,6,0,11,0,9.1,1.4,5.9,0,0,0,0,0,0,1,0,1,0
2024-03-27 03:00:00,38,4,0,11,0,9.1,1.4,5.9,0,0,0,0,0,0,1,0,1,0
2024-03-20 22:00:00,615,23,0,8,0,12.3,6.2,0.0,0,0,0,0,0,0,1,0,1,0
2024-03-06 02:00:00,222,3,0,8,0,8.1,5.7,0.6,0,0,0,0,0,0,1,0,1,0
2024-03-25 03:00:00,23,4,0,7,0,7.4,4.0,15.2,0,1,0,0,0,0,0,0,1,0
2024-03-25 04:00:00,19,5,0,7,0,7.4,4.0,15.2,0,1,0,0,0,0,0,0,1,0
2024-03-04 04:00:00,13,5,0,7,0,9.9,-1.6,1.0,0,1,0,0,0,0,0,0,1,0
2024-03-19 00:00:00,143,1,0,7,0,7.8,8.5,0.0,0,0,0,0,0,1,0,0,1,0
2024-03-12 03:00:00,35,4,0,7,0,11.2,5.1,1.8,0,0,0,0,0,1,0,0,1,0
2024-03-29 03:00:00,44,4,0,4,1,12.0,4.8,0.0,1,0,0,0,0,0,0,0,1,0
2024-03-08 04:00:00,38,5,0,4,0,6.2,3.6,0.0,1,0,0,0,0,0,0,0,1,0
2024-03-18 22:00:00,357,23,0,10,0,14.1,6.1,2.3,0,1,0,0,0,0,0,0,1,0
2024-03-12 04:00:00,29,5,0,6,0,11.2,5.1,1.8,0,0,0,0,0,1,0,0,1,0
2024-03-25 23:00:00,174,0,0,4,0,7.4,4.0,15.2,0,1,0,0,0,0,0,0,1,0
2024-03-08 01:00:00,226,2,0,12,0,6.2,3.6,0.0,1,0,0,0,0,0,0,0,1,0
2024-03-10 05:00:00,119,6,0,12,0,6.3,5.5,0.6,0,0,0,1,0,0,0,0,1,0
2024-03-21 05:00:00,83,6,0,12,0,11.3,3.2,0.3,0,0,0,0,1,0,0,0,1,0
2024-03-06 01:00:00,157,2,0,6,0,8.1,5.7,0.6,0,0,0,0,0,0,1,0,1,0
2024-03-20 03:00:00,50,4,0,6,0,12.3,6.2,0.0,0,0,0,0,0,0,1,0,1,0
2024-03-15 03:00:00,64,4,0,5,0,8.4,3.8,2.1,1,0,0,0,0,0,0,0,1,0
2024-03-22 04:00:00,28,5,0,5,0,11.3,4.4,0.0,1,0,0,0,0,0,0,0,1,0
2024-03-05 03:00:00,36,4,0,4,0,7.2,5.5,0.0,0,0,0,0,0,1,0,0,1,0
2024-03-26 04:00:00,13,5,0,4,0,7.8,1.5,6.1,0,0,0,0,0,1,0,0,1,0
2024-03-06 03:00:00,75,4,0,4,0,8.1,5.7,0.6,0,0,0,0,0,0,1,0,1,0
2024-03-12 23:00:00,312,0,0,10,0,11.2,5.1,1.8,0,0,0,0,0,1,0,0,1,0
2024-03-29 23:00:00,453,0,0,20,1,12.0,4.8,0.0,1,0,0,0,0,0,0,0,1,0
2024-03-15 04:00:00,47,5,0,9,0,8.4,3.8,2.1,1,0,0,0,0,0,0,0,1,0
2024-03-14 02:00:00,492,3,0,20,0,9.2,3.8,15.0,0,0,0,0,1,0,0,0,1,0
2024-03-21 00:00:00,367,1,0,3,0,11.3,3.2,0.3,0,0,0,0,1,0,0,0,1,0
2024-03-17 06:00:00,80,7,0,19,0,13.8,5.5,0.0,0,0,0,1,0,0,0,0,1,0
2024-03-03 06:00:00,74,7,0,9,0,8.1,5.5,0.0,0,0,0,1,0,0,0,0,1,0
2024-03-20 04:00:00,21,5,0,3,0,12.3,6.2,0.0,0,0,0,0,0,0,1,0,1,0
2024-03-21 01:00:00,346,2,0,2,0,11.3,3.2,0.3,0,0,0,0,1,0,0,0,1,0
2024-03-19 05:00:00,40,6,0,2,0,7.8,8.5,0.0,0,0,0,0,0,1,0,0,1,0
2024-03-20 05:00:00,84,6,0,2,0,12.3,6.2,0.0,0,0,0,0,0,0,1,0,1,0
2024-03-11 04:00:00,15,5,0,1,0,11.0,4.2,0.2,0,1,0,0,0,0,0,0,1,0
2024-03-26 22:00:00,354,23,0,1,0,7.8,1.5,6.1,0,0,0,0,0,1,0,0,1,0
2024-03-19 04:00:00,11,5,0,1,0,7.8,8.5,0.0,0,0,0,0,0,1,0,0,1,0
2024-03-19 03:00:00,10,4,0,1,0,7.8,8.5,0.0,0,0,0,0,0,1,0,0,1,0
2024-03-20 21:00:00,429,22,0,1,0,12.3,6.2,0.0,0,0,0,0,0,0,1,0,1,0
2023-11-02 23:00:00,374,0,2,17,0,12.7,3.2,0.3,0,0,0,0,1,0,0,0,1,0
2023-11-01 01:00:00,1073,2,2,38,0,10.0,4.0,7.7,0,0,0,0,0,0,1,0,1,0
2023-11-02 04:00:00,35,5,2,9,0,12.7,3.2,0.3,0,0,0,0,1,0,0,0,1,0
2023-11-01 06:00:00,102,7,2,10,0,10.0,4.0,7.7,0,0,0,0,0,0,1,0,1,0
2023-11-01 20:00:00,490,21,2,8,0,10.0,4.0,7.7,0,0,0,0,0,0,1,0,1,0
2023-11-01 21:00:00,680,22,2,4,0,10.0,4.0,7.7,0,0,0,0,0,0,1,0,1,0
2023-11-02 00:00:00,350,1,1,36,0,12.7,3.2,0.3,0,0,0,0,1,0,0,0,1,0
2023-11-02 20:00:00,569,21,1,25,0,12.7,3.2,0.3,0,0,0,0,1,0,0,0,1,0
2023-11-02 02:00:00,280,3,1,20,0,12.7,3.2,0.3,0,0,0,0,1,0,0,0,1,0
2023-11-02 22:00:00,142,23,1,0,0,12.7,3.2,0.3,0,0,0,0,1,0,0,0,1,0
2023-11-01 23:00:00,574,0,1,51,0,10.0,4.0,7.7,0,0,0,0,0,0,1,0,1,0
2023-11-01 05:00:00,114,6,1,10,0,10.0,4.0,7.7,0,0,0,0,0,0,1,0,1,0
2023-11-01 19:00:00,721,20,18,9,0,10.0,4.0,7.7,0,0,0,0,0,0,1,0,1,0
2023-11-01 18:00:00,814,19,17,12,0,10.0,4.0,7.7,0,0,0,0,0,0,1,0,1,0
2023-11-01 15:00:00,1304,16,14,91,0,10.0,4.0,7.7,0,0,0,0,0,0,1,0,1,0
2023-11-01 13:00:00,1708,14,13,67,0,10.0,4.0,7.7,0,0,0,0,0,0,1,0,1,0
2023-11-01 08:00:00,808,9,12,352,0,10.0,4.0,7.7,0,0,0,0,0,0,1,0,1,0
2023-11-01 16:00:00,1498,17,12,47,0,10.0,4.0,7.7,0,0,0,0,0,0,1,0,1,0
2023-11-01 09:00:00,894,10,11,252,0,10.0,4.0,7.7,0,0,0,0,0,0,1,0,1,0
2023-11-01 14:00:00,1364,15,11,106,0,10.0,4.0,7.7,0,0,0,0,0,0,1,0,1,0
2023-11-01 02:00:00,1562,3,9,20,0,10.0,4.0,7.7,0,0,0,0,0,0,1,0,1,0
2023-11-01 17:00:00,773,18,8,8,0,10.0,4.0,7.7,0,0,0,0,0,0,1,0,1,0
2023-11-01 10:00:00,1028,11,7,308,0,10.0,4.0,7.7,0,0,0,0,0,0,1,0,1,0
2023-11-01 07:00:00,341,8,7,91,0,10.0,4.0,7.7,0,0,0,0,0,0,1,0,1,0
2023-11-01 12:00:00,1535,13,6,172,0,10.0,4.0,7.7,0,0,0,0,0,0,1,0,1,0
2023-11-01 03:00:00,901,4,5,20,0,10.0,4.0,7.7,0,0,0,0,0,0,1,0,1,0
2023-11-01 11:00:00,1212,12,3,226,0,10.0,4.0,7.7,0,0,0,0,0,0,1,0,1,0
2023-11-01 00:00:00,1101,1,3,34,0,10.0,4.0,7.7,0,0,0,0,0,0,1,0,1,0
2023-11-01 22:00:00,992,23,3,15,0,10.0,4.0,7.7,0,0,0,0,0,0,1,0,1,0
2023-11-01 04:00:00,86,5,0,11,0,10.0,4.0,7.7,0,0,0,0,0,0,1,0,1,0
2023-11-02 03:00:00,172,4,7,19,0,12.7,3.2,0.3,0,0,0,0,1,0,0,0,1,0
2023-11-02 10:00:00,1746,11,5,186,0,12.7,3.2,0.3,0,0,0,0,1,0,0,0,1,0
2023-11-02 12:00:00,2714,13,5,106,0,12.7,3.2,0.3,0,0,0,0,1,0,0,0,1,0
2023-11-02 16:00:00,694,17,4,212,0,12.7,3.2,0.3,0,0,0,0,1,0,0,0,1,0
2023-11-02 13:00:00,3092,14,4,147,0,12.7,3.2,0.3,0,0,0,0,1,0,0,0,1,0
2023-11-02 21:00:00,464,22,4,36,0,12.7,3.2,0.3,0,0,0,0,1,0,0,0,1,0
2023-11-02 06:00:00,121,7,4,28,0,12.7,3.2,0.3,0,0,0,0,1,0,0,0,1,0
2023-11-02 19:00:00,565,20,3,46,0,12.7,3.2,0.3,0,0,0,0,1,0,0,0,1,0
2023-11-02 11:00:00,2139,12,19,123,0,12.7,3.2,0.3,0,0,0,0,1,0,0,0,1,0
2023-11-02 01:00:00,234,2,0,22,0,12.7,3.2,0.3,0,0,0,0,1,0,0,0,1,0
2023-11-02 14:00:00,2282,15,16,121,0,12.7,3.2,0.3,0,0,0,0,1,0,0,0,1,0
2023-11-02 05:00:00,102,6,0,17,0,12.7,3.2,0.3,0,0,0,0,1,0,0,0,1,0
2023-11-02 18:00:00,850,19,0,11,0,12.7,3.2,0.3,0,0,0,0,1,0,0,0,1,0
2023-11-02 09:00:00,1155,10,14,190,0,12.7,3.2,0.3,0,0,0,0,1,0,0,0,1,0
2023-11-02 08:00:00,831,9,11,183,0,12.7,3.2,0.3,0,0,0,0,1,0,0,0,1,0
2023-11-02 15:00:00,1765,16,8,221,0,12.7,3.2,0.3,0,0,0,0,1,0,0,0,1,0
2023-11-02 07:00:00,343,8,8,89,0,12.7,3.2,0.3,0,0,0,0,1,0,0,0,1,0
2023-11-02 17:00:00,939,18,8,7,0,12.7,3.2,0.3,0,0,0,0,1,0,0,0,1,0
2023-11-03 11:00:00,2233,12,43,216,0,11.2,7.3,1.4,1,0,0,0,0,0,0,0,1,0
2023-11-03 12:00:00,2659,13,34,243,0,11.2,7.3,1.4,1,0,0,0,0,0,0,0,1,0
2023-11-03 09:00:00,1204,10,26,229,0,11.2,7.3,1.4,1,0,0,0,0,0,0,0,1,0
2023-11-03 08:00:00,990,9,23,280,0,11.2,7.3,1.4,1,0,0,0,0,0,0,0,1,0
2023-11-03 10:00:00,1779,11,19,259,0,11.2,7.3,1.4,1,0,0,0,0,0,0,0,1,0
2023-11-03 14:00:00,2110,15,17,107,0,11.2,7.3,1.4,1,0,0,0,0,0,0,0,1,0
2023-11-03 13:00:00,2714,14,14,150,0,11.2,7.3,1.4,1,0,0,0,0,0,0,0,1,0
2023-11-03 07:00:00,282,8,14,81,0,11.2,7.3,1.4,1,0,0,0,0,0,0,0,1,0
2023-11-03 15:00:00,2400,16,8,129,0,11.2,7.3,1.4,1,0,0,0,0,0,0,0,1,0
2023-11-04 15:00:00,2655,16,13,32,0,10.6,5.5,0.6,0,0,1,0,0,0,0,0,1,0
2023-11-04 08:00:00,388,9,12,113,0,10.6,5.5,0.6,0,0,1,0,0,0,0,0,1,0
2023-11-03 19:00:00,976,20,1,15,0,11.2,7.3,1.4,1,0,0,0,0,0,0,0,1,0
2023-11-03 23:00:00,426,0,1,10,0,11.2,7.3,1.4,1,0,0,0,0,0,0,0,1,0
2023-11-04 10:00:00,900,11,12,20,0,10.6,5.5,0.6,0,0,1,0,0,0,0,0,1,0
2023-11-03 00:00:00,310,1,0,23,0,11.2,7.3,1.4,1,0,0,0,0,0,0,0,1,0
2023-11-03 22:00:00,1106,23,0,12,0,11.2,7.3,1.4,1,0,0,0,0,0,0,0,1,0
2023-11-04 14:00:00,3415,15,11,30,0,10.6,5.5,0.6,0,0,1,0,0,0,0,0,1,0
2023-11-03 06:00:00,170,7,0,11,0,11.2,7.3,1.4,1,0,0,0,0,0,0,0,1,0
2023-11-03 02:00:00,178,3,0,10,0,11.2,7.3,1.4,1,0,0,0,0,0,0,0,1,0
2023-11-03 03:00:00,78,4,0,8,0,11.2,7.3,1.4,1,0,0,0,0,0,0,0,1,0
2023-11-04 02:00:00,505,3,7,38,0,10.6,5.5,0.6,0,0,1,0,0,0,0,0,1,0
2023-11-03 04:00:00,13,5,0,3,0,11.2,7.3,1.4,1,0,0,0,0,0,0,0,1,0
2023-11-04 13:00:00,3252,14,43,21,0,10.6,5.5,0.6,0,0,1,0,0,0,0,0,1,0
2023-11-04 12:00:00,2108,13,26,61,0,10.6,5.5,0.6,0,0,1,0,0,0,0,0,1,0
2023-11-04 11:00:00,1350,12,21,5,0,10.6,5.5,0.6,0,0,1,0,0,0,0,0,1,0
2023-11-04 09:00:00,644,10,5,82,0,10.6,5.5,0.6,0,0,1,0,0,0,0,0,1,0
2023-11-04 07:00:00,160,8,5,65,0,10.6,5.5,0.6,0,0,1,0,0,0,0,0,1,0
2023-11-04 23:00:00,640,0,4,7,0,10.6,5.5,0.6,0,0,1,0,0,0,0,0,1,0
2023-11-04 19:00:00,993,20,4,4,0,10.6,5.5,0.6,0,0,1,0,0,0,0,0,1,0
2023-11-04 18:00:00,1370,19,3,9,0,10.6,5.5,0.6,0,0,1,0,0,0,0,0,1,0
2023-11-04 04:00:00,54,5,3,2,0,10.6,5.5,0.6,0,0,1,0,0,0,0,0,1,0
2023-11-04 16:00:00,2450,17,2,65,0,10.6,5.5,0.6,0,0,1,0,0,0,0,0,1,0
2023-11-04 22:00:00,797,23,2,5,0,10.6,5.5,0.6,0,0,1,0,0,0,0,0,1,0
2023-11-04 06:00:00,171,7,1,23,0,10.6,5.5,0.6,0,0,1,0,0,0,0,0,1,0
2023-11-04 21:00:00,957,22,1,5,0,10.6,5.5,0.6,0,0,1,0,0,0,0,0,1,0
2023-11-04 20:00:00,917,21,1,3,0,10.6,5.5,0.6,0,0,1,0,0,0,0,0,1,0
2023-11-04 01:00:00,613,2,0,28,0,10.6,5.5,0.6,0,0,1,0,0,0,0,0,1,0
2023-11-04 00:00:00,462,1,0,21,0,10.6,5.5,0.6,0,0,1,0,0,0,0,0,1,0
2023-11-04 03:00:00,222,4,0,17,0,10.6,5.5,0.6,0,0,1,0,0,0,0,0,1,0
2023-11-04 17:00:00,1481,18,0,13,0,10.6,5.5,0.6,0,0,1,0,0,0,0,0,1,0
2023-11-04 05:00:00,61,6,0,5,0,10.6,5.5,0.6,0,0,1,0,0,0,0,0,1,0
2023-11-05 10:00:00,865,11,29,138,0,10.8,5.5,0.0,0,0,0,1,0,0,0,0,1,0
2023-11-05 09:00:00,497,10,13,110,0,10.8,5.5,0.0,0,0,0,1,0,0,0,0,1,0
2023-11-03 16:00:00,2293,17,7,113,0,11.2,7.3,1.4,1,0,0,0,0,0,0,0,1,0
2023-11-03 20:00:00,799,21,4,7,0,11.2,7.3,1.4,1,0,0,0,0,0,0,0,1,0
2023-11-03 05:00:00,124,6,3,13,0,11.2,7.3,1.4,1,0,0,0,0,0,0,0,1,0
2023-11-03 17:00:00,1357,18,2,20,0,11.2,7.3,1.4,1,0,0,0,0,0,0,0,1,0
2023-11-03 01:00:00,185,2,2,17,0,11.2,7.3,1.4,1,0,0,0,0,0,0,0,1,0
2023-11-03 18:00:00,1221,19,2,10,0,11.2,7.3,1.4,1,0,0,0,0,0,0,0,1,0
2023-11-03 21:00:00,882,22,2,8,0,11.2,7.3,1.4,1,0,0,0,0,0,0,0,1,0
2023-11-06 20:00:00,437,21,2,3,0,12.1,3.3,0.2,0,1,0,0,0,0,0,0,1,0
2023-11-06 21:00:00,416,22,2,2,0,12.1,3.3,0.2,0,1,0,0,0,0,0,0,1,0
2023-11-06 18:00:00,933,19,9,18,0,12.1,3.3,0.2,0,1,0,0,0,0,0,0,1,0
2023-11-05 12:00:00,1146,13,12,51,0,10.8,5.5,0.0,0,0,0,1,0,0,0,0,1,0
2023-11-05 04:00:00,72,5,1,9,0,10.8,5.5,0.0,0,0,0,1,0,0,0,0,1,0
2023-11-05 00:00:00,525,1,1,8,0,10.8,5.5,0.0,0,0,0,1,0,0,0,0,1,0
2023-11-05 05:00:00,58,6,1,8,0,10.8,5.5,0.0,0,0,0,1,0,0,0,0,1,0
2023-11-06 04:00:00,26,5,0,11,0,12.1,3.3,0.2,0,1,0,0,0,0,0,0,1,0
2023-11-05 22:00:00,419,23,1,6,0,10.8,5.5,0.0,0,0,0,1,0,0,0,0,1,0
2023-11-05 11:00:00,694,12,11,85,0,10.8,5.5,0.0,0,0,0,1,0,0,0,0,1,0
2023-11-06 10:00:00,1179,11,8,73,0,12.1,3.3,0.2,0,1,0,0,0,0,0,0,1,0
2023-11-06 17:00:00,1369,18,8,48,0,12.1,3.3,0.2,0,1,0,0,0,0,0,0,1,0
2023-11-06 19:00:00,572,20,6,14,0,12.1,3.3,0.2,0,1,0,0,0,0,0,0,1,0
2023-11-06 11:00:00,1655,12,4,17,0,12.1,3.3,0.2,0,1,0,0,0,0,0,0,1,0
2023-11-06 01:00:00,139,2,4,17,0,12.1,3.3,0.2,0,1,0,0,0,0,0,0,1,0
2023-11-06 00:00:00,189,1,4,16,0,12.1,3.3,0.2,0,1,0,0,0,0,0,0,1,0
2023-11-06 02:00:00,107,3,2,12,0,12.1,3.3,0.2,0,1,0,0,0,0,0,0,1,0
2023-11-06 05:00:00,84,6,2,9,0,12.1,3.3,0.2,0,1,0,0,0,0,0,0,1,0
2023-11-05 08:00:00,223,9,11,63,0,10.8,5.5,0.0,0,0,0,1,0,0,0,0,1,0
2023-11-05 07:00:00,93,8,11,16,0,10.8,5.5,0.0,0,0,0,1,0,0,0,0,1,0
2023-11-06 03:00:00,34,4,0,6,0,12.1,3.3,0.2,0,1,0,0,0,0,0,0,1,0
2023-11-05 18:00:00,1012,19,10,6,0,10.8,5.5,0.0,0,0,0,1,0,0,0,0,1,0
2023-11-05 17:00:00,1474,18,9,3,0,10.8,5.5,0.0,0,0,0,1,0,0,0,0,1,0
2023-11-05 15:00:00,815,16,9,3,0,10.8,5.5,0.0,0,0,0,1,0,0,0,0,1,0
2023-11-05 19:00:00,826,20,7,5,0,10.8,5.5,0.0,0,0,0,1,0,0,0,0,1,0
2023-11-05 16:00:00,1502,17,6,36,0,10.8,5.5,0.0,0,0,0,1,0,0,0,0,1,0
2023-11-05 13:00:00,1599,14,6,6,0,10.8,5.5,0.0,0,0,0,1,0,0,0,0,1,0
2023-11-05 14:00:00,1216,15,5,4,0,10.8,5.5,0.0,0,0,0,1,0,0,0,0,1,0
2023-11-05 20:00:00,731,21,4,1,0,10.8,5.5,0.0,0,0,0,1,0,0,0,0,1,0
2023-11-05 23:00:00,284,0,3,10,0,10.8,5.5,0.0,0,0,0,1,0,0,0,0,1,0
2023-11-05 21:00:00,507,22,3,1,0,10.8,5.5,0.0,0,0,0,1,0,0,0,0,1,0
2023-11-05 03:00:00,802,4,1,19,0,10.8,5.5,0.0,0,0,0,1,0,0,0,0,1,0
2023-11-07 13:00:00,3233,14,17,180,0,10.1,5.6,2.2,0,0,0,0,0,1,0,0,1,0
2023-11-07 12:00:00,3241,13,17,174,0,10.1,5.6,2.2,0,0,0,0,0,1,0,0,1,0
2023-11-07 11:00:00,2223,12,17,172,0,10.1,5.6,2.2,0,0,0,0,0,1,0,0,1,0
2023-11-06 22:00:00,398,23,1,13,0,12.1,3.3,0.2,0,1,0,0,0,0,0,0,1,0
2023-11-07 08:00:00,910,9,16,332,0,10.1,5.6,2.2,0,0,0,0,0,1,0,0,1,0
2023-11-06 06:00:00,136,7,1,13,0,12.1,3.3,0.2,0,1,0,0,0,0,0,0,1,0
2023-11-06 23:00:00,324,0,1,9,0,12.1,3.3,0.2,0,1,0,0,0,0,0,0,1,0
2023-11-07 17:00:00,2264,18,14,29,0,10.1,5.6,2.2,0,0,0,0,0,1,0,0,1,0
2023-11-07 15:00:00,1642,16,12,68,0,10.1,5.6,2.2,0,0,0,0,0,1,0,0,1,0
2023-11-07 23:00:00,391,0,11,34,0,10.1,5.6,2.2,0,0,0,0,0,1,0,0,1,0
2023-11-07 10:00:00,1535,11,9,177,0,10.1,5.6,2.2,0,0,0,0,0,1,0,0,1,0
2023-11-07 19:00:00,1008,20,8,94,0,10.1,5.6,2.2,0,0,0,0,0,1,0,0,1,0
2023-11-07 21:00:00,673,22,6,75,0,10.1,5.6,2.2,0,0,0,0,0,1,0,0,1,0
2023-11-07 14:00:00,2253,15,28,230,0,10.1,5.6,2.2,0,0,0,0,0,1,0,0,1,0
2023-11-07 09:00:00,1260,10,23,258,0,10.1,5.6,2.2,0,0,0,0,0,1,0,0,1,0
2023-11-07 16:00:00,2083,17,23,143,0,10.1,5.6,2.2,0,0,0,0,0,1,0,0,1,0
2023-11-06 08:00:00,896,9,30,207,0,12.1,3.3,0.2,0,1,0,0,0,0,0,0,1,0
2023-11-06 15:00:00,1936,16,26,124,0,12.1,3.3,0.2,0,1,0,0,0,0,0,0,1,0
2023-11-06 16:00:00,2151,17,22,145,0,12.1,3.3,0.2,0,1,0,0,0,0,0,0,1,0
2023-11-06 09:00:00,1206,10,21,120,0,12.1,3.3,0.2,0,1,0,0,0,0,0,0,1,0
2023-11-06 14:00:00,1957,15,20,135,0,12.1,3.3,0.2,0,1,0,0,0,0,0,0,1,0
2023-11-06 13:00:00,2119,14,16,12,0,12.1,3.3,0.2,0,1,0,0,0,0,0,0,1,0
2023-11-06 12:00:00,2058,13,16,9,0,12.1,3.3,0.2,0,1,0,0,0,0,0,0,1,0
2023-11-06 07:00:00,330,8,11,81,0,12.1,3.3,0.2,0,1,0,0,0,0,0,0,1,0
2023-11-05 06:00:00,59,7,0,13,0,10.8,5.5,0.0,0,0,0,1,0,0,0,0,1,0
2023-11-05 01:00:00,562,2,0,5,0,10.8,5.5,0.0,0,0,0,1,0,0,0,0,1,0
2023-11-05 02:00:00,550,3,0,5,0,10.8,5.5,0.0,0,0,0,1,0,0,0,0,1,0
2023-11-07 00:00:00,259,1,0,11,0,10.1,5.6,2.2,0,0,0,0,0,1,0,0,1,0
2023-11-07 02:00:00,72,3,0,8,0,10.1,5.6,2.2,0,0,0,0,0,1,0,0,1,0
2023-11-08 13:00:00,3272,14,19,120,0,8.9,3.0,0.8,0,0,0,0,0,0,1,0,1,0
2023-11-08 20:00:00,950,21,8,51,0,8.9,3.0,0.8,0,0,0,0,0,0,1,0,1,0
2023-11-08 17:00:00,809,18,8,16,0,8.9,3.0,0.8,0,0,0,0,0,0,1,0,1,0
2023-11-08 09:00:00,1105,10,7,178,0,8.9,3.0,0.8,0,0,0,0,0,0,1,0,1,0
2023-11-08 19:00:00,1371,20,5,71,0,8.9,3.0,0.8,0,0,0,0,0,0,1,0,1,0
2023-11-08 00:00:00,274,1,5,48,0,8.9,3.0,0.8,0,0,0,0,0,0,1,0,1,0
2023-11-08 18:00:00,1063,19,4,15,0,8.9,3.0,0.8,0,0,0,0,0,0,1,0,1,0
2023-11-08 07:00:00,302,8,3,33,0,8.9,3.0,0.8,0,0,0,0,0,0,1,0,1,0
2023-11-08 23:00:00,274,0,2,124,0,8.9,3.0,0.8,0,0,0,0,0,0,1,0,1,0
2023-11-08 05:00:00,87,6,2,5,0,8.9,3.0,0.8,0,0,0,0,0,0,1,0,1,0
2023-11-08 01:00:00,151,2,1,39,0,8.9,3.0,0.8,0,0,0,0,0,0,1,0,1,0
2023-11-09 17:00:00,1924,18,7,76,0,7.9,0.7,0.0,0,0,0,0,1,0,0,0,1,0
2023-11-09 20:00:00,878,21,5,64,0,7.9,0.7,0.0,0,0,0,0,1,0,0,0,1,0
2023-11-09 21:00:00,787,22,5,62,0,7.9,0.7,0.0,0,0,0,0,1,0,0,0,1,0
2023-11-09 22:00:00,1245,23,4,44,0,7.9,0.7,0.0,0,0,0,0,1,0,0,0,1,0
2023-11-09 19:00:00,1300,20,4,37,0,7.9,0.7,0.0,0,0,0,0,1,0,0,0,1,0
2023-11-09 05:00:00,93,6,4,10,0,7.9,0.7,0.0,0,0,0,0,1,0,0,0,1,0
2023-11-09 07:00:00,299,8,3,32,0,7.9,0.7,0.0,0,0,0,0,1,0,0,0,1,0
2023-11-07 07:00:00,395,8,4,67,0,10.1,5.6,2.2,0,0,0,0,0,1,0,0,1,0
2023-11-07 03:00:00,25,4,0,0,0,10.1,5.6,2.2,0,0,0,0,0,1,0,0,1,0
2023-11-07 22:00:00,584,23,4,38,0,10.1,5.6,2.2,0,0,0,0,0,1,0,0,1,0
2023-11-08 02:00:00,184,3,1,15,0,8.9,3.0,0.8,0,0,0,0,0,0,1,0,1,0
2023-11-07 04:00:00,16,5,0,0,0,10.1,5.6,2.2,0,0,0,0,0,1,0,0,1,0
2023-11-08 15:00:00,2188,16,27,245,0,8.9,3.0,0.8,0,0,0,0,0,0,1,0,1,0
2023-11-08 06:00:00,106,7,1,2,0,8.9,3.0,0.8,0,0,0,0,0,0,1,0,1,0
2023-11-09 12:00:00,3671,13,30,208,0,7.9,0.7,0.0,0,0,0,0,1,0,0,0,1,0
2023-11-09 10:00:00,1235,11,27,130,0,7.9,0.7,0.0,0,0,0,0,1,0,0,0,1,0
2023-11-08 21:00:00,931,22,0,59,0,8.9,3.0,0.8,0,0,0,0,0,0,1,0,1,0
2023-11-08 22:00:00,807,23,0,43,0,8.9,3.0,0.8,0,0,0,0,0,0,1,0,1,0
2023-11-08 03:00:00,25,4,0,4,0,8.9,3.0,0.8,0,0,0,0,0,0,1,0,1,0
2023-11-08 04:00:00,15,5,0,3,0,8.9,3.0,0.8,0,0,0,0,0,0,1,0,1,0
2023-11-09 14:00:00,2730,15,25,120,0,7.9,0.7,0.0,0,0,0,0,1,0,0,0,1,0
2023-11-08 16:00:00,1560,17,15,147,0,8.9,3.0,0.8,0,0,0,0,0,0,1,0,1,0
2023-11-09 13:00:00,3042,14,21,189,0,7.9,0.7,0.0,0,0,0,0,1,0,0,0,1,0
2023-11-09 09:00:00,1038,10,21,101,0,7.9,0.7,0.0,0,0,0,0,1,0,0,0,1,0
2023-11-08 08:00:00,870,9,14,204,0,8.9,3.0,0.8,0,0,0,0,0,0,1,0,1,0
2023-11-07 05:00:00,77,6,2,7,0,10.1,5.6,2.2,0,0,0,0,0,1,0,0,1,0
2023-11-07 20:00:00,742,21,1,66,0,10.1,5.6,2.2,0,0,0,0,0,1,0,0,1,0
2023-11-08 14:00:00,2402,15,12,143,0,8.9,3.0,0.8,0,0,0,0,0,0,1,0,1,0
2023-11-09 01:00:00,444,2,1,116,0,7.9,0.7,0.0,0,0,0,0,1,0,0,0,1,0
2023-11-09 02:00:00,754,3,1,102,0,7.9,0.7,0.0,0,0,0,0,1,0,0,0,1,0
2023-11-09 18:00:00,1661,19,15,24,0,7.9,0.7,0.0,0,0,0,0,1,0,0,0,1,0
2023-11-09 00:00:00,342,1,1,95,0,7.9,0.7,0.0,0,0,0,0,1,0,0,0,1,0
2023-11-07 18:00:00,1532,19,1,49,0,10.1,5.6,2.2,0,0,0,0,0,1,0,0,1,0
2023-11-07 01:00:00,186,2,1,13,0,10.1,5.6,2.2,0,0,0,0,0,1,0,0,1,0
2023-11-07 06:00:00,124,7,1,10,0,10.1,5.6,2.2,0,0,0,0,0,1,0,0,1,0
2023-11-09 08:00:00,839,9,13,278,0,7.9,0.7,0.0,0,0,0,0,1,0,0,0,1,0
2023-11-09 23:00:00,503,0,1,19,0,7.9,0.7,0.0,0,0,0,0,1,0,0,0,1,0
2023-11-09 06:00:00,124,7,1,15,0,7.9,0.7,0.0,0,0,0,0,1,0,0,0,1,0
2023-11-09 03:00:00,305,4,1,11,0,7.9,0.7,0.0,0,0,0,0,1,0,0,0,1,0
2023-11-08 10:00:00,1625,11,10,182,0,8.9,3.0,0.8,0,0,0,0,0,0,1,0,1,0
2023-11-08 12:00:00,3281,13,10,137,0,8.9,3.0,0.8,0,0,0,0,0,0,1,0,1,0
2023-11-09 11:00:00,2326,12,11,62,0,7.9,0.7,0.0,0,0,0,0,1,0,0,0,1,0
2023-11-08 11:00:00,2374,12,10,136,0,8.9,3.0,0.8,0,0,0,0,0,0,1,0,1,0
2023-11-09 16:00:00,2381,17,10,218,0,7.9,0.7,0.0,0,0,0,0,1,0,0,0,1,0
2023-11-09 15:00:00,2713,16,10,99,0,7.9,0.7,0.0,0,0,0,0,1,0,0,0,1,0
2023-11-11 02:00:00,457,3,1,35,0,9.0,0.5,0.0,0,0,1,0,0,0,0,0,1,0
2023-11-11 00:00:00,588,1,1,30,0,9.0,0.5,0.0,0,0,1,0,0,0,0,0,1,0
2023-11-11 04:00:00,41,5,0,3,0,9.0,0.5,0.0,0,0,1,0,0,0,0,0,1,0
2023-11-10 14:00:00,2777,15,15,44,0,9.6,-1.6,0.2,1,0,0,0,0,0,0,0,1,0
2023-11-10 09:00:00,961,10,14,191,0,9.6,-1.6,0.2,1,0,0,0,0,0,0,0,1,0
2023-11-10 17:00:00,1588,18,13,27,0,9.6,-1.6,0.2,1,0,0,0,0,0,0,0,1,0
2023-11-10 16:00:00,1790,17,13,0,0,9.6,-1.6,0.2,1,0,0,0,0,0,0,0,1,0
2023-11-10 08:00:00,873,9,11,212,0,9.6,-1.6,0.2,1,0,0,0,0,0,0,0,1,0
2023-11-10 15:00:00,2457,16,11,20,0,9.6,-1.6,0.2,1,0,0,0,0,0,0,0,1,0
2023-11-10 19:00:00,1145,20,5,31,0,9.6,-1.6,0.2,1,0,0,0,0,0,0,0,1,0
2023-11-11 03:00:00,572,4,1,13,0,9.0,0.5,0.0,0,0,1,0,0,0,0,0,1,0
2023-11-11 23:00:00,673,0,1,12,0,9.0,0.5,0.0,0,0,1,0,0,0,0,0,1,0
2023-11-11 20:00:00,932,21,1,11,0,9.0,0.5,0.0,0,0,1,0,0,0,0,0,1,0
2023-11-11 18:00:00,1421,19,0,1,0,9.0,0.5,0.0,0,0,1,0,0,0,0,0,1,0
2023-11-11 05:00:00,105,6,1,10,0,9.0,0.5,0.0,0,0,1,0,0,0,0,0,1,0
2023-11-10 18:00:00,1628,19,4,65,0,9.6,-1.6,0.2,1,0,0,0,0,0,0,0,1,0
2023-11-12 14:00:00,2180,15,26,194,0,9.0,-0.1,7.7,0,0,0,1,0,0,0,0,1,0
2023-11-11 12:00:00,3306,13,16,192,0,9.0,0.5,0.0,0,0,1,0,0,0,0,0,1,0
2023-11-11 14:00:00,2894,15,16,12,0,9.0,0.5,0.0,0,0,1,0,0,0,0,0,1,0
2023-11-11 15:00:00,2410,16,12,14,0,9.0,0.5,0.0,0,0,1,0,0,0,0,0,1,0
2023-11-11 09:00:00,654,10,10,123,0,9.0,0.5,0.0,0,0,1,0,0,0,0,0,1,0
2023-11-11 17:00:00,1957,18,10,11,0,9.0,0.5,0.0,0,0,1,0,0,0,0,0,1,0
2023-11-11 16:00:00,2441,17,9,12,0,9.0,0.5,0.0,0,0,1,0,0,0,0,0,1,0
2023-11-11 08:00:00,475,9,8,95,0,9.0,0.5,0.0,0,0,1,0,0,0,0,0,1,0
2023-11-11 21:00:00,894,22,5,4,0,9.0,0.5,0.0,0,0,1,0,0,0,0,0,1,0
2023-11-09 04:00:00,29,5,0,5,0,7.9,0.7,0.0,0,0,0,0,1,0,0,0,1,0
2023-11-12 13:00:00,2116,14,22,238,0,9.0,-0.1,7.7,0,0,0,1,0,0,0,0,1,0
2023-11-11 07:00:00,176,8,3,54,0,9.0,0.5,0.0,0,0,1,0,0,0,0,0,1,0
2023-11-11 22:00:00,711,23,3,3,0,9.0,0.5,0.0,0,0,1,0,0,0,0,0,1,0
2023-11-10 02:00:00,253,3,0,16,0,9.6,-1.6,0.2,1,0,0,0,0,0,0,0,1,0
2023-11-10 01:00:00,88,2,0,14,0,9.6,-1.6,0.2,1,0,0,0,0,0,0,0,1,0
2023-11-10 07:00:00,354,8,2,59,0,9.6,-1.6,0.2,1,0,0,0,0,0,0,0,1,0
2023-11-12 10:00:00,1698,11,16,75,0,9.0,-0.1,7.7,0,0,0,1,0,0,0,0,1,0
2023-11-10 00:00:00,353,1,2,26,0,9.6,-1.6,0.2,1,0,0,0,0,0,0,0,1,0
2023-11-10 10:00:00,1737,11,34,200,0,9.6,-1.6,0.2,1,0,0,0,0,0,0,0,1,0
2023-11-10 22:00:00,712,23,0,7,0,9.6,-1.6,0.2,1,0,0,0,0,0,0,0,1,0
2023-11-12 15:00:00,1971,16,15,212,0,9.0,-0.1,7.7,0,0,0,1,0,0,0,0,1,0
2023-11-10 20:00:00,698,21,0,7,0,9.6,-1.6,0.2,1,0,0,0,0,0,0,0,1,0
2023-11-12 11:00:00,1742,12,15,162,0,9.0,-0.1,7.7,0,0,0,1,0,0,0,0,1,0
2023-11-10 23:00:00,777,0,2,13,0,9.6,-1.6,0.2,1,0,0,0,0,0,0,0,1,0
2023-11-10 03:00:00,61,4,0,6,0,9.6,-1.6,0.2,1,0,0,0,0,0,0,0,1,0
2023-11-10 05:00:00,112,6,2,12,0,9.6,-1.6,0.2,1,0,0,0,0,0,0,0,1,0
2023-11-10 04:00:00,13,5,0,6,0,9.6,-1.6,0.2,1,0,0,0,0,0,0,0,1,0
2023-11-10 11:00:00,2771,12,30,225,0,9.6,-1.6,0.2,1,0,0,0,0,0,0,0,1,0
2023-11-10 21:00:00,700,22,2,6,0,9.6,-1.6,0.2,1,0,0,0,0,0,0,0,1,0
2023-11-11 01:00:00,516,2,0,31,0,9.0,0.5,0.0,0,0,1,0,0,0,0,0,1,0
2023-11-11 06:00:00,64,7,0,14,0,9.0,0.5,0.0,0,0,1,0,0,0,0,0,1,0
2023-11-11 19:00:00,1138,20,0,5,0,9.0,0.5,0.0,0,0,1,0,0,0,0,0,1,0
2023-11-10 13:00:00,3144,14,29,177,0,9.6,-1.6,0.2,1,0,0,0,0,0,0,0,1,0
2023-11-12 07:00:00,190,8,10,46,0,9.0,-0.1,7.7,0,0,0,1,0,0,0,0,1,0
2023-11-11 10:00:00,1582,11,43,139,0,9.0,0.5,0.0,0,0,1,0,0,0,0,0,1,0
2023-11-12 12:00:00,2043,13,9,201,0,9.0,-0.1,7.7,0,0,0,1,0,0,0,0,1,0
2023-11-10 12:00:00,2507,13,18,226,0,9.6,-1.6,0.2,1,0,0,0,0,0,0,0,1,0
2023-11-11 13:00:00,3849,14,34,65,0,9.0,0.5,0.0,0,0,1,0,0,0,0,0,1,0
2023-11-11 11:00:00,2804,12,32,226,0,9.0,0.5,0.0,0,0,1,0,0,0,0,0,1,0
2023-11-10 06:00:00,140,7,1,8,0,9.6,-1.6,0.2,1,0,0,0,0,0,0,0,1,0
2023-11-12 16:00:00,1733,17,9,161,0,9.0,-0.1,7.7,0,0,0,1,0,0,0,0,1,0
2023-11-12 09:00:00,635,10,9,113,0,9.0,-0.1,7.7,0,0,0,1,0,0,0,0,1,0
2023-11-13 10:00:00,944,11,13,222,0,8.4,-0.1,27.3,0,1,0,0,0,0,0,0,1,0
2023-11-13 08:00:00,824,9,12,325,0,8.4,-0.1,27.3,0,1,0,0,0,0,0,0,1,0
2023-11-12 17:00:00,1014,18,1,65,0,9.0,-0.1,7.7,0,0,0,1,0,0,0,0,1,0
2023-11-14 10:00:00,1440,11,11,158,0,8.0,6.1,19.6,0,0,0,0,0,1,0,0,1,0
2023-11-12 08:00:00,360,9,1,61,0,9.0,-0.1,7.7,0,0,0,1,0,0,0,0,1,0
2023-11-13 00:00:00,225,1,0,25,0,8.4,-0.1,27.3,0,1,0,0,0,0,0,0,1,0
2023-11-13 02:00:00,99,3,0,25,0,8.4,-0.1,27.3,0,1,0,0,0,0,0,0,1,0
2023-11-13 06:00:00,134,7,0,23,0,8.4,-0.1,27.3,0,1,0,0,0,0,0,0,1,0
2023-11-13 18:00:00,589,19,0,13,0,8.4,-0.1,27.3,0,1,0,0,0,0,0,0,1,0
2023-11-13 05:00:00,98,6,0,13,0,8.4,-0.1,27.3,0,1,0,0,0,0,0,0,1,0
2023-11-12 18:00:00,868,19,0,20,0,9.0,-0.1,7.7,0,0,0,1,0,0,0,0,1,0
2023-11-12 00:00:00,606,1,0,13,0,9.0,-0.1,7.7,0,0,0,1,0,0,0,0,1,0
2023-11-12 05:00:00,152,6,0,11,0,9.0,-0.1,7.7,0,0,0,1,0,0,0,0,1,0
2023-11-12 06:00:00,150,7,0,8,0,9.0,-0.1,7.7,0,0,0,1,0,0,0,0,1,0
2023-11-12 22:00:00,303,23,0,1,0,9.0,-0.1,7.7,0,0,0,1,0,0,0,0,1,0
2023-11-13 14:00:00,1241,15,33,259,0,8.4,-0.1,27.3,0,1,0,0,0,0,0,0,1,0
2023-11-13 13:00:00,1717,14,20,259,0,8.4,-0.1,27.3,0,1,0,0,0,0,0,0,1,0
2023-11-13 15:00:00,1420,16,13,229,0,8.4,-0.1,27.3,0,1,0,0,0,0,0,0,1,0
2023-11-13 03:00:00,36,4,0,9,0,8.4,-0.1,27.3,0,1,0,0,0,0,0,0,1,0
2023-11-13 07:00:00,340,8,2,70,0,8.4,-0.1,27.3,0,1,0,0,0,0,0,0,1,0
2023-11-13 12:00:00,1399,13,9,217,0,8.4,-0.1,27.3,0,1,0,0,0,0,0,0,1,0
2023-11-12 23:00:00,255,0,1,34,0,9.0,-0.1,7.7,0,0,0,1,0,0,0,0,1,0
2023-11-13 04:00:00,20,5,0,9,0,8.4,-0.1,27.3,0,1,0,0,0,0,0,0,1,0
2023-11-12 01:00:00,648,2,1,28,0,9.0,-0.1,7.7,0,0,0,1,0,0,0,0,1,0
2023-11-14 15:00:00,1458,16,7,91,0,8.0,6.1,19.6,0,0,0,0,0,1,0,0,1,0
2023-11-14 17:00:00,962,18,6,12,0,8.0,6.1,19.6,0,0,0,0,0,1,0,0,1,0
2023-11-14 18:00:00,730,19,5,7,0,8.0,6.1,19.6,0,0,0,0,0,1,0,0,1,0
2023-11-13 22:00:00,263,23,0,6,0,8.4,-0.1,27.3,0,1,0,0,0,0,0,0,1,0
2023-11-13 19:00:00,471,20,0,5,0,8.4,-0.1,27.3,0,1,0,0,0,0,0,0,1,0
2023-11-12 20:00:00,401,21,1,2,0,9.0,-0.1,7.7,0,0,0,1,0,0,0,0,1,0
2023-11-12 21:00:00,308,22,1,1,0,9.0,-0.1,7.7,0,0,0,1,0,0,0,0,1,0
2023-11-13 09:00:00,790,10,8,246,0,8.4,-0.1,27.3,0,1,0,0,0,0,0,0,1,0
2023-11-13 20:00:00,377,21,0,2,0,8.4,-0.1,27.3,0,1,0,0,0,0,0,0,1,0
2023-11-13 11:00:00,1211,12,6,231,0,8.4,-0.1,27.3,0,1,0,0,0,0,0,0,1,0
2023-11-12 03:00:00,806,4,3,8,0,9.0,-0.1,7.7,0,0,0,1,0,0,0,0,1,0
2023-11-12 19:00:00,600,20,3,6,0,9.0,-0.1,7.7,0,0,0,1,0,0,0,0,1,0
2023-11-14 09:00:00,1038,10,21,230,0,8.0,6.1,19.6,0,0,0,0,0,1,0,0,1,0
2023-11-14 11:00:00,1872,12,21,164,0,8.0,6.1,19.6,0,0,0,0,0,1,0,0,1,0
2023-11-14 12:00:00,2159,13,17,152,0,8.0,6.1,19.6,0,0,0,0,0,1,0,0,1,0
2023-11-14 08:00:00,842,9,16,244,0,8.0,6.1,19.6,0,0,0,0,0,1,0,0,1,0
2023-11-14 14:00:00,1635,15,15,109,0,8.0,6.1,19.6,0,0,0,0,0,1,0,0,1,0
2023-11-14 13:00:00,2217,14,15,42,0,8.0,6.1,19.6,0,0,0,0,0,1,0,0,1,0
2023-11-13 16:00:00,1214,17,3,62,0,8.4,-0.1,27.3,0,1,0,0,0,0,0,0,1,0
2023-11-12 02:00:00,806,3,2,26,0,9.0,-0.1,7.7,0,0,0,1,0,0,0,0,1,0
2023-11-12 04:00:00,62,5,2,18,0,9.0,-0.1,7.7,0,0,0,1,0,0,0,0,1,0
2023-11-13 01:00:00,163,2,1,33,0,8.4,-0.1,27.3,0,1,0,0,0,0,0,0,1,0
2023-11-13 23:00:00,207,0,1,8,0,8.4,-0.1,27.3,0,1,0,0,0,0,0,0,1,0
2023-11-13 17:00:00,543,18,1,7,0,8.4,-0.1,27.3,0,1,0,0,0,0,0,0,1,0
2023-11-13 21:00:00,386,22,1,7,0,8.4,-0.1,27.3,0,1,0,0,0,0,0,0,1,0
2023-11-14 03:00:00,15,4,0,3,0,8.0,6.1,19.6,0,0,0,0,0,1,0,0,1,0
2023-11-14 16:00:00,1532,17,3,17,0,8.0,6.1,19.6,0,0,0,0,0,1,0,0,1,0
2023-11-14 04:00:00,9,5,0,2,0,8.0,6.1,19.6,0,0,0,0,0,1,0,0,1,0
2023-11-14 20:00:00,402,21,3,8,0,8.0,6.1,19.6,0,0,0,0,0,1,0,0,1,0
2023-11-16 08:00:00,556,9,11,40,0,11.2,5.5,0.0,0,0,0,0,1,0,0,0,1,0
2023-11-16 16:00:00,1700,17,10,74,0,11.2,5.5,0.0,0,0,0,0,1,0,0,0,1,0
2023-11-16 10:00:00,1270,11,8,65,0,11.2,5.5,0.0,0,0,0,0,1,0,0,0,1,0
2023-11-16 14:00:00,1098,15,8,11,0,11.2,5.5,0.0,0,0,0,0,1,0,0,0,1,0
2023-11-16 11:00:00,1207,12,7,35,0,11.2,5.5,0.0,0,0,0,0,1,0,0,0,1,0
2023-11-16 07:00:00,263,8,7,28,0,11.2,5.5,0.0,0,0,0,0,1,0,0,0,1,0
2023-11-16 18:00:00,1267,19,6,31,0,11.2,5.5,0.0,0,0,0,0,1,0,0,0,1,0
2023-11-16 22:00:00,467,23,5,36,0,11.2,5.5,0.0,0,0,0,0,1,0,0,0,1,0
2023-11-15 09:00:00,843,10,11,86,0,6.8,6.1,1.1,0,0,0,0,0,0,1,0,1,0
2023-11-15 23:00:00,323,0,3,3,0,6.8,6.1,1.1,0,0,0,0,0,0,1,0,1,0
2023-11-15 11:00:00,1869,12,10,118,0,6.8,6.1,1.1,0,0,0,0,0,0,1,0,1,0
2023-11-15 18:00:00,975,19,9,2,0,6.8,6.1,1.1,0,0,0,0,0,0,1,0,1,0
2023-11-15 19:00:00,650,20,7,7,0,6.8,6.1,1.1,0,0,0,0,0,0,1,0,1,0
2023-11-15 13:00:00,2645,14,7,5,0,6.8,6.1,1.1,0,0,0,0,0,0,1,0,1,0
2023-11-15 10:00:00,1365,11,5,164,0,6.8,6.1,1.1,0,0,0,0,0,0,1,0,1,0
2023-11-15 20:00:00,763,21,5,10,0,6.8,6.1,1.1,0,0,0,0,0,0,1,0,1,0
2023-11-14 00:00:00,190,1,0,17,0,8.0,6.1,19.6,0,0,0,0,0,1,0,0,1,0
2023-11-14 01:00:00,139,2,0,16,0,8.0,6.1,19.6,0,0,0,0,0,1,0,0,1,0
2023-11-14 02:00:00,75,3,0,6,0,8.0,6.1,19.6,0,0,0,0,0,1,0,0,1,0
2023-11-14 05:00:00,76,6,2,8,0,8.0,6.1,19.6,0,0,0,0,0,1,0,0,1,0
2023-11-14 21:00:00,325,22,2,6,0,8.0,6.1,19.6,0,0,0,0,0,1,0,0,1,0
2023-11-15 07:00:00,334,8,2,84,0,6.8,6.1,1.1,0,0,0,0,0,0,1,0,1,0
2023-11-14 22:00:00,279,23,2,5,0,8.0,6.1,19.6,0,0,0,0,0,1,0,0,1,0
2023-11-15 21:00:00,511,22,2,6,0,6.8,6.1,1.1,0,0,0,0,0,0,1,0,1,0
2023-11-16 15:00:00,1628,16,16,173,0,11.2,5.5,0.0,0,0,0,0,1,0,0,0,1,0
2023-11-15 01:00:00,78,2,0,24,0,6.8,6.1,1.1,0,0,0,0,0,0,1,0,1,0
2023-11-15 02:00:00,31,3,0,18,0,6.8,6.1,1.1,0,0,0,0,0,0,1,0,1,0
2023-11-15 16:00:00,1950,17,17,155,0,6.8,6.1,1.1,0,0,0,0,0,0,1,0,1,0
2023-11-15 08:00:00,779,9,17,97,0,6.8,6.1,1.1,0,0,0,0,0,0,1,0,1,0
2023-11-15 15:00:00,2143,16,16,237,0,6.8,6.1,1.1,0,0,0,0,0,0,1,0,1,0
2023-11-15 17:00:00,1334,18,15,7,0,6.8,6.1,1.1,0,0,0,0,0,0,1,0,1,0
2023-11-15 14:00:00,2666,15,13,161,0,6.8,6.1,1.1,0,0,0,0,0,0,1,0,1,0
2023-11-15 12:00:00,2416,13,13,120,0,6.8,6.1,1.1,0,0,0,0,0,0,1,0,1,0
2023-11-15 06:00:00,110,7,1,30,0,6.8,6.1,1.1,0,0,0,0,0,0,1,0,1,0
2023-11-15 04:00:00,20,5,0,9,0,6.8,6.1,1.1,0,0,0,0,0,0,1,0,1,0
2023-11-15 03:00:00,10,4,0,9,0,6.8,6.1,1.1,0,0,0,0,0,0,1,0,1,0
2023-11-15 05:00:00,105,6,1,18,0,6.8,6.1,1.1,0,0,0,0,0,0,1,0,1,0
2023-11-15 00:00:00,174,1,1,2,0,6.8,6.1,1.1,0,0,0,0,0,0,1,0,1,0
2023-11-15 22:00:00,371,23,0,1,0,6.8,6.1,1.1,0,0,0,0,0,0,1,0,1,0
2023-11-14 07:00:00,245,8,1,11,0,8.0,6.1,19.6,0,0,0,0,0,1,0,0,1,0
2023-11-16 17:00:00,1823,18,12,11,0,11.2,5.5,0.0,0,0,0,0,1,0,0,0,1,0
2023-11-14 19:00:00,501,20,1,5,0,8.0,6.1,19.6,0,0,0,0,0,1,0,0,1,0
2023-11-14 06:00:00,75,7,1,4,0,8.0,6.1,19.6,0,0,0,0,0,1,0,0,1,0
2023-11-14 23:00:00,204,0,1,1,0,8.0,6.1,19.6,0,0,0,0,0,1,0,0,1,0
2023-11-17 23:00:00,899,0,2,68,0,10.8,3.9,2.4,1,0,0,0,0,0,0,0,1,0
2023-11-17 17:00:00,1164,18,2,30,0,10.8,3.9,2.4,1,0,0,0,0,0,0,0,1,0
2023-11-17 05:00:00,77,6,2,14,0,10.8,3.9,2.4,1,0,0,0,0,0,0,0,1,0
2023-11-16 12:00:00,1678,13,1,2,0,11.2,5.5,0.0,0,0,0,0,1,0,0,0,1,0
2023-11-17 01:00:00,246,2,0,17,0,10.8,3.9,2.4,1,0,0,0,0,0,0,0,1,0
2023-11-17 02:00:00,314,3,0,12,0,10.8,3.9,2.4,1,0,0,0,0,0,0,0,1,0
2023-11-17 06:00:00,74,7,0,8,0,10.8,3.9,2.4,1,0,0,0,0,0,0,0,1,0
2023-11-17 04:00:00,15,5,0,6,0,10.8,3.9,2.4,1,0,0,0,0,0,0,0,1,0
2023-11-18 13:00:00,2748,14,27,126,0,12.9,5.5,9.6,0,0,1,0,0,0,0,0,1,0
2023-11-18 12:00:00,2975,13,17,41,0,12.9,5.5,9.6,0,0,1,0,0,0,0,0,1,0
2023-11-16 04:00:00,28,5,1,2,0,11.2,5.5,0.0,0,0,0,0,1,0,0,0,1,0
2023-11-18 19:00:00,1433,20,4,8,0,12.9,5.5,9.6,0,0,1,0,0,0,0,0,1,0
2023-11-18 00:00:00,683,1,2,66,0,12.9,5.5,9.6,0,0,1,0,0,0,0,0,1,0
2023-11-18 18:00:00,1459,19,2,24,0,12.9,5.5,9.6,0,0,1,0,0,0,0,0,1,0
2023-11-18 22:00:00,630,23,2,14,0,12.9,5.5,9.6,0,0,1,0,0,0,0,0,1,0
2023-11-18 20:00:00,766,21,2,12,0,12.9,5.5,9.6,0,0,1,0,0,0,0,0,1,0
2023-11-16 00:00:00,234,1,4,7,0,11.2,5.5,0.0,0,0,0,0,1,0,0,0,1,0
2023-11-16 09:00:00,1958,10,4,5,0,11.2,5.5,0.0,0,0,0,0,1,0,0,0,1,0
2023-11-17 08:00:00,880,9,25,346,0,10.8,3.9,2.4,1,0,0,0,0,0,0,0,1,0
2023-11-17 14:00:00,2869,15,11,132,0,10.8,3.9,2.4,1,0,0,0,0,0,0,0,1,0
2023-11-17 07:00:00,336,8,4,60,0,10.8,3.9,2.4,1,0,0,0,0,0,0,0,1,0
2023-11-17 18:00:00,1493,19,4,43,0,10.8,3.9,2.4,1,0,0,0,0,0,0,0,1,0
2023-11-17 22:00:00,1061,23,3,87,0,10.8,3.9,2.4,1,0,0,0,0,0,0,0,1,0
2023-11-17 20:00:00,1143,21,3,84,0,10.8,3.9,2.4,1,0,0,0,0,0,0,0,1,0
2023-11-17 19:00:00,1398,20,3,42,0,10.8,3.9,2.4,1,0,0,0,0,0,0,0,1,0
2023-11-17 16:00:00,1487,17,3,32,0,10.8,3.9,2.4,1,0,0,0,0,0,0,0,1,0
2023-11-16 13:00:00,1762,14,0,2,0,11.2,5.5,0.0,0,0,0,0,1,0,0,0,1,0
2023-11-17 12:00:00,3404,13,29,237,0,10.8,3.9,2.4,1,0,0,0,0,0,0,0,1,0
2023-11-17 13:00:00,3225,14,22,37,0,10.8,3.9,2.4,1,0,0,0,0,0,0,0,1,0
2023-11-17 00:00:00,391,1,1,12,0,10.8,3.9,2.4,1,0,0,0,0,0,0,0,1,0
2023-11-16 20:00:00,766,21,3,41,0,11.2,5.5,0.0,0,0,0,0,1,0,0,0,1,0
2023-11-17 03:00:00,98,4,1,5,0,10.8,3.9,2.4,1,0,0,0,0,0,0,0,1,0
2023-11-16 19:00:00,979,20,3,34,0,11.2,5.5,0.0,0,0,0,0,1,0,0,0,1,0
2023-11-16 03:00:00,120,4,3,0,0,11.2,5.5,0.0,0,0,0,0,1,0,0,0,1,0
2023-11-18 14:00:00,2617,15,10,247,0,12.9,5.5,9.6,0,0,1,0,0,0,0,0,1,0
2023-11-18 11:00:00,1538,12,10,224,0,12.9,5.5,9.6,0,0,1,0,0,0,0,0,1,0
2023-11-18 09:00:00,883,10,10,150,0,12.9,5.5,9.6,0,0,1,0,0,0,0,0,1,0
2023-11-17 15:00:00,2413,16,17,87,0,10.8,3.9,2.4,1,0,0,0,0,0,0,0,1,0
2023-11-17 21:00:00,1249,22,0,99,0,10.8,3.9,2.4,1,0,0,0,0,0,0,0,1,0
2023-11-16 21:00:00,573,22,2,41,0,11.2,5.5,0.0,0,0,0,0,1,0,0,0,1,0
2023-11-16 23:00:00,561,0,2,10,0,11.2,5.5,0.0,0,0,0,0,1,0,0,0,1,0
2023-11-17 09:00:00,1677,10,16,178,0,10.8,3.9,2.4,1,0,0,0,0,0,0,0,1,0
2023-11-17 10:00:00,1658,11,15,276,0,10.8,3.9,2.4,1,0,0,0,0,0,0,0,1,0
2023-11-17 11:00:00,2373,12,13,270,0,10.8,3.9,2.4,1,0,0,0,0,0,0,0,1,0
2023-11-16 05:00:00,83,6,2,4,0,11.2,5.5,0.0,0,0,0,0,1,0,0,0,1,0
2023-11-16 02:00:00,336,3,2,2,0,11.2,5.5,0.0,0,0,0,0,1,0,0,0,1,0
2023-11-18 16:00:00,1578,17,7,51,0,12.9,5.5,9.6,0,0,1,0,0,0,0,0,1,0
2023-11-16 01:00:00,255,2,2,1,0,11.2,5.5,0.0,0,0,0,0,1,0,0,0,1,0
2023-11-18 10:00:00,1058,11,6,200,0,12.9,5.5,9.6,0,0,1,0,0,0,0,0,1,0
2023-11-18 08:00:00,369,9,6,72,0,12.9,5.5,9.6,0,0,1,0,0,0,0,0,1,0
2023-11-16 06:00:00,127,7,1,4,0,11.2,5.5,0.0,0,0,0,0,1,0,0,0,1,0
2023-11-18 01:00:00,462,2,1,42,0,12.9,5.5,9.6,0,0,1,0,0,0,0,0,1,0
2023-11-18 21:00:00,694,22,1,37,0,12.9,5.5,9.6,0,0,1,0,0,0,0,0,1,0
2023-11-18 07:00:00,162,8,1,32,0,12.9,5.5,9.6,0,0,1,0,0,0,0,0,1,0
2023-11-19 07:00:00,198,8,1,32,0,12.5,5.5,0.2,0,0,0,1,0,0,0,0,1,0
2023-11-18 02:00:00,421,3,1,29,0,12.9,5.5,9.6,0,0,1,0,0,0,0,0,1,0
2023-11-19 04:00:00,102,5,1,10,0,12.5,5.5,0.2,0,0,0,1,0,0,0,0,1,0
2023-11-18 23:00:00,569,0,1,23,0,12.9,5.5,9.6,0,0,1,0,0,0,0,0,1,0
2023-11-18 15:00:00,1509,16,1,18,0,12.9,5.5,9.6,0,0,1,0,0,0,0,0,1,0
2023-11-18 03:00:00,386,4,1,17,0,12.9,5.5,9.6,0,0,1,0,0,0,0,0,1,0
2023-11-20 16:00:00,1888,17,5,68,0,12.0,8.3,0.0,0,1,0,0,0,0,0,0,1,0
2023-11-19 19:00:00,1029,20,0,110,0,12.5,5.5,0.2,0,0,0,1,0,0,0,0,1,0
2023-11-19 21:00:00,714,22,0,76,0,12.5,5.5,0.2,0,0,0,1,0,0,0,0,1,0
2023-11-19 03:00:00,724,4,0,42,0,12.5,5.5,0.2,0,0,0,1,0,0,0,0,1,0
2023-11-20 17:00:00,1551,18,5,46,0,12.0,8.3,0.0,0,1,0,0,0,0,0,0,1,0
2023-11-20 09:00:00,1096,10,16,210,0,12.0,8.3,0.0,0,1,0,0,0,0,0,0,1,0
2023-11-19 13:00:00,2116,14,19,92,0,12.5,5.5,0.2,0,0,0,1,0,0,0,0,1,0
2023-11-19 17:00:00,1658,18,5,96,0,12.5,5.5,0.2,0,0,0,1,0,0,0,0,1,0
2023-11-19 10:00:00,882,11,12,161,0,12.5,5.5,0.2,0,0,0,1,0,0,0,0,1,0
2023-11-19 11:00:00,1074,12,10,110,0,12.5,5.5,0.2,0,0,0,1,0,0,0,0,1,0
2023-11-19 09:00:00,495,10,7,100,0,12.5,5.5,0.2,0,0,0,1,0,0,0,0,1,0
2023-11-19 12:00:00,1918,13,5,34,0,12.5,5.5,0.2,0,0,0,1,0,0,0,0,1,0
2023-11-19 00:00:00,637,1,0,9,0,12.5,5.5,0.2,0,0,0,1,0,0,0,0,1,0
2023-11-20 11:00:00,1823,12,14,192,0,12.0,8.3,0.0,0,1,0,0,0,0,0,0,1,0
2023-11-19 01:00:00,767,2,0,5,0,12.5,5.5,0.2,0,0,0,1,0,0,0,0,1,0
2023-11-19 05:00:00,120,6,0,5,0,12.5,5.5,0.2,0,0,0,1,0,0,0,0,1,0
2023-11-19 06:00:00,113,7,0,5,0,12.5,5.5,0.2,0,0,0,1,0,0,0,0,1,0
2023-11-20 14:00:00,1853,15,12,132,0,12.0,8.3,0.0,0,1,0,0,0,0,0,0,1,0
2023-11-18 17:00:00,1678,18,0,8,0,12.9,5.5,9.6,0,0,1,0,0,0,0,0,1,0
2023-11-20 19:00:00,915,20,3,98,0,12.0,8.3,0.0,0,1,0,0,0,0,0,0,1,0
2023-11-18 04:00:00,37,5,0,5,0,12.9,5.5,9.6,0,0,1,0,0,0,0,0,1,0
2023-11-19 02:00:00,956,3,3,20,0,12.5,5.5,0.2,0,0,0,1,0,0,0,0,1,0
2023-11-20 23:00:00,402,0,3,45,0,12.0,8.3,0.0,0,1,0,0,0,0,0,0,1,0
2023-11-18 06:00:00,126,7,0,4,0,12.9,5.5,9.6,0,0,1,0,0,0,0,0,1,0
2023-11-18 05:00:00,68,6,0,3,0,12.9,5.5,9.6,0,0,1,0,0,0,0,0,1,0
2023-11-19 14:00:00,2070,15,31,173,0,12.5,5.5,0.2,0,0,0,1,0,0,0,0,1,0
2023-11-19 15:00:00,1886,16,21,225,0,12.5,5.5,0.2,0,0,0,1,0,0,0,0,1,0
2023-11-20 18:00:00,1250,19,7,100,0,12.0,8.3,0.0,0,1,0,0,0,0,0,0,1,0
2023-11-20 10:00:00,1363,11,6,153,0,12.0,8.3,0.0,0,1,0,0,0,0,0,0,1,0
2023-11-20 08:00:00,791,9,6,147,0,12.0,8.3,0.0,0,1,0,0,0,0,0,0,1,0
2023-11-19 16:00:00,1914,17,2,127,0,12.5,5.5,0.2,0,0,0,1,0,0,0,0,1,0
2023-11-20 07:00:00,330,8,2,32,0,12.0,8.3,0.0,0,1,0,0,0,0,0,0,1,0
2023-11-19 22:00:00,642,23,2,77,0,12.5,5.5,0.2,0,0,0,1,0,0,0,0,1,0
2023-11-19 08:00:00,222,9,2,62,0,12.5,5.5,0.2,0,0,0,1,0,0,0,0,1,0
2023-11-19 23:00:00,284,0,2,21,0,12.5,5.5,0.2,0,0,0,1,0,0,0,0,1,0
2023-11-19 18:00:00,1403,19,1,104,0,12.5,5.5,0.2,0,0,0,1,0,0,0,0,1,0
2023-11-19 20:00:00,733,21,1,50,0,12.5,5.5,0.2,0,0,0,1,0,0,0,0,1,0
2023-11-20 13:00:00,2471,14,21,133,0,12.0,8.3,0.0,0,1,0,0,0,0,0,0,1,0
2023-11-20 21:00:00,654,22,1,60,0,12.0,8.3,0.0,0,1,0,0,0,0,0,0,1,0
2023-11-20 22:00:00,497,23,1,47,0,12.0,8.3,0.0,0,1,0,0,0,0,0,0,1,0
2023-11-20 15:00:00,1757,16,19,130,0,12.0,8.3,0.0,0,1,0,0,0,0,0,0,1,0
2023-11-20 01:00:00,168,2,1,18,0,12.0,8.3,0.0,0,1,0,0,0,0,0,0,1,0
2023-11-20 06:00:00,167,7,1,10,0,12.0,8.3,0.0,0,1,0,0,0,0,0,0,1,0
2023-11-20 12:00:00,2475,13,18,139,0,12.0,8.3,0.0,0,1,0,0,0,0,0,0,1,0
2023-11-21 01:00:00,137,2,0,31,0,14.4,3.8,0.0,0,0,0,0,0,1,0,0,1,0
2023-11-20 00:00:00,216,1,0,4,0,12.0,8.3,0.0,0,1,0,0,0,0,0,0,1,0
2023-11-21 06:00:00,139,7,0,11,0,14.4,3.8,0.0,0,0,0,0,0,1,0,0,1,0
2023-11-21 05:00:00,103,6,0,7,0,14.4,3.8,0.0,0,0,0,0,0,1,0,0,1,0
2023-11-21 04:00:00,22,5,0,4,0,14.4,3.8,0.0,0,0,0,0,0,1,0,0,1,0
2023-11-22 16:00:00,2314,17,6,93,0,13.1,5.5,0.0,0,0,0,0,0,0,1,0,1,0
2023-11-22 19:00:00,971,20,6,49,0,13.1,5.5,0.0,0,0,0,0,0,0,1,0,1,0
2023-11-21 20:00:00,742,21,6,19,0,14.4,3.8,0.0,0,0,0,0,0,1,0,0,1,0
2023-11-22 12:00:00,2804,13,47,228,0,13.1,5.5,0.0,0,0,0,0,0,0,1,0,1,0
2023-11-20 04:00:00,22,5,0,1,0,12.0,8.3,0.0,0,1,0,0,0,0,0,0,1,0
2023-11-21 17:00:00,1939,18,12,61,0,14.4,3.8,0.0,0,0,0,0,0,1,0,0,1,0
2023-11-21 19:00:00,823,20,10,50,0,14.4,3.8,0.0,0,0,0,0,0,1,0,0,1,0
2023-11-21 16:00:00,2004,17,9,98,0,14.4,3.8,0.0,0,0,0,0,0,1,0,0,1,0
2023-11-21 21:00:00,716,22,9,31,0,14.4,3.8,0.0,0,0,0,0,0,1,0,0,1,0
2023-11-21 09:00:00,990,10,45,203,0,14.4,3.8,0.0,0,0,0,0,0,1,0,0,1,0
2023-11-21 12:00:00,2565,13,40,223,0,14.4,3.8,0.0,0,0,0,0,0,1,0,0,1,0
2023-11-21 14:00:00,1804,15,38,89,0,14.4,3.8,0.0,0,0,0,0,0,1,0,0,1,0
2023-11-21 10:00:00,1398,11,36,228,0,14.4,3.8,0.0,0,0,0,0,0,1,0,0,1,0
2023-11-21 13:00:00,2559,14,29,107,0,14.4,3.8,0.0,0,0,0,0,0,1,0,0,1,0
2023-11-21 11:00:00,1690,12,28,174,0,14.4,3.8,0.0,0,0,0,0,0,1,0,0,1,0
2023-11-21 08:00:00,766,9,22,237,0,14.4,3.8,0.0,0,0,0,0,0,1,0,0,1,0
2023-11-21 15:00:00,1793,16,21,153,0,14.4,3.8,0.0,0,0,0,0,0,1,0,0,1,0
2023-11-22 15:00:00,2081,16,12,140,0,13.1,5.5,0.0,0,0,0,0,0,0,1,0,1,0
2023-11-22 07:00:00,265,8,4,55,0,13.1,5.5,0.0,0,0,0,0,0,0,1,0,1,0
2023-11-22 10:00:00,1487,11,36,216,0,13.1,5.5,0.0,0,0,0,0,0,0,1,0,1,0
2023-11-22 11:00:00,1950,12,32,223,0,13.1,5.5,0.0,0,0,0,0,0,0,1,0,1,0
2023-11-22 09:00:00,969,10,32,167,0,13.1,5.5,0.0,0,0,0,0,0,0,1,0,1,0
2023-11-22 13:00:00,3175,14,27,139,0,13.1,5.5,0.0,0,0,0,0,0,0,1,0,1,0
2023-11-22 08:00:00,709,9,26,292,0,13.1,5.5,0.0,0,0,0,0,0,0,1,0,1,0
2023-11-22 14:00:00,2487,15,20,134,0,13.1,5.5,0.0,0,0,0,0,0,0,1,0,1,0
2023-11-21 18:00:00,1240,19,5,100,0,14.4,3.8,0.0,0,0,0,0,0,1,0,0,1,0
2023-11-22 18:00:00,1387,19,4,35,0,13.1,5.5,0.0,0,0,0,0,0,0,1,0,1,0
2023-11-21 07:00:00,249,8,4,36,0,14.4,3.8,0.0,0,0,0,0,0,1,0,0,1,0
2023-11-21 03:00:00,25,4,4,1,0,14.4,3.8,0.0,0,0,0,0,0,1,0,0,1,0
2023-11-22 23:00:00,551,0,3,72,0,13.1,5.5,0.0,0,0,0,0,0,0,1,0,1,0
2023-11-22 01:00:00,218,2,3,45,0,13.1,5.5,0.0,0,0,0,0,0,0,1,0,1,0
2023-11-21 23:00:00,626,0,3,84,0,14.4,3.8,0.0,0,0,0,0,0,1,0,0,1,0
2023-11-21 00:00:00,310,1,3,30,0,14.4,3.8,0.0,0,0,0,0,0,1,0,0,1,0
2023-11-20 20:00:00,635,21,0,44,0,12.0,8.3,0.0,0,1,0,0,0,0,0,0,1,0
2023-11-22 22:00:00,592,23,2,59,0,13.1,5.5,0.0,0,0,0,0,0,0,1,0,1,0
2023-11-22 02:00:00,151,3,2,19,0,13.1,5.5,0.0,0,0,0,0,0,0,1,0,1,0
2023-11-22 06:00:00,118,7,2,7,0,13.1,5.5,0.0,0,0,0,0,0,0,1,0,1,0
2023-11-22 20:00:00,1091,21,1,80,0,13.1,5.5,0.0,0,0,0,0,0,0,1,0,1,0
2023-11-21 02:00:00,55,3,2,12,0,14.4,3.8,0.0,0,0,0,0,0,1,0,0,1,0
2023-11-20 05:00:00,102,6,0,14,0,12.0,8.3,0.0,0,1,0,0,0,0,0,0,1,0
2023-11-22 17:00:00,1839,18,8,87,0,13.1,5.5,0.0,0,0,0,0,0,0,1,0,1,0
2023-11-22 21:00:00,895,22,8,68,0,13.1,5.5,0.0,0,0,0,0,0,0,1,0,1,0
2023-11-21 22:00:00,443,23,1,63,0,14.4,3.8,0.0,0,0,0,0,0,1,0,0,1,0
2023-11-20 02:00:00,80,3,0,8,0,12.0,8.3,0.0,0,1,0,0,0,0,0,0,1,0
2023-11-20 03:00:00,50,4,0,7,0,12.0,8.3,0.0,0,1,0,0,0,0,0,0,1,0
2023-11-23 20:00:00,949,21,4,130,0,6.7,11.5,0.0,0,0,0,0,1,0,0,0,1,0
2023-11-22 05:00:00,134,6,1,13,0,13.1,5.5,0.0,0,0,0,0,0,0,1,0,1,0
2023-11-23 02:00:00,781,3,4,26,0,6.7,11.5,0.0,0,0,0,0,1,0,0,0,1,0
2023-11-24 00:00:00,404,1,2,46,0,4.6,4.1,0.0,1,0,0,0,0,0,0,0,1,0
2023-11-22 03:00:00,45,4,1,7,0,13.1,5.5,0.0,0,0,0,0,0,0,1,0,1,0
2023-11-23 09:00:00,887,10,10,196,0,6.7,11.5,0.0,0,0,0,0,1,0,0,0,1,0
2023-11-23 23:00:00,496,0,0,71,0,6.7,11.5,0.0,0,0,0,0,1,0,0,0,1,0
2023-11-24 17:00:00,2233,18,7,140,0,4.6,4.1,0.0,1,0,0,0,0,0,0,0,1,0
2023-11-24 11:00:00,2112,12,23,250,0,4.6,4.1,0.0,1,0,0,0,0,0,0,0,1,0
2023-11-23 10:00:00,861,11,7,150,0,6.7,11.5,0.0,0,0,0,0,1,0,0,0,1,0
2023-11-23 07:00:00,274,8,6,42,0,6.7,11.5,0.0,0,0,0,0,1,0,0,0,1,0
2023-11-23 12:00:00,2522,13,40,242,0,6.7,11.5,0.0,0,0,0,0,1,0,0,0,1,0
2023-11-23 19:00:00,1141,20,3,107,0,6.7,11.5,0.0,0,0,0,0,1,0,0,0,1,0
2023-11-24 08:00:00,815,9,21,283,0,4.6,4.1,0.0,1,0,0,0,0,0,0,0,1,0
2023-11-23 01:00:00,402,2,0,43,0,6.7,11.5,0.0,0,0,0,0,1,0,0,0,1,0
2023-11-23 05:00:00,138,6,0,16,0,6.7,11.5,0.0,0,0,0,0,1,0,0,0,1,0
2023-11-23 03:00:00,229,4,0,13,0,6.7,11.5,0.0,0,0,0,0,1,0,0,0,1,0
2023-11-24 12:00:00,3062,13,20,197,0,4.6,4.1,0.0,1,0,0,0,0,0,0,0,1,0
2023-11-23 00:00:00,380,1,3,70,0,6.7,11.5,0.0,0,0,0,0,1,0,0,0,1,0
2023-11-23 22:00:00,546,23,3,46,0,6.7,11.5,0.0,0,0,0,0,1,0,0,0,1,0
2023-11-23 14:00:00,2329,15,28,219,0,6.7,11.5,0.0,0,0,0,0,1,0,0,0,1,0
2023-11-23 17:00:00,1795,18,28,56,0,6.7,11.5,0.0,0,0,0,0,1,0,0,0,1,0
2023-11-23 13:00:00,2736,14,22,265,0,6.7,11.5,0.0,0,0,0,0,1,0,0,0,1,0
2023-11-23 15:00:00,1900,16,19,173,0,6.7,11.5,0.0,0,0,0,0,1,0,0,0,1,0
2023-11-23 16:00:00,2075,17,19,101,0,6.7,11.5,0.0,0,0,0,0,1,0,0,0,1,0
2023-11-23 08:00:00,759,9,18,297,0,6.7,11.5,0.0,0,0,0,0,1,0,0,0,1,0
2023-11-23 11:00:00,1432,12,17,176,0,6.7,11.5,0.0,0,0,0,0,1,0,0,0,1,0
2023-11-23 18:00:00,1475,19,13,51,0,6.7,11.5,0.0,0,0,0,0,1,0,0,0,1,0
2023-11-22 00:00:00,464,1,0,61,0,13.1,5.5,0.0,0,0,0,0,0,0,1,0,1,0
2023-11-24 22:00:00,880,23,1,111,0,4.6,4.1,0.0,1,0,0,0,0,0,0,0,1,0
2023-11-24 18:00:00,1913,19,5,111,0,4.6,4.1,0.0,1,0,0,0,0,0,0,0,1,0
2023-11-24 16:00:00,2759,17,5,108,0,4.6,4.1,0.0,1,0,0,0,0,0,0,0,1,0
2023-11-24 20:00:00,1241,21,4,94,0,4.6,4.1,0.0,1,0,0,0,0,0,0,0,1,0
2023-11-24 19:00:00,1423,20,3,103,0,4.6,4.1,0.0,1,0,0,0,0,0,0,0,1,0
2023-11-24 07:00:00,266,8,3,31,0,4.6,4.1,0.0,1,0,0,0,0,0,0,0,1,0
2023-11-24 13:00:00,3491,14,16,150,0,4.6,4.1,0.0,1,0,0,0,0,0,0,0,1,0
2023-11-24 14:00:00,2965,15,16,123,0,4.6,4.1,0.0,1,0,0,0,0,0,0,0,1,0
2023-11-24 10:00:00,1602,11,15,96,0,4.6,4.1,0.0,1,0,0,0,0,0,0,0,1,0
2023-11-24 15:00:00,2533,16,15,84,0,4.6,4.1,0.0,1,0,0,0,0,0,0,0,1,0
2023-11-24 09:00:00,1185,10,12,160,0,4.6,4.1,0.0,1,0,0,0,0,0,0,0,1,0
2023-11-23 06:00:00,150,7,1,23,0,6.7,11.5,0.0,0,0,0,0,1,0,0,0,1,0
2023-11-24 04:00:00,32,5,1,4,0,4.6,4.1,0.0,1,0,0,0,0,0,0,0,1,0
2023-11-22 04:00:00,25,5,0,7,0,13.1,5.5,0.0,0,0,0,0,0,0,1,0,1,0
2023-11-24 23:00:00,839,0,0,134,0,4.6,4.1,0.0,1,0,0,0,0,0,0,0,1,0
2023-11-23 04:00:00,31,5,1,1,0,6.7,11.5,0.0,0,0,0,0,1,0,0,0,1,0
2023-11-23 21:00:00,696,22,0,100,0,6.7,11.5,0.0,0,0,0,0,1,0,0,0,1,0
2023-11-24 21:00:00,835,22,0,63,0,4.6,4.1,0.0,1,0,0,0,0,0,0,0,1,0
2023-11-26 16:00:00,1518,17,5,9,0,8.4,5.5,0.0,0,0,0,1,0,0,0,0,1,0
2023-11-25 10:00:00,1773,11,17,174,0,4.3,5.5,0.0,0,0,1,0,0,0,0,0,1,0
2023-11-25 08:00:00,427,9,16,134,0,4.3,5.5,0.0,0,0,1,0,0,0,0,0,1,0
2023-11-25 13:00:00,3536,14,15,173,0,4.3,5.5,0.0,0,0,1,0,0,0,0,0,1,0
2023-11-25 12:00:00,2783,13,15,45,0,4.3,5.5,0.0,0,0,1,0,0,0,0,0,1,0
2023-11-25 15:00:00,4121,16,15,33,0,4.3,5.5,0.0,0,0,1,0,0,0,0,0,1,0
2023-11-25 16:00:00,5958,17,14,26,0,4.3,5.5,0.0,0,0,1,0,0,0,0,0,1,0
2023-11-25 23:00:00,653,0,9,9,0,4.3,5.5,0.0,0,0,1,0,0,0,0,0,1,0
2023-11-25 11:00:00,1877,12,8,181,0,4.3,5.5,0.0,0,0,1,0,0,0,0,0,1,0
2023-11-25 00:00:00,553,1,6,94,0,4.3,5.5,0.0,0,0,1,0,0,0,0,0,1,0
2023-11-25 02:00:00,553,3,2,10,0,4.3,5.5,0.0,0,0,1,0,0,0,0,0,1,0
2023-11-25 01:00:00,533,2,6,88,0,4.3,5.5,0.0,0,0,1,0,0,0,0,0,1,0
2023-11-25 03:00:00,343,4,0,6,0,4.3,5.5,0.0,0,0,1,0,0,0,0,0,1,0
2023-11-25 05:00:00,81,6,0,4,0,4.3,5.5,0.0,0,0,1,0,0,0,0,0,1,0
2023-11-25 04:00:00,31,5,0,1,0,4.3,5.5,0.0,0,0,1,0,0,0,0,0,1,0
2023-11-26 10:00:00,793,11,19,168,0,8.4,5.5,0.0,0,0,0,1,0,0,0,0,1,0
2023-11-26 11:00:00,1061,12,17,203,0,8.4,5.5,0.0,0,0,0,1,0,0,0,0,1,0
2023-11-26 22:00:00,485,23,1,66,0,8.4,5.5,0.0,0,0,0,1,0,0,0,0,1,0
2023-11-26 09:00:00,317,10,4,77,0,8.4,5.5,0.0,0,0,0,1,0,0,0,0,1,0
2023-11-25 22:00:00,988,23,1,42,0,4.3,5.5,0.0,0,0,1,0,0,0,0,0,1,0
2023-11-25 06:00:00,89,7,1,6,0,4.3,5.5,0.0,0,0,1,0,0,0,0,0,1,0
2023-11-26 20:00:00,797,21,3,86,0,8.4,5.5,0.0,0,0,0,1,0,0,0,0,1,0
2023-11-26 08:00:00,284,9,2,88,0,8.4,5.5,0.0,0,0,0,1,0,0,0,0,1,0
2023-11-26 15:00:00,1590,16,2,77,0,8.4,5.5,0.0,0,0,0,1,0,0,0,0,1,0
2023-11-26 07:00:00,141,8,2,21,0,8.4,5.5,0.0,0,0,0,1,0,0,0,0,1,0
2023-11-25 19:00:00,2066,20,5,79,0,4.3,5.5,0.0,0,0,1,0,0,0,0,0,1,0
2023-11-25 17:00:00,3941,18,5,14,0,4.3,5.5,0.0,0,0,1,0,0,0,0,0,1,0
2023-11-26 21:00:00,511,22,0,91,0,8.4,5.5,0.0,0,0,0,1,0,0,0,0,1,0
2023-11-26 23:00:00,316,0,0,38,0,8.4,5.5,0.0,0,0,0,1,0,0,0,0,1,0
2023-11-26 18:00:00,803,19,10,3,0,8.4,5.5,0.0,0,0,0,1,0,0,0,0,1,0
2023-11-24 06:00:00,110,7,0,16,0,4.6,4.1,0.0,1,0,0,0,0,0,0,0,1,0
2023-11-24 01:00:00,196,2,0,15,0,4.6,4.1,0.0,1,0,0,0,0,0,0,0,1,0
2023-11-24 05:00:00,128,6,0,12,0,4.6,4.1,0.0,1,0,0,0,0,0,0,0,1,0
2023-11-24 02:00:00,142,3,0,7,0,4.6,4.1,0.0,1,0,0,0,0,0,0,0,1,0
2023-11-26 14:00:00,1763,15,9,135,0,8.4,5.5,0.0,0,0,0,1,0,0,0,0,1,0
2023-11-26 12:00:00,1931,13,9,130,0,8.4,5.5,0.0,0,0,0,1,0,0,0,0,1,0
2023-11-24 03:00:00,101,4,0,5,0,4.6,4.1,0.0,1,0,0,0,0,0,0,0,1,0
2023-11-25 14:00:00,3842,15,24,149,0,4.3,5.5,0.0,0,0,1,0,0,0,0,0,1,0
2023-11-25 09:00:00,959,10,4,123,0,4.3,5.5,0.0,0,0,1,0,0,0,0,0,1,0
2023-11-25 18:00:00,3083,19,4,8,0,4.3,5.5,0.0,0,0,1,0,0,0,0,0,1,0
2023-11-26 13:00:00,2136,14,8,238,0,8.4,5.5,0.0,0,0,0,1,0,0,0,0,1,0
2023-11-26 17:00:00,1160,18,8,7,0,8.4,5.5,0.0,0,0,0,1,0,0,0,0,1,0
2023-11-25 21:00:00,782,22,3,28,0,4.3,5.5,0.0,0,0,1,0,0,0,0,0,1,0
2023-11-26 19:00:00,915,20,6,88,0,8.4,5.5,0.0,0,0,0,1,0,0,0,0,1,0
2023-11-26 02:00:00,369,3,6,11,0,8.4,5.5,0.0,0,0,0,1,0,0,0,0,1,0
2023-11-26 01:00:00,366,2,6,9,0,8.4,5.5,0.0,0,0,0,1,0,0,0,0,1,0
2023-11-26 00:00:00,449,1,5,12,0,8.4,5.5,0.0,0,0,0,1,0,0,0,0,1,0
2023-11-25 20:00:00,1393,21,2,108,0,4.3,5.5,0.0,0,0,1,0,0,0,0,0,1,0
2023-11-25 07:00:00,153,8,2,50,0,4.3,5.5,0.0,0,0,1,0,0,0,0,0,1,0
2023-11-28 10:00:00,1494,11,22,208,0,3.6,1.1,0.0,0,0,0,0,0,1,0,0,1,0
2023-11-28 11:00:00,1862,12,20,223,0,3.6,1.1,0.0,0,0,0,0,0,1,0,0,1,0
2023-11-28 12:00:00,2605,13,20,216,0,3.6,1.1,0.0,0,0,0,0,0,1,0,0,1,0
2023-11-28 14:00:00,1356,15,19,139,0,3.6,1.1,0.0,0,0,0,0,0,1,0,0,1,0
2023-11-28 08:00:00,740,9,14,287,0,3.6,1.1,0.0,0,0,0,0,0,1,0,0,1,0
2023-11-28 09:00:00,818,10,10,186,0,3.6,1.1,0.0,0,0,0,0,0,1,0,0,1,0
2023-11-28 15:00:00,1631,16,10,116,0,3.6,1.1,0.0,0,0,0,0,0,1,0,0,1,0
2023-11-28 16:00:00,2069,17,10,26,0,3.6,1.1,0.0,0,0,0,0,0,1,0,0,1,0
2023-11-27 17:00:00,1366,18,3,5,0,4.8,5.5,2.4,0,1,0,0,0,0,0,0,1,0
2023-11-28 00:00:00,355,1,0,47,0,3.6,1.1,0.0,0,0,0,0,0,1,0,0,1,0
2023-11-28 07:00:00,295,8,9,54,0,3.6,1.1,0.0,0,0,0,0,0,1,0,0,1,0
2023-11-26 03:00:00,340,4,0,5,0,8.4,5.5,0.0,0,0,0,1,0,0,0,0,1,0
2023-11-26 05:00:00,92,6,0,4,0,8.4,5.5,0.0,0,0,0,1,0,0,0,0,1,0
2023-11-28 17:00:00,1809,18,8,87,0,3.6,1.1,0.0,0,0,0,0,0,1,0,0,1,0
2023-11-28 18:00:00,1057,19,4,77,0,3.6,1.1,0.0,0,0,0,0,0,1,0,0,1,0
2023-11-28 19:00:00,1020,20,3,105,0,3.6,1.1,0.0,0,0,0,0,0,1,0,0,1,0
2023-11-28 20:00:00,1018,21,3,88,0,3.6,1.1,0.0,0,0,0,0,0,1,0,0,1,0
2023-11-26 04:00:00,68,5,0,4,0,8.4,5.5,0.0,0,0,0,1,0,0,0,0,1,0
2023-11-27 09:00:00,1264,10,9,232,0,4.8,5.5,2.4,0,1,0,0,0,0,0,0,1,0
2023-11-26 06:00:00,65,7,0,2,0,8.4,5.5,0.0,0,0,0,1,0,0,0,0,1,0
2023-11-27 06:00:00,145,7,6,19,0,4.8,5.5,2.4,0,1,0,0,0,0,0,0,1,0
2023-11-27 18:00:00,1232,19,4,17,0,4.8,5.5,2.4,0,1,0,0,0,0,0,0,1,0
2023-11-27 07:00:00,314,8,3,62,0,4.8,5.5,2.4,0,1,0,0,0,0,0,0,1,0
2023-11-27 16:00:00,1650,17,3,25,0,4.8,5.5,2.4,0,1,0,0,0,0,0,0,1,0
2023-11-28 23:00:00,518,0,2,55,0,3.6,1.1,0.0,0,0,0,0,0,1,0,0,1,0
2023-11-27 01:00:00,143,2,0,30,0,4.8,5.5,2.4,0,1,0,0,0,0,0,0,1,0
2023-11-27 03:00:00,69,4,0,14,0,4.8,5.5,2.4,0,1,0,0,0,0,0,0,1,0
2023-11-27 04:00:00,35,5,0,4,0,4.8,5.5,2.4,0,1,0,0,0,0,0,0,1,0
2023-11-28 13:00:00,2677,14,53,227,0,3.6,1.1,0.0,0,0,0,0,0,1,0,0,1,0
2023-11-27 20:00:00,555,21,2,38,0,4.8,5.5,2.4,0,1,0,0,0,0,0,0,1,0
2023-11-28 01:00:00,160,2,0,22,0,3.6,1.1,0.0,0,0,0,0,0,1,0,0,1,0
2023-11-28 02:00:00,77,3,2,7,0,3.6,1.1,0.0,0,0,0,0,0,1,0,0,1,0
2023-11-27 13:00:00,2669,14,36,226,0,4.8,5.5,2.4,0,1,0,0,0,0,0,0,1,0
2023-11-28 22:00:00,679,23,1,72,0,3.6,1.1,0.0,0,0,0,0,0,1,0,0,1,0
2023-11-28 21:00:00,492,22,1,55,0,3.6,1.1,0.0,0,0,0,0,0,1,0,0,1,0
2023-11-28 06:00:00,171,7,1,15,0,3.6,1.1,0.0,0,0,0,0,0,1,0,0,1,0
2023-11-27 12:00:00,3029,13,23,243,0,4.8,5.5,2.4,0,1,0,0,0,0,0,0,1,0
2023-11-27 11:00:00,2243,12,20,228,0,4.8,5.5,2.4,0,1,0,0,0,0,0,0,1,0
2023-11-28 05:00:00,66,6,0,5,0,3.6,1.1,0.0,0,0,0,0,0,1,0,0,1,0
2023-11-28 03:00:00,47,4,0,5,0,3.6,1.1,0.0,0,0,0,0,0,1,0,0,1,0
2023-11-27 10:00:00,1910,11,17,244,0,4.8,5.5,2.4,0,1,0,0,0,0,0,0,1,0
2023-11-27 14:00:00,1955,15,15,194,0,4.8,5.5,2.4,0,1,0,0,0,0,0,0,1,0
2023-11-27 15:00:00,1418,16,13,82,0,4.8,5.5,2.4,0,1,0,0,0,0,0,0,1,0
2023-11-27 08:00:00,893,9,12,310,0,4.8,5.5,2.4,0,1,0,0,0,0,0,0,1,0
2023-11-28 04:00:00,27,5,0,1,0,3.6,1.1,0.0,0,0,0,0,0,1,0,0,1,0
2023-11-27 23:00:00,510,0,1,62,0,4.8,5.5,2.4,0,1,0,0,0,0,0,0,1,0
2023-11-27 22:00:00,611,23,1,59,0,4.8,5.5,2.4,0,1,0,0,0,0,0,0,1,0
2023-11-27 21:00:00,691,22,1,50,0,4.8,5.5,2.4,0,1,0,0,0,0,0,0,1,0
2023-11-27 00:00:00,283,1,1,36,0,4.8,5.5,2.4,0,1,0,0,0,0,0,0,1,0
2023-11-27 19:00:00,851,20,1,21,0,4.8,5.5,2.4,0,1,0,0,0,0,0,0,1,0
2023-11-27 05:00:00,127,6,1,18,0,4.8,5.5,2.4,0,1,0,0,0,0,0,0,1,0
2023-11-27 02:00:00,138,3,1,14,0,4.8,5.5,2.4,0,1,0,0,0,0,0,0,1,0
2023-11-30 05:00:00,135,6,1,16,1,2.2,-0.7,0.0,0,0,0,0,1,0,0,0,1,0
2023-11-30 11:00:00,1993,12,1,5,1,2.2,-0.7,0.0,0,0,0,0,1,0,0,0,1,0
2023-11-30 04:00:00,46,5,1,3,1,2.2,-0.7,0.0,0,0,0,0,1,0,0,0,1,0
2023-11-30 23:00:00,547,0,0,55,1,2.2,-0.7,0.0,0,0,0,0,1,0,0,0,1,0
2023-11-29 17:00:00,1895,18,7,125,0,4.5,-0.7,0.0,0,0,0,0,0,0,1,0,1,0
2023-11-29 06:00:00,154,7,0,14,0,4.5,-0.7,0.0,0,0,0,0,0,0,1,0,1,0
2023-11-30 20:00:00,1055,21,5,81,1,2.2,-0.7,0.0,0,0,0,0,1,0,0,0,1,0
2023-11-29 05:00:00,86,6,0,14,0,4.5,-0.7,0.0,0,0,0,0,0,0,1,0,1,0
2023-11-29 19:00:00,1295,20,6,120,0,4.5,-0.7,0.0,0,0,0,0,0,0,1,0,1,0
2023-11-29 16:00:00,1890,17,6,58,0,4.5,-0.7,0.0,0,0,0,0,0,0,1,0,1,0
2023-11-29 20:00:00,953,21,5,109,0,4.5,-0.7,0.0,0,0,0,0,0,0,1,0,1,0
2023-11-29 21:00:00,854,22,3,91,0,4.5,-0.7,0.0,0,0,0,0,0,0,1,0,1,0
2023-11-29 07:00:00,345,8,3,34,0,4.5,-0.7,0.0,0,0,0,0,0,0,1,0,1,0
2023-11-29 03:00:00,47,4,2,6,0,4.5,-0.7,0.0,0,0,0,0,0,0,1,0,1,0
2023-11-29 22:00:00,832,23,1,107,0,4.5,-0.7,0.0,0,0,0,0,0,0,1,0,1,0
2023-11-29 23:00:00,469,0,1,94,0,4.5,-0.7,0.0,0,0,0,0,0,0,1,0,1,0
2023-11-30 16:00:00,2076,17,13,126,1,2.2,-0.7,0.0,0,0,0,0,1,0,0,0,1,0
2023-11-29 04:00:00,44,5,0,4,0,4.5,-0.7,0.0,0,0,0,0,0,0,1,0,1,0
2023-11-30 13:00:00,3943,14,39,80,1,2.2,-0.7,0.0,0,0,0,0,1,0,0,0,1,0
2023-11-30 08:00:00,795,9,22,344,1,2.2,-0.7,0.0,0,0,0,0,1,0,0,0,1,0
2023-11-30 14:00:00,2478,15,21,204,1,2.2,-0.7,0.0,0,0,0,0,1,0,0,0,1,0
2023-11-30 00:00:00,481,1,4,79,1,2.2,-0.7,0.0,0,0,0,0,1,0,0,0,1,0
2023-11-30 07:00:00,319,8,4,57,1,2.2,-0.7,0.0,0,0,0,0,1,0,0,0,1,0
2023-11-30 06:00:00,183,7,0,12,1,2.2,-0.7,0.0,0,0,0,0,1,0,0,0,1,0
2023-11-30 03:00:00,229,4,4,14,1,2.2,-0.7,0.0,0,0,0,0,1,0,0,0,1,0
2023-11-30 15:00:00,1506,16,11,187,1,2.2,-0.7,0.0,0,0,0,0,1,0,0,0,1,0
2023-11-29 00:00:00,450,1,1,54,0,4.5,-0.7,0.0,0,0,0,0,0,0,1,0,1,0
2023-11-29 01:00:00,270,2,1,43,0,4.5,-0.7,0.0,0,0,0,0,0,0,1,0,1,0
2023-11-30 12:00:00,2823,13,10,8,1,2.2,-0.7,0.0,0,0,0,0,1,0,0,0,1,0
2023-11-30 09:00:00,1018,10,9,172,1,2.2,-0.7,0.0,0,0,0,0,1,0,0,0,1,0
2023-11-30 01:00:00,282,2,3,65,1,2.2,-0.7,0.0,0,0,0,0,1,0,0,0,1,0
2023-11-30 02:00:00,334,3,3,32,1,2.2,-0.7,0.0,0,0,0,0,1,0,0,0,1,0
2023-11-30 19:00:00,1183,20,2,73,1,2.2,-0.7,0.0,0,0,0,0,1,0,0,0,1,0
2023-11-30 22:00:00,678,23,1,76,1,2.2,-0.7,0.0,0,0,0,0,1,0,0,0,1,0
2023-11-30 17:00:00,1835,18,8,47,1,2.2,-0.7,0.0,0,0,0,0,1,0,0,0,1,0
2023-11-30 18:00:00,1440,19,7,35,1,2.2,-0.7,0.0,0,0,0,0,1,0,0,0,1,0
2023-11-30 10:00:00,1794,11,7,25,1,2.2,-0.7,0.0,0,0,0,0,1,0,0,0,1,0
2023-11-30 21:00:00,735,22,6,86,1,2.2,-0.7,0.0,0,0,0,0,1,0,0,0,1,0
2023-11-29 02:00:00,149,3,0,21,0,4.5,-0.7,0.0,0,0,0,0,0,0,1,0,1,0
2023-11-29 12:00:00,2416,13,13,147,0,4.5,-0.7,0.0,0,0,0,0,0,0,1,0,1,0
2023-11-29 14:00:00,1547,15,13,113,0,4.5,-0.7,0.0,0,0,0,0,0,0,1,0,1,0
2023-11-29 09:00:00,1135,10,12,104,0,4.5,-0.7,0.0,0,0,0,0,0,0,1,0,1,0
2023-11-29 11:00:00,2028,12,11,129,0,4.5,-0.7,0.0,0,0,0,0,0,0,1,0,1,0
2023-11-29 10:00:00,1598,11,10,148,0,4.5,-0.7,0.0,0,0,0,0,0,0,1,0,1,0
2023-11-29 18:00:00,1639,19,10,143,0,4.5,-0.7,0.0,0,0,0,0,0,0,1,0,1,0
2023-11-29 13:00:00,2136,14,8,205,0,4.5,-0.7,0.0,0,0,0,0,0,0,1,0,1,0
2023-11-29 08:00:00,813,9,8,89,0,4.5,-0.7,0.0,0,0,0,0,0,0,1,0,1,0
2023-11-29 15:00:00,1437,16,8,65,0,4.5,-0.7,0.0,0,0,0,0,0,0,1,0,1,0
2023-10-02 10:00:00,1356,11,62,180,0,16.2,8.0,0.0,0,1,0,0,0,0,0,1,0,0
2023-10-01 11:00:00,960,12,45,162,0,13.6,8.9,0.5,0,0,0,1,0,0,0,1,0,0
2023-10-02 17:00:00,1665,18,55,274,0,16.2,8.0,0.0,0,1,0,0,0,0,0,1,0,0
2023-10-02 15:00:00,1949,16,51,137,0,16.2,8.0,0.0,0,1,0,0,0,0,0,1,0,0
2023-10-01 12:00:00,1681,13,34,155,0,13.6,8.9,0.5,0,0,0,1,0,0,0,1,0,0
2023-10-01 08:00:00,172,9,4,72,0,13.6,8.9,0.5,0,0,0,1,0,0,0,1,0,0
2023-10-02 12:00:00,2527,13,45,118,0,16.2,8.0,0.0,0,1,0,0,0,0,0,1,0,0
2023-10-01 14:00:00,3022,15,29,93,0,13.6,8.9,0.5,0,0,0,1,0,0,0,1,0,0
2023-10-02 14:00:00,2224,15,43,140,0,16.2,8.0,0.0,0,1,0,0,0,0,0,1,0,0
2023-10-01 17:00:00,2039,18,26,155,0,13.6,8.9,0.5,0,0,0,1,0,0,0,1,0,0
2023-10-01 00:00:00,857,1,4,34,0,13.6,8.9,0.5,0,0,0,1,0,0,0,1,0,0
2023-10-01 07:00:00,125,8,4,31,0,13.6,8.9,0.5,0,0,0,1,0,0,0,1,0,0
2023-10-01 18:00:00,1333,19,23,220,0,13.6,8.9,0.5,0,0,0,1,0,0,0,1,0,0
2023-10-01 15:00:00,2693,16,22,101,0,13.6,8.9,0.5,0,0,0,1,0,0,0,1,0,0
2023-10-01 16:00:00,2290,17,20,144,0,13.6,8.9,0.5,0,0,0,1,0,0,0,1,0,0
2023-10-01 13:00:00,1447,14,17,152,0,13.6,8.9,0.5,0,0,0,1,0,0,0,1,0,0
2023-10-01 10:00:00,703,11,14,153,0,13.6,8.9,0.5,0,0,0,1,0,0,0,1,0,0
2023-10-01 23:00:00,311,0,14,37,0,13.6,8.9,0.5,0,0,0,1,0,0,0,1,0,0
2023-10-01 22:00:00,599,23,12,77,0,13.6,8.9,0.5,0,0,0,1,0,0,0,1,0,0
2023-10-01 05:00:00,111,6,4,4,0,13.6,8.9,0.5,0,0,0,1,0,0,0,1,0,0
2023-10-02 18:00:00,1302,19,42,206,0,16.2,8.0,0.0,0,1,0,0,0,0,0,1,0,0
2023-10-02 16:00:00,2088,17,41,181,0,16.2,8.0,0.0,0,1,0,0,0,0,0,1,0,0
2023-10-02 08:00:00,696,9,37,274,0,16.2,8.0,0.0,0,1,0,0,0,0,0,1,0,0
2023-10-01 01:00:00,452,2,3,21,0,13.6,8.9,0.5,0,0,0,1,0,0,0,1,0,0
2023-10-02 09:00:00,912,10,31,165,0,16.2,8.0,0.0,0,1,0,0,0,0,0,1,0,0
2023-10-02 13:00:00,3108,14,28,132,0,16.2,8.0,0.0,0,1,0,0,0,0,0,1,0,0
2023-10-01 02:00:00,638,3,2,16,0,13.6,8.9,0.5,0,0,0,1,0,0,0,1,0,0
2023-10-01 03:00:00,828,4,2,10,0,13.6,8.9,0.5,0,0,0,1,0,0,0,1,0,0
2023-10-01 06:00:00,114,7,2,6,0,13.6,8.9,0.5,0,0,0,1,0,0,0,1,0,0
2023-10-02 06:00:00,127,7,4,13,0,16.2,8.0,0.0,0,1,0,0,0,0,0,1,0,0
2023-10-02 23:00:00,386,0,3,46,0,16.2,8.0,0.0,0,1,0,0,0,0,0,1,0,0
2023-10-02 21:00:00,251,22,2,9,0,16.2,8.0,0.0,0,1,0,0,0,0,0,1,0,0
2023-10-02 04:00:00,16,5,1,3,0,16.2,8.0,0.0,0,1,0,0,0,0,0,1,0,0
2023-10-01 21:00:00,616,22,10,42,0,13.6,8.9,0.5,0,0,0,1,0,0,0,1,0,0
2023-10-02 07:00:00,297,8,13,89,0,16.2,8.0,0.0,0,1,0,0,0,0,0,1,0,0
2023-10-02 05:00:00,61,6,0,3,0,16.2,8.0,0.0,0,1,0,0,0,0,0,1,0,0
2023-10-02 02:00:00,80,3,0,1,0,16.2,8.0,0.0,0,1,0,0,0,0,0,1,0,0
2023-10-02 01:00:00,144,2,0,0,0,16.2,8.0,0.0,0,1,0,0,0,0,0,1,0,0
2023-10-02 03:00:00,35,4,0,0,0,16.2,8.0,0.0,0,1,0,0,0,0,0,1,0,0
2023-10-03 12:00:00,3252,13,96,230,0,13.8,8.2,1.1,0,0,0,0,0,1,0,1,0,0
2023-10-03 13:00:00,3356,14,88,197,0,13.8,8.2,1.1,0,0,0,0,0,1,0,1,0,0
2023-10-03 11:00:00,2227,12,79,230,0,13.8,8.2,1.1,0,0,0,0,0,1,0,1,0,0
2023-10-03 10:00:00,1577,11,67,209,0,13.8,8.2,1.1,0,0,0,0,0,1,0,1,0,0
2023-10-03 09:00:00,1178,10,61,229,0,13.8,8.2,1.1,0,0,0,0,0,1,0,1,0,0
2023-10-03 08:00:00,988,9,48,290,0,13.8,8.2,1.1,0,0,0,0,0,1,0,1,0,0
2023-10-03 14:00:00,2273,15,42,194,0,13.8,8.2,1.1,0,0,0,0,0,1,0,1,0,0
2023-10-03 18:00:00,1175,19,34,127,0,13.8,8.2,1.1,0,0,0,0,0,1,0,1,0,0
2023-10-02 20:00:00,530,21,11,21,0,16.2,8.0,0.0,0,1,0,0,0,0,0,1,0,0
2023-10-01 09:00:00,400,10,8,102,0,13.6,8.9,0.5,0,0,0,1,0,0,0,1,0,0
2023-10-01 19:00:00,1089,20,6,112,0,13.6,8.9,0.5,0,0,0,1,0,0,0,1,0,0
2023-10-01 20:00:00,953,21,6,62,0,13.6,8.9,0.5,0,0,0,1,0,0,0,1,0,0
2023-10-02 19:00:00,793,20,6,50,0,16.2,8.0,0.0,0,1,0,0,0,0,0,1,0,0
2023-10-02 22:00:00,477,23,6,45,0,16.2,8.0,0.0,0,1,0,0,0,0,0,1,0,0
2023-10-02 00:00:00,344,1,6,31,0,16.2,8.0,0.0,0,1,0,0,0,0,0,1,0,0
2023-10-01 04:00:00,53,5,1,1,0,13.6,8.9,0.5,0,0,0,1,0,0,0,1,0,0
2023-10-02 11:00:00,1790,12,87,197,0,16.2,8.0,0.0,0,1,0,0,0,0,0,1,0,0
2023-10-03 19:00:00,891,20,30,11,0,13.8,8.2,1.1,0,0,0,0,0,1,0,1,0,0
2023-10-04 04:00:00,29,5,0,7,0,16.2,8.2,0.0,0,0,0,0,0,0,1,1,0,0
2023-10-04 03:00:00,95,4,0,2,0,16.2,8.2,0.0,0,0,0,0,0,0,1,1,0,0
2023-10-05 08:00:00,788,9,39,274,0,18.0,6.0,5.1,0,0,0,0,1,0,0,1,0,0
2023-10-05 17:00:00,1672,18,35,293,0,18.0,6.0,5.1,0,0,0,0,1,0,0,1,0,0
2023-10-05 14:00:00,2039,15,25,212,0,18.0,6.0,5.1,0,0,0,0,1,0,0,1,0,0
2023-10-05 16:00:00,1657,17,24,204,0,18.0,6.0,5.1,0,0,0,0,1,0,0,1,0,0
2023-10-05 09:00:00,939,10,24,171,0,18.0,6.0,5.1,0,0,0,0,1,0,0,1,0,0
2023-10-05 10:00:00,1460,11,23,266,0,18.0,6.0,5.1,0,0,0,0,1,0,0,1,0,0
2023-10-05 07:00:00,359,8,22,89,0,18.0,6.0,5.1,0,0,0,0,1,0,0,1,0,0
2023-10-05 15:00:00,1879,16,20,271,0,18.0,6.0,5.1,0,0,0,0,1,0,0,1,0,0
2023-10-03 17:00:00,1914,18,26,83,0,13.8,8.2,1.1,0,0,0,0,0,1,0,1,0,0
2023-10-05 18:00:00,1565,19,19,259,0,18.0,6.0,5.1,0,0,0,0,1,0,0,1,0,0
2023-10-04 19:00:00,947,20,12,17,0,16.2,8.2,0.0,0,0,0,0,0,0,1,1,0,0
2023-10-04 20:00:00,846,21,10,3,0,16.2,8.2,0.0,0,0,0,0,0,0,1,1,0,0
2023-10-04 22:00:00,639,23,8,66,0,16.2,8.2,0.0,0,0,0,0,0,0,1,1,0,0
2023-10-04 07:00:00,268,8,6,65,0,16.2,8.2,0.0,0,0,0,0,0,0,1,1,0,0
2023-10-03 00:00:00,199,1,8,31,0,13.8,8.2,1.1,0,0,0,0,0,1,0,1,0,0
2023-10-04 00:00:00,513,1,3,33,0,16.2,8.2,0.0,0,0,0,0,0,0,1,1,0,0
2023-10-05 12:00:00,2193,13,16,273,0,18.0,6.0,5.1,0,0,0,0,1,0,0,1,0,0
2023-10-05 13:00:00,2259,14,15,236,0,18.0,6.0,5.1,0,0,0,0,1,0,0,1,0,0
2023-10-05 06:00:00,146,7,13,20,0,18.0,6.0,5.1,0,0,0,0,1,0,0,1,0,0
2023-10-05 11:00:00,1631,12,9,227,0,18.0,6.0,5.1,0,0,0,0,1,0,0,1,0,0
2023-10-05 19:00:00,774,20,7,54,0,18.0,6.0,5.1,0,0,0,0,1,0,0,1,0,0
2023-10-05 21:00:00,743,22,6,12,0,18.0,6.0,5.1,0,0,0,0,1,0,0,1,0,0
2023-10-03 16:00:00,2552,17,18,75,0,13.8,8.2,1.1,0,0,0,0,0,1,0,1,0,0
2023-10-03 21:00:00,844,22,17,23,0,13.8,8.2,1.1,0,0,0,0,0,1,0,1,0,0
2023-10-03 07:00:00,327,8,14,87,0,13.8,8.2,1.1,0,0,0,0,0,1,0,1,0,0
2023-10-03 20:00:00,616,21,11,14,0,13.8,8.2,1.1,0,0,0,0,0,1,0,1,0,0
2023-10-03 15:00:00,2198,16,10,110,0,13.8,8.2,1.1,0,0,0,0,0,1,0,1,0,0
2023-10-04 10:00:00,2130,11,27,243,0,16.2,8.2,0.0,0,0,0,0,0,0,1,1,0,0
2023-10-04 16:00:00,2055,17,26,104,0,16.2,8.2,0.0,0,0,0,0,0,0,1,1,0,0
2023-10-04 11:00:00,2804,12,24,75,0,16.2,8.2,0.0,0,0,0,0,0,0,1,1,0,0
2023-10-03 06:00:00,153,7,6,18,0,13.8,8.2,1.1,0,0,0,0,0,1,0,1,0,0
2023-10-04 17:00:00,1810,18,23,118,0,16.2,8.2,0.0,0,0,0,0,0,0,1,1,0,0
2023-10-03 22:00:00,1104,23,5,59,0,13.8,8.2,1.1,0,0,0,0,0,1,0,1,0,0
2023-10-04 23:00:00,423,0,1,53,0,16.2,8.2,0.0,0,0,0,0,0,0,1,1,0,0
2023-10-04 18:00:00,1414,19,19,158,0,16.2,8.2,0.0,0,0,0,0,0,0,1,1,0,0
2023-10-03 02:00:00,69,3,0,10,0,13.8,8.2,1.1,0,0,0,0,0,1,0,1,0,0
2023-10-03 04:00:00,11,5,0,2,0,13.8,8.2,1.1,0,0,0,0,0,1,0,1,0,0
2023-10-03 03:00:00,31,4,0,1,0,13.8,8.2,1.1,0,0,0,0,0,1,0,1,0,0
2023-10-04 13:00:00,2527,14,19,127,0,16.2,8.2,0.0,0,0,0,0,0,0,1,1,0,0
2023-10-04 14:00:00,2466,15,19,95,0,16.2,8.2,0.0,0,0,0,0,0,0,1,1,0,0
2023-10-04 01:00:00,240,2,1,25,0,16.2,8.2,0.0,0,0,0,0,0,0,1,1,0,0
2023-10-04 12:00:00,2114,13,19,91,0,16.2,8.2,0.0,0,0,0,0,0,0,1,1,0,0
2023-10-04 05:00:00,87,6,1,15,0,16.2,8.2,0.0,0,0,0,0,0,0,1,1,0,0
2023-10-04 15:00:00,2308,16,18,87,0,16.2,8.2,0.0,0,0,0,0,0,0,1,1,0,0
2023-10-04 02:00:00,210,3,1,12,0,16.2,8.2,0.0,0,0,0,0,0,0,1,1,0,0
2023-10-03 23:00:00,589,0,3,42,0,13.8,8.2,1.1,0,0,0,0,0,1,0,1,0,0
2023-10-04 06:00:00,130,7,1,8,0,16.2,8.2,0.0,0,0,0,0,0,0,1,1,0,0
2023-10-04 08:00:00,812,9,15,276,0,16.2,8.2,0.0,0,0,0,0,0,0,1,1,0,0
2023-10-04 09:00:00,1123,10,15,238,0,16.2,8.2,0.0,0,0,0,0,0,0,1,1,0,0
2023-10-03 01:00:00,98,2,2,33,0,13.8,8.2,1.1,0,0,0,0,0,1,0,1,0,0
2023-10-03 05:00:00,106,6,2,13,0,13.8,8.2,1.1,0,0,0,0,0,1,0,1,0,0
2023-10-04 21:00:00,772,22,15,33,0,16.2,8.2,0.0,0,0,0,0,0,0,1,1,0,0
2023-10-06 23:00:00,427,0,2,9,0,11.0,10.5,28.3,1,0,0,0,0,0,0,1,0,0
2023-10-06 05:00:00,111,6,2,6,0,11.0,10.5,28.3,1,0,0,0,0,0,0,1,0,0
2023-10-06 02:00:00,257,3,2,2,0,11.0,10.5,28.3,1,0,0,0,0,0,0,1,0,0
2023-10-06 04:00:00,42,5,0,4,0,11.0,10.5,28.3,1,0,0,0,0,0,0,1,0,0
2023-10-06 00:00:00,373,1,0,2,0,11.0,10.5,28.3,1,0,0,0,0,0,0,1,0,0
2023-10-06 03:00:00,164,4,0,1,0,11.0,10.5,28.3,1,0,0,0,0,0,0,1,0,0
2023-10-06 12:00:00,2796,13,44,144,0,11.0,10.5,28.3,1,0,0,0,0,0,0,1,0,0
2023-10-06 08:00:00,914,9,42,336,0,11.0,10.5,28.3,1,0,0,0,0,0,0,1,0,0
2023-10-06 13:00:00,3547,14,36,188,0,11.0,10.5,28.3,1,0,0,0,0,0,0,1,0,0
2023-10-06 09:00:00,1287,10,34,225,0,11.0,10.5,28.3,1,0,0,0,0,0,0,1,0,0
2023-10-06 17:00:00,2045,18,31,162,0,11.0,10.5,28.3,1,0,0,0,0,0,0,1,0,0
2023-10-06 15:00:00,2864,16,29,171,0,11.0,10.5,28.3,1,0,0,0,0,0,0,1,0,0
2023-10-06 14:00:00,2901,15,28,146,0,11.0,10.5,28.3,1,0,0,0,0,0,0,1,0,0
2023-10-06 18:00:00,1628,19,19,117,0,11.0,10.5,28.3,1,0,0,0,0,0,0,1,0,0
2023-10-06 16:00:00,2286,17,18,169,0,11.0,10.5,28.3,1,0,0,0,0,0,0,1,0,0
2023-10-07 16:00:00,1728,17,13,11,0,14.6,9.5,56.3,0,0,1,0,0,0,0,1,0,0
2023-10-07 13:00:00,2362,14,13,10,0,14.6,9.5,56.3,0,0,1,0,0,0,0,1,0,0
2023-10-07 03:00:00,415,4,3,9,0,14.6,9.5,56.3,0,0,1,0,0,0,0,1,0,0
2023-10-07 04:00:00,42,5,3,2,0,14.6,9.5,56.3,0,0,1,0,0,0,0,1,0,0
2023-10-06 19:00:00,1349,20,16,35,0,11.0,10.5,28.3,1,0,0,0,0,0,0,1,0,0
2023-10-07 12:00:00,1905,13,10,17,0,14.6,9.5,56.3,0,0,1,0,0,0,0,1,0,0
2023-10-07 20:00:00,114,21,2,170,0,14.6,9.5,56.3,0,0,1,0,0,0,0,1,0,0
2023-10-07 15:00:00,1975,16,7,9,0,14.6,9.5,56.3,0,0,1,0,0,0,0,1,0,0
2023-10-07 11:00:00,1420,12,6,17,0,14.6,9.5,56.3,0,0,1,0,0,0,0,1,0,0
2023-10-07 19:00:00,763,20,2,15,0,14.6,9.5,56.3,0,0,1,0,0,0,0,1,0,0
2023-10-07 14:00:00,2233,15,6,11,0,14.6,9.5,56.3,0,0,1,0,0,0,0,1,0,0
2023-10-07 08:00:00,275,9,5,13,0,14.6,9.5,56.3,0,0,1,0,0,0,0,1,0,0
2023-10-07 18:00:00,1134,19,5,9,0,14.6,9.5,56.3,0,0,1,0,0,0,0,1,0,0
2023-10-07 10:00:00,1148,11,4,20,0,14.6,9.5,56.3,0,0,1,0,0,0,0,1,0,0
2023-10-07 17:00:00,1296,18,4,11,0,14.6,9.5,56.3,0,0,1,0,0,0,0,1,0,0
2023-10-07 00:00:00,344,1,2,8,0,14.6,9.5,56.3,0,0,1,0,0,0,0,1,0,0
2023-10-06 21:00:00,507,22,9,8,0,11.0,10.5,28.3,1,0,0,0,0,0,0,1,0,0
2023-10-06 07:00:00,385,8,8,105,0,11.0,10.5,28.3,1,0,0,0,0,0,0,1,0,0
2023-10-07 09:00:00,596,10,1,34,0,14.6,9.5,56.3,0,0,1,0,0,0,0,1,0,0
2023-10-07 23:00:00,461,0,1,11,0,14.6,9.5,56.3,0,0,1,0,0,0,0,1,0,0
2023-10-06 20:00:00,713,21,6,29,0,11.0,10.5,28.3,1,0,0,0,0,0,0,1,0,0
2023-10-06 22:00:00,400,23,5,7,0,11.0,10.5,28.3,1,0,0,0,0,0,0,1,0,0
2023-10-06 01:00:00,218,2,5,1,0,11.0,10.5,28.3,1,0,0,0,0,0,0,1,0,0
2023-10-06 06:00:00,116,7,4,15,0,11.0,10.5,28.3,1,0,0,0,0,0,0,1,0,0
2023-10-05 03:00:00,322,4,1,13,0,18.0,6.0,5.1,0,0,0,0,1,0,0,1,0,0
2023-10-05 04:00:00,23,5,1,5,0,18.0,6.0,5.1,0,0,0,0,1,0,0,1,0,0
2023-10-05 23:00:00,472,0,0,0,0,18.0,6.0,5.1,0,0,0,0,1,0,0,1,0,0
2023-10-05 01:00:00,455,2,0,0,0,18.0,6.0,5.1,0,0,0,0,1,0,0,1,0,0
2023-10-06 11:00:00,1906,12,161,233,0,11.0,10.5,28.3,1,0,0,0,0,0,0,1,0,0
2023-10-06 10:00:00,1837,11,68,281,0,11.0,10.5,28.3,1,0,0,0,0,0,0,1,0,0
2023-10-05 05:00:00,107,6,4,14,0,18.0,6.0,5.1,0,0,0,0,1,0,0,1,0,0
2023-10-05 22:00:00,584,23,3,9,0,18.0,6.0,5.1,0,0,0,0,1,0,0,1,0,0
2023-10-05 00:00:00,565,1,2,24,0,18.0,6.0,5.1,0,0,0,0,1,0,0,1,0,0
2023-10-05 20:00:00,722,21,2,15,0,18.0,6.0,5.1,0,0,0,0,1,0,0,1,0,0
2023-10-05 02:00:00,777,3,1,15,0,18.0,6.0,5.1,0,0,0,0,1,0,0,1,0,0
2023-10-08 12:00:00,1575,13,15,196,0,17.6,8.5,5.4,0,0,0,1,0,0,0,1,0,0
2023-10-08 11:00:00,757,12,13,157,0,17.6,8.5,5.4,0,0,0,1,0,0,0,1,0,0
2023-10-08 03:00:00,416,4,3,9,0,17.6,8.5,5.4,0,0,0,1,0,0,0,1,0,0
2023-10-08 17:00:00,1201,18,12,157,0,17.6,8.5,5.4,0,0,0,1,0,0,0,1,0,0
2023-10-08 04:00:00,61,5,3,5,0,17.6,8.5,5.4,0,0,0,1,0,0,0,1,0,0
2023-10-08 16:00:00,1195,17,1,184,0,17.6,8.5,5.4,0,0,0,1,0,0,0,1,0,0
2023-10-08 05:00:00,56,6,1,2,0,17.6,8.5,5.4,0,0,0,1,0,0,0,1,0,0
2023-10-08 10:00:00,467,11,10,131,0,17.6,8.5,5.4,0,0,0,1,0,0,0,1,0,0
2023-10-07 07:00:00,163,8,0,7,0,14.6,9.5,56.3,0,0,1,0,0,0,0,1,0,0
2023-10-07 02:00:00,253,3,0,6,0,14.6,9.5,56.3,0,0,1,0,0,0,0,1,0,0
2023-10-07 06:00:00,54,7,0,4,0,14.6,9.5,56.3,0,0,1,0,0,0,0,1,0,0
2023-10-07 05:00:00,55,6,0,2,0,14.6,9.5,56.3,0,0,1,0,0,0,0,1,0,0
2023-10-08 14:00:00,2194,15,23,222,0,17.6,8.5,5.4,0,0,0,1,0,0,0,1,0,0
2023-10-08 13:00:00,2121,14,19,198,0,17.6,8.5,5.4,0,0,0,1,0,0,0,1,0,0
2023-10-08 15:00:00,1594,16,9,155,0,17.6,8.5,5.4,0,0,0,1,0,0,0,1,0,0
2023-10-08 20:00:00,604,21,8,8,0,17.6,8.5,5.4,0,0,0,1,0,0,0,1,0,0
2023-10-08 18:00:00,802,19,7,93,0,17.6,8.5,5.4,0,0,0,1,0,0,0,1,0,0
2023-10-08 19:00:00,562,20,6,10,0,17.6,8.5,5.4,0,0,0,1,0,0,0,1,0,0
2023-10-08 09:00:00,228,10,5,80,0,17.6,8.5,5.4,0,0,0,1,0,0,0,1,0,0
2023-10-08 21:00:00,576,22,5,12,0,17.6,8.5,5.4,0,0,0,1,0,0,0,1,0,0
2023-10-08 23:00:00,290,0,5,9,0,17.6,8.5,5.4,0,0,0,1,0,0,0,1,0,0
2023-10-08 22:00:00,414,23,5,3,0,17.6,8.5,5.4,0,0,0,1,0,0,0,1,0,0
2023-10-08 06:00:00,19,7,0,2,0,17.6,8.5,5.4,0,0,0,1,0,0,0,1,0,0
2023-10-09 21:00:00,645,22,9,90,0,18.0,8.1,0.0,0,1,0,0,0,0,0,1,0,0
2023-10-09 18:00:00,1622,19,22,216,0,18.0,8.1,0.0,0,1,0,0,0,0,0,1,0,0
2023-10-07 01:00:00,344,2,1,2,0,14.6,9.5,56.3,0,0,1,0,0,0,0,1,0,0
2023-10-09 09:00:00,927,10,8,108,0,18.0,8.1,0.0,0,1,0,0,0,0,0,1,0,0
2023-10-09 23:00:00,369,0,8,36,0,18.0,8.1,0.0,0,1,0,0,0,0,0,1,0,0
2023-10-09 20:00:00,971,21,6,121,0,18.0,8.1,0.0,0,1,0,0,0,0,0,1,0,0
2023-10-09 22:00:00,486,23,6,53,0,18.0,8.1,0.0,0,1,0,0,0,0,0,1,0,0
2023-10-09 00:00:00,258,1,6,10,0,18.0,8.1,0.0,0,1,0,0,0,0,0,1,0,0
2023-10-09 19:00:00,1157,20,5,95,0,18.0,8.1,0.0,0,1,0,0,0,0,0,1,0,0
2023-10-09 06:00:00,119,7,4,10,0,18.0,8.1,0.0,0,1,0,0,0,0,0,1,0,0
2023-10-09 02:00:00,96,3,4,9,0,18.0,8.1,0.0,0,1,0,0,0,0,0,1,0,0
2023-10-07 21:00:00,190,22,0,152,0,14.6,9.5,56.3,0,0,1,0,0,0,0,1,0,0
2023-10-07 22:00:00,293,23,0,34,0,14.6,9.5,56.3,0,0,1,0,0,0,0,1,0,0
2023-10-08 08:00:00,153,9,0,31,0,17.6,8.5,5.4,0,0,0,1,0,0,0,1,0,0
2023-10-08 07:00:00,108,8,0,12,0,17.6,8.5,5.4,0,0,0,1,0,0,0,1,0,0
2023-10-09 14:00:00,3736,15,101,288,0,18.0,8.1,0.0,0,1,0,0,0,0,0,1,0,0
2023-10-09 13:00:00,4067,14,85,260,0,18.0,8.1,0.0,0,1,0,0,0,0,0,1,0,0
2023-10-08 00:00:00,388,1,0,9,0,17.6,8.5,5.4,0,0,0,1,0,0,0,1,0,0
2023-10-09 15:00:00,3065,16,58,196,0,18.0,8.1,0.0,0,1,0,0,0,0,0,1,0,0
2023-10-08 01:00:00,382,2,0,7,0,17.6,8.5,5.4,0,0,0,1,0,0,0,1,0,0
2023-10-08 02:00:00,446,3,0,6,0,17.6,8.5,5.4,0,0,0,1,0,0,0,1,0,0
2023-10-09 17:00:00,2081,18,48,222,0,18.0,8.1,0.0,0,1,0,0,0,0,0,1,0,0
2023-10-09 16:00:00,2696,17,43,233,0,18.0,8.1,0.0,0,1,0,0,0,0,0,1,0,0
2023-10-09 12:00:00,3159,13,38,172,0,18.0,8.1,0.0,0,1,0,0,0,0,0,1,0,0
2023-10-09 10:00:00,1309,11,37,101,0,18.0,8.1,0.0,0,1,0,0,0,0,0,1,0,0
2023-10-09 07:00:00,353,8,11,70,0,18.0,8.1,0.0,0,1,0,0,0,0,0,1,0,0
2023-10-09 11:00:00,2230,12,32,176,0,18.0,8.1,0.0,0,1,0,0,0,0,0,1,0,0
2023-10-09 08:00:00,724,9,31,147,0,18.0,8.1,0.0,0,1,0,0,0,0,0,1,0,0
2023-10-10 00:00:00,270,1,6,22,0,13.1,12.8,0.0,0,0,0,0,0,1,0,1,0,0
2023-10-10 19:00:00,1145,20,5,24,0,13.1,12.8,0.0,0,0,0,0,0,1,0,1,0,0
2023-10-10 02:00:00,82,3,5,9,0,13.1,12.8,0.0,0,0,0,0,0,1,0,1,0,0
2023-10-10 20:00:00,870,21,4,42,0,13.1,12.8,0.0,0,0,0,0,0,1,0,1,0,0
2023-10-10 05:00:00,90,6,4,6,0,13.1,12.8,0.0,0,0,0,0,0,1,0,1,0,0
2023-10-10 06:00:00,126,7,3,14,0,13.1,12.8,0.0,0,0,0,0,0,1,0,1,0,0
2023-10-10 01:00:00,193,2,2,14,0,13.1,12.8,0.0,0,0,0,0,0,1,0,1,0,0
2023-10-10 03:00:00,9,4,2,2,0,13.1,12.8,0.0,0,0,0,0,0,1,0,1,0,0
2023-10-11 05:00:00,95,6,5,14,0,12.0,7.3,0.0,0,0,0,0,0,0,1,1,0,0
2023-10-10 08:00:00,622,9,19,151,0,13.1,12.8,0.0,0,0,0,0,0,1,0,1,0,0
2023-10-10 04:00:00,17,5,0,5,0,13.1,12.8,0.0,0,0,0,0,0,1,0,1,0,0
2023-10-10 17:00:00,2000,18,16,203,0,13.1,12.8,0.0,0,0,0,0,0,1,0,1,0,0
2023-10-09 05:00:00,64,6,0,8,0,18.0,8.1,0.0,0,1,0,0,0,0,0,1,0,0
2023-10-09 03:00:00,31,4,2,4,0,18.0,8.1,0.0,0,1,0,0,0,0,0,1,0,0
2023-10-11 21:00:00,1107,22,4,62,0,12.0,7.3,0.0,0,0,0,0,0,0,1,1,0,0
2023-10-11 22:00:00,804,23,4,58,0,12.0,7.3,0.0,0,0,0,0,0,0,1,1,0,0
2023-10-11 12:00:00,2416,13,48,93,0,12.0,7.3,0.0,0,0,0,0,0,0,1,1,0,0
2023-10-09 01:00:00,183,2,1,14,0,18.0,8.1,0.0,0,1,0,0,0,0,0,1,0,0
2023-10-09 04:00:00,19,5,0,3,0,18.0,8.1,0.0,0,1,0,0,0,0,0,1,0,0
2023-10-11 11:00:00,1548,12,41,91,0,12.0,7.3,0.0,0,0,0,0,0,0,1,1,0,0
2023-10-11 17:00:00,2077,18,33,222,0,12.0,7.3,0.0,0,0,0,0,0,0,1,1,0,0
2023-10-11 10:00:00,1344,11,32,182,0,12.0,7.3,0.0,0,0,0,0,0,0,1,1,0,0
2023-10-11 15:00:00,2154,16,31,41,0,12.0,7.3,0.0,0,0,0,0,0,0,1,1,0,0
2023-10-11 13:00:00,3300,14,25,44,0,12.0,7.3,0.0,0,0,0,0,0,0,1,1,0,0
2023-10-11 08:00:00,659,9,23,134,0,12.0,7.3,0.0,0,0,0,0,0,0,1,1,0,0
2023-10-11 07:00:00,274,8,23,61,0,12.0,7.3,0.0,0,0,0,0,0,0,1,1,0,0
2023-10-11 16:00:00,1677,17,23,37,0,12.0,7.3,0.0,0,0,0,0,0,0,1,1,0,0
2023-10-11 14:00:00,2386,15,23,10,0,12.0,7.3,0.0,0,0,0,0,0,0,1,1,0,0
2023-10-11 18:00:00,1498,19,21,253,0,12.0,7.3,0.0,0,0,0,0,0,0,1,1,0,0
2023-10-11 09:00:00,1092,10,18,180,0,12.0,7.3,0.0,0,0,0,0,0,0,1,1,0,0
2023-10-11 19:00:00,1497,20,15,85,0,12.0,7.3,0.0,0,0,0,0,0,0,1,1,0,0
2023-10-10 12:00:00,3026,13,13,9,0,13.1,12.8,0.0,0,0,0,0,0,1,0,1,0,0
2023-10-11 00:00:00,515,1,10,58,0,12.0,7.3,0.0,0,0,0,0,0,0,1,1,0,0
2023-10-11 23:00:00,611,0,3,48,0,12.0,7.3,0.0,0,0,0,0,0,0,1,1,0,0
2023-10-10 15:00:00,2576,16,63,288,0,13.1,12.8,0.0,0,0,0,0,0,1,0,1,0,0
2023-10-10 18:00:00,1455,19,8,112,0,13.1,12.8,0.0,0,0,0,0,0,1,0,1,0,0
2023-10-10 22:00:00,717,23,7,69,0,13.1,12.8,0.0,0,0,0,0,0,1,0,1,0,0
2023-10-10 07:00:00,236,8,7,55,0,13.1,12.8,0.0,0,0,0,0,0,1,0,1,0,0
2023-10-10 23:00:00,471,0,6,60,0,13.1,12.8,0.0,0,0,0,0,0,1,0,1,0,0
2023-10-10 21:00:00,698,22,6,38,0,13.1,12.8,0.0,0,0,0,0,0,1,0,1,0,0
2023-10-11 06:00:00,187,7,8,9,0,12.0,7.3,0.0,0,0,0,0,0,0,1,1,0,0
2023-10-11 02:00:00,244,3,2,22,0,12.0,7.3,0.0,0,0,0,0,0,0,1,1,0,0
2023-10-11 20:00:00,981,21,6,48,0,12.0,7.3,0.0,0,0,0,0,0,0,1,1,0,0
2023-10-11 01:00:00,227,2,5,42,0,12.0,7.3,0.0,0,0,0,0,0,0,1,1,0,0
2023-10-10 14:00:00,2815,15,52,261,0,13.1,12.8,0.0,0,0,0,0,0,1,0,1,0,0
2023-10-10 09:00:00,1007,10,40,191,0,13.1,12.8,0.0,0,0,0,0,0,1,0,1,0,0
2023-10-10 13:00:00,3254,14,40,106,0,13.1,12.8,0.0,0,0,0,0,0,1,0,1,0,0
2023-10-10 16:00:00,2570,17,27,181,0,13.1,12.8,0.0,0,0,0,0,0,1,0,1,0,0
2023-10-10 10:00:00,1531,11,24,208,0,13.1,12.8,0.0,0,0,0,0,0,1,0,1,0,0
2023-10-10 11:00:00,2019,12,21,251,0,13.1,12.8,0.0,0,0,0,0,0,1,0,1,0,0
2023-10-13 23:00:00,626,0,13,137,0,10.8,5.5,0.0,1,0,0,0,0,0,0,1,0,0
2023-10-13 00:00:00,441,1,12,38,0,10.8,5.5,0.0,1,0,0,0,0,0,0,1,0,0
2023-10-13 07:00:00,333,8,8,77,0,10.8,5.5,0.0,1,0,0,0,0,0,0,1,0,0
2023-10-12 17:00:00,2161,18,66,308,0,13.2,2.8,0.1,0,0,0,0,1,0,0,1,0,0
2023-10-13 10:00:00,1354,11,25,191,0,10.8,5.5,0.0,1,0,0,0,0,0,0,1,0,0
2023-10-12 02:00:00,860,3,16,28,0,13.2,2.8,0.1,0,0,0,0,1,0,0,1,0,0
2023-10-13 12:00:00,2855,13,25,139,0,10.8,5.5,0.0,1,0,0,0,0,0,0,1,0,0
2023-10-13 06:00:00,121,7,7,30,0,10.8,5.5,0.0,1,0,0,0,0,0,0,1,0,0
2023-10-13 20:00:00,946,21,7,0,0,10.8,5.5,0.0,1,0,0,0,0,0,0,1,0,0
2023-10-13 18:00:00,1470,19,6,5,0,10.8,5.5,0.0,1,0,0,0,0,0,0,1,0,0
2023-10-13 05:00:00,114,6,5,21,0,10.8,5.5,0.0,1,0,0,0,0,0,0,1,0,0
2023-10-13 19:00:00,1217,20,5,2,0,10.8,5.5,0.0,1,0,0,0,0,0,0,1,0,0
2023-10-12 23:00:00,383,0,6,47,0,13.2,2.8,0.1,0,0,0,0,1,0,0,1,0,0
2023-10-12 04:00:00,33,5,1,3,0,13.2,2.8,0.1,0,0,0,0,1,0,0,1,0,0
2023-10-13 08:00:00,647,9,24,174,0,10.8,5.5,0.0,1,0,0,0,0,0,0,1,0,0
2023-10-12 00:00:00,449,1,6,35,0,13.2,2.8,0.1,0,0,0,0,1,0,0,1,0,0
2023-10-12 08:00:00,607,9,43,152,0,13.2,2.8,0.1,0,0,0,0,1,0,0,1,0,0
2023-10-12 06:00:00,130,7,6,28,0,13.2,2.8,0.1,0,0,0,0,1,0,0,1,0,0
2023-10-13 22:00:00,770,23,4,147,0,10.8,5.5,0.0,1,0,0,0,0,0,0,1,0,0
2023-10-13 15:00:00,2594,16,23,117,0,10.8,5.5,0.0,1,0,0,0,0,0,0,1,0,0
2023-10-12 20:00:00,840,21,14,83,0,13.2,2.8,0.1,0,0,0,0,1,0,0,1,0,0
2023-10-12 14:00:00,3591,15,37,220,0,13.2,2.8,0.1,0,0,0,0,1,0,0,1,0,0
2023-10-12 21:00:00,809,22,13,5,0,13.2,2.8,0.1,0,0,0,0,1,0,0,1,0,0
2023-10-11 04:00:00,23,5,1,8,0,12.0,7.3,0.0,0,0,0,0,0,0,1,1,0,0
2023-10-11 03:00:00,78,4,0,8,0,12.0,7.3,0.0,0,0,0,0,0,0,1,1,0,0
2023-10-12 11:00:00,1879,12,105,182,0,13.2,2.8,0.1,0,0,0,0,1,0,0,1,0,0
2023-10-12 10:00:00,1257,11,74,190,0,13.2,2.8,0.1,0,0,0,0,1,0,0,1,0,0
2023-10-12 03:00:00,278,4,5,24,0,13.2,2.8,0.1,0,0,0,0,1,0,0,1,0,0
2023-10-12 09:00:00,974,10,36,152,0,13.2,2.8,0.1,0,0,0,0,1,0,0,1,0,0
2023-10-13 11:00:00,1634,12,96,217,0,10.8,5.5,0.0,1,0,0,0,0,0,0,1,0,0
2023-10-13 14:00:00,3022,15,34,183,0,10.8,5.5,0.0,1,0,0,0,0,0,0,1,0,0
2023-10-13 16:00:00,2364,17,34,131,0,10.8,5.5,0.0,1,0,0,0,0,0,0,1,0,0
2023-10-12 07:00:00,265,8,12,82,0,13.2,2.8,0.1,0,0,0,0,1,0,0,1,0,0
2023-10-12 01:00:00,389,2,12,35,0,13.2,2.8,0.1,0,0,0,0,1,0,0,1,0,0
2023-10-12 13:00:00,3437,14,33,157,0,13.2,2.8,0.1,0,0,0,0,1,0,0,1,0,0
2023-10-12 18:00:00,1585,19,30,254,0,13.2,2.8,0.1,0,0,0,0,1,0,0,1,0,0
2023-10-13 09:00:00,884,10,18,182,0,10.8,5.5,0.0,1,0,0,0,0,0,0,1,0,0
2023-10-12 05:00:00,94,6,11,32,0,13.2,2.8,0.1,0,0,0,0,1,0,0,1,0,0
2023-10-13 02:00:00,101,3,3,23,0,10.8,5.5,0.0,1,0,0,0,0,0,0,1,0,0
2023-10-13 01:00:00,174,2,1,45,0,10.8,5.5,0.0,1,0,0,0,0,0,0,1,0,0
2023-10-13 13:00:00,2553,14,15,144,0,10.8,5.5,0.0,1,0,0,0,0,0,0,1,0,0
2023-10-12 12:00:00,2679,13,27,171,0,13.2,2.8,0.1,0,0,0,0,1,0,0,1,0,0
2023-10-13 21:00:00,946,22,14,120,0,10.8,5.5,0.0,1,0,0,0,0,0,0,1,0,0
2023-10-13 17:00:00,1865,18,14,59,0,10.8,5.5,0.0,1,0,0,0,0,0,0,1,0,0
2023-10-12 15:00:00,2173,16,10,32,0,13.2,2.8,0.1,0,0,0,0,1,0,0,1,0,0
2023-10-12 22:00:00,540,23,8,24,0,13.2,2.8,0.1,0,0,0,0,1,0,0,1,0,0
2023-10-12 19:00:00,1243,20,7,126,0,13.2,2.8,0.1,0,0,0,0,1,0,0,1,0,0
2023-10-12 16:00:00,2775,17,24,318,0,13.2,2.8,0.1,0,0,0,0,1,0,0,1,0,0
2023-10-14 13:00:00,2140,14,28,4,0,11.7,2.6,0.0,0,0,1,0,0,0,0,1,0,0
2023-10-15 14:00:00,1927,15,72,189,0,11.5,1.1,0.2,0,0,0,1,0,0,0,1,0,0
2023-10-15 16:00:00,1456,17,45,250,0,11.5,1.1,0.2,0,0,0,1,0,0,0,1,0,0
2023-10-15 13:00:00,1635,14,45,95,0,11.5,1.1,0.2,0,0,0,1,0,0,0,1,0,0
2023-10-15 11:00:00,968,12,44,153,0,11.5,1.1,0.2,0,0,0,1,0,0,0,1,0,0
2023-10-15 17:00:00,1340,18,42,220,0,11.5,1.1,0.2,0,0,0,1,0,0,0,1,0,0
2023-10-15 15:00:00,1661,16,41,185,0,11.5,1.1,0.2,0,0,0,1,0,0,0,1,0,0
2023-10-15 18:00:00,957,19,27,104,0,11.5,1.1,0.2,0,0,0,1,0,0,0,1,0,0
2023-10-14 18:00:00,1866,19,20,207,0,11.7,2.6,0.0,0,0,1,0,0,0,0,1,0,0
2023-10-14 12:00:00,1536,13,15,19,0,11.7,2.6,0.0,0,0,1,0,0,0,0,1,0,0
2023-10-14 09:00:00,780,10,14,153,0,11.7,2.6,0.0,0,0,1,0,0,0,0,1,0,0
2023-10-14 16:00:00,1646,17,13,42,0,11.7,2.6,0.0,0,0,1,0,0,0,0,1,0,0
2023-10-14 08:00:00,322,9,10,122,0,11.7,2.6,0.0,0,0,1,0,0,0,0,1,0,0
2023-10-14 20:00:00,1195,21,10,60,0,11.7,2.6,0.0,0,0,1,0,0,0,0,1,0,0
2023-10-13 03:00:00,45,4,1,12,0,10.8,5.5,0.0,1,0,0,0,0,0,0,1,0,0
2023-10-14 00:00:00,594,1,3,108,0,11.7,2.6,0.0,0,0,1,0,0,0,0,1,0,0
2023-10-14 01:00:00,552,2,3,95,0,11.7,2.6,0.0,0,0,1,0,0,0,0,1,0,0
2023-10-14 04:00:00,26,5,3,27,0,11.7,2.6,0.0,0,0,1,0,0,0,0,1,0,0
2023-10-14 02:00:00,446,3,1,92,0,11.7,2.6,0.0,0,0,1,0,0,0,0,1,0,0
2023-10-14 05:00:00,61,6,1,36,0,11.7,2.6,0.0,0,0,1,0,0,0,0,1,0,0
2023-10-13 04:00:00,25,5,1,12,0,10.8,5.5,0.0,1,0,0,0,0,0,0,1,0,0
2023-10-15 22:00:00,500,23,6,27,0,11.5,1.1,0.2,0,0,0,1,0,0,0,1,0,0
2023-10-15 01:00:00,776,2,5,96,0,11.5,1.1,0.2,0,0,0,1,0,0,0,1,0,0
2023-10-15 02:00:00,970,3,5,78,0,11.5,1.1,0.2,0,0,0,1,0,0,0,1,0,0
2023-10-15 10:00:00,687,11,25,155,0,11.5,1.1,0.2,0,0,0,1,0,0,0,1,0,0
2023-10-15 20:00:00,866,21,5,34,0,11.5,1.1,0.2,0,0,0,1,0,0,0,1,0,0
2023-10-15 07:00:00,117,8,5,24,0,11.5,1.1,0.2,0,0,0,1,0,0,0,1,0,0
2023-10-15 19:00:00,859,20,23,24,0,11.5,1.1,0.2,0,0,0,1,0,0,0,1,0,0
2023-10-15 21:00:00,585,22,5,21,0,11.5,1.1,0.2,0,0,0,1,0,0,0,1,0,0
2023-10-15 03:00:00,785,4,12,49,0,11.5,1.1,0.2,0,0,0,1,0,0,0,1,0,0
2023-10-15 12:00:00,1256,13,11,109,0,11.5,1.1,0.2,0,0,0,1,0,0,0,1,0,0
2023-10-15 09:00:00,316,10,8,94,0,11.5,1.1,0.2,0,0,0,1,0,0,0,1,0,0
2023-10-15 00:00:00,871,1,3,69,0,11.5,1.1,0.2,0,0,0,1,0,0,0,1,0,0
2023-10-15 08:00:00,189,9,3,59,0,11.5,1.1,0.2,0,0,0,1,0,0,0,1,0,0
2023-10-15 06:00:00,90,7,2,6,0,11.5,1.1,0.2,0,0,0,1,0,0,0,1,0,0
2023-10-14 07:00:00,148,8,8,49,0,11.7,2.6,0.0,0,0,1,0,0,0,0,1,0,0
2023-10-14 19:00:00,1481,20,6,69,0,11.7,2.6,0.0,0,0,1,0,0,0,0,1,0,0
2023-10-14 11:00:00,1666,12,89,141,0,11.7,2.6,0.0,0,0,1,0,0,0,0,1,0,0
2023-10-14 23:00:00,626,0,6,50,0,11.7,2.6,0.0,0,0,1,0,0,0,0,1,0,0
2023-10-14 14:00:00,2293,15,6,9,0,11.7,2.6,0.0,0,0,1,0,0,0,0,1,0,0
2023-10-14 22:00:00,1069,23,6,3,0,11.7,2.6,0.0,0,0,1,0,0,0,0,1,0,0
2023-10-15 23:00:00,425,0,1,34,0,11.5,1.1,0.2,0,0,0,1,0,0,0,1,0,0
2023-10-15 05:00:00,55,6,1,10,0,11.5,1.1,0.2,0,0,0,1,0,0,0,1,0,0
2023-10-14 03:00:00,235,4,5,70,0,11.7,2.6,0.0,0,0,1,0,0,0,0,1,0,0
2023-10-14 06:00:00,109,7,5,19,0,11.7,2.6,0.0,0,0,1,0,0,0,0,1,0,0
2023-10-14 15:00:00,2442,16,5,6,0,11.7,2.6,0.0,0,0,1,0,0,0,0,1,0,0
2023-10-14 10:00:00,1300,11,39,202,0,11.7,2.6,0.0,0,0,1,0,0,0,0,1,0,0
2023-10-14 17:00:00,2242,18,29,254,0,11.7,2.6,0.0,0,0,1,0,0,0,0,1,0,0
2023-10-14 21:00:00,1260,22,4,21,0,11.7,2.6,0.0,0,0,1,0,0,0,0,1,0,0
2023-10-16 01:00:00,138,2,1,14,0,11.7,1.8,0.0,0,1,0,0,0,0,0,1,0,0
2023-10-16 23:00:00,267,0,1,1,0,11.7,1.8,0.0,0,1,0,0,0,0,0,1,0,0
2023-10-16 02:00:00,83,3,0,7,0,11.7,1.8,0.0,0,1,0,0,0,0,0,1,0,0
2023-10-16 03:00:00,44,4,0,4,0,11.7,1.8,0.0,0,1,0,0,0,0,0,1,0,0
2023-10-17 09:00:00,1162,10,19,188,0,12.9,-0.5,0.0,0,0,0,0,0,1,0,1,0,0
2023-10-17 18:00:00,1261,19,16,89,0,12.9,-0.5,0.0,0,0,0,0,0,1,0,1,0,0
2023-10-17 07:00:00,362,8,14,68,0,12.9,-0.5,0.0,0,0,0,0,0,1,0,1,0,0
2023-10-17 19:00:00,1017,20,9,20,0,12.9,-0.5,0.0,0,0,0,0,0,1,0,1,0,0
2023-10-15 04:00:00,51,5,0,8,0,11.5,1.1,0.2,0,0,0,1,0,0,0,1,0,0
2023-10-17 01:00:00,138,2,6,3,0,12.9,-0.5,0.0,0,0,0,0,0,1,0,1,0,0
2023-10-17 05:00:00,87,6,5,16,0,12.9,-0.5,0.0,0,0,0,0,0,1,0,1,0,0
2023-10-17 11:00:00,1947,12,127,187,0,12.9,-0.5,0.0,0,0,0,0,0,1,0,1,0,0
2023-10-16 11:00:00,1981,12,113,205,0,11.7,1.8,0.0,0,1,0,0,0,0,0,1,0,0
2023-10-16 20:00:00,772,21,10,27,0,11.7,1.8,0.0,0,1,0,0,0,0,0,1,0,0
2023-10-16 22:00:00,449,23,8,19,0,11.7,1.8,0.0,0,1,0,0,0,0,0,1,0,0
2023-10-16 07:00:00,282,8,6,74,0,11.7,1.8,0.0,0,1,0,0,0,0,0,1,0,0
2023-10-16 21:00:00,625,22,6,20,0,11.7,1.8,0.0,0,1,0,0,0,0,0,1,0,0
2023-10-16 10:00:00,1504,11,62,189,0,11.7,1.8,0.0,0,1,0,0,0,0,0,1,0,0
2023-10-17 20:00:00,973,21,4,9,0,12.9,-0.5,0.0,0,0,0,0,0,1,0,1,0,0
2023-10-17 00:00:00,263,1,4,0,0,12.9,-0.5,0.0,0,0,0,0,0,1,0,1,0,0
2023-10-17 21:00:00,726,22,3,20,0,12.9,-0.5,0.0,0,0,0,0,0,1,0,1,0,0
2023-10-17 06:00:00,148,7,3,18,0,12.9,-0.5,0.0,0,0,0,0,0,1,0,1,0,0
2023-10-17 22:00:00,567,23,3,1,0,12.9,-0.5,0.0,0,0,0,0,0,1,0,1,0,0
2023-10-17 23:00:00,515,0,1,3,0,12.9,-0.5,0.0,0,0,0,0,0,1,0,1,0,0
2023-10-17 10:00:00,1647,11,61,169,0,12.9,-0.5,0.0,0,0,0,0,0,1,0,1,0,0
2023-10-16 17:00:00,1828,18,45,163,0,11.7,1.8,0.0,0,1,0,0,0,0,0,1,0,0
2023-10-17 17:00:00,1844,18,49,276,0,12.9,-0.5,0.0,0,0,0,0,0,1,0,1,0,0
2023-10-17 16:00:00,2199,17,45,204,0,12.9,-0.5,0.0,0,0,0,0,0,1,0,1,0,0
2023-10-17 04:00:00,6,5,0,12,0,12.9,-0.5,0.0,0,0,0,0,0,1,0,1,0,0
2023-10-16 12:00:00,2643,13,36,132,0,11.7,1.8,0.0,0,1,0,0,0,0,0,1,0,0
2023-10-16 13:00:00,2336,14,34,122,0,11.7,1.8,0.0,0,1,0,0,0,0,0,1,0,0
2023-10-16 14:00:00,2407,15,33,162,0,11.7,1.8,0.0,0,1,0,0,0,0,0,1,0,0
2023-10-16 16:00:00,2301,17,31,115,0,11.7,1.8,0.0,0,1,0,0,0,0,0,1,0,0
2023-10-16 09:00:00,1090,10,30,211,0,11.7,1.8,0.0,0,1,0,0,0,0,0,1,0,0
2023-10-16 15:00:00,2304,16,28,107,0,11.7,1.8,0.0,0,1,0,0,0,0,0,1,0,0
2023-10-16 18:00:00,1083,19,24,103,0,11.7,1.8,0.0,0,1,0,0,0,0,0,1,0,0
2023-10-16 08:00:00,676,9,23,147,0,11.7,1.8,0.0,0,1,0,0,0,0,0,1,0,0
2023-10-17 15:00:00,2753,16,43,223,0,12.9,-0.5,0.0,0,0,0,0,0,1,0,1,0,0
2023-10-17 14:00:00,3300,15,43,184,0,12.9,-0.5,0.0,0,0,0,0,0,1,0,1,0,0
2023-10-17 03:00:00,31,4,0,5,0,12.9,-0.5,0.0,0,0,0,0,0,1,0,1,0,0
2023-10-17 02:00:00,113,3,0,2,0,12.9,-0.5,0.0,0,0,0,0,0,1,0,1,0,0
2023-10-16 06:00:00,128,7,5,27,0,11.7,1.8,0.0,0,1,0,0,0,0,0,1,0,0
2023-10-16 05:00:00,78,6,5,17,0,11.7,1.8,0.0,0,1,0,0,0,0,0,1,0,0
2023-10-17 13:00:00,4361,14,34,170,0,12.9,-0.5,0.0,0,0,0,0,0,1,0,1,0,0
2023-10-16 00:00:00,319,1,5,0,0,11.7,1.8,0.0,0,1,0,0,0,0,0,1,0,0
2023-10-17 12:00:00,3463,13,33,189,0,12.9,-0.5,0.0,0,0,0,0,0,1,0,1,0,0
2023-10-18 17:00:00,1810,18,50,259,0,11.7,4.0,15.5,0,0,0,0,0,0,1,1,0,0
2023-10-17 08:00:00,854,9,32,166,0,12.9,-0.5,0.0,0,0,0,0,0,1,0,1,0,0
2023-10-16 04:00:00,50,5,4,42,0,11.7,1.8,0.0,0,1,0,0,0,0,0,1,0,0
2023-10-16 19:00:00,763,20,4,15,0,11.7,1.8,0.0,0,1,0,0,0,0,0,1,0,0
2023-10-19 13:00:00,1260,14,10,256,0,9.1,9.6,89.1,0,0,0,0,1,0,0,1,0,0
2023-10-19 11:00:00,947,12,10,210,0,9.1,9.6,89.1,0,0,0,0,1,0,0,1,0,0
2023-10-19 09:00:00,491,10,0,126,0,9.1,9.6,89.1,0,0,0,0,1,0,0,1,0,0
2023-10-19 08:00:00,356,9,9,99,0,9.1,9.6,89.1,0,0,0,0,1,0,0,1,0,0
2023-10-19 10:00:00,840,11,5,205,0,9.1,9.6,89.1,0,0,0,0,1,0,0,1,0,0
2023-10-19 17:00:00,681,18,5,136,0,9.1,9.6,89.1,0,0,0,0,1,0,0,1,0,0
2023-10-19 16:00:00,768,17,4,183,0,9.1,9.6,89.1,0,0,0,0,1,0,0,1,0,0
2023-10-19 00:00:00,580,1,3,42,0,9.1,9.6,89.1,0,0,0,0,1,0,0,1,0,0
2023-10-19 02:00:00,697,3,3,8,0,9.1,9.6,89.1,0,0,0,0,1,0,0,1,0,0
2023-10-19 03:00:00,169,4,3,6,0,9.1,9.6,89.1,0,0,0,0,1,0,0,1,0,0
2023-10-19 07:00:00,138,8,0,19,0,9.1,9.6,89.1,0,0,0,0,1,0,0,1,0,0
2023-10-19 18:00:00,221,19,0,13,0,9.1,9.6,89.1,0,0,0,0,1,0,0,1,0,0
2023-10-19 06:00:00,97,7,0,8,0,9.1,9.6,89.1,0,0,0,0,1,0,0,1,0,0
2023-10-18 22:00:00,619,23,2,40,0,11.7,4.0,15.5,0,0,0,0,0,0,1,1,0,0
2023-10-18 06:00:00,122,7,2,36,0,11.7,4.0,15.5,0,0,0,0,0,0,1,1,0,0
2023-10-18 21:00:00,755,22,2,6,0,11.7,4.0,15.5,0,0,0,0,0,0,1,1,0,0
2023-10-18 03:00:00,38,4,2,6,0,11.7,4.0,15.5,0,0,0,0,0,0,1,1,0,0
2023-10-18 01:00:00,168,2,2,3,0,11.7,4.0,15.5,0,0,0,0,0,0,1,1,0,0
2023-10-18 23:00:00,679,0,1,55,0,11.7,4.0,15.5,0,0,0,0,0,0,1,1,0,0
2023-10-18 04:00:00,16,5,0,4,0,11.7,4.0,15.5,0,0,0,0,0,0,1,1,0,0
2023-10-18 02:00:00,135,3,0,3,0,11.7,4.0,15.5,0,0,0,0,0,0,1,1,0,0
2023-10-19 12:00:00,1116,13,17,264,0,9.1,9.6,89.1,0,0,0,0,1,0,0,1,0,0
2023-10-19 14:00:00,1343,15,14,256,0,9.1,9.6,89.1,0,0,0,0,1,0,0,1,0,0
2023-10-19 15:00:00,848,16,13,211,0,9.1,9.6,89.1,0,0,0,0,1,0,0,1,0,0
2023-10-18 20:00:00,880,21,15,9,0,11.7,4.0,15.5,0,0,0,0,0,0,1,1,0,0
2023-10-18 07:00:00,335,8,10,77,0,11.7,4.0,15.5,0,0,0,0,0,0,1,1,0,0
2023-10-18 05:00:00,91,6,6,25,0,11.7,4.0,15.5,0,0,0,0,0,0,1,1,0,0
2023-10-18 00:00:00,417,1,6,6,0,11.7,4.0,15.5,0,0,0,0,0,0,1,1,0,0
2023-10-19 19:00:00,222,20,0,3,0,9.1,9.6,89.1,0,0,0,0,1,0,0,1,0,0
2023-10-19 21:00:00,75,22,0,2,0,9.1,9.6,89.1,0,0,0,0,1,0,0,1,0,0
2023-10-19 20:00:00,128,21,0,1,0,9.1,9.6,89.1,0,0,0,0,1,0,0,1,0,0
2023-10-19 23:00:00,48,0,0,0,0,9.1,9.6,89.1,0,0,0,0,1,0,0,1,0,0
2023-10-19 04:00:00,21,5,0,0,0,9.1,9.6,89.1,0,0,0,0,1,0,0,1,0,0
2023-10-20 13:00:00,1224,14,13,191,0,9.6,7.3,23.4,1,0,0,0,0,0,0,1,0,0
2023-10-20 12:00:00,1069,13,11,189,0,9.6,7.3,23.4,1,0,0,0,0,0,0,1,0,0
2023-10-19 01:00:00,650,2,2,28,0,9.1,9.6,89.1,0,0,0,0,1,0,0,1,0,0
2023-10-19 22:00:00,48,23,1,46,0,9.1,9.6,89.1,0,0,0,0,1,0,0,1,0,0
2023-10-19 05:00:00,129,6,1,1,0,9.1,9.6,89.1,0,0,0,0,1,0,0,1,0,0
2023-10-18 08:00:00,861,9,50,194,0,11.7,4.0,15.5,0,0,0,0,0,0,1,1,0,0
2023-10-18 15:00:00,2504,16,49,237,0,11.7,4.0,15.5,0,0,0,0,0,0,1,1,0,0
2023-10-18 12:00:00,3391,13,47,292,0,11.7,4.0,15.5,0,0,0,0,0,0,1,1,0,0
2023-10-18 10:00:00,1829,11,38,255,0,11.7,4.0,15.5,0,0,0,0,0,0,1,1,0,0
2023-10-18 14:00:00,2929,15,38,136,0,11.7,4.0,15.5,0,0,0,0,0,0,1,1,0,0
2023-10-18 11:00:00,2210,12,36,234,0,11.7,4.0,15.5,0,0,0,0,0,0,1,1,0,0
2023-10-18 13:00:00,3286,14,29,128,0,11.7,4.0,15.5,0,0,0,0,0,0,1,1,0,0
2023-10-18 16:00:00,2335,17,24,181,0,11.7,4.0,15.5,0,0,0,0,0,0,1,1,0,0
2023-10-18 09:00:00,1078,10,21,235,0,11.7,4.0,15.5,0,0,0,0,0,0,1,1,0,0
2023-10-18 18:00:00,1384,19,17,123,0,11.7,4.0,15.5,0,0,0,0,0,0,1,1,0,0
2023-10-18 19:00:00,767,20,17,72,0,11.7,4.0,15.5,0,0,0,0,0,0,1,1,0,0
2023-10-22 18:00:00,1248,19,6,85,0,10.8,1.0,0.0,0,0,0,1,0,0,0,1,0,0
2023-10-22 16:00:00,1768,17,21,92,0,10.8,1.0,0.0,0,0,0,1,0,0,0,1,0,0
2023-10-21 10:00:00,742,11,12,26,0,12.8,5.9,1.0,0,0,1,0,0,0,0,1,0,0
2023-10-21 11:00:00,1112,12,10,100,0,12.8,5.9,1.0,0,0,1,0,0,0,0,1,0,0
2023-10-21 15:00:00,936,16,8,8,0,12.8,5.9,1.0,0,0,1,0,0,0,0,1,0,0
2023-10-21 17:00:00,1783,18,6,279,0,12.8,5.9,1.0,0,0,1,0,0,0,0,1,0,0
2023-10-21 16:00:00,1379,17,5,132,0,12.8,5.9,1.0,0,0,1,0,0,0,0,1,0,0
2023-10-21 08:00:00,281,9,5,97,0,12.8,5.9,1.0,0,0,1,0,0,0,0,1,0,0
2023-10-21 18:00:00,1361,19,5,83,0,12.8,5.9,1.0,0,0,1,0,0,0,0,1,0,0
2023-10-21 13:00:00,805,14,4,5,0,12.8,5.9,1.0,0,0,1,0,0,0,0,1,0,0
2023-10-21 12:00:00,568,13,4,4,0,12.8,5.9,1.0,0,0,1,0,0,0,0,1,0,0
2023-10-21 09:00:00,393,10,3,112,0,12.8,5.9,1.0,0,0,1,0,0,0,0,1,0,0
2023-10-21 23:00:00,839,0,0,43,0,12.8,5.9,1.0,0,0,1,0,0,0,0,1,0,0
2023-10-21 01:00:00,221,2,0,7,0,12.8,5.9,1.0,0,0,1,0,0,0,0,1,0,0
2023-10-21 06:00:00,42,7,0,6,0,12.8,5.9,1.0,0,0,1,0,0,0,0,1,0,0
2023-10-21 00:00:00,156,1,0,4,0,12.8,5.9,1.0,0,0,1,0,0,0,0,1,0,0
2023-10-21 04:00:00,12,5,0,3,0,12.8,5.9,1.0,0,0,1,0,0,0,0,1,0,0
2023-10-22 11:00:00,827,12,66,162,0,10.8,1.0,0.0,0,0,0,1,0,0,0,1,0,0
2023-10-22 17:00:00,1200,18,45,138,0,10.8,1.0,0.0,0,0,0,1,0,0,0,1,0,0
2023-10-22 10:00:00,731,11,31,189,0,10.8,1.0,0.0,0,0,0,1,0,0,0,1,0,0
2023-10-22 13:00:00,2324,14,14,47,0,10.8,1.0,0.0,0,0,0,1,0,0,0,1,0,0
2023-10-22 14:00:00,2560,15,13,7,0,10.8,1.0,0.0,0,0,0,1,0,0,0,1,0,0
2023-10-22 07:00:00,123,8,9,36,0,10.8,1.0,0.0,0,0,0,1,0,0,0,1,0,0
2023-10-22 15:00:00,2203,16,9,6,0,10.8,1.0,0.0,0,0,0,1,0,0,0,1,0,0
2023-10-22 08:00:00,257,9,8,59,0,10.8,1.0,0.0,0,0,0,1,0,0,0,1,0,0
2023-10-22 19:00:00,951,20,7,73,0,10.8,1.0,0.0,0,0,0,1,0,0,0,1,0,0
2023-10-22 09:00:00,313,10,6,87,0,10.8,1.0,0.0,0,0,0,1,0,0,0,1,0,0
2023-10-22 12:00:00,856,13,4,109,0,10.8,1.0,0.0,0,0,0,1,0,0,0,1,0,0
2023-10-22 22:00:00,447,23,3,65,0,10.8,1.0,0.0,0,0,0,1,0,0,0,1,0,0
2023-10-22 01:00:00,470,2,3,63,0,10.8,1.0,0.0,0,0,0,1,0,0,0,1,0,0
2023-10-22 00:00:00,763,1,2,35,0,10.8,1.0,0.0,0,0,0,1,0,0,0,1,0,0
2023-10-22 21:00:00,484,22,2,33,0,10.8,1.0,0.0,0,0,0,1,0,0,0,1,0,0
2023-10-22 02:00:00,650,3,2,26,0,10.8,1.0,0.0,0,0,0,1,0,0,0,1,0,0
2023-10-22 20:00:00,673,21,1,26,0,10.8,1.0,0.0,0,0,0,1,0,0,0,1,0,0
2023-10-22 03:00:00,603,4,1,16,0,10.8,1.0,0.0,0,0,0,1,0,0,0,1,0,0
2023-10-22 06:00:00,106,7,1,10,0,10.8,1.0,0.0,0,0,0,1,0,0,0,1,0,0
2023-10-22 05:00:00,82,6,1,8,0,10.8,1.0,0.0,0,0,0,1,0,0,0,1,0,0
2023-10-22 04:00:00,105,5,1,7,0,10.8,1.0,0.0,0,0,0,1,0,0,0,1,0,0
2023-10-20 19:00:00,508,20,1,7,0,9.6,7.3,23.4,1,0,0,0,0,0,0,1,0,0
2023-10-20 01:00:00,18,2,1,2,0,9.6,7.3,23.4,1,0,0,0,0,0,0,1,0,0
2023-10-20 07:00:00,67,8,0,7,0,9.6,7.3,23.4,1,0,0,0,0,0,0,1,0,0
2023-10-20 21:00:00,336,22,0,4,0,9.6,7.3,23.4,1,0,0,0,0,0,0,1,0,0
2023-10-20 23:00:00,270,0,0,4,0,9.6,7.3,23.4,1,0,0,0,0,0,0,1,0,0
2023-10-20 06:00:00,27,7,0,4,0,9.6,7.3,23.4,1,0,0,0,0,0,0,1,0,0
2023-10-20 02:00:00,12,3,0,2,0,9.6,7.3,23.4,1,0,0,0,0,0,0,1,0,0
2023-10-20 05:00:00,12,6,0,2,0,9.6,7.3,23.4,1,0,0,0,0,0,0,1,0,0
2023-10-20 03:00:00,6,4,0,1,0,9.6,7.3,23.4,1,0,0,0,0,0,0,1,0,0
2023-10-20 04:00:00,2,5,0,0,0,9.6,7.3,23.4,1,0,0,0,0,0,0,1,0,0
2023-10-21 19:00:00,1222,20,15,28,0,12.8,5.9,1.0,0,0,1,0,0,0,0,1,0,0
2023-10-21 20:00:00,946,21,2,63,0,12.8,5.9,1.0,0,0,1,0,0,0,0,1,0,0
2023-10-21 21:00:00,910,22,2,47,0,12.8,5.9,1.0,0,0,1,0,0,0,0,1,0,0
2023-10-21 05:00:00,72,6,2,5,0,12.8,5.9,1.0,0,0,1,0,0,0,0,1,0,0
2023-10-21 14:00:00,1411,15,2,3,0,12.8,5.9,1.0,0,0,1,0,0,0,0,1,0,0
2023-10-21 03:00:00,179,4,2,3,0,12.8,5.9,1.0,0,0,1,0,0,0,0,1,0,0
2023-10-21 22:00:00,913,23,1,34,0,12.8,5.9,1.0,0,0,1,0,0,0,0,1,0,0
2023-10-21 07:00:00,81,8,1,30,0,12.8,5.9,1.0,0,0,1,0,0,0,0,1,0,0
2023-10-21 02:00:00,280,3,1,5,0,12.8,5.9,1.0,0,0,1,0,0,0,0,1,0,0
2023-10-20 15:00:00,1093,16,9,204,0,9.6,7.3,23.4,1,0,0,0,0,0,0,1,0,0
2023-10-20 16:00:00,941,17,9,197,0,9.6,7.3,23.4,1,0,0,0,0,0,0,1,0,0
2023-10-20 11:00:00,851,12,9,147,0,9.6,7.3,23.4,1,0,0,0,0,0,0,1,0,0
2023-10-20 17:00:00,1001,18,8,222,0,9.6,7.3,23.4,1,0,0,0,0,0,0,1,0,0
2023-10-20 14:00:00,1199,15,6,186,0,9.6,7.3,23.4,1,0,0,0,0,0,0,1,0,0
2023-10-20 18:00:00,612,19,6,49,0,9.6,7.3,23.4,1,0,0,0,0,0,0,1,0,0
2023-10-20 10:00:00,616,11,3,130,0,9.6,7.3,23.4,1,0,0,0,0,0,0,1,0,0
2023-10-20 09:00:00,406,10,3,108,0,9.6,7.3,23.4,1,0,0,0,0,0,0,1,0,0
2023-10-20 08:00:00,175,9,2,48,0,9.6,7.3,23.4,1,0,0,0,0,0,0,1,0,0
2023-10-20 20:00:00,391,21,2,5,0,9.6,7.3,23.4,1,0,0,0,0,0,0,1,0,0
2023-10-20 00:00:00,45,1,2,4,0,9.6,7.3,23.4,1,0,0,0,0,0,0,1,0,0
2023-10-20 22:00:00,245,23,2,0,0,9.6,7.3,23.4,1,0,0,0,0,0,0,1,0,0
2023-10-23 16:00:00,1452,17,22,216,0,11.1,-1.0,4.5,0,1,0,0,0,0,0,1,0,0
2023-10-23 10:00:00,1605,11,22,126,0,11.1,-1.0,4.5,0,1,0,0,0,0,0,1,0,0
2023-10-23 14:00:00,2351,15,19,108,0,11.1,-1.0,4.5,0,1,0,0,0,0,0,1,0,0
2023-10-23 08:00:00,711,9,13,85,0,11.1,-1.0,4.5,0,1,0,0,0,0,0,1,0,0
2023-10-23 17:00:00,968,18,10,61,0,11.1,-1.0,4.5,0,1,0,0,0,0,0,1,0,0
2023-10-23 07:00:00,293,8,7,44,0,11.1,-1.0,4.5,0,1,0,0,0,0,0,1,0,0
2023-10-24 18:00:00,1555,19,7,79,0,9.9,3.2,0.9,0,0,0,0,0,1,0,1,0,0
2023-10-24 07:00:00,274,8,7,32,0,9.9,3.2,0.9,0,0,0,0,0,1,0,1,0,0
2023-10-24 19:00:00,1208,20,6,57,0,9.9,3.2,0.9,0,0,0,0,0,1,0,1,0,0
2023-10-24 23:00:00,429,0,4,30,0,9.9,3.2,0.9,0,0,0,0,0,1,0,1,0,0
2023-10-24 20:00:00,865,21,3,63,0,9.9,3.2,0.9,0,0,0,0,0,1,0,1,0,0
2023-10-24 21:00:00,588,22,2,53,0,9.9,3.2,0.9,0,0,0,0,0,1,0,1,0,0
2023-10-24 22:00:00,534,23,2,45,0,9.9,3.2,0.9,0,0,0,0,0,1,0,1,0,0
2023-10-24 06:00:00,155,7,2,10,0,9.9,3.2,0.9,0,0,0,0,0,1,0,1,0,0
2023-10-24 01:00:00,139,2,1,33,0,9.9,3.2,0.9,0,0,0,0,0,1,0,1,0,0
2023-10-24 05:00:00,60,6,1,7,0,9.9,3.2,0.9,0,0,0,0,0,1,0,1,0,0
2023-10-24 02:00:00,100,3,1,6,0,9.9,3.2,0.9,0,0,0,0,0,1,0,1,0,0
2023-10-23 04:00:00,18,5,1,5,0,11.1,-1.0,4.5,0,1,0,0,0,0,0,1,0,0
2023-10-23 01:00:00,176,2,0,46,0,11.1,-1.0,4.5,0,1,0,0,0,0,0,1,0,0
2023-10-23 23:00:00,431,0,0,40,0,11.1,-1.0,4.5,0,1,0,0,0,0,0,1,0,0
2023-10-23 00:00:00,207,1,0,36,0,11.1,-1.0,4.5,0,1,0,0,0,0,0,1,0,0
2023-10-23 02:00:00,130,3,0,24,0,11.1,-1.0,4.5,0,1,0,0,0,0,0,1,0,0
2023-10-23 03:00:00,28,4,0,11,0,11.1,-1.0,4.5,0,1,0,0,0,0,0,1,0,0
2023-10-24 16:00:00,2147,17,45,232,0,9.9,3.2,0.9,0,0,0,0,0,1,0,1,0,0
2023-10-24 14:00:00,2246,15,41,144,0,9.9,3.2,0.9,0,0,0,0,0,1,0,1,0,0
2023-10-24 00:00:00,283,1,0,20,0,9.9,3.2,0.9,0,0,0,0,0,1,0,1,0,0
2023-10-24 03:00:00,13,4,0,4,0,9.9,3.2,0.9,0,0,0,0,0,1,0,1,0,0
2023-10-24 04:00:00,5,5,0,3,0,9.9,3.2,0.9,0,0,0,0,0,1,0,1,0,0
2023-10-25 12:00:00,1847,13,29,6,0,11.2,4.9,2.1,0,0,0,0,0,0,1,1,0,0
2023-10-25 14:00:00,1960,15,28,12,0,11.2,4.9,2.1,0,0,0,0,0,0,1,1,0,0
2023-10-25 13:00:00,2554,14,27,11,0,11.2,4.9,2.1,0,0,0,0,0,0,1,1,0,0
2023-10-22 23:00:00,393,0,0,71,0,10.8,1.0,0.0,0,0,0,1,0,0,0,1,0,0
2023-10-23 13:00:00,2354,14,38,101,0,11.1,-1.0,4.5,0,1,0,0,0,0,0,1,0,0
2023-10-23 11:00:00,1686,12,33,241,0,11.1,-1.0,4.5,0,1,0,0,0,0,0,1,0,0
2023-10-23 12:00:00,2449,13,28,115,0,11.1,-1.0,4.5,0,1,0,0,0,0,0,1,0,0
2023-10-23 15:00:00,2242,16,26,142,0,11.1,-1.0,4.5,0,1,0,0,0,0,0,1,0,0
2023-10-24 15:00:00,1978,16,33,252,0,9.9,3.2,0.9,0,0,0,0,0,1,0,1,0,0
2023-10-24 13:00:00,2787,14,23,97,0,9.9,3.2,0.9,0,0,0,0,0,1,0,1,0,0
2023-10-24 08:00:00,787,9,22,225,0,9.9,3.2,0.9,0,0,0,0,0,1,0,1,0,0
2023-10-24 10:00:00,1396,11,21,235,0,9.9,3.2,0.9,0,0,0,0,0,1,0,1,0,0
2023-10-24 11:00:00,1692,12,20,184,0,9.9,3.2,0.9,0,0,0,0,0,1,0,1,0,0
2023-10-24 17:00:00,1743,18,20,166,0,9.9,3.2,0.9,0,0,0,0,0,1,0,1,0,0
2023-10-24 12:00:00,2055,13,17,116,0,9.9,3.2,0.9,0,0,0,0,0,1,0,1,0,0
2023-10-24 09:00:00,1030,10,16,184,0,9.9,3.2,0.9,0,0,0,0,0,1,0,1,0,0
2023-10-23 19:00:00,795,20,5,110,0,11.1,-1.0,4.5,0,1,0,0,0,0,0,1,0,0
2023-10-23 20:00:00,590,21,4,23,0,11.1,-1.0,4.5,0,1,0,0,0,0,0,1,0,0
2023-10-23 21:00:00,561,22,4,7,0,11.1,-1.0,4.5,0,1,0,0,0,0,0,1,0,0
2023-10-23 09:00:00,1016,10,3,139,0,11.1,-1.0,4.5,0,1,0,0,0,0,0,1,0,0
2023-10-23 18:00:00,1332,19,3,99,0,11.1,-1.0,4.5,0,1,0,0,0,0,0,1,0,0
2023-10-23 05:00:00,98,6,3,19,0,11.1,-1.0,4.5,0,1,0,0,0,0,0,1,0,0
2023-10-23 06:00:00,106,7,2,14,0,11.1,-1.0,4.5,0,1,0,0,0,0,0,1,0,0
2023-10-23 22:00:00,545,23,2,9,0,11.1,-1.0,4.5,0,1,0,0,0,0,0,1,0,0
2023-10-25 01:00:00,37,2,1,21,0,11.2,4.9,2.1,0,0,0,0,0,0,1,1,0,0
2023-10-25 05:00:00,113,6,1,16,0,11.2,4.9,2.1,0,0,0,0,0,0,1,1,0,0
2023-10-25 23:00:00,431,0,1,14,0,11.2,4.9,2.1,0,0,0,0,0,0,1,1,0,0
2023-10-26 03:00:00,192,4,0,1,0,10.9,5.9,29.4,0,0,0,0,1,0,0,1,0,0
2023-10-26 04:00:00,30,5,0,0,0,10.9,5.9,29.4,0,0,0,0,1,0,0,1,0,0
2023-10-27 14:00:00,2081,15,15,16,0,11.2,7.2,16.5,1,0,0,0,0,0,0,1,0,0
2023-10-27 11:00:00,1715,12,12,300,0,11.2,7.2,16.5,1,0,0,0,0,0,0,1,0,0
2023-10-26 01:00:00,298,2,4,30,0,10.9,5.9,29.4,0,0,0,0,1,0,0,1,0,0
2023-10-26 00:00:00,447,1,4,24,0,10.9,5.9,29.4,0,0,0,0,1,0,0,1,0,0
2023-10-26 06:00:00,131,7,4,17,0,10.9,5.9,29.4,0,0,0,0,1,0,0,1,0,0
2023-10-26 20:00:00,506,21,4,5,0,10.9,5.9,29.4,0,0,0,0,1,0,0,1,0,0
2023-10-26 21:00:00,471,22,4,5,0,10.9,5.9,29.4,0,0,0,0,1,0,0,1,0,0
2023-10-26 23:00:00,173,0,4,3,0,10.9,5.9,29.4,0,0,0,0,1,0,0,1,0,0
2023-10-26 19:00:00,588,20,3,18,0,10.9,5.9,29.4,0,0,0,0,1,0,0,1,0,0
2023-10-26 18:00:00,772,19,3,13,0,10.9,5.9,29.4,0,0,0,0,1,0,0,1,0,0
2023-10-26 05:00:00,89,6,3,11,0,10.9,5.9,29.4,0,0,0,0,1,0,0,1,0,0
2023-10-26 14:00:00,836,15,2,7,0,10.9,5.9,29.4,0,0,0,0,1,0,0,1,0,0
2023-10-26 22:00:00,337,23,2,1,0,10.9,5.9,29.4,0,0,0,0,1,0,0,1,0,0
2023-10-26 10:00:00,1415,11,15,216,0,10.9,5.9,29.4,0,0,0,0,1,0,0,1,0,0
2023-10-26 08:00:00,716,9,12,258,0,10.9,5.9,29.4,0,0,0,0,1,0,0,1,0,0
2023-10-26 11:00:00,1836,12,11,223,0,10.9,5.9,29.4,0,0,0,0,1,0,0,1,0,0
2023-10-26 12:00:00,1286,13,8,95,0,10.9,5.9,29.4,0,0,0,0,1,0,0,1,0,0
2023-10-26 17:00:00,1415,18,8,40,0,10.9,5.9,29.4,0,0,0,0,1,0,0,1,0,0
2023-10-26 13:00:00,1062,14,8,13,0,10.9,5.9,29.4,0,0,0,0,1,0,0,1,0,0
2023-10-26 16:00:00,1845,17,7,5,0,10.9,5.9,29.4,0,0,0,0,1,0,0,1,0,0
2023-10-26 07:00:00,262,8,5,49,0,10.9,5.9,29.4,0,0,0,0,1,0,0,1,0,0
2023-10-26 15:00:00,1490,16,4,116,0,10.9,5.9,29.4,0,0,0,0,1,0,0,1,0,0
2023-10-25 02:00:00,186,3,0,12,0,11.2,4.9,2.1,0,0,0,0,0,0,1,1,0,0
2023-10-25 22:00:00,474,23,0,7,0,11.2,4.9,2.1,0,0,0,0,0,0,1,1,0,0
2023-10-25 04:00:00,27,5,0,7,0,11.2,4.9,2.1,0,0,0,0,0,0,1,1,0,0
2023-10-25 03:00:00,43,4,0,3,0,11.2,4.9,2.1,0,0,0,0,0,0,1,1,0,0
2023-10-26 09:00:00,1138,10,23,218,0,10.9,5.9,29.4,0,0,0,0,1,0,0,1,0,0
2023-10-26 02:00:00,487,3,16,13,0,10.9,5.9,29.4,0,0,0,0,1,0,0,1,0,0
2023-10-25 15:00:00,1664,16,16,28,0,11.2,4.9,2.1,0,0,0,0,0,0,1,1,0,0
2023-10-25 11:00:00,1389,12,14,8,0,11.2,4.9,2.1,0,0,0,0,0,0,1,1,0,0
2023-10-25 08:00:00,591,9,13,81,0,11.2,4.9,2.1,0,0,0,0,0,0,1,1,0,0
2023-10-25 00:00:00,102,1,11,30,0,11.2,4.9,2.1,0,0,0,0,0,0,1,1,0,0
2023-10-25 10:00:00,1040,11,10,19,0,11.2,4.9,2.1,0,0,0,0,0,0,1,1,0,0
2023-10-25 09:00:00,753,10,9,112,0,11.2,4.9,2.1,0,0,0,0,0,0,1,1,0,0
2023-10-25 17:00:00,1669,18,8,124,0,11.2,4.9,2.1,0,0,0,0,0,0,1,1,0,0
2023-10-25 16:00:00,2394,17,6,119,0,11.2,4.9,2.1,0,0,0,0,0,0,1,1,0,0
2023-10-25 21:00:00,553,22,5,7,0,11.2,4.9,2.1,0,0,0,0,0,0,1,1,0,0
2023-10-25 06:00:00,136,7,4,15,0,11.2,4.9,2.1,0,0,0,0,0,0,1,1,0,0
2023-10-25 18:00:00,1077,19,4,5,0,11.2,4.9,2.1,0,0,0,0,0,0,1,1,0,0
2023-10-25 07:00:00,130,8,2,29,0,11.2,4.9,2.1,0,0,0,0,0,0,1,1,0,0
2023-10-25 20:00:00,501,21,2,9,0,11.2,4.9,2.1,0,0,0,0,0,0,1,1,0,0
2023-10-25 19:00:00,665,20,2,5,0,11.2,4.9,2.1,0,0,0,0,0,0,1,1,0,0
2023-10-27 03:00:00,53,4,1,3,0,11.2,7.2,16.5,1,0,0,0,0,0,0,1,0,0
2023-10-27 19:00:00,829,20,0,30,0,11.2,7.2,16.5,1,0,0,0,0,0,0,1,0,0
2023-10-28 21:00:00,863,22,2,32,0,11.6,9.0,7.9,0,0,1,0,0,0,0,1,0,0
2023-10-28 03:00:00,412,4,2,14,0,11.6,9.0,7.9,0,0,1,0,0,0,0,1,0,0
2023-10-28 08:00:00,332,9,1,63,0,11.6,9.0,7.9,0,0,1,0,0,0,0,1,0,0
2023-10-28 19:00:00,973,20,1,7,0,11.6,9.0,7.9,0,0,1,0,0,0,0,1,0,0
2023-10-28 04:00:00,60,5,1,7,0,11.6,9.0,7.9,0,0,1,0,0,0,0,1,0,0
2023-10-28 20:00:00,965,21,1,6,0,11.6,9.0,7.9,0,0,1,0,0,0,0,1,0,0
2023-10-28 06:00:00,71,7,1,2,0,11.6,9.0,7.9,0,0,1,0,0,0,0,1,0,0
2023-10-29 14:00:00,1649,15,11,195,0,9.9,9.5,6.1,0,0,0,1,0,0,0,1,0,0
2023-10-29 01:00:00,781,2,10,6,0,9.9,9.5,6.1,0,0,0,1,0,0,0,1,0,0
2023-10-29 15:00:00,1371,16,7,216,0,9.9,9.5,6.1,0,0,0,1,0,0,0,1,0,0
2023-10-29 12:00:00,1581,13,6,184,0,9.9,9.5,6.1,0,0,0,1,0,0,0,1,0,0
2023-10-29 00:00:00,655,1,6,5,0,9.9,9.5,6.1,0,0,0,1,0,0,0,1,0,0
2023-10-29 10:00:00,796,11,5,166,0,9.9,9.5,6.1,0,0,0,1,0,0,0,1,0,0
2023-10-29 22:00:00,380,23,5,18,0,9.9,9.5,6.1,0,0,0,1,0,0,0,1,0,0
2023-10-29 13:00:00,1715,14,4,259,0,9.9,9.5,6.1,0,0,0,1,0,0,0,1,0,0
2023-10-29 11:00:00,1105,12,4,80,0,9.9,9.5,6.1,0,0,0,1,0,0,0,1,0,0
2023-10-29 23:00:00,286,0,4,11,0,9.9,9.5,6.1,0,0,0,1,0,0,0,1,0,0
2023-10-29 21:00:00,532,22,4,1,0,9.9,9.5,6.1,0,0,0,1,0,0,0,1,0,0
2023-10-27 04:00:00,17,5,0,0,0,11.2,7.2,16.5,1,0,0,0,0,0,0,1,0,0
2023-10-28 15:00:00,2069,16,13,73,0,11.6,9.0,7.9,0,0,1,0,0,0,0,1,0,0
2023-10-28 12:00:00,1494,13,12,8,0,11.6,9.0,7.9,0,0,1,0,0,0,0,1,0,0
2023-10-28 16:00:00,2420,17,10,65,0,11.6,9.0,7.9,0,0,1,0,0,0,0,1,0,0
2023-10-28 23:00:00,446,0,10,8,0,11.6,9.0,7.9,0,0,1,0,0,0,0,1,0,0
2023-10-28 11:00:00,1029,12,10,5,0,11.6,9.0,7.9,0,0,1,0,0,0,0,1,0,0
2023-10-28 14:00:00,2122,15,7,14,0,11.6,9.0,7.9,0,0,1,0,0,0,0,1,0,0
2023-10-28 17:00:00,1885,18,6,56,0,11.6,9.0,7.9,0,0,1,0,0,0,0,1,0,0
2023-10-28 02:00:00,571,3,5,23,0,11.6,9.0,7.9,0,0,1,0,0,0,0,1,0,0
2023-10-28 22:00:00,837,23,5,21,0,11.6,9.0,7.9,0,0,1,0,0,0,0,1,0,0
2023-10-28 13:00:00,1459,14,5,9,0,11.6,9.0,7.9,0,0,1,0,0,0,0,1,0,0
2023-10-28 09:00:00,756,10,4,78,0,11.6,9.0,7.9,0,0,1,0,0,0,0,1,0,0
2023-10-28 00:00:00,670,1,4,20,0,11.6,9.0,7.9,0,0,1,0,0,0,0,1,0,0
2023-10-28 10:00:00,577,11,4,7,0,11.6,9.0,7.9,0,0,1,0,0,0,0,1,0,0
2023-10-28 18:00:00,1728,19,3,8,0,11.6,9.0,7.9,0,0,1,0,0,0,0,1,0,0
2023-10-28 07:00:00,150,8,0,18,0,11.6,9.0,7.9,0,0,1,0,0,0,0,1,0,0
2023-10-28 01:00:00,346,2,0,16,0,11.6,9.0,7.9,0,0,1,0,0,0,0,1,0,0
2023-10-28 05:00:00,102,6,0,14,0,11.6,9.0,7.9,0,0,1,0,0,0,0,1,0,0
2023-10-27 12:00:00,1520,13,12,80,0,11.2,7.2,16.5,1,0,0,0,0,0,0,1,0,0
2023-10-27 22:00:00,588,23,12,7,0,11.2,7.2,16.5,1,0,0,0,0,0,0,1,0,0
2023-10-27 16:00:00,2525,17,11,327,0,11.2,7.2,16.5,1,0,0,0,0,0,0,1,0,0
2023-10-27 17:00:00,2506,18,9,318,0,11.2,7.2,16.5,1,0,0,0,0,0,0,1,0,0
2023-10-27 10:00:00,1296,11,9,286,0,11.2,7.2,16.5,1,0,0,0,0,0,0,1,0,0
2023-10-27 09:00:00,977,10,9,269,0,11.2,7.2,16.5,1,0,0,0,0,0,0,1,0,0
2023-10-27 15:00:00,2165,16,8,136,0,11.2,7.2,16.5,1,0,0,0,0,0,0,1,0,0
2023-10-27 08:00:00,690,9,7,143,0,11.2,7.2,16.5,1,0,0,0,0,0,0,1,0,0
2023-10-27 07:00:00,312,8,7,32,0,11.2,7.2,16.5,1,0,0,0,0,0,0,1,0,0
2023-10-27 13:00:00,1995,14,7,5,0,11.2,7.2,16.5,1,0,0,0,0,0,0,1,0,0
2023-10-27 00:00:00,152,1,5,2,0,11.2,7.2,16.5,1,0,0,0,0,0,0,1,0,0
2023-10-27 01:00:00,125,2,4,2,0,11.2,7.2,16.5,1,0,0,0,0,0,0,1,0,0
2023-10-27 18:00:00,1508,19,3,70,0,11.2,7.2,16.5,1,0,0,0,0,0,0,1,0,0
2023-10-27 06:00:00,145,7,3,8,0,11.2,7.2,16.5,1,0,0,0,0,0,0,1,0,0
2023-10-27 21:00:00,780,22,3,7,0,11.2,7.2,16.5,1,0,0,0,0,0,0,1,0,0
2023-10-27 23:00:00,680,0,2,39,0,11.2,7.2,16.5,1,0,0,0,0,0,0,1,0,0
2023-10-27 20:00:00,747,21,2,16,0,11.2,7.2,16.5,1,0,0,0,0,0,0,1,0,0
2023-10-27 05:00:00,109,6,2,3,0,11.2,7.2,16.5,1,0,0,0,0,0,0,1,0,0
2023-10-27 02:00:00,135,3,1,8,0,11.2,7.2,16.5,1,0,0,0,0,0,0,1,0,0
2023-10-30 21:00:00,588,22,3,70,0,9.6,5.6,0.0,0,1,0,0,0,0,0,0,1,0
2023-10-30 00:00:00,221,1,3,11,0,9.6,5.6,0.0,0,1,0,0,0,0,0,0,1,0
2023-10-30 19:00:00,1131,20,2,65,0,9.6,5.6,0.0,0,1,0,0,0,0,0,0,1,0
2023-10-30 01:00:00,106,2,2,8,0,9.6,5.6,0.0,0,1,0,0,0,0,0,0,1,0
2023-10-30 03:00:00,93,4,2,6,0,9.6,5.6,0.0,0,1,0,0,0,0,0,0,1,0
2023-10-30 05:00:00,74,6,2,2,0,9.6,5.6,0.0,0,1,0,0,0,0,0,0,1,0
2023-10-31 09:00:00,942,10,28,140,0,10.2,5.3,7.5,0,0,0,0,0,1,0,0,1,0
2023-10-31 12:00:00,1623,13,27,66,0,10.2,5.3,7.5,0,0,0,0,0,1,0,0,1,0
2023-10-30 10:00:00,1435,11,33,111,0,9.6,5.6,0.0,0,1,0,0,0,0,0,0,1,0
2023-10-30 08:00:00,694,9,31,112,0,9.6,5.6,0.0,0,1,0,0,0,0,0,0,1,0
2023-10-30 14:00:00,2447,15,25,140,0,9.6,5.6,0.0,0,1,0,0,0,0,0,0,1,0
2023-10-30 09:00:00,903,10,24,84,0,9.6,5.6,0.0,0,1,0,0,0,0,0,0,1,0
2023-10-30 07:00:00,233,8,24,51,0,9.6,5.6,0.0,0,1,0,0,0,0,0,0,1,0
2023-10-30 13:00:00,2890,14,19,137,0,9.6,5.6,0.0,0,1,0,0,0,0,0,0,1,0
2023-10-30 16:00:00,2285,17,17,129,0,9.6,5.6,0.0,0,1,0,0,0,0,0,0,1,0
2023-10-30 15:00:00,2284,16,11,110,0,9.6,5.6,0.0,0,1,0,0,0,0,0,0,1,0
2023-10-31 16:00:00,1976,17,25,203,0,10.2,5.3,7.5,0,0,0,0,0,1,0,0,1,0
2023-10-31 08:00:00,677,9,24,188,0,10.2,5.3,7.5,0,0,0,0,0,1,0,0,1,0
2023-10-31 15:00:00,1755,16,18,105,0,10.2,5.3,7.5,0,0,0,0,0,1,0,0,1,0
2023-10-30 23:00:00,387,0,1,53,0,9.6,5.6,0.0,0,1,0,0,0,0,0,0,1,0
2023-10-30 22:00:00,465,23,1,50,0,9.6,5.6,0.0,0,1,0,0,0,0,0,0,1,0
2023-10-31 17:00:00,1759,18,15,111,0,10.2,5.3,7.5,0,0,0,0,0,1,0,0,1,0
2023-10-29 02:00:00,349,3,1,67,0,9.9,9.5,6.1,0,0,0,1,0,0,0,1,0,0
2023-10-31 11:00:00,1906,12,14,88,0,10.2,5.3,7.5,0,0,0,0,0,1,0,0,1,0
2023-10-31 07:00:00,294,8,13,70,0,10.2,5.3,7.5,0,0,0,0,0,1,0,0,1,0
2023-10-31 06:00:00,133,7,9,37,0,10.2,5.3,7.5,0,0,0,0,0,1,0,0,1,0
2023-10-31 18:00:00,1635,19,8,79,0,10.2,5.3,7.5,0,0,0,0,0,1,0,0,1,0
2023-10-29 18:00:00,682,19,1,8,0,9.9,9.5,6.1,0,0,0,1,0,0,0,1,0,0
2023-10-29 20:00:00,460,21,1,2,0,9.9,9.5,6.1,0,0,0,1,0,0,0,1,0,0
2023-10-29 08:00:00,329,9,3,75,0,9.9,9.5,6.1,0,0,0,1,0,0,0,1,0,0
2023-10-29 16:00:00,1326,17,0,160,0,9.9,9.5,6.1,0,0,0,1,0,0,0,1,0,0
2023-10-29 07:00:00,105,8,0,48,0,9.9,9.5,6.1,0,0,0,1,0,0,0,1,0,0
2023-10-29 09:00:00,548,10,2,93,0,9.9,9.5,6.1,0,0,0,1,0,0,0,1,0,0
2023-10-30 04:00:00,6,5,0,2,0,9.6,5.6,0.0,0,1,0,0,0,0,0,0,1,0
2023-10-31 10:00:00,1004,11,37,121,0,10.2,5.3,7.5,0,0,0,0,0,1,0,0,1,0
2023-10-31 14:00:00,1592,15,30,83,0,10.2,5.3,7.5,0,0,0,0,0,1,0,0,1,0
2023-10-31 13:00:00,985,14,30,56,0,10.2,5.3,7.5,0,0,0,0,0,1,0,0,1,0
2023-10-29 03:00:00,119,4,0,46,0,9.9,9.5,6.1,0,0,0,1,0,0,0,1,0,0
2023-10-29 17:00:00,906,18,0,23,0,9.9,9.5,6.1,0,0,0,1,0,0,0,1,0,0
2023-10-29 04:00:00,45,5,0,21,0,9.9,9.5,6.1,0,0,0,1,0,0,0,1,0,0
2023-10-29 06:00:00,67,7,0,19,0,9.9,9.5,6.1,0,0,0,1,0,0,0,1,0,0
2023-10-29 05:00:00,43,6,0,15,0,9.9,9.5,6.1,0,0,0,1,0,0,0,1,0,0
2023-10-29 19:00:00,686,20,0,7,0,9.9,9.5,6.1,0,0,0,1,0,0,0,1,0,0
2023-10-30 12:00:00,2739,13,41,234,0,9.6,5.6,0.0,0,1,0,0,0,0,0,0,1,0
2023-10-30 11:00:00,2038,12,10,151,0,9.6,5.6,0.0,0,1,0,0,0,0,0,0,1,0
2023-10-30 17:00:00,1967,18,10,89,0,9.6,5.6,0.0,0,1,0,0,0,0,0,0,1,0
2023-10-30 18:00:00,1333,19,8,85,0,9.6,5.6,0.0,0,1,0,0,0,0,0,0,1,0
2023-10-30 06:00:00,93,7,8,4,0,9.6,5.6,0.0,0,1,0,0,0,0,0,0,1,0
2023-10-30 02:00:00,144,3,4,1,0,9.6,5.6,0.0,0,1,0,0,0,0,0,0,1,0
2023-10-30 20:00:00,788,21,3,72,0,9.6,5.6,0.0,0,1,0,0,0,0,0,0,1,0
2023-10-31 00:00:00,387,1,1,35,0,10.2,5.3,7.5,0,0,0,0,0,1,0,0,1,0
2023-10-31 22:00:00,790,23,1,12,0,10.2,5.3,7.5,0,0,0,0,0,1,0,0,1,0
2023-10-31 23:00:00,876,0,6,11,0,10.2,5.3,7.5,0,0,0,0,0,1,0,0,1,0
2023-10-31 05:00:00,102,6,5,14,0,10.2,5.3,7.5,0,0,0,0,0,1,0,0,1,0
2023-10-31 02:00:00,115,3,5,11,0,10.2,5.3,7.5,0,0,0,0,0,1,0,0,1,0
2023-10-31 01:00:00,214,2,4,46,0,10.2,5.3,7.5,0,0,0,0,0,1,0,0,1,0
2023-10-31 20:00:00,1144,21,3,60,0,10.2,5.3,7.5,0,0,0,0,0,1,0,0,1,0
2023-10-31 19:00:00,1267,20,2,89,0,10.2,5.3,7.5,0,0,0,0,0,1,0,0,1,0
2023-10-31 21:00:00,972,22,2,73,0,10.2,5.3,7.5,0,0,0,0,0,1,0,0,1,0
2023-10-31 03:00:00,35,4,0,8,0,10.2,5.3,7.5,0,0,0,0,0,1,0,0,1,0
2023-10-31 04:00:00,15,5,0,7,0,10.2,5.3,7.5,0,0,0,0,0,1,0,0,1,0
2023-09-01 12:00:00,1830,13,97,216,0,22.4,9.9,0.0,1,0,0,0,0,0,0,1,0,0
2023-09-01 11:00:00,1884,12,44,172,0,22.4,9.9,0.0,1,0,0,0,0,0,0,1,0,0
2023-09-01 15:00:00,2664,16,38,124,0,22.4,9.9,0.0,1,0,0,0,0,0,0,1,0,0
2023-09-01 17:00:00,2261,18,33,175,0,22.4,9.9,0.0,1,0,0,0,0,0,0,1,0,0
2023-09-01 16:00:00,2490,17,33,154,0,22.4,9.9,0.0,1,0,0,0,0,0,0,1,0,0
2023-09-01 14:00:00,2379,15,32,133,0,22.4,9.9,0.0,1,0,0,0,0,0,0,1,0,0
2023-09-01 10:00:00,1322,11,29,242,0,22.4,9.9,0.0,1,0,0,0,0,0,0,1,0,0
2023-09-01 08:00:00,613,9,23,221,0,22.4,9.9,0.0,1,0,0,0,0,0,0,1,0,0
2023-09-01 13:00:00,2425,14,23,164,0,22.4,9.9,0.0,1,0,0,0,0,0,0,1,0,0
2023-09-01 20:00:00,1230,21,21,269,0,22.4,9.9,0.0,1,0,0,0,0,0,0,1,0,0
2023-09-01 07:00:00,243,8,21,94,0,22.4,9.9,0.0,1,0,0,0,0,0,0,1,0,0
2023-09-02 01:00:00,511,2,4,42,0,22.9,5.5,0.0,0,0,1,0,0,0,0,1,0,0
2023-09-02 21:00:00,1078,22,4,3,0,22.9,5.5,0.0,0,0,1,0,0,0,0,1,0,0
2023-09-02 23:00:00,1135,0,3,96,0,22.9,5.5,0.0,0,0,1,0,0,0,0,1,0,0
2023-09-02 03:00:00,299,4,3,46,0,22.9,5.5,0.0,0,0,1,0,0,0,0,1,0,0
2023-09-02 22:00:00,825,23,3,11,0,22.9,5.5,0.0,0,0,1,0,0,0,0,1,0,0
2023-09-02 02:00:00,424,3,2,54,0,22.9,5.5,0.0,0,0,1,0,0,0,0,1,0,0
2023-09-02 05:00:00,68,6,2,17,0,22.9,5.5,0.0,0,0,1,0,0,0,0,1,0,0
2023-09-01 19:00:00,1054,20,6,161,0,22.4,9.9,0.0,1,0,0,0,0,0,0,1,0,0
2023-09-01 21:00:00,1153,22,6,82,0,22.4,9.9,0.0,1,0,0,0,0,0,0,1,0,0
2023-09-01 05:00:00,94,6,6,20,0,22.4,9.9,0.0,1,0,0,0,0,0,0,1,0,0
2023-09-01 09:00:00,708,10,5,153,0,22.4,9.9,0.0,1,0,0,0,0,0,0,1,0,0
2023-09-01 22:00:00,928,23,5,68,0,22.4,9.9,0.0,1,0,0,0,0,0,0,1,0,0
2023-09-01 03:00:00,170,4,3,18,0,22.4,9.9,0.0,1,0,0,0,0,0,0,1,0,0
2023-09-01 04:00:00,9,5,2,5,0,22.4,9.9,0.0,1,0,0,0,0,0,0,1,0,0
2023-09-01 02:00:00,353,3,1,18,0,22.4,9.9,0.0,1,0,0,0,0,0,0,1,0,0
2023-09-01 00:00:00,362,1,0,62,0,22.4,9.9,0.0,1,0,0,0,0,0,0,1,0,0
2023-09-01 23:00:00,659,0,0,53,0,22.4,9.9,0.0,1,0,0,0,0,0,0,1,0,0
2023-09-01 01:00:00,201,2,0,48,0,22.4,9.9,0.0,1,0,0,0,0,0,0,1,0,0
2023-09-02 12:00:00,2568,13,142,217,0,22.9,5.5,0.0,0,0,1,0,0,0,0,1,0,0
2023-09-02 11:00:00,2146,12,80,250,0,22.9,5.5,0.0,0,0,1,0,0,0,0,1,0,0
2023-09-01 18:00:00,1443,19,12,176,0,22.4,9.9,0.0,1,0,0,0,0,0,0,1,0,0
2023-09-01 06:00:00,167,7,12,38,0,22.4,9.9,0.0,1,0,0,0,0,0,0,1,0,0
2023-09-02 10:00:00,1612,11,53,206,0,22.9,5.5,0.0,0,0,1,0,0,0,0,1,0,0
2023-09-02 17:00:00,1919,18,49,216,0,22.9,5.5,0.0,0,0,1,0,0,0,0,1,0,0
2023-09-02 18:00:00,1439,19,41,261,0,22.9,5.5,0.0,0,0,1,0,0,0,0,1,0,0
2023-09-02 13:00:00,2833,14,34,192,0,22.9,5.5,0.0,0,0,1,0,0,0,0,1,0,0
2023-09-02 16:00:00,2727,17,23,109,0,22.9,5.5,0.0,0,0,1,0,0,0,0,1,0,0
2023-09-02 14:00:00,3012,15,21,141,0,22.9,5.5,0.0,0,0,1,0,0,0,0,1,0,0
2023-09-02 06:00:00,119,7,19,38,0,22.9,5.5,0.0,0,0,1,0,0,0,0,1,0,0
2023-09-02 09:00:00,841,10,15,162,0,22.9,5.5,0.0,0,0,1,0,0,0,0,1,0,0
2023-09-02 08:00:00,388,9,14,115,0,22.9,5.5,0.0,0,0,1,0,0,0,0,1,0,0
2023-09-02 15:00:00,2950,16,13,73,0,22.9,5.5,0.0,0,0,1,0,0,0,0,1,0,0
2023-09-02 19:00:00,1507,20,12,60,0,22.9,5.5,0.0,0,0,1,0,0,0,0,1,0,0
2023-09-02 07:00:00,241,8,7,72,0,22.9,5.5,0.0,0,0,1,0,0,0,0,1,0,0
2023-09-02 20:00:00,1043,21,7,2,0,22.9,5.5,0.0,0,0,1,0,0,0,0,1,0,0
2023-09-02 00:00:00,552,1,0,38,0,22.9,5.5,0.0,0,0,1,0,0,0,0,1,0,0
2023-09-02 04:00:00,44,5,0,13,0,22.9,5.5,0.0,0,0,1,0,0,0,0,1,0,0
2023-09-03 12:00:00,1738,13,60,217,0,24.2,5.5,0.0,0,0,0,1,0,0,0,1,0,0
2023-09-03 11:00:00,1224,12,49,177,0,24.2,5.5,0.0,0,0,0,1,0,0,0,1,0,0
2023-09-03 10:00:00,752,11,45,156,0,24.2,5.5,0.0,0,0,0,1,0,0,0,1,0,0
2023-09-03 17:00:00,1367,18,40,239,0,24.2,5.5,0.0,0,0,0,1,0,0,0,1,0,0
2023-09-03 13:00:00,1854,14,33,105,0,24.2,5.5,0.0,0,0,0,1,0,0,0,1,0,0
2023-09-03 00:00:00,621,1,2,62,0,24.2,5.5,0.0,0,0,0,1,0,0,0,1,0,0
2023-09-03 02:00:00,631,3,2,46,0,24.2,5.5,0.0,0,0,0,1,0,0,0,1,0,0
2023-09-03 01:00:00,601,2,2,43,0,24.2,5.5,0.0,0,0,0,1,0,0,0,1,0,0
2023-09-03 22:00:00,465,23,2,6,0,24.2,5.5,0.0,0,0,0,1,0,0,0,1,0,0
2023-09-03 23:00:00,306,0,1,66,0,24.2,5.5,0.0,0,0,0,1,0,0,0,1,0,0
2023-09-03 21:00:00,511,22,10,0,0,24.2,5.5,0.0,0,0,0,1,0,0,0,1,0,0
2023-09-03 09:00:00,469,10,9,38,0,24.2,5.5,0.0,0,0,0,1,0,0,0,1,0,0
2023-09-04 17:00:00,1794,18,19,143,0,20.8,5.5,0.0,0,1,0,0,0,0,0,1,0,0
2023-09-04 15:00:00,1948,16,18,46,0,20.8,5.5,0.0,0,1,0,0,0,0,0,1,0,0
2023-09-04 09:00:00,1056,10,17,90,0,20.8,5.5,0.0,0,1,0,0,0,0,0,1,0,0
2023-09-04 14:00:00,1925,15,15,27,0,20.8,5.5,0.0,0,1,0,0,0,0,0,1,0,0
2023-09-04 18:00:00,1358,19,13,171,0,20.8,5.5,0.0,0,1,0,0,0,0,0,1,0,0
2023-09-04 21:00:00,664,22,12,102,0,20.8,5.5,0.0,0,1,0,0,0,0,0,1,0,0
2023-09-04 08:00:00,760,9,12,71,0,20.8,5.5,0.0,0,1,0,0,0,0,0,1,0,0
2023-09-04 06:00:00,154,7,12,17,0,20.8,5.5,0.0,0,1,0,0,0,0,0,1,0,0
2023-09-03 03:00:00,863,4,7,26,0,24.2,5.5,0.0,0,0,0,1,0,0,0,1,0,0
2023-09-03 18:00:00,996,19,24,121,0,24.2,5.5,0.0,0,0,0,1,0,0,0,1,0,0
2023-09-03 14:00:00,2000,15,24,86,0,24.2,5.5,0.0,0,0,0,1,0,0,0,1,0,0
2023-09-03 15:00:00,2037,16,21,117,0,24.2,5.5,0.0,0,0,0,1,0,0,0,1,0,0
2023-09-03 16:00:00,1632,17,20,135,0,24.2,5.5,0.0,0,0,0,1,0,0,0,1,0,0
2023-09-03 20:00:00,964,21,15,38,0,24.2,5.5,0.0,0,0,0,1,0,0,0,1,0,0
2023-09-03 19:00:00,1028,20,13,18,0,24.2,5.5,0.0,0,0,0,1,0,0,0,1,0,0
2023-09-04 05:00:00,94,6,0,13,0,20.8,5.5,0.0,0,1,0,0,0,0,0,1,0,0
2023-09-04 04:00:00,2,5,0,3,0,20.8,5.5,0.0,0,1,0,0,0,0,0,1,0,0
2023-09-03 08:00:00,235,9,4,37,0,24.2,5.5,0.0,0,0,0,1,0,0,0,1,0,0
2023-09-03 06:00:00,93,7,4,9,0,24.2,5.5,0.0,0,0,0,1,0,0,0,1,0,0
2023-09-03 07:00:00,159,8,1,25,0,24.2,5.5,0.0,0,0,0,1,0,0,0,1,0,0
2023-09-05 12:00:00,2192,13,148,194,0,19.9,9.9,0.0,0,0,0,0,0,1,0,1,0,0
2023-09-04 07:00:00,322,8,2,51,0,20.8,5.5,0.0,0,1,0,0,0,0,0,1,0,0
2023-09-05 11:00:00,2051,12,86,205,0,19.9,9.9,0.0,0,0,0,0,0,1,0,1,0,0
2023-09-04 20:00:00,1134,21,1,129,0,20.8,5.5,0.0,0,1,0,0,0,0,0,1,0,0
2023-09-04 00:00:00,233,1,1,49,0,20.8,5.5,0.0,0,1,0,0,0,0,0,1,0,0
2023-09-04 01:00:00,145,2,1,26,0,20.8,5.5,0.0,0,1,0,0,0,0,0,1,0,0
2023-09-04 02:00:00,160,3,1,22,0,20.8,5.5,0.0,0,1,0,0,0,0,0,1,0,0
2023-09-04 23:00:00,354,0,1,17,0,20.8,5.5,0.0,0,1,0,0,0,0,0,1,0,0
2023-09-04 03:00:00,77,4,1,5,0,20.8,5.5,0.0,0,1,0,0,0,0,0,1,0,0
2023-09-05 18:00:00,1460,19,45,245,0,19.9,9.9,0.0,0,0,0,0,0,1,0,1,0,0
2023-09-05 17:00:00,1823,18,44,239,0,19.9,9.9,0.0,0,0,0,0,0,1,0,1,0,0
2023-09-05 16:00:00,2263,17,43,241,0,19.9,9.9,0.0,0,0,0,0,0,1,0,1,0,0
2023-09-05 10:00:00,1591,11,38,223,0,19.9,9.9,0.0,0,0,0,0,0,1,0,1,0,0
2023-09-03 04:00:00,95,5,0,4,0,24.2,5.5,0.0,0,0,0,1,0,0,0,1,0,0
2023-09-03 05:00:00,96,6,0,2,0,24.2,5.5,0.0,0,0,0,1,0,0,0,1,0,0
2023-09-04 12:00:00,2045,13,46,164,0,20.8,5.5,0.0,0,1,0,0,0,0,0,1,0,0
2023-09-04 10:00:00,1574,11,36,176,0,20.8,5.5,0.0,0,1,0,0,0,0,0,1,0,0
2023-09-04 11:00:00,2015,12,36,162,0,20.8,5.5,0.0,0,1,0,0,0,0,0,1,0,0
2023-09-04 13:00:00,2186,14,34,37,0,20.8,5.5,0.0,0,1,0,0,0,0,0,1,0,0
2023-09-04 16:00:00,2354,17,28,114,0,20.8,5.5,0.0,0,1,0,0,0,0,0,1,0,0
2023-09-05 14:00:00,2145,15,35,143,0,19.9,9.9,0.0,0,0,0,0,0,1,0,1,0,0
2023-09-05 15:00:00,1999,16,34,133,0,19.9,9.9,0.0,0,0,0,0,0,1,0,1,0,0
2023-09-05 13:00:00,2596,14,29,165,0,19.9,9.9,0.0,0,0,0,0,0,1,0,1,0,0
2023-09-04 19:00:00,1252,20,7,133,0,20.8,5.5,0.0,0,1,0,0,0,0,0,1,0,0
2023-09-04 22:00:00,533,23,5,67,0,20.8,5.5,0.0,0,1,0,0,0,0,0,1,0,0
2023-09-05 09:00:00,1318,10,27,194,0,19.9,9.9,0.0,0,0,0,0,0,1,0,1,0,0
2023-09-06 00:00:00,190,1,0,19,0,22.4,14.0,0.0,0,0,0,0,0,0,1,1,0,0
2023-09-06 01:00:00,140,2,0,14,0,22.4,14.0,0.0,0,0,0,0,0,0,1,1,0,0
2023-09-06 04:00:00,47,5,0,14,0,22.4,14.0,0.0,0,0,0,0,0,0,1,1,0,0
2023-09-06 02:00:00,124,3,0,7,0,22.4,14.0,0.0,0,0,0,0,0,0,1,1,0,0
2023-09-06 18:00:00,1556,19,24,177,0,22.4,14.0,0.0,0,0,0,0,0,0,1,1,0,0
2023-09-05 19:00:00,1176,20,26,199,0,19.9,9.9,0.0,0,0,0,0,0,1,0,1,0,0
2023-09-06 03:00:00,64,4,0,5,0,22.4,14.0,0.0,0,0,0,0,0,0,1,1,0,0
2023-09-05 05:00:00,58,6,3,6,0,19.9,9.9,0.0,0,0,0,0,0,1,0,1,0,0
2023-09-05 02:00:00,71,3,2,15,0,19.9,9.9,0.0,0,0,0,0,0,1,0,1,0,0
2023-09-05 04:00:00,24,5,2,2,0,19.9,9.9,0.0,0,0,0,0,0,1,0,1,0,0
2023-09-05 20:00:00,914,21,21,126,0,19.9,9.9,0.0,0,0,0,0,0,1,0,1,0,0
2023-09-05 01:00:00,125,2,20,24,0,19.9,9.9,0.0,0,0,0,0,0,1,0,1,0,0
2023-09-05 08:00:00,923,9,18,186,0,19.9,9.9,0.0,0,0,0,0,0,1,0,1,0,0
2023-09-05 00:00:00,315,1,18,66,0,19.9,9.9,0.0,0,0,0,0,0,1,0,1,0,0
2023-09-07 12:00:00,2706,13,108,234,0,25.0,12.0,0.0,0,0,0,0,1,0,0,1,0,0
2023-09-05 03:00:00,20,4,0,4,0,19.9,9.9,0.0,0,0,0,0,0,1,0,1,0,0
2023-09-07 11:00:00,1935,12,95,223,0,25.0,12.0,0.0,0,0,0,0,1,0,0,1,0,0
2023-09-07 13:00:00,3453,14,85,252,0,25.0,12.0,0.0,0,0,0,0,1,0,0,1,0,0
2023-09-07 09:00:00,1102,10,59,240,0,25.0,12.0,0.0,0,0,0,0,1,0,0,1,0,0
2023-09-06 15:00:00,2053,16,67,166,0,22.4,14.0,0.0,0,0,0,0,0,0,1,1,0,0
2023-09-07 10:00:00,1619,11,49,242,0,25.0,12.0,0.0,0,0,0,0,1,0,0,1,0,0
2023-09-06 12:00:00,2675,13,61,238,0,22.4,14.0,0.0,0,0,0,0,0,0,1,1,0,0
2023-09-07 14:00:00,2217,15,48,211,0,25.0,12.0,0.0,0,0,0,0,1,0,0,1,0,0
2023-09-06 08:00:00,831,9,54,338,0,22.4,14.0,0.0,0,0,0,0,0,0,1,1,0,0
2023-09-06 11:00:00,1882,12,53,225,0,22.4,14.0,0.0,0,0,0,0,0,0,1,1,0,0
2023-09-06 13:00:00,3021,14,53,198,0,22.4,14.0,0.0,0,0,0,0,0,0,1,1,0,0
2023-09-06 10:00:00,1593,11,42,213,0,22.4,14.0,0.0,0,0,0,0,0,0,1,1,0,0
2023-09-06 16:00:00,2218,17,40,208,0,22.4,14.0,0.0,0,0,0,0,0,0,1,1,0,0
2023-09-06 09:00:00,1257,10,35,204,0,22.4,14.0,0.0,0,0,0,0,0,0,1,1,0,0
2023-09-06 17:00:00,1992,18,31,167,0,22.4,14.0,0.0,0,0,0,0,0,0,1,1,0,0
2023-09-06 14:00:00,2199,15,21,188,0,22.4,14.0,0.0,0,0,0,0,0,0,1,1,0,0
2023-09-05 06:00:00,108,7,9,22,0,19.9,9.9,0.0,0,0,0,0,0,1,0,1,0,0
2023-09-06 07:00:00,298,8,17,92,0,22.4,14.0,0.0,0,0,0,0,0,0,1,1,0,0
2023-09-06 19:00:00,1066,20,16,205,0,22.4,14.0,0.0,0,0,0,0,0,0,1,1,0,0
2023-09-06 20:00:00,955,21,13,111,0,22.4,14.0,0.0,0,0,0,0,0,0,1,1,0,0
2023-09-06 06:00:00,219,7,13,39,0,22.4,14.0,0.0,0,0,0,0,0,0,1,1,0,0
2023-09-06 05:00:00,79,6,3,9,0,22.4,14.0,0.0,0,0,0,0,0,0,1,1,0,0
2023-09-06 21:00:00,1014,22,2,76,0,22.4,14.0,0.0,0,0,0,0,0,0,1,1,0,0
2023-09-06 22:00:00,691,23,2,64,0,22.4,14.0,0.0,0,0,0,0,0,0,1,1,0,0
2023-09-06 23:00:00,346,0,2,59,0,22.4,14.0,0.0,0,0,0,0,0,0,1,1,0,0
2023-09-05 21:00:00,532,22,7,87,0,19.9,9.9,0.0,0,0,0,0,0,1,0,1,0,0
2023-09-05 22:00:00,405,23,6,58,0,19.9,9.9,0.0,0,0,0,0,0,1,0,1,0,0
2023-09-07 08:00:00,747,9,28,320,0,25.0,12.0,0.0,0,0,0,0,1,0,0,1,0,0
2023-09-05 07:00:00,368,8,4,58,0,19.9,9.9,0.0,0,0,0,0,0,1,0,1,0,0
2023-09-05 23:00:00,317,0,4,53,0,19.9,9.9,0.0,0,0,0,0,0,1,0,1,0,0
2023-09-07 07:00:00,346,8,26,60,0,25.0,12.0,0.0,0,0,0,0,1,0,0,1,0,0
2023-09-07 01:00:00,213,2,2,29,0,25.0,12.0,0.0,0,0,0,0,1,0,0,1,0,0
2023-09-07 18:00:00,1100,19,8,3,0,25.0,12.0,0.0,0,0,0,0,1,0,0,1,0,0
2023-09-09 15:00:00,2791,16,38,68,0,22.7,5.5,0.0,0,0,1,0,0,0,0,1,0,0
2023-09-09 10:00:00,1892,11,36,224,0,22.7,5.5,0.0,0,0,1,0,0,0,0,1,0,0
2023-09-08 13:00:00,2605,14,55,89,0,24.7,13.5,0.0,1,0,0,0,0,0,0,1,0,0
2023-09-07 02:00:00,283,3,2,9,0,25.0,12.0,0.0,0,0,0,0,1,0,0,1,0,0
2023-09-07 05:00:00,119,6,2,9,0,25.0,12.0,0.0,0,0,0,0,1,0,0,1,0,0
2023-09-09 06:00:00,92,7,31,18,0,22.7,5.5,0.0,0,0,1,0,0,0,0,1,0,0
2023-09-07 19:00:00,785,20,19,1,0,25.0,12.0,0.0,0,0,0,0,1,0,0,1,0,0
2023-09-07 15:00:00,2423,16,18,68,0,25.0,12.0,0.0,0,0,0,0,1,0,0,1,0,0
2023-09-07 16:00:00,2477,17,17,10,0,25.0,12.0,0.0,0,0,0,0,1,0,0,1,0,0
2023-09-07 17:00:00,2209,18,17,10,0,25.0,12.0,0.0,0,0,0,0,1,0,0,1,0,0
2023-09-07 06:00:00,134,7,9,19,0,25.0,12.0,0.0,0,0,0,0,1,0,0,1,0,0
2023-09-08 10:00:00,1487,11,43,162,0,24.7,13.5,0.0,1,0,0,0,0,0,0,1,0,0
2023-09-09 14:00:00,3301,15,22,90,0,22.7,5.5,0.0,0,0,1,0,0,0,0,1,0,0
2023-09-09 09:00:00,770,10,20,86,0,22.7,5.5,0.0,0,0,1,0,0,0,0,1,0,0
2023-09-09 08:00:00,433,9,13,48,0,22.7,5.5,0.0,0,0,1,0,0,0,0,1,0,0
2023-09-08 00:00:00,273,1,4,50,0,24.7,13.5,0.0,1,0,0,0,0,0,0,1,0,0
2023-09-08 05:00:00,107,6,4,21,0,24.7,13.5,0.0,1,0,0,0,0,0,0,1,0,0
2023-09-08 23:00:00,906,0,2,51,0,24.7,13.5,0.0,1,0,0,0,0,0,0,1,0,0
2023-09-08 01:00:00,207,2,2,37,0,24.7,13.5,0.0,1,0,0,0,0,0,0,1,0,0
2023-09-08 02:00:00,131,3,2,16,0,24.7,13.5,0.0,1,0,0,0,0,0,0,1,0,0
2023-09-08 22:00:00,1242,23,2,11,0,24.7,13.5,0.0,1,0,0,0,0,0,0,1,0,0
2023-09-08 08:00:00,1106,9,35,381,0,24.7,13.5,0.0,1,0,0,0,0,0,0,1,0,0
2023-09-07 21:00:00,406,22,6,1,0,25.0,12.0,0.0,0,0,0,0,1,0,0,1,0,0
2023-09-08 14:00:00,2807,15,34,44,0,24.7,13.5,0.0,1,0,0,0,0,0,0,1,0,0
2023-09-08 16:00:00,1623,17,16,27,0,24.7,13.5,0.0,1,0,0,0,0,0,0,1,0,0
2023-09-08 03:00:00,132,4,0,18,0,24.7,13.5,0.0,1,0,0,0,0,0,0,1,0,0
2023-09-08 04:00:00,40,5,0,5,0,24.7,13.5,0.0,1,0,0,0,0,0,0,1,0,0
2023-09-09 11:00:00,2372,12,68,139,0,22.7,5.5,0.0,0,0,1,0,0,0,0,1,0,0
2023-09-09 12:00:00,2935,13,54,155,0,22.7,5.5,0.0,0,0,1,0,0,0,0,1,0,0
2023-09-09 13:00:00,3213,14,47,134,0,22.7,5.5,0.0,0,0,1,0,0,0,0,1,0,0
2023-09-07 23:00:00,520,0,5,76,0,25.0,12.0,0.0,0,0,0,0,1,0,0,1,0,0
2023-09-07 03:00:00,168,4,5,17,0,25.0,12.0,0.0,0,0,0,0,1,0,0,1,0,0
2023-09-07 00:00:00,350,1,0,42,0,25.0,12.0,0.0,0,0,0,0,1,0,0,1,0,0
2023-09-08 09:00:00,784,10,14,150,0,24.7,13.5,0.0,1,0,0,0,0,0,0,1,0,0
2023-09-08 18:00:00,1999,19,12,142,0,24.7,13.5,0.0,1,0,0,0,0,0,0,1,0,0
2023-09-08 20:00:00,1462,21,11,74,0,24.7,13.5,0.0,1,0,0,0,0,0,0,1,0,0
2023-09-08 21:00:00,1587,22,8,34,0,24.7,13.5,0.0,1,0,0,0,0,0,0,1,0,0
2023-09-08 15:00:00,2717,16,26,65,0,24.7,13.5,0.0,1,0,0,0,0,0,0,1,0,0
2023-09-08 17:00:00,1944,18,23,127,0,24.7,13.5,0.0,1,0,0,0,0,0,0,1,0,0
2023-09-07 04:00:00,40,5,0,4,0,25.0,12.0,0.0,0,0,0,0,1,0,0,1,0,0
2023-09-08 12:00:00,2897,13,119,106,0,24.7,13.5,0.0,1,0,0,0,0,0,0,1,0,0
2023-09-08 11:00:00,2464,12,81,123,0,24.7,13.5,0.0,1,0,0,0,0,0,0,1,0,0
2023-09-08 19:00:00,1834,20,22,159,0,24.7,13.5,0.0,1,0,0,0,0,0,0,1,0,0
2023-09-08 06:00:00,227,7,22,47,0,24.7,13.5,0.0,1,0,0,0,0,0,0,1,0,0
2023-09-07 22:00:00,364,23,4,6,0,25.0,12.0,0.0,0,0,0,0,1,0,0,1,0,0
2023-09-07 20:00:00,611,21,4,0,0,25.0,12.0,0.0,0,0,0,0,1,0,0,1,0,0
2023-09-08 07:00:00,327,8,18,100,0,24.7,13.5,0.0,1,0,0,0,0,0,0,1,0,0
2023-09-09 20:00:00,1655,21,11,115,0,22.7,5.5,0.0,0,0,1,0,0,0,0,1,0,0
2023-09-09 16:00:00,1672,17,11,81,0,22.7,5.5,0.0,0,0,1,0,0,0,0,1,0,0
2023-09-09 21:00:00,1423,22,9,16,0,22.7,5.5,0.0,0,0,1,0,0,0,0,1,0,0
2023-09-09 00:00:00,583,1,8,48,0,22.7,5.5,0.0,0,0,1,0,0,0,0,1,0,0
2023-09-09 17:00:00,1471,18,7,109,0,22.7,5.5,0.0,0,0,1,0,0,0,0,1,0,0
2023-09-09 18:00:00,1568,19,7,69,0,22.7,5.5,0.0,0,0,1,0,0,0,0,1,0,0
2023-09-09 19:00:00,1418,20,7,28,0,22.7,5.5,0.0,0,0,1,0,0,0,0,1,0,0
2023-09-09 22:00:00,1279,23,7,18,0,22.7,5.5,0.0,0,0,1,0,0,0,0,1,0,0
2023-09-10 13:00:00,2056,14,30,109,0,20.5,5.5,21.4,0,0,0,1,0,0,0,1,0,0
2023-09-10 19:00:00,577,20,9,74,0,20.5,5.5,21.4,0,0,0,1,0,0,0,1,0,0
2023-09-09 03:00:00,627,4,5,18,0,22.7,5.5,0.0,0,0,1,0,0,0,0,1,0,0
2023-09-09 07:00:00,147,8,4,48,0,22.7,5.5,0.0,0,0,1,0,0,0,0,1,0,0
2023-09-09 02:00:00,963,3,4,34,0,22.7,5.5,0.0,0,0,1,0,0,0,0,1,0,0
2023-09-09 23:00:00,894,0,2,39,0,22.7,5.5,0.0,0,0,1,0,0,0,0,1,0,0
2023-09-09 01:00:00,712,2,2,33,0,22.7,5.5,0.0,0,0,1,0,0,0,0,1,0,0
2023-09-10 08:00:00,227,9,9,66,0,20.5,5.5,21.4,0,0,0,1,0,0,0,1,0,0
2023-09-11 18:00:00,1375,19,19,251,0,17.4,12.5,0.0,0,1,0,0,0,0,0,1,0,0
2023-09-11 07:00:00,259,8,14,43,0,17.4,12.5,0.0,0,1,0,0,0,0,0,1,0,0
2023-09-11 19:00:00,1121,20,13,224,0,17.4,12.5,0.0,0,1,0,0,0,0,0,1,0,0
2023-09-11 08:00:00,652,9,11,134,0,17.4,12.5,0.0,0,1,0,0,0,0,0,1,0,0
2023-09-09 04:00:00,110,5,1,4,0,22.7,5.5,0.0,0,0,1,0,0,0,0,1,0,0
2023-09-09 05:00:00,123,6,0,6,0,22.7,5.5,0.0,0,0,1,0,0,0,0,1,0,0
2023-09-10 12:00:00,1801,13,62,184,0,20.5,5.5,21.4,0,0,0,1,0,0,0,1,0,0
2023-09-10 11:00:00,1166,12,58,147,0,20.5,5.5,21.4,0,0,0,1,0,0,0,1,0,0
2023-09-10 15:00:00,2040,16,54,137,0,20.5,5.5,21.4,0,0,0,1,0,0,0,1,0,0
2023-09-10 14:00:00,2349,15,46,153,0,20.5,5.5,21.4,0,0,0,1,0,0,0,1,0,0
2023-09-10 17:00:00,1290,18,39,223,0,20.5,5.5,21.4,0,0,0,1,0,0,0,1,0,0
2023-09-10 10:00:00,775,11,35,154,0,20.5,5.5,21.4,0,0,0,1,0,0,0,1,0,0
2023-09-10 22:00:00,462,23,0,8,0,20.5,5.5,21.4,0,0,0,1,0,0,0,1,0,0
2023-09-10 05:00:00,94,6,0,5,0,20.5,5.5,21.4,0,0,0,1,0,0,0,1,0,0
2023-09-11 12:00:00,2546,13,94,220,0,17.4,12.5,0.0,0,1,0,0,0,0,0,1,0,0
2023-09-11 11:00:00,1932,12,81,248,0,17.4,12.5,0.0,0,1,0,0,0,0,0,1,0,0
2023-09-11 17:00:00,1840,18,61,245,0,17.4,12.5,0.0,0,1,0,0,0,0,0,1,0,0
2023-09-11 10:00:00,1669,11,42,216,0,17.4,12.5,0.0,0,1,0,0,0,0,0,1,0,0
2023-09-11 16:00:00,1910,17,39,100,0,17.4,12.5,0.0,0,1,0,0,0,0,0,1,0,0
2023-09-11 13:00:00,2687,14,38,107,0,17.4,12.5,0.0,0,1,0,0,0,0,0,1,0,0
2023-09-11 14:00:00,2253,15,37,123,0,17.4,12.5,0.0,0,1,0,0,0,0,0,1,0,0
2023-09-11 15:00:00,2085,16,31,97,0,17.4,12.5,0.0,0,1,0,0,0,0,0,1,0,0
2023-09-10 09:00:00,343,10,14,99,0,20.5,5.5,21.4,0,0,0,1,0,0,0,1,0,0
2023-09-10 06:00:00,114,7,14,17,0,20.5,5.5,21.4,0,0,0,1,0,0,0,1,0,0
2023-09-10 18:00:00,839,19,10,225,0,20.5,5.5,21.4,0,0,0,1,0,0,0,1,0,0
2023-09-10 16:00:00,1808,17,10,45,0,20.5,5.5,21.4,0,0,0,1,0,0,0,1,0,0
2023-09-10 02:00:00,849,3,10,30,0,20.5,5.5,21.4,0,0,0,1,0,0,0,1,0,0
2023-09-10 00:00:00,785,1,7,53,0,20.5,5.5,21.4,0,0,0,1,0,0,0,1,0,0
2023-09-10 07:00:00,141,8,7,36,0,20.5,5.5,21.4,0,0,0,1,0,0,0,1,0,0
2023-09-10 01:00:00,856,2,6,50,0,20.5,5.5,21.4,0,0,0,1,0,0,0,1,0,0
2023-09-10 03:00:00,882,4,6,21,0,20.5,5.5,21.4,0,0,0,1,0,0,0,1,0,0
2023-09-10 20:00:00,520,21,2,8,0,20.5,5.5,21.4,0,0,0,1,0,0,0,1,0,0
2023-09-10 21:00:00,612,22,2,7,0,20.5,5.5,21.4,0,0,0,1,0,0,0,1,0,0
2023-09-10 23:00:00,297,0,2,7,0,20.5,5.5,21.4,0,0,0,1,0,0,0,1,0,0
2023-09-10 04:00:00,47,5,1,14,0,20.5,5.5,21.4,0,0,0,1,0,0,0,1,0,0
2023-09-11 09:00:00,991,10,8,215,0,17.4,12.5,0.0,0,1,0,0,0,0,0,1,0,0
2023-09-11 20:00:00,967,21,6,151,0,17.4,12.5,0.0,0,1,0,0,0,0,0,1,0,0
2023-09-11 21:00:00,752,22,4,87,0,17.4,12.5,0.0,0,1,0,0,0,0,0,1,0,0
2023-09-11 23:00:00,577,0,4,31,0,17.4,12.5,0.0,0,1,0,0,0,0,0,1,0,0
2023-09-11 22:00:00,603,23,3,62,0,17.4,12.5,0.0,0,1,0,0,0,0,0,1,0,0
2023-09-11 02:00:00,383,3,3,16,0,17.4,12.5,0.0,0,1,0,0,0,0,0,1,0,0
2023-09-11 06:00:00,111,7,3,11,0,17.4,12.5,0.0,0,1,0,0,0,0,0,1,0,0
2023-09-11 01:00:00,226,2,2,15,0,17.4,12.5,0.0,0,1,0,0,0,0,0,1,0,0
2023-09-11 00:00:00,334,1,2,11,0,17.4,12.5,0.0,0,1,0,0,0,0,0,1,0,0
2023-09-11 03:00:00,162,4,0,6,0,17.4,12.5,0.0,0,1,0,0,0,0,0,1,0,0
2023-09-11 05:00:00,91,6,0,6,0,17.4,12.5,0.0,0,1,0,0,0,0,0,1,0,0
2023-09-11 04:00:00,53,5,0,4,0,17.4,12.5,0.0,0,1,0,0,0,0,0,1,0,0
2023-09-12 11:00:00,2207,12,117,189,0,15.6,8.2,0.0,0,0,0,0,0,1,0,1,0,0
2023-09-12 12:00:00,2839,13,97,194,0,15.6,8.2,0.0,0,0,0,0,0,1,0,1,0,0
2023-09-12 10:00:00,1829,11,66,229,0,15.6,8.2,0.0,0,0,0,0,0,1,0,1,0,0
2023-09-12 09:00:00,1292,10,58,221,0,15.6,8.2,0.0,0,0,0,0,0,1,0,1,0,0
2023-09-12 15:00:00,2258,16,56,131,0,15.6,8.2,0.0,0,0,0,0,0,1,0,1,0,0
2023-09-12 14:00:00,2516,15,45,180,0,15.6,8.2,0.0,0,0,0,0,0,1,0,1,0,0
2023-09-12 08:00:00,868,9,34,264,0,15.6,8.2,0.0,0,0,0,0,0,1,0,1,0,0
2023-09-12 19:00:00,1401,20,28,108,0,15.6,8.2,0.0,0,0,0,0,0,1,0,1,0,0
2023-09-12 18:00:00,1776,19,10,137,0,15.6,8.2,0.0,0,0,0,0,0,1,0,1,0,0
2023-09-12 23:00:00,684,0,2,52,0,15.6,8.2,0.0,0,0,0,0,0,1,0,1,0,0
2023-09-12 13:00:00,3162,14,25,156,0,15.6,8.2,0.0,0,0,0,0,0,1,0,1,0,0
2023-09-12 00:00:00,398,1,2,34,0,15.6,8.2,0.0,0,0,0,0,0,1,0,1,0,0
2023-09-12 17:00:00,1935,18,24,107,0,15.6,8.2,0.0,0,0,0,0,0,1,0,1,0,0
2023-09-12 02:00:00,655,3,2,21,0,15.6,8.2,0.0,0,0,0,0,0,1,0,1,0,0
2023-09-12 05:00:00,93,6,2,9,0,15.6,8.2,0.0,0,0,0,0,0,1,0,1,0,0
2023-09-12 16:00:00,2446,17,23,118,0,15.6,8.2,0.0,0,0,0,0,0,1,0,1,0,0
2023-09-12 04:00:00,31,5,3,3,0,15.6,8.2,0.0,0,0,0,0,0,1,0,1,0,0
2023-09-13 06:00:00,190,7,14,21,0,18.3,5.5,1.8,0,0,0,0,0,0,1,1,0,0
2023-09-13 14:00:00,2679,15,13,111,0,18.3,5.5,1.8,0,0,0,0,0,0,1,1,0,0
2023-09-13 07:00:00,406,8,9,66,0,18.3,5.5,1.8,0,0,0,0,0,0,1,1,0,0
2023-09-12 07:00:00,344,8,19,73,0,15.6,8.2,0.0,0,0,0,0,0,1,0,1,0,0
2023-09-12 06:00:00,219,7,17,37,0,15.6,8.2,0.0,0,0,0,0,0,1,0,1,0,0
2023-09-12 20:00:00,1076,21,16,7,0,15.6,8.2,0.0,0,0,0,0,0,1,0,1,0,0
2023-09-12 21:00:00,1051,22,13,38,0,15.6,8.2,0.0,0,0,0,0,0,1,0,1,0,0
2023-09-13 17:00:00,2022,18,40,167,0,18.3,5.5,1.8,0,0,0,0,0,0,1,1,0,0
2023-09-12 03:00:00,271,4,1,17,0,15.6,8.2,0.0,0,0,0,0,0,1,0,1,0,0
2023-09-13 09:00:00,1035,10,39,143,0,18.3,5.5,1.8,0,0,0,0,0,0,1,1,0,0
2023-09-13 16:00:00,3198,17,35,128,0,18.3,5.5,1.8,0,0,0,0,0,0,1,1,0,0
2023-09-13 18:00:00,1391,19,30,189,0,18.3,5.5,1.8,0,0,0,0,0,0,1,1,0,0
2023-09-12 22:00:00,948,23,0,101,0,15.6,8.2,0.0,0,0,0,0,0,1,0,1,0,0
2023-09-12 01:00:00,318,2,0,19,0,15.6,8.2,0.0,0,0,0,0,0,1,0,1,0,0
2023-09-13 10:00:00,1690,11,26,165,0,18.3,5.5,1.8,0,0,0,0,0,0,1,1,0,0
2023-09-13 15:00:00,2859,16,25,128,0,18.3,5.5,1.8,0,0,0,0,0,0,1,1,0,0
2023-09-13 08:00:00,1004,9,23,218,0,18.3,5.5,1.8,0,0,0,0,0,0,1,1,0,0
2023-09-13 12:00:00,3239,13,23,144,0,18.3,5.5,1.8,0,0,0,0,0,0,1,1,0,0
2023-09-13 11:00:00,2352,12,23,135,0,18.3,5.5,1.8,0,0,0,0,0,0,1,1,0,0
2023-09-13 13:00:00,3469,14,23,111,0,18.3,5.5,1.8,0,0,0,0,0,0,1,1,0,0
2023-09-15 10:00:00,1601,11,35,208,0,15.5,9.8,13.2,1,0,0,0,0,0,0,1,0,0
2023-09-15 13:00:00,2658,14,35,194,0,15.5,9.8,13.2,1,0,0,0,0,0,0,1,0,0
2023-09-14 11:00:00,1893,12,60,236,0,14.5,10.6,0.0,0,0,0,0,1,0,0,1,0,0
2023-09-14 13:00:00,2739,14,54,219,0,14.5,10.6,0.0,0,0,0,0,1,0,0,1,0,0
2023-09-14 00:00:00,385,1,1,42,0,14.5,10.6,0.0,0,0,0,0,1,0,0,1,0,0
2023-09-15 16:00:00,2395,17,15,144,0,15.5,9.8,13.2,1,0,0,0,0,0,0,1,0,0
2023-09-14 12:00:00,2542,13,53,268,0,14.5,10.6,0.0,0,0,0,0,1,0,0,1,0,0
2023-09-14 20:00:00,933,21,5,72,0,14.5,10.6,0.0,0,0,0,0,1,0,0,1,0,0
2023-09-14 21:00:00,938,22,5,57,0,14.5,10.6,0.0,0,0,0,0,1,0,0,1,0,0
2023-09-14 08:00:00,817,9,15,231,0,14.5,10.6,0.0,0,0,0,0,1,0,0,1,0,0
2023-09-14 19:00:00,1375,20,14,160,0,14.5,10.6,0.0,0,0,0,0,1,0,0,1,0,0
2023-09-14 06:00:00,183,7,8,44,0,14.5,10.6,0.0,0,0,0,0,1,0,0,1,0,0
2023-09-14 07:00:00,354,8,7,91,0,14.5,10.6,0.0,0,0,0,0,1,0,0,1,0,0
2023-09-13 19:00:00,901,20,5,117,0,18.3,5.5,1.8,0,0,0,0,0,0,1,1,0,0
2023-09-14 02:00:00,1118,3,5,29,0,14.5,10.6,0.0,0,0,0,0,1,0,0,1,0,0
2023-09-14 10:00:00,1443,11,43,197,0,14.5,10.6,0.0,0,0,0,0,1,0,0,1,0,0
2023-09-13 03:00:00,227,4,4,11,0,18.3,5.5,1.8,0,0,0,0,0,0,1,1,0,0
2023-09-13 01:00:00,406,2,3,28,0,18.3,5.5,1.8,0,0,0,0,0,0,1,1,0,0
2023-09-13 02:00:00,637,3,3,22,0,18.3,5.5,1.8,0,0,0,0,0,0,1,1,0,0
2023-09-13 00:00:00,578,1,2,43,0,18.3,5.5,1.8,0,0,0,0,0,0,1,1,0,0
2023-09-13 23:00:00,437,0,2,39,0,18.3,5.5,1.8,0,0,0,0,0,0,1,1,0,0
2023-09-13 21:00:00,786,22,2,8,0,18.3,5.5,1.8,0,0,0,0,0,0,1,1,0,0
2023-09-13 20:00:00,835,21,2,7,0,18.3,5.5,1.8,0,0,0,0,0,0,1,1,0,0
2023-09-13 22:00:00,565,23,2,3,0,18.3,5.5,1.8,0,0,0,0,0,0,1,1,0,0
2023-09-13 04:00:00,93,5,1,9,0,18.3,5.5,1.8,0,0,0,0,0,0,1,1,0,0
2023-09-14 22:00:00,652,23,4,62,0,14.5,10.6,0.0,0,0,0,0,1,0,0,1,0,0
2023-09-14 01:00:00,599,2,4,37,0,14.5,10.6,0.0,0,0,0,0,1,0,0,1,0,0
2023-09-14 23:00:00,457,0,3,49,0,14.5,10.6,0.0,0,0,0,0,1,0,0,1,0,0
2023-09-15 15:00:00,2569,16,11,108,0,15.5,9.8,13.2,1,0,0,0,0,0,0,1,0,0
2023-09-15 09:00:00,1233,10,24,265,0,15.5,9.8,13.2,1,0,0,0,0,0,0,1,0,0
2023-09-15 14:00:00,2891,15,19,160,0,15.5,9.8,13.2,1,0,0,0,0,0,0,1,0,0
2023-09-15 17:00:00,2051,18,16,107,0,15.5,9.8,13.2,1,0,0,0,0,0,0,1,0,0
2023-09-14 03:00:00,294,4,0,16,0,14.5,10.6,0.0,0,0,0,0,1,0,0,1,0,0
2023-09-14 15:00:00,2039,16,31,207,0,14.5,10.6,0.0,0,0,0,0,1,0,0,1,0,0
2023-09-15 07:00:00,276,8,8,117,0,15.5,9.8,13.2,1,0,0,0,0,0,0,1,0,0
2023-09-15 06:00:00,155,7,8,39,0,15.5,9.8,13.2,1,0,0,0,0,0,0,1,0,0
2023-09-15 18:00:00,1375,19,7,192,0,15.5,9.8,13.2,1,0,0,0,0,0,0,1,0,0
2023-09-15 19:00:00,1286,20,5,107,0,15.5,9.8,13.2,1,0,0,0,0,0,0,1,0,0
2023-09-15 20:00:00,827,21,5,12,0,15.5,9.8,13.2,1,0,0,0,0,0,0,1,0,0
2023-09-14 04:00:00,55,5,0,10,0,14.5,10.6,0.0,0,0,0,0,1,0,0,1,0,0
2023-09-14 05:00:00,112,6,0,9,0,14.5,10.6,0.0,0,0,0,0,1,0,0,1,0,0
2023-09-14 18:00:00,1569,19,29,192,0,14.5,10.6,0.0,0,0,0,0,1,0,0,1,0,0
2023-09-14 09:00:00,1123,10,28,212,0,14.5,10.6,0.0,0,0,0,0,1,0,0,1,0,0
2023-09-14 16:00:00,2155,17,26,123,0,14.5,10.6,0.0,0,0,0,0,1,0,0,1,0,0
2023-09-13 05:00:00,127,6,0,8,0,18.3,5.5,1.8,0,0,0,0,0,0,1,1,0,0
2023-09-15 12:00:00,2735,13,54,262,0,15.5,9.8,13.2,1,0,0,0,0,0,0,1,0,0
2023-09-14 14:00:00,1172,15,24,140,0,14.5,10.6,0.0,0,0,0,0,1,0,0,1,0,0
2023-09-15 11:00:00,1988,12,52,241,0,15.5,9.8,13.2,1,0,0,0,0,0,0,1,0,0
2023-09-15 08:00:00,837,9,42,355,0,15.5,9.8,13.2,1,0,0,0,0,0,0,1,0,0
2023-09-14 17:00:00,1682,18,68,202,0,14.5,10.6,0.0,0,0,0,0,1,0,0,1,0,0
2023-09-17 21:00:00,394,22,6,40,0,16.0,6.8,9.0,0,0,0,1,0,0,0,1,0,0
2023-09-17 06:00:00,101,7,6,16,0,16.0,6.8,9.0,0,0,0,1,0,0,0,1,0,0
2023-09-16 23:00:00,1061,0,3,73,0,14.9,9.2,0.0,0,0,1,0,0,0,0,1,0,0
2023-09-17 18:00:00,1116,19,5,103,0,16.0,6.8,9.0,0,0,0,1,0,0,0,1,0,0
2023-09-17 03:00:00,990,4,5,42,0,16.0,6.8,9.0,0,0,0,1,0,0,0,1,0,0
2023-09-17 08:00:00,205,9,4,73,0,16.0,6.8,9.0,0,0,0,1,0,0,0,1,0,0
2023-09-17 07:00:00,186,8,4,40,0,16.0,6.8,9.0,0,0,0,1,0,0,0,1,0,0
2023-09-17 04:00:00,115,5,3,23,0,16.0,6.8,9.0,0,0,0,1,0,0,0,1,0,0
2023-09-17 05:00:00,128,6,3,15,0,16.0,6.8,9.0,0,0,0,1,0,0,0,1,0,0
2023-09-17 12:00:00,1530,13,17,197,0,16.0,6.8,9.0,0,0,0,1,0,0,0,1,0,0
2023-09-16 01:00:00,339,2,3,15,0,14.9,9.2,0.0,0,0,1,0,0,0,0,1,0,0
2023-09-16 02:00:00,364,3,0,6,0,14.9,9.2,0.0,0,0,1,0,0,0,0,1,0,0
2023-09-16 05:00:00,37,6,0,1,0,14.9,9.2,0.0,0,0,1,0,0,0,0,1,0,0
2023-09-16 04:00:00,19,5,0,1,0,14.9,9.2,0.0,0,0,1,0,0,0,0,1,0,0
2023-09-17 13:00:00,2219,14,36,191,0,16.0,6.8,9.0,0,0,0,1,0,0,0,1,0,0
2023-09-17 17:00:00,1546,18,27,217,0,16.0,6.8,9.0,0,0,0,1,0,0,0,1,0,0
2023-09-17 14:00:00,2170,15,27,169,0,16.0,6.8,9.0,0,0,0,1,0,0,0,1,0,0
2023-09-17 15:00:00,1925,16,19,179,0,16.0,6.8,9.0,0,0,0,1,0,0,0,1,0,0
2023-09-17 11:00:00,979,12,18,149,0,16.0,6.8,9.0,0,0,0,1,0,0,0,1,0,0
2023-09-16 18:00:00,2322,19,25,329,0,14.9,9.2,0.0,0,0,1,0,0,0,0,1,0,0
2023-09-16 21:00:00,1156,22,9,39,0,14.9,9.2,0.0,0,0,1,0,0,0,0,1,0,0
2023-09-17 16:00:00,2057,17,16,183,0,16.0,6.8,9.0,0,0,0,1,0,0,0,1,0,0
2023-09-17 01:00:00,1012,2,12,56,0,16.0,6.8,9.0,0,0,0,1,0,0,0,1,0,0
2023-09-17 09:00:00,460,10,7,83,0,16.0,6.8,9.0,0,0,0,1,0,0,0,1,0,0
2023-09-17 23:00:00,265,0,7,6,0,16.0,6.8,9.0,0,0,0,1,0,0,0,1,0,0
2023-09-17 10:00:00,638,11,6,146,0,16.0,6.8,9.0,0,0,0,1,0,0,0,1,0,0
2023-09-16 15:00:00,3038,16,20,94,0,14.9,9.2,0.0,0,0,1,0,0,0,0,1,0,0
2023-09-16 09:00:00,1126,10,18,275,0,14.9,9.2,0.0,0,0,1,0,0,0,0,1,0,0
2023-09-16 14:00:00,3596,15,17,21,0,14.9,9.2,0.0,0,0,1,0,0,0,0,1,0,0
2023-09-16 11:00:00,2963,12,17,12,0,14.9,9.2,0.0,0,0,1,0,0,0,0,1,0,0
2023-09-16 13:00:00,3567,14,16,12,0,14.9,9.2,0.0,0,0,1,0,0,0,0,1,0,0
2023-09-16 12:00:00,3129,13,15,13,0,14.9,9.2,0.0,0,0,1,0,0,0,0,1,0,0
2023-09-16 22:00:00,1255,23,14,57,0,14.9,9.2,0.0,0,0,1,0,0,0,0,1,0,0
2023-09-16 20:00:00,1626,21,14,17,0,14.9,9.2,0.0,0,0,1,0,0,0,0,1,0,0
2023-09-16 19:00:00,2261,20,13,333,0,14.9,9.2,0.0,0,0,1,0,0,0,0,1,0,0
2023-09-16 08:00:00,543,9,13,206,0,14.9,9.2,0.0,0,0,1,0,0,0,0,1,0,0
2023-09-16 10:00:00,1958,11,13,110,0,14.9,9.2,0.0,0,0,1,0,0,0,0,1,0,0
2023-09-15 21:00:00,709,22,3,22,0,15.5,9.8,13.2,1,0,0,0,0,0,0,1,0,0
2023-09-15 02:00:00,487,3,3,18,0,15.5,9.8,13.2,1,0,0,0,0,0,0,1,0,0
2023-09-15 03:00:00,317,4,0,6,0,15.5,9.8,13.2,1,0,0,0,0,0,0,1,0,0
2023-09-15 04:00:00,36,5,0,6,0,15.5,9.8,13.2,1,0,0,0,0,0,0,1,0,0
2023-09-16 16:00:00,2714,17,64,277,0,14.9,9.2,0.0,0,0,1,0,0,0,0,1,0,0
2023-09-16 17:00:00,2201,18,47,290,0,14.9,9.2,0.0,0,0,1,0,0,0,0,1,0,0
2023-09-15 00:00:00,314,1,2,15,0,15.5,9.8,13.2,1,0,0,0,0,0,0,1,0,0
2023-09-15 23:00:00,505,0,2,14,0,15.5,9.8,13.2,1,0,0,0,0,0,0,1,0,0
2023-09-15 01:00:00,339,2,1,23,0,15.5,9.8,13.2,1,0,0,0,0,0,0,1,0,0
2023-09-15 05:00:00,102,6,1,22,0,15.5,9.8,13.2,1,0,0,0,0,0,0,1,0,0
2023-09-15 22:00:00,767,23,1,16,0,15.5,9.8,13.2,1,0,0,0,0,0,0,1,0,0
2023-09-16 07:00:00,201,8,5,56,0,14.9,9.2,0.0,0,0,1,0,0,0,0,1,0,0
2023-09-16 06:00:00,145,7,5,13,0,14.9,9.2,0.0,0,0,1,0,0,0,0,1,0,0
2023-09-16 03:00:00,165,4,1,15,0,14.9,9.2,0.0,0,0,1,0,0,0,0,1,0,0
2023-09-16 00:00:00,414,1,1,11,0,14.9,9.2,0.0,0,0,1,0,0,0,0,1,0,0
2023-09-19 05:00:00,116,6,2,11,0,19.3,6.9,4.7,0,0,0,0,0,1,0,1,0,0
2023-09-19 21:00:00,276,22,2,9,0,19.3,6.9,4.7,0,0,0,0,0,1,0,1,0,0
2023-09-19 06:00:00,142,7,1,30,0,19.3,6.9,4.7,0,0,0,0,0,1,0,1,0,0
2023-09-19 20:00:00,443,21,1,12,0,19.3,6.9,4.7,0,0,0,0,0,1,0,1,0,0
2023-09-19 02:00:00,63,3,1,12,0,19.3,6.9,4.7,0,0,0,0,0,1,0,1,0,0
2023-09-19 23:00:00,250,0,1,6,0,19.3,6.9,4.7,0,0,0,0,0,1,0,1,0,0
2023-09-19 04:00:00,18,5,1,5,0,19.3,6.9,4.7,0,0,0,0,0,1,0,1,0,0
2023-09-19 14:00:00,2496,15,13,182,0,19.3,6.9,4.7,0,0,0,0,0,1,0,1,0,0
2023-09-19 10:00:00,1572,11,11,256,0,19.3,6.9,4.7,0,0,0,0,0,1,0,1,0,0
2023-09-19 18:00:00,1143,19,11,239,0,19.3,6.9,4.7,0,0,0,0,0,1,0,1,0,0
2023-09-19 13:00:00,3576,14,11,120,0,19.3,6.9,4.7,0,0,0,0,0,1,0,1,0,0
2023-09-19 09:00:00,1072,10,9,244,0,19.3,6.9,4.7,0,0,0,0,0,1,0,1,0,0
2023-09-19 16:00:00,2494,17,35,351,0,19.3,6.9,4.7,0,0,0,0,0,1,0,1,0,0
2023-09-19 22:00:00,395,23,7,7,0,19.3,6.9,4.7,0,0,0,0,0,1,0,1,0,0
2023-09-19 07:00:00,329,8,4,90,0,19.3,6.9,4.7,0,0,0,0,0,1,0,1,0,0
2023-09-19 19:00:00,543,20,4,70,0,19.3,6.9,4.7,0,0,0,0,0,1,0,1,0,0
2023-09-17 19:00:00,869,20,2,69,0,16.0,6.8,9.0,0,0,0,1,0,0,0,1,0,0
2023-09-17 20:00:00,614,21,2,35,0,16.0,6.8,9.0,0,0,0,1,0,0,0,1,0,0
2023-09-17 22:00:00,303,23,2,15,0,16.0,6.8,9.0,0,0,0,1,0,0,0,1,0,0
2023-09-18 13:00:00,3411,14,14,253,0,11.2,11.0,1.9,0,1,0,0,0,0,0,1,0,0
2023-09-18 09:00:00,1085,10,13,250,0,11.2,11.0,1.9,0,1,0,0,0,0,0,1,0,0
2023-09-18 12:00:00,2220,13,13,175,0,11.2,11.0,1.9,0,1,0,0,0,0,0,1,0,0
2023-09-18 10:00:00,1440,11,12,193,0,11.2,11.0,1.9,0,1,0,0,0,0,0,1,0,0
2023-09-18 08:00:00,679,9,11,286,0,11.2,11.0,1.9,0,1,0,0,0,0,0,1,0,0
2023-09-18 22:00:00,572,23,11,57,0,11.2,11.0,1.9,0,1,0,0,0,0,0,1,0,0
2023-09-18 21:00:00,719,22,10,76,0,11.2,11.0,1.9,0,1,0,0,0,0,0,1,0,0
2023-09-18 19:00:00,1242,20,8,113,0,11.2,11.0,1.9,0,1,0,0,0,0,0,1,0,0
2023-09-19 15:00:00,2208,16,24,338,0,19.3,6.9,4.7,0,0,0,0,0,1,0,1,0,0
2023-09-18 01:00:00,165,2,1,31,0,11.2,11.0,1.9,0,1,0,0,0,0,0,1,0,0
2023-09-19 11:00:00,2160,12,20,247,0,19.3,6.9,4.7,0,0,0,0,0,1,0,1,0,0
2023-09-19 12:00:00,2907,13,17,183,0,19.3,6.9,4.7,0,0,0,0,0,1,0,1,0,0
2023-09-19 08:00:00,939,9,15,398,0,19.3,6.9,4.7,0,0,0,0,0,1,0,1,0,0
2023-09-19 17:00:00,1459,18,15,215,0,19.3,6.9,4.7,0,0,0,0,0,1,0,1,0,0
2023-09-18 20:00:00,980,21,6,61,0,11.2,11.0,1.9,0,1,0,0,0,0,0,1,0,0
2023-09-18 05:00:00,57,6,1,10,0,11.2,11.0,1.9,0,1,0,0,0,0,0,1,0,0
2023-09-17 00:00:00,1037,1,1,83,0,16.0,6.8,9.0,0,0,0,1,0,0,0,1,0,0
2023-09-17 02:00:00,967,3,1,30,0,16.0,6.8,9.0,0,0,0,1,0,0,0,1,0,0
2023-09-18 11:00:00,810,12,4,112,0,11.2,11.0,1.9,0,1,0,0,0,0,0,1,0,0
2023-09-18 07:00:00,293,8,4,66,0,11.2,11.0,1.9,0,1,0,0,0,0,0,1,0,0
2023-09-18 23:00:00,295,0,4,41,0,11.2,11.0,1.9,0,1,0,0,0,0,0,1,0,0
2023-09-18 15:00:00,2194,16,44,207,0,11.2,11.0,1.9,0,1,0,0,0,0,0,1,0,0
2023-09-18 16:00:00,2592,17,38,242,0,11.2,11.0,1.9,0,1,0,0,0,0,0,1,0,0
2023-09-18 14:00:00,2374,15,31,254,0,11.2,11.0,1.9,0,1,0,0,0,0,0,1,0,0
2023-09-18 18:00:00,1432,19,27,246,0,11.2,11.0,1.9,0,1,0,0,0,0,0,1,0,0
2023-09-18 06:00:00,144,7,0,21,0,11.2,11.0,1.9,0,1,0,0,0,0,0,1,0,0
2023-09-18 00:00:00,278,1,2,13,0,11.2,11.0,1.9,0,1,0,0,0,0,0,1,0,0
2023-09-18 03:00:00,63,4,0,18,0,11.2,11.0,1.9,0,1,0,0,0,0,0,1,0,0
2023-09-18 02:00:00,79,3,0,6,0,11.2,11.0,1.9,0,1,0,0,0,0,0,1,0,0
2023-09-18 04:00:00,23,5,0,4,0,11.2,11.0,1.9,0,1,0,0,0,0,0,1,0,0
2023-09-18 17:00:00,2119,18,18,170,0,11.2,11.0,1.9,0,1,0,0,0,0,0,1,0,0
2023-09-20 11:00:00,2159,12,52,116,0,15.9,9.4,0.2,0,0,0,0,0,0,1,1,0,0
2023-09-21 10:00:00,1153,11,39,189,0,15.4,9.2,0.0,0,0,0,0,1,0,0,1,0,0
2023-09-20 12:00:00,2441,13,50,101,0,15.9,9.4,0.2,0,0,0,0,0,0,1,1,0,0
2023-09-20 13:00:00,2062,14,14,80,0,15.9,9.4,0.2,0,0,0,0,0,0,1,1,0,0
2023-09-21 16:00:00,2621,17,36,274,0,15.4,9.2,0.0,0,0,0,0,1,0,0,1,0,0
2023-09-20 19:00:00,1123,20,13,232,0,15.9,9.4,0.2,0,0,0,0,0,0,1,1,0,0
2023-09-21 19:00:00,1252,20,14,210,0,15.4,9.2,0.0,0,0,0,0,1,0,0,1,0,0
2023-09-21 09:00:00,695,10,14,152,0,15.4,9.2,0.0,0,0,0,0,1,0,0,1,0,0
2023-09-19 00:00:00,242,1,0,39,0,19.3,6.9,4.7,0,0,0,0,0,1,0,1,0,0
2023-09-19 03:00:00,62,4,0,18,0,19.3,6.9,4.7,0,0,0,0,0,1,0,1,0,0
2023-09-19 01:00:00,124,2,0,13,0,19.3,6.9,4.7,0,0,0,0,0,1,0,1,0,0
2023-09-20 15:00:00,2136,16,79,243,0,15.9,9.4,0.2,0,0,0,0,0,0,1,1,0,0
2023-09-20 20:00:00,1102,21,4,106,0,15.9,9.4,0.2,0,0,0,0,0,0,1,1,0,0
2023-09-20 14:00:00,2161,15,34,166,0,15.9,9.4,0.2,0,0,0,0,0,0,1,1,0,0
2023-09-21 13:00:00,2094,14,13,41,0,15.4,9.2,0.0,0,0,0,0,1,0,0,1,0,0
2023-09-20 17:00:00,2009,18,29,303,0,15.9,9.4,0.2,0,0,0,0,0,0,1,1,0,0
2023-09-20 18:00:00,1696,19,23,284,0,15.9,9.4,0.2,0,0,0,0,0,0,1,1,0,0
2023-09-20 08:00:00,957,9,20,136,0,15.9,9.4,0.2,0,0,0,0,0,0,1,1,0,0
2023-09-20 16:00:00,2474,17,20,117,0,15.9,9.4,0.2,0,0,0,0,0,0,1,1,0,0
2023-09-20 09:00:00,1169,10,19,105,0,15.9,9.4,0.2,0,0,0,0,0,0,1,1,0,0
2023-09-20 10:00:00,2196,11,17,173,0,15.9,9.4,0.2,0,0,0,0,0,0,1,1,0,0
2023-09-20 21:00:00,1171,22,4,71,0,15.9,9.4,0.2,0,0,0,0,0,0,1,1,0,0
2023-09-20 07:00:00,337,8,4,71,0,15.9,9.4,0.2,0,0,0,0,0,0,1,1,0,0
2023-09-21 07:00:00,309,8,27,76,0,15.4,9.2,0.0,0,0,0,0,1,0,0,1,0,0
2023-09-21 18:00:00,1723,19,26,281,0,15.4,9.2,0.0,0,0,0,0,1,0,0,1,0,0
2023-09-20 02:00:00,94,3,4,7,0,15.9,9.4,0.2,0,0,0,0,0,0,1,1,0,0
2023-09-20 00:00:00,243,1,4,3,0,15.9,9.4,0.2,0,0,0,0,0,0,1,1,0,0
2023-09-20 01:00:00,123,2,0,6,0,15.9,9.4,0.2,0,0,0,0,0,0,1,1,0,0
2023-09-21 05:00:00,98,6,4,7,0,15.4,9.2,0.0,0,0,0,0,1,0,0,1,0,0
2023-09-20 06:00:00,155,7,3,12,0,15.9,9.4,0.2,0,0,0,0,0,0,1,1,0,0
2023-09-21 22:00:00,614,23,3,60,0,15.4,9.2,0.0,0,0,0,0,1,0,0,1,0,0
2023-09-21 06:00:00,150,7,10,24,0,15.4,9.2,0.0,0,0,0,0,1,0,0,1,0,0
2023-09-21 08:00:00,539,9,9,152,0,15.4,9.2,0.0,0,0,0,0,1,0,0,1,0,0
2023-09-20 22:00:00,640,23,2,59,0,15.9,9.4,0.2,0,0,0,0,0,0,1,1,0,0
2023-09-20 05:00:00,68,6,2,9,0,15.9,9.4,0.2,0,0,0,0,0,0,1,1,0,0
2023-09-20 04:00:00,20,5,2,7,0,15.9,9.4,0.2,0,0,0,0,0,0,1,1,0,0
2023-09-20 03:00:00,37,4,2,4,0,15.9,9.4,0.2,0,0,0,0,0,0,1,1,0,0
2023-09-20 23:00:00,594,0,1,38,0,15.9,9.4,0.2,0,0,0,0,0,0,1,1,0,0
2023-09-21 21:00:00,743,22,9,63,0,15.4,9.2,0.0,0,0,0,0,1,0,0,1,0,0
2023-09-21 20:00:00,1049,21,8,90,0,15.4,9.2,0.0,0,0,0,0,1,0,0,1,0,0
2023-09-21 23:00:00,448,0,8,40,0,15.4,9.2,0.0,0,0,0,0,1,0,0,1,0,0
2023-09-21 15:00:00,2405,16,57,322,0,15.4,9.2,0.0,0,0,0,0,1,0,0,1,0,0
2023-09-21 12:00:00,2610,13,53,212,0,15.4,9.2,0.0,0,0,0,0,1,0,0,1,0,0
2023-09-21 11:00:00,1610,12,51,221,0,15.4,9.2,0.0,0,0,0,0,1,0,0,1,0,0
2023-09-21 01:00:00,459,2,2,24,0,15.4,9.2,0.0,0,0,0,0,1,0,0,1,0,0
2023-09-21 17:00:00,2295,18,43,327,0,15.4,9.2,0.0,0,0,0,0,1,0,0,1,0,0
2023-09-21 14:00:00,2032,15,42,200,0,15.4,9.2,0.0,0,0,0,0,1,0,0,1,0,0
2023-09-21 03:00:00,224,4,1,14,0,15.4,9.2,0.0,0,0,0,0,1,0,0,1,0,0
2023-09-22 01:00:00,259,2,0,36,0,11.2,8.2,0.0,1,0,0,0,0,0,0,1,0,0
2023-09-22 23:00:00,1002,0,4,7,0,11.2,8.2,0.0,1,0,0,0,0,0,0,1,0,0
2023-09-22 21:00:00,1283,22,4,6,0,11.2,8.2,0.0,1,0,0,0,0,0,0,1,0,0
2023-09-22 05:00:00,104,6,0,26,0,11.2,8.2,0.0,1,0,0,0,0,0,0,1,0,0
2023-09-22 02:00:00,145,3,0,14,0,11.2,8.2,0.0,1,0,0,0,0,0,0,1,0,0
2023-09-23 03:00:00,688,4,9,39,0,18.3,6.9,1.2,0,0,1,0,0,0,0,1,0,0
2023-09-22 03:00:00,53,4,0,8,0,11.2,8.2,0.0,1,0,0,0,0,0,0,1,0,0
2023-09-23 22:00:00,1296,23,3,29,0,18.3,6.9,1.2,0,0,1,0,0,0,0,1,0,0
2023-09-22 16:00:00,2543,17,37,281,0,11.2,8.2,0.0,1,0,0,0,0,0,0,1,0,0
2023-09-23 14:00:00,2785,15,22,132,0,18.3,6.9,1.2,0,0,1,0,0,0,0,1,0,0
2023-09-23 20:00:00,1424,21,8,33,0,18.3,6.9,1.2,0,0,1,0,0,0,0,1,0,0
2023-09-21 04:00:00,37,5,1,7,0,15.4,9.2,0.0,0,0,0,0,1,0,0,1,0,0
2023-09-22 15:00:00,2945,16,36,338,0,11.2,8.2,0.0,1,0,0,0,0,0,0,1,0,0
2023-09-23 05:00:00,102,6,3,14,0,18.3,6.9,1.2,0,0,1,0,0,0,0,1,0,0
2023-09-23 21:00:00,1261,22,6,47,0,18.3,6.9,1.2,0,0,1,0,0,0,0,1,0,0
2023-09-23 06:00:00,103,7,6,23,0,18.3,6.9,1.2,0,0,1,0,0,0,0,1,0,0
2023-09-23 16:00:00,1961,17,6,6,0,18.3,6.9,1.2,0,0,1,0,0,0,0,1,0,0
2023-09-23 01:00:00,559,2,5,64,0,18.3,6.9,1.2,0,0,1,0,0,0,0,1,0,0
2023-09-23 04:00:00,46,5,5,18,0,18.3,6.9,1.2,0,0,1,0,0,0,0,1,0,0
2023-09-22 14:00:00,2732,15,36,319,0,11.2,8.2,0.0,1,0,0,0,0,0,0,1,0,0
2023-09-23 09:00:00,927,10,19,191,0,18.3,6.9,1.2,0,0,1,0,0,0,0,1,0,0
2023-09-22 07:00:00,381,8,12,100,0,11.2,8.2,0.0,1,0,0,0,0,0,0,1,0,0
2023-09-22 06:00:00,173,7,12,27,0,11.2,8.2,0.0,1,0,0,0,0,0,0,1,0,0
2023-09-22 19:00:00,1900,20,10,61,0,11.2,8.2,0.0,1,0,0,0,0,0,0,1,0,0
2023-09-22 18:00:00,1767,19,8,111,0,11.2,8.2,0.0,1,0,0,0,0,0,0,1,0,0
2023-09-22 20:00:00,1516,21,8,8,0,11.2,8.2,0.0,1,0,0,0,0,0,0,1,0,0
2023-09-22 22:00:00,1146,23,5,3,0,11.2,8.2,0.0,1,0,0,0,0,0,0,1,0,0
2023-09-23 07:00:00,185,8,19,58,0,18.3,6.9,1.2,0,0,1,0,0,0,0,1,0,0
2023-09-22 08:00:00,836,9,35,346,0,11.2,8.2,0.0,1,0,0,0,0,0,0,1,0,0
2023-09-23 12:00:00,2891,13,62,203,0,18.3,6.9,1.2,0,0,1,0,0,0,0,1,0,0
2023-09-23 13:00:00,3237,14,50,161,0,18.3,6.9,1.2,0,0,1,0,0,0,0,1,0,0
2023-09-23 11:00:00,2246,12,46,209,0,18.3,6.9,1.2,0,0,1,0,0,0,0,1,0,0
2023-09-23 10:00:00,1720,11,24,235,0,18.3,6.9,1.2,0,0,1,0,0,0,0,1,0,0
2023-09-22 00:00:00,346,1,2,46,0,11.2,8.2,0.0,1,0,0,0,0,0,0,1,0,0
2023-09-22 12:00:00,2753,13,29,196,0,11.2,8.2,0.0,1,0,0,0,0,0,0,1,0,0
2023-09-22 17:00:00,2362,18,29,140,0,11.2,8.2,0.0,1,0,0,0,0,0,0,1,0,0
2023-09-22 13:00:00,3294,14,28,254,0,11.2,8.2,0.0,1,0,0,0,0,0,0,1,0,0
2023-09-21 02:00:00,893,3,0,30,0,15.4,9.2,0.0,0,0,0,0,1,0,0,1,0,0
2023-09-21 00:00:00,621,1,0,29,0,15.4,9.2,0.0,0,0,0,0,1,0,0,1,0,0
2023-09-22 04:00:00,23,5,2,11,0,11.2,8.2,0.0,1,0,0,0,0,0,0,1,0,0
2023-09-23 18:00:00,1264,19,14,133,0,18.3,6.9,1.2,0,0,1,0,0,0,0,1,0,0
2023-09-23 23:00:00,1112,0,1,37,0,18.3,6.9,1.2,0,0,1,0,0,0,0,1,0,0
2023-09-23 15:00:00,1871,16,1,27,0,18.3,6.9,1.2,0,0,1,0,0,0,0,1,0,0
2023-09-23 00:00:00,684,1,1,23,0,18.3,6.9,1.2,0,0,1,0,0,0,0,1,0,0
2023-09-23 08:00:00,423,9,14,129,0,18.3,6.9,1.2,0,0,1,0,0,0,0,1,0,0
2023-09-22 11:00:00,2037,12,69,252,0,11.2,8.2,0.0,1,0,0,0,0,0,0,1,0,0
2023-09-22 09:00:00,1120,10,42,244,0,11.2,8.2,0.0,1,0,0,0,0,0,0,1,0,0
2023-09-22 10:00:00,1547,11,40,238,0,11.2,8.2,0.0,1,0,0,0,0,0,0,1,0,0
2023-09-23 19:00:00,1842,20,12,144,0,18.3,6.9,1.2,0,0,1,0,0,0,0,1,0,0
2023-09-23 17:00:00,1982,18,11,52,0,18.3,6.9,1.2,0,0,1,0,0,0,0,1,0,0
2023-09-23 02:00:00,801,3,11,36,0,18.3,6.9,1.2,0,0,1,0,0,0,0,1,0,0
2023-09-25 06:00:00,148,7,24,27,0,16.7,12.4,0.0,0,1,0,0,0,0,0,1,0,0
2023-09-25 04:00:00,27,5,2,3,0,16.7,12.4,0.0,0,1,0,0,0,0,0,1,0,0
2023-09-25 13:00:00,1495,14,9,77,0,16.7,12.4,0.0,0,1,0,0,0,0,0,1,0,0
2023-09-24 07:00:00,131,8,5,19,0,18.8,9.3,2.5,0,0,0,1,0,0,0,1,0,0
2023-09-24 18:00:00,925,19,14,210,0,18.8,9.3,2.5,0,0,0,1,0,0,0,1,0,0
2023-09-25 07:00:00,249,8,21,104,0,16.7,12.4,0.0,0,1,0,0,0,0,0,1,0,0
2023-09-25 11:00:00,1976,12,63,231,0,16.7,12.4,0.0,0,1,0,0,0,0,0,1,0,0
2023-09-25 14:00:00,2137,15,19,143,0,16.7,12.4,0.0,0,1,0,0,0,0,0,1,0,0
2023-09-24 14:00:00,2435,15,58,177,0,18.8,9.3,2.5,0,0,0,1,0,0,0,1,0,0
2023-09-24 12:00:00,1873,13,55,204,0,18.8,9.3,2.5,0,0,0,1,0,0,0,1,0,0
2023-09-24 13:00:00,2344,14,43,235,0,18.8,9.3,2.5,0,0,0,1,0,0,0,1,0,0
2023-09-24 16:00:00,1308,17,34,192,0,18.8,9.3,2.5,0,0,0,1,0,0,0,1,0,0
2023-09-24 15:00:00,2103,16,32,173,0,18.8,9.3,2.5,0,0,0,1,0,0,0,1,0,0
2023-09-24 11:00:00,1133,12,28,172,0,18.8,9.3,2.5,0,0,0,1,0,0,0,1,0,0
2023-09-24 10:00:00,1089,11,24,119,0,18.8,9.3,2.5,0,0,0,1,0,0,0,1,0,0
2023-09-25 17:00:00,1866,18,53,164,0,16.7,12.4,0.0,0,1,0,0,0,0,0,1,0,0
2023-09-24 23:00:00,230,0,1,22,0,18.8,9.3,2.5,0,0,0,1,0,0,0,1,0,0
2023-09-25 01:00:00,129,2,1,2,0,16.7,12.4,0.0,0,1,0,0,0,0,0,1,0,0
2023-09-24 19:00:00,624,20,4,59,0,18.8,9.3,2.5,0,0,0,1,0,0,0,1,0,0
2023-09-25 10:00:00,1434,11,45,234,0,16.7,12.4,0.0,0,1,0,0,0,0,0,1,0,0
2023-09-25 19:00:00,1349,20,44,145,0,16.7,12.4,0.0,0,1,0,0,0,0,0,1,0,0
2023-09-25 08:00:00,809,9,38,285,0,16.7,12.4,0.0,0,1,0,0,0,0,0,1,0,0
2023-09-25 16:00:00,2457,17,37,107,0,16.7,12.4,0.0,0,1,0,0,0,0,0,1,0,0
2023-09-25 15:00:00,2048,16,32,86,0,16.7,12.4,0.0,0,1,0,0,0,0,0,1,0,0
2023-09-25 09:00:00,1075,10,26,212,0,16.7,12.4,0.0,0,1,0,0,0,0,0,1,0,0
2023-09-25 12:00:00,1949,13,26,168,0,16.7,12.4,0.0,0,1,0,0,0,0,0,1,0,0
2023-09-24 04:00:00,84,5,1,6,0,18.8,9.3,2.5,0,0,0,1,0,0,0,1,0,0
2023-09-24 17:00:00,1049,18,9,220,0,18.8,9.3,2.5,0,0,0,1,0,0,0,1,0,0
2023-09-24 22:00:00,496,23,1,4,0,18.8,9.3,2.5,0,0,0,1,0,0,0,1,0,0
2023-09-24 00:00:00,975,1,4,41,0,18.8,9.3,2.5,0,0,0,1,0,0,0,1,0,0
2023-09-24 03:00:00,702,4,4,15,0,18.8,9.3,2.5,0,0,0,1,0,0,0,1,0,0
2023-09-25 20:00:00,1076,21,4,114,0,16.7,12.4,0.0,0,1,0,0,0,0,0,1,0,0
2023-09-25 23:00:00,474,0,3,35,0,16.7,12.4,0.0,0,1,0,0,0,0,0,1,0,0
2023-09-25 00:00:00,291,1,3,23,0,16.7,12.4,0.0,0,1,0,0,0,0,0,1,0,0
2023-09-25 05:00:00,112,6,2,12,0,16.7,12.4,0.0,0,1,0,0,0,0,0,1,0,0
2023-09-25 18:00:00,1512,19,13,155,0,16.7,12.4,0.0,0,1,0,0,0,0,0,1,0,0
2023-09-25 03:00:00,32,4,0,9,0,16.7,12.4,0.0,0,1,0,0,0,0,0,1,0,0
2023-09-25 02:00:00,86,3,0,1,0,16.7,12.4,0.0,0,1,0,0,0,0,0,1,0,0
2023-09-24 01:00:00,607,2,3,24,0,18.8,9.3,2.5,0,0,0,1,0,0,0,1,0,0
2023-09-24 09:00:00,563,10,8,58,0,18.8,9.3,2.5,0,0,0,1,0,0,0,1,0,0
2023-09-25 22:00:00,645,23,12,48,0,16.7,12.4,0.0,0,1,0,0,0,0,0,1,0,0
2023-09-25 21:00:00,563,22,12,31,0,16.7,12.4,0.0,0,1,0,0,0,0,0,1,0,0
2023-09-24 21:00:00,545,22,2,14,0,18.8,9.3,2.5,0,0,0,1,0,0,0,1,0,0
2023-09-24 08:00:00,215,9,0,36,0,18.8,9.3,2.5,0,0,0,1,0,0,0,1,0,0
2023-09-24 02:00:00,928,3,0,25,0,18.8,9.3,2.5,0,0,0,1,0,0,0,1,0,0
2023-09-24 06:00:00,92,7,6,10,0,18.8,9.3,2.5,0,0,0,1,0,0,0,1,0,0
2023-09-24 20:00:00,696,21,6,8,0,18.8,9.3,2.5,0,0,0,1,0,0,0,1,0,0
2023-09-24 05:00:00,170,6,0,7,0,18.8,9.3,2.5,0,0,0,1,0,0,0,1,0,0
2023-09-26 14:00:00,2333,15,14,107,0,15.1,11.4,0.5,0,0,0,0,0,1,0,1,0,0
2023-09-26 11:00:00,2068,12,13,102,0,15.1,11.4,0.5,0,0,0,0,0,1,0,1,0,0
2023-09-26 20:00:00,794,21,6,18,0,15.1,11.4,0.5,0,0,0,0,0,1,0,1,0,0
2023-09-27 09:00:00,1060,10,31,229,0,15.6,6.3,9.4,0,0,0,0,0,0,1,1,0,0
2023-09-27 10:00:00,1990,11,27,219,0,15.6,6.3,9.4,0,0,0,0,0,0,1,1,0,0
2023-09-27 08:00:00,785,9,26,256,0,15.6,6.3,9.4,0,0,0,0,0,0,1,1,0,0
2023-09-27 11:00:00,3167,12,26,139,0,15.6,6.3,9.4,0,0,0,0,0,0,1,1,0,0
2023-09-27 12:00:00,4219,13,25,107,0,15.6,6.3,9.4,0,0,0,0,0,0,1,1,0,0
2023-09-27 16:00:00,1367,17,22,172,0,15.6,6.3,9.4,0,0,0,0,0,0,1,1,0,0
2023-09-27 15:00:00,2192,16,14,126,0,15.6,6.3,9.4,0,0,0,0,0,0,1,1,0,0
2023-09-27 13:00:00,4486,14,21,49,0,15.6,6.3,9.4,0,0,0,0,0,0,1,1,0,0
2023-09-27 14:00:00,2918,15,20,54,0,15.6,6.3,9.4,0,0,0,0,0,0,1,1,0,0
2023-09-27 17:00:00,1053,18,16,221,0,15.6,6.3,9.4,0,0,0,0,0,0,1,1,0,0
2023-09-26 19:00:00,884,20,12,83,0,15.1,11.4,0.5,0,0,0,0,0,1,0,1,0,0
2023-09-26 10:00:00,1358,11,5,83,0,15.1,11.4,0.5,0,0,0,0,0,1,0,1,0,0
2023-09-27 00:00:00,492,1,0,28,0,15.6,6.3,9.4,0,0,0,0,0,0,1,1,0,0
2023-09-27 01:00:00,164,2,0,21,0,15.6,6.3,9.4,0,0,0,0,0,0,1,1,0,0
2023-09-27 05:00:00,126,6,0,8,0,15.6,6.3,9.4,0,0,0,0,0,0,1,1,0,0
2023-09-27 04:00:00,17,5,0,6,0,15.6,6.3,9.4,0,0,0,0,0,0,1,1,0,0
2023-09-28 17:00:00,2113,18,31,315,0,16.9,11.1,0.5,0,0,0,0,1,0,0,1,0,0
2023-09-26 17:00:00,1619,18,42,153,0,15.1,11.4,0.5,0,0,0,0,0,1,0,1,0,0
2023-09-26 07:00:00,281,8,11,68,0,15.1,11.4,0.5,0,0,0,0,0,1,0,1,0,0
2023-09-26 12:00:00,2518,13,41,160,0,15.1,11.4,0.5,0,0,0,0,0,1,0,1,0,0
2023-09-27 20:00:00,907,21,10,10,0,15.6,6.3,9.4,0,0,0,0,0,0,1,1,0,0
2023-09-26 06:00:00,153,7,11,10,0,15.1,11.4,0.5,0,0,0,0,0,1,0,1,0,0
2023-09-27 23:00:00,477,0,2,26,0,15.6,6.3,9.4,0,0,0,0,0,0,1,1,0,0
2023-09-26 21:00:00,617,22,11,8,0,15.1,11.4,0.5,0,0,0,0,0,1,0,1,0,0
2023-09-26 15:00:00,2258,16,37,132,0,15.1,11.4,0.5,0,0,0,0,0,1,0,1,0,0
2023-09-27 02:00:00,223,3,2,13,0,15.6,6.3,9.4,0,0,0,0,0,0,1,1,0,0
2023-09-27 21:00:00,793,22,2,7,0,15.6,6.3,9.4,0,0,0,0,0,0,1,1,0,0
2023-09-27 03:00:00,77,4,1,13,0,15.6,6.3,9.4,0,0,0,0,0,0,1,1,0,0
2023-09-26 08:00:00,920,9,36,294,0,15.1,11.4,0.5,0,0,0,0,0,1,0,1,0,0
2023-09-26 02:00:00,157,3,0,16,0,15.1,11.4,0.5,0,0,0,0,0,1,0,1,0,0
2023-09-26 04:00:00,22,5,0,10,0,15.1,11.4,0.5,0,0,0,0,0,1,0,1,0,0
2023-09-26 05:00:00,85,6,0,4,0,15.1,11.4,0.5,0,0,0,0,0,1,0,1,0,0
2023-09-27 07:00:00,250,8,8,90,0,15.6,6.3,9.4,0,0,0,0,0,0,1,1,0,0
2023-09-26 00:00:00,288,1,8,35,0,15.1,11.4,0.5,0,0,0,0,0,1,0,1,0,0
2023-09-27 18:00:00,1576,19,8,89,0,15.6,6.3,9.4,0,0,0,0,0,0,1,1,0,0
2023-09-27 06:00:00,125,7,8,14,0,15.6,6.3,9.4,0,0,0,0,0,0,1,1,0,0
2023-09-26 18:00:00,1366,19,25,237,0,15.1,11.4,0.5,0,0,0,0,0,1,0,1,0,0
2023-09-26 03:00:00,123,4,0,0,0,15.1,11.4,0.5,0,0,0,0,0,1,0,1,0,0
2023-09-26 23:00:00,542,0,7,42,0,15.1,11.4,0.5,0,0,0,0,0,1,0,1,0,0
2023-09-26 01:00:00,186,2,7,16,0,15.1,11.4,0.5,0,0,0,0,0,1,0,1,0,0
2023-09-26 09:00:00,1025,10,21,170,0,15.1,11.4,0.5,0,0,0,0,0,1,0,1,0,0
2023-09-26 22:00:00,505,23,7,8,0,15.1,11.4,0.5,0,0,0,0,0,1,0,1,0,0
2023-09-26 16:00:00,2343,17,21,136,0,15.1,11.4,0.5,0,0,0,0,0,1,0,1,0,0
2023-09-27 19:00:00,1095,20,5,18,0,15.6,6.3,9.4,0,0,0,0,0,0,1,1,0,0
2023-09-26 13:00:00,3026,14,15,178,0,15.1,11.4,0.5,0,0,0,0,0,1,0,1,0,0
2023-09-27 22:00:00,415,23,4,11,0,15.6,6.3,9.4,0,0,0,0,0,0,1,1,0,0
2023-09-28 02:00:00,488,3,3,7,0,16.9,11.1,0.5,0,0,0,0,1,0,0,1,0,0
2023-09-28 23:00:00,437,0,3,6,0,16.9,11.1,0.5,0,0,0,0,1,0,0,1,0,0
2023-09-28 11:00:00,2040,12,2,97,0,16.9,11.1,0.5,0,0,0,0,1,0,0,1,0,0
2023-09-28 03:00:00,180,4,2,8,0,16.9,11.1,0.5,0,0,0,0,1,0,0,1,0,0
2023-09-28 05:00:00,152,6,2,6,0,16.9,11.1,0.5,0,0,0,0,1,0,0,1,0,0
2023-09-28 01:00:00,355,2,1,6,0,16.9,11.1,0.5,0,0,0,0,1,0,0,1,0,0
2023-09-28 04:00:00,49,5,1,5,0,16.9,11.1,0.5,0,0,0,0,1,0,0,1,0,0
2023-09-28 22:00:00,616,23,10,18,0,16.9,11.1,0.5,0,0,0,0,1,0,0,1,0,0
2023-09-28 15:00:00,2665,16,27,223,0,16.9,11.1,0.5,0,0,0,0,1,0,0,1,0,0
2023-09-28 16:00:00,2505,17,26,262,0,16.9,11.1,0.5,0,0,0,0,1,0,0,1,0,0
2023-09-29 15:00:00,3022,16,27,160,0,11.2,11.2,0.0,1,0,0,0,0,0,0,1,0,0
2023-09-29 19:00:00,1492,20,19,162,0,11.2,11.2,0.0,1,0,0,0,0,0,0,1,0,0
2023-09-29 12:00:00,2189,13,18,143,0,11.2,11.2,0.0,1,0,0,0,0,0,0,1,0,0
2023-09-29 20:00:00,1556,21,17,34,0,11.2,11.2,0.0,1,0,0,0,0,0,0,1,0,0
2023-09-29 23:00:00,893,0,17,15,0,11.2,11.2,0.0,1,0,0,0,0,0,0,1,0,0
2023-09-29 13:00:00,2484,14,14,112,0,11.2,11.2,0.0,1,0,0,0,0,0,0,1,0,0
2023-09-29 22:00:00,1189,23,10,24,0,11.2,11.2,0.0,1,0,0,0,0,0,0,1,0,0
2023-09-28 00:00:00,455,1,0,29,0,16.9,11.1,0.5,0,0,0,0,1,0,0,1,0,0
2023-09-28 13:00:00,3689,14,22,163,0,16.9,11.1,0.5,0,0,0,0,1,0,0,1,0,0
2023-09-28 12:00:00,3249,13,19,179,0,16.9,11.1,0.5,0,0,0,0,1,0,0,1,0,0
2023-09-28 09:00:00,1530,10,18,210,0,16.9,11.1,0.5,0,0,0,0,1,0,0,1,0,0
2023-09-28 08:00:00,980,9,16,192,0,16.9,11.1,0.5,0,0,0,0,1,0,0,1,0,0
2023-09-28 20:00:00,478,21,16,14,0,16.9,11.1,0.5,0,0,0,0,1,0,0,1,0,0
2023-09-28 14:00:00,2913,15,12,74,0,16.9,11.1,0.5,0,0,0,0,1,0,0,1,0,0
2023-09-28 10:00:00,2176,11,10,188,0,16.9,11.1,0.5,0,0,0,0,1,0,0,1,0,0
2023-09-29 04:00:00,49,5,0,16,0,11.2,11.2,0.0,1,0,0,0,0,0,0,1,0,0
2023-09-28 18:00:00,1172,19,9,87,0,16.9,11.1,0.5,0,0,0,0,1,0,0,1,0,0
2023-09-29 21:00:00,1470,22,7,41,0,11.2,11.2,0.0,1,0,0,0,0,0,0,1,0,0
2023-09-29 07:00:00,465,8,6,122,0,11.2,11.2,0.0,1,0,0,0,0,0,0,1,0,0
2023-09-29 06:00:00,144,7,5,30,0,11.2,11.2,0.0,1,0,0,0,0,0,0,1,0,0
2023-09-29 03:00:00,74,4,3,15,0,11.2,11.2,0.0,1,0,0,0,0,0,0,1,0,0
2023-09-28 07:00:00,375,8,9,58,0,16.9,11.1,0.5,0,0,0,0,1,0,0,1,0,0
2023-09-28 19:00:00,1150,20,9,17,0,16.9,11.1,0.5,0,0,0,0,1,0,0,1,0,0
2023-09-29 11:00:00,2937,12,56,148,0,11.2,11.2,0.0,1,0,0,0,0,0,0,1,0,0
2023-09-29 17:00:00,2274,18,55,286,0,11.2,11.2,0.0,1,0,0,0,0,0,0,1,0,0
2023-09-29 18:00:00,1794,19,41,238,0,11.2,11.2,0.0,1,0,0,0,0,0,0,1,0,0
2023-09-29 16:00:00,2856,17,40,202,0,11.2,11.2,0.0,1,0,0,0,0,0,0,1,0,0
2023-09-29 08:00:00,1217,9,35,371,0,11.2,11.2,0.0,1,0,0,0,0,0,0,1,0,0
2023-09-29 09:00:00,1785,10,33,316,0,11.2,11.2,0.0,1,0,0,0,0,0,0,1,0,0
2023-09-29 10:00:00,1882,11,32,261,0,11.2,11.2,0.0,1,0,0,0,0,0,0,1,0,0
2023-09-29 14:00:00,2973,15,31,111,0,11.2,11.2,0.0,1,0,0,0,0,0,0,1,0,0
2023-09-28 21:00:00,597,22,7,24,0,16.9,11.1,0.5,0,0,0,0,1,0,0,1,0,0
2023-09-28 06:00:00,113,7,5,25,0,16.9,11.1,0.5,0,0,0,0,1,0,0,1,0,0
2023-09-29 05:00:00,144,6,0,15,0,11.2,11.2,0.0,1,0,0,0,0,0,0,1,0,0
2023-09-29 00:00:00,298,1,0,6,0,11.2,11.2,0.0,1,0,0,0,0,0,0,1,0,0
2023-09-30 14:00:00,2597,15,54,24,0,18.6,7.7,2.1,0,0,1,0,0,0,0,1,0,0
2023-09-30 15:00:00,3022,16,46,19,0,18.6,7.7,2.1,0,0,1,0,0,0,0,1,0,0
2023-09-30 12:00:00,2862,13,45,39,0,18.6,7.7,2.1,0,0,1,0,0,0,0,1,0,0
2023-09-30 11:00:00,3582,12,45,27,0,18.6,7.7,2.1,0,0,1,0,0,0,0,1,0,0
2023-09-30 13:00:00,2398,14,27,40,0,18.6,7.7,2.1,0,0,1,0,0,0,0,1,0,0
2023-09-30 09:00:00,1206,10,24,40,0,18.6,7.7,2.1,0,0,1,0,0,0,0,1,0,0
2023-09-30 18:00:00,2407,19,23,170,0,18.6,7.7,2.1,0,0,1,0,0,0,0,1,0,0
2023-09-29 01:00:00,110,2,1,11,0,11.2,11.2,0.0,1,0,0,0,0,0,0,1,0,0
2023-09-29 02:00:00,312,3,1,8,0,11.2,11.2,0.0,1,0,0,0,0,0,0,1,0,0
2023-09-30 06:00:00,123,7,2,8,0,18.6,7.7,2.1,0,0,1,0,0,0,0,1,0,0
2023-09-30 05:00:00,110,6,2,3,0,18.6,7.7,2.1,0,0,1,0,0,0,0,1,0,0
2023-09-30 20:00:00,1270,21,1,15,0,18.6,7.7,2.1,0,0,1,0,0,0,0,1,0,0
2023-09-30 01:00:00,584,2,0,33,0,18.6,7.7,2.1,0,0,1,0,0,0,0,1,0,0
2023-09-30 04:00:00,95,5,0,16,0,18.6,7.7,2.1,0,0,1,0,0,0,0,1,0,0
2023-09-30 19:00:00,1247,20,6,30,0,18.6,7.7,2.1,0,0,1,0,0,0,0,1,0,0
2023-09-30 16:00:00,2836,17,19,117,0,18.6,7.7,2.1,0,0,1,0,0,0,0,1,0,0
2023-09-30 07:00:00,138,8,5,55,0,18.6,7.7,2.1,0,0,1,0,0,0,0,1,0,0
2023-09-30 22:00:00,1316,23,5,8,0,18.6,7.7,2.1,0,0,1,0,0,0,0,1,0,0
2023-09-30 10:00:00,2132,11,16,20,0,18.6,7.7,2.1,0,0,1,0,0,0,0,1,0,0
2023-09-30 02:00:00,723,3,4,38,0,18.6,7.7,2.1,0,0,1,0,0,0,0,1,0,0
2023-09-30 23:00:00,1227,0,4,34,0,18.6,7.7,2.1,0,0,1,0,0,0,0,1,0,0
2023-09-30 00:00:00,777,1,9,22,0,18.6,7.7,2.1,0,0,1,0,0,0,0,1,0,0
2023-09-30 17:00:00,3265,18,8,190,0,18.6,7.7,2.1,0,0,1,0,0,0,0,1,0,0
2023-09-30 08:00:00,524,9,7,43,0,18.6,7.7,2.1,0,0,1,0,0,0,0,1,0,0
2023-09-30 03:00:00,986,4,7,15,0,18.6,7.7,2.1,0,0,1,0,0,0,0,1,0,0
2023-09-30 21:00:00,1263,22,7,9,0,18.6,7.7,2.1,0,0,1,0,0,0,0,1,0,0
