ds,y,Finishing time,Number of Bicycles,Number of People,isHoliday,TMAX,TMIN,PRCP,Day of the Week_Fri,Day of the Week_Mon,Day of the Week_Sat,Day of the Week_Sun,Day of the Week_Thu,Day of the Week_Tue,Day of the Week_Wed,TimeZone_BST,TimeZone_GMT,days_since_record
2024-07-23 18:00:00,1233,19,28,450,0,20.1,12.5,0.2,0,0,0,0,0,1,0,1,0,0
2024-07-05 08:00:00,1731,9,27,318,0,15.2,6.8,3.2,1,0,0,0,0,0,0,1,0,0
2024-07-31 08:00:00,1571,9,26,254,0,22.9,7.9,0.3,0,0,0,0,0,0,1,1,0,0
2024-07-04 08:00:00,1805,9,25,339,0,17.5,6.9,0.0,0,0,0,0,1,0,0,1,0,0
2024-07-12 08:00:00,1582,9,25,346,0,16.3,9.2,0.0,1,0,0,0,0,0,0,1,0,0
2024-07-13 19:00:00,688,20,34,458,0,18.5,5.5,0.4,0,0,1,0,0,0,0,1,0,0
2024-07-24 08:00:00,1725,9,24,287,0,18.9,12.5,0.8,0,0,0,0,0,0,1,1,0,0
2024-07-26 17:00:00,1877,18,18,402,0,20.9,9.0,0.0,1,0,0,0,0,0,0,1,0,0
2024-07-30 08:00:00,1641,9,18,317,0,11.2,5.5,0.2,0,0,0,0,0,1,0,1,0,0
2024-07-29 15:00:00,1578,16,18,137,0,21.6,5.5,0.0,0,1,0,0,0,0,0,1,0,0
2024-07-24 12:00:00,1562,13,18,360,0,18.9,12.5,0.8,0,0,0,0,0,0,1,1,0,0
2024-07-31 09:00:00,1440,10,18,265,0,22.9,7.9,0.3,0,0,0,0,0,0,1,1,0,0
2024-07-05 07:00:00,932,8,18,159,0,15.2,6.8,3.2,1,0,0,0,0,0,0,1,0,0
2024-07-11 21:00:00,801,22,18,348,0,18.6,10.6,0.0,0,0,0,0,1,0,0,1,0,0
2024-07-30 19:00:00,1016,20,22,197,0,11.2,5.5,0.2,0,0,0,0,0,1,0,1,0,0
2024-07-31 07:00:00,865,8,22,112,0,22.9,7.9,0.3,0,0,0,0,0,0,1,1,0,0
2024-07-02 17:00:00,1995,18,21,379,0,18.1,8.4,1.5,0,0,0,0,0,1,0,1,0,0
2024-07-23 17:00:00,2037,18,19,526,0,20.1,12.5,0.2,0,0,0,0,0,1,0,1,0,0
2024-07-08 08:00:00,1840,9,19,373,0,16.9,7.0,0.0,0,1,0,0,0,0,0,1,0,0
2024-07-15 17:00:00,1756,18,19,422,0,19.2,10.6,0.0,0,1,0,0,0,0,0,1,0,0
2024-07-14 11:00:00,989,12,19,196,0,20.1,5.5,0.4,0,0,0,1,0,0,0,1,0,0
2024-07-04 07:00:00,1022,8,21,156,0,17.5,6.9,0.0,0,0,0,0,1,0,0,1,0,0
2024-07-06 13:00:00,1579,14,17,370,0,16.7,8.4,5.9,0,0,1,0,0,0,0,1,0,0
2024-07-29 13:00:00,1530,14,17,255,0,21.6,5.5,0.0,0,1,0,0,0,0,0,1,0,0
2024-07-12 12:00:00,1456,13,17,517,0,16.3,9.2,0.0,1,0,0,0,0,0,0,1,0,0
2024-07-31 18:00:00,1451,19,17,357,0,22.9,7.9,0.3,0,0,0,0,0,0,1,1,0,0
2024-07-30 09:00:00,1433,10,17,278,0,11.2,5.5,0.2,0,0,0,0,0,1,0,1,0,0
2024-07-29 17:00:00,1665,18,20,173,0,21.6,5.5,0.0,0,1,0,0,0,0,0,1,0,0
2024-07-08 09:00:00,1453,10,20,422,0,16.9,7.0,0.0,0,1,0,0,0,0,0,1,0,0
2024-07-15 19:00:00,1121,20,20,312,0,19.2,10.6,0.0,0,1,0,0,0,0,0,1,0,0
2024-07-29 14:00:00,1593,15,13,147,0,21.6,5.5,0.0,0,1,0,0,0,0,0,1,0,0
2024-07-06 14:00:00,1497,15,13,369,0,16.7,8.4,5.9,0,0,1,0,0,0,0,1,0,0
2024-07-27 15:00:00,1477,16,13,452,0,22.0,5.5,0.0,0,0,1,0,0,0,0,1,0,0
2024-07-12 18:00:00,1473,19,13,308,0,16.3,9.2,0.0,1,0,0,0,0,0,0,1,0,0
2024-07-16 10:00:00,1458,11,13,227,0,21.9,12.6,0.8,0,0,0,0,0,1,0,1,0,0
2024-07-24 18:00:00,1374,19,13,434,0,18.9,12.5,0.8,0,0,0,0,0,0,1,1,0,0
2024-07-24 09:00:00,1351,10,13,217,0,18.9,12.5,0.8,0,0,0,0,0,0,1,1,0,0
2024-07-30 12:00:00,1244,13,13,694,0,11.2,5.5,0.2,0,0,0,0,0,1,0,1,0,0
2024-07-29 18:00:00,1234,19,13,190,0,21.6,5.5,0.0,0,1,0,0,0,0,0,1,0,0
2024-07-31 19:00:00,1169,20,13,365,0,22.9,7.9,0.3,0,0,0,0,0,0,1,1,0,0
2024-07-27 09:00:00,914,10,13,148,0,22.0,5.5,0.0,0,0,1,0,0,0,0,1,0,0
2024-07-28 20:00:00,863,21,13,252,0,20.3,5.5,0.0,0,0,0,1,0,0,0,1,0,0
2024-07-10 19:00:00,1244,20,15,385,0,16.6,11.2,1.1,0,0,0,0,0,0,1,1,0,0
2024-07-12 20:00:00,1097,21,15,404,0,16.3,9.2,0.0,1,0,0,0,0,0,0,1,0,0
2024-07-24 19:00:00,1173,20,17,371,0,18.9,12.5,0.8,0,0,0,0,0,0,1,1,0,0
2024-07-08 19:00:00,946,20,15,286,0,16.9,7.0,0.0,0,1,0,0,0,0,0,1,0,0
2024-07-30 20:00:00,897,21,17,306,0,11.2,5.5,0.2,0,0,0,0,0,1,0,1,0,0
2024-07-26 07:00:00,767,8,15,133,0,20.9,9.0,0.0,1,0,0,0,0,0,0,1,0,0
2024-07-28 02:00:00,341,3,15,450,0,20.3,5.5,0.0,0,0,0,1,0,0,0,1,0,0
2024-07-24 16:00:00,1800,17,13,342,0,18.9,12.5,0.8,0,0,0,0,0,0,1,1,0,0
2024-07-26 13:00:00,1799,14,13,420,0,20.9,9.0,0.0,1,0,0,0,0,0,0,1,0,0
2024-07-10 15:00:00,1741,16,13,368,0,16.6,11.2,1.1,0,0,0,0,0,0,1,1,0,0
2024-07-24 13:00:00,1660,14,13,336,0,18.9,12.5,0.8,0,0,0,0,0,0,1,1,0,0
2024-07-31 13:00:00,1645,14,13,487,0,22.9,7.9,0.3,0,0,0,0,0,0,1,1,0,0
2024-07-06 12:00:00,1679,13,14,378,0,16.7,8.4,5.9,0,0,1,0,0,0,0,1,0,0
2024-07-27 14:00:00,1620,15,15,380,0,22.0,5.5,0.0,0,0,1,0,0,0,0,1,0,0
2024-07-30 18:00:00,1381,19,15,335,0,11.2,5.5,0.2,0,0,0,0,0,1,0,1,0,0
2024-07-24 17:00:00,2190,18,12,496,0,18.9,12.5,0.8,0,0,0,0,0,0,1,1,0,0
2024-07-31 14:00:00,1796,15,12,489,0,22.9,7.9,0.3,0,0,0,0,0,0,1,1,0,0
2024-07-10 14:00:00,1707,15,12,356,0,16.6,11.2,1.1,0,0,0,0,0,0,1,1,0,0
2024-07-24 11:00:00,1549,12,12,318,0,18.9,12.5,0.8,0,0,0,0,0,0,1,1,0,0
2024-07-13 11:00:00,1459,12,16,303,0,18.5,5.5,0.4,0,0,1,0,0,0,0,1,0,0
2024-07-16 11:00:00,1306,12,16,172,0,21.9,12.6,0.8,0,0,0,0,0,1,0,1,0,0
2024-07-31 20:00:00,987,21,16,259,0,22.9,7.9,0.3,0,0,0,0,0,0,1,1,0,0
2024-07-29 19:00:00,981,20,16,201,0,21.6,5.5,0.0,0,1,0,0,0,0,0,1,0,0
2024-07-30 07:00:00,833,8,16,116,0,11.2,5.5,0.2,0,0,0,0,0,1,0,1,0,0
2024-07-09 16:00:00,1632,17,14,435,0,16.7,10.8,2.6,0,0,0,0,0,1,0,1,0,0
2024-07-01 17:00:00,1583,18,14,386,0,16.7,8.5,1.0,0,1,0,0,0,0,0,1,0,90
2024-07-16 09:00:00,1571,10,14,321,0,21.9,12.6,0.8,0,0,0,0,0,1,0,1,0,0
2024-07-26 08:00:00,1562,9,14,240,0,20.9,9.0,0.0,1,0,0,0,0,0,0,1,0,0
2024-07-02 10:00:00,1500,11,14,241,0,18.1,8.4,1.5,0,0,0,0,0,1,0,1,0,0
2024-07-16 12:00:00,1483,13,14,369,0,21.9,12.6,0.8,0,0,0,0,0,1,0,1,0,0
2024-07-08 10:00:00,1441,11,14,361,0,16.9,7.0,0.0,0,1,0,0,0,0,0,1,0,0
2024-07-11 14:00:00,1411,15,14,309,0,18.6,10.6,0.0,0,0,0,0,1,0,0,1,0,0
2024-07-24 14:00:00,1397,15,14,273,0,18.9,12.5,0.8,0,0,0,0,0,0,1,1,0,0
2024-07-07 18:00:00,1137,19,14,384,0,19.4,8.4,2.8,0,0,0,1,0,0,0,1,0,0
2024-07-05 20:00:00,1052,21,14,481,0,15.2,6.8,3.2,1,0,0,0,0,0,0,1,0,0
2024-07-10 16:00:00,2011,17,11,333,0,16.6,11.2,1.1,0,0,0,0,0,0,1,1,0,0
2024-07-31 17:00:00,1900,18,11,526,0,22.9,7.9,0.3,0,0,0,0,0,0,1,1,0,0
2024-07-02 16:00:00,1887,17,11,386,0,18.1,8.4,1.5,0,0,0,0,0,1,0,1,0,0
2024-07-05 17:00:00,1788,18,11,402,0,15.2,6.8,3.2,1,0,0,0,0,0,0,1,0,0
2024-07-03 08:00:00,1686,9,11,315,0,16.2,8.1,0.6,0,0,0,0,0,0,1,1,0,0
2024-07-05 13:00:00,1526,14,11,395,0,15.2,6.8,3.2,1,0,0,0,0,0,0,1,0,0
2024-07-10 18:00:00,1506,19,11,385,0,16.6,11.2,1.1,0,0,0,0,0,0,1,1,0,0
2024-07-02 12:00:00,1462,13,11,454,0,18.1,8.4,1.5,0,0,0,0,0,1,0,1,0,0
2024-07-26 09:00:00,1460,10,11,284,0,20.9,9.0,0.0,1,0,0,0,0,0,0,1,0,0
2024-07-05 18:00:00,1423,19,11,422,0,15.2,6.8,3.2,1,0,0,0,0,0,0,1,0,0
2024-07-15 15:00:00,1396,16,11,508,0,19.2,10.6,0.0,0,1,0,0,0,0,0,1,0,0
2024-07-14 13:00:00,1389,14,11,280,0,20.1,5.5,0.4,0,0,0,1,0,0,0,1,0,0
2024-07-03 09:00:00,1371,10,11,251,0,16.2,8.1,0.6,0,0,0,0,0,0,1,1,0,0
2024-07-13 10:00:00,1360,11,11,270,0,18.5,5.5,0.4,0,0,1,0,0,0,0,1,0,0
2024-07-14 14:00:00,1357,15,11,276,0,20.1,5.5,0.4,0,0,0,1,0,0,0,1,0,0
2024-07-05 09:00:00,1483,10,12,271,0,15.2,6.8,3.2,1,0,0,0,0,0,0,1,0,0
2024-07-11 19:00:00,1346,20,11,378,0,18.6,10.6,0.0,0,0,0,0,1,0,0,1,0,0
2024-07-31 10:00:00,1494,11,10,243,0,22.9,7.9,0.3,0,0,0,0,0,0,1,1,0,0
2024-07-03 16:00:00,1888,17,9,388,0,16.2,8.1,0.6,0,0,0,0,0,0,1,1,0,0
2024-07-26 12:00:00,1856,13,9,466,0,20.9,9.0,0.0,1,0,0,0,0,0,0,1,0,0
2024-07-08 17:00:00,1812,18,9,382,0,16.9,7.0,0.0,0,1,0,0,0,0,0,1,0,0
2024-07-09 17:00:00,1797,18,9,408,0,16.7,10.8,2.6,0,0,0,0,0,1,0,1,0,0
2024-07-16 08:00:00,1734,9,9,267,0,21.9,12.6,0.8,0,0,0,0,0,1,0,1,0,0
2024-07-01 08:00:00,1663,9,9,316,0,16.7,8.5,1.0,0,1,0,0,0,0,0,1,0,90
2024-07-11 18:00:00,1601,19,9,427,0,18.6,10.6,0.0,0,0,0,0,1,0,0,1,0,0
2024-07-02 18:00:00,1564,19,9,394,0,18.1,8.4,1.5,0,0,0,0,0,1,0,1,0,0
2024-07-27 11:00:00,1461,12,9,310,0,22.0,5.5,0.0,0,0,1,0,0,0,0,1,0,0
2024-07-12 10:00:00,1450,11,9,328,0,16.3,9.2,0.0,1,0,0,0,0,0,0,1,0,0
2024-07-04 12:00:00,1406,13,9,447,0,17.5,6.9,0.0,0,0,0,0,1,0,0,1,0,0
2024-07-11 12:00:00,1406,13,9,361,0,18.6,10.6,0.0,0,0,0,0,1,0,0,1,0,0
2024-07-04 09:00:00,1358,10,9,284,0,17.5,6.9,0.0,0,0,0,0,1,0,0,1,0,0
2024-07-16 14:00:00,1348,15,9,218,0,21.9,12.6,0.8,0,0,0,0,0,1,0,1,0,0
2024-07-07 14:00:00,1278,15,9,314,0,19.4,8.4,2.8,0,0,0,1,0,0,0,1,0,0
2024-07-13 17:00:00,1246,18,9,355,0,18.5,5.5,0.4,0,0,1,0,0,0,0,1,0,0
2024-07-03 11:00:00,1220,12,9,286,0,16.2,8.1,0.6,0,0,0,0,0,0,1,1,0,0
2024-07-03 12:00:00,1216,13,9,279,0,16.2,8.1,0.6,0,0,0,0,0,0,1,1,0,0
2024-07-02 20:00:00,1069,21,9,371,0,18.1,8.4,1.5,0,0,0,0,0,1,0,1,0,0
2024-07-12 15:00:00,1480,16,10,490,0,16.3,9.2,0.0,1,0,0,0,0,0,0,1,0,0
2024-07-01 19:00:00,1033,20,9,276,0,16.7,8.5,1.0,0,1,0,0,0,0,0,1,0,90
2024-07-24 10:00:00,1479,11,10,260,0,18.9,12.5,0.8,0,0,0,0,0,0,1,1,0,0
2024-07-01 14:00:00,1422,15,10,404,0,16.7,8.5,1.0,0,1,0,0,0,0,0,1,0,90
2024-07-27 16:00:00,1421,17,10,348,0,22.0,5.5,0.0,0,0,1,0,0,0,0,1,0,0
2024-07-24 20:00:00,963,21,9,340,0,18.9,12.5,0.8,0,0,0,0,0,0,1,1,0,0
2024-07-12 09:00:00,1408,10,10,357,0,16.3,9.2,0.0,1,0,0,0,0,0,0,1,0,0
2024-07-01 13:00:00,1383,14,10,403,0,16.7,8.5,1.0,0,1,0,0,0,0,0,1,0,90
2024-07-09 07:00:00,854,8,9,138,0,16.7,10.8,2.6,0,0,0,0,0,1,0,1,0,0
2024-07-12 19:00:00,1359,20,10,321,0,16.3,9.2,0.0,1,0,0,0,0,0,0,1,0,0
2024-07-07 20:00:00,824,21,9,341,0,19.4,8.4,2.8,0,0,0,1,0,0,0,1,0,0
2024-07-01 18:00:00,1302,19,10,375,0,16.7,8.5,1.0,0,1,0,0,0,0,0,1,0,90
2024-07-01 10:00:00,1294,11,10,292,0,16.7,8.5,1.0,0,1,0,0,0,0,0,1,0,90
2024-07-30 21:00:00,813,22,9,182,0,11.2,5.5,0.2,0,0,0,0,0,1,0,1,0,0
2024-07-02 19:00:00,1272,20,10,440,0,18.1,8.4,1.5,0,0,0,0,0,1,0,1,0,0
2024-07-09 11:00:00,1258,12,10,413,0,16.7,10.8,2.6,0,0,0,0,0,1,0,1,0,0
2024-07-25 14:00:00,1137,15,10,377,0,19.8,12.4,0.0,0,0,0,0,1,0,0,1,0,0
2024-07-14 17:00:00,1113,18,10,289,0,20.1,5.5,0.4,0,0,0,1,0,0,0,1,0,0
2024-07-14 19:00:00,961,20,10,343,0,20.1,5.5,0.4,0,0,0,1,0,0,0,1,0,0
2024-07-06 08:00:00,748,9,10,229,0,16.7,8.4,5.9,0,0,1,0,0,0,0,1,0,0
2024-07-14 22:00:00,652,23,10,385,0,20.1,5.5,0.4,0,0,0,1,0,0,0,1,0,0
2024-07-14 09:00:00,597,10,10,128,0,20.1,5.5,0.4,0,0,0,1,0,0,0,1,0,0
2024-07-07 11:00:00,727,12,9,194,0,19.4,8.4,2.8,0,0,0,1,0,0,0,1,0,0
2024-07-09 10:00:00,1320,11,11,425,0,16.7,10.8,2.6,0,0,0,0,0,1,0,1,0,0
2024-07-28 17:00:00,1157,18,11,363,0,20.3,5.5,0.0,0,0,0,1,0,0,0,1,0,0
2024-07-03 13:00:00,1073,14,11,254,0,16.2,8.1,0.6,0,0,0,0,0,0,1,1,0,0
2024-07-27 17:00:00,910,18,11,570,0,22.0,5.5,0.0,0,0,1,0,0,0,0,1,0,0
2024-07-08 07:00:00,886,8,11,158,0,16.9,7.0,0.0,0,1,0,0,0,0,0,1,0,0
2024-07-28 00:00:00,582,1,11,385,0,20.3,5.5,0.0,0,0,0,1,0,0,0,1,0,0
2024-07-06 15:00:00,1471,16,12,411,0,16.7,8.4,5.9,0,0,1,0,0,0,0,1,0,0
2024-07-08 11:00:00,1439,12,12,366,0,16.9,7.0,0.0,0,1,0,0,0,0,0,1,0,0
2024-07-08 13:00:00,1417,14,12,494,0,16.9,7.0,0.0,0,1,0,0,0,0,0,1,0,0
2024-07-14 15:00:00,1228,16,12,343,0,20.1,5.5,0.4,0,0,0,1,0,0,0,1,0,0
2024-07-27 10:00:00,1226,11,12,185,0,22.0,5.5,0.0,0,0,1,0,0,0,0,1,0,0
2024-07-14 16:00:00,1180,17,12,456,0,20.1,5.5,0.4,0,0,0,1,0,0,0,1,0,0
2024-07-07 15:00:00,1102,16,12,254,0,19.4,8.4,2.8,0,0,0,1,0,0,0,1,0,0
2024-07-15 20:00:00,966,21,12,327,0,19.2,10.6,0.0,0,1,0,0,0,0,0,1,0,0
2024-07-01 20:00:00,808,21,12,357,0,16.7,8.5,1.0,0,1,0,0,0,0,0,1,0,90
2024-07-10 17:00:00,1957,18,10,413,0,16.6,11.2,1.1,0,0,0,0,0,0,1,1,0,0
2024-07-26 16:00:00,1936,17,10,410,0,20.9,9.0,0.0,1,0,0,0,0,0,0,1,0,0
2024-07-30 17:00:00,1836,18,10,387,0,11.2,5.5,0.2,0,0,0,0,0,1,0,1,0,0
2024-07-05 15:00:00,1742,16,10,472,0,15.2,6.8,3.2,1,0,0,0,0,0,0,1,0,0
2024-07-26 11:00:00,1689,12,10,291,0,20.9,9.0,0.0,1,0,0,0,0,0,0,1,0,0
2024-07-15 16:00:00,1627,17,10,490,0,19.2,10.6,0.0,0,1,0,0,0,0,0,1,0,0
2024-07-10 10:00:00,1589,11,10,273,0,16.6,11.2,1.1,0,0,0,0,0,0,1,1,0,0
2024-07-27 12:00:00,1542,13,10,356,0,22.0,5.5,0.0,0,0,1,0,0,0,0,1,0,0
2024-07-30 16:00:00,1999,17,8,439,0,11.2,5.5,0.2,0,0,0,0,0,1,0,1,0,0
2024-07-11 16:00:00,1966,17,8,316,0,18.6,10.6,0.0,0,0,0,0,1,0,0,1,0,0
2024-07-26 15:00:00,1874,16,8,378,0,20.9,9.0,0.0,1,0,0,0,0,0,0,1,0,0
2024-07-04 10:00:00,1635,11,8,280,0,17.5,6.9,0.0,0,0,0,0,1,0,0,1,0,0
2024-07-04 13:00:00,1627,14,8,465,0,17.5,6.9,0.0,0,0,0,0,1,0,0,1,0,0
2024-07-27 13:00:00,1563,14,8,357,0,22.0,5.5,0.0,0,0,1,0,0,0,0,1,0,0
2024-07-02 13:00:00,1549,14,8,417,0,18.1,8.4,1.5,0,0,0,0,0,1,0,1,0,0
2024-07-06 11:00:00,1545,12,8,320,0,16.7,8.4,5.9,0,0,1,0,0,0,0,1,0,0
2024-07-02 11:00:00,1513,12,8,345,0,18.1,8.4,1.5,0,0,0,0,0,1,0,1,0,0
2024-07-30 13:00:00,1503,14,8,619,0,11.2,5.5,0.2,0,0,0,0,0,1,0,1,0,0
2024-07-25 17:00:00,1470,18,8,508,0,19.8,12.4,0.0,0,0,0,0,1,0,0,1,0,0
2024-07-09 18:00:00,1451,19,8,412,0,16.7,10.8,2.6,0,0,0,0,0,1,0,1,0,0
2024-07-26 10:00:00,1428,11,8,221,0,20.9,9.0,0.0,1,0,0,0,0,0,0,1,0,0
2024-07-15 18:00:00,1376,19,8,411,0,19.2,10.6,0.0,0,1,0,0,0,0,0,1,0,0
2024-07-08 18:00:00,1342,19,8,354,0,16.9,7.0,0.0,0,1,0,0,0,0,0,1,0,0
2024-07-03 10:00:00,1310,11,8,269,0,16.2,8.1,0.6,0,0,0,0,0,0,1,1,0,0
2024-07-05 19:00:00,1301,20,8,649,0,15.2,6.8,3.2,1,0,0,0,0,0,0,1,0,0
2024-07-16 13:00:00,1235,14,8,356,0,21.9,12.6,0.8,0,0,0,0,0,1,0,1,0,0
2024-07-07 12:00:00,1216,13,8,240,0,19.4,8.4,2.8,0,0,0,1,0,0,0,1,0,0
2024-07-25 15:00:00,1214,16,8,334,0,19.8,12.4,0.0,0,0,0,0,1,0,0,1,0,0
2024-07-28 16:00:00,1120,17,8,438,0,20.3,5.5,0.0,0,0,0,1,0,0,0,1,0,0
2024-07-11 10:00:00,1105,11,8,253,0,18.6,10.6,0.0,0,0,0,0,1,0,0,1,0,0
2024-07-13 14:00:00,1049,15,8,376,0,18.5,5.5,0.4,0,0,1,0,0,0,0,1,0,0
2024-07-15 14:00:00,1033,15,8,405,0,19.2,10.6,0.0,0,1,0,0,0,0,0,1,0,0
2024-07-14 10:00:00,977,11,8,214,0,20.1,5.5,0.4,0,0,0,1,0,0,0,1,0,0
2024-07-24 07:00:00,913,8,8,137,0,18.9,12.5,0.8,0,0,0,0,0,0,1,1,0,0
2024-07-06 19:00:00,910,20,8,522,0,16.7,8.4,5.9,0,0,1,0,0,0,0,1,0,0
2024-07-10 20:00:00,881,21,8,272,0,16.6,11.2,1.1,0,0,0,0,0,0,1,1,0,0
2024-07-27 18:00:00,822,19,8,525,0,22.0,5.5,0.0,0,0,1,0,0,0,0,1,0,0
2024-07-13 13:00:00,773,14,8,406,0,18.5,5.5,0.4,0,0,1,0,0,0,0,1,0,0
2024-07-12 07:00:00,730,8,8,106,0,16.3,9.2,0.0,1,0,0,0,0,0,0,1,0,0
2024-07-28 19:00:00,964,20,7,225,0,20.3,5.5,0.0,0,0,0,1,0,0,0,1,0,0
2024-07-07 21:00:00,639,22,8,293,0,19.4,8.4,2.8,0,0,0,1,0,0,0,1,0,0
2024-07-25 07:00:00,632,8,8,152,0,19.8,12.4,0.0,0,0,0,0,1,0,0,1,0,0
2024-07-15 09:00:00,935,10,7,352,0,19.2,10.6,0.0,0,1,0,0,0,0,0,1,0,0
2024-07-14 00:00:00,602,1,8,145,0,20.1,5.5,0.4,0,0,0,1,0,0,0,1,0,0
2024-07-07 10:00:00,924,11,7,199,0,19.4,8.4,2.8,0,0,0,1,0,0,0,1,0,0
2024-07-24 21:00:00,799,22,7,295,0,18.9,12.5,0.8,0,0,0,0,0,0,1,1,0,0
2024-07-29 20:00:00,694,21,7,372,0,21.6,5.5,0.0,0,1,0,0,0,0,0,1,0,0
2024-07-14 01:00:00,477,2,8,154,0,20.1,5.5,0.4,0,0,0,1,0,0,0,1,0,0
2024-07-13 23:00:00,622,0,7,164,0,18.5,5.5,0.4,0,0,1,0,0,0,0,1,0,0
2024-07-23 14:00:00,454,15,8,389,0,20.1,12.5,0.2,0,0,0,0,0,1,0,1,0,0
2024-07-06 00:00:00,461,1,7,192,0,16.7,8.4,5.9,0,0,1,0,0,0,0,1,0,0
2024-07-26 06:00:00,293,7,7,34,0,20.9,9.0,0.0,1,0,0,0,0,0,0,1,0,0
2024-07-08 16:00:00,1692,17,6,472,0,16.9,7.0,0.0,0,1,0,0,0,0,0,1,0,0
2024-07-12 16:00:00,1676,17,6,455,0,16.3,9.2,0.0,1,0,0,0,0,0,0,1,0,0
2024-07-13 12:00:00,1613,13,6,324,0,18.5,5.5,0.4,0,0,1,0,0,0,0,1,0,0
2024-07-04 14:00:00,1563,15,6,356,0,17.5,6.9,0.0,0,0,0,0,1,0,0,1,0,0
2024-07-02 09:00:00,1548,10,6,257,0,18.1,8.4,1.5,0,0,0,0,0,1,0,1,0,0
2024-07-30 14:00:00,1524,15,6,625,0,11.2,5.5,0.2,0,0,0,0,0,1,0,1,0,0
2024-07-03 15:00:00,1411,16,6,343,0,16.2,8.1,0.6,0,0,0,0,0,0,1,1,0,0
2024-07-09 15:00:00,1337,16,6,341,0,16.7,10.8,2.6,0,0,0,0,0,1,0,1,0,0
2024-07-14 12:00:00,1315,13,6,263,0,20.1,5.5,0.4,0,0,0,1,0,0,0,1,0,0
2024-07-06 10:00:00,1263,11,6,264,0,16.7,8.4,5.9,0,0,1,0,0,0,0,1,0,0
2024-07-10 08:00:00,1817,9,7,340,0,16.6,11.2,1.1,0,0,0,0,0,0,1,1,0,0
2024-07-05 16:00:00,1753,17,7,424,0,15.2,6.8,3.2,1,0,0,0,0,0,0,1,0,0
2024-07-31 15:00:00,1728,16,7,406,0,22.9,7.9,0.3,0,0,0,0,0,0,1,1,0,0
2024-07-12 17:00:00,1613,18,7,315,0,16.3,9.2,0.0,1,0,0,0,0,0,0,1,0,0
2024-07-01 16:00:00,1612,17,7,357,0,16.7,8.5,1.0,0,1,0,0,0,0,0,1,0,90
2024-07-05 14:00:00,1554,15,7,417,0,15.2,6.8,3.2,1,0,0,0,0,0,0,1,0,0
2024-07-11 17:00:00,1552,18,7,292,0,18.6,10.6,0.0,0,0,0,0,1,0,0,1,0,0
2024-07-10 09:00:00,1545,10,7,304,0,16.6,11.2,1.1,0,0,0,0,0,0,1,1,0,0
2024-07-01 09:00:00,1541,10,7,395,0,16.7,8.5,1.0,0,1,0,0,0,0,0,1,0,90
2024-07-08 14:00:00,1501,15,7,438,0,16.9,7.0,0.0,0,1,0,0,0,0,0,1,0,0
2024-07-09 13:00:00,1488,14,7,478,0,16.7,10.8,2.6,0,0,0,0,0,1,0,1,0,0
2024-07-10 13:00:00,1488,14,7,397,0,16.6,11.2,1.1,0,0,0,0,0,0,1,1,0,0
2024-07-12 13:00:00,1432,14,7,548,0,16.3,9.2,0.0,1,0,0,0,0,0,0,1,0,0
2024-07-11 08:00:00,1368,9,7,187,0,18.6,10.6,0.0,0,0,0,0,1,0,0,1,0,0
2024-07-13 18:00:00,1302,19,7,361,0,18.5,5.5,0.4,0,0,1,0,0,0,0,1,0,0
2024-07-12 11:00:00,1296,12,7,420,0,16.3,9.2,0.0,1,0,0,0,0,0,0,1,0,0
2024-07-03 19:00:00,1231,20,7,300,0,16.2,8.1,0.6,0,0,0,0,0,0,1,1,0,0
2024-07-03 14:00:00,1118,15,7,336,0,16.2,8.1,0.6,0,0,0,0,0,0,1,1,0,0
2024-07-25 08:00:00,1113,9,7,296,0,19.8,12.4,0.0,0,0,0,0,1,0,0,1,0,0
2024-07-11 20:00:00,1111,21,7,368,0,18.6,10.6,0.0,0,0,0,0,1,0,0,1,0,0
2024-07-07 17:00:00,1085,18,7,232,0,19.4,8.4,2.8,0,0,0,1,0,0,0,1,0,0
2024-07-25 18:00:00,1085,19,7,489,0,19.8,12.4,0.0,0,0,0,0,1,0,0,1,0,0
2024-07-15 08:00:00,1069,9,7,357,0,19.2,10.6,0.0,0,1,0,0,0,0,0,1,0,0
2024-07-25 11:00:00,1021,12,7,366,0,19.8,12.4,0.0,0,0,0,0,1,0,0,1,0,0
2024-07-06 18:00:00,1006,19,7,437,0,16.7,8.4,5.9,0,0,1,0,0,0,0,1,0,0
2024-07-01 06:00:00,312,7,5,28,0,16.7,8.5,1.0,0,1,0,0,0,0,0,1,0,90
2024-07-02 06:00:00,366,7,6,32,0,18.1,8.4,1.5,0,0,0,0,0,1,0,1,0,0
2024-07-08 20:00:00,847,21,5,283,0,16.9,7.0,0.0,0,1,0,0,0,0,0,1,0,0
2024-07-26 20:00:00,829,21,5,408,0,20.9,9.0,0.0,1,0,0,0,0,0,0,1,0,0
2024-07-13 07:00:00,354,8,6,76,0,18.5,5.5,0.4,0,0,1,0,0,0,0,1,0,0
2024-07-15 21:00:00,761,22,5,347,0,19.2,10.6,0.0,0,1,0,0,0,0,0,1,0,0
2024-07-30 11:00:00,1179,12,6,417,0,11.2,5.5,0.2,0,0,0,0,0,1,0,1,0,0
2024-07-29 12:00:00,748,13,5,372,0,21.6,5.5,0.0,0,1,0,0,0,0,0,1,0,0
2024-07-04 19:00:00,745,20,5,514,0,17.5,6.9,0.0,0,0,0,0,1,0,0,1,0,0
2024-07-25 20:00:00,1071,21,6,513,0,19.8,12.4,0.0,0,0,0,0,1,0,0,1,0,0
2024-07-15 11:00:00,1063,12,6,336,0,19.2,10.6,0.0,0,1,0,0,0,0,0,1,0,0
2024-07-09 19:00:00,1000,20,6,254,0,16.7,10.8,2.6,0,0,0,0,0,1,0,1,0,0
2024-07-28 18:00:00,998,19,6,216,0,20.3,5.5,0.0,0,0,0,1,0,0,0,1,0,0
2024-07-07 16:00:00,992,17,6,341,0,19.4,8.4,2.8,0,0,0,1,0,0,0,1,0,0
2024-07-06 09:00:00,979,10,6,172,0,16.7,8.4,5.9,0,0,1,0,0,0,0,1,0,0
2024-07-25 10:00:00,956,11,6,339,0,19.8,12.4,0.0,0,0,0,0,1,0,0,1,0,0
2024-07-02 07:00:00,922,8,6,155,0,18.1,8.4,1.5,0,0,0,0,0,1,0,1,0,0
2024-07-16 07:00:00,919,8,6,119,0,21.9,12.6,0.8,0,0,0,0,0,1,0,1,0,0
2024-07-04 21:00:00,809,22,6,290,0,17.5,6.9,0.0,0,0,0,0,1,0,0,1,0,0
2024-07-25 21:00:00,788,22,6,510,0,19.8,12.4,0.0,0,0,0,0,1,0,0,1,0,0
2024-07-06 20:00:00,783,21,6,498,0,16.7,8.4,5.9,0,0,1,0,0,0,0,1,0,0
2024-07-25 19:00:00,783,20,6,751,0,19.8,12.4,0.0,0,0,0,0,1,0,0,1,0,0
2024-07-05 21:00:00,755,22,6,405,0,15.2,6.8,3.2,1,0,0,0,0,0,0,1,0,0
2024-07-28 09:00:00,684,10,6,58,0,20.3,5.5,0.0,0,0,0,1,0,0,0,1,0,0
2024-07-06 23:00:00,630,0,6,318,0,16.7,8.4,5.9,0,0,1,0,0,0,0,1,0,0
2024-07-27 08:00:00,603,9,6,92,0,22.0,5.5,0.0,0,0,1,0,0,0,0,1,0,0
2024-07-30 22:00:00,594,23,6,115,0,11.2,5.5,0.2,0,0,0,0,0,1,0,1,0,0
2024-07-14 21:00:00,527,22,6,314,0,20.1,5.5,0.4,0,0,0,1,0,0,0,1,0,0
2024-07-07 09:00:00,520,10,6,112,0,19.4,8.4,2.8,0,0,0,1,0,0,0,1,0,0
2024-07-23 22:00:00,493,23,6,200,0,20.1,12.5,0.2,0,0,0,0,0,1,0,1,0,0
2024-07-06 21:00:00,652,22,5,600,0,16.7,8.4,5.9,0,0,1,0,0,0,0,1,0,0
2024-07-04 00:00:00,275,1,5,98,0,17.5,6.9,0.0,0,0,0,0,1,0,0,1,0,0
2024-07-31 22:00:00,634,23,5,206,0,22.9,7.9,0.3,0,0,0,0,0,0,1,1,0,0
2024-07-27 02:00:00,268,3,6,96,0,22.0,5.5,0.0,0,0,1,0,0,0,0,1,0,0
2024-07-24 00:00:00,268,1,6,47,0,18.9,12.5,0.8,0,0,0,0,0,0,1,1,0,0
2024-07-02 22:00:00,553,23,5,216,0,18.1,8.4,1.5,0,0,0,0,0,1,0,1,0,0
2024-07-15 22:00:00,517,23,5,150,0,19.2,10.6,0.0,0,1,0,0,0,0,0,1,0,0
2024-07-24 22:00:00,511,23,5,176,0,18.9,12.5,0.8,0,0,0,0,0,0,1,1,0,0
2024-07-28 01:00:00,484,2,5,273,0,20.3,5.5,0.0,0,0,0,1,0,0,0,1,0,0
2024-07-27 00:00:00,427,1,5,187,0,22.0,5.5,0.0,0,0,1,0,0,0,0,1,0,0
2024-07-07 23:00:00,389,0,5,93,0,19.4,8.4,2.8,0,0,0,1,0,0,0,1,0,0
2024-07-13 21:00:00,386,22,5,626,0,18.5,5.5,0.4,0,0,1,0,0,0,0,1,0,0
2024-07-14 02:00:00,366,3,5,128,0,20.1,5.5,0.4,0,0,0,1,0,0,0,1,0,0
2024-07-08 06:00:00,328,7,5,44,0,16.9,7.0,0.0,0,1,0,0,0,0,0,1,0,0
2024-07-09 06:00:00,327,7,5,58,0,16.7,10.8,2.6,0,0,0,0,0,1,0,1,0,0
2024-07-07 01:00:00,313,2,5,438,0,19.4,8.4,2.8,0,0,0,1,0,0,0,1,0,0
2024-07-26 14:00:00,2142,15,5,394,0,20.9,9.0,0.0,1,0,0,0,0,0,0,1,0,0
2024-07-31 16:00:00,1938,17,5,472,0,22.9,7.9,0.3,0,0,0,0,0,0,1,1,0,0
2024-07-02 08:00:00,1781,9,5,342,0,18.1,8.4,1.5,0,0,0,0,0,1,0,1,0,0
2024-07-03 17:00:00,1735,18,5,373,0,16.2,8.1,0.6,0,0,0,0,0,0,1,1,0,0
2024-07-04 11:00:00,1557,12,5,313,0,17.5,6.9,0.0,0,0,0,0,1,0,0,1,0,0
2024-07-29 16:00:00,1518,17,5,157,0,21.6,5.5,0.0,0,1,0,0,0,0,0,1,0,0
2024-07-08 12:00:00,1483,13,5,503,0,16.9,7.0,0.0,0,1,0,0,0,0,0,1,0,0
2024-07-24 15:00:00,1450,16,5,252,0,18.9,12.5,0.8,0,0,0,0,0,0,1,1,0,0
2024-07-13 15:00:00,1445,16,5,343,0,18.5,5.5,0.4,0,0,1,0,0,0,0,1,0,0
2024-07-02 14:00:00,1436,15,5,270,0,18.1,8.4,1.5,0,0,0,0,0,1,0,1,0,0
2024-07-06 16:00:00,1412,17,5,510,0,16.7,8.4,5.9,0,0,1,0,0,0,0,1,0,0
2024-07-13 16:00:00,1400,17,5,293,0,18.5,5.5,0.4,0,0,1,0,0,0,0,1,0,0
2024-07-30 10:00:00,1394,11,5,275,0,11.2,5.5,0.2,0,0,0,0,0,1,0,1,0,0
2024-07-09 09:00:00,1198,10,5,364,0,16.7,10.8,2.6,0,0,0,0,0,1,0,1,0,0
2024-07-01 11:00:00,1197,12,5,302,0,16.7,8.5,1.0,0,1,0,0,0,0,0,1,0,90
2024-07-14 18:00:00,1117,19,5,468,0,20.1,5.5,0.4,0,0,0,1,0,0,0,1,0,0
2024-07-04 20:00:00,1113,21,5,369,0,17.5,6.9,0.0,0,0,0,0,1,0,0,1,0,0
2024-07-07 19:00:00,1003,20,5,308,0,19.4,8.4,2.8,0,0,0,1,0,0,0,1,0,0
2024-07-05 11:00:00,971,12,5,318,0,15.2,6.8,3.2,1,0,0,0,0,0,0,1,0,0
2024-07-23 19:00:00,947,20,5,343,0,20.1,12.5,0.2,0,0,0,0,0,1,0,1,0,0
2024-07-25 09:00:00,899,10,5,277,0,19.8,12.4,0.0,0,0,0,0,1,0,0,1,0,0
2024-07-30 15:00:00,1713,16,4,459,0,11.2,5.5,0.2,0,0,0,0,0,1,0,1,0,0
2024-07-10 12:00:00,1546,13,4,444,0,16.6,11.2,1.1,0,0,0,0,0,0,1,1,0,0
2024-07-12 14:00:00,1543,15,4,609,0,16.3,9.2,0.0,1,0,0,0,0,0,0,1,0,0
2024-07-23 23:00:00,386,0,4,69,0,20.1,12.5,0.2,0,0,0,0,0,1,0,1,0,0
2024-07-03 06:00:00,375,7,4,45,0,16.2,8.1,0.6,0,0,0,0,0,0,1,1,0,0
2024-07-15 23:00:00,369,0,4,74,0,19.2,10.6,0.0,0,1,0,0,0,0,0,1,0,0
2024-07-13 20:00:00,368,21,4,607,0,18.5,5.5,0.4,0,0,1,0,0,0,0,1,0,0
2024-07-02 23:00:00,359,0,4,88,0,18.1,8.4,1.5,0,0,0,0,0,1,0,1,0,0
2024-07-06 01:00:00,340,2,4,155,0,16.7,8.4,5.9,0,0,1,0,0,0,0,1,0,0
2024-07-14 08:00:00,336,9,4,70,0,20.1,5.5,0.4,0,0,0,1,0,0,0,1,0,0
2024-07-10 06:00:00,327,7,4,33,0,16.6,11.2,1.1,0,0,0,0,0,0,1,1,0,0
2024-07-29 07:00:00,321,8,4,120,0,21.6,5.5,0.0,0,1,0,0,0,0,0,1,0,0
2024-07-05 06:00:00,308,7,4,38,0,15.2,6.8,3.2,1,0,0,0,0,0,0,1,0,0
2024-07-07 08:00:00,301,9,4,57,0,19.4,8.4,2.8,0,0,0,1,0,0,0,1,0,0
2024-07-15 01:00:00,218,2,4,137,0,19.2,10.6,0.0,0,1,0,0,0,0,0,1,0,0
2024-07-28 13:00:00,1527,14,4,242,0,20.3,5.5,0.0,0,0,0,1,0,0,0,1,0,0
2024-07-28 14:00:00,1422,15,4,332,0,20.3,5.5,0.0,0,0,0,1,0,0,0,1,0,0
2024-07-11 07:00:00,264,8,3,75,0,18.6,10.6,0.0,0,0,0,0,1,0,0,1,0,0
2024-07-09 12:00:00,1350,13,4,433,0,16.7,10.8,2.6,0,0,0,0,0,1,0,1,0,0
2024-07-11 13:00:00,1299,14,4,322,0,18.6,10.6,0.0,0,0,0,0,1,0,0,1,0,0
2024-07-28 15:00:00,1227,16,4,417,0,20.3,5.5,0.0,0,0,0,1,0,0,0,1,0,0
2024-07-25 13:00:00,1153,14,4,459,0,19.8,12.4,0.0,0,0,0,0,1,0,0,1,0,0
2024-07-06 17:00:00,1042,18,4,482,0,16.7,8.4,5.9,0,0,1,0,0,0,0,1,0,0
2024-07-01 23:00:00,217,0,3,8,0,16.7,8.5,1.0,0,1,0,0,0,0,0,1,0,90
2024-07-23 20:00:00,976,21,4,316,0,20.1,12.5,0.2,0,0,0,0,0,1,0,1,0,0
2024-07-08 00:00:00,199,1,3,99,0,16.9,7.0,0.0,0,1,0,0,0,0,0,1,0,0
2024-07-02 21:00:00,738,22,4,289,0,18.1,8.4,1.5,0,0,0,0,0,1,0,1,0,0
2024-07-31 21:00:00,736,22,4,311,0,22.9,7.9,0.3,0,0,0,0,0,0,1,1,0,0
2024-07-23 16:00:00,1769,17,3,406,0,20.1,12.5,0.2,0,0,0,0,0,1,0,1,0,0
2024-07-08 15:00:00,1644,16,3,436,0,16.9,7.0,0.0,0,1,0,0,0,0,0,1,0,0
2024-07-09 08:00:00,1581,9,3,356,0,16.7,10.8,2.6,0,0,0,0,0,1,0,1,0,0
2024-07-01 15:00:00,1534,16,3,305,0,16.7,8.5,1.0,0,1,0,0,0,0,0,1,0,90
2024-07-11 15:00:00,1487,16,3,315,0,18.6,10.6,0.0,0,0,0,0,1,0,0,1,0,0
2024-07-03 18:00:00,1457,19,3,266,0,16.2,8.1,0.6,0,0,0,0,0,0,1,1,0,0
2024-07-11 11:00:00,1369,12,3,260,0,18.6,10.6,0.0,0,0,0,0,1,0,0,1,0,0
2024-07-28 11:00:00,1311,12,3,86,0,20.3,5.5,0.0,0,0,0,1,0,0,0,1,0,0
2024-07-28 10:00:00,1225,11,3,97,0,20.3,5.5,0.0,0,0,0,1,0,0,0,1,0,0
2024-07-04 16:00:00,1190,17,3,343,0,17.5,6.9,0.0,0,0,0,0,1,0,0,1,0,0
2024-07-11 09:00:00,1153,10,3,292,0,18.6,10.6,0.0,0,0,0,0,1,0,0,1,0,0
2024-07-15 13:00:00,1118,14,3,462,0,19.2,10.6,0.0,0,1,0,0,0,0,0,1,0,0
2024-07-01 12:00:00,1112,13,3,367,0,16.7,8.5,1.0,0,1,0,0,0,0,0,1,0,90
2024-07-13 09:00:00,979,10,3,150,0,18.5,5.5,0.4,0,0,1,0,0,0,0,1,0,0
2024-07-16 00:00:00,167,1,4,80,0,21.9,12.6,0.8,0,0,0,0,0,1,0,1,0,0
2024-07-03 07:00:00,971,8,3,186,0,16.2,8.1,0.6,0,0,0,0,0,0,1,1,0,0
2024-07-23 21:00:00,715,22,4,283,0,20.1,12.5,0.2,0,0,0,0,0,1,0,1,0,0
2024-07-31 06:00:00,189,7,3,24,0,22.9,7.9,0.3,0,0,0,0,0,0,1,1,0,0
2024-07-15 10:00:00,969,11,3,220,0,19.2,10.6,0.0,0,1,0,0,0,0,0,1,0,0
2024-07-16 02:00:00,99,3,3,31,0,21.9,12.6,0.8,0,0,0,0,0,1,0,1,0,0
2024-07-11 22:00:00,694,23,4,313,0,18.6,10.6,0.0,0,0,0,0,1,0,0,1,0,0
2024-07-26 19:00:00,936,20,3,305,0,20.9,9.0,0.0,1,0,0,0,0,0,0,1,0,0
2024-07-14 20:00:00,672,21,4,323,0,20.1,5.5,0.4,0,0,0,1,0,0,0,1,0,0
2024-07-01 07:00:00,910,8,3,136,0,16.7,8.5,1.0,0,1,0,0,0,0,0,1,0,90
2024-07-10 07:00:00,875,8,3,118,0,16.6,11.2,1.1,0,0,0,0,0,0,1,1,0,0
2024-07-15 04:00:00,94,5,4,45,0,19.2,10.6,0.0,0,1,0,0,0,0,0,1,0,0
2024-07-29 08:00:00,634,9,4,240,0,21.6,5.5,0.0,0,1,0,0,0,0,0,1,0,0
2024-07-04 18:00:00,856,19,3,466,0,17.5,6.9,0.0,0,0,0,0,1,0,0,1,0,0
2024-07-13 22:00:00,614,23,4,283,0,18.5,5.5,0.4,0,0,1,0,0,0,0,1,0,0
2024-07-07 07:00:00,165,8,3,63,0,19.4,8.4,2.8,0,0,0,1,0,0,0,1,0,0
2024-07-03 21:00:00,749,22,3,336,0,16.2,8.1,0.6,0,0,0,0,0,0,1,1,0,0
2024-07-05 23:00:00,565,0,4,167,0,15.2,6.8,3.2,1,0,0,0,0,0,0,1,0,0
2024-07-05 22:00:00,682,23,3,342,0,15.2,6.8,3.2,1,0,0,0,0,0,0,1,0,0
2024-07-29 11:00:00,679,12,3,259,0,21.6,5.5,0.0,0,1,0,0,0,0,0,1,0,0
2024-07-29 09:00:00,605,10,3,227,0,21.6,5.5,0.0,0,1,0,0,0,0,0,1,0,0
2024-07-03 22:00:00,593,23,3,252,0,16.2,8.1,0.6,0,0,0,0,0,0,1,1,0,0
2024-07-14 23:00:00,345,0,3,131,0,20.1,5.5,0.4,0,0,0,1,0,0,0,1,0,0
2024-07-07 02:00:00,295,3,3,517,0,19.4,8.4,2.8,0,0,0,1,0,0,0,1,0,0
2024-07-15 02:00:00,163,3,3,53,0,19.2,10.6,0.0,0,1,0,0,0,0,0,1,0,0
2024-07-04 22:00:00,543,23,4,193,0,17.5,6.9,0.0,0,0,0,0,1,0,0,1,0,0
2024-07-09 01:00:00,67,2,3,70,0,16.7,10.8,2.6,0,0,0,0,0,1,0,1,0,0
2024-07-12 22:00:00,537,23,4,395,0,16.3,9.2,0.0,1,0,0,0,0,0,0,1,0,0
2024-07-26 22:00:00,528,23,4,418,0,20.9,9.0,0.0,1,0,0,0,0,0,0,1,0,0
2024-07-07 22:00:00,487,23,4,187,0,19.4,8.4,2.8,0,0,0,1,0,0,0,1,0,0
2024-07-29 21:00:00,480,22,4,256,0,21.6,5.5,0.0,0,1,0,0,0,0,0,1,0,0
2024-07-10 00:00:00,145,1,3,39,0,16.6,11.2,1.1,0,0,0,0,0,0,1,1,0,0
2024-07-01 21:00:00,467,22,4,174,0,16.7,8.5,1.0,0,1,0,0,0,0,0,1,0,90
2024-07-07 06:00:00,131,7,3,42,0,19.4,8.4,2.8,0,0,0,1,0,0,0,1,0,0
2024-07-06 02:00:00,119,3,3,236,0,16.7,8.4,5.9,0,0,1,0,0,0,0,1,0,0
2024-07-28 21:00:00,679,22,2,235,0,20.3,5.5,0.0,0,0,0,1,0,0,0,1,0,0
2024-07-14 06:00:00,163,7,2,31,0,20.1,5.5,0.4,0,0,0,1,0,0,0,1,0,0
2024-07-15 07:00:00,618,8,2,159,0,19.2,10.6,0.0,0,1,0,0,0,0,0,1,0,0
2024-07-28 04:00:00,160,5,2,107,0,20.3,5.5,0.0,0,0,0,1,0,0,0,1,0,0
2024-07-10 22:00:00,584,23,2,337,0,16.6,11.2,1.1,0,0,0,0,0,0,1,1,0,0
2024-07-01 22:00:00,306,23,2,20,0,16.7,8.5,1.0,0,1,0,0,0,0,0,1,0,90
2024-07-12 00:00:00,159,1,2,25,0,16.3,9.2,0.0,1,0,0,0,0,0,0,1,0,0
2024-07-09 20:00:00,567,21,2,314,0,16.7,10.8,2.6,0,0,0,0,0,1,0,1,0,0
2024-07-27 23:00:00,478,0,2,404,0,22.0,5.5,0.0,0,0,1,0,0,0,0,1,0,0
2024-07-26 23:00:00,438,0,2,180,0,20.9,9.0,0.0,1,0,0,0,0,0,0,1,0,0
2024-07-12 21:00:00,430,22,2,516,0,16.3,9.2,0.0,1,0,0,0,0,0,0,1,0,0
2024-07-27 01:00:00,397,2,2,119,0,22.0,5.5,0.0,0,0,1,0,0,0,0,1,0,0
2024-07-27 22:00:00,365,23,2,589,0,22.0,5.5,0.0,0,0,1,0,0,0,0,1,0,0
2024-07-12 06:00:00,361,7,2,39,0,16.3,9.2,0.0,1,0,0,0,0,0,0,1,0,0
2024-07-24 06:00:00,357,7,2,31,0,18.9,12.5,0.8,0,0,0,0,0,0,1,1,0,0
2024-07-06 07:00:00,347,8,2,101,0,16.7,8.4,5.9,0,0,1,0,0,0,0,1,0,0
2024-07-30 06:00:00,346,7,2,64,0,11.2,5.5,0.2,0,0,0,0,0,1,0,1,0,0
2024-07-30 23:00:00,336,0,2,44,0,11.2,5.5,0.2,0,0,0,0,0,1,0,1,0,0
2024-07-24 23:00:00,335,0,2,61,0,18.9,12.5,0.8,0,0,0,0,0,0,1,1,0,0
2024-07-28 22:00:00,332,23,2,175,0,20.3,5.5,0.0,0,0,0,1,0,0,0,1,0,0
2024-07-27 07:00:00,325,8,2,79,0,22.0,5.5,0.0,0,0,1,0,0,0,0,1,0,0
2024-07-05 02:00:00,76,3,2,36,0,15.2,6.8,3.2,1,0,0,0,0,0,0,1,0,0
2024-07-13 06:00:00,155,7,2,22,0,18.5,5.5,0.4,0,0,1,0,0,0,0,1,0,0
2024-07-04 02:00:00,145,3,2,60,0,17.5,6.9,0.0,0,0,0,0,1,0,0,1,0,0
2024-07-30 05:00:00,144,6,2,42,0,11.2,5.5,0.2,0,0,0,0,0,1,0,1,0,0
2024-07-16 01:00:00,138,2,2,40,0,21.9,12.6,0.8,0,0,0,0,0,1,0,1,0,0
2024-07-14 05:00:00,128,6,2,56,0,20.1,5.5,0.4,0,0,0,1,0,0,0,1,0,0
2024-07-27 04:00:00,117,5,2,43,0,22.0,5.5,0.0,0,0,1,0,0,0,0,1,0,0
2024-07-31 02:00:00,116,3,2,36,0,22.9,7.9,0.3,0,0,0,0,0,0,1,1,0,0
2024-07-26 00:00:00,113,1,2,121,0,20.9,9.0,0.0,1,0,0,0,0,0,0,1,0,0
2024-07-25 02:00:00,110,3,2,63,0,19.8,12.4,0.0,0,0,0,0,1,0,0,1,0,0
2024-07-10 05:00:00,107,6,2,51,0,16.6,11.2,1.1,0,0,0,0,0,0,1,1,0,0
2024-07-04 04:00:00,103,5,2,27,0,17.5,6.9,0.0,0,0,0,0,1,0,0,1,0,0
2024-07-06 03:00:00,95,4,2,175,0,16.7,8.4,5.9,0,0,1,0,0,0,0,1,0,0
2024-07-02 04:00:00,89,5,2,21,0,18.1,8.4,1.5,0,0,0,0,0,1,0,1,0,0
2024-07-14 03:00:00,282,4,2,170,0,20.1,5.5,0.4,0,0,0,1,0,0,0,1,0,0
2024-07-28 12:00:00,1937,13,2,121,0,20.3,5.5,0.0,0,0,0,1,0,0,0,1,0,0
2024-07-10 11:00:00,1613,12,2,300,0,16.6,11.2,1.1,0,0,0,0,0,0,1,1,0,0
2024-07-25 16:00:00,1569,17,2,487,0,19.8,12.4,0.0,0,0,0,0,1,0,0,1,0,0
2024-07-02 15:00:00,1521,16,2,310,0,18.1,8.4,1.5,0,0,0,0,0,1,0,1,0,0
2024-07-07 13:00:00,1238,14,2,333,0,19.4,8.4,2.8,0,0,0,1,0,0,0,1,0,0
2024-07-15 12:00:00,1144,13,2,470,0,19.2,10.6,0.0,0,1,0,0,0,0,0,1,0,0
2024-07-26 18:00:00,1112,19,2,288,0,20.9,9.0,0.0,1,0,0,0,0,0,0,1,0,0
2024-07-03 20:00:00,1110,21,2,423,0,16.2,8.1,0.6,0,0,0,0,0,0,1,1,0,0
2024-07-10 21:00:00,741,22,2,308,0,16.6,11.2,1.1,0,0,0,0,0,0,1,1,0,0
2024-07-23 15:00:00,702,16,2,327,0,20.1,12.5,0.2,0,0,0,0,0,1,0,1,0,0
2024-07-25 06:00:00,266,7,2,35,0,19.8,12.4,0.0,0,0,0,0,1,0,0,1,0,0
2024-07-15 00:00:00,258,1,2,119,0,19.2,10.6,0.0,0,1,0,0,0,0,0,1,0,0
2024-07-06 04:00:00,10,5,2,188,0,16.7,8.4,5.9,0,0,1,0,0,0,0,1,0,0
2024-07-25 00:00:00,253,1,2,72,0,19.8,12.4,0.0,0,0,0,0,1,0,0,1,0,0
2024-07-31 00:00:00,250,1,2,38,0,22.9,7.9,0.3,0,0,0,0,0,0,1,1,0,0
2024-07-08 22:00:00,223,23,2,257,0,16.9,7.0,0.0,0,1,0,0,0,0,0,1,0,0
2024-07-05 10:00:00,211,11,2,280,0,15.2,6.8,3.2,1,0,0,0,0,0,0,1,0,0
2024-07-07 03:00:00,208,4,2,480,0,19.4,8.4,2.8,0,0,0,1,0,0,0,1,0,0
2024-07-28 03:00:00,201,4,2,514,0,20.3,5.5,0.0,0,0,0,1,0,0,0,1,0,0
2024-07-09 23:00:00,195,0,2,37,0,16.7,10.8,2.6,0,0,0,0,0,1,0,1,0,0
2024-07-27 19:00:00,190,20,2,524,0,22.0,5.5,0.0,0,0,1,0,0,0,0,1,0,0
2024-07-27 06:00:00,190,7,2,23,0,22.0,5.5,0.0,0,0,1,0,0,0,0,1,0,0
2024-07-03 05:00:00,189,6,2,69,0,16.2,8.1,0.6,0,0,0,0,0,0,1,1,0,0
2024-07-25 01:00:00,185,2,2,39,0,19.8,12.4,0.0,0,0,0,0,1,0,0,1,0,0
2024-07-24 05:00:00,177,6,2,37,0,18.9,12.5,0.8,0,0,0,0,0,0,1,1,0,0
2024-07-28 23:00:00,164,0,2,87,0,20.3,5.5,0.0,0,0,0,1,0,0,0,1,0,0
2024-07-12 03:00:00,53,4,2,57,0,16.3,9.2,0.0,1,0,0,0,0,0,0,1,0,0
2024-07-08 03:00:00,51,4,2,24,0,16.9,7.0,0.0,0,1,0,0,0,0,0,1,0,0
2024-07-10 02:00:00,49,3,2,75,0,16.6,11.2,1.1,0,0,0,0,0,0,1,1,0,0
2024-07-29 04:00:00,48,5,2,70,0,21.6,5.5,0.0,0,1,0,0,0,0,0,1,0,0
2024-07-05 03:00:00,42,4,2,45,0,15.2,6.8,3.2,1,0,0,0,0,0,0,1,0,0
2024-07-09 05:00:00,98,6,1,30,0,16.7,10.8,2.6,0,0,0,0,0,1,0,1,0,0
2024-07-12 02:00:00,97,3,1,33,0,16.3,9.2,0.0,1,0,0,0,0,0,0,1,0,0
2024-07-13 02:00:00,249,3,1,234,0,18.5,5.5,0.4,0,0,1,0,0,0,0,1,0,0
2024-07-26 01:00:00,95,2,1,81,0,20.9,9.0,0.0,1,0,0,0,0,0,0,1,0,0
2024-07-29 22:00:00,244,23,1,185,0,21.6,5.5,0.0,0,1,0,0,0,0,0,1,0,0
2024-07-06 22:00:00,509,23,1,603,0,16.7,8.4,5.9,0,0,1,0,0,0,0,1,0,0
2024-07-26 03:00:00,31,4,1,62,0,20.9,9.0,0.0,1,0,0,0,0,0,0,1,0,0
2024-07-25 22:00:00,498,23,1,389,0,19.8,12.4,0.0,0,0,0,0,1,0,0,1,0,0
2024-07-26 21:00:00,479,22,1,448,0,20.9,9.0,0.0,1,0,0,0,0,0,0,1,0,0
2024-07-04 03:00:00,94,4,1,18,0,17.5,6.9,0.0,0,0,0,0,1,0,0,1,0,0
2024-07-12 23:00:00,477,0,1,198,0,16.3,9.2,0.0,1,0,0,0,0,0,0,1,0,0
2024-07-27 20:00:00,225,21,1,519,0,22.0,5.5,0.0,0,0,1,0,0,0,0,1,0,0
2024-07-28 08:00:00,447,9,1,38,0,20.3,5.5,0.0,0,0,0,1,0,0,0,1,0,0
2024-07-27 21:00:00,436,22,1,579,0,22.0,5.5,0.0,0,0,1,0,0,0,0,1,0,0
2024-07-02 01:00:00,147,2,1,23,0,18.1,8.4,1.5,0,0,0,0,0,1,0,1,0,0
2024-07-09 22:00:00,212,23,1,201,0,16.7,10.8,2.6,0,0,0,0,0,1,0,1,0,0
2024-07-11 01:00:00,197,2,1,42,0,18.6,10.6,0.0,0,0,0,0,1,0,0,1,0,0
2024-07-09 03:00:00,27,4,1,10,0,16.7,10.8,2.6,0,0,0,0,0,1,0,1,0,0
2024-07-04 05:00:00,195,6,1,35,0,17.5,6.9,0.0,0,0,0,0,1,0,0,1,0,0
2024-07-01 00:00:00,140,1,1,80,0,16.7,8.5,1.0,0,1,0,0,0,0,0,1,0,90
2024-07-03 23:00:00,406,0,1,78,0,16.2,8.1,0.6,0,0,0,0,0,0,1,1,0,0
2024-07-04 23:00:00,388,0,1,85,0,17.5,6.9,0.0,0,0,0,0,1,0,0,1,0,0
2024-07-10 23:00:00,183,0,1,103,0,16.6,11.2,1.1,0,0,0,0,0,0,1,1,0,0
2024-07-01 05:00:00,182,6,1,30,0,16.7,8.5,1.0,0,1,0,0,0,0,0,1,0,90
2024-07-08 01:00:00,132,2,1,43,0,16.9,7.0,0.0,0,1,0,0,0,0,0,1,0,0
2024-07-05 05:00:00,175,6,1,27,0,15.2,6.8,3.2,1,0,0,0,0,0,0,1,0,0
2024-07-05 01:00:00,174,2,1,33,0,15.2,6.8,3.2,1,0,0,0,0,0,0,1,0,0
2024-07-02 05:00:00,174,6,1,36,0,18.1,8.4,1.5,0,0,0,0,0,1,0,1,0,0
2024-07-07 05:00:00,168,6,1,62,0,19.4,8.4,2.8,0,0,0,1,0,0,0,1,0,0
2024-07-16 05:00:00,166,6,1,38,0,21.9,12.6,0.8,0,0,0,0,0,1,0,1,0,0
2024-07-11 04:00:00,79,5,1,16,0,18.6,10.6,0.0,0,0,0,0,1,0,0,1,0,0
2024-07-08 21:00:00,358,22,1,246,0,16.9,7.0,0.0,0,1,0,0,0,0,0,1,0,0
2024-07-29 06:00:00,161,7,1,43,0,21.6,5.5,0.0,0,1,0,0,0,0,0,1,0,0
2024-07-08 05:00:00,160,6,1,42,0,16.9,7.0,0.0,0,1,0,0,0,0,0,1,0,0
2024-07-04 15:00:00,1305,16,1,246,0,17.5,6.9,0.0,0,0,0,0,1,0,0,1,0,0
2024-07-05 12:00:00,1235,13,1,373,0,15.2,6.8,3.2,1,0,0,0,0,0,0,1,0,0
2024-07-09 14:00:00,1190,15,1,324,0,16.7,10.8,2.6,0,0,0,0,0,1,0,1,0,0
2024-07-04 17:00:00,1142,18,1,488,0,17.5,6.9,0.0,0,0,0,0,1,0,0,1,0,0
2024-07-25 12:00:00,1063,13,1,399,0,19.8,12.4,0.0,0,0,0,0,1,0,0,1,0,0
2024-07-31 11:00:00,1029,12,1,144,0,22.9,7.9,0.3,0,0,0,0,0,0,1,1,0,0
2024-07-29 10:00:00,729,11,1,194,0,21.6,5.5,0.0,0,1,0,0,0,0,0,1,0,0
2024-07-13 08:00:00,640,9,1,104,0,18.5,5.5,0.4,0,0,1,0,0,0,0,1,0,0
2024-07-08 02:00:00,77,3,1,24,0,16.9,7.0,0.0,0,1,0,0,0,0,0,1,0,0
2024-07-16 06:00:00,356,7,1,39,0,21.9,12.6,0.8,0,0,0,0,0,1,0,1,0,0
2024-07-27 05:00:00,127,6,1,40,0,22.0,5.5,0.0,0,0,1,0,0,0,0,1,0,0
2024-07-13 00:00:00,337,1,1,321,0,18.5,5.5,0.4,0,0,1,0,0,0,0,1,0,0
2024-07-13 04:00:00,159,5,1,99,0,18.5,5.5,0.4,0,0,1,0,0,0,0,1,0,0
2024-07-12 01:00:00,122,2,1,26,0,16.3,9.2,0.0,1,0,0,0,0,0,0,1,0,0
2024-07-15 06:00:00,332,7,1,42,0,19.2,10.6,0.0,0,1,0,0,0,0,0,1,0,0
2024-07-13 01:00:00,320,2,1,146,0,18.5,5.5,0.4,0,0,1,0,0,0,0,1,0,0
2024-07-28 05:00:00,113,6,1,75,0,20.3,5.5,0.0,0,0,0,1,0,0,0,1,0,0
2024-07-14 04:00:00,154,5,1,60,0,20.1,5.5,0.4,0,0,0,1,0,0,0,1,0,0
2024-07-16 04:00:00,68,5,1,18,0,21.9,12.6,0.8,0,0,0,0,0,1,0,1,0,0
2024-07-30 02:00:00,44,3,1,42,0,11.2,5.5,0.2,0,0,0,0,0,1,0,1,0,0
2024-07-29 03:00:00,42,4,1,77,0,21.6,5.5,0.0,0,1,0,0,0,0,0,1,0,0
2024-07-13 05:00:00,106,6,1,42,0,18.5,5.5,0.4,0,0,1,0,0,0,0,1,0,0
2024-07-12 04:00:00,101,5,1,50,0,16.3,9.2,0.0,1,0,0,0,0,0,0,1,0,0
2024-07-25 03:00:00,37,4,1,25,0,19.8,12.4,0.0,0,0,0,0,1,0,0,1,0,0
2024-07-09 00:00:00,99,1,1,39,0,16.7,10.8,2.6,0,0,0,0,0,1,0,1,0,0
2024-07-10 01:00:00,99,2,1,19,0,16.6,11.2,1.1,0,0,0,0,0,0,1,1,0,0
2024-07-31 01:00:00,196,2,0,19,0,22.9,7.9,0.3,0,0,0,0,0,0,1,1,0,0
2024-07-03 04:00:00,90,5,0,45,0,16.2,8.1,0.6,0,0,0,0,0,0,1,1,0,0
2024-07-31 12:00:00,1189,13,0,197,0,22.9,7.9,0.3,0,0,0,0,0,0,1,1,0,0
2024-07-30 00:00:00,89,1,0,102,0,11.2,5.5,0.2,0,0,0,0,0,1,0,1,0,0
2024-07-07 00:00:00,383,1,0,164,0,19.4,8.4,2.8,0,0,0,1,0,0,0,1,0,0
2024-07-08 23:00:00,186,0,0,123,0,16.9,7.0,0.0,0,1,0,0,0,0,0,1,0,0
2024-07-31 23:00:00,382,0,0,68,0,22.9,7.9,0.3,0,0,0,0,0,0,1,1,0,0
2024-07-10 03:00:00,54,4,0,44,0,16.6,11.2,1.1,0,0,0,0,0,0,1,1,0,0
2024-07-03 01:00:00,181,2,0,37,0,16.2,8.1,0.6,0,0,0,0,0,0,1,1,0,0
2024-07-03 03:00:00,88,4,0,24,0,16.2,8.1,0.6,0,0,0,0,0,0,1,1,0,0
2024-07-30 01:00:00,53,2,0,73,0,11.2,5.5,0.2,0,0,0,0,0,1,0,1,0,0
2024-07-25 04:00:00,65,5,0,30,0,19.8,12.4,0.0,0,0,0,0,1,0,0,1,0,0
2024-07-23 13:00:00,177,14,0,99,0,20.1,12.5,0.2,0,0,0,0,0,1,0,1,0,0
2024-07-29 05:00:00,87,6,0,52,0,21.6,5.5,0.0,0,1,0,0,0,0,0,1,0,0
2024-07-04 06:00:00,349,7,0,28,0,17.5,6.9,0.0,0,0,0,0,1,0,0,1,0,0
2024-07-29 02:00:00,64,3,0,63,0,21.6,5.5,0.0,0,1,0,0,0,0,0,1,0,0
2024-07-25 05:00:00,176,6,0,32,0,19.8,12.4,0.0,0,0,0,0,1,0,0,1,0,0
2024-07-11 05:00:00,167,6,0,41,0,18.6,10.6,0.0,0,0,0,0,1,0,0,1,0,0
2024-07-24 01:00:00,162,2,0,36,0,18.9,12.5,0.8,0,0,0,0,0,0,1,1,0,0
2024-07-12 05:00:00,161,6,0,50,0,16.3,9.2,0.0,1,0,0,0,0,0,0,1,0,0
2024-07-15 05:00:00,148,6,0,62,0,19.2,10.6,0.0,0,1,0,0,0,0,0,1,0,0
2024-07-01 01:00:00,145,2,0,76,0,16.7,8.5,1.0,0,1,0,0,0,0,0,1,0,90
2024-07-07 04:00:00,138,5,0,83,0,19.4,8.4,2.8,0,0,0,1,0,0,0,1,0,0
2024-07-02 02:00:00,121,3,0,18,0,18.1,8.4,1.5,0,0,0,0,0,1,0,1,0,0
2024-07-03 02:00:00,121,3,0,42,0,16.2,8.1,0.6,0,0,0,0,0,0,1,1,0,0
2024-07-29 23:00:00,119,0,0,67,0,21.6,5.5,0.0,0,1,0,0,0,0,0,1,0,0
2024-07-01 02:00:00,117,3,0,41,0,16.7,8.5,1.0,0,1,0,0,0,0,0,1,0,90
2024-07-11 02:00:00,115,3,0,40,0,18.6,10.6,0.0,0,0,0,0,1,0,0,1,0,0
2024-07-09 21:00:00,336,22,0,218,0,16.7,10.8,2.6,0,0,0,0,0,1,0,1,0,0
2024-07-08 04:00:00,84,5,0,48,0,16.9,7.0,0.0,0,1,0,0,0,0,0,1,0,0
2024-07-28 07:00:00,333,8,0,17,0,20.3,5.5,0.0,0,0,0,1,0,0,0,1,0,0
2024-07-11 06:00:00,263,7,0,36,0,18.6,10.6,0.0,0,0,0,0,1,0,0,1,0,0
2024-07-03 00:00:00,224,1,0,44,0,16.2,8.1,0.6,0,0,0,0,0,0,1,1,0,0
2024-07-05 00:00:00,221,1,0,49,0,15.2,6.8,3.2,1,0,0,0,0,0,0,1,0,0
2024-07-14 07:00:00,221,8,0,49,0,20.1,5.5,0.4,0,0,0,1,0,0,0,1,0,0
2024-07-04 01:00:00,218,2,0,45,0,17.5,6.9,0.0,0,0,0,0,1,0,0,1,0,0
2024-07-27 03:00:00,211,4,0,96,0,22.0,5.5,0.0,0,0,1,0,0,0,0,1,0,0
2024-07-13 03:00:00,208,4,0,226,0,18.5,5.5,0.4,0,0,1,0,0,0,0,1,0,0
2024-07-28 06:00:00,203,7,0,13,0,20.3,5.5,0.0,0,0,0,1,0,0,0,1,0,0
2024-07-11 00:00:00,203,1,0,47,0,18.6,10.6,0.0,0,0,0,0,1,0,0,1,0,0
2024-07-25 23:00:00,202,0,0,194,0,19.8,12.4,0.0,0,0,0,0,1,0,0,1,0,0
2024-07-11 23:00:00,200,0,0,81,0,18.6,10.6,0.0,0,0,0,0,1,0,0,1,0,0
2024-07-06 06:00:00,110,7,0,20,0,16.7,8.4,5.9,0,0,1,0,0,0,0,1,0,0
2024-07-01 04:00:00,80,5,0,14,0,16.7,8.5,1.0,0,1,0,0,0,0,0,1,0,90
2024-07-26 02:00:00,50,3,0,88,0,20.9,9.0,0.0,1,0,0,0,0,0,0,1,0,0
2024-07-06 05:00:00,60,6,0,45,0,16.7,8.4,5.9,0,0,1,0,0,0,0,1,0,0
2024-07-24 02:00:00,109,3,0,27,0,18.9,12.5,0.8,0,0,0,0,0,0,1,1,0,0
2024-07-30 04:00:00,79,5,0,12,0,11.2,5.5,0.2,0,0,0,0,0,1,0,1,0,0
2024-07-24 04:00:00,78,5,0,15,0,18.9,12.5,0.8,0,0,0,0,0,0,1,1,0,0
2024-07-05 04:00:00,101,5,0,49,0,15.2,6.8,3.2,1,0,0,0,0,0,0,1,0,0
2024-07-01 03:00:00,101,4,0,24,0,16.7,8.5,1.0,0,1,0,0,0,0,0,1,0,90
2024-07-24 03:00:00,75,4,0,26,0,18.9,12.5,0.8,0,0,0,0,0,0,1,1,0,0
2024-07-15 03:00:00,100,4,0,51,0,19.2,10.6,0.0,0,1,0,0,0,0,0,1,0,0
2024-07-31 03:00:00,73,4,0,28,0,22.9,7.9,0.3,0,0,0,0,0,0,1,1,0,0
2024-07-09 02:00:00,48,3,0,67,0,16.7,10.8,2.6,0,0,0,0,0,1,0,1,0,0
2024-07-02 03:00:00,56,4,0,33,0,18.1,8.4,1.5,0,0,0,0,0,1,0,1,0,0
2024-07-16 03:00:00,48,4,0,13,0,21.9,12.6,0.8,0,0,0,0,0,1,0,1,0,0
2024-07-29 01:00:00,95,2,0,42,0,21.6,5.5,0.0,0,1,0,0,0,0,0,1,0,0
2024-07-10 04:00:00,71,5,0,51,0,16.6,11.2,1.1,0,0,0,0,0,0,1,1,0,0
2024-07-26 05:00:00,70,6,0,57,0,20.9,9.0,0.0,1,0,0,0,0,0,0,1,0,0
2024-07-09 04:00:00,45,5,0,28,0,16.7,10.8,2.6,0,0,0,0,0,1,0,1,0,0
2024-07-26 04:00:00,42,5,0,99,0,20.9,9.0,0.0,1,0,0,0,0,0,0,1,0,0
2024-07-29 00:00:00,92,1,0,58,0,21.6,5.5,0.0,0,1,0,0,0,0,0,1,0,0
2024-07-11 03:00:00,92,4,0,28,0,18.6,10.6,0.0,0,0,0,0,1,0,0,1,0,0
2024-07-31 05:00:00,9,6,0,2,0,22.9,7.9,0.3,0,0,0,0,0,0,1,1,0,0
2024-07-30 03:00:00,30,4,0,69,0,11.2,5.5,0.2,0,0,0,0,0,1,0,1,0,0
2024-07-02 00:00:00,5,1,0,0,0,18.1,8.4,1.5,0,0,0,0,0,1,0,1,0,0
2024-07-31 04:00:00,18,5,0,3,0,22.9,7.9,0.3,0,0,0,0,0,0,1,1,0,0
2023-08-04 20:00:00,689,21,6,635,0,15.4,11.3,1.6,1,0,0,0,0,0,0,1,0,0
2023-08-06 08:00:00,269,9,3,141,0,20.0,5.5,3.0,0,0,0,1,0,0,0,1,0,0
2023-08-02 20:00:00,899,21,8,423,0,19.8,13.5,2.1,0,0,0,0,0,0,1,1,0,0
2023-08-02 13:00:00,1403,14,7,431,0,19.8,13.5,2.1,0,0,0,0,0,0,1,1,0,0
2023-08-04 22:00:00,526,23,6,348,0,15.4,11.3,1.6,1,0,0,0,0,0,0,1,0,0
2023-08-06 03:00:00,213,4,3,521,0,20.0,5.5,3.0,0,0,0,1,0,0,0,1,0,0
2023-08-02 14:00:00,1085,15,7,327,0,19.8,13.5,2.1,0,0,0,0,0,0,1,1,0,0
2023-08-04 19:00:00,656,20,4,498,0,15.4,11.3,1.6,1,0,0,0,0,0,0,1,0,0
2023-08-06 07:00:00,196,8,3,50,0,20.0,5.5,3.0,0,0,0,1,0,0,0,1,0,0
2023-08-02 06:00:00,360,7,6,66,0,19.8,13.5,2.1,0,0,0,0,0,0,1,1,0,0
2023-08-04 02:00:00,139,3,4,198,0,15.4,11.3,1.6,1,0,0,0,0,0,0,1,0,0
2023-08-06 20:00:00,902,21,1,383,0,20.0,5.5,3.0,0,0,0,1,0,0,0,1,0,0
2023-08-02 23:00:00,323,0,6,163,0,19.8,13.5,2.1,0,0,0,0,0,0,1,1,0,0
2023-08-04 04:00:00,85,5,4,45,0,15.4,11.3,1.6,1,0,0,0,0,0,0,1,0,0
2023-08-06 00:00:00,462,1,1,551,0,20.0,5.5,3.0,0,0,0,1,0,0,0,1,0,0
2023-08-02 11:00:00,1346,12,5,330,0,19.8,13.5,2.1,0,0,0,0,0,0,1,1,0,0
2023-08-04 05:00:00,212,6,3,37,0,15.4,11.3,1.6,1,0,0,0,0,0,0,1,0,0
2023-08-01 11:00:00,1657,12,25,441,0,17.8,13.1,0.0,0,0,0,0,0,1,0,1,0,0
2023-08-01 17:00:00,2310,18,22,681,0,17.8,13.1,0.0,0,0,0,0,0,1,0,1,0,0
2023-08-01 13:00:00,1751,14,19,675,0,17.8,13.1,0.0,0,0,0,0,0,1,0,1,0,0
2023-08-01 12:00:00,1735,13,18,608,0,17.8,13.1,0.0,0,0,0,0,0,1,0,1,0,0
2023-08-01 16:00:00,2144,17,17,630,0,17.8,13.1,0.0,0,0,0,0,0,1,0,1,0,0
2023-08-01 19:00:00,1226,20,17,493,0,17.8,13.1,0.0,0,0,0,0,0,1,0,1,0,0
2023-08-01 15:00:00,1831,16,15,509,0,17.8,13.1,0.0,0,0,0,0,0,1,0,1,0,0
2023-08-01 08:00:00,1690,9,14,490,0,17.8,13.1,0.0,0,0,0,0,0,1,0,1,0,0
2023-08-01 18:00:00,1508,19,13,637,0,17.8,13.1,0.0,0,0,0,0,0,1,0,1,0,0
2023-08-01 20:00:00,945,21,13,433,0,17.8,13.1,0.0,0,0,0,0,0,1,0,1,0,0
2023-08-01 10:00:00,1555,11,12,396,0,17.8,13.1,0.0,0,0,0,0,0,1,0,1,0,0
2023-08-01 14:00:00,1756,15,10,570,0,17.8,13.1,0.0,0,0,0,0,0,1,0,1,0,0
2023-08-01 06:00:00,324,7,8,65,0,17.8,13.1,0.0,0,0,0,0,0,1,0,1,0,0
2023-08-01 09:00:00,1585,10,6,367,0,17.8,13.1,0.0,0,0,0,0,0,1,0,1,0,0
2023-08-01 21:00:00,787,22,6,413,0,17.8,13.1,0.0,0,0,0,0,0,1,0,1,0,0
2023-08-01 07:00:00,907,8,5,193,0,17.8,13.1,0.0,0,0,0,0,0,1,0,1,0,0
2023-08-01 22:00:00,587,23,5,246,0,17.8,13.1,0.0,0,0,0,0,0,1,0,1,0,0
2023-08-01 23:00:00,368,0,5,139,0,17.8,13.1,0.0,0,0,0,0,0,1,0,1,0,0
2023-08-01 00:00:00,195,1,3,99,0,17.8,13.1,0.0,0,0,0,0,0,1,0,1,0,0
2023-08-01 05:00:00,181,6,1,47,0,17.8,13.1,0.0,0,0,0,0,0,1,0,1,0,0
2023-08-01 01:00:00,144,2,1,55,0,17.8,13.1,0.0,0,0,0,0,0,1,0,1,0,0
2023-08-01 02:00:00,87,3,0,25,0,17.8,13.1,0.0,0,0,0,0,0,1,0,1,0,0
2023-08-01 04:00:00,77,5,0,12,0,17.8,13.1,0.0,0,0,0,0,0,1,0,1,0,0
2023-08-01 03:00:00,52,4,0,32,0,17.8,13.1,0.0,0,0,0,0,0,1,0,1,0,0
2023-08-02 08:00:00,1624,9,25,481,0,19.8,13.5,2.1,0,0,0,0,0,0,1,1,0,0
2023-08-02 17:00:00,1844,18,23,680,0,19.8,13.5,2.1,0,0,0,0,0,0,1,1,0,0
2023-08-02 12:00:00,1365,13,18,387,0,19.8,13.5,2.1,0,0,0,0,0,0,1,1,0,0
2023-08-02 18:00:00,1208,19,17,613,0,19.8,13.5,2.1,0,0,0,0,0,0,1,1,0,0
2023-08-02 15:00:00,1107,16,14,288,0,19.8,13.5,2.1,0,0,0,0,0,0,1,1,0,0
2023-08-02 09:00:00,1385,10,13,314,0,19.8,13.5,2.1,0,0,0,0,0,0,1,1,0,0
2023-08-02 19:00:00,1021,20,13,481,0,19.8,13.5,2.1,0,0,0,0,0,0,1,1,0,0
2023-08-02 22:00:00,560,23,13,348,0,19.8,13.5,2.1,0,0,0,0,0,0,1,1,0,0
2023-08-02 16:00:00,1335,17,12,430,0,19.8,13.5,2.1,0,0,0,0,0,0,1,1,0,0
2023-08-02 07:00:00,802,8,11,198,0,19.8,13.5,2.1,0,0,0,0,0,0,1,1,0,0
2023-08-02 10:00:00,1510,11,9,357,0,19.8,13.5,2.1,0,0,0,0,0,0,1,1,0,0
2023-08-04 21:00:00,707,22,2,615,0,15.4,11.3,1.6,1,0,0,0,0,0,0,1,0,0
2023-08-06 01:00:00,397,2,1,639,0,20.0,5.5,3.0,0,0,0,1,0,0,0,1,0,0
2023-08-02 21:00:00,690,22,5,428,0,19.8,13.5,2.1,0,0,0,0,0,0,1,1,0,0
2023-08-04 03:00:00,109,4,2,76,0,15.4,11.3,1.6,1,0,0,0,0,0,0,1,0,0
2023-08-06 23:00:00,312,0,1,107,0,20.0,5.5,3.0,0,0,0,1,0,0,0,1,0,0
2023-08-02 05:00:00,172,6,4,58,0,19.8,13.5,2.1,0,0,0,0,0,0,1,1,0,0
2023-08-04 00:00:00,178,1,1,159,0,15.4,11.3,1.6,1,0,0,0,0,0,0,1,0,0
2023-08-06 04:00:00,166,5,1,257,0,20.0,5.5,3.0,0,0,0,1,0,0,0,1,0,0
2023-08-02 00:00:00,240,1,3,131,0,19.8,13.5,2.1,0,0,0,0,0,0,1,1,0,0
2023-08-02 04:00:00,90,5,3,73,0,19.8,13.5,2.1,0,0,0,0,0,0,1,1,0,0
2023-08-02 01:00:00,143,2,2,83,0,19.8,13.5,2.1,0,0,0,0,0,0,1,1,0,0
2023-08-02 02:00:00,147,3,0,208,0,19.8,13.5,2.1,0,0,0,0,0,0,1,1,0,0
2023-08-02 03:00:00,85,4,0,78,0,19.8,13.5,2.1,0,0,0,0,0,0,1,1,0,0
2023-08-03 09:00:00,1467,10,30,427,0,17.3,11.8,0.0,0,0,0,0,1,0,0,1,0,0
2023-08-03 10:00:00,1409,11,25,435,0,17.3,11.8,0.0,0,0,0,0,1,0,0,1,0,0
2023-08-03 12:00:00,1551,13,23,837,0,17.3,11.8,0.0,0,0,0,0,1,0,0,1,0,0
2023-08-03 11:00:00,1505,12,20,466,0,17.3,11.8,0.0,0,0,0,0,1,0,0,1,0,0
2023-08-03 14:00:00,1848,15,19,715,0,17.3,11.8,0.0,0,0,0,0,1,0,0,1,0,0
2023-08-03 17:00:00,2163,18,18,841,0,17.3,11.8,0.0,0,0,0,0,1,0,0,1,0,0
2023-08-03 13:00:00,1625,14,18,712,0,17.3,11.8,0.0,0,0,0,0,1,0,0,1,0,0
2023-08-03 08:00:00,1521,9,17,416,0,17.3,11.8,0.0,0,0,0,0,1,0,0,1,0,0
2023-08-03 16:00:00,2133,17,16,699,0,17.3,11.8,0.0,0,0,0,0,1,0,0,1,0,0
2023-08-03 18:00:00,1344,19,16,490,0,17.3,11.8,0.0,0,0,0,0,1,0,0,1,0,0
2023-08-03 06:00:00,281,7,9,84,0,17.3,11.8,0.0,0,0,0,0,1,0,0,1,0,0
2023-08-03 15:00:00,1731,16,8,634,0,17.3,11.8,0.0,0,0,0,0,1,0,0,1,0,0
2023-08-03 07:00:00,848,8,7,233,0,17.3,11.8,0.0,0,0,0,0,1,0,0,1,0,0
2023-08-03 21:00:00,593,22,7,438,0,17.3,11.8,0.0,0,0,0,0,1,0,0,1,0,0
2023-08-03 00:00:00,210,1,4,118,0,17.3,11.8,0.0,0,0,0,0,1,0,0,1,0,0
2023-08-03 19:00:00,840,20,3,493,0,17.3,11.8,0.0,0,0,0,0,1,0,0,1,0,0
2023-08-03 22:00:00,422,23,2,309,0,17.3,11.8,0.0,0,0,0,0,1,0,0,1,0,0
2023-08-03 01:00:00,163,2,2,68,0,17.3,11.8,0.0,0,0,0,0,1,0,0,1,0,0
2023-08-03 04:00:00,76,5,2,80,0,17.3,11.8,0.0,0,0,0,0,1,0,0,1,0,0
2023-08-03 23:00:00,287,0,1,118,0,17.3,11.8,0.0,0,0,0,0,1,0,0,1,0,0
2023-08-03 05:00:00,166,6,1,71,0,17.3,11.8,0.0,0,0,0,0,1,0,0,1,0,0
2023-08-03 03:00:00,102,4,1,88,0,17.3,11.8,0.0,0,0,0,0,1,0,0,1,0,0
2023-08-03 20:00:00,687,21,0,365,0,17.3,11.8,0.0,0,0,0,0,1,0,0,1,0,0
2023-08-03 02:00:00,140,3,0,129,0,17.3,11.8,0.0,0,0,0,0,1,0,0,1,0,0
2023-08-04 12:00:00,1925,13,32,699,0,15.4,11.3,1.6,1,0,0,0,0,0,0,1,0,0
2023-08-04 15:00:00,2041,16,25,639,0,15.4,11.3,1.6,1,0,0,0,0,0,0,1,0,0
2023-08-04 14:00:00,2277,15,24,663,0,15.4,11.3,1.6,1,0,0,0,0,0,0,1,0,0
2023-08-04 16:00:00,2163,17,22,667,0,15.4,11.3,1.6,1,0,0,0,0,0,0,1,0,0
2023-08-04 07:00:00,822,8,20,178,0,15.4,11.3,1.6,1,0,0,0,0,0,0,1,0,0
2023-08-04 09:00:00,1624,10,19,369,0,15.4,11.3,1.6,1,0,0,0,0,0,0,1,0,0
2023-08-04 13:00:00,2068,14,18,860,0,15.4,11.3,1.6,1,0,0,0,0,0,0,1,0,0
2023-08-04 10:00:00,1515,11,18,409,0,15.4,11.3,1.6,1,0,0,0,0,0,0,1,0,0
2023-08-04 11:00:00,1789,12,16,512,0,15.4,11.3,1.6,1,0,0,0,0,0,0,1,0,0
2023-08-04 08:00:00,1532,9,14,376,0,15.4,11.3,1.6,1,0,0,0,0,0,0,1,0,0
2023-08-04 17:00:00,805,18,13,291,0,15.4,11.3,1.6,1,0,0,0,0,0,0,1,0,0
2023-08-04 18:00:00,606,19,9,327,0,15.4,11.3,1.6,1,0,0,0,0,0,0,1,0,0
2023-08-04 06:00:00,276,7,8,47,0,15.4,11.3,1.6,1,0,0,0,0,0,0,1,0,0
2023-08-06 06:00:00,155,7,1,61,0,20.0,5.5,3.0,0,0,0,1,0,0,0,1,0,0
2023-08-07 16:00:00,2077,17,28,580,1,19.9,9.5,0.0,0,1,0,0,0,0,0,1,0,0
2023-08-07 09:00:00,1399,10,25,400,1,19.9,9.5,0.0,0,1,0,0,0,0,0,1,0,0
2023-08-07 13:00:00,1709,14,23,678,1,19.9,9.5,0.0,0,1,0,0,0,0,0,1,0,0
2023-08-04 23:00:00,305,0,0,250,0,15.4,11.3,1.6,1,0,0,0,0,0,0,1,0,0
2023-08-07 17:00:00,2096,18,20,644,1,19.9,9.5,0.0,0,1,0,0,0,0,0,1,0,0
2023-08-04 01:00:00,115,2,0,79,0,15.4,11.3,1.6,1,0,0,0,0,0,0,1,0,0
2023-08-07 08:00:00,1652,9,20,444,1,19.9,9.5,0.0,0,1,0,0,0,0,0,1,0,0
2023-08-05 09:00:00,941,10,23,227,0,17.5,5.5,9.2,0,0,1,0,0,0,0,1,0,0
2023-08-07 19:00:00,1049,20,20,408,1,19.9,9.5,0.0,0,1,0,0,0,0,0,1,0,0
2023-08-05 13:00:00,1640,14,19,454,0,17.5,5.5,9.2,0,0,1,0,0,0,0,1,0,0
2023-08-07 14:00:00,1672,15,16,626,1,19.9,9.5,0.0,0,1,0,0,0,0,0,1,0,0
2023-08-05 14:00:00,1600,15,18,497,0,17.5,5.5,9.2,0,0,1,0,0,0,0,1,0,0
2023-08-07 15:00:00,1835,16,15,544,1,19.9,9.5,0.0,0,1,0,0,0,0,0,1,0,0
2023-08-05 12:00:00,1627,13,15,399,0,17.5,5.5,9.2,0,0,1,0,0,0,0,1,0,0
2023-08-07 12:00:00,1385,13,15,780,1,19.9,9.5,0.0,0,1,0,0,0,0,0,1,0,0
2023-08-05 20:00:00,975,21,12,668,0,17.5,5.5,9.2,0,0,1,0,0,0,0,1,0,0
2023-08-07 10:00:00,1377,11,15,450,1,19.9,9.5,0.0,0,1,0,0,0,0,0,1,0,0
2023-08-07 07:00:00,803,8,11,132,1,19.9,9.5,0.0,0,1,0,0,0,0,0,1,0,0
2023-08-07 22:00:00,471,23,11,255,1,19.9,9.5,0.0,0,1,0,0,0,0,0,1,0,0
2023-08-07 11:00:00,1030,12,10,379,1,19.9,9.5,0.0,0,1,0,0,0,0,0,1,0,0
2023-08-07 20:00:00,872,21,8,482,1,19.9,9.5,0.0,0,1,0,0,0,0,0,1,0,0
2023-08-07 21:00:00,735,22,8,420,1,19.9,9.5,0.0,0,1,0,0,0,0,0,1,0,0
2023-08-07 06:00:00,305,7,7,50,1,19.9,9.5,0.0,0,1,0,0,0,0,0,1,0,0
2023-08-07 18:00:00,1319,19,6,511,1,19.9,9.5,0.0,0,1,0,0,0,0,0,1,0,0
2023-08-07 23:00:00,300,0,3,75,1,19.9,9.5,0.0,0,1,0,0,0,0,0,1,0,0
2023-08-07 00:00:00,291,1,3,121,1,19.9,9.5,0.0,0,1,0,0,0,0,0,1,0,0
2023-08-07 04:00:00,93,5,3,32,1,19.9,9.5,0.0,0,1,0,0,0,0,0,1,0,0
2023-08-07 03:00:00,89,4,2,54,1,19.9,9.5,0.0,0,1,0,0,0,0,0,1,0,0
2023-08-07 05:00:00,197,6,1,56,1,19.9,9.5,0.0,0,1,0,0,0,0,0,1,0,0
2023-08-07 02:00:00,132,3,1,79,1,19.9,9.5,0.0,0,1,0,0,0,0,0,1,0,0
2023-08-07 01:00:00,169,2,0,74,1,19.9,9.5,0.0,0,1,0,0,0,0,0,1,0,0
2023-08-08 13:00:00,1794,14,27,741,0,19.1,7.7,0.2,0,0,0,0,0,1,0,1,0,0
2023-08-08 08:00:00,1737,9,27,511,0,19.1,7.7,0.2,0,0,0,0,0,1,0,1,0,0
2023-08-08 19:00:00,1133,20,25,356,0,19.1,7.7,0.2,0,0,0,0,0,1,0,1,0,0
2023-08-08 09:00:00,1627,10,21,349,0,19.1,7.7,0.2,0,0,0,0,0,1,0,1,0,0
2023-08-08 17:00:00,2277,18,18,741,0,19.1,7.7,0.2,0,0,0,0,0,1,0,1,0,0
2023-08-08 07:00:00,932,8,18,142,0,19.1,7.7,0.2,0,0,0,0,0,1,0,1,0,0
2023-08-08 10:00:00,1669,11,17,452,0,19.1,7.7,0.2,0,0,0,0,0,1,0,1,0,0
2023-08-08 18:00:00,1465,19,16,551,0,19.1,7.7,0.2,0,0,0,0,0,1,0,1,0,0
2023-08-08 20:00:00,916,21,15,451,0,19.1,7.7,0.2,0,0,0,0,0,1,0,1,0,0
2023-08-08 15:00:00,1816,16,14,522,0,19.1,7.7,0.2,0,0,0,0,0,1,0,1,0,0
2023-08-08 16:00:00,2269,17,13,685,0,19.1,7.7,0.2,0,0,0,0,0,1,0,1,0,0
2023-08-08 12:00:00,1778,13,13,761,0,19.1,7.7,0.2,0,0,0,0,0,1,0,1,0,0
2023-08-08 22:00:00,396,23,13,260,0,19.1,7.7,0.2,0,0,0,0,0,1,0,1,0,0
2023-08-08 11:00:00,1645,12,12,431,0,19.1,7.7,0.2,0,0,0,0,0,1,0,1,0,0
2023-08-08 05:00:00,189,6,11,47,0,19.1,7.7,0.2,0,0,0,0,0,1,0,1,0,0
2023-08-08 14:00:00,1867,15,9,672,0,19.1,7.7,0.2,0,0,0,0,0,1,0,1,0,0
2023-08-08 06:00:00,351,7,8,58,0,19.1,7.7,0.2,0,0,0,0,0,1,0,1,0,0
2023-08-05 11:00:00,1435,12,11,322,0,17.5,5.5,9.2,0,0,1,0,0,0,0,1,0,0
2023-08-05 10:00:00,1227,11,11,117,0,17.5,5.5,9.2,0,0,1,0,0,0,0,1,0,0
2023-08-05 22:00:00,666,23,11,525,0,17.5,5.5,9.2,0,0,1,0,0,0,0,1,0,0
2023-08-05 08:00:00,577,9,11,182,0,17.5,5.5,9.2,0,0,1,0,0,0,0,1,0,0
2023-08-05 23:00:00,537,0,11,454,0,17.5,5.5,9.2,0,0,1,0,0,0,0,1,0,0
2023-08-05 15:00:00,1321,16,9,367,0,17.5,5.5,9.2,0,0,1,0,0,0,0,1,0,0
2023-08-05 07:00:00,310,8,9,99,0,17.5,5.5,9.2,0,0,1,0,0,0,0,1,0,0
2023-08-05 21:00:00,793,22,8,760,0,17.5,5.5,9.2,0,0,1,0,0,0,0,1,0,0
2023-08-05 19:00:00,680,20,6,478,0,17.5,5.5,9.2,0,0,1,0,0,0,0,1,0,0
2023-08-05 18:00:00,316,19,4,389,0,17.5,5.5,9.2,0,0,1,0,0,0,0,1,0,0
2023-08-05 03:00:00,227,4,4,406,0,17.5,5.5,9.2,0,0,1,0,0,0,0,1,0,0
2023-08-05 01:00:00,291,2,3,349,0,17.5,5.5,9.2,0,0,1,0,0,0,0,1,0,0
2023-08-05 16:00:00,659,17,2,287,0,17.5,5.5,9.2,0,0,1,0,0,0,0,1,0,0
2023-08-05 00:00:00,362,1,2,370,0,17.5,5.5,9.2,0,0,1,0,0,0,0,1,0,0
2023-08-05 02:00:00,285,3,1,402,0,17.5,5.5,9.2,0,0,1,0,0,0,0,1,0,0
2023-08-05 17:00:00,230,18,1,341,0,17.5,5.5,9.2,0,0,1,0,0,0,0,1,0,0
2023-08-05 05:00:00,151,6,1,138,0,17.5,5.5,9.2,0,0,1,0,0,0,0,1,0,0
2023-08-05 06:00:00,171,7,0,57,0,17.5,5.5,9.2,0,0,1,0,0,0,0,1,0,0
2023-08-05 04:00:00,123,5,0,77,0,17.5,5.5,9.2,0,0,1,0,0,0,0,1,0,0
2023-08-06 22:00:00,501,23,19,307,0,20.0,5.5,3.0,0,0,0,1,0,0,0,1,0,0
2023-08-06 17:00:00,1084,18,17,377,0,20.0,5.5,3.0,0,0,0,1,0,0,0,1,0,0
2023-08-06 13:00:00,1362,14,16,407,0,20.0,5.5,3.0,0,0,0,1,0,0,0,1,0,0
2023-08-06 18:00:00,1071,19,15,399,0,20.0,5.5,3.0,0,0,0,1,0,0,0,1,0,0
2023-08-06 15:00:00,1268,16,13,374,0,20.0,5.5,3.0,0,0,0,1,0,0,0,1,0,0
2023-08-06 16:00:00,1176,17,13,415,0,20.0,5.5,3.0,0,0,0,1,0,0,0,1,0,0
2023-08-06 09:00:00,574,10,13,177,0,20.0,5.5,3.0,0,0,0,1,0,0,0,1,0,0
2023-08-06 14:00:00,1288,15,12,377,0,20.0,5.5,3.0,0,0,0,1,0,0,0,1,0,0
2023-08-06 12:00:00,1362,13,10,387,0,20.0,5.5,3.0,0,0,0,1,0,0,0,1,0,0
2023-08-06 19:00:00,976,20,10,383,0,20.0,5.5,3.0,0,0,0,1,0,0,0,1,0,0
2023-08-06 05:00:00,136,6,10,140,0,20.0,5.5,3.0,0,0,0,1,0,0,0,1,0,0
2023-08-06 11:00:00,1008,12,8,271,0,20.0,5.5,3.0,0,0,0,1,0,0,0,1,0,0
2023-08-06 10:00:00,931,11,4,262,0,20.0,5.5,3.0,0,0,0,1,0,0,0,1,0,0
2023-08-06 02:00:00,129,3,4,231,0,20.0,5.5,3.0,0,0,0,1,0,0,0,1,0,0
2023-08-06 21:00:00,698,22,3,382,0,20.0,5.5,3.0,0,0,0,1,0,0,0,1,0,0
2023-08-23 15:00:00,1602,16,23,693,0,19.5,9.3,3.6,0,0,0,0,0,0,1,1,0,0
2023-08-08 02:00:00,100,3,6,68,0,19.1,7.7,0.2,0,0,0,0,0,1,0,1,0,0
2023-08-23 10:00:00,1289,11,18,532,0,19.5,9.3,3.6,0,0,0,0,0,0,1,1,0,0
2023-08-08 21:00:00,574,22,5,431,0,19.1,7.7,0.2,0,0,0,0,0,1,0,1,0,0
2023-08-23 07:00:00,892,8,16,231,0,19.5,9.3,3.6,0,0,0,0,0,0,1,1,0,0
2023-08-08 23:00:00,279,0,3,163,0,19.1,7.7,0.2,0,0,0,0,0,1,0,1,0,0
2023-08-23 19:00:00,1104,20,15,556,0,19.5,9.3,3.6,0,0,0,0,0,0,1,1,0,0
2023-08-08 01:00:00,125,2,1,44,0,19.1,7.7,0.2,0,0,0,0,0,1,0,1,0,0
2023-08-23 11:00:00,1445,12,13,532,0,19.5,9.3,3.6,0,0,0,0,0,0,1,1,0,0
2023-08-08 03:00:00,49,4,1,35,0,19.1,7.7,0.2,0,0,0,0,0,1,0,1,0,0
2023-08-23 13:00:00,1433,14,13,831,0,19.5,9.3,3.6,0,0,0,0,0,0,1,1,0,0
2023-08-08 00:00:00,189,1,0,114,0,19.1,7.7,0.2,0,0,0,0,0,1,0,1,0,0
2023-08-23 06:00:00,330,7,8,79,0,19.5,9.3,3.6,0,0,0,0,0,0,1,1,0,0
2023-08-08 04:00:00,83,5,0,35,0,19.1,7.7,0.2,0,0,0,0,0,1,0,1,0,0
2023-08-23 21:00:00,313,22,5,306,0,19.5,9.3,3.6,0,0,0,0,0,0,1,1,0,0
2023-08-09 17:00:00,2040,18,34,740,0,22.8,8.8,0.0,0,0,0,0,0,0,1,1,0,0
2023-08-23 20:00:00,568,21,3,400,0,19.5,9.3,3.6,0,0,0,0,0,0,1,1,0,0
2023-08-09 16:00:00,2053,17,27,674,0,22.8,8.8,0.0,0,0,0,0,0,0,1,1,0,0
2023-08-14 03:00:00,4,4,0,14,0,20.6,13.5,0.0,0,1,0,0,0,0,0,1,0,0
2023-08-23 05:00:00,176,6,3,50,0,19.5,9.3,3.6,0,0,0,0,0,0,1,1,0,0
2023-08-09 14:00:00,1704,15,23,617,0,22.8,8.8,0.0,0,0,0,0,0,0,1,1,0,0
2023-08-23 02:00:00,118,3,3,209,0,19.5,9.3,3.6,0,0,0,0,0,0,1,1,0,0
2023-08-17 12:00:00,1725,13,25,712,0,11.2,14.6,0.0,0,0,0,0,1,0,0,1,0,0
2023-08-12 01:00:00,274,2,3,340,0,19.7,15.4,11.4,0,0,1,0,0,0,0,1,0,0
2023-08-09 10:00:00,1434,11,23,356,0,22.8,8.8,0.0,0,0,0,0,0,0,1,1,0,0
2023-08-23 04:00:00,63,5,3,34,0,19.5,9.3,3.6,0,0,0,0,0,0,1,1,0,0
2023-08-15 17:00:00,2070,18,22,580,0,18.4,11.2,0.9,0,0,0,0,0,1,0,1,0,0
2023-08-10 04:00:00,50,5,1,70,0,22.5,14.2,5.0,0,0,0,0,1,0,0,1,0,0
2023-08-17 08:00:00,1666,9,21,495,0,11.2,14.6,0.0,0,0,0,0,1,0,0,1,0,0
2023-08-21 08:00:00,1822,9,22,513,0,21.4,14.3,0.6,0,1,0,0,0,0,0,1,0,0
2023-08-12 07:00:00,263,8,3,110,0,19.7,15.4,11.4,0,0,1,0,0,0,0,1,0,0
2023-08-19 19:00:00,868,20,19,743,0,21.8,13.4,0.0,0,0,1,0,0,0,0,1,0,0
2023-08-09 18:00:00,1415,19,23,670,0,22.8,8.8,0.0,0,0,0,0,0,0,1,1,0,0
2023-08-23 00:00:00,252,1,1,133,0,19.5,9.3,3.6,0,0,0,0,0,0,1,1,0,0
2023-08-15 13:00:00,1167,14,14,665,0,18.4,11.2,0.9,0,0,0,0,0,1,0,1,0,0
2023-08-10 00:00:00,203,1,0,66,0,22.5,14.2,5.0,0,0,0,0,1,0,0,1,0,0
2023-08-17 11:00:00,1630,12,18,413,0,11.2,14.6,0.0,0,0,0,0,1,0,0,1,0,0
2023-08-21 12:00:00,1602,13,21,597,0,21.4,14.3,0.6,0,1,0,0,0,0,0,1,0,0
2023-08-12 22:00:00,609,23,2,368,0,19.7,15.4,11.4,0,0,1,0,0,0,0,1,0,0
2023-08-09 09:00:00,1483,10,22,375,0,22.8,8.8,0.0,0,0,0,0,0,0,1,1,0,0
2023-08-19 13:00:00,1244,14,17,636,0,21.8,13.4,0.0,0,0,1,0,0,0,0,1,0,0
2023-08-23 23:00:00,195,0,1,72,0,19.5,9.3,3.6,0,0,0,0,0,0,1,1,0,0
2023-08-15 15:00:00,1466,16,13,357,0,18.4,11.2,0.9,0,0,0,0,0,1,0,1,0,0
2023-08-10 01:00:00,138,2,0,78,0,22.5,14.2,5.0,0,0,0,0,1,0,0,1,0,0
2023-08-17 18:00:00,1738,19,17,569,0,11.2,14.6,0.0,0,0,0,0,1,0,0,1,0,0
2023-08-21 18:00:00,1572,19,21,627,0,21.4,14.3,0.6,0,1,0,0,0,0,0,1,0,0
2023-08-13 12:00:00,1352,13,21,466,0,19.7,13.4,1.1,0,0,0,1,0,0,0,1,0,0
2023-08-09 13:00:00,1607,14,19,714,0,22.8,8.8,0.0,0,0,0,0,0,0,1,1,0,0
2023-08-19 18:00:00,987,19,17,614,0,21.8,13.4,0.0,0,0,1,0,0,0,0,1,0,0
2023-08-23 03:00:00,87,4,1,106,0,19.5,9.3,3.6,0,0,0,0,0,0,1,1,0,0
2023-08-15 16:00:00,1742,17,12,452,0,18.4,11.2,0.9,0,0,0,0,0,1,0,1,0,0
2023-08-10 05:00:00,113,6,0,37,0,22.5,14.2,5.0,0,0,0,0,1,0,0,1,0,0
2023-08-17 13:00:00,1728,14,17,583,0,11.2,14.6,0.0,0,0,0,0,1,0,0,1,0,0
2023-08-21 14:00:00,1733,15,19,506,0,21.4,14.3,0.6,0,1,0,0,0,0,0,1,0,0
2023-08-13 15:00:00,1317,16,17,409,0,19.7,13.4,1.1,0,0,0,1,0,0,0,1,0,0
2023-08-09 22:00:00,470,23,18,275,0,22.8,8.8,0.0,0,0,0,0,0,0,1,1,0,0
2023-08-19 11:00:00,1170,12,15,436,0,21.8,13.4,0.0,0,0,1,0,0,0,0,1,0,0
2023-08-23 22:00:00,218,23,0,175,0,19.5,9.3,3.6,0,0,0,0,0,0,1,1,0,0
2023-08-15 09:00:00,1081,10,11,270,0,18.4,11.2,0.9,0,0,0,0,0,1,0,1,0,0
2023-08-15 12:00:00,982,13,11,707,0,18.4,11.2,0.9,0,0,0,0,0,1,0,1,0,0
2023-08-15 10:00:00,996,11,10,335,0,18.4,11.2,0.9,0,0,0,0,0,1,0,1,0,0
2023-08-15 18:00:00,1602,19,9,440,0,18.4,11.2,0.9,0,0,0,0,0,1,0,1,0,0
2023-08-15 20:00:00,830,21,9,467,0,18.4,11.2,0.9,0,0,0,0,0,1,0,1,0,0
2023-08-15 14:00:00,1450,15,8,435,0,18.4,11.2,0.9,0,0,0,0,0,1,0,1,0,0
2023-08-15 08:00:00,1156,9,7,391,0,18.4,11.2,0.9,0,0,0,0,0,1,0,1,0,0
2023-08-15 07:00:00,660,8,5,149,0,18.4,11.2,0.9,0,0,0,0,0,1,0,1,0,0
2023-08-15 23:00:00,210,0,5,142,0,18.4,11.2,0.9,0,0,0,0,0,1,0,1,0,0
2023-08-15 19:00:00,1230,20,4,589,0,18.4,11.2,0.9,0,0,0,0,0,1,0,1,0,0
2023-08-15 11:00:00,1106,12,4,379,0,18.4,11.2,0.9,0,0,0,0,0,1,0,1,0,0
2023-08-15 22:00:00,351,23,3,270,0,18.4,11.2,0.9,0,0,0,0,0,1,0,1,0,0
2023-08-15 05:00:00,124,6,3,42,0,18.4,11.2,0.9,0,0,0,0,0,1,0,1,0,0
2023-08-15 04:00:00,49,5,2,39,0,18.4,11.2,0.9,0,0,0,0,0,1,0,1,0,0
2023-08-15 06:00:00,250,7,1,56,0,18.4,11.2,0.9,0,0,0,0,0,1,0,1,0,0
2023-08-15 02:00:00,91,3,1,107,0,18.4,11.2,0.9,0,0,0,0,0,1,0,1,0,0
2023-08-15 21:00:00,555,22,0,308,0,18.4,11.2,0.9,0,0,0,0,0,1,0,1,0,0
2023-08-15 00:00:00,148,1,0,98,0,18.4,11.2,0.9,0,0,0,0,0,1,0,1,0,0
2023-08-15 01:00:00,112,2,0,23,0,18.4,11.2,0.9,0,0,0,0,0,1,0,1,0,0
2023-08-15 03:00:00,48,4,0,26,0,18.4,11.2,0.9,0,0,0,0,0,1,0,1,0,0
2023-08-16 12:00:00,1716,13,29,933,0,17.7,13.9,0.2,0,0,0,0,0,0,1,1,0,0
2023-08-16 17:00:00,2449,18,21,598,0,17.7,13.9,0.2,0,0,0,0,0,0,1,1,0,0
2023-08-16 16:00:00,2180,17,20,654,0,17.7,13.9,0.2,0,0,0,0,0,0,1,1,0,0
2023-08-16 14:00:00,1841,15,20,561,0,17.7,13.9,0.2,0,0,0,0,0,0,1,1,0,0
2023-08-16 09:00:00,1503,10,20,372,0,17.7,13.9,0.2,0,0,0,0,0,0,1,1,0,0
2023-08-16 13:00:00,1779,14,18,807,0,17.7,13.9,0.2,0,0,0,0,0,0,1,1,0,0
2023-08-16 15:00:00,1822,16,17,499,0,17.7,13.9,0.2,0,0,0,0,0,0,1,1,0,0
2023-08-16 18:00:00,1355,19,16,475,0,17.7,13.9,0.2,0,0,0,0,0,0,1,1,0,0
2023-08-16 08:00:00,1811,9,13,570,0,17.7,13.9,0.2,0,0,0,0,0,0,1,1,0,0
2023-08-16 19:00:00,1111,20,10,485,0,17.7,13.9,0.2,0,0,0,0,0,0,1,1,0,0
2023-08-16 11:00:00,1685,12,8,405,0,17.7,13.9,0.2,0,0,0,0,0,0,1,1,0,0
2023-08-16 07:00:00,989,8,8,223,0,17.7,13.9,0.2,0,0,0,0,0,0,1,1,0,0
2023-08-16 06:00:00,368,7,8,74,0,17.7,13.9,0.2,0,0,0,0,0,0,1,1,0,0
2023-08-16 10:00:00,1601,11,7,450,0,17.7,13.9,0.2,0,0,0,0,0,0,1,1,0,0
2023-08-16 22:00:00,515,23,6,220,0,17.7,13.9,0.2,0,0,0,0,0,0,1,1,0,0
2023-08-16 20:00:00,941,21,4,374,0,17.7,13.9,0.2,0,0,0,0,0,0,1,1,0,0
2023-08-16 21:00:00,764,22,4,269,0,17.7,13.9,0.2,0,0,0,0,0,0,1,1,0,0
2023-08-16 05:00:00,165,6,3,46,0,17.7,13.9,0.2,0,0,0,0,0,0,1,1,0,0
2023-08-16 03:00:00,81,4,3,27,0,17.7,13.9,0.2,0,0,0,0,0,0,1,1,0,0
2023-08-16 23:00:00,280,0,1,111,0,17.7,13.9,0.2,0,0,0,0,0,0,1,1,0,0
2023-08-16 02:00:00,98,3,1,128,0,17.7,13.9,0.2,0,0,0,0,0,0,1,1,0,0
2023-08-16 00:00:00,158,1,0,82,0,17.7,13.9,0.2,0,0,0,0,0,0,1,1,0,0
2023-08-16 01:00:00,90,2,0,95,0,17.7,13.9,0.2,0,0,0,0,0,0,1,1,0,0
2023-08-16 04:00:00,67,5,0,34,0,17.7,13.9,0.2,0,0,0,0,0,0,1,1,0,0
2023-08-17 14:00:00,1777,15,32,490,0,11.2,14.6,0.0,0,0,0,0,1,0,0,1,0,0
2023-08-19 20:00:00,565,21,11,562,0,21.8,13.4,0.0,0,0,1,0,0,0,0,1,0,0
2023-08-21 19:00:00,1253,20,19,517,0,21.4,14.3,0.6,0,1,0,0,0,0,0,1,0,0
2023-08-23 01:00:00,146,2,0,89,0,19.5,9.3,3.6,0,0,0,0,0,0,1,1,0,0
2023-08-17 09:00:00,1489,10,17,483,0,11.2,14.6,0.0,0,0,0,0,1,0,0,1,0,0
2023-08-10 03:00:00,58,4,0,116,0,22.5,14.2,5.0,0,0,0,0,1,0,0,1,0,0
2023-08-09 12:00:00,1654,13,17,715,0,22.8,8.8,0.0,0,0,0,0,0,0,1,1,0,0
2023-08-19 09:00:00,493,10,11,198,0,21.8,13.4,0.0,0,0,1,0,0,0,0,1,0,0
2023-08-13 10:00:00,981,11,15,314,0,19.7,13.4,1.1,0,0,0,1,0,0,0,1,0,0
2023-08-21 15:00:00,1519,16,18,512,0,21.4,14.3,0.6,0,1,0,0,0,0,0,1,0,0
2023-08-24 09:00:00,1677,10,24,399,0,17.9,12.1,0.0,0,0,0,0,1,0,0,1,0,0
2023-08-17 16:00:00,2275,17,16,617,0,11.2,14.6,0.0,0,0,0,0,1,0,0,1,0,0
2023-08-11 14:00:00,1985,15,31,564,0,20.8,15.8,0.0,1,0,0,0,0,0,0,1,0,0
2023-08-09 19:00:00,1049,20,17,511,0,22.8,8.8,0.0,0,0,0,0,0,0,1,1,0,0
2023-08-19 22:00:00,766,23,9,419,0,21.8,13.4,0.0,0,0,1,0,0,0,0,1,0,0
2023-08-13 20:00:00,684,21,15,225,0,19.7,13.4,1.1,0,0,0,1,0,0,0,1,0,0
2023-08-21 11:00:00,1580,12,16,416,0,21.4,14.3,0.6,0,1,0,0,0,0,0,1,0,0
2023-08-24 13:00:00,1801,14,21,758,0,17.9,12.1,0.0,0,0,0,0,1,0,0,1,0,0
2023-08-24 14:00:00,1847,15,19,578,0,17.9,12.1,0.0,0,0,0,0,1,0,0,1,0,0
2023-08-24 12:00:00,1770,13,19,778,0,17.9,12.1,0.0,0,0,0,0,1,0,0,1,0,0
2023-08-24 11:00:00,1521,12,19,391,0,17.9,12.1,0.0,0,0,0,0,1,0,0,1,0,0
2023-08-24 08:00:00,1945,9,15,425,0,17.9,12.1,0.0,0,0,0,0,1,0,0,1,0,0
2023-08-24 07:00:00,943,8,15,200,0,17.9,12.1,0.0,0,0,0,0,1,0,0,1,0,0
2023-08-24 20:00:00,742,21,15,470,0,17.9,12.1,0.0,0,0,0,0,1,0,0,1,0,0
2023-08-24 17:00:00,2370,18,13,652,0,17.9,12.1,0.0,0,0,0,0,1,0,0,1,0,0
2023-08-24 18:00:00,1745,19,13,399,0,17.9,12.1,0.0,0,0,0,0,1,0,0,1,0,0
2023-08-24 16:00:00,2392,17,12,544,0,17.9,12.1,0.0,0,0,0,0,1,0,0,1,0,0
2023-08-24 15:00:00,1970,16,10,659,0,17.9,12.1,0.0,0,0,0,0,1,0,0,1,0,0
2023-08-24 10:00:00,1492,11,9,427,0,17.9,12.1,0.0,0,0,0,0,1,0,0,1,0,0
2023-08-24 19:00:00,1030,20,4,474,0,17.9,12.1,0.0,0,0,0,0,1,0,0,1,0,0
2023-08-24 06:00:00,294,7,4,78,0,17.9,12.1,0.0,0,0,0,0,1,0,0,1,0,0
2023-08-24 23:00:00,122,0,4,117,0,17.9,12.1,0.0,0,0,0,0,1,0,0,1,0,0
2023-08-24 03:00:00,96,4,2,40,0,17.9,12.1,0.0,0,0,0,0,1,0,0,1,0,0
2023-08-24 00:00:00,203,1,1,131,0,17.9,12.1,0.0,0,0,0,0,1,0,0,1,0,0
2023-08-24 05:00:00,162,6,1,58,0,17.9,12.1,0.0,0,0,0,0,1,0,0,1,0,0
2023-08-24 02:00:00,126,3,1,195,0,17.9,12.1,0.0,0,0,0,0,1,0,0,1,0,0
2023-08-24 22:00:00,210,23,0,269,0,17.9,12.1,0.0,0,0,0,0,1,0,0,1,0,0
2023-08-24 01:00:00,151,2,0,98,0,17.9,12.1,0.0,0,0,0,0,1,0,0,1,0,0
2023-08-24 21:00:00,121,22,0,313,0,17.9,12.1,0.0,0,0,0,0,1,0,0,1,0,0
2023-08-24 04:00:00,80,5,0,56,0,17.9,12.1,0.0,0,0,0,0,1,0,0,1,0,0
2023-08-25 08:00:00,1690,9,26,342,0,18.5,8.9,0.0,1,0,0,0,0,0,0,1,0,0
2023-08-25 16:00:00,2285,17,24,636,0,18.5,8.9,0.0,1,0,0,0,0,0,0,1,0,0
2023-08-25 13:00:00,2010,14,23,718,0,18.5,8.9,0.0,1,0,0,0,0,0,0,1,0,0
2023-08-25 12:00:00,1931,13,22,649,0,18.5,8.9,0.0,1,0,0,0,0,0,0,1,0,0
2023-08-25 17:00:00,2286,18,18,758,0,18.5,8.9,0.0,1,0,0,0,0,0,0,1,0,0
2023-08-25 09:00:00,1644,10,17,407,0,18.5,8.9,0.0,1,0,0,0,0,0,0,1,0,0
2023-08-25 18:00:00,1631,19,17,792,0,18.5,8.9,0.0,1,0,0,0,0,0,0,1,0,0
2023-08-25 11:00:00,1614,12,17,376,0,18.5,8.9,0.0,1,0,0,0,0,0,0,1,0,0
2023-08-25 15:00:00,2191,16,16,605,0,18.5,8.9,0.0,1,0,0,0,0,0,0,1,0,0
2023-08-13 17:00:00,1206,18,13,522,0,19.7,13.4,1.1,0,0,0,1,0,0,0,1,0,0
2023-08-21 21:00:00,621,22,16,383,0,21.4,14.3,0.6,0,1,0,0,0,0,0,1,0,0
2023-08-17 17:00:00,2291,18,12,608,0,11.2,14.6,0.0,0,0,0,0,1,0,0,1,0,0
2023-08-09 15:00:00,1604,16,16,508,0,22.8,8.8,0.0,0,0,0,0,0,0,1,1,0,0
2023-08-13 14:00:00,1388,15,11,458,0,19.7,13.4,1.1,0,0,0,1,0,0,0,1,0,0
2023-08-11 17:00:00,1339,18,17,538,0,20.8,15.8,0.0,1,0,0,0,0,0,0,1,0,0
2023-08-19 21:00:00,729,22,9,450,0,21.8,13.4,0.0,0,0,1,0,0,0,0,1,0,0
2023-08-21 07:00:00,913,8,13,162,0,21.4,14.3,0.6,0,1,0,0,0,0,0,1,0,0
2023-08-17 15:00:00,1822,16,10,450,0,11.2,14.6,0.0,0,0,0,0,1,0,0,1,0,0
2023-08-09 08:00:00,1610,9,15,512,0,22.8,8.8,0.0,0,0,0,0,0,0,1,1,0,0
2023-08-13 13:00:00,1361,14,11,386,0,19.7,13.4,1.1,0,0,0,1,0,0,0,1,0,0
2023-08-11 15:00:00,1843,16,16,461,0,20.8,15.8,0.0,1,0,0,0,0,0,0,1,0,0
2023-08-19 14:00:00,994,15,8,500,0,21.8,13.4,0.0,0,0,1,0,0,0,0,1,0,0
2023-08-21 13:00:00,1610,14,12,652,0,21.4,14.3,0.6,0,1,0,0,0,0,0,1,0,0
2023-08-17 10:00:00,1369,11,9,338,0,11.2,14.6,0.0,0,0,0,0,1,0,0,1,0,0
2023-08-09 07:00:00,870,8,15,193,0,22.8,8.8,0.0,0,0,0,0,0,0,1,1,0,0
2023-08-13 16:00:00,1220,17,11,374,0,19.7,13.4,1.1,0,0,0,1,0,0,0,1,0,0
2023-08-11 12:00:00,1625,13,15,570,0,20.8,15.8,0.0,1,0,0,0,0,0,0,1,0,0
2023-08-19 15:00:00,1263,16,6,683,0,21.8,13.4,0.0,0,0,1,0,0,0,0,1,0,0
2023-08-21 22:00:00,511,23,12,190,0,21.4,14.3,0.6,0,1,0,0,0,0,0,1,0,0
2023-08-17 07:00:00,909,8,8,244,0,11.2,14.6,0.0,0,0,0,0,1,0,0,1,0,0
2023-08-09 11:00:00,1499,12,8,396,0,22.8,8.8,0.0,0,0,0,0,0,0,1,1,0,0
2023-08-13 08:00:00,298,9,10,124,0,19.7,13.4,1.1,0,0,0,1,0,0,0,1,0,0
2023-08-11 11:00:00,1578,12,14,340,0,20.8,15.8,0.0,1,0,0,0,0,0,0,1,0,0
2023-08-19 17:00:00,833,18,6,481,0,21.8,13.4,0.0,0,0,1,0,0,0,0,1,0,0
2023-08-21 06:00:00,388,7,8,109,0,21.4,14.3,0.6,0,1,0,0,0,0,0,1,0,0
2023-08-17 22:00:00,554,23,6,237,0,11.2,14.6,0.0,0,0,0,0,1,0,0,1,0,0
2023-08-09 21:00:00,640,22,6,375,0,22.8,8.8,0.0,0,0,0,0,0,0,1,1,0,0
2023-08-13 09:00:00,498,10,8,175,0,19.7,13.4,1.1,0,0,0,1,0,0,0,1,0,0
2023-08-11 09:00:00,1497,10,11,333,0,20.8,15.8,0.0,1,0,0,0,0,0,0,1,0,0
2023-08-11 18:00:00,1048,19,11,512,0,20.8,15.8,0.0,1,0,0,0,0,0,0,1,0,0
2023-08-11 07:00:00,830,8,11,188,0,20.8,15.8,0.0,1,0,0,0,0,0,0,1,0,0
2023-08-11 08:00:00,1450,9,10,363,0,20.8,15.8,0.0,1,0,0,0,0,0,0,1,0,0
2023-08-11 13:00:00,1716,14,9,628,0,20.8,15.8,0.0,1,0,0,0,0,0,0,1,0,0
2023-08-11 20:00:00,747,21,9,424,0,20.8,15.8,0.0,1,0,0,0,0,0,0,1,0,0
2023-08-11 21:00:00,669,22,8,479,0,20.8,15.8,0.0,1,0,0,0,0,0,0,1,0,0
2023-08-11 00:00:00,235,1,8,120,0,20.8,15.8,0.0,1,0,0,0,0,0,0,1,0,0
2023-08-11 16:00:00,1567,17,7,353,0,20.8,15.8,0.0,1,0,0,0,0,0,0,1,0,0
2023-08-11 19:00:00,964,20,7,620,0,20.8,15.8,0.0,1,0,0,0,0,0,0,1,0,0
2023-08-11 02:00:00,150,3,7,177,0,20.8,15.8,0.0,1,0,0,0,0,0,0,1,0,0
2023-08-11 06:00:00,323,7,4,62,0,20.8,15.8,0.0,1,0,0,0,0,0,0,1,0,0
2023-08-11 01:00:00,153,2,4,97,0,20.8,15.8,0.0,1,0,0,0,0,0,0,1,0,0
2023-08-11 10:00:00,1344,11,3,193,0,20.8,15.8,0.0,1,0,0,0,0,0,0,1,0,0
2023-08-11 22:00:00,573,23,3,437,0,20.8,15.8,0.0,1,0,0,0,0,0,0,1,0,0
2023-08-11 23:00:00,542,0,2,351,0,20.8,15.8,0.0,1,0,0,0,0,0,0,1,0,0
2023-08-11 05:00:00,162,6,1,84,0,20.8,15.8,0.0,1,0,0,0,0,0,0,1,0,0
2023-08-11 04:00:00,75,5,1,45,0,20.8,15.8,0.0,1,0,0,0,0,0,0,1,0,0
2023-08-11 03:00:00,76,4,0,48,0,20.8,15.8,0.0,1,0,0,0,0,0,0,1,0,0
2023-08-12 12:00:00,1876,13,17,447,0,19.7,15.4,11.4,0,0,1,0,0,0,0,1,0,0
2023-08-12 17:00:00,1400,18,15,607,0,19.7,15.4,11.4,0,0,1,0,0,0,0,1,0,0
2023-08-12 14:00:00,1947,15,14,502,0,19.7,15.4,11.4,0,0,1,0,0,0,0,1,0,0
2023-08-12 09:00:00,1102,10,13,263,0,19.7,15.4,11.4,0,0,1,0,0,0,0,1,0,0
2023-08-12 18:00:00,958,19,13,629,0,19.7,15.4,11.4,0,0,1,0,0,0,0,1,0,0
2023-08-12 16:00:00,1501,17,12,523,0,19.7,15.4,11.4,0,0,1,0,0,0,0,1,0,0
2023-08-12 10:00:00,1396,11,12,285,0,19.7,15.4,11.4,0,0,1,0,0,0,0,1,0,0
2023-08-12 03:00:00,262,4,12,372,0,19.7,15.4,11.4,0,0,1,0,0,0,0,1,0,0
2023-08-12 13:00:00,1839,14,10,386,0,19.7,15.4,11.4,0,0,1,0,0,0,0,1,0,0
2023-08-12 15:00:00,1600,16,10,482,0,19.7,15.4,11.4,0,0,1,0,0,0,0,1,0,0
2023-08-12 11:00:00,1595,12,10,373,0,19.7,15.4,11.4,0,0,1,0,0,0,0,1,0,0
2023-08-12 08:00:00,645,9,10,144,0,19.7,15.4,11.4,0,0,1,0,0,0,0,1,0,0
2023-08-12 19:00:00,769,20,8,597,0,19.7,15.4,11.4,0,0,1,0,0,0,0,1,0,0
2023-08-12 05:00:00,140,6,8,295,0,19.7,15.4,11.4,0,0,1,0,0,0,0,1,0,0
2023-08-12 20:00:00,734,21,7,426,0,19.7,15.4,11.4,0,0,1,0,0,0,0,1,0,0
2023-08-12 02:00:00,274,3,7,346,0,19.7,15.4,11.4,0,0,1,0,0,0,0,1,0,0
2023-08-12 23:00:00,541,0,6,465,0,19.7,15.4,11.4,0,0,1,0,0,0,0,1,0,0
2023-08-12 04:00:00,140,5,6,209,0,19.7,15.4,11.4,0,0,1,0,0,0,0,1,0,0
2023-08-12 00:00:00,340,1,5,345,0,19.7,15.4,11.4,0,0,1,0,0,0,0,1,0,0
2023-08-12 06:00:00,174,7,4,57,0,19.7,15.4,11.4,0,0,1,0,0,0,0,1,0,0
2023-08-12 21:00:00,630,22,3,445,0,19.7,15.4,11.4,0,0,1,0,0,0,0,1,0,0
2023-08-19 00:00:00,325,1,6,160,0,21.8,13.4,0.0,0,0,1,0,0,0,0,1,0,0
2023-08-19 23:00:00,522,0,4,356,0,21.8,13.4,0.0,0,0,1,0,0,0,0,1,0,0
2023-08-17 06:00:00,329,7,6,48,0,11.2,14.6,0.0,0,0,0,0,1,0,0,1,0,0
2023-08-21 23:00:00,273,0,8,83,0,21.4,14.3,0.6,0,1,0,0,0,0,0,1,0,0
2023-08-19 07:00:00,260,8,4,147,0,21.8,13.4,0.0,0,0,1,0,0,0,0,1,0,0
2023-08-13 11:00:00,1134,12,7,305,0,19.7,13.4,1.1,0,0,0,1,0,0,0,1,0,0
2023-08-17 19:00:00,978,20,5,433,0,11.2,14.6,0.0,0,0,0,0,1,0,0,1,0,0
2023-08-21 05:00:00,163,6,1,51,0,21.4,14.3,0.6,0,1,0,0,0,0,0,1,0,0
2023-08-19 06:00:00,131,7,4,40,0,21.8,13.4,0.0,0,0,1,0,0,0,0,1,0,0
2023-08-13 21:00:00,470,22,7,154,0,19.7,13.4,1.1,0,0,0,1,0,0,0,1,0,0
2023-08-17 21:00:00,683,22,4,247,0,11.2,14.6,0.0,0,0,0,0,1,0,0,1,0,0
2023-08-21 00:00:00,157,1,1,63,0,21.4,14.3,0.6,0,1,0,0,0,0,0,1,0,0
2023-08-19 08:00:00,384,9,2,108,0,21.8,13.4,0.0,0,0,1,0,0,0,0,1,0,0
2023-08-13 18:00:00,1078,19,6,374,0,19.7,13.4,1.1,0,0,0,1,0,0,0,1,0,0
2023-08-17 23:00:00,256,0,4,107,0,11.2,14.6,0.0,0,0,0,0,1,0,0,1,0,0
2023-08-09 20:00:00,871,21,5,524,0,22.8,8.8,0.0,0,0,0,0,0,0,1,1,0,0
2023-08-21 02:00:00,70,3,1,23,0,21.4,14.3,0.6,0,1,0,0,0,0,0,1,0,0
2023-08-19 04:00:00,102,5,1,7,0,21.8,13.4,0.0,0,0,1,0,0,0,0,1,0,0
2023-08-13 19:00:00,991,20,6,260,0,19.7,13.4,1.1,0,0,0,1,0,0,0,1,0,0
2023-08-17 05:00:00,206,6,3,81,0,11.2,14.6,0.0,0,0,0,0,1,0,0,1,0,0
2023-08-09 23:00:00,292,0,4,93,0,22.8,8.8,0.0,0,0,0,0,0,0,1,1,0,0
2023-08-21 04:00:00,52,5,1,23,0,21.4,14.3,0.6,0,1,0,0,0,0,0,1,0,0
2023-08-21 03:00:00,49,4,1,17,0,21.4,14.3,0.6,0,1,0,0,0,0,0,1,0,0
2023-08-21 01:00:00,81,2,0,27,0,21.4,14.3,0.6,0,1,0,0,0,0,0,1,0,0
2023-08-22 15:00:00,1947,16,34,611,0,18.0,15.6,0.7,0,0,0,0,0,1,0,1,0,0
2023-08-22 18:00:00,1734,19,32,585,0,18.0,15.6,0.7,0,0,0,0,0,1,0,1,0,0
2023-08-22 10:00:00,1676,11,32,412,0,18.0,15.6,0.7,0,0,0,0,0,1,0,1,0,0
2023-08-22 08:00:00,1829,9,30,536,0,18.0,15.6,0.7,0,0,0,0,0,1,0,1,0,0
2023-08-22 12:00:00,1756,13,26,753,0,18.0,15.6,0.7,0,0,0,0,0,1,0,1,0,0
2023-08-22 20:00:00,1114,21,23,583,0,18.0,15.6,0.7,0,0,0,0,0,1,0,1,0,0
2023-08-22 09:00:00,1799,10,22,503,0,18.0,15.6,0.7,0,0,0,0,0,1,0,1,0,0
2023-08-22 16:00:00,2474,17,21,669,0,18.0,15.6,0.7,0,0,0,0,0,1,0,1,0,0
2023-08-22 13:00:00,1593,14,17,704,0,18.0,15.6,0.7,0,0,0,0,0,1,0,1,0,0
2023-08-22 17:00:00,2807,18,16,807,0,18.0,15.6,0.7,0,0,0,0,0,1,0,1,0,0
2023-08-22 14:00:00,1776,15,16,576,0,18.0,15.6,0.7,0,0,0,0,0,1,0,1,0,0
2023-08-22 11:00:00,1647,12,16,465,0,18.0,15.6,0.7,0,0,0,0,0,1,0,1,0,0
2023-08-22 07:00:00,1042,8,15,224,0,18.0,15.6,0.7,0,0,0,0,0,1,0,1,0,0
2023-08-22 21:00:00,760,22,11,443,0,18.0,15.6,0.7,0,0,0,0,0,1,0,1,0,0
2023-08-22 22:00:00,679,23,10,490,0,18.0,15.6,0.7,0,0,0,0,0,1,0,1,0,0
2023-08-22 19:00:00,1312,20,9,652,0,18.0,15.6,0.7,0,0,0,0,0,1,0,1,0,0
2023-08-22 06:00:00,373,7,6,81,0,18.0,15.6,0.7,0,0,0,0,0,1,0,1,0,0
2023-08-22 23:00:00,295,0,6,162,0,18.0,15.6,0.7,0,0,0,0,0,1,0,1,0,0
2023-08-22 00:00:00,206,1,5,87,0,18.0,15.6,0.7,0,0,0,0,0,1,0,1,0,0
2023-08-22 05:00:00,154,6,2,51,0,18.0,15.6,0.7,0,0,0,0,0,1,0,1,0,0
2023-08-22 04:00:00,67,5,1,19,0,18.0,15.6,0.7,0,0,0,0,0,1,0,1,0,0
2023-08-22 01:00:00,96,2,0,41,0,18.0,15.6,0.7,0,0,0,0,0,1,0,1,0,0
2023-08-22 02:00:00,92,3,0,28,0,18.0,15.6,0.7,0,0,0,0,0,1,0,1,0,0
2023-08-22 03:00:00,55,4,0,11,0,18.0,15.6,0.7,0,0,0,0,0,1,0,1,0,0
2023-08-23 09:00:00,1567,10,40,548,0,19.5,9.3,3.6,0,0,0,0,0,0,1,1,0,0
2023-08-23 16:00:00,2011,17,33,746,0,19.5,9.3,3.6,0,0,0,0,0,0,1,1,0,0
2023-08-23 14:00:00,1623,15,32,629,0,19.5,9.3,3.6,0,0,0,0,0,0,1,1,0,0
2023-08-23 12:00:00,1558,13,30,929,0,19.5,9.3,3.6,0,0,0,0,0,0,1,1,0,0
2023-08-23 08:00:00,1816,9,28,596,0,19.5,9.3,3.6,0,0,0,0,0,0,1,1,0,0
2023-08-23 17:00:00,2150,18,27,927,0,19.5,9.3,3.6,0,0,0,0,0,0,1,1,0,0
2023-08-23 18:00:00,1319,19,24,760,0,19.5,9.3,3.6,0,0,0,0,0,0,1,1,0,0
2023-08-19 01:00:00,298,2,0,251,0,21.8,13.4,0.0,0,0,1,0,0,0,0,1,0,0
2023-08-09 02:00:00,147,3,3,213,0,22.8,8.8,0.0,0,0,0,0,0,0,1,1,0,0
2023-08-13 00:00:00,400,1,3,292,0,19.7,13.4,1.1,0,0,0,1,0,0,0,1,0,0
2023-08-17 01:00:00,115,2,3,52,0,11.2,14.6,0.0,0,0,0,0,1,0,0,1,0,0
2023-08-13 22:00:00,344,23,3,186,0,19.7,13.4,1.1,0,0,0,1,0,0,0,1,0,0
2023-08-09 04:00:00,18,5,1,87,0,22.8,8.8,0.0,0,0,0,0,0,0,1,1,0,0
2023-08-19 02:00:00,170,3,0,48,0,21.8,13.4,0.0,0,0,1,0,0,0,0,1,0,0
2023-08-17 20:00:00,636,21,2,205,0,11.2,14.6,0.0,0,0,0,0,1,0,0,1,0,0
2023-08-13 07:00:00,213,8,3,89,0,19.7,13.4,1.1,0,0,0,1,0,0,0,1,0,0
2023-08-09 06:00:00,218,7,0,83,0,22.8,8.8,0.0,0,0,0,0,0,0,1,1,0,0
2023-08-19 03:00:00,126,4,0,26,0,21.8,13.4,0.0,0,0,1,0,0,0,0,1,0,0
2023-08-17 04:00:00,60,5,2,92,0,11.2,14.6,0.0,0,0,0,0,1,0,0,1,0,0
2023-08-13 03:00:00,331,4,2,375,0,19.7,13.4,1.1,0,0,0,1,0,0,0,1,0,0
2023-08-09 00:00:00,170,1,0,100,0,22.8,8.8,0.0,0,0,0,0,0,0,1,1,0,0
2023-08-19 05:00:00,64,6,0,34,0,21.8,13.4,0.0,0,0,1,0,0,0,0,1,0,0
2023-08-17 03:00:00,84,4,1,52,0,11.2,14.6,0.0,0,0,0,0,1,0,0,1,0,0
2023-08-13 02:00:00,385,3,1,469,0,19.7,13.4,1.1,0,0,0,1,0,0,0,1,0,0
2023-08-09 01:00:00,135,2,0,51,0,22.8,8.8,0.0,0,0,0,0,0,0,1,1,0,0
2023-08-20 15:00:00,829,16,19,353,0,21.5,14.0,0.0,0,0,0,1,0,0,0,1,0,0
2023-08-17 00:00:00,153,1,0,58,0,11.2,14.6,0.0,0,0,0,0,1,0,0,1,0,0
2023-08-13 23:00:00,253,0,1,75,0,19.7,13.4,1.1,0,0,0,1,0,0,0,1,0,0
2023-08-09 05:00:00,74,6,0,66,0,22.8,8.8,0.0,0,0,0,0,0,0,1,1,0,0
2023-08-20 17:00:00,762,18,11,368,0,21.5,14.0,0.0,0,0,0,1,0,0,0,1,0,0
2023-08-17 02:00:00,98,3,0,42,0,11.2,14.6,0.0,0,0,0,0,1,0,0,1,0,0
2023-08-13 06:00:00,110,7,1,32,0,19.7,13.4,1.1,0,0,0,1,0,0,0,1,0,0
2023-08-09 03:00:00,49,4,0,94,0,22.8,8.8,0.0,0,0,0,0,0,0,1,1,0,0
2023-08-20 21:00:00,710,22,11,327,0,21.5,14.0,0.0,0,0,0,1,0,0,0,1,0,0
2023-08-18 18:00:00,1419,19,14,472,0,20.9,13.2,9.7,1,0,0,0,0,0,0,1,0,0
2023-08-18 20:00:00,1060,21,12,494,0,20.9,13.2,9.7,1,0,0,0,0,0,0,1,0,0
2023-08-18 23:00:00,458,0,11,177,0,20.9,13.2,9.7,1,0,0,0,0,0,0,1,0,0
2023-08-18 19:00:00,1366,20,10,509,0,20.9,13.2,9.7,1,0,0,0,0,0,0,1,0,0
2023-08-18 06:00:00,317,7,9,47,0,20.9,13.2,9.7,1,0,0,0,0,0,0,1,0,0
2023-08-18 12:00:00,1230,13,8,431,0,20.9,13.2,9.7,1,0,0,0,0,0,0,1,0,0
2023-08-18 08:00:00,1568,9,6,223,0,20.9,13.2,9.7,1,0,0,0,0,0,0,1,0,0
2023-08-18 07:00:00,906,8,6,131,0,20.9,13.2,9.7,1,0,0,0,0,0,0,1,0,0
2023-08-18 00:00:00,197,1,5,134,0,20.9,13.2,9.7,1,0,0,0,0,0,0,1,0,0
2023-08-18 13:00:00,996,14,4,386,0,20.9,13.2,9.7,1,0,0,0,0,0,0,1,0,0
2023-08-18 10:00:00,1087,11,3,232,0,20.9,13.2,9.7,1,0,0,0,0,0,0,1,0,0
2023-08-18 21:00:00,802,22,3,422,0,20.9,13.2,9.7,1,0,0,0,0,0,0,1,0,0
2023-08-18 22:00:00,547,23,3,316,0,20.9,13.2,9.7,1,0,0,0,0,0,0,1,0,0
2023-08-18 09:00:00,1132,10,2,227,0,20.9,13.2,9.7,1,0,0,0,0,0,0,1,0,0
2023-08-18 05:00:00,181,6,2,57,0,20.9,13.2,9.7,1,0,0,0,0,0,0,1,0,0
2023-08-18 02:00:00,123,3,2,141,0,20.9,13.2,9.7,1,0,0,0,0,0,0,1,0,0
2023-08-18 01:00:00,119,2,2,67,0,20.9,13.2,9.7,1,0,0,0,0,0,0,1,0,0
2023-08-18 11:00:00,661,12,1,170,0,20.9,13.2,9.7,1,0,0,0,0,0,0,1,0,0
2023-08-18 17:00:00,371,18,1,310,0,20.9,13.2,9.7,1,0,0,0,0,0,0,1,0,0
2023-08-18 16:00:00,112,17,1,294,0,20.9,13.2,9.7,1,0,0,0,0,0,0,1,0,0
2023-08-18 14:00:00,118,15,0,299,0,20.9,13.2,9.7,1,0,0,0,0,0,0,1,0,0
2023-08-18 15:00:00,95,16,0,265,0,20.9,13.2,9.7,1,0,0,0,0,0,0,1,0,0
2023-08-18 04:00:00,69,5,0,61,0,20.9,13.2,9.7,1,0,0,0,0,0,0,1,0,0
2023-08-18 03:00:00,56,4,0,71,0,20.9,13.2,9.7,1,0,0,0,0,0,0,1,0,0
2023-08-19 12:00:00,1345,13,25,590,0,21.8,13.4,0.0,0,0,1,0,0,0,0,1,0,0
2023-08-19 10:00:00,1017,11,21,392,0,21.8,13.4,0.0,0,0,1,0,0,0,0,1,0,0
2023-08-19 16:00:00,992,17,19,685,0,21.8,13.4,0.0,0,0,1,0,0,0,0,1,0,0
2023-08-20 13:00:00,929,14,10,372,0,21.5,14.0,0.0,0,0,0,1,0,0,0,1,0,0
2023-08-20 23:00:00,296,0,10,105,0,21.5,14.0,0.0,0,0,0,1,0,0,0,1,0,0
2023-08-10 17:00:00,1986,18,24,866,0,22.5,14.2,5.0,0,0,0,0,1,0,0,1,0,0
2023-08-20 12:00:00,828,13,9,340,0,21.5,14.0,0.0,0,0,0,1,0,0,0,1,0,0
2023-08-13 05:00:00,106,6,1,49,0,19.7,13.4,1.1,0,0,0,1,0,0,0,1,0,0
2023-08-10 15:00:00,1912,16,18,285,0,22.5,14.2,5.0,0,0,0,0,1,0,0,1,0,0
2023-08-20 14:00:00,919,15,8,413,0,21.5,14.0,0.0,0,0,0,1,0,0,0,1,0,0
2023-08-13 01:00:00,276,2,0,152,0,19.7,13.4,1.1,0,0,0,1,0,0,0,1,0,0
2023-08-10 20:00:00,876,21,17,617,0,22.5,14.2,5.0,0,0,0,0,1,0,0,1,0,0
2023-08-20 19:00:00,690,20,7,315,0,21.5,14.0,0.0,0,0,0,1,0,0,0,1,0,0
2023-08-13 04:00:00,116,5,0,90,0,19.7,13.4,1.1,0,0,0,1,0,0,0,1,0,0
2023-08-10 16:00:00,2034,17,13,650,0,22.5,14.2,5.0,0,0,0,0,1,0,0,1,0,0
2023-08-20 05:00:00,107,6,6,168,0,21.5,14.0,0.0,0,0,0,1,0,0,0,1,0,0
2023-08-14 16:00:00,1964,17,34,845,0,20.6,13.5,0.0,0,1,0,0,0,0,0,1,0,0
2023-08-10 21:00:00,716,22,12,497,0,22.5,14.2,5.0,0,0,0,0,1,0,0,1,0,0
2023-08-20 22:00:00,548,23,5,189,0,21.5,14.0,0.0,0,0,0,1,0,0,0,1,0,0
2023-08-14 15:00:00,1638,16,34,747,0,20.6,13.5,0.0,0,1,0,0,0,0,0,1,0,0
2023-08-10 18:00:00,1375,19,10,630,0,22.5,14.2,5.0,0,0,0,0,1,0,0,1,0,0
2023-08-20 10:00:00,521,11,5,220,0,21.5,14.0,0.0,0,0,0,1,0,0,0,1,0,0
2023-08-14 09:00:00,1315,10,31,366,0,20.6,13.5,0.0,0,1,0,0,0,0,0,1,0,0
2023-08-10 22:00:00,507,23,10,345,0,22.5,14.2,5.0,0,0,0,0,1,0,0,1,0,0
2023-08-20 01:00:00,368,2,5,379,0,21.5,14.0,0.0,0,0,0,1,0,0,0,1,0,0
2023-08-14 13:00:00,1555,14,30,884,0,20.6,13.5,0.0,0,1,0,0,0,0,0,1,0,0
2023-08-10 19:00:00,1122,20,9,653,0,22.5,14.2,5.0,0,0,0,0,1,0,0,1,0,0
2023-08-20 20:00:00,865,21,4,476,0,21.5,14.0,0.0,0,0,0,1,0,0,0,1,0,0
2023-08-14 11:00:00,1406,12,26,478,0,20.6,13.5,0.0,0,1,0,0,0,0,0,1,0,0
2023-08-10 11:00:00,1033,12,8,374,0,22.5,14.2,5.0,0,0,0,0,1,0,0,1,0,0
2023-08-20 16:00:00,809,17,4,399,0,21.5,14.0,0.0,0,0,0,1,0,0,0,1,0,0
2023-08-14 12:00:00,1520,13,25,786,0,20.6,13.5,0.0,0,1,0,0,0,0,0,1,0,0
2023-08-10 12:00:00,1016,13,8,505,0,22.5,14.2,5.0,0,0,0,0,1,0,0,1,0,0
2023-08-20 18:00:00,799,19,4,299,0,21.5,14.0,0.0,0,0,0,1,0,0,0,1,0,0
2023-08-14 19:00:00,928,20,25,432,0,20.6,13.5,0.0,0,1,0,0,0,0,0,1,0,0
2023-08-10 14:00:00,1158,15,6,416,0,22.5,14.2,5.0,0,0,0,0,1,0,0,1,0,0
2023-08-20 11:00:00,659,12,4,327,0,21.5,14.0,0.0,0,0,0,1,0,0,0,1,0,0
2023-08-14 14:00:00,1565,15,23,640,0,20.6,13.5,0.0,0,1,0,0,0,0,0,1,0,0
2023-08-14 08:00:00,1617,9,22,462,0,20.6,13.5,0.0,0,1,0,0,0,0,0,1,0,0
2023-08-14 17:00:00,1704,18,21,743,0,20.6,13.5,0.0,0,1,0,0,0,0,0,1,0,0
2023-08-14 20:00:00,694,21,18,408,0,20.6,13.5,0.0,0,1,0,0,0,0,0,1,0,0
2023-08-14 18:00:00,1124,19,17,576,0,20.6,13.5,0.0,0,1,0,0,0,0,0,1,0,0
2023-08-14 10:00:00,1359,11,13,497,0,20.6,13.5,0.0,0,1,0,0,0,0,0,1,0,0
2023-08-14 07:00:00,869,8,10,228,0,20.6,13.5,0.0,0,1,0,0,0,0,0,1,0,0
2023-08-14 06:00:00,331,7,6,67,0,20.6,13.5,0.0,0,1,0,0,0,0,0,1,0,0
2023-08-14 02:00:00,71,3,3,74,0,20.6,13.5,0.0,0,1,0,0,0,0,0,1,0,0
2023-08-14 23:00:00,201,0,2,95,0,20.6,13.5,0.0,0,1,0,0,0,0,0,1,0,0
2023-08-14 05:00:00,159,6,2,46,0,20.6,13.5,0.0,0,1,0,0,0,0,0,1,0,0
2023-08-14 21:00:00,457,22,1,389,0,20.6,13.5,0.0,0,1,0,0,0,0,0,1,0,0
2023-08-14 22:00:00,326,23,1,198,0,20.6,13.5,0.0,0,1,0,0,0,0,0,1,0,0
2023-08-14 00:00:00,186,1,1,138,0,20.6,13.5,0.0,0,1,0,0,0,0,0,1,0,0
2023-08-14 01:00:00,133,2,1,41,0,20.6,13.5,0.0,0,1,0,0,0,0,0,1,0,0
2023-08-14 04:00:00,8,5,0,5,0,20.6,13.5,0.0,0,1,0,0,0,0,0,1,0,0
2023-08-10 09:00:00,925,10,6,257,0,22.5,14.2,5.0,0,0,0,0,1,0,0,1,0,0
2023-08-20 07:00:00,123,8,3,54,0,21.5,14.0,0.0,0,0,0,1,0,0,0,1,0,0
2023-08-10 13:00:00,1067,14,5,525,0,22.5,14.2,5.0,0,0,0,0,1,0,0,1,0,0
2023-08-20 06:00:00,102,7,2,77,0,21.5,14.0,0.0,0,0,0,1,0,0,0,1,0,0
2023-08-10 10:00:00,904,11,5,272,0,22.5,14.2,5.0,0,0,0,0,1,0,0,1,0,0
2023-08-20 04:00:00,94,5,2,157,0,21.5,14.0,0.0,0,0,0,1,0,0,0,1,0,0
2023-08-10 07:00:00,494,8,3,151,0,22.5,14.2,5.0,0,0,0,0,1,0,0,1,0,0
2023-08-20 09:00:00,353,10,1,125,0,21.5,14.0,0.0,0,0,0,1,0,0,0,1,0,0
2023-08-10 23:00:00,364,0,3,179,0,22.5,14.2,5.0,0,0,0,0,1,0,0,1,0,0
2023-08-20 02:00:00,264,3,1,307,0,21.5,14.0,0.0,0,0,0,1,0,0,0,1,0,0
2023-08-10 08:00:00,930,9,2,343,0,22.5,14.2,5.0,0,0,0,0,1,0,0,1,0,0
2023-08-20 03:00:00,224,4,1,483,0,21.5,14.0,0.0,0,0,0,1,0,0,0,1,0,0
2023-08-10 06:00:00,232,7,1,40,0,22.5,14.2,5.0,0,0,0,0,1,0,0,1,0,0
2023-08-20 08:00:00,190,9,1,90,0,21.5,14.0,0.0,0,0,0,1,0,0,0,1,0,0
2023-08-10 02:00:00,71,3,1,77,0,22.5,14.2,5.0,0,0,0,0,1,0,0,1,0,0
2023-08-20 00:00:00,144,1,0,226,0,21.5,14.0,0.0,0,0,0,1,0,0,0,1,0,0
2023-08-21 16:00:00,2311,17,40,569,0,21.4,14.3,0.6,0,1,0,0,0,0,0,1,0,0
2023-08-21 17:00:00,2390,18,27,764,0,21.4,14.3,0.6,0,1,0,0,0,0,0,1,0,0
2023-08-21 10:00:00,1467,11,26,369,0,21.4,14.3,0.6,0,1,0,0,0,0,0,1,0,0
2023-08-21 09:00:00,1526,10,23,412,0,21.4,14.3,0.6,0,1,0,0,0,0,0,1,0,0
2023-08-21 20:00:00,870,21,23,409,0,21.4,14.3,0.6,0,1,0,0,0,0,0,1,0,0
2023-08-31 21:00:00,764,22,4,284,0,17.8,7.5,0.0,0,0,0,0,1,0,0,1,0,0
2023-08-31 23:00:00,339,0,4,187,0,17.8,7.5,0.0,0,0,0,0,1,0,0,1,0,0
2023-08-31 01:00:00,145,2,4,63,0,17.8,7.5,0.0,0,0,0,0,1,0,0,1,0,0
2023-08-31 19:00:00,549,20,3,358,0,17.8,7.5,0.0,0,0,0,0,1,0,0,1,0,0
2023-08-31 06:00:00,338,7,3,72,0,17.8,7.5,0.0,0,0,0,0,1,0,0,1,0,0
2023-08-31 04:00:00,85,5,3,54,0,17.8,7.5,0.0,0,0,0,0,1,0,0,1,0,0
2023-08-25 10:00:00,1646,11,13,373,0,18.5,8.9,0.0,1,0,0,0,0,0,0,1,0,0
2023-08-31 03:00:00,76,4,3,35,0,17.8,7.5,0.0,0,0,0,0,1,0,0,1,0,0
2023-08-25 14:00:00,2177,15,9,728,0,18.5,8.9,0.0,1,0,0,0,0,0,0,1,0,0
2023-08-31 05:00:00,167,6,2,39,0,17.8,7.5,0.0,0,0,0,0,1,0,0,1,0,0
2023-08-25 19:00:00,1030,20,7,591,0,18.5,8.9,0.0,1,0,0,0,0,0,0,1,0,0
2023-08-29 20:00:00,874,21,11,479,0,19.0,10.5,0.0,0,0,0,0,0,1,0,1,0,0
2023-08-27 09:00:00,567,10,7,154,0,18.6,5.5,4.8,0,0,0,1,0,0,0,1,0,0
2023-08-31 02:00:00,110,3,2,120,0,17.8,7.5,0.0,0,0,0,0,1,0,0,1,0,0
2023-08-25 20:00:00,722,21,7,705,0,18.5,8.9,0.0,1,0,0,0,0,0,0,1,0,0
2023-08-29 19:00:00,1202,20,10,479,0,19.0,10.5,0.0,0,0,0,0,0,1,0,1,0,0
2023-08-25 21:00:00,605,22,7,531,0,18.5,8.9,0.0,1,0,0,0,0,0,0,1,0,0
2023-08-29 21:00:00,572,22,8,314,0,19.0,10.5,0.0,0,0,0,0,0,1,0,1,0,0
2023-08-27 02:00:00,445,3,6,454,0,18.6,5.5,4.8,0,0,0,1,0,0,0,1,0,0
2023-08-27 11:00:00,1145,12,5,318,0,18.6,5.5,4.8,0,0,0,1,0,0,0,1,0,0
2023-08-25 06:00:00,231,7,7,68,0,18.5,8.9,0.0,1,0,0,0,0,0,0,1,0,0
2023-08-29 06:00:00,353,7,6,60,0,19.0,10.5,0.0,0,0,0,0,0,1,0,1,0,0
2023-08-27 03:00:00,384,4,5,277,0,18.6,5.5,4.8,0,0,0,1,0,0,0,1,0,0
2023-08-25 07:00:00,654,8,6,189,0,18.5,8.9,0.0,1,0,0,0,0,0,0,1,0,0
2023-08-29 05:00:00,161,6,6,35,0,19.0,10.5,0.0,0,0,0,0,0,1,0,1,0,0
2023-08-27 07:00:00,200,8,4,90,0,18.6,5.5,4.8,0,0,0,1,0,0,0,1,0,0
2023-08-25 22:00:00,603,23,4,386,0,18.5,8.9,0.0,1,0,0,0,0,0,0,1,0,0
2023-08-29 23:00:00,312,0,4,87,0,19.0,10.5,0.0,0,0,0,0,0,1,0,1,0,0
2023-08-27 22:00:00,465,23,2,231,0,18.6,5.5,4.8,0,0,0,1,0,0,0,1,0,0
2023-08-25 23:00:00,507,0,1,333,0,18.5,8.9,0.0,1,0,0,0,0,0,0,1,0,0
2023-08-29 01:00:00,108,2,3,50,0,19.0,10.5,0.0,0,0,0,0,0,1,0,1,0,0
2023-08-27 00:00:00,311,1,2,313,0,18.6,5.5,4.8,0,0,0,1,0,0,0,1,0,0
2023-08-25 05:00:00,144,6,1,57,0,18.5,8.9,0.0,1,0,0,0,0,0,0,1,0,0
2023-08-29 00:00:00,195,1,2,87,0,19.0,10.5,0.0,0,0,0,0,0,1,0,1,0,0
2023-08-27 21:00:00,228,22,2,249,0,18.6,5.5,4.8,0,0,0,1,0,0,0,1,0,0
2023-08-25 01:00:00,99,2,1,112,0,18.5,8.9,0.0,1,0,0,0,0,0,0,1,0,0
2023-08-29 02:00:00,90,3,1,47,0,19.0,10.5,0.0,0,0,0,0,0,1,0,1,0,0
2023-08-25 03:00:00,79,4,1,83,0,18.5,8.9,0.0,1,0,0,0,0,0,0,1,0,0
2023-08-29 04:00:00,74,5,0,28,0,19.0,10.5,0.0,0,0,0,0,0,1,0,1,0,0
2023-08-27 01:00:00,438,2,1,284,0,18.6,5.5,4.8,0,0,0,1,0,0,0,1,0,0
2023-08-25 00:00:00,164,1,0,57,0,18.5,8.9,0.0,1,0,0,0,0,0,0,1,0,0
2023-08-29 03:00:00,59,4,0,17,0,19.0,10.5,0.0,0,0,0,0,0,1,0,1,0,0
2023-08-27 23:00:00,235,0,1,117,0,18.6,5.5,4.8,0,0,0,1,0,0,0,1,0,0
2023-08-25 02:00:00,105,3,0,162,0,18.5,8.9,0.0,1,0,0,0,0,0,0,1,0,0
2023-08-30 17:00:00,2343,18,24,842,0,17.9,7.7,0.0,0,0,0,0,0,0,1,1,0,0
2023-08-27 04:00:00,155,5,1,28,0,18.6,5.5,4.8,0,0,0,1,0,0,0,1,0,0
2023-08-25 04:00:00,61,5,0,38,0,18.5,8.9,0.0,1,0,0,0,0,0,0,1,0,0
2023-08-26 17:00:00,1479,18,28,670,0,18.3,5.5,0.8,0,0,1,0,0,0,0,1,0,0
2023-08-26 12:00:00,1746,13,26,495,0,18.3,5.5,0.8,0,0,1,0,0,0,0,1,0,0
2023-08-26 08:00:00,634,9,23,160,0,18.3,5.5,0.8,0,0,1,0,0,0,0,1,0,0
2023-08-27 05:00:00,127,6,1,53,0,18.6,5.5,4.8,0,0,0,1,0,0,0,1,0,0
2023-08-26 09:00:00,1071,10,21,249,0,18.3,5.5,0.8,0,0,1,0,0,0,0,1,0,0
2023-08-30 18:00:00,1487,19,20,685,0,17.9,7.7,0.0,0,0,0,0,0,0,1,1,0,0
2023-08-27 06:00:00,122,7,0,76,0,18.6,5.5,4.8,0,0,0,1,0,0,0,1,0,0
2023-08-26 13:00:00,1679,14,18,579,0,18.3,5.5,0.8,0,0,1,0,0,0,0,1,0,0
2023-08-30 16:00:00,1976,17,19,668,0,17.9,7.7,0.0,0,0,0,0,0,0,1,1,0,0
2023-08-28 17:00:00,2026,18,27,696,0,18.2,8.5,0.0,0,1,0,0,0,0,0,1,0,0
2023-08-26 18:00:00,1336,19,17,709,0,18.3,5.5,0.8,0,0,1,0,0,0,0,1,0,0
2023-08-30 09:00:00,1021,10,9,299,0,17.9,7.7,0.0,0,0,0,0,0,0,1,1,0,0
2023-08-26 19:00:00,1218,20,15,578,0,18.3,5.5,0.8,0,0,1,0,0,0,0,1,0,0
2023-08-28 12:00:00,1602,13,26,829,0,18.2,8.5,0.0,0,1,0,0,0,0,0,1,0,0
2023-08-26 15:00:00,1536,16,12,451,0,18.3,5.5,0.8,0,0,1,0,0,0,0,1,0,0
2023-08-28 08:00:00,1860,9,25,473,0,18.2,8.5,0.0,0,1,0,0,0,0,0,1,0,0
2023-08-30 13:00:00,1063,14,8,473,0,17.9,7.7,0.0,0,0,0,0,0,0,1,1,0,0
2023-08-26 16:00:00,1616,17,11,732,0,18.3,5.5,0.8,0,0,1,0,0,0,0,1,0,0
2023-08-28 09:00:00,1572,10,24,410,0,18.2,8.5,0.0,0,1,0,0,0,0,0,1,0,0
2023-08-30 12:00:00,1097,13,7,498,0,17.9,7.7,0.0,0,0,0,0,0,0,1,1,0,0
2023-08-26 10:00:00,1483,11,11,365,0,18.3,5.5,0.8,0,0,1,0,0,0,0,1,0,0
2023-08-28 18:00:00,1300,19,24,478,0,18.2,8.5,0.0,0,1,0,0,0,0,0,1,0,0
2023-08-30 22:00:00,516,23,7,270,0,17.9,7.7,0.0,0,0,0,0,0,0,1,1,0,0
2023-08-26 11:00:00,1474,12,11,369,0,18.3,5.5,0.8,0,0,1,0,0,0,0,1,0,0
2023-08-28 15:00:00,1846,16,20,516,0,18.2,8.5,0.0,0,1,0,0,0,0,0,1,0,0
2023-08-30 08:00:00,1177,9,6,253,0,17.9,7.7,0.0,0,0,0,0,0,0,1,1,0,0
2023-08-26 14:00:00,1577,15,9,552,0,18.3,5.5,0.8,0,0,1,0,0,0,0,1,0,0
2023-08-28 13:00:00,1721,14,19,752,0,18.2,8.5,0.0,0,1,0,0,0,0,0,1,0,0
2023-08-30 19:00:00,1068,20,6,366,0,17.9,7.7,0.0,0,0,0,0,0,0,1,1,0,0
2023-08-26 06:00:00,227,7,8,55,0,18.3,5.5,0.8,0,0,1,0,0,0,0,1,0,0
2023-08-28 11:00:00,1504,12,18,431,0,18.2,8.5,0.0,0,1,0,0,0,0,0,1,0,0
2023-08-30 11:00:00,1015,12,6,308,0,17.9,7.7,0.0,0,0,0,0,0,0,1,1,0,0
2023-08-26 03:00:00,184,4,6,211,0,18.3,5.5,0.8,0,0,1,0,0,0,0,1,0,0
2023-08-28 16:00:00,2147,17,17,691,0,18.2,8.5,0.0,0,1,0,0,0,0,0,1,0,0
2023-08-30 20:00:00,937,21,6,393,0,17.9,7.7,0.0,0,0,0,0,0,0,1,1,0,0
2023-08-26 07:00:00,322,8,4,103,0,18.3,5.5,0.8,0,0,1,0,0,0,0,1,0,0
2023-08-28 10:00:00,1500,11,17,429,0,18.2,8.5,0.0,0,1,0,0,0,0,0,1,0,0
2023-08-30 07:00:00,609,8,6,112,0,17.9,7.7,0.0,0,0,0,0,0,0,1,1,0,0
2023-08-26 20:00:00,744,21,3,669,0,18.3,5.5,0.8,0,0,1,0,0,0,0,1,0,0
2023-08-28 07:00:00,859,8,17,147,0,18.2,8.5,0.0,0,1,0,0,0,0,0,1,0,0
2023-08-30 06:00:00,289,7,5,67,0,17.9,7.7,0.0,0,0,0,0,0,0,1,1,0,0
2023-08-28 14:00:00,1729,15,11,587,0,18.2,8.5,0.0,0,1,0,0,0,0,0,1,0,0
2023-08-26 22:00:00,595,23,3,381,0,18.3,5.5,0.8,0,0,1,0,0,0,0,1,0,0
2023-08-28 19:00:00,1162,20,11,450,0,18.2,8.5,0.0,0,1,0,0,0,0,0,1,0,0
2023-08-30 23:00:00,328,0,4,121,0,17.9,7.7,0.0,0,0,0,0,0,0,1,1,0,0
2023-08-26 23:00:00,536,0,3,445,0,18.3,5.5,0.8,0,0,1,0,0,0,0,1,0,0
2023-08-28 20:00:00,923,21,11,362,0,18.2,8.5,0.0,0,1,0,0,0,0,0,1,0,0
2023-08-30 00:00:00,210,1,3,130,0,17.9,7.7,0.0,0,0,0,0,0,0,1,1,0,0
2023-08-26 02:00:00,241,3,3,300,0,18.3,5.5,0.8,0,0,1,0,0,0,0,1,0,0
2023-08-28 21:00:00,602,22,11,320,0,18.2,8.5,0.0,0,1,0,0,0,0,0,1,0,0
2023-08-30 05:00:00,150,6,3,47,0,17.9,7.7,0.0,0,0,0,0,0,0,1,1,0,0
2023-08-26 21:00:00,609,22,2,475,0,18.3,5.5,0.8,0,0,1,0,0,0,0,1,0,0
2023-08-28 22:00:00,507,23,8,218,0,18.2,8.5,0.0,0,1,0,0,0,0,0,1,0,0
2023-08-30 14:00:00,1170,15,2,388,0,17.9,7.7,0.0,0,0,0,0,0,0,1,1,0,0
2023-08-26 00:00:00,417,1,2,306,0,18.3,5.5,0.8,0,0,1,0,0,0,0,1,0,0
2023-08-28 06:00:00,237,7,4,57,0,18.2,8.5,0.0,0,1,0,0,0,0,0,1,0,0
2023-08-30 15:00:00,1168,16,2,338,0,17.9,7.7,0.0,0,0,0,0,0,0,1,1,0,0
2023-08-26 01:00:00,239,2,2,288,0,18.3,5.5,0.8,0,0,1,0,0,0,0,1,0,0
2023-08-28 23:00:00,244,0,3,106,0,18.2,8.5,0.0,0,1,0,0,0,0,0,1,0,0
2023-08-30 10:00:00,872,11,2,237,0,17.9,7.7,0.0,0,0,0,0,0,0,1,1,0,0
2023-08-26 05:00:00,134,6,1,97,0,18.3,5.5,0.8,0,0,1,0,0,0,0,1,0,0
2023-08-28 01:00:00,135,2,3,59,0,18.2,8.5,0.0,0,1,0,0,0,0,0,1,0,0
2023-08-30 21:00:00,489,22,1,269,0,17.9,7.7,0.0,0,0,0,0,0,0,1,1,0,0
2023-08-26 04:00:00,109,5,1,115,0,18.3,5.5,0.8,0,0,1,0,0,0,0,1,0,0
2023-08-28 02:00:00,88,3,3,79,0,18.2,8.5,0.0,0,1,0,0,0,0,0,1,0,0
2023-08-30 01:00:00,148,2,1,50,0,17.9,7.7,0.0,0,0,0,0,0,0,1,1,0,0
2023-08-27 13:00:00,1493,14,20,296,0,18.6,5.5,4.8,0,0,0,1,0,0,0,1,0,0
2023-08-28 03:00:00,60,4,2,18,0,18.2,8.5,0.0,0,1,0,0,0,0,0,1,0,0
2023-08-30 02:00:00,96,3,1,108,0,17.9,7.7,0.0,0,0,0,0,0,0,1,1,0,0
2023-08-27 19:00:00,625,20,17,518,0,18.6,5.5,4.8,0,0,0,1,0,0,0,1,0,0
2023-08-27 12:00:00,1354,13,16,421,0,18.6,5.5,4.8,0,0,0,1,0,0,0,1,0,0
2023-08-30 04:00:00,73,5,1,30,0,17.9,7.7,0.0,0,0,0,0,0,0,1,1,0,0
2023-08-28 05:00:00,141,6,1,41,0,18.2,8.5,0.0,0,1,0,0,0,0,0,1,0,0
2023-08-27 15:00:00,1279,16,13,329,0,18.6,5.5,4.8,0,0,0,1,0,0,0,1,0,0
2023-08-30 03:00:00,59,4,0,34,0,17.9,7.7,0.0,0,0,0,0,0,0,1,1,0,0
2023-08-28 00:00:00,183,1,0,62,0,18.2,8.5,0.0,0,1,0,0,0,0,0,1,0,0
2023-08-27 08:00:00,366,9,12,123,0,18.6,5.5,4.8,0,0,0,1,0,0,0,1,0,0
2023-08-31 12:00:00,1751,13,28,685,0,17.8,7.5,0.0,0,0,0,0,1,0,0,1,0,0
2023-08-28 04:00:00,75,5,0,60,0,18.2,8.5,0.0,0,1,0,0,0,0,0,1,0,0
2023-08-27 10:00:00,1005,11,11,254,0,18.6,5.5,4.8,0,0,0,1,0,0,0,1,0,0
2023-08-31 16:00:00,2393,17,27,583,0,17.8,7.5,0.0,0,0,0,0,1,0,0,1,0,0
2023-08-29 12:00:00,1672,13,34,866,0,19.0,10.5,0.0,0,0,0,0,0,1,0,1,0,0
2023-08-27 14:00:00,1427,15,9,361,0,18.6,5.5,4.8,0,0,0,1,0,0,0,1,0,0
2023-08-31 07:00:00,889,8,27,174,0,17.8,7.5,0.0,0,0,0,0,1,0,0,1,0,0
2023-08-29 15:00:00,1862,16,25,464,0,19.0,10.5,0.0,0,0,0,0,0,1,0,1,0,0
2023-08-27 16:00:00,1160,17,8,393,0,18.6,5.5,4.8,0,0,0,1,0,0,0,1,0,0
2023-08-31 08:00:00,1970,9,24,415,0,17.8,7.5,0.0,0,0,0,0,1,0,0,1,0,0
2023-08-29 16:00:00,2275,17,24,653,0,19.0,10.5,0.0,0,0,0,0,0,1,0,1,0,0
2023-08-27 18:00:00,940,19,8,544,0,18.6,5.5,4.8,0,0,0,1,0,0,0,1,0,0
2023-08-31 13:00:00,1824,14,22,752,0,17.8,7.5,0.0,0,0,0,0,1,0,0,1,0,0
2023-08-29 17:00:00,2498,18,22,653,0,19.0,10.5,0.0,0,0,0,0,0,1,0,1,0,0
2023-08-27 20:00:00,525,21,8,399,0,18.6,5.5,4.8,0,0,0,1,0,0,0,1,0,0
2023-08-31 09:00:00,1810,10,20,423,0,17.8,7.5,0.0,0,0,0,0,1,0,0,1,0,0
2023-08-29 13:00:00,1750,14,22,621,0,19.0,10.5,0.0,0,0,0,0,0,1,0,1,0,0
2023-08-27 17:00:00,1236,18,7,493,0,18.6,5.5,4.8,0,0,0,1,0,0,0,1,0,0
2023-08-31 11:00:00,1662,12,20,395,0,17.8,7.5,0.0,0,0,0,0,1,0,0,1,0,0
2023-08-29 09:00:00,1667,10,21,436,0,19.0,10.5,0.0,0,0,0,0,0,1,0,1,0,0
2023-08-29 07:00:00,948,8,20,170,0,19.0,10.5,0.0,0,0,0,0,0,1,0,1,0,0
2023-08-31 17:00:00,2426,18,18,799,0,17.8,7.5,0.0,0,0,0,0,1,0,0,1,0,0
2023-08-31 15:00:00,1806,16,18,555,0,17.8,7.5,0.0,0,0,0,0,1,0,0,1,0,0
2023-08-31 14:00:00,1942,15,16,477,0,17.8,7.5,0.0,0,0,0,0,1,0,0,1,0,0
2023-08-31 18:00:00,1730,19,12,574,0,17.8,7.5,0.0,0,0,0,0,1,0,0,1,0,0
2023-08-29 11:00:00,1579,12,18,402,0,19.0,10.5,0.0,0,0,0,0,0,1,0,1,0,0
2023-08-31 10:00:00,1633,11,12,372,0,17.8,7.5,0.0,0,0,0,0,1,0,0,1,0,0
2023-08-29 18:00:00,1615,19,16,645,0,19.0,10.5,0.0,0,0,0,0,0,1,0,1,0,0
2023-08-31 22:00:00,564,23,8,288,0,17.8,7.5,0.0,0,0,0,0,1,0,0,1,0,0
2023-08-29 14:00:00,1822,15,14,627,0,19.0,10.5,0.0,0,0,0,0,0,1,0,1,0,0
2023-08-31 20:00:00,908,21,7,517,0,17.8,7.5,0.0,0,0,0,0,1,0,0,1,0,0
2023-08-29 10:00:00,1461,11,14,427,0,19.0,10.5,0.0,0,0,0,0,0,1,0,1,0,0
2023-08-31 00:00:00,201,1,5,124,0,17.8,7.5,0.0,0,0,0,0,1,0,0,1,0,0
2023-08-29 22:00:00,474,23,13,168,0,19.0,10.5,0.0,0,0,0,0,0,1,0,1,0,0
2023-08-29 08:00:00,1941,9,12,525,0,19.0,10.5,0.0,0,0,0,0,0,1,0,1,0,0
2023-12-02 14:00:00,908,15,5,496,0,4.3,-4.8,0.0,0,0,1,0,0,0,0,0,1,0
2023-12-02 15:00:00,919,16,4,547,0,4.3,-4.8,0.0,0,0,1,0,0,0,0,0,1,0
2023-12-02 21:00:00,583,22,4,552,0,4.3,-4.8,0.0,0,0,1,0,0,0,0,0,1,0
2023-12-02 22:00:00,577,23,3,515,0,4.3,-4.8,0.0,0,0,1,0,0,0,0,0,1,0
2023-12-02 00:00:00,411,1,3,555,0,4.3,-4.8,0.0,0,0,1,0,0,0,0,0,1,0
2023-12-02 03:00:00,271,4,3,274,0,4.3,-4.8,0.0,0,0,1,0,0,0,0,0,1,0
2023-12-02 12:00:00,962,13,2,473,0,4.3,-4.8,0.0,0,0,1,0,0,0,0,0,1,0
2023-12-01 19:00:00,1354,20,7,491,0,-0.7,-3.2,0.0,1,0,0,0,0,0,0,0,1,0
2023-12-02 06:00:00,135,7,0,28,0,4.3,-4.8,0.0,0,0,1,0,0,0,0,0,1,0
2023-12-01 22:00:00,609,23,1,417,0,-0.7,-3.2,0.0,1,0,0,0,0,0,0,0,1,0
2023-12-01 23:00:00,559,0,1,500,0,-0.7,-3.2,0.0,1,0,0,0,0,0,0,0,1,0
2023-12-01 06:00:00,335,7,1,35,0,-0.7,-3.2,0.0,1,0,0,0,0,0,0,0,1,0
2023-12-01 01:00:00,174,2,1,92,0,-0.7,-3.2,0.0,1,0,0,0,0,0,0,0,1,0
2023-12-01 02:00:00,129,3,1,159,0,-0.7,-3.2,0.0,1,0,0,0,0,0,0,0,1,0
2023-12-01 00:00:00,285,1,0,152,0,-0.7,-3.2,0.0,1,0,0,0,0,0,0,0,1,0
2023-12-01 05:00:00,168,6,0,33,0,-0.7,-3.2,0.0,1,0,0,0,0,0,0,0,1,0
2023-12-01 03:00:00,100,4,0,40,0,-0.7,-3.2,0.0,1,0,0,0,0,0,0,0,1,0
2023-12-01 04:00:00,90,5,0,30,0,-0.7,-3.2,0.0,1,0,0,0,0,0,0,0,1,0
2023-12-03 14:00:00,1082,15,6,520,0,5.7,-4.2,11.1,0,0,0,1,0,0,0,0,1,0
2023-12-03 13:00:00,1018,14,6,610,0,5.7,-4.2,11.1,0,0,0,1,0,0,0,0,1,0
2023-12-03 02:00:00,383,3,6,353,0,5.7,-4.2,11.1,0,0,0,1,0,0,0,0,1,0
2023-12-02 16:00:00,984,17,11,384,0,4.3,-4.8,0.0,0,0,1,0,0,0,0,0,1,0
2023-12-02 13:00:00,973,14,9,502,0,4.3,-4.8,0.0,0,0,1,0,0,0,0,0,1,0
2023-12-02 17:00:00,893,18,7,517,0,4.3,-4.8,0.0,0,0,1,0,0,0,0,0,1,0
2023-12-02 20:00:00,660,21,6,625,0,4.3,-4.8,0.0,0,0,1,0,0,0,0,0,1,0
2023-12-02 10:00:00,623,11,6,176,0,4.3,-4.8,0.0,0,0,1,0,0,0,0,0,1,0
2023-12-02 23:00:00,521,0,2,449,0,4.3,-4.8,0.0,0,0,1,0,0,0,0,0,1,0
2023-12-02 02:00:00,297,3,2,535,0,4.3,-4.8,0.0,0,0,1,0,0,0,0,0,1,0
2023-12-02 11:00:00,950,12,1,350,0,4.3,-4.8,0.0,0,0,1,0,0,0,0,0,1,0
2023-12-02 18:00:00,894,19,1,485,0,4.3,-4.8,0.0,0,0,1,0,0,0,0,0,1,0
2023-12-02 19:00:00,751,20,1,410,0,4.3,-4.8,0.0,0,0,1,0,0,0,0,0,1,0
2023-12-02 08:00:00,450,9,1,169,0,4.3,-4.8,0.0,0,0,1,0,0,0,0,0,1,0
2023-12-02 01:00:00,400,2,1,304,0,4.3,-4.8,0.0,0,0,1,0,0,0,0,0,1,0
2023-12-02 07:00:00,225,8,1,75,0,4.3,-4.8,0.0,0,0,1,0,0,0,0,0,1,0
2023-12-02 05:00:00,129,6,1,72,0,4.3,-4.8,0.0,0,0,1,0,0,0,0,0,1,0
2023-12-02 04:00:00,120,5,1,68,0,4.3,-4.8,0.0,0,0,1,0,0,0,0,0,1,0
2023-12-02 09:00:00,741,10,0,228,0,4.3,-4.8,0.0,0,0,1,0,0,0,0,0,1,0
2023-12-01 15:00:00,2092,16,5,469,0,-0.7,-3.2,0.0,1,0,0,0,0,0,0,0,1,0
2023-12-01 17:00:00,2034,18,5,606,0,-0.7,-3.2,0.0,1,0,0,0,0,0,0,0,1,0
2023-12-01 13:00:00,2001,14,5,458,0,-0.7,-3.2,0.0,1,0,0,0,0,0,0,0,1,0
2023-12-01 11:00:00,1992,12,5,801,0,-0.7,-3.2,0.0,1,0,0,0,0,0,0,0,1,0
2023-12-01 14:00:00,1965,15,5,451,0,-0.7,-3.2,0.0,1,0,0,0,0,0,0,0,1,0
2023-12-01 10:00:00,1806,11,4,627,0,-0.7,-3.2,0.0,1,0,0,0,0,0,0,0,1,0
2023-12-01 12:00:00,2034,13,3,511,0,-0.7,-3.2,0.0,1,0,0,0,0,0,0,0,1,0
2023-12-01 08:00:00,1859,9,3,479,0,-0.7,-3.2,0.0,1,0,0,0,0,0,0,0,1,0
2023-12-01 18:00:00,1697,19,3,665,0,-0.7,-3.2,0.0,1,0,0,0,0,0,0,0,1,0
2023-12-01 16:00:00,2119,17,2,347,0,-0.7,-3.2,0.0,1,0,0,0,0,0,0,0,1,0
2023-12-01 09:00:00,1838,10,2,630,0,-0.7,-3.2,0.0,1,0,0,0,0,0,0,0,1,0
2023-12-01 20:00:00,836,21,2,516,0,-0.7,-3.2,0.0,1,0,0,0,0,0,0,0,1,0
2023-12-01 07:00:00,795,8,2,141,0,-0.7,-3.2,0.0,1,0,0,0,0,0,0,0,1,0
2023-12-01 21:00:00,692,22,2,497,0,-0.7,-3.2,0.0,1,0,0,0,0,0,0,0,1,0
2023-12-04 19:00:00,434,20,6,146,0,4.5,-2.2,1.6,0,1,0,0,0,0,0,0,1,0
2023-12-04 13:00:00,832,14,5,213,0,4.5,-2.2,1.6,0,1,0,0,0,0,0,0,1,0
2023-12-04 14:00:00,829,15,5,169,0,4.5,-2.2,1.6,0,1,0,0,0,0,0,0,1,0
2023-12-04 17:00:00,802,18,4,158,0,4.5,-2.2,1.6,0,1,0,0,0,0,0,0,1,0
2023-12-04 16:00:00,879,17,3,187,0,4.5,-2.2,1.6,0,1,0,0,0,0,0,0,1,0
2023-12-04 08:00:00,1378,9,2,421,0,4.5,-2.2,1.6,0,1,0,0,0,0,0,0,1,0
2023-12-04 09:00:00,806,10,2,180,0,4.5,-2.2,1.6,0,1,0,0,0,0,0,0,1,0
2023-12-04 07:00:00,736,8,2,102,0,4.5,-2.2,1.6,0,1,0,0,0,0,0,0,1,0
2023-12-04 10:00:00,695,11,2,140,0,4.5,-2.2,1.6,0,1,0,0,0,0,0,0,1,0
2023-12-04 18:00:00,665,19,2,174,0,4.5,-2.2,1.6,0,1,0,0,0,0,0,0,1,0
2023-12-04 20:00:00,360,21,2,116,0,4.5,-2.2,1.6,0,1,0,0,0,0,0,0,1,0
2023-12-04 21:00:00,278,22,2,82,0,4.5,-2.2,1.6,0,1,0,0,0,0,0,0,1,0
2023-12-04 22:00:00,248,23,2,123,0,4.5,-2.2,1.6,0,1,0,0,0,0,0,0,1,0
2023-12-04 00:00:00,176,1,2,68,0,4.5,-2.2,1.6,0,1,0,0,0,0,0,0,1,0
2023-12-04 15:00:00,904,16,1,174,0,4.5,-2.2,1.6,0,1,0,0,0,0,0,0,1,0
2023-12-04 12:00:00,890,13,1,197,0,4.5,-2.2,1.6,0,1,0,0,0,0,0,0,1,0
2023-12-04 02:00:00,83,3,0,69,0,4.5,-2.2,1.6,0,1,0,0,0,0,0,0,1,0
2023-12-03 06:00:00,119,7,0,56,0,5.7,-4.2,11.1,0,0,0,1,0,0,0,0,1,0
2023-12-03 05:00:00,114,6,0,72,0,5.7,-4.2,11.1,0,0,0,1,0,0,0,0,1,0
2023-12-03 12:00:00,1023,13,4,509,0,5.7,-4.2,11.1,0,0,0,1,0,0,0,0,1,0
2023-12-03 07:00:00,112,8,0,83,0,5.7,-4.2,11.1,0,0,0,1,0,0,0,0,1,0
2023-12-03 16:00:00,753,17,4,380,0,5.7,-4.2,11.1,0,0,0,1,0,0,0,0,1,0
2023-12-03 18:00:00,653,19,3,373,0,5.7,-4.2,11.1,0,0,0,1,0,0,0,0,1,0
2023-12-03 15:00:00,1080,16,2,638,0,5.7,-4.2,11.1,0,0,0,1,0,0,0,0,1,0
2023-12-03 22:00:00,318,23,2,319,0,5.7,-4.2,11.1,0,0,0,1,0,0,0,0,1,0
2023-12-03 01:00:00,309,2,2,284,0,5.7,-4.2,11.1,0,0,0,1,0,0,0,0,1,0
2023-12-03 08:00:00,238,9,2,111,0,5.7,-4.2,11.1,0,0,0,1,0,0,0,0,1,0
2023-12-03 04:00:00,200,5,2,161,0,5.7,-4.2,11.1,0,0,0,1,0,0,0,0,1,0
2023-12-03 11:00:00,861,12,1,382,0,5.7,-4.2,11.1,0,0,0,1,0,0,0,0,1,0
2023-12-03 17:00:00,725,18,1,410,0,5.7,-4.2,11.1,0,0,0,1,0,0,0,0,1,0
2023-12-03 20:00:00,439,21,1,350,0,5.7,-4.2,11.1,0,0,0,1,0,0,0,0,1,0
2023-12-03 21:00:00,410,22,1,413,0,5.7,-4.2,11.1,0,0,0,1,0,0,0,0,1,0
2023-12-03 03:00:00,390,4,1,302,0,5.7,-4.2,11.1,0,0,0,1,0,0,0,0,1,0
2023-12-03 10:00:00,759,11,0,353,0,5.7,-4.2,11.1,0,0,0,1,0,0,0,0,1,0
2023-12-03 19:00:00,563,20,0,339,0,5.7,-4.2,11.1,0,0,0,1,0,0,0,0,1,0
2023-12-03 09:00:00,406,10,0,210,0,5.7,-4.2,11.1,0,0,0,1,0,0,0,0,1,0
2023-12-03 00:00:00,390,1,0,485,0,5.7,-4.2,11.1,0,0,0,1,0,0,0,0,1,0
2023-12-03 23:00:00,208,0,0,101,0,5.7,-4.2,11.1,0,0,0,1,0,0,0,0,1,0
2023-12-04 11:00:00,732,12,7,157,0,4.5,-2.2,1.6,0,1,0,0,0,0,0,0,1,0
2023-12-05 10:00:00,1744,11,15,337,0,6.1,2.8,0.0,0,0,0,0,0,1,0,0,1,0
2023-12-04 23:00:00,229,0,1,96,0,4.5,-2.2,1.6,0,1,0,0,0,0,0,0,1,0
2023-12-04 05:00:00,131,6,1,24,0,4.5,-2.2,1.6,0,1,0,0,0,0,0,0,1,0
2023-12-04 01:00:00,74,2,1,51,0,4.5,-2.2,1.6,0,1,0,0,0,0,0,0,1,0
2023-12-04 03:00:00,50,4,1,31,0,4.5,-2.2,1.6,0,1,0,0,0,0,0,0,1,0
2023-12-04 04:00:00,28,5,1,23,0,4.5,-2.2,1.6,0,1,0,0,0,0,0,0,1,0
2023-12-04 06:00:00,250,7,0,55,0,4.5,-2.2,1.6,0,1,0,0,0,0,0,0,1,0
2023-12-05 14:00:00,1787,15,2,518,0,6.1,2.8,0.0,0,0,0,0,0,1,0,0,1,0
2023-12-05 00:00:00,148,1,2,77,0,6.1,2.8,0.0,0,0,0,0,0,1,0,0,1,0
2023-12-05 21:00:00,548,22,1,318,0,6.1,2.8,0.0,0,0,0,0,0,1,0,0,1,0
2023-12-05 23:00:00,232,0,1,61,0,6.1,2.8,0.0,0,0,0,0,0,1,0,0,1,0
2023-12-05 02:00:00,99,3,1,36,0,6.1,2.8,0.0,0,0,0,0,0,1,0,0,1,0
2023-12-05 01:00:00,97,2,1,51,0,6.1,2.8,0.0,0,0,0,0,0,1,0,0,1,0
2023-12-05 03:00:00,60,4,1,23,0,6.1,2.8,0.0,0,0,0,0,0,1,0,0,1,0
2023-12-05 05:00:00,58,6,1,8,0,6.1,2.8,0.0,0,0,0,0,0,1,0,0,1,0
2023-12-05 20:00:00,694,21,0,326,0,6.1,2.8,0.0,0,0,0,0,0,1,0,0,1,0
2023-12-06 08:00:00,1485,9,5,354,0,6.9,-3.3,1.1,0,0,0,0,0,0,1,0,1,0
2023-12-06 19:00:00,1210,20,5,429,0,6.9,-3.3,1.1,0,0,0,0,0,0,1,0,1,0
2023-12-05 13:00:00,2024,14,10,722,0,6.1,2.8,0.0,0,0,0,0,0,1,0,0,1,0
2023-12-05 15:00:00,1515,16,10,583,0,6.1,2.8,0.0,0,0,0,0,0,1,0,0,1,0
2023-12-06 00:00:00,181,1,1,76,0,6.9,-3.3,1.1,0,0,0,0,0,0,1,0,1,0
2023-12-06 01:00:00,116,2,1,46,0,6.9,-3.3,1.1,0,0,0,0,0,0,1,0,1,0
2023-12-05 04:00:00,27,5,0,10,0,6.1,2.8,0.0,0,0,0,0,0,1,0,0,1,0
2023-12-06 17:00:00,2088,18,4,581,0,6.9,-3.3,1.1,0,0,0,0,0,0,1,0,1,0
2023-12-07 13:00:00,1488,14,11,851,0,8.5,-4.0,14.6,0,0,0,0,1,0,0,0,1,0
2023-12-05 12:00:00,2162,13,6,677,0,6.1,2.8,0.0,0,0,0,0,0,1,0,0,1,0
2023-12-06 11:00:00,1156,12,0,429,0,6.9,-3.3,1.1,0,0,0,0,0,0,1,0,1,0
2023-12-07 14:00:00,1510,15,7,512,0,8.5,-4.0,14.6,0,0,0,0,1,0,0,0,1,0
2023-12-07 12:00:00,1399,13,7,787,0,8.5,-4.0,14.6,0,0,0,0,1,0,0,0,1,0
2023-12-07 02:00:00,108,3,5,54,0,8.5,-4.0,14.6,0,0,0,0,1,0,0,0,1,0
2023-12-07 09:00:00,1374,10,4,476,0,8.5,-4.0,14.6,0,0,0,0,1,0,0,0,1,0
2023-12-07 11:00:00,1349,12,4,623,0,8.5,-4.0,14.6,0,0,0,0,1,0,0,0,1,0
2023-12-07 01:00:00,126,2,4,26,0,8.5,-4.0,14.6,0,0,0,0,1,0,0,0,1,0
2023-12-07 17:00:00,1701,18,3,158,0,8.5,-4.0,14.6,0,0,0,0,1,0,0,0,1,0
2023-12-07 19:00:00,1186,20,3,167,0,8.5,-4.0,14.6,0,0,0,0,1,0,0,0,1,0
2023-12-07 21:00:00,905,22,3,177,0,8.5,-4.0,14.6,0,0,0,0,1,0,0,0,1,0
2023-12-07 07:00:00,662,8,3,83,0,8.5,-4.0,14.6,0,0,0,0,1,0,0,0,1,0
2023-12-07 06:00:00,287,7,3,31,0,8.5,-4.0,14.6,0,0,0,0,1,0,0,0,1,0
2023-12-07 00:00:00,204,1,3,24,0,8.5,-4.0,14.6,0,0,0,0,1,0,0,0,1,0
2023-12-07 23:00:00,384,0,2,116,0,8.5,-4.0,14.6,0,0,0,0,1,0,0,0,1,0
2023-12-05 11:00:00,1766,12,6,393,0,6.1,2.8,0.0,0,0,0,0,0,1,0,0,1,0
2023-12-06 10:00:00,1114,11,0,391,0,6.9,-3.3,1.1,0,0,0,0,0,0,1,0,1,0
2023-12-05 18:00:00,1391,19,6,420,0,6.1,2.8,0.0,0,0,0,0,0,1,0,0,1,0
2023-12-06 12:00:00,1349,13,3,714,0,6.9,-3.3,1.1,0,0,0,0,0,0,1,0,1,0
2023-12-06 14:00:00,1266,15,3,517,0,6.9,-3.3,1.1,0,0,0,0,0,0,1,0,1,0
2023-12-06 06:00:00,254,7,0,22,0,6.9,-3.3,1.1,0,0,0,0,0,0,1,0,1,0
2023-12-06 05:00:00,107,6,0,10,0,6.9,-3.3,1.1,0,0,0,0,0,0,1,0,1,0
2023-12-06 03:00:00,61,4,0,50,0,6.9,-3.3,1.1,0,0,0,0,0,0,1,0,1,0
2023-12-06 04:00:00,53,5,0,25,0,6.9,-3.3,1.1,0,0,0,0,0,0,1,0,1,0
2023-12-06 15:00:00,1081,16,3,452,0,6.9,-3.3,1.1,0,0,0,0,0,0,1,0,1,0
2023-12-06 20:00:00,887,21,3,360,0,6.9,-3.3,1.1,0,0,0,0,0,0,1,0,1,0
2023-12-05 19:00:00,1215,20,5,424,0,6.1,2.8,0.0,0,0,0,0,0,1,0,0,1,0
2023-12-06 07:00:00,741,8,3,72,0,6.9,-3.3,1.1,0,0,0,0,0,0,1,0,1,0
2023-12-05 07:00:00,612,8,5,83,0,6.1,2.8,0.0,0,0,0,0,0,1,0,0,1,0
2023-12-06 22:00:00,600,23,3,522,0,6.9,-3.3,1.1,0,0,0,0,0,0,1,0,1,0
2023-12-06 16:00:00,2337,17,2,332,0,6.9,-3.3,1.1,0,0,0,0,0,0,1,0,1,0
2023-12-05 16:00:00,2190,17,4,441,0,6.1,2.8,0.0,0,0,0,0,0,1,0,0,1,0
2023-12-06 09:00:00,1299,10,2,428,0,6.9,-3.3,1.1,0,0,0,0,0,0,1,0,1,0
2023-12-05 08:00:00,2033,9,4,529,0,6.1,2.8,0.0,0,0,0,0,0,1,0,0,1,0
2023-12-05 09:00:00,1910,10,4,478,0,6.1,2.8,0.0,0,0,0,0,0,1,0,0,1,0
2023-12-06 21:00:00,533,22,2,344,0,6.9,-3.3,1.1,0,0,0,0,0,0,1,0,1,0
2023-12-06 23:00:00,307,0,2,98,0,6.9,-3.3,1.1,0,0,0,0,0,0,1,0,1,0
2023-12-06 02:00:00,93,3,2,122,0,6.9,-3.3,1.1,0,0,0,0,0,0,1,0,1,0
2023-12-06 13:00:00,1248,14,1,596,0,6.9,-3.3,1.1,0,0,0,0,0,0,1,0,1,0
2023-12-05 06:00:00,125,7,4,21,0,6.1,2.8,0.0,0,0,0,0,0,1,0,0,1,0
2023-12-05 17:00:00,1869,18,3,470,0,6.1,2.8,0.0,0,0,0,0,0,1,0,0,1,0
2023-12-05 22:00:00,490,23,3,319,0,6.1,2.8,0.0,0,0,0,0,0,1,0,0,1,0
2023-12-06 18:00:00,1363,19,8,467,0,6.9,-3.3,1.1,0,0,0,0,0,0,1,0,1,0
2023-12-09 12:00:00,1307,13,4,309,0,7.1,5.5,5.8,0,0,1,0,0,0,0,0,1,0
2023-12-08 16:00:00,2353,17,9,421,0,8.3,5.9,5.2,1,0,0,0,0,0,0,0,1,0
2023-12-09 23:00:00,605,0,4,471,0,7.1,5.5,5.8,0,0,1,0,0,0,0,0,1,0
2023-12-08 18:00:00,2043,19,9,421,0,8.3,5.9,5.2,1,0,0,0,0,0,0,0,1,0
2023-12-08 14:00:00,2209,15,8,412,0,8.3,5.9,5.2,1,0,0,0,0,0,0,0,1,0
2023-12-09 11:00:00,1125,12,3,219,0,7.1,5.5,5.8,0,0,1,0,0,0,0,0,1,0
2023-12-09 16:00:00,992,17,3,117,0,7.1,5.5,5.8,0,0,1,0,0,0,0,0,1,0
2023-12-09 17:00:00,962,18,3,279,0,7.1,5.5,5.8,0,0,1,0,0,0,0,0,1,0
2023-12-08 17:00:00,2203,18,7,453,0,8.3,5.9,5.2,1,0,0,0,0,0,0,0,1,0
2023-12-08 10:00:00,1790,11,6,491,0,8.3,5.9,5.2,1,0,0,0,0,0,0,0,1,0
2023-12-08 09:00:00,1722,10,6,453,0,8.3,5.9,5.2,1,0,0,0,0,0,0,0,1,0
2023-12-09 19:00:00,772,20,2,323,0,7.1,5.5,5.8,0,0,1,0,0,0,0,0,1,0
2023-12-09 09:00:00,728,10,2,170,0,7.1,5.5,5.8,0,0,1,0,0,0,0,0,1,0
2023-12-09 02:00:00,313,3,2,185,0,7.1,5.5,5.8,0,0,1,0,0,0,0,0,1,0
2023-12-09 03:00:00,250,4,2,169,0,7.1,5.5,5.8,0,0,1,0,0,0,0,0,1,0
2023-12-09 07:00:00,245,8,2,60,0,7.1,5.5,5.8,0,0,1,0,0,0,0,0,1,0
2023-12-09 04:00:00,144,5,2,114,0,7.1,5.5,5.8,0,0,1,0,0,0,0,0,1,0
2023-12-09 14:00:00,1220,15,1,333,0,7.1,5.5,5.8,0,0,1,0,0,0,0,0,1,0
2023-12-09 15:00:00,1028,16,1,187,0,7.1,5.5,5.8,0,0,1,0,0,0,0,0,1,0
2023-12-09 20:00:00,703,21,1,540,0,7.1,5.5,5.8,0,0,1,0,0,0,0,0,1,0
2023-12-09 08:00:00,584,9,1,158,0,7.1,5.5,5.8,0,0,1,0,0,0,0,0,1,0
2023-12-09 01:00:00,314,2,1,212,0,7.1,5.5,5.8,0,0,1,0,0,0,0,0,1,0
2023-12-09 05:00:00,169,6,1,97,0,7.1,5.5,5.8,0,0,1,0,0,0,0,0,1,0
2023-12-08 21:00:00,1058,22,5,443,0,8.3,5.9,5.2,1,0,0,0,0,0,0,0,1,0
2023-12-08 22:00:00,845,23,4,273,0,8.3,5.9,5.2,1,0,0,0,0,0,0,0,1,0
2023-12-08 23:00:00,720,0,4,161,0,8.3,5.9,5.2,1,0,0,0,0,0,0,0,1,0
2023-12-08 20:00:00,1035,21,3,201,0,8.3,5.9,5.2,1,0,0,0,0,0,0,0,1,0
2023-12-08 00:00:00,294,1,0,114,0,8.3,5.9,5.2,1,0,0,0,0,0,0,0,1,0
2023-12-08 02:00:00,113,3,3,239,0,8.3,5.9,5.2,1,0,0,0,0,0,0,0,1,0
2023-12-08 15:00:00,2323,16,2,231,0,8.3,5.9,5.2,1,0,0,0,0,0,0,0,1,0
2023-12-08 05:00:00,114,6,0,22,0,8.3,5.9,5.2,1,0,0,0,0,0,0,0,1,0
2023-12-08 07:00:00,755,8,2,89,0,8.3,5.9,5.2,1,0,0,0,0,0,0,0,1,0
2023-12-07 16:00:00,1669,17,1,85,0,8.5,-4.0,14.6,0,0,0,0,1,0,0,0,1,0
2023-12-08 03:00:00,73,4,0,51,0,8.3,5.9,5.2,1,0,0,0,0,0,0,0,1,0
2023-12-08 04:00:00,30,5,0,30,0,8.3,5.9,5.2,1,0,0,0,0,0,0,0,1,0
2023-12-07 20:00:00,990,21,0,187,0,8.5,-4.0,14.6,0,0,0,0,1,0,0,0,1,0
2023-12-07 08:00:00,1505,9,1,406,0,8.5,-4.0,14.6,0,0,0,0,1,0,0,0,1,0
2023-12-07 15:00:00,1505,16,1,232,0,8.5,-4.0,14.6,0,0,0,0,1,0,0,0,1,0
2023-12-09 10:00:00,1034,11,6,226,0,7.1,5.5,5.8,0,0,1,0,0,0,0,0,1,0
2023-12-09 00:00:00,623,1,6,125,0,7.1,5.5,5.8,0,0,1,0,0,0,0,0,1,0
2023-12-09 13:00:00,1243,14,5,395,0,7.1,5.5,5.8,0,0,1,0,0,0,0,0,1,0
2023-12-07 18:00:00,1460,19,1,192,0,8.5,-4.0,14.6,0,0,0,0,1,0,0,0,1,0
2023-12-07 10:00:00,1241,11,1,387,0,8.5,-4.0,14.6,0,0,0,0,1,0,0,0,1,0
2023-12-07 22:00:00,570,23,1,216,0,8.5,-4.0,14.6,0,0,0,0,1,0,0,0,1,0
2023-12-08 08:00:00,1836,9,1,515,0,8.3,5.9,5.2,1,0,0,0,0,0,0,0,1,0
2023-12-07 05:00:00,156,6,0,10,0,8.5,-4.0,14.6,0,0,0,0,1,0,0,0,1,0
2023-12-07 03:00:00,92,4,1,32,0,8.5,-4.0,14.6,0,0,0,0,1,0,0,0,1,0
2023-12-08 06:00:00,316,7,1,53,0,8.3,5.9,5.2,1,0,0,0,0,0,0,0,1,0
2023-12-08 01:00:00,191,2,1,130,0,8.3,5.9,5.2,1,0,0,0,0,0,0,0,1,0
2023-12-08 13:00:00,2318,14,19,944,0,8.3,5.9,5.2,1,0,0,0,0,0,0,0,1,0
2023-12-08 12:00:00,2219,13,18,949,0,8.3,5.9,5.2,1,0,0,0,0,0,0,0,1,0
2023-12-08 11:00:00,1918,12,16,663,0,8.3,5.9,5.2,1,0,0,0,0,0,0,0,1,0
2023-12-08 19:00:00,1526,20,11,389,0,8.3,5.9,5.2,1,0,0,0,0,0,0,0,1,0
2023-12-07 04:00:00,89,5,0,42,0,8.5,-4.0,14.6,0,0,0,0,1,0,0,0,1,0
2023-12-11 18:00:00,1306,19,6,338,0,7.1,3.4,5.6,0,1,0,0,0,0,0,0,1,0
2023-12-11 12:00:00,1626,13,17,1004,0,7.1,3.4,5.6,0,1,0,0,0,0,0,0,1,0
2023-12-11 14:00:00,1602,15,16,763,0,7.1,3.4,5.6,0,1,0,0,0,0,0,0,1,0
2023-12-11 11:00:00,1502,12,16,746,0,7.1,3.4,5.6,0,1,0,0,0,0,0,0,1,0
2023-12-11 09:00:00,1512,10,10,519,0,7.1,3.4,5.6,0,1,0,0,0,0,0,0,1,0
2023-12-11 22:00:00,431,23,10,144,0,7.1,3.4,5.6,0,1,0,0,0,0,0,0,1,0
2023-12-11 21:00:00,555,22,9,203,0,7.1,3.4,5.6,0,1,0,0,0,0,0,0,1,0
2023-12-11 16:00:00,1344,17,7,239,0,7.1,3.4,5.6,0,1,0,0,0,0,0,0,1,0
2023-12-10 07:00:00,164,8,3,37,0,6.8,0.9,2.0,0,0,0,1,0,0,0,0,1,0
2023-12-11 10:00:00,1384,11,22,545,0,7.1,3.4,5.6,0,1,0,0,0,0,0,0,1,0
2023-12-11 13:00:00,1567,14,21,972,0,7.1,3.4,5.6,0,1,0,0,0,0,0,0,1,0
2023-12-11 19:00:00,944,20,4,298,0,7.1,3.4,5.6,0,1,0,0,0,0,0,0,1,0
2023-12-10 14:00:00,1307,15,10,345,0,6.8,0.9,2.0,0,0,0,1,0,0,0,0,1,0
2023-12-10 20:00:00,639,21,2,380,0,6.8,0.9,2.0,0,0,0,1,0,0,0,0,1,0
2023-12-10 09:00:00,469,10,2,137,0,6.8,0.9,2.0,0,0,0,1,0,0,0,0,1,0
2023-12-10 02:00:00,380,3,2,460,0,6.8,0.9,2.0,0,0,0,1,0,0,0,0,1,0
2023-12-10 04:00:00,123,5,2,243,0,6.8,0.9,2.0,0,0,0,1,0,0,0,0,1,0
2023-12-10 18:00:00,827,19,1,352,0,6.8,0.9,2.0,0,0,0,1,0,0,0,0,1,0
2023-12-10 21:00:00,504,22,1,399,0,6.8,0.9,2.0,0,0,0,1,0,0,0,0,1,0
2023-12-10 22:00:00,402,23,1,256,0,6.8,0.9,2.0,0,0,0,1,0,0,0,0,1,0
2023-12-10 01:00:00,354,2,1,375,0,6.8,0.9,2.0,0,0,0,1,0,0,0,0,1,0
2023-12-10 03:00:00,213,4,1,353,0,6.8,0.9,2.0,0,0,0,1,0,0,0,0,1,0
2023-12-10 06:00:00,136,7,1,39,0,6.8,0.9,2.0,0,0,0,1,0,0,0,0,1,0
2023-12-10 12:00:00,1522,13,9,320,0,6.8,0.9,2.0,0,0,0,1,0,0,0,0,1,0
2023-12-09 18:00:00,947,19,0,336,0,7.1,5.5,5.8,0,0,1,0,0,0,0,0,1,0
2023-12-09 22:00:00,612,23,0,602,0,7.1,5.5,5.8,0,0,1,0,0,0,0,0,1,0
2023-12-09 21:00:00,527,22,0,410,0,7.1,5.5,5.8,0,0,1,0,0,0,0,0,1,0
2023-12-09 06:00:00,198,7,0,48,0,7.1,5.5,5.8,0,0,1,0,0,0,0,0,1,0
2023-12-11 15:00:00,1667,16,3,724,0,7.1,3.4,5.6,0,1,0,0,0,0,0,0,1,0
2023-12-11 17:00:00,1622,18,3,315,0,7.1,3.4,5.6,0,1,0,0,0,0,0,0,1,0
2023-12-11 20:00:00,750,21,3,170,0,7.1,3.4,5.6,0,1,0,0,0,0,0,0,1,0
2023-12-11 07:00:00,666,8,3,85,0,7.1,3.4,5.6,0,1,0,0,0,0,0,0,1,0
2023-12-10 15:00:00,1354,16,6,216,0,6.8,0.9,2.0,0,0,0,1,0,0,0,0,1,0
2023-12-10 13:00:00,1512,14,5,376,0,6.8,0.9,2.0,0,0,0,1,0,0,0,0,1,0
2023-12-10 10:00:00,932,11,5,308,0,6.8,0.9,2.0,0,0,0,1,0,0,0,0,1,0
2023-12-10 19:00:00,706,20,4,373,0,6.8,0.9,2.0,0,0,0,1,0,0,0,0,1,0
2023-12-10 23:00:00,305,0,4,124,0,6.8,0.9,2.0,0,0,0,1,0,0,0,0,1,0
2023-12-10 11:00:00,1086,12,3,253,0,6.8,0.9,2.0,0,0,0,1,0,0,0,0,1,0
2023-12-10 17:00:00,881,18,3,308,0,6.8,0.9,2.0,0,0,0,1,0,0,0,0,1,0
2023-12-10 16:00:00,827,17,3,111,0,6.8,0.9,2.0,0,0,0,1,0,0,0,0,1,0
2023-12-10 00:00:00,512,1,0,592,0,6.8,0.9,2.0,0,0,0,1,0,0,0,0,1,0
2023-12-11 00:00:00,263,1,2,89,0,7.1,3.4,5.6,0,1,0,0,0,0,0,0,1,0
2023-12-11 05:00:00,134,6,2,23,0,7.1,3.4,5.6,0,1,0,0,0,0,0,0,1,0
2023-12-10 08:00:00,140,9,0,33,0,6.8,0.9,2.0,0,0,0,1,0,0,0,0,1,0
2023-12-10 05:00:00,134,6,0,101,0,6.8,0.9,2.0,0,0,0,1,0,0,0,0,1,0
2023-12-11 08:00:00,1593,9,1,582,0,7.1,3.4,5.6,0,1,0,0,0,0,0,0,1,0
2023-12-11 23:00:00,292,0,1,41,0,7.1,3.4,5.6,0,1,0,0,0,0,0,0,1,0
2023-12-11 06:00:00,241,7,1,32,0,7.1,3.4,5.6,0,1,0,0,0,0,0,0,1,0
2023-12-12 08:00:00,1724,9,1,283,0,6.0,5.4,12.3,0,0,0,0,0,1,0,0,1,0
2023-12-12 07:00:00,834,8,1,100,0,6.0,5.4,12.3,0,0,0,0,0,1,0,0,1,0
2023-12-12 22:00:00,254,23,0,114,0,6.0,5.4,12.3,0,0,0,0,0,1,0,0,1,0
2023-12-12 23:00:00,217,0,0,82,0,6.0,5.4,12.3,0,0,0,0,0,1,0,0,1,0
2023-12-12 01:00:00,114,2,0,24,0,6.0,5.4,12.3,0,0,0,0,0,1,0,0,1,0
2023-12-12 02:00:00,86,3,0,44,0,6.0,5.4,12.3,0,0,0,0,0,1,0,0,1,0
2023-12-12 11:00:00,1828,12,8,381,0,6.0,5.4,12.3,0,0,0,0,0,1,0,0,1,0
2023-12-12 12:00:00,1795,13,8,504,0,6.0,5.4,12.3,0,0,0,0,0,1,0,0,1,0
2023-12-13 21:00:00,854,22,3,399,0,8.5,5.5,1.3,0,0,0,0,0,0,1,0,1,0
2023-12-13 22:00:00,577,23,3,442,0,8.5,5.5,1.3,0,0,0,0,0,0,1,0,1,0
2023-12-11 04:00:00,59,5,1,37,0,7.1,3.4,5.6,0,1,0,0,0,0,0,0,1,0
2023-12-13 23:00:00,431,0,3,224,0,8.5,5.5,1.3,0,0,0,0,0,0,1,0,1,0
2023-12-12 19:00:00,1139,20,7,354,0,6.0,5.4,12.3,0,0,0,0,0,1,0,0,1,0
2023-12-12 05:00:00,77,6,0,48,0,6.0,5.4,12.3,0,0,0,0,0,1,0,0,1,0
2023-12-12 04:00:00,38,5,0,21,0,6.0,5.4,12.3,0,0,0,0,0,1,0,0,1,0
2023-12-13 12:00:00,1851,13,9,1009,0,8.5,5.5,1.3,0,0,0,0,0,0,1,0,1,0
2023-12-12 20:00:00,910,21,6,250,0,6.0,5.4,12.3,0,0,0,0,0,1,0,0,1,0
2023-12-13 14:00:00,1847,15,9,842,0,8.5,5.5,1.3,0,0,0,0,0,0,1,0,1,0
2023-12-12 03:00:00,33,4,0,38,0,6.0,5.4,12.3,0,0,0,0,0,1,0,0,1,0
2023-12-12 21:00:00,844,22,5,329,0,6.0,5.4,12.3,0,0,0,0,0,1,0,0,1,0
2023-12-12 14:00:00,1665,15,4,448,0,6.0,5.4,12.3,0,0,0,0,0,1,0,0,1,0
2023-12-12 13:00:00,1898,14,15,516,0,6.0,5.4,12.3,0,0,0,0,0,1,0,0,1,0
2023-12-13 07:00:00,827,8,2,149,0,8.5,5.5,1.3,0,0,0,0,0,0,1,0,1,0
2023-12-13 20:00:00,1001,21,7,454,0,8.5,5.5,1.3,0,0,0,0,0,0,1,0,1,0
2023-12-11 01:00:00,157,2,0,30,0,7.1,3.4,5.6,0,1,0,0,0,0,0,0,1,0
2023-12-11 02:00:00,101,3,0,41,0,7.1,3.4,5.6,0,1,0,0,0,0,0,0,1,0
2023-12-11 03:00:00,82,4,0,26,0,7.1,3.4,5.6,0,1,0,0,0,0,0,0,1,0
2023-12-13 16:00:00,2263,17,6,467,0,8.5,5.5,1.3,0,0,0,0,0,0,1,0,1,0
2023-12-12 16:00:00,2133,17,3,287,0,6.0,5.4,12.3,0,0,0,0,0,1,0,0,1,0
2023-12-13 18:00:00,1553,19,6,582,0,8.5,5.5,1.3,0,0,0,0,0,0,1,0,1,0
2023-12-12 09:00:00,1760,10,3,324,0,6.0,5.4,12.3,0,0,0,0,0,1,0,0,1,0
2023-12-13 17:00:00,2173,18,5,612,0,8.5,5.5,1.3,0,0,0,0,0,0,1,0,1,0
2023-12-13 06:00:00,255,7,1,30,0,8.5,5.5,1.3,0,0,0,0,0,0,1,0,1,0
2023-12-13 09:00:00,1819,10,5,485,0,8.5,5.5,1.3,0,0,0,0,0,0,1,0,1,0
2023-12-12 00:00:00,229,1,3,63,0,6.0,5.4,12.3,0,0,0,0,0,1,0,0,1,0
2023-12-13 11:00:00,1774,12,5,732,0,8.5,5.5,1.3,0,0,0,0,0,0,1,0,1,0
2023-12-13 05:00:00,133,6,1,34,0,8.5,5.5,1.3,0,0,0,0,0,0,1,0,1,0
2023-12-13 00:00:00,79,1,1,52,0,8.5,5.5,1.3,0,0,0,0,0,0,1,0,1,0
2023-12-13 13:00:00,1834,14,20,931,0,8.5,5.5,1.3,0,0,0,0,0,0,1,0,1,0
2023-12-13 04:00:00,54,5,1,56,0,8.5,5.5,1.3,0,0,0,0,0,0,1,0,1,0
2023-12-12 17:00:00,2039,18,2,293,0,6.0,5.4,12.3,0,0,0,0,0,1,0,0,1,0
2023-12-12 15:00:00,1902,16,2,404,0,6.0,5.4,12.3,0,0,0,0,0,1,0,0,1,0
2023-12-13 08:00:00,2066,9,4,711,0,8.5,5.5,1.3,0,0,0,0,0,0,1,0,1,0
2023-12-12 10:00:00,1758,11,2,321,0,6.0,5.4,12.3,0,0,0,0,0,1,0,0,1,0
2023-12-13 15:00:00,1966,16,4,773,0,8.5,5.5,1.3,0,0,0,0,0,0,1,0,1,0
2023-12-12 18:00:00,1479,19,2,386,0,6.0,5.4,12.3,0,0,0,0,0,1,0,0,1,0
2023-12-13 10:00:00,1550,11,4,571,0,8.5,5.5,1.3,0,0,0,0,0,0,1,0,1,0
2023-12-13 19:00:00,1189,20,4,539,0,8.5,5.5,1.3,0,0,0,0,0,0,1,0,1,0
2023-12-12 06:00:00,260,7,2,49,0,6.0,5.4,12.3,0,0,0,0,0,1,0,0,1,0
2023-12-14 19:00:00,1182,20,3,123,0,11.3,2.7,0.1,0,0,0,0,1,0,0,0,1,0
2023-12-14 01:00:00,201,2,3,158,0,11.3,2.7,0.1,0,0,0,0,1,0,0,0,1,0
2023-12-15 10:00:00,1720,11,8,500,0,11.3,5.2,0.0,1,0,0,0,0,0,0,0,1,0
2023-12-14 02:00:00,184,3,3,358,0,11.3,2.7,0.1,0,0,0,0,1,0,0,0,1,0
2023-12-15 13:00:00,1543,14,8,746,0,11.3,5.2,0.0,1,0,0,0,0,0,0,0,1,0
2023-12-14 03:00:00,110,4,3,143,0,11.3,2.7,0.1,0,0,0,0,1,0,0,0,1,0
2023-12-14 04:00:00,66,5,3,103,0,11.3,2.7,0.1,0,0,0,0,1,0,0,0,1,0
2023-12-15 17:00:00,1970,18,2,411,0,11.3,5.2,0.0,1,0,0,0,0,0,0,0,1,0
2023-12-14 12:00:00,1752,13,12,904,0,11.3,2.7,0.1,0,0,0,0,1,0,0,0,1,0
2023-12-15 08:00:00,1726,9,2,477,0,11.3,5.2,0.0,1,0,0,0,0,0,0,0,1,0
2023-12-15 11:00:00,1883,12,16,652,0,11.3,5.2,0.0,1,0,0,0,0,0,0,0,1,0
2023-12-15 12:00:00,2093,13,10,778,0,11.3,5.2,0.0,1,0,0,0,0,0,0,0,1,0
2023-12-15 18:00:00,1804,19,10,412,0,11.3,5.2,0.0,1,0,0,0,0,0,0,0,1,0
2023-12-15 15:00:00,1926,16,9,632,0,11.3,5.2,0.0,1,0,0,0,0,0,0,0,1,0
2023-12-15 16:00:00,2166,17,7,299,0,11.3,5.2,0.0,1,0,0,0,0,0,0,0,1,0
2023-12-15 21:00:00,836,22,2,475,0,11.3,5.2,0.0,1,0,0,0,0,0,0,0,1,0
2023-12-14 10:00:00,1528,11,2,502,0,11.3,2.7,0.1,0,0,0,0,1,0,0,0,1,0
2023-12-15 07:00:00,728,8,2,150,0,11.3,5.2,0.0,1,0,0,0,0,0,0,0,1,0
2023-12-14 13:00:00,1818,14,19,999,0,11.3,2.7,0.1,0,0,0,0,1,0,0,0,1,0
2023-12-15 14:00:00,1554,15,7,629,0,11.3,5.2,0.0,1,0,0,0,0,0,0,0,1,0
2023-12-14 22:00:00,642,23,2,114,0,11.3,2.7,0.1,0,0,0,0,1,0,0,0,1,0
2023-12-15 00:00:00,194,1,2,187,0,11.3,5.2,0.0,1,0,0,0,0,0,0,0,1,0
2023-12-13 01:00:00,114,2,0,11,0,8.5,5.5,1.3,0,0,0,0,0,0,1,0,1,0
2023-12-15 01:00:00,121,2,2,121,0,11.3,5.2,0.0,1,0,0,0,0,0,0,0,1,0
2023-12-15 03:00:00,106,4,2,117,0,11.3,5.2,0.0,1,0,0,0,0,0,0,0,1,0
2023-12-15 20:00:00,803,21,1,439,0,11.3,5.2,0.0,1,0,0,0,0,0,0,0,1,0
2023-12-15 04:00:00,90,5,1,128,0,11.3,5.2,0.0,1,0,0,0,0,0,0,0,1,0
2023-12-15 06:00:00,226,7,0,51,0,11.3,5.2,0.0,1,0,0,0,0,0,0,0,1,0
2023-12-13 02:00:00,93,3,0,177,0,8.5,5.5,1.3,0,0,0,0,0,0,1,0,1,0
2023-12-14 14:00:00,1714,15,9,698,0,11.3,2.7,0.1,0,0,0,0,1,0,0,0,1,0
2023-12-14 15:00:00,1656,16,8,444,0,11.3,2.7,0.1,0,0,0,0,1,0,0,0,1,0
2023-12-14 16:00:00,1964,17,7,256,0,11.3,2.7,0.1,0,0,0,0,1,0,0,0,1,0
2023-12-14 11:00:00,1706,12,7,586,0,11.3,2.7,0.1,0,0,0,0,1,0,0,0,1,0
2023-12-14 21:00:00,910,22,5,101,0,11.3,2.7,0.1,0,0,0,0,1,0,0,0,1,0
2023-12-14 20:00:00,810,21,5,133,0,11.3,2.7,0.1,0,0,0,0,1,0,0,0,1,0
2023-12-14 08:00:00,1910,9,4,526,0,11.3,2.7,0.1,0,0,0,0,1,0,0,0,1,0
2023-12-14 07:00:00,802,8,4,125,0,11.3,2.7,0.1,0,0,0,0,1,0,0,0,1,0
2023-12-14 17:00:00,1898,18,3,118,0,11.3,2.7,0.1,0,0,0,0,1,0,0,0,1,0
2023-12-15 19:00:00,1492,20,6,447,0,11.3,5.2,0.0,1,0,0,0,0,0,0,0,1,0
2023-12-13 03:00:00,54,4,0,119,0,8.5,5.5,1.3,0,0,0,0,0,0,1,0,1,0
2023-12-14 09:00:00,1794,10,1,489,0,11.3,2.7,0.1,0,0,0,0,1,0,0,0,1,0
2023-12-15 23:00:00,626,0,5,460,0,11.3,5.2,0.0,1,0,0,0,0,0,0,0,1,0
2023-12-14 18:00:00,1595,19,1,130,0,11.3,2.7,0.1,0,0,0,0,1,0,0,0,1,0
2023-12-14 23:00:00,408,0,1,66,0,11.3,2.7,0.1,0,0,0,0,1,0,0,0,1,0
2023-12-14 06:00:00,317,7,1,49,0,11.3,2.7,0.1,0,0,0,0,1,0,0,0,1,0
2023-12-14 00:00:00,274,1,1,212,0,11.3,2.7,0.1,0,0,0,0,1,0,0,0,1,0
2023-12-14 05:00:00,145,6,1,67,0,11.3,2.7,0.1,0,0,0,0,1,0,0,0,1,0
2023-12-15 09:00:00,1697,10,3,457,0,11.3,5.2,0.0,1,0,0,0,0,0,0,0,1,0
2023-12-15 22:00:00,665,23,3,585,0,11.3,5.2,0.0,1,0,0,0,0,0,0,0,1,0
2023-12-16 12:00:00,2002,13,17,514,0,12.6,8.8,0.0,0,0,1,0,0,0,0,0,1,0
2023-12-17 15:00:00,1089,16,1,351,0,12.6,10.1,0.0,0,0,0,1,0,0,0,0,1,0
2023-12-16 20:00:00,982,21,17,427,0,12.6,8.8,0.0,0,0,1,0,0,0,0,0,1,0
2023-12-16 10:00:00,1573,11,13,343,0,12.6,8.8,0.0,0,0,1,0,0,0,0,0,1,0
2023-12-16 19:00:00,1200,20,13,412,0,12.6,8.8,0.0,0,0,1,0,0,0,0,0,1,0
2023-12-16 13:00:00,2307,14,12,706,0,12.6,8.8,0.0,0,0,1,0,0,0,0,0,1,0
2023-12-16 18:00:00,1401,19,11,379,0,12.6,8.8,0.0,0,0,1,0,0,0,0,0,1,0
2023-12-16 21:00:00,768,22,11,516,0,12.6,8.8,0.0,0,0,1,0,0,0,0,0,1,0
2023-12-16 09:00:00,1198,10,7,237,0,12.6,8.8,0.0,0,0,1,0,0,0,0,0,1,0
2023-12-16 08:00:00,714,9,7,117,0,12.6,8.8,0.0,0,0,1,0,0,0,0,0,1,0
2023-12-16 03:00:00,400,4,7,407,0,12.6,8.8,0.0,0,0,1,0,0,0,0,0,1,0
2023-12-17 19:00:00,956,20,4,195,0,12.6,10.1,0.0,0,0,0,1,0,0,0,0,1,0
2023-12-15 05:00:00,139,6,0,42,0,11.3,5.2,0.0,1,0,0,0,0,0,0,0,1,0
2023-12-15 02:00:00,112,3,0,197,0,11.3,5.2,0.0,1,0,0,0,0,0,0,0,1,0
2023-12-17 23:00:00,466,0,12,130,0,12.6,10.1,0.0,0,0,0,1,0,0,0,0,1,0
2023-12-16 11:00:00,1854,12,6,361,0,12.6,8.8,0.0,0,0,1,0,0,0,0,0,1,0
2023-12-17 22:00:00,696,23,9,210,0,12.6,10.1,0.0,0,0,0,1,0,0,0,0,1,0
2023-12-17 20:00:00,757,21,8,158,0,12.6,10.1,0.0,0,0,0,1,0,0,0,0,1,0
2023-12-17 00:00:00,551,1,8,613,0,12.6,10.1,0.0,0,0,0,1,0,0,0,0,1,0
2023-12-17 13:00:00,1157,14,6,347,0,12.6,10.1,0.0,0,0,0,1,0,0,0,0,1,0
2023-12-17 18:00:00,1151,19,6,279,0,12.6,10.1,0.0,0,0,0,1,0,0,0,0,1,0
2023-12-17 17:00:00,1058,18,6,259,0,12.6,10.1,0.0,0,0,0,1,0,0,0,0,1,0
2023-12-17 21:00:00,718,22,6,189,0,12.6,10.1,0.0,0,0,0,1,0,0,0,0,1,0
2023-12-17 14:00:00,1237,15,5,425,0,12.6,10.1,0.0,0,0,0,1,0,0,0,0,1,0
2023-12-17 16:00:00,1189,17,5,156,0,12.6,10.1,0.0,0,0,0,1,0,0,0,0,1,0
2023-12-17 06:00:00,130,7,1,44,0,12.6,10.1,0.0,0,0,0,1,0,0,0,0,1,0
2023-12-17 11:00:00,960,12,3,222,0,12.6,10.1,0.0,0,0,0,1,0,0,0,0,1,0
2023-12-17 03:00:00,318,4,3,371,0,12.6,10.1,0.0,0,0,0,1,0,0,0,0,1,0
2023-12-17 12:00:00,1206,13,2,344,0,12.6,10.1,0.0,0,0,0,1,0,0,0,0,1,0
2023-12-17 09:00:00,395,10,2,145,0,12.6,10.1,0.0,0,0,0,1,0,0,0,0,1,0
2023-12-17 08:00:00,250,9,2,53,0,12.6,10.1,0.0,0,0,0,1,0,0,0,0,1,0
2023-12-17 07:00:00,162,8,2,46,0,12.6,10.1,0.0,0,0,0,1,0,0,0,0,1,0
2023-12-17 04:00:00,156,5,2,166,0,12.6,10.1,0.0,0,0,0,1,0,0,0,0,1,0
2023-12-16 17:00:00,1521,18,5,364,0,12.6,8.8,0.0,0,0,1,0,0,0,0,0,1,0
2023-12-16 02:00:00,99,3,0,140,0,12.6,8.8,0.0,0,0,1,0,0,0,0,0,1,0
2023-12-16 05:00:00,164,6,5,198,0,12.6,8.8,0.0,0,0,1,0,0,0,0,0,1,0
2023-12-16 00:00:00,92,1,0,172,0,12.6,8.8,0.0,0,0,1,0,0,0,0,0,1,0
2023-12-16 14:00:00,1988,15,4,704,0,12.6,8.8,0.0,0,0,1,0,0,0,0,0,1,0
2023-12-16 15:00:00,1510,16,1,442,0,12.6,8.8,0.0,0,0,1,0,0,0,0,0,1,0
2023-12-17 10:00:00,753,11,0,225,0,12.6,10.1,0.0,0,0,0,1,0,0,0,0,1,0
2023-12-16 01:00:00,51,2,0,67,0,12.6,8.8,0.0,0,0,1,0,0,0,0,0,1,0
2023-12-16 16:00:00,1231,17,4,182,0,12.6,8.8,0.0,0,0,1,0,0,0,0,0,1,0
2023-12-16 04:00:00,245,5,1,225,0,12.6,8.8,0.0,0,0,1,0,0,0,0,0,1,0
2023-12-17 05:00:00,143,6,0,115,0,12.6,10.1,0.0,0,0,0,1,0,0,0,0,1,0
2023-12-16 23:00:00,571,0,3,391,0,12.6,8.8,0.0,0,0,1,0,0,0,0,0,1,0
2023-12-16 06:00:00,155,7,1,136,0,12.6,8.8,0.0,0,0,1,0,0,0,0,0,1,0
2023-12-17 02:00:00,501,3,23,495,0,12.6,10.1,0.0,0,0,0,1,0,0,0,0,1,0
2023-12-16 22:00:00,603,23,0,415,0,12.6,8.8,0.0,0,0,1,0,0,0,0,0,1,0
2023-12-16 07:00:00,308,8,2,63,0,12.6,8.8,0.0,0,0,1,0,0,0,0,0,1,0
2023-12-17 01:00:00,540,2,19,532,0,12.6,10.1,0.0,0,0,0,1,0,0,0,0,1,0
2023-12-18 07:00:00,568,8,1,76,0,7.7,10.4,0.0,0,1,0,0,0,0,0,0,1,0
2023-12-18 20:00:00,749,21,12,212,0,7.7,10.4,0.0,0,1,0,0,0,0,0,0,1,0
2023-12-19 13:00:00,1768,14,5,613,0,12.0,3.8,0.0,0,0,0,0,0,1,0,0,1,0
2023-12-18 04:00:00,88,5,1,48,0,7.7,10.4,0.0,0,1,0,0,0,0,0,0,1,0
2023-12-18 16:00:00,1353,17,0,241,0,7.7,10.4,0.0,0,1,0,0,0,0,0,0,1,0
2023-12-18 06:00:00,243,7,0,39,0,7.7,10.4,0.0,0,1,0,0,0,0,0,0,1,0
2023-12-18 05:00:00,139,6,0,30,0,7.7,10.4,0.0,0,1,0,0,0,0,0,0,1,0
2023-12-18 13:00:00,1084,14,5,434,0,7.7,10.4,0.0,0,1,0,0,0,0,0,0,1,0
2023-12-18 18:00:00,1335,19,3,254,0,7.7,10.4,0.0,0,1,0,0,0,0,0,0,1,0
2023-12-18 12:00:00,1170,13,3,417,0,7.7,10.4,0.0,0,1,0,0,0,0,0,0,1,0
2023-12-18 09:00:00,1068,10,3,238,0,7.7,10.4,0.0,0,1,0,0,0,0,0,0,1,0
2023-12-18 19:00:00,1040,20,3,197,0,7.7,10.4,0.0,0,1,0,0,0,0,0,0,1,0
2023-12-18 21:00:00,646,22,3,210,0,7.7,10.4,0.0,0,1,0,0,0,0,0,0,1,0
2023-12-18 15:00:00,1284,16,2,348,0,7.7,10.4,0.0,0,1,0,0,0,0,0,0,1,0
2023-12-18 10:00:00,937,11,2,336,0,7.7,10.4,0.0,0,1,0,0,0,0,0,0,1,0
2023-12-18 01:00:00,201,2,2,100,0,7.7,10.4,0.0,0,1,0,0,0,0,0,0,1,0
2023-12-18 03:00:00,143,4,2,112,0,7.7,10.4,0.0,0,1,0,0,0,0,0,0,1,0
2023-12-18 14:00:00,1178,15,1,344,0,7.7,10.4,0.0,0,1,0,0,0,0,0,0,1,0
2023-12-18 08:00:00,1176,9,1,224,0,7.7,10.4,0.0,0,1,0,0,0,0,0,0,1,0
2023-12-19 05:00:00,120,6,5,30,0,12.0,3.8,0.0,0,0,0,0,0,1,0,0,1,0
2023-12-18 02:00:00,170,3,11,245,0,7.7,10.4,0.0,0,1,0,0,0,0,0,0,1,0
2023-12-19 16:00:00,2072,17,13,289,0,12.0,3.8,0.0,0,0,0,0,0,1,0,0,1,0
2023-12-19 12:00:00,1842,13,12,665,0,12.0,3.8,0.0,0,0,0,0,0,1,0,0,1,0
2023-12-19 10:00:00,1524,11,9,362,0,12.0,3.8,0.0,0,0,0,0,0,1,0,0,1,0
2023-12-19 19:00:00,932,20,9,294,0,12.0,3.8,0.0,0,0,0,0,0,1,0,0,1,0
2023-12-19 08:00:00,1735,9,7,356,0,12.0,3.8,0.0,0,0,0,0,0,1,0,0,1,0
2023-12-19 17:00:00,1787,18,6,323,0,12.0,3.8,0.0,0,0,0,0,0,1,0,0,1,0
2023-12-19 11:00:00,1696,12,6,552,0,12.0,3.8,0.0,0,0,0,0,0,1,0,0,1,0
2023-12-19 23:00:00,309,0,6,83,0,12.0,3.8,0.0,0,0,0,0,0,1,0,0,1,0
2023-12-18 22:00:00,487,23,9,169,0,7.7,10.4,0.0,0,1,0,0,0,0,0,0,1,0
2023-12-18 00:00:00,309,1,9,230,0,7.7,10.4,0.0,0,1,0,0,0,0,0,0,1,0
2023-12-18 11:00:00,1004,12,8,276,0,7.7,10.4,0.0,0,1,0,0,0,0,0,0,1,0
2023-12-18 23:00:00,428,0,8,116,0,7.7,10.4,0.0,0,1,0,0,0,0,0,0,1,0
2023-12-18 17:00:00,1782,18,6,266,0,7.7,10.4,0.0,0,1,0,0,0,0,0,0,1,0
2023-12-19 18:00:00,1375,19,4,309,0,12.0,3.8,0.0,0,0,0,0,0,1,0,0,1,0
2023-12-19 20:00:00,633,21,4,219,0,12.0,3.8,0.0,0,0,0,0,0,1,0,0,1,0
2023-12-19 22:00:00,300,23,4,227,0,12.0,3.8,0.0,0,0,0,0,0,1,0,0,1,0
2023-12-19 15:00:00,2122,16,17,568,0,12.0,3.8,0.0,0,0,0,0,0,1,0,0,1,0
2023-12-19 02:00:00,81,3,4,81,0,12.0,3.8,0.0,0,0,0,0,0,1,0,0,1,0
2023-12-19 14:00:00,1840,15,3,558,0,12.0,3.8,0.0,0,0,0,0,0,1,0,0,1,0
2023-12-19 09:00:00,1649,10,3,338,0,12.0,3.8,0.0,0,0,0,0,0,1,0,0,1,0
2023-12-19 01:00:00,100,2,0,98,0,12.0,3.8,0.0,0,0,0,0,0,1,0,0,1,0
2023-12-19 07:00:00,797,8,3,75,0,12.0,3.8,0.0,0,0,0,0,0,1,0,0,1,0
2023-12-19 03:00:00,80,4,0,53,0,12.0,3.8,0.0,0,0,0,0,0,1,0,0,1,0
2023-12-19 00:00:00,256,1,2,124,0,12.0,3.8,0.0,0,0,0,0,0,1,0,0,1,0
2023-12-19 04:00:00,61,5,2,7,0,12.0,3.8,0.0,0,0,0,0,0,1,0,0,1,0
2023-12-19 21:00:00,562,22,1,228,0,12.0,3.8,0.0,0,0,0,0,0,1,0,0,1,0
2023-12-19 06:00:00,313,7,1,23,0,12.0,3.8,0.0,0,0,0,0,0,1,0,0,1,0
2023-12-20 23:00:00,339,0,0,94,0,9.5,3.8,0.4,0,0,0,0,0,0,1,0,1,0
2023-12-20 16:00:00,2110,17,4,167,0,9.5,3.8,0.4,0,0,0,0,0,0,1,0,1,0
2023-12-20 10:00:00,1756,11,11,255,0,9.5,3.8,0.4,0,0,0,0,0,0,1,0,1,0
2023-12-20 11:00:00,1816,12,8,234,0,9.5,3.8,0.4,0,0,0,0,0,0,1,0,1,0
2023-12-20 07:00:00,804,8,7,76,0,9.5,3.8,0.4,0,0,0,0,0,0,1,0,1,0
2023-12-20 14:00:00,2020,15,6,367,0,9.5,3.8,0.4,0,0,0,0,0,0,1,0,1,0
2023-12-20 13:00:00,1871,14,6,363,0,9.5,3.8,0.4,0,0,0,0,0,0,1,0,1,0
2023-12-20 08:00:00,1781,9,6,251,0,9.5,3.8,0.4,0,0,0,0,0,0,1,0,1,0
2023-12-20 09:00:00,1773,10,6,309,0,9.5,3.8,0.4,0,0,0,0,0,0,1,0,1,0
2023-12-20 19:00:00,833,20,6,183,0,9.5,3.8,0.4,0,0,0,0,0,0,1,0,1,0
2023-12-20 02:00:00,143,3,6,131,0,9.5,3.8,0.4,0,0,0,0,0,0,1,0,1,0
2023-12-20 17:00:00,1789,18,5,257,0,9.5,3.8,0.4,0,0,0,0,0,0,1,0,1,0
2023-12-20 00:00:00,226,1,5,73,0,9.5,3.8,0.4,0,0,0,0,0,0,1,0,1,0
2023-12-21 04:00:00,26,5,0,80,0,8.9,4.7,1.2,0,0,0,0,1,0,0,0,1,0
2023-12-21 02:00:00,115,3,2,195,0,8.9,4.7,1.2,0,0,0,0,1,0,0,0,1,0
2023-12-20 18:00:00,1376,19,3,255,0,9.5,3.8,0.4,0,0,0,0,0,0,1,0,1,0
2023-12-21 08:00:00,1785,9,7,170,0,8.9,4.7,1.2,0,0,0,0,1,0,0,0,1,0
2023-12-20 20:00:00,540,21,3,266,0,9.5,3.8,0.4,0,0,0,0,0,0,1,0,1,0
2023-12-20 05:00:00,169,6,3,39,0,9.5,3.8,0.4,0,0,0,0,0,0,1,0,1,0
2023-12-20 01:00:00,165,2,2,61,0,9.5,3.8,0.4,0,0,0,0,0,0,1,0,1,0
2023-12-20 21:00:00,634,22,1,242,0,9.5,3.8,0.4,0,0,0,0,0,0,1,0,1,0
2023-12-20 22:00:00,435,23,1,207,0,9.5,3.8,0.4,0,0,0,0,0,0,1,0,1,0
2023-12-20 06:00:00,290,7,1,36,0,9.5,3.8,0.4,0,0,0,0,0,0,1,0,1,0
2023-12-20 04:00:00,88,5,1,25,0,9.5,3.8,0.4,0,0,0,0,0,0,1,0,1,0
2023-12-20 03:00:00,78,4,1,44,0,9.5,3.8,0.4,0,0,0,0,0,0,1,0,1,0
2023-12-21 14:00:00,2184,15,6,257,0,8.9,4.7,1.2,0,0,0,0,1,0,0,0,1,0
2023-12-21 21:00:00,502,22,1,200,0,8.9,4.7,1.2,0,0,0,0,1,0,0,0,1,0
2023-12-21 15:00:00,2005,16,6,229,0,8.9,4.7,1.2,0,0,0,0,1,0,0,0,1,0
2023-12-20 12:00:00,1878,13,17,352,0,9.5,3.8,0.4,0,0,0,0,0,0,1,0,1,0
2023-12-20 15:00:00,1910,16,12,315,0,9.5,3.8,0.4,0,0,0,0,0,0,1,0,1,0
2023-12-21 06:00:00,270,7,1,45,0,8.9,4.7,1.2,0,0,0,0,1,0,0,0,1,0
2023-12-21 11:00:00,1995,12,12,209,0,8.9,4.7,1.2,0,0,0,0,1,0,0,0,1,0
2023-12-21 05:00:00,117,6,1,14,0,8.9,4.7,1.2,0,0,0,0,1,0,0,0,1,0
2023-12-21 10:00:00,1785,11,6,146,0,8.9,4.7,1.2,0,0,0,0,1,0,0,0,1,0
2023-12-21 12:00:00,2097,13,9,330,0,8.9,4.7,1.2,0,0,0,0,1,0,0,0,1,0
2023-12-21 13:00:00,2206,14,8,321,0,8.9,4.7,1.2,0,0,0,0,1,0,0,0,1,0
2023-12-21 09:00:00,1704,10,8,190,0,8.9,4.7,1.2,0,0,0,0,1,0,0,0,1,0
2023-12-21 16:00:00,2171,17,7,121,0,8.9,4.7,1.2,0,0,0,0,1,0,0,0,1,0
2023-12-21 23:00:00,323,0,4,222,0,8.9,4.7,1.2,0,0,0,0,1,0,0,0,1,0
2023-12-21 01:00:00,190,2,4,78,0,8.9,4.7,1.2,0,0,0,0,1,0,0,0,1,0
2023-12-21 03:00:00,52,4,4,190,0,8.9,4.7,1.2,0,0,0,0,1,0,0,0,1,0
2023-12-21 18:00:00,1625,19,3,177,0,8.9,4.7,1.2,0,0,0,0,1,0,0,0,1,0
2023-12-21 19:00:00,835,20,3,248,0,8.9,4.7,1.2,0,0,0,0,1,0,0,0,1,0
2023-12-21 00:00:00,256,1,3,122,0,8.9,4.7,1.2,0,0,0,0,1,0,0,0,1,0
2023-12-21 17:00:00,1992,18,2,127,0,8.9,4.7,1.2,0,0,0,0,1,0,0,0,1,0
2023-12-21 20:00:00,669,21,2,309,0,8.9,4.7,1.2,0,0,0,0,1,0,0,0,1,0
2023-12-21 07:00:00,719,8,0,87,0,8.9,4.7,1.2,0,0,0,0,1,0,0,0,1,0
2023-12-21 22:00:00,430,23,0,202,0,8.9,4.7,1.2,0,0,0,0,1,0,0,0,1,0
2023-12-23 09:00:00,18,10,3,59,0,10.3,3.5,3.6,0,0,1,0,0,0,0,0,1,0
2023-12-23 15:00:00,1956,16,9,314,0,10.3,3.5,3.6,0,0,1,0,0,0,0,0,1,0
2023-12-23 14:00:00,2331,15,7,244,0,10.3,3.5,3.6,0,0,1,0,0,0,0,0,1,0
2023-12-23 13:00:00,1201,14,7,208,0,10.3,3.5,3.6,0,0,1,0,0,0,0,0,1,0
2023-12-23 16:00:00,1446,17,4,159,0,10.3,3.5,3.6,0,0,1,0,0,0,0,0,1,0
2023-12-23 22:00:00,514,23,4,218,0,10.3,3.5,3.6,0,0,1,0,0,0,0,0,1,0
2023-12-23 17:00:00,1254,18,3,143,0,10.3,3.5,3.6,0,0,1,0,0,0,0,0,1,0
2023-12-23 21:00:00,471,22,3,289,0,10.3,3.5,3.6,0,0,1,0,0,0,0,0,1,0
2023-12-22 11:00:00,1357,12,7,266,0,12.1,6.4,14.3,1,0,0,0,0,0,0,0,1,0
2023-12-23 12:00:00,18,13,0,91,0,10.3,3.5,3.6,0,0,1,0,0,0,0,0,1,0
2023-12-23 10:00:00,16,11,0,64,0,10.3,3.5,3.6,0,0,1,0,0,0,0,0,1,0
2023-12-23 11:00:00,13,12,0,109,0,10.3,3.5,3.6,0,0,1,0,0,0,0,0,1,0
2023-12-23 04:00:00,11,5,0,221,0,10.3,3.5,3.6,0,0,1,0,0,0,0,0,1,0
2023-12-23 08:00:00,10,9,0,49,0,10.3,3.5,3.6,0,0,1,0,0,0,0,0,1,0
2023-12-23 07:00:00,7,8,0,36,0,10.3,3.5,3.6,0,0,1,0,0,0,0,0,1,0
2023-12-23 06:00:00,5,7,0,38,0,10.3,3.5,3.6,0,0,1,0,0,0,0,0,1,0
2023-12-23 05:00:00,4,6,0,169,0,10.3,3.5,3.6,0,0,1,0,0,0,0,0,1,0
2023-12-22 04:00:00,96,5,2,113,0,12.1,6.4,14.3,1,0,0,0,0,0,0,0,1,0
2023-12-22 21:00:00,704,22,1,314,0,12.1,6.4,14.3,1,0,0,0,0,0,0,0,1,0
2023-12-22 23:00:00,330,0,1,231,0,12.1,6.4,14.3,1,0,0,0,0,0,0,0,1,0
2023-12-22 06:00:00,227,7,1,33,0,12.1,6.4,14.3,1,0,0,0,0,0,0,0,1,0
2023-12-22 01:00:00,92,2,1,142,0,12.1,6.4,14.3,1,0,0,0,0,0,0,0,1,0
2023-12-22 02:00:00,55,3,1,186,0,12.1,6.4,14.3,1,0,0,0,0,0,0,0,1,0
2023-12-22 18:00:00,1119,19,0,386,0,12.1,6.4,14.3,1,0,0,0,0,0,0,0,1,0
2023-12-22 07:00:00,491,8,0,74,0,12.1,6.4,14.3,1,0,0,0,0,0,0,0,1,0
2023-12-22 22:00:00,398,23,0,413,0,12.1,6.4,14.3,1,0,0,0,0,0,0,0,1,0
2023-12-22 05:00:00,132,6,0,16,0,12.1,6.4,14.3,1,0,0,0,0,0,0,0,1,0
2023-12-23 19:00:00,525,20,2,142,0,10.3,3.5,3.6,0,0,1,0,0,0,0,0,1,0
2023-12-23 00:00:00,290,1,2,231,0,10.3,3.5,3.6,0,0,1,0,0,0,0,0,1,0
2023-12-22 12:00:00,1627,13,5,412,0,12.1,6.4,14.3,1,0,0,0,0,0,0,0,1,0
2023-12-22 17:00:00,1199,18,5,318,0,12.1,6.4,14.3,1,0,0,0,0,0,0,0,1,0
2023-12-23 18:00:00,1044,19,1,143,0,10.3,3.5,3.6,0,0,1,0,0,0,0,0,1,0
2023-12-22 20:00:00,640,21,5,385,0,12.1,6.4,14.3,1,0,0,0,0,0,0,0,1,0
2023-12-23 01:00:00,335,2,0,204,0,10.3,3.5,3.6,0,0,1,0,0,0,0,0,1,0
2023-12-22 13:00:00,1469,14,4,501,0,12.1,6.4,14.3,1,0,0,0,0,0,0,0,1,0
2023-12-23 23:00:00,420,0,1,160,0,10.3,3.5,3.6,0,0,1,0,0,0,0,0,1,0
2023-12-23 02:00:00,285,3,1,282,0,10.3,3.5,3.6,0,0,1,0,0,0,0,0,1,0
2023-12-23 20:00:00,239,21,0,158,0,10.3,3.5,3.6,0,0,1,0,0,0,0,0,1,0
2023-12-22 14:00:00,1299,15,4,479,0,12.1,6.4,14.3,1,0,0,0,0,0,0,0,1,0
2023-12-22 10:00:00,1228,11,4,243,0,12.1,6.4,14.3,1,0,0,0,0,0,0,0,1,0
2023-12-22 00:00:00,185,1,4,170,0,12.1,6.4,14.3,1,0,0,0,0,0,0,0,1,0
2023-12-22 03:00:00,78,4,4,130,0,12.1,6.4,14.3,1,0,0,0,0,0,0,0,1,0
2023-12-22 16:00:00,1399,17,3,227,0,12.1,6.4,14.3,1,0,0,0,0,0,0,0,1,0
2023-12-22 09:00:00,1167,10,3,208,0,12.1,6.4,14.3,1,0,0,0,0,0,0,0,1,0
2023-12-22 08:00:00,1085,9,3,181,0,12.1,6.4,14.3,1,0,0,0,0,0,0,0,1,0
2023-12-22 19:00:00,842,20,3,400,0,12.1,6.4,14.3,1,0,0,0,0,0,0,0,1,0
2023-12-23 03:00:00,52,4,0,357,0,10.3,3.5,3.6,0,0,1,0,0,0,0,0,1,0
2023-12-22 15:00:00,1143,16,2,353,0,12.1,6.4,14.3,1,0,0,0,0,0,0,0,1,0
2023-12-24 14:00:00,1442,15,2,385,0,4.8,2.8,0.0,0,0,0,1,0,0,0,0,1,0
2023-12-25 15:00:00,463,16,2,93,1,6.3,0.4,3.4,0,1,0,0,0,0,0,0,1,0
2023-12-24 13:00:00,1409,14,2,272,0,4.8,2.8,0.0,0,0,0,1,0,0,0,0,1,0
2023-12-24 15:00:00,1331,16,2,384,0,4.8,2.8,0.0,0,0,0,1,0,0,0,0,1,0
2023-12-24 10:00:00,1005,11,2,250,0,4.8,2.8,0.0,0,0,0,1,0,0,0,0,1,0
2023-12-24 17:00:00,942,18,2,226,0,4.8,2.8,0.0,0,0,0,1,0,0,0,0,1,0
2023-12-25 23:00:00,185,0,2,19,1,6.3,0.4,3.4,0,1,0,0,0,0,0,0,1,0
2023-12-25 00:00:00,170,1,2,25,1,6.3,0.4,3.4,0,1,0,0,0,0,0,0,1,0
2023-12-25 03:00:00,37,4,0,2,1,6.3,0.4,3.4,0,1,0,0,0,0,0,0,1,0
2023-12-24 20:00:00,640,21,2,222,0,4.8,2.8,0.0,0,0,0,1,0,0,0,0,1,0
2023-12-24 03:00:00,171,4,2,348,0,4.8,2.8,0.0,0,0,0,1,0,0,0,0,1,0
2023-12-24 04:00:00,133,5,2,72,0,4.8,2.8,0.0,0,0,0,1,0,0,0,0,1,0
2023-12-24 09:00:00,641,10,1,148,0,4.8,2.8,0.0,0,0,0,1,0,0,0,0,1,0
2023-12-24 08:00:00,391,9,1,72,0,4.8,2.8,0.0,0,0,0,1,0,0,0,0,1,0
2023-12-24 22:00:00,365,23,1,47,0,4.8,2.8,0.0,0,0,0,1,0,0,0,0,1,0
2023-12-24 02:00:00,256,3,1,445,0,4.8,2.8,0.0,0,0,0,1,0,0,0,0,1,0
2023-12-24 00:00:00,275,1,0,88,0,4.8,2.8,0.0,0,0,0,1,0,0,0,0,1,0
2023-12-25 20:00:00,386,21,4,27,1,6.3,0.4,3.4,0,1,0,0,0,0,0,0,1,0
2023-12-25 14:00:00,629,15,3,75,1,6.3,0.4,3.4,0,1,0,0,0,0,0,0,1,0
2023-12-25 19:00:00,398,20,3,42,1,6.3,0.4,3.4,0,1,0,0,0,0,0,0,1,0
2023-12-25 17:00:00,397,18,3,58,1,6.3,0.4,3.4,0,1,0,0,0,0,0,0,1,0
2023-12-24 18:00:00,859,19,9,307,0,4.8,2.8,0.0,0,0,0,1,0,0,0,0,1,0
2023-12-25 05:00:00,26,6,0,0,1,6.3,0.4,3.4,0,1,0,0,0,0,0,0,1,0
2023-12-25 13:00:00,626,14,0,42,1,6.3,0.4,3.4,0,1,0,0,0,0,0,0,1,0
2023-12-25 12:00:00,591,13,0,80,1,6.3,0.4,3.4,0,1,0,0,0,0,0,0,1,0
2023-12-25 21:00:00,333,22,0,52,1,6.3,0.4,3.4,0,1,0,0,0,0,0,0,1,0
2023-12-25 22:00:00,262,23,0,47,1,6.3,0.4,3.4,0,1,0,0,0,0,0,0,1,0
2023-12-25 09:00:00,192,10,0,30,1,6.3,0.4,3.4,0,1,0,0,0,0,0,0,1,0
2023-12-25 01:00:00,140,2,0,17,1,6.3,0.4,3.4,0,1,0,0,0,0,0,0,1,0
2023-12-25 07:00:00,125,8,0,8,1,6.3,0.4,3.4,0,1,0,0,0,0,0,0,1,0
2023-12-25 08:00:00,112,9,0,17,1,6.3,0.4,3.4,0,1,0,0,0,0,0,0,1,0
2023-12-25 02:00:00,75,3,0,26,1,6.3,0.4,3.4,0,1,0,0,0,0,0,0,1,0
2023-12-25 06:00:00,73,7,0,7,1,6.3,0.4,3.4,0,1,0,0,0,0,0,0,1,0
2023-12-25 04:00:00,18,5,0,0,1,6.3,0.4,3.4,0,1,0,0,0,0,0,0,1,0
2023-12-24 06:00:00,112,7,0,35,0,4.8,2.8,0.0,0,0,0,1,0,0,0,0,1,0
2023-12-24 01:00:00,100,2,0,55,0,4.8,2.8,0.0,0,0,0,1,0,0,0,0,1,0
2023-12-26 22:00:00,412,23,9,161,1,8.8,0.4,14.8,0,0,0,0,0,1,0,0,1,0
2023-12-25 11:00:00,538,12,1,59,1,6.3,0.4,3.4,0,1,0,0,0,0,0,0,1,0
2023-12-24 16:00:00,1186,17,5,225,0,4.8,2.8,0.0,0,0,0,1,0,0,0,0,1,0
2023-12-25 10:00:00,389,11,1,40,1,6.3,0.4,3.4,0,1,0,0,0,0,0,0,1,0
2023-12-25 16:00:00,387,17,1,50,1,6.3,0.4,3.4,0,1,0,0,0,0,0,0,1,0
2023-12-25 18:00:00,370,19,1,39,1,6.3,0.4,3.4,0,1,0,0,0,0,0,0,1,0
2023-12-24 23:00:00,310,0,5,76,0,4.8,2.8,0.0,0,0,0,1,0,0,0,0,1,0
2023-12-24 19:00:00,836,20,4,193,0,4.8,2.8,0.0,0,0,0,1,0,0,0,0,1,0
2023-12-24 21:00:00,492,22,4,161,0,4.8,2.8,0.0,0,0,0,1,0,0,0,0,1,0
2023-12-24 12:00:00,1524,13,3,363,0,4.8,2.8,0.0,0,0,0,1,0,0,0,0,1,0
2023-12-24 11:00:00,1145,12,3,316,0,4.8,2.8,0.0,0,0,0,1,0,0,0,0,1,0
2023-12-24 07:00:00,171,8,3,53,0,4.8,2.8,0.0,0,0,0,1,0,0,0,0,1,0
2023-12-24 05:00:00,124,6,3,137,0,4.8,2.8,0.0,0,0,0,1,0,0,0,0,1,0
2023-12-27 07:00:00,122,8,0,27,0,8.3,-4.0,22.5,0,0,0,0,0,0,1,0,1,0
2023-12-26 05:00:00,50,6,0,9,1,8.8,0.4,14.8,0,0,0,0,0,1,0,0,1,0
2023-12-26 04:00:00,47,5,0,46,1,8.8,0.4,14.8,0,0,0,0,0,1,0,0,1,0
2023-12-26 23:00:00,368,0,5,195,1,8.8,0.4,14.8,0,0,0,0,0,1,0,0,1,0
2023-12-27 06:00:00,20,7,0,22,0,8.3,-4.0,22.5,0,0,0,0,0,0,1,0,1,0
2023-12-27 05:00:00,11,6,0,6,0,8.3,-4.0,22.5,0,0,0,0,0,0,1,0,1,0
2023-12-27 04:00:00,9,5,0,5,0,8.3,-4.0,22.5,0,0,0,0,0,0,1,0,1,0
2023-12-26 02:00:00,87,3,1,54,1,8.8,0.4,14.8,0,0,0,0,0,1,0,0,1,0
2023-12-26 15:00:00,873,16,0,247,1,8.8,0.4,14.8,0,0,0,0,0,1,0,0,1,0
2023-12-26 12:00:00,835,13,0,241,1,8.8,0.4,14.8,0,0,0,0,0,1,0,0,1,0
2023-12-26 18:00:00,637,19,0,259,1,8.8,0.4,14.8,0,0,0,0,0,1,0,0,1,0
2023-12-26 10:00:00,470,11,0,114,1,8.8,0.4,14.8,0,0,0,0,0,1,0,0,1,0
2023-12-26 07:00:00,160,8,0,22,1,8.8,0.4,14.8,0,0,0,0,0,1,0,0,1,0
2023-12-26 00:00:00,159,1,0,29,1,8.8,0.4,14.8,0,0,0,0,0,1,0,0,1,0
2023-12-26 06:00:00,92,7,0,10,1,8.8,0.4,14.8,0,0,0,0,0,1,0,0,1,0
2023-12-26 01:00:00,88,2,0,37,1,8.8,0.4,14.8,0,0,0,0,0,1,0,0,1,0
2023-12-26 16:00:00,803,17,4,172,1,8.8,0.4,14.8,0,0,0,0,0,1,0,0,1,0
2023-12-27 20:00:00,611,21,1,227,0,8.3,-4.0,22.5,0,0,0,0,0,0,1,0,1,0
2023-12-26 19:00:00,569,20,4,114,1,8.8,0.4,14.8,0,0,0,0,0,1,0,0,1,0
2023-12-27 23:00:00,321,0,1,108,0,8.3,-4.0,22.5,0,0,0,0,0,0,1,0,1,0
2023-12-27 01:00:00,194,2,1,171,0,8.3,-4.0,22.5,0,0,0,0,0,0,1,0,1,0
2023-12-27 03:00:00,140,4,1,328,0,8.3,-4.0,22.5,0,0,0,0,0,0,1,0,1,0
2023-12-27 12:00:00,940,13,0,119,0,8.3,-4.0,22.5,0,0,0,0,0,0,1,0,1,0
2023-12-27 11:00:00,462,12,0,64,0,8.3,-4.0,22.5,0,0,0,0,0,0,1,0,1,0
2023-12-27 22:00:00,409,23,0,148,0,8.3,-4.0,22.5,0,0,0,0,0,0,1,0,1,0
2023-12-27 10:00:00,383,11,0,69,0,8.3,-4.0,22.5,0,0,0,0,0,0,1,0,1,0
2023-12-27 09:00:00,319,10,0,68,0,8.3,-4.0,22.5,0,0,0,0,0,0,1,0,1,0
2023-12-27 00:00:00,301,1,0,176,0,8.3,-4.0,22.5,0,0,0,0,0,0,1,0,1,0
2023-12-27 08:00:00,272,9,0,41,0,8.3,-4.0,22.5,0,0,0,0,0,0,1,0,1,0
2023-12-27 02:00:00,173,3,0,429,0,8.3,-4.0,22.5,0,0,0,0,0,0,1,0,1,0
2023-12-28 12:00:00,1158,13,7,212,0,5.3,3.4,19.9,0,0,0,0,1,0,0,0,1,0
2023-12-27 14:00:00,1311,15,8,207,0,8.3,-4.0,22.5,0,0,0,0,0,0,1,0,1,0
2023-12-28 17:00:00,1215,18,9,324,0,5.3,3.4,19.9,0,0,0,0,1,0,0,0,1,0
2023-12-28 11:00:00,1737,12,6,279,0,5.3,3.4,19.9,0,0,0,0,1,0,0,0,1,0
2023-12-26 20:00:00,612,21,3,172,1,8.8,0.4,14.8,0,0,0,0,0,1,0,0,1,0
2023-12-26 21:00:00,495,22,3,173,1,8.8,0.4,14.8,0,0,0,0,0,1,0,0,1,0
2023-12-27 13:00:00,965,14,6,159,0,8.3,-4.0,22.5,0,0,0,0,0,0,1,0,1,0
2023-12-28 15:00:00,1682,16,5,404,0,5.3,3.4,19.9,0,0,0,0,1,0,0,0,1,0
2023-12-27 17:00:00,986,18,5,245,0,8.3,-4.0,22.5,0,0,0,0,0,0,1,0,1,0
2023-12-26 03:00:00,155,4,2,241,1,8.8,0.4,14.8,0,0,0,0,0,1,0,0,1,0
2023-12-26 14:00:00,1051,15,1,273,1,8.8,0.4,14.8,0,0,0,0,0,1,0,0,1,0
2023-12-26 13:00:00,1012,14,1,237,1,8.8,0.4,14.8,0,0,0,0,0,1,0,0,1,0
2023-12-26 11:00:00,770,12,1,135,1,8.8,0.4,14.8,0,0,0,0,0,1,0,0,1,0
2023-12-26 17:00:00,751,18,1,220,1,8.8,0.4,14.8,0,0,0,0,0,1,0,0,1,0
2023-12-26 09:00:00,276,10,1,98,1,8.8,0.4,14.8,0,0,0,0,0,1,0,0,1,0
2023-12-26 08:00:00,194,9,1,43,1,8.8,0.4,14.8,0,0,0,0,0,1,0,0,1,0
2023-12-28 18:00:00,874,19,4,124,0,5.3,3.4,19.9,0,0,0,0,1,0,0,0,1,0
2023-12-28 13:00:00,787,14,4,187,0,5.3,3.4,19.9,0,0,0,0,1,0,0,0,1,0
2023-12-28 09:00:00,696,10,3,162,0,5.3,3.4,19.9,0,0,0,0,1,0,0,0,1,0
2023-12-28 16:00:00,1609,17,1,284,0,5.3,3.4,19.9,0,0,0,0,1,0,0,0,1,0
2023-12-28 10:00:00,1390,11,1,153,0,5.3,3.4,19.9,0,0,0,0,1,0,0,0,1,0
2023-12-28 14:00:00,1218,15,1,413,0,5.3,3.4,19.9,0,0,0,0,1,0,0,0,1,0
2023-12-28 19:00:00,592,20,1,50,0,5.3,3.4,19.9,0,0,0,0,1,0,0,0,1,0
2023-12-27 16:00:00,1225,17,3,207,0,8.3,-4.0,22.5,0,0,0,0,0,0,1,0,1,0
2023-12-27 19:00:00,665,20,3,286,0,8.3,-4.0,22.5,0,0,0,0,0,0,1,0,1,0
2023-12-27 15:00:00,1217,16,2,236,0,8.3,-4.0,22.5,0,0,0,0,0,0,1,0,1,0
2023-12-27 18:00:00,867,19,2,198,0,8.3,-4.0,22.5,0,0,0,0,0,0,1,0,1,0
2023-12-27 21:00:00,533,22,2,260,0,8.3,-4.0,22.5,0,0,0,0,0,0,1,0,1,0
2023-12-28 22:00:00,473,23,1,203,0,5.3,3.4,19.9,0,0,0,0,1,0,0,0,1,0
2023-12-28 23:00:00,380,0,1,146,0,5.3,3.4,19.9,0,0,0,0,1,0,0,0,1,0
2023-12-28 02:00:00,140,3,1,74,0,5.3,3.4,19.9,0,0,0,0,1,0,0,0,1,0
2023-12-28 21:00:00,599,22,0,214,0,5.3,3.4,19.9,0,0,0,0,1,0,0,0,1,0
2023-12-28 08:00:00,542,9,0,123,0,5.3,3.4,19.9,0,0,0,0,1,0,0,0,1,0
2023-12-28 20:00:00,528,21,0,167,0,5.3,3.4,19.9,0,0,0,0,1,0,0,0,1,0
2023-12-30 14:00:00,1340,15,1,162,0,8.1,-0.4,9.2,0,0,1,0,0,0,0,0,1,0
2023-12-29 14:00:00,1198,15,4,463,0,6.8,3.0,0.1,1,0,0,0,0,0,0,0,1,0
2023-12-28 07:00:00,319,8,0,53,0,5.3,3.4,19.9,0,0,0,0,1,0,0,0,1,0
2023-12-28 00:00:00,247,1,0,135,0,5.3,3.4,19.9,0,0,0,0,1,0,0,0,1,0
2023-12-28 01:00:00,161,2,0,63,0,5.3,3.4,19.9,0,0,0,0,1,0,0,0,1,0
2023-12-28 06:00:00,144,7,0,38,0,5.3,3.4,19.9,0,0,0,0,1,0,0,0,1,0
2023-12-28 03:00:00,131,4,0,86,0,5.3,3.4,19.9,0,0,0,0,1,0,0,0,1,0
2023-12-28 05:00:00,131,6,0,11,0,5.3,3.4,19.9,0,0,0,0,1,0,0,0,1,0
2023-12-28 04:00:00,89,5,0,62,0,5.3,3.4,19.9,0,0,0,0,1,0,0,0,1,0
2023-12-29 10:00:00,1170,11,4,247,0,6.8,3.0,0.1,1,0,0,0,0,0,0,0,1,0
2023-12-29 21:00:00,585,22,4,319,0,6.8,3.0,0.1,1,0,0,0,0,0,0,0,1,0
2023-12-30 11:00:00,1181,12,1,189,0,8.1,-0.4,9.2,0,0,1,0,0,0,0,0,1,0
2023-12-29 12:00:00,1686,13,3,544,0,6.8,3.0,0.1,1,0,0,0,0,0,0,0,1,0
2023-12-29 16:00:00,1102,17,3,259,0,6.8,3.0,0.1,1,0,0,0,0,0,0,0,1,0
2023-12-29 15:00:00,1064,16,2,507,0,6.8,3.0,0.1,1,0,0,0,0,0,0,0,1,0
2023-12-29 17:00:00,949,18,2,277,0,6.8,3.0,0.1,1,0,0,0,0,0,0,0,1,0
2023-12-29 19:00:00,735,20,2,274,0,6.8,3.0,0.1,1,0,0,0,0,0,0,0,1,0
2023-12-29 20:00:00,599,21,2,261,0,6.8,3.0,0.1,1,0,0,0,0,0,0,0,1,0
2023-12-29 22:00:00,485,23,2,316,0,6.8,3.0,0.1,1,0,0,0,0,0,0,0,1,0
2023-12-29 07:00:00,351,8,2,55,0,6.8,3.0,0.1,1,0,0,0,0,0,0,0,1,0
2023-12-29 13:00:00,1497,14,1,573,0,6.8,3.0,0.1,1,0,0,0,0,0,0,0,1,0
2023-12-29 09:00:00,963,10,1,189,0,6.8,3.0,0.1,1,0,0,0,0,0,0,0,1,0
2023-12-29 00:00:00,254,1,1,141,0,6.8,3.0,0.1,1,0,0,0,0,0,0,0,1,0
2023-12-29 02:00:00,164,3,1,119,0,6.8,3.0,0.1,1,0,0,0,0,0,0,0,1,0
2023-12-30 10:00:00,999,11,1,160,0,8.1,-0.4,9.2,0,0,1,0,0,0,0,0,1,0
2023-12-30 16:00:00,803,17,1,107,0,8.1,-0.4,9.2,0,0,1,0,0,0,0,0,1,0
2023-12-29 18:00:00,984,19,0,280,0,6.8,3.0,0.1,1,0,0,0,0,0,0,0,1,0
2023-12-29 08:00:00,697,9,0,175,0,6.8,3.0,0.1,1,0,0,0,0,0,0,0,1,0
2023-12-29 23:00:00,330,0,0,241,0,6.8,3.0,0.1,1,0,0,0,0,0,0,0,1,0
2023-12-29 01:00:00,182,2,0,49,0,6.8,3.0,0.1,1,0,0,0,0,0,0,0,1,0
2023-12-29 06:00:00,138,7,0,31,0,6.8,3.0,0.1,1,0,0,0,0,0,0,0,1,0
2023-12-29 05:00:00,74,6,0,27,0,6.8,3.0,0.1,1,0,0,0,0,0,0,0,1,0
2023-12-29 03:00:00,61,4,0,34,0,6.8,3.0,0.1,1,0,0,0,0,0,0,0,1,0
2023-12-29 04:00:00,58,5,0,93,0,6.8,3.0,0.1,1,0,0,0,0,0,0,0,1,0
2023-12-30 23:00:00,512,0,1,169,0,8.1,-0.4,9.2,0,0,1,0,0,0,0,0,1,0
2023-12-30 08:00:00,360,9,1,45,0,8.1,-0.4,9.2,0,0,1,0,0,0,0,0,1,0
2023-12-30 01:00:00,150,2,1,227,0,8.1,-0.4,9.2,0,0,1,0,0,0,0,0,1,0
2023-12-30 05:00:00,74,6,1,62,0,8.1,-0.4,9.2,0,0,1,0,0,0,0,0,1,0
2023-12-30 15:00:00,1224,16,0,198,0,8.1,-0.4,9.2,0,0,1,0,0,0,0,0,1,0
2023-12-30 09:00:00,729,10,0,104,0,8.1,-0.4,9.2,0,0,1,0,0,0,0,0,1,0
2023-12-30 19:00:00,557,20,0,242,0,8.1,-0.4,9.2,0,0,1,0,0,0,0,0,1,0
2023-12-30 21:00:00,536,22,0,186,0,8.1,-0.4,9.2,0,0,1,0,0,0,0,0,1,0
2023-12-30 20:00:00,525,21,0,278,0,8.1,-0.4,9.2,0,0,1,0,0,0,0,0,1,0
2023-12-30 22:00:00,436,23,0,275,0,8.1,-0.4,9.2,0,0,1,0,0,0,0,0,1,0
2023-12-30 13:00:00,1489,14,4,195,0,8.1,-0.4,9.2,0,0,1,0,0,0,0,0,1,0
2023-12-30 12:00:00,1441,13,4,225,0,8.1,-0.4,9.2,0,0,1,0,0,0,0,0,1,0
2023-12-30 18:00:00,714,19,3,253,0,8.1,-0.4,9.2,0,0,1,0,0,0,0,0,1,0
2023-12-30 03:00:00,204,4,3,194,0,8.1,-0.4,9.2,0,0,1,0,0,0,0,0,1,0
2023-12-30 17:00:00,757,18,2,220,0,8.1,-0.4,9.2,0,0,1,0,0,0,0,0,1,0
2023-12-30 02:00:00,202,3,2,269,0,8.1,-0.4,9.2,0,0,1,0,0,0,0,0,1,0
2023-12-29 11:00:00,1461,12,5,326,0,6.8,3.0,0.1,1,0,0,0,0,0,0,0,1,0
2023-12-30 00:00:00,168,1,0,372,0,8.1,-0.4,9.2,0,0,1,0,0,0,0,0,1,0
2023-12-31 16:00:00,64,17,2,277,0,6.8,-1.0,0.2,0,0,0,1,0,0,0,0,1,0
2023-12-30 07:00:00,120,8,0,53,0,8.1,-0.4,9.2,0,0,1,0,0,0,0,0,1,0
2023-12-31 06:00:00,121,7,0,34,0,6.8,-1.0,0.2,0,0,0,1,0,0,0,0,1,0
2023-12-31 11:00:00,939,12,1,315,0,6.8,-1.0,0.2,0,0,0,1,0,0,0,0,1,0
2023-12-31 04:00:00,102,5,0,123,0,6.8,-1.0,0.2,0,0,0,1,0,0,0,0,1,0
2023-12-31 10:00:00,760,11,1,268,0,6.8,-1.0,0.2,0,0,0,1,0,0,0,0,1,0
2023-12-31 09:00:00,441,10,1,97,0,6.8,-1.0,0.2,0,0,0,1,0,0,0,0,1,0
2023-12-30 06:00:00,82,7,0,17,0,8.1,-0.4,9.2,0,0,1,0,0,0,0,0,1,0
2023-12-30 04:00:00,75,5,0,96,0,8.1,-0.4,9.2,0,0,1,0,0,0,0,0,1,0
2023-12-31 22:00:00,363,23,1,321,0,6.8,-1.0,0.2,0,0,0,1,0,0,0,0,1,0
2023-12-31 02:00:00,312,3,1,243,0,6.8,-1.0,0.2,0,0,0,1,0,0,0,0,1,0
2023-12-31 01:00:00,299,2,1,129,0,6.8,-1.0,0.2,0,0,0,1,0,0,0,0,1,0
2023-12-31 00:00:00,231,1,1,108,0,6.8,-1.0,0.2,0,0,0,1,0,0,0,0,1,0
2023-12-31 23:00:00,391,0,8,308,0,6.8,-1.0,0.2,0,0,0,1,0,0,0,0,1,0
2023-12-31 15:00:00,67,16,1,227,0,6.8,-1.0,0.2,0,0,0,1,0,0,0,0,1,0
2023-12-31 08:00:00,214,9,0,61,0,6.8,-1.0,0.2,0,0,0,1,0,0,0,0,1,0
2023-12-31 07:00:00,176,8,0,47,0,6.8,-1.0,0.2,0,0,0,1,0,0,0,0,1,0
2023-12-31 19:00:00,891,20,7,482,0,6.8,-1.0,0.2,0,0,0,1,0,0,0,0,1,0
2023-12-31 12:00:00,1234,13,5,326,0,6.8,-1.0,0.2,0,0,0,1,0,0,0,0,1,0
2023-12-31 14:00:00,916,15,5,325,0,6.8,-1.0,0.2,0,0,0,1,0,0,0,0,1,0
2023-12-31 18:00:00,881,19,5,362,0,6.8,-1.0,0.2,0,0,0,1,0,0,0,0,1,0
2023-12-31 20:00:00,637,21,3,419,0,6.8,-1.0,0.2,0,0,0,1,0,0,0,0,1,0
2023-12-31 03:00:00,200,4,3,275,0,6.8,-1.0,0.2,0,0,0,1,0,0,0,0,1,0
2023-12-31 13:00:00,1296,14,2,359,0,6.8,-1.0,0.2,0,0,0,1,0,0,0,0,1,0
2023-12-31 21:00:00,343,22,2,262,0,6.8,-1.0,0.2,0,0,0,1,0,0,0,0,1,0
2023-12-31 17:00:00,168,18,2,275,0,6.8,-1.0,0.2,0,0,0,1,0,0,0,0,1,0
2023-12-31 05:00:00,99,6,2,104,0,6.8,-1.0,0.2,0,0,0,1,0,0,0,0,1,0
2024-02-15 12:00:00,1879,13,28,953,0,13.2,5.5,3.4,0,0,0,0,1,0,0,0,1,0
2024-02-19 13:00:00,1531,14,27,1038,0,12.5,5.2,0.0,0,1,0,0,0,0,0,0,1,0
2024-02-15 15:00:00,2091,16,24,814,0,13.2,5.5,3.4,0,0,0,0,1,0,0,0,1,0
2024-02-01 14:00:00,2057,15,24,739,0,13.8,5.3,0.0,0,0,0,0,1,0,0,0,1,0
2024-02-08 10:00:00,1634,11,24,287,0,4.2,-2.8,3.1,0,0,0,0,1,0,0,0,1,0
2024-02-19 12:00:00,1549,13,29,1117,0,12.5,5.2,0.0,0,1,0,0,0,0,0,0,1,0
2024-02-08 09:00:00,1771,10,26,330,0,4.2,-2.8,3.1,0,0,0,0,1,0,0,0,1,0
2024-02-11 13:00:00,1717,14,23,440,0,8.2,5.5,0.0,0,0,0,1,0,0,0,0,1,0
2024-02-15 11:00:00,1904,12,22,699,0,13.2,5.5,3.4,0,0,0,0,1,0,0,0,1,0
2024-02-19 15:00:00,1729,16,22,761,0,12.5,5.2,0.0,0,1,0,0,0,0,0,0,1,0
2024-02-11 14:00:00,1644,15,22,513,0,8.2,5.5,0.0,0,0,0,1,0,0,0,0,1,0
2024-02-19 16:00:00,2019,17,39,928,0,12.5,5.2,0.0,0,1,0,0,0,0,0,0,1,0
2024-02-03 23:00:00,832,0,18,360,0,10.1,5.5,0.0,0,0,1,0,0,0,0,0,1,0
2024-02-01 02:00:00,102,3,20,444,0,13.8,5.3,0.0,0,0,0,0,1,0,0,0,1,0
2024-02-08 08:00:00,1911,9,19,359,0,4.2,-2.8,3.1,0,0,0,0,1,0,0,0,1,0
2024-02-27 09:00:00,1890,10,19,543,0,10.2,1.3,0.3,0,0,0,0,0,1,0,0,1,0
2024-02-28 09:00:00,1886,10,19,511,0,9.1,3.4,1.4,0,0,0,0,0,0,1,0,1,0
2024-02-02 14:00:00,2195,15,17,647,0,9.3,5.5,0.0,1,0,0,0,0,0,0,0,1,0
2024-02-15 13:00:00,2081,14,17,873,0,13.2,5.5,3.4,0,0,0,0,1,0,0,0,1,0
2024-02-15 14:00:00,2023,15,21,754,0,13.2,5.5,3.4,0,0,0,0,1,0,0,0,1,0
2024-02-28 14:00:00,1973,15,21,648,0,9.1,3.4,1.4,0,0,0,0,0,0,1,0,1,0
2024-02-27 12:00:00,1841,13,21,992,0,10.2,1.3,0.3,0,0,0,0,0,1,0,0,1,0
2024-02-24 13:00:00,1700,14,21,796,0,7.4,5.5,0.0,0,0,1,0,0,0,0,0,1,0
2024-02-15 10:00:00,1668,11,21,580,0,13.2,5.5,3.4,0,0,0,0,1,0,0,0,1,0
2024-02-04 00:00:00,733,1,21,436,0,10.7,5.5,1.0,0,0,0,1,0,0,0,0,1,0
2024-02-01 13:00:00,2021,14,20,856,0,13.8,5.3,0.0,0,0,0,0,1,0,0,0,1,0
2024-02-23 11:00:00,1869,12,20,554,0,7.3,0.4,0.0,1,0,0,0,0,0,0,0,1,0
2024-02-08 12:00:00,1845,13,20,508,0,4.2,-2.8,3.1,0,0,0,0,1,0,0,0,1,0
2024-02-01 11:00:00,1770,12,17,614,0,13.8,5.3,0.0,0,0,0,0,1,0,0,0,1,0
2024-02-23 14:00:00,1910,15,16,647,0,7.3,0.4,0.0,1,0,0,0,0,0,0,0,1,0
2024-02-14 09:00:00,1759,10,17,578,0,8.3,5.5,6.2,0,0,0,0,0,0,1,0,1,0
2024-02-23 09:00:00,1704,10,17,448,0,7.3,0.4,0.0,1,0,0,0,0,0,0,0,1,0
2024-02-14 12:00:00,1728,13,16,1093,0,8.3,5.5,6.2,0,0,0,0,0,0,1,0,1,0
2024-02-15 09:00:00,1677,10,16,566,0,13.2,5.5,3.4,0,0,0,0,1,0,0,0,1,0
2024-02-11 16:00:00,1497,17,16,501,0,8.2,5.5,0.0,0,0,0,1,0,0,0,0,1,0
2024-02-06 17:00:00,2476,18,15,618,0,5.9,5.5,0.0,0,0,0,0,0,1,0,0,1,0
2024-02-02 15:00:00,2432,16,15,714,0,9.3,5.5,0.0,1,0,0,0,0,0,0,0,1,0
2024-02-23 12:00:00,2067,13,15,821,0,7.3,0.4,0.0,1,0,0,0,0,0,0,0,1,0
2024-02-28 15:00:00,2028,16,15,583,0,9.1,3.4,1.4,0,0,0,0,0,0,1,0,1,0
2024-02-19 17:00:00,1972,18,15,853,0,12.5,5.2,0.0,0,1,0,0,0,0,0,0,1,0
2024-02-23 18:00:00,1670,19,18,468,0,7.3,0.4,0.0,1,0,0,0,0,0,0,0,1,0
2024-02-19 14:00:00,1636,15,18,857,0,12.5,5.2,0.0,0,1,0,0,0,0,0,0,1,0
2024-02-11 18:00:00,1107,19,15,385,0,8.2,5.5,0.0,0,0,0,1,0,0,0,0,1,0
2024-02-17 13:00:00,1237,14,16,651,0,13.3,5.5,3.3,0,0,1,0,0,0,0,0,1,0
2024-02-11 22:00:00,537,23,16,296,0,8.2,5.5,0.0,0,0,0,1,0,0,0,0,1,0
2024-02-04 01:00:00,423,2,16,339,0,10.7,5.5,1.0,0,0,0,1,0,0,0,0,1,0
2024-02-02 16:00:00,2531,17,12,851,0,9.3,5.5,0.0,1,0,0,0,0,0,0,0,1,0
2024-02-21 17:00:00,2451,18,12,707,0,8.0,1.9,1.5,0,0,0,0,0,0,1,0,1,0
2024-02-28 08:00:00,2200,9,12,519,0,9.1,3.4,1.4,0,0,0,0,0,0,1,0,1,0
2024-02-21 16:00:00,2100,17,12,377,0,8.0,1.9,1.5,0,0,0,0,0,0,1,0,1,0
2024-02-27 17:00:00,2695,18,14,726,0,10.2,1.3,0.3,0,0,0,0,0,1,0,0,1,0
2024-02-11 19:00:00,992,20,15,295,0,8.2,5.5,0.0,0,0,0,1,0,0,0,0,1,0
2024-02-01 16:00:00,2366,17,14,782,0,13.8,5.3,0.0,0,0,0,0,1,0,0,0,1,0
2024-02-01 00:00:00,208,1,12,212,0,13.8,5.3,0.0,0,0,0,0,1,0,0,0,1,0
2024-02-03 13:00:00,1874,14,14,508,0,10.1,5.5,0.0,0,0,1,0,0,0,0,0,1,0
2024-02-28 16:00:00,2354,17,13,692,0,9.1,3.4,1.4,0,0,0,0,0,0,1,0,1,0
2024-02-15 16:00:00,2298,17,13,1028,0,13.2,5.5,3.4,0,0,0,0,1,0,0,0,1,0
2024-02-08 15:00:00,2203,16,13,504,0,4.2,-2.8,3.1,0,0,0,0,1,0,0,0,1,0
2024-02-14 08:00:00,2072,9,13,557,0,8.3,5.5,6.2,0,0,0,0,0,0,1,0,1,0
2024-02-02 13:00:00,1978,14,13,792,0,9.3,5.5,0.0,1,0,0,0,0,0,0,0,1,0
2024-02-03 12:00:00,1939,13,13,520,0,10.1,5.5,0.0,0,0,1,0,0,0,0,0,1,0
2024-02-08 14:00:00,1939,15,13,328,0,4.2,-2.8,3.1,0,0,0,0,1,0,0,0,1,0
2024-02-23 13:00:00,1987,14,12,870,0,7.3,0.4,0.0,1,0,0,0,0,0,0,0,1,0
2024-02-28 12:00:00,1789,13,14,834,0,9.1,3.4,1.4,0,0,0,0,0,0,1,0,1,0
2024-02-28 13:00:00,1819,14,11,850,0,9.1,3.4,1.4,0,0,0,0,0,0,1,0,1,0
2024-02-08 11:00:00,1758,12,14,299,0,4.2,-2.8,3.1,0,0,0,0,1,0,0,0,1,0
2024-02-24 12:00:00,1859,13,12,565,0,7.4,5.5,0.0,0,0,1,0,0,0,0,0,1,0
2024-02-14 11:00:00,1763,12,11,607,0,8.3,5.5,6.2,0,0,0,0,0,0,1,0,1,0
2024-02-24 11:00:00,1681,12,14,445,0,7.4,5.5,0.0,0,0,1,0,0,0,0,0,1,0
2024-02-27 18:00:00,1711,19,11,457,0,10.2,1.3,0.3,0,0,0,0,0,1,0,0,1,0
2024-02-01 18:00:00,1524,19,11,434,0,13.8,5.3,0.0,0,0,0,0,1,0,0,0,1,0
2024-02-21 18:00:00,1495,19,11,388,0,8.0,1.9,1.5,0,0,0,0,0,0,1,0,1,0
2024-02-05 13:00:00,1422,14,11,982,0,7.4,7.4,1.0,0,1,0,0,0,0,0,0,1,0
2024-02-15 19:00:00,1390,20,11,777,0,13.2,5.5,3.4,0,0,0,0,1,0,0,0,1,0
2024-02-13 19:00:00,1290,20,11,557,0,7.1,3.1,0.2,0,0,0,0,0,1,0,0,1,0
2024-02-16 13:00:00,1196,14,11,931,0,9.8,5.5,0.4,1,0,0,0,0,0,0,0,1,0
2024-02-22 20:00:00,1070,21,11,281,0,6.9,3.6,0.0,0,0,0,0,1,0,0,0,1,0
2024-02-21 20:00:00,1030,21,11,354,0,8.0,1.9,1.5,0,0,0,0,0,0,1,0,1,0
2024-02-07 23:00:00,356,0,11,369,0,4.2,0.6,0.0,0,0,0,0,0,0,1,0,1,0
2024-02-21 14:00:00,1841,15,12,757,0,8.0,1.9,1.5,0,0,0,0,0,0,1,0,1,0
2024-02-23 10:00:00,1629,11,14,522,0,7.3,0.4,0.0,1,0,0,0,0,0,0,0,1,0
2024-02-24 16:00:00,1757,17,12,601,0,7.4,5.5,0.0,0,0,1,0,0,0,0,0,1,0
2024-02-28 17:00:00,2565,18,11,864,0,9.1,3.4,1.4,0,0,0,0,0,0,1,0,1,0
2024-02-13 16:00:00,2322,17,11,597,0,7.1,3.1,0.2,0,0,0,0,0,1,0,0,1,0
2024-02-09 14:00:00,2320,15,11,614,0,6.3,5.5,9.8,1,0,0,0,0,0,0,0,1,0
2024-02-27 08:00:00,2275,9,11,681,0,10.2,1.3,0.3,0,0,0,0,0,1,0,0,1,0
2024-02-12 17:00:00,2247,18,11,670,0,8.4,3.3,1.2,0,1,0,0,0,0,0,0,1,0
2024-02-02 12:00:00,1885,13,11,768,0,9.3,5.5,0.0,1,0,0,0,0,0,0,0,1,0
2024-02-08 13:00:00,1867,14,11,456,0,4.2,-2.8,3.1,0,0,0,0,1,0,0,0,1,0
2024-02-12 13:00:00,1730,14,12,820,0,8.4,3.3,1.2,0,1,0,0,0,0,0,0,1,0
2024-02-14 10:00:00,1707,11,12,595,0,8.3,5.5,6.2,0,0,0,0,0,0,1,0,1,0
2024-02-28 18:00:00,1639,19,12,508,0,9.1,3.4,1.4,0,0,0,0,0,0,1,0,1,0
2024-02-11 12:00:00,1618,13,12,410,0,8.2,5.5,0.0,0,0,0,1,0,0,0,0,1,0
2024-02-22 10:00:00,1451,11,12,415,0,6.9,3.6,0.0,0,0,0,0,1,0,0,0,1,0
2024-02-01 12:00:00,1273,13,12,898,0,13.8,5.3,0.0,0,0,0,0,1,0,0,0,1,0
2024-02-22 19:00:00,1262,20,12,370,0,6.9,3.6,0.0,0,0,0,0,1,0,0,0,1,0
2024-02-11 11:00:00,1208,12,12,293,0,8.2,5.5,0.0,0,0,0,1,0,0,0,0,1,0
2024-02-17 14:00:00,1183,15,12,619,0,13.3,5.5,3.3,0,0,1,0,0,0,0,0,1,0
2024-02-03 22:00:00,862,23,12,400,0,10.1,5.5,0.0,0,0,1,0,0,0,0,0,1,0
2024-02-01 19:00:00,1335,20,14,399,0,13.8,5.3,0.0,0,0,0,0,1,0,0,0,1,0
2024-02-10 22:00:00,927,23,14,399,0,6.7,3.7,0.4,0,0,1,0,0,0,0,0,1,0
2024-02-11 20:00:00,839,21,14,307,0,8.2,5.5,0.0,0,0,0,1,0,0,0,0,1,0
2024-02-22 22:00:00,476,23,14,240,0,6.9,3.6,0.0,0,0,0,0,1,0,0,0,1,0
2024-02-21 12:00:00,1808,13,13,884,0,8.0,1.9,1.5,0,0,0,0,0,0,1,0,1,0
2024-02-03 15:00:00,1688,16,13,580,0,10.1,5.5,0.0,0,0,1,0,0,0,0,0,1,0
2024-02-22 18:00:00,1637,19,13,435,0,6.9,3.6,0.0,0,0,0,0,1,0,0,0,1,0
2024-02-17 12:00:00,1484,13,13,459,0,13.3,5.5,3.3,0,0,1,0,0,0,0,0,1,0
2024-02-16 11:00:00,1167,12,13,648,0,9.8,5.5,0.4,1,0,0,0,0,0,0,0,1,0
2024-02-26 12:00:00,1067,13,13,975,0,11.1,5.5,0.0,0,1,0,0,0,0,0,0,1,0
2024-02-17 15:00:00,987,16,13,410,0,13.3,5.5,3.3,0,0,1,0,0,0,0,0,1,0
2024-02-10 23:00:00,642,0,13,397,0,6.7,3.7,0.4,0,0,1,0,0,0,0,0,1,0
2024-02-25 00:00:00,547,1,13,459,0,8.3,5.5,0.0,0,0,0,1,0,0,0,0,1,0
2024-02-04 02:00:00,316,3,13,367,0,10.7,5.5,1.0,0,0,0,1,0,0,0,0,1,0
2024-02-24 22:00:00,501,23,10,515,0,7.4,5.5,0.0,0,0,1,0,0,0,0,0,1,0
2024-02-06 12:00:00,1261,13,9,1343,0,5.9,5.5,0.0,0,0,0,0,0,1,0,0,1,0
2024-02-08 00:00:00,224,1,10,410,0,4.2,-2.8,3.1,0,0,0,0,1,0,0,0,1,0
2024-02-13 20:00:00,1020,21,9,426,0,7.1,3.1,0.2,0,0,0,0,0,1,0,0,1,0
2024-02-25 10:00:00,945,11,9,369,0,8.3,5.5,0.0,0,0,0,1,0,0,0,0,1,0
2024-02-14 21:00:00,867,22,9,344,0,8.3,5.5,6.2,0,0,0,0,0,0,1,0,1,0
2024-02-10 21:00:00,839,22,9,390,0,6.7,3.7,0.4,0,0,1,0,0,0,0,0,1,0
2024-02-01 21:00:00,820,22,9,294,0,13.8,5.3,0.0,0,0,0,0,1,0,0,0,1,0
2024-02-13 14:00:00,1883,15,10,656,0,7.1,3.1,0.2,0,0,0,0,0,1,0,0,1,0
2024-02-22 02:00:00,148,3,11,363,0,6.9,3.6,0.0,0,0,0,0,1,0,0,0,1,0
2024-02-21 13:00:00,1850,14,8,870,0,8.0,1.9,1.5,0,0,0,0,0,0,1,0,1,0
2024-02-27 13:00:00,1840,14,10,1002,0,10.2,1.3,0.3,0,0,0,0,0,1,0,0,1,0
2024-02-21 11:00:00,1838,12,10,533,0,8.0,1.9,1.5,0,0,0,0,0,0,1,0,1,0
2024-02-09 09:00:00,1773,10,8,596,0,6.3,5.5,9.8,1,0,0,0,0,0,0,0,1,0
2024-02-25 01:00:00,426,2,9,442,0,8.3,5.5,0.0,0,0,0,1,0,0,0,0,1,0
2024-02-13 12:00:00,1796,13,10,1089,0,7.1,3.1,0.2,0,0,0,0,0,1,0,0,1,0
2024-02-22 09:00:00,1708,10,8,482,0,6.9,3.6,0.0,0,0,0,0,1,0,0,0,1,0
2024-02-07 12:00:00,1707,13,10,764,0,4.2,0.6,0.0,0,0,0,0,0,0,1,0,1,0
2024-02-13 18:00:00,1658,19,8,589,0,7.1,3.1,0.2,0,0,0,0,0,1,0,0,1,0
2024-02-16 16:00:00,1607,17,8,741,0,9.8,5.5,0.4,1,0,0,0,0,0,0,0,1,0
2024-02-17 11:00:00,1563,12,10,364,0,13.3,5.5,3.3,0,0,1,0,0,0,0,0,1,0
2024-02-11 17:00:00,1499,18,8,460,0,8.2,5.5,0.0,0,0,0,1,0,0,0,0,1,0
2024-02-07 11:00:00,1503,12,10,361,0,4.2,0.6,0.0,0,0,0,0,0,0,1,0,1,0
2024-02-14 13:00:00,1379,14,10,1085,0,8.3,5.5,6.2,0,0,0,0,0,0,1,0,1,0
2024-02-18 14:00:00,1355,15,10,433,0,11.3,6.0,2.1,0,0,0,1,0,0,0,0,1,0
2024-02-05 11:00:00,1278,12,8,756,0,7.4,7.4,1.0,0,1,0,0,0,0,0,0,1,0
2024-02-20 11:00:00,1269,12,8,553,0,12.6,5.4,5.2,0,0,0,0,0,1,0,0,1,0
2024-02-14 14:00:00,1249,15,8,649,0,8.3,5.5,6.2,0,0,0,0,0,0,1,0,1,0
2024-02-01 10:00:00,1273,11,10,484,0,13.8,5.3,0.0,0,0,0,0,1,0,0,0,1,0
2024-02-23 15:00:00,2106,16,9,540,0,7.3,0.4,0.0,1,0,0,0,0,0,0,0,1,0
2024-02-06 09:00:00,1791,10,9,419,0,5.9,5.5,0.0,0,0,0,0,0,1,0,0,1,0
2024-02-22 12:00:00,1781,13,9,788,0,6.9,3.6,0.0,0,0,0,0,1,0,0,0,1,0
2024-02-27 11:00:00,1737,12,9,744,0,10.2,1.3,0.3,0,0,0,0,0,1,0,0,1,0
2024-02-26 17:00:00,1685,18,9,1075,0,11.1,5.5,0.0,0,1,0,0,0,0,0,0,1,0
2024-02-02 18:00:00,1666,19,9,431,0,9.3,5.5,0.0,1,0,0,0,0,0,0,0,1,0
2024-02-27 10:00:00,1636,11,9,659,0,10.2,1.3,0.3,0,0,0,0,0,1,0,0,1,0
2024-02-12 11:00:00,1494,12,9,549,0,8.4,3.3,1.2,0,1,0,0,0,0,0,0,1,0
2024-02-19 11:00:00,1475,12,9,830,0,12.5,5.2,0.0,0,1,0,0,0,0,0,0,1,0
2024-02-11 15:00:00,1441,16,9,355,0,8.2,5.5,0.0,0,0,0,1,0,0,0,0,1,0
2024-02-29 15:00:00,1428,16,9,654,0,7.2,3.5,0.1,0,0,0,0,1,0,0,0,1,0
2024-02-18 12:00:00,1383,13,9,436,0,11.3,6.0,2.1,0,0,0,1,0,0,0,0,1,0
2024-02-05 12:00:00,1303,13,9,977,0,7.4,7.4,1.0,0,1,0,0,0,0,0,0,1,0
2024-02-24 18:00:00,1282,19,9,414,0,7.4,5.5,0.0,0,0,1,0,0,0,0,0,1,0
2024-02-21 19:00:00,1266,20,9,395,0,8.0,1.9,1.5,0,0,0,0,0,0,1,0,1,0
2024-02-16 12:00:00,1257,13,10,872,0,9.8,5.5,0.4,1,0,0,0,0,0,0,0,1,0
2024-02-28 19:00:00,1242,20,10,477,0,9.1,3.4,1.4,0,0,0,0,0,0,1,0,1,0
2024-02-20 10:00:00,1225,11,8,505,0,12.6,5.4,5.2,0,0,0,0,0,1,0,0,1,0
2024-02-11 10:00:00,1120,11,10,268,0,8.2,5.5,0.0,0,0,0,1,0,0,0,0,1,0
2024-02-18 17:00:00,412,18,8,577,0,11.3,6.0,2.1,0,0,0,1,0,0,0,0,1,0
2024-02-25 13:00:00,1083,14,10,498,0,8.3,5.5,0.0,0,0,0,1,0,0,0,0,1,0
2024-02-29 13:00:00,1172,14,8,930,0,7.2,3.5,0.1,0,0,0,0,1,0,0,0,1,0
2024-02-14 20:00:00,1064,21,10,299,0,8.3,5.5,6.2,0,0,0,0,0,0,1,0,1,0
2024-02-04 15:00:00,1156,16,8,427,0,10.7,5.5,1.0,0,0,0,1,0,0,0,0,1,0
2024-02-24 19:00:00,1118,20,8,520,0,7.4,5.5,0.0,0,0,1,0,0,0,0,0,1,0
2024-02-22 21:00:00,874,22,10,276,0,6.9,3.6,0.0,0,0,0,0,1,0,0,0,1,0
2024-02-17 09:00:00,1030,10,8,204,0,13.3,5.5,3.3,0,0,1,0,0,0,0,0,1,0
2024-02-25 12:00:00,1017,13,8,460,0,8.3,5.5,0.0,0,0,0,1,0,0,0,0,1,0
2024-02-07 18:00:00,979,19,8,322,0,4.2,0.6,0.0,0,0,0,0,0,0,1,0,1,0
2024-02-25 14:00:00,957,15,8,516,0,8.3,5.5,0.0,0,0,0,1,0,0,0,0,1,0
2024-02-04 20:00:00,757,21,10,369,0,10.7,5.5,1.0,0,0,0,1,0,0,0,0,1,0
2024-02-04 18:00:00,905,19,8,393,0,10.7,5.5,1.0,0,0,0,1,0,0,0,0,1,0
2024-02-23 23:00:00,682,0,10,266,0,7.3,0.4,0.0,1,0,0,0,0,0,0,0,1,0
2024-02-25 20:00:00,769,21,8,390,0,8.3,5.5,0.0,0,0,0,1,0,0,0,0,1,0
2024-02-02 23:00:00,669,0,10,283,0,9.3,5.5,0.0,1,0,0,0,0,0,0,0,1,0
2024-02-03 21:00:00,760,22,8,364,0,10.1,5.5,0.0,0,0,1,0,0,0,0,0,1,0
2024-02-11 21:00:00,666,22,10,345,0,8.2,5.5,0.0,0,0,0,1,0,0,0,0,1,0
2024-02-14 16:00:00,2199,17,10,614,0,8.3,5.5,6.2,0,0,0,0,0,0,1,0,1,0
2024-02-01 15:00:00,2143,16,10,801,0,13.8,5.3,0.0,0,0,0,0,1,0,0,0,1,0
2024-02-02 17:00:00,2132,18,10,565,0,9.3,5.5,0.0,1,0,0,0,0,0,0,0,1,0
2024-02-04 21:00:00,608,22,10,303,0,10.7,5.5,1.0,0,0,0,1,0,0,0,0,1,0
2024-02-03 00:00:00,588,1,8,272,0,10.1,5.5,0.0,0,0,1,0,0,0,0,0,1,0
2024-02-09 12:00:00,2032,13,10,749,0,6.3,5.5,9.8,1,0,0,0,0,0,0,0,1,0
2024-02-24 00:00:00,558,1,10,371,0,7.4,5.5,0.0,0,0,1,0,0,0,0,0,1,0
2024-02-12 15:00:00,2007,16,10,689,0,8.4,3.3,1.2,0,1,0,0,0,0,0,0,1,0
2024-02-15 08:00:00,1931,9,10,537,0,13.2,5.5,3.4,0,0,0,0,1,0,0,0,1,0
2024-02-21 09:00:00,1908,10,10,484,0,8.0,1.9,1.5,0,0,0,0,0,0,1,0,1,0
2024-02-13 17:00:00,2546,18,8,790,0,7.1,3.1,0.2,0,0,0,0,0,1,0,0,1,0
2024-02-22 17:00:00,2469,18,8,552,0,6.9,3.6,0.0,0,0,0,0,1,0,0,0,1,0
2024-02-21 08:00:00,2298,9,8,494,0,8.0,1.9,1.5,0,0,0,0,0,0,1,0,1,0
2024-02-14 17:00:00,2186,18,8,429,0,8.3,5.5,6.2,0,0,0,0,0,0,1,0,1,0
2024-02-22 08:00:00,2126,9,8,582,0,6.9,3.6,0.0,0,0,0,0,1,0,0,0,1,0
2024-02-27 16:00:00,2561,17,7,627,0,10.2,1.3,0.3,0,0,0,0,0,1,0,0,1,0
2024-02-09 15:00:00,2387,16,7,658,0,6.3,5.5,9.8,1,0,0,0,0,0,0,0,1,0
2024-02-13 09:00:00,1825,10,7,567,0,7.1,3.1,0.2,0,0,0,0,0,1,0,0,1,0
2024-02-01 09:00:00,1817,10,7,478,0,13.8,5.3,0.0,0,0,0,0,1,0,0,0,1,0
2024-02-28 11:00:00,1674,12,7,550,0,9.1,3.4,1.4,0,0,0,0,0,0,1,0,1,0
2024-02-13 13:00:00,1948,14,6,1050,0,7.1,3.1,0.2,0,0,0,0,0,1,0,0,1,0
2024-02-29 16:00:00,1665,17,7,696,0,7.2,3.5,0.1,0,0,0,0,1,0,0,0,1,0
2024-02-09 11:00:00,1940,12,6,585,0,6.3,5.5,9.8,1,0,0,0,0,0,0,0,1,0
2024-02-12 09:00:00,1636,10,7,446,0,8.4,3.3,1.2,0,1,0,0,0,0,0,0,1,0
2024-02-12 12:00:00,1544,13,7,674,0,8.4,3.3,1.2,0,1,0,0,0,0,0,0,1,0
2024-02-23 08:00:00,1910,9,6,377,0,7.3,0.4,0.0,1,0,0,0,0,0,0,0,1,0
2024-02-24 10:00:00,1493,11,7,341,0,7.4,5.5,0.0,0,0,1,0,0,0,0,0,1,0
2024-02-02 19:00:00,1457,20,7,381,0,9.3,5.5,0.0,1,0,0,0,0,0,0,0,1,0
2024-02-05 17:00:00,1723,18,6,650,0,7.4,7.4,1.0,0,1,0,0,0,0,0,0,1,0
2024-02-03 10:00:00,1412,11,7,196,0,10.1,5.5,0.0,0,0,1,0,0,0,0,0,1,0
2024-02-04 16:00:00,1398,17,7,481,0,10.7,5.5,1.0,0,0,0,1,0,0,0,0,1,0
2024-02-03 11:00:00,1692,12,6,414,0,10.1,5.5,0.0,0,0,1,0,0,0,0,0,1,0
2024-02-14 15:00:00,1388,16,7,592,0,8.3,5.5,6.2,0,0,0,0,0,0,1,0,1,0
2024-02-28 10:00:00,1625,11,6,548,0,9.1,3.4,1.4,0,0,0,0,0,0,1,0,1,0
2024-02-05 09:00:00,1375,10,7,687,0,7.4,7.4,1.0,0,1,0,0,0,0,0,0,1,0
2024-02-03 16:00:00,1365,17,7,530,0,10.1,5.5,0.0,0,0,1,0,0,0,0,0,1,0
2024-02-26 16:00:00,1573,17,6,761,0,11.1,5.5,0.0,0,1,0,0,0,0,0,0,1,0
2024-02-05 14:00:00,1464,15,6,731,0,7.4,7.4,1.0,0,1,0,0,0,0,0,0,1,0
2024-02-19 09:00:00,1397,10,6,758,0,12.5,5.2,0.0,0,1,0,0,0,0,0,0,1,0
2024-02-19 18:00:00,1390,19,6,524,0,12.5,5.2,0.0,0,1,0,0,0,0,0,0,1,0
2024-02-26 15:00:00,1370,16,6,687,0,11.1,5.5,0.0,0,1,0,0,0,0,0,0,1,0
2024-02-20 09:00:00,1336,10,6,461,0,12.6,5.4,5.2,0,0,0,0,0,1,0,0,1,0
2024-02-12 19:00:00,1281,20,6,480,0,8.4,3.3,1.2,0,1,0,0,0,0,0,0,1,0
2024-02-27 19:00:00,1248,20,6,520,0,10.2,1.3,0.3,0,0,0,0,0,1,0,0,1,0
2024-02-29 18:00:00,1189,19,6,533,0,7.2,3.5,0.1,0,0,0,0,1,0,0,0,1,0
2024-02-29 12:00:00,1167,13,6,903,0,7.2,3.5,0.1,0,0,0,0,1,0,0,0,1,0
2024-02-26 14:00:00,1123,15,6,797,0,11.1,5.5,0.0,0,1,0,0,0,0,0,0,1,0
2024-02-24 14:00:00,1106,15,6,644,0,7.4,5.5,0.0,0,0,1,0,0,0,0,0,1,0
2024-02-26 09:00:00,1089,10,6,640,0,11.1,5.5,0.0,0,1,0,0,0,0,0,0,1,0
2024-02-15 20:00:00,1084,21,6,518,0,13.2,5.5,3.4,0,0,0,0,1,0,0,0,1,0
2024-02-28 20:00:00,1082,21,6,283,0,9.1,3.4,1.4,0,0,0,0,0,0,1,0,1,0
2024-02-16 10:00:00,1031,11,6,546,0,9.8,5.5,0.4,1,0,0,0,0,0,0,0,1,0
2024-02-26 11:00:00,998,12,6,698,0,11.1,5.5,0.0,0,1,0,0,0,0,0,0,1,0
2024-02-28 07:00:00,977,8,6,167,0,9.1,3.4,1.4,0,0,0,0,0,0,1,0,1,0
2024-02-16 21:00:00,904,22,6,491,0,9.8,5.5,0.4,1,0,0,0,0,0,0,0,1,0
2024-02-26 20:00:00,862,21,6,368,0,11.1,5.5,0.0,0,1,0,0,0,0,0,0,1,0
2024-02-16 22:00:00,849,23,6,448,0,9.8,5.5,0.4,1,0,0,0,0,0,0,0,1,0
2024-02-23 22:00:00,844,23,6,481,0,7.3,0.4,0.0,1,0,0,0,0,0,0,0,1,0
2024-02-25 16:00:00,801,17,6,469,0,8.3,5.5,0.0,0,0,0,1,0,0,0,0,1,0
2024-02-25 18:00:00,784,19,6,428,0,8.3,5.5,0.0,0,0,0,1,0,0,0,0,1,0
2024-02-20 12:00:00,1336,13,7,785,0,12.6,5.4,5.2,0,0,0,0,0,1,0,0,1,0
2024-02-05 10:00:00,1244,11,7,663,0,7.4,7.4,1.0,0,1,0,0,0,0,0,0,1,0
2024-02-26 13:00:00,1222,14,7,924,0,11.1,5.5,0.0,0,1,0,0,0,0,0,0,1,0
2024-02-06 15:00:00,1201,16,7,610,0,5.9,5.5,0.0,0,0,0,0,0,1,0,0,1,0
2024-02-18 11:00:00,1124,12,7,290,0,11.3,6.0,2.1,0,0,0,1,0,0,0,0,1,0
2024-02-23 20:00:00,1082,21,7,387,0,7.3,0.4,0.0,1,0,0,0,0,0,0,0,1,0
2024-02-10 15:00:00,1039,16,7,588,0,6.7,3.7,0.4,0,0,1,0,0,0,0,0,1,0
2024-02-01 20:00:00,1024,21,7,306,0,13.8,5.3,0.0,0,0,0,0,1,0,0,0,1,0
2024-02-03 18:00:00,1016,19,7,381,0,10.1,5.5,0.0,0,0,1,0,0,0,0,0,1,0
2024-02-17 17:00:00,1004,18,7,441,0,13.3,5.5,3.3,0,0,1,0,0,0,0,0,1,0
2024-02-18 18:00:00,811,19,7,364,0,11.3,6.0,2.1,0,0,0,1,0,0,0,0,1,0
2024-02-02 21:00:00,785,22,7,492,0,9.3,5.5,0.0,1,0,0,0,0,0,0,0,1,0
2024-02-21 21:00:00,754,22,7,351,0,8.0,1.9,1.5,0,0,0,0,0,0,1,0,1,0
2024-02-02 22:00:00,739,23,7,408,0,9.3,5.5,0.0,1,0,0,0,0,0,0,0,1,0
2024-02-29 21:00:00,687,22,7,379,0,7.2,3.5,0.1,0,0,0,0,1,0,0,0,1,0
2024-02-17 08:00:00,641,9,7,161,0,13.3,5.5,3.3,0,0,1,0,0,0,0,0,1,0
2024-02-06 14:00:00,622,15,7,517,0,5.9,5.5,0.0,0,0,0,0,0,1,0,0,1,0
2024-02-17 23:00:00,599,0,7,339,0,13.3,5.5,3.3,0,0,1,0,0,0,0,0,1,0
2024-02-01 22:00:00,562,23,7,260,0,13.8,5.3,0.0,0,0,0,0,1,0,0,0,1,0
2024-02-15 00:00:00,325,1,7,201,0,13.2,5.5,3.4,0,0,0,0,1,0,0,0,1,0
2024-02-06 23:00:00,318,0,7,90,0,5.9,5.5,0.0,0,0,0,0,0,1,0,0,1,0
2024-02-06 20:00:00,734,21,6,376,0,5.9,5.5,0.0,0,0,0,0,0,1,0,0,1,0
2024-02-25 21:00:00,714,22,6,373,0,8.3,5.5,0.0,0,0,0,1,0,0,0,0,1,0
2024-02-12 21:00:00,707,22,6,356,0,8.4,3.3,1.2,0,1,0,0,0,0,0,0,1,0
2024-02-29 19:00:00,702,20,6,396,0,7.2,3.5,0.1,0,0,0,0,1,0,0,0,1,0
2024-02-27 22:00:00,679,23,6,276,0,10.2,1.3,0.3,0,0,0,0,0,1,0,0,1,0
2024-02-06 21:00:00,596,22,6,423,0,5.9,5.5,0.0,0,0,0,0,0,1,0,0,1,0
2024-02-17 00:00:00,517,1,6,238,0,13.3,5.5,3.3,0,0,1,0,0,0,0,0,1,0
2024-02-21 22:00:00,514,23,6,289,0,8.0,1.9,1.5,0,0,0,0,0,0,1,0,1,0
2024-02-18 21:00:00,494,22,6,303,0,11.3,6.0,2.1,0,0,0,1,0,0,0,0,1,0
2024-02-26 21:00:00,479,22,6,333,0,11.1,5.5,0.0,0,1,0,0,0,0,0,0,1,0
2024-02-29 23:00:00,385,0,6,144,0,7.2,3.5,0.1,0,0,0,0,1,0,0,0,1,0
2024-02-14 23:00:00,372,0,6,198,0,8.3,5.5,6.2,0,0,0,0,0,0,1,0,1,0
2024-02-22 00:00:00,188,1,6,279,0,6.9,3.6,0.0,0,0,0,0,1,0,0,0,1,0
2024-02-15 02:00:00,178,3,6,217,0,13.2,5.5,3.4,0,0,0,0,1,0,0,0,1,0
2024-02-01 01:00:00,111,2,6,254,0,13.8,5.3,0.0,0,0,0,0,1,0,0,0,1,0
2024-02-12 16:00:00,2379,17,4,938,0,8.4,3.3,1.2,0,1,0,0,0,0,0,0,1,0
2024-02-09 16:00:00,2293,17,4,640,0,6.3,5.5,9.8,1,0,0,0,0,0,0,0,1,0
2024-02-06 08:00:00,2208,9,4,525,0,5.9,5.5,0.0,0,0,0,0,0,1,0,0,1,0
2024-02-06 16:00:00,1982,17,4,686,0,5.9,5.5,0.0,0,0,0,0,0,1,0,0,1,0
2024-02-05 16:00:00,1911,17,4,925,0,7.4,7.4,1.0,0,1,0,0,0,0,0,0,1,0
2024-02-12 08:00:00,1818,9,4,501,0,8.4,3.3,1.2,0,1,0,0,0,0,0,0,1,0
2024-02-10 13:00:00,1254,14,4,694,0,6.7,3.7,0.4,0,0,1,0,0,0,0,0,1,0
2024-02-29 17:00:00,1813,18,4,702,0,7.2,3.5,0.1,0,0,0,0,1,0,0,0,1,0
2024-02-12 14:00:00,1767,15,4,601,0,8.4,3.3,1.2,0,1,0,0,0,0,0,0,1,0
2024-02-02 09:00:00,1754,10,4,598,0,9.3,5.5,0.0,1,0,0,0,0,0,0,0,1,0
2024-02-21 10:00:00,1692,11,4,587,0,8.0,1.9,1.5,0,0,0,0,0,0,1,0,1,0
2024-02-07 13:00:00,1672,14,4,707,0,4.2,0.6,0.0,0,0,0,0,0,0,1,0,1,0
2024-02-05 15:00:00,1613,16,4,756,0,7.4,7.4,1.0,0,1,0,0,0,0,0,0,1,0
2024-02-15 18:00:00,1597,19,4,772,0,13.2,5.5,3.4,0,0,0,0,1,0,0,0,1,0
2024-02-22 11:00:00,1542,12,4,482,0,6.9,3.6,0.0,0,0,0,0,1,0,0,0,1,0
2024-02-09 18:00:00,1502,19,4,240,0,6.3,5.5,9.8,1,0,0,0,0,0,0,0,1,0
2024-02-24 17:00:00,1484,18,4,538,0,7.4,5.5,0.0,0,0,1,0,0,0,0,0,1,0
2024-02-07 10:00:00,1452,11,4,344,0,4.2,0.6,0.0,0,0,0,0,0,0,1,0,1,0
2024-02-16 15:00:00,1429,16,4,636,0,9.8,5.5,0.4,1,0,0,0,0,0,0,0,1,0
2024-02-18 15:00:00,1314,16,4,303,0,11.3,6.0,2.1,0,0,0,1,0,0,0,0,1,0
2024-02-14 18:00:00,1126,19,4,100,0,8.3,5.5,6.2,0,0,0,0,0,0,1,0,1,0
2024-02-03 03:00:00,201,4,5,346,0,10.1,5.5,0.0,0,0,1,0,0,0,0,0,1,0
2024-02-06 19:00:00,1036,20,4,520,0,5.9,5.5,0.0,0,0,0,0,0,1,0,0,1,0
2024-02-18 19:00:00,676,20,5,395,0,11.3,6.0,2.1,0,0,0,1,0,0,0,0,1,0
2024-02-17 20:00:00,672,21,5,496,0,13.3,5.5,3.3,0,0,1,0,0,0,0,0,1,0
2024-02-20 16:00:00,1004,17,4,540,0,12.6,5.4,5.2,0,0,0,0,0,1,0,0,1,0
2024-02-29 10:00:00,1002,11,4,482,0,7.2,3.5,0.1,0,0,0,0,1,0,0,0,1,0
2024-02-03 20:00:00,628,21,5,307,0,10.1,5.5,0.0,0,0,1,0,0,0,0,0,1,0
2024-02-18 20:00:00,592,21,5,438,0,11.3,6.0,2.1,0,0,0,1,0,0,0,0,1,0
2024-02-24 23:00:00,574,0,5,384,0,7.4,5.5,0.0,0,0,1,0,0,0,0,0,1,0
2024-02-20 22:00:00,524,23,5,272,0,12.6,5.4,5.2,0,0,0,0,0,1,0,0,1,0
2024-02-06 22:00:00,523,23,5,218,0,5.9,5.5,0.0,0,0,0,0,0,1,0,0,1,0
2024-02-29 20:00:00,477,21,5,333,0,7.2,3.5,0.1,0,0,0,0,1,0,0,0,1,0
2024-02-18 00:00:00,460,1,5,418,0,11.3,6.0,2.1,0,0,0,1,0,0,0,0,1,0
2024-02-18 01:00:00,409,2,5,394,0,11.3,6.0,2.1,0,0,0,1,0,0,0,0,1,0
2024-02-04 03:00:00,356,4,5,536,0,10.7,5.5,1.0,0,0,0,1,0,0,0,0,1,0
2024-02-03 02:00:00,235,3,5,353,0,10.1,5.5,0.0,0,0,1,0,0,0,0,0,1,0
2024-02-12 20:00:00,999,21,4,295,0,8.4,3.3,1.2,0,1,0,0,0,0,0,0,1,0
2024-02-21 00:00:00,161,1,4,119,0,8.0,1.9,1.5,0,0,0,0,0,0,1,0,1,0
2024-02-20 20:00:00,987,21,4,345,0,12.6,5.4,5.2,0,0,0,0,0,1,0,0,1,0
2024-02-08 02:00:00,151,3,4,507,0,4.2,-2.8,3.1,0,0,0,0,1,0,0,0,1,0
2024-02-17 16:00:00,983,17,4,479,0,13.3,5.5,3.3,0,0,1,0,0,0,0,0,1,0
2024-02-15 07:00:00,960,8,4,206,0,13.2,5.5,3.4,0,0,0,0,1,0,0,0,1,0
2024-02-25 15:00:00,952,16,4,450,0,8.3,5.5,0.0,0,0,0,1,0,0,0,0,1,0
2024-02-07 22:00:00,376,23,4,430,0,4.2,0.6,0.0,0,0,0,0,0,0,1,0,1,0
2024-02-22 23:00:00,332,0,4,139,0,6.9,3.6,0.0,0,0,0,0,1,0,0,0,1,0
2024-02-11 23:00:00,301,0,4,66,0,8.2,5.5,0.0,0,0,0,1,0,0,0,0,1,0
2024-02-18 23:00:00,286,0,4,105,0,11.3,6.0,2.1,0,0,0,1,0,0,0,0,1,0
2024-02-19 06:00:00,277,7,4,45,0,12.5,5.2,0.0,0,1,0,0,0,0,0,0,1,0
2024-02-17 03:00:00,257,4,4,282,0,13.3,5.5,3.3,0,0,1,0,0,0,0,0,1,0
2024-02-11 01:00:00,194,2,4,503,0,8.2,5.5,0.0,0,0,0,1,0,0,0,0,1,0
2024-02-01 07:00:00,950,8,4,115,0,13.8,5.3,0.0,0,0,0,0,1,0,0,0,1,0
2024-02-14 07:00:00,944,8,4,174,0,8.3,5.5,6.2,0,0,0,0,0,0,1,0,1,0
2024-02-23 02:00:00,130,3,4,143,0,7.3,0.4,0.0,1,0,0,0,0,0,0,0,1,0
2024-02-17 04:00:00,128,5,4,81,0,13.3,5.5,3.3,0,0,1,0,0,0,0,0,1,0
2024-02-04 14:00:00,892,15,4,505,0,10.7,5.5,1.0,0,0,0,1,0,0,0,0,1,0
2024-02-01 17:00:00,868,18,4,564,0,13.8,5.3,0.0,0,0,0,0,1,0,0,0,1,0
2024-02-15 21:00:00,859,22,4,612,0,13.2,5.5,3.4,0,0,0,0,1,0,0,0,1,0
2024-02-02 07:00:00,829,8,4,154,0,9.3,5.5,0.0,1,0,0,0,0,0,0,0,1,0
2024-02-03 19:00:00,823,20,4,351,0,10.1,5.5,0.0,0,0,1,0,0,0,0,0,1,0
2024-02-27 21:00:00,823,22,4,283,0,10.2,1.3,0.3,0,0,0,0,0,1,0,0,1,0
2024-02-25 17:00:00,811,18,4,545,0,8.3,5.5,0.0,0,0,0,1,0,0,0,0,1,0
2024-02-15 22:00:00,628,23,4,442,0,13.2,5.5,3.4,0,0,0,0,1,0,0,0,1,0
2024-02-25 09:00:00,576,10,4,157,0,8.3,5.5,0.0,0,0,0,1,0,0,0,0,1,0
2024-02-28 22:00:00,512,23,4,347,0,9.1,3.4,1.4,0,0,0,0,0,0,1,0,1,0
2024-02-18 09:00:00,503,10,4,132,0,11.3,6.0,2.1,0,0,0,1,0,0,0,0,1,0
2024-02-05 22:00:00,491,23,4,292,0,7.4,7.4,1.0,0,1,0,0,0,0,0,0,1,0
2024-02-15 17:00:00,2336,18,5,1009,0,13.2,5.5,3.4,0,0,0,0,1,0,0,0,1,0
2024-02-23 17:00:00,2188,18,5,579,0,7.3,0.4,0.0,1,0,0,0,0,0,0,0,1,0
2024-02-22 16:00:00,2070,17,5,387,0,6.9,3.6,0.0,0,0,0,0,1,0,0,0,1,0
2024-02-03 14:00:00,1861,15,5,616,0,10.1,5.5,0.0,0,0,1,0,0,0,0,0,1,0
2024-02-09 08:00:00,1850,9,5,463,0,6.3,5.5,9.8,1,0,0,0,0,0,0,0,1,0
2024-02-22 13:00:00,1741,14,5,774,0,6.9,3.6,0.0,0,0,0,0,1,0,0,0,1,0
2024-02-13 10:00:00,1687,11,5,694,0,7.1,3.1,0.2,0,0,0,0,0,1,0,0,1,0
2024-02-19 08:00:00,1649,9,5,702,0,12.5,5.2,0.0,0,1,0,0,0,0,0,0,1,0
2024-02-20 13:00:00,1377,14,5,863,0,12.6,5.4,5.2,0,0,0,0,0,1,0,0,1,0
2024-02-17 10:00:00,1362,11,5,252,0,13.3,5.5,3.3,0,0,1,0,0,0,0,0,1,0
2024-02-10 17:00:00,1271,18,5,587,0,6.7,3.7,0.4,0,0,1,0,0,0,0,0,1,0
2024-02-10 19:00:00,1259,20,5,456,0,6.7,3.7,0.4,0,0,1,0,0,0,0,0,1,0
2024-02-10 18:00:00,1255,19,5,469,0,6.7,3.7,0.4,0,0,1,0,0,0,0,0,1,0
2024-02-20 14:00:00,1246,15,5,600,0,12.6,5.4,5.2,0,0,0,0,0,1,0,0,1,0
2024-02-06 11:00:00,1208,12,5,819,0,5.9,5.5,0.0,0,0,0,0,0,1,0,0,1,0
2024-02-06 13:00:00,1146,14,5,741,0,5.9,5.5,0.0,0,0,0,0,0,1,0,0,1,0
2024-02-03 09:00:00,1045,10,5,174,0,10.1,5.5,0.0,0,0,1,0,0,0,0,0,1,0
2024-02-23 21:00:00,1012,22,5,482,0,7.3,0.4,0.0,1,0,0,0,0,0,0,0,1,0
2024-02-10 20:00:00,992,21,5,394,0,6.7,3.7,0.4,0,0,1,0,0,0,0,0,1,0
2024-02-22 07:00:00,991,8,5,185,0,6.9,3.6,0.0,0,0,0,0,1,0,0,0,1,0
2024-02-07 19:00:00,954,20,5,496,0,4.2,0.6,0.0,0,0,0,0,0,0,1,0,1,0
2024-02-06 07:00:00,952,8,5,126,0,5.9,5.5,0.0,0,0,0,0,0,1,0,0,1,0
2024-02-04 12:00:00,942,13,5,489,0,10.7,5.5,1.0,0,0,0,1,0,0,0,0,1,0
2024-02-07 07:00:00,937,8,5,159,0,4.2,0.6,0.0,0,0,0,0,0,0,1,0,1,0
2024-02-04 19:00:00,916,20,5,353,0,10.7,5.5,1.0,0,0,0,1,0,0,0,0,1,0
2024-02-28 21:00:00,905,22,5,336,0,9.1,3.4,1.4,0,0,0,0,0,0,1,0,1,0
2024-02-17 19:00:00,894,20,5,544,0,13.3,5.5,3.3,0,0,1,0,0,0,0,0,1,0
2024-02-18 16:00:00,852,17,5,469,0,11.3,6.0,2.1,0,0,0,1,0,0,0,0,1,0
2024-02-09 10:00:00,1763,11,3,558,0,6.3,5.5,9.8,1,0,0,0,0,0,0,0,1,0
2024-02-08 17:00:00,1759,18,3,676,0,4.2,-2.8,3.1,0,0,0,0,1,0,0,0,1,0
2024-02-07 09:00:00,1748,10,3,440,0,4.2,0.6,0.0,0,0,0,0,0,0,1,0,1,0
2024-02-13 11:00:00,1684,12,3,603,0,7.1,3.1,0.2,0,0,0,0,0,1,0,0,1,0
2024-02-05 08:00:00,1609,9,3,670,0,7.4,7.4,1.0,0,1,0,0,0,0,0,0,1,0
2024-02-13 08:00:00,1607,9,3,442,0,7.1,3.1,0.2,0,0,0,0,0,1,0,0,1,0
2024-02-16 14:00:00,1483,15,3,697,0,9.8,5.5,0.4,1,0,0,0,0,0,0,0,1,0
2024-02-18 13:00:00,1367,14,3,447,0,11.3,6.0,2.1,0,0,0,1,0,0,0,0,1,0
2024-02-19 10:00:00,1318,11,3,640,0,12.5,5.2,0.0,0,1,0,0,0,0,0,0,1,0
2024-02-20 15:00:00,1281,16,3,416,0,12.6,5.4,5.2,0,0,0,0,0,1,0,0,1,0
2024-02-29 14:00:00,1273,15,3,732,0,7.2,3.5,0.1,0,0,0,0,1,0,0,0,1,0
2024-02-10 12:00:00,1228,13,3,547,0,6.7,3.7,0.4,0,0,1,0,0,0,0,0,1,0
2024-02-16 18:00:00,1227,19,3,473,0,9.8,5.5,0.4,1,0,0,0,0,0,0,0,1,0
2024-02-05 18:00:00,1205,19,3,663,0,7.4,7.4,1.0,0,1,0,0,0,0,0,0,1,0
2024-02-10 14:00:00,1187,15,3,631,0,6.7,3.7,0.4,0,0,1,0,0,0,0,0,1,0
2024-02-06 10:00:00,1167,11,3,730,0,5.9,5.5,0.0,0,0,0,0,0,1,0,0,1,0
2024-02-24 15:00:00,1154,16,3,224,0,7.4,5.5,0.0,0,0,1,0,0,0,0,0,1,0
2024-02-05 19:00:00,1113,20,3,532,0,7.4,7.4,1.0,0,1,0,0,0,0,0,0,1,0
2024-02-19 19:00:00,1099,20,3,398,0,12.5,5.2,0.0,0,1,0,0,0,0,0,0,1,0
2024-02-16 08:00:00,1068,9,3,445,0,9.8,5.5,0.4,1,0,0,0,0,0,0,0,1,0
2024-02-27 07:00:00,1041,8,3,221,0,10.2,1.3,0.3,0,0,0,0,0,1,0,0,1,0
2024-02-29 11:00:00,1016,12,3,684,0,7.2,3.5,0.1,0,0,0,0,1,0,0,0,1,0
2024-02-13 07:00:00,899,8,3,121,0,7.1,3.1,0.2,0,0,0,0,0,1,0,0,1,0
2024-02-13 21:00:00,835,22,3,373,0,7.1,3.1,0.2,0,0,0,0,0,1,0,0,1,0
2024-02-17 22:00:00,770,23,3,558,0,13.3,5.5,3.3,0,0,1,0,0,0,0,0,1,0
2024-02-20 21:00:00,728,22,3,366,0,12.6,5.4,5.2,0,0,0,0,0,1,0,0,1,0
2024-02-05 21:00:00,637,22,3,283,0,7.4,7.4,1.0,0,1,0,0,0,0,0,0,1,0
2024-02-14 22:00:00,610,23,3,287,0,8.3,5.5,6.2,0,0,0,0,0,0,1,0,1,0
2024-02-13 22:00:00,579,23,3,253,0,7.1,3.1,0.2,0,0,0,0,0,1,0,0,1,0
2024-02-14 19:00:00,556,20,3,315,0,8.3,5.5,6.2,0,0,0,0,0,0,1,0,1,0
2024-02-09 13:00:00,2233,14,3,824,0,6.3,5.5,9.8,1,0,0,0,0,0,0,0,1,0
2024-02-01 08:00:00,2191,9,3,638,0,13.8,5.3,0.0,0,0,0,0,1,0,0,0,1,0
2024-02-07 17:00:00,2038,18,3,610,0,4.2,0.6,0.0,0,0,0,0,0,0,1,0,1,0
2024-02-02 08:00:00,2012,9,3,585,0,9.3,5.5,0.0,1,0,0,0,0,0,0,0,1,0
2024-02-27 15:00:00,1862,16,3,512,0,10.2,1.3,0.3,0,0,0,0,0,1,0,0,1,0
2024-02-27 14:00:00,1859,15,3,904,0,10.2,1.3,0.3,0,0,0,0,0,1,0,0,1,0
2024-02-07 14:00:00,1810,15,3,495,0,4.2,0.6,0.0,0,0,0,0,0,0,1,0,1,0
2024-02-04 22:00:00,491,23,3,160,0,10.7,5.5,1.0,0,0,0,1,0,0,0,0,1,0
2024-02-09 21:00:00,487,22,3,212,0,6.3,5.5,9.8,1,0,0,0,0,0,0,0,1,0
2024-02-18 22:00:00,469,23,3,248,0,11.3,6.0,2.1,0,0,0,1,0,0,0,0,1,0
2024-02-12 22:00:00,459,23,3,309,0,8.4,3.3,1.2,0,1,0,0,0,0,0,0,1,0
2024-02-04 09:00:00,381,10,3,157,0,10.7,5.5,1.0,0,0,0,1,0,0,0,0,1,0
2024-02-26 22:00:00,330,23,3,289,0,11.1,5.5,0.0,0,1,0,0,0,0,0,0,1,0
2024-02-17 07:00:00,328,8,3,131,0,13.3,5.5,3.3,0,0,1,0,0,0,0,0,1,0
2024-02-19 22:00:00,318,23,3,310,0,12.5,5.2,0.0,0,1,0,0,0,0,0,0,1,0
2024-02-20 06:00:00,288,7,3,40,0,12.6,5.4,5.2,0,0,0,0,0,1,0,0,1,0
2024-02-12 06:00:00,278,7,3,45,0,8.4,3.3,1.2,0,1,0,0,0,0,0,0,1,0
2024-02-08 23:00:00,264,0,3,112,0,4.2,-2.8,3.1,0,0,0,0,1,0,0,0,1,0
2024-02-24 03:00:00,262,4,3,443,0,7.4,5.5,0.0,0,0,1,0,0,0,0,0,1,0
2024-02-14 00:00:00,210,1,3,81,0,8.3,5.5,6.2,0,0,0,0,0,0,1,0,1,0
2024-02-29 03:00:00,75,4,3,100,0,7.2,3.5,0.1,0,0,0,0,1,0,0,0,1,0
2024-02-27 01:00:00,57,2,3,30,0,10.2,1.3,0.3,0,0,0,0,0,1,0,0,1,0
2024-02-02 00:00:00,164,1,3,93,0,9.3,5.5,0.0,1,0,0,0,0,0,0,0,1,0
2024-02-08 01:00:00,154,2,3,199,0,4.2,-2.8,3.1,0,0,0,0,1,0,0,0,1,0
2024-02-19 02:00:00,112,3,3,20,0,12.5,5.2,0.0,0,1,0,0,0,0,0,0,1,0
2024-02-21 01:00:00,110,2,3,33,0,8.0,1.9,1.5,0,0,0,0,0,0,1,0,1,0
2024-02-05 02:00:00,96,3,3,124,0,7.4,7.4,1.0,0,1,0,0,0,0,0,0,1,0
2024-02-23 16:00:00,2024,17,2,420,0,7.3,0.4,0.0,1,0,0,0,0,0,0,0,1,0
2024-02-07 15:00:00,1970,16,2,610,0,4.2,0.6,0.0,0,0,0,0,0,0,1,0,1,0
2024-02-09 17:00:00,1858,18,2,304,0,6.3,5.5,9.8,1,0,0,0,0,0,0,0,1,0
2024-02-21 15:00:00,1845,16,2,464,0,8.0,1.9,1.5,0,0,0,0,0,0,1,0,1,0
2024-02-01 03:00:00,55,4,4,118,0,13.8,5.3,0.0,0,0,0,0,1,0,0,0,1,0
2024-02-14 06:00:00,339,7,2,47,0,8.3,5.5,6.2,0,0,0,0,0,0,1,0,1,0
2024-02-10 00:00:00,338,1,2,183,0,6.7,3.7,0.4,0,0,1,0,0,0,0,0,1,0
2024-02-17 01:00:00,308,2,2,271,0,13.3,5.5,3.3,0,0,1,0,0,0,0,0,1,0
2024-02-23 06:00:00,302,7,2,40,0,7.3,0.4,0.0,1,0,0,0,0,0,0,0,1,0
2024-02-18 03:00:00,299,4,2,288,0,11.3,6.0,2.1,0,0,0,1,0,0,0,0,1,0
2024-02-17 02:00:00,287,3,2,289,0,13.3,5.5,3.3,0,0,1,0,0,0,0,0,1,0
2024-02-15 06:00:00,279,7,2,37,0,13.2,5.5,3.4,0,0,0,0,1,0,0,0,1,0
2024-02-25 08:00:00,267,9,2,110,0,8.3,5.5,0.0,0,0,0,1,0,0,0,0,1,0
2024-02-29 06:00:00,262,7,2,35,0,7.2,3.5,0.1,0,0,0,0,1,0,0,0,1,0
2024-02-05 00:00:00,229,1,2,65,0,7.4,7.4,1.0,0,1,0,0,0,0,0,0,1,0
2024-02-29 00:00:00,227,1,2,267,0,7.2,3.5,0.1,0,0,0,0,1,0,0,0,1,0
2024-02-07 00:00:00,217,1,2,139,0,4.2,0.6,0.0,0,0,0,0,0,0,1,0,1,0
2024-02-04 05:00:00,124,6,2,124,0,10.7,5.5,1.0,0,0,0,1,0,0,0,0,1,0
2024-02-12 02:00:00,118,3,2,40,0,8.4,3.3,1.2,0,1,0,0,0,0,0,0,1,0
2024-02-11 04:00:00,117,5,2,236,0,8.2,5.5,0.0,0,0,0,1,0,0,0,0,1,0
2024-02-21 05:00:00,114,6,2,28,0,8.0,1.9,1.5,0,0,0,0,0,0,1,0,1,0
2024-02-08 03:00:00,104,4,2,149,0,4.2,-2.8,3.1,0,0,0,0,1,0,0,0,1,0
2024-02-13 02:00:00,100,3,2,31,0,7.1,3.1,0.2,0,0,0,0,0,1,0,0,1,0
2024-02-19 03:00:00,91,4,2,16,0,12.5,5.2,0.0,0,1,0,0,0,0,0,0,1,0
2024-02-23 03:00:00,81,4,2,58,0,7.3,0.4,0.0,1,0,0,0,0,0,0,0,1,0
2024-02-23 04:00:00,79,5,2,24,0,7.3,0.4,0.0,1,0,0,0,0,0,0,0,1,0
2024-02-11 05:00:00,78,6,2,216,0,8.2,5.5,0.0,0,0,0,1,0,0,0,0,1,0
2024-02-01 04:00:00,66,5,2,96,0,13.8,5.3,0.0,0,0,0,0,1,0,0,0,1,0
2024-02-16 03:00:00,56,4,2,67,0,9.8,5.5,0.4,1,0,0,0,0,0,0,0,1,0
2024-02-29 04:00:00,54,5,2,30,0,7.2,3.5,0.1,0,0,0,0,1,0,0,0,1,0
2024-02-20 03:00:00,51,4,2,7,0,12.6,5.4,5.2,0,0,0,0,0,1,0,0,1,0
2024-02-07 21:00:00,560,22,2,459,0,4.2,0.6,0.0,0,0,0,0,0,0,1,0,1,0
2024-02-16 07:00:00,542,8,2,161,0,9.8,5.5,0.4,1,0,0,0,0,0,0,0,1,0
2024-02-29 22:00:00,514,23,2,293,0,7.2,3.5,0.1,0,0,0,0,1,0,0,0,1,0
2024-02-25 02:00:00,408,3,2,490,0,8.3,5.5,0.0,0,0,0,1,0,0,0,0,1,0
2024-02-24 20:00:00,400,21,2,556,0,7.4,5.5,0.0,0,0,1,0,0,0,0,0,1,0
2024-02-24 01:00:00,397,2,2,289,0,7.4,5.5,0.0,0,0,1,0,0,0,0,0,1,0
2024-02-22 14:00:00,1824,15,2,604,0,6.9,3.6,0.0,0,0,0,0,1,0,0,0,1,0
2024-02-24 21:00:00,374,22,2,685,0,7.4,5.5,0.0,0,0,1,0,0,0,0,0,1,0
2024-02-02 11:00:00,1706,12,2,576,0,9.3,5.5,0.0,1,0,0,0,0,0,0,0,1,0
2024-02-23 00:00:00,216,1,2,103,0,7.3,0.4,0.0,1,0,0,0,0,0,0,0,1,0
2024-02-22 15:00:00,1678,16,2,179,0,6.9,3.6,0.0,0,0,0,0,1,0,0,0,1,0
2024-02-15 23:00:00,367,0,2,198,0,13.2,5.5,3.4,0,0,0,0,1,0,0,0,1,0
2024-02-11 07:00:00,205,8,2,52,0,8.2,5.5,0.0,0,0,0,1,0,0,0,0,1,0
2024-02-21 23:00:00,191,0,2,355,0,8.0,1.9,1.5,0,0,0,0,0,0,1,0,1,0
2024-02-16 01:00:00,183,2,2,90,0,9.8,5.5,0.4,1,0,0,0,0,0,0,0,1,0
2024-02-06 00:00:00,179,1,2,53,0,5.9,5.5,0.0,0,0,0,0,0,1,0,0,1,0
2024-02-20 00:00:00,168,1,2,80,0,12.6,5.4,5.2,0,0,0,0,0,1,0,0,1,0
2024-02-29 02:00:00,157,3,2,359,0,7.2,3.5,0.1,0,0,0,0,1,0,0,0,1,0
2024-02-03 05:00:00,155,6,2,50,0,10.1,5.5,0.0,0,0,1,0,0,0,0,0,1,0
2024-02-24 04:00:00,142,5,2,120,0,7.4,5.5,0.0,0,0,1,0,0,0,0,0,1,0
2024-02-04 06:00:00,132,7,2,65,0,10.7,5.5,1.0,0,0,0,1,0,0,0,0,1,0
2024-02-02 10:00:00,1636,11,2,428,0,9.3,5.5,0.0,1,0,0,0,0,0,0,0,1,0
2024-02-20 08:00:00,1488,9,2,414,0,12.6,5.4,5.2,0,0,0,0,0,1,0,0,1,0
2024-02-12 18:00:00,1446,19,2,564,0,8.4,3.3,1.2,0,1,0,0,0,0,0,0,1,0
2024-02-12 10:00:00,1405,11,2,432,0,8.4,3.3,1.2,0,1,0,0,0,0,0,0,1,0
2024-02-06 18:00:00,1393,19,2,589,0,5.9,5.5,0.0,0,0,0,0,0,1,0,0,1,0
2024-02-23 19:00:00,1281,20,2,494,0,7.3,0.4,0.0,1,0,0,0,0,0,0,0,1,0
2024-02-29 08:00:00,1267,9,2,501,0,7.2,3.5,0.1,0,0,0,0,1,0,0,0,1,0
2024-02-10 11:00:00,1152,12,2,376,0,6.7,3.7,0.4,0,0,1,0,0,0,0,0,1,0
2024-02-24 09:00:00,1140,10,2,251,0,7.4,5.5,0.0,0,0,1,0,0,0,0,0,1,0
2024-02-29 09:00:00,1103,10,2,542,0,7.2,3.5,0.1,0,0,0,0,1,0,0,0,1,0
2024-02-25 11:00:00,1024,12,2,394,0,8.3,5.5,0.0,0,0,0,1,0,0,0,0,1,0
2024-02-02 20:00:00,985,21,2,528,0,9.3,5.5,0.0,1,0,0,0,0,0,0,0,1,0
2024-02-12 07:00:00,966,8,2,176,0,8.4,3.3,1.2,0,1,0,0,0,0,0,0,1,0
2024-02-21 07:00:00,943,8,2,167,0,8.0,1.9,1.5,0,0,0,0,0,0,1,0,1,0
2024-02-10 09:00:00,805,10,2,177,0,6.7,3.7,0.4,0,0,1,0,0,0,0,0,1,0
2024-02-09 07:00:00,770,8,2,111,0,6.3,5.5,9.8,1,0,0,0,0,0,0,0,1,0
2024-02-07 20:00:00,764,21,2,530,0,4.2,0.6,0.0,0,0,0,0,0,0,1,0,1,0
2024-02-26 18:00:00,761,19,2,404,0,11.1,5.5,0.0,0,1,0,0,0,0,0,0,1,0
2024-02-04 11:00:00,750,12,2,301,0,10.7,5.5,1.0,0,0,0,1,0,0,0,0,1,0
2024-02-29 07:00:00,742,8,2,162,0,7.2,3.5,0.1,0,0,0,0,1,0,0,0,1,0
2024-02-08 07:00:00,707,8,2,147,0,4.2,-2.8,3.1,0,0,0,0,1,0,0,0,1,0
2024-02-24 08:00:00,673,9,2,159,0,7.4,5.5,0.0,0,0,1,0,0,0,0,0,1,0
2024-02-20 17:00:00,672,18,2,429,0,12.6,5.4,5.2,0,0,0,0,0,1,0,0,1,0
2024-02-17 21:00:00,655,22,2,742,0,13.3,5.5,3.3,0,0,1,0,0,0,0,0,1,0
2024-02-03 08:00:00,618,9,2,128,0,10.1,5.5,0.0,0,0,1,0,0,0,0,0,1,0
2024-02-11 09:00:00,607,10,2,151,0,8.2,5.5,0.0,0,0,0,1,0,0,0,0,1,0
2024-02-04 10:00:00,600,11,2,255,0,10.7,5.5,1.0,0,0,0,1,0,0,0,0,1,0
2024-02-20 19:00:00,579,20,2,310,0,12.6,5.4,5.2,0,0,0,0,0,1,0,0,1,0
2024-02-28 00:00:00,237,1,1,61,0,9.1,3.4,1.4,0,0,0,0,0,0,1,0,1,0
2024-02-26 23:00:00,231,0,1,95,0,11.1,5.5,0.0,0,1,0,0,0,0,0,0,1,0
2024-02-01 23:00:00,209,0,1,81,0,13.8,5.3,0.0,0,0,0,0,1,0,0,0,1,0
2024-02-19 00:00:00,200,1,1,44,0,12.5,5.2,0.0,0,1,0,0,0,0,0,0,1,0
2024-02-11 02:00:00,198,3,1,643,0,8.2,5.5,0.0,0,0,0,1,0,0,0,0,1,0
2024-02-13 00:00:00,187,1,1,88,0,7.1,3.1,0.2,0,0,0,0,0,1,0,0,1,0
2024-02-04 04:00:00,181,5,1,164,0,10.7,5.5,1.0,0,0,0,1,0,0,0,0,1,0
2024-02-15 01:00:00,178,2,1,117,0,13.2,5.5,3.4,0,0,0,0,1,0,0,0,1,0
2024-02-16 23:00:00,771,0,1,329,0,9.8,5.5,0.4,1,0,0,0,0,0,0,0,1,0
2024-02-07 06:00:00,346,7,1,28,0,4.2,0.6,0.0,0,0,0,0,0,0,1,0,1,0
2024-02-28 01:00:00,160,2,1,41,0,9.1,3.4,1.4,0,0,0,0,0,0,1,0,1,0
2024-02-26 07:00:00,731,8,1,246,0,11.1,5.5,0.0,0,1,0,0,0,0,0,0,1,0
2024-02-14 02:00:00,80,3,1,118,0,8.3,5.5,6.2,0,0,0,0,0,0,1,0,1,0
2024-02-28 23:00:00,339,0,1,244,0,9.1,3.4,1.4,0,0,0,0,0,0,1,0,1,0
2024-02-25 19:00:00,688,20,1,305,0,8.3,5.5,0.0,0,0,0,1,0,0,0,0,1,0
2024-02-08 21:00:00,665,22,1,274,0,4.2,-2.8,3.1,0,0,0,0,1,0,0,0,1,0
2024-02-19 20:00:00,635,21,1,427,0,12.5,5.2,0.0,0,1,0,0,0,0,0,0,1,0
2024-02-03 07:00:00,319,8,1,43,0,10.1,5.5,0.0,0,0,1,0,0,0,0,0,1,0
2024-02-09 20:00:00,611,21,1,221,0,6.3,5.5,9.8,1,0,0,0,0,0,0,0,1,0
2024-02-06 05:00:00,152,6,1,34,0,5.9,5.5,0.0,0,0,0,0,0,1,0,0,1,0
2024-02-20 02:00:00,111,3,1,31,0,12.6,5.4,5.2,0,0,0,0,0,1,0,0,1,0
2024-02-28 05:00:00,151,6,1,36,0,9.1,3.4,1.4,0,0,0,0,0,0,1,0,1,0
2024-02-21 06:00:00,317,7,1,41,0,8.0,1.9,1.5,0,0,0,0,0,0,1,0,1,0
2024-02-25 22:00:00,556,23,1,229,0,8.3,5.5,0.0,0,0,0,1,0,0,0,0,1,0
2024-02-11 03:00:00,150,4,1,558,0,8.2,5.5,0.0,0,0,0,1,0,0,0,0,1,0
2024-02-27 04:00:00,54,5,1,17,0,10.2,1.3,0.3,0,0,0,0,0,1,0,0,1,0
2024-02-27 06:00:00,312,7,1,49,0,10.2,1.3,0.3,0,0,0,0,0,1,0,0,1,0
2024-02-10 04:00:00,107,5,1,77,0,6.7,3.7,0.4,0,0,1,0,0,0,0,0,1,0
2024-02-22 01:00:00,150,2,1,218,0,6.9,3.6,0.0,0,0,0,0,1,0,0,0,1,0
2024-02-19 05:00:00,148,6,1,32,0,12.5,5.2,0.0,0,1,0,0,0,0,0,0,1,0
2024-02-24 02:00:00,305,3,1,240,0,7.4,5.5,0.0,0,0,1,0,0,0,0,0,1,0
2024-02-22 06:00:00,302,7,1,45,0,6.9,3.6,0.0,0,0,0,0,1,0,0,0,1,0
2024-02-04 23:00:00,300,0,1,62,0,10.7,5.5,1.0,0,0,0,1,0,0,0,0,1,0
2024-02-01 06:00:00,299,7,1,45,0,13.8,5.3,0.0,0,0,0,0,1,0,0,0,1,0
2024-02-20 23:00:00,293,0,1,110,0,12.6,5.4,5.2,0,0,0,0,0,1,0,0,1,0
2024-02-13 06:00:00,293,7,1,32,0,7.1,3.1,0.2,0,0,0,0,0,1,0,0,1,0
2024-02-12 23:00:00,286,0,1,93,0,8.4,3.3,1.2,0,1,0,0,0,0,0,0,1,0
2024-02-10 01:00:00,260,2,1,115,0,6.7,3.7,0.4,0,0,1,0,0,0,0,0,1,0
2024-02-08 06:00:00,256,7,1,30,0,4.2,-2.8,3.1,0,0,0,0,1,0,0,0,1,0
2024-02-03 01:00:00,250,2,1,127,0,10.1,5.5,0.0,0,0,1,0,0,0,0,0,1,0
2024-02-19 23:00:00,244,0,1,63,0,12.5,5.2,0.0,0,1,0,0,0,0,0,0,1,0
2024-02-12 00:00:00,241,1,1,33,0,8.4,3.3,1.2,0,1,0,0,0,0,0,0,1,0
2024-02-04 17:00:00,504,18,1,311,0,10.7,5.5,1.0,0,0,0,1,0,0,0,0,1,0
2024-02-24 06:00:00,146,7,1,44,0,7.4,5.5,0.0,0,0,1,0,0,0,0,0,1,0
2024-02-15 03:00:00,51,4,1,139,0,13.2,5.5,3.4,0,0,0,0,1,0,0,0,1,0
2024-02-10 03:00:00,145,4,1,57,0,6.7,3.7,0.4,0,0,1,0,0,0,0,0,1,0
2024-02-14 03:00:00,66,4,1,30,0,8.3,5.5,6.2,0,0,0,0,0,0,1,0,1,0
2024-02-25 04:00:00,63,5,1,251,0,8.3,5.5,0.0,0,0,0,1,0,0,0,0,1,0
2024-02-16 05:00:00,61,6,1,39,0,9.8,5.5,0.4,1,0,0,0,0,0,0,0,1,0
2024-02-22 03:00:00,60,4,1,161,0,6.9,3.6,0.0,0,0,0,0,1,0,0,0,1,0
2024-02-29 01:00:00,145,2,1,224,0,7.2,3.5,0.1,0,0,0,0,1,0,0,0,1,0
2024-02-10 06:00:00,144,7,1,22,0,6.7,3.7,0.4,0,0,1,0,0,0,0,0,1,0
2024-02-13 01:00:00,142,2,1,47,0,7.1,3.1,0.2,0,0,0,0,0,1,0,0,1,0
2024-02-09 01:00:00,141,2,1,31,0,6.3,5.5,9.8,1,0,0,0,0,0,0,0,1,0
2024-02-09 02:00:00,98,3,1,137,0,6.3,5.5,9.8,1,0,0,0,0,0,0,0,1,0
2024-02-19 01:00:00,98,2,1,34,0,12.5,5.2,0.0,0,1,0,0,0,0,0,0,1,0
2024-02-07 01:00:00,137,2,1,39,0,4.2,0.6,0.0,0,0,0,0,0,0,1,0,1,0
2024-02-08 22:00:00,428,23,1,252,0,4.2,-2.8,3.1,0,0,0,0,1,0,0,0,1,0
2024-02-09 22:00:00,425,23,1,165,0,6.3,5.5,9.8,1,0,0,0,0,0,0,0,1,0
2024-02-03 17:00:00,402,18,1,621,0,10.1,5.5,0.0,0,0,1,0,0,0,0,0,1,0
2024-02-23 01:00:00,132,2,1,59,0,7.3,0.4,0.0,1,0,0,0,0,0,0,0,1,0
2024-02-12 04:00:00,92,5,1,68,0,8.4,3.3,1.2,0,1,0,0,0,0,0,0,1,0
2024-02-24 05:00:00,129,6,1,107,0,7.4,5.5,0.0,0,0,1,0,0,0,0,0,1,0
2024-02-26 01:00:00,121,2,1,39,0,11.1,5.5,0.0,0,1,0,0,0,0,0,0,1,0
2024-02-02 02:00:00,88,3,1,51,0,9.3,5.5,0.0,1,0,0,0,0,0,0,0,1,0
2024-02-05 04:00:00,87,5,1,57,0,7.4,7.4,1.0,0,1,0,0,0,0,0,0,1,0
2024-02-06 01:00:00,121,2,1,44,0,5.9,5.5,0.0,0,0,0,0,0,1,0,0,1,0
2024-02-20 01:00:00,119,2,1,71,0,12.6,5.4,5.2,0,0,0,0,0,1,0,0,1,0
2024-02-09 04:00:00,86,5,1,33,0,6.3,5.5,9.8,1,0,0,0,0,0,0,0,1,0
2024-02-07 16:00:00,2420,17,1,619,0,4.2,0.6,0.0,0,0,0,0,0,0,1,0,1,0
2024-02-07 08:00:00,2084,9,1,452,0,4.2,0.6,0.0,0,0,0,0,0,0,1,0,1,0
2024-02-16 17:00:00,1631,18,1,687,0,9.8,5.5,0.4,1,0,0,0,0,0,0,0,1,0
2024-02-10 16:00:00,1058,17,1,723,0,6.7,3.7,0.4,0,0,1,0,0,0,0,0,1,0
2024-02-17 18:00:00,1058,19,1,397,0,13.3,5.5,3.3,0,0,1,0,0,0,0,0,1,0
2024-02-16 19:00:00,1040,20,1,412,0,9.8,5.5,0.4,1,0,0,0,0,0,0,0,1,0
2024-02-08 19:00:00,1034,20,1,372,0,4.2,-2.8,3.1,0,0,0,0,1,0,0,0,1,0
2024-02-18 10:00:00,999,11,1,284,0,11.3,6.0,2.1,0,0,0,1,0,0,0,0,1,0
2024-02-27 20:00:00,980,21,1,374,0,10.2,1.3,0.3,0,0,0,0,0,1,0,0,1,0
2024-02-10 10:00:00,960,11,1,261,0,6.7,3.7,0.4,0,0,1,0,0,0,0,0,1,0
2024-02-04 13:00:00,948,14,1,481,0,10.7,5.5,1.0,0,0,0,1,0,0,0,0,1,0
2024-02-16 09:00:00,945,10,1,438,0,9.8,5.5,0.4,1,0,0,0,0,0,0,0,1,0
2024-02-08 20:00:00,888,21,1,371,0,4.2,-2.8,3.1,0,0,0,0,1,0,0,0,1,0
2024-02-26 19:00:00,874,20,1,471,0,11.1,5.5,0.0,0,1,0,0,0,0,0,0,1,0
2024-02-09 19:00:00,803,20,1,179,0,6.3,5.5,9.8,1,0,0,0,0,0,0,0,1,0
2024-02-20 07:00:00,792,8,1,125,0,12.6,5.4,5.2,0,0,0,0,0,1,0,0,1,0
2024-02-27 03:00:00,42,4,1,21,0,10.2,1.3,0.3,0,0,0,0,0,1,0,0,1,0
2024-02-25 23:00:00,313,0,0,81,0,8.3,5.5,0.0,0,0,0,1,0,0,0,0,1,0
2024-02-21 04:00:00,41,5,1,21,0,8.0,1.9,1.5,0,0,0,0,0,0,1,0,1,0
2024-02-05 06:00:00,301,7,0,42,0,7.4,7.4,1.0,0,1,0,0,0,0,0,0,1,0
2024-02-11 00:00:00,228,1,0,473,0,8.2,5.5,0.0,0,0,0,1,0,0,0,0,1,0
2024-02-09 06:00:00,293,7,0,42,0,6.3,5.5,9.8,1,0,0,0,0,0,0,0,1,0
2024-02-28 06:00:00,291,7,0,45,0,9.1,3.4,1.4,0,0,0,0,0,0,1,0,1,0
2024-02-18 07:00:00,225,8,0,76,0,11.3,6.0,2.1,0,0,0,1,0,0,0,0,1,0
2024-02-18 08:00:00,286,9,0,94,0,11.3,6.0,2.1,0,0,0,1,0,0,0,0,1,0
2024-02-19 21:00:00,587,22,0,427,0,12.5,5.2,0.0,0,1,0,0,0,0,0,0,1,0
2024-02-20 18:00:00,215,19,0,88,0,12.6,5.4,5.2,0,0,0,0,0,1,0,0,1,0
2024-02-16 00:00:00,272,1,0,156,0,9.8,5.5,0.4,1,0,0,0,0,0,0,0,1,0
2024-02-25 03:00:00,213,4,0,514,0,8.3,5.5,0.0,0,0,0,1,0,0,0,0,1,0
2024-02-10 08:00:00,484,9,0,145,0,6.7,3.7,0.4,0,0,1,0,0,0,0,0,1,0
2024-02-02 06:00:00,270,7,0,33,0,9.3,5.5,0.0,1,0,0,0,0,0,0,0,1,0
2024-02-05 23:00:00,269,0,0,85,0,7.4,7.4,1.0,0,1,0,0,0,0,0,0,1,0
2024-02-08 16:00:00,1777,17,0,665,0,4.2,-2.8,3.1,0,0,0,0,1,0,0,0,1,0
2024-02-13 15:00:00,1632,16,0,225,0,7.1,3.1,0.2,0,0,0,0,0,1,0,0,1,0
2024-02-21 03:00:00,13,4,1,8,0,8.0,1.9,1.5,0,0,0,0,0,0,1,0,1,0
2024-02-17 06:00:00,188,7,0,43,0,13.3,5.5,3.3,0,0,1,0,0,0,0,0,1,0
2024-02-22 05:00:00,182,6,0,28,0,6.9,3.6,0.0,0,0,0,0,1,0,0,0,1,0
2024-02-03 06:00:00,177,7,0,16,0,10.1,5.5,0.0,0,0,1,0,0,0,0,0,1,0
2024-02-12 01:00:00,176,2,0,35,0,8.4,3.3,1.2,0,1,0,0,0,0,0,0,1,0
2024-02-04 08:00:00,175,9,0,99,0,10.7,5.5,1.0,0,0,0,1,0,0,0,0,1,0
2024-02-26 08:00:00,1312,9,0,596,0,11.1,5.5,0.0,0,1,0,0,0,0,0,0,1,0
2024-02-10 02:00:00,234,3,0,98,0,6.7,3.7,0.4,0,0,1,0,0,0,0,0,1,0
2024-02-08 18:00:00,1238,19,0,519,0,4.2,-2.8,3.1,0,0,0,0,1,0,0,0,1,0
2024-02-10 07:00:00,232,8,0,75,0,6.7,3.7,0.4,0,0,1,0,0,0,0,0,1,0
2024-02-26 10:00:00,1011,11,0,682,0,11.1,5.5,0.0,0,1,0,0,0,0,0,0,1,0
2024-02-09 23:00:00,387,0,0,170,0,6.3,5.5,9.8,1,0,0,0,0,0,0,0,1,0
2024-02-16 20:00:00,952,21,0,448,0,9.8,5.5,0.4,1,0,0,0,0,0,0,0,1,0
2024-02-26 00:00:00,230,1,0,55,0,11.1,5.5,0.0,0,1,0,0,0,0,0,0,1,0
2024-02-18 02:00:00,365,3,0,398,0,11.3,6.0,2.1,0,0,0,1,0,0,0,0,1,0
2024-02-23 07:00:00,858,8,0,173,0,7.3,0.4,0.0,1,0,0,0,0,0,0,0,1,0
2024-02-27 23:00:00,363,0,0,102,0,10.2,1.3,0.3,0,0,0,0,0,1,0,0,1,0
2024-02-19 07:00:00,813,8,0,227,0,12.5,5.2,0.0,0,1,0,0,0,0,0,0,1,0
2024-02-05 07:00:00,793,8,0,148,0,7.4,7.4,1.0,0,1,0,0,0,0,0,0,1,0
2024-02-13 23:00:00,355,0,0,103,0,7.1,3.1,0.2,0,0,0,0,0,1,0,0,1,0
2024-02-05 20:00:00,741,21,0,354,0,7.4,7.4,1.0,0,1,0,0,0,0,0,0,1,0
2024-02-11 08:00:00,335,9,0,152,0,8.2,5.5,0.0,0,0,0,1,0,0,0,0,1,0
2024-02-06 06:00:00,332,7,0,55,0,5.9,5.5,0.0,0,0,0,0,0,1,0,0,1,0
2024-02-26 06:00:00,331,7,0,53,0,11.1,5.5,0.0,0,1,0,0,0,0,0,0,1,0
2024-02-24 07:00:00,324,8,0,129,0,7.4,5.5,0.0,0,0,1,0,0,0,0,0,1,0
2024-02-04 07:00:00,114,8,0,46,0,10.7,5.5,1.0,0,0,0,1,0,0,0,0,1,0
2024-02-16 06:00:00,112,7,0,35,0,9.8,5.5,0.4,1,0,0,0,0,0,0,0,1,0
2024-02-07 05:00:00,111,6,0,31,0,4.2,0.6,0.0,0,0,0,0,0,0,1,0,1,0
2024-02-10 05:00:00,103,6,0,41,0,6.7,3.7,0.4,0,0,1,0,0,0,0,0,1,0
2024-02-18 06:00:00,102,7,0,28,0,11.3,6.0,2.1,0,0,0,1,0,0,0,0,1,0
2024-02-27 00:00:00,100,1,0,47,0,10.2,1.3,0.3,0,0,0,0,0,1,0,0,1,0
2024-02-06 02:00:00,99,3,0,29,0,5.9,5.5,0.0,0,0,0,0,0,1,0,0,1,0
2024-02-18 05:00:00,95,6,0,75,0,11.3,6.0,2.1,0,0,0,1,0,0,0,0,1,0
2024-02-25 05:00:00,62,6,0,118,0,8.3,5.5,0.0,0,0,0,1,0,0,0,0,1,0
2024-02-18 04:00:00,138,5,0,113,0,11.3,6.0,2.1,0,0,0,1,0,0,0,0,1,0
2024-02-25 07:00:00,138,8,0,54,0,8.3,5.5,0.0,0,0,0,1,0,0,0,0,1,0
2024-02-13 03:00:00,62,4,0,20,0,7.1,3.1,0.2,0,0,0,0,0,1,0,0,1,0
2024-02-28 04:00:00,62,5,0,20,0,9.1,3.4,1.4,0,0,0,0,0,0,1,0,1,0
2024-02-20 04:00:00,61,5,0,13,0,12.6,5.4,5.2,0,0,0,0,0,1,0,0,1,0
2024-02-07 04:00:00,60,5,0,34,0,4.2,0.6,0.0,0,0,0,0,0,0,1,0,1,0
2024-02-27 02:00:00,59,3,0,35,0,10.2,1.3,0.3,0,0,0,0,0,1,0,0,1,0
2024-02-14 04:00:00,59,5,0,21,0,8.3,5.5,6.2,0,0,0,0,0,0,1,0,1,0
2024-02-07 03:00:00,56,4,0,26,0,4.2,0.6,0.0,0,0,0,0,0,0,1,0,1,0
2024-02-25 06:00:00,55,7,0,64,0,8.3,5.5,0.0,0,0,0,1,0,0,0,0,1,0
2024-02-02 04:00:00,80,5,0,14,0,9.3,5.5,0.0,1,0,0,0,0,0,0,0,1,0
2024-02-28 02:00:00,138,3,0,122,0,9.1,3.4,1.4,0,0,0,0,0,0,1,0,1,0
2024-02-03 04:00:00,68,5,0,143,0,10.1,5.5,0.0,0,0,1,0,0,0,0,0,1,0
2024-02-06 04:00:00,67,5,0,33,0,5.9,5.5,0.0,0,0,0,0,0,1,0,0,1,0
2024-02-28 03:00:00,64,4,0,31,0,9.1,3.4,1.4,0,0,0,0,0,0,1,0,1,0
2024-02-15 05:00:00,63,6,0,54,0,13.2,5.5,3.4,0,0,0,0,1,0,0,0,1,0
2024-02-11 06:00:00,79,7,0,68,0,8.2,5.5,0.0,0,0,0,1,0,0,0,0,1,0
2024-02-13 04:00:00,79,5,0,11,0,7.1,3.1,0.2,0,0,0,0,0,1,0,0,1,0
2024-02-05 03:00:00,75,4,0,54,0,7.4,7.4,1.0,0,1,0,0,0,0,0,0,1,0
2024-02-26 03:00:00,75,4,0,27,0,11.1,5.5,0.0,0,1,0,0,0,0,0,0,1,0
2024-02-09 03:00:00,72,4,0,90,0,6.3,5.5,9.8,1,0,0,0,0,0,0,0,1,0
2024-02-26 04:00:00,72,5,0,9,0,11.1,5.5,0.0,0,1,0,0,0,0,0,0,1,0
2024-02-22 04:00:00,72,5,0,55,0,6.9,3.6,0.0,0,0,0,0,1,0,0,0,1,0
2024-02-19 04:00:00,52,5,0,39,0,12.5,5.2,0.0,0,1,0,0,0,0,0,0,1,0
2024-02-20 05:00:00,134,6,0,27,0,12.6,5.4,5.2,0,0,0,0,0,1,0,0,1,0
2024-02-02 01:00:00,131,2,0,28,0,9.3,5.5,0.0,1,0,0,0,0,0,0,0,1,0
2024-02-08 05:00:00,131,6,0,25,0,4.2,-2.8,3.1,0,0,0,0,1,0,0,0,1,0
2024-02-01 05:00:00,129,6,0,29,0,13.8,5.3,0.0,0,0,0,0,1,0,0,0,1,0
2024-02-27 05:00:00,129,6,0,24,0,10.2,1.3,0.3,0,0,0,0,0,1,0,0,1,0
2024-02-05 01:00:00,128,2,0,38,0,7.4,7.4,1.0,0,1,0,0,0,0,0,0,1,0
2024-02-14 01:00:00,128,2,0,63,0,8.3,5.5,6.2,0,0,0,0,0,0,1,0,1,0
2024-02-02 05:00:00,126,6,0,11,0,9.3,5.5,0.0,1,0,0,0,0,0,0,0,1,0
2024-02-26 02:00:00,115,3,0,32,0,11.1,5.5,0.0,0,1,0,0,0,0,0,0,1,0
2024-02-05 05:00:00,173,6,0,41,0,7.4,7.4,1.0,0,1,0,0,0,0,0,0,1,0
2024-02-08 04:00:00,86,5,0,63,0,4.2,-2.8,3.1,0,0,0,0,1,0,0,0,1,0
2024-02-12 03:00:00,84,4,0,33,0,8.4,3.3,1.2,0,1,0,0,0,0,0,0,1,0
2024-02-02 03:00:00,83,4,0,26,0,9.3,5.5,0.0,1,0,0,0,0,0,0,0,1,0
2024-02-21 02:00:00,83,3,0,142,0,8.0,1.9,1.5,0,0,0,0,0,0,1,0,1,0
2024-02-07 02:00:00,82,3,0,77,0,4.2,0.6,0.0,0,0,0,0,0,0,1,0,1,0
2024-02-06 03:00:00,51,4,0,16,0,5.9,5.5,0.0,0,0,0,0,0,1,0,0,1,0
2024-02-12 05:00:00,168,6,0,34,0,8.4,3.3,1.2,0,1,0,0,0,0,0,0,1,0
2024-02-23 05:00:00,166,6,0,20,0,7.3,0.4,0.0,1,0,0,0,0,0,0,0,1,0
2024-02-09 00:00:00,159,1,0,114,0,6.3,5.5,9.8,1,0,0,0,0,0,0,0,1,0
2024-02-26 05:00:00,158,6,0,27,0,11.1,5.5,0.0,0,1,0,0,0,0,0,0,1,0
2024-02-17 05:00:00,157,6,0,66,0,13.3,5.5,3.3,0,0,1,0,0,0,0,0,1,0
2024-02-16 02:00:00,156,3,0,127,0,9.8,5.5,0.4,1,0,0,0,0,0,0,0,1,0
2024-02-09 05:00:00,155,6,0,13,0,6.3,5.5,9.8,1,0,0,0,0,0,0,0,1,0
2024-02-13 05:00:00,153,6,0,38,0,7.1,3.1,0.2,0,0,0,0,0,1,0,0,1,0
2024-02-29 05:00:00,145,6,0,23,0,7.2,3.5,0.1,0,0,0,0,1,0,0,0,1,0
2024-02-14 05:00:00,141,6,0,34,0,8.3,5.5,6.2,0,0,0,0,0,0,1,0,1,0
2024-02-16 04:00:00,36,5,0,40,0,9.8,5.5,0.4,1,0,0,0,0,0,0,0,1,0
2024-02-15 04:00:00,46,5,0,137,0,13.2,5.5,3.4,0,0,0,0,1,0,0,0,1,0
2024-01-01 00:00:00,357,1,9,489,1,7.4,5.5,9.6,0,1,0,0,0,0,0,0,1,0
2024-01-01 15:00:00,645,16,5,385,1,7.4,5.5,9.6,0,1,0,0,0,0,0,0,1,0
2024-01-01 18:00:00,582,19,1,142,1,7.4,5.5,9.6,0,1,0,0,0,0,0,0,1,0
2024-01-01 22:00:00,264,23,1,84,1,7.4,5.5,9.6,0,1,0,0,0,0,0,0,1,0
2024-01-01 03:00:00,255,4,1,603,1,7.4,5.5,9.6,0,1,0,0,0,0,0,0,1,0
2024-01-01 05:00:00,175,6,1,135,1,7.4,5.5,9.6,0,1,0,0,0,0,0,0,1,0
2024-01-01 12:00:00,463,13,0,195,1,7.4,5.5,9.6,0,1,0,0,0,0,0,0,1,0
2024-01-01 19:00:00,433,20,0,103,1,7.4,5.5,9.6,0,1,0,0,0,0,0,0,1,0
2024-01-01 20:00:00,352,21,0,91,1,7.4,5.5,9.6,0,1,0,0,0,0,0,0,1,0
2024-01-01 23:00:00,182,0,0,55,1,7.4,5.5,9.6,0,1,0,0,0,0,0,0,1,0
2024-01-01 09:00:00,109,10,0,39,1,7.4,5.5,9.6,0,1,0,0,0,0,0,0,1,0
2024-01-01 08:00:00,94,9,0,32,1,7.4,5.5,9.6,0,1,0,0,0,0,0,0,1,0
2024-01-01 06:00:00,91,7,0,41,1,7.4,5.5,9.6,0,1,0,0,0,0,0,0,1,0
2024-01-01 07:00:00,89,8,0,29,1,7.4,5.5,9.6,0,1,0,0,0,0,0,0,1,0
2024-01-01 01:00:00,487,2,4,373,1,7.4,5.5,9.6,0,1,0,0,0,0,0,0,1,0
2024-01-01 02:00:00,432,3,3,615,1,7.4,5.5,9.6,0,1,0,0,0,0,0,0,1,0
2024-01-01 04:00:00,256,5,3,299,1,7.4,5.5,9.6,0,1,0,0,0,0,0,0,1,0
2024-01-01 10:00:00,191,11,3,125,1,7.4,5.5,9.6,0,1,0,0,0,0,0,0,1,0
2024-01-01 11:00:00,278,12,2,182,1,7.4,5.5,9.6,0,1,0,0,0,0,0,0,1,0
2024-01-01 21:00:00,278,22,2,64,1,7.4,5.5,9.6,0,1,0,0,0,0,0,0,1,0
2024-01-01 16:00:00,675,17,1,283,1,7.4,5.5,9.6,0,1,0,0,0,0,0,0,1,0
2024-01-01 14:00:00,600,15,1,333,1,7.4,5.5,9.6,0,1,0,0,0,0,0,0,1,0
2024-01-01 17:00:00,600,18,1,256,1,7.4,5.5,9.6,0,1,0,0,0,0,0,0,1,0
2024-01-01 13:00:00,591,14,1,294,1,7.4,5.5,9.6,0,1,0,0,0,0,0,0,1,0
2024-01-02 15:00:00,1104,16,5,484,1,7.3,5.5,6.4,0,0,0,0,0,1,0,0,1,0
2024-01-02 16:00:00,838,17,5,211,1,7.3,5.5,6.4,0,0,0,0,0,1,0,0,1,0
2024-01-02 17:00:00,375,18,5,75,1,7.3,5.5,6.4,0,0,0,0,0,1,0,0,1,0
2024-01-02 14:00:00,1253,15,4,499,1,7.3,5.5,6.4,0,0,0,0,0,1,0,0,1,0
2024-01-02 12:00:00,1075,13,3,332,1,7.3,5.5,6.4,0,0,0,0,0,1,0,0,1,0
2024-01-02 23:00:00,222,0,0,89,1,7.3,5.5,6.4,0,0,0,0,0,1,0,0,1,0
2024-01-02 22:00:00,150,23,0,13,1,7.3,5.5,6.4,0,0,0,0,0,1,0,0,1,0
2024-01-02 00:00:00,140,1,0,78,1,7.3,5.5,6.4,0,0,0,0,0,1,0,0,1,0
2024-01-02 01:00:00,97,2,0,45,1,7.3,5.5,6.4,0,0,0,0,0,1,0,0,1,0
2024-01-02 06:00:00,88,7,0,3,1,7.3,5.5,6.4,0,0,0,0,0,1,0,0,1,0
2024-01-02 02:00:00,73,3,0,25,1,7.3,5.5,6.4,0,0,0,0,0,1,0,0,1,0
2024-01-02 05:00:00,71,6,0,9,1,7.3,5.5,6.4,0,0,0,0,0,1,0,0,1,0
2024-01-02 03:00:00,34,4,0,10,1,7.3,5.5,6.4,0,0,0,0,0,1,0,0,1,0
2024-01-02 04:00:00,29,5,0,1,1,7.3,5.5,6.4,0,0,0,0,0,1,0,0,1,0
2024-01-02 13:00:00,1247,14,2,437,1,7.3,5.5,6.4,0,0,0,0,0,1,0,0,1,0
2024-01-02 07:00:00,183,8,2,19,1,7.3,5.5,6.4,0,0,0,0,0,1,0,0,1,0
2024-01-02 21:00:00,149,22,2,74,1,7.3,5.5,6.4,0,0,0,0,0,1,0,0,1,0
2024-01-02 11:00:00,904,12,1,249,1,7.3,5.5,6.4,0,0,0,0,0,1,0,0,1,0
2024-01-02 18:00:00,297,19,1,158,1,7.3,5.5,6.4,0,0,0,0,0,1,0,0,1,0
2024-01-02 19:00:00,230,20,1,119,1,7.3,5.5,6.4,0,0,0,0,0,1,0,0,1,0
2024-01-02 20:00:00,200,21,1,92,1,7.3,5.5,6.4,0,0,0,0,0,1,0,0,1,0
2024-01-02 10:00:00,675,11,0,189,1,7.3,5.5,6.4,0,0,0,0,0,1,0,0,1,0
2024-01-02 09:00:00,434,10,0,87,1,7.3,5.5,6.4,0,0,0,0,0,1,0,0,1,0
2024-01-02 08:00:00,332,9,0,75,1,7.3,5.5,6.4,0,0,0,0,0,1,0,0,1,0
2024-01-03 14:00:00,1676,15,9,502,0,7.3,5.7,9.3,0,0,0,0,0,0,1,0,1,0
2024-01-03 11:00:00,1346,12,9,294,0,7.3,5.7,9.3,0,0,0,0,0,0,1,0,1,0
2024-01-03 09:00:00,1052,10,8,253,0,7.3,5.7,9.3,0,0,0,0,0,0,1,0,1,0
2024-01-03 13:00:00,1786,14,7,659,0,7.3,5.7,9.3,0,0,0,0,0,0,1,0,1,0
2024-01-03 16:00:00,1552,17,5,195,0,7.3,5.7,9.3,0,0,0,0,0,0,1,0,1,0
2024-01-03 15:00:00,1505,16,4,451,0,7.3,5.7,9.3,0,0,0,0,0,0,1,0,1,0
2024-01-03 17:00:00,1296,18,4,258,0,7.3,5.7,9.3,0,0,0,0,0,0,1,0,1,0
2024-01-03 10:00:00,1184,11,4,265,0,7.3,5.7,9.3,0,0,0,0,0,0,1,0,1,0
2024-01-03 12:00:00,1523,13,3,684,0,7.3,5.7,9.3,0,0,0,0,0,0,1,0,1,0
2024-01-03 18:00:00,1036,19,3,230,0,7.3,5.7,9.3,0,0,0,0,0,0,1,0,1,0
2024-01-03 22:00:00,428,23,3,176,0,7.3,5.7,9.3,0,0,0,0,0,0,1,0,1,0
2024-01-03 21:00:00,485,22,0,217,0,7.3,5.7,9.3,0,0,0,0,0,0,1,0,1,0
2024-01-04 11:00:00,1459,12,13,313,0,6.4,6.0,9.3,0,0,0,0,1,0,0,0,1,0
2024-01-03 06:00:00,248,7,0,32,0,7.3,5.7,9.3,0,0,0,0,0,0,1,0,1,0
2024-01-03 23:00:00,246,0,0,66,0,7.3,5.7,9.3,0,0,0,0,0,0,1,0,1,0
2024-01-03 05:00:00,150,6,0,12,0,7.3,5.7,9.3,0,0,0,0,0,0,1,0,1,0
2024-01-03 01:00:00,128,2,0,23,0,7.3,5.7,9.3,0,0,0,0,0,0,1,0,1,0
2024-01-03 03:00:00,58,4,0,12,0,7.3,5.7,9.3,0,0,0,0,0,0,1,0,1,0
2024-01-03 00:00:00,189,1,2,88,0,7.3,5.7,9.3,0,0,0,0,0,0,1,0,1,0
2024-01-03 08:00:00,974,9,1,211,0,7.3,5.7,9.3,0,0,0,0,0,0,1,0,1,0
2024-01-03 19:00:00,831,20,1,224,0,7.3,5.7,9.3,0,0,0,0,0,0,1,0,1,0
2024-01-03 20:00:00,651,21,1,187,0,7.3,5.7,9.3,0,0,0,0,0,0,1,0,1,0
2024-01-03 07:00:00,497,8,1,121,0,7.3,5.7,9.3,0,0,0,0,0,0,1,0,1,0
2024-01-04 16:00:00,1700,17,3,336,0,6.4,6.0,9.3,0,0,0,0,1,0,0,0,1,0
2024-01-04 08:00:00,1110,9,3,261,0,6.4,6.0,9.3,0,0,0,0,1,0,0,0,1,0
2024-01-04 03:00:00,32,4,1,55,0,6.4,6.0,9.3,0,0,0,0,1,0,0,0,1,0
2024-01-04 19:00:00,904,20,3,257,0,6.4,6.0,9.3,0,0,0,0,1,0,0,0,1,0
2024-01-04 20:00:00,765,21,3,238,0,6.4,6.0,9.3,0,0,0,0,1,0,0,0,1,0
2024-01-04 13:00:00,1727,14,10,663,0,6.4,6.0,9.3,0,0,0,0,1,0,0,0,1,0
2024-01-03 02:00:00,106,3,1,83,0,7.3,5.7,9.3,0,0,0,0,0,0,1,0,1,0
2024-01-03 04:00:00,80,5,1,32,0,7.3,5.7,9.3,0,0,0,0,0,0,1,0,1,0
2024-01-04 23:00:00,298,0,3,97,0,6.4,6.0,9.3,0,0,0,0,1,0,0,0,1,0
2024-01-04 14:00:00,1825,15,8,559,0,6.4,6.0,9.3,0,0,0,0,1,0,0,0,1,0
2024-01-04 15:00:00,1702,16,8,476,0,6.4,6.0,9.3,0,0,0,0,1,0,0,0,1,0
2024-01-04 18:00:00,1175,19,0,342,0,6.4,6.0,9.3,0,0,0,0,1,0,0,0,1,0
2024-01-04 07:00:00,564,8,0,93,0,6.4,6.0,9.3,0,0,0,0,1,0,0,0,1,0
2024-01-04 06:00:00,276,7,0,43,0,6.4,6.0,9.3,0,0,0,0,1,0,0,0,1,0
2024-01-04 09:00:00,1151,10,2,228,0,6.4,6.0,9.3,0,0,0,0,1,0,0,0,1,0
2024-01-04 00:00:00,176,1,0,64,0,6.4,6.0,9.3,0,0,0,0,1,0,0,0,1,0
2024-01-04 12:00:00,1590,13,6,579,0,6.4,6.0,9.3,0,0,0,0,1,0,0,0,1,0
2024-01-04 05:00:00,129,6,0,22,0,6.4,6.0,9.3,0,0,0,0,1,0,0,0,1,0
2024-01-04 02:00:00,101,3,2,80,0,6.4,6.0,9.3,0,0,0,0,1,0,0,0,1,0
2024-01-04 10:00:00,1270,11,6,273,0,6.4,6.0,9.3,0,0,0,0,1,0,0,0,1,0
2024-01-04 17:00:00,1581,18,5,411,0,6.4,6.0,9.3,0,0,0,0,1,0,0,0,1,0
2024-01-04 01:00:00,98,2,0,33,0,6.4,6.0,9.3,0,0,0,0,1,0,0,0,1,0
2024-01-04 21:00:00,554,22,1,226,0,6.4,6.0,9.3,0,0,0,0,1,0,0,0,1,0
2024-01-04 04:00:00,37,5,4,45,0,6.4,6.0,9.3,0,0,0,0,1,0,0,0,1,0
2024-01-04 22:00:00,432,23,1,187,0,6.4,6.0,9.3,0,0,0,0,1,0,0,0,1,0
2024-01-05 22:00:00,309,23,0,193,0,5.6,6.0,0.0,1,0,0,0,0,0,0,0,1,0
2024-01-06 15:00:00,968,16,7,426,0,2.5,0.2,0.0,0,0,1,0,0,0,0,0,1,0
2024-01-05 05:00:00,59,6,3,62,0,5.6,6.0,0.0,1,0,0,0,0,0,0,0,1,0
2024-01-05 13:00:00,1973,14,8,652,0,5.6,6.0,0.0,1,0,0,0,0,0,0,0,1,0
2024-01-05 11:00:00,1589,12,2,371,0,5.6,6.0,0.0,1,0,0,0,0,0,0,0,1,0
2024-01-05 12:00:00,1795,13,8,543,0,5.6,6.0,0.0,1,0,0,0,0,0,0,0,1,0
2024-01-05 14:00:00,1936,15,7,520,0,5.6,6.0,0.0,1,0,0,0,0,0,0,0,1,0
2024-01-05 17:00:00,1557,18,7,312,0,5.6,6.0,0.0,1,0,0,0,0,0,0,0,1,0
2024-01-05 06:00:00,94,7,0,41,0,5.6,6.0,0.0,1,0,0,0,0,0,0,0,1,0
2024-01-05 01:00:00,93,2,0,77,0,5.6,6.0,0.0,1,0,0,0,0,0,0,0,1,0
2024-01-05 04:00:00,44,5,0,48,0,5.6,6.0,0.0,1,0,0,0,0,0,0,0,1,0
2024-01-05 03:00:00,38,4,0,107,0,5.6,6.0,0.0,1,0,0,0,0,0,0,0,1,0
2024-01-07 17:00:00,1018,18,8,317,0,2.9,0.1,0.0,0,0,0,1,0,0,0,0,1,0
2024-01-07 22:00:00,361,23,8,124,0,2.9,0.1,0.0,0,0,0,1,0,0,0,0,1,0
2024-01-05 19:00:00,1012,20,4,370,0,5.6,6.0,0.0,1,0,0,0,0,0,0,0,1,0
2024-01-05 20:00:00,746,21,4,241,0,5.6,6.0,0.0,1,0,0,0,0,0,0,0,1,0
2024-01-05 21:00:00,735,22,4,275,0,5.6,6.0,0.0,1,0,0,0,0,0,0,0,1,0
2024-01-05 07:00:00,214,8,4,82,0,5.6,6.0,0.0,1,0,0,0,0,0,0,0,1,0
2024-01-05 16:00:00,1888,17,3,495,0,5.6,6.0,0.0,1,0,0,0,0,0,0,0,1,0
2024-01-05 09:00:00,1207,10,3,255,0,5.6,6.0,0.0,1,0,0,0,0,0,0,0,1,0
2024-01-05 15:00:00,1795,16,1,557,0,5.6,6.0,0.0,1,0,0,0,0,0,0,0,1,0
2024-01-05 10:00:00,1409,11,1,277,0,5.6,6.0,0.0,1,0,0,0,0,0,0,0,1,0
2024-01-05 23:00:00,358,0,1,134,0,5.6,6.0,0.0,1,0,0,0,0,0,0,0,1,0
2024-01-06 02:00:00,41,3,0,30,0,2.5,0.2,0.0,0,0,1,0,0,0,0,0,1,0
2024-01-05 00:00:00,140,1,1,163,0,5.6,6.0,0.0,1,0,0,0,0,0,0,0,1,0
2024-01-06 18:00:00,740,19,1,320,0,2.5,0.2,0.0,0,0,1,0,0,0,0,0,1,0
2024-01-06 22:00:00,527,23,1,245,0,2.5,0.2,0.0,0,0,1,0,0,0,0,0,1,0
2024-01-05 02:00:00,57,3,1,113,0,5.6,6.0,0.0,1,0,0,0,0,0,0,0,1,0
2024-01-06 21:00:00,708,22,5,262,0,2.5,0.2,0.0,0,0,1,0,0,0,0,0,1,0
2024-01-06 07:00:00,163,8,1,42,0,2.5,0.2,0.0,0,0,1,0,0,0,0,0,1,0
2024-01-06 01:00:00,159,2,1,158,0,2.5,0.2,0.0,0,0,1,0,0,0,0,0,1,0
2024-01-06 14:00:00,961,15,4,450,0,2.5,0.2,0.0,0,0,1,0,0,0,0,0,1,0
2024-01-06 19:00:00,811,20,4,308,0,2.5,0.2,0.0,0,0,1,0,0,0,0,0,1,0
2024-01-05 08:00:00,1019,9,0,245,0,5.6,6.0,0.0,1,0,0,0,0,0,0,0,1,0
2024-01-06 05:00:00,10,6,0,17,0,2.5,0.2,0.0,0,0,1,0,0,0,0,0,1,0
2024-01-05 18:00:00,916,19,0,235,0,5.6,6.0,0.0,1,0,0,0,0,0,0,0,1,0
2024-01-06 20:00:00,863,21,3,339,0,2.5,0.2,0.0,0,0,1,0,0,0,0,0,1,0
2024-01-06 17:00:00,834,18,3,287,0,2.5,0.2,0.0,0,0,1,0,0,0,0,0,1,0
2024-01-06 00:00:00,265,1,3,186,0,2.5,0.2,0.0,0,0,1,0,0,0,0,0,1,0
2024-01-06 04:00:00,2,5,0,3,0,2.5,0.2,0.0,0,0,1,0,0,0,0,0,1,0
2024-01-06 06:00:00,21,7,1,20,0,2.5,0.2,0.0,0,0,1,0,0,0,0,0,1,0
2024-01-06 12:00:00,1223,13,2,255,0,2.5,0.2,0.0,0,0,1,0,0,0,0,0,1,0
2024-01-06 03:00:00,15,4,1,18,0,2.5,0.2,0.0,0,0,1,0,0,0,0,0,1,0
2024-01-06 16:00:00,960,17,2,336,0,2.5,0.2,0.0,0,0,1,0,0,0,0,0,1,0
2024-01-06 11:00:00,850,12,2,345,0,2.5,0.2,0.0,0,0,1,0,0,0,0,0,1,0
2024-01-06 10:00:00,652,11,2,192,0,2.5,0.2,0.0,0,0,1,0,0,0,0,0,1,0
2024-01-06 13:00:00,1339,14,0,381,0,2.5,0.2,0.0,0,0,1,0,0,0,0,0,1,0
2024-01-06 09:00:00,541,10,0,153,0,2.5,0.2,0.0,0,0,1,0,0,0,0,0,1,0
2024-01-06 23:00:00,393,0,0,191,0,2.5,0.2,0.0,0,0,1,0,0,0,0,0,1,0
2024-01-06 08:00:00,363,9,2,80,0,2.5,0.2,0.0,0,0,1,0,0,0,0,0,1,0
2024-01-07 11:00:00,448,12,1,244,0,2.9,0.1,0.0,0,0,0,1,0,0,0,0,1,0
2024-01-07 00:00:00,358,1,1,194,0,2.9,0.1,0.0,0,0,0,1,0,0,0,0,1,0
2024-01-07 15:00:00,1077,16,0,416,0,2.9,0.1,0.0,0,0,0,1,0,0,0,0,1,0
2024-01-07 02:00:00,287,3,0,278,0,2.9,0.1,0.0,0,0,0,1,0,0,0,0,1,0
2024-01-07 09:00:00,242,10,0,105,0,2.9,0.1,0.0,0,0,0,1,0,0,0,0,1,0
2024-01-07 23:00:00,241,0,0,47,0,2.9,0.1,0.0,0,0,0,1,0,0,0,0,1,0
2024-01-07 04:00:00,135,5,0,83,0,2.9,0.1,0.0,0,0,0,1,0,0,0,0,1,0
2024-01-07 08:00:00,126,9,0,68,0,2.9,0.1,0.0,0,0,0,1,0,0,0,0,1,0
2024-01-07 06:00:00,102,7,0,27,0,2.9,0.1,0.0,0,0,0,1,0,0,0,0,1,0
2024-01-07 07:00:00,93,8,0,23,0,2.9,0.1,0.0,0,0,0,1,0,0,0,0,1,0
2024-01-08 22:00:00,170,23,1,147,0,3.9,-1.5,1.2,0,1,0,0,0,0,0,0,1,0
2024-01-08 08:00:00,1715,9,5,292,0,3.9,-1.5,1.2,0,1,0,0,0,0,0,0,1,0
2024-01-08 02:00:00,99,3,1,20,0,3.9,-1.5,1.2,0,1,0,0,0,0,0,0,1,0
2024-01-08 16:00:00,1771,17,4,288,0,3.9,-1.5,1.2,0,1,0,0,0,0,0,0,1,0
2024-01-08 09:00:00,1401,10,4,383,0,3.9,-1.5,1.2,0,1,0,0,0,0,0,0,1,0
2024-01-07 16:00:00,913,17,5,198,0,2.9,0.1,0.0,0,0,0,1,0,0,0,0,1,0
2024-01-07 14:00:00,839,15,5,427,0,2.9,0.1,0.0,0,0,0,1,0,0,0,0,1,0
2024-01-08 12:00:00,1306,13,18,617,0,3.9,-1.5,1.2,0,1,0,0,0,0,0,0,1,0
2024-01-08 17:00:00,1597,18,0,425,0,3.9,-1.5,1.2,0,1,0,0,0,0,0,0,1,0
2024-01-08 06:00:00,302,7,0,35,0,3.9,-1.5,1.2,0,1,0,0,0,0,0,0,1,0
2024-01-08 00:00:00,224,1,0,69,0,3.9,-1.5,1.2,0,1,0,0,0,0,0,0,1,0
2024-01-08 23:00:00,204,0,0,55,0,3.9,-1.5,1.2,0,1,0,0,0,0,0,0,1,0
2024-01-08 05:00:00,182,6,0,36,0,3.9,-1.5,1.2,0,1,0,0,0,0,0,0,1,0
2024-01-08 01:00:00,135,2,0,32,0,3.9,-1.5,1.2,0,1,0,0,0,0,0,0,1,0
2024-01-08 04:00:00,72,5,0,26,0,3.9,-1.5,1.2,0,1,0,0,0,0,0,0,1,0
2024-01-09 12:00:00,1318,13,17,664,0,6.0,5.5,0.0,0,0,0,0,0,1,0,0,1,0
2024-01-08 15:00:00,1375,16,3,488,0,3.9,-1.5,1.2,0,1,0,0,0,0,0,0,1,0
2024-01-08 10:00:00,1308,11,3,354,0,3.9,-1.5,1.2,0,1,0,0,0,0,0,0,1,0
2024-01-08 18:00:00,1118,19,3,364,0,3.9,-1.5,1.2,0,1,0,0,0,0,0,0,1,0
2024-01-08 13:00:00,1145,14,2,602,0,3.9,-1.5,1.2,0,1,0,0,0,0,0,0,1,0
2024-01-08 21:00:00,225,22,2,227,0,3.9,-1.5,1.2,0,1,0,0,0,0,0,0,1,0
2024-01-08 03:00:00,63,4,2,16,0,3.9,-1.5,1.2,0,1,0,0,0,0,0,0,1,0
2024-01-08 07:00:00,790,8,1,93,0,3.9,-1.5,1.2,0,1,0,0,0,0,0,0,1,0
2024-01-08 19:00:00,748,20,1,273,0,3.9,-1.5,1.2,0,1,0,0,0,0,0,0,1,0
2024-01-08 20:00:00,454,21,1,297,0,3.9,-1.5,1.2,0,1,0,0,0,0,0,0,1,0
2024-01-07 01:00:00,342,2,4,174,0,2.9,0.1,0.0,0,0,0,1,0,0,0,0,1,0
2024-01-08 11:00:00,1384,12,9,421,0,3.9,-1.5,1.2,0,1,0,0,0,0,0,0,1,0
2024-01-07 19:00:00,800,20,3,296,0,2.9,0.1,0.0,0,0,0,1,0,0,0,0,1,0
2024-01-07 13:00:00,623,14,3,315,0,2.9,0.1,0.0,0,0,0,1,0,0,0,0,1,0
2024-01-07 03:00:00,257,4,3,137,0,2.9,0.1,0.0,0,0,0,1,0,0,0,0,1,0
2024-01-08 14:00:00,1171,15,6,501,0,3.9,-1.5,1.2,0,1,0,0,0,0,0,0,1,0
2024-01-09 15:00:00,1755,16,10,486,0,6.0,5.5,0.0,0,0,0,0,0,1,0,0,1,0
2024-01-09 10:00:00,1257,11,10,338,0,6.0,5.5,0.0,0,0,0,0,0,1,0,0,1,0
2024-01-07 20:00:00,654,21,2,301,0,2.9,0.1,0.0,0,0,0,1,0,0,0,0,1,0
2024-01-07 12:00:00,647,13,2,313,0,2.9,0.1,0.0,0,0,0,1,0,0,0,0,1,0
2024-01-07 21:00:00,487,22,2,161,0,2.9,0.1,0.0,0,0,0,1,0,0,0,0,1,0
2024-01-07 10:00:00,390,11,2,223,0,2.9,0.1,0.0,0,0,0,1,0,0,0,0,1,0
2024-01-09 14:00:00,1464,15,9,498,0,6.0,5.5,0.0,0,0,0,0,0,1,0,0,1,0
2024-01-07 05:00:00,131,6,2,54,0,2.9,0.1,0.0,0,0,0,1,0,0,0,0,1,0
2024-01-09 16:00:00,2096,17,7,285,0,6.0,5.5,0.0,0,0,0,0,0,1,0,0,1,0
2024-01-09 08:00:00,1704,9,7,351,0,6.0,5.5,0.0,0,0,0,0,0,1,0,0,1,0
2024-01-07 18:00:00,952,19,1,246,0,2.9,0.1,0.0,0,0,0,1,0,0,0,0,1,0
2024-01-09 01:00:00,111,2,1,46,0,6.0,5.5,0.0,0,0,0,0,0,1,0,0,1,0
2024-01-09 03:00:00,45,4,1,24,0,6.0,5.5,0.0,0,0,0,0,0,1,0,0,1,0
2024-01-10 02:00:00,76,3,1,100,0,4.5,1.1,0.0,0,0,0,0,0,0,1,0,1,0
2024-01-09 09:00:00,1388,10,0,326,0,6.0,5.5,0.0,0,0,0,0,0,1,0,0,1,0
2024-01-09 20:00:00,809,21,0,306,0,6.0,5.5,0.0,0,0,0,0,0,1,0,0,1,0
2024-01-09 22:00:00,432,23,0,182,0,6.0,5.5,0.0,0,0,0,0,0,1,0,0,1,0
2024-01-10 21:00:00,419,22,0,327,0,4.5,1.1,0.0,0,0,0,0,0,0,1,0,1,0
2024-01-09 06:00:00,309,7,0,47,0,6.0,5.5,0.0,0,0,0,0,0,1,0,0,1,0
2024-01-10 06:00:00,317,7,0,32,0,4.5,1.1,0.0,0,0,0,0,0,0,1,0,1,0
2024-01-10 05:00:00,145,6,0,14,0,4.5,1.1,0.0,0,0,0,0,0,0,1,0,1,0
2024-01-10 03:00:00,80,4,0,37,0,4.5,1.1,0.0,0,0,0,0,0,0,1,0,1,0
2024-01-10 04:00:00,70,5,0,38,0,4.5,1.1,0.0,0,0,0,0,0,0,1,0,1,0
2024-01-09 13:00:00,1466,14,6,594,0,6.0,5.5,0.0,0,0,0,0,0,1,0,0,1,0
2024-01-09 05:00:00,159,6,0,23,0,6.0,5.5,0.0,0,0,0,0,0,1,0,0,1,0
2024-01-09 00:00:00,156,1,0,30,0,6.0,5.5,0.0,0,0,0,0,0,1,0,0,1,0
2024-01-10 14:00:00,1856,15,4,526,0,4.5,1.1,0.0,0,0,0,0,0,0,1,0,1,0
2024-01-10 16:00:00,2138,17,13,280,0,4.5,1.1,0.0,0,0,0,0,0,0,1,0,1,0
2024-01-10 17:00:00,2252,18,11,210,0,4.5,1.1,0.0,0,0,0,0,0,0,1,0,1,0
2024-01-10 12:00:00,1762,13,11,608,0,4.5,1.1,0.0,0,0,0,0,0,0,1,0,1,0
2024-01-10 11:00:00,1546,12,11,419,0,4.5,1.1,0.0,0,0,0,0,0,0,1,0,1,0
2024-01-10 08:00:00,2130,9,10,406,0,4.5,1.1,0.0,0,0,0,0,0,0,1,0,1,0
2024-01-10 15:00:00,1949,16,6,589,0,4.5,1.1,0.0,0,0,0,0,0,0,1,0,1,0
2024-01-10 10:00:00,1572,11,6,372,0,4.5,1.1,0.0,0,0,0,0,0,0,1,0,1,0
2024-01-10 09:00:00,1711,10,5,312,0,4.5,1.1,0.0,0,0,0,0,0,0,1,0,1,0
2024-01-09 11:00:00,1283,12,6,344,0,6.0,5.5,0.0,0,0,0,0,0,1,0,0,1,0
2024-01-10 18:00:00,1755,19,4,325,0,4.5,1.1,0.0,0,0,0,0,0,0,1,0,1,0
2024-01-09 02:00:00,84,3,0,31,0,6.0,5.5,0.0,0,0,0,0,0,1,0,0,1,0
2024-01-10 07:00:00,888,8,3,96,0,4.5,1.1,0.0,0,0,0,0,0,0,1,0,1,0
2024-01-10 19:00:00,471,20,2,387,0,4.5,1.1,0.0,0,0,0,0,0,0,1,0,1,0
2024-01-10 20:00:00,404,21,2,351,0,4.5,1.1,0.0,0,0,0,0,0,0,1,0,1,0
2024-01-10 00:00:00,191,1,2,57,0,4.5,1.1,0.0,0,0,0,0,0,0,1,0,1,0
2024-01-10 01:00:00,110,2,2,41,0,4.5,1.1,0.0,0,0,0,0,0,0,1,0,1,0
2024-01-10 22:00:00,321,23,1,265,0,4.5,1.1,0.0,0,0,0,0,0,0,1,0,1,0
2024-01-10 23:00:00,230,0,1,213,0,4.5,1.1,0.0,0,0,0,0,0,0,1,0,1,0
2024-01-09 04:00:00,60,5,0,37,0,6.0,5.5,0.0,0,0,0,0,0,1,0,0,1,0
2024-01-11 14:00:00,1383,15,8,566,0,5.0,2.2,0.2,0,0,0,0,1,0,0,0,1,0
2024-01-11 12:00:00,1153,13,7,675,0,5.0,2.2,0.2,0,0,0,0,1,0,0,0,1,0
2024-01-11 16:00:00,1684,17,5,432,0,5.0,2.2,0.2,0,0,0,0,1,0,0,0,1,0
2024-01-11 15:00:00,1458,16,4,559,0,5.0,2.2,0.2,0,0,0,0,1,0,0,0,1,0
2024-01-11 13:00:00,1194,14,4,705,0,5.0,2.2,0.2,0,0,0,0,1,0,0,0,1,0
2024-01-09 21:00:00,622,22,4,273,0,6.0,5.5,0.0,0,0,0,0,0,1,0,0,1,0
2024-01-09 23:00:00,313,0,4,56,0,6.0,5.5,0.0,0,0,0,0,0,1,0,0,1,0
2024-01-09 17:00:00,1964,18,3,383,0,6.0,5.5,0.0,0,0,0,0,0,1,0,0,1,0
2024-01-10 13:00:00,1824,14,20,666,0,4.5,1.1,0.0,0,0,0,0,0,0,1,0,1,0
2024-01-09 07:00:00,803,8,2,112,0,6.0,5.5,0.0,0,0,0,0,0,1,0,0,1,0
2024-01-09 18:00:00,1477,19,1,356,0,6.0,5.5,0.0,0,0,0,0,0,1,0,0,1,0
2024-01-09 19:00:00,1006,20,1,278,0,6.0,5.5,0.0,0,0,0,0,0,1,0,0,1,0
2024-01-12 21:00:00,726,22,3,380,0,5.8,5.5,0.0,1,0,0,0,0,0,0,0,1,0
2024-01-12 14:00:00,2010,15,11,528,0,5.8,5.5,0.0,1,0,0,0,0,0,0,0,1,0
2024-01-12 18:00:00,721,19,2,48,0,5.8,5.5,0.0,1,0,0,0,0,0,0,0,1,0
2024-01-12 07:00:00,720,8,2,91,0,5.8,5.5,0.0,1,0,0,0,0,0,0,0,1,0
2024-01-12 06:00:00,258,7,2,47,0,5.8,5.5,0.0,1,0,0,0,0,0,0,0,1,0
2024-01-12 09:00:00,1553,10,1,307,0,5.8,5.5,0.0,1,0,0,0,0,0,0,0,1,0
2024-01-12 22:00:00,615,23,1,381,0,5.8,5.5,0.0,1,0,0,0,0,0,0,0,1,0
2024-01-12 04:00:00,46,5,1,55,0,5.8,5.5,0.0,1,0,0,0,0,0,0,0,1,0
2024-01-12 13:00:00,1938,14,11,703,0,5.8,5.5,0.0,1,0,0,0,0,0,0,0,1,0
2024-01-12 23:00:00,377,0,0,189,0,5.8,5.5,0.0,1,0,0,0,0,0,0,0,1,0
2024-01-13 13:00:00,1687,14,14,488,0,3.7,5.5,0.0,0,0,1,0,0,0,0,0,1,0
2024-01-13 15:00:00,1569,16,7,578,0,3.7,5.5,0.0,0,0,1,0,0,0,0,0,1,0
2024-01-13 23:00:00,610,0,6,282,0,3.7,5.5,0.0,0,0,1,0,0,0,0,0,1,0
2024-01-11 08:00:00,1417,9,3,371,0,5.0,2.2,0.2,0,0,0,0,1,0,0,0,1,0
2024-01-11 18:00:00,1164,19,3,397,0,5.0,2.2,0.2,0,0,0,0,1,0,0,0,1,0
2024-01-11 09:00:00,1060,10,3,323,0,5.0,2.2,0.2,0,0,0,0,1,0,0,0,1,0
2024-01-11 21:00:00,619,22,3,259,0,5.0,2.2,0.2,0,0,0,0,1,0,0,0,1,0
2024-01-11 23:00:00,235,0,3,78,0,5.0,2.2,0.2,0,0,0,0,1,0,0,0,1,0
2024-01-11 03:00:00,87,4,3,127,0,5.0,2.2,0.2,0,0,0,0,1,0,0,0,1,0
2024-01-11 17:00:00,1544,18,2,338,0,5.0,2.2,0.2,0,0,0,0,1,0,0,0,1,0
2024-01-11 11:00:00,1023,12,2,412,0,5.0,2.2,0.2,0,0,0,0,1,0,0,0,1,0
2024-01-11 10:00:00,1000,11,2,399,0,5.0,2.2,0.2,0,0,0,0,1,0,0,0,1,0
2024-01-11 19:00:00,817,20,2,259,0,5.0,2.2,0.2,0,0,0,0,1,0,0,0,1,0
2024-01-11 22:00:00,428,23,2,187,0,5.0,2.2,0.2,0,0,0,0,1,0,0,0,1,0
2024-01-11 02:00:00,140,3,2,381,0,5.0,2.2,0.2,0,0,0,0,1,0,0,0,1,0
2024-01-11 07:00:00,662,8,1,92,0,5.0,2.2,0.2,0,0,0,0,1,0,0,0,1,0
2024-01-11 06:00:00,256,7,1,40,0,5.0,2.2,0.2,0,0,0,0,1,0,0,0,1,0
2024-01-11 00:00:00,209,1,1,180,0,5.0,2.2,0.2,0,0,0,0,1,0,0,0,1,0
2024-01-11 01:00:00,148,2,1,120,0,5.0,2.2,0.2,0,0,0,0,1,0,0,0,1,0
2024-01-13 14:00:00,1694,15,4,499,0,3.7,5.5,0.0,0,0,1,0,0,0,0,0,1,0
2024-01-13 11:00:00,1499,12,4,334,0,3.7,5.5,0.0,0,0,1,0,0,0,0,0,1,0
2024-01-13 18:00:00,1172,19,4,328,0,3.7,5.5,0.0,0,0,1,0,0,0,0,0,1,0
2024-01-13 09:00:00,930,10,4,192,0,3.7,5.5,0.0,0,0,1,0,0,0,0,0,1,0
2024-01-13 16:00:00,1524,17,3,398,0,3.7,5.5,0.0,0,0,1,0,0,0,0,0,1,0
2024-01-13 17:00:00,1285,18,3,266,0,3.7,5.5,0.0,0,0,1,0,0,0,0,0,1,0
2024-01-13 21:00:00,533,22,3,409,0,3.7,5.5,0.0,0,0,1,0,0,0,0,0,1,0
2024-01-13 12:00:00,1718,13,2,457,0,3.7,5.5,0.0,0,0,1,0,0,0,0,0,1,0
2024-01-13 10:00:00,1262,11,2,279,0,3.7,5.5,0.0,0,0,1,0,0,0,0,0,1,0
2024-01-13 22:00:00,744,23,2,352,0,3.7,5.5,0.0,0,0,1,0,0,0,0,0,1,0
2024-01-11 20:00:00,474,21,0,327,0,5.0,2.2,0.2,0,0,0,0,1,0,0,0,1,0
2024-01-12 05:00:00,143,6,0,31,0,5.8,5.5,0.0,1,0,0,0,0,0,0,0,1,0
2024-01-11 05:00:00,147,6,0,25,0,5.0,2.2,0.2,0,0,0,0,1,0,0,0,1,0
2024-01-12 17:00:00,1837,18,8,301,0,5.8,5.5,0.0,1,0,0,0,0,0,0,0,1,0
2024-01-12 01:00:00,100,2,0,44,0,5.8,5.5,0.0,1,0,0,0,0,0,0,0,1,0
2024-01-12 12:00:00,1685,13,8,564,0,5.8,5.5,0.0,1,0,0,0,0,0,0,0,1,0
2024-01-12 02:00:00,62,3,0,33,0,5.8,5.5,0.0,1,0,0,0,0,0,0,0,1,0
2024-01-11 04:00:00,40,5,0,37,0,5.0,2.2,0.2,0,0,0,0,1,0,0,0,1,0
2024-01-12 03:00:00,44,4,0,71,0,5.8,5.5,0.0,1,0,0,0,0,0,0,0,1,0
2024-01-12 20:00:00,778,21,6,311,0,5.8,5.5,0.0,1,0,0,0,0,0,0,0,1,0
2024-01-12 19:00:00,554,20,5,13,0,5.8,5.5,0.0,1,0,0,0,0,0,0,0,1,0
2024-01-12 15:00:00,1968,16,4,457,0,5.8,5.5,0.0,1,0,0,0,0,0,0,0,1,0
2024-01-12 00:00:00,172,1,4,72,0,5.8,5.5,0.0,1,0,0,0,0,0,0,0,1,0
2024-01-12 08:00:00,1580,9,3,354,0,5.8,5.5,0.0,1,0,0,0,0,0,0,0,1,0
2024-01-12 10:00:00,1506,11,3,249,0,5.8,5.5,0.0,1,0,0,0,0,0,0,0,1,0
2024-01-12 11:00:00,1505,12,3,366,0,5.8,5.5,0.0,1,0,0,0,0,0,0,0,1,0
2024-01-12 16:00:00,1889,17,20,390,0,5.8,5.5,0.0,1,0,0,0,0,0,0,0,1,0
2024-01-15 17:00:00,1878,18,5,503,0,1.2,5.5,0.0,0,1,0,0,0,0,0,0,1,0
2024-01-15 20:00:00,813,21,5,327,0,1.2,5.5,0.0,0,1,0,0,0,0,0,0,1,0
2024-01-15 10:00:00,798,11,5,509,0,1.2,5.5,0.0,0,1,0,0,0,0,0,0,1,0
2024-01-15 07:00:00,627,8,5,110,0,1.2,5.5,0.0,0,1,0,0,0,0,0,0,1,0
2024-01-15 15:00:00,1619,16,4,660,0,1.2,5.5,0.0,0,1,0,0,0,0,0,0,1,0
2024-01-14 19:00:00,843,20,5,289,0,1.2,1.2,0.0,0,0,0,1,0,0,0,0,1,0
2024-01-13 03:00:00,114,4,2,198,0,3.7,5.5,0.0,0,0,1,0,0,0,0,0,1,0
2024-01-14 20:00:00,720,21,5,253,0,1.2,1.2,0.0,0,0,0,1,0,0,0,0,1,0
2024-01-14 00:00:00,595,1,5,253,0,1.2,1.2,0.0,0,0,0,1,0,0,0,0,1,0
2024-01-14 15:00:00,1378,16,0,457,0,1.2,1.2,0.0,0,0,0,1,0,0,0,0,1,0
2024-01-14 22:00:00,428,23,0,175,0,1.2,1.2,0.0,0,0,0,1,0,0,0,0,1,0
2024-01-14 23:00:00,280,0,0,51,0,1.2,1.2,0.0,0,0,0,1,0,0,0,0,1,0
2024-01-14 07:00:00,133,8,0,22,0,1.2,1.2,0.0,0,0,0,1,0,0,0,0,1,0
2024-01-14 04:00:00,114,5,0,105,0,1.2,1.2,0.0,0,0,0,1,0,0,0,0,1,0
2024-01-14 06:00:00,97,7,0,7,0,1.2,1.2,0.0,0,0,0,1,0,0,0,0,1,0
2024-01-14 05:00:00,87,6,0,38,0,1.2,1.2,0.0,0,0,0,1,0,0,0,0,1,0
2024-01-14 17:00:00,1095,18,4,329,0,1.2,1.2,0.0,0,0,0,1,0,0,0,0,1,0
2024-01-14 18:00:00,994,19,3,296,0,1.2,1.2,0.0,0,0,0,1,0,0,0,0,1,0
2024-01-14 21:00:00,556,22,3,276,0,1.2,1.2,0.0,0,0,0,1,0,0,0,0,1,0
2024-01-14 09:00:00,490,10,3,116,0,1.2,1.2,0.0,0,0,0,1,0,0,0,0,1,0
2024-01-14 10:00:00,908,11,2,204,0,1.2,1.2,0.0,0,0,0,1,0,0,0,0,1,0
2024-01-14 08:00:00,245,9,2,66,0,1.2,1.2,0.0,0,0,0,1,0,0,0,0,1,0
2024-01-14 03:00:00,214,4,2,287,0,1.2,1.2,0.0,0,0,0,1,0,0,0,0,1,0
2024-01-13 20:00:00,719,21,1,377,0,3.7,5.5,0.0,0,0,1,0,0,0,0,0,1,0
2024-01-15 13:00:00,949,14,2,948,0,1.2,5.5,0.0,0,1,0,0,0,0,0,0,1,0
2024-01-15 12:00:00,852,13,2,949,0,1.2,5.5,0.0,0,1,0,0,0,0,0,0,1,0
2024-01-13 00:00:00,245,1,1,246,0,3.7,5.5,0.0,0,0,1,0,0,0,0,0,1,0
2024-01-15 01:00:00,123,2,2,14,0,1.2,5.5,0.0,0,1,0,0,0,0,0,0,1,0
2024-01-15 16:00:00,2120,17,8,595,0,1.2,5.5,0.0,0,1,0,0,0,0,0,0,1,0
2024-01-13 05:00:00,87,6,1,47,0,3.7,5.5,0.0,0,0,1,0,0,0,0,0,1,0
2024-01-13 04:00:00,67,5,1,92,0,3.7,5.5,0.0,0,0,1,0,0,0,0,0,1,0
2024-01-15 18:00:00,1343,19,7,459,0,1.2,5.5,0.0,0,1,0,0,0,0,0,0,1,0
2024-01-15 22:00:00,453,23,7,173,0,1.2,5.5,0.0,0,1,0,0,0,0,0,0,1,0
2024-01-13 19:00:00,1002,20,0,411,0,3.7,5.5,0.0,0,0,1,0,0,0,0,0,1,0
2024-01-13 08:00:00,563,9,0,116,0,3.7,5.5,0.0,0,0,1,0,0,0,0,0,1,0
2024-01-15 19:00:00,933,20,6,374,0,1.2,5.5,0.0,0,1,0,0,0,0,0,0,1,0
2024-01-13 02:00:00,269,3,0,210,0,3.7,5.5,0.0,0,0,1,0,0,0,0,0,1,0
2024-01-14 14:00:00,1479,15,9,459,0,1.2,1.2,0.0,0,0,0,1,0,0,0,0,1,0
2024-01-13 07:00:00,218,8,0,73,0,3.7,5.5,0.0,0,0,1,0,0,0,0,0,1,0
2024-01-14 16:00:00,1329,17,9,496,0,1.2,1.2,0.0,0,0,0,1,0,0,0,0,1,0
2024-01-13 06:00:00,174,7,0,20,0,3.7,5.5,0.0,0,0,1,0,0,0,0,0,1,0
2024-01-14 02:00:00,417,3,9,225,0,1.2,1.2,0.0,0,0,0,1,0,0,0,0,1,0
2024-01-13 01:00:00,133,2,0,176,0,3.7,5.5,0.0,0,0,1,0,0,0,0,0,1,0
2024-01-14 11:00:00,1143,12,8,308,0,1.2,1.2,0.0,0,0,0,1,0,0,0,0,1,0
2024-01-14 12:00:00,1543,13,7,376,0,1.2,1.2,0.0,0,0,0,1,0,0,0,0,1,0
2024-01-14 13:00:00,1488,14,6,406,0,1.2,1.2,0.0,0,0,0,1,0,0,0,0,1,0
2024-01-14 01:00:00,485,2,6,246,0,1.2,1.2,0.0,0,0,0,1,0,0,0,0,1,0
2024-01-15 04:00:00,52,5,0,41,0,1.2,5.5,0.0,0,1,0,0,0,0,0,0,1,0
2024-01-17 19:00:00,1160,20,9,395,0,1.7,-3.8,0.0,0,0,0,0,0,0,1,0,1,0
2024-01-16 16:00:00,1940,17,0,215,0,0.4,-1.4,0.9,0,0,0,0,0,1,0,0,1,0
2024-01-17 16:00:00,2227,17,10,494,0,1.7,-3.8,0.0,0,0,0,0,0,0,1,0,1,0
2024-01-17 12:00:00,1505,13,2,572,0,1.7,-3.8,0.0,0,0,0,0,0,0,1,0,1,0
2024-01-16 18:00:00,1419,19,0,345,0,0.4,-1.4,0.9,0,0,0,0,0,1,0,0,1,0
2024-01-17 23:00:00,325,0,8,271,0,1.7,-3.8,0.0,0,0,0,0,0,0,1,0,1,0
2024-01-17 18:00:00,1416,19,6,478,0,1.7,-3.8,0.0,0,0,0,0,0,0,1,0,1,0
2024-01-17 21:00:00,712,22,5,343,0,1.7,-3.8,0.0,0,0,0,0,0,0,1,0,1,0
2024-01-17 22:00:00,480,23,5,288,0,1.7,-3.8,0.0,0,0,0,0,0,0,1,0,1,0
2024-01-17 17:00:00,2075,18,4,356,0,1.7,-3.8,0.0,0,0,0,0,0,0,1,0,1,0
2024-01-17 20:00:00,839,21,4,358,0,1.7,-3.8,0.0,0,0,0,0,0,0,1,0,1,0
2024-01-17 08:00:00,1755,9,3,446,0,1.7,-3.8,0.0,0,0,0,0,0,0,1,0,1,0
2024-01-17 15:00:00,1738,16,3,532,0,1.7,-3.8,0.0,0,0,0,0,0,0,1,0,1,0
2024-01-17 10:00:00,1258,11,3,205,0,1.7,-3.8,0.0,0,0,0,0,0,0,1,0,1,0
2024-01-16 21:00:00,573,22,0,278,0,0.4,-1.4,0.9,0,0,0,0,0,1,0,0,1,0
2024-01-16 17:00:00,1861,18,4,318,0,0.4,-1.4,0.9,0,0,0,0,0,1,0,0,1,0
2024-01-16 00:00:00,222,1,0,39,0,0.4,-1.4,0.9,0,0,0,0,0,1,0,0,1,0
2024-01-16 05:00:00,150,6,0,32,0,0.4,-1.4,0.9,0,0,0,0,0,1,0,0,1,0
2024-01-16 01:00:00,131,2,0,11,0,0.4,-1.4,0.9,0,0,0,0,0,1,0,0,1,0
2024-01-16 02:00:00,88,3,0,49,0,0.4,-1.4,0.9,0,0,0,0,0,1,0,0,1,0
2024-01-16 04:00:00,55,5,0,20,0,0.4,-1.4,0.9,0,0,0,0,0,1,0,0,1,0
2024-01-16 03:00:00,55,4,0,9,0,0.4,-1.4,0.9,0,0,0,0,0,1,0,0,1,0
2024-01-16 13:00:00,1424,14,20,1150,0,0.4,-1.4,0.9,0,0,0,0,0,1,0,0,1,0
2024-01-16 12:00:00,1433,13,13,1151,0,0.4,-1.4,0.9,0,0,0,0,0,1,0,0,1,0
2024-01-16 20:00:00,770,21,3,302,0,0.4,-1.4,0.9,0,0,0,0,0,1,0,0,1,0
2024-01-16 07:00:00,751,8,3,122,0,0.4,-1.4,0.9,0,0,0,0,0,1,0,0,1,0
2024-01-16 23:00:00,293,0,3,103,0,0.4,-1.4,0.9,0,0,0,0,0,1,0,0,1,0
2024-01-16 06:00:00,293,7,2,37,0,0.4,-1.4,0.9,0,0,0,0,0,1,0,0,1,0
2024-01-16 08:00:00,1518,9,1,631,0,0.4,-1.4,0.9,0,0,0,0,0,1,0,0,1,0
2024-01-16 19:00:00,956,20,1,328,0,0.4,-1.4,0.9,0,0,0,0,0,1,0,0,1,0
2024-01-16 22:00:00,438,23,1,220,0,0.4,-1.4,0.9,0,0,0,0,0,1,0,0,1,0
2024-01-17 14:00:00,1499,15,1,551,0,1.7,-3.8,0.0,0,0,0,0,0,0,1,0,1,0
2024-01-17 09:00:00,1443,10,1,360,0,1.7,-3.8,0.0,0,0,0,0,0,0,1,0,1,0
2024-01-17 11:00:00,1284,12,1,366,0,1.7,-3.8,0.0,0,0,0,0,0,0,1,0,1,0
2024-01-17 07:00:00,836,8,1,110,0,1.7,-3.8,0.0,0,0,0,0,0,0,1,0,1,0
2024-01-17 06:00:00,291,7,1,48,0,1.7,-3.8,0.0,0,0,0,0,0,0,1,0,1,0
2024-01-17 02:00:00,104,3,1,87,0,1.7,-3.8,0.0,0,0,0,0,0,0,1,0,1,0
2024-01-17 04:00:00,61,5,1,21,0,1.7,-3.8,0.0,0,0,0,0,0,0,1,0,1,0
2024-01-16 14:00:00,1444,15,12,794,0,0.4,-1.4,0.9,0,0,0,0,0,1,0,0,1,0
2024-01-16 15:00:00,1478,16,11,642,0,0.4,-1.4,0.9,0,0,0,0,0,1,0,0,1,0
2024-01-16 09:00:00,1449,10,10,556,0,0.4,-1.4,0.9,0,0,0,0,0,1,0,0,1,0
2024-01-16 10:00:00,1332,11,8,676,0,0.4,-1.4,0.9,0,0,0,0,0,1,0,0,1,0
2024-01-16 11:00:00,1287,12,7,756,0,0.4,-1.4,0.9,0,0,0,0,0,1,0,0,1,0
2024-01-15 08:00:00,1227,9,1,490,0,1.2,5.5,0.0,0,1,0,0,0,0,0,0,1,0
2024-01-15 14:00:00,1062,15,1,661,0,1.2,5.5,0.0,0,1,0,0,0,0,0,0,1,0
2024-01-15 09:00:00,1038,10,1,576,0,1.2,5.5,0.0,0,1,0,0,0,0,0,0,1,0
2024-01-15 11:00:00,806,12,1,744,0,1.2,5.5,0.0,0,1,0,0,0,0,0,0,1,0
2024-01-15 21:00:00,643,22,1,306,0,1.2,5.5,0.0,0,1,0,0,0,0,0,0,1,0
2024-01-15 06:00:00,228,7,1,48,0,1.2,5.5,0.0,0,1,0,0,0,0,0,0,1,0
2024-01-15 00:00:00,209,1,1,55,0,1.2,5.5,0.0,0,1,0,0,0,0,0,0,1,0
2024-01-15 05:00:00,111,6,1,32,0,1.2,5.5,0.0,0,1,0,0,0,0,0,0,1,0
2024-01-15 02:00:00,88,3,1,21,0,1.2,5.5,0.0,0,1,0,0,0,0,0,0,1,0
2024-01-15 03:00:00,73,4,1,31,0,1.2,5.5,0.0,0,1,0,0,0,0,0,0,1,0
2024-01-15 23:00:00,276,0,0,90,0,1.2,5.5,0.0,0,1,0,0,0,0,0,0,1,0
2024-01-18 09:00:00,1610,10,0,462,0,5.2,-3.2,0.0,0,0,0,0,1,0,0,0,1,0
2024-01-18 12:00:00,1325,13,0,576,0,5.2,-3.2,0.0,0,0,0,0,1,0,0,0,1,0
2024-01-18 04:00:00,92,5,0,62,0,5.2,-3.2,0.0,0,0,0,0,1,0,0,0,1,0
2024-01-19 22:00:00,271,23,2,387,0,8.7,5.5,1.2,1,0,0,0,0,0,0,0,1,0
2024-01-18 06:00:00,313,7,2,46,0,5.2,-3.2,0.0,0,0,0,0,1,0,0,0,1,0
2024-01-18 23:00:00,310,0,2,92,0,5.2,-3.2,0.0,0,0,0,0,1,0,0,0,1,0
2024-01-18 18:00:00,1533,19,7,509,0,5.2,-3.2,0.0,0,0,0,0,1,0,0,0,1,0
2024-01-19 12:00:00,1835,13,7,765,0,8.7,5.5,1.2,1,0,0,0,0,0,0,0,1,0
2024-01-19 19:00:00,636,20,7,267,0,8.7,5.5,1.2,1,0,0,0,0,0,0,0,1,0
2024-01-19 15:00:00,1608,16,5,440,0,8.7,5.5,1.2,1,0,0,0,0,0,0,0,1,0
2024-01-19 11:00:00,1665,12,4,532,0,8.7,5.5,1.2,1,0,0,0,0,0,0,0,1,0
2024-01-19 20:00:00,366,21,3,286,0,8.7,5.5,1.2,1,0,0,0,0,0,0,0,1,0
2024-01-19 17:00:00,1868,18,2,289,0,8.7,5.5,1.2,1,0,0,0,0,0,0,0,1,0
2024-01-19 18:00:00,1320,19,2,300,0,8.7,5.5,1.2,1,0,0,0,0,0,0,0,1,0
2024-01-19 07:00:00,788,8,2,179,0,8.7,5.5,1.2,1,0,0,0,0,0,0,0,1,0
2024-01-18 01:00:00,159,2,2,169,0,5.2,-3.2,0.0,0,0,0,0,1,0,0,0,1,0
2024-01-17 13:00:00,1421,14,0,581,0,1.7,-3.8,0.0,0,0,0,0,0,0,1,0,1,0
2024-01-17 00:00:00,186,1,0,77,0,1.7,-3.8,0.0,0,0,0,0,0,0,1,0,1,0
2024-01-17 05:00:00,167,6,0,29,0,1.7,-3.8,0.0,0,0,0,0,0,0,1,0,1,0
2024-01-17 01:00:00,129,2,0,57,0,1.7,-3.8,0.0,0,0,0,0,0,0,1,0,1,0
2024-01-17 03:00:00,69,4,0,7,0,1.7,-3.8,0.0,0,0,0,0,0,0,1,0,1,0
2024-01-19 16:00:00,1580,17,1,302,0,8.7,5.5,1.2,1,0,0,0,0,0,0,0,1,0
2024-01-19 10:00:00,1443,11,1,405,0,8.7,5.5,1.2,1,0,0,0,0,0,0,0,1,0
2024-01-19 09:00:00,1722,10,0,469,0,8.7,5.5,1.2,1,0,0,0,0,0,0,0,1,0
2024-01-19 21:00:00,330,22,0,335,0,8.7,5.5,1.2,1,0,0,0,0,0,0,0,1,0
2024-01-19 06:00:00,282,7,0,41,0,8.7,5.5,1.2,1,0,0,0,0,0,0,0,1,0
2024-01-19 23:00:00,252,0,0,224,0,8.7,5.5,1.2,1,0,0,0,0,0,0,0,1,0
2024-01-19 00:00:00,228,1,0,99,0,8.7,5.5,1.2,1,0,0,0,0,0,0,0,1,0
2024-01-19 05:00:00,158,6,0,32,0,8.7,5.5,1.2,1,0,0,0,0,0,0,0,1,0
2024-01-19 01:00:00,144,2,0,50,0,8.7,5.5,1.2,1,0,0,0,0,0,0,0,1,0
2024-01-19 13:00:00,2205,14,22,813,0,8.7,5.5,1.2,1,0,0,0,0,0,0,0,1,0
2024-01-19 14:00:00,1217,15,9,427,0,8.7,5.5,1.2,1,0,0,0,0,0,0,0,1,0
2024-01-19 08:00:00,1877,9,8,402,0,8.7,5.5,1.2,1,0,0,0,0,0,0,0,1,0
2024-01-18 11:00:00,1331,12,1,352,0,5.2,-3.2,0.0,0,0,0,0,1,0,0,0,1,0
2024-01-18 10:00:00,1290,11,1,283,0,5.2,-3.2,0.0,0,0,0,0,1,0,0,0,1,0
2024-01-18 08:00:00,1742,9,5,454,0,5.2,-3.2,0.0,0,0,0,0,1,0,0,0,1,0
2024-01-18 22:00:00,460,23,1,211,0,5.2,-3.2,0.0,0,0,0,0,1,0,0,0,1,0
2024-01-18 16:00:00,2290,17,9,522,0,5.2,-3.2,0.0,0,0,0,0,1,0,0,0,1,0
2024-01-18 17:00:00,2189,18,8,454,0,5.2,-3.2,0.0,0,0,0,0,1,0,0,0,1,0
2024-01-18 15:00:00,2098,16,4,677,0,5.2,-3.2,0.0,0,0,0,0,1,0,0,0,1,0
2024-01-18 20:00:00,1001,21,4,381,0,5.2,-3.2,0.0,0,0,0,0,1,0,0,0,1,0
2024-01-18 07:00:00,825,8,4,79,0,5.2,-3.2,0.0,0,0,0,0,1,0,0,0,1,0
2024-01-18 05:00:00,151,6,1,29,0,5.2,-3.2,0.0,0,0,0,0,1,0,0,0,1,0
2024-01-18 00:00:00,261,1,4,209,0,5.2,-3.2,0.0,0,0,0,0,1,0,0,0,1,0
2024-01-18 19:00:00,1258,20,3,406,0,5.2,-3.2,0.0,0,0,0,0,1,0,0,0,1,0
2024-01-18 02:00:00,154,3,3,279,0,5.2,-3.2,0.0,0,0,0,0,1,0,0,0,1,0
2024-01-18 03:00:00,80,4,3,122,0,5.2,-3.2,0.0,0,0,0,0,1,0,0,0,1,0
2024-01-18 14:00:00,1822,15,2,350,0,5.2,-3.2,0.0,0,0,0,0,1,0,0,0,1,0
2024-01-18 13:00:00,1531,14,2,609,0,5.2,-3.2,0.0,0,0,0,0,1,0,0,0,1,0
2024-01-18 21:00:00,629,22,2,316,0,5.2,-3.2,0.0,0,0,0,0,1,0,0,0,1,0
2024-01-19 04:00:00,74,5,0,25,0,8.7,5.5,1.2,1,0,0,0,0,0,0,0,1,0
2024-01-19 02:00:00,73,3,0,110,0,8.7,5.5,1.2,1,0,0,0,0,0,0,0,1,0
2024-01-19 03:00:00,49,4,0,58,0,8.7,5.5,1.2,1,0,0,0,0,0,0,0,1,0
2024-01-20 22:00:00,563,23,1,360,0,11.6,5.5,1.0,0,0,1,0,0,0,0,0,1,0
2024-01-20 10:00:00,551,11,1,269,0,11.6,5.5,1.0,0,0,1,0,0,0,0,0,1,0
2024-01-20 09:00:00,432,10,1,192,0,11.6,5.5,1.0,0,0,1,0,0,0,0,0,1,0
2024-01-21 02:00:00,329,3,3,304,0,6.2,5.5,10.0,0,0,0,1,0,0,0,0,1,0
2024-01-21 08:00:00,250,9,3,88,0,6.2,5.5,10.0,0,0,0,1,0,0,0,0,1,0
2024-01-21 09:00:00,532,10,2,157,0,6.2,5.5,10.0,0,0,0,1,0,0,0,0,1,0
2024-01-21 03:00:00,218,4,2,268,0,6.2,5.5,10.0,0,0,0,1,0,0,0,0,1,0
2024-01-20 06:00:00,58,7,1,23,0,11.6,5.5,1.0,0,0,1,0,0,0,0,0,1,0
2024-01-21 04:00:00,125,5,2,134,0,6.2,5.5,10.0,0,0,0,1,0,0,0,0,1,0
2024-01-20 05:00:00,36,6,1,50,0,11.6,5.5,1.0,0,0,1,0,0,0,0,0,1,0
2024-01-21 16:00:00,1200,17,1,171,0,6.2,5.5,10.0,0,0,0,1,0,0,0,0,1,0
2024-01-21 01:00:00,269,2,1,207,0,6.2,5.5,10.0,0,0,0,1,0,0,0,0,1,0
2024-01-21 22:00:00,131,23,1,114,0,6.2,5.5,10.0,0,0,0,1,0,0,0,0,1,0
2024-01-21 18:00:00,930,19,0,167,0,6.2,5.5,10.0,0,0,0,1,0,0,0,0,1,0
2024-01-20 20:00:00,436,21,0,333,0,11.6,5.5,1.0,0,0,1,0,0,0,0,0,1,0
2024-01-20 01:00:00,344,2,0,33,0,11.6,5.5,1.0,0,0,1,0,0,0,0,0,1,0
2024-01-20 08:00:00,198,9,0,97,0,11.6,5.5,1.0,0,0,1,0,0,0,0,0,1,0
2024-01-20 03:00:00,123,4,0,184,0,11.6,5.5,1.0,0,0,1,0,0,0,0,0,1,0
2024-01-20 07:00:00,109,8,0,58,0,11.6,5.5,1.0,0,0,1,0,0,0,0,0,1,0
2024-01-20 17:00:00,1274,18,13,343,0,11.6,5.5,1.0,0,0,1,0,0,0,0,0,1,0
2024-01-20 18:00:00,1186,19,12,311,0,11.6,5.5,1.0,0,0,1,0,0,0,0,0,1,0
2024-01-21 13:00:00,1499,14,12,414,0,6.2,5.5,10.0,0,0,0,1,0,0,0,0,1,0
2024-01-21 12:00:00,1495,13,10,376,0,6.2,5.5,10.0,0,0,0,1,0,0,0,0,1,0
2024-01-21 10:00:00,912,11,10,299,0,6.2,5.5,10.0,0,0,0,1,0,0,0,0,1,0
2024-01-21 14:00:00,1456,15,9,492,0,6.2,5.5,10.0,0,0,0,1,0,0,0,0,1,0
2024-01-21 11:00:00,1154,12,6,320,0,6.2,5.5,10.0,0,0,0,1,0,0,0,0,1,0
2024-01-21 17:00:00,1052,18,6,157,0,6.2,5.5,10.0,0,0,0,1,0,0,0,0,1,0
2024-01-21 15:00:00,1349,16,5,392,0,6.2,5.5,10.0,0,0,0,1,0,0,0,0,1,0
2024-01-21 19:00:00,777,20,5,238,0,6.2,5.5,10.0,0,0,0,1,0,0,0,0,1,0
2024-01-21 00:00:00,266,1,0,143,0,6.2,5.5,10.0,0,0,0,1,0,0,0,0,1,0
2024-01-21 20:00:00,207,21,0,109,0,6.2,5.5,10.0,0,0,0,1,0,0,0,0,1,0
2024-01-21 23:00:00,190,0,0,26,0,6.2,5.5,10.0,0,0,0,1,0,0,0,0,1,0
2024-01-20 16:00:00,1351,17,4,371,0,11.6,5.5,1.0,0,0,1,0,0,0,0,0,1,0
2024-01-20 12:00:00,748,13,4,536,0,11.6,5.5,1.0,0,0,1,0,0,0,0,0,1,0
2024-01-21 21:00:00,184,22,0,205,0,6.2,5.5,10.0,0,0,0,1,0,0,0,0,1,0
2024-01-21 07:00:00,156,8,0,35,0,6.2,5.5,10.0,0,0,0,1,0,0,0,0,1,0
2024-01-21 05:00:00,109,6,0,109,0,6.2,5.5,10.0,0,0,0,1,0,0,0,0,1,0
2024-01-21 06:00:00,83,7,0,32,0,6.2,5.5,10.0,0,0,0,1,0,0,0,0,1,0
2024-01-20 19:00:00,876,20,3,273,0,11.6,5.5,1.0,0,0,1,0,0,0,0,0,1,0
2024-01-20 11:00:00,663,12,3,372,0,11.6,5.5,1.0,0,0,1,0,0,0,0,0,1,0
2024-01-20 02:00:00,246,3,3,25,0,11.6,5.5,1.0,0,0,1,0,0,0,0,0,1,0
2024-01-20 13:00:00,781,14,2,625,0,11.6,5.5,1.0,0,0,1,0,0,0,0,0,1,0
2024-01-20 21:00:00,612,22,2,291,0,11.6,5.5,1.0,0,0,1,0,0,0,0,0,1,0
2024-01-20 00:00:00,438,1,2,222,0,11.6,5.5,1.0,0,0,1,0,0,0,0,0,1,0
2024-01-20 23:00:00,248,0,2,57,0,11.6,5.5,1.0,0,0,1,0,0,0,0,0,1,0
2024-01-20 04:00:00,40,5,2,31,0,11.6,5.5,1.0,0,0,1,0,0,0,0,0,1,0
2024-01-20 14:00:00,757,15,1,618,0,11.6,5.5,1.0,0,0,1,0,0,0,0,0,1,0
2024-01-20 15:00:00,671,16,1,665,0,11.6,5.5,1.0,0,0,1,0,0,0,0,0,1,0
2024-01-22 16:00:00,733,17,3,829,0,12.0,4.7,3.2,0,1,0,0,0,0,0,0,1,0
2024-01-22 06:00:00,282,7,0,31,0,12.0,4.7,3.2,0,1,0,0,0,0,0,0,1,0
2024-01-22 15:00:00,1320,16,12,681,0,12.0,4.7,3.2,0,1,0,0,0,0,0,0,1,0
2024-01-22 00:00:00,148,1,0,31,0,12.0,4.7,3.2,0,1,0,0,0,0,0,0,1,0
2024-01-22 05:00:00,135,6,0,14,0,12.0,4.7,3.2,0,1,0,0,0,0,0,0,1,0
2024-01-22 18:00:00,657,19,3,442,0,12.0,4.7,3.2,0,1,0,0,0,0,0,0,1,0
2024-01-23 13:00:00,1978,14,20,984,0,10.3,4.7,12.3,0,0,0,0,0,1,0,0,1,0
2024-01-23 12:00:00,1876,13,13,997,0,10.3,4.7,12.3,0,0,0,0,0,1,0,0,1,0
2024-01-23 15:00:00,2154,16,11,833,0,10.3,4.7,12.3,0,0,0,0,0,1,0,0,1,0
2024-01-23 09:00:00,1994,10,11,695,0,10.3,4.7,12.3,0,0,0,0,0,1,0,0,1,0
2024-01-23 14:00:00,1882,15,11,686,0,10.3,4.7,12.3,0,0,0,0,0,1,0,0,1,0
2024-01-23 11:00:00,1789,12,10,588,0,10.3,4.7,12.3,0,0,0,0,0,1,0,0,1,0
2024-01-22 21:00:00,580,22,3,474,0,12.0,4.7,3.2,0,1,0,0,0,0,0,0,1,0
2024-01-22 11:00:00,429,12,3,541,0,12.0,4.7,3.2,0,1,0,0,0,0,0,0,1,0
2024-01-23 05:00:00,155,6,0,26,0,10.3,4.7,12.3,0,0,0,0,0,1,0,0,1,0
2024-01-22 01:00:00,86,2,0,9,0,12.0,4.7,3.2,0,1,0,0,0,0,0,0,1,0
2024-01-22 02:00:00,80,3,0,24,0,12.0,4.7,3.2,0,1,0,0,0,0,0,0,1,0
2024-01-22 04:00:00,66,5,0,11,0,12.0,4.7,3.2,0,1,0,0,0,0,0,0,1,0
2024-01-22 03:00:00,45,4,0,24,0,12.0,4.7,3.2,0,1,0,0,0,0,0,0,1,0
2024-01-22 17:00:00,703,18,7,510,0,12.0,4.7,3.2,0,1,0,0,0,0,0,0,1,0
2024-01-22 23:00:00,220,0,2,117,0,12.0,4.7,3.2,0,1,0,0,0,0,0,0,1,0
2024-01-23 19:00:00,1153,20,7,337,0,10.3,4.7,12.3,0,0,0,0,0,1,0,0,1,0
2024-01-23 01:00:00,82,2,0,34,0,10.3,4.7,12.3,0,0,0,0,0,1,0,0,1,0
2024-01-22 14:00:00,1512,15,1,731,0,12.0,4.7,3.2,0,1,0,0,0,0,0,0,1,0
2024-01-22 09:00:00,1178,10,1,414,0,12.0,4.7,3.2,0,1,0,0,0,0,0,0,1,0
2024-01-22 19:00:00,830,20,1,291,0,12.0,4.7,3.2,0,1,0,0,0,0,0,0,1,0
2024-01-22 12:00:00,444,13,1,836,0,12.0,4.7,3.2,0,1,0,0,0,0,0,0,1,0
2024-01-22 22:00:00,417,23,1,277,0,12.0,4.7,3.2,0,1,0,0,0,0,0,0,1,0
2024-01-22 10:00:00,405,11,1,471,0,12.0,4.7,3.2,0,1,0,0,0,0,0,0,1,0
2024-01-22 20:00:00,713,21,0,483,0,12.0,4.7,3.2,0,1,0,0,0,0,0,0,1,0
2024-01-22 13:00:00,461,14,0,740,0,12.0,4.7,3.2,0,1,0,0,0,0,0,0,1,0
2024-01-23 23:00:00,108,0,2,53,0,10.3,4.7,12.3,0,0,0,0,0,1,0,0,1,0
2024-01-23 18:00:00,1474,19,6,378,0,10.3,4.7,12.3,0,0,0,0,0,1,0,0,1,0
2024-01-23 04:00:00,77,5,0,11,0,10.3,4.7,12.3,0,0,0,0,0,1,0,0,1,0
2024-01-22 08:00:00,1889,9,5,601,0,12.0,4.7,3.2,0,1,0,0,0,0,0,0,1,0
2024-01-23 03:00:00,44,4,0,3,0,10.3,4.7,12.3,0,0,0,0,0,1,0,0,1,0
2024-01-23 10:00:00,1708,11,4,583,0,10.3,4.7,12.3,0,0,0,0,0,1,0,0,1,0
2024-01-23 07:00:00,903,8,4,125,0,10.3,4.7,12.3,0,0,0,0,0,1,0,0,1,0
2024-01-22 07:00:00,795,8,4,126,0,12.0,4.7,3.2,0,1,0,0,0,0,0,0,1,0
2024-01-23 17:00:00,2128,18,3,272,0,10.3,4.7,12.3,0,0,0,0,0,1,0,0,1,0
2024-01-23 08:00:00,2011,9,3,631,0,10.3,4.7,12.3,0,0,0,0,0,1,0,0,1,0
2024-01-23 20:00:00,917,21,3,324,0,10.3,4.7,12.3,0,0,0,0,0,1,0,0,1,0
2024-01-23 21:00:00,702,22,3,263,0,10.3,4.7,12.3,0,0,0,0,0,1,0,0,1,0
2024-01-23 22:00:00,441,23,3,181,0,10.3,4.7,12.3,0,0,0,0,0,1,0,0,1,0
2024-01-23 00:00:00,126,1,3,81,0,10.3,4.7,12.3,0,0,0,0,0,1,0,0,1,0
2024-01-23 02:00:00,56,3,1,66,0,10.3,4.7,12.3,0,0,0,0,0,1,0,0,1,0
2024-01-23 16:00:00,2085,17,0,83,0,10.3,4.7,12.3,0,0,0,0,0,1,0,0,1,0
2024-01-23 06:00:00,313,7,0,33,0,10.3,4.7,12.3,0,0,0,0,0,1,0,0,1,0
2024-01-25 15:00:00,2151,16,10,747,0,8.5,3.2,4.6,0,0,0,0,1,0,0,0,1,0
2024-01-25 13:00:00,1992,14,9,920,0,8.5,3.2,4.6,0,0,0,0,1,0,0,0,1,0
2024-01-25 20:00:00,970,21,9,369,0,8.5,3.2,4.6,0,0,0,0,1,0,0,0,1,0
2024-01-25 18:00:00,1736,19,3,520,0,8.5,3.2,4.6,0,0,0,0,1,0,0,0,1,0
2024-01-25 07:00:00,877,8,8,107,0,8.5,3.2,4.6,0,0,0,0,1,0,0,0,1,0
2024-01-25 16:00:00,2245,17,7,783,0,8.5,3.2,4.6,0,0,0,0,1,0,0,0,1,0
2024-01-25 09:00:00,1883,10,6,644,0,8.5,3.2,4.6,0,0,0,0,1,0,0,0,1,0
2024-01-25 10:00:00,1728,11,6,564,0,8.5,3.2,4.6,0,0,0,0,1,0,0,0,1,0
2024-01-25 17:00:00,2313,18,5,579,0,8.5,3.2,4.6,0,0,0,0,1,0,0,0,1,0
2024-01-25 08:00:00,2063,9,5,533,0,8.5,3.2,4.6,0,0,0,0,1,0,0,0,1,0
2024-01-24 19:00:00,1180,20,5,408,0,10.7,5.5,0.0,0,0,0,0,0,0,1,0,1,0
2024-01-24 23:00:00,375,0,13,376,0,10.7,5.5,0.0,0,0,0,0,0,0,1,0,1,0
2024-01-24 15:00:00,2100,16,12,748,0,10.7,5.5,0.0,0,0,0,0,0,0,1,0,1,0
2024-01-24 14:00:00,1937,15,24,730,0,10.7,5.5,0.0,0,0,0,0,0,0,1,0,1,0
2024-01-24 13:00:00,1788,14,22,995,0,10.7,5.5,0.0,0,0,0,0,0,0,1,0,1,0
2024-01-24 12:00:00,1844,13,17,856,0,10.7,5.5,0.0,0,0,0,0,0,0,1,0,1,0
2024-01-24 07:00:00,873,8,4,156,0,10.7,5.5,0.0,0,0,0,0,0,0,1,0,1,0
2024-01-25 03:00:00,125,4,3,157,0,8.5,3.2,4.6,0,0,0,0,1,0,0,0,1,0
2024-01-25 22:00:00,69,23,3,26,0,8.5,3.2,4.6,0,0,0,0,1,0,0,0,1,0
2024-01-24 16:00:00,2324,17,11,817,0,10.7,5.5,0.0,0,0,0,0,0,0,1,0,1,0
2024-01-24 18:00:00,1415,19,10,445,0,10.7,5.5,0.0,0,0,0,0,0,0,1,0,1,0
2024-01-24 08:00:00,2069,9,8,595,0,10.7,5.5,0.0,0,0,0,0,0,0,1,0,1,0
2024-01-24 20:00:00,929,21,8,472,0,10.7,5.5,0.0,0,0,0,0,0,0,1,0,1,0
2024-01-24 22:00:00,519,23,8,335,0,10.7,5.5,0.0,0,0,0,0,0,0,1,0,1,0
2024-01-24 21:00:00,646,22,7,408,0,10.7,5.5,0.0,0,0,0,0,0,0,1,0,1,0
2024-01-24 17:00:00,2095,18,6,479,0,10.7,5.5,0.0,0,0,0,0,0,0,1,0,1,0
2024-01-24 11:00:00,1784,12,5,800,0,10.7,5.5,0.0,0,0,0,0,0,0,1,0,1,0
2024-01-24 10:00:00,1576,11,5,544,0,10.7,5.5,0.0,0,0,0,0,0,0,1,0,1,0
2024-01-24 05:00:00,111,6,0,40,0,10.7,5.5,0.0,0,0,0,0,0,0,1,0,1,0
2024-01-24 00:00:00,73,1,0,62,0,10.7,5.5,0.0,0,0,0,0,0,0,1,0,1,0
2024-01-25 14:00:00,2013,15,20,780,0,8.5,3.2,4.6,0,0,0,0,1,0,0,0,1,0
2024-01-25 05:00:00,163,6,0,27,0,8.5,3.2,4.6,0,0,0,0,1,0,0,0,1,0
2024-01-24 02:00:00,46,3,0,42,0,10.7,5.5,0.0,0,0,0,0,0,0,1,0,1,0
2024-01-25 04:00:00,94,5,2,47,0,8.5,3.2,4.6,0,0,0,0,1,0,0,0,1,0
2024-01-24 04:00:00,42,5,0,13,0,10.7,5.5,0.0,0,0,0,0,0,0,1,0,1,0
2024-01-24 09:00:00,1853,10,3,466,0,10.7,5.5,0.0,0,0,0,0,0,0,1,0,1,0
2024-01-24 03:00:00,21,4,0,17,0,10.7,5.5,0.0,0,0,0,0,0,0,1,0,1,0
2024-01-25 06:00:00,316,7,1,51,0,8.5,3.2,4.6,0,0,0,0,1,0,0,0,1,0
2024-01-25 02:00:00,196,3,16,461,0,8.5,3.2,4.6,0,0,0,0,1,0,0,0,1,0
2024-01-25 00:00:00,273,1,15,284,0,8.5,3.2,4.6,0,0,0,0,1,0,0,0,1,0
2024-01-25 12:00:00,1927,13,12,894,0,8.5,3.2,4.6,0,0,0,0,1,0,0,0,1,0
2024-01-25 11:00:00,1904,12,12,656,0,8.5,3.2,4.6,0,0,0,0,1,0,0,0,1,0
2024-01-25 19:00:00,1260,20,12,480,0,8.5,3.2,4.6,0,0,0,0,1,0,0,0,1,0
2024-01-25 01:00:00,201,2,12,194,0,8.5,3.2,4.6,0,0,0,0,1,0,0,0,1,0
2024-01-24 06:00:00,214,7,1,26,0,10.7,5.5,0.0,0,0,0,0,0,0,1,0,1,0
2024-01-25 21:00:00,377,22,0,116,0,8.5,3.2,4.6,0,0,0,0,1,0,0,0,1,0
2024-01-24 01:00:00,45,2,1,39,0,10.7,5.5,0.0,0,0,0,0,0,0,1,0,1,0
2024-01-25 23:00:00,39,0,0,65,0,8.5,3.2,4.6,0,0,0,0,1,0,0,0,1,0
2024-01-26 07:00:00,719,8,2,116,0,9.7,5.5,0.0,1,0,0,0,0,0,0,0,1,0
2024-01-26 18:00:00,463,19,15,433,0,9.7,5.5,0.0,1,0,0,0,0,0,0,0,1,0
2024-01-26 16:00:00,2349,17,12,721,0,9.7,5.5,0.0,1,0,0,0,0,0,0,0,1,0
2024-01-27 16:00:00,363,17,5,452,0,11.3,5.5,0.0,0,0,1,0,0,0,0,0,1,0
2024-01-26 21:00:00,710,22,2,374,0,9.7,5.5,0.0,1,0,0,0,0,0,0,0,1,0
2024-01-26 02:00:00,63,3,0,72,0,9.7,5.5,0.0,1,0,0,0,0,0,0,0,1,0
2024-01-26 17:00:00,1459,18,10,406,0,9.7,5.5,0.0,1,0,0,0,0,0,0,0,1,0
2024-01-27 12:00:00,1577,13,4,476,0,11.3,5.5,0.0,0,0,1,0,0,0,0,0,1,0
2024-01-26 15:00:00,1818,16,9,884,0,9.7,5.5,0.0,1,0,0,0,0,0,0,0,1,0
2024-01-27 10:00:00,992,11,4,475,0,11.3,5.5,0.0,0,0,1,0,0,0,0,0,1,0
2024-01-27 17:00:00,1477,18,3,332,0,11.3,5.5,0.0,0,0,1,0,0,0,0,0,1,0
2024-01-27 23:00:00,544,0,3,261,0,11.3,5.5,0.0,0,0,1,0,0,0,0,0,1,0
2024-01-27 07:00:00,219,8,3,37,0,11.3,5.5,0.0,0,0,1,0,0,0,0,0,1,0
2024-01-27 11:00:00,1198,12,2,543,0,11.3,5.5,0.0,0,0,1,0,0,0,0,0,1,0
2024-01-27 09:00:00,767,10,2,270,0,11.3,5.5,0.0,0,0,1,0,0,0,0,0,1,0
2024-01-27 08:00:00,409,9,2,156,0,11.3,5.5,0.0,0,0,1,0,0,0,0,0,1,0
2024-01-27 00:00:00,300,1,2,243,0,11.3,5.5,0.0,0,0,1,0,0,0,0,0,1,0
2024-01-27 03:00:00,281,4,1,252,0,11.3,5.5,0.0,0,0,1,0,0,0,0,0,1,0
2024-01-27 02:00:00,278,3,1,258,0,11.3,5.5,0.0,0,0,1,0,0,0,0,0,1,0
2024-01-27 01:00:00,261,2,1,217,0,11.3,5.5,0.0,0,0,1,0,0,0,0,0,1,0
2024-01-27 04:00:00,120,5,1,121,0,11.3,5.5,0.0,0,0,1,0,0,0,0,0,1,0
2024-01-27 14:00:00,1573,15,12,618,0,11.3,5.5,0.0,0,0,1,0,0,0,0,0,1,0
2024-01-27 18:00:00,1461,19,8,378,0,11.3,5.5,0.0,0,0,1,0,0,0,0,0,1,0
2024-01-27 22:00:00,654,23,8,556,0,11.3,5.5,0.0,0,0,1,0,0,0,0,0,1,0
2024-01-27 13:00:00,1558,14,7,577,0,11.3,5.5,0.0,0,0,1,0,0,0,0,0,1,0
2024-01-27 15:00:00,1421,16,7,552,0,11.3,5.5,0.0,0,0,1,0,0,0,0,0,1,0
2024-01-27 21:00:00,931,22,7,395,0,11.3,5.5,0.0,0,0,1,0,0,0,0,0,1,0
2024-01-27 19:00:00,1223,20,6,426,0,11.3,5.5,0.0,0,0,1,0,0,0,0,0,1,0
2024-01-27 20:00:00,1080,21,6,420,0,11.3,5.5,0.0,0,0,1,0,0,0,0,0,1,0
2024-01-26 08:00:00,1400,9,1,377,0,9.7,5.5,0.0,1,0,0,0,0,0,0,0,1,0
2024-01-26 09:00:00,1232,10,1,563,0,9.7,5.5,0.0,1,0,0,0,0,0,0,0,1,0
2024-01-26 10:00:00,1095,11,1,464,0,9.7,5.5,0.0,1,0,0,0,0,0,0,0,1,0
2024-01-26 22:00:00,548,23,8,331,0,9.7,5.5,0.0,1,0,0,0,0,0,0,0,1,0
2024-01-28 13:00:00,1635,14,14,442,0,5.7,5.5,0.0,0,0,0,1,0,0,0,0,1,0
2024-01-28 11:00:00,1200,12,14,307,0,5.7,5.5,0.0,0,0,0,1,0,0,0,0,1,0
2024-01-28 18:00:00,1060,19,14,336,0,5.7,5.5,0.0,0,0,0,1,0,0,0,0,1,0
2024-01-28 19:00:00,858,20,14,259,0,5.7,5.5,0.0,0,0,0,1,0,0,0,0,1,0
2024-01-28 15:00:00,1507,16,13,574,0,5.7,5.5,0.0,0,0,0,1,0,0,0,0,1,0
2024-01-28 14:00:00,1506,15,12,453,0,5.7,5.5,0.0,0,0,0,1,0,0,0,0,1,0
2024-01-28 17:00:00,1200,18,12,376,0,5.7,5.5,0.0,0,0,0,1,0,0,0,0,1,0
2024-01-28 10:00:00,966,11,12,267,0,5.7,5.5,0.0,0,0,0,1,0,0,0,0,1,0
2024-01-26 06:00:00,221,7,1,33,0,9.7,5.5,0.0,1,0,0,0,0,0,0,0,1,0
2024-01-27 06:00:00,113,7,0,23,0,11.3,5.5,0.0,0,0,1,0,0,0,0,0,1,0
2024-01-26 05:00:00,130,6,1,20,0,9.7,5.5,0.0,1,0,0,0,0,0,0,0,1,0
2024-01-26 13:00:00,1534,14,7,932,0,9.7,5.5,0.0,1,0,0,0,0,0,0,0,1,0
2024-01-26 14:00:00,1461,15,7,897,0,9.7,5.5,0.0,1,0,0,0,0,0,0,0,1,0
2024-01-26 19:00:00,1082,20,7,347,0,9.7,5.5,0.0,1,0,0,0,0,0,0,0,1,0
2024-01-26 03:00:00,94,4,1,23,0,9.7,5.5,0.0,1,0,0,0,0,0,0,0,1,0
2024-01-27 05:00:00,88,6,0,20,0,11.3,5.5,0.0,0,0,1,0,0,0,0,0,1,0
2024-01-26 23:00:00,307,0,0,184,0,9.7,5.5,0.0,1,0,0,0,0,0,0,0,1,0
2024-01-26 00:00:00,37,1,5,75,0,9.7,5.5,0.0,1,0,0,0,0,0,0,0,1,0
2024-01-26 12:00:00,1444,13,4,946,0,9.7,5.5,0.0,1,0,0,0,0,0,0,0,1,0
2024-01-26 11:00:00,1247,12,4,568,0,9.7,5.5,0.0,1,0,0,0,0,0,0,0,1,0
2024-01-26 04:00:00,76,5,0,7,0,9.7,5.5,0.0,1,0,0,0,0,0,0,0,1,0
2024-01-26 20:00:00,199,21,3,372,0,9.7,5.5,0.0,1,0,0,0,0,0,0,0,1,0
2024-01-26 01:00:00,16,2,0,31,0,9.7,5.5,0.0,1,0,0,0,0,0,0,0,1,0
2024-01-29 11:00:00,1612,12,26,471,0,7.4,5.5,0.0,0,1,0,0,0,0,0,0,1,0
2024-01-29 15:00:00,1924,16,25,620,0,7.4,5.5,0.0,0,1,0,0,0,0,0,0,1,0
2024-01-29 09:00:00,1902,10,25,660,0,7.4,5.5,0.0,0,1,0,0,0,0,0,0,1,0
2024-01-29 13:00:00,1842,14,25,692,0,7.4,5.5,0.0,0,1,0,0,0,0,0,0,1,0
2024-01-29 20:00:00,810,21,9,311,0,7.4,5.5,0.0,0,1,0,0,0,0,0,0,1,0
2024-01-29 10:00:00,1640,11,21,454,0,7.4,5.5,0.0,0,1,0,0,0,0,0,0,1,0
2024-01-29 12:00:00,1631,13,21,667,0,7.4,5.5,0.0,0,1,0,0,0,0,0,0,1,0
2024-01-28 20:00:00,850,21,10,227,0,5.7,5.5,0.0,0,0,0,1,0,0,0,0,1,0
2024-01-28 21:00:00,622,22,10,296,0,5.7,5.5,0.0,0,0,0,1,0,0,0,0,1,0
2024-01-28 12:00:00,1563,13,8,470,0,5.7,5.5,0.0,0,0,0,1,0,0,0,0,1,0
2024-01-28 02:00:00,386,3,7,491,0,5.7,5.5,0.0,0,0,0,1,0,0,0,0,1,0
2024-01-28 22:00:00,446,23,6,179,0,5.7,5.5,0.0,0,0,0,1,0,0,0,0,1,0
2024-01-28 00:00:00,467,1,5,427,0,5.7,5.5,0.0,0,0,0,1,0,0,0,0,1,0
2024-01-28 16:00:00,1354,17,3,445,0,5.7,5.5,0.0,0,0,0,1,0,0,0,0,1,0
2024-01-28 23:00:00,324,0,3,54,0,5.7,5.5,0.0,0,0,0,1,0,0,0,0,1,0
2024-01-30 13:00:00,539,14,18,382,0,8.7,5.5,0.0,0,0,0,0,0,1,0,0,1,0
2024-01-30 15:00:00,2060,16,16,895,0,8.7,5.5,0.0,0,0,0,0,0,1,0,0,1,0
2024-01-30 12:00:00,586,13,14,266,0,8.7,5.5,0.0,0,0,0,0,0,1,0,0,1,0
2024-01-30 11:00:00,514,12,13,168,0,8.7,5.5,0.0,0,0,0,0,0,1,0,0,1,0
2024-01-30 17:00:00,2497,18,12,840,0,8.7,5.5,0.0,0,0,0,0,0,1,0,0,1,0
2024-01-30 18:00:00,1615,19,12,657,0,8.7,5.5,0.0,0,0,0,0,0,1,0,0,1,0
2024-01-30 14:00:00,653,15,12,349,0,8.7,5.5,0.0,0,0,0,0,0,1,0,0,1,0
2024-01-30 10:00:00,450,11,9,138,0,8.7,5.5,0.0,0,0,0,0,0,1,0,0,1,0
2024-01-30 16:00:00,2393,17,7,851,0,8.7,5.5,0.0,0,0,0,0,0,1,0,0,1,0
2024-01-29 14:00:00,1748,15,19,572,0,7.4,5.5,0.0,0,1,0,0,0,0,0,0,1,0
2024-01-29 06:00:00,318,7,1,51,0,7.4,5.5,0.0,0,1,0,0,0,0,0,0,1,0
2024-01-28 03:00:00,365,4,2,504,0,5.7,5.5,0.0,0,0,0,1,0,0,0,0,1,0
2024-01-29 05:00:00,193,6,1,15,0,7.4,5.5,0.0,0,1,0,0,0,0,0,0,1,0
2024-01-29 00:00:00,239,1,7,46,0,7.4,5.5,0.0,0,1,0,0,0,0,0,0,1,0
2024-01-29 16:00:00,2249,17,17,802,0,7.4,5.5,0.0,0,1,0,0,0,0,0,0,1,0
2024-01-29 17:00:00,2126,18,17,750,0,7.4,5.5,0.0,0,1,0,0,0,0,0,0,1,0
2024-01-28 08:00:00,248,9,2,84,0,5.7,5.5,0.0,0,0,0,1,0,0,0,0,1,0
2024-01-29 02:00:00,108,3,1,22,0,7.4,5.5,0.0,0,1,0,0,0,0,0,0,1,0
2024-01-28 04:00:00,155,5,2,227,0,5.7,5.5,0.0,0,0,0,1,0,0,0,0,1,0
2024-01-29 08:00:00,2062,9,5,594,0,7.4,5.5,0.0,0,1,0,0,0,0,0,0,1,0
2024-01-29 04:00:00,76,5,1,18,0,7.4,5.5,0.0,0,1,0,0,0,0,0,0,1,0
2024-01-29 07:00:00,838,8,5,106,0,7.4,5.5,0.0,0,1,0,0,0,0,0,0,1,0
2024-01-28 06:00:00,128,7,2,28,0,5.7,5.5,0.0,0,0,0,1,0,0,0,0,1,0
2024-01-29 01:00:00,119,2,3,42,0,7.4,5.5,0.0,0,1,0,0,0,0,0,0,1,0
2024-01-29 19:00:00,1111,20,13,421,0,7.4,5.5,0.0,0,1,0,0,0,0,0,0,1,0
2024-01-29 18:00:00,1458,19,10,536,0,7.4,5.5,0.0,0,1,0,0,0,0,0,0,1,0
2024-01-29 21:00:00,613,22,10,332,0,7.4,5.5,0.0,0,1,0,0,0,0,0,0,1,0
2024-01-28 09:00:00,569,10,1,163,0,5.7,5.5,0.0,0,0,0,1,0,0,0,0,1,0
2024-01-28 01:00:00,345,2,1,439,0,5.7,5.5,0.0,0,0,0,1,0,0,0,0,1,0
2024-01-28 07:00:00,217,8,1,47,0,5.7,5.5,0.0,0,0,0,1,0,0,0,0,1,0
2024-01-28 05:00:00,109,6,0,44,0,5.7,5.5,0.0,0,0,0,1,0,0,0,0,1,0
2024-01-29 22:00:00,460,23,0,227,0,7.4,5.5,0.0,0,1,0,0,0,0,0,0,1,0
2024-01-29 23:00:00,285,0,0,115,0,7.4,5.5,0.0,0,1,0,0,0,0,0,0,1,0
2024-01-29 03:00:00,67,4,0,13,0,7.4,5.5,0.0,0,1,0,0,0,0,0,0,1,0
2024-01-31 00:00:00,129,1,0,82,0,11.2,5.5,2.1,0,0,0,0,0,0,1,0,1,0
2024-01-31 02:00:00,99,3,0,162,0,11.2,5.5,2.1,0,0,0,0,0,0,1,0,1,0
2024-01-31 01:00:00,99,2,0,32,0,11.2,5.5,2.1,0,0,0,0,0,0,1,0,1,0
2024-01-31 03:00:00,56,4,0,105,0,11.2,5.5,2.1,0,0,0,0,0,0,1,0,1,0
2024-01-31 06:00:00,276,7,2,28,0,11.2,5.5,2.1,0,0,0,0,0,0,1,0,1,0
2024-01-31 10:00:00,1869,11,9,642,0,11.2,5.5,2.1,0,0,0,0,0,0,1,0,1,0
2024-01-31 04:00:00,72,5,2,34,0,11.2,5.5,2.1,0,0,0,0,0,0,1,0,1,0
2024-01-31 15:00:00,870,16,1,601,0,11.2,5.5,2.1,0,0,0,0,0,0,1,0,1,0
2024-01-31 20:00:00,768,21,1,525,0,11.2,5.5,2.1,0,0,0,0,0,0,1,0,1,0
2024-01-31 18:00:00,649,19,1,370,0,11.2,5.5,2.1,0,0,0,0,0,0,1,0,1,0
2024-01-31 05:00:00,146,6,1,29,0,11.2,5.5,2.1,0,0,0,0,0,0,1,0,1,0
2024-01-31 19:00:00,718,20,0,123,0,11.2,5.5,2.1,0,0,0,0,0,0,1,0,1,0
2024-01-30 08:00:00,2087,9,0,601,0,8.7,5.5,0.0,0,0,0,0,0,1,0,0,1,0
2024-01-31 09:00:00,2124,10,8,574,0,11.2,5.5,2.1,0,0,0,0,0,0,1,0,1,0
2024-01-30 00:00:00,189,1,0,68,0,8.7,5.5,0.0,0,0,0,0,0,1,0,0,1,0
2024-01-30 05:00:00,170,6,0,30,0,8.7,5.5,0.0,0,0,0,0,0,1,0,0,1,0
2024-01-30 02:00:00,95,3,0,63,0,8.7,5.5,0.0,0,0,0,0,0,1,0,0,1,0
2024-01-30 04:00:00,76,5,0,12,0,8.7,5.5,0.0,0,0,0,0,0,1,0,0,1,0
2024-01-31 14:00:00,1984,15,16,624,0,11.2,5.5,2.1,0,0,0,0,0,0,1,0,1,0
2024-01-31 11:00:00,1759,12,6,720,0,11.2,5.5,2.1,0,0,0,0,0,0,1,0,1,0
2024-01-31 22:00:00,448,23,6,379,0,11.2,5.5,2.1,0,0,0,0,0,0,1,0,1,0
2024-01-31 23:00:00,329,0,6,186,0,11.2,5.5,2.1,0,0,0,0,0,0,1,0,1,0
2024-01-31 07:00:00,928,8,3,114,0,11.2,5.5,2.1,0,0,0,0,0,0,1,0,1,0
2024-01-31 08:00:00,2161,9,2,584,0,11.2,5.5,2.1,0,0,0,0,0,0,1,0,1,0
2024-01-31 17:00:00,1590,18,2,611,0,11.2,5.5,2.1,0,0,0,0,0,0,1,0,1,0
2024-01-31 16:00:00,817,17,2,926,0,11.2,5.5,2.1,0,0,0,0,0,0,1,0,1,0
2024-01-31 21:00:00,512,22,2,478,0,11.2,5.5,2.1,0,0,0,0,0,0,1,0,1,0
2024-01-31 12:00:00,2038,13,14,855,0,11.2,5.5,2.1,0,0,0,0,0,0,1,0,1,0
2024-01-31 13:00:00,1924,14,12,878,0,11.2,5.5,2.1,0,0,0,0,0,0,1,0,1,0
2024-01-30 20:00:00,711,21,4,324,0,8.7,5.5,0.0,0,0,0,0,0,1,0,0,1,0
2024-01-30 07:00:00,919,8,3,162,0,8.7,5.5,0.0,0,0,0,0,0,1,0,0,1,0
2024-01-30 19:00:00,1059,20,2,426,0,8.7,5.5,0.0,0,0,0,0,0,1,0,0,1,0
2024-01-30 22:00:00,430,23,2,225,0,8.7,5.5,0.0,0,0,0,0,0,1,0,0,1,0
2024-01-30 09:00:00,1719,10,1,395,0,8.7,5.5,0.0,0,0,0,0,0,1,0,0,1,0
2024-01-30 21:00:00,536,22,1,265,0,8.7,5.5,0.0,0,0,0,0,0,1,0,0,1,0
2024-01-30 06:00:00,331,7,1,36,0,8.7,5.5,0.0,0,0,0,0,0,1,0,0,1,0
2024-01-30 23:00:00,215,0,1,62,0,8.7,5.5,0.0,0,0,0,0,0,1,0,0,1,0
2024-01-30 01:00:00,122,2,1,30,0,8.7,5.5,0.0,0,0,0,0,0,1,0,0,1,0
2024-01-30 03:00:00,73,4,1,14,0,8.7,5.5,0.0,0,0,0,0,0,1,0,0,1,0
2024-03-30 13:00:00,2113,14,40,593,0,11.2,3.4,1.3,0,0,1,0,0,0,0,0,1,0
2024-03-12 17:00:00,2796,18,38,912,0,11.2,5.1,1.8,0,0,0,0,0,1,0,0,1,0
2024-03-05 17:00:00,2619,18,37,851,0,7.2,5.5,0.0,0,0,0,0,0,1,0,0,1,0
2024-03-11 15:00:00,2081,16,28,736,0,11.0,4.2,0.2,0,1,0,0,0,0,0,0,1,0
2024-03-12 13:00:00,1892,14,27,857,0,11.2,5.1,1.8,0,0,0,0,0,1,0,0,1,0
2024-03-11 12:00:00,1794,13,27,1167,0,11.0,4.2,0.2,0,1,0,0,0,0,0,0,1,0
2024-03-12 16:00:00,2771,17,43,698,0,11.2,5.1,1.8,0,0,0,0,0,1,0,0,1,0
2024-03-12 15:00:00,2073,16,34,669,0,11.2,5.1,1.8,0,0,0,0,0,1,0,0,1,0
2024-03-12 12:00:00,2053,13,30,874,0,11.2,5.1,1.8,0,0,0,0,0,1,0,0,1,0
2024-03-01 09:00:00,1293,10,30,594,0,7.6,-1.6,2.2,1,0,0,0,0,0,0,0,1,0
2024-03-12 11:00:00,1722,12,31,621,0,11.2,5.1,1.8,0,0,0,0,0,1,0,0,1,0
2024-03-04 17:00:00,2385,18,26,790,0,9.9,-1.6,1.0,0,1,0,0,0,0,0,0,1,0
2024-03-04 08:00:00,2086,9,23,408,0,9.9,-1.6,1.0,0,1,0,0,0,0,0,0,1,0
2024-03-12 14:00:00,1996,15,23,600,0,11.2,5.1,1.8,0,0,0,0,0,1,0,0,1,0
2024-03-05 09:00:00,1946,10,23,544,0,7.2,5.5,0.0,0,0,0,0,0,1,0,0,1,0
2024-03-12 10:00:00,1808,11,23,493,0,11.2,5.1,1.8,0,0,0,0,0,1,0,0,1,0
2024-03-19 13:00:00,1642,14,23,841,0,7.8,8.5,0.0,0,0,0,0,0,1,0,0,1,0
2024-03-11 13:00:00,1860,14,25,926,0,11.0,4.2,0.2,0,1,0,0,0,0,0,0,1,0
2024-03-07 13:00:00,1890,14,24,863,0,6.5,5.5,1.5,0,0,0,0,1,0,0,0,1,0
2024-03-11 11:00:00,1671,12,24,761,0,11.0,4.2,0.2,0,1,0,0,0,0,0,0,1,0
2024-03-07 16:00:00,2752,17,20,956,0,6.5,5.5,1.5,0,0,0,0,1,0,0,0,1,0
2024-03-08 13:00:00,2307,14,20,770,0,6.2,3.6,0.0,1,0,0,0,0,0,0,0,1,0
2024-03-08 12:00:00,2024,13,20,750,0,6.2,3.6,0.0,1,0,0,0,0,0,0,0,1,0
2024-03-11 09:00:00,1913,10,20,616,0,11.0,4.2,0.2,0,1,0,0,0,0,0,0,1,0
2024-03-11 14:00:00,1851,15,20,501,0,11.0,4.2,0.2,0,1,0,0,0,0,0,0,1,0
2024-03-15 18:00:00,1802,19,20,629,0,8.4,3.8,2.1,1,0,0,0,0,0,0,0,1,0
2024-03-23 11:00:00,1729,12,20,354,0,12.1,5.0,0.0,0,0,1,0,0,0,0,0,1,0
2024-03-18 09:00:00,1576,10,20,415,0,14.1,6.1,2.3,0,1,0,0,0,0,0,0,1,0
2024-03-23 18:00:00,1298,19,20,636,0,12.1,5.0,0.0,0,0,1,0,0,0,0,0,1,0
2024-03-08 16:00:00,2510,17,21,794,0,6.2,3.6,0.0,1,0,0,0,0,0,0,0,1,0
2024-03-12 08:00:00,2270,9,21,537,0,11.2,5.1,1.8,0,0,0,0,0,1,0,0,1,0
2024-03-07 15:00:00,2172,16,21,585,0,6.5,5.5,1.5,0,0,0,0,1,0,0,0,1,0
2024-03-06 16:00:00,1767,17,21,724,0,8.1,5.7,0.6,0,0,0,0,0,0,1,0,1,0
2024-03-21 11:00:00,1744,12,21,681,0,11.3,3.2,0.3,0,0,0,0,1,0,0,0,1,0
2024-03-03 12:00:00,1504,13,21,398,0,8.1,5.5,0.0,0,0,0,1,0,0,0,0,1,0
2024-03-15 16:00:00,2455,17,18,556,0,8.4,3.8,2.1,1,0,0,0,0,0,0,0,1,0
2024-03-26 17:00:00,2355,18,18,759,0,7.8,1.5,6.1,0,0,0,0,0,1,0,0,1,0
2024-03-21 14:00:00,2087,15,18,871,0,11.3,3.2,0.3,0,0,0,0,1,0,0,0,1,0
2024-03-12 09:00:00,2002,10,18,556,0,11.2,5.1,1.8,0,0,0,0,0,1,0,0,1,0
2024-03-11 16:00:00,1969,17,18,792,0,11.0,4.2,0.2,0,1,0,0,0,0,0,0,1,0
2024-03-18 14:00:00,1888,15,18,721,0,14.1,6.1,2.3,0,1,0,0,0,0,0,0,1,0
2024-03-15 17:00:00,2008,18,19,321,0,8.4,3.8,2.1,1,0,0,0,0,0,0,0,1,0
2024-03-29 10:00:00,1837,11,19,325,1,12.0,4.8,0.0,1,0,0,0,0,0,0,0,1,0
2024-03-26 08:00:00,1789,9,19,574,0,7.8,1.5,6.1,0,0,0,0,0,1,0,0,1,0
2024-03-03 14:00:00,1528,15,19,489,0,8.1,5.5,0.0,0,0,0,1,0,0,0,0,1,0
2024-03-06 14:00:00,1452,15,19,739,0,8.1,5.7,0.6,0,0,0,0,0,0,1,0,1,0
2024-03-25 09:00:00,1851,10,18,485,0,7.4,4.0,15.2,0,1,0,0,0,0,0,0,1,0
2024-03-17 13:00:00,1247,14,19,368,0,13.8,5.5,0.0,0,0,0,1,0,0,0,0,1,0
2024-03-07 09:00:00,1762,10,18,515,0,6.5,5.5,1.5,0,0,0,0,1,0,0,0,1,0
2024-03-20 12:00:00,1053,13,19,291,0,12.3,6.2,0.0,0,0,0,0,0,0,1,0,1,0
2024-03-11 10:00:00,1628,11,18,592,0,11.0,4.2,0.2,0,1,0,0,0,0,0,0,1,0
2024-03-19 12:00:00,1460,13,18,851,0,7.8,8.5,0.0,0,0,0,0,0,1,0,0,1,0
2024-03-06 13:00:00,1330,14,18,784,0,8.1,5.7,0.6,0,0,0,0,0,0,1,0,1,0
2024-03-05 21:00:00,733,22,19,324,0,7.2,5.5,0.0,0,0,0,0,0,1,0,0,1,0
2024-03-28 14:00:00,2136,15,14,632,0,10.2,2.1,4.5,0,0,0,0,1,0,0,0,1,0
2024-03-25 08:00:00,2103,9,14,535,0,7.4,4.0,15.2,0,1,0,0,0,0,0,0,1,0
2024-03-13 12:00:00,1912,13,14,805,0,7.0,5.9,1.4,0,0,0,0,0,0,1,0,1,0
2024-03-01 14:00:00,1726,15,14,602,0,7.6,-1.6,2.2,1,0,0,0,0,0,0,0,1,0
2024-03-26 12:00:00,1505,13,14,354,0,7.8,1.5,6.1,0,0,0,0,0,1,0,0,1,0
2024-03-29 09:00:00,1666,10,17,150,1,12.0,4.8,0.0,1,0,0,0,0,0,0,0,1,0
2024-03-10 11:00:00,1233,12,17,294,0,6.3,5.5,0.6,0,0,0,1,0,0,0,0,1,0
2024-03-08 17:00:00,2332,18,16,856,0,6.2,3.6,0.0,1,0,0,0,0,0,0,0,1,0
2024-03-04 16:00:00,2321,17,16,678,0,9.9,-1.6,1.0,0,1,0,0,0,0,0,0,1,0
2024-03-21 13:00:00,1954,14,16,1057,0,11.3,3.2,0.3,0,0,0,0,1,0,0,0,1,0
2024-03-18 15:00:00,1866,16,16,473,0,14.1,6.1,2.3,0,1,0,0,0,0,0,0,1,0
2024-03-07 10:00:00,1670,11,16,672,0,6.5,5.5,1.5,0,0,0,0,1,0,0,0,1,0
2024-03-02 16:00:00,1608,17,16,549,0,6.8,5.5,3.2,0,0,1,0,0,0,0,0,1,0
2024-03-10 12:00:00,1519,13,16,287,0,6.3,5.5,0.6,0,0,0,1,0,0,0,0,1,0
2024-03-26 16:00:00,2325,17,15,702,0,7.8,1.5,6.1,0,0,0,0,0,1,0,0,1,0
2024-03-05 08:00:00,2215,9,15,628,0,7.2,5.5,0.0,0,0,0,0,0,1,0,0,1,0
2024-03-11 08:00:00,2023,9,15,647,0,11.0,4.2,0.2,0,1,0,0,0,0,0,0,1,0
2024-03-11 17:00:00,1940,18,15,865,0,11.0,4.2,0.2,0,1,0,0,0,0,0,0,1,0
2024-03-29 15:00:00,1774,16,15,795,1,12.0,4.8,0.0,1,0,0,0,0,0,0,0,1,0
2024-03-21 12:00:00,1767,13,15,1102,0,11.3,3.2,0.3,0,0,0,0,1,0,0,0,1,0
2024-03-19 14:00:00,1477,15,15,779,0,7.8,8.5,0.0,0,0,0,0,0,1,0,0,1,0
2024-03-01 16:00:00,1483,17,14,498,0,7.6,-1.6,2.2,1,0,0,0,0,0,0,0,1,0
2024-03-02 10:00:00,1416,11,14,263,0,6.8,5.5,3.2,0,0,1,0,0,0,0,0,1,0
2024-03-04 12:00:00,1395,13,14,356,0,9.9,-1.6,1.0,0,1,0,0,0,0,0,0,1,0
2024-03-10 17:00:00,1307,18,14,482,0,6.3,5.5,0.6,0,0,0,1,0,0,0,0,1,0
2024-03-03 18:00:00,1130,19,14,377,0,8.1,5.5,0.0,0,0,0,1,0,0,0,0,1,0
2024-03-17 17:00:00,833,18,14,635,0,13.8,5.5,0.0,0,0,0,1,0,0,0,0,1,0
2024-03-18 00:00:00,315,1,14,411,0,14.1,6.1,2.3,0,1,0,0,0,0,0,0,1,0
2024-03-19 10:00:00,1345,11,16,558,0,7.8,8.5,0.0,0,0,0,0,0,1,0,0,1,0
2024-03-18 02:00:00,231,3,16,261,0,14.1,6.1,2.3,0,1,0,0,0,0,0,0,1,0
2024-03-07 02:00:00,188,3,15,262,0,6.5,5.5,1.5,0,0,0,0,1,0,0,0,1,0
2024-03-23 03:00:00,135,4,15,205,0,12.1,5.0,0.0,0,0,1,0,0,0,0,0,1,0
2024-03-21 17:00:00,2333,18,17,952,0,11.3,3.2,0.3,0,0,0,0,1,0,0,0,1,0
2024-03-07 08:00:00,2165,9,17,478,0,6.5,5.5,1.5,0,0,0,0,1,0,0,0,1,0
2024-03-07 14:00:00,2013,15,17,652,0,6.5,5.5,1.5,0,0,0,0,1,0,0,0,1,0
2024-03-22 18:00:00,1938,19,17,605,0,11.3,4.4,0.0,1,0,0,0,0,0,0,0,1,0
2024-03-08 10:00:00,1840,11,17,509,0,6.2,3.6,0.0,1,0,0,0,0,0,0,0,1,0
2024-03-08 09:00:00,1802,10,17,477,0,6.2,3.6,0.0,1,0,0,0,0,0,0,0,1,0
2024-03-04 09:00:00,1733,10,17,469,0,9.9,-1.6,1.0,0,1,0,0,0,0,0,0,1,0
2024-03-05 16:00:00,2318,17,12,659,0,7.2,5.5,0.0,0,0,0,0,0,1,0,0,1,0
2024-03-22 13:00:00,2096,14,12,871,0,11.3,4.4,0.0,1,0,0,0,0,0,0,0,1,0
2024-03-28 12:00:00,2066,13,12,831,0,10.2,2.1,4.5,0,0,0,0,1,0,0,0,1,0
2024-03-28 13:00:00,1965,14,12,853,0,10.2,2.1,4.5,0,0,0,0,1,0,0,0,1,0
2024-03-22 17:00:00,1952,18,12,260,0,11.3,4.4,0.0,1,0,0,0,0,0,0,0,1,0
2024-03-18 12:00:00,1887,13,12,807,0,14.1,6.1,2.3,0,1,0,0,0,0,0,0,1,0
2024-03-19 16:00:00,1879,17,12,818,0,7.8,8.5,0.0,0,0,0,0,0,1,0,0,1,0
2024-03-13 11:00:00,1878,12,12,589,0,7.0,5.9,1.4,0,0,0,0,0,0,1,0,1,0
2024-03-25 15:00:00,1873,16,12,467,0,7.4,4.0,15.2,0,1,0,0,0,0,0,0,1,0
2024-03-21 18:00:00,1868,19,12,979,0,11.3,3.2,0.3,0,0,0,0,1,0,0,0,1,0
2024-03-23 12:00:00,1867,13,12,447,0,12.1,5.0,0.0,0,0,1,0,0,0,0,0,1,0
2024-03-05 13:00:00,1789,14,12,946,0,7.2,5.5,0.0,0,0,0,0,0,1,0,0,1,0
2024-03-17 14:00:00,1620,15,12,397,0,13.8,5.5,0.0,0,0,0,1,0,0,0,0,1,0
2024-03-04 11:00:00,1482,12,12,435,0,9.9,-1.6,1.0,0,1,0,0,0,0,0,0,1,0
2024-03-19 09:00:00,1476,10,12,425,0,7.8,8.5,0.0,0,0,0,0,0,1,0,0,1,0
2024-03-24 14:00:00,1473,15,12,383,0,6.5,5.0,0.0,0,0,0,1,0,0,0,0,1,0
2024-03-10 16:00:00,1425,17,12,462,0,6.3,5.5,0.6,0,0,0,1,0,0,0,0,1,0
2024-03-02 17:00:00,1699,18,13,734,0,6.8,5.5,3.2,0,0,1,0,0,0,0,0,1,0
2024-03-01 10:00:00,1369,11,12,470,0,7.6,-1.6,2.2,1,0,0,0,0,0,0,0,1,0
2024-03-20 08:00:00,1356,9,12,398,0,12.3,6.2,0.0,0,0,0,0,0,0,1,0,1,0
2024-03-27 18:00:00,1606,19,13,488,0,9.1,1.4,5.9,0,0,0,0,0,0,1,0,1,0
2024-03-26 09:00:00,1572,10,13,499,0,7.8,1.5,6.1,0,0,0,0,0,1,0,0,1,0
2024-03-06 15:00:00,1476,16,11,615,0,8.1,5.7,0.6,0,0,0,0,0,0,1,0,1,0
2024-03-10 13:00:00,1497,14,13,385,0,6.3,5.5,0.6,0,0,0,1,0,0,0,0,1,0
2024-03-26 10:00:00,1374,11,13,557,0,7.8,1.5,6.1,0,0,0,0,0,1,0,0,1,0
2024-03-20 10:00:00,805,11,12,225,0,12.3,6.2,0.0,0,0,0,0,0,0,1,0,1,0
2024-03-29 16:00:00,1082,17,12,541,1,12.0,4.8,0.0,1,0,0,0,0,0,0,0,1,0
2024-03-06 09:00:00,1311,10,11,488,0,8.1,5.7,0.6,0,0,0,0,0,0,1,0,1,0
2024-03-24 16:00:00,1021,17,12,300,0,6.5,5.0,0.0,0,0,0,1,0,0,0,0,1,0
2024-03-20 19:00:00,1130,20,11,370,0,12.3,6.2,0.0,0,0,0,0,0,0,1,0,1,0
2024-03-12 07:00:00,1064,8,11,216,0,11.2,5.1,1.8,0,0,0,0,0,1,0,0,1,0
2024-03-20 20:00:00,473,21,11,429,0,12.3,6.2,0.0,0,0,0,0,0,0,1,0,1,0
2024-03-03 20:00:00,884,21,12,316,0,8.1,5.5,0.0,0,0,0,1,0,0,0,0,1,0
2024-03-01 20:00:00,1084,21,13,394,0,7.6,-1.6,2.2,1,0,0,0,0,0,0,0,1,0
2024-03-31 17:00:00,1083,18,13,365,0,8.8,1.4,0.1,0,0,0,1,0,0,0,0,1,0
2024-03-17 11:00:00,836,12,13,405,0,13.8,5.5,0.0,0,0,0,1,0,0,0,0,1,0
2024-03-20 23:00:00,278,0,13,184,0,12.3,6.2,0.0,0,0,0,0,0,0,1,0,1,0
2024-03-13 08:00:00,2272,9,11,536,0,7.0,5.9,1.4,0,0,0,0,0,0,1,0,1,0
2024-03-21 15:00:00,2171,16,11,886,0,11.3,3.2,0.3,0,0,0,0,1,0,0,0,1,0
2024-03-28 17:00:00,2086,18,11,353,0,10.2,2.1,4.5,0,0,0,0,1,0,0,0,1,0
2024-03-27 14:00:00,2053,15,11,676,0,9.1,1.4,5.9,0,0,0,0,0,0,1,0,1,0
2024-03-28 10:00:00,1884,11,11,497,0,10.2,2.1,4.5,0,0,0,0,1,0,0,0,1,0
2024-03-06 17:00:00,1854,18,11,817,0,8.1,5.7,0.6,0,0,0,0,0,0,1,0,1,0
2024-03-01 13:00:00,1838,14,11,731,0,7.6,-1.6,2.2,1,0,0,0,0,0,0,0,1,0
2024-03-19 08:00:00,1753,9,11,407,0,7.8,8.5,0.0,0,0,0,0,0,1,0,0,1,0
2024-03-05 12:00:00,1751,13,11,946,0,7.2,5.5,0.0,0,0,0,0,0,1,0,0,1,0
2024-03-07 11:00:00,1685,12,11,589,0,6.5,5.5,1.5,0,0,0,0,1,0,0,0,1,0
2024-03-29 08:00:00,1645,9,11,258,1,12.0,4.8,0.0,1,0,0,0,0,0,0,0,1,0
2024-03-01 12:00:00,1624,13,11,569,0,7.6,-1.6,2.2,1,0,0,0,0,0,0,0,1,0
2024-03-03 15:00:00,1582,16,11,465,0,8.1,5.5,0.0,0,0,0,1,0,0,0,0,1,0
2024-03-07 12:00:00,1549,13,11,878,0,6.5,5.5,1.5,0,0,0,0,1,0,0,0,1,0
2024-03-10 14:00:00,1492,15,11,458,0,6.3,5.5,0.6,0,0,0,1,0,0,0,0,1,0
2024-03-27 16:00:00,2897,17,13,857,0,9.1,1.4,5.9,0,0,0,0,0,0,1,0,1,0
2024-03-08 14:00:00,2166,15,13,642,0,6.2,3.6,0.0,1,0,0,0,0,0,0,0,1,0
2024-03-29 12:00:00,2116,13,13,697,1,12.0,4.8,0.0,1,0,0,0,0,0,0,0,1,0
2024-03-08 08:00:00,2091,9,13,460,0,6.2,3.6,0.0,1,0,0,0,0,0,0,0,1,0
2024-03-13 09:00:00,2089,10,13,517,0,7.0,5.9,1.4,0,0,0,0,0,0,1,0,1,0
2024-03-07 17:00:00,2032,18,13,896,0,6.5,5.5,1.5,0,0,0,0,1,0,0,0,1,0
2024-03-08 11:00:00,1972,12,13,505,0,6.2,3.6,0.0,1,0,0,0,0,0,0,0,1,0
2024-03-22 15:00:00,2700,16,10,575,0,11.3,4.4,0.0,1,0,0,0,0,0,0,0,1,0
2024-03-06 12:00:00,1313,13,10,898,0,8.1,5.7,0.6,0,0,0,0,0,0,1,0,1,0
2024-03-08 15:00:00,2374,16,10,711,0,6.2,3.6,0.0,1,0,0,0,0,0,0,0,1,0
2024-03-30 10:00:00,925,11,9,288,0,11.2,3.4,1.3,0,0,1,0,0,0,0,0,1,0
2024-03-29 18:00:00,1234,19,10,727,1,12.0,4.8,0.0,1,0,0,0,0,0,0,0,1,0
2024-03-17 16:00:00,900,17,9,661,0,13.8,5.5,0.0,0,0,0,1,0,0,0,0,1,0
2024-03-28 16:00:00,2656,17,9,779,0,10.2,2.1,4.5,0,0,0,0,1,0,0,0,1,0
2024-03-13 17:00:00,2270,18,10,362,0,7.0,5.9,1.4,0,0,0,0,0,0,1,0,1,0
2024-03-17 12:00:00,898,13,9,501,0,13.8,5.5,0.0,0,0,0,1,0,0,0,0,1,0
2024-03-21 16:00:00,2474,17,9,986,0,11.3,3.2,0.3,0,0,0,0,1,0,0,0,1,0
2024-03-05 19:00:00,1218,20,10,384,0,7.2,5.5,0.0,0,0,0,0,0,1,0,0,1,0
2024-03-31 16:00:00,1240,17,8,463,0,8.8,1.4,0.1,0,0,0,1,0,0,0,0,1,0
2024-03-14 08:00:00,886,9,9,383,0,9.2,3.8,15.0,0,0,0,0,1,0,0,0,1,0
2024-03-17 20:00:00,813,21,9,468,0,13.8,5.5,0.0,0,0,0,1,0,0,0,0,1,0
2024-03-23 13:00:00,746,14,9,759,0,12.1,5.0,0.0,0,0,1,0,0,0,0,0,1,0
2024-03-17 23:00:00,504,0,9,330,0,13.8,5.5,0.0,0,0,0,1,0,0,0,0,1,0
2024-03-01 17:00:00,2170,18,10,739,0,7.6,-1.6,2.2,1,0,0,0,0,0,0,0,1,0
2024-03-03 10:00:00,1088,11,10,335,0,8.1,5.5,0.0,0,0,0,1,0,0,0,0,1,0
2024-03-16 12:00:00,1151,13,8,593,0,12.5,-0.6,9.2,0,0,1,0,0,0,0,0,1,0
2024-03-28 20:00:00,1145,21,8,309,0,10.2,2.1,4.5,0,0,0,0,1,0,0,0,1,0
2024-03-23 21:00:00,1072,22,10,380,0,12.1,5.0,0.0,0,0,1,0,0,0,0,0,1,0
2024-03-23 22:00:00,1071,23,10,380,0,12.1,5.0,0.0,0,0,1,0,0,0,0,0,1,0
2024-03-23 16:00:00,1138,17,8,530,0,12.1,5.0,0.0,0,0,1,0,0,0,0,0,1,0
2024-03-22 08:00:00,2023,9,10,432,0,11.3,4.4,0.0,1,0,0,0,0,0,0,0,1,0
2024-03-16 16:00:00,1051,17,10,805,0,12.5,-0.6,9.2,0,0,1,0,0,0,0,0,1,0
2024-03-26 11:00:00,1992,12,10,483,0,7.8,1.5,6.1,0,0,0,0,0,1,0,0,1,0
2024-03-02 13:00:00,1908,14,10,571,0,6.8,5.5,3.2,0,0,1,0,0,0,0,0,1,0
2024-03-29 11:00:00,1901,12,10,405,1,12.0,4.8,0.0,1,0,0,0,0,0,0,0,1,0
2024-03-30 14:00:00,1899,15,10,563,0,11.2,3.4,1.3,0,0,1,0,0,0,0,0,1,0
2024-03-25 12:00:00,1857,13,10,823,0,7.4,4.0,15.2,0,1,0,0,0,0,0,0,1,0
2024-03-19 15:00:00,1839,16,10,738,0,7.8,8.5,0.0,0,0,0,0,0,1,0,0,1,0
2024-03-05 10:00:00,1793,11,10,546,0,7.2,5.5,0.0,0,0,0,0,0,1,0,0,1,0
2024-03-22 10:00:00,1770,11,10,489,0,11.3,4.4,0.0,1,0,0,0,0,0,0,0,1,0
2024-03-13 13:00:00,1660,14,10,777,0,7.0,5.9,1.4,0,0,0,0,0,0,1,0,1,0
2024-03-30 12:00:00,1659,13,10,459,0,11.2,3.4,1.3,0,0,1,0,0,0,0,0,1,0
2024-03-05 18:00:00,1654,19,10,582,0,7.2,5.5,0.0,0,0,0,0,0,1,0,0,1,0
2024-03-03 13:00:00,1592,14,10,392,0,8.1,5.5,0.0,0,0,0,1,0,0,0,0,1,0
2024-03-18 11:00:00,1580,12,10,574,0,14.1,6.1,2.3,0,1,0,0,0,0,0,0,1,0
2024-03-27 10:00:00,1527,11,10,446,0,9.1,1.4,5.9,0,0,0,0,0,0,1,0,1,0
2024-03-18 17:00:00,1477,18,10,1065,0,14.1,6.1,2.3,0,1,0,0,0,0,0,0,1,0
2024-03-03 17:00:00,1376,18,10,537,0,8.1,5.5,0.0,0,0,0,1,0,0,0,0,1,0
2024-03-27 09:00:00,2001,10,9,434,0,9.1,1.4,5.9,0,0,0,0,0,0,1,0,1,0
2024-03-19 19:00:00,1023,20,8,443,0,7.8,8.5,0.0,0,0,0,0,0,1,0,0,1,0
2024-03-18 07:00:00,1023,8,10,151,0,14.1,6.1,2.3,0,1,0,0,0,0,0,0,1,0
2024-03-02 12:00:00,1932,13,9,466,0,6.8,5.5,3.2,0,0,1,0,0,0,0,0,1,0
2024-03-15 22:00:00,948,23,8,262,0,8.4,3.8,2.1,1,0,0,0,0,0,0,0,1,0
2024-03-26 07:00:00,949,8,10,156,0,7.8,1.5,6.1,0,0,0,0,0,1,0,0,1,0
2024-03-11 07:00:00,931,8,8,213,0,11.0,4.2,0.2,0,1,0,0,0,0,0,0,1,0
2024-03-13 10:00:00,1777,11,9,596,0,7.0,5.9,1.4,0,0,0,0,0,0,1,0,1,0
2024-03-25 14:00:00,1758,15,9,440,0,7.4,4.0,15.2,0,1,0,0,0,0,0,0,1,0
2024-03-22 11:00:00,1746,12,9,639,0,11.3,4.4,0.0,1,0,0,0,0,0,0,0,1,0
2024-03-04 20:00:00,902,21,8,388,0,9.9,-1.6,1.0,0,1,0,0,0,0,0,0,1,0
2024-03-30 17:00:00,1739,18,9,616,0,11.2,3.4,1.3,0,0,1,0,0,0,0,0,1,0
2024-03-18 13:00:00,1733,14,9,833,0,14.1,6.1,2.3,0,1,0,0,0,0,0,0,1,0
2024-03-19 21:00:00,812,22,8,336,0,7.8,8.5,0.0,0,0,0,0,0,1,0,0,1,0
2024-03-08 22:00:00,823,23,10,530,0,6.2,3.6,0.0,1,0,0,0,0,0,0,0,1,0
2024-03-13 14:00:00,1679,15,9,684,0,7.0,5.9,1.4,0,0,0,0,0,0,1,0,1,0
2024-03-13 19:00:00,778,20,8,467,0,7.0,5.9,1.4,0,0,0,0,0,0,1,0,1,0
2024-03-26 14:00:00,1616,15,9,358,0,7.8,1.5,6.1,0,0,0,0,0,1,0,0,1,0
2024-03-30 15:00:00,1579,16,9,587,0,11.2,3.4,1.3,0,0,1,0,0,0,0,0,1,0
2024-03-20 22:00:00,488,23,10,385,0,12.3,6.2,0.0,0,0,0,0,0,0,1,0,1,0
2024-03-10 02:00:00,331,3,10,386,0,6.3,5.5,0.6,0,0,0,1,0,0,0,0,1,0
2024-03-26 13:00:00,1567,14,9,402,0,7.8,1.5,6.1,0,0,0,0,0,1,0,0,1,0
2024-03-10 15:00:00,1528,16,9,480,0,6.3,5.5,0.6,0,0,0,1,0,0,0,0,1,0
2024-03-18 08:00:00,2270,9,8,495,0,14.1,6.1,2.3,0,1,0,0,0,0,0,0,1,0
2024-03-01 11:00:00,1513,12,9,504,0,7.6,-1.6,2.2,1,0,0,0,0,0,0,0,1,0
2024-03-29 14:00:00,2255,15,8,732,1,12.0,4.8,0.0,1,0,0,0,0,0,0,0,1,0
2024-03-04 13:00:00,1459,14,9,428,0,9.9,-1.6,1.0,0,1,0,0,0,0,0,0,1,0
2024-03-21 08:00:00,2166,9,8,606,0,11.3,3.2,0.3,0,0,0,0,1,0,0,0,1,0
2024-03-18 10:00:00,1458,11,9,449,0,14.1,6.1,2.3,0,1,0,0,0,0,0,0,1,0
2024-03-13 15:00:00,2133,16,8,584,0,7.0,5.9,1.4,0,0,0,0,0,0,1,0,1,0
2024-03-05 15:00:00,1955,16,8,688,0,7.2,5.5,0.0,0,0,0,0,0,1,0,0,1,0
2024-03-31 14:00:00,1374,15,9,515,0,8.8,1.4,0.1,0,0,0,1,0,0,0,0,1,0
2024-03-19 17:00:00,1881,18,8,844,0,7.8,8.5,0.0,0,0,0,0,0,1,0,0,1,0
2024-03-19 11:00:00,1335,12,9,574,0,7.8,8.5,0.0,0,0,0,0,0,1,0,0,1,0
2024-03-06 21:00:00,607,22,8,451,0,8.1,5.7,0.6,0,0,0,0,0,0,1,0,1,0
2024-03-24 18:00:00,1193,19,9,499,0,6.5,5.0,0.0,0,0,0,1,0,0,0,0,1,0
2024-03-21 09:00:00,1786,10,8,644,0,11.3,3.2,0.3,0,0,0,0,1,0,0,0,1,0
2024-03-25 10:00:00,1760,11,8,452,0,7.4,4.0,15.2,0,1,0,0,0,0,0,0,1,0
2024-03-21 07:00:00,1092,8,9,184,0,11.3,3.2,0.3,0,0,0,0,1,0,0,0,1,0
2024-03-05 11:00:00,1750,12,8,624,0,7.2,5.5,0.0,0,0,0,0,0,1,0,0,1,0
2024-03-07 07:00:00,1042,8,9,196,0,6.5,5.5,1.5,0,0,0,0,1,0,0,0,1,0
2024-03-07 18:00:00,1653,19,8,664,0,6.5,5.5,1.5,0,0,0,0,1,0,0,0,1,0
2024-03-22 09:00:00,1641,10,8,428,0,11.3,4.4,0.0,1,0,0,0,0,0,0,0,1,0
2024-03-21 10:00:00,1583,11,8,696,0,11.3,3.2,0.3,0,0,0,0,1,0,0,0,1,0
2024-03-12 18:00:00,1562,19,8,566,0,11.2,5.1,1.8,0,0,0,0,0,1,0,0,1,0
2024-03-06 08:00:00,1545,9,8,448,0,8.1,5.7,0.6,0,0,0,0,0,0,1,0,1,0
2024-03-23 10:00:00,1394,11,8,285,0,12.1,5.0,0.0,0,0,1,0,0,0,0,0,1,0
2024-03-03 11:00:00,1324,12,8,348,0,8.1,5.5,0.0,0,0,0,1,0,0,0,0,1,0
2024-03-15 19:00:00,1310,20,8,375,0,8.4,3.8,2.1,1,0,0,0,0,0,0,0,1,0
2024-03-17 15:00:00,1275,16,8,475,0,13.8,5.5,0.0,0,0,0,1,0,0,0,0,1,0
2024-03-02 18:00:00,1268,19,8,437,0,6.8,5.5,3.2,0,0,1,0,0,0,0,0,1,0
2024-03-21 00:00:00,205,1,8,114,0,11.3,3.2,0.3,0,0,0,0,1,0,0,0,1,0
2024-03-07 03:00:00,150,4,8,134,0,6.5,5.5,1.5,0,0,0,0,1,0,0,0,1,0
2024-03-05 14:00:00,1793,15,6,701,0,7.2,5.5,0.0,0,0,0,0,0,1,0,0,1,0
2024-03-01 08:00:00,1518,9,7,619,0,7.6,-1.6,2.2,1,0,0,0,0,0,0,0,1,0
2024-03-18 21:00:00,642,22,7,243,0,14.1,6.1,2.3,0,1,0,0,0,0,0,0,1,0
2024-03-30 00:00:00,608,1,6,251,0,11.2,3.4,1.3,0,0,1,0,0,0,0,0,1,0
2024-03-04 22:00:00,627,23,7,251,0,9.9,-1.6,1.0,0,1,0,0,0,0,0,0,1,0
2024-03-21 02:00:00,144,3,8,254,0,11.3,3.2,0.3,0,0,0,0,1,0,0,0,1,0
2024-03-26 18:00:00,1599,19,6,683,0,7.8,1.5,6.1,0,0,0,0,0,1,0,0,1,0
2024-03-05 22:00:00,556,23,7,244,0,7.2,5.5,0.0,0,0,0,0,0,1,0,0,1,0
2024-03-14 15:00:00,1508,16,6,706,0,9.2,3.8,15.0,0,0,0,0,1,0,0,0,1,0
2024-03-16 08:00:00,509,9,7,108,0,12.5,-0.6,9.2,0,0,1,0,0,0,0,0,1,0
2024-03-29 00:00:00,319,1,7,87,1,12.0,4.8,0.0,1,0,0,0,0,0,0,0,1,0
2024-03-31 03:00:00,268,4,7,609,0,8.8,1.4,0.1,0,0,0,1,0,0,0,0,1,0
2024-03-10 03:00:00,256,4,7,282,0,6.3,5.5,0.6,0,0,0,1,0,0,0,0,1,0
2024-03-30 16:00:00,1485,17,6,461,0,11.2,3.4,1.3,0,0,1,0,0,0,0,0,1,0
2024-03-28 19:00:00,1421,20,6,279,0,10.2,2.1,4.5,0,0,0,0,1,0,0,0,1,0
2024-03-03 16:00:00,1352,17,7,362,0,8.1,5.5,0.0,0,0,0,1,0,0,0,0,1,0
2024-03-21 23:00:00,427,0,6,88,0,11.3,3.2,0.3,0,0,0,0,1,0,0,0,1,0
2024-03-05 23:00:00,341,0,6,75,0,7.2,5.5,0.0,0,0,0,0,0,1,0,0,1,0
2024-03-06 23:00:00,289,0,6,267,0,8.1,5.7,0.6,0,0,0,0,0,0,1,0,1,0
2024-03-30 18:00:00,1344,19,7,509,0,11.2,3.4,1.3,0,0,1,0,0,0,0,0,1,0
2024-03-21 19:00:00,1339,20,7,402,0,11.3,3.2,0.3,0,0,0,0,1,0,0,0,1,0
2024-03-24 15:00:00,1376,16,6,453,0,6.5,5.0,0.0,0,0,0,1,0,0,0,0,1,0
2024-03-20 17:00:00,1333,18,6,342,0,12.3,6.2,0.0,0,0,0,0,0,0,1,0,1,0
2024-03-14 16:00:00,2587,17,7,792,0,9.2,3.8,15.0,0,0,0,0,1,0,0,0,1,0
2024-03-28 15:00:00,2342,16,7,713,0,10.2,2.1,4.5,0,0,0,0,1,0,0,0,1,0
2024-03-26 15:00:00,2153,16,7,613,0,7.8,1.5,6.1,0,0,0,0,0,1,0,0,1,0
2024-03-22 12:00:00,1943,13,7,991,0,11.3,4.4,0.0,1,0,0,0,0,0,0,0,1,0
2024-03-27 12:00:00,1910,13,7,709,0,9.1,1.4,5.9,0,0,0,0,0,0,1,0,1,0
2024-03-25 13:00:00,1905,14,7,681,0,7.4,4.0,15.2,0,1,0,0,0,0,0,0,1,0
2024-03-02 11:00:00,1658,12,7,395,0,6.8,5.5,3.2,0,0,1,0,0,0,0,0,1,0
2024-03-01 19:00:00,1552,20,7,386,0,7.6,-1.6,2.2,1,0,0,0,0,0,0,0,1,0
2024-03-19 18:00:00,1309,19,6,733,0,7.8,8.5,0.0,0,0,0,0,0,1,0,0,1,0
2024-03-04 19:00:00,1239,20,6,465,0,9.9,-1.6,1.0,0,1,0,0,0,0,0,0,1,0
2024-03-15 10:00:00,1288,11,7,425,0,8.4,3.8,2.1,1,0,0,0,0,0,0,0,1,0
2024-03-16 13:00:00,1279,14,7,620,0,12.5,-0.6,9.2,0,0,1,0,0,0,0,0,1,0
2024-03-27 07:00:00,1155,8,6,181,0,9.1,1.4,5.9,0,0,0,0,0,0,1,0,1,0
2024-03-05 20:00:00,1131,21,6,347,0,7.2,5.5,0.0,0,0,0,0,0,1,0,0,1,0
2024-03-11 18:00:00,1110,19,6,473,0,11.0,4.2,0.2,0,1,0,0,0,0,0,0,1,0
2024-03-16 15:00:00,1094,16,6,755,0,12.5,-0.6,9.2,0,0,1,0,0,0,0,0,1,0
2024-03-20 13:00:00,1080,14,6,336,0,12.3,6.2,0.0,0,0,0,0,0,0,1,0,1,0
2024-03-24 19:00:00,1050,20,6,265,0,6.5,5.0,0.0,0,0,0,1,0,0,0,0,1,0
2024-03-10 10:00:00,1015,11,6,275,0,6.3,5.5,0.6,0,0,0,1,0,0,0,0,1,0
2024-03-09 16:00:00,1000,17,6,744,0,6.3,5.5,0.0,0,0,1,0,0,0,0,0,1,0
2024-03-04 07:00:00,963,8,6,188,0,9.9,-1.6,1.0,0,1,0,0,0,0,0,0,1,0
2024-03-09 15:00:00,920,16,6,769,0,6.3,5.5,0.0,0,0,1,0,0,0,0,0,1,0
2024-03-20 09:00:00,865,10,6,249,0,12.3,6.2,0.0,0,0,0,0,0,0,1,0,1,0
2024-03-15 21:00:00,833,22,6,424,0,8.4,3.8,2.1,1,0,0,0,0,0,0,0,1,0
2024-03-28 21:00:00,808,22,6,121,0,10.2,2.1,4.5,0,0,0,0,1,0,0,0,1,0
2024-03-06 07:00:00,801,8,6,229,0,8.1,5.7,0.6,0,0,0,0,0,0,1,0,1,0
2024-03-18 18:00:00,743,19,6,787,0,14.1,6.1,2.3,0,1,0,0,0,0,0,0,1,0
2024-03-09 09:00:00,743,10,6,295,0,6.3,5.5,0.0,0,0,1,0,0,0,0,0,1,0
2024-03-16 09:00:00,739,10,6,268,0,12.5,-0.6,9.2,0,0,1,0,0,0,0,0,1,0
2024-03-08 07:00:00,710,8,6,163,0,6.2,3.6,0.0,1,0,0,0,0,0,0,0,1,0
2024-03-23 15:00:00,673,16,6,700,0,12.1,5.0,0.0,0,0,1,0,0,0,0,0,1,0
2024-03-25 18:00:00,1249,19,7,421,0,7.4,4.0,15.2,0,1,0,0,0,0,0,0,1,0
2024-03-31 15:00:00,1210,16,7,401,0,8.8,1.4,0.1,0,0,0,1,0,0,0,0,1,0
2024-03-06 10:00:00,1187,11,7,603,0,8.1,5.7,0.6,0,0,0,0,0,0,1,0,1,0
2024-03-23 19:00:00,1146,20,7,421,0,12.1,5.0,0.0,0,0,1,0,0,0,0,0,1,0
2024-03-23 20:00:00,1129,21,7,380,0,12.1,5.0,0.0,0,0,1,0,0,0,0,0,1,0
2024-03-16 11:00:00,1083,12,7,519,0,12.5,-0.6,9.2,0,0,1,0,0,0,0,0,1,0
2024-03-13 20:00:00,1070,21,7,345,0,7.0,5.9,1.4,0,0,0,0,0,0,1,0,1,0
2024-03-23 09:00:00,1062,10,7,231,0,12.1,5.0,0.0,0,0,1,0,0,0,0,0,1,0
2024-03-05 07:00:00,1061,8,7,210,0,7.2,5.5,0.0,0,0,0,0,0,1,0,0,1,0
2024-03-15 20:00:00,1016,21,7,280,0,8.4,3.8,2.1,1,0,0,0,0,0,0,0,1,0
2024-03-25 07:00:00,1003,8,7,162,0,7.4,4.0,15.2,0,1,0,0,0,0,0,0,1,0
2024-03-03 19:00:00,966,20,7,362,0,8.1,5.5,0.0,0,0,0,1,0,0,0,0,1,0
2024-03-22 07:00:00,942,8,7,152,0,11.3,4.4,0.0,1,0,0,0,0,0,0,0,1,0
2024-03-07 20:00:00,932,21,7,349,0,6.5,5.5,1.5,0,0,0,0,1,0,0,0,1,0
2024-03-01 21:00:00,905,22,7,406,0,7.6,-1.6,2.2,1,0,0,0,0,0,0,0,1,0
2024-03-21 21:00:00,854,22,7,245,0,11.3,3.2,0.3,0,0,0,0,1,0,0,0,1,0
2024-03-31 18:00:00,796,19,7,128,0,8.8,1.4,0.1,0,0,0,1,0,0,0,0,1,0
2024-03-26 20:00:00,784,21,7,151,0,7.8,1.5,6.1,0,0,0,0,0,1,0,0,1,0
2024-03-23 08:00:00,742,9,7,121,0,12.1,5.0,0.0,0,0,1,0,0,0,0,0,1,0
2024-03-13 16:00:00,2573,17,6,510,0,7.0,5.9,1.4,0,0,0,0,0,0,1,0,1,0
2024-03-22 16:00:00,2387,17,6,542,0,11.3,4.4,0.0,1,0,0,0,0,0,0,0,1,0
2024-03-28 08:00:00,2136,9,6,542,0,10.2,2.1,4.5,0,0,0,0,1,0,0,0,1,0
2024-03-25 16:00:00,2066,17,6,537,0,7.4,4.0,15.2,0,1,0,0,0,0,0,0,1,0
2024-03-25 17:00:00,2020,18,6,606,0,7.4,4.0,15.2,0,1,0,0,0,0,0,0,1,0
2024-03-27 13:00:00,1839,14,6,638,0,9.1,1.4,5.9,0,0,0,0,0,0,1,0,1,0
2024-03-27 17:00:00,2434,18,5,585,0,9.1,1.4,5.9,0,0,0,0,0,0,1,0,1,0
2024-03-28 11:00:00,2003,12,5,599,0,10.2,2.1,4.5,0,0,0,0,1,0,0,0,1,0
2024-03-23 02:00:00,176,3,6,248,0,12.1,5.0,0.0,0,0,1,0,0,0,0,0,1,0
2024-03-28 07:00:00,1083,8,4,205,0,10.2,2.1,4.5,0,0,0,0,1,0,0,0,1,0
2024-03-02 14:00:00,1862,15,5,618,0,6.8,5.5,3.2,0,0,1,0,0,0,0,0,1,0
2024-03-08 20:00:00,1053,21,4,436,0,6.2,3.6,0.0,1,0,0,0,0,0,0,0,1,0
2024-03-14 17:00:00,1788,18,5,467,0,9.2,3.8,15.0,0,0,0,0,1,0,0,0,1,0
2024-03-15 02:00:00,147,3,6,76,0,8.4,3.8,2.1,1,0,0,0,0,0,0,0,1,0
2024-03-18 03:00:00,131,4,6,222,0,14.1,6.1,2.3,0,1,0,0,0,0,0,0,1,0
2024-03-20 14:00:00,1046,15,4,320,0,12.3,6.2,0.0,0,0,0,0,0,0,1,0,1,0
2024-03-01 15:00:00,1749,16,5,432,0,7.6,-1.6,2.2,1,0,0,0,0,0,0,0,1,0
2024-03-01 22:00:00,997,23,4,260,0,7.6,-1.6,2.2,1,0,0,0,0,0,0,0,1,0
2024-03-09 11:00:00,993,12,4,549,0,6.3,5.5,0.0,0,0,1,0,0,0,0,0,1,0
2024-03-31 19:00:00,990,20,4,342,0,8.8,1.4,0.1,0,0,0,1,0,0,0,0,1,0
2024-03-16 21:00:00,979,22,4,217,0,12.5,-0.6,9.2,0,0,1,0,0,0,0,0,1,0
2024-03-08 21:00:00,948,22,4,547,0,6.2,3.6,0.0,1,0,0,0,0,0,0,0,1,0
2024-03-20 11:00:00,931,12,4,224,0,12.3,6.2,0.0,0,0,0,0,0,0,1,0,1,0
2024-03-14 14:00:00,930,15,4,552,0,9.2,3.8,15.0,0,0,0,0,1,0,0,0,1,0
2024-03-29 21:00:00,909,22,4,417,1,12.0,4.8,0.0,1,0,0,0,0,0,0,0,1,0
2024-03-15 07:00:00,789,8,4,185,0,8.4,3.8,2.1,1,0,0,0,0,0,0,0,1,0
2024-03-27 20:00:00,727,21,4,186,0,9.1,1.4,5.9,0,0,0,0,0,0,1,0,1,0
2024-03-30 09:00:00,721,10,4,262,0,11.2,3.4,1.3,0,0,1,0,0,0,0,0,1,0
2024-03-17 21:00:00,703,22,4,465,0,13.8,5.5,0.0,0,0,0,1,0,0,0,0,1,0
2024-03-23 14:00:00,684,15,4,714,0,12.1,5.0,0.0,0,0,1,0,0,0,0,0,1,0
2024-03-17 10:00:00,684,11,4,369,0,13.8,5.5,0.0,0,0,0,1,0,0,0,0,1,0
2024-03-27 21:00:00,643,22,4,151,0,9.1,1.4,5.9,0,0,0,0,0,0,1,0,1,0
2024-03-03 21:00:00,619,22,4,364,0,8.1,5.5,0.0,0,0,0,1,0,0,0,0,1,0
2024-03-18 19:00:00,587,20,4,373,0,14.1,6.1,2.3,0,1,0,0,0,0,0,0,1,0
2024-03-03 01:00:00,579,2,4,331,0,8.1,5.5,0.0,0,0,0,1,0,0,0,0,1,0
2024-03-09 21:00:00,566,22,4,597,0,6.3,5.5,0.0,0,0,1,0,0,0,0,0,1,0
2024-03-13 21:00:00,566,22,4,324,0,7.0,5.9,1.4,0,0,0,0,0,0,1,0,1,0
2024-03-23 01:00:00,249,2,5,191,0,12.1,5.0,0.0,0,0,1,0,0,0,0,0,1,0
2024-03-15 12:00:00,1564,13,5,804,0,8.4,3.8,2.1,1,0,0,0,0,0,0,0,1,0
2024-03-30 20:00:00,611,21,5,419,0,11.2,3.4,1.3,0,0,1,0,0,0,0,0,1,0
2024-03-04 10:00:00,1541,11,5,417,0,9.9,-1.6,1.0,0,1,0,0,0,0,0,0,1,0
2024-03-15 08:00:00,1526,9,5,404,0,8.4,3.8,2.1,1,0,0,0,0,0,0,0,1,0
2024-03-03 00:00:00,601,1,5,373,0,8.1,5.5,0.0,0,0,0,1,0,0,0,0,1,0
2024-03-27 08:00:00,2268,9,4,493,0,9.1,1.4,5.9,0,0,0,0,0,0,1,0,1,0
2024-03-27 15:00:00,2009,16,4,734,0,9.1,1.4,5.9,0,0,0,0,0,0,1,0,1,0
2024-03-28 18:00:00,1876,19,4,603,0,10.2,2.1,4.5,0,0,0,0,1,0,0,0,1,0
2024-03-27 11:00:00,1830,12,4,495,0,9.1,1.4,5.9,0,0,0,0,0,0,1,0,1,0
2024-03-01 18:00:00,1814,19,4,446,0,7.6,-1.6,2.2,1,0,0,0,0,0,0,0,1,0
2024-03-29 17:00:00,1801,18,4,835,1,12.0,4.8,0.0,1,0,0,0,0,0,0,0,1,0
2024-03-04 15:00:00,1715,16,4,687,0,9.9,-1.6,1.0,0,1,0,0,0,0,0,0,1,0
2024-03-25 11:00:00,1668,12,4,503,0,7.4,4.0,15.2,0,1,0,0,0,0,0,0,1,0
2024-03-20 16:00:00,1338,17,4,347,0,12.3,6.2,0.0,0,0,0,0,0,0,1,0,1,0
2024-03-02 19:00:00,1313,20,4,551,0,6.8,5.5,3.2,0,0,1,0,0,0,0,0,1,0
2024-03-12 19:00:00,1226,20,4,362,0,11.2,5.1,1.8,0,0,0,0,0,1,0,0,1,0
2024-03-16 17:00:00,1208,18,4,784,0,12.5,-0.6,9.2,0,0,1,0,0,0,0,0,1,0
2024-03-06 18:00:00,1135,19,4,566,0,8.1,5.7,0.6,0,0,0,0,0,0,1,0,1,0
2024-03-30 11:00:00,1129,12,4,367,0,11.2,3.4,1.3,0,0,1,0,0,0,0,0,1,0
2024-03-07 00:00:00,217,1,5,182,0,6.5,5.5,1.5,0,0,0,0,1,0,0,0,1,0
2024-03-22 19:00:00,1469,20,5,374,0,11.3,4.4,0.0,1,0,0,0,0,0,0,0,1,0
2024-03-18 16:00:00,1443,17,5,933,0,14.1,6.1,2.3,0,1,0,0,0,0,0,0,1,0
2024-03-08 23:00:00,551,0,5,246,0,6.2,3.6,0.0,1,0,0,0,0,0,0,0,1,0
2024-03-19 22:00:00,541,23,5,236,0,7.8,8.5,0.0,0,0,0,0,0,1,0,0,1,0
2024-03-07 19:00:00,1344,20,5,478,0,6.5,5.5,1.5,0,0,0,0,1,0,0,0,1,0
2024-03-11 21:00:00,533,22,5,400,0,11.0,4.2,0.2,0,1,0,0,0,0,0,0,1,0
2024-03-30 03:00:00,193,4,5,190,0,11.2,3.4,1.3,0,0,1,0,0,0,0,0,1,0
2024-03-09 13:00:00,1194,14,5,806,0,6.3,5.5,0.0,0,0,1,0,0,0,0,0,1,0
2024-03-28 23:00:00,480,0,5,116,0,10.2,2.1,4.5,0,0,0,0,1,0,0,0,1,0
2024-03-21 06:00:00,404,7,5,79,0,11.3,3.2,0.3,0,0,0,0,1,0,0,0,1,0
2024-03-17 02:00:00,395,3,5,143,0,13.8,5.5,0.0,0,0,0,1,0,0,0,0,1,0
2024-03-10 01:00:00,368,2,5,319,0,6.3,5.5,0.6,0,0,0,1,0,0,0,0,1,0
2024-03-31 21:00:00,294,22,5,376,0,8.8,1.4,0.1,0,0,0,1,0,0,0,0,1,0
2024-03-08 00:00:00,174,1,5,127,0,6.2,3.6,0.0,1,0,0,0,0,0,0,0,1,0
2024-03-06 11:00:00,1186,12,5,508,0,8.1,5.7,0.6,0,0,0,0,0,0,1,0,1,0
2024-03-02 09:00:00,1148,10,5,209,0,6.8,5.5,3.2,0,0,1,0,0,0,0,0,1,0
2024-03-29 19:00:00,1090,20,5,388,1,12.0,4.8,0.0,1,0,0,0,0,0,0,0,1,0
2024-03-13 07:00:00,1082,8,5,160,0,7.0,5.9,1.4,0,0,0,0,0,0,1,0,1,0
2024-03-04 18:00:00,978,19,5,437,0,9.9,-1.6,1.0,0,1,0,0,0,0,0,0,1,0
2024-03-12 20:00:00,972,21,5,334,0,11.2,5.1,1.8,0,0,0,0,0,1,0,0,1,0
2024-03-26 19:00:00,931,20,5,207,0,7.8,1.5,6.1,0,0,0,0,0,1,0,0,1,0
2024-03-12 21:00:00,834,22,5,337,0,11.2,5.1,1.8,0,0,0,0,0,1,0,0,1,0
2024-03-20 07:00:00,757,8,5,231,0,12.3,6.2,0.0,0,0,0,0,0,0,1,0,1,0
2024-03-02 08:00:00,727,9,5,144,0,6.8,5.5,3.2,0,0,1,0,0,0,0,0,1,0
2024-03-14 21:00:00,519,22,4,96,0,9.2,3.8,15.0,0,0,0,0,1,0,0,0,1,0
2024-03-22 14:00:00,2905,15,3,723,0,11.3,4.4,0.0,1,0,0,0,0,0,0,0,1,0
2024-03-29 13:00:00,2005,14,3,721,1,12.0,4.8,0.0,1,0,0,0,0,0,0,0,1,0
2024-03-15 14:00:00,1708,15,3,750,0,8.4,3.8,2.1,1,0,0,0,0,0,0,0,1,0
2024-03-22 22:00:00,570,23,3,196,0,11.3,4.4,0.0,1,0,0,0,0,0,0,0,1,0
2024-03-02 15:00:00,1636,16,3,540,0,6.8,5.5,3.2,0,0,1,0,0,0,0,0,1,0
2024-03-15 13:00:00,1629,14,3,684,0,8.4,3.8,2.1,1,0,0,0,0,0,0,0,1,0
2024-03-07 01:00:00,47,2,4,103,0,6.5,5.5,1.5,0,0,0,0,1,0,0,0,1,0
2024-03-15 11:00:00,1354,12,3,466,0,8.4,3.8,2.1,1,0,0,0,0,0,0,0,1,0
2024-03-15 09:00:00,1306,10,3,388,0,8.4,3.8,2.1,1,0,0,0,0,0,0,0,1,0
2024-03-06 22:00:00,537,23,3,442,0,8.1,5.7,0.6,0,0,0,0,0,0,1,0,1,0
2024-03-16 03:00:00,139,4,4,89,0,12.5,-0.6,9.2,0,0,1,0,0,0,0,0,1,0
2024-03-16 00:00:00,315,1,3,133,0,12.5,-0.6,9.2,0,0,1,0,0,0,0,0,1,0
2024-03-20 15:00:00,1211,16,3,284,0,12.3,6.2,0.0,0,0,0,0,0,0,1,0,1,0
2024-03-21 20:00:00,1163,21,3,338,0,11.3,3.2,0.3,0,0,0,0,1,0,0,0,1,0
2024-03-20 18:00:00,1150,19,3,349,0,12.3,6.2,0.0,0,0,0,0,0,0,1,0,1,0
2024-03-10 08:00:00,299,9,3,143,0,6.3,5.5,0.6,0,0,0,1,0,0,0,0,1,0
2024-03-16 07:00:00,279,8,4,24,0,12.5,-0.6,9.2,0,0,1,0,0,0,0,0,1,0
2024-03-09 14:00:00,1132,15,3,880,0,6.3,5.5,0.0,0,0,1,0,0,0,0,0,1,0
2024-03-23 23:00:00,474,0,4,205,0,12.1,5.0,0.0,0,0,1,0,0,0,0,0,1,0
2024-03-10 18:00:00,1064,19,3,390,0,6.3,5.5,0.6,0,0,0,1,0,0,0,0,1,0
2024-03-12 22:00:00,472,23,4,253,0,11.2,5.1,1.8,0,0,0,0,0,1,0,0,1,0
2024-03-09 00:00:00,287,1,3,305,0,6.3,5.5,0.0,0,0,1,0,0,0,0,0,1,0
2024-03-09 17:00:00,1046,18,3,771,0,6.3,5.5,0.0,0,0,1,0,0,0,0,0,1,0
2024-03-03 22:00:00,469,23,4,237,0,8.1,5.5,0.0,0,0,0,1,0,0,0,0,1,0
2024-03-31 00:00:00,477,1,3,347,0,8.8,1.4,0.1,0,0,0,1,0,0,0,0,1,0
2024-03-20 21:00:00,466,22,4,367,0,12.3,6.2,0.0,0,0,0,0,0,0,1,0,1,0
2024-03-24 03:00:00,263,4,4,225,0,6.5,5.0,0.0,0,0,0,1,0,0,0,0,1,0
2024-03-09 08:00:00,464,9,4,198,0,6.3,5.5,0.0,0,0,1,0,0,0,0,0,1,0
2024-03-24 02:00:00,466,3,3,204,0,6.5,5.0,0.0,0,0,0,1,0,0,0,0,1,0
2024-03-19 07:00:00,954,8,3,167,0,7.8,8.5,0.0,0,0,0,0,0,1,0,0,1,0
2024-03-10 00:00:00,461,1,4,415,0,6.3,5.5,0.6,0,0,0,1,0,0,0,0,1,0
2024-03-14 07:00:00,466,8,3,178,0,9.2,3.8,15.0,0,0,0,0,1,0,0,0,1,0
2024-03-16 10:00:00,947,11,3,427,0,12.5,-0.6,9.2,0,0,1,0,0,0,0,0,1,0
2024-03-26 23:00:00,257,0,3,117,0,7.8,1.5,6.1,0,0,0,0,0,1,0,0,1,0
2024-03-16 01:00:00,251,2,4,131,0,12.5,-0.6,9.2,0,0,1,0,0,0,0,0,1,0
2024-03-07 04:00:00,107,5,4,84,0,6.5,5.5,1.5,0,0,0,0,1,0,0,0,1,0
2024-03-16 02:00:00,223,3,4,121,0,12.5,-0.6,9.2,0,0,1,0,0,0,0,0,1,0
2024-03-02 21:00:00,899,22,3,579,0,6.8,5.5,3.2,0,0,1,0,0,0,0,0,1,0
2024-03-14 18:00:00,842,19,3,170,0,9.2,3.8,15.0,0,0,0,0,1,0,0,0,1,0
2024-03-24 20:00:00,753,21,3,199,0,6.5,5.0,0.0,0,0,0,1,0,0,0,0,1,0
2024-03-16 20:00:00,736,21,3,268,0,12.5,-0.6,9.2,0,0,1,0,0,0,0,0,1,0
2024-03-29 23:00:00,724,0,3,275,1,12.0,4.8,0.0,1,0,0,0,0,0,0,0,1,0
2024-03-17 18:00:00,700,19,3,823,0,13.8,5.5,0.0,0,0,0,1,0,0,0,0,1,0
2024-03-09 20:00:00,677,21,3,487,0,6.3,5.5,0.0,0,0,1,0,0,0,0,0,1,0
2024-03-29 22:00:00,667,23,3,345,1,12.0,4.8,0.0,1,0,0,0,0,0,0,0,1,0
2024-03-17 22:00:00,652,23,3,633,0,13.8,5.5,0.0,0,0,0,1,0,0,0,0,1,0
2024-03-10 09:00:00,638,10,3,176,0,6.3,5.5,0.6,0,0,0,1,0,0,0,0,1,0
2024-03-18 20:00:00,611,21,3,345,0,14.1,6.1,2.3,0,1,0,0,0,0,0,0,1,0
2024-03-03 02:00:00,439,3,3,324,0,8.1,5.5,0.0,0,0,0,1,0,0,0,0,1,0
2024-03-18 23:00:00,220,0,4,78,0,14.1,6.1,2.3,0,1,0,0,0,0,0,0,1,0
2024-03-09 01:00:00,237,2,3,466,0,6.3,5.5,0.0,0,0,1,0,0,0,0,0,1,0
2024-03-03 23:00:00,218,0,4,73,0,8.1,5.5,0.0,0,0,0,1,0,0,0,0,1,0
2024-03-19 23:00:00,230,0,3,65,0,7.8,8.5,0.0,0,0,0,0,0,1,0,0,1,0
2024-03-06 00:00:00,213,1,4,60,0,8.1,5.7,0.6,0,0,0,0,0,0,1,0,1,0
2024-03-17 00:00:00,429,1,4,151,0,13.8,5.5,0.0,0,0,0,1,0,0,0,0,1,0
2024-03-17 09:00:00,427,10,4,203,0,13.8,5.5,0.0,0,0,0,1,0,0,0,0,1,0
2024-03-25 06:00:00,390,7,4,68,0,7.4,4.0,15.2,0,1,0,0,0,0,0,0,1,0
2024-03-28 06:00:00,388,7,4,53,0,10.2,2.1,4.5,0,0,0,0,1,0,0,0,1,0
2024-03-03 03:00:00,373,4,4,433,0,8.1,5.5,0.0,0,0,0,1,0,0,0,0,1,0
2024-03-07 23:00:00,366,0,4,117,0,6.5,5.5,1.5,0,0,0,0,1,0,0,0,1,0
2024-03-24 17:00:00,359,18,4,155,0,6.5,5.0,0.0,0,0,0,1,0,0,0,0,1,0
2024-03-01 02:00:00,76,3,4,87,0,7.6,-1.6,2.2,1,0,0,0,0,0,0,0,1,0
2024-03-10 22:00:00,185,23,4,244,0,6.3,5.5,0.6,0,0,0,1,0,0,0,0,1,0
2024-03-18 04:00:00,200,5,3,58,0,14.1,6.1,2.3,0,1,0,0,0,0,0,0,1,0
2024-03-28 00:00:00,178,1,4,85,0,10.2,2.1,4.5,0,0,0,0,1,0,0,0,1,0
2024-03-25 05:00:00,186,6,3,33,0,7.4,4.0,15.2,0,1,0,0,0,0,0,0,1,0
2024-03-15 05:00:00,181,6,3,27,0,8.4,3.8,2.1,1,0,0,0,0,0,0,0,1,0
2024-03-02 02:00:00,159,3,3,393,0,6.8,5.5,3.2,0,0,1,0,0,0,0,0,1,0
2024-03-18 01:00:00,289,2,2,238,0,14.1,6.1,2.3,0,1,0,0,0,0,0,0,1,0
2024-03-13 22:00:00,287,23,2,401,0,7.0,5.9,1.4,0,0,0,0,0,0,1,0,1,0
2024-03-24 08:00:00,284,9,2,80,0,6.5,5.0,0.0,0,0,0,1,0,0,0,0,1,0
2024-03-24 00:00:00,280,1,2,259,0,6.5,5.0,0.0,0,0,0,1,0,0,0,0,1,0
2024-03-20 06:00:00,269,7,2,40,0,12.3,6.2,0.0,0,0,0,0,0,0,1,0,1,0
2024-03-16 14:00:00,238,15,2,609,0,12.5,-0.6,9.2,0,0,1,0,0,0,0,0,1,0
2024-03-31 05:00:00,224,6,2,136,0,8.8,1.4,0.1,0,0,0,1,0,0,0,0,1,0
2024-03-09 03:00:00,221,4,2,422,0,6.3,5.5,0.0,0,0,1,0,0,0,0,0,1,0
2024-03-27 23:00:00,218,0,2,52,0,9.1,1.4,5.9,0,0,0,0,0,0,1,0,1,0
2024-03-29 01:00:00,195,2,2,64,1,12.0,4.8,0.0,1,0,0,0,0,0,0,0,1,0
2024-03-13 23:00:00,186,0,2,194,0,7.0,5.9,1.4,0,0,0,0,0,0,1,0,1,0
2024-03-24 04:00:00,184,5,2,56,0,6.5,5.0,0.0,0,0,0,1,0,0,0,0,1,0
2024-03-15 00:00:00,181,1,2,85,0,8.4,3.8,2.1,1,0,0,0,0,0,0,0,1,0
2024-03-05 00:00:00,179,1,2,51,0,7.2,5.5,0.0,0,0,0,0,0,1,0,0,1,0
2024-03-27 01:00:00,80,2,3,56,0,9.1,1.4,5.9,0,0,0,0,0,0,1,0,1,0
2024-03-21 01:00:00,148,2,3,103,0,11.3,3.2,0.3,0,0,0,0,1,0,0,0,1,0
2024-03-12 05:00:00,147,6,3,31,0,11.2,5.1,1.8,0,0,0,0,0,1,0,0,1,0
2024-03-28 09:00:00,1878,10,2,513,0,10.2,2.1,4.5,0,0,0,0,1,0,0,0,1,0
2024-03-15 15:00:00,1747,16,2,645,0,8.4,3.8,2.1,1,0,0,0,0,0,0,0,1,0
2024-03-04 14:00:00,1420,15,2,715,0,9.9,-1.6,1.0,0,1,0,0,0,0,0,0,1,0
2024-03-08 19:00:00,1308,20,2,432,0,6.2,3.6,0.0,1,0,0,0,0,0,0,0,1,0
2024-03-16 18:00:00,1106,19,2,588,0,12.5,-0.6,9.2,0,0,1,0,0,0,0,0,1,0
2024-03-02 20:00:00,1085,21,2,553,0,6.8,5.5,3.2,0,0,1,0,0,0,0,0,1,0
2024-03-06 19:00:00,1051,20,2,456,0,8.1,5.7,0.6,0,0,0,0,0,0,1,0,1,0
2024-03-09 06:00:00,146,7,3,40,0,6.3,5.5,0.0,0,0,1,0,0,0,0,0,1,0
2024-03-16 04:00:00,166,5,2,32,0,12.5,-0.6,9.2,0,0,1,0,0,0,0,0,1,0
2024-03-20 03:00:00,50,4,3,23,0,12.3,6.2,0.0,0,0,0,0,0,0,1,0,1,0
2024-03-31 02:00:00,436,3,2,289,0,8.8,1.4,0.1,0,0,0,1,0,0,0,0,1,0
2024-03-01 01:00:00,165,2,2,77,0,7.6,-1.6,2.2,1,0,0,0,0,0,0,0,1,0
2024-03-31 23:00:00,428,0,2,108,0,8.8,1.4,0.1,0,0,0,1,0,0,0,0,1,0
2024-03-09 04:00:00,137,5,3,82,0,6.3,5.5,0.0,0,0,1,0,0,0,0,0,1,0
2024-03-10 23:00:00,129,0,3,100,0,6.3,5.5,0.6,0,0,0,1,0,0,0,0,1,0
2024-03-06 02:00:00,128,3,3,98,0,8.1,5.7,0.6,0,0,0,0,0,0,1,0,1,0
2024-03-14 00:00:00,118,1,3,236,0,9.2,3.8,15.0,0,0,0,0,1,0,0,0,1,0
2024-03-22 00:00:00,111,1,3,43,0,11.3,4.4,0.0,1,0,0,0,0,0,0,0,1,0
2024-03-08 06:00:00,110,7,3,74,0,6.2,3.6,0.0,1,0,0,0,0,0,0,0,1,0
2024-03-22 04:00:00,93,5,3,21,0,11.3,4.4,0.0,1,0,0,0,0,0,0,0,1,0
2024-03-21 03:00:00,89,4,3,62,0,11.3,3.2,0.3,0,0,0,0,1,0,0,0,1,0
2024-03-14 05:00:00,84,6,3,21,0,9.2,3.8,15.0,0,0,0,0,1,0,0,0,1,0
2024-03-06 05:00:00,158,6,2,24,0,8.1,5.7,0.6,0,0,0,0,0,0,1,0,1,0
2024-03-27 00:00:00,155,1,2,101,0,9.1,1.4,5.9,0,0,0,0,0,0,1,0,1,0
2024-03-18 06:00:00,391,7,2,58,0,14.1,6.1,2.3,0,1,0,0,0,0,0,0,1,0
2024-03-26 06:00:00,384,7,2,33,0,7.8,1.5,6.1,0,0,0,0,0,1,0,0,1,0
2024-03-19 06:00:00,372,7,2,63,0,7.8,8.5,0.0,0,0,0,0,0,1,0,0,1,0
2024-03-27 06:00:00,352,7,2,44,0,9.1,1.4,5.9,0,0,0,0,0,0,1,0,1,0
2024-03-13 06:00:00,348,7,2,42,0,7.0,5.9,1.4,0,0,0,0,0,0,1,0,1,0
2024-03-31 22:00:00,325,23,2,246,0,8.8,1.4,0.1,0,0,0,1,0,0,0,0,1,0
2024-03-12 06:00:00,301,7,2,39,0,11.2,5.1,1.8,0,0,0,0,0,1,0,0,1,0
2024-03-15 06:00:00,297,7,2,57,0,8.4,3.8,2.1,1,0,0,0,0,0,0,0,1,0
2024-03-24 09:00:00,154,10,2,38,0,6.5,5.0,0.0,0,0,0,1,0,0,0,0,1,0
2024-03-20 00:00:00,154,1,2,23,0,12.3,6.2,0.0,0,0,0,0,0,0,1,0,1,0
2024-03-23 04:00:00,150,5,2,34,0,12.1,5.0,0.0,0,0,1,0,0,0,0,0,1,0
2024-03-15 01:00:00,139,2,2,32,0,8.4,3.8,2.1,1,0,0,0,0,0,0,0,1,0
2024-03-29 02:00:00,137,3,2,70,1,12.0,4.8,0.0,1,0,0,0,0,0,0,0,1,0
2024-03-30 04:00:00,135,5,2,36,0,11.2,3.4,1.3,0,0,1,0,0,0,0,0,1,0
2024-03-13 00:00:00,121,1,2,36,0,7.0,5.9,1.4,0,0,0,0,0,0,1,0,1,0
2024-03-19 20:00:00,911,21,2,296,0,7.8,8.5,0.0,0,0,0,0,0,1,0,0,1,0
2024-03-14 12:00:00,875,13,2,813,0,9.2,3.8,15.0,0,0,0,0,1,0,0,0,1,0
2024-03-07 21:00:00,860,22,2,354,0,6.5,5.5,1.5,0,0,0,0,1,0,0,0,1,0
2024-03-27 19:00:00,858,20,2,270,0,9.1,1.4,5.9,0,0,0,0,0,0,1,0,1,0
2024-03-02 22:00:00,850,23,2,326,0,6.8,5.5,3.2,0,0,1,0,0,0,0,0,1,0
2024-03-31 13:00:00,800,14,2,423,0,8.8,1.4,0.1,0,0,0,1,0,0,0,0,1,0
2024-03-14 09:00:00,787,10,2,383,0,9.2,3.8,15.0,0,0,0,0,1,0,0,0,1,0
2024-03-04 21:00:00,773,22,2,326,0,9.9,-1.6,1.0,0,1,0,0,0,0,0,0,1,0
2024-03-14 11:00:00,747,12,2,443,0,9.2,3.8,15.0,0,0,0,0,1,0,0,0,1,0
2024-03-31 12:00:00,733,13,2,494,0,8.8,1.4,0.1,0,0,0,1,0,0,0,0,1,0
2024-03-03 09:00:00,712,10,2,152,0,8.1,5.5,0.0,0,0,0,1,0,0,0,0,1,0
2024-03-11 19:00:00,705,20,2,430,0,11.0,4.2,0.2,0,1,0,0,0,0,0,0,1,0
2024-03-26 21:00:00,705,22,2,169,0,7.8,1.5,6.1,0,0,0,0,0,1,0,0,1,0
2024-03-14 10:00:00,683,11,2,472,0,9.2,3.8,15.0,0,0,0,0,1,0,0,0,1,0
2024-03-22 21:00:00,679,22,2,181,0,11.3,4.4,0.0,1,0,0,0,0,0,0,0,1,0
2024-03-31 11:00:00,644,12,2,475,0,8.8,1.4,0.1,0,0,0,1,0,0,0,0,1,0
2024-03-28 22:00:00,613,23,2,194,0,10.2,2.1,4.5,0,0,0,0,1,0,0,0,1,0
2024-03-14 20:00:00,606,21,2,126,0,9.2,3.8,15.0,0,0,0,0,1,0,0,0,1,0
2024-03-07 22:00:00,599,23,2,335,0,6.5,5.5,1.5,0,0,0,0,1,0,0,0,1,0
2024-03-01 23:00:00,590,0,2,137,0,7.6,-1.6,2.2,1,0,0,0,0,0,0,0,1,0
2024-03-15 23:00:00,564,0,2,228,0,8.4,3.8,2.1,1,0,0,0,0,0,0,0,1,0
2024-03-13 18:00:00,550,19,2,674,0,7.0,5.9,1.4,0,0,0,0,0,0,1,0,1,0
2024-03-31 20:00:00,546,21,2,338,0,8.8,1.4,0.1,0,0,0,1,0,0,0,0,1,0
2024-03-27 22:00:00,519,23,2,158,0,9.1,1.4,5.9,0,0,0,0,0,0,1,0,1,0
2024-03-26 22:00:00,509,23,2,125,0,7.8,1.5,6.1,0,0,0,0,0,1,0,0,1,0
2024-03-30 08:00:00,486,9,2,129,0,11.2,3.4,1.3,0,0,1,0,0,0,0,0,1,0
2024-03-28 01:00:00,105,2,2,59,0,10.2,2.1,4.5,0,0,0,0,1,0,0,0,1,0
2024-03-28 02:00:00,89,3,2,52,0,10.2,2.1,4.5,0,0,0,0,1,0,0,0,1,0
2024-03-21 04:00:00,88,5,2,30,0,11.3,3.2,0.3,0,0,0,0,1,0,0,0,1,0
2024-03-14 01:00:00,87,2,2,183,0,9.2,3.8,15.0,0,0,0,0,1,0,0,0,1,0
2024-03-01 03:00:00,70,4,2,83,0,7.6,-1.6,2.2,1,0,0,0,0,0,0,0,1,0
2024-03-25 03:00:00,67,4,2,20,0,7.4,4.0,15.2,0,1,0,0,0,0,0,0,1,0
2024-03-04 03:00:00,63,4,2,18,0,9.9,-1.6,1.0,0,1,0,0,0,0,0,0,1,0
2024-03-04 04:00:00,60,5,2,20,0,9.9,-1.6,1.0,0,1,0,0,0,0,0,0,1,0
2024-03-14 04:00:00,58,5,2,34,0,9.2,3.8,15.0,0,0,0,0,1,0,0,0,1,0
2024-03-29 20:00:00,1085,21,1,333,1,12.0,4.8,0.0,1,0,0,0,0,0,0,0,1,0
2024-03-03 04:00:00,207,5,1,153,0,8.1,5.5,0.0,0,0,0,1,0,0,0,0,1,0
2024-03-14 03:00:00,54,4,2,79,0,9.2,3.8,15.0,0,0,0,0,1,0,0,0,1,0
2024-03-10 21:00:00,438,22,1,436,0,6.3,5.5,0.6,0,0,0,1,0,0,0,0,1,0
2024-03-08 05:00:00,50,6,2,46,0,6.2,3.6,0.0,1,0,0,0,0,0,0,0,1,0
2024-03-09 10:00:00,948,11,1,416,0,6.3,5.5,0.0,0,0,1,0,0,0,0,0,1,0
2024-03-01 06:00:00,204,7,1,68,0,7.6,-1.6,2.2,1,0,0,0,0,0,0,0,1,0
2024-03-16 19:00:00,944,20,1,456,0,12.5,-0.6,9.2,0,0,1,0,0,0,0,0,1,0
2024-03-10 04:00:00,204,5,1,76,0,6.3,5.5,0.6,0,0,0,1,0,0,0,0,1,0
2024-03-14 13:00:00,878,14,1,700,0,9.2,3.8,15.0,0,0,0,0,1,0,0,0,1,0
2024-03-02 06:00:00,201,7,1,49,0,6.8,5.5,3.2,0,0,1,0,0,0,0,0,1,0
2024-03-30 22:00:00,844,23,1,74,0,11.2,3.4,1.3,0,0,1,0,0,0,0,0,1,0
2024-03-08 18:00:00,1563,19,1,517,0,6.2,3.6,0.0,1,0,0,0,0,0,0,0,1,0
2024-03-09 12:00:00,1215,13,1,833,0,6.3,5.5,0.0,0,0,1,0,0,0,0,0,1,0
2024-03-09 18:00:00,820,19,1,539,0,6.3,5.5,0.0,0,0,1,0,0,0,0,0,1,0
2024-03-01 07:00:00,819,8,1,228,0,7.6,-1.6,2.2,1,0,0,0,0,0,0,0,1,0
2024-03-30 19:00:00,414,20,1,428,0,11.2,3.4,1.3,0,0,1,0,0,0,0,0,1,0
2024-03-11 20:00:00,408,21,1,377,0,11.0,4.2,0.2,0,1,0,0,0,0,0,0,1,0
2024-03-12 00:00:00,191,1,1,25,0,11.2,5.1,1.8,0,0,0,0,0,1,0,0,1,0
2024-03-06 20:00:00,798,21,1,363,0,8.1,5.7,0.6,0,0,0,0,0,0,1,0,1,0
2024-03-29 07:00:00,792,8,1,150,1,12.0,4.8,0.0,1,0,0,0,0,0,0,0,1,0
2024-03-16 22:00:00,769,23,1,205,0,12.5,-0.6,9.2,0,0,1,0,0,0,0,0,1,0
2024-03-14 19:00:00,672,20,1,155,0,9.2,3.8,15.0,0,0,0,0,1,0,0,0,1,0
2024-03-30 23:00:00,662,0,1,229,0,11.2,3.4,1.3,0,0,1,0,0,0,0,0,1,0
2024-03-09 23:00:00,541,0,1,330,0,6.3,5.5,0.0,0,0,1,0,0,0,0,0,1,0
2024-03-31 10:00:00,527,11,1,400,0,8.8,1.4,0.1,0,0,0,1,0,0,0,0,1,0
2024-03-21 22:00:00,492,23,1,249,0,11.3,3.2,0.3,0,0,0,0,1,0,0,0,1,0
2024-03-23 00:00:00,482,1,1,106,0,12.1,5.0,0.0,0,0,1,0,0,0,0,0,1,0
2024-03-30 01:00:00,476,2,1,215,0,11.2,3.4,1.3,0,0,1,0,0,0,0,0,1,0
2024-03-07 05:00:00,185,6,1,39,0,6.5,5.5,1.5,0,0,0,0,1,0,0,0,1,0
2024-03-18 22:00:00,400,23,1,116,0,14.1,6.1,2.3,0,1,0,0,0,0,0,0,1,0
2024-03-11 06:00:00,262,7,1,39,0,11.0,4.2,0.2,0,1,0,0,0,0,0,0,1,0
2024-03-09 02:00:00,262,3,1,580,0,6.3,5.5,0.0,0,0,1,0,0,0,0,0,1,0
2024-03-10 19:00:00,393,20,1,365,0,6.3,5.5,0.6,0,0,0,1,0,0,0,0,1,0
2024-03-07 06:00:00,365,7,1,55,0,6.5,5.5,1.5,0,0,0,0,1,0,0,0,1,0
2024-03-14 22:00:00,348,23,1,186,0,9.2,3.8,15.0,0,0,0,0,1,0,0,0,1,0
2024-03-02 23:00:00,345,0,1,192,0,6.8,5.5,3.2,0,0,1,0,0,0,0,0,1,0
2024-03-25 22:00:00,330,23,1,83,0,7.4,4.0,15.2,0,1,0,0,0,0,0,0,1,0
2024-03-04 06:00:00,306,7,1,36,0,9.9,-1.6,1.0,0,1,0,0,0,0,0,0,1,0
2024-03-14 23:00:00,305,0,1,84,0,9.2,3.8,15.0,0,0,0,0,1,0,0,0,1,0
2024-03-22 23:00:00,288,0,1,217,0,11.3,4.4,0.0,1,0,0,0,0,0,0,0,1,0
2024-03-02 01:00:00,288,2,1,277,0,6.8,5.5,3.2,0,0,1,0,0,0,0,0,1,0
2024-03-30 07:00:00,253,8,1,88,0,11.2,3.4,1.3,0,0,1,0,0,0,0,0,1,0
2024-03-01 00:00:00,252,1,1,114,0,7.6,-1.6,2.2,1,0,0,0,0,0,0,0,1,0
2024-03-17 03:00:00,248,4,1,143,0,13.8,5.5,0.0,0,0,0,1,0,0,0,0,1,0
2024-03-23 06:00:00,174,7,1,36,0,12.1,5.0,0.0,0,0,1,0,0,0,0,0,1,0
2024-03-24 07:00:00,172,8,1,49,0,6.5,5.0,0.0,0,0,0,1,0,0,0,0,1,0
2024-03-31 04:00:00,238,5,1,463,0,8.8,1.4,0.1,0,0,0,1,0,0,0,0,1,0
2024-03-17 08:00:00,238,9,1,108,0,13.8,5.5,0.0,0,0,0,1,0,0,0,0,1,0
2024-03-31 08:00:00,218,9,1,140,0,8.8,1.4,0.1,0,0,0,1,0,0,0,0,1,0
2024-03-14 06:00:00,172,7,1,28,0,9.2,3.8,15.0,0,0,0,0,1,0,0,0,1,0
2024-03-27 05:00:00,161,6,1,24,0,9.1,1.4,5.9,0,0,0,0,0,0,1,0,1,0
2024-03-16 06:00:00,160,7,1,8,0,12.5,-0.6,9.2,0,0,1,0,0,0,0,0,1,0
2024-03-02 03:00:00,154,4,1,419,0,6.8,5.5,3.2,0,0,1,0,0,0,0,0,1,0
2024-03-17 07:00:00,141,8,1,47,0,13.8,5.5,0.0,0,0,0,1,0,0,0,0,1,0
2024-03-21 05:00:00,133,6,1,29,0,11.3,3.2,0.3,0,0,0,0,1,0,0,0,1,0
2024-03-06 01:00:00,132,2,1,52,0,8.1,5.7,0.6,0,0,0,0,0,0,1,0,1,0
2024-03-31 07:00:00,125,8,1,66,0,8.8,1.4,0.1,0,0,0,1,0,0,0,0,1,0
2024-03-22 05:00:00,123,6,1,23,0,11.3,4.4,0.0,1,0,0,0,0,0,0,0,1,0
2024-03-12 01:00:00,119,2,1,28,0,11.2,5.1,1.8,0,0,0,0,0,1,0,0,1,0
2024-03-17 04:00:00,117,5,1,68,0,13.8,5.5,0.0,0,0,0,1,0,0,0,0,1,0
2024-03-15 04:00:00,112,5,1,46,0,8.4,3.8,2.1,1,0,0,0,0,0,0,0,1,0
2024-03-09 05:00:00,105,6,1,110,0,6.3,5.5,0.0,0,0,1,0,0,0,0,0,1,0
2024-03-22 03:00:00,69,4,1,30,0,11.3,4.4,0.0,1,0,0,0,0,0,0,0,1,0
2024-03-13 01:00:00,99,2,1,20,0,7.0,5.9,1.4,0,0,0,0,0,0,1,0,1,0
2024-03-05 04:00:00,67,5,1,18,0,7.2,5.5,0.0,0,0,0,0,0,1,0,0,1,0
2024-03-26 02:00:00,64,3,1,14,0,7.8,1.5,6.1,0,0,0,0,0,1,0,0,1,0
2024-03-13 03:00:00,57,4,1,14,0,7.0,5.9,1.4,0,0,0,0,0,0,1,0,1,0
2024-03-04 01:00:00,54,2,1,37,0,9.9,-1.6,1.0,0,1,0,0,0,0,0,0,1,0
2024-03-17 05:00:00,96,6,1,104,0,13.8,5.5,0.0,0,0,0,1,0,0,0,0,1,0
2024-03-02 04:00:00,93,5,1,129,0,6.8,5.5,3.2,0,0,1,0,0,0,0,0,1,0
2024-03-29 03:00:00,89,4,1,23,1,12.0,4.8,0.0,1,0,0,0,0,0,0,0,1,0
2024-03-14 02:00:00,89,3,1,278,0,9.2,3.8,15.0,0,0,0,0,1,0,0,0,1,0
2024-03-12 02:00:00,87,3,1,35,0,11.2,5.1,1.8,0,0,0,0,0,1,0,0,1,0
2024-03-05 02:00:00,84,3,1,33,0,7.2,5.5,0.0,0,0,0,0,0,1,0,0,1,0
2024-03-13 02:00:00,83,3,1,48,0,7.0,5.9,1.4,0,0,0,0,0,0,1,0,1,0
2024-03-08 02:00:00,80,3,1,108,0,6.2,3.6,0.0,1,0,0,0,0,0,0,0,1,0
2024-03-12 03:00:00,36,4,1,30,0,11.2,5.1,1.8,0,0,0,0,0,1,0,0,1,0
2024-03-08 04:00:00,77,5,1,52,0,6.2,3.6,0.0,1,0,0,0,0,0,0,0,1,0
2024-03-28 03:00:00,76,4,1,64,0,10.2,2.1,4.5,0,0,0,0,1,0,0,0,1,0
2024-03-30 05:00:00,111,6,0,42,0,11.2,3.4,1.3,0,0,1,0,0,0,0,0,1,0
2024-03-04 00:00:00,110,1,0,72,0,9.9,-1.6,1.0,0,1,0,0,0,0,0,0,1,0
2024-03-08 01:00:00,109,2,0,98,0,6.2,3.6,0.0,1,0,0,0,0,0,0,0,1,0
2024-03-10 06:00:00,105,7,0,17,0,6.3,5.5,0.6,0,0,0,1,0,0,0,0,1,0
2024-03-11 00:00:00,104,1,0,59,0,11.0,4.2,0.2,0,1,0,0,0,0,0,0,1,0
2024-03-19 04:00:00,103,5,0,15,0,7.8,8.5,0.0,0,0,0,0,0,1,0,0,1,0
2024-03-20 01:00:00,102,2,0,21,0,12.3,6.2,0.0,0,0,0,0,0,0,1,0,1,0
2024-03-10 05:00:00,100,6,0,22,0,6.3,5.5,0.6,0,0,0,1,0,0,0,0,1,0
2024-03-11 05:00:00,96,6,0,39,0,11.0,4.2,0.2,0,1,0,0,0,0,0,0,1,0
2024-03-25 23:00:00,279,0,0,38,0,7.4,4.0,15.2,0,1,0,0,0,0,0,0,1,0
2024-03-03 07:00:00,204,8,0,58,0,8.1,5.5,0.0,0,0,0,1,0,0,0,0,1,0
2024-03-31 09:00:00,271,10,0,189,0,8.8,1.4,0.1,0,0,0,1,0,0,0,0,1,0
2024-03-04 23:00:00,264,0,0,65,0,9.9,-1.6,1.0,0,1,0,0,0,0,0,0,1,0
2024-03-12 23:00:00,248,0,0,86,0,11.2,5.1,1.8,0,0,0,0,0,1,0,0,1,0
2024-03-11 23:00:00,238,0,0,63,0,11.0,4.2,0.2,0,1,0,0,0,0,0,0,1,0
2024-03-09 07:00:00,228,8,0,132,0,6.3,5.5,0.0,0,0,1,0,0,0,0,0,1,0
2024-03-17 01:00:00,222,2,0,257,0,13.8,5.5,0.0,0,0,0,1,0,0,0,0,1,0
2024-03-16 23:00:00,213,0,0,157,0,12.5,-0.6,9.2,0,0,1,0,0,0,0,0,1,0
2024-03-28 05:00:00,162,6,0,41,0,10.2,2.1,4.5,0,0,0,0,1,0,0,0,1,0
2024-03-24 01:00:00,427,2,0,186,0,6.5,5.0,0.0,0,0,0,1,0,0,0,0,1,0
2024-03-29 05:00:00,131,6,0,41,1,12.0,4.8,0.0,1,0,0,0,0,0,0,0,1,0
2024-03-23 05:00:00,131,6,0,35,0,12.1,5.0,0.0,0,0,1,0,0,0,0,0,1,0
2024-03-03 05:00:00,131,6,0,42,0,8.1,5.5,0.0,0,0,0,1,0,0,0,0,1,0
2024-03-01 05:00:00,129,6,0,36,0,7.6,-1.6,2.2,1,0,0,0,0,0,0,0,1,0
2024-03-24 05:00:00,121,6,0,32,0,6.5,5.0,0.0,0,0,0,1,0,0,0,0,1,0
2024-03-29 04:00:00,120,5,0,31,1,12.0,4.8,0.0,1,0,0,0,0,0,0,0,1,0
2024-03-02 05:00:00,117,6,0,60,0,6.8,5.5,3.2,0,0,1,0,0,0,0,0,1,0
2024-03-27 04:00:00,114,5,0,8,0,9.1,1.4,5.9,0,0,0,0,0,0,1,0,1,0
2024-03-17 19:00:00,113,20,0,731,0,13.8,5.5,0.0,0,0,0,1,0,0,0,0,1,0
2024-03-19 01:00:00,113,2,0,15,0,7.8,8.5,0.0,0,0,0,0,0,1,0,0,1,0
2024-03-11 22:00:00,407,23,0,313,0,11.0,4.2,0.2,0,1,0,0,0,0,0,0,1,0
2024-03-31 06:00:00,158,7,0,73,0,8.8,1.4,0.1,0,0,0,1,0,0,0,0,1,0
2024-03-18 05:00:00,194,6,0,35,0,14.1,6.1,2.3,0,1,0,0,0,0,0,0,1,0
2024-03-22 02:00:00,152,3,0,84,0,11.3,4.4,0.0,1,0,0,0,0,0,0,0,1,0
2024-03-16 05:00:00,152,6,0,12,0,12.5,-0.6,9.2,0,0,1,0,0,0,0,0,1,0
2024-03-05 06:00:00,362,7,0,32,0,7.2,5.5,0.0,0,0,0,0,0,1,0,0,1,0
2024-03-30 02:00:00,193,3,0,96,0,11.2,3.4,1.3,0,0,1,0,0,0,0,0,1,0
2024-03-05 01:00:00,152,2,0,44,0,7.2,5.5,0.0,0,0,0,0,0,1,0,0,1,0
2024-03-23 07:00:00,356,8,0,70,0,12.1,5.0,0.0,0,0,1,0,0,0,0,0,1,0
2024-03-10 07:00:00,191,8,0,75,0,6.3,5.5,0.6,0,0,0,1,0,0,0,0,1,0
2024-03-10 20:00:00,356,21,0,505,0,6.3,5.5,0.6,0,0,0,1,0,0,0,0,1,0
2024-03-28 04:00:00,88,5,0,47,0,10.2,2.1,4.5,0,0,0,0,1,0,0,0,1,0
2024-03-22 06:00:00,352,7,0,77,0,11.3,4.4,0.0,1,0,0,0,0,0,0,0,1,0
2024-03-26 04:00:00,88,5,0,8,0,7.8,1.5,6.1,0,0,0,0,0,1,0,0,1,0
2024-03-03 06:00:00,148,7,0,28,0,8.1,5.5,0.0,0,0,0,1,0,0,0,0,1,0
2024-03-03 08:00:00,351,9,0,111,0,8.1,5.5,0.0,0,0,0,1,0,0,0,0,1,0
2024-03-04 05:00:00,179,6,0,28,0,9.9,-1.6,1.0,0,1,0,0,0,0,0,0,1,0
2024-03-26 05:00:00,148,6,0,24,0,7.8,1.5,6.1,0,0,0,0,0,1,0,0,1,0
2024-03-25 04:00:00,87,5,0,21,0,7.4,4.0,15.2,0,1,0,0,0,0,0,0,1,0
2024-03-19 00:00:00,147,1,0,62,0,7.8,8.5,0.0,0,0,0,0,0,1,0,0,1,0
2024-03-23 17:00:00,973,18,0,307,0,12.1,5.0,0.0,0,0,1,0,0,0,0,0,1,0
2024-03-24 13:00:00,87,14,0,15,0,6.5,5.0,0.0,0,0,0,1,0,0,0,0,1,0
2024-03-06 06:00:00,343,7,0,48,0,8.1,5.7,0.6,0,0,0,0,0,0,1,0,1,0
2024-03-24 06:00:00,143,7,0,32,0,6.5,5.0,0.0,0,0,0,1,0,0,0,0,1,0
2024-03-05 05:00:00,143,6,0,19,0,7.2,5.5,0.0,0,0,0,0,0,1,0,0,1,0
2024-03-13 05:00:00,141,6,0,9,0,7.0,5.9,1.4,0,0,0,0,0,0,1,0,1,0
2024-03-30 06:00:00,137,7,0,54,0,11.2,3.4,1.3,0,0,1,0,0,0,0,0,1,0
2024-03-19 05:00:00,137,6,0,30,0,7.8,8.5,0.0,0,0,0,0,0,1,0,0,1,0
2024-03-20 05:00:00,136,6,0,31,0,12.3,6.2,0.0,0,0,0,0,0,0,1,0,1,0
2024-03-22 20:00:00,862,21,0,223,0,11.3,4.4,0.0,1,0,0,0,0,0,0,0,1,0
2024-03-02 07:00:00,329,8,0,78,0,6.8,5.5,3.2,0,0,1,0,0,0,0,0,1,0
2024-03-30 21:00:00,833,22,0,129,0,11.2,3.4,1.3,0,0,1,0,0,0,0,0,1,0
2024-03-09 19:00:00,740,20,0,503,0,6.3,5.5,0.0,0,0,1,0,0,0,0,0,1,0
2024-03-20 02:00:00,85,3,0,47,0,12.3,6.2,0.0,0,0,0,0,0,0,1,0,1,0
2024-03-02 00:00:00,305,1,0,217,0,6.8,5.5,3.2,0,0,1,0,0,0,0,0,1,0
2024-03-01 04:00:00,83,5,0,42,0,7.6,-1.6,2.2,1,0,0,0,0,0,0,0,1,0
2024-03-09 22:00:00,621,23,0,585,0,6.3,5.5,0.0,0,0,1,0,0,0,0,0,1,0
2024-03-29 06:00:00,284,7,0,34,1,12.0,4.8,0.0,1,0,0,0,0,0,0,0,1,0
2024-03-19 02:00:00,71,3,0,19,0,7.8,8.5,0.0,0,0,0,0,0,1,0,0,1,0
2024-03-15 03:00:00,81,4,0,11,0,8.4,3.8,2.1,1,0,0,0,0,0,0,0,1,0
2024-03-12 04:00:00,64,5,0,7,0,11.2,5.1,1.8,0,0,0,0,0,1,0,0,1,0
2024-03-19 03:00:00,33,4,0,7,0,7.8,8.5,0.0,0,0,0,0,0,1,0,0,1,0
2024-03-27 03:00:00,63,4,0,30,0,9.1,1.4,5.9,0,0,0,0,0,0,1,0,1,0
2024-03-04 02:00:00,62,3,0,47,0,9.9,-1.6,1.0,0,1,0,0,0,0,0,0,1,0
2024-03-05 03:00:00,68,4,0,13,0,7.2,5.5,0.0,0,0,0,0,0,1,0,0,1,0
2024-03-17 06:00:00,78,7,0,37,0,13.8,5.5,0.0,0,0,0,1,0,0,0,0,1,0
2024-03-06 03:00:00,78,4,0,13,0,8.1,5.7,0.6,0,0,0,0,0,0,1,0,1,0
2024-03-27 02:00:00,67,3,0,65,0,9.1,1.4,5.9,0,0,0,0,0,0,1,0,1,0
2024-03-20 04:00:00,77,5,0,5,0,12.3,6.2,0.0,0,0,0,0,0,0,1,0,1,0
2024-03-25 02:00:00,74,3,0,12,0,7.4,4.0,15.2,0,1,0,0,0,0,0,0,1,0
2024-03-13 04:00:00,74,5,0,10,0,7.0,5.9,1.4,0,0,0,0,0,0,1,0,1,0
2024-03-08 03:00:00,73,4,0,40,0,6.2,3.6,0.0,1,0,0,0,0,0,0,0,1,0
2024-03-22 01:00:00,49,2,0,22,0,11.3,4.4,0.0,1,0,0,0,0,0,0,0,1,0
2024-03-11 04:00:00,27,5,0,32,0,11.0,4.2,0.2,0,1,0,0,0,0,0,0,1,0
2024-03-11 02:00:00,49,3,0,34,0,11.0,4.2,0.2,0,1,0,0,0,0,0,0,1,0
2024-03-26 03:00:00,59,4,0,8,0,7.8,1.5,6.1,0,0,0,0,0,1,0,0,1,0
2024-03-06 04:00:00,53,5,0,5,0,8.1,5.7,0.6,0,0,0,0,0,0,1,0,1,0
2024-03-11 01:00:00,52,2,0,50,0,11.0,4.2,0.2,0,1,0,0,0,0,0,0,1,0
2024-03-11 03:00:00,18,4,0,33,0,11.0,4.2,0.2,0,1,0,0,0,0,0,0,1,0
2023-11-02 05:00:00,123,6,1,24,0,12.7,3.2,0.3,0,0,0,0,1,0,0,0,1,0
2023-11-02 02:00:00,61,3,1,264,0,12.7,3.2,0.3,0,0,0,0,1,0,0,0,1,0
2023-11-02 06:00:00,242,7,0,32,0,12.7,3.2,0.3,0,0,0,0,1,0,0,0,1,0
2023-11-02 04:00:00,75,5,0,91,0,12.7,3.2,0.3,0,0,0,0,1,0,0,0,1,0
2023-11-02 03:00:00,74,4,0,92,0,12.7,3.2,0.3,0,0,0,0,1,0,0,0,1,0
2023-11-01 16:00:00,2460,17,29,569,0,10.0,4.0,7.7,0,0,0,0,0,0,1,0,1,0
2023-11-01 00:00:00,428,1,27,1031,0,10.0,4.0,7.7,0,0,0,0,0,0,1,0,1,0
2023-11-01 12:00:00,1303,13,16,294,0,10.0,4.0,7.7,0,0,0,0,0,0,1,0,1,0
2023-11-01 15:00:00,2011,16,15,565,0,10.0,4.0,7.7,0,0,0,0,0,0,1,0,1,0
2023-11-01 13:00:00,1581,14,14,734,0,10.0,4.0,7.7,0,0,0,0,0,0,1,0,1,0
2023-11-01 03:00:00,132,4,12,587,0,10.0,4.0,7.7,0,0,0,0,0,0,1,0,1,0
2023-11-01 14:00:00,1764,15,11,692,0,10.0,4.0,7.7,0,0,0,0,0,0,1,0,1,0
2023-11-01 09:00:00,1071,10,10,281,0,10.0,4.0,7.7,0,0,0,0,0,0,1,0,1,0
2023-11-01 11:00:00,1209,12,8,258,0,10.0,4.0,7.7,0,0,0,0,0,0,1,0,1,0
2023-11-01 08:00:00,1977,9,6,499,0,10.0,4.0,7.7,0,0,0,0,0,0,1,0,1,0
2023-11-01 17:00:00,1816,18,6,330,0,10.0,4.0,7.7,0,0,0,0,0,0,1,0,1,0
2023-11-01 21:00:00,529,22,6,216,0,10.0,4.0,7.7,0,0,0,0,0,0,1,0,1,0
2023-11-01 10:00:00,1300,11,5,258,0,10.0,4.0,7.7,0,0,0,0,0,0,1,0,1,0
2023-11-01 18:00:00,1210,19,5,275,0,10.0,4.0,7.7,0,0,0,0,0,0,1,0,1,0
2023-11-01 01:00:00,308,2,5,867,0,10.0,4.0,7.7,0,0,0,0,0,0,1,0,1,0
2023-11-01 02:00:00,201,3,5,1053,0,10.0,4.0,7.7,0,0,0,0,0,0,1,0,1,0
2023-11-01 19:00:00,993,20,4,387,0,10.0,4.0,7.7,0,0,0,0,0,0,1,0,1,0
2023-11-01 23:00:00,315,0,4,196,0,10.0,4.0,7.7,0,0,0,0,0,0,1,0,1,0
2023-11-01 07:00:00,907,8,3,151,0,10.0,4.0,7.7,0,0,0,0,0,0,1,0,1,0
2023-11-01 05:00:00,189,6,3,53,0,10.0,4.0,7.7,0,0,0,0,0,0,1,0,1,0
2023-11-01 20:00:00,662,21,2,301,0,10.0,4.0,7.7,0,0,0,0,0,0,1,0,1,0
2023-11-01 22:00:00,474,23,2,84,0,10.0,4.0,7.7,0,0,0,0,0,0,1,0,1,0
2023-11-01 06:00:00,283,7,2,45,0,10.0,4.0,7.7,0,0,0,0,0,0,1,0,1,0
2023-11-01 04:00:00,130,5,0,264,0,10.0,4.0,7.7,0,0,0,0,0,0,1,0,1,0
2023-11-02 14:00:00,2024,15,29,1016,0,12.7,3.2,0.3,0,0,0,0,1,0,0,0,1,0
2023-11-02 15:00:00,2244,16,28,996,0,12.7,3.2,0.3,0,0,0,0,1,0,0,0,1,0
2023-11-02 17:00:00,2039,18,5,760,0,12.7,3.2,0.3,0,0,0,0,1,0,0,0,1,0
2023-11-02 19:00:00,1351,20,5,470,0,12.7,3.2,0.3,0,0,0,0,1,0,0,0,1,0
2023-11-02 18:00:00,1777,19,4,871,0,12.7,3.2,0.3,0,0,0,0,1,0,0,0,1,0
2023-11-02 20:00:00,648,21,3,179,0,12.7,3.2,0.3,0,0,0,0,1,0,0,0,1,0
2023-11-02 23:00:00,304,0,3,152,0,12.7,3.2,0.3,0,0,0,0,1,0,0,0,1,0
2023-11-02 21:00:00,536,22,2,211,0,12.7,3.2,0.3,0,0,0,0,1,0,0,0,1,0
2023-11-02 22:00:00,473,23,2,301,0,12.7,3.2,0.3,0,0,0,0,1,0,0,0,1,0
2023-11-02 00:00:00,152,1,2,215,0,12.7,3.2,0.3,0,0,0,0,1,0,0,0,1,0
2023-11-02 01:00:00,125,2,2,118,0,12.7,3.2,0.3,0,0,0,0,1,0,0,0,1,0
2023-11-02 16:00:00,2479,17,23,1047,0,12.7,3.2,0.3,0,0,0,0,1,0,0,0,1,0
2023-11-02 08:00:00,1455,9,20,839,0,12.7,3.2,0.3,0,0,0,0,1,0,0,0,1,0
2023-11-02 13:00:00,2038,14,16,1320,0,12.7,3.2,0.3,0,0,0,0,1,0,0,0,1,0
2023-11-02 11:00:00,1198,12,12,1034,0,12.7,3.2,0.3,0,0,0,0,1,0,0,0,1,0
2023-11-02 09:00:00,1301,10,11,940,0,12.7,3.2,0.3,0,0,0,0,1,0,0,0,1,0
2023-11-02 12:00:00,1346,13,10,1391,0,12.7,3.2,0.3,0,0,0,0,1,0,0,0,1,0
2023-11-02 10:00:00,1129,11,9,1155,0,12.7,3.2,0.3,0,0,0,0,1,0,0,0,1,0
2023-11-02 07:00:00,660,8,7,307,0,12.7,3.2,0.3,0,0,0,0,1,0,0,0,1,0
2023-11-03 13:00:00,2502,14,36,1362,0,11.2,7.3,1.4,1,0,0,0,0,0,0,0,1,0
2023-11-03 12:00:00,2172,13,28,1379,0,11.2,7.3,1.4,1,0,0,0,0,0,0,0,1,0
2023-11-03 14:00:00,2270,15,24,1058,0,11.2,7.3,1.4,1,0,0,0,0,0,0,0,1,0
2023-11-03 08:00:00,2028,9,23,722,0,11.2,7.3,1.4,1,0,0,0,0,0,0,0,1,0
2023-11-03 16:00:00,2545,17,21,1064,0,11.2,7.3,1.4,1,0,0,0,0,0,0,0,1,0
2023-11-03 10:00:00,1881,11,21,938,0,11.2,7.3,1.4,1,0,0,0,0,0,0,0,1,0
2023-11-03 15:00:00,2188,16,20,966,0,11.2,7.3,1.4,1,0,0,0,0,0,0,0,1,0
2023-11-03 09:00:00,1995,10,17,734,0,11.2,7.3,1.4,1,0,0,0,0,0,0,0,1,0
2023-11-03 11:00:00,1924,12,13,1020,0,11.2,7.3,1.4,1,0,0,0,0,0,0,0,1,0
2023-11-04 14:00:00,1936,15,16,983,0,10.6,5.5,0.6,0,0,1,0,0,0,0,0,1,0
2023-11-03 02:00:00,84,3,1,90,0,11.2,7.3,1.4,1,0,0,0,0,0,0,0,1,0
2023-11-04 15:00:00,1676,16,14,1062,0,10.6,5.5,0.6,0,0,1,0,0,0,0,0,1,0
2023-11-03 04:00:00,58,5,1,44,0,11.2,7.3,1.4,1,0,0,0,0,0,0,0,1,0
2023-11-04 08:00:00,749,9,13,233,0,10.6,5.5,0.6,0,0,1,0,0,0,0,0,1,0
2023-11-04 11:00:00,1771,12,12,588,0,10.6,5.5,0.6,0,0,1,0,0,0,0,0,1,0
2023-11-03 05:00:00,129,6,0,50,0,11.2,7.3,1.4,1,0,0,0,0,0,0,0,1,0
2023-11-03 01:00:00,125,2,0,74,0,11.2,7.3,1.4,1,0,0,0,0,0,0,0,1,0
2023-11-03 03:00:00,82,4,0,68,0,11.2,7.3,1.4,1,0,0,0,0,0,0,0,1,0
2023-11-04 16:00:00,1580,17,9,894,0,10.6,5.5,0.6,0,0,1,0,0,0,0,0,1,0
2023-11-04 09:00:00,1283,10,9,350,0,10.6,5.5,0.6,0,0,1,0,0,0,0,0,1,0
2023-11-04 23:00:00,643,0,9,250,0,10.6,5.5,0.6,0,0,1,0,0,0,0,0,1,0
2023-11-04 10:00:00,1491,11,8,465,0,10.6,5.5,0.6,0,0,1,0,0,0,0,0,1,0
2023-11-04 13:00:00,2140,14,7,968,0,10.6,5.5,0.6,0,0,1,0,0,0,0,0,1,0
2023-11-04 00:00:00,418,1,7,425,0,10.6,5.5,0.6,0,0,1,0,0,0,0,0,1,0
2023-11-04 12:00:00,2040,13,5,815,0,10.6,5.5,0.6,0,0,1,0,0,0,0,0,1,0
2023-11-04 07:00:00,355,8,5,90,0,10.6,5.5,0.6,0,0,1,0,0,0,0,0,1,0
2023-11-04 22:00:00,817,23,3,203,0,10.6,5.5,0.6,0,0,1,0,0,0,0,0,1,0
2023-11-04 06:00:00,169,7,3,38,0,10.6,5.5,0.6,0,0,1,0,0,0,0,0,1,0
2023-11-04 18:00:00,983,19,2,473,0,10.6,5.5,0.6,0,0,1,0,0,0,0,0,1,0
2023-11-04 17:00:00,1066,18,1,413,0,10.6,5.5,0.6,0,0,1,0,0,0,0,0,1,0
2023-11-04 20:00:00,745,21,1,648,0,10.6,5.5,0.6,0,0,1,0,0,0,0,0,1,0
2023-11-04 03:00:00,149,4,1,379,0,10.6,5.5,0.6,0,0,1,0,0,0,0,0,1,0
2023-11-04 04:00:00,117,5,1,80,0,10.6,5.5,0.6,0,0,1,0,0,0,0,0,1,0
2023-11-04 19:00:00,942,20,0,579,0,10.6,5.5,0.6,0,0,1,0,0,0,0,0,1,0
2023-11-04 21:00:00,706,22,0,484,0,10.6,5.5,0.6,0,0,1,0,0,0,0,0,1,0
2023-11-04 01:00:00,264,2,0,345,0,10.6,5.5,0.6,0,0,1,0,0,0,0,0,1,0
2023-11-04 02:00:00,148,3,0,408,0,10.6,5.5,0.6,0,0,1,0,0,0,0,0,1,0
2023-11-04 05:00:00,127,6,0,36,0,10.6,5.5,0.6,0,0,1,0,0,0,0,0,1,0
2023-11-05 13:00:00,1508,14,28,834,0,10.8,5.5,0.0,0,0,0,1,0,0,0,0,1,0
2023-11-05 14:00:00,1429,15,26,842,0,10.8,5.5,0.0,0,0,0,1,0,0,0,0,1,0
2023-11-05 12:00:00,1500,13,13,738,0,10.8,5.5,0.0,0,0,0,1,0,0,0,0,1,0
2023-11-05 11:00:00,1115,12,13,587,0,10.8,5.5,0.0,0,0,0,1,0,0,0,0,1,0
2023-11-05 16:00:00,1468,17,12,805,0,10.8,5.5,0.0,0,0,0,1,0,0,0,0,1,0
2023-11-03 17:00:00,1996,18,5,789,0,11.2,7.3,1.4,1,0,0,0,0,0,0,0,1,0
2023-11-03 18:00:00,1588,19,5,526,0,11.2,7.3,1.4,1,0,0,0,0,0,0,0,1,0
2023-11-03 20:00:00,1036,21,5,506,0,11.2,7.3,1.4,1,0,0,0,0,0,0,0,1,0
2023-11-03 22:00:00,941,23,4,478,0,11.2,7.3,1.4,1,0,0,0,0,0,0,0,1,0
2023-11-03 07:00:00,932,8,3,204,0,11.2,7.3,1.4,1,0,0,0,0,0,0,0,1,0
2023-11-03 23:00:00,674,0,3,317,0,11.2,7.3,1.4,1,0,0,0,0,0,0,0,1,0
2023-11-03 00:00:00,224,1,3,186,0,11.2,7.3,1.4,1,0,0,0,0,0,0,0,1,0
2023-11-03 21:00:00,922,22,2,600,0,11.2,7.3,1.4,1,0,0,0,0,0,0,0,1,0
2023-11-03 06:00:00,234,7,2,47,0,11.2,7.3,1.4,1,0,0,0,0,0,0,0,1,0
2023-11-03 19:00:00,1404,20,1,551,0,11.2,7.3,1.4,1,0,0,0,0,0,0,0,1,0
2023-11-06 19:00:00,1038,20,8,238,0,12.1,3.3,0.2,0,1,0,0,0,0,0,0,1,0
2023-11-05 21:00:00,811,22,4,554,0,10.8,5.5,0.0,0,0,0,1,0,0,0,0,1,0
2023-11-06 07:00:00,800,8,8,176,0,12.1,3.3,0.2,0,1,0,0,0,0,0,0,1,0
2023-11-06 21:00:00,728,22,8,198,0,12.1,3.3,0.2,0,1,0,0,0,0,0,0,1,0
2023-11-05 15:00:00,1435,16,11,760,0,10.8,5.5,0.0,0,0,0,1,0,0,0,0,1,0
2023-11-06 10:00:00,1205,11,6,563,0,12.1,3.3,0.2,0,1,0,0,0,0,0,0,1,0
2023-11-06 22:00:00,512,23,5,331,0,12.1,3.3,0.2,0,1,0,0,0,0,0,0,1,0
2023-11-06 17:00:00,1865,18,4,604,0,12.1,3.3,0.2,0,1,0,0,0,0,0,0,1,0
2023-11-06 11:00:00,1293,12,4,663,0,12.1,3.3,0.2,0,1,0,0,0,0,0,0,1,0
2023-11-06 23:00:00,287,0,3,146,0,12.1,3.3,0.2,0,1,0,0,0,0,0,0,1,0
2023-11-06 20:00:00,736,21,2,230,0,12.1,3.3,0.2,0,1,0,0,0,0,0,0,1,0
2023-11-06 00:00:00,211,1,2,125,0,12.1,3.3,0.2,0,1,0,0,0,0,0,0,1,0
2023-11-06 05:00:00,147,6,1,44,0,12.1,3.3,0.2,0,1,0,0,0,0,0,0,1,0
2023-11-06 02:00:00,109,3,1,41,0,12.1,3.3,0.2,0,1,0,0,0,0,0,0,1,0
2023-11-05 22:00:00,617,23,10,360,0,10.8,5.5,0.0,0,0,0,1,0,0,0,0,1,0
2023-11-05 00:00:00,506,1,10,333,0,10.8,5.5,0.0,0,0,0,1,0,0,0,0,1,0
2023-11-05 10:00:00,999,11,9,485,0,10.8,5.5,0.0,0,0,0,1,0,0,0,0,1,0
2023-11-05 08:00:00,378,9,9,175,0,10.8,5.5,0.0,0,0,0,1,0,0,0,0,1,0
2023-11-05 09:00:00,578,10,7,288,0,10.8,5.5,0.0,0,0,0,1,0,0,0,0,1,0
2023-11-05 23:00:00,397,0,7,126,0,10.8,5.5,0.0,0,0,0,1,0,0,0,0,1,0
2023-11-05 17:00:00,1194,18,6,679,0,10.8,5.5,0.0,0,0,0,1,0,0,0,0,1,0
2023-11-05 18:00:00,1135,19,6,411,0,10.8,5.5,0.0,0,0,0,1,0,0,0,0,1,0
2023-11-05 19:00:00,993,20,5,546,0,10.8,5.5,0.0,0,0,0,1,0,0,0,0,1,0
2023-11-06 01:00:00,99,2,1,24,0,12.1,3.3,0.2,0,1,0,0,0,0,0,0,1,0
2023-11-05 20:00:00,841,21,3,422,0,10.8,5.5,0.0,0,0,0,1,0,0,0,0,1,0
2023-11-05 03:00:00,302,4,3,339,0,10.8,5.5,0.0,0,0,0,1,0,0,0,0,1,0
2023-11-05 07:00:00,198,8,2,97,0,10.8,5.5,0.0,0,0,0,1,0,0,0,0,1,0
2023-11-05 04:00:00,193,5,2,119,0,10.8,5.5,0.0,0,0,0,1,0,0,0,0,1,0
2023-11-05 01:00:00,365,2,1,407,0,10.8,5.5,0.0,0,0,0,1,0,0,0,0,1,0
2023-11-05 02:00:00,306,3,1,559,0,10.8,5.5,0.0,0,0,0,1,0,0,0,0,1,0
2023-11-05 05:00:00,128,6,1,72,0,10.8,5.5,0.0,0,0,0,1,0,0,0,0,1,0
2023-11-05 06:00:00,103,7,0,40,0,10.8,5.5,0.0,0,0,0,1,0,0,0,0,1,0
2023-11-07 21:00:00,861,22,15,605,0,10.1,5.6,2.2,0,0,0,0,0,1,0,0,1,0
2023-11-07 18:00:00,1606,19,14,786,0,10.1,5.6,2.2,0,0,0,0,0,1,0,0,1,0
2023-11-07 17:00:00,2137,18,11,700,0,10.1,5.6,2.2,0,0,0,0,0,1,0,0,1,0
2023-11-07 12:00:00,1233,13,10,1235,0,10.1,5.6,2.2,0,0,0,0,0,1,0,0,1,0
2023-11-07 20:00:00,967,21,9,592,0,10.1,5.6,2.2,0,0,0,0,0,1,0,0,1,0
2023-11-07 22:00:00,584,23,7,373,0,10.1,5.6,2.2,0,0,0,0,0,1,0,0,1,0
2023-11-07 15:00:00,1407,16,6,973,0,10.1,5.6,2.2,0,0,0,0,0,1,0,0,1,0
2023-11-07 10:00:00,1755,11,25,955,0,10.1,5.6,2.2,0,0,0,0,0,1,0,0,1,0
2023-11-07 11:00:00,1508,12,23,990,0,10.1,5.6,2.2,0,0,0,0,0,1,0,0,1,0
2023-11-07 13:00:00,1302,14,22,1174,0,10.1,5.6,2.2,0,0,0,0,0,1,0,0,1,0
2023-11-07 16:00:00,2272,17,20,1006,0,10.1,5.6,2.2,0,0,0,0,0,1,0,0,1,0
2023-11-07 09:00:00,1849,10,17,884,0,10.1,5.6,2.2,0,0,0,0,0,1,0,0,1,0
2023-11-07 14:00:00,1310,15,17,924,0,10.1,5.6,2.2,0,0,0,0,0,1,0,0,1,0
2023-11-06 06:00:00,309,7,0,48,0,12.1,3.3,0.2,0,1,0,0,0,0,0,0,1,0
2023-11-06 16:00:00,2358,17,24,823,0,12.1,3.3,0.2,0,1,0,0,0,0,0,0,1,0
2023-11-06 13:00:00,1536,14,16,465,0,12.1,3.3,0.2,0,1,0,0,0,0,0,0,1,0
2023-11-06 12:00:00,1470,13,16,621,0,12.1,3.3,0.2,0,1,0,0,0,0,0,0,1,0
2023-11-06 08:00:00,1600,9,10,497,0,12.1,3.3,0.2,0,1,0,0,0,0,0,0,1,0
2023-11-06 09:00:00,1386,10,10,568,0,12.1,3.3,0.2,0,1,0,0,0,0,0,0,1,0
2023-11-06 18:00:00,1330,19,10,370,0,12.1,3.3,0.2,0,1,0,0,0,0,0,0,1,0
2023-11-06 15:00:00,2069,16,9,538,0,12.1,3.3,0.2,0,1,0,0,0,0,0,0,1,0
2023-11-06 14:00:00,1822,15,9,504,0,12.1,3.3,0.2,0,1,0,0,0,0,0,0,1,0
2023-11-06 03:00:00,66,4,0,18,0,12.1,3.3,0.2,0,1,0,0,0,0,0,0,1,0
2023-11-06 04:00:00,62,5,0,49,0,12.1,3.3,0.2,0,1,0,0,0,0,0,0,1,0
2023-11-07 01:00:00,127,2,0,79,0,10.1,5.6,2.2,0,0,0,0,0,1,0,0,1,0
2023-11-07 05:00:00,57,6,0,61,0,10.1,5.6,2.2,0,0,0,0,0,1,0,0,1,0
2023-11-07 04:00:00,32,5,0,113,0,10.1,5.6,2.2,0,0,0,0,0,1,0,0,1,0
2023-11-07 03:00:00,24,4,0,111,0,10.1,5.6,2.2,0,0,0,0,0,1,0,0,1,0
2023-11-08 08:00:00,2227,9,8,814,0,8.9,3.0,0.8,0,0,0,0,0,0,1,0,1,0
2023-11-08 02:00:00,109,3,1,152,0,8.9,3.0,0.8,0,0,0,0,0,0,1,0,1,0
2023-11-07 19:00:00,1266,20,4,631,0,10.1,5.6,2.2,0,0,0,0,0,1,0,0,1,0
2023-11-09 11:00:00,1707,12,9,624,0,7.9,0.7,0.0,0,0,0,0,1,0,0,0,1,0
2023-11-08 14:00:00,1930,15,20,1072,0,8.9,3.0,0.8,0,0,0,0,0,0,1,0,1,0
2023-11-08 01:00:00,71,2,1,42,0,8.9,3.0,0.8,0,0,0,0,0,0,1,0,1,0
2023-11-08 03:00:00,70,4,1,42,0,8.9,3.0,0.8,0,0,0,0,0,0,1,0,1,0
2023-11-08 20:00:00,991,21,4,621,0,8.9,3.0,0.8,0,0,0,0,0,0,1,0,1,0
2023-11-08 06:00:00,305,7,4,56,0,8.9,3.0,0.8,0,0,0,0,0,0,1,0,1,0
2023-11-08 00:00:00,127,1,3,98,0,8.9,3.0,0.8,0,0,0,0,0,0,1,0,1,0
2023-11-08 07:00:00,939,8,1,208,0,8.9,3.0,0.8,0,0,0,0,0,0,1,0,1,0
2023-11-09 02:00:00,210,3,7,371,0,7.9,0.7,0.0,0,0,0,0,1,0,0,0,1,0
2023-11-09 15:00:00,1698,16,5,621,0,7.9,0.7,0.0,0,0,0,0,1,0,0,0,1,0
2023-11-09 18:00:00,1285,19,4,563,0,7.9,0.7,0.0,0,0,0,0,1,0,0,0,1,0
2023-11-09 22:00:00,489,23,4,318,0,7.9,0.7,0.0,0,0,0,0,1,0,0,0,1,0
2023-11-09 08:00:00,2084,9,3,602,0,7.9,0.7,0.0,0,0,0,0,1,0,0,0,1,0
2023-11-09 09:00:00,1674,10,3,451,0,7.9,0.7,0.0,0,0,0,0,1,0,0,0,1,0
2023-11-09 19:00:00,1076,20,3,458,0,7.9,0.7,0.0,0,0,0,0,1,0,0,0,1,0
2023-11-09 07:00:00,929,8,3,273,0,7.9,0.7,0.0,0,0,0,0,1,0,0,0,1,0
2023-11-09 20:00:00,775,21,3,379,0,7.9,0.7,0.0,0,0,0,0,1,0,0,0,1,0
2023-11-09 06:00:00,318,7,3,70,0,7.9,0.7,0.0,0,0,0,0,1,0,0,0,1,0
2023-11-09 01:00:00,145,2,3,171,0,7.9,0.7,0.0,0,0,0,0,1,0,0,0,1,0
2023-11-08 09:00:00,2164,10,18,869,0,8.9,3.0,0.8,0,0,0,0,0,0,1,0,1,0
2023-11-08 16:00:00,2475,17,29,962,0,8.9,3.0,0.8,0,0,0,0,0,0,1,0,1,0
2023-11-08 15:00:00,2103,16,28,937,0,8.9,3.0,0.8,0,0,0,0,0,0,1,0,1,0
2023-11-09 12:00:00,1708,13,2,916,0,7.9,0.7,0.0,0,0,0,0,1,0,0,0,1,0
2023-11-09 16:00:00,1643,17,2,646,0,7.9,0.7,0.0,0,0,0,0,1,0,0,0,1,0
2023-11-09 17:00:00,1502,18,2,553,0,7.9,0.7,0.0,0,0,0,0,1,0,0,0,1,0
2023-11-09 14:00:00,1397,15,2,650,0,7.9,0.7,0.0,0,0,0,0,1,0,0,0,1,0
2023-11-08 11:00:00,1784,12,17,1046,0,8.9,3.0,0.8,0,0,0,0,0,0,1,0,1,0
2023-11-08 22:00:00,713,23,17,512,0,8.9,3.0,0.8,0,0,0,0,0,0,1,0,1,0
2023-11-08 05:00:00,142,6,0,51,0,8.9,3.0,0.8,0,0,0,0,0,0,1,0,1,0
2023-11-08 12:00:00,1821,13,16,1504,0,8.9,3.0,0.8,0,0,0,0,0,0,1,0,1,0
2023-11-07 07:00:00,711,8,2,186,0,10.1,5.6,2.2,0,0,0,0,0,1,0,0,1,0
2023-11-07 23:00:00,329,0,2,125,0,10.1,5.6,2.2,0,0,0,0,0,1,0,0,1,0
2023-11-08 04:00:00,83,5,0,33,0,8.9,3.0,0.8,0,0,0,0,0,0,1,0,1,0
2023-11-07 00:00:00,201,1,2,77,0,10.1,5.6,2.2,0,0,0,0,0,1,0,0,1,0
2023-11-08 21:00:00,877,22,14,586,0,8.9,3.0,0.8,0,0,0,0,0,0,1,0,1,0
2023-11-09 21:00:00,630,22,1,424,0,7.9,0.7,0.0,0,0,0,0,1,0,0,0,1,0
2023-11-07 08:00:00,1433,9,1,522,0,10.1,5.6,2.2,0,0,0,0,0,1,0,0,1,0
2023-11-08 17:00:00,2184,18,12,728,0,8.9,3.0,0.8,0,0,0,0,0,0,1,0,1,0
2023-11-09 23:00:00,340,0,1,117,0,7.9,0.7,0.0,0,0,0,0,1,0,0,0,1,0
2023-11-09 00:00:00,209,1,1,105,0,7.9,0.7,0.0,0,0,0,0,1,0,0,0,1,0
2023-11-09 03:00:00,123,4,1,169,0,7.9,0.7,0.0,0,0,0,0,1,0,0,0,1,0
2023-11-07 02:00:00,54,3,1,114,0,10.1,5.6,2.2,0,0,0,0,0,1,0,0,1,0
2023-11-09 10:00:00,1565,11,14,506,0,7.9,0.7,0.0,0,0,0,0,1,0,0,0,1,0
2023-11-08 10:00:00,1948,11,11,888,0,8.9,3.0,0.8,0,0,0,0,0,0,1,0,1,0
2023-11-09 04:00:00,85,5,1,85,0,7.9,0.7,0.0,0,0,0,0,1,0,0,0,1,0
2023-11-08 19:00:00,1345,20,11,588,0,8.9,3.0,0.8,0,0,0,0,0,0,1,0,1,0
2023-11-08 13:00:00,1921,14,10,1286,0,8.9,3.0,0.8,0,0,0,0,0,0,1,0,1,0
2023-11-08 18:00:00,1586,19,10,647,0,8.9,3.0,0.8,0,0,0,0,0,0,1,0,1,0
2023-11-09 13:00:00,1674,14,11,581,0,7.9,0.7,0.0,0,0,0,0,1,0,0,0,1,0
2023-11-08 23:00:00,391,0,9,385,0,8.9,3.0,0.8,0,0,0,0,0,0,1,0,1,0
2023-11-07 06:00:00,130,7,0,82,0,10.1,5.6,2.2,0,0,0,0,0,1,0,0,1,0
2023-11-09 05:00:00,160,6,0,83,0,7.9,0.7,0.0,0,0,0,0,1,0,0,0,1,0
2023-11-11 03:00:00,251,4,4,455,0,9.0,0.5,0.0,0,0,1,0,0,0,0,0,1,0
2023-11-10 15:00:00,2247,16,11,815,0,9.6,-1.6,0.2,1,0,0,0,0,0,0,0,1,0
2023-11-10 14:00:00,2167,15,11,796,0,9.6,-1.6,0.2,1,0,0,0,0,0,0,0,1,0
2023-11-10 19:00:00,1430,20,10,504,0,9.6,-1.6,0.2,1,0,0,0,0,0,0,0,1,0
2023-11-10 12:00:00,2141,13,9,1038,0,9.6,-1.6,0.2,1,0,0,0,0,0,0,0,1,0
2023-11-10 13:00:00,2254,14,8,991,0,9.6,-1.6,0.2,1,0,0,0,0,0,0,0,1,0
2023-11-10 11:00:00,1750,12,8,807,0,9.6,-1.6,0.2,1,0,0,0,0,0,0,0,1,0
2023-11-10 18:00:00,1566,19,6,653,0,9.6,-1.6,0.2,1,0,0,0,0,0,0,0,1,0
2023-11-10 20:00:00,971,21,6,528,0,9.6,-1.6,0.2,1,0,0,0,0,0,0,0,1,0
2023-11-10 08:00:00,1839,9,5,531,0,9.6,-1.6,0.2,1,0,0,0,0,0,0,0,1,0
2023-11-10 09:00:00,1636,10,5,593,0,9.6,-1.6,0.2,1,0,0,0,0,0,0,0,1,0
2023-11-10 23:00:00,711,0,5,464,0,9.6,-1.6,0.2,1,0,0,0,0,0,0,0,1,0
2023-11-10 16:00:00,2177,17,4,776,0,9.6,-1.6,0.2,1,0,0,0,0,0,0,0,1,0
2023-11-10 17:00:00,2014,18,4,612,0,9.6,-1.6,0.2,1,0,0,0,0,0,0,0,1,0
2023-11-10 01:00:00,180,2,0,68,0,9.6,-1.6,0.2,1,0,0,0,0,0,0,0,1,0
2023-11-10 22:00:00,841,23,4,562,0,9.6,-1.6,0.2,1,0,0,0,0,0,0,0,1,0
2023-11-10 05:00:00,166,6,0,25,0,9.6,-1.6,0.2,1,0,0,0,0,0,0,0,1,0
2023-11-10 02:00:00,97,3,0,141,0,9.6,-1.6,0.2,1,0,0,0,0,0,0,0,1,0
2023-11-10 03:00:00,97,4,0,34,0,9.6,-1.6,0.2,1,0,0,0,0,0,0,0,1,0
2023-11-11 02:00:00,214,3,3,508,0,9.0,0.5,0.0,0,0,1,0,0,0,0,0,1,0
2023-11-11 15:00:00,1587,16,11,587,0,9.0,0.5,0.0,0,0,1,0,0,0,0,0,1,0
2023-11-11 16:00:00,1541,17,6,687,0,9.0,0.5,0.0,0,0,1,0,0,0,0,0,1,0
2023-11-11 00:00:00,376,1,5,389,0,9.0,0.5,0.0,0,0,1,0,0,0,0,0,1,0
2023-11-11 14:00:00,1367,15,0,630,0,9.0,0.5,0.0,0,0,1,0,0,0,0,0,1,0
2023-11-11 10:00:00,1056,11,0,293,0,9.0,0.5,0.0,0,0,1,0,0,0,0,0,1,0
2023-11-11 04:00:00,137,5,3,136,0,9.0,0.5,0.0,0,0,1,0,0,0,0,0,1,0
2023-11-11 18:00:00,940,19,0,537,0,9.0,0.5,0.0,0,0,1,0,0,0,0,0,1,0
2023-11-11 22:00:00,652,23,0,560,0,9.0,0.5,0.0,0,0,1,0,0,0,0,0,1,0
2023-11-11 13:00:00,1387,14,2,575,0,9.0,0.5,0.0,0,0,1,0,0,0,0,0,1,0
2023-11-11 12:00:00,1363,13,2,606,0,9.0,0.5,0.0,0,0,1,0,0,0,0,0,1,0
2023-11-11 17:00:00,1356,18,2,519,0,9.0,0.5,0.0,0,0,1,0,0,0,0,0,1,0
2023-11-11 23:00:00,519,0,2,371,0,9.0,0.5,0.0,0,0,1,0,0,0,0,0,1,0
2023-11-11 11:00:00,1250,12,1,456,0,9.0,0.5,0.0,0,0,1,0,0,0,0,0,1,0
2023-11-11 09:00:00,905,10,1,271,0,9.0,0.5,0.0,0,0,1,0,0,0,0,0,1,0
2023-11-11 19:00:00,857,20,1,623,0,9.0,0.5,0.0,0,0,1,0,0,0,0,0,1,0
2023-11-11 20:00:00,616,21,1,524,0,9.0,0.5,0.0,0,0,1,0,0,0,0,0,1,0
2023-11-11 08:00:00,568,9,1,166,0,9.0,0.5,0.0,0,0,1,0,0,0,0,0,1,0
2023-11-11 07:00:00,318,8,1,92,0,9.0,0.5,0.0,0,0,1,0,0,0,0,0,1,0
2023-11-11 05:00:00,134,6,1,47,0,9.0,0.5,0.0,0,0,1,0,0,0,0,0,1,0
2023-11-11 21:00:00,379,22,0,525,0,9.0,0.5,0.0,0,0,1,0,0,0,0,0,1,0
2023-11-11 01:00:00,258,2,0,320,0,9.0,0.5,0.0,0,0,1,0,0,0,0,0,1,0
2023-11-11 06:00:00,181,7,0,48,0,9.0,0.5,0.0,0,0,1,0,0,0,0,0,1,0
2023-11-12 16:00:00,882,17,17,400,0,9.0,-0.1,7.7,0,0,0,1,0,0,0,0,1,0
2023-11-10 21:00:00,890,22,1,489,0,9.6,-1.6,0.2,1,0,0,0,0,0,0,0,1,0
2023-11-10 06:00:00,306,7,1,42,0,9.6,-1.6,0.2,1,0,0,0,0,0,0,0,1,0
2023-11-10 00:00:00,281,1,1,177,0,9.6,-1.6,0.2,1,0,0,0,0,0,0,0,1,0
2023-11-10 04:00:00,85,5,1,71,0,9.6,-1.6,0.2,1,0,0,0,0,0,0,0,1,0
2023-11-10 10:00:00,1549,11,0,619,0,9.6,-1.6,0.2,1,0,0,0,0,0,0,0,1,0
2023-11-10 07:00:00,843,8,0,232,0,9.6,-1.6,0.2,1,0,0,0,0,0,0,0,1,0
2023-11-12 00:00:00,521,1,7,586,0,9.0,-0.1,7.7,0,0,0,1,0,0,0,0,1,0
2023-11-13 15:00:00,1151,16,0,281,0,8.4,-0.1,27.3,0,1,0,0,0,0,0,0,1,0
2023-11-12 07:00:00,102,8,1,92,0,9.0,-0.1,7.7,0,0,0,1,0,0,0,0,1,0
2023-11-13 10:00:00,1033,11,0,396,0,8.4,-0.1,27.3,0,1,0,0,0,0,0,0,1,0
2023-11-13 16:00:00,832,17,0,72,0,8.4,-0.1,27.3,0,1,0,0,0,0,0,0,1,0
2023-11-12 05:00:00,88,6,1,58,0,9.0,-0.1,7.7,0,0,0,1,0,0,0,0,1,0
2023-11-13 01:00:00,109,2,2,50,0,8.4,-0.1,27.3,0,1,0,0,0,0,0,0,1,0
2023-11-13 17:00:00,454,18,0,32,0,8.4,-0.1,27.3,0,1,0,0,0,0,0,0,1,0
2023-11-13 23:00:00,214,0,0,106,0,8.4,-0.1,27.3,0,1,0,0,0,0,0,0,1,0
2023-11-13 05:00:00,137,6,0,25,0,8.4,-0.1,27.3,0,1,0,0,0,0,0,0,1,0
2023-11-13 02:00:00,93,3,2,86,0,8.4,-0.1,27.3,0,1,0,0,0,0,0,0,1,0
2023-11-12 17:00:00,757,18,6,304,0,9.0,-0.1,7.7,0,0,0,1,0,0,0,0,1,0
2023-11-14 13:00:00,1876,14,10,1232,0,8.0,6.1,19.6,0,0,0,0,0,1,0,0,1,0
2023-11-14 11:00:00,1715,12,10,994,0,8.0,6.1,19.6,0,0,0,0,0,1,0,0,1,0
2023-11-14 08:00:00,2087,9,6,815,0,8.0,6.1,19.6,0,0,0,0,0,1,0,0,1,0
2023-11-14 15:00:00,2025,16,6,729,0,8.0,6.1,19.6,0,0,0,0,0,1,0,0,1,0
2023-11-14 14:00:00,1711,15,6,890,0,8.0,6.1,19.6,0,0,0,0,0,1,0,0,1,0
2023-11-14 10:00:00,1688,11,4,839,0,8.0,6.1,19.6,0,0,0,0,0,1,0,0,1,0
2023-11-14 23:00:00,321,0,4,141,0,8.0,6.1,19.6,0,0,0,0,0,1,0,0,1,0
2023-11-14 16:00:00,2129,17,3,483,0,8.0,6.1,19.6,0,0,0,0,0,1,0,0,1,0
2023-11-14 17:00:00,2016,18,3,671,0,8.0,6.1,19.6,0,0,0,0,0,1,0,0,1,0
2023-11-14 18:00:00,1757,19,3,582,0,8.0,6.1,19.6,0,0,0,0,0,1,0,0,1,0
2023-11-14 19:00:00,1300,20,3,551,0,8.0,6.1,19.6,0,0,0,0,0,1,0,0,1,0
2023-11-14 21:00:00,787,22,3,456,0,8.0,6.1,19.6,0,0,0,0,0,1,0,0,1,0
2023-11-13 04:00:00,64,5,2,24,0,8.4,-0.1,27.3,0,1,0,0,0,0,0,0,1,0
2023-11-13 08:00:00,1502,9,1,453,0,8.4,-0.1,27.3,0,1,0,0,0,0,0,0,1,0
2023-11-12 15:00:00,879,16,3,632,0,9.0,-0.1,7.7,0,0,0,1,0,0,0,0,1,0
2023-11-12 14:00:00,720,15,3,730,0,9.0,-0.1,7.7,0,0,0,1,0,0,0,0,1,0
2023-11-13 09:00:00,1238,10,1,349,0,8.4,-0.1,27.3,0,1,0,0,0,0,0,0,1,0
2023-11-13 14:00:00,1092,15,7,314,0,8.4,-0.1,27.3,0,1,0,0,0,0,0,0,1,0
2023-11-12 11:00:00,571,12,0,390,0,9.0,-0.1,7.7,0,0,0,1,0,0,0,0,1,0
2023-11-12 19:00:00,558,20,0,258,0,9.0,-0.1,7.7,0,0,0,1,0,0,0,0,1,0
2023-11-13 11:00:00,1098,12,6,383,0,8.4,-0.1,27.3,0,1,0,0,0,0,0,0,1,0
2023-11-12 20:00:00,500,21,0,252,0,9.0,-0.1,7.7,0,0,0,1,0,0,0,0,1,0
2023-11-13 07:00:00,681,8,1,130,0,8.4,-0.1,27.3,0,1,0,0,0,0,0,0,1,0
2023-11-13 20:00:00,674,21,1,367,0,8.4,-0.1,27.3,0,1,0,0,0,0,0,0,1,0
2023-11-12 21:00:00,412,22,0,295,0,9.0,-0.1,7.7,0,0,0,1,0,0,0,0,1,0
2023-11-12 22:00:00,381,23,0,109,0,9.0,-0.1,7.7,0,0,0,1,0,0,0,0,1,0
2023-11-13 21:00:00,477,22,1,351,0,8.4,-0.1,27.3,0,1,0,0,0,0,0,0,1,0
2023-11-12 09:00:00,362,10,0,203,0,9.0,-0.1,7.7,0,0,0,1,0,0,0,0,1,0
2023-11-13 13:00:00,1051,14,4,354,0,8.4,-0.1,27.3,0,1,0,0,0,0,0,0,1,0
2023-11-12 01:00:00,329,2,0,452,0,9.0,-0.1,7.7,0,0,0,1,0,0,0,0,1,0
2023-11-13 22:00:00,342,23,1,304,0,8.4,-0.1,27.3,0,1,0,0,0,0,0,0,1,0
2023-11-12 18:00:00,681,19,2,296,0,9.0,-0.1,7.7,0,0,0,1,0,0,0,0,1,0
2023-11-13 06:00:00,244,7,1,43,0,8.4,-0.1,27.3,0,1,0,0,0,0,0,0,1,0
2023-11-13 12:00:00,1187,13,3,404,0,8.4,-0.1,27.3,0,1,0,0,0,0,0,0,1,0
2023-11-12 23:00:00,229,0,2,63,0,9.0,-0.1,7.7,0,0,0,1,0,0,0,0,1,0
2023-11-14 12:00:00,1661,13,12,1267,0,8.0,6.1,19.6,0,0,0,0,0,1,0,0,1,0
2023-11-14 09:00:00,1973,10,11,755,0,8.0,6.1,19.6,0,0,0,0,0,1,0,0,1,0
2023-11-13 03:00:00,70,4,1,65,0,8.4,-0.1,27.3,0,1,0,0,0,0,0,0,1,0
2023-11-13 19:00:00,907,20,2,447,0,8.4,-0.1,27.3,0,1,0,0,0,0,0,0,1,0
2023-11-12 04:00:00,164,5,2,153,0,9.0,-0.1,7.7,0,0,0,1,0,0,0,0,1,0
2023-11-13 18:00:00,783,19,2,258,0,8.4,-0.1,27.3,0,1,0,0,0,0,0,0,1,0
2023-11-12 06:00:00,55,7,0,56,0,9.0,-0.1,7.7,0,0,0,1,0,0,0,0,1,0
2023-11-12 13:00:00,818,14,1,531,0,9.0,-0.1,7.7,0,0,0,1,0,0,0,0,1,0
2023-11-12 12:00:00,758,13,1,594,0,9.0,-0.1,7.7,0,0,0,1,0,0,0,0,1,0
2023-11-13 00:00:00,167,1,2,125,0,8.4,-0.1,27.3,0,1,0,0,0,0,0,0,1,0
2023-11-12 10:00:00,550,11,1,407,0,9.0,-0.1,7.7,0,0,0,1,0,0,0,0,1,0
2023-11-12 03:00:00,256,4,1,491,0,9.0,-0.1,7.7,0,0,0,1,0,0,0,0,1,0
2023-11-12 02:00:00,222,3,1,565,0,9.0,-0.1,7.7,0,0,0,1,0,0,0,0,1,0
2023-11-12 08:00:00,198,9,1,123,0,9.0,-0.1,7.7,0,0,0,1,0,0,0,0,1,0
2023-11-15 17:00:00,2160,18,3,703,0,6.8,6.1,1.1,0,0,0,0,0,0,1,0,1,0
2023-11-15 11:00:00,1614,12,3,1090,0,6.8,6.1,1.1,0,0,0,0,0,0,1,0,1,0
2023-11-16 15:00:00,1704,16,11,819,0,11.2,5.5,0.0,0,0,0,0,1,0,0,0,1,0
2023-11-16 12:00:00,1420,13,11,936,0,11.2,5.5,0.0,0,0,0,0,1,0,0,0,1,0
2023-11-15 08:00:00,2141,9,12,739,0,6.8,6.1,1.1,0,0,0,0,0,0,1,0,1,0
2023-11-14 02:00:00,88,3,0,56,0,8.0,6.1,19.6,0,0,0,0,0,1,0,0,1,0
2023-11-16 18:00:00,1678,19,10,604,0,11.2,5.5,0.0,0,0,0,0,1,0,0,0,1,0
2023-11-16 13:00:00,1457,14,10,1029,0,11.2,5.5,0.0,0,0,0,0,1,0,0,0,1,0
2023-11-16 08:00:00,1582,9,9,605,0,11.2,5.5,0.0,0,0,0,0,1,0,0,0,1,0
2023-11-16 19:00:00,1041,20,9,281,0,11.2,5.5,0.0,0,0,0,0,1,0,0,0,1,0
2023-11-16 14:00:00,1426,15,8,764,0,11.2,5.5,0.0,0,0,0,0,1,0,0,0,1,0
2023-11-16 11:00:00,1270,12,7,564,0,11.2,5.5,0.0,0,0,0,0,1,0,0,0,1,0
2023-11-16 21:00:00,513,22,7,183,0,11.2,5.5,0.0,0,0,0,0,1,0,0,0,1,0
2023-11-16 00:00:00,322,1,6,316,0,11.2,5.5,0.0,0,0,0,0,1,0,0,0,1,0
2023-11-16 09:00:00,1350,10,5,612,0,11.2,5.5,0.0,0,0,0,0,1,0,0,0,1,0
2023-11-16 20:00:00,701,21,5,176,0,11.2,5.5,0.0,0,0,0,0,1,0,0,0,1,0
2023-11-16 22:00:00,300,23,5,73,0,11.2,5.5,0.0,0,0,0,0,1,0,0,0,1,0
2023-11-15 00:00:00,245,1,0,57,0,6.8,6.1,1.1,0,0,0,0,0,0,1,0,1,0
2023-11-15 14:00:00,1958,15,10,1062,0,6.8,6.1,1.1,0,0,0,0,0,0,1,0,1,0
2023-11-14 22:00:00,514,23,2,283,0,8.0,6.1,19.6,0,0,0,0,0,1,0,0,1,0
2023-11-15 05:00:00,144,6,0,27,0,6.8,6.1,1.1,0,0,0,0,0,0,1,0,1,0
2023-11-14 06:00:00,331,7,2,34,0,8.0,6.1,19.6,0,0,0,0,0,1,0,0,1,0
2023-11-15 10:00:00,1674,11,10,806,0,6.8,6.1,1.1,0,0,0,0,0,0,1,0,1,0
2023-11-14 04:00:00,63,5,0,9,0,8.0,6.1,19.6,0,0,0,0,0,1,0,0,1,0
2023-11-15 15:00:00,2069,16,9,980,0,6.8,6.1,1.1,0,0,0,0,0,0,1,0,1,0
2023-11-15 09:00:00,1918,10,9,810,0,6.8,6.1,1.1,0,0,0,0,0,0,1,0,1,0
2023-11-15 22:00:00,544,23,9,546,0,6.8,6.1,1.1,0,0,0,0,0,0,1,0,1,0
2023-11-15 18:00:00,1484,19,8,534,0,6.8,6.1,1.1,0,0,0,0,0,0,1,0,1,0
2023-11-15 19:00:00,1204,20,7,562,0,6.8,6.1,1.1,0,0,0,0,0,0,1,0,1,0
2023-11-15 20:00:00,966,21,6,552,0,6.8,6.1,1.1,0,0,0,0,0,0,1,0,1,0
2023-11-15 13:00:00,1957,14,5,1157,0,6.8,6.1,1.1,0,0,0,0,0,0,1,0,1,0
2023-11-15 21:00:00,740,22,4,590,0,6.8,6.1,1.1,0,0,0,0,0,0,1,0,1,0
2023-11-15 02:00:00,102,3,4,58,0,6.8,6.1,1.1,0,0,0,0,0,0,1,0,1,0
2023-11-15 07:00:00,913,8,2,202,0,6.8,6.1,1.1,0,0,0,0,0,0,1,0,1,0
2023-11-14 03:00:00,61,4,0,5,0,8.0,6.1,19.6,0,0,0,0,0,1,0,0,1,0
2023-11-15 06:00:00,326,7,2,48,0,6.8,6.1,1.1,0,0,0,0,0,0,1,0,1,0
2023-11-15 01:00:00,128,2,2,32,0,6.8,6.1,1.1,0,0,0,0,0,0,1,0,1,0
2023-11-14 20:00:00,1122,21,1,474,0,8.0,6.1,19.6,0,0,0,0,0,1,0,0,1,0
2023-11-14 07:00:00,889,8,1,216,0,8.0,6.1,19.6,0,0,0,0,0,1,0,0,1,0
2023-11-16 10:00:00,1258,11,16,631,0,11.2,5.5,0.0,0,0,0,0,1,0,0,0,1,0
2023-11-15 23:00:00,341,0,1,245,0,6.8,6.1,1.1,0,0,0,0,0,0,1,0,1,0
2023-11-14 00:00:00,144,1,1,80,0,8.0,6.1,19.6,0,0,0,0,0,1,0,0,1,0
2023-11-15 16:00:00,2362,17,13,885,0,6.8,6.1,1.1,0,0,0,0,0,0,1,0,1,0
2023-11-15 12:00:00,1843,13,13,1450,0,6.8,6.1,1.1,0,0,0,0,0,0,1,0,1,0
2023-11-14 05:00:00,135,6,1,25,0,8.0,6.1,19.6,0,0,0,0,0,1,0,0,1,0
2023-11-14 01:00:00,106,2,1,33,0,8.0,6.1,19.6,0,0,0,0,0,1,0,0,1,0
2023-11-15 04:00:00,52,5,1,30,0,6.8,6.1,1.1,0,0,0,0,0,0,1,0,1,0
2023-11-15 03:00:00,50,4,1,17,0,6.8,6.1,1.1,0,0,0,0,0,0,1,0,1,0
2023-11-16 17:00:00,2131,18,12,596,0,11.2,5.5,0.0,0,0,0,0,1,0,0,0,1,0
2023-11-16 16:00:00,2370,17,11,711,0,11.2,5.5,0.0,0,0,0,0,1,0,0,0,1,0
2023-11-17 21:00:00,682,22,2,695,0,10.8,3.9,2.4,1,0,0,0,0,0,0,0,1,0
2023-11-17 23:00:00,483,0,2,356,0,10.8,3.9,2.4,1,0,0,0,0,0,0,0,1,0
2023-11-17 00:00:00,76,1,2,29,0,10.8,3.9,2.4,1,0,0,0,0,0,0,0,1,0
2023-11-17 16:00:00,1674,17,1,523,0,10.8,3.9,2.4,1,0,0,0,0,0,0,0,1,0
2023-11-17 17:00:00,1469,18,1,473,0,10.8,3.9,2.4,1,0,0,0,0,0,0,0,1,0
2023-11-17 19:00:00,1123,20,1,537,0,10.8,3.9,2.4,1,0,0,0,0,0,0,0,1,0
2023-11-17 06:00:00,299,7,1,39,0,10.8,3.9,2.4,1,0,0,0,0,0,0,0,1,0
2023-11-18 09:00:00,902,10,4,324,0,12.9,5.5,9.6,0,0,1,0,0,0,0,0,1,0
2023-11-17 10:00:00,1309,11,12,580,0,10.8,3.9,2.4,1,0,0,0,0,0,0,0,1,0
2023-11-18 01:00:00,393,2,16,400,0,12.9,5.5,9.6,0,0,1,0,0,0,0,0,1,0
2023-11-16 02:00:00,142,3,4,413,0,11.2,5.5,0.0,0,0,0,0,1,0,0,0,1,0
2023-11-17 04:00:00,63,5,0,12,0,10.8,3.9,2.4,1,0,0,0,0,0,0,0,1,0
2023-11-17 01:00:00,60,2,0,15,0,10.8,3.9,2.4,1,0,0,0,0,0,0,0,1,0
2023-11-17 03:00:00,59,4,0,21,0,10.8,3.9,2.4,1,0,0,0,0,0,0,0,1,0
2023-11-17 05:00:00,47,6,0,3,0,10.8,3.9,2.4,1,0,0,0,0,0,0,0,1,0
2023-11-17 02:00:00,29,3,0,11,0,10.8,3.9,2.4,1,0,0,0,0,0,0,0,1,0
2023-11-18 15:00:00,1368,16,19,638,0,12.9,5.5,9.6,0,0,1,0,0,0,0,0,1,0
2023-11-18 21:00:00,867,22,4,398,0,12.9,5.5,9.6,0,0,1,0,0,0,0,0,1,0
2023-11-18 19:00:00,960,20,3,559,0,12.9,5.5,9.6,0,0,1,0,0,0,0,0,1,0
2023-11-18 04:00:00,130,5,3,87,0,12.9,5.5,9.6,0,0,1,0,0,0,0,0,1,0
2023-11-18 22:00:00,770,23,2,338,0,12.9,5.5,9.6,0,0,1,0,0,0,0,0,1,0
2023-11-18 23:00:00,517,0,1,286,0,12.9,5.5,9.6,0,0,1,0,0,0,0,0,1,0
2023-11-18 13:00:00,1281,14,14,580,0,12.9,5.5,9.6,0,0,1,0,0,0,0,0,1,0
2023-11-17 08:00:00,1461,9,11,515,0,10.8,3.9,2.4,1,0,0,0,0,0,0,0,1,0
2023-11-17 14:00:00,1680,15,7,854,0,10.8,3.9,2.4,1,0,0,0,0,0,0,0,1,0
2023-11-17 20:00:00,950,21,6,511,0,10.8,3.9,2.4,1,0,0,0,0,0,0,0,1,0
2023-11-17 07:00:00,721,8,6,166,0,10.8,3.9,2.4,1,0,0,0,0,0,0,0,1,0
2023-11-17 22:00:00,605,23,5,563,0,10.8,3.9,2.4,1,0,0,0,0,0,0,0,1,0
2023-11-17 18:00:00,1318,19,3,629,0,10.8,3.9,2.4,1,0,0,0,0,0,0,0,1,0
2023-11-17 15:00:00,1415,16,2,638,0,10.8,3.9,2.4,1,0,0,0,0,0,0,0,1,0
2023-11-18 11:00:00,1181,12,14,441,0,12.9,5.5,9.6,0,0,1,0,0,0,0,0,1,0
2023-11-16 05:00:00,127,6,0,26,0,11.2,5.5,0.0,0,0,0,0,1,0,0,0,1,0
2023-11-17 13:00:00,1907,14,33,1075,0,10.8,3.9,2.4,1,0,0,0,0,0,0,0,1,0
2023-11-16 03:00:00,82,4,3,154,0,11.2,5.5,0.0,0,0,0,0,1,0,0,0,1,0
2023-11-18 10:00:00,1106,11,11,315,0,12.9,5.5,9.6,0,0,1,0,0,0,0,0,1,0
2023-11-18 00:00:00,436,1,10,381,0,12.9,5.5,9.6,0,0,1,0,0,0,0,0,1,0
2023-11-18 16:00:00,1214,17,8,453,0,12.9,5.5,9.6,0,0,1,0,0,0,0,0,1,0
2023-11-16 01:00:00,164,2,2,160,0,11.2,5.5,0.0,0,0,0,0,1,0,0,0,1,0
2023-11-17 12:00:00,1765,13,17,1059,0,10.8,3.9,2.4,1,0,0,0,0,0,0,0,1,0
2023-11-18 14:00:00,685,15,8,654,0,12.9,5.5,9.6,0,0,1,0,0,0,0,0,1,0
2023-11-18 12:00:00,1609,13,7,479,0,12.9,5.5,9.6,0,0,1,0,0,0,0,0,1,0
2023-11-17 11:00:00,1637,12,12,748,0,10.8,3.9,2.4,1,0,0,0,0,0,0,0,1,0
2023-11-17 09:00:00,1416,10,12,588,0,10.8,3.9,2.4,1,0,0,0,0,0,0,0,1,0
2023-11-16 07:00:00,700,8,1,161,0,11.2,5.5,0.0,0,0,0,0,1,0,0,0,1,0
2023-11-18 02:00:00,340,3,6,354,0,12.9,5.5,9.6,0,0,1,0,0,0,0,0,1,0
2023-11-16 06:00:00,266,7,1,28,0,11.2,5.5,0.0,0,0,0,0,1,0,0,0,1,0
2023-11-18 17:00:00,1110,18,5,437,0,12.9,5.5,9.6,0,0,1,0,0,0,0,0,1,0
2023-11-18 18:00:00,1061,19,5,579,0,12.9,5.5,9.6,0,0,1,0,0,0,0,0,1,0
2023-11-16 23:00:00,123,0,1,41,0,11.2,5.5,0.0,0,0,0,0,1,0,0,0,1,0
2023-11-18 20:00:00,942,21,5,455,0,12.9,5.5,9.6,0,0,1,0,0,0,0,0,1,0
2023-11-16 04:00:00,80,5,1,90,0,11.2,5.5,0.0,0,0,0,0,1,0,0,0,1,0
2023-11-18 03:00:00,200,4,1,284,0,12.9,5.5,9.6,0,0,1,0,0,0,0,0,1,0
2023-11-19 09:00:00,349,10,0,243,0,12.5,5.5,0.2,0,0,0,1,0,0,0,0,1,0
2023-11-18 08:00:00,485,9,0,206,0,12.9,5.5,9.6,0,0,1,0,0,0,0,0,1,0
2023-11-19 04:00:00,183,5,0,68,0,12.5,5.5,0.2,0,0,0,1,0,0,0,0,1,0
2023-11-19 07:00:00,102,8,0,59,0,12.5,5.5,0.2,0,0,0,1,0,0,0,0,1,0
2023-11-18 07:00:00,200,8,0,86,0,12.9,5.5,9.6,0,0,1,0,0,0,0,0,1,0
2023-11-19 08:00:00,166,9,5,109,0,12.5,5.5,0.2,0,0,0,1,0,0,0,0,1,0
2023-11-20 09:00:00,1719,10,15,861,0,12.0,8.3,0.0,0,1,0,0,0,0,0,0,1,0
2023-11-19 16:00:00,1200,17,14,458,0,12.5,5.5,0.2,0,0,0,1,0,0,0,0,1,0
2023-11-19 14:00:00,1460,15,9,653,0,12.5,5.5,0.2,0,0,0,1,0,0,0,0,1,0
2023-11-19 17:00:00,1039,18,9,515,0,12.5,5.5,0.2,0,0,0,1,0,0,0,0,1,0
2023-11-19 20:00:00,704,21,8,391,0,12.5,5.5,0.2,0,0,0,1,0,0,0,0,1,0
2023-11-19 13:00:00,1518,14,6,572,0,12.5,5.5,0.2,0,0,0,1,0,0,0,0,1,0
2023-11-19 11:00:00,1157,12,5,499,0,12.5,5.5,0.2,0,0,0,1,0,0,0,0,1,0
2023-11-19 18:00:00,1025,19,5,386,0,12.5,5.5,0.2,0,0,0,1,0,0,0,0,1,0
2023-11-18 06:00:00,157,7,0,37,0,12.9,5.5,9.6,0,0,1,0,0,0,0,0,1,0
2023-11-20 14:00:00,1367,15,14,671,0,12.0,8.3,0.0,0,1,0,0,0,0,0,0,1,0
2023-11-20 00:00:00,237,1,4,114,0,12.0,8.3,0.0,0,1,0,0,0,0,0,0,1,0
2023-11-19 12:00:00,1378,13,4,657,0,12.5,5.5,0.2,0,0,0,1,0,0,0,0,1,0
2023-11-19 10:00:00,962,11,3,350,0,12.5,5.5,0.2,0,0,0,1,0,0,0,0,1,0
2023-11-19 19:00:00,912,20,3,428,0,12.5,5.5,0.2,0,0,0,1,0,0,0,0,1,0
2023-11-18 05:00:00,123,6,0,32,0,12.9,5.5,9.6,0,0,1,0,0,0,0,0,1,0
2023-11-20 11:00:00,1599,12,12,953,0,12.0,8.3,0.0,0,1,0,0,0,0,0,0,1,0
2023-11-20 17:00:00,1464,18,3,462,0,12.0,8.3,0.0,0,1,0,0,0,0,0,0,1,0
2023-11-19 21:00:00,587,22,3,395,0,12.5,5.5,0.2,0,0,0,1,0,0,0,0,1,0
2023-11-20 07:00:00,838,8,3,161,0,12.0,8.3,0.0,0,1,0,0,0,0,0,0,1,0
2023-11-20 20:00:00,648,21,3,373,0,12.0,8.3,0.0,0,1,0,0,0,0,0,0,1,0
2023-11-20 21:00:00,483,22,3,360,0,12.0,8.3,0.0,0,1,0,0,0,0,0,0,1,0
2023-11-20 23:00:00,287,0,3,89,0,12.0,8.3,0.0,0,1,0,0,0,0,0,0,1,0
2023-11-19 15:00:00,1403,16,20,601,0,12.5,5.5,0.2,0,0,0,1,0,0,0,0,1,0
2023-11-19 22:00:00,471,23,2,296,0,12.5,5.5,0.2,0,0,0,1,0,0,0,0,1,0
2023-11-19 02:00:00,463,3,2,422,0,12.5,5.5,0.2,0,0,0,1,0,0,0,0,1,0
2023-11-19 23:00:00,337,0,2,133,0,12.5,5.5,0.2,0,0,0,1,0,0,0,0,1,0
2023-11-20 06:00:00,301,7,2,47,0,12.0,8.3,0.0,0,1,0,0,0,0,0,0,1,0
2023-11-20 10:00:00,1439,11,8,695,0,12.0,8.3,0.0,0,1,0,0,0,0,0,0,1,0
2023-11-20 08:00:00,1873,9,6,735,0,12.0,8.3,0.0,0,1,0,0,0,0,0,0,1,0
2023-11-20 16:00:00,1615,17,6,478,0,12.0,8.3,0.0,0,1,0,0,0,0,0,0,1,0
2023-11-20 22:00:00,351,23,6,348,0,12.0,8.3,0.0,0,1,0,0,0,0,0,0,1,0
2023-11-20 15:00:00,1458,16,5,667,0,12.0,8.3,0.0,0,1,0,0,0,0,0,0,1,0
2023-11-20 19:00:00,908,20,5,436,0,12.0,8.3,0.0,0,1,0,0,0,0,0,0,1,0
2023-11-20 05:00:00,149,6,2,21,0,12.0,8.3,0.0,0,1,0,0,0,0,0,0,1,0
2023-11-20 18:00:00,1136,19,1,535,0,12.0,8.3,0.0,0,1,0,0,0,0,0,0,1,0
2023-11-19 00:00:00,516,1,1,508,0,12.5,5.5,0.2,0,0,0,1,0,0,0,0,1,0
2023-11-19 01:00:00,495,2,1,438,0,12.5,5.5,0.2,0,0,0,1,0,0,0,0,1,0
2023-11-20 13:00:00,1671,14,24,1372,0,12.0,8.3,0.0,0,1,0,0,0,0,0,0,1,0
2023-11-19 03:00:00,316,4,1,454,0,12.5,5.5,0.2,0,0,0,1,0,0,0,0,1,0
2023-11-19 05:00:00,123,6,1,72,0,12.5,5.5,0.2,0,0,0,1,0,0,0,0,1,0
2023-11-19 06:00:00,98,7,1,67,0,12.5,5.5,0.2,0,0,0,1,0,0,0,0,1,0
2023-11-20 12:00:00,1671,13,18,1256,0,12.0,8.3,0.0,0,1,0,0,0,0,0,0,1,0
2023-11-21 05:00:00,137,6,0,17,0,14.4,3.8,0.0,0,0,0,0,0,1,0,0,1,0
2023-11-21 02:00:00,92,3,0,37,0,14.4,3.8,0.0,0,0,0,0,0,1,0,0,1,0
2023-11-21 01:00:00,82,2,0,52,0,14.4,3.8,0.0,0,0,0,0,0,1,0,0,1,0
2023-11-21 04:00:00,74,5,0,11,0,14.4,3.8,0.0,0,0,0,0,0,1,0,0,1,0
2023-11-21 03:00:00,55,4,0,44,0,14.4,3.8,0.0,0,0,0,0,0,1,0,0,1,0
2023-11-21 17:00:00,1050,18,6,303,0,14.4,3.8,0.0,0,0,0,0,0,1,0,0,1,0
2023-11-22 09:00:00,1679,10,13,603,0,13.1,5.5,0.0,0,0,0,0,0,0,1,0,1,0
2023-11-22 11:00:00,1509,12,13,722,0,13.1,5.5,0.0,0,0,0,0,0,0,1,0,1,0
2023-11-21 18:00:00,930,19,5,334,0,14.4,3.8,0.0,0,0,0,0,0,1,0,0,1,0
2023-11-21 07:00:00,894,8,5,159,0,14.4,3.8,0.0,0,0,0,0,0,1,0,0,1,0
2023-11-21 15:00:00,1573,16,16,853,0,14.4,3.8,0.0,0,0,0,0,0,1,0,0,1,0
2023-11-21 08:00:00,2179,9,15,799,0,14.4,3.8,0.0,0,0,0,0,0,1,0,0,1,0
2023-11-21 10:00:00,1519,11,15,754,0,14.4,3.8,0.0,0,0,0,0,0,1,0,0,1,0
2023-11-21 09:00:00,1895,10,13,724,0,14.4,3.8,0.0,0,0,0,0,0,1,0,0,1,0
2023-11-21 14:00:00,1864,15,12,942,0,14.4,3.8,0.0,0,0,0,0,0,1,0,0,1,0
2023-11-21 11:00:00,1594,12,12,872,0,14.4,3.8,0.0,0,0,0,0,0,1,0,0,1,0
2023-11-21 16:00:00,610,17,9,458,0,14.4,3.8,0.0,0,0,0,0,0,1,0,0,1,0
2023-11-21 21:00:00,481,22,5,420,0,14.4,3.8,0.0,0,0,0,0,0,1,0,0,1,0
2023-11-21 22:00:00,409,23,5,423,0,14.4,3.8,0.0,0,0,0,0,0,1,0,0,1,0
2023-11-21 13:00:00,1865,14,32,1274,0,14.4,3.8,0.0,0,0,0,0,0,1,0,0,1,0
2023-11-21 12:00:00,1836,13,20,1412,0,14.4,3.8,0.0,0,0,0,0,0,1,0,0,1,0
2023-11-22 08:00:00,1980,9,12,667,0,13.1,5.5,0.0,0,0,0,0,0,0,1,0,1,0
2023-11-22 21:00:00,524,22,12,408,0,13.1,5.5,0.0,0,0,0,0,0,0,1,0,1,0
2023-11-22 00:00:00,236,1,4,65,0,13.1,5.5,0.0,0,0,0,0,0,0,1,0,1,0
2023-11-20 01:00:00,169,2,0,72,0,12.0,8.3,0.0,0,1,0,0,0,0,0,0,1,0
2023-11-22 22:00:00,421,23,12,350,0,13.1,5.5,0.0,0,0,0,0,0,0,1,0,1,0
2023-11-22 15:00:00,1796,16,30,858,0,13.1,5.5,0.0,0,0,0,0,0,0,1,0,1,0
2023-11-22 13:00:00,1745,14,28,1279,0,13.1,5.5,0.0,0,0,0,0,0,0,1,0,1,0
2023-11-22 14:00:00,1576,15,23,1008,0,13.1,5.5,0.0,0,0,0,0,0,0,1,0,1,0
2023-11-22 10:00:00,1514,11,17,630,0,13.1,5.5,0.0,0,0,0,0,0,0,1,0,1,0
2023-11-22 12:00:00,1700,13,16,1195,0,13.1,5.5,0.0,0,0,0,0,0,0,1,0,1,0
2023-11-22 19:00:00,913,20,16,431,0,13.1,5.5,0.0,0,0,0,0,0,0,1,0,1,0
2023-11-21 20:00:00,745,21,4,425,0,14.4,3.8,0.0,0,0,0,0,0,1,0,0,1,0
2023-11-20 02:00:00,127,3,0,72,0,12.0,8.3,0.0,0,1,0,0,0,0,0,0,1,0
2023-11-22 20:00:00,732,21,11,420,0,13.1,5.5,0.0,0,0,0,0,0,0,1,0,1,0
2023-11-20 03:00:00,79,4,0,26,0,12.0,8.3,0.0,0,1,0,0,0,0,0,0,1,0
2023-11-22 06:00:00,301,7,3,37,0,13.1,5.5,0.0,0,0,0,0,0,0,1,0,1,0
2023-11-20 04:00:00,74,5,0,26,0,12.0,8.3,0.0,0,1,0,0,0,0,0,0,1,0
2023-11-22 01:00:00,120,2,3,55,0,13.1,5.5,0.0,0,0,0,0,0,0,1,0,1,0
2023-11-21 06:00:00,382,7,3,31,0,14.4,3.8,0.0,0,0,0,0,0,1,0,0,1,0
2023-11-21 00:00:00,179,1,3,55,0,14.4,3.8,0.0,0,0,0,0,0,1,0,0,1,0
2023-11-22 23:00:00,252,0,10,254,0,13.1,5.5,0.0,0,0,0,0,0,0,1,0,1,0
2023-11-22 18:00:00,1108,19,9,410,0,13.1,5.5,0.0,0,0,0,0,0,0,1,0,1,0
2023-11-21 19:00:00,933,20,1,393,0,14.4,3.8,0.0,0,0,0,0,0,1,0,0,1,0
2023-11-22 16:00:00,1789,17,8,387,0,13.1,5.5,0.0,0,0,0,0,0,0,1,0,1,0
2023-11-21 23:00:00,298,0,1,73,0,14.4,3.8,0.0,0,0,0,0,0,1,0,0,1,0
2023-11-22 17:00:00,1417,18,6,398,0,13.1,5.5,0.0,0,0,0,0,0,0,1,0,1,0
2023-11-23 14:00:00,1922,15,10,884,0,6.7,11.5,0.0,0,0,0,0,1,0,0,0,1,0
2023-11-24 09:00:00,1551,10,8,614,0,4.6,4.1,0.0,1,0,0,0,0,0,0,0,1,0
2023-11-24 22:00:00,777,23,8,477,0,4.6,4.1,0.0,1,0,0,0,0,0,0,0,1,0
2023-11-23 07:00:00,868,8,3,108,0,6.7,11.5,0.0,0,0,0,0,1,0,0,0,1,0
2023-11-22 07:00:00,842,8,0,132,0,13.1,5.5,0.0,0,0,0,0,0,0,1,0,1,0
2023-11-23 03:00:00,68,4,0,152,0,6.7,11.5,0.0,0,0,0,0,1,0,0,0,1,0
2023-11-24 19:00:00,1363,20,1,549,0,4.6,4.1,0.0,1,0,0,0,0,0,0,0,1,0
2023-11-23 22:00:00,540,23,9,380,0,6.7,11.5,0.0,0,0,0,0,1,0,0,0,1,0
2023-11-23 11:00:00,1707,12,8,687,0,6.7,11.5,0.0,0,0,0,0,1,0,0,0,1,0
2023-11-23 21:00:00,825,22,8,428,0,6.7,11.5,0.0,0,0,0,0,1,0,0,0,1,0
2023-11-23 02:00:00,126,3,8,356,0,6.7,11.5,0.0,0,0,0,0,1,0,0,0,1,0
2023-11-23 17:00:00,2073,18,7,533,0,6.7,11.5,0.0,0,0,0,0,1,0,0,0,1,0
2023-11-23 08:00:00,2036,9,7,637,0,6.7,11.5,0.0,0,0,0,0,1,0,0,0,1,0
2023-11-23 15:00:00,2018,16,7,871,0,6.7,11.5,0.0,0,0,0,0,1,0,0,0,1,0
2023-11-23 20:00:00,980,21,7,425,0,6.7,11.5,0.0,0,0,0,0,1,0,0,0,1,0
2023-11-23 01:00:00,189,2,7,170,0,6.7,11.5,0.0,0,0,0,0,1,0,0,0,1,0
2023-11-23 18:00:00,1549,19,6,565,0,6.7,11.5,0.0,0,0,0,0,1,0,0,0,1,0
2023-11-23 10:00:00,1460,11,5,727,0,6.7,11.5,0.0,0,0,0,0,1,0,0,0,1,0
2023-11-23 09:00:00,1707,10,4,670,0,6.7,11.5,0.0,0,0,0,0,1,0,0,0,1,0
2023-11-24 12:00:00,2141,13,6,1188,0,4.6,4.1,0.0,1,0,0,0,0,0,0,0,1,0
2023-11-22 05:00:00,106,6,0,32,0,13.1,5.5,0.0,0,0,0,0,0,0,1,0,1,0
2023-11-24 18:00:00,1601,19,6,620,0,4.6,4.1,0.0,1,0,0,0,0,0,0,0,1,0
2023-11-24 20:00:00,890,21,6,466,0,4.6,4.1,0.0,1,0,0,0,0,0,0,0,1,0
2023-11-24 07:00:00,824,8,6,133,0,4.6,4.1,0.0,1,0,0,0,0,0,0,0,1,0
2023-11-22 02:00:00,81,3,0,101,0,13.1,5.5,0.0,0,0,0,0,0,0,1,0,1,0
2023-11-23 13:00:00,1861,14,19,1275,0,6.7,11.5,0.0,0,0,0,0,1,0,0,0,1,0
2023-11-23 16:00:00,2198,17,14,579,0,6.7,11.5,0.0,0,0,0,0,1,0,0,0,1,0
2023-11-23 12:00:00,1747,13,11,1222,0,6.7,11.5,0.0,0,0,0,0,1,0,0,0,1,0
2023-11-23 19:00:00,1347,20,11,541,0,6.7,11.5,0.0,0,0,0,0,1,0,0,0,1,0
2023-11-24 17:00:00,1940,18,5,533,0,4.6,4.1,0.0,1,0,0,0,0,0,0,0,1,0
2023-11-22 03:00:00,62,4,0,36,0,13.1,5.5,0.0,0,0,0,0,0,0,1,0,1,0
2023-11-23 23:00:00,267,0,2,131,0,6.7,11.5,0.0,0,0,0,0,1,0,0,0,1,0
2023-11-22 04:00:00,62,5,0,30,0,13.1,5.5,0.0,0,0,0,0,0,0,1,0,1,0
2023-11-23 00:00:00,190,1,2,280,0,6.7,11.5,0.0,0,0,0,0,1,0,0,0,1,0
2023-11-24 05:00:00,156,6,1,16,0,4.6,4.1,0.0,1,0,0,0,0,0,0,0,1,0
2023-11-24 15:00:00,968,16,5,1018,0,4.6,4.1,0.0,1,0,0,0,0,0,0,0,1,0
2023-11-24 21:00:00,798,22,4,443,0,4.6,4.1,0.0,1,0,0,0,0,0,0,0,1,0
2023-11-24 23:00:00,493,0,4,293,0,4.6,4.1,0.0,1,0,0,0,0,0,0,0,1,0
2023-11-24 00:00:00,201,1,3,120,0,4.6,4.1,0.0,1,0,0,0,0,0,0,0,1,0
2023-11-24 11:00:00,1636,12,2,811,0,4.6,4.1,0.0,1,0,0,0,0,0,0,0,1,0
2023-11-24 10:00:00,759,11,2,665,0,4.6,4.1,0.0,1,0,0,0,0,0,0,0,1,0
2023-11-24 06:00:00,321,7,2,43,0,4.6,4.1,0.0,1,0,0,0,0,0,0,0,1,0
2023-11-23 04:00:00,73,5,2,91,0,6.7,11.5,0.0,0,0,0,0,1,0,0,0,1,0
2023-11-24 16:00:00,2187,17,13,568,0,4.6,4.1,0.0,1,0,0,0,0,0,0,0,1,0
2023-11-24 08:00:00,1945,9,12,567,0,4.6,4.1,0.0,1,0,0,0,0,0,0,0,1,0
2023-11-24 13:00:00,2268,14,11,1344,0,4.6,4.1,0.0,1,0,0,0,0,0,0,0,1,0
2023-11-24 14:00:00,1804,15,10,752,0,4.6,4.1,0.0,1,0,0,0,0,0,0,0,1,0
2023-11-24 01:00:00,119,2,0,62,0,4.6,4.1,0.0,1,0,0,0,0,0,0,0,1,0
2023-11-24 04:00:00,87,5,0,25,0,4.6,4.1,0.0,1,0,0,0,0,0,0,0,1,0
2023-11-24 02:00:00,80,3,0,116,0,4.6,4.1,0.0,1,0,0,0,0,0,0,0,1,0
2023-11-24 03:00:00,74,4,0,24,0,4.6,4.1,0.0,1,0,0,0,0,0,0,0,1,0
2023-11-23 06:00:00,283,7,0,38,0,6.7,11.5,0.0,0,0,0,0,1,0,0,0,1,0
2023-11-23 05:00:00,132,6,0,17,0,6.7,11.5,0.0,0,0,0,0,1,0,0,0,1,0
2023-11-25 02:00:00,273,3,6,310,0,4.3,5.5,0.0,0,0,1,0,0,0,0,0,1,0
2023-11-25 15:00:00,1428,16,11,631,0,4.3,5.5,0.0,0,0,1,0,0,0,0,0,1,0
2023-11-25 16:00:00,1275,17,11,443,0,4.3,5.5,0.0,0,0,1,0,0,0,0,0,1,0
2023-11-25 18:00:00,1326,19,10,473,0,4.3,5.5,0.0,0,0,1,0,0,0,0,0,1,0
2023-11-25 22:00:00,860,23,8,469,0,4.3,5.5,0.0,0,0,1,0,0,0,0,0,1,0
2023-11-25 14:00:00,1661,15,7,780,0,4.3,5.5,0.0,0,0,1,0,0,0,0,0,1,0
2023-11-25 13:00:00,1627,14,7,735,0,4.3,5.5,0.0,0,0,1,0,0,0,0,0,1,0
2023-11-25 20:00:00,872,21,7,435,0,4.3,5.5,0.0,0,0,1,0,0,0,0,0,1,0
2023-11-25 12:00:00,1821,13,6,621,0,4.3,5.5,0.0,0,0,1,0,0,0,0,0,1,0
2023-11-25 21:00:00,909,22,6,527,0,4.3,5.5,0.0,0,0,1,0,0,0,0,0,1,0
2023-11-25 23:00:00,729,0,6,381,0,4.3,5.5,0.0,0,0,1,0,0,0,0,0,1,0
2023-11-26 05:00:00,79,6,1,64,0,8.4,5.5,0.0,0,0,0,1,0,0,0,0,1,0
2023-11-25 08:00:00,682,9,1,175,0,4.3,5.5,0.0,0,0,1,0,0,0,0,0,1,0
2023-11-25 11:00:00,1617,12,5,516,0,4.3,5.5,0.0,0,0,1,0,0,0,0,0,1,0
2023-11-25 03:00:00,256,4,1,328,0,4.3,5.5,0.0,0,0,1,0,0,0,0,0,1,0
2023-11-25 04:00:00,135,5,0,136,0,4.3,5.5,0.0,0,0,1,0,0,0,0,0,1,0
2023-11-25 17:00:00,1292,18,5,474,0,4.3,5.5,0.0,0,0,1,0,0,0,0,0,1,0
2023-11-26 00:00:00,564,1,3,454,0,8.4,5.5,0.0,0,0,0,1,0,0,0,0,1,0
2023-11-26 02:00:00,497,3,3,410,0,8.4,5.5,0.0,0,0,0,1,0,0,0,0,1,0
2023-11-26 15:00:00,993,16,2,499,0,8.4,5.5,0.0,0,0,0,1,0,0,0,0,1,0
2023-11-26 11:00:00,706,12,2,404,0,8.4,5.5,0.0,0,0,0,1,0,0,0,0,1,0
2023-11-26 08:00:00,213,9,2,100,0,8.4,5.5,0.0,0,0,0,1,0,0,0,0,1,0
2023-11-26 07:00:00,127,8,2,54,0,8.4,5.5,0.0,0,0,0,1,0,0,0,0,1,0
2023-11-26 19:00:00,893,20,10,381,0,8.4,5.5,0.0,0,0,0,1,0,0,0,0,1,0
2023-11-26 10:00:00,544,11,0,419,0,8.4,5.5,0.0,0,0,0,1,0,0,0,0,1,0
2023-11-26 09:00:00,349,10,0,145,0,8.4,5.5,0.0,0,0,0,1,0,0,0,0,1,0
2023-11-26 04:00:00,146,5,0,132,0,8.4,5.5,0.0,0,0,0,1,0,0,0,0,1,0
2023-11-26 06:00:00,75,7,0,27,0,8.4,5.5,0.0,0,0,0,1,0,0,0,0,1,0
2023-11-25 10:00:00,1392,11,4,354,0,4.3,5.5,0.0,0,0,1,0,0,0,0,0,1,0
2023-11-25 09:00:00,1149,10,4,296,0,4.3,5.5,0.0,0,0,1,0,0,0,0,0,1,0
2023-11-26 14:00:00,1033,15,9,599,0,8.4,5.5,0.0,0,0,0,1,0,0,0,0,1,0
2023-11-26 18:00:00,988,19,9,469,0,8.4,5.5,0.0,0,0,0,1,0,0,0,0,1,0
2023-11-25 00:00:00,414,1,4,429,0,4.3,5.5,0.0,0,0,1,0,0,0,0,0,1,0
2023-11-25 01:00:00,313,2,4,266,0,4.3,5.5,0.0,0,0,1,0,0,0,0,0,1,0
2023-11-26 17:00:00,1076,18,8,448,0,8.4,5.5,0.0,0,0,0,1,0,0,0,0,1,0
2023-11-26 12:00:00,1042,13,8,517,0,8.4,5.5,0.0,0,0,0,1,0,0,0,0,1,0
2023-11-25 19:00:00,834,20,3,565,0,4.3,5.5,0.0,0,0,1,0,0,0,0,0,1,0
2023-11-25 05:00:00,153,6,3,52,0,4.3,5.5,0.0,0,0,1,0,0,0,0,0,1,0
2023-11-26 20:00:00,778,21,7,383,0,8.4,5.5,0.0,0,0,0,1,0,0,0,0,1,0
2023-11-26 21:00:00,582,22,7,464,0,8.4,5.5,0.0,0,0,0,1,0,0,0,0,1,0
2023-11-26 16:00:00,919,17,6,368,0,8.4,5.5,0.0,0,0,0,1,0,0,0,0,1,0
2023-11-26 22:00:00,508,23,6,388,0,8.4,5.5,0.0,0,0,0,1,0,0,0,0,1,0
2023-11-26 13:00:00,1093,14,5,458,0,8.4,5.5,0.0,0,0,0,1,0,0,0,0,1,0
2023-11-26 01:00:00,552,2,5,420,0,8.4,5.5,0.0,0,0,0,1,0,0,0,0,1,0
2023-11-26 03:00:00,339,4,5,514,0,8.4,5.5,0.0,0,0,0,1,0,0,0,0,1,0
2023-11-26 23:00:00,286,0,5,71,0,8.4,5.5,0.0,0,0,0,1,0,0,0,0,1,0
2023-11-25 07:00:00,352,8,2,100,0,4.3,5.5,0.0,0,0,1,0,0,0,0,0,1,0
2023-11-25 06:00:00,199,7,2,32,0,4.3,5.5,0.0,0,0,1,0,0,0,0,0,1,0
2023-11-28 16:00:00,2060,17,2,351,0,3.6,1.1,0.0,0,0,0,0,0,1,0,0,1,0
2023-11-28 17:00:00,2065,18,10,298,0,3.6,1.1,0.0,0,0,0,0,0,1,0,0,1,0
2023-11-28 12:00:00,1537,13,9,892,0,3.6,1.1,0.0,0,0,0,0,0,1,0,0,1,0
2023-11-27 10:00:00,1547,11,2,585,0,4.8,5.5,2.4,0,1,0,0,0,0,0,0,1,0
2023-11-28 14:00:00,1483,15,2,643,0,3.6,1.1,0.0,0,0,0,0,0,1,0,0,1,0
2023-11-27 18:00:00,1000,19,2,566,0,4.8,5.5,2.4,0,1,0,0,0,0,0,0,1,0
2023-11-28 13:00:00,1462,14,2,794,0,3.6,1.1,0.0,0,0,0,0,0,1,0,0,1,0
2023-11-27 04:00:00,69,5,0,11,0,4.8,5.5,2.4,0,1,0,0,0,0,0,0,1,0
2023-11-28 10:00:00,1328,11,8,399,0,3.6,1.1,0.0,0,0,0,0,0,1,0,0,1,0
2023-11-27 17:00:00,1578,18,9,444,0,4.8,5.5,2.4,0,1,0,0,0,0,0,0,1,0
2023-11-28 08:00:00,1691,9,7,385,0,3.6,1.1,0.0,0,0,0,0,0,1,0,0,1,0
2023-11-28 18:00:00,1437,19,7,311,0,3.6,1.1,0.0,0,0,0,0,0,1,0,0,1,0
2023-11-28 19:00:00,1343,20,7,252,0,3.6,1.1,0.0,0,0,0,0,0,1,0,0,1,0
2023-11-28 20:00:00,922,21,6,231,0,3.6,1.1,0.0,0,0,0,0,0,1,0,0,1,0
2023-11-28 15:00:00,1390,16,5,621,0,3.6,1.1,0.0,0,0,0,0,0,1,0,0,1,0
2023-11-28 21:00:00,783,22,5,209,0,3.6,1.1,0.0,0,0,0,0,0,1,0,0,1,0
2023-11-28 09:00:00,1582,10,4,448,0,3.6,1.1,0.0,0,0,0,0,0,1,0,0,1,0
2023-11-28 11:00:00,1428,12,4,467,0,3.6,1.1,0.0,0,0,0,0,0,1,0,0,1,0
2023-11-28 22:00:00,483,23,4,209,0,3.6,1.1,0.0,0,0,0,0,0,1,0,0,1,0
2023-11-28 06:00:00,339,7,2,45,0,3.6,1.1,0.0,0,0,0,0,0,1,0,0,1,0
2023-11-27 21:00:00,258,22,2,373,0,4.8,5.5,2.4,0,1,0,0,0,0,0,0,1,0
2023-11-27 15:00:00,2043,16,6,867,0,4.8,5.5,2.4,0,1,0,0,0,0,0,0,1,0
2023-11-27 09:00:00,1884,10,6,715,0,4.8,5.5,2.4,0,1,0,0,0,0,0,0,1,0
2023-11-27 12:00:00,1786,13,6,1153,0,4.8,5.5,2.4,0,1,0,0,0,0,0,0,1,0
2023-11-27 13:00:00,1912,14,5,1091,0,4.8,5.5,2.4,0,1,0,0,0,0,0,0,1,0
2023-11-27 14:00:00,1750,15,5,760,0,4.8,5.5,2.4,0,1,0,0,0,0,0,0,1,0
2023-11-27 19:00:00,1142,20,5,575,0,4.8,5.5,2.4,0,1,0,0,0,0,0,0,1,0
2023-11-27 16:00:00,2152,17,4,340,0,4.8,5.5,2.4,0,1,0,0,0,0,0,0,1,0
2023-11-27 07:00:00,815,8,4,167,0,4.8,5.5,2.4,0,1,0,0,0,0,0,0,1,0
2023-11-27 08:00:00,2115,9,3,574,0,4.8,5.5,2.4,0,1,0,0,0,0,0,0,1,0
2023-11-27 00:00:00,244,1,2,97,0,4.8,5.5,2.4,0,1,0,0,0,0,0,0,1,0
2023-11-27 01:00:00,152,2,2,46,0,4.8,5.5,2.4,0,1,0,0,0,0,0,0,1,0
2023-11-28 23:00:00,337,0,1,92,0,3.6,1.1,0.0,0,0,0,0,0,1,0,0,1,0
2023-11-28 02:00:00,75,3,1,51,0,3.6,1.1,0.0,0,0,0,0,0,1,0,0,1,0
2023-11-28 07:00:00,778,8,0,115,0,3.6,1.1,0.0,0,0,0,0,0,1,0,0,1,0
2023-11-28 00:00:00,185,1,0,49,0,3.6,1.1,0.0,0,0,0,0,0,1,0,0,1,0
2023-11-28 05:00:00,135,6,0,17,0,3.6,1.1,0.0,0,0,0,0,0,1,0,0,1,0
2023-11-28 01:00:00,122,2,0,46,0,3.6,1.1,0.0,0,0,0,0,0,1,0,0,1,0
2023-11-28 03:00:00,70,4,0,50,0,3.6,1.1,0.0,0,0,0,0,0,1,0,0,1,0
2023-11-28 04:00:00,54,5,0,37,0,3.6,1.1,0.0,0,0,0,0,0,1,0,0,1,0
2023-11-27 20:00:00,769,21,1,468,0,4.8,5.5,2.4,0,1,0,0,0,0,0,0,1,0
2023-11-27 22:00:00,435,23,1,323,0,4.8,5.5,2.4,0,1,0,0,0,0,0,0,1,0
2023-11-27 06:00:00,329,7,1,30,0,4.8,5.5,2.4,0,1,0,0,0,0,0,0,1,0
2023-11-27 05:00:00,161,6,1,17,0,4.8,5.5,2.4,0,1,0,0,0,0,0,0,1,0
2023-11-27 11:00:00,1674,12,10,552,0,4.8,5.5,2.4,0,1,0,0,0,0,0,0,1,0
2023-11-27 03:00:00,58,4,1,55,0,4.8,5.5,2.4,0,1,0,0,0,0,0,0,1,0
2023-11-27 23:00:00,292,0,0,100,0,4.8,5.5,2.4,0,1,0,0,0,0,0,0,1,0
2023-11-27 02:00:00,110,3,0,70,0,4.8,5.5,2.4,0,1,0,0,0,0,0,0,1,0
2023-11-30 04:00:00,79,5,0,53,1,2.2,-0.7,0.0,0,0,0,0,1,0,0,0,1,0
2023-11-29 14:00:00,2013,15,6,899,0,4.5,-0.7,0.0,0,0,0,0,0,0,1,0,1,0
2023-11-29 12:00:00,1931,13,6,1346,0,4.5,-0.7,0.0,0,0,0,0,0,0,1,0,1,0
2023-11-29 17:00:00,1628,18,6,431,0,4.5,-0.7,0.0,0,0,0,0,0,0,1,0,1,0
2023-11-30 12:00:00,1885,13,4,908,1,2.2,-0.7,0.0,0,0,0,0,1,0,0,0,1,0
2023-11-29 20:00:00,771,21,5,441,0,4.5,-0.7,0.0,0,0,0,0,0,0,1,0,1,0
2023-11-29 23:00:00,334,0,4,274,0,4.5,-0.7,0.0,0,0,0,0,0,0,1,0,1,0
2023-11-29 08:00:00,2087,9,3,839,0,4.5,-0.7,0.0,0,0,0,0,0,0,1,0,1,0
2023-11-29 15:00:00,1997,16,3,841,0,4.5,-0.7,0.0,0,0,0,0,0,0,1,0,1,0
2023-11-29 09:00:00,1730,10,3,570,0,4.5,-0.7,0.0,0,0,0,0,0,0,1,0,1,0
2023-11-29 18:00:00,1243,19,3,461,0,4.5,-0.7,0.0,0,0,0,0,0,0,1,0,1,0
2023-11-29 19:00:00,983,20,3,398,0,4.5,-0.7,0.0,0,0,0,0,0,0,1,0,1,0
2023-11-29 06:00:00,373,7,3,33,0,4.5,-0.7,0.0,0,0,0,0,0,0,1,0,1,0
2023-11-29 05:00:00,165,6,2,26,0,4.5,-0.7,0.0,0,0,0,0,0,0,1,0,1,0
2023-11-29 16:00:00,1666,17,1,312,0,4.5,-0.7,0.0,0,0,0,0,0,0,1,0,1,0
2023-11-29 07:00:00,887,8,1,151,0,4.5,-0.7,0.0,0,0,0,0,0,0,1,0,1,0
2023-11-29 00:00:00,257,1,1,74,0,4.5,-0.7,0.0,0,0,0,0,0,0,1,0,1,0
2023-11-29 02:00:00,131,3,1,93,0,4.5,-0.7,0.0,0,0,0,0,0,0,1,0,1,0
2023-11-30 22:00:00,595,23,4,379,1,2.2,-0.7,0.0,0,0,0,0,1,0,0,0,1,0
2023-11-30 13:00:00,2029,14,15,1023,1,2.2,-0.7,0.0,0,0,0,0,1,0,0,0,1,0
2023-11-30 14:00:00,2074,15,11,721,1,2.2,-0.7,0.0,0,0,0,0,1,0,0,0,1,0
2023-11-29 04:00:00,65,5,1,10,0,4.5,-0.7,0.0,0,0,0,0,0,0,1,0,1,0
2023-11-30 17:00:00,2015,18,10,676,1,2.2,-0.7,0.0,0,0,0,0,1,0,0,0,1,0
2023-11-30 23:00:00,413,0,3,186,1,2.2,-0.7,0.0,0,0,0,0,1,0,0,0,1,0
2023-11-30 00:00:00,292,1,3,202,1,2.2,-0.7,0.0,0,0,0,0,1,0,0,0,1,0
2023-11-30 20:00:00,1063,21,9,472,1,2.2,-0.7,0.0,0,0,0,0,1,0,0,0,1,0
2023-11-30 09:00:00,1748,10,2,646,1,2.2,-0.7,0.0,0,0,0,0,1,0,0,0,1,0
2023-11-30 10:00:00,1636,11,2,523,1,2.2,-0.7,0.0,0,0,0,0,1,0,0,0,1,0
2023-11-30 07:00:00,806,8,2,134,1,2.2,-0.7,0.0,0,0,0,0,1,0,0,0,1,0
2023-11-30 05:00:00,141,6,2,29,1,2.2,-0.7,0.0,0,0,0,0,1,0,0,0,1,0
2023-11-30 06:00:00,343,7,1,41,1,2.2,-0.7,0.0,0,0,0,0,1,0,0,0,1,0
2023-11-30 01:00:00,183,2,1,142,1,2.2,-0.7,0.0,0,0,0,0,1,0,0,0,1,0
2023-11-30 03:00:00,108,4,1,133,1,2.2,-0.7,0.0,0,0,0,0,1,0,0,0,1,0
2023-11-30 15:00:00,2215,16,8,765,1,2.2,-0.7,0.0,0,0,0,0,1,0,0,0,1,0
2023-11-30 02:00:00,173,3,8,320,1,2.2,-0.7,0.0,0,0,0,0,1,0,0,0,1,0
2023-11-30 16:00:00,2255,17,7,583,1,2.2,-0.7,0.0,0,0,0,0,1,0,0,0,1,0
2023-11-30 08:00:00,2094,9,7,478,1,2.2,-0.7,0.0,0,0,0,0,1,0,0,0,1,0
2023-11-30 18:00:00,1629,19,6,626,1,2.2,-0.7,0.0,0,0,0,0,1,0,0,0,1,0
2023-11-30 19:00:00,1288,20,6,467,1,2.2,-0.7,0.0,0,0,0,0,1,0,0,0,1,0
2023-11-30 21:00:00,870,22,6,373,1,2.2,-0.7,0.0,0,0,0,0,1,0,0,0,1,0
2023-11-30 11:00:00,1756,12,5,602,1,2.2,-0.7,0.0,0,0,0,0,1,0,0,0,1,0
2023-11-29 21:00:00,422,22,0,480,0,4.5,-0.7,0.0,0,0,0,0,0,0,1,0,1,0
2023-11-29 22:00:00,235,23,0,464,0,4.5,-0.7,0.0,0,0,0,0,0,0,1,0,1,0
2023-11-29 01:00:00,152,2,0,47,0,4.5,-0.7,0.0,0,0,0,0,0,0,1,0,1,0
2023-11-29 03:00:00,98,4,0,13,0,4.5,-0.7,0.0,0,0,0,0,0,0,1,0,1,0
2023-11-29 13:00:00,1954,14,13,1215,0,4.5,-0.7,0.0,0,0,0,0,0,0,1,0,1,0
2023-11-29 11:00:00,1804,12,13,885,0,4.5,-0.7,0.0,0,0,0,0,0,0,1,0,1,0
2023-11-29 10:00:00,1735,11,10,679,0,4.5,-0.7,0.0,0,0,0,0,0,0,1,0,1,0
2023-10-02 08:00:00,1935,9,57,729,0,16.2,8.0,0.0,0,1,0,0,0,0,0,1,0,0
2023-10-02 12:00:00,1740,13,57,1609,0,16.2,8.0,0.0,0,1,0,0,0,0,0,1,0,0
2023-10-02 13:00:00,1740,14,48,1445,0,16.2,8.0,0.0,0,1,0,0,0,0,0,1,0,0
2023-10-02 14:00:00,1724,15,46,1192,0,16.2,8.0,0.0,0,1,0,0,0,0,0,1,0,0
2023-10-02 11:00:00,1646,12,46,1004,0,16.2,8.0,0.0,0,1,0,0,0,0,0,1,0,0
2023-10-01 21:00:00,265,22,4,476,0,13.6,8.9,0.5,0,0,0,1,0,0,0,1,0,0
2023-10-02 10:00:00,1324,11,46,767,0,16.2,8.0,0.0,0,1,0,0,0,0,0,1,0,0
2023-10-01 05:00:00,122,6,4,137,0,13.6,8.9,0.5,0,0,0,1,0,0,0,1,0,0
2023-10-02 15:00:00,1910,16,45,1190,0,16.2,8.0,0.0,0,1,0,0,0,0,0,1,0,0
2023-10-02 17:00:00,2307,18,42,1381,0,16.2,8.0,0.0,0,1,0,0,0,0,0,1,0,0
2023-10-01 14:00:00,1370,15,24,464,0,13.6,8.9,0.5,0,0,0,1,0,0,0,1,0,0
2023-10-01 13:00:00,1582,14,17,731,0,13.6,8.9,0.5,0,0,0,1,0,0,0,1,0,0
2023-10-01 12:00:00,1352,13,17,638,0,13.6,8.9,0.5,0,0,0,1,0,0,0,1,0,0
2023-10-01 20:00:00,316,21,3,448,0,13.6,8.9,0.5,0,0,0,1,0,0,0,1,0,0
2023-10-01 00:00:00,283,1,3,673,0,13.6,8.9,0.5,0,0,0,1,0,0,0,1,0,0
2023-10-02 09:00:00,1367,10,35,773,0,16.2,8.0,0.0,0,1,0,0,0,0,0,1,0,0
2023-10-01 04:00:00,84,5,3,175,0,13.6,8.9,0.5,0,0,0,1,0,0,0,1,0,0
2023-10-01 18:00:00,447,19,2,701,0,13.6,8.9,0.5,0,0,0,1,0,0,0,1,0,0
2023-10-02 18:00:00,1554,19,25,1093,0,16.2,8.0,0.0,0,1,0,0,0,0,0,1,0,0
2023-10-02 16:00:00,2337,17,19,1423,0,16.2,8.0,0.0,0,1,0,0,0,0,0,1,0,0
2023-10-01 19:00:00,415,20,2,584,0,13.6,8.9,0.5,0,0,0,1,0,0,0,1,0,0
2023-10-01 06:00:00,148,7,2,49,0,13.6,8.9,0.5,0,0,0,1,0,0,0,1,0,0
2023-10-01 16:00:00,572,17,1,659,0,13.6,8.9,0.5,0,0,0,1,0,0,0,1,0,0
2023-10-02 00:00:00,305,1,3,124,0,16.2,8.0,0.0,0,1,0,0,0,0,0,1,0,0
2023-10-02 01:00:00,145,2,2,93,0,16.2,8.0,0.0,0,1,0,0,0,0,0,1,0,0
2023-10-02 02:00:00,71,3,1,129,0,16.2,8.0,0.0,0,1,0,0,0,0,0,1,0,0
2023-10-01 17:00:00,562,18,11,707,0,13.6,8.9,0.5,0,0,0,1,0,0,0,1,0,0
2023-10-02 22:00:00,405,23,18,265,0,16.2,8.0,0.0,0,1,0,0,0,0,0,1,0,0
2023-10-01 11:00:00,1105,12,10,381,0,13.6,8.9,0.5,0,0,0,1,0,0,0,1,0,0
2023-10-01 10:00:00,902,11,10,385,0,13.6,8.9,0.5,0,0,0,1,0,0,0,1,0,0
2023-10-02 20:00:00,857,21,14,303,0,16.2,8.0,0.0,0,1,0,0,0,0,0,1,0,0
2023-10-02 21:00:00,728,22,13,340,0,16.2,8.0,0.0,0,1,0,0,0,0,0,1,0,0
2023-10-01 09:00:00,611,10,9,248,0,13.6,8.9,0.5,0,0,0,1,0,0,0,1,0,0
2023-10-02 05:00:00,41,6,0,25,0,16.2,8.0,0.0,0,1,0,0,0,0,0,1,0,0
2023-10-02 04:00:00,27,5,0,36,0,16.2,8.0,0.0,0,1,0,0,0,0,0,1,0,0
2023-10-02 03:00:00,24,4,0,36,0,16.2,8.0,0.0,0,1,0,0,0,0,0,1,0,0
2023-10-03 18:00:00,1223,19,37,1123,0,13.8,8.2,1.1,0,0,0,0,0,1,0,1,0,0
2023-10-03 12:00:00,1176,13,32,1200,0,13.8,8.2,1.1,0,0,0,0,0,1,0,1,0,0
2023-10-02 23:00:00,280,0,10,55,0,16.2,8.0,0.0,0,1,0,0,0,0,0,1,0,0
2023-10-01 23:00:00,334,0,7,116,0,13.6,8.9,0.5,0,0,0,1,0,0,0,1,0,0
2023-10-01 08:00:00,328,9,7,144,0,13.6,8.9,0.5,0,0,0,1,0,0,0,1,0,0
2023-10-01 15:00:00,645,16,5,657,0,13.6,8.9,0.5,0,0,0,1,0,0,0,1,0,0
2023-10-01 07:00:00,240,8,5,79,0,13.6,8.9,0.5,0,0,0,1,0,0,0,1,0,0
2023-10-01 22:00:00,218,23,5,266,0,13.6,8.9,0.5,0,0,0,1,0,0,0,1,0,0
2023-10-02 19:00:00,1111,20,9,435,0,16.2,8.0,0.0,0,1,0,0,0,0,0,1,0,0
2023-10-02 07:00:00,885,8,8,194,0,16.2,8.0,0.0,0,1,0,0,0,0,0,1,0,0
2023-10-02 06:00:00,291,7,5,41,0,16.2,8.0,0.0,0,1,0,0,0,0,0,1,0,0
2023-10-01 02:00:00,299,3,1,382,0,13.6,8.9,0.5,0,0,0,1,0,0,0,1,0,0
2023-10-01 03:00:00,250,4,1,459,0,13.6,8.9,0.5,0,0,0,1,0,0,0,1,0,0
2023-10-01 01:00:00,155,2,0,488,0,13.6,8.9,0.5,0,0,0,1,0,0,0,1,0,0
2023-10-03 00:00:00,159,1,1,61,0,13.8,8.2,1.1,0,0,0,0,0,1,0,1,0,0
2023-10-05 08:00:00,2110,9,34,869,0,18.0,6.0,5.1,0,0,0,0,1,0,0,1,0,0
2023-10-05 13:00:00,2048,14,28,1405,0,18.0,6.0,5.1,0,0,0,0,1,0,0,1,0,0
2023-10-05 09:00:00,1872,10,28,759,0,18.0,6.0,5.1,0,0,0,0,1,0,0,1,0,0
2023-10-05 17:00:00,2666,18,27,1413,0,18.0,6.0,5.1,0,0,0,0,1,0,0,1,0,0
2023-10-05 16:00:00,1839,17,23,969,0,18.0,6.0,5.1,0,0,0,0,1,0,0,1,0,0
2023-10-03 02:00:00,84,3,1,74,0,13.8,8.2,1.1,0,0,0,0,0,1,0,1,0,0
2023-10-03 16:00:00,1717,17,25,1097,0,13.8,8.2,1.1,0,0,0,0,0,1,0,1,0,0
2023-10-03 11:00:00,1053,12,8,803,0,13.8,8.2,1.1,0,0,0,0,0,1,0,1,0,0
2023-10-04 07:00:00,990,8,7,236,0,16.2,8.2,0.0,0,0,0,0,0,0,1,1,0,0
2023-10-04 21:00:00,776,22,6,565,0,16.2,8.2,0.0,0,0,0,0,0,0,1,1,0,0
2023-10-04 20:00:00,891,21,5,585,0,16.2,8.2,0.0,0,0,0,0,0,0,1,1,0,0
2023-10-05 18:00:00,1896,19,18,1055,0,18.0,6.0,5.1,0,0,0,0,1,0,0,1,0,0
2023-10-05 15:00:00,1964,16,17,1135,0,18.0,6.0,5.1,0,0,0,0,1,0,0,1,0,0
2023-10-05 12:00:00,1929,13,17,1313,0,18.0,6.0,5.1,0,0,0,0,1,0,0,1,0,0
2023-10-05 10:00:00,1691,11,14,885,0,18.0,6.0,5.1,0,0,0,0,1,0,0,1,0,0
2023-10-05 14:00:00,1917,15,13,1077,0,18.0,6.0,5.1,0,0,0,0,1,0,0,1,0,0
2023-10-05 19:00:00,1462,20,13,715,0,18.0,6.0,5.1,0,0,0,0,1,0,0,1,0,0
2023-10-05 22:00:00,563,23,8,515,0,18.0,6.0,5.1,0,0,0,0,1,0,0,1,0,0
2023-10-05 21:00:00,993,22,7,620,0,18.0,6.0,5.1,0,0,0,0,1,0,0,1,0,0
2023-10-05 07:00:00,930,8,7,241,0,18.0,6.0,5.1,0,0,0,0,1,0,0,1,0,0
2023-10-05 11:00:00,1668,12,6,834,0,18.0,6.0,5.1,0,0,0,0,1,0,0,1,0,0
2023-10-05 00:00:00,188,1,6,516,0,18.0,6.0,5.1,0,0,0,0,1,0,0,1,0,0
2023-10-04 08:00:00,2126,9,29,880,0,16.2,8.2,0.0,0,0,0,0,0,0,1,1,0,0
2023-10-03 13:00:00,1102,14,21,1187,0,13.8,8.2,1.1,0,0,0,0,0,1,0,1,0,0
2023-10-03 15:00:00,1357,16,20,977,0,13.8,8.2,1.1,0,0,0,0,0,1,0,1,0,0
2023-10-03 17:00:00,1806,18,16,1110,0,13.8,8.2,1.1,0,0,0,0,0,1,0,1,0,0
2023-10-03 09:00:00,1138,10,16,636,0,13.8,8.2,1.1,0,0,0,0,0,1,0,1,0,0
2023-10-03 14:00:00,1145,15,15,806,0,13.8,8.2,1.1,0,0,0,0,0,1,0,1,0,0
2023-10-03 08:00:00,1375,9,10,724,0,13.8,8.2,1.1,0,0,0,0,0,1,0,1,0,0
2023-10-04 11:00:00,1711,12,29,995,0,16.2,8.2,0.0,0,0,0,0,0,0,1,1,0,0
2023-10-03 21:00:00,701,22,0,621,0,13.8,8.2,1.1,0,0,0,0,0,1,0,1,0,0
2023-10-03 10:00:00,1074,11,7,691,0,13.8,8.2,1.1,0,0,0,0,0,1,0,1,0,0
2023-10-04 16:00:00,2035,17,27,1021,0,16.2,8.2,0.0,0,0,0,0,0,0,1,1,0,0
2023-10-03 05:00:00,118,6,0,47,0,13.8,8.2,1.1,0,0,0,0,0,1,0,1,0,0
2023-10-04 00:00:00,160,1,2,103,0,16.2,8.2,0.0,0,0,0,0,0,0,1,1,0,0
2023-10-03 01:00:00,97,2,0,63,0,13.8,8.2,1.1,0,0,0,0,0,1,0,1,0,0
2023-10-03 04:00:00,72,5,0,40,0,13.8,8.2,1.1,0,0,0,0,0,1,0,1,0,0
2023-10-03 22:00:00,549,23,6,162,0,13.8,8.2,1.1,0,0,0,0,0,1,0,1,0,0
2023-10-04 18:00:00,1441,19,23,1024,0,16.2,8.2,0.0,0,0,0,0,0,0,1,1,0,0
2023-10-03 06:00:00,235,7,5,56,0,13.8,8.2,1.1,0,0,0,0,0,1,0,1,0,0
2023-10-04 13:00:00,2031,14,21,1386,0,16.2,8.2,0.0,0,0,0,0,0,0,1,1,0,0
2023-10-04 12:00:00,2017,13,21,1524,0,16.2,8.2,0.0,0,0,0,0,0,0,1,1,0,0
2023-10-04 15:00:00,1981,16,20,938,0,16.2,8.2,0.0,0,0,0,0,0,0,1,1,0,0
2023-10-03 19:00:00,1024,20,4,703,0,13.8,8.2,1.1,0,0,0,0,0,1,0,1,0,0
2023-10-04 17:00:00,1703,18,19,993,0,16.2,8.2,0.0,0,0,0,0,0,0,1,1,0,0
2023-10-04 03:00:00,65,4,1,39,0,16.2,8.2,0.0,0,0,0,0,0,0,1,1,0,0
2023-10-03 20:00:00,729,21,4,562,0,13.8,8.2,1.1,0,0,0,0,0,1,0,1,0,0
2023-10-04 19:00:00,1170,20,19,658,0,16.2,8.2,0.0,0,0,0,0,0,0,1,1,0,0
2023-10-03 07:00:00,691,8,4,231,0,13.8,8.2,1.1,0,0,0,0,0,1,0,1,0,0
2023-10-04 14:00:00,1829,15,18,1035,0,16.2,8.2,0.0,0,0,0,0,0,0,1,1,0,0
2023-10-04 10:00:00,1809,11,17,1048,0,16.2,8.2,0.0,0,0,0,0,0,0,1,1,0,0
2023-10-04 22:00:00,491,23,16,261,0,16.2,8.2,0.0,0,0,0,0,0,0,1,1,0,0
2023-10-03 23:00:00,302,0,2,154,0,13.8,8.2,1.1,0,0,0,0,0,1,0,1,0,0
2023-10-04 06:00:00,267,7,0,59,0,16.2,8.2,0.0,0,0,0,0,0,0,1,1,0,0
2023-10-04 23:00:00,260,0,15,369,0,16.2,8.2,0.0,0,0,0,0,0,0,1,1,0,0
2023-10-03 03:00:00,58,4,2,45,0,13.8,8.2,1.1,0,0,0,0,0,1,0,1,0,0
2023-10-04 09:00:00,2068,10,14,891,0,16.2,8.2,0.0,0,0,0,0,0,0,1,1,0,0
2023-10-04 05:00:00,125,6,0,33,0,16.2,8.2,0.0,0,0,0,0,0,0,1,1,0,0
2023-10-04 01:00:00,124,2,0,64,0,16.2,8.2,0.0,0,0,0,0,0,0,1,1,0,0
2023-10-04 02:00:00,79,3,0,126,0,16.2,8.2,0.0,0,0,0,0,0,0,1,1,0,0
2023-10-04 04:00:00,63,5,0,29,0,16.2,8.2,0.0,0,0,0,0,0,0,1,1,0,0
2023-10-06 07:00:00,898,8,2,281,0,11.0,10.5,28.3,1,0,0,0,0,0,0,1,0,0
2023-10-06 21:00:00,774,22,2,287,0,11.0,10.5,28.3,1,0,0,0,0,0,0,1,0,0
2023-10-06 22:00:00,655,23,2,198,0,11.0,10.5,28.3,1,0,0,0,0,0,0,1,0,0
2023-10-06 06:00:00,249,7,2,62,0,11.0,10.5,28.3,1,0,0,0,0,0,0,1,0,0
2023-10-06 01:00:00,120,2,2,136,0,11.0,10.5,28.3,1,0,0,0,0,0,0,1,0,0
2023-10-06 00:00:00,184,1,1,215,0,11.0,10.5,28.3,1,0,0,0,0,0,0,1,0,0
2023-10-06 05:00:00,151,6,1,55,0,11.0,10.5,28.3,1,0,0,0,0,0,0,1,0,0
2023-10-06 02:00:00,110,3,1,157,0,11.0,10.5,28.3,1,0,0,0,0,0,0,1,0,0
2023-10-06 04:00:00,66,5,1,52,0,11.0,10.5,28.3,1,0,0,0,0,0,0,1,0,0
2023-10-06 03:00:00,55,4,0,80,0,11.0,10.5,28.3,1,0,0,0,0,0,0,1,0,0
2023-10-06 17:00:00,2183,18,50,1549,0,11.0,10.5,28.3,1,0,0,0,0,0,0,1,0,0
2023-10-06 18:00:00,1548,19,47,1187,0,11.0,10.5,28.3,1,0,0,0,0,0,0,1,0,0
2023-10-06 13:00:00,2052,14,46,1582,0,11.0,10.5,28.3,1,0,0,0,0,0,0,1,0,0
2023-10-06 14:00:00,2310,15,38,1170,0,11.0,10.5,28.3,1,0,0,0,0,0,0,1,0,0
2023-10-06 08:00:00,2108,9,33,819,0,11.0,10.5,28.3,1,0,0,0,0,0,0,1,0,0
2023-10-06 15:00:00,2141,16,31,1256,0,11.0,10.5,28.3,1,0,0,0,0,0,0,1,0,0
2023-10-06 16:00:00,2339,17,29,1281,0,11.0,10.5,28.3,1,0,0,0,0,0,0,1,0,0
2023-10-06 10:00:00,1775,11,29,848,0,11.0,10.5,28.3,1,0,0,0,0,0,0,1,0,0
2023-10-06 09:00:00,1725,10,29,811,0,11.0,10.5,28.3,1,0,0,0,0,0,0,1,0,0
2023-10-06 12:00:00,1900,13,25,1487,0,11.0,10.5,28.3,1,0,0,0,0,0,0,1,0,0
2023-10-07 04:00:00,50,5,3,92,0,14.6,9.5,56.3,0,0,1,0,0,0,0,1,0,0
2023-10-07 19:00:00,823,20,2,351,0,14.6,9.5,56.3,0,0,1,0,0,0,0,1,0,0
2023-10-07 09:00:00,515,10,2,170,0,14.6,9.5,56.3,0,0,1,0,0,0,0,1,0,0
2023-10-07 23:00:00,503,0,2,226,0,14.6,9.5,56.3,0,0,1,0,0,0,0,1,0,0
2023-10-07 02:00:00,307,3,8,216,0,14.6,9.5,56.3,0,0,1,0,0,0,0,1,0,0
2023-10-06 11:00:00,1682,12,12,1047,0,11.0,10.5,28.3,1,0,0,0,0,0,0,1,0,0
2023-10-07 01:00:00,382,2,6,224,0,14.6,9.5,56.3,0,0,1,0,0,0,0,1,0,0
2023-10-07 17:00:00,746,18,5,662,0,14.6,9.5,56.3,0,0,1,0,0,0,0,1,0,0
2023-10-07 03:00:00,146,4,5,346,0,14.6,9.5,56.3,0,0,1,0,0,0,0,1,0,0
2023-10-07 14:00:00,910,15,3,503,0,14.6,9.5,56.3,0,0,1,0,0,0,0,1,0,0
2023-10-07 13:00:00,881,14,3,430,0,14.6,9.5,56.3,0,0,1,0,0,0,0,1,0,0
2023-10-07 00:00:00,527,1,3,215,0,14.6,9.5,56.3,0,0,1,0,0,0,0,1,0,0
2023-10-07 16:00:00,863,17,1,519,0,14.6,9.5,56.3,0,0,1,0,0,0,0,1,0,0
2023-10-07 11:00:00,856,12,1,323,0,14.6,9.5,56.3,0,0,1,0,0,0,0,1,0,0
2023-10-07 15:00:00,729,16,1,529,0,14.6,9.5,56.3,0,0,1,0,0,0,0,1,0,0
2023-10-07 10:00:00,682,11,1,196,0,14.6,9.5,56.3,0,0,1,0,0,0,0,1,0,0
2023-10-06 19:00:00,1156,20,7,573,0,11.0,10.5,28.3,1,0,0,0,0,0,0,1,0,0
2023-10-07 18:00:00,597,19,1,538,0,14.6,9.5,56.3,0,0,1,0,0,0,0,1,0,0
2023-10-06 20:00:00,826,21,7,512,0,11.0,10.5,28.3,1,0,0,0,0,0,0,1,0,0
2023-10-07 20:00:00,578,21,1,363,0,14.6,9.5,56.3,0,0,1,0,0,0,0,1,0,0
2023-10-07 21:00:00,550,22,1,396,0,14.6,9.5,56.3,0,0,1,0,0,0,0,1,0,0
2023-10-07 08:00:00,326,9,1,106,0,14.6,9.5,56.3,0,0,1,0,0,0,0,1,0,0
2023-10-07 07:00:00,84,8,1,97,0,14.6,9.5,56.3,0,0,1,0,0,0,0,1,0,0
2023-10-06 23:00:00,623,0,5,208,0,11.0,10.5,28.3,1,0,0,0,0,0,0,1,0,0
2023-10-05 04:00:00,102,5,0,115,0,18.0,6.0,5.1,0,0,0,0,1,0,0,1,0,0
2023-10-05 03:00:00,102,4,4,179,0,18.0,6.0,5.1,0,0,0,0,1,0,0,1,0,0
2023-10-05 01:00:00,186,2,3,436,0,18.0,6.0,5.1,0,0,0,0,1,0,0,1,0,0
2023-10-05 02:00:00,180,3,3,634,0,18.0,6.0,5.1,0,0,0,0,1,0,0,1,0,0
2023-10-05 06:00:00,300,7,2,62,0,18.0,6.0,5.1,0,0,0,0,1,0,0,1,0,0
2023-10-05 20:00:00,926,21,1,405,0,18.0,6.0,5.1,0,0,0,0,1,0,0,1,0,0
2023-10-05 23:00:00,258,0,1,262,0,18.0,6.0,5.1,0,0,0,0,1,0,0,1,0,0
2023-10-05 05:00:00,161,6,1,73,0,18.0,6.0,5.1,0,0,0,0,1,0,0,1,0,0
2023-10-08 04:00:00,104,5,0,171,0,17.6,8.5,5.4,0,0,0,1,0,0,0,1,0,0
2023-10-08 12:00:00,1277,13,3,585,0,17.6,8.5,5.4,0,0,0,1,0,0,0,1,0,0
2023-10-08 16:00:00,1078,17,13,597,0,17.6,8.5,5.4,0,0,0,1,0,0,0,1,0,0
2023-10-08 05:00:00,94,6,0,148,0,17.6,8.5,5.4,0,0,0,1,0,0,0,1,0,0
2023-10-09 20:00:00,824,21,10,517,0,18.0,8.1,0.0,0,1,0,0,0,0,0,1,0,0
2023-10-08 03:00:00,162,4,2,543,0,17.6,8.5,5.4,0,0,0,1,0,0,0,1,0,0
2023-10-08 02:00:00,159,3,2,528,0,17.6,8.5,5.4,0,0,0,1,0,0,0,1,0,0
2023-10-08 00:00:00,336,1,1,269,0,17.6,8.5,5.4,0,0,0,1,0,0,0,1,0,0
2023-10-08 08:00:00,327,9,1,88,0,17.6,8.5,5.4,0,0,0,1,0,0,0,1,0,0
2023-10-08 01:00:00,203,2,1,504,0,17.6,8.5,5.4,0,0,0,1,0,0,0,1,0,0
2023-10-08 07:00:00,124,8,1,48,0,17.6,8.5,5.4,0,0,0,1,0,0,0,1,0,0
2023-10-09 14:00:00,1664,15,27,1173,0,18.0,8.1,0.0,0,1,0,0,0,0,0,1,0,0
2023-10-08 06:00:00,75,7,0,40,0,17.6,8.5,5.4,0,0,0,1,0,0,0,1,0,0
2023-10-08 20:00:00,625,21,10,404,0,17.6,8.5,5.4,0,0,0,1,0,0,0,1,0,0
2023-10-08 17:00:00,1177,18,26,619,0,17.6,8.5,5.4,0,0,0,1,0,0,0,1,0,0
2023-10-08 18:00:00,850,19,21,552,0,17.6,8.5,5.4,0,0,0,1,0,0,0,1,0,0
2023-10-09 07:00:00,741,8,9,218,0,18.0,8.1,0.0,0,1,0,0,0,0,0,1,0,0
2023-10-08 13:00:00,1344,14,9,682,0,17.6,8.5,5.4,0,0,0,1,0,0,0,1,0,0
2023-10-09 09:00:00,1398,10,23,829,0,18.0,8.1,0.0,0,1,0,0,0,0,0,1,0,0
2023-10-08 10:00:00,822,11,9,293,0,17.6,8.5,5.4,0,0,0,1,0,0,0,1,0,0
2023-10-08 21:00:00,559,22,9,380,0,17.6,8.5,5.4,0,0,0,1,0,0,0,1,0,0
2023-10-08 11:00:00,1056,12,7,325,0,17.6,8.5,5.4,0,0,0,1,0,0,0,1,0,0
2023-10-08 15:00:00,823,16,7,574,0,17.6,8.5,5.4,0,0,0,1,0,0,0,1,0,0
2023-10-08 23:00:00,295,0,7,146,0,17.6,8.5,5.4,0,0,0,1,0,0,0,1,0,0
2023-10-08 19:00:00,645,20,5,428,0,17.6,8.5,5.4,0,0,0,1,0,0,0,1,0,0
2023-10-08 14:00:00,600,15,5,563,0,17.6,8.5,5.4,0,0,0,1,0,0,0,1,0,0
2023-10-08 09:00:00,488,10,5,158,0,17.6,8.5,5.4,0,0,0,1,0,0,0,1,0,0
2023-10-08 22:00:00,395,23,5,267,0,17.6,8.5,5.4,0,0,0,1,0,0,0,1,0,0
2023-10-09 11:00:00,1410,12,22,1017,0,18.0,8.1,0.0,0,1,0,0,0,0,0,1,0,0
2023-10-09 19:00:00,573,20,7,408,0,18.0,8.1,0.0,0,1,0,0,0,0,0,1,0,0
2023-10-09 22:00:00,425,23,6,335,0,18.0,8.1,0.0,0,1,0,0,0,0,0,1,0,0
2023-10-09 23:00:00,291,0,6,109,0,18.0,8.1,0.0,0,1,0,0,0,0,0,1,0,0
2023-10-09 06:00:00,248,7,5,70,0,18.0,8.1,0.0,0,1,0,0,0,0,0,1,0,0
2023-10-09 05:00:00,146,6,3,30,0,18.0,8.1,0.0,0,1,0,0,0,0,0,1,0,0
2023-10-09 01:00:00,145,2,3,46,0,18.0,8.1,0.0,0,1,0,0,0,0,0,1,0,0
2023-10-09 02:00:00,85,3,3,98,0,18.0,8.1,0.0,0,1,0,0,0,0,0,1,0,0
2023-10-07 12:00:00,842,13,0,377,0,14.6,9.5,56.3,0,0,1,0,0,0,0,1,0,0
2023-10-07 22:00:00,586,23,0,251,0,14.6,9.5,56.3,0,0,1,0,0,0,0,1,0,0
2023-10-07 06:00:00,53,7,0,28,0,14.6,9.5,56.3,0,0,1,0,0,0,0,1,0,0
2023-10-07 05:00:00,42,6,0,95,0,14.6,9.5,56.3,0,0,1,0,0,0,0,1,0,0
2023-10-09 18:00:00,852,19,20,588,0,18.0,8.1,0.0,0,1,0,0,0,0,0,1,0,0
2023-10-09 21:00:00,654,22,17,436,0,18.0,8.1,0.0,0,1,0,0,0,0,0,1,0,0
2023-10-09 10:00:00,1180,11,13,737,0,18.0,8.1,0.0,0,1,0,0,0,0,0,1,0,0
2023-10-09 13:00:00,1566,14,44,1470,0,18.0,8.1,0.0,0,1,0,0,0,0,0,1,0,0
2023-10-09 17:00:00,2023,18,39,1197,0,18.0,8.1,0.0,0,1,0,0,0,0,0,1,0,0
2023-10-09 16:00:00,2032,17,36,1224,0,18.0,8.1,0.0,0,1,0,0,0,0,0,1,0,0
2023-10-09 08:00:00,1519,9,10,704,0,18.0,8.1,0.0,0,1,0,0,0,0,0,1,0,0
2023-10-09 15:00:00,1762,16,28,1240,0,18.0,8.1,0.0,0,1,0,0,0,0,0,1,0,0
2023-10-09 12:00:00,1375,13,28,1300,0,18.0,8.1,0.0,0,1,0,0,0,0,0,1,0,0
2023-10-10 07:00:00,842,8,4,232,0,13.1,12.8,0.0,0,0,0,0,0,1,0,1,0,0
2023-10-10 22:00:00,506,23,2,415,0,13.1,12.8,0.0,0,0,0,0,0,1,0,1,0,0
2023-10-10 00:00:00,193,1,2,79,0,13.1,12.8,0.0,0,0,0,0,0,1,0,1,0,0
2023-10-10 10:00:00,1735,11,19,754,0,13.1,12.8,0.0,0,0,0,0,0,1,0,1,0,0
2023-10-09 00:00:00,183,1,2,126,0,18.0,8.1,0.0,0,1,0,0,0,0,0,1,0,0
2023-10-11 13:00:00,1418,14,13,1047,0,12.0,7.3,0.0,0,0,0,0,0,0,1,1,0,0
2023-10-10 03:00:00,76,4,1,28,0,13.1,12.8,0.0,0,0,0,0,0,1,0,1,0,0
2023-10-11 11:00:00,1409,12,13,354,0,12.0,7.3,0.0,0,0,0,0,0,0,1,1,0,0
2023-10-11 20:00:00,654,21,4,593,0,12.0,7.3,0.0,0,0,0,0,0,0,1,1,0,0
2023-10-10 04:00:00,66,5,1,42,0,13.1,12.8,0.0,0,0,0,0,0,1,0,1,0,0
2023-10-10 05:00:00,156,6,0,39,0,13.1,12.8,0.0,0,0,0,0,0,1,0,1,0,0
2023-10-10 01:00:00,133,2,0,103,0,13.1,12.8,0.0,0,0,0,0,0,1,0,1,0,0
2023-10-11 14:00:00,1398,15,13,769,0,12.0,7.3,0.0,0,0,0,0,0,0,1,1,0,0
2023-10-09 04:00:00,93,5,1,42,0,18.0,8.1,0.0,0,1,0,0,0,0,0,1,0,0
2023-10-09 03:00:00,89,4,0,35,0,18.0,8.1,0.0,0,1,0,0,0,0,0,1,0,0
2023-10-11 21:00:00,346,22,3,398,0,12.0,7.3,0.0,0,0,0,0,0,0,1,1,0,0
2023-10-11 16:00:00,1487,17,20,668,0,12.0,7.3,0.0,0,0,0,0,0,0,1,1,0,0
2023-10-11 17:00:00,1453,18,15,752,0,12.0,7.3,0.0,0,0,0,0,0,0,1,1,0,0
2023-10-11 15:00:00,1386,16,10,701,0,12.0,7.3,0.0,0,0,0,0,0,0,1,1,0,0
2023-10-11 10:00:00,1188,11,10,300,0,12.0,7.3,0.0,0,0,0,0,0,0,1,1,0,0
2023-10-10 02:00:00,112,3,9,95,0,13.1,12.8,0.0,0,0,0,0,0,1,0,1,0,0
2023-10-10 19:00:00,1152,20,8,653,0,13.1,12.8,0.0,0,0,0,0,0,1,0,1,0,0
2023-10-10 23:00:00,342,0,6,164,0,13.1,12.8,0.0,0,0,0,0,0,1,0,1,0,0
2023-10-10 06:00:00,292,7,6,59,0,13.1,12.8,0.0,0,0,0,0,0,1,0,1,0,0
2023-10-11 23:00:00,383,0,9,647,0,12.0,7.3,0.0,0,0,0,0,0,0,1,1,0,0
2023-10-11 12:00:00,1371,13,8,850,0,12.0,7.3,0.0,0,0,0,0,0,0,1,1,0,0
2023-10-11 07:00:00,627,8,2,89,0,12.0,7.3,0.0,0,0,0,0,0,0,1,1,0,0
2023-10-11 00:00:00,239,1,2,94,0,12.0,7.3,0.0,0,0,0,0,0,0,1,1,0,0
2023-10-11 06:00:00,194,7,2,41,0,12.0,7.3,0.0,0,0,0,0,0,0,1,1,0,0
2023-10-11 08:00:00,1225,9,7,289,0,12.0,7.3,0.0,0,0,0,0,0,0,1,1,0,0
2023-10-11 18:00:00,1115,19,7,831,0,12.0,7.3,0.0,0,0,0,0,0,0,1,1,0,0
2023-10-11 04:00:00,71,5,2,40,0,12.0,7.3,0.0,0,0,0,0,0,0,1,1,0,0
2023-10-11 22:00:00,208,23,1,514,0,12.0,7.3,0.0,0,0,0,0,0,0,1,1,0,0
2023-10-11 02:00:00,107,3,1,169,0,12.0,7.3,0.0,0,0,0,0,0,0,1,1,0,0
2023-10-11 09:00:00,1141,10,6,270,0,12.0,7.3,0.0,0,0,0,0,0,0,1,1,0,0
2023-10-11 19:00:00,813,20,5,626,0,12.0,7.3,0.0,0,0,0,0,0,0,1,1,0,0
2023-10-10 08:00:00,1865,9,53,893,0,13.1,12.8,0.0,0,0,0,0,0,1,0,1,0,0
2023-10-10 09:00:00,1608,10,37,837,0,13.1,12.8,0.0,0,0,0,0,0,1,0,1,0,0
2023-10-10 13:00:00,1898,14,35,1472,0,13.1,12.8,0.0,0,0,0,0,0,1,0,1,0,0
2023-10-10 16:00:00,2339,17,31,1272,0,13.1,12.8,0.0,0,0,0,0,0,1,0,1,0,0
2023-10-10 15:00:00,1913,16,24,1199,0,13.1,12.8,0.0,0,0,0,0,0,1,0,1,0,0
2023-10-10 12:00:00,1751,13,24,1538,0,13.1,12.8,0.0,0,0,0,0,0,1,0,1,0,0
2023-10-10 14:00:00,1856,15,23,1156,0,13.1,12.8,0.0,0,0,0,0,0,1,0,1,0,0
2023-10-10 17:00:00,2398,18,22,1369,0,13.1,12.8,0.0,0,0,0,0,0,1,0,1,0,0
2023-10-10 11:00:00,1696,12,22,921,0,13.1,12.8,0.0,0,0,0,0,0,1,0,1,0,0
2023-10-10 20:00:00,933,21,22,618,0,13.1,12.8,0.0,0,0,0,0,0,1,0,1,0,0
2023-10-10 18:00:00,1573,19,21,913,0,13.1,12.8,0.0,0,0,0,0,0,1,0,1,0,0
2023-10-10 21:00:00,827,22,20,536,0,13.1,12.8,0.0,0,0,0,0,0,1,0,1,0,0
2023-10-13 12:00:00,30,13,13,289,0,10.8,5.5,0.0,1,0,0,0,0,0,0,1,0,0
2023-10-13 22:00:00,797,23,10,542,0,10.8,5.5,0.0,1,0,0,0,0,0,0,1,0,0
2023-10-13 21:00:00,774,22,9,524,0,10.8,5.5,0.0,1,0,0,0,0,0,0,1,0,0
2023-10-13 18:00:00,1106,19,8,1005,0,10.8,5.5,0.0,1,0,0,0,0,0,0,1,0,0
2023-10-13 23:00:00,722,0,8,657,0,10.8,5.5,0.0,1,0,0,0,0,0,0,1,0,0
2023-10-13 08:00:00,1134,9,7,428,0,10.8,5.5,0.0,1,0,0,0,0,0,0,1,0,0
2023-10-13 17:00:00,1775,18,27,1182,0,10.8,5.5,0.0,1,0,0,0,0,0,0,1,0,0
2023-10-12 01:00:00,195,2,6,403,0,13.2,2.8,0.1,0,0,0,0,1,0,0,1,0,0
2023-10-12 04:00:00,57,5,1,109,0,13.2,2.8,0.1,0,0,0,0,1,0,0,1,0,0
2023-10-12 14:00:00,1973,15,43,1085,0,13.2,2.8,0.1,0,0,0,0,1,0,0,1,0,0
2023-10-13 11:00:00,875,12,6,712,0,10.8,5.5,0.0,1,0,0,0,0,0,0,1,0,0
2023-10-13 20:00:00,679,21,5,591,0,10.8,5.5,0.0,1,0,0,0,0,0,0,1,0,0
2023-10-13 19:00:00,908,20,4,674,0,10.8,5.5,0.0,1,0,0,0,0,0,0,1,0,0
2023-10-13 00:00:00,193,1,4,152,0,10.8,5.5,0.0,1,0,0,0,0,0,0,1,0,0
2023-10-12 07:00:00,830,8,5,198,0,13.2,2.8,0.1,0,0,0,0,1,0,0,1,0,0
2023-10-12 13:00:00,1852,14,37,1519,0,13.2,2.8,0.1,0,0,0,0,1,0,0,1,0,0
2023-10-12 05:00:00,117,6,0,48,0,13.2,2.8,0.1,0,0,0,0,1,0,0,1,0,0
2023-10-11 01:00:00,165,2,0,91,0,12.0,7.3,0.0,0,0,0,0,0,0,1,1,0,0
2023-10-11 05:00:00,125,6,0,19,0,12.0,7.3,0.0,0,0,0,0,0,0,1,1,0,0
2023-10-11 03:00:00,77,4,0,35,0,12.0,7.3,0.0,0,0,0,0,0,0,1,1,0,0
2023-10-12 00:00:00,238,1,5,458,0,13.2,2.8,0.1,0,0,0,0,1,0,0,1,0,0
2023-10-12 16:00:00,1326,17,12,428,0,13.2,2.8,0.1,0,0,0,0,1,0,0,1,0,0
2023-10-12 03:00:00,140,4,5,277,0,13.2,2.8,0.1,0,0,0,0,1,0,0,1,0,0
2023-10-12 19:00:00,373,20,4,358,0,13.2,2.8,0.1,0,0,0,0,1,0,0,1,0,0
2023-10-12 02:00:00,209,3,4,660,0,13.2,2.8,0.1,0,0,0,0,1,0,0,1,0,0
2023-10-12 06:00:00,307,7,2,74,0,13.2,2.8,0.1,0,0,0,0,1,0,0,1,0,0
2023-10-12 18:00:00,923,19,12,673,0,13.2,2.8,0.1,0,0,0,0,1,0,0,1,0,0
2023-10-13 10:00:00,1090,11,3,683,0,10.8,5.5,0.0,1,0,0,0,0,0,0,1,0,0
2023-10-13 09:00:00,999,10,3,402,0,10.8,5.5,0.0,1,0,0,0,0,0,0,1,0,0
2023-10-13 16:00:00,2146,17,20,1004,0,10.8,5.5,0.0,1,0,0,0,0,0,0,1,0,0
2023-10-12 08:00:00,1721,9,33,731,0,13.2,2.8,0.1,0,0,0,0,1,0,0,1,0,0
2023-10-12 23:00:00,377,0,12,134,0,13.2,2.8,0.1,0,0,0,0,1,0,0,1,0,0
2023-10-13 14:00:00,2176,15,19,1100,0,10.8,5.5,0.0,1,0,0,0,0,0,0,1,0,0
2023-10-12 09:00:00,1516,10,29,690,0,13.2,2.8,0.1,0,0,0,0,1,0,0,1,0,0
2023-10-13 15:00:00,2078,16,17,1101,0,10.8,5.5,0.0,1,0,0,0,0,0,0,1,0,0
2023-10-12 20:00:00,277,21,11,303,0,13.2,2.8,0.1,0,0,0,0,1,0,0,1,0,0
2023-10-13 07:00:00,617,8,2,193,0,10.8,5.5,0.0,1,0,0,0,0,0,0,1,0,0
2023-10-13 01:00:00,140,2,1,94,0,10.8,5.5,0.0,1,0,0,0,0,0,0,1,0,0
2023-10-13 02:00:00,106,3,1,162,0,10.8,5.5,0.0,1,0,0,0,0,0,0,1,0,0
2023-10-13 03:00:00,88,4,1,67,0,10.8,5.5,0.0,1,0,0,0,0,0,0,1,0,0
2023-10-13 04:00:00,71,5,1,110,0,10.8,5.5,0.0,1,0,0,0,0,0,0,1,0,0
2023-10-12 22:00:00,653,23,10,251,0,13.2,2.8,0.1,0,0,0,0,1,0,0,1,0,0
2023-10-12 12:00:00,1813,13,25,1355,0,13.2,2.8,0.1,0,0,0,0,1,0,0,1,0,0
2023-10-13 13:00:00,924,14,13,1021,0,10.8,5.5,0.0,1,0,0,0,0,0,0,1,0,0
2023-10-12 21:00:00,752,22,9,324,0,13.2,2.8,0.1,0,0,0,0,1,0,0,1,0,0
2023-10-12 15:00:00,1107,16,7,407,0,13.2,2.8,0.1,0,0,0,0,1,0,0,1,0,0
2023-10-12 11:00:00,1627,12,23,930,0,13.2,2.8,0.1,0,0,0,0,1,0,0,1,0,0
2023-10-12 17:00:00,1310,18,19,612,0,13.2,2.8,0.1,0,0,0,0,1,0,0,1,0,0
2023-10-12 10:00:00,1607,11,18,613,0,13.2,2.8,0.1,0,0,0,0,1,0,0,1,0,0
2023-10-15 12:00:00,1399,13,35,791,0,11.5,1.1,0.2,0,0,0,1,0,0,0,1,0,0
2023-10-15 10:00:00,995,11,27,500,0,11.5,1.1,0.2,0,0,0,1,0,0,0,1,0,0
2023-10-15 11:00:00,1095,12,26,498,0,11.5,1.1,0.2,0,0,0,1,0,0,0,1,0,0
2023-10-14 16:00:00,1579,17,23,899,0,11.7,2.6,0.0,0,0,1,0,0,0,0,1,0,0
2023-10-14 18:00:00,1455,19,22,995,0,11.7,2.6,0.0,0,0,1,0,0,0,0,1,0,0
2023-10-14 12:00:00,1742,13,19,782,0,11.7,2.6,0.0,0,0,1,0,0,0,0,1,0,0
2023-10-14 11:00:00,1579,12,17,579,0,11.7,2.6,0.0,0,0,1,0,0,0,0,1,0,0
2023-10-14 15:00:00,1646,16,16,968,0,11.7,2.6,0.0,0,0,1,0,0,0,0,1,0,0
2023-10-14 08:00:00,629,9,13,188,0,11.7,2.6,0.0,0,0,1,0,0,0,0,1,0,0
2023-10-14 09:00:00,1047,10,12,286,0,11.7,2.6,0.0,0,0,1,0,0,0,0,1,0,0
2023-10-14 17:00:00,1611,18,11,1045,0,11.7,2.6,0.0,0,0,1,0,0,0,0,1,0,0
2023-10-14 10:00:00,1236,11,10,366,0,11.7,2.6,0.0,0,0,1,0,0,0,0,1,0,0
2023-10-15 15:00:00,1308,16,25,594,0,11.5,1.1,0.2,0,0,0,1,0,0,0,1,0,0
2023-10-14 20:00:00,659,21,2,745,0,11.7,2.6,0.0,0,0,1,0,0,0,0,1,0,0
2023-10-14 03:00:00,220,4,2,494,0,11.7,2.6,0.0,0,0,1,0,0,0,0,1,0,0
2023-10-14 06:00:00,171,7,2,43,0,11.7,2.6,0.0,0,0,1,0,0,0,0,1,0,0
2023-10-15 23:00:00,390,0,5,131,0,11.5,1.1,0.2,0,0,0,1,0,0,0,1,0,0
2023-10-14 05:00:00,145,6,0,65,0,11.7,2.6,0.0,0,0,1,0,0,0,0,1,0,0
2023-10-15 18:00:00,1123,19,20,646,0,11.5,1.1,0.2,0,0,0,1,0,0,0,1,0,0
2023-10-15 00:00:00,631,1,4,324,0,11.5,1.1,0.2,0,0,0,1,0,0,0,1,0,0
2023-10-15 03:00:00,377,4,4,579,0,11.5,1.1,0.2,0,0,0,1,0,0,0,1,0,0
2023-10-15 13:00:00,1483,14,19,725,0,11.5,1.1,0.2,0,0,0,1,0,0,0,1,0,0
2023-10-13 06:00:00,236,7,0,39,0,10.8,5.5,0.0,1,0,0,0,0,0,0,1,0,0
2023-10-13 05:00:00,131,6,0,33,0,10.8,5.5,0.0,1,0,0,0,0,0,0,1,0,0
2023-10-15 21:00:00,646,22,15,480,0,11.5,1.1,0.2,0,0,0,1,0,0,0,1,0,0
2023-10-15 19:00:00,1040,20,14,591,0,11.5,1.1,0.2,0,0,0,1,0,0,0,1,0,0
2023-10-15 16:00:00,1298,17,12,706,0,11.5,1.1,0.2,0,0,0,1,0,0,0,1,0,0
2023-10-15 09:00:00,557,10,12,232,0,11.5,1.1,0.2,0,0,0,1,0,0,0,1,0,0
2023-10-15 14:00:00,1317,15,10,726,0,11.5,1.1,0.2,0,0,0,1,0,0,0,1,0,0
2023-10-15 17:00:00,1255,18,9,788,0,11.5,1.1,0.2,0,0,0,1,0,0,0,1,0,0
2023-10-15 20:00:00,881,21,8,452,0,11.5,1.1,0.2,0,0,0,1,0,0,0,1,0,0
2023-10-15 08:00:00,325,9,8,150,0,11.5,1.1,0.2,0,0,0,1,0,0,0,1,0,0
2023-10-15 07:00:00,196,8,7,94,0,11.5,1.1,0.2,0,0,0,1,0,0,0,1,0,0
2023-10-15 22:00:00,729,23,6,288,0,11.5,1.1,0.2,0,0,0,1,0,0,0,1,0,0
2023-10-14 01:00:00,414,2,8,398,0,11.7,2.6,0.0,0,0,1,0,0,0,0,1,0,0
2023-10-14 22:00:00,884,23,6,739,0,11.7,2.6,0.0,0,0,1,0,0,0,0,1,0,0
2023-10-14 00:00:00,455,1,6,459,0,11.7,2.6,0.0,0,0,1,0,0,0,0,1,0,0
2023-10-15 02:00:00,184,3,1,660,0,11.5,1.1,0.2,0,0,0,1,0,0,0,1,0,0
2023-10-14 04:00:00,79,5,6,208,0,11.7,2.6,0.0,0,0,1,0,0,0,0,1,0,0
2023-10-15 04:00:00,111,5,1,254,0,11.5,1.1,0.2,0,0,0,1,0,0,0,1,0,0
2023-10-15 05:00:00,109,6,1,210,0,11.5,1.1,0.2,0,0,0,1,0,0,0,1,0,0
2023-10-15 06:00:00,99,7,1,67,0,11.5,1.1,0.2,0,0,0,1,0,0,0,1,0,0
2023-10-15 01:00:00,145,2,0,136,0,11.5,1.1,0.2,0,0,0,1,0,0,0,1,0,0
2023-10-14 21:00:00,865,22,5,790,0,11.7,2.6,0.0,0,0,1,0,0,0,0,1,0,0
2023-10-14 07:00:00,363,8,5,124,0,11.7,2.6,0.0,0,0,1,0,0,0,0,1,0,0
2023-10-14 23:00:00,665,0,4,619,0,11.7,2.6,0.0,0,0,1,0,0,0,0,1,0,0
2023-10-14 13:00:00,1786,14,32,901,0,11.7,2.6,0.0,0,0,1,0,0,0,0,1,0,0
2023-10-14 14:00:00,1750,15,28,986,0,11.7,2.6,0.0,0,0,1,0,0,0,0,1,0,0
2023-10-14 19:00:00,851,20,3,748,0,11.7,2.6,0.0,0,0,1,0,0,0,0,1,0,0
2023-10-14 02:00:00,292,3,3,558,0,11.7,2.6,0.0,0,0,1,0,0,0,0,1,0,0
2023-10-16 05:00:00,108,6,0,31,0,11.7,1.8,0.0,0,1,0,0,0,0,0,1,0,0
2023-10-16 02:00:00,97,3,0,25,0,11.7,1.8,0.0,0,1,0,0,0,0,0,1,0,0
2023-10-16 03:00:00,62,4,0,30,0,11.7,1.8,0.0,0,1,0,0,0,0,0,1,0,0
2023-10-17 14:00:00,1313,15,17,708,0,12.9,-0.5,0.0,0,0,0,0,0,1,0,1,0,0
2023-10-17 15:00:00,1443,16,16,825,0,12.9,-0.5,0.0,0,0,0,0,0,1,0,1,0,0
2023-10-17 12:00:00,1144,13,16,1134,0,12.9,-0.5,0.0,0,0,0,0,0,1,0,1,0,0
2023-10-17 21:00:00,749,22,14,549,0,12.9,-0.5,0.0,0,0,0,0,0,1,0,1,0,0
2023-10-17 09:00:00,1078,10,12,708,0,12.9,-0.5,0.0,0,0,0,0,0,1,0,1,0,0
2023-10-17 19:00:00,1076,20,9,604,0,12.9,-0.5,0.0,0,0,0,0,0,1,0,1,0,0
2023-10-17 07:00:00,563,8,9,205,0,12.9,-0.5,0.0,0,0,0,0,0,1,0,1,0,0
2023-10-17 00:00:00,152,1,0,118,0,12.9,-0.5,0.0,0,0,0,0,0,1,0,1,0,0
2023-10-17 23:00:00,210,0,9,139,0,12.9,-0.5,0.0,0,0,0,0,0,1,0,1,0,0
2023-10-17 05:00:00,101,6,0,42,0,12.9,-0.5,0.0,0,0,0,0,0,1,0,1,0,0
2023-10-17 11:00:00,1021,12,7,771,0,12.9,-0.5,0.0,0,0,0,0,0,1,0,1,0,0
2023-10-17 10:00:00,967,11,7,675,0,12.9,-0.5,0.0,0,0,0,0,0,1,0,1,0,0
2023-10-17 08:00:00,1114,9,6,599,0,12.9,-0.5,0.0,0,0,0,0,0,1,0,1,0,0
2023-10-17 20:00:00,1017,21,5,504,0,12.9,-0.5,0.0,0,0,0,0,0,1,0,1,0,0
2023-10-17 22:00:00,479,23,5,282,0,12.9,-0.5,0.0,0,0,0,0,0,1,0,1,0,0
2023-10-16 17:00:00,2534,18,20,1115,0,11.7,1.8,0.0,0,1,0,0,0,0,0,1,0,0
2023-10-17 02:00:00,58,3,0,88,0,12.9,-0.5,0.0,0,0,0,0,0,1,0,1,0,0
2023-10-16 15:00:00,1936,16,18,1116,0,11.7,1.8,0.0,0,1,0,0,0,0,0,1,0,0
2023-10-17 03:00:00,50,4,0,18,0,12.9,-0.5,0.0,0,0,0,0,0,1,0,1,0,0
2023-10-17 04:00:00,43,5,0,30,0,12.9,-0.5,0.0,0,0,0,0,0,1,0,1,0,0
2023-10-16 19:00:00,1136,20,15,459,0,11.7,1.8,0.0,0,1,0,0,0,0,0,1,0,0
2023-10-16 20:00:00,889,21,10,443,0,11.7,1.8,0.0,0,1,0,0,0,0,0,1,0,0
2023-10-16 21:00:00,668,22,7,429,0,11.7,1.8,0.0,0,1,0,0,0,0,0,1,0,0
2023-10-16 12:00:00,1764,13,60,1576,0,11.7,1.8,0.0,0,1,0,0,0,0,0,1,0,0
2023-10-17 06:00:00,227,7,1,42,0,12.9,-0.5,0.0,0,0,0,0,0,1,0,1,0,0
2023-10-17 01:00:00,102,2,1,64,0,12.9,-0.5,0.0,0,0,0,0,0,1,0,1,0,0
2023-10-16 13:00:00,1766,14,47,1293,0,11.7,1.8,0.0,0,1,0,0,0,0,0,1,0,0
2023-10-16 09:00:00,1621,10,40,776,0,11.7,1.8,0.0,0,1,0,0,0,0,0,1,0,0
2023-10-16 18:00:00,1578,19,38,986,0,11.7,1.8,0.0,0,1,0,0,0,0,0,1,0,0
2023-10-16 11:00:00,1725,12,34,1043,0,11.7,1.8,0.0,0,1,0,0,0,0,0,1,0,0
2023-10-16 16:00:00,2329,17,30,1112,0,11.7,1.8,0.0,0,1,0,0,0,0,0,1,0,0
2023-10-16 10:00:00,1632,11,29,817,0,11.7,1.8,0.0,0,1,0,0,0,0,0,1,0,0
2023-10-16 08:00:00,1733,9,25,752,0,11.7,1.8,0.0,0,1,0,0,0,0,0,1,0,0
2023-10-16 14:00:00,1859,15,23,1124,0,11.7,1.8,0.0,0,1,0,0,0,0,0,1,0,0
2023-10-16 07:00:00,726,8,5,190,0,11.7,1.8,0.0,0,1,0,0,0,0,0,1,0,0
2023-10-17 17:00:00,2625,18,33,1419,0,12.9,-0.5,0.0,0,0,0,0,0,1,0,1,0,0
2023-10-16 22:00:00,422,23,4,299,0,11.7,1.8,0.0,0,1,0,0,0,0,0,1,0,0
2023-10-16 01:00:00,151,2,4,56,0,11.7,1.8,0.0,0,1,0,0,0,0,0,1,0,0
2023-10-17 16:00:00,2418,17,26,1320,0,12.9,-0.5,0.0,0,0,0,0,0,1,0,1,0,0
2023-10-17 18:00:00,1602,19,26,1018,0,12.9,-0.5,0.0,0,0,0,0,0,1,0,1,0,0
2023-10-17 13:00:00,1225,14,20,1125,0,12.9,-0.5,0.0,0,0,0,0,0,1,0,1,0,0
2023-10-16 00:00:00,149,1,2,65,0,11.7,1.8,0.0,0,1,0,0,0,0,0,1,0,0
2023-10-16 04:00:00,54,5,2,30,0,11.7,1.8,0.0,0,1,0,0,0,0,0,1,0,0
2023-10-16 23:00:00,212,0,1,111,0,11.7,1.8,0.0,0,1,0,0,0,0,0,1,0,0
2023-10-16 06:00:00,207,7,1,39,0,11.7,1.8,0.0,0,1,0,0,0,0,0,1,0,0
2023-10-18 05:00:00,156,6,0,43,0,11.7,4.0,15.5,0,0,0,0,0,0,1,1,0,0
2023-10-18 01:00:00,149,2,0,116,0,11.7,4.0,15.5,0,0,0,0,0,0,1,1,0,0
2023-10-19 16:00:00,1702,17,10,560,0,9.1,9.6,89.1,0,0,0,0,1,0,0,1,0,0
2023-10-18 00:00:00,227,1,4,214,0,11.7,4.0,15.5,0,0,0,0,0,0,1,1,0,0
2023-10-19 15:00:00,1409,16,9,450,0,9.1,9.6,89.1,0,0,0,0,1,0,0,1,0,0
2023-10-18 04:00:00,75,5,0,27,0,11.7,4.0,15.5,0,0,0,0,0,0,1,1,0,0
2023-10-19 17:00:00,1292,18,9,471,0,9.1,9.6,89.1,0,0,0,0,1,0,0,1,0,0
2023-10-18 22:00:00,550,23,3,346,0,11.7,4.0,15.5,0,0,0,0,0,0,1,1,0,0
2023-10-18 23:00:00,235,0,3,327,0,11.7,4.0,15.5,0,0,0,0,0,0,1,1,0,0
2023-10-19 14:00:00,1368,15,8,445,0,9.1,9.6,89.1,0,0,0,0,1,0,0,1,0,0
2023-10-18 02:00:00,89,3,3,242,0,11.7,4.0,15.5,0,0,0,0,0,0,1,1,0,0
2023-10-19 19:00:00,546,20,8,211,0,9.1,9.6,89.1,0,0,0,0,1,0,0,1,0,0
2023-10-19 18:00:00,774,19,5,270,0,9.1,9.6,89.1,0,0,0,0,1,0,0,1,0,0
2023-10-19 02:00:00,173,3,5,368,0,9.1,9.6,89.1,0,0,0,0,1,0,0,1,0,0
2023-10-19 03:00:00,77,4,5,109,0,9.1,9.6,89.1,0,0,0,0,1,0,0,1,0,0
2023-10-19 06:00:00,212,7,4,44,0,9.1,9.6,89.1,0,0,0,0,1,0,0,1,0,0
2023-10-19 04:00:00,70,5,4,101,0,9.1,9.6,89.1,0,0,0,0,1,0,0,1,0,0
2023-10-19 13:00:00,1384,14,3,427,0,9.1,9.6,89.1,0,0,0,0,1,0,0,1,0,0
2023-10-19 11:00:00,1338,12,3,292,0,9.1,9.6,89.1,0,0,0,0,1,0,0,1,0,0
2023-10-19 07:00:00,268,8,3,37,0,9.1,9.6,89.1,0,0,0,0,1,0,0,1,0,0
2023-10-19 12:00:00,1348,13,2,361,0,9.1,9.6,89.1,0,0,0,0,1,0,0,1,0,0
2023-10-19 10:00:00,1192,11,2,249,0,9.1,9.6,89.1,0,0,0,0,1,0,0,1,0,0
2023-10-19 09:00:00,1077,10,2,274,0,9.1,9.6,89.1,0,0,0,0,1,0,0,1,0,0
2023-10-19 21:00:00,370,22,2,164,0,9.1,9.6,89.1,0,0,0,0,1,0,0,1,0,0
2023-10-18 06:00:00,296,7,2,63,0,11.7,4.0,15.5,0,0,0,0,0,0,1,1,0,0
2023-10-18 03:00:00,75,4,2,35,0,11.7,4.0,15.5,0,0,0,0,0,0,1,1,0,0
2023-10-18 07:00:00,725,8,1,225,0,11.7,4.0,15.5,0,0,0,0,0,0,1,1,0,0
2023-10-18 20:00:00,920,21,12,491,0,11.7,4.0,15.5,0,0,0,0,0,0,1,1,0,0
2023-10-20 15:00:00,1446,16,14,683,0,9.6,7.3,23.4,1,0,0,0,0,0,0,1,0,0
2023-10-20 14:00:00,1583,15,13,815,0,9.6,7.3,23.4,1,0,0,0,0,0,0,1,0,0
2023-10-19 22:00:00,311,23,2,158,0,9.1,9.6,89.1,0,0,0,0,1,0,0,1,0,0
2023-10-19 01:00:00,204,2,2,223,0,9.1,9.6,89.1,0,0,0,0,1,0,0,1,0,0
2023-10-19 23:00:00,168,0,2,43,0,9.1,9.6,89.1,0,0,0,0,1,0,0,1,0,0
2023-10-19 05:00:00,139,6,2,25,0,9.1,9.6,89.1,0,0,0,0,1,0,0,1,0,0
2023-10-19 20:00:00,470,21,1,160,0,9.1,9.6,89.1,0,0,0,0,1,0,0,1,0,0
2023-10-19 00:00:00,236,1,1,312,0,9.1,9.6,89.1,0,0,0,0,1,0,0,1,0,0
2023-10-19 08:00:00,1091,9,0,135,0,9.1,9.6,89.1,0,0,0,0,1,0,0,1,0,0
2023-10-18 17:00:00,2513,18,48,1424,0,11.7,4.0,15.5,0,0,0,0,0,0,1,1,0,0
2023-10-18 13:00:00,2068,14,33,1460,0,11.7,4.0,15.5,0,0,0,0,0,0,1,1,0,0
2023-10-18 08:00:00,1810,9,32,1012,0,11.7,4.0,15.5,0,0,0,0,0,0,1,1,0,0
2023-10-18 09:00:00,1749,10,31,1046,0,11.7,4.0,15.5,0,0,0,0,0,0,1,1,0,0
2023-10-18 11:00:00,1743,12,31,1282,0,11.7,4.0,15.5,0,0,0,0,0,0,1,1,0,0
2023-10-18 10:00:00,1700,11,28,1190,0,11.7,4.0,15.5,0,0,0,0,0,0,1,1,0,0
2023-10-18 14:00:00,2078,15,27,1131,0,11.7,4.0,15.5,0,0,0,0,0,0,1,1,0,0
2023-10-18 12:00:00,1975,13,26,1413,0,11.7,4.0,15.5,0,0,0,0,0,0,1,1,0,0
2023-10-18 16:00:00,2479,17,25,1344,0,11.7,4.0,15.5,0,0,0,0,0,0,1,1,0,0
2023-10-18 15:00:00,1902,16,23,1126,0,11.7,4.0,15.5,0,0,0,0,0,0,1,1,0,0
2023-10-18 18:00:00,1660,19,20,880,0,11.7,4.0,15.5,0,0,0,0,0,0,1,1,0,0
2023-10-18 19:00:00,1296,20,18,693,0,11.7,4.0,15.5,0,0,0,0,0,0,1,1,0,0
2023-10-18 21:00:00,784,22,16,459,0,11.7,4.0,15.5,0,0,0,0,0,0,1,1,0,0
2023-10-22 11:00:00,1033,12,16,591,0,10.8,1.0,0.0,0,0,0,1,0,0,0,1,0,0
2023-10-22 18:00:00,949,19,5,583,0,10.8,1.0,0.0,0,0,0,1,0,0,0,1,0,0
2023-10-21 07:00:00,212,8,0,74,0,12.8,5.9,1.0,0,0,1,0,0,0,0,1,0,0
2023-10-22 15:00:00,1182,16,15,914,0,10.8,1.0,0.0,0,0,0,1,0,0,0,1,0,0
2023-10-21 14:00:00,1559,15,12,695,0,12.8,5.9,1.0,0,0,1,0,0,0,0,1,0,0
2023-10-21 13:00:00,1368,14,12,633,0,12.8,5.9,1.0,0,0,1,0,0,0,0,1,0,0
2023-10-21 11:00:00,1200,12,12,401,0,12.8,5.9,1.0,0,0,1,0,0,0,0,1,0,0
2023-10-21 15:00:00,1471,16,11,588,0,12.8,5.9,1.0,0,0,1,0,0,0,0,1,0,0
2023-10-21 12:00:00,1427,13,10,648,0,12.8,5.9,1.0,0,0,1,0,0,0,0,1,0,0
2023-10-21 18:00:00,1281,19,9,785,0,12.8,5.9,1.0,0,0,1,0,0,0,0,1,0,0
2023-10-21 23:00:00,701,0,8,622,0,12.8,5.9,1.0,0,0,1,0,0,0,0,1,0,0
2023-10-21 19:00:00,1116,20,6,638,0,12.8,5.9,1.0,0,0,1,0,0,0,0,1,0,0
2023-10-21 02:00:00,217,3,4,203,0,12.8,5.9,1.0,0,0,1,0,0,0,0,1,0,0
2023-10-21 03:00:00,201,4,4,168,0,12.8,5.9,1.0,0,0,1,0,0,0,0,1,0,0
2023-10-21 09:00:00,520,10,3,196,0,12.8,5.9,1.0,0,0,1,0,0,0,0,1,0,0
2023-10-21 08:00:00,371,9,3,147,0,12.8,5.9,1.0,0,0,1,0,0,0,0,1,0,0
2023-10-22 14:00:00,1240,15,46,763,0,10.8,1.0,0.0,0,0,0,1,0,0,0,1,0,0
2023-10-22 16:00:00,1250,17,33,680,0,10.8,1.0,0.0,0,0,0,1,0,0,0,1,0,0
2023-10-22 13:00:00,1287,14,31,712,0,10.8,1.0,0.0,0,0,0,1,0,0,0,1,0,0
2023-10-22 19:00:00,809,20,4,392,0,10.8,1.0,0.0,0,0,0,1,0,0,0,1,0,0
2023-10-22 07:00:00,179,8,15,86,0,10.8,1.0,0.0,0,0,0,1,0,0,0,1,0,0
2023-10-22 17:00:00,1343,18,13,720,0,10.8,1.0,0.0,0,0,0,1,0,0,0,1,0,0
2023-10-22 09:00:00,501,10,11,233,0,10.8,1.0,0.0,0,0,0,1,0,0,0,1,0,0
2023-10-22 10:00:00,852,11,10,442,0,10.8,1.0,0.0,0,0,0,1,0,0,0,1,0,0
2023-10-22 21:00:00,468,22,8,409,0,10.8,1.0,0.0,0,0,0,1,0,0,0,1,0,0
2023-10-22 12:00:00,1267,13,7,667,0,10.8,1.0,0.0,0,0,0,1,0,0,0,1,0,0
2023-10-22 08:00:00,255,9,7,104,0,10.8,1.0,0.0,0,0,0,1,0,0,0,1,0,0
2023-10-22 00:00:00,639,1,6,597,0,10.8,1.0,0.0,0,0,0,1,0,0,0,1,0,0
2023-10-22 01:00:00,504,2,4,481,0,10.8,1.0,0.0,0,0,0,1,0,0,0,1,0,0
2023-10-22 02:00:00,362,3,4,695,0,10.8,1.0,0.0,0,0,0,1,0,0,0,1,0,0
2023-10-22 20:00:00,771,21,3,398,0,10.8,1.0,0.0,0,0,0,1,0,0,0,1,0,0
2023-10-22 22:00:00,356,23,3,284,0,10.8,1.0,0.0,0,0,0,1,0,0,0,1,0,0
2023-10-22 04:00:00,174,5,2,145,0,10.8,1.0,0.0,0,0,0,1,0,0,0,1,0,0
2023-10-22 06:00:00,152,7,2,76,0,10.8,1.0,0.0,0,0,0,1,0,0,0,1,0,0
2023-10-22 03:00:00,273,4,1,681,0,10.8,1.0,0.0,0,0,0,1,0,0,0,1,0,0
2023-10-22 23:00:00,251,0,0,90,0,10.8,1.0,0.0,0,0,0,1,0,0,0,1,0,0
2023-10-20 04:00:00,38,5,1,0,0,9.6,7.3,23.4,1,0,0,0,0,0,0,1,0,0
2023-10-20 09:00:00,904,10,0,196,0,9.6,7.3,23.4,1,0,0,0,0,0,0,1,0,0
2023-10-20 19:00:00,512,20,0,282,0,9.6,7.3,23.4,1,0,0,0,0,0,0,1,0,0
2023-10-20 07:00:00,437,8,0,27,0,9.6,7.3,23.4,1,0,0,0,0,0,0,1,0,0
2023-10-20 20:00:00,392,21,0,240,0,9.6,7.3,23.4,1,0,0,0,0,0,0,1,0,0
2023-10-20 21:00:00,361,22,0,188,0,9.6,7.3,23.4,1,0,0,0,0,0,0,1,0,0
2023-10-20 23:00:00,306,0,0,97,0,9.6,7.3,23.4,1,0,0,0,0,0,0,1,0,0
2023-10-20 22:00:00,298,23,0,165,0,9.6,7.3,23.4,1,0,0,0,0,0,0,1,0,0
2023-10-20 06:00:00,165,7,0,5,0,9.6,7.3,23.4,1,0,0,0,0,0,0,1,0,0
2023-10-20 00:00:00,149,1,0,58,0,9.6,7.3,23.4,1,0,0,0,0,0,0,1,0,0
2023-10-20 01:00:00,93,2,0,8,0,9.6,7.3,23.4,1,0,0,0,0,0,0,1,0,0
2023-10-20 02:00:00,63,3,0,4,0,9.6,7.3,23.4,1,0,0,0,0,0,0,1,0,0
2023-10-20 03:00:00,48,4,0,4,0,9.6,7.3,23.4,1,0,0,0,0,0,0,1,0,0
2023-10-21 17:00:00,1309,18,15,874,0,12.8,5.9,1.0,0,0,1,0,0,0,0,1,0,0
2023-10-21 16:00:00,1309,17,13,798,0,12.8,5.9,1.0,0,0,1,0,0,0,0,1,0,0
2023-10-21 10:00:00,543,11,2,274,0,12.8,5.9,1.0,0,0,1,0,0,0,0,1,0,0
2023-10-21 00:00:00,249,1,1,148,0,12.8,5.9,1.0,0,0,1,0,0,0,0,1,0,0
2023-10-21 06:00:00,128,7,1,34,0,12.8,5.9,1.0,0,0,1,0,0,0,0,1,0,0
2023-10-21 05:00:00,100,6,1,90,0,12.8,5.9,1.0,0,0,1,0,0,0,0,1,0,0
2023-10-21 04:00:00,67,5,1,45,0,12.8,5.9,1.0,0,0,1,0,0,0,0,1,0,0
2023-10-21 20:00:00,702,21,0,496,0,12.8,5.9,1.0,0,0,1,0,0,0,0,1,0,0
2023-10-21 21:00:00,584,22,0,555,0,12.8,5.9,1.0,0,0,1,0,0,0,0,1,0,0
2023-10-21 22:00:00,343,23,0,452,0,12.8,5.9,1.0,0,0,1,0,0,0,0,1,0,0
2023-10-21 01:00:00,260,2,0,152,0,12.8,5.9,1.0,0,0,1,0,0,0,0,1,0,0
2023-10-20 16:00:00,1371,17,10,715,0,9.6,7.3,23.4,1,0,0,0,0,0,0,1,0,0
2023-10-20 13:00:00,1347,14,9,624,0,9.6,7.3,23.4,1,0,0,0,0,0,0,1,0,0
2023-10-20 11:00:00,1063,12,8,388,0,9.6,7.3,23.4,1,0,0,0,0,0,0,1,0,0
2023-10-20 17:00:00,897,18,7,616,0,9.6,7.3,23.4,1,0,0,0,0,0,0,1,0,0
2023-10-20 12:00:00,1261,13,5,566,0,9.6,7.3,23.4,1,0,0,0,0,0,0,1,0,0
2023-10-20 08:00:00,874,9,3,144,0,9.6,7.3,23.4,1,0,0,0,0,0,0,1,0,0
2023-10-20 10:00:00,908,11,2,294,0,9.6,7.3,23.4,1,0,0,0,0,0,0,1,0,0
2023-10-20 18:00:00,721,19,1,372,0,9.6,7.3,23.4,1,0,0,0,0,0,0,1,0,0
2023-10-20 05:00:00,85,6,1,6,0,9.6,7.3,23.4,1,0,0,0,0,0,0,1,0,0
2023-10-23 16:00:00,1957,17,22,1286,0,11.1,-1.0,4.5,0,1,0,0,0,0,0,1,0,0
2023-10-23 12:00:00,1339,13,22,1359,0,11.1,-1.0,4.5,0,1,0,0,0,0,0,1,0,0
2023-10-23 08:00:00,1630,9,20,663,0,11.1,-1.0,4.5,0,1,0,0,0,0,0,1,0,0
2023-10-23 14:00:00,1526,15,20,1097,0,11.1,-1.0,4.5,0,1,0,0,0,0,0,1,0,0
2023-10-23 15:00:00,1613,16,18,1132,0,11.1,-1.0,4.5,0,1,0,0,0,0,0,1,0,0
2023-10-23 10:00:00,1212,11,10,717,0,11.1,-1.0,4.5,0,1,0,0,0,0,0,1,0,0
2023-10-23 18:00:00,1492,19,9,947,0,11.1,-1.0,4.5,0,1,0,0,0,0,0,1,0,0
2023-10-23 19:00:00,1066,20,6,655,0,11.1,-1.0,4.5,0,1,0,0,0,0,0,1,0,0
2023-10-24 08:00:00,2104,9,10,859,0,9.9,3.2,0.9,0,0,0,0,0,1,0,1,0,0
2023-10-24 19:00:00,1345,20,10,551,0,9.9,3.2,0.9,0,0,0,0,0,1,0,1,0,0
2023-10-24 20:00:00,1051,21,8,419,0,9.9,3.2,0.9,0,0,0,0,0,1,0,1,0,0
2023-10-24 07:00:00,912,8,7,217,0,9.9,3.2,0.9,0,0,0,0,0,1,0,1,0,0
2023-10-24 22:00:00,573,23,6,313,0,9.9,3.2,0.9,0,0,0,0,0,1,0,1,0,0
2023-10-24 23:00:00,335,0,4,180,0,9.9,3.2,0.9,0,0,0,0,0,1,0,1,0,0
2023-10-24 01:00:00,78,2,3,44,0,9.9,3.2,0.9,0,0,0,0,0,1,0,1,0,0
2023-10-24 06:00:00,330,7,1,76,0,9.9,3.2,0.9,0,0,0,0,0,1,0,1,0,0
2023-10-24 00:00:00,186,1,1,63,0,9.9,3.2,0.9,0,0,0,0,0,1,0,1,0,0
2023-10-24 03:00:00,35,4,1,57,0,9.9,3.2,0.9,0,0,0,0,0,1,0,1,0,0
2023-10-24 05:00:00,140,6,0,34,0,9.9,3.2,0.9,0,0,0,0,0,1,0,1,0,0
2023-10-24 02:00:00,60,3,0,93,0,9.9,3.2,0.9,0,0,0,0,0,1,0,1,0,0
2023-10-23 22:00:00,352,23,0,312,0,11.1,-1.0,4.5,0,1,0,0,0,0,0,1,0,0
2023-10-23 02:00:00,77,3,0,23,0,11.1,-1.0,4.5,0,1,0,0,0,0,0,1,0,0
2023-10-23 03:00:00,61,4,0,35,0,11.1,-1.0,4.5,0,1,0,0,0,0,0,1,0,0
2023-10-23 04:00:00,33,5,0,48,0,11.1,-1.0,4.5,0,1,0,0,0,0,0,1,0,0
2023-10-24 15:00:00,2033,16,40,1100,0,9.9,3.2,0.9,0,0,0,0,0,1,0,1,0,0
2023-10-24 04:00:00,31,5,0,40,0,9.9,3.2,0.9,0,0,0,0,0,1,0,1,0,0
2023-10-25 16:00:00,2956,17,28,1336,0,11.2,4.9,2.1,0,0,0,0,0,0,1,1,0,0
2023-10-25 14:00:00,2328,15,24,838,0,11.2,4.9,2.1,0,0,0,0,0,0,1,1,0,0
2023-10-22 05:00:00,130,6,0,203,0,10.8,1.0,0.0,0,0,0,1,0,0,0,1,0,0
2023-10-23 17:00:00,2029,18,36,1386,0,11.1,-1.0,4.5,0,1,0,0,0,0,0,1,0,0
2023-10-23 11:00:00,1370,12,29,897,0,11.1,-1.0,4.5,0,1,0,0,0,0,0,1,0,0
2023-10-23 13:00:00,1474,14,24,1258,0,11.1,-1.0,4.5,0,1,0,0,0,0,0,1,0,0
2023-10-24 17:00:00,2796,18,32,1398,0,9.9,3.2,0.9,0,0,0,0,0,1,0,1,0,0
2023-10-24 11:00:00,1776,12,31,994,0,9.9,3.2,0.9,0,0,0,0,0,1,0,1,0,0
2023-10-24 16:00:00,2668,17,30,1268,0,9.9,3.2,0.9,0,0,0,0,0,1,0,1,0,0
2023-10-24 12:00:00,1951,13,21,1384,0,9.9,3.2,0.9,0,0,0,0,0,1,0,1,0,0
2023-10-24 14:00:00,1921,15,19,1012,0,9.9,3.2,0.9,0,0,0,0,0,1,0,1,0,0
2023-10-24 09:00:00,1915,10,19,806,0,9.9,3.2,0.9,0,0,0,0,0,1,0,1,0,0
2023-10-24 18:00:00,1812,19,19,769,0,9.9,3.2,0.9,0,0,0,0,0,1,0,1,0,0
2023-10-24 13:00:00,1939,14,18,1386,0,9.9,3.2,0.9,0,0,0,0,0,1,0,1,0,0
2023-10-24 10:00:00,1636,11,15,899,0,9.9,3.2,0.9,0,0,0,0,0,1,0,1,0,0
2023-10-24 21:00:00,753,22,13,442,0,9.9,3.2,0.9,0,0,0,0,0,1,0,1,0,0
2023-10-23 09:00:00,1476,10,5,720,0,11.1,-1.0,4.5,0,1,0,0,0,0,0,1,0,0
2023-10-23 20:00:00,800,21,5,524,0,11.1,-1.0,4.5,0,1,0,0,0,0,0,1,0,0
2023-10-23 23:00:00,257,0,5,80,0,11.1,-1.0,4.5,0,1,0,0,0,0,0,1,0,0
2023-10-23 01:00:00,143,2,5,72,0,11.1,-1.0,4.5,0,1,0,0,0,0,0,1,0,0
2023-10-23 00:00:00,179,1,4,156,0,11.1,-1.0,4.5,0,1,0,0,0,0,0,1,0,0
2023-10-23 07:00:00,685,8,3,228,0,11.1,-1.0,4.5,0,1,0,0,0,0,0,1,0,0
2023-10-23 21:00:00,456,22,2,419,0,11.1,-1.0,4.5,0,1,0,0,0,0,0,1,0,0
2023-10-23 06:00:00,216,7,2,60,0,11.1,-1.0,4.5,0,1,0,0,0,0,0,1,0,0
2023-10-23 05:00:00,65,6,1,26,0,11.1,-1.0,4.5,0,1,0,0,0,0,0,1,0,0
2023-10-25 23:00:00,120,0,1,226,0,11.2,4.9,2.1,0,0,0,0,0,0,1,1,0,0
2023-10-25 22:00:00,373,23,0,423,0,11.2,4.9,2.1,0,0,0,0,0,0,1,1,0,0
2023-10-25 02:00:00,108,3,0,78,0,11.2,4.9,2.1,0,0,0,0,0,0,1,1,0,0
2023-10-25 05:00:00,42,6,0,31,0,11.2,4.9,2.1,0,0,0,0,0,0,1,1,0,0
2023-10-27 16:00:00,2571,17,32,1166,0,11.2,7.2,16.5,1,0,0,0,0,0,0,1,0,0
2023-10-27 17:00:00,2720,18,26,1173,0,11.2,7.2,16.5,1,0,0,0,0,0,0,1,0,0
2023-10-27 11:00:00,1972,12,21,760,0,11.2,7.2,16.5,1,0,0,0,0,0,0,1,0,0
2023-10-27 10:00:00,1668,11,20,659,0,11.2,7.2,16.5,1,0,0,0,0,0,0,1,0,0
2023-10-27 13:00:00,2313,14,18,1045,0,11.2,7.2,16.5,1,0,0,0,0,0,0,1,0,0
2023-10-27 14:00:00,2611,15,17,958,0,11.2,7.2,16.5,1,0,0,0,0,0,0,1,0,0
2023-10-27 09:00:00,1678,10,16,587,0,11.2,7.2,16.5,1,0,0,0,0,0,0,1,0,0
2023-10-27 12:00:00,2187,13,14,911,0,11.2,7.2,16.5,1,0,0,0,0,0,0,1,0,0
2023-10-26 06:00:00,312,7,3,56,0,10.9,5.9,29.4,0,0,0,0,1,0,0,1,0,0
2023-10-26 01:00:00,170,2,3,173,0,10.9,5.9,29.4,0,0,0,0,1,0,0,1,0,0
2023-10-26 21:00:00,894,22,2,591,0,10.9,5.9,29.4,0,0,0,0,1,0,0,1,0,0
2023-10-26 23:00:00,410,0,2,162,0,10.9,5.9,29.4,0,0,0,0,1,0,0,1,0,0
2023-10-26 02:00:00,54,3,2,131,0,10.9,5.9,29.4,0,0,0,0,1,0,0,1,0,0
2023-10-26 13:00:00,2007,14,14,1302,0,10.9,5.9,29.4,0,0,0,0,1,0,0,1,0,0
2023-10-26 12:00:00,1958,13,13,1393,0,10.9,5.9,29.4,0,0,0,0,1,0,0,1,0,0
2023-10-26 11:00:00,1799,12,13,891,0,10.9,5.9,29.4,0,0,0,0,1,0,0,1,0,0
2023-10-26 16:00:00,2607,17,12,936,0,10.9,5.9,29.4,0,0,0,0,1,0,0,1,0,0
2023-10-26 22:00:00,642,23,10,295,0,10.9,5.9,29.4,0,0,0,0,1,0,0,1,0,0
2023-10-26 15:00:00,2473,16,9,862,0,10.9,5.9,29.4,0,0,0,0,1,0,0,1,0,0
2023-10-26 17:00:00,2222,18,9,548,0,10.9,5.9,29.4,0,0,0,0,1,0,0,1,0,0
2023-10-26 14:00:00,2020,15,8,808,0,10.9,5.9,29.4,0,0,0,0,1,0,0,1,0,0
2023-10-26 19:00:00,1430,20,5,579,0,10.9,5.9,29.4,0,0,0,0,1,0,0,1,0,0
2023-10-26 07:00:00,839,8,5,186,0,10.9,5.9,29.4,0,0,0,0,1,0,0,1,0,0
2023-10-26 20:00:00,1105,21,4,393,0,10.9,5.9,29.4,0,0,0,0,1,0,0,1,0,0
2023-10-26 00:00:00,153,1,4,217,0,10.9,5.9,29.4,0,0,0,0,1,0,0,1,0,0
2023-10-25 04:00:00,21,5,0,10,0,11.2,4.9,2.1,0,0,0,0,0,0,1,1,0,0
2023-10-25 03:00:00,19,4,0,4,0,11.2,4.9,2.1,0,0,0,0,0,0,1,1,0,0
2023-10-26 08:00:00,2143,9,17,794,0,10.9,5.9,29.4,0,0,0,0,1,0,0,1,0,0
2023-10-26 10:00:00,1778,11,17,737,0,10.9,5.9,29.4,0,0,0,0,1,0,0,1,0,0
2023-10-26 09:00:00,1927,10,16,784,0,10.9,5.9,29.4,0,0,0,0,1,0,0,1,0,0
2023-10-25 15:00:00,2463,16,17,1053,0,11.2,4.9,2.1,0,0,0,0,0,0,1,1,0,0
2023-10-25 12:00:00,2030,13,17,1277,0,11.2,4.9,2.1,0,0,0,0,0,0,1,1,0,0
2023-10-25 13:00:00,2267,14,15,1358,0,11.2,4.9,2.1,0,0,0,0,0,0,1,1,0,0
2023-10-25 10:00:00,2015,11,15,829,0,11.2,4.9,2.1,0,0,0,0,0,0,1,1,0,0
2023-10-25 11:00:00,1999,12,14,828,0,11.2,4.9,2.1,0,0,0,0,0,0,1,1,0,0
2023-10-25 17:00:00,2352,18,13,758,0,11.2,4.9,2.1,0,0,0,0,0,0,1,1,0,0
2023-10-25 21:00:00,626,22,11,328,0,11.2,4.9,2.1,0,0,0,0,0,0,1,1,0,0
2023-10-25 07:00:00,898,8,9,167,0,11.2,4.9,2.1,0,0,0,0,0,0,1,1,0,0
2023-10-25 09:00:00,1795,10,7,694,0,11.2,4.9,2.1,0,0,0,0,0,0,1,1,0,0
2023-10-25 19:00:00,1095,20,6,392,0,11.2,4.9,2.1,0,0,0,0,0,0,1,1,0,0
2023-10-26 03:00:00,40,4,1,110,0,10.9,5.9,29.4,0,0,0,0,1,0,0,1,0,0
2023-10-26 18:00:00,1761,19,0,436,0,10.9,5.9,29.4,0,0,0,0,1,0,0,1,0,0
2023-10-26 05:00:00,158,6,0,38,0,10.9,5.9,29.4,0,0,0,0,1,0,0,1,0,0
2023-10-26 04:00:00,25,5,0,45,0,10.9,5.9,29.4,0,0,0,0,1,0,0,1,0,0
2023-10-25 18:00:00,1653,19,5,636,0,11.2,4.9,2.1,0,0,0,0,0,0,1,1,0,0
2023-10-25 20:00:00,928,21,4,293,0,11.2,4.9,2.1,0,0,0,0,0,0,1,1,0,0
2023-10-25 06:00:00,286,7,4,60,0,11.2,4.9,2.1,0,0,0,0,0,0,1,1,0,0
2023-10-25 00:00:00,199,1,4,113,0,11.2,4.9,2.1,0,0,0,0,0,0,1,1,0,0
2023-10-25 08:00:00,1883,9,3,560,0,11.2,4.9,2.1,0,0,0,0,0,0,1,1,0,0
2023-10-25 01:00:00,152,2,3,53,0,11.2,4.9,2.1,0,0,0,0,0,0,1,1,0,0
2023-10-27 05:00:00,179,6,0,62,0,11.2,7.2,16.5,1,0,0,0,0,0,0,1,0,0
2023-10-28 10:00:00,707,11,1,317,0,11.6,9.0,7.9,0,0,1,0,0,0,0,1,0,0
2023-10-28 21:00:00,639,22,1,419,0,11.6,9.0,7.9,0,0,1,0,0,0,0,1,0,0
2023-10-28 19:00:00,609,20,1,324,0,11.6,9.0,7.9,0,0,1,0,0,0,0,1,0,0
2023-10-28 09:00:00,582,10,1,294,0,11.6,9.0,7.9,0,0,1,0,0,0,0,1,0,0
2023-10-28 00:00:00,407,1,1,456,0,11.6,9.0,7.9,0,0,1,0,0,0,0,1,0,0
2023-10-28 20:00:00,694,21,0,459,0,11.6,9.0,7.9,0,0,1,0,0,0,0,1,0,0
2023-10-28 22:00:00,636,23,0,359,0,11.6,9.0,7.9,0,0,1,0,0,0,0,1,0,0
2023-10-28 23:00:00,514,0,0,289,0,11.6,9.0,7.9,0,0,1,0,0,0,0,1,0,0
2023-10-29 10:00:00,831,11,12,427,0,9.9,9.5,6.1,0,0,0,1,0,0,0,1,0,0
2023-10-29 14:00:00,1068,15,11,466,0,9.9,9.5,6.1,0,0,0,1,0,0,0,1,0,0
2023-10-29 13:00:00,1194,14,10,391,0,9.9,9.5,6.1,0,0,0,1,0,0,0,1,0,0
2023-10-29 11:00:00,911,12,9,441,0,9.9,9.5,6.1,0,0,0,1,0,0,0,1,0,0
2023-10-29 09:00:00,375,10,7,159,0,9.9,9.5,6.1,0,0,0,1,0,0,0,1,0,0
2023-10-29 15:00:00,1016,16,5,412,0,9.9,9.5,6.1,0,0,0,1,0,0,0,1,0,0
2023-10-29 08:00:00,236,9,4,161,0,9.9,9.5,6.1,0,0,0,1,0,0,0,1,0,0
2023-10-28 17:00:00,1381,18,18,850,0,11.6,9.0,7.9,0,0,1,0,0,0,0,1,0,0
2023-10-28 12:00:00,2060,13,15,704,0,11.6,9.0,7.9,0,0,1,0,0,0,0,1,0,0
2023-10-28 15:00:00,2003,16,15,830,0,11.6,9.0,7.9,0,0,1,0,0,0,0,1,0,0
2023-10-28 14:00:00,1949,15,15,640,0,11.6,9.0,7.9,0,0,1,0,0,0,0,1,0,0
2023-10-28 16:00:00,1805,17,13,858,0,11.6,9.0,7.9,0,0,1,0,0,0,0,1,0,0
2023-10-28 13:00:00,2161,14,9,658,0,11.6,9.0,7.9,0,0,1,0,0,0,0,1,0,0
2023-10-28 11:00:00,1605,12,7,525,0,11.6,9.0,7.9,0,0,1,0,0,0,0,1,0,0
2023-10-28 08:00:00,335,9,6,190,0,11.6,9.0,7.9,0,0,1,0,0,0,0,1,0,0
2023-10-28 18:00:00,935,19,4,370,0,11.6,9.0,7.9,0,0,1,0,0,0,0,1,0,0
2023-10-28 01:00:00,390,2,3,188,0,11.6,9.0,7.9,0,0,1,0,0,0,0,1,0,0
2023-10-28 02:00:00,229,3,2,222,0,11.6,9.0,7.9,0,0,1,0,0,0,0,1,0,0
2023-10-28 06:00:00,127,7,2,75,0,11.6,9.0,7.9,0,0,1,0,0,0,0,1,0,0
2023-10-28 03:00:00,168,4,0,202,0,11.6,9.0,7.9,0,0,1,0,0,0,0,1,0,0
2023-10-28 07:00:00,134,8,0,66,0,11.6,9.0,7.9,0,0,1,0,0,0,0,1,0,0
2023-10-28 05:00:00,94,6,0,48,0,11.6,9.0,7.9,0,0,1,0,0,0,0,1,0,0
2023-10-28 04:00:00,65,5,0,66,0,11.6,9.0,7.9,0,0,1,0,0,0,0,1,0,0
2023-10-27 08:00:00,2053,9,10,554,0,11.2,7.2,16.5,1,0,0,0,0,0,0,1,0,0
2023-10-27 18:00:00,1858,19,9,722,0,11.2,7.2,16.5,1,0,0,0,0,0,0,1,0,0
2023-10-27 15:00:00,2435,16,8,905,0,11.2,7.2,16.5,1,0,0,0,0,0,0,1,0,0
2023-10-27 06:00:00,294,7,5,58,0,11.2,7.2,16.5,1,0,0,0,0,0,0,1,0,0
2023-10-27 20:00:00,1139,21,4,521,0,11.2,7.2,16.5,1,0,0,0,0,0,0,1,0,0
2023-10-27 07:00:00,787,8,4,187,0,11.2,7.2,16.5,1,0,0,0,0,0,0,1,0,0
2023-10-27 01:00:00,150,2,4,85,0,11.2,7.2,16.5,1,0,0,0,0,0,0,1,0,0
2023-10-27 19:00:00,1562,20,3,395,0,11.2,7.2,16.5,1,0,0,0,0,0,0,1,0,0
2023-10-27 21:00:00,849,22,2,450,0,11.2,7.2,16.5,1,0,0,0,0,0,0,1,0,0
2023-10-27 02:00:00,126,3,2,154,0,11.2,7.2,16.5,1,0,0,0,0,0,0,1,0,0
2023-10-27 03:00:00,86,4,2,39,0,11.2,7.2,16.5,1,0,0,0,0,0,0,1,0,0
2023-10-27 22:00:00,797,23,1,543,0,11.2,7.2,16.5,1,0,0,0,0,0,0,1,0,0
2023-10-27 23:00:00,497,0,1,412,0,11.2,7.2,16.5,1,0,0,0,0,0,0,1,0,0
2023-10-27 00:00:00,277,1,1,138,0,11.2,7.2,16.5,1,0,0,0,0,0,0,1,0,0
2023-10-27 04:00:00,71,5,1,51,0,11.2,7.2,16.5,1,0,0,0,0,0,0,1,0,0
2023-10-30 01:00:00,148,2,2,86,0,9.6,5.6,0.0,0,1,0,0,0,0,0,0,1,0
2023-10-30 21:00:00,543,22,1,401,0,9.6,5.6,0.0,0,1,0,0,0,0,0,0,1,0
2023-10-30 00:00:00,278,1,1,129,0,9.6,5.6,0.0,0,1,0,0,0,0,0,0,1,0
2023-10-30 13:00:00,1802,14,37,1437,0,9.6,5.6,0.0,0,1,0,0,0,0,0,0,1,0
2023-10-30 14:00:00,1876,15,36,1080,0,9.6,5.6,0.0,0,1,0,0,0,0,0,0,1,0
2023-10-31 23:00:00,579,0,26,540,0,10.2,5.3,7.5,0,0,0,0,0,1,0,0,1,0
2023-10-30 05:00:00,142,6,1,44,0,9.6,5.6,0.0,0,1,0,0,0,0,0,0,1,0
2023-10-30 16:00:00,2523,17,35,1335,0,9.6,5.6,0.0,0,1,0,0,0,0,0,0,1,0
2023-10-30 04:00:00,75,5,1,48,0,9.6,5.6,0.0,0,1,0,0,0,0,0,0,1,0
2023-10-30 11:00:00,1874,12,25,1031,0,9.6,5.6,0.0,0,1,0,0,0,0,0,0,1,0
2023-10-30 10:00:00,1665,11,24,782,0,9.6,5.6,0.0,0,1,0,0,0,0,0,0,1,0
2023-10-30 08:00:00,2123,9,18,475,0,9.6,5.6,0.0,0,1,0,0,0,0,0,0,1,0
2023-10-30 09:00:00,1830,10,10,487,0,9.6,5.6,0.0,0,1,0,0,0,0,0,0,1,0
2023-10-31 12:00:00,1814,13,24,873,0,10.2,5.3,7.5,0,0,0,0,0,1,0,0,1,0
2023-10-31 09:00:00,1786,10,20,811,0,10.2,5.3,7.5,0,0,0,0,0,1,0,0,1,0
2023-10-31 15:00:00,1996,16,19,1146,0,10.2,5.3,7.5,0,0,0,0,0,1,0,0,1,0
2023-10-31 13:00:00,1856,14,18,962,0,10.2,5.3,7.5,0,0,0,0,0,1,0,0,1,0
2023-10-30 03:00:00,65,4,1,103,0,9.6,5.6,0.0,0,1,0,0,0,0,0,0,1,0
2023-10-31 08:00:00,1944,9,17,736,0,10.2,5.3,7.5,0,0,0,0,0,1,0,0,1,0
2023-10-31 10:00:00,1625,11,17,726,0,10.2,5.3,7.5,0,0,0,0,0,1,0,0,1,0
2023-10-31 21:00:00,792,22,14,817,0,10.2,5.3,7.5,0,0,0,0,0,1,0,0,1,0
2023-10-30 18:00:00,1143,19,0,623,0,9.6,5.6,0.0,0,1,0,0,0,0,0,0,1,0
2023-10-31 11:00:00,1749,12,10,782,0,10.2,5.3,7.5,0,0,0,0,0,1,0,0,1,0
2023-10-31 18:00:00,1435,19,9,784,0,10.2,5.3,7.5,0,0,0,0,0,1,0,0,1,0
2023-10-29 12:00:00,1080,13,3,339,0,9.9,9.5,6.1,0,0,0,1,0,0,0,1,0,0
2023-10-29 23:00:00,352,0,3,125,0,9.9,9.5,6.1,0,0,0,1,0,0,0,1,0,0
2023-10-29 17:00:00,909,18,0,413,0,9.9,9.5,6.1,0,0,0,1,0,0,0,1,0,0
2023-10-29 18:00:00,763,19,0,476,0,9.9,9.5,6.1,0,0,0,1,0,0,0,1,0,0
2023-10-29 00:00:00,389,1,0,189,0,9.9,9.5,6.1,0,0,0,1,0,0,0,1,0,0
2023-10-29 07:00:00,279,8,0,58,0,9.9,9.5,6.1,0,0,0,1,0,0,0,1,0,0
2023-10-29 02:00:00,251,3,0,329,0,9.9,9.5,6.1,0,0,0,1,0,0,0,1,0,0
2023-10-29 04:00:00,138,5,0,110,0,9.9,9.5,6.1,0,0,0,1,0,0,0,1,0,0
2023-10-29 19:00:00,698,20,2,441,0,9.9,9.5,6.1,0,0,0,1,0,0,0,1,0,0
2023-10-29 20:00:00,526,21,2,333,0,9.9,9.5,6.1,0,0,0,1,0,0,0,1,0,0
2023-10-29 22:00:00,465,23,2,290,0,9.9,9.5,6.1,0,0,0,1,0,0,0,1,0,0
2023-10-29 16:00:00,871,17,1,478,0,9.9,9.5,6.1,0,0,0,1,0,0,0,1,0,0
2023-10-31 16:00:00,2546,17,29,1231,0,10.2,5.3,7.5,0,0,0,0,0,1,0,0,1,0
2023-10-31 14:00:00,1938,15,28,956,0,10.2,5.3,7.5,0,0,0,0,0,1,0,0,1,0
2023-10-29 21:00:00,418,22,1,304,0,9.9,9.5,6.1,0,0,0,1,0,0,0,1,0,0
2023-10-29 01:00:00,405,2,1,301,0,9.9,9.5,6.1,0,0,0,1,0,0,0,1,0,0
2023-10-29 03:00:00,198,4,1,243,0,9.9,9.5,6.1,0,0,0,1,0,0,0,1,0,0
2023-10-29 05:00:00,152,6,1,38,0,9.9,9.5,6.1,0,0,0,1,0,0,0,1,0,0
2023-10-29 06:00:00,133,7,1,35,0,9.9,9.5,6.1,0,0,0,1,0,0,0,1,0,0
2023-10-30 12:00:00,1800,13,48,1590,0,9.6,5.6,0.0,0,1,0,0,0,0,0,0,1,0
2023-10-30 15:00:00,1947,16,42,1095,0,9.6,5.6,0.0,0,1,0,0,0,0,0,0,1,0
2023-10-30 07:00:00,968,8,10,154,0,9.6,5.6,0.0,0,1,0,0,0,0,0,0,1,0
2023-10-30 17:00:00,1726,18,6,752,0,9.6,5.6,0.0,0,1,0,0,0,0,0,0,1,0
2023-10-30 20:00:00,688,21,6,442,0,9.6,5.6,0.0,0,1,0,0,0,0,0,0,1,0
2023-10-30 22:00:00,383,23,5,364,0,9.6,5.6,0.0,0,1,0,0,0,0,0,0,1,0
2023-10-30 06:00:00,333,7,5,43,0,9.6,5.6,0.0,0,1,0,0,0,0,0,0,1,0
2023-10-30 02:00:00,75,3,5,74,0,9.6,5.6,0.0,0,1,0,0,0,0,0,0,1,0
2023-10-30 19:00:00,924,20,4,494,0,9.6,5.6,0.0,0,1,0,0,0,0,0,0,1,0
2023-10-30 23:00:00,165,0,3,83,0,9.6,5.6,0.0,0,1,0,0,0,0,0,0,1,0
2023-10-31 00:00:00,62,1,1,19,0,10.2,5.3,7.5,0,0,0,0,0,1,0,0,1,0
2023-10-31 17:00:00,1986,18,7,735,0,10.2,5.3,7.5,0,0,0,0,0,1,0,0,1,0
2023-10-31 22:00:00,613,23,7,540,0,10.2,5.3,7.5,0,0,0,0,0,1,0,0,1,0
2023-10-31 05:00:00,124,6,7,58,0,10.2,5.3,7.5,0,0,0,0,0,1,0,0,1,0
2023-10-31 19:00:00,1160,20,5,716,0,10.2,5.3,7.5,0,0,0,0,0,1,0,0,1,0
2023-10-31 20:00:00,943,21,3,485,0,10.2,5.3,7.5,0,0,0,0,0,1,0,0,1,0
2023-10-31 07:00:00,942,8,3,276,0,10.2,5.3,7.5,0,0,0,0,0,1,0,0,1,0
2023-10-31 06:00:00,280,7,2,92,0,10.2,5.3,7.5,0,0,0,0,0,1,0,0,1,0
2023-10-31 02:00:00,66,3,2,71,0,10.2,5.3,7.5,0,0,0,0,0,1,0,0,1,0
2023-10-31 04:00:00,65,5,2,53,0,10.2,5.3,7.5,0,0,0,0,0,1,0,0,1,0
2023-10-31 01:00:00,72,2,0,59,0,10.2,5.3,7.5,0,0,0,0,0,1,0,0,1,0
2023-10-31 03:00:00,44,4,0,59,0,10.2,5.3,7.5,0,0,0,0,0,1,0,0,1,0
2023-09-01 08:00:00,1478,9,19,287,0,22.4,9.9,0.0,1,0,0,0,0,0,0,1,0,0
2023-09-01 18:00:00,1044,19,19,600,0,22.4,9.9,0.0,1,0,0,0,0,0,0,1,0,0
2023-09-02 01:00:00,360,2,4,355,0,22.9,5.5,0.0,0,0,1,0,0,0,0,1,0,0
2023-09-02 08:00:00,459,9,3,111,0,22.9,5.5,0.0,0,0,1,0,0,0,0,1,0,0
2023-09-02 20:00:00,707,21,2,679,0,22.9,5.5,0.0,0,0,1,0,0,0,0,1,0,0
2023-09-02 07:00:00,282,8,2,114,0,22.9,5.5,0.0,0,0,1,0,0,0,0,1,0,0
2023-09-02 21:00:00,572,22,1,527,0,22.9,5.5,0.0,0,0,1,0,0,0,0,1,0,0
2023-09-02 03:00:00,167,4,1,355,0,22.9,5.5,0.0,0,0,1,0,0,0,0,1,0,0
2023-09-01 06:00:00,352,7,6,66,0,22.4,9.9,0.0,1,0,0,0,0,0,0,1,0,0
2023-09-01 03:00:00,92,4,6,57,0,22.4,9.9,0.0,1,0,0,0,0,0,0,1,0,0
2023-09-01 23:00:00,687,0,5,329,0,22.4,9.9,0.0,1,0,0,0,0,0,0,1,0,0
2023-09-01 22:00:00,586,23,5,387,0,22.4,9.9,0.0,1,0,0,0,0,0,0,1,0,0
2023-09-01 02:00:00,148,3,5,230,0,22.4,9.9,0.0,1,0,0,0,0,0,0,1,0,0
2023-09-01 10:00:00,1297,11,4,235,0,22.4,9.9,0.0,1,0,0,0,0,0,0,1,0,0
2023-09-01 01:00:00,199,2,4,93,0,22.4,9.9,0.0,1,0,0,0,0,0,0,1,0,0
2023-09-01 15:00:00,1075,16,3,423,0,22.4,9.9,0.0,1,0,0,0,0,0,0,1,0,0
2023-09-01 14:00:00,719,15,3,196,0,22.4,9.9,0.0,1,0,0,0,0,0,0,1,0,0
2023-09-01 21:00:00,684,22,3,540,0,22.4,9.9,0.0,1,0,0,0,0,0,0,1,0,0
2023-09-01 00:00:00,248,1,3,171,0,22.4,9.9,0.0,1,0,0,0,0,0,0,1,0,0
2023-09-01 12:00:00,675,13,1,233,0,22.4,9.9,0.0,1,0,0,0,0,0,0,1,0,0
2023-09-01 05:00:00,182,6,1,94,0,22.4,9.9,0.0,1,0,0,0,0,0,0,1,0,0
2023-09-01 11:00:00,793,12,0,237,0,22.4,9.9,0.0,1,0,0,0,0,0,0,1,0,0
2023-09-01 13:00:00,766,14,0,255,0,22.4,9.9,0.0,1,0,0,0,0,0,0,1,0,0
2023-09-01 04:00:00,76,5,0,65,0,22.4,9.9,0.0,1,0,0,0,0,0,0,1,0,0
2023-09-01 07:00:00,911,8,15,194,0,22.4,9.9,0.0,1,0,0,0,0,0,0,1,0,0
2023-09-01 17:00:00,1497,18,12,665,0,22.4,9.9,0.0,1,0,0,0,0,0,0,1,0,0
2023-09-01 16:00:00,1604,17,7,513,0,22.4,9.9,0.0,1,0,0,0,0,0,0,1,0,0
2023-09-01 09:00:00,1176,10,7,280,0,22.4,9.9,0.0,1,0,0,0,0,0,0,1,0,0
2023-09-01 19:00:00,1150,20,7,922,0,22.4,9.9,0.0,1,0,0,0,0,0,0,1,0,0
2023-09-01 20:00:00,707,21,7,679,0,22.4,9.9,0.0,1,0,0,0,0,0,0,1,0,0
2023-09-02 17:00:00,1463,18,20,350,0,22.9,5.5,0.0,0,0,1,0,0,0,0,1,0,0
2023-09-02 16:00:00,1429,17,18,273,0,22.9,5.5,0.0,0,0,1,0,0,0,0,1,0,0
2023-09-02 15:00:00,1242,16,13,526,0,22.9,5.5,0.0,0,0,1,0,0,0,0,1,0,0
2023-09-02 18:00:00,1388,19,12,287,0,22.9,5.5,0.0,0,0,1,0,0,0,0,1,0,0
2023-09-02 14:00:00,1007,15,12,538,0,22.9,5.5,0.0,0,0,1,0,0,0,0,1,0,0
2023-09-02 12:00:00,1111,13,11,460,0,22.9,5.5,0.0,0,0,1,0,0,0,0,1,0,0
2023-09-02 19:00:00,909,20,10,732,0,22.9,5.5,0.0,0,0,1,0,0,0,0,1,0,0
2023-09-02 13:00:00,1100,14,9,539,0,22.9,5.5,0.0,0,0,1,0,0,0,0,1,0,0
2023-09-02 10:00:00,915,11,9,291,0,22.9,5.5,0.0,0,0,1,0,0,0,0,1,0,0
2023-09-02 00:00:00,516,1,8,331,0,22.9,5.5,0.0,0,0,1,0,0,0,0,1,0,0
2023-09-02 11:00:00,1086,12,7,454,0,22.9,5.5,0.0,0,0,1,0,0,0,0,1,0,0
2023-09-02 09:00:00,698,10,7,266,0,22.9,5.5,0.0,0,0,1,0,0,0,0,1,0,0
2023-09-02 02:00:00,290,3,7,386,0,22.9,5.5,0.0,0,0,1,0,0,0,0,1,0,0
2023-09-02 06:00:00,146,7,6,30,0,22.9,5.5,0.0,0,0,1,0,0,0,0,1,0,0
2023-09-02 22:00:00,285,23,0,612,0,22.9,5.5,0.0,0,0,1,0,0,0,0,1,0,0
2023-09-02 23:00:00,282,0,0,399,0,22.9,5.5,0.0,0,0,1,0,0,0,0,1,0,0
2023-09-02 04:00:00,105,5,0,132,0,22.9,5.5,0.0,0,0,1,0,0,0,0,1,0,0
2023-09-02 05:00:00,105,6,0,58,0,22.9,5.5,0.0,0,0,1,0,0,0,0,1,0,0
2023-09-03 22:00:00,361,23,2,343,0,24.2,5.5,0.0,0,0,0,1,0,0,0,1,0,0
2023-09-03 03:00:00,306,4,2,510,0,24.2,5.5,0.0,0,0,0,1,0,0,0,1,0,0
2023-09-03 04:00:00,162,5,2,244,0,24.2,5.5,0.0,0,0,0,1,0,0,0,1,0,0
2023-09-03 06:00:00,142,7,2,51,0,24.2,5.5,0.0,0,0,0,1,0,0,0,1,0,0
2023-09-03 15:00:00,1241,16,10,364,0,24.2,5.5,0.0,0,0,0,1,0,0,0,1,0,0
2023-09-03 02:00:00,275,3,1,739,0,24.2,5.5,0.0,0,0,0,1,0,0,0,1,0,0
2023-09-03 23:00:00,227,0,1,108,0,24.2,5.5,0.0,0,0,0,1,0,0,0,1,0,0
2023-09-03 01:00:00,222,2,1,559,0,24.2,5.5,0.0,0,0,0,1,0,0,0,1,0,0
2023-09-03 05:00:00,124,6,1,121,0,24.2,5.5,0.0,0,0,0,1,0,0,0,1,0,0
2023-09-04 11:00:00,1614,12,18,505,0,20.8,5.5,0.0,0,1,0,0,0,0,0,1,0,0
2023-09-04 10:00:00,1294,11,17,446,0,20.8,5.5,0.0,0,1,0,0,0,0,0,1,0,0
2023-09-04 18:00:00,1075,19,16,360,0,20.8,5.5,0.0,0,1,0,0,0,0,0,1,0,0
2023-09-04 13:00:00,1272,14,15,595,0,20.8,5.5,0.0,0,1,0,0,0,0,0,1,0,0
2023-09-04 17:00:00,1916,18,12,619,0,20.8,5.5,0.0,0,1,0,0,0,0,0,1,0,0
2023-09-04 16:00:00,1576,17,12,459,0,20.8,5.5,0.0,0,1,0,0,0,0,0,1,0,0
2023-09-04 08:00:00,1346,9,11,334,0,20.8,5.5,0.0,0,1,0,0,0,0,0,1,0,0
2023-09-03 11:00:00,1119,12,28,416,0,24.2,5.5,0.0,0,0,0,1,0,0,0,1,0,0
2023-09-03 10:00:00,956,11,27,289,0,24.2,5.5,0.0,0,0,0,1,0,0,0,1,0,0
2023-09-03 07:00:00,211,8,7,83,0,24.2,5.5,0.0,0,0,0,1,0,0,0,1,0,0
2023-09-03 12:00:00,1324,13,25,524,0,24.2,5.5,0.0,0,0,0,1,0,0,0,1,0,0
2023-09-03 00:00:00,254,1,6,470,0,24.2,5.5,0.0,0,0,0,1,0,0,0,1,0,0
2023-09-03 13:00:00,1193,14,21,450,0,24.2,5.5,0.0,0,0,0,1,0,0,0,1,0,0
2023-09-03 08:00:00,307,9,19,130,0,24.2,5.5,0.0,0,0,0,1,0,0,0,1,0,0
2023-09-03 09:00:00,557,10,16,177,0,24.2,5.5,0.0,0,0,0,1,0,0,0,1,0,0
2023-09-03 14:00:00,1265,15,15,590,0,24.2,5.5,0.0,0,0,0,1,0,0,0,1,0,0
2023-09-03 18:00:00,776,19,15,224,0,24.2,5.5,0.0,0,0,0,1,0,0,0,1,0,0
2023-09-03 17:00:00,984,18,14,436,0,24.2,5.5,0.0,0,0,0,1,0,0,0,1,0,0
2023-09-03 20:00:00,600,21,13,420,0,24.2,5.5,0.0,0,0,0,1,0,0,0,1,0,0
2023-09-03 16:00:00,1174,17,12,411,0,24.2,5.5,0.0,0,0,0,1,0,0,0,1,0,0
2023-09-03 19:00:00,354,20,5,207,0,24.2,5.5,0.0,0,0,0,1,0,0,0,1,0,0
2023-09-04 06:00:00,260,7,3,63,0,20.8,5.5,0.0,0,1,0,0,0,0,0,1,0,0
2023-09-03 21:00:00,473,22,3,499,0,24.2,5.5,0.0,0,0,0,1,0,0,0,1,0,0
2023-09-04 07:00:00,677,8,2,198,0,20.8,5.5,0.0,0,1,0,0,0,0,0,1,0,0
2023-09-04 19:00:00,481,20,2,223,0,20.8,5.5,0.0,0,1,0,0,0,0,0,1,0,0
2023-09-04 23:00:00,208,0,2,110,0,20.8,5.5,0.0,0,1,0,0,0,0,0,1,0,0
2023-09-04 00:00:00,196,1,1,70,0,20.8,5.5,0.0,0,1,0,0,0,0,0,1,0,0
2023-09-04 03:00:00,68,4,1,14,0,20.8,5.5,0.0,0,1,0,0,0,0,0,1,0,0
2023-09-04 05:00:00,116,6,0,38,0,20.8,5.5,0.0,0,1,0,0,0,0,0,1,0,0
2023-09-04 04:00:00,73,5,0,52,0,20.8,5.5,0.0,0,1,0,0,0,0,0,1,0,0
2023-09-04 02:00:00,105,3,11,101,0,20.8,5.5,0.0,0,1,0,0,0,0,0,1,0,0
2023-09-04 14:00:00,1184,15,9,614,0,20.8,5.5,0.0,0,1,0,0,0,0,0,1,0,0
2023-09-04 12:00:00,1160,13,9,585,0,20.8,5.5,0.0,0,1,0,0,0,0,0,1,0,0
2023-09-04 20:00:00,653,21,7,440,0,20.8,5.5,0.0,0,1,0,0,0,0,0,1,0,0
2023-09-04 22:00:00,350,23,7,228,0,20.8,5.5,0.0,0,1,0,0,0,0,0,1,0,0
2023-09-04 01:00:00,137,2,7,61,0,20.8,5.5,0.0,0,1,0,0,0,0,0,1,0,0
2023-09-04 15:00:00,1391,16,6,484,0,20.8,5.5,0.0,0,1,0,0,0,0,0,1,0,0
2023-09-04 21:00:00,469,22,5,288,0,20.8,5.5,0.0,0,1,0,0,0,0,0,1,0,0
2023-09-04 09:00:00,1108,10,4,401,0,20.8,5.5,0.0,0,1,0,0,0,0,0,1,0,0
2023-09-06 05:00:00,141,6,1,41,0,22.4,14.0,0.0,0,0,0,0,0,0,1,1,0,0
2023-09-06 03:00:00,64,4,1,59,0,22.4,14.0,0.0,0,0,0,0,0,0,1,1,0,0
2023-09-06 23:00:00,193,0,0,125,0,22.4,14.0,0.0,0,0,0,0,0,0,1,1,0,0
2023-09-06 01:00:00,128,2,0,63,0,22.4,14.0,0.0,0,0,0,0,0,0,1,1,0,0
2023-09-06 04:00:00,86,5,0,45,0,22.4,14.0,0.0,0,0,0,0,0,0,1,1,0,0
2023-09-05 11:00:00,961,12,13,586,0,19.9,9.9,0.0,0,0,0,0,0,1,0,1,0,0
2023-09-05 22:00:00,386,23,3,228,0,19.9,9.9,0.0,0,0,0,0,0,1,0,1,0,0
2023-09-05 09:00:00,1430,10,12,502,0,19.9,9.9,0.0,0,0,0,0,0,1,0,1,0,0
2023-09-06 13:00:00,1427,14,23,612,0,22.4,14.0,0.0,0,0,0,0,0,0,1,1,0,0
2023-09-06 16:00:00,1644,17,9,441,0,22.4,14.0,0.0,0,0,0,0,0,0,1,1,0,0
2023-09-05 23:00:00,219,0,2,90,0,19.9,9.9,0.0,0,0,0,0,0,1,0,1,0,0
2023-09-05 05:00:00,146,6,1,37,0,19.9,9.9,0.0,0,0,0,0,0,1,0,1,0,0
2023-09-05 00:00:00,144,1,1,109,0,19.9,9.9,0.0,0,0,0,0,0,1,0,1,0,0
2023-09-05 01:00:00,116,2,1,43,0,19.9,9.9,0.0,0,0,0,0,0,1,0,1,0,0
2023-09-05 02:00:00,76,3,1,75,0,19.9,9.9,0.0,0,0,0,0,0,1,0,1,0,0
2023-09-05 03:00:00,55,4,1,45,0,19.9,9.9,0.0,0,0,0,0,0,1,0,1,0,0
2023-09-05 04:00:00,77,5,0,27,0,19.9,9.9,0.0,0,0,0,0,0,1,0,1,0,0
2023-09-05 17:00:00,1723,18,22,761,0,19.9,9.9,0.0,0,0,0,0,0,1,0,1,0,0
2023-09-05 08:00:00,1457,9,21,502,0,19.9,9.9,0.0,0,0,0,0,0,1,0,1,0,0
2023-09-05 14:00:00,1061,15,18,633,0,19.9,9.9,0.0,0,0,0,0,0,1,0,1,0,0
2023-09-05 13:00:00,1089,14,15,753,0,19.9,9.9,0.0,0,0,0,0,0,1,0,1,0,0
2023-09-05 12:00:00,1026,13,14,706,0,19.9,9.9,0.0,0,0,0,0,0,1,0,1,0,0
2023-09-05 07:00:00,787,8,14,228,0,19.9,9.9,0.0,0,0,0,0,0,1,0,1,0,0
2023-09-05 06:00:00,232,7,14,41,0,19.9,9.9,0.0,0,0,0,0,0,1,0,1,0,0
2023-09-05 10:00:00,1117,11,11,428,0,19.9,9.9,0.0,0,0,0,0,0,1,0,1,0,0
2023-09-06 22:00:00,267,23,9,285,0,22.4,14.0,0.0,0,0,0,0,0,0,1,1,0,0
2023-09-06 14:00:00,1171,15,8,440,0,22.4,14.0,0.0,0,0,0,0,0,0,1,1,0,0
2023-09-06 12:00:00,1749,13,53,735,0,22.4,14.0,0.0,0,0,0,0,0,0,1,1,0,0
2023-09-06 08:00:00,2124,9,35,464,0,22.4,14.0,0.0,0,0,0,0,0,0,1,1,0,0
2023-09-06 09:00:00,1774,10,29,492,0,22.4,14.0,0.0,0,0,0,0,0,0,1,1,0,0
2023-09-06 10:00:00,1648,11,28,362,0,22.4,14.0,0.0,0,0,0,0,0,0,1,1,0,0
2023-09-06 19:00:00,749,20,8,571,0,22.4,14.0,0.0,0,0,0,0,0,0,1,1,0,0
2023-09-05 16:00:00,1492,17,9,611,0,19.9,9.9,0.0,0,0,0,0,0,1,0,1,0,0
2023-09-06 11:00:00,1707,12,21,432,0,22.4,14.0,0.0,0,0,0,0,0,0,1,1,0,0
2023-09-06 15:00:00,1275,16,7,418,0,22.4,14.0,0.0,0,0,0,0,0,0,1,1,0,0
2023-09-07 17:00:00,2389,18,38,720,0,25.0,12.0,0.0,0,0,0,0,1,0,0,1,0,0
2023-09-06 17:00:00,1668,18,19,562,0,22.4,14.0,0.0,0,0,0,0,0,0,1,1,0,0
2023-09-06 07:00:00,1032,8,19,198,0,22.4,14.0,0.0,0,0,0,0,0,0,1,1,0,0
2023-09-06 18:00:00,873,19,17,512,0,22.4,14.0,0.0,0,0,0,0,0,0,1,1,0,0
2023-09-06 06:00:00,409,7,10,81,0,22.4,14.0,0.0,0,0,0,0,0,0,1,1,0,0
2023-09-07 16:00:00,2275,17,36,662,0,25.0,12.0,0.0,0,0,0,0,1,0,0,1,0,0
2023-09-05 20:00:00,742,21,8,433,0,19.9,9.9,0.0,0,0,0,0,0,1,0,1,0,0
2023-09-06 02:00:00,108,3,6,158,0,22.4,14.0,0.0,0,0,0,0,0,0,1,1,0,0
2023-09-06 20:00:00,660,21,5,485,0,22.4,14.0,0.0,0,0,0,0,0,0,1,1,0,0
2023-09-06 00:00:00,109,1,3,143,0,22.4,14.0,0.0,0,0,0,0,0,0,1,1,0,0
2023-09-06 21:00:00,459,22,2,306,0,22.4,14.0,0.0,0,0,0,0,0,0,1,1,0,0
2023-09-07 15:00:00,2078,16,32,567,0,25.0,12.0,0.0,0,0,0,0,1,0,0,1,0,0
2023-09-05 15:00:00,1176,16,7,540,0,19.9,9.9,0.0,0,0,0,0,0,1,0,1,0,0
2023-09-05 19:00:00,800,20,4,466,0,19.9,9.9,0.0,0,0,0,0,0,1,0,1,0,0
2023-09-05 18:00:00,733,19,4,479,0,19.9,9.9,0.0,0,0,0,0,0,1,0,1,0,0
2023-09-05 21:00:00,579,22,4,339,0,19.9,9.9,0.0,0,0,0,0,0,1,0,1,0,0
2023-09-07 14:00:00,1957,15,27,641,0,25.0,12.0,0.0,0,0,0,0,1,0,0,1,0,0
2023-09-07 19:00:00,1649,20,25,587,0,25.0,12.0,0.0,0,0,0,0,1,0,0,1,0,0
2023-09-07 18:00:00,1901,19,24,625,0,25.0,12.0,0.0,0,0,0,0,1,0,0,1,0,0
2023-09-07 13:00:00,1844,14,24,719,0,25.0,12.0,0.0,0,0,0,0,1,0,0,1,0,0
2023-09-07 12:00:00,1739,13,24,694,0,25.0,12.0,0.0,0,0,0,0,1,0,0,1,0,0
2023-09-08 01:00:00,77,2,1,74,0,24.7,13.5,0.0,1,0,0,0,0,0,0,1,0,0
2023-09-08 03:00:00,72,4,1,35,0,24.7,13.5,0.0,1,0,0,0,0,0,0,1,0,0
2023-09-07 11:00:00,1003,12,7,446,0,25.0,12.0,0.0,0,0,0,0,1,0,0,1,0,0
2023-09-08 10:00:00,1262,11,7,335,0,24.7,13.5,0.0,1,0,0,0,0,0,0,1,0,0
2023-09-08 04:00:00,61,5,1,35,0,24.7,13.5,0.0,1,0,0,0,0,0,0,1,0,0
2023-09-08 22:00:00,918,23,7,521,0,24.7,13.5,0.0,1,0,0,0,0,0,0,1,0,0
2023-09-07 08:00:00,1170,9,17,325,0,25.0,12.0,0.0,0,0,0,0,1,0,0,1,0,0
2023-09-07 07:00:00,733,8,11,161,0,25.0,12.0,0.0,0,0,0,0,1,0,0,1,0,0
2023-09-07 20:00:00,956,21,10,369,0,25.0,12.0,0.0,0,0,0,0,1,0,0,1,0,0
2023-09-07 21:00:00,837,22,8,311,0,25.0,12.0,0.0,0,0,0,0,1,0,0,1,0,0
2023-09-07 00:00:00,168,1,8,141,0,25.0,12.0,0.0,0,0,0,0,1,0,0,1,0,0
2023-09-08 11:00:00,1368,12,6,369,0,24.7,13.5,0.0,1,0,0,0,0,0,0,1,0,0
2023-09-07 09:00:00,647,10,6,263,0,25.0,12.0,0.0,0,0,0,0,1,0,0,1,0,0
2023-09-08 07:00:00,754,8,6,146,0,24.7,13.5,0.0,1,0,0,0,0,0,0,1,0,0
2023-09-09 18:00:00,1526,19,26,657,0,22.7,5.5,0.0,0,0,1,0,0,0,0,1,0,0
2023-09-09 16:00:00,1344,17,22,803,0,22.7,5.5,0.0,0,0,1,0,0,0,0,1,0,0
2023-09-09 15:00:00,1080,16,21,677,0,22.7,5.5,0.0,0,0,1,0,0,0,0,1,0,0
2023-09-09 06:00:00,169,7,21,110,0,22.7,5.5,0.0,0,0,1,0,0,0,0,1,0,0
2023-09-09 19:00:00,1499,20,18,946,0,22.7,5.5,0.0,0,0,1,0,0,0,0,1,0,0
2023-09-09 12:00:00,1263,13,16,561,0,22.7,5.5,0.0,0,0,1,0,0,0,0,1,0,0
2023-09-09 00:00:00,537,1,15,400,0,22.7,5.5,0.0,0,0,1,0,0,0,0,1,0,0
2023-09-09 10:00:00,1066,11,14,340,0,22.7,5.5,0.0,0,0,1,0,0,0,0,1,0,0
2023-09-09 14:00:00,1313,15,13,763,0,22.7,5.5,0.0,0,0,1,0,0,0,0,1,0,0
2023-09-07 05:00:00,82,6,1,35,0,25.0,12.0,0.0,0,0,0,0,1,0,0,1,0,0
2023-09-08 23:00:00,730,0,6,374,0,24.7,13.5,0.0,1,0,0,0,0,0,0,1,0,0
2023-09-07 01:00:00,146,2,6,66,0,25.0,12.0,0.0,0,0,0,0,1,0,0,1,0,0
2023-09-08 05:00:00,103,6,6,29,0,24.7,13.5,0.0,1,0,0,0,0,0,0,1,0,0
2023-09-08 00:00:00,197,1,2,91,0,24.7,13.5,0.0,1,0,0,0,0,0,0,1,0,0
2023-09-08 02:00:00,89,3,1,105,0,24.7,13.5,0.0,1,0,0,0,0,0,0,1,0,0
2023-09-07 10:00:00,597,11,5,322,0,25.0,12.0,0.0,0,0,0,0,1,0,0,1,0,0
2023-09-07 06:00:00,150,7,0,8,0,25.0,12.0,0.0,0,0,0,0,1,0,0,1,0,0
2023-09-08 17:00:00,2402,18,28,652,0,24.7,13.5,0.0,1,0,0,0,0,0,0,1,0,0
2023-09-08 18:00:00,1793,19,28,223,0,24.7,13.5,0.0,1,0,0,0,0,0,0,1,0,0
2023-09-07 22:00:00,661,23,4,215,0,25.0,12.0,0.0,0,0,0,0,1,0,0,1,0,0
2023-09-08 15:00:00,1684,16,14,587,0,24.7,13.5,0.0,1,0,0,0,0,0,0,1,0,0
2023-09-08 12:00:00,1513,13,14,588,0,24.7,13.5,0.0,1,0,0,0,0,0,0,1,0,0
2023-09-08 20:00:00,912,21,14,446,0,24.7,13.5,0.0,1,0,0,0,0,0,0,1,0,0
2023-09-08 16:00:00,2215,17,12,607,0,24.7,13.5,0.0,1,0,0,0,0,0,0,1,0,0
2023-09-08 09:00:00,1293,10,12,318,0,24.7,13.5,0.0,1,0,0,0,0,0,0,1,0,0
2023-09-08 06:00:00,284,7,12,52,0,24.7,13.5,0.0,1,0,0,0,0,0,0,1,0,0
2023-09-08 08:00:00,1335,9,11,249,0,24.7,13.5,0.0,1,0,0,0,0,0,0,1,0,0
2023-09-08 21:00:00,946,22,11,588,0,24.7,13.5,0.0,1,0,0,0,0,0,0,1,0,0
2023-09-08 13:00:00,1510,14,25,688,0,24.7,13.5,0.0,1,0,0,0,0,0,0,1,0,0
2023-09-07 23:00:00,356,0,3,107,0,25.0,12.0,0.0,0,0,0,0,1,0,0,1,0,0
2023-09-07 03:00:00,60,4,3,86,0,25.0,12.0,0.0,0,0,0,0,1,0,0,1,0,0
2023-09-07 02:00:00,42,3,3,97,0,25.0,12.0,0.0,0,0,0,0,1,0,0,1,0,0
2023-09-08 19:00:00,1603,20,17,620,0,24.7,13.5,0.0,1,0,0,0,0,0,0,1,0,0
2023-09-08 14:00:00,1762,15,16,686,0,24.7,13.5,0.0,1,0,0,0,0,0,0,1,0,0
2023-09-07 04:00:00,64,5,2,79,0,25.0,12.0,0.0,0,0,0,0,1,0,0,1,0,0
2023-09-09 01:00:00,418,2,12,411,0,22.7,5.5,0.0,0,0,1,0,0,0,0,1,0,0
2023-09-09 20:00:00,1096,21,10,753,0,22.7,5.5,0.0,0,0,1,0,0,0,0,1,0,0
2023-09-09 11:00:00,1181,12,9,499,0,22.7,5.5,0.0,0,0,1,0,0,0,0,1,0,0
2023-09-09 13:00:00,1242,14,8,665,0,22.7,5.5,0.0,0,0,1,0,0,0,0,1,0,0
2023-09-09 08:00:00,495,9,7,206,0,22.7,5.5,0.0,0,0,1,0,0,0,0,1,0,0
2023-09-09 21:00:00,947,22,6,831,0,22.7,5.5,0.0,0,0,1,0,0,0,0,1,0,0
2023-09-09 23:00:00,491,0,6,431,0,22.7,5.5,0.0,0,0,1,0,0,0,0,1,0,0
2023-09-09 17:00:00,1602,18,5,901,0,22.7,5.5,0.0,0,0,1,0,0,0,0,1,0,0
2023-09-09 09:00:00,822,10,5,247,0,22.7,5.5,0.0,0,0,1,0,0,0,0,1,0,0
2023-09-09 04:00:00,111,5,4,180,0,22.7,5.5,0.0,0,0,1,0,0,0,0,1,0,0
2023-09-09 22:00:00,962,23,3,561,0,22.7,5.5,0.0,0,0,1,0,0,0,0,1,0,0
2023-09-09 07:00:00,284,8,3,134,0,22.7,5.5,0.0,0,0,1,0,0,0,0,1,0,0
2023-09-09 03:00:00,228,4,3,625,0,22.7,5.5,0.0,0,0,1,0,0,0,0,1,0,0
2023-09-09 02:00:00,249,3,2,723,0,22.7,5.5,0.0,0,0,1,0,0,0,0,1,0,0
2023-09-09 05:00:00,110,6,2,154,0,22.7,5.5,0.0,0,0,1,0,0,0,0,1,0,0
2023-09-11 15:00:00,1811,16,26,532,0,17.4,12.5,0.0,0,1,0,0,0,0,0,1,0,0
2023-09-11 18:00:00,1245,19,23,683,0,17.4,12.5,0.0,0,1,0,0,0,0,0,1,0,0
2023-09-11 17:00:00,1861,18,18,814,0,17.4,12.5,0.0,0,1,0,0,0,0,0,1,0,0
2023-09-11 09:00:00,1344,10,18,396,0,17.4,12.5,0.0,0,1,0,0,0,0,0,1,0,0
2023-09-10 12:00:00,1577,13,26,783,0,20.5,5.5,21.4,0,0,0,1,0,0,0,1,0,0
2023-09-10 20:00:00,813,21,8,365,0,20.5,5.5,21.4,0,0,0,1,0,0,0,1,0,0
2023-09-10 18:00:00,1204,19,25,410,0,20.5,5.5,21.4,0,0,0,1,0,0,0,1,0,0
2023-09-10 03:00:00,403,4,8,610,0,20.5,5.5,21.4,0,0,0,1,0,0,0,1,0,0
2023-09-10 14:00:00,1461,15,41,960,0,20.5,5.5,21.4,0,0,0,1,0,0,0,1,0,0
2023-09-10 16:00:00,1530,17,24,827,0,20.5,5.5,21.4,0,0,0,1,0,0,0,1,0,0
2023-09-11 14:00:00,1740,15,34,597,0,17.4,12.5,0.0,0,1,0,0,0,0,0,1,0,0
2023-09-11 13:00:00,1787,14,30,731,0,17.4,12.5,0.0,0,1,0,0,0,0,0,1,0,0
2023-09-11 16:00:00,2170,17,29,821,0,17.4,12.5,0.0,0,1,0,0,0,0,0,1,0,0
2023-09-11 12:00:00,1757,13,29,715,0,17.4,12.5,0.0,0,1,0,0,0,0,0,1,0,0
2023-09-10 04:00:00,117,5,3,86,0,20.5,5.5,21.4,0,0,0,1,0,0,0,1,0,0
2023-09-10 17:00:00,1351,18,23,779,0,20.5,5.5,21.4,0,0,0,1,0,0,0,1,0,0
2023-09-10 19:00:00,1015,20,7,262,0,20.5,5.5,21.4,0,0,0,1,0,0,0,1,0,0
2023-09-10 00:00:00,666,1,23,682,0,20.5,5.5,21.4,0,0,0,1,0,0,0,1,0,0
2023-09-10 15:00:00,1533,16,20,806,0,20.5,5.5,21.4,0,0,0,1,0,0,0,1,0,0
2023-09-10 09:00:00,735,10,20,299,0,20.5,5.5,21.4,0,0,0,1,0,0,0,1,0,0
2023-09-10 10:00:00,1148,11,19,476,0,20.5,5.5,21.4,0,0,0,1,0,0,0,1,0,0
2023-09-10 13:00:00,1672,14,15,815,0,20.5,5.5,21.4,0,0,0,1,0,0,0,1,0,0
2023-09-10 06:00:00,76,7,15,88,0,20.5,5.5,21.4,0,0,0,1,0,0,0,1,0,0
2023-09-10 08:00:00,367,9,13,141,0,20.5,5.5,21.4,0,0,0,1,0,0,0,1,0,0
2023-09-10 11:00:00,1266,12,12,529,0,20.5,5.5,21.4,0,0,0,1,0,0,0,1,0,0
2023-09-10 02:00:00,534,3,12,611,0,20.5,5.5,21.4,0,0,0,1,0,0,0,1,0,0
2023-09-10 21:00:00,562,22,10,373,0,20.5,5.5,21.4,0,0,0,1,0,0,0,1,0,0
2023-09-10 01:00:00,609,2,9,730,0,20.5,5.5,21.4,0,0,0,1,0,0,0,1,0,0
2023-09-10 07:00:00,210,8,7,103,0,20.5,5.5,21.4,0,0,0,1,0,0,0,1,0,0
2023-09-10 23:00:00,176,0,2,240,0,20.5,5.5,21.4,0,0,0,1,0,0,0,1,0,0
2023-09-10 22:00:00,445,23,4,316,0,20.5,5.5,21.4,0,0,0,1,0,0,0,1,0,0
2023-09-10 05:00:00,75,6,1,86,0,20.5,5.5,21.4,0,0,0,1,0,0,0,1,0,0
2023-09-11 10:00:00,700,11,8,492,0,17.4,12.5,0.0,0,1,0,0,0,0,0,1,0,0
2023-09-11 11:00:00,898,12,6,491,0,17.4,12.5,0.0,0,1,0,0,0,0,0,1,0,0
2023-09-11 19:00:00,937,20,5,705,0,17.4,12.5,0.0,0,1,0,0,0,0,0,1,0,0
2023-09-11 08:00:00,528,9,4,462,0,17.4,12.5,0.0,0,1,0,0,0,0,0,1,0,0
2023-09-11 20:00:00,709,21,3,493,0,17.4,12.5,0.0,0,1,0,0,0,0,0,1,0,0
2023-09-11 21:00:00,518,22,1,493,0,17.4,12.5,0.0,0,1,0,0,0,0,0,1,0,0
2023-09-11 22:00:00,351,23,1,472,0,17.4,12.5,0.0,0,1,0,0,0,0,0,1,0,0
2023-09-11 07:00:00,312,8,1,252,0,17.4,12.5,0.0,0,1,0,0,0,0,0,1,0,0
2023-09-11 00:00:00,161,1,1,263,0,17.4,12.5,0.0,0,1,0,0,0,0,0,1,0,0
2023-09-11 01:00:00,149,2,1,280,0,17.4,12.5,0.0,0,1,0,0,0,0,0,1,0,0
2023-09-11 06:00:00,122,7,1,95,0,17.4,12.5,0.0,0,1,0,0,0,0,0,1,0,0
2023-09-11 05:00:00,83,6,1,60,0,17.4,12.5,0.0,0,1,0,0,0,0,0,1,0,0
2023-09-11 03:00:00,66,4,1,89,0,17.4,12.5,0.0,0,1,0,0,0,0,0,1,0,0
2023-09-11 04:00:00,49,5,1,111,0,17.4,12.5,0.0,0,1,0,0,0,0,0,1,0,0
2023-09-11 23:00:00,215,0,0,356,0,17.4,12.5,0.0,0,1,0,0,0,0,0,1,0,0
2023-09-11 02:00:00,112,3,0,287,0,17.4,12.5,0.0,0,1,0,0,0,0,0,1,0,0
2023-09-12 16:00:00,2590,17,64,1345,0,15.6,8.2,0.0,0,0,0,0,0,1,0,1,0,0
2023-09-12 14:00:00,1892,15,42,1145,0,15.6,8.2,0.0,0,0,0,0,0,1,0,1,0,0
2023-09-12 13:00:00,1843,14,41,1450,0,15.6,8.2,0.0,0,0,0,0,0,1,0,1,0,0
2023-09-12 12:00:00,1905,13,38,1478,0,15.6,8.2,0.0,0,0,0,0,0,1,0,1,0,0
2023-09-12 11:00:00,1859,12,37,855,0,15.6,8.2,0.0,0,0,0,0,0,1,0,1,0,0
2023-09-12 18:00:00,1700,19,36,745,0,15.6,8.2,0.0,0,0,0,0,0,1,0,1,0,0
2023-09-12 17:00:00,2603,18,34,1218,0,15.6,8.2,0.0,0,0,0,0,0,1,0,1,0,0
2023-09-12 08:00:00,2045,9,32,674,0,15.6,8.2,0.0,0,0,0,0,0,1,0,1,0,0
2023-09-12 15:00:00,1981,16,30,1165,0,15.6,8.2,0.0,0,0,0,0,0,1,0,1,0,0
2023-09-12 04:00:00,36,5,2,40,0,15.6,8.2,0.0,0,0,0,0,0,1,0,1,0,0
2023-09-13 14:00:00,1881,15,67,1070,0,18.3,5.5,1.8,0,0,0,0,0,0,1,1,0,0
2023-09-12 01:00:00,129,2,9,425,0,15.6,8.2,0.0,0,0,0,0,0,1,0,1,0,0
2023-09-13 16:00:00,2613,17,58,1160,0,18.3,5.5,1.8,0,0,0,0,0,0,1,1,0,0
2023-09-13 13:00:00,2143,14,55,1284,0,18.3,5.5,1.8,0,0,0,0,0,0,1,1,0,0
2023-09-12 00:00:00,141,1,8,399,0,15.6,8.2,0.0,0,0,0,0,0,1,0,1,0,0
2023-09-12 06:00:00,197,7,6,119,0,15.6,8.2,0.0,0,0,0,0,0,1,0,1,0,0
2023-09-12 02:00:00,114,3,5,276,0,15.6,8.2,0.0,0,0,0,0,0,1,0,1,0,0
2023-09-12 03:00:00,60,4,3,123,0,15.6,8.2,0.0,0,0,0,0,0,1,0,1,0,0
2023-09-12 20:00:00,548,21,1,347,0,15.6,8.2,0.0,0,0,0,0,0,1,0,1,0,0
2023-09-12 21:00:00,466,22,1,93,0,15.6,8.2,0.0,0,0,0,0,0,1,0,1,0,0
2023-09-13 11:00:00,1435,12,18,658,0,18.3,5.5,1.8,0,0,0,0,0,0,1,1,0,0
2023-09-13 18:00:00,1720,19,51,920,0,18.3,5.5,1.8,0,0,0,0,0,0,1,1,0,0
2023-09-12 09:00:00,1876,10,22,752,0,15.6,8.2,0.0,0,0,0,0,0,1,0,1,0,0
2023-09-12 22:00:00,443,23,1,393,0,15.6,8.2,0.0,0,0,0,0,0,1,0,1,0,0
2023-09-13 09:00:00,1395,10,13,411,0,18.3,5.5,1.8,0,0,0,0,0,0,1,1,0,0
2023-09-13 00:00:00,300,1,13,342,0,18.3,5.5,1.8,0,0,0,0,0,0,1,1,0,0
2023-09-13 08:00:00,1513,9,12,457,0,18.3,5.5,1.8,0,0,0,0,0,0,1,1,0,0
2023-09-13 10:00:00,1179,11,12,451,0,18.3,5.5,1.8,0,0,0,0,0,0,1,1,0,0
2023-09-13 01:00:00,221,2,11,263,0,18.3,5.5,1.8,0,0,0,0,0,0,1,1,0,0
2023-09-13 06:00:00,211,7,10,50,0,18.3,5.5,1.8,0,0,0,0,0,0,1,1,0,0
2023-09-13 07:00:00,790,8,6,264,0,18.3,5.5,1.8,0,0,0,0,0,0,1,1,0,0
2023-09-12 19:00:00,1330,20,21,884,0,15.6,8.2,0.0,0,0,0,0,0,1,0,1,0,0
2023-09-12 07:00:00,997,8,21,257,0,15.6,8.2,0.0,0,0,0,0,0,1,0,1,0,0
2023-09-13 17:00:00,2623,18,43,1115,0,18.3,5.5,1.8,0,0,0,0,0,0,1,1,0,0
2023-09-12 05:00:00,76,6,1,48,0,15.6,8.2,0.0,0,0,0,0,0,1,0,1,0,0
2023-09-13 15:00:00,2127,16,40,1201,0,18.3,5.5,1.8,0,0,0,0,0,0,1,1,0,0
2023-09-12 10:00:00,1749,11,14,631,0,15.6,8.2,0.0,0,0,0,0,0,1,0,1,0,0
2023-09-12 23:00:00,358,0,12,441,0,15.6,8.2,0.0,0,0,0,0,0,1,0,1,0,0
2023-09-13 12:00:00,1933,13,39,1278,0,18.3,5.5,1.8,0,0,0,0,0,0,1,1,0,0
2023-09-13 02:00:00,187,3,21,399,0,18.3,5.5,1.8,0,0,0,0,0,0,1,1,0,0
2023-09-13 19:00:00,1305,20,20,784,0,18.3,5.5,1.8,0,0,0,0,0,0,1,1,0,0
2023-09-15 17:00:00,2587,18,39,1206,0,15.5,9.8,13.2,1,0,0,0,0,0,0,1,0,0
2023-09-15 12:00:00,1998,13,35,1123,0,15.5,9.8,13.2,1,0,0,0,0,0,0,1,0,0
2023-09-15 16:00:00,2551,17,33,1223,0,15.5,9.8,13.2,1,0,0,0,0,0,0,1,0,0
2023-09-15 11:00:00,1882,12,33,761,0,15.5,9.8,13.2,1,0,0,0,0,0,0,1,0,0
2023-09-14 18:00:00,1493,19,19,407,0,14.5,10.6,0.0,0,0,0,0,1,0,0,1,0,0
2023-09-15 13:00:00,2156,14,31,1207,0,15.5,9.8,13.2,1,0,0,0,0,0,0,1,0,0
2023-09-14 17:00:00,2600,18,18,855,0,14.5,10.6,0.0,0,0,0,0,1,0,0,1,0,0
2023-09-14 08:00:00,2044,9,17,587,0,14.5,10.6,0.0,0,0,0,0,1,0,0,1,0,0
2023-09-15 08:00:00,2050,9,29,544,0,15.5,9.8,13.2,1,0,0,0,0,0,0,1,0,0
2023-09-14 10:00:00,1688,11,16,687,0,14.5,10.6,0.0,0,0,0,0,1,0,0,1,0,0
2023-09-14 07:00:00,944,8,14,265,0,14.5,10.6,0.0,0,0,0,0,1,0,0,1,0,0
2023-09-14 09:00:00,1763,10,13,647,0,14.5,10.6,0.0,0,0,0,0,1,0,0,1,0,0
2023-09-14 14:00:00,1869,15,11,938,0,14.5,10.6,0.0,0,0,0,0,1,0,0,1,0,0
2023-09-14 20:00:00,1112,21,10,737,0,14.5,10.6,0.0,0,0,0,0,1,0,0,1,0,0
2023-09-14 22:00:00,573,23,8,488,0,14.5,10.6,0.0,0,0,0,0,1,0,0,1,0,0
2023-09-14 06:00:00,313,7,8,104,0,14.5,10.6,0.0,0,0,0,0,1,0,0,1,0,0
2023-09-15 15:00:00,2455,16,26,1068,0,15.5,9.8,13.2,1,0,0,0,0,0,0,1,0,0
2023-09-13 23:00:00,255,0,3,470,0,18.3,5.5,1.8,0,0,0,0,0,0,1,1,0,0
2023-09-13 04:00:00,37,5,3,80,0,18.3,5.5,1.8,0,0,0,0,0,0,1,1,0,0
2023-09-13 20:00:00,581,21,1,202,0,18.3,5.5,1.8,0,0,0,0,0,0,1,1,0,0
2023-09-13 03:00:00,68,4,1,222,0,18.3,5.5,1.8,0,0,0,0,0,0,1,1,0,0
2023-09-13 21:00:00,482,22,0,301,0,18.3,5.5,1.8,0,0,0,0,0,0,1,1,0,0
2023-09-14 02:00:00,153,3,4,432,0,14.5,10.6,0.0,0,0,0,0,1,0,0,1,0,0
2023-09-14 23:00:00,302,0,3,429,0,14.5,10.6,0.0,0,0,0,0,1,0,0,1,0,0
2023-09-14 00:00:00,225,1,3,483,0,14.5,10.6,0.0,0,0,0,0,1,0,0,1,0,0
2023-09-14 04:00:00,74,5,3,205,0,14.5,10.6,0.0,0,0,0,0,1,0,0,1,0,0
2023-09-14 03:00:00,102,4,2,227,0,14.5,10.6,0.0,0,0,0,0,1,0,0,1,0,0
2023-09-14 01:00:00,231,2,1,241,0,14.5,10.6,0.0,0,0,0,0,1,0,0,1,0,0
2023-09-14 05:00:00,143,6,1,80,0,14.5,10.6,0.0,0,0,0,0,1,0,0,1,0,0
2023-09-15 14:00:00,2534,15,24,1050,0,15.5,9.8,13.2,1,0,0,0,0,0,0,1,0,0
2023-09-15 18:00:00,2042,19,24,939,0,15.5,9.8,13.2,1,0,0,0,0,0,0,1,0,0
2023-09-14 12:00:00,1903,13,38,1262,0,14.5,10.6,0.0,0,0,0,0,1,0,0,1,0,0
2023-09-15 19:00:00,1578,20,22,741,0,15.5,9.8,13.2,1,0,0,0,0,0,0,1,0,0
2023-09-15 10:00:00,1667,11,18,574,0,15.5,9.8,13.2,1,0,0,0,0,0,0,1,0,0
2023-09-15 00:00:00,250,1,15,311,0,15.5,9.8,13.2,1,0,0,0,0,0,0,1,0,0
2023-09-13 22:00:00,379,23,0,492,0,18.3,5.5,1.8,0,0,0,0,0,0,1,1,0,0
2023-09-14 13:00:00,1815,14,37,1170,0,14.5,10.6,0.0,0,0,0,0,1,0,0,1,0,0
2023-09-15 09:00:00,1869,10,10,521,0,15.5,9.8,13.2,1,0,0,0,0,0,0,1,0,0
2023-09-14 15:00:00,2250,16,36,1115,0,14.5,10.6,0.0,0,0,0,0,1,0,0,1,0,0
2023-09-15 01:00:00,205,2,7,291,0,15.5,9.8,13.2,1,0,0,0,0,0,0,1,0,0
2023-09-15 06:00:00,333,7,5,74,0,15.5,9.8,13.2,1,0,0,0,0,0,0,1,0,0
2023-09-15 02:00:00,141,3,5,297,0,15.5,9.8,13.2,1,0,0,0,0,0,0,1,0,0
2023-09-15 20:00:00,911,21,4,530,0,15.5,9.8,13.2,1,0,0,0,0,0,0,1,0,0
2023-09-13 05:00:00,60,6,0,45,0,18.3,5.5,1.8,0,0,0,0,0,0,1,1,0,0
2023-09-14 11:00:00,1788,12,24,722,0,14.5,10.6,0.0,0,0,0,0,1,0,0,1,0,0
2023-09-14 16:00:00,2561,17,23,877,0,14.5,10.6,0.0,0,0,0,0,1,0,0,1,0,0
2023-09-14 21:00:00,942,22,21,660,0,14.5,10.6,0.0,0,0,0,0,1,0,0,1,0,0
2023-09-14 19:00:00,1521,20,20,837,0,14.5,10.6,0.0,0,0,0,0,1,0,0,1,0,0
2023-09-15 07:00:00,951,8,3,212,0,15.5,9.8,13.2,1,0,0,0,0,0,0,1,0,0
2023-09-17 23:00:00,383,0,5,171,0,16.0,6.8,9.0,0,0,0,1,0,0,0,1,0,0
2023-09-17 03:00:00,311,4,5,901,0,16.0,6.8,9.0,0,0,0,1,0,0,0,1,0,0
2023-09-17 07:00:00,141,8,5,85,0,16.0,6.8,9.0,0,0,0,1,0,0,0,1,0,0
2023-09-17 22:00:00,616,23,4,247,0,16.0,6.8,9.0,0,0,0,1,0,0,0,1,0,0
2023-09-17 09:00:00,390,10,4,197,0,16.0,6.8,9.0,0,0,0,1,0,0,0,1,0,0
2023-09-17 18:00:00,363,19,4,663,0,16.0,6.8,9.0,0,0,0,1,0,0,0,1,0,0
2023-09-17 04:00:00,126,5,4,296,0,16.0,6.8,9.0,0,0,0,1,0,0,0,1,0,0
2023-09-17 21:00:00,652,22,3,438,0,16.0,6.8,9.0,0,0,0,1,0,0,0,1,0,0
2023-09-17 12:00:00,490,13,3,314,0,16.0,6.8,9.0,0,0,0,1,0,0,0,1,0,0
2023-09-17 08:00:00,228,9,3,121,0,16.0,6.8,9.0,0,0,0,1,0,0,0,1,0,0
2023-09-17 06:00:00,126,7,3,119,0,16.0,6.8,9.0,0,0,0,1,0,0,0,1,0,0
2023-09-17 19:00:00,813,20,2,539,0,16.0,6.8,9.0,0,0,0,1,0,0,0,1,0,0
2023-09-17 13:00:00,498,14,2,342,0,16.0,6.8,9.0,0,0,0,1,0,0,0,1,0,0
2023-09-15 23:00:00,536,0,3,425,0,15.5,9.8,13.2,1,0,0,0,0,0,0,1,0,0
2023-09-16 18:00:00,1560,19,25,900,0,14.9,9.2,0.0,0,0,1,0,0,0,0,1,0,0
2023-09-16 07:00:00,5,8,0,45,0,14.9,9.2,0.0,0,0,1,0,0,0,0,1,0,0
2023-09-16 05:00:00,1,6,0,77,0,14.9,9.2,0.0,0,0,1,0,0,0,0,1,0,0
2023-09-17 17:00:00,1240,18,33,833,0,16.0,6.8,9.0,0,0,0,1,0,0,0,1,0,0
2023-09-17 16:00:00,1421,17,28,807,0,16.0,6.8,9.0,0,0,0,1,0,0,0,1,0,0
2023-09-16 13:00:00,809,14,2,188,0,14.9,9.2,0.0,0,0,1,0,0,0,0,1,0,0
2023-09-16 17:00:00,1640,18,24,1125,0,14.9,9.2,0.0,0,0,1,0,0,0,0,1,0,0
2023-09-16 14:00:00,783,15,2,251,0,14.9,9.2,0.0,0,0,1,0,0,0,0,1,0,0
2023-09-17 00:00:00,639,1,14,739,0,16.0,6.8,9.0,0,0,0,1,0,0,0,1,0,0
2023-09-17 15:00:00,751,16,12,473,0,16.0,6.8,9.0,0,0,0,1,0,0,0,1,0,0
2023-09-17 01:00:00,453,2,7,765,0,16.0,6.8,9.0,0,0,0,1,0,0,0,1,0,0
2023-09-17 02:00:00,422,3,6,910,0,16.0,6.8,9.0,0,0,0,1,0,0,0,1,0,0
2023-09-16 16:00:00,1641,17,22,1170,0,14.9,9.2,0.0,0,0,1,0,0,0,0,1,0,0
2023-09-16 12:00:00,1387,13,22,487,0,14.9,9.2,0.0,0,0,1,0,0,0,0,1,0,0
2023-09-16 11:00:00,1609,12,21,532,0,14.9,9.2,0.0,0,0,1,0,0,0,0,1,0,0
2023-09-16 15:00:00,1467,16,16,867,0,14.9,9.2,0.0,0,0,1,0,0,0,0,1,0,0
2023-09-16 10:00:00,1071,11,11,510,0,14.9,9.2,0.0,0,0,1,0,0,0,0,1,0,0
2023-09-16 21:00:00,968,22,11,633,0,14.9,9.2,0.0,0,0,1,0,0,0,0,1,0,0
2023-09-16 23:00:00,846,0,11,651,0,14.9,9.2,0.0,0,0,1,0,0,0,0,1,0,0
2023-09-16 09:00:00,767,10,11,357,0,14.9,9.2,0.0,0,0,1,0,0,0,0,1,0,0
2023-09-15 05:00:00,142,6,3,36,0,15.5,9.8,13.2,1,0,0,0,0,0,0,1,0,0
2023-09-15 21:00:00,694,22,2,590,0,15.5,9.8,13.2,1,0,0,0,0,0,0,1,0,0
2023-09-15 04:00:00,13,5,0,12,0,15.5,9.8,13.2,1,0,0,0,0,0,0,1,0,0
2023-09-16 19:00:00,1277,20,30,802,0,14.9,9.2,0.0,0,0,1,0,0,0,0,1,0,0
2023-09-16 01:00:00,298,2,1,447,0,14.9,9.2,0.0,0,0,1,0,0,0,0,1,0,0
2023-09-16 02:00:00,259,3,1,479,0,14.9,9.2,0.0,0,0,1,0,0,0,0,1,0,0
2023-09-15 03:00:00,61,4,1,230,0,15.5,9.8,13.2,1,0,0,0,0,0,0,1,0,0
2023-09-15 22:00:00,558,23,0,412,0,15.5,9.8,13.2,1,0,0,0,0,0,0,1,0,0
2023-09-16 22:00:00,983,23,4,654,0,14.9,9.2,0.0,0,0,1,0,0,0,0,1,0,0
2023-09-16 20:00:00,652,21,4,645,0,14.9,9.2,0.0,0,0,1,0,0,0,0,1,0,0
2023-09-16 08:00:00,447,9,4,148,0,14.9,9.2,0.0,0,0,1,0,0,0,0,1,0,0
2023-09-16 04:00:00,90,5,1,131,0,14.9,9.2,0.0,0,0,1,0,0,0,0,1,0,0
2023-09-16 06:00:00,4,7,1,45,0,14.9,9.2,0.0,0,0,1,0,0,0,0,1,0,0
2023-09-16 00:00:00,431,1,0,354,0,14.9,9.2,0.0,0,0,1,0,0,0,0,1,0,0
2023-09-16 03:00:00,255,4,0,450,0,14.9,9.2,0.0,0,0,1,0,0,0,0,1,0,0
2023-09-19 22:00:00,498,23,2,309,0,19.3,6.9,4.7,0,0,0,0,0,1,0,1,0,0
2023-09-19 00:00:00,216,1,2,164,0,19.3,6.9,4.7,0,0,0,0,0,1,0,1,0,0
2023-09-19 04:00:00,100,5,2,49,0,19.3,6.9,4.7,0,0,0,0,0,1,0,1,0,0
2023-09-19 23:00:00,293,0,1,130,0,19.3,6.9,4.7,0,0,0,0,0,1,0,1,0,0
2023-09-19 02:00:00,123,3,1,183,0,19.3,6.9,4.7,0,0,0,0,0,1,0,1,0,0
2023-09-19 20:00:00,491,21,0,270,0,19.3,6.9,4.7,0,0,0,0,0,1,0,1,0,0
2023-09-19 05:00:00,178,6,0,35,0,19.3,6.9,4.7,0,0,0,0,0,1,0,1,0,0
2023-09-19 19:00:00,879,20,11,439,0,19.3,6.9,4.7,0,0,0,0,0,1,0,1,0,0
2023-09-19 17:00:00,2839,18,45,1248,0,19.3,6.9,4.7,0,0,0,0,0,1,0,1,0,0
2023-09-19 16:00:00,2799,17,43,1245,0,19.3,6.9,4.7,0,0,0,0,0,1,0,1,0,0
2023-09-19 06:00:00,362,7,5,72,0,19.3,6.9,4.7,0,0,0,0,0,1,0,1,0,0
2023-09-19 21:00:00,653,22,4,254,0,19.3,6.9,4.7,0,0,0,0,0,1,0,1,0,0
2023-09-19 01:00:00,128,2,4,56,0,19.3,6.9,4.7,0,0,0,0,0,1,0,1,0,0
2023-09-19 07:00:00,1081,8,3,230,0,19.3,6.9,4.7,0,0,0,0,0,1,0,1,0,0
2023-09-18 10:00:00,938,11,7,631,0,11.2,11.0,1.9,0,1,0,0,0,0,0,1,0,0
2023-09-18 17:00:00,2458,18,17,1419,0,11.2,11.0,1.9,0,1,0,0,0,0,0,1,0,0
2023-09-19 12:00:00,2116,13,34,1323,0,19.3,6.9,4.7,0,0,0,0,0,1,0,1,0,0
2023-09-19 11:00:00,1894,12,34,967,0,19.3,6.9,4.7,0,0,0,0,0,1,0,1,0,0
2023-09-19 18:00:00,1881,19,34,902,0,19.3,6.9,4.7,0,0,0,0,0,1,0,1,0,0
2023-09-17 20:00:00,678,21,1,430,0,16.0,6.8,9.0,0,0,0,1,0,0,0,1,0,0
2023-09-19 10:00:00,2126,11,32,785,0,19.3,6.9,4.7,0,0,0,0,0,1,0,1,0,0
2023-09-17 10:00:00,450,11,1,239,0,16.0,6.8,9.0,0,0,0,1,0,0,0,1,0,0
2023-09-19 14:00:00,1926,15,29,1076,0,19.3,6.9,4.7,0,0,0,0,0,1,0,1,0,0
2023-09-17 11:00:00,403,12,1,212,0,16.0,6.8,9.0,0,0,0,1,0,0,0,1,0,0
2023-09-18 09:00:00,1170,10,13,584,0,11.2,11.0,1.9,0,1,0,0,0,0,0,1,0,0
2023-09-18 20:00:00,1169,21,12,593,0,11.2,11.0,1.9,0,1,0,0,0,0,0,1,0,0
2023-09-18 13:00:00,1266,14,11,1364,0,11.2,11.0,1.9,0,1,0,0,0,0,0,1,0,0
2023-09-18 12:00:00,1155,13,11,1274,0,11.2,11.0,1.9,0,1,0,0,0,0,0,1,0,0
2023-09-18 21:00:00,877,22,9,453,0,11.2,11.0,1.9,0,1,0,0,0,0,0,1,0,0
2023-09-18 23:00:00,357,0,9,169,0,11.2,11.0,1.9,0,1,0,0,0,0,0,1,0,0
2023-09-18 08:00:00,1025,9,8,510,0,11.2,11.0,1.9,0,1,0,0,0,0,0,1,0,0
2023-09-19 09:00:00,2359,10,28,871,0,19.3,6.9,4.7,0,0,0,0,0,1,0,1,0,0
2023-09-19 13:00:00,1971,14,26,1314,0,19.3,6.9,4.7,0,0,0,0,0,1,0,1,0,0
2023-09-19 08:00:00,2248,9,19,724,0,19.3,6.9,4.7,0,0,0,0,0,1,0,1,0,0
2023-09-19 15:00:00,2127,16,18,975,0,19.3,6.9,4.7,0,0,0,0,0,1,0,1,0,0
2023-09-18 14:00:00,1919,15,5,433,0,11.2,11.0,1.9,0,1,0,0,0,0,0,1,0,0
2023-09-18 07:00:00,530,8,5,185,0,11.2,11.0,1.9,0,1,0,0,0,0,0,1,0,0
2023-09-18 00:00:00,231,1,0,148,0,11.2,11.0,1.9,0,1,0,0,0,0,0,1,0,0
2023-09-18 22:00:00,602,23,4,365,0,11.2,11.0,1.9,0,1,0,0,0,0,0,1,0,0
2023-09-17 05:00:00,76,6,1,278,0,16.0,6.8,9.0,0,0,0,1,0,0,0,1,0,0
2023-09-18 05:00:00,109,6,0,51,0,11.2,11.0,1.9,0,1,0,0,0,0,0,1,0,0
2023-09-18 02:00:00,86,3,0,115,0,11.2,11.0,1.9,0,1,0,0,0,0,0,1,0,0
2023-09-18 04:00:00,69,5,0,86,0,11.2,11.0,1.9,0,1,0,0,0,0,0,1,0,0
2023-09-17 14:00:00,518,15,0,356,0,16.0,6.8,9.0,0,0,0,1,0,0,0,1,0,0
2023-09-18 03:00:00,63,4,0,50,0,11.2,11.0,1.9,0,1,0,0,0,0,0,1,0,0
2023-09-18 01:00:00,174,2,3,109,0,11.2,11.0,1.9,0,1,0,0,0,0,0,1,0,0
2023-09-18 06:00:00,160,7,3,49,0,11.2,11.0,1.9,0,1,0,0,0,0,0,1,0,0
2023-09-18 16:00:00,2641,17,32,1280,0,11.2,11.0,1.9,0,1,0,0,0,0,0,1,0,0
2023-09-18 11:00:00,898,12,2,808,0,11.2,11.0,1.9,0,1,0,0,0,0,0,1,0,0
2023-09-18 18:00:00,1620,19,28,1177,0,11.2,11.0,1.9,0,1,0,0,0,0,0,1,0,0
2023-09-18 15:00:00,2069,16,23,971,0,11.2,11.0,1.9,0,1,0,0,0,0,0,1,0,0
2023-09-18 19:00:00,1569,20,18,908,0,11.2,11.0,1.9,0,1,0,0,0,0,0,1,0,0
2023-09-20 02:00:00,112,3,0,7,0,15.9,9.4,0.2,0,0,0,0,0,0,1,1,0,0
2023-09-20 01:00:00,96,2,0,59,0,15.9,9.4,0.2,0,0,0,0,0,0,1,1,0,0
2023-09-19 03:00:00,113,4,0,23,0,19.3,6.9,4.7,0,0,0,0,0,1,0,1,0,0
2023-09-20 03:00:00,79,4,0,0,0,15.9,9.4,0.2,0,0,0,0,0,0,1,1,0,0
2023-09-21 12:00:00,1794,13,33,456,0,15.4,9.2,0.0,0,0,0,0,1,0,0,1,0,0
2023-09-20 12:00:00,2015,13,37,1247,0,15.9,9.4,0.2,0,0,0,0,0,0,1,1,0,0
2023-09-21 20:00:00,1001,21,5,556,0,15.4,9.2,0.0,0,0,0,0,1,0,0,1,0,0
2023-09-20 17:00:00,2578,18,33,1219,0,15.9,9.4,0.2,0,0,0,0,0,0,1,1,0,0
2023-09-20 14:00:00,1998,15,33,828,0,15.9,9.4,0.2,0,0,0,0,0,0,1,1,0,0
2023-09-20 11:00:00,1833,12,32,826,0,15.9,9.4,0.2,0,0,0,0,0,0,1,1,0,0
2023-09-20 16:00:00,2664,17,30,1135,0,15.9,9.4,0.2,0,0,0,0,0,0,1,1,0,0
2023-09-20 13:00:00,2074,14,26,1262,0,15.9,9.4,0.2,0,0,0,0,0,0,1,1,0,0
2023-09-20 18:00:00,1410,19,24,1040,0,15.9,9.4,0.2,0,0,0,0,0,0,1,1,0,0
2023-09-20 10:00:00,1801,11,20,734,0,15.9,9.4,0.2,0,0,0,0,0,0,1,1,0,0
2023-09-20 08:00:00,2121,9,18,393,0,15.9,9.4,0.2,0,0,0,0,0,0,1,1,0,0
2023-09-20 09:00:00,1668,10,16,515,0,15.9,9.4,0.2,0,0,0,0,0,0,1,1,0,0
2023-09-21 09:00:00,1861,10,31,431,0,15.4,9.2,0.0,0,0,0,0,1,0,0,1,0,0
2023-09-21 13:00:00,2011,14,27,543,0,15.4,9.2,0.0,0,0,0,0,1,0,0,1,0,0
2023-09-21 15:00:00,2137,16,26,519,0,15.4,9.2,0.0,0,0,0,0,1,0,0,1,0,0
2023-09-21 14:00:00,1974,15,24,511,0,15.4,9.2,0.0,0,0,0,0,1,0,0,1,0,0
2023-09-21 10:00:00,1647,11,23,323,0,15.4,9.2,0.0,0,0,0,0,1,0,0,1,0,0
2023-09-21 18:00:00,1266,19,20,840,0,15.4,9.2,0.0,0,0,0,0,1,0,0,1,0,0
2023-09-21 11:00:00,1731,12,18,393,0,15.4,9.2,0.0,0,0,0,0,1,0,0,1,0,0
2023-09-21 16:00:00,1896,17,16,779,0,15.4,9.2,0.0,0,0,0,0,1,0,0,1,0,0
2023-09-21 17:00:00,1680,18,16,1044,0,15.4,9.2,0.0,0,0,0,0,1,0,0,1,0,0
2023-09-21 19:00:00,1353,20,12,751,0,15.4,9.2,0.0,0,0,0,0,1,0,0,1,0,0
2023-09-20 07:00:00,1025,8,3,254,0,15.9,9.4,0.2,0,0,0,0,0,0,1,1,0,0
2023-09-21 06:00:00,360,7,4,88,0,15.4,9.2,0.0,0,0,0,0,1,0,0,1,0,0
2023-09-21 07:00:00,1037,8,11,205,0,15.4,9.2,0.0,0,0,0,0,1,0,0,1,0,0
2023-09-21 00:00:00,354,1,11,420,0,15.4,9.2,0.0,0,0,0,0,1,0,0,1,0,0
2023-09-21 21:00:00,870,22,3,490,0,15.4,9.2,0.0,0,0,0,0,1,0,0,1,0,0
2023-09-21 22:00:00,574,23,3,458,0,15.4,9.2,0.0,0,0,0,0,1,0,0,1,0,0
2023-09-20 20:00:00,1038,21,2,595,0,15.9,9.4,0.2,0,0,0,0,0,0,1,1,0,0
2023-09-20 06:00:00,343,7,2,86,0,15.9,9.4,0.2,0,0,0,0,0,0,1,1,0,0
2023-09-20 00:00:00,247,1,2,161,0,15.9,9.4,0.2,0,0,0,0,0,0,1,1,0,0
2023-09-20 21:00:00,699,22,1,595,0,15.9,9.4,0.2,0,0,0,0,0,0,1,1,0,0
2023-09-20 05:00:00,135,6,1,41,0,15.9,9.4,0.2,0,0,0,0,0,0,1,1,0,0
2023-09-20 04:00:00,71,5,1,12,0,15.9,9.4,0.2,0,0,0,0,0,0,1,1,0,0
2023-09-21 23:00:00,404,0,8,178,0,15.4,9.2,0.0,0,0,0,0,1,0,0,1,0,0
2023-09-21 05:00:00,161,6,2,37,0,15.4,9.2,0.0,0,0,0,0,1,0,0,1,0,0
2023-09-20 23:00:00,345,0,8,753,0,15.9,9.4,0.2,0,0,0,0,0,0,1,1,0,0
2023-09-21 08:00:00,2216,9,54,591,0,15.4,9.2,0.0,0,0,0,0,1,0,0,1,0,0
2023-09-20 15:00:00,2031,16,7,834,0,15.9,9.4,0.2,0,0,0,0,0,0,1,1,0,0
2023-09-21 03:00:00,104,4,2,167,0,15.4,9.2,0.0,0,0,0,0,1,0,0,1,0,0
2023-09-21 01:00:00,239,2,7,406,0,15.4,9.2,0.0,0,0,0,0,1,0,0,1,0,0
2023-09-21 02:00:00,190,3,7,534,0,15.4,9.2,0.0,0,0,0,0,1,0,0,1,0,0
2023-09-21 04:00:00,83,5,1,49,0,15.4,9.2,0.0,0,0,0,0,1,0,0,1,0,0
2023-09-20 19:00:00,1458,20,4,792,0,15.9,9.4,0.2,0,0,0,0,0,0,1,1,0,0
2023-09-20 22:00:00,533,23,4,625,0,15.9,9.4,0.2,0,0,0,0,0,0,1,1,0,0
2023-09-22 22:00:00,706,23,3,719,0,11.2,8.2,0.0,1,0,0,0,0,0,0,1,0,0
2023-09-22 02:00:00,145,3,3,177,0,11.2,8.2,0.0,1,0,0,0,0,0,0,1,0,0
2023-09-23 17:00:00,1534,18,7,830,0,18.3,6.9,1.2,0,0,1,0,0,0,0,1,0,0
2023-09-23 09:00:00,1417,10,6,504,0,18.3,6.9,1.2,0,0,1,0,0,0,0,1,0,0
2023-09-23 01:00:00,327,2,6,506,0,18.3,6.9,1.2,0,0,1,0,0,0,0,1,0,0
2023-09-23 02:00:00,194,3,5,559,0,18.3,6.9,1.2,0,0,1,0,0,0,0,1,0,0
2023-09-23 19:00:00,642,20,4,582,0,18.3,6.9,1.2,0,0,1,0,0,0,0,1,0,0
2023-09-23 07:00:00,462,8,4,150,0,18.3,6.9,1.2,0,0,1,0,0,0,0,1,0,0
2023-09-23 22:00:00,312,23,4,609,0,18.3,6.9,1.2,0,0,1,0,0,0,0,1,0,0
2023-09-23 21:00:00,482,22,3,636,0,18.3,6.9,1.2,0,0,1,0,0,0,0,1,0,0
2023-09-22 04:00:00,111,5,3,95,0,11.2,8.2,0.0,1,0,0,0,0,0,0,1,0,0
2023-09-23 15:00:00,1668,16,2,941,0,18.3,6.9,1.2,0,0,1,0,0,0,0,1,0,0
2023-09-22 17:00:00,2186,18,35,1192,0,11.2,8.2,0.0,1,0,0,0,0,0,0,1,0,0
2023-09-22 07:00:00,957,8,9,222,0,11.2,8.2,0.0,1,0,0,0,0,0,0,1,0,0
2023-09-22 00:00:00,323,1,8,153,0,11.2,8.2,0.0,1,0,0,0,0,0,0,1,0,0
2023-09-22 01:00:00,225,2,6,116,0,11.2,8.2,0.0,1,0,0,0,0,0,0,1,0,0
2023-09-22 21:00:00,770,22,5,660,0,11.2,8.2,0.0,1,0,0,0,0,0,0,1,0,0
2023-09-22 06:00:00,315,7,5,70,0,11.2,8.2,0.0,1,0,0,0,0,0,0,1,0,0
2023-09-22 23:00:00,488,0,4,495,0,11.2,8.2,0.0,1,0,0,0,0,0,0,1,0,0
2023-09-22 18:00:00,1727,19,35,751,0,11.2,8.2,0.0,1,0,0,0,0,0,0,1,0,0
2023-09-22 20:00:00,881,21,2,609,0,11.2,8.2,0.0,1,0,0,0,0,0,0,1,0,0
2023-09-22 15:00:00,2325,16,33,1239,0,11.2,8.2,0.0,1,0,0,0,0,0,0,1,0,0
2023-09-22 12:00:00,2216,13,33,1322,0,11.2,8.2,0.0,1,0,0,0,0,0,0,1,0,0
2023-09-22 10:00:00,1815,11,33,878,0,11.2,8.2,0.0,1,0,0,0,0,0,0,1,0,0
2023-09-23 00:00:00,397,1,2,448,0,18.3,6.9,1.2,0,0,1,0,0,0,0,1,0,0
2023-09-22 16:00:00,2611,17,30,1385,0,11.2,8.2,0.0,1,0,0,0,0,0,0,1,0,0
2023-09-22 08:00:00,2093,9,29,764,0,11.2,8.2,0.0,1,0,0,0,0,0,0,1,0,0
2023-09-22 11:00:00,1856,12,29,883,0,11.2,8.2,0.0,1,0,0,0,0,0,0,1,0,0
2023-09-22 19:00:00,1578,20,19,843,0,11.2,8.2,0.0,1,0,0,0,0,0,0,1,0,0
2023-09-23 18:00:00,1458,19,17,1065,0,18.3,6.9,1.2,0,0,1,0,0,0,0,1,0,0
2023-09-23 06:00:00,122,7,2,84,0,18.3,6.9,1.2,0,0,1,0,0,0,0,1,0,0
2023-09-23 13:00:00,2230,14,15,1077,0,18.3,6.9,1.2,0,0,1,0,0,0,0,1,0,0
2023-09-23 04:00:00,75,5,2,237,0,18.3,6.9,1.2,0,0,1,0,0,0,0,1,0,0
2023-09-23 05:00:00,68,6,2,146,0,18.3,6.9,1.2,0,0,1,0,0,0,0,1,0,0
2023-09-22 05:00:00,213,6,1,35,0,11.2,8.2,0.0,1,0,0,0,0,0,0,1,0,0
2023-09-23 03:00:00,212,4,1,659,0,18.3,6.9,1.2,0,0,1,0,0,0,0,1,0,0
2023-09-23 23:00:00,197,0,1,518,0,18.3,6.9,1.2,0,0,1,0,0,0,0,1,0,0
2023-09-23 20:00:00,713,21,0,662,0,18.3,6.9,1.2,0,0,1,0,0,0,0,1,0,0
2023-09-23 14:00:00,2193,15,13,1168,0,18.3,6.9,1.2,0,0,1,0,0,0,0,1,0,0
2023-09-23 11:00:00,1957,12,13,804,0,18.3,6.9,1.2,0,0,1,0,0,0,0,1,0,0
2023-09-22 13:00:00,2216,14,40,1445,0,11.2,8.2,0.0,1,0,0,0,0,0,0,1,0,0
2023-09-22 09:00:00,1743,10,40,596,0,11.2,8.2,0.0,1,0,0,0,0,0,0,1,0,0
2023-09-22 14:00:00,2416,15,39,1070,0,11.2,8.2,0.0,1,0,0,0,0,0,0,1,0,0
2023-09-22 03:00:00,114,4,0,75,0,11.2,8.2,0.0,1,0,0,0,0,0,0,1,0,0
2023-09-23 10:00:00,1829,11,10,641,0,18.3,6.9,1.2,0,0,1,0,0,0,0,1,0,0
2023-09-23 16:00:00,1600,17,10,893,0,18.3,6.9,1.2,0,0,1,0,0,0,0,1,0,0
2023-09-23 12:00:00,2108,13,9,1042,0,18.3,6.9,1.2,0,0,1,0,0,0,0,1,0,0
2023-09-23 08:00:00,822,9,9,314,0,18.3,6.9,1.2,0,0,1,0,0,0,0,1,0,0
2023-09-25 16:00:00,2261,17,24,1305,0,16.7,12.4,0.0,0,1,0,0,0,0,0,1,0,0
2023-09-25 11:00:00,1715,12,24,1058,0,16.7,12.4,0.0,0,1,0,0,0,0,0,1,0,0
2023-09-25 05:00:00,225,6,1,44,0,16.7,12.4,0.0,0,1,0,0,0,0,0,1,0,0
2023-09-25 19:00:00,1564,20,21,814,0,16.7,12.4,0.0,0,1,0,0,0,0,0,1,0,0
2023-09-24 07:00:00,127,8,5,117,0,18.8,9.3,2.5,0,0,0,1,0,0,0,1,0,0
2023-09-25 00:00:00,222,1,1,104,0,16.7,12.4,0.0,0,1,0,0,0,0,0,1,0,0
2023-09-24 04:00:00,125,5,1,142,0,18.8,9.3,2.5,0,0,0,1,0,0,0,1,0,0
2023-09-25 21:00:00,782,22,8,645,0,16.7,12.4,0.0,0,1,0,0,0,0,0,1,0,0
2023-09-25 01:00:00,133,2,1,125,0,16.7,12.4,0.0,0,1,0,0,0,0,0,1,0,0
2023-09-25 02:00:00,104,3,1,73,0,16.7,12.4,0.0,0,1,0,0,0,0,0,1,0,0
2023-09-25 13:00:00,1868,14,20,1294,0,16.7,12.4,0.0,0,1,0,0,0,0,0,1,0,0
2023-09-25 03:00:00,79,4,1,20,0,16.7,12.4,0.0,0,1,0,0,0,0,0,1,0,0
2023-09-25 17:00:00,2213,18,69,829,0,16.7,12.4,0.0,0,1,0,0,0,0,0,1,0,0
2023-09-25 10:00:00,1816,11,20,888,0,16.7,12.4,0.0,0,1,0,0,0,0,0,1,0,0
2023-09-25 04:00:00,76,5,1,30,0,16.7,12.4,0.0,0,1,0,0,0,0,0,1,0,0
2023-09-24 19:00:00,1500,20,11,678,0,18.8,9.3,2.5,0,0,0,1,0,0,0,1,0,0
2023-09-24 17:00:00,1283,18,28,823,0,18.8,9.3,2.5,0,0,0,1,0,0,0,1,0,0
2023-09-24 16:00:00,1321,17,20,666,0,18.8,9.3,2.5,0,0,0,1,0,0,0,1,0,0
2023-09-25 22:00:00,598,23,18,513,0,16.7,12.4,0.0,0,1,0,0,0,0,0,1,0,0
2023-09-24 18:00:00,1135,19,9,800,0,18.8,9.3,2.5,0,0,0,1,0,0,0,1,0,0
2023-09-25 08:00:00,2188,9,48,817,0,16.7,12.4,0.0,0,1,0,0,0,0,0,1,0,0
2023-09-25 12:00:00,1876,13,40,1410,0,16.7,12.4,0.0,0,1,0,0,0,0,0,1,0,0
2023-09-25 18:00:00,1487,19,38,672,0,16.7,12.4,0.0,0,1,0,0,0,0,0,1,0,0
2023-09-25 09:00:00,1725,10,32,867,0,16.7,12.4,0.0,0,1,0,0,0,0,0,1,0,0
2023-09-25 14:00:00,1830,15,27,1187,0,16.7,12.4,0.0,0,1,0,0,0,0,0,1,0,0
2023-09-25 06:00:00,335,7,5,44,0,16.7,12.4,0.0,0,1,0,0,0,0,0,1,0,0
2023-09-25 15:00:00,1310,16,15,1013,0,16.7,12.4,0.0,0,1,0,0,0,0,0,1,0,0
2023-09-24 21:00:00,817,22,3,440,0,18.8,9.3,2.5,0,0,0,1,0,0,0,1,0,0
2023-09-24 13:00:00,935,14,8,598,0,18.8,9.3,2.5,0,0,0,1,0,0,0,1,0,0
2023-09-24 01:00:00,436,2,0,554,0,18.8,9.3,2.5,0,0,0,1,0,0,0,1,0,0
2023-09-24 00:00:00,308,1,3,533,0,18.8,9.3,2.5,0,0,0,1,0,0,0,1,0,0
2023-09-25 20:00:00,1133,21,12,648,0,16.7,12.4,0.0,0,1,0,0,0,0,0,1,0,0
2023-09-24 23:00:00,278,0,0,99,0,18.8,9.3,2.5,0,0,0,1,0,0,0,1,0,0
2023-09-24 06:00:00,123,7,0,65,0,18.8,9.3,2.5,0,0,0,1,0,0,0,1,0,0
2023-09-24 20:00:00,1216,21,7,555,0,18.8,9.3,2.5,0,0,0,1,0,0,0,1,0,0
2023-09-24 09:00:00,367,10,2,245,0,18.8,9.3,2.5,0,0,0,1,0,0,0,1,0,0
2023-09-24 12:00:00,847,13,6,511,0,18.8,9.3,2.5,0,0,0,1,0,0,0,1,0,0
2023-09-24 05:00:00,109,6,2,126,0,18.8,9.3,2.5,0,0,0,1,0,0,0,1,0,0
2023-09-24 11:00:00,713,12,1,511,0,18.8,9.3,2.5,0,0,0,1,0,0,0,1,0,0
2023-09-24 22:00:00,536,23,1,325,0,18.8,9.3,2.5,0,0,0,1,0,0,0,1,0,0
2023-09-24 02:00:00,397,3,1,375,0,18.8,9.3,2.5,0,0,0,1,0,0,0,1,0,0
2023-09-24 03:00:00,259,4,1,472,0,18.8,9.3,2.5,0,0,0,1,0,0,0,1,0,0
2023-09-24 08:00:00,217,9,1,109,0,18.8,9.3,2.5,0,0,0,1,0,0,0,1,0,0
2023-09-24 14:00:00,840,15,6,664,0,18.8,9.3,2.5,0,0,0,1,0,0,0,1,0,0
2023-09-25 23:00:00,355,0,11,220,0,16.7,12.4,0.0,0,1,0,0,0,0,0,1,0,0
2023-09-25 07:00:00,933,8,10,265,0,16.7,12.4,0.0,0,1,0,0,0,0,0,1,0,0
2023-09-24 15:00:00,950,16,5,622,0,18.8,9.3,2.5,0,0,0,1,0,0,0,1,0,0
2023-09-24 10:00:00,625,11,5,361,0,18.8,9.3,2.5,0,0,0,1,0,0,0,1,0,0
2023-09-27 08:00:00,2184,9,43,800,0,15.6,6.3,9.4,0,0,0,0,0,0,1,1,0,0
2023-09-26 02:00:00,112,3,1,106,0,15.1,11.4,0.5,0,0,0,0,0,1,0,1,0,0
2023-09-26 05:00:00,158,6,6,32,0,15.1,11.4,0.5,0,0,0,0,0,1,0,1,0,0
2023-09-27 04:00:00,53,5,0,50,0,15.6,6.3,9.4,0,0,0,0,0,0,1,1,0,0
2023-09-27 11:00:00,1930,12,35,1045,0,15.6,6.3,9.4,0,0,0,0,0,0,1,1,0,0
2023-09-27 13:00:00,1982,14,33,1433,0,15.6,6.3,9.4,0,0,0,0,0,0,1,1,0,0
2023-09-27 03:00:00,45,4,0,100,0,15.6,6.3,9.4,0,0,0,0,0,0,1,1,0,0
2023-09-26 12:00:00,822,13,5,907,0,15.1,11.4,0.5,0,0,0,0,0,1,0,1,0,0
2023-09-27 12:00:00,1954,13,31,1357,0,15.6,6.3,9.4,0,0,0,0,0,0,1,1,0,0
2023-09-27 14:00:00,1911,15,31,1091,0,15.6,6.3,9.4,0,0,0,0,0,0,1,1,0,0
2023-09-27 09:00:00,1826,10,25,791,0,15.6,6.3,9.4,0,0,0,0,0,0,1,1,0,0
2023-09-27 15:00:00,2115,16,23,880,0,15.6,6.3,9.4,0,0,0,0,0,0,1,1,0,0
2023-09-27 10:00:00,1885,11,22,1043,0,15.6,6.3,9.4,0,0,0,0,0,0,1,1,0,0
2023-09-27 16:00:00,2287,17,21,805,0,15.6,6.3,9.4,0,0,0,0,0,0,1,1,0,0
2023-09-27 18:00:00,1659,19,15,728,0,15.6,6.3,9.4,0,0,0,0,0,0,1,1,0,0
2023-09-26 08:00:00,2253,9,44,821,0,15.1,11.4,0.5,0,0,0,0,0,1,0,1,0,0
2023-09-26 13:00:00,867,14,4,941,0,15.1,11.4,0.5,0,0,0,0,0,1,0,1,0,0
2023-09-26 10:00:00,1021,11,3,570,0,15.1,11.4,0.5,0,0,0,0,0,1,0,1,0,0
2023-09-26 11:00:00,814,12,3,636,0,15.1,11.4,0.5,0,0,0,0,0,1,0,1,0,0
2023-09-26 04:00:00,80,5,2,29,0,15.1,11.4,0.5,0,0,0,0,0,1,0,1,0,0
2023-09-26 03:00:00,64,4,2,34,0,15.1,11.4,0.5,0,0,0,0,0,1,0,1,0,0
2023-09-26 23:00:00,318,0,1,107,0,15.1,11.4,0.5,0,0,0,0,0,1,0,1,0,0
2023-09-26 01:00:00,187,2,1,97,0,15.1,11.4,0.5,0,0,0,0,0,1,0,1,0,0
2023-09-27 01:00:00,156,2,2,106,0,15.6,6.3,9.4,0,0,0,0,0,0,1,1,0,0
2023-09-27 02:00:00,109,3,2,237,0,15.6,6.3,9.4,0,0,0,0,0,0,1,1,0,0
2023-09-27 23:00:00,1,0,0,34,0,15.6,6.3,9.4,0,0,0,0,0,0,1,1,0,0
2023-09-28 16:00:00,2708,17,44,1492,0,16.9,11.1,0.5,0,0,0,0,1,0,0,1,0,0
2023-09-28 17:00:00,2776,18,37,1349,0,16.9,11.1,0.5,0,0,0,0,1,0,0,1,0,0
2023-09-27 21:00:00,35,22,2,75,0,15.6,6.3,9.4,0,0,0,0,0,0,1,1,0,0
2023-09-27 17:00:00,2114,18,9,670,0,15.6,6.3,9.4,0,0,0,0,0,0,1,1,0,0
2023-09-27 22:00:00,111,23,1,81,0,15.6,6.3,9.4,0,0,0,0,0,0,1,1,0,0
2023-09-27 05:00:00,87,6,1,30,0,15.6,6.3,9.4,0,0,0,0,0,0,1,1,0,0
2023-09-26 07:00:00,943,8,10,282,0,15.1,11.4,0.5,0,0,0,0,0,1,0,1,0,0
2023-09-26 16:00:00,2554,17,32,1263,0,15.1,11.4,0.5,0,0,0,0,0,1,0,1,0,0
2023-09-27 07:00:00,1009,8,8,234,0,15.6,6.3,9.4,0,0,0,0,0,0,1,1,0,0
2023-09-26 21:00:00,1080,22,8,542,0,15.1,11.4,0.5,0,0,0,0,0,1,0,1,0,0
2023-09-26 14:00:00,1074,15,8,828,0,15.1,11.4,0.5,0,0,0,0,0,1,0,1,0,0
2023-09-26 18:00:00,2026,19,29,1187,0,15.1,11.4,0.5,0,0,0,0,0,1,0,1,0,0
2023-09-26 09:00:00,1904,10,27,888,0,15.1,11.4,0.5,0,0,0,0,0,1,0,1,0,0
2023-09-26 19:00:00,1809,20,7,541,0,15.1,11.4,0.5,0,0,0,0,0,1,0,1,0,0
2023-09-26 22:00:00,603,23,7,282,0,15.1,11.4,0.5,0,0,0,0,0,1,0,1,0,0
2023-09-26 00:00:00,218,1,7,142,0,15.1,11.4,0.5,0,0,0,0,0,1,0,1,0,0
2023-09-26 15:00:00,1928,16,21,1256,0,15.1,11.4,0.5,0,0,0,0,0,1,0,1,0,0
2023-09-26 20:00:00,1371,21,6,509,0,15.1,11.4,0.5,0,0,0,0,0,1,0,1,0,0
2023-09-26 17:00:00,2847,18,19,904,0,15.1,11.4,0.5,0,0,0,0,0,1,0,1,0,0
2023-09-27 19:00:00,1537,20,4,442,0,15.6,6.3,9.4,0,0,0,0,0,0,1,1,0,0
2023-09-26 06:00:00,321,7,6,52,0,15.1,11.4,0.5,0,0,0,0,0,1,0,1,0,0
2023-09-27 20:00:00,964,21,4,343,0,15.6,6.3,9.4,0,0,0,0,0,0,1,1,0,0
2023-09-27 06:00:00,309,7,4,65,0,15.6,6.3,9.4,0,0,0,0,0,0,1,1,0,0
2023-09-27 00:00:00,222,1,3,209,0,15.6,6.3,9.4,0,0,0,0,0,0,1,1,0,0
2023-09-28 00:00:00,208,1,3,416,0,16.9,11.1,0.5,0,0,0,0,1,0,0,1,0,0
2023-09-28 02:00:00,97,3,3,562,0,16.9,11.1,0.5,0,0,0,0,1,0,0,1,0,0
2023-09-28 03:00:00,72,4,2,190,0,16.9,11.1,0.5,0,0,0,0,1,0,0,1,0,0
2023-09-28 04:00:00,95,5,1,84,0,16.9,11.1,0.5,0,0,0,0,1,0,0,1,0,0
2023-09-28 05:00:00,160,6,0,83,0,16.9,11.1,0.5,0,0,0,0,1,0,0,1,0,0
2023-09-29 11:00:00,1101,12,8,860,0,11.2,11.2,0.0,1,0,0,0,0,0,0,1,0,0
2023-09-29 16:00:00,2190,17,25,1088,0,11.2,11.2,0.0,1,0,0,0,0,0,0,1,0,0
2023-09-29 18:00:00,2019,19,20,1102,0,11.2,11.2,0.0,1,0,0,0,0,0,0,1,0,0
2023-09-29 19:00:00,1583,20,16,868,0,11.2,11.2,0.0,1,0,0,0,0,0,0,1,0,0
2023-09-29 08:00:00,1305,9,15,629,0,11.2,11.2,0.0,1,0,0,0,0,0,0,1,0,0
2023-09-29 15:00:00,1533,16,13,956,0,11.2,11.2,0.0,1,0,0,0,0,0,0,1,0,0
2023-09-29 14:00:00,1460,15,13,884,0,11.2,11.2,0.0,1,0,0,0,0,0,0,1,0,0
2023-09-29 13:00:00,1338,14,13,1272,0,11.2,11.2,0.0,1,0,0,0,0,0,0,1,0,0
2023-09-29 12:00:00,1324,13,12,1055,0,11.2,11.2,0.0,1,0,0,0,0,0,0,1,0,0
2023-09-29 10:00:00,1023,11,10,645,0,11.2,11.2,0.0,1,0,0,0,0,0,0,1,0,0
2023-09-28 18:00:00,1836,19,25,1220,0,16.9,11.1,0.5,0,0,0,0,1,0,0,1,0,0
2023-09-28 21:00:00,1135,22,9,511,0,16.9,11.1,0.5,0,0,0,0,1,0,0,1,0,0
2023-09-28 08:00:00,1521,9,22,650,0,16.9,11.1,0.5,0,0,0,0,1,0,0,1,0,0
2023-09-28 10:00:00,1325,11,20,645,0,16.9,11.1,0.5,0,0,0,0,1,0,0,1,0,0
2023-09-28 15:00:00,1893,16,19,1146,0,16.9,11.1,0.5,0,0,0,0,1,0,0,1,0,0
2023-09-28 13:00:00,1406,14,18,1387,0,16.9,11.1,0.5,0,0,0,0,1,0,0,1,0,0
2023-09-28 14:00:00,1507,15,13,945,0,16.9,11.1,0.5,0,0,0,0,1,0,0,1,0,0
2023-09-28 11:00:00,1376,12,11,863,0,16.9,11.1,0.5,0,0,0,0,1,0,0,1,0,0
2023-09-28 12:00:00,1370,13,11,1230,0,16.9,11.1,0.5,0,0,0,0,1,0,0,1,0,0
2023-09-28 09:00:00,1345,10,10,688,0,16.9,11.1,0.5,0,0,0,0,1,0,0,1,0,0
2023-09-29 09:00:00,1066,10,7,561,0,11.2,11.2,0.0,1,0,0,0,0,0,0,1,0,0
2023-09-29 21:00:00,1040,22,7,767,0,11.2,11.2,0.0,1,0,0,0,0,0,0,1,0,0
2023-09-29 22:00:00,762,23,6,601,0,11.2,11.2,0.0,1,0,0,0,0,0,0,1,0,0
2023-09-29 23:00:00,518,0,6,525,0,11.2,11.2,0.0,1,0,0,0,0,0,0,1,0,0
2023-09-29 20:00:00,1141,21,5,785,0,11.2,11.2,0.0,1,0,0,0,0,0,0,1,0,0
2023-09-29 07:00:00,579,8,4,171,0,11.2,11.2,0.0,1,0,0,0,0,0,0,1,0,0
2023-09-29 02:00:00,123,3,4,180,0,11.2,11.2,0.0,1,0,0,0,0,0,0,1,0,0
2023-09-29 06:00:00,246,7,3,48,0,11.2,11.2,0.0,1,0,0,0,0,0,0,1,0,0
2023-09-29 00:00:00,305,1,1,284,0,11.2,11.2,0.0,1,0,0,0,0,0,0,1,0,0
2023-09-29 17:00:00,2510,18,29,990,0,11.2,11.2,0.0,1,0,0,0,0,0,0,1,0,0
2023-09-28 20:00:00,1475,21,7,581,0,16.9,11.1,0.5,0,0,0,0,1,0,0,1,0,0
2023-09-28 23:00:00,430,0,6,237,0,16.9,11.1,0.5,0,0,0,0,1,0,0,1,0,0
2023-09-28 07:00:00,771,8,5,219,0,16.9,11.1,0.5,0,0,0,0,1,0,0,1,0,0
2023-09-28 01:00:00,150,2,5,406,0,16.9,11.1,0.5,0,0,0,0,1,0,0,1,0,0
2023-09-28 19:00:00,1536,20,4,679,0,16.9,11.1,0.5,0,0,0,0,1,0,0,1,0,0
2023-09-28 22:00:00,824,23,4,472,0,16.9,11.1,0.5,0,0,0,0,1,0,0,1,0,0
2023-09-28 06:00:00,290,7,4,59,0,16.9,11.1,0.5,0,0,0,0,1,0,0,1,0,0
2023-09-29 05:00:00,141,6,1,40,0,11.2,11.2,0.0,1,0,0,0,0,0,0,1,0,0
2023-09-29 04:00:00,117,5,1,59,0,11.2,11.2,0.0,1,0,0,0,0,0,0,1,0,0
2023-09-29 01:00:00,112,2,1,95,0,11.2,11.2,0.0,1,0,0,0,0,0,0,1,0,0
2023-09-30 10:00:00,1455,11,22,522,0,18.6,7.7,2.1,0,0,1,0,0,0,0,1,0,0
2023-09-29 03:00:00,110,4,1,71,0,11.2,11.2,0.0,1,0,0,0,0,0,0,1,0,0
2023-09-30 04:00:00,157,5,1,132,0,18.6,7.7,2.1,0,0,1,0,0,0,0,1,0,0
2023-09-30 06:00:00,156,7,1,89,0,18.6,7.7,2.1,0,0,1,0,0,0,0,1,0,0
2023-09-30 22:00:00,427,23,0,604,0,18.6,7.7,2.1,0,0,1,0,0,0,0,1,0,0
2023-09-30 01:00:00,351,2,0,694,0,18.6,7.7,2.1,0,0,1,0,0,0,0,1,0,0
2023-09-30 09:00:00,1145,10,20,368,0,18.6,7.7,2.1,0,0,1,0,0,0,0,1,0,0
2023-09-30 17:00:00,1237,18,15,914,0,18.6,7.7,2.1,0,0,1,0,0,0,0,1,0,0
2023-09-30 18:00:00,1124,19,15,855,0,18.6,7.7,2.1,0,0,1,0,0,0,0,1,0,0
2023-09-30 15:00:00,999,16,13,498,0,18.6,7.7,2.1,0,0,1,0,0,0,0,1,0,0
2023-09-30 19:00:00,918,20,3,631,0,18.6,7.7,2.1,0,0,1,0,0,0,0,1,0,0
2023-09-30 12:00:00,1105,13,12,547,0,18.6,7.7,2.1,0,0,1,0,0,0,0,1,0,0
2023-09-30 13:00:00,571,14,3,387,0,18.6,7.7,2.1,0,0,1,0,0,0,0,1,0,0
2023-09-30 00:00:00,389,1,3,717,0,18.6,7.7,2.1,0,0,1,0,0,0,0,1,0,0
2023-09-30 02:00:00,261,3,3,637,0,18.6,7.7,2.1,0,0,1,0,0,0,0,1,0,0
2023-09-30 20:00:00,737,21,2,626,0,18.6,7.7,2.1,0,0,1,0,0,0,0,1,0,0
2023-09-30 07:00:00,352,8,2,197,0,18.6,7.7,2.1,0,0,1,0,0,0,0,1,0,0
2023-09-30 03:00:00,210,4,2,516,0,18.6,7.7,2.1,0,0,1,0,0,0,0,1,0,0
2023-09-30 23:00:00,136,0,2,664,0,18.6,7.7,2.1,0,0,1,0,0,0,0,1,0,0
2023-09-30 05:00:00,100,6,2,72,0,18.6,7.7,2.1,0,0,1,0,0,0,0,1,0,0
2023-09-30 11:00:00,1326,12,9,561,0,18.6,7.7,2.1,0,0,1,0,0,0,0,1,0,0
2023-09-30 14:00:00,1158,15,8,549,0,18.6,7.7,2.1,0,0,1,0,0,0,0,1,0,0
2023-09-30 08:00:00,742,9,8,213,0,18.6,7.7,2.1,0,0,1,0,0,0,0,1,0,0
2023-09-30 16:00:00,1078,17,7,739,0,18.6,7.7,2.1,0,0,1,0,0,0,0,1,0,0
2023-09-30 21:00:00,477,22,7,683,0,18.6,7.7,2.1,0,0,1,0,0,0,0,1,0,0
