ds,y,Finishing time,Number of People,Number of Road Vehicles,isHoliday,TMAX,TMIN,PRCP,Day of the Week_Fri,Day of the Week_Mon,Day of the Week_Sat,Day of the Week_Sun,Day of the Week_Thu,Day of the Week_Tue,Day of the Week_Wed,TimeZone_BST,TimeZone_GMT,days_since_record
2023-08-05 19:00:00,23,20,255,1343,0,17.5,5.5,9.2,0,0,1,0,0,0,0,1,0,0
2023-08-05 12:00:00,22,13,630,2476,0,17.5,5.5,9.2,0,0,1,0,0,0,0,1,0,0
2023-08-05 07:00:00,22,8,101,419,0,17.5,5.5,9.2,0,0,1,0,0,0,0,1,0,0
2023-08-05 22:00:00,19,23,1385,287,0,17.5,5.5,9.2,0,0,1,0,0,0,0,1,0,0
2023-08-01 19:00:00,46,20,862,1405,0,17.8,13.1,0.0,0,0,0,0,0,1,0,1,0,0
2023-08-05 21:00:00,14,22,864,546,0,17.5,5.5,9.2,0,0,1,0,0,0,0,1,0,0
2023-08-05 01:00:00,5,2,37,175,0,17.5,5.5,9.2,0,0,1,0,0,0,0,1,0,0
2023-08-01 13:00:00,45,14,558,2114,0,17.8,13.1,0.0,0,0,0,0,0,1,0,1,0,0
2023-08-09 02:00:00,0,3,0,78,0,22.8,8.8,0.0,0,0,0,0,0,0,1,1,0,0
2023-08-03 19:00:00,33,20,258,1536,0,17.3,11.8,0.0,0,0,0,0,1,0,0,1,0,0
2023-08-05 00:00:00,4,1,72,277,0,17.5,5.5,9.2,0,0,1,0,0,0,0,1,0,0
2023-08-01 08:00:00,42,9,238,2758,0,17.8,13.1,0.0,0,0,0,0,0,1,0,1,0,0
2023-08-11 03:00:00,0,4,1,46,0,20.8,15.8,0.0,1,0,0,0,0,0,0,1,0,0
2023-08-09 01:00:00,0,2,4,77,0,22.8,8.8,0.0,0,0,0,0,0,0,1,1,0,0
2023-08-03 20:00:00,32,21,264,1253,0,17.3,11.8,0.0,0,0,0,0,1,0,0,1,0,0
2023-08-05 06:00:00,4,7,67,206,0,17.5,5.5,9.2,0,0,1,0,0,0,0,1,0,0
2023-08-01 15:00:00,38,16,1237,1664,0,17.8,13.1,0.0,0,0,0,0,0,1,0,1,0,0
2023-08-12 16:00:00,214,17,940,2080,0,19.7,15.4,11.4,0,0,1,0,0,0,0,1,0,0
2023-08-09 03:00:00,0,4,0,52,0,22.8,8.8,0.0,0,0,0,0,0,0,1,1,0,0
2023-08-03 16:00:00,30,17,208,1391,0,17.3,11.8,0.0,0,0,0,0,1,0,0,1,0,0
2023-08-05 04:00:00,3,5,25,80,0,17.5,5.5,9.2,0,0,1,0,0,0,0,1,0,0
2023-08-01 07:00:00,27,8,155,1730,0,17.8,13.1,0.0,0,0,0,0,0,1,0,1,0,0
2023-08-12 14:00:00,190,15,924,2448,0,19.7,15.4,11.4,0,0,1,0,0,0,0,1,0,0
2023-08-01 17:00:00,68,18,1176,2784,0,17.8,13.1,0.0,0,0,0,0,0,1,0,1,0,0
2023-08-01 14:00:00,61,15,637,1940,0,17.8,13.1,0.0,0,0,0,0,0,1,0,1,0,0
2023-08-01 10:00:00,60,11,369,1997,0,17.8,13.1,0.0,0,0,0,0,0,1,0,1,0,0
2023-08-01 09:00:00,55,10,283,2018,0,17.8,13.1,0.0,0,0,0,0,0,1,0,1,0,0
2023-08-01 11:00:00,53,12,582,2348,0,17.8,13.1,0.0,0,0,0,0,0,1,0,1,0,0
2023-08-01 12:00:00,48,13,511,2415,0,17.8,13.1,0.0,0,0,0,0,0,1,0,1,0,0
2023-08-01 18:00:00,47,19,927,2088,0,17.8,13.1,0.0,0,0,0,0,0,1,0,1,0,0
2023-08-01 16:00:00,46,17,1360,2274,0,17.8,13.1,0.0,0,0,0,0,0,1,0,1,0,0
2023-08-10 17:00:00,77,18,1507,2786,0,22.5,14.2,5.0,0,0,0,0,1,0,0,1,0,0
2023-08-12 15:00:00,155,16,780,1997,0,19.7,15.4,11.4,0,0,1,0,0,0,0,1,0,0
2023-08-05 02:00:00,2,3,21,101,0,17.5,5.5,9.2,0,0,1,0,0,0,0,1,0,0
2023-08-03 07:00:00,25,8,119,1584,0,17.3,11.8,0.0,0,0,0,0,1,0,0,1,0,0
2023-08-10 18:00:00,69,19,1218,1958,0,22.5,14.2,5.0,0,0,0,0,1,0,0,1,0,0
2023-08-01 20:00:00,22,21,569,1082,0,17.8,13.1,0.0,0,0,0,0,0,1,0,1,0,0
2023-08-12 13:00:00,129,14,804,2498,0,19.7,15.4,11.4,0,0,1,0,0,0,0,1,0,0
2023-08-05 03:00:00,1,4,11,60,0,17.5,5.5,9.2,0,0,1,0,0,0,0,1,0,0
2023-08-03 22:00:00,15,23,136,532,0,17.3,11.8,0.0,0,0,0,0,1,0,0,1,0,0
2023-08-10 12:00:00,66,13,680,2267,0,22.5,14.2,5.0,0,0,0,0,1,0,0,1,0,0
2023-08-01 21:00:00,18,22,174,718,0,17.8,13.1,0.0,0,0,0,0,0,1,0,1,0,0
2023-08-12 11:00:00,119,12,777,2234,0,19.7,15.4,11.4,0,0,1,0,0,0,0,1,0,0
2023-08-05 05:00:00,0,6,30,115,0,17.5,5.5,9.2,0,0,1,0,0,0,0,1,0,0
2023-08-06 11:00:00,94,12,509,2186,0,20.0,5.5,3.0,0,0,0,1,0,0,0,1,0,0
2023-08-06 12:00:00,73,13,725,2594,0,20.0,5.5,3.0,0,0,0,1,0,0,0,1,0,0
2023-08-06 10:00:00,61,11,494,1911,0,20.0,5.5,3.0,0,0,0,1,0,0,0,1,0,0
2023-08-06 14:00:00,53,15,572,2430,0,20.0,5.5,3.0,0,0,0,1,0,0,0,1,0,0
2023-08-06 17:00:00,50,18,372,2033,0,20.0,5.5,3.0,0,0,0,1,0,0,0,1,0,0
2023-08-06 13:00:00,46,14,617,2486,0,20.0,5.5,3.0,0,0,0,1,0,0,0,1,0,0
2023-08-06 16:00:00,46,17,513,2250,0,20.0,5.5,3.0,0,0,0,1,0,0,0,1,0,0
2023-08-06 15:00:00,43,16,470,2356,0,20.0,5.5,3.0,0,0,0,1,0,0,0,1,0,0
2023-08-06 18:00:00,43,19,360,1552,0,20.0,5.5,3.0,0,0,0,1,0,0,0,1,0,0
2023-08-06 19:00:00,30,20,311,1388,0,20.0,5.5,3.0,0,0,0,1,0,0,0,1,0,0
2023-08-06 09:00:00,20,10,162,1103,0,20.0,5.5,3.0,0,0,0,1,0,0,0,1,0,0
2023-08-06 00:00:00,17,1,1034,211,0,20.0,5.5,3.0,0,0,0,1,0,0,0,1,0,0
2023-08-06 20:00:00,16,21,193,1027,0,20.0,5.5,3.0,0,0,0,1,0,0,0,1,0,0
2023-08-06 21:00:00,13,22,163,822,0,20.0,5.5,3.0,0,0,0,1,0,0,0,1,0,0
2023-08-06 22:00:00,13,23,133,548,0,20.0,5.5,3.0,0,0,0,1,0,0,0,1,0,0
2023-08-06 01:00:00,11,2,102,250,0,20.0,5.5,3.0,0,0,0,1,0,0,0,1,0,0
2023-08-06 08:00:00,10,9,89,635,0,20.0,5.5,3.0,0,0,0,1,0,0,0,1,0,0
2023-08-06 07:00:00,10,8,31,479,0,20.0,5.5,3.0,0,0,0,1,0,0,0,1,0,0
2023-08-06 06:00:00,5,7,30,251,0,20.0,5.5,3.0,0,0,0,1,0,0,0,1,0,0
2023-08-06 03:00:00,4,4,14,108,0,20.0,5.5,3.0,0,0,0,1,0,0,0,1,0,0
2023-08-06 05:00:00,3,6,2,110,0,20.0,5.5,3.0,0,0,0,1,0,0,0,1,0,0
2023-08-06 02:00:00,2,3,25,158,0,20.0,5.5,3.0,0,0,0,1,0,0,0,1,0,0
2023-08-06 04:00:00,2,5,18,87,0,20.0,5.5,3.0,0,0,0,1,0,0,0,1,0,0
2023-08-06 23:00:00,1,0,76,320,0,20.0,5.5,3.0,0,0,0,1,0,0,0,1,0,0
2023-08-07 09:00:00,76,10,232,1924,1,19.9,9.5,0.0,0,1,0,0,0,0,0,1,0,0
2023-08-07 10:00:00,73,11,451,2033,1,19.9,9.5,0.0,0,1,0,0,0,0,0,1,0,0
2023-08-07 11:00:00,67,12,548,2143,1,19.9,9.5,0.0,0,1,0,0,0,0,0,1,0,0
2023-08-07 12:00:00,64,13,612,2628,1,19.9,9.5,0.0,0,1,0,0,0,0,0,1,0,0
2023-08-07 08:00:00,57,9,154,2339,1,19.9,9.5,0.0,0,1,0,0,0,0,0,1,0,0
2023-08-07 07:00:00,29,8,79,1690,1,19.9,9.5,0.0,0,1,0,0,0,0,0,1,0,0
2023-08-07 19:00:00,27,20,196,1059,1,19.9,9.5,0.0,0,1,0,0,0,0,0,1,0,0
2023-08-07 20:00:00,17,21,241,1130,1,19.9,9.5,0.0,0,1,0,0,0,0,0,1,0,0
2023-08-07 22:00:00,14,23,152,532,1,19.9,9.5,0.0,0,1,0,0,0,0,0,1,0,0
2023-08-07 21:00:00,13,22,191,820,1,19.9,9.5,0.0,0,1,0,0,0,0,0,1,0,0
2023-08-07 06:00:00,12,7,34,584,1,19.9,9.5,0.0,0,1,0,0,0,0,0,1,0,0
2023-08-07 13:00:00,11,14,149,538,1,19.9,9.5,0.0,0,1,0,0,0,0,0,1,0,0
2023-08-07 23:00:00,3,0,40,326,1,19.9,9.5,0.0,0,1,0,0,0,0,0,1,0,0
2023-08-07 00:00:00,3,1,34,190,1,19.9,9.5,0.0,0,1,0,0,0,0,0,1,0,0
2023-08-12 10:00:00,106,11,340,2056,0,19.7,15.4,11.4,0,0,1,0,0,0,0,1,0,0
2023-08-01 06:00:00,14,7,82,625,0,17.8,13.1,0.0,0,0,0,0,0,1,0,1,0,0
2023-08-10 20:00:00,58,21,902,1112,0,22.5,14.2,5.0,0,0,0,0,1,0,0,1,0,0
2023-08-12 12:00:00,95,13,1073,2217,0,19.7,15.4,11.4,0,0,1,0,0,0,0,1,0,0
2023-08-03 21:00:00,12,22,207,838,0,17.3,11.8,0.0,0,0,0,0,1,0,0,1,0,0
2023-08-01 23:00:00,10,0,149,308,0,17.8,13.1,0.0,0,0,0,0,0,1,0,1,0,0
2023-08-10 10:00:00,54,11,369,1906,0,22.5,14.2,5.0,0,0,0,0,1,0,0,1,0,0
2023-08-12 17:00:00,68,18,709,1824,0,19.7,15.4,11.4,0,0,1,0,0,0,0,1,0,0
2023-08-03 06:00:00,6,7,144,395,0,17.3,11.8,0.0,0,0,0,0,1,0,0,1,0,0
2023-08-01 22:00:00,7,23,128,570,0,17.8,13.1,0.0,0,0,0,0,0,1,0,1,0,0
2023-08-10 16:00:00,51,17,463,2645,0,22.5,14.2,5.0,0,0,0,0,1,0,0,1,0,0
2023-08-12 09:00:00,59,10,202,1618,0,19.7,15.4,11.4,0,0,1,0,0,0,0,1,0,0
2023-08-03 23:00:00,6,0,64,301,0,17.3,11.8,0.0,0,0,0,0,1,0,0,1,0,0
2023-08-01 00:00:00,1,1,12,123,0,17.8,13.1,0.0,0,0,0,0,0,1,0,1,0,0
2023-08-10 15:00:00,49,16,592,1935,0,22.5,14.2,5.0,0,0,0,0,1,0,0,1,0,0
2023-08-12 18:00:00,51,19,490,1602,0,19.7,15.4,11.4,0,0,1,0,0,0,0,1,0,0
2023-08-03 05:00:00,4,6,99,208,0,17.3,11.8,0.0,0,0,0,0,1,0,0,1,0,0
2023-08-03 00:00:00,2,1,73,207,0,17.3,11.8,0.0,0,0,0,0,1,0,0,1,0,0
2023-08-03 04:00:00,2,5,12,90,0,17.3,11.8,0.0,0,0,0,0,1,0,0,1,0,0
2023-08-03 02:00:00,1,3,24,108,0,17.3,11.8,0.0,0,0,0,0,1,0,0,1,0,0
2023-08-03 01:00:00,0,2,35,113,0,17.3,11.8,0.0,0,0,0,0,1,0,0,1,0,0
2023-08-03 03:00:00,0,4,3,63,0,17.3,11.8,0.0,0,0,0,0,1,0,0,1,0,0
2023-08-04 12:00:00,77,13,634,406,0,15.4,11.3,1.6,1,0,0,0,0,0,0,1,0,0
2023-08-04 15:00:00,72,16,716,2540,0,15.4,11.3,1.6,1,0,0,0,0,0,0,1,0,0
2023-08-04 17:00:00,66,18,521,2377,0,15.4,11.3,1.6,1,0,0,0,0,0,0,1,0,0
2023-08-04 10:00:00,63,11,458,2023,0,15.4,11.3,1.6,1,0,0,0,0,0,0,1,0,0
2023-08-04 11:00:00,62,12,634,1259,0,15.4,11.3,1.6,1,0,0,0,0,0,0,1,0,0
2023-08-04 16:00:00,54,17,675,2501,0,15.4,11.3,1.6,1,0,0,0,0,0,0,1,0,0
2023-08-04 14:00:00,50,15,1013,1602,0,15.4,11.3,1.6,1,0,0,0,0,0,0,1,0,0
2023-08-04 18:00:00,49,19,445,1863,0,15.4,11.3,1.6,1,0,0,0,0,0,0,1,0,0
2023-08-04 08:00:00,41,9,143,2112,0,15.4,11.3,1.6,1,0,0,0,0,0,0,1,0,0
2023-08-04 19:00:00,41,20,352,1429,0,15.4,11.3,1.6,1,0,0,0,0,0,0,1,0,0
2023-08-04 07:00:00,38,8,97,1513,0,15.4,11.3,1.6,1,0,0,0,0,0,0,1,0,0
2023-08-04 09:00:00,34,10,238,1722,0,15.4,11.3,1.6,1,0,0,0,0,0,0,1,0,0
2023-08-04 20:00:00,33,21,279,1027,0,15.4,11.3,1.6,1,0,0,0,0,0,0,1,0,0
2023-08-04 13:00:00,27,14,808,80,0,15.4,11.3,1.6,1,0,0,0,0,0,0,1,0,0
2023-08-04 06:00:00,11,7,58,552,0,15.4,11.3,1.6,1,0,0,0,0,0,0,1,0,0
2023-08-04 22:00:00,8,23,218,487,0,15.4,11.3,1.6,1,0,0,0,0,0,0,1,0,0
2023-08-04 21:00:00,6,22,270,800,0,15.4,11.3,1.6,1,0,0,0,0,0,0,1,0,0
2023-08-04 00:00:00,5,1,35,115,0,15.4,11.3,1.6,1,0,0,0,0,0,0,1,0,0
2023-08-04 23:00:00,4,0,140,200,0,15.4,11.3,1.6,1,0,0,0,0,0,0,1,0,0
2023-08-04 05:00:00,2,6,35,125,0,15.4,11.3,1.6,1,0,0,0,0,0,0,1,0,0
2023-08-04 01:00:00,1,2,3,50,0,15.4,11.3,1.6,1,0,0,0,0,0,0,1,0,0
2023-08-04 04:00:00,1,5,5,45,0,15.4,11.3,1.6,1,0,0,0,0,0,0,1,0,0
2023-08-04 03:00:00,1,4,4,26,0,15.4,11.3,1.6,1,0,0,0,0,0,0,1,0,0
2023-08-04 02:00:00,0,3,4,57,0,15.4,11.3,1.6,1,0,0,0,0,0,0,1,0,0
2023-08-05 15:00:00,87,16,471,2050,0,17.5,5.5,9.2,0,0,1,0,0,0,0,1,0,0
2023-08-05 17:00:00,87,18,331,1993,0,17.5,5.5,9.2,0,0,1,0,0,0,0,1,0,0
2023-08-05 14:00:00,86,15,739,2250,0,17.5,5.5,9.2,0,0,1,0,0,0,0,1,0,0
2023-08-05 16:00:00,67,17,353,2051,0,17.5,5.5,9.2,0,0,1,0,0,0,0,1,0,0
2023-08-05 10:00:00,65,11,215,1909,0,17.5,5.5,9.2,0,0,1,0,0,0,0,1,0,0
2023-08-05 09:00:00,65,10,352,1333,0,17.5,5.5,9.2,0,0,1,0,0,0,0,1,0,0
2023-08-05 11:00:00,56,12,382,2232,0,17.5,5.5,9.2,0,0,1,0,0,0,0,1,0,0
2023-08-05 18:00:00,55,19,245,1525,0,17.5,5.5,9.2,0,0,1,0,0,0,0,1,0,0
2023-08-05 13:00:00,50,14,741,2500,0,17.5,5.5,9.2,0,0,1,0,0,0,0,1,0,0
2023-08-05 20:00:00,31,21,240,1063,0,17.5,5.5,9.2,0,0,1,0,0,0,0,1,0,0
2023-08-05 08:00:00,30,9,212,721,0,17.5,5.5,9.2,0,0,1,0,0,0,0,1,0,0
2023-08-05 23:00:00,29,0,1286,298,0,17.5,5.5,9.2,0,0,1,0,0,0,0,1,0,0
2023-08-07 01:00:00,3,2,11,87,1,19.9,9.5,0.0,0,1,0,0,0,0,0,1,0,0
2023-08-10 08:00:00,46,9,194,2406,0,22.5,14.2,5.0,0,0,0,0,1,0,0,1,0,0
2023-08-10 13:00:00,46,14,661,1994,0,22.5,14.2,5.0,0,0,0,0,1,0,0,1,0,0
2023-08-10 14:00:00,43,15,622,2055,0,22.5,14.2,5.0,0,0,0,0,1,0,0,1,0,0
2023-08-10 19:00:00,43,20,928,1393,0,22.5,14.2,5.0,0,0,0,0,1,0,0,1,0,0
2023-08-10 11:00:00,36,12,485,2082,0,22.5,14.2,5.0,0,0,0,0,1,0,0,1,0,0
2023-08-10 09:00:00,35,10,273,1906,0,22.5,14.2,5.0,0,0,0,0,1,0,0,1,0,0
2023-08-10 07:00:00,21,8,115,1639,0,22.5,14.2,5.0,0,0,0,0,1,0,0,1,0,0
2023-08-10 21:00:00,13,22,539,828,0,22.5,14.2,5.0,0,0,0,0,1,0,0,1,0,0
2023-08-10 22:00:00,9,23,414,619,0,22.5,14.2,5.0,0,0,0,0,1,0,0,1,0,0
2023-08-10 06:00:00,7,7,56,586,0,22.5,14.2,5.0,0,0,0,0,1,0,0,1,0,0
2023-08-10 00:00:00,3,1,42,185,0,22.5,14.2,5.0,0,0,0,0,1,0,0,1,0,0
2023-08-10 04:00:00,1,5,4,78,0,22.5,14.2,5.0,0,0,0,0,1,0,0,1,0,0
2023-08-10 23:00:00,0,0,143,383,0,22.5,14.2,5.0,0,0,0,0,1,0,0,1,0,0
2023-08-10 05:00:00,0,6,15,230,0,22.5,14.2,5.0,0,0,0,0,1,0,0,1,0,0
2023-08-10 01:00:00,0,2,3,80,0,22.5,14.2,5.0,0,0,0,0,1,0,0,1,0,0
2023-08-10 02:00:00,0,3,1,74,0,22.5,14.2,5.0,0,0,0,0,1,0,0,1,0,0
2023-08-10 03:00:00,0,4,0,51,0,22.5,14.2,5.0,0,0,0,0,1,0,0,1,0,0
2023-08-11 17:00:00,86,18,449,2751,0,20.8,15.8,0.0,1,0,0,0,0,0,0,1,0,0
2023-08-11 08:00:00,84,9,191,2188,0,20.8,15.8,0.0,1,0,0,0,0,0,0,1,0,0
2023-08-11 15:00:00,78,16,542,2671,0,20.8,15.8,0.0,1,0,0,0,0,0,0,1,0,0
2023-08-11 14:00:00,60,15,586,2599,0,20.8,15.8,0.0,1,0,0,0,0,0,0,1,0,0
2023-08-11 18:00:00,48,19,425,2187,0,20.8,15.8,0.0,1,0,0,0,0,0,0,1,0,0
2023-08-11 16:00:00,46,17,468,2890,0,20.8,15.8,0.0,1,0,0,0,0,0,0,1,0,0
2023-08-11 09:00:00,40,10,202,1952,0,20.8,15.8,0.0,1,0,0,0,0,0,0,1,0,0
2023-08-11 19:00:00,36,20,359,1638,0,20.8,15.8,0.0,1,0,0,0,0,0,0,1,0,0
2023-08-11 13:00:00,32,14,519,2556,0,20.8,15.8,0.0,1,0,0,0,0,0,0,1,0,0
2023-08-11 10:00:00,31,11,419,2328,0,20.8,15.8,0.0,1,0,0,0,0,0,0,1,0,0
2023-08-11 07:00:00,31,8,91,1538,0,20.8,15.8,0.0,1,0,0,0,0,0,0,1,0,0
2023-08-11 11:00:00,29,12,463,2242,0,20.8,15.8,0.0,1,0,0,0,0,0,0,1,0,0
2023-08-11 21:00:00,26,22,262,916,0,20.8,15.8,0.0,1,0,0,0,0,0,0,1,0,0
2023-08-11 22:00:00,20,23,445,721,0,20.8,15.8,0.0,1,0,0,0,0,0,0,1,0,0
2023-08-11 12:00:00,20,13,846,550,0,20.8,15.8,0.0,1,0,0,0,0,0,0,1,0,0
2023-08-11 06:00:00,19,7,64,625,0,20.8,15.8,0.0,1,0,0,0,0,0,0,1,0,0
2023-08-11 20:00:00,17,21,251,1274,0,20.8,15.8,0.0,1,0,0,0,0,0,0,1,0,0
2023-08-11 23:00:00,15,0,215,497,0,20.8,15.8,0.0,1,0,0,0,0,0,0,1,0,0
2023-08-11 00:00:00,8,1,93,227,0,20.8,15.8,0.0,1,0,0,0,0,0,0,1,0,0
2023-08-11 05:00:00,1,6,32,219,0,20.8,15.8,0.0,1,0,0,0,0,0,0,1,0,0
2023-08-11 01:00:00,1,2,17,111,0,20.8,15.8,0.0,1,0,0,0,0,0,0,1,0,0
2023-08-11 04:00:00,0,5,2,112,0,20.8,15.8,0.0,1,0,0,0,0,0,0,1,0,0
2023-08-11 02:00:00,0,3,2,77,0,20.8,15.8,0.0,1,0,0,0,0,0,0,1,0,0
2023-08-14 17:00:00,72,18,382,2800,0,20.6,13.5,0.0,0,1,0,0,0,0,0,1,0,0
2023-08-12 20:00:00,40,21,435,993,0,19.7,15.4,11.4,0,0,1,0,0,0,0,1,0,0
2023-08-01 01:00:00,1,2,6,86,0,17.8,13.1,0.0,0,0,0,0,0,1,0,1,0,0
2023-08-12 19:00:00,32,20,464,1241,0,19.7,15.4,11.4,0,0,1,0,0,0,0,1,0,0
2023-08-12 08:00:00,22,9,117,1130,0,19.7,15.4,11.4,0,0,1,0,0,0,0,1,0,0
2023-08-12 21:00:00,21,22,317,591,0,19.7,15.4,11.4,0,0,1,0,0,0,0,1,0,0
2023-08-12 01:00:00,10,2,74,259,0,19.7,15.4,11.4,0,0,1,0,0,0,0,1,0,0
2023-08-12 06:00:00,6,7,93,260,0,19.7,15.4,11.4,0,0,1,0,0,0,0,1,0,0
2023-08-12 05:00:00,5,6,60,145,0,19.7,15.4,11.4,0,0,1,0,0,0,0,1,0,0
2023-08-12 07:00:00,4,8,41,494,0,19.7,15.4,11.4,0,0,1,0,0,0,0,1,0,0
2023-08-12 03:00:00,2,4,24,92,0,19.7,15.4,11.4,0,0,1,0,0,0,0,1,0,0
2023-08-12 04:00:00,1,5,16,111,0,19.7,15.4,11.4,0,0,1,0,0,0,0,1,0,0
2023-08-12 23:00:00,1,0,82,23,0,19.7,15.4,11.4,0,0,1,0,0,0,0,1,0,0
2023-08-12 00:00:00,0,1,73,253,0,19.7,15.4,11.4,0,0,1,0,0,0,0,1,0,0
2023-08-12 02:00:00,0,3,42,173,0,19.7,15.4,11.4,0,0,1,0,0,0,0,1,0,0
2023-08-12 22:00:00,0,23,106,5,0,19.7,15.4,11.4,0,0,1,0,0,0,0,1,0,0
2023-08-13 12:00:00,62,13,501,2572,0,19.7,13.4,1.1,0,0,0,1,0,0,0,1,0,0
2023-08-13 11:00:00,58,12,493,2211,0,19.7,13.4,1.1,0,0,0,1,0,0,0,1,0,0
2023-08-13 17:00:00,55,18,355,1893,0,19.7,13.4,1.1,0,0,0,1,0,0,0,1,0,0
2023-08-13 19:00:00,55,20,181,1417,0,19.7,13.4,1.1,0,0,0,1,0,0,0,1,0,0
2023-08-13 13:00:00,51,14,424,2569,0,19.7,13.4,1.1,0,0,0,1,0,0,0,1,0,0
2023-08-13 14:00:00,49,15,473,2602,0,19.7,13.4,1.1,0,0,0,1,0,0,0,1,0,0
2023-08-13 09:00:00,47,10,119,1191,0,19.7,13.4,1.1,0,0,0,1,0,0,0,1,0,0
2023-08-13 10:00:00,44,11,377,1993,0,19.7,13.4,1.1,0,0,0,1,0,0,0,1,0,0
2023-08-13 16:00:00,39,17,345,2206,0,19.7,13.4,1.1,0,0,0,1,0,0,0,1,0,0
2023-08-13 15:00:00,38,16,279,2403,0,19.7,13.4,1.1,0,0,0,1,0,0,0,1,0,0
2023-08-13 18:00:00,24,19,231,1564,0,19.7,13.4,1.1,0,0,0,1,0,0,0,1,0,0
2023-08-13 08:00:00,15,9,50,592,0,19.7,13.4,1.1,0,0,0,1,0,0,0,1,0,0
2023-08-13 07:00:00,11,8,24,428,0,19.7,13.4,1.1,0,0,0,1,0,0,0,1,0,0
2023-08-13 21:00:00,6,22,171,607,0,19.7,13.4,1.1,0,0,0,1,0,0,0,1,0,0
2023-08-13 22:00:00,6,23,153,423,0,19.7,13.4,1.1,0,0,0,1,0,0,0,1,0,0
2023-08-07 05:00:00,2,6,59,242,1,19.9,9.5,0.0,0,1,0,0,0,0,0,1,0,0
2023-08-13 20:00:00,5,21,264,938,0,19.7,13.4,1.1,0,0,0,1,0,0,0,1,0,0
2023-08-07 04:00:00,2,5,32,109,1,19.9,9.5,0.0,0,1,0,0,0,0,0,1,0,0
2023-08-01 04:00:00,1,5,6,83,0,17.8,13.1,0.0,0,0,0,0,0,1,0,1,0,0
2023-08-13 23:00:00,2,0,61,297,0,19.7,13.4,1.1,0,0,0,1,0,0,0,1,0,0
2023-08-07 02:00:00,2,3,4,56,1,19.9,9.5,0.0,0,1,0,0,0,0,0,1,0,0
2023-08-14 16:00:00,60,17,247,2859,0,20.6,13.5,0.0,0,1,0,0,0,0,0,1,0,0
2023-08-01 05:00:00,0,6,43,251,0,17.8,13.1,0.0,0,0,0,0,0,1,0,1,0,0
2023-08-13 06:00:00,1,7,51,137,0,19.7,13.4,1.1,0,0,0,1,0,0,0,1,0,0
2023-08-14 08:00:00,45,9,290,1950,0,20.6,13.5,0.0,0,1,0,0,0,0,0,1,0,0
2023-08-01 02:00:00,0,3,5,66,0,17.8,13.1,0.0,0,0,0,0,0,1,0,1,0,0
2023-08-13 04:00:00,1,5,45,71,0,19.7,13.4,1.1,0,0,0,1,0,0,0,1,0,0
2023-08-14 19:00:00,42,20,434,1315,0,20.6,13.5,0.0,0,1,0,0,0,0,0,1,0,0
2023-08-01 03:00:00,0,4,2,41,0,17.8,13.1,0.0,0,0,0,0,0,1,0,1,0,0
2023-08-13 01:00:00,1,2,15,13,0,19.7,13.4,1.1,0,0,0,1,0,0,0,1,0,0
2023-08-14 20:00:00,40,21,430,1010,0,20.6,13.5,0.0,0,1,0,0,0,0,0,1,0,0
2023-08-02 17:00:00,113,18,398,2629,0,19.8,13.5,2.1,0,0,0,0,0,0,1,1,0,0
2023-08-13 05:00:00,0,6,58,32,0,19.7,13.4,1.1,0,0,0,1,0,0,0,1,0,0
2023-08-14 18:00:00,34,19,267,2184,0,20.6,13.5,0.0,0,1,0,0,0,0,0,1,0,0
2023-08-02 16:00:00,74,17,672,2507,0,19.8,13.5,2.1,0,0,0,0,0,0,1,1,0,0
2023-08-13 00:00:00,0,1,87,16,0,19.7,13.4,1.1,0,0,0,1,0,0,0,1,0,0
2023-08-14 13:00:00,32,14,157,979,0,20.6,13.5,0.0,0,1,0,0,0,0,0,1,0,0
2023-08-02 18:00:00,57,19,251,1918,0,19.8,13.5,2.1,0,0,0,0,0,0,1,1,0,0
2023-08-13 03:00:00,0,4,8,13,0,19.7,13.4,1.1,0,0,0,1,0,0,0,1,0,0
2023-08-14 15:00:00,27,16,67,2082,0,20.6,13.5,0.0,0,1,0,0,0,0,0,1,0,0
2023-08-02 15:00:00,53,16,915,2316,0,19.8,13.5,2.1,0,0,0,0,0,0,1,1,0,0
2023-08-13 02:00:00,0,3,15,8,0,19.7,13.4,1.1,0,0,0,1,0,0,0,1,0,0
2023-08-14 14:00:00,25,15,63,1794,0,20.6,13.5,0.0,0,1,0,0,0,0,0,1,0,0
2023-08-02 13:00:00,53,14,986,2018,0,19.8,13.5,2.1,0,0,0,0,0,0,1,1,0,0
2023-08-14 09:00:00,87,10,308,1467,0,20.6,13.5,0.0,0,1,0,0,0,0,0,1,0,0
2023-08-14 07:00:00,21,8,183,1236,0,20.6,13.5,0.0,0,1,0,0,0,0,0,1,0,0
2023-08-07 03:00:00,1,4,28,64,1,19.9,9.5,0.0,0,1,0,0,0,0,0,1,0,0
2023-08-02 12:00:00,50,13,1201,2123,0,19.8,13.5,2.1,0,0,0,0,0,0,1,1,0,0
2023-08-14 12:00:00,18,13,138,1840,0,20.6,13.5,0.0,0,1,0,0,0,0,0,1,0,0
2023-08-08 17:00:00,127,18,330,2960,0,19.1,7.7,0.2,0,0,0,0,0,1,0,1,0,0
2023-08-02 14:00:00,43,15,964,1939,0,19.8,13.5,2.1,0,0,0,0,0,0,1,1,0,0
2023-08-14 10:00:00,14,11,68,2441,0,20.6,13.5,0.0,0,1,0,0,0,0,0,1,0,0
2023-08-08 18:00:00,99,19,342,2253,0,19.1,7.7,0.2,0,0,0,0,0,1,0,1,0,0
2023-08-02 11:00:00,40,12,871,2057,0,19.8,13.5,2.1,0,0,0,0,0,0,1,1,0,0
2023-08-14 11:00:00,13,12,45,2654,0,20.6,13.5,0.0,0,1,0,0,0,0,0,1,0,0
2023-08-08 08:00:00,92,9,226,2358,0,19.1,7.7,0.2,0,0,0,0,0,1,0,1,0,0
2023-08-02 10:00:00,40,11,469,1347,0,19.8,13.5,2.1,0,0,0,0,0,0,1,1,0,0
2023-08-14 06:00:00,11,7,70,463,0,20.6,13.5,0.0,0,1,0,0,0,0,0,1,0,0
2023-08-08 15:00:00,91,16,449,2513,0,19.1,7.7,0.2,0,0,0,0,0,1,0,1,0,0
2023-08-02 08:00:00,38,9,215,2698,0,19.8,13.5,2.1,0,0,0,0,0,0,1,1,0,0
2023-08-14 22:00:00,8,23,99,510,0,20.6,13.5,0.0,0,1,0,0,0,0,0,1,0,0
2023-08-08 16:00:00,90,17,460,3159,0,19.1,7.7,0.2,0,0,0,0,0,1,0,1,0,0
2023-08-02 09:00:00,35,10,258,1987,0,19.8,13.5,2.1,0,0,0,0,0,0,1,1,0,0
2023-08-14 21:00:00,5,22,254,737,0,20.6,13.5,0.0,0,1,0,0,0,0,0,1,0,0
2023-08-08 12:00:00,89,13,592,2558,0,19.1,7.7,0.2,0,0,0,0,0,1,0,1,0,0
2023-08-02 20:00:00,26,21,166,921,0,19.8,13.5,2.1,0,0,0,0,0,0,1,1,0,0
2023-08-14 04:00:00,2,5,7,46,0,20.6,13.5,0.0,0,1,0,0,0,0,0,1,0,0
2023-08-08 10:00:00,83,11,455,2073,0,19.1,7.7,0.2,0,0,0,0,0,1,0,1,0,0
2023-08-02 07:00:00,25,8,387,1132,0,19.8,13.5,2.1,0,0,0,0,0,0,1,1,0,0
2023-08-14 01:00:00,1,2,13,93,0,20.6,13.5,0.0,0,1,0,0,0,0,0,1,0,0
2023-08-08 13:00:00,71,14,669,2218,0,19.1,7.7,0.2,0,0,0,0,0,1,0,1,0,0
2023-08-02 19:00:00,19,20,240,1263,0,19.8,13.5,2.1,0,0,0,0,0,0,1,1,0,0
2023-08-14 23:00:00,0,0,57,281,0,20.6,13.5,0.0,0,1,0,0,0,0,0,1,0,0
2023-08-08 11:00:00,63,12,507,2249,0,19.1,7.7,0.2,0,0,0,0,0,1,0,1,0,0
2023-08-08 14:00:00,55,15,447,2102,0,19.1,7.7,0.2,0,0,0,0,0,1,0,1,0,0
2023-08-08 09:00:00,48,10,241,1756,0,19.1,7.7,0.2,0,0,0,0,0,1,0,1,0,0
2023-08-08 07:00:00,38,8,108,1654,0,19.1,7.7,0.2,0,0,0,0,0,1,0,1,0,0
2023-08-08 19:00:00,35,20,237,1581,0,19.1,7.7,0.2,0,0,0,0,0,1,0,1,0,0
2023-08-08 20:00:00,31,21,200,1301,0,19.1,7.7,0.2,0,0,0,0,0,1,0,1,0,0
2023-08-08 21:00:00,19,22,184,899,0,19.1,7.7,0.2,0,0,0,0,0,1,0,1,0,0
2023-08-08 06:00:00,12,7,61,616,0,19.1,7.7,0.2,0,0,0,0,0,1,0,1,0,0
2023-08-08 22:00:00,7,23,94,530,0,19.1,7.7,0.2,0,0,0,0,0,1,0,1,0,0
2023-08-08 23:00:00,2,0,57,315,0,19.1,7.7,0.2,0,0,0,0,0,1,0,1,0,0
2023-08-08 05:00:00,2,6,24,244,0,19.1,7.7,0.2,0,0,0,0,0,1,0,1,0,0
2023-08-08 01:00:00,2,2,10,90,0,19.1,7.7,0.2,0,0,0,0,0,1,0,1,0,0
2023-08-08 04:00:00,2,5,4,82,0,19.1,7.7,0.2,0,0,0,0,0,1,0,1,0,0
2023-08-08 00:00:00,1,1,31,146,0,19.1,7.7,0.2,0,0,0,0,0,1,0,1,0,0
2023-08-08 02:00:00,0,3,12,64,0,19.1,7.7,0.2,0,0,0,0,0,1,0,1,0,0
2023-08-08 03:00:00,0,4,1,42,0,19.1,7.7,0.2,0,0,0,0,0,1,0,1,0,0
2023-08-09 17:00:00,74,18,575,2448,0,22.8,8.8,0.0,0,0,0,0,0,0,1,1,0,0
2023-08-09 16:00:00,70,17,574,2458,0,22.8,8.8,0.0,0,0,0,0,0,0,1,1,0,0
2023-08-09 15:00:00,70,16,603,1816,0,22.8,8.8,0.0,0,0,0,0,0,0,1,1,0,0
2023-08-09 09:00:00,54,10,241,1630,0,22.8,8.8,0.0,0,0,0,0,0,0,1,1,0,0
2023-08-09 13:00:00,52,14,632,2010,0,22.8,8.8,0.0,0,0,0,0,0,0,1,1,0,0
2023-08-09 14:00:00,51,15,625,1933,0,22.8,8.8,0.0,0,0,0,0,0,0,1,1,0,0
2023-08-09 12:00:00,48,13,541,1956,0,22.8,8.8,0.0,0,0,0,0,0,0,1,1,0,0
2023-08-09 10:00:00,47,11,436,1402,0,22.8,8.8,0.0,0,0,0,0,0,0,1,1,0,0
2023-08-09 08:00:00,45,9,201,2560,0,22.8,8.8,0.0,0,0,0,0,0,0,1,1,0,0
2023-08-09 11:00:00,45,12,376,1706,0,22.8,8.8,0.0,0,0,0,0,0,0,1,1,0,0
2023-08-09 18:00:00,34,19,360,1994,0,22.8,8.8,0.0,0,0,0,0,0,0,1,1,0,0
2023-08-09 19:00:00,34,20,302,1323,0,22.8,8.8,0.0,0,0,0,0,0,0,1,1,0,0
2023-08-09 07:00:00,32,8,105,1622,0,22.8,8.8,0.0,0,0,0,0,0,0,1,1,0,0
2023-08-09 20:00:00,22,21,291,1085,0,22.8,8.8,0.0,0,0,0,0,0,0,1,1,0,0
2023-08-09 22:00:00,10,23,145,561,0,22.8,8.8,0.0,0,0,0,0,0,0,1,1,0,0
2023-08-09 21:00:00,9,22,201,790,0,22.8,8.8,0.0,0,0,0,0,0,0,1,1,0,0
2023-08-09 06:00:00,9,7,55,642,0,22.8,8.8,0.0,0,0,0,0,0,0,1,1,0,0
2023-08-09 23:00:00,7,0,58,287,0,22.8,8.8,0.0,0,0,0,0,0,0,1,1,0,0
2023-08-09 05:00:00,4,6,30,241,0,22.8,8.8,0.0,0,0,0,0,0,0,1,1,0,0
2023-08-09 00:00:00,1,1,38,190,0,22.8,8.8,0.0,0,0,0,0,0,0,1,1,0,0
2023-08-09 04:00:00,1,5,1,93,0,22.8,8.8,0.0,0,0,0,0,0,0,1,1,0,0
2023-08-02 06:00:00,14,7,124,393,0,19.8,13.5,2.1,0,0,0,0,0,0,1,1,0,0
2023-08-14 05:00:00,0,6,29,181,0,20.6,13.5,0.0,0,1,0,0,0,0,0,1,0,0
2023-08-02 21:00:00,11,22,184,609,0,19.8,13.5,2.1,0,0,0,0,0,0,1,1,0,0
2023-08-02 00:00:00,8,1,71,180,0,19.8,13.5,2.1,0,0,0,0,0,0,1,1,0,0
2023-08-14 00:00:00,0,1,36,159,0,20.6,13.5,0.0,0,1,0,0,0,0,0,1,0,0
2023-08-02 22:00:00,4,23,101,395,0,19.8,13.5,2.1,0,0,0,0,0,0,1,1,0,0
2023-08-14 02:00:00,0,3,2,40,0,20.6,13.5,0.0,0,1,0,0,0,0,0,1,0,0
2023-08-02 01:00:00,4,2,21,91,0,19.8,13.5,2.1,0,0,0,0,0,0,1,1,0,0
2023-08-14 03:00:00,0,4,14,23,0,20.6,13.5,0.0,0,1,0,0,0,0,0,1,0,0
2023-08-02 05:00:00,3,6,46,185,0,19.8,13.5,2.1,0,0,0,0,0,0,1,1,0,0
2023-08-15 17:00:00,125,18,322,2322,0,18.4,11.2,0.9,0,0,0,0,0,1,0,1,0,0
2023-08-02 23:00:00,2,0,61,276,0,19.8,13.5,2.1,0,0,0,0,0,0,1,1,0,0
2023-08-15 08:00:00,85,9,240,1918,0,18.4,11.2,0.9,0,0,0,0,0,1,0,1,0,0
2023-08-02 02:00:00,2,3,2,70,0,19.8,13.5,2.1,0,0,0,0,0,0,1,1,0,0
2023-08-15 16:00:00,64,17,310,2143,0,18.4,11.2,0.9,0,0,0,0,0,1,0,1,0,0
2023-08-02 04:00:00,1,5,8,75,0,19.8,13.5,2.1,0,0,0,0,0,0,1,1,0,0
2023-08-15 15:00:00,55,16,327,1699,0,18.4,11.2,0.9,0,0,0,0,0,1,0,1,0,0
2023-08-02 03:00:00,0,4,5,51,0,19.8,13.5,2.1,0,0,0,0,0,0,1,1,0,0
2023-08-15 09:00:00,49,10,232,1800,0,18.4,11.2,0.9,0,0,0,0,0,1,0,1,0,0
2023-08-15 10:00:00,48,11,375,1992,0,18.4,11.2,0.9,0,0,0,0,0,1,0,1,0,0
2023-08-15 12:00:00,47,13,446,2084,0,18.4,11.2,0.9,0,0,0,0,0,1,0,1,0,0
2023-08-15 18:00:00,44,19,286,2281,0,18.4,11.2,0.9,0,0,0,0,0,1,0,1,0,0
2023-08-15 19:00:00,44,20,249,1437,0,18.4,11.2,0.9,0,0,0,0,0,1,0,1,0,0
2023-08-15 13:00:00,42,14,495,1867,0,18.4,11.2,0.9,0,0,0,0,0,1,0,1,0,0
2023-08-15 07:00:00,42,8,89,1250,0,18.4,11.2,0.9,0,0,0,0,0,1,0,1,0,0
2023-08-15 11:00:00,41,12,392,2124,0,18.4,11.2,0.9,0,0,0,0,0,1,0,1,0,0
2023-08-15 14:00:00,37,15,370,1749,0,18.4,11.2,0.9,0,0,0,0,0,1,0,1,0,0
2023-08-15 20:00:00,13,21,190,1210,0,18.4,11.2,0.9,0,0,0,0,0,1,0,1,0,0
2023-08-15 06:00:00,11,7,58,414,0,18.4,11.2,0.9,0,0,0,0,0,1,0,1,0,0
2023-08-15 21:00:00,5,22,198,665,0,18.4,11.2,0.9,0,0,0,0,0,1,0,1,0,0
2023-08-15 22:00:00,5,23,107,488,0,18.4,11.2,0.9,0,0,0,0,0,1,0,1,0,0
2023-08-15 23:00:00,2,0,63,259,0,18.4,11.2,0.9,0,0,0,0,0,1,0,1,0,0
2023-08-15 01:00:00,2,2,19,75,0,18.4,11.2,0.9,0,0,0,0,0,1,0,1,0,0
2023-08-15 04:00:00,2,5,16,64,0,18.4,11.2,0.9,0,0,0,0,0,1,0,1,0,0
2023-08-15 05:00:00,1,6,20,135,0,18.4,11.2,0.9,0,0,0,0,0,1,0,1,0,0
2023-08-15 00:00:00,0,1,20,113,0,18.4,11.2,0.9,0,0,0,0,0,1,0,1,0,0
2023-08-15 02:00:00,0,3,5,50,0,18.4,11.2,0.9,0,0,0,0,0,1,0,1,0,0
2023-08-15 03:00:00,0,4,7,40,0,18.4,11.2,0.9,0,0,0,0,0,1,0,1,0,0
2023-08-16 16:00:00,76,17,558,2989,0,17.7,13.9,0.2,0,0,0,0,0,0,1,1,0,0
2023-08-16 17:00:00,72,18,372,2894,0,17.7,13.9,0.2,0,0,0,0,0,0,1,1,0,0
2023-08-16 18:00:00,52,19,223,2208,0,17.7,13.9,0.2,0,0,0,0,0,0,1,1,0,0
2023-08-03 10:00:00,95,11,387,1902,0,17.3,11.8,0.0,0,0,0,0,1,0,0,1,0,0
2023-08-03 17:00:00,85,18,1300,2269,0,17.3,11.8,0.0,0,0,0,0,1,0,0,1,0,0
2023-08-03 12:00:00,72,13,550,2179,0,17.3,11.8,0.0,0,0,0,0,1,0,0,1,0,0
2023-08-03 08:00:00,70,9,171,2240,0,17.3,11.8,0.0,0,0,0,0,1,0,0,1,0,0
2023-08-03 11:00:00,67,12,459,1931,0,17.3,11.8,0.0,0,0,0,0,1,0,0,1,0,0
2023-08-03 18:00:00,64,19,433,2270,0,17.3,11.8,0.0,0,0,0,0,1,0,0,1,0,0
2023-08-03 14:00:00,61,15,464,2187,0,17.3,11.8,0.0,0,0,0,0,1,0,0,1,0,0
2023-08-03 09:00:00,51,10,180,1854,0,17.3,11.8,0.0,0,0,0,0,1,0,0,1,0,0
2023-08-03 15:00:00,42,16,479,2394,0,17.3,11.8,0.0,0,0,0,0,1,0,0,1,0,0
2023-08-03 13:00:00,39,14,556,2178,0,17.3,11.8,0.0,0,0,0,0,1,0,0,1,0,0
2023-08-26 20:00:00,8,21,262,1008,0,18.3,5.5,0.8,0,0,1,0,0,0,0,1,0,0
2023-08-26 22:00:00,8,23,145,694,0,18.3,5.5,0.8,0,0,1,0,0,0,0,1,0,0
2023-08-26 18:00:00,7,19,86,993,0,18.3,5.5,0.8,0,0,1,0,0,0,0,1,0,0
2023-08-26 17:00:00,6,18,160,1492,0,18.3,5.5,0.8,0,0,1,0,0,0,0,1,0,0
2023-08-26 06:00:00,5,7,25,320,0,18.3,5.5,0.8,0,0,1,0,0,0,0,1,0,0
2023-08-26 01:00:00,4,2,38,170,0,18.3,5.5,0.8,0,0,1,0,0,0,0,1,0,0
2023-08-26 00:00:00,3,1,81,269,0,18.3,5.5,0.8,0,0,1,0,0,0,0,1,0,0
2023-08-26 05:00:00,1,6,26,142,0,18.3,5.5,0.8,0,0,1,0,0,0,0,1,0,0
2023-08-26 02:00:00,1,3,12,83,0,18.3,5.5,0.8,0,0,1,0,0,0,0,1,0,0
2023-08-26 04:00:00,1,5,8,72,0,18.3,5.5,0.8,0,0,1,0,0,0,0,1,0,0
2023-08-26 03:00:00,0,4,8,78,0,18.3,5.5,0.8,0,0,1,0,0,0,0,1,0,0
2023-08-27 13:00:00,105,14,528,2032,0,18.6,5.5,4.8,0,0,0,1,0,0,0,1,0,0
2023-08-27 14:00:00,98,15,546,2146,0,18.6,5.5,4.8,0,0,0,1,0,0,0,1,0,0
2023-08-27 15:00:00,65,16,361,2047,0,18.6,5.5,4.8,0,0,0,1,0,0,0,1,0,0
2023-08-27 17:00:00,61,18,418,1928,0,18.6,5.5,4.8,0,0,0,1,0,0,0,1,0,0
2023-08-27 10:00:00,51,11,322,1932,0,18.6,5.5,4.8,0,0,0,1,0,0,0,1,0,0
2023-08-27 12:00:00,34,13,1039,374,0,18.6,5.5,4.8,0,0,0,1,0,0,0,1,0,0
2023-08-27 16:00:00,31,17,402,2054,0,18.6,5.5,4.8,0,0,0,1,0,0,0,1,0,0
2023-08-27 08:00:00,28,9,54,708,0,18.6,5.5,4.8,0,0,0,1,0,0,0,1,0,0
2023-08-27 18:00:00,27,19,250,1543,0,18.6,5.5,4.8,0,0,0,1,0,0,0,1,0,0
2023-08-27 09:00:00,25,10,98,1363,0,18.6,5.5,4.8,0,0,0,1,0,0,0,1,0,0
2023-08-27 11:00:00,24,12,619,484,0,18.6,5.5,4.8,0,0,0,1,0,0,0,1,0,0
2023-08-24 13:00:00,33,14,351,2361,0,17.9,12.1,0.0,0,0,0,0,1,0,0,1,0,0
2023-08-16 19:00:00,44,20,326,1553,0,17.7,13.9,0.2,0,0,0,0,0,0,1,1,0,0
2023-08-27 19:00:00,20,20,226,1270,0,18.6,5.5,4.8,0,0,0,1,0,0,0,1,0,0
2023-08-27 20:00:00,14,21,195,965,0,18.6,5.5,4.8,0,0,0,1,0,0,0,1,0,0
2023-08-27 21:00:00,8,22,154,654,0,18.6,5.5,4.8,0,0,0,1,0,0,0,1,0,0
2023-08-27 22:00:00,8,23,125,476,0,18.6,5.5,4.8,0,0,0,1,0,0,0,1,0,0
2023-08-27 07:00:00,4,8,52,435,0,18.6,5.5,4.8,0,0,0,1,0,0,0,1,0,0
2023-08-27 06:00:00,3,7,23,248,0,18.6,5.5,4.8,0,0,0,1,0,0,0,1,0,0
2023-08-27 23:00:00,2,0,62,288,0,18.6,5.5,4.8,0,0,0,1,0,0,0,1,0,0
2023-08-27 02:00:00,2,3,21,108,0,18.6,5.5,4.8,0,0,0,1,0,0,0,1,0,0
2023-08-27 00:00:00,1,1,87,355,0,18.6,5.5,4.8,0,0,0,1,0,0,0,1,0,0
2023-08-27 01:00:00,0,2,41,239,0,18.6,5.5,4.8,0,0,0,1,0,0,0,1,0,0
2023-08-27 04:00:00,0,5,8,78,0,18.6,5.5,4.8,0,0,0,1,0,0,0,1,0,0
2023-08-27 05:00:00,0,6,21,70,0,18.6,5.5,4.8,0,0,0,1,0,0,0,1,0,0
2023-08-27 03:00:00,0,4,11,62,0,18.6,5.5,4.8,0,0,0,1,0,0,0,1,0,0
2023-08-28 09:00:00,80,10,728,1541,0,18.2,8.5,0.0,0,1,0,0,0,0,0,1,0,0
2023-08-28 17:00:00,65,18,337,2409,0,18.2,8.5,0.0,0,1,0,0,0,0,0,1,0,0
2023-08-28 16:00:00,58,17,351,2777,0,18.2,8.5,0.0,0,1,0,0,0,0,0,1,0,0
2023-08-28 15:00:00,44,16,1192,2125,0,18.2,8.5,0.0,0,1,0,0,0,0,0,1,0,0
2023-08-28 08:00:00,43,9,826,1848,0,18.2,8.5,0.0,0,1,0,0,0,0,0,1,0,0
2023-08-28 13:00:00,34,14,1203,1908,0,18.2,8.5,0.0,0,1,0,0,0,0,0,1,0,0
2023-08-28 10:00:00,31,11,1280,1697,0,18.2,8.5,0.0,0,1,0,0,0,0,0,1,0,0
2023-08-28 18:00:00,30,19,237,1780,0,18.2,8.5,0.0,0,1,0,0,0,0,0,1,0,0
2023-08-28 14:00:00,27,15,954,1764,0,18.2,8.5,0.0,0,1,0,0,0,0,0,1,0,0
2023-08-28 19:00:00,25,20,232,1364,0,18.2,8.5,0.0,0,1,0,0,0,0,0,1,0,0
2023-08-28 11:00:00,24,12,1315,1845,0,18.2,8.5,0.0,0,1,0,0,0,0,0,1,0,0
2023-08-28 12:00:00,21,13,1411,1871,0,18.2,8.5,0.0,0,1,0,0,0,0,0,1,0,0
2023-08-28 07:00:00,18,8,346,1156,0,18.2,8.5,0.0,0,1,0,0,0,0,0,1,0,0
2023-08-28 20:00:00,12,21,148,1034,0,18.2,8.5,0.0,0,1,0,0,0,0,0,1,0,0
2023-08-28 06:00:00,5,7,43,555,0,18.2,8.5,0.0,0,1,0,0,0,0,0,1,0,0
2023-08-22 09:00:00,49,10,794,1815,0,18.0,15.6,0.7,0,0,0,0,0,1,0,1,0,0
2023-08-24 19:00:00,15,20,275,1411,0,17.9,12.1,0.0,0,0,0,0,1,0,0,1,0,0
2023-08-22 07:00:00,37,8,516,1226,0,18.0,15.6,0.7,0,0,0,0,0,1,0,1,0,0
2023-08-16 08:00:00,43,9,210,2902,0,17.7,13.9,0.2,0,0,0,0,0,0,1,1,0,0
2023-08-24 06:00:00,13,7,179,402,0,17.9,12.1,0.0,0,0,0,0,1,0,0,1,0,0
2023-08-22 18:00:00,30,19,300,1779,0,18.0,15.6,0.7,0,0,0,0,0,1,0,1,0,0
2023-08-16 09:00:00,41,10,203,2144,0,17.7,13.9,0.2,0,0,0,0,0,0,1,1,0,0
2023-08-24 20:00:00,11,21,195,1075,0,17.9,12.1,0.0,0,0,0,0,1,0,0,1,0,0
2023-08-22 19:00:00,28,20,143,1886,0,18.0,15.6,0.7,0,0,0,0,0,1,0,1,0,0
2023-08-16 07:00:00,39,8,106,1867,0,17.7,13.9,0.2,0,0,0,0,0,0,1,1,0,0
2023-08-24 21:00:00,11,22,192,810,0,17.9,12.1,0.0,0,0,0,0,1,0,0,1,0,0
2023-08-22 22:00:00,20,23,139,338,0,18.0,15.6,0.7,0,0,0,0,0,1,0,1,0,0
2023-08-16 14:00:00,38,15,2584,432,0,17.7,13.9,0.2,0,0,0,0,0,0,1,1,0,0
2023-08-24 22:00:00,7,23,128,470,0,17.9,12.1,0.0,0,0,0,0,1,0,0,1,0,0
2023-08-22 20:00:00,18,21,133,1192,0,18.0,15.6,0.7,0,0,0,0,0,1,0,1,0,0
2023-08-16 12:00:00,29,13,2483,330,0,17.7,13.9,0.2,0,0,0,0,0,0,1,1,0,0
2023-08-24 23:00:00,2,0,102,281,0,17.9,12.1,0.0,0,0,0,0,1,0,0,1,0,0
2023-08-22 21:00:00,12,22,108,762,0,18.0,15.6,0.7,0,0,0,0,0,1,0,1,0,0
2023-08-16 15:00:00,25,16,2030,694,0,17.7,13.9,0.2,0,0,0,0,0,0,1,1,0,0
2023-08-24 00:00:00,2,1,21,133,0,17.9,12.1,0.0,0,0,0,0,1,0,0,1,0,0
2023-08-22 06:00:00,7,7,215,441,0,18.0,15.6,0.7,0,0,0,0,0,1,0,1,0,0
2023-08-16 13:00:00,22,14,2911,385,0,17.7,13.9,0.2,0,0,0,0,0,0,1,1,0,0
2023-08-24 03:00:00,1,4,13,95,0,17.9,12.1,0.0,0,0,0,0,1,0,0,1,0,0
2023-08-22 23:00:00,4,0,55,215,0,18.0,15.6,0.7,0,0,0,0,0,1,0,1,0,0
2023-08-16 10:00:00,17,11,856,1231,0,17.7,13.9,0.2,0,0,0,0,0,0,1,1,0,0
2023-08-24 05:00:00,0,6,36,189,0,17.9,12.1,0.0,0,0,0,0,1,0,0,1,0,0
2023-08-22 02:00:00,3,3,13,73,0,18.0,15.6,0.7,0,0,0,0,0,1,0,1,0,0
2023-08-16 20:00:00,14,21,200,1223,0,17.7,13.9,0.2,0,0,0,0,0,0,1,1,0,0
2023-08-24 01:00:00,0,2,29,86,0,17.9,12.1,0.0,0,0,0,0,1,0,0,1,0,0
2023-08-24 04:00:00,0,5,8,66,0,17.9,12.1,0.0,0,0,0,0,1,0,0,1,0,0
2023-08-24 02:00:00,0,3,10,60,0,17.9,12.1,0.0,0,0,0,0,1,0,0,1,0,0
2023-08-25 12:00:00,68,13,423,2535,0,18.5,8.9,0.0,1,0,0,0,0,0,0,1,0,0
2023-08-25 08:00:00,54,9,191,2371,0,18.5,8.9,0.0,1,0,0,0,0,0,0,1,0,0
2023-08-25 17:00:00,53,18,439,2542,0,18.5,8.9,0.0,1,0,0,0,0,0,0,1,0,0
2023-08-25 09:00:00,45,10,227,2141,0,18.5,8.9,0.0,1,0,0,0,0,0,0,1,0,0
2023-08-25 11:00:00,43,12,337,2253,0,18.5,8.9,0.0,1,0,0,0,0,0,0,1,0,0
2023-08-25 14:00:00,39,15,459,2610,0,18.5,8.9,0.0,1,0,0,0,0,0,0,1,0,0
2023-08-25 07:00:00,39,8,86,1568,0,18.5,8.9,0.0,1,0,0,0,0,0,0,1,0,0
2023-08-25 10:00:00,38,11,367,2217,0,18.5,8.9,0.0,1,0,0,0,0,0,0,1,0,0
2023-08-25 15:00:00,37,16,457,2785,0,18.5,8.9,0.0,1,0,0,0,0,0,0,1,0,0
2023-08-25 16:00:00,37,17,467,2739,0,18.5,8.9,0.0,1,0,0,0,0,0,0,1,0,0
2023-08-25 13:00:00,35,14,463,2430,0,18.5,8.9,0.0,1,0,0,0,0,0,0,1,0,0
2023-08-25 18:00:00,31,19,269,2128,0,18.5,8.9,0.0,1,0,0,0,0,0,0,1,0,0
2023-08-25 20:00:00,19,21,245,1033,0,18.5,8.9,0.0,1,0,0,0,0,0,0,1,0,0
2023-08-25 19:00:00,16,20,313,1404,0,18.5,8.9,0.0,1,0,0,0,0,0,0,1,0,0
2023-08-25 21:00:00,14,22,242,741,0,18.5,8.9,0.0,1,0,0,0,0,0,0,1,0,0
2023-08-25 06:00:00,10,7,44,625,0,18.5,8.9,0.0,1,0,0,0,0,0,0,1,0,0
2023-08-25 23:00:00,5,0,131,297,0,18.5,8.9,0.0,1,0,0,0,0,0,0,1,0,0
2023-08-25 00:00:00,5,1,50,149,0,18.5,8.9,0.0,1,0,0,0,0,0,0,1,0,0
2023-08-25 22:00:00,3,23,150,639,0,18.5,8.9,0.0,1,0,0,0,0,0,0,1,0,0
2023-08-25 04:00:00,1,5,1,101,0,18.5,8.9,0.0,1,0,0,0,0,0,0,1,0,0
2023-08-25 01:00:00,1,2,10,79,0,18.5,8.9,0.0,1,0,0,0,0,0,0,1,0,0
2023-08-25 05:00:00,0,6,22,243,0,18.5,8.9,0.0,1,0,0,0,0,0,0,1,0,0
2023-08-25 03:00:00,0,4,4,77,0,18.5,8.9,0.0,1,0,0,0,0,0,0,1,0,0
2023-08-25 02:00:00,0,3,0,68,0,18.5,8.9,0.0,1,0,0,0,0,0,0,1,0,0
2023-08-26 11:00:00,82,12,552,2298,0,18.3,5.5,0.8,0,0,1,0,0,0,0,1,0,0
2023-08-26 12:00:00,63,13,720,2478,0,18.3,5.5,0.8,0,0,1,0,0,0,0,1,0,0
2023-08-26 10:00:00,63,11,505,2259,0,18.3,5.5,0.8,0,0,1,0,0,0,0,1,0,0
2023-08-26 13:00:00,60,14,628,2423,0,18.3,5.5,0.8,0,0,1,0,0,0,0,1,0,0
2023-08-26 09:00:00,56,10,252,1587,0,18.3,5.5,0.8,0,0,1,0,0,0,0,1,0,0
2023-08-26 14:00:00,52,15,603,2318,0,18.3,5.5,0.8,0,0,1,0,0,0,0,1,0,0
2023-08-26 08:00:00,24,9,108,1017,0,18.3,5.5,0.8,0,0,1,0,0,0,0,1,0,0
2023-08-26 15:00:00,21,16,305,1896,0,18.3,5.5,0.8,0,0,1,0,0,0,0,1,0,0
2023-08-26 16:00:00,16,17,206,1742,0,18.3,5.5,0.8,0,0,1,0,0,0,0,1,0,0
2023-08-26 07:00:00,11,8,43,612,0,18.3,5.5,0.8,0,0,1,0,0,0,0,1,0,0
2023-08-26 21:00:00,10,22,228,834,0,18.3,5.5,0.8,0,0,1,0,0,0,0,1,0,0
2023-08-26 19:00:00,9,20,156,649,0,18.3,5.5,0.8,0,0,1,0,0,0,0,1,0,0
2023-08-26 23:00:00,9,0,109,474,0,18.3,5.5,0.8,0,0,1,0,0,0,0,1,0,0
2023-08-20 17:00:00,58,18,252,2343,0,21.5,14.0,0.0,0,0,0,1,0,0,0,1,0,0
2023-08-16 06:00:00,14,7,63,685,0,17.7,13.9,0.2,0,0,0,0,0,0,1,1,0,0
2023-08-16 11:00:00,13,12,1859,324,0,17.7,13.9,0.2,0,0,0,0,0,0,1,1,0,0
2023-08-16 21:00:00,8,22,199,962,0,17.7,13.9,0.2,0,0,0,0,0,0,1,1,0,0
2023-08-16 22:00:00,6,23,142,514,0,17.7,13.9,0.2,0,0,0,0,0,0,1,1,0,0
2023-08-16 23:00:00,4,0,78,302,0,17.7,13.9,0.2,0,0,0,0,0,0,1,1,0,0
2023-08-16 05:00:00,1,6,37,232,0,17.7,13.9,0.2,0,0,0,0,0,0,1,1,0,0
2023-08-16 00:00:00,1,1,26,161,0,17.7,13.9,0.2,0,0,0,0,0,0,1,1,0,0
2023-08-16 04:00:00,1,5,4,99,0,17.7,13.9,0.2,0,0,0,0,0,0,1,1,0,0
2023-08-16 01:00:00,0,2,14,77,0,17.7,13.9,0.2,0,0,0,0,0,0,1,1,0,0
2023-08-16 02:00:00,0,3,3,68,0,17.7,13.9,0.2,0,0,0,0,0,0,1,1,0,0
2023-08-16 03:00:00,0,4,6,64,0,17.7,13.9,0.2,0,0,0,0,0,0,1,1,0,0
2023-08-17 17:00:00,80,18,428,2887,0,11.2,14.6,0.0,0,0,0,0,1,0,0,1,0,0
2023-08-17 13:00:00,75,14,1420,1983,0,11.2,14.6,0.0,0,0,0,0,1,0,0,1,0,0
2023-08-17 14:00:00,58,15,1415,2187,0,11.2,14.6,0.0,0,0,0,0,1,0,0,1,0,0
2023-08-17 16:00:00,47,17,1044,2845,0,11.2,14.6,0.0,0,0,0,0,1,0,0,1,0,0
2023-08-17 12:00:00,44,13,1563,2237,0,11.2,14.6,0.0,0,0,0,0,1,0,0,1,0,0
2023-08-17 22:00:00,42,23,384,623,0,11.2,14.6,0.0,0,0,0,0,1,0,0,1,0,0
2023-08-17 18:00:00,39,19,332,2313,0,11.2,14.6,0.0,0,0,0,0,1,0,0,1,0,0
2023-08-17 15:00:00,38,16,1232,2093,0,11.2,14.6,0.0,0,0,0,0,1,0,0,1,0,0
2023-08-17 21:00:00,36,22,385,942,0,11.2,14.6,0.0,0,0,0,0,1,0,0,1,0,0
2023-08-17 08:00:00,31,9,1140,2013,0,11.2,14.6,0.0,0,0,0,0,1,0,0,1,0,0
2023-08-17 19:00:00,28,20,201,1492,0,11.2,14.6,0.0,0,0,0,0,1,0,0,1,0,0
2023-08-17 10:00:00,25,11,1370,1825,0,11.2,14.6,0.0,0,0,0,0,1,0,0,1,0,0
2023-08-17 11:00:00,23,12,1361,2078,0,11.2,14.6,0.0,0,0,0,0,1,0,0,1,0,0
2023-08-17 09:00:00,23,10,1037,1908,0,11.2,14.6,0.0,0,0,0,0,1,0,0,1,0,0
2023-08-17 20:00:00,22,21,572,1110,0,11.2,14.6,0.0,0,0,0,0,1,0,0,1,0,0
2023-08-17 07:00:00,14,8,544,1236,0,11.2,14.6,0.0,0,0,0,0,1,0,0,1,0,0
2023-08-17 06:00:00,10,7,75,630,0,11.2,14.6,0.0,0,0,0,0,1,0,0,1,0,0
2023-08-17 23:00:00,2,0,78,311,0,11.2,14.6,0.0,0,0,0,0,1,0,0,1,0,0
2023-08-17 05:00:00,2,6,15,239,0,11.2,14.6,0.0,0,0,0,0,1,0,0,1,0,0
2023-08-17 04:00:00,2,5,16,91,0,11.2,14.6,0.0,0,0,0,0,1,0,0,1,0,0
2023-08-17 00:00:00,1,1,30,169,0,11.2,14.6,0.0,0,0,0,0,1,0,0,1,0,0
2023-08-17 03:00:00,1,4,3,48,0,11.2,14.6,0.0,0,0,0,0,1,0,0,1,0,0
2023-08-17 01:00:00,0,2,15,80,0,11.2,14.6,0.0,0,0,0,0,1,0,0,1,0,0
2023-08-17 02:00:00,0,3,1,61,0,11.2,14.6,0.0,0,0,0,0,1,0,0,1,0,0
2023-08-18 17:00:00,95,18,382,1681,0,20.9,13.2,9.7,1,0,0,0,0,0,0,1,0,0
2023-08-18 08:00:00,79,9,227,2170,0,20.9,13.2,9.7,1,0,0,0,0,0,0,1,0,0
2023-08-18 18:00:00,79,19,227,1801,0,20.9,13.2,9.7,1,0,0,0,0,0,0,1,0,0
2023-08-18 16:00:00,51,17,501,1893,0,20.9,13.2,9.7,1,0,0,0,0,0,0,1,0,0
2023-08-18 09:00:00,46,10,277,1468,0,20.9,13.2,9.7,1,0,0,0,0,0,0,1,0,0
2023-08-22 01:00:00,2,2,33,81,0,18.0,15.6,0.7,0,0,0,0,0,1,0,1,0,0
2023-08-20 11:00:00,47,12,385,2605,0,21.5,14.0,0.0,0,0,0,1,0,0,0,1,0,0
2023-08-20 18:00:00,30,19,238,2268,0,21.5,14.0,0.0,0,0,0,1,0,0,0,1,0,0
2023-08-20 19:00:00,18,20,133,1869,0,21.5,14.0,0.0,0,0,0,1,0,0,0,1,0,0
2023-08-20 20:00:00,18,21,226,1182,0,21.5,14.0,0.0,0,0,0,1,0,0,0,1,0,0
2023-08-20 08:00:00,18,9,136,591,0,21.5,14.0,0.0,0,0,0,1,0,0,0,1,0,0
2023-08-20 21:00:00,10,22,184,762,0,21.5,14.0,0.0,0,0,0,1,0,0,0,1,0,0
2023-08-20 22:00:00,8,23,118,483,0,21.5,14.0,0.0,0,0,0,1,0,0,0,1,0,0
2023-08-20 07:00:00,6,8,35,311,0,21.5,14.0,0.0,0,0,0,1,0,0,0,1,0,0
2023-08-20 23:00:00,3,0,60,314,0,21.5,14.0,0.0,0,0,0,1,0,0,0,1,0,0
2023-08-20 00:00:00,2,1,15,132,0,21.5,14.0,0.0,0,0,0,1,0,0,0,1,0,0
2023-08-20 06:00:00,1,7,15,194,0,21.5,14.0,0.0,0,0,0,1,0,0,0,1,0,0
2023-08-20 01:00:00,1,2,44,158,0,21.5,14.0,0.0,0,0,0,1,0,0,0,1,0,0
2023-08-20 02:00:00,1,3,7,105,0,21.5,14.0,0.0,0,0,0,1,0,0,0,1,0,0
2023-08-20 05:00:00,0,6,8,110,0,21.5,14.0,0.0,0,0,0,1,0,0,0,1,0,0
2023-08-20 03:00:00,0,4,6,60,0,21.5,14.0,0.0,0,0,0,1,0,0,0,1,0,0
2023-08-20 04:00:00,0,5,4,33,0,21.5,14.0,0.0,0,0,0,1,0,0,0,1,0,0
2023-08-21 17:00:00,60,18,159,1773,0,21.4,14.3,0.6,0,1,0,0,0,0,0,1,0,0
2023-08-21 19:00:00,56,20,88,1658,0,21.4,14.3,0.6,0,1,0,0,0,0,0,1,0,0
2023-08-21 18:00:00,51,19,135,2208,0,21.4,14.3,0.6,0,1,0,0,0,0,0,1,0,0
2023-08-21 16:00:00,47,17,215,2329,0,21.4,14.3,0.6,0,1,0,0,0,0,0,1,0,0
2023-08-21 11:00:00,46,12,172,2597,0,21.4,14.3,0.6,0,1,0,0,0,0,0,1,0,0
2023-08-21 10:00:00,41,11,133,2520,0,21.4,14.3,0.6,0,1,0,0,0,0,0,1,0,0
2023-08-21 09:00:00,39,10,89,2784,0,21.4,14.3,0.6,0,1,0,0,0,0,0,1,0,0
2023-08-21 21:00:00,27,22,181,703,0,21.4,14.3,0.6,0,1,0,0,0,0,0,1,0,0
2023-08-21 15:00:00,26,16,648,1932,0,21.4,14.3,0.6,0,1,0,0,0,0,0,1,0,0
2023-08-21 08:00:00,23,9,53,3720,0,21.4,14.3,0.6,0,1,0,0,0,0,0,1,0,0
2023-08-21 12:00:00,20,13,154,2301,0,21.4,14.3,0.6,0,1,0,0,0,0,0,1,0,0
2023-08-21 22:00:00,19,23,184,454,0,21.4,14.3,0.6,0,1,0,0,0,0,0,1,0,0
2023-08-21 07:00:00,18,8,39,2565,0,21.4,14.3,0.6,0,1,0,0,0,0,0,1,0,0
2023-08-21 20:00:00,17,21,98,1087,0,21.4,14.3,0.6,0,1,0,0,0,0,0,1,0,0
2023-08-21 14:00:00,11,15,649,1690,0,21.4,14.3,0.6,0,1,0,0,0,0,0,1,0,0
2023-08-21 06:00:00,8,7,36,263,0,21.4,14.3,0.6,0,1,0,0,0,0,0,1,0,0
2023-08-21 13:00:00,7,14,340,2007,0,21.4,14.3,0.6,0,1,0,0,0,0,0,1,0,0
2023-08-21 23:00:00,7,0,81,235,0,21.4,14.3,0.6,0,1,0,0,0,0,0,1,0,0
2023-08-21 05:00:00,2,6,44,129,0,21.4,14.3,0.6,0,1,0,0,0,0,0,1,0,0
2023-08-21 00:00:00,1,1,34,176,0,21.4,14.3,0.6,0,1,0,0,0,0,0,1,0,0
2023-08-21 04:00:00,1,5,6,55,0,21.4,14.3,0.6,0,1,0,0,0,0,0,1,0,0
2023-08-21 02:00:00,1,3,2,48,0,21.4,14.3,0.6,0,1,0,0,0,0,0,1,0,0
2023-08-21 01:00:00,0,2,4,106,0,21.4,14.3,0.6,0,1,0,0,0,0,0,1,0,0
2023-08-21 03:00:00,0,4,13,51,0,21.4,14.3,0.6,0,1,0,0,0,0,0,1,0,0
2023-08-22 13:00:00,111,14,919,1963,0,18.0,15.6,0.7,0,0,0,0,0,1,0,1,0,0
2023-08-22 12:00:00,87,13,1036,1980,0,18.0,15.6,0.7,0,0,0,0,0,1,0,1,0,0
2023-08-22 11:00:00,83,12,865,1781,0,18.0,15.6,0.7,0,0,0,0,0,1,0,1,0,0
2023-08-22 10:00:00,72,11,793,1867,0,18.0,15.6,0.7,0,0,0,0,0,1,0,1,0,0
2023-08-22 16:00:00,70,17,912,2432,0,18.0,15.6,0.7,0,0,0,0,0,1,0,1,0,0
2023-08-22 08:00:00,68,9,963,1976,0,18.0,15.6,0.7,0,0,0,0,0,1,0,1,0,0
2023-08-22 14:00:00,65,15,1001,1927,0,18.0,15.6,0.7,0,0,0,0,0,1,0,1,0,0
2023-08-22 17:00:00,59,18,138,1343,0,18.0,15.6,0.7,0,0,0,0,0,1,0,1,0,0
2023-08-22 15:00:00,52,16,1113,2131,0,18.0,15.6,0.7,0,0,0,0,0,1,0,1,0,0
2023-08-22 05:00:00,1,6,41,190,0,18.0,15.6,0.7,0,0,0,0,0,1,0,1,0,0
2023-08-18 15:00:00,36,16,516,1605,0,20.9,13.2,9.7,1,0,0,0,0,0,0,1,0,0
2023-08-28 22:00:00,4,23,78,486,0,18.2,8.5,0.0,0,1,0,0,0,0,0,1,0,0
2023-08-22 04:00:00,1,5,4,99,0,18.0,15.6,0.7,0,0,0,0,0,1,0,1,0,0
2023-08-28 05:00:00,3,6,22,217,0,18.2,8.5,0.0,0,1,0,0,0,0,0,1,0,0
2023-08-22 00:00:00,0,1,40,166,0,18.0,15.6,0.7,0,0,0,0,0,1,0,1,0,0
2023-08-28 00:00:00,3,1,45,153,0,18.2,8.5,0.0,0,1,0,0,0,0,0,1,0,0
2023-08-22 03:00:00,0,4,0,49,0,18.0,15.6,0.7,0,0,0,0,0,1,0,1,0,0
2023-08-28 21:00:00,2,22,99,524,0,18.2,8.5,0.0,0,1,0,0,0,0,0,1,0,0
2023-08-23 17:00:00,116,18,376,1764,0,19.5,9.3,3.6,0,0,0,0,0,0,1,1,0,0
2023-08-28 04:00:00,1,5,4,79,0,18.2,8.5,0.0,0,1,0,0,0,0,0,1,0,0
2023-08-18 10:00:00,32,11,403,1589,0,20.9,13.2,9.7,1,0,0,0,0,0,0,1,0,0
2023-08-23 14:00:00,86,15,520,1235,0,19.5,9.3,3.6,0,0,0,0,0,0,1,1,0,0
2023-08-28 01:00:00,1,2,16,66,0,18.2,8.5,0.0,0,1,0,0,0,0,0,1,0,0
2023-08-18 14:00:00,32,15,631,1555,0,20.9,13.2,9.7,1,0,0,0,0,0,0,1,0,0
2023-08-23 16:00:00,82,17,457,1798,0,19.5,9.3,3.6,0,0,0,0,0,0,1,1,0,0
2023-08-28 23:00:00,0,0,19,176,0,18.2,8.5,0.0,0,1,0,0,0,0,0,1,0,0
2023-08-18 19:00:00,30,20,233,1590,0,20.9,13.2,9.7,1,0,0,0,0,0,0,1,0,0
2023-08-23 13:00:00,75,14,520,1177,0,19.5,9.3,3.6,0,0,0,0,0,0,1,1,0,0
2023-08-28 02:00:00,0,3,8,50,0,18.2,8.5,0.0,0,1,0,0,0,0,0,1,0,0
2023-08-18 12:00:00,28,13,572,1621,0,20.9,13.2,9.7,1,0,0,0,0,0,0,1,0,0
2023-08-23 09:00:00,68,10,314,1226,0,19.5,9.3,3.6,0,0,0,0,0,0,1,1,0,0
2023-08-28 03:00:00,0,4,1,35,0,18.2,8.5,0.0,0,1,0,0,0,0,0,1,0,0
2023-08-18 07:00:00,27,8,135,1608,0,20.9,13.2,9.7,1,0,0,0,0,0,0,1,0,0
2023-08-23 11:00:00,67,12,366,1190,0,19.5,9.3,3.6,0,0,0,0,0,0,1,1,0,0
2023-08-29 13:00:00,107,14,1318,1971,0,19.0,10.5,0.0,0,0,0,0,0,1,0,1,0,0
2023-08-18 11:00:00,22,12,310,1003,0,20.9,13.2,9.7,1,0,0,0,0,0,0,1,0,0
2023-08-23 08:00:00,63,9,297,1759,0,19.5,9.3,3.6,0,0,0,0,0,0,1,1,0,0
2023-08-29 16:00:00,91,17,1337,2786,0,19.0,10.5,0.0,0,0,0,0,0,1,0,1,0,0
2023-08-18 13:00:00,19,14,492,1527,0,20.9,13.2,9.7,1,0,0,0,0,0,0,1,0,0
2023-08-23 10:00:00,54,11,361,1103,0,19.5,9.3,3.6,0,0,0,0,0,0,1,1,0,0
2023-08-29 12:00:00,81,13,1471,1977,0,19.0,10.5,0.0,0,0,0,0,0,1,0,1,0,0
2023-08-18 21:00:00,10,22,210,736,0,20.9,13.2,9.7,1,0,0,0,0,0,0,1,0,0
2023-08-23 18:00:00,44,19,268,1111,0,19.5,9.3,3.6,0,0,0,0,0,0,1,1,0,0
2023-08-29 17:00:00,79,18,884,2583,0,19.0,10.5,0.0,0,0,0,0,0,1,0,1,0,0
2023-08-18 06:00:00,9,7,60,603,0,20.9,13.2,9.7,1,0,0,0,0,0,0,1,0,0
2023-08-23 07:00:00,43,8,99,951,0,19.5,9.3,3.6,0,0,0,0,0,0,1,1,0,0
2023-08-29 14:00:00,75,15,1151,1865,0,19.0,10.5,0.0,0,0,0,0,0,1,0,1,0,0
2023-08-18 22:00:00,8,23,192,643,0,20.9,13.2,9.7,1,0,0,0,0,0,0,1,0,0
2023-08-23 12:00:00,40,13,465,1164,0,19.5,9.3,3.6,0,0,0,0,0,0,1,1,0,0
2023-08-29 09:00:00,70,10,271,1236,0,19.0,10.5,0.0,0,0,0,0,0,1,0,1,0,0
2023-08-29 10:00:00,70,11,406,1109,0,19.0,10.5,0.0,0,0,0,0,0,1,0,1,0,0
2023-08-29 18:00:00,68,19,361,1651,0,19.0,10.5,0.0,0,0,0,0,0,1,0,1,0,0
2023-08-29 11:00:00,63,12,369,1143,0,19.0,10.5,0.0,0,0,0,0,0,1,0,1,0,0
2023-08-29 08:00:00,59,9,206,1609,0,19.0,10.5,0.0,0,0,0,0,0,1,0,1,0,0
2023-08-29 19:00:00,48,20,304,1098,0,19.0,10.5,0.0,0,0,0,0,0,1,0,1,0,0
2023-08-29 15:00:00,45,16,1119,2045,0,19.0,10.5,0.0,0,0,0,0,0,1,0,1,0,0
2023-08-29 07:00:00,33,8,64,901,0,19.0,10.5,0.0,0,0,0,0,0,1,0,1,0,0
2023-08-29 21:00:00,20,22,214,679,0,19.0,10.5,0.0,0,0,0,0,0,1,0,1,0,0
2023-08-29 20:00:00,12,21,319,907,0,19.0,10.5,0.0,0,0,0,0,0,1,0,1,0,0
2023-08-29 22:00:00,8,23,74,539,0,19.0,10.5,0.0,0,0,0,0,0,1,0,1,0,0
2023-08-29 06:00:00,6,7,9,373,0,19.0,10.5,0.0,0,0,0,0,0,1,0,1,0,0
2023-08-29 05:00:00,0,6,8,148,0,19.0,10.5,0.0,0,0,0,0,0,1,0,1,0,0
2023-08-29 00:00:00,0,1,21,71,0,19.0,10.5,0.0,0,0,0,0,0,1,0,1,0,0
2023-08-29 23:00:00,0,0,5,44,0,19.0,10.5,0.0,0,0,0,0,0,1,0,1,0,0
2023-08-29 04:00:00,0,5,2,44,0,19.0,10.5,0.0,0,0,0,0,0,1,0,1,0,0
2023-08-29 01:00:00,0,2,7,35,0,19.0,10.5,0.0,0,0,0,0,0,1,0,1,0,0
2023-08-29 02:00:00,0,3,7,26,0,19.0,10.5,0.0,0,0,0,0,0,1,0,1,0,0
2023-08-29 03:00:00,0,4,0,22,0,19.0,10.5,0.0,0,0,0,0,0,1,0,1,0,0
2023-08-30 17:00:00,93,18,945,2924,0,17.9,7.7,0.0,0,0,0,0,0,0,1,1,0,0
2023-08-30 09:00:00,91,10,307,2125,0,17.9,7.7,0.0,0,0,0,0,0,0,1,1,0,0
2023-08-30 16:00:00,84,17,1120,2582,0,17.9,7.7,0.0,0,0,0,0,0,0,1,1,0,0
2023-08-30 13:00:00,78,14,1705,2023,0,17.9,7.7,0.0,0,0,0,0,0,0,1,1,0,0
2023-08-30 08:00:00,68,9,243,2729,0,17.9,7.7,0.0,0,0,0,0,0,0,1,1,0,0
2023-08-30 10:00:00,54,11,391,2022,0,17.9,7.7,0.0,0,0,0,0,0,0,1,1,0,0
2023-08-30 12:00:00,51,13,748,2201,0,17.9,7.7,0.0,0,0,0,0,0,0,1,1,0,0
2023-08-30 18:00:00,48,19,569,2014,0,17.9,7.7,0.0,0,0,0,0,0,0,1,1,0,0
2023-08-30 14:00:00,46,15,1525,2004,0,17.9,7.7,0.0,0,0,0,0,0,0,1,1,0,0
2023-08-30 07:00:00,38,8,107,1817,0,17.9,7.7,0.0,0,0,0,0,0,0,1,1,0,0
2023-08-30 15:00:00,36,16,1328,1892,0,17.9,7.7,0.0,0,0,0,0,0,0,1,1,0,0
2023-08-30 19:00:00,35,20,428,1272,0,17.9,7.7,0.0,0,0,0,0,0,0,1,1,0,0
2023-08-30 11:00:00,32,12,320,2055,0,17.9,7.7,0.0,0,0,0,0,0,0,1,1,0,0
2023-08-30 22:00:00,21,23,238,498,0,17.9,7.7,0.0,0,0,0,0,0,0,1,1,0,0
2023-08-30 20:00:00,20,21,461,1035,0,17.9,7.7,0.0,0,0,0,0,0,0,1,1,0,0
2023-08-30 21:00:00,16,22,286,822,0,17.9,7.7,0.0,0,0,0,0,0,0,1,1,0,0
2023-08-30 06:00:00,6,7,45,642,0,17.9,7.7,0.0,0,0,0,0,0,0,1,1,0,0
2023-08-23 19:00:00,33,20,222,792,0,19.5,9.3,3.6,0,0,0,0,0,0,1,1,0,0
2023-08-23 15:00:00,31,16,486,1304,0,19.5,9.3,3.6,0,0,0,0,0,0,1,1,0,0
2023-08-23 21:00:00,16,22,166,527,0,19.5,9.3,3.6,0,0,0,0,0,0,1,1,0,0
2023-08-23 20:00:00,9,21,260,728,0,19.5,9.3,3.6,0,0,0,0,0,0,1,1,0,0
2023-08-23 06:00:00,8,7,49,330,0,19.5,9.3,3.6,0,0,0,0,0,0,1,1,0,0
2023-08-23 22:00:00,6,23,111,316,0,19.5,9.3,3.6,0,0,0,0,0,0,1,1,0,0
2023-08-23 23:00:00,6,0,58,205,0,19.5,9.3,3.6,0,0,0,0,0,0,1,1,0,0
2023-08-23 00:00:00,4,1,32,117,0,19.5,9.3,3.6,0,0,0,0,0,0,1,1,0,0
2023-08-23 05:00:00,1,6,33,116,0,19.5,9.3,3.6,0,0,0,0,0,0,1,1,0,0
2023-08-23 04:00:00,1,5,9,64,0,19.5,9.3,3.6,0,0,0,0,0,0,1,1,0,0
2023-08-23 01:00:00,1,2,19,51,0,19.5,9.3,3.6,0,0,0,0,0,0,1,1,0,0
2023-08-23 02:00:00,0,3,13,28,0,19.5,9.3,3.6,0,0,0,0,0,0,1,1,0,0
2023-08-23 03:00:00,0,4,5,25,0,19.5,9.3,3.6,0,0,0,0,0,0,1,1,0,0
2023-08-24 08:00:00,126,9,216,1846,0,17.9,12.1,0.0,0,0,0,0,1,0,0,1,0,0
2023-08-24 09:00:00,94,10,298,1954,0,17.9,12.1,0.0,0,0,0,0,1,0,0,1,0,0
2023-08-24 17:00:00,83,18,286,2800,0,17.9,12.1,0.0,0,0,0,0,1,0,0,1,0,0
2023-08-24 16:00:00,71,17,278,3231,0,17.9,12.1,0.0,0,0,0,0,1,0,0,1,0,0
2023-08-24 10:00:00,68,11,312,1931,0,17.9,12.1,0.0,0,0,0,0,1,0,0,1,0,0
2023-08-24 12:00:00,65,13,401,2278,0,17.9,12.1,0.0,0,0,0,0,1,0,0,1,0,0
2023-08-24 15:00:00,60,16,371,2488,0,17.9,12.1,0.0,0,0,0,0,1,0,0,1,0,0
2023-08-24 11:00:00,59,12,340,1957,0,17.9,12.1,0.0,0,0,0,0,1,0,0,1,0,0
2023-08-24 07:00:00,58,8,118,1894,0,17.9,12.1,0.0,0,0,0,0,1,0,0,1,0,0
2023-08-24 14:00:00,53,15,299,2288,0,17.9,12.1,0.0,0,0,0,0,1,0,0,1,0,0
2023-08-24 18:00:00,48,19,287,2379,0,17.9,12.1,0.0,0,0,0,0,1,0,0,1,0,0
2023-08-30 05:00:00,3,6,18,225,0,17.9,7.7,0.0,0,0,0,0,0,0,1,1,0,0
2023-08-18 23:00:00,8,0,120,458,0,20.9,13.2,9.7,1,0,0,0,0,0,0,1,0,0
2023-08-30 23:00:00,2,0,45,301,0,17.9,7.7,0.0,0,0,0,0,0,0,1,1,0,0
2023-08-18 20:00:00,6,21,144,1102,0,20.9,13.2,9.7,1,0,0,0,0,0,0,1,0,0
2023-08-30 04:00:00,1,5,5,84,0,17.9,7.7,0.0,0,0,0,0,0,0,1,1,0,0
2023-08-18 00:00:00,2,1,41,164,0,20.9,13.2,9.7,1,0,0,0,0,0,0,1,0,0
2023-08-30 01:00:00,0,2,7,124,0,17.9,7.7,0.0,0,0,0,0,0,0,1,1,0,0
2023-08-18 04:00:00,1,5,3,93,0,20.9,13.2,9.7,1,0,0,0,0,0,0,1,0,0
2023-08-30 03:00:00,0,4,6,59,0,17.9,7.7,0.0,0,0,0,0,0,0,1,1,0,0
2023-08-18 02:00:00,1,3,0,75,0,20.9,13.2,9.7,1,0,0,0,0,0,0,1,0,0
2023-08-30 02:00:00,0,3,2,56,0,17.9,7.7,0.0,0,0,0,0,0,0,1,1,0,0
2023-08-18 05:00:00,0,6,13,249,0,20.9,13.2,9.7,1,0,0,0,0,0,0,1,0,0
2023-08-31 09:00:00,94,10,332,2429,0,17.8,7.5,0.0,0,0,0,0,1,0,0,1,0,0
2023-08-18 01:00:00,0,2,7,65,0,20.9,13.2,9.7,1,0,0,0,0,0,0,1,0,0
2023-08-31 16:00:00,73,17,1863,1966,0,17.8,7.5,0.0,0,0,0,0,1,0,0,1,0,0
2023-08-18 03:00:00,0,4,0,53,0,20.9,13.2,9.7,1,0,0,0,0,0,0,1,0,0
2023-08-31 13:00:00,71,14,1354,2073,0,17.8,7.5,0.0,0,0,0,0,1,0,0,1,0,0
2023-08-19 11:00:00,55,12,555,2091,0,21.8,13.4,0.0,0,0,1,0,0,0,0,1,0,0
2023-08-31 12:00:00,71,13,736,1821,0,17.8,7.5,0.0,0,0,0,0,1,0,0,1,0,0
2023-08-19 12:00:00,54,13,716,2175,0,21.8,13.4,0.0,0,0,1,0,0,0,0,1,0,0
2023-08-31 08:00:00,65,9,283,2668,0,17.8,7.5,0.0,0,0,0,0,1,0,0,1,0,0
2023-08-19 08:00:00,52,9,62,671,0,21.8,13.4,0.0,0,0,1,0,0,0,0,1,0,0
2023-08-31 14:00:00,60,15,1203,2063,0,17.8,7.5,0.0,0,0,0,0,1,0,0,1,0,0
2023-08-19 17:00:00,43,18,144,1379,0,21.8,13.4,0.0,0,0,1,0,0,0,0,1,0,0
2023-08-31 18:00:00,59,19,1758,1046,0,17.8,7.5,0.0,0,0,0,0,1,0,0,1,0,0
2023-08-19 10:00:00,37,11,394,1728,0,21.8,13.4,0.0,0,0,1,0,0,0,0,1,0,0
2023-08-31 19:00:00,59,20,1516,781,0,17.8,7.5,0.0,0,0,0,0,1,0,0,1,0,0
2023-08-19 09:00:00,36,10,125,1004,0,21.8,13.4,0.0,0,0,1,0,0,0,0,1,0,0
2023-08-31 11:00:00,54,12,323,1507,0,17.8,7.5,0.0,0,0,0,0,1,0,0,1,0,0
2023-08-19 13:00:00,31,14,538,1643,0,21.8,13.4,0.0,0,0,1,0,0,0,0,1,0,0
2023-08-31 07:00:00,49,8,96,1908,0,17.8,7.5,0.0,0,0,0,0,1,0,0,1,0,0
2023-08-19 18:00:00,26,19,187,1948,0,21.8,13.4,0.0,0,0,1,0,0,0,0,1,0,0
2023-08-31 17:00:00,47,18,2205,1333,0,17.8,7.5,0.0,0,0,0,0,1,0,0,1,0,0
2023-08-19 19:00:00,23,20,118,1272,0,21.8,13.4,0.0,0,0,1,0,0,0,0,1,0,0
2023-08-31 15:00:00,41,16,1225,1929,0,17.8,7.5,0.0,0,0,0,0,1,0,0,1,0,0
2023-08-19 07:00:00,19,8,73,454,0,21.8,13.4,0.0,0,0,1,0,0,0,0,1,0,0
2023-08-31 10:00:00,39,11,297,1791,0,17.8,7.5,0.0,0,0,0,0,1,0,0,1,0,0
2023-08-19 21:00:00,15,22,162,751,0,21.8,13.4,0.0,0,0,1,0,0,0,0,1,0,0
2023-08-31 22:00:00,23,23,589,439,0,17.8,7.5,0.0,0,0,0,0,1,0,0,1,0,0
2023-08-19 22:00:00,12,23,210,588,0,21.8,13.4,0.0,0,0,1,0,0,0,0,1,0,0
2023-08-31 20:00:00,22,21,950,585,0,17.8,7.5,0.0,0,0,0,0,1,0,0,1,0,0
2023-08-19 20:00:00,10,21,77,607,0,21.8,13.4,0.0,0,0,1,0,0,0,0,1,0,0
2023-08-31 21:00:00,16,22,737,484,0,17.8,7.5,0.0,0,0,0,0,1,0,0,1,0,0
2023-08-19 15:00:00,7,16,135,2465,0,21.8,13.4,0.0,0,0,1,0,0,0,0,1,0,0
2023-08-31 23:00:00,7,0,276,287,0,17.8,7.5,0.0,0,0,0,0,1,0,0,1,0,0
2023-08-19 16:00:00,7,17,113,1906,0,21.8,13.4,0.0,0,0,1,0,0,0,0,1,0,0
2023-08-31 06:00:00,6,7,33,646,0,17.8,7.5,0.0,0,0,0,0,1,0,0,1,0,0
2023-08-19 23:00:00,7,0,87,446,0,21.8,13.4,0.0,0,0,1,0,0,0,0,1,0,0
2023-08-31 00:00:00,2,1,31,162,0,17.8,7.5,0.0,0,0,0,0,1,0,0,1,0,0
2023-08-19 06:00:00,7,7,36,285,0,21.8,13.4,0.0,0,0,1,0,0,0,0,1,0,0
2023-08-31 04:00:00,2,5,7,114,0,17.8,7.5,0.0,0,0,0,0,1,0,0,1,0,0
2023-08-19 01:00:00,5,2,37,194,0,21.8,13.4,0.0,0,0,1,0,0,0,0,1,0,0
2023-08-31 05:00:00,1,6,25,227,0,17.8,7.5,0.0,0,0,0,0,1,0,0,1,0,0
2023-08-31 01:00:00,1,2,4,102,0,17.8,7.5,0.0,0,0,0,0,1,0,0,1,0,0
2023-08-31 02:00:00,0,3,2,59,0,17.8,7.5,0.0,0,0,0,0,1,0,0,1,0,0
2023-08-31 03:00:00,0,4,0,50,0,17.8,7.5,0.0,0,0,0,0,1,0,0,1,0,0
2023-08-19 14:00:00,3,15,6,1055,0,21.8,13.4,0.0,0,0,1,0,0,0,0,1,0,0
2023-08-19 00:00:00,2,1,66,254,0,21.8,13.4,0.0,0,0,1,0,0,0,0,1,0,0
2023-08-19 05:00:00,1,6,13,94,0,21.8,13.4,0.0,0,0,1,0,0,0,0,1,0,0
2023-08-19 02:00:00,0,3,4,86,0,21.8,13.4,0.0,0,0,1,0,0,0,0,1,0,0
2023-08-19 04:00:00,0,5,7,72,0,21.8,13.4,0.0,0,0,1,0,0,0,0,1,0,0
2023-08-19 03:00:00,0,4,10,66,0,21.8,13.4,0.0,0,0,1,0,0,0,0,1,0,0
2023-08-20 14:00:00,99,15,266,2327,0,21.5,14.0,0.0,0,0,0,1,0,0,0,1,0,0
2023-08-20 10:00:00,91,11,608,1526,0,21.5,14.0,0.0,0,0,0,1,0,0,0,1,0,0
2023-08-20 13:00:00,78,14,442,2991,0,21.5,14.0,0.0,0,0,0,1,0,0,0,1,0,0
2023-08-20 15:00:00,77,16,363,2287,0,21.5,14.0,0.0,0,0,0,1,0,0,0,1,0,0
2023-08-20 12:00:00,76,13,490,2876,0,21.5,14.0,0.0,0,0,0,1,0,0,0,1,0,0
2023-08-20 16:00:00,65,17,246,2009,0,21.5,14.0,0.0,0,0,0,1,0,0,0,1,0,0
2023-08-20 09:00:00,61,10,262,803,0,21.5,14.0,0.0,0,0,0,1,0,0,0,1,0,0
2023-10-01 11:00:00,139,12,221,1740,0,13.6,8.9,0.5,0,0,0,1,0,0,0,1,0,0
2023-10-02 17:00:00,65,18,258,2800,0,16.2,8.0,0.0,0,1,0,0,0,0,0,1,0,0
2023-10-01 10:00:00,106,11,183,1577,0,13.6,8.9,0.5,0,0,0,1,0,0,0,1,0,0
2023-10-01 12:00:00,66,13,377,2123,0,13.6,8.9,0.5,0,0,0,1,0,0,0,1,0,0
2023-10-02 11:00:00,65,12,274,2029,0,16.2,8.0,0.0,0,1,0,0,0,0,0,1,0,0
2023-10-01 15:00:00,60,16,399,2173,0,13.6,8.9,0.5,0,0,0,1,0,0,0,1,0,0
2023-10-02 16:00:00,63,17,299,2700,0,16.2,8.0,0.0,0,1,0,0,0,0,0,1,0,0
2023-10-01 16:00:00,55,17,378,2114,0,13.6,8.9,0.5,0,0,0,1,0,0,0,1,0,0
2023-10-01 17:00:00,50,18,335,1978,0,13.6,8.9,0.5,0,0,0,1,0,0,0,1,0,0
2023-10-02 15:00:00,62,16,291,2116,0,16.2,8.0,0.0,0,1,0,0,0,0,0,1,0,0
2023-10-01 09:00:00,43,10,86,1144,0,13.6,8.9,0.5,0,0,0,1,0,0,0,1,0,0
2023-10-01 14:00:00,42,15,457,2058,0,13.6,8.9,0.5,0,0,0,1,0,0,0,1,0,0
2023-10-02 12:00:00,49,13,339,2098,0,16.2,8.0,0.0,0,1,0,0,0,0,0,1,0,0
2023-10-01 00:00:00,4,1,28,274,0,13.6,8.9,0.5,0,0,0,1,0,0,0,1,0,0
2023-10-02 09:00:00,46,10,184,1632,0,16.2,8.0,0.0,0,1,0,0,0,0,0,1,0,0
2023-10-01 13:00:00,30,14,387,2446,0,13.6,8.9,0.5,0,0,0,1,0,0,0,1,0,0
2023-10-01 18:00:00,30,19,265,1418,0,13.6,8.9,0.5,0,0,0,1,0,0,0,1,0,0
2023-10-02 14:00:00,45,15,283,1981,0,16.2,8.0,0.0,0,1,0,0,0,0,0,1,0,0
2023-10-02 10:00:00,42,11,230,1727,0,16.2,8.0,0.0,0,1,0,0,0,0,0,1,0,0
2023-10-01 08:00:00,16,9,72,680,0,13.6,8.9,0.5,0,0,0,1,0,0,0,1,0,0
2023-10-01 19:00:00,15,20,228,1202,0,13.6,8.9,0.5,0,0,0,1,0,0,0,1,0,0
2023-10-01 20:00:00,14,21,232,861,0,13.6,8.9,0.5,0,0,0,1,0,0,0,1,0,0
2023-10-01 06:00:00,3,7,28,216,0,13.6,8.9,0.5,0,0,0,1,0,0,0,1,0,0
2023-10-02 18:00:00,34,19,308,1964,0,16.2,8.0,0.0,0,1,0,0,0,0,0,1,0,0
2023-10-02 13:00:00,33,14,272,1962,0,16.2,8.0,0.0,0,1,0,0,0,0,0,1,0,0
2023-10-02 19:00:00,23,20,301,1274,0,16.2,8.0,0.0,0,1,0,0,0,0,0,1,0,0
2023-10-02 07:00:00,22,8,65,1682,0,16.2,8.0,0.0,0,1,0,0,0,0,0,1,0,0
2023-10-01 05:00:00,2,6,8,112,0,13.6,8.9,0.5,0,0,0,1,0,0,0,1,0,0
2023-10-02 06:00:00,3,7,52,605,0,16.2,8.0,0.0,0,1,0,0,0,0,0,1,0,0
2023-10-02 05:00:00,3,6,14,226,0,16.2,8.0,0.0,0,1,0,0,0,0,0,1,0,0
2023-10-02 23:00:00,2,0,37,238,0,16.2,8.0,0.0,0,1,0,0,0,0,0,1,0,0
2023-10-02 04:00:00,2,5,2,81,0,16.2,8.0,0.0,0,1,0,0,0,0,0,1,0,0
2023-10-02 00:00:00,1,1,16,130,0,16.2,8.0,0.0,0,1,0,0,0,0,0,1,0,0
2023-10-01 22:00:00,11,23,105,398,0,13.6,8.9,0.5,0,0,0,1,0,0,0,1,0,0
2023-10-02 01:00:00,0,2,2,98,0,16.2,8.0,0.0,0,1,0,0,0,0,0,1,0,0
2023-10-01 21:00:00,9,22,155,589,0,13.6,8.9,0.5,0,0,0,1,0,0,0,1,0,0
2023-10-02 02:00:00,0,3,10,65,0,16.2,8.0,0.0,0,1,0,0,0,0,0,1,0,0
2023-10-02 03:00:00,0,4,1,58,0,16.2,8.0,0.0,0,1,0,0,0,0,0,1,0,0
2023-10-02 20:00:00,10,21,135,896,0,16.2,8.0,0.0,0,1,0,0,0,0,0,1,0,0
2023-10-01 23:00:00,7,0,45,242,0,13.6,8.9,0.5,0,0,0,1,0,0,0,1,0,0
2023-10-01 07:00:00,5,8,42,413,0,13.6,8.9,0.5,0,0,0,1,0,0,0,1,0,0
2023-10-02 22:00:00,8,23,100,399,0,16.2,8.0,0.0,0,1,0,0,0,0,0,1,0,0
2023-10-02 21:00:00,6,22,184,637,0,16.2,8.0,0.0,0,1,0,0,0,0,0,1,0,0
2023-10-01 01:00:00,1,2,20,142,0,13.6,8.9,0.5,0,0,0,1,0,0,0,1,0,0
2023-10-01 02:00:00,0,3,21,100,0,13.6,8.9,0.5,0,0,0,1,0,0,0,1,0,0
2023-10-01 03:00:00,0,4,6,73,0,13.6,8.9,0.5,0,0,0,1,0,0,0,1,0,0
2023-10-01 04:00:00,0,5,5,72,0,13.6,8.9,0.5,0,0,0,1,0,0,0,1,0,0
2023-10-02 08:00:00,73,9,220,2730,0,16.2,8.0,0.0,0,1,0,0,0,0,0,1,0,0
2023-09-01 09:00:00,79,10,353,1802,0,22.4,9.9,0.0,1,0,0,0,0,0,0,1,0,0
2023-09-01 17:00:00,64,18,397,2037,0,22.4,9.9,0.0,1,0,0,0,0,0,0,1,0,0
2023-09-01 08:00:00,57,9,602,1910,0,22.4,9.9,0.0,1,0,0,0,0,0,0,1,0,0
2023-09-01 12:00:00,50,13,1091,2059,0,22.4,9.9,0.0,1,0,0,0,0,0,0,1,0,0
2023-09-01 14:00:00,45,15,1181,2150,0,22.4,9.9,0.0,1,0,0,0,0,0,0,1,0,0
2023-09-01 16:00:00,40,17,899,2415,0,22.4,9.9,0.0,1,0,0,0,0,0,0,1,0,0
2023-09-01 10:00:00,38,11,519,1707,0,22.4,9.9,0.0,1,0,0,0,0,0,0,1,0,0
2023-09-01 11:00:00,35,12,831,1867,0,22.4,9.9,0.0,1,0,0,0,0,0,0,1,0,0
2023-09-01 13:00:00,34,14,1233,2156,0,22.4,9.9,0.0,1,0,0,0,0,0,0,1,0,0
2023-09-01 18:00:00,32,19,311,1307,0,22.4,9.9,0.0,1,0,0,0,0,0,0,1,0,0
2023-09-01 07:00:00,20,8,355,1063,0,22.4,9.9,0.0,1,0,0,0,0,0,0,1,0,0
2023-09-01 19:00:00,18,20,226,1052,0,22.4,9.9,0.0,1,0,0,0,0,0,0,1,0,0
2023-09-01 15:00:00,16,16,1197,2192,0,22.4,9.9,0.0,1,0,0,0,0,0,0,1,0,0
2023-09-02 23:00:00,4,0,97,431,0,22.9,5.5,0.0,0,0,1,0,0,0,0,1,0,0
2023-09-02 05:00:00,2,6,39,136,0,22.9,5.5,0.0,0,0,1,0,0,0,0,1,0,0
2023-09-02 04:00:00,2,5,26,94,0,22.9,5.5,0.0,0,0,1,0,0,0,0,1,0,0
2023-09-01 00:00:00,6,1,50,237,0,22.4,9.9,0.0,1,0,0,0,0,0,0,1,0,0
2023-09-01 01:00:00,6,2,17,151,0,22.4,9.9,0.0,1,0,0,0,0,0,0,1,0,0
2023-09-01 04:00:00,3,5,2,87,0,22.4,9.9,0.0,1,0,0,0,0,0,0,1,0,0
2023-09-01 03:00:00,0,4,14,42,0,22.4,9.9,0.0,1,0,0,0,0,0,0,1,0,0
2023-09-02 12:00:00,193,13,1196,2495,0,22.9,5.5,0.0,0,0,1,0,0,0,0,1,0,0
2023-09-02 11:00:00,133,12,990,2414,0,22.9,5.5,0.0,0,0,1,0,0,0,0,1,0,0
2023-09-02 13:00:00,129,14,1399,2480,0,22.9,5.5,0.0,0,0,1,0,0,0,0,1,0,0
2023-09-02 14:00:00,96,15,1142,2110,0,22.9,5.5,0.0,0,0,1,0,0,0,0,1,0,0
2023-09-02 10:00:00,96,11,898,1860,0,22.9,5.5,0.0,0,0,1,0,0,0,0,1,0,0
2023-09-02 15:00:00,59,16,1285,1938,0,22.9,5.5,0.0,0,0,1,0,0,0,0,1,0,0
2023-09-01 22:00:00,15,23,219,477,0,22.4,9.9,0.0,1,0,0,0,0,0,0,1,0,0
2023-09-01 20:00:00,14,21,286,882,0,22.4,9.9,0.0,1,0,0,0,0,0,0,1,0,0
2023-09-01 21:00:00,12,22,221,580,0,22.4,9.9,0.0,1,0,0,0,0,0,0,1,0,0
2023-09-01 23:00:00,10,0,228,466,0,22.4,9.9,0.0,1,0,0,0,0,0,0,1,0,0
2023-09-01 06:00:00,8,7,136,373,0,22.4,9.9,0.0,1,0,0,0,0,0,0,1,0,0
2023-09-01 02:00:00,8,3,19,110,0,22.4,9.9,0.0,1,0,0,0,0,0,0,1,0,0
2023-09-01 05:00:00,7,6,52,221,0,22.4,9.9,0.0,1,0,0,0,0,0,0,1,0,0
2023-09-02 17:00:00,49,18,1321,1878,0,22.9,5.5,0.0,0,0,1,0,0,0,0,1,0,0
2023-09-02 16:00:00,39,17,1461,1832,0,22.9,5.5,0.0,0,0,1,0,0,0,0,1,0,0
2023-09-02 09:00:00,32,10,539,1367,0,22.9,5.5,0.0,0,0,1,0,0,0,0,1,0,0
2023-09-02 19:00:00,26,20,203,1368,0,22.9,5.5,0.0,0,0,1,0,0,0,0,1,0,0
2023-09-02 08:00:00,25,9,489,871,0,22.9,5.5,0.0,0,0,1,0,0,0,0,1,0,0
2023-09-02 18:00:00,24,19,67,1827,0,22.9,5.5,0.0,0,0,1,0,0,0,0,1,0,0
2023-09-02 20:00:00,13,21,292,1045,0,22.9,5.5,0.0,0,0,1,0,0,0,0,1,0,0
2023-09-02 07:00:00,9,8,210,471,0,22.9,5.5,0.0,0,0,1,0,0,0,0,1,0,0
2023-09-02 01:00:00,9,2,43,214,0,22.9,5.5,0.0,0,0,1,0,0,0,0,1,0,0
2023-09-02 22:00:00,8,23,233,508,0,22.9,5.5,0.0,0,0,1,0,0,0,0,1,0,0
2023-09-02 00:00:00,8,1,207,324,0,22.9,5.5,0.0,0,0,1,0,0,0,0,1,0,0
2023-09-02 06:00:00,8,7,62,251,0,22.9,5.5,0.0,0,0,1,0,0,0,0,1,0,0
2023-09-02 21:00:00,6,22,227,771,0,22.9,5.5,0.0,0,0,1,0,0,0,0,1,0,0
2023-09-02 02:00:00,6,3,15,169,0,22.9,5.5,0.0,0,0,1,0,0,0,0,1,0,0
2023-09-02 03:00:00,1,4,21,78,0,22.9,5.5,0.0,0,0,1,0,0,0,0,1,0,0
2023-09-03 10:00:00,67,11,352,1707,0,24.2,5.5,0.0,0,0,0,1,0,0,0,1,0,0
2023-09-03 17:00:00,54,18,277,1919,0,24.2,5.5,0.0,0,0,0,1,0,0,0,1,0,0
2023-09-03 11:00:00,44,12,307,2046,0,24.2,5.5,0.0,0,0,0,1,0,0,0,1,0,0
2023-09-03 09:00:00,44,10,182,1202,0,24.2,5.5,0.0,0,0,0,1,0,0,0,1,0,0
2023-09-03 16:00:00,42,17,362,1953,0,24.2,5.5,0.0,0,0,0,1,0,0,0,1,0,0
2023-09-03 12:00:00,37,13,484,2242,0,24.2,5.5,0.0,0,0,0,1,0,0,0,1,0,0
2023-09-03 13:00:00,36,14,396,2027,0,24.2,5.5,0.0,0,0,0,1,0,0,0,1,0,0
2023-09-03 15:00:00,36,16,391,1897,0,24.2,5.5,0.0,0,0,0,1,0,0,0,1,0,0
2023-09-03 14:00:00,32,15,376,1956,0,24.2,5.5,0.0,0,0,0,1,0,0,0,1,0,0
2023-09-03 23:00:00,2,0,253,270,0,24.2,5.5,0.0,0,0,0,1,0,0,0,1,0,0
2023-09-03 01:00:00,2,2,34,195,0,24.2,5.5,0.0,0,0,0,1,0,0,0,1,0,0
2023-09-03 02:00:00,2,3,7,113,0,24.2,5.5,0.0,0,0,0,1,0,0,0,1,0,0
2023-09-04 13:00:00,25,14,429,2133,0,20.8,5.5,0.0,0,1,0,0,0,0,0,1,0,0
2023-09-03 21:00:00,2,22,300,0,0,24.2,5.5,0.0,0,0,0,1,0,0,0,1,0,0
2023-09-03 06:00:00,1,7,19,243,0,24.2,5.5,0.0,0,0,0,1,0,0,0,1,0,0
2023-09-04 14:00:00,24,15,277,2065,0,20.8,5.5,0.0,0,1,0,0,0,0,0,1,0,0
2023-09-04 07:00:00,23,8,476,1101,0,20.8,5.5,0.0,0,1,0,0,0,0,0,1,0,0
2023-09-04 06:00:00,20,7,120,369,0,20.8,5.5,0.0,0,1,0,0,0,0,0,1,0,0
2023-09-04 19:00:00,18,20,241,767,0,20.8,5.5,0.0,0,1,0,0,0,0,0,1,0,0
2023-09-03 18:00:00,25,19,243,1537,0,24.2,5.5,0.0,0,0,0,1,0,0,0,1,0,0
2023-09-03 20:00:00,7,21,527,43,0,24.2,5.5,0.0,0,0,0,1,0,0,0,1,0,0
2023-09-03 07:00:00,6,8,38,450,0,24.2,5.5,0.0,0,0,0,1,0,0,0,1,0,0
2023-09-03 19:00:00,23,20,197,1271,0,24.2,5.5,0.0,0,0,0,1,0,0,0,1,0,0
2023-09-03 08:00:00,22,9,88,700,0,24.2,5.5,0.0,0,0,0,1,0,0,0,1,0,0
2023-09-03 00:00:00,3,1,65,299,0,24.2,5.5,0.0,0,0,0,1,0,0,0,1,0,0
2023-09-04 23:00:00,3,0,51,237,0,20.8,5.5,0.0,0,1,0,0,0,0,0,1,0,0
2023-09-04 05:00:00,3,6,45,179,0,20.8,5.5,0.0,0,1,0,0,0,0,0,1,0,0
2023-09-05 10:00:00,154,11,231,1654,0,19.9,9.9,0.0,0,0,0,0,0,1,0,1,0,0
2023-09-05 16:00:00,117,17,445,2590,0,19.9,9.9,0.0,0,0,0,0,0,1,0,1,0,0
2023-09-04 00:00:00,2,1,216,159,0,20.8,5.5,0.0,0,1,0,0,0,0,0,1,0,0
2023-09-03 22:00:00,0,23,165,106,0,24.2,5.5,0.0,0,0,0,1,0,0,0,1,0,0
2023-09-05 11:00:00,110,12,349,1768,0,19.9,9.9,0.0,0,0,0,0,0,1,0,1,0,0
2023-09-03 05:00:00,0,6,9,106,0,24.2,5.5,0.0,0,0,0,1,0,0,0,1,0,0
2023-09-05 17:00:00,86,18,444,2734,0,19.9,9.9,0.0,0,0,0,0,0,1,0,1,0,0
2023-09-05 15:00:00,73,16,340,2173,0,19.9,9.9,0.0,0,0,0,0,0,1,0,1,0,0
2023-09-05 09:00:00,72,10,286,1995,0,19.9,9.9,0.0,0,0,0,0,0,1,0,1,0,0
2023-09-04 01:00:00,0,2,3,96,0,20.8,5.5,0.0,0,1,0,0,0,0,0,1,0,0
2023-09-04 02:00:00,0,3,11,93,0,20.8,5.5,0.0,0,1,0,0,0,0,0,1,0,0
2023-09-04 03:00:00,0,4,4,52,0,20.8,5.5,0.0,0,1,0,0,0,0,0,1,0,0
2023-09-05 18:00:00,59,19,285,2056,0,19.9,9.9,0.0,0,0,0,0,0,1,0,1,0,0
2023-09-05 13:00:00,51,14,424,1930,0,19.9,9.9,0.0,0,0,0,0,0,1,0,1,0,0
2023-09-05 12:00:00,48,13,378,2084,0,19.9,9.9,0.0,0,0,0,0,0,1,0,1,0,0
2023-09-05 08:00:00,45,9,354,1909,0,19.9,9.9,0.0,0,0,0,0,0,1,0,1,0,0
2023-09-03 03:00:00,0,4,17,85,0,24.2,5.5,0.0,0,0,0,1,0,0,0,1,0,0
2023-09-05 07:00:00,43,8,163,1117,0,19.9,9.9,0.0,0,0,0,0,0,1,0,1,0,0
2023-09-03 04:00:00,0,5,3,64,0,24.2,5.5,0.0,0,0,0,1,0,0,0,1,0,0
2023-09-04 09:00:00,85,10,610,1962,0,20.8,5.5,0.0,0,1,0,0,0,0,0,1,0,0
2023-09-04 08:00:00,58,9,793,2126,0,20.8,5.5,0.0,0,1,0,0,0,0,0,1,0,0
2023-09-04 17:00:00,50,18,340,2333,0,20.8,5.5,0.0,0,1,0,0,0,0,0,1,0,0
2023-09-04 10:00:00,48,11,469,1911,0,20.8,5.5,0.0,0,1,0,0,0,0,0,1,0,0
2023-09-04 16:00:00,43,17,302,2544,0,20.8,5.5,0.0,0,1,0,0,0,0,0,1,0,0
2023-09-04 15:00:00,38,16,308,2061,0,20.8,5.5,0.0,0,1,0,0,0,0,0,1,0,0
2023-09-04 20:00:00,33,21,198,1254,0,20.8,5.5,0.0,0,1,0,0,0,0,0,1,0,0
2023-09-04 12:00:00,28,13,432,2186,0,20.8,5.5,0.0,0,1,0,0,0,0,0,1,0,0
2023-09-04 11:00:00,26,12,325,1958,0,20.8,5.5,0.0,0,1,0,0,0,0,0,1,0,0
2023-09-05 14:00:00,34,15,267,2075,0,19.9,9.9,0.0,0,0,0,0,0,1,0,1,0,0
2023-09-04 21:00:00,10,22,160,685,0,20.8,5.5,0.0,0,1,0,0,0,0,0,1,0,0
2023-09-04 22:00:00,6,23,108,487,0,20.8,5.5,0.0,0,1,0,0,0,0,0,1,0,0
2023-09-04 04:00:00,5,5,13,87,0,20.8,5.5,0.0,0,1,0,0,0,0,0,1,0,0
2023-09-04 18:00:00,4,19,281,2,0,20.8,5.5,0.0,0,1,0,0,0,0,0,1,0,0
2023-09-06 21:00:00,1,22,254,137,0,22.4,14.0,0.0,0,0,0,0,0,0,1,1,0,0
2023-09-06 02:00:00,1,3,8,59,0,22.4,14.0,0.0,0,0,0,0,0,0,1,1,0,0
2023-09-06 22:00:00,1,23,217,1,0,22.4,14.0,0.0,0,0,0,0,0,0,1,1,0,0
2023-09-06 23:00:00,1,0,58,0,0,22.4,14.0,0.0,0,0,0,0,0,0,1,1,0,0
2023-09-06 14:00:00,24,15,337,1413,0,22.4,14.0,0.0,0,0,0,0,0,0,1,1,0,0
2023-09-06 01:00:00,0,2,2,68,0,22.4,14.0,0.0,0,0,0,0,0,0,1,1,0,0
2023-09-06 04:00:00,0,5,5,65,0,22.4,14.0,0.0,0,0,0,0,0,0,1,1,0,0
2023-09-06 03:00:00,0,4,3,41,0,22.4,14.0,0.0,0,0,0,0,0,0,1,1,0,0
2023-09-05 21:00:00,12,22,203,690,0,19.9,9.9,0.0,0,0,0,0,0,1,0,1,0,0
2023-09-05 05:00:00,3,6,21,195,0,19.9,9.9,0.0,0,0,0,0,0,1,0,1,0,0
2023-09-07 09:00:00,121,10,336,1627,0,25.0,12.0,0.0,0,0,0,0,1,0,0,1,0,0
2023-09-05 04:00:00,3,5,5,80,0,19.9,9.9,0.0,0,0,0,0,0,1,0,1,0,0
2023-09-05 23:00:00,2,0,43,228,0,19.9,9.9,0.0,0,0,0,0,0,1,0,1,0,0
2023-09-05 03:00:00,1,4,1,39,0,19.9,9.9,0.0,0,0,0,0,0,1,0,1,0,0
2023-09-05 01:00:00,0,2,3,60,0,19.9,9.9,0.0,0,0,0,0,0,1,0,1,0,0
2023-09-05 02:00:00,0,3,2,48,0,19.9,9.9,0.0,0,0,0,0,0,1,0,1,0,0
2023-09-05 20:00:00,22,21,228,1151,0,19.9,9.9,0.0,0,0,0,0,0,1,0,1,0,0
2023-09-05 19:00:00,21,20,207,1463,0,19.9,9.9,0.0,0,0,0,0,0,1,0,1,0,0
2023-09-05 06:00:00,14,7,44,393,0,19.9,9.9,0.0,0,0,0,0,0,1,0,1,0,0
2023-09-07 10:00:00,97,11,582,1563,0,25.0,12.0,0.0,0,0,0,0,1,0,0,1,0,0
2023-09-06 17:00:00,79,18,365,1948,0,22.4,14.0,0.0,0,0,0,0,0,0,1,1,0,0
2023-09-06 16:00:00,76,17,439,2003,0,22.4,14.0,0.0,0,0,0,0,0,0,1,1,0,0
2023-09-07 08:00:00,67,9,561,2084,0,25.0,12.0,0.0,0,0,0,0,1,0,0,1,0,0
2023-09-06 08:00:00,69,9,175,2735,0,22.4,14.0,0.0,0,0,0,0,0,0,1,1,0,0
2023-09-06 15:00:00,64,16,409,1571,0,22.4,14.0,0.0,0,0,0,0,0,0,1,1,0,0
2023-09-07 13:00:00,48,14,1246,1788,0,25.0,12.0,0.0,0,0,0,0,1,0,0,1,0,0
2023-09-05 22:00:00,10,23,92,419,0,19.9,9.9,0.0,0,0,0,0,0,1,0,1,0,0
2023-09-06 18:00:00,54,19,302,1353,0,22.4,14.0,0.0,0,0,0,0,0,0,1,1,0,0
2023-09-06 09:00:00,38,10,204,2184,0,22.4,14.0,0.0,0,0,0,0,0,0,1,1,0,0
2023-09-06 12:00:00,36,13,443,1932,0,22.4,14.0,0.0,0,0,0,0,0,0,1,1,0,0
2023-09-06 11:00:00,33,12,368,1879,0,22.4,14.0,0.0,0,0,0,0,0,0,1,1,0,0
2023-09-06 19:00:00,29,20,251,1011,0,22.4,14.0,0.0,0,0,0,0,0,0,1,1,0,0
2023-09-06 13:00:00,27,14,513,1436,0,22.4,14.0,0.0,0,0,0,0,0,0,1,1,0,0
2023-09-06 07:00:00,25,8,105,1965,0,22.4,14.0,0.0,0,0,0,0,0,0,1,1,0,0
2023-09-06 10:00:00,25,11,308,1948,0,22.4,14.0,0.0,0,0,0,0,0,0,1,1,0,0
2023-09-07 11:00:00,46,12,945,1813,0,25.0,12.0,0.0,0,0,0,0,1,0,0,1,0,0
2023-09-06 06:00:00,7,7,53,661,0,22.4,14.0,0.0,0,0,0,0,0,0,1,1,0,0
2023-09-06 20:00:00,17,21,211,834,0,22.4,14.0,0.0,0,0,0,0,0,0,1,1,0,0
2023-09-06 05:00:00,3,6,31,237,0,22.4,14.0,0.0,0,0,0,0,0,0,1,1,0,0
2023-09-06 00:00:00,2,1,24,102,0,22.4,14.0,0.0,0,0,0,0,0,0,1,1,0,0
2023-09-07 12:00:00,31,13,1150,1849,0,25.0,12.0,0.0,0,0,0,0,1,0,0,1,0,0
2023-09-05 00:00:00,5,1,14,122,0,19.9,9.9,0.0,0,0,0,0,0,1,0,1,0,0
2023-09-08 09:00:00,76,10,307,1590,0,24.7,13.5,0.0,1,0,0,0,0,0,0,1,0,0
2023-09-07 07:00:00,24,8,163,1095,0,25.0,12.0,0.0,0,0,0,0,1,0,0,1,0,0
2023-09-08 07:00:00,60,8,57,1515,0,24.7,13.5,0.0,1,0,0,0,0,0,0,1,0,0
2023-09-08 12:00:00,59,13,458,1870,0,24.7,13.5,0.0,1,0,0,0,0,0,0,1,0,0
2023-09-08 04:00:00,1,5,9,61,0,24.7,13.5,0.0,1,0,0,0,0,0,0,1,0,0
2023-09-08 19:00:00,52,20,732,1597,0,24.7,13.5,0.0,1,0,0,0,0,0,0,1,0,0
2023-09-09 22:00:00,31,23,582,789,0,22.7,5.5,0.0,0,0,1,0,0,0,0,1,0,0
2023-09-08 11:00:00,51,12,356,1696,0,24.7,13.5,0.0,1,0,0,0,0,0,0,1,0,0
2023-09-07 15:00:00,16,16,620,1896,0,25.0,12.0,0.0,0,0,0,0,1,0,0,1,0,0
2023-09-07 14:00:00,15,15,880,1871,0,25.0,12.0,0.0,0,0,0,0,1,0,0,1,0,0
2023-09-07 17:00:00,14,18,620,1784,0,25.0,12.0,0.0,0,0,0,0,1,0,0,1,0,0
2023-09-07 16:00:00,11,17,650,2364,0,25.0,12.0,0.0,0,0,0,0,1,0,0,1,0,0
2023-09-07 18:00:00,11,19,552,1510,0,25.0,12.0,0.0,0,0,0,0,1,0,0,1,0,0
2023-09-07 20:00:00,9,21,276,951,0,25.0,12.0,0.0,0,0,0,0,1,0,0,1,0,0
2023-09-07 19:00:00,8,20,421,1346,0,25.0,12.0,0.0,0,0,0,0,1,0,0,1,0,0
2023-09-09 20:00:00,29,21,955,1100,0,22.7,5.5,0.0,0,0,1,0,0,0,0,1,0,0
2023-09-07 21:00:00,6,22,156,702,0,25.0,12.0,0.0,0,0,0,0,1,0,0,1,0,0
2023-09-09 21:00:00,27,22,556,996,0,22.7,5.5,0.0,0,0,1,0,0,0,0,1,0,0
2023-09-09 19:00:00,26,20,875,1174,0,22.7,5.5,0.0,0,0,1,0,0,0,0,1,0,0
2023-09-09 08:00:00,26,9,456,967,0,22.7,5.5,0.0,0,0,1,0,0,0,0,1,0,0
2023-09-09 23:00:00,15,0,267,564,0,22.7,5.5,0.0,0,0,1,0,0,0,0,1,0,0
2023-09-07 06:00:00,6,7,6,235,0,25.0,12.0,0.0,0,0,0,0,1,0,0,1,0,0
2023-09-08 01:00:00,0,2,8,89,0,24.7,13.5,0.0,1,0,0,0,0,0,0,1,0,0
2023-09-08 20:00:00,38,21,509,1227,0,24.7,13.5,0.0,1,0,0,0,0,0,0,1,0,0
2023-09-08 05:00:00,1,6,13,201,0,24.7,13.5,0.0,1,0,0,0,0,0,0,1,0,0
2023-09-08 00:00:00,1,1,42,151,0,24.7,13.5,0.0,1,0,0,0,0,0,0,1,0,0
2023-09-08 02:00:00,0,3,9,74,0,24.7,13.5,0.0,1,0,0,0,0,0,0,1,0,0
2023-09-08 23:00:00,16,0,218,502,0,24.7,13.5,0.0,1,0,0,0,0,0,0,1,0,0
2023-09-08 03:00:00,0,4,4,56,0,24.7,13.5,0.0,1,0,0,0,0,0,0,1,0,0
2023-09-07 04:00:00,1,5,28,0,0,25.0,12.0,0.0,0,0,0,0,1,0,0,1,0,0
2023-09-07 03:00:00,1,4,7,0,0,25.0,12.0,0.0,0,0,0,0,1,0,0,1,0,0
2023-09-09 10:00:00,103,11,349,1864,0,22.7,5.5,0.0,0,0,1,0,0,0,0,1,0,0
2023-09-09 15:00:00,91,16,549,1830,0,22.7,5.5,0.0,0,0,1,0,0,0,0,1,0,0
2023-09-09 13:00:00,90,14,556,2265,0,22.7,5.5,0.0,0,0,1,0,0,0,0,1,0,0
2023-09-09 11:00:00,78,12,526,2218,0,22.7,5.5,0.0,0,0,1,0,0,0,0,1,0,0
2023-09-09 12:00:00,77,13,498,2290,0,22.7,5.5,0.0,0,0,1,0,0,0,0,1,0,0
2023-09-09 09:00:00,75,10,251,1313,0,22.7,5.5,0.0,0,0,1,0,0,0,0,1,0,0
2023-09-09 18:00:00,65,19,1342,1657,0,22.7,5.5,0.0,0,0,1,0,0,0,0,1,0,0
2023-09-09 14:00:00,64,15,677,2048,0,22.7,5.5,0.0,0,0,1,0,0,0,0,1,0,0
2023-09-09 16:00:00,58,17,1377,2021,0,22.7,5.5,0.0,0,0,1,0,0,0,0,1,0,0
2023-09-09 17:00:00,51,18,1626,1882,0,22.7,5.5,0.0,0,0,1,0,0,0,0,1,0,0
2023-09-08 21:00:00,32,22,372,875,0,24.7,13.5,0.0,1,0,0,0,0,0,0,1,0,0
2023-09-07 22:00:00,4,23,121,474,0,25.0,12.0,0.0,0,0,0,0,1,0,0,1,0,0
2023-09-08 15:00:00,12,16,615,1650,0,24.7,13.5,0.0,1,0,0,0,0,0,0,1,0,0
2023-09-08 06:00:00,12,7,40,505,0,24.7,13.5,0.0,1,0,0,0,0,0,0,1,0,0
2023-09-08 14:00:00,8,15,537,1676,0,24.7,13.5,0.0,1,0,0,0,0,0,0,1,0,0
2023-09-08 22:00:00,24,23,354,470,0,24.7,13.5,0.0,1,0,0,0,0,0,0,1,0,0
2023-09-07 00:00:00,0,1,40,1,0,25.0,12.0,0.0,0,0,0,0,1,0,0,1,0,0
2023-09-07 01:00:00,0,2,6,0,0,25.0,12.0,0.0,0,0,0,0,1,0,0,1,0,0
2023-09-07 02:00:00,0,3,6,0,0,25.0,12.0,0.0,0,0,0,0,1,0,0,1,0,0
2023-09-08 08:00:00,123,9,151,1932,0,24.7,13.5,0.0,1,0,0,0,0,0,0,1,0,0
2023-09-08 18:00:00,114,19,851,1917,0,24.7,13.5,0.0,1,0,0,0,0,0,0,1,0,0
2023-09-08 17:00:00,98,18,1329,2674,0,24.7,13.5,0.0,1,0,0,0,0,0,0,1,0,0
2023-09-08 16:00:00,85,17,1140,2358,0,24.7,13.5,0.0,1,0,0,0,0,0,0,1,0,0
2023-09-08 10:00:00,78,11,387,1590,0,24.7,13.5,0.0,1,0,0,0,0,0,0,1,0,0
2023-09-08 13:00:00,20,14,811,1951,0,24.7,13.5,0.0,1,0,0,0,0,0,0,1,0,0
2023-09-07 23:00:00,3,0,68,260,0,25.0,12.0,0.0,0,0,0,0,1,0,0,1,0,0
2023-09-07 05:00:00,2,6,11,95,0,25.0,12.0,0.0,0,0,0,0,1,0,0,1,0,0
2023-09-09 07:00:00,8,8,147,489,0,22.7,5.5,0.0,0,0,1,0,0,0,0,1,0,0
2023-09-09 00:00:00,7,1,92,316,0,22.7,5.5,0.0,0,0,1,0,0,0,0,1,0,0
2023-09-09 06:00:00,7,7,71,215,0,22.7,5.5,0.0,0,0,1,0,0,0,0,1,0,0
2023-09-09 01:00:00,6,2,45,226,0,22.7,5.5,0.0,0,0,1,0,0,0,0,1,0,0
2023-09-11 18:00:00,28,19,408,520,0,17.4,12.5,0.0,0,1,0,0,0,0,0,1,0,0
2023-09-09 05:00:00,5,6,41,121,0,22.7,5.5,0.0,0,0,1,0,0,0,0,1,0,0
2023-09-09 02:00:00,4,3,31,192,0,22.7,5.5,0.0,0,0,1,0,0,0,0,1,0,0
2023-09-09 04:00:00,4,5,59,115,0,22.7,5.5,0.0,0,0,1,0,0,0,0,1,0,0
2023-09-09 03:00:00,2,4,19,103,0,22.7,5.5,0.0,0,0,1,0,0,0,0,1,0,0
2023-09-10 19:00:00,28,20,251,1163,0,20.5,5.5,21.4,0,0,0,1,0,0,0,1,0,0
2023-09-11 21:00:00,27,22,192,663,0,17.4,12.5,0.0,0,1,0,0,0,0,0,1,0,0
2023-09-11 10:00:00,26,11,284,1386,0,17.4,12.5,0.0,0,1,0,0,0,0,0,1,0,0
2023-09-11 11:00:00,22,12,359,1472,0,17.4,12.5,0.0,0,1,0,0,0,0,0,1,0,0
2023-09-11 15:00:00,21,16,454,1634,0,17.4,12.5,0.0,0,1,0,0,0,0,0,1,0,0
2023-09-11 14:00:00,21,15,471,1479,0,17.4,12.5,0.0,0,1,0,0,0,0,0,1,0,0
2023-09-11 07:00:00,17,8,393,1160,0,17.4,12.5,0.0,0,1,0,0,0,0,0,1,0,0
2023-09-11 22:00:00,15,23,151,434,0,17.4,12.5,0.0,0,1,0,0,0,0,0,1,0,0
2023-09-11 19:00:00,14,20,426,530,0,17.4,12.5,0.0,0,1,0,0,0,0,0,1,0,0
2023-09-11 09:00:00,11,10,234,1431,0,17.4,12.5,0.0,0,1,0,0,0,0,0,1,0,0
2023-09-10 17:00:00,78,18,423,1701,0,20.5,5.5,21.4,0,0,0,1,0,0,0,1,0,0
2023-09-10 12:00:00,69,13,531,2675,0,20.5,5.5,21.4,0,0,0,1,0,0,0,1,0,0
2023-09-10 13:00:00,65,14,600,2766,0,20.5,5.5,21.4,0,0,0,1,0,0,0,1,0,0
2023-09-10 14:00:00,62,15,587,2123,0,20.5,5.5,21.4,0,0,0,1,0,0,0,1,0,0
2023-09-10 18:00:00,60,19,281,1315,0,20.5,5.5,21.4,0,0,0,1,0,0,0,1,0,0
2023-09-10 10:00:00,55,11,387,1830,0,20.5,5.5,21.4,0,0,0,1,0,0,0,1,0,0
2023-09-10 15:00:00,43,16,479,2137,0,20.5,5.5,21.4,0,0,0,1,0,0,0,1,0,0
2023-09-10 16:00:00,41,17,487,2122,0,20.5,5.5,21.4,0,0,0,1,0,0,0,1,0,0
2023-09-10 11:00:00,36,12,364,2349,0,20.5,5.5,21.4,0,0,0,1,0,0,0,1,0,0
2023-09-10 09:00:00,32,10,129,1389,0,20.5,5.5,21.4,0,0,0,1,0,0,0,1,0,0
2023-09-10 23:00:00,3,0,69,288,0,20.5,5.5,21.4,0,0,0,1,0,0,0,1,0,0
2023-09-11 17:00:00,56,18,564,1964,0,17.4,12.5,0.0,0,1,0,0,0,0,0,1,0,0
2023-09-11 16:00:00,46,17,423,2283,0,17.4,12.5,0.0,0,1,0,0,0,0,0,1,0,0
2023-09-11 20:00:00,43,21,334,972,0,17.4,12.5,0.0,0,1,0,0,0,0,0,1,0,0
2023-09-11 12:00:00,36,13,509,1609,0,17.4,12.5,0.0,0,1,0,0,0,0,0,1,0,0
2023-09-11 13:00:00,31,14,410,1486,0,17.4,12.5,0.0,0,1,0,0,0,0,0,1,0,0
2023-09-11 08:00:00,29,9,607,1951,0,17.4,12.5,0.0,0,1,0,0,0,0,0,1,0,0
2023-09-10 03:00:00,3,4,25,117,0,20.5,5.5,21.4,0,0,0,1,0,0,0,1,0,0
2023-09-10 07:00:00,7,8,51,437,0,20.5,5.5,21.4,0,0,0,1,0,0,0,1,0,0
2023-09-10 22:00:00,20,23,67,421,0,20.5,5.5,21.4,0,0,0,1,0,0,0,1,0,0
2023-09-10 08:00:00,19,9,111,639,0,20.5,5.5,21.4,0,0,0,1,0,0,0,1,0,0
2023-09-10 20:00:00,13,21,76,733,0,20.5,5.5,21.4,0,0,0,1,0,0,0,1,0,0
2023-09-10 01:00:00,11,2,89,282,0,20.5,5.5,21.4,0,0,0,1,0,0,0,1,0,0
2023-09-10 21:00:00,10,22,56,529,0,20.5,5.5,21.4,0,0,0,1,0,0,0,1,0,0
2023-09-10 06:00:00,2,7,64,207,0,20.5,5.5,21.4,0,0,0,1,0,0,0,1,0,0
2023-09-10 00:00:00,6,1,141,405,0,20.5,5.5,21.4,0,0,0,1,0,0,0,1,0,0
2023-09-10 04:00:00,5,5,10,128,0,20.5,5.5,21.4,0,0,0,1,0,0,0,1,0,0
2023-09-10 02:00:00,4,3,52,234,0,20.5,5.5,21.4,0,0,0,1,0,0,0,1,0,0
2023-09-10 05:00:00,4,6,22,117,0,20.5,5.5,21.4,0,0,0,1,0,0,0,1,0,0
2023-09-11 23:00:00,8,0,81,267,0,17.4,12.5,0.0,0,1,0,0,0,0,0,1,0,0
2023-09-11 06:00:00,6,7,118,386,0,17.4,12.5,0.0,0,1,0,0,0,0,0,1,0,0
2023-09-11 05:00:00,4,6,32,183,0,17.4,12.5,0.0,0,1,0,0,0,0,0,1,0,0
2023-09-11 00:00:00,1,1,76,162,0,17.4,12.5,0.0,0,1,0,0,0,0,0,1,0,0
2023-09-11 02:00:00,1,3,21,119,0,17.4,12.5,0.0,0,1,0,0,0,0,0,1,0,0
2023-09-11 01:00:00,1,2,36,114,0,17.4,12.5,0.0,0,1,0,0,0,0,0,1,0,0
2023-09-11 04:00:00,0,5,6,94,0,17.4,12.5,0.0,0,1,0,0,0,0,0,1,0,0
2023-09-11 03:00:00,0,4,1,36,0,17.4,12.5,0.0,0,1,0,0,0,0,0,1,0,0
2023-09-12 08:00:00,145,9,162,2368,0,15.6,8.2,0.0,0,0,0,0,0,1,0,1,0,0
2023-09-12 09:00:00,126,10,229,1880,0,15.6,8.2,0.0,0,0,0,0,0,1,0,1,0,0
2023-09-12 17:00:00,79,18,412,2277,0,15.6,8.2,0.0,0,0,0,0,0,1,0,1,0,0
2023-09-12 15:00:00,70,16,348,1986,0,15.6,8.2,0.0,0,0,0,0,0,1,0,1,0,0
2023-09-12 14:00:00,52,15,366,1788,0,15.6,8.2,0.0,0,0,0,0,0,1,0,1,0,0
2023-09-12 16:00:00,51,17,555,2295,0,15.6,8.2,0.0,0,0,0,0,0,1,0,1,0,0
2023-09-12 10:00:00,49,11,333,1621,0,15.6,8.2,0.0,0,0,0,0,0,1,0,1,0,0
2023-09-12 13:00:00,45,14,443,1857,0,15.6,8.2,0.0,0,0,0,0,0,1,0,1,0,0
2023-09-12 07:00:00,44,8,97,1844,0,15.6,8.2,0.0,0,0,0,0,0,1,0,1,0,0
2023-09-12 12:00:00,41,13,421,1973,0,15.6,8.2,0.0,0,0,0,0,0,1,0,1,0,0
2023-09-12 18:00:00,38,19,297,1584,0,15.6,8.2,0.0,0,0,0,0,0,1,0,1,0,0
2023-09-12 11:00:00,26,12,364,1880,0,15.6,8.2,0.0,0,0,0,0,0,1,0,1,0,0
2023-09-13 08:00:00,109,9,296,2833,0,18.3,5.5,1.8,0,0,0,0,0,0,1,1,0,0
2023-09-12 20:00:00,24,21,242,861,0,15.6,8.2,0.0,0,0,0,0,0,1,0,1,0,0
2023-09-13 09:00:00,87,10,300,2097,0,18.3,5.5,1.8,0,0,0,0,0,0,1,1,0,0
2023-09-13 17:00:00,71,18,349,2353,0,18.3,5.5,1.8,0,0,0,0,0,0,1,1,0,0
2023-09-13 20:00:00,20,21,171,969,0,18.3,5.5,1.8,0,0,0,0,0,0,1,1,0,0
2023-09-13 12:00:00,58,13,521,1900,0,18.3,5.5,1.8,0,0,0,0,0,0,1,1,0,0
2023-09-12 06:00:00,8,7,156,425,0,15.6,8.2,0.0,0,0,0,0,0,1,0,1,0,0
2023-09-13 10:00:00,57,11,247,1837,0,18.3,5.5,1.8,0,0,0,0,0,0,1,1,0,0
2023-09-12 21:00:00,5,22,148,627,0,15.6,8.2,0.0,0,0,0,0,0,1,0,1,0,0
2023-09-12 00:00:00,5,1,120,176,0,15.6,8.2,0.0,0,0,0,0,0,1,0,1,0,0
2023-09-12 02:00:00,5,3,41,128,0,15.6,8.2,0.0,0,0,0,0,0,1,0,1,0,0
2023-09-12 04:00:00,4,5,10,84,0,15.6,8.2,0.0,0,0,0,0,0,1,0,1,0,0
2023-09-12 05:00:00,3,6,44,227,0,15.6,8.2,0.0,0,0,0,0,0,1,0,1,0,0
2023-09-12 01:00:00,3,2,23,102,0,15.6,8.2,0.0,0,0,0,0,0,1,0,1,0,0
2023-09-13 16:00:00,54,17,337,2344,0,18.3,5.5,1.8,0,0,0,0,0,0,1,1,0,0
2023-09-13 15:00:00,52,16,518,1953,0,18.3,5.5,1.8,0,0,0,0,0,0,1,1,0,0
2023-09-13 19:00:00,17,20,178,1326,0,18.3,5.5,1.8,0,0,0,0,0,0,1,1,0,0
2023-09-12 23:00:00,1,0,87,331,0,15.6,8.2,0.0,0,0,0,0,0,1,0,1,0,0
2023-09-13 21:00:00,13,22,107,661,0,18.3,5.5,1.8,0,0,0,0,0,0,1,1,0,0
2023-09-13 06:00:00,8,7,43,662,0,18.3,5.5,1.8,0,0,0,0,0,0,1,1,0,0
2023-09-13 11:00:00,46,12,376,1888,0,18.3,5.5,1.8,0,0,0,0,0,0,1,1,0,0
2023-09-13 13:00:00,43,14,420,1738,0,18.3,5.5,1.8,0,0,0,0,0,0,1,1,0,0
2023-09-12 19:00:00,16,20,214,1218,0,15.6,8.2,0.0,0,0,0,0,0,1,0,1,0,0
2023-09-12 03:00:00,1,4,4,66,0,15.6,8.2,0.0,0,0,0,0,0,1,0,1,0,0
2023-09-13 18:00:00,40,19,171,1708,0,18.3,5.5,1.8,0,0,0,0,0,0,1,1,0,0
2023-09-13 07:00:00,38,8,117,1922,0,18.3,5.5,1.8,0,0,0,0,0,0,1,1,0,0
2023-09-13 14:00:00,32,15,436,1747,0,18.3,5.5,1.8,0,0,0,0,0,0,1,1,0,0
2023-09-12 22:00:00,0,23,132,417,0,15.6,8.2,0.0,0,0,0,0,0,1,0,1,0,0
2023-09-15 12:00:00,38,13,377,2408,0,15.5,9.8,13.2,1,0,0,0,0,0,0,1,0,0
2023-09-15 08:00:00,35,9,136,2544,0,15.5,9.8,13.2,1,0,0,0,0,0,0,1,0,0
2023-09-15 07:00:00,34,8,59,1692,0,15.5,9.8,13.2,1,0,0,0,0,0,0,1,0,0
2023-09-14 13:00:00,55,14,461,1998,0,14.5,10.6,0.0,0,0,0,0,1,0,0,1,0,0
2023-09-15 13:00:00,30,14,393,2352,0,15.5,9.8,13.2,1,0,0,0,0,0,0,1,0,0
2023-09-14 18:00:00,51,19,396,2028,0,14.5,10.6,0.0,0,0,0,0,1,0,0,1,0,0
2023-09-14 16:00:00,48,17,246,2522,0,14.5,10.6,0.0,0,0,0,0,1,0,0,1,0,0
2023-09-15 19:00:00,29,20,288,1269,0,15.5,9.8,13.2,1,0,0,0,0,0,0,1,0,0
2023-09-14 15:00:00,46,16,391,2200,0,14.5,10.6,0.0,0,0,0,0,1,0,0,1,0,0
2023-09-14 22:00:00,8,23,152,567,0,14.5,10.6,0.0,0,0,0,0,1,0,0,1,0,0
2023-09-14 21:00:00,5,22,178,782,0,14.5,10.6,0.0,0,0,0,0,1,0,0,1,0,0
2023-09-14 12:00:00,45,13,462,2261,0,14.5,10.6,0.0,0,0,0,0,1,0,0,1,0,0
2023-09-13 22:00:00,4,23,74,417,0,18.3,5.5,1.8,0,0,0,0,0,0,1,1,0,0
2023-09-13 23:00:00,3,0,45,223,0,18.3,5.5,1.8,0,0,0,0,0,0,1,1,0,0
2023-09-13 00:00:00,2,1,87,171,0,18.3,5.5,1.8,0,0,0,0,0,0,1,1,0,0
2023-09-13 02:00:00,2,3,15,91,0,18.3,5.5,1.8,0,0,0,0,0,0,1,1,0,0
2023-09-13 05:00:00,1,6,27,229,0,18.3,5.5,1.8,0,0,0,0,0,0,1,1,0,0
2023-09-13 04:00:00,1,5,5,84,0,18.3,5.5,1.8,0,0,0,0,0,0,1,1,0,0
2023-09-15 10:00:00,26,11,367,1915,0,15.5,9.8,13.2,1,0,0,0,0,0,0,1,0,0
2023-09-14 06:00:00,4,7,69,669,0,14.5,10.6,0.0,0,0,0,0,1,0,0,1,0,0
2023-09-14 11:00:00,41,12,409,2011,0,14.5,10.6,0.0,0,0,0,0,1,0,0,1,0,0
2023-09-14 23:00:00,2,0,36,239,0,14.5,10.6,0.0,0,0,0,0,1,0,0,1,0,0
2023-09-14 04:00:00,2,5,16,77,0,14.5,10.6,0.0,0,0,0,0,1,0,0,1,0,0
2023-09-14 05:00:00,1,6,32,230,0,14.5,10.6,0.0,0,0,0,0,1,0,0,1,0,0
2023-09-14 00:00:00,1,1,24,157,0,14.5,10.6,0.0,0,0,0,0,1,0,0,1,0,0
2023-09-14 01:00:00,1,2,9,80,0,14.5,10.6,0.0,0,0,0,0,1,0,0,1,0,0
2023-09-14 10:00:00,38,11,300,1985,0,14.5,10.6,0.0,0,0,0,0,1,0,0,1,0,0
2023-09-14 02:00:00,0,3,15,76,0,14.5,10.6,0.0,0,0,0,0,1,0,0,1,0,0
2023-09-15 09:00:00,23,10,159,2046,0,15.5,9.8,13.2,1,0,0,0,0,0,0,1,0,0
2023-09-15 11:00:00,21,12,314,2041,0,15.5,9.8,13.2,1,0,0,0,0,0,0,1,0,0
2023-09-14 03:00:00,0,4,13,52,0,14.5,10.6,0.0,0,0,0,0,1,0,0,1,0,0
2023-09-13 01:00:00,0,2,8,92,0,18.3,5.5,1.8,0,0,0,0,0,0,1,1,0,0
2023-09-14 14:00:00,31,15,311,2028,0,14.5,10.6,0.0,0,0,0,0,1,0,0,1,0,0
2023-09-13 03:00:00,0,4,8,69,0,18.3,5.5,1.8,0,0,0,0,0,0,1,1,0,0
2023-09-15 06:00:00,8,7,62,633,0,15.5,9.8,13.2,1,0,0,0,0,0,0,1,0,0
2023-09-15 21:00:00,6,22,76,597,0,15.5,9.8,13.2,1,0,0,0,0,0,0,1,0,0
2023-09-15 20:00:00,5,21,87,870,0,15.5,9.8,13.2,1,0,0,0,0,0,0,1,0,0
2023-09-14 07:00:00,29,8,122,1915,0,14.5,10.6,0.0,0,0,0,0,1,0,0,1,0,0
2023-09-14 19:00:00,26,20,224,1523,0,14.5,10.6,0.0,0,0,0,0,1,0,0,1,0,0
2023-09-15 17:00:00,142,18,365,2242,0,15.5,9.8,13.2,1,0,0,0,0,0,0,1,0,0
2023-09-15 15:00:00,89,16,741,926,0,15.5,9.8,13.2,1,0,0,0,0,0,0,1,0,0
2023-09-15 18:00:00,84,19,207,1636,0,15.5,9.8,13.2,1,0,0,0,0,0,0,1,0,0
2023-09-15 16:00:00,77,17,616,976,0,15.5,9.8,13.2,1,0,0,0,0,0,0,1,0,0
2023-09-15 14:00:00,43,15,535,1275,0,15.5,9.8,13.2,1,0,0,0,0,0,0,1,0,0
2023-09-14 20:00:00,21,21,244,1194,0,14.5,10.6,0.0,0,0,0,0,1,0,0,1,0,0
2023-09-14 08:00:00,91,9,367,2718,0,14.5,10.6,0.0,0,0,0,0,1,0,0,1,0,0
2023-09-14 17:00:00,79,18,309,2485,0,14.5,10.6,0.0,0,0,0,0,1,0,0,1,0,0
2023-09-14 09:00:00,68,10,349,2108,0,14.5,10.6,0.0,0,0,0,0,1,0,0,1,0,0
2023-09-15 00:00:00,0,1,23,174,0,15.5,9.8,13.2,1,0,0,0,0,0,0,1,0,0
2023-09-15 01:00:00,0,2,14,90,0,15.5,9.8,13.2,1,0,0,0,0,0,0,1,0,0
2023-09-16 09:00:00,26,10,140,1172,0,14.9,9.2,0.0,0,0,1,0,0,0,0,1,0,0
2023-09-17 23:00:00,4,0,30,94,0,16.0,6.8,9.0,0,0,0,1,0,0,0,1,0,0
2023-09-16 12:00:00,10,13,209,2237,0,14.9,9.2,0.0,0,0,1,0,0,0,0,1,0,0
2023-09-17 22:00:00,2,23,56,217,0,16.0,6.8,9.0,0,0,0,1,0,0,0,1,0,0
2023-09-17 01:00:00,2,2,19,189,0,16.0,6.8,9.0,0,0,0,1,0,0,0,1,0,0
2023-09-17 02:00:00,2,3,37,129,0,16.0,6.8,9.0,0,0,0,1,0,0,0,1,0,0
2023-09-16 11:00:00,9,12,199,2334,0,14.9,9.2,0.0,0,0,1,0,0,0,0,1,0,0
2023-09-15 02:00:00,0,3,10,70,0,15.5,9.8,13.2,1,0,0,0,0,0,0,1,0,0
2023-09-17 10:00:00,101,11,422,1689,0,16.0,6.8,9.0,0,0,0,1,0,0,0,1,0,0
2023-09-17 11:00:00,95,12,477,1799,0,16.0,6.8,9.0,0,0,0,1,0,0,0,1,0,0
2023-09-17 12:00:00,75,13,535,2015,0,16.0,6.8,9.0,0,0,0,1,0,0,0,1,0,0
2023-09-17 13:00:00,68,14,671,2206,0,16.0,6.8,9.0,0,0,0,1,0,0,0,1,0,0
2023-09-17 14:00:00,52,15,554,2139,0,16.0,6.8,9.0,0,0,0,1,0,0,0,1,0,0
2023-09-17 18:00:00,49,19,229,1391,0,16.0,6.8,9.0,0,0,0,1,0,0,0,1,0,0
2023-09-17 15:00:00,32,16,474,1990,0,16.0,6.8,9.0,0,0,0,1,0,0,0,1,0,0
2023-09-17 16:00:00,28,17,365,2201,0,16.0,6.8,9.0,0,0,0,1,0,0,0,1,0,0
2023-09-17 17:00:00,23,18,291,1911,0,16.0,6.8,9.0,0,0,0,1,0,0,0,1,0,0
2023-09-17 08:00:00,18,9,63,662,0,16.0,6.8,9.0,0,0,0,1,0,0,0,1,0,0
2023-09-17 19:00:00,18,20,225,632,0,16.0,6.8,9.0,0,0,0,1,0,0,0,1,0,0
2023-09-15 22:00:00,3,23,58,477,0,15.5,9.8,13.2,1,0,0,0,0,0,0,1,0,0
2023-09-17 09:00:00,11,10,119,965,0,16.0,6.8,9.0,0,0,0,1,0,0,0,1,0,0
2023-09-17 21:00:00,9,22,171,276,0,16.0,6.8,9.0,0,0,0,1,0,0,0,1,0,0
2023-09-17 20:00:00,8,21,231,489,0,16.0,6.8,9.0,0,0,0,1,0,0,0,1,0,0
2023-09-15 23:00:00,3,0,42,323,0,15.5,9.8,13.2,1,0,0,0,0,0,0,1,0,0
2023-09-15 03:00:00,0,4,1,59,0,15.5,9.8,13.2,1,0,0,0,0,0,0,1,0,0
2023-09-16 00:00:00,2,1,19,170,0,14.9,9.2,0.0,0,0,1,0,0,0,0,1,0,0
2023-09-16 20:00:00,19,21,424,925,0,14.9,9.2,0.0,0,0,1,0,0,0,0,1,0,0
2023-09-16 21:00:00,12,22,384,677,0,14.9,9.2,0.0,0,0,1,0,0,0,0,1,0,0
2023-09-16 17:00:00,74,18,650,2036,0,14.9,9.2,0.0,0,0,1,0,0,0,0,1,0,0
2023-09-16 16:00:00,71,17,771,2076,0,14.9,9.2,0.0,0,0,1,0,0,0,0,1,0,0
2023-09-16 15:00:00,49,16,1267,780,0,14.9,9.2,0.0,0,0,1,0,0,0,0,1,0,0
2023-09-16 18:00:00,38,19,473,1665,0,14.9,9.2,0.0,0,0,1,0,0,0,0,1,0,0
2023-09-16 22:00:00,35,23,196,637,0,14.9,9.2,0.0,0,0,1,0,0,0,0,1,0,0
2023-09-16 08:00:00,33,9,185,982,0,14.9,9.2,0.0,0,0,1,0,0,0,0,1,0,0
2023-09-16 10:00:00,32,11,299,1276,0,14.9,9.2,0.0,0,0,1,0,0,0,0,1,0,0
2023-09-16 19:00:00,28,20,469,1504,0,14.9,9.2,0.0,0,0,1,0,0,0,0,1,0,0
2023-09-16 14:00:00,6,15,1182,1925,0,14.9,9.2,0.0,0,0,1,0,0,0,0,1,0,0
2023-09-16 13:00:00,6,14,1070,1907,0,14.9,9.2,0.0,0,0,1,0,0,0,0,1,0,0
2023-09-15 04:00:00,2,5,6,74,0,15.5,9.8,13.2,1,0,0,0,0,0,0,1,0,0
2023-09-16 23:00:00,6,0,102,414,0,14.9,9.2,0.0,0,0,1,0,0,0,0,1,0,0
2023-09-15 05:00:00,1,6,26,213,0,15.5,9.8,13.2,1,0,0,0,0,0,0,1,0,0
2023-09-16 06:00:00,3,7,16,272,0,14.9,9.2,0.0,0,0,1,0,0,0,0,1,0,0
2023-09-16 04:00:00,1,5,2,50,0,14.9,9.2,0.0,0,0,1,0,0,0,0,1,0,0
2023-09-16 07:00:00,0,8,49,432,0,14.9,9.2,0.0,0,0,1,0,0,0,0,1,0,0
2023-09-16 05:00:00,0,6,3,115,0,14.9,9.2,0.0,0,0,1,0,0,0,0,1,0,0
2023-09-16 01:00:00,0,2,18,95,0,14.9,9.2,0.0,0,0,1,0,0,0,0,1,0,0
2023-09-16 02:00:00,0,3,11,74,0,14.9,9.2,0.0,0,0,1,0,0,0,0,1,0,0
2023-09-16 03:00:00,0,4,12,59,0,14.9,9.2,0.0,0,0,1,0,0,0,0,1,0,0
2023-09-19 22:00:00,2,23,71,372,0,19.3,6.9,4.7,0,0,0,0,0,1,0,1,0,0
2023-09-19 05:00:00,2,6,31,142,0,19.3,6.9,4.7,0,0,0,0,0,1,0,1,0,0
2023-09-19 23:00:00,1,0,27,151,0,19.3,6.9,4.7,0,0,0,0,0,1,0,1,0,0
2023-09-19 02:00:00,1,3,6,29,0,19.3,6.9,4.7,0,0,0,0,0,1,0,1,0,0
2023-09-19 01:00:00,1,2,1,14,0,19.3,6.9,4.7,0,0,0,0,0,1,0,1,0,0
2023-09-19 17:00:00,114,18,622,2562,0,19.3,6.9,4.7,0,0,0,0,0,1,0,1,0,0
2023-09-19 09:00:00,102,10,453,2363,0,19.3,6.9,4.7,0,0,0,0,0,1,0,1,0,0
2023-09-19 08:00:00,95,9,405,2601,0,19.3,6.9,4.7,0,0,0,0,0,1,0,1,0,0
2023-09-19 16:00:00,88,17,448,2357,0,19.3,6.9,4.7,0,0,0,0,0,1,0,1,0,0
2023-09-19 10:00:00,71,11,420,2011,0,19.3,6.9,4.7,0,0,0,0,0,1,0,1,0,0
2023-09-19 15:00:00,51,16,509,1474,0,19.3,6.9,4.7,0,0,0,0,0,1,0,1,0,0
2023-09-19 14:00:00,48,15,444,1454,0,19.3,6.9,4.7,0,0,0,0,0,1,0,1,0,0
2023-09-19 07:00:00,36,8,246,1719,0,19.3,6.9,4.7,0,0,0,0,0,1,0,1,0,0
2023-09-19 21:00:00,6,22,121,598,0,19.3,6.9,4.7,0,0,0,0,0,1,0,1,0,0
2023-09-19 20:00:00,5,21,151,888,0,19.3,6.9,4.7,0,0,0,0,0,1,0,1,0,0
2023-09-19 06:00:00,5,7,88,589,0,19.3,6.9,4.7,0,0,0,0,0,1,0,1,0,0
2023-09-19 19:00:00,3,20,283,1131,0,19.3,6.9,4.7,0,0,0,0,0,1,0,1,0,0
2023-09-19 04:00:00,3,5,25,91,0,19.3,6.9,4.7,0,0,0,0,0,1,0,1,0,0
2023-09-17 07:00:00,1,8,2,633,0,16.0,6.8,9.0,0,0,0,1,0,0,0,1,0,0
2023-09-18 07:00:00,16,8,166,895,0,11.2,11.0,1.9,0,1,0,0,0,0,0,1,0,0
2023-09-19 11:00:00,31,12,383,2093,0,19.3,6.9,4.7,0,0,0,0,0,1,0,1,0,0
2023-09-18 20:00:00,13,21,590,768,0,11.2,11.0,1.9,0,1,0,0,0,0,0,1,0,0
2023-09-18 21:00:00,10,22,379,539,0,11.2,11.0,1.9,0,1,0,0,0,0,0,1,0,0
2023-09-19 12:00:00,25,13,475,2116,0,19.3,6.9,4.7,0,0,0,0,0,1,0,1,0,0
2023-09-18 06:00:00,6,7,82,292,0,11.2,11.0,1.9,0,1,0,0,0,0,0,1,0,0
2023-09-18 22:00:00,6,23,90,207,0,11.2,11.0,1.9,0,1,0,0,0,0,0,1,0,0
2023-09-19 18:00:00,18,19,684,1750,0,19.3,6.9,4.7,0,0,0,0,0,1,0,1,0,0
2023-09-19 13:00:00,16,14,490,1644,0,19.3,6.9,4.7,0,0,0,0,0,1,0,1,0,0
2023-09-17 05:00:00,1,6,2,178,0,16.0,6.8,9.0,0,0,0,1,0,0,0,1,0,0
2023-09-18 12:00:00,122,13,527,1571,0,11.2,11.0,1.9,0,1,0,0,0,0,0,1,0,0
2023-09-18 11:00:00,101,12,505,1262,0,11.2,11.0,1.9,0,1,0,0,0,0,0,1,0,0
2023-09-18 10:00:00,92,11,359,1216,0,11.2,11.0,1.9,0,1,0,0,0,0,0,1,0,0
2023-09-18 09:00:00,80,10,264,1322,0,11.2,11.0,1.9,0,1,0,0,0,0,0,1,0,0
2023-09-18 17:00:00,75,18,1453,2729,0,11.2,11.0,1.9,0,1,0,0,0,0,0,1,0,0
2023-09-18 13:00:00,55,14,617,1470,0,11.2,11.0,1.9,0,1,0,0,0,0,0,1,0,0
2023-09-18 16:00:00,46,17,1728,2618,0,11.2,11.0,1.9,0,1,0,0,0,0,0,1,0,0
2023-09-18 08:00:00,44,9,177,1297,0,11.2,11.0,1.9,0,1,0,0,0,0,0,1,0,0
2023-09-17 06:00:00,0,7,6,384,0,16.0,6.8,9.0,0,0,0,1,0,0,0,1,0,0
2023-09-17 00:00:00,0,1,44,284,0,16.0,6.8,9.0,0,0,0,1,0,0,0,1,0,0
2023-09-18 23:00:00,3,0,58,110,0,11.2,11.0,1.9,0,1,0,0,0,0,0,1,0,0
2023-09-18 15:00:00,43,16,404,1736,0,11.2,11.0,1.9,0,1,0,0,0,0,0,1,0,0
2023-09-18 04:00:00,0,5,0,45,0,11.2,11.0,1.9,0,1,0,0,0,0,0,1,0,0
2023-09-18 00:00:00,0,1,38,41,0,11.2,11.0,1.9,0,1,0,0,0,0,0,1,0,0
2023-09-18 01:00:00,0,2,9,34,0,11.2,11.0,1.9,0,1,0,0,0,0,0,1,0,0
2023-09-17 03:00:00,0,4,10,117,0,16.0,6.8,9.0,0,0,0,1,0,0,0,1,0,0
2023-09-18 14:00:00,30,15,448,1549,0,11.2,11.0,1.9,0,1,0,0,0,0,0,1,0,0
2023-09-18 05:00:00,2,6,16,109,0,11.2,11.0,1.9,0,1,0,0,0,0,0,1,0,0
2023-09-18 02:00:00,0,3,9,31,0,11.2,11.0,1.9,0,1,0,0,0,0,0,1,0,0
2023-09-18 18:00:00,28,19,1151,1677,0,11.2,11.0,1.9,0,1,0,0,0,0,0,1,0,0
2023-09-17 04:00:00,0,5,3,102,0,16.0,6.8,9.0,0,0,0,1,0,0,0,1,0,0
2023-09-18 19:00:00,25,20,874,897,0,11.2,11.0,1.9,0,1,0,0,0,0,0,1,0,0
2023-09-18 03:00:00,0,4,3,20,0,11.2,11.0,1.9,0,1,0,0,0,0,0,1,0,0
2023-09-21 15:00:00,41,16,562,1542,0,15.4,9.2,0.0,0,0,0,0,1,0,0,1,0,0
2023-09-20 16:00:00,64,17,430,1522,0,15.9,9.4,0.2,0,0,0,0,0,0,1,1,0,0
2023-09-20 10:00:00,14,11,397,1744,0,15.9,9.4,0.2,0,0,0,0,0,0,1,1,0,0
2023-09-20 17:00:00,63,18,375,1442,0,15.9,9.4,0.2,0,0,0,0,0,0,1,1,0,0
2023-09-21 16:00:00,40,17,506,1985,0,15.4,9.2,0.0,0,0,0,0,1,0,0,1,0,0
2023-09-21 13:00:00,34,14,260,1405,0,15.4,9.2,0.0,0,0,0,0,1,0,0,1,0,0
2023-09-20 12:00:00,42,13,788,1793,0,15.9,9.4,0.2,0,0,0,0,0,0,1,1,0,0
2023-09-20 01:00:00,0,2,6,75,0,15.9,9.4,0.2,0,0,0,0,0,0,1,1,0,0
2023-09-20 03:00:00,0,4,2,59,0,15.9,9.4,0.2,0,0,0,0,0,0,1,1,0,0
2023-09-19 03:00:00,0,4,27,48,0,19.3,6.9,4.7,0,0,0,0,0,1,0,1,0,0
2023-09-19 00:00:00,0,1,7,9,0,19.3,6.9,4.7,0,0,0,0,0,1,0,1,0,0
2023-09-20 08:00:00,84,9,200,2565,0,15.9,9.4,0.2,0,0,0,0,0,0,1,1,0,0
2023-09-20 09:00:00,75,10,224,2114,0,15.9,9.4,0.2,0,0,0,0,0,0,1,1,0,0
2023-09-20 18:00:00,34,19,267,1115,0,15.9,9.4,0.2,0,0,0,0,0,0,1,1,0,0
2023-09-20 14:00:00,28,15,559,1836,0,15.9,9.4,0.2,0,0,0,0,0,0,1,1,0,0
2023-09-20 13:00:00,28,14,533,1742,0,15.9,9.4,0.2,0,0,0,0,0,0,1,1,0,0
2023-09-20 07:00:00,26,8,235,1909,0,15.9,9.4,0.2,0,0,0,0,0,0,1,1,0,0
2023-09-20 15:00:00,24,16,450,1815,0,15.9,9.4,0.2,0,0,0,0,0,0,1,1,0,0
2023-09-20 11:00:00,19,12,597,1747,0,15.9,9.4,0.2,0,0,0,0,0,0,1,1,0,0
2023-09-21 12:00:00,30,13,294,1666,0,15.4,9.2,0.0,0,0,0,0,1,0,0,1,0,0
2023-09-20 02:00:00,0,3,1,51,0,15.9,9.4,0.2,0,0,0,0,0,0,1,1,0,0
2023-09-21 00:00:00,5,1,38,125,0,15.4,9.2,0.0,0,0,0,0,1,0,0,1,0,0
2023-09-21 18:00:00,28,19,199,1388,0,15.4,9.2,0.0,0,0,0,0,1,0,0,1,0,0
2023-09-21 08:00:00,27,9,243,1691,0,15.4,9.2,0.0,0,0,0,0,1,0,0,1,0,0
2023-09-21 09:00:00,22,10,196,1323,0,15.4,9.2,0.0,0,0,0,0,1,0,0,1,0,0
2023-09-21 10:00:00,21,11,211,1355,0,15.4,9.2,0.0,0,0,0,0,1,0,0,1,0,0
2023-09-21 20:00:00,21,21,189,646,0,15.4,9.2,0.0,0,0,0,0,1,0,0,1,0,0
2023-09-21 11:00:00,18,12,279,1449,0,15.4,9.2,0.0,0,0,0,0,1,0,0,1,0,0
2023-09-21 19:00:00,17,20,230,919,0,15.4,9.2,0.0,0,0,0,0,1,0,0,1,0,0
2023-09-21 21:00:00,15,22,152,477,0,15.4,9.2,0.0,0,0,0,0,1,0,0,1,0,0
2023-09-21 22:00:00,14,23,69,437,0,15.4,9.2,0.0,0,0,0,0,1,0,0,1,0,0
2023-09-20 19:00:00,10,20,199,986,0,15.9,9.4,0.2,0,0,0,0,0,0,1,1,0,0
2023-09-20 06:00:00,3,7,143,643,0,15.9,9.4,0.2,0,0,0,0,0,0,1,1,0,0
2023-09-21 07:00:00,11,8,134,1350,0,15.4,9.2,0.0,0,0,0,0,1,0,0,1,0,0
2023-09-21 14:00:00,10,15,410,1379,0,15.4,9.2,0.0,0,0,0,0,1,0,0,1,0,0
2023-09-20 20:00:00,2,21,61,782,0,15.9,9.4,0.2,0,0,0,0,0,0,1,1,0,0
2023-09-20 00:00:00,1,1,18,100,0,15.9,9.4,0.2,0,0,0,0,0,0,1,1,0,0
2023-09-20 04:00:00,1,5,10,85,0,15.9,9.4,0.2,0,0,0,0,0,0,1,1,0,0
2023-09-20 05:00:00,0,6,17,179,0,15.9,9.4,0.2,0,0,0,0,0,0,1,1,0,0
2023-09-21 23:00:00,2,0,14,179,0,15.4,9.2,0.0,0,0,0,0,1,0,0,1,0,0
2023-09-21 05:00:00,2,6,7,141,0,15.4,9.2,0.0,0,0,0,0,1,0,0,1,0,0
2023-09-20 23:00:00,8,0,98,255,0,15.9,9.4,0.2,0,0,0,0,0,0,1,1,0,0
2023-09-21 06:00:00,7,7,66,509,0,15.4,9.2,0.0,0,0,0,0,1,0,0,1,0,0
2023-09-21 17:00:00,45,18,371,1884,0,15.4,9.2,0.0,0,0,0,0,1,0,0,1,0,0
2023-09-20 22:00:00,6,23,89,308,0,15.9,9.4,0.2,0,0,0,0,0,0,1,1,0,0
2023-09-20 21:00:00,4,22,133,521,0,15.9,9.4,0.2,0,0,0,0,0,0,1,1,0,0
2023-09-22 04:00:00,0,5,3,27,0,11.2,8.2,0.0,1,0,0,0,0,0,0,1,0,0
2023-09-22 22:00:00,3,23,44,405,0,11.2,8.2,0.0,1,0,0,0,0,0,0,1,0,0
2023-09-23 20:00:00,7,21,277,817,0,18.3,6.9,1.2,0,0,1,0,0,0,0,1,0,0
2023-09-23 07:00:00,7,8,31,586,0,18.3,6.9,1.2,0,0,1,0,0,0,0,1,0,0
2023-09-23 22:00:00,6,23,330,508,0,18.3,6.9,1.2,0,0,1,0,0,0,0,1,0,0
2023-09-23 06:00:00,6,7,44,227,0,18.3,6.9,1.2,0,0,1,0,0,0,0,1,0,0
2023-09-23 01:00:00,6,2,25,149,0,18.3,6.9,1.2,0,0,1,0,0,0,0,1,0,0
2023-09-23 00:00:00,3,1,68,186,0,18.3,6.9,1.2,0,0,1,0,0,0,0,1,0,0
2023-09-22 21:00:00,8,22,117,522,0,11.2,8.2,0.0,1,0,0,0,0,0,0,1,0,0
2023-09-22 20:00:00,7,21,89,707,0,11.2,8.2,0.0,1,0,0,0,0,0,0,1,0,0
2023-09-22 06:00:00,5,7,48,462,0,11.2,8.2,0.0,1,0,0,0,0,0,0,1,0,0
2023-09-23 18:00:00,18,19,344,1172,0,18.3,6.9,1.2,0,0,1,0,0,0,0,1,0,0
2023-09-23 13:00:00,56,14,676,2654,0,18.3,6.9,1.2,0,0,1,0,0,0,0,1,0,0
2023-09-23 12:00:00,55,13,667,2642,0,18.3,6.9,1.2,0,0,1,0,0,0,0,1,0,0
2023-09-23 10:00:00,54,11,425,2120,0,18.3,6.9,1.2,0,0,1,0,0,0,0,1,0,0
2023-09-23 11:00:00,51,12,478,2562,0,18.3,6.9,1.2,0,0,1,0,0,0,0,1,0,0
2023-09-23 16:00:00,50,17,497,1586,0,18.3,6.9,1.2,0,0,1,0,0,0,0,1,0,0
2023-09-23 14:00:00,46,15,688,2298,0,18.3,6.9,1.2,0,0,1,0,0,0,0,1,0,0
2023-09-23 15:00:00,45,16,559,1852,0,18.3,6.9,1.2,0,0,1,0,0,0,0,1,0,0
2023-09-23 09:00:00,37,10,260,1766,0,18.3,6.9,1.2,0,0,1,0,0,0,0,1,0,0
2023-09-23 19:00:00,18,20,299,928,0,18.3,6.9,1.2,0,0,1,0,0,0,0,1,0,0
2023-09-23 23:00:00,18,0,208,374,0,18.3,6.9,1.2,0,0,1,0,0,0,0,1,0,0
2023-09-21 04:00:00,0,5,6,50,0,15.4,9.2,0.0,0,0,0,0,1,0,0,1,0,0
2023-09-21 03:00:00,0,4,12,37,0,15.4,9.2,0.0,0,0,0,0,1,0,0,1,0,0
2023-09-22 19:00:00,27,20,241,1421,0,11.2,8.2,0.0,1,0,0,0,0,0,0,1,0,0
2023-09-22 07:00:00,17,8,65,1371,0,11.2,8.2,0.0,1,0,0,0,0,0,0,1,0,0
2023-09-23 02:00:00,2,3,15,94,0,18.3,6.9,1.2,0,0,1,0,0,0,0,1,0,0
2023-09-21 02:00:00,0,3,3,29,0,15.4,9.2,0.0,0,0,0,0,1,0,0,1,0,0
2023-09-21 01:00:00,0,2,5,21,0,15.4,9.2,0.0,0,0,0,0,1,0,0,1,0,0
2023-09-23 04:00:00,2,5,16,46,0,18.3,6.9,1.2,0,0,1,0,0,0,0,1,0,0
2023-09-22 05:00:00,1,6,7,140,0,11.2,8.2,0.0,1,0,0,0,0,0,0,1,0,0
2023-09-22 03:00:00,1,4,5,27,0,11.2,8.2,0.0,1,0,0,0,0,0,0,1,0,0
2023-09-23 17:00:00,13,18,441,1371,0,18.3,6.9,1.2,0,0,1,0,0,0,0,1,0,0
2023-09-22 01:00:00,1,2,21,21,0,11.2,8.2,0.0,1,0,0,0,0,0,0,1,0,0
2023-09-23 08:00:00,13,9,138,1113,0,18.3,6.9,1.2,0,0,1,0,0,0,0,1,0,0
2023-09-22 02:00:00,1,3,13,19,0,11.2,8.2,0.0,1,0,0,0,0,0,0,1,0,0
2023-09-22 16:00:00,67,17,490,3039,0,11.2,8.2,0.0,1,0,0,0,0,0,0,1,0,0
2023-09-22 17:00:00,60,18,392,2727,0,11.2,8.2,0.0,1,0,0,0,0,0,0,1,0,0
2023-09-22 15:00:00,58,16,465,2627,0,11.2,8.2,0.0,1,0,0,0,0,0,0,1,0,0
2023-09-22 14:00:00,57,15,452,2246,0,11.2,8.2,0.0,1,0,0,0,0,0,0,1,0,0
2023-09-22 11:00:00,53,12,309,2166,0,11.2,8.2,0.0,1,0,0,0,0,0,0,1,0,0
2023-09-22 09:00:00,52,10,120,1900,0,11.2,8.2,0.0,1,0,0,0,0,0,0,1,0,0
2023-09-22 18:00:00,47,19,256,1980,0,11.2,8.2,0.0,1,0,0,0,0,0,0,1,0,0
2023-09-22 12:00:00,44,13,387,2419,0,11.2,8.2,0.0,1,0,0,0,0,0,0,1,0,0
2023-09-22 13:00:00,43,14,405,2418,0,11.2,8.2,0.0,1,0,0,0,0,0,0,1,0,0
2023-09-22 10:00:00,43,11,329,2000,0,11.2,8.2,0.0,1,0,0,0,0,0,0,1,0,0
2023-09-22 08:00:00,41,9,107,2419,0,11.2,8.2,0.0,1,0,0,0,0,0,0,1,0,0
2023-09-22 23:00:00,0,0,63,284,0,11.2,8.2,0.0,1,0,0,0,0,0,0,1,0,0
2023-09-22 00:00:00,0,1,28,99,0,11.2,8.2,0.0,1,0,0,0,0,0,0,1,0,0
2023-09-23 21:00:00,10,22,173,622,0,18.3,6.9,1.2,0,0,1,0,0,0,0,1,0,0
2023-09-23 05:00:00,10,6,40,121,0,18.3,6.9,1.2,0,0,1,0,0,0,0,1,0,0
2023-09-23 03:00:00,0,4,9,80,0,18.3,6.9,1.2,0,0,1,0,0,0,0,1,0,0
2023-09-24 06:00:00,1,7,56,163,0,18.8,9.3,2.5,0,0,0,1,0,0,0,1,0,0
2023-09-24 02:00:00,1,3,11,125,0,18.8,9.3,2.5,0,0,0,1,0,0,0,1,0,0
2023-09-25 00:00:00,1,1,53,130,0,16.7,12.4,0.0,0,1,0,0,0,0,0,1,0,0
2023-09-24 03:00:00,1,4,20,91,0,18.8,9.3,2.5,0,0,0,1,0,0,0,1,0,0
2023-09-24 05:00:00,1,6,15,73,0,18.8,9.3,2.5,0,0,0,1,0,0,0,1,0,0
2023-09-24 04:00:00,1,5,7,69,0,18.8,9.3,2.5,0,0,0,1,0,0,0,1,0,0
2023-09-24 20:00:00,12,21,305,702,0,18.8,9.3,2.5,0,0,0,1,0,0,0,1,0,0
2023-09-25 17:00:00,67,18,367,2596,0,16.7,12.4,0.0,0,1,0,0,0,0,0,1,0,0
2023-09-25 19:00:00,20,20,294,1150,0,16.7,12.4,0.0,0,1,0,0,0,0,0,1,0,0
2023-09-24 07:00:00,4,8,58,282,0,18.8,9.3,2.5,0,0,0,1,0,0,0,1,0,0
2023-09-24 16:00:00,92,17,364,2067,0,18.8,9.3,2.5,0,0,0,1,0,0,0,1,0,0
2023-09-24 17:00:00,81,18,229,1699,0,18.8,9.3,2.5,0,0,0,1,0,0,0,1,0,0
2023-09-24 10:00:00,64,11,336,1453,0,18.8,9.3,2.5,0,0,0,1,0,0,0,1,0,0
2023-09-24 15:00:00,48,16,473,2006,0,18.8,9.3,2.5,0,0,0,1,0,0,0,1,0,0
2023-09-24 14:00:00,44,15,508,1876,0,18.8,9.3,2.5,0,0,0,1,0,0,0,1,0,0
2023-09-24 11:00:00,43,12,438,1841,0,18.8,9.3,2.5,0,0,0,1,0,0,0,1,0,0
2023-09-24 18:00:00,42,19,240,1258,0,18.8,9.3,2.5,0,0,0,1,0,0,0,1,0,0
2023-09-24 13:00:00,32,14,499,1958,0,18.8,9.3,2.5,0,0,0,1,0,0,0,1,0,0
2023-09-24 19:00:00,30,20,265,960,0,18.8,9.3,2.5,0,0,0,1,0,0,0,1,0,0
2023-09-24 12:00:00,24,13,552,1963,0,18.8,9.3,2.5,0,0,0,1,0,0,0,1,0,0
2023-09-25 07:00:00,17,8,101,1805,0,16.7,12.4,0.0,0,1,0,0,0,0,0,1,0,0
2023-09-25 15:00:00,48,16,372,2031,0,16.7,12.4,0.0,0,1,0,0,0,0,0,1,0,0
2023-09-25 10:00:00,46,11,282,2041,0,16.7,12.4,0.0,0,1,0,0,0,0,0,1,0,0
2023-09-25 11:00:00,44,12,367,2096,0,16.7,12.4,0.0,0,1,0,0,0,0,0,1,0,0
2023-09-25 16:00:00,43,17,313,2529,0,16.7,12.4,0.0,0,1,0,0,0,0,0,1,0,0
2023-09-25 12:00:00,30,13,366,2166,0,16.7,12.4,0.0,0,1,0,0,0,0,0,1,0,0
2023-09-25 09:00:00,30,10,143,1966,0,16.7,12.4,0.0,0,1,0,0,0,0,0,1,0,0
2023-09-25 18:00:00,29,19,228,1841,0,16.7,12.4,0.0,0,1,0,0,0,0,0,1,0,0
2023-09-25 14:00:00,28,15,387,2063,0,16.7,12.4,0.0,0,1,0,0,0,0,0,1,0,0
2023-09-25 08:00:00,27,9,140,2694,0,16.7,12.4,0.0,0,1,0,0,0,0,0,1,0,0
2023-09-25 13:00:00,26,14,523,2049,0,16.7,12.4,0.0,0,1,0,0,0,0,0,1,0,0
2023-09-25 20:00:00,16,21,289,859,0,16.7,12.4,0.0,0,1,0,0,0,0,0,1,0,0
2023-09-25 05:00:00,5,6,25,209,0,16.7,12.4,0.0,0,1,0,0,0,0,0,1,0,0
2023-09-25 23:00:00,5,0,28,202,0,16.7,12.4,0.0,0,1,0,0,0,0,0,1,0,0
2023-09-25 04:00:00,2,5,10,67,0,16.7,12.4,0.0,0,1,0,0,0,0,0,1,0,0
2023-09-24 08:00:00,8,9,72,450,0,18.8,9.3,2.5,0,0,0,1,0,0,0,1,0,0
2023-09-25 22:00:00,14,23,79,324,0,16.7,12.4,0.0,0,1,0,0,0,0,0,1,0,0
2023-09-24 22:00:00,3,23,103,333,0,18.8,9.3,2.5,0,0,0,1,0,0,0,1,0,0
2023-09-25 01:00:00,0,2,2,58,0,16.7,12.4,0.0,0,1,0,0,0,0,0,1,0,0
2023-09-25 03:00:00,0,4,1,55,0,16.7,12.4,0.0,0,1,0,0,0,0,0,1,0,0
2023-09-25 02:00:00,0,3,7,45,0,16.7,12.4,0.0,0,1,0,0,0,0,0,1,0,0
2023-09-24 01:00:00,8,2,37,177,0,18.8,9.3,2.5,0,0,0,1,0,0,0,1,0,0
2023-09-24 23:00:00,2,0,18,173,0,18.8,9.3,2.5,0,0,0,1,0,0,0,1,0,0
2023-09-24 09:00:00,6,10,137,802,0,18.8,9.3,2.5,0,0,0,1,0,0,0,1,0,0
2023-09-24 00:00:00,6,1,46,297,0,18.8,9.3,2.5,0,0,0,1,0,0,0,1,0,0
2023-09-25 21:00:00,10,22,115,479,0,16.7,12.4,0.0,0,1,0,0,0,0,0,1,0,0
2023-09-25 06:00:00,9,7,78,584,0,16.7,12.4,0.0,0,1,0,0,0,0,0,1,0,0
2023-09-24 21:00:00,5,22,117,474,0,18.8,9.3,2.5,0,0,0,1,0,0,0,1,0,0
2023-09-27 12:00:00,40,13,428,2124,0,15.6,6.3,9.4,0,0,0,0,0,0,1,1,0,0
2023-09-26 19:00:00,14,20,199,1019,0,15.1,11.4,0.5,0,0,0,0,0,1,0,1,0,0
2023-09-27 01:00:00,0,2,4,65,0,15.6,6.3,9.4,0,0,0,0,0,0,1,1,0,0
2023-09-26 17:00:00,74,18,344,2376,0,15.1,11.4,0.5,0,0,0,0,0,1,0,1,0,0
2023-09-27 10:00:00,38,11,296,1917,0,15.6,6.3,9.4,0,0,0,0,0,0,1,1,0,0
2023-09-26 00:00:00,6,1,28,120,0,15.1,11.4,0.5,0,0,0,0,0,1,0,1,0,0
2023-09-26 13:00:00,70,14,359,1945,0,15.1,11.4,0.5,0,0,0,0,0,1,0,1,0,0
2023-09-26 20:00:00,13,21,227,699,0,15.1,11.4,0.5,0,0,0,0,0,1,0,1,0,0
2023-09-26 15:00:00,57,16,345,1984,0,15.1,11.4,0.5,0,0,0,0,0,1,0,1,0,0
2023-09-27 02:00:00,0,3,8,47,0,15.6,6.3,9.4,0,0,0,0,0,0,1,1,0,0
2023-09-26 08:00:00,56,9,211,2391,0,15.1,11.4,0.5,0,0,0,0,0,1,0,1,0,0
2023-09-27 13:00:00,33,14,446,1624,0,15.6,6.3,9.4,0,0,0,0,0,0,1,1,0,0
2023-09-26 14:00:00,54,15,326,1822,0,15.1,11.4,0.5,0,0,0,0,0,1,0,1,0,0
2023-09-26 16:00:00,51,17,356,2702,0,15.1,11.4,0.5,0,0,0,0,0,1,0,1,0,0
2023-09-27 11:00:00,22,12,310,2106,0,15.6,6.3,9.4,0,0,0,0,0,0,1,1,0,0
2023-09-27 19:00:00,20,20,223,764,0,15.6,6.3,9.4,0,0,0,0,0,0,1,1,0,0
2023-09-27 07:00:00,18,8,120,1804,0,15.6,6.3,9.4,0,0,0,0,0,0,1,1,0,0
2023-09-26 05:00:00,5,6,17,150,0,15.1,11.4,0.5,0,0,0,0,0,1,0,1,0,0
2023-09-26 04:00:00,3,5,3,62,0,15.1,11.4,0.5,0,0,0,0,0,1,0,1,0,0
2023-09-26 23:00:00,2,0,51,185,0,15.1,11.4,0.5,0,0,0,0,0,1,0,1,0,0
2023-09-26 21:00:00,1,22,152,476,0,15.1,11.4,0.5,0,0,0,0,0,1,0,1,0,0
2023-09-26 03:00:00,0,4,3,46,0,15.1,11.4,0.5,0,0,0,0,0,1,0,1,0,0
2023-09-27 23:00:00,2,0,60,155,0,15.6,6.3,9.4,0,0,0,0,0,0,1,1,0,0
2023-09-27 03:00:00,0,4,6,24,0,15.6,6.3,9.4,0,0,0,0,0,0,1,1,0,0
2023-09-28 15:00:00,63,16,391,2100,0,16.9,11.1,0.5,0,0,0,0,1,0,0,1,0,0
2023-09-28 17:00:00,59,18,295,2905,0,16.9,11.1,0.5,0,0,0,0,1,0,0,1,0,0
2023-09-28 16:00:00,54,17,374,2969,0,16.9,11.1,0.5,0,0,0,0,1,0,0,1,0,0
2023-09-28 09:00:00,46,10,241,1925,0,16.9,11.1,0.5,0,0,0,0,1,0,0,1,0,0
2023-09-28 14:00:00,44,15,367,1973,0,16.9,11.1,0.5,0,0,0,0,1,0,0,1,0,0
2023-09-28 13:00:00,40,14,396,1955,0,16.9,11.1,0.5,0,0,0,0,1,0,0,1,0,0
2023-09-28 12:00:00,30,13,355,2045,0,16.9,11.1,0.5,0,0,0,0,1,0,0,1,0,0
2023-09-26 02:00:00,0,3,1,44,0,15.1,11.4,0.5,0,0,0,0,0,1,0,1,0,0
2023-09-26 06:00:00,11,7,69,580,0,15.1,11.4,0.5,0,0,0,0,0,1,0,1,0,0
2023-09-26 01:00:00,0,2,6,42,0,15.1,11.4,0.5,0,0,0,0,0,1,0,1,0,0
2023-09-26 12:00:00,41,13,391,2070,0,15.1,11.4,0.5,0,0,0,0,0,1,0,1,0,0
2023-09-27 00:00:00,1,1,22,93,0,15.6,6.3,9.4,0,0,0,0,0,0,1,1,0,0
2023-09-27 04:00:00,1,5,6,62,0,15.6,6.3,9.4,0,0,0,0,0,0,1,1,0,0
2023-09-27 05:00:00,0,6,21,138,0,15.6,6.3,9.4,0,0,0,0,0,0,1,1,0,0
2023-09-26 09:00:00,31,10,189,1215,0,15.1,11.4,0.5,0,0,0,0,0,1,0,1,0,0
2023-09-26 10:00:00,30,11,242,1922,0,15.1,11.4,0.5,0,0,0,0,0,1,0,1,0,0
2023-09-26 18:00:00,28,19,290,2033,0,15.1,11.4,0.5,0,0,0,0,0,1,0,1,0,0
2023-09-26 22:00:00,7,23,113,362,0,15.1,11.4,0.5,0,0,0,0,0,1,0,1,0,0
2023-09-27 15:00:00,143,16,481,2269,0,15.6,6.3,9.4,0,0,0,0,0,0,1,1,0,0
2023-09-26 07:00:00,21,8,113,1864,0,15.1,11.4,0.5,0,0,0,0,0,1,0,1,0,0
2023-09-27 17:00:00,137,18,328,1950,0,15.6,6.3,9.4,0,0,0,0,0,0,1,1,0,0
2023-09-27 16:00:00,113,17,407,2335,0,15.6,6.3,9.4,0,0,0,0,0,0,1,1,0,0
2023-09-27 14:00:00,60,15,434,2146,0,15.6,6.3,9.4,0,0,0,0,0,0,1,1,0,0
2023-09-27 18:00:00,48,19,310,1992,0,15.6,6.3,9.4,0,0,0,0,0,0,1,1,0,0
2023-09-27 08:00:00,45,9,190,2689,0,15.6,6.3,9.4,0,0,0,0,0,0,1,1,0,0
2023-09-27 09:00:00,44,10,248,1982,0,15.6,6.3,9.4,0,0,0,0,0,0,1,1,0,0
2023-09-27 22:00:00,5,23,87,226,0,15.6,6.3,9.4,0,0,0,0,0,0,1,1,0,0
2023-09-26 11:00:00,16,12,296,1889,0,15.1,11.4,0.5,0,0,0,0,0,1,0,1,0,0
2023-09-27 21:00:00,4,22,127,330,0,15.6,6.3,9.4,0,0,0,0,0,0,1,1,0,0
2023-09-27 06:00:00,3,7,60,591,0,15.6,6.3,9.4,0,0,0,0,0,0,1,1,0,0
2023-09-27 20:00:00,2,21,131,480,0,15.6,6.3,9.4,0,0,0,0,0,0,1,1,0,0
2023-09-28 23:00:00,3,0,47,192,0,16.9,11.1,0.5,0,0,0,0,1,0,0,1,0,0
2023-09-28 01:00:00,0,2,13,41,0,16.9,11.1,0.5,0,0,0,0,1,0,0,1,0,0
2023-09-29 17:00:00,29,18,216,2427,0,11.2,11.2,0.0,1,0,0,0,0,0,0,1,0,0
2023-09-28 04:00:00,2,5,6,60,0,16.9,11.1,0.5,0,0,0,0,1,0,0,1,0,0
2023-09-28 05:00:00,1,6,33,122,0,16.9,11.1,0.5,0,0,0,0,1,0,0,1,0,0
2023-09-29 12:00:00,28,13,335,2264,0,11.2,11.2,0.0,1,0,0,0,0,0,0,1,0,0
2023-09-28 02:00:00,0,3,8,35,0,16.9,11.1,0.5,0,0,0,0,1,0,0,1,0,0
2023-09-28 10:00:00,25,11,227,1921,0,16.9,11.1,0.5,0,0,0,0,1,0,0,1,0,0
2023-09-29 19:00:00,26,20,305,1425,0,11.2,11.2,0.0,1,0,0,0,0,0,0,1,0,0
2023-09-29 18:00:00,18,19,121,961,0,11.2,11.2,0.0,1,0,0,0,0,0,0,1,0,0
2023-09-29 20:00:00,13,21,255,981,0,11.2,11.2,0.0,1,0,0,0,0,0,0,1,0,0
2023-09-29 07:00:00,11,8,66,1635,0,11.2,11.2,0.0,1,0,0,0,0,0,0,1,0,0
2023-09-29 22:00:00,11,23,245,560,0,11.2,11.2,0.0,1,0,0,0,0,0,0,1,0,0
2023-09-29 21:00:00,10,22,163,725,0,11.2,11.2,0.0,1,0,0,0,0,0,0,1,0,0
2023-09-28 03:00:00,0,4,8,32,0,16.9,11.1,0.5,0,0,0,0,1,0,0,1,0,0
2023-09-28 11:00:00,21,12,416,1980,0,16.9,11.1,0.5,0,0,0,0,1,0,0,1,0,0
2023-09-28 08:00:00,19,9,175,1673,0,16.9,11.1,0.5,0,0,0,0,1,0,0,1,0,0
2023-09-28 19:00:00,17,20,258,1297,0,16.9,11.1,0.5,0,0,0,0,1,0,0,1,0,0
2023-09-28 18:00:00,14,19,181,1765,0,16.9,11.1,0.5,0,0,0,0,1,0,0,1,0,0
2023-09-28 07:00:00,13,8,181,1480,0,16.9,11.1,0.5,0,0,0,0,1,0,0,1,0,0
2023-09-29 04:00:00,2,5,2,65,0,11.2,11.2,0.0,1,0,0,0,0,0,0,1,0,0
2023-09-29 06:00:00,5,7,61,557,0,11.2,11.2,0.0,1,0,0,0,0,0,0,1,0,0
2023-09-29 23:00:00,4,0,168,272,0,11.2,11.2,0.0,1,0,0,0,0,0,0,1,0,0
2023-09-29 05:00:00,1,6,22,198,0,11.2,11.2,0.0,1,0,0,0,0,0,0,1,0,0
2023-09-28 21:00:00,8,22,135,604,0,16.9,11.1,0.5,0,0,0,0,1,0,0,1,0,0
2023-09-29 09:00:00,67,10,239,2111,0,11.2,11.2,0.0,1,0,0,0,0,0,0,1,0,0
2023-09-29 11:00:00,49,12,298,2253,0,11.2,11.2,0.0,1,0,0,0,0,0,0,1,0,0
2023-09-29 10:00:00,47,11,248,2078,0,11.2,11.2,0.0,1,0,0,0,0,0,0,1,0,0
2023-09-29 15:00:00,45,16,243,2261,0,11.2,11.2,0.0,1,0,0,0,0,0,0,1,0,0
2023-09-29 13:00:00,45,14,397,2176,0,11.2,11.2,0.0,1,0,0,0,0,0,0,1,0,0
2023-09-29 16:00:00,44,17,283,3064,0,11.2,11.2,0.0,1,0,0,0,0,0,0,1,0,0
2023-09-29 14:00:00,44,15,288,2010,0,11.2,11.2,0.0,1,0,0,0,0,0,0,1,0,0
2023-09-29 08:00:00,29,9,149,2675,0,11.2,11.2,0.0,1,0,0,0,0,0,0,1,0,0
2023-09-28 22:00:00,6,23,105,363,0,16.9,11.1,0.5,0,0,0,0,1,0,0,1,0,0
2023-09-28 06:00:00,6,7,113,324,0,16.9,11.1,0.5,0,0,0,0,1,0,0,1,0,0
2023-09-28 20:00:00,5,21,173,629,0,16.9,11.1,0.5,0,0,0,0,1,0,0,1,0,0
2023-09-28 00:00:00,5,1,63,81,0,16.9,11.1,0.5,0,0,0,0,1,0,0,1,0,0
2023-09-30 17:00:00,86,18,440,1805,0,18.6,7.7,2.1,0,0,1,0,0,0,0,1,0,0
2023-09-30 16:00:00,74,17,699,2203,0,18.6,7.7,2.1,0,0,1,0,0,0,0,1,0,0
2023-09-30 10:00:00,71,11,264,1788,0,18.6,7.7,2.1,0,0,1,0,0,0,0,1,0,0
2023-09-30 14:00:00,69,15,525,2015,0,18.6,7.7,2.1,0,0,1,0,0,0,0,1,0,0
2023-09-30 11:00:00,67,12,383,2153,0,18.6,7.7,2.1,0,0,1,0,0,0,0,1,0,0
2023-09-30 09:00:00,62,10,178,1615,0,18.6,7.7,2.1,0,0,1,0,0,0,0,1,0,0
2023-09-30 12:00:00,54,13,671,2464,0,18.6,7.7,2.1,0,0,1,0,0,0,0,1,0,0
2023-09-30 13:00:00,53,14,474,2184,0,18.6,7.7,2.1,0,0,1,0,0,0,0,1,0,0
2023-09-30 15:00:00,53,16,544,2013,0,18.6,7.7,2.1,0,0,1,0,0,0,0,1,0,0
2023-09-30 18:00:00,35,19,336,1588,0,18.6,7.7,2.1,0,0,1,0,0,0,0,1,0,0
2023-09-30 19:00:00,33,20,278,1386,0,18.6,7.7,2.1,0,0,1,0,0,0,0,1,0,0
2023-09-30 08:00:00,29,9,66,1108,0,18.6,7.7,2.1,0,0,1,0,0,0,0,1,0,0
2023-09-30 20:00:00,25,21,178,980,0,18.6,7.7,2.1,0,0,1,0,0,0,0,1,0,0
2023-09-29 00:00:00,0,1,33,144,0,11.2,11.2,0.0,1,0,0,0,0,0,0,1,0,0
2023-09-29 01:00:00,0,2,7,68,0,11.2,11.2,0.0,1,0,0,0,0,0,0,1,0,0
2023-09-29 03:00:00,0,4,2,48,0,11.2,11.2,0.0,1,0,0,0,0,0,0,1,0,0
2023-09-29 02:00:00,0,3,3,47,0,11.2,11.2,0.0,1,0,0,0,0,0,0,1,0,0
2023-09-30 00:00:00,1,1,94,167,0,18.6,7.7,2.1,0,0,1,0,0,0,0,1,0,0
2023-09-30 01:00:00,1,2,14,94,0,18.6,7.7,2.1,0,0,1,0,0,0,0,1,0,0
2023-09-30 02:00:00,1,3,7,66,0,18.6,7.7,2.1,0,0,1,0,0,0,0,1,0,0
2023-09-30 04:00:00,1,5,16,61,0,18.6,7.7,2.1,0,0,1,0,0,0,0,1,0,0
2023-09-30 03:00:00,0,4,21,50,0,18.6,7.7,2.1,0,0,1,0,0,0,0,1,0,0
2023-09-30 22:00:00,20,23,242,560,0,18.6,7.7,2.1,0,0,1,0,0,0,0,1,0,0
2023-09-30 06:00:00,5,7,39,272,0,18.6,7.7,2.1,0,0,1,0,0,0,0,1,0,0
2023-09-30 23:00:00,17,0,191,446,0,18.6,7.7,2.1,0,0,1,0,0,0,0,1,0,0
2023-09-30 05:00:00,2,6,21,127,0,18.6,7.7,2.1,0,0,1,0,0,0,0,1,0,0
2023-09-30 21:00:00,10,22,114,635,0,18.6,7.7,2.1,0,0,1,0,0,0,0,1,0,0
2023-09-30 07:00:00,7,8,30,551,0,18.6,7.7,2.1,0,0,1,0,0,0,0,1,0,0
