ds,y,Finishing time,Number of Bicycles,Number of Road Vehicles,isHoliday,TMAX,TMIN,PRCP,Day of the Week_Fri,Day of the Week_Mon,Day of the Week_Sat,Day of the Week_Sun,Day of the Week_Thu,Day of the Week_Tue,Day of the Week_Wed,TimeZone_BST,TimeZone_GMT
2023-08-13 22:00:00,239,23,0,55,0,19.7,13.4,1.1,0,0,0,1,0,0,0,1,0
2023-08-01 13:00:00,3351,14,28,16,0,17.8,13.1,0.0,0,0,0,0,0,1,0,1,0
2023-08-13 23:00:00,81,0,0,54,0,19.7,13.4,1.1,0,0,0,1,0,0,0,1,0
2023-08-01 10:00:00,2179,11,20,22,0,17.8,13.1,0.0,0,0,0,0,0,1,0,1,0
2023-08-13 04:00:00,21,5,0,38,0,19.7,13.4,1.1,0,0,0,1,0,0,0,1,0
2023-08-01 14:00:00,3313,15,18,12,0,17.8,13.1,0.0,0,0,0,0,0,1,0,1,0
2023-08-01 15:00:00,2811,16,17,10,0,17.8,13.1,0.0,0,0,0,0,0,1,0,1,0
2023-08-13 06:00:00,45,7,0,12,0,19.7,13.4,1.1,0,0,0,1,0,0,0,1,0
2023-08-14 17:00:00,1563,18,26,3,0,20.6,13.5,0.0,0,1,0,0,0,0,0,1,0
2023-08-01 16:00:00,2207,17,14,16,0,17.8,13.1,0.0,0,0,0,0,0,1,0,1,0
2023-08-01 17:00:00,1416,18,14,10,0,17.8,13.1,0.0,0,0,0,0,0,1,0,1,0
2023-08-14 15:00:00,2264,16,22,32,0,20.6,13.5,0.0,0,1,0,0,0,0,0,1,0
2023-08-14 18:00:00,612,19,22,8,0,20.6,13.5,0.0,0,1,0,0,0,0,0,1,0
2023-08-01 12:00:00,3349,13,13,19,0,17.8,13.1,0.0,0,0,0,0,0,1,0,1,0
2023-08-01 18:00:00,573,19,13,3,0,17.8,13.1,0.0,0,0,0,0,0,1,0,1,0
2023-08-14 08:00:00,615,9,18,58,0,20.6,13.5,0.0,0,1,0,0,0,0,0,1,0
2023-08-14 14:00:00,3183,15,15,40,0,20.6,13.5,0.0,0,1,0,0,0,0,0,1,0
2023-08-01 11:00:00,3143,12,12,10,0,17.8,13.1,0.0,0,0,0,0,0,1,0,1,0
2023-08-01 09:00:00,1236,10,9,25,0,17.8,13.1,0.0,0,0,0,0,0,1,0,1,0
2023-08-14 10:00:00,2561,11,13,68,0,20.6,13.5,0.0,0,1,0,0,0,0,0,1,0
2023-08-14 19:00:00,376,20,13,4,0,20.6,13.5,0.0,0,1,0,0,0,0,0,1,0
2023-08-01 20:00:00,272,21,7,10,0,17.8,13.1,0.0,0,0,0,0,0,1,0,1,0
2023-08-01 06:00:00,164,7,4,15,0,17.8,13.1,0.0,0,0,0,0,0,1,0,1,0
2023-08-14 20:00:00,442,21,10,28,0,20.6,13.5,0.0,0,1,0,0,0,0,0,1,0
2023-08-14 11:00:00,2617,12,9,48,0,20.6,13.5,0.0,0,1,0,0,0,0,0,1,0
2023-08-01 19:00:00,341,20,4,10,0,17.8,13.1,0.0,0,0,0,0,0,1,0,1,0
2023-08-01 07:00:00,173,8,3,12,0,17.8,13.1,0.0,0,0,0,0,0,1,0,1,0
2023-08-14 07:00:00,340,8,8,78,0,20.6,13.5,0.0,0,1,0,0,0,0,0,1,0
2023-08-14 13:00:00,3279,14,6,36,0,20.6,13.5,0.0,0,1,0,0,0,0,0,1,0
2023-08-01 08:00:00,624,9,3,7,0,17.8,13.1,0.0,0,0,0,0,0,1,0,1,0
2023-08-01 23:00:00,54,0,1,22,0,17.8,13.1,0.0,0,0,0,0,0,1,0,1,0
2023-08-14 16:00:00,910,17,6,5,0,20.6,13.5,0.0,0,1,0,0,0,0,0,1,0
2023-08-01 21:00:00,146,22,1,7,0,17.8,13.1,0.0,0,0,0,0,0,1,0,1,0
2023-08-01 05:00:00,21,6,1,1,0,17.8,13.1,0.0,0,0,0,0,0,1,0,1,0
2023-08-14 06:00:00,144,7,4,49,0,20.6,13.5,0.0,0,1,0,0,0,0,0,1,0
2023-08-14 09:00:00,962,10,3,37,0,20.6,13.5,0.0,0,1,0,0,0,0,0,1,0
2023-08-01 00:00:00,19,1,1,0,0,17.8,13.1,0.0,0,0,0,0,0,1,0,1,0
2023-08-01 22:00:00,100,23,0,1,0,17.8,13.1,0.0,0,0,0,0,0,1,0,1,0
2023-08-14 21:00:00,566,22,2,72,0,20.6,13.5,0.0,0,1,0,0,0,0,0,1,0
2023-08-14 22:00:00,327,23,2,72,0,20.6,13.5,0.0,0,1,0,0,0,0,0,1,0
2023-08-01 04:00:00,7,5,0,1,0,17.8,13.1,0.0,0,0,0,0,0,1,0,1,0
2023-08-14 00:00:00,56,1,2,39,0,20.6,13.5,0.0,0,1,0,0,0,0,0,1,0
2023-08-14 01:00:00,30,2,2,25,0,20.6,13.5,0.0,0,1,0,0,0,0,0,1,0
2023-08-01 01:00:00,8,2,0,0,0,17.8,13.1,0.0,0,0,0,0,0,1,0,1,0
2023-08-14 02:00:00,9,3,1,33,0,20.6,13.5,0.0,0,1,0,0,0,0,0,1,0
2023-08-01 02:00:00,4,3,0,0,0,17.8,13.1,0.0,0,0,0,0,0,1,0,1,0
2023-08-01 03:00:00,1,4,0,0,0,17.8,13.1,0.0,0,0,0,0,0,1,0,1,0
2023-08-14 03:00:00,8,4,1,23,0,20.6,13.5,0.0,0,1,0,0,0,0,0,1,0
2023-08-14 12:00:00,2008,13,1,10,0,20.6,13.5,0.0,0,1,0,0,0,0,0,1,0
2023-08-02 11:00:00,2658,12,23,27,0,19.8,13.5,2.1,0,0,0,0,0,0,1,1,0
2023-08-02 10:00:00,2196,11,20,43,0,19.8,13.5,2.1,0,0,0,0,0,0,1,1,0
2023-08-14 23:00:00,82,0,0,39,0,20.6,13.5,0.0,0,1,0,0,0,0,0,1,0
2023-08-14 05:00:00,43,6,0,23,0,20.6,13.5,0.0,0,1,0,0,0,0,0,1,0
2023-08-02 18:00:00,864,19,19,123,0,19.8,13.5,2.1,0,0,0,0,0,0,1,1,0
2023-08-14 04:00:00,10,5,0,11,0,20.6,13.5,0.0,0,1,0,0,0,0,0,1,0
2023-08-02 17:00:00,1909,18,18,90,0,19.8,13.5,2.1,0,0,0,0,0,0,1,1,0
2023-08-02 19:00:00,472,20,10,47,0,19.8,13.5,2.1,0,0,0,0,0,0,1,1,0
2023-08-15 12:00:00,5159,13,32,60,0,18.4,11.2,0.9,0,0,0,0,0,1,0,1,0
2023-08-02 09:00:00,1132,10,8,50,0,19.8,13.5,2.1,0,0,0,0,0,0,1,1,0
2023-08-15 10:00:00,3298,11,30,76,0,18.4,11.2,0.9,0,0,0,0,0,1,0,1,0
2023-08-15 14:00:00,2987,15,22,45,0,18.4,11.2,0.9,0,0,0,0,0,1,0,1,0
2023-08-02 08:00:00,637,9,6,43,0,19.8,13.5,2.1,0,0,0,0,0,0,1,1,0
2023-08-02 06:00:00,74,7,6,17,0,19.8,13.5,2.1,0,0,0,0,0,0,1,1,0
2023-08-02 13:00:00,1312,14,6,13,0,19.8,13.5,2.1,0,0,0,0,0,0,1,1,0
2023-08-02 21:00:00,308,22,6,8,0,19.8,13.5,2.1,0,0,0,0,0,0,1,1,0
2023-08-02 14:00:00,656,15,5,5,0,19.8,13.5,2.1,0,0,0,0,0,0,1,1,0
2023-08-02 16:00:00,556,17,5,4,0,19.8,13.5,2.1,0,0,0,0,0,0,1,1,0
2023-08-02 07:00:00,198,8,4,41,0,19.8,13.5,2.1,0,0,0,0,0,0,1,1,0
2023-08-15 09:00:00,1785,10,17,82,0,18.4,11.2,0.9,0,0,0,0,0,1,0,1,0
2023-08-02 05:00:00,25,6,3,17,0,19.8,13.5,2.1,0,0,0,0,0,0,1,1,0
2023-08-15 19:00:00,216,20,14,74,0,18.4,11.2,0.9,0,0,0,0,0,1,0,1,0
2023-08-02 01:00:00,10,2,1,20,0,19.8,13.5,2.1,0,0,0,0,0,0,1,1,0
2023-08-15 11:00:00,3912,12,12,76,0,18.4,11.2,0.9,0,0,0,0,0,1,0,1,0
2023-08-02 04:00:00,8,5,1,6,0,19.8,13.5,2.1,0,0,0,0,0,0,1,1,0
2023-08-15 08:00:00,706,9,12,61,0,18.4,11.2,0.9,0,0,0,0,0,1,0,1,0
2023-08-02 20:00:00,263,21,1,5,0,19.8,13.5,2.1,0,0,0,0,0,0,1,1,0
2023-08-15 17:00:00,993,18,12,58,0,18.4,11.2,0.9,0,0,0,0,0,1,0,1,0
2023-08-02 22:00:00,135,23,1,5,0,19.8,13.5,2.1,0,0,0,0,0,0,1,1,0
2023-08-15 16:00:00,2002,17,11,55,0,18.4,11.2,0.9,0,0,0,0,0,1,0,1,0
2023-08-02 00:00:00,40,1,0,21,0,19.8,13.5,2.1,0,0,0,0,0,0,1,1,0
2023-08-15 13:00:00,3980,14,11,52,0,18.4,11.2,0.9,0,0,0,0,0,1,0,1,0
2023-08-02 02:00:00,6,3,0,13,0,19.8,13.5,2.1,0,0,0,0,0,0,1,1,0
2023-08-15 15:00:00,2290,16,11,44,0,18.4,11.2,0.9,0,0,0,0,0,1,0,1,0
2023-08-02 23:00:00,44,0,0,12,0,19.8,13.5,2.1,0,0,0,0,0,0,1,1,0
2023-08-15 18:00:00,318,19,10,66,0,18.4,11.2,0.9,0,0,0,0,0,1,0,1,0
2023-08-02 12:00:00,1205,13,0,10,0,19.8,13.5,2.1,0,0,0,0,0,0,1,1,0
2023-08-15 07:00:00,398,8,9,79,0,18.4,11.2,0.9,0,0,0,0,0,1,0,1,0
2023-08-02 03:00:00,3,4,0,8,0,19.8,13.5,2.1,0,0,0,0,0,0,1,1,0
2023-08-15 20:00:00,145,21,7,48,0,18.4,11.2,0.9,0,0,0,0,0,1,0,1,0
2023-08-03 10:00:00,2399,11,24,19,0,17.3,11.8,0.0,0,0,0,0,1,0,0,1,0
2023-08-15 21:00:00,422,22,6,46,0,18.4,11.2,0.9,0,0,0,0,0,1,0,1,0
2023-08-03 12:00:00,3722,13,24,18,0,17.3,11.8,0.0,0,0,0,0,1,0,0,1,0
2023-08-15 06:00:00,112,7,5,32,0,18.4,11.2,0.9,0,0,0,0,0,1,0,1,0
2023-08-03 17:00:00,1832,18,15,21,0,17.3,11.8,0.0,0,0,0,0,1,0,0,1,0
2023-08-15 22:00:00,284,23,4,56,0,18.4,11.2,0.9,0,0,0,0,0,1,0,1,0
2023-08-15 23:00:00,66,0,0,44,0,18.4,11.2,0.9,0,0,0,0,0,1,0,1,0
2023-08-15 00:00:00,42,1,0,35,0,18.4,11.2,0.9,0,0,0,0,0,1,0,1,0
2023-08-15 05:00:00,53,6,0,24,0,18.4,11.2,0.9,0,0,0,0,0,1,0,1,0
2023-08-15 01:00:00,12,2,0,20,0,18.4,11.2,0.9,0,0,0,0,0,1,0,1,0
2023-08-15 02:00:00,16,3,0,12,0,18.4,11.2,0.9,0,0,0,0,0,1,0,1,0
2023-08-03 15:00:00,2948,16,15,10,0,17.3,11.8,0.0,0,0,0,0,1,0,0,1,0
2023-08-03 20:00:00,589,21,13,91,0,17.3,11.8,0.0,0,0,0,0,1,0,0,1,0
2023-08-03 11:00:00,3107,12,13,23,0,17.3,11.8,0.0,0,0,0,0,1,0,0,1,0
2023-08-03 16:00:00,2396,17,12,16,0,17.3,11.8,0.0,0,0,0,0,1,0,0,1,0
2023-08-03 18:00:00,685,19,12,14,0,17.3,11.8,0.0,0,0,0,0,1,0,0,1,0
2023-08-03 09:00:00,1434,10,11,24,0,17.3,11.8,0.0,0,0,0,0,1,0,0,1,0
2023-08-03 14:00:00,3604,15,11,14,0,17.3,11.8,0.0,0,0,0,0,1,0,0,1,0
2023-08-03 19:00:00,734,20,8,61,0,17.3,11.8,0.0,0,0,0,0,1,0,0,1,0
2023-08-03 08:00:00,702,9,8,12,0,17.3,11.8,0.0,0,0,0,0,1,0,0,1,0
2023-08-03 13:00:00,3687,14,6,6,0,17.3,11.8,0.0,0,0,0,0,1,0,0,1,0
2023-08-03 07:00:00,204,8,6,5,0,17.3,11.8,0.0,0,0,0,0,1,0,0,1,0
2023-08-03 06:00:00,55,7,6,4,0,17.3,11.8,0.0,0,0,0,0,1,0,0,1,0
2023-08-03 21:00:00,499,22,3,63,0,17.3,11.8,0.0,0,0,0,0,1,0,0,1,0
2023-08-03 23:00:00,78,0,3,54,0,17.3,11.8,0.0,0,0,0,0,1,0,0,1,0
2023-08-03 01:00:00,40,2,2,5,0,17.3,11.8,0.0,0,0,0,0,1,0,0,1,0
2023-08-03 22:00:00,278,23,1,79,0,17.3,11.8,0.0,0,0,0,0,1,0,0,1,0
2023-08-03 04:00:00,15,5,0,8,0,17.3,11.8,0.0,0,0,0,0,1,0,0,1,0
2023-08-03 00:00:00,54,1,0,5,0,17.3,11.8,0.0,0,0,0,0,1,0,0,1,0
2023-08-03 02:00:00,29,3,0,5,0,17.3,11.8,0.0,0,0,0,0,1,0,0,1,0
2023-08-03 03:00:00,17,4,0,2,0,17.3,11.8,0.0,0,0,0,0,1,0,0,1,0
2023-08-03 05:00:00,52,6,0,1,0,17.3,11.8,0.0,0,0,0,0,1,0,0,1,0
2023-08-04 13:00:00,3665,14,24,16,0,15.4,11.3,1.6,1,0,0,0,0,0,0,1,0
2023-08-04 16:00:00,2652,17,23,15,0,15.4,11.3,1.6,1,0,0,0,0,0,0,1,0
2023-08-04 14:00:00,3223,15,18,6,0,15.4,11.3,1.6,1,0,0,0,0,0,0,1,0
2023-08-04 15:00:00,2934,16,15,7,0,15.4,11.3,1.6,1,0,0,0,0,0,0,1,0
2023-08-04 18:00:00,1220,19,15,3,0,15.4,11.3,1.6,1,0,0,0,0,0,0,1,0
2023-08-04 19:00:00,858,20,14,68,0,15.4,11.3,1.6,1,0,0,0,0,0,0,1,0
2023-08-04 10:00:00,2017,11,13,7,0,15.4,11.3,1.6,1,0,0,0,0,0,0,1,0
2023-08-04 09:00:00,1411,10,12,16,0,15.4,11.3,1.6,1,0,0,0,0,0,0,1,0
2023-08-04 11:00:00,3162,12,11,15,0,15.4,11.3,1.6,1,0,0,0,0,0,0,1,0
2023-08-04 12:00:00,3499,13,9,12,0,15.4,11.3,1.6,1,0,0,0,0,0,0,1,0
2023-08-04 07:00:00,214,8,9,12,0,15.4,11.3,1.6,1,0,0,0,0,0,0,1,0
2023-08-04 06:00:00,60,7,7,3,0,15.4,11.3,1.6,1,0,0,0,0,0,0,1,0
2023-08-04 21:00:00,679,22,6,73,0,15.4,11.3,1.6,1,0,0,0,0,0,0,1,0
2023-08-04 20:00:00,645,21,4,118,0,15.4,11.3,1.6,1,0,0,0,0,0,0,1,0
2023-08-04 08:00:00,741,9,4,14,0,15.4,11.3,1.6,1,0,0,0,0,0,0,1,0
2023-08-04 17:00:00,2142,18,4,12,0,15.4,11.3,1.6,1,0,0,0,0,0,0,1,0
2023-08-04 03:00:00,23,4,2,25,0,15.4,11.3,1.6,1,0,0,0,0,0,0,1,0
2023-08-04 01:00:00,33,2,1,28,0,15.4,11.3,1.6,1,0,0,0,0,0,0,1,0
2023-08-04 22:00:00,232,23,1,10,0,15.4,11.3,1.6,1,0,0,0,0,0,0,1,0
2023-08-04 23:00:00,142,0,1,6,0,15.4,11.3,1.6,1,0,0,0,0,0,0,1,0
2023-08-04 00:00:00,68,1,0,41,0,15.4,11.3,1.6,1,0,0,0,0,0,0,1,0
2023-08-04 05:00:00,44,6,0,31,0,15.4,11.3,1.6,1,0,0,0,0,0,0,1,0
2023-08-04 02:00:00,45,3,0,20,0,15.4,11.3,1.6,1,0,0,0,0,0,0,1,0
2023-08-04 04:00:00,7,5,0,7,0,15.4,11.3,1.6,1,0,0,0,0,0,0,1,0
2023-08-05 18:00:00,356,19,12,10,0,17.5,5.5,9.2,0,0,1,0,0,0,0,1,0
2023-08-05 09:00:00,1102,10,11,9,0,17.5,5.5,9.2,0,0,1,0,0,0,0,1,0
2023-08-05 10:00:00,899,11,10,7,0,17.5,5.5,9.2,0,0,1,0,0,0,0,1,0
2023-08-05 17:00:00,1094,18,9,6,0,17.5,5.5,9.2,0,0,1,0,0,0,0,1,0
2023-08-05 21:00:00,517,22,4,96,0,17.5,5.5,9.2,0,0,1,0,0,0,0,1,0
2023-08-11 23:00:00,133,0,3,2,0,20.8,15.8,0.0,1,0,0,0,0,0,0,1,0
2023-08-11 00:00:00,70,1,2,24,0,20.8,15.8,0.0,1,0,0,0,0,0,0,1,0
2023-08-11 01:00:00,41,2,0,26,0,20.8,15.8,0.0,1,0,0,0,0,0,0,1,0
2023-08-11 05:00:00,55,6,0,20,0,20.8,15.8,0.0,1,0,0,0,0,0,0,1,0
2023-08-11 03:00:00,27,4,0,18,0,20.8,15.8,0.0,1,0,0,0,0,0,0,1,0
2023-08-11 04:00:00,7,5,0,11,0,20.8,15.8,0.0,1,0,0,0,0,0,0,1,0
2023-08-12 17:00:00,1909,18,20,19,0,19.7,15.4,11.4,0,0,1,0,0,0,0,1,0
2023-08-12 11:00:00,2373,12,14,20,0,19.7,15.4,11.4,0,0,1,0,0,0,0,1,0
2023-08-12 16:00:00,2916,17,14,18,0,19.7,15.4,11.4,0,0,1,0,0,0,0,1,0
2023-08-12 09:00:00,1119,10,11,17,0,19.7,15.4,11.4,0,0,1,0,0,0,0,1,0
2023-08-12 13:00:00,3147,14,11,15,0,19.7,15.4,11.4,0,0,1,0,0,0,0,1,0
2023-08-12 15:00:00,2881,16,10,12,0,19.7,15.4,11.4,0,0,1,0,0,0,0,1,0
2023-08-12 14:00:00,3143,15,10,9,0,19.7,15.4,11.4,0,0,1,0,0,0,0,1,0
2023-08-12 10:00:00,1828,11,9,14,0,19.7,15.4,11.4,0,0,1,0,0,0,0,1,0
2023-08-12 06:00:00,79,7,8,6,0,19.7,15.4,11.4,0,0,1,0,0,0,0,1,0
2023-08-12 20:00:00,545,21,7,110,0,19.7,15.4,11.4,0,0,1,0,0,0,0,1,0
2023-08-12 19:00:00,726,20,6,97,0,19.7,15.4,11.4,0,0,1,0,0,0,0,1,0
2023-08-12 12:00:00,3113,13,5,6,0,19.7,15.4,11.4,0,0,1,0,0,0,0,1,0
2023-08-12 21:00:00,544,22,3,117,0,19.7,15.4,11.4,0,0,1,0,0,0,0,1,0
2023-08-12 23:00:00,274,0,3,74,0,19.7,15.4,11.4,0,0,1,0,0,0,0,1,0
2023-08-12 18:00:00,492,19,3,11,0,19.7,15.4,11.4,0,0,1,0,0,0,0,1,0
2023-08-12 03:00:00,137,4,3,6,0,19.7,15.4,11.4,0,0,1,0,0,0,0,1,0
2023-08-12 08:00:00,480,9,2,6,0,19.7,15.4,11.4,0,0,1,0,0,0,0,1,0
2023-08-12 00:00:00,164,1,2,6,0,19.7,15.4,11.4,0,0,1,0,0,0,0,1,0
2023-08-12 22:00:00,294,23,1,90,0,19.7,15.4,11.4,0,0,1,0,0,0,0,1,0
2023-08-12 01:00:00,149,2,0,7,0,19.7,15.4,11.4,0,0,1,0,0,0,0,1,0
2023-08-12 07:00:00,138,8,0,4,0,19.7,15.4,11.4,0,0,1,0,0,0,0,1,0
2023-08-12 04:00:00,30,5,0,4,0,19.7,15.4,11.4,0,0,1,0,0,0,0,1,0
2023-08-12 02:00:00,85,3,0,3,0,19.7,15.4,11.4,0,0,1,0,0,0,0,1,0
2023-08-12 05:00:00,40,6,0,1,0,19.7,15.4,11.4,0,0,1,0,0,0,0,1,0
2023-08-13 11:00:00,1532,12,20,12,0,19.7,13.4,1.1,0,0,0,1,0,0,0,1,0
2023-08-13 14:00:00,1867,15,11,2,0,19.7,13.4,1.1,0,0,0,1,0,0,0,1,0
2023-08-13 13:00:00,2398,14,9,9,0,19.7,13.4,1.1,0,0,0,1,0,0,0,1,0
2023-08-13 15:00:00,1448,16,9,3,0,19.7,13.4,1.1,0,0,0,1,0,0,0,1,0
2023-08-13 18:00:00,263,19,7,6,0,19.7,13.4,1.1,0,0,0,1,0,0,0,1,0
2023-08-13 12:00:00,1818,13,6,16,0,19.7,13.4,1.1,0,0,0,1,0,0,0,1,0
2023-08-13 16:00:00,1623,17,6,7,0,19.7,13.4,1.1,0,0,0,1,0,0,0,1,0
2023-08-13 09:00:00,263,10,6,3,0,19.7,13.4,1.1,0,0,0,1,0,0,0,1,0
2023-08-13 10:00:00,796,11,5,5,0,19.7,13.4,1.1,0,0,0,1,0,0,0,1,0
2023-08-13 17:00:00,495,18,5,5,0,19.7,13.4,1.1,0,0,0,1,0,0,0,1,0
2023-08-13 07:00:00,86,8,4,13,0,19.7,13.4,1.1,0,0,0,1,0,0,0,1,0
2023-08-13 19:00:00,245,20,3,8,0,19.7,13.4,1.1,0,0,0,1,0,0,0,1,0
2023-08-13 08:00:00,97,9,3,2,0,19.7,13.4,1.1,0,0,0,1,0,0,0,1,0
2023-08-13 21:00:00,464,22,2,62,0,19.7,13.4,1.1,0,0,0,1,0,0,0,1,0
2023-08-13 00:00:00,188,1,1,77,0,19.7,13.4,1.1,0,0,0,1,0,0,0,1,0
2023-08-13 20:00:00,576,21,1,74,0,19.7,13.4,1.1,0,0,0,1,0,0,0,1,0
2023-08-13 03:00:00,124,4,1,40,0,19.7,13.4,1.1,0,0,0,1,0,0,0,1,0
2023-08-13 05:00:00,43,6,1,12,0,19.7,13.4,1.1,0,0,0,1,0,0,0,1,0
2023-08-13 01:00:00,124,2,0,67,0,19.7,13.4,1.1,0,0,0,1,0,0,0,1,0
2023-08-13 02:00:00,108,3,0,57,0,19.7,13.4,1.1,0,0,0,1,0,0,0,1,0
2023-08-15 03:00:00,5,4,0,11,0,18.4,11.2,0.9,0,0,0,0,0,1,0,1,0
2023-08-15 04:00:00,8,5,0,9,0,18.4,11.2,0.9,0,0,0,0,0,1,0,1,0
2023-08-16 17:00:00,1323,18,25,10,0,17.7,13.9,0.2,0,0,0,0,0,0,1,1,0
2023-08-16 16:00:00,2027,17,23,11,0,17.7,13.9,0.2,0,0,0,0,0,0,1,1,0
2023-08-16 15:00:00,2179,16,20,10,0,17.7,13.9,0.2,0,0,0,0,0,0,1,1,0
2023-08-16 14:00:00,2704,15,15,18,0,17.7,13.9,0.2,0,0,0,0,0,0,1,1,0
2023-08-16 18:00:00,458,19,9,6,0,17.7,13.9,0.2,0,0,0,0,0,0,1,1,0
2023-08-16 09:00:00,1282,10,8,9,0,17.7,13.9,0.2,0,0,0,0,0,0,1,1,0
2023-08-16 11:00:00,2457,12,7,11,0,17.7,13.9,0.2,0,0,0,0,0,0,1,1,0
2023-08-16 19:00:00,309,20,7,9,0,17.7,13.9,0.2,0,0,0,0,0,0,1,1,0
2023-08-16 13:00:00,2985,14,7,8,0,17.7,13.9,0.2,0,0,0,0,0,0,1,1,0
2023-08-16 20:00:00,243,21,6,8,0,17.7,13.9,0.2,0,0,0,0,0,0,1,1,0
2023-08-16 07:00:00,201,8,5,18,0,17.7,13.9,0.2,0,0,0,0,0,0,1,1,0
2023-08-16 12:00:00,2877,13,5,13,0,17.7,13.9,0.2,0,0,0,0,0,0,1,1,0
2023-08-16 10:00:00,1965,11,4,19,0,17.7,13.9,0.2,0,0,0,0,0,0,1,1,0
2023-08-16 08:00:00,606,9,4,10,0,17.7,13.9,0.2,0,0,0,0,0,0,1,1,0
2023-08-16 06:00:00,37,7,4,5,0,17.7,13.9,0.2,0,0,0,0,0,0,1,1,0
2023-08-16 21:00:00,215,22,3,5,0,17.7,13.9,0.2,0,0,0,0,0,0,1,1,0
2023-08-16 22:00:00,107,23,2,27,0,17.7,13.9,0.2,0,0,0,0,0,0,1,1,0
2023-08-16 05:00:00,28,6,2,0,0,17.7,13.9,0.2,0,0,0,0,0,0,1,1,0
2023-08-16 23:00:00,61,0,1,42,0,17.7,13.9,0.2,0,0,0,0,0,0,1,1,0
2023-08-16 01:00:00,21,2,0,25,0,17.7,13.9,0.2,0,0,0,0,0,0,1,1,0
2023-08-16 00:00:00,61,1,0,24,0,17.7,13.9,0.2,0,0,0,0,0,0,1,1,0
2023-08-16 03:00:00,9,4,0,8,0,17.7,13.9,0.2,0,0,0,0,0,0,1,1,0
2023-08-16 02:00:00,3,3,0,8,0,17.7,13.9,0.2,0,0,0,0,0,0,1,1,0
2023-08-16 04:00:00,11,5,0,1,0,17.7,13.9,0.2,0,0,0,0,0,0,1,1,0
2023-08-17 17:00:00,1364,18,28,9,0,11.2,14.6,0.0,0,0,0,0,1,0,0,1,0
2023-08-17 14:00:00,2704,15,27,8,0,11.2,14.6,0.0,0,0,0,0,1,0,0,1,0
2023-08-17 15:00:00,2567,16,25,13,0,11.2,14.6,0.0,0,0,0,0,1,0,0,1,0
2023-08-17 12:00:00,3927,13,23,20,0,11.2,14.6,0.0,0,0,0,0,1,0,0,1,0
2023-08-17 11:00:00,3147,12,23,18,0,11.2,14.6,0.0,0,0,0,0,1,0,0,1,0
2023-08-17 13:00:00,3212,14,21,34,0,11.2,14.6,0.0,0,0,0,0,1,0,0,1,0
2023-08-17 10:00:00,2223,11,16,15,0,11.2,14.6,0.0,0,0,0,0,1,0,0,1,0
2023-08-17 16:00:00,2173,17,13,7,0,11.2,14.6,0.0,0,0,0,0,1,0,0,1,0
2023-08-17 18:00:00,415,19,9,10,0,11.2,14.6,0.0,0,0,0,0,1,0,0,1,0
2023-08-09 22:00:00,175,23,1,10,0,22.8,8.8,0.0,0,0,0,0,0,0,1,1,0
2023-08-17 09:00:00,1266,10,8,24,0,11.2,14.6,0.0,0,0,0,0,1,0,0,1,0
2023-08-17 08:00:00,688,9,7,13,0,11.2,14.6,0.0,0,0,0,0,1,0,0,1,0
2023-08-17 21:00:00,427,22,4,69,0,11.2,14.6,0.0,0,0,0,0,1,0,0,1,0
2023-08-17 22:00:00,222,23,4,42,0,11.2,14.6,0.0,0,0,0,0,1,0,0,1,0
2023-08-17 07:00:00,171,8,3,8,0,11.2,14.6,0.0,0,0,0,0,1,0,0,1,0
2023-08-17 06:00:00,47,7,2,4,0,11.2,14.6,0.0,0,0,0,0,1,0,0,1,0
2023-08-17 23:00:00,88,0,1,62,0,11.2,14.6,0.0,0,0,0,0,1,0,0,1,0
2023-08-17 20:00:00,668,21,1,35,0,11.2,14.6,0.0,0,0,0,0,1,0,0,1,0
2023-08-17 01:00:00,20,2,1,23,0,11.2,14.6,0.0,0,0,0,0,1,0,0,1,0
2023-08-17 00:00:00,46,1,0,43,0,11.2,14.6,0.0,0,0,0,0,1,0,0,1,0
2023-08-17 19:00:00,295,20,0,14,0,11.2,14.6,0.0,0,0,0,0,1,0,0,1,0
2023-08-17 02:00:00,74,3,0,10,0,11.2,14.6,0.0,0,0,0,0,1,0,0,1,0
2023-08-17 05:00:00,23,6,0,2,0,11.2,14.6,0.0,0,0,0,0,1,0,0,1,0
2023-08-17 04:00:00,12,5,0,2,0,11.2,14.6,0.0,0,0,0,0,1,0,0,1,0
2023-08-17 03:00:00,16,4,0,1,0,11.2,14.6,0.0,0,0,0,0,1,0,0,1,0
2023-08-07 08:00:00,568,9,7,10,1,19.9,9.5,0.0,0,1,0,0,0,0,0,1,0
2023-08-09 23:00:00,55,0,1,5,0,22.8,8.8,0.0,0,0,0,0,0,0,1,1,0
2023-08-07 06:00:00,49,7,4,2,1,19.9,9.5,0.0,0,1,0,0,0,0,0,1,0
2023-08-09 00:00:00,47,1,1,3,0,22.8,8.8,0.0,0,0,0,0,0,0,1,1,0
2023-08-07 07:00:00,147,8,3,10,1,19.9,9.5,0.0,0,1,0,0,0,0,0,1,0
2023-08-09 06:00:00,48,7,0,6,0,22.8,8.8,0.0,0,0,0,0,0,0,1,1,0
2023-08-07 02:00:00,14,3,2,13,1,19.9,9.5,0.0,0,1,0,0,0,0,0,1,0
2023-08-09 01:00:00,21,2,0,2,0,22.8,8.8,0.0,0,0,0,0,0,0,1,1,0
2023-08-07 22:00:00,196,23,2,0,1,19.9,9.5,0.0,0,1,0,0,0,0,0,1,0
2023-08-09 03:00:00,0,4,0,1,0,22.8,8.8,0.0,0,0,0,0,0,0,1,1,0
2023-08-07 01:00:00,26,2,1,35,1,19.9,9.5,0.0,0,1,0,0,0,0,0,1,0
2023-08-09 02:00:00,10,3,0,0,0,22.8,8.8,0.0,0,0,0,0,0,0,1,1,0
2023-08-07 05:00:00,26,6,1,3,1,19.9,9.5,0.0,0,1,0,0,0,0,0,1,0
2023-08-09 04:00:00,4,5,0,0,0,22.8,8.8,0.0,0,0,0,0,0,0,1,1,0
2023-08-07 23:00:00,44,0,1,2,1,19.9,9.5,0.0,0,1,0,0,0,0,0,1,0
2023-08-10 15:00:00,2898,16,27,15,0,22.5,14.2,5.0,0,0,0,0,1,0,0,1,0
2023-08-07 00:00:00,28,1,0,14,1,19.9,9.5,0.0,0,1,0,0,0,0,0,1,0
2023-08-10 14:00:00,3237,15,21,14,0,22.5,14.2,5.0,0,0,0,0,1,0,0,1,0
2023-08-07 03:00:00,40,4,0,11,1,19.9,9.5,0.0,0,1,0,0,0,0,0,1,0
2023-08-10 10:00:00,2276,11,17,24,0,22.5,14.2,5.0,0,0,0,0,1,0,0,1,0
2023-08-07 04:00:00,1,5,0,2,1,19.9,9.5,0.0,0,1,0,0,0,0,0,1,0
2023-08-10 16:00:00,1845,17,17,15,0,22.5,14.2,5.0,0,0,0,0,1,0,0,1,0
2023-08-08 11:00:00,2601,12,29,19,0,19.1,7.7,0.2,0,0,0,0,0,1,0,1,0
2023-08-10 18:00:00,1308,19,16,97,0,22.5,14.2,5.0,0,0,0,0,1,0,0,1,0
2023-08-08 17:00:00,1537,18,25,8,0,19.1,7.7,0.2,0,0,0,0,0,1,0,1,0
2023-08-10 11:00:00,2796,12,15,17,0,22.5,14.2,5.0,0,0,0,0,1,0,0,1,0
2023-08-08 12:00:00,3265,13,23,8,0,19.1,7.7,0.2,0,0,0,0,0,1,0,1,0
2023-08-10 19:00:00,963,20,13,79,0,22.5,14.2,5.0,0,0,0,0,1,0,0,1,0
2023-08-08 13:00:00,4300,14,21,33,0,19.1,7.7,0.2,0,0,0,0,0,1,0,1,0
2023-08-10 09:00:00,1345,10,12,18,0,22.5,14.2,5.0,0,0,0,0,1,0,0,1,0
2023-08-08 16:00:00,1963,17,21,6,0,19.1,7.7,0.2,0,0,0,0,0,1,0,1,0
2023-08-10 13:00:00,3281,14,12,8,0,22.5,14.2,5.0,0,0,0,0,1,0,0,1,0
2023-08-08 10:00:00,1916,11,17,14,0,19.1,7.7,0.2,0,0,0,0,0,1,0,1,0
2023-08-10 12:00:00,3013,13,11,16,0,22.5,14.2,5.0,0,0,0,0,1,0,0,1,0
2023-08-08 14:00:00,4043,15,16,50,0,19.1,7.7,0.2,0,0,0,0,0,1,0,1,0
2023-08-10 20:00:00,603,21,10,70,0,22.5,14.2,5.0,0,0,0,0,1,0,0,1,0
2023-08-08 18:00:00,496,19,11,1,0,19.1,7.7,0.2,0,0,0,0,0,1,0,1,0
2023-08-10 08:00:00,684,9,9,12,0,22.5,14.2,5.0,0,0,0,0,1,0,0,1,0
2023-08-08 15:00:00,2452,16,9,5,0,19.1,7.7,0.2,0,0,0,0,0,1,0,1,0
2023-08-10 07:00:00,190,8,7,8,0,22.5,14.2,5.0,0,0,0,0,1,0,0,1,0
2023-08-08 09:00:00,1249,10,8,12,0,19.1,7.7,0.2,0,0,0,0,0,1,0,1,0
2023-08-10 17:00:00,1986,18,6,14,0,22.5,14.2,5.0,0,0,0,0,1,0,0,1,0
2023-08-08 19:00:00,419,20,8,2,0,19.1,7.7,0.2,0,0,0,0,0,1,0,1,0
2023-08-10 22:00:00,297,23,4,37,0,22.5,14.2,5.0,0,0,0,0,1,0,0,1,0
2023-08-08 08:00:00,704,9,5,6,0,19.1,7.7,0.2,0,0,0,0,0,1,0,1,0
2023-08-08 20:00:00,230,21,4,4,0,19.1,7.7,0.2,0,0,0,0,0,1,0,1,0
2023-08-08 21:00:00,230,22,3,3,0,19.1,7.7,0.2,0,0,0,0,0,1,0,1,0
2023-08-08 06:00:00,105,7,2,2,0,19.1,7.7,0.2,0,0,0,0,0,1,0,1,0
2023-08-08 22:00:00,95,23,2,0,0,19.1,7.7,0.2,0,0,0,0,0,1,0,1,0
2023-08-08 07:00:00,284,8,1,13,0,19.1,7.7,0.2,0,0,0,0,0,1,0,1,0
2023-08-08 23:00:00,52,0,0,3,0,19.1,7.7,0.2,0,0,0,0,0,1,0,1,0
2023-08-08 05:00:00,23,6,0,3,0,19.1,7.7,0.2,0,0,0,0,0,1,0,1,0
2023-08-08 01:00:00,14,2,0,2,0,19.1,7.7,0.2,0,0,0,0,0,1,0,1,0
2023-08-08 03:00:00,11,4,0,2,0,19.1,7.7,0.2,0,0,0,0,0,1,0,1,0
2023-08-08 04:00:00,12,5,0,1,0,19.1,7.7,0.2,0,0,0,0,0,1,0,1,0
2023-08-08 00:00:00,31,1,0,0,0,19.1,7.7,0.2,0,0,0,0,0,1,0,1,0
2023-08-09 12:00:00,2820,13,26,28,0,22.8,8.8,0.0,0,0,0,0,0,0,1,1,0
2023-08-09 15:00:00,3430,16,24,14,0,22.8,8.8,0.0,0,0,0,0,0,0,1,1,0
2023-08-09 16:00:00,2611,17,17,20,0,22.8,8.8,0.0,0,0,0,0,0,0,1,1,0
2023-08-09 17:00:00,1365,18,15,6,0,22.8,8.8,0.0,0,0,0,0,0,0,1,1,0
2023-08-09 13:00:00,3378,14,13,11,0,22.8,8.8,0.0,0,0,0,0,0,0,1,1,0
2023-08-09 14:00:00,3635,15,12,18,0,22.8,8.8,0.0,0,0,0,0,0,0,1,1,0
2023-08-09 10:00:00,1797,11,10,14,0,22.8,8.8,0.0,0,0,0,0,0,0,1,1,0
2023-08-09 18:00:00,444,19,8,12,0,22.8,8.8,0.0,0,0,0,0,0,0,1,1,0
2023-08-09 19:00:00,910,20,7,58,0,22.8,8.8,0.0,0,0,0,0,0,0,1,1,0
2023-08-09 09:00:00,932,10,7,6,0,22.8,8.8,0.0,0,0,0,0,0,0,1,1,0
2023-08-09 21:00:00,461,22,6,63,0,22.8,8.8,0.0,0,0,0,0,0,0,1,1,0
2023-08-09 20:00:00,577,21,5,65,0,22.8,8.8,0.0,0,0,0,0,0,0,1,1,0
2023-08-09 08:00:00,463,9,5,8,0,22.8,8.8,0.0,0,0,0,0,0,0,1,1,0
2023-08-09 11:00:00,2495,12,3,6,0,22.8,8.8,0.0,0,0,0,0,0,0,1,1,0
2023-08-09 07:00:00,138,8,3,6,0,22.8,8.8,0.0,0,0,0,0,0,0,1,1,0
2023-08-09 05:00:00,26,6,2,1,0,22.8,8.8,0.0,0,0,0,0,0,0,1,1,0
2023-08-10 21:00:00,404,22,3,69,0,22.5,14.2,5.0,0,0,0,0,1,0,0,1,0
2023-08-10 23:00:00,106,0,3,42,0,22.5,14.2,5.0,0,0,0,0,1,0,0,1,0
2023-08-10 06:00:00,39,7,2,4,0,22.5,14.2,5.0,0,0,0,0,1,0,0,1,0
2023-08-10 04:00:00,8,5,1,5,0,22.5,14.2,5.0,0,0,0,0,1,0,0,1,0
2023-08-10 00:00:00,78,1,1,4,0,22.5,14.2,5.0,0,0,0,0,1,0,0,1,0
2023-08-10 05:00:00,29,6,1,3,0,22.5,14.2,5.0,0,0,0,0,1,0,0,1,0
2023-08-10 01:00:00,14,2,0,2,0,22.5,14.2,5.0,0,0,0,0,1,0,0,1,0
2023-08-10 02:00:00,12,3,0,1,0,22.5,14.2,5.0,0,0,0,0,1,0,0,1,0
2023-08-10 03:00:00,7,4,0,1,0,22.5,14.2,5.0,0,0,0,0,1,0,0,1,0
2023-08-11 12:00:00,3362,13,23,35,0,20.8,15.8,0.0,1,0,0,0,0,0,0,1,0
2023-08-11 16:00:00,1672,17,22,15,0,20.8,15.8,0.0,1,0,0,0,0,0,0,1,0
2023-08-11 11:00:00,2346,12,20,26,0,20.8,15.8,0.0,1,0,0,0,0,0,0,1,0
2023-08-11 17:00:00,1283,18,16,8,0,20.8,15.8,0.0,1,0,0,0,0,0,0,1,0
2023-08-11 08:00:00,600,9,16,8,0,20.8,15.8,0.0,1,0,0,0,0,0,0,1,0
2023-08-11 13:00:00,4691,14,15,64,0,20.8,15.8,0.0,1,0,0,0,0,0,0,1,0
2023-08-11 14:00:00,2166,15,12,28,0,20.8,15.8,0.0,1,0,0,0,0,0,0,1,0
2023-08-11 09:00:00,1175,10,12,8,0,20.8,15.8,0.0,1,0,0,0,0,0,0,1,0
2023-08-11 18:00:00,728,19,10,61,0,20.8,15.8,0.0,1,0,0,0,0,0,0,1,0
2023-08-11 19:00:00,490,20,10,11,0,20.8,15.8,0.0,1,0,0,0,0,0,0,1,0
2023-08-11 10:00:00,1954,11,8,13,0,20.8,15.8,0.0,1,0,0,0,0,0,0,1,0
2023-08-11 20:00:00,256,21,6,7,0,20.8,15.8,0.0,1,0,0,0,0,0,0,1,0
2023-08-11 22:00:00,144,23,6,4,0,20.8,15.8,0.0,1,0,0,0,0,0,0,1,0
2023-08-11 07:00:00,170,8,5,18,0,20.8,15.8,0.0,1,0,0,0,0,0,0,1,0
2023-08-11 21:00:00,253,22,5,9,0,20.8,15.8,0.0,1,0,0,0,0,0,0,1,0
2023-08-11 06:00:00,63,7,5,5,0,20.8,15.8,0.0,1,0,0,0,0,0,0,1,0
2023-08-11 02:00:00,37,3,4,22,0,20.8,15.8,0.0,1,0,0,0,0,0,0,1,0
2023-08-11 15:00:00,541,16,4,2,0,20.8,15.8,0.0,1,0,0,0,0,0,0,1,0
2023-08-05 19:00:00,511,20,3,61,0,17.5,5.5,9.2,0,0,1,0,0,0,0,1,0
2023-08-05 07:00:00,189,8,3,14,0,17.5,5.5,9.2,0,0,1,0,0,0,0,1,0
2023-08-05 06:00:00,58,7,3,14,0,17.5,5.5,9.2,0,0,1,0,0,0,0,1,0
2023-08-05 02:00:00,129,3,2,6,0,17.5,5.5,9.2,0,0,1,0,0,0,0,1,0
2023-08-05 22:00:00,380,23,1,129,0,17.5,5.5,9.2,0,0,1,0,0,0,0,1,0
2023-08-05 23:00:00,178,0,1,92,0,17.5,5.5,9.2,0,0,1,0,0,0,0,1,0
2023-08-05 20:00:00,621,21,1,81,0,17.5,5.5,9.2,0,0,1,0,0,0,0,1,0
2023-08-05 00:00:00,195,1,1,12,0,17.5,5.5,9.2,0,0,1,0,0,0,0,1,0
2023-08-05 08:00:00,511,9,1,9,0,17.5,5.5,9.2,0,0,1,0,0,0,0,1,0
2023-08-05 05:00:00,22,6,0,12,0,17.5,5.5,9.2,0,0,1,0,0,0,0,1,0
2023-08-05 01:00:00,146,2,0,11,0,17.5,5.5,9.2,0,0,1,0,0,0,0,1,0
2023-08-05 03:00:00,178,4,0,5,0,17.5,5.5,9.2,0,0,1,0,0,0,0,1,0
2023-08-05 04:00:00,8,5,0,3,0,17.5,5.5,9.2,0,0,1,0,0,0,0,1,0
2023-08-06 17:00:00,614,18,25,2,0,20.0,5.5,3.0,0,0,0,1,0,0,0,1,0
2023-08-06 16:00:00,1483,17,21,5,0,20.0,5.5,3.0,0,0,0,1,0,0,0,1,0
2023-08-06 14:00:00,2451,15,19,14,0,20.0,5.5,3.0,0,0,0,1,0,0,0,1,0
2023-08-06 15:00:00,2138,16,19,4,0,20.0,5.5,3.0,0,0,0,1,0,0,0,1,0
2023-08-06 12:00:00,2306,13,18,12,0,20.0,5.5,3.0,0,0,0,1,0,0,0,1,0
2023-08-06 10:00:00,709,11,18,3,0,20.0,5.5,3.0,0,0,0,1,0,0,0,1,0
2023-08-06 13:00:00,2380,14,13,6,0,20.0,5.5,3.0,0,0,0,1,0,0,0,1,0
2023-08-06 11:00:00,1539,12,12,17,0,20.0,5.5,3.0,0,0,0,1,0,0,0,1,0
2023-08-06 18:00:00,298,19,7,3,0,20.0,5.5,3.0,0,0,0,1,0,0,0,1,0
2023-08-06 22:00:00,214,23,5,31,0,20.0,5.5,3.0,0,0,0,1,0,0,0,1,0
2023-08-06 20:00:00,230,21,4,13,0,20.0,5.5,3.0,0,0,0,1,0,0,0,1,0
2023-08-06 19:00:00,243,20,4,7,0,20.0,5.5,3.0,0,0,0,1,0,0,0,1,0
2023-08-06 09:00:00,234,10,4,2,0,20.0,5.5,3.0,0,0,0,1,0,0,0,1,0
2023-08-06 08:00:00,70,9,4,2,0,20.0,5.5,3.0,0,0,0,1,0,0,0,1,0
2023-08-06 07:00:00,76,8,2,7,0,20.0,5.5,3.0,0,0,0,1,0,0,0,1,0
2023-08-06 06:00:00,29,7,2,4,0,20.0,5.5,3.0,0,0,0,1,0,0,0,1,0
2023-08-06 05:00:00,11,6,1,2,0,20.0,5.5,3.0,0,0,0,1,0,0,0,1,0
2023-08-06 00:00:00,190,1,0,94,0,20.0,5.5,3.0,0,0,0,1,0,0,0,1,0
2023-08-06 01:00:00,80,2,0,91,0,20.0,5.5,3.0,0,0,0,1,0,0,0,1,0
2023-08-06 02:00:00,85,3,0,73,0,20.0,5.5,3.0,0,0,0,1,0,0,0,1,0
2023-08-06 03:00:00,62,4,0,61,0,20.0,5.5,3.0,0,0,0,1,0,0,0,1,0
2023-08-06 04:00:00,14,5,0,37,0,20.0,5.5,3.0,0,0,0,1,0,0,0,1,0
2023-08-06 23:00:00,45,0,0,5,0,20.0,5.5,3.0,0,0,0,1,0,0,0,1,0
2023-08-06 21:00:00,147,22,0,3,0,20.0,5.5,3.0,0,0,0,1,0,0,0,1,0
2023-08-07 11:00:00,2939,12,28,12,1,19.9,9.5,0.0,0,1,0,0,0,0,0,1,0
2023-08-07 10:00:00,1992,11,23,15,1,19.9,9.5,0.0,0,1,0,0,0,0,0,1,0
2023-08-07 17:00:00,1433,18,20,4,1,19.9,9.5,0.0,0,1,0,0,0,0,0,1,0
2023-08-07 14:00:00,3372,15,18,20,1,19.9,9.5,0.0,0,1,0,0,0,0,0,1,0
2023-08-07 12:00:00,3426,13,17,23,1,19.9,9.5,0.0,0,1,0,0,0,0,0,1,0
2023-08-07 13:00:00,3817,14,16,24,1,19.9,9.5,0.0,0,1,0,0,0,0,0,1,0
2023-08-07 16:00:00,2165,17,16,11,1,19.9,9.5,0.0,0,1,0,0,0,0,0,1,0
2023-08-07 09:00:00,1089,10,15,19,1,19.9,9.5,0.0,0,1,0,0,0,0,0,1,0
2023-08-07 18:00:00,501,19,15,4,1,19.9,9.5,0.0,0,1,0,0,0,0,0,1,0
2023-08-07 20:00:00,431,21,15,1,1,19.9,9.5,0.0,0,1,0,0,0,0,0,1,0
2023-08-07 21:00:00,270,22,14,7,1,19.9,9.5,0.0,0,1,0,0,0,0,0,1,0
2023-08-07 15:00:00,2793,16,13,16,1,19.9,9.5,0.0,0,1,0,0,0,0,0,1,0
2023-08-07 19:00:00,481,20,10,1,1,19.9,9.5,0.0,0,1,0,0,0,0,0,1,0
2023-08-22 19:00:00,257,20,5,6,0,18.0,15.6,0.7,0,0,0,0,0,1,0,1,0
2023-08-22 06:00:00,59,7,2,4,0,18.0,15.6,0.7,0,0,0,0,0,1,0,1,0
2023-08-22 21:00:00,173,22,2,0,0,18.0,15.6,0.7,0,0,0,0,0,1,0,1,0
2023-08-22 04:00:00,11,5,1,1,0,18.0,15.6,0.7,0,0,0,0,0,1,0,1,0
2023-08-22 03:00:00,7,4,0,2,0,18.0,15.6,0.7,0,0,0,0,0,1,0,1,0
2023-08-22 22:00:00,114,23,0,0,0,18.0,15.6,0.7,0,0,0,0,0,1,0,1,0
2023-08-22 23:00:00,36,0,0,0,0,18.0,15.6,0.7,0,0,0,0,0,1,0,1,0
2023-08-22 00:00:00,23,1,0,0,0,18.0,15.6,0.7,0,0,0,0,0,1,0,1,0
2023-08-22 05:00:00,17,6,0,0,0,18.0,15.6,0.7,0,0,0,0,0,1,0,1,0
2023-08-22 01:00:00,15,2,0,0,0,18.0,15.6,0.7,0,0,0,0,0,1,0,1,0
2023-08-22 02:00:00,10,3,0,0,0,18.0,15.6,0.7,0,0,0,0,0,1,0,1,0
2023-08-23 16:00:00,1804,17,34,10,0,19.5,9.3,3.6,0,0,0,0,0,0,1,1,0
2023-08-26 00:00:00,129,1,0,92,0,18.3,5.5,0.8,0,0,1,0,0,0,0,1,0
2023-08-23 11:00:00,2317,12,29,23,0,19.5,9.3,3.6,0,0,0,0,0,0,1,1,0
2023-08-23 17:00:00,1130,18,28,5,0,19.5,9.3,3.6,0,0,0,0,0,0,1,1,0
2023-08-23 14:00:00,2362,15,18,17,0,19.5,9.3,3.6,0,0,0,0,0,0,1,1,0
2023-08-23 12:00:00,2960,13,17,14,0,19.5,9.3,3.6,0,0,0,0,0,0,1,1,0
2023-08-23 15:00:00,1562,16,17,14,0,19.5,9.3,3.6,0,0,0,0,0,0,1,1,0
2023-08-23 13:00:00,2713,14,14,20,0,19.5,9.3,3.6,0,0,0,0,0,0,1,1,0
2023-08-23 08:00:00,698,9,11,10,0,19.5,9.3,3.6,0,0,0,0,0,0,1,1,0
2023-08-23 10:00:00,1973,11,9,26,0,19.5,9.3,3.6,0,0,0,0,0,0,1,1,0
2023-08-23 09:00:00,1205,10,8,11,0,19.5,9.3,3.6,0,0,0,0,0,0,1,1,0
2023-08-23 07:00:00,199,8,8,7,0,19.5,9.3,3.6,0,0,0,0,0,0,1,1,0
2023-08-23 19:00:00,478,20,6,67,0,19.5,9.3,3.6,0,0,0,0,0,0,1,1,0
2023-08-23 18:00:00,524,19,5,37,0,19.5,9.3,3.6,0,0,0,0,0,0,1,1,0
2023-08-23 20:00:00,399,21,4,68,0,19.5,9.3,3.6,0,0,0,0,0,0,1,1,0
2023-08-23 06:00:00,38,7,4,12,0,19.5,9.3,3.6,0,0,0,0,0,0,1,1,0
2023-08-23 21:00:00,251,22,3,51,0,19.5,9.3,3.6,0,0,0,0,0,0,1,1,0
2023-08-23 00:00:00,48,1,1,0,0,19.5,9.3,3.6,0,0,0,0,0,0,1,1,0
2023-08-23 22:00:00,184,23,0,66,0,19.5,9.3,3.6,0,0,0,0,0,0,1,1,0
2023-08-23 23:00:00,96,0,0,44,0,19.5,9.3,3.6,0,0,0,0,0,0,1,1,0
2023-08-23 03:00:00,4,4,0,3,0,19.5,9.3,3.6,0,0,0,0,0,0,1,1,0
2023-08-23 05:00:00,26,6,0,1,0,19.5,9.3,3.6,0,0,0,0,0,0,1,1,0
2023-08-23 02:00:00,17,3,0,1,0,19.5,9.3,3.6,0,0,0,0,0,0,1,1,0
2023-08-23 01:00:00,14,2,0,1,0,19.5,9.3,3.6,0,0,0,0,0,0,1,1,0
2023-08-23 04:00:00,6,5,0,0,0,19.5,9.3,3.6,0,0,0,0,0,0,1,1,0
2023-08-24 12:00:00,3006,13,48,22,0,17.9,12.1,0.0,0,0,0,0,1,0,0,1,0
2023-08-24 15:00:00,1779,16,37,13,0,17.9,12.1,0.0,0,0,0,0,1,0,0,1,0
2023-08-24 14:00:00,3040,15,34,11,0,17.9,12.1,0.0,0,0,0,0,1,0,0,1,0
2023-08-24 11:00:00,2288,12,28,7,0,17.9,12.1,0.0,0,0,0,0,1,0,0,1,0
2023-08-24 13:00:00,3487,14,26,14,0,17.9,12.1,0.0,0,0,0,0,1,0,0,1,0
2023-08-24 10:00:00,1876,11,24,9,0,17.9,12.1,0.0,0,0,0,0,1,0,0,1,0
2023-08-24 16:00:00,1193,17,22,2,0,17.9,12.1,0.0,0,0,0,0,1,0,0,1,0
2023-08-24 18:00:00,266,19,16,4,0,17.9,12.1,0.0,0,0,0,0,1,0,0,1,0
2023-08-24 09:00:00,1194,10,15,12,0,17.9,12.1,0.0,0,0,0,0,1,0,0,1,0
2023-08-24 19:00:00,513,20,10,62,0,17.9,12.1,0.0,0,0,0,0,1,0,0,1,0
2023-08-24 17:00:00,490,18,9,3,0,17.9,12.1,0.0,0,0,0,0,1,0,0,1,0
2023-08-24 20:00:00,606,21,5,96,0,17.9,12.1,0.0,0,0,0,0,1,0,0,1,0
2023-08-24 21:00:00,459,22,4,79,0,17.9,12.1,0.0,0,0,0,0,1,0,0,1,0
2023-08-24 22:00:00,251,23,3,58,0,17.9,12.1,0.0,0,0,0,0,1,0,0,1,0
2023-08-24 06:00:00,71,7,3,30,0,17.9,12.1,0.0,0,0,0,0,1,0,0,1,0
2023-08-18 10:00:00,2572,11,21,11,0,20.9,13.2,9.7,1,0,0,0,0,0,0,1,0
2023-08-20 11:00:00,1519,12,7,47,0,21.5,14.0,0.0,0,0,0,1,0,0,0,1,0
2023-08-20 19:00:00,236,20,4,6,0,21.5,14.0,0.0,0,0,0,1,0,0,0,1,0
2023-08-26 01:00:00,107,2,0,86,0,18.3,5.5,0.8,0,0,1,0,0,0,0,1,0
2023-08-30 05:00:00,38,6,0,0,0,17.9,7.7,0.0,0,0,0,0,0,0,1,1,0
2023-08-18 14:00:00,3603,15,20,19,0,20.9,13.2,9.7,1,0,0,0,0,0,0,1,0
2023-08-20 20:00:00,184,21,4,0,0,21.5,14.0,0.0,0,0,0,1,0,0,0,1,0
2023-08-26 02:00:00,79,3,0,55,0,18.3,5.5,0.8,0,0,1,0,0,0,0,1,0
2023-08-30 00:00:00,23,1,0,0,0,17.9,7.7,0.0,0,0,0,0,0,0,1,1,0
2023-08-18 17:00:00,1573,18,20,14,0,20.9,13.2,9.7,1,0,0,0,0,0,0,1,0
2023-08-20 08:00:00,28,9,3,3,0,21.5,14.0,0.0,0,0,0,1,0,0,0,1,0
2023-08-26 03:00:00,96,4,0,54,0,18.3,5.5,0.8,0,0,1,0,0,0,0,1,0
2023-08-30 04:00:00,11,5,0,0,0,17.9,7.7,0.0,0,0,0,0,0,0,1,1,0
2023-08-18 12:00:00,3320,13,19,9,0,20.9,13.2,9.7,1,0,0,0,0,0,0,1,0
2023-08-20 22:00:00,62,23,2,0,0,21.5,14.0,0.0,0,0,0,1,0,0,0,1,0
2023-08-26 04:00:00,37,5,0,21,0,18.3,5.5,0.8,0,0,1,0,0,0,0,1,0
2023-08-31 16:00:00,1966,17,37,17,0,17.8,7.5,0.0,0,0,0,0,1,0,0,1,0
2023-08-18 09:00:00,1395,10,18,38,0,20.9,13.2,9.7,1,0,0,0,0,0,0,1,0
2023-08-20 21:00:00,144,22,0,1,0,21.5,14.0,0.0,0,0,0,1,0,0,0,1,0
2023-08-26 06:00:00,23,7,0,9,0,18.3,5.5,0.8,0,0,1,0,0,0,0,1,0
2023-08-26 05:00:00,30,6,0,0,0,18.3,5.5,0.8,0,0,1,0,0,0,0,1,0
2023-08-27 12:00:00,1882,13,42,6,0,18.6,5.5,4.8,0,0,0,1,0,0,0,1,0
2023-08-27 15:00:00,1631,16,23,11,0,18.6,5.5,4.8,0,0,0,1,0,0,0,1,0
2023-08-27 16:00:00,1442,17,23,10,0,18.6,5.5,4.8,0,0,0,1,0,0,0,1,0
2023-08-27 13:00:00,1580,14,15,15,0,18.6,5.5,4.8,0,0,0,1,0,0,0,1,0
2023-08-27 14:00:00,1451,15,12,25,0,18.6,5.5,4.8,0,0,0,1,0,0,0,1,0
2023-08-27 11:00:00,1526,12,12,14,0,18.6,5.5,4.8,0,0,0,1,0,0,0,1,0
2023-08-27 18:00:00,596,19,11,80,0,18.6,5.5,4.8,0,0,0,1,0,0,0,1,0
2023-08-27 19:00:00,449,20,9,86,0,18.6,5.5,4.8,0,0,0,1,0,0,0,1,0
2023-08-27 20:00:00,440,21,9,73,0,18.6,5.5,4.8,0,0,0,1,0,0,0,1,0
2023-08-27 17:00:00,922,18,6,35,0,18.6,5.5,4.8,0,0,0,1,0,0,0,1,0
2023-08-27 09:00:00,250,10,6,5,0,18.6,5.5,4.8,0,0,0,1,0,0,0,1,0
2023-08-27 10:00:00,737,11,6,2,0,18.6,5.5,4.8,0,0,0,1,0,0,0,1,0
2023-08-27 21:00:00,319,22,4,63,0,18.6,5.5,4.8,0,0,0,1,0,0,0,1,0
2023-08-27 00:00:00,291,1,3,93,0,18.6,5.5,4.8,0,0,0,1,0,0,0,1,0
2023-08-27 02:00:00,144,3,1,101,0,18.6,5.5,4.8,0,0,0,1,0,0,0,1,0
2023-08-27 22:00:00,180,23,1,57,0,18.6,5.5,4.8,0,0,0,1,0,0,0,1,0
2023-08-27 01:00:00,75,2,0,79,0,18.6,5.5,4.8,0,0,0,1,0,0,0,1,0
2023-08-27 23:00:00,85,0,0,68,0,18.6,5.5,4.8,0,0,0,1,0,0,0,1,0
2023-08-27 03:00:00,58,4,0,42,0,18.6,5.5,4.8,0,0,0,1,0,0,0,1,0
2023-08-27 07:00:00,52,8,0,8,0,18.6,5.5,4.8,0,0,0,1,0,0,0,1,0
2023-08-27 08:00:00,107,9,0,7,0,18.6,5.5,4.8,0,0,0,1,0,0,0,1,0
2023-08-27 05:00:00,16,6,0,2,0,18.6,5.5,4.8,0,0,0,1,0,0,0,1,0
2023-08-27 06:00:00,24,7,0,1,0,18.6,5.5,4.8,0,0,0,1,0,0,0,1,0
2023-08-27 04:00:00,14,5,0,0,0,18.6,5.5,4.8,0,0,0,1,0,0,0,1,0
2023-08-28 13:00:00,3064,14,47,12,0,18.2,8.5,0.0,0,1,0,0,0,0,0,1,0
2023-08-28 16:00:00,1817,17,25,8,0,18.2,8.5,0.0,0,1,0,0,0,0,0,1,0
2023-08-28 14:00:00,2781,15,24,16,0,18.2,8.5,0.0,0,1,0,0,0,0,0,1,0
2023-08-28 15:00:00,2406,16,20,14,0,18.2,8.5,0.0,0,1,0,0,0,0,0,1,0
2023-08-28 10:00:00,2106,11,19,18,0,18.2,8.5,0.0,0,1,0,0,0,0,0,1,0
2023-08-28 12:00:00,2938,13,17,26,0,18.2,8.5,0.0,0,1,0,0,0,0,0,1,0
2023-08-28 19:00:00,213,20,15,4,0,18.2,8.5,0.0,0,1,0,0,0,0,0,1,0
2023-08-28 11:00:00,2529,12,13,13,0,18.2,8.5,0.0,0,1,0,0,0,0,0,1,0
2023-08-28 09:00:00,1227,10,11,18,0,18.2,8.5,0.0,0,1,0,0,0,0,0,1,0
2023-08-28 18:00:00,416,19,10,8,0,18.2,8.5,0.0,0,1,0,0,0,0,0,1,0
2023-08-28 17:00:00,1293,18,10,6,0,18.2,8.5,0.0,0,1,0,0,0,0,0,1,0
2023-08-28 08:00:00,592,9,7,12,0,18.2,8.5,0.0,0,1,0,0,0,0,0,1,0
2023-08-28 07:00:00,200,8,7,10,0,18.2,8.5,0.0,0,1,0,0,0,0,0,1,0
2023-08-28 20:00:00,145,21,5,7,0,18.2,8.5,0.0,0,1,0,0,0,0,0,1,0
2023-08-28 00:00:00,75,1,3,53,0,18.2,8.5,0.0,0,1,0,0,0,0,0,1,0
2023-08-28 06:00:00,125,7,2,39,0,18.2,8.5,0.0,0,1,0,0,0,0,0,1,0
2023-08-28 21:00:00,172,22,2,8,0,18.2,8.5,0.0,0,1,0,0,0,0,0,1,0
2023-08-28 02:00:00,40,3,1,32,0,18.2,8.5,0.0,0,1,0,0,0,0,0,1,0
2023-08-28 05:00:00,39,6,1,24,0,18.2,8.5,0.0,0,1,0,0,0,0,0,1,0
2023-08-31 17:00:00,1388,18,29,8,0,17.8,7.5,0.0,0,0,0,0,1,0,0,1,0
2023-08-18 15:00:00,3223,16,15,9,0,20.9,13.2,9.7,1,0,0,0,0,0,0,1,0
2023-08-31 12:00:00,3685,13,22,18,0,17.8,7.5,0.0,0,0,0,0,1,0,0,1,0
2023-08-20 03:00:00,23,4,0,1,0,21.5,14.0,0.0,0,0,0,1,0,0,0,1,0
2023-08-18 16:00:00,2764,17,12,18,0,20.9,13.2,9.7,1,0,0,0,0,0,0,1,0
2023-08-31 15:00:00,2119,16,21,27,0,17.8,7.5,0.0,0,0,0,0,1,0,0,1,0
2023-08-20 07:00:00,19,8,0,1,0,21.5,14.0,0.0,0,0,0,1,0,0,0,1,0
2023-08-18 08:00:00,613,9,12,14,0,20.9,13.2,9.7,1,0,0,0,0,0,0,1,0
2023-08-31 11:00:00,3006,12,15,19,0,17.8,7.5,0.0,0,0,0,0,1,0,0,1,0
2023-08-20 23:00:00,65,0,0,0,0,21.5,14.0,0.0,0,0,0,1,0,0,0,1,0
2023-08-24 08:00:00,684,9,3,12,0,17.9,12.1,0.0,0,0,0,0,1,0,0,1,0
2023-08-18 18:00:00,412,19,12,12,0,20.9,13.2,9.7,1,0,0,0,0,0,0,1,0
2023-08-18 13:00:00,3674,14,9,13,0,20.9,13.2,9.7,1,0,0,0,0,0,0,1,0
2023-08-18 06:00:00,87,7,7,5,0,20.9,13.2,9.7,1,0,0,0,0,0,0,1,0
2023-08-18 11:00:00,2090,12,4,7,0,20.9,13.2,9.7,1,0,0,0,0,0,0,1,0
2023-08-18 19:00:00,267,20,4,6,0,20.9,13.2,9.7,1,0,0,0,0,0,0,1,0
2023-08-18 21:00:00,337,22,3,51,0,20.9,13.2,9.7,1,0,0,0,0,0,0,1,0
2023-08-18 00:00:00,95,1,3,32,0,20.9,13.2,9.7,1,0,0,0,0,0,0,1,0
2023-08-18 07:00:00,303,8,3,25,0,20.9,13.2,9.7,1,0,0,0,0,0,0,1,0
2023-08-18 20:00:00,214,21,3,11,0,20.9,13.2,9.7,1,0,0,0,0,0,0,1,0
2023-08-18 02:00:00,15,3,1,0,0,20.9,13.2,9.7,1,0,0,0,0,0,0,1,0
2023-08-18 23:00:00,195,0,0,103,0,20.9,13.2,9.7,1,0,0,0,0,0,0,1,0
2023-08-18 22:00:00,256,23,0,97,0,20.9,13.2,9.7,1,0,0,0,0,0,0,1,0
2023-08-18 01:00:00,28,2,0,11,0,20.9,13.2,9.7,1,0,0,0,0,0,0,1,0
2023-08-18 04:00:00,9,5,0,2,0,20.9,13.2,9.7,1,0,0,0,0,0,0,1,0
2023-08-18 03:00:00,8,4,0,2,0,20.9,13.2,9.7,1,0,0,0,0,0,0,1,0
2023-08-18 05:00:00,22,6,0,1,0,20.9,13.2,9.7,1,0,0,0,0,0,0,1,0
2023-08-19 09:00:00,472,10,3,14,0,21.8,13.4,0.0,0,0,1,0,0,0,0,1,0
2023-08-19 18:00:00,97,19,3,1,0,21.8,13.4,0.0,0,0,1,0,0,0,0,1,0
2023-08-19 08:00:00,106,9,1,9,0,21.8,13.4,0.0,0,0,1,0,0,0,0,1,0
2023-08-19 10:00:00,196,11,1,4,0,21.8,13.4,0.0,0,0,1,0,0,0,0,1,0
2023-08-19 14:00:00,626,15,1,1,0,21.8,13.4,0.0,0,0,1,0,0,0,0,1,0
2023-08-19 23:00:00,84,0,1,0,0,21.8,13.4,0.0,0,0,1,0,0,0,0,1,0
2023-08-19 01:00:00,51,2,0,76,0,21.8,13.4,0.0,0,0,1,0,0,0,0,1,0
2023-08-19 00:00:00,82,1,0,68,0,21.8,13.4,0.0,0,0,1,0,0,0,0,1,0
2023-08-19 02:00:00,47,3,0,57,0,21.8,13.4,0.0,0,0,1,0,0,0,0,1,0
2023-08-19 03:00:00,17,4,0,30,0,21.8,13.4,0.0,0,0,1,0,0,0,0,1,0
2023-08-19 04:00:00,5,5,0,22,0,21.8,13.4,0.0,0,0,1,0,0,0,0,1,0
2023-08-19 06:00:00,15,7,0,3,0,21.8,13.4,0.0,0,0,1,0,0,0,0,1,0
2023-08-19 21:00:00,130,22,0,1,0,21.8,13.4,0.0,0,0,1,0,0,0,0,1,0
2023-08-19 05:00:00,5,6,0,1,0,21.8,13.4,0.0,0,0,1,0,0,0,0,1,0
2023-08-19 17:00:00,94,18,0,0,0,21.8,13.4,0.0,0,0,1,0,0,0,0,1,0
2023-08-19 22:00:00,78,23,0,0,0,21.8,13.4,0.0,0,0,1,0,0,0,0,1,0
2023-08-19 13:00:00,33,14,0,0,0,21.8,13.4,0.0,0,0,1,0,0,0,0,1,0
2023-08-19 20:00:00,33,21,0,0,0,21.8,13.4,0.0,0,0,1,0,0,0,0,1,0
2023-08-20 14:00:00,2199,15,24,12,0,21.5,14.0,0.0,0,0,0,1,0,0,0,1,0
2023-08-20 17:00:00,560,18,23,7,0,21.5,14.0,0.0,0,0,0,1,0,0,0,1,0
2023-08-20 16:00:00,1620,17,20,9,0,21.5,14.0,0.0,0,0,0,1,0,0,0,1,0
2023-08-20 12:00:00,1950,13,18,39,0,21.5,14.0,0.0,0,0,0,1,0,0,0,1,0
2023-08-20 15:00:00,2061,16,18,7,0,21.5,14.0,0.0,0,0,0,1,0,0,0,1,0
2023-08-20 13:00:00,1699,14,14,6,0,21.5,14.0,0.0,0,0,0,1,0,0,0,1,0
2023-08-20 18:00:00,281,19,14,4,0,21.5,14.0,0.0,0,0,0,1,0,0,0,1,0
2023-08-20 10:00:00,129,11,8,0,0,21.5,14.0,0.0,0,0,0,1,0,0,0,1,0
2023-08-24 07:00:00,180,8,2,12,0,17.9,12.1,0.0,0,0,0,0,1,0,0,1,0
2023-08-20 02:00:00,31,3,0,0,0,21.5,14.0,0.0,0,0,0,1,0,0,0,1,0
2023-08-31 14:00:00,3093,15,15,13,0,17.8,7.5,0.0,0,0,0,0,1,0,0,1,0
2023-08-24 23:00:00,71,0,1,42,0,17.9,12.1,0.0,0,0,0,0,1,0,0,1,0
2023-08-20 01:00:00,29,2,0,0,0,21.5,14.0,0.0,0,0,0,1,0,0,0,1,0
2023-08-31 18:00:00,477,19,10,10,0,17.8,7.5,0.0,0,0,0,0,1,0,0,1,0
2023-08-24 01:00:00,24,2,1,26,0,17.9,12.1,0.0,0,0,0,0,1,0,0,1,0
2023-08-20 00:00:00,24,1,0,0,0,21.5,14.0,0.0,0,0,0,1,0,0,0,1,0
2023-08-31 08:00:00,689,9,9,10,0,17.8,7.5,0.0,0,0,0,0,1,0,0,1,0
2023-08-24 00:00:00,28,1,0,29,0,17.9,12.1,0.0,0,0,0,0,1,0,0,1,0
2023-08-20 06:00:00,6,7,0,0,0,21.5,14.0,0.0,0,0,0,1,0,0,0,1,0
2023-08-31 19:00:00,311,20,9,10,0,17.8,7.5,0.0,0,0,0,0,1,0,0,1,0
2023-08-24 02:00:00,8,3,0,27,0,17.9,12.1,0.0,0,0,0,0,1,0,0,1,0
2023-08-24 05:00:00,24,6,0,11,0,17.9,12.1,0.0,0,0,0,0,1,0,0,1,0
2023-08-24 04:00:00,13,5,0,11,0,17.9,12.1,0.0,0,0,0,0,1,0,0,1,0
2023-08-24 03:00:00,6,4,0,9,0,17.9,12.1,0.0,0,0,0,0,1,0,0,1,0
2023-08-25 12:00:00,3000,13,34,22,0,18.5,8.9,0.0,1,0,0,0,0,0,0,1,0
2023-08-25 14:00:00,2653,15,21,13,0,18.5,8.9,0.0,1,0,0,0,0,0,0,1,0
2023-08-25 13:00:00,2802,14,17,17,0,18.5,8.9,0.0,1,0,0,0,0,0,0,1,0
2023-08-25 11:00:00,2616,12,15,10,0,18.5,8.9,0.0,1,0,0,0,0,0,0,1,0
2023-08-25 17:00:00,1446,18,13,16,0,18.5,8.9,0.0,1,0,0,0,0,0,0,1,0
2023-08-25 19:00:00,784,20,12,115,0,18.5,8.9,0.0,1,0,0,0,0,0,0,1,0
2023-08-25 16:00:00,2311,17,12,9,0,18.5,8.9,0.0,1,0,0,0,0,0,0,1,0
2023-08-25 09:00:00,1410,10,10,18,0,18.5,8.9,0.0,1,0,0,0,0,0,0,1,0
2023-08-25 10:00:00,2295,11,10,16,0,18.5,8.9,0.0,1,0,0,0,0,0,0,1,0
2023-08-25 15:00:00,2741,16,10,6,0,18.5,8.9,0.0,1,0,0,0,0,0,0,1,0
2023-08-25 07:00:00,295,8,8,55,0,18.5,8.9,0.0,1,0,0,0,0,0,0,1,0
2023-08-25 18:00:00,575,19,8,22,0,18.5,8.9,0.0,1,0,0,0,0,0,0,1,0
2023-08-25 08:00:00,771,9,7,20,0,18.5,8.9,0.0,1,0,0,0,0,0,0,1,0
2023-08-25 20:00:00,664,21,3,99,0,18.5,8.9,0.0,1,0,0,0,0,0,0,1,0
2023-08-25 01:00:00,28,2,3,22,0,18.5,8.9,0.0,1,0,0,0,0,0,0,1,0
2023-08-25 21:00:00,629,22,2,100,0,18.5,8.9,0.0,1,0,0,0,0,0,0,1,0
2023-08-25 23:00:00,136,0,2,97,0,18.5,8.9,0.0,1,0,0,0,0,0,0,1,0
2023-08-25 00:00:00,45,1,2,27,0,18.5,8.9,0.0,1,0,0,0,0,0,0,1,0
2023-08-25 22:00:00,342,23,1,86,0,18.5,8.9,0.0,1,0,0,0,0,0,0,1,0
2023-08-25 06:00:00,63,7,1,30,0,18.5,8.9,0.0,1,0,0,0,0,0,0,1,0
2023-08-25 02:00:00,31,3,0,28,0,18.5,8.9,0.0,1,0,0,0,0,0,0,1,0
2023-08-25 05:00:00,26,6,0,22,0,18.5,8.9,0.0,1,0,0,0,0,0,0,1,0
2023-08-25 03:00:00,27,4,0,15,0,18.5,8.9,0.0,1,0,0,0,0,0,0,1,0
2023-08-25 04:00:00,10,5,0,8,0,18.5,8.9,0.0,1,0,0,0,0,0,0,1,0
2023-08-26 13:00:00,3049,14,23,11,0,18.3,5.5,0.8,0,0,1,0,0,0,0,1,0
2023-08-26 14:00:00,3790,15,21,12,0,18.3,5.5,0.8,0,0,1,0,0,0,0,1,0
2023-08-26 16:00:00,2415,17,21,6,0,18.3,5.5,0.8,0,0,1,0,0,0,0,1,0
2023-08-26 15:00:00,2605,16,20,9,0,18.3,5.5,0.8,0,0,1,0,0,0,0,1,0
2023-08-26 10:00:00,2520,11,17,67,0,18.3,5.5,0.8,0,0,1,0,0,0,0,1,0
2023-08-26 17:00:00,1542,18,17,6,0,18.3,5.5,0.8,0,0,1,0,0,0,0,1,0
2023-08-26 18:00:00,402,19,15,11,0,18.3,5.5,0.8,0,0,1,0,0,0,0,1,0
2023-08-26 11:00:00,2631,12,14,12,0,18.3,5.5,0.8,0,0,1,0,0,0,0,1,0
2023-08-26 12:00:00,2559,13,12,7,0,18.3,5.5,0.8,0,0,1,0,0,0,0,1,0
2023-08-26 09:00:00,1314,10,6,30,0,18.3,5.5,0.8,0,0,1,0,0,0,0,1,0
2023-08-26 22:00:00,262,23,5,117,0,18.3,5.5,0.8,0,0,1,0,0,0,0,1,0
2023-08-26 20:00:00,711,21,5,84,0,18.3,5.5,0.8,0,0,1,0,0,0,0,1,0
2023-08-26 08:00:00,528,9,5,4,0,18.3,5.5,0.8,0,0,1,0,0,0,0,1,0
2023-08-26 21:00:00,425,22,4,123,0,18.3,5.5,0.8,0,0,1,0,0,0,0,1,0
2023-08-26 07:00:00,88,8,3,3,0,18.3,5.5,0.8,0,0,1,0,0,0,0,1,0
2023-08-26 23:00:00,163,0,2,94,0,18.3,5.5,0.8,0,0,1,0,0,0,0,1,0
2023-08-26 19:00:00,376,20,2,39,0,18.3,5.5,0.8,0,0,1,0,0,0,0,1,0
2023-08-21 13:00:00,2557,14,25,15,0,21.4,14.3,0.6,0,1,0,0,0,0,0,1,0
2023-08-31 13:00:00,3735,14,8,15,0,17.8,7.5,0.0,0,0,0,0,1,0,0,1,0
2023-08-31 09:00:00,1366,10,6,10,0,17.8,7.5,0.0,0,0,0,0,1,0,0,1,0
2023-08-21 16:00:00,1913,17,23,11,0,21.4,14.3,0.6,0,1,0,0,0,0,0,1,0
2023-08-31 10:00:00,1894,11,5,16,0,17.8,7.5,0.0,0,0,0,0,1,0,0,1,0
2023-08-21 15:00:00,2136,16,19,9,0,21.4,14.3,0.6,0,1,0,0,0,0,0,1,0
2023-08-31 07:00:00,165,8,4,7,0,17.8,7.5,0.0,0,0,0,0,1,0,0,1,0
2023-08-21 14:00:00,2605,15,18,17,0,21.4,14.3,0.6,0,1,0,0,0,0,0,1,0
2023-08-31 20:00:00,218,21,2,4,0,17.8,7.5,0.0,0,0,0,0,1,0,0,1,0
2023-08-21 12:00:00,2577,13,17,14,0,21.4,14.3,0.6,0,1,0,0,0,0,0,1,0
2023-08-21 09:00:00,1273,10,16,28,0,21.4,14.3,0.6,0,1,0,0,0,0,0,1,0
2023-08-21 11:00:00,2465,12,15,22,0,21.4,14.3,0.6,0,1,0,0,0,0,0,1,0
2023-08-21 17:00:00,1248,18,12,7,0,21.4,14.3,0.6,0,1,0,0,0,0,0,1,0
2023-08-21 10:00:00,1978,11,9,18,0,21.4,14.3,0.6,0,1,0,0,0,0,0,1,0
2023-08-21 18:00:00,419,19,9,4,0,21.4,14.3,0.6,0,1,0,0,0,0,0,1,0
2023-08-21 19:00:00,319,20,9,1,0,21.4,14.3,0.6,0,1,0,0,0,0,0,1,0
2023-08-21 08:00:00,659,9,7,10,0,21.4,14.3,0.6,0,1,0,0,0,0,0,1,0
2023-08-21 07:00:00,167,8,5,7,0,21.4,14.3,0.6,0,1,0,0,0,0,0,1,0
2023-08-21 20:00:00,190,21,4,5,0,21.4,14.3,0.6,0,1,0,0,0,0,0,1,0
2023-08-21 23:00:00,58,0,2,1,0,21.4,14.3,0.6,0,1,0,0,0,0,0,1,0
2023-08-21 06:00:00,46,7,1,6,0,21.4,14.3,0.6,0,1,0,0,0,0,0,1,0
2023-08-21 00:00:00,26,1,1,2,0,21.4,14.3,0.6,0,1,0,0,0,0,0,1,0
2023-08-21 22:00:00,154,23,0,3,0,21.4,14.3,0.6,0,1,0,0,0,0,0,1,0
2023-08-21 02:00:00,15,3,0,2,0,21.4,14.3,0.6,0,1,0,0,0,0,0,1,0
2023-08-21 21:00:00,208,22,0,1,0,21.4,14.3,0.6,0,1,0,0,0,0,0,1,0
2023-08-21 05:00:00,24,6,0,1,0,21.4,14.3,0.6,0,1,0,0,0,0,0,1,0
2023-08-21 03:00:00,15,4,0,1,0,21.4,14.3,0.6,0,1,0,0,0,0,0,1,0
2023-08-21 01:00:00,37,2,0,0,0,21.4,14.3,0.6,0,1,0,0,0,0,0,1,0
2023-08-21 04:00:00,6,5,0,0,0,21.4,14.3,0.6,0,1,0,0,0,0,0,1,0
2023-08-22 13:00:00,2707,14,32,13,0,18.0,15.6,0.7,0,0,0,0,0,1,0,1,0
2023-08-22 14:00:00,2638,15,23,18,0,18.0,15.6,0.7,0,0,0,0,0,1,0,1,0
2023-08-22 12:00:00,2771,13,23,13,0,18.0,15.6,0.7,0,0,0,0,0,1,0,1,0
2023-08-22 11:00:00,2514,12,22,13,0,18.0,15.6,0.7,0,0,0,0,0,1,0,1,0
2023-08-22 16:00:00,1541,17,21,20,0,18.0,15.6,0.7,0,0,0,0,0,1,0,1,0
2023-08-22 18:00:00,362,19,15,7,0,18.0,15.6,0.7,0,0,0,0,0,1,0,1,0
2023-08-22 10:00:00,1925,11,14,10,0,18.0,15.6,0.7,0,0,0,0,0,1,0,1,0
2023-08-22 15:00:00,2448,16,11,16,0,18.0,15.6,0.7,0,0,0,0,0,1,0,1,0
2023-08-22 09:00:00,1225,10,11,13,0,18.0,15.6,0.7,0,0,0,0,0,1,0,1,0
2023-08-22 20:00:00,182,21,11,6,0,18.0,15.6,0.7,0,0,0,0,0,1,0,1,0
2023-08-22 17:00:00,1337,18,11,3,0,18.0,15.6,0.7,0,0,0,0,0,1,0,1,0
2023-08-22 08:00:00,704,9,9,6,0,18.0,15.6,0.7,0,0,0,0,0,1,0,1,0
2023-08-22 07:00:00,202,8,5,10,0,18.0,15.6,0.7,0,0,0,0,0,1,0,1,0
2023-08-28 22:00:00,59,23,1,2,0,18.2,8.5,0.0,0,1,0,0,0,0,0,1,0
2023-08-31 21:00:00,228,22,2,2,0,17.8,7.5,0.0,0,0,0,0,1,0,0,1,0
2023-08-28 23:00:00,51,0,1,2,0,18.2,8.5,0.0,0,1,0,0,0,0,0,1,0
2023-08-28 01:00:00,12,2,0,43,0,18.2,8.5,0.0,0,1,0,0,0,0,0,1,0
2023-08-28 03:00:00,2,4,0,25,0,18.2,8.5,0.0,0,1,0,0,0,0,0,1,0
2023-08-28 04:00:00,10,5,0,13,0,18.2,8.5,0.0,0,1,0,0,0,0,0,1,0
2023-08-29 13:00:00,2855,14,42,18,0,19.0,10.5,0.0,0,0,0,0,0,1,0,1,0
2023-08-29 16:00:00,2248,17,31,11,0,19.0,10.5,0.0,0,0,0,0,0,1,0,1,0
2023-08-29 12:00:00,2932,13,26,15,0,19.0,10.5,0.0,0,0,0,0,0,1,0,1,0
2023-08-29 17:00:00,1604,18,23,41,0,19.0,10.5,0.0,0,0,0,0,0,1,0,1,0
2023-08-29 09:00:00,1224,10,22,25,0,19.0,10.5,0.0,0,0,0,0,0,1,0,1,0
2023-08-29 14:00:00,2374,15,22,24,0,19.0,10.5,0.0,0,0,0,0,0,1,0,1,0
2023-08-29 15:00:00,2327,16,19,16,0,19.0,10.5,0.0,0,0,0,0,0,1,0,1,0
2023-08-29 11:00:00,2507,12,19,11,0,19.0,10.5,0.0,0,0,0,0,0,1,0,1,0
2023-08-29 10:00:00,2075,11,18,12,0,19.0,10.5,0.0,0,0,0,0,0,1,0,1,0
2023-08-29 19:00:00,290,20,9,29,0,19.0,10.5,0.0,0,0,0,0,0,1,0,1,0
2023-08-29 08:00:00,677,9,9,8,0,19.0,10.5,0.0,0,0,0,0,0,1,0,1,0
2023-08-29 20:00:00,484,21,6,48,0,19.0,10.5,0.0,0,0,0,0,0,1,0,1,0
2023-08-29 18:00:00,556,19,6,41,0,19.0,10.5,0.0,0,0,0,0,0,1,0,1,0
2023-08-29 22:00:00,198,23,2,17,0,19.0,10.5,0.0,0,0,0,0,0,1,0,1,0
2023-08-29 21:00:00,288,22,1,47,0,19.0,10.5,0.0,0,0,0,0,0,1,0,1,0
2023-08-29 07:00:00,278,8,1,16,0,19.0,10.5,0.0,0,0,0,0,0,1,0,1,0
2023-08-29 06:00:00,81,7,1,6,0,19.0,10.5,0.0,0,0,0,0,0,1,0,1,0
2023-08-29 23:00:00,56,0,1,2,0,19.0,10.5,0.0,0,0,0,0,0,1,0,1,0
2023-08-29 03:00:00,2,4,0,3,0,19.0,10.5,0.0,0,0,0,0,0,1,0,1,0
2023-08-29 05:00:00,29,6,0,1,0,19.0,10.5,0.0,0,0,0,0,0,1,0,1,0
2023-08-29 00:00:00,24,1,0,1,0,19.0,10.5,0.0,0,0,0,0,0,1,0,1,0
2023-08-29 01:00:00,3,2,0,1,0,19.0,10.5,0.0,0,0,0,0,0,1,0,1,0
2023-08-29 02:00:00,6,3,0,0,0,19.0,10.5,0.0,0,0,0,0,0,1,0,1,0
2023-08-29 04:00:00,6,5,0,0,0,19.0,10.5,0.0,0,0,0,0,0,1,0,1,0
2023-08-30 16:00:00,2541,17,28,54,0,17.9,7.7,0.0,0,0,0,0,0,0,1,1,0
2023-08-30 17:00:00,1993,18,22,84,0,17.9,7.7,0.0,0,0,0,0,0,0,1,1,0
2023-08-30 15:00:00,2980,16,15,73,0,17.9,7.7,0.0,0,0,0,0,0,0,1,1,0
2023-08-30 11:00:00,2552,12,15,13,0,17.9,7.7,0.0,0,0,0,0,0,0,1,1,0
2023-08-30 09:00:00,1307,10,14,24,0,17.9,7.7,0.0,0,0,0,0,0,0,1,1,0
2023-08-30 12:00:00,3285,13,14,16,0,17.9,7.7,0.0,0,0,0,0,0,0,1,1,0
2023-08-30 10:00:00,2103,11,14,15,0,17.9,7.7,0.0,0,0,0,0,0,0,1,1,0
2023-08-30 19:00:00,472,20,13,67,0,17.9,7.7,0.0,0,0,0,0,0,0,1,1,0
2023-08-30 14:00:00,3768,15,12,52,0,17.9,7.7,0.0,0,0,0,0,0,0,1,1,0
2023-08-30 13:00:00,3610,14,10,56,0,17.9,7.7,0.0,0,0,0,0,0,0,1,1,0
2023-08-30 21:00:00,337,22,7,46,0,17.9,7.7,0.0,0,0,0,0,0,0,1,1,0
2023-08-30 20:00:00,455,21,5,67,0,17.9,7.7,0.0,0,0,0,0,0,0,1,1,0
2023-08-30 08:00:00,637,9,5,13,0,17.9,7.7,0.0,0,0,0,0,0,0,1,1,0
2023-08-30 06:00:00,52,7,5,3,0,17.9,7.7,0.0,0,0,0,0,0,0,1,1,0
2023-08-30 18:00:00,826,19,3,82,0,17.9,7.7,0.0,0,0,0,0,0,0,1,1,0
2023-08-30 07:00:00,186,8,3,15,0,17.9,7.7,0.0,0,0,0,0,0,0,1,1,0
2023-08-30 22:00:00,99,23,1,25,0,17.9,7.7,0.0,0,0,0,0,0,0,1,1,0
2023-08-30 23:00:00,48,0,1,0,0,17.9,7.7,0.0,0,0,0,0,0,0,1,1,0
2023-08-30 01:00:00,20,2,1,0,0,17.9,7.7,0.0,0,0,0,0,0,0,1,1,0
2023-08-30 03:00:00,15,4,0,3,0,17.9,7.7,0.0,0,0,0,0,0,0,1,1,0
2023-08-30 02:00:00,13,3,0,1,0,17.9,7.7,0.0,0,0,0,0,0,0,1,1,0
2023-08-31 02:00:00,9,3,2,1,0,17.8,7.5,0.0,0,0,0,0,1,0,0,1,0
2023-08-31 06:00:00,53,7,1,1,0,17.8,7.5,0.0,0,0,0,0,1,0,0,1,0
2023-08-31 22:00:00,120,23,0,3,0,17.8,7.5,0.0,0,0,0,0,1,0,0,1,0
2023-08-31 04:00:00,2,5,0,2,0,17.8,7.5,0.0,0,0,0,0,1,0,0,1,0
2023-08-31 23:00:00,46,0,0,1,0,17.8,7.5,0.0,0,0,0,0,1,0,0,1,0
2023-08-31 05:00:00,26,6,0,0,0,17.8,7.5,0.0,0,0,0,0,1,0,0,1,0
2023-08-31 00:00:00,23,1,0,0,0,17.8,7.5,0.0,0,0,0,0,1,0,0,1,0
2023-08-31 01:00:00,13,2,0,0,0,17.8,7.5,0.0,0,0,0,0,1,0,0,1,0
2023-08-31 03:00:00,5,4,0,0,0,17.8,7.5,0.0,0,0,0,0,1,0,0,1,0
2023-12-02 12:00:00,2644,13,6,7,0,4.3,-4.8,0.0,0,0,1,0,0,0,0,0,1
2023-12-01 11:00:00,3288,12,42,19,0,-0.7,-3.2,0.0,1,0,0,0,0,0,0,0,1
2023-12-01 12:00:00,3620,13,36,28,0,-0.7,-3.2,0.0,1,0,0,0,0,0,0,0,1
2023-12-02 20:00:00,558,21,5,65,0,4.3,-4.8,0.0,0,0,1,0,0,0,0,0,1
2023-12-01 14:00:00,3701,15,21,13,0,-0.7,-3.2,0.0,1,0,0,0,0,0,0,0,1
2023-12-02 21:00:00,498,22,5,45,0,4.3,-4.8,0.0,0,0,1,0,0,0,0,0,1
2023-12-01 09:00:00,1860,10,18,20,0,-0.7,-3.2,0.0,1,0,0,0,0,0,0,0,1
2023-12-02 08:00:00,532,9,4,47,0,4.3,-4.8,0.0,0,0,1,0,0,0,0,0,1
2023-12-01 13:00:00,3674,14,14,6,0,-0.7,-3.2,0.0,1,0,0,0,0,0,0,0,1
2023-12-01 10:00:00,3348,11,13,15,0,-0.7,-3.2,0.0,1,0,0,0,0,0,0,0,1
2023-12-01 08:00:00,1011,9,13,13,0,-0.7,-3.2,0.0,1,0,0,0,0,0,0,0,1
2023-12-01 15:00:00,3528,16,13,11,0,-0.7,-3.2,0.0,1,0,0,0,0,0,0,0,1
2023-12-02 17:00:00,1236,18,4,3,0,4.3,-4.8,0.0,0,0,1,0,0,0,0,0,1
2023-12-02 22:00:00,359,23,3,53,0,4.3,-4.8,0.0,0,0,1,0,0,0,0,0,1
2023-12-02 23:00:00,214,0,0,77,0,4.3,-4.8,0.0,0,0,1,0,0,0,0,0,1
2023-12-02 03:00:00,87,4,0,62,0,4.3,-4.8,0.0,0,0,1,0,0,0,0,0,1
2023-12-02 00:00:00,104,1,0,61,0,4.3,-4.8,0.0,0,0,1,0,0,0,0,0,1
2023-12-02 01:00:00,99,2,0,53,0,4.3,-4.8,0.0,0,0,1,0,0,0,0,0,1
2023-12-02 02:00:00,42,3,0,51,0,4.3,-4.8,0.0,0,0,1,0,0,0,0,0,1
2023-12-02 07:00:00,134,8,0,28,0,4.3,-4.8,0.0,0,0,1,0,0,0,0,0,1
2023-12-02 04:00:00,12,5,0,17,0,4.3,-4.8,0.0,0,0,1,0,0,0,0,0,1
2023-12-02 06:00:00,36,7,0,16,0,4.3,-4.8,0.0,0,0,1,0,0,0,0,0,1
2023-12-01 21:00:00,372,22,1,58,0,-0.7,-3.2,0.0,1,0,0,0,0,0,0,0,1
2023-12-01 03:00:00,12,4,1,3,0,-0.7,-3.2,0.0,1,0,0,0,0,0,0,0,1
2023-12-01 22:00:00,303,23,0,63,0,-0.7,-3.2,0.0,1,0,0,0,0,0,0,0,1
2023-12-01 23:00:00,160,0,0,51,0,-0.7,-3.2,0.0,1,0,0,0,0,0,0,0,1
2023-12-02 05:00:00,39,6,0,13,0,4.3,-4.8,0.0,0,0,1,0,0,0,0,0,1
2023-12-03 14:00:00,4156,15,26,58,0,5.7,-4.2,11.1,0,0,0,1,0,0,0,0,1
2023-12-03 15:00:00,3823,16,24,56,0,5.7,-4.2,11.1,0,0,0,1,0,0,0,0,1
2023-12-03 13:00:00,3989,14,24,43,0,5.7,-4.2,11.1,0,0,0,1,0,0,0,0,1
2023-12-03 12:00:00,3952,13,20,54,0,5.7,-4.2,11.1,0,0,0,1,0,0,0,0,1
2023-12-03 11:00:00,2806,12,9,37,0,5.7,-4.2,11.1,0,0,0,1,0,0,0,0,1
2023-12-01 07:00:00,258,8,0,8,0,-0.7,-3.2,0.0,1,0,0,0,0,0,0,0,1
2023-12-01 18:00:00,399,19,0,7,0,-0.7,-3.2,0.0,1,0,0,0,0,0,0,0,1
2023-12-01 19:00:00,259,20,0,7,0,-0.7,-3.2,0.0,1,0,0,0,0,0,0,0,1
2023-12-01 00:00:00,42,1,0,6,0,-0.7,-3.2,0.0,1,0,0,0,0,0,0,0,1
2023-12-01 06:00:00,58,7,0,4,0,-0.7,-3.2,0.0,1,0,0,0,0,0,0,0,1
2023-12-01 02:00:00,8,3,0,3,0,-0.7,-3.2,0.0,1,0,0,0,0,0,0,0,1
2023-12-01 04:00:00,9,5,0,2,0,-0.7,-3.2,0.0,1,0,0,0,0,0,0,0,1
2023-12-01 05:00:00,46,6,0,1,0,-0.7,-3.2,0.0,1,0,0,0,0,0,0,0,1
2023-12-01 01:00:00,26,2,0,1,0,-0.7,-3.2,0.0,1,0,0,0,0,0,0,0,1
2023-12-02 09:00:00,1706,10,13,45,0,4.3,-4.8,0.0,0,0,1,0,0,0,0,0,1
2023-12-02 10:00:00,2322,11,10,27,0,4.3,-4.8,0.0,0,0,1,0,0,0,0,0,1
2023-12-02 15:00:00,3094,16,10,6,0,4.3,-4.8,0.0,0,0,1,0,0,0,0,0,1
2023-12-02 16:00:00,2238,17,9,7,0,4.3,-4.8,0.0,0,0,1,0,0,0,0,0,1
2023-12-02 13:00:00,4376,14,8,25,0,4.3,-4.8,0.0,0,0,1,0,0,0,0,0,1
2023-12-02 14:00:00,3824,15,8,17,0,4.3,-4.8,0.0,0,0,1,0,0,0,0,0,1
2023-12-02 18:00:00,1092,19,7,68,0,4.3,-4.8,0.0,0,0,1,0,0,0,0,0,1
2023-12-02 11:00:00,1708,12,2,0,0,4.3,-4.8,0.0,0,0,1,0,0,0,0,0,1
2023-12-02 19:00:00,680,20,1,86,0,4.3,-4.8,0.0,0,0,1,0,0,0,0,0,1
2023-12-01 16:00:00,2544,17,3,14,0,-0.7,-3.2,0.0,1,0,0,0,0,0,0,0,1
2023-12-01 20:00:00,309,21,2,44,0,-0.7,-3.2,0.0,1,0,0,0,0,0,0,0,1
2023-12-01 17:00:00,1437,18,2,24,0,-0.7,-3.2,0.0,1,0,0,0,0,0,0,0,1
2023-12-04 14:00:00,2360,15,6,23,0,4.5,-2.2,1.6,0,1,0,0,0,0,0,0,1
2023-12-04 15:00:00,1472,16,4,12,0,4.5,-2.2,1.6,0,1,0,0,0,0,0,0,1
2023-12-04 07:00:00,116,8,4,10,0,4.5,-2.2,1.6,0,1,0,0,0,0,0,0,1
2023-12-04 16:00:00,1109,17,2,21,0,4.5,-2.2,1.6,0,1,0,0,0,0,0,0,1
2023-12-03 16:00:00,2131,17,4,45,0,5.7,-4.2,11.1,0,0,0,1,0,0,0,0,1
2023-12-03 10:00:00,1584,11,3,40,0,5.7,-4.2,11.1,0,0,0,1,0,0,0,0,1
2023-12-03 09:00:00,481,10,2,34,0,5.7,-4.2,11.1,0,0,0,1,0,0,0,0,1
2023-12-04 09:00:00,387,10,0,15,0,4.5,-2.2,1.6,0,1,0,0,0,0,0,0,1
2023-12-04 17:00:00,725,18,0,8,0,4.5,-2.2,1.6,0,1,0,0,0,0,0,0,1
2023-12-04 18:00:00,248,19,0,8,0,4.5,-2.2,1.6,0,1,0,0,0,0,0,0,1
2023-12-04 08:00:00,335,9,0,7,0,4.5,-2.2,1.6,0,1,0,0,0,0,0,0,1
2023-12-04 06:00:00,21,7,0,5,0,4.5,-2.2,1.6,0,1,0,0,0,0,0,0,1
2023-12-04 12:00:00,3932,13,31,47,0,4.5,-2.2,1.6,0,1,0,0,0,0,0,0,1
2023-12-04 20:00:00,102,21,0,4,0,4.5,-2.2,1.6,0,1,0,0,0,0,0,0,1
2023-12-03 18:00:00,506,19,0,72,0,5.7,-4.2,11.1,0,0,0,1,0,0,0,0,1
2023-12-05 13:00:00,3414,14,42,15,0,6.1,2.8,0.0,0,0,0,0,0,1,0,0,1
2023-12-04 05:00:00,25,6,0,2,0,4.5,-2.2,1.6,0,1,0,0,0,0,0,0,1
2023-12-03 00:00:00,148,1,0,69,0,5.7,-4.2,11.1,0,0,0,1,0,0,0,0,1
2023-12-04 04:00:00,7,5,0,1,0,4.5,-2.2,1.6,0,1,0,0,0,0,0,0,1
2023-12-05 12:00:00,2578,13,34,10,0,6.1,2.8,0.0,0,0,0,0,0,1,0,0,1
2023-12-03 19:00:00,295,20,0,64,0,5.7,-4.2,11.1,0,0,0,1,0,0,0,0,1
2023-12-04 11:00:00,3504,12,22,55,0,4.5,-2.2,1.6,0,1,0,0,0,0,0,0,1
2023-12-04 21:00:00,73,22,0,0,0,4.5,-2.2,1.6,0,1,0,0,0,0,0,0,1
2023-12-03 02:00:00,80,3,0,58,0,5.7,-4.2,11.1,0,0,0,1,0,0,0,0,1
2023-12-04 13:00:00,2804,14,19,9,0,4.5,-2.2,1.6,0,1,0,0,0,0,0,0,1
2023-12-04 00:00:00,9,1,0,0,0,4.5,-2.2,1.6,0,1,0,0,0,0,0,0,1
2023-12-03 01:00:00,129,2,0,57,0,5.7,-4.2,11.1,0,0,0,1,0,0,0,0,1
2023-12-04 02:00:00,1,3,0,0,0,4.5,-2.2,1.6,0,1,0,0,0,0,0,0,1
2023-12-03 21:00:00,224,22,0,54,0,5.7,-4.2,11.1,0,0,0,1,0,0,0,0,1
2023-12-03 03:00:00,71,4,0,52,0,5.7,-4.2,11.1,0,0,0,1,0,0,0,0,1
2023-12-03 22:00:00,130,23,0,46,0,5.7,-4.2,11.1,0,0,0,1,0,0,0,0,1
2023-12-05 09:00:00,1502,10,23,28,0,6.1,2.8,0.0,0,0,0,0,0,1,0,0,1
2023-12-03 08:00:00,173,9,0,34,0,5.7,-4.2,11.1,0,0,0,1,0,0,0,0,1
2023-12-03 17:00:00,988,18,1,65,0,5.7,-4.2,11.1,0,0,0,1,0,0,0,0,1
2023-12-03 20:00:00,253,21,1,47,0,5.7,-4.2,11.1,0,0,0,1,0,0,0,0,1
2023-12-03 05:00:00,21,6,1,11,0,5.7,-4.2,11.1,0,0,0,1,0,0,0,0,1
2023-12-04 10:00:00,1776,11,9,51,0,4.5,-2.2,1.6,0,1,0,0,0,0,0,0,1
2023-12-05 14:00:00,2654,15,16,19,0,6.1,2.8,0.0,0,0,0,0,0,1,0,0,1
2023-12-05 11:00:00,2536,12,15,10,0,6.1,2.8,0.0,0,0,0,0,0,1,0,0,1
2023-12-05 10:00:00,2551,11,14,13,0,6.1,2.8,0.0,0,0,0,0,0,1,0,0,1
2023-12-03 04:00:00,31,5,0,23,0,5.7,-4.2,11.1,0,0,0,1,0,0,0,0,1
2023-12-03 07:00:00,86,8,0,20,0,5.7,-4.2,11.1,0,0,0,1,0,0,0,0,1
2023-12-03 23:00:00,33,0,0,17,0,5.7,-4.2,11.1,0,0,0,1,0,0,0,0,1
2023-12-03 06:00:00,25,7,0,10,0,5.7,-4.2,11.1,0,0,0,1,0,0,0,0,1
2023-12-04 19:00:00,131,20,1,2,0,4.5,-2.2,1.6,0,1,0,0,0,0,0,0,1
2023-12-04 22:00:00,64,23,1,2,0,4.5,-2.2,1.6,0,1,0,0,0,0,0,0,1
2023-12-04 23:00:00,12,0,1,0,0,4.5,-2.2,1.6,0,1,0,0,0,0,0,0,1
2023-12-04 01:00:00,5,2,1,0,0,4.5,-2.2,1.6,0,1,0,0,0,0,0,0,1
2023-12-04 03:00:00,5,4,1,0,0,4.5,-2.2,1.6,0,1,0,0,0,0,0,0,1
2023-12-05 16:00:00,2268,17,3,13,0,6.1,2.8,0.0,0,0,0,0,0,1,0,0,1
2023-12-05 22:00:00,190,23,1,11,0,6.1,2.8,0.0,0,0,0,0,0,1,0,0,1
2023-12-05 18:00:00,609,19,1,6,0,6.1,2.8,0.0,0,0,0,0,0,1,0,0,1
2023-12-05 23:00:00,71,0,1,2,0,6.1,2.8,0.0,0,0,0,0,0,1,0,0,1
2023-12-06 07:00:00,236,8,0,6,0,6.9,-3.3,1.1,0,0,0,0,0,0,1,0,1
2023-12-06 06:00:00,85,7,0,4,0,6.9,-3.3,1.1,0,0,0,0,0,0,1,0,1
2023-12-06 03:00:00,8,4,0,2,0,6.9,-3.3,1.1,0,0,0,0,0,0,1,0,1
2023-12-06 05:00:00,34,6,0,0,0,6.9,-3.3,1.1,0,0,0,0,0,0,1,0,1
2023-12-06 00:00:00,29,1,0,0,0,6.9,-3.3,1.1,0,0,0,0,0,0,1,0,1
2023-12-06 01:00:00,11,2,0,0,0,6.9,-3.3,1.1,0,0,0,0,0,0,1,0,1
2023-12-06 04:00:00,10,5,0,0,0,6.9,-3.3,1.1,0,0,0,0,0,0,1,0,1
2023-12-06 02:00:00,3,3,0,0,0,6.9,-3.3,1.1,0,0,0,0,0,0,1,0,1
2023-12-07 12:00:00,3957,13,31,47,0,8.5,-4.0,14.6,0,0,0,0,1,0,0,0,1
2023-12-07 11:00:00,2460,12,24,60,0,8.5,-4.0,14.6,0,0,0,0,1,0,0,0,1
2023-12-07 14:00:00,2110,15,22,14,0,8.5,-4.0,14.6,0,0,0,0,1,0,0,0,1
2023-12-07 10:00:00,1919,11,20,41,0,8.5,-4.0,14.6,0,0,0,0,1,0,0,0,1
2023-12-07 13:00:00,2375,14,15,26,0,8.5,-4.0,14.6,0,0,0,0,1,0,0,0,1
2023-12-07 09:00:00,1484,10,12,37,0,8.5,-4.0,14.6,0,0,0,0,1,0,0,0,1
2023-12-06 21:00:00,350,22,1,39,0,6.9,-3.3,1.1,0,0,0,0,0,0,1,0,1
2023-12-06 09:00:00,1384,10,19,28,0,6.9,-3.3,1.1,0,0,0,0,0,0,1,0,1
2023-12-06 18:00:00,521,19,1,35,0,6.9,-3.3,1.1,0,0,0,0,0,0,1,0,1
2023-12-05 07:00:00,144,8,0,9,0,6.1,2.8,0.0,0,0,0,0,0,1,0,0,1
2023-12-05 05:00:00,41,6,0,4,0,6.1,2.8,0.0,0,0,0,0,0,1,0,0,1
2023-12-05 20:00:00,214,21,0,3,0,6.1,2.8,0.0,0,0,0,0,0,1,0,0,1
2023-12-05 21:00:00,152,22,0,3,0,6.1,2.8,0.0,0,0,0,0,0,1,0,0,1
2023-12-05 06:00:00,28,7,0,3,0,6.1,2.8,0.0,0,0,0,0,0,1,0,0,1
2023-12-05 01:00:00,6,2,0,3,0,6.1,2.8,0.0,0,0,0,0,0,1,0,0,1
2023-12-05 19:00:00,371,20,0,0,0,6.1,2.8,0.0,0,0,0,0,0,1,0,0,1
2023-12-05 00:00:00,14,1,0,0,0,6.1,2.8,0.0,0,0,0,0,0,1,0,0,1
2023-12-05 03:00:00,10,4,0,0,0,6.1,2.8,0.0,0,0,0,0,0,1,0,0,1
2023-12-05 04:00:00,7,5,0,0,0,6.1,2.8,0.0,0,0,0,0,0,1,0,0,1
2023-12-05 02:00:00,3,3,0,0,0,6.1,2.8,0.0,0,0,0,0,0,1,0,0,1
2023-12-06 12:00:00,2597,13,26,9,0,6.9,-3.3,1.1,0,0,0,0,0,0,1,0,1
2023-12-06 22:00:00,172,23,1,28,0,6.9,-3.3,1.1,0,0,0,0,0,0,1,0,1
2023-12-06 11:00:00,2352,12,17,17,0,6.9,-3.3,1.1,0,0,0,0,0,0,1,0,1
2023-12-05 15:00:00,2562,16,7,12,0,6.1,2.8,0.0,0,0,0,0,0,1,0,0,1
2023-12-05 08:00:00,680,9,7,7,0,6.1,2.8,0.0,0,0,0,0,0,1,0,0,1
2023-12-06 15:00:00,2212,16,15,5,0,6.9,-3.3,1.1,0,0,0,0,0,0,1,0,1
2023-12-06 23:00:00,98,0,0,25,0,6.9,-3.3,1.1,0,0,0,0,0,0,1,0,1
2023-12-05 17:00:00,1796,18,5,5,0,6.1,2.8,0.0,0,0,0,0,0,1,0,0,1
2023-12-06 13:00:00,2145,14,12,18,0,6.9,-3.3,1.1,0,0,0,0,0,0,1,0,1
2023-12-06 20:00:00,342,21,2,34,0,6.9,-3.3,1.1,0,0,0,0,0,0,1,0,1
2023-12-06 17:00:00,1566,18,2,8,0,6.9,-3.3,1.1,0,0,0,0,0,0,1,0,1
2023-12-06 10:00:00,2170,11,10,26,0,6.9,-3.3,1.1,0,0,0,0,0,0,1,0,1
2023-12-06 14:00:00,2336,15,8,9,0,6.9,-3.3,1.1,0,0,0,0,0,0,1,0,1
2023-12-06 08:00:00,728,9,8,8,0,6.9,-3.3,1.1,0,0,0,0,0,0,1,0,1
2023-12-06 19:00:00,554,20,7,52,0,6.9,-3.3,1.1,0,0,0,0,0,0,1,0,1
2023-12-06 16:00:00,2434,17,6,11,0,6.9,-3.3,1.1,0,0,0,0,0,0,1,0,1
2023-12-08 14:00:00,3226,15,11,20,0,8.3,5.9,5.2,1,0,0,0,0,0,0,0,1
2023-12-08 09:00:00,1399,10,10,22,0,8.3,5.9,5.2,1,0,0,0,0,0,0,0,1
2023-12-08 10:00:00,2433,11,10,17,0,8.3,5.9,5.2,1,0,0,0,0,0,0,0,1
2023-12-08 16:00:00,1838,17,8,16,0,8.3,5.9,5.2,1,0,0,0,0,0,0,0,1
2023-12-08 15:00:00,2936,16,8,7,0,8.3,5.9,5.2,1,0,0,0,0,0,0,0,1
2023-12-08 08:00:00,530,9,8,6,0,8.3,5.9,5.2,1,0,0,0,0,0,0,0,1
2023-12-08 02:00:00,17,3,0,5,0,8.3,5.9,5.2,1,0,0,0,0,0,0,0,1
2023-12-08 05:00:00,44,6,0,4,0,8.3,5.9,5.2,1,0,0,0,0,0,0,0,1
2023-12-08 01:00:00,25,2,0,3,0,8.3,5.9,5.2,1,0,0,0,0,0,0,0,1
2023-12-08 00:00:00,46,1,0,2,0,8.3,5.9,5.2,1,0,0,0,0,0,0,0,1
2023-12-08 03:00:00,14,4,0,2,0,8.3,5.9,5.2,1,0,0,0,0,0,0,0,1
2023-12-09 21:00:00,267,22,2,2,0,7.1,5.5,5.8,0,0,1,0,0,0,0,0,1
2023-12-09 19:00:00,340,20,2,1,0,7.1,5.5,5.8,0,0,1,0,0,0,0,0,1
2023-12-07 17:00:00,1205,18,1,7,0,8.5,-4.0,14.6,0,0,0,0,1,0,0,0,1
2023-12-08 07:00:00,221,8,1,2,0,8.3,5.9,5.2,1,0,0,0,0,0,0,0,1
2023-12-08 06:00:00,65,7,0,1,0,8.3,5.9,5.2,1,0,0,0,0,0,0,0,1
2023-12-07 05:00:00,39,6,1,6,0,8.5,-4.0,14.6,0,0,0,0,1,0,0,0,1
2023-12-08 04:00:00,7,5,0,1,0,8.3,5.9,5.2,1,0,0,0,0,0,0,0,1
2023-12-08 17:00:00,885,18,3,19,0,8.3,5.9,5.2,1,0,0,0,0,0,0,0,1
2023-12-07 16:00:00,1415,17,2,12,0,8.5,-4.0,14.6,0,0,0,0,1,0,0,0,1
2023-12-07 15:00:00,1743,16,2,7,0,8.5,-4.0,14.6,0,0,0,0,1,0,0,0,1
2023-12-08 20:00:00,410,21,0,56,0,8.3,5.9,5.2,1,0,0,0,0,0,0,0,1
2023-12-08 22:00:00,185,23,0,54,0,8.3,5.9,5.2,1,0,0,0,0,0,0,0,1
2023-12-08 23:00:00,87,0,0,34,0,8.3,5.9,5.2,1,0,0,0,0,0,0,0,1
2023-12-07 08:00:00,652,9,0,7,0,8.5,-4.0,14.6,0,0,0,0,1,0,0,0,1
2023-12-07 19:00:00,107,20,0,7,0,8.5,-4.0,14.6,0,0,0,0,1,0,0,0,1
2023-12-07 23:00:00,75,0,0,6,0,8.5,-4.0,14.6,0,0,0,0,1,0,0,0,1
2023-12-09 09:00:00,575,10,11,9,0,7.1,5.5,5.8,0,0,1,0,0,0,0,0,1
2023-12-07 01:00:00,29,2,0,5,0,8.5,-4.0,14.6,0,0,0,0,1,0,0,0,1
2023-12-08 21:00:00,295,22,2,78,0,8.3,5.9,5.2,1,0,0,0,0,0,0,0,1
2023-12-07 22:00:00,135,23,0,4,0,8.5,-4.0,14.6,0,0,0,0,1,0,0,0,1
2023-12-09 08:00:00,508,9,6,4,0,7.1,5.5,5.8,0,0,1,0,0,0,0,0,1
2023-12-07 20:00:00,185,21,0,3,0,8.5,-4.0,14.6,0,0,0,0,1,0,0,0,1
2023-12-07 03:00:00,5,4,0,3,0,8.5,-4.0,14.6,0,0,0,0,1,0,0,0,1
2023-12-08 19:00:00,552,20,2,50,0,8.3,5.9,5.2,1,0,0,0,0,0,0,0,1
2023-12-07 07:00:00,184,8,0,2,0,8.5,-4.0,14.6,0,0,0,0,1,0,0,0,1
2023-12-08 18:00:00,566,19,2,47,0,8.3,5.9,5.2,1,0,0,0,0,0,0,0,1
2023-12-07 21:00:00,127,22,0,2,0,8.5,-4.0,14.6,0,0,0,0,1,0,0,0,1
2023-12-07 04:00:00,12,5,0,2,0,8.5,-4.0,14.6,0,0,0,0,1,0,0,0,1
2023-12-07 02:00:00,28,3,0,1,0,8.5,-4.0,14.6,0,0,0,0,1,0,0,0,1
2023-12-07 06:00:00,54,7,0,0,0,8.5,-4.0,14.6,0,0,0,0,1,0,0,0,1
2023-12-07 18:00:00,491,19,1,8,0,8.5,-4.0,14.6,0,0,0,0,1,0,0,0,1
2023-12-08 12:00:00,3942,13,36,53,0,8.3,5.9,5.2,1,0,0,0,0,0,0,0,1
2023-12-08 13:00:00,3030,14,30,6,0,8.3,5.9,5.2,1,0,0,0,0,0,0,0,1
2023-12-08 11:00:00,3488,12,20,23,0,8.3,5.9,5.2,1,0,0,0,0,0,0,0,1
2023-12-07 00:00:00,25,1,0,22,0,8.5,-4.0,14.6,0,0,0,0,1,0,0,0,1
2023-12-10 01:00:00,128,2,0,30,0,6.8,0.9,2.0,0,0,0,1,0,0,0,0,1
2023-12-10 02:00:00,62,3,0,30,0,6.8,0.9,2.0,0,0,0,1,0,0,0,0,1
2023-12-10 03:00:00,70,4,0,23,0,6.8,0.9,2.0,0,0,0,1,0,0,0,0,1
2023-12-09 23:00:00,160,0,0,46,0,7.1,5.5,5.8,0,0,1,0,0,0,0,0,1
2023-12-09 00:00:00,85,1,0,45,0,7.1,5.5,5.8,0,0,1,0,0,0,0,0,1
2023-12-09 02:00:00,40,3,0,41,0,7.1,5.5,5.8,0,0,1,0,0,0,0,0,1
2023-12-09 03:00:00,30,4,0,28,0,7.1,5.5,5.8,0,0,1,0,0,0,0,0,1
2023-12-09 04:00:00,14,5,0,10,0,7.1,5.5,5.8,0,0,1,0,0,0,0,0,1
2023-12-09 05:00:00,41,6,0,9,0,7.1,5.5,5.8,0,0,1,0,0,0,0,0,1
2023-12-09 06:00:00,41,7,0,9,0,7.1,5.5,5.8,0,0,1,0,0,0,0,0,1
2023-12-09 22:00:00,247,23,0,3,0,7.1,5.5,5.8,0,0,1,0,0,0,0,0,1
2023-12-09 18:00:00,554,19,0,2,0,7.1,5.5,5.8,0,0,1,0,0,0,0,0,1
2023-12-09 20:00:00,261,21,0,1,0,7.1,5.5,5.8,0,0,1,0,0,0,0,0,1
2023-12-10 12:00:00,2339,13,25,44,0,6.8,0.9,2.0,0,0,0,1,0,0,0,0,1
2023-12-10 14:00:00,4527,15,22,41,0,6.8,0.9,2.0,0,0,0,1,0,0,0,0,1
2023-12-10 13:00:00,4755,14,20,44,0,6.8,0.9,2.0,0,0,0,1,0,0,0,0,1
2023-12-10 10:00:00,1159,11,18,43,0,6.8,0.9,2.0,0,0,0,1,0,0,0,0,1
2023-12-10 20:00:00,288,21,1,63,0,6.8,0.9,2.0,0,0,0,1,0,0,0,0,1
2023-12-11 08:00:00,1077,9,6,43,0,7.1,3.4,5.6,0,1,0,0,0,0,0,0,1
2023-12-11 11:00:00,3550,12,18,17,0,7.1,3.4,5.6,0,1,0,0,0,0,0,0,1
2023-12-11 09:00:00,1800,10,16,60,0,7.1,3.4,5.6,0,1,0,0,0,0,0,0,1
2023-12-11 13:00:00,3418,14,11,7,0,7.1,3.4,5.6,0,1,0,0,0,0,0,0,1
2023-12-10 07:00:00,80,8,0,4,0,6.8,0.9,2.0,0,0,0,1,0,0,0,0,1
2023-12-10 05:00:00,33,6,0,3,0,6.8,0.9,2.0,0,0,0,1,0,0,0,0,1
2023-12-10 04:00:00,6,5,0,3,0,6.8,0.9,2.0,0,0,0,1,0,0,0,0,1
2023-12-10 06:00:00,36,7,0,2,0,6.8,0.9,2.0,0,0,0,1,0,0,0,0,1
2023-12-11 12:00:00,3754,13,37,13,0,7.1,3.4,5.6,0,1,0,0,0,0,0,0,1
2023-12-11 10:00:00,3679,11,21,53,0,7.1,3.4,5.6,0,1,0,0,0,0,0,0,1
2023-12-11 14:00:00,2951,15,21,9,0,7.1,3.4,5.6,0,1,0,0,0,0,0,0,1
2023-12-10 19:00:00,370,20,2,78,0,6.8,0.9,2.0,0,0,0,1,0,0,0,0,1
2023-12-10 22:00:00,184,23,2,59,0,6.8,0.9,2.0,0,0,0,1,0,0,0,0,1
2023-12-10 16:00:00,1592,17,2,28,0,6.8,0.9,2.0,0,0,0,1,0,0,0,0,1
2023-12-10 00:00:00,160,1,2,22,0,6.8,0.9,2.0,0,0,0,1,0,0,0,0,1
2023-12-10 18:00:00,485,19,1,81,0,6.8,0.9,2.0,0,0,0,1,0,0,0,0,1
2023-12-10 11:00:00,2291,12,9,27,0,6.8,0.9,2.0,0,0,0,1,0,0,0,0,1
2023-12-10 23:00:00,37,0,1,11,0,6.8,0.9,2.0,0,0,0,1,0,0,0,0,1
2023-12-10 08:00:00,142,9,8,5,0,6.8,0.9,2.0,0,0,0,1,0,0,0,0,1
2023-12-09 07:00:00,186,8,1,24,0,7.1,5.5,5.8,0,0,1,0,0,0,0,0,1
2023-12-09 01:00:00,97,2,1,14,0,7.1,5.5,5.8,0,0,1,0,0,0,0,0,1
2023-12-09 17:00:00,1282,18,1,3,0,7.1,5.5,5.8,0,0,1,0,0,0,0,0,1
2023-12-10 15:00:00,3720,16,5,44,0,6.8,0.9,2.0,0,0,0,1,0,0,0,0,1
2023-12-10 09:00:00,350,10,5,30,0,6.8,0.9,2.0,0,0,0,1,0,0,0,0,1
2023-12-11 15:00:00,2208,16,2,12,0,7.1,3.4,5.6,0,1,0,0,0,0,0,0,1
2023-12-10 21:00:00,202,22,0,66,0,6.8,0.9,2.0,0,0,0,1,0,0,0,0,1
2023-12-10 17:00:00,995,18,0,55,0,6.8,0.9,2.0,0,0,0,1,0,0,0,0,1
2023-12-12 08:00:00,612,9,2,17,0,6.0,5.4,12.3,0,0,0,0,0,1,0,0,1
2023-12-12 07:00:00,164,8,2,2,0,6.0,5.4,12.3,0,0,0,0,0,1,0,0,1
2023-12-12 16:00:00,1897,17,1,11,0,6.0,5.4,12.3,0,0,0,0,0,1,0,0,1
2023-12-12 18:00:00,318,19,1,4,0,6.0,5.4,12.3,0,0,0,0,0,1,0,0,1
2023-12-12 22:00:00,51,23,1,1,0,6.0,5.4,12.3,0,0,0,0,0,1,0,0,1
2023-12-12 11:00:00,2330,12,9,24,0,6.0,5.4,12.3,0,0,0,0,0,1,0,0,1
2023-12-11 19:00:00,47,20,0,8,0,7.1,3.4,5.6,0,1,0,0,0,0,0,0,1
2023-12-12 04:00:00,4,5,0,1,0,6.0,5.4,12.3,0,0,0,0,0,1,0,0,1
2023-12-11 18:00:00,67,19,0,6,0,7.1,3.4,5.6,0,1,0,0,0,0,0,0,1
2023-12-11 04:00:00,9,5,0,6,0,7.1,3.4,5.6,0,1,0,0,0,0,0,0,1
2023-12-12 21:00:00,48,22,0,0,0,6.0,5.4,12.3,0,0,0,0,0,1,0,0,1
2023-12-12 05:00:00,27,6,0,0,0,6.0,5.4,12.3,0,0,0,0,0,1,0,0,1
2023-12-13 15:00:00,2627,16,11,13,0,8.5,5.5,1.3,0,0,0,0,0,0,1,0,1
2023-12-11 20:00:00,137,21,0,3,0,7.1,3.4,5.6,0,1,0,0,0,0,0,0,1
2023-12-12 02:00:00,11,3,0,0,0,6.0,5.4,12.3,0,0,0,0,0,1,0,0,1
2023-12-11 07:00:00,304,8,1,24,0,7.1,3.4,5.6,0,1,0,0,0,0,0,0,1
2023-12-11 17:00:00,704,18,0,2,0,7.1,3.4,5.6,0,1,0,0,0,0,0,0,1
2023-12-11 21:00:00,114,22,0,2,0,7.1,3.4,5.6,0,1,0,0,0,0,0,0,1
2023-12-12 03:00:00,2,4,0,0,0,6.0,5.4,12.3,0,0,0,0,0,1,0,0,1
2023-12-11 22:00:00,99,23,0,1,0,7.1,3.4,5.6,0,1,0,0,0,0,0,0,1
2023-12-11 16:00:00,965,17,1,5,0,7.1,3.4,5.6,0,1,0,0,0,0,0,0,1
2023-12-13 14:00:00,2007,15,9,14,0,8.5,5.5,1.3,0,0,0,0,0,0,1,0,1
2023-12-11 05:00:00,17,6,0,1,0,7.1,3.4,5.6,0,1,0,0,0,0,0,0,1
2023-12-11 23:00:00,17,0,0,0,0,7.1,3.4,5.6,0,1,0,0,0,0,0,0,1
2023-12-12 10:00:00,1709,11,19,18,0,6.0,5.4,12.3,0,0,0,0,0,1,0,0,1
2023-12-12 12:00:00,3556,13,16,28,0,6.0,5.4,12.3,0,0,0,0,0,1,0,0,1
2023-12-12 13:00:00,2278,14,14,20,0,6.0,5.4,12.3,0,0,0,0,0,1,0,0,1
2023-12-12 09:00:00,1080,10,14,18,0,6.0,5.4,12.3,0,0,0,0,0,1,0,0,1
2023-12-12 14:00:00,1911,15,14,10,0,6.0,5.4,12.3,0,0,0,0,0,1,0,0,1
2023-12-13 12:00:00,1937,13,9,5,0,8.5,5.5,1.3,0,0,0,0,0,0,1,0,1
2023-12-13 16:00:00,2868,17,8,15,0,8.5,5.5,1.3,0,0,0,0,0,0,1,0,1
2023-12-12 20:00:00,109,21,0,4,0,6.0,5.4,12.3,0,0,0,0,0,1,0,0,1
2023-12-12 01:00:00,28,2,0,4,0,6.0,5.4,12.3,0,0,0,0,0,1,0,0,1
2023-12-12 19:00:00,159,20,0,2,0,6.0,5.4,12.3,0,0,0,0,0,1,0,0,1
2023-12-12 06:00:00,36,7,0,2,0,6.0,5.4,12.3,0,0,0,0,0,1,0,0,1
2023-12-12 00:00:00,29,1,0,1,0,6.0,5.4,12.3,0,0,0,0,0,1,0,0,1
2023-12-12 23:00:00,26,0,0,1,0,6.0,5.4,12.3,0,0,0,0,0,1,0,0,1
2023-12-13 18:00:00,578,19,2,3,0,8.5,5.5,1.3,0,0,0,0,0,0,1,0,1
2023-12-13 13:00:00,2442,14,7,4,0,8.5,5.5,1.3,0,0,0,0,0,0,1,0,1
2023-12-12 15:00:00,1919,16,4,2,0,6.0,5.4,12.3,0,0,0,0,0,1,0,0,1
2023-12-13 11:00:00,1877,12,5,12,0,8.5,5.5,1.3,0,0,0,0,0,0,1,0,1
2023-12-13 17:00:00,1554,18,5,10,0,8.5,5.5,1.3,0,0,0,0,0,0,1,0,1
2023-12-13 09:00:00,768,10,5,8,0,8.5,5.5,1.3,0,0,0,0,0,0,1,0,1
2023-12-13 10:00:00,1576,11,5,7,0,8.5,5.5,1.3,0,0,0,0,0,0,1,0,1
2023-12-11 06:00:00,83,7,0,17,0,7.1,3.4,5.6,0,1,0,0,0,0,0,0,1
2023-12-12 17:00:00,1011,18,3,3,0,6.0,5.4,12.3,0,0,0,0,0,1,0,0,1
2023-12-13 08:00:00,563,9,5,3,0,8.5,5.5,1.3,0,0,0,0,0,0,1,0,1
2023-12-11 02:00:00,19,3,0,17,0,7.1,3.4,5.6,0,1,0,0,0,0,0,0,1
2023-12-11 01:00:00,18,2,0,17,0,7.1,3.4,5.6,0,1,0,0,0,0,0,0,1
2023-12-11 03:00:00,7,4,0,13,0,7.1,3.4,5.6,0,1,0,0,0,0,0,0,1
2023-12-13 20:00:00,226,21,1,6,0,8.5,5.5,1.3,0,0,0,0,0,0,1,0,1
2023-12-11 00:00:00,51,1,0,12,0,7.1,3.4,5.6,0,1,0,0,0,0,0,0,1
2023-12-13 19:00:00,344,20,1,4,0,8.5,5.5,1.3,0,0,0,0,0,0,1,0,1
2023-12-13 21:00:00,208,22,1,1,0,8.5,5.5,1.3,0,0,0,0,0,0,1,0,1
2023-12-13 22:00:00,122,23,1,0,0,8.5,5.5,1.3,0,0,0,0,0,0,1,0,1
2023-12-13 02:00:00,5,3,0,1,0,8.5,5.5,1.3,0,0,0,0,0,0,1,0,1
2023-12-14 15:00:00,3529,16,14,31,0,11.3,2.7,0.1,0,0,0,0,1,0,0,0,1
2023-12-13 23:00:00,50,0,0,0,0,8.5,5.5,1.3,0,0,0,0,0,0,1,0,1
2023-12-13 00:00:00,14,1,0,0,0,8.5,5.5,1.3,0,0,0,0,0,0,1,0,1
2023-12-15 13:00:00,3786,14,30,13,0,11.3,5.2,0.0,1,0,0,0,0,0,0,0,1
2023-12-14 09:00:00,1486,10,13,27,0,11.3,2.7,0.1,0,0,0,0,1,0,0,0,1
2023-12-14 07:00:00,220,8,3,4,0,11.3,2.7,0.1,0,0,0,0,1,0,0,0,1
2023-12-13 04:00:00,1,5,0,0,0,8.5,5.5,1.3,0,0,0,0,0,0,1,0,1
2023-12-15 10:00:00,3694,11,29,27,0,11.3,5.2,0.0,1,0,0,0,0,0,0,0,1
2023-12-15 14:00:00,3561,15,22,12,0,11.3,5.2,0.0,1,0,0,0,0,0,0,0,1
2023-12-15 11:00:00,4396,12,20,14,0,11.3,5.2,0.0,1,0,0,0,0,0,0,0,1
2023-12-15 12:00:00,4259,13,19,25,0,11.3,5.2,0.0,1,0,0,0,0,0,0,0,1
2023-12-15 09:00:00,2284,10,10,20,0,11.3,5.2,0.0,1,0,0,0,0,0,0,0,1
2023-12-15 16:00:00,2509,17,10,16,0,11.3,5.2,0.0,1,0,0,0,0,0,0,0,1
2023-12-14 11:00:00,2962,12,26,14,0,11.3,2.7,0.1,0,0,0,0,1,0,0,0,1
2023-12-14 12:00:00,3174,13,25,9,0,11.3,2.7,0.1,0,0,0,0,1,0,0,0,1
2023-12-14 13:00:00,3255,14,24,18,0,11.3,2.7,0.1,0,0,0,0,1,0,0,0,1
2023-12-14 10:00:00,2367,11,18,14,0,11.3,2.7,0.1,0,0,0,0,1,0,0,0,1
2023-12-15 19:00:00,515,20,2,73,0,11.3,5.2,0.0,1,0,0,0,0,0,0,0,1
2023-12-15 17:00:00,1801,18,2,8,0,11.3,5.2,0.0,1,0,0,0,0,0,0,0,1
2023-12-15 21:00:00,439,22,1,59,0,11.3,5.2,0.0,1,0,0,0,0,0,0,0,1
2023-12-15 00:00:00,68,1,1,28,0,11.3,5.2,0.0,1,0,0,0,0,0,0,0,1
2023-12-15 06:00:00,47,7,1,5,0,11.3,5.2,0.0,1,0,0,0,0,0,0,0,1
2023-12-14 14:00:00,2836,15,11,21,0,11.3,2.7,0.1,0,0,0,0,1,0,0,0,1
2023-12-14 08:00:00,760,9,8,5,0,11.3,2.7,0.1,0,0,0,0,1,0,0,0,1
2023-12-14 18:00:00,870,19,5,25,0,11.3,2.7,0.1,0,0,0,0,1,0,0,0,1
2023-12-14 17:00:00,1588,18,4,19,0,11.3,2.7,0.1,0,0,0,0,1,0,0,0,1
2023-12-14 16:00:00,3367,17,4,9,0,11.3,2.7,0.1,0,0,0,0,1,0,0,0,1
2023-12-14 23:00:00,76,0,2,19,0,11.3,2.7,0.1,0,0,0,0,1,0,0,0,1
2023-12-15 15:00:00,3059,16,6,8,0,11.3,5.2,0.0,1,0,0,0,0,0,0,0,1
2023-12-14 22:00:00,229,23,2,14,0,11.3,2.7,0.1,0,0,0,0,1,0,0,0,1
2023-12-14 19:00:00,831,20,0,42,0,11.3,2.7,0.1,0,0,0,0,1,0,0,0,1
2023-12-14 06:00:00,79,7,0,5,0,11.3,2.7,0.1,0,0,0,0,1,0,0,0,1
2023-12-14 01:00:00,24,2,0,3,0,11.3,2.7,0.1,0,0,0,0,1,0,0,0,1
2023-12-14 02:00:00,23,3,0,3,0,11.3,2.7,0.1,0,0,0,0,1,0,0,0,1
2023-12-14 00:00:00,37,1,0,2,0,11.3,2.7,0.1,0,0,0,0,1,0,0,0,1
2023-12-14 03:00:00,8,4,0,2,0,11.3,2.7,0.1,0,0,0,0,1,0,0,0,1
2023-12-14 04:00:00,21,5,0,1,0,11.3,2.7,0.1,0,0,0,0,1,0,0,0,1
2023-12-14 05:00:00,36,6,0,0,0,11.3,2.7,0.1,0,0,0,0,1,0,0,0,1
2023-12-15 08:00:00,962,9,5,18,0,11.3,5.2,0.0,1,0,0,0,0,0,0,0,1
2023-12-13 07:00:00,252,8,0,2,0,8.5,5.5,1.3,0,0,0,0,0,0,1,0,1
2023-12-13 06:00:00,26,7,0,2,0,8.5,5.5,1.3,0,0,0,0,0,0,1,0,1
2023-12-13 05:00:00,17,6,0,2,0,8.5,5.5,1.3,0,0,0,0,0,0,1,0,1
2023-12-13 03:00:00,1,4,0,2,0,8.5,5.5,1.3,0,0,0,0,0,0,1,0,1
2023-12-13 01:00:00,6,2,0,1,0,8.5,5.5,1.3,0,0,0,0,0,0,1,0,1
2023-12-14 21:00:00,308,22,1,27,0,11.3,2.7,0.1,0,0,0,0,1,0,0,0,1
2023-12-14 20:00:00,332,21,1,20,0,11.3,2.7,0.1,0,0,0,0,1,0,0,0,1
2023-12-15 20:00:00,477,21,3,67,0,11.3,5.2,0.0,1,0,0,0,0,0,0,0,1
2023-12-15 22:00:00,325,23,3,60,0,11.3,5.2,0.0,1,0,0,0,0,0,0,0,1
2023-12-16 10:00:00,3208,11,15,16,0,12.6,8.8,0.0,0,0,1,0,0,0,0,0,1
2023-12-16 14:00:00,3834,15,12,18,0,12.6,8.8,0.0,0,0,1,0,0,0,0,0,1
2023-12-16 09:00:00,2045,10,12,11,0,12.6,8.8,0.0,0,0,1,0,0,0,0,0,1
2023-12-16 12:00:00,2412,13,9,10,0,12.6,8.8,0.0,0,0,1,0,0,0,0,0,1
2023-12-16 13:00:00,3457,14,8,6,0,12.6,8.8,0.0,0,0,1,0,0,0,0,0,1
2023-12-17 16:00:00,2375,17,5,7,0,12.6,10.1,0.0,0,0,0,1,0,0,0,0,1
2023-12-15 23:00:00,194,0,0,56,0,11.3,5.2,0.0,1,0,0,0,0,0,0,0,1
2023-12-15 01:00:00,61,2,0,22,0,11.3,5.2,0.0,1,0,0,0,0,0,0,0,1
2023-12-15 02:00:00,26,3,0,21,0,11.3,5.2,0.0,1,0,0,0,0,0,0,0,1
2023-12-15 07:00:00,221,8,0,13,0,11.3,5.2,0.0,1,0,0,0,0,0,0,0,1
2023-12-15 03:00:00,10,4,0,3,0,11.3,5.2,0.0,1,0,0,0,0,0,0,0,1
2023-12-15 05:00:00,49,6,0,2,0,11.3,5.2,0.0,1,0,0,0,0,0,0,0,1
2023-12-15 04:00:00,8,5,0,2,0,11.3,5.2,0.0,1,0,0,0,0,0,0,0,1
2023-12-15 18:00:00,636,19,0,1,0,11.3,5.2,0.0,1,0,0,0,0,0,0,0,1
2023-12-16 11:00:00,3922,12,25,16,0,12.6,8.8,0.0,0,0,1,0,0,0,0,0,1
2023-12-17 10:00:00,1648,11,12,31,0,12.6,10.1,0.0,0,0,0,1,0,0,0,0,1
2023-12-17 13:00:00,2923,14,12,14,0,12.6,10.1,0.0,0,0,0,1,0,0,0,0,1
2023-12-17 17:00:00,1091,18,11,27,0,12.6,10.1,0.0,0,0,0,1,0,0,0,0,1
2023-12-17 15:00:00,2541,16,10,23,0,12.6,10.1,0.0,0,0,0,1,0,0,0,0,1
2023-12-17 11:00:00,2448,12,9,25,0,12.6,10.1,0.0,0,0,0,1,0,0,0,0,1
2023-12-17 09:00:00,568,10,6,26,0,12.6,10.1,0.0,0,0,0,1,0,0,0,0,1
2023-12-17 19:00:00,405,20,2,32,0,12.6,10.1,0.0,0,0,0,1,0,0,0,0,1
2023-12-16 16:00:00,2120,17,6,6,0,12.6,8.8,0.0,0,0,1,0,0,0,0,0,1
2023-12-17 20:00:00,389,21,1,34,0,12.6,10.1,0.0,0,0,0,1,0,0,0,0,1
2023-12-17 02:00:00,107,3,1,30,0,12.6,10.1,0.0,0,0,0,1,0,0,0,0,1
2023-12-16 08:00:00,698,9,2,9,0,12.6,8.8,0.0,0,0,1,0,0,0,0,0,1
2023-12-16 17:00:00,1648,18,2,5,0,12.6,8.8,0.0,0,0,1,0,0,0,0,0,1
2023-12-16 18:00:00,476,19,2,4,0,12.6,8.8,0.0,0,0,1,0,0,0,0,0,1
2023-12-17 07:00:00,103,8,1,11,0,12.6,10.1,0.0,0,0,0,1,0,0,0,0,1
2023-12-16 22:00:00,369,23,0,71,0,12.6,8.8,0.0,0,0,1,0,0,0,0,0,1
2023-12-16 00:00:00,200,1,0,45,0,12.6,8.8,0.0,0,0,1,0,0,0,0,0,1
2023-12-16 01:00:00,206,2,0,43,0,12.6,8.8,0.0,0,0,1,0,0,0,0,0,1
2023-12-16 02:00:00,103,3,0,39,0,12.6,8.8,0.0,0,0,1,0,0,0,0,0,1
2023-12-16 21:00:00,252,22,0,36,0,12.6,8.8,0.0,0,0,1,0,0,0,0,0,1
2023-12-16 15:00:00,3275,16,4,9,0,12.6,8.8,0.0,0,0,1,0,0,0,0,0,1
2023-12-16 04:00:00,10,5,0,9,0,12.6,8.8,0.0,0,0,1,0,0,0,0,0,1
2023-12-16 19:00:00,352,20,0,3,0,12.6,8.8,0.0,0,0,1,0,0,0,0,0,1
2023-12-16 06:00:00,47,7,0,3,0,12.6,8.8,0.0,0,0,1,0,0,0,0,0,1
2023-12-16 07:00:00,70,8,0,2,0,12.6,8.8,0.0,0,0,1,0,0,0,0,0,1
2023-12-16 05:00:00,20,6,0,2,0,12.6,8.8,0.0,0,0,1,0,0,0,0,0,1
2023-12-16 23:00:00,197,0,1,60,0,12.6,8.8,0.0,0,0,1,0,0,0,0,0,1
2023-12-16 03:00:00,128,4,1,28,0,12.6,8.8,0.0,0,0,1,0,0,0,0,0,1
2023-12-16 20:00:00,166,21,1,1,0,12.6,8.8,0.0,0,0,1,0,0,0,0,0,1
2023-12-17 00:00:00,151,1,0,43,0,12.6,10.1,0.0,0,0,0,1,0,0,0,0,1
2023-12-17 21:00:00,238,22,0,31,0,12.6,10.1,0.0,0,0,0,1,0,0,0,0,1
2023-12-17 14:00:00,4239,15,20,24,0,12.6,10.1,0.0,0,0,0,1,0,0,0,0,1
2023-12-17 12:00:00,2975,13,18,16,0,12.6,10.1,0.0,0,0,0,1,0,0,0,0,1
2023-12-18 09:00:00,1881,10,16,35,0,7.7,10.4,0.0,0,1,0,0,0,0,0,0,1
2023-12-18 15:00:00,3899,16,13,18,0,7.7,10.4,0.0,0,1,0,0,0,0,0,0,1
2023-12-17 08:00:00,208,9,0,26,0,12.6,10.1,0.0,0,0,0,1,0,0,0,0,1
2023-12-17 03:00:00,104,4,0,26,0,12.6,10.1,0.0,0,0,0,1,0,0,0,0,1
2023-12-17 18:00:00,707,19,0,24,0,12.6,10.1,0.0,0,0,0,1,0,0,0,0,1
2023-12-17 01:00:00,195,2,0,22,0,12.6,10.1,0.0,0,0,0,1,0,0,0,0,1
2023-12-18 02:00:00,9,3,1,0,0,7.7,10.4,0.0,0,1,0,0,0,0,0,0,1
2023-12-18 06:00:00,48,7,0,7,0,7.7,10.4,0.0,0,1,0,0,0,0,0,0,1
2023-12-18 18:00:00,540,19,6,21,0,7.7,10.4,0.0,0,1,0,0,0,0,0,0,1
2023-12-18 08:00:00,716,9,4,10,0,7.7,10.4,0.0,0,1,0,0,0,0,0,0,1
2023-12-18 22:00:00,253,23,3,9,0,7.7,10.4,0.0,0,1,0,0,0,0,0,0,1
2023-12-18 21:00:00,274,22,2,21,0,7.7,10.4,0.0,0,1,0,0,0,0,0,0,1
2023-12-18 20:00:00,467,21,2,19,0,7.7,10.4,0.0,0,1,0,0,0,0,0,0,1
2023-12-18 07:00:00,202,8,0,4,0,7.7,10.4,0.0,0,1,0,0,0,0,0,0,1
2023-12-18 23:00:00,44,0,0,2,0,7.7,10.4,0.0,0,1,0,0,0,0,0,0,1
2023-12-19 15:00:00,2221,16,14,13,0,12.0,3.8,0.0,0,0,0,0,0,1,0,0,1
2023-12-19 13:00:00,3284,14,13,7,0,12.0,3.8,0.0,0,0,0,0,0,1,0,0,1
2023-12-19 10:00:00,2630,11,12,23,0,12.0,3.8,0.0,0,0,0,0,0,1,0,0,1
2023-12-19 12:00:00,3455,13,10,9,0,12.0,3.8,0.0,0,0,0,0,0,1,0,0,1
2023-12-19 09:00:00,1545,10,9,24,0,12.0,3.8,0.0,0,0,0,0,0,1,0,0,1
2023-12-19 08:00:00,733,9,7,6,0,12.0,3.8,0.0,0,0,0,0,0,1,0,0,1
2023-12-18 13:00:00,3412,14,11,8,0,7.7,10.4,0.0,0,1,0,0,0,0,0,0,1
2023-12-17 04:00:00,15,5,0,15,0,12.6,10.1,0.0,0,0,0,1,0,0,0,0,1
2023-12-18 00:00:00,60,1,0,1,0,7.7,10.4,0.0,0,1,0,0,0,0,0,0,1
2023-12-18 03:00:00,1,4,0,1,0,7.7,10.4,0.0,0,1,0,0,0,0,0,0,1
2023-12-17 05:00:00,23,6,0,9,0,12.6,10.1,0.0,0,0,0,1,0,0,0,0,1
2023-12-18 11:00:00,2384,12,9,18,0,7.7,10.4,0.0,0,1,0,0,0,0,0,0,1
2023-12-18 17:00:00,1887,18,9,17,0,7.7,10.4,0.0,0,1,0,0,0,0,0,0,1
2023-12-18 12:00:00,3623,13,9,14,0,7.7,10.4,0.0,0,1,0,0,0,0,0,0,1
2023-12-18 19:00:00,506,20,7,16,0,7.7,10.4,0.0,0,1,0,0,0,0,0,0,1
2023-12-18 16:00:00,3437,17,7,11,0,7.7,10.4,0.0,0,1,0,0,0,0,0,0,1
2023-12-18 01:00:00,34,2,0,0,0,7.7,10.4,0.0,0,1,0,0,0,0,0,0,1
2023-12-19 16:00:00,3280,17,5,24,0,12.0,3.8,0.0,0,0,0,0,0,1,0,0,1
2023-12-17 22:00:00,111,23,0,6,0,12.6,10.1,0.0,0,0,0,1,0,0,0,0,1
2023-12-18 05:00:00,32,6,0,0,0,7.7,10.4,0.0,0,1,0,0,0,0,0,0,1
2023-12-17 06:00:00,60,7,0,5,0,12.6,10.1,0.0,0,0,0,1,0,0,0,0,1
2023-12-18 04:00:00,4,5,0,0,0,7.7,10.4,0.0,0,1,0,0,0,0,0,0,1
2023-12-17 23:00:00,64,0,0,1,0,12.6,10.1,0.0,0,0,0,1,0,0,0,0,1
2023-12-19 11:00:00,3388,12,26,13,0,12.0,3.8,0.0,0,0,0,0,0,1,0,0,1
2023-12-19 14:00:00,2357,15,17,15,0,12.0,3.8,0.0,0,0,0,0,0,1,0,0,1
2023-12-19 22:00:00,256,23,3,11,0,12.0,3.8,0.0,0,0,0,0,0,1,0,0,1
2023-12-19 21:00:00,306,22,2,30,0,12.0,3.8,0.0,0,0,0,0,0,1,0,0,1
2023-12-19 17:00:00,2144,18,2,28,0,12.0,3.8,0.0,0,0,0,0,0,1,0,0,1
2023-12-19 18:00:00,1002,19,1,63,0,12.0,3.8,0.0,0,0,0,0,0,1,0,0,1
2023-12-19 19:00:00,577,20,1,56,0,12.0,3.8,0.0,0,0,0,0,0,1,0,0,1
2023-12-19 20:00:00,422,21,0,44,0,12.0,3.8,0.0,0,0,0,0,0,1,0,0,1
2023-12-18 14:00:00,4121,15,23,30,0,7.7,10.4,0.0,0,1,0,0,0,0,0,0,1
2023-12-18 10:00:00,2814,11,18,40,0,7.7,10.4,0.0,0,1,0,0,0,0,0,0,1
2023-12-19 00:00:00,29,1,0,6,0,12.0,3.8,0.0,0,0,0,0,0,1,0,0,1
2023-12-19 05:00:00,27,6,0,5,0,12.0,3.8,0.0,0,0,0,0,0,1,0,0,1
2023-12-19 07:00:00,229,8,0,3,0,12.0,3.8,0.0,0,0,0,0,0,1,0,0,1
2023-12-19 23:00:00,26,0,0,3,0,12.0,3.8,0.0,0,0,0,0,0,1,0,0,1
2023-12-20 23:00:00,47,0,1,12,0,9.5,3.8,0.4,0,0,0,0,0,0,1,0,1
2023-12-20 03:00:00,8,4,1,3,0,9.5,3.8,0.4,0,0,0,0,0,0,1,0,1
2023-12-21 20:00:00,493,21,0,46,0,8.9,4.7,1.2,0,0,0,0,1,0,0,0,1
2023-12-21 21:00:00,476,22,0,38,0,8.9,4.7,1.2,0,0,0,0,1,0,0,0,1
2023-12-20 19:00:00,527,20,8,36,0,9.5,3.8,0.4,0,0,0,0,0,0,1,0,1
2023-12-20 16:00:00,2429,17,6,13,0,9.5,3.8,0.4,0,0,0,0,0,0,1,0,1
2023-12-20 18:00:00,986,19,5,32,0,9.5,3.8,0.4,0,0,0,0,0,0,1,0,1
2023-12-20 08:00:00,614,9,4,27,0,9.5,3.8,0.4,0,0,0,0,0,0,1,0,1
2023-12-21 10:00:00,3252,11,19,22,0,8.9,4.7,1.2,0,0,0,0,1,0,0,0,1
2023-12-20 07:00:00,250,8,0,6,0,9.5,3.8,0.4,0,0,0,0,0,0,1,0,1
2023-12-20 06:00:00,59,7,0,2,0,9.5,3.8,0.4,0,0,0,0,0,0,1,0,1
2023-12-20 05:00:00,39,6,0,2,0,9.5,3.8,0.4,0,0,0,0,0,0,1,0,1
2023-12-20 00:00:00,52,1,0,1,0,9.5,3.8,0.4,0,0,0,0,0,0,1,0,1
2023-12-20 02:00:00,16,3,0,1,0,9.5,3.8,0.4,0,0,0,0,0,0,1,0,1
2023-12-20 01:00:00,13,2,0,1,0,9.5,3.8,0.4,0,0,0,0,0,0,1,0,1
2023-12-20 04:00:00,5,5,0,0,0,9.5,3.8,0.4,0,0,0,0,0,0,1,0,1
2023-12-19 01:00:00,29,2,0,2,0,12.0,3.8,0.0,0,0,0,0,0,1,0,0,1
2023-12-19 02:00:00,13,3,0,2,0,12.0,3.8,0.0,0,0,0,0,0,1,0,0,1
2023-12-21 23:00:00,166,0,2,45,0,8.9,4.7,1.2,0,0,0,0,1,0,0,0,1
2023-12-21 22:00:00,262,23,2,39,0,8.9,4.7,1.2,0,0,0,0,1,0,0,0,1
2023-12-21 11:00:00,3193,12,18,20,0,8.9,4.7,1.2,0,0,0,0,1,0,0,0,1
2023-12-19 06:00:00,49,7,0,1,0,12.0,3.8,0.0,0,0,0,0,0,1,0,0,1
2023-12-19 03:00:00,14,4,0,1,0,12.0,3.8,0.0,0,0,0,0,0,1,0,0,1
2023-12-19 04:00:00,6,5,0,1,0,12.0,3.8,0.0,0,0,0,0,0,1,0,0,1
2023-12-20 20:00:00,420,21,2,34,0,9.5,3.8,0.4,0,0,0,0,0,0,1,0,1
2023-12-20 17:00:00,2143,18,2,23,0,9.5,3.8,0.4,0,0,0,0,0,0,1,0,1
2023-12-20 21:00:00,444,22,1,44,0,9.5,3.8,0.4,0,0,0,0,0,0,1,0,1
2023-12-20 22:00:00,235,23,1,32,0,9.5,3.8,0.4,0,0,0,0,0,0,1,0,1
2023-12-21 15:00:00,2848,16,15,15,0,8.9,4.7,1.2,0,0,0,0,1,0,0,0,1
2023-12-20 13:00:00,2774,14,34,14,0,9.5,3.8,0.4,0,0,0,0,0,0,1,0,1
2023-12-20 11:00:00,2428,12,27,18,0,9.5,3.8,0.4,0,0,0,0,0,0,1,0,1
2023-12-20 14:00:00,2518,15,24,18,0,9.5,3.8,0.4,0,0,0,0,0,0,1,0,1
2023-12-20 12:00:00,3002,13,24,5,0,9.5,3.8,0.4,0,0,0,0,0,0,1,0,1
2023-12-20 10:00:00,1941,11,23,25,0,9.5,3.8,0.4,0,0,0,0,0,0,1,0,1
2023-12-20 15:00:00,1322,16,19,12,0,9.5,3.8,0.4,0,0,0,0,0,0,1,0,1
2023-12-20 09:00:00,1222,10,13,19,0,9.5,3.8,0.4,0,0,0,0,0,0,1,0,1
2023-12-21 09:00:00,2182,10,12,22,0,8.9,4.7,1.2,0,0,0,0,1,0,0,0,1
2023-12-21 16:00:00,2346,17,11,10,0,8.9,4.7,1.2,0,0,0,0,1,0,0,0,1
2023-12-21 13:00:00,2729,14,11,8,0,8.9,4.7,1.2,0,0,0,0,1,0,0,0,1
2023-12-21 14:00:00,2558,15,9,6,0,8.9,4.7,1.2,0,0,0,0,1,0,0,0,1
2023-12-21 12:00:00,2243,13,9,5,0,8.9,4.7,1.2,0,0,0,0,1,0,0,0,1
2023-12-21 06:00:00,43,7,0,1,0,8.9,4.7,1.2,0,0,0,0,1,0,0,0,1
2023-12-21 02:00:00,18,3,0,1,0,8.9,4.7,1.2,0,0,0,0,1,0,0,0,1
2023-12-21 03:00:00,2,4,0,1,0,8.9,4.7,1.2,0,0,0,0,1,0,0,0,1
2023-12-21 07:00:00,177,8,0,0,0,8.9,4.7,1.2,0,0,0,0,1,0,0,0,1
2023-12-21 05:00:00,21,6,0,0,0,8.9,4.7,1.2,0,0,0,0,1,0,0,0,1
2023-12-21 04:00:00,16,5,0,0,0,8.9,4.7,1.2,0,0,0,0,1,0,0,0,1
2023-12-21 01:00:00,12,2,0,0,0,8.9,4.7,1.2,0,0,0,0,1,0,0,0,1
2023-12-21 18:00:00,726,19,1,3,0,8.9,4.7,1.2,0,0,0,0,1,0,0,0,1
2023-12-21 08:00:00,845,9,4,11,0,8.9,4.7,1.2,0,0,0,0,1,0,0,0,1
2023-12-21 17:00:00,1721,18,4,8,0,8.9,4.7,1.2,0,0,0,0,1,0,0,0,1
2023-12-21 00:00:00,43,1,1,2,0,8.9,4.7,1.2,0,0,0,0,1,0,0,0,1
2023-12-22 10:00:00,4989,11,41,72,0,12.1,6.4,14.3,1,0,0,0,0,0,0,0,1
2023-12-22 12:00:00,4404,13,32,26,0,12.1,6.4,14.3,1,0,0,0,0,0,0,0,1
2023-12-22 11:00:00,5346,12,30,58,0,12.1,6.4,14.3,1,0,0,0,0,0,0,0,1
2023-12-21 19:00:00,583,20,0,53,0,8.9,4.7,1.2,0,0,0,0,1,0,0,0,1
2023-12-22 16:00:00,3413,17,8,10,0,12.1,6.4,14.3,1,0,0,0,0,0,0,0,1
2023-12-23 03:00:00,33,4,0,28,0,10.3,3.5,3.6,0,0,1,0,0,0,0,0,1
2023-12-23 08:00:00,631,9,11,19,0,10.3,3.5,3.6,0,0,1,0,0,0,0,0,1
2023-12-23 10:00:00,2467,11,10,4,0,10.3,3.5,3.6,0,0,1,0,0,0,0,0,1
2023-12-23 11:00:00,3046,12,7,11,0,10.3,3.5,3.6,0,0,1,0,0,0,0,0,1
2023-12-23 16:00:00,2600,17,6,13,0,10.3,3.5,3.6,0,0,1,0,0,0,0,0,1
2023-12-23 12:00:00,2546,13,5,15,0,10.3,3.5,3.6,0,0,1,0,0,0,0,0,1
2023-12-23 09:00:00,1876,10,5,7,0,10.3,3.5,3.6,0,0,1,0,0,0,0,0,1
2023-12-23 18:00:00,869,19,4,23,0,10.3,3.5,3.6,0,0,1,0,0,0,0,0,1
2023-12-23 17:00:00,1938,18,4,5,0,10.3,3.5,3.6,0,0,1,0,0,0,0,0,1
2023-12-22 20:00:00,392,21,0,63,0,12.1,6.4,14.3,1,0,0,0,0,0,0,0,1
2023-12-22 00:00:00,118,1,0,38,0,12.1,6.4,14.3,1,0,0,0,0,0,0,0,1
2023-12-22 01:00:00,89,2,0,21,0,12.1,6.4,14.3,1,0,0,0,0,0,0,0,1
2023-12-22 06:00:00,68,7,0,16,0,12.1,6.4,14.3,1,0,0,0,0,0,0,0,1
2023-12-22 05:00:00,29,6,0,13,0,12.1,6.4,14.3,1,0,0,0,0,0,0,0,1
2023-12-22 03:00:00,22,4,0,10,0,12.1,6.4,14.3,1,0,0,0,0,0,0,0,1
2023-12-22 04:00:00,4,5,0,4,0,12.1,6.4,14.3,1,0,0,0,0,0,0,0,1
2023-12-23 15:00:00,4612,16,19,35,0,10.3,3.5,3.6,0,0,1,0,0,0,0,0,1
2023-12-23 13:00:00,3550,14,17,11,0,10.3,3.5,3.6,0,0,1,0,0,0,0,0,1
2023-12-23 14:00:00,3722,15,13,36,0,10.3,3.5,3.6,0,0,1,0,0,0,0,0,1
2023-12-23 22:00:00,105,23,0,12,0,10.3,3.5,3.6,0,0,1,0,0,0,0,0,1
2023-12-23 07:00:00,157,8,0,11,0,10.3,3.5,3.6,0,0,1,0,0,0,0,0,1
2023-12-23 19:00:00,284,20,0,7,0,10.3,3.5,3.6,0,0,1,0,0,0,0,0,1
2023-12-23 04:00:00,2,5,0,5,0,10.3,3.5,3.6,0,0,1,0,0,0,0,0,1
2023-12-23 05:00:00,22,6,0,3,0,10.3,3.5,3.6,0,0,1,0,0,0,0,0,1
2023-12-23 06:00:00,51,7,0,2,0,10.3,3.5,3.6,0,0,1,0,0,0,0,0,1
2023-12-24 13:00:00,1729,14,17,15,0,4.8,2.8,0.0,0,0,0,1,0,0,0,0,1
2023-12-22 15:00:00,2247,16,7,7,0,12.1,6.4,14.3,1,0,0,0,0,0,0,0,1
2023-12-22 07:00:00,275,8,1,42,0,12.1,6.4,14.3,1,0,0,0,0,0,0,0,1
2023-12-22 22:00:00,209,23,0,95,0,12.1,6.4,14.3,1,0,0,0,0,0,0,0,1
2023-12-22 21:00:00,342,22,0,81,0,12.1,6.4,14.3,1,0,0,0,0,0,0,0,1
2023-12-22 23:00:00,118,0,0,72,0,12.1,6.4,14.3,1,0,0,0,0,0,0,0,1
2023-12-22 08:00:00,1117,9,6,65,0,12.1,6.4,14.3,1,0,0,0,0,0,0,0,1
2023-12-22 19:00:00,590,20,5,85,0,12.1,6.4,14.3,1,0,0,0,0,0,0,0,1
2023-12-22 09:00:00,2730,10,19,64,0,12.1,6.4,14.3,1,0,0,0,0,0,0,0,1
2023-12-23 21:00:00,204,22,1,32,0,10.3,3.5,3.6,0,0,1,0,0,0,0,0,1
2023-12-22 18:00:00,1039,19,4,57,0,12.1,6.4,14.3,1,0,0,0,0,0,0,0,1
2023-12-22 13:00:00,3435,14,15,26,0,12.1,6.4,14.3,1,0,0,0,0,0,0,0,1
2023-12-22 17:00:00,1825,18,4,5,0,12.1,6.4,14.3,1,0,0,0,0,0,0,0,1
2023-12-22 14:00:00,2706,15,11,15,0,12.1,6.4,14.3,1,0,0,0,0,0,0,0,1
2023-12-23 00:00:00,114,1,0,72,0,10.3,3.5,3.6,0,0,1,0,0,0,0,0,1
2023-12-23 01:00:00,53,2,0,50,0,10.3,3.5,3.6,0,0,1,0,0,0,0,0,1
2023-12-22 02:00:00,55,3,3,18,0,12.1,6.4,14.3,1,0,0,0,0,0,0,0,1
2023-12-23 23:00:00,92,0,0,47,0,10.3,3.5,3.6,0,0,1,0,0,0,0,0,1
2023-12-23 20:00:00,341,21,0,43,0,10.3,3.5,3.6,0,0,1,0,0,0,0,0,1
2023-12-23 02:00:00,43,3,0,37,0,10.3,3.5,3.6,0,0,1,0,0,0,0,0,1
2023-12-25 14:00:00,123,15,3,2,1,6.3,0.4,3.4,0,1,0,0,0,0,0,0,1
2023-12-24 07:00:00,75,8,0,18,0,4.8,2.8,0.0,0,0,0,1,0,0,0,0,1
2023-12-25 10:00:00,96,11,3,2,1,6.3,0.4,3.4,0,1,0,0,0,0,0,0,1
2023-12-25 23:00:00,12,0,0,0,1,6.3,0.4,3.4,0,1,0,0,0,0,0,0,1
2023-12-24 18:00:00,218,19,0,15,0,4.8,2.8,0.0,0,0,0,1,0,0,0,0,1
2023-12-25 21:00:00,8,22,0,0,1,6.3,0.4,3.4,0,1,0,0,0,0,0,0,1
2023-12-25 06:00:00,4,7,0,0,1,6.3,0.4,3.4,0,1,0,0,0,0,0,0,1
2023-12-24 05:00:00,14,6,0,7,0,4.8,2.8,0.0,0,0,0,1,0,0,0,0,1
2023-12-24 06:00:00,33,7,0,6,0,4.8,2.8,0.0,0,0,0,1,0,0,0,0,1
2023-12-24 04:00:00,25,5,0,6,0,4.8,2.8,0.0,0,0,0,1,0,0,0,0,1
2023-12-24 16:00:00,925,17,2,14,0,4.8,2.8,0.0,0,0,0,1,0,0,0,0,1
2023-12-24 17:00:00,193,18,2,5,0,4.8,2.8,0.0,0,0,0,1,0,0,0,0,1
2023-12-24 10:00:00,990,11,1,8,0,4.8,2.8,0.0,0,0,0,1,0,0,0,0,1
2023-12-24 08:00:00,192,9,0,5,0,4.8,2.8,0.0,0,0,0,1,0,0,0,0,1
2023-12-24 09:00:00,526,10,0,3,0,4.8,2.8,0.0,0,0,0,1,0,0,0,0,1
2023-12-24 14:00:00,1936,15,10,17,0,4.8,2.8,0.0,0,0,0,1,0,0,0,0,1
2023-12-25 11:00:00,107,12,6,8,1,6.3,0.4,3.4,0,1,0,0,0,0,0,0,1
2023-12-25 09:00:00,37,10,6,2,1,6.3,0.4,3.4,0,1,0,0,0,0,0,0,1
2023-12-25 13:00:00,119,14,5,5,1,6.3,0.4,3.4,0,1,0,0,0,0,0,0,1
2023-12-25 15:00:00,177,16,4,7,1,6.3,0.4,3.4,0,1,0,0,0,0,0,0,1
2023-12-25 17:00:00,119,18,1,1,1,6.3,0.4,3.4,0,1,0,0,0,0,0,0,1
2023-12-25 08:00:00,8,9,1,1,1,6.3,0.4,3.4,0,1,0,0,0,0,0,0,1
2023-12-25 19:00:00,40,20,1,0,1,6.3,0.4,3.4,0,1,0,0,0,0,0,0,1
2023-12-25 07:00:00,1,8,1,0,1,6.3,0.4,3.4,0,1,0,0,0,0,0,0,1
2023-12-26 11:00:00,1314,12,16,22,1,8.8,0.4,14.8,0,0,0,0,0,1,0,0,1
2023-12-24 11:00:00,1479,12,9,6,0,4.8,2.8,0.0,0,0,0,1,0,0,0,0,1
2023-12-25 01:00:00,23,2,0,13,1,6.3,0.4,3.4,0,1,0,0,0,0,0,0,1
2023-12-25 00:00:00,28,1,0,11,1,6.3,0.4,3.4,0,1,0,0,0,0,0,0,1
2023-12-25 02:00:00,4,3,0,5,1,6.3,0.4,3.4,0,1,0,0,0,0,0,0,1
2023-12-25 05:00:00,1,6,0,4,1,6.3,0.4,3.4,0,1,0,0,0,0,0,0,1
2023-12-25 04:00:00,3,5,0,3,1,6.3,0.4,3.4,0,1,0,0,0,0,0,0,1
2023-12-25 18:00:00,62,19,0,1,1,6.3,0.4,3.4,0,1,0,0,0,0,0,0,1
2023-12-25 03:00:00,3,4,0,1,1,6.3,0.4,3.4,0,1,0,0,0,0,0,0,1
2023-12-25 16:00:00,120,17,0,0,1,6.3,0.4,3.4,0,1,0,0,0,0,0,0,1
2023-12-25 20:00:00,27,21,0,0,1,6.3,0.4,3.4,0,1,0,0,0,0,0,0,1
2023-12-25 22:00:00,23,23,0,0,1,6.3,0.4,3.4,0,1,0,0,0,0,0,0,1
2023-12-26 12:00:00,1627,13,15,8,1,8.8,0.4,14.8,0,0,0,0,0,1,0,0,1
2023-12-25 12:00:00,137,13,2,1,1,6.3,0.4,3.4,0,1,0,0,0,0,0,0,1
2023-12-26 14:00:00,2059,15,7,2,1,8.8,0.4,14.8,0,0,0,0,0,1,0,0,1
2023-12-26 09:00:00,395,10,6,25,1,8.8,0.4,14.8,0,0,0,0,0,1,0,0,1
2023-12-24 12:00:00,1609,13,7,3,0,4.8,2.8,0.0,0,0,0,1,0,0,0,0,1
2023-12-24 15:00:00,1720,16,6,10,0,4.8,2.8,0.0,0,0,0,1,0,0,0,0,1
2023-12-24 01:00:00,73,2,0,50,0,4.8,2.8,0.0,0,0,0,1,0,0,0,0,1
2023-12-24 00:00:00,155,1,0,49,0,4.8,2.8,0.0,0,0,0,1,0,0,0,0,1
2023-12-24 19:00:00,205,20,0,47,0,4.8,2.8,0.0,0,0,0,1,0,0,0,0,1
2023-12-24 21:00:00,107,22,0,40,0,4.8,2.8,0.0,0,0,0,1,0,0,0,0,1
2023-12-24 02:00:00,56,3,0,37,0,4.8,2.8,0.0,0,0,0,1,0,0,0,0,1
2023-12-24 20:00:00,159,21,0,34,0,4.8,2.8,0.0,0,0,0,1,0,0,0,0,1
2023-12-24 23:00:00,45,0,0,32,0,4.8,2.8,0.0,0,0,0,1,0,0,0,0,1
2023-12-24 22:00:00,87,23,0,30,0,4.8,2.8,0.0,0,0,0,1,0,0,0,0,1
2023-12-24 03:00:00,52,4,0,25,0,4.8,2.8,0.0,0,0,0,1,0,0,0,0,1
2023-12-27 13:00:00,1202,14,16,9,0,8.3,-4.0,22.5,0,0,0,0,0,0,1,0,1
2023-12-28 16:00:00,2711,17,8,20,0,5.3,3.4,19.9,0,0,0,0,1,0,0,0,1
2023-12-27 00:00:00,70,1,0,26,0,8.3,-4.0,22.5,0,0,0,0,0,0,1,0,1
2023-12-27 20:00:00,384,21,0,24,0,8.3,-4.0,22.5,0,0,0,0,0,0,1,0,1
2023-12-27 21:00:00,296,22,0,22,0,8.3,-4.0,22.5,0,0,0,0,0,0,1,0,1
2023-12-27 01:00:00,46,2,0,16,0,8.3,-4.0,22.5,0,0,0,0,0,0,1,0,1
2023-12-27 10:00:00,705,11,0,11,0,8.3,-4.0,22.5,0,0,0,0,0,0,1,0,1
2023-12-27 02:00:00,55,3,0,11,0,8.3,-4.0,22.5,0,0,0,0,0,0,1,0,1
2023-12-27 03:00:00,11,4,0,7,0,8.3,-4.0,22.5,0,0,0,0,0,0,1,0,1
2023-12-27 04:00:00,6,5,0,6,0,8.3,-4.0,22.5,0,0,0,0,0,0,1,0,1
2023-12-27 16:00:00,1523,17,0,5,0,8.3,-4.0,22.5,0,0,0,0,0,0,1,0,1
2023-12-27 22:00:00,63,23,0,4,0,8.3,-4.0,22.5,0,0,0,0,0,0,1,0,1
2023-12-26 13:00:00,2139,14,5,4,1,8.8,0.4,14.8,0,0,0,0,0,1,0,0,1
2023-12-26 15:00:00,2428,16,1,28,1,8.8,0.4,14.8,0,0,0,0,0,1,0,0,1
2023-12-26 22:00:00,89,23,1,25,1,8.8,0.4,14.8,0,0,0,0,0,1,0,0,1
2023-12-27 07:00:00,51,8,0,3,0,8.3,-4.0,22.5,0,0,0,0,0,0,1,0,1
2023-12-27 17:00:00,1225,18,1,19,0,8.3,-4.0,22.5,0,0,0,0,0,0,1,0,1
2023-12-27 09:00:00,441,10,1,13,0,8.3,-4.0,22.5,0,0,0,0,0,0,1,0,1
2023-12-27 11:00:00,561,12,9,7,0,8.3,-4.0,22.5,0,0,0,0,0,0,1,0,1
2023-12-28 15:00:00,4441,16,7,14,0,5.3,3.4,19.9,0,0,0,0,1,0,0,0,1
2023-12-27 08:00:00,161,9,0,1,0,8.3,-4.0,22.5,0,0,0,0,0,0,1,0,1
2023-12-27 05:00:00,12,6,0,1,0,8.3,-4.0,22.5,0,0,0,0,0,0,1,0,1
2023-12-27 06:00:00,11,7,0,1,0,8.3,-4.0,22.5,0,0,0,0,0,0,1,0,1
2023-12-27 23:00:00,46,0,0,0,0,8.3,-4.0,22.5,0,0,0,0,0,0,1,0,1
2023-12-28 11:00:00,3113,12,28,15,0,5.3,3.4,19.9,0,0,0,0,1,0,0,0,1
2023-12-28 12:00:00,2324,13,13,22,0,5.3,3.4,19.9,0,0,0,0,1,0,0,0,1
2023-12-28 10:00:00,2184,11,13,18,0,5.3,3.4,19.9,0,0,0,0,1,0,0,0,1
2023-12-28 14:00:00,3079,15,12,25,0,5.3,3.4,19.9,0,0,0,0,1,0,0,0,1
2023-12-28 13:00:00,3567,14,11,18,0,5.3,3.4,19.9,0,0,0,0,1,0,0,0,1
2023-12-26 10:00:00,942,11,4,36,1,8.8,0.4,14.8,0,0,0,0,0,1,0,0,1
2023-12-26 23:00:00,53,0,0,35,1,8.8,0.4,14.8,0,0,0,0,0,1,0,0,1
2023-12-26 08:00:00,122,9,4,5,1,8.8,0.4,14.8,0,0,0,0,0,1,0,0,1
2023-12-26 21:00:00,136,22,0,31,1,8.8,0.4,14.8,0,0,0,0,0,1,0,0,1
2023-12-26 20:00:00,168,21,0,28,1,8.8,0.4,14.8,0,0,0,0,0,1,0,0,1
2023-12-26 17:00:00,982,18,0,26,1,8.8,0.4,14.8,0,0,0,0,0,1,0,0,1
2023-12-26 19:00:00,255,20,0,21,1,8.8,0.4,14.8,0,0,0,0,0,1,0,0,1
2023-12-26 03:00:00,31,4,0,3,1,8.8,0.4,14.8,0,0,0,0,0,1,0,0,1
2023-12-26 05:00:00,8,6,0,3,1,8.8,0.4,14.8,0,0,0,0,0,1,0,0,1
2023-12-26 07:00:00,27,8,0,2,1,8.8,0.4,14.8,0,0,0,0,0,1,0,0,1
2023-12-26 06:00:00,11,7,0,1,1,8.8,0.4,14.8,0,0,0,0,0,1,0,0,1
2023-12-26 01:00:00,11,2,0,0,1,8.8,0.4,14.8,0,0,0,0,0,1,0,0,1
2023-12-26 02:00:00,11,3,0,0,1,8.8,0.4,14.8,0,0,0,0,0,1,0,0,1
2023-12-26 00:00:00,7,1,0,0,1,8.8,0.4,14.8,0,0,0,0,0,1,0,0,1
2023-12-26 04:00:00,1,5,0,0,1,8.8,0.4,14.8,0,0,0,0,0,1,0,0,1
2023-12-27 14:00:00,1446,15,17,9,0,8.3,-4.0,22.5,0,0,0,0,0,0,1,0,1
2023-12-27 15:00:00,1467,16,7,2,0,8.3,-4.0,22.5,0,0,0,0,0,0,1,0,1
2023-12-26 18:00:00,221,19,3,1,1,8.8,0.4,14.8,0,0,0,0,0,1,0,0,1
2023-12-26 16:00:00,2045,17,2,27,1,8.8,0.4,14.8,0,0,0,0,0,1,0,0,1
2023-12-28 09:00:00,1180,10,5,9,0,5.3,3.4,19.9,0,0,0,0,1,0,0,0,1
2023-12-28 07:00:00,151,8,2,6,0,5.3,3.4,19.9,0,0,0,0,1,0,0,0,1
2023-12-28 18:00:00,249,19,2,2,0,5.3,3.4,19.9,0,0,0,0,1,0,0,0,1
2023-12-28 17:00:00,1130,18,2,0,0,5.3,3.4,19.9,0,0,0,0,1,0,0,0,1
2023-12-27 18:00:00,537,19,3,17,0,8.3,-4.0,22.5,0,0,0,0,0,0,1,0,1
2023-12-27 12:00:00,894,13,3,5,0,8.3,-4.0,22.5,0,0,0,0,0,0,1,0,1
2023-12-27 19:00:00,402,20,2,27,0,8.3,-4.0,22.5,0,0,0,0,0,0,1,0,1
2023-12-28 19:00:00,278,20,1,32,0,5.3,3.4,19.9,0,0,0,0,1,0,0,0,1
2023-12-28 06:00:00,66,7,1,3,0,5.3,3.4,19.9,0,0,0,0,1,0,0,0,1
2023-12-28 08:00:00,485,9,1,1,0,5.3,3.4,19.9,0,0,0,0,1,0,0,0,1
2023-12-30 12:00:00,2531,13,7,13,0,8.1,-0.4,9.2,0,0,1,0,0,0,0,0,1
2023-12-30 14:00:00,1146,15,7,7,0,8.1,-0.4,9.2,0,0,1,0,0,0,0,0,1
2023-12-29 11:00:00,3171,12,22,9,0,6.8,3.0,0.1,1,0,0,0,0,0,0,0,1
2023-12-29 17:00:00,1354,18,4,5,0,6.8,3.0,0.1,1,0,0,0,0,0,0,0,1
2023-12-29 09:00:00,1363,10,3,20,0,6.8,3.0,0.1,1,0,0,0,0,0,0,0,1
2023-12-29 14:00:00,4849,15,3,10,0,6.8,3.0,0.1,1,0,0,0,0,0,0,0,1
2023-12-29 18:00:00,340,19,2,3,0,6.8,3.0,0.1,1,0,0,0,0,0,0,0,1
2023-12-28 21:00:00,344,22,0,31,0,5.3,3.4,19.9,0,0,0,0,1,0,0,0,1
2023-12-30 13:00:00,1185,14,6,8,0,8.1,-0.4,9.2,0,0,1,0,0,0,0,0,1
2023-12-29 20:00:00,465,21,1,40,0,6.8,3.0,0.1,1,0,0,0,0,0,0,0,1
2023-12-29 08:00:00,520,9,1,9,0,6.8,3.0,0.1,1,0,0,0,0,0,0,0,1
2023-12-29 19:00:00,611,20,0,92,0,6.8,3.0,0.1,1,0,0,0,0,0,0,0,1
2023-12-29 22:00:00,324,23,0,66,0,6.8,3.0,0.1,1,0,0,0,0,0,0,0,1
2023-12-29 23:00:00,121,0,0,65,0,6.8,3.0,0.1,1,0,0,0,0,0,0,0,1
2023-12-29 21:00:00,377,22,0,38,0,6.8,3.0,0.1,1,0,0,0,0,0,0,0,1
2023-12-30 23:00:00,62,0,1,11,0,8.1,-0.4,9.2,0,0,1,0,0,0,0,0,1
2023-12-30 08:00:00,449,9,1,10,0,8.1,-0.4,9.2,0,0,1,0,0,0,0,0,1
2023-12-30 15:00:00,1053,16,1,3,0,8.1,-0.4,9.2,0,0,1,0,0,0,0,0,1
2023-12-29 06:00:00,106,7,0,7,0,6.8,3.0,0.1,1,0,0,0,0,0,0,0,1
2023-12-29 12:00:00,3499,13,17,12,0,6.8,3.0,0.1,1,0,0,0,0,0,0,0,1
2023-12-29 07:00:00,124,8,0,6,0,6.8,3.0,0.1,1,0,0,0,0,0,0,0,1
2023-12-28 22:00:00,169,23,0,13,0,5.3,3.4,19.9,0,0,0,0,1,0,0,0,1
2023-12-29 10:00:00,2265,11,14,14,0,6.8,3.0,0.1,1,0,0,0,0,0,0,0,1
2023-12-28 20:00:00,210,21,0,12,0,5.3,3.4,19.9,0,0,0,0,1,0,0,0,1
2023-12-29 05:00:00,22,6,0,2,0,6.8,3.0,0.1,1,0,0,0,0,0,0,0,1
2023-12-29 03:00:00,5,4,0,1,0,6.8,3.0,0.1,1,0,0,0,0,0,0,0,1
2023-12-29 02:00:00,0,3,0,1,0,6.8,3.0,0.1,1,0,0,0,0,0,0,0,1
2023-12-29 00:00:00,14,1,0,0,0,6.8,3.0,0.1,1,0,0,0,0,0,0,0,1
2023-12-29 01:00:00,5,2,0,0,0,6.8,3.0,0.1,1,0,0,0,0,0,0,0,1
2023-12-29 04:00:00,1,5,0,0,0,6.8,3.0,0.1,1,0,0,0,0,0,0,0,1
2023-12-30 11:00:00,2632,12,14,14,0,8.1,-0.4,9.2,0,0,1,0,0,0,0,0,1
2023-12-30 10:00:00,2055,11,10,8,0,8.1,-0.4,9.2,0,0,1,0,0,0,0,0,1
2023-12-30 09:00:00,1042,10,8,14,0,8.1,-0.4,9.2,0,0,1,0,0,0,0,0,1
2023-12-29 13:00:00,3936,14,12,6,0,6.8,3.0,0.1,1,0,0,0,0,0,0,0,1
2023-12-28 23:00:00,19,0,0,2,0,5.3,3.4,19.9,0,0,0,0,1,0,0,0,1
2023-12-28 03:00:00,2,4,0,2,0,5.3,3.4,19.9,0,0,0,0,1,0,0,0,1
2023-12-28 00:00:00,39,1,0,0,0,5.3,3.4,19.9,0,0,0,0,1,0,0,0,1
2023-12-28 05:00:00,31,6,0,0,0,5.3,3.4,19.9,0,0,0,0,1,0,0,0,1
2023-12-28 02:00:00,9,3,0,0,0,5.3,3.4,19.9,0,0,0,0,1,0,0,0,1
2023-12-28 01:00:00,5,2,0,0,0,5.3,3.4,19.9,0,0,0,0,1,0,0,0,1
2023-12-28 04:00:00,4,5,0,0,0,5.3,3.4,19.9,0,0,0,0,1,0,0,0,1
2023-12-30 18:00:00,577,19,3,37,0,8.1,-0.4,9.2,0,0,1,0,0,0,0,0,1
2023-12-30 17:00:00,1098,18,3,21,0,8.1,-0.4,9.2,0,0,1,0,0,0,0,0,1
2023-12-30 21:00:00,217,22,2,32,0,8.1,-0.4,9.2,0,0,1,0,0,0,0,0,1
2023-12-30 20:00:00,220,21,2,20,0,8.1,-0.4,9.2,0,0,1,0,0,0,0,0,1
2023-12-30 16:00:00,1642,17,2,6,0,8.1,-0.4,9.2,0,0,1,0,0,0,0,0,1
2023-12-29 15:00:00,4404,16,5,10,0,6.8,3.0,0.1,1,0,0,0,0,0,0,0,1
2023-12-29 16:00:00,2829,17,5,8,0,6.8,3.0,0.1,1,0,0,0,0,0,0,0,1
2023-12-31 21:00:00,354,22,2,81,0,6.8,-1.0,0.2,0,0,0,1,0,0,0,0,1
2023-12-30 06:00:00,57,7,0,11,0,8.1,-0.4,9.2,0,0,1,0,0,0,0,0,1
2023-12-30 05:00:00,42,6,0,10,0,8.1,-0.4,9.2,0,0,1,0,0,0,0,0,1
2023-12-30 04:00:00,13,5,0,9,0,8.1,-0.4,9.2,0,0,1,0,0,0,0,0,1
2023-12-30 07:00:00,97,8,0,8,0,8.1,-0.4,9.2,0,0,1,0,0,0,0,0,1
2023-12-31 18:00:00,260,19,2,1,0,6.8,-1.0,0.2,0,0,0,1,0,0,0,0,1
2023-12-30 00:00:00,57,1,0,54,0,8.1,-0.4,9.2,0,0,1,0,0,0,0,0,1
2023-12-30 01:00:00,52,2,0,51,0,8.1,-0.4,9.2,0,0,1,0,0,0,0,0,1
2023-12-30 22:00:00,214,23,0,48,0,8.1,-0.4,9.2,0,0,1,0,0,0,0,0,1
2023-12-30 02:00:00,32,3,0,43,0,8.1,-0.4,9.2,0,0,1,0,0,0,0,0,1
2023-12-30 19:00:00,370,20,0,27,0,8.1,-0.4,9.2,0,0,1,0,0,0,0,0,1
2023-12-30 03:00:00,18,4,0,19,0,8.1,-0.4,9.2,0,0,1,0,0,0,0,0,1
2023-12-31 23:00:00,344,0,0,87,0,6.8,-1.0,0.2,0,0,0,1,0,0,0,0,1
2023-12-31 14:00:00,2420,15,36,12,0,6.8,-1.0,0.2,0,0,0,1,0,0,0,0,1
2023-12-31 12:00:00,1976,13,32,13,0,6.8,-1.0,0.2,0,0,0,1,0,0,0,0,1
2023-12-31 13:00:00,2373,14,31,16,0,6.8,-1.0,0.2,0,0,0,1,0,0,0,0,1
2023-12-31 11:00:00,1548,12,16,9,0,6.8,-1.0,0.2,0,0,0,1,0,0,0,0,1
2023-12-31 15:00:00,2083,16,16,4,0,6.8,-1.0,0.2,0,0,0,1,0,0,0,0,1
2023-12-31 09:00:00,240,10,14,9,0,6.8,-1.0,0.2,0,0,0,1,0,0,0,0,1
2023-12-31 19:00:00,260,20,0,11,0,6.8,-1.0,0.2,0,0,0,1,0,0,0,0,1
2023-12-31 04:00:00,8,5,0,3,0,6.8,-1.0,0.2,0,0,0,1,0,0,0,0,1
2023-12-31 08:00:00,105,9,0,2,0,6.8,-1.0,0.2,0,0,0,1,0,0,0,0,1
2023-12-31 07:00:00,54,8,0,2,0,6.8,-1.0,0.2,0,0,0,1,0,0,0,0,1
2023-12-31 01:00:00,24,2,0,2,0,6.8,-1.0,0.2,0,0,0,1,0,0,0,0,1
2023-12-31 02:00:00,15,3,0,2,0,6.8,-1.0,0.2,0,0,0,1,0,0,0,0,1
2023-12-31 06:00:00,28,7,0,1,0,6.8,-1.0,0.2,0,0,0,1,0,0,0,0,1
2023-12-31 05:00:00,26,6,0,1,0,6.8,-1.0,0.2,0,0,0,1,0,0,0,0,1
2023-12-31 03:00:00,15,4,0,1,0,6.8,-1.0,0.2,0,0,0,1,0,0,0,0,1
2023-12-31 17:00:00,454,18,1,3,0,6.8,-1.0,0.2,0,0,0,1,0,0,0,0,1
2023-12-31 00:00:00,43,1,1,3,0,6.8,-1.0,0.2,0,0,0,1,0,0,0,0,1
2023-12-31 10:00:00,755,11,7,2,0,6.8,-1.0,0.2,0,0,0,1,0,0,0,0,1
2023-12-31 16:00:00,1233,17,4,7,0,6.8,-1.0,0.2,0,0,0,1,0,0,0,0,1
2023-12-31 20:00:00,434,21,2,101,0,6.8,-1.0,0.2,0,0,0,1,0,0,0,0,1
2023-12-31 22:00:00,132,23,2,101,0,6.8,-1.0,0.2,0,0,0,1,0,0,0,0,1
2024-01-01 14:00:00,844,15,16,30,1,7.4,5.5,9.6,0,1,0,0,0,0,0,0,1
2024-01-01 10:00:00,288,11,6,20,1,7.4,5.5,9.6,0,1,0,0,0,0,0,0,1
2024-01-01 13:00:00,796,14,5,19,1,7.4,5.5,9.6,0,1,0,0,0,0,0,0,1
2024-01-01 02:00:00,183,3,1,72,1,7.4,5.5,9.6,0,1,0,0,0,0,0,0,1
2024-01-01 22:00:00,37,23,1,27,1,7.4,5.5,9.6,0,1,0,0,0,0,0,0,1
2024-01-01 12:00:00,230,13,1,5,1,7.4,5.5,9.6,0,1,0,0,0,0,0,0,1
2024-01-01 00:00:00,272,1,0,90,1,7.4,5.5,9.6,0,1,0,0,0,0,0,0,1
2024-01-01 15:00:00,466,16,5,11,1,7.4,5.5,9.6,0,1,0,0,0,0,0,0,1
2024-01-01 16:00:00,257,17,5,2,1,7.4,5.5,9.6,0,1,0,0,0,0,0,0,1
2024-01-02 12:00:00,2004,13,18,11,1,7.3,5.5,6.4,0,0,0,0,0,1,0,0,1
2024-01-01 09:00:00,120,10,3,9,1,7.4,5.5,9.6,0,1,0,0,0,0,0,0,1
2024-01-01 19:00:00,128,20,2,20,1,7.4,5.5,9.6,0,1,0,0,0,0,0,0,1
2024-01-01 11:00:00,279,12,2,10,1,7.4,5.5,9.6,0,1,0,0,0,0,0,0,1
2024-01-02 15:00:00,2686,16,11,20,1,7.3,5.5,6.4,0,0,0,0,0,1,0,0,1
2024-01-02 13:00:00,2593,14,11,13,1,7.3,5.5,6.4,0,0,0,0,0,1,0,0,1
2024-01-02 14:00:00,2813,15,9,24,1,7.3,5.5,6.4,0,0,0,0,0,1,0,0,1
2024-01-02 10:00:00,897,11,9,4,1,7.3,5.5,6.4,0,0,0,0,0,1,0,0,1
2024-01-02 09:00:00,380,10,6,6,1,7.3,5.5,6.4,0,0,0,0,0,1,0,0,1
2024-01-02 18:00:00,714,19,4,55,1,7.3,5.5,6.4,0,0,0,0,0,1,0,0,1
2024-01-02 11:00:00,1639,12,4,11,1,7.3,5.5,6.4,0,0,0,0,0,1,0,0,1
2024-01-01 01:00:00,242,2,0,54,1,7.4,5.5,9.6,0,1,0,0,0,0,0,0,1
2024-01-01 03:00:00,109,4,0,50,1,7.4,5.5,9.6,0,1,0,0,0,0,0,0,1
2024-01-02 01:00:00,11,2,0,10,1,7.3,5.5,6.4,0,0,0,0,0,1,0,0,1
2024-01-02 03:00:00,0,4,0,8,1,7.3,5.5,6.4,0,0,0,0,0,1,0,0,1
2024-01-02 08:00:00,165,9,0,7,1,7.3,5.5,6.4,0,0,0,0,0,1,0,0,1
2024-01-02 17:00:00,657,18,0,6,1,7.3,5.5,6.4,0,0,0,0,0,1,0,0,1
2024-01-01 04:00:00,36,5,0,37,1,7.4,5.5,9.6,0,1,0,0,0,0,0,0,1
2024-01-02 07:00:00,43,8,0,5,1,7.3,5.5,6.4,0,0,0,0,0,1,0,0,1
2024-01-01 23:00:00,27,0,0,36,1,7.4,5.5,9.6,0,1,0,0,0,0,0,0,1
2024-01-01 20:00:00,112,21,0,33,1,7.4,5.5,9.6,0,1,0,0,0,0,0,0,1
2024-01-02 06:00:00,29,7,0,4,1,7.3,5.5,6.4,0,0,0,0,0,1,0,0,1
2024-01-02 02:00:00,3,3,0,4,1,7.3,5.5,6.4,0,0,0,0,0,1,0,0,1
2024-01-02 04:00:00,1,5,0,3,1,7.3,5.5,6.4,0,0,0,0,0,1,0,0,1
2024-01-01 21:00:00,81,22,0,24,1,7.4,5.5,9.6,0,1,0,0,0,0,0,0,1
2024-01-02 05:00:00,11,6,0,1,1,7.3,5.5,6.4,0,0,0,0,0,1,0,0,1
2024-01-01 05:00:00,19,6,0,16,1,7.4,5.5,9.6,0,1,0,0,0,0,0,0,1
2024-01-02 19:00:00,485,20,0,66,1,7.3,5.5,6.4,0,0,0,0,0,1,0,0,1
2024-01-01 07:00:00,21,8,0,9,1,7.4,5.5,9.6,0,1,0,0,0,0,0,0,1
2024-01-01 08:00:00,60,9,0,8,1,7.4,5.5,9.6,0,1,0,0,0,0,0,0,1
2024-01-02 21:00:00,161,22,0,49,1,7.3,5.5,6.4,0,0,0,0,0,1,0,0,1
2024-01-02 23:00:00,22,0,0,35,1,7.3,5.5,6.4,0,0,0,0,0,1,0,0,1
2024-01-02 00:00:00,11,1,0,24,1,7.3,5.5,6.4,0,0,0,0,0,1,0,0,1
2024-01-01 06:00:00,19,7,0,4,1,7.4,5.5,9.6,0,1,0,0,0,0,0,0,1
2024-01-01 17:00:00,171,18,0,0,1,7.4,5.5,9.6,0,1,0,0,0,0,0,0,1
2024-01-01 18:00:00,81,19,0,0,1,7.4,5.5,9.6,0,1,0,0,0,0,0,0,1
2024-01-03 12:00:00,2962,13,29,15,0,7.3,5.7,9.3,0,0,0,0,0,0,1,0,1
2024-01-03 13:00:00,3267,14,25,6,0,7.3,5.7,9.3,0,0,0,0,0,0,1,0,1
2024-01-03 14:00:00,3319,15,24,16,0,7.3,5.7,9.3,0,0,0,0,0,0,1,0,1
2024-01-02 16:00:00,1304,17,3,6,1,7.3,5.5,6.4,0,0,0,0,0,1,0,0,1
2024-01-02 20:00:00,258,21,1,45,1,7.3,5.5,6.4,0,0,0,0,0,1,0,0,1
2024-01-02 22:00:00,68,23,1,28,1,7.3,5.5,6.4,0,0,0,0,0,1,0,0,1
2024-01-03 11:00:00,2440,12,17,18,0,7.3,5.7,9.3,0,0,0,0,0,0,1,0,1
2024-01-03 10:00:00,1912,11,9,14,0,7.3,5.7,9.3,0,0,0,0,0,0,1,0,1
2024-01-03 09:00:00,1152,10,8,17,0,7.3,5.7,9.3,0,0,0,0,0,0,1,0,1
2024-01-03 16:00:00,1846,17,3,9,0,7.3,5.7,9.3,0,0,0,0,0,0,1,0,1
2024-01-03 19:00:00,278,20,0,4,0,7.3,5.7,9.3,0,0,0,0,0,0,1,0,1
2024-01-03 18:00:00,255,19,0,4,0,7.3,5.7,9.3,0,0,0,0,0,0,1,0,1
2024-01-04 12:00:00,2829,13,14,9,0,6.4,6.0,9.3,0,0,0,0,1,0,0,0,1
2024-01-03 00:00:00,40,1,0,24,0,7.3,5.7,9.3,0,0,0,0,0,0,1,0,1
2024-01-03 02:00:00,10,3,0,17,0,7.3,5.7,9.3,0,0,0,0,0,0,1,0,1
2024-01-03 01:00:00,31,2,0,14,0,7.3,5.7,9.3,0,0,0,0,0,0,1,0,1
2024-01-03 07:00:00,129,8,0,3,0,7.3,5.7,9.3,0,0,0,0,0,0,1,0,1
2024-01-03 03:00:00,5,4,0,3,0,7.3,5.7,9.3,0,0,0,0,0,0,1,0,1
2024-01-03 21:00:00,117,22,0,2,0,7.3,5.7,9.3,0,0,0,0,0,0,1,0,1
2024-01-03 08:00:00,543,9,2,11,0,7.3,5.7,9.3,0,0,0,0,0,0,1,0,1
2024-01-03 17:00:00,1055,18,2,7,0,7.3,5.7,9.3,0,0,0,0,0,0,1,0,1
2024-01-03 06:00:00,41,7,0,1,0,7.3,5.7,9.3,0,0,0,0,0,0,1,0,1
2024-01-03 23:00:00,34,0,0,1,0,7.3,5.7,9.3,0,0,0,0,0,0,1,0,1
2024-01-03 20:00:00,140,21,0,0,0,7.3,5.7,9.3,0,0,0,0,0,0,1,0,1
2024-01-03 05:00:00,34,6,0,0,0,7.3,5.7,9.3,0,0,0,0,0,0,1,0,1
2024-01-03 04:00:00,12,5,0,0,0,7.3,5.7,9.3,0,0,0,0,0,0,1,0,1
2024-01-04 11:00:00,2500,12,19,20,0,6.4,6.0,9.3,0,0,0,0,1,0,0,0,1
2024-01-04 10:00:00,1774,11,18,18,0,6.4,6.0,9.3,0,0,0,0,1,0,0,0,1
2024-01-04 13:00:00,2851,14,17,9,0,6.4,6.0,9.3,0,0,0,0,1,0,0,0,1
2024-01-04 21:00:00,100,22,0,4,0,6.4,6.0,9.3,0,0,0,0,1,0,0,0,1
2024-01-04 06:00:00,58,7,0,3,0,6.4,6.0,9.3,0,0,0,0,1,0,0,0,1
2024-01-04 19:00:00,275,20,4,2,0,6.4,6.0,9.3,0,0,0,0,1,0,0,0,1
2024-01-04 20:00:00,133,21,0,2,0,6.4,6.0,9.3,0,0,0,0,1,0,0,0,1
2024-01-04 05:00:00,41,6,0,2,0,6.4,6.0,9.3,0,0,0,0,1,0,0,0,1
2024-01-04 02:00:00,15,3,0,1,0,6.4,6.0,9.3,0,0,0,0,1,0,0,0,1
2024-01-04 04:00:00,5,5,0,1,0,6.4,6.0,9.3,0,0,0,0,1,0,0,0,1
2024-01-04 00:00:00,20,1,0,0,0,6.4,6.0,9.3,0,0,0,0,1,0,0,0,1
2024-01-04 01:00:00,10,2,0,0,0,6.4,6.0,9.3,0,0,0,0,1,0,0,0,1
2024-01-04 03:00:00,5,4,0,0,0,6.4,6.0,9.3,0,0,0,0,1,0,0,0,1
2024-01-05 12:00:00,3206,13,24,41,0,5.6,6.0,0.0,1,0,0,0,0,0,0,0,1
2024-01-05 11:00:00,2847,12,22,51,0,5.6,6.0,0.0,1,0,0,0,0,0,0,0,1
2024-01-05 10:00:00,1962,11,20,57,0,5.6,6.0,0.0,1,0,0,0,0,0,0,0,1
2024-01-05 13:00:00,3835,14,13,34,0,5.6,6.0,0.0,1,0,0,0,0,0,0,0,1
2024-01-05 14:00:00,3631,15,10,27,0,5.6,6.0,0.0,1,0,0,0,0,0,0,0,1
2024-01-04 23:00:00,38,0,1,9,0,6.4,6.0,9.3,0,0,0,0,1,0,0,0,1
2024-01-04 16:00:00,2131,17,1,8,0,6.4,6.0,9.3,0,0,0,0,1,0,0,0,1
2024-01-04 07:00:00,181,8,1,8,0,6.4,6.0,9.3,0,0,0,0,1,0,0,0,1
2024-01-04 08:00:00,496,9,3,8,0,6.4,6.0,9.3,0,0,0,0,1,0,0,0,1
2024-01-04 18:00:00,390,19,1,2,0,6.4,6.0,9.3,0,0,0,0,1,0,0,0,1
2024-01-03 15:00:00,2566,16,1,2,0,7.3,5.7,9.3,0,0,0,0,0,0,1,0,1
2024-01-03 22:00:00,81,23,1,1,0,7.3,5.7,9.3,0,0,0,0,0,0,1,0,1
2024-01-04 09:00:00,1058,10,8,17,0,6.4,6.0,9.3,0,0,0,0,1,0,0,0,1
2024-01-04 14:00:00,2653,15,8,15,0,6.4,6.0,9.3,0,0,0,0,1,0,0,0,1
2024-01-04 22:00:00,67,23,6,2,0,6.4,6.0,9.3,0,0,0,0,1,0,0,0,1
2024-01-04 15:00:00,3167,16,2,6,0,6.4,6.0,9.3,0,0,0,0,1,0,0,0,1
2024-01-04 17:00:00,1201,18,2,6,0,6.4,6.0,9.3,0,0,0,0,1,0,0,0,1
2024-01-05 05:00:00,49,6,0,5,0,5.6,6.0,0.0,1,0,0,0,0,0,0,0,1
2024-01-05 20:00:00,214,21,0,4,0,5.6,6.0,0.0,1,0,0,0,0,0,0,0,1
2024-01-05 18:00:00,410,19,0,3,0,5.6,6.0,0.0,1,0,0,0,0,0,0,0,1
2024-01-05 19:00:00,292,20,0,3,0,5.6,6.0,0.0,1,0,0,0,0,0,0,0,1
2024-01-05 21:00:00,145,22,0,1,0,5.6,6.0,0.0,1,0,0,0,0,0,0,0,1
2024-01-06 14:00:00,3592,15,36,14,0,2.5,0.2,0.0,0,0,1,0,0,0,0,0,1
2024-01-06 12:00:00,2279,13,20,16,0,2.5,0.2,0.0,0,0,1,0,0,0,0,0,1
2024-01-06 13:00:00,2398,14,16,18,0,2.5,0.2,0.0,0,0,1,0,0,0,0,0,1
2024-01-06 15:00:00,3578,16,10,37,0,2.5,0.2,0.0,0,0,1,0,0,0,0,0,1
2024-01-05 09:00:00,1195,10,9,53,0,5.6,6.0,0.0,1,0,0,0,0,0,0,0,1
2024-01-05 23:00:00,84,0,0,54,0,5.6,6.0,0.0,1,0,0,0,0,0,0,0,1
2024-01-05 22:00:00,137,23,0,21,0,5.6,6.0,0.0,1,0,0,0,0,0,0,0,1
2024-01-05 07:00:00,220,8,0,19,0,5.6,6.0,0.0,1,0,0,0,0,0,0,0,1
2024-01-05 01:00:00,20,2,0,12,0,5.6,6.0,0.0,1,0,0,0,0,0,0,0,1
2024-01-05 02:00:00,7,3,0,10,0,5.6,6.0,0.0,1,0,0,0,0,0,0,0,1
2024-01-05 03:00:00,18,4,0,6,0,5.6,6.0,0.0,1,0,0,0,0,0,0,0,1
2024-01-05 04:00:00,6,5,0,6,0,5.6,6.0,0.0,1,0,0,0,0,0,0,0,1
2024-01-07 12:00:00,1806,13,26,27,0,2.9,0.1,0.0,0,0,0,1,0,0,0,0,1
2024-01-07 14:00:00,3129,15,18,42,0,2.9,0.1,0.0,0,0,0,1,0,0,0,0,1
2024-01-07 13:00:00,2843,14,13,43,0,2.9,0.1,0.0,0,0,0,1,0,0,0,0,1
2024-01-07 15:00:00,2604,16,13,43,0,2.9,0.1,0.0,0,0,0,1,0,0,0,0,1
2024-01-07 16:00:00,1971,17,7,35,0,2.9,0.1,0.0,0,0,0,1,0,0,0,0,1
2024-01-07 08:00:00,131,9,7,28,0,2.9,0.1,0.0,0,0,0,1,0,0,0,0,1
2024-01-07 11:00:00,1391,12,7,25,0,2.9,0.1,0.0,0,0,0,1,0,0,0,0,1
2024-01-05 15:00:00,3084,16,7,2,0,5.6,6.0,0.0,1,0,0,0,0,0,0,0,1
2024-01-05 16:00:00,2451,17,4,13,0,5.6,6.0,0.0,1,0,0,0,0,0,0,0,1
2024-01-05 08:00:00,563,9,2,32,0,5.6,6.0,0.0,1,0,0,0,0,0,0,0,1
2024-01-06 00:00:00,45,1,0,41,0,2.5,0.2,0.0,0,0,1,0,0,0,0,0,1
2024-01-06 01:00:00,23,2,0,34,0,2.5,0.2,0.0,0,0,1,0,0,0,0,0,1
2024-01-06 17:00:00,1258,18,2,9,0,2.5,0.2,0.0,0,0,1,0,0,0,0,0,1
2024-01-06 02:00:00,11,3,0,29,0,2.5,0.2,0.0,0,0,1,0,0,0,0,0,1
2024-01-06 11:00:00,2389,12,6,19,0,2.5,0.2,0.0,0,0,1,0,0,0,0,0,1
2024-01-06 10:00:00,1703,11,6,15,0,2.5,0.2,0.0,0,0,1,0,0,0,0,0,1
2024-01-06 03:00:00,30,4,0,25,0,2.5,0.2,0.0,0,0,1,0,0,0,0,0,1
2024-01-06 06:00:00,84,7,0,17,0,2.5,0.2,0.0,0,0,1,0,0,0,0,0,1
2024-01-05 00:00:00,55,1,1,18,0,5.6,6.0,0.0,1,0,0,0,0,0,0,0,1
2024-01-05 06:00:00,56,7,1,12,0,5.6,6.0,0.0,1,0,0,0,0,0,0,0,1
2024-01-05 17:00:00,1440,18,1,4,0,5.6,6.0,0.0,1,0,0,0,0,0,0,0,1
2024-01-06 05:00:00,28,6,0,10,0,2.5,0.2,0.0,0,0,1,0,0,0,0,0,1
2024-01-06 16:00:00,2349,17,4,17,0,2.5,0.2,0.0,0,0,1,0,0,0,0,0,1
2024-01-06 09:00:00,1095,10,4,4,0,2.5,0.2,0.0,0,0,1,0,0,0,0,0,1
2024-01-06 23:00:00,157,0,1,70,0,2.5,0.2,0.0,0,0,1,0,0,0,0,0,1
2024-01-06 08:00:00,371,9,0,8,0,2.5,0.2,0.0,0,0,1,0,0,0,0,0,1
2024-01-06 21:00:00,322,22,1,58,0,2.5,0.2,0.0,0,0,1,0,0,0,0,0,1
2024-01-06 04:00:00,8,5,0,5,0,2.5,0.2,0.0,0,0,1,0,0,0,0,0,1
2024-01-06 22:00:00,225,23,1,54,0,2.5,0.2,0.0,0,0,1,0,0,0,0,0,1
2024-01-06 20:00:00,541,21,1,48,0,2.5,0.2,0.0,0,0,1,0,0,0,0,0,1
2024-01-06 07:00:00,102,8,1,18,0,2.5,0.2,0.0,0,0,1,0,0,0,0,0,1
2024-01-06 19:00:00,543,20,1,14,0,2.5,0.2,0.0,0,0,1,0,0,0,0,0,1
2024-01-06 18:00:00,450,19,1,8,0,2.5,0.2,0.0,0,0,1,0,0,0,0,0,1
2024-01-07 23:00:00,44,0,1,0,0,2.9,0.1,0.0,0,0,0,1,0,0,0,0,1
2024-01-07 01:00:00,30,2,0,69,0,2.9,0.1,0.0,0,0,0,1,0,0,0,0,1
2024-01-08 19:00:00,488,20,0,30,0,3.9,-1.5,1.2,0,1,0,0,0,0,0,0,1
2024-01-08 12:00:00,2807,13,28,25,0,3.9,-1.5,1.2,0,1,0,0,0,0,0,0,1
2024-01-08 18:00:00,680,19,0,27,0,3.9,-1.5,1.2,0,1,0,0,0,0,0,0,1
2024-01-08 13:00:00,3070,14,27,16,0,3.9,-1.5,1.2,0,1,0,0,0,0,0,0,1
2024-01-08 22:00:00,142,23,1,34,0,3.9,-1.5,1.2,0,1,0,0,0,0,0,0,1
2024-01-07 00:00:00,51,1,0,65,0,2.9,0.1,0.0,0,0,0,1,0,0,0,0,1
2024-01-07 20:00:00,297,21,0,36,0,2.9,0.1,0.0,0,0,0,1,0,0,0,0,1
2024-01-07 21:00:00,259,22,0,27,0,2.9,0.1,0.0,0,0,0,1,0,0,0,0,1
2024-01-07 22:00:00,111,23,0,13,0,2.9,0.1,0.0,0,0,0,1,0,0,0,0,1
2024-01-07 07:00:00,44,8,0,8,0,2.9,0.1,0.0,0,0,0,1,0,0,0,0,1
2024-01-07 02:00:00,25,3,0,6,0,2.9,0.1,0.0,0,0,0,1,0,0,0,0,1
2024-01-07 06:00:00,52,7,0,1,0,2.9,0.1,0.0,0,0,0,1,0,0,0,0,1
2024-01-07 05:00:00,12,6,0,1,0,2.9,0.1,0.0,0,0,0,1,0,0,0,0,1
2024-01-07 03:00:00,36,4,0,0,0,2.9,0.1,0.0,0,0,0,1,0,0,0,0,1
2024-01-07 04:00:00,10,5,0,0,0,2.9,0.1,0.0,0,0,0,1,0,0,0,0,1
2024-01-08 14:00:00,2262,15,27,15,0,3.9,-1.5,1.2,0,1,0,0,0,0,0,0,1
2024-01-08 09:00:00,1248,10,5,18,0,3.9,-1.5,1.2,0,1,0,0,0,0,0,0,1
2024-01-08 08:00:00,560,9,5,5,0,3.9,-1.5,1.2,0,1,0,0,0,0,0,0,1
2024-01-08 21:00:00,246,22,0,14,0,3.9,-1.5,1.2,0,1,0,0,0,0,0,0,1
2024-01-08 23:00:00,65,0,0,11,0,3.9,-1.5,1.2,0,1,0,0,0,0,0,0,1
2024-01-08 06:00:00,75,7,0,5,0,3.9,-1.5,1.2,0,1,0,0,0,0,0,0,1
2024-01-08 07:00:00,208,8,0,3,0,3.9,-1.5,1.2,0,1,0,0,0,0,0,0,1
2024-01-08 03:00:00,12,4,0,3,0,3.9,-1.5,1.2,0,1,0,0,0,0,0,0,1
2024-01-08 01:00:00,15,2,0,2,0,3.9,-1.5,1.2,0,1,0,0,0,0,0,0,1
2024-01-08 00:00:00,28,1,0,0,0,3.9,-1.5,1.2,0,1,0,0,0,0,0,0,1
2024-01-08 05:00:00,26,6,0,0,0,3.9,-1.5,1.2,0,1,0,0,0,0,0,0,1
2024-01-08 02:00:00,22,3,0,0,0,3.9,-1.5,1.2,0,1,0,0,0,0,0,0,1
2024-01-08 04:00:00,3,5,0,0,0,3.9,-1.5,1.2,0,1,0,0,0,0,0,0,1
2024-01-09 14:00:00,2675,15,18,16,0,6.0,5.5,0.0,0,0,0,0,0,1,0,0,1
2024-01-09 12:00:00,3059,13,18,7,0,6.0,5.5,0.0,0,0,0,0,0,1,0,0,1
2024-01-08 17:00:00,1415,18,1,10,0,3.9,-1.5,1.2,0,1,0,0,0,0,0,0,1
2024-01-08 15:00:00,1978,16,16,13,0,3.9,-1.5,1.2,0,1,0,0,0,0,0,0,1
2024-01-07 10:00:00,629,11,5,25,0,2.9,0.1,0.0,0,0,0,1,0,0,0,0,1
2024-01-08 11:00:00,2187,12,14,24,0,3.9,-1.5,1.2,0,1,0,0,0,0,0,0,1
2024-01-09 13:00:00,3084,14,16,9,0,6.0,5.5,0.0,0,0,0,0,0,1,0,0,1
2024-01-08 20:00:00,337,21,2,28,0,3.9,-1.5,1.2,0,1,0,0,0,0,0,0,1
2024-01-08 16:00:00,1767,17,2,9,0,3.9,-1.5,1.2,0,1,0,0,0,0,0,0,1
2024-01-08 10:00:00,1866,11,9,21,0,3.9,-1.5,1.2,0,1,0,0,0,0,0,0,1
2024-01-09 10:00:00,1481,11,13,22,0,6.0,5.5,0.0,0,0,0,0,0,1,0,0,1
2024-01-09 11:00:00,2486,12,13,14,0,6.0,5.5,0.0,0,0,0,0,0,1,0,0,1
2024-01-09 15:00:00,2228,16,11,15,0,6.0,5.5,0.0,0,0,0,0,0,1,0,0,1
2024-01-07 09:00:00,271,10,3,17,0,2.9,0.1,0.0,0,0,0,1,0,0,0,0,1
2024-01-09 09:00:00,1230,10,9,21,0,6.0,5.5,0.0,0,0,0,0,0,1,0,0,1
2024-01-07 18:00:00,473,19,2,45,0,2.9,0.1,0.0,0,0,0,1,0,0,0,0,1
2024-01-07 19:00:00,368,20,2,42,0,2.9,0.1,0.0,0,0,0,1,0,0,0,0,1
2024-01-07 17:00:00,946,18,2,35,0,2.9,0.1,0.0,0,0,0,1,0,0,0,0,1
2024-01-09 07:00:00,213,8,1,5,0,6.0,5.5,0.0,0,0,0,0,0,1,0,0,1
2024-01-09 21:00:00,156,22,0,6,0,6.0,5.5,0.0,0,0,0,0,0,1,0,0,1
2024-01-09 00:00:00,20,1,0,3,0,6.0,5.5,0.0,0,0,0,0,0,1,0,0,1
2024-01-09 19:00:00,229,20,0,2,0,6.0,5.5,0.0,0,0,0,0,0,1,0,0,1
2024-01-10 19:00:00,562,20,0,35,0,4.5,1.1,0.0,0,0,0,0,0,0,1,0,1
2024-01-09 20:00:00,152,21,0,2,0,6.0,5.5,0.0,0,0,0,0,0,1,0,0,1
2024-01-09 18:00:00,408,19,0,1,0,6.0,5.5,0.0,0,0,0,0,0,1,0,0,1
2024-01-10 09:00:00,1186,10,5,20,0,4.5,1.1,0.0,0,0,0,0,0,0,1,0,1
2024-01-10 20:00:00,178,21,0,12,0,4.5,1.1,0.0,0,0,0,0,0,0,1,0,1
2024-01-09 22:00:00,81,23,0,1,0,6.0,5.5,0.0,0,0,0,0,0,1,0,0,1
2024-01-09 06:00:00,71,7,0,1,0,6.0,5.5,0.0,0,0,0,0,0,1,0,0,1
2024-01-10 16:00:00,1824,17,15,12,0,4.5,1.1,0.0,0,0,0,0,0,0,1,0,1
2024-01-10 11:00:00,2127,12,15,10,0,4.5,1.1,0.0,0,0,0,0,0,0,1,0,1
2024-01-10 15:00:00,1901,16,15,9,0,4.5,1.1,0.0,0,0,0,0,0,0,1,0,1
2024-01-10 14:00:00,2250,15,12,13,0,4.5,1.1,0.0,0,0,0,0,0,0,1,0,1
2024-01-10 12:00:00,2382,13,12,9,0,4.5,1.1,0.0,0,0,0,0,0,0,1,0,1
2024-01-10 08:00:00,519,9,7,7,0,4.5,1.1,0.0,0,0,0,0,0,0,1,0,1
2024-01-10 17:00:00,1246,18,6,2,0,4.5,1.1,0.0,0,0,0,0,0,0,1,0,1
2024-01-09 23:00:00,52,0,0,1,0,6.0,5.5,0.0,0,0,0,0,0,1,0,0,1
2024-01-09 05:00:00,28,6,0,0,0,6.0,5.5,0.0,0,0,0,0,0,1,0,0,1
2024-01-10 10:00:00,1736,11,4,15,0,4.5,1.1,0.0,0,0,0,0,0,0,1,0,1
2024-01-10 18:00:00,442,19,3,2,0,4.5,1.1,0.0,0,0,0,0,0,0,1,0,1
2024-01-10 06:00:00,67,7,0,6,0,4.5,1.1,0.0,0,0,0,0,0,0,1,0,1
2024-01-10 21:00:00,124,22,0,4,0,4.5,1.1,0.0,0,0,0,0,0,0,1,0,1
2024-01-10 04:00:00,5,5,0,4,0,4.5,1.1,0.0,0,0,0,0,0,0,1,0,1
2024-01-11 16:00:00,1672,17,11,6,0,5.0,2.2,0.2,0,0,0,0,1,0,0,0,1
2024-01-11 14:00:00,1925,15,10,23,0,5.0,2.2,0.2,0,0,0,0,1,0,0,0,1
2024-01-11 08:00:00,579,9,10,6,0,5.0,2.2,0.2,0,0,0,0,1,0,0,0,1
2024-01-11 17:00:00,1274,18,5,2,0,5.0,2.2,0.2,0,0,0,0,1,0,0,0,1
2024-01-10 07:00:00,187,8,0,3,0,4.5,1.1,0.0,0,0,0,0,0,0,1,0,1
2024-01-09 16:00:00,1826,17,6,10,0,6.0,5.5,0.0,0,0,0,0,0,1,0,0,1
2024-01-09 01:00:00,24,2,0,0,0,6.0,5.5,0.0,0,0,0,0,0,1,0,0,1
2024-01-10 00:00:00,48,1,0,3,0,4.5,1.1,0.0,0,0,0,0,0,0,1,0,1
2024-01-09 03:00:00,9,4,0,0,0,6.0,5.5,0.0,0,0,0,0,0,1,0,0,1
2024-01-10 01:00:00,13,2,0,2,0,4.5,1.1,0.0,0,0,0,0,0,0,1,0,1
2024-01-09 04:00:00,4,5,0,0,0,6.0,5.5,0.0,0,0,0,0,0,1,0,0,1
2024-01-10 05:00:00,42,6,0,1,0,4.5,1.1,0.0,0,0,0,0,0,0,1,0,1
2024-01-09 02:00:00,3,3,0,0,0,6.0,5.5,0.0,0,0,0,0,0,1,0,0,1
2024-01-09 08:00:00,670,9,5,10,0,6.0,5.5,0.0,0,0,0,0,0,1,0,0,1
2024-01-10 02:00:00,10,3,0,1,0,4.5,1.1,0.0,0,0,0,0,0,0,1,0,1
2024-01-10 22:00:00,106,23,0,0,0,4.5,1.1,0.0,0,0,0,0,0,0,1,0,1
2024-01-10 23:00:00,29,0,0,0,0,4.5,1.1,0.0,0,0,0,0,0,0,1,0,1
2024-01-10 03:00:00,1,4,0,0,0,4.5,1.1,0.0,0,0,0,0,0,0,1,0,1
2024-01-10 13:00:00,2532,14,21,13,0,4.5,1.1,0.0,0,0,0,0,0,0,1,0,1
2024-01-09 17:00:00,1274,18,3,7,0,6.0,5.5,0.0,0,0,0,0,0,1,0,0,1
2024-01-11 12:00:00,2366,13,21,13,0,5.0,2.2,0.2,0,0,0,0,1,0,0,0,1
2024-01-11 15:00:00,1989,16,18,8,0,5.0,2.2,0.2,0,0,0,0,1,0,0,0,1
2024-01-11 13:00:00,2430,14,18,5,0,5.0,2.2,0.2,0,0,0,0,1,0,0,0,1
2024-01-12 10:00:00,1922,11,12,10,0,5.8,5.5,0.0,1,0,0,0,0,0,0,0,1
2024-01-12 01:00:00,22,2,0,0,0,5.8,5.5,0.0,1,0,0,0,0,0,0,0,1
2024-01-11 06:00:00,86,7,0,3,0,5.0,2.2,0.2,0,0,0,0,1,0,0,0,1
2024-01-12 18:00:00,392,19,1,7,0,5.8,5.5,0.0,1,0,0,0,0,0,0,0,1
2024-01-12 19:00:00,400,20,1,4,0,5.8,5.5,0.0,1,0,0,0,0,0,0,0,1
2024-01-12 23:00:00,50,0,1,1,0,5.8,5.5,0.0,1,0,0,0,0,0,0,0,1
2024-01-11 09:00:00,1123,10,4,16,0,5.0,2.2,0.2,0,0,0,0,1,0,0,0,1
2024-01-13 20:00:00,360,21,7,59,0,3.7,5.5,0.0,0,0,1,0,0,0,0,0,1
2024-01-13 12:00:00,3148,13,36,15,0,3.7,5.5,0.0,0,0,1,0,0,0,0,0,1
2024-01-13 11:00:00,2575,12,34,11,0,3.7,5.5,0.0,0,0,1,0,0,0,0,0,1
2024-01-13 10:00:00,2003,11,16,11,0,3.7,5.5,0.0,0,0,1,0,0,0,0,0,1
2024-01-13 13:00:00,4043,14,13,15,0,3.7,5.5,0.0,0,0,1,0,0,0,0,0,1
2024-01-13 09:00:00,1199,10,12,7,0,3.7,5.5,0.0,0,0,1,0,0,0,0,0,1
2024-01-13 14:00:00,3400,15,11,11,0,3.7,5.5,0.0,0,0,1,0,0,0,0,0,1
2024-01-13 15:00:00,1992,16,9,20,0,3.7,5.5,0.0,0,0,1,0,0,0,0,0,1
2024-01-11 00:00:00,39,1,0,3,0,5.0,2.2,0.2,0,0,0,0,1,0,0,0,1
2024-01-11 22:00:00,80,23,0,2,0,5.0,2.2,0.2,0,0,0,0,1,0,0,0,1
2024-01-11 05:00:00,36,6,0,2,0,5.0,2.2,0.2,0,0,0,0,1,0,0,0,1
2024-01-11 11:00:00,1545,12,3,8,0,5.0,2.2,0.2,0,0,0,0,1,0,0,0,1
2024-01-11 10:00:00,1657,11,2,13,0,5.0,2.2,0.2,0,0,0,0,1,0,0,0,1
2024-01-11 07:00:00,229,8,2,7,0,5.0,2.2,0.2,0,0,0,0,1,0,0,0,1
2024-01-11 18:00:00,390,19,2,2,0,5.0,2.2,0.2,0,0,0,0,1,0,0,0,1
2024-01-12 16:00:00,1947,17,11,13,0,5.8,5.5,0.0,1,0,0,0,0,0,0,0,1
2024-01-12 08:00:00,567,9,10,5,0,5.8,5.5,0.0,1,0,0,0,0,0,0,0,1
2024-01-11 20:00:00,205,21,1,2,0,5.0,2.2,0.2,0,0,0,0,1,0,0,0,1
2024-01-11 21:00:00,147,22,0,1,0,5.0,2.2,0.2,0,0,0,0,1,0,0,0,1
2024-01-13 08:00:00,467,9,4,4,0,3.7,5.5,0.0,0,0,1,0,0,0,0,0,1
2024-01-13 18:00:00,481,19,3,10,0,3.7,5.5,0.0,0,0,1,0,0,0,0,0,1
2024-01-13 16:00:00,2312,17,3,8,0,3.7,5.5,0.0,0,0,1,0,0,0,0,0,1
2024-01-11 02:00:00,14,3,0,1,0,5.0,2.2,0.2,0,0,0,0,1,0,0,0,1
2024-01-11 04:00:00,4,5,0,1,0,5.0,2.2,0.2,0,0,0,0,1,0,0,0,1
2024-01-12 09:00:00,1280,10,9,19,0,5.8,5.5,0.0,1,0,0,0,0,0,0,0,1
2024-01-11 23:00:00,25,0,0,0,0,5.0,2.2,0.2,0,0,0,0,1,0,0,0,1
2024-01-11 03:00:00,11,4,0,0,0,5.0,2.2,0.2,0,0,0,0,1,0,0,0,1
2024-01-11 01:00:00,5,2,0,0,0,5.0,2.2,0.2,0,0,0,0,1,0,0,0,1
2024-01-12 15:00:00,2237,16,6,29,0,5.8,5.5,0.0,1,0,0,0,0,0,0,0,1
2024-01-12 17:00:00,1480,18,4,6,0,5.8,5.5,0.0,1,0,0,0,0,0,0,0,1
2024-01-11 19:00:00,436,20,0,17,0,5.0,2.2,0.2,0,0,0,0,1,0,0,0,1
2024-01-12 07:00:00,244,8,0,13,0,5.8,5.5,0.0,1,0,0,0,0,0,0,0,1
2024-01-12 13:00:00,2369,14,26,17,0,5.8,5.5,0.0,1,0,0,0,0,0,0,0,1
2024-01-12 12:00:00,2663,13,22,19,0,5.8,5.5,0.0,1,0,0,0,0,0,0,0,1
2024-01-12 05:00:00,40,6,0,4,0,5.8,5.5,0.0,1,0,0,0,0,0,0,0,1
2024-01-12 22:00:00,92,23,0,2,0,5.8,5.5,0.0,1,0,0,0,0,0,0,0,1
2024-01-12 04:00:00,7,5,0,2,0,5.8,5.5,0.0,1,0,0,0,0,0,0,0,1
2024-01-12 03:00:00,5,4,0,2,0,5.8,5.5,0.0,1,0,0,0,0,0,0,0,1
2024-01-12 20:00:00,203,21,0,1,0,5.8,5.5,0.0,1,0,0,0,0,0,0,0,1
2024-01-12 00:00:00,28,1,0,1,0,5.8,5.5,0.0,1,0,0,0,0,0,0,0,1
2024-01-12 02:00:00,8,3,0,1,0,5.8,5.5,0.0,1,0,0,0,0,0,0,0,1
2024-01-12 14:00:00,2087,15,16,34,0,5.8,5.5,0.0,1,0,0,0,0,0,0,0,1
2024-01-12 21:00:00,117,22,0,0,0,5.8,5.5,0.0,1,0,0,0,0,0,0,0,1
2024-01-12 06:00:00,68,7,0,0,0,5.8,5.5,0.0,1,0,0,0,0,0,0,0,1
2024-01-12 11:00:00,2345,12,12,11,0,5.8,5.5,0.0,1,0,0,0,0,0,0,0,1
2024-01-15 09:00:00,1205,10,6,18,0,1.2,5.5,0.0,0,1,0,0,0,0,0,0,1
2024-01-15 15:00:00,2029,16,6,16,0,1.2,5.5,0.0,0,1,0,0,0,0,0,0,1
2024-01-15 14:00:00,2272,15,6,6,0,1.2,5.5,0.0,0,1,0,0,0,0,0,0,1
2024-01-13 21:00:00,332,22,0,75,0,3.7,5.5,0.0,0,0,1,0,0,0,0,0,1
2024-01-13 23:00:00,135,0,0,71,0,3.7,5.5,0.0,0,0,1,0,0,0,0,0,1
2024-01-13 01:00:00,47,2,0,53,0,3.7,5.5,0.0,0,0,1,0,0,0,0,0,1
2024-01-13 00:00:00,52,1,0,42,0,3.7,5.5,0.0,0,0,1,0,0,0,0,0,1
2024-01-13 02:00:00,30,3,0,38,0,3.7,5.5,0.0,0,0,1,0,0,0,0,0,1
2024-01-13 03:00:00,33,4,0,29,0,3.7,5.5,0.0,0,0,1,0,0,0,0,0,1
2024-01-13 05:00:00,13,6,0,11,0,3.7,5.5,0.0,0,0,1,0,0,0,0,0,1
2024-01-13 04:00:00,11,5,0,8,0,3.7,5.5,0.0,0,0,1,0,0,0,0,0,1
2024-01-13 06:00:00,32,7,0,3,0,3.7,5.5,0.0,0,0,1,0,0,0,0,0,1
2024-01-13 07:00:00,75,8,0,2,0,3.7,5.5,0.0,0,0,1,0,0,0,0,0,1
2024-01-14 01:00:00,129,2,0,69,0,1.2,1.2,0.0,0,0,0,1,0,0,0,0,1
2024-01-14 02:00:00,58,3,0,66,0,1.2,1.2,0.0,0,0,0,1,0,0,0,0,1
2024-01-14 18:00:00,543,19,1,38,0,1.2,1.2,0.0,0,0,0,1,0,0,0,0,1
2024-01-14 19:00:00,314,20,1,21,0,1.2,1.2,0.0,0,0,0,1,0,0,0,0,1
2024-01-14 06:00:00,45,7,1,8,0,1.2,1.2,0.0,0,0,0,1,0,0,0,0,1
2024-01-14 08:00:00,67,9,1,7,0,1.2,1.2,0.0,0,0,0,1,0,0,0,0,1
2024-01-14 00:00:00,126,1,0,83,0,1.2,1.2,0.0,0,0,0,1,0,0,0,0,1
2024-01-15 11:00:00,2238,12,17,10,0,1.2,5.5,0.0,0,1,0,0,0,0,0,0,1
2024-01-14 12:00:00,1698,13,28,9,0,1.2,1.2,0.0,0,0,0,1,0,0,0,0,1
2024-01-14 22:00:00,114,23,5,33,0,1.2,1.2,0.0,0,0,0,1,0,0,0,0,1
2024-01-14 20:00:00,228,21,5,25,0,1.2,1.2,0.0,0,0,0,1,0,0,0,0,1
2024-01-14 17:00:00,1123,18,4,34,0,1.2,1.2,0.0,0,0,0,1,0,0,0,0,1
2024-01-14 21:00:00,104,22,3,14,0,1.2,1.2,0.0,0,0,0,1,0,0,0,0,1
2024-01-14 10:00:00,512,11,3,4,0,1.2,1.2,0.0,0,0,0,1,0,0,0,0,1
2024-01-14 09:00:00,193,10,3,4,0,1.2,1.2,0.0,0,0,0,1,0,0,0,0,1
2024-01-14 23:00:00,33,0,2,25,0,1.2,1.2,0.0,0,0,0,1,0,0,0,0,1
2024-01-14 15:00:00,1919,16,2,3,0,1.2,1.2,0.0,0,0,0,1,0,0,0,0,1
2024-01-15 13:00:00,2525,14,14,9,0,1.2,5.5,0.0,0,1,0,0,0,0,0,0,1
2024-01-14 03:00:00,18,4,0,44,0,1.2,1.2,0.0,0,0,0,1,0,0,0,0,1
2024-01-15 07:00:00,342,8,3,46,0,1.2,5.5,0.0,0,1,0,0,0,0,0,0,1
2024-01-15 17:00:00,1345,18,3,3,0,1.2,5.5,0.0,0,1,0,0,0,0,0,0,1
2024-01-14 04:00:00,3,5,0,15,0,1.2,1.2,0.0,0,0,0,1,0,0,0,0,1
2024-01-14 13:00:00,1967,14,21,15,0,1.2,1.2,0.0,0,0,0,1,0,0,0,0,1
2024-01-14 07:00:00,79,8,0,11,0,1.2,1.2,0.0,0,0,0,1,0,0,0,0,1
2024-01-14 05:00:00,9,6,0,11,0,1.2,1.2,0.0,0,0,0,1,0,0,0,0,1
2024-01-13 22:00:00,285,23,1,86,0,3.7,5.5,0.0,0,0,1,0,0,0,0,0,1
2024-01-14 11:00:00,1165,12,18,8,0,1.2,1.2,0.0,0,0,0,1,0,0,0,0,1
2024-01-13 19:00:00,544,20,1,77,0,3.7,5.5,0.0,0,0,1,0,0,0,0,0,1
2024-01-15 08:00:00,613,9,8,28,0,1.2,5.5,0.0,0,1,0,0,0,0,0,0,1
2024-01-14 14:00:00,1674,15,15,5,0,1.2,1.2,0.0,0,0,0,1,0,0,0,0,1
2024-01-15 10:00:00,1880,11,8,15,0,1.2,5.5,0.0,0,1,0,0,0,0,0,0,1
2024-01-15 06:00:00,78,7,2,18,0,1.2,5.5,0.0,0,1,0,0,0,0,0,0,1
2024-01-15 12:00:00,2415,13,37,11,0,1.2,5.5,0.0,0,1,0,0,0,0,0,0,1
2024-01-15 16:00:00,1974,17,2,5,0,1.2,5.5,0.0,0,1,0,0,0,0,0,0,1
2024-01-13 17:00:00,1095,18,1,2,0,3.7,5.5,0.0,0,0,1,0,0,0,0,0,1
2024-01-14 16:00:00,2022,17,11,37,0,1.2,1.2,0.0,0,0,0,1,0,0,0,0,1
2024-01-15 01:00:00,25,2,0,13,0,1.2,5.5,0.0,0,1,0,0,0,0,0,0,1
2024-01-15 02:00:00,12,3,0,12,0,1.2,5.5,0.0,0,1,0,0,0,0,0,0,1
2024-01-15 03:00:00,2,4,0,9,0,1.2,5.5,0.0,0,1,0,0,0,0,0,0,1
2024-01-15 19:00:00,273,20,0,4,0,1.2,5.5,0.0,0,1,0,0,0,0,0,0,1
2024-01-15 22:00:00,57,23,0,4,0,1.2,5.5,0.0,0,1,0,0,0,0,0,0,1
2024-01-15 04:00:00,18,5,0,4,0,1.2,5.5,0.0,0,1,0,0,0,0,0,0,1
2024-01-15 21:00:00,162,22,0,0,0,1.2,5.5,0.0,0,1,0,0,0,0,0,0,1
2024-01-15 23:00:00,29,0,0,0,0,1.2,5.5,0.0,0,1,0,0,0,0,0,0,1
2024-01-17 09:00:00,1121,10,3,50,0,1.7,-3.8,0.0,0,0,0,0,0,0,1,0,1
2024-01-17 10:00:00,1940,11,3,47,0,1.7,-3.8,0.0,0,0,0,0,0,0,1,0,1
2024-01-16 22:00:00,169,23,1,30,0,0.4,-1.4,0.9,0,0,0,0,0,1,0,0,1
2024-01-17 18:00:00,806,19,3,45,0,1.7,-3.8,0.0,0,0,0,0,0,0,1,0,1
2024-01-17 08:00:00,760,9,3,45,0,1.7,-3.8,0.0,0,0,0,0,0,0,1,0,1
2024-01-16 07:00:00,273,8,1,11,0,0.4,-1.4,0.9,0,0,0,0,0,1,0,0,1
2024-01-16 12:00:00,2889,13,18,45,0,0.4,-1.4,0.9,0,0,0,0,0,1,0,0,1
2024-01-16 06:00:00,67,7,0,5,0,0.4,-1.4,0.9,0,0,0,0,0,1,0,0,1
2024-01-16 05:00:00,18,6,0,3,0,0.4,-1.4,0.9,0,0,0,0,0,1,0,0,1
2024-01-16 23:00:00,46,0,0,2,0,0.4,-1.4,0.9,0,0,0,0,0,1,0,0,1
2024-01-16 04:00:00,17,5,0,2,0,0.4,-1.4,0.9,0,0,0,0,0,1,0,0,1
2024-01-16 03:00:00,2,4,0,2,0,0.4,-1.4,0.9,0,0,0,0,0,1,0,0,1
2024-01-16 02:00:00,0,3,0,1,0,0.4,-1.4,0.9,0,0,0,0,0,1,0,0,1
2024-01-16 00:00:00,12,1,0,0,0,0.4,-1.4,0.9,0,0,0,0,0,1,0,0,1
2024-01-16 01:00:00,7,2,0,0,0,0.4,-1.4,0.9,0,0,0,0,0,1,0,0,1
2024-01-17 14:00:00,2025,15,14,3,0,1.7,-3.8,0.0,0,0,0,0,0,0,1,0,1
2024-01-17 16:00:00,2173,17,13,26,0,1.7,-3.8,0.0,0,0,0,0,0,0,1,0,1
2024-01-17 12:00:00,2149,13,13,8,0,1.7,-3.8,0.0,0,0,0,0,0,0,1,0,1
2024-01-16 14:00:00,2708,15,25,37,0,0.4,-1.4,0.9,0,0,0,0,0,1,0,0,1
2024-01-17 13:00:00,2169,14,7,7,0,1.7,-3.8,0.0,0,0,0,0,0,0,1,0,1
2024-01-17 15:00:00,1663,16,7,4,0,1.7,-3.8,0.0,0,0,0,0,0,0,1,0,1
2024-01-17 11:00:00,2441,12,6,24,0,1.7,-3.8,0.0,0,0,0,0,0,0,1,0,1
2024-01-17 17:00:00,1583,18,5,31,0,1.7,-3.8,0.0,0,0,0,0,0,0,1,0,1
2024-01-16 15:00:00,1794,16,21,44,0,0.4,-1.4,0.9,0,0,0,0,0,1,0,0,1
2024-01-16 08:00:00,650,9,15,17,0,0.4,-1.4,0.9,0,0,0,0,0,1,0,0,1
2024-01-16 13:00:00,3241,14,14,49,0,0.4,-1.4,0.9,0,0,0,0,0,1,0,0,1
2024-01-16 17:00:00,1234,18,4,42,0,0.4,-1.4,0.9,0,0,0,0,0,1,0,0,1
2024-01-16 18:00:00,595,19,3,52,0,0.4,-1.4,0.9,0,0,0,0,0,1,0,0,1
2024-01-16 21:00:00,210,22,1,47,0,0.4,-1.4,0.9,0,0,0,0,0,1,0,0,1
2024-01-16 19:00:00,357,20,1,44,0,0.4,-1.4,0.9,0,0,0,0,0,1,0,0,1
2024-01-16 20:00:00,325,21,1,44,0,0.4,-1.4,0.9,0,0,0,0,0,1,0,0,1
2024-01-17 20:00:00,502,21,1,36,0,1.7,-3.8,0.0,0,0,0,0,0,0,1,0,1
2024-01-16 16:00:00,1495,17,12,31,0,0.4,-1.4,0.9,0,0,0,0,0,1,0,0,1
2024-01-16 10:00:00,1534,11,12,14,0,0.4,-1.4,0.9,0,0,0,0,0,1,0,0,1
2024-01-16 11:00:00,2053,12,12,10,0,0.4,-1.4,0.9,0,0,0,0,0,1,0,0,1
2024-01-16 09:00:00,1080,10,11,27,0,0.4,-1.4,0.9,0,0,0,0,0,1,0,0,1
2024-01-15 18:00:00,466,19,2,1,0,1.2,5.5,0.0,0,1,0,0,0,0,0,0,1
2024-01-15 00:00:00,39,1,1,26,0,1.2,5.5,0.0,0,1,0,0,0,0,0,0,1
2024-01-15 05:00:00,24,6,1,9,0,1.2,5.5,0.0,0,1,0,0,0,0,0,0,1
2024-01-15 20:00:00,175,21,1,2,0,1.2,5.5,0.0,0,1,0,0,0,0,0,0,1
2024-01-18 19:00:00,226,20,0,7,0,5.2,-3.2,0.0,0,0,0,0,1,0,0,0,1
2024-01-18 07:00:00,220,8,0,3,0,5.2,-3.2,0.0,0,0,0,0,1,0,0,0,1
2024-01-18 22:00:00,99,23,0,3,0,5.2,-3.2,0.0,0,0,0,0,1,0,0,0,1
2024-01-18 05:00:00,55,6,0,3,0,5.2,-3.2,0.0,0,0,0,0,1,0,0,0,1
2024-01-18 21:00:00,124,22,0,2,0,5.2,-3.2,0.0,0,0,0,0,1,0,0,0,1
2024-01-18 23:00:00,44,0,0,2,0,5.2,-3.2,0.0,0,0,0,0,1,0,0,0,1
2024-01-18 02:00:00,19,3,0,2,0,5.2,-3.2,0.0,0,0,0,0,1,0,0,0,1
2024-01-18 00:00:00,24,1,0,1,0,5.2,-3.2,0.0,0,0,0,0,1,0,0,0,1
2024-01-18 01:00:00,15,2,0,1,0,5.2,-3.2,0.0,0,0,0,0,1,0,0,0,1
2024-01-18 03:00:00,2,4,0,1,0,5.2,-3.2,0.0,0,0,0,0,1,0,0,0,1
2024-01-17 07:00:00,322,8,1,14,0,1.7,-3.8,0.0,0,0,0,0,0,0,1,0,1
2024-01-17 22:00:00,132,23,1,14,0,1.7,-3.8,0.0,0,0,0,0,0,0,1,0,1
2024-01-17 06:00:00,66,7,0,6,0,1.7,-3.8,0.0,0,0,0,0,0,0,1,0,1
2024-01-17 23:00:00,51,0,0,2,0,1.7,-3.8,0.0,0,0,0,0,0,0,1,0,1
2024-01-19 17:00:00,1448,18,7,2,0,8.7,5.5,1.2,1,0,0,0,0,0,0,0,1
2024-01-19 08:00:00,578,9,3,9,0,8.7,5.5,1.2,1,0,0,0,0,0,0,0,1
2024-01-17 02:00:00,6,3,0,2,0,1.7,-3.8,0.0,0,0,0,0,0,0,1,0,1
2024-01-17 05:00:00,39,6,0,1,0,1.7,-3.8,0.0,0,0,0,0,0,0,1,0,1
2024-01-17 00:00:00,26,1,1,2,0,1.7,-3.8,0.0,0,0,0,0,0,0,1,0,1
2024-01-19 09:00:00,1072,10,2,18,0,8.7,5.5,1.2,1,0,0,0,0,0,0,0,1
2024-01-17 04:00:00,7,5,0,1,0,1.7,-3.8,0.0,0,0,0,0,0,0,1,0,1
2024-01-17 19:00:00,648,20,0,52,0,1.7,-3.8,0.0,0,0,0,0,0,0,1,0,1
2024-01-17 21:00:00,351,22,0,34,0,1.7,-3.8,0.0,0,0,0,0,0,0,1,0,1
2024-01-17 03:00:00,5,4,0,0,0,1.7,-3.8,0.0,0,0,0,0,0,0,1,0,1
2024-01-17 01:00:00,2,2,0,0,0,1.7,-3.8,0.0,0,0,0,0,0,0,1,0,1
2024-01-19 19:00:00,359,20,2,1,0,8.7,5.5,1.2,1,0,0,0,0,0,0,0,1
2024-01-18 20:00:00,197,21,0,0,0,5.2,-3.2,0.0,0,0,0,0,1,0,0,0,1
2024-01-19 23:00:00,96,0,1,62,0,8.7,5.5,1.2,1,0,0,0,0,0,0,0,1
2024-01-18 06:00:00,43,7,0,0,0,5.2,-3.2,0.0,0,0,0,0,1,0,0,0,1
2024-01-18 04:00:00,11,5,0,0,0,5.2,-3.2,0.0,0,0,0,0,1,0,0,0,1
2024-01-18 17:00:00,1253,18,2,9,0,5.2,-3.2,0.0,0,0,0,0,1,0,0,0,1
2024-01-18 08:00:00,550,9,2,4,0,5.2,-3.2,0.0,0,0,0,0,1,0,0,0,1
2024-01-19 13:00:00,2012,14,29,8,0,8.7,5.5,1.2,1,0,0,0,0,0,0,0,1
2024-01-19 12:00:00,1534,13,22,6,0,8.7,5.5,1.2,1,0,0,0,0,0,0,0,1
2024-01-19 15:00:00,2513,16,20,37,0,8.7,5.5,1.2,1,0,0,0,0,0,0,0,1
2024-01-19 16:00:00,1951,17,20,34,0,8.7,5.5,1.2,1,0,0,0,0,0,0,0,1
2024-01-19 11:00:00,1584,12,18,5,0,8.7,5.5,1.2,1,0,0,0,0,0,0,0,1
2024-01-19 14:00:00,2366,15,15,11,0,8.7,5.5,1.2,1,0,0,0,0,0,0,0,1
2024-01-19 10:00:00,1595,11,11,20,0,8.7,5.5,1.2,1,0,0,0,0,0,0,0,1
2024-01-18 13:00:00,2406,14,23,11,0,5.2,-3.2,0.0,0,0,0,0,1,0,0,0,1
2024-01-18 12:00:00,2547,13,19,13,0,5.2,-3.2,0.0,0,0,0,0,1,0,0,0,1
2024-01-18 11:00:00,1913,12,18,5,0,5.2,-3.2,0.0,0,0,0,0,1,0,0,0,1
2024-01-18 09:00:00,1123,10,5,24,0,5.2,-3.2,0.0,0,0,0,0,1,0,0,0,1
2024-01-18 14:00:00,2227,15,5,3,0,5.2,-3.2,0.0,0,0,0,0,1,0,0,0,1
2024-01-18 10:00:00,1612,11,4,21,0,5.2,-3.2,0.0,0,0,0,0,1,0,0,0,1
2024-01-18 15:00:00,2211,16,4,10,0,5.2,-3.2,0.0,0,0,0,0,1,0,0,0,1
2024-01-18 18:00:00,297,19,1,6,0,5.2,-3.2,0.0,0,0,0,0,1,0,0,0,1
2024-01-18 16:00:00,1843,17,3,6,0,5.2,-3.2,0.0,0,0,0,0,1,0,0,0,1
2024-01-20 23:00:00,72,0,0,80,0,11.6,5.5,1.0,0,0,1,0,0,0,0,0,1
2024-01-20 22:00:00,260,23,0,77,0,11.6,5.5,1.0,0,0,1,0,0,0,0,0,1
2024-01-20 00:00:00,67,1,0,54,0,11.6,5.5,1.0,0,0,1,0,0,0,0,0,1
2024-01-19 22:00:00,311,23,0,64,0,8.7,5.5,1.2,1,0,0,0,0,0,0,0,1
2024-01-19 21:00:00,297,22,0,61,0,8.7,5.5,1.2,1,0,0,0,0,0,0,0,1
2024-01-19 18:00:00,470,19,0,5,0,8.7,5.5,1.2,1,0,0,0,0,0,0,0,1
2024-01-19 07:00:00,229,8,0,4,0,8.7,5.5,1.2,1,0,0,0,0,0,0,0,1
2024-01-19 04:00:00,9,5,0,2,0,8.7,5.5,1.2,1,0,0,0,0,0,0,0,1
2024-01-19 20:00:00,274,21,0,1,0,8.7,5.5,1.2,1,0,0,0,0,0,0,0,1
2024-01-19 05:00:00,51,6,0,1,0,8.7,5.5,1.2,1,0,0,0,0,0,0,0,1
2024-01-19 02:00:00,8,3,0,1,0,8.7,5.5,1.2,1,0,0,0,0,0,0,0,1
2024-01-19 00:00:00,44,1,0,0,0,8.7,5.5,1.2,1,0,0,0,0,0,0,0,1
2024-01-19 06:00:00,42,7,0,0,0,8.7,5.5,1.2,1,0,0,0,0,0,0,0,1
2024-01-19 01:00:00,8,2,0,0,0,8.7,5.5,1.2,1,0,0,0,0,0,0,0,1
2024-01-19 03:00:00,4,4,0,0,0,8.7,5.5,1.2,1,0,0,0,0,0,0,0,1
2024-01-20 12:00:00,3847,13,31,43,0,11.6,5.5,1.0,0,0,1,0,0,0,0,0,1
2024-01-20 08:00:00,459,9,0,13,0,11.6,5.5,1.0,0,0,1,0,0,0,0,0,1
2024-01-20 19:00:00,307,20,0,12,0,11.6,5.5,1.0,0,0,1,0,0,0,0,0,1
2024-01-20 02:00:00,38,3,0,10,0,11.6,5.5,1.0,0,0,1,0,0,0,0,0,1
2024-01-20 01:00:00,88,2,0,2,0,11.6,5.5,1.0,0,0,1,0,0,0,0,0,1
2024-01-20 07:00:00,59,8,0,2,0,11.6,5.5,1.0,0,0,1,0,0,0,0,0,1
2024-01-20 04:00:00,7,5,0,1,0,11.6,5.5,1.0,0,0,1,0,0,0,0,0,1
2024-01-20 05:00:00,31,6,0,0,0,11.6,5.5,1.0,0,0,1,0,0,0,0,0,1
2024-01-20 06:00:00,12,7,0,0,0,11.6,5.5,1.0,0,0,1,0,0,0,0,0,1
2024-01-21 14:00:00,1733,15,19,9,0,6.2,5.5,10.0,0,0,0,1,0,0,0,0,1
2024-01-21 12:00:00,1497,13,18,5,0,6.2,5.5,10.0,0,0,0,1,0,0,0,0,1
2024-01-20 20:00:00,539,21,1,50,0,11.6,5.5,1.0,0,0,1,0,0,0,0,0,1
2024-01-21 22:00:00,188,23,1,33,0,6.2,5.5,10.0,0,0,0,1,0,0,0,0,1
2024-01-20 03:00:00,53,4,1,4,0,11.6,5.5,1.0,0,0,1,0,0,0,0,0,1
2024-01-20 14:00:00,3284,15,21,42,0,11.6,5.5,1.0,0,0,1,0,0,0,0,0,1
2024-01-20 13:00:00,4134,14,18,27,0,11.6,5.5,1.0,0,0,1,0,0,0,0,0,1
2024-01-20 11:00:00,2894,12,15,23,0,11.6,5.5,1.0,0,0,1,0,0,0,0,0,1
2024-01-20 15:00:00,2918,16,12,19,0,11.6,5.5,1.0,0,0,1,0,0,0,0,0,1
2024-01-20 16:00:00,2065,17,9,6,0,11.6,5.5,1.0,0,0,1,0,0,0,0,0,1
2024-01-21 13:00:00,1743,14,17,2,0,6.2,5.5,10.0,0,0,0,1,0,0,0,0,1
2024-01-21 11:00:00,1072,12,12,5,0,6.2,5.5,10.0,0,0,0,1,0,0,0,0,1
2024-01-21 10:00:00,536,11,9,1,0,6.2,5.5,10.0,0,0,0,1,0,0,0,0,1
2024-01-21 09:00:00,187,10,8,2,0,6.2,5.5,10.0,0,0,0,1,0,0,0,0,1
2024-01-21 15:00:00,1399,16,7,4,0,6.2,5.5,10.0,0,0,0,1,0,0,0,0,1
2024-01-20 10:00:00,1796,11,5,14,0,11.6,5.5,1.0,0,0,1,0,0,0,0,0,1
2024-01-20 09:00:00,1072,10,5,7,0,11.6,5.5,1.0,0,0,1,0,0,0,0,0,1
2024-01-21 01:00:00,55,2,0,71,0,6.2,5.5,10.0,0,0,0,1,0,0,0,0,1
2024-01-21 00:00:00,133,1,0,70,0,6.2,5.5,10.0,0,0,0,1,0,0,0,0,1
2024-01-21 02:00:00,107,3,0,66,0,6.2,5.5,10.0,0,0,0,1,0,0,0,0,1
2024-01-21 03:00:00,86,4,0,51,0,6.2,5.5,10.0,0,0,0,1,0,0,0,0,1
2024-01-21 23:00:00,42,0,0,33,0,6.2,5.5,10.0,0,0,0,1,0,0,0,0,1
2024-01-21 21:00:00,243,22,0,32,0,6.2,5.5,10.0,0,0,0,1,0,0,0,0,1
2024-01-21 20:00:00,84,21,0,28,0,6.2,5.5,10.0,0,0,0,1,0,0,0,0,1
2024-01-21 04:00:00,15,5,0,24,0,6.2,5.5,10.0,0,0,0,1,0,0,0,0,1
2024-01-20 17:00:00,1273,18,4,15,0,11.6,5.5,1.0,0,0,1,0,0,0,0,0,1
2024-01-20 21:00:00,292,22,2,83,0,11.6,5.5,1.0,0,0,1,0,0,0,0,0,1
2024-01-20 18:00:00,526,19,2,14,0,11.6,5.5,1.0,0,0,1,0,0,0,0,0,1
2024-01-22 23:00:00,41,0,0,12,0,12.0,4.7,3.2,0,1,0,0,0,0,0,0,1
2024-01-22 01:00:00,13,2,0,11,0,12.0,4.7,3.2,0,1,0,0,0,0,0,0,1
2024-01-22 06:00:00,86,7,0,10,0,12.0,4.7,3.2,0,1,0,0,0,0,0,0,1
2024-01-22 20:00:00,228,21,0,6,0,12.0,4.7,3.2,0,1,0,0,0,0,0,0,1
2024-01-22 21:00:00,247,22,0,5,0,12.0,4.7,3.2,0,1,0,0,0,0,0,0,1
2024-01-22 04:00:00,3,5,0,5,0,12.0,4.7,3.2,0,1,0,0,0,0,0,0,1
2024-01-22 18:00:00,383,19,0,4,0,12.0,4.7,3.2,0,1,0,0,0,0,0,0,1
2024-01-22 02:00:00,4,3,0,2,0,12.0,4.7,3.2,0,1,0,0,0,0,0,0,1
2024-01-22 19:00:00,235,20,0,1,0,12.0,4.7,3.2,0,1,0,0,0,0,0,0,1
2024-01-22 03:00:00,4,4,0,0,0,12.0,4.7,3.2,0,1,0,0,0,0,0,0,1
2024-01-22 11:00:00,1820,12,10,11,0,12.0,4.7,3.2,0,1,0,0,0,0,0,0,1
2024-01-23 12:00:00,2100,13,20,11,0,10.3,4.7,12.3,0,0,0,0,0,1,0,0,1
2024-01-23 11:00:00,2009,12,19,5,0,10.3,4.7,12.3,0,0,0,0,0,1,0,0,1
2024-01-23 13:00:00,1818,14,17,17,0,10.3,4.7,12.3,0,0,0,0,0,1,0,0,1
2024-01-23 09:00:00,1331,10,13,15,0,10.3,4.7,12.3,0,0,0,0,0,1,0,0,1
2024-01-22 00:00:00,36,1,0,21,0,12.0,4.7,3.2,0,1,0,0,0,0,0,0,1
2024-01-22 05:00:00,57,6,0,19,0,12.0,4.7,3.2,0,1,0,0,0,0,0,0,1
2024-01-22 10:00:00,1510,11,3,5,0,12.0,4.7,3.2,0,1,0,0,0,0,0,0,1
2024-01-23 10:00:00,1744,11,8,18,0,10.3,4.7,12.3,0,0,0,0,0,1,0,0,1
2024-01-22 17:00:00,1257,18,7,2,0,12.0,4.7,3.2,0,1,0,0,0,0,0,0,1
2024-01-22 13:00:00,1586,14,2,9,0,12.0,4.7,3.2,0,1,0,0,0,0,0,0,1
2024-01-22 08:00:00,559,9,2,4,0,12.0,4.7,3.2,0,1,0,0,0,0,0,0,1
2024-01-22 22:00:00,262,23,1,40,0,12.0,4.7,3.2,0,1,0,0,0,0,0,0,1
2024-01-22 07:00:00,184,8,1,5,0,12.0,4.7,3.2,0,1,0,0,0,0,0,0,1
2024-01-22 16:00:00,1735,17,6,12,0,12.0,4.7,3.2,0,1,0,0,0,0,0,0,1
2024-01-23 16:00:00,1354,17,2,10,0,10.3,4.7,12.3,0,0,0,0,0,1,0,0,1
2024-01-23 17:00:00,971,18,2,10,0,10.3,4.7,12.3,0,0,0,0,0,1,0,0,1
2024-01-23 15:00:00,1317,16,5,14,0,10.3,4.7,12.3,0,0,0,0,0,1,0,0,1
2024-01-23 08:00:00,629,9,4,4,0,10.3,4.7,12.3,0,0,0,0,0,1,0,0,1
2024-01-21 16:00:00,863,17,0,6,0,6.2,5.5,10.0,0,0,0,1,0,0,0,0,1
2024-01-23 00:00:00,26,1,0,22,0,10.3,4.7,12.3,0,0,0,0,0,1,0,0,1
2024-01-23 02:00:00,7,3,0,17,0,10.3,4.7,12.3,0,0,0,0,0,1,0,0,1
2024-01-23 01:00:00,8,2,0,16,0,10.3,4.7,12.3,0,0,0,0,0,1,0,0,1
2024-01-23 06:00:00,142,7,0,9,0,10.3,4.7,12.3,0,0,0,0,0,1,0,0,1
2024-01-23 20:00:00,214,21,0,6,0,10.3,4.7,12.3,0,0,0,0,0,1,0,0,1
2024-01-23 07:00:00,230,8,0,5,0,10.3,4.7,12.3,0,0,0,0,0,1,0,0,1
2024-01-21 08:00:00,65,9,0,4,0,6.2,5.5,10.0,0,0,0,1,0,0,0,0,1
2024-01-21 17:00:00,399,18,0,3,0,6.2,5.5,10.0,0,0,0,1,0,0,0,0,1
2024-01-21 07:00:00,37,8,0,3,0,6.2,5.5,10.0,0,0,0,1,0,0,0,0,1
2024-01-22 09:00:00,1035,10,4,7,0,12.0,4.7,3.2,0,1,0,0,0,0,0,0,1
2024-01-21 18:00:00,236,19,0,2,0,6.2,5.5,10.0,0,0,0,1,0,0,0,0,1
2024-01-21 19:00:00,205,20,0,2,0,6.2,5.5,10.0,0,0,0,1,0,0,0,0,1
2024-01-21 05:00:00,6,6,0,1,0,6.2,5.5,10.0,0,0,0,1,0,0,0,0,1
2024-01-21 06:00:00,19,7,0,0,0,6.2,5.5,10.0,0,0,0,1,0,0,0,0,1
2024-01-23 14:00:00,1172,15,3,11,0,10.3,4.7,12.3,0,0,0,0,0,1,0,0,1
2024-01-22 12:00:00,1762,13,18,22,0,12.0,4.7,3.2,0,1,0,0,0,0,0,0,1
2024-01-22 15:00:00,1775,16,18,11,0,12.0,4.7,3.2,0,1,0,0,0,0,0,0,1
2024-01-22 14:00:00,1834,15,15,6,0,12.0,4.7,3.2,0,1,0,0,0,0,0,0,1
2024-01-23 18:00:00,470,19,1,4,0,10.3,4.7,12.3,0,0,0,0,0,1,0,0,1
2024-01-25 13:00:00,2423,14,11,17,0,8.5,3.2,4.6,0,0,0,0,1,0,0,0,1
2024-01-25 08:00:00,681,9,11,6,0,8.5,3.2,4.6,0,0,0,0,1,0,0,0,1
2024-01-25 16:00:00,1966,17,10,27,0,8.5,3.2,4.6,0,0,0,0,1,0,0,0,1
2024-01-25 11:00:00,2492,12,9,13,0,8.5,3.2,4.6,0,0,0,0,1,0,0,0,1
2024-01-24 19:00:00,429,20,1,2,0,10.7,5.5,0.0,0,0,0,0,0,0,1,0,1
2024-01-23 19:00:00,305,20,0,4,0,10.3,4.7,12.3,0,0,0,0,0,1,0,0,1
2024-01-24 11:00:00,1858,12,13,25,0,10.7,5.5,0.0,0,0,0,0,0,0,1,0,1
2024-01-23 03:00:00,4,4,0,4,0,10.3,4.7,12.3,0,0,0,0,0,1,0,0,1
2024-01-23 23:00:00,37,0,0,3,0,10.3,4.7,12.3,0,0,0,0,0,1,0,0,1
2024-01-23 05:00:00,29,6,0,2,0,10.3,4.7,12.3,0,0,0,0,0,1,0,0,1
2024-01-23 04:00:00,9,5,0,2,0,10.3,4.7,12.3,0,0,0,0,0,1,0,0,1
2024-01-23 21:00:00,108,22,0,0,0,10.3,4.7,12.3,0,0,0,0,0,1,0,0,1
2024-01-23 22:00:00,58,23,0,0,0,10.3,4.7,12.3,0,0,0,0,0,1,0,0,1
2024-01-24 14:00:00,2670,15,20,14,0,10.7,5.5,0.0,0,0,0,0,0,0,1,0,1
2024-01-24 10:00:00,1521,11,16,50,0,10.7,5.5,0.0,0,0,0,0,0,0,1,0,1
2024-01-24 12:00:00,2076,13,16,3,0,10.7,5.5,0.0,0,0,0,0,0,0,1,0,1
2024-01-24 13:00:00,2227,14,14,16,0,10.7,5.5,0.0,0,0,0,0,0,0,1,0,1
2024-01-24 15:00:00,2864,16,12,11,0,10.7,5.5,0.0,0,0,0,0,0,0,1,0,1
2024-01-24 08:00:00,561,9,7,34,0,10.7,5.5,0.0,0,0,0,0,0,0,1,0,1
2024-01-24 09:00:00,842,10,6,34,0,10.7,5.5,0.0,0,0,0,0,0,0,1,0,1
2024-01-24 04:00:00,5,5,0,0,0,10.7,5.5,0.0,0,0,0,0,0,0,1,0,1
2024-01-24 01:00:00,1,2,0,0,0,10.7,5.5,0.0,0,0,0,0,0,0,1,0,1
2024-01-24 16:00:00,2322,17,4,22,0,10.7,5.5,0.0,0,0,0,0,0,0,1,0,1
2024-01-25 09:00:00,1281,10,24,13,0,8.5,3.2,4.6,0,0,0,0,1,0,0,0,1
2024-01-25 18:00:00,570,19,3,3,0,8.5,3.2,4.6,0,0,0,0,1,0,0,0,1
2024-01-25 17:00:00,1286,18,3,1,0,8.5,3.2,4.6,0,0,0,0,1,0,0,0,1
2024-01-25 14:00:00,2381,15,22,18,0,8.5,3.2,4.6,0,0,0,0,1,0,0,0,1
2024-01-25 10:00:00,2006,11,19,17,0,8.5,3.2,4.6,0,0,0,0,1,0,0,0,1
2024-01-25 12:00:00,2808,13,19,8,0,8.5,3.2,4.6,0,0,0,0,1,0,0,0,1
2024-01-25 00:00:00,49,1,2,0,0,8.5,3.2,4.6,0,0,0,0,1,0,0,0,1
2024-01-24 00:00:00,29,1,0,22,0,10.7,5.5,0.0,0,0,0,0,0,0,1,0,1
2024-01-24 23:00:00,56,0,0,4,0,10.7,5.5,0.0,0,0,0,0,0,0,1,0,1
2024-01-24 06:00:00,48,7,0,3,0,10.7,5.5,0.0,0,0,0,0,0,0,1,0,1
2024-01-24 02:00:00,7,3,0,3,0,10.7,5.5,0.0,0,0,0,0,0,0,1,0,1
2024-01-24 18:00:00,563,19,0,1,0,10.7,5.5,0.0,0,0,0,0,0,0,1,0,1
2024-01-24 21:00:00,177,22,0,1,0,10.7,5.5,0.0,0,0,0,0,0,0,1,0,1
2024-01-24 05:00:00,34,6,0,1,0,10.7,5.5,0.0,0,0,0,0,0,0,1,0,1
2024-01-24 03:00:00,14,4,0,1,0,10.7,5.5,0.0,0,0,0,0,0,0,1,0,1
2024-01-24 20:00:00,215,21,0,0,0,10.7,5.5,0.0,0,0,0,0,0,0,1,0,1
2024-01-24 22:00:00,118,23,0,0,0,10.7,5.5,0.0,0,0,0,0,0,0,1,0,1
2024-01-24 17:00:00,1421,18,3,5,0,10.7,5.5,0.0,0,0,0,0,0,0,1,0,1
2024-01-25 15:00:00,2314,16,16,13,0,8.5,3.2,4.6,0,0,0,0,1,0,0,0,1
2024-01-25 23:00:00,53,0,1,0,0,8.5,3.2,4.6,0,0,0,0,1,0,0,0,1
2024-01-24 07:00:00,200,8,2,16,0,10.7,5.5,0.0,0,0,0,0,0,0,1,0,1
2024-01-25 06:00:00,58,7,0,5,0,8.5,3.2,4.6,0,0,0,0,1,0,0,0,1
2024-01-25 05:00:00,31,6,0,3,0,8.5,3.2,4.6,0,0,0,0,1,0,0,0,1
2024-01-25 19:00:00,327,20,0,2,0,8.5,3.2,4.6,0,0,0,0,1,0,0,0,1
2024-01-25 07:00:00,176,8,0,2,0,8.5,3.2,4.6,0,0,0,0,1,0,0,0,1
2024-01-25 02:00:00,19,3,0,2,0,8.5,3.2,4.6,0,0,0,0,1,0,0,0,1
2024-01-25 20:00:00,222,21,0,1,0,8.5,3.2,4.6,0,0,0,0,1,0,0,0,1
2024-01-25 21:00:00,135,22,0,1,0,8.5,3.2,4.6,0,0,0,0,1,0,0,0,1
2024-01-25 22:00:00,116,23,0,0,0,8.5,3.2,4.6,0,0,0,0,1,0,0,0,1
2024-01-25 01:00:00,13,2,0,0,0,8.5,3.2,4.6,0,0,0,0,1,0,0,0,1
2024-01-25 03:00:00,7,4,0,0,0,8.5,3.2,4.6,0,0,0,0,1,0,0,0,1
2024-01-25 04:00:00,6,5,0,0,0,8.5,3.2,4.6,0,0,0,0,1,0,0,0,1
2024-01-26 11:00:00,2542,12,28,16,0,9.7,5.5,0.0,1,0,0,0,0,0,0,0,1
2024-01-26 12:00:00,2653,13,18,17,0,9.7,5.5,0.0,1,0,0,0,0,0,0,0,1
2024-01-26 15:00:00,2641,16,16,9,0,9.7,5.5,0.0,1,0,0,0,0,0,0,0,1
2024-01-27 15:00:00,2796,16,20,11,0,11.3,5.5,0.0,0,0,1,0,0,0,0,0,1
2024-01-27 19:00:00,510,20,19,76,0,11.3,5.5,0.0,0,0,1,0,0,0,0,0,1
2024-01-26 16:00:00,2266,17,10,12,0,9.7,5.5,0.0,1,0,0,0,0,0,0,0,1
2024-01-27 11:00:00,4001,12,18,61,0,11.3,5.5,0.0,0,0,1,0,0,0,0,0,1
2024-01-27 08:00:00,570,9,3,34,0,11.3,5.5,0.0,0,0,1,0,0,0,0,0,1
2024-01-27 16:00:00,2197,17,3,2,0,11.3,5.5,0.0,0,0,1,0,0,0,0,0,1
2024-01-27 22:00:00,227,23,1,93,0,11.3,5.5,0.0,0,0,1,0,0,0,0,0,1
2024-01-28 13:00:00,1959,14,36,6,0,5.7,5.5,0.0,0,0,0,1,0,0,0,0,1
2024-01-27 18:00:00,644,19,16,54,0,11.3,5.5,0.0,0,0,1,0,0,0,0,0,1
2024-01-27 14:00:00,3255,15,15,28,0,11.3,5.5,0.0,0,0,1,0,0,0,0,0,1
2024-01-27 20:00:00,527,21,13,74,0,11.3,5.5,0.0,0,0,1,0,0,0,0,0,1
2024-01-27 10:00:00,2957,11,9,53,0,11.3,5.5,0.0,0,0,1,0,0,0,0,0,1
2024-01-27 21:00:00,328,22,7,54,0,11.3,5.5,0.0,0,0,1,0,0,0,0,0,1
2024-01-27 17:00:00,1438,18,7,1,0,11.3,5.5,0.0,0,0,1,0,0,0,0,0,1
2024-01-27 09:00:00,1390,10,6,44,0,11.3,5.5,0.0,0,0,1,0,0,0,0,0,1
2024-01-26 14:00:00,1756,15,9,8,0,9.7,5.5,0.0,1,0,0,0,0,0,0,0,1
2024-01-26 19:00:00,372,20,2,3,0,9.7,5.5,0.0,1,0,0,0,0,0,0,0,1
2024-01-26 17:00:00,1385,18,2,2,0,9.7,5.5,0.0,1,0,0,0,0,0,0,0,1
2024-01-28 12:00:00,1708,13,24,7,0,5.7,5.5,0.0,0,0,0,1,0,0,0,0,1
2024-01-28 11:00:00,1351,12,21,4,0,5.7,5.5,0.0,0,0,0,1,0,0,0,0,1
2024-01-28 10:00:00,800,11,19,8,0,5.7,5.5,0.0,0,0,0,1,0,0,0,0,1
2024-01-28 14:00:00,2388,15,13,10,0,5.7,5.5,0.0,0,0,0,1,0,0,0,0,1
2024-01-27 23:00:00,174,0,0,94,0,11.3,5.5,0.0,0,0,1,0,0,0,0,0,1
2024-01-26 10:00:00,2074,11,7,17,0,9.7,5.5,0.0,1,0,0,0,0,0,0,0,1
2024-01-26 22:00:00,184,23,1,27,0,9.7,5.5,0.0,1,0,0,0,0,0,0,0,1
2024-01-27 00:00:00,142,1,0,72,0,11.3,5.5,0.0,0,0,1,0,0,0,0,0,1
2024-01-26 07:00:00,197,8,1,7,0,9.7,5.5,0.0,1,0,0,0,0,0,0,0,1
2024-01-27 01:00:00,88,2,0,68,0,11.3,5.5,0.0,0,0,1,0,0,0,0,0,1
2024-01-26 18:00:00,545,19,1,1,0,9.7,5.5,0.0,1,0,0,0,0,0,0,0,1
2024-01-26 00:00:00,24,1,1,0,0,9.7,5.5,0.0,1,0,0,0,0,0,0,0,1
2024-01-27 02:00:00,76,3,0,49,0,11.3,5.5,0.0,0,0,1,0,0,0,0,0,1
2024-01-26 09:00:00,1351,10,5,18,0,9.7,5.5,0.0,1,0,0,0,0,0,0,0,1
2024-01-26 08:00:00,657,9,5,6,0,9.7,5.5,0.0,1,0,0,0,0,0,0,0,1
2024-01-26 13:00:00,1792,14,5,3,0,9.7,5.5,0.0,1,0,0,0,0,0,0,0,1
2024-01-27 03:00:00,103,4,0,40,0,11.3,5.5,0.0,0,0,1,0,0,0,0,0,1
2024-01-27 07:00:00,104,8,0,32,0,11.3,5.5,0.0,0,0,1,0,0,0,0,0,1
2024-01-26 23:00:00,171,0,0,80,0,9.7,5.5,0.0,1,0,0,0,0,0,0,0,1
2024-01-27 06:00:00,46,7,0,19,0,11.3,5.5,0.0,0,0,1,0,0,0,0,0,1
2024-01-27 05:00:00,43,6,0,18,0,11.3,5.5,0.0,0,0,1,0,0,0,0,0,1
2024-01-27 04:00:00,18,5,0,13,0,11.3,5.5,0.0,0,0,1,0,0,0,0,0,1
2024-01-26 20:00:00,270,21,3,1,0,9.7,5.5,0.0,1,0,0,0,0,0,0,0,1
2024-01-26 06:00:00,114,7,0,4,0,9.7,5.5,0.0,1,0,0,0,0,0,0,0,1
2024-01-26 02:00:00,25,3,0,3,0,9.7,5.5,0.0,1,0,0,0,0,0,0,0,1
2024-01-26 21:00:00,197,22,0,1,0,9.7,5.5,0.0,1,0,0,0,0,0,0,0,1
2024-01-26 05:00:00,42,6,0,1,0,9.7,5.5,0.0,1,0,0,0,0,0,0,0,1
2024-01-26 01:00:00,8,2,0,1,0,9.7,5.5,0.0,1,0,0,0,0,0,0,0,1
2024-01-26 03:00:00,4,4,0,1,0,9.7,5.5,0.0,1,0,0,0,0,0,0,0,1
2024-01-26 04:00:00,11,5,0,0,0,9.7,5.5,0.0,1,0,0,0,0,0,0,0,1
2024-01-27 13:00:00,4814,14,38,42,0,11.3,5.5,0.0,0,0,1,0,0,0,0,0,1
2024-01-27 12:00:00,4446,13,26,40,0,11.3,5.5,0.0,0,0,1,0,0,0,0,0,1
2024-01-28 01:00:00,189,2,0,59,0,5.7,5.5,0.0,0,0,0,1,0,0,0,0,1
2024-01-28 22:00:00,201,23,0,45,0,5.7,5.5,0.0,0,0,0,1,0,0,0,0,1
2024-01-28 04:00:00,14,5,0,38,0,5.7,5.5,0.0,0,0,0,1,0,0,0,0,1
2024-01-28 21:00:00,251,22,0,33,0,5.7,5.5,0.0,0,0,0,1,0,0,0,0,1
2024-01-28 23:00:00,60,0,0,6,0,5.7,5.5,0.0,0,0,0,1,0,0,0,0,1
2024-01-28 07:00:00,37,8,0,3,0,5.7,5.5,0.0,0,0,0,1,0,0,0,0,1
2024-01-28 06:00:00,27,7,0,0,0,5.7,5.5,0.0,0,0,0,1,0,0,0,0,1
2024-01-28 05:00:00,13,6,0,0,0,5.7,5.5,0.0,0,0,0,1,0,0,0,0,1
2024-01-29 13:00:00,2286,14,24,17,0,7.4,5.5,0.0,0,1,0,0,0,0,0,0,1
2024-01-29 10:00:00,1815,11,22,19,0,7.4,5.5,0.0,0,1,0,0,0,0,0,0,1
2024-01-29 11:00:00,2318,12,8,28,0,7.4,5.5,0.0,0,1,0,0,0,0,0,0,1
2024-01-28 02:00:00,147,3,3,79,0,5.7,5.5,0.0,0,0,0,1,0,0,0,0,1
2024-01-28 15:00:00,1905,16,10,5,0,5.7,5.5,0.0,0,0,0,1,0,0,0,0,1
2024-01-28 09:00:00,243,10,6,1,0,5.7,5.5,0.0,0,0,0,1,0,0,0,0,1
2024-01-28 17:00:00,964,18,5,46,0,5.7,5.5,0.0,0,0,0,1,0,0,0,0,1
2024-01-30 09:00:00,1372,10,10,25,0,8.7,5.5,0.0,0,0,0,0,0,1,0,0,1
2024-01-30 10:00:00,1945,11,9,6,0,8.7,5.5,0.0,0,0,0,0,0,1,0,0,1
2024-01-30 15:00:00,2021,16,8,12,0,8.7,5.5,0.0,0,0,0,0,0,1,0,0,1
2024-01-30 11:00:00,2308,12,8,7,0,8.7,5.5,0.0,0,0,0,0,0,1,0,0,1
2024-01-30 16:00:00,1831,17,7,4,0,8.7,5.5,0.0,0,0,0,0,0,1,0,0,1
2024-01-29 14:00:00,2332,15,8,11,0,7.4,5.5,0.0,0,1,0,0,0,0,0,0,1
2024-01-29 12:00:00,2843,13,20,16,0,7.4,5.5,0.0,0,1,0,0,0,0,0,0,1
2024-01-29 19:00:00,406,20,0,8,0,7.4,5.5,0.0,0,1,0,0,0,0,0,0,1
2024-01-29 15:00:00,2135,16,18,14,0,7.4,5.5,0.0,0,1,0,0,0,0,0,0,1
2024-01-29 16:00:00,1699,17,6,7,0,7.4,5.5,0.0,0,1,0,0,0,0,0,0,1
2024-01-29 06:00:00,59,7,0,5,0,7.4,5.5,0.0,0,1,0,0,0,0,0,0,1
2024-01-29 00:00:00,83,1,0,2,0,7.4,5.5,0.0,0,1,0,0,0,0,0,0,1
2024-01-29 05:00:00,45,6,0,2,0,7.4,5.5,0.0,0,1,0,0,0,0,0,0,1
2024-01-29 01:00:00,28,2,0,2,0,7.4,5.5,0.0,0,1,0,0,0,0,0,0,1
2024-01-28 19:00:00,408,20,2,45,0,5.7,5.5,0.0,0,0,0,1,0,0,0,0,1
2024-01-29 08:00:00,857,9,1,9,0,7.4,5.5,0.0,0,1,0,0,0,0,0,0,1
2024-01-29 04:00:00,11,5,0,2,0,7.4,5.5,0.0,0,1,0,0,0,0,0,0,1
2024-01-29 02:00:00,11,3,0,0,0,7.4,5.5,0.0,0,1,0,0,0,0,0,0,1
2024-01-30 13:00:00,2628,14,27,16,0,8.7,5.5,0.0,0,0,0,0,0,1,0,0,1
2024-01-30 12:00:00,2573,13,25,16,0,8.7,5.5,0.0,0,0,0,0,0,1,0,0,1
2024-01-30 14:00:00,2433,15,20,7,0,8.7,5.5,0.0,0,0,0,0,0,1,0,0,1
2024-01-29 20:00:00,407,21,3,22,0,7.4,5.5,0.0,0,1,0,0,0,0,0,0,1
2024-01-29 07:00:00,206,8,3,11,0,7.4,5.5,0.0,0,1,0,0,0,0,0,0,1
2024-01-29 09:00:00,1274,10,11,29,0,7.4,5.5,0.0,0,1,0,0,0,0,0,0,1
2024-01-28 16:00:00,1343,17,2,4,0,5.7,5.5,0.0,0,0,0,1,0,0,0,0,1
2024-01-28 08:00:00,90,9,2,2,0,5.7,5.5,0.0,0,0,0,1,0,0,0,0,1
2024-01-28 00:00:00,240,1,1,86,0,5.7,5.5,0.0,0,0,0,1,0,0,0,0,1
2024-01-28 20:00:00,418,21,1,54,0,5.7,5.5,0.0,0,0,0,1,0,0,0,0,1
2024-01-28 18:00:00,646,19,1,44,0,5.7,5.5,0.0,0,0,0,1,0,0,0,0,1
2024-01-28 03:00:00,136,4,1,40,0,5.7,5.5,0.0,0,0,0,1,0,0,0,0,1
2024-01-29 17:00:00,1294,18,1,5,0,7.4,5.5,0.0,0,1,0,0,0,0,0,0,1
2024-01-29 18:00:00,507,19,1,3,0,7.4,5.5,0.0,0,1,0,0,0,0,0,0,1
2024-01-29 03:00:00,7,4,1,2,0,7.4,5.5,0.0,0,1,0,0,0,0,0,0,1
2024-01-29 21:00:00,366,22,0,20,0,7.4,5.5,0.0,0,1,0,0,0,0,0,0,1
2024-01-29 22:00:00,160,23,0,18,0,7.4,5.5,0.0,0,1,0,0,0,0,0,0,1
2024-01-29 23:00:00,57,0,0,17,0,7.4,5.5,0.0,0,1,0,0,0,0,0,0,1
2024-01-31 20:00:00,516,21,0,45,0,11.2,5.5,2.1,0,0,0,0,0,0,1,0,1
2024-01-30 21:00:00,403,22,1,52,0,8.7,5.5,0.0,0,0,0,0,0,1,0,0,1
2024-01-31 00:00:00,37,1,0,27,0,11.2,5.5,2.1,0,0,0,0,0,0,1,0,1
2024-01-31 05:00:00,35,6,0,14,0,11.2,5.5,2.1,0,0,0,0,0,0,1,0,1
2024-01-31 01:00:00,22,2,0,14,0,11.2,5.5,2.1,0,0,0,0,0,0,1,0,1
2024-01-31 03:00:00,6,4,0,13,0,11.2,5.5,2.1,0,0,0,0,0,0,1,0,1
2024-01-31 19:00:00,382,20,0,11,0,11.2,5.5,2.1,0,0,0,0,0,0,1,0,1
2024-01-31 02:00:00,17,3,0,10,0,11.2,5.5,2.1,0,0,0,0,0,0,1,0,1
2024-01-31 04:00:00,11,5,0,6,0,11.2,5.5,2.1,0,0,0,0,0,0,1,0,1
2024-01-31 22:00:00,91,23,0,1,0,11.2,5.5,2.1,0,0,0,0,0,0,1,0,1
2024-01-31 23:00:00,47,0,0,0,0,11.2,5.5,2.1,0,0,0,0,0,0,1,0,1
2024-01-30 07:00:00,237,8,0,5,0,8.7,5.5,0.0,0,0,0,0,0,1,0,0,1
2024-01-30 06:00:00,74,7,0,3,0,8.7,5.5,0.0,0,0,0,0,0,1,0,0,1
2024-01-31 16:00:00,1741,17,10,16,0,11.2,5.5,2.1,0,0,0,0,0,0,1,0,1
2024-01-30 05:00:00,40,6,0,2,0,8.7,5.5,0.0,0,0,0,0,0,1,0,0,1
2024-01-30 22:00:00,258,23,1,37,0,8.7,5.5,0.0,0,0,0,0,0,1,0,0,1
2024-01-30 02:00:00,19,3,0,1,0,8.7,5.5,0.0,0,0,0,0,0,1,0,0,1
2024-01-30 23:00:00,68,0,1,37,0,8.7,5.5,0.0,0,0,0,0,0,1,0,0,1
2024-01-30 04:00:00,10,5,0,1,0,8.7,5.5,0.0,0,0,0,0,0,1,0,0,1
2024-01-30 03:00:00,16,4,0,0,0,8.7,5.5,0.0,0,0,0,0,0,1,0,0,1
2024-01-30 01:00:00,10,2,0,0,0,8.7,5.5,0.0,0,0,0,0,0,1,0,0,1
2024-01-31 21:00:00,341,22,1,45,0,11.2,5.5,2.1,0,0,0,0,0,0,1,0,1
2024-01-31 06:00:00,106,7,1,15,0,11.2,5.5,2.1,0,0,0,0,0,0,1,0,1
2024-01-31 08:00:00,649,9,1,8,0,11.2,5.5,2.1,0,0,0,0,0,0,1,0,1
2024-01-31 07:00:00,199,8,1,5,0,11.2,5.5,2.1,0,0,0,0,0,0,1,0,1
2024-01-31 17:00:00,1277,18,1,3,0,11.2,5.5,2.1,0,0,0,0,0,0,1,0,1
2024-01-31 18:00:00,461,19,1,3,0,11.2,5.5,2.1,0,0,0,0,0,0,1,0,1
2024-01-30 00:00:00,19,1,1,3,0,8.7,5.5,0.0,0,0,0,0,0,1,0,0,1
2024-01-30 18:00:00,468,19,1,1,0,8.7,5.5,0.0,0,0,0,0,0,1,0,0,1
2024-01-31 12:00:00,1961,13,28,9,0,11.2,5.5,2.1,0,0,0,0,0,0,1,0,1
2024-01-31 15:00:00,1645,16,7,5,0,11.2,5.5,2.1,0,0,0,0,0,0,1,0,1
2024-01-31 14:00:00,1823,15,16,7,0,11.2,5.5,2.1,0,0,0,0,0,0,1,0,1
2024-01-31 09:00:00,1135,10,14,25,0,11.2,5.5,2.1,0,0,0,0,0,0,1,0,1
2024-01-31 10:00:00,1484,11,14,9,0,11.2,5.5,2.1,0,0,0,0,0,0,1,0,1
2024-01-31 13:00:00,2101,14,14,7,0,11.2,5.5,2.1,0,0,0,0,0,0,1,0,1
2024-01-31 11:00:00,1962,12,13,10,0,11.2,5.5,2.1,0,0,0,0,0,0,1,0,1
2024-01-30 08:00:00,916,9,5,14,0,8.7,5.5,0.0,0,0,0,0,0,1,0,0,1
2024-01-30 20:00:00,422,21,3,37,0,8.7,5.5,0.0,0,0,0,0,0,1,0,0,1
2024-01-30 19:00:00,641,20,2,37,0,8.7,5.5,0.0,0,0,0,0,0,1,0,0,1
2024-01-30 17:00:00,1387,18,2,3,0,8.7,5.5,0.0,0,0,0,0,0,1,0,0,1
2023-11-02 07:00:00,300,8,2,6,0,12.7,3.2,0.3,0,0,0,0,1,0,0,0,1
2023-11-02 18:00:00,613,19,1,9,0,12.7,3.2,0.3,0,0,0,0,1,0,0,0,1
2023-11-02 19:00:00,445,20,1,6,0,12.7,3.2,0.3,0,0,0,0,1,0,0,0,1
2023-11-02 22:00:00,245,23,1,5,0,12.7,3.2,0.3,0,0,0,0,1,0,0,0,1
2023-11-01 15:00:00,1219,16,1,22,0,10.0,4.0,7.7,0,0,0,0,0,0,1,0,1
2023-11-01 17:00:00,791,18,1,15,0,10.0,4.0,7.7,0,0,0,0,0,0,1,0,1
2023-11-01 18:00:00,302,19,1,5,0,10.0,4.0,7.7,0,0,0,0,0,0,1,0,1
2023-11-01 02:00:00,29,3,1,1,0,10.0,4.0,7.7,0,0,0,0,0,0,1,0,1
2023-11-01 01:00:00,56,2,1,0,0,10.0,4.0,7.7,0,0,0,0,0,0,1,0,1
2023-11-01 13:00:00,1825,14,16,11,0,10.0,4.0,7.7,0,0,0,0,0,0,1,0,1
2023-11-01 14:00:00,1847,15,15,18,0,10.0,4.0,7.7,0,0,0,0,0,0,1,0,1
2023-11-01 12:00:00,1928,13,15,8,0,10.0,4.0,7.7,0,0,0,0,0,0,1,0,1
2023-11-01 11:00:00,1645,12,13,18,0,10.0,4.0,7.7,0,0,0,0,0,0,1,0,1
2023-11-01 10:00:00,1311,11,11,9,0,10.0,4.0,7.7,0,0,0,0,0,0,1,0,1
2023-11-01 09:00:00,1094,10,7,8,0,10.0,4.0,7.7,0,0,0,0,0,0,1,0,1
2023-11-01 08:00:00,645,9,6,13,0,10.0,4.0,7.7,0,0,0,0,0,0,1,0,1
2023-11-01 07:00:00,237,8,3,9,0,10.0,4.0,7.7,0,0,0,0,0,0,1,0,1
2023-11-01 16:00:00,1389,17,0,13,0,10.0,4.0,7.7,0,0,0,0,0,0,1,0,1
2023-11-01 22:00:00,74,23,0,4,0,10.0,4.0,7.7,0,0,0,0,0,0,1,0,1
2023-11-01 05:00:00,45,6,0,4,0,10.0,4.0,7.7,0,0,0,0,0,0,1,0,1
2023-11-01 19:00:00,144,20,0,3,0,10.0,4.0,7.7,0,0,0,0,0,0,1,0,1
2023-11-01 20:00:00,68,21,0,3,0,10.0,4.0,7.7,0,0,0,0,0,0,1,0,1
2023-11-01 06:00:00,63,7,0,3,0,10.0,4.0,7.7,0,0,0,0,0,0,1,0,1
2023-11-01 21:00:00,63,22,0,3,0,10.0,4.0,7.7,0,0,0,0,0,0,1,0,1
2023-11-01 23:00:00,48,0,0,2,0,10.0,4.0,7.7,0,0,0,0,0,0,1,0,1
2023-11-01 00:00:00,44,1,0,0,0,10.0,4.0,7.7,0,0,0,0,0,0,1,0,1
2023-11-01 03:00:00,41,4,0,0,0,10.0,4.0,7.7,0,0,0,0,0,0,1,0,1
2023-11-01 04:00:00,9,5,0,0,0,10.0,4.0,7.7,0,0,0,0,0,0,1,0,1
2023-11-02 15:00:00,2922,16,38,12,0,12.7,3.2,0.3,0,0,0,0,1,0,0,0,1
2023-11-02 13:00:00,3835,14,30,11,0,12.7,3.2,0.3,0,0,0,0,1,0,0,0,1
2023-11-02 11:00:00,3036,12,28,17,0,12.7,3.2,0.3,0,0,0,0,1,0,0,0,1
2023-11-02 08:00:00,835,9,5,7,0,12.7,3.2,0.3,0,0,0,0,1,0,0,0,1
2023-11-02 00:00:00,11,1,4,5,0,12.7,3.2,0.3,0,0,0,0,1,0,0,0,1
2023-11-02 16:00:00,2636,17,25,14,0,12.7,3.2,0.3,0,0,0,0,1,0,0,0,1
2023-11-02 12:00:00,3551,13,24,14,0,12.7,3.2,0.3,0,0,0,0,1,0,0,0,1
2023-11-02 10:00:00,2885,11,19,18,0,12.7,3.2,0.3,0,0,0,0,1,0,0,0,1
2023-11-02 14:00:00,3329,15,18,12,0,12.7,3.2,0.3,0,0,0,0,1,0,0,0,1
2023-11-02 17:00:00,1649,18,0,5,0,12.7,3.2,0.3,0,0,0,0,1,0,0,0,1
2023-11-02 06:00:00,59,7,0,5,0,12.7,3.2,0.3,0,0,0,0,1,0,0,0,1
2023-11-02 04:00:00,22,5,0,5,0,12.7,3.2,0.3,0,0,0,0,1,0,0,0,1
2023-11-02 05:00:00,45,6,0,4,0,12.7,3.2,0.3,0,0,0,0,1,0,0,0,1
2023-11-02 20:00:00,364,21,0,3,0,12.7,3.2,0.3,0,0,0,0,1,0,0,0,1
2023-11-02 21:00:00,316,22,0,2,0,12.7,3.2,0.3,0,0,0,0,1,0,0,0,1
2023-11-02 09:00:00,1732,10,12,15,0,12.7,3.2,0.3,0,0,0,0,1,0,0,0,1
2023-11-02 23:00:00,88,0,0,1,0,12.7,3.2,0.3,0,0,0,0,1,0,0,0,1
2023-11-02 03:00:00,2,4,0,1,0,12.7,3.2,0.3,0,0,0,0,1,0,0,0,1
2023-11-02 01:00:00,12,2,0,0,0,12.7,3.2,0.3,0,0,0,0,1,0,0,0,1
2023-11-02 02:00:00,8,3,0,0,0,12.7,3.2,0.3,0,0,0,0,1,0,0,0,1
2023-11-03 12:00:00,2910,13,18,16,0,11.2,7.3,1.4,1,0,0,0,0,0,0,0,1
2023-11-03 15:00:00,2285,16,18,8,0,11.2,7.3,1.4,1,0,0,0,0,0,0,0,1
2023-11-03 11:00:00,2999,12,17,15,0,11.2,7.3,1.4,1,0,0,0,0,0,0,0,1
2023-11-03 14:00:00,3012,15,15,8,0,11.2,7.3,1.4,1,0,0,0,0,0,0,0,1
2023-11-03 13:00:00,3310,14,13,15,0,11.2,7.3,1.4,1,0,0,0,0,0,0,0,1
2023-11-03 10:00:00,1956,11,12,81,0,11.2,7.3,1.4,1,0,0,0,0,0,0,0,1
2023-11-03 16:00:00,2317,17,10,17,0,11.2,7.3,1.4,1,0,0,0,0,0,0,0,1
2023-11-03 09:00:00,1492,10,9,23,0,11.2,7.3,1.4,1,0,0,0,0,0,0,0,1
2023-11-04 11:00:00,3062,12,17,10,0,10.6,5.5,0.6,0,0,1,0,0,0,0,0,1
2023-11-04 14:00:00,3972,15,15,14,0,10.6,5.5,0.6,0,0,1,0,0,0,0,0,1
2023-11-03 20:00:00,252,21,1,6,0,11.2,7.3,1.4,1,0,0,0,0,0,0,0,1
2023-11-04 09:00:00,1234,10,10,18,0,10.6,5.5,0.6,0,0,1,0,0,0,0,0,1
2023-11-04 17:00:00,1603,18,8,8,0,10.6,5.5,0.6,0,0,1,0,0,0,0,0,1
2023-11-04 08:00:00,513,9,6,8,0,10.6,5.5,0.6,0,0,1,0,0,0,0,0,1
2023-11-03 22:00:00,172,23,0,6,0,11.2,7.3,1.4,1,0,0,0,0,0,0,0,1
2023-11-03 05:00:00,79,6,0,6,0,11.2,7.3,1.4,1,0,0,0,0,0,0,0,1
2023-11-03 06:00:00,90,7,0,4,0,11.2,7.3,1.4,1,0,0,0,0,0,0,0,1
2023-11-03 23:00:00,63,0,0,2,0,11.2,7.3,1.4,1,0,0,0,0,0,0,0,1
2023-11-03 03:00:00,15,4,0,2,0,11.2,7.3,1.4,1,0,0,0,0,0,0,0,1
2023-11-03 21:00:00,148,22,0,1,0,11.2,7.3,1.4,1,0,0,0,0,0,0,0,1
2023-11-03 02:00:00,16,3,0,1,0,11.2,7.3,1.4,1,0,0,0,0,0,0,0,1
2023-11-03 00:00:00,93,1,0,0,0,11.2,7.3,1.4,1,0,0,0,0,0,0,0,1
2023-11-03 04:00:00,18,5,0,0,0,11.2,7.3,1.4,1,0,0,0,0,0,0,0,1
2023-11-03 01:00:00,14,2,0,0,0,11.2,7.3,1.4,1,0,0,0,0,0,0,0,1
2023-11-04 10:00:00,2419,11,33,12,0,10.6,5.5,0.6,0,0,1,0,0,0,0,0,1
2023-11-04 12:00:00,3261,13,26,12,0,10.6,5.5,0.6,0,0,1,0,0,0,0,0,1
2023-11-04 16:00:00,3348,17,26,7,0,10.6,5.5,0.6,0,0,1,0,0,0,0,0,1
2023-11-04 13:00:00,3784,14,20,20,0,10.6,5.5,0.6,0,0,1,0,0,0,0,0,1
2023-11-04 15:00:00,3688,16,19,11,0,10.6,5.5,0.6,0,0,1,0,0,0,0,0,1
2023-11-04 23:00:00,96,0,2,6,0,10.6,5.5,0.6,0,0,1,0,0,0,0,0,1
2023-11-04 07:00:00,73,8,2,6,0,10.6,5.5,0.6,0,0,1,0,0,0,0,0,1
2023-11-04 19:00:00,476,20,1,8,0,10.6,5.5,0.6,0,0,1,0,0,0,0,0,1
2023-11-04 18:00:00,644,19,1,5,0,10.6,5.5,0.6,0,0,1,0,0,0,0,0,1
2023-11-04 21:00:00,455,22,1,4,0,10.6,5.5,0.6,0,0,1,0,0,0,0,0,1
2023-11-04 22:00:00,214,23,0,7,0,10.6,5.5,0.6,0,0,1,0,0,0,0,0,1
2023-11-04 20:00:00,460,21,0,5,0,10.6,5.5,0.6,0,0,1,0,0,0,0,0,1
2023-11-04 00:00:00,73,1,0,3,0,10.6,5.5,0.6,0,0,1,0,0,0,0,0,1
2023-11-04 01:00:00,12,2,0,3,0,10.6,5.5,0.6,0,0,1,0,0,0,0,0,1
2023-11-04 06:00:00,39,7,0,1,0,10.6,5.5,0.6,0,0,1,0,0,0,0,0,1
2023-11-04 05:00:00,26,6,0,0,0,10.6,5.5,0.6,0,0,1,0,0,0,0,0,1
2023-11-04 03:00:00,18,4,0,0,0,10.6,5.5,0.6,0,0,1,0,0,0,0,0,1
2023-11-04 02:00:00,9,3,0,0,0,10.6,5.5,0.6,0,0,1,0,0,0,0,0,1
2023-11-04 04:00:00,4,5,0,0,0,10.6,5.5,0.6,0,0,1,0,0,0,0,0,1
2023-11-03 08:00:00,771,9,7,22,0,11.2,7.3,1.4,1,0,0,0,0,0,0,0,1
2023-11-03 07:00:00,161,8,6,8,0,11.2,7.3,1.4,1,0,0,0,0,0,0,0,1
2023-11-03 18:00:00,399,19,3,9,0,11.2,7.3,1.4,1,0,0,0,0,0,0,0,1
2023-11-03 17:00:00,1413,18,3,7,0,11.2,7.3,1.4,1,0,0,0,0,0,0,0,1
2023-11-03 19:00:00,429,20,2,10,0,11.2,7.3,1.4,1,0,0,0,0,0,0,0,1
2023-11-06 21:00:00,199,22,2,1,0,12.1,3.3,0.2,0,1,0,0,0,0,0,0,1
2023-11-05 20:00:00,171,21,1,10,0,10.8,5.5,0.0,0,0,0,1,0,0,0,0,1
2023-11-06 20:00:00,235,21,2,0,0,12.1,3.3,0.2,0,1,0,0,0,0,0,0,1
2023-11-06 00:00:00,40,1,0,10,0,12.1,3.3,0.2,0,1,0,0,0,0,0,0,1
2023-11-05 21:00:00,106,22,1,5,0,10.8,5.5,0.0,0,0,0,1,0,0,0,0,1
2023-11-06 07:00:00,238,8,6,9,0,12.1,3.3,0.2,0,1,0,0,0,0,0,0,1
2023-11-06 18:00:00,457,19,5,4,0,12.1,3.3,0.2,0,1,0,0,0,0,0,0,1
2023-11-05 19:00:00,208,20,1,4,0,10.8,5.5,0.0,0,0,0,1,0,0,0,0,1
2023-11-05 17:00:00,761,18,1,1,0,10.8,5.5,0.0,0,0,0,1,0,0,0,0,1
2023-11-06 19:00:00,314,20,0,8,0,12.1,3.3,0.2,0,1,0,0,0,0,0,0,1
2023-11-05 09:00:00,298,10,4,10,0,10.8,5.5,0.0,0,0,0,1,0,0,0,0,1
2023-11-05 12:00:00,2117,13,11,14,0,10.8,5.5,0.0,0,0,0,1,0,0,0,0,1
2023-11-05 04:00:00,11,5,1,0,0,10.8,5.5,0.0,0,0,0,1,0,0,0,0,1
2023-11-05 07:00:00,29,8,4,6,0,10.8,5.5,0.0,0,0,0,1,0,0,0,0,1
2023-11-05 16:00:00,1839,17,10,2,0,10.8,5.5,0.0,0,0,0,1,0,0,0,0,1
2023-11-05 13:00:00,2300,14,8,7,0,10.8,5.5,0.0,0,0,0,1,0,0,0,0,1
2023-11-05 15:00:00,2311,16,8,3,0,10.8,5.5,0.0,0,0,0,1,0,0,0,0,1
2023-11-05 08:00:00,137,9,7,6,0,10.8,5.5,0.0,0,0,0,1,0,0,0,0,1
2023-11-05 14:00:00,2891,15,7,4,0,10.8,5.5,0.0,0,0,0,1,0,0,0,0,1
2023-11-05 18:00:00,341,19,6,4,0,10.8,5.5,0.0,0,0,0,1,0,0,0,0,1
2023-11-05 11:00:00,1781,12,5,10,0,10.8,5.5,0.0,0,0,0,1,0,0,0,0,1
2023-11-06 06:00:00,71,7,0,5,0,12.1,3.3,0.2,0,1,0,0,0,0,0,0,1
2023-11-06 23:00:00,49,0,0,3,0,12.1,3.3,0.2,0,1,0,0,0,0,0,0,1
2023-11-06 03:00:00,7,4,0,3,0,12.1,3.3,0.2,0,1,0,0,0,0,0,0,1
2023-11-06 17:00:00,1432,18,0,2,0,12.1,3.3,0.2,0,1,0,0,0,0,0,0,1
2023-11-06 01:00:00,8,2,0,1,0,12.1,3.3,0.2,0,1,0,0,0,0,0,0,1
2023-11-05 10:00:00,808,11,3,1,0,10.8,5.5,0.0,0,0,0,1,0,0,0,0,1
2023-11-06 22:00:00,128,23,0,0,0,12.1,3.3,0.2,0,1,0,0,0,0,0,0,1
2023-11-06 02:00:00,18,3,0,0,0,12.1,3.3,0.2,0,1,0,0,0,0,0,0,1
2023-11-06 04:00:00,7,5,0,0,0,12.1,3.3,0.2,0,1,0,0,0,0,0,0,1
2023-11-07 14:00:00,2715,15,16,16,0,10.1,5.6,2.2,0,0,0,0,0,1,0,0,1
2023-11-07 09:00:00,1341,10,13,33,0,10.1,5.6,2.2,0,0,0,0,0,1,0,0,1
2023-11-07 08:00:00,757,9,12,11,0,10.1,5.6,2.2,0,0,0,0,0,1,0,0,1
2023-11-07 13:00:00,2837,14,12,8,0,10.1,5.6,2.2,0,0,0,0,0,1,0,0,1
2023-11-07 15:00:00,2606,16,12,4,0,10.1,5.6,2.2,0,0,0,0,0,1,0,0,1
2023-11-07 16:00:00,2491,17,9,6,0,10.1,5.6,2.2,0,0,0,0,0,1,0,0,1
2023-11-06 12:00:00,2739,13,44,22,0,12.1,3.3,0.2,0,1,0,0,0,0,0,0,1
2023-11-06 05:00:00,41,6,1,0,0,12.1,3.3,0.2,0,1,0,0,0,0,0,0,1
2023-11-07 12:00:00,3048,13,59,29,0,10.1,5.6,2.2,0,0,0,0,0,1,0,0,1
2023-11-07 11:00:00,2838,12,25,23,0,10.1,5.6,2.2,0,0,0,0,0,1,0,0,1
2023-11-07 10:00:00,2528,11,19,33,0,10.1,5.6,2.2,0,0,0,0,0,1,0,0,1
2023-11-06 13:00:00,2218,14,30,11,0,12.1,3.3,0.2,0,1,0,0,0,0,0,0,1
2023-11-06 09:00:00,1312,10,18,17,0,12.1,3.3,0.2,0,1,0,0,0,0,0,0,1
2023-11-06 14:00:00,2738,15,18,10,0,12.1,3.3,0.2,0,1,0,0,0,0,0,0,1
2023-11-06 10:00:00,1932,11,15,30,0,12.1,3.3,0.2,0,1,0,0,0,0,0,0,1
2023-11-06 11:00:00,2553,12,15,12,0,12.1,3.3,0.2,0,1,0,0,0,0,0,0,1
2023-11-06 08:00:00,607,9,12,17,0,12.1,3.3,0.2,0,1,0,0,0,0,0,0,1
2023-11-06 16:00:00,2090,17,12,9,0,12.1,3.3,0.2,0,1,0,0,0,0,0,0,1
2023-11-06 15:00:00,2262,16,11,9,0,12.1,3.3,0.2,0,1,0,0,0,0,0,0,1
2023-11-05 23:00:00,35,0,0,4,0,10.8,5.5,0.0,0,0,0,1,0,0,0,0,1
2023-11-05 01:00:00,80,2,0,3,0,10.8,5.5,0.0,0,0,0,1,0,0,0,0,1
2023-11-05 00:00:00,126,1,0,2,0,10.8,5.5,0.0,0,0,0,1,0,0,0,0,1
2023-11-05 06:00:00,41,7,0,2,0,10.8,5.5,0.0,0,0,0,1,0,0,0,0,1
2023-11-05 02:00:00,43,3,0,1,0,10.8,5.5,0.0,0,0,0,1,0,0,0,0,1
2023-11-05 03:00:00,117,4,0,0,0,10.8,5.5,0.0,0,0,0,1,0,0,0,0,1
2023-11-05 22:00:00,77,23,0,0,0,10.8,5.5,0.0,0,0,0,1,0,0,0,0,1
2023-11-05 05:00:00,17,6,0,0,0,10.8,5.5,0.0,0,0,0,1,0,0,0,0,1
2023-11-07 20:00:00,362,21,0,6,0,10.1,5.6,2.2,0,0,0,0,0,1,0,0,1
2023-11-09 08:00:00,714,9,10,12,0,7.9,0.7,0.0,0,0,0,0,1,0,0,0,1
2023-11-08 00:00:00,10,1,0,0,0,8.9,3.0,0.8,0,0,0,0,0,0,1,0,1
2023-11-07 05:00:00,49,6,0,6,0,10.1,5.6,2.2,0,0,0,0,0,1,0,0,1
2023-11-08 02:00:00,6,3,0,0,0,8.9,3.0,0.8,0,0,0,0,0,0,1,0,1
2023-11-07 22:00:00,213,23,0,5,0,10.1,5.6,2.2,0,0,0,0,0,1,0,0,1
2023-11-09 09:00:00,1180,10,9,22,0,7.9,0.7,0.0,0,0,0,0,1,0,0,0,1
2023-11-08 04:00:00,6,5,0,0,0,8.9,3.0,0.8,0,0,0,0,0,0,1,0,1
2023-11-07 21:00:00,292,22,0,3,0,10.1,5.6,2.2,0,0,0,0,0,1,0,0,1
2023-11-08 08:00:00,572,9,8,13,0,8.9,3.0,0.8,0,0,0,0,0,0,1,0,1
2023-11-08 18:00:00,578,19,7,7,0,8.9,3.0,0.8,0,0,0,0,0,0,1,0,1
2023-11-08 20:00:00,393,21,6,5,0,8.9,3.0,0.8,0,0,0,0,0,0,1,0,1
2023-11-08 16:00:00,1953,17,4,10,0,8.9,3.0,0.8,0,0,0,0,0,0,1,0,1
2023-11-08 19:00:00,395,20,4,5,0,8.9,3.0,0.8,0,0,0,0,0,0,1,0,1
2023-11-08 22:00:00,193,23,2,8,0,8.9,3.0,0.8,0,0,0,0,0,0,1,0,1
2023-11-08 23:00:00,73,0,2,3,0,8.9,3.0,0.8,0,0,0,0,0,0,1,0,1
2023-11-08 21:00:00,269,22,2,0,0,8.9,3.0,0.8,0,0,0,0,0,0,1,0,1
2023-11-07 23:00:00,35,0,0,3,0,10.1,5.6,2.2,0,0,0,0,0,1,0,0,1
2023-11-07 18:00:00,940,19,0,2,0,10.1,5.6,2.2,0,0,0,0,0,1,0,0,1
2023-11-07 06:00:00,67,7,0,2,0,10.1,5.6,2.2,0,0,0,0,0,1,0,0,1
2023-11-09 17:00:00,1615,18,6,9,0,7.9,0.7,0.0,0,0,0,0,1,0,0,0,1
2023-11-09 07:00:00,188,8,5,10,0,7.9,0.7,0.0,0,0,0,0,1,0,0,0,1
2023-11-09 13:00:00,1578,14,4,10,0,7.9,0.7,0.0,0,0,0,0,1,0,0,0,1
2023-11-09 19:00:00,350,20,3,3,0,7.9,0.7,0.0,0,0,0,0,1,0,0,0,1
2023-11-08 10:00:00,1640,11,19,27,0,8.9,3.0,0.8,0,0,0,0,0,0,1,0,1
2023-11-07 00:00:00,31,1,0,0,0,10.1,5.6,2.2,0,0,0,0,0,1,0,0,1
2023-11-07 07:00:00,189,8,4,15,0,10.1,5.6,2.2,0,0,0,0,0,1,0,0,1
2023-11-08 07:00:00,151,8,1,7,0,8.9,3.0,0.8,0,0,0,0,0,0,1,0,1
2023-11-07 02:00:00,12,3,0,0,0,10.1,5.6,2.2,0,0,0,0,0,1,0,0,1
2023-11-07 03:00:00,3,4,0,0,0,10.1,5.6,2.2,0,0,0,0,0,1,0,0,1
2023-11-08 12:00:00,2461,13,61,9,0,8.9,3.0,0.8,0,0,0,0,0,0,1,0,1
2023-11-08 11:00:00,2208,12,37,9,0,8.9,3.0,0.8,0,0,0,0,0,0,1,0,1
2023-11-08 17:00:00,1496,18,1,2,0,8.9,3.0,0.8,0,0,0,0,0,0,1,0,1
2023-11-09 12:00:00,1920,13,32,15,0,7.9,0.7,0.0,0,0,0,0,1,0,0,0,1
2023-11-08 13:00:00,2668,14,16,14,0,8.9,3.0,0.8,0,0,0,0,0,0,1,0,1
2023-11-08 06:00:00,60,7,0,7,0,8.9,3.0,0.8,0,0,0,0,0,0,1,0,1
2023-11-08 03:00:00,3,4,0,2,0,8.9,3.0,0.8,0,0,0,0,0,0,1,0,1
2023-11-08 05:00:00,45,6,0,1,0,8.9,3.0,0.8,0,0,0,0,0,0,1,0,1
2023-11-08 01:00:00,13,2,0,0,0,8.9,3.0,0.8,0,0,0,0,0,0,1,0,1
2023-11-09 11:00:00,2789,12,24,8,0,7.9,0.7,0.0,0,0,0,0,1,0,0,0,1
2023-11-09 10:00:00,1910,11,23,14,0,7.9,0.7,0.0,0,0,0,0,1,0,0,0,1
2023-11-08 14:00:00,2262,15,14,9,0,8.9,3.0,0.8,0,0,0,0,0,0,1,0,1
2023-11-07 17:00:00,2016,18,2,3,0,10.1,5.6,2.2,0,0,0,0,0,1,0,0,1
2023-11-08 09:00:00,1154,10,12,24,0,8.9,3.0,0.8,0,0,0,0,0,0,1,0,1
2023-11-08 15:00:00,2321,16,12,7,0,8.9,3.0,0.8,0,0,0,0,0,0,1,0,1
2023-11-09 14:00:00,2675,15,15,22,0,7.9,0.7,0.0,0,0,0,0,1,0,0,0,1
2023-11-07 19:00:00,573,20,1,13,0,10.1,5.6,2.2,0,0,0,0,0,1,0,0,1
2023-11-07 04:00:00,21,5,1,4,0,10.1,5.6,2.2,0,0,0,0,0,1,0,0,1
2023-11-09 18:00:00,569,19,13,5,0,7.9,0.7,0.0,0,0,0,0,1,0,0,0,1
2023-11-07 01:00:00,12,2,1,0,0,10.1,5.6,2.2,0,0,0,0,0,1,0,0,1
2023-11-09 16:00:00,2244,17,12,11,0,7.9,0.7,0.0,0,0,0,0,1,0,0,0,1
2023-11-09 21:00:00,197,22,1,7,0,7.9,0.7,0.0,0,0,0,0,1,0,0,0,1
2023-11-09 20:00:00,217,21,1,6,0,7.9,0.7,0.0,0,0,0,0,1,0,0,0,1
2023-11-09 22:00:00,186,23,1,2,0,7.9,0.7,0.0,0,0,0,0,1,0,0,0,1
2023-11-09 23:00:00,72,0,1,2,0,7.9,0.7,0.0,0,0,0,0,1,0,0,0,1
2023-11-09 15:00:00,2541,16,10,14,0,7.9,0.7,0.0,0,0,0,0,1,0,0,0,1
2023-11-10 16:00:00,2435,17,16,13,0,9.6,-1.6,0.2,1,0,0,0,0,0,0,0,1
2023-11-10 17:00:00,1454,18,14,8,0,9.6,-1.6,0.2,1,0,0,0,0,0,0,0,1
2023-11-10 13:00:00,2839,14,13,11,0,9.6,-1.6,0.2,1,0,0,0,0,0,0,0,1
2023-11-10 14:00:00,3261,15,9,5,0,9.6,-1.6,0.2,1,0,0,0,0,0,0,0,1
2023-11-10 08:00:00,899,9,8,16,0,9.6,-1.6,0.2,1,0,0,0,0,0,0,0,1
2023-11-10 18:00:00,557,19,6,9,0,9.6,-1.6,0.2,1,0,0,0,0,0,0,0,1
2023-11-11 04:00:00,18,5,0,3,0,9.0,0.5,0.0,0,0,1,0,0,0,0,0,1
2023-11-11 10:00:00,2105,11,22,14,0,9.0,0.5,0.0,0,0,1,0,0,0,0,0,1
2023-11-11 03:00:00,73,4,0,2,0,9.0,0.5,0.0,0,0,1,0,0,0,0,0,1
2023-11-11 05:00:00,27,6,0,2,0,9.0,0.5,0.0,0,0,1,0,0,0,0,0,1
2023-11-11 22:00:00,155,23,0,1,0,9.0,0.5,0.0,0,0,1,0,0,0,0,0,1
2023-11-11 14:00:00,3840,15,4,5,0,9.0,0.5,0.0,0,0,1,0,0,0,0,0,1
2023-11-11 11:00:00,2733,12,21,12,0,9.0,0.5,0.0,0,0,1,0,0,0,0,0,1
2023-11-11 23:00:00,103,0,0,0,0,9.0,0.5,0.0,0,0,1,0,0,0,0,0,1
2023-11-11 20:00:00,237,21,1,4,0,9.0,0.5,0.0,0,0,1,0,0,0,0,0,1
2023-11-11 17:00:00,1537,18,4,3,0,9.0,0.5,0.0,0,0,1,0,0,0,0,0,1
2023-11-11 18:00:00,643,19,1,3,0,9.0,0.5,0.0,0,0,1,0,0,0,0,0,1
2023-11-11 21:00:00,241,22,1,1,0,9.0,0.5,0.0,0,0,1,0,0,0,0,0,1
2023-11-12 14:00:00,2591,15,25,8,0,9.0,-0.1,7.7,0,0,0,1,0,0,0,0,1
2023-11-11 09:00:00,1535,10,9,19,0,9.0,0.5,0.0,0,0,1,0,0,0,0,0,1
2023-11-11 15:00:00,3636,16,7,7,0,9.0,0.5,0.0,0,0,1,0,0,0,0,0,1
2023-11-11 16:00:00,2475,17,7,5,0,9.0,0.5,0.0,0,0,1,0,0,0,0,0,1
2023-11-11 13:00:00,3098,14,6,15,0,9.0,0.5,0.0,0,0,1,0,0,0,0,0,1
2023-11-09 06:00:00,75,7,0,3,0,7.9,0.7,0.0,0,0,0,0,1,0,0,0,1
2023-11-11 07:00:00,96,8,3,7,0,9.0,0.5,0.0,0,0,1,0,0,0,0,0,1
2023-11-11 08:00:00,561,9,2,13,0,9.0,0.5,0.0,0,0,1,0,0,0,0,0,1
2023-11-09 05:00:00,56,6,0,0,0,7.9,0.7,0.0,0,0,0,0,1,0,0,0,1
2023-11-09 00:00:00,38,1,0,0,0,7.9,0.7,0.0,0,0,0,0,1,0,0,0,1
2023-11-12 15:00:00,2253,16,21,9,0,9.0,-0.1,7.7,0,0,0,1,0,0,0,0,1
2023-11-09 02:00:00,12,3,0,0,0,7.9,0.7,0.0,0,0,0,0,1,0,0,0,1
2023-11-09 01:00:00,11,2,0,0,0,7.9,0.7,0.0,0,0,0,0,1,0,0,0,1
2023-11-12 13:00:00,2437,14,20,13,0,9.0,-0.1,7.7,0,0,0,1,0,0,0,0,1
2023-11-09 04:00:00,7,5,0,0,0,7.9,0.7,0.0,0,0,0,0,1,0,0,0,1
2023-11-09 03:00:00,3,4,0,0,0,7.9,0.7,0.0,0,0,0,0,1,0,0,0,1
2023-11-12 10:00:00,549,11,17,5,0,9.0,-0.1,7.7,0,0,0,1,0,0,0,0,1
2023-11-10 12:00:00,2463,13,40,15,0,9.6,-1.6,0.2,1,0,0,0,0,0,0,0,1
2023-11-10 09:00:00,1521,10,2,24,0,9.6,-1.6,0.2,1,0,0,0,0,0,0,0,1
2023-11-10 07:00:00,261,8,2,21,0,9.6,-1.6,0.2,1,0,0,0,0,0,0,0,1
2023-11-10 19:00:00,354,20,2,10,0,9.6,-1.6,0.2,1,0,0,0,0,0,0,0,1
2023-11-10 23:00:00,102,0,0,5,0,9.6,-1.6,0.2,1,0,0,0,0,0,0,0,1
2023-11-10 11:00:00,2493,12,30,14,0,9.6,-1.6,0.2,1,0,0,0,0,0,0,0,1
2023-11-11 01:00:00,54,2,0,18,0,9.0,0.5,0.0,0,0,1,0,0,0,0,0,1
2023-11-11 00:00:00,138,1,0,17,0,9.0,0.5,0.0,0,0,1,0,0,0,0,0,1
2023-11-11 02:00:00,55,3,0,16,0,9.0,0.5,0.0,0,0,1,0,0,0,0,0,1
2023-11-11 06:00:00,41,7,0,4,0,9.0,0.5,0.0,0,0,1,0,0,0,0,0,1
2023-11-11 19:00:00,443,20,0,3,0,9.0,0.5,0.0,0,0,1,0,0,0,0,0,1
2023-11-10 06:00:00,66,7,0,5,0,9.6,-1.6,0.2,1,0,0,0,0,0,0,0,1
2023-11-10 21:00:00,182,22,0,4,0,9.6,-1.6,0.2,1,0,0,0,0,0,0,0,1
2023-11-10 05:00:00,55,6,0,3,0,9.6,-1.6,0.2,1,0,0,0,0,0,0,0,1
2023-11-12 12:00:00,1691,13,12,2,0,9.0,-0.1,7.7,0,0,0,1,0,0,0,0,1
2023-11-10 04:00:00,15,5,0,3,0,9.6,-1.6,0.2,1,0,0,0,0,0,0,0,1
2023-11-10 10:00:00,2331,11,24,25,0,9.6,-1.6,0.2,1,0,0,0,0,0,0,0,1
2023-11-10 00:00:00,48,1,0,2,0,9.6,-1.6,0.2,1,0,0,0,0,0,0,0,1
2023-11-10 01:00:00,21,2,0,2,0,9.6,-1.6,0.2,1,0,0,0,0,0,0,0,1
2023-11-10 02:00:00,23,3,0,0,0,9.6,-1.6,0.2,1,0,0,0,0,0,0,0,1
2023-11-12 11:00:00,1072,12,11,4,0,9.0,-0.1,7.7,0,0,0,1,0,0,0,0,1
2023-11-10 03:00:00,21,4,0,0,0,9.6,-1.6,0.2,1,0,0,0,0,0,0,0,1
2023-11-10 15:00:00,2775,16,17,12,0,9.6,-1.6,0.2,1,0,0,0,0,0,0,0,1
2023-11-10 22:00:00,134,23,1,5,0,9.6,-1.6,0.2,1,0,0,0,0,0,0,0,1
2023-11-10 20:00:00,203,21,1,0,0,9.6,-1.6,0.2,1,0,0,0,0,0,0,0,1
2023-11-11 12:00:00,3869,13,26,23,0,9.0,0.5,0.0,0,0,1,0,0,0,0,0,1
2023-11-13 12:00:00,1511,13,13,10,0,8.4,-0.1,27.3,0,1,0,0,0,0,0,0,1
2023-11-12 16:00:00,1701,17,7,8,0,9.0,-0.1,7.7,0,0,0,1,0,0,0,0,1
2023-11-12 20:00:00,167,21,0,9,0,9.0,-0.1,7.7,0,0,0,1,0,0,0,0,1
2023-11-12 17:00:00,679,18,0,5,0,9.0,-0.1,7.7,0,0,0,1,0,0,0,0,1
2023-11-12 19:00:00,253,20,0,3,0,9.0,-0.1,7.7,0,0,0,1,0,0,0,0,1
2023-11-12 06:00:00,40,7,0,2,0,9.0,-0.1,7.7,0,0,0,1,0,0,0,0,1
2023-11-12 22:00:00,84,23,0,1,0,9.0,-0.1,7.7,0,0,0,1,0,0,0,0,1
2023-11-12 23:00:00,24,0,0,1,0,9.0,-0.1,7.7,0,0,0,1,0,0,0,0,1
2023-11-12 18:00:00,272,19,0,0,0,9.0,-0.1,7.7,0,0,0,1,0,0,0,0,1
2023-11-12 00:00:00,127,1,0,0,0,9.0,-0.1,7.7,0,0,0,1,0,0,0,0,1
2023-11-12 02:00:00,83,3,0,0,0,9.0,-0.1,7.7,0,0,0,1,0,0,0,0,1
2023-11-12 03:00:00,38,4,0,0,0,9.0,-0.1,7.7,0,0,0,1,0,0,0,0,1
2023-11-12 05:00:00,15,6,0,0,0,9.0,-0.1,7.7,0,0,0,1,0,0,0,0,1
2023-11-12 04:00:00,7,5,0,0,0,9.0,-0.1,7.7,0,0,0,1,0,0,0,0,1
2023-11-13 15:00:00,1454,16,22,5,0,8.4,-0.1,27.3,0,1,0,0,0,0,0,0,1
2023-11-13 14:00:00,1414,15,17,10,0,8.4,-0.1,27.3,0,1,0,0,0,0,0,0,1
2023-11-13 10:00:00,1016,11,16,14,0,8.4,-0.1,27.3,0,1,0,0,0,0,0,0,1
2023-11-13 11:00:00,1244,12,16,12,0,8.4,-0.1,27.3,0,1,0,0,0,0,0,0,1
2023-11-13 13:00:00,1349,14,16,6,0,8.4,-0.1,27.3,0,1,0,0,0,0,0,0,1
2023-11-13 18:00:00,349,19,0,8,0,8.4,-0.1,27.3,0,1,0,0,0,0,0,0,1
2023-11-14 15:00:00,1762,16,10,6,0,8.0,6.1,19.6,0,0,0,0,0,1,0,0,1
2023-11-14 11:00:00,2299,12,8,13,0,8.0,6.1,19.6,0,0,0,0,0,1,0,0,1
2023-11-12 09:00:00,343,10,5,3,0,9.0,-0.1,7.7,0,0,0,1,0,0,0,0,1
2023-11-13 09:00:00,734,10,9,17,0,8.4,-0.1,27.3,0,1,0,0,0,0,0,0,1
2023-11-12 08:00:00,234,9,1,4,0,9.0,-0.1,7.7,0,0,0,1,0,0,0,0,1
2023-11-13 20:00:00,179,21,0,5,0,8.4,-0.1,27.3,0,1,0,0,0,0,0,0,1
2023-11-12 07:00:00,106,8,1,1,0,9.0,-0.1,7.7,0,0,0,1,0,0,0,0,1
2023-11-13 16:00:00,1361,17,2,15,0,8.4,-0.1,27.3,0,1,0,0,0,0,0,0,1
2023-11-12 01:00:00,93,2,1,1,0,9.0,-0.1,7.7,0,0,0,1,0,0,0,0,1
2023-11-13 19:00:00,252,20,0,1,0,8.4,-0.1,27.3,0,1,0,0,0,0,0,0,1
2023-11-13 05:00:00,32,6,0,1,0,8.4,-0.1,27.3,0,1,0,0,0,0,0,0,1
2023-11-13 02:00:00,12,3,0,1,0,8.4,-0.1,27.3,0,1,0,0,0,0,0,0,1
2023-11-13 00:00:00,38,1,0,0,0,8.4,-0.1,27.3,0,1,0,0,0,0,0,0,1
2023-11-13 01:00:00,11,2,0,0,0,8.4,-0.1,27.3,0,1,0,0,0,0,0,0,1
2023-11-13 04:00:00,7,5,0,0,0,8.4,-0.1,27.3,0,1,0,0,0,0,0,0,1
2023-11-13 03:00:00,3,4,0,0,0,8.4,-0.1,27.3,0,1,0,0,0,0,0,0,1
2023-11-13 08:00:00,488,9,6,8,0,8.4,-0.1,27.3,0,1,0,0,0,0,0,0,1
2023-11-14 09:00:00,1441,10,25,12,0,8.0,6.1,19.6,0,0,0,0,0,1,0,0,1
2023-11-14 12:00:00,2639,13,25,7,0,8.0,6.1,19.6,0,0,0,0,0,1,0,0,1
2023-11-14 14:00:00,1998,15,21,18,0,8.0,6.1,19.6,0,0,0,0,0,1,0,0,1
2023-11-14 13:00:00,2729,14,21,11,0,8.0,6.1,19.6,0,0,0,0,0,1,0,0,1
2023-11-14 10:00:00,2008,11,18,23,0,8.0,6.1,19.6,0,0,0,0,0,1,0,0,1
2023-11-14 08:00:00,706,9,18,6,0,8.0,6.1,19.6,0,0,0,0,0,1,0,0,1
2023-11-13 17:00:00,703,18,3,21,0,8.4,-0.1,27.3,0,1,0,0,0,0,0,0,1
2023-11-12 21:00:00,155,22,2,2,0,9.0,-0.1,7.7,0,0,0,1,0,0,0,0,1
2023-11-13 07:00:00,215,8,1,13,0,8.4,-0.1,27.3,0,1,0,0,0,0,0,0,1
2023-11-13 06:00:00,49,7,1,8,0,8.4,-0.1,27.3,0,1,0,0,0,0,0,0,1
2023-11-13 22:00:00,143,23,1,4,0,8.4,-0.1,27.3,0,1,0,0,0,0,0,0,1
2023-11-13 21:00:00,149,22,1,3,0,8.4,-0.1,27.3,0,1,0,0,0,0,0,0,1
2023-11-13 23:00:00,21,0,1,0,0,8.4,-0.1,27.3,0,1,0,0,0,0,0,0,1
2023-11-14 05:00:00,17,6,0,4,0,8.0,6.1,19.6,0,0,0,0,0,1,0,0,1
2023-11-14 03:00:00,4,4,0,2,0,8.0,6.1,19.6,0,0,0,0,0,1,0,0,1
2023-11-14 18:00:00,323,19,3,3,0,8.0,6.1,19.6,0,0,0,0,0,1,0,0,1
2023-11-14 06:00:00,35,7,0,1,0,8.0,6.1,19.6,0,0,0,0,0,1,0,0,1
2023-11-16 15:00:00,2369,16,8,9,0,11.2,5.5,0.0,0,0,0,0,1,0,0,0,1
2023-11-16 16:00:00,1738,17,6,19,0,11.2,5.5,0.0,0,0,0,0,1,0,0,0,1
2023-11-14 00:00:00,13,1,0,1,0,8.0,6.1,19.6,0,0,0,0,0,1,0,0,1
2023-11-14 23:00:00,34,0,0,0,0,8.0,6.1,19.6,0,0,0,0,0,1,0,0,1
2023-11-14 01:00:00,14,2,0,0,0,8.0,6.1,19.6,0,0,0,0,0,1,0,0,1
2023-11-15 07:00:00,188,8,3,6,0,6.8,6.1,1.1,0,0,0,0,0,0,1,0,1
2023-11-15 18:00:00,478,19,3,3,0,6.8,6.1,1.1,0,0,0,0,0,0,1,0,1
2023-11-14 02:00:00,3,3,0,0,0,8.0,6.1,19.6,0,0,0,0,0,1,0,0,1
2023-11-14 04:00:00,3,5,0,0,0,8.0,6.1,19.6,0,0,0,0,0,1,0,0,1
2023-11-15 16:00:00,2238,17,6,24,0,6.8,6.1,1.1,0,0,0,0,0,0,1,0,1
2023-11-15 17:00:00,1537,18,5,6,0,6.8,6.1,1.1,0,0,0,0,0,0,1,0,1
2023-11-14 17:00:00,1176,18,0,10,0,8.0,6.1,19.6,0,0,0,0,0,1,0,0,1
2023-11-14 19:00:00,214,20,0,6,0,8.0,6.1,19.6,0,0,0,0,0,1,0,0,1
2023-11-14 21:00:00,141,22,0,6,0,8.0,6.1,19.6,0,0,0,0,0,1,0,0,1
2023-11-15 14:00:00,2506,15,24,29,0,6.8,6.1,1.1,0,0,0,0,0,0,1,0,1
2023-11-16 12:00:00,3125,13,25,11,0,11.2,5.5,0.0,0,0,0,0,1,0,0,0,1
2023-11-14 16:00:00,1723,17,2,14,0,8.0,6.1,19.6,0,0,0,0,0,1,0,0,1
2023-11-15 10:00:00,1854,11,21,26,0,6.8,6.1,1.1,0,0,0,0,0,0,1,0,1
2023-11-15 09:00:00,1198,10,21,20,0,6.8,6.1,1.1,0,0,0,0,0,0,1,0,1
2023-11-15 11:00:00,2404,12,21,12,0,6.8,6.1,1.1,0,0,0,0,0,0,1,0,1
2023-11-16 11:00:00,2618,12,22,20,0,11.2,5.5,0.0,0,0,0,0,1,0,0,0,1
2023-11-15 19:00:00,397,20,2,7,0,6.8,6.1,1.1,0,0,0,0,0,0,1,0,1
2023-11-15 23:00:00,42,0,2,2,0,6.8,6.1,1.1,0,0,0,0,0,0,1,0,1
2023-11-16 13:00:00,3284,14,18,18,0,11.2,5.5,0.0,0,0,0,0,1,0,0,0,1
2023-11-16 10:00:00,2193,11,16,24,0,11.2,5.5,0.0,0,0,0,0,1,0,0,0,1
2023-11-16 14:00:00,2954,15,16,10,0,11.2,5.5,0.0,0,0,0,0,1,0,0,0,1
2023-11-15 15:00:00,2443,16,17,15,0,6.8,6.1,1.1,0,0,0,0,0,0,1,0,1
2023-11-15 13:00:00,2807,14,16,10,0,6.8,6.1,1.1,0,0,0,0,0,0,1,0,1
2023-11-15 12:00:00,2726,13,16,9,0,6.8,6.1,1.1,0,0,0,0,0,0,1,0,1
2023-11-15 08:00:00,655,9,15,13,0,6.8,6.1,1.1,0,0,0,0,0,0,1,0,1
2023-11-16 09:00:00,1360,10,14,18,0,11.2,5.5,0.0,0,0,0,0,1,0,0,0,1
2023-11-15 20:00:00,237,21,0,8,0,6.8,6.1,1.1,0,0,0,0,0,0,1,0,1
2023-11-16 08:00:00,663,9,13,11,0,11.2,5.5,0.0,0,0,0,0,1,0,0,0,1
2023-11-15 06:00:00,59,7,0,4,0,6.8,6.1,1.1,0,0,0,0,0,0,1,0,1
2023-11-15 04:00:00,14,5,0,1,0,6.8,6.1,1.1,0,0,0,0,0,0,1,0,1
2023-11-15 00:00:00,11,1,0,1,0,6.8,6.1,1.1,0,0,0,0,0,0,1,0,1
2023-11-15 01:00:00,5,2,0,1,0,6.8,6.1,1.1,0,0,0,0,0,0,1,0,1
2023-11-15 05:00:00,40,6,0,0,0,6.8,6.1,1.1,0,0,0,0,0,0,1,0,1
2023-11-15 02:00:00,12,3,0,0,0,6.8,6.1,1.1,0,0,0,0,0,0,1,0,1
2023-11-14 20:00:00,175,21,1,9,0,8.0,6.1,19.6,0,0,0,0,0,1,0,0,1
2023-11-15 21:00:00,221,22,1,1,0,6.8,6.1,1.1,0,0,0,0,0,0,1,0,1
2023-11-15 22:00:00,147,23,1,1,0,6.8,6.1,1.1,0,0,0,0,0,0,1,0,1
2023-11-14 07:00:00,216,8,1,4,0,8.0,6.1,19.6,0,0,0,0,0,1,0,0,1
2023-11-14 22:00:00,72,23,1,1,0,8.0,6.1,19.6,0,0,0,0,0,1,0,0,1
2023-11-17 18:00:00,618,19,2,16,0,10.8,3.9,2.4,1,0,0,0,0,0,0,0,1
2023-11-17 20:00:00,370,21,2,16,0,10.8,3.9,2.4,1,0,0,0,0,0,0,0,1
2023-11-17 07:00:00,228,8,2,12,0,10.8,3.9,2.4,1,0,0,0,0,0,0,0,1
2023-11-17 00:00:00,11,1,2,1,0,10.8,3.9,2.4,1,0,0,0,0,0,0,0,1
2023-11-18 10:00:00,2101,11,17,37,0,12.9,5.5,9.6,0,0,1,0,0,0,0,0,1
2023-11-17 23:00:00,170,0,0,43,0,10.8,3.9,2.4,1,0,0,0,0,0,0,0,1
2023-11-17 22:00:00,381,23,0,34,0,10.8,3.9,2.4,1,0,0,0,0,0,0,0,1
2023-11-17 06:00:00,69,7,0,2,0,10.8,3.9,2.4,1,0,0,0,0,0,0,0,1
2023-11-17 05:00:00,40,6,0,2,0,10.8,3.9,2.4,1,0,0,0,0,0,0,0,1
2023-11-17 03:00:00,18,4,0,2,0,10.8,3.9,2.4,1,0,0,0,0,0,0,0,1
2023-11-17 04:00:00,4,5,0,1,0,10.8,3.9,2.4,1,0,0,0,0,0,0,0,1
2023-11-17 02:00:00,11,3,0,0,0,10.8,3.9,2.4,1,0,0,0,0,0,0,0,1
2023-11-17 01:00:00,8,2,0,0,0,10.8,3.9,2.4,1,0,0,0,0,0,0,0,1
2023-11-18 14:00:00,3761,15,23,10,0,12.9,5.5,9.6,0,0,1,0,0,0,0,0,1
2023-11-16 19:00:00,170,20,1,2,0,11.2,5.5,0.0,0,0,0,0,1,0,0,0,1
2023-11-18 13:00:00,3294,14,16,19,0,12.9,5.5,9.6,0,0,1,0,0,0,0,0,1
2023-11-18 15:00:00,2807,16,15,15,0,12.9,5.5,9.6,0,0,1,0,0,0,0,0,1
2023-11-18 18:00:00,492,19,3,4,0,12.9,5.5,9.6,0,0,1,0,0,0,0,0,1
2023-11-18 17:00:00,1358,18,2,3,0,12.9,5.5,9.6,0,0,1,0,0,0,0,0,1
2023-11-16 17:00:00,736,18,1,1,0,11.2,5.5,0.0,0,0,0,0,1,0,0,0,1
2023-11-17 09:00:00,1363,10,10,14,0,10.8,3.9,2.4,1,0,0,0,0,0,0,0,1
2023-11-17 19:00:00,500,20,6,12,0,10.8,3.9,2.4,1,0,0,0,0,0,0,0,1
2023-11-17 08:00:00,693,9,3,16,0,10.8,3.9,2.4,1,0,0,0,0,0,0,0,1
2023-11-17 21:00:00,474,22,1,39,0,10.8,3.9,2.4,1,0,0,0,0,0,0,0,1
2023-11-17 17:00:00,1356,18,23,17,0,10.8,3.9,2.4,1,0,0,0,0,0,0,0,1
2023-11-16 18:00:00,329,19,0,2,0,11.2,5.5,0.0,0,0,0,0,1,0,0,0,1
2023-11-16 20:00:00,148,21,0,2,0,11.2,5.5,0.0,0,0,0,0,1,0,0,0,1
2023-11-16 21:00:00,110,22,0,2,0,11.2,5.5,0.0,0,0,0,0,1,0,0,0,1
2023-11-16 00:00:00,28,1,0,2,0,11.2,5.5,0.0,0,0,0,0,1,0,0,0,1
2023-11-16 06:00:00,61,7,0,1,0,11.2,5.5,0.0,0,0,0,0,1,0,0,0,1
2023-11-16 05:00:00,42,6,0,1,0,11.2,5.5,0.0,0,0,0,0,1,0,0,0,1
2023-11-16 22:00:00,72,23,0,0,0,11.2,5.5,0.0,0,0,0,0,1,0,0,0,1
2023-11-16 01:00:00,18,2,0,0,0,11.2,5.5,0.0,0,0,0,0,1,0,0,0,1
2023-11-16 04:00:00,13,5,0,0,0,11.2,5.5,0.0,0,0,0,0,1,0,0,0,1
2023-11-16 02:00:00,8,3,0,0,0,11.2,5.5,0.0,0,0,0,0,1,0,0,0,1
2023-11-16 03:00:00,6,4,0,0,0,11.2,5.5,0.0,0,0,0,0,1,0,0,0,1
2023-11-17 12:00:00,3383,13,35,20,0,10.8,3.9,2.4,1,0,0,0,0,0,0,0,1
2023-11-18 08:00:00,423,9,13,15,0,12.9,5.5,9.6,0,0,1,0,0,0,0,0,1
2023-11-17 11:00:00,2939,12,22,10,0,10.8,3.9,2.4,1,0,0,0,0,0,0,0,1
2023-11-16 07:00:00,189,8,3,12,0,11.2,5.5,0.0,0,0,0,0,1,0,0,0,1
2023-11-16 23:00:00,24,0,3,0,0,11.2,5.5,0.0,0,0,0,0,1,0,0,0,1
2023-11-17 13:00:00,3334,14,20,10,0,10.8,3.9,2.4,1,0,0,0,0,0,0,0,1
2023-11-18 11:00:00,2196,12,10,27,0,12.9,5.5,9.6,0,0,1,0,0,0,0,0,1
2023-11-18 16:00:00,2268,17,9,23,0,12.9,5.5,9.6,0,0,1,0,0,0,0,0,1
2023-11-17 10:00:00,2152,11,19,25,0,10.8,3.9,2.4,1,0,0,0,0,0,0,0,1
2023-11-17 14:00:00,3057,15,19,19,0,10.8,3.9,2.4,1,0,0,0,0,0,0,0,1
2023-11-18 09:00:00,1061,10,8,27,0,12.9,5.5,9.6,0,0,1,0,0,0,0,0,1
2023-11-17 15:00:00,2698,16,16,9,0,10.8,3.9,2.4,1,0,0,0,0,0,0,0,1
2023-11-17 16:00:00,2183,17,15,12,0,10.8,3.9,2.4,1,0,0,0,0,0,0,0,1
2023-11-18 12:00:00,3054,13,6,15,0,12.9,5.5,9.6,0,0,1,0,0,0,0,0,1
2023-11-18 00:00:00,130,1,1,45,0,12.9,5.5,9.6,0,0,1,0,0,0,0,0,1
2023-11-19 19:00:00,670,20,1,34,0,12.5,5.5,0.2,0,0,0,1,0,0,0,0,1
2023-11-19 23:00:00,36,0,1,0,0,12.5,5.5,0.2,0,0,0,1,0,0,0,0,1
2023-11-18 19:00:00,281,20,1,2,0,12.9,5.5,9.6,0,0,1,0,0,0,0,0,1
2023-11-19 01:00:00,66,2,0,39,0,12.5,5.5,0.2,0,0,0,1,0,0,0,0,1
2023-11-19 22:00:00,241,23,0,34,0,12.5,5.5,0.2,0,0,0,1,0,0,0,0,1
2023-11-19 02:00:00,44,3,0,34,0,12.5,5.5,0.2,0,0,0,1,0,0,0,0,1
2023-11-20 21:00:00,277,22,5,27,0,12.0,8.3,0.0,0,1,0,0,0,0,0,0,1
2023-11-19 20:00:00,421,21,0,27,0,12.5,5.5,0.2,0,0,0,1,0,0,0,0,1
2023-11-20 08:00:00,652,9,5,11,0,12.0,8.3,0.0,0,1,0,0,0,0,0,0,1
2023-11-20 15:00:00,2193,16,16,15,0,12.0,8.3,0.0,0,1,0,0,0,0,0,0,1
2023-11-19 21:00:00,281,22,0,22,0,12.5,5.5,0.2,0,0,0,1,0,0,0,0,1
2023-11-19 10:00:00,919,11,10,5,0,12.5,5.5,0.2,0,0,0,1,0,0,0,0,1
2023-11-19 08:00:00,116,9,9,4,0,12.5,5.5,0.2,0,0,0,1,0,0,0,0,1
2023-11-19 09:00:00,308,10,8,6,0,12.5,5.5,0.2,0,0,0,1,0,0,0,0,1
2023-11-19 16:00:00,1900,17,7,19,0,12.5,5.5,0.2,0,0,0,1,0,0,0,0,1
2023-11-19 18:00:00,628,19,6,28,0,12.5,5.5,0.2,0,0,0,1,0,0,0,0,1
2023-11-20 22:00:00,215,23,4,10,0,12.0,8.3,0.0,0,1,0,0,0,0,0,0,1
2023-11-20 19:00:00,275,20,4,7,0,12.0,8.3,0.0,0,1,0,0,0,0,0,0,1
2023-11-18 01:00:00,138,2,0,37,0,12.9,5.5,9.6,0,0,1,0,0,0,0,0,1
2023-11-18 02:00:00,43,3,0,23,0,12.9,5.5,9.6,0,0,1,0,0,0,0,0,1
2023-11-18 23:00:00,97,0,0,81,0,12.9,5.5,9.6,0,0,1,0,0,0,0,0,1
2023-11-19 03:00:00,37,4,0,5,0,12.5,5.5,0.2,0,0,0,1,0,0,0,0,1
2023-11-18 22:00:00,187,23,0,78,0,12.9,5.5,9.6,0,0,1,0,0,0,0,0,1
2023-11-19 07:00:00,37,8,0,2,0,12.5,5.5,0.2,0,0,0,1,0,0,0,0,1
2023-11-18 03:00:00,75,4,0,10,0,12.9,5.5,9.6,0,0,1,0,0,0,0,0,1
2023-11-19 06:00:00,14,7,0,2,0,12.5,5.5,0.2,0,0,0,1,0,0,0,0,1
2023-11-18 21:00:00,235,22,0,60,0,12.9,5.5,9.6,0,0,1,0,0,0,0,0,1
2023-11-19 04:00:00,12,5,0,0,0,12.5,5.5,0.2,0,0,0,1,0,0,0,0,1
2023-11-19 05:00:00,4,6,0,0,0,12.5,5.5,0.2,0,0,0,1,0,0,0,0,1
2023-11-20 11:00:00,2962,12,47,22,0,12.0,8.3,0.0,0,1,0,0,0,0,0,0,1
2023-11-18 07:00:00,103,8,0,4,0,12.9,5.5,9.6,0,0,1,0,0,0,0,0,1
2023-11-18 06:00:00,35,7,0,2,0,12.9,5.5,9.6,0,0,1,0,0,0,0,0,1
2023-11-18 20:00:00,224,21,0,1,0,12.9,5.5,9.6,0,0,1,0,0,0,0,0,1
2023-11-18 05:00:00,22,6,0,1,0,12.9,5.5,9.6,0,0,1,0,0,0,0,0,1
2023-11-18 04:00:00,16,5,0,1,0,12.9,5.5,9.6,0,0,1,0,0,0,0,0,1
2023-11-19 11:00:00,1671,12,39,12,0,12.5,5.5,0.2,0,0,0,1,0,0,0,0,1
2023-11-19 12:00:00,2283,13,33,14,0,12.5,5.5,0.2,0,0,0,1,0,0,0,0,1
2023-11-19 15:00:00,2306,16,32,13,0,12.5,5.5,0.2,0,0,0,1,0,0,0,0,1
2023-11-19 13:00:00,2575,14,32,8,0,12.5,5.5,0.2,0,0,0,1,0,0,0,0,1
2023-11-19 14:00:00,2459,15,22,6,0,12.5,5.5,0.2,0,0,0,1,0,0,0,0,1
2023-11-20 23:00:00,72,0,3,2,0,12.0,8.3,0.0,0,1,0,0,0,0,0,0,1
2023-11-20 17:00:00,1130,18,9,3,0,12.0,8.3,0.0,0,1,0,0,0,0,0,0,1
2023-11-20 12:00:00,3012,13,36,39,0,12.0,8.3,0.0,0,1,0,0,0,0,0,0,1
2023-11-20 18:00:00,384,19,9,2,0,12.0,8.3,0.0,0,1,0,0,0,0,0,0,1
2023-11-20 09:00:00,1357,10,8,20,0,12.0,8.3,0.0,0,1,0,0,0,0,0,0,1
2023-11-20 10:00:00,2243,11,30,22,0,12.0,8.3,0.0,0,1,0,0,0,0,0,0,1
2023-11-20 13:00:00,2798,14,30,6,0,12.0,8.3,0.0,0,1,0,0,0,0,0,0,1
2023-11-19 17:00:00,1272,18,2,36,0,12.5,5.5,0.2,0,0,0,1,0,0,0,0,1
2023-11-20 14:00:00,2484,15,26,11,0,12.0,8.3,0.0,0,1,0,0,0,0,0,0,1
2023-11-19 00:00:00,149,1,1,50,0,12.5,5.5,0.2,0,0,0,1,0,0,0,0,1
2023-11-20 16:00:00,1771,17,20,9,0,12.0,8.3,0.0,0,1,0,0,0,0,0,0,1
2023-11-21 19:00:00,611,20,0,28,0,14.4,3.8,0.0,0,0,0,0,0,1,0,0,1
2023-11-21 23:00:00,70,0,0,25,0,14.4,3.8,0.0,0,0,0,0,0,1,0,0,1
2023-11-21 21:00:00,335,22,0,23,0,14.4,3.8,0.0,0,0,0,0,0,1,0,0,1
2023-11-22 08:00:00,961,9,14,49,0,13.1,5.5,0.0,0,0,0,0,0,0,1,0,1
2023-11-21 06:00:00,58,7,0,4,0,14.4,3.8,0.0,0,0,0,0,0,1,0,0,1
2023-11-21 05:00:00,52,6,0,4,0,14.4,3.8,0.0,0,0,0,0,0,1,0,0,1
2023-11-21 01:00:00,32,2,0,2,0,14.4,3.8,0.0,0,0,0,0,0,1,0,0,1
2023-11-21 00:00:00,24,1,0,2,0,14.4,3.8,0.0,0,0,0,0,0,1,0,0,1
2023-11-21 02:00:00,9,3,0,1,0,14.4,3.8,0.0,0,0,0,0,0,1,0,0,1
2023-11-21 03:00:00,4,4,0,1,0,14.4,3.8,0.0,0,0,0,0,0,1,0,0,1
2023-11-20 06:00:00,63,7,0,3,0,12.0,8.3,0.0,0,1,0,0,0,0,0,0,1
2023-11-20 07:00:00,182,8,1,8,0,12.0,8.3,0.0,0,1,0,0,0,0,0,0,1
2023-11-21 04:00:00,8,5,0,0,0,14.4,3.8,0.0,0,0,0,0,0,1,0,0,1
2023-11-21 15:00:00,2493,16,20,12,0,14.4,3.8,0.0,0,0,0,0,0,1,0,0,1
2023-11-20 05:00:00,20,6,0,3,0,12.0,8.3,0.0,0,1,0,0,0,0,0,0,1
2023-11-21 18:00:00,615,19,6,13,0,14.4,3.8,0.0,0,0,0,0,0,1,0,0,1
2023-11-20 00:00:00,27,1,0,0,0,12.0,8.3,0.0,0,1,0,0,0,0,0,0,1
2023-11-20 01:00:00,25,2,0,0,0,12.0,8.3,0.0,0,1,0,0,0,0,0,0,1
2023-11-20 02:00:00,14,3,0,0,0,12.0,8.3,0.0,0,1,0,0,0,0,0,0,1
2023-11-21 10:00:00,2067,11,17,16,0,14.4,3.8,0.0,0,0,0,0,0,1,0,0,1
2023-11-21 13:00:00,3281,14,17,8,0,14.4,3.8,0.0,0,0,0,0,0,1,0,0,1
2023-11-21 12:00:00,3103,13,13,12,0,14.4,3.8,0.0,0,0,0,0,0,1,0,0,1
2023-11-21 16:00:00,2203,17,12,13,0,14.4,3.8,0.0,0,0,0,0,0,1,0,0,1
2023-11-21 08:00:00,685,9,12,10,0,14.4,3.8,0.0,0,0,0,0,0,1,0,0,1
2023-11-21 14:00:00,2636,15,10,22,0,14.4,3.8,0.0,0,0,0,0,0,1,0,0,1
2023-11-21 17:00:00,1442,18,10,1,0,14.4,3.8,0.0,0,0,0,0,0,1,0,0,1
2023-11-21 09:00:00,1375,10,9,15,0,14.4,3.8,0.0,0,0,0,0,0,1,0,0,1
2023-11-20 03:00:00,9,4,0,0,0,12.0,8.3,0.0,0,1,0,0,0,0,0,0,1
2023-11-22 15:00:00,1761,16,13,35,0,13.1,5.5,0.0,0,0,0,0,0,0,1,0,1
2023-11-20 04:00:00,5,5,0,0,0,12.0,8.3,0.0,0,1,0,0,0,0,0,0,1
2023-11-22 12:00:00,4243,13,13,32,0,13.1,5.5,0.0,0,0,0,0,0,0,1,0,1
2023-11-21 11:00:00,2764,12,21,6,0,14.4,3.8,0.0,0,0,0,0,0,1,0,0,1
2023-11-22 14:00:00,3231,15,18,21,0,13.1,5.5,0.0,0,0,0,0,0,0,1,0,1
2023-11-22 10:00:00,2780,11,17,49,0,13.1,5.5,0.0,0,0,0,0,0,0,1,0,1
2023-11-22 09:00:00,1627,10,12,42,0,13.1,5.5,0.0,0,0,0,0,0,0,1,0,1
2023-11-22 11:00:00,3385,12,12,28,0,13.1,5.5,0.0,0,0,0,0,0,0,1,0,1
2023-11-22 13:00:00,4152,14,12,18,0,13.1,5.5,0.0,0,0,0,0,0,0,1,0,1
2023-11-21 07:00:00,184,8,4,5,0,14.4,3.8,0.0,0,0,0,0,0,1,0,0,1
2023-11-22 17:00:00,1322,18,11,16,0,13.1,5.5,0.0,0,0,0,0,0,0,1,0,1
2023-11-22 20:00:00,328,21,3,34,0,13.1,5.5,0.0,0,0,0,0,0,0,1,0,1
2023-11-22 21:00:00,243,22,9,34,0,13.1,5.5,0.0,0,0,0,0,0,0,1,0,1
2023-11-21 20:00:00,411,21,2,37,0,14.4,3.8,0.0,0,0,0,0,0,1,0,0,1
2023-11-22 19:00:00,275,20,1,48,0,13.1,5.5,0.0,0,0,0,0,0,0,1,0,1
2023-11-22 23:00:00,116,0,1,22,0,13.1,5.5,0.0,0,0,0,0,0,0,1,0,1
2023-11-21 22:00:00,280,23,2,27,0,14.4,3.8,0.0,0,0,0,0,0,1,0,0,1
2023-11-22 18:00:00,565,19,9,33,0,13.1,5.5,0.0,0,0,0,0,0,0,1,0,1
2023-11-22 22:00:00,181,23,9,29,0,13.1,5.5,0.0,0,0,0,0,0,0,1,0,1
2023-11-20 20:00:00,237,21,0,13,0,12.0,8.3,0.0,0,1,0,0,0,0,0,0,1
2023-11-22 16:00:00,1552,17,8,25,0,13.1,5.5,0.0,0,0,0,0,0,0,1,0,1
2023-11-22 07:00:00,318,8,7,28,0,13.1,5.5,0.0,0,0,0,0,0,0,1,0,1
2023-11-22 01:00:00,42,2,1,16,0,13.1,5.5,0.0,0,0,0,0,0,0,1,0,1
2023-11-24 13:00:00,2405,14,9,102,0,4.6,4.1,0.0,1,0,0,0,0,0,0,0,1
2023-11-22 06:00:00,88,7,1,14,0,13.1,5.5,0.0,0,0,0,0,0,0,1,0,1
2023-11-23 09:00:00,1517,10,10,25,0,6.7,11.5,0.0,0,0,0,0,1,0,0,0,1
2023-11-24 07:00:00,276,8,2,9,0,4.6,4.1,0.0,1,0,0,0,0,0,0,0,1
2023-11-23 08:00:00,655,9,9,14,0,6.7,11.5,0.0,0,0,0,0,1,0,0,0,1
2023-11-23 16:00:00,2332,17,6,9,0,6.7,11.5,0.0,0,0,0,0,1,0,0,0,1
2023-11-23 17:00:00,1570,18,5,3,0,6.7,11.5,0.0,0,0,0,0,1,0,0,0,1
2023-11-23 12:00:00,2731,13,40,20,0,6.7,11.5,0.0,0,0,0,0,1,0,0,0,1
2023-11-23 23:00:00,88,0,0,21,0,6.7,11.5,0.0,0,0,0,0,1,0,0,0,1
2023-11-23 00:00:00,40,1,0,17,0,6.7,11.5,0.0,0,0,0,0,1,0,0,0,1
2023-11-23 02:00:00,27,3,0,11,0,6.7,11.5,0.0,0,0,0,0,1,0,0,0,1
2023-11-23 01:00:00,24,2,0,10,0,6.7,11.5,0.0,0,0,0,0,1,0,0,0,1
2023-11-23 03:00:00,14,4,0,7,0,6.7,11.5,0.0,0,0,0,0,1,0,0,0,1
2023-11-23 21:00:00,185,22,0,3,0,6.7,11.5,0.0,0,0,0,0,1,0,0,0,1
2023-11-23 04:00:00,17,5,0,2,0,6.7,11.5,0.0,0,0,0,0,1,0,0,0,1
2023-11-23 22:00:00,217,23,0,1,0,6.7,11.5,0.0,0,0,0,0,1,0,0,0,1
2023-11-23 13:00:00,3044,14,31,14,0,6.7,11.5,0.0,0,0,0,0,1,0,0,0,1
2023-11-23 14:00:00,2850,15,23,11,0,6.7,11.5,0.0,0,0,0,0,1,0,0,0,1
2023-11-23 11:00:00,2763,12,20,17,0,6.7,11.5,0.0,0,0,0,0,1,0,0,0,1
2023-11-23 15:00:00,2783,16,18,9,0,6.7,11.5,0.0,0,0,0,0,1,0,0,0,1
2023-11-23 18:00:00,494,19,3,1,0,6.7,11.5,0.0,0,0,0,0,1,0,0,0,1
2023-11-24 15:00:00,2832,16,19,11,0,4.6,4.1,0.0,1,0,0,0,0,0,0,0,1
2023-11-24 11:00:00,2787,12,4,7,0,4.6,4.1,0.0,1,0,0,0,0,0,0,0,1
2023-11-24 17:00:00,1662,18,4,4,0,4.6,4.1,0.0,1,0,0,0,0,0,0,0,1
2023-11-24 18:00:00,580,19,4,1,0,4.6,4.1,0.0,1,0,0,0,0,0,0,0,1
2023-11-24 20:00:00,546,21,3,59,0,4.6,4.1,0.0,1,0,0,0,0,0,0,0,1
2023-11-24 14:00:00,3148,15,18,17,0,4.6,4.1,0.0,1,0,0,0,0,0,0,0,1
2023-11-24 12:00:00,3246,13,18,9,0,4.6,4.1,0.0,1,0,0,0,0,0,0,0,1
2023-11-24 22:00:00,332,23,1,49,0,4.6,4.1,0.0,1,0,0,0,0,0,0,0,1
2023-11-23 06:00:00,72,7,2,13,0,6.7,11.5,0.0,0,0,0,0,1,0,0,0,1
2023-11-23 20:00:00,213,21,2,4,0,6.7,11.5,0.0,0,0,0,0,1,0,0,0,1
2023-11-24 19:00:00,577,20,1,47,0,4.6,4.1,0.0,1,0,0,0,0,0,0,0,1
2023-11-24 10:00:00,2302,11,15,51,0,4.6,4.1,0.0,1,0,0,0,0,0,0,0,1
2023-11-24 09:00:00,1727,10,15,36,0,4.6,4.1,0.0,1,0,0,0,0,0,0,0,1
2023-11-24 16:00:00,2791,17,15,15,0,4.6,4.1,0.0,1,0,0,0,0,0,0,0,1
2023-11-24 08:00:00,771,9,15,10,0,4.6,4.1,0.0,1,0,0,0,0,0,0,0,1
2023-11-22 00:00:00,44,1,0,24,0,13.1,5.5,0.0,0,0,0,0,0,0,1,0,1
2023-11-22 05:00:00,44,6,0,11,0,13.1,5.5,0.0,0,0,0,0,0,0,1,0,1
2023-11-22 02:00:00,21,3,0,11,0,13.1,5.5,0.0,0,0,0,0,0,0,1,0,1
2023-11-22 04:00:00,16,5,0,10,0,13.1,5.5,0.0,0,0,0,0,0,0,1,0,1
2023-11-23 10:00:00,2142,11,1,12,0,6.7,11.5,0.0,0,0,0,0,1,0,0,0,1
2023-11-24 05:00:00,43,6,1,1,0,4.6,4.1,0.0,1,0,0,0,0,0,0,0,1
2023-11-23 05:00:00,36,6,1,6,0,6.7,11.5,0.0,0,0,0,0,1,0,0,0,1
2023-11-22 03:00:00,5,4,0,4,0,13.1,5.5,0.0,0,0,0,0,0,0,1,0,1
2023-11-23 19:00:00,418,20,1,4,0,6.7,11.5,0.0,0,0,0,0,1,0,0,0,1
2023-11-23 07:00:00,196,8,1,2,0,6.7,11.5,0.0,0,0,0,0,1,0,0,0,1
2023-11-24 21:00:00,403,22,0,66,0,4.6,4.1,0.0,1,0,0,0,0,0,0,0,1
2023-11-24 23:00:00,147,0,0,61,0,4.6,4.1,0.0,1,0,0,0,0,0,0,0,1
2023-11-25 09:00:00,1206,10,13,12,0,4.3,5.5,0.0,0,0,1,0,0,0,0,0,1
2023-11-25 13:00:00,4426,14,11,7,0,4.3,5.5,0.0,0,0,1,0,0,0,0,0,1
2023-11-25 11:00:00,2381,12,10,9,0,4.3,5.5,0.0,0,0,1,0,0,0,0,0,1
2023-11-25 16:00:00,2542,17,10,5,0,4.3,5.5,0.0,0,0,1,0,0,0,0,0,1
2023-11-25 14:00:00,4233,15,7,8,0,4.3,5.5,0.0,0,0,1,0,0,0,0,0,1
2023-11-25 08:00:00,515,9,7,3,0,4.3,5.5,0.0,0,0,1,0,0,0,0,0,1
2023-11-25 02:00:00,20,3,0,5,0,4.3,5.5,0.0,0,0,1,0,0,0,0,0,1
2023-11-25 06:00:00,28,7,0,2,0,4.3,5.5,0.0,0,0,1,0,0,0,0,0,1
2023-11-25 05:00:00,35,6,0,1,0,4.3,5.5,0.0,0,0,1,0,0,0,0,0,1
2023-11-25 03:00:00,24,4,0,0,0,4.3,5.5,0.0,0,0,1,0,0,0,0,0,1
2023-11-25 04:00:00,19,5,0,0,0,4.3,5.5,0.0,0,0,1,0,0,0,0,0,1
2023-11-26 13:00:00,2306,14,21,7,0,8.4,5.5,0.0,0,0,0,1,0,0,0,0,1
2023-11-26 12:00:00,2062,13,19,14,0,8.4,5.5,0.0,0,0,0,1,0,0,0,0,1
2023-11-26 14:00:00,2366,15,17,6,0,8.4,5.5,0.0,0,0,0,1,0,0,0,0,1
2023-11-26 11:00:00,2115,12,15,28,0,8.4,5.5,0.0,0,0,0,1,0,0,0,0,1
2023-11-25 15:00:00,3118,16,6,1,0,4.3,5.5,0.0,0,0,1,0,0,0,0,0,1
2023-11-24 00:00:00,91,1,0,29,0,4.6,4.1,0.0,1,0,0,0,0,0,0,0,1
2023-11-25 19:00:00,734,20,1,66,0,4.3,5.5,0.0,0,0,1,0,0,0,0,0,1
2023-11-25 20:00:00,632,21,1,47,0,4.3,5.5,0.0,0,0,1,0,0,0,0,0,1
2023-11-25 18:00:00,837,19,1,0,0,4.3,5.5,0.0,0,0,1,0,0,0,0,0,1
2023-11-25 22:00:00,371,23,0,80,0,4.3,5.5,0.0,0,0,1,0,0,0,0,0,1
2023-11-25 01:00:00,83,2,0,67,0,4.3,5.5,0.0,0,0,1,0,0,0,0,0,1
2023-11-25 23:00:00,186,0,0,66,0,4.3,5.5,0.0,0,0,1,0,0,0,0,0,1
2023-11-25 00:00:00,122,1,0,56,0,4.3,5.5,0.0,0,0,1,0,0,0,0,0,1
2023-11-25 21:00:00,497,22,0,48,0,4.3,5.5,0.0,0,0,1,0,0,0,0,0,1
2023-11-26 16:00:00,1399,17,12,6,0,8.4,5.5,0.0,0,0,0,1,0,0,0,0,1
2023-11-26 06:00:00,39,7,1,8,0,8.4,5.5,0.0,0,0,0,1,0,0,0,0,1
2023-11-26 19:00:00,397,20,3,48,0,8.4,5.5,0.0,0,0,0,1,0,0,0,0,1
2023-11-26 22:00:00,197,23,3,32,0,8.4,5.5,0.0,0,0,0,1,0,0,0,0,1
2023-11-26 21:00:00,187,22,3,28,0,8.4,5.5,0.0,0,0,0,1,0,0,0,0,1
2023-11-26 18:00:00,539,19,3,26,0,8.4,5.5,0.0,0,0,0,1,0,0,0,0,1
2023-11-26 17:00:00,850,18,3,25,0,8.4,5.5,0.0,0,0,0,1,0,0,0,0,1
2023-11-26 05:00:00,38,6,1,6,0,8.4,5.5,0.0,0,0,0,1,0,0,0,0,1
2023-11-24 01:00:00,52,2,0,23,0,4.6,4.1,0.0,1,0,0,0,0,0,0,0,1
2023-11-25 17:00:00,1882,18,5,15,0,4.3,5.5,0.0,0,0,1,0,0,0,0,0,1
2023-11-26 01:00:00,129,2,0,87,0,8.4,5.5,0.0,0,0,0,1,0,0,0,0,1
2023-11-26 02:00:00,71,3,0,67,0,8.4,5.5,0.0,0,0,0,1,0,0,0,0,1
2023-11-26 00:00:00,194,1,0,50,0,8.4,5.5,0.0,0,0,0,1,0,0,0,0,1
2023-11-26 03:00:00,118,4,0,48,0,8.4,5.5,0.0,0,0,0,1,0,0,0,0,1
2023-11-26 23:00:00,67,0,0,23,0,8.4,5.5,0.0,0,0,0,1,0,0,0,0,1
2023-11-26 07:00:00,72,8,0,19,0,8.4,5.5,0.0,0,0,0,1,0,0,0,0,1
2023-11-26 15:00:00,1987,16,10,13,0,8.4,5.5,0.0,0,0,0,1,0,0,0,0,1
2023-11-24 02:00:00,19,3,0,6,0,4.6,4.1,0.0,1,0,0,0,0,0,0,0,1
2023-11-24 06:00:00,77,7,0,3,0,4.6,4.1,0.0,1,0,0,0,0,0,0,0,1
2023-11-24 03:00:00,2,4,0,3,0,4.6,4.1,0.0,1,0,0,0,0,0,0,0,1
2023-11-24 04:00:00,9,5,0,2,0,4.6,4.1,0.0,1,0,0,0,0,0,0,0,1
2023-11-25 12:00:00,3622,13,38,19,0,4.3,5.5,0.0,0,0,1,0,0,0,0,0,1
2023-11-25 10:00:00,2496,11,24,10,0,4.3,5.5,0.0,0,0,1,0,0,0,0,0,1
2023-11-26 08:00:00,212,9,7,30,0,8.4,5.5,0.0,0,0,0,1,0,0,0,0,1
2023-11-25 07:00:00,98,8,3,4,0,4.3,5.5,0.0,0,0,1,0,0,0,0,0,1
2023-11-26 20:00:00,387,21,5,37,0,8.4,5.5,0.0,0,0,0,1,0,0,0,0,1
2023-11-26 09:00:00,384,10,5,30,0,8.4,5.5,0.0,0,0,0,1,0,0,0,0,1
2023-11-26 10:00:00,1049,11,5,27,0,8.4,5.5,0.0,0,0,0,1,0,0,0,0,1
2023-11-26 04:00:00,4,5,0,16,0,8.4,5.5,0.0,0,0,0,1,0,0,0,0,1
2023-11-28 08:00:00,691,9,14,5,0,3.6,1.1,0.0,0,0,0,0,0,1,0,0,1
2023-11-28 11:00:00,2920,12,13,16,0,3.6,1.1,0.0,0,0,0,0,0,1,0,0,1
2023-11-28 14:00:00,2631,15,13,9,0,3.6,1.1,0.0,0,0,0,0,0,1,0,0,1
2023-11-28 13:00:00,3327,14,9,8,0,3.6,1.1,0.0,0,0,0,0,0,1,0,0,1
2023-11-28 20:00:00,585,21,0,41,0,3.6,1.1,0.0,0,0,0,0,0,1,0,0,1
2023-11-28 09:00:00,1611,10,7,21,0,3.6,1.1,0.0,0,0,0,0,0,1,0,0,1
2023-11-28 12:00:00,3339,13,7,18,0,3.6,1.1,0.0,0,0,0,0,0,1,0,0,1
2023-11-28 16:00:00,2540,17,6,19,0,3.6,1.1,0.0,0,0,0,0,0,1,0,0,1
2023-11-28 15:00:00,2400,16,5,15,0,3.6,1.1,0.0,0,0,0,0,0,1,0,0,1
2023-11-28 10:00:00,2304,11,4,43,0,3.6,1.1,0.0,0,0,0,0,0,1,0,0,1
2023-11-28 19:00:00,596,20,4,34,0,3.6,1.1,0.0,0,0,0,0,0,1,0,0,1
2023-11-28 18:00:00,906,19,3,47,0,3.6,1.1,0.0,0,0,0,0,0,1,0,0,1
2023-11-28 07:00:00,228,8,3,11,0,3.6,1.1,0.0,0,0,0,0,0,1,0,0,1
2023-11-28 21:00:00,336,22,0,36,0,3.6,1.1,0.0,0,0,0,0,0,1,0,0,1
2023-11-28 23:00:00,70,0,0,33,0,3.6,1.1,0.0,0,0,0,0,0,1,0,0,1
2023-11-27 09:00:00,1309,10,8,14,0,4.8,5.5,2.4,0,1,0,0,0,0,0,0,1
2023-11-27 08:00:00,630,9,6,9,0,4.8,5.5,2.4,0,1,0,0,0,0,0,0,1
2023-11-27 17:00:00,1360,18,5,19,0,4.8,5.5,2.4,0,1,0,0,0,0,0,0,1
2023-11-27 16:00:00,1557,17,4,9,0,4.8,5.5,2.4,0,1,0,0,0,0,0,0,1
2023-11-27 07:00:00,324,8,3,16,0,4.8,5.5,2.4,0,1,0,0,0,0,0,0,1
2023-11-27 20:00:00,371,21,0,32,0,4.8,5.5,2.4,0,1,0,0,0,0,0,0,1
2023-11-27 00:00:00,38,1,0,21,0,4.8,5.5,2.4,0,1,0,0,0,0,0,0,1
2023-11-27 23:00:00,98,0,0,19,0,4.8,5.5,2.4,0,1,0,0,0,0,0,0,1
2023-11-27 19:00:00,424,20,0,18,0,4.8,5.5,2.4,0,1,0,0,0,0,0,0,1
2023-11-27 06:00:00,68,7,0,14,0,4.8,5.5,2.4,0,1,0,0,0,0,0,0,1
2023-11-27 05:00:00,44,6,0,14,0,4.8,5.5,2.4,0,1,0,0,0,0,0,0,1
2023-11-27 01:00:00,22,2,0,14,0,4.8,5.5,2.4,0,1,0,0,0,0,0,0,1
2023-11-27 03:00:00,5,4,0,9,0,4.8,5.5,2.4,0,1,0,0,0,0,0,0,1
2023-11-27 04:00:00,8,5,0,8,0,4.8,5.5,2.4,0,1,0,0,0,0,0,0,1
2023-11-27 02:00:00,29,3,0,7,0,4.8,5.5,2.4,0,1,0,0,0,0,0,0,1
2023-11-28 17:00:00,2004,18,2,21,0,3.6,1.1,0.0,0,0,0,0,0,1,0,0,1
2023-11-28 01:00:00,3,2,0,19,0,3.6,1.1,0.0,0,0,0,0,0,1,0,0,1
2023-11-28 22:00:00,265,23,1,39,0,3.6,1.1,0.0,0,0,0,0,0,1,0,0,1
2023-11-28 00:00:00,50,1,0,16,0,3.6,1.1,0.0,0,0,0,0,0,1,0,0,1
2023-11-27 18:00:00,648,19,2,16,0,4.8,5.5,2.4,0,1,0,0,0,0,0,0,1
2023-11-27 10:00:00,2246,11,23,34,0,4.8,5.5,2.4,0,1,0,0,0,0,0,0,1
2023-11-27 12:00:00,2782,13,23,17,0,4.8,5.5,2.4,0,1,0,0,0,0,0,0,1
2023-11-27 14:00:00,2337,15,22,25,0,4.8,5.5,2.4,0,1,0,0,0,0,0,0,1
2023-11-28 03:00:00,7,4,0,9,0,3.6,1.1,0.0,0,0,0,0,0,1,0,0,1
2023-11-28 02:00:00,11,3,0,6,0,3.6,1.1,0.0,0,0,0,0,0,1,0,0,1
2023-11-28 05:00:00,47,6,0,5,0,3.6,1.1,0.0,0,0,0,0,0,1,0,0,1
2023-11-27 15:00:00,2039,16,16,11,0,4.8,5.5,2.4,0,1,0,0,0,0,0,0,1
2023-11-27 13:00:00,2748,14,12,19,0,4.8,5.5,2.4,0,1,0,0,0,0,0,0,1
2023-11-27 11:00:00,2846,12,11,13,0,4.8,5.5,2.4,0,1,0,0,0,0,0,0,1
2023-11-28 04:00:00,18,5,0,5,0,3.6,1.1,0.0,0,0,0,0,0,1,0,0,1
2023-11-28 06:00:00,97,7,0,3,0,3.6,1.1,0.0,0,0,0,0,0,1,0,0,1
2023-11-27 21:00:00,275,22,1,26,0,4.8,5.5,2.4,0,1,0,0,0,0,0,0,1
2023-11-27 22:00:00,279,23,1,14,0,4.8,5.5,2.4,0,1,0,0,0,0,0,0,1
2023-11-29 13:00:00,4288,14,25,23,0,4.5,-0.7,0.0,0,0,0,0,0,0,1,0,1
2023-11-29 10:00:00,3152,11,23,60,0,4.5,-0.7,0.0,0,0,0,0,0,0,1,0,1
2023-11-30 20:00:00,447,21,1,19,1,2.2,-0.7,0.0,0,0,0,0,1,0,0,0,1
2023-11-29 01:00:00,6,2,0,17,0,4.5,-0.7,0.0,0,0,0,0,0,0,1,0,1
2023-11-30 15:00:00,2389,16,15,8,1,2.2,-0.7,0.0,0,0,0,0,1,0,0,0,1
2023-11-29 05:00:00,42,6,0,12,0,4.5,-0.7,0.0,0,0,0,0,0,0,1,0,1
2023-11-30 16:00:00,2356,17,5,15,1,2.2,-0.7,0.0,0,0,0,0,1,0,0,0,1
2023-11-29 02:00:00,13,3,0,12,0,4.5,-0.7,0.0,0,0,0,0,0,0,1,0,1
2023-11-29 03:00:00,1,4,0,10,0,4.5,-0.7,0.0,0,0,0,0,0,0,1,0,1
2023-11-29 16:00:00,2076,17,6,17,0,4.5,-0.7,0.0,0,0,0,0,0,0,1,0,1
2023-11-29 17:00:00,1357,18,3,5,0,4.5,-0.7,0.0,0,0,0,0,0,0,1,0,1
2023-11-30 21:00:00,380,22,0,22,1,2.2,-0.7,0.0,0,0,0,0,1,0,0,0,1
2023-11-29 18:00:00,505,19,0,4,0,4.5,-0.7,0.0,0,0,0,0,0,0,1,0,1
2023-11-29 04:00:00,11,5,0,3,0,4.5,-0.7,0.0,0,0,0,0,0,0,1,0,1
2023-11-29 20:00:00,251,21,0,2,0,4.5,-0.7,0.0,0,0,0,0,0,0,1,0,1
2023-11-29 22:00:00,138,23,0,0,0,4.5,-0.7,0.0,0,0,0,0,0,0,1,0,1
2023-11-30 23:00:00,83,0,0,22,1,2.2,-0.7,0.0,0,0,0,0,1,0,0,0,1
2023-11-30 12:00:00,2772,13,13,12,1,2.2,-0.7,0.0,0,0,0,0,1,0,0,0,1
2023-11-30 05:00:00,34,6,0,4,1,2.2,-0.7,0.0,0,0,0,0,1,0,0,0,1
2023-11-30 06:00:00,47,7,0,2,1,2.2,-0.7,0.0,0,0,0,0,1,0,0,0,1
2023-11-30 02:00:00,12,3,0,2,1,2.2,-0.7,0.0,0,0,0,0,1,0,0,0,1
2023-11-30 04:00:00,12,5,0,2,1,2.2,-0.7,0.0,0,0,0,0,1,0,0,0,1
2023-11-30 01:00:00,10,2,0,2,1,2.2,-0.7,0.0,0,0,0,0,1,0,0,0,1
2023-11-30 03:00:00,2,4,0,2,1,2.2,-0.7,0.0,0,0,0,0,1,0,0,0,1
2023-11-30 00:00:00,37,1,0,0,1,2.2,-0.7,0.0,0,0,0,0,1,0,0,0,1
2023-11-30 09:00:00,1850,10,4,13,1,2.2,-0.7,0.0,0,0,0,0,1,0,0,0,1
2023-11-30 10:00:00,2747,11,10,16,1,2.2,-0.7,0.0,0,0,0,0,1,0,0,0,1
2023-11-29 07:00:00,356,8,1,33,0,4.5,-0.7,0.0,0,0,0,0,0,0,1,0,1
2023-11-29 11:00:00,3903,12,18,54,0,4.5,-0.7,0.0,0,0,0,0,0,0,1,0,1
2023-11-29 06:00:00,96,7,1,13,0,4.5,-0.7,0.0,0,0,0,0,0,0,1,0,1
2023-11-29 12:00:00,3939,13,16,20,0,4.5,-0.7,0.0,0,0,0,0,0,0,1,0,1
2023-11-30 14:00:00,2609,15,9,15,1,2.2,-0.7,0.0,0,0,0,0,1,0,0,0,1
2023-11-29 23:00:00,44,0,1,4,0,4.5,-0.7,0.0,0,0,0,0,0,0,1,0,1
2023-11-30 22:00:00,264,23,2,22,1,2.2,-0.7,0.0,0,0,0,0,1,0,0,0,1
2023-11-30 08:00:00,873,9,2,11,1,2.2,-0.7,0.0,0,0,0,0,1,0,0,0,1
2023-11-30 07:00:00,230,8,2,10,1,2.2,-0.7,0.0,0,0,0,0,1,0,0,0,1
2023-11-30 19:00:00,600,20,1,34,1,2.2,-0.7,0.0,0,0,0,0,1,0,0,0,1
2023-11-30 13:00:00,3089,14,8,13,1,2.2,-0.7,0.0,0,0,0,0,1,0,0,0,1
2023-11-30 18:00:00,1010,19,7,26,1,2.2,-0.7,0.0,0,0,0,0,1,0,0,0,1
2023-11-30 11:00:00,2817,12,6,21,1,2.2,-0.7,0.0,0,0,0,0,1,0,0,0,1
2023-11-30 17:00:00,1328,18,6,2,1,2.2,-0.7,0.0,0,0,0,0,1,0,0,0,1
2023-11-29 19:00:00,361,20,1,1,0,4.5,-0.7,0.0,0,0,0,0,0,0,1,0,1
2023-11-29 21:00:00,150,22,1,0,0,4.5,-0.7,0.0,0,0,0,0,0,0,1,0,1
2023-11-29 00:00:00,32,1,0,25,0,4.5,-0.7,0.0,0,0,0,0,0,0,1,0,1
2023-11-29 09:00:00,1712,10,13,56,0,4.5,-0.7,0.0,0,0,0,0,0,0,1,0,1
2023-11-29 15:00:00,2366,16,13,35,0,4.5,-0.7,0.0,0,0,0,0,0,0,1,0,1
2023-11-29 08:00:00,831,9,12,49,0,4.5,-0.7,0.0,0,0,0,0,0,0,1,0,1
2023-11-29 14:00:00,3279,15,11,28,0,4.5,-0.7,0.0,0,0,0,0,0,0,1,0,1
2023-10-01 13:00:00,2179,14,36,7,0,13.6,8.9,0.5,0,0,0,1,0,0,0,1,0
2023-10-01 14:00:00,2097,15,35,17,0,13.6,8.9,0.5,0,0,0,1,0,0,0,1,0
2023-10-01 12:00:00,1820,13,20,5,0,13.6,8.9,0.5,0,0,0,1,0,0,0,1,0
2023-10-01 11:00:00,1312,12,14,1,0,13.6,8.9,0.5,0,0,0,1,0,0,0,1,0
2023-10-01 20:00:00,252,21,3,11,0,13.6,8.9,0.5,0,0,0,1,0,0,0,1,0
2023-10-01 10:00:00,699,11,3,9,0,13.6,8.9,0.5,0,0,0,1,0,0,0,1,0
2023-10-02 12:00:00,2846,13,29,14,0,16.2,8.0,0.0,0,1,0,0,0,0,0,1,0
2023-10-02 14:00:00,2070,15,28,17,0,16.2,8.0,0.0,0,1,0,0,0,0,0,1,0
2023-10-01 08:00:00,102,9,2,4,0,13.6,8.9,0.5,0,0,0,1,0,0,0,1,0
2023-10-02 19:00:00,309,20,5,8,0,16.2,8.0,0.0,0,1,0,0,0,0,0,1,0
2023-10-02 07:00:00,169,8,4,10,0,16.2,8.0,0.0,0,1,0,0,0,0,0,1,0
2023-10-02 22:00:00,84,23,3,0,0,16.2,8.0,0.0,0,1,0,0,0,0,0,1,0
2023-10-02 06:00:00,53,7,1,10,0,16.2,8.0,0.0,0,1,0,0,0,0,0,1,0
2023-10-02 16:00:00,2152,17,19,12,0,16.2,8.0,0.0,0,1,0,0,0,0,0,1,0
2023-10-02 20:00:00,192,21,1,8,0,16.2,8.0,0.0,0,1,0,0,0,0,0,1,0
2023-10-02 15:00:00,2070,16,18,7,0,16.2,8.0,0.0,0,1,0,0,0,0,0,1,0
2023-10-02 13:00:00,2859,14,17,16,0,16.2,8.0,0.0,0,1,0,0,0,0,0,1,0
2023-10-02 21:00:00,148,22,1,2,0,16.2,8.0,0.0,0,1,0,0,0,0,0,1,0
2023-10-02 11:00:00,2760,12,17,13,0,16.2,8.0,0.0,0,1,0,0,0,0,0,1,0
2023-10-02 04:00:00,6,5,1,0,0,16.2,8.0,0.0,0,1,0,0,0,0,0,1,0
2023-10-01 09:00:00,261,10,10,5,0,13.6,8.9,0.5,0,0,0,1,0,0,0,1,0
2023-10-02 05:00:00,32,6,0,2,0,16.2,8.0,0.0,0,1,0,0,0,0,0,1,0
2023-10-02 00:00:00,31,1,0,0,0,16.2,8.0,0.0,0,1,0,0,0,0,0,1,0
2023-10-02 23:00:00,25,0,0,0,0,16.2,8.0,0.0,0,1,0,0,0,0,0,1,0
2023-10-02 02:00:00,17,3,0,0,0,16.2,8.0,0.0,0,1,0,0,0,0,0,1,0
2023-10-02 01:00:00,5,2,0,0,0,16.2,8.0,0.0,0,1,0,0,0,0,0,1,0
2023-10-02 03:00:00,1,4,0,0,0,16.2,8.0,0.0,0,1,0,0,0,0,0,1,0
2023-10-02 10:00:00,1941,11,11,26,0,16.2,8.0,0.0,0,1,0,0,0,0,0,1,0
2023-10-02 17:00:00,1651,18,11,17,0,16.2,8.0,0.0,0,1,0,0,0,0,0,1,0
2023-10-02 09:00:00,1160,10,11,17,0,16.2,8.0,0.0,0,1,0,0,0,0,0,1,0
2023-10-02 18:00:00,512,19,10,13,0,16.2,8.0,0.0,0,1,0,0,0,0,0,1,0
2023-10-02 08:00:00,641,9,10,10,0,16.2,8.0,0.0,0,1,0,0,0,0,0,1,0
2023-10-01 16:00:00,733,17,7,2,0,13.6,8.9,0.5,0,0,0,1,0,0,0,1,0
2023-10-01 15:00:00,1027,16,5,12,0,13.6,8.9,0.5,0,0,0,1,0,0,0,1,0
2023-10-01 07:00:00,43,8,5,6,0,13.6,8.9,0.5,0,0,0,1,0,0,0,1,0
2023-10-01 19:00:00,235,20,5,5,0,13.6,8.9,0.5,0,0,0,1,0,0,0,1,0
2023-10-01 17:00:00,874,18,5,2,0,13.6,8.9,0.5,0,0,0,1,0,0,0,1,0
2023-10-01 18:00:00,372,19,1,8,0,13.6,8.9,0.5,0,0,0,1,0,0,0,1,0
2023-10-01 01:00:00,71,2,1,3,0,13.6,8.9,0.5,0,0,0,1,0,0,0,1,0
2023-10-01 06:00:00,14,7,1,3,0,13.6,8.9,0.5,0,0,0,1,0,0,0,1,0
2023-10-01 21:00:00,203,22,1,2,0,13.6,8.9,0.5,0,0,0,1,0,0,0,1,0
2023-10-01 22:00:00,156,23,1,0,0,13.6,8.9,0.5,0,0,0,1,0,0,0,1,0
2023-10-01 00:00:00,146,1,1,0,0,13.6,8.9,0.5,0,0,0,1,0,0,0,1,0
2023-10-01 23:00:00,56,0,1,0,0,13.6,8.9,0.5,0,0,0,1,0,0,0,1,0
2023-10-01 05:00:00,10,6,0,3,0,13.6,8.9,0.5,0,0,0,1,0,0,0,1,0
2023-10-01 03:00:00,87,4,0,1,0,13.6,8.9,0.5,0,0,0,1,0,0,0,1,0
2023-10-01 02:00:00,75,3,0,1,0,13.6,8.9,0.5,0,0,0,1,0,0,0,1,0
2023-10-01 04:00:00,18,5,0,0,0,13.6,8.9,0.5,0,0,0,1,0,0,0,1,0
2023-10-03 02:00:00,2,3,0,0,0,13.8,8.2,1.1,0,0,0,0,0,1,0,1,0
2023-10-04 22:00:00,110,23,0,9,0,16.2,8.2,0.0,0,0,0,0,0,0,1,1,0
2023-10-04 06:00:00,52,7,0,7,0,16.2,8.2,0.0,0,0,0,0,0,0,1,1,0
2023-10-04 02:00:00,22,3,0,3,0,16.2,8.2,0.0,0,0,0,0,0,0,1,1,0
2023-10-04 01:00:00,12,2,0,2,0,16.2,8.2,0.0,0,0,0,0,0,0,1,1,0
2023-10-04 04:00:00,9,5,0,1,0,16.2,8.2,0.0,0,0,0,0,0,0,1,1,0
2023-10-04 03:00:00,6,4,0,1,0,16.2,8.2,0.0,0,0,0,0,0,0,1,1,0
2023-10-05 17:00:00,1434,18,25,8,0,18.0,6.0,5.1,0,0,0,0,1,0,0,1,0
2023-10-03 18:00:00,517,19,9,13,0,13.8,8.2,1.1,0,0,0,0,0,1,0,1,0
2023-10-04 13:00:00,2579,14,12,17,0,16.2,8.2,0.0,0,0,0,0,0,0,1,1,0
2023-10-04 18:00:00,393,19,10,10,0,16.2,8.2,0.0,0,0,0,0,0,0,1,1,0
2023-10-04 10:00:00,2534,11,8,14,0,16.2,8.2,0.0,0,0,0,0,0,0,1,1,0
2023-10-04 14:00:00,1980,15,8,10,0,16.2,8.2,0.0,0,0,0,0,0,0,1,1,0
2023-10-04 19:00:00,265,20,7,18,0,16.2,8.2,0.0,0,0,0,0,0,0,1,1,0
2023-10-04 09:00:00,1470,10,7,10,0,16.2,8.2,0.0,0,0,0,0,0,0,1,1,0
2023-10-03 16:00:00,1965,17,25,9,0,13.8,8.2,1.1,0,0,0,0,0,1,0,1,0
2023-10-03 21:00:00,180,22,1,8,0,13.8,8.2,1.1,0,0,0,0,0,1,0,1,0
2023-10-05 16:00:00,1612,17,15,8,0,18.0,6.0,5.1,0,0,0,0,1,0,0,1,0
2023-10-05 11:00:00,2093,12,14,19,0,18.0,6.0,5.1,0,0,0,0,1,0,0,1,0
2023-10-05 13:00:00,2292,14,14,9,0,18.0,6.0,5.1,0,0,0,0,1,0,0,1,0
2023-10-05 12:00:00,2298,13,13,13,0,18.0,6.0,5.1,0,0,0,0,1,0,0,1,0
2023-10-05 14:00:00,2213,15,12,11,0,18.0,6.0,5.1,0,0,0,0,1,0,0,1,0
2023-10-05 10:00:00,1824,11,11,28,0,18.0,6.0,5.1,0,0,0,0,1,0,0,1,0
2023-10-05 15:00:00,2055,16,11,14,0,18.0,6.0,5.1,0,0,0,0,1,0,0,1,0
2023-10-05 09:00:00,1303,10,9,19,0,18.0,6.0,5.1,0,0,0,0,1,0,0,1,0
2023-10-05 08:00:00,652,9,9,11,0,18.0,6.0,5.1,0,0,0,0,1,0,0,1,0
2023-10-05 18:00:00,457,19,7,11,0,18.0,6.0,5.1,0,0,0,0,1,0,0,1,0
2023-10-03 13:00:00,3286,14,8,19,0,13.8,8.2,1.1,0,0,0,0,0,1,0,1,0
2023-10-03 20:00:00,257,21,1,5,0,13.8,8.2,1.1,0,0,0,0,0,1,0,1,0
2023-10-04 21:00:00,167,22,3,9,0,16.2,8.2,0.0,0,0,0,0,0,0,1,1,0
2023-10-03 10:00:00,1939,11,21,6,0,13.8,8.2,1.1,0,0,0,0,0,1,0,1,0
2023-10-03 17:00:00,1550,18,19,19,0,13.8,8.2,1.1,0,0,0,0,0,1,0,1,0
2023-10-03 15:00:00,2829,16,18,17,0,13.8,8.2,1.1,0,0,0,0,0,1,0,1,0
2023-10-03 11:00:00,2810,12,17,13,0,13.8,8.2,1.1,0,0,0,0,0,1,0,1,0
2023-10-03 12:00:00,3069,13,13,11,0,13.8,8.2,1.1,0,0,0,0,0,1,0,1,0
2023-10-03 09:00:00,1631,10,10,10,0,13.8,8.2,1.1,0,0,0,0,0,1,0,1,0
2023-10-04 08:00:00,832,9,3,4,0,16.2,8.2,0.0,0,0,0,0,0,0,1,1,0
2023-10-03 14:00:00,3468,15,7,11,0,13.8,8.2,1.1,0,0,0,0,0,1,0,1,0
2023-10-04 16:00:00,1910,17,24,15,0,16.2,8.2,0.0,0,0,0,0,0,0,1,1,0
2023-10-04 20:00:00,188,21,2,13,0,16.2,8.2,0.0,0,0,0,0,0,0,1,1,0
2023-10-04 07:00:00,259,8,2,6,0,16.2,8.2,0.0,0,0,0,0,0,0,1,1,0
2023-10-04 05:00:00,34,6,2,1,0,16.2,8.2,0.0,0,0,0,0,0,0,1,1,0
2023-10-04 15:00:00,2069,16,21,6,0,16.2,8.2,0.0,0,0,0,0,0,0,1,1,0
2023-10-03 19:00:00,364,20,5,15,0,13.8,8.2,1.1,0,0,0,0,0,1,0,1,0
2023-10-03 08:00:00,921,9,5,4,0,13.8,8.2,1.1,0,0,0,0,0,1,0,1,0
2023-10-03 23:00:00,72,0,0,6,0,13.8,8.2,1.1,0,0,0,0,0,1,0,1,0
2023-10-03 06:00:00,77,7,0,2,0,13.8,8.2,1.1,0,0,0,0,0,1,0,1,0
2023-10-03 01:00:00,10,2,0,2,0,13.8,8.2,1.1,0,0,0,0,0,1,0,1,0
2023-10-03 05:00:00,36,6,0,1,0,13.8,8.2,1.1,0,0,0,0,0,1,0,1,0
2023-10-03 22:00:00,48,23,0,0,0,13.8,8.2,1.1,0,0,0,0,0,1,0,1,0
2023-10-03 03:00:00,5,4,0,0,0,13.8,8.2,1.1,0,0,0,0,0,1,0,1,0
2023-10-03 04:00:00,3,5,0,0,0,13.8,8.2,1.1,0,0,0,0,0,1,0,1,0
2023-10-04 00:00:00,163,1,1,13,0,16.2,8.2,0.0,0,0,0,0,0,0,1,1,0
2023-10-04 11:00:00,3104,12,18,9,0,16.2,8.2,0.0,0,0,0,0,0,0,1,1,0
2023-10-03 07:00:00,326,8,3,12,0,13.8,8.2,1.1,0,0,0,0,0,1,0,1,0
2023-10-04 17:00:00,1206,18,16,14,0,16.2,8.2,0.0,0,0,0,0,0,0,1,1,0
2023-10-04 23:00:00,47,0,1,0,0,16.2,8.2,0.0,0,0,0,0,0,0,1,1,0
2023-10-03 00:00:00,44,1,2,2,0,13.8,8.2,1.1,0,0,0,0,0,1,0,1,0
2023-10-04 12:00:00,3093,13,14,6,0,16.2,8.2,0.0,0,0,0,0,0,0,1,1,0
2023-10-06 18:00:00,518,19,3,9,0,11.0,10.5,28.3,1,0,0,0,0,0,0,1,0
2023-10-06 20:00:00,258,21,1,4,0,11.0,10.5,28.3,1,0,0,0,0,0,0,1,0
2023-10-06 01:00:00,46,2,1,3,0,11.0,10.5,28.3,1,0,0,0,0,0,0,1,0
2023-10-06 22:00:00,136,23,1,2,0,11.0,10.5,28.3,1,0,0,0,0,0,0,1,0
2023-10-06 06:00:00,89,7,1,2,0,11.0,10.5,28.3,1,0,0,0,0,0,0,1,0
2023-10-06 21:00:00,174,22,0,5,0,11.0,10.5,28.3,1,0,0,0,0,0,0,1,0
2023-10-06 23:00:00,69,0,0,4,0,11.0,10.5,28.3,1,0,0,0,0,0,0,1,0
2023-10-06 00:00:00,48,1,0,4,0,11.0,10.5,28.3,1,0,0,0,0,0,0,1,0
2023-10-06 03:00:00,29,4,0,4,0,11.0,10.5,28.3,1,0,0,0,0,0,0,1,0
2023-10-06 05:00:00,50,6,0,2,0,11.0,10.5,28.3,1,0,0,0,0,0,0,1,0
2023-10-06 02:00:00,25,3,0,1,0,11.0,10.5,28.3,1,0,0,0,0,0,0,1,0
2023-10-06 04:00:00,17,5,0,0,0,11.0,10.5,28.3,1,0,0,0,0,0,0,1,0
2023-10-07 15:00:00,1911,16,16,19,0,14.6,9.5,56.3,0,0,1,0,0,0,0,1,0
2023-10-06 10:00:00,2386,11,23,17,0,11.0,10.5,28.3,1,0,0,0,0,0,0,1,0
2023-10-06 08:00:00,880,9,20,25,0,11.0,10.5,28.3,1,0,0,0,0,0,0,1,0
2023-10-07 18:00:00,312,19,3,2,0,14.6,9.5,56.3,0,0,1,0,0,0,0,1,0
2023-10-07 12:00:00,2362,13,10,22,0,14.6,9.5,56.3,0,0,1,0,0,0,0,1,0
2023-10-06 09:00:00,1759,10,15,15,0,11.0,10.5,28.3,1,0,0,0,0,0,0,1,0
2023-10-07 17:00:00,783,18,9,13,0,14.6,9.5,56.3,0,0,1,0,0,0,0,1,0
2023-10-07 13:00:00,2783,14,8,20,0,14.6,9.5,56.3,0,0,1,0,0,0,0,1,0
2023-10-06 15:00:00,2712,16,13,11,0,11.0,10.5,28.3,1,0,0,0,0,0,0,1,0
2023-10-07 16:00:00,1402,17,8,19,0,14.6,9.5,56.3,0,0,1,0,0,0,0,1,0
2023-10-06 12:00:00,3350,13,12,15,0,11.0,10.5,28.3,1,0,0,0,0,0,0,1,0
2023-10-07 10:00:00,1803,11,6,26,0,14.6,9.5,56.3,0,0,1,0,0,0,0,1,0
2023-10-07 09:00:00,988,10,2,16,0,14.6,9.5,56.3,0,0,1,0,0,0,0,1,0
2023-10-06 17:00:00,1660,18,11,13,0,11.0,10.5,28.3,1,0,0,0,0,0,0,1,0
2023-10-06 16:00:00,2299,17,11,4,0,11.0,10.5,28.3,1,0,0,0,0,0,0,1,0
2023-10-07 14:00:00,2664,15,5,25,0,14.6,9.5,56.3,0,0,1,0,0,0,0,1,0
2023-10-07 11:00:00,2176,12,5,12,0,14.6,9.5,56.3,0,0,1,0,0,0,0,1,0
2023-10-06 14:00:00,3596,15,10,16,0,11.0,10.5,28.3,1,0,0,0,0,0,0,1,0
2023-10-06 11:00:00,2540,12,8,4,0,11.0,10.5,28.3,1,0,0,0,0,0,0,1,0
2023-10-07 20:00:00,260,21,1,17,0,14.6,9.5,56.3,0,0,1,0,0,0,0,1,0
2023-10-07 21:00:00,243,22,1,8,0,14.6,9.5,56.3,0,0,1,0,0,0,0,1,0
2023-10-07 22:00:00,159,23,1,7,0,14.6,9.5,56.3,0,0,1,0,0,0,0,1,0
2023-10-06 13:00:00,3734,14,4,9,0,11.0,10.5,28.3,1,0,0,0,0,0,0,1,0
2023-10-06 07:00:00,257,8,4,8,0,11.0,10.5,28.3,1,0,0,0,0,0,0,1,0
2023-10-06 19:00:00,362,20,4,4,0,11.0,10.5,28.3,1,0,0,0,0,0,0,1,0
2023-10-05 07:00:00,170,8,1,5,0,18.0,6.0,5.1,0,0,0,0,1,0,0,1,0
2023-10-05 19:00:00,315,20,1,4,0,18.0,6.0,5.1,0,0,0,0,1,0,0,1,0
2023-10-05 22:00:00,113,23,1,4,0,18.0,6.0,5.1,0,0,0,0,1,0,0,1,0
2023-10-05 05:00:00,35,6,1,1,0,18.0,6.0,5.1,0,0,0,0,1,0,0,1,0
2023-10-05 20:00:00,215,21,0,9,0,18.0,6.0,5.1,0,0,0,0,1,0,0,1,0
2023-10-05 21:00:00,140,22,0,7,0,18.0,6.0,5.1,0,0,0,0,1,0,0,1,0
2023-10-05 06:00:00,62,7,0,3,0,18.0,6.0,5.1,0,0,0,0,1,0,0,1,0
2023-10-05 00:00:00,50,1,0,2,0,18.0,6.0,5.1,0,0,0,0,1,0,0,1,0
2023-10-05 02:00:00,4,3,0,2,0,18.0,6.0,5.1,0,0,0,0,1,0,0,1,0
2023-10-05 23:00:00,48,0,0,1,0,18.0,6.0,5.1,0,0,0,0,1,0,0,1,0
2023-10-05 01:00:00,29,2,0,0,0,18.0,6.0,5.1,0,0,0,0,1,0,0,1,0
2023-10-05 03:00:00,7,4,0,0,0,18.0,6.0,5.1,0,0,0,0,1,0,0,1,0
2023-10-05 04:00:00,6,5,0,0,0,18.0,6.0,5.1,0,0,0,0,1,0,0,1,0
2023-10-08 00:00:00,112,1,0,3,0,17.6,8.5,5.4,0,0,0,1,0,0,0,1,0
2023-10-07 08:00:00,365,9,1,4,0,14.6,9.5,56.3,0,0,1,0,0,0,0,1,0
2023-10-08 18:00:00,270,19,2,9,0,17.6,8.5,5.4,0,0,0,1,0,0,0,1,0
2023-10-08 21:00:00,146,22,2,3,0,17.6,8.5,5.4,0,0,0,1,0,0,0,1,0
2023-10-08 23:00:00,50,0,1,5,0,17.6,8.5,5.4,0,0,0,1,0,0,0,1,0
2023-10-08 19:00:00,156,20,1,2,0,17.6,8.5,5.4,0,0,0,1,0,0,0,1,0
2023-10-08 22:00:00,67,23,0,3,0,17.6,8.5,5.4,0,0,0,1,0,0,0,1,0
2023-10-09 18:00:00,471,19,10,8,0,18.0,8.1,0.0,0,1,0,0,0,0,0,1,0
2023-10-08 06:00:00,19,7,0,3,0,17.6,8.5,5.4,0,0,0,1,0,0,0,1,0
2023-10-07 19:00:00,315,20,0,12,0,14.6,9.5,56.3,0,0,1,0,0,0,0,1,0
2023-10-07 07:00:00,77,8,0,4,0,14.6,9.5,56.3,0,0,1,0,0,0,0,1,0
2023-10-07 23:00:00,100,0,0,2,0,14.6,9.5,56.3,0,0,1,0,0,0,0,1,0
2023-10-07 00:00:00,98,1,0,2,0,14.6,9.5,56.3,0,0,1,0,0,0,0,1,0
2023-10-07 01:00:00,79,2,0,2,0,14.6,9.5,56.3,0,0,1,0,0,0,0,1,0
2023-10-07 04:00:00,6,5,0,2,0,14.6,9.5,56.3,0,0,1,0,0,0,0,1,0
2023-10-07 06:00:00,41,7,0,1,0,14.6,9.5,56.3,0,0,1,0,0,0,0,1,0
2023-10-07 05:00:00,36,6,0,1,0,14.6,9.5,56.3,0,0,1,0,0,0,0,1,0
2023-10-07 03:00:00,53,4,0,0,0,14.6,9.5,56.3,0,0,1,0,0,0,0,1,0
2023-10-07 02:00:00,40,3,0,0,0,14.6,9.5,56.3,0,0,1,0,0,0,0,1,0
2023-10-08 14:00:00,1746,15,21,6,0,17.6,8.5,5.4,0,0,0,1,0,0,0,1,0
2023-10-08 12:00:00,1344,13,18,11,0,17.6,8.5,5.4,0,0,0,1,0,0,0,1,0
2023-10-08 13:00:00,1537,14,17,10,0,17.6,8.5,5.4,0,0,0,1,0,0,0,1,0
2023-10-08 16:00:00,1692,17,16,17,0,17.6,8.5,5.4,0,0,0,1,0,0,0,1,0
2023-10-08 11:00:00,846,12,16,10,0,17.6,8.5,5.4,0,0,0,1,0,0,0,1,0
2023-10-09 14:00:00,3104,15,25,8,0,18.0,8.1,0.0,0,1,0,0,0,0,0,1,0
2023-10-08 20:00:00,148,21,0,2,0,17.6,8.5,5.4,0,0,0,1,0,0,0,1,0
2023-10-08 08:00:00,80,9,0,2,0,17.6,8.5,5.4,0,0,0,1,0,0,0,1,0
2023-10-08 15:00:00,2047,16,7,24,0,17.6,8.5,5.4,0,0,0,1,0,0,0,1,0
2023-10-08 10:00:00,381,11,7,2,0,17.6,8.5,5.4,0,0,0,1,0,0,0,1,0
2023-10-08 17:00:00,629,18,5,21,0,17.6,8.5,5.4,0,0,0,1,0,0,0,1,0
2023-10-08 03:00:00,85,4,0,1,0,17.6,8.5,5.4,0,0,0,1,0,0,0,1,0
2023-10-08 02:00:00,45,3,0,1,0,17.6,8.5,5.4,0,0,0,1,0,0,0,1,0
2023-10-09 08:00:00,568,9,8,26,0,18.0,8.1,0.0,0,1,0,0,0,0,0,1,0
2023-10-09 07:00:00,148,8,6,15,0,18.0,8.1,0.0,0,1,0,0,0,0,0,1,0
2023-10-09 20:00:00,244,21,4,4,0,18.0,8.1,0.0,0,1,0,0,0,0,0,1,0
2023-10-08 09:00:00,148,10,0,0,0,17.6,8.5,5.4,0,0,0,1,0,0,0,1,0
2023-10-08 07:00:00,35,8,0,0,0,17.6,8.5,5.4,0,0,0,1,0,0,0,1,0
2023-10-08 05:00:00,9,6,0,0,0,17.6,8.5,5.4,0,0,0,1,0,0,0,1,0
2023-10-08 04:00:00,2,5,0,0,0,17.6,8.5,5.4,0,0,0,1,0,0,0,1,0
2023-10-09 11:00:00,2479,12,16,19,0,18.0,8.1,0.0,0,1,0,0,0,0,0,1,0
2023-10-08 01:00:00,80,2,0,5,0,17.6,8.5,5.4,0,0,0,1,0,0,0,1,0
2023-10-09 09:00:00,1052,10,13,17,0,18.0,8.1,0.0,0,1,0,0,0,0,0,1,0
2023-10-09 10:00:00,1551,11,12,13,0,18.0,8.1,0.0,0,1,0,0,0,0,0,1,0
2023-10-09 16:00:00,2311,17,12,10,0,18.0,8.1,0.0,0,1,0,0,0,0,0,1,0
2023-10-09 12:00:00,2686,13,11,8,0,18.0,8.1,0.0,0,1,0,0,0,0,0,1,0
2023-10-09 15:00:00,2861,16,32,13,0,18.0,8.1,0.0,0,1,0,0,0,0,0,1,0
2023-10-09 17:00:00,1324,18,11,3,0,18.0,8.1,0.0,0,1,0,0,0,0,0,1,0
2023-10-09 13:00:00,3435,14,30,12,0,18.0,8.1,0.0,0,1,0,0,0,0,0,1,0
2023-10-10 08:00:00,585,9,6,13,0,13.1,12.8,0.0,0,0,0,0,0,1,0,1,0
2023-10-10 16:00:00,2163,17,6,9,0,13.1,12.8,0.0,0,0,0,0,0,1,0,1,0
2023-10-10 14:00:00,2641,15,6,3,0,13.1,12.8,0.0,0,0,0,0,0,1,0,1,0
2023-10-10 07:00:00,172,8,4,16,0,13.1,12.8,0.0,0,0,0,0,0,1,0,1,0
2023-10-10 18:00:00,799,19,4,1,0,13.1,12.8,0.0,0,0,0,0,0,1,0,1,0
2023-10-11 18:00:00,492,19,5,4,0,12.0,7.3,0.0,0,0,0,0,0,0,1,1,0
2023-10-10 20:00:00,300,21,1,10,0,13.1,12.8,0.0,0,0,0,0,0,1,0,1,0
2023-10-10 23:00:00,83,0,1,7,0,13.1,12.8,0.0,0,0,0,0,0,1,0,1,0
2023-10-10 19:00:00,425,20,0,13,0,13.1,12.8,0.0,0,0,0,0,0,1,0,1,0
2023-10-10 21:00:00,205,22,0,7,0,13.1,12.8,0.0,0,0,0,0,0,1,0,1,0
2023-10-10 22:00:00,93,23,0,5,0,13.1,12.8,0.0,0,0,0,0,0,1,0,1,0
2023-10-10 06:00:00,90,7,0,4,0,13.1,12.8,0.0,0,0,0,0,0,1,0,1,0
2023-10-09 22:00:00,151,23,0,8,0,18.0,8.1,0.0,0,1,0,0,0,0,0,1,0
2023-10-10 12:00:00,3368,13,17,24,0,13.1,12.8,0.0,0,0,0,0,0,1,0,1,0
2023-10-10 17:00:00,1594,18,17,8,0,13.1,12.8,0.0,0,0,0,0,0,1,0,1,0
2023-10-10 04:00:00,4,5,0,2,0,13.1,12.8,0.0,0,0,0,0,0,1,0,1,0
2023-10-10 05:00:00,40,6,0,1,0,13.1,12.8,0.0,0,0,0,0,0,1,0,1,0
2023-10-10 00:00:00,39,1,0,0,0,13.1,12.8,0.0,0,0,0,0,0,1,0,1,0
2023-10-10 02:00:00,22,3,0,0,0,13.1,12.8,0.0,0,0,0,0,0,1,0,1,0
2023-10-10 01:00:00,13,2,0,0,0,13.1,12.8,0.0,0,0,0,0,0,1,0,1,0
2023-10-10 03:00:00,9,4,0,0,0,13.1,12.8,0.0,0,0,0,0,0,1,0,1,0
2023-10-11 12:00:00,1797,13,4,7,0,12.0,7.3,0.0,0,0,0,0,0,0,1,1,0
2023-10-09 23:00:00,59,0,1,8,0,18.0,8.1,0.0,0,1,0,0,0,0,0,1,0
2023-10-09 06:00:00,65,7,1,4,0,18.0,8.1,0.0,0,1,0,0,0,0,0,1,0
2023-10-09 21:00:00,232,22,1,1,0,18.0,8.1,0.0,0,1,0,0,0,0,0,1,0
2023-10-09 02:00:00,24,3,1,1,0,18.0,8.1,0.0,0,1,0,0,0,0,0,1,0
2023-10-11 17:00:00,1609,18,12,7,0,12.0,7.3,0.0,0,0,0,0,0,0,1,1,0
2023-10-10 10:00:00,1910,11,14,28,0,13.1,12.8,0.0,0,0,0,0,0,1,0,1,0
2023-10-09 05:00:00,38,6,0,1,0,18.0,8.1,0.0,0,1,0,0,0,0,0,1,0
2023-10-10 09:00:00,1251,10,14,26,0,13.1,12.8,0.0,0,0,0,0,0,1,0,1,0
2023-10-09 00:00:00,29,1,0,1,0,18.0,8.1,0.0,0,1,0,0,0,0,0,1,0
2023-10-11 11:00:00,1733,12,15,6,0,12.0,7.3,0.0,0,0,0,0,0,0,1,1,0
2023-10-09 04:00:00,1,5,0,1,0,18.0,8.1,0.0,0,1,0,0,0,0,0,1,0
2023-10-09 19:00:00,297,20,0,0,0,18.0,8.1,0.0,0,1,0,0,0,0,0,1,0
2023-10-09 01:00:00,21,2,0,0,0,18.0,8.1,0.0,0,1,0,0,0,0,0,1,0
2023-10-09 03:00:00,14,4,0,0,0,18.0,8.1,0.0,0,1,0,0,0,0,0,1,0
2023-10-11 14:00:00,1756,15,10,14,0,12.0,7.3,0.0,0,0,0,0,0,0,1,1,0
2023-10-10 11:00:00,2200,12,10,8,0,13.1,12.8,0.0,0,0,0,0,0,1,0,1,0
2023-10-10 15:00:00,2614,16,7,7,0,13.1,12.8,0.0,0,0,0,0,0,1,0,1,0
2023-10-11 09:00:00,1361,10,9,26,0,12.0,7.3,0.0,0,0,0,0,0,0,1,1,0
2023-10-11 16:00:00,1266,17,9,10,0,12.0,7.3,0.0,0,0,0,0,0,0,1,1,0
2023-10-11 10:00:00,1555,11,8,24,0,12.0,7.3,0.0,0,0,0,0,0,0,1,1,0
2023-10-11 13:00:00,1936,14,8,8,0,12.0,7.3,0.0,0,0,0,0,0,0,1,1,0
2023-10-11 08:00:00,751,9,7,16,0,12.0,7.3,0.0,0,0,0,0,0,0,1,1,0
2023-10-11 07:00:00,209,8,2,17,0,12.0,7.3,0.0,0,0,0,0,0,0,1,1,0
2023-10-11 15:00:00,1557,16,2,10,0,12.0,7.3,0.0,0,0,0,0,0,0,1,1,0
2023-10-10 13:00:00,3390,14,22,12,0,13.1,12.8,0.0,0,0,0,0,0,1,0,1,0
2023-10-13 18:00:00,1087,19,13,12,0,10.8,5.5,0.0,1,0,0,0,0,0,0,1,0
2023-10-13 15:00:00,1867,16,13,6,0,10.8,5.5,0.0,1,0,0,0,0,0,0,1,0
2023-10-13 16:00:00,1877,17,12,6,0,10.8,5.5,0.0,1,0,0,0,0,0,0,1,0
2023-10-13 17:00:00,1664,18,11,0,0,10.8,5.5,0.0,1,0,0,0,0,0,0,1,0
2023-10-13 10:00:00,1532,11,8,5,0,10.8,5.5,0.0,1,0,0,0,0,0,0,1,0
2023-10-13 13:00:00,2871,14,25,17,0,10.8,5.5,0.0,1,0,0,0,0,0,0,1,0
2023-10-13 12:00:00,3167,13,25,10,0,10.8,5.5,0.0,1,0,0,0,0,0,0,1,0
2023-10-12 16:00:00,2037,17,15,11,0,13.2,2.8,0.1,0,0,0,0,1,0,0,1,0
2023-10-13 19:00:00,771,20,7,3,0,10.8,5.5,0.0,1,0,0,0,0,0,0,1,0
2023-10-13 08:00:00,787,9,5,8,0,10.8,5.5,0.0,1,0,0,0,0,0,0,1,0
2023-10-12 23:00:00,70,0,1,2,0,13.2,2.8,0.1,0,0,0,0,1,0,0,1,0
2023-10-11 21:00:00,172,22,1,7,0,12.0,7.3,0.0,0,0,0,0,0,0,1,1,0
2023-10-11 02:00:00,14,3,1,7,0,12.0,7.3,0.0,0,0,0,0,0,0,1,1,0
2023-10-11 20:00:00,269,21,1,4,0,12.0,7.3,0.0,0,0,0,0,0,0,1,1,0
2023-10-11 23:00:00,81,0,1,4,0,12.0,7.3,0.0,0,0,0,0,0,0,1,1,0
2023-10-11 19:00:00,353,20,1,3,0,12.0,7.3,0.0,0,0,0,0,0,0,1,1,0
2023-10-11 00:00:00,79,1,0,4,0,12.0,7.3,0.0,0,0,0,0,0,0,1,1,0
2023-10-11 04:00:00,19,5,0,3,0,12.0,7.3,0.0,0,0,0,0,0,0,1,1,0
2023-10-11 22:00:00,121,23,0,2,0,12.0,7.3,0.0,0,0,0,0,0,0,1,1,0
2023-10-11 06:00:00,66,7,0,2,0,12.0,7.3,0.0,0,0,0,0,0,0,1,1,0
2023-10-11 03:00:00,3,4,0,2,0,12.0,7.3,0.0,0,0,0,0,0,0,1,1,0
2023-10-11 05:00:00,35,6,0,0,0,12.0,7.3,0.0,0,0,0,0,0,0,1,1,0
2023-10-11 01:00:00,19,2,0,0,0,12.0,7.3,0.0,0,0,0,0,0,0,1,1,0
2023-10-12 07:00:00,184,8,5,7,0,13.2,2.8,0.1,0,0,0,0,1,0,0,1,0
2023-10-12 09:00:00,1155,10,4,21,0,13.2,2.8,0.1,0,0,0,0,1,0,0,1,0
2023-10-12 20:00:00,196,21,2,12,0,13.2,2.8,0.1,0,0,0,0,1,0,0,1,0
2023-10-12 21:00:00,123,22,2,8,0,13.2,2.8,0.1,0,0,0,0,1,0,0,1,0
2023-10-12 22:00:00,109,23,2,2,0,13.2,2.8,0.1,0,0,0,0,1,0,0,1,0
2023-10-13 11:00:00,2562,12,21,6,0,10.8,5.5,0.0,1,0,0,0,0,0,0,1,0
2023-10-12 06:00:00,59,7,0,4,0,13.2,2.8,0.1,0,0,0,0,1,0,0,1,0
2023-10-12 04:00:00,8,5,0,4,0,13.2,2.8,0.1,0,0,0,0,1,0,0,1,0
2023-10-12 02:00:00,24,3,0,3,0,13.2,2.8,0.1,0,0,0,0,1,0,0,1,0
2023-10-12 05:00:00,38,6,0,2,0,13.2,2.8,0.1,0,0,0,0,1,0,0,1,0
2023-10-12 00:00:00,57,1,0,0,0,13.2,2.8,0.1,0,0,0,0,1,0,0,1,0
2023-10-12 01:00:00,30,2,0,0,0,13.2,2.8,0.1,0,0,0,0,1,0,0,1,0
2023-10-12 03:00:00,8,4,0,0,0,13.2,2.8,0.1,0,0,0,0,1,0,0,1,0
2023-10-12 19:00:00,289,20,12,5,0,13.2,2.8,0.1,0,0,0,0,1,0,0,1,0
2023-10-13 21:00:00,468,22,3,1,0,10.8,5.5,0.0,1,0,0,0,0,0,0,1,0
2023-10-13 07:00:00,197,8,2,14,0,10.8,5.5,0.0,1,0,0,0,0,0,0,1,0
2023-10-13 23:00:00,187,0,2,1,0,10.8,5.5,0.0,1,0,0,0,0,0,0,1,0
2023-10-13 09:00:00,1364,10,17,16,0,10.8,5.5,0.0,1,0,0,0,0,0,0,1,0
2023-10-12 12:00:00,3057,13,11,9,0,13.2,2.8,0.1,0,0,0,0,1,0,0,1,0
2023-10-12 13:00:00,3089,14,26,17,0,13.2,2.8,0.1,0,0,0,0,1,0,0,1,0
2023-10-13 14:00:00,2762,15,14,11,0,10.8,5.5,0.0,1,0,0,0,0,0,0,1,0
2023-10-12 11:00:00,2320,12,10,13,0,13.2,2.8,0.1,0,0,0,0,1,0,0,1,0
2023-10-12 08:00:00,665,9,9,13,0,13.2,2.8,0.1,0,0,0,0,1,0,0,1,0
2023-10-12 10:00:00,1794,11,8,14,0,13.2,2.8,0.1,0,0,0,0,1,0,0,1,0
2023-10-12 18:00:00,598,19,7,19,0,13.2,2.8,0.1,0,0,0,0,1,0,0,1,0
2023-10-12 17:00:00,1497,18,25,12,0,13.2,2.8,0.1,0,0,0,0,1,0,0,1,0
2023-10-12 15:00:00,2653,16,20,15,0,13.2,2.8,0.1,0,0,0,0,1,0,0,1,0
2023-10-12 14:00:00,3294,15,18,16,0,13.2,2.8,0.1,0,0,0,0,1,0,0,1,0
2023-10-14 05:00:00,23,6,0,8,0,11.7,2.6,0.0,0,0,1,0,0,0,0,1,0
2023-10-14 02:00:00,72,3,0,3,0,11.7,2.6,0.0,0,0,1,0,0,0,0,1,0
2023-10-14 22:00:00,327,23,0,1,0,11.7,2.6,0.0,0,0,1,0,0,0,0,1,0
2023-10-14 00:00:00,124,1,0,1,0,11.7,2.6,0.0,0,0,1,0,0,0,0,1,0
2023-10-14 06:00:00,26,7,0,1,0,11.7,2.6,0.0,0,0,1,0,0,0,0,1,0
2023-10-14 01:00:00,88,2,0,0,0,11.7,2.6,0.0,0,0,1,0,0,0,0,1,0
2023-10-14 03:00:00,39,4,0,0,0,11.7,2.6,0.0,0,0,1,0,0,0,0,1,0
2023-10-15 13:00:00,2043,14,33,14,0,11.5,1.1,0.2,0,0,0,1,0,0,0,1,0
2023-10-15 12:00:00,1762,13,30,6,0,11.5,1.1,0.2,0,0,0,1,0,0,0,1,0
2023-10-14 12:00:00,3410,13,24,12,0,11.7,2.6,0.0,0,0,1,0,0,0,0,1,0
2023-10-14 17:00:00,1436,18,15,3,0,11.7,2.6,0.0,0,0,1,0,0,0,0,1,0
2023-10-14 15:00:00,4454,16,12,10,0,11.7,2.6,0.0,0,0,1,0,0,0,0,1,0
2023-10-14 11:00:00,2989,12,12,9,0,11.7,2.6,0.0,0,0,1,0,0,0,0,1,0
2023-10-14 10:00:00,2200,11,10,12,0,11.7,2.6,0.0,0,0,1,0,0,0,0,1,0
2023-10-14 08:00:00,434,9,3,9,0,11.7,2.6,0.0,0,0,1,0,0,0,0,1,0
2023-10-14 21:00:00,396,22,3,6,0,11.7,2.6,0.0,0,0,1,0,0,0,0,1,0
2023-10-14 19:00:00,648,20,3,4,0,11.7,2.6,0.0,0,0,1,0,0,0,0,1,0
2023-10-14 20:00:00,494,21,3,4,0,11.7,2.6,0.0,0,0,1,0,0,0,0,1,0
2023-10-14 07:00:00,85,8,1,7,0,11.7,2.6,0.0,0,0,1,0,0,0,0,1,0
2023-10-14 04:00:00,17,5,1,5,0,11.7,2.6,0.0,0,0,1,0,0,0,0,1,0
2023-10-14 23:00:00,156,0,1,0,0,11.7,2.6,0.0,0,0,1,0,0,0,0,1,0
2023-10-13 22:00:00,296,23,1,1,0,10.8,5.5,0.0,1,0,0,0,0,0,0,1,0
2023-10-15 15:00:00,1863,16,20,7,0,11.5,1.1,0.2,0,0,0,1,0,0,0,1,0
2023-10-15 17:00:00,574,18,18,10,0,11.5,1.1,0.2,0,0,0,1,0,0,0,1,0
2023-10-15 09:00:00,201,10,4,6,0,11.5,1.1,0.2,0,0,0,1,0,0,0,1,0
2023-10-15 11:00:00,1387,12,17,5,0,11.5,1.1,0.2,0,0,0,1,0,0,0,1,0
2023-10-15 16:00:00,1137,17,12,9,0,11.5,1.1,0.2,0,0,0,1,0,0,0,1,0
2023-10-15 14:00:00,2077,15,12,8,0,11.5,1.1,0.2,0,0,0,1,0,0,0,1,0
2023-10-15 18:00:00,285,19,7,5,0,11.5,1.1,0.2,0,0,0,1,0,0,0,1,0
2023-10-15 20:00:00,161,21,2,8,0,11.5,1.1,0.2,0,0,0,1,0,0,0,1,0
2023-10-15 10:00:00,576,11,2,5,0,11.5,1.1,0.2,0,0,0,1,0,0,0,1,0
2023-10-13 20:00:00,533,21,0,2,0,10.8,5.5,0.0,1,0,0,0,0,0,0,1,0
2023-10-15 19:00:00,260,20,2,1,0,11.5,1.1,0.2,0,0,0,1,0,0,0,1,0
2023-10-13 00:00:00,44,1,0,2,0,10.8,5.5,0.0,1,0,0,0,0,0,0,1,0
2023-10-15 01:00:00,71,2,2,1,0,11.5,1.1,0.2,0,0,0,1,0,0,0,1,0
2023-10-13 06:00:00,68,7,0,0,0,10.8,5.5,0.0,1,0,0,0,0,0,0,1,0
2023-10-13 05:00:00,54,6,0,0,0,10.8,5.5,0.0,1,0,0,0,0,0,0,1,0
2023-10-13 01:00:00,22,2,0,0,0,10.8,5.5,0.0,1,0,0,0,0,0,0,1,0
2023-10-13 02:00:00,12,3,0,0,0,10.8,5.5,0.0,1,0,0,0,0,0,0,1,0
2023-10-13 03:00:00,10,4,0,0,0,10.8,5.5,0.0,1,0,0,0,0,0,0,1,0
2023-10-13 04:00:00,4,5,0,0,0,10.8,5.5,0.0,1,0,0,0,0,0,0,1,0
2023-10-14 18:00:00,693,19,6,4,0,11.7,2.6,0.0,0,0,1,0,0,0,0,1,0
2023-10-15 00:00:00,92,1,1,2,0,11.5,1.1,0.2,0,0,0,1,0,0,0,1,0
2023-10-15 06:00:00,14,7,1,0,0,11.5,1.1,0.2,0,0,0,1,0,0,0,1,0
2023-10-14 09:00:00,1220,10,5,8,0,11.7,2.6,0.0,0,0,1,0,0,0,0,1,0
2023-10-14 14:00:00,4174,15,31,14,0,11.7,2.6,0.0,0,0,1,0,0,0,0,1,0
2023-10-14 13:00:00,3875,14,29,25,0,11.7,2.6,0.0,0,0,1,0,0,0,0,1,0
2023-10-14 16:00:00,2913,17,4,5,0,11.7,2.6,0.0,0,0,1,0,0,0,0,1,0
2023-10-16 22:00:00,105,23,1,3,0,11.7,1.8,0.0,0,1,0,0,0,0,0,1,0
2023-10-16 20:00:00,444,21,1,1,0,11.7,1.8,0.0,0,1,0,0,0,0,0,1,0
2023-10-16 19:00:00,766,20,1,0,0,11.7,1.8,0.0,0,1,0,0,0,0,0,1,0
2023-10-16 23:00:00,44,0,1,0,0,11.7,1.8,0.0,0,1,0,0,0,0,0,1,0
2023-10-16 07:00:00,172,8,0,11,0,11.7,1.8,0.0,0,1,0,0,0,0,0,1,0
2023-10-16 21:00:00,304,22,0,5,0,11.7,1.8,0.0,0,1,0,0,0,0,0,1,0
2023-10-16 06:00:00,39,7,0,4,0,11.7,1.8,0.0,0,1,0,0,0,0,0,1,0
2023-10-16 05:00:00,12,6,0,1,0,11.7,1.8,0.0,0,1,0,0,0,0,0,1,0
2023-10-17 15:00:00,2762,16,14,12,0,12.9,-0.5,0.0,0,0,0,0,0,1,0,1,0
2023-10-17 10:00:00,1683,11,9,22,0,12.9,-0.5,0.0,0,0,0,0,0,1,0,1,0
2023-10-15 07:00:00,30,8,0,5,0,11.5,1.1,0.2,0,0,0,1,0,0,0,1,0
2023-10-17 11:00:00,1948,12,8,17,0,12.9,-0.5,0.0,0,0,0,0,0,1,0,1,0
2023-10-17 17:00:00,1751,18,7,7,0,12.9,-0.5,0.0,0,0,0,0,0,1,0,1,0
2023-10-17 08:00:00,732,9,7,7,0,12.9,-0.5,0.0,0,0,0,0,0,1,0,1,0
2023-10-17 09:00:00,1301,10,6,25,0,12.9,-0.5,0.0,0,0,0,0,0,1,0,1,0
2023-10-17 18:00:00,582,19,6,2,0,12.9,-0.5,0.0,0,0,0,0,0,1,0,1,0
2023-10-15 21:00:00,193,22,0,4,0,11.5,1.1,0.2,0,0,0,1,0,0,0,1,0
2023-10-15 02:00:00,77,3,0,2,0,11.5,1.1,0.2,0,0,0,1,0,0,0,1,0
2023-10-15 22:00:00,212,23,0,1,0,11.5,1.1,0.2,0,0,0,1,0,0,0,1,0
2023-10-16 00:00:00,43,1,0,0,0,11.7,1.8,0.0,0,1,0,0,0,0,0,1,0
2023-10-15 03:00:00,108,4,0,1,0,11.5,1.1,0.2,0,0,0,1,0,0,0,1,0
2023-10-16 01:00:00,42,2,0,0,0,11.7,1.8,0.0,0,1,0,0,0,0,0,1,0
2023-10-15 08:00:00,84,9,0,1,0,11.5,1.1,0.2,0,0,0,1,0,0,0,1,0
2023-10-16 15:00:00,2417,16,20,13,0,11.7,1.8,0.0,0,1,0,0,0,0,0,1,0
2023-10-16 02:00:00,22,3,0,0,0,11.7,1.8,0.0,0,1,0,0,0,0,0,1,0
2023-10-15 23:00:00,74,0,0,0,0,11.5,1.1,0.2,0,0,0,1,0,0,0,1,0
2023-10-15 05:00:00,11,6,0,0,0,11.5,1.1,0.2,0,0,0,1,0,0,0,1,0
2023-10-16 03:00:00,1,4,0,0,0,11.7,1.8,0.0,0,1,0,0,0,0,0,1,0
2023-10-15 04:00:00,8,5,0,0,0,11.5,1.1,0.2,0,0,0,1,0,0,0,1,0
2023-10-16 09:00:00,1127,10,15,23,0,11.7,1.8,0.0,0,1,0,0,0,0,0,1,0
2023-10-16 11:00:00,1560,12,14,6,0,11.7,1.8,0.0,0,1,0,0,0,0,0,1,0
2023-10-16 17:00:00,1491,18,11,4,0,11.7,1.8,0.0,0,1,0,0,0,0,0,1,0
2023-10-16 08:00:00,635,9,8,26,0,11.7,1.8,0.0,0,1,0,0,0,0,0,1,0
2023-10-16 16:00:00,2132,17,8,4,0,11.7,1.8,0.0,0,1,0,0,0,0,0,1,0
2023-10-16 18:00:00,762,19,7,9,0,11.7,1.8,0.0,0,1,0,0,0,0,0,1,0
2023-10-17 07:00:00,263,8,4,10,0,12.9,-0.5,0.0,0,0,0,0,0,1,0,1,0
2023-10-16 13:00:00,2893,14,48,21,0,11.7,1.8,0.0,0,1,0,0,0,0,0,1,0
2023-10-17 19:00:00,369,20,3,12,0,12.9,-0.5,0.0,0,0,0,0,0,1,0,1,0
2023-10-17 21:00:00,172,22,2,2,0,12.9,-0.5,0.0,0,0,0,0,0,1,0,1,0
2023-10-17 20:00:00,239,21,1,3,0,12.9,-0.5,0.0,0,0,0,0,0,1,0,1,0
2023-10-17 13:00:00,3051,14,53,17,0,12.9,-0.5,0.0,0,0,0,0,0,1,0,1,0
2023-10-16 12:00:00,2967,13,36,16,0,11.7,1.8,0.0,0,1,0,0,0,0,0,1,0
2023-10-16 14:00:00,2747,15,26,16,0,11.7,1.8,0.0,0,1,0,0,0,0,0,1,0
2023-10-17 05:00:00,52,6,0,2,0,12.9,-0.5,0.0,0,0,0,0,0,1,0,1,0
2023-10-17 23:00:00,74,0,0,1,0,12.9,-0.5,0.0,0,0,0,0,0,1,0,1,0
2023-10-17 00:00:00,40,1,0,1,0,12.9,-0.5,0.0,0,0,0,0,0,1,0,1,0
2023-10-17 22:00:00,154,23,0,0,0,12.9,-0.5,0.0,0,0,0,0,0,1,0,1,0
2023-10-17 06:00:00,104,7,0,0,0,12.9,-0.5,0.0,0,0,0,0,0,1,0,1,0
2023-10-17 01:00:00,22,2,0,0,0,12.9,-0.5,0.0,0,0,0,0,0,1,0,1,0
2023-10-17 02:00:00,16,3,0,0,0,12.9,-0.5,0.0,0,0,0,0,0,1,0,1,0
2023-10-17 04:00:00,9,5,0,0,0,12.9,-0.5,0.0,0,0,0,0,0,1,0,1,0
2023-10-17 03:00:00,8,4,0,0,0,12.9,-0.5,0.0,0,0,0,0,0,1,0,1,0
2023-10-17 16:00:00,2648,17,26,16,0,12.9,-0.5,0.0,0,0,0,0,0,1,0,1,0
2023-10-17 12:00:00,2918,13,26,13,0,12.9,-0.5,0.0,0,0,0,0,0,1,0,1,0
2023-10-17 14:00:00,2888,15,21,9,0,12.9,-0.5,0.0,0,0,0,0,0,1,0,1,0
2023-10-16 10:00:00,1523,11,2,13,0,11.7,1.8,0.0,0,1,0,0,0,0,0,1,0
2023-10-18 01:00:00,18,2,1,1,0,11.7,4.0,15.5,0,0,0,0,0,0,1,1,0
2023-10-18 05:00:00,22,6,1,0,0,11.7,4.0,15.5,0,0,0,0,0,0,1,1,0
2023-10-19 16:00:00,709,17,11,6,0,9.1,9.6,89.1,0,0,0,0,1,0,0,1,0
2023-10-19 13:00:00,844,14,11,4,0,9.1,9.6,89.1,0,0,0,0,1,0,0,1,0
2023-10-18 18:00:00,772,19,4,2,0,11.7,4.0,15.5,0,0,0,0,0,0,1,1,0
2023-10-19 14:00:00,885,15,10,9,0,9.1,9.6,89.1,0,0,0,0,1,0,0,1,0
2023-10-19 10:00:00,761,11,8,22,0,9.1,9.6,89.1,0,0,0,0,1,0,0,1,0
2023-10-19 09:00:00,611,10,8,13,0,9.1,9.6,89.1,0,0,0,0,1,0,0,1,0
2023-10-19 12:00:00,776,13,7,3,0,9.1,9.6,89.1,0,0,0,0,1,0,0,1,0
2023-10-19 15:00:00,642,16,6,10,0,9.1,9.6,89.1,0,0,0,0,1,0,0,1,0
2023-10-19 17:00:00,345,18,3,15,0,9.1,9.6,89.1,0,0,0,0,1,0,0,1,0
2023-10-19 21:00:00,43,22,0,6,0,9.1,9.6,89.1,0,0,0,0,1,0,0,1,0
2023-10-18 19:00:00,584,20,2,1,0,11.7,4.0,15.5,0,0,0,0,0,0,1,1,0
2023-10-18 07:00:00,195,8,1,15,0,11.7,4.0,15.5,0,0,0,0,0,0,1,1,0
2023-10-18 06:00:00,52,7,1,4,0,11.7,4.0,15.5,0,0,0,0,0,0,1,1,0
2023-10-18 23:00:00,96,0,0,5,0,11.7,4.0,15.5,0,0,0,0,0,0,1,1,0
2023-10-18 20:00:00,408,21,0,3,0,11.7,4.0,15.5,0,0,0,0,0,0,1,1,0
2023-10-18 22:00:00,246,23,0,3,0,11.7,4.0,15.5,0,0,0,0,0,0,1,1,0
2023-10-18 00:00:00,49,1,0,2,0,11.7,4.0,15.5,0,0,0,0,0,0,1,1,0
2023-10-18 21:00:00,375,22,0,1,0,11.7,4.0,15.5,0,0,0,0,0,0,1,1,0
2023-10-18 04:00:00,11,5,0,0,0,11.7,4.0,15.5,0,0,0,0,0,0,1,1,0
2023-10-18 02:00:00,10,3,0,0,0,11.7,4.0,15.5,0,0,0,0,0,0,1,1,0
2023-10-18 03:00:00,4,4,0,0,0,11.7,4.0,15.5,0,0,0,0,0,0,1,1,0
2023-10-19 11:00:00,808,12,19,4,0,9.1,9.6,89.1,0,0,0,0,1,0,0,1,0
2023-10-18 13:00:00,3128,14,13,10,0,11.7,4.0,15.5,0,0,0,0,0,0,1,1,0
2023-10-18 08:00:00,833,9,10,27,0,11.7,4.0,15.5,0,0,0,0,0,0,1,1,0
2023-10-18 09:00:00,1805,10,10,21,0,11.7,4.0,15.5,0,0,0,0,0,0,1,1,0
2023-10-18 12:00:00,2932,13,10,19,0,11.7,4.0,15.5,0,0,0,0,0,0,1,1,0
2023-10-18 10:00:00,2404,11,9,18,0,11.7,4.0,15.5,0,0,0,0,0,0,1,1,0
2023-10-18 11:00:00,3283,12,7,22,0,11.7,4.0,15.5,0,0,0,0,0,0,1,1,0
2023-10-18 17:00:00,1262,18,7,6,0,11.7,4.0,15.5,0,0,0,0,0,0,1,1,0
2023-10-19 05:00:00,67,6,0,3,0,9.1,9.6,89.1,0,0,0,0,1,0,0,1,0
2023-10-19 22:00:00,23,23,0,1,0,9.1,9.6,89.1,0,0,0,0,1,0,0,1,0
2023-10-19 00:00:00,35,1,0,0,0,9.1,9.6,89.1,0,0,0,0,1,0,0,1,0
2023-10-19 01:00:00,28,2,0,0,0,9.1,9.6,89.1,0,0,0,0,1,0,0,1,0
2023-10-19 02:00:00,13,3,0,0,0,9.1,9.6,89.1,0,0,0,0,1,0,0,1,0
2023-10-19 23:00:00,9,0,0,0,0,9.1,9.6,89.1,0,0,0,0,1,0,0,1,0
2023-10-19 03:00:00,4,4,0,0,0,9.1,9.6,89.1,0,0,0,0,1,0,0,1,0
2023-10-19 04:00:00,3,5,0,0,0,9.1,9.6,89.1,0,0,0,0,1,0,0,1,0
2023-10-20 12:00:00,1021,13,29,7,0,9.6,7.3,23.4,1,0,0,0,0,0,0,1,0
2023-10-20 11:00:00,836,12,19,3,0,9.6,7.3,23.4,1,0,0,0,0,0,0,1,0
2023-10-20 13:00:00,1175,14,17,13,0,9.6,7.3,23.4,1,0,0,0,0,0,0,1,0
2023-10-20 14:00:00,1454,15,11,12,0,9.6,7.3,23.4,1,0,0,0,0,0,0,1,0
2023-10-20 09:00:00,487,10,11,1,0,9.6,7.3,23.4,1,0,0,0,0,0,0,1,0
2023-10-19 18:00:00,161,19,2,2,0,9.1,9.6,89.1,0,0,0,0,1,0,0,1,0
2023-10-19 08:00:00,357,9,1,14,0,9.1,9.6,89.1,0,0,0,0,1,0,0,1,0
2023-10-19 07:00:00,94,8,1,6,0,9.1,9.6,89.1,0,0,0,0,1,0,0,1,0
2023-10-19 19:00:00,90,20,1,5,0,9.1,9.6,89.1,0,0,0,0,1,0,0,1,0
2023-10-19 20:00:00,49,21,1,3,0,9.1,9.6,89.1,0,0,0,0,1,0,0,1,0
2023-10-19 06:00:00,68,7,1,1,0,9.1,9.6,89.1,0,0,0,0,1,0,0,1,0
2023-10-18 14:00:00,2827,15,23,9,0,11.7,4.0,15.5,0,0,0,0,0,0,1,1,0
2023-10-18 15:00:00,2806,16,21,14,0,11.7,4.0,15.5,0,0,0,0,0,0,1,1,0
2023-10-18 16:00:00,2200,17,20,11,0,11.7,4.0,15.5,0,0,0,0,0,0,1,1,0
2023-10-22 16:00:00,2290,17,25,23,0,10.8,1.0,0.0,0,0,0,1,0,0,0,1,0
2023-10-22 14:00:00,3038,15,25,9,0,10.8,1.0,0.0,0,0,0,1,0,0,0,1,0
2023-10-22 19:00:00,503,20,24,0,0,10.8,1.0,0.0,0,0,0,1,0,0,0,1,0
2023-10-22 18:00:00,304,19,5,10,0,10.8,1.0,0.0,0,0,0,1,0,0,0,1,0
2023-10-21 15:00:00,2977,16,13,16,0,12.8,5.9,1.0,0,0,1,0,0,0,0,1,0
2023-10-22 10:00:00,700,11,5,8,0,10.8,1.0,0.0,0,0,0,1,0,0,0,1,0
2023-10-21 17:00:00,1843,18,13,3,0,12.8,5.9,1.0,0,0,1,0,0,0,0,1,0
2023-10-21 13:00:00,2793,14,12,12,0,12.8,5.9,1.0,0,0,1,0,0,0,0,1,0
2023-10-21 16:00:00,2841,17,11,9,0,12.8,5.9,1.0,0,0,1,0,0,0,0,1,0
2023-10-21 11:00:00,1743,12,11,9,0,12.8,5.9,1.0,0,0,1,0,0,0,0,1,0
2023-10-21 09:00:00,821,10,10,23,0,12.8,5.9,1.0,0,0,1,0,0,0,0,1,0
2023-10-21 10:00:00,1299,11,9,15,0,12.8,5.9,1.0,0,0,1,0,0,0,0,1,0
2023-10-21 14:00:00,3579,15,9,14,0,12.8,5.9,1.0,0,0,1,0,0,0,0,1,0
2023-10-21 18:00:00,905,19,9,4,0,12.8,5.9,1.0,0,0,1,0,0,0,0,1,0
2023-10-21 19:00:00,569,20,3,4,0,12.8,5.9,1.0,0,0,1,0,0,0,0,1,0
2023-10-21 21:00:00,325,22,0,8,0,12.8,5.9,1.0,0,0,1,0,0,0,0,1,0
2023-10-21 07:00:00,53,8,0,8,0,12.8,5.9,1.0,0,0,1,0,0,0,0,1,0
2023-10-21 22:00:00,231,23,0,6,0,12.8,5.9,1.0,0,0,1,0,0,0,0,1,0
2023-10-21 23:00:00,107,0,0,4,0,12.8,5.9,1.0,0,0,1,0,0,0,0,1,0
2023-10-21 00:00:00,89,1,0,3,0,12.8,5.9,1.0,0,0,1,0,0,0,0,1,0
2023-10-21 06:00:00,11,7,0,2,0,12.8,5.9,1.0,0,0,1,0,0,0,0,1,0
2023-10-21 03:00:00,77,4,0,1,0,12.8,5.9,1.0,0,0,1,0,0,0,0,1,0
2023-10-21 02:00:00,64,3,0,1,0,12.8,5.9,1.0,0,0,1,0,0,0,0,1,0
2023-10-21 04:00:00,2,5,0,0,0,12.8,5.9,1.0,0,0,1,0,0,0,0,1,0
2023-10-22 13:00:00,3009,14,31,15,0,10.8,1.0,0.0,0,0,0,1,0,0,0,1,0
2023-10-22 12:00:00,2323,13,12,15,0,10.8,1.0,0.0,0,0,0,1,0,0,0,1,0
2023-10-22 15:00:00,2826,16,11,7,0,10.8,1.0,0.0,0,0,0,1,0,0,0,1,0
2023-10-22 17:00:00,948,18,10,11,0,10.8,1.0,0.0,0,0,0,1,0,0,0,1,0
2023-10-22 09:00:00,321,10,9,2,0,10.8,1.0,0.0,0,0,0,1,0,0,0,1,0
2023-10-22 11:00:00,1474,12,7,11,0,10.8,1.0,0.0,0,0,0,1,0,0,0,1,0
2023-10-22 00:00:00,152,1,2,14,0,10.8,1.0,0.0,0,0,0,1,0,0,0,1,0
2023-10-22 01:00:00,89,2,2,13,0,10.8,1.0,0.0,0,0,0,1,0,0,0,1,0
2023-10-22 05:00:00,7,6,2,1,0,10.8,1.0,0.0,0,0,0,1,0,0,0,1,0
2023-10-22 03:00:00,133,4,1,10,0,10.8,1.0,0.0,0,0,0,1,0,0,0,1,0
2023-10-22 20:00:00,314,21,1,1,0,10.8,1.0,0.0,0,0,0,1,0,0,0,1,0
2023-10-20 16:00:00,1551,17,1,5,0,9.6,7.3,23.4,1,0,0,0,0,0,0,1,0
2023-10-20 21:00:00,114,22,1,1,0,9.6,7.3,23.4,1,0,0,0,0,0,0,1,0
2023-10-20 20:00:00,214,21,0,7,0,9.6,7.3,23.4,1,0,0,0,0,0,0,1,0
2023-10-20 19:00:00,311,20,0,6,0,9.6,7.3,23.4,1,0,0,0,0,0,0,1,0
2023-10-20 07:00:00,58,8,0,6,0,9.6,7.3,23.4,1,0,0,0,0,0,0,1,0
2023-10-20 22:00:00,90,23,0,5,0,9.6,7.3,23.4,1,0,0,0,0,0,0,1,0
2023-10-20 05:00:00,13,6,0,3,0,9.6,7.3,23.4,1,0,0,0,0,0,0,1,0
2023-10-20 01:00:00,1,2,0,2,0,9.6,7.3,23.4,1,0,0,0,0,0,0,1,0
2023-10-20 00:00:00,12,1,0,1,0,9.6,7.3,23.4,1,0,0,0,0,0,0,1,0
2023-10-20 06:00:00,6,7,0,1,0,9.6,7.3,23.4,1,0,0,0,0,0,0,1,0
2023-10-20 02:00:00,4,3,0,1,0,9.6,7.3,23.4,1,0,0,0,0,0,0,1,0
2023-10-20 23:00:00,101,0,0,0,0,9.6,7.3,23.4,1,0,0,0,0,0,0,1,0
2023-10-20 03:00:00,2,4,0,0,0,9.6,7.3,23.4,1,0,0,0,0,0,0,1,0
2023-10-20 04:00:00,1,5,0,0,0,9.6,7.3,23.4,1,0,0,0,0,0,0,1,0
2023-10-21 12:00:00,1959,13,16,7,0,12.8,5.9,1.0,0,0,1,0,0,0,0,1,0
2023-10-21 08:00:00,322,9,2,9,0,12.8,5.9,1.0,0,0,1,0,0,0,0,1,0
2023-10-21 20:00:00,378,21,1,5,0,12.8,5.9,1.0,0,0,1,0,0,0,0,1,0
2023-10-21 05:00:00,13,6,1,2,0,12.8,5.9,1.0,0,0,1,0,0,0,0,1,0
2023-10-21 01:00:00,67,2,1,0,0,12.8,5.9,1.0,0,0,1,0,0,0,0,1,0
2023-10-20 10:00:00,546,11,8,12,0,9.6,7.3,23.4,1,0,0,0,0,0,0,1,0
2023-10-20 18:00:00,485,19,4,2,0,9.6,7.3,23.4,1,0,0,0,0,0,0,1,0
2023-10-20 17:00:00,1103,18,3,2,0,9.6,7.3,23.4,1,0,0,0,0,0,0,1,0
2023-10-20 15:00:00,1765,16,3,1,0,9.6,7.3,23.4,1,0,0,0,0,0,0,1,0
2023-10-20 08:00:00,170,9,2,7,0,9.6,7.3,23.4,1,0,0,0,0,0,0,1,0
2023-10-23 13:00:00,2665,14,24,29,0,11.1,-1.0,4.5,0,1,0,0,0,0,0,1,0
2023-10-23 11:00:00,2173,12,20,14,0,11.1,-1.0,4.5,0,1,0,0,0,0,0,1,0
2023-10-23 15:00:00,2402,16,17,10,0,11.1,-1.0,4.5,0,1,0,0,0,0,0,1,0
2023-10-23 14:00:00,2828,15,16,7,0,11.1,-1.0,4.5,0,1,0,0,0,0,0,1,0
2023-10-23 08:00:00,552,9,13,13,0,11.1,-1.0,4.5,0,1,0,0,0,0,0,1,0
2023-10-23 17:00:00,1407,18,12,7,0,11.1,-1.0,4.5,0,1,0,0,0,0,0,1,0
2023-10-23 19:00:00,300,20,9,4,0,11.1,-1.0,4.5,0,1,0,0,0,0,0,1,0
2023-10-23 10:00:00,2018,11,8,32,0,11.1,-1.0,4.5,0,1,0,0,0,0,0,1,0
2023-10-23 09:00:00,1271,10,8,14,0,11.1,-1.0,4.5,0,1,0,0,0,0,0,1,0
2023-10-24 14:00:00,2450,15,13,13,0,9.9,3.2,0.9,0,0,0,0,0,1,0,1,0
2023-10-24 13:00:00,1006,14,12,165,0,9.9,3.2,0.9,0,0,0,0,0,1,0,1,0
2023-10-24 08:00:00,684,9,10,11,0,9.9,3.2,0.9,0,0,0,0,0,1,0,1,0
2023-10-24 18:00:00,524,19,6,20,0,9.9,3.2,0.9,0,0,0,0,0,1,0,1,0
2023-10-24 19:00:00,277,20,3,14,0,9.9,3.2,0.9,0,0,0,0,0,1,0,1,0
2023-10-24 21:00:00,272,22,2,11,0,9.9,3.2,0.9,0,0,0,0,0,1,0,1,0
2023-10-24 07:00:00,208,8,2,2,0,9.9,3.2,0.9,0,0,0,0,0,1,0,1,0
2023-10-24 23:00:00,31,0,1,4,0,9.9,3.2,0.9,0,0,0,0,0,1,0,1,0
2023-10-23 05:00:00,44,6,0,4,0,11.1,-1.0,4.5,0,1,0,0,0,0,0,1,0
2023-10-23 20:00:00,256,21,0,1,0,11.1,-1.0,4.5,0,1,0,0,0,0,0,1,0
2023-10-23 02:00:00,23,3,0,1,0,11.1,-1.0,4.5,0,1,0,0,0,0,0,1,0
2023-10-23 22:00:00,90,23,0,0,0,11.1,-1.0,4.5,0,1,0,0,0,0,0,1,0
2023-10-23 23:00:00,56,0,0,0,0,11.1,-1.0,4.5,0,1,0,0,0,0,0,1,0
2023-10-23 00:00:00,37,1,0,0,0,11.1,-1.0,4.5,0,1,0,0,0,0,0,1,0
2023-10-23 01:00:00,18,2,0,0,0,11.1,-1.0,4.5,0,1,0,0,0,0,0,1,0
2023-10-23 04:00:00,15,5,0,0,0,11.1,-1.0,4.5,0,1,0,0,0,0,0,1,0
2023-10-23 03:00:00,7,4,0,0,0,11.1,-1.0,4.5,0,1,0,0,0,0,0,1,0
2023-10-24 22:00:00,109,23,0,10,0,9.9,3.2,0.9,0,0,0,0,0,1,0,1,0
2023-10-24 06:00:00,89,7,0,6,0,9.9,3.2,0.9,0,0,0,0,0,1,0,1,0
2023-10-24 20:00:00,295,21,0,5,0,9.9,3.2,0.9,0,0,0,0,0,1,0,1,0
2023-10-24 00:00:00,39,1,0,1,0,9.9,3.2,0.9,0,0,0,0,0,1,0,1,0
2023-10-24 05:00:00,32,6,0,1,0,9.9,3.2,0.9,0,0,0,0,0,1,0,1,0
2023-10-24 02:00:00,22,3,0,0,0,9.9,3.2,0.9,0,0,0,0,0,1,0,1,0
2023-10-24 01:00:00,16,2,0,0,0,9.9,3.2,0.9,0,0,0,0,0,1,0,1,0
2023-10-24 03:00:00,14,4,0,0,0,9.9,3.2,0.9,0,0,0,0,0,1,0,1,0
2023-10-24 04:00:00,5,5,0,0,0,9.9,3.2,0.9,0,0,0,0,0,1,0,1,0
2023-10-25 13:00:00,2846,14,27,33,0,11.2,4.9,2.1,0,0,0,0,0,0,1,1,0
2023-10-25 14:00:00,2512,15,24,21,0,11.2,4.9,2.1,0,0,0,0,0,0,1,1,0
2023-10-22 04:00:00,13,5,0,11,0,10.8,1.0,0.0,0,0,0,1,0,0,0,1,0
2023-10-22 02:00:00,63,3,0,9,0,10.8,1.0,0.0,0,0,0,1,0,0,0,1,0
2023-10-22 08:00:00,144,9,0,5,0,10.8,1.0,0.0,0,0,0,1,0,0,0,1,0
2023-10-22 07:00:00,53,8,0,4,0,10.8,1.0,0.0,0,0,0,1,0,0,0,1,0
2023-10-22 23:00:00,44,0,0,4,0,10.8,1.0,0.0,0,0,0,1,0,0,0,1,0
2023-10-22 06:00:00,23,7,0,4,0,10.8,1.0,0.0,0,0,0,1,0,0,0,1,0
2023-10-22 21:00:00,283,22,0,3,0,10.8,1.0,0.0,0,0,0,1,0,0,0,1,0
2023-10-22 22:00:00,192,23,0,1,0,10.8,1.0,0.0,0,0,0,1,0,0,0,1,0
2023-10-23 16:00:00,2169,17,28,8,0,11.1,-1.0,4.5,0,1,0,0,0,0,0,1,0
2023-10-23 12:00:00,2951,13,27,13,0,11.1,-1.0,4.5,0,1,0,0,0,0,0,1,0
2023-10-24 16:00:00,2494,17,25,17,0,9.9,3.2,0.9,0,0,0,0,0,1,0,1,0
2023-10-24 09:00:00,1342,10,22,19,0,9.9,3.2,0.9,0,0,0,0,0,1,0,1,0
2023-10-24 17:00:00,1833,18,20,24,0,9.9,3.2,0.9,0,0,0,0,0,1,0,1,0
2023-10-24 11:00:00,2565,12,19,13,0,9.9,3.2,0.9,0,0,0,0,0,1,0,1,0
2023-10-24 10:00:00,2041,11,17,27,0,9.9,3.2,0.9,0,0,0,0,0,1,0,1,0
2023-10-24 15:00:00,2309,16,17,8,0,9.9,3.2,0.9,0,0,0,0,0,1,0,1,0
2023-10-24 12:00:00,3073,13,16,9,0,9.9,3.2,0.9,0,0,0,0,0,1,0,1,0
2023-10-23 18:00:00,555,19,5,3,0,11.1,-1.0,4.5,0,1,0,0,0,0,0,1,0
2023-10-23 07:00:00,184,8,3,15,0,11.1,-1.0,4.5,0,1,0,0,0,0,0,1,0
2023-10-23 06:00:00,78,7,3,3,0,11.1,-1.0,4.5,0,1,0,0,0,0,0,1,0
2023-10-23 21:00:00,235,22,2,5,0,11.1,-1.0,4.5,0,1,0,0,0,0,0,1,0
2023-10-25 07:00:00,171,8,1,8,0,11.2,4.9,2.1,0,0,0,0,0,0,1,1,0
2023-10-25 23:00:00,46,0,1,6,0,11.2,4.9,2.1,0,0,0,0,0,0,1,1,0
2023-10-25 21:00:00,206,22,1,4,0,11.2,4.9,2.1,0,0,0,0,0,0,1,1,0
2023-10-25 05:00:00,25,6,1,2,0,11.2,4.9,2.1,0,0,0,0,0,0,1,1,0
2023-10-25 02:00:00,17,3,1,0,0,11.2,4.9,2.1,0,0,0,0,0,0,1,1,0
2023-10-26 19:00:00,297,20,0,5,0,10.9,5.9,29.4,0,0,0,0,1,0,0,1,0
2023-10-26 21:00:00,159,22,0,3,0,10.9,5.9,29.4,0,0,0,0,1,0,0,1,0
2023-10-26 03:00:00,5,4,0,3,0,10.9,5.9,29.4,0,0,0,0,1,0,0,1,0
2023-10-26 06:00:00,64,7,0,2,0,10.9,5.9,29.4,0,0,0,0,1,0,0,1,0
2023-10-26 04:00:00,5,5,0,2,0,10.9,5.9,29.4,0,0,0,0,1,0,0,1,0
2023-10-26 00:00:00,35,1,0,0,0,10.9,5.9,29.4,0,0,0,0,1,0,0,1,0
2023-10-27 14:00:00,3079,15,19,23,0,11.2,7.2,16.5,1,0,0,0,0,0,0,1,0
2023-10-27 16:00:00,2115,17,19,14,0,11.2,7.2,16.5,1,0,0,0,0,0,0,1,0
2023-10-27 17:00:00,1494,18,15,0,0,11.2,7.2,16.5,1,0,0,0,0,0,0,1,0
2023-10-27 15:00:00,2465,16,14,21,0,11.2,7.2,16.5,1,0,0,0,0,0,0,1,0
2023-10-27 09:00:00,1513,10,14,14,0,11.2,7.2,16.5,1,0,0,0,0,0,0,1,0
2023-10-26 15:00:00,1620,16,4,8,0,10.9,5.9,29.4,0,0,0,0,1,0,0,1,0
2023-10-26 18:00:00,261,19,3,20,0,10.9,5.9,29.4,0,0,0,0,1,0,0,1,0
2023-10-26 07:00:00,201,8,2,5,0,10.9,5.9,29.4,0,0,0,0,1,0,0,1,0
2023-10-26 09:00:00,1367,10,13,25,0,10.9,5.9,29.4,0,0,0,0,1,0,0,1,0
2023-10-26 13:00:00,2737,14,12,17,0,10.9,5.9,29.4,0,0,0,0,1,0,0,1,0
2023-10-26 11:00:00,2380,12,12,14,0,10.9,5.9,29.4,0,0,0,0,1,0,0,1,0
2023-10-26 14:00:00,2025,15,10,10,0,10.9,5.9,29.4,0,0,0,0,1,0,0,1,0
2023-10-26 16:00:00,1693,17,7,12,0,10.9,5.9,29.4,0,0,0,0,1,0,0,1,0
2023-10-26 17:00:00,1067,18,6,7,0,10.9,5.9,29.4,0,0,0,0,1,0,0,1,0
2023-10-26 08:00:00,647,9,6,7,0,10.9,5.9,29.4,0,0,0,0,1,0,0,1,0
2023-10-25 19:00:00,261,20,0,7,0,11.2,4.9,2.1,0,0,0,0,0,0,1,1,0
2023-10-25 03:00:00,7,4,0,3,0,11.2,4.9,2.1,0,0,0,0,0,0,1,1,0
2023-10-25 20:00:00,222,21,0,2,0,11.2,4.9,2.1,0,0,0,0,0,0,1,1,0
2023-10-25 22:00:00,115,23,0,2,0,11.2,4.9,2.1,0,0,0,0,0,0,1,1,0
2023-10-25 06:00:00,59,7,0,2,0,11.2,4.9,2.1,0,0,0,0,0,0,1,1,0
2023-10-25 01:00:00,8,2,0,1,0,11.2,4.9,2.1,0,0,0,0,0,0,1,1,0
2023-10-25 04:00:00,5,5,0,0,0,11.2,4.9,2.1,0,0,0,0,0,0,1,1,0
2023-10-26 12:00:00,2719,13,21,21,0,10.9,5.9,29.4,0,0,0,0,1,0,0,1,0
2023-10-26 10:00:00,1968,11,18,19,0,10.9,5.9,29.4,0,0,0,0,1,0,0,1,0
2023-10-25 10:00:00,1728,11,20,28,0,11.2,4.9,2.1,0,0,0,0,0,0,1,1,0
2023-10-25 11:00:00,2387,12,19,12,0,11.2,4.9,2.1,0,0,0,0,0,0,1,1,0
2023-10-25 15:00:00,1944,16,19,7,0,11.2,4.9,2.1,0,0,0,0,0,0,1,1,0
2023-10-25 12:00:00,2490,13,15,20,0,11.2,4.9,2.1,0,0,0,0,0,0,1,1,0
2023-10-25 16:00:00,2072,17,14,18,0,11.2,4.9,2.1,0,0,0,0,0,0,1,1,0
2023-10-25 17:00:00,1277,18,12,9,0,11.2,4.9,2.1,0,0,0,0,0,0,1,1,0
2023-10-25 09:00:00,995,10,11,16,0,11.2,4.9,2.1,0,0,0,0,0,0,1,1,0
2023-10-25 08:00:00,509,9,7,10,0,11.2,4.9,2.1,0,0,0,0,0,0,1,1,0
2023-10-26 01:00:00,24,2,1,12,0,10.9,5.9,29.4,0,0,0,0,1,0,0,1,0
2023-10-26 02:00:00,26,3,1,6,0,10.9,5.9,29.4,0,0,0,0,1,0,0,1,0
2023-10-26 22:00:00,172,23,1,2,0,10.9,5.9,29.4,0,0,0,0,1,0,0,1,0
2023-10-26 05:00:00,56,6,1,2,0,10.9,5.9,29.4,0,0,0,0,1,0,0,1,0
2023-10-26 23:00:00,21,0,1,0,0,10.9,5.9,29.4,0,0,0,0,1,0,0,1,0
2023-10-26 20:00:00,211,21,0,9,0,10.9,5.9,29.4,0,0,0,0,1,0,0,1,0
2023-10-25 18:00:00,407,19,4,9,0,11.2,4.9,2.1,0,0,0,0,0,0,1,1,0
2023-10-25 00:00:00,23,1,3,2,0,11.2,4.9,2.1,0,0,0,0,0,0,1,1,0
2023-10-27 21:00:00,197,22,1,5,0,11.2,7.2,16.5,1,0,0,0,0,0,0,1,0
2023-10-27 20:00:00,168,21,0,17,0,11.2,7.2,16.5,1,0,0,0,0,0,0,1,0
2023-10-27 18:00:00,427,19,0,15,0,11.2,7.2,16.5,1,0,0,0,0,0,0,1,0
2023-10-27 22:00:00,229,23,0,4,0,11.2,7.2,16.5,1,0,0,0,0,0,0,1,0
2023-10-27 05:00:00,39,6,0,3,0,11.2,7.2,16.5,1,0,0,0,0,0,0,1,0
2023-10-28 04:00:00,3,5,0,0,0,11.6,9.0,7.9,0,0,1,0,0,0,0,1,0
2023-10-28 08:00:00,417,9,1,10,0,11.6,9.0,7.9,0,0,1,0,0,0,0,1,0
2023-10-28 23:00:00,145,0,1,5,0,11.6,9.0,7.9,0,0,1,0,0,0,0,1,0
2023-10-28 07:00:00,63,8,1,1,0,11.6,9.0,7.9,0,0,1,0,0,0,0,1,0
2023-10-29 11:00:00,1280,12,20,11,0,9.9,9.5,6.1,0,0,0,1,0,0,0,1,0
2023-10-29 12:00:00,1284,13,17,25,0,9.9,9.5,6.1,0,0,0,1,0,0,0,1,0
2023-10-29 14:00:00,1368,15,17,5,0,9.9,9.5,6.1,0,0,0,1,0,0,0,1,0
2023-10-29 15:00:00,1082,16,14,9,0,9.9,9.5,6.1,0,0,0,1,0,0,0,1,0
2023-10-29 13:00:00,1335,14,14,6,0,9.9,9.5,6.1,0,0,0,1,0,0,0,1,0
2023-10-29 10:00:00,765,11,6,11,0,9.9,9.5,6.1,0,0,0,1,0,0,0,1,0
2023-10-29 16:00:00,838,17,4,7,0,9.9,9.5,6.1,0,0,0,1,0,0,0,1,0
2023-10-27 06:00:00,59,7,0,2,0,11.2,7.2,16.5,1,0,0,0,0,0,0,1,0
2023-10-27 02:00:00,10,3,0,2,0,11.2,7.2,16.5,1,0,0,0,0,0,0,1,0
2023-10-27 04:00:00,5,5,0,2,0,11.2,7.2,16.5,1,0,0,0,0,0,0,1,0
2023-10-27 23:00:00,63,0,0,1,0,11.2,7.2,16.5,1,0,0,0,0,0,0,1,0
2023-10-27 00:00:00,38,1,0,1,0,11.2,7.2,16.5,1,0,0,0,0,0,0,1,0
2023-10-27 01:00:00,12,2,0,0,0,11.2,7.2,16.5,1,0,0,0,0,0,0,1,0
2023-10-27 03:00:00,6,4,0,0,0,11.2,7.2,16.5,1,0,0,0,0,0,0,1,0
2023-10-28 13:00:00,4336,14,27,19,0,11.6,9.0,7.9,0,0,1,0,0,0,0,1,0
2023-10-28 12:00:00,3728,13,19,20,0,11.6,9.0,7.9,0,0,1,0,0,0,0,1,0
2023-10-28 11:00:00,2889,12,14,25,0,11.6,9.0,7.9,0,0,1,0,0,0,0,1,0
2023-10-28 16:00:00,2873,17,13,5,0,11.6,9.0,7.9,0,0,1,0,0,0,0,1,0
2023-10-28 14:00:00,3191,15,12,19,0,11.6,9.0,7.9,0,0,1,0,0,0,0,1,0
2023-10-28 15:00:00,3213,16,11,17,0,11.6,9.0,7.9,0,0,1,0,0,0,0,1,0
2023-10-28 09:00:00,1021,10,7,14,0,11.6,9.0,7.9,0,0,1,0,0,0,0,1,0
2023-10-28 10:00:00,1777,11,6,19,0,11.6,9.0,7.9,0,0,1,0,0,0,0,1,0
2023-10-28 17:00:00,1682,18,3,2,0,11.6,9.0,7.9,0,0,1,0,0,0,0,1,0
2023-10-28 19:00:00,284,20,0,11,0,11.6,9.0,7.9,0,0,1,0,0,0,0,1,0
2023-10-28 21:00:00,297,22,0,10,0,11.6,9.0,7.9,0,0,1,0,0,0,0,1,0
2023-10-28 20:00:00,339,21,0,9,0,11.6,9.0,7.9,0,0,1,0,0,0,0,1,0
2023-10-28 01:00:00,37,2,0,4,0,11.6,9.0,7.9,0,0,1,0,0,0,0,1,0
2023-10-28 03:00:00,36,4,0,4,0,11.6,9.0,7.9,0,0,1,0,0,0,0,1,0
2023-10-28 05:00:00,8,6,0,4,0,11.6,9.0,7.9,0,0,1,0,0,0,0,1,0
2023-10-28 22:00:00,190,23,0,3,0,11.6,9.0,7.9,0,0,1,0,0,0,0,1,0
2023-10-28 00:00:00,100,1,0,3,0,11.6,9.0,7.9,0,0,1,0,0,0,0,1,0
2023-10-28 06:00:00,32,7,0,2,0,11.6,9.0,7.9,0,0,1,0,0,0,0,1,0
2023-10-28 18:00:00,459,19,0,1,0,11.6,9.0,7.9,0,0,1,0,0,0,0,1,0
2023-10-28 02:00:00,40,3,0,1,0,11.6,9.0,7.9,0,0,1,0,0,0,0,1,0
2023-10-27 13:00:00,2633,14,12,29,0,11.2,7.2,16.5,1,0,0,0,0,0,0,1,0
2023-10-27 11:00:00,2426,12,11,34,0,11.2,7.2,16.5,1,0,0,0,0,0,0,1,0
2023-10-27 10:00:00,2002,11,10,44,0,11.2,7.2,16.5,1,0,0,0,0,0,0,1,0
2023-10-27 12:00:00,2931,13,10,32,0,11.2,7.2,16.5,1,0,0,0,0,0,0,1,0
2023-10-27 08:00:00,889,9,4,13,0,11.2,7.2,16.5,1,0,0,0,0,0,0,1,0
2023-10-27 19:00:00,196,20,2,21,0,11.2,7.2,16.5,1,0,0,0,0,0,0,1,0
2023-10-27 07:00:00,266,8,1,14,0,11.2,7.2,16.5,1,0,0,0,0,0,0,1,0
2023-10-30 08:00:00,726,9,3,19,0,9.6,5.6,0.0,0,1,0,0,0,0,0,0,1
2023-10-30 18:00:00,515,19,3,19,0,9.6,5.6,0.0,0,1,0,0,0,0,0,0,1
2023-10-30 17:00:00,1926,18,2,20,0,9.6,5.6,0.0,0,1,0,0,0,0,0,0,1
2023-10-30 14:00:00,3433,15,21,21,0,9.6,5.6,0.0,0,1,0,0,0,0,0,0,1
2023-10-30 15:00:00,3296,16,20,31,0,9.6,5.6,0.0,0,1,0,0,0,0,0,0,1
2023-10-30 11:00:00,2655,12,19,22,0,9.6,5.6,0.0,0,1,0,0,0,0,0,0,1
2023-10-30 12:00:00,4070,13,18,17,0,9.6,5.6,0.0,0,1,0,0,0,0,0,0,1
2023-10-30 13:00:00,4009,14,16,11,0,9.6,5.6,0.0,0,1,0,0,0,0,0,0,1
2023-10-30 10:00:00,2294,11,12,22,0,9.6,5.6,0.0,0,1,0,0,0,0,0,0,1
2023-10-31 14:00:00,2772,15,21,10,0,10.2,5.3,7.5,0,0,0,0,0,1,0,0,1
2023-10-31 10:00:00,2199,11,19,12,0,10.2,5.3,7.5,0,0,0,0,0,1,0,0,1
2023-10-31 15:00:00,2568,16,18,10,0,10.2,5.3,7.5,0,0,0,0,0,1,0,0,1
2023-10-31 09:00:00,1339,10,17,19,0,10.2,5.3,7.5,0,0,0,0,0,1,0,0,1
2023-10-30 20:00:00,258,21,1,9,0,9.6,5.6,0.0,0,1,0,0,0,0,0,0,1
2023-10-30 06:00:00,68,7,1,3,0,9.6,5.6,0.0,0,1,0,0,0,0,0,0,1
2023-10-31 16:00:00,2118,17,14,12,0,10.2,5.3,7.5,0,0,0,0,0,1,0,0,1
2023-10-31 11:00:00,2828,12,12,6,0,10.2,5.3,7.5,0,0,0,0,0,1,0,0,1
2023-10-29 09:00:00,325,10,1,1,0,9.9,9.5,6.1,0,0,0,1,0,0,0,1,0
2023-10-29 08:00:00,158,9,2,4,0,9.9,9.5,6.1,0,0,0,1,0,0,0,1,0
2023-10-30 19:00:00,286,20,0,6,0,9.6,5.6,0.0,0,1,0,0,0,0,0,0,1
2023-10-30 01:00:00,16,2,0,3,0,9.6,5.6,0.0,0,1,0,0,0,0,0,0,1
2023-10-30 21:00:00,284,22,0,2,0,9.6,5.6,0.0,0,1,0,0,0,0,0,0,1
2023-10-30 23:00:00,24,0,0,1,0,9.6,5.6,0.0,0,1,0,0,0,0,0,0,1
2023-10-30 00:00:00,21,1,0,1,0,9.6,5.6,0.0,0,1,0,0,0,0,0,0,1
2023-10-30 03:00:00,1,4,0,1,0,9.6,5.6,0.0,0,1,0,0,0,0,0,0,1
2023-10-30 22:00:00,168,23,0,0,0,9.6,5.6,0.0,0,1,0,0,0,0,0,0,1
2023-10-30 05:00:00,54,6,0,0,0,9.6,5.6,0.0,0,1,0,0,0,0,0,0,1
2023-10-30 04:00:00,7,5,0,0,0,9.6,5.6,0.0,0,1,0,0,0,0,0,0,1
2023-10-30 02:00:00,1,3,0,0,0,9.6,5.6,0.0,0,1,0,0,0,0,0,0,1
2023-10-31 12:00:00,3384,13,40,20,0,10.2,5.3,7.5,0,0,0,0,0,1,0,0,1
2023-10-31 13:00:00,3379,14,34,8,0,10.2,5.3,7.5,0,0,0,0,0,1,0,0,1
2023-10-29 18:00:00,118,19,0,8,0,9.9,9.5,6.1,0,0,0,1,0,0,0,1,0
2023-10-29 19:00:00,57,20,0,8,0,9.9,9.5,6.1,0,0,0,1,0,0,0,1,0
2023-10-29 00:00:00,140,1,0,6,0,9.9,9.5,6.1,0,0,0,1,0,0,0,1,0
2023-10-29 17:00:00,236,18,0,3,0,9.9,9.5,6.1,0,0,0,1,0,0,0,1,0
2023-10-29 07:00:00,95,8,0,3,0,9.9,9.5,6.1,0,0,0,1,0,0,0,1,0
2023-10-29 20:00:00,29,21,0,3,0,9.9,9.5,6.1,0,0,0,1,0,0,0,1,0
2023-10-29 21:00:00,103,22,0,2,0,9.9,9.5,6.1,0,0,0,1,0,0,0,1,0
2023-10-29 01:00:00,171,2,0,1,0,9.9,9.5,6.1,0,0,0,1,0,0,0,1,0
2023-10-29 02:00:00,96,3,0,1,0,9.9,9.5,6.1,0,0,0,1,0,0,0,1,0
2023-10-29 05:00:00,8,6,0,1,0,9.9,9.5,6.1,0,0,0,1,0,0,0,1,0
2023-10-29 04:00:00,5,5,0,1,0,9.9,9.5,6.1,0,0,0,1,0,0,0,1,0
2023-10-29 22:00:00,32,23,0,0,0,9.9,9.5,6.1,0,0,0,1,0,0,0,1,0
2023-10-29 06:00:00,31,7,0,0,0,9.9,9.5,6.1,0,0,0,1,0,0,0,1,0
2023-10-29 23:00:00,22,0,0,0,0,9.9,9.5,6.1,0,0,0,1,0,0,0,1,0
2023-10-29 03:00:00,9,4,0,0,0,9.9,9.5,6.1,0,0,0,1,0,0,0,1,0
2023-10-30 09:00:00,1504,10,10,32,0,9.6,5.6,0.0,0,1,0,0,0,0,0,0,1
2023-10-30 16:00:00,3028,17,10,17,0,9.6,5.6,0.0,0,1,0,0,0,0,0,0,1
2023-10-30 07:00:00,162,8,5,7,0,9.6,5.6,0.0,0,1,0,0,0,0,0,0,1
2023-10-31 19:00:00,406,20,1,4,0,10.2,5.3,7.5,0,0,0,0,0,1,0,0,1
2023-10-31 20:00:00,312,21,1,4,0,10.2,5.3,7.5,0,0,0,0,0,1,0,0,1
2023-10-31 22:00:00,263,23,1,3,0,10.2,5.3,7.5,0,0,0,0,0,1,0,0,1
2023-10-31 07:00:00,185,8,7,15,0,10.2,5.3,7.5,0,0,0,0,0,1,0,0,1
2023-10-31 08:00:00,689,9,7,9,0,10.2,5.3,7.5,0,0,0,0,0,1,0,0,1
2023-10-31 18:00:00,499,19,4,6,0,10.2,5.3,7.5,0,0,0,0,0,1,0,0,1
2023-10-31 17:00:00,1484,18,2,7,0,10.2,5.3,7.5,0,0,0,0,0,1,0,0,1
2023-10-31 23:00:00,79,0,2,2,0,10.2,5.3,7.5,0,0,0,0,0,1,0,0,1
2023-10-31 21:00:00,298,22,0,5,0,10.2,5.3,7.5,0,0,0,0,0,1,0,0,1
2023-10-31 06:00:00,40,7,0,3,0,10.2,5.3,7.5,0,0,0,0,0,1,0,0,1
2023-10-31 02:00:00,4,3,0,2,0,10.2,5.3,7.5,0,0,0,0,0,1,0,0,1
2023-10-31 03:00:00,3,4,0,2,0,10.2,5.3,7.5,0,0,0,0,0,1,0,0,1
2023-10-31 05:00:00,29,6,0,1,0,10.2,5.3,7.5,0,0,0,0,0,1,0,0,1
2023-10-31 01:00:00,3,2,0,1,0,10.2,5.3,7.5,0,0,0,0,0,1,0,0,1
2023-10-31 00:00:00,29,1,0,0,0,10.2,5.3,7.5,0,0,0,0,0,1,0,0,1
2023-10-31 04:00:00,6,5,0,0,0,10.2,5.3,7.5,0,0,0,0,0,1,0,0,1
2023-09-01 12:00:00,2938,13,37,16,0,22.4,9.9,0.0,1,0,0,0,0,0,0,1,0
2023-09-01 14:00:00,2685,15,35,14,0,22.4,9.9,0.0,1,0,0,0,0,0,0,1,0
2023-09-01 16:00:00,1918,17,32,15,0,22.4,9.9,0.0,1,0,0,0,0,0,0,1,0
2023-09-01 13:00:00,2987,14,28,14,0,22.4,9.9,0.0,1,0,0,0,0,0,0,1,0
2023-09-01 11:00:00,2653,12,24,9,0,22.4,9.9,0.0,1,0,0,0,0,0,0,1,0
2023-09-01 15:00:00,2298,16,18,3,0,22.4,9.9,0.0,1,0,0,0,0,0,0,1,0
2023-09-02 20:00:00,660,21,5,95,0,22.9,5.5,0.0,0,0,1,0,0,0,0,1,0
2023-09-02 23:00:00,181,0,2,127,0,22.9,5.5,0.0,0,0,1,0,0,0,0,1,0
2023-09-02 22:00:00,384,23,2,126,0,22.9,5.5,0.0,0,0,1,0,0,0,0,1,0
2023-09-02 06:00:00,44,7,2,0,0,22.9,5.5,0.0,0,0,1,0,0,0,0,1,0
2023-09-02 21:00:00,672,22,1,122,0,22.9,5.5,0.0,0,0,1,0,0,0,0,1,0
2023-09-01 10:00:00,1889,11,7,15,0,22.4,9.9,0.0,1,0,0,0,0,0,0,1,0
2023-09-01 08:00:00,626,9,7,7,0,22.4,9.9,0.0,1,0,0,0,0,0,0,1,0
2023-09-01 07:00:00,261,8,3,22,0,22.4,9.9,0.0,1,0,0,0,0,0,0,1,0
2023-09-01 21:00:00,284,22,3,5,0,22.4,9.9,0.0,1,0,0,0,0,0,0,1,0
2023-09-01 22:00:00,143,23,2,7,0,22.4,9.9,0.0,1,0,0,0,0,0,0,1,0
2023-09-01 23:00:00,108,0,2,7,0,22.4,9.9,0.0,1,0,0,0,0,0,0,1,0
2023-09-01 02:00:00,27,3,2,2,0,22.4,9.9,0.0,1,0,0,0,0,0,0,1,0
2023-09-01 20:00:00,272,21,1,4,0,22.4,9.9,0.0,1,0,0,0,0,0,0,1,0
2023-09-01 06:00:00,123,7,0,8,0,22.4,9.9,0.0,1,0,0,0,0,0,0,1,0
2023-09-01 05:00:00,39,6,0,3,0,22.4,9.9,0.0,1,0,0,0,0,0,0,1,0
2023-09-01 00:00:00,36,1,0,1,0,22.4,9.9,0.0,1,0,0,0,0,0,0,1,0
2023-09-01 01:00:00,35,2,0,1,0,22.4,9.9,0.0,1,0,0,0,0,0,0,1,0
2023-09-01 03:00:00,9,4,0,1,0,22.4,9.9,0.0,1,0,0,0,0,0,0,1,0
2023-09-01 04:00:00,1,5,0,1,0,22.4,9.9,0.0,1,0,0,0,0,0,0,1,0
2023-09-01 18:00:00,695,19,16,12,0,22.4,9.9,0.0,1,0,0,0,0,0,0,1,0
2023-09-01 17:00:00,1488,18,15,15,0,22.4,9.9,0.0,1,0,0,0,0,0,0,1,0
2023-09-01 19:00:00,419,20,12,7,0,22.4,9.9,0.0,1,0,0,0,0,0,0,1,0
2023-09-01 09:00:00,1357,10,10,16,0,22.4,9.9,0.0,1,0,0,0,0,0,0,1,0
2023-09-02 16:00:00,2848,17,27,13,0,22.9,5.5,0.0,0,0,1,0,0,0,0,1,0
2023-09-02 15:00:00,2706,16,24,14,0,22.9,5.5,0.0,0,0,1,0,0,0,0,1,0
2023-09-02 12:00:00,3285,13,21,16,0,22.9,5.5,0.0,0,0,1,0,0,0,0,1,0
2023-09-02 13:00:00,3538,14,21,9,0,22.9,5.5,0.0,0,0,1,0,0,0,0,1,0
2023-09-02 18:00:00,751,19,19,16,0,22.9,5.5,0.0,0,0,1,0,0,0,0,1,0
2023-09-02 14:00:00,3375,15,18,20,0,22.9,5.5,0.0,0,0,1,0,0,0,0,1,0
2023-09-02 17:00:00,1793,18,18,16,0,22.9,5.5,0.0,0,0,1,0,0,0,0,1,0
2023-09-02 11:00:00,2942,12,18,11,0,22.9,5.5,0.0,0,0,1,0,0,0,0,1,0
2023-09-02 19:00:00,797,20,10,102,0,22.9,5.5,0.0,0,0,1,0,0,0,0,1,0
2023-09-02 10:00:00,2035,11,10,21,0,22.9,5.5,0.0,0,0,1,0,0,0,0,1,0
2023-09-02 09:00:00,1184,10,7,14,0,22.9,5.5,0.0,0,0,1,0,0,0,0,1,0
2023-09-02 07:00:00,86,8,1,8,0,22.9,5.5,0.0,0,0,1,0,0,0,0,1,0
2023-09-02 04:00:00,15,5,1,4,0,22.9,5.5,0.0,0,0,1,0,0,0,0,1,0
2023-09-02 00:00:00,164,1,0,13,0,22.9,5.5,0.0,0,0,1,0,0,0,0,1,0
2023-09-02 08:00:00,432,9,0,12,0,22.9,5.5,0.0,0,0,1,0,0,0,0,1,0
2023-09-02 03:00:00,57,4,0,11,0,22.9,5.5,0.0,0,0,1,0,0,0,0,1,0
2023-09-02 02:00:00,62,3,0,9,0,22.9,5.5,0.0,0,0,1,0,0,0,0,1,0
2023-09-02 01:00:00,69,2,0,5,0,22.9,5.5,0.0,0,0,1,0,0,0,0,1,0
2023-09-02 05:00:00,30,6,0,2,0,22.9,5.5,0.0,0,0,1,0,0,0,0,1,0
2023-09-03 12:00:00,1799,13,47,13,0,24.2,5.5,0.0,0,0,0,1,0,0,0,1,0
2023-09-03 03:00:00,132,4,2,56,0,24.2,5.5,0.0,0,0,0,1,0,0,0,1,0
2023-09-03 23:00:00,81,0,1,55,0,24.2,5.5,0.0,0,0,0,1,0,0,0,1,0
2023-09-03 04:00:00,43,5,1,29,0,24.2,5.5,0.0,0,0,0,1,0,0,0,1,0
2023-09-04 14:00:00,2186,15,24,9,0,20.8,5.5,0.0,0,1,0,0,0,0,0,1,0
2023-09-03 15:00:00,1408,16,10,7,0,24.2,5.5,0.0,0,0,0,1,0,0,0,1,0
2023-09-04 11:00:00,2340,12,22,13,0,20.8,5.5,0.0,0,1,0,0,0,0,0,1,0
2023-09-04 13:00:00,2575,14,21,15,0,20.8,5.5,0.0,0,1,0,0,0,0,0,1,0
2023-09-04 12:00:00,2566,13,18,15,0,20.8,5.5,0.0,0,1,0,0,0,0,0,1,0
2023-09-04 18:00:00,770,19,13,70,0,20.8,5.5,0.0,0,1,0,0,0,0,0,1,0
2023-09-04 10:00:00,1798,11,13,14,0,20.8,5.5,0.0,0,1,0,0,0,0,0,1,0
2023-09-04 08:00:00,708,9,13,9,0,20.8,5.5,0.0,0,1,0,0,0,0,0,1,0
2023-09-04 09:00:00,1066,10,12,24,0,20.8,5.5,0.0,0,1,0,0,0,0,0,1,0
2023-09-03 19:00:00,582,20,8,76,0,24.2,5.5,0.0,0,0,0,1,0,0,0,1,0
2023-09-03 13:00:00,1980,14,26,7,0,24.2,5.5,0.0,0,0,0,1,0,0,0,1,0
2023-09-03 16:00:00,980,17,8,8,0,24.2,5.5,0.0,0,0,0,1,0,0,0,1,0
2023-09-03 11:00:00,1344,12,25,9,0,24.2,5.5,0.0,0,0,0,1,0,0,0,1,0
2023-09-04 01:00:00,37,2,0,33,0,20.8,5.5,0.0,0,1,0,0,0,0,0,1,0
2023-09-03 14:00:00,1916,15,21,8,0,24.2,5.5,0.0,0,0,0,1,0,0,0,1,0
2023-09-03 09:00:00,268,10,13,5,0,24.2,5.5,0.0,0,0,0,1,0,0,0,1,0
2023-09-03 10:00:00,674,11,12,5,0,24.2,5.5,0.0,0,0,0,1,0,0,0,1,0
2023-09-03 18:00:00,422,19,11,23,0,24.2,5.5,0.0,0,0,0,1,0,0,0,1,0
2023-09-03 17:00:00,417,18,6,1,0,24.2,5.5,0.0,0,0,0,1,0,0,0,1,0
2023-09-04 02:00:00,7,3,0,26,0,20.8,5.5,0.0,0,1,0,0,0,0,0,1,0
2023-09-03 07:00:00,93,8,4,28,0,24.2,5.5,0.0,0,0,0,1,0,0,0,1,0
2023-09-03 08:00:00,225,9,4,22,0,24.2,5.5,0.0,0,0,0,1,0,0,0,1,0
2023-09-03 20:00:00,201,21,4,14,0,24.2,5.5,0.0,0,0,0,1,0,0,0,1,0
2023-09-03 00:00:00,253,1,3,93,0,24.2,5.5,0.0,0,0,0,1,0,0,0,1,0
2023-09-03 05:00:00,41,6,1,10,0,24.2,5.5,0.0,0,0,0,1,0,0,0,1,0
2023-09-04 03:00:00,2,4,0,2,0,20.8,5.5,0.0,0,1,0,0,0,0,0,1,0
2023-09-04 04:00:00,6,5,0,1,0,20.8,5.5,0.0,0,1,0,0,0,0,0,1,0
2023-09-04 22:00:00,224,23,2,55,0,20.8,5.5,0.0,0,1,0,0,0,0,0,1,0
2023-09-03 01:00:00,126,2,0,105,0,24.2,5.5,0.0,0,0,0,1,0,0,0,1,0
2023-09-03 02:00:00,105,3,0,96,0,24.2,5.5,0.0,0,0,0,1,0,0,0,1,0
2023-09-04 05:00:00,33,6,1,3,0,20.8,5.5,0.0,0,1,0,0,0,0,0,1,0
2023-09-04 00:00:00,54,1,0,48,0,20.8,5.5,0.0,0,1,0,0,0,0,0,1,0
2023-09-04 23:00:00,90,0,0,44,0,20.8,5.5,0.0,0,1,0,0,0,0,0,1,0
2023-09-03 22:00:00,112,23,0,33,0,24.2,5.5,0.0,0,0,0,1,0,0,0,1,0
2023-09-05 10:00:00,1509,11,39,35,0,19.9,9.9,0.0,0,0,0,0,0,1,0,1,0
2023-09-03 06:00:00,79,7,0,20,0,24.2,5.5,0.0,0,0,0,1,0,0,0,1,0
2023-09-03 21:00:00,50,22,0,2,0,24.2,5.5,0.0,0,0,0,1,0,0,0,1,0
2023-09-04 16:00:00,1337,17,32,13,0,20.8,5.5,0.0,0,1,0,0,0,0,0,1,0
2023-09-04 15:00:00,1747,16,32,8,0,20.8,5.5,0.0,0,1,0,0,0,0,0,1,0
2023-09-04 06:00:00,68,7,11,6,0,20.8,5.5,0.0,0,1,0,0,0,0,0,1,0
2023-09-04 19:00:00,533,20,8,75,0,20.8,5.5,0.0,0,1,0,0,0,0,0,1,0
2023-09-04 17:00:00,1178,18,7,26,0,20.8,5.5,0.0,0,1,0,0,0,0,0,1,0
2023-09-04 20:00:00,400,21,6,78,0,20.8,5.5,0.0,0,1,0,0,0,0,0,1,0
2023-09-04 21:00:00,424,22,4,75,0,20.8,5.5,0.0,0,1,0,0,0,0,0,1,0
2023-09-04 07:00:00,258,8,4,14,0,20.8,5.5,0.0,0,1,0,0,0,0,0,1,0
2023-09-06 23:00:00,67,0,1,27,0,22.4,14.0,0.0,0,0,0,0,0,0,1,1,0
2023-09-06 20:00:00,296,21,1,7,0,22.4,14.0,0.0,0,0,0,0,0,0,1,1,0
2023-09-05 09:00:00,746,10,27,66,0,19.9,9.9,0.0,0,0,0,0,0,1,0,1,0
2023-09-06 00:00:00,18,1,0,36,0,22.4,14.0,0.0,0,0,0,0,0,0,1,1,0
2023-09-06 01:00:00,20,2,0,22,0,22.4,14.0,0.0,0,0,0,0,0,0,1,1,0
2023-09-06 03:00:00,12,4,0,14,0,22.4,14.0,0.0,0,0,0,0,0,0,1,1,0
2023-09-06 02:00:00,4,3,0,14,0,22.4,14.0,0.0,0,0,0,0,0,0,1,1,0
2023-09-06 05:00:00,40,6,0,13,0,22.4,14.0,0.0,0,0,0,0,0,0,1,1,0
2023-09-06 04:00:00,6,5,0,10,0,22.4,14.0,0.0,0,0,0,0,0,0,1,1,0
2023-09-05 01:00:00,32,2,0,17,0,19.9,9.9,0.0,0,0,0,0,0,1,0,1,0
2023-09-05 05:00:00,21,6,0,14,0,19.9,9.9,0.0,0,0,0,0,0,1,0,1,0
2023-09-06 16:00:00,2120,17,24,9,0,22.4,14.0,0.0,0,0,0,0,0,0,1,1,0
2023-09-05 04:00:00,5,5,0,11,0,19.9,9.9,0.0,0,0,0,0,0,1,0,1,0
2023-09-05 22:00:00,229,23,2,51,0,19.9,9.9,0.0,0,0,0,0,0,1,0,1,0
2023-09-05 06:00:00,32,7,2,19,0,19.9,9.9,0.0,0,0,0,0,0,1,0,1,0
2023-09-05 23:00:00,67,0,1,35,0,19.9,9.9,0.0,0,0,0,0,0,1,0,1,0
2023-09-05 02:00:00,9,3,1,13,0,19.9,9.9,0.0,0,0,0,0,0,1,0,1,0
2023-09-05 03:00:00,6,4,1,8,0,19.9,9.9,0.0,0,0,0,0,0,1,0,1,0
2023-09-05 00:00:00,57,1,0,35,0,19.9,9.9,0.0,0,0,0,0,0,1,0,1,0
2023-09-05 14:00:00,2600,15,20,18,0,19.9,9.9,0.0,0,0,0,0,0,1,0,1,0
2023-09-05 16:00:00,2467,17,20,4,0,19.9,9.9,0.0,0,0,0,0,0,1,0,1,0
2023-09-05 11:00:00,2432,12,18,17,0,19.9,9.9,0.0,0,0,0,0,0,1,0,1,0
2023-09-05 08:00:00,424,9,17,33,0,19.9,9.9,0.0,0,0,0,0,0,1,0,1,0
2023-09-05 17:00:00,1964,18,17,8,0,19.9,9.9,0.0,0,0,0,0,0,1,0,1,0
2023-09-05 15:00:00,2518,16,17,6,0,19.9,9.9,0.0,0,0,0,0,0,1,0,1,0
2023-09-05 18:00:00,1122,19,14,4,0,19.9,9.9,0.0,0,0,0,0,0,1,0,1,0
2023-09-06 10:00:00,1937,11,9,18,0,22.4,14.0,0.0,0,0,0,0,0,0,1,1,0
2023-09-06 11:00:00,2414,12,9,14,0,22.4,14.0,0.0,0,0,0,0,0,0,1,1,0
2023-09-06 19:00:00,272,20,9,4,0,22.4,14.0,0.0,0,0,0,0,0,0,1,1,0
2023-09-05 13:00:00,2580,14,10,21,0,19.9,9.9,0.0,0,0,0,0,0,1,0,1,0
2023-09-06 15:00:00,2110,16,22,7,0,22.4,14.0,0.0,0,0,0,0,0,0,1,1,0
2023-09-05 19:00:00,605,20,9,67,0,19.9,9.9,0.0,0,0,0,0,0,1,0,1,0
2023-09-06 17:00:00,1254,18,19,8,0,22.4,14.0,0.0,0,0,0,0,0,0,1,1,0
2023-09-06 12:00:00,2622,13,17,15,0,22.4,14.0,0.0,0,0,0,0,0,0,1,1,0
2023-09-06 09:00:00,1274,10,10,36,0,22.4,14.0,0.0,0,0,0,0,0,0,1,1,0
2023-09-06 14:00:00,2392,15,10,21,0,22.4,14.0,0.0,0,0,0,0,0,0,1,1,0
2023-09-06 13:00:00,2771,14,10,12,0,22.4,14.0,0.0,0,0,0,0,0,0,1,1,0
2023-09-06 08:00:00,757,9,10,7,0,22.4,14.0,0.0,0,0,0,0,0,0,1,1,0
2023-09-05 12:00:00,1720,13,9,20,0,19.9,9.9,0.0,0,0,0,0,0,1,0,1,0
2023-09-06 07:00:00,221,8,6,19,0,22.4,14.0,0.0,0,0,0,0,0,0,1,1,0
2023-09-05 20:00:00,473,21,8,66,0,19.9,9.9,0.0,0,0,0,0,0,1,0,1,0
2023-09-05 07:00:00,162,8,8,57,0,19.9,9.9,0.0,0,0,0,0,0,1,0,1,0
2023-09-07 12:00:00,2564,13,33,18,0,25.0,12.0,0.0,0,0,0,0,1,0,0,1,0
2023-09-06 18:00:00,481,19,5,0,0,22.4,14.0,0.0,0,0,0,0,0,0,1,1,0
2023-09-06 06:00:00,102,7,4,42,0,22.4,14.0,0.0,0,0,0,0,0,0,1,1,0
2023-09-06 22:00:00,243,23,4,34,0,22.4,14.0,0.0,0,0,0,0,0,0,1,1,0
2023-09-06 21:00:00,366,22,3,43,0,22.4,14.0,0.0,0,0,0,0,0,0,1,1,0
2023-09-05 21:00:00,470,22,5,65,0,19.9,9.9,0.0,0,0,0,0,0,1,0,1,0
2023-09-07 16:00:00,2058,17,8,8,0,25.0,12.0,0.0,0,0,0,0,1,0,0,1,0
2023-09-07 08:00:00,540,9,8,7,0,25.0,12.0,0.0,0,0,0,0,1,0,0,1,0
2023-09-07 06:00:00,81,7,2,13,0,25.0,12.0,0.0,0,0,0,0,1,0,0,1,0
2023-09-07 11:00:00,1887,12,23,15,0,25.0,12.0,0.0,0,0,0,0,1,0,0,1,0
2023-09-07 17:00:00,1438,18,23,10,0,25.0,12.0,0.0,0,0,0,0,1,0,0,1,0
2023-09-08 17:00:00,1620,18,7,11,0,24.7,13.5,0.0,1,0,0,0,0,0,0,1,0
2023-09-07 22:00:00,164,23,2,2,0,25.0,12.0,0.0,0,0,0,0,1,0,0,1,0
2023-09-07 10:00:00,1583,11,20,20,0,25.0,12.0,0.0,0,0,0,0,1,0,0,1,0
2023-09-07 14:00:00,2352,15,20,11,0,25.0,12.0,0.0,0,0,0,0,1,0,0,1,0
2023-09-07 09:00:00,1228,10,16,14,0,25.0,12.0,0.0,0,0,0,0,1,0,0,1,0
2023-09-07 19:00:00,392,20,14,9,0,25.0,12.0,0.0,0,0,0,0,1,0,0,1,0
2023-09-07 15:00:00,2241,16,13,7,0,25.0,12.0,0.0,0,0,0,0,1,0,0,1,0
2023-09-07 13:00:00,2565,14,12,7,0,25.0,12.0,0.0,0,0,0,0,1,0,0,1,0
2023-09-07 18:00:00,503,19,9,4,0,25.0,12.0,0.0,0,0,0,0,1,0,0,1,0
2023-09-08 02:00:00,25,3,1,1,0,24.7,13.5,0.0,1,0,0,0,0,0,0,1,0
2023-09-09 16:00:00,1897,17,21,3,0,22.7,5.5,0.0,0,0,1,0,0,0,0,1,0
2023-09-09 17:00:00,1579,18,17,15,0,22.7,5.5,0.0,0,0,1,0,0,0,0,1,0
2023-09-09 12:00:00,2658,13,15,18,0,22.7,5.5,0.0,0,0,1,0,0,0,0,1,0
2023-09-08 20:00:00,558,21,4,59,0,24.7,13.5,0.0,1,0,0,0,0,0,0,1,0
2023-09-08 07:00:00,191,8,4,14,0,24.7,13.5,0.0,1,0,0,0,0,0,0,1,0
2023-09-08 06:00:00,60,7,2,2,0,24.7,13.5,0.0,1,0,0,0,0,0,0,1,0
2023-09-07 23:00:00,79,0,1,2,0,25.0,12.0,0.0,0,0,0,0,1,0,0,1,0
2023-09-08 18:00:00,966,19,16,62,0,24.7,13.5,0.0,1,0,0,0,0,0,0,1,0
2023-09-08 23:00:00,101,0,0,9,0,24.7,13.5,0.0,1,0,0,0,0,0,0,1,0
2023-09-08 01:00:00,66,2,0,5,0,24.7,13.5,0.0,1,0,0,0,0,0,0,1,0
2023-09-08 03:00:00,11,4,0,2,0,24.7,13.5,0.0,1,0,0,0,0,0,0,1,0
2023-09-08 05:00:00,45,6,0,1,0,24.7,13.5,0.0,1,0,0,0,0,0,0,1,0
2023-09-08 04:00:00,13,5,0,1,0,24.7,13.5,0.0,1,0,0,0,0,0,0,1,0
2023-09-08 00:00:00,41,1,0,0,0,24.7,13.5,0.0,1,0,0,0,0,0,0,1,0
2023-09-08 10:00:00,3194,11,16,11,0,24.7,13.5,0.0,1,0,0,0,0,0,0,1,0
2023-09-08 16:00:00,2237,17,16,11,0,24.7,13.5,0.0,1,0,0,0,0,0,0,1,0
2023-09-08 22:00:00,274,23,13,70,0,24.7,13.5,0.0,1,0,0,0,0,0,0,1,0
2023-09-08 08:00:00,697,9,13,20,0,24.7,13.5,0.0,1,0,0,0,0,0,0,1,0
2023-09-08 19:00:00,641,20,12,87,0,24.7,13.5,0.0,1,0,0,0,0,0,0,1,0
2023-09-08 21:00:00,381,22,10,84,0,24.7,13.5,0.0,1,0,0,0,0,0,0,1,0
2023-09-08 09:00:00,1967,10,10,28,0,24.7,13.5,0.0,1,0,0,0,0,0,0,1,0
2023-09-08 12:00:00,4111,13,27,15,0,24.7,13.5,0.0,1,0,0,0,0,0,0,1,0
2023-09-07 00:00:00,56,1,0,23,0,25.0,12.0,0.0,0,0,0,0,1,0,0,1,0
2023-09-08 11:00:00,3753,12,23,15,0,24.7,13.5,0.0,1,0,0,0,0,0,0,1,0
2023-09-07 07:00:00,194,8,4,21,0,25.0,12.0,0.0,0,0,0,0,1,0,0,1,0
2023-09-07 01:00:00,16,2,0,23,0,25.0,12.0,0.0,0,0,0,0,1,0,0,1,0
2023-09-07 02:00:00,13,3,0,19,0,25.0,12.0,0.0,0,0,0,0,1,0,0,1,0
2023-09-07 03:00:00,5,4,0,9,0,25.0,12.0,0.0,0,0,0,0,1,0,0,1,0
2023-09-07 05:00:00,33,6,0,5,0,25.0,12.0,0.0,0,0,0,0,1,0,0,1,0
2023-09-07 04:00:00,12,5,0,5,0,25.0,12.0,0.0,0,0,0,0,1,0,0,1,0
2023-09-08 13:00:00,3698,14,22,17,0,24.7,13.5,0.0,1,0,0,0,0,0,0,1,0
2023-09-07 21:00:00,185,22,4,11,0,25.0,12.0,0.0,0,0,0,0,1,0,0,1,0
2023-09-08 15:00:00,2597,16,20,6,0,24.7,13.5,0.0,1,0,0,0,0,0,0,1,0
2023-09-08 14:00:00,3245,15,18,7,0,24.7,13.5,0.0,1,0,0,0,0,0,0,1,0
2023-09-07 20:00:00,241,21,3,2,0,25.0,12.0,0.0,0,0,0,0,1,0,0,1,0
2023-09-09 21:00:00,249,22,6,10,0,22.7,5.5,0.0,0,0,1,0,0,0,0,1,0
2023-09-09 20:00:00,332,21,2,12,0,22.7,5.5,0.0,0,0,1,0,0,0,0,1,0
2023-09-09 14:00:00,3604,15,12,15,0,22.7,5.5,0.0,0,0,1,0,0,0,0,1,0
2023-09-09 10:00:00,2400,11,12,13,0,22.7,5.5,0.0,0,0,1,0,0,0,0,1,0
2023-09-09 13:00:00,3369,14,12,11,0,22.7,5.5,0.0,0,0,1,0,0,0,0,1,0
2023-09-09 18:00:00,615,19,12,10,0,22.7,5.5,0.0,0,0,1,0,0,0,0,1,0
2023-09-09 11:00:00,2668,12,11,30,0,22.7,5.5,0.0,0,0,1,0,0,0,0,1,0
2023-09-09 15:00:00,2440,16,10,18,0,22.7,5.5,0.0,0,0,1,0,0,0,0,1,0
2023-09-09 09:00:00,1693,10,9,16,0,22.7,5.5,0.0,0,0,1,0,0,0,0,1,0
2023-09-09 08:00:00,680,9,8,11,0,22.7,5.5,0.0,0,0,1,0,0,0,0,1,0
2023-09-09 19:00:00,404,20,6,8,0,22.7,5.5,0.0,0,0,1,0,0,0,0,1,0
2023-09-09 23:00:00,163,0,2,11,0,22.7,5.5,0.0,0,0,1,0,0,0,0,1,0
2023-09-09 22:00:00,205,23,3,6,0,22.7,5.5,0.0,0,0,1,0,0,0,0,1,0
2023-09-09 06:00:00,52,7,3,1,0,22.7,5.5,0.0,0,0,1,0,0,0,0,1,0
2023-09-09 02:00:00,78,3,2,3,0,22.7,5.5,0.0,0,0,1,0,0,0,0,1,0
2023-09-11 14:00:00,1928,15,28,17,0,17.4,12.5,0.0,0,1,0,0,0,0,0,1,0
2023-09-11 16:00:00,1799,17,26,7,0,17.4,12.5,0.0,0,1,0,0,0,0,0,1,0
2023-09-11 10:00:00,2307,11,25,12,0,17.4,12.5,0.0,0,1,0,0,0,0,0,1,0
2023-09-11 11:00:00,2268,12,22,8,0,17.4,12.5,0.0,0,1,0,0,0,0,0,1,0
2023-09-11 08:00:00,824,9,15,14,0,17.4,12.5,0.0,0,1,0,0,0,0,0,1,0
2023-09-11 17:00:00,2095,18,14,1,0,17.4,12.5,0.0,0,1,0,0,0,0,0,1,0
2023-09-11 09:00:00,1154,10,11,17,0,17.4,12.5,0.0,0,1,0,0,0,0,0,1,0
2023-09-09 07:00:00,146,8,1,6,0,22.7,5.5,0.0,0,0,1,0,0,0,0,1,0
2023-09-09 05:00:00,34,6,1,5,0,22.7,5.5,0.0,0,0,1,0,0,0,0,1,0
2023-09-09 04:00:00,17,5,1,3,0,22.7,5.5,0.0,0,0,1,0,0,0,0,1,0
2023-09-09 03:00:00,78,4,0,7,0,22.7,5.5,0.0,0,0,1,0,0,0,0,1,0
2023-09-09 00:00:00,131,1,0,5,0,22.7,5.5,0.0,0,0,1,0,0,0,0,1,0
2023-09-09 01:00:00,118,2,0,5,0,22.7,5.5,0.0,0,0,1,0,0,0,0,1,0
2023-09-10 22:00:00,154,23,0,47,0,20.5,5.5,21.4,0,0,0,1,0,0,0,1,0
2023-09-10 12:00:00,1909,13,8,15,0,20.5,5.5,21.4,0,0,0,1,0,0,0,1,0
2023-09-10 21:00:00,240,22,0,39,0,20.5,5.5,21.4,0,0,0,1,0,0,0,1,0
2023-09-10 23:00:00,67,0,0,5,0,20.5,5.5,21.4,0,0,0,1,0,0,0,1,0
2023-09-10 04:00:00,17,5,0,2,0,20.5,5.5,21.4,0,0,0,1,0,0,0,1,0
2023-09-10 05:00:00,14,6,0,1,0,20.5,5.5,21.4,0,0,0,1,0,0,0,1,0
2023-09-11 13:00:00,2666,14,34,13,0,17.4,12.5,0.0,0,1,0,0,0,0,0,1,0
2023-09-11 15:00:00,1849,16,33,26,0,17.4,12.5,0.0,0,1,0,0,0,0,0,1,0
2023-09-11 12:00:00,2264,13,31,19,0,17.4,12.5,0.0,0,1,0,0,0,0,0,1,0
2023-09-10 09:00:00,300,10,8,3,0,20.5,5.5,21.4,0,0,0,1,0,0,0,1,0
2023-09-10 07:00:00,31,8,3,13,0,20.5,5.5,21.4,0,0,0,1,0,0,0,1,0
2023-09-10 03:00:00,107,4,3,12,0,20.5,5.5,21.4,0,0,0,1,0,0,0,1,0
2023-09-10 14:00:00,2448,15,21,8,0,20.5,5.5,21.4,0,0,0,1,0,0,0,1,0
2023-09-10 16:00:00,945,17,20,6,0,20.5,5.5,21.4,0,0,0,1,0,0,0,1,0
2023-09-10 11:00:00,1273,12,20,5,0,20.5,5.5,21.4,0,0,0,1,0,0,0,1,0
2023-09-10 13:00:00,2875,14,15,16,0,20.5,5.5,21.4,0,0,0,1,0,0,0,1,0
2023-09-10 15:00:00,1886,16,14,7,0,20.5,5.5,21.4,0,0,0,1,0,0,0,1,0
2023-09-10 10:00:00,735,11,11,18,0,20.5,5.5,21.4,0,0,0,1,0,0,0,1,0
2023-09-10 02:00:00,175,3,3,5,0,20.5,5.5,21.4,0,0,0,1,0,0,0,1,0
2023-09-10 18:00:00,400,19,7,65,0,20.5,5.5,21.4,0,0,0,1,0,0,0,1,0
2023-09-10 19:00:00,247,20,4,50,0,20.5,5.5,21.4,0,0,0,1,0,0,0,1,0
2023-09-10 08:00:00,93,9,4,12,0,20.5,5.5,21.4,0,0,0,1,0,0,0,1,0
2023-09-10 20:00:00,237,21,2,31,0,20.5,5.5,21.4,0,0,0,1,0,0,0,1,0
2023-09-10 01:00:00,161,2,2,10,0,20.5,5.5,21.4,0,0,0,1,0,0,0,1,0
2023-09-10 06:00:00,40,7,2,2,0,20.5,5.5,21.4,0,0,0,1,0,0,0,1,0
2023-09-10 17:00:00,252,18,2,0,0,20.5,5.5,21.4,0,0,0,1,0,0,0,1,0
2023-09-10 00:00:00,216,1,1,4,0,20.5,5.5,21.4,0,0,0,1,0,0,0,1,0
2023-09-11 18:00:00,873,19,8,1,0,17.4,12.5,0.0,0,1,0,0,0,0,0,1,0
2023-09-11 19:00:00,710,20,4,1,0,17.4,12.5,0.0,0,1,0,0,0,0,0,1,0
2023-09-11 21:00:00,391,22,4,1,0,17.4,12.5,0.0,0,1,0,0,0,0,0,1,0
2023-09-11 07:00:00,281,8,3,12,0,17.4,12.5,0.0,0,1,0,0,0,0,0,1,0
2023-09-11 20:00:00,580,21,2,0,0,17.4,12.5,0.0,0,1,0,0,0,0,0,1,0
2023-09-11 06:00:00,67,7,1,5,0,17.4,12.5,0.0,0,1,0,0,0,0,0,1,0
2023-09-11 22:00:00,238,23,1,0,0,17.4,12.5,0.0,0,1,0,0,0,0,0,1,0
2023-09-11 02:00:00,21,3,0,4,0,17.4,12.5,0.0,0,1,0,0,0,0,0,1,0
2023-09-11 05:00:00,41,6,0,3,0,17.4,12.5,0.0,0,1,0,0,0,0,0,1,0
2023-09-11 00:00:00,60,1,0,2,0,17.4,12.5,0.0,0,1,0,0,0,0,0,1,0
2023-09-11 01:00:00,9,2,0,2,0,17.4,12.5,0.0,0,1,0,0,0,0,0,1,0
2023-09-11 03:00:00,9,4,0,2,0,17.4,12.5,0.0,0,1,0,0,0,0,0,1,0
2023-09-11 23:00:00,76,0,0,1,0,17.4,12.5,0.0,0,1,0,0,0,0,0,1,0
2023-09-11 04:00:00,5,5,0,1,0,17.4,12.5,0.0,0,1,0,0,0,0,0,1,0
2023-09-12 14:00:00,2423,15,35,19,0,15.6,8.2,0.0,0,0,0,0,0,1,0,1,0
2023-09-12 13:00:00,2949,14,26,13,0,15.6,8.2,0.0,0,0,0,0,0,1,0,1,0
2023-09-12 04:00:00,5,5,0,0,0,15.6,8.2,0.0,0,0,0,0,0,1,0,1,0
2023-09-12 19:00:00,358,20,10,7,0,15.6,8.2,0.0,0,0,0,0,0,1,0,1,0
2023-09-13 11:00:00,2572,12,20,12,0,18.3,5.5,1.8,0,0,0,0,0,0,1,1,0
2023-09-12 06:00:00,78,7,7,7,0,15.6,8.2,0.0,0,0,0,0,0,1,0,1,0
2023-09-12 07:00:00,221,8,6,16,0,15.6,8.2,0.0,0,0,0,0,0,1,0,1,0
2023-09-12 20:00:00,723,21,5,6,0,15.6,8.2,0.0,0,0,0,0,0,1,0,1,0
2023-09-12 18:00:00,427,19,4,14,0,15.6,8.2,0.0,0,0,0,0,0,1,0,1,0
2023-09-13 15:00:00,2414,16,17,3,0,18.3,5.5,1.8,0,0,0,0,0,0,1,1,0
2023-09-13 14:00:00,2593,15,13,13,0,18.3,5.5,1.8,0,0,0,0,0,0,1,1,0
2023-09-13 09:00:00,1176,10,10,15,0,18.3,5.5,1.8,0,0,0,0,0,0,1,1,0
2023-09-13 10:00:00,1829,11,9,21,0,18.3,5.5,1.8,0,0,0,0,0,0,1,1,0
2023-09-13 16:00:00,2472,17,8,26,0,18.3,5.5,1.8,0,0,0,0,0,0,1,1,0
2023-09-13 17:00:00,1211,18,8,6,0,18.3,5.5,1.8,0,0,0,0,0,0,1,1,0
2023-09-13 08:00:00,651,9,7,6,0,18.3,5.5,1.8,0,0,0,0,0,0,1,1,0
2023-09-13 21:00:00,216,22,7,6,0,18.3,5.5,1.8,0,0,0,0,0,0,1,1,0
2023-09-12 16:00:00,2020,17,19,17,0,15.6,8.2,0.0,0,0,0,0,0,1,0,1,0
2023-09-12 15:00:00,2278,16,19,10,0,15.6,8.2,0.0,0,0,0,0,0,1,0,1,0
2023-09-12 12:00:00,3067,13,18,9,0,15.6,8.2,0.0,0,0,0,0,0,1,0,1,0
2023-09-12 10:00:00,2114,11,16,25,0,15.6,8.2,0.0,0,0,0,0,0,1,0,1,0
2023-09-12 09:00:00,1561,10,16,23,0,15.6,8.2,0.0,0,0,0,0,0,1,0,1,0
2023-09-12 08:00:00,770,9,14,15,0,15.6,8.2,0.0,0,0,0,0,0,1,0,1,0
2023-09-12 11:00:00,2349,12,14,10,0,15.6,8.2,0.0,0,0,0,0,0,1,0,1,0
2023-09-12 17:00:00,1234,18,14,9,0,15.6,8.2,0.0,0,0,0,0,0,1,0,1,0
2023-09-12 21:00:00,420,22,1,4,0,15.6,8.2,0.0,0,0,0,0,0,1,0,1,0
2023-09-12 22:00:00,236,23,1,3,0,15.6,8.2,0.0,0,0,0,0,0,1,0,1,0
2023-09-12 05:00:00,31,6,1,2,0,15.6,8.2,0.0,0,0,0,0,0,1,0,1,0
2023-09-12 00:00:00,49,1,1,1,0,15.6,8.2,0.0,0,0,0,0,0,1,0,1,0
2023-09-12 01:00:00,18,2,0,4,0,15.6,8.2,0.0,0,0,0,0,0,1,0,1,0
2023-09-12 03:00:00,4,4,0,3,0,15.6,8.2,0.0,0,0,0,0,0,1,0,1,0
2023-09-12 23:00:00,46,0,0,2,0,15.6,8.2,0.0,0,0,0,0,0,1,0,1,0
2023-09-12 02:00:00,18,3,0,2,0,15.6,8.2,0.0,0,0,0,0,0,1,0,1,0
2023-09-13 12:00:00,2984,13,26,12,0,18.3,5.5,1.8,0,0,0,0,0,0,1,1,0
2023-09-14 12:00:00,3056,13,19,16,0,14.5,10.6,0.0,0,0,0,0,1,0,0,1,0
2023-09-13 13:00:00,2786,14,6,17,0,18.3,5.5,1.8,0,0,0,0,0,0,1,1,0
2023-09-14 01:00:00,29,2,1,10,0,14.5,10.6,0.0,0,0,0,0,1,0,0,1,0
2023-09-14 13:00:00,3197,14,17,11,0,14.5,10.6,0.0,0,0,0,0,1,0,0,1,0
2023-09-14 20:00:00,242,21,1,8,0,14.5,10.6,0.0,0,0,0,0,1,0,0,1,0
2023-09-14 06:00:00,52,7,1,4,0,14.5,10.6,0.0,0,0,0,0,1,0,0,1,0
2023-09-15 17:00:00,1322,18,14,17,0,15.5,9.8,13.2,1,0,0,0,0,0,0,1,0
2023-09-14 10:00:00,2095,11,14,11,0,14.5,10.6,0.0,0,0,0,0,1,0,0,1,0
2023-09-14 11:00:00,2525,12,12,9,0,14.5,10.6,0.0,0,0,0,0,1,0,0,1,0
2023-09-14 18:00:00,592,19,11,22,0,14.5,10.6,0.0,0,0,0,0,1,0,0,1,0
2023-09-14 16:00:00,2215,17,9,25,0,14.5,10.6,0.0,0,0,0,0,1,0,0,1,0
2023-09-14 15:00:00,2497,16,9,10,0,14.5,10.6,0.0,0,0,0,0,1,0,0,1,0
2023-09-14 09:00:00,1454,10,8,9,0,14.5,10.6,0.0,0,0,0,0,1,0,0,1,0
2023-09-14 19:00:00,420,20,7,21,0,14.5,10.6,0.0,0,0,0,0,1,0,0,1,0
2023-09-14 08:00:00,748,9,7,10,0,14.5,10.6,0.0,0,0,0,0,1,0,0,1,0
2023-09-13 07:00:00,215,8,1,11,0,18.3,5.5,1.8,0,0,0,0,0,0,1,1,0
2023-09-15 11:00:00,2653,12,13,14,0,15.5,9.8,13.2,1,0,0,0,0,0,0,1,0
2023-09-13 06:00:00,46,7,5,5,0,18.3,5.5,1.8,0,0,0,0,0,0,1,1,0
2023-09-13 18:00:00,628,19,4,20,0,18.3,5.5,1.8,0,0,0,0,0,0,1,1,0
2023-09-13 19:00:00,311,20,4,14,0,18.3,5.5,1.8,0,0,0,0,0,0,1,1,0
2023-09-13 20:00:00,292,21,2,11,0,18.3,5.5,1.8,0,0,0,0,0,0,1,1,0
2023-09-13 00:00:00,36,1,1,1,0,18.3,5.5,1.8,0,0,0,0,0,0,1,1,0
2023-09-14 07:00:00,178,8,4,7,0,14.5,10.6,0.0,0,0,0,0,1,0,0,1,0
2023-09-14 21:00:00,238,22,3,17,0,14.5,10.6,0.0,0,0,0,0,1,0,0,1,0
2023-09-14 22:00:00,146,23,2,10,0,14.5,10.6,0.0,0,0,0,0,1,0,0,1,0
2023-09-15 16:00:00,1967,17,20,9,0,15.5,9.8,13.2,1,0,0,0,0,0,0,1,0
2023-09-15 12:00:00,3178,13,18,17,0,15.5,9.8,13.2,1,0,0,0,0,0,0,1,0
2023-09-15 14:00:00,2365,15,17,4,0,15.5,9.8,13.2,1,0,0,0,0,0,0,1,0
2023-09-15 13:00:00,2931,14,16,6,0,15.5,9.8,13.2,1,0,0,0,0,0,0,1,0
2023-09-15 08:00:00,697,9,11,16,0,15.5,9.8,13.2,1,0,0,0,0,0,0,1,0
2023-09-15 07:00:00,201,8,10,15,0,15.5,9.8,13.2,1,0,0,0,0,0,0,1,0
2023-09-15 18:00:00,389,19,9,20,0,15.5,9.8,13.2,1,0,0,0,0,0,0,1,0
2023-09-14 00:00:00,69,1,0,10,0,14.5,10.6,0.0,0,0,0,0,1,0,0,1,0
2023-09-15 10:00:00,2279,11,9,15,0,15.5,9.8,13.2,1,0,0,0,0,0,0,1,0
2023-09-15 09:00:00,1555,10,6,19,0,15.5,9.8,13.2,1,0,0,0,0,0,0,1,0
2023-09-15 15:00:00,2317,16,6,11,0,15.5,9.8,13.2,1,0,0,0,0,0,0,1,0
2023-09-14 23:00:00,79,0,0,4,0,14.5,10.6,0.0,0,0,0,0,1,0,0,1,0
2023-09-14 17:00:00,1761,18,29,6,0,14.5,10.6,0.0,0,0,0,0,1,0,0,1,0
2023-09-14 05:00:00,56,6,0,4,0,14.5,10.6,0.0,0,0,0,0,1,0,0,1,0
2023-09-14 03:00:00,7,4,0,4,0,14.5,10.6,0.0,0,0,0,0,1,0,0,1,0
2023-09-14 02:00:00,27,3,0,3,0,14.5,10.6,0.0,0,0,0,0,1,0,0,1,0
2023-09-14 04:00:00,9,5,0,1,0,14.5,10.6,0.0,0,0,0,0,1,0,0,1,0
2023-09-13 22:00:00,138,23,0,7,0,18.3,5.5,1.8,0,0,0,0,0,0,1,1,0
2023-09-13 05:00:00,22,6,0,5,0,18.3,5.5,1.8,0,0,0,0,0,0,1,1,0
2023-09-13 23:00:00,46,0,0,4,0,18.3,5.5,1.8,0,0,0,0,0,0,1,1,0
2023-09-13 03:00:00,9,4,0,3,0,18.3,5.5,1.8,0,0,0,0,0,0,1,1,0
2023-09-13 02:00:00,29,3,0,2,0,18.3,5.5,1.8,0,0,0,0,0,0,1,1,0
2023-09-13 01:00:00,18,2,0,2,0,18.3,5.5,1.8,0,0,0,0,0,0,1,1,0
2023-09-14 14:00:00,2508,15,21,19,0,14.5,10.6,0.0,0,0,0,0,1,0,0,1,0
2023-09-13 04:00:00,10,5,0,2,0,18.3,5.5,1.8,0,0,0,0,0,0,1,1,0
2023-09-17 16:00:00,1630,17,6,1,0,16.0,6.8,9.0,0,0,0,1,0,0,0,1,0
2023-09-17 17:00:00,455,18,6,0,0,16.0,6.8,9.0,0,0,0,1,0,0,0,1,0
2023-09-17 09:00:00,184,10,3,5,0,16.0,6.8,9.0,0,0,0,1,0,0,0,1,0
2023-09-16 22:00:00,408,23,0,9,0,14.9,9.2,0.0,0,0,1,0,0,0,0,1,0
2023-09-16 05:00:00,41,6,0,3,0,14.9,9.2,0.0,0,0,1,0,0,0,0,1,0
2023-09-16 23:00:00,150,0,0,2,0,14.9,9.2,0.0,0,0,1,0,0,0,0,1,0
2023-09-16 03:00:00,34,4,0,2,0,14.9,9.2,0.0,0,0,1,0,0,0,0,1,0
2023-09-16 00:00:00,99,1,0,1,0,14.9,9.2,0.0,0,0,1,0,0,0,0,1,0
2023-09-16 02:00:00,80,3,0,1,0,14.9,9.2,0.0,0,0,1,0,0,0,0,1,0
2023-09-16 01:00:00,58,2,0,1,0,14.9,9.2,0.0,0,0,1,0,0,0,0,1,0
2023-09-16 06:00:00,25,7,0,0,0,14.9,9.2,0.0,0,0,1,0,0,0,0,1,0
2023-09-16 04:00:00,8,5,0,0,0,14.9,9.2,0.0,0,0,1,0,0,0,0,1,0
2023-09-17 11:00:00,1248,12,11,21,0,16.0,6.8,9.0,0,0,0,1,0,0,0,1,0
2023-09-17 12:00:00,2068,13,11,13,0,16.0,6.8,9.0,0,0,0,1,0,0,0,1,0
2023-09-17 13:00:00,2660,14,11,7,0,16.0,6.8,9.0,0,0,0,1,0,0,0,1,0
2023-09-17 15:00:00,1956,16,11,0,0,16.0,6.8,9.0,0,0,0,1,0,0,0,1,0
2023-09-17 14:00:00,2470,15,10,20,0,16.0,6.8,9.0,0,0,0,1,0,0,0,1,0
2023-09-17 10:00:00,662,11,10,12,0,16.0,6.8,9.0,0,0,0,1,0,0,0,1,0
2023-09-16 14:00:00,3205,15,17,9,0,14.9,9.2,0.0,0,0,1,0,0,0,0,1,0
2023-09-16 16:00:00,2545,17,17,7,0,14.9,9.2,0.0,0,0,1,0,0,0,0,1,0
2023-09-16 11:00:00,2312,12,14,6,0,14.9,9.2,0.0,0,0,1,0,0,0,0,1,0
2023-09-16 10:00:00,1814,11,13,23,0,14.9,9.2,0.0,0,0,1,0,0,0,0,1,0
2023-09-16 15:00:00,2766,16,8,4,0,14.9,9.2,0.0,0,0,1,0,0,0,0,1,0
2023-09-16 17:00:00,1590,18,8,4,0,14.9,9.2,0.0,0,0,1,0,0,0,0,1,0
2023-09-15 20:00:00,208,21,3,6,0,15.5,9.8,13.2,1,0,0,0,0,0,0,1,0
2023-09-16 13:00:00,2989,14,7,10,0,14.9,9.2,0.0,0,0,1,0,0,0,0,1,0
2023-09-15 02:00:00,33,3,0,6,0,15.5,9.8,13.2,1,0,0,0,0,0,0,1,0
2023-09-15 19:00:00,260,20,0,5,0,15.5,9.8,13.2,1,0,0,0,0,0,0,1,0
2023-09-15 04:00:00,10,5,0,5,0,15.5,9.8,13.2,1,0,0,0,0,0,0,1,0
2023-09-15 01:00:00,35,2,0,3,0,15.5,9.8,13.2,1,0,0,0,0,0,0,1,0
2023-09-15 05:00:00,22,6,0,3,0,15.5,9.8,13.2,1,0,0,0,0,0,0,1,0
2023-09-15 03:00:00,23,4,0,2,0,15.5,9.8,13.2,1,0,0,0,0,0,0,1,0
2023-09-15 23:00:00,79,0,0,0,0,15.5,9.8,13.2,1,0,0,0,0,0,0,1,0
2023-09-16 12:00:00,2491,13,32,6,0,14.9,9.2,0.0,0,0,1,0,0,0,0,1,0
2023-09-15 06:00:00,65,7,2,8,0,15.5,9.8,13.2,1,0,0,0,0,0,0,1,0
2023-09-15 21:00:00,234,22,2,7,0,15.5,9.8,13.2,1,0,0,0,0,0,0,1,0
2023-09-15 22:00:00,173,23,2,7,0,15.5,9.8,13.2,1,0,0,0,0,0,0,1,0
2023-09-15 00:00:00,47,1,1,3,0,15.5,9.8,13.2,1,0,0,0,0,0,0,1,0
2023-09-16 08:00:00,616,9,6,17,0,14.9,9.2,0.0,0,0,1,0,0,0,0,1,0
2023-09-16 18:00:00,529,19,5,5,0,14.9,9.2,0.0,0,0,1,0,0,0,0,1,0
2023-09-16 09:00:00,1331,10,4,37,0,14.9,9.2,0.0,0,0,1,0,0,0,0,1,0
2023-09-16 19:00:00,442,20,4,9,0,14.9,9.2,0.0,0,0,1,0,0,0,0,1,0
2023-09-16 21:00:00,426,22,1,6,0,14.9,9.2,0.0,0,0,1,0,0,0,0,1,0
2023-09-16 20:00:00,641,21,1,5,0,14.9,9.2,0.0,0,0,1,0,0,0,0,1,0
2023-09-16 07:00:00,124,8,1,3,0,14.9,9.2,0.0,0,0,1,0,0,0,0,1,0
2023-09-19 00:00:00,26,1,1,1,0,19.3,6.9,4.7,0,0,0,0,0,1,0,1,0
2023-09-19 20:00:00,121,21,1,0,0,19.3,6.9,4.7,0,0,0,0,0,1,0,1,0
2023-09-18 02:00:00,7,3,0,1,0,11.2,11.0,1.9,0,1,0,0,0,0,0,1,0
2023-09-18 23:00:00,29,0,0,0,0,11.2,11.0,1.9,0,1,0,0,0,0,0,1,0
2023-09-19 15:00:00,2094,16,13,14,0,19.3,6.9,4.7,0,0,0,0,0,1,0,1,0
2023-09-18 00:00:00,22,1,0,0,0,11.2,11.0,1.9,0,1,0,0,0,0,0,1,0
2023-09-19 16:00:00,1875,17,13,13,0,19.3,6.9,4.7,0,0,0,0,0,1,0,1,0
2023-09-18 03:00:00,8,4,0,0,0,11.2,11.0,1.9,0,1,0,0,0,0,0,1,0
2023-09-18 04:00:00,5,5,0,0,0,11.2,11.0,1.9,0,1,0,0,0,0,0,1,0
2023-09-19 10:00:00,1641,11,11,16,0,19.3,6.9,4.7,0,0,0,0,0,1,0,1,0
2023-09-19 11:00:00,2255,12,11,7,0,19.3,6.9,4.7,0,0,0,0,0,1,0,1,0
2023-09-19 13:00:00,2656,14,9,13,0,19.3,6.9,4.7,0,0,0,0,0,1,0,1,0
2023-09-19 08:00:00,623,9,8,12,0,19.3,6.9,4.7,0,0,0,0,0,1,0,1,0
2023-09-19 09:00:00,1230,10,7,22,0,19.3,6.9,4.7,0,0,0,0,0,1,0,1,0
2023-09-19 17:00:00,1186,18,5,20,0,19.3,6.9,4.7,0,0,0,0,0,1,0,1,0
2023-09-19 07:00:00,187,8,5,8,0,19.3,6.9,4.7,0,0,0,0,0,1,0,1,0
2023-09-19 18:00:00,431,19,3,3,0,19.3,6.9,4.7,0,0,0,0,0,1,0,1,0
2023-09-17 20:00:00,192,21,2,10,0,16.0,6.8,9.0,0,0,0,1,0,0,0,1,0
2023-09-17 18:00:00,290,19,2,0,0,16.0,6.8,9.0,0,0,0,1,0,0,0,1,0
2023-09-18 12:00:00,1835,13,17,19,0,11.2,11.0,1.9,0,1,0,0,0,0,0,1,0
2023-09-18 11:00:00,1133,12,7,6,0,11.2,11.0,1.9,0,1,0,0,0,0,0,1,0
2023-09-18 15:00:00,2406,16,15,13,0,11.2,11.0,1.9,0,1,0,0,0,0,0,1,0
2023-09-18 13:00:00,2822,14,14,3,0,11.2,11.0,1.9,0,1,0,0,0,0,0,1,0
2023-09-18 17:00:00,1993,18,11,9,0,11.2,11.0,1.9,0,1,0,0,0,0,0,1,0
2023-09-18 09:00:00,1225,10,10,41,0,11.2,11.0,1.9,0,1,0,0,0,0,0,1,0
2023-09-18 10:00:00,1810,11,8,15,0,11.2,11.0,1.9,0,1,0,0,0,0,0,1,0
2023-09-17 07:00:00,61,8,0,6,0,16.0,6.8,9.0,0,0,0,1,0,0,0,1,0
2023-09-17 02:00:00,127,3,0,3,0,16.0,6.8,9.0,0,0,0,1,0,0,0,1,0
2023-09-18 07:00:00,211,8,1,19,0,11.2,11.0,1.9,0,1,0,0,0,0,0,1,0
2023-09-19 12:00:00,2586,13,20,12,0,19.3,6.9,4.7,0,0,0,0,0,1,0,1,0
2023-09-19 14:00:00,2070,15,14,9,0,19.3,6.9,4.7,0,0,0,0,0,1,0,1,0
2023-09-17 01:00:00,105,2,0,2,0,16.0,6.8,9.0,0,0,0,1,0,0,0,1,0
2023-09-18 14:00:00,2393,15,6,27,0,11.2,11.0,1.9,0,1,0,0,0,0,0,1,0
2023-09-17 00:00:00,160,1,0,0,0,16.0,6.8,9.0,0,0,0,1,0,0,0,1,0
2023-09-18 06:00:00,61,7,1,1,0,11.2,11.0,1.9,0,1,0,0,0,0,0,1,0
2023-09-18 01:00:00,19,2,1,0,0,11.2,11.0,1.9,0,1,0,0,0,0,0,1,0
2023-09-17 06:00:00,40,7,0,0,0,16.0,6.8,9.0,0,0,0,1,0,0,0,1,0
2023-09-17 03:00:00,38,4,0,0,0,16.0,6.8,9.0,0,0,0,1,0,0,0,1,0
2023-09-17 23:00:00,32,0,0,0,0,16.0,6.8,9.0,0,0,0,1,0,0,0,1,0
2023-09-17 04:00:00,10,5,0,0,0,16.0,6.8,9.0,0,0,0,1,0,0,0,1,0
2023-09-17 05:00:00,9,6,0,0,0,16.0,6.8,9.0,0,0,0,1,0,0,0,1,0
2023-09-17 21:00:00,181,22,1,9,0,16.0,6.8,9.0,0,0,0,1,0,0,0,1,0
2023-09-17 19:00:00,206,20,1,1,0,16.0,6.8,9.0,0,0,0,1,0,0,0,1,0
2023-09-17 22:00:00,131,23,1,1,0,16.0,6.8,9.0,0,0,0,1,0,0,0,1,0
2023-09-17 08:00:00,83,9,1,1,0,16.0,6.8,9.0,0,0,0,1,0,0,0,1,0
2023-09-18 19:00:00,676,20,4,0,0,11.2,11.0,1.9,0,1,0,0,0,0,0,1,0
2023-09-18 16:00:00,2651,17,29,16,0,11.2,11.0,1.9,0,1,0,0,0,0,0,1,0
2023-09-18 18:00:00,840,19,2,4,0,11.2,11.0,1.9,0,1,0,0,0,0,0,1,0
2023-09-18 08:00:00,616,9,19,18,0,11.2,11.0,1.9,0,1,0,0,0,0,0,1,0
2023-09-18 05:00:00,22,6,0,3,0,11.2,11.0,1.9,0,1,0,0,0,0,0,1,0
2023-09-18 20:00:00,366,21,0,2,0,11.2,11.0,1.9,0,1,0,0,0,0,0,1,0
2023-09-18 21:00:00,262,22,0,1,0,11.2,11.0,1.9,0,1,0,0,0,0,0,1,0
2023-09-18 22:00:00,106,23,0,1,0,11.2,11.0,1.9,0,1,0,0,0,0,0,1,0
2023-09-19 21:00:00,89,22,0,8,0,19.3,6.9,4.7,0,0,0,0,0,1,0,1,0
2023-09-19 06:00:00,46,7,0,5,0,19.3,6.9,4.7,0,0,0,0,0,1,0,1,0
2023-09-19 01:00:00,12,2,0,4,0,19.3,6.9,4.7,0,0,0,0,0,1,0,1,0
2023-09-19 02:00:00,11,3,0,4,0,19.3,6.9,4.7,0,0,0,0,0,1,0,1,0
2023-09-19 19:00:00,198,20,0,3,0,19.3,6.9,4.7,0,0,0,0,0,1,0,1,0
2023-09-19 22:00:00,45,23,0,3,0,19.3,6.9,4.7,0,0,0,0,0,1,0,1,0
2023-09-19 05:00:00,37,6,0,1,0,19.3,6.9,4.7,0,0,0,0,0,1,0,1,0
2023-09-19 23:00:00,30,0,0,0,0,19.3,6.9,4.7,0,0,0,0,0,1,0,1,0
2023-09-19 04:00:00,9,5,0,0,0,19.3,6.9,4.7,0,0,0,0,0,1,0,1,0
2023-09-19 03:00:00,6,4,0,0,0,19.3,6.9,4.7,0,0,0,0,0,1,0,1,0
2023-09-20 17:00:00,1382,18,11,18,0,15.9,9.4,0.2,0,0,0,0,0,0,1,1,0
2023-09-20 12:00:00,3186,13,29,14,0,15.9,9.4,0.2,0,0,0,0,0,0,1,1,0
2023-09-20 15:00:00,2252,16,20,13,0,15.9,9.4,0.2,0,0,0,0,0,0,1,1,0
2023-09-20 14:00:00,2636,15,19,10,0,15.9,9.4,0.2,0,0,0,0,0,0,1,1,0
2023-09-20 11:00:00,2496,12,17,17,0,15.9,9.4,0.2,0,0,0,0,0,0,1,1,0
2023-09-20 16:00:00,1935,17,16,11,0,15.9,9.4,0.2,0,0,0,0,0,0,1,1,0
2023-09-21 11:00:00,3278,12,13,17,0,15.4,9.2,0.0,0,0,0,0,1,0,0,1,0
2023-09-20 08:00:00,646,9,11,9,0,15.9,9.4,0.2,0,0,0,0,0,0,1,1,0
2023-09-21 16:00:00,2624,17,13,9,0,15.4,9.2,0.0,0,0,0,0,1,0,0,1,0
2023-09-21 12:00:00,3884,13,19,17,0,15.4,9.2,0.0,0,0,0,0,1,0,0,1,0
2023-09-21 17:00:00,2099,18,16,19,0,15.4,9.2,0.0,0,0,0,0,1,0,0,1,0
2023-09-21 07:00:00,297,8,5,15,0,15.4,9.2,0.0,0,0,0,0,1,0,0,1,0
2023-09-21 22:00:00,108,23,4,8,0,15.4,9.2,0.0,0,0,0,0,1,0,0,1,0
2023-09-21 14:00:00,2885,15,11,8,0,15.4,9.2,0.0,0,0,0,0,1,0,0,1,0
2023-09-20 06:00:00,36,7,0,4,0,15.9,9.4,0.2,0,0,0,0,0,0,1,1,0
2023-09-20 20:00:00,228,21,0,2,0,15.9,9.4,0.2,0,0,0,0,0,0,1,1,0
2023-09-21 10:00:00,2689,11,10,25,0,15.4,9.2,0.0,0,0,0,0,1,0,0,1,0
2023-09-20 21:00:00,133,22,0,2,0,15.9,9.4,0.2,0,0,0,0,0,0,1,1,0
2023-09-20 23:00:00,70,0,0,2,0,15.9,9.4,0.2,0,0,0,0,0,0,1,1,0
2023-09-20 04:00:00,27,5,0,2,0,15.9,9.4,0.2,0,0,0,0,0,0,1,1,0
2023-09-20 07:00:00,174,8,1,12,0,15.9,9.4,0.2,0,0,0,0,0,0,1,1,0
2023-09-20 13:00:00,2873,14,10,9,0,15.9,9.4,0.2,0,0,0,0,0,0,1,1,0
2023-09-20 18:00:00,393,19,10,2,0,15.9,9.4,0.2,0,0,0,0,0,0,1,1,0
2023-09-20 02:00:00,5,3,0,1,0,15.9,9.4,0.2,0,0,0,0,0,0,1,1,0
2023-09-20 22:00:00,127,23,0,0,0,15.9,9.4,0.2,0,0,0,0,0,0,1,1,0
2023-09-21 09:00:00,1985,10,9,32,0,15.4,9.2,0.0,0,0,0,0,1,0,0,1,0
2023-09-20 05:00:00,28,6,0,0,0,15.9,9.4,0.2,0,0,0,0,0,0,1,1,0
2023-09-21 13:00:00,3671,14,9,8,0,15.4,9.2,0.0,0,0,0,0,1,0,0,1,0
2023-09-20 00:00:00,27,1,0,0,0,15.9,9.4,0.2,0,0,0,0,0,0,1,1,0
2023-09-20 01:00:00,6,2,0,0,0,15.9,9.4,0.2,0,0,0,0,0,0,1,1,0
2023-09-20 03:00:00,1,4,0,0,0,15.9,9.4,0.2,0,0,0,0,0,0,1,1,0
2023-09-21 15:00:00,2978,16,8,5,0,15.4,9.2,0.0,0,0,0,0,1,0,0,1,0
2023-09-21 23:00:00,109,0,2,7,0,15.4,9.2,0.0,0,0,0,0,1,0,0,1,0
2023-09-21 18:00:00,713,19,7,25,0,15.4,9.2,0.0,0,0,0,0,1,0,0,1,0
2023-09-20 10:00:00,1966,11,6,25,0,15.9,9.4,0.2,0,0,0,0,0,0,1,1,0
2023-09-21 20:00:00,285,21,2,5,0,15.4,9.2,0.0,0,0,0,0,1,0,0,1,0
2023-09-20 09:00:00,1058,10,6,23,0,15.9,9.4,0.2,0,0,0,0,0,0,1,1,0
2023-09-21 08:00:00,1123,9,6,12,0,15.4,9.2,0.0,0,0,0,0,1,0,0,1,0
2023-09-20 19:00:00,262,20,5,1,0,15.9,9.4,0.2,0,0,0,0,0,0,1,1,0
2023-09-21 21:00:00,222,22,1,13,0,15.4,9.2,0.0,0,0,0,0,1,0,0,1,0
2023-09-21 19:00:00,415,20,1,12,0,15.4,9.2,0.0,0,0,0,0,1,0,0,1,0
2023-09-23 18:00:00,768,19,9,8,0,18.3,6.9,1.2,0,0,1,0,0,0,0,1,0
2023-09-22 12:00:00,2954,13,14,12,0,11.2,8.2,0.0,1,0,0,0,0,0,0,1,0
2023-09-21 01:00:00,25,2,1,10,0,15.4,9.2,0.0,0,0,0,0,1,0,0,1,0
2023-09-22 02:00:00,45,3,0,8,0,11.2,8.2,0.0,1,0,0,0,0,0,0,1,0
2023-09-22 09:00:00,1267,10,14,12,0,11.2,8.2,0.0,1,0,0,0,0,0,0,1,0
2023-09-22 03:00:00,13,4,0,6,0,11.2,8.2,0.0,1,0,0,0,0,0,0,1,0
2023-09-21 05:00:00,50,6,1,1,0,15.4,9.2,0.0,0,0,0,0,1,0,0,1,0
2023-09-23 09:00:00,1226,10,8,13,0,18.3,6.9,1.2,0,0,1,0,0,0,0,1,0
2023-09-23 21:00:00,290,22,7,2,0,18.3,6.9,1.2,0,0,1,0,0,0,0,1,0
2023-09-23 08:00:00,446,9,4,10,0,18.3,6.9,1.2,0,0,1,0,0,0,0,1,0
2023-09-23 07:00:00,110,8,3,9,0,18.3,6.9,1.2,0,0,1,0,0,0,0,1,0
2023-09-22 05:00:00,51,6,0,4,0,11.2,8.2,0.0,1,0,0,0,0,0,0,1,0
2023-09-21 04:00:00,9,5,1,1,0,15.4,9.2,0.0,0,0,0,0,1,0,0,1,0
2023-09-22 22:00:00,291,23,0,3,0,11.2,8.2,0.0,1,0,0,0,0,0,0,1,0
2023-09-22 07:00:00,240,8,3,16,0,11.2,8.2,0.0,1,0,0,0,0,0,0,1,0
2023-09-22 10:00:00,2110,11,11,12,0,11.2,8.2,0.0,1,0,0,0,0,0,0,1,0
2023-09-22 13:00:00,3584,14,10,14,0,11.2,8.2,0.0,1,0,0,0,0,0,0,1,0
2023-09-22 08:00:00,634,9,8,8,0,11.2,8.2,0.0,1,0,0,0,0,0,0,1,0
2023-09-22 19:00:00,373,20,7,18,0,11.2,8.2,0.0,1,0,0,0,0,0,0,1,0
2023-09-22 20:00:00,594,21,6,1,0,11.2,8.2,0.0,1,0,0,0,0,0,0,1,0
2023-09-22 11:00:00,2704,12,3,12,0,11.2,8.2,0.0,1,0,0,0,0,0,0,1,0
2023-09-22 04:00:00,8,5,0,1,0,11.2,8.2,0.0,1,0,0,0,0,0,0,1,0
2023-09-23 12:00:00,3655,13,19,7,0,18.3,6.9,1.2,0,0,1,0,0,0,0,1,0
2023-09-23 13:00:00,4048,14,23,9,0,18.3,6.9,1.2,0,0,1,0,0,0,0,1,0
2023-09-23 14:00:00,3759,15,23,6,0,18.3,6.9,1.2,0,0,1,0,0,0,0,1,0
2023-09-22 15:00:00,3431,16,25,15,0,11.2,8.2,0.0,1,0,0,0,0,0,0,1,0
2023-09-22 18:00:00,465,19,18,22,0,11.2,8.2,0.0,1,0,0,0,0,0,0,1,0
2023-09-22 16:00:00,2480,17,17,19,0,11.2,8.2,0.0,1,0,0,0,0,0,0,1,0
2023-09-22 14:00:00,3650,15,17,17,0,11.2,8.2,0.0,1,0,0,0,0,0,0,1,0
2023-09-22 17:00:00,1566,18,17,10,0,11.2,8.2,0.0,1,0,0,0,0,0,0,1,0
2023-09-22 01:00:00,61,2,2,12,0,11.2,8.2,0.0,1,0,0,0,0,0,0,1,0
2023-09-23 19:00:00,341,20,2,4,0,18.3,6.9,1.2,0,0,1,0,0,0,0,1,0
2023-09-23 22:00:00,241,23,2,3,0,18.3,6.9,1.2,0,0,1,0,0,0,0,1,0
2023-09-23 04:00:00,10,5,1,1,0,18.3,6.9,1.2,0,0,1,0,0,0,0,1,0
2023-09-23 01:00:00,60,2,1,0,0,18.3,6.9,1.2,0,0,1,0,0,0,0,1,0
2023-09-21 06:00:00,67,7,0,7,0,15.4,9.2,0.0,0,0,0,0,1,0,0,1,0
2023-09-21 03:00:00,7,4,0,7,0,15.4,9.2,0.0,0,0,0,0,1,0,0,1,0
2023-09-21 00:00:00,82,1,0,6,0,15.4,9.2,0.0,0,0,0,0,1,0,0,1,0
2023-09-21 02:00:00,55,3,0,6,0,15.4,9.2,0.0,0,0,0,0,1,0,0,1,0
2023-09-23 15:00:00,2799,16,13,18,0,18.3,6.9,1.2,0,0,1,0,0,0,0,1,0
2023-09-23 17:00:00,1553,18,13,14,0,18.3,6.9,1.2,0,0,1,0,0,0,0,1,0
2023-09-22 06:00:00,53,7,1,9,0,11.2,8.2,0.0,1,0,0,0,0,0,0,1,0
2023-09-22 00:00:00,95,1,1,7,0,11.2,8.2,0.0,1,0,0,0,0,0,0,1,0
2023-09-22 21:00:00,353,22,1,4,0,11.2,8.2,0.0,1,0,0,0,0,0,0,1,0
2023-09-22 23:00:00,138,0,1,2,0,11.2,8.2,0.0,1,0,0,0,0,0,0,1,0
2023-09-23 10:00:00,2252,11,10,26,0,18.3,6.9,1.2,0,0,1,0,0,0,0,1,0
2023-09-23 11:00:00,3268,12,10,15,0,18.3,6.9,1.2,0,0,1,0,0,0,0,1,0
2023-09-23 16:00:00,2140,17,10,13,0,18.3,6.9,1.2,0,0,1,0,0,0,0,1,0
2023-09-23 20:00:00,320,21,10,10,0,18.3,6.9,1.2,0,0,1,0,0,0,0,1,0
2023-09-25 19:00:00,360,20,2,5,0,16.7,12.4,0.0,0,1,0,0,0,0,0,1,0
2023-09-25 15:00:00,1771,16,22,11,0,16.7,12.4,0.0,0,1,0,0,0,0,0,1,0
2023-09-24 00:00:00,96,1,0,1,0,18.8,9.3,2.5,0,0,0,1,0,0,0,1,0
2023-09-24 13:00:00,2572,14,16,10,0,18.8,9.3,2.5,0,0,0,1,0,0,0,1,0
2023-09-24 03:00:00,69,4,0,0,0,18.8,9.3,2.5,0,0,0,1,0,0,0,1,0
2023-09-24 23:00:00,22,0,0,0,0,18.8,9.3,2.5,0,0,0,1,0,0,0,1,0
2023-09-24 05:00:00,15,6,0,0,0,18.8,9.3,2.5,0,0,0,1,0,0,0,1,0
2023-09-24 04:00:00,5,5,0,0,0,18.8,9.3,2.5,0,0,0,1,0,0,0,1,0
2023-09-24 12:00:00,2365,13,13,5,0,18.8,9.3,2.5,0,0,0,1,0,0,0,1,0
2023-09-25 11:00:00,2648,12,8,10,0,16.7,12.4,0.0,0,1,0,0,0,0,0,1,0
2023-09-25 17:00:00,1584,18,8,0,0,16.7,12.4,0.0,0,1,0,0,0,0,0,1,0
2023-09-23 06:00:00,39,7,0,2,0,18.3,6.9,1.2,0,0,1,0,0,0,0,1,0
2023-09-23 23:00:00,134,0,0,1,0,18.3,6.9,1.2,0,0,1,0,0,0,0,1,0
2023-09-25 06:00:00,54,7,1,5,0,16.7,12.4,0.0,0,1,0,0,0,0,0,1,0
2023-09-23 02:00:00,89,3,0,1,0,18.3,6.9,1.2,0,0,1,0,0,0,0,1,0
2023-09-24 17:00:00,507,18,11,9,0,18.8,9.3,2.5,0,0,0,1,0,0,0,1,0
2023-09-23 05:00:00,24,6,0,1,0,18.3,6.9,1.2,0,0,1,0,0,0,0,1,0
2023-09-23 00:00:00,248,1,0,0,0,18.3,6.9,1.2,0,0,1,0,0,0,0,1,0
2023-09-23 03:00:00,103,4,0,0,0,18.3,6.9,1.2,0,0,1,0,0,0,0,1,0
2023-09-24 15:00:00,2525,16,11,4,0,18.8,9.3,2.5,0,0,0,1,0,0,0,1,0
2023-09-25 08:00:00,626,9,6,16,0,16.7,12.4,0.0,0,1,0,0,0,0,0,1,0
2023-09-25 21:00:00,154,22,1,0,0,16.7,12.4,0.0,0,1,0,0,0,0,0,1,0
2023-09-25 13:00:00,2770,14,43,16,0,16.7,12.4,0.0,0,1,0,0,0,0,0,1,0
2023-09-25 14:00:00,2418,15,29,15,0,16.7,12.4,0.0,0,1,0,0,0,0,0,1,0
2023-09-25 12:00:00,3021,13,27,19,0,16.7,12.4,0.0,0,1,0,0,0,0,0,1,0
2023-09-25 10:00:00,2178,11,17,10,0,16.7,12.4,0.0,0,1,0,0,0,0,0,1,0
2023-09-25 22:00:00,94,23,1,0,0,16.7,12.4,0.0,0,1,0,0,0,0,0,1,0
2023-09-24 08:00:00,142,9,1,3,0,18.8,9.3,2.5,0,0,0,1,0,0,0,1,0
2023-09-25 16:00:00,1797,17,16,4,0,16.7,12.4,0.0,0,1,0,0,0,0,0,1,0
2023-09-24 02:00:00,65,3,1,3,0,18.8,9.3,2.5,0,0,0,1,0,0,0,1,0
2023-09-25 20:00:00,267,21,5,6,0,16.7,12.4,0.0,0,1,0,0,0,0,0,1,0
2023-09-25 07:00:00,175,8,2,6,0,16.7,12.4,0.0,0,1,0,0,0,0,0,1,0
2023-09-24 06:00:00,42,7,1,2,0,18.8,9.3,2.5,0,0,0,1,0,0,0,1,0
2023-09-24 16:00:00,1432,17,9,2,0,18.8,9.3,2.5,0,0,0,1,0,0,0,1,0
2023-09-25 09:00:00,1273,10,15,26,0,16.7,12.4,0.0,0,1,0,0,0,0,0,1,0
2023-09-24 07:00:00,61,8,1,0,0,18.8,9.3,2.5,0,0,0,1,0,0,0,1,0
2023-09-25 03:00:00,11,4,0,4,0,16.7,12.4,0.0,0,1,0,0,0,0,0,1,0
2023-09-25 00:00:00,22,1,0,3,0,16.7,12.4,0.0,0,1,0,0,0,0,0,1,0
2023-09-25 05:00:00,43,6,0,2,0,16.7,12.4,0.0,0,1,0,0,0,0,0,1,0
2023-09-25 23:00:00,33,0,0,0,0,16.7,12.4,0.0,0,1,0,0,0,0,0,1,0
2023-09-25 01:00:00,10,2,0,0,0,16.7,12.4,0.0,0,1,0,0,0,0,0,1,0
2023-09-25 02:00:00,7,3,0,0,0,16.7,12.4,0.0,0,1,0,0,0,0,0,1,0
2023-09-25 04:00:00,4,5,0,0,0,16.7,12.4,0.0,0,1,0,0,0,0,0,1,0
2023-09-24 10:00:00,810,11,8,2,0,18.8,9.3,2.5,0,0,0,1,0,0,0,1,0
2023-09-24 09:00:00,297,10,3,3,0,18.8,9.3,2.5,0,0,0,1,0,0,0,1,0
2023-09-24 19:00:00,247,20,2,1,0,18.8,9.3,2.5,0,0,0,1,0,0,0,1,0
2023-09-25 18:00:00,390,19,11,7,0,16.7,12.4,0.0,0,1,0,0,0,0,0,1,0
2023-09-24 18:00:00,261,19,6,9,0,18.8,9.3,2.5,0,0,0,1,0,0,0,1,0
2023-09-24 11:00:00,1793,12,6,7,0,18.8,9.3,2.5,0,0,0,1,0,0,0,1,0
2023-09-24 20:00:00,216,21,0,5,0,18.8,9.3,2.5,0,0,0,1,0,0,0,1,0
2023-09-24 14:00:00,2647,15,6,1,0,18.8,9.3,2.5,0,0,0,1,0,0,0,1,0
2023-09-24 01:00:00,86,2,0,4,0,18.8,9.3,2.5,0,0,0,1,0,0,0,1,0
2023-09-24 22:00:00,61,23,0,3,0,18.8,9.3,2.5,0,0,0,1,0,0,0,1,0
2023-09-24 21:00:00,149,22,0,2,0,18.8,9.3,2.5,0,0,0,1,0,0,0,1,0
2023-09-26 16:00:00,2034,17,14,12,0,15.1,11.4,0.5,0,0,0,0,0,1,0,1,0
2023-09-26 00:00:00,29,1,1,0,0,15.1,11.4,0.5,0,0,0,0,0,1,0,1,0
2023-09-27 17:00:00,751,18,17,5,0,15.6,6.3,9.4,0,0,0,0,0,0,1,1,0
2023-09-27 16:00:00,1204,17,16,6,0,15.6,6.3,9.4,0,0,0,0,0,0,1,1,0
2023-09-27 14:00:00,2535,15,15,7,0,15.6,6.3,9.4,0,0,0,0,0,0,1,1,0
2023-09-26 08:00:00,749,9,5,21,0,15.1,11.4,0.5,0,0,0,0,0,1,0,1,0
2023-09-26 07:00:00,199,8,4,16,0,15.1,11.4,0.5,0,0,0,0,0,1,0,1,0
2023-09-26 18:00:00,694,19,3,0,0,15.1,11.4,0.5,0,0,0,0,0,1,0,1,0
2023-09-26 22:00:00,104,23,3,0,0,15.1,11.4,0.5,0,0,0,0,0,1,0,1,0
2023-09-26 20:00:00,229,21,2,2,0,15.1,11.4,0.5,0,0,0,0,0,1,0,1,0
2023-09-26 13:00:00,2284,14,12,34,0,15.1,11.4,0.5,0,0,0,0,0,1,0,1,0
2023-09-26 10:00:00,1999,11,12,12,0,15.1,11.4,0.5,0,0,0,0,0,1,0,1,0
2023-09-27 12:00:00,2966,13,11,13,0,15.6,6.3,9.4,0,0,0,0,0,0,1,1,0
2023-09-27 20:00:00,163,21,0,7,0,15.6,6.3,9.4,0,0,0,0,0,0,1,1,0
2023-09-27 21:00:00,114,22,0,6,0,15.6,6.3,9.4,0,0,0,0,0,0,1,1,0
2023-09-27 06:00:00,58,7,0,5,0,15.6,6.3,9.4,0,0,0,0,0,0,1,1,0
2023-09-27 02:00:00,5,3,0,4,0,15.6,6.3,9.4,0,0,0,0,0,0,1,1,0
2023-09-27 19:00:00,205,20,0,2,0,15.6,6.3,9.4,0,0,0,0,0,0,1,1,0
2023-09-27 22:00:00,76,23,0,2,0,15.6,6.3,9.4,0,0,0,0,0,0,1,1,0
2023-09-27 23:00:00,31,0,0,0,0,15.6,6.3,9.4,0,0,0,0,0,0,1,1,0
2023-09-27 05:00:00,27,6,0,0,0,15.6,6.3,9.4,0,0,0,0,0,0,1,1,0
2023-09-27 00:00:00,16,1,0,0,0,15.6,6.3,9.4,0,0,0,0,0,0,1,1,0
2023-09-27 01:00:00,1,2,0,0,0,15.6,6.3,9.4,0,0,0,0,0,0,1,1,0
2023-09-27 07:00:00,156,8,2,11,0,15.6,6.3,9.4,0,0,0,0,0,0,1,1,0
2023-09-27 18:00:00,311,19,2,5,0,15.6,6.3,9.4,0,0,0,0,0,0,1,1,0
2023-09-27 04:00:00,7,5,1,0,0,15.6,6.3,9.4,0,0,0,0,0,0,1,1,0
2023-09-27 15:00:00,1799,16,9,9,0,15.6,6.3,9.4,0,0,0,0,0,0,1,1,0
2023-09-26 06:00:00,54,7,0,6,0,15.1,11.4,0.5,0,0,0,0,0,1,0,1,0
2023-09-26 21:00:00,132,22,0,3,0,15.1,11.4,0.5,0,0,0,0,0,1,0,1,0
2023-09-26 02:00:00,9,3,0,3,0,15.1,11.4,0.5,0,0,0,0,0,1,0,1,0
2023-09-26 19:00:00,326,20,0,2,0,15.1,11.4,0.5,0,0,0,0,0,1,0,1,0
2023-09-26 05:00:00,31,6,0,1,0,15.1,11.4,0.5,0,0,0,0,0,1,0,1,0
2023-09-27 13:00:00,3036,14,7,10,0,15.6,6.3,9.4,0,0,0,0,0,0,1,1,0
2023-09-26 23:00:00,26,0,0,0,0,15.1,11.4,0.5,0,0,0,0,0,1,0,1,0
2023-09-26 15:00:00,2186,16,22,4,0,15.1,11.4,0.5,0,0,0,0,0,1,0,1,0
2023-09-26 01:00:00,17,2,0,0,0,15.1,11.4,0.5,0,0,0,0,0,1,0,1,0
2023-09-26 03:00:00,10,4,0,0,0,15.1,11.4,0.5,0,0,0,0,0,1,0,1,0
2023-09-26 04:00:00,1,5,0,0,0,15.1,11.4,0.5,0,0,0,0,0,1,0,1,0
2023-09-27 10:00:00,1923,11,6,16,0,15.6,6.3,9.4,0,0,0,0,0,0,1,1,0
2023-09-27 09:00:00,1229,10,6,16,0,15.6,6.3,9.4,0,0,0,0,0,0,1,1,0
2023-09-26 17:00:00,1424,18,7,5,0,15.1,11.4,0.5,0,0,0,0,0,1,0,1,0
2023-09-27 11:00:00,2323,12,5,23,0,15.6,6.3,9.4,0,0,0,0,0,0,1,1,0
2023-09-26 09:00:00,1799,10,18,38,0,15.1,11.4,0.5,0,0,0,0,0,1,0,1,0
2023-09-26 14:00:00,2289,15,16,13,0,15.1,11.4,0.5,0,0,0,0,0,1,0,1,0
2023-09-26 12:00:00,3054,13,16,8,0,15.1,11.4,0.5,0,0,0,0,0,1,0,1,0
2023-09-26 11:00:00,2595,12,15,11,0,15.1,11.4,0.5,0,0,0,0,0,1,0,1,0
2023-09-27 08:00:00,635,9,3,16,0,15.6,6.3,9.4,0,0,0,0,0,0,1,1,0
2023-09-28 18:00:00,462,19,3,27,0,16.9,11.1,0.5,0,0,0,0,1,0,0,1,0
2023-09-28 08:00:00,685,9,2,5,0,16.9,11.1,0.5,0,0,0,0,1,0,0,1,0
2023-09-28 20:00:00,254,21,2,1,0,16.9,11.1,0.5,0,0,0,0,1,0,0,1,0
2023-09-28 21:00:00,202,22,1,5,0,16.9,11.1,0.5,0,0,0,0,1,0,0,1,0
2023-09-29 14:00:00,2018,15,9,11,0,11.2,11.2,0.0,1,0,0,0,0,0,0,1,0
2023-09-28 13:00:00,2950,14,10,7,0,16.9,11.1,0.5,0,0,0,0,1,0,0,1,0
2023-09-28 15:00:00,2425,16,10,4,0,16.9,11.1,0.5,0,0,0,0,1,0,0,1,0
2023-09-29 11:00:00,3297,12,25,22,0,11.2,11.2,0.0,1,0,0,0,0,0,0,1,0
2023-09-29 13:00:00,2956,14,22,16,0,11.2,11.2,0.0,1,0,0,0,0,0,0,1,0
2023-09-29 12:00:00,3027,13,19,18,0,11.2,11.2,0.0,1,0,0,0,0,0,0,1,0
2023-09-29 10:00:00,2527,11,16,10,0,11.2,11.2,0.0,1,0,0,0,0,0,0,1,0
2023-09-29 16:00:00,2386,17,15,9,0,11.2,11.2,0.0,1,0,0,0,0,0,0,1,0
2023-09-29 17:00:00,1667,18,14,7,0,11.2,11.2,0.0,1,0,0,0,0,0,0,1,0
2023-09-29 15:00:00,2207,16,12,1,0,11.2,11.2,0.0,1,0,0,0,0,0,0,1,0
2023-09-28 16:00:00,2284,17,17,8,0,16.9,11.1,0.5,0,0,0,0,1,0,0,1,0
2023-09-28 12:00:00,2984,13,12,13,0,16.9,11.1,0.5,0,0,0,0,1,0,0,1,0
2023-09-28 09:00:00,1308,10,10,20,0,16.9,11.1,0.5,0,0,0,0,1,0,0,1,0
2023-09-29 18:00:00,501,19,8,8,0,11.2,11.2,0.0,1,0,0,0,0,0,0,1,0
2023-09-29 08:00:00,801,9,6,8,0,11.2,11.2,0.0,1,0,0,0,0,0,0,1,0
2023-09-29 09:00:00,1522,10,3,27,0,11.2,11.2,0.0,1,0,0,0,0,0,0,1,0
2023-09-29 19:00:00,361,20,3,1,0,11.2,11.2,0.0,1,0,0,0,0,0,0,1,0
2023-09-29 07:00:00,216,8,2,7,0,11.2,11.2,0.0,1,0,0,0,0,0,0,1,0
2023-09-28 05:00:00,41,6,0,3,0,16.9,11.1,0.5,0,0,0,0,1,0,0,1,0
2023-09-28 22:00:00,129,23,0,2,0,16.9,11.1,0.5,0,0,0,0,1,0,0,1,0
2023-09-28 06:00:00,38,7,0,2,0,16.9,11.1,0.5,0,0,0,0,1,0,0,1,0
2023-09-28 02:00:00,14,3,0,2,0,16.9,11.1,0.5,0,0,0,0,1,0,0,1,0
2023-09-28 23:00:00,43,0,0,1,0,16.9,11.1,0.5,0,0,0,0,1,0,0,1,0
2023-09-28 00:00:00,28,1,0,1,0,16.9,11.1,0.5,0,0,0,0,1,0,0,1,0
2023-09-28 01:00:00,9,2,0,1,0,16.9,11.1,0.5,0,0,0,0,1,0,0,1,0
2023-09-28 04:00:00,5,5,0,0,0,16.9,11.1,0.5,0,0,0,0,1,0,0,1,0
2023-09-28 03:00:00,4,4,0,0,0,16.9,11.1,0.5,0,0,0,0,1,0,0,1,0
2023-09-28 10:00:00,1915,11,7,16,0,16.9,11.1,0.5,0,0,0,0,1,0,0,1,0
2023-09-28 11:00:00,2577,12,7,12,0,16.9,11.1,0.5,0,0,0,0,1,0,0,1,0
2023-09-28 14:00:00,2530,15,6,8,0,16.9,11.1,0.5,0,0,0,0,1,0,0,1,0
2023-09-28 17:00:00,1681,18,4,22,0,16.9,11.1,0.5,0,0,0,0,1,0,0,1,0
2023-09-28 19:00:00,284,20,4,3,0,16.9,11.1,0.5,0,0,0,0,1,0,0,1,0
2023-09-28 07:00:00,194,8,4,2,0,16.9,11.1,0.5,0,0,0,0,1,0,0,1,0
2023-09-29 03:00:00,1,4,0,6,0,11.2,11.2,0.0,1,0,0,0,0,0,0,1,0
2023-09-29 22:00:00,292,23,0,2,0,11.2,11.2,0.0,1,0,0,0,0,0,0,1,0
2023-09-29 21:00:00,223,22,0,2,0,11.2,11.2,0.0,1,0,0,0,0,0,0,1,0
2023-09-29 05:00:00,22,6,0,2,0,11.2,11.2,0.0,1,0,0,0,0,0,0,1,0
2023-09-29 06:00:00,40,7,0,0,0,11.2,11.2,0.0,1,0,0,0,0,0,0,1,0
2023-09-29 00:00:00,35,1,0,0,0,11.2,11.2,0.0,1,0,0,0,0,0,0,1,0
2023-09-29 01:00:00,17,2,0,0,0,11.2,11.2,0.0,1,0,0,0,0,0,0,1,0
2023-09-29 23:00:00,200,0,1,12,0,11.2,11.2,0.0,1,0,0,0,0,0,0,1,0
2023-09-29 20:00:00,264,21,1,2,0,11.2,11.2,0.0,1,0,0,0,0,0,0,1,0
2023-09-29 02:00:00,32,3,1,2,0,11.2,11.2,0.0,1,0,0,0,0,0,0,1,0
2023-09-29 04:00:00,8,5,1,1,0,11.2,11.2,0.0,1,0,0,0,0,0,0,1,0
2023-09-30 07:00:00,132,8,2,4,0,18.6,7.7,2.1,0,0,1,0,0,0,0,1,0
2023-09-30 23:00:00,184,0,2,0,0,18.6,7.7,2.1,0,0,1,0,0,0,0,1,0
2023-09-30 06:00:00,48,7,1,0,0,18.6,7.7,2.1,0,0,1,0,0,0,0,1,0
2023-09-30 20:00:00,360,21,0,9,0,18.6,7.7,2.1,0,0,1,0,0,0,0,1,0
2023-09-30 00:00:00,182,1,0,6,0,18.6,7.7,2.1,0,0,1,0,0,0,0,1,0
2023-09-30 05:00:00,37,6,0,3,0,18.6,7.7,2.1,0,0,1,0,0,0,0,1,0
2023-09-30 01:00:00,104,2,0,2,0,18.6,7.7,2.1,0,0,1,0,0,0,0,1,0
2023-09-30 03:00:00,166,4,0,1,0,18.6,7.7,2.1,0,0,1,0,0,0,0,1,0
2023-09-30 02:00:00,107,3,0,1,0,18.6,7.7,2.1,0,0,1,0,0,0,0,1,0
2023-09-30 04:00:00,9,5,0,0,0,18.6,7.7,2.1,0,0,1,0,0,0,0,1,0
2023-09-30 09:00:00,1356,10,6,16,0,18.6,7.7,2.1,0,0,1,0,0,0,0,1,0
2023-09-30 11:00:00,2515,12,22,19,0,18.6,7.7,2.1,0,0,1,0,0,0,0,1,0
2023-09-30 08:00:00,495,9,6,11,0,18.6,7.7,2.1,0,0,1,0,0,0,0,1,0
2023-09-30 10:00:00,2042,11,18,16,0,18.6,7.7,2.1,0,0,1,0,0,0,0,1,0
2023-09-30 12:00:00,3654,13,15,9,0,18.6,7.7,2.1,0,0,1,0,0,0,0,1,0
2023-09-30 21:00:00,377,22,4,1,0,18.6,7.7,2.1,0,0,1,0,0,0,0,1,0
2023-09-30 17:00:00,2018,18,11,10,0,18.6,7.7,2.1,0,0,1,0,0,0,0,1,0
2023-09-30 19:00:00,251,20,3,8,0,18.6,7.7,2.1,0,0,1,0,0,0,0,1,0
2023-09-30 13:00:00,3760,14,3,7,0,18.6,7.7,2.1,0,0,1,0,0,0,0,1,0
2023-09-30 22:00:00,278,23,3,0,0,18.6,7.7,2.1,0,0,1,0,0,0,0,1,0
2023-09-30 15:00:00,3138,16,10,16,0,18.6,7.7,2.1,0,0,1,0,0,0,0,1,0
2023-09-30 14:00:00,3145,15,10,7,0,18.6,7.7,2.1,0,0,1,0,0,0,0,1,0
2023-09-30 16:00:00,3129,17,8,13,0,18.6,7.7,2.1,0,0,1,0,0,0,0,1,0
2023-09-30 18:00:00,561,19,8,12,0,18.6,7.7,2.1,0,0,1,0,0,0,0,1,0
