ds,y,Finishing time,Number of People,Number of Road Vehicles,isHoliday,TMAX,TMIN,PRCP,Day of the Week_Fri,Day of the Week_Mon,Day of the Week_Sat,Day of the Week_Sun,Day of the Week_Thu,Day of the Week_Tue,Day of the Week_Wed,TimeZone_BST,TimeZone_GMT
2023-08-13 22:00:00,0,23,239,55,0,19.7,13.4,1.1,0,0,0,1,0,0,0,1,0
2023-08-01 13:00:00,28,14,3351,16,0,17.8,13.1,0.0,0,0,0,0,0,1,0,1,0
2023-08-13 23:00:00,0,0,81,54,0,19.7,13.4,1.1,0,0,0,1,0,0,0,1,0
2023-08-01 10:00:00,20,11,2179,22,0,17.8,13.1,0.0,0,0,0,0,0,1,0,1,0
2023-08-13 04:00:00,0,5,21,38,0,19.7,13.4,1.1,0,0,0,1,0,0,0,1,0
2023-08-01 14:00:00,18,15,3313,12,0,17.8,13.1,0.0,0,0,0,0,0,1,0,1,0
2023-08-01 15:00:00,17,16,2811,10,0,17.8,13.1,0.0,0,0,0,0,0,1,0,1,0
2023-08-13 06:00:00,0,7,45,12,0,19.7,13.4,1.1,0,0,0,1,0,0,0,1,0
2023-08-14 17:00:00,26,18,1563,3,0,20.6,13.5,0.0,0,1,0,0,0,0,0,1,0
2023-08-01 16:00:00,14,17,2207,16,0,17.8,13.1,0.0,0,0,0,0,0,1,0,1,0
2023-08-01 17:00:00,14,18,1416,10,0,17.8,13.1,0.0,0,0,0,0,0,1,0,1,0
2023-08-14 15:00:00,22,16,2264,32,0,20.6,13.5,0.0,0,1,0,0,0,0,0,1,0
2023-08-14 18:00:00,22,19,612,8,0,20.6,13.5,0.0,0,1,0,0,0,0,0,1,0
2023-08-01 12:00:00,13,13,3349,19,0,17.8,13.1,0.0,0,0,0,0,0,1,0,1,0
2023-08-01 18:00:00,13,19,573,3,0,17.8,13.1,0.0,0,0,0,0,0,1,0,1,0
2023-08-14 08:00:00,18,9,615,58,0,20.6,13.5,0.0,0,1,0,0,0,0,0,1,0
2023-08-14 14:00:00,15,15,3183,40,0,20.6,13.5,0.0,0,1,0,0,0,0,0,1,0
2023-08-01 11:00:00,12,12,3143,10,0,17.8,13.1,0.0,0,0,0,0,0,1,0,1,0
2023-08-01 09:00:00,9,10,1236,25,0,17.8,13.1,0.0,0,0,0,0,0,1,0,1,0
2023-08-14 10:00:00,13,11,2561,68,0,20.6,13.5,0.0,0,1,0,0,0,0,0,1,0
2023-08-14 19:00:00,13,20,376,4,0,20.6,13.5,0.0,0,1,0,0,0,0,0,1,0
2023-08-01 20:00:00,7,21,272,10,0,17.8,13.1,0.0,0,0,0,0,0,1,0,1,0
2023-08-01 06:00:00,4,7,164,15,0,17.8,13.1,0.0,0,0,0,0,0,1,0,1,0
2023-08-14 20:00:00,10,21,442,28,0,20.6,13.5,0.0,0,1,0,0,0,0,0,1,0
2023-08-14 11:00:00,9,12,2617,48,0,20.6,13.5,0.0,0,1,0,0,0,0,0,1,0
2023-08-01 19:00:00,4,20,341,10,0,17.8,13.1,0.0,0,0,0,0,0,1,0,1,0
2023-08-01 07:00:00,3,8,173,12,0,17.8,13.1,0.0,0,0,0,0,0,1,0,1,0
2023-08-14 07:00:00,8,8,340,78,0,20.6,13.5,0.0,0,1,0,0,0,0,0,1,0
2023-08-14 13:00:00,6,14,3279,36,0,20.6,13.5,0.0,0,1,0,0,0,0,0,1,0
2023-08-01 08:00:00,3,9,624,7,0,17.8,13.1,0.0,0,0,0,0,0,1,0,1,0
2023-08-01 23:00:00,1,0,54,22,0,17.8,13.1,0.0,0,0,0,0,0,1,0,1,0
2023-08-14 16:00:00,6,17,910,5,0,20.6,13.5,0.0,0,1,0,0,0,0,0,1,0
2023-08-01 21:00:00,1,22,146,7,0,17.8,13.1,0.0,0,0,0,0,0,1,0,1,0
2023-08-01 05:00:00,1,6,21,1,0,17.8,13.1,0.0,0,0,0,0,0,1,0,1,0
2023-08-14 06:00:00,4,7,144,49,0,20.6,13.5,0.0,0,1,0,0,0,0,0,1,0
2023-08-14 09:00:00,3,10,962,37,0,20.6,13.5,0.0,0,1,0,0,0,0,0,1,0
2023-08-01 00:00:00,1,1,19,0,0,17.8,13.1,0.0,0,0,0,0,0,1,0,1,0
2023-08-01 22:00:00,0,23,100,1,0,17.8,13.1,0.0,0,0,0,0,0,1,0,1,0
2023-08-14 21:00:00,2,22,566,72,0,20.6,13.5,0.0,0,1,0,0,0,0,0,1,0
2023-08-14 22:00:00,2,23,327,72,0,20.6,13.5,0.0,0,1,0,0,0,0,0,1,0
2023-08-01 04:00:00,0,5,7,1,0,17.8,13.1,0.0,0,0,0,0,0,1,0,1,0
2023-08-14 00:00:00,2,1,56,39,0,20.6,13.5,0.0,0,1,0,0,0,0,0,1,0
2023-08-14 01:00:00,2,2,30,25,0,20.6,13.5,0.0,0,1,0,0,0,0,0,1,0
2023-08-01 01:00:00,0,2,8,0,0,17.8,13.1,0.0,0,0,0,0,0,1,0,1,0
2023-08-14 02:00:00,1,3,9,33,0,20.6,13.5,0.0,0,1,0,0,0,0,0,1,0
2023-08-01 02:00:00,0,3,4,0,0,17.8,13.1,0.0,0,0,0,0,0,1,0,1,0
2023-08-01 03:00:00,0,4,1,0,0,17.8,13.1,0.0,0,0,0,0,0,1,0,1,0
2023-08-14 03:00:00,1,4,8,23,0,20.6,13.5,0.0,0,1,0,0,0,0,0,1,0
2023-08-14 12:00:00,1,13,2008,10,0,20.6,13.5,0.0,0,1,0,0,0,0,0,1,0
2023-08-02 11:00:00,23,12,2658,27,0,19.8,13.5,2.1,0,0,0,0,0,0,1,1,0
2023-08-02 10:00:00,20,11,2196,43,0,19.8,13.5,2.1,0,0,0,0,0,0,1,1,0
2023-08-14 23:00:00,0,0,82,39,0,20.6,13.5,0.0,0,1,0,0,0,0,0,1,0
2023-08-14 05:00:00,0,6,43,23,0,20.6,13.5,0.0,0,1,0,0,0,0,0,1,0
2023-08-02 18:00:00,19,19,864,123,0,19.8,13.5,2.1,0,0,0,0,0,0,1,1,0
2023-08-14 04:00:00,0,5,10,11,0,20.6,13.5,0.0,0,1,0,0,0,0,0,1,0
2023-08-02 17:00:00,18,18,1909,90,0,19.8,13.5,2.1,0,0,0,0,0,0,1,1,0
2023-08-02 19:00:00,10,20,472,47,0,19.8,13.5,2.1,0,0,0,0,0,0,1,1,0
2023-08-15 12:00:00,32,13,5159,60,0,18.4,11.2,0.9,0,0,0,0,0,1,0,1,0
2023-08-02 09:00:00,8,10,1132,50,0,19.8,13.5,2.1,0,0,0,0,0,0,1,1,0
2023-08-15 10:00:00,30,11,3298,76,0,18.4,11.2,0.9,0,0,0,0,0,1,0,1,0
2023-08-15 14:00:00,22,15,2987,45,0,18.4,11.2,0.9,0,0,0,0,0,1,0,1,0
2023-08-02 08:00:00,6,9,637,43,0,19.8,13.5,2.1,0,0,0,0,0,0,1,1,0
2023-08-02 06:00:00,6,7,74,17,0,19.8,13.5,2.1,0,0,0,0,0,0,1,1,0
2023-08-02 13:00:00,6,14,1312,13,0,19.8,13.5,2.1,0,0,0,0,0,0,1,1,0
2023-08-02 21:00:00,6,22,308,8,0,19.8,13.5,2.1,0,0,0,0,0,0,1,1,0
2023-08-02 14:00:00,5,15,656,5,0,19.8,13.5,2.1,0,0,0,0,0,0,1,1,0
2023-08-02 16:00:00,5,17,556,4,0,19.8,13.5,2.1,0,0,0,0,0,0,1,1,0
2023-08-02 07:00:00,4,8,198,41,0,19.8,13.5,2.1,0,0,0,0,0,0,1,1,0
2023-08-15 09:00:00,17,10,1785,82,0,18.4,11.2,0.9,0,0,0,0,0,1,0,1,0
2023-08-02 05:00:00,3,6,25,17,0,19.8,13.5,2.1,0,0,0,0,0,0,1,1,0
2023-08-15 19:00:00,14,20,216,74,0,18.4,11.2,0.9,0,0,0,0,0,1,0,1,0
2023-08-02 01:00:00,1,2,10,20,0,19.8,13.5,2.1,0,0,0,0,0,0,1,1,0
2023-08-15 11:00:00,12,12,3912,76,0,18.4,11.2,0.9,0,0,0,0,0,1,0,1,0
2023-08-02 04:00:00,1,5,8,6,0,19.8,13.5,2.1,0,0,0,0,0,0,1,1,0
2023-08-15 08:00:00,12,9,706,61,0,18.4,11.2,0.9,0,0,0,0,0,1,0,1,0
2023-08-02 20:00:00,1,21,263,5,0,19.8,13.5,2.1,0,0,0,0,0,0,1,1,0
2023-08-15 17:00:00,12,18,993,58,0,18.4,11.2,0.9,0,0,0,0,0,1,0,1,0
2023-08-02 22:00:00,1,23,135,5,0,19.8,13.5,2.1,0,0,0,0,0,0,1,1,0
2023-08-15 16:00:00,11,17,2002,55,0,18.4,11.2,0.9,0,0,0,0,0,1,0,1,0
2023-08-02 00:00:00,0,1,40,21,0,19.8,13.5,2.1,0,0,0,0,0,0,1,1,0
2023-08-15 13:00:00,11,14,3980,52,0,18.4,11.2,0.9,0,0,0,0,0,1,0,1,0
2023-08-02 02:00:00,0,3,6,13,0,19.8,13.5,2.1,0,0,0,0,0,0,1,1,0
2023-08-15 15:00:00,11,16,2290,44,0,18.4,11.2,0.9,0,0,0,0,0,1,0,1,0
2023-08-02 23:00:00,0,0,44,12,0,19.8,13.5,2.1,0,0,0,0,0,0,1,1,0
2023-08-15 18:00:00,10,19,318,66,0,18.4,11.2,0.9,0,0,0,0,0,1,0,1,0
2023-08-02 12:00:00,0,13,1205,10,0,19.8,13.5,2.1,0,0,0,0,0,0,1,1,0
2023-08-15 07:00:00,9,8,398,79,0,18.4,11.2,0.9,0,0,0,0,0,1,0,1,0
2023-08-02 03:00:00,0,4,3,8,0,19.8,13.5,2.1,0,0,0,0,0,0,1,1,0
2023-08-15 20:00:00,7,21,145,48,0,18.4,11.2,0.9,0,0,0,0,0,1,0,1,0
2023-08-03 10:00:00,24,11,2399,19,0,17.3,11.8,0.0,0,0,0,0,1,0,0,1,0
2023-08-15 21:00:00,6,22,422,46,0,18.4,11.2,0.9,0,0,0,0,0,1,0,1,0
2023-08-03 12:00:00,24,13,3722,18,0,17.3,11.8,0.0,0,0,0,0,1,0,0,1,0
2023-08-15 06:00:00,5,7,112,32,0,18.4,11.2,0.9,0,0,0,0,0,1,0,1,0
2023-08-03 17:00:00,15,18,1832,21,0,17.3,11.8,0.0,0,0,0,0,1,0,0,1,0
2023-08-15 22:00:00,4,23,284,56,0,18.4,11.2,0.9,0,0,0,0,0,1,0,1,0
2023-08-15 23:00:00,0,0,66,44,0,18.4,11.2,0.9,0,0,0,0,0,1,0,1,0
2023-08-15 00:00:00,0,1,42,35,0,18.4,11.2,0.9,0,0,0,0,0,1,0,1,0
2023-08-15 05:00:00,0,6,53,24,0,18.4,11.2,0.9,0,0,0,0,0,1,0,1,0
2023-08-15 01:00:00,0,2,12,20,0,18.4,11.2,0.9,0,0,0,0,0,1,0,1,0
2023-08-15 02:00:00,0,3,16,12,0,18.4,11.2,0.9,0,0,0,0,0,1,0,1,0
2023-08-03 15:00:00,15,16,2948,10,0,17.3,11.8,0.0,0,0,0,0,1,0,0,1,0
2023-08-03 20:00:00,13,21,589,91,0,17.3,11.8,0.0,0,0,0,0,1,0,0,1,0
2023-08-03 11:00:00,13,12,3107,23,0,17.3,11.8,0.0,0,0,0,0,1,0,0,1,0
2023-08-03 16:00:00,12,17,2396,16,0,17.3,11.8,0.0,0,0,0,0,1,0,0,1,0
2023-08-03 18:00:00,12,19,685,14,0,17.3,11.8,0.0,0,0,0,0,1,0,0,1,0
2023-08-03 09:00:00,11,10,1434,24,0,17.3,11.8,0.0,0,0,0,0,1,0,0,1,0
2023-08-03 14:00:00,11,15,3604,14,0,17.3,11.8,0.0,0,0,0,0,1,0,0,1,0
2023-08-03 19:00:00,8,20,734,61,0,17.3,11.8,0.0,0,0,0,0,1,0,0,1,0
2023-08-03 08:00:00,8,9,702,12,0,17.3,11.8,0.0,0,0,0,0,1,0,0,1,0
2023-08-03 13:00:00,6,14,3687,6,0,17.3,11.8,0.0,0,0,0,0,1,0,0,1,0
2023-08-03 07:00:00,6,8,204,5,0,17.3,11.8,0.0,0,0,0,0,1,0,0,1,0
2023-08-03 06:00:00,6,7,55,4,0,17.3,11.8,0.0,0,0,0,0,1,0,0,1,0
2023-08-03 21:00:00,3,22,499,63,0,17.3,11.8,0.0,0,0,0,0,1,0,0,1,0
2023-08-03 23:00:00,3,0,78,54,0,17.3,11.8,0.0,0,0,0,0,1,0,0,1,0
2023-08-03 01:00:00,2,2,40,5,0,17.3,11.8,0.0,0,0,0,0,1,0,0,1,0
2023-08-03 22:00:00,1,23,278,79,0,17.3,11.8,0.0,0,0,0,0,1,0,0,1,0
2023-08-03 04:00:00,0,5,15,8,0,17.3,11.8,0.0,0,0,0,0,1,0,0,1,0
2023-08-03 00:00:00,0,1,54,5,0,17.3,11.8,0.0,0,0,0,0,1,0,0,1,0
2023-08-03 02:00:00,0,3,29,5,0,17.3,11.8,0.0,0,0,0,0,1,0,0,1,0
2023-08-03 03:00:00,0,4,17,2,0,17.3,11.8,0.0,0,0,0,0,1,0,0,1,0
2023-08-03 05:00:00,0,6,52,1,0,17.3,11.8,0.0,0,0,0,0,1,0,0,1,0
2023-08-04 13:00:00,24,14,3665,16,0,15.4,11.3,1.6,1,0,0,0,0,0,0,1,0
2023-08-04 16:00:00,23,17,2652,15,0,15.4,11.3,1.6,1,0,0,0,0,0,0,1,0
2023-08-04 14:00:00,18,15,3223,6,0,15.4,11.3,1.6,1,0,0,0,0,0,0,1,0
2023-08-04 15:00:00,15,16,2934,7,0,15.4,11.3,1.6,1,0,0,0,0,0,0,1,0
2023-08-04 18:00:00,15,19,1220,3,0,15.4,11.3,1.6,1,0,0,0,0,0,0,1,0
2023-08-04 19:00:00,14,20,858,68,0,15.4,11.3,1.6,1,0,0,0,0,0,0,1,0
2023-08-04 10:00:00,13,11,2017,7,0,15.4,11.3,1.6,1,0,0,0,0,0,0,1,0
2023-08-04 09:00:00,12,10,1411,16,0,15.4,11.3,1.6,1,0,0,0,0,0,0,1,0
2023-08-04 11:00:00,11,12,3162,15,0,15.4,11.3,1.6,1,0,0,0,0,0,0,1,0
2023-08-04 12:00:00,9,13,3499,12,0,15.4,11.3,1.6,1,0,0,0,0,0,0,1,0
2023-08-04 07:00:00,9,8,214,12,0,15.4,11.3,1.6,1,0,0,0,0,0,0,1,0
2023-08-04 06:00:00,7,7,60,3,0,15.4,11.3,1.6,1,0,0,0,0,0,0,1,0
2023-08-04 21:00:00,6,22,679,73,0,15.4,11.3,1.6,1,0,0,0,0,0,0,1,0
2023-08-04 20:00:00,4,21,645,118,0,15.4,11.3,1.6,1,0,0,0,0,0,0,1,0
2023-08-04 08:00:00,4,9,741,14,0,15.4,11.3,1.6,1,0,0,0,0,0,0,1,0
2023-08-04 17:00:00,4,18,2142,12,0,15.4,11.3,1.6,1,0,0,0,0,0,0,1,0
2023-08-04 03:00:00,2,4,23,25,0,15.4,11.3,1.6,1,0,0,0,0,0,0,1,0
2023-08-04 01:00:00,1,2,33,28,0,15.4,11.3,1.6,1,0,0,0,0,0,0,1,0
2023-08-04 22:00:00,1,23,232,10,0,15.4,11.3,1.6,1,0,0,0,0,0,0,1,0
2023-08-04 23:00:00,1,0,142,6,0,15.4,11.3,1.6,1,0,0,0,0,0,0,1,0
2023-08-04 00:00:00,0,1,68,41,0,15.4,11.3,1.6,1,0,0,0,0,0,0,1,0
2023-08-04 05:00:00,0,6,44,31,0,15.4,11.3,1.6,1,0,0,0,0,0,0,1,0
2023-08-04 02:00:00,0,3,45,20,0,15.4,11.3,1.6,1,0,0,0,0,0,0,1,0
2023-08-04 04:00:00,0,5,7,7,0,15.4,11.3,1.6,1,0,0,0,0,0,0,1,0
2023-08-05 18:00:00,12,19,356,10,0,17.5,5.5,9.2,0,0,1,0,0,0,0,1,0
2023-08-05 09:00:00,11,10,1102,9,0,17.5,5.5,9.2,0,0,1,0,0,0,0,1,0
2023-08-05 10:00:00,10,11,899,7,0,17.5,5.5,9.2,0,0,1,0,0,0,0,1,0
2023-08-05 17:00:00,9,18,1094,6,0,17.5,5.5,9.2,0,0,1,0,0,0,0,1,0
2023-08-05 21:00:00,4,22,517,96,0,17.5,5.5,9.2,0,0,1,0,0,0,0,1,0
2023-08-11 23:00:00,3,0,133,2,0,20.8,15.8,0.0,1,0,0,0,0,0,0,1,0
2023-08-11 00:00:00,2,1,70,24,0,20.8,15.8,0.0,1,0,0,0,0,0,0,1,0
2023-08-11 01:00:00,0,2,41,26,0,20.8,15.8,0.0,1,0,0,0,0,0,0,1,0
2023-08-11 05:00:00,0,6,55,20,0,20.8,15.8,0.0,1,0,0,0,0,0,0,1,0
2023-08-11 03:00:00,0,4,27,18,0,20.8,15.8,0.0,1,0,0,0,0,0,0,1,0
2023-08-11 04:00:00,0,5,7,11,0,20.8,15.8,0.0,1,0,0,0,0,0,0,1,0
2023-08-12 17:00:00,20,18,1909,19,0,19.7,15.4,11.4,0,0,1,0,0,0,0,1,0
2023-08-12 11:00:00,14,12,2373,20,0,19.7,15.4,11.4,0,0,1,0,0,0,0,1,0
2023-08-12 16:00:00,14,17,2916,18,0,19.7,15.4,11.4,0,0,1,0,0,0,0,1,0
2023-08-12 09:00:00,11,10,1119,17,0,19.7,15.4,11.4,0,0,1,0,0,0,0,1,0
2023-08-12 13:00:00,11,14,3147,15,0,19.7,15.4,11.4,0,0,1,0,0,0,0,1,0
2023-08-12 15:00:00,10,16,2881,12,0,19.7,15.4,11.4,0,0,1,0,0,0,0,1,0
2023-08-12 14:00:00,10,15,3143,9,0,19.7,15.4,11.4,0,0,1,0,0,0,0,1,0
2023-08-12 10:00:00,9,11,1828,14,0,19.7,15.4,11.4,0,0,1,0,0,0,0,1,0
2023-08-12 06:00:00,8,7,79,6,0,19.7,15.4,11.4,0,0,1,0,0,0,0,1,0
2023-08-12 20:00:00,7,21,545,110,0,19.7,15.4,11.4,0,0,1,0,0,0,0,1,0
2023-08-12 19:00:00,6,20,726,97,0,19.7,15.4,11.4,0,0,1,0,0,0,0,1,0
2023-08-12 12:00:00,5,13,3113,6,0,19.7,15.4,11.4,0,0,1,0,0,0,0,1,0
2023-08-12 21:00:00,3,22,544,117,0,19.7,15.4,11.4,0,0,1,0,0,0,0,1,0
2023-08-12 23:00:00,3,0,274,74,0,19.7,15.4,11.4,0,0,1,0,0,0,0,1,0
2023-08-12 18:00:00,3,19,492,11,0,19.7,15.4,11.4,0,0,1,0,0,0,0,1,0
2023-08-12 03:00:00,3,4,137,6,0,19.7,15.4,11.4,0,0,1,0,0,0,0,1,0
2023-08-12 08:00:00,2,9,480,6,0,19.7,15.4,11.4,0,0,1,0,0,0,0,1,0
2023-08-12 00:00:00,2,1,164,6,0,19.7,15.4,11.4,0,0,1,0,0,0,0,1,0
2023-08-12 22:00:00,1,23,294,90,0,19.7,15.4,11.4,0,0,1,0,0,0,0,1,0
2023-08-12 01:00:00,0,2,149,7,0,19.7,15.4,11.4,0,0,1,0,0,0,0,1,0
2023-08-12 07:00:00,0,8,138,4,0,19.7,15.4,11.4,0,0,1,0,0,0,0,1,0
2023-08-12 04:00:00,0,5,30,4,0,19.7,15.4,11.4,0,0,1,0,0,0,0,1,0
2023-08-12 02:00:00,0,3,85,3,0,19.7,15.4,11.4,0,0,1,0,0,0,0,1,0
2023-08-12 05:00:00,0,6,40,1,0,19.7,15.4,11.4,0,0,1,0,0,0,0,1,0
2023-08-13 11:00:00,20,12,1532,12,0,19.7,13.4,1.1,0,0,0,1,0,0,0,1,0
2023-08-13 14:00:00,11,15,1867,2,0,19.7,13.4,1.1,0,0,0,1,0,0,0,1,0
2023-08-13 13:00:00,9,14,2398,9,0,19.7,13.4,1.1,0,0,0,1,0,0,0,1,0
2023-08-13 15:00:00,9,16,1448,3,0,19.7,13.4,1.1,0,0,0,1,0,0,0,1,0
2023-08-13 18:00:00,7,19,263,6,0,19.7,13.4,1.1,0,0,0,1,0,0,0,1,0
2023-08-13 12:00:00,6,13,1818,16,0,19.7,13.4,1.1,0,0,0,1,0,0,0,1,0
2023-08-13 16:00:00,6,17,1623,7,0,19.7,13.4,1.1,0,0,0,1,0,0,0,1,0
2023-08-13 09:00:00,6,10,263,3,0,19.7,13.4,1.1,0,0,0,1,0,0,0,1,0
2023-08-13 10:00:00,5,11,796,5,0,19.7,13.4,1.1,0,0,0,1,0,0,0,1,0
2023-08-13 17:00:00,5,18,495,5,0,19.7,13.4,1.1,0,0,0,1,0,0,0,1,0
2023-08-13 07:00:00,4,8,86,13,0,19.7,13.4,1.1,0,0,0,1,0,0,0,1,0
2023-08-13 19:00:00,3,20,245,8,0,19.7,13.4,1.1,0,0,0,1,0,0,0,1,0
2023-08-13 08:00:00,3,9,97,2,0,19.7,13.4,1.1,0,0,0,1,0,0,0,1,0
2023-08-13 21:00:00,2,22,464,62,0,19.7,13.4,1.1,0,0,0,1,0,0,0,1,0
2023-08-13 00:00:00,1,1,188,77,0,19.7,13.4,1.1,0,0,0,1,0,0,0,1,0
2023-08-13 20:00:00,1,21,576,74,0,19.7,13.4,1.1,0,0,0,1,0,0,0,1,0
2023-08-13 03:00:00,1,4,124,40,0,19.7,13.4,1.1,0,0,0,1,0,0,0,1,0
2023-08-13 05:00:00,1,6,43,12,0,19.7,13.4,1.1,0,0,0,1,0,0,0,1,0
2023-08-13 01:00:00,0,2,124,67,0,19.7,13.4,1.1,0,0,0,1,0,0,0,1,0
2023-08-13 02:00:00,0,3,108,57,0,19.7,13.4,1.1,0,0,0,1,0,0,0,1,0
2023-08-15 03:00:00,0,4,5,11,0,18.4,11.2,0.9,0,0,0,0,0,1,0,1,0
2023-08-15 04:00:00,0,5,8,9,0,18.4,11.2,0.9,0,0,0,0,0,1,0,1,0
2023-08-16 17:00:00,25,18,1323,10,0,17.7,13.9,0.2,0,0,0,0,0,0,1,1,0
2023-08-16 16:00:00,23,17,2027,11,0,17.7,13.9,0.2,0,0,0,0,0,0,1,1,0
2023-08-16 15:00:00,20,16,2179,10,0,17.7,13.9,0.2,0,0,0,0,0,0,1,1,0
2023-08-16 14:00:00,15,15,2704,18,0,17.7,13.9,0.2,0,0,0,0,0,0,1,1,0
2023-08-16 18:00:00,9,19,458,6,0,17.7,13.9,0.2,0,0,0,0,0,0,1,1,0
2023-08-16 09:00:00,8,10,1282,9,0,17.7,13.9,0.2,0,0,0,0,0,0,1,1,0
2023-08-16 11:00:00,7,12,2457,11,0,17.7,13.9,0.2,0,0,0,0,0,0,1,1,0
2023-08-16 19:00:00,7,20,309,9,0,17.7,13.9,0.2,0,0,0,0,0,0,1,1,0
2023-08-16 13:00:00,7,14,2985,8,0,17.7,13.9,0.2,0,0,0,0,0,0,1,1,0
2023-08-16 20:00:00,6,21,243,8,0,17.7,13.9,0.2,0,0,0,0,0,0,1,1,0
2023-08-16 07:00:00,5,8,201,18,0,17.7,13.9,0.2,0,0,0,0,0,0,1,1,0
2023-08-16 12:00:00,5,13,2877,13,0,17.7,13.9,0.2,0,0,0,0,0,0,1,1,0
2023-08-16 10:00:00,4,11,1965,19,0,17.7,13.9,0.2,0,0,0,0,0,0,1,1,0
2023-08-16 08:00:00,4,9,606,10,0,17.7,13.9,0.2,0,0,0,0,0,0,1,1,0
2023-08-16 06:00:00,4,7,37,5,0,17.7,13.9,0.2,0,0,0,0,0,0,1,1,0
2023-08-16 21:00:00,3,22,215,5,0,17.7,13.9,0.2,0,0,0,0,0,0,1,1,0
2023-08-16 22:00:00,2,23,107,27,0,17.7,13.9,0.2,0,0,0,0,0,0,1,1,0
2023-08-16 05:00:00,2,6,28,0,0,17.7,13.9,0.2,0,0,0,0,0,0,1,1,0
2023-08-16 23:00:00,1,0,61,42,0,17.7,13.9,0.2,0,0,0,0,0,0,1,1,0
2023-08-16 01:00:00,0,2,21,25,0,17.7,13.9,0.2,0,0,0,0,0,0,1,1,0
2023-08-16 00:00:00,0,1,61,24,0,17.7,13.9,0.2,0,0,0,0,0,0,1,1,0
2023-08-16 03:00:00,0,4,9,8,0,17.7,13.9,0.2,0,0,0,0,0,0,1,1,0
2023-08-16 02:00:00,0,3,3,8,0,17.7,13.9,0.2,0,0,0,0,0,0,1,1,0
2023-08-16 04:00:00,0,5,11,1,0,17.7,13.9,0.2,0,0,0,0,0,0,1,1,0
2023-08-17 17:00:00,28,18,1364,9,0,11.2,14.6,0.0,0,0,0,0,1,0,0,1,0
2023-08-17 14:00:00,27,15,2704,8,0,11.2,14.6,0.0,0,0,0,0,1,0,0,1,0
2023-08-17 15:00:00,25,16,2567,13,0,11.2,14.6,0.0,0,0,0,0,1,0,0,1,0
2023-08-17 12:00:00,23,13,3927,20,0,11.2,14.6,0.0,0,0,0,0,1,0,0,1,0
2023-08-17 11:00:00,23,12,3147,18,0,11.2,14.6,0.0,0,0,0,0,1,0,0,1,0
2023-08-17 13:00:00,21,14,3212,34,0,11.2,14.6,0.0,0,0,0,0,1,0,0,1,0
2023-08-17 10:00:00,16,11,2223,15,0,11.2,14.6,0.0,0,0,0,0,1,0,0,1,0
2023-08-17 16:00:00,13,17,2173,7,0,11.2,14.6,0.0,0,0,0,0,1,0,0,1,0
2023-08-17 18:00:00,9,19,415,10,0,11.2,14.6,0.0,0,0,0,0,1,0,0,1,0
2023-08-09 22:00:00,1,23,175,10,0,22.8,8.8,0.0,0,0,0,0,0,0,1,1,0
2023-08-17 09:00:00,8,10,1266,24,0,11.2,14.6,0.0,0,0,0,0,1,0,0,1,0
2023-08-17 08:00:00,7,9,688,13,0,11.2,14.6,0.0,0,0,0,0,1,0,0,1,0
2023-08-17 21:00:00,4,22,427,69,0,11.2,14.6,0.0,0,0,0,0,1,0,0,1,0
2023-08-17 22:00:00,4,23,222,42,0,11.2,14.6,0.0,0,0,0,0,1,0,0,1,0
2023-08-17 07:00:00,3,8,171,8,0,11.2,14.6,0.0,0,0,0,0,1,0,0,1,0
2023-08-17 06:00:00,2,7,47,4,0,11.2,14.6,0.0,0,0,0,0,1,0,0,1,0
2023-08-17 23:00:00,1,0,88,62,0,11.2,14.6,0.0,0,0,0,0,1,0,0,1,0
2023-08-17 20:00:00,1,21,668,35,0,11.2,14.6,0.0,0,0,0,0,1,0,0,1,0
2023-08-17 01:00:00,1,2,20,23,0,11.2,14.6,0.0,0,0,0,0,1,0,0,1,0
2023-08-17 00:00:00,0,1,46,43,0,11.2,14.6,0.0,0,0,0,0,1,0,0,1,0
2023-08-17 19:00:00,0,20,295,14,0,11.2,14.6,0.0,0,0,0,0,1,0,0,1,0
2023-08-17 02:00:00,0,3,74,10,0,11.2,14.6,0.0,0,0,0,0,1,0,0,1,0
2023-08-17 05:00:00,0,6,23,2,0,11.2,14.6,0.0,0,0,0,0,1,0,0,1,0
2023-08-17 04:00:00,0,5,12,2,0,11.2,14.6,0.0,0,0,0,0,1,0,0,1,0
2023-08-17 03:00:00,0,4,16,1,0,11.2,14.6,0.0,0,0,0,0,1,0,0,1,0
2023-08-07 08:00:00,7,9,568,10,1,19.9,9.5,0.0,0,1,0,0,0,0,0,1,0
2023-08-09 23:00:00,1,0,55,5,0,22.8,8.8,0.0,0,0,0,0,0,0,1,1,0
2023-08-07 06:00:00,4,7,49,2,1,19.9,9.5,0.0,0,1,0,0,0,0,0,1,0
2023-08-09 00:00:00,1,1,47,3,0,22.8,8.8,0.0,0,0,0,0,0,0,1,1,0
2023-08-07 07:00:00,3,8,147,10,1,19.9,9.5,0.0,0,1,0,0,0,0,0,1,0
2023-08-09 06:00:00,0,7,48,6,0,22.8,8.8,0.0,0,0,0,0,0,0,1,1,0
2023-08-07 02:00:00,2,3,14,13,1,19.9,9.5,0.0,0,1,0,0,0,0,0,1,0
2023-08-09 01:00:00,0,2,21,2,0,22.8,8.8,0.0,0,0,0,0,0,0,1,1,0
2023-08-07 22:00:00,2,23,196,0,1,19.9,9.5,0.0,0,1,0,0,0,0,0,1,0
2023-08-09 03:00:00,0,4,0,1,0,22.8,8.8,0.0,0,0,0,0,0,0,1,1,0
2023-08-07 01:00:00,1,2,26,35,1,19.9,9.5,0.0,0,1,0,0,0,0,0,1,0
2023-08-09 02:00:00,0,3,10,0,0,22.8,8.8,0.0,0,0,0,0,0,0,1,1,0
2023-08-07 05:00:00,1,6,26,3,1,19.9,9.5,0.0,0,1,0,0,0,0,0,1,0
2023-08-09 04:00:00,0,5,4,0,0,22.8,8.8,0.0,0,0,0,0,0,0,1,1,0
2023-08-07 23:00:00,1,0,44,2,1,19.9,9.5,0.0,0,1,0,0,0,0,0,1,0
2023-08-10 15:00:00,27,16,2898,15,0,22.5,14.2,5.0,0,0,0,0,1,0,0,1,0
2023-08-07 00:00:00,0,1,28,14,1,19.9,9.5,0.0,0,1,0,0,0,0,0,1,0
2023-08-10 14:00:00,21,15,3237,14,0,22.5,14.2,5.0,0,0,0,0,1,0,0,1,0
2023-08-07 03:00:00,0,4,40,11,1,19.9,9.5,0.0,0,1,0,0,0,0,0,1,0
2023-08-10 10:00:00,17,11,2276,24,0,22.5,14.2,5.0,0,0,0,0,1,0,0,1,0
2023-08-07 04:00:00,0,5,1,2,1,19.9,9.5,0.0,0,1,0,0,0,0,0,1,0
2023-08-10 16:00:00,17,17,1845,15,0,22.5,14.2,5.0,0,0,0,0,1,0,0,1,0
2023-08-08 11:00:00,29,12,2601,19,0,19.1,7.7,0.2,0,0,0,0,0,1,0,1,0
2023-08-10 18:00:00,16,19,1308,97,0,22.5,14.2,5.0,0,0,0,0,1,0,0,1,0
2023-08-08 17:00:00,25,18,1537,8,0,19.1,7.7,0.2,0,0,0,0,0,1,0,1,0
2023-08-10 11:00:00,15,12,2796,17,0,22.5,14.2,5.0,0,0,0,0,1,0,0,1,0
2023-08-08 12:00:00,23,13,3265,8,0,19.1,7.7,0.2,0,0,0,0,0,1,0,1,0
2023-08-10 19:00:00,13,20,963,79,0,22.5,14.2,5.0,0,0,0,0,1,0,0,1,0
2023-08-08 13:00:00,21,14,4300,33,0,19.1,7.7,0.2,0,0,0,0,0,1,0,1,0
2023-08-10 09:00:00,12,10,1345,18,0,22.5,14.2,5.0,0,0,0,0,1,0,0,1,0
2023-08-08 16:00:00,21,17,1963,6,0,19.1,7.7,0.2,0,0,0,0,0,1,0,1,0
2023-08-10 13:00:00,12,14,3281,8,0,22.5,14.2,5.0,0,0,0,0,1,0,0,1,0
2023-08-08 10:00:00,17,11,1916,14,0,19.1,7.7,0.2,0,0,0,0,0,1,0,1,0
2023-08-10 12:00:00,11,13,3013,16,0,22.5,14.2,5.0,0,0,0,0,1,0,0,1,0
2023-08-08 14:00:00,16,15,4043,50,0,19.1,7.7,0.2,0,0,0,0,0,1,0,1,0
2023-08-10 20:00:00,10,21,603,70,0,22.5,14.2,5.0,0,0,0,0,1,0,0,1,0
2023-08-08 18:00:00,11,19,496,1,0,19.1,7.7,0.2,0,0,0,0,0,1,0,1,0
2023-08-10 08:00:00,9,9,684,12,0,22.5,14.2,5.0,0,0,0,0,1,0,0,1,0
2023-08-08 15:00:00,9,16,2452,5,0,19.1,7.7,0.2,0,0,0,0,0,1,0,1,0
2023-08-10 07:00:00,7,8,190,8,0,22.5,14.2,5.0,0,0,0,0,1,0,0,1,0
2023-08-08 09:00:00,8,10,1249,12,0,19.1,7.7,0.2,0,0,0,0,0,1,0,1,0
2023-08-10 17:00:00,6,18,1986,14,0,22.5,14.2,5.0,0,0,0,0,1,0,0,1,0
2023-08-08 19:00:00,8,20,419,2,0,19.1,7.7,0.2,0,0,0,0,0,1,0,1,0
2023-08-10 22:00:00,4,23,297,37,0,22.5,14.2,5.0,0,0,0,0,1,0,0,1,0
2023-08-08 08:00:00,5,9,704,6,0,19.1,7.7,0.2,0,0,0,0,0,1,0,1,0
2023-08-08 20:00:00,4,21,230,4,0,19.1,7.7,0.2,0,0,0,0,0,1,0,1,0
2023-08-08 21:00:00,3,22,230,3,0,19.1,7.7,0.2,0,0,0,0,0,1,0,1,0
2023-08-08 06:00:00,2,7,105,2,0,19.1,7.7,0.2,0,0,0,0,0,1,0,1,0
2023-08-08 22:00:00,2,23,95,0,0,19.1,7.7,0.2,0,0,0,0,0,1,0,1,0
2023-08-08 07:00:00,1,8,284,13,0,19.1,7.7,0.2,0,0,0,0,0,1,0,1,0
2023-08-08 23:00:00,0,0,52,3,0,19.1,7.7,0.2,0,0,0,0,0,1,0,1,0
2023-08-08 05:00:00,0,6,23,3,0,19.1,7.7,0.2,0,0,0,0,0,1,0,1,0
2023-08-08 01:00:00,0,2,14,2,0,19.1,7.7,0.2,0,0,0,0,0,1,0,1,0
2023-08-08 03:00:00,0,4,11,2,0,19.1,7.7,0.2,0,0,0,0,0,1,0,1,0
2023-08-08 04:00:00,0,5,12,1,0,19.1,7.7,0.2,0,0,0,0,0,1,0,1,0
2023-08-08 00:00:00,0,1,31,0,0,19.1,7.7,0.2,0,0,0,0,0,1,0,1,0
2023-08-09 12:00:00,26,13,2820,28,0,22.8,8.8,0.0,0,0,0,0,0,0,1,1,0
2023-08-09 15:00:00,24,16,3430,14,0,22.8,8.8,0.0,0,0,0,0,0,0,1,1,0
2023-08-09 16:00:00,17,17,2611,20,0,22.8,8.8,0.0,0,0,0,0,0,0,1,1,0
2023-08-09 17:00:00,15,18,1365,6,0,22.8,8.8,0.0,0,0,0,0,0,0,1,1,0
2023-08-09 13:00:00,13,14,3378,11,0,22.8,8.8,0.0,0,0,0,0,0,0,1,1,0
2023-08-09 14:00:00,12,15,3635,18,0,22.8,8.8,0.0,0,0,0,0,0,0,1,1,0
2023-08-09 10:00:00,10,11,1797,14,0,22.8,8.8,0.0,0,0,0,0,0,0,1,1,0
2023-08-09 18:00:00,8,19,444,12,0,22.8,8.8,0.0,0,0,0,0,0,0,1,1,0
2023-08-09 19:00:00,7,20,910,58,0,22.8,8.8,0.0,0,0,0,0,0,0,1,1,0
2023-08-09 09:00:00,7,10,932,6,0,22.8,8.8,0.0,0,0,0,0,0,0,1,1,0
2023-08-09 21:00:00,6,22,461,63,0,22.8,8.8,0.0,0,0,0,0,0,0,1,1,0
2023-08-09 20:00:00,5,21,577,65,0,22.8,8.8,0.0,0,0,0,0,0,0,1,1,0
2023-08-09 08:00:00,5,9,463,8,0,22.8,8.8,0.0,0,0,0,0,0,0,1,1,0
2023-08-09 11:00:00,3,12,2495,6,0,22.8,8.8,0.0,0,0,0,0,0,0,1,1,0
2023-08-09 07:00:00,3,8,138,6,0,22.8,8.8,0.0,0,0,0,0,0,0,1,1,0
2023-08-09 05:00:00,2,6,26,1,0,22.8,8.8,0.0,0,0,0,0,0,0,1,1,0
2023-08-10 21:00:00,3,22,404,69,0,22.5,14.2,5.0,0,0,0,0,1,0,0,1,0
2023-08-10 23:00:00,3,0,106,42,0,22.5,14.2,5.0,0,0,0,0,1,0,0,1,0
2023-08-10 06:00:00,2,7,39,4,0,22.5,14.2,5.0,0,0,0,0,1,0,0,1,0
2023-08-10 04:00:00,1,5,8,5,0,22.5,14.2,5.0,0,0,0,0,1,0,0,1,0
2023-08-10 00:00:00,1,1,78,4,0,22.5,14.2,5.0,0,0,0,0,1,0,0,1,0
2023-08-10 05:00:00,1,6,29,3,0,22.5,14.2,5.0,0,0,0,0,1,0,0,1,0
2023-08-10 01:00:00,0,2,14,2,0,22.5,14.2,5.0,0,0,0,0,1,0,0,1,0
2023-08-10 02:00:00,0,3,12,1,0,22.5,14.2,5.0,0,0,0,0,1,0,0,1,0
2023-08-10 03:00:00,0,4,7,1,0,22.5,14.2,5.0,0,0,0,0,1,0,0,1,0
2023-08-11 12:00:00,23,13,3362,35,0,20.8,15.8,0.0,1,0,0,0,0,0,0,1,0
2023-08-11 16:00:00,22,17,1672,15,0,20.8,15.8,0.0,1,0,0,0,0,0,0,1,0
2023-08-11 11:00:00,20,12,2346,26,0,20.8,15.8,0.0,1,0,0,0,0,0,0,1,0
2023-08-11 17:00:00,16,18,1283,8,0,20.8,15.8,0.0,1,0,0,0,0,0,0,1,0
2023-08-11 08:00:00,16,9,600,8,0,20.8,15.8,0.0,1,0,0,0,0,0,0,1,0
2023-08-11 13:00:00,15,14,4691,64,0,20.8,15.8,0.0,1,0,0,0,0,0,0,1,0
2023-08-11 14:00:00,12,15,2166,28,0,20.8,15.8,0.0,1,0,0,0,0,0,0,1,0
2023-08-11 09:00:00,12,10,1175,8,0,20.8,15.8,0.0,1,0,0,0,0,0,0,1,0
2023-08-11 18:00:00,10,19,728,61,0,20.8,15.8,0.0,1,0,0,0,0,0,0,1,0
2023-08-11 19:00:00,10,20,490,11,0,20.8,15.8,0.0,1,0,0,0,0,0,0,1,0
2023-08-11 10:00:00,8,11,1954,13,0,20.8,15.8,0.0,1,0,0,0,0,0,0,1,0
2023-08-11 20:00:00,6,21,256,7,0,20.8,15.8,0.0,1,0,0,0,0,0,0,1,0
2023-08-11 22:00:00,6,23,144,4,0,20.8,15.8,0.0,1,0,0,0,0,0,0,1,0
2023-08-11 07:00:00,5,8,170,18,0,20.8,15.8,0.0,1,0,0,0,0,0,0,1,0
2023-08-11 21:00:00,5,22,253,9,0,20.8,15.8,0.0,1,0,0,0,0,0,0,1,0
2023-08-11 06:00:00,5,7,63,5,0,20.8,15.8,0.0,1,0,0,0,0,0,0,1,0
2023-08-11 02:00:00,4,3,37,22,0,20.8,15.8,0.0,1,0,0,0,0,0,0,1,0
2023-08-11 15:00:00,4,16,541,2,0,20.8,15.8,0.0,1,0,0,0,0,0,0,1,0
2023-08-05 19:00:00,3,20,511,61,0,17.5,5.5,9.2,0,0,1,0,0,0,0,1,0
2023-08-05 07:00:00,3,8,189,14,0,17.5,5.5,9.2,0,0,1,0,0,0,0,1,0
2023-08-05 06:00:00,3,7,58,14,0,17.5,5.5,9.2,0,0,1,0,0,0,0,1,0
2023-08-05 02:00:00,2,3,129,6,0,17.5,5.5,9.2,0,0,1,0,0,0,0,1,0
2023-08-05 22:00:00,1,23,380,129,0,17.5,5.5,9.2,0,0,1,0,0,0,0,1,0
2023-08-05 23:00:00,1,0,178,92,0,17.5,5.5,9.2,0,0,1,0,0,0,0,1,0
2023-08-05 20:00:00,1,21,621,81,0,17.5,5.5,9.2,0,0,1,0,0,0,0,1,0
2023-08-05 00:00:00,1,1,195,12,0,17.5,5.5,9.2,0,0,1,0,0,0,0,1,0
2023-08-05 08:00:00,1,9,511,9,0,17.5,5.5,9.2,0,0,1,0,0,0,0,1,0
2023-08-05 05:00:00,0,6,22,12,0,17.5,5.5,9.2,0,0,1,0,0,0,0,1,0
2023-08-05 01:00:00,0,2,146,11,0,17.5,5.5,9.2,0,0,1,0,0,0,0,1,0
2023-08-05 03:00:00,0,4,178,5,0,17.5,5.5,9.2,0,0,1,0,0,0,0,1,0
2023-08-05 04:00:00,0,5,8,3,0,17.5,5.5,9.2,0,0,1,0,0,0,0,1,0
2023-08-06 17:00:00,25,18,614,2,0,20.0,5.5,3.0,0,0,0,1,0,0,0,1,0
2023-08-06 16:00:00,21,17,1483,5,0,20.0,5.5,3.0,0,0,0,1,0,0,0,1,0
2023-08-06 14:00:00,19,15,2451,14,0,20.0,5.5,3.0,0,0,0,1,0,0,0,1,0
2023-08-06 15:00:00,19,16,2138,4,0,20.0,5.5,3.0,0,0,0,1,0,0,0,1,0
2023-08-06 12:00:00,18,13,2306,12,0,20.0,5.5,3.0,0,0,0,1,0,0,0,1,0
2023-08-06 10:00:00,18,11,709,3,0,20.0,5.5,3.0,0,0,0,1,0,0,0,1,0
2023-08-06 13:00:00,13,14,2380,6,0,20.0,5.5,3.0,0,0,0,1,0,0,0,1,0
2023-08-06 11:00:00,12,12,1539,17,0,20.0,5.5,3.0,0,0,0,1,0,0,0,1,0
2023-08-06 18:00:00,7,19,298,3,0,20.0,5.5,3.0,0,0,0,1,0,0,0,1,0
2023-08-06 22:00:00,5,23,214,31,0,20.0,5.5,3.0,0,0,0,1,0,0,0,1,0
2023-08-06 20:00:00,4,21,230,13,0,20.0,5.5,3.0,0,0,0,1,0,0,0,1,0
2023-08-06 19:00:00,4,20,243,7,0,20.0,5.5,3.0,0,0,0,1,0,0,0,1,0
2023-08-06 09:00:00,4,10,234,2,0,20.0,5.5,3.0,0,0,0,1,0,0,0,1,0
2023-08-06 08:00:00,4,9,70,2,0,20.0,5.5,3.0,0,0,0,1,0,0,0,1,0
2023-08-06 07:00:00,2,8,76,7,0,20.0,5.5,3.0,0,0,0,1,0,0,0,1,0
2023-08-06 06:00:00,2,7,29,4,0,20.0,5.5,3.0,0,0,0,1,0,0,0,1,0
2023-08-06 05:00:00,1,6,11,2,0,20.0,5.5,3.0,0,0,0,1,0,0,0,1,0
2023-08-06 00:00:00,0,1,190,94,0,20.0,5.5,3.0,0,0,0,1,0,0,0,1,0
2023-08-06 01:00:00,0,2,80,91,0,20.0,5.5,3.0,0,0,0,1,0,0,0,1,0
2023-08-06 02:00:00,0,3,85,73,0,20.0,5.5,3.0,0,0,0,1,0,0,0,1,0
2023-08-06 03:00:00,0,4,62,61,0,20.0,5.5,3.0,0,0,0,1,0,0,0,1,0
2023-08-06 04:00:00,0,5,14,37,0,20.0,5.5,3.0,0,0,0,1,0,0,0,1,0
2023-08-06 23:00:00,0,0,45,5,0,20.0,5.5,3.0,0,0,0,1,0,0,0,1,0
2023-08-06 21:00:00,0,22,147,3,0,20.0,5.5,3.0,0,0,0,1,0,0,0,1,0
2023-08-07 11:00:00,28,12,2939,12,1,19.9,9.5,0.0,0,1,0,0,0,0,0,1,0
2023-08-07 10:00:00,23,11,1992,15,1,19.9,9.5,0.0,0,1,0,0,0,0,0,1,0
2023-08-07 17:00:00,20,18,1433,4,1,19.9,9.5,0.0,0,1,0,0,0,0,0,1,0
2023-08-07 14:00:00,18,15,3372,20,1,19.9,9.5,0.0,0,1,0,0,0,0,0,1,0
2023-08-07 12:00:00,17,13,3426,23,1,19.9,9.5,0.0,0,1,0,0,0,0,0,1,0
2023-08-07 13:00:00,16,14,3817,24,1,19.9,9.5,0.0,0,1,0,0,0,0,0,1,0
2023-08-07 16:00:00,16,17,2165,11,1,19.9,9.5,0.0,0,1,0,0,0,0,0,1,0
2023-08-07 09:00:00,15,10,1089,19,1,19.9,9.5,0.0,0,1,0,0,0,0,0,1,0
2023-08-07 18:00:00,15,19,501,4,1,19.9,9.5,0.0,0,1,0,0,0,0,0,1,0
2023-08-07 20:00:00,15,21,431,1,1,19.9,9.5,0.0,0,1,0,0,0,0,0,1,0
2023-08-07 21:00:00,14,22,270,7,1,19.9,9.5,0.0,0,1,0,0,0,0,0,1,0
2023-08-07 15:00:00,13,16,2793,16,1,19.9,9.5,0.0,0,1,0,0,0,0,0,1,0
2023-08-07 19:00:00,10,20,481,1,1,19.9,9.5,0.0,0,1,0,0,0,0,0,1,0
2023-08-22 19:00:00,5,20,257,6,0,18.0,15.6,0.7,0,0,0,0,0,1,0,1,0
2023-08-22 06:00:00,2,7,59,4,0,18.0,15.6,0.7,0,0,0,0,0,1,0,1,0
2023-08-22 21:00:00,2,22,173,0,0,18.0,15.6,0.7,0,0,0,0,0,1,0,1,0
2023-08-22 04:00:00,1,5,11,1,0,18.0,15.6,0.7,0,0,0,0,0,1,0,1,0
2023-08-22 03:00:00,0,4,7,2,0,18.0,15.6,0.7,0,0,0,0,0,1,0,1,0
2023-08-22 22:00:00,0,23,114,0,0,18.0,15.6,0.7,0,0,0,0,0,1,0,1,0
2023-08-22 23:00:00,0,0,36,0,0,18.0,15.6,0.7,0,0,0,0,0,1,0,1,0
2023-08-22 00:00:00,0,1,23,0,0,18.0,15.6,0.7,0,0,0,0,0,1,0,1,0
2023-08-22 05:00:00,0,6,17,0,0,18.0,15.6,0.7,0,0,0,0,0,1,0,1,0
2023-08-22 01:00:00,0,2,15,0,0,18.0,15.6,0.7,0,0,0,0,0,1,0,1,0
2023-08-22 02:00:00,0,3,10,0,0,18.0,15.6,0.7,0,0,0,0,0,1,0,1,0
2023-08-23 16:00:00,34,17,1804,10,0,19.5,9.3,3.6,0,0,0,0,0,0,1,1,0
2023-08-26 00:00:00,0,1,129,92,0,18.3,5.5,0.8,0,0,1,0,0,0,0,1,0
2023-08-23 11:00:00,29,12,2317,23,0,19.5,9.3,3.6,0,0,0,0,0,0,1,1,0
2023-08-23 17:00:00,28,18,1130,5,0,19.5,9.3,3.6,0,0,0,0,0,0,1,1,0
2023-08-23 14:00:00,18,15,2362,17,0,19.5,9.3,3.6,0,0,0,0,0,0,1,1,0
2023-08-23 12:00:00,17,13,2960,14,0,19.5,9.3,3.6,0,0,0,0,0,0,1,1,0
2023-08-23 15:00:00,17,16,1562,14,0,19.5,9.3,3.6,0,0,0,0,0,0,1,1,0
2023-08-23 13:00:00,14,14,2713,20,0,19.5,9.3,3.6,0,0,0,0,0,0,1,1,0
2023-08-23 08:00:00,11,9,698,10,0,19.5,9.3,3.6,0,0,0,0,0,0,1,1,0
2023-08-23 10:00:00,9,11,1973,26,0,19.5,9.3,3.6,0,0,0,0,0,0,1,1,0
2023-08-23 09:00:00,8,10,1205,11,0,19.5,9.3,3.6,0,0,0,0,0,0,1,1,0
2023-08-23 07:00:00,8,8,199,7,0,19.5,9.3,3.6,0,0,0,0,0,0,1,1,0
2023-08-23 19:00:00,6,20,478,67,0,19.5,9.3,3.6,0,0,0,0,0,0,1,1,0
2023-08-23 18:00:00,5,19,524,37,0,19.5,9.3,3.6,0,0,0,0,0,0,1,1,0
2023-08-23 20:00:00,4,21,399,68,0,19.5,9.3,3.6,0,0,0,0,0,0,1,1,0
2023-08-23 06:00:00,4,7,38,12,0,19.5,9.3,3.6,0,0,0,0,0,0,1,1,0
2023-08-23 21:00:00,3,22,251,51,0,19.5,9.3,3.6,0,0,0,0,0,0,1,1,0
2023-08-23 00:00:00,1,1,48,0,0,19.5,9.3,3.6,0,0,0,0,0,0,1,1,0
2023-08-23 22:00:00,0,23,184,66,0,19.5,9.3,3.6,0,0,0,0,0,0,1,1,0
2023-08-23 23:00:00,0,0,96,44,0,19.5,9.3,3.6,0,0,0,0,0,0,1,1,0
2023-08-23 03:00:00,0,4,4,3,0,19.5,9.3,3.6,0,0,0,0,0,0,1,1,0
2023-08-23 05:00:00,0,6,26,1,0,19.5,9.3,3.6,0,0,0,0,0,0,1,1,0
2023-08-23 02:00:00,0,3,17,1,0,19.5,9.3,3.6,0,0,0,0,0,0,1,1,0
2023-08-23 01:00:00,0,2,14,1,0,19.5,9.3,3.6,0,0,0,0,0,0,1,1,0
2023-08-23 04:00:00,0,5,6,0,0,19.5,9.3,3.6,0,0,0,0,0,0,1,1,0
2023-08-24 12:00:00,48,13,3006,22,0,17.9,12.1,0.0,0,0,0,0,1,0,0,1,0
2023-08-24 15:00:00,37,16,1779,13,0,17.9,12.1,0.0,0,0,0,0,1,0,0,1,0
2023-08-24 14:00:00,34,15,3040,11,0,17.9,12.1,0.0,0,0,0,0,1,0,0,1,0
2023-08-24 11:00:00,28,12,2288,7,0,17.9,12.1,0.0,0,0,0,0,1,0,0,1,0
2023-08-24 13:00:00,26,14,3487,14,0,17.9,12.1,0.0,0,0,0,0,1,0,0,1,0
2023-08-24 10:00:00,24,11,1876,9,0,17.9,12.1,0.0,0,0,0,0,1,0,0,1,0
2023-08-24 16:00:00,22,17,1193,2,0,17.9,12.1,0.0,0,0,0,0,1,0,0,1,0
2023-08-24 18:00:00,16,19,266,4,0,17.9,12.1,0.0,0,0,0,0,1,0,0,1,0
2023-08-24 09:00:00,15,10,1194,12,0,17.9,12.1,0.0,0,0,0,0,1,0,0,1,0
2023-08-24 19:00:00,10,20,513,62,0,17.9,12.1,0.0,0,0,0,0,1,0,0,1,0
2023-08-24 17:00:00,9,18,490,3,0,17.9,12.1,0.0,0,0,0,0,1,0,0,1,0
2023-08-24 20:00:00,5,21,606,96,0,17.9,12.1,0.0,0,0,0,0,1,0,0,1,0
2023-08-24 21:00:00,4,22,459,79,0,17.9,12.1,0.0,0,0,0,0,1,0,0,1,0
2023-08-24 22:00:00,3,23,251,58,0,17.9,12.1,0.0,0,0,0,0,1,0,0,1,0
2023-08-24 06:00:00,3,7,71,30,0,17.9,12.1,0.0,0,0,0,0,1,0,0,1,0
2023-08-18 10:00:00,21,11,2572,11,0,20.9,13.2,9.7,1,0,0,0,0,0,0,1,0
2023-08-20 11:00:00,7,12,1519,47,0,21.5,14.0,0.0,0,0,0,1,0,0,0,1,0
2023-08-20 19:00:00,4,20,236,6,0,21.5,14.0,0.0,0,0,0,1,0,0,0,1,0
2023-08-26 01:00:00,0,2,107,86,0,18.3,5.5,0.8,0,0,1,0,0,0,0,1,0
2023-08-30 05:00:00,0,6,38,0,0,17.9,7.7,0.0,0,0,0,0,0,0,1,1,0
2023-08-18 14:00:00,20,15,3603,19,0,20.9,13.2,9.7,1,0,0,0,0,0,0,1,0
2023-08-20 20:00:00,4,21,184,0,0,21.5,14.0,0.0,0,0,0,1,0,0,0,1,0
2023-08-26 02:00:00,0,3,79,55,0,18.3,5.5,0.8,0,0,1,0,0,0,0,1,0
2023-08-30 00:00:00,0,1,23,0,0,17.9,7.7,0.0,0,0,0,0,0,0,1,1,0
2023-08-18 17:00:00,20,18,1573,14,0,20.9,13.2,9.7,1,0,0,0,0,0,0,1,0
2023-08-20 08:00:00,3,9,28,3,0,21.5,14.0,0.0,0,0,0,1,0,0,0,1,0
2023-08-26 03:00:00,0,4,96,54,0,18.3,5.5,0.8,0,0,1,0,0,0,0,1,0
2023-08-30 04:00:00,0,5,11,0,0,17.9,7.7,0.0,0,0,0,0,0,0,1,1,0
2023-08-18 12:00:00,19,13,3320,9,0,20.9,13.2,9.7,1,0,0,0,0,0,0,1,0
2023-08-20 22:00:00,2,23,62,0,0,21.5,14.0,0.0,0,0,0,1,0,0,0,1,0
2023-08-26 04:00:00,0,5,37,21,0,18.3,5.5,0.8,0,0,1,0,0,0,0,1,0
2023-08-31 16:00:00,37,17,1966,17,0,17.8,7.5,0.0,0,0,0,0,1,0,0,1,0
2023-08-18 09:00:00,18,10,1395,38,0,20.9,13.2,9.7,1,0,0,0,0,0,0,1,0
2023-08-20 21:00:00,0,22,144,1,0,21.5,14.0,0.0,0,0,0,1,0,0,0,1,0
2023-08-26 06:00:00,0,7,23,9,0,18.3,5.5,0.8,0,0,1,0,0,0,0,1,0
2023-08-26 05:00:00,0,6,30,0,0,18.3,5.5,0.8,0,0,1,0,0,0,0,1,0
2023-08-27 12:00:00,42,13,1882,6,0,18.6,5.5,4.8,0,0,0,1,0,0,0,1,0
2023-08-27 15:00:00,23,16,1631,11,0,18.6,5.5,4.8,0,0,0,1,0,0,0,1,0
2023-08-27 16:00:00,23,17,1442,10,0,18.6,5.5,4.8,0,0,0,1,0,0,0,1,0
2023-08-27 13:00:00,15,14,1580,15,0,18.6,5.5,4.8,0,0,0,1,0,0,0,1,0
2023-08-27 14:00:00,12,15,1451,25,0,18.6,5.5,4.8,0,0,0,1,0,0,0,1,0
2023-08-27 11:00:00,12,12,1526,14,0,18.6,5.5,4.8,0,0,0,1,0,0,0,1,0
2023-08-27 18:00:00,11,19,596,80,0,18.6,5.5,4.8,0,0,0,1,0,0,0,1,0
2023-08-27 19:00:00,9,20,449,86,0,18.6,5.5,4.8,0,0,0,1,0,0,0,1,0
2023-08-27 20:00:00,9,21,440,73,0,18.6,5.5,4.8,0,0,0,1,0,0,0,1,0
2023-08-27 17:00:00,6,18,922,35,0,18.6,5.5,4.8,0,0,0,1,0,0,0,1,0
2023-08-27 09:00:00,6,10,250,5,0,18.6,5.5,4.8,0,0,0,1,0,0,0,1,0
2023-08-27 10:00:00,6,11,737,2,0,18.6,5.5,4.8,0,0,0,1,0,0,0,1,0
2023-08-27 21:00:00,4,22,319,63,0,18.6,5.5,4.8,0,0,0,1,0,0,0,1,0
2023-08-27 00:00:00,3,1,291,93,0,18.6,5.5,4.8,0,0,0,1,0,0,0,1,0
2023-08-27 02:00:00,1,3,144,101,0,18.6,5.5,4.8,0,0,0,1,0,0,0,1,0
2023-08-27 22:00:00,1,23,180,57,0,18.6,5.5,4.8,0,0,0,1,0,0,0,1,0
2023-08-27 01:00:00,0,2,75,79,0,18.6,5.5,4.8,0,0,0,1,0,0,0,1,0
2023-08-27 23:00:00,0,0,85,68,0,18.6,5.5,4.8,0,0,0,1,0,0,0,1,0
2023-08-27 03:00:00,0,4,58,42,0,18.6,5.5,4.8,0,0,0,1,0,0,0,1,0
2023-08-27 07:00:00,0,8,52,8,0,18.6,5.5,4.8,0,0,0,1,0,0,0,1,0
2023-08-27 08:00:00,0,9,107,7,0,18.6,5.5,4.8,0,0,0,1,0,0,0,1,0
2023-08-27 05:00:00,0,6,16,2,0,18.6,5.5,4.8,0,0,0,1,0,0,0,1,0
2023-08-27 06:00:00,0,7,24,1,0,18.6,5.5,4.8,0,0,0,1,0,0,0,1,0
2023-08-27 04:00:00,0,5,14,0,0,18.6,5.5,4.8,0,0,0,1,0,0,0,1,0
2023-08-28 13:00:00,47,14,3064,12,0,18.2,8.5,0.0,0,1,0,0,0,0,0,1,0
2023-08-28 16:00:00,25,17,1817,8,0,18.2,8.5,0.0,0,1,0,0,0,0,0,1,0
2023-08-28 14:00:00,24,15,2781,16,0,18.2,8.5,0.0,0,1,0,0,0,0,0,1,0
2023-08-28 15:00:00,20,16,2406,14,0,18.2,8.5,0.0,0,1,0,0,0,0,0,1,0
2023-08-28 10:00:00,19,11,2106,18,0,18.2,8.5,0.0,0,1,0,0,0,0,0,1,0
2023-08-28 12:00:00,17,13,2938,26,0,18.2,8.5,0.0,0,1,0,0,0,0,0,1,0
2023-08-28 19:00:00,15,20,213,4,0,18.2,8.5,0.0,0,1,0,0,0,0,0,1,0
2023-08-28 11:00:00,13,12,2529,13,0,18.2,8.5,0.0,0,1,0,0,0,0,0,1,0
2023-08-28 09:00:00,11,10,1227,18,0,18.2,8.5,0.0,0,1,0,0,0,0,0,1,0
2023-08-28 18:00:00,10,19,416,8,0,18.2,8.5,0.0,0,1,0,0,0,0,0,1,0
2023-08-28 17:00:00,10,18,1293,6,0,18.2,8.5,0.0,0,1,0,0,0,0,0,1,0
2023-08-28 08:00:00,7,9,592,12,0,18.2,8.5,0.0,0,1,0,0,0,0,0,1,0
2023-08-28 07:00:00,7,8,200,10,0,18.2,8.5,0.0,0,1,0,0,0,0,0,1,0
2023-08-28 20:00:00,5,21,145,7,0,18.2,8.5,0.0,0,1,0,0,0,0,0,1,0
2023-08-28 00:00:00,3,1,75,53,0,18.2,8.5,0.0,0,1,0,0,0,0,0,1,0
2023-08-28 06:00:00,2,7,125,39,0,18.2,8.5,0.0,0,1,0,0,0,0,0,1,0
2023-08-28 21:00:00,2,22,172,8,0,18.2,8.5,0.0,0,1,0,0,0,0,0,1,0
2023-08-28 02:00:00,1,3,40,32,0,18.2,8.5,0.0,0,1,0,0,0,0,0,1,0
2023-08-28 05:00:00,1,6,39,24,0,18.2,8.5,0.0,0,1,0,0,0,0,0,1,0
2023-08-31 17:00:00,29,18,1388,8,0,17.8,7.5,0.0,0,0,0,0,1,0,0,1,0
2023-08-18 15:00:00,15,16,3223,9,0,20.9,13.2,9.7,1,0,0,0,0,0,0,1,0
2023-08-31 12:00:00,22,13,3685,18,0,17.8,7.5,0.0,0,0,0,0,1,0,0,1,0
2023-08-20 03:00:00,0,4,23,1,0,21.5,14.0,0.0,0,0,0,1,0,0,0,1,0
2023-08-18 16:00:00,12,17,2764,18,0,20.9,13.2,9.7,1,0,0,0,0,0,0,1,0
2023-08-31 15:00:00,21,16,2119,27,0,17.8,7.5,0.0,0,0,0,0,1,0,0,1,0
2023-08-20 07:00:00,0,8,19,1,0,21.5,14.0,0.0,0,0,0,1,0,0,0,1,0
2023-08-18 08:00:00,12,9,613,14,0,20.9,13.2,9.7,1,0,0,0,0,0,0,1,0
2023-08-31 11:00:00,15,12,3006,19,0,17.8,7.5,0.0,0,0,0,0,1,0,0,1,0
2023-08-20 23:00:00,0,0,65,0,0,21.5,14.0,0.0,0,0,0,1,0,0,0,1,0
2023-08-24 08:00:00,3,9,684,12,0,17.9,12.1,0.0,0,0,0,0,1,0,0,1,0
2023-08-18 18:00:00,12,19,412,12,0,20.9,13.2,9.7,1,0,0,0,0,0,0,1,0
2023-08-18 13:00:00,9,14,3674,13,0,20.9,13.2,9.7,1,0,0,0,0,0,0,1,0
2023-08-18 06:00:00,7,7,87,5,0,20.9,13.2,9.7,1,0,0,0,0,0,0,1,0
2023-08-18 11:00:00,4,12,2090,7,0,20.9,13.2,9.7,1,0,0,0,0,0,0,1,0
2023-08-18 19:00:00,4,20,267,6,0,20.9,13.2,9.7,1,0,0,0,0,0,0,1,0
2023-08-18 21:00:00,3,22,337,51,0,20.9,13.2,9.7,1,0,0,0,0,0,0,1,0
2023-08-18 00:00:00,3,1,95,32,0,20.9,13.2,9.7,1,0,0,0,0,0,0,1,0
2023-08-18 07:00:00,3,8,303,25,0,20.9,13.2,9.7,1,0,0,0,0,0,0,1,0
2023-08-18 20:00:00,3,21,214,11,0,20.9,13.2,9.7,1,0,0,0,0,0,0,1,0
2023-08-18 02:00:00,1,3,15,0,0,20.9,13.2,9.7,1,0,0,0,0,0,0,1,0
2023-08-18 23:00:00,0,0,195,103,0,20.9,13.2,9.7,1,0,0,0,0,0,0,1,0
2023-08-18 22:00:00,0,23,256,97,0,20.9,13.2,9.7,1,0,0,0,0,0,0,1,0
2023-08-18 01:00:00,0,2,28,11,0,20.9,13.2,9.7,1,0,0,0,0,0,0,1,0
2023-08-18 04:00:00,0,5,9,2,0,20.9,13.2,9.7,1,0,0,0,0,0,0,1,0
2023-08-18 03:00:00,0,4,8,2,0,20.9,13.2,9.7,1,0,0,0,0,0,0,1,0
2023-08-18 05:00:00,0,6,22,1,0,20.9,13.2,9.7,1,0,0,0,0,0,0,1,0
2023-08-19 09:00:00,3,10,472,14,0,21.8,13.4,0.0,0,0,1,0,0,0,0,1,0
2023-08-19 18:00:00,3,19,97,1,0,21.8,13.4,0.0,0,0,1,0,0,0,0,1,0
2023-08-19 08:00:00,1,9,106,9,0,21.8,13.4,0.0,0,0,1,0,0,0,0,1,0
2023-08-19 10:00:00,1,11,196,4,0,21.8,13.4,0.0,0,0,1,0,0,0,0,1,0
2023-08-19 14:00:00,1,15,626,1,0,21.8,13.4,0.0,0,0,1,0,0,0,0,1,0
2023-08-19 23:00:00,1,0,84,0,0,21.8,13.4,0.0,0,0,1,0,0,0,0,1,0
2023-08-19 01:00:00,0,2,51,76,0,21.8,13.4,0.0,0,0,1,0,0,0,0,1,0
2023-08-19 00:00:00,0,1,82,68,0,21.8,13.4,0.0,0,0,1,0,0,0,0,1,0
2023-08-19 02:00:00,0,3,47,57,0,21.8,13.4,0.0,0,0,1,0,0,0,0,1,0
2023-08-19 03:00:00,0,4,17,30,0,21.8,13.4,0.0,0,0,1,0,0,0,0,1,0
2023-08-19 04:00:00,0,5,5,22,0,21.8,13.4,0.0,0,0,1,0,0,0,0,1,0
2023-08-19 06:00:00,0,7,15,3,0,21.8,13.4,0.0,0,0,1,0,0,0,0,1,0
2023-08-19 21:00:00,0,22,130,1,0,21.8,13.4,0.0,0,0,1,0,0,0,0,1,0
2023-08-19 05:00:00,0,6,5,1,0,21.8,13.4,0.0,0,0,1,0,0,0,0,1,0
2023-08-19 17:00:00,0,18,94,0,0,21.8,13.4,0.0,0,0,1,0,0,0,0,1,0
2023-08-19 22:00:00,0,23,78,0,0,21.8,13.4,0.0,0,0,1,0,0,0,0,1,0
2023-08-19 13:00:00,0,14,33,0,0,21.8,13.4,0.0,0,0,1,0,0,0,0,1,0
2023-08-19 20:00:00,0,21,33,0,0,21.8,13.4,0.0,0,0,1,0,0,0,0,1,0
2023-08-20 14:00:00,24,15,2199,12,0,21.5,14.0,0.0,0,0,0,1,0,0,0,1,0
2023-08-20 17:00:00,23,18,560,7,0,21.5,14.0,0.0,0,0,0,1,0,0,0,1,0
2023-08-20 16:00:00,20,17,1620,9,0,21.5,14.0,0.0,0,0,0,1,0,0,0,1,0
2023-08-20 12:00:00,18,13,1950,39,0,21.5,14.0,0.0,0,0,0,1,0,0,0,1,0
2023-08-20 15:00:00,18,16,2061,7,0,21.5,14.0,0.0,0,0,0,1,0,0,0,1,0
2023-08-20 13:00:00,14,14,1699,6,0,21.5,14.0,0.0,0,0,0,1,0,0,0,1,0
2023-08-20 18:00:00,14,19,281,4,0,21.5,14.0,0.0,0,0,0,1,0,0,0,1,0
2023-08-20 10:00:00,8,11,129,0,0,21.5,14.0,0.0,0,0,0,1,0,0,0,1,0
2023-08-24 07:00:00,2,8,180,12,0,17.9,12.1,0.0,0,0,0,0,1,0,0,1,0
2023-08-20 02:00:00,0,3,31,0,0,21.5,14.0,0.0,0,0,0,1,0,0,0,1,0
2023-08-31 14:00:00,15,15,3093,13,0,17.8,7.5,0.0,0,0,0,0,1,0,0,1,0
2023-08-24 23:00:00,1,0,71,42,0,17.9,12.1,0.0,0,0,0,0,1,0,0,1,0
2023-08-20 01:00:00,0,2,29,0,0,21.5,14.0,0.0,0,0,0,1,0,0,0,1,0
2023-08-31 18:00:00,10,19,477,10,0,17.8,7.5,0.0,0,0,0,0,1,0,0,1,0
2023-08-24 01:00:00,1,2,24,26,0,17.9,12.1,0.0,0,0,0,0,1,0,0,1,0
2023-08-20 00:00:00,0,1,24,0,0,21.5,14.0,0.0,0,0,0,1,0,0,0,1,0
2023-08-31 08:00:00,9,9,689,10,0,17.8,7.5,0.0,0,0,0,0,1,0,0,1,0
2023-08-24 00:00:00,0,1,28,29,0,17.9,12.1,0.0,0,0,0,0,1,0,0,1,0
2023-08-20 06:00:00,0,7,6,0,0,21.5,14.0,0.0,0,0,0,1,0,0,0,1,0
2023-08-31 19:00:00,9,20,311,10,0,17.8,7.5,0.0,0,0,0,0,1,0,0,1,0
2023-08-24 02:00:00,0,3,8,27,0,17.9,12.1,0.0,0,0,0,0,1,0,0,1,0
2023-08-24 05:00:00,0,6,24,11,0,17.9,12.1,0.0,0,0,0,0,1,0,0,1,0
2023-08-24 04:00:00,0,5,13,11,0,17.9,12.1,0.0,0,0,0,0,1,0,0,1,0
2023-08-24 03:00:00,0,4,6,9,0,17.9,12.1,0.0,0,0,0,0,1,0,0,1,0
2023-08-25 12:00:00,34,13,3000,22,0,18.5,8.9,0.0,1,0,0,0,0,0,0,1,0
2023-08-25 14:00:00,21,15,2653,13,0,18.5,8.9,0.0,1,0,0,0,0,0,0,1,0
2023-08-25 13:00:00,17,14,2802,17,0,18.5,8.9,0.0,1,0,0,0,0,0,0,1,0
2023-08-25 11:00:00,15,12,2616,10,0,18.5,8.9,0.0,1,0,0,0,0,0,0,1,0
2023-08-25 17:00:00,13,18,1446,16,0,18.5,8.9,0.0,1,0,0,0,0,0,0,1,0
2023-08-25 19:00:00,12,20,784,115,0,18.5,8.9,0.0,1,0,0,0,0,0,0,1,0
2023-08-25 16:00:00,12,17,2311,9,0,18.5,8.9,0.0,1,0,0,0,0,0,0,1,0
2023-08-25 09:00:00,10,10,1410,18,0,18.5,8.9,0.0,1,0,0,0,0,0,0,1,0
2023-08-25 10:00:00,10,11,2295,16,0,18.5,8.9,0.0,1,0,0,0,0,0,0,1,0
2023-08-25 15:00:00,10,16,2741,6,0,18.5,8.9,0.0,1,0,0,0,0,0,0,1,0
2023-08-25 07:00:00,8,8,295,55,0,18.5,8.9,0.0,1,0,0,0,0,0,0,1,0
2023-08-25 18:00:00,8,19,575,22,0,18.5,8.9,0.0,1,0,0,0,0,0,0,1,0
2023-08-25 08:00:00,7,9,771,20,0,18.5,8.9,0.0,1,0,0,0,0,0,0,1,0
2023-08-25 20:00:00,3,21,664,99,0,18.5,8.9,0.0,1,0,0,0,0,0,0,1,0
2023-08-25 01:00:00,3,2,28,22,0,18.5,8.9,0.0,1,0,0,0,0,0,0,1,0
2023-08-25 21:00:00,2,22,629,100,0,18.5,8.9,0.0,1,0,0,0,0,0,0,1,0
2023-08-25 23:00:00,2,0,136,97,0,18.5,8.9,0.0,1,0,0,0,0,0,0,1,0
2023-08-25 00:00:00,2,1,45,27,0,18.5,8.9,0.0,1,0,0,0,0,0,0,1,0
2023-08-25 22:00:00,1,23,342,86,0,18.5,8.9,0.0,1,0,0,0,0,0,0,1,0
2023-08-25 06:00:00,1,7,63,30,0,18.5,8.9,0.0,1,0,0,0,0,0,0,1,0
2023-08-25 02:00:00,0,3,31,28,0,18.5,8.9,0.0,1,0,0,0,0,0,0,1,0
2023-08-25 05:00:00,0,6,26,22,0,18.5,8.9,0.0,1,0,0,0,0,0,0,1,0
2023-08-25 03:00:00,0,4,27,15,0,18.5,8.9,0.0,1,0,0,0,0,0,0,1,0
2023-08-25 04:00:00,0,5,10,8,0,18.5,8.9,0.0,1,0,0,0,0,0,0,1,0
2023-08-26 13:00:00,23,14,3049,11,0,18.3,5.5,0.8,0,0,1,0,0,0,0,1,0
2023-08-26 14:00:00,21,15,3790,12,0,18.3,5.5,0.8,0,0,1,0,0,0,0,1,0
2023-08-26 16:00:00,21,17,2415,6,0,18.3,5.5,0.8,0,0,1,0,0,0,0,1,0
2023-08-26 15:00:00,20,16,2605,9,0,18.3,5.5,0.8,0,0,1,0,0,0,0,1,0
2023-08-26 10:00:00,17,11,2520,67,0,18.3,5.5,0.8,0,0,1,0,0,0,0,1,0
2023-08-26 17:00:00,17,18,1542,6,0,18.3,5.5,0.8,0,0,1,0,0,0,0,1,0
2023-08-26 18:00:00,15,19,402,11,0,18.3,5.5,0.8,0,0,1,0,0,0,0,1,0
2023-08-26 11:00:00,14,12,2631,12,0,18.3,5.5,0.8,0,0,1,0,0,0,0,1,0
2023-08-26 12:00:00,12,13,2559,7,0,18.3,5.5,0.8,0,0,1,0,0,0,0,1,0
2023-08-26 09:00:00,6,10,1314,30,0,18.3,5.5,0.8,0,0,1,0,0,0,0,1,0
2023-08-26 22:00:00,5,23,262,117,0,18.3,5.5,0.8,0,0,1,0,0,0,0,1,0
2023-08-26 20:00:00,5,21,711,84,0,18.3,5.5,0.8,0,0,1,0,0,0,0,1,0
2023-08-26 08:00:00,5,9,528,4,0,18.3,5.5,0.8,0,0,1,0,0,0,0,1,0
2023-08-26 21:00:00,4,22,425,123,0,18.3,5.5,0.8,0,0,1,0,0,0,0,1,0
2023-08-26 07:00:00,3,8,88,3,0,18.3,5.5,0.8,0,0,1,0,0,0,0,1,0
2023-08-26 23:00:00,2,0,163,94,0,18.3,5.5,0.8,0,0,1,0,0,0,0,1,0
2023-08-26 19:00:00,2,20,376,39,0,18.3,5.5,0.8,0,0,1,0,0,0,0,1,0
2023-08-21 13:00:00,25,14,2557,15,0,21.4,14.3,0.6,0,1,0,0,0,0,0,1,0
2023-08-31 13:00:00,8,14,3735,15,0,17.8,7.5,0.0,0,0,0,0,1,0,0,1,0
2023-08-31 09:00:00,6,10,1366,10,0,17.8,7.5,0.0,0,0,0,0,1,0,0,1,0
2023-08-21 16:00:00,23,17,1913,11,0,21.4,14.3,0.6,0,1,0,0,0,0,0,1,0
2023-08-31 10:00:00,5,11,1894,16,0,17.8,7.5,0.0,0,0,0,0,1,0,0,1,0
2023-08-21 15:00:00,19,16,2136,9,0,21.4,14.3,0.6,0,1,0,0,0,0,0,1,0
2023-08-31 07:00:00,4,8,165,7,0,17.8,7.5,0.0,0,0,0,0,1,0,0,1,0
2023-08-21 14:00:00,18,15,2605,17,0,21.4,14.3,0.6,0,1,0,0,0,0,0,1,0
2023-08-31 20:00:00,2,21,218,4,0,17.8,7.5,0.0,0,0,0,0,1,0,0,1,0
2023-08-21 12:00:00,17,13,2577,14,0,21.4,14.3,0.6,0,1,0,0,0,0,0,1,0
2023-08-21 09:00:00,16,10,1273,28,0,21.4,14.3,0.6,0,1,0,0,0,0,0,1,0
2023-08-21 11:00:00,15,12,2465,22,0,21.4,14.3,0.6,0,1,0,0,0,0,0,1,0
2023-08-21 17:00:00,12,18,1248,7,0,21.4,14.3,0.6,0,1,0,0,0,0,0,1,0
2023-08-21 10:00:00,9,11,1978,18,0,21.4,14.3,0.6,0,1,0,0,0,0,0,1,0
2023-08-21 18:00:00,9,19,419,4,0,21.4,14.3,0.6,0,1,0,0,0,0,0,1,0
2023-08-21 19:00:00,9,20,319,1,0,21.4,14.3,0.6,0,1,0,0,0,0,0,1,0
2023-08-21 08:00:00,7,9,659,10,0,21.4,14.3,0.6,0,1,0,0,0,0,0,1,0
2023-08-21 07:00:00,5,8,167,7,0,21.4,14.3,0.6,0,1,0,0,0,0,0,1,0
2023-08-21 20:00:00,4,21,190,5,0,21.4,14.3,0.6,0,1,0,0,0,0,0,1,0
2023-08-21 23:00:00,2,0,58,1,0,21.4,14.3,0.6,0,1,0,0,0,0,0,1,0
2023-08-21 06:00:00,1,7,46,6,0,21.4,14.3,0.6,0,1,0,0,0,0,0,1,0
2023-08-21 00:00:00,1,1,26,2,0,21.4,14.3,0.6,0,1,0,0,0,0,0,1,0
2023-08-21 22:00:00,0,23,154,3,0,21.4,14.3,0.6,0,1,0,0,0,0,0,1,0
2023-08-21 02:00:00,0,3,15,2,0,21.4,14.3,0.6,0,1,0,0,0,0,0,1,0
2023-08-21 21:00:00,0,22,208,1,0,21.4,14.3,0.6,0,1,0,0,0,0,0,1,0
2023-08-21 05:00:00,0,6,24,1,0,21.4,14.3,0.6,0,1,0,0,0,0,0,1,0
2023-08-21 03:00:00,0,4,15,1,0,21.4,14.3,0.6,0,1,0,0,0,0,0,1,0
2023-08-21 01:00:00,0,2,37,0,0,21.4,14.3,0.6,0,1,0,0,0,0,0,1,0
2023-08-21 04:00:00,0,5,6,0,0,21.4,14.3,0.6,0,1,0,0,0,0,0,1,0
2023-08-22 13:00:00,32,14,2707,13,0,18.0,15.6,0.7,0,0,0,0,0,1,0,1,0
2023-08-22 14:00:00,23,15,2638,18,0,18.0,15.6,0.7,0,0,0,0,0,1,0,1,0
2023-08-22 12:00:00,23,13,2771,13,0,18.0,15.6,0.7,0,0,0,0,0,1,0,1,0
2023-08-22 11:00:00,22,12,2514,13,0,18.0,15.6,0.7,0,0,0,0,0,1,0,1,0
2023-08-22 16:00:00,21,17,1541,20,0,18.0,15.6,0.7,0,0,0,0,0,1,0,1,0
2023-08-22 18:00:00,15,19,362,7,0,18.0,15.6,0.7,0,0,0,0,0,1,0,1,0
2023-08-22 10:00:00,14,11,1925,10,0,18.0,15.6,0.7,0,0,0,0,0,1,0,1,0
2023-08-22 15:00:00,11,16,2448,16,0,18.0,15.6,0.7,0,0,0,0,0,1,0,1,0
2023-08-22 09:00:00,11,10,1225,13,0,18.0,15.6,0.7,0,0,0,0,0,1,0,1,0
2023-08-22 20:00:00,11,21,182,6,0,18.0,15.6,0.7,0,0,0,0,0,1,0,1,0
2023-08-22 17:00:00,11,18,1337,3,0,18.0,15.6,0.7,0,0,0,0,0,1,0,1,0
2023-08-22 08:00:00,9,9,704,6,0,18.0,15.6,0.7,0,0,0,0,0,1,0,1,0
2023-08-22 07:00:00,5,8,202,10,0,18.0,15.6,0.7,0,0,0,0,0,1,0,1,0
2023-08-28 22:00:00,1,23,59,2,0,18.2,8.5,0.0,0,1,0,0,0,0,0,1,0
2023-08-31 21:00:00,2,22,228,2,0,17.8,7.5,0.0,0,0,0,0,1,0,0,1,0
2023-08-28 23:00:00,1,0,51,2,0,18.2,8.5,0.0,0,1,0,0,0,0,0,1,0
2023-08-28 01:00:00,0,2,12,43,0,18.2,8.5,0.0,0,1,0,0,0,0,0,1,0
2023-08-28 03:00:00,0,4,2,25,0,18.2,8.5,0.0,0,1,0,0,0,0,0,1,0
2023-08-28 04:00:00,0,5,10,13,0,18.2,8.5,0.0,0,1,0,0,0,0,0,1,0
2023-08-29 13:00:00,42,14,2855,18,0,19.0,10.5,0.0,0,0,0,0,0,1,0,1,0
2023-08-29 16:00:00,31,17,2248,11,0,19.0,10.5,0.0,0,0,0,0,0,1,0,1,0
2023-08-29 12:00:00,26,13,2932,15,0,19.0,10.5,0.0,0,0,0,0,0,1,0,1,0
2023-08-29 17:00:00,23,18,1604,41,0,19.0,10.5,0.0,0,0,0,0,0,1,0,1,0
2023-08-29 09:00:00,22,10,1224,25,0,19.0,10.5,0.0,0,0,0,0,0,1,0,1,0
2023-08-29 14:00:00,22,15,2374,24,0,19.0,10.5,0.0,0,0,0,0,0,1,0,1,0
2023-08-29 15:00:00,19,16,2327,16,0,19.0,10.5,0.0,0,0,0,0,0,1,0,1,0
2023-08-29 11:00:00,19,12,2507,11,0,19.0,10.5,0.0,0,0,0,0,0,1,0,1,0
2023-08-29 10:00:00,18,11,2075,12,0,19.0,10.5,0.0,0,0,0,0,0,1,0,1,0
2023-08-29 19:00:00,9,20,290,29,0,19.0,10.5,0.0,0,0,0,0,0,1,0,1,0
2023-08-29 08:00:00,9,9,677,8,0,19.0,10.5,0.0,0,0,0,0,0,1,0,1,0
2023-08-29 20:00:00,6,21,484,48,0,19.0,10.5,0.0,0,0,0,0,0,1,0,1,0
2023-08-29 18:00:00,6,19,556,41,0,19.0,10.5,0.0,0,0,0,0,0,1,0,1,0
2023-08-29 22:00:00,2,23,198,17,0,19.0,10.5,0.0,0,0,0,0,0,1,0,1,0
2023-08-29 21:00:00,1,22,288,47,0,19.0,10.5,0.0,0,0,0,0,0,1,0,1,0
2023-08-29 07:00:00,1,8,278,16,0,19.0,10.5,0.0,0,0,0,0,0,1,0,1,0
2023-08-29 06:00:00,1,7,81,6,0,19.0,10.5,0.0,0,0,0,0,0,1,0,1,0
2023-08-29 23:00:00,1,0,56,2,0,19.0,10.5,0.0,0,0,0,0,0,1,0,1,0
2023-08-29 03:00:00,0,4,2,3,0,19.0,10.5,0.0,0,0,0,0,0,1,0,1,0
2023-08-29 05:00:00,0,6,29,1,0,19.0,10.5,0.0,0,0,0,0,0,1,0,1,0
2023-08-29 00:00:00,0,1,24,1,0,19.0,10.5,0.0,0,0,0,0,0,1,0,1,0
2023-08-29 01:00:00,0,2,3,1,0,19.0,10.5,0.0,0,0,0,0,0,1,0,1,0
2023-08-29 02:00:00,0,3,6,0,0,19.0,10.5,0.0,0,0,0,0,0,1,0,1,0
2023-08-29 04:00:00,0,5,6,0,0,19.0,10.5,0.0,0,0,0,0,0,1,0,1,0
2023-08-30 16:00:00,28,17,2541,54,0,17.9,7.7,0.0,0,0,0,0,0,0,1,1,0
2023-08-30 17:00:00,22,18,1993,84,0,17.9,7.7,0.0,0,0,0,0,0,0,1,1,0
2023-08-30 15:00:00,15,16,2980,73,0,17.9,7.7,0.0,0,0,0,0,0,0,1,1,0
2023-08-30 11:00:00,15,12,2552,13,0,17.9,7.7,0.0,0,0,0,0,0,0,1,1,0
2023-08-30 09:00:00,14,10,1307,24,0,17.9,7.7,0.0,0,0,0,0,0,0,1,1,0
2023-08-30 12:00:00,14,13,3285,16,0,17.9,7.7,0.0,0,0,0,0,0,0,1,1,0
2023-08-30 10:00:00,14,11,2103,15,0,17.9,7.7,0.0,0,0,0,0,0,0,1,1,0
2023-08-30 19:00:00,13,20,472,67,0,17.9,7.7,0.0,0,0,0,0,0,0,1,1,0
2023-08-30 14:00:00,12,15,3768,52,0,17.9,7.7,0.0,0,0,0,0,0,0,1,1,0
2023-08-30 13:00:00,10,14,3610,56,0,17.9,7.7,0.0,0,0,0,0,0,0,1,1,0
2023-08-30 21:00:00,7,22,337,46,0,17.9,7.7,0.0,0,0,0,0,0,0,1,1,0
2023-08-30 20:00:00,5,21,455,67,0,17.9,7.7,0.0,0,0,0,0,0,0,1,1,0
2023-08-30 08:00:00,5,9,637,13,0,17.9,7.7,0.0,0,0,0,0,0,0,1,1,0
2023-08-30 06:00:00,5,7,52,3,0,17.9,7.7,0.0,0,0,0,0,0,0,1,1,0
2023-08-30 18:00:00,3,19,826,82,0,17.9,7.7,0.0,0,0,0,0,0,0,1,1,0
2023-08-30 07:00:00,3,8,186,15,0,17.9,7.7,0.0,0,0,0,0,0,0,1,1,0
2023-08-30 22:00:00,1,23,99,25,0,17.9,7.7,0.0,0,0,0,0,0,0,1,1,0
2023-08-30 23:00:00,1,0,48,0,0,17.9,7.7,0.0,0,0,0,0,0,0,1,1,0
2023-08-30 01:00:00,1,2,20,0,0,17.9,7.7,0.0,0,0,0,0,0,0,1,1,0
2023-08-30 03:00:00,0,4,15,3,0,17.9,7.7,0.0,0,0,0,0,0,0,1,1,0
2023-08-30 02:00:00,0,3,13,1,0,17.9,7.7,0.0,0,0,0,0,0,0,1,1,0
2023-08-31 02:00:00,2,3,9,1,0,17.8,7.5,0.0,0,0,0,0,1,0,0,1,0
2023-08-31 06:00:00,1,7,53,1,0,17.8,7.5,0.0,0,0,0,0,1,0,0,1,0
2023-08-31 22:00:00,0,23,120,3,0,17.8,7.5,0.0,0,0,0,0,1,0,0,1,0
2023-08-31 04:00:00,0,5,2,2,0,17.8,7.5,0.0,0,0,0,0,1,0,0,1,0
2023-08-31 23:00:00,0,0,46,1,0,17.8,7.5,0.0,0,0,0,0,1,0,0,1,0
2023-08-31 05:00:00,0,6,26,0,0,17.8,7.5,0.0,0,0,0,0,1,0,0,1,0
2023-08-31 00:00:00,0,1,23,0,0,17.8,7.5,0.0,0,0,0,0,1,0,0,1,0
2023-08-31 01:00:00,0,2,13,0,0,17.8,7.5,0.0,0,0,0,0,1,0,0,1,0
2023-08-31 03:00:00,0,4,5,0,0,17.8,7.5,0.0,0,0,0,0,1,0,0,1,0
2023-12-02 12:00:00,6,13,2644,7,0,4.3,-4.8,0.0,0,0,1,0,0,0,0,0,1
2023-12-01 11:00:00,42,12,3288,19,0,-0.7,-3.2,0.0,1,0,0,0,0,0,0,0,1
2023-12-01 12:00:00,36,13,3620,28,0,-0.7,-3.2,0.0,1,0,0,0,0,0,0,0,1
2023-12-02 20:00:00,5,21,558,65,0,4.3,-4.8,0.0,0,0,1,0,0,0,0,0,1
2023-12-01 14:00:00,21,15,3701,13,0,-0.7,-3.2,0.0,1,0,0,0,0,0,0,0,1
2023-12-02 21:00:00,5,22,498,45,0,4.3,-4.8,0.0,0,0,1,0,0,0,0,0,1
2023-12-01 09:00:00,18,10,1860,20,0,-0.7,-3.2,0.0,1,0,0,0,0,0,0,0,1
2023-12-02 08:00:00,4,9,532,47,0,4.3,-4.8,0.0,0,0,1,0,0,0,0,0,1
2023-12-01 13:00:00,14,14,3674,6,0,-0.7,-3.2,0.0,1,0,0,0,0,0,0,0,1
2023-12-01 10:00:00,13,11,3348,15,0,-0.7,-3.2,0.0,1,0,0,0,0,0,0,0,1
2023-12-01 08:00:00,13,9,1011,13,0,-0.7,-3.2,0.0,1,0,0,0,0,0,0,0,1
2023-12-01 15:00:00,13,16,3528,11,0,-0.7,-3.2,0.0,1,0,0,0,0,0,0,0,1
2023-12-02 17:00:00,4,18,1236,3,0,4.3,-4.8,0.0,0,0,1,0,0,0,0,0,1
2023-12-02 22:00:00,3,23,359,53,0,4.3,-4.8,0.0,0,0,1,0,0,0,0,0,1
2023-12-02 23:00:00,0,0,214,77,0,4.3,-4.8,0.0,0,0,1,0,0,0,0,0,1
2023-12-02 03:00:00,0,4,87,62,0,4.3,-4.8,0.0,0,0,1,0,0,0,0,0,1
2023-12-02 00:00:00,0,1,104,61,0,4.3,-4.8,0.0,0,0,1,0,0,0,0,0,1
2023-12-02 01:00:00,0,2,99,53,0,4.3,-4.8,0.0,0,0,1,0,0,0,0,0,1
2023-12-02 02:00:00,0,3,42,51,0,4.3,-4.8,0.0,0,0,1,0,0,0,0,0,1
2023-12-02 07:00:00,0,8,134,28,0,4.3,-4.8,0.0,0,0,1,0,0,0,0,0,1
2023-12-02 04:00:00,0,5,12,17,0,4.3,-4.8,0.0,0,0,1,0,0,0,0,0,1
2023-12-02 06:00:00,0,7,36,16,0,4.3,-4.8,0.0,0,0,1,0,0,0,0,0,1
2023-12-01 21:00:00,1,22,372,58,0,-0.7,-3.2,0.0,1,0,0,0,0,0,0,0,1
2023-12-01 03:00:00,1,4,12,3,0,-0.7,-3.2,0.0,1,0,0,0,0,0,0,0,1
2023-12-01 22:00:00,0,23,303,63,0,-0.7,-3.2,0.0,1,0,0,0,0,0,0,0,1
2023-12-01 23:00:00,0,0,160,51,0,-0.7,-3.2,0.0,1,0,0,0,0,0,0,0,1
2023-12-02 05:00:00,0,6,39,13,0,4.3,-4.8,0.0,0,0,1,0,0,0,0,0,1
2023-12-03 14:00:00,26,15,4156,58,0,5.7,-4.2,11.1,0,0,0,1,0,0,0,0,1
2023-12-03 15:00:00,24,16,3823,56,0,5.7,-4.2,11.1,0,0,0,1,0,0,0,0,1
2023-12-03 13:00:00,24,14,3989,43,0,5.7,-4.2,11.1,0,0,0,1,0,0,0,0,1
2023-12-03 12:00:00,20,13,3952,54,0,5.7,-4.2,11.1,0,0,0,1,0,0,0,0,1
2023-12-03 11:00:00,9,12,2806,37,0,5.7,-4.2,11.1,0,0,0,1,0,0,0,0,1
2023-12-01 07:00:00,0,8,258,8,0,-0.7,-3.2,0.0,1,0,0,0,0,0,0,0,1
2023-12-01 18:00:00,0,19,399,7,0,-0.7,-3.2,0.0,1,0,0,0,0,0,0,0,1
2023-12-01 19:00:00,0,20,259,7,0,-0.7,-3.2,0.0,1,0,0,0,0,0,0,0,1
2023-12-01 00:00:00,0,1,42,6,0,-0.7,-3.2,0.0,1,0,0,0,0,0,0,0,1
2023-12-01 06:00:00,0,7,58,4,0,-0.7,-3.2,0.0,1,0,0,0,0,0,0,0,1
2023-12-01 02:00:00,0,3,8,3,0,-0.7,-3.2,0.0,1,0,0,0,0,0,0,0,1
2023-12-01 04:00:00,0,5,9,2,0,-0.7,-3.2,0.0,1,0,0,0,0,0,0,0,1
2023-12-01 05:00:00,0,6,46,1,0,-0.7,-3.2,0.0,1,0,0,0,0,0,0,0,1
2023-12-01 01:00:00,0,2,26,1,0,-0.7,-3.2,0.0,1,0,0,0,0,0,0,0,1
2023-12-02 09:00:00,13,10,1706,45,0,4.3,-4.8,0.0,0,0,1,0,0,0,0,0,1
2023-12-02 10:00:00,10,11,2322,27,0,4.3,-4.8,0.0,0,0,1,0,0,0,0,0,1
2023-12-02 15:00:00,10,16,3094,6,0,4.3,-4.8,0.0,0,0,1,0,0,0,0,0,1
2023-12-02 16:00:00,9,17,2238,7,0,4.3,-4.8,0.0,0,0,1,0,0,0,0,0,1
2023-12-02 13:00:00,8,14,4376,25,0,4.3,-4.8,0.0,0,0,1,0,0,0,0,0,1
2023-12-02 14:00:00,8,15,3824,17,0,4.3,-4.8,0.0,0,0,1,0,0,0,0,0,1
2023-12-02 18:00:00,7,19,1092,68,0,4.3,-4.8,0.0,0,0,1,0,0,0,0,0,1
2023-12-02 11:00:00,2,12,1708,0,0,4.3,-4.8,0.0,0,0,1,0,0,0,0,0,1
2023-12-02 19:00:00,1,20,680,86,0,4.3,-4.8,0.0,0,0,1,0,0,0,0,0,1
2023-12-01 16:00:00,3,17,2544,14,0,-0.7,-3.2,0.0,1,0,0,0,0,0,0,0,1
2023-12-01 20:00:00,2,21,309,44,0,-0.7,-3.2,0.0,1,0,0,0,0,0,0,0,1
2023-12-01 17:00:00,2,18,1437,24,0,-0.7,-3.2,0.0,1,0,0,0,0,0,0,0,1
2023-12-04 14:00:00,6,15,2360,23,0,4.5,-2.2,1.6,0,1,0,0,0,0,0,0,1
2023-12-04 15:00:00,4,16,1472,12,0,4.5,-2.2,1.6,0,1,0,0,0,0,0,0,1
2023-12-04 07:00:00,4,8,116,10,0,4.5,-2.2,1.6,0,1,0,0,0,0,0,0,1
2023-12-04 16:00:00,2,17,1109,21,0,4.5,-2.2,1.6,0,1,0,0,0,0,0,0,1
2023-12-03 16:00:00,4,17,2131,45,0,5.7,-4.2,11.1,0,0,0,1,0,0,0,0,1
2023-12-03 10:00:00,3,11,1584,40,0,5.7,-4.2,11.1,0,0,0,1,0,0,0,0,1
2023-12-03 09:00:00,2,10,481,34,0,5.7,-4.2,11.1,0,0,0,1,0,0,0,0,1
2023-12-04 09:00:00,0,10,387,15,0,4.5,-2.2,1.6,0,1,0,0,0,0,0,0,1
2023-12-04 17:00:00,0,18,725,8,0,4.5,-2.2,1.6,0,1,0,0,0,0,0,0,1
2023-12-04 18:00:00,0,19,248,8,0,4.5,-2.2,1.6,0,1,0,0,0,0,0,0,1
2023-12-04 08:00:00,0,9,335,7,0,4.5,-2.2,1.6,0,1,0,0,0,0,0,0,1
2023-12-04 06:00:00,0,7,21,5,0,4.5,-2.2,1.6,0,1,0,0,0,0,0,0,1
2023-12-04 12:00:00,31,13,3932,47,0,4.5,-2.2,1.6,0,1,0,0,0,0,0,0,1
2023-12-04 20:00:00,0,21,102,4,0,4.5,-2.2,1.6,0,1,0,0,0,0,0,0,1
2023-12-03 18:00:00,0,19,506,72,0,5.7,-4.2,11.1,0,0,0,1,0,0,0,0,1
2023-12-05 13:00:00,42,14,3414,15,0,6.1,2.8,0.0,0,0,0,0,0,1,0,0,1
2023-12-04 05:00:00,0,6,25,2,0,4.5,-2.2,1.6,0,1,0,0,0,0,0,0,1
2023-12-03 00:00:00,0,1,148,69,0,5.7,-4.2,11.1,0,0,0,1,0,0,0,0,1
2023-12-04 04:00:00,0,5,7,1,0,4.5,-2.2,1.6,0,1,0,0,0,0,0,0,1
2023-12-05 12:00:00,34,13,2578,10,0,6.1,2.8,0.0,0,0,0,0,0,1,0,0,1
2023-12-03 19:00:00,0,20,295,64,0,5.7,-4.2,11.1,0,0,0,1,0,0,0,0,1
2023-12-04 11:00:00,22,12,3504,55,0,4.5,-2.2,1.6,0,1,0,0,0,0,0,0,1
2023-12-04 21:00:00,0,22,73,0,0,4.5,-2.2,1.6,0,1,0,0,0,0,0,0,1
2023-12-03 02:00:00,0,3,80,58,0,5.7,-4.2,11.1,0,0,0,1,0,0,0,0,1
2023-12-04 13:00:00,19,14,2804,9,0,4.5,-2.2,1.6,0,1,0,0,0,0,0,0,1
2023-12-04 00:00:00,0,1,9,0,0,4.5,-2.2,1.6,0,1,0,0,0,0,0,0,1
2023-12-03 01:00:00,0,2,129,57,0,5.7,-4.2,11.1,0,0,0,1,0,0,0,0,1
2023-12-04 02:00:00,0,3,1,0,0,4.5,-2.2,1.6,0,1,0,0,0,0,0,0,1
2023-12-03 21:00:00,0,22,224,54,0,5.7,-4.2,11.1,0,0,0,1,0,0,0,0,1
2023-12-03 03:00:00,0,4,71,52,0,5.7,-4.2,11.1,0,0,0,1,0,0,0,0,1
2023-12-03 22:00:00,0,23,130,46,0,5.7,-4.2,11.1,0,0,0,1,0,0,0,0,1
2023-12-05 09:00:00,23,10,1502,28,0,6.1,2.8,0.0,0,0,0,0,0,1,0,0,1
2023-12-03 08:00:00,0,9,173,34,0,5.7,-4.2,11.1,0,0,0,1,0,0,0,0,1
2023-12-03 17:00:00,1,18,988,65,0,5.7,-4.2,11.1,0,0,0,1,0,0,0,0,1
2023-12-03 20:00:00,1,21,253,47,0,5.7,-4.2,11.1,0,0,0,1,0,0,0,0,1
2023-12-03 05:00:00,1,6,21,11,0,5.7,-4.2,11.1,0,0,0,1,0,0,0,0,1
2023-12-04 10:00:00,9,11,1776,51,0,4.5,-2.2,1.6,0,1,0,0,0,0,0,0,1
2023-12-05 14:00:00,16,15,2654,19,0,6.1,2.8,0.0,0,0,0,0,0,1,0,0,1
2023-12-05 11:00:00,15,12,2536,10,0,6.1,2.8,0.0,0,0,0,0,0,1,0,0,1
2023-12-05 10:00:00,14,11,2551,13,0,6.1,2.8,0.0,0,0,0,0,0,1,0,0,1
2023-12-03 04:00:00,0,5,31,23,0,5.7,-4.2,11.1,0,0,0,1,0,0,0,0,1
2023-12-03 07:00:00,0,8,86,20,0,5.7,-4.2,11.1,0,0,0,1,0,0,0,0,1
2023-12-03 23:00:00,0,0,33,17,0,5.7,-4.2,11.1,0,0,0,1,0,0,0,0,1
2023-12-03 06:00:00,0,7,25,10,0,5.7,-4.2,11.1,0,0,0,1,0,0,0,0,1
2023-12-04 19:00:00,1,20,131,2,0,4.5,-2.2,1.6,0,1,0,0,0,0,0,0,1
2023-12-04 22:00:00,1,23,64,2,0,4.5,-2.2,1.6,0,1,0,0,0,0,0,0,1
2023-12-04 23:00:00,1,0,12,0,0,4.5,-2.2,1.6,0,1,0,0,0,0,0,0,1
2023-12-04 01:00:00,1,2,5,0,0,4.5,-2.2,1.6,0,1,0,0,0,0,0,0,1
2023-12-04 03:00:00,1,4,5,0,0,4.5,-2.2,1.6,0,1,0,0,0,0,0,0,1
2023-12-05 16:00:00,3,17,2268,13,0,6.1,2.8,0.0,0,0,0,0,0,1,0,0,1
2023-12-05 22:00:00,1,23,190,11,0,6.1,2.8,0.0,0,0,0,0,0,1,0,0,1
2023-12-05 18:00:00,1,19,609,6,0,6.1,2.8,0.0,0,0,0,0,0,1,0,0,1
2023-12-05 23:00:00,1,0,71,2,0,6.1,2.8,0.0,0,0,0,0,0,1,0,0,1
2023-12-06 07:00:00,0,8,236,6,0,6.9,-3.3,1.1,0,0,0,0,0,0,1,0,1
2023-12-06 06:00:00,0,7,85,4,0,6.9,-3.3,1.1,0,0,0,0,0,0,1,0,1
2023-12-06 03:00:00,0,4,8,2,0,6.9,-3.3,1.1,0,0,0,0,0,0,1,0,1
2023-12-06 05:00:00,0,6,34,0,0,6.9,-3.3,1.1,0,0,0,0,0,0,1,0,1
2023-12-06 00:00:00,0,1,29,0,0,6.9,-3.3,1.1,0,0,0,0,0,0,1,0,1
2023-12-06 01:00:00,0,2,11,0,0,6.9,-3.3,1.1,0,0,0,0,0,0,1,0,1
2023-12-06 04:00:00,0,5,10,0,0,6.9,-3.3,1.1,0,0,0,0,0,0,1,0,1
2023-12-06 02:00:00,0,3,3,0,0,6.9,-3.3,1.1,0,0,0,0,0,0,1,0,1
2023-12-07 12:00:00,31,13,3957,47,0,8.5,-4.0,14.6,0,0,0,0,1,0,0,0,1
2023-12-07 11:00:00,24,12,2460,60,0,8.5,-4.0,14.6,0,0,0,0,1,0,0,0,1
2023-12-07 14:00:00,22,15,2110,14,0,8.5,-4.0,14.6,0,0,0,0,1,0,0,0,1
2023-12-07 10:00:00,20,11,1919,41,0,8.5,-4.0,14.6,0,0,0,0,1,0,0,0,1
2023-12-07 13:00:00,15,14,2375,26,0,8.5,-4.0,14.6,0,0,0,0,1,0,0,0,1
2023-12-07 09:00:00,12,10,1484,37,0,8.5,-4.0,14.6,0,0,0,0,1,0,0,0,1
2023-12-06 21:00:00,1,22,350,39,0,6.9,-3.3,1.1,0,0,0,0,0,0,1,0,1
2023-12-06 09:00:00,19,10,1384,28,0,6.9,-3.3,1.1,0,0,0,0,0,0,1,0,1
2023-12-06 18:00:00,1,19,521,35,0,6.9,-3.3,1.1,0,0,0,0,0,0,1,0,1
2023-12-05 07:00:00,0,8,144,9,0,6.1,2.8,0.0,0,0,0,0,0,1,0,0,1
2023-12-05 05:00:00,0,6,41,4,0,6.1,2.8,0.0,0,0,0,0,0,1,0,0,1
2023-12-05 20:00:00,0,21,214,3,0,6.1,2.8,0.0,0,0,0,0,0,1,0,0,1
2023-12-05 21:00:00,0,22,152,3,0,6.1,2.8,0.0,0,0,0,0,0,1,0,0,1
2023-12-05 06:00:00,0,7,28,3,0,6.1,2.8,0.0,0,0,0,0,0,1,0,0,1
2023-12-05 01:00:00,0,2,6,3,0,6.1,2.8,0.0,0,0,0,0,0,1,0,0,1
2023-12-05 19:00:00,0,20,371,0,0,6.1,2.8,0.0,0,0,0,0,0,1,0,0,1
2023-12-05 00:00:00,0,1,14,0,0,6.1,2.8,0.0,0,0,0,0,0,1,0,0,1
2023-12-05 03:00:00,0,4,10,0,0,6.1,2.8,0.0,0,0,0,0,0,1,0,0,1
2023-12-05 04:00:00,0,5,7,0,0,6.1,2.8,0.0,0,0,0,0,0,1,0,0,1
2023-12-05 02:00:00,0,3,3,0,0,6.1,2.8,0.0,0,0,0,0,0,1,0,0,1
2023-12-06 12:00:00,26,13,2597,9,0,6.9,-3.3,1.1,0,0,0,0,0,0,1,0,1
2023-12-06 22:00:00,1,23,172,28,0,6.9,-3.3,1.1,0,0,0,0,0,0,1,0,1
2023-12-06 11:00:00,17,12,2352,17,0,6.9,-3.3,1.1,0,0,0,0,0,0,1,0,1
2023-12-05 15:00:00,7,16,2562,12,0,6.1,2.8,0.0,0,0,0,0,0,1,0,0,1
2023-12-05 08:00:00,7,9,680,7,0,6.1,2.8,0.0,0,0,0,0,0,1,0,0,1
2023-12-06 15:00:00,15,16,2212,5,0,6.9,-3.3,1.1,0,0,0,0,0,0,1,0,1
2023-12-06 23:00:00,0,0,98,25,0,6.9,-3.3,1.1,0,0,0,0,0,0,1,0,1
2023-12-05 17:00:00,5,18,1796,5,0,6.1,2.8,0.0,0,0,0,0,0,1,0,0,1
2023-12-06 13:00:00,12,14,2145,18,0,6.9,-3.3,1.1,0,0,0,0,0,0,1,0,1
2023-12-06 20:00:00,2,21,342,34,0,6.9,-3.3,1.1,0,0,0,0,0,0,1,0,1
2023-12-06 17:00:00,2,18,1566,8,0,6.9,-3.3,1.1,0,0,0,0,0,0,1,0,1
2023-12-06 10:00:00,10,11,2170,26,0,6.9,-3.3,1.1,0,0,0,0,0,0,1,0,1
2023-12-06 14:00:00,8,15,2336,9,0,6.9,-3.3,1.1,0,0,0,0,0,0,1,0,1
2023-12-06 08:00:00,8,9,728,8,0,6.9,-3.3,1.1,0,0,0,0,0,0,1,0,1
2023-12-06 19:00:00,7,20,554,52,0,6.9,-3.3,1.1,0,0,0,0,0,0,1,0,1
2023-12-06 16:00:00,6,17,2434,11,0,6.9,-3.3,1.1,0,0,0,0,0,0,1,0,1
2023-12-08 14:00:00,11,15,3226,20,0,8.3,5.9,5.2,1,0,0,0,0,0,0,0,1
2023-12-08 09:00:00,10,10,1399,22,0,8.3,5.9,5.2,1,0,0,0,0,0,0,0,1
2023-12-08 10:00:00,10,11,2433,17,0,8.3,5.9,5.2,1,0,0,0,0,0,0,0,1
2023-12-08 16:00:00,8,17,1838,16,0,8.3,5.9,5.2,1,0,0,0,0,0,0,0,1
2023-12-08 15:00:00,8,16,2936,7,0,8.3,5.9,5.2,1,0,0,0,0,0,0,0,1
2023-12-08 08:00:00,8,9,530,6,0,8.3,5.9,5.2,1,0,0,0,0,0,0,0,1
2023-12-08 02:00:00,0,3,17,5,0,8.3,5.9,5.2,1,0,0,0,0,0,0,0,1
2023-12-08 05:00:00,0,6,44,4,0,8.3,5.9,5.2,1,0,0,0,0,0,0,0,1
2023-12-08 01:00:00,0,2,25,3,0,8.3,5.9,5.2,1,0,0,0,0,0,0,0,1
2023-12-08 00:00:00,0,1,46,2,0,8.3,5.9,5.2,1,0,0,0,0,0,0,0,1
2023-12-08 03:00:00,0,4,14,2,0,8.3,5.9,5.2,1,0,0,0,0,0,0,0,1
2023-12-09 21:00:00,2,22,267,2,0,7.1,5.5,5.8,0,0,1,0,0,0,0,0,1
2023-12-09 19:00:00,2,20,340,1,0,7.1,5.5,5.8,0,0,1,0,0,0,0,0,1
2023-12-07 17:00:00,1,18,1205,7,0,8.5,-4.0,14.6,0,0,0,0,1,0,0,0,1
2023-12-08 07:00:00,1,8,221,2,0,8.3,5.9,5.2,1,0,0,0,0,0,0,0,1
2023-12-08 06:00:00,0,7,65,1,0,8.3,5.9,5.2,1,0,0,0,0,0,0,0,1
2023-12-07 05:00:00,1,6,39,6,0,8.5,-4.0,14.6,0,0,0,0,1,0,0,0,1
2023-12-08 04:00:00,0,5,7,1,0,8.3,5.9,5.2,1,0,0,0,0,0,0,0,1
2023-12-08 17:00:00,3,18,885,19,0,8.3,5.9,5.2,1,0,0,0,0,0,0,0,1
2023-12-07 16:00:00,2,17,1415,12,0,8.5,-4.0,14.6,0,0,0,0,1,0,0,0,1
2023-12-07 15:00:00,2,16,1743,7,0,8.5,-4.0,14.6,0,0,0,0,1,0,0,0,1
2023-12-08 20:00:00,0,21,410,56,0,8.3,5.9,5.2,1,0,0,0,0,0,0,0,1
2023-12-08 22:00:00,0,23,185,54,0,8.3,5.9,5.2,1,0,0,0,0,0,0,0,1
2023-12-08 23:00:00,0,0,87,34,0,8.3,5.9,5.2,1,0,0,0,0,0,0,0,1
2023-12-07 08:00:00,0,9,652,7,0,8.5,-4.0,14.6,0,0,0,0,1,0,0,0,1
2023-12-07 19:00:00,0,20,107,7,0,8.5,-4.0,14.6,0,0,0,0,1,0,0,0,1
2023-12-07 23:00:00,0,0,75,6,0,8.5,-4.0,14.6,0,0,0,0,1,0,0,0,1
2023-12-09 09:00:00,11,10,575,9,0,7.1,5.5,5.8,0,0,1,0,0,0,0,0,1
2023-12-07 01:00:00,0,2,29,5,0,8.5,-4.0,14.6,0,0,0,0,1,0,0,0,1
2023-12-08 21:00:00,2,22,295,78,0,8.3,5.9,5.2,1,0,0,0,0,0,0,0,1
2023-12-07 22:00:00,0,23,135,4,0,8.5,-4.0,14.6,0,0,0,0,1,0,0,0,1
2023-12-09 08:00:00,6,9,508,4,0,7.1,5.5,5.8,0,0,1,0,0,0,0,0,1
2023-12-07 20:00:00,0,21,185,3,0,8.5,-4.0,14.6,0,0,0,0,1,0,0,0,1
2023-12-07 03:00:00,0,4,5,3,0,8.5,-4.0,14.6,0,0,0,0,1,0,0,0,1
2023-12-08 19:00:00,2,20,552,50,0,8.3,5.9,5.2,1,0,0,0,0,0,0,0,1
2023-12-07 07:00:00,0,8,184,2,0,8.5,-4.0,14.6,0,0,0,0,1,0,0,0,1
2023-12-08 18:00:00,2,19,566,47,0,8.3,5.9,5.2,1,0,0,0,0,0,0,0,1
2023-12-07 21:00:00,0,22,127,2,0,8.5,-4.0,14.6,0,0,0,0,1,0,0,0,1
2023-12-07 04:00:00,0,5,12,2,0,8.5,-4.0,14.6,0,0,0,0,1,0,0,0,1
2023-12-07 02:00:00,0,3,28,1,0,8.5,-4.0,14.6,0,0,0,0,1,0,0,0,1
2023-12-07 06:00:00,0,7,54,0,0,8.5,-4.0,14.6,0,0,0,0,1,0,0,0,1
2023-12-07 18:00:00,1,19,491,8,0,8.5,-4.0,14.6,0,0,0,0,1,0,0,0,1
2023-12-08 12:00:00,36,13,3942,53,0,8.3,5.9,5.2,1,0,0,0,0,0,0,0,1
2023-12-08 13:00:00,30,14,3030,6,0,8.3,5.9,5.2,1,0,0,0,0,0,0,0,1
2023-12-08 11:00:00,20,12,3488,23,0,8.3,5.9,5.2,1,0,0,0,0,0,0,0,1
2023-12-07 00:00:00,0,1,25,22,0,8.5,-4.0,14.6,0,0,0,0,1,0,0,0,1
2023-12-10 01:00:00,0,2,128,30,0,6.8,0.9,2.0,0,0,0,1,0,0,0,0,1
2023-12-10 02:00:00,0,3,62,30,0,6.8,0.9,2.0,0,0,0,1,0,0,0,0,1
2023-12-10 03:00:00,0,4,70,23,0,6.8,0.9,2.0,0,0,0,1,0,0,0,0,1
2023-12-09 23:00:00,0,0,160,46,0,7.1,5.5,5.8,0,0,1,0,0,0,0,0,1
2023-12-09 00:00:00,0,1,85,45,0,7.1,5.5,5.8,0,0,1,0,0,0,0,0,1
2023-12-09 02:00:00,0,3,40,41,0,7.1,5.5,5.8,0,0,1,0,0,0,0,0,1
2023-12-09 03:00:00,0,4,30,28,0,7.1,5.5,5.8,0,0,1,0,0,0,0,0,1
2023-12-09 04:00:00,0,5,14,10,0,7.1,5.5,5.8,0,0,1,0,0,0,0,0,1
2023-12-09 05:00:00,0,6,41,9,0,7.1,5.5,5.8,0,0,1,0,0,0,0,0,1
2023-12-09 06:00:00,0,7,41,9,0,7.1,5.5,5.8,0,0,1,0,0,0,0,0,1
2023-12-09 22:00:00,0,23,247,3,0,7.1,5.5,5.8,0,0,1,0,0,0,0,0,1
2023-12-09 18:00:00,0,19,554,2,0,7.1,5.5,5.8,0,0,1,0,0,0,0,0,1
2023-12-09 20:00:00,0,21,261,1,0,7.1,5.5,5.8,0,0,1,0,0,0,0,0,1
2023-12-10 12:00:00,25,13,2339,44,0,6.8,0.9,2.0,0,0,0,1,0,0,0,0,1
2023-12-10 14:00:00,22,15,4527,41,0,6.8,0.9,2.0,0,0,0,1,0,0,0,0,1
2023-12-10 13:00:00,20,14,4755,44,0,6.8,0.9,2.0,0,0,0,1,0,0,0,0,1
2023-12-10 10:00:00,18,11,1159,43,0,6.8,0.9,2.0,0,0,0,1,0,0,0,0,1
2023-12-10 20:00:00,1,21,288,63,0,6.8,0.9,2.0,0,0,0,1,0,0,0,0,1
2023-12-11 08:00:00,6,9,1077,43,0,7.1,3.4,5.6,0,1,0,0,0,0,0,0,1
2023-12-11 11:00:00,18,12,3550,17,0,7.1,3.4,5.6,0,1,0,0,0,0,0,0,1
2023-12-11 09:00:00,16,10,1800,60,0,7.1,3.4,5.6,0,1,0,0,0,0,0,0,1
2023-12-11 13:00:00,11,14,3418,7,0,7.1,3.4,5.6,0,1,0,0,0,0,0,0,1
2023-12-10 07:00:00,0,8,80,4,0,6.8,0.9,2.0,0,0,0,1,0,0,0,0,1
2023-12-10 05:00:00,0,6,33,3,0,6.8,0.9,2.0,0,0,0,1,0,0,0,0,1
2023-12-10 04:00:00,0,5,6,3,0,6.8,0.9,2.0,0,0,0,1,0,0,0,0,1
2023-12-10 06:00:00,0,7,36,2,0,6.8,0.9,2.0,0,0,0,1,0,0,0,0,1
2023-12-11 12:00:00,37,13,3754,13,0,7.1,3.4,5.6,0,1,0,0,0,0,0,0,1
2023-12-11 10:00:00,21,11,3679,53,0,7.1,3.4,5.6,0,1,0,0,0,0,0,0,1
2023-12-11 14:00:00,21,15,2951,9,0,7.1,3.4,5.6,0,1,0,0,0,0,0,0,1
2023-12-10 19:00:00,2,20,370,78,0,6.8,0.9,2.0,0,0,0,1,0,0,0,0,1
2023-12-10 22:00:00,2,23,184,59,0,6.8,0.9,2.0,0,0,0,1,0,0,0,0,1
2023-12-10 16:00:00,2,17,1592,28,0,6.8,0.9,2.0,0,0,0,1,0,0,0,0,1
2023-12-10 00:00:00,2,1,160,22,0,6.8,0.9,2.0,0,0,0,1,0,0,0,0,1
2023-12-10 18:00:00,1,19,485,81,0,6.8,0.9,2.0,0,0,0,1,0,0,0,0,1
2023-12-10 11:00:00,9,12,2291,27,0,6.8,0.9,2.0,0,0,0,1,0,0,0,0,1
2023-12-10 23:00:00,1,0,37,11,0,6.8,0.9,2.0,0,0,0,1,0,0,0,0,1
2023-12-10 08:00:00,8,9,142,5,0,6.8,0.9,2.0,0,0,0,1,0,0,0,0,1
2023-12-09 07:00:00,1,8,186,24,0,7.1,5.5,5.8,0,0,1,0,0,0,0,0,1
2023-12-09 01:00:00,1,2,97,14,0,7.1,5.5,5.8,0,0,1,0,0,0,0,0,1
2023-12-09 17:00:00,1,18,1282,3,0,7.1,5.5,5.8,0,0,1,0,0,0,0,0,1
2023-12-10 15:00:00,5,16,3720,44,0,6.8,0.9,2.0,0,0,0,1,0,0,0,0,1
2023-12-10 09:00:00,5,10,350,30,0,6.8,0.9,2.0,0,0,0,1,0,0,0,0,1
2023-12-11 15:00:00,2,16,2208,12,0,7.1,3.4,5.6,0,1,0,0,0,0,0,0,1
2023-12-10 21:00:00,0,22,202,66,0,6.8,0.9,2.0,0,0,0,1,0,0,0,0,1
2023-12-10 17:00:00,0,18,995,55,0,6.8,0.9,2.0,0,0,0,1,0,0,0,0,1
2023-12-12 08:00:00,2,9,612,17,0,6.0,5.4,12.3,0,0,0,0,0,1,0,0,1
2023-12-12 07:00:00,2,8,164,2,0,6.0,5.4,12.3,0,0,0,0,0,1,0,0,1
2023-12-12 16:00:00,1,17,1897,11,0,6.0,5.4,12.3,0,0,0,0,0,1,0,0,1
2023-12-12 18:00:00,1,19,318,4,0,6.0,5.4,12.3,0,0,0,0,0,1,0,0,1
2023-12-12 22:00:00,1,23,51,1,0,6.0,5.4,12.3,0,0,0,0,0,1,0,0,1
2023-12-12 11:00:00,9,12,2330,24,0,6.0,5.4,12.3,0,0,0,0,0,1,0,0,1
2023-12-11 19:00:00,0,20,47,8,0,7.1,3.4,5.6,0,1,0,0,0,0,0,0,1
2023-12-12 04:00:00,0,5,4,1,0,6.0,5.4,12.3,0,0,0,0,0,1,0,0,1
2023-12-11 18:00:00,0,19,67,6,0,7.1,3.4,5.6,0,1,0,0,0,0,0,0,1
2023-12-11 04:00:00,0,5,9,6,0,7.1,3.4,5.6,0,1,0,0,0,0,0,0,1
2023-12-12 21:00:00,0,22,48,0,0,6.0,5.4,12.3,0,0,0,0,0,1,0,0,1
2023-12-12 05:00:00,0,6,27,0,0,6.0,5.4,12.3,0,0,0,0,0,1,0,0,1
2023-12-13 15:00:00,11,16,2627,13,0,8.5,5.5,1.3,0,0,0,0,0,0,1,0,1
2023-12-11 20:00:00,0,21,137,3,0,7.1,3.4,5.6,0,1,0,0,0,0,0,0,1
2023-12-12 02:00:00,0,3,11,0,0,6.0,5.4,12.3,0,0,0,0,0,1,0,0,1
2023-12-11 07:00:00,1,8,304,24,0,7.1,3.4,5.6,0,1,0,0,0,0,0,0,1
2023-12-11 17:00:00,0,18,704,2,0,7.1,3.4,5.6,0,1,0,0,0,0,0,0,1
2023-12-11 21:00:00,0,22,114,2,0,7.1,3.4,5.6,0,1,0,0,0,0,0,0,1
2023-12-12 03:00:00,0,4,2,0,0,6.0,5.4,12.3,0,0,0,0,0,1,0,0,1
2023-12-11 22:00:00,0,23,99,1,0,7.1,3.4,5.6,0,1,0,0,0,0,0,0,1
2023-12-11 16:00:00,1,17,965,5,0,7.1,3.4,5.6,0,1,0,0,0,0,0,0,1
2023-12-13 14:00:00,9,15,2007,14,0,8.5,5.5,1.3,0,0,0,0,0,0,1,0,1
2023-12-11 05:00:00,0,6,17,1,0,7.1,3.4,5.6,0,1,0,0,0,0,0,0,1
2023-12-11 23:00:00,0,0,17,0,0,7.1,3.4,5.6,0,1,0,0,0,0,0,0,1
2023-12-12 10:00:00,19,11,1709,18,0,6.0,5.4,12.3,0,0,0,0,0,1,0,0,1
2023-12-12 12:00:00,16,13,3556,28,0,6.0,5.4,12.3,0,0,0,0,0,1,0,0,1
2023-12-12 13:00:00,14,14,2278,20,0,6.0,5.4,12.3,0,0,0,0,0,1,0,0,1
2023-12-12 09:00:00,14,10,1080,18,0,6.0,5.4,12.3,0,0,0,0,0,1,0,0,1
2023-12-12 14:00:00,14,15,1911,10,0,6.0,5.4,12.3,0,0,0,0,0,1,0,0,1
2023-12-13 12:00:00,9,13,1937,5,0,8.5,5.5,1.3,0,0,0,0,0,0,1,0,1
2023-12-13 16:00:00,8,17,2868,15,0,8.5,5.5,1.3,0,0,0,0,0,0,1,0,1
2023-12-12 20:00:00,0,21,109,4,0,6.0,5.4,12.3,0,0,0,0,0,1,0,0,1
2023-12-12 01:00:00,0,2,28,4,0,6.0,5.4,12.3,0,0,0,0,0,1,0,0,1
2023-12-12 19:00:00,0,20,159,2,0,6.0,5.4,12.3,0,0,0,0,0,1,0,0,1
2023-12-12 06:00:00,0,7,36,2,0,6.0,5.4,12.3,0,0,0,0,0,1,0,0,1
2023-12-12 00:00:00,0,1,29,1,0,6.0,5.4,12.3,0,0,0,0,0,1,0,0,1
2023-12-12 23:00:00,0,0,26,1,0,6.0,5.4,12.3,0,0,0,0,0,1,0,0,1
2023-12-13 18:00:00,2,19,578,3,0,8.5,5.5,1.3,0,0,0,0,0,0,1,0,1
2023-12-13 13:00:00,7,14,2442,4,0,8.5,5.5,1.3,0,0,0,0,0,0,1,0,1
2023-12-12 15:00:00,4,16,1919,2,0,6.0,5.4,12.3,0,0,0,0,0,1,0,0,1
2023-12-13 11:00:00,5,12,1877,12,0,8.5,5.5,1.3,0,0,0,0,0,0,1,0,1
2023-12-13 17:00:00,5,18,1554,10,0,8.5,5.5,1.3,0,0,0,0,0,0,1,0,1
2023-12-13 09:00:00,5,10,768,8,0,8.5,5.5,1.3,0,0,0,0,0,0,1,0,1
2023-12-13 10:00:00,5,11,1576,7,0,8.5,5.5,1.3,0,0,0,0,0,0,1,0,1
2023-12-11 06:00:00,0,7,83,17,0,7.1,3.4,5.6,0,1,0,0,0,0,0,0,1
2023-12-12 17:00:00,3,18,1011,3,0,6.0,5.4,12.3,0,0,0,0,0,1,0,0,1
2023-12-13 08:00:00,5,9,563,3,0,8.5,5.5,1.3,0,0,0,0,0,0,1,0,1
2023-12-11 02:00:00,0,3,19,17,0,7.1,3.4,5.6,0,1,0,0,0,0,0,0,1
2023-12-11 01:00:00,0,2,18,17,0,7.1,3.4,5.6,0,1,0,0,0,0,0,0,1
2023-12-11 03:00:00,0,4,7,13,0,7.1,3.4,5.6,0,1,0,0,0,0,0,0,1
2023-12-13 20:00:00,1,21,226,6,0,8.5,5.5,1.3,0,0,0,0,0,0,1,0,1
2023-12-11 00:00:00,0,1,51,12,0,7.1,3.4,5.6,0,1,0,0,0,0,0,0,1
2023-12-13 19:00:00,1,20,344,4,0,8.5,5.5,1.3,0,0,0,0,0,0,1,0,1
2023-12-13 21:00:00,1,22,208,1,0,8.5,5.5,1.3,0,0,0,0,0,0,1,0,1
2023-12-13 22:00:00,1,23,122,0,0,8.5,5.5,1.3,0,0,0,0,0,0,1,0,1
2023-12-13 02:00:00,0,3,5,1,0,8.5,5.5,1.3,0,0,0,0,0,0,1,0,1
2023-12-14 15:00:00,14,16,3529,31,0,11.3,2.7,0.1,0,0,0,0,1,0,0,0,1
2023-12-13 23:00:00,0,0,50,0,0,8.5,5.5,1.3,0,0,0,0,0,0,1,0,1
2023-12-13 00:00:00,0,1,14,0,0,8.5,5.5,1.3,0,0,0,0,0,0,1,0,1
2023-12-15 13:00:00,30,14,3786,13,0,11.3,5.2,0.0,1,0,0,0,0,0,0,0,1
2023-12-14 09:00:00,13,10,1486,27,0,11.3,2.7,0.1,0,0,0,0,1,0,0,0,1
2023-12-14 07:00:00,3,8,220,4,0,11.3,2.7,0.1,0,0,0,0,1,0,0,0,1
2023-12-13 04:00:00,0,5,1,0,0,8.5,5.5,1.3,0,0,0,0,0,0,1,0,1
2023-12-15 10:00:00,29,11,3694,27,0,11.3,5.2,0.0,1,0,0,0,0,0,0,0,1
2023-12-15 14:00:00,22,15,3561,12,0,11.3,5.2,0.0,1,0,0,0,0,0,0,0,1
2023-12-15 11:00:00,20,12,4396,14,0,11.3,5.2,0.0,1,0,0,0,0,0,0,0,1
2023-12-15 12:00:00,19,13,4259,25,0,11.3,5.2,0.0,1,0,0,0,0,0,0,0,1
2023-12-15 09:00:00,10,10,2284,20,0,11.3,5.2,0.0,1,0,0,0,0,0,0,0,1
2023-12-15 16:00:00,10,17,2509,16,0,11.3,5.2,0.0,1,0,0,0,0,0,0,0,1
2023-12-14 11:00:00,26,12,2962,14,0,11.3,2.7,0.1,0,0,0,0,1,0,0,0,1
2023-12-14 12:00:00,25,13,3174,9,0,11.3,2.7,0.1,0,0,0,0,1,0,0,0,1
2023-12-14 13:00:00,24,14,3255,18,0,11.3,2.7,0.1,0,0,0,0,1,0,0,0,1
2023-12-14 10:00:00,18,11,2367,14,0,11.3,2.7,0.1,0,0,0,0,1,0,0,0,1
2023-12-15 19:00:00,2,20,515,73,0,11.3,5.2,0.0,1,0,0,0,0,0,0,0,1
2023-12-15 17:00:00,2,18,1801,8,0,11.3,5.2,0.0,1,0,0,0,0,0,0,0,1
2023-12-15 21:00:00,1,22,439,59,0,11.3,5.2,0.0,1,0,0,0,0,0,0,0,1
2023-12-15 00:00:00,1,1,68,28,0,11.3,5.2,0.0,1,0,0,0,0,0,0,0,1
2023-12-15 06:00:00,1,7,47,5,0,11.3,5.2,0.0,1,0,0,0,0,0,0,0,1
2023-12-14 14:00:00,11,15,2836,21,0,11.3,2.7,0.1,0,0,0,0,1,0,0,0,1
2023-12-14 08:00:00,8,9,760,5,0,11.3,2.7,0.1,0,0,0,0,1,0,0,0,1
2023-12-14 18:00:00,5,19,870,25,0,11.3,2.7,0.1,0,0,0,0,1,0,0,0,1
2023-12-14 17:00:00,4,18,1588,19,0,11.3,2.7,0.1,0,0,0,0,1,0,0,0,1
2023-12-14 16:00:00,4,17,3367,9,0,11.3,2.7,0.1,0,0,0,0,1,0,0,0,1
2023-12-14 23:00:00,2,0,76,19,0,11.3,2.7,0.1,0,0,0,0,1,0,0,0,1
2023-12-15 15:00:00,6,16,3059,8,0,11.3,5.2,0.0,1,0,0,0,0,0,0,0,1
2023-12-14 22:00:00,2,23,229,14,0,11.3,2.7,0.1,0,0,0,0,1,0,0,0,1
2023-12-14 19:00:00,0,20,831,42,0,11.3,2.7,0.1,0,0,0,0,1,0,0,0,1
2023-12-14 06:00:00,0,7,79,5,0,11.3,2.7,0.1,0,0,0,0,1,0,0,0,1
2023-12-14 01:00:00,0,2,24,3,0,11.3,2.7,0.1,0,0,0,0,1,0,0,0,1
2023-12-14 02:00:00,0,3,23,3,0,11.3,2.7,0.1,0,0,0,0,1,0,0,0,1
2023-12-14 00:00:00,0,1,37,2,0,11.3,2.7,0.1,0,0,0,0,1,0,0,0,1
2023-12-14 03:00:00,0,4,8,2,0,11.3,2.7,0.1,0,0,0,0,1,0,0,0,1
2023-12-14 04:00:00,0,5,21,1,0,11.3,2.7,0.1,0,0,0,0,1,0,0,0,1
2023-12-14 05:00:00,0,6,36,0,0,11.3,2.7,0.1,0,0,0,0,1,0,0,0,1
2023-12-15 08:00:00,5,9,962,18,0,11.3,5.2,0.0,1,0,0,0,0,0,0,0,1
2023-12-13 07:00:00,0,8,252,2,0,8.5,5.5,1.3,0,0,0,0,0,0,1,0,1
2023-12-13 06:00:00,0,7,26,2,0,8.5,5.5,1.3,0,0,0,0,0,0,1,0,1
2023-12-13 05:00:00,0,6,17,2,0,8.5,5.5,1.3,0,0,0,0,0,0,1,0,1
2023-12-13 03:00:00,0,4,1,2,0,8.5,5.5,1.3,0,0,0,0,0,0,1,0,1
2023-12-13 01:00:00,0,2,6,1,0,8.5,5.5,1.3,0,0,0,0,0,0,1,0,1
2023-12-14 21:00:00,1,22,308,27,0,11.3,2.7,0.1,0,0,0,0,1,0,0,0,1
2023-12-14 20:00:00,1,21,332,20,0,11.3,2.7,0.1,0,0,0,0,1,0,0,0,1
2023-12-15 20:00:00,3,21,477,67,0,11.3,5.2,0.0,1,0,0,0,0,0,0,0,1
2023-12-15 22:00:00,3,23,325,60,0,11.3,5.2,0.0,1,0,0,0,0,0,0,0,1
2023-12-16 10:00:00,15,11,3208,16,0,12.6,8.8,0.0,0,0,1,0,0,0,0,0,1
2023-12-16 14:00:00,12,15,3834,18,0,12.6,8.8,0.0,0,0,1,0,0,0,0,0,1
2023-12-16 09:00:00,12,10,2045,11,0,12.6,8.8,0.0,0,0,1,0,0,0,0,0,1
2023-12-16 12:00:00,9,13,2412,10,0,12.6,8.8,0.0,0,0,1,0,0,0,0,0,1
2023-12-16 13:00:00,8,14,3457,6,0,12.6,8.8,0.0,0,0,1,0,0,0,0,0,1
2023-12-17 16:00:00,5,17,2375,7,0,12.6,10.1,0.0,0,0,0,1,0,0,0,0,1
2023-12-15 23:00:00,0,0,194,56,0,11.3,5.2,0.0,1,0,0,0,0,0,0,0,1
2023-12-15 01:00:00,0,2,61,22,0,11.3,5.2,0.0,1,0,0,0,0,0,0,0,1
2023-12-15 02:00:00,0,3,26,21,0,11.3,5.2,0.0,1,0,0,0,0,0,0,0,1
2023-12-15 07:00:00,0,8,221,13,0,11.3,5.2,0.0,1,0,0,0,0,0,0,0,1
2023-12-15 03:00:00,0,4,10,3,0,11.3,5.2,0.0,1,0,0,0,0,0,0,0,1
2023-12-15 05:00:00,0,6,49,2,0,11.3,5.2,0.0,1,0,0,0,0,0,0,0,1
2023-12-15 04:00:00,0,5,8,2,0,11.3,5.2,0.0,1,0,0,0,0,0,0,0,1
2023-12-15 18:00:00,0,19,636,1,0,11.3,5.2,0.0,1,0,0,0,0,0,0,0,1
2023-12-16 11:00:00,25,12,3922,16,0,12.6,8.8,0.0,0,0,1,0,0,0,0,0,1
2023-12-17 10:00:00,12,11,1648,31,0,12.6,10.1,0.0,0,0,0,1,0,0,0,0,1
2023-12-17 13:00:00,12,14,2923,14,0,12.6,10.1,0.0,0,0,0,1,0,0,0,0,1
2023-12-17 17:00:00,11,18,1091,27,0,12.6,10.1,0.0,0,0,0,1,0,0,0,0,1
2023-12-17 15:00:00,10,16,2541,23,0,12.6,10.1,0.0,0,0,0,1,0,0,0,0,1
2023-12-17 11:00:00,9,12,2448,25,0,12.6,10.1,0.0,0,0,0,1,0,0,0,0,1
2023-12-17 09:00:00,6,10,568,26,0,12.6,10.1,0.0,0,0,0,1,0,0,0,0,1
2023-12-17 19:00:00,2,20,405,32,0,12.6,10.1,0.0,0,0,0,1,0,0,0,0,1
2023-12-16 16:00:00,6,17,2120,6,0,12.6,8.8,0.0,0,0,1,0,0,0,0,0,1
2023-12-17 20:00:00,1,21,389,34,0,12.6,10.1,0.0,0,0,0,1,0,0,0,0,1
2023-12-17 02:00:00,1,3,107,30,0,12.6,10.1,0.0,0,0,0,1,0,0,0,0,1
2023-12-16 08:00:00,2,9,698,9,0,12.6,8.8,0.0,0,0,1,0,0,0,0,0,1
2023-12-16 17:00:00,2,18,1648,5,0,12.6,8.8,0.0,0,0,1,0,0,0,0,0,1
2023-12-16 18:00:00,2,19,476,4,0,12.6,8.8,0.0,0,0,1,0,0,0,0,0,1
2023-12-17 07:00:00,1,8,103,11,0,12.6,10.1,0.0,0,0,0,1,0,0,0,0,1
2023-12-16 22:00:00,0,23,369,71,0,12.6,8.8,0.0,0,0,1,0,0,0,0,0,1
2023-12-16 00:00:00,0,1,200,45,0,12.6,8.8,0.0,0,0,1,0,0,0,0,0,1
2023-12-16 01:00:00,0,2,206,43,0,12.6,8.8,0.0,0,0,1,0,0,0,0,0,1
2023-12-16 02:00:00,0,3,103,39,0,12.6,8.8,0.0,0,0,1,0,0,0,0,0,1
2023-12-16 21:00:00,0,22,252,36,0,12.6,8.8,0.0,0,0,1,0,0,0,0,0,1
2023-12-16 15:00:00,4,16,3275,9,0,12.6,8.8,0.0,0,0,1,0,0,0,0,0,1
2023-12-16 04:00:00,0,5,10,9,0,12.6,8.8,0.0,0,0,1,0,0,0,0,0,1
2023-12-16 19:00:00,0,20,352,3,0,12.6,8.8,0.0,0,0,1,0,0,0,0,0,1
2023-12-16 06:00:00,0,7,47,3,0,12.6,8.8,0.0,0,0,1,0,0,0,0,0,1
2023-12-16 07:00:00,0,8,70,2,0,12.6,8.8,0.0,0,0,1,0,0,0,0,0,1
2023-12-16 05:00:00,0,6,20,2,0,12.6,8.8,0.0,0,0,1,0,0,0,0,0,1
2023-12-16 23:00:00,1,0,197,60,0,12.6,8.8,0.0,0,0,1,0,0,0,0,0,1
2023-12-16 03:00:00,1,4,128,28,0,12.6,8.8,0.0,0,0,1,0,0,0,0,0,1
2023-12-16 20:00:00,1,21,166,1,0,12.6,8.8,0.0,0,0,1,0,0,0,0,0,1
2023-12-17 00:00:00,0,1,151,43,0,12.6,10.1,0.0,0,0,0,1,0,0,0,0,1
2023-12-17 21:00:00,0,22,238,31,0,12.6,10.1,0.0,0,0,0,1,0,0,0,0,1
2023-12-17 14:00:00,20,15,4239,24,0,12.6,10.1,0.0,0,0,0,1,0,0,0,0,1
2023-12-17 12:00:00,18,13,2975,16,0,12.6,10.1,0.0,0,0,0,1,0,0,0,0,1
2023-12-18 09:00:00,16,10,1881,35,0,7.7,10.4,0.0,0,1,0,0,0,0,0,0,1
2023-12-18 15:00:00,13,16,3899,18,0,7.7,10.4,0.0,0,1,0,0,0,0,0,0,1
2023-12-17 08:00:00,0,9,208,26,0,12.6,10.1,0.0,0,0,0,1,0,0,0,0,1
2023-12-17 03:00:00,0,4,104,26,0,12.6,10.1,0.0,0,0,0,1,0,0,0,0,1
2023-12-17 18:00:00,0,19,707,24,0,12.6,10.1,0.0,0,0,0,1,0,0,0,0,1
2023-12-17 01:00:00,0,2,195,22,0,12.6,10.1,0.0,0,0,0,1,0,0,0,0,1
2023-12-18 02:00:00,1,3,9,0,0,7.7,10.4,0.0,0,1,0,0,0,0,0,0,1
2023-12-18 06:00:00,0,7,48,7,0,7.7,10.4,0.0,0,1,0,0,0,0,0,0,1
2023-12-18 18:00:00,6,19,540,21,0,7.7,10.4,0.0,0,1,0,0,0,0,0,0,1
2023-12-18 08:00:00,4,9,716,10,0,7.7,10.4,0.0,0,1,0,0,0,0,0,0,1
2023-12-18 22:00:00,3,23,253,9,0,7.7,10.4,0.0,0,1,0,0,0,0,0,0,1
2023-12-18 21:00:00,2,22,274,21,0,7.7,10.4,0.0,0,1,0,0,0,0,0,0,1
2023-12-18 20:00:00,2,21,467,19,0,7.7,10.4,0.0,0,1,0,0,0,0,0,0,1
2023-12-18 07:00:00,0,8,202,4,0,7.7,10.4,0.0,0,1,0,0,0,0,0,0,1
2023-12-18 23:00:00,0,0,44,2,0,7.7,10.4,0.0,0,1,0,0,0,0,0,0,1
2023-12-19 15:00:00,14,16,2221,13,0,12.0,3.8,0.0,0,0,0,0,0,1,0,0,1
2023-12-19 13:00:00,13,14,3284,7,0,12.0,3.8,0.0,0,0,0,0,0,1,0,0,1
2023-12-19 10:00:00,12,11,2630,23,0,12.0,3.8,0.0,0,0,0,0,0,1,0,0,1
2023-12-19 12:00:00,10,13,3455,9,0,12.0,3.8,0.0,0,0,0,0,0,1,0,0,1
2023-12-19 09:00:00,9,10,1545,24,0,12.0,3.8,0.0,0,0,0,0,0,1,0,0,1
2023-12-19 08:00:00,7,9,733,6,0,12.0,3.8,0.0,0,0,0,0,0,1,0,0,1
2023-12-18 13:00:00,11,14,3412,8,0,7.7,10.4,0.0,0,1,0,0,0,0,0,0,1
2023-12-17 04:00:00,0,5,15,15,0,12.6,10.1,0.0,0,0,0,1,0,0,0,0,1
2023-12-18 00:00:00,0,1,60,1,0,7.7,10.4,0.0,0,1,0,0,0,0,0,0,1
2023-12-18 03:00:00,0,4,1,1,0,7.7,10.4,0.0,0,1,0,0,0,0,0,0,1
2023-12-17 05:00:00,0,6,23,9,0,12.6,10.1,0.0,0,0,0,1,0,0,0,0,1
2023-12-18 11:00:00,9,12,2384,18,0,7.7,10.4,0.0,0,1,0,0,0,0,0,0,1
2023-12-18 17:00:00,9,18,1887,17,0,7.7,10.4,0.0,0,1,0,0,0,0,0,0,1
2023-12-18 12:00:00,9,13,3623,14,0,7.7,10.4,0.0,0,1,0,0,0,0,0,0,1
2023-12-18 19:00:00,7,20,506,16,0,7.7,10.4,0.0,0,1,0,0,0,0,0,0,1
2023-12-18 16:00:00,7,17,3437,11,0,7.7,10.4,0.0,0,1,0,0,0,0,0,0,1
2023-12-18 01:00:00,0,2,34,0,0,7.7,10.4,0.0,0,1,0,0,0,0,0,0,1
2023-12-19 16:00:00,5,17,3280,24,0,12.0,3.8,0.0,0,0,0,0,0,1,0,0,1
2023-12-17 22:00:00,0,23,111,6,0,12.6,10.1,0.0,0,0,0,1,0,0,0,0,1
2023-12-18 05:00:00,0,6,32,0,0,7.7,10.4,0.0,0,1,0,0,0,0,0,0,1
2023-12-17 06:00:00,0,7,60,5,0,12.6,10.1,0.0,0,0,0,1,0,0,0,0,1
2023-12-18 04:00:00,0,5,4,0,0,7.7,10.4,0.0,0,1,0,0,0,0,0,0,1
2023-12-17 23:00:00,0,0,64,1,0,12.6,10.1,0.0,0,0,0,1,0,0,0,0,1
2023-12-19 11:00:00,26,12,3388,13,0,12.0,3.8,0.0,0,0,0,0,0,1,0,0,1
2023-12-19 14:00:00,17,15,2357,15,0,12.0,3.8,0.0,0,0,0,0,0,1,0,0,1
2023-12-19 22:00:00,3,23,256,11,0,12.0,3.8,0.0,0,0,0,0,0,1,0,0,1
2023-12-19 21:00:00,2,22,306,30,0,12.0,3.8,0.0,0,0,0,0,0,1,0,0,1
2023-12-19 17:00:00,2,18,2144,28,0,12.0,3.8,0.0,0,0,0,0,0,1,0,0,1
2023-12-19 18:00:00,1,19,1002,63,0,12.0,3.8,0.0,0,0,0,0,0,1,0,0,1
2023-12-19 19:00:00,1,20,577,56,0,12.0,3.8,0.0,0,0,0,0,0,1,0,0,1
2023-12-19 20:00:00,0,21,422,44,0,12.0,3.8,0.0,0,0,0,0,0,1,0,0,1
2023-12-18 14:00:00,23,15,4121,30,0,7.7,10.4,0.0,0,1,0,0,0,0,0,0,1
2023-12-18 10:00:00,18,11,2814,40,0,7.7,10.4,0.0,0,1,0,0,0,0,0,0,1
2023-12-19 00:00:00,0,1,29,6,0,12.0,3.8,0.0,0,0,0,0,0,1,0,0,1
2023-12-19 05:00:00,0,6,27,5,0,12.0,3.8,0.0,0,0,0,0,0,1,0,0,1
2023-12-19 07:00:00,0,8,229,3,0,12.0,3.8,0.0,0,0,0,0,0,1,0,0,1
2023-12-19 23:00:00,0,0,26,3,0,12.0,3.8,0.0,0,0,0,0,0,1,0,0,1
2023-12-20 23:00:00,1,0,47,12,0,9.5,3.8,0.4,0,0,0,0,0,0,1,0,1
2023-12-20 03:00:00,1,4,8,3,0,9.5,3.8,0.4,0,0,0,0,0,0,1,0,1
2023-12-21 20:00:00,0,21,493,46,0,8.9,4.7,1.2,0,0,0,0,1,0,0,0,1
2023-12-21 21:00:00,0,22,476,38,0,8.9,4.7,1.2,0,0,0,0,1,0,0,0,1
2023-12-20 19:00:00,8,20,527,36,0,9.5,3.8,0.4,0,0,0,0,0,0,1,0,1
2023-12-20 16:00:00,6,17,2429,13,0,9.5,3.8,0.4,0,0,0,0,0,0,1,0,1
2023-12-20 18:00:00,5,19,986,32,0,9.5,3.8,0.4,0,0,0,0,0,0,1,0,1
2023-12-20 08:00:00,4,9,614,27,0,9.5,3.8,0.4,0,0,0,0,0,0,1,0,1
2023-12-21 10:00:00,19,11,3252,22,0,8.9,4.7,1.2,0,0,0,0,1,0,0,0,1
2023-12-20 07:00:00,0,8,250,6,0,9.5,3.8,0.4,0,0,0,0,0,0,1,0,1
2023-12-20 06:00:00,0,7,59,2,0,9.5,3.8,0.4,0,0,0,0,0,0,1,0,1
2023-12-20 05:00:00,0,6,39,2,0,9.5,3.8,0.4,0,0,0,0,0,0,1,0,1
2023-12-20 00:00:00,0,1,52,1,0,9.5,3.8,0.4,0,0,0,0,0,0,1,0,1
2023-12-20 02:00:00,0,3,16,1,0,9.5,3.8,0.4,0,0,0,0,0,0,1,0,1
2023-12-20 01:00:00,0,2,13,1,0,9.5,3.8,0.4,0,0,0,0,0,0,1,0,1
2023-12-20 04:00:00,0,5,5,0,0,9.5,3.8,0.4,0,0,0,0,0,0,1,0,1
2023-12-19 01:00:00,0,2,29,2,0,12.0,3.8,0.0,0,0,0,0,0,1,0,0,1
2023-12-19 02:00:00,0,3,13,2,0,12.0,3.8,0.0,0,0,0,0,0,1,0,0,1
2023-12-21 23:00:00,2,0,166,45,0,8.9,4.7,1.2,0,0,0,0,1,0,0,0,1
2023-12-21 22:00:00,2,23,262,39,0,8.9,4.7,1.2,0,0,0,0,1,0,0,0,1
2023-12-21 11:00:00,18,12,3193,20,0,8.9,4.7,1.2,0,0,0,0,1,0,0,0,1
2023-12-19 06:00:00,0,7,49,1,0,12.0,3.8,0.0,0,0,0,0,0,1,0,0,1
2023-12-19 03:00:00,0,4,14,1,0,12.0,3.8,0.0,0,0,0,0,0,1,0,0,1
2023-12-19 04:00:00,0,5,6,1,0,12.0,3.8,0.0,0,0,0,0,0,1,0,0,1
2023-12-20 20:00:00,2,21,420,34,0,9.5,3.8,0.4,0,0,0,0,0,0,1,0,1
2023-12-20 17:00:00,2,18,2143,23,0,9.5,3.8,0.4,0,0,0,0,0,0,1,0,1
2023-12-20 21:00:00,1,22,444,44,0,9.5,3.8,0.4,0,0,0,0,0,0,1,0,1
2023-12-20 22:00:00,1,23,235,32,0,9.5,3.8,0.4,0,0,0,0,0,0,1,0,1
2023-12-21 15:00:00,15,16,2848,15,0,8.9,4.7,1.2,0,0,0,0,1,0,0,0,1
2023-12-20 13:00:00,34,14,2774,14,0,9.5,3.8,0.4,0,0,0,0,0,0,1,0,1
2023-12-20 11:00:00,27,12,2428,18,0,9.5,3.8,0.4,0,0,0,0,0,0,1,0,1
2023-12-20 14:00:00,24,15,2518,18,0,9.5,3.8,0.4,0,0,0,0,0,0,1,0,1
2023-12-20 12:00:00,24,13,3002,5,0,9.5,3.8,0.4,0,0,0,0,0,0,1,0,1
2023-12-20 10:00:00,23,11,1941,25,0,9.5,3.8,0.4,0,0,0,0,0,0,1,0,1
2023-12-20 15:00:00,19,16,1322,12,0,9.5,3.8,0.4,0,0,0,0,0,0,1,0,1
2023-12-20 09:00:00,13,10,1222,19,0,9.5,3.8,0.4,0,0,0,0,0,0,1,0,1
2023-12-21 09:00:00,12,10,2182,22,0,8.9,4.7,1.2,0,0,0,0,1,0,0,0,1
2023-12-21 16:00:00,11,17,2346,10,0,8.9,4.7,1.2,0,0,0,0,1,0,0,0,1
2023-12-21 13:00:00,11,14,2729,8,0,8.9,4.7,1.2,0,0,0,0,1,0,0,0,1
2023-12-21 14:00:00,9,15,2558,6,0,8.9,4.7,1.2,0,0,0,0,1,0,0,0,1
2023-12-21 12:00:00,9,13,2243,5,0,8.9,4.7,1.2,0,0,0,0,1,0,0,0,1
2023-12-21 06:00:00,0,7,43,1,0,8.9,4.7,1.2,0,0,0,0,1,0,0,0,1
2023-12-21 02:00:00,0,3,18,1,0,8.9,4.7,1.2,0,0,0,0,1,0,0,0,1
2023-12-21 03:00:00,0,4,2,1,0,8.9,4.7,1.2,0,0,0,0,1,0,0,0,1
2023-12-21 07:00:00,0,8,177,0,0,8.9,4.7,1.2,0,0,0,0,1,0,0,0,1
2023-12-21 05:00:00,0,6,21,0,0,8.9,4.7,1.2,0,0,0,0,1,0,0,0,1
2023-12-21 04:00:00,0,5,16,0,0,8.9,4.7,1.2,0,0,0,0,1,0,0,0,1
2023-12-21 01:00:00,0,2,12,0,0,8.9,4.7,1.2,0,0,0,0,1,0,0,0,1
2023-12-21 18:00:00,1,19,726,3,0,8.9,4.7,1.2,0,0,0,0,1,0,0,0,1
2023-12-21 08:00:00,4,9,845,11,0,8.9,4.7,1.2,0,0,0,0,1,0,0,0,1
2023-12-21 17:00:00,4,18,1721,8,0,8.9,4.7,1.2,0,0,0,0,1,0,0,0,1
2023-12-21 00:00:00,1,1,43,2,0,8.9,4.7,1.2,0,0,0,0,1,0,0,0,1
2023-12-22 10:00:00,41,11,4989,72,0,12.1,6.4,14.3,1,0,0,0,0,0,0,0,1
2023-12-22 12:00:00,32,13,4404,26,0,12.1,6.4,14.3,1,0,0,0,0,0,0,0,1
2023-12-22 11:00:00,30,12,5346,58,0,12.1,6.4,14.3,1,0,0,0,0,0,0,0,1
2023-12-21 19:00:00,0,20,583,53,0,8.9,4.7,1.2,0,0,0,0,1,0,0,0,1
2023-12-22 16:00:00,8,17,3413,10,0,12.1,6.4,14.3,1,0,0,0,0,0,0,0,1
2023-12-23 03:00:00,0,4,33,28,0,10.3,3.5,3.6,0,0,1,0,0,0,0,0,1
2023-12-23 08:00:00,11,9,631,19,0,10.3,3.5,3.6,0,0,1,0,0,0,0,0,1
2023-12-23 10:00:00,10,11,2467,4,0,10.3,3.5,3.6,0,0,1,0,0,0,0,0,1
2023-12-23 11:00:00,7,12,3046,11,0,10.3,3.5,3.6,0,0,1,0,0,0,0,0,1
2023-12-23 16:00:00,6,17,2600,13,0,10.3,3.5,3.6,0,0,1,0,0,0,0,0,1
2023-12-23 12:00:00,5,13,2546,15,0,10.3,3.5,3.6,0,0,1,0,0,0,0,0,1
2023-12-23 09:00:00,5,10,1876,7,0,10.3,3.5,3.6,0,0,1,0,0,0,0,0,1
2023-12-23 18:00:00,4,19,869,23,0,10.3,3.5,3.6,0,0,1,0,0,0,0,0,1
2023-12-23 17:00:00,4,18,1938,5,0,10.3,3.5,3.6,0,0,1,0,0,0,0,0,1
2023-12-22 20:00:00,0,21,392,63,0,12.1,6.4,14.3,1,0,0,0,0,0,0,0,1
2023-12-22 00:00:00,0,1,118,38,0,12.1,6.4,14.3,1,0,0,0,0,0,0,0,1
2023-12-22 01:00:00,0,2,89,21,0,12.1,6.4,14.3,1,0,0,0,0,0,0,0,1
2023-12-22 06:00:00,0,7,68,16,0,12.1,6.4,14.3,1,0,0,0,0,0,0,0,1
2023-12-22 05:00:00,0,6,29,13,0,12.1,6.4,14.3,1,0,0,0,0,0,0,0,1
2023-12-22 03:00:00,0,4,22,10,0,12.1,6.4,14.3,1,0,0,0,0,0,0,0,1
2023-12-22 04:00:00,0,5,4,4,0,12.1,6.4,14.3,1,0,0,0,0,0,0,0,1
2023-12-23 15:00:00,19,16,4612,35,0,10.3,3.5,3.6,0,0,1,0,0,0,0,0,1
2023-12-23 13:00:00,17,14,3550,11,0,10.3,3.5,3.6,0,0,1,0,0,0,0,0,1
2023-12-23 14:00:00,13,15,3722,36,0,10.3,3.5,3.6,0,0,1,0,0,0,0,0,1
2023-12-23 22:00:00,0,23,105,12,0,10.3,3.5,3.6,0,0,1,0,0,0,0,0,1
2023-12-23 07:00:00,0,8,157,11,0,10.3,3.5,3.6,0,0,1,0,0,0,0,0,1
2023-12-23 19:00:00,0,20,284,7,0,10.3,3.5,3.6,0,0,1,0,0,0,0,0,1
2023-12-23 04:00:00,0,5,2,5,0,10.3,3.5,3.6,0,0,1,0,0,0,0,0,1
2023-12-23 05:00:00,0,6,22,3,0,10.3,3.5,3.6,0,0,1,0,0,0,0,0,1
2023-12-23 06:00:00,0,7,51,2,0,10.3,3.5,3.6,0,0,1,0,0,0,0,0,1
2023-12-24 13:00:00,17,14,1729,15,0,4.8,2.8,0.0,0,0,0,1,0,0,0,0,1
2023-12-22 15:00:00,7,16,2247,7,0,12.1,6.4,14.3,1,0,0,0,0,0,0,0,1
2023-12-22 07:00:00,1,8,275,42,0,12.1,6.4,14.3,1,0,0,0,0,0,0,0,1
2023-12-22 22:00:00,0,23,209,95,0,12.1,6.4,14.3,1,0,0,0,0,0,0,0,1
2023-12-22 21:00:00,0,22,342,81,0,12.1,6.4,14.3,1,0,0,0,0,0,0,0,1
2023-12-22 23:00:00,0,0,118,72,0,12.1,6.4,14.3,1,0,0,0,0,0,0,0,1
2023-12-22 08:00:00,6,9,1117,65,0,12.1,6.4,14.3,1,0,0,0,0,0,0,0,1
2023-12-22 19:00:00,5,20,590,85,0,12.1,6.4,14.3,1,0,0,0,0,0,0,0,1
2023-12-22 09:00:00,19,10,2730,64,0,12.1,6.4,14.3,1,0,0,0,0,0,0,0,1
2023-12-23 21:00:00,1,22,204,32,0,10.3,3.5,3.6,0,0,1,0,0,0,0,0,1
2023-12-22 18:00:00,4,19,1039,57,0,12.1,6.4,14.3,1,0,0,0,0,0,0,0,1
2023-12-22 13:00:00,15,14,3435,26,0,12.1,6.4,14.3,1,0,0,0,0,0,0,0,1
2023-12-22 17:00:00,4,18,1825,5,0,12.1,6.4,14.3,1,0,0,0,0,0,0,0,1
2023-12-22 14:00:00,11,15,2706,15,0,12.1,6.4,14.3,1,0,0,0,0,0,0,0,1
2023-12-23 00:00:00,0,1,114,72,0,10.3,3.5,3.6,0,0,1,0,0,0,0,0,1
2023-12-23 01:00:00,0,2,53,50,0,10.3,3.5,3.6,0,0,1,0,0,0,0,0,1
2023-12-22 02:00:00,3,3,55,18,0,12.1,6.4,14.3,1,0,0,0,0,0,0,0,1
2023-12-23 23:00:00,0,0,92,47,0,10.3,3.5,3.6,0,0,1,0,0,0,0,0,1
2023-12-23 20:00:00,0,21,341,43,0,10.3,3.5,3.6,0,0,1,0,0,0,0,0,1
2023-12-23 02:00:00,0,3,43,37,0,10.3,3.5,3.6,0,0,1,0,0,0,0,0,1
2023-12-25 14:00:00,3,15,123,2,1,6.3,0.4,3.4,0,1,0,0,0,0,0,0,1
2023-12-24 07:00:00,0,8,75,18,0,4.8,2.8,0.0,0,0,0,1,0,0,0,0,1
2023-12-25 10:00:00,3,11,96,2,1,6.3,0.4,3.4,0,1,0,0,0,0,0,0,1
2023-12-25 23:00:00,0,0,12,0,1,6.3,0.4,3.4,0,1,0,0,0,0,0,0,1
2023-12-24 18:00:00,0,19,218,15,0,4.8,2.8,0.0,0,0,0,1,0,0,0,0,1
2023-12-25 21:00:00,0,22,8,0,1,6.3,0.4,3.4,0,1,0,0,0,0,0,0,1
2023-12-25 06:00:00,0,7,4,0,1,6.3,0.4,3.4,0,1,0,0,0,0,0,0,1
2023-12-24 05:00:00,0,6,14,7,0,4.8,2.8,0.0,0,0,0,1,0,0,0,0,1
2023-12-24 06:00:00,0,7,33,6,0,4.8,2.8,0.0,0,0,0,1,0,0,0,0,1
2023-12-24 04:00:00,0,5,25,6,0,4.8,2.8,0.0,0,0,0,1,0,0,0,0,1
2023-12-24 16:00:00,2,17,925,14,0,4.8,2.8,0.0,0,0,0,1,0,0,0,0,1
2023-12-24 17:00:00,2,18,193,5,0,4.8,2.8,0.0,0,0,0,1,0,0,0,0,1
2023-12-24 10:00:00,1,11,990,8,0,4.8,2.8,0.0,0,0,0,1,0,0,0,0,1
2023-12-24 08:00:00,0,9,192,5,0,4.8,2.8,0.0,0,0,0,1,0,0,0,0,1
2023-12-24 09:00:00,0,10,526,3,0,4.8,2.8,0.0,0,0,0,1,0,0,0,0,1
2023-12-24 14:00:00,10,15,1936,17,0,4.8,2.8,0.0,0,0,0,1,0,0,0,0,1
2023-12-25 11:00:00,6,12,107,8,1,6.3,0.4,3.4,0,1,0,0,0,0,0,0,1
2023-12-25 09:00:00,6,10,37,2,1,6.3,0.4,3.4,0,1,0,0,0,0,0,0,1
2023-12-25 13:00:00,5,14,119,5,1,6.3,0.4,3.4,0,1,0,0,0,0,0,0,1
2023-12-25 15:00:00,4,16,177,7,1,6.3,0.4,3.4,0,1,0,0,0,0,0,0,1
2023-12-25 17:00:00,1,18,119,1,1,6.3,0.4,3.4,0,1,0,0,0,0,0,0,1
2023-12-25 08:00:00,1,9,8,1,1,6.3,0.4,3.4,0,1,0,0,0,0,0,0,1
2023-12-25 19:00:00,1,20,40,0,1,6.3,0.4,3.4,0,1,0,0,0,0,0,0,1
2023-12-25 07:00:00,1,8,1,0,1,6.3,0.4,3.4,0,1,0,0,0,0,0,0,1
2023-12-26 11:00:00,16,12,1314,22,1,8.8,0.4,14.8,0,0,0,0,0,1,0,0,1
2023-12-24 11:00:00,9,12,1479,6,0,4.8,2.8,0.0,0,0,0,1,0,0,0,0,1
2023-12-25 01:00:00,0,2,23,13,1,6.3,0.4,3.4,0,1,0,0,0,0,0,0,1
2023-12-25 00:00:00,0,1,28,11,1,6.3,0.4,3.4,0,1,0,0,0,0,0,0,1
2023-12-25 02:00:00,0,3,4,5,1,6.3,0.4,3.4,0,1,0,0,0,0,0,0,1
2023-12-25 05:00:00,0,6,1,4,1,6.3,0.4,3.4,0,1,0,0,0,0,0,0,1
2023-12-25 04:00:00,0,5,3,3,1,6.3,0.4,3.4,0,1,0,0,0,0,0,0,1
2023-12-25 18:00:00,0,19,62,1,1,6.3,0.4,3.4,0,1,0,0,0,0,0,0,1
2023-12-25 03:00:00,0,4,3,1,1,6.3,0.4,3.4,0,1,0,0,0,0,0,0,1
2023-12-25 16:00:00,0,17,120,0,1,6.3,0.4,3.4,0,1,0,0,0,0,0,0,1
2023-12-25 20:00:00,0,21,27,0,1,6.3,0.4,3.4,0,1,0,0,0,0,0,0,1
2023-12-25 22:00:00,0,23,23,0,1,6.3,0.4,3.4,0,1,0,0,0,0,0,0,1
2023-12-26 12:00:00,15,13,1627,8,1,8.8,0.4,14.8,0,0,0,0,0,1,0,0,1
2023-12-25 12:00:00,2,13,137,1,1,6.3,0.4,3.4,0,1,0,0,0,0,0,0,1
2023-12-26 14:00:00,7,15,2059,2,1,8.8,0.4,14.8,0,0,0,0,0,1,0,0,1
2023-12-26 09:00:00,6,10,395,25,1,8.8,0.4,14.8,0,0,0,0,0,1,0,0,1
2023-12-24 12:00:00,7,13,1609,3,0,4.8,2.8,0.0,0,0,0,1,0,0,0,0,1
2023-12-24 15:00:00,6,16,1720,10,0,4.8,2.8,0.0,0,0,0,1,0,0,0,0,1
2023-12-24 01:00:00,0,2,73,50,0,4.8,2.8,0.0,0,0,0,1,0,0,0,0,1
2023-12-24 00:00:00,0,1,155,49,0,4.8,2.8,0.0,0,0,0,1,0,0,0,0,1
2023-12-24 19:00:00,0,20,205,47,0,4.8,2.8,0.0,0,0,0,1,0,0,0,0,1
2023-12-24 21:00:00,0,22,107,40,0,4.8,2.8,0.0,0,0,0,1,0,0,0,0,1
2023-12-24 02:00:00,0,3,56,37,0,4.8,2.8,0.0,0,0,0,1,0,0,0,0,1
2023-12-24 20:00:00,0,21,159,34,0,4.8,2.8,0.0,0,0,0,1,0,0,0,0,1
2023-12-24 23:00:00,0,0,45,32,0,4.8,2.8,0.0,0,0,0,1,0,0,0,0,1
2023-12-24 22:00:00,0,23,87,30,0,4.8,2.8,0.0,0,0,0,1,0,0,0,0,1
2023-12-24 03:00:00,0,4,52,25,0,4.8,2.8,0.0,0,0,0,1,0,0,0,0,1
2023-12-27 13:00:00,16,14,1202,9,0,8.3,-4.0,22.5,0,0,0,0,0,0,1,0,1
2023-12-28 16:00:00,8,17,2711,20,0,5.3,3.4,19.9,0,0,0,0,1,0,0,0,1
2023-12-27 00:00:00,0,1,70,26,0,8.3,-4.0,22.5,0,0,0,0,0,0,1,0,1
2023-12-27 20:00:00,0,21,384,24,0,8.3,-4.0,22.5,0,0,0,0,0,0,1,0,1
2023-12-27 21:00:00,0,22,296,22,0,8.3,-4.0,22.5,0,0,0,0,0,0,1,0,1
2023-12-27 01:00:00,0,2,46,16,0,8.3,-4.0,22.5,0,0,0,0,0,0,1,0,1
2023-12-27 10:00:00,0,11,705,11,0,8.3,-4.0,22.5,0,0,0,0,0,0,1,0,1
2023-12-27 02:00:00,0,3,55,11,0,8.3,-4.0,22.5,0,0,0,0,0,0,1,0,1
2023-12-27 03:00:00,0,4,11,7,0,8.3,-4.0,22.5,0,0,0,0,0,0,1,0,1
2023-12-27 04:00:00,0,5,6,6,0,8.3,-4.0,22.5,0,0,0,0,0,0,1,0,1
2023-12-27 16:00:00,0,17,1523,5,0,8.3,-4.0,22.5,0,0,0,0,0,0,1,0,1
2023-12-27 22:00:00,0,23,63,4,0,8.3,-4.0,22.5,0,0,0,0,0,0,1,0,1
2023-12-26 13:00:00,5,14,2139,4,1,8.8,0.4,14.8,0,0,0,0,0,1,0,0,1
2023-12-26 15:00:00,1,16,2428,28,1,8.8,0.4,14.8,0,0,0,0,0,1,0,0,1
2023-12-26 22:00:00,1,23,89,25,1,8.8,0.4,14.8,0,0,0,0,0,1,0,0,1
2023-12-27 07:00:00,0,8,51,3,0,8.3,-4.0,22.5,0,0,0,0,0,0,1,0,1
2023-12-27 17:00:00,1,18,1225,19,0,8.3,-4.0,22.5,0,0,0,0,0,0,1,0,1
2023-12-27 09:00:00,1,10,441,13,0,8.3,-4.0,22.5,0,0,0,0,0,0,1,0,1
2023-12-27 11:00:00,9,12,561,7,0,8.3,-4.0,22.5,0,0,0,0,0,0,1,0,1
2023-12-28 15:00:00,7,16,4441,14,0,5.3,3.4,19.9,0,0,0,0,1,0,0,0,1
2023-12-27 08:00:00,0,9,161,1,0,8.3,-4.0,22.5,0,0,0,0,0,0,1,0,1
2023-12-27 05:00:00,0,6,12,1,0,8.3,-4.0,22.5,0,0,0,0,0,0,1,0,1
2023-12-27 06:00:00,0,7,11,1,0,8.3,-4.0,22.5,0,0,0,0,0,0,1,0,1
2023-12-27 23:00:00,0,0,46,0,0,8.3,-4.0,22.5,0,0,0,0,0,0,1,0,1
2023-12-28 11:00:00,28,12,3113,15,0,5.3,3.4,19.9,0,0,0,0,1,0,0,0,1
2023-12-28 12:00:00,13,13,2324,22,0,5.3,3.4,19.9,0,0,0,0,1,0,0,0,1
2023-12-28 10:00:00,13,11,2184,18,0,5.3,3.4,19.9,0,0,0,0,1,0,0,0,1
2023-12-28 14:00:00,12,15,3079,25,0,5.3,3.4,19.9,0,0,0,0,1,0,0,0,1
2023-12-28 13:00:00,11,14,3567,18,0,5.3,3.4,19.9,0,0,0,0,1,0,0,0,1
2023-12-26 10:00:00,4,11,942,36,1,8.8,0.4,14.8,0,0,0,0,0,1,0,0,1
2023-12-26 23:00:00,0,0,53,35,1,8.8,0.4,14.8,0,0,0,0,0,1,0,0,1
2023-12-26 08:00:00,4,9,122,5,1,8.8,0.4,14.8,0,0,0,0,0,1,0,0,1
2023-12-26 21:00:00,0,22,136,31,1,8.8,0.4,14.8,0,0,0,0,0,1,0,0,1
2023-12-26 20:00:00,0,21,168,28,1,8.8,0.4,14.8,0,0,0,0,0,1,0,0,1
2023-12-26 17:00:00,0,18,982,26,1,8.8,0.4,14.8,0,0,0,0,0,1,0,0,1
2023-12-26 19:00:00,0,20,255,21,1,8.8,0.4,14.8,0,0,0,0,0,1,0,0,1
2023-12-26 03:00:00,0,4,31,3,1,8.8,0.4,14.8,0,0,0,0,0,1,0,0,1
2023-12-26 05:00:00,0,6,8,3,1,8.8,0.4,14.8,0,0,0,0,0,1,0,0,1
2023-12-26 07:00:00,0,8,27,2,1,8.8,0.4,14.8,0,0,0,0,0,1,0,0,1
2023-12-26 06:00:00,0,7,11,1,1,8.8,0.4,14.8,0,0,0,0,0,1,0,0,1
2023-12-26 01:00:00,0,2,11,0,1,8.8,0.4,14.8,0,0,0,0,0,1,0,0,1
2023-12-26 02:00:00,0,3,11,0,1,8.8,0.4,14.8,0,0,0,0,0,1,0,0,1
2023-12-26 00:00:00,0,1,7,0,1,8.8,0.4,14.8,0,0,0,0,0,1,0,0,1
2023-12-26 04:00:00,0,5,1,0,1,8.8,0.4,14.8,0,0,0,0,0,1,0,0,1
2023-12-27 14:00:00,17,15,1446,9,0,8.3,-4.0,22.5,0,0,0,0,0,0,1,0,1
2023-12-27 15:00:00,7,16,1467,2,0,8.3,-4.0,22.5,0,0,0,0,0,0,1,0,1
2023-12-26 18:00:00,3,19,221,1,1,8.8,0.4,14.8,0,0,0,0,0,1,0,0,1
2023-12-26 16:00:00,2,17,2045,27,1,8.8,0.4,14.8,0,0,0,0,0,1,0,0,1
2023-12-28 09:00:00,5,10,1180,9,0,5.3,3.4,19.9,0,0,0,0,1,0,0,0,1
2023-12-28 07:00:00,2,8,151,6,0,5.3,3.4,19.9,0,0,0,0,1,0,0,0,1
2023-12-28 18:00:00,2,19,249,2,0,5.3,3.4,19.9,0,0,0,0,1,0,0,0,1
2023-12-28 17:00:00,2,18,1130,0,0,5.3,3.4,19.9,0,0,0,0,1,0,0,0,1
2023-12-27 18:00:00,3,19,537,17,0,8.3,-4.0,22.5,0,0,0,0,0,0,1,0,1
2023-12-27 12:00:00,3,13,894,5,0,8.3,-4.0,22.5,0,0,0,0,0,0,1,0,1
2023-12-27 19:00:00,2,20,402,27,0,8.3,-4.0,22.5,0,0,0,0,0,0,1,0,1
2023-12-28 19:00:00,1,20,278,32,0,5.3,3.4,19.9,0,0,0,0,1,0,0,0,1
2023-12-28 06:00:00,1,7,66,3,0,5.3,3.4,19.9,0,0,0,0,1,0,0,0,1
2023-12-28 08:00:00,1,9,485,1,0,5.3,3.4,19.9,0,0,0,0,1,0,0,0,1
2023-12-30 12:00:00,7,13,2531,13,0,8.1,-0.4,9.2,0,0,1,0,0,0,0,0,1
2023-12-30 14:00:00,7,15,1146,7,0,8.1,-0.4,9.2,0,0,1,0,0,0,0,0,1
2023-12-29 11:00:00,22,12,3171,9,0,6.8,3.0,0.1,1,0,0,0,0,0,0,0,1
2023-12-29 17:00:00,4,18,1354,5,0,6.8,3.0,0.1,1,0,0,0,0,0,0,0,1
2023-12-29 09:00:00,3,10,1363,20,0,6.8,3.0,0.1,1,0,0,0,0,0,0,0,1
2023-12-29 14:00:00,3,15,4849,10,0,6.8,3.0,0.1,1,0,0,0,0,0,0,0,1
2023-12-29 18:00:00,2,19,340,3,0,6.8,3.0,0.1,1,0,0,0,0,0,0,0,1
2023-12-28 21:00:00,0,22,344,31,0,5.3,3.4,19.9,0,0,0,0,1,0,0,0,1
2023-12-30 13:00:00,6,14,1185,8,0,8.1,-0.4,9.2,0,0,1,0,0,0,0,0,1
2023-12-29 20:00:00,1,21,465,40,0,6.8,3.0,0.1,1,0,0,0,0,0,0,0,1
2023-12-29 08:00:00,1,9,520,9,0,6.8,3.0,0.1,1,0,0,0,0,0,0,0,1
2023-12-29 19:00:00,0,20,611,92,0,6.8,3.0,0.1,1,0,0,0,0,0,0,0,1
2023-12-29 22:00:00,0,23,324,66,0,6.8,3.0,0.1,1,0,0,0,0,0,0,0,1
2023-12-29 23:00:00,0,0,121,65,0,6.8,3.0,0.1,1,0,0,0,0,0,0,0,1
2023-12-29 21:00:00,0,22,377,38,0,6.8,3.0,0.1,1,0,0,0,0,0,0,0,1
2023-12-30 23:00:00,1,0,62,11,0,8.1,-0.4,9.2,0,0,1,0,0,0,0,0,1
2023-12-30 08:00:00,1,9,449,10,0,8.1,-0.4,9.2,0,0,1,0,0,0,0,0,1
2023-12-30 15:00:00,1,16,1053,3,0,8.1,-0.4,9.2,0,0,1,0,0,0,0,0,1
2023-12-29 06:00:00,0,7,106,7,0,6.8,3.0,0.1,1,0,0,0,0,0,0,0,1
2023-12-29 12:00:00,17,13,3499,12,0,6.8,3.0,0.1,1,0,0,0,0,0,0,0,1
2023-12-29 07:00:00,0,8,124,6,0,6.8,3.0,0.1,1,0,0,0,0,0,0,0,1
2023-12-28 22:00:00,0,23,169,13,0,5.3,3.4,19.9,0,0,0,0,1,0,0,0,1
2023-12-29 10:00:00,14,11,2265,14,0,6.8,3.0,0.1,1,0,0,0,0,0,0,0,1
2023-12-28 20:00:00,0,21,210,12,0,5.3,3.4,19.9,0,0,0,0,1,0,0,0,1
2023-12-29 05:00:00,0,6,22,2,0,6.8,3.0,0.1,1,0,0,0,0,0,0,0,1
2023-12-29 03:00:00,0,4,5,1,0,6.8,3.0,0.1,1,0,0,0,0,0,0,0,1
2023-12-29 02:00:00,0,3,0,1,0,6.8,3.0,0.1,1,0,0,0,0,0,0,0,1
2023-12-29 00:00:00,0,1,14,0,0,6.8,3.0,0.1,1,0,0,0,0,0,0,0,1
2023-12-29 01:00:00,0,2,5,0,0,6.8,3.0,0.1,1,0,0,0,0,0,0,0,1
2023-12-29 04:00:00,0,5,1,0,0,6.8,3.0,0.1,1,0,0,0,0,0,0,0,1
2023-12-30 11:00:00,14,12,2632,14,0,8.1,-0.4,9.2,0,0,1,0,0,0,0,0,1
2023-12-30 10:00:00,10,11,2055,8,0,8.1,-0.4,9.2,0,0,1,0,0,0,0,0,1
2023-12-30 09:00:00,8,10,1042,14,0,8.1,-0.4,9.2,0,0,1,0,0,0,0,0,1
2023-12-29 13:00:00,12,14,3936,6,0,6.8,3.0,0.1,1,0,0,0,0,0,0,0,1
2023-12-28 23:00:00,0,0,19,2,0,5.3,3.4,19.9,0,0,0,0,1,0,0,0,1
2023-12-28 03:00:00,0,4,2,2,0,5.3,3.4,19.9,0,0,0,0,1,0,0,0,1
2023-12-28 00:00:00,0,1,39,0,0,5.3,3.4,19.9,0,0,0,0,1,0,0,0,1
2023-12-28 05:00:00,0,6,31,0,0,5.3,3.4,19.9,0,0,0,0,1,0,0,0,1
2023-12-28 02:00:00,0,3,9,0,0,5.3,3.4,19.9,0,0,0,0,1,0,0,0,1
2023-12-28 01:00:00,0,2,5,0,0,5.3,3.4,19.9,0,0,0,0,1,0,0,0,1
2023-12-28 04:00:00,0,5,4,0,0,5.3,3.4,19.9,0,0,0,0,1,0,0,0,1
2023-12-30 18:00:00,3,19,577,37,0,8.1,-0.4,9.2,0,0,1,0,0,0,0,0,1
2023-12-30 17:00:00,3,18,1098,21,0,8.1,-0.4,9.2,0,0,1,0,0,0,0,0,1
2023-12-30 21:00:00,2,22,217,32,0,8.1,-0.4,9.2,0,0,1,0,0,0,0,0,1
2023-12-30 20:00:00,2,21,220,20,0,8.1,-0.4,9.2,0,0,1,0,0,0,0,0,1
2023-12-30 16:00:00,2,17,1642,6,0,8.1,-0.4,9.2,0,0,1,0,0,0,0,0,1
2023-12-29 15:00:00,5,16,4404,10,0,6.8,3.0,0.1,1,0,0,0,0,0,0,0,1
2023-12-29 16:00:00,5,17,2829,8,0,6.8,3.0,0.1,1,0,0,0,0,0,0,0,1
2023-12-31 21:00:00,2,22,354,81,0,6.8,-1.0,0.2,0,0,0,1,0,0,0,0,1
2023-12-30 06:00:00,0,7,57,11,0,8.1,-0.4,9.2,0,0,1,0,0,0,0,0,1
2023-12-30 05:00:00,0,6,42,10,0,8.1,-0.4,9.2,0,0,1,0,0,0,0,0,1
2023-12-30 04:00:00,0,5,13,9,0,8.1,-0.4,9.2,0,0,1,0,0,0,0,0,1
2023-12-30 07:00:00,0,8,97,8,0,8.1,-0.4,9.2,0,0,1,0,0,0,0,0,1
2023-12-31 18:00:00,2,19,260,1,0,6.8,-1.0,0.2,0,0,0,1,0,0,0,0,1
2023-12-30 00:00:00,0,1,57,54,0,8.1,-0.4,9.2,0,0,1,0,0,0,0,0,1
2023-12-30 01:00:00,0,2,52,51,0,8.1,-0.4,9.2,0,0,1,0,0,0,0,0,1
2023-12-30 22:00:00,0,23,214,48,0,8.1,-0.4,9.2,0,0,1,0,0,0,0,0,1
2023-12-30 02:00:00,0,3,32,43,0,8.1,-0.4,9.2,0,0,1,0,0,0,0,0,1
2023-12-30 19:00:00,0,20,370,27,0,8.1,-0.4,9.2,0,0,1,0,0,0,0,0,1
2023-12-30 03:00:00,0,4,18,19,0,8.1,-0.4,9.2,0,0,1,0,0,0,0,0,1
2023-12-31 23:00:00,0,0,344,87,0,6.8,-1.0,0.2,0,0,0,1,0,0,0,0,1
2023-12-31 14:00:00,36,15,2420,12,0,6.8,-1.0,0.2,0,0,0,1,0,0,0,0,1
2023-12-31 12:00:00,32,13,1976,13,0,6.8,-1.0,0.2,0,0,0,1,0,0,0,0,1
2023-12-31 13:00:00,31,14,2373,16,0,6.8,-1.0,0.2,0,0,0,1,0,0,0,0,1
2023-12-31 11:00:00,16,12,1548,9,0,6.8,-1.0,0.2,0,0,0,1,0,0,0,0,1
2023-12-31 15:00:00,16,16,2083,4,0,6.8,-1.0,0.2,0,0,0,1,0,0,0,0,1
2023-12-31 09:00:00,14,10,240,9,0,6.8,-1.0,0.2,0,0,0,1,0,0,0,0,1
2023-12-31 19:00:00,0,20,260,11,0,6.8,-1.0,0.2,0,0,0,1,0,0,0,0,1
2023-12-31 04:00:00,0,5,8,3,0,6.8,-1.0,0.2,0,0,0,1,0,0,0,0,1
2023-12-31 08:00:00,0,9,105,2,0,6.8,-1.0,0.2,0,0,0,1,0,0,0,0,1
2023-12-31 07:00:00,0,8,54,2,0,6.8,-1.0,0.2,0,0,0,1,0,0,0,0,1
2023-12-31 01:00:00,0,2,24,2,0,6.8,-1.0,0.2,0,0,0,1,0,0,0,0,1
2023-12-31 02:00:00,0,3,15,2,0,6.8,-1.0,0.2,0,0,0,1,0,0,0,0,1
2023-12-31 06:00:00,0,7,28,1,0,6.8,-1.0,0.2,0,0,0,1,0,0,0,0,1
2023-12-31 05:00:00,0,6,26,1,0,6.8,-1.0,0.2,0,0,0,1,0,0,0,0,1
2023-12-31 03:00:00,0,4,15,1,0,6.8,-1.0,0.2,0,0,0,1,0,0,0,0,1
2023-12-31 17:00:00,1,18,454,3,0,6.8,-1.0,0.2,0,0,0,1,0,0,0,0,1
2023-12-31 00:00:00,1,1,43,3,0,6.8,-1.0,0.2,0,0,0,1,0,0,0,0,1
2023-12-31 10:00:00,7,11,755,2,0,6.8,-1.0,0.2,0,0,0,1,0,0,0,0,1
2023-12-31 16:00:00,4,17,1233,7,0,6.8,-1.0,0.2,0,0,0,1,0,0,0,0,1
2023-12-31 20:00:00,2,21,434,101,0,6.8,-1.0,0.2,0,0,0,1,0,0,0,0,1
2023-12-31 22:00:00,2,23,132,101,0,6.8,-1.0,0.2,0,0,0,1,0,0,0,0,1
2024-01-01 14:00:00,16,15,844,30,1,7.4,5.5,9.6,0,1,0,0,0,0,0,0,1
2024-01-01 10:00:00,6,11,288,20,1,7.4,5.5,9.6,0,1,0,0,0,0,0,0,1
2024-01-01 13:00:00,5,14,796,19,1,7.4,5.5,9.6,0,1,0,0,0,0,0,0,1
2024-01-01 02:00:00,1,3,183,72,1,7.4,5.5,9.6,0,1,0,0,0,0,0,0,1
2024-01-01 22:00:00,1,23,37,27,1,7.4,5.5,9.6,0,1,0,0,0,0,0,0,1
2024-01-01 12:00:00,1,13,230,5,1,7.4,5.5,9.6,0,1,0,0,0,0,0,0,1
2024-01-01 00:00:00,0,1,272,90,1,7.4,5.5,9.6,0,1,0,0,0,0,0,0,1
2024-01-01 15:00:00,5,16,466,11,1,7.4,5.5,9.6,0,1,0,0,0,0,0,0,1
2024-01-01 16:00:00,5,17,257,2,1,7.4,5.5,9.6,0,1,0,0,0,0,0,0,1
2024-01-02 12:00:00,18,13,2004,11,1,7.3,5.5,6.4,0,0,0,0,0,1,0,0,1
2024-01-01 09:00:00,3,10,120,9,1,7.4,5.5,9.6,0,1,0,0,0,0,0,0,1
2024-01-01 19:00:00,2,20,128,20,1,7.4,5.5,9.6,0,1,0,0,0,0,0,0,1
2024-01-01 11:00:00,2,12,279,10,1,7.4,5.5,9.6,0,1,0,0,0,0,0,0,1
2024-01-02 15:00:00,11,16,2686,20,1,7.3,5.5,6.4,0,0,0,0,0,1,0,0,1
2024-01-02 13:00:00,11,14,2593,13,1,7.3,5.5,6.4,0,0,0,0,0,1,0,0,1
2024-01-02 14:00:00,9,15,2813,24,1,7.3,5.5,6.4,0,0,0,0,0,1,0,0,1
2024-01-02 10:00:00,9,11,897,4,1,7.3,5.5,6.4,0,0,0,0,0,1,0,0,1
2024-01-02 09:00:00,6,10,380,6,1,7.3,5.5,6.4,0,0,0,0,0,1,0,0,1
2024-01-02 18:00:00,4,19,714,55,1,7.3,5.5,6.4,0,0,0,0,0,1,0,0,1
2024-01-02 11:00:00,4,12,1639,11,1,7.3,5.5,6.4,0,0,0,0,0,1,0,0,1
2024-01-01 01:00:00,0,2,242,54,1,7.4,5.5,9.6,0,1,0,0,0,0,0,0,1
2024-01-01 03:00:00,0,4,109,50,1,7.4,5.5,9.6,0,1,0,0,0,0,0,0,1
2024-01-02 01:00:00,0,2,11,10,1,7.3,5.5,6.4,0,0,0,0,0,1,0,0,1
2024-01-02 03:00:00,0,4,0,8,1,7.3,5.5,6.4,0,0,0,0,0,1,0,0,1
2024-01-02 08:00:00,0,9,165,7,1,7.3,5.5,6.4,0,0,0,0,0,1,0,0,1
2024-01-02 17:00:00,0,18,657,6,1,7.3,5.5,6.4,0,0,0,0,0,1,0,0,1
2024-01-01 04:00:00,0,5,36,37,1,7.4,5.5,9.6,0,1,0,0,0,0,0,0,1
2024-01-02 07:00:00,0,8,43,5,1,7.3,5.5,6.4,0,0,0,0,0,1,0,0,1
2024-01-01 23:00:00,0,0,27,36,1,7.4,5.5,9.6,0,1,0,0,0,0,0,0,1
2024-01-01 20:00:00,0,21,112,33,1,7.4,5.5,9.6,0,1,0,0,0,0,0,0,1
2024-01-02 06:00:00,0,7,29,4,1,7.3,5.5,6.4,0,0,0,0,0,1,0,0,1
2024-01-02 02:00:00,0,3,3,4,1,7.3,5.5,6.4,0,0,0,0,0,1,0,0,1
2024-01-02 04:00:00,0,5,1,3,1,7.3,5.5,6.4,0,0,0,0,0,1,0,0,1
2024-01-01 21:00:00,0,22,81,24,1,7.4,5.5,9.6,0,1,0,0,0,0,0,0,1
2024-01-02 05:00:00,0,6,11,1,1,7.3,5.5,6.4,0,0,0,0,0,1,0,0,1
2024-01-01 05:00:00,0,6,19,16,1,7.4,5.5,9.6,0,1,0,0,0,0,0,0,1
2024-01-02 19:00:00,0,20,485,66,1,7.3,5.5,6.4,0,0,0,0,0,1,0,0,1
2024-01-01 07:00:00,0,8,21,9,1,7.4,5.5,9.6,0,1,0,0,0,0,0,0,1
2024-01-01 08:00:00,0,9,60,8,1,7.4,5.5,9.6,0,1,0,0,0,0,0,0,1
2024-01-02 21:00:00,0,22,161,49,1,7.3,5.5,6.4,0,0,0,0,0,1,0,0,1
2024-01-02 23:00:00,0,0,22,35,1,7.3,5.5,6.4,0,0,0,0,0,1,0,0,1
2024-01-02 00:00:00,0,1,11,24,1,7.3,5.5,6.4,0,0,0,0,0,1,0,0,1
2024-01-01 06:00:00,0,7,19,4,1,7.4,5.5,9.6,0,1,0,0,0,0,0,0,1
2024-01-01 17:00:00,0,18,171,0,1,7.4,5.5,9.6,0,1,0,0,0,0,0,0,1
2024-01-01 18:00:00,0,19,81,0,1,7.4,5.5,9.6,0,1,0,0,0,0,0,0,1
2024-01-03 12:00:00,29,13,2962,15,0,7.3,5.7,9.3,0,0,0,0,0,0,1,0,1
2024-01-03 13:00:00,25,14,3267,6,0,7.3,5.7,9.3,0,0,0,0,0,0,1,0,1
2024-01-03 14:00:00,24,15,3319,16,0,7.3,5.7,9.3,0,0,0,0,0,0,1,0,1
2024-01-02 16:00:00,3,17,1304,6,1,7.3,5.5,6.4,0,0,0,0,0,1,0,0,1
2024-01-02 20:00:00,1,21,258,45,1,7.3,5.5,6.4,0,0,0,0,0,1,0,0,1
2024-01-02 22:00:00,1,23,68,28,1,7.3,5.5,6.4,0,0,0,0,0,1,0,0,1
2024-01-03 11:00:00,17,12,2440,18,0,7.3,5.7,9.3,0,0,0,0,0,0,1,0,1
2024-01-03 10:00:00,9,11,1912,14,0,7.3,5.7,9.3,0,0,0,0,0,0,1,0,1
2024-01-03 09:00:00,8,10,1152,17,0,7.3,5.7,9.3,0,0,0,0,0,0,1,0,1
2024-01-03 16:00:00,3,17,1846,9,0,7.3,5.7,9.3,0,0,0,0,0,0,1,0,1
2024-01-03 19:00:00,0,20,278,4,0,7.3,5.7,9.3,0,0,0,0,0,0,1,0,1
2024-01-03 18:00:00,0,19,255,4,0,7.3,5.7,9.3,0,0,0,0,0,0,1,0,1
2024-01-04 12:00:00,14,13,2829,9,0,6.4,6.0,9.3,0,0,0,0,1,0,0,0,1
2024-01-03 00:00:00,0,1,40,24,0,7.3,5.7,9.3,0,0,0,0,0,0,1,0,1
2024-01-03 02:00:00,0,3,10,17,0,7.3,5.7,9.3,0,0,0,0,0,0,1,0,1
2024-01-03 01:00:00,0,2,31,14,0,7.3,5.7,9.3,0,0,0,0,0,0,1,0,1
2024-01-03 07:00:00,0,8,129,3,0,7.3,5.7,9.3,0,0,0,0,0,0,1,0,1
2024-01-03 03:00:00,0,4,5,3,0,7.3,5.7,9.3,0,0,0,0,0,0,1,0,1
2024-01-03 21:00:00,0,22,117,2,0,7.3,5.7,9.3,0,0,0,0,0,0,1,0,1
2024-01-03 08:00:00,2,9,543,11,0,7.3,5.7,9.3,0,0,0,0,0,0,1,0,1
2024-01-03 17:00:00,2,18,1055,7,0,7.3,5.7,9.3,0,0,0,0,0,0,1,0,1
2024-01-03 06:00:00,0,7,41,1,0,7.3,5.7,9.3,0,0,0,0,0,0,1,0,1
2024-01-03 23:00:00,0,0,34,1,0,7.3,5.7,9.3,0,0,0,0,0,0,1,0,1
2024-01-03 20:00:00,0,21,140,0,0,7.3,5.7,9.3,0,0,0,0,0,0,1,0,1
2024-01-03 05:00:00,0,6,34,0,0,7.3,5.7,9.3,0,0,0,0,0,0,1,0,1
2024-01-03 04:00:00,0,5,12,0,0,7.3,5.7,9.3,0,0,0,0,0,0,1,0,1
2024-01-04 11:00:00,19,12,2500,20,0,6.4,6.0,9.3,0,0,0,0,1,0,0,0,1
2024-01-04 10:00:00,18,11,1774,18,0,6.4,6.0,9.3,0,0,0,0,1,0,0,0,1
2024-01-04 13:00:00,17,14,2851,9,0,6.4,6.0,9.3,0,0,0,0,1,0,0,0,1
2024-01-04 21:00:00,0,22,100,4,0,6.4,6.0,9.3,0,0,0,0,1,0,0,0,1
2024-01-04 06:00:00,0,7,58,3,0,6.4,6.0,9.3,0,0,0,0,1,0,0,0,1
2024-01-04 19:00:00,4,20,275,2,0,6.4,6.0,9.3,0,0,0,0,1,0,0,0,1
2024-01-04 20:00:00,0,21,133,2,0,6.4,6.0,9.3,0,0,0,0,1,0,0,0,1
2024-01-04 05:00:00,0,6,41,2,0,6.4,6.0,9.3,0,0,0,0,1,0,0,0,1
2024-01-04 02:00:00,0,3,15,1,0,6.4,6.0,9.3,0,0,0,0,1,0,0,0,1
2024-01-04 04:00:00,0,5,5,1,0,6.4,6.0,9.3,0,0,0,0,1,0,0,0,1
2024-01-04 00:00:00,0,1,20,0,0,6.4,6.0,9.3,0,0,0,0,1,0,0,0,1
2024-01-04 01:00:00,0,2,10,0,0,6.4,6.0,9.3,0,0,0,0,1,0,0,0,1
2024-01-04 03:00:00,0,4,5,0,0,6.4,6.0,9.3,0,0,0,0,1,0,0,0,1
2024-01-05 12:00:00,24,13,3206,41,0,5.6,6.0,0.0,1,0,0,0,0,0,0,0,1
2024-01-05 11:00:00,22,12,2847,51,0,5.6,6.0,0.0,1,0,0,0,0,0,0,0,1
2024-01-05 10:00:00,20,11,1962,57,0,5.6,6.0,0.0,1,0,0,0,0,0,0,0,1
2024-01-05 13:00:00,13,14,3835,34,0,5.6,6.0,0.0,1,0,0,0,0,0,0,0,1
2024-01-05 14:00:00,10,15,3631,27,0,5.6,6.0,0.0,1,0,0,0,0,0,0,0,1
2024-01-04 23:00:00,1,0,38,9,0,6.4,6.0,9.3,0,0,0,0,1,0,0,0,1
2024-01-04 16:00:00,1,17,2131,8,0,6.4,6.0,9.3,0,0,0,0,1,0,0,0,1
2024-01-04 07:00:00,1,8,181,8,0,6.4,6.0,9.3,0,0,0,0,1,0,0,0,1
2024-01-04 08:00:00,3,9,496,8,0,6.4,6.0,9.3,0,0,0,0,1,0,0,0,1
2024-01-04 18:00:00,1,19,390,2,0,6.4,6.0,9.3,0,0,0,0,1,0,0,0,1
2024-01-03 15:00:00,1,16,2566,2,0,7.3,5.7,9.3,0,0,0,0,0,0,1,0,1
2024-01-03 22:00:00,1,23,81,1,0,7.3,5.7,9.3,0,0,0,0,0,0,1,0,1
2024-01-04 09:00:00,8,10,1058,17,0,6.4,6.0,9.3,0,0,0,0,1,0,0,0,1
2024-01-04 14:00:00,8,15,2653,15,0,6.4,6.0,9.3,0,0,0,0,1,0,0,0,1
2024-01-04 22:00:00,6,23,67,2,0,6.4,6.0,9.3,0,0,0,0,1,0,0,0,1
2024-01-04 15:00:00,2,16,3167,6,0,6.4,6.0,9.3,0,0,0,0,1,0,0,0,1
2024-01-04 17:00:00,2,18,1201,6,0,6.4,6.0,9.3,0,0,0,0,1,0,0,0,1
2024-01-05 05:00:00,0,6,49,5,0,5.6,6.0,0.0,1,0,0,0,0,0,0,0,1
2024-01-05 20:00:00,0,21,214,4,0,5.6,6.0,0.0,1,0,0,0,0,0,0,0,1
2024-01-05 18:00:00,0,19,410,3,0,5.6,6.0,0.0,1,0,0,0,0,0,0,0,1
2024-01-05 19:00:00,0,20,292,3,0,5.6,6.0,0.0,1,0,0,0,0,0,0,0,1
2024-01-05 21:00:00,0,22,145,1,0,5.6,6.0,0.0,1,0,0,0,0,0,0,0,1
2024-01-06 14:00:00,36,15,3592,14,0,2.5,0.2,0.0,0,0,1,0,0,0,0,0,1
2024-01-06 12:00:00,20,13,2279,16,0,2.5,0.2,0.0,0,0,1,0,0,0,0,0,1
2024-01-06 13:00:00,16,14,2398,18,0,2.5,0.2,0.0,0,0,1,0,0,0,0,0,1
2024-01-06 15:00:00,10,16,3578,37,0,2.5,0.2,0.0,0,0,1,0,0,0,0,0,1
2024-01-05 09:00:00,9,10,1195,53,0,5.6,6.0,0.0,1,0,0,0,0,0,0,0,1
2024-01-05 23:00:00,0,0,84,54,0,5.6,6.0,0.0,1,0,0,0,0,0,0,0,1
2024-01-05 22:00:00,0,23,137,21,0,5.6,6.0,0.0,1,0,0,0,0,0,0,0,1
2024-01-05 07:00:00,0,8,220,19,0,5.6,6.0,0.0,1,0,0,0,0,0,0,0,1
2024-01-05 01:00:00,0,2,20,12,0,5.6,6.0,0.0,1,0,0,0,0,0,0,0,1
2024-01-05 02:00:00,0,3,7,10,0,5.6,6.0,0.0,1,0,0,0,0,0,0,0,1
2024-01-05 03:00:00,0,4,18,6,0,5.6,6.0,0.0,1,0,0,0,0,0,0,0,1
2024-01-05 04:00:00,0,5,6,6,0,5.6,6.0,0.0,1,0,0,0,0,0,0,0,1
2024-01-07 12:00:00,26,13,1806,27,0,2.9,0.1,0.0,0,0,0,1,0,0,0,0,1
2024-01-07 14:00:00,18,15,3129,42,0,2.9,0.1,0.0,0,0,0,1,0,0,0,0,1
2024-01-07 13:00:00,13,14,2843,43,0,2.9,0.1,0.0,0,0,0,1,0,0,0,0,1
2024-01-07 15:00:00,13,16,2604,43,0,2.9,0.1,0.0,0,0,0,1,0,0,0,0,1
2024-01-07 16:00:00,7,17,1971,35,0,2.9,0.1,0.0,0,0,0,1,0,0,0,0,1
2024-01-07 08:00:00,7,9,131,28,0,2.9,0.1,0.0,0,0,0,1,0,0,0,0,1
2024-01-07 11:00:00,7,12,1391,25,0,2.9,0.1,0.0,0,0,0,1,0,0,0,0,1
2024-01-05 15:00:00,7,16,3084,2,0,5.6,6.0,0.0,1,0,0,0,0,0,0,0,1
2024-01-05 16:00:00,4,17,2451,13,0,5.6,6.0,0.0,1,0,0,0,0,0,0,0,1
2024-01-05 08:00:00,2,9,563,32,0,5.6,6.0,0.0,1,0,0,0,0,0,0,0,1
2024-01-06 00:00:00,0,1,45,41,0,2.5,0.2,0.0,0,0,1,0,0,0,0,0,1
2024-01-06 01:00:00,0,2,23,34,0,2.5,0.2,0.0,0,0,1,0,0,0,0,0,1
2024-01-06 17:00:00,2,18,1258,9,0,2.5,0.2,0.0,0,0,1,0,0,0,0,0,1
2024-01-06 02:00:00,0,3,11,29,0,2.5,0.2,0.0,0,0,1,0,0,0,0,0,1
2024-01-06 11:00:00,6,12,2389,19,0,2.5,0.2,0.0,0,0,1,0,0,0,0,0,1
2024-01-06 10:00:00,6,11,1703,15,0,2.5,0.2,0.0,0,0,1,0,0,0,0,0,1
2024-01-06 03:00:00,0,4,30,25,0,2.5,0.2,0.0,0,0,1,0,0,0,0,0,1
2024-01-06 06:00:00,0,7,84,17,0,2.5,0.2,0.0,0,0,1,0,0,0,0,0,1
2024-01-05 00:00:00,1,1,55,18,0,5.6,6.0,0.0,1,0,0,0,0,0,0,0,1
2024-01-05 06:00:00,1,7,56,12,0,5.6,6.0,0.0,1,0,0,0,0,0,0,0,1
2024-01-05 17:00:00,1,18,1440,4,0,5.6,6.0,0.0,1,0,0,0,0,0,0,0,1
2024-01-06 05:00:00,0,6,28,10,0,2.5,0.2,0.0,0,0,1,0,0,0,0,0,1
2024-01-06 16:00:00,4,17,2349,17,0,2.5,0.2,0.0,0,0,1,0,0,0,0,0,1
2024-01-06 09:00:00,4,10,1095,4,0,2.5,0.2,0.0,0,0,1,0,0,0,0,0,1
2024-01-06 23:00:00,1,0,157,70,0,2.5,0.2,0.0,0,0,1,0,0,0,0,0,1
2024-01-06 08:00:00,0,9,371,8,0,2.5,0.2,0.0,0,0,1,0,0,0,0,0,1
2024-01-06 21:00:00,1,22,322,58,0,2.5,0.2,0.0,0,0,1,0,0,0,0,0,1
2024-01-06 04:00:00,0,5,8,5,0,2.5,0.2,0.0,0,0,1,0,0,0,0,0,1
2024-01-06 22:00:00,1,23,225,54,0,2.5,0.2,0.0,0,0,1,0,0,0,0,0,1
2024-01-06 20:00:00,1,21,541,48,0,2.5,0.2,0.0,0,0,1,0,0,0,0,0,1
2024-01-06 07:00:00,1,8,102,18,0,2.5,0.2,0.0,0,0,1,0,0,0,0,0,1
2024-01-06 19:00:00,1,20,543,14,0,2.5,0.2,0.0,0,0,1,0,0,0,0,0,1
2024-01-06 18:00:00,1,19,450,8,0,2.5,0.2,0.0,0,0,1,0,0,0,0,0,1
2024-01-07 23:00:00,1,0,44,0,0,2.9,0.1,0.0,0,0,0,1,0,0,0,0,1
2024-01-07 01:00:00,0,2,30,69,0,2.9,0.1,0.0,0,0,0,1,0,0,0,0,1
2024-01-08 19:00:00,0,20,488,30,0,3.9,-1.5,1.2,0,1,0,0,0,0,0,0,1
2024-01-08 12:00:00,28,13,2807,25,0,3.9,-1.5,1.2,0,1,0,0,0,0,0,0,1
2024-01-08 18:00:00,0,19,680,27,0,3.9,-1.5,1.2,0,1,0,0,0,0,0,0,1
2024-01-08 13:00:00,27,14,3070,16,0,3.9,-1.5,1.2,0,1,0,0,0,0,0,0,1
2024-01-08 22:00:00,1,23,142,34,0,3.9,-1.5,1.2,0,1,0,0,0,0,0,0,1
2024-01-07 00:00:00,0,1,51,65,0,2.9,0.1,0.0,0,0,0,1,0,0,0,0,1
2024-01-07 20:00:00,0,21,297,36,0,2.9,0.1,0.0,0,0,0,1,0,0,0,0,1
2024-01-07 21:00:00,0,22,259,27,0,2.9,0.1,0.0,0,0,0,1,0,0,0,0,1
2024-01-07 22:00:00,0,23,111,13,0,2.9,0.1,0.0,0,0,0,1,0,0,0,0,1
2024-01-07 07:00:00,0,8,44,8,0,2.9,0.1,0.0,0,0,0,1,0,0,0,0,1
2024-01-07 02:00:00,0,3,25,6,0,2.9,0.1,0.0,0,0,0,1,0,0,0,0,1
2024-01-07 06:00:00,0,7,52,1,0,2.9,0.1,0.0,0,0,0,1,0,0,0,0,1
2024-01-07 05:00:00,0,6,12,1,0,2.9,0.1,0.0,0,0,0,1,0,0,0,0,1
2024-01-07 03:00:00,0,4,36,0,0,2.9,0.1,0.0,0,0,0,1,0,0,0,0,1
2024-01-07 04:00:00,0,5,10,0,0,2.9,0.1,0.0,0,0,0,1,0,0,0,0,1
2024-01-08 14:00:00,27,15,2262,15,0,3.9,-1.5,1.2,0,1,0,0,0,0,0,0,1
2024-01-08 09:00:00,5,10,1248,18,0,3.9,-1.5,1.2,0,1,0,0,0,0,0,0,1
2024-01-08 08:00:00,5,9,560,5,0,3.9,-1.5,1.2,0,1,0,0,0,0,0,0,1
2024-01-08 21:00:00,0,22,246,14,0,3.9,-1.5,1.2,0,1,0,0,0,0,0,0,1
2024-01-08 23:00:00,0,0,65,11,0,3.9,-1.5,1.2,0,1,0,0,0,0,0,0,1
2024-01-08 06:00:00,0,7,75,5,0,3.9,-1.5,1.2,0,1,0,0,0,0,0,0,1
2024-01-08 07:00:00,0,8,208,3,0,3.9,-1.5,1.2,0,1,0,0,0,0,0,0,1
2024-01-08 03:00:00,0,4,12,3,0,3.9,-1.5,1.2,0,1,0,0,0,0,0,0,1
2024-01-08 01:00:00,0,2,15,2,0,3.9,-1.5,1.2,0,1,0,0,0,0,0,0,1
2024-01-08 00:00:00,0,1,28,0,0,3.9,-1.5,1.2,0,1,0,0,0,0,0,0,1
2024-01-08 05:00:00,0,6,26,0,0,3.9,-1.5,1.2,0,1,0,0,0,0,0,0,1
2024-01-08 02:00:00,0,3,22,0,0,3.9,-1.5,1.2,0,1,0,0,0,0,0,0,1
2024-01-08 04:00:00,0,5,3,0,0,3.9,-1.5,1.2,0,1,0,0,0,0,0,0,1
2024-01-09 14:00:00,18,15,2675,16,0,6.0,5.5,0.0,0,0,0,0,0,1,0,0,1
2024-01-09 12:00:00,18,13,3059,7,0,6.0,5.5,0.0,0,0,0,0,0,1,0,0,1
2024-01-08 17:00:00,1,18,1415,10,0,3.9,-1.5,1.2,0,1,0,0,0,0,0,0,1
2024-01-08 15:00:00,16,16,1978,13,0,3.9,-1.5,1.2,0,1,0,0,0,0,0,0,1
2024-01-07 10:00:00,5,11,629,25,0,2.9,0.1,0.0,0,0,0,1,0,0,0,0,1
2024-01-08 11:00:00,14,12,2187,24,0,3.9,-1.5,1.2,0,1,0,0,0,0,0,0,1
2024-01-09 13:00:00,16,14,3084,9,0,6.0,5.5,0.0,0,0,0,0,0,1,0,0,1
2024-01-08 20:00:00,2,21,337,28,0,3.9,-1.5,1.2,0,1,0,0,0,0,0,0,1
2024-01-08 16:00:00,2,17,1767,9,0,3.9,-1.5,1.2,0,1,0,0,0,0,0,0,1
2024-01-08 10:00:00,9,11,1866,21,0,3.9,-1.5,1.2,0,1,0,0,0,0,0,0,1
2024-01-09 10:00:00,13,11,1481,22,0,6.0,5.5,0.0,0,0,0,0,0,1,0,0,1
2024-01-09 11:00:00,13,12,2486,14,0,6.0,5.5,0.0,0,0,0,0,0,1,0,0,1
2024-01-09 15:00:00,11,16,2228,15,0,6.0,5.5,0.0,0,0,0,0,0,1,0,0,1
2024-01-07 09:00:00,3,10,271,17,0,2.9,0.1,0.0,0,0,0,1,0,0,0,0,1
2024-01-09 09:00:00,9,10,1230,21,0,6.0,5.5,0.0,0,0,0,0,0,1,0,0,1
2024-01-07 18:00:00,2,19,473,45,0,2.9,0.1,0.0,0,0,0,1,0,0,0,0,1
2024-01-07 19:00:00,2,20,368,42,0,2.9,0.1,0.0,0,0,0,1,0,0,0,0,1
2024-01-07 17:00:00,2,18,946,35,0,2.9,0.1,0.0,0,0,0,1,0,0,0,0,1
2024-01-09 07:00:00,1,8,213,5,0,6.0,5.5,0.0,0,0,0,0,0,1,0,0,1
2024-01-09 21:00:00,0,22,156,6,0,6.0,5.5,0.0,0,0,0,0,0,1,0,0,1
2024-01-09 00:00:00,0,1,20,3,0,6.0,5.5,0.0,0,0,0,0,0,1,0,0,1
2024-01-09 19:00:00,0,20,229,2,0,6.0,5.5,0.0,0,0,0,0,0,1,0,0,1
2024-01-10 19:00:00,0,20,562,35,0,4.5,1.1,0.0,0,0,0,0,0,0,1,0,1
2024-01-09 20:00:00,0,21,152,2,0,6.0,5.5,0.0,0,0,0,0,0,1,0,0,1
2024-01-09 18:00:00,0,19,408,1,0,6.0,5.5,0.0,0,0,0,0,0,1,0,0,1
2024-01-10 09:00:00,5,10,1186,20,0,4.5,1.1,0.0,0,0,0,0,0,0,1,0,1
2024-01-10 20:00:00,0,21,178,12,0,4.5,1.1,0.0,0,0,0,0,0,0,1,0,1
2024-01-09 22:00:00,0,23,81,1,0,6.0,5.5,0.0,0,0,0,0,0,1,0,0,1
2024-01-09 06:00:00,0,7,71,1,0,6.0,5.5,0.0,0,0,0,0,0,1,0,0,1
2024-01-10 16:00:00,15,17,1824,12,0,4.5,1.1,0.0,0,0,0,0,0,0,1,0,1
2024-01-10 11:00:00,15,12,2127,10,0,4.5,1.1,0.0,0,0,0,0,0,0,1,0,1
2024-01-10 15:00:00,15,16,1901,9,0,4.5,1.1,0.0,0,0,0,0,0,0,1,0,1
2024-01-10 14:00:00,12,15,2250,13,0,4.5,1.1,0.0,0,0,0,0,0,0,1,0,1
2024-01-10 12:00:00,12,13,2382,9,0,4.5,1.1,0.0,0,0,0,0,0,0,1,0,1
2024-01-10 08:00:00,7,9,519,7,0,4.5,1.1,0.0,0,0,0,0,0,0,1,0,1
2024-01-10 17:00:00,6,18,1246,2,0,4.5,1.1,0.0,0,0,0,0,0,0,1,0,1
2024-01-09 23:00:00,0,0,52,1,0,6.0,5.5,0.0,0,0,0,0,0,1,0,0,1
2024-01-09 05:00:00,0,6,28,0,0,6.0,5.5,0.0,0,0,0,0,0,1,0,0,1
2024-01-10 10:00:00,4,11,1736,15,0,4.5,1.1,0.0,0,0,0,0,0,0,1,0,1
2024-01-10 18:00:00,3,19,442,2,0,4.5,1.1,0.0,0,0,0,0,0,0,1,0,1
2024-01-10 06:00:00,0,7,67,6,0,4.5,1.1,0.0,0,0,0,0,0,0,1,0,1
2024-01-10 21:00:00,0,22,124,4,0,4.5,1.1,0.0,0,0,0,0,0,0,1,0,1
2024-01-10 04:00:00,0,5,5,4,0,4.5,1.1,0.0,0,0,0,0,0,0,1,0,1
2024-01-11 16:00:00,11,17,1672,6,0,5.0,2.2,0.2,0,0,0,0,1,0,0,0,1
2024-01-11 14:00:00,10,15,1925,23,0,5.0,2.2,0.2,0,0,0,0,1,0,0,0,1
2024-01-11 08:00:00,10,9,579,6,0,5.0,2.2,0.2,0,0,0,0,1,0,0,0,1
2024-01-11 17:00:00,5,18,1274,2,0,5.0,2.2,0.2,0,0,0,0,1,0,0,0,1
2024-01-10 07:00:00,0,8,187,3,0,4.5,1.1,0.0,0,0,0,0,0,0,1,0,1
2024-01-09 16:00:00,6,17,1826,10,0,6.0,5.5,0.0,0,0,0,0,0,1,0,0,1
2024-01-09 01:00:00,0,2,24,0,0,6.0,5.5,0.0,0,0,0,0,0,1,0,0,1
2024-01-10 00:00:00,0,1,48,3,0,4.5,1.1,0.0,0,0,0,0,0,0,1,0,1
2024-01-09 03:00:00,0,4,9,0,0,6.0,5.5,0.0,0,0,0,0,0,1,0,0,1
2024-01-10 01:00:00,0,2,13,2,0,4.5,1.1,0.0,0,0,0,0,0,0,1,0,1
2024-01-09 04:00:00,0,5,4,0,0,6.0,5.5,0.0,0,0,0,0,0,1,0,0,1
2024-01-10 05:00:00,0,6,42,1,0,4.5,1.1,0.0,0,0,0,0,0,0,1,0,1
2024-01-09 02:00:00,0,3,3,0,0,6.0,5.5,0.0,0,0,0,0,0,1,0,0,1
2024-01-09 08:00:00,5,9,670,10,0,6.0,5.5,0.0,0,0,0,0,0,1,0,0,1
2024-01-10 02:00:00,0,3,10,1,0,4.5,1.1,0.0,0,0,0,0,0,0,1,0,1
2024-01-10 22:00:00,0,23,106,0,0,4.5,1.1,0.0,0,0,0,0,0,0,1,0,1
2024-01-10 23:00:00,0,0,29,0,0,4.5,1.1,0.0,0,0,0,0,0,0,1,0,1
2024-01-10 03:00:00,0,4,1,0,0,4.5,1.1,0.0,0,0,0,0,0,0,1,0,1
2024-01-10 13:00:00,21,14,2532,13,0,4.5,1.1,0.0,0,0,0,0,0,0,1,0,1
2024-01-09 17:00:00,3,18,1274,7,0,6.0,5.5,0.0,0,0,0,0,0,1,0,0,1
2024-01-11 12:00:00,21,13,2366,13,0,5.0,2.2,0.2,0,0,0,0,1,0,0,0,1
2024-01-11 15:00:00,18,16,1989,8,0,5.0,2.2,0.2,0,0,0,0,1,0,0,0,1
2024-01-11 13:00:00,18,14,2430,5,0,5.0,2.2,0.2,0,0,0,0,1,0,0,0,1
2024-01-12 10:00:00,12,11,1922,10,0,5.8,5.5,0.0,1,0,0,0,0,0,0,0,1
2024-01-12 01:00:00,0,2,22,0,0,5.8,5.5,0.0,1,0,0,0,0,0,0,0,1
2024-01-11 06:00:00,0,7,86,3,0,5.0,2.2,0.2,0,0,0,0,1,0,0,0,1
2024-01-12 18:00:00,1,19,392,7,0,5.8,5.5,0.0,1,0,0,0,0,0,0,0,1
2024-01-12 19:00:00,1,20,400,4,0,5.8,5.5,0.0,1,0,0,0,0,0,0,0,1
2024-01-12 23:00:00,1,0,50,1,0,5.8,5.5,0.0,1,0,0,0,0,0,0,0,1
2024-01-11 09:00:00,4,10,1123,16,0,5.0,2.2,0.2,0,0,0,0,1,0,0,0,1
2024-01-13 20:00:00,7,21,360,59,0,3.7,5.5,0.0,0,0,1,0,0,0,0,0,1
2024-01-13 12:00:00,36,13,3148,15,0,3.7,5.5,0.0,0,0,1,0,0,0,0,0,1
2024-01-13 11:00:00,34,12,2575,11,0,3.7,5.5,0.0,0,0,1,0,0,0,0,0,1
2024-01-13 10:00:00,16,11,2003,11,0,3.7,5.5,0.0,0,0,1,0,0,0,0,0,1
2024-01-13 13:00:00,13,14,4043,15,0,3.7,5.5,0.0,0,0,1,0,0,0,0,0,1
2024-01-13 09:00:00,12,10,1199,7,0,3.7,5.5,0.0,0,0,1,0,0,0,0,0,1
2024-01-13 14:00:00,11,15,3400,11,0,3.7,5.5,0.0,0,0,1,0,0,0,0,0,1
2024-01-13 15:00:00,9,16,1992,20,0,3.7,5.5,0.0,0,0,1,0,0,0,0,0,1
2024-01-11 00:00:00,0,1,39,3,0,5.0,2.2,0.2,0,0,0,0,1,0,0,0,1
2024-01-11 22:00:00,0,23,80,2,0,5.0,2.2,0.2,0,0,0,0,1,0,0,0,1
2024-01-11 05:00:00,0,6,36,2,0,5.0,2.2,0.2,0,0,0,0,1,0,0,0,1
2024-01-11 11:00:00,3,12,1545,8,0,5.0,2.2,0.2,0,0,0,0,1,0,0,0,1
2024-01-11 10:00:00,2,11,1657,13,0,5.0,2.2,0.2,0,0,0,0,1,0,0,0,1
2024-01-11 07:00:00,2,8,229,7,0,5.0,2.2,0.2,0,0,0,0,1,0,0,0,1
2024-01-11 18:00:00,2,19,390,2,0,5.0,2.2,0.2,0,0,0,0,1,0,0,0,1
2024-01-12 16:00:00,11,17,1947,13,0,5.8,5.5,0.0,1,0,0,0,0,0,0,0,1
2024-01-12 08:00:00,10,9,567,5,0,5.8,5.5,0.0,1,0,0,0,0,0,0,0,1
2024-01-11 20:00:00,1,21,205,2,0,5.0,2.2,0.2,0,0,0,0,1,0,0,0,1
2024-01-11 21:00:00,0,22,147,1,0,5.0,2.2,0.2,0,0,0,0,1,0,0,0,1
2024-01-13 08:00:00,4,9,467,4,0,3.7,5.5,0.0,0,0,1,0,0,0,0,0,1
2024-01-13 18:00:00,3,19,481,10,0,3.7,5.5,0.0,0,0,1,0,0,0,0,0,1
2024-01-13 16:00:00,3,17,2312,8,0,3.7,5.5,0.0,0,0,1,0,0,0,0,0,1
2024-01-11 02:00:00,0,3,14,1,0,5.0,2.2,0.2,0,0,0,0,1,0,0,0,1
2024-01-11 04:00:00,0,5,4,1,0,5.0,2.2,0.2,0,0,0,0,1,0,0,0,1
2024-01-12 09:00:00,9,10,1280,19,0,5.8,5.5,0.0,1,0,0,0,0,0,0,0,1
2024-01-11 23:00:00,0,0,25,0,0,5.0,2.2,0.2,0,0,0,0,1,0,0,0,1
2024-01-11 03:00:00,0,4,11,0,0,5.0,2.2,0.2,0,0,0,0,1,0,0,0,1
2024-01-11 01:00:00,0,2,5,0,0,5.0,2.2,0.2,0,0,0,0,1,0,0,0,1
2024-01-12 15:00:00,6,16,2237,29,0,5.8,5.5,0.0,1,0,0,0,0,0,0,0,1
2024-01-12 17:00:00,4,18,1480,6,0,5.8,5.5,0.0,1,0,0,0,0,0,0,0,1
2024-01-11 19:00:00,0,20,436,17,0,5.0,2.2,0.2,0,0,0,0,1,0,0,0,1
2024-01-12 07:00:00,0,8,244,13,0,5.8,5.5,0.0,1,0,0,0,0,0,0,0,1
2024-01-12 13:00:00,26,14,2369,17,0,5.8,5.5,0.0,1,0,0,0,0,0,0,0,1
2024-01-12 12:00:00,22,13,2663,19,0,5.8,5.5,0.0,1,0,0,0,0,0,0,0,1
2024-01-12 05:00:00,0,6,40,4,0,5.8,5.5,0.0,1,0,0,0,0,0,0,0,1
2024-01-12 22:00:00,0,23,92,2,0,5.8,5.5,0.0,1,0,0,0,0,0,0,0,1
2024-01-12 04:00:00,0,5,7,2,0,5.8,5.5,0.0,1,0,0,0,0,0,0,0,1
2024-01-12 03:00:00,0,4,5,2,0,5.8,5.5,0.0,1,0,0,0,0,0,0,0,1
2024-01-12 20:00:00,0,21,203,1,0,5.8,5.5,0.0,1,0,0,0,0,0,0,0,1
2024-01-12 00:00:00,0,1,28,1,0,5.8,5.5,0.0,1,0,0,0,0,0,0,0,1
2024-01-12 02:00:00,0,3,8,1,0,5.8,5.5,0.0,1,0,0,0,0,0,0,0,1
2024-01-12 14:00:00,16,15,2087,34,0,5.8,5.5,0.0,1,0,0,0,0,0,0,0,1
2024-01-12 21:00:00,0,22,117,0,0,5.8,5.5,0.0,1,0,0,0,0,0,0,0,1
2024-01-12 06:00:00,0,7,68,0,0,5.8,5.5,0.0,1,0,0,0,0,0,0,0,1
2024-01-12 11:00:00,12,12,2345,11,0,5.8,5.5,0.0,1,0,0,0,0,0,0,0,1
2024-01-15 09:00:00,6,10,1205,18,0,1.2,5.5,0.0,0,1,0,0,0,0,0,0,1
2024-01-15 15:00:00,6,16,2029,16,0,1.2,5.5,0.0,0,1,0,0,0,0,0,0,1
2024-01-15 14:00:00,6,15,2272,6,0,1.2,5.5,0.0,0,1,0,0,0,0,0,0,1
2024-01-13 21:00:00,0,22,332,75,0,3.7,5.5,0.0,0,0,1,0,0,0,0,0,1
2024-01-13 23:00:00,0,0,135,71,0,3.7,5.5,0.0,0,0,1,0,0,0,0,0,1
2024-01-13 01:00:00,0,2,47,53,0,3.7,5.5,0.0,0,0,1,0,0,0,0,0,1
2024-01-13 00:00:00,0,1,52,42,0,3.7,5.5,0.0,0,0,1,0,0,0,0,0,1
2024-01-13 02:00:00,0,3,30,38,0,3.7,5.5,0.0,0,0,1,0,0,0,0,0,1
2024-01-13 03:00:00,0,4,33,29,0,3.7,5.5,0.0,0,0,1,0,0,0,0,0,1
2024-01-13 05:00:00,0,6,13,11,0,3.7,5.5,0.0,0,0,1,0,0,0,0,0,1
2024-01-13 04:00:00,0,5,11,8,0,3.7,5.5,0.0,0,0,1,0,0,0,0,0,1
2024-01-13 06:00:00,0,7,32,3,0,3.7,5.5,0.0,0,0,1,0,0,0,0,0,1
2024-01-13 07:00:00,0,8,75,2,0,3.7,5.5,0.0,0,0,1,0,0,0,0,0,1
2024-01-14 01:00:00,0,2,129,69,0,1.2,1.2,0.0,0,0,0,1,0,0,0,0,1
2024-01-14 02:00:00,0,3,58,66,0,1.2,1.2,0.0,0,0,0,1,0,0,0,0,1
2024-01-14 18:00:00,1,19,543,38,0,1.2,1.2,0.0,0,0,0,1,0,0,0,0,1
2024-01-14 19:00:00,1,20,314,21,0,1.2,1.2,0.0,0,0,0,1,0,0,0,0,1
2024-01-14 06:00:00,1,7,45,8,0,1.2,1.2,0.0,0,0,0,1,0,0,0,0,1
2024-01-14 08:00:00,1,9,67,7,0,1.2,1.2,0.0,0,0,0,1,0,0,0,0,1
2024-01-14 00:00:00,0,1,126,83,0,1.2,1.2,0.0,0,0,0,1,0,0,0,0,1
2024-01-15 11:00:00,17,12,2238,10,0,1.2,5.5,0.0,0,1,0,0,0,0,0,0,1
2024-01-14 12:00:00,28,13,1698,9,0,1.2,1.2,0.0,0,0,0,1,0,0,0,0,1
2024-01-14 22:00:00,5,23,114,33,0,1.2,1.2,0.0,0,0,0,1,0,0,0,0,1
2024-01-14 20:00:00,5,21,228,25,0,1.2,1.2,0.0,0,0,0,1,0,0,0,0,1
2024-01-14 17:00:00,4,18,1123,34,0,1.2,1.2,0.0,0,0,0,1,0,0,0,0,1
2024-01-14 21:00:00,3,22,104,14,0,1.2,1.2,0.0,0,0,0,1,0,0,0,0,1
2024-01-14 10:00:00,3,11,512,4,0,1.2,1.2,0.0,0,0,0,1,0,0,0,0,1
2024-01-14 09:00:00,3,10,193,4,0,1.2,1.2,0.0,0,0,0,1,0,0,0,0,1
2024-01-14 23:00:00,2,0,33,25,0,1.2,1.2,0.0,0,0,0,1,0,0,0,0,1
2024-01-14 15:00:00,2,16,1919,3,0,1.2,1.2,0.0,0,0,0,1,0,0,0,0,1
2024-01-15 13:00:00,14,14,2525,9,0,1.2,5.5,0.0,0,1,0,0,0,0,0,0,1
2024-01-14 03:00:00,0,4,18,44,0,1.2,1.2,0.0,0,0,0,1,0,0,0,0,1
2024-01-15 07:00:00,3,8,342,46,0,1.2,5.5,0.0,0,1,0,0,0,0,0,0,1
2024-01-15 17:00:00,3,18,1345,3,0,1.2,5.5,0.0,0,1,0,0,0,0,0,0,1
2024-01-14 04:00:00,0,5,3,15,0,1.2,1.2,0.0,0,0,0,1,0,0,0,0,1
2024-01-14 13:00:00,21,14,1967,15,0,1.2,1.2,0.0,0,0,0,1,0,0,0,0,1
2024-01-14 07:00:00,0,8,79,11,0,1.2,1.2,0.0,0,0,0,1,0,0,0,0,1
2024-01-14 05:00:00,0,6,9,11,0,1.2,1.2,0.0,0,0,0,1,0,0,0,0,1
2024-01-13 22:00:00,1,23,285,86,0,3.7,5.5,0.0,0,0,1,0,0,0,0,0,1
2024-01-14 11:00:00,18,12,1165,8,0,1.2,1.2,0.0,0,0,0,1,0,0,0,0,1
2024-01-13 19:00:00,1,20,544,77,0,3.7,5.5,0.0,0,0,1,0,0,0,0,0,1
2024-01-15 08:00:00,8,9,613,28,0,1.2,5.5,0.0,0,1,0,0,0,0,0,0,1
2024-01-14 14:00:00,15,15,1674,5,0,1.2,1.2,0.0,0,0,0,1,0,0,0,0,1
2024-01-15 10:00:00,8,11,1880,15,0,1.2,5.5,0.0,0,1,0,0,0,0,0,0,1
2024-01-15 06:00:00,2,7,78,18,0,1.2,5.5,0.0,0,1,0,0,0,0,0,0,1
2024-01-15 12:00:00,37,13,2415,11,0,1.2,5.5,0.0,0,1,0,0,0,0,0,0,1
2024-01-15 16:00:00,2,17,1974,5,0,1.2,5.5,0.0,0,1,0,0,0,0,0,0,1
2024-01-13 17:00:00,1,18,1095,2,0,3.7,5.5,0.0,0,0,1,0,0,0,0,0,1
2024-01-14 16:00:00,11,17,2022,37,0,1.2,1.2,0.0,0,0,0,1,0,0,0,0,1
2024-01-15 01:00:00,0,2,25,13,0,1.2,5.5,0.0,0,1,0,0,0,0,0,0,1
2024-01-15 02:00:00,0,3,12,12,0,1.2,5.5,0.0,0,1,0,0,0,0,0,0,1
2024-01-15 03:00:00,0,4,2,9,0,1.2,5.5,0.0,0,1,0,0,0,0,0,0,1
2024-01-15 19:00:00,0,20,273,4,0,1.2,5.5,0.0,0,1,0,0,0,0,0,0,1
2024-01-15 22:00:00,0,23,57,4,0,1.2,5.5,0.0,0,1,0,0,0,0,0,0,1
2024-01-15 04:00:00,0,5,18,4,0,1.2,5.5,0.0,0,1,0,0,0,0,0,0,1
2024-01-15 21:00:00,0,22,162,0,0,1.2,5.5,0.0,0,1,0,0,0,0,0,0,1
2024-01-15 23:00:00,0,0,29,0,0,1.2,5.5,0.0,0,1,0,0,0,0,0,0,1
2024-01-17 09:00:00,3,10,1121,50,0,1.7,-3.8,0.0,0,0,0,0,0,0,1,0,1
2024-01-17 10:00:00,3,11,1940,47,0,1.7,-3.8,0.0,0,0,0,0,0,0,1,0,1
2024-01-16 22:00:00,1,23,169,30,0,0.4,-1.4,0.9,0,0,0,0,0,1,0,0,1
2024-01-17 18:00:00,3,19,806,45,0,1.7,-3.8,0.0,0,0,0,0,0,0,1,0,1
2024-01-17 08:00:00,3,9,760,45,0,1.7,-3.8,0.0,0,0,0,0,0,0,1,0,1
2024-01-16 07:00:00,1,8,273,11,0,0.4,-1.4,0.9,0,0,0,0,0,1,0,0,1
2024-01-16 12:00:00,18,13,2889,45,0,0.4,-1.4,0.9,0,0,0,0,0,1,0,0,1
2024-01-16 06:00:00,0,7,67,5,0,0.4,-1.4,0.9,0,0,0,0,0,1,0,0,1
2024-01-16 05:00:00,0,6,18,3,0,0.4,-1.4,0.9,0,0,0,0,0,1,0,0,1
2024-01-16 23:00:00,0,0,46,2,0,0.4,-1.4,0.9,0,0,0,0,0,1,0,0,1
2024-01-16 04:00:00,0,5,17,2,0,0.4,-1.4,0.9,0,0,0,0,0,1,0,0,1
2024-01-16 03:00:00,0,4,2,2,0,0.4,-1.4,0.9,0,0,0,0,0,1,0,0,1
2024-01-16 02:00:00,0,3,0,1,0,0.4,-1.4,0.9,0,0,0,0,0,1,0,0,1
2024-01-16 00:00:00,0,1,12,0,0,0.4,-1.4,0.9,0,0,0,0,0,1,0,0,1
2024-01-16 01:00:00,0,2,7,0,0,0.4,-1.4,0.9,0,0,0,0,0,1,0,0,1
2024-01-17 14:00:00,14,15,2025,3,0,1.7,-3.8,0.0,0,0,0,0,0,0,1,0,1
2024-01-17 16:00:00,13,17,2173,26,0,1.7,-3.8,0.0,0,0,0,0,0,0,1,0,1
2024-01-17 12:00:00,13,13,2149,8,0,1.7,-3.8,0.0,0,0,0,0,0,0,1,0,1
2024-01-16 14:00:00,25,15,2708,37,0,0.4,-1.4,0.9,0,0,0,0,0,1,0,0,1
2024-01-17 13:00:00,7,14,2169,7,0,1.7,-3.8,0.0,0,0,0,0,0,0,1,0,1
2024-01-17 15:00:00,7,16,1663,4,0,1.7,-3.8,0.0,0,0,0,0,0,0,1,0,1
2024-01-17 11:00:00,6,12,2441,24,0,1.7,-3.8,0.0,0,0,0,0,0,0,1,0,1
2024-01-17 17:00:00,5,18,1583,31,0,1.7,-3.8,0.0,0,0,0,0,0,0,1,0,1
2024-01-16 15:00:00,21,16,1794,44,0,0.4,-1.4,0.9,0,0,0,0,0,1,0,0,1
2024-01-16 08:00:00,15,9,650,17,0,0.4,-1.4,0.9,0,0,0,0,0,1,0,0,1
2024-01-16 13:00:00,14,14,3241,49,0,0.4,-1.4,0.9,0,0,0,0,0,1,0,0,1
2024-01-16 17:00:00,4,18,1234,42,0,0.4,-1.4,0.9,0,0,0,0,0,1,0,0,1
2024-01-16 18:00:00,3,19,595,52,0,0.4,-1.4,0.9,0,0,0,0,0,1,0,0,1
2024-01-16 21:00:00,1,22,210,47,0,0.4,-1.4,0.9,0,0,0,0,0,1,0,0,1
2024-01-16 19:00:00,1,20,357,44,0,0.4,-1.4,0.9,0,0,0,0,0,1,0,0,1
2024-01-16 20:00:00,1,21,325,44,0,0.4,-1.4,0.9,0,0,0,0,0,1,0,0,1
2024-01-17 20:00:00,1,21,502,36,0,1.7,-3.8,0.0,0,0,0,0,0,0,1,0,1
2024-01-16 16:00:00,12,17,1495,31,0,0.4,-1.4,0.9,0,0,0,0,0,1,0,0,1
2024-01-16 10:00:00,12,11,1534,14,0,0.4,-1.4,0.9,0,0,0,0,0,1,0,0,1
2024-01-16 11:00:00,12,12,2053,10,0,0.4,-1.4,0.9,0,0,0,0,0,1,0,0,1
2024-01-16 09:00:00,11,10,1080,27,0,0.4,-1.4,0.9,0,0,0,0,0,1,0,0,1
2024-01-15 18:00:00,2,19,466,1,0,1.2,5.5,0.0,0,1,0,0,0,0,0,0,1
2024-01-15 00:00:00,1,1,39,26,0,1.2,5.5,0.0,0,1,0,0,0,0,0,0,1
2024-01-15 05:00:00,1,6,24,9,0,1.2,5.5,0.0,0,1,0,0,0,0,0,0,1
2024-01-15 20:00:00,1,21,175,2,0,1.2,5.5,0.0,0,1,0,0,0,0,0,0,1
2024-01-18 19:00:00,0,20,226,7,0,5.2,-3.2,0.0,0,0,0,0,1,0,0,0,1
2024-01-18 07:00:00,0,8,220,3,0,5.2,-3.2,0.0,0,0,0,0,1,0,0,0,1
2024-01-18 22:00:00,0,23,99,3,0,5.2,-3.2,0.0,0,0,0,0,1,0,0,0,1
2024-01-18 05:00:00,0,6,55,3,0,5.2,-3.2,0.0,0,0,0,0,1,0,0,0,1
2024-01-18 21:00:00,0,22,124,2,0,5.2,-3.2,0.0,0,0,0,0,1,0,0,0,1
2024-01-18 23:00:00,0,0,44,2,0,5.2,-3.2,0.0,0,0,0,0,1,0,0,0,1
2024-01-18 02:00:00,0,3,19,2,0,5.2,-3.2,0.0,0,0,0,0,1,0,0,0,1
2024-01-18 00:00:00,0,1,24,1,0,5.2,-3.2,0.0,0,0,0,0,1,0,0,0,1
2024-01-18 01:00:00,0,2,15,1,0,5.2,-3.2,0.0,0,0,0,0,1,0,0,0,1
2024-01-18 03:00:00,0,4,2,1,0,5.2,-3.2,0.0,0,0,0,0,1,0,0,0,1
2024-01-17 07:00:00,1,8,322,14,0,1.7,-3.8,0.0,0,0,0,0,0,0,1,0,1
2024-01-17 22:00:00,1,23,132,14,0,1.7,-3.8,0.0,0,0,0,0,0,0,1,0,1
2024-01-17 06:00:00,0,7,66,6,0,1.7,-3.8,0.0,0,0,0,0,0,0,1,0,1
2024-01-17 23:00:00,0,0,51,2,0,1.7,-3.8,0.0,0,0,0,0,0,0,1,0,1
2024-01-19 17:00:00,7,18,1448,2,0,8.7,5.5,1.2,1,0,0,0,0,0,0,0,1
2024-01-19 08:00:00,3,9,578,9,0,8.7,5.5,1.2,1,0,0,0,0,0,0,0,1
2024-01-17 02:00:00,0,3,6,2,0,1.7,-3.8,0.0,0,0,0,0,0,0,1,0,1
2024-01-17 05:00:00,0,6,39,1,0,1.7,-3.8,0.0,0,0,0,0,0,0,1,0,1
2024-01-17 00:00:00,1,1,26,2,0,1.7,-3.8,0.0,0,0,0,0,0,0,1,0,1
2024-01-19 09:00:00,2,10,1072,18,0,8.7,5.5,1.2,1,0,0,0,0,0,0,0,1
2024-01-17 04:00:00,0,5,7,1,0,1.7,-3.8,0.0,0,0,0,0,0,0,1,0,1
2024-01-17 19:00:00,0,20,648,52,0,1.7,-3.8,0.0,0,0,0,0,0,0,1,0,1
2024-01-17 21:00:00,0,22,351,34,0,1.7,-3.8,0.0,0,0,0,0,0,0,1,0,1
2024-01-17 03:00:00,0,4,5,0,0,1.7,-3.8,0.0,0,0,0,0,0,0,1,0,1
2024-01-17 01:00:00,0,2,2,0,0,1.7,-3.8,0.0,0,0,0,0,0,0,1,0,1
2024-01-19 19:00:00,2,20,359,1,0,8.7,5.5,1.2,1,0,0,0,0,0,0,0,1
2024-01-18 20:00:00,0,21,197,0,0,5.2,-3.2,0.0,0,0,0,0,1,0,0,0,1
2024-01-19 23:00:00,1,0,96,62,0,8.7,5.5,1.2,1,0,0,0,0,0,0,0,1
2024-01-18 06:00:00,0,7,43,0,0,5.2,-3.2,0.0,0,0,0,0,1,0,0,0,1
2024-01-18 04:00:00,0,5,11,0,0,5.2,-3.2,0.0,0,0,0,0,1,0,0,0,1
2024-01-18 17:00:00,2,18,1253,9,0,5.2,-3.2,0.0,0,0,0,0,1,0,0,0,1
2024-01-18 08:00:00,2,9,550,4,0,5.2,-3.2,0.0,0,0,0,0,1,0,0,0,1
2024-01-19 13:00:00,29,14,2012,8,0,8.7,5.5,1.2,1,0,0,0,0,0,0,0,1
2024-01-19 12:00:00,22,13,1534,6,0,8.7,5.5,1.2,1,0,0,0,0,0,0,0,1
2024-01-19 15:00:00,20,16,2513,37,0,8.7,5.5,1.2,1,0,0,0,0,0,0,0,1
2024-01-19 16:00:00,20,17,1951,34,0,8.7,5.5,1.2,1,0,0,0,0,0,0,0,1
2024-01-19 11:00:00,18,12,1584,5,0,8.7,5.5,1.2,1,0,0,0,0,0,0,0,1
2024-01-19 14:00:00,15,15,2366,11,0,8.7,5.5,1.2,1,0,0,0,0,0,0,0,1
2024-01-19 10:00:00,11,11,1595,20,0,8.7,5.5,1.2,1,0,0,0,0,0,0,0,1
2024-01-18 13:00:00,23,14,2406,11,0,5.2,-3.2,0.0,0,0,0,0,1,0,0,0,1
2024-01-18 12:00:00,19,13,2547,13,0,5.2,-3.2,0.0,0,0,0,0,1,0,0,0,1
2024-01-18 11:00:00,18,12,1913,5,0,5.2,-3.2,0.0,0,0,0,0,1,0,0,0,1
2024-01-18 09:00:00,5,10,1123,24,0,5.2,-3.2,0.0,0,0,0,0,1,0,0,0,1
2024-01-18 14:00:00,5,15,2227,3,0,5.2,-3.2,0.0,0,0,0,0,1,0,0,0,1
2024-01-18 10:00:00,4,11,1612,21,0,5.2,-3.2,0.0,0,0,0,0,1,0,0,0,1
2024-01-18 15:00:00,4,16,2211,10,0,5.2,-3.2,0.0,0,0,0,0,1,0,0,0,1
2024-01-18 18:00:00,1,19,297,6,0,5.2,-3.2,0.0,0,0,0,0,1,0,0,0,1
2024-01-18 16:00:00,3,17,1843,6,0,5.2,-3.2,0.0,0,0,0,0,1,0,0,0,1
2024-01-20 23:00:00,0,0,72,80,0,11.6,5.5,1.0,0,0,1,0,0,0,0,0,1
2024-01-20 22:00:00,0,23,260,77,0,11.6,5.5,1.0,0,0,1,0,0,0,0,0,1
2024-01-20 00:00:00,0,1,67,54,0,11.6,5.5,1.0,0,0,1,0,0,0,0,0,1
2024-01-19 22:00:00,0,23,311,64,0,8.7,5.5,1.2,1,0,0,0,0,0,0,0,1
2024-01-19 21:00:00,0,22,297,61,0,8.7,5.5,1.2,1,0,0,0,0,0,0,0,1
2024-01-19 18:00:00,0,19,470,5,0,8.7,5.5,1.2,1,0,0,0,0,0,0,0,1
2024-01-19 07:00:00,0,8,229,4,0,8.7,5.5,1.2,1,0,0,0,0,0,0,0,1
2024-01-19 04:00:00,0,5,9,2,0,8.7,5.5,1.2,1,0,0,0,0,0,0,0,1
2024-01-19 20:00:00,0,21,274,1,0,8.7,5.5,1.2,1,0,0,0,0,0,0,0,1
2024-01-19 05:00:00,0,6,51,1,0,8.7,5.5,1.2,1,0,0,0,0,0,0,0,1
2024-01-19 02:00:00,0,3,8,1,0,8.7,5.5,1.2,1,0,0,0,0,0,0,0,1
2024-01-19 00:00:00,0,1,44,0,0,8.7,5.5,1.2,1,0,0,0,0,0,0,0,1
2024-01-19 06:00:00,0,7,42,0,0,8.7,5.5,1.2,1,0,0,0,0,0,0,0,1
2024-01-19 01:00:00,0,2,8,0,0,8.7,5.5,1.2,1,0,0,0,0,0,0,0,1
2024-01-19 03:00:00,0,4,4,0,0,8.7,5.5,1.2,1,0,0,0,0,0,0,0,1
2024-01-20 12:00:00,31,13,3847,43,0,11.6,5.5,1.0,0,0,1,0,0,0,0,0,1
2024-01-20 08:00:00,0,9,459,13,0,11.6,5.5,1.0,0,0,1,0,0,0,0,0,1
2024-01-20 19:00:00,0,20,307,12,0,11.6,5.5,1.0,0,0,1,0,0,0,0,0,1
2024-01-20 02:00:00,0,3,38,10,0,11.6,5.5,1.0,0,0,1,0,0,0,0,0,1
2024-01-20 01:00:00,0,2,88,2,0,11.6,5.5,1.0,0,0,1,0,0,0,0,0,1
2024-01-20 07:00:00,0,8,59,2,0,11.6,5.5,1.0,0,0,1,0,0,0,0,0,1
2024-01-20 04:00:00,0,5,7,1,0,11.6,5.5,1.0,0,0,1,0,0,0,0,0,1
2024-01-20 05:00:00,0,6,31,0,0,11.6,5.5,1.0,0,0,1,0,0,0,0,0,1
2024-01-20 06:00:00,0,7,12,0,0,11.6,5.5,1.0,0,0,1,0,0,0,0,0,1
2024-01-21 14:00:00,19,15,1733,9,0,6.2,5.5,10.0,0,0,0,1,0,0,0,0,1
2024-01-21 12:00:00,18,13,1497,5,0,6.2,5.5,10.0,0,0,0,1,0,0,0,0,1
2024-01-20 20:00:00,1,21,539,50,0,11.6,5.5,1.0,0,0,1,0,0,0,0,0,1
2024-01-21 22:00:00,1,23,188,33,0,6.2,5.5,10.0,0,0,0,1,0,0,0,0,1
2024-01-20 03:00:00,1,4,53,4,0,11.6,5.5,1.0,0,0,1,0,0,0,0,0,1
2024-01-20 14:00:00,21,15,3284,42,0,11.6,5.5,1.0,0,0,1,0,0,0,0,0,1
2024-01-20 13:00:00,18,14,4134,27,0,11.6,5.5,1.0,0,0,1,0,0,0,0,0,1
2024-01-20 11:00:00,15,12,2894,23,0,11.6,5.5,1.0,0,0,1,0,0,0,0,0,1
2024-01-20 15:00:00,12,16,2918,19,0,11.6,5.5,1.0,0,0,1,0,0,0,0,0,1
2024-01-20 16:00:00,9,17,2065,6,0,11.6,5.5,1.0,0,0,1,0,0,0,0,0,1
2024-01-21 13:00:00,17,14,1743,2,0,6.2,5.5,10.0,0,0,0,1,0,0,0,0,1
2024-01-21 11:00:00,12,12,1072,5,0,6.2,5.5,10.0,0,0,0,1,0,0,0,0,1
2024-01-21 10:00:00,9,11,536,1,0,6.2,5.5,10.0,0,0,0,1,0,0,0,0,1
2024-01-21 09:00:00,8,10,187,2,0,6.2,5.5,10.0,0,0,0,1,0,0,0,0,1
2024-01-21 15:00:00,7,16,1399,4,0,6.2,5.5,10.0,0,0,0,1,0,0,0,0,1
2024-01-20 10:00:00,5,11,1796,14,0,11.6,5.5,1.0,0,0,1,0,0,0,0,0,1
2024-01-20 09:00:00,5,10,1072,7,0,11.6,5.5,1.0,0,0,1,0,0,0,0,0,1
2024-01-21 01:00:00,0,2,55,71,0,6.2,5.5,10.0,0,0,0,1,0,0,0,0,1
2024-01-21 00:00:00,0,1,133,70,0,6.2,5.5,10.0,0,0,0,1,0,0,0,0,1
2024-01-21 02:00:00,0,3,107,66,0,6.2,5.5,10.0,0,0,0,1,0,0,0,0,1
2024-01-21 03:00:00,0,4,86,51,0,6.2,5.5,10.0,0,0,0,1,0,0,0,0,1
2024-01-21 23:00:00,0,0,42,33,0,6.2,5.5,10.0,0,0,0,1,0,0,0,0,1
2024-01-21 21:00:00,0,22,243,32,0,6.2,5.5,10.0,0,0,0,1,0,0,0,0,1
2024-01-21 20:00:00,0,21,84,28,0,6.2,5.5,10.0,0,0,0,1,0,0,0,0,1
2024-01-21 04:00:00,0,5,15,24,0,6.2,5.5,10.0,0,0,0,1,0,0,0,0,1
2024-01-20 17:00:00,4,18,1273,15,0,11.6,5.5,1.0,0,0,1,0,0,0,0,0,1
2024-01-20 21:00:00,2,22,292,83,0,11.6,5.5,1.0,0,0,1,0,0,0,0,0,1
2024-01-20 18:00:00,2,19,526,14,0,11.6,5.5,1.0,0,0,1,0,0,0,0,0,1
2024-01-22 23:00:00,0,0,41,12,0,12.0,4.7,3.2,0,1,0,0,0,0,0,0,1
2024-01-22 01:00:00,0,2,13,11,0,12.0,4.7,3.2,0,1,0,0,0,0,0,0,1
2024-01-22 06:00:00,0,7,86,10,0,12.0,4.7,3.2,0,1,0,0,0,0,0,0,1
2024-01-22 20:00:00,0,21,228,6,0,12.0,4.7,3.2,0,1,0,0,0,0,0,0,1
2024-01-22 21:00:00,0,22,247,5,0,12.0,4.7,3.2,0,1,0,0,0,0,0,0,1
2024-01-22 04:00:00,0,5,3,5,0,12.0,4.7,3.2,0,1,0,0,0,0,0,0,1
2024-01-22 18:00:00,0,19,383,4,0,12.0,4.7,3.2,0,1,0,0,0,0,0,0,1
2024-01-22 02:00:00,0,3,4,2,0,12.0,4.7,3.2,0,1,0,0,0,0,0,0,1
2024-01-22 19:00:00,0,20,235,1,0,12.0,4.7,3.2,0,1,0,0,0,0,0,0,1
2024-01-22 03:00:00,0,4,4,0,0,12.0,4.7,3.2,0,1,0,0,0,0,0,0,1
2024-01-22 11:00:00,10,12,1820,11,0,12.0,4.7,3.2,0,1,0,0,0,0,0,0,1
2024-01-23 12:00:00,20,13,2100,11,0,10.3,4.7,12.3,0,0,0,0,0,1,0,0,1
2024-01-23 11:00:00,19,12,2009,5,0,10.3,4.7,12.3,0,0,0,0,0,1,0,0,1
2024-01-23 13:00:00,17,14,1818,17,0,10.3,4.7,12.3,0,0,0,0,0,1,0,0,1
2024-01-23 09:00:00,13,10,1331,15,0,10.3,4.7,12.3,0,0,0,0,0,1,0,0,1
2024-01-22 00:00:00,0,1,36,21,0,12.0,4.7,3.2,0,1,0,0,0,0,0,0,1
2024-01-22 05:00:00,0,6,57,19,0,12.0,4.7,3.2,0,1,0,0,0,0,0,0,1
2024-01-22 10:00:00,3,11,1510,5,0,12.0,4.7,3.2,0,1,0,0,0,0,0,0,1
2024-01-23 10:00:00,8,11,1744,18,0,10.3,4.7,12.3,0,0,0,0,0,1,0,0,1
2024-01-22 17:00:00,7,18,1257,2,0,12.0,4.7,3.2,0,1,0,0,0,0,0,0,1
2024-01-22 13:00:00,2,14,1586,9,0,12.0,4.7,3.2,0,1,0,0,0,0,0,0,1
2024-01-22 08:00:00,2,9,559,4,0,12.0,4.7,3.2,0,1,0,0,0,0,0,0,1
2024-01-22 22:00:00,1,23,262,40,0,12.0,4.7,3.2,0,1,0,0,0,0,0,0,1
2024-01-22 07:00:00,1,8,184,5,0,12.0,4.7,3.2,0,1,0,0,0,0,0,0,1
2024-01-22 16:00:00,6,17,1735,12,0,12.0,4.7,3.2,0,1,0,0,0,0,0,0,1
2024-01-23 16:00:00,2,17,1354,10,0,10.3,4.7,12.3,0,0,0,0,0,1,0,0,1
2024-01-23 17:00:00,2,18,971,10,0,10.3,4.7,12.3,0,0,0,0,0,1,0,0,1
2024-01-23 15:00:00,5,16,1317,14,0,10.3,4.7,12.3,0,0,0,0,0,1,0,0,1
2024-01-23 08:00:00,4,9,629,4,0,10.3,4.7,12.3,0,0,0,0,0,1,0,0,1
2024-01-21 16:00:00,0,17,863,6,0,6.2,5.5,10.0,0,0,0,1,0,0,0,0,1
2024-01-23 00:00:00,0,1,26,22,0,10.3,4.7,12.3,0,0,0,0,0,1,0,0,1
2024-01-23 02:00:00,0,3,7,17,0,10.3,4.7,12.3,0,0,0,0,0,1,0,0,1
2024-01-23 01:00:00,0,2,8,16,0,10.3,4.7,12.3,0,0,0,0,0,1,0,0,1
2024-01-23 06:00:00,0,7,142,9,0,10.3,4.7,12.3,0,0,0,0,0,1,0,0,1
2024-01-23 20:00:00,0,21,214,6,0,10.3,4.7,12.3,0,0,0,0,0,1,0,0,1
2024-01-23 07:00:00,0,8,230,5,0,10.3,4.7,12.3,0,0,0,0,0,1,0,0,1
2024-01-21 08:00:00,0,9,65,4,0,6.2,5.5,10.0,0,0,0,1,0,0,0,0,1
2024-01-21 17:00:00,0,18,399,3,0,6.2,5.5,10.0,0,0,0,1,0,0,0,0,1
2024-01-21 07:00:00,0,8,37,3,0,6.2,5.5,10.0,0,0,0,1,0,0,0,0,1
2024-01-22 09:00:00,4,10,1035,7,0,12.0,4.7,3.2,0,1,0,0,0,0,0,0,1
2024-01-21 18:00:00,0,19,236,2,0,6.2,5.5,10.0,0,0,0,1,0,0,0,0,1
2024-01-21 19:00:00,0,20,205,2,0,6.2,5.5,10.0,0,0,0,1,0,0,0,0,1
2024-01-21 05:00:00,0,6,6,1,0,6.2,5.5,10.0,0,0,0,1,0,0,0,0,1
2024-01-21 06:00:00,0,7,19,0,0,6.2,5.5,10.0,0,0,0,1,0,0,0,0,1
2024-01-23 14:00:00,3,15,1172,11,0,10.3,4.7,12.3,0,0,0,0,0,1,0,0,1
2024-01-22 12:00:00,18,13,1762,22,0,12.0,4.7,3.2,0,1,0,0,0,0,0,0,1
2024-01-22 15:00:00,18,16,1775,11,0,12.0,4.7,3.2,0,1,0,0,0,0,0,0,1
2024-01-22 14:00:00,15,15,1834,6,0,12.0,4.7,3.2,0,1,0,0,0,0,0,0,1
2024-01-23 18:00:00,1,19,470,4,0,10.3,4.7,12.3,0,0,0,0,0,1,0,0,1
2024-01-25 13:00:00,11,14,2423,17,0,8.5,3.2,4.6,0,0,0,0,1,0,0,0,1
2024-01-25 08:00:00,11,9,681,6,0,8.5,3.2,4.6,0,0,0,0,1,0,0,0,1
2024-01-25 16:00:00,10,17,1966,27,0,8.5,3.2,4.6,0,0,0,0,1,0,0,0,1
2024-01-25 11:00:00,9,12,2492,13,0,8.5,3.2,4.6,0,0,0,0,1,0,0,0,1
2024-01-24 19:00:00,1,20,429,2,0,10.7,5.5,0.0,0,0,0,0,0,0,1,0,1
2024-01-23 19:00:00,0,20,305,4,0,10.3,4.7,12.3,0,0,0,0,0,1,0,0,1
2024-01-24 11:00:00,13,12,1858,25,0,10.7,5.5,0.0,0,0,0,0,0,0,1,0,1
2024-01-23 03:00:00,0,4,4,4,0,10.3,4.7,12.3,0,0,0,0,0,1,0,0,1
2024-01-23 23:00:00,0,0,37,3,0,10.3,4.7,12.3,0,0,0,0,0,1,0,0,1
2024-01-23 05:00:00,0,6,29,2,0,10.3,4.7,12.3,0,0,0,0,0,1,0,0,1
2024-01-23 04:00:00,0,5,9,2,0,10.3,4.7,12.3,0,0,0,0,0,1,0,0,1
2024-01-23 21:00:00,0,22,108,0,0,10.3,4.7,12.3,0,0,0,0,0,1,0,0,1
2024-01-23 22:00:00,0,23,58,0,0,10.3,4.7,12.3,0,0,0,0,0,1,0,0,1
2024-01-24 14:00:00,20,15,2670,14,0,10.7,5.5,0.0,0,0,0,0,0,0,1,0,1
2024-01-24 10:00:00,16,11,1521,50,0,10.7,5.5,0.0,0,0,0,0,0,0,1,0,1
2024-01-24 12:00:00,16,13,2076,3,0,10.7,5.5,0.0,0,0,0,0,0,0,1,0,1
2024-01-24 13:00:00,14,14,2227,16,0,10.7,5.5,0.0,0,0,0,0,0,0,1,0,1
2024-01-24 15:00:00,12,16,2864,11,0,10.7,5.5,0.0,0,0,0,0,0,0,1,0,1
2024-01-24 08:00:00,7,9,561,34,0,10.7,5.5,0.0,0,0,0,0,0,0,1,0,1
2024-01-24 09:00:00,6,10,842,34,0,10.7,5.5,0.0,0,0,0,0,0,0,1,0,1
2024-01-24 04:00:00,0,5,5,0,0,10.7,5.5,0.0,0,0,0,0,0,0,1,0,1
2024-01-24 01:00:00,0,2,1,0,0,10.7,5.5,0.0,0,0,0,0,0,0,1,0,1
2024-01-24 16:00:00,4,17,2322,22,0,10.7,5.5,0.0,0,0,0,0,0,0,1,0,1
2024-01-25 09:00:00,24,10,1281,13,0,8.5,3.2,4.6,0,0,0,0,1,0,0,0,1
2024-01-25 18:00:00,3,19,570,3,0,8.5,3.2,4.6,0,0,0,0,1,0,0,0,1
2024-01-25 17:00:00,3,18,1286,1,0,8.5,3.2,4.6,0,0,0,0,1,0,0,0,1
2024-01-25 14:00:00,22,15,2381,18,0,8.5,3.2,4.6,0,0,0,0,1,0,0,0,1
2024-01-25 10:00:00,19,11,2006,17,0,8.5,3.2,4.6,0,0,0,0,1,0,0,0,1
2024-01-25 12:00:00,19,13,2808,8,0,8.5,3.2,4.6,0,0,0,0,1,0,0,0,1
2024-01-25 00:00:00,2,1,49,0,0,8.5,3.2,4.6,0,0,0,0,1,0,0,0,1
2024-01-24 00:00:00,0,1,29,22,0,10.7,5.5,0.0,0,0,0,0,0,0,1,0,1
2024-01-24 23:00:00,0,0,56,4,0,10.7,5.5,0.0,0,0,0,0,0,0,1,0,1
2024-01-24 06:00:00,0,7,48,3,0,10.7,5.5,0.0,0,0,0,0,0,0,1,0,1
2024-01-24 02:00:00,0,3,7,3,0,10.7,5.5,0.0,0,0,0,0,0,0,1,0,1
2024-01-24 18:00:00,0,19,563,1,0,10.7,5.5,0.0,0,0,0,0,0,0,1,0,1
2024-01-24 21:00:00,0,22,177,1,0,10.7,5.5,0.0,0,0,0,0,0,0,1,0,1
2024-01-24 05:00:00,0,6,34,1,0,10.7,5.5,0.0,0,0,0,0,0,0,1,0,1
2024-01-24 03:00:00,0,4,14,1,0,10.7,5.5,0.0,0,0,0,0,0,0,1,0,1
2024-01-24 20:00:00,0,21,215,0,0,10.7,5.5,0.0,0,0,0,0,0,0,1,0,1
2024-01-24 22:00:00,0,23,118,0,0,10.7,5.5,0.0,0,0,0,0,0,0,1,0,1
2024-01-24 17:00:00,3,18,1421,5,0,10.7,5.5,0.0,0,0,0,0,0,0,1,0,1
2024-01-25 15:00:00,16,16,2314,13,0,8.5,3.2,4.6,0,0,0,0,1,0,0,0,1
2024-01-25 23:00:00,1,0,53,0,0,8.5,3.2,4.6,0,0,0,0,1,0,0,0,1
2024-01-24 07:00:00,2,8,200,16,0,10.7,5.5,0.0,0,0,0,0,0,0,1,0,1
2024-01-25 06:00:00,0,7,58,5,0,8.5,3.2,4.6,0,0,0,0,1,0,0,0,1
2024-01-25 05:00:00,0,6,31,3,0,8.5,3.2,4.6,0,0,0,0,1,0,0,0,1
2024-01-25 19:00:00,0,20,327,2,0,8.5,3.2,4.6,0,0,0,0,1,0,0,0,1
2024-01-25 07:00:00,0,8,176,2,0,8.5,3.2,4.6,0,0,0,0,1,0,0,0,1
2024-01-25 02:00:00,0,3,19,2,0,8.5,3.2,4.6,0,0,0,0,1,0,0,0,1
2024-01-25 20:00:00,0,21,222,1,0,8.5,3.2,4.6,0,0,0,0,1,0,0,0,1
2024-01-25 21:00:00,0,22,135,1,0,8.5,3.2,4.6,0,0,0,0,1,0,0,0,1
2024-01-25 22:00:00,0,23,116,0,0,8.5,3.2,4.6,0,0,0,0,1,0,0,0,1
2024-01-25 01:00:00,0,2,13,0,0,8.5,3.2,4.6,0,0,0,0,1,0,0,0,1
2024-01-25 03:00:00,0,4,7,0,0,8.5,3.2,4.6,0,0,0,0,1,0,0,0,1
2024-01-25 04:00:00,0,5,6,0,0,8.5,3.2,4.6,0,0,0,0,1,0,0,0,1
2024-01-26 11:00:00,28,12,2542,16,0,9.7,5.5,0.0,1,0,0,0,0,0,0,0,1
2024-01-26 12:00:00,18,13,2653,17,0,9.7,5.5,0.0,1,0,0,0,0,0,0,0,1
2024-01-26 15:00:00,16,16,2641,9,0,9.7,5.5,0.0,1,0,0,0,0,0,0,0,1
2024-01-27 15:00:00,20,16,2796,11,0,11.3,5.5,0.0,0,0,1,0,0,0,0,0,1
2024-01-27 19:00:00,19,20,510,76,0,11.3,5.5,0.0,0,0,1,0,0,0,0,0,1
2024-01-26 16:00:00,10,17,2266,12,0,9.7,5.5,0.0,1,0,0,0,0,0,0,0,1
2024-01-27 11:00:00,18,12,4001,61,0,11.3,5.5,0.0,0,0,1,0,0,0,0,0,1
2024-01-27 08:00:00,3,9,570,34,0,11.3,5.5,0.0,0,0,1,0,0,0,0,0,1
2024-01-27 16:00:00,3,17,2197,2,0,11.3,5.5,0.0,0,0,1,0,0,0,0,0,1
2024-01-27 22:00:00,1,23,227,93,0,11.3,5.5,0.0,0,0,1,0,0,0,0,0,1
2024-01-28 13:00:00,36,14,1959,6,0,5.7,5.5,0.0,0,0,0,1,0,0,0,0,1
2024-01-27 18:00:00,16,19,644,54,0,11.3,5.5,0.0,0,0,1,0,0,0,0,0,1
2024-01-27 14:00:00,15,15,3255,28,0,11.3,5.5,0.0,0,0,1,0,0,0,0,0,1
2024-01-27 20:00:00,13,21,527,74,0,11.3,5.5,0.0,0,0,1,0,0,0,0,0,1
2024-01-27 10:00:00,9,11,2957,53,0,11.3,5.5,0.0,0,0,1,0,0,0,0,0,1
2024-01-27 21:00:00,7,22,328,54,0,11.3,5.5,0.0,0,0,1,0,0,0,0,0,1
2024-01-27 17:00:00,7,18,1438,1,0,11.3,5.5,0.0,0,0,1,0,0,0,0,0,1
2024-01-27 09:00:00,6,10,1390,44,0,11.3,5.5,0.0,0,0,1,0,0,0,0,0,1
2024-01-26 14:00:00,9,15,1756,8,0,9.7,5.5,0.0,1,0,0,0,0,0,0,0,1
2024-01-26 19:00:00,2,20,372,3,0,9.7,5.5,0.0,1,0,0,0,0,0,0,0,1
2024-01-26 17:00:00,2,18,1385,2,0,9.7,5.5,0.0,1,0,0,0,0,0,0,0,1
2024-01-28 12:00:00,24,13,1708,7,0,5.7,5.5,0.0,0,0,0,1,0,0,0,0,1
2024-01-28 11:00:00,21,12,1351,4,0,5.7,5.5,0.0,0,0,0,1,0,0,0,0,1
2024-01-28 10:00:00,19,11,800,8,0,5.7,5.5,0.0,0,0,0,1,0,0,0,0,1
2024-01-28 14:00:00,13,15,2388,10,0,5.7,5.5,0.0,0,0,0,1,0,0,0,0,1
2024-01-27 23:00:00,0,0,174,94,0,11.3,5.5,0.0,0,0,1,0,0,0,0,0,1
2024-01-26 10:00:00,7,11,2074,17,0,9.7,5.5,0.0,1,0,0,0,0,0,0,0,1
2024-01-26 22:00:00,1,23,184,27,0,9.7,5.5,0.0,1,0,0,0,0,0,0,0,1
2024-01-27 00:00:00,0,1,142,72,0,11.3,5.5,0.0,0,0,1,0,0,0,0,0,1
2024-01-26 07:00:00,1,8,197,7,0,9.7,5.5,0.0,1,0,0,0,0,0,0,0,1
2024-01-27 01:00:00,0,2,88,68,0,11.3,5.5,0.0,0,0,1,0,0,0,0,0,1
2024-01-26 18:00:00,1,19,545,1,0,9.7,5.5,0.0,1,0,0,0,0,0,0,0,1
2024-01-26 00:00:00,1,1,24,0,0,9.7,5.5,0.0,1,0,0,0,0,0,0,0,1
2024-01-27 02:00:00,0,3,76,49,0,11.3,5.5,0.0,0,0,1,0,0,0,0,0,1
2024-01-26 09:00:00,5,10,1351,18,0,9.7,5.5,0.0,1,0,0,0,0,0,0,0,1
2024-01-26 08:00:00,5,9,657,6,0,9.7,5.5,0.0,1,0,0,0,0,0,0,0,1
2024-01-26 13:00:00,5,14,1792,3,0,9.7,5.5,0.0,1,0,0,0,0,0,0,0,1
2024-01-27 03:00:00,0,4,103,40,0,11.3,5.5,0.0,0,0,1,0,0,0,0,0,1
2024-01-27 07:00:00,0,8,104,32,0,11.3,5.5,0.0,0,0,1,0,0,0,0,0,1
2024-01-26 23:00:00,0,0,171,80,0,9.7,5.5,0.0,1,0,0,0,0,0,0,0,1
2024-01-27 06:00:00,0,7,46,19,0,11.3,5.5,0.0,0,0,1,0,0,0,0,0,1
2024-01-27 05:00:00,0,6,43,18,0,11.3,5.5,0.0,0,0,1,0,0,0,0,0,1
2024-01-27 04:00:00,0,5,18,13,0,11.3,5.5,0.0,0,0,1,0,0,0,0,0,1
2024-01-26 20:00:00,3,21,270,1,0,9.7,5.5,0.0,1,0,0,0,0,0,0,0,1
2024-01-26 06:00:00,0,7,114,4,0,9.7,5.5,0.0,1,0,0,0,0,0,0,0,1
2024-01-26 02:00:00,0,3,25,3,0,9.7,5.5,0.0,1,0,0,0,0,0,0,0,1
2024-01-26 21:00:00,0,22,197,1,0,9.7,5.5,0.0,1,0,0,0,0,0,0,0,1
2024-01-26 05:00:00,0,6,42,1,0,9.7,5.5,0.0,1,0,0,0,0,0,0,0,1
2024-01-26 01:00:00,0,2,8,1,0,9.7,5.5,0.0,1,0,0,0,0,0,0,0,1
2024-01-26 03:00:00,0,4,4,1,0,9.7,5.5,0.0,1,0,0,0,0,0,0,0,1
2024-01-26 04:00:00,0,5,11,0,0,9.7,5.5,0.0,1,0,0,0,0,0,0,0,1
2024-01-27 13:00:00,38,14,4814,42,0,11.3,5.5,0.0,0,0,1,0,0,0,0,0,1
2024-01-27 12:00:00,26,13,4446,40,0,11.3,5.5,0.0,0,0,1,0,0,0,0,0,1
2024-01-28 01:00:00,0,2,189,59,0,5.7,5.5,0.0,0,0,0,1,0,0,0,0,1
2024-01-28 22:00:00,0,23,201,45,0,5.7,5.5,0.0,0,0,0,1,0,0,0,0,1
2024-01-28 04:00:00,0,5,14,38,0,5.7,5.5,0.0,0,0,0,1,0,0,0,0,1
2024-01-28 21:00:00,0,22,251,33,0,5.7,5.5,0.0,0,0,0,1,0,0,0,0,1
2024-01-28 23:00:00,0,0,60,6,0,5.7,5.5,0.0,0,0,0,1,0,0,0,0,1
2024-01-28 07:00:00,0,8,37,3,0,5.7,5.5,0.0,0,0,0,1,0,0,0,0,1
2024-01-28 06:00:00,0,7,27,0,0,5.7,5.5,0.0,0,0,0,1,0,0,0,0,1
2024-01-28 05:00:00,0,6,13,0,0,5.7,5.5,0.0,0,0,0,1,0,0,0,0,1
2024-01-29 13:00:00,24,14,2286,17,0,7.4,5.5,0.0,0,1,0,0,0,0,0,0,1
2024-01-29 10:00:00,22,11,1815,19,0,7.4,5.5,0.0,0,1,0,0,0,0,0,0,1
2024-01-29 11:00:00,8,12,2318,28,0,7.4,5.5,0.0,0,1,0,0,0,0,0,0,1
2024-01-28 02:00:00,3,3,147,79,0,5.7,5.5,0.0,0,0,0,1,0,0,0,0,1
2024-01-28 15:00:00,10,16,1905,5,0,5.7,5.5,0.0,0,0,0,1,0,0,0,0,1
2024-01-28 09:00:00,6,10,243,1,0,5.7,5.5,0.0,0,0,0,1,0,0,0,0,1
2024-01-28 17:00:00,5,18,964,46,0,5.7,5.5,0.0,0,0,0,1,0,0,0,0,1
2024-01-30 09:00:00,10,10,1372,25,0,8.7,5.5,0.0,0,0,0,0,0,1,0,0,1
2024-01-30 10:00:00,9,11,1945,6,0,8.7,5.5,0.0,0,0,0,0,0,1,0,0,1
2024-01-30 15:00:00,8,16,2021,12,0,8.7,5.5,0.0,0,0,0,0,0,1,0,0,1
2024-01-30 11:00:00,8,12,2308,7,0,8.7,5.5,0.0,0,0,0,0,0,1,0,0,1
2024-01-30 16:00:00,7,17,1831,4,0,8.7,5.5,0.0,0,0,0,0,0,1,0,0,1
2024-01-29 14:00:00,8,15,2332,11,0,7.4,5.5,0.0,0,1,0,0,0,0,0,0,1
2024-01-29 12:00:00,20,13,2843,16,0,7.4,5.5,0.0,0,1,0,0,0,0,0,0,1
2024-01-29 19:00:00,0,20,406,8,0,7.4,5.5,0.0,0,1,0,0,0,0,0,0,1
2024-01-29 15:00:00,18,16,2135,14,0,7.4,5.5,0.0,0,1,0,0,0,0,0,0,1
2024-01-29 16:00:00,6,17,1699,7,0,7.4,5.5,0.0,0,1,0,0,0,0,0,0,1
2024-01-29 06:00:00,0,7,59,5,0,7.4,5.5,0.0,0,1,0,0,0,0,0,0,1
2024-01-29 00:00:00,0,1,83,2,0,7.4,5.5,0.0,0,1,0,0,0,0,0,0,1
2024-01-29 05:00:00,0,6,45,2,0,7.4,5.5,0.0,0,1,0,0,0,0,0,0,1
2024-01-29 01:00:00,0,2,28,2,0,7.4,5.5,0.0,0,1,0,0,0,0,0,0,1
2024-01-28 19:00:00,2,20,408,45,0,5.7,5.5,0.0,0,0,0,1,0,0,0,0,1
2024-01-29 08:00:00,1,9,857,9,0,7.4,5.5,0.0,0,1,0,0,0,0,0,0,1
2024-01-29 04:00:00,0,5,11,2,0,7.4,5.5,0.0,0,1,0,0,0,0,0,0,1
2024-01-29 02:00:00,0,3,11,0,0,7.4,5.5,0.0,0,1,0,0,0,0,0,0,1
2024-01-30 13:00:00,27,14,2628,16,0,8.7,5.5,0.0,0,0,0,0,0,1,0,0,1
2024-01-30 12:00:00,25,13,2573,16,0,8.7,5.5,0.0,0,0,0,0,0,1,0,0,1
2024-01-30 14:00:00,20,15,2433,7,0,8.7,5.5,0.0,0,0,0,0,0,1,0,0,1
2024-01-29 20:00:00,3,21,407,22,0,7.4,5.5,0.0,0,1,0,0,0,0,0,0,1
2024-01-29 07:00:00,3,8,206,11,0,7.4,5.5,0.0,0,1,0,0,0,0,0,0,1
2024-01-29 09:00:00,11,10,1274,29,0,7.4,5.5,0.0,0,1,0,0,0,0,0,0,1
2024-01-28 16:00:00,2,17,1343,4,0,5.7,5.5,0.0,0,0,0,1,0,0,0,0,1
2024-01-28 08:00:00,2,9,90,2,0,5.7,5.5,0.0,0,0,0,1,0,0,0,0,1
2024-01-28 00:00:00,1,1,240,86,0,5.7,5.5,0.0,0,0,0,1,0,0,0,0,1
2024-01-28 20:00:00,1,21,418,54,0,5.7,5.5,0.0,0,0,0,1,0,0,0,0,1
2024-01-28 18:00:00,1,19,646,44,0,5.7,5.5,0.0,0,0,0,1,0,0,0,0,1
2024-01-28 03:00:00,1,4,136,40,0,5.7,5.5,0.0,0,0,0,1,0,0,0,0,1
2024-01-29 17:00:00,1,18,1294,5,0,7.4,5.5,0.0,0,1,0,0,0,0,0,0,1
2024-01-29 18:00:00,1,19,507,3,0,7.4,5.5,0.0,0,1,0,0,0,0,0,0,1
2024-01-29 03:00:00,1,4,7,2,0,7.4,5.5,0.0,0,1,0,0,0,0,0,0,1
2024-01-29 21:00:00,0,22,366,20,0,7.4,5.5,0.0,0,1,0,0,0,0,0,0,1
2024-01-29 22:00:00,0,23,160,18,0,7.4,5.5,0.0,0,1,0,0,0,0,0,0,1
2024-01-29 23:00:00,0,0,57,17,0,7.4,5.5,0.0,0,1,0,0,0,0,0,0,1
2024-01-31 20:00:00,0,21,516,45,0,11.2,5.5,2.1,0,0,0,0,0,0,1,0,1
2024-01-30 21:00:00,1,22,403,52,0,8.7,5.5,0.0,0,0,0,0,0,1,0,0,1
2024-01-31 00:00:00,0,1,37,27,0,11.2,5.5,2.1,0,0,0,0,0,0,1,0,1
2024-01-31 05:00:00,0,6,35,14,0,11.2,5.5,2.1,0,0,0,0,0,0,1,0,1
2024-01-31 01:00:00,0,2,22,14,0,11.2,5.5,2.1,0,0,0,0,0,0,1,0,1
2024-01-31 03:00:00,0,4,6,13,0,11.2,5.5,2.1,0,0,0,0,0,0,1,0,1
2024-01-31 19:00:00,0,20,382,11,0,11.2,5.5,2.1,0,0,0,0,0,0,1,0,1
2024-01-31 02:00:00,0,3,17,10,0,11.2,5.5,2.1,0,0,0,0,0,0,1,0,1
2024-01-31 04:00:00,0,5,11,6,0,11.2,5.5,2.1,0,0,0,0,0,0,1,0,1
2024-01-31 22:00:00,0,23,91,1,0,11.2,5.5,2.1,0,0,0,0,0,0,1,0,1
2024-01-31 23:00:00,0,0,47,0,0,11.2,5.5,2.1,0,0,0,0,0,0,1,0,1
2024-01-30 07:00:00,0,8,237,5,0,8.7,5.5,0.0,0,0,0,0,0,1,0,0,1
2024-01-30 06:00:00,0,7,74,3,0,8.7,5.5,0.0,0,0,0,0,0,1,0,0,1
2024-01-31 16:00:00,10,17,1741,16,0,11.2,5.5,2.1,0,0,0,0,0,0,1,0,1
2024-01-30 05:00:00,0,6,40,2,0,8.7,5.5,0.0,0,0,0,0,0,1,0,0,1
2024-01-30 22:00:00,1,23,258,37,0,8.7,5.5,0.0,0,0,0,0,0,1,0,0,1
2024-01-30 02:00:00,0,3,19,1,0,8.7,5.5,0.0,0,0,0,0,0,1,0,0,1
2024-01-30 23:00:00,1,0,68,37,0,8.7,5.5,0.0,0,0,0,0,0,1,0,0,1
2024-01-30 04:00:00,0,5,10,1,0,8.7,5.5,0.0,0,0,0,0,0,1,0,0,1
2024-01-30 03:00:00,0,4,16,0,0,8.7,5.5,0.0,0,0,0,0,0,1,0,0,1
2024-01-30 01:00:00,0,2,10,0,0,8.7,5.5,0.0,0,0,0,0,0,1,0,0,1
2024-01-31 21:00:00,1,22,341,45,0,11.2,5.5,2.1,0,0,0,0,0,0,1,0,1
2024-01-31 06:00:00,1,7,106,15,0,11.2,5.5,2.1,0,0,0,0,0,0,1,0,1
2024-01-31 08:00:00,1,9,649,8,0,11.2,5.5,2.1,0,0,0,0,0,0,1,0,1
2024-01-31 07:00:00,1,8,199,5,0,11.2,5.5,2.1,0,0,0,0,0,0,1,0,1
2024-01-31 17:00:00,1,18,1277,3,0,11.2,5.5,2.1,0,0,0,0,0,0,1,0,1
2024-01-31 18:00:00,1,19,461,3,0,11.2,5.5,2.1,0,0,0,0,0,0,1,0,1
2024-01-30 00:00:00,1,1,19,3,0,8.7,5.5,0.0,0,0,0,0,0,1,0,0,1
2024-01-30 18:00:00,1,19,468,1,0,8.7,5.5,0.0,0,0,0,0,0,1,0,0,1
2024-01-31 12:00:00,28,13,1961,9,0,11.2,5.5,2.1,0,0,0,0,0,0,1,0,1
2024-01-31 15:00:00,7,16,1645,5,0,11.2,5.5,2.1,0,0,0,0,0,0,1,0,1
2024-01-31 14:00:00,16,15,1823,7,0,11.2,5.5,2.1,0,0,0,0,0,0,1,0,1
2024-01-31 09:00:00,14,10,1135,25,0,11.2,5.5,2.1,0,0,0,0,0,0,1,0,1
2024-01-31 10:00:00,14,11,1484,9,0,11.2,5.5,2.1,0,0,0,0,0,0,1,0,1
2024-01-31 13:00:00,14,14,2101,7,0,11.2,5.5,2.1,0,0,0,0,0,0,1,0,1
2024-01-31 11:00:00,13,12,1962,10,0,11.2,5.5,2.1,0,0,0,0,0,0,1,0,1
2024-01-30 08:00:00,5,9,916,14,0,8.7,5.5,0.0,0,0,0,0,0,1,0,0,1
2024-01-30 20:00:00,3,21,422,37,0,8.7,5.5,0.0,0,0,0,0,0,1,0,0,1
2024-01-30 19:00:00,2,20,641,37,0,8.7,5.5,0.0,0,0,0,0,0,1,0,0,1
2024-01-30 17:00:00,2,18,1387,3,0,8.7,5.5,0.0,0,0,0,0,0,1,0,0,1
2023-11-02 07:00:00,2,8,300,6,0,12.7,3.2,0.3,0,0,0,0,1,0,0,0,1
2023-11-02 18:00:00,1,19,613,9,0,12.7,3.2,0.3,0,0,0,0,1,0,0,0,1
2023-11-02 19:00:00,1,20,445,6,0,12.7,3.2,0.3,0,0,0,0,1,0,0,0,1
2023-11-02 22:00:00,1,23,245,5,0,12.7,3.2,0.3,0,0,0,0,1,0,0,0,1
2023-11-01 15:00:00,1,16,1219,22,0,10.0,4.0,7.7,0,0,0,0,0,0,1,0,1
2023-11-01 17:00:00,1,18,791,15,0,10.0,4.0,7.7,0,0,0,0,0,0,1,0,1
2023-11-01 18:00:00,1,19,302,5,0,10.0,4.0,7.7,0,0,0,0,0,0,1,0,1
2023-11-01 02:00:00,1,3,29,1,0,10.0,4.0,7.7,0,0,0,0,0,0,1,0,1
2023-11-01 01:00:00,1,2,56,0,0,10.0,4.0,7.7,0,0,0,0,0,0,1,0,1
2023-11-01 13:00:00,16,14,1825,11,0,10.0,4.0,7.7,0,0,0,0,0,0,1,0,1
2023-11-01 14:00:00,15,15,1847,18,0,10.0,4.0,7.7,0,0,0,0,0,0,1,0,1
2023-11-01 12:00:00,15,13,1928,8,0,10.0,4.0,7.7,0,0,0,0,0,0,1,0,1
2023-11-01 11:00:00,13,12,1645,18,0,10.0,4.0,7.7,0,0,0,0,0,0,1,0,1
2023-11-01 10:00:00,11,11,1311,9,0,10.0,4.0,7.7,0,0,0,0,0,0,1,0,1
2023-11-01 09:00:00,7,10,1094,8,0,10.0,4.0,7.7,0,0,0,0,0,0,1,0,1
2023-11-01 08:00:00,6,9,645,13,0,10.0,4.0,7.7,0,0,0,0,0,0,1,0,1
2023-11-01 07:00:00,3,8,237,9,0,10.0,4.0,7.7,0,0,0,0,0,0,1,0,1
2023-11-01 16:00:00,0,17,1389,13,0,10.0,4.0,7.7,0,0,0,0,0,0,1,0,1
2023-11-01 22:00:00,0,23,74,4,0,10.0,4.0,7.7,0,0,0,0,0,0,1,0,1
2023-11-01 05:00:00,0,6,45,4,0,10.0,4.0,7.7,0,0,0,0,0,0,1,0,1
2023-11-01 19:00:00,0,20,144,3,0,10.0,4.0,7.7,0,0,0,0,0,0,1,0,1
2023-11-01 20:00:00,0,21,68,3,0,10.0,4.0,7.7,0,0,0,0,0,0,1,0,1
2023-11-01 06:00:00,0,7,63,3,0,10.0,4.0,7.7,0,0,0,0,0,0,1,0,1
2023-11-01 21:00:00,0,22,63,3,0,10.0,4.0,7.7,0,0,0,0,0,0,1,0,1
2023-11-01 23:00:00,0,0,48,2,0,10.0,4.0,7.7,0,0,0,0,0,0,1,0,1
2023-11-01 00:00:00,0,1,44,0,0,10.0,4.0,7.7,0,0,0,0,0,0,1,0,1
2023-11-01 03:00:00,0,4,41,0,0,10.0,4.0,7.7,0,0,0,0,0,0,1,0,1
2023-11-01 04:00:00,0,5,9,0,0,10.0,4.0,7.7,0,0,0,0,0,0,1,0,1
2023-11-02 15:00:00,38,16,2922,12,0,12.7,3.2,0.3,0,0,0,0,1,0,0,0,1
2023-11-02 13:00:00,30,14,3835,11,0,12.7,3.2,0.3,0,0,0,0,1,0,0,0,1
2023-11-02 11:00:00,28,12,3036,17,0,12.7,3.2,0.3,0,0,0,0,1,0,0,0,1
2023-11-02 08:00:00,5,9,835,7,0,12.7,3.2,0.3,0,0,0,0,1,0,0,0,1
2023-11-02 00:00:00,4,1,11,5,0,12.7,3.2,0.3,0,0,0,0,1,0,0,0,1
2023-11-02 16:00:00,25,17,2636,14,0,12.7,3.2,0.3,0,0,0,0,1,0,0,0,1
2023-11-02 12:00:00,24,13,3551,14,0,12.7,3.2,0.3,0,0,0,0,1,0,0,0,1
2023-11-02 10:00:00,19,11,2885,18,0,12.7,3.2,0.3,0,0,0,0,1,0,0,0,1
2023-11-02 14:00:00,18,15,3329,12,0,12.7,3.2,0.3,0,0,0,0,1,0,0,0,1
2023-11-02 17:00:00,0,18,1649,5,0,12.7,3.2,0.3,0,0,0,0,1,0,0,0,1
2023-11-02 06:00:00,0,7,59,5,0,12.7,3.2,0.3,0,0,0,0,1,0,0,0,1
2023-11-02 04:00:00,0,5,22,5,0,12.7,3.2,0.3,0,0,0,0,1,0,0,0,1
2023-11-02 05:00:00,0,6,45,4,0,12.7,3.2,0.3,0,0,0,0,1,0,0,0,1
2023-11-02 20:00:00,0,21,364,3,0,12.7,3.2,0.3,0,0,0,0,1,0,0,0,1
2023-11-02 21:00:00,0,22,316,2,0,12.7,3.2,0.3,0,0,0,0,1,0,0,0,1
2023-11-02 09:00:00,12,10,1732,15,0,12.7,3.2,0.3,0,0,0,0,1,0,0,0,1
2023-11-02 23:00:00,0,0,88,1,0,12.7,3.2,0.3,0,0,0,0,1,0,0,0,1
2023-11-02 03:00:00,0,4,2,1,0,12.7,3.2,0.3,0,0,0,0,1,0,0,0,1
2023-11-02 01:00:00,0,2,12,0,0,12.7,3.2,0.3,0,0,0,0,1,0,0,0,1
2023-11-02 02:00:00,0,3,8,0,0,12.7,3.2,0.3,0,0,0,0,1,0,0,0,1
2023-11-03 12:00:00,18,13,2910,16,0,11.2,7.3,1.4,1,0,0,0,0,0,0,0,1
2023-11-03 15:00:00,18,16,2285,8,0,11.2,7.3,1.4,1,0,0,0,0,0,0,0,1
2023-11-03 11:00:00,17,12,2999,15,0,11.2,7.3,1.4,1,0,0,0,0,0,0,0,1
2023-11-03 14:00:00,15,15,3012,8,0,11.2,7.3,1.4,1,0,0,0,0,0,0,0,1
2023-11-03 13:00:00,13,14,3310,15,0,11.2,7.3,1.4,1,0,0,0,0,0,0,0,1
2023-11-03 10:00:00,12,11,1956,81,0,11.2,7.3,1.4,1,0,0,0,0,0,0,0,1
2023-11-03 16:00:00,10,17,2317,17,0,11.2,7.3,1.4,1,0,0,0,0,0,0,0,1
2023-11-03 09:00:00,9,10,1492,23,0,11.2,7.3,1.4,1,0,0,0,0,0,0,0,1
2023-11-04 11:00:00,17,12,3062,10,0,10.6,5.5,0.6,0,0,1,0,0,0,0,0,1
2023-11-04 14:00:00,15,15,3972,14,0,10.6,5.5,0.6,0,0,1,0,0,0,0,0,1
2023-11-03 20:00:00,1,21,252,6,0,11.2,7.3,1.4,1,0,0,0,0,0,0,0,1
2023-11-04 09:00:00,10,10,1234,18,0,10.6,5.5,0.6,0,0,1,0,0,0,0,0,1
2023-11-04 17:00:00,8,18,1603,8,0,10.6,5.5,0.6,0,0,1,0,0,0,0,0,1
2023-11-04 08:00:00,6,9,513,8,0,10.6,5.5,0.6,0,0,1,0,0,0,0,0,1
2023-11-03 22:00:00,0,23,172,6,0,11.2,7.3,1.4,1,0,0,0,0,0,0,0,1
2023-11-03 05:00:00,0,6,79,6,0,11.2,7.3,1.4,1,0,0,0,0,0,0,0,1
2023-11-03 06:00:00,0,7,90,4,0,11.2,7.3,1.4,1,0,0,0,0,0,0,0,1
2023-11-03 23:00:00,0,0,63,2,0,11.2,7.3,1.4,1,0,0,0,0,0,0,0,1
2023-11-03 03:00:00,0,4,15,2,0,11.2,7.3,1.4,1,0,0,0,0,0,0,0,1
2023-11-03 21:00:00,0,22,148,1,0,11.2,7.3,1.4,1,0,0,0,0,0,0,0,1
2023-11-03 02:00:00,0,3,16,1,0,11.2,7.3,1.4,1,0,0,0,0,0,0,0,1
2023-11-03 00:00:00,0,1,93,0,0,11.2,7.3,1.4,1,0,0,0,0,0,0,0,1
2023-11-03 04:00:00,0,5,18,0,0,11.2,7.3,1.4,1,0,0,0,0,0,0,0,1
2023-11-03 01:00:00,0,2,14,0,0,11.2,7.3,1.4,1,0,0,0,0,0,0,0,1
2023-11-04 10:00:00,33,11,2419,12,0,10.6,5.5,0.6,0,0,1,0,0,0,0,0,1
2023-11-04 12:00:00,26,13,3261,12,0,10.6,5.5,0.6,0,0,1,0,0,0,0,0,1
2023-11-04 16:00:00,26,17,3348,7,0,10.6,5.5,0.6,0,0,1,0,0,0,0,0,1
2023-11-04 13:00:00,20,14,3784,20,0,10.6,5.5,0.6,0,0,1,0,0,0,0,0,1
2023-11-04 15:00:00,19,16,3688,11,0,10.6,5.5,0.6,0,0,1,0,0,0,0,0,1
2023-11-04 23:00:00,2,0,96,6,0,10.6,5.5,0.6,0,0,1,0,0,0,0,0,1
2023-11-04 07:00:00,2,8,73,6,0,10.6,5.5,0.6,0,0,1,0,0,0,0,0,1
2023-11-04 19:00:00,1,20,476,8,0,10.6,5.5,0.6,0,0,1,0,0,0,0,0,1
2023-11-04 18:00:00,1,19,644,5,0,10.6,5.5,0.6,0,0,1,0,0,0,0,0,1
2023-11-04 21:00:00,1,22,455,4,0,10.6,5.5,0.6,0,0,1,0,0,0,0,0,1
2023-11-04 22:00:00,0,23,214,7,0,10.6,5.5,0.6,0,0,1,0,0,0,0,0,1
2023-11-04 20:00:00,0,21,460,5,0,10.6,5.5,0.6,0,0,1,0,0,0,0,0,1
2023-11-04 00:00:00,0,1,73,3,0,10.6,5.5,0.6,0,0,1,0,0,0,0,0,1
2023-11-04 01:00:00,0,2,12,3,0,10.6,5.5,0.6,0,0,1,0,0,0,0,0,1
2023-11-04 06:00:00,0,7,39,1,0,10.6,5.5,0.6,0,0,1,0,0,0,0,0,1
2023-11-04 05:00:00,0,6,26,0,0,10.6,5.5,0.6,0,0,1,0,0,0,0,0,1
2023-11-04 03:00:00,0,4,18,0,0,10.6,5.5,0.6,0,0,1,0,0,0,0,0,1
2023-11-04 02:00:00,0,3,9,0,0,10.6,5.5,0.6,0,0,1,0,0,0,0,0,1
2023-11-04 04:00:00,0,5,4,0,0,10.6,5.5,0.6,0,0,1,0,0,0,0,0,1
2023-11-03 08:00:00,7,9,771,22,0,11.2,7.3,1.4,1,0,0,0,0,0,0,0,1
2023-11-03 07:00:00,6,8,161,8,0,11.2,7.3,1.4,1,0,0,0,0,0,0,0,1
2023-11-03 18:00:00,3,19,399,9,0,11.2,7.3,1.4,1,0,0,0,0,0,0,0,1
2023-11-03 17:00:00,3,18,1413,7,0,11.2,7.3,1.4,1,0,0,0,0,0,0,0,1
2023-11-03 19:00:00,2,20,429,10,0,11.2,7.3,1.4,1,0,0,0,0,0,0,0,1
2023-11-06 21:00:00,2,22,199,1,0,12.1,3.3,0.2,0,1,0,0,0,0,0,0,1
2023-11-05 20:00:00,1,21,171,10,0,10.8,5.5,0.0,0,0,0,1,0,0,0,0,1
2023-11-06 20:00:00,2,21,235,0,0,12.1,3.3,0.2,0,1,0,0,0,0,0,0,1
2023-11-06 00:00:00,0,1,40,10,0,12.1,3.3,0.2,0,1,0,0,0,0,0,0,1
2023-11-05 21:00:00,1,22,106,5,0,10.8,5.5,0.0,0,0,0,1,0,0,0,0,1
2023-11-06 07:00:00,6,8,238,9,0,12.1,3.3,0.2,0,1,0,0,0,0,0,0,1
2023-11-06 18:00:00,5,19,457,4,0,12.1,3.3,0.2,0,1,0,0,0,0,0,0,1
2023-11-05 19:00:00,1,20,208,4,0,10.8,5.5,0.0,0,0,0,1,0,0,0,0,1
2023-11-05 17:00:00,1,18,761,1,0,10.8,5.5,0.0,0,0,0,1,0,0,0,0,1
2023-11-06 19:00:00,0,20,314,8,0,12.1,3.3,0.2,0,1,0,0,0,0,0,0,1
2023-11-05 09:00:00,4,10,298,10,0,10.8,5.5,0.0,0,0,0,1,0,0,0,0,1
2023-11-05 12:00:00,11,13,2117,14,0,10.8,5.5,0.0,0,0,0,1,0,0,0,0,1
2023-11-05 04:00:00,1,5,11,0,0,10.8,5.5,0.0,0,0,0,1,0,0,0,0,1
2023-11-05 07:00:00,4,8,29,6,0,10.8,5.5,0.0,0,0,0,1,0,0,0,0,1
2023-11-05 16:00:00,10,17,1839,2,0,10.8,5.5,0.0,0,0,0,1,0,0,0,0,1
2023-11-05 13:00:00,8,14,2300,7,0,10.8,5.5,0.0,0,0,0,1,0,0,0,0,1
2023-11-05 15:00:00,8,16,2311,3,0,10.8,5.5,0.0,0,0,0,1,0,0,0,0,1
2023-11-05 08:00:00,7,9,137,6,0,10.8,5.5,0.0,0,0,0,1,0,0,0,0,1
2023-11-05 14:00:00,7,15,2891,4,0,10.8,5.5,0.0,0,0,0,1,0,0,0,0,1
2023-11-05 18:00:00,6,19,341,4,0,10.8,5.5,0.0,0,0,0,1,0,0,0,0,1
2023-11-05 11:00:00,5,12,1781,10,0,10.8,5.5,0.0,0,0,0,1,0,0,0,0,1
2023-11-06 06:00:00,0,7,71,5,0,12.1,3.3,0.2,0,1,0,0,0,0,0,0,1
2023-11-06 23:00:00,0,0,49,3,0,12.1,3.3,0.2,0,1,0,0,0,0,0,0,1
2023-11-06 03:00:00,0,4,7,3,0,12.1,3.3,0.2,0,1,0,0,0,0,0,0,1
2023-11-06 17:00:00,0,18,1432,2,0,12.1,3.3,0.2,0,1,0,0,0,0,0,0,1
2023-11-06 01:00:00,0,2,8,1,0,12.1,3.3,0.2,0,1,0,0,0,0,0,0,1
2023-11-05 10:00:00,3,11,808,1,0,10.8,5.5,0.0,0,0,0,1,0,0,0,0,1
2023-11-06 22:00:00,0,23,128,0,0,12.1,3.3,0.2,0,1,0,0,0,0,0,0,1
2023-11-06 02:00:00,0,3,18,0,0,12.1,3.3,0.2,0,1,0,0,0,0,0,0,1
2023-11-06 04:00:00,0,5,7,0,0,12.1,3.3,0.2,0,1,0,0,0,0,0,0,1
2023-11-07 14:00:00,16,15,2715,16,0,10.1,5.6,2.2,0,0,0,0,0,1,0,0,1
2023-11-07 09:00:00,13,10,1341,33,0,10.1,5.6,2.2,0,0,0,0,0,1,0,0,1
2023-11-07 08:00:00,12,9,757,11,0,10.1,5.6,2.2,0,0,0,0,0,1,0,0,1
2023-11-07 13:00:00,12,14,2837,8,0,10.1,5.6,2.2,0,0,0,0,0,1,0,0,1
2023-11-07 15:00:00,12,16,2606,4,0,10.1,5.6,2.2,0,0,0,0,0,1,0,0,1
2023-11-07 16:00:00,9,17,2491,6,0,10.1,5.6,2.2,0,0,0,0,0,1,0,0,1
2023-11-06 12:00:00,44,13,2739,22,0,12.1,3.3,0.2,0,1,0,0,0,0,0,0,1
2023-11-06 05:00:00,1,6,41,0,0,12.1,3.3,0.2,0,1,0,0,0,0,0,0,1
2023-11-07 12:00:00,59,13,3048,29,0,10.1,5.6,2.2,0,0,0,0,0,1,0,0,1
2023-11-07 11:00:00,25,12,2838,23,0,10.1,5.6,2.2,0,0,0,0,0,1,0,0,1
2023-11-07 10:00:00,19,11,2528,33,0,10.1,5.6,2.2,0,0,0,0,0,1,0,0,1
2023-11-06 13:00:00,30,14,2218,11,0,12.1,3.3,0.2,0,1,0,0,0,0,0,0,1
2023-11-06 09:00:00,18,10,1312,17,0,12.1,3.3,0.2,0,1,0,0,0,0,0,0,1
2023-11-06 14:00:00,18,15,2738,10,0,12.1,3.3,0.2,0,1,0,0,0,0,0,0,1
2023-11-06 10:00:00,15,11,1932,30,0,12.1,3.3,0.2,0,1,0,0,0,0,0,0,1
2023-11-06 11:00:00,15,12,2553,12,0,12.1,3.3,0.2,0,1,0,0,0,0,0,0,1
2023-11-06 08:00:00,12,9,607,17,0,12.1,3.3,0.2,0,1,0,0,0,0,0,0,1
2023-11-06 16:00:00,12,17,2090,9,0,12.1,3.3,0.2,0,1,0,0,0,0,0,0,1
2023-11-06 15:00:00,11,16,2262,9,0,12.1,3.3,0.2,0,1,0,0,0,0,0,0,1
2023-11-05 23:00:00,0,0,35,4,0,10.8,5.5,0.0,0,0,0,1,0,0,0,0,1
2023-11-05 01:00:00,0,2,80,3,0,10.8,5.5,0.0,0,0,0,1,0,0,0,0,1
2023-11-05 00:00:00,0,1,126,2,0,10.8,5.5,0.0,0,0,0,1,0,0,0,0,1
2023-11-05 06:00:00,0,7,41,2,0,10.8,5.5,0.0,0,0,0,1,0,0,0,0,1
2023-11-05 02:00:00,0,3,43,1,0,10.8,5.5,0.0,0,0,0,1,0,0,0,0,1
2023-11-05 03:00:00,0,4,117,0,0,10.8,5.5,0.0,0,0,0,1,0,0,0,0,1
2023-11-05 22:00:00,0,23,77,0,0,10.8,5.5,0.0,0,0,0,1,0,0,0,0,1
2023-11-05 05:00:00,0,6,17,0,0,10.8,5.5,0.0,0,0,0,1,0,0,0,0,1
2023-11-07 20:00:00,0,21,362,6,0,10.1,5.6,2.2,0,0,0,0,0,1,0,0,1
2023-11-09 08:00:00,10,9,714,12,0,7.9,0.7,0.0,0,0,0,0,1,0,0,0,1
2023-11-08 00:00:00,0,1,10,0,0,8.9,3.0,0.8,0,0,0,0,0,0,1,0,1
2023-11-07 05:00:00,0,6,49,6,0,10.1,5.6,2.2,0,0,0,0,0,1,0,0,1
2023-11-08 02:00:00,0,3,6,0,0,8.9,3.0,0.8,0,0,0,0,0,0,1,0,1
2023-11-07 22:00:00,0,23,213,5,0,10.1,5.6,2.2,0,0,0,0,0,1,0,0,1
2023-11-09 09:00:00,9,10,1180,22,0,7.9,0.7,0.0,0,0,0,0,1,0,0,0,1
2023-11-08 04:00:00,0,5,6,0,0,8.9,3.0,0.8,0,0,0,0,0,0,1,0,1
2023-11-07 21:00:00,0,22,292,3,0,10.1,5.6,2.2,0,0,0,0,0,1,0,0,1
2023-11-08 08:00:00,8,9,572,13,0,8.9,3.0,0.8,0,0,0,0,0,0,1,0,1
2023-11-08 18:00:00,7,19,578,7,0,8.9,3.0,0.8,0,0,0,0,0,0,1,0,1
2023-11-08 20:00:00,6,21,393,5,0,8.9,3.0,0.8,0,0,0,0,0,0,1,0,1
2023-11-08 16:00:00,4,17,1953,10,0,8.9,3.0,0.8,0,0,0,0,0,0,1,0,1
2023-11-08 19:00:00,4,20,395,5,0,8.9,3.0,0.8,0,0,0,0,0,0,1,0,1
2023-11-08 22:00:00,2,23,193,8,0,8.9,3.0,0.8,0,0,0,0,0,0,1,0,1
2023-11-08 23:00:00,2,0,73,3,0,8.9,3.0,0.8,0,0,0,0,0,0,1,0,1
2023-11-08 21:00:00,2,22,269,0,0,8.9,3.0,0.8,0,0,0,0,0,0,1,0,1
2023-11-07 23:00:00,0,0,35,3,0,10.1,5.6,2.2,0,0,0,0,0,1,0,0,1
2023-11-07 18:00:00,0,19,940,2,0,10.1,5.6,2.2,0,0,0,0,0,1,0,0,1
2023-11-07 06:00:00,0,7,67,2,0,10.1,5.6,2.2,0,0,0,0,0,1,0,0,1
2023-11-09 17:00:00,6,18,1615,9,0,7.9,0.7,0.0,0,0,0,0,1,0,0,0,1
2023-11-09 07:00:00,5,8,188,10,0,7.9,0.7,0.0,0,0,0,0,1,0,0,0,1
2023-11-09 13:00:00,4,14,1578,10,0,7.9,0.7,0.0,0,0,0,0,1,0,0,0,1
2023-11-09 19:00:00,3,20,350,3,0,7.9,0.7,0.0,0,0,0,0,1,0,0,0,1
2023-11-08 10:00:00,19,11,1640,27,0,8.9,3.0,0.8,0,0,0,0,0,0,1,0,1
2023-11-07 00:00:00,0,1,31,0,0,10.1,5.6,2.2,0,0,0,0,0,1,0,0,1
2023-11-07 07:00:00,4,8,189,15,0,10.1,5.6,2.2,0,0,0,0,0,1,0,0,1
2023-11-08 07:00:00,1,8,151,7,0,8.9,3.0,0.8,0,0,0,0,0,0,1,0,1
2023-11-07 02:00:00,0,3,12,0,0,10.1,5.6,2.2,0,0,0,0,0,1,0,0,1
2023-11-07 03:00:00,0,4,3,0,0,10.1,5.6,2.2,0,0,0,0,0,1,0,0,1
2023-11-08 12:00:00,61,13,2461,9,0,8.9,3.0,0.8,0,0,0,0,0,0,1,0,1
2023-11-08 11:00:00,37,12,2208,9,0,8.9,3.0,0.8,0,0,0,0,0,0,1,0,1
2023-11-08 17:00:00,1,18,1496,2,0,8.9,3.0,0.8,0,0,0,0,0,0,1,0,1
2023-11-09 12:00:00,32,13,1920,15,0,7.9,0.7,0.0,0,0,0,0,1,0,0,0,1
2023-11-08 13:00:00,16,14,2668,14,0,8.9,3.0,0.8,0,0,0,0,0,0,1,0,1
2023-11-08 06:00:00,0,7,60,7,0,8.9,3.0,0.8,0,0,0,0,0,0,1,0,1
2023-11-08 03:00:00,0,4,3,2,0,8.9,3.0,0.8,0,0,0,0,0,0,1,0,1
2023-11-08 05:00:00,0,6,45,1,0,8.9,3.0,0.8,0,0,0,0,0,0,1,0,1
2023-11-08 01:00:00,0,2,13,0,0,8.9,3.0,0.8,0,0,0,0,0,0,1,0,1
2023-11-09 11:00:00,24,12,2789,8,0,7.9,0.7,0.0,0,0,0,0,1,0,0,0,1
2023-11-09 10:00:00,23,11,1910,14,0,7.9,0.7,0.0,0,0,0,0,1,0,0,0,1
2023-11-08 14:00:00,14,15,2262,9,0,8.9,3.0,0.8,0,0,0,0,0,0,1,0,1
2023-11-07 17:00:00,2,18,2016,3,0,10.1,5.6,2.2,0,0,0,0,0,1,0,0,1
2023-11-08 09:00:00,12,10,1154,24,0,8.9,3.0,0.8,0,0,0,0,0,0,1,0,1
2023-11-08 15:00:00,12,16,2321,7,0,8.9,3.0,0.8,0,0,0,0,0,0,1,0,1
2023-11-09 14:00:00,15,15,2675,22,0,7.9,0.7,0.0,0,0,0,0,1,0,0,0,1
2023-11-07 19:00:00,1,20,573,13,0,10.1,5.6,2.2,0,0,0,0,0,1,0,0,1
2023-11-07 04:00:00,1,5,21,4,0,10.1,5.6,2.2,0,0,0,0,0,1,0,0,1
2023-11-09 18:00:00,13,19,569,5,0,7.9,0.7,0.0,0,0,0,0,1,0,0,0,1
2023-11-07 01:00:00,1,2,12,0,0,10.1,5.6,2.2,0,0,0,0,0,1,0,0,1
2023-11-09 16:00:00,12,17,2244,11,0,7.9,0.7,0.0,0,0,0,0,1,0,0,0,1
2023-11-09 21:00:00,1,22,197,7,0,7.9,0.7,0.0,0,0,0,0,1,0,0,0,1
2023-11-09 20:00:00,1,21,217,6,0,7.9,0.7,0.0,0,0,0,0,1,0,0,0,1
2023-11-09 22:00:00,1,23,186,2,0,7.9,0.7,0.0,0,0,0,0,1,0,0,0,1
2023-11-09 23:00:00,1,0,72,2,0,7.9,0.7,0.0,0,0,0,0,1,0,0,0,1
2023-11-09 15:00:00,10,16,2541,14,0,7.9,0.7,0.0,0,0,0,0,1,0,0,0,1
2023-11-10 16:00:00,16,17,2435,13,0,9.6,-1.6,0.2,1,0,0,0,0,0,0,0,1
2023-11-10 17:00:00,14,18,1454,8,0,9.6,-1.6,0.2,1,0,0,0,0,0,0,0,1
2023-11-10 13:00:00,13,14,2839,11,0,9.6,-1.6,0.2,1,0,0,0,0,0,0,0,1
2023-11-10 14:00:00,9,15,3261,5,0,9.6,-1.6,0.2,1,0,0,0,0,0,0,0,1
2023-11-10 08:00:00,8,9,899,16,0,9.6,-1.6,0.2,1,0,0,0,0,0,0,0,1
2023-11-10 18:00:00,6,19,557,9,0,9.6,-1.6,0.2,1,0,0,0,0,0,0,0,1
2023-11-11 04:00:00,0,5,18,3,0,9.0,0.5,0.0,0,0,1,0,0,0,0,0,1
2023-11-11 10:00:00,22,11,2105,14,0,9.0,0.5,0.0,0,0,1,0,0,0,0,0,1
2023-11-11 03:00:00,0,4,73,2,0,9.0,0.5,0.0,0,0,1,0,0,0,0,0,1
2023-11-11 05:00:00,0,6,27,2,0,9.0,0.5,0.0,0,0,1,0,0,0,0,0,1
2023-11-11 22:00:00,0,23,155,1,0,9.0,0.5,0.0,0,0,1,0,0,0,0,0,1
2023-11-11 14:00:00,4,15,3840,5,0,9.0,0.5,0.0,0,0,1,0,0,0,0,0,1
2023-11-11 11:00:00,21,12,2733,12,0,9.0,0.5,0.0,0,0,1,0,0,0,0,0,1
2023-11-11 23:00:00,0,0,103,0,0,9.0,0.5,0.0,0,0,1,0,0,0,0,0,1
2023-11-11 20:00:00,1,21,237,4,0,9.0,0.5,0.0,0,0,1,0,0,0,0,0,1
2023-11-11 17:00:00,4,18,1537,3,0,9.0,0.5,0.0,0,0,1,0,0,0,0,0,1
2023-11-11 18:00:00,1,19,643,3,0,9.0,0.5,0.0,0,0,1,0,0,0,0,0,1
2023-11-11 21:00:00,1,22,241,1,0,9.0,0.5,0.0,0,0,1,0,0,0,0,0,1
2023-11-12 14:00:00,25,15,2591,8,0,9.0,-0.1,7.7,0,0,0,1,0,0,0,0,1
2023-11-11 09:00:00,9,10,1535,19,0,9.0,0.5,0.0,0,0,1,0,0,0,0,0,1
2023-11-11 15:00:00,7,16,3636,7,0,9.0,0.5,0.0,0,0,1,0,0,0,0,0,1
2023-11-11 16:00:00,7,17,2475,5,0,9.0,0.5,0.0,0,0,1,0,0,0,0,0,1
2023-11-11 13:00:00,6,14,3098,15,0,9.0,0.5,0.0,0,0,1,0,0,0,0,0,1
2023-11-09 06:00:00,0,7,75,3,0,7.9,0.7,0.0,0,0,0,0,1,0,0,0,1
2023-11-11 07:00:00,3,8,96,7,0,9.0,0.5,0.0,0,0,1,0,0,0,0,0,1
2023-11-11 08:00:00,2,9,561,13,0,9.0,0.5,0.0,0,0,1,0,0,0,0,0,1
2023-11-09 05:00:00,0,6,56,0,0,7.9,0.7,0.0,0,0,0,0,1,0,0,0,1
2023-11-09 00:00:00,0,1,38,0,0,7.9,0.7,0.0,0,0,0,0,1,0,0,0,1
2023-11-12 15:00:00,21,16,2253,9,0,9.0,-0.1,7.7,0,0,0,1,0,0,0,0,1
2023-11-09 02:00:00,0,3,12,0,0,7.9,0.7,0.0,0,0,0,0,1,0,0,0,1
2023-11-09 01:00:00,0,2,11,0,0,7.9,0.7,0.0,0,0,0,0,1,0,0,0,1
2023-11-12 13:00:00,20,14,2437,13,0,9.0,-0.1,7.7,0,0,0,1,0,0,0,0,1
2023-11-09 04:00:00,0,5,7,0,0,7.9,0.7,0.0,0,0,0,0,1,0,0,0,1
2023-11-09 03:00:00,0,4,3,0,0,7.9,0.7,0.0,0,0,0,0,1,0,0,0,1
2023-11-12 10:00:00,17,11,549,5,0,9.0,-0.1,7.7,0,0,0,1,0,0,0,0,1
2023-11-10 12:00:00,40,13,2463,15,0,9.6,-1.6,0.2,1,0,0,0,0,0,0,0,1
2023-11-10 09:00:00,2,10,1521,24,0,9.6,-1.6,0.2,1,0,0,0,0,0,0,0,1
2023-11-10 07:00:00,2,8,261,21,0,9.6,-1.6,0.2,1,0,0,0,0,0,0,0,1
2023-11-10 19:00:00,2,20,354,10,0,9.6,-1.6,0.2,1,0,0,0,0,0,0,0,1
2023-11-10 23:00:00,0,0,102,5,0,9.6,-1.6,0.2,1,0,0,0,0,0,0,0,1
2023-11-10 11:00:00,30,12,2493,14,0,9.6,-1.6,0.2,1,0,0,0,0,0,0,0,1
2023-11-11 01:00:00,0,2,54,18,0,9.0,0.5,0.0,0,0,1,0,0,0,0,0,1
2023-11-11 00:00:00,0,1,138,17,0,9.0,0.5,0.0,0,0,1,0,0,0,0,0,1
2023-11-11 02:00:00,0,3,55,16,0,9.0,0.5,0.0,0,0,1,0,0,0,0,0,1
2023-11-11 06:00:00,0,7,41,4,0,9.0,0.5,0.0,0,0,1,0,0,0,0,0,1
2023-11-11 19:00:00,0,20,443,3,0,9.0,0.5,0.0,0,0,1,0,0,0,0,0,1
2023-11-10 06:00:00,0,7,66,5,0,9.6,-1.6,0.2,1,0,0,0,0,0,0,0,1
2023-11-10 21:00:00,0,22,182,4,0,9.6,-1.6,0.2,1,0,0,0,0,0,0,0,1
2023-11-10 05:00:00,0,6,55,3,0,9.6,-1.6,0.2,1,0,0,0,0,0,0,0,1
2023-11-12 12:00:00,12,13,1691,2,0,9.0,-0.1,7.7,0,0,0,1,0,0,0,0,1
2023-11-10 04:00:00,0,5,15,3,0,9.6,-1.6,0.2,1,0,0,0,0,0,0,0,1
2023-11-10 10:00:00,24,11,2331,25,0,9.6,-1.6,0.2,1,0,0,0,0,0,0,0,1
2023-11-10 00:00:00,0,1,48,2,0,9.6,-1.6,0.2,1,0,0,0,0,0,0,0,1
2023-11-10 01:00:00,0,2,21,2,0,9.6,-1.6,0.2,1,0,0,0,0,0,0,0,1
2023-11-10 02:00:00,0,3,23,0,0,9.6,-1.6,0.2,1,0,0,0,0,0,0,0,1
2023-11-12 11:00:00,11,12,1072,4,0,9.0,-0.1,7.7,0,0,0,1,0,0,0,0,1
2023-11-10 03:00:00,0,4,21,0,0,9.6,-1.6,0.2,1,0,0,0,0,0,0,0,1
2023-11-10 15:00:00,17,16,2775,12,0,9.6,-1.6,0.2,1,0,0,0,0,0,0,0,1
2023-11-10 22:00:00,1,23,134,5,0,9.6,-1.6,0.2,1,0,0,0,0,0,0,0,1
2023-11-10 20:00:00,1,21,203,0,0,9.6,-1.6,0.2,1,0,0,0,0,0,0,0,1
2023-11-11 12:00:00,26,13,3869,23,0,9.0,0.5,0.0,0,0,1,0,0,0,0,0,1
2023-11-13 12:00:00,13,13,1511,10,0,8.4,-0.1,27.3,0,1,0,0,0,0,0,0,1
2023-11-12 16:00:00,7,17,1701,8,0,9.0,-0.1,7.7,0,0,0,1,0,0,0,0,1
2023-11-12 20:00:00,0,21,167,9,0,9.0,-0.1,7.7,0,0,0,1,0,0,0,0,1
2023-11-12 17:00:00,0,18,679,5,0,9.0,-0.1,7.7,0,0,0,1,0,0,0,0,1
2023-11-12 19:00:00,0,20,253,3,0,9.0,-0.1,7.7,0,0,0,1,0,0,0,0,1
2023-11-12 06:00:00,0,7,40,2,0,9.0,-0.1,7.7,0,0,0,1,0,0,0,0,1
2023-11-12 22:00:00,0,23,84,1,0,9.0,-0.1,7.7,0,0,0,1,0,0,0,0,1
2023-11-12 23:00:00,0,0,24,1,0,9.0,-0.1,7.7,0,0,0,1,0,0,0,0,1
2023-11-12 18:00:00,0,19,272,0,0,9.0,-0.1,7.7,0,0,0,1,0,0,0,0,1
2023-11-12 00:00:00,0,1,127,0,0,9.0,-0.1,7.7,0,0,0,1,0,0,0,0,1
2023-11-12 02:00:00,0,3,83,0,0,9.0,-0.1,7.7,0,0,0,1,0,0,0,0,1
2023-11-12 03:00:00,0,4,38,0,0,9.0,-0.1,7.7,0,0,0,1,0,0,0,0,1
2023-11-12 05:00:00,0,6,15,0,0,9.0,-0.1,7.7,0,0,0,1,0,0,0,0,1
2023-11-12 04:00:00,0,5,7,0,0,9.0,-0.1,7.7,0,0,0,1,0,0,0,0,1
2023-11-13 15:00:00,22,16,1454,5,0,8.4,-0.1,27.3,0,1,0,0,0,0,0,0,1
2023-11-13 14:00:00,17,15,1414,10,0,8.4,-0.1,27.3,0,1,0,0,0,0,0,0,1
2023-11-13 10:00:00,16,11,1016,14,0,8.4,-0.1,27.3,0,1,0,0,0,0,0,0,1
2023-11-13 11:00:00,16,12,1244,12,0,8.4,-0.1,27.3,0,1,0,0,0,0,0,0,1
2023-11-13 13:00:00,16,14,1349,6,0,8.4,-0.1,27.3,0,1,0,0,0,0,0,0,1
2023-11-13 18:00:00,0,19,349,8,0,8.4,-0.1,27.3,0,1,0,0,0,0,0,0,1
2023-11-14 15:00:00,10,16,1762,6,0,8.0,6.1,19.6,0,0,0,0,0,1,0,0,1
2023-11-14 11:00:00,8,12,2299,13,0,8.0,6.1,19.6,0,0,0,0,0,1,0,0,1
2023-11-12 09:00:00,5,10,343,3,0,9.0,-0.1,7.7,0,0,0,1,0,0,0,0,1
2023-11-13 09:00:00,9,10,734,17,0,8.4,-0.1,27.3,0,1,0,0,0,0,0,0,1
2023-11-12 08:00:00,1,9,234,4,0,9.0,-0.1,7.7,0,0,0,1,0,0,0,0,1
2023-11-13 20:00:00,0,21,179,5,0,8.4,-0.1,27.3,0,1,0,0,0,0,0,0,1
2023-11-12 07:00:00,1,8,106,1,0,9.0,-0.1,7.7,0,0,0,1,0,0,0,0,1
2023-11-13 16:00:00,2,17,1361,15,0,8.4,-0.1,27.3,0,1,0,0,0,0,0,0,1
2023-11-12 01:00:00,1,2,93,1,0,9.0,-0.1,7.7,0,0,0,1,0,0,0,0,1
2023-11-13 19:00:00,0,20,252,1,0,8.4,-0.1,27.3,0,1,0,0,0,0,0,0,1
2023-11-13 05:00:00,0,6,32,1,0,8.4,-0.1,27.3,0,1,0,0,0,0,0,0,1
2023-11-13 02:00:00,0,3,12,1,0,8.4,-0.1,27.3,0,1,0,0,0,0,0,0,1
2023-11-13 00:00:00,0,1,38,0,0,8.4,-0.1,27.3,0,1,0,0,0,0,0,0,1
2023-11-13 01:00:00,0,2,11,0,0,8.4,-0.1,27.3,0,1,0,0,0,0,0,0,1
2023-11-13 04:00:00,0,5,7,0,0,8.4,-0.1,27.3,0,1,0,0,0,0,0,0,1
2023-11-13 03:00:00,0,4,3,0,0,8.4,-0.1,27.3,0,1,0,0,0,0,0,0,1
2023-11-13 08:00:00,6,9,488,8,0,8.4,-0.1,27.3,0,1,0,0,0,0,0,0,1
2023-11-14 09:00:00,25,10,1441,12,0,8.0,6.1,19.6,0,0,0,0,0,1,0,0,1
2023-11-14 12:00:00,25,13,2639,7,0,8.0,6.1,19.6,0,0,0,0,0,1,0,0,1
2023-11-14 14:00:00,21,15,1998,18,0,8.0,6.1,19.6,0,0,0,0,0,1,0,0,1
2023-11-14 13:00:00,21,14,2729,11,0,8.0,6.1,19.6,0,0,0,0,0,1,0,0,1
2023-11-14 10:00:00,18,11,2008,23,0,8.0,6.1,19.6,0,0,0,0,0,1,0,0,1
2023-11-14 08:00:00,18,9,706,6,0,8.0,6.1,19.6,0,0,0,0,0,1,0,0,1
2023-11-13 17:00:00,3,18,703,21,0,8.4,-0.1,27.3,0,1,0,0,0,0,0,0,1
2023-11-12 21:00:00,2,22,155,2,0,9.0,-0.1,7.7,0,0,0,1,0,0,0,0,1
2023-11-13 07:00:00,1,8,215,13,0,8.4,-0.1,27.3,0,1,0,0,0,0,0,0,1
2023-11-13 06:00:00,1,7,49,8,0,8.4,-0.1,27.3,0,1,0,0,0,0,0,0,1
2023-11-13 22:00:00,1,23,143,4,0,8.4,-0.1,27.3,0,1,0,0,0,0,0,0,1
2023-11-13 21:00:00,1,22,149,3,0,8.4,-0.1,27.3,0,1,0,0,0,0,0,0,1
2023-11-13 23:00:00,1,0,21,0,0,8.4,-0.1,27.3,0,1,0,0,0,0,0,0,1
2023-11-14 05:00:00,0,6,17,4,0,8.0,6.1,19.6,0,0,0,0,0,1,0,0,1
2023-11-14 03:00:00,0,4,4,2,0,8.0,6.1,19.6,0,0,0,0,0,1,0,0,1
2023-11-14 18:00:00,3,19,323,3,0,8.0,6.1,19.6,0,0,0,0,0,1,0,0,1
2023-11-14 06:00:00,0,7,35,1,0,8.0,6.1,19.6,0,0,0,0,0,1,0,0,1
2023-11-16 15:00:00,8,16,2369,9,0,11.2,5.5,0.0,0,0,0,0,1,0,0,0,1
2023-11-16 16:00:00,6,17,1738,19,0,11.2,5.5,0.0,0,0,0,0,1,0,0,0,1
2023-11-14 00:00:00,0,1,13,1,0,8.0,6.1,19.6,0,0,0,0,0,1,0,0,1
2023-11-14 23:00:00,0,0,34,0,0,8.0,6.1,19.6,0,0,0,0,0,1,0,0,1
2023-11-14 01:00:00,0,2,14,0,0,8.0,6.1,19.6,0,0,0,0,0,1,0,0,1
2023-11-15 07:00:00,3,8,188,6,0,6.8,6.1,1.1,0,0,0,0,0,0,1,0,1
2023-11-15 18:00:00,3,19,478,3,0,6.8,6.1,1.1,0,0,0,0,0,0,1,0,1
2023-11-14 02:00:00,0,3,3,0,0,8.0,6.1,19.6,0,0,0,0,0,1,0,0,1
2023-11-14 04:00:00,0,5,3,0,0,8.0,6.1,19.6,0,0,0,0,0,1,0,0,1
2023-11-15 16:00:00,6,17,2238,24,0,6.8,6.1,1.1,0,0,0,0,0,0,1,0,1
2023-11-15 17:00:00,5,18,1537,6,0,6.8,6.1,1.1,0,0,0,0,0,0,1,0,1
2023-11-14 17:00:00,0,18,1176,10,0,8.0,6.1,19.6,0,0,0,0,0,1,0,0,1
2023-11-14 19:00:00,0,20,214,6,0,8.0,6.1,19.6,0,0,0,0,0,1,0,0,1
2023-11-14 21:00:00,0,22,141,6,0,8.0,6.1,19.6,0,0,0,0,0,1,0,0,1
2023-11-15 14:00:00,24,15,2506,29,0,6.8,6.1,1.1,0,0,0,0,0,0,1,0,1
2023-11-16 12:00:00,25,13,3125,11,0,11.2,5.5,0.0,0,0,0,0,1,0,0,0,1
2023-11-14 16:00:00,2,17,1723,14,0,8.0,6.1,19.6,0,0,0,0,0,1,0,0,1
2023-11-15 10:00:00,21,11,1854,26,0,6.8,6.1,1.1,0,0,0,0,0,0,1,0,1
2023-11-15 09:00:00,21,10,1198,20,0,6.8,6.1,1.1,0,0,0,0,0,0,1,0,1
2023-11-15 11:00:00,21,12,2404,12,0,6.8,6.1,1.1,0,0,0,0,0,0,1,0,1
2023-11-16 11:00:00,22,12,2618,20,0,11.2,5.5,0.0,0,0,0,0,1,0,0,0,1
2023-11-15 19:00:00,2,20,397,7,0,6.8,6.1,1.1,0,0,0,0,0,0,1,0,1
2023-11-15 23:00:00,2,0,42,2,0,6.8,6.1,1.1,0,0,0,0,0,0,1,0,1
2023-11-16 13:00:00,18,14,3284,18,0,11.2,5.5,0.0,0,0,0,0,1,0,0,0,1
2023-11-16 10:00:00,16,11,2193,24,0,11.2,5.5,0.0,0,0,0,0,1,0,0,0,1
2023-11-16 14:00:00,16,15,2954,10,0,11.2,5.5,0.0,0,0,0,0,1,0,0,0,1
2023-11-15 15:00:00,17,16,2443,15,0,6.8,6.1,1.1,0,0,0,0,0,0,1,0,1
2023-11-15 13:00:00,16,14,2807,10,0,6.8,6.1,1.1,0,0,0,0,0,0,1,0,1
2023-11-15 12:00:00,16,13,2726,9,0,6.8,6.1,1.1,0,0,0,0,0,0,1,0,1
2023-11-15 08:00:00,15,9,655,13,0,6.8,6.1,1.1,0,0,0,0,0,0,1,0,1
2023-11-16 09:00:00,14,10,1360,18,0,11.2,5.5,0.0,0,0,0,0,1,0,0,0,1
2023-11-15 20:00:00,0,21,237,8,0,6.8,6.1,1.1,0,0,0,0,0,0,1,0,1
2023-11-16 08:00:00,13,9,663,11,0,11.2,5.5,0.0,0,0,0,0,1,0,0,0,1
2023-11-15 06:00:00,0,7,59,4,0,6.8,6.1,1.1,0,0,0,0,0,0,1,0,1
2023-11-15 04:00:00,0,5,14,1,0,6.8,6.1,1.1,0,0,0,0,0,0,1,0,1
2023-11-15 00:00:00,0,1,11,1,0,6.8,6.1,1.1,0,0,0,0,0,0,1,0,1
2023-11-15 01:00:00,0,2,5,1,0,6.8,6.1,1.1,0,0,0,0,0,0,1,0,1
2023-11-15 05:00:00,0,6,40,0,0,6.8,6.1,1.1,0,0,0,0,0,0,1,0,1
2023-11-15 02:00:00,0,3,12,0,0,6.8,6.1,1.1,0,0,0,0,0,0,1,0,1
2023-11-14 20:00:00,1,21,175,9,0,8.0,6.1,19.6,0,0,0,0,0,1,0,0,1
2023-11-15 21:00:00,1,22,221,1,0,6.8,6.1,1.1,0,0,0,0,0,0,1,0,1
2023-11-15 22:00:00,1,23,147,1,0,6.8,6.1,1.1,0,0,0,0,0,0,1,0,1
2023-11-14 07:00:00,1,8,216,4,0,8.0,6.1,19.6,0,0,0,0,0,1,0,0,1
2023-11-14 22:00:00,1,23,72,1,0,8.0,6.1,19.6,0,0,0,0,0,1,0,0,1
2023-11-17 18:00:00,2,19,618,16,0,10.8,3.9,2.4,1,0,0,0,0,0,0,0,1
2023-11-17 20:00:00,2,21,370,16,0,10.8,3.9,2.4,1,0,0,0,0,0,0,0,1
2023-11-17 07:00:00,2,8,228,12,0,10.8,3.9,2.4,1,0,0,0,0,0,0,0,1
2023-11-17 00:00:00,2,1,11,1,0,10.8,3.9,2.4,1,0,0,0,0,0,0,0,1
2023-11-18 10:00:00,17,11,2101,37,0,12.9,5.5,9.6,0,0,1,0,0,0,0,0,1
2023-11-17 23:00:00,0,0,170,43,0,10.8,3.9,2.4,1,0,0,0,0,0,0,0,1
2023-11-17 22:00:00,0,23,381,34,0,10.8,3.9,2.4,1,0,0,0,0,0,0,0,1
2023-11-17 06:00:00,0,7,69,2,0,10.8,3.9,2.4,1,0,0,0,0,0,0,0,1
2023-11-17 05:00:00,0,6,40,2,0,10.8,3.9,2.4,1,0,0,0,0,0,0,0,1
2023-11-17 03:00:00,0,4,18,2,0,10.8,3.9,2.4,1,0,0,0,0,0,0,0,1
2023-11-17 04:00:00,0,5,4,1,0,10.8,3.9,2.4,1,0,0,0,0,0,0,0,1
2023-11-17 02:00:00,0,3,11,0,0,10.8,3.9,2.4,1,0,0,0,0,0,0,0,1
2023-11-17 01:00:00,0,2,8,0,0,10.8,3.9,2.4,1,0,0,0,0,0,0,0,1
2023-11-18 14:00:00,23,15,3761,10,0,12.9,5.5,9.6,0,0,1,0,0,0,0,0,1
2023-11-16 19:00:00,1,20,170,2,0,11.2,5.5,0.0,0,0,0,0,1,0,0,0,1
2023-11-18 13:00:00,16,14,3294,19,0,12.9,5.5,9.6,0,0,1,0,0,0,0,0,1
2023-11-18 15:00:00,15,16,2807,15,0,12.9,5.5,9.6,0,0,1,0,0,0,0,0,1
2023-11-18 18:00:00,3,19,492,4,0,12.9,5.5,9.6,0,0,1,0,0,0,0,0,1
2023-11-18 17:00:00,2,18,1358,3,0,12.9,5.5,9.6,0,0,1,0,0,0,0,0,1
2023-11-16 17:00:00,1,18,736,1,0,11.2,5.5,0.0,0,0,0,0,1,0,0,0,1
2023-11-17 09:00:00,10,10,1363,14,0,10.8,3.9,2.4,1,0,0,0,0,0,0,0,1
2023-11-17 19:00:00,6,20,500,12,0,10.8,3.9,2.4,1,0,0,0,0,0,0,0,1
2023-11-17 08:00:00,3,9,693,16,0,10.8,3.9,2.4,1,0,0,0,0,0,0,0,1
2023-11-17 21:00:00,1,22,474,39,0,10.8,3.9,2.4,1,0,0,0,0,0,0,0,1
2023-11-17 17:00:00,23,18,1356,17,0,10.8,3.9,2.4,1,0,0,0,0,0,0,0,1
2023-11-16 18:00:00,0,19,329,2,0,11.2,5.5,0.0,0,0,0,0,1,0,0,0,1
2023-11-16 20:00:00,0,21,148,2,0,11.2,5.5,0.0,0,0,0,0,1,0,0,0,1
2023-11-16 21:00:00,0,22,110,2,0,11.2,5.5,0.0,0,0,0,0,1,0,0,0,1
2023-11-16 00:00:00,0,1,28,2,0,11.2,5.5,0.0,0,0,0,0,1,0,0,0,1
2023-11-16 06:00:00,0,7,61,1,0,11.2,5.5,0.0,0,0,0,0,1,0,0,0,1
2023-11-16 05:00:00,0,6,42,1,0,11.2,5.5,0.0,0,0,0,0,1,0,0,0,1
2023-11-16 22:00:00,0,23,72,0,0,11.2,5.5,0.0,0,0,0,0,1,0,0,0,1
2023-11-16 01:00:00,0,2,18,0,0,11.2,5.5,0.0,0,0,0,0,1,0,0,0,1
2023-11-16 04:00:00,0,5,13,0,0,11.2,5.5,0.0,0,0,0,0,1,0,0,0,1
2023-11-16 02:00:00,0,3,8,0,0,11.2,5.5,0.0,0,0,0,0,1,0,0,0,1
2023-11-16 03:00:00,0,4,6,0,0,11.2,5.5,0.0,0,0,0,0,1,0,0,0,1
2023-11-17 12:00:00,35,13,3383,20,0,10.8,3.9,2.4,1,0,0,0,0,0,0,0,1
2023-11-18 08:00:00,13,9,423,15,0,12.9,5.5,9.6,0,0,1,0,0,0,0,0,1
2023-11-17 11:00:00,22,12,2939,10,0,10.8,3.9,2.4,1,0,0,0,0,0,0,0,1
2023-11-16 07:00:00,3,8,189,12,0,11.2,5.5,0.0,0,0,0,0,1,0,0,0,1
2023-11-16 23:00:00,3,0,24,0,0,11.2,5.5,0.0,0,0,0,0,1,0,0,0,1
2023-11-17 13:00:00,20,14,3334,10,0,10.8,3.9,2.4,1,0,0,0,0,0,0,0,1
2023-11-18 11:00:00,10,12,2196,27,0,12.9,5.5,9.6,0,0,1,0,0,0,0,0,1
2023-11-18 16:00:00,9,17,2268,23,0,12.9,5.5,9.6,0,0,1,0,0,0,0,0,1
2023-11-17 10:00:00,19,11,2152,25,0,10.8,3.9,2.4,1,0,0,0,0,0,0,0,1
2023-11-17 14:00:00,19,15,3057,19,0,10.8,3.9,2.4,1,0,0,0,0,0,0,0,1
2023-11-18 09:00:00,8,10,1061,27,0,12.9,5.5,9.6,0,0,1,0,0,0,0,0,1
2023-11-17 15:00:00,16,16,2698,9,0,10.8,3.9,2.4,1,0,0,0,0,0,0,0,1
2023-11-17 16:00:00,15,17,2183,12,0,10.8,3.9,2.4,1,0,0,0,0,0,0,0,1
2023-11-18 12:00:00,6,13,3054,15,0,12.9,5.5,9.6,0,0,1,0,0,0,0,0,1
2023-11-18 00:00:00,1,1,130,45,0,12.9,5.5,9.6,0,0,1,0,0,0,0,0,1
2023-11-19 19:00:00,1,20,670,34,0,12.5,5.5,0.2,0,0,0,1,0,0,0,0,1
2023-11-19 23:00:00,1,0,36,0,0,12.5,5.5,0.2,0,0,0,1,0,0,0,0,1
2023-11-18 19:00:00,1,20,281,2,0,12.9,5.5,9.6,0,0,1,0,0,0,0,0,1
2023-11-19 01:00:00,0,2,66,39,0,12.5,5.5,0.2,0,0,0,1,0,0,0,0,1
2023-11-19 22:00:00,0,23,241,34,0,12.5,5.5,0.2,0,0,0,1,0,0,0,0,1
2023-11-19 02:00:00,0,3,44,34,0,12.5,5.5,0.2,0,0,0,1,0,0,0,0,1
2023-11-20 21:00:00,5,22,277,27,0,12.0,8.3,0.0,0,1,0,0,0,0,0,0,1
2023-11-19 20:00:00,0,21,421,27,0,12.5,5.5,0.2,0,0,0,1,0,0,0,0,1
2023-11-20 08:00:00,5,9,652,11,0,12.0,8.3,0.0,0,1,0,0,0,0,0,0,1
2023-11-20 15:00:00,16,16,2193,15,0,12.0,8.3,0.0,0,1,0,0,0,0,0,0,1
2023-11-19 21:00:00,0,22,281,22,0,12.5,5.5,0.2,0,0,0,1,0,0,0,0,1
2023-11-19 10:00:00,10,11,919,5,0,12.5,5.5,0.2,0,0,0,1,0,0,0,0,1
2023-11-19 08:00:00,9,9,116,4,0,12.5,5.5,0.2,0,0,0,1,0,0,0,0,1
2023-11-19 09:00:00,8,10,308,6,0,12.5,5.5,0.2,0,0,0,1,0,0,0,0,1
2023-11-19 16:00:00,7,17,1900,19,0,12.5,5.5,0.2,0,0,0,1,0,0,0,0,1
2023-11-19 18:00:00,6,19,628,28,0,12.5,5.5,0.2,0,0,0,1,0,0,0,0,1
2023-11-20 22:00:00,4,23,215,10,0,12.0,8.3,0.0,0,1,0,0,0,0,0,0,1
2023-11-20 19:00:00,4,20,275,7,0,12.0,8.3,0.0,0,1,0,0,0,0,0,0,1
2023-11-18 01:00:00,0,2,138,37,0,12.9,5.5,9.6,0,0,1,0,0,0,0,0,1
2023-11-18 02:00:00,0,3,43,23,0,12.9,5.5,9.6,0,0,1,0,0,0,0,0,1
2023-11-18 23:00:00,0,0,97,81,0,12.9,5.5,9.6,0,0,1,0,0,0,0,0,1
2023-11-19 03:00:00,0,4,37,5,0,12.5,5.5,0.2,0,0,0,1,0,0,0,0,1
2023-11-18 22:00:00,0,23,187,78,0,12.9,5.5,9.6,0,0,1,0,0,0,0,0,1
2023-11-19 07:00:00,0,8,37,2,0,12.5,5.5,0.2,0,0,0,1,0,0,0,0,1
2023-11-18 03:00:00,0,4,75,10,0,12.9,5.5,9.6,0,0,1,0,0,0,0,0,1
2023-11-19 06:00:00,0,7,14,2,0,12.5,5.5,0.2,0,0,0,1,0,0,0,0,1
2023-11-18 21:00:00,0,22,235,60,0,12.9,5.5,9.6,0,0,1,0,0,0,0,0,1
2023-11-19 04:00:00,0,5,12,0,0,12.5,5.5,0.2,0,0,0,1,0,0,0,0,1
2023-11-19 05:00:00,0,6,4,0,0,12.5,5.5,0.2,0,0,0,1,0,0,0,0,1
2023-11-20 11:00:00,47,12,2962,22,0,12.0,8.3,0.0,0,1,0,0,0,0,0,0,1
2023-11-18 07:00:00,0,8,103,4,0,12.9,5.5,9.6,0,0,1,0,0,0,0,0,1
2023-11-18 06:00:00,0,7,35,2,0,12.9,5.5,9.6,0,0,1,0,0,0,0,0,1
2023-11-18 20:00:00,0,21,224,1,0,12.9,5.5,9.6,0,0,1,0,0,0,0,0,1
2023-11-18 05:00:00,0,6,22,1,0,12.9,5.5,9.6,0,0,1,0,0,0,0,0,1
2023-11-18 04:00:00,0,5,16,1,0,12.9,5.5,9.6,0,0,1,0,0,0,0,0,1
2023-11-19 11:00:00,39,12,1671,12,0,12.5,5.5,0.2,0,0,0,1,0,0,0,0,1
2023-11-19 12:00:00,33,13,2283,14,0,12.5,5.5,0.2,0,0,0,1,0,0,0,0,1
2023-11-19 15:00:00,32,16,2306,13,0,12.5,5.5,0.2,0,0,0,1,0,0,0,0,1
2023-11-19 13:00:00,32,14,2575,8,0,12.5,5.5,0.2,0,0,0,1,0,0,0,0,1
2023-11-19 14:00:00,22,15,2459,6,0,12.5,5.5,0.2,0,0,0,1,0,0,0,0,1
2023-11-20 23:00:00,3,0,72,2,0,12.0,8.3,0.0,0,1,0,0,0,0,0,0,1
2023-11-20 17:00:00,9,18,1130,3,0,12.0,8.3,0.0,0,1,0,0,0,0,0,0,1
2023-11-20 12:00:00,36,13,3012,39,0,12.0,8.3,0.0,0,1,0,0,0,0,0,0,1
2023-11-20 18:00:00,9,19,384,2,0,12.0,8.3,0.0,0,1,0,0,0,0,0,0,1
2023-11-20 09:00:00,8,10,1357,20,0,12.0,8.3,0.0,0,1,0,0,0,0,0,0,1
2023-11-20 10:00:00,30,11,2243,22,0,12.0,8.3,0.0,0,1,0,0,0,0,0,0,1
2023-11-20 13:00:00,30,14,2798,6,0,12.0,8.3,0.0,0,1,0,0,0,0,0,0,1
2023-11-19 17:00:00,2,18,1272,36,0,12.5,5.5,0.2,0,0,0,1,0,0,0,0,1
2023-11-20 14:00:00,26,15,2484,11,0,12.0,8.3,0.0,0,1,0,0,0,0,0,0,1
2023-11-19 00:00:00,1,1,149,50,0,12.5,5.5,0.2,0,0,0,1,0,0,0,0,1
2023-11-20 16:00:00,20,17,1771,9,0,12.0,8.3,0.0,0,1,0,0,0,0,0,0,1
2023-11-21 19:00:00,0,20,611,28,0,14.4,3.8,0.0,0,0,0,0,0,1,0,0,1
2023-11-21 23:00:00,0,0,70,25,0,14.4,3.8,0.0,0,0,0,0,0,1,0,0,1
2023-11-21 21:00:00,0,22,335,23,0,14.4,3.8,0.0,0,0,0,0,0,1,0,0,1
2023-11-22 08:00:00,14,9,961,49,0,13.1,5.5,0.0,0,0,0,0,0,0,1,0,1
2023-11-21 06:00:00,0,7,58,4,0,14.4,3.8,0.0,0,0,0,0,0,1,0,0,1
2023-11-21 05:00:00,0,6,52,4,0,14.4,3.8,0.0,0,0,0,0,0,1,0,0,1
2023-11-21 01:00:00,0,2,32,2,0,14.4,3.8,0.0,0,0,0,0,0,1,0,0,1
2023-11-21 00:00:00,0,1,24,2,0,14.4,3.8,0.0,0,0,0,0,0,1,0,0,1
2023-11-21 02:00:00,0,3,9,1,0,14.4,3.8,0.0,0,0,0,0,0,1,0,0,1
2023-11-21 03:00:00,0,4,4,1,0,14.4,3.8,0.0,0,0,0,0,0,1,0,0,1
2023-11-20 06:00:00,0,7,63,3,0,12.0,8.3,0.0,0,1,0,0,0,0,0,0,1
2023-11-20 07:00:00,1,8,182,8,0,12.0,8.3,0.0,0,1,0,0,0,0,0,0,1
2023-11-21 04:00:00,0,5,8,0,0,14.4,3.8,0.0,0,0,0,0,0,1,0,0,1
2023-11-21 15:00:00,20,16,2493,12,0,14.4,3.8,0.0,0,0,0,0,0,1,0,0,1
2023-11-20 05:00:00,0,6,20,3,0,12.0,8.3,0.0,0,1,0,0,0,0,0,0,1
2023-11-21 18:00:00,6,19,615,13,0,14.4,3.8,0.0,0,0,0,0,0,1,0,0,1
2023-11-20 00:00:00,0,1,27,0,0,12.0,8.3,0.0,0,1,0,0,0,0,0,0,1
2023-11-20 01:00:00,0,2,25,0,0,12.0,8.3,0.0,0,1,0,0,0,0,0,0,1
2023-11-20 02:00:00,0,3,14,0,0,12.0,8.3,0.0,0,1,0,0,0,0,0,0,1
2023-11-21 10:00:00,17,11,2067,16,0,14.4,3.8,0.0,0,0,0,0,0,1,0,0,1
2023-11-21 13:00:00,17,14,3281,8,0,14.4,3.8,0.0,0,0,0,0,0,1,0,0,1
2023-11-21 12:00:00,13,13,3103,12,0,14.4,3.8,0.0,0,0,0,0,0,1,0,0,1
2023-11-21 16:00:00,12,17,2203,13,0,14.4,3.8,0.0,0,0,0,0,0,1,0,0,1
2023-11-21 08:00:00,12,9,685,10,0,14.4,3.8,0.0,0,0,0,0,0,1,0,0,1
2023-11-21 14:00:00,10,15,2636,22,0,14.4,3.8,0.0,0,0,0,0,0,1,0,0,1
2023-11-21 17:00:00,10,18,1442,1,0,14.4,3.8,0.0,0,0,0,0,0,1,0,0,1
2023-11-21 09:00:00,9,10,1375,15,0,14.4,3.8,0.0,0,0,0,0,0,1,0,0,1
2023-11-20 03:00:00,0,4,9,0,0,12.0,8.3,0.0,0,1,0,0,0,0,0,0,1
2023-11-22 15:00:00,13,16,1761,35,0,13.1,5.5,0.0,0,0,0,0,0,0,1,0,1
2023-11-20 04:00:00,0,5,5,0,0,12.0,8.3,0.0,0,1,0,0,0,0,0,0,1
2023-11-22 12:00:00,13,13,4243,32,0,13.1,5.5,0.0,0,0,0,0,0,0,1,0,1
2023-11-21 11:00:00,21,12,2764,6,0,14.4,3.8,0.0,0,0,0,0,0,1,0,0,1
2023-11-22 14:00:00,18,15,3231,21,0,13.1,5.5,0.0,0,0,0,0,0,0,1,0,1
2023-11-22 10:00:00,17,11,2780,49,0,13.1,5.5,0.0,0,0,0,0,0,0,1,0,1
2023-11-22 09:00:00,12,10,1627,42,0,13.1,5.5,0.0,0,0,0,0,0,0,1,0,1
2023-11-22 11:00:00,12,12,3385,28,0,13.1,5.5,0.0,0,0,0,0,0,0,1,0,1
2023-11-22 13:00:00,12,14,4152,18,0,13.1,5.5,0.0,0,0,0,0,0,0,1,0,1
2023-11-21 07:00:00,4,8,184,5,0,14.4,3.8,0.0,0,0,0,0,0,1,0,0,1
2023-11-22 17:00:00,11,18,1322,16,0,13.1,5.5,0.0,0,0,0,0,0,0,1,0,1
2023-11-22 20:00:00,3,21,328,34,0,13.1,5.5,0.0,0,0,0,0,0,0,1,0,1
2023-11-22 21:00:00,9,22,243,34,0,13.1,5.5,0.0,0,0,0,0,0,0,1,0,1
2023-11-21 20:00:00,2,21,411,37,0,14.4,3.8,0.0,0,0,0,0,0,1,0,0,1
2023-11-22 19:00:00,1,20,275,48,0,13.1,5.5,0.0,0,0,0,0,0,0,1,0,1
2023-11-22 23:00:00,1,0,116,22,0,13.1,5.5,0.0,0,0,0,0,0,0,1,0,1
2023-11-21 22:00:00,2,23,280,27,0,14.4,3.8,0.0,0,0,0,0,0,1,0,0,1
2023-11-22 18:00:00,9,19,565,33,0,13.1,5.5,0.0,0,0,0,0,0,0,1,0,1
2023-11-22 22:00:00,9,23,181,29,0,13.1,5.5,0.0,0,0,0,0,0,0,1,0,1
2023-11-20 20:00:00,0,21,237,13,0,12.0,8.3,0.0,0,1,0,0,0,0,0,0,1
2023-11-22 16:00:00,8,17,1552,25,0,13.1,5.5,0.0,0,0,0,0,0,0,1,0,1
2023-11-22 07:00:00,7,8,318,28,0,13.1,5.5,0.0,0,0,0,0,0,0,1,0,1
2023-11-22 01:00:00,1,2,42,16,0,13.1,5.5,0.0,0,0,0,0,0,0,1,0,1
2023-11-24 13:00:00,9,14,2405,102,0,4.6,4.1,0.0,1,0,0,0,0,0,0,0,1
2023-11-22 06:00:00,1,7,88,14,0,13.1,5.5,0.0,0,0,0,0,0,0,1,0,1
2023-11-23 09:00:00,10,10,1517,25,0,6.7,11.5,0.0,0,0,0,0,1,0,0,0,1
2023-11-24 07:00:00,2,8,276,9,0,4.6,4.1,0.0,1,0,0,0,0,0,0,0,1
2023-11-23 08:00:00,9,9,655,14,0,6.7,11.5,0.0,0,0,0,0,1,0,0,0,1
2023-11-23 16:00:00,6,17,2332,9,0,6.7,11.5,0.0,0,0,0,0,1,0,0,0,1
2023-11-23 17:00:00,5,18,1570,3,0,6.7,11.5,0.0,0,0,0,0,1,0,0,0,1
2023-11-23 12:00:00,40,13,2731,20,0,6.7,11.5,0.0,0,0,0,0,1,0,0,0,1
2023-11-23 23:00:00,0,0,88,21,0,6.7,11.5,0.0,0,0,0,0,1,0,0,0,1
2023-11-23 00:00:00,0,1,40,17,0,6.7,11.5,0.0,0,0,0,0,1,0,0,0,1
2023-11-23 02:00:00,0,3,27,11,0,6.7,11.5,0.0,0,0,0,0,1,0,0,0,1
2023-11-23 01:00:00,0,2,24,10,0,6.7,11.5,0.0,0,0,0,0,1,0,0,0,1
2023-11-23 03:00:00,0,4,14,7,0,6.7,11.5,0.0,0,0,0,0,1,0,0,0,1
2023-11-23 21:00:00,0,22,185,3,0,6.7,11.5,0.0,0,0,0,0,1,0,0,0,1
2023-11-23 04:00:00,0,5,17,2,0,6.7,11.5,0.0,0,0,0,0,1,0,0,0,1
2023-11-23 22:00:00,0,23,217,1,0,6.7,11.5,0.0,0,0,0,0,1,0,0,0,1
2023-11-23 13:00:00,31,14,3044,14,0,6.7,11.5,0.0,0,0,0,0,1,0,0,0,1
2023-11-23 14:00:00,23,15,2850,11,0,6.7,11.5,0.0,0,0,0,0,1,0,0,0,1
2023-11-23 11:00:00,20,12,2763,17,0,6.7,11.5,0.0,0,0,0,0,1,0,0,0,1
2023-11-23 15:00:00,18,16,2783,9,0,6.7,11.5,0.0,0,0,0,0,1,0,0,0,1
2023-11-23 18:00:00,3,19,494,1,0,6.7,11.5,0.0,0,0,0,0,1,0,0,0,1
2023-11-24 15:00:00,19,16,2832,11,0,4.6,4.1,0.0,1,0,0,0,0,0,0,0,1
2023-11-24 11:00:00,4,12,2787,7,0,4.6,4.1,0.0,1,0,0,0,0,0,0,0,1
2023-11-24 17:00:00,4,18,1662,4,0,4.6,4.1,0.0,1,0,0,0,0,0,0,0,1
2023-11-24 18:00:00,4,19,580,1,0,4.6,4.1,0.0,1,0,0,0,0,0,0,0,1
2023-11-24 20:00:00,3,21,546,59,0,4.6,4.1,0.0,1,0,0,0,0,0,0,0,1
2023-11-24 14:00:00,18,15,3148,17,0,4.6,4.1,0.0,1,0,0,0,0,0,0,0,1
2023-11-24 12:00:00,18,13,3246,9,0,4.6,4.1,0.0,1,0,0,0,0,0,0,0,1
2023-11-24 22:00:00,1,23,332,49,0,4.6,4.1,0.0,1,0,0,0,0,0,0,0,1
2023-11-23 06:00:00,2,7,72,13,0,6.7,11.5,0.0,0,0,0,0,1,0,0,0,1
2023-11-23 20:00:00,2,21,213,4,0,6.7,11.5,0.0,0,0,0,0,1,0,0,0,1
2023-11-24 19:00:00,1,20,577,47,0,4.6,4.1,0.0,1,0,0,0,0,0,0,0,1
2023-11-24 10:00:00,15,11,2302,51,0,4.6,4.1,0.0,1,0,0,0,0,0,0,0,1
2023-11-24 09:00:00,15,10,1727,36,0,4.6,4.1,0.0,1,0,0,0,0,0,0,0,1
2023-11-24 16:00:00,15,17,2791,15,0,4.6,4.1,0.0,1,0,0,0,0,0,0,0,1
2023-11-24 08:00:00,15,9,771,10,0,4.6,4.1,0.0,1,0,0,0,0,0,0,0,1
2023-11-22 00:00:00,0,1,44,24,0,13.1,5.5,0.0,0,0,0,0,0,0,1,0,1
2023-11-22 05:00:00,0,6,44,11,0,13.1,5.5,0.0,0,0,0,0,0,0,1,0,1
2023-11-22 02:00:00,0,3,21,11,0,13.1,5.5,0.0,0,0,0,0,0,0,1,0,1
2023-11-22 04:00:00,0,5,16,10,0,13.1,5.5,0.0,0,0,0,0,0,0,1,0,1
2023-11-23 10:00:00,1,11,2142,12,0,6.7,11.5,0.0,0,0,0,0,1,0,0,0,1
2023-11-24 05:00:00,1,6,43,1,0,4.6,4.1,0.0,1,0,0,0,0,0,0,0,1
2023-11-23 05:00:00,1,6,36,6,0,6.7,11.5,0.0,0,0,0,0,1,0,0,0,1
2023-11-22 03:00:00,0,4,5,4,0,13.1,5.5,0.0,0,0,0,0,0,0,1,0,1
2023-11-23 19:00:00,1,20,418,4,0,6.7,11.5,0.0,0,0,0,0,1,0,0,0,1
2023-11-23 07:00:00,1,8,196,2,0,6.7,11.5,0.0,0,0,0,0,1,0,0,0,1
2023-11-24 21:00:00,0,22,403,66,0,4.6,4.1,0.0,1,0,0,0,0,0,0,0,1
2023-11-24 23:00:00,0,0,147,61,0,4.6,4.1,0.0,1,0,0,0,0,0,0,0,1
2023-11-25 09:00:00,13,10,1206,12,0,4.3,5.5,0.0,0,0,1,0,0,0,0,0,1
2023-11-25 13:00:00,11,14,4426,7,0,4.3,5.5,0.0,0,0,1,0,0,0,0,0,1
2023-11-25 11:00:00,10,12,2381,9,0,4.3,5.5,0.0,0,0,1,0,0,0,0,0,1
2023-11-25 16:00:00,10,17,2542,5,0,4.3,5.5,0.0,0,0,1,0,0,0,0,0,1
2023-11-25 14:00:00,7,15,4233,8,0,4.3,5.5,0.0,0,0,1,0,0,0,0,0,1
2023-11-25 08:00:00,7,9,515,3,0,4.3,5.5,0.0,0,0,1,0,0,0,0,0,1
2023-11-25 02:00:00,0,3,20,5,0,4.3,5.5,0.0,0,0,1,0,0,0,0,0,1
2023-11-25 06:00:00,0,7,28,2,0,4.3,5.5,0.0,0,0,1,0,0,0,0,0,1
2023-11-25 05:00:00,0,6,35,1,0,4.3,5.5,0.0,0,0,1,0,0,0,0,0,1
2023-11-25 03:00:00,0,4,24,0,0,4.3,5.5,0.0,0,0,1,0,0,0,0,0,1
2023-11-25 04:00:00,0,5,19,0,0,4.3,5.5,0.0,0,0,1,0,0,0,0,0,1
2023-11-26 13:00:00,21,14,2306,7,0,8.4,5.5,0.0,0,0,0,1,0,0,0,0,1
2023-11-26 12:00:00,19,13,2062,14,0,8.4,5.5,0.0,0,0,0,1,0,0,0,0,1
2023-11-26 14:00:00,17,15,2366,6,0,8.4,5.5,0.0,0,0,0,1,0,0,0,0,1
2023-11-26 11:00:00,15,12,2115,28,0,8.4,5.5,0.0,0,0,0,1,0,0,0,0,1
2023-11-25 15:00:00,6,16,3118,1,0,4.3,5.5,0.0,0,0,1,0,0,0,0,0,1
2023-11-24 00:00:00,0,1,91,29,0,4.6,4.1,0.0,1,0,0,0,0,0,0,0,1
2023-11-25 19:00:00,1,20,734,66,0,4.3,5.5,0.0,0,0,1,0,0,0,0,0,1
2023-11-25 20:00:00,1,21,632,47,0,4.3,5.5,0.0,0,0,1,0,0,0,0,0,1
2023-11-25 18:00:00,1,19,837,0,0,4.3,5.5,0.0,0,0,1,0,0,0,0,0,1
2023-11-25 22:00:00,0,23,371,80,0,4.3,5.5,0.0,0,0,1,0,0,0,0,0,1
2023-11-25 01:00:00,0,2,83,67,0,4.3,5.5,0.0,0,0,1,0,0,0,0,0,1
2023-11-25 23:00:00,0,0,186,66,0,4.3,5.5,0.0,0,0,1,0,0,0,0,0,1
2023-11-25 00:00:00,0,1,122,56,0,4.3,5.5,0.0,0,0,1,0,0,0,0,0,1
2023-11-25 21:00:00,0,22,497,48,0,4.3,5.5,0.0,0,0,1,0,0,0,0,0,1
2023-11-26 16:00:00,12,17,1399,6,0,8.4,5.5,0.0,0,0,0,1,0,0,0,0,1
2023-11-26 06:00:00,1,7,39,8,0,8.4,5.5,0.0,0,0,0,1,0,0,0,0,1
2023-11-26 19:00:00,3,20,397,48,0,8.4,5.5,0.0,0,0,0,1,0,0,0,0,1
2023-11-26 22:00:00,3,23,197,32,0,8.4,5.5,0.0,0,0,0,1,0,0,0,0,1
2023-11-26 21:00:00,3,22,187,28,0,8.4,5.5,0.0,0,0,0,1,0,0,0,0,1
2023-11-26 18:00:00,3,19,539,26,0,8.4,5.5,0.0,0,0,0,1,0,0,0,0,1
2023-11-26 17:00:00,3,18,850,25,0,8.4,5.5,0.0,0,0,0,1,0,0,0,0,1
2023-11-26 05:00:00,1,6,38,6,0,8.4,5.5,0.0,0,0,0,1,0,0,0,0,1
2023-11-24 01:00:00,0,2,52,23,0,4.6,4.1,0.0,1,0,0,0,0,0,0,0,1
2023-11-25 17:00:00,5,18,1882,15,0,4.3,5.5,0.0,0,0,1,0,0,0,0,0,1
2023-11-26 01:00:00,0,2,129,87,0,8.4,5.5,0.0,0,0,0,1,0,0,0,0,1
2023-11-26 02:00:00,0,3,71,67,0,8.4,5.5,0.0,0,0,0,1,0,0,0,0,1
2023-11-26 00:00:00,0,1,194,50,0,8.4,5.5,0.0,0,0,0,1,0,0,0,0,1
2023-11-26 03:00:00,0,4,118,48,0,8.4,5.5,0.0,0,0,0,1,0,0,0,0,1
2023-11-26 23:00:00,0,0,67,23,0,8.4,5.5,0.0,0,0,0,1,0,0,0,0,1
2023-11-26 07:00:00,0,8,72,19,0,8.4,5.5,0.0,0,0,0,1,0,0,0,0,1
2023-11-26 15:00:00,10,16,1987,13,0,8.4,5.5,0.0,0,0,0,1,0,0,0,0,1
2023-11-24 02:00:00,0,3,19,6,0,4.6,4.1,0.0,1,0,0,0,0,0,0,0,1
2023-11-24 06:00:00,0,7,77,3,0,4.6,4.1,0.0,1,0,0,0,0,0,0,0,1
2023-11-24 03:00:00,0,4,2,3,0,4.6,4.1,0.0,1,0,0,0,0,0,0,0,1
2023-11-24 04:00:00,0,5,9,2,0,4.6,4.1,0.0,1,0,0,0,0,0,0,0,1
2023-11-25 12:00:00,38,13,3622,19,0,4.3,5.5,0.0,0,0,1,0,0,0,0,0,1
2023-11-25 10:00:00,24,11,2496,10,0,4.3,5.5,0.0,0,0,1,0,0,0,0,0,1
2023-11-26 08:00:00,7,9,212,30,0,8.4,5.5,0.0,0,0,0,1,0,0,0,0,1
2023-11-25 07:00:00,3,8,98,4,0,4.3,5.5,0.0,0,0,1,0,0,0,0,0,1
2023-11-26 20:00:00,5,21,387,37,0,8.4,5.5,0.0,0,0,0,1,0,0,0,0,1
2023-11-26 09:00:00,5,10,384,30,0,8.4,5.5,0.0,0,0,0,1,0,0,0,0,1
2023-11-26 10:00:00,5,11,1049,27,0,8.4,5.5,0.0,0,0,0,1,0,0,0,0,1
2023-11-26 04:00:00,0,5,4,16,0,8.4,5.5,0.0,0,0,0,1,0,0,0,0,1
2023-11-28 08:00:00,14,9,691,5,0,3.6,1.1,0.0,0,0,0,0,0,1,0,0,1
2023-11-28 11:00:00,13,12,2920,16,0,3.6,1.1,0.0,0,0,0,0,0,1,0,0,1
2023-11-28 14:00:00,13,15,2631,9,0,3.6,1.1,0.0,0,0,0,0,0,1,0,0,1
2023-11-28 13:00:00,9,14,3327,8,0,3.6,1.1,0.0,0,0,0,0,0,1,0,0,1
2023-11-28 20:00:00,0,21,585,41,0,3.6,1.1,0.0,0,0,0,0,0,1,0,0,1
2023-11-28 09:00:00,7,10,1611,21,0,3.6,1.1,0.0,0,0,0,0,0,1,0,0,1
2023-11-28 12:00:00,7,13,3339,18,0,3.6,1.1,0.0,0,0,0,0,0,1,0,0,1
2023-11-28 16:00:00,6,17,2540,19,0,3.6,1.1,0.0,0,0,0,0,0,1,0,0,1
2023-11-28 15:00:00,5,16,2400,15,0,3.6,1.1,0.0,0,0,0,0,0,1,0,0,1
2023-11-28 10:00:00,4,11,2304,43,0,3.6,1.1,0.0,0,0,0,0,0,1,0,0,1
2023-11-28 19:00:00,4,20,596,34,0,3.6,1.1,0.0,0,0,0,0,0,1,0,0,1
2023-11-28 18:00:00,3,19,906,47,0,3.6,1.1,0.0,0,0,0,0,0,1,0,0,1
2023-11-28 07:00:00,3,8,228,11,0,3.6,1.1,0.0,0,0,0,0,0,1,0,0,1
2023-11-28 21:00:00,0,22,336,36,0,3.6,1.1,0.0,0,0,0,0,0,1,0,0,1
2023-11-28 23:00:00,0,0,70,33,0,3.6,1.1,0.0,0,0,0,0,0,1,0,0,1
2023-11-27 09:00:00,8,10,1309,14,0,4.8,5.5,2.4,0,1,0,0,0,0,0,0,1
2023-11-27 08:00:00,6,9,630,9,0,4.8,5.5,2.4,0,1,0,0,0,0,0,0,1
2023-11-27 17:00:00,5,18,1360,19,0,4.8,5.5,2.4,0,1,0,0,0,0,0,0,1
2023-11-27 16:00:00,4,17,1557,9,0,4.8,5.5,2.4,0,1,0,0,0,0,0,0,1
2023-11-27 07:00:00,3,8,324,16,0,4.8,5.5,2.4,0,1,0,0,0,0,0,0,1
2023-11-27 20:00:00,0,21,371,32,0,4.8,5.5,2.4,0,1,0,0,0,0,0,0,1
2023-11-27 00:00:00,0,1,38,21,0,4.8,5.5,2.4,0,1,0,0,0,0,0,0,1
2023-11-27 23:00:00,0,0,98,19,0,4.8,5.5,2.4,0,1,0,0,0,0,0,0,1
2023-11-27 19:00:00,0,20,424,18,0,4.8,5.5,2.4,0,1,0,0,0,0,0,0,1
2023-11-27 06:00:00,0,7,68,14,0,4.8,5.5,2.4,0,1,0,0,0,0,0,0,1
2023-11-27 05:00:00,0,6,44,14,0,4.8,5.5,2.4,0,1,0,0,0,0,0,0,1
2023-11-27 01:00:00,0,2,22,14,0,4.8,5.5,2.4,0,1,0,0,0,0,0,0,1
2023-11-27 03:00:00,0,4,5,9,0,4.8,5.5,2.4,0,1,0,0,0,0,0,0,1
2023-11-27 04:00:00,0,5,8,8,0,4.8,5.5,2.4,0,1,0,0,0,0,0,0,1
2023-11-27 02:00:00,0,3,29,7,0,4.8,5.5,2.4,0,1,0,0,0,0,0,0,1
2023-11-28 17:00:00,2,18,2004,21,0,3.6,1.1,0.0,0,0,0,0,0,1,0,0,1
2023-11-28 01:00:00,0,2,3,19,0,3.6,1.1,0.0,0,0,0,0,0,1,0,0,1
2023-11-28 22:00:00,1,23,265,39,0,3.6,1.1,0.0,0,0,0,0,0,1,0,0,1
2023-11-28 00:00:00,0,1,50,16,0,3.6,1.1,0.0,0,0,0,0,0,1,0,0,1
2023-11-27 18:00:00,2,19,648,16,0,4.8,5.5,2.4,0,1,0,0,0,0,0,0,1
2023-11-27 10:00:00,23,11,2246,34,0,4.8,5.5,2.4,0,1,0,0,0,0,0,0,1
2023-11-27 12:00:00,23,13,2782,17,0,4.8,5.5,2.4,0,1,0,0,0,0,0,0,1
2023-11-27 14:00:00,22,15,2337,25,0,4.8,5.5,2.4,0,1,0,0,0,0,0,0,1
2023-11-28 03:00:00,0,4,7,9,0,3.6,1.1,0.0,0,0,0,0,0,1,0,0,1
2023-11-28 02:00:00,0,3,11,6,0,3.6,1.1,0.0,0,0,0,0,0,1,0,0,1
2023-11-28 05:00:00,0,6,47,5,0,3.6,1.1,0.0,0,0,0,0,0,1,0,0,1
2023-11-27 15:00:00,16,16,2039,11,0,4.8,5.5,2.4,0,1,0,0,0,0,0,0,1
2023-11-27 13:00:00,12,14,2748,19,0,4.8,5.5,2.4,0,1,0,0,0,0,0,0,1
2023-11-27 11:00:00,11,12,2846,13,0,4.8,5.5,2.4,0,1,0,0,0,0,0,0,1
2023-11-28 04:00:00,0,5,18,5,0,3.6,1.1,0.0,0,0,0,0,0,1,0,0,1
2023-11-28 06:00:00,0,7,97,3,0,3.6,1.1,0.0,0,0,0,0,0,1,0,0,1
2023-11-27 21:00:00,1,22,275,26,0,4.8,5.5,2.4,0,1,0,0,0,0,0,0,1
2023-11-27 22:00:00,1,23,279,14,0,4.8,5.5,2.4,0,1,0,0,0,0,0,0,1
2023-11-29 13:00:00,25,14,4288,23,0,4.5,-0.7,0.0,0,0,0,0,0,0,1,0,1
2023-11-29 10:00:00,23,11,3152,60,0,4.5,-0.7,0.0,0,0,0,0,0,0,1,0,1
2023-11-30 20:00:00,1,21,447,19,1,2.2,-0.7,0.0,0,0,0,0,1,0,0,0,1
2023-11-29 01:00:00,0,2,6,17,0,4.5,-0.7,0.0,0,0,0,0,0,0,1,0,1
2023-11-30 15:00:00,15,16,2389,8,1,2.2,-0.7,0.0,0,0,0,0,1,0,0,0,1
2023-11-29 05:00:00,0,6,42,12,0,4.5,-0.7,0.0,0,0,0,0,0,0,1,0,1
2023-11-30 16:00:00,5,17,2356,15,1,2.2,-0.7,0.0,0,0,0,0,1,0,0,0,1
2023-11-29 02:00:00,0,3,13,12,0,4.5,-0.7,0.0,0,0,0,0,0,0,1,0,1
2023-11-29 03:00:00,0,4,1,10,0,4.5,-0.7,0.0,0,0,0,0,0,0,1,0,1
2023-11-29 16:00:00,6,17,2076,17,0,4.5,-0.7,0.0,0,0,0,0,0,0,1,0,1
2023-11-29 17:00:00,3,18,1357,5,0,4.5,-0.7,0.0,0,0,0,0,0,0,1,0,1
2023-11-30 21:00:00,0,22,380,22,1,2.2,-0.7,0.0,0,0,0,0,1,0,0,0,1
2023-11-29 18:00:00,0,19,505,4,0,4.5,-0.7,0.0,0,0,0,0,0,0,1,0,1
2023-11-29 04:00:00,0,5,11,3,0,4.5,-0.7,0.0,0,0,0,0,0,0,1,0,1
2023-11-29 20:00:00,0,21,251,2,0,4.5,-0.7,0.0,0,0,0,0,0,0,1,0,1
2023-11-29 22:00:00,0,23,138,0,0,4.5,-0.7,0.0,0,0,0,0,0,0,1,0,1
2023-11-30 23:00:00,0,0,83,22,1,2.2,-0.7,0.0,0,0,0,0,1,0,0,0,1
2023-11-30 12:00:00,13,13,2772,12,1,2.2,-0.7,0.0,0,0,0,0,1,0,0,0,1
2023-11-30 05:00:00,0,6,34,4,1,2.2,-0.7,0.0,0,0,0,0,1,0,0,0,1
2023-11-30 06:00:00,0,7,47,2,1,2.2,-0.7,0.0,0,0,0,0,1,0,0,0,1
2023-11-30 02:00:00,0,3,12,2,1,2.2,-0.7,0.0,0,0,0,0,1,0,0,0,1
2023-11-30 04:00:00,0,5,12,2,1,2.2,-0.7,0.0,0,0,0,0,1,0,0,0,1
2023-11-30 01:00:00,0,2,10,2,1,2.2,-0.7,0.0,0,0,0,0,1,0,0,0,1
2023-11-30 03:00:00,0,4,2,2,1,2.2,-0.7,0.0,0,0,0,0,1,0,0,0,1
2023-11-30 00:00:00,0,1,37,0,1,2.2,-0.7,0.0,0,0,0,0,1,0,0,0,1
2023-11-30 09:00:00,4,10,1850,13,1,2.2,-0.7,0.0,0,0,0,0,1,0,0,0,1
2023-11-30 10:00:00,10,11,2747,16,1,2.2,-0.7,0.0,0,0,0,0,1,0,0,0,1
2023-11-29 07:00:00,1,8,356,33,0,4.5,-0.7,0.0,0,0,0,0,0,0,1,0,1
2023-11-29 11:00:00,18,12,3903,54,0,4.5,-0.7,0.0,0,0,0,0,0,0,1,0,1
2023-11-29 06:00:00,1,7,96,13,0,4.5,-0.7,0.0,0,0,0,0,0,0,1,0,1
2023-11-29 12:00:00,16,13,3939,20,0,4.5,-0.7,0.0,0,0,0,0,0,0,1,0,1
2023-11-30 14:00:00,9,15,2609,15,1,2.2,-0.7,0.0,0,0,0,0,1,0,0,0,1
2023-11-29 23:00:00,1,0,44,4,0,4.5,-0.7,0.0,0,0,0,0,0,0,1,0,1
2023-11-30 22:00:00,2,23,264,22,1,2.2,-0.7,0.0,0,0,0,0,1,0,0,0,1
2023-11-30 08:00:00,2,9,873,11,1,2.2,-0.7,0.0,0,0,0,0,1,0,0,0,1
2023-11-30 07:00:00,2,8,230,10,1,2.2,-0.7,0.0,0,0,0,0,1,0,0,0,1
2023-11-30 19:00:00,1,20,600,34,1,2.2,-0.7,0.0,0,0,0,0,1,0,0,0,1
2023-11-30 13:00:00,8,14,3089,13,1,2.2,-0.7,0.0,0,0,0,0,1,0,0,0,1
2023-11-30 18:00:00,7,19,1010,26,1,2.2,-0.7,0.0,0,0,0,0,1,0,0,0,1
2023-11-30 11:00:00,6,12,2817,21,1,2.2,-0.7,0.0,0,0,0,0,1,0,0,0,1
2023-11-30 17:00:00,6,18,1328,2,1,2.2,-0.7,0.0,0,0,0,0,1,0,0,0,1
2023-11-29 19:00:00,1,20,361,1,0,4.5,-0.7,0.0,0,0,0,0,0,0,1,0,1
2023-11-29 21:00:00,1,22,150,0,0,4.5,-0.7,0.0,0,0,0,0,0,0,1,0,1
2023-11-29 00:00:00,0,1,32,25,0,4.5,-0.7,0.0,0,0,0,0,0,0,1,0,1
2023-11-29 09:00:00,13,10,1712,56,0,4.5,-0.7,0.0,0,0,0,0,0,0,1,0,1
2023-11-29 15:00:00,13,16,2366,35,0,4.5,-0.7,0.0,0,0,0,0,0,0,1,0,1
2023-11-29 08:00:00,12,9,831,49,0,4.5,-0.7,0.0,0,0,0,0,0,0,1,0,1
2023-11-29 14:00:00,11,15,3279,28,0,4.5,-0.7,0.0,0,0,0,0,0,0,1,0,1
2023-10-01 13:00:00,36,14,2179,7,0,13.6,8.9,0.5,0,0,0,1,0,0,0,1,0
2023-10-01 14:00:00,35,15,2097,17,0,13.6,8.9,0.5,0,0,0,1,0,0,0,1,0
2023-10-01 12:00:00,20,13,1820,5,0,13.6,8.9,0.5,0,0,0,1,0,0,0,1,0
2023-10-01 11:00:00,14,12,1312,1,0,13.6,8.9,0.5,0,0,0,1,0,0,0,1,0
2023-10-01 20:00:00,3,21,252,11,0,13.6,8.9,0.5,0,0,0,1,0,0,0,1,0
2023-10-01 10:00:00,3,11,699,9,0,13.6,8.9,0.5,0,0,0,1,0,0,0,1,0
2023-10-02 12:00:00,29,13,2846,14,0,16.2,8.0,0.0,0,1,0,0,0,0,0,1,0
2023-10-02 14:00:00,28,15,2070,17,0,16.2,8.0,0.0,0,1,0,0,0,0,0,1,0
2023-10-01 08:00:00,2,9,102,4,0,13.6,8.9,0.5,0,0,0,1,0,0,0,1,0
2023-10-02 19:00:00,5,20,309,8,0,16.2,8.0,0.0,0,1,0,0,0,0,0,1,0
2023-10-02 07:00:00,4,8,169,10,0,16.2,8.0,0.0,0,1,0,0,0,0,0,1,0
2023-10-02 22:00:00,3,23,84,0,0,16.2,8.0,0.0,0,1,0,0,0,0,0,1,0
2023-10-02 06:00:00,1,7,53,10,0,16.2,8.0,0.0,0,1,0,0,0,0,0,1,0
2023-10-02 16:00:00,19,17,2152,12,0,16.2,8.0,0.0,0,1,0,0,0,0,0,1,0
2023-10-02 20:00:00,1,21,192,8,0,16.2,8.0,0.0,0,1,0,0,0,0,0,1,0
2023-10-02 15:00:00,18,16,2070,7,0,16.2,8.0,0.0,0,1,0,0,0,0,0,1,0
2023-10-02 13:00:00,17,14,2859,16,0,16.2,8.0,0.0,0,1,0,0,0,0,0,1,0
2023-10-02 21:00:00,1,22,148,2,0,16.2,8.0,0.0,0,1,0,0,0,0,0,1,0
2023-10-02 11:00:00,17,12,2760,13,0,16.2,8.0,0.0,0,1,0,0,0,0,0,1,0
2023-10-02 04:00:00,1,5,6,0,0,16.2,8.0,0.0,0,1,0,0,0,0,0,1,0
2023-10-01 09:00:00,10,10,261,5,0,13.6,8.9,0.5,0,0,0,1,0,0,0,1,0
2023-10-02 05:00:00,0,6,32,2,0,16.2,8.0,0.0,0,1,0,0,0,0,0,1,0
2023-10-02 00:00:00,0,1,31,0,0,16.2,8.0,0.0,0,1,0,0,0,0,0,1,0
2023-10-02 23:00:00,0,0,25,0,0,16.2,8.0,0.0,0,1,0,0,0,0,0,1,0
2023-10-02 02:00:00,0,3,17,0,0,16.2,8.0,0.0,0,1,0,0,0,0,0,1,0
2023-10-02 01:00:00,0,2,5,0,0,16.2,8.0,0.0,0,1,0,0,0,0,0,1,0
2023-10-02 03:00:00,0,4,1,0,0,16.2,8.0,0.0,0,1,0,0,0,0,0,1,0
2023-10-02 10:00:00,11,11,1941,26,0,16.2,8.0,0.0,0,1,0,0,0,0,0,1,0
2023-10-02 17:00:00,11,18,1651,17,0,16.2,8.0,0.0,0,1,0,0,0,0,0,1,0
2023-10-02 09:00:00,11,10,1160,17,0,16.2,8.0,0.0,0,1,0,0,0,0,0,1,0
2023-10-02 18:00:00,10,19,512,13,0,16.2,8.0,0.0,0,1,0,0,0,0,0,1,0
2023-10-02 08:00:00,10,9,641,10,0,16.2,8.0,0.0,0,1,0,0,0,0,0,1,0
2023-10-01 16:00:00,7,17,733,2,0,13.6,8.9,0.5,0,0,0,1,0,0,0,1,0
2023-10-01 15:00:00,5,16,1027,12,0,13.6,8.9,0.5,0,0,0,1,0,0,0,1,0
2023-10-01 07:00:00,5,8,43,6,0,13.6,8.9,0.5,0,0,0,1,0,0,0,1,0
2023-10-01 19:00:00,5,20,235,5,0,13.6,8.9,0.5,0,0,0,1,0,0,0,1,0
2023-10-01 17:00:00,5,18,874,2,0,13.6,8.9,0.5,0,0,0,1,0,0,0,1,0
2023-10-01 18:00:00,1,19,372,8,0,13.6,8.9,0.5,0,0,0,1,0,0,0,1,0
2023-10-01 01:00:00,1,2,71,3,0,13.6,8.9,0.5,0,0,0,1,0,0,0,1,0
2023-10-01 06:00:00,1,7,14,3,0,13.6,8.9,0.5,0,0,0,1,0,0,0,1,0
2023-10-01 21:00:00,1,22,203,2,0,13.6,8.9,0.5,0,0,0,1,0,0,0,1,0
2023-10-01 22:00:00,1,23,156,0,0,13.6,8.9,0.5,0,0,0,1,0,0,0,1,0
2023-10-01 00:00:00,1,1,146,0,0,13.6,8.9,0.5,0,0,0,1,0,0,0,1,0
2023-10-01 23:00:00,1,0,56,0,0,13.6,8.9,0.5,0,0,0,1,0,0,0,1,0
2023-10-01 05:00:00,0,6,10,3,0,13.6,8.9,0.5,0,0,0,1,0,0,0,1,0
2023-10-01 03:00:00,0,4,87,1,0,13.6,8.9,0.5,0,0,0,1,0,0,0,1,0
2023-10-01 02:00:00,0,3,75,1,0,13.6,8.9,0.5,0,0,0,1,0,0,0,1,0
2023-10-01 04:00:00,0,5,18,0,0,13.6,8.9,0.5,0,0,0,1,0,0,0,1,0
2023-10-03 02:00:00,0,3,2,0,0,13.8,8.2,1.1,0,0,0,0,0,1,0,1,0
2023-10-04 22:00:00,0,23,110,9,0,16.2,8.2,0.0,0,0,0,0,0,0,1,1,0
2023-10-04 06:00:00,0,7,52,7,0,16.2,8.2,0.0,0,0,0,0,0,0,1,1,0
2023-10-04 02:00:00,0,3,22,3,0,16.2,8.2,0.0,0,0,0,0,0,0,1,1,0
2023-10-04 01:00:00,0,2,12,2,0,16.2,8.2,0.0,0,0,0,0,0,0,1,1,0
2023-10-04 04:00:00,0,5,9,1,0,16.2,8.2,0.0,0,0,0,0,0,0,1,1,0
2023-10-04 03:00:00,0,4,6,1,0,16.2,8.2,0.0,0,0,0,0,0,0,1,1,0
2023-10-05 17:00:00,25,18,1434,8,0,18.0,6.0,5.1,0,0,0,0,1,0,0,1,0
2023-10-03 18:00:00,9,19,517,13,0,13.8,8.2,1.1,0,0,0,0,0,1,0,1,0
2023-10-04 13:00:00,12,14,2579,17,0,16.2,8.2,0.0,0,0,0,0,0,0,1,1,0
2023-10-04 18:00:00,10,19,393,10,0,16.2,8.2,0.0,0,0,0,0,0,0,1,1,0
2023-10-04 10:00:00,8,11,2534,14,0,16.2,8.2,0.0,0,0,0,0,0,0,1,1,0
2023-10-04 14:00:00,8,15,1980,10,0,16.2,8.2,0.0,0,0,0,0,0,0,1,1,0
2023-10-04 19:00:00,7,20,265,18,0,16.2,8.2,0.0,0,0,0,0,0,0,1,1,0
2023-10-04 09:00:00,7,10,1470,10,0,16.2,8.2,0.0,0,0,0,0,0,0,1,1,0
2023-10-03 16:00:00,25,17,1965,9,0,13.8,8.2,1.1,0,0,0,0,0,1,0,1,0
2023-10-03 21:00:00,1,22,180,8,0,13.8,8.2,1.1,0,0,0,0,0,1,0,1,0
2023-10-05 16:00:00,15,17,1612,8,0,18.0,6.0,5.1,0,0,0,0,1,0,0,1,0
2023-10-05 11:00:00,14,12,2093,19,0,18.0,6.0,5.1,0,0,0,0,1,0,0,1,0
2023-10-05 13:00:00,14,14,2292,9,0,18.0,6.0,5.1,0,0,0,0,1,0,0,1,0
2023-10-05 12:00:00,13,13,2298,13,0,18.0,6.0,5.1,0,0,0,0,1,0,0,1,0
2023-10-05 14:00:00,12,15,2213,11,0,18.0,6.0,5.1,0,0,0,0,1,0,0,1,0
2023-10-05 10:00:00,11,11,1824,28,0,18.0,6.0,5.1,0,0,0,0,1,0,0,1,0
2023-10-05 15:00:00,11,16,2055,14,0,18.0,6.0,5.1,0,0,0,0,1,0,0,1,0
2023-10-05 09:00:00,9,10,1303,19,0,18.0,6.0,5.1,0,0,0,0,1,0,0,1,0
2023-10-05 08:00:00,9,9,652,11,0,18.0,6.0,5.1,0,0,0,0,1,0,0,1,0
2023-10-05 18:00:00,7,19,457,11,0,18.0,6.0,5.1,0,0,0,0,1,0,0,1,0
2023-10-03 13:00:00,8,14,3286,19,0,13.8,8.2,1.1,0,0,0,0,0,1,0,1,0
2023-10-03 20:00:00,1,21,257,5,0,13.8,8.2,1.1,0,0,0,0,0,1,0,1,0
2023-10-04 21:00:00,3,22,167,9,0,16.2,8.2,0.0,0,0,0,0,0,0,1,1,0
2023-10-03 10:00:00,21,11,1939,6,0,13.8,8.2,1.1,0,0,0,0,0,1,0,1,0
2023-10-03 17:00:00,19,18,1550,19,0,13.8,8.2,1.1,0,0,0,0,0,1,0,1,0
2023-10-03 15:00:00,18,16,2829,17,0,13.8,8.2,1.1,0,0,0,0,0,1,0,1,0
2023-10-03 11:00:00,17,12,2810,13,0,13.8,8.2,1.1,0,0,0,0,0,1,0,1,0
2023-10-03 12:00:00,13,13,3069,11,0,13.8,8.2,1.1,0,0,0,0,0,1,0,1,0
2023-10-03 09:00:00,10,10,1631,10,0,13.8,8.2,1.1,0,0,0,0,0,1,0,1,0
2023-10-04 08:00:00,3,9,832,4,0,16.2,8.2,0.0,0,0,0,0,0,0,1,1,0
2023-10-03 14:00:00,7,15,3468,11,0,13.8,8.2,1.1,0,0,0,0,0,1,0,1,0
2023-10-04 16:00:00,24,17,1910,15,0,16.2,8.2,0.0,0,0,0,0,0,0,1,1,0
2023-10-04 20:00:00,2,21,188,13,0,16.2,8.2,0.0,0,0,0,0,0,0,1,1,0
2023-10-04 07:00:00,2,8,259,6,0,16.2,8.2,0.0,0,0,0,0,0,0,1,1,0
2023-10-04 05:00:00,2,6,34,1,0,16.2,8.2,0.0,0,0,0,0,0,0,1,1,0
2023-10-04 15:00:00,21,16,2069,6,0,16.2,8.2,0.0,0,0,0,0,0,0,1,1,0
2023-10-03 19:00:00,5,20,364,15,0,13.8,8.2,1.1,0,0,0,0,0,1,0,1,0
2023-10-03 08:00:00,5,9,921,4,0,13.8,8.2,1.1,0,0,0,0,0,1,0,1,0
2023-10-03 23:00:00,0,0,72,6,0,13.8,8.2,1.1,0,0,0,0,0,1,0,1,0
2023-10-03 06:00:00,0,7,77,2,0,13.8,8.2,1.1,0,0,0,0,0,1,0,1,0
2023-10-03 01:00:00,0,2,10,2,0,13.8,8.2,1.1,0,0,0,0,0,1,0,1,0
2023-10-03 05:00:00,0,6,36,1,0,13.8,8.2,1.1,0,0,0,0,0,1,0,1,0
2023-10-03 22:00:00,0,23,48,0,0,13.8,8.2,1.1,0,0,0,0,0,1,0,1,0
2023-10-03 03:00:00,0,4,5,0,0,13.8,8.2,1.1,0,0,0,0,0,1,0,1,0
2023-10-03 04:00:00,0,5,3,0,0,13.8,8.2,1.1,0,0,0,0,0,1,0,1,0
2023-10-04 00:00:00,1,1,163,13,0,16.2,8.2,0.0,0,0,0,0,0,0,1,1,0
2023-10-04 11:00:00,18,12,3104,9,0,16.2,8.2,0.0,0,0,0,0,0,0,1,1,0
2023-10-03 07:00:00,3,8,326,12,0,13.8,8.2,1.1,0,0,0,0,0,1,0,1,0
2023-10-04 17:00:00,16,18,1206,14,0,16.2,8.2,0.0,0,0,0,0,0,0,1,1,0
2023-10-04 23:00:00,1,0,47,0,0,16.2,8.2,0.0,0,0,0,0,0,0,1,1,0
2023-10-03 00:00:00,2,1,44,2,0,13.8,8.2,1.1,0,0,0,0,0,1,0,1,0
2023-10-04 12:00:00,14,13,3093,6,0,16.2,8.2,0.0,0,0,0,0,0,0,1,1,0
2023-10-06 18:00:00,3,19,518,9,0,11.0,10.5,28.3,1,0,0,0,0,0,0,1,0
2023-10-06 20:00:00,1,21,258,4,0,11.0,10.5,28.3,1,0,0,0,0,0,0,1,0
2023-10-06 01:00:00,1,2,46,3,0,11.0,10.5,28.3,1,0,0,0,0,0,0,1,0
2023-10-06 22:00:00,1,23,136,2,0,11.0,10.5,28.3,1,0,0,0,0,0,0,1,0
2023-10-06 06:00:00,1,7,89,2,0,11.0,10.5,28.3,1,0,0,0,0,0,0,1,0
2023-10-06 21:00:00,0,22,174,5,0,11.0,10.5,28.3,1,0,0,0,0,0,0,1,0
2023-10-06 23:00:00,0,0,69,4,0,11.0,10.5,28.3,1,0,0,0,0,0,0,1,0
2023-10-06 00:00:00,0,1,48,4,0,11.0,10.5,28.3,1,0,0,0,0,0,0,1,0
2023-10-06 03:00:00,0,4,29,4,0,11.0,10.5,28.3,1,0,0,0,0,0,0,1,0
2023-10-06 05:00:00,0,6,50,2,0,11.0,10.5,28.3,1,0,0,0,0,0,0,1,0
2023-10-06 02:00:00,0,3,25,1,0,11.0,10.5,28.3,1,0,0,0,0,0,0,1,0
2023-10-06 04:00:00,0,5,17,0,0,11.0,10.5,28.3,1,0,0,0,0,0,0,1,0
2023-10-07 15:00:00,16,16,1911,19,0,14.6,9.5,56.3,0,0,1,0,0,0,0,1,0
2023-10-06 10:00:00,23,11,2386,17,0,11.0,10.5,28.3,1,0,0,0,0,0,0,1,0
2023-10-06 08:00:00,20,9,880,25,0,11.0,10.5,28.3,1,0,0,0,0,0,0,1,0
2023-10-07 18:00:00,3,19,312,2,0,14.6,9.5,56.3,0,0,1,0,0,0,0,1,0
2023-10-07 12:00:00,10,13,2362,22,0,14.6,9.5,56.3,0,0,1,0,0,0,0,1,0
2023-10-06 09:00:00,15,10,1759,15,0,11.0,10.5,28.3,1,0,0,0,0,0,0,1,0
2023-10-07 17:00:00,9,18,783,13,0,14.6,9.5,56.3,0,0,1,0,0,0,0,1,0
2023-10-07 13:00:00,8,14,2783,20,0,14.6,9.5,56.3,0,0,1,0,0,0,0,1,0
2023-10-06 15:00:00,13,16,2712,11,0,11.0,10.5,28.3,1,0,0,0,0,0,0,1,0
2023-10-07 16:00:00,8,17,1402,19,0,14.6,9.5,56.3,0,0,1,0,0,0,0,1,0
2023-10-06 12:00:00,12,13,3350,15,0,11.0,10.5,28.3,1,0,0,0,0,0,0,1,0
2023-10-07 10:00:00,6,11,1803,26,0,14.6,9.5,56.3,0,0,1,0,0,0,0,1,0
2023-10-07 09:00:00,2,10,988,16,0,14.6,9.5,56.3,0,0,1,0,0,0,0,1,0
2023-10-06 17:00:00,11,18,1660,13,0,11.0,10.5,28.3,1,0,0,0,0,0,0,1,0
2023-10-06 16:00:00,11,17,2299,4,0,11.0,10.5,28.3,1,0,0,0,0,0,0,1,0
2023-10-07 14:00:00,5,15,2664,25,0,14.6,9.5,56.3,0,0,1,0,0,0,0,1,0
2023-10-07 11:00:00,5,12,2176,12,0,14.6,9.5,56.3,0,0,1,0,0,0,0,1,0
2023-10-06 14:00:00,10,15,3596,16,0,11.0,10.5,28.3,1,0,0,0,0,0,0,1,0
2023-10-06 11:00:00,8,12,2540,4,0,11.0,10.5,28.3,1,0,0,0,0,0,0,1,0
2023-10-07 20:00:00,1,21,260,17,0,14.6,9.5,56.3,0,0,1,0,0,0,0,1,0
2023-10-07 21:00:00,1,22,243,8,0,14.6,9.5,56.3,0,0,1,0,0,0,0,1,0
2023-10-07 22:00:00,1,23,159,7,0,14.6,9.5,56.3,0,0,1,0,0,0,0,1,0
2023-10-06 13:00:00,4,14,3734,9,0,11.0,10.5,28.3,1,0,0,0,0,0,0,1,0
2023-10-06 07:00:00,4,8,257,8,0,11.0,10.5,28.3,1,0,0,0,0,0,0,1,0
2023-10-06 19:00:00,4,20,362,4,0,11.0,10.5,28.3,1,0,0,0,0,0,0,1,0
2023-10-05 07:00:00,1,8,170,5,0,18.0,6.0,5.1,0,0,0,0,1,0,0,1,0
2023-10-05 19:00:00,1,20,315,4,0,18.0,6.0,5.1,0,0,0,0,1,0,0,1,0
2023-10-05 22:00:00,1,23,113,4,0,18.0,6.0,5.1,0,0,0,0,1,0,0,1,0
2023-10-05 05:00:00,1,6,35,1,0,18.0,6.0,5.1,0,0,0,0,1,0,0,1,0
2023-10-05 20:00:00,0,21,215,9,0,18.0,6.0,5.1,0,0,0,0,1,0,0,1,0
2023-10-05 21:00:00,0,22,140,7,0,18.0,6.0,5.1,0,0,0,0,1,0,0,1,0
2023-10-05 06:00:00,0,7,62,3,0,18.0,6.0,5.1,0,0,0,0,1,0,0,1,0
2023-10-05 00:00:00,0,1,50,2,0,18.0,6.0,5.1,0,0,0,0,1,0,0,1,0
2023-10-05 02:00:00,0,3,4,2,0,18.0,6.0,5.1,0,0,0,0,1,0,0,1,0
2023-10-05 23:00:00,0,0,48,1,0,18.0,6.0,5.1,0,0,0,0,1,0,0,1,0
2023-10-05 01:00:00,0,2,29,0,0,18.0,6.0,5.1,0,0,0,0,1,0,0,1,0
2023-10-05 03:00:00,0,4,7,0,0,18.0,6.0,5.1,0,0,0,0,1,0,0,1,0
2023-10-05 04:00:00,0,5,6,0,0,18.0,6.0,5.1,0,0,0,0,1,0,0,1,0
2023-10-08 00:00:00,0,1,112,3,0,17.6,8.5,5.4,0,0,0,1,0,0,0,1,0
2023-10-07 08:00:00,1,9,365,4,0,14.6,9.5,56.3,0,0,1,0,0,0,0,1,0
2023-10-08 18:00:00,2,19,270,9,0,17.6,8.5,5.4,0,0,0,1,0,0,0,1,0
2023-10-08 21:00:00,2,22,146,3,0,17.6,8.5,5.4,0,0,0,1,0,0,0,1,0
2023-10-08 23:00:00,1,0,50,5,0,17.6,8.5,5.4,0,0,0,1,0,0,0,1,0
2023-10-08 19:00:00,1,20,156,2,0,17.6,8.5,5.4,0,0,0,1,0,0,0,1,0
2023-10-08 22:00:00,0,23,67,3,0,17.6,8.5,5.4,0,0,0,1,0,0,0,1,0
2023-10-09 18:00:00,10,19,471,8,0,18.0,8.1,0.0,0,1,0,0,0,0,0,1,0
2023-10-08 06:00:00,0,7,19,3,0,17.6,8.5,5.4,0,0,0,1,0,0,0,1,0
2023-10-07 19:00:00,0,20,315,12,0,14.6,9.5,56.3,0,0,1,0,0,0,0,1,0
2023-10-07 07:00:00,0,8,77,4,0,14.6,9.5,56.3,0,0,1,0,0,0,0,1,0
2023-10-07 23:00:00,0,0,100,2,0,14.6,9.5,56.3,0,0,1,0,0,0,0,1,0
2023-10-07 00:00:00,0,1,98,2,0,14.6,9.5,56.3,0,0,1,0,0,0,0,1,0
2023-10-07 01:00:00,0,2,79,2,0,14.6,9.5,56.3,0,0,1,0,0,0,0,1,0
2023-10-07 04:00:00,0,5,6,2,0,14.6,9.5,56.3,0,0,1,0,0,0,0,1,0
2023-10-07 06:00:00,0,7,41,1,0,14.6,9.5,56.3,0,0,1,0,0,0,0,1,0
2023-10-07 05:00:00,0,6,36,1,0,14.6,9.5,56.3,0,0,1,0,0,0,0,1,0
2023-10-07 03:00:00,0,4,53,0,0,14.6,9.5,56.3,0,0,1,0,0,0,0,1,0
2023-10-07 02:00:00,0,3,40,0,0,14.6,9.5,56.3,0,0,1,0,0,0,0,1,0
2023-10-08 14:00:00,21,15,1746,6,0,17.6,8.5,5.4,0,0,0,1,0,0,0,1,0
2023-10-08 12:00:00,18,13,1344,11,0,17.6,8.5,5.4,0,0,0,1,0,0,0,1,0
2023-10-08 13:00:00,17,14,1537,10,0,17.6,8.5,5.4,0,0,0,1,0,0,0,1,0
2023-10-08 16:00:00,16,17,1692,17,0,17.6,8.5,5.4,0,0,0,1,0,0,0,1,0
2023-10-08 11:00:00,16,12,846,10,0,17.6,8.5,5.4,0,0,0,1,0,0,0,1,0
2023-10-09 14:00:00,25,15,3104,8,0,18.0,8.1,0.0,0,1,0,0,0,0,0,1,0
2023-10-08 20:00:00,0,21,148,2,0,17.6,8.5,5.4,0,0,0,1,0,0,0,1,0
2023-10-08 08:00:00,0,9,80,2,0,17.6,8.5,5.4,0,0,0,1,0,0,0,1,0
2023-10-08 15:00:00,7,16,2047,24,0,17.6,8.5,5.4,0,0,0,1,0,0,0,1,0
2023-10-08 10:00:00,7,11,381,2,0,17.6,8.5,5.4,0,0,0,1,0,0,0,1,0
2023-10-08 17:00:00,5,18,629,21,0,17.6,8.5,5.4,0,0,0,1,0,0,0,1,0
2023-10-08 03:00:00,0,4,85,1,0,17.6,8.5,5.4,0,0,0,1,0,0,0,1,0
2023-10-08 02:00:00,0,3,45,1,0,17.6,8.5,5.4,0,0,0,1,0,0,0,1,0
2023-10-09 08:00:00,8,9,568,26,0,18.0,8.1,0.0,0,1,0,0,0,0,0,1,0
2023-10-09 07:00:00,6,8,148,15,0,18.0,8.1,0.0,0,1,0,0,0,0,0,1,0
2023-10-09 20:00:00,4,21,244,4,0,18.0,8.1,0.0,0,1,0,0,0,0,0,1,0
2023-10-08 09:00:00,0,10,148,0,0,17.6,8.5,5.4,0,0,0,1,0,0,0,1,0
2023-10-08 07:00:00,0,8,35,0,0,17.6,8.5,5.4,0,0,0,1,0,0,0,1,0
2023-10-08 05:00:00,0,6,9,0,0,17.6,8.5,5.4,0,0,0,1,0,0,0,1,0
2023-10-08 04:00:00,0,5,2,0,0,17.6,8.5,5.4,0,0,0,1,0,0,0,1,0
2023-10-09 11:00:00,16,12,2479,19,0,18.0,8.1,0.0,0,1,0,0,0,0,0,1,0
2023-10-08 01:00:00,0,2,80,5,0,17.6,8.5,5.4,0,0,0,1,0,0,0,1,0
2023-10-09 09:00:00,13,10,1052,17,0,18.0,8.1,0.0,0,1,0,0,0,0,0,1,0
2023-10-09 10:00:00,12,11,1551,13,0,18.0,8.1,0.0,0,1,0,0,0,0,0,1,0
2023-10-09 16:00:00,12,17,2311,10,0,18.0,8.1,0.0,0,1,0,0,0,0,0,1,0
2023-10-09 12:00:00,11,13,2686,8,0,18.0,8.1,0.0,0,1,0,0,0,0,0,1,0
2023-10-09 15:00:00,32,16,2861,13,0,18.0,8.1,0.0,0,1,0,0,0,0,0,1,0
2023-10-09 17:00:00,11,18,1324,3,0,18.0,8.1,0.0,0,1,0,0,0,0,0,1,0
2023-10-09 13:00:00,30,14,3435,12,0,18.0,8.1,0.0,0,1,0,0,0,0,0,1,0
2023-10-10 08:00:00,6,9,585,13,0,13.1,12.8,0.0,0,0,0,0,0,1,0,1,0
2023-10-10 16:00:00,6,17,2163,9,0,13.1,12.8,0.0,0,0,0,0,0,1,0,1,0
2023-10-10 14:00:00,6,15,2641,3,0,13.1,12.8,0.0,0,0,0,0,0,1,0,1,0
2023-10-10 07:00:00,4,8,172,16,0,13.1,12.8,0.0,0,0,0,0,0,1,0,1,0
2023-10-10 18:00:00,4,19,799,1,0,13.1,12.8,0.0,0,0,0,0,0,1,0,1,0
2023-10-11 18:00:00,5,19,492,4,0,12.0,7.3,0.0,0,0,0,0,0,0,1,1,0
2023-10-10 20:00:00,1,21,300,10,0,13.1,12.8,0.0,0,0,0,0,0,1,0,1,0
2023-10-10 23:00:00,1,0,83,7,0,13.1,12.8,0.0,0,0,0,0,0,1,0,1,0
2023-10-10 19:00:00,0,20,425,13,0,13.1,12.8,0.0,0,0,0,0,0,1,0,1,0
2023-10-10 21:00:00,0,22,205,7,0,13.1,12.8,0.0,0,0,0,0,0,1,0,1,0
2023-10-10 22:00:00,0,23,93,5,0,13.1,12.8,0.0,0,0,0,0,0,1,0,1,0
2023-10-10 06:00:00,0,7,90,4,0,13.1,12.8,0.0,0,0,0,0,0,1,0,1,0
2023-10-09 22:00:00,0,23,151,8,0,18.0,8.1,0.0,0,1,0,0,0,0,0,1,0
2023-10-10 12:00:00,17,13,3368,24,0,13.1,12.8,0.0,0,0,0,0,0,1,0,1,0
2023-10-10 17:00:00,17,18,1594,8,0,13.1,12.8,0.0,0,0,0,0,0,1,0,1,0
2023-10-10 04:00:00,0,5,4,2,0,13.1,12.8,0.0,0,0,0,0,0,1,0,1,0
2023-10-10 05:00:00,0,6,40,1,0,13.1,12.8,0.0,0,0,0,0,0,1,0,1,0
2023-10-10 00:00:00,0,1,39,0,0,13.1,12.8,0.0,0,0,0,0,0,1,0,1,0
2023-10-10 02:00:00,0,3,22,0,0,13.1,12.8,0.0,0,0,0,0,0,1,0,1,0
2023-10-10 01:00:00,0,2,13,0,0,13.1,12.8,0.0,0,0,0,0,0,1,0,1,0
2023-10-10 03:00:00,0,4,9,0,0,13.1,12.8,0.0,0,0,0,0,0,1,0,1,0
2023-10-11 12:00:00,4,13,1797,7,0,12.0,7.3,0.0,0,0,0,0,0,0,1,1,0
2023-10-09 23:00:00,1,0,59,8,0,18.0,8.1,0.0,0,1,0,0,0,0,0,1,0
2023-10-09 06:00:00,1,7,65,4,0,18.0,8.1,0.0,0,1,0,0,0,0,0,1,0
2023-10-09 21:00:00,1,22,232,1,0,18.0,8.1,0.0,0,1,0,0,0,0,0,1,0
2023-10-09 02:00:00,1,3,24,1,0,18.0,8.1,0.0,0,1,0,0,0,0,0,1,0
2023-10-11 17:00:00,12,18,1609,7,0,12.0,7.3,0.0,0,0,0,0,0,0,1,1,0
2023-10-10 10:00:00,14,11,1910,28,0,13.1,12.8,0.0,0,0,0,0,0,1,0,1,0
2023-10-09 05:00:00,0,6,38,1,0,18.0,8.1,0.0,0,1,0,0,0,0,0,1,0
2023-10-10 09:00:00,14,10,1251,26,0,13.1,12.8,0.0,0,0,0,0,0,1,0,1,0
2023-10-09 00:00:00,0,1,29,1,0,18.0,8.1,0.0,0,1,0,0,0,0,0,1,0
2023-10-11 11:00:00,15,12,1733,6,0,12.0,7.3,0.0,0,0,0,0,0,0,1,1,0
2023-10-09 04:00:00,0,5,1,1,0,18.0,8.1,0.0,0,1,0,0,0,0,0,1,0
2023-10-09 19:00:00,0,20,297,0,0,18.0,8.1,0.0,0,1,0,0,0,0,0,1,0
2023-10-09 01:00:00,0,2,21,0,0,18.0,8.1,0.0,0,1,0,0,0,0,0,1,0
2023-10-09 03:00:00,0,4,14,0,0,18.0,8.1,0.0,0,1,0,0,0,0,0,1,0
2023-10-11 14:00:00,10,15,1756,14,0,12.0,7.3,0.0,0,0,0,0,0,0,1,1,0
2023-10-10 11:00:00,10,12,2200,8,0,13.1,12.8,0.0,0,0,0,0,0,1,0,1,0
2023-10-10 15:00:00,7,16,2614,7,0,13.1,12.8,0.0,0,0,0,0,0,1,0,1,0
2023-10-11 09:00:00,9,10,1361,26,0,12.0,7.3,0.0,0,0,0,0,0,0,1,1,0
2023-10-11 16:00:00,9,17,1266,10,0,12.0,7.3,0.0,0,0,0,0,0,0,1,1,0
2023-10-11 10:00:00,8,11,1555,24,0,12.0,7.3,0.0,0,0,0,0,0,0,1,1,0
2023-10-11 13:00:00,8,14,1936,8,0,12.0,7.3,0.0,0,0,0,0,0,0,1,1,0
2023-10-11 08:00:00,7,9,751,16,0,12.0,7.3,0.0,0,0,0,0,0,0,1,1,0
2023-10-11 07:00:00,2,8,209,17,0,12.0,7.3,0.0,0,0,0,0,0,0,1,1,0
2023-10-11 15:00:00,2,16,1557,10,0,12.0,7.3,0.0,0,0,0,0,0,0,1,1,0
2023-10-10 13:00:00,22,14,3390,12,0,13.1,12.8,0.0,0,0,0,0,0,1,0,1,0
2023-10-13 18:00:00,13,19,1087,12,0,10.8,5.5,0.0,1,0,0,0,0,0,0,1,0
2023-10-13 15:00:00,13,16,1867,6,0,10.8,5.5,0.0,1,0,0,0,0,0,0,1,0
2023-10-13 16:00:00,12,17,1877,6,0,10.8,5.5,0.0,1,0,0,0,0,0,0,1,0
2023-10-13 17:00:00,11,18,1664,0,0,10.8,5.5,0.0,1,0,0,0,0,0,0,1,0
2023-10-13 10:00:00,8,11,1532,5,0,10.8,5.5,0.0,1,0,0,0,0,0,0,1,0
2023-10-13 13:00:00,25,14,2871,17,0,10.8,5.5,0.0,1,0,0,0,0,0,0,1,0
2023-10-13 12:00:00,25,13,3167,10,0,10.8,5.5,0.0,1,0,0,0,0,0,0,1,0
2023-10-12 16:00:00,15,17,2037,11,0,13.2,2.8,0.1,0,0,0,0,1,0,0,1,0
2023-10-13 19:00:00,7,20,771,3,0,10.8,5.5,0.0,1,0,0,0,0,0,0,1,0
2023-10-13 08:00:00,5,9,787,8,0,10.8,5.5,0.0,1,0,0,0,0,0,0,1,0
2023-10-12 23:00:00,1,0,70,2,0,13.2,2.8,0.1,0,0,0,0,1,0,0,1,0
2023-10-11 21:00:00,1,22,172,7,0,12.0,7.3,0.0,0,0,0,0,0,0,1,1,0
2023-10-11 02:00:00,1,3,14,7,0,12.0,7.3,0.0,0,0,0,0,0,0,1,1,0
2023-10-11 20:00:00,1,21,269,4,0,12.0,7.3,0.0,0,0,0,0,0,0,1,1,0
2023-10-11 23:00:00,1,0,81,4,0,12.0,7.3,0.0,0,0,0,0,0,0,1,1,0
2023-10-11 19:00:00,1,20,353,3,0,12.0,7.3,0.0,0,0,0,0,0,0,1,1,0
2023-10-11 00:00:00,0,1,79,4,0,12.0,7.3,0.0,0,0,0,0,0,0,1,1,0
2023-10-11 04:00:00,0,5,19,3,0,12.0,7.3,0.0,0,0,0,0,0,0,1,1,0
2023-10-11 22:00:00,0,23,121,2,0,12.0,7.3,0.0,0,0,0,0,0,0,1,1,0
2023-10-11 06:00:00,0,7,66,2,0,12.0,7.3,0.0,0,0,0,0,0,0,1,1,0
2023-10-11 03:00:00,0,4,3,2,0,12.0,7.3,0.0,0,0,0,0,0,0,1,1,0
2023-10-11 05:00:00,0,6,35,0,0,12.0,7.3,0.0,0,0,0,0,0,0,1,1,0
2023-10-11 01:00:00,0,2,19,0,0,12.0,7.3,0.0,0,0,0,0,0,0,1,1,0
2023-10-12 07:00:00,5,8,184,7,0,13.2,2.8,0.1,0,0,0,0,1,0,0,1,0
2023-10-12 09:00:00,4,10,1155,21,0,13.2,2.8,0.1,0,0,0,0,1,0,0,1,0
2023-10-12 20:00:00,2,21,196,12,0,13.2,2.8,0.1,0,0,0,0,1,0,0,1,0
2023-10-12 21:00:00,2,22,123,8,0,13.2,2.8,0.1,0,0,0,0,1,0,0,1,0
2023-10-12 22:00:00,2,23,109,2,0,13.2,2.8,0.1,0,0,0,0,1,0,0,1,0
2023-10-13 11:00:00,21,12,2562,6,0,10.8,5.5,0.0,1,0,0,0,0,0,0,1,0
2023-10-12 06:00:00,0,7,59,4,0,13.2,2.8,0.1,0,0,0,0,1,0,0,1,0
2023-10-12 04:00:00,0,5,8,4,0,13.2,2.8,0.1,0,0,0,0,1,0,0,1,0
2023-10-12 02:00:00,0,3,24,3,0,13.2,2.8,0.1,0,0,0,0,1,0,0,1,0
2023-10-12 05:00:00,0,6,38,2,0,13.2,2.8,0.1,0,0,0,0,1,0,0,1,0
2023-10-12 00:00:00,0,1,57,0,0,13.2,2.8,0.1,0,0,0,0,1,0,0,1,0
2023-10-12 01:00:00,0,2,30,0,0,13.2,2.8,0.1,0,0,0,0,1,0,0,1,0
2023-10-12 03:00:00,0,4,8,0,0,13.2,2.8,0.1,0,0,0,0,1,0,0,1,0
2023-10-12 19:00:00,12,20,289,5,0,13.2,2.8,0.1,0,0,0,0,1,0,0,1,0
2023-10-13 21:00:00,3,22,468,1,0,10.8,5.5,0.0,1,0,0,0,0,0,0,1,0
2023-10-13 07:00:00,2,8,197,14,0,10.8,5.5,0.0,1,0,0,0,0,0,0,1,0
2023-10-13 23:00:00,2,0,187,1,0,10.8,5.5,0.0,1,0,0,0,0,0,0,1,0
2023-10-13 09:00:00,17,10,1364,16,0,10.8,5.5,0.0,1,0,0,0,0,0,0,1,0
2023-10-12 12:00:00,11,13,3057,9,0,13.2,2.8,0.1,0,0,0,0,1,0,0,1,0
2023-10-12 13:00:00,26,14,3089,17,0,13.2,2.8,0.1,0,0,0,0,1,0,0,1,0
2023-10-13 14:00:00,14,15,2762,11,0,10.8,5.5,0.0,1,0,0,0,0,0,0,1,0
2023-10-12 11:00:00,10,12,2320,13,0,13.2,2.8,0.1,0,0,0,0,1,0,0,1,0
2023-10-12 08:00:00,9,9,665,13,0,13.2,2.8,0.1,0,0,0,0,1,0,0,1,0
2023-10-12 10:00:00,8,11,1794,14,0,13.2,2.8,0.1,0,0,0,0,1,0,0,1,0
2023-10-12 18:00:00,7,19,598,19,0,13.2,2.8,0.1,0,0,0,0,1,0,0,1,0
2023-10-12 17:00:00,25,18,1497,12,0,13.2,2.8,0.1,0,0,0,0,1,0,0,1,0
2023-10-12 15:00:00,20,16,2653,15,0,13.2,2.8,0.1,0,0,0,0,1,0,0,1,0
2023-10-12 14:00:00,18,15,3294,16,0,13.2,2.8,0.1,0,0,0,0,1,0,0,1,0
2023-10-14 05:00:00,0,6,23,8,0,11.7,2.6,0.0,0,0,1,0,0,0,0,1,0
2023-10-14 02:00:00,0,3,72,3,0,11.7,2.6,0.0,0,0,1,0,0,0,0,1,0
2023-10-14 22:00:00,0,23,327,1,0,11.7,2.6,0.0,0,0,1,0,0,0,0,1,0
2023-10-14 00:00:00,0,1,124,1,0,11.7,2.6,0.0,0,0,1,0,0,0,0,1,0
2023-10-14 06:00:00,0,7,26,1,0,11.7,2.6,0.0,0,0,1,0,0,0,0,1,0
2023-10-14 01:00:00,0,2,88,0,0,11.7,2.6,0.0,0,0,1,0,0,0,0,1,0
2023-10-14 03:00:00,0,4,39,0,0,11.7,2.6,0.0,0,0,1,0,0,0,0,1,0
2023-10-15 13:00:00,33,14,2043,14,0,11.5,1.1,0.2,0,0,0,1,0,0,0,1,0
2023-10-15 12:00:00,30,13,1762,6,0,11.5,1.1,0.2,0,0,0,1,0,0,0,1,0
2023-10-14 12:00:00,24,13,3410,12,0,11.7,2.6,0.0,0,0,1,0,0,0,0,1,0
2023-10-14 17:00:00,15,18,1436,3,0,11.7,2.6,0.0,0,0,1,0,0,0,0,1,0
2023-10-14 15:00:00,12,16,4454,10,0,11.7,2.6,0.0,0,0,1,0,0,0,0,1,0
2023-10-14 11:00:00,12,12,2989,9,0,11.7,2.6,0.0,0,0,1,0,0,0,0,1,0
2023-10-14 10:00:00,10,11,2200,12,0,11.7,2.6,0.0,0,0,1,0,0,0,0,1,0
2023-10-14 08:00:00,3,9,434,9,0,11.7,2.6,0.0,0,0,1,0,0,0,0,1,0
2023-10-14 21:00:00,3,22,396,6,0,11.7,2.6,0.0,0,0,1,0,0,0,0,1,0
2023-10-14 19:00:00,3,20,648,4,0,11.7,2.6,0.0,0,0,1,0,0,0,0,1,0
2023-10-14 20:00:00,3,21,494,4,0,11.7,2.6,0.0,0,0,1,0,0,0,0,1,0
2023-10-14 07:00:00,1,8,85,7,0,11.7,2.6,0.0,0,0,1,0,0,0,0,1,0
2023-10-14 04:00:00,1,5,17,5,0,11.7,2.6,0.0,0,0,1,0,0,0,0,1,0
2023-10-14 23:00:00,1,0,156,0,0,11.7,2.6,0.0,0,0,1,0,0,0,0,1,0
2023-10-13 22:00:00,1,23,296,1,0,10.8,5.5,0.0,1,0,0,0,0,0,0,1,0
2023-10-15 15:00:00,20,16,1863,7,0,11.5,1.1,0.2,0,0,0,1,0,0,0,1,0
2023-10-15 17:00:00,18,18,574,10,0,11.5,1.1,0.2,0,0,0,1,0,0,0,1,0
2023-10-15 09:00:00,4,10,201,6,0,11.5,1.1,0.2,0,0,0,1,0,0,0,1,0
2023-10-15 11:00:00,17,12,1387,5,0,11.5,1.1,0.2,0,0,0,1,0,0,0,1,0
2023-10-15 16:00:00,12,17,1137,9,0,11.5,1.1,0.2,0,0,0,1,0,0,0,1,0
2023-10-15 14:00:00,12,15,2077,8,0,11.5,1.1,0.2,0,0,0,1,0,0,0,1,0
2023-10-15 18:00:00,7,19,285,5,0,11.5,1.1,0.2,0,0,0,1,0,0,0,1,0
2023-10-15 20:00:00,2,21,161,8,0,11.5,1.1,0.2,0,0,0,1,0,0,0,1,0
2023-10-15 10:00:00,2,11,576,5,0,11.5,1.1,0.2,0,0,0,1,0,0,0,1,0
2023-10-13 20:00:00,0,21,533,2,0,10.8,5.5,0.0,1,0,0,0,0,0,0,1,0
2023-10-15 19:00:00,2,20,260,1,0,11.5,1.1,0.2,0,0,0,1,0,0,0,1,0
2023-10-13 00:00:00,0,1,44,2,0,10.8,5.5,0.0,1,0,0,0,0,0,0,1,0
2023-10-15 01:00:00,2,2,71,1,0,11.5,1.1,0.2,0,0,0,1,0,0,0,1,0
2023-10-13 06:00:00,0,7,68,0,0,10.8,5.5,0.0,1,0,0,0,0,0,0,1,0
2023-10-13 05:00:00,0,6,54,0,0,10.8,5.5,0.0,1,0,0,0,0,0,0,1,0
2023-10-13 01:00:00,0,2,22,0,0,10.8,5.5,0.0,1,0,0,0,0,0,0,1,0
2023-10-13 02:00:00,0,3,12,0,0,10.8,5.5,0.0,1,0,0,0,0,0,0,1,0
2023-10-13 03:00:00,0,4,10,0,0,10.8,5.5,0.0,1,0,0,0,0,0,0,1,0
2023-10-13 04:00:00,0,5,4,0,0,10.8,5.5,0.0,1,0,0,0,0,0,0,1,0
2023-10-14 18:00:00,6,19,693,4,0,11.7,2.6,0.0,0,0,1,0,0,0,0,1,0
2023-10-15 00:00:00,1,1,92,2,0,11.5,1.1,0.2,0,0,0,1,0,0,0,1,0
2023-10-15 06:00:00,1,7,14,0,0,11.5,1.1,0.2,0,0,0,1,0,0,0,1,0
2023-10-14 09:00:00,5,10,1220,8,0,11.7,2.6,0.0,0,0,1,0,0,0,0,1,0
2023-10-14 14:00:00,31,15,4174,14,0,11.7,2.6,0.0,0,0,1,0,0,0,0,1,0
2023-10-14 13:00:00,29,14,3875,25,0,11.7,2.6,0.0,0,0,1,0,0,0,0,1,0
2023-10-14 16:00:00,4,17,2913,5,0,11.7,2.6,0.0,0,0,1,0,0,0,0,1,0
2023-10-16 22:00:00,1,23,105,3,0,11.7,1.8,0.0,0,1,0,0,0,0,0,1,0
2023-10-16 20:00:00,1,21,444,1,0,11.7,1.8,0.0,0,1,0,0,0,0,0,1,0
2023-10-16 19:00:00,1,20,766,0,0,11.7,1.8,0.0,0,1,0,0,0,0,0,1,0
2023-10-16 23:00:00,1,0,44,0,0,11.7,1.8,0.0,0,1,0,0,0,0,0,1,0
2023-10-16 07:00:00,0,8,172,11,0,11.7,1.8,0.0,0,1,0,0,0,0,0,1,0
2023-10-16 21:00:00,0,22,304,5,0,11.7,1.8,0.0,0,1,0,0,0,0,0,1,0
2023-10-16 06:00:00,0,7,39,4,0,11.7,1.8,0.0,0,1,0,0,0,0,0,1,0
2023-10-16 05:00:00,0,6,12,1,0,11.7,1.8,0.0,0,1,0,0,0,0,0,1,0
2023-10-17 15:00:00,14,16,2762,12,0,12.9,-0.5,0.0,0,0,0,0,0,1,0,1,0
2023-10-17 10:00:00,9,11,1683,22,0,12.9,-0.5,0.0,0,0,0,0,0,1,0,1,0
2023-10-15 07:00:00,0,8,30,5,0,11.5,1.1,0.2,0,0,0,1,0,0,0,1,0
2023-10-17 11:00:00,8,12,1948,17,0,12.9,-0.5,0.0,0,0,0,0,0,1,0,1,0
2023-10-17 17:00:00,7,18,1751,7,0,12.9,-0.5,0.0,0,0,0,0,0,1,0,1,0
2023-10-17 08:00:00,7,9,732,7,0,12.9,-0.5,0.0,0,0,0,0,0,1,0,1,0
2023-10-17 09:00:00,6,10,1301,25,0,12.9,-0.5,0.0,0,0,0,0,0,1,0,1,0
2023-10-17 18:00:00,6,19,582,2,0,12.9,-0.5,0.0,0,0,0,0,0,1,0,1,0
2023-10-15 21:00:00,0,22,193,4,0,11.5,1.1,0.2,0,0,0,1,0,0,0,1,0
2023-10-15 02:00:00,0,3,77,2,0,11.5,1.1,0.2,0,0,0,1,0,0,0,1,0
2023-10-15 22:00:00,0,23,212,1,0,11.5,1.1,0.2,0,0,0,1,0,0,0,1,0
2023-10-16 00:00:00,0,1,43,0,0,11.7,1.8,0.0,0,1,0,0,0,0,0,1,0
2023-10-15 03:00:00,0,4,108,1,0,11.5,1.1,0.2,0,0,0,1,0,0,0,1,0
2023-10-16 01:00:00,0,2,42,0,0,11.7,1.8,0.0,0,1,0,0,0,0,0,1,0
2023-10-15 08:00:00,0,9,84,1,0,11.5,1.1,0.2,0,0,0,1,0,0,0,1,0
2023-10-16 15:00:00,20,16,2417,13,0,11.7,1.8,0.0,0,1,0,0,0,0,0,1,0
2023-10-16 02:00:00,0,3,22,0,0,11.7,1.8,0.0,0,1,0,0,0,0,0,1,0
2023-10-15 23:00:00,0,0,74,0,0,11.5,1.1,0.2,0,0,0,1,0,0,0,1,0
2023-10-15 05:00:00,0,6,11,0,0,11.5,1.1,0.2,0,0,0,1,0,0,0,1,0
2023-10-16 03:00:00,0,4,1,0,0,11.7,1.8,0.0,0,1,0,0,0,0,0,1,0
2023-10-15 04:00:00,0,5,8,0,0,11.5,1.1,0.2,0,0,0,1,0,0,0,1,0
2023-10-16 09:00:00,15,10,1127,23,0,11.7,1.8,0.0,0,1,0,0,0,0,0,1,0
2023-10-16 11:00:00,14,12,1560,6,0,11.7,1.8,0.0,0,1,0,0,0,0,0,1,0
2023-10-16 17:00:00,11,18,1491,4,0,11.7,1.8,0.0,0,1,0,0,0,0,0,1,0
2023-10-16 08:00:00,8,9,635,26,0,11.7,1.8,0.0,0,1,0,0,0,0,0,1,0
2023-10-16 16:00:00,8,17,2132,4,0,11.7,1.8,0.0,0,1,0,0,0,0,0,1,0
2023-10-16 18:00:00,7,19,762,9,0,11.7,1.8,0.0,0,1,0,0,0,0,0,1,0
2023-10-17 07:00:00,4,8,263,10,0,12.9,-0.5,0.0,0,0,0,0,0,1,0,1,0
2023-10-16 13:00:00,48,14,2893,21,0,11.7,1.8,0.0,0,1,0,0,0,0,0,1,0
2023-10-17 19:00:00,3,20,369,12,0,12.9,-0.5,0.0,0,0,0,0,0,1,0,1,0
2023-10-17 21:00:00,2,22,172,2,0,12.9,-0.5,0.0,0,0,0,0,0,1,0,1,0
2023-10-17 20:00:00,1,21,239,3,0,12.9,-0.5,0.0,0,0,0,0,0,1,0,1,0
2023-10-17 13:00:00,53,14,3051,17,0,12.9,-0.5,0.0,0,0,0,0,0,1,0,1,0
2023-10-16 12:00:00,36,13,2967,16,0,11.7,1.8,0.0,0,1,0,0,0,0,0,1,0
2023-10-16 14:00:00,26,15,2747,16,0,11.7,1.8,0.0,0,1,0,0,0,0,0,1,0
2023-10-17 05:00:00,0,6,52,2,0,12.9,-0.5,0.0,0,0,0,0,0,1,0,1,0
2023-10-17 23:00:00,0,0,74,1,0,12.9,-0.5,0.0,0,0,0,0,0,1,0,1,0
2023-10-17 00:00:00,0,1,40,1,0,12.9,-0.5,0.0,0,0,0,0,0,1,0,1,0
2023-10-17 22:00:00,0,23,154,0,0,12.9,-0.5,0.0,0,0,0,0,0,1,0,1,0
2023-10-17 06:00:00,0,7,104,0,0,12.9,-0.5,0.0,0,0,0,0,0,1,0,1,0
2023-10-17 01:00:00,0,2,22,0,0,12.9,-0.5,0.0,0,0,0,0,0,1,0,1,0
2023-10-17 02:00:00,0,3,16,0,0,12.9,-0.5,0.0,0,0,0,0,0,1,0,1,0
2023-10-17 04:00:00,0,5,9,0,0,12.9,-0.5,0.0,0,0,0,0,0,1,0,1,0
2023-10-17 03:00:00,0,4,8,0,0,12.9,-0.5,0.0,0,0,0,0,0,1,0,1,0
2023-10-17 16:00:00,26,17,2648,16,0,12.9,-0.5,0.0,0,0,0,0,0,1,0,1,0
2023-10-17 12:00:00,26,13,2918,13,0,12.9,-0.5,0.0,0,0,0,0,0,1,0,1,0
2023-10-17 14:00:00,21,15,2888,9,0,12.9,-0.5,0.0,0,0,0,0,0,1,0,1,0
2023-10-16 10:00:00,2,11,1523,13,0,11.7,1.8,0.0,0,1,0,0,0,0,0,1,0
2023-10-18 01:00:00,1,2,18,1,0,11.7,4.0,15.5,0,0,0,0,0,0,1,1,0
2023-10-18 05:00:00,1,6,22,0,0,11.7,4.0,15.5,0,0,0,0,0,0,1,1,0
2023-10-19 16:00:00,11,17,709,6,0,9.1,9.6,89.1,0,0,0,0,1,0,0,1,0
2023-10-19 13:00:00,11,14,844,4,0,9.1,9.6,89.1,0,0,0,0,1,0,0,1,0
2023-10-18 18:00:00,4,19,772,2,0,11.7,4.0,15.5,0,0,0,0,0,0,1,1,0
2023-10-19 14:00:00,10,15,885,9,0,9.1,9.6,89.1,0,0,0,0,1,0,0,1,0
2023-10-19 10:00:00,8,11,761,22,0,9.1,9.6,89.1,0,0,0,0,1,0,0,1,0
2023-10-19 09:00:00,8,10,611,13,0,9.1,9.6,89.1,0,0,0,0,1,0,0,1,0
2023-10-19 12:00:00,7,13,776,3,0,9.1,9.6,89.1,0,0,0,0,1,0,0,1,0
2023-10-19 15:00:00,6,16,642,10,0,9.1,9.6,89.1,0,0,0,0,1,0,0,1,0
2023-10-19 17:00:00,3,18,345,15,0,9.1,9.6,89.1,0,0,0,0,1,0,0,1,0
2023-10-19 21:00:00,0,22,43,6,0,9.1,9.6,89.1,0,0,0,0,1,0,0,1,0
2023-10-18 19:00:00,2,20,584,1,0,11.7,4.0,15.5,0,0,0,0,0,0,1,1,0
2023-10-18 07:00:00,1,8,195,15,0,11.7,4.0,15.5,0,0,0,0,0,0,1,1,0
2023-10-18 06:00:00,1,7,52,4,0,11.7,4.0,15.5,0,0,0,0,0,0,1,1,0
2023-10-18 23:00:00,0,0,96,5,0,11.7,4.0,15.5,0,0,0,0,0,0,1,1,0
2023-10-18 20:00:00,0,21,408,3,0,11.7,4.0,15.5,0,0,0,0,0,0,1,1,0
2023-10-18 22:00:00,0,23,246,3,0,11.7,4.0,15.5,0,0,0,0,0,0,1,1,0
2023-10-18 00:00:00,0,1,49,2,0,11.7,4.0,15.5,0,0,0,0,0,0,1,1,0
2023-10-18 21:00:00,0,22,375,1,0,11.7,4.0,15.5,0,0,0,0,0,0,1,1,0
2023-10-18 04:00:00,0,5,11,0,0,11.7,4.0,15.5,0,0,0,0,0,0,1,1,0
2023-10-18 02:00:00,0,3,10,0,0,11.7,4.0,15.5,0,0,0,0,0,0,1,1,0
2023-10-18 03:00:00,0,4,4,0,0,11.7,4.0,15.5,0,0,0,0,0,0,1,1,0
2023-10-19 11:00:00,19,12,808,4,0,9.1,9.6,89.1,0,0,0,0,1,0,0,1,0
2023-10-18 13:00:00,13,14,3128,10,0,11.7,4.0,15.5,0,0,0,0,0,0,1,1,0
2023-10-18 08:00:00,10,9,833,27,0,11.7,4.0,15.5,0,0,0,0,0,0,1,1,0
2023-10-18 09:00:00,10,10,1805,21,0,11.7,4.0,15.5,0,0,0,0,0,0,1,1,0
2023-10-18 12:00:00,10,13,2932,19,0,11.7,4.0,15.5,0,0,0,0,0,0,1,1,0
2023-10-18 10:00:00,9,11,2404,18,0,11.7,4.0,15.5,0,0,0,0,0,0,1,1,0
2023-10-18 11:00:00,7,12,3283,22,0,11.7,4.0,15.5,0,0,0,0,0,0,1,1,0
2023-10-18 17:00:00,7,18,1262,6,0,11.7,4.0,15.5,0,0,0,0,0,0,1,1,0
2023-10-19 05:00:00,0,6,67,3,0,9.1,9.6,89.1,0,0,0,0,1,0,0,1,0
2023-10-19 22:00:00,0,23,23,1,0,9.1,9.6,89.1,0,0,0,0,1,0,0,1,0
2023-10-19 00:00:00,0,1,35,0,0,9.1,9.6,89.1,0,0,0,0,1,0,0,1,0
2023-10-19 01:00:00,0,2,28,0,0,9.1,9.6,89.1,0,0,0,0,1,0,0,1,0
2023-10-19 02:00:00,0,3,13,0,0,9.1,9.6,89.1,0,0,0,0,1,0,0,1,0
2023-10-19 23:00:00,0,0,9,0,0,9.1,9.6,89.1,0,0,0,0,1,0,0,1,0
2023-10-19 03:00:00,0,4,4,0,0,9.1,9.6,89.1,0,0,0,0,1,0,0,1,0
2023-10-19 04:00:00,0,5,3,0,0,9.1,9.6,89.1,0,0,0,0,1,0,0,1,0
2023-10-20 12:00:00,29,13,1021,7,0,9.6,7.3,23.4,1,0,0,0,0,0,0,1,0
2023-10-20 11:00:00,19,12,836,3,0,9.6,7.3,23.4,1,0,0,0,0,0,0,1,0
2023-10-20 13:00:00,17,14,1175,13,0,9.6,7.3,23.4,1,0,0,0,0,0,0,1,0
2023-10-20 14:00:00,11,15,1454,12,0,9.6,7.3,23.4,1,0,0,0,0,0,0,1,0
2023-10-20 09:00:00,11,10,487,1,0,9.6,7.3,23.4,1,0,0,0,0,0,0,1,0
2023-10-19 18:00:00,2,19,161,2,0,9.1,9.6,89.1,0,0,0,0,1,0,0,1,0
2023-10-19 08:00:00,1,9,357,14,0,9.1,9.6,89.1,0,0,0,0,1,0,0,1,0
2023-10-19 07:00:00,1,8,94,6,0,9.1,9.6,89.1,0,0,0,0,1,0,0,1,0
2023-10-19 19:00:00,1,20,90,5,0,9.1,9.6,89.1,0,0,0,0,1,0,0,1,0
2023-10-19 20:00:00,1,21,49,3,0,9.1,9.6,89.1,0,0,0,0,1,0,0,1,0
2023-10-19 06:00:00,1,7,68,1,0,9.1,9.6,89.1,0,0,0,0,1,0,0,1,0
2023-10-18 14:00:00,23,15,2827,9,0,11.7,4.0,15.5,0,0,0,0,0,0,1,1,0
2023-10-18 15:00:00,21,16,2806,14,0,11.7,4.0,15.5,0,0,0,0,0,0,1,1,0
2023-10-18 16:00:00,20,17,2200,11,0,11.7,4.0,15.5,0,0,0,0,0,0,1,1,0
2023-10-22 16:00:00,25,17,2290,23,0,10.8,1.0,0.0,0,0,0,1,0,0,0,1,0
2023-10-22 14:00:00,25,15,3038,9,0,10.8,1.0,0.0,0,0,0,1,0,0,0,1,0
2023-10-22 19:00:00,24,20,503,0,0,10.8,1.0,0.0,0,0,0,1,0,0,0,1,0
2023-10-22 18:00:00,5,19,304,10,0,10.8,1.0,0.0,0,0,0,1,0,0,0,1,0
2023-10-21 15:00:00,13,16,2977,16,0,12.8,5.9,1.0,0,0,1,0,0,0,0,1,0
2023-10-22 10:00:00,5,11,700,8,0,10.8,1.0,0.0,0,0,0,1,0,0,0,1,0
2023-10-21 17:00:00,13,18,1843,3,0,12.8,5.9,1.0,0,0,1,0,0,0,0,1,0
2023-10-21 13:00:00,12,14,2793,12,0,12.8,5.9,1.0,0,0,1,0,0,0,0,1,0
2023-10-21 16:00:00,11,17,2841,9,0,12.8,5.9,1.0,0,0,1,0,0,0,0,1,0
2023-10-21 11:00:00,11,12,1743,9,0,12.8,5.9,1.0,0,0,1,0,0,0,0,1,0
2023-10-21 09:00:00,10,10,821,23,0,12.8,5.9,1.0,0,0,1,0,0,0,0,1,0
2023-10-21 10:00:00,9,11,1299,15,0,12.8,5.9,1.0,0,0,1,0,0,0,0,1,0
2023-10-21 14:00:00,9,15,3579,14,0,12.8,5.9,1.0,0,0,1,0,0,0,0,1,0
2023-10-21 18:00:00,9,19,905,4,0,12.8,5.9,1.0,0,0,1,0,0,0,0,1,0
2023-10-21 19:00:00,3,20,569,4,0,12.8,5.9,1.0,0,0,1,0,0,0,0,1,0
2023-10-21 21:00:00,0,22,325,8,0,12.8,5.9,1.0,0,0,1,0,0,0,0,1,0
2023-10-21 07:00:00,0,8,53,8,0,12.8,5.9,1.0,0,0,1,0,0,0,0,1,0
2023-10-21 22:00:00,0,23,231,6,0,12.8,5.9,1.0,0,0,1,0,0,0,0,1,0
2023-10-21 23:00:00,0,0,107,4,0,12.8,5.9,1.0,0,0,1,0,0,0,0,1,0
2023-10-21 00:00:00,0,1,89,3,0,12.8,5.9,1.0,0,0,1,0,0,0,0,1,0
2023-10-21 06:00:00,0,7,11,2,0,12.8,5.9,1.0,0,0,1,0,0,0,0,1,0
2023-10-21 03:00:00,0,4,77,1,0,12.8,5.9,1.0,0,0,1,0,0,0,0,1,0
2023-10-21 02:00:00,0,3,64,1,0,12.8,5.9,1.0,0,0,1,0,0,0,0,1,0
2023-10-21 04:00:00,0,5,2,0,0,12.8,5.9,1.0,0,0,1,0,0,0,0,1,0
2023-10-22 13:00:00,31,14,3009,15,0,10.8,1.0,0.0,0,0,0,1,0,0,0,1,0
2023-10-22 12:00:00,12,13,2323,15,0,10.8,1.0,0.0,0,0,0,1,0,0,0,1,0
2023-10-22 15:00:00,11,16,2826,7,0,10.8,1.0,0.0,0,0,0,1,0,0,0,1,0
2023-10-22 17:00:00,10,18,948,11,0,10.8,1.0,0.0,0,0,0,1,0,0,0,1,0
2023-10-22 09:00:00,9,10,321,2,0,10.8,1.0,0.0,0,0,0,1,0,0,0,1,0
2023-10-22 11:00:00,7,12,1474,11,0,10.8,1.0,0.0,0,0,0,1,0,0,0,1,0
2023-10-22 00:00:00,2,1,152,14,0,10.8,1.0,0.0,0,0,0,1,0,0,0,1,0
2023-10-22 01:00:00,2,2,89,13,0,10.8,1.0,0.0,0,0,0,1,0,0,0,1,0
2023-10-22 05:00:00,2,6,7,1,0,10.8,1.0,0.0,0,0,0,1,0,0,0,1,0
2023-10-22 03:00:00,1,4,133,10,0,10.8,1.0,0.0,0,0,0,1,0,0,0,1,0
2023-10-22 20:00:00,1,21,314,1,0,10.8,1.0,0.0,0,0,0,1,0,0,0,1,0
2023-10-20 16:00:00,1,17,1551,5,0,9.6,7.3,23.4,1,0,0,0,0,0,0,1,0
2023-10-20 21:00:00,1,22,114,1,0,9.6,7.3,23.4,1,0,0,0,0,0,0,1,0
2023-10-20 20:00:00,0,21,214,7,0,9.6,7.3,23.4,1,0,0,0,0,0,0,1,0
2023-10-20 19:00:00,0,20,311,6,0,9.6,7.3,23.4,1,0,0,0,0,0,0,1,0
2023-10-20 07:00:00,0,8,58,6,0,9.6,7.3,23.4,1,0,0,0,0,0,0,1,0
2023-10-20 22:00:00,0,23,90,5,0,9.6,7.3,23.4,1,0,0,0,0,0,0,1,0
2023-10-20 05:00:00,0,6,13,3,0,9.6,7.3,23.4,1,0,0,0,0,0,0,1,0
2023-10-20 01:00:00,0,2,1,2,0,9.6,7.3,23.4,1,0,0,0,0,0,0,1,0
2023-10-20 00:00:00,0,1,12,1,0,9.6,7.3,23.4,1,0,0,0,0,0,0,1,0
2023-10-20 06:00:00,0,7,6,1,0,9.6,7.3,23.4,1,0,0,0,0,0,0,1,0
2023-10-20 02:00:00,0,3,4,1,0,9.6,7.3,23.4,1,0,0,0,0,0,0,1,0
2023-10-20 23:00:00,0,0,101,0,0,9.6,7.3,23.4,1,0,0,0,0,0,0,1,0
2023-10-20 03:00:00,0,4,2,0,0,9.6,7.3,23.4,1,0,0,0,0,0,0,1,0
2023-10-20 04:00:00,0,5,1,0,0,9.6,7.3,23.4,1,0,0,0,0,0,0,1,0
2023-10-21 12:00:00,16,13,1959,7,0,12.8,5.9,1.0,0,0,1,0,0,0,0,1,0
2023-10-21 08:00:00,2,9,322,9,0,12.8,5.9,1.0,0,0,1,0,0,0,0,1,0
2023-10-21 20:00:00,1,21,378,5,0,12.8,5.9,1.0,0,0,1,0,0,0,0,1,0
2023-10-21 05:00:00,1,6,13,2,0,12.8,5.9,1.0,0,0,1,0,0,0,0,1,0
2023-10-21 01:00:00,1,2,67,0,0,12.8,5.9,1.0,0,0,1,0,0,0,0,1,0
2023-10-20 10:00:00,8,11,546,12,0,9.6,7.3,23.4,1,0,0,0,0,0,0,1,0
2023-10-20 18:00:00,4,19,485,2,0,9.6,7.3,23.4,1,0,0,0,0,0,0,1,0
2023-10-20 17:00:00,3,18,1103,2,0,9.6,7.3,23.4,1,0,0,0,0,0,0,1,0
2023-10-20 15:00:00,3,16,1765,1,0,9.6,7.3,23.4,1,0,0,0,0,0,0,1,0
2023-10-20 08:00:00,2,9,170,7,0,9.6,7.3,23.4,1,0,0,0,0,0,0,1,0
2023-10-23 13:00:00,24,14,2665,29,0,11.1,-1.0,4.5,0,1,0,0,0,0,0,1,0
2023-10-23 11:00:00,20,12,2173,14,0,11.1,-1.0,4.5,0,1,0,0,0,0,0,1,0
2023-10-23 15:00:00,17,16,2402,10,0,11.1,-1.0,4.5,0,1,0,0,0,0,0,1,0
2023-10-23 14:00:00,16,15,2828,7,0,11.1,-1.0,4.5,0,1,0,0,0,0,0,1,0
2023-10-23 08:00:00,13,9,552,13,0,11.1,-1.0,4.5,0,1,0,0,0,0,0,1,0
2023-10-23 17:00:00,12,18,1407,7,0,11.1,-1.0,4.5,0,1,0,0,0,0,0,1,0
2023-10-23 19:00:00,9,20,300,4,0,11.1,-1.0,4.5,0,1,0,0,0,0,0,1,0
2023-10-23 10:00:00,8,11,2018,32,0,11.1,-1.0,4.5,0,1,0,0,0,0,0,1,0
2023-10-23 09:00:00,8,10,1271,14,0,11.1,-1.0,4.5,0,1,0,0,0,0,0,1,0
2023-10-24 14:00:00,13,15,2450,13,0,9.9,3.2,0.9,0,0,0,0,0,1,0,1,0
2023-10-24 13:00:00,12,14,1006,165,0,9.9,3.2,0.9,0,0,0,0,0,1,0,1,0
2023-10-24 08:00:00,10,9,684,11,0,9.9,3.2,0.9,0,0,0,0,0,1,0,1,0
2023-10-24 18:00:00,6,19,524,20,0,9.9,3.2,0.9,0,0,0,0,0,1,0,1,0
2023-10-24 19:00:00,3,20,277,14,0,9.9,3.2,0.9,0,0,0,0,0,1,0,1,0
2023-10-24 21:00:00,2,22,272,11,0,9.9,3.2,0.9,0,0,0,0,0,1,0,1,0
2023-10-24 07:00:00,2,8,208,2,0,9.9,3.2,0.9,0,0,0,0,0,1,0,1,0
2023-10-24 23:00:00,1,0,31,4,0,9.9,3.2,0.9,0,0,0,0,0,1,0,1,0
2023-10-23 05:00:00,0,6,44,4,0,11.1,-1.0,4.5,0,1,0,0,0,0,0,1,0
2023-10-23 20:00:00,0,21,256,1,0,11.1,-1.0,4.5,0,1,0,0,0,0,0,1,0
2023-10-23 02:00:00,0,3,23,1,0,11.1,-1.0,4.5,0,1,0,0,0,0,0,1,0
2023-10-23 22:00:00,0,23,90,0,0,11.1,-1.0,4.5,0,1,0,0,0,0,0,1,0
2023-10-23 23:00:00,0,0,56,0,0,11.1,-1.0,4.5,0,1,0,0,0,0,0,1,0
2023-10-23 00:00:00,0,1,37,0,0,11.1,-1.0,4.5,0,1,0,0,0,0,0,1,0
2023-10-23 01:00:00,0,2,18,0,0,11.1,-1.0,4.5,0,1,0,0,0,0,0,1,0
2023-10-23 04:00:00,0,5,15,0,0,11.1,-1.0,4.5,0,1,0,0,0,0,0,1,0
2023-10-23 03:00:00,0,4,7,0,0,11.1,-1.0,4.5,0,1,0,0,0,0,0,1,0
2023-10-24 22:00:00,0,23,109,10,0,9.9,3.2,0.9,0,0,0,0,0,1,0,1,0
2023-10-24 06:00:00,0,7,89,6,0,9.9,3.2,0.9,0,0,0,0,0,1,0,1,0
2023-10-24 20:00:00,0,21,295,5,0,9.9,3.2,0.9,0,0,0,0,0,1,0,1,0
2023-10-24 00:00:00,0,1,39,1,0,9.9,3.2,0.9,0,0,0,0,0,1,0,1,0
2023-10-24 05:00:00,0,6,32,1,0,9.9,3.2,0.9,0,0,0,0,0,1,0,1,0
2023-10-24 02:00:00,0,3,22,0,0,9.9,3.2,0.9,0,0,0,0,0,1,0,1,0
2023-10-24 01:00:00,0,2,16,0,0,9.9,3.2,0.9,0,0,0,0,0,1,0,1,0
2023-10-24 03:00:00,0,4,14,0,0,9.9,3.2,0.9,0,0,0,0,0,1,0,1,0
2023-10-24 04:00:00,0,5,5,0,0,9.9,3.2,0.9,0,0,0,0,0,1,0,1,0
2023-10-25 13:00:00,27,14,2846,33,0,11.2,4.9,2.1,0,0,0,0,0,0,1,1,0
2023-10-25 14:00:00,24,15,2512,21,0,11.2,4.9,2.1,0,0,0,0,0,0,1,1,0
2023-10-22 04:00:00,0,5,13,11,0,10.8,1.0,0.0,0,0,0,1,0,0,0,1,0
2023-10-22 02:00:00,0,3,63,9,0,10.8,1.0,0.0,0,0,0,1,0,0,0,1,0
2023-10-22 08:00:00,0,9,144,5,0,10.8,1.0,0.0,0,0,0,1,0,0,0,1,0
2023-10-22 07:00:00,0,8,53,4,0,10.8,1.0,0.0,0,0,0,1,0,0,0,1,0
2023-10-22 23:00:00,0,0,44,4,0,10.8,1.0,0.0,0,0,0,1,0,0,0,1,0
2023-10-22 06:00:00,0,7,23,4,0,10.8,1.0,0.0,0,0,0,1,0,0,0,1,0
2023-10-22 21:00:00,0,22,283,3,0,10.8,1.0,0.0,0,0,0,1,0,0,0,1,0
2023-10-22 22:00:00,0,23,192,1,0,10.8,1.0,0.0,0,0,0,1,0,0,0,1,0
2023-10-23 16:00:00,28,17,2169,8,0,11.1,-1.0,4.5,0,1,0,0,0,0,0,1,0
2023-10-23 12:00:00,27,13,2951,13,0,11.1,-1.0,4.5,0,1,0,0,0,0,0,1,0
2023-10-24 16:00:00,25,17,2494,17,0,9.9,3.2,0.9,0,0,0,0,0,1,0,1,0
2023-10-24 09:00:00,22,10,1342,19,0,9.9,3.2,0.9,0,0,0,0,0,1,0,1,0
2023-10-24 17:00:00,20,18,1833,24,0,9.9,3.2,0.9,0,0,0,0,0,1,0,1,0
2023-10-24 11:00:00,19,12,2565,13,0,9.9,3.2,0.9,0,0,0,0,0,1,0,1,0
2023-10-24 10:00:00,17,11,2041,27,0,9.9,3.2,0.9,0,0,0,0,0,1,0,1,0
2023-10-24 15:00:00,17,16,2309,8,0,9.9,3.2,0.9,0,0,0,0,0,1,0,1,0
2023-10-24 12:00:00,16,13,3073,9,0,9.9,3.2,0.9,0,0,0,0,0,1,0,1,0
2023-10-23 18:00:00,5,19,555,3,0,11.1,-1.0,4.5,0,1,0,0,0,0,0,1,0
2023-10-23 07:00:00,3,8,184,15,0,11.1,-1.0,4.5,0,1,0,0,0,0,0,1,0
2023-10-23 06:00:00,3,7,78,3,0,11.1,-1.0,4.5,0,1,0,0,0,0,0,1,0
2023-10-23 21:00:00,2,22,235,5,0,11.1,-1.0,4.5,0,1,0,0,0,0,0,1,0
2023-10-25 07:00:00,1,8,171,8,0,11.2,4.9,2.1,0,0,0,0,0,0,1,1,0
2023-10-25 23:00:00,1,0,46,6,0,11.2,4.9,2.1,0,0,0,0,0,0,1,1,0
2023-10-25 21:00:00,1,22,206,4,0,11.2,4.9,2.1,0,0,0,0,0,0,1,1,0
2023-10-25 05:00:00,1,6,25,2,0,11.2,4.9,2.1,0,0,0,0,0,0,1,1,0
2023-10-25 02:00:00,1,3,17,0,0,11.2,4.9,2.1,0,0,0,0,0,0,1,1,0
2023-10-26 19:00:00,0,20,297,5,0,10.9,5.9,29.4,0,0,0,0,1,0,0,1,0
2023-10-26 21:00:00,0,22,159,3,0,10.9,5.9,29.4,0,0,0,0,1,0,0,1,0
2023-10-26 03:00:00,0,4,5,3,0,10.9,5.9,29.4,0,0,0,0,1,0,0,1,0
2023-10-26 06:00:00,0,7,64,2,0,10.9,5.9,29.4,0,0,0,0,1,0,0,1,0
2023-10-26 04:00:00,0,5,5,2,0,10.9,5.9,29.4,0,0,0,0,1,0,0,1,0
2023-10-26 00:00:00,0,1,35,0,0,10.9,5.9,29.4,0,0,0,0,1,0,0,1,0
2023-10-27 14:00:00,19,15,3079,23,0,11.2,7.2,16.5,1,0,0,0,0,0,0,1,0
2023-10-27 16:00:00,19,17,2115,14,0,11.2,7.2,16.5,1,0,0,0,0,0,0,1,0
2023-10-27 17:00:00,15,18,1494,0,0,11.2,7.2,16.5,1,0,0,0,0,0,0,1,0
2023-10-27 15:00:00,14,16,2465,21,0,11.2,7.2,16.5,1,0,0,0,0,0,0,1,0
2023-10-27 09:00:00,14,10,1513,14,0,11.2,7.2,16.5,1,0,0,0,0,0,0,1,0
2023-10-26 15:00:00,4,16,1620,8,0,10.9,5.9,29.4,0,0,0,0,1,0,0,1,0
2023-10-26 18:00:00,3,19,261,20,0,10.9,5.9,29.4,0,0,0,0,1,0,0,1,0
2023-10-26 07:00:00,2,8,201,5,0,10.9,5.9,29.4,0,0,0,0,1,0,0,1,0
2023-10-26 09:00:00,13,10,1367,25,0,10.9,5.9,29.4,0,0,0,0,1,0,0,1,0
2023-10-26 13:00:00,12,14,2737,17,0,10.9,5.9,29.4,0,0,0,0,1,0,0,1,0
2023-10-26 11:00:00,12,12,2380,14,0,10.9,5.9,29.4,0,0,0,0,1,0,0,1,0
2023-10-26 14:00:00,10,15,2025,10,0,10.9,5.9,29.4,0,0,0,0,1,0,0,1,0
2023-10-26 16:00:00,7,17,1693,12,0,10.9,5.9,29.4,0,0,0,0,1,0,0,1,0
2023-10-26 17:00:00,6,18,1067,7,0,10.9,5.9,29.4,0,0,0,0,1,0,0,1,0
2023-10-26 08:00:00,6,9,647,7,0,10.9,5.9,29.4,0,0,0,0,1,0,0,1,0
2023-10-25 19:00:00,0,20,261,7,0,11.2,4.9,2.1,0,0,0,0,0,0,1,1,0
2023-10-25 03:00:00,0,4,7,3,0,11.2,4.9,2.1,0,0,0,0,0,0,1,1,0
2023-10-25 20:00:00,0,21,222,2,0,11.2,4.9,2.1,0,0,0,0,0,0,1,1,0
2023-10-25 22:00:00,0,23,115,2,0,11.2,4.9,2.1,0,0,0,0,0,0,1,1,0
2023-10-25 06:00:00,0,7,59,2,0,11.2,4.9,2.1,0,0,0,0,0,0,1,1,0
2023-10-25 01:00:00,0,2,8,1,0,11.2,4.9,2.1,0,0,0,0,0,0,1,1,0
2023-10-25 04:00:00,0,5,5,0,0,11.2,4.9,2.1,0,0,0,0,0,0,1,1,0
2023-10-26 12:00:00,21,13,2719,21,0,10.9,5.9,29.4,0,0,0,0,1,0,0,1,0
2023-10-26 10:00:00,18,11,1968,19,0,10.9,5.9,29.4,0,0,0,0,1,0,0,1,0
2023-10-25 10:00:00,20,11,1728,28,0,11.2,4.9,2.1,0,0,0,0,0,0,1,1,0
2023-10-25 11:00:00,19,12,2387,12,0,11.2,4.9,2.1,0,0,0,0,0,0,1,1,0
2023-10-25 15:00:00,19,16,1944,7,0,11.2,4.9,2.1,0,0,0,0,0,0,1,1,0
2023-10-25 12:00:00,15,13,2490,20,0,11.2,4.9,2.1,0,0,0,0,0,0,1,1,0
2023-10-25 16:00:00,14,17,2072,18,0,11.2,4.9,2.1,0,0,0,0,0,0,1,1,0
2023-10-25 17:00:00,12,18,1277,9,0,11.2,4.9,2.1,0,0,0,0,0,0,1,1,0
2023-10-25 09:00:00,11,10,995,16,0,11.2,4.9,2.1,0,0,0,0,0,0,1,1,0
2023-10-25 08:00:00,7,9,509,10,0,11.2,4.9,2.1,0,0,0,0,0,0,1,1,0
2023-10-26 01:00:00,1,2,24,12,0,10.9,5.9,29.4,0,0,0,0,1,0,0,1,0
2023-10-26 02:00:00,1,3,26,6,0,10.9,5.9,29.4,0,0,0,0,1,0,0,1,0
2023-10-26 22:00:00,1,23,172,2,0,10.9,5.9,29.4,0,0,0,0,1,0,0,1,0
2023-10-26 05:00:00,1,6,56,2,0,10.9,5.9,29.4,0,0,0,0,1,0,0,1,0
2023-10-26 23:00:00,1,0,21,0,0,10.9,5.9,29.4,0,0,0,0,1,0,0,1,0
2023-10-26 20:00:00,0,21,211,9,0,10.9,5.9,29.4,0,0,0,0,1,0,0,1,0
2023-10-25 18:00:00,4,19,407,9,0,11.2,4.9,2.1,0,0,0,0,0,0,1,1,0
2023-10-25 00:00:00,3,1,23,2,0,11.2,4.9,2.1,0,0,0,0,0,0,1,1,0
2023-10-27 21:00:00,1,22,197,5,0,11.2,7.2,16.5,1,0,0,0,0,0,0,1,0
2023-10-27 20:00:00,0,21,168,17,0,11.2,7.2,16.5,1,0,0,0,0,0,0,1,0
2023-10-27 18:00:00,0,19,427,15,0,11.2,7.2,16.5,1,0,0,0,0,0,0,1,0
2023-10-27 22:00:00,0,23,229,4,0,11.2,7.2,16.5,1,0,0,0,0,0,0,1,0
2023-10-27 05:00:00,0,6,39,3,0,11.2,7.2,16.5,1,0,0,0,0,0,0,1,0
2023-10-28 04:00:00,0,5,3,0,0,11.6,9.0,7.9,0,0,1,0,0,0,0,1,0
2023-10-28 08:00:00,1,9,417,10,0,11.6,9.0,7.9,0,0,1,0,0,0,0,1,0
2023-10-28 23:00:00,1,0,145,5,0,11.6,9.0,7.9,0,0,1,0,0,0,0,1,0
2023-10-28 07:00:00,1,8,63,1,0,11.6,9.0,7.9,0,0,1,0,0,0,0,1,0
2023-10-29 11:00:00,20,12,1280,11,0,9.9,9.5,6.1,0,0,0,1,0,0,0,1,0
2023-10-29 12:00:00,17,13,1284,25,0,9.9,9.5,6.1,0,0,0,1,0,0,0,1,0
2023-10-29 14:00:00,17,15,1368,5,0,9.9,9.5,6.1,0,0,0,1,0,0,0,1,0
2023-10-29 15:00:00,14,16,1082,9,0,9.9,9.5,6.1,0,0,0,1,0,0,0,1,0
2023-10-29 13:00:00,14,14,1335,6,0,9.9,9.5,6.1,0,0,0,1,0,0,0,1,0
2023-10-29 10:00:00,6,11,765,11,0,9.9,9.5,6.1,0,0,0,1,0,0,0,1,0
2023-10-29 16:00:00,4,17,838,7,0,9.9,9.5,6.1,0,0,0,1,0,0,0,1,0
2023-10-27 06:00:00,0,7,59,2,0,11.2,7.2,16.5,1,0,0,0,0,0,0,1,0
2023-10-27 02:00:00,0,3,10,2,0,11.2,7.2,16.5,1,0,0,0,0,0,0,1,0
2023-10-27 04:00:00,0,5,5,2,0,11.2,7.2,16.5,1,0,0,0,0,0,0,1,0
2023-10-27 23:00:00,0,0,63,1,0,11.2,7.2,16.5,1,0,0,0,0,0,0,1,0
2023-10-27 00:00:00,0,1,38,1,0,11.2,7.2,16.5,1,0,0,0,0,0,0,1,0
2023-10-27 01:00:00,0,2,12,0,0,11.2,7.2,16.5,1,0,0,0,0,0,0,1,0
2023-10-27 03:00:00,0,4,6,0,0,11.2,7.2,16.5,1,0,0,0,0,0,0,1,0
2023-10-28 13:00:00,27,14,4336,19,0,11.6,9.0,7.9,0,0,1,0,0,0,0,1,0
2023-10-28 12:00:00,19,13,3728,20,0,11.6,9.0,7.9,0,0,1,0,0,0,0,1,0
2023-10-28 11:00:00,14,12,2889,25,0,11.6,9.0,7.9,0,0,1,0,0,0,0,1,0
2023-10-28 16:00:00,13,17,2873,5,0,11.6,9.0,7.9,0,0,1,0,0,0,0,1,0
2023-10-28 14:00:00,12,15,3191,19,0,11.6,9.0,7.9,0,0,1,0,0,0,0,1,0
2023-10-28 15:00:00,11,16,3213,17,0,11.6,9.0,7.9,0,0,1,0,0,0,0,1,0
2023-10-28 09:00:00,7,10,1021,14,0,11.6,9.0,7.9,0,0,1,0,0,0,0,1,0
2023-10-28 10:00:00,6,11,1777,19,0,11.6,9.0,7.9,0,0,1,0,0,0,0,1,0
2023-10-28 17:00:00,3,18,1682,2,0,11.6,9.0,7.9,0,0,1,0,0,0,0,1,0
2023-10-28 19:00:00,0,20,284,11,0,11.6,9.0,7.9,0,0,1,0,0,0,0,1,0
2023-10-28 21:00:00,0,22,297,10,0,11.6,9.0,7.9,0,0,1,0,0,0,0,1,0
2023-10-28 20:00:00,0,21,339,9,0,11.6,9.0,7.9,0,0,1,0,0,0,0,1,0
2023-10-28 01:00:00,0,2,37,4,0,11.6,9.0,7.9,0,0,1,0,0,0,0,1,0
2023-10-28 03:00:00,0,4,36,4,0,11.6,9.0,7.9,0,0,1,0,0,0,0,1,0
2023-10-28 05:00:00,0,6,8,4,0,11.6,9.0,7.9,0,0,1,0,0,0,0,1,0
2023-10-28 22:00:00,0,23,190,3,0,11.6,9.0,7.9,0,0,1,0,0,0,0,1,0
2023-10-28 00:00:00,0,1,100,3,0,11.6,9.0,7.9,0,0,1,0,0,0,0,1,0
2023-10-28 06:00:00,0,7,32,2,0,11.6,9.0,7.9,0,0,1,0,0,0,0,1,0
2023-10-28 18:00:00,0,19,459,1,0,11.6,9.0,7.9,0,0,1,0,0,0,0,1,0
2023-10-28 02:00:00,0,3,40,1,0,11.6,9.0,7.9,0,0,1,0,0,0,0,1,0
2023-10-27 13:00:00,12,14,2633,29,0,11.2,7.2,16.5,1,0,0,0,0,0,0,1,0
2023-10-27 11:00:00,11,12,2426,34,0,11.2,7.2,16.5,1,0,0,0,0,0,0,1,0
2023-10-27 10:00:00,10,11,2002,44,0,11.2,7.2,16.5,1,0,0,0,0,0,0,1,0
2023-10-27 12:00:00,10,13,2931,32,0,11.2,7.2,16.5,1,0,0,0,0,0,0,1,0
2023-10-27 08:00:00,4,9,889,13,0,11.2,7.2,16.5,1,0,0,0,0,0,0,1,0
2023-10-27 19:00:00,2,20,196,21,0,11.2,7.2,16.5,1,0,0,0,0,0,0,1,0
2023-10-27 07:00:00,1,8,266,14,0,11.2,7.2,16.5,1,0,0,0,0,0,0,1,0
2023-10-30 08:00:00,3,9,726,19,0,9.6,5.6,0.0,0,1,0,0,0,0,0,0,1
2023-10-30 18:00:00,3,19,515,19,0,9.6,5.6,0.0,0,1,0,0,0,0,0,0,1
2023-10-30 17:00:00,2,18,1926,20,0,9.6,5.6,0.0,0,1,0,0,0,0,0,0,1
2023-10-30 14:00:00,21,15,3433,21,0,9.6,5.6,0.0,0,1,0,0,0,0,0,0,1
2023-10-30 15:00:00,20,16,3296,31,0,9.6,5.6,0.0,0,1,0,0,0,0,0,0,1
2023-10-30 11:00:00,19,12,2655,22,0,9.6,5.6,0.0,0,1,0,0,0,0,0,0,1
2023-10-30 12:00:00,18,13,4070,17,0,9.6,5.6,0.0,0,1,0,0,0,0,0,0,1
2023-10-30 13:00:00,16,14,4009,11,0,9.6,5.6,0.0,0,1,0,0,0,0,0,0,1
2023-10-30 10:00:00,12,11,2294,22,0,9.6,5.6,0.0,0,1,0,0,0,0,0,0,1
2023-10-31 14:00:00,21,15,2772,10,0,10.2,5.3,7.5,0,0,0,0,0,1,0,0,1
2023-10-31 10:00:00,19,11,2199,12,0,10.2,5.3,7.5,0,0,0,0,0,1,0,0,1
2023-10-31 15:00:00,18,16,2568,10,0,10.2,5.3,7.5,0,0,0,0,0,1,0,0,1
2023-10-31 09:00:00,17,10,1339,19,0,10.2,5.3,7.5,0,0,0,0,0,1,0,0,1
2023-10-30 20:00:00,1,21,258,9,0,9.6,5.6,0.0,0,1,0,0,0,0,0,0,1
2023-10-30 06:00:00,1,7,68,3,0,9.6,5.6,0.0,0,1,0,0,0,0,0,0,1
2023-10-31 16:00:00,14,17,2118,12,0,10.2,5.3,7.5,0,0,0,0,0,1,0,0,1
2023-10-31 11:00:00,12,12,2828,6,0,10.2,5.3,7.5,0,0,0,0,0,1,0,0,1
2023-10-29 09:00:00,1,10,325,1,0,9.9,9.5,6.1,0,0,0,1,0,0,0,1,0
2023-10-29 08:00:00,2,9,158,4,0,9.9,9.5,6.1,0,0,0,1,0,0,0,1,0
2023-10-30 19:00:00,0,20,286,6,0,9.6,5.6,0.0,0,1,0,0,0,0,0,0,1
2023-10-30 01:00:00,0,2,16,3,0,9.6,5.6,0.0,0,1,0,0,0,0,0,0,1
2023-10-30 21:00:00,0,22,284,2,0,9.6,5.6,0.0,0,1,0,0,0,0,0,0,1
2023-10-30 23:00:00,0,0,24,1,0,9.6,5.6,0.0,0,1,0,0,0,0,0,0,1
2023-10-30 00:00:00,0,1,21,1,0,9.6,5.6,0.0,0,1,0,0,0,0,0,0,1
2023-10-30 03:00:00,0,4,1,1,0,9.6,5.6,0.0,0,1,0,0,0,0,0,0,1
2023-10-30 22:00:00,0,23,168,0,0,9.6,5.6,0.0,0,1,0,0,0,0,0,0,1
2023-10-30 05:00:00,0,6,54,0,0,9.6,5.6,0.0,0,1,0,0,0,0,0,0,1
2023-10-30 04:00:00,0,5,7,0,0,9.6,5.6,0.0,0,1,0,0,0,0,0,0,1
2023-10-30 02:00:00,0,3,1,0,0,9.6,5.6,0.0,0,1,0,0,0,0,0,0,1
2023-10-31 12:00:00,40,13,3384,20,0,10.2,5.3,7.5,0,0,0,0,0,1,0,0,1
2023-10-31 13:00:00,34,14,3379,8,0,10.2,5.3,7.5,0,0,0,0,0,1,0,0,1
2023-10-29 18:00:00,0,19,118,8,0,9.9,9.5,6.1,0,0,0,1,0,0,0,1,0
2023-10-29 19:00:00,0,20,57,8,0,9.9,9.5,6.1,0,0,0,1,0,0,0,1,0
2023-10-29 00:00:00,0,1,140,6,0,9.9,9.5,6.1,0,0,0,1,0,0,0,1,0
2023-10-29 17:00:00,0,18,236,3,0,9.9,9.5,6.1,0,0,0,1,0,0,0,1,0
2023-10-29 07:00:00,0,8,95,3,0,9.9,9.5,6.1,0,0,0,1,0,0,0,1,0
2023-10-29 20:00:00,0,21,29,3,0,9.9,9.5,6.1,0,0,0,1,0,0,0,1,0
2023-10-29 21:00:00,0,22,103,2,0,9.9,9.5,6.1,0,0,0,1,0,0,0,1,0
2023-10-29 01:00:00,0,2,171,1,0,9.9,9.5,6.1,0,0,0,1,0,0,0,1,0
2023-10-29 02:00:00,0,3,96,1,0,9.9,9.5,6.1,0,0,0,1,0,0,0,1,0
2023-10-29 05:00:00,0,6,8,1,0,9.9,9.5,6.1,0,0,0,1,0,0,0,1,0
2023-10-29 04:00:00,0,5,5,1,0,9.9,9.5,6.1,0,0,0,1,0,0,0,1,0
2023-10-29 22:00:00,0,23,32,0,0,9.9,9.5,6.1,0,0,0,1,0,0,0,1,0
2023-10-29 06:00:00,0,7,31,0,0,9.9,9.5,6.1,0,0,0,1,0,0,0,1,0
2023-10-29 23:00:00,0,0,22,0,0,9.9,9.5,6.1,0,0,0,1,0,0,0,1,0
2023-10-29 03:00:00,0,4,9,0,0,9.9,9.5,6.1,0,0,0,1,0,0,0,1,0
2023-10-30 09:00:00,10,10,1504,32,0,9.6,5.6,0.0,0,1,0,0,0,0,0,0,1
2023-10-30 16:00:00,10,17,3028,17,0,9.6,5.6,0.0,0,1,0,0,0,0,0,0,1
2023-10-30 07:00:00,5,8,162,7,0,9.6,5.6,0.0,0,1,0,0,0,0,0,0,1
2023-10-31 19:00:00,1,20,406,4,0,10.2,5.3,7.5,0,0,0,0,0,1,0,0,1
2023-10-31 20:00:00,1,21,312,4,0,10.2,5.3,7.5,0,0,0,0,0,1,0,0,1
2023-10-31 22:00:00,1,23,263,3,0,10.2,5.3,7.5,0,0,0,0,0,1,0,0,1
2023-10-31 07:00:00,7,8,185,15,0,10.2,5.3,7.5,0,0,0,0,0,1,0,0,1
2023-10-31 08:00:00,7,9,689,9,0,10.2,5.3,7.5,0,0,0,0,0,1,0,0,1
2023-10-31 18:00:00,4,19,499,6,0,10.2,5.3,7.5,0,0,0,0,0,1,0,0,1
2023-10-31 17:00:00,2,18,1484,7,0,10.2,5.3,7.5,0,0,0,0,0,1,0,0,1
2023-10-31 23:00:00,2,0,79,2,0,10.2,5.3,7.5,0,0,0,0,0,1,0,0,1
2023-10-31 21:00:00,0,22,298,5,0,10.2,5.3,7.5,0,0,0,0,0,1,0,0,1
2023-10-31 06:00:00,0,7,40,3,0,10.2,5.3,7.5,0,0,0,0,0,1,0,0,1
2023-10-31 02:00:00,0,3,4,2,0,10.2,5.3,7.5,0,0,0,0,0,1,0,0,1
2023-10-31 03:00:00,0,4,3,2,0,10.2,5.3,7.5,0,0,0,0,0,1,0,0,1
2023-10-31 05:00:00,0,6,29,1,0,10.2,5.3,7.5,0,0,0,0,0,1,0,0,1
2023-10-31 01:00:00,0,2,3,1,0,10.2,5.3,7.5,0,0,0,0,0,1,0,0,1
2023-10-31 00:00:00,0,1,29,0,0,10.2,5.3,7.5,0,0,0,0,0,1,0,0,1
2023-10-31 04:00:00,0,5,6,0,0,10.2,5.3,7.5,0,0,0,0,0,1,0,0,1
2023-09-01 12:00:00,37,13,2938,16,0,22.4,9.9,0.0,1,0,0,0,0,0,0,1,0
2023-09-01 14:00:00,35,15,2685,14,0,22.4,9.9,0.0,1,0,0,0,0,0,0,1,0
2023-09-01 16:00:00,32,17,1918,15,0,22.4,9.9,0.0,1,0,0,0,0,0,0,1,0
2023-09-01 13:00:00,28,14,2987,14,0,22.4,9.9,0.0,1,0,0,0,0,0,0,1,0
2023-09-01 11:00:00,24,12,2653,9,0,22.4,9.9,0.0,1,0,0,0,0,0,0,1,0
2023-09-01 15:00:00,18,16,2298,3,0,22.4,9.9,0.0,1,0,0,0,0,0,0,1,0
2023-09-02 20:00:00,5,21,660,95,0,22.9,5.5,0.0,0,0,1,0,0,0,0,1,0
2023-09-02 23:00:00,2,0,181,127,0,22.9,5.5,0.0,0,0,1,0,0,0,0,1,0
2023-09-02 22:00:00,2,23,384,126,0,22.9,5.5,0.0,0,0,1,0,0,0,0,1,0
2023-09-02 06:00:00,2,7,44,0,0,22.9,5.5,0.0,0,0,1,0,0,0,0,1,0
2023-09-02 21:00:00,1,22,672,122,0,22.9,5.5,0.0,0,0,1,0,0,0,0,1,0
2023-09-01 10:00:00,7,11,1889,15,0,22.4,9.9,0.0,1,0,0,0,0,0,0,1,0
2023-09-01 08:00:00,7,9,626,7,0,22.4,9.9,0.0,1,0,0,0,0,0,0,1,0
2023-09-01 07:00:00,3,8,261,22,0,22.4,9.9,0.0,1,0,0,0,0,0,0,1,0
2023-09-01 21:00:00,3,22,284,5,0,22.4,9.9,0.0,1,0,0,0,0,0,0,1,0
2023-09-01 22:00:00,2,23,143,7,0,22.4,9.9,0.0,1,0,0,0,0,0,0,1,0
2023-09-01 23:00:00,2,0,108,7,0,22.4,9.9,0.0,1,0,0,0,0,0,0,1,0
2023-09-01 02:00:00,2,3,27,2,0,22.4,9.9,0.0,1,0,0,0,0,0,0,1,0
2023-09-01 20:00:00,1,21,272,4,0,22.4,9.9,0.0,1,0,0,0,0,0,0,1,0
2023-09-01 06:00:00,0,7,123,8,0,22.4,9.9,0.0,1,0,0,0,0,0,0,1,0
2023-09-01 05:00:00,0,6,39,3,0,22.4,9.9,0.0,1,0,0,0,0,0,0,1,0
2023-09-01 00:00:00,0,1,36,1,0,22.4,9.9,0.0,1,0,0,0,0,0,0,1,0
2023-09-01 01:00:00,0,2,35,1,0,22.4,9.9,0.0,1,0,0,0,0,0,0,1,0
2023-09-01 03:00:00,0,4,9,1,0,22.4,9.9,0.0,1,0,0,0,0,0,0,1,0
2023-09-01 04:00:00,0,5,1,1,0,22.4,9.9,0.0,1,0,0,0,0,0,0,1,0
2023-09-01 18:00:00,16,19,695,12,0,22.4,9.9,0.0,1,0,0,0,0,0,0,1,0
2023-09-01 17:00:00,15,18,1488,15,0,22.4,9.9,0.0,1,0,0,0,0,0,0,1,0
2023-09-01 19:00:00,12,20,419,7,0,22.4,9.9,0.0,1,0,0,0,0,0,0,1,0
2023-09-01 09:00:00,10,10,1357,16,0,22.4,9.9,0.0,1,0,0,0,0,0,0,1,0
2023-09-02 16:00:00,27,17,2848,13,0,22.9,5.5,0.0,0,0,1,0,0,0,0,1,0
2023-09-02 15:00:00,24,16,2706,14,0,22.9,5.5,0.0,0,0,1,0,0,0,0,1,0
2023-09-02 12:00:00,21,13,3285,16,0,22.9,5.5,0.0,0,0,1,0,0,0,0,1,0
2023-09-02 13:00:00,21,14,3538,9,0,22.9,5.5,0.0,0,0,1,0,0,0,0,1,0
2023-09-02 18:00:00,19,19,751,16,0,22.9,5.5,0.0,0,0,1,0,0,0,0,1,0
2023-09-02 14:00:00,18,15,3375,20,0,22.9,5.5,0.0,0,0,1,0,0,0,0,1,0
2023-09-02 17:00:00,18,18,1793,16,0,22.9,5.5,0.0,0,0,1,0,0,0,0,1,0
2023-09-02 11:00:00,18,12,2942,11,0,22.9,5.5,0.0,0,0,1,0,0,0,0,1,0
2023-09-02 19:00:00,10,20,797,102,0,22.9,5.5,0.0,0,0,1,0,0,0,0,1,0
2023-09-02 10:00:00,10,11,2035,21,0,22.9,5.5,0.0,0,0,1,0,0,0,0,1,0
2023-09-02 09:00:00,7,10,1184,14,0,22.9,5.5,0.0,0,0,1,0,0,0,0,1,0
2023-09-02 07:00:00,1,8,86,8,0,22.9,5.5,0.0,0,0,1,0,0,0,0,1,0
2023-09-02 04:00:00,1,5,15,4,0,22.9,5.5,0.0,0,0,1,0,0,0,0,1,0
2023-09-02 00:00:00,0,1,164,13,0,22.9,5.5,0.0,0,0,1,0,0,0,0,1,0
2023-09-02 08:00:00,0,9,432,12,0,22.9,5.5,0.0,0,0,1,0,0,0,0,1,0
2023-09-02 03:00:00,0,4,57,11,0,22.9,5.5,0.0,0,0,1,0,0,0,0,1,0
2023-09-02 02:00:00,0,3,62,9,0,22.9,5.5,0.0,0,0,1,0,0,0,0,1,0
2023-09-02 01:00:00,0,2,69,5,0,22.9,5.5,0.0,0,0,1,0,0,0,0,1,0
2023-09-02 05:00:00,0,6,30,2,0,22.9,5.5,0.0,0,0,1,0,0,0,0,1,0
2023-09-03 12:00:00,47,13,1799,13,0,24.2,5.5,0.0,0,0,0,1,0,0,0,1,0
2023-09-03 03:00:00,2,4,132,56,0,24.2,5.5,0.0,0,0,0,1,0,0,0,1,0
2023-09-03 23:00:00,1,0,81,55,0,24.2,5.5,0.0,0,0,0,1,0,0,0,1,0
2023-09-03 04:00:00,1,5,43,29,0,24.2,5.5,0.0,0,0,0,1,0,0,0,1,0
2023-09-04 14:00:00,24,15,2186,9,0,20.8,5.5,0.0,0,1,0,0,0,0,0,1,0
2023-09-03 15:00:00,10,16,1408,7,0,24.2,5.5,0.0,0,0,0,1,0,0,0,1,0
2023-09-04 11:00:00,22,12,2340,13,0,20.8,5.5,0.0,0,1,0,0,0,0,0,1,0
2023-09-04 13:00:00,21,14,2575,15,0,20.8,5.5,0.0,0,1,0,0,0,0,0,1,0
2023-09-04 12:00:00,18,13,2566,15,0,20.8,5.5,0.0,0,1,0,0,0,0,0,1,0
2023-09-04 18:00:00,13,19,770,70,0,20.8,5.5,0.0,0,1,0,0,0,0,0,1,0
2023-09-04 10:00:00,13,11,1798,14,0,20.8,5.5,0.0,0,1,0,0,0,0,0,1,0
2023-09-04 08:00:00,13,9,708,9,0,20.8,5.5,0.0,0,1,0,0,0,0,0,1,0
2023-09-04 09:00:00,12,10,1066,24,0,20.8,5.5,0.0,0,1,0,0,0,0,0,1,0
2023-09-03 19:00:00,8,20,582,76,0,24.2,5.5,0.0,0,0,0,1,0,0,0,1,0
2023-09-03 13:00:00,26,14,1980,7,0,24.2,5.5,0.0,0,0,0,1,0,0,0,1,0
2023-09-03 16:00:00,8,17,980,8,0,24.2,5.5,0.0,0,0,0,1,0,0,0,1,0
2023-09-03 11:00:00,25,12,1344,9,0,24.2,5.5,0.0,0,0,0,1,0,0,0,1,0
2023-09-04 01:00:00,0,2,37,33,0,20.8,5.5,0.0,0,1,0,0,0,0,0,1,0
2023-09-03 14:00:00,21,15,1916,8,0,24.2,5.5,0.0,0,0,0,1,0,0,0,1,0
2023-09-03 09:00:00,13,10,268,5,0,24.2,5.5,0.0,0,0,0,1,0,0,0,1,0
2023-09-03 10:00:00,12,11,674,5,0,24.2,5.5,0.0,0,0,0,1,0,0,0,1,0
2023-09-03 18:00:00,11,19,422,23,0,24.2,5.5,0.0,0,0,0,1,0,0,0,1,0
2023-09-03 17:00:00,6,18,417,1,0,24.2,5.5,0.0,0,0,0,1,0,0,0,1,0
2023-09-04 02:00:00,0,3,7,26,0,20.8,5.5,0.0,0,1,0,0,0,0,0,1,0
2023-09-03 07:00:00,4,8,93,28,0,24.2,5.5,0.0,0,0,0,1,0,0,0,1,0
2023-09-03 08:00:00,4,9,225,22,0,24.2,5.5,0.0,0,0,0,1,0,0,0,1,0
2023-09-03 20:00:00,4,21,201,14,0,24.2,5.5,0.0,0,0,0,1,0,0,0,1,0
2023-09-03 00:00:00,3,1,253,93,0,24.2,5.5,0.0,0,0,0,1,0,0,0,1,0
2023-09-03 05:00:00,1,6,41,10,0,24.2,5.5,0.0,0,0,0,1,0,0,0,1,0
2023-09-04 03:00:00,0,4,2,2,0,20.8,5.5,0.0,0,1,0,0,0,0,0,1,0
2023-09-04 04:00:00,0,5,6,1,0,20.8,5.5,0.0,0,1,0,0,0,0,0,1,0
2023-09-04 22:00:00,2,23,224,55,0,20.8,5.5,0.0,0,1,0,0,0,0,0,1,0
2023-09-03 01:00:00,0,2,126,105,0,24.2,5.5,0.0,0,0,0,1,0,0,0,1,0
2023-09-03 02:00:00,0,3,105,96,0,24.2,5.5,0.0,0,0,0,1,0,0,0,1,0
2023-09-04 05:00:00,1,6,33,3,0,20.8,5.5,0.0,0,1,0,0,0,0,0,1,0
2023-09-04 00:00:00,0,1,54,48,0,20.8,5.5,0.0,0,1,0,0,0,0,0,1,0
2023-09-04 23:00:00,0,0,90,44,0,20.8,5.5,0.0,0,1,0,0,0,0,0,1,0
2023-09-03 22:00:00,0,23,112,33,0,24.2,5.5,0.0,0,0,0,1,0,0,0,1,0
2023-09-05 10:00:00,39,11,1509,35,0,19.9,9.9,0.0,0,0,0,0,0,1,0,1,0
2023-09-03 06:00:00,0,7,79,20,0,24.2,5.5,0.0,0,0,0,1,0,0,0,1,0
2023-09-03 21:00:00,0,22,50,2,0,24.2,5.5,0.0,0,0,0,1,0,0,0,1,0
2023-09-04 16:00:00,32,17,1337,13,0,20.8,5.5,0.0,0,1,0,0,0,0,0,1,0
2023-09-04 15:00:00,32,16,1747,8,0,20.8,5.5,0.0,0,1,0,0,0,0,0,1,0
2023-09-04 06:00:00,11,7,68,6,0,20.8,5.5,0.0,0,1,0,0,0,0,0,1,0
2023-09-04 19:00:00,8,20,533,75,0,20.8,5.5,0.0,0,1,0,0,0,0,0,1,0
2023-09-04 17:00:00,7,18,1178,26,0,20.8,5.5,0.0,0,1,0,0,0,0,0,1,0
2023-09-04 20:00:00,6,21,400,78,0,20.8,5.5,0.0,0,1,0,0,0,0,0,1,0
2023-09-04 21:00:00,4,22,424,75,0,20.8,5.5,0.0,0,1,0,0,0,0,0,1,0
2023-09-04 07:00:00,4,8,258,14,0,20.8,5.5,0.0,0,1,0,0,0,0,0,1,0
2023-09-06 23:00:00,1,0,67,27,0,22.4,14.0,0.0,0,0,0,0,0,0,1,1,0
2023-09-06 20:00:00,1,21,296,7,0,22.4,14.0,0.0,0,0,0,0,0,0,1,1,0
2023-09-05 09:00:00,27,10,746,66,0,19.9,9.9,0.0,0,0,0,0,0,1,0,1,0
2023-09-06 00:00:00,0,1,18,36,0,22.4,14.0,0.0,0,0,0,0,0,0,1,1,0
2023-09-06 01:00:00,0,2,20,22,0,22.4,14.0,0.0,0,0,0,0,0,0,1,1,0
2023-09-06 03:00:00,0,4,12,14,0,22.4,14.0,0.0,0,0,0,0,0,0,1,1,0
2023-09-06 02:00:00,0,3,4,14,0,22.4,14.0,0.0,0,0,0,0,0,0,1,1,0
2023-09-06 05:00:00,0,6,40,13,0,22.4,14.0,0.0,0,0,0,0,0,0,1,1,0
2023-09-06 04:00:00,0,5,6,10,0,22.4,14.0,0.0,0,0,0,0,0,0,1,1,0
2023-09-05 01:00:00,0,2,32,17,0,19.9,9.9,0.0,0,0,0,0,0,1,0,1,0
2023-09-05 05:00:00,0,6,21,14,0,19.9,9.9,0.0,0,0,0,0,0,1,0,1,0
2023-09-06 16:00:00,24,17,2120,9,0,22.4,14.0,0.0,0,0,0,0,0,0,1,1,0
2023-09-05 04:00:00,0,5,5,11,0,19.9,9.9,0.0,0,0,0,0,0,1,0,1,0
2023-09-05 22:00:00,2,23,229,51,0,19.9,9.9,0.0,0,0,0,0,0,1,0,1,0
2023-09-05 06:00:00,2,7,32,19,0,19.9,9.9,0.0,0,0,0,0,0,1,0,1,0
2023-09-05 23:00:00,1,0,67,35,0,19.9,9.9,0.0,0,0,0,0,0,1,0,1,0
2023-09-05 02:00:00,1,3,9,13,0,19.9,9.9,0.0,0,0,0,0,0,1,0,1,0
2023-09-05 03:00:00,1,4,6,8,0,19.9,9.9,0.0,0,0,0,0,0,1,0,1,0
2023-09-05 00:00:00,0,1,57,35,0,19.9,9.9,0.0,0,0,0,0,0,1,0,1,0
2023-09-05 14:00:00,20,15,2600,18,0,19.9,9.9,0.0,0,0,0,0,0,1,0,1,0
2023-09-05 16:00:00,20,17,2467,4,0,19.9,9.9,0.0,0,0,0,0,0,1,0,1,0
2023-09-05 11:00:00,18,12,2432,17,0,19.9,9.9,0.0,0,0,0,0,0,1,0,1,0
2023-09-05 08:00:00,17,9,424,33,0,19.9,9.9,0.0,0,0,0,0,0,1,0,1,0
2023-09-05 17:00:00,17,18,1964,8,0,19.9,9.9,0.0,0,0,0,0,0,1,0,1,0
2023-09-05 15:00:00,17,16,2518,6,0,19.9,9.9,0.0,0,0,0,0,0,1,0,1,0
2023-09-05 18:00:00,14,19,1122,4,0,19.9,9.9,0.0,0,0,0,0,0,1,0,1,0
2023-09-06 10:00:00,9,11,1937,18,0,22.4,14.0,0.0,0,0,0,0,0,0,1,1,0
2023-09-06 11:00:00,9,12,2414,14,0,22.4,14.0,0.0,0,0,0,0,0,0,1,1,0
2023-09-06 19:00:00,9,20,272,4,0,22.4,14.0,0.0,0,0,0,0,0,0,1,1,0
2023-09-05 13:00:00,10,14,2580,21,0,19.9,9.9,0.0,0,0,0,0,0,1,0,1,0
2023-09-06 15:00:00,22,16,2110,7,0,22.4,14.0,0.0,0,0,0,0,0,0,1,1,0
2023-09-05 19:00:00,9,20,605,67,0,19.9,9.9,0.0,0,0,0,0,0,1,0,1,0
2023-09-06 17:00:00,19,18,1254,8,0,22.4,14.0,0.0,0,0,0,0,0,0,1,1,0
2023-09-06 12:00:00,17,13,2622,15,0,22.4,14.0,0.0,0,0,0,0,0,0,1,1,0
2023-09-06 09:00:00,10,10,1274,36,0,22.4,14.0,0.0,0,0,0,0,0,0,1,1,0
2023-09-06 14:00:00,10,15,2392,21,0,22.4,14.0,0.0,0,0,0,0,0,0,1,1,0
2023-09-06 13:00:00,10,14,2771,12,0,22.4,14.0,0.0,0,0,0,0,0,0,1,1,0
2023-09-06 08:00:00,10,9,757,7,0,22.4,14.0,0.0,0,0,0,0,0,0,1,1,0
2023-09-05 12:00:00,9,13,1720,20,0,19.9,9.9,0.0,0,0,0,0,0,1,0,1,0
2023-09-06 07:00:00,6,8,221,19,0,22.4,14.0,0.0,0,0,0,0,0,0,1,1,0
2023-09-05 20:00:00,8,21,473,66,0,19.9,9.9,0.0,0,0,0,0,0,1,0,1,0
2023-09-05 07:00:00,8,8,162,57,0,19.9,9.9,0.0,0,0,0,0,0,1,0,1,0
2023-09-07 12:00:00,33,13,2564,18,0,25.0,12.0,0.0,0,0,0,0,1,0,0,1,0
2023-09-06 18:00:00,5,19,481,0,0,22.4,14.0,0.0,0,0,0,0,0,0,1,1,0
2023-09-06 06:00:00,4,7,102,42,0,22.4,14.0,0.0,0,0,0,0,0,0,1,1,0
2023-09-06 22:00:00,4,23,243,34,0,22.4,14.0,0.0,0,0,0,0,0,0,1,1,0
2023-09-06 21:00:00,3,22,366,43,0,22.4,14.0,0.0,0,0,0,0,0,0,1,1,0
2023-09-05 21:00:00,5,22,470,65,0,19.9,9.9,0.0,0,0,0,0,0,1,0,1,0
2023-09-07 16:00:00,8,17,2058,8,0,25.0,12.0,0.0,0,0,0,0,1,0,0,1,0
2023-09-07 08:00:00,8,9,540,7,0,25.0,12.0,0.0,0,0,0,0,1,0,0,1,0
2023-09-07 06:00:00,2,7,81,13,0,25.0,12.0,0.0,0,0,0,0,1,0,0,1,0
2023-09-07 11:00:00,23,12,1887,15,0,25.0,12.0,0.0,0,0,0,0,1,0,0,1,0
2023-09-07 17:00:00,23,18,1438,10,0,25.0,12.0,0.0,0,0,0,0,1,0,0,1,0
2023-09-08 17:00:00,7,18,1620,11,0,24.7,13.5,0.0,1,0,0,0,0,0,0,1,0
2023-09-07 22:00:00,2,23,164,2,0,25.0,12.0,0.0,0,0,0,0,1,0,0,1,0
2023-09-07 10:00:00,20,11,1583,20,0,25.0,12.0,0.0,0,0,0,0,1,0,0,1,0
2023-09-07 14:00:00,20,15,2352,11,0,25.0,12.0,0.0,0,0,0,0,1,0,0,1,0
2023-09-07 09:00:00,16,10,1228,14,0,25.0,12.0,0.0,0,0,0,0,1,0,0,1,0
2023-09-07 19:00:00,14,20,392,9,0,25.0,12.0,0.0,0,0,0,0,1,0,0,1,0
2023-09-07 15:00:00,13,16,2241,7,0,25.0,12.0,0.0,0,0,0,0,1,0,0,1,0
2023-09-07 13:00:00,12,14,2565,7,0,25.0,12.0,0.0,0,0,0,0,1,0,0,1,0
2023-09-07 18:00:00,9,19,503,4,0,25.0,12.0,0.0,0,0,0,0,1,0,0,1,0
2023-09-08 02:00:00,1,3,25,1,0,24.7,13.5,0.0,1,0,0,0,0,0,0,1,0
2023-09-09 16:00:00,21,17,1897,3,0,22.7,5.5,0.0,0,0,1,0,0,0,0,1,0
2023-09-09 17:00:00,17,18,1579,15,0,22.7,5.5,0.0,0,0,1,0,0,0,0,1,0
2023-09-09 12:00:00,15,13,2658,18,0,22.7,5.5,0.0,0,0,1,0,0,0,0,1,0
2023-09-08 20:00:00,4,21,558,59,0,24.7,13.5,0.0,1,0,0,0,0,0,0,1,0
2023-09-08 07:00:00,4,8,191,14,0,24.7,13.5,0.0,1,0,0,0,0,0,0,1,0
2023-09-08 06:00:00,2,7,60,2,0,24.7,13.5,0.0,1,0,0,0,0,0,0,1,0
2023-09-07 23:00:00,1,0,79,2,0,25.0,12.0,0.0,0,0,0,0,1,0,0,1,0
2023-09-08 18:00:00,16,19,966,62,0,24.7,13.5,0.0,1,0,0,0,0,0,0,1,0
2023-09-08 23:00:00,0,0,101,9,0,24.7,13.5,0.0,1,0,0,0,0,0,0,1,0
2023-09-08 01:00:00,0,2,66,5,0,24.7,13.5,0.0,1,0,0,0,0,0,0,1,0
2023-09-08 03:00:00,0,4,11,2,0,24.7,13.5,0.0,1,0,0,0,0,0,0,1,0
2023-09-08 05:00:00,0,6,45,1,0,24.7,13.5,0.0,1,0,0,0,0,0,0,1,0
2023-09-08 04:00:00,0,5,13,1,0,24.7,13.5,0.0,1,0,0,0,0,0,0,1,0
2023-09-08 00:00:00,0,1,41,0,0,24.7,13.5,0.0,1,0,0,0,0,0,0,1,0
2023-09-08 10:00:00,16,11,3194,11,0,24.7,13.5,0.0,1,0,0,0,0,0,0,1,0
2023-09-08 16:00:00,16,17,2237,11,0,24.7,13.5,0.0,1,0,0,0,0,0,0,1,0
2023-09-08 22:00:00,13,23,274,70,0,24.7,13.5,0.0,1,0,0,0,0,0,0,1,0
2023-09-08 08:00:00,13,9,697,20,0,24.7,13.5,0.0,1,0,0,0,0,0,0,1,0
2023-09-08 19:00:00,12,20,641,87,0,24.7,13.5,0.0,1,0,0,0,0,0,0,1,0
2023-09-08 21:00:00,10,22,381,84,0,24.7,13.5,0.0,1,0,0,0,0,0,0,1,0
2023-09-08 09:00:00,10,10,1967,28,0,24.7,13.5,0.0,1,0,0,0,0,0,0,1,0
2023-09-08 12:00:00,27,13,4111,15,0,24.7,13.5,0.0,1,0,0,0,0,0,0,1,0
2023-09-07 00:00:00,0,1,56,23,0,25.0,12.0,0.0,0,0,0,0,1,0,0,1,0
2023-09-08 11:00:00,23,12,3753,15,0,24.7,13.5,0.0,1,0,0,0,0,0,0,1,0
2023-09-07 07:00:00,4,8,194,21,0,25.0,12.0,0.0,0,0,0,0,1,0,0,1,0
2023-09-07 01:00:00,0,2,16,23,0,25.0,12.0,0.0,0,0,0,0,1,0,0,1,0
2023-09-07 02:00:00,0,3,13,19,0,25.0,12.0,0.0,0,0,0,0,1,0,0,1,0
2023-09-07 03:00:00,0,4,5,9,0,25.0,12.0,0.0,0,0,0,0,1,0,0,1,0
2023-09-07 05:00:00,0,6,33,5,0,25.0,12.0,0.0,0,0,0,0,1,0,0,1,0
2023-09-07 04:00:00,0,5,12,5,0,25.0,12.0,0.0,0,0,0,0,1,0,0,1,0
2023-09-08 13:00:00,22,14,3698,17,0,24.7,13.5,0.0,1,0,0,0,0,0,0,1,0
2023-09-07 21:00:00,4,22,185,11,0,25.0,12.0,0.0,0,0,0,0,1,0,0,1,0
2023-09-08 15:00:00,20,16,2597,6,0,24.7,13.5,0.0,1,0,0,0,0,0,0,1,0
2023-09-08 14:00:00,18,15,3245,7,0,24.7,13.5,0.0,1,0,0,0,0,0,0,1,0
2023-09-07 20:00:00,3,21,241,2,0,25.0,12.0,0.0,0,0,0,0,1,0,0,1,0
2023-09-09 21:00:00,6,22,249,10,0,22.7,5.5,0.0,0,0,1,0,0,0,0,1,0
2023-09-09 20:00:00,2,21,332,12,0,22.7,5.5,0.0,0,0,1,0,0,0,0,1,0
2023-09-09 14:00:00,12,15,3604,15,0,22.7,5.5,0.0,0,0,1,0,0,0,0,1,0
2023-09-09 10:00:00,12,11,2400,13,0,22.7,5.5,0.0,0,0,1,0,0,0,0,1,0
2023-09-09 13:00:00,12,14,3369,11,0,22.7,5.5,0.0,0,0,1,0,0,0,0,1,0
2023-09-09 18:00:00,12,19,615,10,0,22.7,5.5,0.0,0,0,1,0,0,0,0,1,0
2023-09-09 11:00:00,11,12,2668,30,0,22.7,5.5,0.0,0,0,1,0,0,0,0,1,0
2023-09-09 15:00:00,10,16,2440,18,0,22.7,5.5,0.0,0,0,1,0,0,0,0,1,0
2023-09-09 09:00:00,9,10,1693,16,0,22.7,5.5,0.0,0,0,1,0,0,0,0,1,0
2023-09-09 08:00:00,8,9,680,11,0,22.7,5.5,0.0,0,0,1,0,0,0,0,1,0
2023-09-09 19:00:00,6,20,404,8,0,22.7,5.5,0.0,0,0,1,0,0,0,0,1,0
2023-09-09 23:00:00,2,0,163,11,0,22.7,5.5,0.0,0,0,1,0,0,0,0,1,0
2023-09-09 22:00:00,3,23,205,6,0,22.7,5.5,0.0,0,0,1,0,0,0,0,1,0
2023-09-09 06:00:00,3,7,52,1,0,22.7,5.5,0.0,0,0,1,0,0,0,0,1,0
2023-09-09 02:00:00,2,3,78,3,0,22.7,5.5,0.0,0,0,1,0,0,0,0,1,0
2023-09-11 14:00:00,28,15,1928,17,0,17.4,12.5,0.0,0,1,0,0,0,0,0,1,0
2023-09-11 16:00:00,26,17,1799,7,0,17.4,12.5,0.0,0,1,0,0,0,0,0,1,0
2023-09-11 10:00:00,25,11,2307,12,0,17.4,12.5,0.0,0,1,0,0,0,0,0,1,0
2023-09-11 11:00:00,22,12,2268,8,0,17.4,12.5,0.0,0,1,0,0,0,0,0,1,0
2023-09-11 08:00:00,15,9,824,14,0,17.4,12.5,0.0,0,1,0,0,0,0,0,1,0
2023-09-11 17:00:00,14,18,2095,1,0,17.4,12.5,0.0,0,1,0,0,0,0,0,1,0
2023-09-11 09:00:00,11,10,1154,17,0,17.4,12.5,0.0,0,1,0,0,0,0,0,1,0
2023-09-09 07:00:00,1,8,146,6,0,22.7,5.5,0.0,0,0,1,0,0,0,0,1,0
2023-09-09 05:00:00,1,6,34,5,0,22.7,5.5,0.0,0,0,1,0,0,0,0,1,0
2023-09-09 04:00:00,1,5,17,3,0,22.7,5.5,0.0,0,0,1,0,0,0,0,1,0
2023-09-09 03:00:00,0,4,78,7,0,22.7,5.5,0.0,0,0,1,0,0,0,0,1,0
2023-09-09 00:00:00,0,1,131,5,0,22.7,5.5,0.0,0,0,1,0,0,0,0,1,0
2023-09-09 01:00:00,0,2,118,5,0,22.7,5.5,0.0,0,0,1,0,0,0,0,1,0
2023-09-10 22:00:00,0,23,154,47,0,20.5,5.5,21.4,0,0,0,1,0,0,0,1,0
2023-09-10 12:00:00,8,13,1909,15,0,20.5,5.5,21.4,0,0,0,1,0,0,0,1,0
2023-09-10 21:00:00,0,22,240,39,0,20.5,5.5,21.4,0,0,0,1,0,0,0,1,0
2023-09-10 23:00:00,0,0,67,5,0,20.5,5.5,21.4,0,0,0,1,0,0,0,1,0
2023-09-10 04:00:00,0,5,17,2,0,20.5,5.5,21.4,0,0,0,1,0,0,0,1,0
2023-09-10 05:00:00,0,6,14,1,0,20.5,5.5,21.4,0,0,0,1,0,0,0,1,0
2023-09-11 13:00:00,34,14,2666,13,0,17.4,12.5,0.0,0,1,0,0,0,0,0,1,0
2023-09-11 15:00:00,33,16,1849,26,0,17.4,12.5,0.0,0,1,0,0,0,0,0,1,0
2023-09-11 12:00:00,31,13,2264,19,0,17.4,12.5,0.0,0,1,0,0,0,0,0,1,0
2023-09-10 09:00:00,8,10,300,3,0,20.5,5.5,21.4,0,0,0,1,0,0,0,1,0
2023-09-10 07:00:00,3,8,31,13,0,20.5,5.5,21.4,0,0,0,1,0,0,0,1,0
2023-09-10 03:00:00,3,4,107,12,0,20.5,5.5,21.4,0,0,0,1,0,0,0,1,0
2023-09-10 14:00:00,21,15,2448,8,0,20.5,5.5,21.4,0,0,0,1,0,0,0,1,0
2023-09-10 16:00:00,20,17,945,6,0,20.5,5.5,21.4,0,0,0,1,0,0,0,1,0
2023-09-10 11:00:00,20,12,1273,5,0,20.5,5.5,21.4,0,0,0,1,0,0,0,1,0
2023-09-10 13:00:00,15,14,2875,16,0,20.5,5.5,21.4,0,0,0,1,0,0,0,1,0
2023-09-10 15:00:00,14,16,1886,7,0,20.5,5.5,21.4,0,0,0,1,0,0,0,1,0
2023-09-10 10:00:00,11,11,735,18,0,20.5,5.5,21.4,0,0,0,1,0,0,0,1,0
2023-09-10 02:00:00,3,3,175,5,0,20.5,5.5,21.4,0,0,0,1,0,0,0,1,0
2023-09-10 18:00:00,7,19,400,65,0,20.5,5.5,21.4,0,0,0,1,0,0,0,1,0
2023-09-10 19:00:00,4,20,247,50,0,20.5,5.5,21.4,0,0,0,1,0,0,0,1,0
2023-09-10 08:00:00,4,9,93,12,0,20.5,5.5,21.4,0,0,0,1,0,0,0,1,0
2023-09-10 20:00:00,2,21,237,31,0,20.5,5.5,21.4,0,0,0,1,0,0,0,1,0
2023-09-10 01:00:00,2,2,161,10,0,20.5,5.5,21.4,0,0,0,1,0,0,0,1,0
2023-09-10 06:00:00,2,7,40,2,0,20.5,5.5,21.4,0,0,0,1,0,0,0,1,0
2023-09-10 17:00:00,2,18,252,0,0,20.5,5.5,21.4,0,0,0,1,0,0,0,1,0
2023-09-10 00:00:00,1,1,216,4,0,20.5,5.5,21.4,0,0,0,1,0,0,0,1,0
2023-09-11 18:00:00,8,19,873,1,0,17.4,12.5,0.0,0,1,0,0,0,0,0,1,0
2023-09-11 19:00:00,4,20,710,1,0,17.4,12.5,0.0,0,1,0,0,0,0,0,1,0
2023-09-11 21:00:00,4,22,391,1,0,17.4,12.5,0.0,0,1,0,0,0,0,0,1,0
2023-09-11 07:00:00,3,8,281,12,0,17.4,12.5,0.0,0,1,0,0,0,0,0,1,0
2023-09-11 20:00:00,2,21,580,0,0,17.4,12.5,0.0,0,1,0,0,0,0,0,1,0
2023-09-11 06:00:00,1,7,67,5,0,17.4,12.5,0.0,0,1,0,0,0,0,0,1,0
2023-09-11 22:00:00,1,23,238,0,0,17.4,12.5,0.0,0,1,0,0,0,0,0,1,0
2023-09-11 02:00:00,0,3,21,4,0,17.4,12.5,0.0,0,1,0,0,0,0,0,1,0
2023-09-11 05:00:00,0,6,41,3,0,17.4,12.5,0.0,0,1,0,0,0,0,0,1,0
2023-09-11 00:00:00,0,1,60,2,0,17.4,12.5,0.0,0,1,0,0,0,0,0,1,0
2023-09-11 01:00:00,0,2,9,2,0,17.4,12.5,0.0,0,1,0,0,0,0,0,1,0
2023-09-11 03:00:00,0,4,9,2,0,17.4,12.5,0.0,0,1,0,0,0,0,0,1,0
2023-09-11 23:00:00,0,0,76,1,0,17.4,12.5,0.0,0,1,0,0,0,0,0,1,0
2023-09-11 04:00:00,0,5,5,1,0,17.4,12.5,0.0,0,1,0,0,0,0,0,1,0
2023-09-12 14:00:00,35,15,2423,19,0,15.6,8.2,0.0,0,0,0,0,0,1,0,1,0
2023-09-12 13:00:00,26,14,2949,13,0,15.6,8.2,0.0,0,0,0,0,0,1,0,1,0
2023-09-12 04:00:00,0,5,5,0,0,15.6,8.2,0.0,0,0,0,0,0,1,0,1,0
2023-09-12 19:00:00,10,20,358,7,0,15.6,8.2,0.0,0,0,0,0,0,1,0,1,0
2023-09-13 11:00:00,20,12,2572,12,0,18.3,5.5,1.8,0,0,0,0,0,0,1,1,0
2023-09-12 06:00:00,7,7,78,7,0,15.6,8.2,0.0,0,0,0,0,0,1,0,1,0
2023-09-12 07:00:00,6,8,221,16,0,15.6,8.2,0.0,0,0,0,0,0,1,0,1,0
2023-09-12 20:00:00,5,21,723,6,0,15.6,8.2,0.0,0,0,0,0,0,1,0,1,0
2023-09-12 18:00:00,4,19,427,14,0,15.6,8.2,0.0,0,0,0,0,0,1,0,1,0
2023-09-13 15:00:00,17,16,2414,3,0,18.3,5.5,1.8,0,0,0,0,0,0,1,1,0
2023-09-13 14:00:00,13,15,2593,13,0,18.3,5.5,1.8,0,0,0,0,0,0,1,1,0
2023-09-13 09:00:00,10,10,1176,15,0,18.3,5.5,1.8,0,0,0,0,0,0,1,1,0
2023-09-13 10:00:00,9,11,1829,21,0,18.3,5.5,1.8,0,0,0,0,0,0,1,1,0
2023-09-13 16:00:00,8,17,2472,26,0,18.3,5.5,1.8,0,0,0,0,0,0,1,1,0
2023-09-13 17:00:00,8,18,1211,6,0,18.3,5.5,1.8,0,0,0,0,0,0,1,1,0
2023-09-13 08:00:00,7,9,651,6,0,18.3,5.5,1.8,0,0,0,0,0,0,1,1,0
2023-09-13 21:00:00,7,22,216,6,0,18.3,5.5,1.8,0,0,0,0,0,0,1,1,0
2023-09-12 16:00:00,19,17,2020,17,0,15.6,8.2,0.0,0,0,0,0,0,1,0,1,0
2023-09-12 15:00:00,19,16,2278,10,0,15.6,8.2,0.0,0,0,0,0,0,1,0,1,0
2023-09-12 12:00:00,18,13,3067,9,0,15.6,8.2,0.0,0,0,0,0,0,1,0,1,0
2023-09-12 10:00:00,16,11,2114,25,0,15.6,8.2,0.0,0,0,0,0,0,1,0,1,0
2023-09-12 09:00:00,16,10,1561,23,0,15.6,8.2,0.0,0,0,0,0,0,1,0,1,0
2023-09-12 08:00:00,14,9,770,15,0,15.6,8.2,0.0,0,0,0,0,0,1,0,1,0
2023-09-12 11:00:00,14,12,2349,10,0,15.6,8.2,0.0,0,0,0,0,0,1,0,1,0
2023-09-12 17:00:00,14,18,1234,9,0,15.6,8.2,0.0,0,0,0,0,0,1,0,1,0
2023-09-12 21:00:00,1,22,420,4,0,15.6,8.2,0.0,0,0,0,0,0,1,0,1,0
2023-09-12 22:00:00,1,23,236,3,0,15.6,8.2,0.0,0,0,0,0,0,1,0,1,0
2023-09-12 05:00:00,1,6,31,2,0,15.6,8.2,0.0,0,0,0,0,0,1,0,1,0
2023-09-12 00:00:00,1,1,49,1,0,15.6,8.2,0.0,0,0,0,0,0,1,0,1,0
2023-09-12 01:00:00,0,2,18,4,0,15.6,8.2,0.0,0,0,0,0,0,1,0,1,0
2023-09-12 03:00:00,0,4,4,3,0,15.6,8.2,0.0,0,0,0,0,0,1,0,1,0
2023-09-12 23:00:00,0,0,46,2,0,15.6,8.2,0.0,0,0,0,0,0,1,0,1,0
2023-09-12 02:00:00,0,3,18,2,0,15.6,8.2,0.0,0,0,0,0,0,1,0,1,0
2023-09-13 12:00:00,26,13,2984,12,0,18.3,5.5,1.8,0,0,0,0,0,0,1,1,0
2023-09-14 12:00:00,19,13,3056,16,0,14.5,10.6,0.0,0,0,0,0,1,0,0,1,0
2023-09-13 13:00:00,6,14,2786,17,0,18.3,5.5,1.8,0,0,0,0,0,0,1,1,0
2023-09-14 01:00:00,1,2,29,10,0,14.5,10.6,0.0,0,0,0,0,1,0,0,1,0
2023-09-14 13:00:00,17,14,3197,11,0,14.5,10.6,0.0,0,0,0,0,1,0,0,1,0
2023-09-14 20:00:00,1,21,242,8,0,14.5,10.6,0.0,0,0,0,0,1,0,0,1,0
2023-09-14 06:00:00,1,7,52,4,0,14.5,10.6,0.0,0,0,0,0,1,0,0,1,0
2023-09-15 17:00:00,14,18,1322,17,0,15.5,9.8,13.2,1,0,0,0,0,0,0,1,0
2023-09-14 10:00:00,14,11,2095,11,0,14.5,10.6,0.0,0,0,0,0,1,0,0,1,0
2023-09-14 11:00:00,12,12,2525,9,0,14.5,10.6,0.0,0,0,0,0,1,0,0,1,0
2023-09-14 18:00:00,11,19,592,22,0,14.5,10.6,0.0,0,0,0,0,1,0,0,1,0
2023-09-14 16:00:00,9,17,2215,25,0,14.5,10.6,0.0,0,0,0,0,1,0,0,1,0
2023-09-14 15:00:00,9,16,2497,10,0,14.5,10.6,0.0,0,0,0,0,1,0,0,1,0
2023-09-14 09:00:00,8,10,1454,9,0,14.5,10.6,0.0,0,0,0,0,1,0,0,1,0
2023-09-14 19:00:00,7,20,420,21,0,14.5,10.6,0.0,0,0,0,0,1,0,0,1,0
2023-09-14 08:00:00,7,9,748,10,0,14.5,10.6,0.0,0,0,0,0,1,0,0,1,0
2023-09-13 07:00:00,1,8,215,11,0,18.3,5.5,1.8,0,0,0,0,0,0,1,1,0
2023-09-15 11:00:00,13,12,2653,14,0,15.5,9.8,13.2,1,0,0,0,0,0,0,1,0
2023-09-13 06:00:00,5,7,46,5,0,18.3,5.5,1.8,0,0,0,0,0,0,1,1,0
2023-09-13 18:00:00,4,19,628,20,0,18.3,5.5,1.8,0,0,0,0,0,0,1,1,0
2023-09-13 19:00:00,4,20,311,14,0,18.3,5.5,1.8,0,0,0,0,0,0,1,1,0
2023-09-13 20:00:00,2,21,292,11,0,18.3,5.5,1.8,0,0,0,0,0,0,1,1,0
2023-09-13 00:00:00,1,1,36,1,0,18.3,5.5,1.8,0,0,0,0,0,0,1,1,0
2023-09-14 07:00:00,4,8,178,7,0,14.5,10.6,0.0,0,0,0,0,1,0,0,1,0
2023-09-14 21:00:00,3,22,238,17,0,14.5,10.6,0.0,0,0,0,0,1,0,0,1,0
2023-09-14 22:00:00,2,23,146,10,0,14.5,10.6,0.0,0,0,0,0,1,0,0,1,0
2023-09-15 16:00:00,20,17,1967,9,0,15.5,9.8,13.2,1,0,0,0,0,0,0,1,0
2023-09-15 12:00:00,18,13,3178,17,0,15.5,9.8,13.2,1,0,0,0,0,0,0,1,0
2023-09-15 14:00:00,17,15,2365,4,0,15.5,9.8,13.2,1,0,0,0,0,0,0,1,0
2023-09-15 13:00:00,16,14,2931,6,0,15.5,9.8,13.2,1,0,0,0,0,0,0,1,0
2023-09-15 08:00:00,11,9,697,16,0,15.5,9.8,13.2,1,0,0,0,0,0,0,1,0
2023-09-15 07:00:00,10,8,201,15,0,15.5,9.8,13.2,1,0,0,0,0,0,0,1,0
2023-09-15 18:00:00,9,19,389,20,0,15.5,9.8,13.2,1,0,0,0,0,0,0,1,0
2023-09-14 00:00:00,0,1,69,10,0,14.5,10.6,0.0,0,0,0,0,1,0,0,1,0
2023-09-15 10:00:00,9,11,2279,15,0,15.5,9.8,13.2,1,0,0,0,0,0,0,1,0
2023-09-15 09:00:00,6,10,1555,19,0,15.5,9.8,13.2,1,0,0,0,0,0,0,1,0
2023-09-15 15:00:00,6,16,2317,11,0,15.5,9.8,13.2,1,0,0,0,0,0,0,1,0
2023-09-14 23:00:00,0,0,79,4,0,14.5,10.6,0.0,0,0,0,0,1,0,0,1,0
2023-09-14 17:00:00,29,18,1761,6,0,14.5,10.6,0.0,0,0,0,0,1,0,0,1,0
2023-09-14 05:00:00,0,6,56,4,0,14.5,10.6,0.0,0,0,0,0,1,0,0,1,0
2023-09-14 03:00:00,0,4,7,4,0,14.5,10.6,0.0,0,0,0,0,1,0,0,1,0
2023-09-14 02:00:00,0,3,27,3,0,14.5,10.6,0.0,0,0,0,0,1,0,0,1,0
2023-09-14 04:00:00,0,5,9,1,0,14.5,10.6,0.0,0,0,0,0,1,0,0,1,0
2023-09-13 22:00:00,0,23,138,7,0,18.3,5.5,1.8,0,0,0,0,0,0,1,1,0
2023-09-13 05:00:00,0,6,22,5,0,18.3,5.5,1.8,0,0,0,0,0,0,1,1,0
2023-09-13 23:00:00,0,0,46,4,0,18.3,5.5,1.8,0,0,0,0,0,0,1,1,0
2023-09-13 03:00:00,0,4,9,3,0,18.3,5.5,1.8,0,0,0,0,0,0,1,1,0
2023-09-13 02:00:00,0,3,29,2,0,18.3,5.5,1.8,0,0,0,0,0,0,1,1,0
2023-09-13 01:00:00,0,2,18,2,0,18.3,5.5,1.8,0,0,0,0,0,0,1,1,0
2023-09-14 14:00:00,21,15,2508,19,0,14.5,10.6,0.0,0,0,0,0,1,0,0,1,0
2023-09-13 04:00:00,0,5,10,2,0,18.3,5.5,1.8,0,0,0,0,0,0,1,1,0
2023-09-17 16:00:00,6,17,1630,1,0,16.0,6.8,9.0,0,0,0,1,0,0,0,1,0
2023-09-17 17:00:00,6,18,455,0,0,16.0,6.8,9.0,0,0,0,1,0,0,0,1,0
2023-09-17 09:00:00,3,10,184,5,0,16.0,6.8,9.0,0,0,0,1,0,0,0,1,0
2023-09-16 22:00:00,0,23,408,9,0,14.9,9.2,0.0,0,0,1,0,0,0,0,1,0
2023-09-16 05:00:00,0,6,41,3,0,14.9,9.2,0.0,0,0,1,0,0,0,0,1,0
2023-09-16 23:00:00,0,0,150,2,0,14.9,9.2,0.0,0,0,1,0,0,0,0,1,0
2023-09-16 03:00:00,0,4,34,2,0,14.9,9.2,0.0,0,0,1,0,0,0,0,1,0
2023-09-16 00:00:00,0,1,99,1,0,14.9,9.2,0.0,0,0,1,0,0,0,0,1,0
2023-09-16 02:00:00,0,3,80,1,0,14.9,9.2,0.0,0,0,1,0,0,0,0,1,0
2023-09-16 01:00:00,0,2,58,1,0,14.9,9.2,0.0,0,0,1,0,0,0,0,1,0
2023-09-16 06:00:00,0,7,25,0,0,14.9,9.2,0.0,0,0,1,0,0,0,0,1,0
2023-09-16 04:00:00,0,5,8,0,0,14.9,9.2,0.0,0,0,1,0,0,0,0,1,0
2023-09-17 11:00:00,11,12,1248,21,0,16.0,6.8,9.0,0,0,0,1,0,0,0,1,0
2023-09-17 12:00:00,11,13,2068,13,0,16.0,6.8,9.0,0,0,0,1,0,0,0,1,0
2023-09-17 13:00:00,11,14,2660,7,0,16.0,6.8,9.0,0,0,0,1,0,0,0,1,0
2023-09-17 15:00:00,11,16,1956,0,0,16.0,6.8,9.0,0,0,0,1,0,0,0,1,0
2023-09-17 14:00:00,10,15,2470,20,0,16.0,6.8,9.0,0,0,0,1,0,0,0,1,0
2023-09-17 10:00:00,10,11,662,12,0,16.0,6.8,9.0,0,0,0,1,0,0,0,1,0
2023-09-16 14:00:00,17,15,3205,9,0,14.9,9.2,0.0,0,0,1,0,0,0,0,1,0
2023-09-16 16:00:00,17,17,2545,7,0,14.9,9.2,0.0,0,0,1,0,0,0,0,1,0
2023-09-16 11:00:00,14,12,2312,6,0,14.9,9.2,0.0,0,0,1,0,0,0,0,1,0
2023-09-16 10:00:00,13,11,1814,23,0,14.9,9.2,0.0,0,0,1,0,0,0,0,1,0
2023-09-16 15:00:00,8,16,2766,4,0,14.9,9.2,0.0,0,0,1,0,0,0,0,1,0
2023-09-16 17:00:00,8,18,1590,4,0,14.9,9.2,0.0,0,0,1,0,0,0,0,1,0
2023-09-15 20:00:00,3,21,208,6,0,15.5,9.8,13.2,1,0,0,0,0,0,0,1,0
2023-09-16 13:00:00,7,14,2989,10,0,14.9,9.2,0.0,0,0,1,0,0,0,0,1,0
2023-09-15 02:00:00,0,3,33,6,0,15.5,9.8,13.2,1,0,0,0,0,0,0,1,0
2023-09-15 19:00:00,0,20,260,5,0,15.5,9.8,13.2,1,0,0,0,0,0,0,1,0
2023-09-15 04:00:00,0,5,10,5,0,15.5,9.8,13.2,1,0,0,0,0,0,0,1,0
2023-09-15 01:00:00,0,2,35,3,0,15.5,9.8,13.2,1,0,0,0,0,0,0,1,0
2023-09-15 05:00:00,0,6,22,3,0,15.5,9.8,13.2,1,0,0,0,0,0,0,1,0
2023-09-15 03:00:00,0,4,23,2,0,15.5,9.8,13.2,1,0,0,0,0,0,0,1,0
2023-09-15 23:00:00,0,0,79,0,0,15.5,9.8,13.2,1,0,0,0,0,0,0,1,0
2023-09-16 12:00:00,32,13,2491,6,0,14.9,9.2,0.0,0,0,1,0,0,0,0,1,0
2023-09-15 06:00:00,2,7,65,8,0,15.5,9.8,13.2,1,0,0,0,0,0,0,1,0
2023-09-15 21:00:00,2,22,234,7,0,15.5,9.8,13.2,1,0,0,0,0,0,0,1,0
2023-09-15 22:00:00,2,23,173,7,0,15.5,9.8,13.2,1,0,0,0,0,0,0,1,0
2023-09-15 00:00:00,1,1,47,3,0,15.5,9.8,13.2,1,0,0,0,0,0,0,1,0
2023-09-16 08:00:00,6,9,616,17,0,14.9,9.2,0.0,0,0,1,0,0,0,0,1,0
2023-09-16 18:00:00,5,19,529,5,0,14.9,9.2,0.0,0,0,1,0,0,0,0,1,0
2023-09-16 09:00:00,4,10,1331,37,0,14.9,9.2,0.0,0,0,1,0,0,0,0,1,0
2023-09-16 19:00:00,4,20,442,9,0,14.9,9.2,0.0,0,0,1,0,0,0,0,1,0
2023-09-16 21:00:00,1,22,426,6,0,14.9,9.2,0.0,0,0,1,0,0,0,0,1,0
2023-09-16 20:00:00,1,21,641,5,0,14.9,9.2,0.0,0,0,1,0,0,0,0,1,0
2023-09-16 07:00:00,1,8,124,3,0,14.9,9.2,0.0,0,0,1,0,0,0,0,1,0
2023-09-19 00:00:00,1,1,26,1,0,19.3,6.9,4.7,0,0,0,0,0,1,0,1,0
2023-09-19 20:00:00,1,21,121,0,0,19.3,6.9,4.7,0,0,0,0,0,1,0,1,0
2023-09-18 02:00:00,0,3,7,1,0,11.2,11.0,1.9,0,1,0,0,0,0,0,1,0
2023-09-18 23:00:00,0,0,29,0,0,11.2,11.0,1.9,0,1,0,0,0,0,0,1,0
2023-09-19 15:00:00,13,16,2094,14,0,19.3,6.9,4.7,0,0,0,0,0,1,0,1,0
2023-09-18 00:00:00,0,1,22,0,0,11.2,11.0,1.9,0,1,0,0,0,0,0,1,0
2023-09-19 16:00:00,13,17,1875,13,0,19.3,6.9,4.7,0,0,0,0,0,1,0,1,0
2023-09-18 03:00:00,0,4,8,0,0,11.2,11.0,1.9,0,1,0,0,0,0,0,1,0
2023-09-18 04:00:00,0,5,5,0,0,11.2,11.0,1.9,0,1,0,0,0,0,0,1,0
2023-09-19 10:00:00,11,11,1641,16,0,19.3,6.9,4.7,0,0,0,0,0,1,0,1,0
2023-09-19 11:00:00,11,12,2255,7,0,19.3,6.9,4.7,0,0,0,0,0,1,0,1,0
2023-09-19 13:00:00,9,14,2656,13,0,19.3,6.9,4.7,0,0,0,0,0,1,0,1,0
2023-09-19 08:00:00,8,9,623,12,0,19.3,6.9,4.7,0,0,0,0,0,1,0,1,0
2023-09-19 09:00:00,7,10,1230,22,0,19.3,6.9,4.7,0,0,0,0,0,1,0,1,0
2023-09-19 17:00:00,5,18,1186,20,0,19.3,6.9,4.7,0,0,0,0,0,1,0,1,0
2023-09-19 07:00:00,5,8,187,8,0,19.3,6.9,4.7,0,0,0,0,0,1,0,1,0
2023-09-19 18:00:00,3,19,431,3,0,19.3,6.9,4.7,0,0,0,0,0,1,0,1,0
2023-09-17 20:00:00,2,21,192,10,0,16.0,6.8,9.0,0,0,0,1,0,0,0,1,0
2023-09-17 18:00:00,2,19,290,0,0,16.0,6.8,9.0,0,0,0,1,0,0,0,1,0
2023-09-18 12:00:00,17,13,1835,19,0,11.2,11.0,1.9,0,1,0,0,0,0,0,1,0
2023-09-18 11:00:00,7,12,1133,6,0,11.2,11.0,1.9,0,1,0,0,0,0,0,1,0
2023-09-18 15:00:00,15,16,2406,13,0,11.2,11.0,1.9,0,1,0,0,0,0,0,1,0
2023-09-18 13:00:00,14,14,2822,3,0,11.2,11.0,1.9,0,1,0,0,0,0,0,1,0
2023-09-18 17:00:00,11,18,1993,9,0,11.2,11.0,1.9,0,1,0,0,0,0,0,1,0
2023-09-18 09:00:00,10,10,1225,41,0,11.2,11.0,1.9,0,1,0,0,0,0,0,1,0
2023-09-18 10:00:00,8,11,1810,15,0,11.2,11.0,1.9,0,1,0,0,0,0,0,1,0
2023-09-17 07:00:00,0,8,61,6,0,16.0,6.8,9.0,0,0,0,1,0,0,0,1,0
2023-09-17 02:00:00,0,3,127,3,0,16.0,6.8,9.0,0,0,0,1,0,0,0,1,0
2023-09-18 07:00:00,1,8,211,19,0,11.2,11.0,1.9,0,1,0,0,0,0,0,1,0
2023-09-19 12:00:00,20,13,2586,12,0,19.3,6.9,4.7,0,0,0,0,0,1,0,1,0
2023-09-19 14:00:00,14,15,2070,9,0,19.3,6.9,4.7,0,0,0,0,0,1,0,1,0
2023-09-17 01:00:00,0,2,105,2,0,16.0,6.8,9.0,0,0,0,1,0,0,0,1,0
2023-09-18 14:00:00,6,15,2393,27,0,11.2,11.0,1.9,0,1,0,0,0,0,0,1,0
2023-09-17 00:00:00,0,1,160,0,0,16.0,6.8,9.0,0,0,0,1,0,0,0,1,0
2023-09-18 06:00:00,1,7,61,1,0,11.2,11.0,1.9,0,1,0,0,0,0,0,1,0
2023-09-18 01:00:00,1,2,19,0,0,11.2,11.0,1.9,0,1,0,0,0,0,0,1,0
2023-09-17 06:00:00,0,7,40,0,0,16.0,6.8,9.0,0,0,0,1,0,0,0,1,0
2023-09-17 03:00:00,0,4,38,0,0,16.0,6.8,9.0,0,0,0,1,0,0,0,1,0
2023-09-17 23:00:00,0,0,32,0,0,16.0,6.8,9.0,0,0,0,1,0,0,0,1,0
2023-09-17 04:00:00,0,5,10,0,0,16.0,6.8,9.0,0,0,0,1,0,0,0,1,0
2023-09-17 05:00:00,0,6,9,0,0,16.0,6.8,9.0,0,0,0,1,0,0,0,1,0
2023-09-17 21:00:00,1,22,181,9,0,16.0,6.8,9.0,0,0,0,1,0,0,0,1,0
2023-09-17 19:00:00,1,20,206,1,0,16.0,6.8,9.0,0,0,0,1,0,0,0,1,0
2023-09-17 22:00:00,1,23,131,1,0,16.0,6.8,9.0,0,0,0,1,0,0,0,1,0
2023-09-17 08:00:00,1,9,83,1,0,16.0,6.8,9.0,0,0,0,1,0,0,0,1,0
2023-09-18 19:00:00,4,20,676,0,0,11.2,11.0,1.9,0,1,0,0,0,0,0,1,0
2023-09-18 16:00:00,29,17,2651,16,0,11.2,11.0,1.9,0,1,0,0,0,0,0,1,0
2023-09-18 18:00:00,2,19,840,4,0,11.2,11.0,1.9,0,1,0,0,0,0,0,1,0
2023-09-18 08:00:00,19,9,616,18,0,11.2,11.0,1.9,0,1,0,0,0,0,0,1,0
2023-09-18 05:00:00,0,6,22,3,0,11.2,11.0,1.9,0,1,0,0,0,0,0,1,0
2023-09-18 20:00:00,0,21,366,2,0,11.2,11.0,1.9,0,1,0,0,0,0,0,1,0
2023-09-18 21:00:00,0,22,262,1,0,11.2,11.0,1.9,0,1,0,0,0,0,0,1,0
2023-09-18 22:00:00,0,23,106,1,0,11.2,11.0,1.9,0,1,0,0,0,0,0,1,0
2023-09-19 21:00:00,0,22,89,8,0,19.3,6.9,4.7,0,0,0,0,0,1,0,1,0
2023-09-19 06:00:00,0,7,46,5,0,19.3,6.9,4.7,0,0,0,0,0,1,0,1,0
2023-09-19 01:00:00,0,2,12,4,0,19.3,6.9,4.7,0,0,0,0,0,1,0,1,0
2023-09-19 02:00:00,0,3,11,4,0,19.3,6.9,4.7,0,0,0,0,0,1,0,1,0
2023-09-19 19:00:00,0,20,198,3,0,19.3,6.9,4.7,0,0,0,0,0,1,0,1,0
2023-09-19 22:00:00,0,23,45,3,0,19.3,6.9,4.7,0,0,0,0,0,1,0,1,0
2023-09-19 05:00:00,0,6,37,1,0,19.3,6.9,4.7,0,0,0,0,0,1,0,1,0
2023-09-19 23:00:00,0,0,30,0,0,19.3,6.9,4.7,0,0,0,0,0,1,0,1,0
2023-09-19 04:00:00,0,5,9,0,0,19.3,6.9,4.7,0,0,0,0,0,1,0,1,0
2023-09-19 03:00:00,0,4,6,0,0,19.3,6.9,4.7,0,0,0,0,0,1,0,1,0
2023-09-20 17:00:00,11,18,1382,18,0,15.9,9.4,0.2,0,0,0,0,0,0,1,1,0
2023-09-20 12:00:00,29,13,3186,14,0,15.9,9.4,0.2,0,0,0,0,0,0,1,1,0
2023-09-20 15:00:00,20,16,2252,13,0,15.9,9.4,0.2,0,0,0,0,0,0,1,1,0
2023-09-20 14:00:00,19,15,2636,10,0,15.9,9.4,0.2,0,0,0,0,0,0,1,1,0
2023-09-20 11:00:00,17,12,2496,17,0,15.9,9.4,0.2,0,0,0,0,0,0,1,1,0
2023-09-20 16:00:00,16,17,1935,11,0,15.9,9.4,0.2,0,0,0,0,0,0,1,1,0
2023-09-21 11:00:00,13,12,3278,17,0,15.4,9.2,0.0,0,0,0,0,1,0,0,1,0
2023-09-20 08:00:00,11,9,646,9,0,15.9,9.4,0.2,0,0,0,0,0,0,1,1,0
2023-09-21 16:00:00,13,17,2624,9,0,15.4,9.2,0.0,0,0,0,0,1,0,0,1,0
2023-09-21 12:00:00,19,13,3884,17,0,15.4,9.2,0.0,0,0,0,0,1,0,0,1,0
2023-09-21 17:00:00,16,18,2099,19,0,15.4,9.2,0.0,0,0,0,0,1,0,0,1,0
2023-09-21 07:00:00,5,8,297,15,0,15.4,9.2,0.0,0,0,0,0,1,0,0,1,0
2023-09-21 22:00:00,4,23,108,8,0,15.4,9.2,0.0,0,0,0,0,1,0,0,1,0
2023-09-21 14:00:00,11,15,2885,8,0,15.4,9.2,0.0,0,0,0,0,1,0,0,1,0
2023-09-20 06:00:00,0,7,36,4,0,15.9,9.4,0.2,0,0,0,0,0,0,1,1,0
2023-09-20 20:00:00,0,21,228,2,0,15.9,9.4,0.2,0,0,0,0,0,0,1,1,0
2023-09-21 10:00:00,10,11,2689,25,0,15.4,9.2,0.0,0,0,0,0,1,0,0,1,0
2023-09-20 21:00:00,0,22,133,2,0,15.9,9.4,0.2,0,0,0,0,0,0,1,1,0
2023-09-20 23:00:00,0,0,70,2,0,15.9,9.4,0.2,0,0,0,0,0,0,1,1,0
2023-09-20 04:00:00,0,5,27,2,0,15.9,9.4,0.2,0,0,0,0,0,0,1,1,0
2023-09-20 07:00:00,1,8,174,12,0,15.9,9.4,0.2,0,0,0,0,0,0,1,1,0
2023-09-20 13:00:00,10,14,2873,9,0,15.9,9.4,0.2,0,0,0,0,0,0,1,1,0
2023-09-20 18:00:00,10,19,393,2,0,15.9,9.4,0.2,0,0,0,0,0,0,1,1,0
2023-09-20 02:00:00,0,3,5,1,0,15.9,9.4,0.2,0,0,0,0,0,0,1,1,0
2023-09-20 22:00:00,0,23,127,0,0,15.9,9.4,0.2,0,0,0,0,0,0,1,1,0
2023-09-21 09:00:00,9,10,1985,32,0,15.4,9.2,0.0,0,0,0,0,1,0,0,1,0
2023-09-20 05:00:00,0,6,28,0,0,15.9,9.4,0.2,0,0,0,0,0,0,1,1,0
2023-09-21 13:00:00,9,14,3671,8,0,15.4,9.2,0.0,0,0,0,0,1,0,0,1,0
2023-09-20 00:00:00,0,1,27,0,0,15.9,9.4,0.2,0,0,0,0,0,0,1,1,0
2023-09-20 01:00:00,0,2,6,0,0,15.9,9.4,0.2,0,0,0,0,0,0,1,1,0
2023-09-20 03:00:00,0,4,1,0,0,15.9,9.4,0.2,0,0,0,0,0,0,1,1,0
2023-09-21 15:00:00,8,16,2978,5,0,15.4,9.2,0.0,0,0,0,0,1,0,0,1,0
2023-09-21 23:00:00,2,0,109,7,0,15.4,9.2,0.0,0,0,0,0,1,0,0,1,0
2023-09-21 18:00:00,7,19,713,25,0,15.4,9.2,0.0,0,0,0,0,1,0,0,1,0
2023-09-20 10:00:00,6,11,1966,25,0,15.9,9.4,0.2,0,0,0,0,0,0,1,1,0
2023-09-21 20:00:00,2,21,285,5,0,15.4,9.2,0.0,0,0,0,0,1,0,0,1,0
2023-09-20 09:00:00,6,10,1058,23,0,15.9,9.4,0.2,0,0,0,0,0,0,1,1,0
2023-09-21 08:00:00,6,9,1123,12,0,15.4,9.2,0.0,0,0,0,0,1,0,0,1,0
2023-09-20 19:00:00,5,20,262,1,0,15.9,9.4,0.2,0,0,0,0,0,0,1,1,0
2023-09-21 21:00:00,1,22,222,13,0,15.4,9.2,0.0,0,0,0,0,1,0,0,1,0
2023-09-21 19:00:00,1,20,415,12,0,15.4,9.2,0.0,0,0,0,0,1,0,0,1,0
2023-09-23 18:00:00,9,19,768,8,0,18.3,6.9,1.2,0,0,1,0,0,0,0,1,0
2023-09-22 12:00:00,14,13,2954,12,0,11.2,8.2,0.0,1,0,0,0,0,0,0,1,0
2023-09-21 01:00:00,1,2,25,10,0,15.4,9.2,0.0,0,0,0,0,1,0,0,1,0
2023-09-22 02:00:00,0,3,45,8,0,11.2,8.2,0.0,1,0,0,0,0,0,0,1,0
2023-09-22 09:00:00,14,10,1267,12,0,11.2,8.2,0.0,1,0,0,0,0,0,0,1,0
2023-09-22 03:00:00,0,4,13,6,0,11.2,8.2,0.0,1,0,0,0,0,0,0,1,0
2023-09-21 05:00:00,1,6,50,1,0,15.4,9.2,0.0,0,0,0,0,1,0,0,1,0
2023-09-23 09:00:00,8,10,1226,13,0,18.3,6.9,1.2,0,0,1,0,0,0,0,1,0
2023-09-23 21:00:00,7,22,290,2,0,18.3,6.9,1.2,0,0,1,0,0,0,0,1,0
2023-09-23 08:00:00,4,9,446,10,0,18.3,6.9,1.2,0,0,1,0,0,0,0,1,0
2023-09-23 07:00:00,3,8,110,9,0,18.3,6.9,1.2,0,0,1,0,0,0,0,1,0
2023-09-22 05:00:00,0,6,51,4,0,11.2,8.2,0.0,1,0,0,0,0,0,0,1,0
2023-09-21 04:00:00,1,5,9,1,0,15.4,9.2,0.0,0,0,0,0,1,0,0,1,0
2023-09-22 22:00:00,0,23,291,3,0,11.2,8.2,0.0,1,0,0,0,0,0,0,1,0
2023-09-22 07:00:00,3,8,240,16,0,11.2,8.2,0.0,1,0,0,0,0,0,0,1,0
2023-09-22 10:00:00,11,11,2110,12,0,11.2,8.2,0.0,1,0,0,0,0,0,0,1,0
2023-09-22 13:00:00,10,14,3584,14,0,11.2,8.2,0.0,1,0,0,0,0,0,0,1,0
2023-09-22 08:00:00,8,9,634,8,0,11.2,8.2,0.0,1,0,0,0,0,0,0,1,0
2023-09-22 19:00:00,7,20,373,18,0,11.2,8.2,0.0,1,0,0,0,0,0,0,1,0
2023-09-22 20:00:00,6,21,594,1,0,11.2,8.2,0.0,1,0,0,0,0,0,0,1,0
2023-09-22 11:00:00,3,12,2704,12,0,11.2,8.2,0.0,1,0,0,0,0,0,0,1,0
2023-09-22 04:00:00,0,5,8,1,0,11.2,8.2,0.0,1,0,0,0,0,0,0,1,0
2023-09-23 12:00:00,19,13,3655,7,0,18.3,6.9,1.2,0,0,1,0,0,0,0,1,0
2023-09-23 13:00:00,23,14,4048,9,0,18.3,6.9,1.2,0,0,1,0,0,0,0,1,0
2023-09-23 14:00:00,23,15,3759,6,0,18.3,6.9,1.2,0,0,1,0,0,0,0,1,0
2023-09-22 15:00:00,25,16,3431,15,0,11.2,8.2,0.0,1,0,0,0,0,0,0,1,0
2023-09-22 18:00:00,18,19,465,22,0,11.2,8.2,0.0,1,0,0,0,0,0,0,1,0
2023-09-22 16:00:00,17,17,2480,19,0,11.2,8.2,0.0,1,0,0,0,0,0,0,1,0
2023-09-22 14:00:00,17,15,3650,17,0,11.2,8.2,0.0,1,0,0,0,0,0,0,1,0
2023-09-22 17:00:00,17,18,1566,10,0,11.2,8.2,0.0,1,0,0,0,0,0,0,1,0
2023-09-22 01:00:00,2,2,61,12,0,11.2,8.2,0.0,1,0,0,0,0,0,0,1,0
2023-09-23 19:00:00,2,20,341,4,0,18.3,6.9,1.2,0,0,1,0,0,0,0,1,0
2023-09-23 22:00:00,2,23,241,3,0,18.3,6.9,1.2,0,0,1,0,0,0,0,1,0
2023-09-23 04:00:00,1,5,10,1,0,18.3,6.9,1.2,0,0,1,0,0,0,0,1,0
2023-09-23 01:00:00,1,2,60,0,0,18.3,6.9,1.2,0,0,1,0,0,0,0,1,0
2023-09-21 06:00:00,0,7,67,7,0,15.4,9.2,0.0,0,0,0,0,1,0,0,1,0
2023-09-21 03:00:00,0,4,7,7,0,15.4,9.2,0.0,0,0,0,0,1,0,0,1,0
2023-09-21 00:00:00,0,1,82,6,0,15.4,9.2,0.0,0,0,0,0,1,0,0,1,0
2023-09-21 02:00:00,0,3,55,6,0,15.4,9.2,0.0,0,0,0,0,1,0,0,1,0
2023-09-23 15:00:00,13,16,2799,18,0,18.3,6.9,1.2,0,0,1,0,0,0,0,1,0
2023-09-23 17:00:00,13,18,1553,14,0,18.3,6.9,1.2,0,0,1,0,0,0,0,1,0
2023-09-22 06:00:00,1,7,53,9,0,11.2,8.2,0.0,1,0,0,0,0,0,0,1,0
2023-09-22 00:00:00,1,1,95,7,0,11.2,8.2,0.0,1,0,0,0,0,0,0,1,0
2023-09-22 21:00:00,1,22,353,4,0,11.2,8.2,0.0,1,0,0,0,0,0,0,1,0
2023-09-22 23:00:00,1,0,138,2,0,11.2,8.2,0.0,1,0,0,0,0,0,0,1,0
2023-09-23 10:00:00,10,11,2252,26,0,18.3,6.9,1.2,0,0,1,0,0,0,0,1,0
2023-09-23 11:00:00,10,12,3268,15,0,18.3,6.9,1.2,0,0,1,0,0,0,0,1,0
2023-09-23 16:00:00,10,17,2140,13,0,18.3,6.9,1.2,0,0,1,0,0,0,0,1,0
2023-09-23 20:00:00,10,21,320,10,0,18.3,6.9,1.2,0,0,1,0,0,0,0,1,0
2023-09-25 19:00:00,2,20,360,5,0,16.7,12.4,0.0,0,1,0,0,0,0,0,1,0
2023-09-25 15:00:00,22,16,1771,11,0,16.7,12.4,0.0,0,1,0,0,0,0,0,1,0
2023-09-24 00:00:00,0,1,96,1,0,18.8,9.3,2.5,0,0,0,1,0,0,0,1,0
2023-09-24 13:00:00,16,14,2572,10,0,18.8,9.3,2.5,0,0,0,1,0,0,0,1,0
2023-09-24 03:00:00,0,4,69,0,0,18.8,9.3,2.5,0,0,0,1,0,0,0,1,0
2023-09-24 23:00:00,0,0,22,0,0,18.8,9.3,2.5,0,0,0,1,0,0,0,1,0
2023-09-24 05:00:00,0,6,15,0,0,18.8,9.3,2.5,0,0,0,1,0,0,0,1,0
2023-09-24 04:00:00,0,5,5,0,0,18.8,9.3,2.5,0,0,0,1,0,0,0,1,0
2023-09-24 12:00:00,13,13,2365,5,0,18.8,9.3,2.5,0,0,0,1,0,0,0,1,0
2023-09-25 11:00:00,8,12,2648,10,0,16.7,12.4,0.0,0,1,0,0,0,0,0,1,0
2023-09-25 17:00:00,8,18,1584,0,0,16.7,12.4,0.0,0,1,0,0,0,0,0,1,0
2023-09-23 06:00:00,0,7,39,2,0,18.3,6.9,1.2,0,0,1,0,0,0,0,1,0
2023-09-23 23:00:00,0,0,134,1,0,18.3,6.9,1.2,0,0,1,0,0,0,0,1,0
2023-09-25 06:00:00,1,7,54,5,0,16.7,12.4,0.0,0,1,0,0,0,0,0,1,0
2023-09-23 02:00:00,0,3,89,1,0,18.3,6.9,1.2,0,0,1,0,0,0,0,1,0
2023-09-24 17:00:00,11,18,507,9,0,18.8,9.3,2.5,0,0,0,1,0,0,0,1,0
2023-09-23 05:00:00,0,6,24,1,0,18.3,6.9,1.2,0,0,1,0,0,0,0,1,0
2023-09-23 00:00:00,0,1,248,0,0,18.3,6.9,1.2,0,0,1,0,0,0,0,1,0
2023-09-23 03:00:00,0,4,103,0,0,18.3,6.9,1.2,0,0,1,0,0,0,0,1,0
2023-09-24 15:00:00,11,16,2525,4,0,18.8,9.3,2.5,0,0,0,1,0,0,0,1,0
2023-09-25 08:00:00,6,9,626,16,0,16.7,12.4,0.0,0,1,0,0,0,0,0,1,0
2023-09-25 21:00:00,1,22,154,0,0,16.7,12.4,0.0,0,1,0,0,0,0,0,1,0
2023-09-25 13:00:00,43,14,2770,16,0,16.7,12.4,0.0,0,1,0,0,0,0,0,1,0
2023-09-25 14:00:00,29,15,2418,15,0,16.7,12.4,0.0,0,1,0,0,0,0,0,1,0
2023-09-25 12:00:00,27,13,3021,19,0,16.7,12.4,0.0,0,1,0,0,0,0,0,1,0
2023-09-25 10:00:00,17,11,2178,10,0,16.7,12.4,0.0,0,1,0,0,0,0,0,1,0
2023-09-25 22:00:00,1,23,94,0,0,16.7,12.4,0.0,0,1,0,0,0,0,0,1,0
2023-09-24 08:00:00,1,9,142,3,0,18.8,9.3,2.5,0,0,0,1,0,0,0,1,0
2023-09-25 16:00:00,16,17,1797,4,0,16.7,12.4,0.0,0,1,0,0,0,0,0,1,0
2023-09-24 02:00:00,1,3,65,3,0,18.8,9.3,2.5,0,0,0,1,0,0,0,1,0
2023-09-25 20:00:00,5,21,267,6,0,16.7,12.4,0.0,0,1,0,0,0,0,0,1,0
2023-09-25 07:00:00,2,8,175,6,0,16.7,12.4,0.0,0,1,0,0,0,0,0,1,0
2023-09-24 06:00:00,1,7,42,2,0,18.8,9.3,2.5,0,0,0,1,0,0,0,1,0
2023-09-24 16:00:00,9,17,1432,2,0,18.8,9.3,2.5,0,0,0,1,0,0,0,1,0
2023-09-25 09:00:00,15,10,1273,26,0,16.7,12.4,0.0,0,1,0,0,0,0,0,1,0
2023-09-24 07:00:00,1,8,61,0,0,18.8,9.3,2.5,0,0,0,1,0,0,0,1,0
2023-09-25 03:00:00,0,4,11,4,0,16.7,12.4,0.0,0,1,0,0,0,0,0,1,0
2023-09-25 00:00:00,0,1,22,3,0,16.7,12.4,0.0,0,1,0,0,0,0,0,1,0
2023-09-25 05:00:00,0,6,43,2,0,16.7,12.4,0.0,0,1,0,0,0,0,0,1,0
2023-09-25 23:00:00,0,0,33,0,0,16.7,12.4,0.0,0,1,0,0,0,0,0,1,0
2023-09-25 01:00:00,0,2,10,0,0,16.7,12.4,0.0,0,1,0,0,0,0,0,1,0
2023-09-25 02:00:00,0,3,7,0,0,16.7,12.4,0.0,0,1,0,0,0,0,0,1,0
2023-09-25 04:00:00,0,5,4,0,0,16.7,12.4,0.0,0,1,0,0,0,0,0,1,0
2023-09-24 10:00:00,8,11,810,2,0,18.8,9.3,2.5,0,0,0,1,0,0,0,1,0
2023-09-24 09:00:00,3,10,297,3,0,18.8,9.3,2.5,0,0,0,1,0,0,0,1,0
2023-09-24 19:00:00,2,20,247,1,0,18.8,9.3,2.5,0,0,0,1,0,0,0,1,0
2023-09-25 18:00:00,11,19,390,7,0,16.7,12.4,0.0,0,1,0,0,0,0,0,1,0
2023-09-24 18:00:00,6,19,261,9,0,18.8,9.3,2.5,0,0,0,1,0,0,0,1,0
2023-09-24 11:00:00,6,12,1793,7,0,18.8,9.3,2.5,0,0,0,1,0,0,0,1,0
2023-09-24 20:00:00,0,21,216,5,0,18.8,9.3,2.5,0,0,0,1,0,0,0,1,0
2023-09-24 14:00:00,6,15,2647,1,0,18.8,9.3,2.5,0,0,0,1,0,0,0,1,0
2023-09-24 01:00:00,0,2,86,4,0,18.8,9.3,2.5,0,0,0,1,0,0,0,1,0
2023-09-24 22:00:00,0,23,61,3,0,18.8,9.3,2.5,0,0,0,1,0,0,0,1,0
2023-09-24 21:00:00,0,22,149,2,0,18.8,9.3,2.5,0,0,0,1,0,0,0,1,0
2023-09-26 16:00:00,14,17,2034,12,0,15.1,11.4,0.5,0,0,0,0,0,1,0,1,0
2023-09-26 00:00:00,1,1,29,0,0,15.1,11.4,0.5,0,0,0,0,0,1,0,1,0
2023-09-27 17:00:00,17,18,751,5,0,15.6,6.3,9.4,0,0,0,0,0,0,1,1,0
2023-09-27 16:00:00,16,17,1204,6,0,15.6,6.3,9.4,0,0,0,0,0,0,1,1,0
2023-09-27 14:00:00,15,15,2535,7,0,15.6,6.3,9.4,0,0,0,0,0,0,1,1,0
2023-09-26 08:00:00,5,9,749,21,0,15.1,11.4,0.5,0,0,0,0,0,1,0,1,0
2023-09-26 07:00:00,4,8,199,16,0,15.1,11.4,0.5,0,0,0,0,0,1,0,1,0
2023-09-26 18:00:00,3,19,694,0,0,15.1,11.4,0.5,0,0,0,0,0,1,0,1,0
2023-09-26 22:00:00,3,23,104,0,0,15.1,11.4,0.5,0,0,0,0,0,1,0,1,0
2023-09-26 20:00:00,2,21,229,2,0,15.1,11.4,0.5,0,0,0,0,0,1,0,1,0
2023-09-26 13:00:00,12,14,2284,34,0,15.1,11.4,0.5,0,0,0,0,0,1,0,1,0
2023-09-26 10:00:00,12,11,1999,12,0,15.1,11.4,0.5,0,0,0,0,0,1,0,1,0
2023-09-27 12:00:00,11,13,2966,13,0,15.6,6.3,9.4,0,0,0,0,0,0,1,1,0
2023-09-27 20:00:00,0,21,163,7,0,15.6,6.3,9.4,0,0,0,0,0,0,1,1,0
2023-09-27 21:00:00,0,22,114,6,0,15.6,6.3,9.4,0,0,0,0,0,0,1,1,0
2023-09-27 06:00:00,0,7,58,5,0,15.6,6.3,9.4,0,0,0,0,0,0,1,1,0
2023-09-27 02:00:00,0,3,5,4,0,15.6,6.3,9.4,0,0,0,0,0,0,1,1,0
2023-09-27 19:00:00,0,20,205,2,0,15.6,6.3,9.4,0,0,0,0,0,0,1,1,0
2023-09-27 22:00:00,0,23,76,2,0,15.6,6.3,9.4,0,0,0,0,0,0,1,1,0
2023-09-27 23:00:00,0,0,31,0,0,15.6,6.3,9.4,0,0,0,0,0,0,1,1,0
2023-09-27 05:00:00,0,6,27,0,0,15.6,6.3,9.4,0,0,0,0,0,0,1,1,0
2023-09-27 00:00:00,0,1,16,0,0,15.6,6.3,9.4,0,0,0,0,0,0,1,1,0
2023-09-27 01:00:00,0,2,1,0,0,15.6,6.3,9.4,0,0,0,0,0,0,1,1,0
2023-09-27 07:00:00,2,8,156,11,0,15.6,6.3,9.4,0,0,0,0,0,0,1,1,0
2023-09-27 18:00:00,2,19,311,5,0,15.6,6.3,9.4,0,0,0,0,0,0,1,1,0
2023-09-27 04:00:00,1,5,7,0,0,15.6,6.3,9.4,0,0,0,0,0,0,1,1,0
2023-09-27 15:00:00,9,16,1799,9,0,15.6,6.3,9.4,0,0,0,0,0,0,1,1,0
2023-09-26 06:00:00,0,7,54,6,0,15.1,11.4,0.5,0,0,0,0,0,1,0,1,0
2023-09-26 21:00:00,0,22,132,3,0,15.1,11.4,0.5,0,0,0,0,0,1,0,1,0
2023-09-26 02:00:00,0,3,9,3,0,15.1,11.4,0.5,0,0,0,0,0,1,0,1,0
2023-09-26 19:00:00,0,20,326,2,0,15.1,11.4,0.5,0,0,0,0,0,1,0,1,0
2023-09-26 05:00:00,0,6,31,1,0,15.1,11.4,0.5,0,0,0,0,0,1,0,1,0
2023-09-27 13:00:00,7,14,3036,10,0,15.6,6.3,9.4,0,0,0,0,0,0,1,1,0
2023-09-26 23:00:00,0,0,26,0,0,15.1,11.4,0.5,0,0,0,0,0,1,0,1,0
2023-09-26 15:00:00,22,16,2186,4,0,15.1,11.4,0.5,0,0,0,0,0,1,0,1,0
2023-09-26 01:00:00,0,2,17,0,0,15.1,11.4,0.5,0,0,0,0,0,1,0,1,0
2023-09-26 03:00:00,0,4,10,0,0,15.1,11.4,0.5,0,0,0,0,0,1,0,1,0
2023-09-26 04:00:00,0,5,1,0,0,15.1,11.4,0.5,0,0,0,0,0,1,0,1,0
2023-09-27 10:00:00,6,11,1923,16,0,15.6,6.3,9.4,0,0,0,0,0,0,1,1,0
2023-09-27 09:00:00,6,10,1229,16,0,15.6,6.3,9.4,0,0,0,0,0,0,1,1,0
2023-09-26 17:00:00,7,18,1424,5,0,15.1,11.4,0.5,0,0,0,0,0,1,0,1,0
2023-09-27 11:00:00,5,12,2323,23,0,15.6,6.3,9.4,0,0,0,0,0,0,1,1,0
2023-09-26 09:00:00,18,10,1799,38,0,15.1,11.4,0.5,0,0,0,0,0,1,0,1,0
2023-09-26 14:00:00,16,15,2289,13,0,15.1,11.4,0.5,0,0,0,0,0,1,0,1,0
2023-09-26 12:00:00,16,13,3054,8,0,15.1,11.4,0.5,0,0,0,0,0,1,0,1,0
2023-09-26 11:00:00,15,12,2595,11,0,15.1,11.4,0.5,0,0,0,0,0,1,0,1,0
2023-09-27 08:00:00,3,9,635,16,0,15.6,6.3,9.4,0,0,0,0,0,0,1,1,0
2023-09-28 18:00:00,3,19,462,27,0,16.9,11.1,0.5,0,0,0,0,1,0,0,1,0
2023-09-28 08:00:00,2,9,685,5,0,16.9,11.1,0.5,0,0,0,0,1,0,0,1,0
2023-09-28 20:00:00,2,21,254,1,0,16.9,11.1,0.5,0,0,0,0,1,0,0,1,0
2023-09-28 21:00:00,1,22,202,5,0,16.9,11.1,0.5,0,0,0,0,1,0,0,1,0
2023-09-29 14:00:00,9,15,2018,11,0,11.2,11.2,0.0,1,0,0,0,0,0,0,1,0
2023-09-28 13:00:00,10,14,2950,7,0,16.9,11.1,0.5,0,0,0,0,1,0,0,1,0
2023-09-28 15:00:00,10,16,2425,4,0,16.9,11.1,0.5,0,0,0,0,1,0,0,1,0
2023-09-29 11:00:00,25,12,3297,22,0,11.2,11.2,0.0,1,0,0,0,0,0,0,1,0
2023-09-29 13:00:00,22,14,2956,16,0,11.2,11.2,0.0,1,0,0,0,0,0,0,1,0
2023-09-29 12:00:00,19,13,3027,18,0,11.2,11.2,0.0,1,0,0,0,0,0,0,1,0
2023-09-29 10:00:00,16,11,2527,10,0,11.2,11.2,0.0,1,0,0,0,0,0,0,1,0
2023-09-29 16:00:00,15,17,2386,9,0,11.2,11.2,0.0,1,0,0,0,0,0,0,1,0
2023-09-29 17:00:00,14,18,1667,7,0,11.2,11.2,0.0,1,0,0,0,0,0,0,1,0
2023-09-29 15:00:00,12,16,2207,1,0,11.2,11.2,0.0,1,0,0,0,0,0,0,1,0
2023-09-28 16:00:00,17,17,2284,8,0,16.9,11.1,0.5,0,0,0,0,1,0,0,1,0
2023-09-28 12:00:00,12,13,2984,13,0,16.9,11.1,0.5,0,0,0,0,1,0,0,1,0
2023-09-28 09:00:00,10,10,1308,20,0,16.9,11.1,0.5,0,0,0,0,1,0,0,1,0
2023-09-29 18:00:00,8,19,501,8,0,11.2,11.2,0.0,1,0,0,0,0,0,0,1,0
2023-09-29 08:00:00,6,9,801,8,0,11.2,11.2,0.0,1,0,0,0,0,0,0,1,0
2023-09-29 09:00:00,3,10,1522,27,0,11.2,11.2,0.0,1,0,0,0,0,0,0,1,0
2023-09-29 19:00:00,3,20,361,1,0,11.2,11.2,0.0,1,0,0,0,0,0,0,1,0
2023-09-29 07:00:00,2,8,216,7,0,11.2,11.2,0.0,1,0,0,0,0,0,0,1,0
2023-09-28 05:00:00,0,6,41,3,0,16.9,11.1,0.5,0,0,0,0,1,0,0,1,0
2023-09-28 22:00:00,0,23,129,2,0,16.9,11.1,0.5,0,0,0,0,1,0,0,1,0
2023-09-28 06:00:00,0,7,38,2,0,16.9,11.1,0.5,0,0,0,0,1,0,0,1,0
2023-09-28 02:00:00,0,3,14,2,0,16.9,11.1,0.5,0,0,0,0,1,0,0,1,0
2023-09-28 23:00:00,0,0,43,1,0,16.9,11.1,0.5,0,0,0,0,1,0,0,1,0
2023-09-28 00:00:00,0,1,28,1,0,16.9,11.1,0.5,0,0,0,0,1,0,0,1,0
2023-09-28 01:00:00,0,2,9,1,0,16.9,11.1,0.5,0,0,0,0,1,0,0,1,0
2023-09-28 04:00:00,0,5,5,0,0,16.9,11.1,0.5,0,0,0,0,1,0,0,1,0
2023-09-28 03:00:00,0,4,4,0,0,16.9,11.1,0.5,0,0,0,0,1,0,0,1,0
2023-09-28 10:00:00,7,11,1915,16,0,16.9,11.1,0.5,0,0,0,0,1,0,0,1,0
2023-09-28 11:00:00,7,12,2577,12,0,16.9,11.1,0.5,0,0,0,0,1,0,0,1,0
2023-09-28 14:00:00,6,15,2530,8,0,16.9,11.1,0.5,0,0,0,0,1,0,0,1,0
2023-09-28 17:00:00,4,18,1681,22,0,16.9,11.1,0.5,0,0,0,0,1,0,0,1,0
2023-09-28 19:00:00,4,20,284,3,0,16.9,11.1,0.5,0,0,0,0,1,0,0,1,0
2023-09-28 07:00:00,4,8,194,2,0,16.9,11.1,0.5,0,0,0,0,1,0,0,1,0
2023-09-29 03:00:00,0,4,1,6,0,11.2,11.2,0.0,1,0,0,0,0,0,0,1,0
2023-09-29 22:00:00,0,23,292,2,0,11.2,11.2,0.0,1,0,0,0,0,0,0,1,0
2023-09-29 21:00:00,0,22,223,2,0,11.2,11.2,0.0,1,0,0,0,0,0,0,1,0
2023-09-29 05:00:00,0,6,22,2,0,11.2,11.2,0.0,1,0,0,0,0,0,0,1,0
2023-09-29 06:00:00,0,7,40,0,0,11.2,11.2,0.0,1,0,0,0,0,0,0,1,0
2023-09-29 00:00:00,0,1,35,0,0,11.2,11.2,0.0,1,0,0,0,0,0,0,1,0
2023-09-29 01:00:00,0,2,17,0,0,11.2,11.2,0.0,1,0,0,0,0,0,0,1,0
2023-09-29 23:00:00,1,0,200,12,0,11.2,11.2,0.0,1,0,0,0,0,0,0,1,0
2023-09-29 20:00:00,1,21,264,2,0,11.2,11.2,0.0,1,0,0,0,0,0,0,1,0
2023-09-29 02:00:00,1,3,32,2,0,11.2,11.2,0.0,1,0,0,0,0,0,0,1,0
2023-09-29 04:00:00,1,5,8,1,0,11.2,11.2,0.0,1,0,0,0,0,0,0,1,0
2023-09-30 07:00:00,2,8,132,4,0,18.6,7.7,2.1,0,0,1,0,0,0,0,1,0
2023-09-30 23:00:00,2,0,184,0,0,18.6,7.7,2.1,0,0,1,0,0,0,0,1,0
2023-09-30 06:00:00,1,7,48,0,0,18.6,7.7,2.1,0,0,1,0,0,0,0,1,0
2023-09-30 20:00:00,0,21,360,9,0,18.6,7.7,2.1,0,0,1,0,0,0,0,1,0
2023-09-30 00:00:00,0,1,182,6,0,18.6,7.7,2.1,0,0,1,0,0,0,0,1,0
2023-09-30 05:00:00,0,6,37,3,0,18.6,7.7,2.1,0,0,1,0,0,0,0,1,0
2023-09-30 01:00:00,0,2,104,2,0,18.6,7.7,2.1,0,0,1,0,0,0,0,1,0
2023-09-30 03:00:00,0,4,166,1,0,18.6,7.7,2.1,0,0,1,0,0,0,0,1,0
2023-09-30 02:00:00,0,3,107,1,0,18.6,7.7,2.1,0,0,1,0,0,0,0,1,0
2023-09-30 04:00:00,0,5,9,0,0,18.6,7.7,2.1,0,0,1,0,0,0,0,1,0
2023-09-30 09:00:00,6,10,1356,16,0,18.6,7.7,2.1,0,0,1,0,0,0,0,1,0
2023-09-30 11:00:00,22,12,2515,19,0,18.6,7.7,2.1,0,0,1,0,0,0,0,1,0
2023-09-30 08:00:00,6,9,495,11,0,18.6,7.7,2.1,0,0,1,0,0,0,0,1,0
2023-09-30 10:00:00,18,11,2042,16,0,18.6,7.7,2.1,0,0,1,0,0,0,0,1,0
2023-09-30 12:00:00,15,13,3654,9,0,18.6,7.7,2.1,0,0,1,0,0,0,0,1,0
2023-09-30 21:00:00,4,22,377,1,0,18.6,7.7,2.1,0,0,1,0,0,0,0,1,0
2023-09-30 17:00:00,11,18,2018,10,0,18.6,7.7,2.1,0,0,1,0,0,0,0,1,0
2023-09-30 19:00:00,3,20,251,8,0,18.6,7.7,2.1,0,0,1,0,0,0,0,1,0
2023-09-30 13:00:00,3,14,3760,7,0,18.6,7.7,2.1,0,0,1,0,0,0,0,1,0
2023-09-30 22:00:00,3,23,278,0,0,18.6,7.7,2.1,0,0,1,0,0,0,0,1,0
2023-09-30 15:00:00,10,16,3138,16,0,18.6,7.7,2.1,0,0,1,0,0,0,0,1,0
2023-09-30 14:00:00,10,15,3145,7,0,18.6,7.7,2.1,0,0,1,0,0,0,0,1,0
2023-09-30 16:00:00,8,17,3129,13,0,18.6,7.7,2.1,0,0,1,0,0,0,0,1,0
2023-09-30 18:00:00,8,19,561,12,0,18.6,7.7,2.1,0,0,1,0,0,0,0,1,0
