ds,y,Finishing time,Number of People,Number of Road Vehicles,isHoliday,TMAX,TMIN,PRCP,Day of the Week_Fri,Day of the Week_Mon,Day of the Week_Sat,Day of the Week_Sun,Day of the Week_Thu,Day of the Week_Tue,Day of the Week_Wed,TimeZone_BST,TimeZone_GMT
2023-08-01 02:00:00,0,3,8,16,0,17.8,13.1,0.0,0,0,0,0,0,1,0,1,0
2023-08-02 12:00:00,15,13,1424,508,0,19.8,13.5,2.1,0,0,0,0,0,0,1,1,0
2023-08-02 11:00:00,13,12,1074,477,0,19.8,13.5,2.1,0,0,0,0,0,0,1,1,0
2023-08-02 09:00:00,12,10,837,352,0,19.8,13.5,2.1,0,0,0,0,0,0,1,1,0
2023-08-02 19:00:00,12,20,373,287,0,19.8,13.5,2.1,0,0,0,0,0,0,1,1,0
2023-08-02 17:00:00,9,18,845,225,0,19.8,13.5,2.1,0,0,0,0,0,0,1,1,0
2023-08-02 18:00:00,8,19,459,316,0,19.8,13.5,2.1,0,0,0,0,0,0,1,1,0
2023-08-02 07:00:00,8,8,104,92,0,19.8,13.5,2.1,0,0,0,0,0,0,1,1,0
2023-08-02 20:00:00,6,21,276,206,0,19.8,13.5,2.1,0,0,0,0,0,0,1,1,0
2023-08-02 15:00:00,5,16,908,462,0,19.8,13.5,2.1,0,0,0,0,0,0,1,1,0
2023-08-02 06:00:00,5,7,45,32,0,19.8,13.5,2.1,0,0,0,0,0,0,1,1,0
2023-08-02 16:00:00,4,17,977,340,0,19.8,13.5,2.1,0,0,0,0,0,0,1,1,0
2023-08-02 13:00:00,3,14,1097,428,0,19.8,13.5,2.1,0,0,0,0,0,0,1,1,0
2023-08-02 14:00:00,3,15,903,372,0,19.8,13.5,2.1,0,0,0,0,0,0,1,1,0
2023-08-02 05:00:00,3,6,19,8,0,19.8,13.5,2.1,0,0,0,0,0,0,1,1,0
2023-08-02 08:00:00,2,9,644,280,0,19.8,13.5,2.1,0,0,0,0,0,0,1,1,0
2023-08-02 21:00:00,2,22,251,223,0,19.8,13.5,2.1,0,0,0,0,0,0,1,1,0
2023-08-02 10:00:00,1,11,1399,406,0,19.8,13.5,2.1,0,0,0,0,0,0,1,1,0
2023-08-02 22:00:00,1,23,114,96,0,19.8,13.5,2.1,0,0,0,0,0,0,1,1,0
2023-08-02 04:00:00,1,5,5,14,0,19.8,13.5,2.1,0,0,0,0,0,0,1,1,0
2023-08-02 23:00:00,0,0,136,62,0,19.8,13.5,2.1,0,0,0,0,0,0,1,1,0
2023-08-02 01:00:00,0,2,7,15,0,19.8,13.5,2.1,0,0,0,0,0,0,1,1,0
2023-08-02 00:00:00,0,1,27,10,0,19.8,13.5,2.1,0,0,0,0,0,0,1,1,0
2023-08-02 02:00:00,0,3,8,9,0,19.8,13.5,2.1,0,0,0,0,0,0,1,1,0
2023-08-02 03:00:00,0,4,7,2,0,19.8,13.5,2.1,0,0,0,0,0,0,1,1,0
2023-08-03 12:00:00,19,13,1144,195,0,17.3,11.8,0.0,0,0,0,0,1,0,0,1,0
2023-08-03 16:00:00,15,17,898,195,0,17.3,11.8,0.0,0,0,0,0,1,0,0,1,0
2023-08-03 20:00:00,14,21,557,239,0,17.3,11.8,0.0,0,0,0,0,1,0,0,1,0
2023-08-03 17:00:00,14,18,774,154,0,17.3,11.8,0.0,0,0,0,0,1,0,0,1,0
2023-08-03 14:00:00,12,15,1044,207,0,17.3,11.8,0.0,0,0,0,0,1,0,0,1,0
2023-08-03 11:00:00,11,12,849,299,0,17.3,11.8,0.0,0,0,0,0,1,0,0,1,0
2023-08-03 13:00:00,10,14,1043,210,0,17.3,11.8,0.0,0,0,0,0,1,0,0,1,0
2023-08-03 15:00:00,9,16,986,206,0,17.3,11.8,0.0,0,0,0,0,1,0,0,1,0
2023-08-03 19:00:00,8,20,562,242,0,17.3,11.8,0.0,0,0,0,0,1,0,0,1,0
2023-08-03 08:00:00,7,9,444,289,0,17.3,11.8,0.0,0,0,0,0,1,0,0,1,0
2023-08-03 10:00:00,6,11,867,419,0,17.3,11.8,0.0,0,0,0,0,1,0,0,1,0
2023-08-03 09:00:00,4,10,604,350,0,17.3,11.8,0.0,0,0,0,0,1,0,0,1,0
2023-08-03 23:00:00,4,0,123,120,0,17.3,11.8,0.0,0,0,0,0,1,0,0,1,0
2023-08-03 07:00:00,3,8,260,188,0,17.3,11.8,0.0,0,0,0,0,1,0,0,1,0
2023-08-03 06:00:00,3,7,96,89,0,17.3,11.8,0.0,0,0,0,0,1,0,0,1,0
2023-08-03 18:00:00,2,19,727,281,0,17.3,11.8,0.0,0,0,0,0,1,0,0,1,0
2023-08-03 22:00:00,2,23,164,77,0,17.3,11.8,0.0,0,0,0,0,1,0,0,1,0
2023-08-03 05:00:00,2,6,69,52,0,17.3,11.8,0.0,0,0,0,0,1,0,0,1,0
2023-08-03 21:00:00,1,22,364,112,0,17.3,11.8,0.0,0,0,0,0,1,0,0,1,0
2023-08-03 00:00:00,1,1,94,38,0,17.3,11.8,0.0,0,0,0,0,1,0,0,1,0
2023-08-03 04:00:00,1,5,19,37,0,17.3,11.8,0.0,0,0,0,0,1,0,0,1,0
2023-08-03 02:00:00,0,3,160,37,0,17.3,11.8,0.0,0,0,0,0,1,0,0,1,0
2023-08-03 01:00:00,0,2,62,17,0,17.3,11.8,0.0,0,0,0,0,1,0,0,1,0
2023-08-03 03:00:00,0,4,23,14,0,17.3,11.8,0.0,0,0,0,0,1,0,0,1,0
2023-08-04 12:00:00,21,13,1186,651,0,15.4,11.3,1.6,1,0,0,0,0,0,0,1,0
2023-08-01 10:00:00,13,11,1398,408,0,17.8,13.1,0.0,0,0,0,0,0,1,0,1,0
2023-08-01 17:00:00,12,18,1247,432,0,17.8,13.1,0.0,0,0,0,0,0,1,0,1,0
2023-08-01 14:00:00,7,15,1987,503,0,17.8,13.1,0.0,0,0,0,0,0,1,0,1,0
2023-08-01 12:00:00,7,13,1746,497,0,17.8,13.1,0.0,0,0,0,0,0,1,0,1,0
2023-08-01 16:00:00,7,17,1463,435,0,17.8,13.1,0.0,0,0,0,0,0,1,0,1,0
2023-08-01 11:00:00,7,12,1796,431,0,17.8,13.1,0.0,0,0,0,0,0,1,0,1,0
2023-08-01 09:00:00,5,10,959,347,0,17.8,13.1,0.0,0,0,0,0,0,1,0,1,0
2023-08-01 08:00:00,4,9,611,303,0,17.8,13.1,0.0,0,0,0,0,0,1,0,1,0
2023-08-01 19:00:00,4,20,477,243,0,17.8,13.1,0.0,0,0,0,0,0,1,0,1,0
2023-08-01 13:00:00,2,14,1640,510,0,17.8,13.1,0.0,0,0,0,0,0,1,0,1,0
2023-08-01 18:00:00,2,19,745,318,0,17.8,13.1,0.0,0,0,0,0,0,1,0,1,0
2023-08-01 07:00:00,2,8,400,211,0,17.8,13.1,0.0,0,0,0,0,0,1,0,1,0
2023-08-01 21:00:00,2,22,86,43,0,17.8,13.1,0.0,0,0,0,0,0,1,0,1,0
2023-08-01 15:00:00,1,16,1251,509,0,17.8,13.1,0.0,0,0,0,0,0,1,0,1,0
2023-08-01 06:00:00,1,7,139,81,0,17.8,13.1,0.0,0,0,0,0,0,1,0,1,0
2023-08-01 00:00:00,1,1,61,54,0,17.8,13.1,0.0,0,0,0,0,0,1,0,1,0
2023-08-01 20:00:00,0,21,390,277,0,17.8,13.1,0.0,0,0,0,0,0,1,0,1,0
2023-08-01 05:00:00,0,6,28,56,0,17.8,13.1,0.0,0,0,0,0,0,1,0,1,0
2023-08-01 22:00:00,0,23,88,38,0,17.8,13.1,0.0,0,0,0,0,0,1,0,1,0
2023-08-01 23:00:00,0,0,54,27,0,17.8,13.1,0.0,0,0,0,0,0,1,0,1,0
2023-08-01 04:00:00,0,5,3,24,0,17.8,13.1,0.0,0,0,0,0,0,1,0,1,0
2023-08-01 01:00:00,0,2,7,22,0,17.8,13.1,0.0,0,0,0,0,0,1,0,1,0
2023-08-01 03:00:00,0,4,3,18,0,17.8,13.1,0.0,0,0,0,0,0,1,0,1,0
2023-08-04 10:00:00,19,11,666,463,0,15.4,11.3,1.6,1,0,0,0,0,0,0,1,0
2023-08-04 09:00:00,17,10,514,389,0,15.4,11.3,1.6,1,0,0,0,0,0,0,1,0
2023-08-04 16:00:00,16,17,1090,601,0,15.4,11.3,1.6,1,0,0,0,0,0,0,1,0
2023-08-04 14:00:00,14,15,1230,642,0,15.4,11.3,1.6,1,0,0,0,0,0,0,1,0
2023-08-04 13:00:00,14,14,1195,602,0,15.4,11.3,1.6,1,0,0,0,0,0,0,1,0
2023-08-04 15:00:00,14,16,1159,567,0,15.4,11.3,1.6,1,0,0,0,0,0,0,1,0
2023-08-04 17:00:00,9,18,816,556,0,15.4,11.3,1.6,1,0,0,0,0,0,0,1,0
2023-08-04 18:00:00,8,19,520,418,0,15.4,11.3,1.6,1,0,0,0,0,0,0,1,0
2023-08-04 07:00:00,7,8,165,223,0,15.4,11.3,1.6,1,0,0,0,0,0,0,1,0
2023-08-04 11:00:00,6,12,1072,490,0,15.4,11.3,1.6,1,0,0,0,0,0,0,1,0
2023-08-04 08:00:00,6,9,348,308,0,15.4,11.3,1.6,1,0,0,0,0,0,0,1,0
2023-08-04 19:00:00,4,20,365,210,0,15.4,11.3,1.6,1,0,0,0,0,0,0,1,0
2023-08-04 06:00:00,3,7,82,106,0,15.4,11.3,1.6,1,0,0,0,0,0,0,1,0
2023-08-04 21:00:00,2,22,214,68,0,15.4,11.3,1.6,1,0,0,0,0,0,0,1,0
2023-08-04 05:00:00,2,6,72,18,0,15.4,11.3,1.6,1,0,0,0,0,0,0,1,0
2023-08-04 23:00:00,1,0,297,90,0,15.4,11.3,1.6,1,0,0,0,0,0,0,1,0
2023-08-04 20:00:00,1,21,217,68,0,15.4,11.3,1.6,1,0,0,0,0,0,0,1,0
2023-08-04 22:00:00,1,23,175,63,0,15.4,11.3,1.6,1,0,0,0,0,0,0,1,0
2023-08-04 02:00:00,1,3,169,22,0,15.4,11.3,1.6,1,0,0,0,0,0,0,1,0
2023-08-04 00:00:00,0,1,96,50,0,15.4,11.3,1.6,1,0,0,0,0,0,0,1,0
2023-08-04 03:00:00,0,4,13,15,0,15.4,11.3,1.6,1,0,0,0,0,0,0,1,0
2023-08-04 04:00:00,0,5,13,10,0,15.4,11.3,1.6,1,0,0,0,0,0,0,1,0
2023-08-04 01:00:00,0,2,84,9,0,15.4,11.3,1.6,1,0,0,0,0,0,0,1,0
2023-08-12 21:00:00,3,22,246,296,0,19.7,15.4,11.4,0,0,1,0,0,0,0,1,0
2023-08-05 09:00:00,8,10,601,339,0,17.5,5.5,9.2,0,0,1,0,0,0,0,1,0
2023-08-05 13:00:00,6,14,2193,577,0,17.5,5.5,9.2,0,0,1,0,0,0,0,1,0
2023-08-05 23:00:00,6,0,440,78,0,17.5,5.5,9.2,0,0,1,0,0,0,0,1,0
2023-08-12 22:00:00,3,23,277,289,0,19.7,15.4,11.4,0,0,1,0,0,0,0,1,0
2023-08-10 13:00:00,5,14,1070,432,0,22.5,14.2,5.0,0,0,0,0,1,0,0,1,0
2023-08-18 13:00:00,1,14,1230,614,0,20.9,13.2,9.7,1,0,0,0,0,0,0,1,0
2023-08-05 16:00:00,5,17,442,2127,0,17.5,5.5,9.2,0,0,1,0,0,0,0,1,0
2023-08-12 06:00:00,3,7,52,20,0,19.7,15.4,11.4,0,0,1,0,0,0,0,1,0
2023-08-06 13:00:00,5,14,1495,329,0,20.0,5.5,3.0,0,0,0,1,0,0,0,1,0
2023-08-10 08:00:00,4,9,474,362,0,22.5,14.2,5.0,0,0,0,0,1,0,0,1,0
2023-08-18 16:00:00,1,17,791,468,0,20.9,13.2,9.7,1,0,0,0,0,0,0,1,0
2023-08-05 15:00:00,5,16,496,2002,0,17.5,5.5,9.2,0,0,1,0,0,0,0,1,0
2023-08-14 19:00:00,9,20,273,177,0,20.6,13.5,0.0,0,1,0,0,0,0,0,1,0
2023-08-12 13:00:00,2,14,1116,542,0,19.7,15.4,11.4,0,0,1,0,0,0,0,1,0
2023-08-06 16:00:00,5,17,1487,321,0,20.0,5.5,3.0,0,0,0,1,0,0,0,1,0
2023-08-10 19:00:00,4,20,635,290,0,22.5,14.2,5.0,0,0,0,0,1,0,0,1,0
2023-08-18 05:00:00,1,6,39,4,0,20.9,13.2,9.7,1,0,0,0,0,0,0,1,0
2023-08-05 20:00:00,5,21,497,260,0,17.5,5.5,9.2,0,0,1,0,0,0,0,1,0
2023-08-14 21:00:00,8,22,202,58,0,20.6,13.5,0.0,0,1,0,0,0,0,0,1,0
2023-08-12 03:00:00,2,4,573,50,0,19.7,15.4,11.4,0,0,1,0,0,0,0,1,0
2023-08-06 00:00:00,5,1,358,82,0,20.0,5.5,3.0,0,0,0,1,0,0,0,1,0
2023-08-10 10:00:00,3,11,758,448,0,22.5,14.2,5.0,0,0,0,0,1,0,0,1,0
2023-08-18 19:00:00,0,20,533,410,0,20.9,13.2,9.7,1,0,0,0,0,0,0,1,0
2023-08-16 18:00:00,1,19,167,11,0,17.7,13.9,0.2,0,0,0,0,0,0,1,1,0
2023-08-05 22:00:00,5,23,293,72,0,17.5,5.5,9.2,0,0,1,0,0,0,0,1,0
2023-08-14 07:00:00,7,8,231,61,0,20.6,13.5,0.0,0,1,0,0,0,0,0,1,0
2023-08-12 04:00:00,2,5,49,11,0,19.7,15.4,11.4,0,0,1,0,0,0,0,1,0
2023-08-06 15:00:00,4,16,1536,338,0,20.0,5.5,3.0,0,0,0,1,0,0,0,1,0
2023-08-10 18:00:00,2,19,711,320,0,22.5,14.2,5.0,0,0,0,0,1,0,0,1,0
2023-08-18 00:00:00,0,1,96,25,0,20.9,13.2,9.7,1,0,0,0,0,0,0,1,0
2023-08-05 06:00:00,5,7,95,51,0,17.5,5.5,9.2,0,0,1,0,0,0,0,1,0
2023-08-16 19:00:00,1,20,96,5,0,17.7,13.9,0.2,0,0,0,0,0,0,1,1,0
2023-08-14 06:00:00,4,7,82,40,0,20.6,13.5,0.0,0,1,0,0,0,0,0,1,0
2023-08-12 05:00:00,2,6,31,6,0,19.7,15.4,11.4,0,0,1,0,0,0,0,1,0
2023-08-06 12:00:00,3,13,1361,313,0,20.0,5.5,3.0,0,0,0,1,0,0,0,1,0
2023-08-10 21:00:00,2,22,313,167,0,22.5,14.2,5.0,0,0,0,0,1,0,0,1,0
2023-08-18 03:00:00,0,4,12,20,0,20.9,13.2,9.7,1,0,0,0,0,0,0,1,0
2023-08-05 12:00:00,4,13,1898,516,0,17.5,5.5,9.2,0,0,1,0,0,0,0,1,0
2023-08-16 15:00:00,0,16,1088,344,0,17.7,13.9,0.2,0,0,0,0,0,0,1,1,0
2023-08-14 20:00:00,3,21,198,41,0,20.6,13.5,0.0,0,1,0,0,0,0,0,1,0
2023-08-12 14:00:00,1,15,1047,568,0,19.7,15.4,11.4,0,0,1,0,0,0,0,1,0
2023-08-06 21:00:00,3,22,217,166,0,20.0,5.5,3.0,0,0,0,1,0,0,0,1,0
2023-08-10 11:00:00,1,12,900,457,0,22.5,14.2,5.0,0,0,0,0,1,0,0,1,0
2023-08-10 20:00:00,1,21,479,199,0,22.5,14.2,5.0,0,0,0,0,1,0,0,1,0
2023-08-10 22:00:00,1,23,244,169,0,22.5,14.2,5.0,0,0,0,0,1,0,0,1,0
2023-08-10 23:00:00,1,0,244,114,0,22.5,14.2,5.0,0,0,0,0,1,0,0,1,0
2023-08-10 00:00:00,1,1,130,106,0,22.5,14.2,5.0,0,0,0,0,1,0,0,1,0
2023-08-10 03:00:00,1,4,51,26,0,22.5,14.2,5.0,0,0,0,0,1,0,0,1,0
2023-08-10 06:00:00,0,7,113,128,0,22.5,14.2,5.0,0,0,0,0,1,0,0,1,0
2023-08-10 05:00:00,0,6,71,71,0,22.5,14.2,5.0,0,0,0,0,1,0,0,1,0
2023-08-10 01:00:00,0,2,50,67,0,22.5,14.2,5.0,0,0,0,0,1,0,0,1,0
2023-08-10 04:00:00,0,5,22,38,0,22.5,14.2,5.0,0,0,0,0,1,0,0,1,0
2023-08-10 02:00:00,0,3,8,36,0,22.5,14.2,5.0,0,0,0,0,1,0,0,1,0
2023-08-11 17:00:00,16,18,822,667,0,20.8,15.8,0.0,1,0,0,0,0,0,0,1,0
2023-08-11 19:00:00,9,20,213,123,0,20.8,15.8,0.0,1,0,0,0,0,0,0,1,0
2023-08-11 20:00:00,7,21,220,58,0,20.8,15.8,0.0,1,0,0,0,0,0,0,1,0
2023-08-11 15:00:00,6,16,1481,563,0,20.8,15.8,0.0,1,0,0,0,0,0,0,1,0
2023-08-11 12:00:00,5,13,1788,557,0,20.8,15.8,0.0,1,0,0,0,0,0,0,1,0
2023-08-11 13:00:00,5,14,1818,532,0,20.8,15.8,0.0,1,0,0,0,0,0,0,1,0
2023-08-11 18:00:00,5,19,535,456,0,20.8,15.8,0.0,1,0,0,0,0,0,0,1,0
2023-08-11 07:00:00,5,8,391,197,0,20.8,15.8,0.0,1,0,0,0,0,0,0,1,0
2023-08-11 22:00:00,5,23,232,72,0,20.8,15.8,0.0,1,0,0,0,0,0,0,1,0
2023-08-11 10:00:00,4,11,1329,480,0,20.8,15.8,0.0,1,0,0,0,0,0,0,1,0
2023-08-11 09:00:00,4,10,904,363,0,20.8,15.8,0.0,1,0,0,0,0,0,0,1,0
2023-08-11 21:00:00,4,22,233,83,0,20.8,15.8,0.0,1,0,0,0,0,0,0,1,0
2023-08-11 16:00:00,3,17,1098,621,0,20.8,15.8,0.0,1,0,0,0,0,0,0,1,0
2023-08-11 11:00:00,3,12,1750,520,0,20.8,15.8,0.0,1,0,0,0,0,0,0,1,0
2023-08-11 06:00:00,3,7,124,100,0,20.8,15.8,0.0,1,0,0,0,0,0,0,1,0
2023-08-11 05:00:00,3,6,61,77,0,20.8,15.8,0.0,1,0,0,0,0,0,0,1,0
2023-08-11 02:00:00,3,3,55,53,0,20.8,15.8,0.0,1,0,0,0,0,0,0,1,0
2023-08-11 14:00:00,2,15,1674,585,0,20.8,15.8,0.0,1,0,0,0,0,0,0,1,0
2023-08-11 08:00:00,1,9,489,291,0,20.8,15.8,0.0,1,0,0,0,0,0,0,1,0
2023-08-11 23:00:00,1,0,340,70,0,20.8,15.8,0.0,1,0,0,0,0,0,0,1,0
2023-08-11 00:00:00,1,1,141,68,0,20.8,15.8,0.0,1,0,0,0,0,0,0,1,0
2023-08-11 01:00:00,0,2,28,53,0,20.8,15.8,0.0,1,0,0,0,0,0,0,1,0
2023-08-11 03:00:00,0,4,24,40,0,20.8,15.8,0.0,1,0,0,0,0,0,0,1,0
2023-08-11 04:00:00,0,5,10,23,0,20.8,15.8,0.0,1,0,0,0,0,0,0,1,0
2023-08-12 17:00:00,8,18,889,453,0,19.7,15.4,11.4,0,0,1,0,0,0,0,1,0
2023-08-12 19:00:00,7,20,542,375,0,19.7,15.4,11.4,0,0,1,0,0,0,0,1,0
2023-08-12 09:00:00,7,10,546,370,0,19.7,15.4,11.4,0,0,1,0,0,0,0,1,0
2023-08-12 12:00:00,6,13,1089,591,0,19.7,15.4,11.4,0,0,1,0,0,0,0,1,0
2023-08-12 15:00:00,6,16,863,493,0,19.7,15.4,11.4,0,0,1,0,0,0,0,1,0
2023-08-12 18:00:00,6,19,707,466,0,19.7,15.4,11.4,0,0,1,0,0,0,0,1,0
2023-08-12 01:00:00,5,2,497,84,0,19.7,15.4,11.4,0,0,1,0,0,0,0,1,0
2023-08-12 11:00:00,3,12,809,479,0,19.7,15.4,11.4,0,0,1,0,0,0,0,1,0
2023-08-12 10:00:00,3,11,732,388,0,19.7,15.4,11.4,0,0,1,0,0,0,0,1,0
2023-08-16 04:00:00,0,5,11,26,0,17.7,13.9,0.2,0,0,0,0,0,0,1,1,0
2023-08-18 01:00:00,0,2,80,17,0,20.9,13.2,9.7,1,0,0,0,0,0,0,1,0
2023-08-12 23:00:00,1,0,480,254,0,19.7,15.4,11.4,0,0,1,0,0,0,0,1,0
2023-08-06 07:00:00,3,8,283,60,0,20.0,5.5,3.0,0,0,0,1,0,0,0,1,0
2023-08-14 22:00:00,2,23,140,86,0,20.6,13.5,0.0,0,1,0,0,0,0,0,1,0
2023-08-05 10:00:00,4,11,780,389,0,17.5,5.5,9.2,0,0,1,0,0,0,0,1,0
2023-08-16 03:00:00,0,4,8,14,0,17.7,13.9,0.2,0,0,0,0,0,0,1,1,0
2023-08-18 02:00:00,0,3,104,12,0,20.9,13.2,9.7,1,0,0,0,0,0,0,1,0
2023-08-12 20:00:00,1,21,392,245,0,19.7,15.4,11.4,0,0,1,0,0,0,0,1,0
2023-08-06 10:00:00,2,11,754,222,0,20.0,5.5,3.0,0,0,0,1,0,0,0,1,0
2023-08-14 00:00:00,2,1,135,30,0,20.6,13.5,0.0,0,1,0,0,0,0,0,1,0
2023-08-05 08:00:00,3,9,363,228,0,17.5,5.5,9.2,0,0,1,0,0,0,0,1,0
2023-08-16 01:00:00,0,2,15,12,0,17.7,13.9,0.2,0,0,0,0,0,0,1,1,0
2023-08-18 04:00:00,0,5,5,11,0,20.9,13.2,9.7,1,0,0,0,0,0,0,1,0
2023-08-12 08:00:00,1,9,458,222,0,19.7,15.4,11.4,0,0,1,0,0,0,0,1,0
2023-08-06 22:00:00,2,23,232,174,0,20.0,5.5,3.0,0,0,0,1,0,0,0,1,0
2023-08-14 05:00:00,2,6,46,15,0,20.6,13.5,0.0,0,1,0,0,0,0,0,1,0
2023-08-14 23:00:00,1,0,72,90,0,20.6,13.5,0.0,0,1,0,0,0,0,0,1,0
2023-08-14 02:00:00,1,3,231,60,0,20.6,13.5,0.0,0,1,0,0,0,0,0,1,0
2023-08-14 03:00:00,0,4,22,22,0,20.6,13.5,0.0,0,1,0,0,0,0,0,1,0
2023-08-14 01:00:00,0,2,80,21,0,20.6,13.5,0.0,0,1,0,0,0,0,0,1,0
2023-08-14 04:00:00,0,5,8,13,0,20.6,13.5,0.0,0,1,0,0,0,0,0,1,0
2023-08-15 18:00:00,16,19,537,71,0,18.4,11.2,0.9,0,0,0,0,0,1,0,1,0
2023-08-15 07:00:00,15,8,167,208,0,18.4,11.2,0.9,0,0,0,0,0,1,0,1,0
2023-08-15 16:00:00,13,17,972,310,0,18.4,11.2,0.9,0,0,0,0,0,1,0,1,0
2023-08-15 10:00:00,11,11,1222,449,0,18.4,11.2,0.9,0,0,0,0,0,1,0,1,0
2023-08-15 09:00:00,10,10,534,361,0,18.4,11.2,0.9,0,0,0,0,0,1,0,1,0
2023-08-15 15:00:00,10,16,893,345,0,18.4,11.2,0.9,0,0,0,0,0,1,0,1,0
2023-08-15 08:00:00,9,9,280,274,0,18.4,11.2,0.9,0,0,0,0,0,1,0,1,0
2023-08-15 19:00:00,8,20,258,10,0,18.4,11.2,0.9,0,0,0,0,0,1,0,1,0
2023-08-15 17:00:00,7,18,695,268,0,18.4,11.2,0.9,0,0,0,0,0,1,0,1,0
2023-08-15 20:00:00,6,21,157,27,0,18.4,11.2,0.9,0,0,0,0,0,1,0,1,0
2023-08-15 12:00:00,5,13,1691,509,0,18.4,11.2,0.9,0,0,0,0,0,1,0,1,0
2023-08-15 13:00:00,4,14,1430,387,0,18.4,11.2,0.9,0,0,0,0,0,1,0,1,0
2023-08-15 14:00:00,4,15,784,327,0,18.4,11.2,0.9,0,0,0,0,0,1,0,1,0
2023-08-15 11:00:00,3,12,1482,476,0,18.4,11.2,0.9,0,0,0,0,0,1,0,1,0
2023-08-15 00:00:00,3,1,26,25,0,18.4,11.2,0.9,0,0,0,0,0,1,0,1,0
2023-08-15 06:00:00,2,7,83,66,0,18.4,11.2,0.9,0,0,0,0,0,1,0,1,0
2023-08-15 22:00:00,2,23,47,30,0,18.4,11.2,0.9,0,0,0,0,0,1,0,1,0
2023-08-15 04:00:00,1,5,4,15,0,18.4,11.2,0.9,0,0,0,0,0,1,0,1,0
2023-08-15 05:00:00,1,6,14,12,0,18.4,11.2,0.9,0,0,0,0,0,1,0,1,0
2023-08-15 21:00:00,0,22,113,44,0,18.4,11.2,0.9,0,0,0,0,0,1,0,1,0
2023-08-15 23:00:00,0,0,26,15,0,18.4,11.2,0.9,0,0,0,0,0,1,0,1,0
2023-08-15 02:00:00,0,3,14,5,0,18.4,11.2,0.9,0,0,0,0,0,1,0,1,0
2023-08-15 03:00:00,0,4,10,5,0,18.4,11.2,0.9,0,0,0,0,0,1,0,1,0
2023-08-15 01:00:00,0,2,2,4,0,18.4,11.2,0.9,0,0,0,0,0,1,0,1,0
2023-08-16 10:00:00,8,11,1533,512,0,17.7,13.9,0.2,0,0,0,0,0,0,1,1,0
2023-08-16 14:00:00,8,15,1760,500,0,17.7,13.9,0.2,0,0,0,0,0,0,1,1,0
2023-08-16 11:00:00,7,12,1827,485,0,17.7,13.9,0.2,0,0,0,0,0,0,1,1,0
2023-08-16 12:00:00,6,13,2038,481,0,17.7,13.9,0.2,0,0,0,0,0,0,1,1,0
2023-08-16 09:00:00,6,10,1076,415,0,17.7,13.9,0.2,0,0,0,0,0,0,1,1,0
2023-08-16 05:00:00,4,6,62,78,0,17.7,13.9,0.2,0,0,0,0,0,0,1,1,0
2023-08-16 13:00:00,3,14,1994,496,0,17.7,13.9,0.2,0,0,0,0,0,0,1,1,0
2023-08-16 06:00:00,3,7,158,95,0,17.7,13.9,0.2,0,0,0,0,0,0,1,1,0
2023-08-16 08:00:00,2,9,730,319,0,17.7,13.9,0.2,0,0,0,0,0,0,1,1,0
2023-08-16 07:00:00,2,8,480,191,0,17.7,13.9,0.2,0,0,0,0,0,0,1,1,0
2023-08-16 16:00:00,1,17,240,31,0,17.7,13.9,0.2,0,0,0,0,0,0,1,1,0
2023-08-16 23:00:00,1,0,46,25,0,17.7,13.9,0.2,0,0,0,0,0,0,1,1,0
2023-08-16 17:00:00,1,18,226,17,0,17.7,13.9,0.2,0,0,0,0,0,0,1,1,0
2023-08-12 00:00:00,1,1,512,72,0,19.7,15.4,11.4,0,0,1,0,0,0,0,1,0
2023-08-19 18:00:00,12,19,468,205,0,21.8,13.4,0.0,0,0,1,0,0,0,0,1,0
2023-08-06 09:00:00,2,10,347,117,0,20.0,5.5,3.0,0,0,0,1,0,0,0,1,0
2023-08-05 07:00:00,3,8,175,124,0,17.5,5.5,9.2,0,0,1,0,0,0,0,1,0
2023-08-19 15:00:00,6,16,956,409,0,21.8,13.4,0.0,0,0,1,0,0,0,0,1,0
2023-08-16 20:00:00,0,21,69,10,0,17.7,13.9,0.2,0,0,0,0,0,0,1,1,0
2023-08-05 03:00:00,3,4,250,61,0,17.5,5.5,9.2,0,0,1,0,0,0,0,1,0
2023-08-06 04:00:00,2,5,40,17,0,20.0,5.5,3.0,0,0,0,1,0,0,0,1,0
2023-08-12 02:00:00,1,3,445,50,0,19.7,15.4,11.4,0,0,1,0,0,0,0,1,0
2023-08-19 13:00:00,6,14,853,294,0,21.8,13.4,0.0,0,0,1,0,0,0,0,1,0
2023-08-16 21:00:00,0,22,44,8,0,17.7,13.9,0.2,0,0,0,0,0,0,1,1,0
2023-08-05 17:00:00,2,18,379,2020,0,17.5,5.5,9.2,0,0,1,0,0,0,0,1,0
2023-08-06 11:00:00,1,12,1106,260,0,20.0,5.5,3.0,0,0,0,1,0,0,0,1,0
2023-08-12 07:00:00,1,8,80,36,0,19.7,15.4,11.4,0,0,1,0,0,0,0,1,0
2023-08-19 06:00:00,4,7,62,9,0,21.8,13.4,0.0,0,0,1,0,0,0,0,1,0
2023-08-16 00:00:00,0,1,43,8,0,17.7,13.9,0.2,0,0,0,0,0,0,1,1,0
2023-08-05 11:00:00,2,12,1121,426,0,17.5,5.5,9.2,0,0,1,0,0,0,0,1,0
2023-08-06 18:00:00,1,19,632,233,0,20.0,5.5,3.0,0,0,0,1,0,0,0,1,0
2023-08-06 23:00:00,1,0,164,118,0,20.0,5.5,3.0,0,0,0,1,0,0,0,1,0
2023-08-06 01:00:00,1,2,335,80,0,20.0,5.5,3.0,0,0,0,1,0,0,0,1,0
2023-08-06 19:00:00,0,20,539,174,0,20.0,5.5,3.0,0,0,0,1,0,0,0,1,0
2023-08-06 02:00:00,0,3,436,85,0,20.0,5.5,3.0,0,0,0,1,0,0,0,1,0
2023-08-06 08:00:00,0,9,214,82,0,20.0,5.5,3.0,0,0,0,1,0,0,0,1,0
2023-08-06 03:00:00,0,4,468,59,0,20.0,5.5,3.0,0,0,0,1,0,0,0,1,0
2023-08-06 06:00:00,0,7,125,48,0,20.0,5.5,3.0,0,0,0,1,0,0,0,1,0
2023-08-06 05:00:00,0,6,41,23,0,20.0,5.5,3.0,0,0,0,1,0,0,0,1,0
2023-08-07 13:00:00,12,14,1244,440,1,19.9,9.5,0.0,0,1,0,0,0,0,0,1,0
2023-08-07 09:00:00,12,10,718,359,1,19.9,9.5,0.0,0,1,0,0,0,0,0,1,0
2023-08-07 18:00:00,12,19,602,245,1,19.9,9.5,0.0,0,1,0,0,0,0,0,1,0
2023-08-07 15:00:00,9,16,1044,447,1,19.9,9.5,0.0,0,1,0,0,0,0,0,1,0
2023-08-07 12:00:00,9,13,1221,440,1,19.9,9.5,0.0,0,1,0,0,0,0,0,1,0
2023-08-07 20:00:00,8,21,217,280,1,19.9,9.5,0.0,0,1,0,0,0,0,0,1,0
2023-08-07 08:00:00,8,9,527,263,1,19.9,9.5,0.0,0,1,0,0,0,0,0,1,0
2023-08-07 16:00:00,6,17,1625,446,1,19.9,9.5,0.0,0,1,0,0,0,0,0,1,0
2023-08-07 10:00:00,6,11,1002,371,1,19.9,9.5,0.0,0,1,0,0,0,0,0,1,0
2023-08-07 14:00:00,5,15,1212,450,1,19.9,9.5,0.0,0,1,0,0,0,0,0,1,0
2023-08-07 17:00:00,5,18,1289,413,1,19.9,9.5,0.0,0,1,0,0,0,0,0,1,0
2023-08-07 11:00:00,4,12,1248,449,1,19.9,9.5,0.0,0,1,0,0,0,0,0,1,0
2023-08-07 07:00:00,4,8,358,185,1,19.9,9.5,0.0,0,1,0,0,0,0,0,1,0
2023-08-07 21:00:00,3,22,276,137,1,19.9,9.5,0.0,0,1,0,0,0,0,0,1,0
2023-08-07 00:00:00,3,1,99,78,1,19.9,9.5,0.0,0,1,0,0,0,0,0,1,0
2023-08-07 19:00:00,2,20,480,176,1,19.9,9.5,0.0,0,1,0,0,0,0,0,1,0
2023-08-07 05:00:00,2,6,36,63,1,19.9,9.5,0.0,0,1,0,0,0,0,0,1,0
2023-08-07 22:00:00,1,23,167,104,1,19.9,9.5,0.0,0,1,0,0,0,0,0,1,0
2023-08-07 23:00:00,0,0,82,99,1,19.9,9.5,0.0,0,1,0,0,0,0,0,1,0
2023-08-07 01:00:00,0,2,139,98,1,19.9,9.5,0.0,0,1,0,0,0,0,0,1,0
2023-08-07 06:00:00,0,7,145,83,1,19.9,9.5,0.0,0,1,0,0,0,0,0,1,0
2023-08-07 03:00:00,0,4,25,31,1,19.9,9.5,0.0,0,1,0,0,0,0,0,1,0
2023-08-07 02:00:00,0,3,79,27,1,19.9,9.5,0.0,0,1,0,0,0,0,0,1,0
2023-08-07 04:00:00,0,5,18,27,1,19.9,9.5,0.0,0,1,0,0,0,0,0,1,0
2023-08-08 16:00:00,34,17,694,216,0,19.1,7.7,0.2,0,0,0,0,0,1,0,1,0
2023-08-08 11:00:00,23,12,956,455,0,19.1,7.7,0.2,0,0,0,0,0,1,0,1,0
2023-08-08 08:00:00,20,9,226,274,0,19.1,7.7,0.2,0,0,0,0,0,1,0,1,0
2023-08-08 07:00:00,16,8,168,201,0,19.1,7.7,0.2,0,0,0,0,0,1,0,1,0
2023-08-08 10:00:00,14,11,667,452,0,19.1,7.7,0.2,0,0,0,0,0,1,0,1,0
2023-08-16 22:00:00,0,23,50,4,0,17.7,13.9,0.2,0,0,0,0,0,0,1,1,0
2023-08-19 17:00:00,3,18,600,428,0,21.8,13.4,0.0,0,0,1,0,0,0,0,1,0
2023-08-12 16:00:00,0,17,780,515,0,19.7,15.4,11.4,0,0,1,0,0,0,0,1,0
2023-08-05 19:00:00,2,20,589,304,0,17.5,5.5,9.2,0,0,1,0,0,0,0,1,0
2023-08-13 16:00:00,8,17,1182,322,0,19.7,13.4,1.1,0,0,0,1,0,0,0,1,0
2023-08-16 02:00:00,0,3,11,2,0,17.7,13.9,0.2,0,0,0,0,0,0,1,1,0
2023-08-19 14:00:00,3,15,759,273,0,21.8,13.4,0.0,0,0,1,0,0,0,0,1,0
2023-08-05 21:00:00,2,22,292,155,0,17.5,5.5,9.2,0,0,1,0,0,0,0,1,0
2023-08-13 17:00:00,6,18,831,239,0,19.7,13.4,1.1,0,0,0,1,0,0,0,1,0
2023-08-17 12:00:00,24,13,1348,500,0,11.2,14.6,0.0,0,0,0,0,1,0,0,1,0
2023-08-19 23:00:00,3,0,315,155,0,21.8,13.4,0.0,0,0,1,0,0,0,0,1,0
2023-08-05 05:00:00,2,6,22,46,0,17.5,5.5,9.2,0,0,1,0,0,0,0,1,0
2023-08-13 13:00:00,5,14,1530,314,0,19.7,13.4,1.1,0,0,0,1,0,0,0,1,0
2023-08-17 11:00:00,16,12,1256,431,0,11.2,14.6,0.0,0,0,0,0,1,0,0,1,0
2023-08-19 09:00:00,3,10,340,103,0,21.8,13.4,0.0,0,0,1,0,0,0,0,1,0
2023-08-05 14:00:00,1,15,1195,1767,0,17.5,5.5,9.2,0,0,1,0,0,0,0,1,0
2023-08-13 12:00:00,5,13,1427,271,0,19.7,13.4,1.1,0,0,0,1,0,0,0,1,0
2023-08-17 10:00:00,11,11,1115,471,0,11.2,14.6,0.0,0,0,0,0,1,0,0,1,0
2023-08-19 00:00:00,3,1,336,82,0,21.8,13.4,0.0,0,0,1,0,0,0,0,1,0
2023-08-05 00:00:00,1,1,337,120,0,17.5,5.5,9.2,0,0,1,0,0,0,0,1,0
2023-08-13 10:00:00,4,11,719,240,0,19.7,13.4,1.1,0,0,0,1,0,0,0,1,0
2023-08-17 17:00:00,10,18,1291,455,0,11.2,14.6,0.0,0,0,0,0,1,0,0,1,0
2023-08-19 16:00:00,2,17,841,491,0,21.8,13.4,0.0,0,0,1,0,0,0,0,1,0
2023-08-19 12:00:00,2,13,1033,407,0,21.8,13.4,0.0,0,0,1,0,0,0,0,1,0
2023-08-19 11:00:00,2,12,885,401,0,21.8,13.4,0.0,0,0,1,0,0,0,0,1,0
2023-08-19 01:00:00,2,2,300,76,0,21.8,13.4,0.0,0,0,1,0,0,0,0,1,0
2023-08-19 19:00:00,2,20,255,54,0,21.8,13.4,0.0,0,0,1,0,0,0,0,1,0
2023-08-19 20:00:00,2,21,87,44,0,21.8,13.4,0.0,0,0,1,0,0,0,0,1,0
2023-08-19 22:00:00,1,23,279,201,0,21.8,13.4,0.0,0,0,1,0,0,0,0,1,0
2023-08-19 08:00:00,1,9,270,83,0,21.8,13.4,0.0,0,0,1,0,0,0,0,1,0
2023-08-19 03:00:00,1,4,184,71,0,21.8,13.4,0.0,0,0,1,0,0,0,0,1,0
2023-08-19 05:00:00,1,6,15,5,0,21.8,13.4,0.0,0,0,1,0,0,0,0,1,0
2023-08-19 10:00:00,0,11,652,330,0,21.8,13.4,0.0,0,0,1,0,0,0,0,1,0
2023-08-19 21:00:00,0,22,271,204,0,21.8,13.4,0.0,0,0,1,0,0,0,0,1,0
2023-08-19 07:00:00,0,8,211,55,0,21.8,13.4,0.0,0,0,1,0,0,0,0,1,0
2023-08-19 02:00:00,0,3,108,47,0,21.8,13.4,0.0,0,0,1,0,0,0,0,1,0
2023-08-19 04:00:00,0,5,15,12,0,21.8,13.4,0.0,0,0,1,0,0,0,0,1,0
2023-08-20 17:00:00,13,18,777,249,0,21.5,14.0,0.0,0,0,0,1,0,0,0,1,0
2023-08-20 19:00:00,12,20,403,194,0,21.5,14.0,0.0,0,0,0,1,0,0,0,1,0
2023-08-20 16:00:00,10,17,452,251,0,21.5,14.0,0.0,0,0,0,1,0,0,0,1,0
2023-08-20 18:00:00,9,19,434,212,0,21.5,14.0,0.0,0,0,0,1,0,0,0,1,0
2023-08-20 14:00:00,9,15,393,147,0,21.5,14.0,0.0,0,0,0,1,0,0,0,1,0
2023-08-20 12:00:00,8,13,640,201,0,21.5,14.0,0.0,0,0,0,1,0,0,0,1,0
2023-08-20 15:00:00,8,16,323,68,0,21.5,14.0,0.0,0,0,0,1,0,0,0,1,0
2023-08-20 10:00:00,7,11,369,135,0,21.5,14.0,0.0,0,0,0,1,0,0,0,1,0
2023-08-20 13:00:00,5,14,575,251,0,21.5,14.0,0.0,0,0,0,1,0,0,0,1,0
2023-08-20 05:00:00,4,6,18,7,0,21.5,14.0,0.0,0,0,0,1,0,0,0,1,0
2023-08-20 09:00:00,3,10,123,544,0,21.5,14.0,0.0,0,0,0,1,0,0,0,1,0
2023-08-20 08:00:00,3,9,39,386,0,21.5,14.0,0.0,0,0,0,1,0,0,0,1,0
2023-08-20 20:00:00,3,21,450,164,0,21.5,14.0,0.0,0,0,0,1,0,0,0,1,0
2023-08-20 01:00:00,2,2,288,54,0,21.5,14.0,0.0,0,0,0,1,0,0,0,1,0
2023-08-20 11:00:00,1,12,575,178,0,21.5,14.0,0.0,0,0,0,1,0,0,0,1,0
2023-08-20 21:00:00,1,22,249,151,0,21.5,14.0,0.0,0,0,0,1,0,0,0,1,0
2023-08-20 07:00:00,1,8,95,57,0,21.5,14.0,0.0,0,0,0,1,0,0,0,1,0
2023-08-08 17:00:00,14,18,757,182,0,19.1,7.7,0.2,0,0,0,0,0,1,0,1,0
2023-08-17 16:00:00,9,17,970,545,0,11.2,14.6,0.0,0,0,0,0,1,0,0,1,0
2023-08-05 04:00:00,1,5,26,18,0,17.5,5.5,9.2,0,0,1,0,0,0,0,1,0
2023-08-13 18:00:00,4,19,609,209,0,19.7,13.4,1.1,0,0,0,1,0,0,0,1,0
2023-08-08 14:00:00,12,15,801,597,0,19.1,7.7,0.2,0,0,0,0,0,1,0,1,0
2023-08-17 13:00:00,8,14,1372,522,0,11.2,14.6,0.0,0,0,0,0,1,0,0,1,0
2023-08-05 18:00:00,0,19,631,333,0,17.5,5.5,9.2,0,0,1,0,0,0,0,1,0
2023-08-13 15:00:00,4,16,863,194,0,19.7,13.4,1.1,0,0,0,1,0,0,0,1,0
2023-08-08 09:00:00,11,10,392,385,0,19.1,7.7,0.2,0,0,0,0,0,1,0,1,0
2023-08-17 08:00:00,8,9,614,259,0,11.2,14.6,0.0,0,0,0,0,1,0,0,1,0
2023-08-05 01:00:00,0,2,317,118,0,17.5,5.5,9.2,0,0,1,0,0,0,0,1,0
2023-08-13 02:00:00,4,3,429,77,0,19.7,13.4,1.1,0,0,0,1,0,0,0,1,0
2023-08-08 18:00:00,10,19,494,102,0,19.1,7.7,0.2,0,0,0,0,0,1,0,1,0
2023-08-17 14:00:00,7,15,1322,545,0,11.2,14.6,0.0,0,0,0,0,1,0,0,1,0
2023-08-05 02:00:00,0,3,174,72,0,17.5,5.5,9.2,0,0,1,0,0,0,0,1,0
2023-08-13 14:00:00,3,15,1069,429,0,19.7,13.4,1.1,0,0,0,1,0,0,0,1,0
2023-08-08 13:00:00,9,14,1047,534,0,19.1,7.7,0.2,0,0,0,0,0,1,0,1,0
2023-08-17 09:00:00,6,10,901,363,0,11.2,14.6,0.0,0,0,0,0,1,0,0,1,0
2023-08-06 20:00:00,11,21,364,197,0,20.0,5.5,3.0,0,0,0,1,0,0,0,1,0
2023-08-13 09:00:00,3,10,466,127,0,19.7,13.4,1.1,0,0,0,1,0,0,0,1,0
2023-08-08 19:00:00,9,20,343,84,0,19.1,7.7,0.2,0,0,0,0,0,1,0,1,0
2023-08-17 15:00:00,4,16,1090,535,0,11.2,14.6,0.0,0,0,0,0,1,0,0,1,0
2023-08-06 17:00:00,9,18,990,272,0,20.0,5.5,3.0,0,0,0,1,0,0,0,1,0
2023-08-13 03:00:00,3,4,564,47,0,19.7,13.4,1.1,0,0,0,1,0,0,0,1,0
2023-08-08 21:00:00,9,22,183,41,0,19.1,7.7,0.2,0,0,0,0,0,1,0,1,0
2023-08-17 18:00:00,3,19,980,401,0,11.2,14.6,0.0,0,0,0,0,1,0,0,1,0
2023-08-06 14:00:00,6,15,1652,353,0,20.0,5.5,3.0,0,0,0,1,0,0,0,1,0
2023-08-13 05:00:00,3,6,45,4,0,19.7,13.4,1.1,0,0,0,1,0,0,0,1,0
2023-08-08 12:00:00,8,13,1003,538,0,19.1,7.7,0.2,0,0,0,0,0,1,0,1,0
2023-08-17 19:00:00,3,20,595,256,0,11.2,14.6,0.0,0,0,0,0,1,0,0,1,0
2023-08-17 20:00:00,3,21,597,223,0,11.2,14.6,0.0,0,0,0,0,1,0,0,1,0
2023-08-17 07:00:00,2,8,336,183,0,11.2,14.6,0.0,0,0,0,0,1,0,0,1,0
2023-08-17 21:00:00,2,22,261,179,0,11.2,14.6,0.0,0,0,0,0,1,0,0,1,0
2023-08-17 05:00:00,2,6,80,56,0,11.2,14.6,0.0,0,0,0,0,1,0,0,1,0
2023-08-17 03:00:00,1,4,32,10,0,11.2,14.6,0.0,0,0,0,0,1,0,0,1,0
2023-08-17 22:00:00,0,23,229,123,0,11.2,14.6,0.0,0,0,0,0,1,0,0,1,0
2023-08-17 06:00:00,0,7,145,108,0,11.2,14.6,0.0,0,0,0,0,1,0,0,1,0
2023-08-17 23:00:00,0,0,117,37,0,11.2,14.6,0.0,0,0,0,0,1,0,0,1,0
2023-08-17 02:00:00,0,3,234,26,0,11.2,14.6,0.0,0,0,0,0,1,0,0,1,0
2023-08-17 04:00:00,0,5,12,14,0,11.2,14.6,0.0,0,0,0,0,1,0,0,1,0
2023-08-17 01:00:00,0,2,152,11,0,11.2,14.6,0.0,0,0,0,0,1,0,0,1,0
2023-08-17 00:00:00,0,1,117,11,0,11.2,14.6,0.0,0,0,0,0,1,0,0,1,0
2023-08-18 07:00:00,12,8,138,48,0,20.9,13.2,9.7,1,0,0,0,0,0,0,1,0
2023-08-18 06:00:00,12,7,69,18,0,20.9,13.2,9.7,1,0,0,0,0,0,0,1,0
2023-08-18 12:00:00,8,13,1832,529,0,20.9,13.2,9.7,1,0,0,0,0,0,0,1,0
2023-08-18 10:00:00,8,11,1545,478,0,20.9,13.2,9.7,1,0,0,0,0,0,0,1,0
2023-08-18 11:00:00,8,12,1092,405,0,20.9,13.2,9.7,1,0,0,0,0,0,0,1,0
2023-08-18 18:00:00,4,19,502,540,0,20.9,13.2,9.7,1,0,0,0,0,0,0,1,0
2023-08-18 14:00:00,4,15,1005,496,0,20.9,13.2,9.7,1,0,0,0,0,0,0,1,0
2023-08-18 15:00:00,4,16,994,431,0,20.9,13.2,9.7,1,0,0,0,0,0,0,1,0
2023-08-18 20:00:00,3,21,520,276,0,20.9,13.2,9.7,1,0,0,0,0,0,0,1,0
2023-08-18 23:00:00,3,0,309,74,0,20.9,13.2,9.7,1,0,0,0,0,0,0,1,0
2023-08-18 22:00:00,3,23,208,73,0,20.9,13.2,9.7,1,0,0,0,0,0,0,1,0
2023-08-18 17:00:00,2,18,639,549,0,20.9,13.2,9.7,1,0,0,0,0,0,0,1,0
2023-08-18 09:00:00,2,10,1038,437,0,20.9,13.2,9.7,1,0,0,0,0,0,0,1,0
2023-08-18 08:00:00,2,9,547,307,0,20.9,13.2,9.7,1,0,0,0,0,0,0,1,0
2023-08-18 21:00:00,2,22,215,163,0,20.9,13.2,9.7,1,0,0,0,0,0,0,1,0
2023-08-08 15:00:00,5,16,589,303,0,19.1,7.7,0.2,0,0,0,0,0,1,0,1,0
2023-08-08 20:00:00,5,21,233,54,0,19.1,7.7,0.2,0,0,0,0,0,1,0,1,0
2023-08-08 06:00:00,1,7,74,103,0,19.1,7.7,0.2,0,0,0,0,0,1,0,1,0
2023-08-08 22:00:00,1,23,89,54,0,19.1,7.7,0.2,0,0,0,0,0,1,0,1,0
2023-08-08 01:00:00,1,2,44,38,0,19.1,7.7,0.2,0,0,0,0,0,1,0,1,0
2023-08-08 23:00:00,1,0,59,25,0,19.1,7.7,0.2,0,0,0,0,0,1,0,1,0
2023-08-08 05:00:00,0,6,45,55,0,19.1,7.7,0.2,0,0,0,0,0,1,0,1,0
2023-08-08 00:00:00,0,1,79,53,0,19.1,7.7,0.2,0,0,0,0,0,1,0,1,0
2023-08-13 11:00:00,2,12,920,266,0,19.7,13.4,1.1,0,0,0,1,0,0,0,1,0
2023-08-08 02:00:00,0,3,27,31,0,19.1,7.7,0.2,0,0,0,0,0,1,0,1,0
2023-08-13 00:00:00,2,1,496,80,0,19.7,13.4,1.1,0,0,0,1,0,0,0,1,0
2023-08-08 04:00:00,0,5,15,14,0,19.1,7.7,0.2,0,0,0,0,0,1,0,1,0
2023-08-13 23:00:00,2,0,123,58,0,19.7,13.4,1.1,0,0,0,1,0,0,0,1,0
2023-08-08 03:00:00,0,4,29,13,0,19.1,7.7,0.2,0,0,0,0,0,1,0,1,0
2023-08-13 07:00:00,2,8,208,44,0,19.7,13.4,1.1,0,0,0,1,0,0,0,1,0
2023-08-09 13:00:00,18,14,1135,454,0,22.8,8.8,0.0,0,0,0,0,0,0,1,1,0
2023-08-13 08:00:00,1,9,175,75,0,19.7,13.4,1.1,0,0,0,1,0,0,0,1,0
2023-08-09 17:00:00,13,18,1148,462,0,22.8,8.8,0.0,0,0,0,0,0,0,1,1,0
2023-08-13 06:00:00,1,7,47,31,0,19.7,13.4,1.1,0,0,0,1,0,0,0,1,0
2023-08-09 12:00:00,8,13,982,479,0,22.8,8.8,0.0,0,0,0,0,0,0,1,1,0
2023-08-13 19:00:00,0,20,496,169,0,19.7,13.4,1.1,0,0,0,1,0,0,0,1,0
2023-08-09 16:00:00,7,17,1430,491,0,22.8,8.8,0.0,0,0,0,0,0,0,1,1,0
2023-08-13 01:00:00,0,2,468,66,0,19.7,13.4,1.1,0,0,0,1,0,0,0,1,0
2023-08-09 15:00:00,7,16,973,435,0,22.8,8.8,0.0,0,0,0,0,0,0,1,1,0
2023-08-13 21:00:00,0,22,63,43,0,19.7,13.4,1.1,0,0,0,1,0,0,0,1,0
2023-08-09 14:00:00,6,15,869,634,0,22.8,8.8,0.0,0,0,0,0,0,0,1,1,0
2023-08-13 20:00:00,0,21,131,36,0,19.7,13.4,1.1,0,0,0,1,0,0,0,1,0
2023-08-09 21:00:00,6,22,269,165,0,22.8,8.8,0.0,0,0,0,0,0,0,1,1,0
2023-08-13 22:00:00,0,23,58,34,0,19.7,13.4,1.1,0,0,0,1,0,0,0,1,0
2023-08-09 07:00:00,5,8,270,257,0,22.8,8.8,0.0,0,0,0,0,0,0,1,1,0
2023-08-13 04:00:00,0,5,38,18,0,19.7,13.4,1.1,0,0,0,1,0,0,0,1,0
2023-08-09 20:00:00,5,21,423,171,0,22.8,8.8,0.0,0,0,0,0,0,0,1,1,0
2023-08-09 11:00:00,4,12,1009,450,0,22.8,8.8,0.0,0,0,0,0,0,0,1,1,0
2023-08-09 08:00:00,4,9,506,420,0,22.8,8.8,0.0,0,0,0,0,0,0,1,1,0
2023-08-09 10:00:00,3,11,864,514,0,22.8,8.8,0.0,0,0,0,0,0,0,1,1,0
2023-08-09 09:00:00,3,10,644,475,0,22.8,8.8,0.0,0,0,0,0,0,0,1,1,0
2023-08-09 18:00:00,2,19,640,315,0,22.8,8.8,0.0,0,0,0,0,0,0,1,1,0
2023-08-09 19:00:00,2,20,357,249,0,22.8,8.8,0.0,0,0,0,0,0,0,1,1,0
2023-08-09 06:00:00,2,7,135,155,0,22.8,8.8,0.0,0,0,0,0,0,0,1,1,0
2023-08-09 22:00:00,2,23,220,124,0,22.8,8.8,0.0,0,0,0,0,0,0,1,1,0
2023-08-09 01:00:00,1,2,52,40,0,22.8,8.8,0.0,0,0,0,0,0,0,1,1,0
2023-08-09 04:00:00,1,5,9,26,0,22.8,8.8,0.0,0,0,0,0,0,0,1,1,0
2023-08-09 00:00:00,1,1,34,23,0,22.8,8.8,0.0,0,0,0,0,0,0,1,1,0
2023-08-09 23:00:00,0,0,152,95,0,22.8,8.8,0.0,0,0,0,0,0,0,1,1,0
2023-08-09 05:00:00,0,6,36,43,0,22.8,8.8,0.0,0,0,0,0,0,0,1,1,0
2023-08-09 02:00:00,0,3,16,42,0,22.8,8.8,0.0,0,0,0,0,0,0,1,1,0
2023-08-09 03:00:00,0,4,8,22,0,22.8,8.8,0.0,0,0,0,0,0,0,1,1,0
2023-08-10 14:00:00,14,15,988,430,0,22.5,14.2,5.0,0,0,0,0,1,0,0,1,0
2023-08-10 15:00:00,13,16,910,376,0,22.5,14.2,5.0,0,0,0,0,1,0,0,1,0
2023-08-10 16:00:00,11,17,841,436,0,22.5,14.2,5.0,0,0,0,0,1,0,0,1,0
2023-08-10 17:00:00,10,18,980,410,0,22.5,14.2,5.0,0,0,0,0,1,0,0,1,0
2023-08-10 09:00:00,9,10,536,406,0,22.5,14.2,5.0,0,0,0,0,1,0,0,1,0
2023-08-10 12:00:00,7,13,980,469,0,22.5,14.2,5.0,0,0,0,0,1,0,0,1,0
2023-08-10 07:00:00,7,8,236,230,0,22.5,14.2,5.0,0,0,0,0,1,0,0,1,0
2023-08-14 11:00:00,38,12,822,193,0,20.6,13.5,0.0,0,1,0,0,0,0,0,1,0
2023-08-14 12:00:00,37,13,999,211,0,20.6,13.5,0.0,0,1,0,0,0,0,0,1,0
2023-08-14 13:00:00,27,14,1094,224,0,20.6,13.5,0.0,0,1,0,0,0,0,0,1,0
2023-08-14 14:00:00,27,15,925,205,0,20.6,13.5,0.0,0,1,0,0,0,0,0,1,0
2023-08-14 10:00:00,23,11,611,167,0,20.6,13.5,0.0,0,1,0,0,0,0,0,1,0
2023-08-14 17:00:00,23,18,721,134,0,20.6,13.5,0.0,0,1,0,0,0,0,0,1,0
2023-08-14 15:00:00,22,16,931,199,0,20.6,13.5,0.0,0,1,0,0,0,0,0,1,0
2023-08-14 16:00:00,21,17,830,214,0,20.6,13.5,0.0,0,1,0,0,0,0,0,1,0
2023-08-14 18:00:00,21,19,500,111,0,20.6,13.5,0.0,0,1,0,0,0,0,0,1,0
2023-08-14 09:00:00,17,10,501,148,0,20.6,13.5,0.0,0,1,0,0,0,0,0,1,0
2023-08-14 08:00:00,17,9,433,111,0,20.6,13.5,0.0,0,1,0,0,0,0,0,1,0
2023-08-22 01:00:00,1,2,57,18,0,18.0,15.6,0.7,0,0,0,0,0,1,0,1,0
2023-08-22 21:00:00,0,22,191,155,0,18.0,15.6,0.7,0,0,0,0,0,1,0,1,0
2023-08-22 23:00:00,0,0,140,127,0,18.0,15.6,0.7,0,0,0,0,0,1,0,1,0
2023-08-22 22:00:00,0,23,181,123,0,18.0,15.6,0.7,0,0,0,0,0,1,0,1,0
2023-08-22 04:00:00,0,5,10,23,0,18.0,15.6,0.7,0,0,0,0,0,1,0,1,0
2023-08-23 14:00:00,15,15,1207,501,0,19.5,9.3,3.6,0,0,0,0,0,0,1,1,0
2023-08-23 10:00:00,14,11,1029,398,0,19.5,9.3,3.6,0,0,0,0,0,0,1,1,0
2023-08-23 12:00:00,13,13,1146,467,0,19.5,9.3,3.6,0,0,0,0,0,0,1,1,0
2023-08-23 13:00:00,11,14,1087,468,0,19.5,9.3,3.6,0,0,0,0,0,0,1,1,0
2023-08-23 11:00:00,11,12,1033,439,0,19.5,9.3,3.6,0,0,0,0,0,0,1,1,0
2023-08-23 09:00:00,9,10,749,369,0,19.5,9.3,3.6,0,0,0,0,0,0,1,1,0
2023-08-23 08:00:00,7,9,483,311,0,19.5,9.3,3.6,0,0,0,0,0,0,1,1,0
2023-08-23 06:00:00,7,7,105,84,0,19.5,9.3,3.6,0,0,0,0,0,0,1,1,0
2023-08-23 16:00:00,5,17,973,372,0,19.5,9.3,3.6,0,0,0,0,0,0,1,1,0
2023-08-23 17:00:00,5,18,780,367,0,19.5,9.3,3.6,0,0,0,0,0,0,1,1,0
2023-08-23 07:00:00,5,8,289,183,0,19.5,9.3,3.6,0,0,0,0,0,0,1,1,0
2023-08-23 15:00:00,4,16,1046,413,0,19.5,9.3,3.6,0,0,0,0,0,0,1,1,0
2023-08-23 23:00:00,3,0,115,46,0,19.5,9.3,3.6,0,0,0,0,0,0,1,1,0
2023-08-23 03:00:00,2,4,76,27,0,19.5,9.3,3.6,0,0,0,0,0,0,1,1,0
2023-08-23 19:00:00,1,20,319,211,0,19.5,9.3,3.6,0,0,0,0,0,0,1,1,0
2023-08-23 20:00:00,1,21,245,175,0,19.5,9.3,3.6,0,0,0,0,0,0,1,1,0
2023-08-23 21:00:00,1,22,86,78,0,19.5,9.3,3.6,0,0,0,0,0,0,1,1,0
2023-08-23 00:00:00,1,1,80,75,0,19.5,9.3,3.6,0,0,0,0,0,0,1,1,0
2023-08-23 22:00:00,1,23,56,52,0,19.5,9.3,3.6,0,0,0,0,0,0,1,1,0
2023-08-23 05:00:00,1,6,23,51,0,19.5,9.3,3.6,0,0,0,0,0,0,1,1,0
2023-08-23 18:00:00,0,19,414,304,0,19.5,9.3,3.6,0,0,0,0,0,0,1,1,0
2023-08-20 00:00:00,1,1,212,44,0,21.5,14.0,0.0,0,0,0,1,0,0,0,1,0
2023-08-23 01:00:00,0,2,55,46,0,19.5,9.3,3.6,0,0,0,0,0,0,1,1,0
2023-08-23 02:00:00,0,3,59,33,0,19.5,9.3,3.6,0,0,0,0,0,0,1,1,0
2023-08-23 04:00:00,0,5,2,25,0,19.5,9.3,3.6,0,0,0,0,0,0,1,1,0
2023-08-24 17:00:00,16,18,672,130,0,17.9,12.1,0.0,0,0,0,0,1,0,0,1,0
2023-08-24 15:00:00,13,16,599,2098,0,17.9,12.1,0.0,0,0,0,0,1,0,0,1,0
2023-08-24 19:00:00,13,20,295,87,0,17.9,12.1,0.0,0,0,0,0,1,0,0,1,0
2023-08-24 08:00:00,11,9,463,259,0,17.9,12.1,0.0,0,0,0,0,1,0,0,1,0
2023-08-24 18:00:00,10,19,444,135,0,17.9,12.1,0.0,0,0,0,0,1,0,0,1,0
2023-08-24 12:00:00,9,13,974,401,0,17.9,12.1,0.0,0,0,0,0,1,0,0,1,0
2023-08-24 09:00:00,9,10,584,360,0,17.9,12.1,0.0,0,0,0,0,1,0,0,1,0
2023-08-24 10:00:00,6,11,817,344,0,17.9,12.1,0.0,0,0,0,0,1,0,0,1,0
2023-08-24 11:00:00,6,12,873,327,0,17.9,12.1,0.0,0,0,0,0,1,0,0,1,0
2023-08-24 07:00:00,6,8,298,216,0,17.9,12.1,0.0,0,0,0,0,1,0,0,1,0
2023-08-24 16:00:00,5,17,629,1664,0,17.9,12.1,0.0,0,0,0,0,1,0,0,1,0
2023-08-24 13:00:00,4,14,749,1347,0,17.9,12.1,0.0,0,0,0,0,1,0,0,1,0
2023-08-24 20:00:00,4,21,252,70,0,17.9,12.1,0.0,0,0,0,0,1,0,0,1,0
2023-08-24 21:00:00,4,22,136,54,0,17.9,12.1,0.0,0,0,0,0,1,0,0,1,0
2023-08-24 22:00:00,4,23,131,53,0,17.9,12.1,0.0,0,0,0,0,1,0,0,1,0
2023-08-24 14:00:00,2,15,636,1965,0,17.9,12.1,0.0,0,0,0,0,1,0,0,1,0
2023-08-26 05:00:00,0,6,47,36,0,18.3,5.5,0.8,0,0,1,0,0,0,0,1,0
2023-08-24 06:00:00,2,7,188,96,0,17.9,12.1,0.0,0,0,0,0,1,0,0,1,0
2023-08-24 05:00:00,2,6,81,36,0,17.9,12.1,0.0,0,0,0,0,1,0,0,1,0
2023-08-24 00:00:00,2,1,166,20,0,17.9,12.1,0.0,0,0,0,0,1,0,0,1,0
2023-08-24 01:00:00,1,2,104,34,0,17.9,12.1,0.0,0,0,0,0,1,0,0,1,0
2023-08-24 02:00:00,1,3,118,23,0,17.9,12.1,0.0,0,0,0,0,1,0,0,1,0
2023-08-31 19:00:00,7,20,388,253,0,17.8,7.5,0.0,0,0,0,0,1,0,0,1,0
2023-08-27 13:00:00,9,14,1203,310,0,18.6,5.5,4.8,0,0,0,1,0,0,0,1,0
2023-08-31 12:00:00,6,13,971,424,0,17.8,7.5,0.0,0,0,0,0,1,0,0,1,0
2023-08-20 06:00:00,1,7,59,33,0,21.5,14.0,0.0,0,0,0,1,0,0,0,1,0
2023-08-27 18:00:00,7,19,502,154,0,18.6,5.5,4.8,0,0,0,1,0,0,0,1,0
2023-08-31 20:00:00,6,21,290,252,0,17.8,7.5,0.0,0,0,0,0,1,0,0,1,0
2023-08-20 22:00:00,0,23,157,139,0,21.5,14.0,0.0,0,0,0,1,0,0,0,1,0
2023-08-27 11:00:00,6,12,891,312,0,18.6,5.5,4.8,0,0,0,1,0,0,0,1,0
2023-08-31 23:00:00,5,0,126,45,0,17.8,7.5,0.0,0,0,0,0,1,0,0,1,0
2023-08-20 23:00:00,0,0,161,110,0,21.5,14.0,0.0,0,0,0,1,0,0,0,1,0
2023-08-27 19:00:00,6,20,390,191,0,18.6,5.5,4.8,0,0,0,1,0,0,0,1,0
2023-08-31 09:00:00,4,10,927,400,0,17.8,7.5,0.0,0,0,0,0,1,0,0,1,0
2023-08-20 03:00:00,0,4,284,73,0,21.5,14.0,0.0,0,0,0,1,0,0,0,1,0
2023-08-27 00:00:00,6,1,302,79,0,18.6,5.5,4.8,0,0,0,1,0,0,0,1,0
2023-08-31 11:00:00,4,12,877,373,0,17.8,7.5,0.0,0,0,0,0,1,0,0,1,0
2023-08-20 02:00:00,0,3,228,52,0,21.5,14.0,0.0,0,0,0,1,0,0,0,1,0
2023-08-27 14:00:00,5,15,973,450,0,18.6,5.5,4.8,0,0,0,1,0,0,0,1,0
2023-08-20 04:00:00,0,5,28,9,0,21.5,14.0,0.0,0,0,0,1,0,0,0,1,0
2023-08-31 07:00:00,4,8,414,170,0,17.8,7.5,0.0,0,0,0,0,1,0,0,1,0
2023-08-27 17:00:00,5,18,898,253,0,18.6,5.5,4.8,0,0,0,1,0,0,0,1,0
2023-08-21 16:00:00,31,17,774,424,0,21.4,14.3,0.6,0,1,0,0,0,0,0,1,0
2023-08-31 22:00:00,4,23,145,39,0,17.8,7.5,0.0,0,0,0,0,1,0,0,1,0
2023-08-27 15:00:00,4,16,1039,315,0,18.6,5.5,4.8,0,0,0,1,0,0,0,1,0
2023-08-21 18:00:00,11,19,638,208,0,21.4,14.3,0.6,0,1,0,0,0,0,0,1,0
2023-08-21 12:00:00,10,13,1587,599,0,21.4,14.3,0.6,0,1,0,0,0,0,0,1,0
2023-08-21 10:00:00,7,11,1570,521,0,21.4,14.3,0.6,0,1,0,0,0,0,0,1,0
2023-08-21 17:00:00,7,18,578,304,0,21.4,14.3,0.6,0,1,0,0,0,0,0,1,0
2023-08-21 15:00:00,6,16,792,384,0,21.4,14.3,0.6,0,1,0,0,0,0,0,1,0
2023-08-21 19:00:00,6,20,453,210,0,21.4,14.3,0.6,0,1,0,0,0,0,0,1,0
2023-08-21 09:00:00,5,10,1104,406,0,21.4,14.3,0.6,0,1,0,0,0,0,0,1,0
2023-08-21 13:00:00,3,14,1206,634,0,21.4,14.3,0.6,0,1,0,0,0,0,0,1,0
2023-08-21 11:00:00,3,12,1767,538,0,21.4,14.3,0.6,0,1,0,0,0,0,0,1,0
2023-08-21 14:00:00,3,15,754,432,0,21.4,14.3,0.6,0,1,0,0,0,0,0,1,0
2023-08-21 07:00:00,3,8,427,228,0,21.4,14.3,0.6,0,1,0,0,0,0,0,1,0
2023-08-21 08:00:00,2,9,718,313,0,21.4,14.3,0.6,0,1,0,0,0,0,0,1,0
2023-08-21 20:00:00,2,21,278,116,0,21.4,14.3,0.6,0,1,0,0,0,0,0,1,0
2023-08-21 22:00:00,2,23,124,104,0,21.4,14.3,0.6,0,1,0,0,0,0,0,1,0
2023-08-21 21:00:00,2,22,199,101,0,21.4,14.3,0.6,0,1,0,0,0,0,0,1,0
2023-08-21 06:00:00,1,7,167,93,0,21.4,14.3,0.6,0,1,0,0,0,0,0,1,0
2023-08-21 05:00:00,1,6,81,47,0,21.4,14.3,0.6,0,1,0,0,0,0,0,1,0
2023-08-21 00:00:00,0,1,126,76,0,21.4,14.3,0.6,0,1,0,0,0,0,0,1,0
2023-08-21 01:00:00,0,2,135,71,0,21.4,14.3,0.6,0,1,0,0,0,0,0,1,0
2023-08-21 23:00:00,0,0,46,62,0,21.4,14.3,0.6,0,1,0,0,0,0,0,1,0
2023-08-21 02:00:00,0,3,62,41,0,21.4,14.3,0.6,0,1,0,0,0,0,0,1,0
2023-08-21 03:00:00,0,4,27,25,0,21.4,14.3,0.6,0,1,0,0,0,0,0,1,0
2023-08-21 04:00:00,0,5,26,18,0,21.4,14.3,0.6,0,1,0,0,0,0,0,1,0
2023-08-22 16:00:00,18,17,995,602,0,18.0,15.6,0.7,0,0,0,0,0,1,0,1,0
2023-08-22 17:00:00,16,18,834,461,0,18.0,15.6,0.7,0,0,0,0,0,1,0,1,0
2023-08-22 12:00:00,13,13,1079,591,0,18.0,15.6,0.7,0,0,0,0,0,1,0,1,0
2023-08-22 15:00:00,11,16,1031,627,0,18.0,15.6,0.7,0,0,0,0,0,1,0,1,0
2023-08-22 14:00:00,9,15,1060,556,0,18.0,15.6,0.7,0,0,0,0,0,1,0,1,0
2023-08-22 08:00:00,9,9,613,299,0,18.0,15.6,0.7,0,0,0,0,0,1,0,1,0
2023-08-22 18:00:00,8,19,670,343,0,18.0,15.6,0.7,0,0,0,0,0,1,0,1,0
2023-08-22 11:00:00,6,12,978,506,0,18.0,15.6,0.7,0,0,0,0,0,1,0,1,0
2023-08-22 09:00:00,6,10,595,446,0,18.0,15.6,0.7,0,0,0,0,0,1,0,1,0
2023-08-22 19:00:00,5,20,502,253,0,18.0,15.6,0.7,0,0,0,0,0,1,0,1,0
2023-08-22 07:00:00,5,8,334,196,0,18.0,15.6,0.7,0,0,0,0,0,1,0,1,0
2023-08-22 20:00:00,5,21,347,150,0,18.0,15.6,0.7,0,0,0,0,0,1,0,1,0
2023-08-22 13:00:00,4,14,893,588,0,18.0,15.6,0.7,0,0,0,0,0,1,0,1,0
2023-08-22 10:00:00,4,11,929,508,0,18.0,15.6,0.7,0,0,0,0,0,1,0,1,0
2023-08-22 03:00:00,2,4,22,18,0,18.0,15.6,0.7,0,0,0,0,0,1,0,1,0
2023-08-22 06:00:00,1,7,130,87,0,18.0,15.6,0.7,0,0,0,0,0,1,0,1,0
2023-08-22 00:00:00,1,1,37,56,0,18.0,15.6,0.7,0,0,0,0,0,1,0,1,0
2023-08-22 05:00:00,1,6,28,52,0,18.0,15.6,0.7,0,0,0,0,0,1,0,1,0
2023-08-22 02:00:00,1,3,15,30,0,18.0,15.6,0.7,0,0,0,0,0,1,0,1,0
2023-08-27 20:00:00,4,21,414,163,0,18.6,5.5,4.8,0,0,0,1,0,0,0,1,0
2023-08-31 14:00:00,3,15,782,458,0,17.8,7.5,0.0,0,0,0,0,1,0,0,1,0
2023-08-27 10:00:00,3,11,631,246,0,18.6,5.5,4.8,0,0,0,1,0,0,0,1,0
2023-08-31 10:00:00,3,11,970,421,0,17.8,7.5,0.0,0,0,0,0,1,0,0,1,0
2023-08-27 16:00:00,2,17,1165,331,0,18.6,5.5,4.8,0,0,0,1,0,0,0,1,0
2023-08-31 13:00:00,2,14,938,417,0,17.8,7.5,0.0,0,0,0,0,1,0,0,1,0
2023-08-29 09:00:00,18,10,480,383,0,19.0,10.5,0.0,0,0,0,0,0,1,0,1,0
2023-08-27 12:00:00,2,13,1514,309,0,18.6,5.5,4.8,0,0,0,1,0,0,0,1,0
2023-08-24 23:00:00,0,0,89,55,0,17.9,12.1,0.0,0,0,0,0,1,0,0,1,0
2023-08-31 15:00:00,2,16,771,357,0,17.8,7.5,0.0,0,0,0,0,1,0,0,1,0
2023-08-29 08:00:00,18,9,417,311,0,19.0,10.5,0.0,0,0,0,0,0,1,0,1,0
2023-08-27 06:00:00,2,7,122,39,0,18.6,5.5,4.8,0,0,0,1,0,0,0,1,0
2023-08-31 08:00:00,1,9,718,262,0,17.8,7.5,0.0,0,0,0,0,1,0,0,1,0
2023-08-31 21:00:00,1,22,313,113,0,17.8,7.5,0.0,0,0,0,0,1,0,0,1,0
2023-08-31 05:00:00,1,6,30,47,0,17.8,7.5,0.0,0,0,0,0,1,0,0,1,0
2023-08-31 01:00:00,1,2,68,25,0,17.8,7.5,0.0,0,0,0,0,1,0,0,1,0
2023-08-31 02:00:00,1,3,110,21,0,17.8,7.5,0.0,0,0,0,0,1,0,0,1,0
2023-08-31 06:00:00,0,7,123,87,0,17.8,7.5,0.0,0,0,0,0,1,0,0,1,0
2023-08-31 00:00:00,0,1,73,50,0,17.8,7.5,0.0,0,0,0,0,1,0,0,1,0
2023-08-31 03:00:00,0,4,17,19,0,17.8,7.5,0.0,0,0,0,0,1,0,0,1,0
2023-08-31 04:00:00,0,5,10,18,0,17.8,7.5,0.0,0,0,0,0,1,0,0,1,0
2023-08-24 03:00:00,0,4,15,11,0,17.9,12.1,0.0,0,0,0,0,1,0,0,1,0
2023-08-29 07:00:00,16,8,197,199,0,19.0,10.5,0.0,0,0,0,0,0,1,0,1,0
2023-08-29 13:00:00,12,14,957,534,0,19.0,10.5,0.0,0,0,0,0,0,1,0,1,0
2023-08-29 11:00:00,12,12,809,485,0,19.0,10.5,0.0,0,0,0,0,0,1,0,1,0
2023-08-24 04:00:00,0,5,8,5,0,17.9,12.1,0.0,0,0,0,0,1,0,0,1,0
2023-08-29 12:00:00,11,13,1083,484,0,19.0,10.5,0.0,0,0,0,0,0,1,0,1,0
2023-08-25 19:00:00,12,20,324,99,0,18.5,8.9,0.0,1,0,0,0,0,0,0,1,0
2023-08-29 16:00:00,7,17,919,459,0,19.0,10.5,0.0,0,0,0,0,0,1,0,1,0
2023-08-27 02:00:00,1,3,363,75,0,18.6,5.5,4.8,0,0,0,1,0,0,0,1,0
2023-08-25 06:00:00,7,7,121,43,0,18.5,8.9,0.0,1,0,0,0,0,0,0,1,0
2023-08-29 17:00:00,6,18,707,442,0,19.0,10.5,0.0,0,0,0,0,0,1,0,1,0
2023-08-27 01:00:00,1,2,356,62,0,18.6,5.5,4.8,0,0,0,1,0,0,0,1,0
2023-08-25 15:00:00,6,16,1909,531,0,18.5,8.9,0.0,1,0,0,0,0,0,0,1,0
2023-08-29 18:00:00,4,19,556,384,0,19.0,10.5,0.0,0,0,0,0,0,1,0,1,0
2023-08-27 23:00:00,1,0,198,41,0,18.6,5.5,4.8,0,0,0,1,0,0,0,1,0
2023-08-25 13:00:00,6,14,1676,504,0,18.5,8.9,0.0,1,0,0,0,0,0,0,1,0
2023-08-29 06:00:00,3,7,85,132,0,19.0,10.5,0.0,0,0,0,0,0,1,0,1,0
2023-08-27 07:00:00,1,8,182,41,0,18.6,5.5,4.8,0,0,0,1,0,0,0,1,0
2023-08-27 05:00:00,1,6,38,23,0,18.6,5.5,4.8,0,0,0,1,0,0,0,1,0
2023-08-27 09:00:00,0,10,324,129,0,18.6,5.5,4.8,0,0,0,1,0,0,0,1,0
2023-08-27 03:00:00,0,4,322,123,0,18.6,5.5,4.8,0,0,0,1,0,0,0,1,0
2023-08-27 21:00:00,0,22,172,122,0,18.6,5.5,4.8,0,0,0,1,0,0,0,1,0
2023-08-27 22:00:00,0,23,199,108,0,18.6,5.5,4.8,0,0,0,1,0,0,0,1,0
2023-08-27 08:00:00,0,9,203,87,0,18.6,5.5,4.8,0,0,0,1,0,0,0,1,0
2023-08-27 04:00:00,0,5,24,58,0,18.6,5.5,4.8,0,0,0,1,0,0,0,1,0
2023-08-28 15:00:00,12,16,1084,334,0,18.2,8.5,0.0,0,1,0,0,0,0,0,1,0
2023-08-28 11:00:00,10,12,962,368,0,18.2,8.5,0.0,0,1,0,0,0,0,0,1,0
2023-08-28 09:00:00,10,10,684,332,0,18.2,8.5,0.0,0,1,0,0,0,0,0,1,0
2023-08-28 18:00:00,10,19,532,295,0,18.2,8.5,0.0,0,1,0,0,0,0,0,1,0
2023-08-28 17:00:00,10,18,676,259,0,18.2,8.5,0.0,0,1,0,0,0,0,0,1,0
2023-08-28 14:00:00,9,15,1167,369,0,18.2,8.5,0.0,0,1,0,0,0,0,0,1,0
2023-08-28 12:00:00,8,13,1316,425,0,18.2,8.5,0.0,0,1,0,0,0,0,0,1,0
2023-08-28 16:00:00,8,17,1350,395,0,18.2,8.5,0.0,0,1,0,0,0,0,0,1,0
2023-08-28 13:00:00,7,14,1203,406,0,18.2,8.5,0.0,0,1,0,0,0,0,0,1,0
2023-08-28 08:00:00,7,9,447,253,0,18.2,8.5,0.0,0,1,0,0,0,0,0,1,0
2023-08-28 06:00:00,7,7,90,36,0,18.2,8.5,0.0,0,1,0,0,0,0,0,1,0
2023-08-28 19:00:00,5,20,317,244,0,18.2,8.5,0.0,0,1,0,0,0,0,0,1,0
2023-08-28 21:00:00,4,22,180,119,0,18.2,8.5,0.0,0,1,0,0,0,0,0,1,0
2023-08-28 10:00:00,3,11,974,348,0,18.2,8.5,0.0,0,1,0,0,0,0,0,1,0
2023-08-28 07:00:00,2,8,307,167,0,18.2,8.5,0.0,0,1,0,0,0,0,0,1,0
2023-08-28 20:00:00,2,21,193,163,0,18.2,8.5,0.0,0,1,0,0,0,0,0,1,0
2023-08-28 02:00:00,1,3,184,38,0,18.2,8.5,0.0,0,1,0,0,0,0,0,1,0
2023-08-28 05:00:00,1,6,43,10,0,18.2,8.5,0.0,0,1,0,0,0,0,0,1,0
2023-08-28 04:00:00,1,5,15,9,0,18.2,8.5,0.0,0,1,0,0,0,0,0,1,0
2023-08-28 22:00:00,0,23,143,97,0,18.2,8.5,0.0,0,1,0,0,0,0,0,1,0
2023-08-28 23:00:00,0,0,70,97,0,18.2,8.5,0.0,0,1,0,0,0,0,0,1,0
2023-08-28 00:00:00,0,1,142,47,0,18.2,8.5,0.0,0,1,0,0,0,0,0,1,0
2023-08-28 01:00:00,0,2,92,22,0,18.2,8.5,0.0,0,1,0,0,0,0,0,1,0
2023-08-28 03:00:00,0,4,16,11,0,18.2,8.5,0.0,0,1,0,0,0,0,0,1,0
2023-08-29 10:00:00,21,11,619,435,0,19.0,10.5,0.0,0,0,0,0,0,1,0,1,0
2023-08-29 15:00:00,2,16,805,455,0,19.0,10.5,0.0,0,0,0,0,0,1,0,1,0
2023-08-29 21:00:00,2,22,198,147,0,19.0,10.5,0.0,0,0,0,0,0,1,0,1,0
2023-08-29 14:00:00,1,15,875,401,0,19.0,10.5,0.0,0,0,0,0,0,1,0,1,0
2023-08-29 19:00:00,1,20,425,263,0,19.0,10.5,0.0,0,0,0,0,0,1,0,1,0
2023-08-29 20:00:00,1,21,318,199,0,19.0,10.5,0.0,0,0,0,0,0,1,0,1,0
2023-08-29 02:00:00,1,3,37,39,0,19.0,10.5,0.0,0,0,0,0,0,1,0,1,0
2023-08-25 09:00:00,6,10,907,403,0,18.5,8.9,0.0,1,0,0,0,0,0,0,1,0
2023-08-29 22:00:00,0,23,145,148,0,19.0,10.5,0.0,0,0,0,0,0,1,0,1,0
2023-08-25 14:00:00,5,15,1579,530,0,18.5,8.9,0.0,1,0,0,0,0,0,0,1,0
2023-08-29 23:00:00,0,0,66,90,0,19.0,10.5,0.0,0,0,0,0,0,1,0,1,0
2023-08-25 16:00:00,5,17,1841,506,0,18.5,8.9,0.0,1,0,0,0,0,0,0,1,0
2023-08-29 00:00:00,0,1,80,61,0,19.0,10.5,0.0,0,0,0,0,0,1,0,1,0
2023-08-25 11:00:00,5,12,1497,481,0,18.5,8.9,0.0,1,0,0,0,0,0,0,1,0
2023-08-29 01:00:00,0,2,57,49,0,19.0,10.5,0.0,0,0,0,0,0,1,0,1,0
2023-08-25 23:00:00,5,0,285,89,0,18.5,8.9,0.0,1,0,0,0,0,0,0,1,0
2023-08-29 05:00:00,0,6,18,46,0,19.0,10.5,0.0,0,0,0,0,0,1,0,1,0
2023-08-25 07:00:00,5,8,267,85,0,18.5,8.9,0.0,1,0,0,0,0,0,0,1,0
2023-08-29 03:00:00,0,4,19,28,0,19.0,10.5,0.0,0,0,0,0,0,1,0,1,0
2023-08-25 17:00:00,3,18,1457,513,0,18.5,8.9,0.0,1,0,0,0,0,0,0,1,0
2023-08-29 04:00:00,0,5,7,18,0,19.0,10.5,0.0,0,0,0,0,0,1,0,1,0
2023-08-25 12:00:00,3,13,1789,485,0,18.5,8.9,0.0,1,0,0,0,0,0,0,1,0
2023-08-30 16:00:00,13,17,1070,472,0,17.9,7.7,0.0,0,0,0,0,0,0,1,1,0
2023-08-25 18:00:00,3,19,1010,372,0,18.5,8.9,0.0,1,0,0,0,0,0,0,1,0
2023-08-30 09:00:00,9,10,856,464,0,17.9,7.7,0.0,0,0,0,0,0,0,1,1,0
2023-08-25 21:00:00,3,22,174,53,0,18.5,8.9,0.0,1,0,0,0,0,0,0,1,0
2023-08-30 14:00:00,9,15,1493,436,0,17.9,7.7,0.0,0,0,0,0,0,0,1,1,0
2023-08-25 22:00:00,3,23,178,51,0,18.5,8.9,0.0,1,0,0,0,0,0,0,1,0
2023-08-30 11:00:00,9,12,1338,396,0,17.9,7.7,0.0,0,0,0,0,0,0,1,1,0
2023-08-25 08:00:00,2,9,464,257,0,18.5,8.9,0.0,1,0,0,0,0,0,0,1,0
2023-08-30 10:00:00,8,11,1181,450,0,17.9,7.7,0.0,0,0,0,0,0,0,1,1,0
2023-08-25 20:00:00,2,21,228,69,0,18.5,8.9,0.0,1,0,0,0,0,0,0,1,0
2023-08-30 17:00:00,8,18,882,411,0,17.9,7.7,0.0,0,0,0,0,0,0,1,1,0
2023-08-25 10:00:00,1,11,1472,454,0,18.5,8.9,0.0,1,0,0,0,0,0,0,1,0
2023-08-30 12:00:00,5,13,1431,475,0,17.9,7.7,0.0,0,0,0,0,0,0,1,1,0
2023-08-25 05:00:00,1,6,51,26,0,18.5,8.9,0.0,1,0,0,0,0,0,0,1,0
2023-08-30 15:00:00,5,16,1180,450,0,17.9,7.7,0.0,0,0,0,0,0,0,1,1,0
2023-08-25 01:00:00,1,2,56,25,0,18.5,8.9,0.0,1,0,0,0,0,0,0,1,0
2023-08-30 13:00:00,5,14,1546,413,0,17.9,7.7,0.0,0,0,0,0,0,0,1,1,0
2023-08-25 00:00:00,1,1,39,10,0,18.5,8.9,0.0,1,0,0,0,0,0,0,1,0
2023-08-30 18:00:00,5,19,611,321,0,17.9,7.7,0.0,0,0,0,0,0,0,1,1,0
2023-08-25 02:00:00,0,3,108,39,0,18.5,8.9,0.0,1,0,0,0,0,0,0,1,0
2023-08-30 22:00:00,5,23,162,138,0,17.9,7.7,0.0,0,0,0,0,0,0,1,1,0
2023-08-25 03:00:00,0,4,9,4,0,18.5,8.9,0.0,1,0,0,0,0,0,0,1,0
2023-08-30 19:00:00,4,20,442,238,0,17.9,7.7,0.0,0,0,0,0,0,0,1,1,0
2023-08-25 04:00:00,0,5,18,0,0,18.5,8.9,0.0,1,0,0,0,0,0,0,1,0
2023-08-30 08:00:00,3,9,698,301,0,17.9,7.7,0.0,0,0,0,0,0,0,1,1,0
2023-08-30 21:00:00,2,22,264,155,0,17.9,7.7,0.0,0,0,0,0,0,0,1,1,0
2023-08-30 07:00:00,1,8,405,208,0,17.9,7.7,0.0,0,0,0,0,0,0,1,1,0
2023-08-30 20:00:00,1,21,270,194,0,17.9,7.7,0.0,0,0,0,0,0,0,1,1,0
2023-08-30 06:00:00,1,7,117,93,0,17.9,7.7,0.0,0,0,0,0,0,0,1,1,0
2023-08-30 05:00:00,1,6,44,51,0,17.9,7.7,0.0,0,0,0,0,0,0,1,1,0
2023-08-30 03:00:00,1,4,29,16,0,17.9,7.7,0.0,0,0,0,0,0,0,1,1,0
2023-08-30 23:00:00,0,0,132,134,0,17.9,7.7,0.0,0,0,0,0,0,0,1,1,0
2023-08-30 00:00:00,0,1,53,57,0,17.9,7.7,0.0,0,0,0,0,0,0,1,1,0
2023-08-30 01:00:00,0,2,29,39,0,17.9,7.7,0.0,0,0,0,0,0,0,1,1,0
2023-08-30 02:00:00,0,3,35,21,0,17.9,7.7,0.0,0,0,0,0,0,0,1,1,0
2023-08-30 04:00:00,0,5,26,18,0,17.9,7.7,0.0,0,0,0,0,0,0,1,1,0
2023-08-31 16:00:00,13,17,1046,285,0,17.8,7.5,0.0,0,0,0,0,1,0,0,1,0
2023-08-31 17:00:00,12,18,839,158,0,17.8,7.5,0.0,0,0,0,0,1,0,0,1,0
2023-08-31 18:00:00,8,19,556,130,0,17.8,7.5,0.0,0,0,0,0,1,0,0,1,0
2023-08-26 18:00:00,10,19,409,222,0,18.3,5.5,0.8,0,0,1,0,0,0,0,1,0
2023-08-26 11:00:00,9,12,1550,387,0,18.3,5.5,0.8,0,0,1,0,0,0,0,1,0
2023-08-26 16:00:00,9,17,631,152,0,18.3,5.5,0.8,0,0,1,0,0,0,0,1,0
2023-08-26 14:00:00,8,15,1194,343,0,18.3,5.5,0.8,0,0,1,0,0,0,0,1,0
2023-08-26 15:00:00,7,16,740,139,0,18.3,5.5,0.8,0,0,1,0,0,0,0,1,0
2023-08-26 10:00:00,5,11,934,246,0,18.3,5.5,0.8,0,0,1,0,0,0,0,1,0
2023-08-26 08:00:00,5,9,493,224,0,18.3,5.5,0.8,0,0,1,0,0,0,0,1,0
2023-08-26 17:00:00,5,18,475,114,0,18.3,5.5,0.8,0,0,1,0,0,0,0,1,0
2023-08-26 12:00:00,4,13,1806,524,0,18.3,5.5,0.8,0,0,1,0,0,0,0,1,0
2023-08-26 13:00:00,4,14,1823,516,0,18.3,5.5,0.8,0,0,1,0,0,0,0,1,0
2023-08-26 09:00:00,3,10,621,191,0,18.3,5.5,0.8,0,0,1,0,0,0,0,1,0
2023-08-26 21:00:00,3,22,227,50,0,18.3,5.5,0.8,0,0,1,0,0,0,0,1,0
2023-08-26 19:00:00,2,20,452,283,0,18.3,5.5,0.8,0,0,1,0,0,0,0,1,0
2023-08-26 03:00:00,2,4,371,115,0,18.3,5.5,0.8,0,0,1,0,0,0,0,1,0
2023-08-26 23:00:00,2,0,283,95,0,18.3,5.5,0.8,0,0,1,0,0,0,0,1,0
2023-08-26 20:00:00,2,21,289,57,0,18.3,5.5,0.8,0,0,1,0,0,0,0,1,0
2023-08-26 07:00:00,1,8,289,127,0,18.3,5.5,0.8,0,0,1,0,0,0,0,1,0
2023-08-26 00:00:00,1,1,322,87,0,18.3,5.5,0.8,0,0,1,0,0,0,0,1,0
2023-08-26 01:00:00,1,2,270,71,0,18.3,5.5,0.8,0,0,1,0,0,0,0,1,0
2023-08-26 06:00:00,1,7,130,53,0,18.3,5.5,0.8,0,0,1,0,0,0,0,1,0
2023-08-26 04:00:00,1,5,21,49,0,18.3,5.5,0.8,0,0,1,0,0,0,0,1,0
2023-08-26 02:00:00,0,3,183,89,0,18.3,5.5,0.8,0,0,1,0,0,0,0,1,0
2023-08-26 22:00:00,0,23,209,59,0,18.3,5.5,0.8,0,0,1,0,0,0,0,1,0
2023-12-02 08:00:00,4,9,268,282,0,4.3,-4.8,0.0,0,0,1,0,0,0,0,0,1
2023-12-01 12:00:00,15,13,454,231,0,-0.7,-3.2,0.0,1,0,0,0,0,0,0,0,1
2023-12-01 09:00:00,12,10,314,165,0,-0.7,-3.2,0.0,1,0,0,0,0,0,0,0,1
2023-12-02 12:00:00,3,13,961,467,0,4.3,-4.8,0.0,0,0,1,0,0,0,0,0,1
2023-12-02 09:00:00,3,10,447,405,0,4.3,-4.8,0.0,0,0,1,0,0,0,0,0,1
2023-12-02 10:00:00,3,11,295,359,0,4.3,-4.8,0.0,0,0,1,0,0,0,0,0,1
2023-12-01 11:00:00,8,12,337,207,0,-0.7,-3.2,0.0,1,0,0,0,0,0,0,0,1
2023-12-01 14:00:00,7,15,441,249,0,-0.7,-3.2,0.0,1,0,0,0,0,0,0,0,1
2023-12-01 13:00:00,6,14,613,256,0,-0.7,-3.2,0.0,1,0,0,0,0,0,0,0,1
2023-12-02 03:00:00,0,4,313,163,0,4.3,-4.8,0.0,0,0,1,0,0,0,0,0,1
2023-12-02 07:00:00,0,8,69,128,0,4.3,-4.8,0.0,0,0,1,0,0,0,0,0,1
2023-12-02 01:00:00,0,2,330,90,0,4.3,-4.8,0.0,0,0,1,0,0,0,0,0,1
2023-12-02 23:00:00,0,0,308,82,0,4.3,-4.8,0.0,0,0,1,0,0,0,0,0,1
2023-12-02 18:00:00,0,19,299,73,0,4.3,-4.8,0.0,0,0,1,0,0,0,0,0,1
2023-12-02 00:00:00,0,1,280,65,0,4.3,-4.8,0.0,0,0,1,0,0,0,0,0,1
2023-12-02 21:00:00,0,22,270,58,0,4.3,-4.8,0.0,0,0,1,0,0,0,0,0,1
2023-12-02 22:00:00,0,23,265,56,0,4.3,-4.8,0.0,0,0,1,0,0,0,0,0,1
2023-12-02 20:00:00,0,21,328,55,0,4.3,-4.8,0.0,0,0,1,0,0,0,0,0,1
2023-12-02 04:00:00,0,5,19,49,0,4.3,-4.8,0.0,0,0,1,0,0,0,0,0,1
2023-12-02 05:00:00,0,6,15,37,0,4.3,-4.8,0.0,0,0,1,0,0,0,0,0,1
2023-12-01 16:00:00,1,17,484,321,0,-0.7,-3.2,0.0,1,0,0,0,0,0,0,0,1
2023-12-01 08:00:00,1,9,270,125,0,-0.7,-3.2,0.0,1,0,0,0,0,0,0,0,1
2023-12-01 22:00:00,1,23,133,61,0,-0.7,-3.2,0.0,1,0,0,0,0,0,0,0,1
2023-12-01 19:00:00,0,20,193,335,0,-0.7,-3.2,0.0,1,0,0,0,0,0,0,0,1
2023-12-01 20:00:00,0,21,173,114,0,-0.7,-3.2,0.0,1,0,0,0,0,0,0,0,1
2023-12-01 23:00:00,0,0,192,100,0,-0.7,-3.2,0.0,1,0,0,0,0,0,0,0,1
2023-12-01 21:00:00,0,22,150,60,0,-0.7,-3.2,0.0,1,0,0,0,0,0,0,0,1
2023-12-01 00:00:00,0,1,86,30,0,-0.7,-3.2,0.0,1,0,0,0,0,0,0,0,1
2023-12-01 06:00:00,0,7,52,29,0,-0.7,-3.2,0.0,1,0,0,0,0,0,0,0,1
2023-12-01 02:00:00,0,3,148,26,0,-0.7,-3.2,0.0,1,0,0,0,0,0,0,0,1
2023-12-03 13:00:00,6,14,643,233,0,5.7,-4.2,11.1,0,0,0,1,0,0,0,0,1
2023-12-01 01:00:00,0,2,71,20,0,-0.7,-3.2,0.0,1,0,0,0,0,0,0,0,1
2023-12-01 05:00:00,0,6,19,12,0,-0.7,-3.2,0.0,1,0,0,0,0,0,0,0,1
2023-12-01 03:00:00,0,4,12,10,0,-0.7,-3.2,0.0,1,0,0,0,0,0,0,0,1
2023-12-01 04:00:00,0,5,6,3,0,-0.7,-3.2,0.0,1,0,0,0,0,0,0,0,1
2023-12-02 15:00:00,6,16,916,338,0,4.3,-4.8,0.0,0,0,1,0,0,0,0,0,1
2023-12-02 11:00:00,2,12,800,436,0,4.3,-4.8,0.0,0,0,1,0,0,0,0,0,1
2023-12-02 14:00:00,2,15,846,378,0,4.3,-4.8,0.0,0,0,1,0,0,0,0,0,1
2023-12-02 13:00:00,2,14,1025,358,0,4.3,-4.8,0.0,0,0,1,0,0,0,0,0,1
2023-12-02 17:00:00,1,18,987,331,0,4.3,-4.8,0.0,0,0,1,0,0,0,0,0,1
2023-12-02 19:00:00,1,20,356,79,0,4.3,-4.8,0.0,0,0,1,0,0,0,0,0,1
2023-12-02 02:00:00,1,3,204,78,0,4.3,-4.8,0.0,0,0,1,0,0,0,0,0,1
2023-12-02 06:00:00,1,7,28,51,0,4.3,-4.8,0.0,0,0,1,0,0,0,0,0,1
2023-12-02 16:00:00,0,17,979,260,0,4.3,-4.8,0.0,0,0,1,0,0,0,0,0,1
2023-12-01 10:00:00,4,11,338,218,0,-0.7,-3.2,0.0,1,0,0,0,0,0,0,0,1
2023-12-01 15:00:00,3,16,521,247,0,-0.7,-3.2,0.0,1,0,0,0,0,0,0,0,1
2023-12-01 07:00:00,3,8,150,54,0,-0.7,-3.2,0.0,1,0,0,0,0,0,0,0,1
2023-12-01 18:00:00,2,19,248,231,0,-0.7,-3.2,0.0,1,0,0,0,0,0,0,0,1
2023-12-01 17:00:00,2,18,429,174,0,-0.7,-3.2,0.0,1,0,0,0,0,0,0,0,1
2023-12-04 22:00:00,0,23,101,111,0,4.5,-2.2,1.6,0,1,0,0,0,0,0,0,1
2023-12-04 10:00:00,2,11,1153,462,0,4.5,-2.2,1.6,0,1,0,0,0,0,0,0,1
2023-12-04 06:00:00,2,7,121,48,0,4.5,-2.2,1.6,0,1,0,0,0,0,0,0,1
2023-12-04 23:00:00,0,0,56,81,0,4.5,-2.2,1.6,0,1,0,0,0,0,0,0,1
2023-12-04 00:00:00,0,1,26,56,0,4.5,-2.2,1.6,0,1,0,0,0,0,0,0,1
2023-12-04 01:00:00,0,2,22,33,0,4.5,-2.2,1.6,0,1,0,0,0,0,0,0,1
2023-12-04 02:00:00,0,3,15,20,0,4.5,-2.2,1.6,0,1,0,0,0,0,0,0,1
2023-12-03 09:00:00,0,10,242,118,0,5.7,-4.2,11.1,0,0,0,1,0,0,0,0,1
2023-12-04 05:00:00,0,6,61,17,0,4.5,-2.2,1.6,0,1,0,0,0,0,0,0,1
2023-12-03 14:00:00,2,15,720,286,0,5.7,-4.2,11.1,0,0,0,1,0,0,0,0,1
2023-12-03 12:00:00,2,13,584,270,0,5.7,-4.2,11.1,0,0,0,1,0,0,0,0,1
2023-12-04 03:00:00,0,4,6,11,0,4.5,-2.2,1.6,0,1,0,0,0,0,0,0,1
2023-12-04 04:00:00,0,5,11,10,0,4.5,-2.2,1.6,0,1,0,0,0,0,0,0,1
2023-12-03 21:00:00,0,22,110,93,0,5.7,-4.2,11.1,0,0,0,1,0,0,0,0,1
2023-12-03 22:00:00,0,23,142,92,0,5.7,-4.2,11.1,0,0,0,1,0,0,0,0,1
2023-12-03 01:00:00,0,2,443,77,0,5.7,-4.2,11.1,0,0,0,1,0,0,0,0,1
2023-12-03 23:00:00,0,0,32,69,0,5.7,-4.2,11.1,0,0,0,1,0,0,0,0,1
2023-12-03 03:00:00,0,4,354,62,0,5.7,-4.2,11.1,0,0,0,1,0,0,0,0,1
2023-12-03 07:00:00,0,8,145,62,0,5.7,-4.2,11.1,0,0,0,1,0,0,0,0,1
2023-12-03 02:00:00,0,3,410,49,0,5.7,-4.2,11.1,0,0,0,1,0,0,0,0,1
2023-12-03 05:00:00,0,6,24,45,0,5.7,-4.2,11.1,0,0,0,1,0,0,0,0,1
2023-12-03 06:00:00,0,7,51,42,0,5.7,-4.2,11.1,0,0,0,1,0,0,0,0,1
2023-12-03 15:00:00,1,16,781,239,0,5.7,-4.2,11.1,0,0,0,1,0,0,0,0,1
2023-12-03 10:00:00,1,11,392,203,0,5.7,-4.2,11.1,0,0,0,1,0,0,0,0,1
2023-12-03 18:00:00,1,19,448,160,0,5.7,-4.2,11.1,0,0,0,1,0,0,0,0,1
2023-12-03 00:00:00,1,1,337,91,0,5.7,-4.2,11.1,0,0,0,1,0,0,0,0,1
2023-12-03 11:00:00,0,12,544,249,0,5.7,-4.2,11.1,0,0,0,1,0,0,0,0,1
2023-12-03 16:00:00,0,17,593,203,0,5.7,-4.2,11.1,0,0,0,1,0,0,0,0,1
2023-12-03 17:00:00,0,18,518,175,0,5.7,-4.2,11.1,0,0,0,1,0,0,0,0,1
2023-12-03 19:00:00,0,20,448,136,0,5.7,-4.2,11.1,0,0,0,1,0,0,0,0,1
2023-12-03 20:00:00,0,21,325,135,0,5.7,-4.2,11.1,0,0,0,1,0,0,0,0,1
2023-12-03 08:00:00,0,9,255,130,0,5.7,-4.2,11.1,0,0,0,1,0,0,0,0,1
2023-12-03 04:00:00,0,5,46,26,0,5.7,-4.2,11.1,0,0,0,1,0,0,0,0,1
2023-12-04 14:00:00,1,15,1455,458,0,4.5,-2.2,1.6,0,1,0,0,0,0,0,0,1
2023-12-04 11:00:00,1,12,1325,445,0,4.5,-2.2,1.6,0,1,0,0,0,0,0,0,1
2023-12-04 13:00:00,1,14,1665,443,0,4.5,-2.2,1.6,0,1,0,0,0,0,0,0,1
2023-12-04 15:00:00,1,16,1081,426,0,4.5,-2.2,1.6,0,1,0,0,0,0,0,0,1
2023-12-04 09:00:00,1,10,650,387,0,4.5,-2.2,1.6,0,1,0,0,0,0,0,0,1
2023-12-04 18:00:00,1,19,312,314,0,4.5,-2.2,1.6,0,1,0,0,0,0,0,0,1
2023-12-04 21:00:00,1,22,145,106,0,4.5,-2.2,1.6,0,1,0,0,0,0,0,0,1
2023-12-04 12:00:00,0,13,1364,465,0,4.5,-2.2,1.6,0,1,0,0,0,0,0,0,1
2023-12-04 16:00:00,0,17,463,418,0,4.5,-2.2,1.6,0,1,0,0,0,0,0,0,1
2023-12-04 17:00:00,0,18,402,346,0,4.5,-2.2,1.6,0,1,0,0,0,0,0,0,1
2023-12-04 08:00:00,0,9,460,280,0,4.5,-2.2,1.6,0,1,0,0,0,0,0,0,1
2023-12-04 19:00:00,0,20,266,203,0,4.5,-2.2,1.6,0,1,0,0,0,0,0,0,1
2023-12-04 07:00:00,0,8,205,144,0,4.5,-2.2,1.6,0,1,0,0,0,0,0,0,1
2023-12-04 20:00:00,0,21,210,132,0,4.5,-2.2,1.6,0,1,0,0,0,0,0,0,1
2023-12-05 10:00:00,2,11,1063,442,0,6.1,2.8,0.0,0,0,0,0,0,1,0,0,1
2023-12-05 15:00:00,2,16,955,415,0,6.1,2.8,0.0,0,0,0,0,0,1,0,0,1
2023-12-05 17:00:00,0,18,555,427,0,6.1,2.8,0.0,0,0,0,0,0,1,0,0,1
2023-12-05 16:00:00,0,17,696,415,0,6.1,2.8,0.0,0,0,0,0,0,1,0,0,1
2023-12-05 18:00:00,0,19,280,292,0,6.1,2.8,0.0,0,0,0,0,0,1,0,0,1
2023-12-05 19:00:00,0,20,257,278,0,6.1,2.8,0.0,0,0,0,0,0,1,0,0,1
2023-12-05 07:00:00,0,8,263,177,0,6.1,2.8,0.0,0,0,0,0,0,1,0,0,1
2023-12-05 20:00:00,0,21,196,139,0,6.1,2.8,0.0,0,0,0,0,0,1,0,0,1
2023-12-05 21:00:00,0,22,110,127,0,6.1,2.8,0.0,0,0,0,0,0,1,0,0,1
2023-12-05 06:00:00,0,7,125,99,0,6.1,2.8,0.0,0,0,0,0,0,1,0,0,1
2023-12-05 23:00:00,0,0,72,99,0,6.1,2.8,0.0,0,0,0,0,0,1,0,0,1
2023-12-05 22:00:00,0,23,75,85,0,6.1,2.8,0.0,0,0,0,0,0,1,0,0,1
2023-12-06 13:00:00,1,14,690,425,0,6.9,-3.3,1.1,0,0,0,0,0,0,1,0,1
2023-12-05 00:00:00,0,1,33,52,0,6.1,2.8,0.0,0,0,0,0,0,1,0,0,1
2023-12-06 03:00:00,0,4,27,22,0,6.9,-3.3,1.1,0,0,0,0,0,0,1,0,1
2023-12-06 10:00:00,1,11,675,420,0,6.9,-3.3,1.1,0,0,0,0,0,0,1,0,1
2023-12-05 05:00:00,0,6,58,48,0,6.1,2.8,0.0,0,0,0,0,0,1,0,0,1
2023-12-06 04:00:00,0,5,7,21,0,6.9,-3.3,1.1,0,0,0,0,0,0,1,0,1
2023-12-06 14:00:00,1,15,623,402,0,6.9,-3.3,1.1,0,0,0,0,0,0,1,0,1
2023-12-06 11:00:00,5,12,943,476,0,6.9,-3.3,1.1,0,0,0,0,0,0,1,0,1
2023-12-06 15:00:00,5,16,477,434,0,6.9,-3.3,1.1,0,0,0,0,0,0,1,0,1
2023-12-06 08:00:00,1,9,401,292,0,6.9,-3.3,1.1,0,0,0,0,0,0,1,0,1
2023-12-06 19:00:00,1,20,288,242,0,6.9,-3.3,1.1,0,0,0,0,0,0,1,0,1
2023-12-05 01:00:00,0,2,13,28,0,6.1,2.8,0.0,0,0,0,0,0,1,0,0,1
2023-12-05 02:00:00,0,3,17,24,0,6.1,2.8,0.0,0,0,0,0,0,1,0,0,1
2023-12-05 03:00:00,0,4,12,22,0,6.1,2.8,0.0,0,0,0,0,0,1,0,0,1
2023-12-05 04:00:00,0,5,13,11,0,6.1,2.8,0.0,0,0,0,0,0,1,0,0,1
2023-12-07 14:00:00,7,15,532,349,0,8.5,-4.0,14.6,0,0,0,0,1,0,0,0,1
2023-12-07 11:00:00,6,12,567,234,0,8.5,-4.0,14.6,0,0,0,0,1,0,0,0,1
2023-12-07 12:00:00,5,13,713,246,0,8.5,-4.0,14.6,0,0,0,0,1,0,0,0,1
2023-12-07 13:00:00,2,14,760,506,0,8.5,-4.0,14.6,0,0,0,0,1,0,0,0,1
2023-12-06 18:00:00,0,19,311,242,0,6.9,-3.3,1.1,0,0,0,0,0,0,1,0,1
2023-12-06 16:00:00,0,17,477,221,0,6.9,-3.3,1.1,0,0,0,0,0,0,1,0,1
2023-12-06 07:00:00,0,8,227,196,0,6.9,-3.3,1.1,0,0,0,0,0,0,1,0,1
2023-12-06 17:00:00,0,18,370,179,0,6.9,-3.3,1.1,0,0,0,0,0,0,1,0,1
2023-12-06 21:00:00,0,22,100,91,0,6.9,-3.3,1.1,0,0,0,0,0,0,1,0,1
2023-12-06 00:00:00,0,1,20,77,0,6.9,-3.3,1.1,0,0,0,0,0,0,1,0,1
2023-12-06 06:00:00,0,7,72,76,0,6.9,-3.3,1.1,0,0,0,0,0,0,1,0,1
2023-12-06 22:00:00,0,23,65,54,0,6.9,-3.3,1.1,0,0,0,0,0,0,1,0,1
2023-12-06 05:00:00,0,6,20,47,0,6.9,-3.3,1.1,0,0,0,0,0,0,1,0,1
2023-12-06 02:00:00,0,3,13,40,0,6.9,-3.3,1.1,0,0,0,0,0,0,1,0,1
2023-12-06 23:00:00,0,0,67,34,0,6.9,-3.3,1.1,0,0,0,0,0,0,1,0,1
2023-12-06 01:00:00,0,2,22,29,0,6.9,-3.3,1.1,0,0,0,0,0,0,1,0,1
2023-12-05 08:00:00,5,9,513,299,0,6.1,2.8,0.0,0,0,0,0,0,1,0,0,1
2023-12-06 09:00:00,3,10,589,406,0,6.9,-3.3,1.1,0,0,0,0,0,0,1,0,1
2023-12-06 20:00:00,2,21,163,164,0,6.9,-3.3,1.1,0,0,0,0,0,0,1,0,1
2023-12-06 12:00:00,1,13,893,469,0,6.9,-3.3,1.1,0,0,0,0,0,0,1,0,1
2023-12-05 12:00:00,4,13,1215,506,0,6.1,2.8,0.0,0,0,0,0,0,1,0,0,1
2023-12-05 14:00:00,4,15,676,488,0,6.1,2.8,0.0,0,0,0,0,0,1,0,0,1
2023-12-05 11:00:00,4,12,1142,404,0,6.1,2.8,0.0,0,0,0,0,0,1,0,0,1
2023-12-05 13:00:00,4,14,1105,291,0,6.1,2.8,0.0,0,0,0,0,0,1,0,0,1
2023-12-05 09:00:00,3,10,804,450,0,6.1,2.8,0.0,0,0,0,0,0,1,0,0,1
2023-12-09 13:00:00,4,14,1336,676,0,7.1,5.5,5.8,0,0,1,0,0,0,0,0,1
2023-12-09 12:00:00,4,13,1348,595,0,7.1,5.5,5.8,0,0,1,0,0,0,0,0,1
2023-12-08 11:00:00,7,12,1070,417,0,8.3,5.9,5.2,1,0,0,0,0,0,0,0,1
2023-12-09 11:00:00,1,12,1364,631,0,7.1,5.5,5.8,0,0,1,0,0,0,0,0,1
2023-12-09 14:00:00,1,15,1163,508,0,7.1,5.5,5.8,0,0,1,0,0,0,0,0,1
2023-12-09 10:00:00,1,11,1431,447,0,7.1,5.5,5.8,0,0,1,0,0,0,0,0,1
2023-12-07 01:00:00,0,2,25,20,0,8.5,-4.0,14.6,0,0,0,0,1,0,0,0,1
2023-12-08 16:00:00,0,17,370,541,0,8.3,5.9,5.2,1,0,0,0,0,0,0,0,1
2023-12-08 13:00:00,6,14,1169,686,0,8.3,5.9,5.2,1,0,0,0,0,0,0,0,1
2023-12-07 00:00:00,0,1,50,19,0,8.5,-4.0,14.6,0,0,0,0,1,0,0,0,1
2023-12-08 10:00:00,6,11,982,198,0,8.3,5.9,5.2,1,0,0,0,0,0,0,0,1
2023-12-08 12:00:00,5,13,1034,695,0,8.3,5.9,5.2,1,0,0,0,0,0,0,0,1
2023-12-08 09:00:00,5,10,847,278,0,8.3,5.9,5.2,1,0,0,0,0,0,0,0,1
2023-12-08 20:00:00,0,21,235,301,0,8.3,5.9,5.2,1,0,0,0,0,0,0,0,1
2023-12-08 08:00:00,0,9,465,289,0,8.3,5.9,5.2,1,0,0,0,0,0,0,0,1
2023-12-08 07:00:00,0,8,136,194,0,8.3,5.9,5.2,1,0,0,0,0,0,0,0,1
2023-12-08 06:00:00,0,7,90,86,0,8.3,5.9,5.2,1,0,0,0,0,0,0,0,1
2023-12-08 23:00:00,0,0,117,84,0,8.3,5.9,5.2,1,0,0,0,0,0,0,0,1
2023-12-08 05:00:00,0,6,36,44,0,8.3,5.9,5.2,1,0,0,0,0,0,0,0,1
2023-12-08 01:00:00,0,2,122,33,0,8.3,5.9,5.2,1,0,0,0,0,0,0,0,1
2023-12-08 02:00:00,0,3,197,23,0,8.3,5.9,5.2,1,0,0,0,0,0,0,0,1
2023-12-08 00:00:00,0,1,127,21,0,8.3,5.9,5.2,1,0,0,0,0,0,0,0,1
2023-12-08 03:00:00,0,4,13,11,0,8.3,5.9,5.2,1,0,0,0,0,0,0,0,1
2023-12-08 04:00:00,0,5,9,10,0,8.3,5.9,5.2,1,0,0,0,0,0,0,0,1
2023-12-08 17:00:00,2,18,324,511,0,8.3,5.9,5.2,1,0,0,0,0,0,0,0,1
2023-12-08 22:00:00,2,23,134,147,0,8.3,5.9,5.2,1,0,0,0,0,0,0,0,1
2023-12-07 16:00:00,0,17,263,489,0,8.5,-4.0,14.6,0,0,0,0,1,0,0,0,1
2023-12-07 17:00:00,0,18,223,464,0,8.5,-4.0,14.6,0,0,0,0,1,0,0,0,1
2023-12-07 19:00:00,0,20,102,305,0,8.5,-4.0,14.6,0,0,0,0,1,0,0,0,1
2023-12-07 20:00:00,0,21,97,232,0,8.5,-4.0,14.6,0,0,0,0,1,0,0,0,1
2023-12-07 18:00:00,1,19,133,364,0,8.5,-4.0,14.6,0,0,0,0,1,0,0,0,1
2023-12-07 10:00:00,1,11,495,255,0,8.5,-4.0,14.6,0,0,0,0,1,0,0,0,1
2023-12-07 15:00:00,1,16,491,240,0,8.5,-4.0,14.6,0,0,0,0,1,0,0,0,1
2023-12-08 14:00:00,1,15,906,646,0,8.3,5.9,5.2,1,0,0,0,0,0,0,0,1
2023-12-07 21:00:00,1,22,129,196,0,8.5,-4.0,14.6,0,0,0,0,1,0,0,0,1
2023-12-07 09:00:00,1,10,682,153,0,8.5,-4.0,14.6,0,0,0,0,1,0,0,0,1
2023-12-07 07:00:00,1,8,486,99,0,8.5,-4.0,14.6,0,0,0,0,1,0,0,0,1
2023-12-08 18:00:00,1,19,242,472,0,8.3,5.9,5.2,1,0,0,0,0,0,0,0,1
2023-12-08 15:00:00,1,16,622,439,0,8.3,5.9,5.2,1,0,0,0,0,0,0,0,1
2023-12-08 19:00:00,1,20,224,383,0,8.3,5.9,5.2,1,0,0,0,0,0,0,0,1
2023-12-08 21:00:00,1,22,163,268,0,8.3,5.9,5.2,1,0,0,0,0,0,0,0,1
2023-12-07 23:00:00,1,0,74,32,0,8.5,-4.0,14.6,0,0,0,0,1,0,0,0,1
2023-12-07 08:00:00,0,9,577,126,0,8.5,-4.0,14.6,0,0,0,0,1,0,0,0,1
2023-12-07 22:00:00,0,23,69,108,0,8.5,-4.0,14.6,0,0,0,0,1,0,0,0,1
2023-12-07 06:00:00,0,7,101,103,0,8.5,-4.0,14.6,0,0,0,0,1,0,0,0,1
2023-12-07 05:00:00,0,6,13,50,0,8.5,-4.0,14.6,0,0,0,0,1,0,0,0,1
2023-12-07 03:00:00,0,4,5,30,0,8.5,-4.0,14.6,0,0,0,0,1,0,0,0,1
2023-12-07 04:00:00,0,5,9,28,0,8.5,-4.0,14.6,0,0,0,0,1,0,0,0,1
2023-12-07 02:00:00,0,3,66,24,0,8.5,-4.0,14.6,0,0,0,0,1,0,0,0,1
2023-12-10 05:00:00,0,6,72,38,0,6.8,0.9,2.0,0,0,0,1,0,0,0,0,1
2023-12-10 23:00:00,0,0,39,35,0,6.8,0.9,2.0,0,0,0,1,0,0,0,0,1
2023-12-09 01:00:00,0,2,186,77,0,7.1,5.5,5.8,0,0,1,0,0,0,0,0,1
2023-12-09 00:00:00,0,1,140,67,0,7.1,5.5,5.8,0,0,1,0,0,0,0,0,1
2023-12-09 23:00:00,0,0,365,64,0,7.1,5.5,5.8,0,0,1,0,0,0,0,0,1
2023-12-09 02:00:00,0,3,220,63,0,7.1,5.5,5.8,0,0,1,0,0,0,0,0,1
2023-12-09 04:00:00,0,5,51,48,0,7.1,5.5,5.8,0,0,1,0,0,0,0,0,1
2023-12-09 06:00:00,0,7,62,43,0,7.1,5.5,5.8,0,0,1,0,0,0,0,0,1
2023-12-11 12:00:00,18,13,1007,505,0,7.1,3.4,5.6,0,1,0,0,0,0,0,0,1
2023-12-11 14:00:00,16,15,938,516,0,7.1,3.4,5.6,0,1,0,0,0,0,0,0,1
2023-12-11 13:00:00,14,14,1035,548,0,7.1,3.4,5.6,0,1,0,0,0,0,0,0,1
2023-12-11 15:00:00,8,16,813,535,0,7.1,3.4,5.6,0,1,0,0,0,0,0,0,1
2023-12-11 10:00:00,7,11,880,450,0,7.1,3.4,5.6,0,1,0,0,0,0,0,0,1
2023-12-11 11:00:00,7,12,1065,426,0,7.1,3.4,5.6,0,1,0,0,0,0,0,0,1
2023-12-11 09:00:00,7,10,629,361,0,7.1,3.4,5.6,0,1,0,0,0,0,0,0,1
2023-12-10 00:00:00,1,1,426,60,0,6.8,0.9,2.0,0,0,0,1,0,0,0,0,1
2023-12-10 07:00:00,1,8,22,55,0,6.8,0.9,2.0,0,0,0,1,0,0,0,0,1
2023-12-09 03:00:00,1,4,216,60,0,7.1,5.5,5.8,0,0,1,0,0,0,0,0,1
2023-12-11 16:00:00,4,17,414,403,0,7.1,3.4,5.6,0,1,0,0,0,0,0,0,1
2023-12-11 08:00:00,4,9,373,297,0,7.1,3.4,5.6,0,1,0,0,0,0,0,0,1
2023-12-09 05:00:00,1,6,24,37,0,7.1,5.5,5.8,0,0,1,0,0,0,0,0,1
2023-12-10 06:00:00,1,7,9,31,0,6.8,0.9,2.0,0,0,0,1,0,0,0,0,1
2023-12-10 09:00:00,2,10,221,147,0,6.8,0.9,2.0,0,0,0,1,0,0,0,0,1
2023-12-10 08:00:00,2,9,103,87,0,6.8,0.9,2.0,0,0,0,1,0,0,0,0,1
2023-12-10 10:00:00,1,11,438,253,0,6.8,0.9,2.0,0,0,0,1,0,0,0,0,1
2023-12-10 22:00:00,1,23,111,103,0,6.8,0.9,2.0,0,0,0,1,0,0,0,0,1
2023-12-10 02:00:00,1,3,518,68,0,6.8,0.9,2.0,0,0,0,1,0,0,0,0,1
2023-12-09 15:00:00,0,16,634,500,0,7.1,5.5,5.8,0,0,1,0,0,0,0,0,1
2023-12-09 16:00:00,0,17,239,454,0,7.1,5.5,5.8,0,0,1,0,0,0,0,0,1
2023-12-09 09:00:00,0,10,1103,412,0,7.1,5.5,5.8,0,0,1,0,0,0,0,0,1
2023-12-09 19:00:00,0,20,232,388,0,7.1,5.5,5.8,0,0,1,0,0,0,0,0,1
2023-12-09 08:00:00,0,9,533,318,0,7.1,5.5,5.8,0,0,1,0,0,0,0,0,1
2023-12-09 20:00:00,0,21,157,312,0,7.1,5.5,5.8,0,0,1,0,0,0,0,0,1
2023-12-09 21:00:00,0,22,160,300,0,7.1,5.5,5.8,0,0,1,0,0,0,0,0,1
2023-12-09 17:00:00,0,18,240,281,0,7.1,5.5,5.8,0,0,1,0,0,0,0,0,1
2023-12-09 22:00:00,0,23,194,238,0,7.1,5.5,5.8,0,0,1,0,0,0,0,0,1
2023-12-09 18:00:00,0,19,226,203,0,7.1,5.5,5.8,0,0,1,0,0,0,0,0,1
2023-12-09 07:00:00,0,8,114,123,0,7.1,5.5,5.8,0,0,1,0,0,0,0,0,1
2023-12-10 14:00:00,6,15,922,430,0,6.8,0.9,2.0,0,0,0,1,0,0,0,0,1
2023-12-10 15:00:00,5,16,596,432,0,6.8,0.9,2.0,0,0,0,1,0,0,0,0,1
2023-12-10 16:00:00,0,17,232,380,0,6.8,0.9,2.0,0,0,0,1,0,0,0,0,1
2023-12-11 18:00:00,3,19,161,91,0,7.1,3.4,5.6,0,1,0,0,0,0,0,0,1
2023-12-10 13:00:00,0,14,1380,378,0,6.8,0.9,2.0,0,0,0,1,0,0,0,0,1
2023-12-10 12:00:00,0,13,1106,374,0,6.8,0.9,2.0,0,0,0,1,0,0,0,0,1
2023-12-10 18:00:00,0,19,190,337,0,6.8,0.9,2.0,0,0,0,1,0,0,0,0,1
2023-12-10 17:00:00,0,18,222,304,0,6.8,0.9,2.0,0,0,0,1,0,0,0,0,1
2023-12-10 11:00:00,0,12,544,285,0,6.8,0.9,2.0,0,0,0,1,0,0,0,0,1
2023-12-10 19:00:00,0,20,122,193,0,6.8,0.9,2.0,0,0,0,1,0,0,0,0,1
2023-12-10 20:00:00,0,21,207,127,0,6.8,0.9,2.0,0,0,0,1,0,0,0,0,1
2023-12-10 03:00:00,0,4,577,109,0,6.8,0.9,2.0,0,0,0,1,0,0,0,0,1
2023-12-10 21:00:00,0,22,195,97,0,6.8,0.9,2.0,0,0,0,1,0,0,0,0,1
2023-12-10 01:00:00,0,2,448,74,0,6.8,0.9,2.0,0,0,0,1,0,0,0,0,1
2023-12-11 07:00:00,1,8,119,186,0,7.1,3.4,5.6,0,1,0,0,0,0,0,0,1
2023-12-10 04:00:00,0,5,25,66,0,6.8,0.9,2.0,0,0,0,1,0,0,0,0,1
2023-12-12 18:00:00,1,19,155,359,0,6.0,5.4,12.3,0,0,0,0,0,1,0,0,1
2023-12-12 08:00:00,1,9,248,343,0,6.0,5.4,12.3,0,0,0,0,0,1,0,0,1
2023-12-12 20:00:00,1,21,110,222,0,6.0,5.4,12.3,0,0,0,0,0,1,0,0,1
2023-12-12 00:00:00,1,1,14,16,0,6.0,5.4,12.3,0,0,0,0,0,1,0,0,1
2023-12-12 17:00:00,0,18,212,420,0,6.0,5.4,12.3,0,0,0,0,0,1,0,0,1
2023-12-12 16:00:00,0,17,344,409,0,6.0,5.4,12.3,0,0,0,0,0,1,0,0,1
2023-12-12 19:00:00,0,20,142,250,0,6.0,5.4,12.3,0,0,0,0,0,1,0,0,1
2023-12-12 21:00:00,0,22,100,174,0,6.0,5.4,12.3,0,0,0,0,0,1,0,0,1
2023-12-12 22:00:00,0,23,61,114,0,6.0,5.4,12.3,0,0,0,0,0,1,0,0,1
2023-12-12 23:00:00,0,0,49,108,0,6.0,5.4,12.3,0,0,0,0,0,1,0,0,1
2023-12-11 19:00:00,1,20,139,86,0,7.1,3.4,5.6,0,1,0,0,0,0,0,0,1
2023-12-11 21:00:00,1,22,77,51,0,7.1,3.4,5.6,0,1,0,0,0,0,0,0,1
2023-12-12 09:00:00,7,10,414,446,0,6.0,5.4,12.3,0,0,0,0,0,1,0,0,1
2023-12-12 06:00:00,0,7,51,55,0,6.0,5.4,12.3,0,0,0,0,0,1,0,0,1
2023-12-11 06:00:00,1,7,66,36,0,7.1,3.4,5.6,0,1,0,0,0,0,0,0,1
2023-12-12 10:00:00,4,11,577,555,0,6.0,5.4,12.3,0,0,0,0,0,1,0,0,1
2023-12-11 17:00:00,0,18,277,277,0,7.1,3.4,5.6,0,1,0,0,0,0,0,0,1
2023-12-12 14:00:00,4,15,607,494,0,6.0,5.4,12.3,0,0,0,0,0,1,0,0,1
2023-12-12 01:00:00,0,2,8,16,0,6.0,5.4,12.3,0,0,0,0,0,1,0,0,1
2023-12-12 04:00:00,0,5,8,9,0,6.0,5.4,12.3,0,0,0,0,0,1,0,0,1
2023-12-12 05:00:00,0,6,21,8,0,6.0,5.4,12.3,0,0,0,0,0,1,0,0,1
2023-12-12 02:00:00,0,3,7,8,0,6.0,5.4,12.3,0,0,0,0,0,1,0,0,1
2023-12-12 03:00:00,0,4,4,5,0,6.0,5.4,12.3,0,0,0,0,0,1,0,0,1
2023-12-13 14:00:00,1,15,1252,592,0,8.5,5.5,1.3,0,0,0,0,0,0,1,0,1
2023-12-13 12:00:00,1,13,1662,571,0,8.5,5.5,1.3,0,0,0,0,0,0,1,0,1
2023-12-13 13:00:00,1,14,1674,483,0,8.5,5.5,1.3,0,0,0,0,0,0,1,0,1
2023-12-13 15:00:00,1,16,1040,478,0,8.5,5.5,1.3,0,0,0,0,0,0,1,0,1
2023-12-13 09:00:00,1,10,907,410,0,8.5,5.5,1.3,0,0,0,0,0,0,1,0,1
2023-12-11 20:00:00,0,21,87,53,0,7.1,3.4,5.6,0,1,0,0,0,0,0,0,1
2023-12-13 18:00:00,1,19,420,380,0,8.5,5.5,1.3,0,0,0,0,0,0,1,0,1
2023-12-12 12:00:00,3,13,756,551,0,6.0,5.4,12.3,0,0,0,0,0,1,0,0,1
2023-12-13 19:00:00,1,20,275,261,0,8.5,5.5,1.3,0,0,0,0,0,0,1,0,1
2023-12-12 15:00:00,3,16,580,457,0,6.0,5.4,12.3,0,0,0,0,0,1,0,0,1
2023-12-12 07:00:00,3,8,135,232,0,6.0,5.4,12.3,0,0,0,0,0,1,0,0,1
2023-12-11 00:00:00,0,1,60,43,0,7.1,3.4,5.6,0,1,0,0,0,0,0,0,1
2023-12-11 22:00:00,0,23,45,33,0,7.1,3.4,5.6,0,1,0,0,0,0,0,0,1
2023-12-11 23:00:00,0,0,38,31,0,7.1,3.4,5.6,0,1,0,0,0,0,0,0,1
2023-12-11 01:00:00,0,2,60,26,0,7.1,3.4,5.6,0,1,0,0,0,0,0,0,1
2023-12-11 02:00:00,0,3,92,20,0,7.1,3.4,5.6,0,1,0,0,0,0,0,0,1
2023-12-11 03:00:00,0,4,24,16,0,7.1,3.4,5.6,0,1,0,0,0,0,0,0,1
2023-12-11 05:00:00,0,6,27,14,0,7.1,3.4,5.6,0,1,0,0,0,0,0,0,1
2023-12-11 04:00:00,0,5,19,14,0,7.1,3.4,5.6,0,1,0,0,0,0,0,0,1
2023-12-12 13:00:00,2,14,701,581,0,6.0,5.4,12.3,0,0,0,0,0,1,0,0,1
2023-12-13 10:00:00,4,11,1503,453,0,8.5,5.5,1.3,0,0,0,0,0,0,1,0,1
2023-12-12 11:00:00,2,12,681,504,0,6.0,5.4,12.3,0,0,0,0,0,1,0,0,1
2023-12-13 16:00:00,0,17,597,522,0,8.5,5.5,1.3,0,0,0,0,0,0,1,0,1
2023-12-14 10:00:00,3,11,1357,449,0,11.3,2.7,0.1,0,0,0,0,1,0,0,0,1
2023-12-13 11:00:00,0,12,1705,458,0,8.5,5.5,1.3,0,0,0,0,0,0,1,0,1
2023-12-13 17:00:00,0,18,509,458,0,8.5,5.5,1.3,0,0,0,0,0,0,1,0,1
2023-12-13 08:00:00,0,9,507,314,0,8.5,5.5,1.3,0,0,0,0,0,0,1,0,1
2023-12-14 12:00:00,0,13,1179,713,0,11.3,2.7,0.1,0,0,0,0,1,0,0,0,1
2023-12-15 14:00:00,8,15,1296,707,0,11.3,5.2,0.0,1,0,0,0,0,0,0,0,1
2023-12-14 16:00:00,0,17,426,491,0,11.3,2.7,0.1,0,0,0,0,1,0,0,0,1
2023-12-13 07:00:00,0,8,188,193,0,8.5,5.5,1.3,0,0,0,0,0,0,1,0,1
2023-12-13 20:00:00,0,21,282,178,0,8.5,5.5,1.3,0,0,0,0,0,0,1,0,1
2023-12-14 13:00:00,2,14,523,2076,0,11.3,2.7,0.1,0,0,0,0,1,0,0,0,1
2023-12-14 18:00:00,0,19,235,431,0,11.3,2.7,0.1,0,0,0,0,1,0,0,0,1
2023-12-15 13:00:00,15,14,1357,709,0,11.3,5.2,0.0,1,0,0,0,0,0,0,0,1
2023-12-15 12:00:00,9,13,1353,583,0,11.3,5.2,0.0,1,0,0,0,0,0,0,0,1
2023-12-14 19:00:00,0,20,185,361,0,11.3,2.7,0.1,0,0,0,0,1,0,0,0,1
2023-12-13 21:00:00,0,22,177,156,0,8.5,5.5,1.3,0,0,0,0,0,0,1,0,1
2023-12-14 07:00:00,0,8,211,188,0,11.3,2.7,0.1,0,0,0,0,1,0,0,0,1
2023-12-15 11:00:00,7,12,1141,534,0,11.3,5.2,0.0,1,0,0,0,0,0,0,0,1
2023-12-15 09:00:00,1,10,740,419,0,11.3,5.2,0.0,1,0,0,0,0,0,0,0,1
2023-12-15 08:00:00,1,9,317,346,0,11.3,5.2,0.0,1,0,0,0,0,0,0,0,1
2023-12-15 06:00:00,1,7,54,23,0,11.3,5.2,0.0,1,0,0,0,0,0,0,0,1
2023-12-15 17:00:00,0,18,541,556,0,11.3,5.2,0.0,1,0,0,0,0,0,0,0,1
2023-12-15 16:00:00,0,17,547,537,0,11.3,5.2,0.0,1,0,0,0,0,0,0,0,1
2023-12-15 18:00:00,0,19,382,498,0,11.3,5.2,0.0,1,0,0,0,0,0,0,0,1
2023-12-15 19:00:00,0,20,275,402,0,11.3,5.2,0.0,1,0,0,0,0,0,0,0,1
2023-12-15 21:00:00,0,22,279,284,0,11.3,5.2,0.0,1,0,0,0,0,0,0,0,1
2023-12-13 00:00:00,0,1,46,89,0,8.5,5.5,1.3,0,0,0,0,0,0,1,0,1
2023-12-14 09:00:00,2,10,1065,443,0,11.3,2.7,0.1,0,0,0,0,1,0,0,0,1
2023-12-14 08:00:00,2,9,475,312,0,11.3,2.7,0.1,0,0,0,0,1,0,0,0,1
2023-12-14 11:00:00,4,12,659,293,0,11.3,2.7,0.1,0,0,0,0,1,0,0,0,1
2023-12-14 14:00:00,3,15,508,2090,0,11.3,2.7,0.1,0,0,0,0,1,0,0,0,1
2023-12-14 06:00:00,2,7,60,75,0,11.3,2.7,0.1,0,0,0,0,1,0,0,0,1
2023-12-13 06:00:00,0,7,39,52,0,8.5,5.5,1.3,0,0,0,0,0,0,1,0,1
2023-12-13 01:00:00,0,2,18,51,0,8.5,5.5,1.3,0,0,0,0,0,0,1,0,1
2023-12-14 05:00:00,0,6,2,51,0,11.3,2.7,0.1,0,0,0,0,1,0,0,0,1
2023-12-14 21:00:00,0,22,138,45,0,11.3,2.7,0.1,0,0,0,0,1,0,0,0,1
2023-12-14 23:00:00,0,0,95,36,0,11.3,2.7,0.1,0,0,0,0,1,0,0,0,1
2023-12-14 00:00:00,0,1,91,31,0,11.3,2.7,0.1,0,0,0,0,1,0,0,0,1
2023-12-14 01:00:00,0,2,73,24,0,11.3,2.7,0.1,0,0,0,0,1,0,0,0,1
2023-12-14 04:00:00,0,5,7,24,0,11.3,2.7,0.1,0,0,0,0,1,0,0,0,1
2023-12-14 02:00:00,0,3,124,19,0,11.3,2.7,0.1,0,0,0,0,1,0,0,0,1
2023-12-14 03:00:00,0,4,25,6,0,11.3,2.7,0.1,0,0,0,0,1,0,0,0,1
2023-12-14 15:00:00,1,16,489,1835,0,11.3,2.7,0.1,0,0,0,0,1,0,0,0,1
2023-12-13 22:00:00,0,23,131,36,0,8.5,5.5,1.3,0,0,0,0,0,0,1,0,1
2023-12-15 10:00:00,5,11,1038,488,0,11.3,5.2,0.0,1,0,0,0,0,0,0,0,1
2023-12-13 23:00:00,0,0,96,28,0,8.5,5.5,1.3,0,0,0,0,0,0,1,0,1
2023-12-14 17:00:00,1,18,296,507,0,11.3,2.7,0.1,0,0,0,0,1,0,0,0,1
2023-12-13 05:00:00,0,6,25,15,0,8.5,5.5,1.3,0,0,0,0,0,0,1,0,1
2023-12-13 02:00:00,0,3,5,10,0,8.5,5.5,1.3,0,0,0,0,0,0,1,0,1
2023-12-13 04:00:00,0,5,11,9,0,8.5,5.5,1.3,0,0,0,0,0,0,1,0,1
2023-12-13 03:00:00,0,4,8,4,0,8.5,5.5,1.3,0,0,0,0,0,0,1,0,1
2023-12-14 20:00:00,1,21,130,68,0,11.3,2.7,0.1,0,0,0,0,1,0,0,0,1
2023-12-15 15:00:00,3,16,893,672,0,11.3,5.2,0.0,1,0,0,0,0,0,0,0,1
2023-12-14 22:00:00,1,23,113,41,0,11.3,2.7,0.1,0,0,0,0,1,0,0,0,1
2023-12-17 14:00:00,5,15,421,116,0,12.6,10.1,0.0,0,0,0,1,0,0,0,0,1
2023-12-16 12:00:00,16,13,1566,575,0,12.6,8.8,0.0,0,0,1,0,0,0,0,0,1
2023-12-16 13:00:00,9,14,1552,609,0,12.6,8.8,0.0,0,0,1,0,0,0,0,0,1
2023-12-16 14:00:00,7,15,1395,636,0,12.6,8.8,0.0,0,0,1,0,0,0,0,0,1
2023-12-16 10:00:00,7,11,1199,473,0,12.6,8.8,0.0,0,0,1,0,0,0,0,0,1
2023-12-15 22:00:00,0,23,186,197,0,11.3,5.2,0.0,1,0,0,0,0,0,0,0,1
2023-12-17 17:00:00,1,18,357,341,0,12.6,10.1,0.0,0,0,0,1,0,0,0,0,1
2023-12-15 20:00:00,0,21,250,188,0,11.3,5.2,0.0,1,0,0,0,0,0,0,0,1
2023-12-15 07:00:00,0,8,97,154,0,11.3,5.2,0.0,1,0,0,0,0,0,0,0,1
2023-12-15 23:00:00,0,0,224,94,0,11.3,5.2,0.0,1,0,0,0,0,0,0,0,1
2023-12-15 02:00:00,0,3,136,22,0,11.3,5.2,0.0,1,0,0,0,0,0,0,0,1
2023-12-15 01:00:00,0,2,53,17,0,11.3,5.2,0.0,1,0,0,0,0,0,0,0,1
2023-12-15 00:00:00,0,1,116,16,0,11.3,5.2,0.0,1,0,0,0,0,0,0,0,1
2023-12-15 05:00:00,0,6,26,12,0,11.3,5.2,0.0,1,0,0,0,0,0,0,0,1
2023-12-15 03:00:00,0,4,66,10,0,11.3,5.2,0.0,1,0,0,0,0,0,0,0,1
2023-12-15 04:00:00,0,5,12,7,0,11.3,5.2,0.0,1,0,0,0,0,0,0,0,1
2023-12-17 16:00:00,1,17,473,302,0,12.6,10.1,0.0,0,0,0,1,0,0,0,0,1
2023-12-17 11:00:00,4,12,1145,315,0,12.6,10.1,0.0,0,0,0,1,0,0,0,0,1
2023-12-17 12:00:00,12,13,1382,439,0,12.6,10.1,0.0,0,0,0,1,0,0,0,0,1
2023-12-17 10:00:00,6,11,834,260,0,12.6,10.1,0.0,0,0,0,1,0,0,0,0,1
2023-12-16 11:00:00,6,12,1238,506,0,12.6,8.8,0.0,0,0,1,0,0,0,0,0,1
2023-12-17 15:00:00,3,16,674,210,0,12.6,10.1,0.0,0,0,0,1,0,0,0,0,1
2023-12-17 06:00:00,3,7,88,51,0,12.6,10.1,0.0,0,0,0,1,0,0,0,0,1
2023-12-17 13:00:00,2,14,799,238,0,12.6,10.1,0.0,0,0,0,1,0,0,0,0,1
2023-12-17 02:00:00,2,3,571,75,0,12.6,10.1,0.0,0,0,0,1,0,0,0,0,1
2023-12-17 08:00:00,1,9,199,107,0,12.6,10.1,0.0,0,0,0,1,0,0,0,0,1
2023-12-17 01:00:00,1,2,553,62,0,12.6,10.1,0.0,0,0,0,1,0,0,0,0,1
2023-12-16 00:00:00,0,1,284,82,0,12.6,8.8,0.0,0,0,1,0,0,0,0,0,1
2023-12-16 04:00:00,0,5,35,70,0,12.6,8.8,0.0,0,0,1,0,0,0,0,0,1
2023-12-16 15:00:00,1,16,992,573,0,12.6,8.8,0.0,0,0,1,0,0,0,0,0,1
2023-12-16 01:00:00,0,2,258,68,0,12.6,8.8,0.0,0,0,1,0,0,0,0,0,1
2023-12-16 05:00:00,0,6,44,51,0,12.6,8.8,0.0,0,0,1,0,0,0,0,0,1
2023-12-17 18:00:00,0,19,251,289,0,12.6,10.1,0.0,0,0,0,1,0,0,0,0,1
2023-12-16 18:00:00,1,19,386,422,0,12.6,8.8,0.0,0,0,1,0,0,0,0,0,1
2023-12-16 03:00:00,0,4,305,50,0,12.6,8.8,0.0,0,0,1,0,0,0,0,0,1
2023-12-16 23:00:00,0,0,247,46,0,12.6,8.8,0.0,0,0,1,0,0,0,0,0,1
2023-12-17 19:00:00,0,20,203,246,0,12.6,10.1,0.0,0,0,0,1,0,0,0,0,1
2023-12-17 20:00:00,0,21,163,195,0,12.6,10.1,0.0,0,0,0,1,0,0,0,0,1
2023-12-17 22:00:00,0,23,162,183,0,12.6,10.1,0.0,0,0,0,1,0,0,0,0,1
2023-12-17 21:00:00,0,22,166,174,0,12.6,10.1,0.0,0,0,0,1,0,0,0,0,1
2023-12-17 23:00:00,0,0,143,171,0,12.6,10.1,0.0,0,0,0,1,0,0,0,0,1
2023-12-17 09:00:00,0,10,322,163,0,12.6,10.1,0.0,0,0,0,1,0,0,0,0,1
2023-12-16 07:00:00,1,8,96,139,0,12.6,8.8,0.0,0,0,1,0,0,0,0,0,1
2023-12-17 07:00:00,0,8,92,77,0,12.6,10.1,0.0,0,0,0,1,0,0,0,0,1
2023-12-16 06:00:00,1,7,64,75,0,12.6,8.8,0.0,0,0,1,0,0,0,0,0,1
2023-12-17 00:00:00,0,1,502,57,0,12.6,10.1,0.0,0,0,0,1,0,0,0,0,1
2023-12-16 02:00:00,1,3,336,55,0,12.6,8.8,0.0,0,0,1,0,0,0,0,0,1
2023-12-17 05:00:00,0,6,64,50,0,12.6,10.1,0.0,0,0,0,1,0,0,0,0,1
2023-12-17 03:00:00,0,4,420,47,0,12.6,10.1,0.0,0,0,0,1,0,0,0,0,1
2023-12-16 09:00:00,2,10,761,386,0,12.6,8.8,0.0,0,0,1,0,0,0,0,0,1
2023-12-16 16:00:00,0,17,670,461,0,12.6,8.8,0.0,0,0,1,0,0,0,0,0,1
2023-12-16 17:00:00,0,18,725,435,0,12.6,8.8,0.0,0,0,1,0,0,0,0,0,1
2023-12-16 19:00:00,0,20,305,391,0,12.6,8.8,0.0,0,0,1,0,0,0,0,0,1
2023-12-16 20:00:00,0,21,212,300,0,12.6,8.8,0.0,0,0,1,0,0,0,0,0,1
2023-12-16 08:00:00,0,9,353,284,0,12.6,8.8,0.0,0,0,1,0,0,0,0,0,1
2023-12-16 21:00:00,0,22,199,280,0,12.6,8.8,0.0,0,0,1,0,0,0,0,0,1
2023-12-16 22:00:00,0,23,154,266,0,12.6,8.8,0.0,0,0,1,0,0,0,0,0,1
2023-12-18 17:00:00,1,18,223,434,0,7.7,10.4,0.0,0,1,0,0,0,0,0,0,1
2023-12-18 14:00:00,1,15,1078,310,0,7.7,10.4,0.0,0,1,0,0,0,0,0,0,1
2023-12-19 15:00:00,5,16,1042,551,0,12.0,3.8,0.0,0,0,0,0,0,1,0,0,1
2023-12-18 08:00:00,1,9,653,121,0,7.7,10.4,0.0,0,1,0,0,0,0,0,0,1
2023-12-19 13:00:00,5,14,1047,508,0,12.0,3.8,0.0,0,0,0,0,0,1,0,0,1
2023-12-18 18:00:00,0,19,186,377,0,7.7,10.4,0.0,0,1,0,0,0,0,0,0,1
2023-12-18 16:00:00,0,17,883,350,0,7.7,10.4,0.0,0,1,0,0,0,0,0,0,1
2023-12-18 19:00:00,0,20,249,287,0,7.7,10.4,0.0,0,1,0,0,0,0,0,0,1
2023-12-18 23:00:00,0,0,80,243,0,7.7,10.4,0.0,0,1,0,0,0,0,0,0,1
2023-12-18 15:00:00,0,16,1049,214,0,7.7,10.4,0.0,0,1,0,0,0,0,0,0,1
2023-12-18 20:00:00,0,21,244,197,0,7.7,10.4,0.0,0,1,0,0,0,0,0,0,1
2023-12-18 22:00:00,0,23,163,151,0,7.7,10.4,0.0,0,1,0,0,0,0,0,0,1
2023-12-18 21:00:00,0,22,146,150,0,7.7,10.4,0.0,0,1,0,0,0,0,0,0,1
2023-12-18 07:00:00,0,8,300,135,0,7.7,10.4,0.0,0,1,0,0,0,0,0,0,1
2023-12-18 00:00:00,0,1,170,103,0,7.7,10.4,0.0,0,1,0,0,0,0,0,0,1
2023-12-18 02:00:00,0,3,215,64,0,7.7,10.4,0.0,0,1,0,0,0,0,0,0,1
2023-12-18 01:00:00,0,2,181,53,0,7.7,10.4,0.0,0,1,0,0,0,0,0,0,1
2023-12-18 03:00:00,0,4,71,53,0,7.7,10.4,0.0,0,1,0,0,0,0,0,0,1
2023-12-18 04:00:00,0,5,27,33,0,7.7,10.4,0.0,0,1,0,0,0,0,0,0,1
2023-12-18 11:00:00,5,12,970,164,0,7.7,10.4,0.0,0,1,0,0,0,0,0,0,1
2023-12-18 13:00:00,4,14,1069,304,0,7.7,10.4,0.0,0,1,0,0,0,0,0,0,1
2023-12-18 09:00:00,3,10,683,162,0,7.7,10.4,0.0,0,1,0,0,0,0,0,0,1
2023-12-18 06:00:00,3,7,47,81,0,7.7,10.4,0.0,0,1,0,0,0,0,0,0,1
2023-12-18 10:00:00,2,11,884,206,0,7.7,10.4,0.0,0,1,0,0,0,0,0,0,1
2023-12-18 12:00:00,2,13,1044,176,0,7.7,10.4,0.0,0,1,0,0,0,0,0,0,1
2023-12-18 05:00:00,2,6,18,58,0,7.7,10.4,0.0,0,1,0,0,0,0,0,0,1
2023-12-17 04:00:00,0,5,46,15,0,12.6,10.1,0.0,0,0,0,1,0,0,0,0,1
2023-12-19 12:00:00,7,13,1792,609,0,12.0,3.8,0.0,0,0,0,0,0,1,0,0,1
2023-12-19 14:00:00,6,15,926,469,0,12.0,3.8,0.0,0,0,0,0,0,1,0,0,1
2023-12-19 09:00:00,6,10,1013,424,0,12.0,3.8,0.0,0,0,0,0,0,1,0,0,1
2023-12-19 17:00:00,0,18,545,465,0,12.0,3.8,0.0,0,0,0,0,0,1,0,0,1
2023-12-19 18:00:00,0,19,352,450,0,12.0,3.8,0.0,0,0,0,0,0,1,0,0,1
2023-12-19 19:00:00,0,20,266,240,0,12.0,3.8,0.0,0,0,0,0,0,1,0,0,1
2023-12-19 10:00:00,4,11,1603,471,0,12.0,3.8,0.0,0,0,0,0,0,1,0,0,1
2023-12-19 07:00:00,0,8,126,181,0,12.0,3.8,0.0,0,0,0,0,0,1,0,0,1
2023-12-19 00:00:00,0,1,41,152,0,12.0,3.8,0.0,0,0,0,0,0,1,0,0,1
2023-12-19 21:00:00,0,22,197,146,0,12.0,3.8,0.0,0,0,0,0,0,1,0,0,1
2023-12-19 22:00:00,0,23,193,144,0,12.0,3.8,0.0,0,0,0,0,0,1,0,0,1
2023-12-19 20:00:00,0,21,293,140,0,12.0,3.8,0.0,0,0,0,0,0,1,0,0,1
2023-12-19 23:00:00,0,0,90,120,0,12.0,3.8,0.0,0,0,0,0,0,1,0,0,1
2023-12-19 11:00:00,3,12,1750,533,0,12.0,3.8,0.0,0,0,0,0,0,1,0,0,1
2023-12-19 16:00:00,2,17,629,466,0,12.0,3.8,0.0,0,0,0,0,0,1,0,0,1
2023-12-19 08:00:00,2,9,546,262,0,12.0,3.8,0.0,0,0,0,0,0,1,0,0,1
2023-12-19 01:00:00,0,2,34,80,0,12.0,3.8,0.0,0,0,0,0,0,1,0,0,1
2023-12-19 06:00:00,0,7,85,76,0,12.0,3.8,0.0,0,0,0,0,0,1,0,0,1
2023-12-19 02:00:00,0,3,14,50,0,12.0,3.8,0.0,0,0,0,0,0,1,0,0,1
2023-12-19 05:00:00,0,6,37,35,0,12.0,3.8,0.0,0,0,0,0,0,1,0,0,1
2023-12-19 03:00:00,0,4,8,33,0,12.0,3.8,0.0,0,0,0,0,0,1,0,0,1
2023-12-19 04:00:00,0,5,5,16,0,12.0,3.8,0.0,0,0,0,0,0,1,0,0,1
2023-12-20 04:00:00,1,5,15,26,0,9.5,3.8,0.4,0,0,0,0,0,0,1,0,1
2023-12-21 21:00:00,0,22,163,49,0,8.9,4.7,1.2,0,0,0,0,1,0,0,0,1
2023-12-21 20:00:00,0,21,215,48,0,8.9,4.7,1.2,0,0,0,0,1,0,0,0,1
2023-12-20 07:00:00,0,8,148,196,0,9.5,3.8,0.4,0,0,0,0,0,0,1,0,1
2023-12-21 22:00:00,0,23,175,43,0,8.9,4.7,1.2,0,0,0,0,1,0,0,0,1
2023-12-20 20:00:00,0,21,308,135,0,9.5,3.8,0.4,0,0,0,0,0,0,1,0,1
2023-12-20 18:00:00,0,19,600,118,0,9.5,3.8,0.4,0,0,0,0,0,0,1,0,1
2023-12-20 08:00:00,4,9,376,307,0,9.5,3.8,0.4,0,0,0,0,0,0,1,0,1
2023-12-20 06:00:00,0,7,93,98,0,9.5,3.8,0.4,0,0,0,0,0,0,1,0,1
2023-12-21 23:00:00,0,0,191,28,0,8.9,4.7,1.2,0,0,0,0,1,0,0,0,1
2023-12-20 00:00:00,0,1,91,82,0,9.5,3.8,0.4,0,0,0,0,0,0,1,0,1
2023-12-20 11:00:00,11,12,1391,544,0,9.5,3.8,0.4,0,0,0,0,0,0,1,0,1
2023-12-20 14:00:00,8,15,1250,648,0,9.5,3.8,0.4,0,0,0,0,0,0,1,0,1
2023-12-20 10:00:00,7,11,1149,483,0,9.5,3.8,0.4,0,0,0,0,0,0,1,0,1
2023-12-20 15:00:00,6,16,866,1170,0,9.5,3.8,0.4,0,0,0,0,0,0,1,0,1
2023-12-20 13:00:00,6,14,1369,584,0,9.5,3.8,0.4,0,0,0,0,0,0,1,0,1
2023-12-20 09:00:00,6,10,786,400,0,9.5,3.8,0.4,0,0,0,0,0,0,1,0,1
2023-12-20 19:00:00,5,20,322,87,0,9.5,3.8,0.4,0,0,0,0,0,0,1,0,1
2023-12-21 10:00:00,2,11,706,231,0,8.9,4.7,1.2,0,0,0,0,1,0,0,0,1
2023-12-20 01:00:00,0,2,62,50,0,9.5,3.8,0.4,0,0,0,0,0,0,1,0,1
2023-12-20 05:00:00,0,6,24,47,0,9.5,3.8,0.4,0,0,0,0,0,0,1,0,1
2023-12-20 02:00:00,0,3,22,42,0,9.5,3.8,0.4,0,0,0,0,0,0,1,0,1
2023-12-20 03:00:00,0,4,40,23,0,9.5,3.8,0.4,0,0,0,0,0,0,1,0,1
2023-12-21 02:00:00,0,3,77,21,0,8.9,4.7,1.2,0,0,0,0,1,0,0,0,1
2023-12-21 05:00:00,0,6,37,18,0,8.9,4.7,1.2,0,0,0,0,1,0,0,0,1
2023-12-20 16:00:00,3,17,1037,431,0,9.5,3.8,0.4,0,0,0,0,0,0,1,0,1
2023-12-21 12:00:00,7,13,835,292,0,8.9,4.7,1.2,0,0,0,0,1,0,0,0,1
2023-12-21 09:00:00,7,10,593,241,0,8.9,4.7,1.2,0,0,0,0,1,0,0,0,1
2023-12-21 01:00:00,0,2,61,10,0,8.9,4.7,1.2,0,0,0,0,1,0,0,0,1
2023-12-20 17:00:00,2,18,863,115,0,9.5,3.8,0.4,0,0,0,0,0,0,1,0,1
2023-12-20 21:00:00,1,22,192,140,0,9.5,3.8,0.4,0,0,0,0,0,0,1,0,1
2023-12-20 22:00:00,1,23,115,120,0,9.5,3.8,0.4,0,0,0,0,0,0,1,0,1
2023-12-20 23:00:00,1,0,72,43,0,9.5,3.8,0.4,0,0,0,0,0,0,1,0,1
2023-12-21 04:00:00,0,5,16,8,0,8.9,4.7,1.2,0,0,0,0,1,0,0,0,1
2023-12-21 03:00:00,0,4,5,6,0,8.9,4.7,1.2,0,0,0,0,1,0,0,0,1
2023-12-20 12:00:00,13,13,1491,552,0,9.5,3.8,0.4,0,0,0,0,0,0,1,0,1
2023-12-21 13:00:00,13,14,967,488,0,8.9,4.7,1.2,0,0,0,0,1,0,0,0,1
2023-12-21 14:00:00,11,15,880,493,0,8.9,4.7,1.2,0,0,0,0,1,0,0,0,1
2023-12-21 15:00:00,8,16,1188,376,0,8.9,4.7,1.2,0,0,0,0,1,0,0,0,1
2023-12-21 08:00:00,6,9,459,171,0,8.9,4.7,1.2,0,0,0,0,1,0,0,0,1
2023-12-21 00:00:00,1,1,92,22,0,8.9,4.7,1.2,0,0,0,0,1,0,0,0,1
2023-12-21 06:00:00,1,7,81,19,0,8.9,4.7,1.2,0,0,0,0,1,0,0,0,1
2023-12-21 11:00:00,4,12,776,216,0,8.9,4.7,1.2,0,0,0,0,1,0,0,0,1
2023-12-21 16:00:00,3,17,1038,327,0,8.9,4.7,1.2,0,0,0,0,1,0,0,0,1
2023-12-21 17:00:00,2,18,912,357,0,8.9,4.7,1.2,0,0,0,0,1,0,0,0,1
2023-12-21 18:00:00,0,19,485,301,0,8.9,4.7,1.2,0,0,0,0,1,0,0,0,1
2023-12-21 19:00:00,0,20,291,122,0,8.9,4.7,1.2,0,0,0,0,1,0,0,0,1
2023-12-21 07:00:00,0,8,168,55,0,8.9,4.7,1.2,0,0,0,0,1,0,0,0,1
2023-12-23 10:00:00,7,11,1007,690,0,10.3,3.5,3.6,0,0,1,0,0,0,0,0,1
2023-12-23 09:00:00,7,10,789,507,0,10.3,3.5,3.6,0,0,1,0,0,0,0,0,1
2023-12-23 11:00:00,6,12,1095,740,0,10.3,3.5,3.6,0,0,1,0,0,0,0,0,1
2023-12-23 12:00:00,3,13,1162,755,0,10.3,3.5,3.6,0,0,1,0,0,0,0,0,1
2023-12-22 11:00:00,2,12,1254,617,0,12.1,6.4,14.3,1,0,0,0,0,0,0,0,1
2023-12-22 20:00:00,0,21,210,66,0,12.1,6.4,14.3,1,0,0,0,0,0,0,0,1
2023-12-22 08:00:00,2,9,404,365,0,12.1,6.4,14.3,1,0,0,0,0,0,0,0,1
2023-12-22 22:00:00,0,23,167,66,0,12.1,6.4,14.3,1,0,0,0,0,0,0,0,1
2023-12-22 21:00:00,0,22,142,58,0,12.1,6.4,14.3,1,0,0,0,0,0,0,0,1
2023-12-22 23:00:00,0,0,234,55,0,12.1,6.4,14.3,1,0,0,0,0,0,0,0,1
2023-12-22 05:00:00,0,6,14,53,0,12.1,6.4,14.3,1,0,0,0,0,0,0,0,1
2023-12-22 03:00:00,0,4,30,29,0,12.1,6.4,14.3,1,0,0,0,0,0,0,0,1
2023-12-22 04:00:00,0,5,14,29,0,12.1,6.4,14.3,1,0,0,0,0,0,0,0,1
2023-12-22 00:00:00,0,1,218,28,0,12.1,6.4,14.3,1,0,0,0,0,0,0,0,1
2023-12-22 02:00:00,0,3,247,26,0,12.1,6.4,14.3,1,0,0,0,0,0,0,0,1
2023-12-22 14:00:00,7,15,1568,755,0,12.1,6.4,14.3,1,0,0,0,0,0,0,0,1
2023-12-22 10:00:00,7,11,1218,555,0,12.1,6.4,14.3,1,0,0,0,0,0,0,0,1
2023-12-22 12:00:00,6,13,1351,731,0,12.1,6.4,14.3,1,0,0,0,0,0,0,0,1
2023-12-23 13:00:00,2,14,1173,659,0,10.3,3.5,3.6,0,0,1,0,0,0,0,0,1
2023-12-22 01:00:00,2,2,100,11,0,12.1,6.4,14.3,1,0,0,0,0,0,0,0,1
2023-12-22 16:00:00,1,17,587,668,0,12.1,6.4,14.3,1,0,0,0,0,0,0,0,1
2023-12-22 17:00:00,0,18,455,562,0,12.1,6.4,14.3,1,0,0,0,0,0,0,0,1
2023-12-22 07:00:00,0,8,97,205,0,12.1,6.4,14.3,1,0,0,0,0,0,0,0,1
2023-12-22 06:00:00,0,7,36,93,0,12.1,6.4,14.3,1,0,0,0,0,0,0,0,1
2023-12-22 19:00:00,0,20,222,88,0,12.1,6.4,14.3,1,0,0,0,0,0,0,0,1
2023-12-23 08:00:00,2,9,189,336,0,10.3,3.5,3.6,0,0,1,0,0,0,0,0,1
2023-12-23 21:00:00,2,22,151,56,0,10.3,3.5,3.6,0,0,1,0,0,0,0,0,1
2023-12-22 15:00:00,5,16,1071,740,0,12.1,6.4,14.3,1,0,0,0,0,0,0,0,1
2023-12-23 17:00:00,0,18,291,368,0,10.3,3.5,3.6,0,0,1,0,0,0,0,0,1
2023-12-23 15:00:00,1,16,797,785,0,10.3,3.5,3.6,0,0,1,0,0,0,0,0,1
2023-12-23 14:00:00,1,15,1241,720,0,10.3,3.5,3.6,0,0,1,0,0,0,0,0,1
2023-12-23 18:00:00,0,19,279,312,0,10.3,3.5,3.6,0,0,1,0,0,0,0,0,1
2023-12-23 16:00:00,1,17,337,438,0,10.3,3.5,3.6,0,0,1,0,0,0,0,0,1
2023-12-23 19:00:00,1,20,234,265,0,10.3,3.5,3.6,0,0,1,0,0,0,0,0,1
2023-12-23 22:00:00,1,23,130,134,0,10.3,3.5,3.6,0,0,1,0,0,0,0,0,1
2023-12-23 02:00:00,1,3,207,70,0,10.3,3.5,3.6,0,0,1,0,0,0,0,0,1
2023-12-23 04:00:00,1,5,14,36,0,10.3,3.5,3.6,0,0,1,0,0,0,0,0,1
2023-12-23 07:00:00,0,8,77,160,0,10.3,3.5,3.6,0,0,1,0,0,0,0,0,1
2023-12-23 03:00:00,0,4,143,107,0,10.3,3.5,3.6,0,0,1,0,0,0,0,0,1
2023-12-22 13:00:00,10,14,1568,666,0,12.1,6.4,14.3,1,0,0,0,0,0,0,0,1
2023-12-23 23:00:00,0,0,184,82,0,10.3,3.5,3.6,0,0,1,0,0,0,0,0,1
2023-12-22 09:00:00,3,10,872,497,0,12.1,6.4,14.3,1,0,0,0,0,0,0,0,1
2023-12-23 06:00:00,0,7,44,61,0,10.3,3.5,3.6,0,0,1,0,0,0,0,0,1
2023-12-22 18:00:00,3,19,364,261,0,12.1,6.4,14.3,1,0,0,0,0,0,0,0,1
2023-12-23 00:00:00,0,1,236,56,0,10.3,3.5,3.6,0,0,1,0,0,0,0,0,1
2023-12-23 20:00:00,0,21,141,55,0,10.3,3.5,3.6,0,0,1,0,0,0,0,0,1
2023-12-23 01:00:00,0,2,214,51,0,10.3,3.5,3.6,0,0,1,0,0,0,0,0,1
2023-12-23 05:00:00,0,6,17,40,0,10.3,3.5,3.6,0,0,1,0,0,0,0,0,1
2023-12-25 09:00:00,0,10,46,49,1,6.3,0.4,3.4,0,1,0,0,0,0,0,0,1
2023-12-25 12:00:00,2,13,61,120,1,6.3,0.4,3.4,0,1,0,0,0,0,0,0,1
2023-12-24 09:00:00,2,10,706,271,0,4.8,2.8,0.0,0,0,0,1,0,0,0,0,1
2023-12-24 18:00:00,2,19,204,215,0,4.8,2.8,0.0,0,0,0,1,0,0,0,0,1
2023-12-24 08:00:00,2,9,254,190,0,4.8,2.8,0.0,0,0,0,1,0,0,0,0,1
2023-12-24 16:00:00,1,17,431,355,0,4.8,2.8,0.0,0,0,0,1,0,0,0,0,1
2023-12-24 17:00:00,0,18,289,289,0,4.8,2.8,0.0,0,0,0,1,0,0,0,0,1
2023-12-25 02:00:00,0,3,3,32,1,6.3,0.4,3.4,0,1,0,0,0,0,0,0,1
2023-12-25 08:00:00,2,9,24,29,1,6.3,0.4,3.4,0,1,0,0,0,0,0,0,1
2023-12-24 19:00:00,0,20,150,188,0,4.8,2.8,0.0,0,0,0,1,0,0,0,0,1
2023-12-25 15:00:00,0,16,118,91,1,6.3,0.4,3.4,0,1,0,0,0,0,0,0,1
2023-12-25 01:00:00,0,2,39,90,1,6.3,0.4,3.4,0,1,0,0,0,0,0,0,1
2023-12-25 00:00:00,0,1,91,89,1,6.3,0.4,3.4,0,1,0,0,0,0,0,0,1
2023-12-25 20:00:00,0,21,69,86,1,6.3,0.4,3.4,0,1,0,0,0,0,0,0,1
2023-12-25 14:00:00,0,15,89,82,1,6.3,0.4,3.4,0,1,0,0,0,0,0,0,1
2023-12-25 19:00:00,0,20,26,82,1,6.3,0.4,3.4,0,1,0,0,0,0,0,0,1
2023-12-25 22:00:00,0,23,42,79,1,6.3,0.4,3.4,0,1,0,0,0,0,0,0,1
2023-12-25 23:00:00,0,0,29,78,1,6.3,0.4,3.4,0,1,0,0,0,0,0,0,1
2023-12-25 11:00:00,0,12,41,76,1,6.3,0.4,3.4,0,1,0,0,0,0,0,0,1
2023-12-25 17:00:00,0,18,57,75,1,6.3,0.4,3.4,0,1,0,0,0,0,0,0,1
2023-12-25 21:00:00,0,22,68,71,1,6.3,0.4,3.4,0,1,0,0,0,0,0,0,1
2023-12-25 18:00:00,0,19,66,58,1,6.3,0.4,3.4,0,1,0,0,0,0,0,0,1
2023-12-24 20:00:00,0,21,90,167,0,4.8,2.8,0.0,0,0,0,1,0,0,0,0,1
2023-12-24 22:00:00,0,23,71,140,0,4.8,2.8,0.0,0,0,0,1,0,0,0,0,1
2023-12-24 23:00:00,0,0,79,139,0,4.8,2.8,0.0,0,0,0,1,0,0,0,0,1
2023-12-25 07:00:00,0,8,28,19,1,6.3,0.4,3.4,0,1,0,0,0,0,0,0,1
2023-12-24 14:00:00,0,15,368,128,0,4.8,2.8,0.0,0,0,0,1,0,0,0,0,1
2023-12-25 03:00:00,0,4,14,13,1,6.3,0.4,3.4,0,1,0,0,0,0,0,0,1
2023-12-25 05:00:00,0,6,16,11,1,6.3,0.4,3.4,0,1,0,0,0,0,0,0,1
2023-12-25 06:00:00,0,7,21,7,1,6.3,0.4,3.4,0,1,0,0,0,0,0,0,1
2023-12-25 04:00:00,0,5,3,5,1,6.3,0.4,3.4,0,1,0,0,0,0,0,0,1
2023-12-24 21:00:00,0,22,73,128,0,4.8,2.8,0.0,0,0,0,1,0,0,0,0,1
2023-12-24 07:00:00,0,8,65,72,0,4.8,2.8,0.0,0,0,0,1,0,0,0,0,1
2023-12-24 01:00:00,0,2,378,66,0,4.8,2.8,0.0,0,0,0,1,0,0,0,0,1
2023-12-24 11:00:00,5,12,1504,457,0,4.8,2.8,0.0,0,0,0,1,0,0,0,0,1
2023-12-24 00:00:00,0,1,265,63,0,4.8,2.8,0.0,0,0,0,1,0,0,0,0,1
2023-12-24 02:00:00,0,3,298,50,0,4.8,2.8,0.0,0,0,0,1,0,0,0,0,1
2023-12-25 13:00:00,1,14,101,95,1,6.3,0.4,3.4,0,1,0,0,0,0,0,0,1
2023-12-25 10:00:00,1,11,61,76,1,6.3,0.4,3.4,0,1,0,0,0,0,0,0,1
2023-12-25 16:00:00,1,17,67,74,1,6.3,0.4,3.4,0,1,0,0,0,0,0,0,1
2023-12-24 04:00:00,0,5,30,44,0,4.8,2.8,0.0,0,0,0,1,0,0,0,0,1
2023-12-24 06:00:00,0,7,26,37,0,4.8,2.8,0.0,0,0,0,1,0,0,0,0,1
2023-12-24 03:00:00,0,4,186,32,0,4.8,2.8,0.0,0,0,0,1,0,0,0,0,1
2023-12-24 05:00:00,0,6,46,31,0,4.8,2.8,0.0,0,0,0,1,0,0,0,0,1
2023-12-24 12:00:00,3,13,1557,496,0,4.8,2.8,0.0,0,0,0,1,0,0,0,0,1
2023-12-24 15:00:00,3,16,982,421,0,4.8,2.8,0.0,0,0,0,1,0,0,0,0,1
2023-12-24 13:00:00,3,14,1427,403,0,4.8,2.8,0.0,0,0,0,1,0,0,0,0,1
2023-12-24 10:00:00,3,11,1105,367,0,4.8,2.8,0.0,0,0,0,1,0,0,0,0,1
2023-12-27 08:00:00,0,9,222,104,0,8.3,-4.0,22.5,0,0,0,0,0,0,1,0,1
2023-12-27 01:00:00,0,2,211,49,0,8.3,-4.0,22.5,0,0,0,0,0,0,1,0,1
2023-12-27 07:00:00,0,8,143,48,0,8.3,-4.0,22.5,0,0,0,0,0,0,1,0,1
2023-12-27 02:00:00,0,3,320,43,0,8.3,-4.0,22.5,0,0,0,0,0,0,1,0,1
2023-12-27 00:00:00,0,1,185,41,0,8.3,-4.0,22.5,0,0,0,0,0,0,1,0,1
2023-12-27 06:00:00,0,7,53,17,0,8.3,-4.0,22.5,0,0,0,0,0,0,1,0,1
2023-12-27 05:00:00,0,6,36,16,0,8.3,-4.0,22.5,0,0,0,0,0,0,1,0,1
2023-12-27 03:00:00,0,4,33,14,0,8.3,-4.0,22.5,0,0,0,0,0,0,1,0,1
2023-12-26 07:00:00,0,8,31,45,1,8.8,0.4,14.8,0,0,0,0,0,1,0,0,1
2023-12-27 04:00:00,0,5,9,4,0,8.3,-4.0,22.5,0,0,0,0,0,0,1,0,1
2023-12-26 03:00:00,1,4,42,46,1,8.8,0.4,14.8,0,0,0,0,0,1,0,0,1
2023-12-26 18:00:00,0,19,235,184,1,8.8,0.4,14.8,0,0,0,0,0,1,0,0,1
2023-12-26 20:00:00,0,21,112,134,1,8.8,0.4,14.8,0,0,0,0,0,1,0,0,1
2023-12-26 21:00:00,0,22,132,118,1,8.8,0.4,14.8,0,0,0,0,0,1,0,0,1
2023-12-26 16:00:00,0,17,267,116,1,8.8,0.4,14.8,0,0,0,0,0,1,0,0,1
2023-12-26 17:00:00,0,18,229,109,1,8.8,0.4,14.8,0,0,0,0,0,1,0,0,1
2023-12-26 09:00:00,0,10,255,93,1,8.8,0.4,14.8,0,0,0,0,0,1,0,0,1
2023-12-26 01:00:00,0,2,76,79,1,8.8,0.4,14.8,0,0,0,0,0,1,0,0,1
2023-12-26 00:00:00,0,1,99,76,1,8.8,0.4,14.8,0,0,0,0,0,1,0,0,1
2023-12-26 23:00:00,0,0,174,59,1,8.8,0.4,14.8,0,0,0,0,0,1,0,0,1
2023-12-27 10:00:00,0,11,420,220,0,8.3,-4.0,22.5,0,0,0,0,0,0,1,0,1
2023-12-27 09:00:00,0,10,427,173,0,8.3,-4.0,22.5,0,0,0,0,0,0,1,0,1
2023-12-28 15:00:00,7,16,1144,589,0,5.3,3.4,19.9,0,0,0,0,1,0,0,0,1
2023-12-27 11:00:00,0,12,6,2,0,8.3,-4.0,22.5,0,0,0,0,0,0,1,0,1
2023-12-26 22:00:00,0,23,174,35,1,8.8,0.4,14.8,0,0,0,0,0,1,0,0,1
2023-12-28 14:00:00,6,15,1317,686,0,5.3,3.4,19.9,0,0,0,0,1,0,0,0,1
2023-12-26 06:00:00,0,7,65,20,1,8.8,0.4,14.8,0,0,0,0,0,1,0,0,1
2023-12-26 04:00:00,0,5,9,4,1,8.8,0.4,14.8,0,0,0,0,0,1,0,0,1
2023-12-26 05:00:00,0,6,4,2,1,8.8,0.4,14.8,0,0,0,0,0,1,0,0,1
2023-12-26 12:00:00,3,13,754,222,1,8.8,0.4,14.8,0,0,0,0,0,1,0,0,1
2023-12-26 08:00:00,3,9,83,78,1,8.8,0.4,14.8,0,0,0,0,0,1,0,0,1
2023-12-26 15:00:00,2,16,782,260,1,8.8,0.4,14.8,0,0,0,0,0,1,0,0,1
2023-12-26 13:00:00,2,14,866,231,1,8.8,0.4,14.8,0,0,0,0,0,1,0,0,1
2023-12-26 11:00:00,2,12,565,212,1,8.8,0.4,14.8,0,0,0,0,0,1,0,0,1
2023-12-26 10:00:00,2,11,464,136,1,8.8,0.4,14.8,0,0,0,0,0,1,0,0,1
2023-12-26 02:00:00,2,3,54,43,1,8.8,0.4,14.8,0,0,0,0,0,1,0,0,1
2023-12-26 14:00:00,1,15,657,251,1,8.8,0.4,14.8,0,0,0,0,0,1,0,0,1
2023-12-26 19:00:00,1,20,174,132,1,8.8,0.4,14.8,0,0,0,0,0,1,0,0,1
2023-12-28 12:00:00,4,13,1205,947,0,5.3,3.4,19.9,0,0,0,0,1,0,0,0,1
2023-12-28 11:00:00,3,12,1010,432,0,5.3,3.4,19.9,0,0,0,0,1,0,0,0,1
2023-12-28 17:00:00,2,18,357,392,0,5.3,3.4,19.9,0,0,0,0,1,0,0,0,1
2023-12-28 13:00:00,1,14,1186,449,0,5.3,3.4,19.9,0,0,0,0,1,0,0,0,1
2023-12-28 16:00:00,0,17,528,481,0,5.3,3.4,19.9,0,0,0,0,1,0,0,0,1
2023-12-28 18:00:00,0,19,200,289,0,5.3,3.4,19.9,0,0,0,0,1,0,0,0,1
2023-12-28 19:00:00,0,20,111,269,0,5.3,3.4,19.9,0,0,0,0,1,0,0,0,1
2023-12-28 20:00:00,0,21,208,212,0,5.3,3.4,19.9,0,0,0,0,1,0,0,0,1
2023-12-28 21:00:00,0,22,171,163,0,5.3,3.4,19.9,0,0,0,0,1,0,0,0,1
2023-12-28 22:00:00,0,23,163,103,0,5.3,3.4,19.9,0,0,0,0,1,0,0,0,1
2023-12-29 20:00:00,1,21,210,162,0,6.8,3.0,0.1,1,0,0,0,0,0,0,0,1
2023-12-29 06:00:00,0,7,70,30,0,6.8,3.0,0.1,1,0,0,0,0,0,0,0,1
2023-12-29 10:00:00,4,11,809,427,0,6.8,3.0,0.1,1,0,0,0,0,0,0,0,1
2023-12-29 01:00:00,0,2,95,28,0,6.8,3.0,0.1,1,0,0,0,0,0,0,0,1
2023-12-29 05:00:00,0,6,35,20,0,6.8,3.0,0.1,1,0,0,0,0,0,0,0,1
2023-12-29 16:00:00,3,17,1243,299,0,6.8,3.0,0.1,1,0,0,0,0,0,0,0,1
2023-12-29 15:00:00,2,16,1336,593,0,6.8,3.0,0.1,1,0,0,0,0,0,0,0,1
2023-12-29 09:00:00,2,10,567,397,0,6.8,3.0,0.1,1,0,0,0,0,0,0,0,1
2023-12-29 14:00:00,1,15,1171,750,0,6.8,3.0,0.1,1,0,0,0,0,0,0,0,1
2023-12-28 23:00:00,0,0,127,36,0,5.3,3.4,19.9,0,0,0,0,1,0,0,0,1
2023-12-29 18:00:00,0,19,132,576,0,6.8,3.0,0.1,1,0,0,0,0,0,0,0,1
2023-12-29 17:00:00,0,18,457,560,0,6.8,3.0,0.1,1,0,0,0,0,0,0,0,1
2023-12-29 19:00:00,0,20,214,306,0,6.8,3.0,0.1,1,0,0,0,0,0,0,0,1
2023-12-29 08:00:00,0,9,303,264,0,6.8,3.0,0.1,1,0,0,0,0,0,0,0,1
2023-12-29 21:00:00,0,22,242,153,0,6.8,3.0,0.1,1,0,0,0,0,0,0,0,1
2023-12-29 07:00:00,0,8,204,107,0,6.8,3.0,0.1,1,0,0,0,0,0,0,0,1
2023-12-29 23:00:00,0,0,134,66,0,6.8,3.0,0.1,1,0,0,0,0,0,0,0,1
2023-12-29 22:00:00,0,23,108,45,0,6.8,3.0,0.1,1,0,0,0,0,0,0,0,1
2023-12-29 02:00:00,0,3,48,44,0,6.8,3.0,0.1,1,0,0,0,0,0,0,0,1
2023-12-29 00:00:00,0,1,195,35,0,6.8,3.0,0.1,1,0,0,0,0,0,0,0,1
2023-12-29 03:00:00,0,4,28,11,0,6.8,3.0,0.1,1,0,0,0,0,0,0,0,1
2023-12-30 13:00:00,1,14,673,157,0,8.1,-0.4,9.2,0,0,1,0,0,0,0,0,1
2023-12-30 10:00:00,0,11,689,363,0,8.1,-0.4,9.2,0,0,1,0,0,0,0,0,1
2023-12-30 16:00:00,0,17,340,324,0,8.1,-0.4,9.2,0,0,1,0,0,0,0,0,1
2023-12-30 09:00:00,0,10,463,220,0,8.1,-0.4,9.2,0,0,1,0,0,0,0,0,1
2023-12-29 04:00:00,0,5,4,5,0,6.8,3.0,0.1,1,0,0,0,0,0,0,0,1
2023-12-30 12:00:00,9,13,1122,536,0,8.1,-0.4,9.2,0,0,1,0,0,0,0,0,1
2023-12-30 11:00:00,3,12,889,439,0,8.1,-0.4,9.2,0,0,1,0,0,0,0,0,1
2023-12-30 15:00:00,3,16,797,126,0,8.1,-0.4,9.2,0,0,1,0,0,0,0,0,1
2023-12-29 12:00:00,7,13,1208,564,0,6.8,3.0,0.1,1,0,0,0,0,0,0,0,1
2023-12-29 13:00:00,6,14,1052,582,0,6.8,3.0,0.1,1,0,0,0,0,0,0,0,1
2023-12-29 11:00:00,6,12,1004,529,0,6.8,3.0,0.1,1,0,0,0,0,0,0,0,1
2023-12-30 17:00:00,2,18,440,257,0,8.1,-0.4,9.2,0,0,1,0,0,0,0,0,1
2023-12-30 20:00:00,2,21,336,135,0,8.1,-0.4,9.2,0,0,1,0,0,0,0,0,1
2023-12-30 08:00:00,2,9,314,106,0,8.1,-0.4,9.2,0,0,1,0,0,0,0,0,1
2023-12-30 18:00:00,0,19,389,192,0,8.1,-0.4,9.2,0,0,1,0,0,0,0,0,1
2023-12-30 19:00:00,0,20,379,180,0,8.1,-0.4,9.2,0,0,1,0,0,0,0,0,1
2023-12-30 05:00:00,0,6,6,13,0,8.1,-0.4,9.2,0,0,1,0,0,0,0,0,1
2023-12-30 14:00:00,0,15,677,164,0,8.1,-0.4,9.2,0,0,1,0,0,0,0,0,1
2023-12-30 21:00:00,0,22,123,109,0,8.1,-0.4,9.2,0,0,1,0,0,0,0,0,1
2023-12-30 04:00:00,0,5,7,6,0,8.1,-0.4,9.2,0,0,1,0,0,0,0,0,1
2023-12-31 12:00:00,1,13,1367,381,0,6.8,-1.0,0.2,0,0,0,1,0,0,0,0,1
2023-12-30 01:00:00,0,2,192,75,0,8.1,-0.4,9.2,0,0,1,0,0,0,0,0,1
2023-12-30 23:00:00,0,0,92,75,0,8.1,-0.4,9.2,0,0,1,0,0,0,0,0,1
2023-12-30 00:00:00,0,1,165,62,0,8.1,-0.4,9.2,0,0,1,0,0,0,0,0,1
2023-12-30 07:00:00,0,8,104,56,0,8.1,-0.4,9.2,0,0,1,0,0,0,0,0,1
2023-12-30 22:00:00,0,23,92,51,0,8.1,-0.4,9.2,0,0,1,0,0,0,0,0,1
2023-12-30 03:00:00,0,4,214,47,0,8.1,-0.4,9.2,0,0,1,0,0,0,0,0,1
2023-12-30 02:00:00,0,3,142,44,0,8.1,-0.4,9.2,0,0,1,0,0,0,0,0,1
2023-12-30 06:00:00,0,7,46,16,0,8.1,-0.4,9.2,0,0,1,0,0,0,0,0,1
2023-12-31 15:00:00,1,16,1089,366,0,6.8,-1.0,0.2,0,0,0,1,0,0,0,0,1
2023-12-31 23:00:00,0,0,413,83,0,6.8,-1.0,0.2,0,0,0,1,0,0,0,0,1
2023-12-31 22:00:00,0,23,434,75,0,6.8,-1.0,0.2,0,0,0,1,0,0,0,0,1
2023-12-31 21:00:00,0,22,184,71,0,6.8,-1.0,0.2,0,0,0,1,0,0,0,0,1
2023-12-31 08:00:00,0,9,102,70,0,6.8,-1.0,0.2,0,0,0,1,0,0,0,0,1
2023-12-31 11:00:00,1,12,1055,275,0,6.8,-1.0,0.2,0,0,0,1,0,0,0,0,1
2023-12-31 00:00:00,0,1,137,60,0,6.8,-1.0,0.2,0,0,0,1,0,0,0,0,1
2023-12-31 01:00:00,0,2,120,49,0,6.8,-1.0,0.2,0,0,0,1,0,0,0,0,1
2023-12-31 20:00:00,0,21,201,48,0,6.8,-1.0,0.2,0,0,0,1,0,0,0,0,1
2023-12-31 07:00:00,0,8,43,45,0,6.8,-1.0,0.2,0,0,0,1,0,0,0,0,1
2023-12-31 02:00:00,0,3,138,42,0,6.8,-1.0,0.2,0,0,0,1,0,0,0,0,1
2023-12-31 06:00:00,0,7,37,23,0,6.8,-1.0,0.2,0,0,0,1,0,0,0,0,1
2023-12-31 03:00:00,0,4,34,12,0,6.8,-1.0,0.2,0,0,0,1,0,0,0,0,1
2023-12-31 05:00:00,0,6,25,8,0,6.8,-1.0,0.2,0,0,0,1,0,0,0,0,1
2023-12-31 04:00:00,0,5,23,6,0,6.8,-1.0,0.2,0,0,0,1,0,0,0,0,1
2023-12-31 14:00:00,0,15,1277,398,0,6.8,-1.0,0.2,0,0,0,1,0,0,0,0,1
2023-12-31 16:00:00,0,17,459,354,0,6.8,-1.0,0.2,0,0,0,1,0,0,0,0,1
2023-12-31 18:00:00,0,19,216,289,0,6.8,-1.0,0.2,0,0,0,1,0,0,0,0,1
2023-12-31 19:00:00,0,20,234,276,0,6.8,-1.0,0.2,0,0,0,1,0,0,0,0,1
2023-12-31 17:00:00,0,18,381,262,0,6.8,-1.0,0.2,0,0,0,1,0,0,0,0,1
2023-12-31 10:00:00,0,11,631,217,0,6.8,-1.0,0.2,0,0,0,1,0,0,0,0,1
2023-12-31 13:00:00,5,14,1436,405,0,6.8,-1.0,0.2,0,0,0,1,0,0,0,0,1
2023-12-31 09:00:00,5,10,294,107,0,6.8,-1.0,0.2,0,0,0,1,0,0,0,0,1
2024-01-01 04:00:00,1,5,165,138,1,7.4,5.5,9.6,0,1,0,0,0,0,0,0,1
2024-01-01 16:00:00,1,17,151,109,1,7.4,5.5,9.6,0,1,0,0,0,0,0,0,1
2024-01-01 20:00:00,1,21,66,66,1,7.4,5.5,9.6,0,1,0,0,0,0,0,0,1
2024-01-01 08:00:00,1,9,48,40,1,7.4,5.5,9.6,0,1,0,0,0,0,0,0,1
2024-01-01 15:00:00,0,16,283,136,1,7.4,5.5,9.6,0,1,0,0,0,0,0,0,1
2024-01-01 02:00:00,0,3,574,106,1,7.4,5.5,9.6,0,1,0,0,0,0,0,0,1
2024-01-01 03:00:00,0,4,305,100,1,7.4,5.5,9.6,0,1,0,0,0,0,0,0,1
2024-01-01 18:00:00,0,19,105,83,1,7.4,5.5,9.6,0,1,0,0,0,0,0,0,1
2024-01-01 01:00:00,0,2,538,78,1,7.4,5.5,9.6,0,1,0,0,0,0,0,0,1
2024-01-01 19:00:00,0,20,70,72,1,7.4,5.5,9.6,0,1,0,0,0,0,0,0,1
2024-01-01 14:00:00,4,15,162,116,1,7.4,5.5,9.6,0,1,0,0,0,0,0,0,1
2024-01-01 11:00:00,4,12,150,74,1,7.4,5.5,9.6,0,1,0,0,0,0,0,0,1
2024-01-01 13:00:00,3,14,181,99,1,7.4,5.5,9.6,0,1,0,0,0,0,0,0,1
2024-01-01 12:00:00,2,13,138,89,1,7.4,5.5,9.6,0,1,0,0,0,0,0,0,1
2024-01-01 10:00:00,2,11,71,57,1,7.4,5.5,9.6,0,1,0,0,0,0,0,0,1
2024-01-01 23:00:00,0,0,81,71,1,7.4,5.5,9.6,0,1,0,0,0,0,0,0,1
2024-01-02 14:00:00,4,15,1502,317,1,7.3,5.5,6.4,0,0,0,0,0,1,0,0,1
2024-01-01 00:00:00,0,1,621,70,1,7.4,5.5,9.6,0,1,0,0,0,0,0,0,1
2024-01-02 04:00:00,0,5,17,15,1,7.3,5.5,6.4,0,0,0,0,0,1,0,0,1
2024-01-02 15:00:00,0,16,1134,280,1,7.3,5.5,6.4,0,0,0,0,0,1,0,0,1
2024-01-02 18:00:00,0,19,300,198,1,7.3,5.5,6.4,0,0,0,0,0,1,0,0,1
2024-01-02 03:00:00,0,4,25,13,1,7.3,5.5,6.4,0,0,0,0,0,1,0,0,1
2024-01-02 10:00:00,0,11,656,194,1,7.3,5.5,6.4,0,0,0,0,0,1,0,0,1
2024-01-01 21:00:00,0,22,29,50,1,7.4,5.5,9.6,0,1,0,0,0,0,0,0,1
2024-01-02 17:00:00,0,18,247,161,1,7.3,5.5,6.4,0,0,0,0,0,1,0,0,1
2024-01-02 05:00:00,0,6,9,11,1,7.3,5.5,6.4,0,0,0,0,0,1,0,0,1
2024-01-01 05:00:00,0,6,39,42,1,7.4,5.5,9.6,0,1,0,0,0,0,0,0,1
2024-01-01 22:00:00,0,23,28,42,1,7.4,5.5,9.6,0,1,0,0,0,0,0,0,1
2024-01-02 09:00:00,0,10,290,142,1,7.3,5.5,6.4,0,0,0,0,0,1,0,0,1
2024-01-01 17:00:00,0,18,125,37,1,7.4,5.5,9.6,0,1,0,0,0,0,0,0,1
2024-01-01 09:00:00,0,10,80,36,1,7.4,5.5,9.6,0,1,0,0,0,0,0,0,1
2024-01-02 06:00:00,0,7,24,5,1,7.3,5.5,6.4,0,0,0,0,0,1,0,0,1
2024-01-02 08:00:00,0,9,88,102,1,7.3,5.5,6.4,0,0,0,0,0,1,0,0,1
2024-01-02 21:00:00,0,22,135,101,1,7.3,5.5,6.4,0,0,0,0,0,1,0,0,1
2024-01-02 00:00:00,0,1,78,97,1,7.3,5.5,6.4,0,0,0,0,0,1,0,0,1
2024-01-01 06:00:00,0,7,26,27,1,7.4,5.5,9.6,0,1,0,0,0,0,0,0,1
2024-01-01 07:00:00,0,8,35,20,1,7.4,5.5,9.6,0,1,0,0,0,0,0,0,1
2024-01-02 23:00:00,0,0,30,69,1,7.3,5.5,6.4,0,0,0,0,0,1,0,0,1
2024-01-02 07:00:00,0,8,43,53,1,7.3,5.5,6.4,0,0,0,0,0,1,0,0,1
2024-01-02 01:00:00,0,2,49,46,1,7.3,5.5,6.4,0,0,0,0,0,1,0,0,1
2024-01-02 12:00:00,1,13,1078,268,1,7.3,5.5,6.4,0,0,0,0,0,1,0,0,1
2024-01-02 11:00:00,1,12,1007,246,1,7.3,5.5,6.4,0,0,0,0,0,1,0,0,1
2024-01-02 16:00:00,1,17,340,207,1,7.3,5.5,6.4,0,0,0,0,0,1,0,0,1
2024-01-02 19:00:00,1,20,215,176,1,7.3,5.5,6.4,0,0,0,0,0,1,0,0,1
2024-01-02 20:00:00,1,21,205,146,1,7.3,5.5,6.4,0,0,0,0,0,1,0,0,1
2024-01-02 22:00:00,1,23,52,80,1,7.3,5.5,6.4,0,0,0,0,0,1,0,0,1
2024-01-02 02:00:00,1,3,54,30,1,7.3,5.5,6.4,0,0,0,0,0,1,0,0,1
2024-01-02 13:00:00,0,14,1588,324,1,7.3,5.5,6.4,0,0,0,0,0,1,0,0,1
2024-01-03 12:00:00,9,13,1568,481,0,7.3,5.7,9.3,0,0,0,0,0,0,1,0,1
2024-01-03 11:00:00,8,12,1345,493,0,7.3,5.7,9.3,0,0,0,0,0,0,1,0,1
2024-01-03 15:00:00,0,16,1148,472,0,7.3,5.7,9.3,0,0,0,0,0,0,1,0,1
2024-01-03 16:00:00,0,17,221,383,0,7.3,5.7,9.3,0,0,0,0,0,0,1,0,1
2024-01-03 17:00:00,0,18,229,307,0,7.3,5.7,9.3,0,0,0,0,0,0,1,0,1
2024-01-03 14:00:00,2,15,1755,489,0,7.3,5.7,9.3,0,0,0,0,0,0,1,0,1
2024-01-03 08:00:00,0,9,363,279,0,7.3,5.7,9.3,0,0,0,0,0,0,1,0,1
2024-01-03 13:00:00,2,14,1659,462,0,7.3,5.7,9.3,0,0,0,0,0,0,1,0,1
2024-01-03 18:00:00,0,19,245,222,0,7.3,5.7,9.3,0,0,0,0,0,0,1,0,1
2024-01-03 19:00:00,0,20,195,193,0,7.3,5.7,9.3,0,0,0,0,0,0,1,0,1
2024-01-03 20:00:00,0,21,142,136,0,7.3,5.7,9.3,0,0,0,0,0,0,1,0,1
2024-01-03 07:00:00,0,8,144,123,0,7.3,5.7,9.3,0,0,0,0,0,0,1,0,1
2024-01-03 23:00:00,0,0,88,110,0,7.3,5.7,9.3,0,0,0,0,0,0,1,0,1
2024-01-03 22:00:00,0,23,111,101,0,7.3,5.7,9.3,0,0,0,0,0,0,1,0,1
2024-01-03 21:00:00,0,22,121,94,0,7.3,5.7,9.3,0,0,0,0,0,0,1,0,1
2024-01-03 06:00:00,0,7,69,72,0,7.3,5.7,9.3,0,0,0,0,0,0,1,0,1
2024-01-03 00:00:00,0,1,58,60,0,7.3,5.7,9.3,0,0,0,0,0,0,1,0,1
2024-01-03 01:00:00,0,2,53,50,0,7.3,5.7,9.3,0,0,0,0,0,0,1,0,1
2024-01-03 02:00:00,0,3,31,47,0,7.3,5.7,9.3,0,0,0,0,0,0,1,0,1
2024-01-03 05:00:00,0,6,25,35,0,7.3,5.7,9.3,0,0,0,0,0,0,1,0,1
2024-01-03 04:00:00,0,5,10,28,0,7.3,5.7,9.3,0,0,0,0,0,0,1,0,1
2024-01-03 03:00:00,0,4,3,17,0,7.3,5.7,9.3,0,0,0,0,0,0,1,0,1
2024-01-03 10:00:00,1,11,1135,391,0,7.3,5.7,9.3,0,0,0,0,0,0,1,0,1
2024-01-03 09:00:00,1,10,760,270,0,7.3,5.7,9.3,0,0,0,0,0,0,1,0,1
2024-01-04 10:00:00,3,11,765,331,0,6.4,6.0,9.3,0,0,0,0,1,0,0,0,1
2024-01-04 09:00:00,3,10,491,306,0,6.4,6.0,9.3,0,0,0,0,1,0,0,0,1
2024-01-04 14:00:00,2,15,801,441,0,6.4,6.0,9.3,0,0,0,0,1,0,0,0,1
2024-01-04 13:00:00,2,14,1106,412,0,6.4,6.0,9.3,0,0,0,0,1,0,0,0,1
2024-01-04 08:00:00,2,9,285,256,0,6.4,6.0,9.3,0,0,0,0,1,0,0,0,1
2024-01-04 23:00:00,0,0,69,100,0,6.4,6.0,9.3,0,0,0,0,1,0,0,0,1
2024-01-04 21:00:00,0,22,74,86,0,6.4,6.0,9.3,0,0,0,0,1,0,0,0,1
2024-01-04 12:00:00,4,13,962,377,0,6.4,6.0,9.3,0,0,0,0,1,0,0,0,1
2024-01-04 00:00:00,0,1,29,81,0,6.4,6.0,9.3,0,0,0,0,1,0,0,0,1
2024-01-04 06:00:00,0,7,68,80,0,6.4,6.0,9.3,0,0,0,0,1,0,0,0,1
2024-01-04 22:00:00,4,23,116,114,0,6.4,6.0,9.3,0,0,0,0,1,0,0,0,1
2024-01-04 01:00:00,0,2,6,71,0,6.4,6.0,9.3,0,0,0,0,1,0,0,0,1
2024-01-04 15:00:00,1,16,850,430,0,6.4,6.0,9.3,0,0,0,0,1,0,0,0,1
2024-01-04 11:00:00,1,12,921,398,0,6.4,6.0,9.3,0,0,0,0,1,0,0,0,1
2024-01-04 16:00:00,1,17,442,225,0,6.4,6.0,9.3,0,0,0,0,1,0,0,0,1
2024-01-04 20:00:00,0,21,59,45,0,6.4,6.0,9.3,0,0,0,0,1,0,0,0,1
2024-01-04 07:00:00,1,8,133,159,0,6.4,6.0,9.3,0,0,0,0,1,0,0,0,1
2024-01-04 17:00:00,1,18,294,146,0,6.4,6.0,9.3,0,0,0,0,1,0,0,0,1
2024-01-04 19:00:00,1,20,77,80,0,6.4,6.0,9.3,0,0,0,0,1,0,0,0,1
2024-01-04 18:00:00,1,19,148,70,0,6.4,6.0,9.3,0,0,0,0,1,0,0,0,1
2024-01-04 02:00:00,0,3,5,40,0,6.4,6.0,9.3,0,0,0,0,1,0,0,0,1
2024-01-04 05:00:00,0,6,40,38,0,6.4,6.0,9.3,0,0,0,0,1,0,0,0,1
2024-01-04 04:00:00,0,5,12,25,0,6.4,6.0,9.3,0,0,0,0,1,0,0,0,1
2024-01-04 03:00:00,0,4,8,22,0,6.4,6.0,9.3,0,0,0,0,1,0,0,0,1
2024-01-05 03:00:00,0,4,11,3,0,5.6,6.0,0.0,1,0,0,0,0,0,0,0,1
2024-01-05 08:00:00,3,9,287,288,0,5.6,6.0,0.0,1,0,0,0,0,0,0,0,1
2024-01-06 22:00:00,0,23,152,121,0,2.5,0.2,0.0,0,0,1,0,0,0,0,0,1
2024-01-06 08:00:00,0,9,444,107,0,2.5,0.2,0.0,0,0,1,0,0,0,0,0,1
2024-01-05 19:00:00,0,20,362,284,0,5.6,6.0,0.0,1,0,0,0,0,0,0,0,1
2024-01-05 20:00:00,0,21,214,230,0,5.6,6.0,0.0,1,0,0,0,0,0,0,0,1
2024-01-06 02:00:00,0,3,200,69,0,2.5,0.2,0.0,0,0,1,0,0,0,0,0,1
2024-01-05 11:00:00,8,12,915,469,0,5.6,6.0,0.0,1,0,0,0,0,0,0,0,1
2024-01-05 21:00:00,0,22,200,179,0,5.6,6.0,0.0,1,0,0,0,0,0,0,0,1
2024-01-05 22:00:00,0,23,188,170,0,5.6,6.0,0.0,1,0,0,0,0,0,0,0,1
2024-01-05 14:00:00,2,15,944,593,0,5.6,6.0,0.0,1,0,0,0,0,0,0,0,1
2024-01-05 12:00:00,2,13,966,493,0,5.6,6.0,0.0,1,0,0,0,0,0,0,0,1
2024-01-05 16:00:00,2,17,556,474,0,5.6,6.0,0.0,1,0,0,0,0,0,0,0,1
2024-01-05 23:00:00,0,0,178,60,0,5.6,6.0,0.0,1,0,0,0,0,0,0,0,1
2024-01-05 07:00:00,0,8,149,51,0,5.6,6.0,0.0,1,0,0,0,0,0,0,0,1
2024-01-05 06:00:00,0,7,64,23,0,5.6,6.0,0.0,1,0,0,0,0,0,0,0,1
2024-01-05 00:00:00,0,1,71,18,0,5.6,6.0,0.0,1,0,0,0,0,0,0,0,1
2024-01-05 02:00:00,0,3,15,10,0,5.6,6.0,0.0,1,0,0,0,0,0,0,0,1
2024-01-05 05:00:00,0,6,21,9,0,5.6,6.0,0.0,1,0,0,0,0,0,0,0,1
2024-01-05 01:00:00,0,2,34,8,0,5.6,6.0,0.0,1,0,0,0,0,0,0,0,1
2024-01-05 04:00:00,0,5,13,6,0,5.6,6.0,0.0,1,0,0,0,0,0,0,0,1
2024-01-06 23:00:00,0,0,224,55,0,2.5,0.2,0.0,0,0,1,0,0,0,0,0,1
2024-01-06 00:00:00,0,1,171,51,0,2.5,0.2,0.0,0,0,1,0,0,0,0,0,1
2024-01-06 01:00:00,0,2,198,47,0,2.5,0.2,0.0,0,0,1,0,0,0,0,0,1
2024-01-06 07:00:00,0,8,166,45,0,2.5,0.2,0.0,0,0,1,0,0,0,0,0,1
2024-01-06 03:00:00,0,4,220,43,0,2.5,0.2,0.0,0,0,1,0,0,0,0,0,1
2024-01-07 14:00:00,7,15,531,113,0,2.9,0.1,0.0,0,0,0,1,0,0,0,0,1
2024-01-06 12:00:00,7,13,1006,570,0,2.5,0.2,0.0,0,0,1,0,0,0,0,0,1
2024-01-05 09:00:00,5,10,623,285,0,5.6,6.0,0.0,1,0,0,0,0,0,0,0,1
2024-01-05 10:00:00,4,11,853,383,0,5.6,6.0,0.0,1,0,0,0,0,0,0,0,1
2024-01-05 15:00:00,3,16,1021,531,0,5.6,6.0,0.0,1,0,0,0,0,0,0,0,1
2024-01-05 13:00:00,3,14,1001,465,0,5.6,6.0,0.0,1,0,0,0,0,0,0,0,1
2024-01-05 17:00:00,1,18,540,413,0,5.6,6.0,0.0,1,0,0,0,0,0,0,0,1
2024-01-05 18:00:00,1,19,375,282,0,5.6,6.0,0.0,1,0,0,0,0,0,0,0,1
2024-01-06 13:00:00,6,14,842,332,0,2.5,0.2,0.0,0,0,1,0,0,0,0,0,1
2024-01-06 11:00:00,6,12,828,294,0,2.5,0.2,0.0,0,0,1,0,0,0,0,0,1
2024-01-06 10:00:00,1,11,549,417,0,2.5,0.2,0.0,0,0,1,0,0,0,0,0,1
2024-01-06 04:00:00,0,5,20,18,0,2.5,0.2,0.0,0,0,1,0,0,0,0,0,1
2024-01-06 06:00:00,0,7,29,13,0,2.5,0.2,0.0,0,0,1,0,0,0,0,0,1
2024-01-06 05:00:00,0,6,11,12,0,2.5,0.2,0.0,0,0,1,0,0,0,0,0,1
2024-01-06 15:00:00,3,16,834,1336,0,2.5,0.2,0.0,0,0,1,0,0,0,0,0,1
2024-01-06 16:00:00,2,17,531,819,0,2.5,0.2,0.0,0,0,1,0,0,0,0,0,1
2024-01-06 17:00:00,0,18,456,420,0,2.5,0.2,0.0,0,0,1,0,0,0,0,0,1
2024-01-06 18:00:00,0,19,301,369,0,2.5,0.2,0.0,0,0,1,0,0,0,0,0,1
2024-01-06 19:00:00,0,20,207,337,0,2.5,0.2,0.0,0,0,1,0,0,0,0,0,1
2024-01-06 14:00:00,0,15,648,313,0,2.5,0.2,0.0,0,0,1,0,0,0,0,0,1
2024-01-06 20:00:00,0,21,294,254,0,2.5,0.2,0.0,0,0,1,0,0,0,0,0,1
2024-01-06 21:00:00,0,22,198,182,0,2.5,0.2,0.0,0,0,1,0,0,0,0,0,1
2024-01-06 09:00:00,2,10,413,268,0,2.5,0.2,0.0,0,0,1,0,0,0,0,0,1
2024-01-07 09:00:00,1,10,142,120,0,2.9,0.1,0.0,0,0,0,1,0,0,0,0,1
2024-01-07 13:00:00,0,14,1162,410,0,2.9,0.1,0.0,0,0,0,1,0,0,0,0,1
2024-01-07 16:00:00,0,17,372,85,0,2.9,0.1,0.0,0,0,0,1,0,0,0,0,1
2024-01-07 21:00:00,0,22,101,117,0,2.9,0.1,0.0,0,0,0,1,0,0,0,0,1
2024-01-07 22:00:00,0,23,111,101,0,2.9,0.1,0.0,0,0,0,1,0,0,0,0,1
2024-01-07 08:00:00,0,9,95,92,0,2.9,0.1,0.0,0,0,0,1,0,0,0,0,1
2024-01-07 23:00:00,0,0,65,87,0,2.9,0.1,0.0,0,0,0,1,0,0,0,0,1
2024-01-07 01:00:00,0,2,154,77,0,2.9,0.1,0.0,0,0,0,1,0,0,0,0,1
2024-01-08 18:00:00,1,19,412,167,0,3.9,-1.5,1.2,0,1,0,0,0,0,0,0,1
2024-01-07 18:00:00,0,19,223,76,0,2.9,0.1,0.0,0,0,0,1,0,0,0,0,1
2024-01-07 02:00:00,0,3,203,75,0,2.9,0.1,0.0,0,0,0,1,0,0,0,0,1
2024-01-07 17:00:00,0,18,272,72,0,2.9,0.1,0.0,0,0,0,1,0,0,0,0,1
2024-01-08 05:00:00,0,6,22,37,0,3.9,-1.5,1.2,0,1,0,0,0,0,0,0,1
2024-01-08 22:00:00,1,23,98,96,0,3.9,-1.5,1.2,0,1,0,0,0,0,0,0,1
2024-01-07 20:00:00,0,21,116,56,0,2.9,0.1,0.0,0,0,0,1,0,0,0,0,1
2024-01-07 00:00:00,0,1,272,52,0,2.9,0.1,0.0,0,0,0,1,0,0,0,0,1
2024-01-07 07:00:00,0,8,30,48,0,2.9,0.1,0.0,0,0,0,1,0,0,0,0,1
2024-01-07 03:00:00,0,4,169,42,0,2.9,0.1,0.0,0,0,0,1,0,0,0,0,1
2024-01-07 19:00:00,0,20,128,40,0,2.9,0.1,0.0,0,0,0,1,0,0,0,0,1
2024-01-07 06:00:00,0,7,30,13,0,2.9,0.1,0.0,0,0,0,1,0,0,0,0,1
2024-01-07 04:00:00,0,5,20,8,0,2.9,0.1,0.0,0,0,0,1,0,0,0,0,1
2024-01-07 05:00:00,0,6,11,5,0,2.9,0.1,0.0,0,0,0,1,0,0,0,0,1
2024-01-08 00:00:00,0,1,50,27,0,3.9,-1.5,1.2,0,1,0,0,0,0,0,0,1
2024-01-08 02:00:00,0,3,36,24,0,3.9,-1.5,1.2,0,1,0,0,0,0,0,0,1
2024-01-08 01:00:00,0,2,31,18,0,3.9,-1.5,1.2,0,1,0,0,0,0,0,0,1
2024-01-08 03:00:00,0,4,9,12,0,3.9,-1.5,1.2,0,1,0,0,0,0,0,0,1
2024-01-08 04:00:00,0,5,7,6,0,3.9,-1.5,1.2,0,1,0,0,0,0,0,0,1
2024-01-07 15:00:00,5,16,485,92,0,2.9,0.1,0.0,0,0,0,1,0,0,0,0,1
2024-01-08 13:00:00,4,14,1328,438,0,3.9,-1.5,1.2,0,1,0,0,0,0,0,0,1
2024-01-08 10:00:00,0,11,1171,382,0,3.9,-1.5,1.2,0,1,0,0,0,0,0,0,1
2024-01-08 08:00:00,0,9,441,305,0,3.9,-1.5,1.2,0,1,0,0,0,0,0,0,1
2024-01-08 17:00:00,0,18,720,208,0,3.9,-1.5,1.2,0,1,0,0,0,0,0,0,1
2024-01-08 07:00:00,0,8,228,171,0,3.9,-1.5,1.2,0,1,0,0,0,0,0,0,1
2024-01-08 19:00:00,0,20,259,134,0,3.9,-1.5,1.2,0,1,0,0,0,0,0,0,1
2024-01-08 21:00:00,0,22,140,92,0,3.9,-1.5,1.2,0,1,0,0,0,0,0,0,1
2024-01-08 06:00:00,0,7,72,82,0,3.9,-1.5,1.2,0,1,0,0,0,0,0,0,1
2024-01-08 23:00:00,0,0,48,68,0,3.9,-1.5,1.2,0,1,0,0,0,0,0,0,1
2024-01-08 11:00:00,10,12,1287,460,0,3.9,-1.5,1.2,0,1,0,0,0,0,0,0,1
2024-01-08 09:00:00,2,10,649,385,0,3.9,-1.5,1.2,0,1,0,0,0,0,0,0,1
2024-01-08 15:00:00,2,16,751,258,0,3.9,-1.5,1.2,0,1,0,0,0,0,0,0,1
2024-01-08 16:00:00,2,17,854,236,0,3.9,-1.5,1.2,0,1,0,0,0,0,0,0,1
2024-01-08 20:00:00,2,21,154,113,0,3.9,-1.5,1.2,0,1,0,0,0,0,0,0,1
2024-01-08 12:00:00,1,13,1411,437,0,3.9,-1.5,1.2,0,1,0,0,0,0,0,0,1
2024-01-07 12:00:00,4,13,863,408,0,2.9,0.1,0.0,0,0,0,1,0,0,0,0,1
2024-01-09 12:00:00,13,13,1163,496,0,6.0,5.5,0.0,0,0,0,0,0,1,0,0,1
2024-01-08 14:00:00,6,15,966,469,0,3.9,-1.5,1.2,0,1,0,0,0,0,0,0,1
2024-01-09 15:00:00,10,16,969,410,0,6.0,5.5,0.0,0,0,0,0,0,1,0,0,1
2024-01-09 10:00:00,10,11,858,357,0,6.0,5.5,0.0,0,0,0,0,0,1,0,0,1
2024-01-07 11:00:00,2,12,500,219,0,2.9,0.1,0.0,0,0,0,1,0,0,0,0,1
2024-01-07 10:00:00,2,11,327,198,0,2.9,0.1,0.0,0,0,0,1,0,0,0,0,1
2024-01-09 13:00:00,7,14,1099,487,0,6.0,5.5,0.0,0,0,0,0,0,1,0,0,1
2024-01-09 14:00:00,7,15,1050,457,0,6.0,5.5,0.0,0,0,0,0,0,1,0,0,1
2024-01-09 21:00:00,1,22,179,125,0,6.0,5.5,0.0,0,0,0,0,0,1,0,0,1
2024-01-09 04:00:00,0,5,11,16,0,6.0,5.5,0.0,0,0,0,0,0,1,0,0,1
2024-01-10 06:00:00,1,7,67,80,0,4.5,1.1,0.0,0,0,0,0,0,0,1,0,1
2024-01-09 03:00:00,0,4,60,15,0,6.0,5.5,0.0,0,0,0,0,0,1,0,0,1
2024-01-09 17:00:00,0,18,296,384,0,6.0,5.5,0.0,0,0,0,0,0,1,0,0,1
2024-01-10 03:00:00,0,4,28,17,0,4.5,1.1,0.0,0,0,0,0,0,0,1,0,1
2024-01-10 07:00:00,0,8,111,201,0,4.5,1.1,0.0,0,0,0,0,0,0,1,0,1
2024-01-10 19:00:00,0,20,188,61,0,4.5,1.1,0.0,0,0,0,0,0,0,1,0,1
2024-01-10 05:00:00,0,6,15,58,0,4.5,1.1,0.0,0,0,0,0,0,0,1,0,1
2024-01-10 00:00:00,0,1,82,55,0,4.5,1.1,0.0,0,0,0,0,0,0,1,0,1
2024-01-10 20:00:00,0,21,149,50,0,4.5,1.1,0.0,0,0,0,0,0,0,1,0,1
2024-01-10 21:00:00,0,22,118,46,0,4.5,1.1,0.0,0,0,0,0,0,0,1,0,1
2024-01-10 23:00:00,0,0,130,31,0,4.5,1.1,0.0,0,0,0,0,0,0,1,0,1
2024-01-10 22:00:00,0,23,129,30,0,4.5,1.1,0.0,0,0,0,0,0,0,1,0,1
2024-01-10 01:00:00,0,2,39,30,0,4.5,1.1,0.0,0,0,0,0,0,0,1,0,1
2024-01-10 04:00:00,0,5,30,21,0,4.5,1.1,0.0,0,0,0,0,0,0,1,0,1
2024-01-10 02:00:00,0,3,41,19,0,4.5,1.1,0.0,0,0,0,0,0,0,1,0,1
2024-01-09 07:00:00,0,8,136,181,0,6.0,5.5,0.0,0,0,0,0,0,1,0,0,1
2024-01-10 15:00:00,11,16,775,169,0,4.5,1.1,0.0,0,0,0,0,0,0,1,0,1
2024-01-10 12:00:00,10,13,1242,417,0,4.5,1.1,0.0,0,0,0,0,0,0,1,0,1
2024-01-10 16:00:00,9,17,743,154,0,4.5,1.1,0.0,0,0,0,0,0,0,1,0,1
2024-01-10 13:00:00,7,14,1139,417,0,4.5,1.1,0.0,0,0,0,0,0,0,1,0,1
2024-01-10 14:00:00,6,15,972,437,0,4.5,1.1,0.0,0,0,0,0,0,0,1,0,1
2024-01-09 22:00:00,0,23,94,119,0,6.0,5.5,0.0,0,0,0,0,0,1,0,0,1
2024-01-09 23:00:00,0,0,88,94,0,6.0,5.5,0.0,0,0,0,0,0,1,0,0,1
2024-01-10 08:00:00,3,9,473,342,0,4.5,1.1,0.0,0,0,0,0,0,0,1,0,1
2024-01-10 17:00:00,3,18,504,96,0,4.5,1.1,0.0,0,0,0,0,0,0,1,0,1
2024-01-10 11:00:00,2,12,1017,434,0,4.5,1.1,0.0,0,0,0,0,0,0,1,0,1
2024-01-10 09:00:00,2,10,633,308,0,4.5,1.1,0.0,0,0,0,0,0,0,1,0,1
2024-01-10 18:00:00,2,19,299,89,0,4.5,1.1,0.0,0,0,0,0,0,0,1,0,1
2024-01-10 10:00:00,1,11,796,396,0,4.5,1.1,0.0,0,0,0,0,0,0,1,0,1
2024-01-09 06:00:00,0,7,57,65,0,6.0,5.5,0.0,0,0,0,0,0,1,0,0,1
2024-01-09 05:00:00,0,6,19,54,0,6.0,5.5,0.0,0,0,0,0,0,1,0,0,1
2024-01-11 15:00:00,5,16,934,290,0,5.0,2.2,0.2,0,0,0,0,1,0,0,0,1
2024-01-11 09:00:00,5,10,559,124,0,5.0,2.2,0.2,0,0,0,0,1,0,0,0,1
2024-01-11 13:00:00,5,14,757,114,0,5.0,2.2,0.2,0,0,0,0,1,0,0,0,1
2024-01-09 01:00:00,0,2,61,44,0,6.0,5.5,0.0,0,0,0,0,0,1,0,0,1
2024-01-09 00:00:00,0,1,85,42,0,6.0,5.5,0.0,0,0,0,0,0,1,0,0,1
2024-01-09 16:00:00,4,17,604,442,0,6.0,5.5,0.0,0,0,0,0,0,1,0,0,1
2024-01-09 02:00:00,0,3,31,31,0,6.0,5.5,0.0,0,0,0,0,0,1,0,0,1
2024-01-09 09:00:00,3,10,604,439,0,6.0,5.5,0.0,0,0,0,0,0,1,0,0,1
2024-01-09 20:00:00,2,21,95,609,0,6.0,5.5,0.0,0,0,0,0,0,1,0,0,1
2024-01-09 11:00:00,2,12,977,381,0,6.0,5.5,0.0,0,0,0,0,0,1,0,0,1
2024-01-09 18:00:00,1,19,152,959,0,6.0,5.5,0.0,0,0,0,0,0,1,0,0,1
2024-01-09 19:00:00,1,20,133,849,0,6.0,5.5,0.0,0,0,0,0,0,1,0,0,1
2024-01-09 08:00:00,1,9,396,295,0,6.0,5.5,0.0,0,0,0,0,0,1,0,0,1
2024-01-12 11:00:00,3,12,1024,418,0,5.8,5.5,0.0,1,0,0,0,0,0,0,0,1
2024-01-11 07:00:00,1,8,385,70,0,5.0,2.2,0.2,0,0,0,0,1,0,0,0,1
2024-01-11 20:00:00,1,21,185,45,0,5.0,2.2,0.2,0,0,0,0,1,0,0,0,1
2024-01-12 15:00:00,0,16,1060,481,0,5.8,5.5,0.0,1,0,0,0,0,0,0,0,1
2024-01-12 09:00:00,2,10,731,372,0,5.8,5.5,0.0,1,0,0,0,0,0,0,0,1
2024-01-12 19:00:00,2,20,288,259,0,5.8,5.5,0.0,1,0,0,0,0,0,0,0,1
2024-01-12 16:00:00,1,17,601,499,0,5.8,5.5,0.0,1,0,0,0,0,0,0,0,1
2024-01-12 18:00:00,1,19,271,353,0,5.8,5.5,0.0,1,0,0,0,0,0,0,0,1
2024-01-12 08:00:00,1,9,402,285,0,5.8,5.5,0.0,1,0,0,0,0,0,0,0,1
2024-01-12 20:00:00,1,21,221,170,0,5.8,5.5,0.0,1,0,0,0,0,0,0,0,1
2024-01-12 21:00:00,1,22,153,166,0,5.8,5.5,0.0,1,0,0,0,0,0,0,0,1
2024-01-12 05:00:00,1,6,35,55,0,5.8,5.5,0.0,1,0,0,0,0,0,0,0,1
2024-01-11 06:00:00,1,7,122,40,0,5.0,2.2,0.2,0,0,0,0,1,0,0,0,1
2024-01-12 17:00:00,0,18,492,407,0,5.8,5.5,0.0,1,0,0,0,0,0,0,0,1
2024-01-12 22:00:00,0,23,223,170,0,5.8,5.5,0.0,1,0,0,0,0,0,0,0,1
2024-01-11 16:00:00,2,17,1037,293,0,5.0,2.2,0.2,0,0,0,0,1,0,0,0,1
2024-01-11 14:00:00,2,15,792,254,0,5.0,2.2,0.2,0,0,0,0,1,0,0,0,1
2024-01-11 17:00:00,2,18,832,231,0,5.0,2.2,0.2,0,0,0,0,1,0,0,0,1
2024-01-11 11:00:00,2,12,705,121,0,5.0,2.2,0.2,0,0,0,0,1,0,0,0,1
2024-01-11 10:00:00,1,11,677,144,0,5.0,2.2,0.2,0,0,0,0,1,0,0,0,1
2024-01-11 12:00:00,1,13,796,122,0,5.0,2.2,0.2,0,0,0,0,1,0,0,0,1
2024-01-13 11:00:00,6,12,1371,518,0,3.7,5.5,0.0,0,0,1,0,0,0,0,0,1
2024-01-13 14:00:00,5,15,970,570,0,3.7,5.5,0.0,0,0,1,0,0,0,0,0,1
2024-01-13 12:00:00,5,13,1540,460,0,3.7,5.5,0.0,0,0,1,0,0,0,0,0,1
2024-01-13 15:00:00,3,16,1393,551,0,3.7,5.5,0.0,0,0,1,0,0,0,0,0,1
2024-01-13 13:00:00,2,14,1455,441,0,3.7,5.5,0.0,0,0,1,0,0,0,0,0,1
2024-01-12 07:00:00,0,8,198,166,0,5.8,5.5,0.0,1,0,0,0,0,0,0,0,1
2024-01-11 18:00:00,0,19,561,231,0,5.0,2.2,0.2,0,0,0,0,1,0,0,0,1
2024-01-12 23:00:00,0,0,143,118,0,5.8,5.5,0.0,1,0,0,0,0,0,0,0,1
2024-01-11 08:00:00,0,9,507,134,0,5.0,2.2,0.2,0,0,0,0,1,0,0,0,1
2024-01-11 19:00:00,0,20,265,134,0,5.0,2.2,0.2,0,0,0,0,1,0,0,0,1
2024-01-12 06:00:00,0,7,74,85,0,5.8,5.5,0.0,1,0,0,0,0,0,0,0,1
2024-01-11 22:00:00,0,23,73,47,0,5.0,2.2,0.2,0,0,0,0,1,0,0,0,1
2024-01-11 21:00:00,0,22,118,30,0,5.0,2.2,0.2,0,0,0,0,1,0,0,0,1
2024-01-11 03:00:00,0,4,26,29,0,5.0,2.2,0.2,0,0,0,0,1,0,0,0,1
2024-01-11 04:00:00,0,5,18,29,0,5.0,2.2,0.2,0,0,0,0,1,0,0,0,1
2024-01-11 23:00:00,0,0,131,26,0,5.0,2.2,0.2,0,0,0,0,1,0,0,0,1
2024-01-12 13:00:00,6,14,1294,426,0,5.8,5.5,0.0,1,0,0,0,0,0,0,0,1
2024-01-12 03:00:00,0,4,49,30,0,5.8,5.5,0.0,1,0,0,0,0,0,0,0,1
2024-01-11 02:00:00,0,3,120,24,0,5.0,2.2,0.2,0,0,0,0,1,0,0,0,1
2024-01-12 02:00:00,0,3,131,24,0,5.8,5.5,0.0,1,0,0,0,0,0,0,0,1
2024-01-12 14:00:00,5,15,1484,460,0,5.8,5.5,0.0,1,0,0,0,0,0,0,0,1
2024-01-12 12:00:00,4,13,1469,582,0,5.8,5.5,0.0,1,0,0,0,0,0,0,0,1
2024-01-12 10:00:00,4,11,1130,425,0,5.8,5.5,0.0,1,0,0,0,0,0,0,0,1
2024-01-11 00:00:00,0,1,64,18,0,5.0,2.2,0.2,0,0,0,0,1,0,0,0,1
2024-01-12 04:00:00,0,5,23,23,0,5.8,5.5,0.0,1,0,0,0,0,0,0,0,1
2024-01-12 00:00:00,0,1,136,18,0,5.8,5.5,0.0,1,0,0,0,0,0,0,0,1
2024-01-11 01:00:00,0,2,51,10,0,5.0,2.2,0.2,0,0,0,0,1,0,0,0,1
2024-01-11 05:00:00,0,6,30,8,0,5.0,2.2,0.2,0,0,0,0,1,0,0,0,1
2024-01-12 01:00:00,0,2,72,8,0,5.8,5.5,0.0,1,0,0,0,0,0,0,0,1
2024-01-13 01:00:00,0,2,353,76,0,3.7,5.5,0.0,0,0,1,0,0,0,0,0,1
2024-01-15 10:00:00,5,11,811,341,0,1.2,5.5,0.0,0,1,0,0,0,0,0,0,1
2024-01-13 20:00:00,0,21,166,65,0,3.7,5.5,0.0,0,0,1,0,0,0,0,0,1
2024-01-13 22:00:00,0,23,188,61,0,3.7,5.5,0.0,0,0,1,0,0,0,0,0,1
2024-01-13 23:00:00,0,0,118,53,0,3.7,5.5,0.0,0,0,1,0,0,0,0,0,1
2024-01-13 00:00:00,0,1,189,51,0,3.7,5.5,0.0,0,0,1,0,0,0,0,0,1
2024-01-13 21:00:00,0,22,138,48,0,3.7,5.5,0.0,0,0,1,0,0,0,0,0,1
2024-01-13 06:00:00,0,7,58,46,0,3.7,5.5,0.0,0,0,1,0,0,0,0,0,1
2024-01-13 02:00:00,0,3,255,42,0,3.7,5.5,0.0,0,0,1,0,0,0,0,0,1
2024-01-13 03:00:00,0,4,256,36,0,3.7,5.5,0.0,0,0,1,0,0,0,0,0,1
2024-01-13 05:00:00,0,6,15,12,0,3.7,5.5,0.0,0,0,1,0,0,0,0,0,1
2024-01-13 04:00:00,0,5,27,7,0,3.7,5.5,0.0,0,0,1,0,0,0,0,0,1
2024-01-14 02:00:00,0,3,146,69,0,1.2,1.2,0.0,0,0,0,1,0,0,0,0,1
2024-01-14 14:00:00,1,15,458,307,0,1.2,1.2,0.0,0,0,0,1,0,0,0,0,1
2024-01-14 17:00:00,1,18,417,215,0,1.2,1.2,0.0,0,0,0,1,0,0,0,0,1
2024-01-14 00:00:00,0,1,99,64,0,1.2,1.2,0.0,0,0,0,1,0,0,0,0,1
2024-01-14 15:00:00,1,16,476,113,0,1.2,1.2,0.0,0,0,0,1,0,0,0,0,1
2024-01-14 09:00:00,1,10,240,103,0,1.2,1.2,0.0,0,0,0,1,0,0,0,0,1
2024-01-14 22:00:00,0,23,35,249,0,1.2,1.2,0.0,0,0,0,1,0,0,0,0,1
2024-01-14 21:00:00,0,22,111,203,0,1.2,1.2,0.0,0,0,0,1,0,0,0,0,1
2024-01-14 18:00:00,0,19,253,175,0,1.2,1.2,0.0,0,0,0,1,0,0,0,0,1
2024-01-14 20:00:00,0,21,162,121,0,1.2,1.2,0.0,0,0,0,1,0,0,0,0,1
2024-01-14 19:00:00,0,20,247,119,0,1.2,1.2,0.0,0,0,0,1,0,0,0,0,1
2024-01-14 23:00:00,0,0,99,114,0,1.2,1.2,0.0,0,0,0,1,0,0,0,0,1
2024-01-14 01:00:00,0,2,81,77,0,1.2,1.2,0.0,0,0,0,1,0,0,0,0,1
2024-01-14 13:00:00,4,14,904,339,0,1.2,1.2,0.0,0,0,0,1,0,0,0,0,1
2024-01-14 12:00:00,4,13,921,310,0,1.2,1.2,0.0,0,0,0,1,0,0,0,0,1
2024-01-14 08:00:00,4,9,138,76,0,1.2,1.2,0.0,0,0,0,1,0,0,0,0,1
2024-01-14 16:00:00,3,17,667,270,0,1.2,1.2,0.0,0,0,0,1,0,0,0,0,1
2024-01-14 10:00:00,3,11,380,241,0,1.2,1.2,0.0,0,0,0,1,0,0,0,0,1
2024-01-15 14:00:00,3,15,673,427,0,1.2,5.5,0.0,0,1,0,0,0,0,0,0,1
2024-01-15 09:00:00,3,10,618,368,0,1.2,5.5,0.0,0,1,0,0,0,0,0,0,1
2024-01-14 03:00:00,0,4,192,48,0,1.2,1.2,0.0,0,0,0,1,0,0,0,0,1
2024-01-13 16:00:00,1,17,966,458,0,3.7,5.5,0.0,0,0,1,0,0,0,0,0,1
2024-01-13 10:00:00,1,11,1265,382,0,3.7,5.5,0.0,0,0,1,0,0,0,0,0,1
2024-01-13 17:00:00,1,18,661,374,0,3.7,5.5,0.0,0,0,1,0,0,0,0,0,1
2024-01-15 15:00:00,10,16,1181,398,0,1.2,5.5,0.0,0,1,0,0,0,0,0,0,1
2024-01-13 09:00:00,1,10,700,266,0,3.7,5.5,0.0,0,0,1,0,0,0,0,0,1
2024-01-15 11:00:00,2,12,1039,391,0,1.2,5.5,0.0,0,1,0,0,0,0,0,0,1
2024-01-15 13:00:00,2,14,1076,350,0,1.2,5.5,0.0,0,1,0,0,0,0,0,0,1
2024-01-14 07:00:00,0,8,47,24,0,1.2,1.2,0.0,0,0,0,1,0,0,0,0,1
2024-01-15 08:00:00,2,9,496,185,0,1.2,5.5,0.0,0,1,0,0,0,0,0,0,1
2024-01-15 20:00:00,2,21,179,119,0,1.2,5.5,0.0,0,1,0,0,0,0,0,0,1
2024-01-14 04:00:00,0,5,20,10,0,1.2,1.2,0.0,0,0,0,1,0,0,0,0,1
2024-01-14 06:00:00,0,7,18,10,0,1.2,1.2,0.0,0,0,0,1,0,0,0,0,1
2024-01-13 19:00:00,1,20,193,63,0,3.7,5.5,0.0,0,0,1,0,0,0,0,0,1
2024-01-14 05:00:00,0,6,10,6,0,1.2,1.2,0.0,0,0,0,1,0,0,0,0,1
2024-01-15 12:00:00,6,13,1224,414,0,1.2,5.5,0.0,0,1,0,0,0,0,0,0,1
2024-01-13 08:00:00,0,9,417,297,0,3.7,5.5,0.0,0,0,1,0,0,0,0,0,1
2024-01-13 18:00:00,0,19,282,208,0,3.7,5.5,0.0,0,0,1,0,0,0,0,0,1
2024-01-13 07:00:00,0,8,124,131,0,3.7,5.5,0.0,0,0,1,0,0,0,0,0,1
2024-01-14 11:00:00,6,12,709,249,0,1.2,1.2,0.0,0,0,0,1,0,0,0,0,1
2024-01-15 01:00:00,0,2,26,41,0,1.2,5.5,0.0,0,1,0,0,0,0,0,0,1
2024-01-15 02:00:00,0,3,84,33,0,1.2,5.5,0.0,0,1,0,0,0,0,0,0,1
2024-01-15 07:00:00,0,8,134,23,0,1.2,5.5,0.0,0,1,0,0,0,0,0,0,1
2024-01-15 05:00:00,0,6,31,7,0,1.2,5.5,0.0,0,1,0,0,0,0,0,0,1
2024-01-15 03:00:00,0,4,7,6,0,1.2,5.5,0.0,0,1,0,0,0,0,0,0,1
2024-01-15 04:00:00,0,5,6,6,0,1.2,5.5,0.0,0,1,0,0,0,0,0,0,1
2024-01-16 11:00:00,5,12,583,340,0,0.4,-1.4,0.9,0,0,0,0,0,1,0,0,1
2024-01-16 02:00:00,0,3,59,21,0,0.4,-1.4,0.9,0,0,0,0,0,1,0,0,1
2024-01-16 03:00:00,0,4,48,18,0,0.4,-1.4,0.9,0,0,0,0,0,1,0,0,1
2024-01-16 04:00:00,0,5,19,17,0,0.4,-1.4,0.9,0,0,0,0,0,1,0,0,1
2024-01-17 11:00:00,6,12,615,465,0,1.7,-3.8,0.0,0,0,0,0,0,0,1,0,1
2024-01-17 12:00:00,5,13,772,423,0,1.7,-3.8,0.0,0,0,0,0,0,0,1,0,1
2024-01-17 15:00:00,4,16,416,155,0,1.7,-3.8,0.0,0,0,0,0,0,0,1,0,1
2024-01-17 13:00:00,3,14,1019,391,0,1.7,-3.8,0.0,0,0,0,0,0,0,1,0,1
2024-01-17 09:00:00,3,10,829,354,0,1.7,-3.8,0.0,0,0,0,0,0,0,1,0,1
2024-01-17 17:00:00,2,18,431,436,0,1.7,-3.8,0.0,0,0,0,0,0,0,1,0,1
2024-01-16 16:00:00,0,17,294,397,0,0.4,-1.4,0.9,0,0,0,0,0,1,0,0,1
2024-01-16 17:00:00,0,18,260,371,0,0.4,-1.4,0.9,0,0,0,0,0,1,0,0,1
2024-01-16 18:00:00,0,19,260,317,0,0.4,-1.4,0.9,0,0,0,0,0,1,0,0,1
2024-01-16 20:00:00,0,21,176,162,0,0.4,-1.4,0.9,0,0,0,0,0,1,0,0,1
2024-01-16 07:00:00,0,8,510,160,0,0.4,-1.4,0.9,0,0,0,0,0,1,0,0,1
2024-01-16 21:00:00,0,22,149,116,0,0.4,-1.4,0.9,0,0,0,0,0,1,0,0,1
2024-01-16 22:00:00,0,23,137,109,0,0.4,-1.4,0.9,0,0,0,0,0,1,0,0,1
2024-01-16 23:00:00,0,0,65,81,0,0.4,-1.4,0.9,0,0,0,0,0,1,0,0,1
2024-01-16 00:00:00,0,1,73,47,0,0.4,-1.4,0.9,0,0,0,0,0,1,0,0,1
2024-01-16 01:00:00,0,2,21,28,0,0.4,-1.4,0.9,0,0,0,0,0,1,0,0,1
2024-01-16 10:00:00,4,11,591,300,0,0.4,-1.4,0.9,0,0,0,0,0,1,0,0,1
2024-01-16 08:00:00,4,9,745,240,0,0.4,-1.4,0.9,0,0,0,0,0,1,0,0,1
2024-01-16 09:00:00,2,10,461,287,0,0.4,-1.4,0.9,0,0,0,0,0,1,0,0,1
2024-01-16 19:00:00,1,20,200,245,0,0.4,-1.4,0.9,0,0,0,0,0,1,0,0,1
2024-01-16 06:00:00,1,7,113,83,0,0.4,-1.4,0.9,0,0,0,0,0,1,0,0,1
2024-01-16 05:00:00,1,6,48,50,0,0.4,-1.4,0.9,0,0,0,0,0,1,0,0,1
2024-01-17 14:00:00,1,15,442,461,0,1.7,-3.8,0.0,0,0,0,0,0,0,1,0,1
2024-01-17 16:00:00,1,17,723,410,0,1.7,-3.8,0.0,0,0,0,0,0,0,1,0,1
2024-01-17 18:00:00,1,19,320,315,0,1.7,-3.8,0.0,0,0,0,0,0,0,1,0,1
2024-01-17 08:00:00,1,9,653,271,0,1.7,-3.8,0.0,0,0,0,0,0,0,1,0,1
2024-01-16 15:00:00,9,16,962,406,0,0.4,-1.4,0.9,0,0,0,0,0,1,0,0,1
2024-01-16 13:00:00,7,14,899,477,0,0.4,-1.4,0.9,0,0,0,0,0,1,0,0,1
2024-01-16 14:00:00,7,15,1125,390,0,0.4,-1.4,0.9,0,0,0,0,0,1,0,0,1
2024-01-16 12:00:00,5,13,800,407,0,0.4,-1.4,0.9,0,0,0,0,0,1,0,0,1
2024-01-15 18:00:00,1,19,367,260,0,1.2,5.5,0.0,0,1,0,0,0,0,0,0,1
2024-01-15 21:00:00,1,22,175,97,0,1.2,5.5,0.0,0,1,0,0,0,0,0,0,1
2024-01-15 06:00:00,1,7,61,16,0,1.2,5.5,0.0,0,1,0,0,0,0,0,0,1
2024-01-15 16:00:00,0,17,1061,465,0,1.2,5.5,0.0,0,1,0,0,0,0,0,0,1
2024-01-15 17:00:00,0,18,660,354,0,1.2,5.5,0.0,0,1,0,0,0,0,0,0,1
2024-01-15 19:00:00,0,20,321,166,0,1.2,5.5,0.0,0,1,0,0,0,0,0,0,1
2024-01-15 22:00:00,0,23,100,103,0,1.2,5.5,0.0,0,1,0,0,0,0,0,0,1
2024-01-15 00:00:00,0,1,84,90,0,1.2,5.5,0.0,0,1,0,0,0,0,0,0,1
2024-01-15 23:00:00,0,0,78,68,0,1.2,5.5,0.0,0,1,0,0,0,0,0,0,1
2024-01-18 12:00:00,0,13,1493,421,0,5.2,-3.2,0.0,0,0,0,0,1,0,0,0,1
2024-01-18 11:00:00,0,12,1349,412,0,5.2,-3.2,0.0,0,0,0,0,1,0,0,0,1
2024-01-18 09:00:00,0,10,848,394,0,5.2,-3.2,0.0,0,0,0,0,1,0,0,0,1
2024-01-18 10:00:00,0,11,948,386,0,5.2,-3.2,0.0,0,0,0,0,1,0,0,0,1
2024-01-18 17:00:00,0,18,550,294,0,5.2,-3.2,0.0,0,0,0,0,1,0,0,0,1
2024-01-18 07:00:00,0,8,215,182,0,5.2,-3.2,0.0,0,0,0,0,1,0,0,0,1
2024-01-18 06:00:00,0,7,138,97,0,5.2,-3.2,0.0,0,0,0,0,1,0,0,0,1
2024-01-18 18:00:00,0,19,276,69,0,5.2,-3.2,0.0,0,0,0,0,1,0,0,0,1
2024-01-18 05:00:00,0,6,29,54,0,5.2,-3.2,0.0,0,0,0,0,1,0,0,0,1
2024-01-18 22:00:00,0,23,104,36,0,5.2,-3.2,0.0,0,0,0,0,1,0,0,0,1
2024-01-18 20:00:00,0,21,179,29,0,5.2,-3.2,0.0,0,0,0,0,1,0,0,0,1
2024-01-18 23:00:00,0,0,90,23,0,5.2,-3.2,0.0,0,0,0,0,1,0,0,0,1
2024-01-18 01:00:00,0,2,52,19,0,5.2,-3.2,0.0,0,0,0,0,1,0,0,0,1
2024-01-18 03:00:00,0,4,5,18,0,5.2,-3.2,0.0,0,0,0,0,1,0,0,0,1
2024-01-18 02:00:00,0,3,86,15,0,5.2,-3.2,0.0,0,0,0,0,1,0,0,0,1
2024-01-18 08:00:00,2,9,704,267,0,5.2,-3.2,0.0,0,0,0,0,1,0,0,0,1
2024-01-19 10:00:00,4,11,835,418,0,8.7,5.5,1.2,1,0,0,0,0,0,0,0,1
2024-01-19 14:00:00,3,15,660,1454,0,8.7,5.5,1.2,1,0,0,0,0,0,0,0,1
2024-01-19 08:00:00,3,9,517,351,0,8.7,5.5,1.2,1,0,0,0,0,0,0,0,1
2024-01-19 11:00:00,2,12,1204,456,0,8.7,5.5,1.2,1,0,0,0,0,0,0,0,1
2024-01-19 17:00:00,2,18,311,379,0,8.7,5.5,1.2,1,0,0,0,0,0,0,0,1
2024-01-17 10:00:00,0,11,805,383,0,1.7,-3.8,0.0,0,0,0,0,0,0,1,0,1
2024-01-17 07:00:00,0,8,260,195,0,1.7,-3.8,0.0,0,0,0,0,0,0,1,0,1
2024-01-17 20:00:00,0,21,282,187,0,1.7,-3.8,0.0,0,0,0,0,0,0,1,0,1
2024-01-17 19:00:00,0,20,303,185,0,1.7,-3.8,0.0,0,0,0,0,0,0,1,0,1
2024-01-17 21:00:00,0,22,188,163,0,1.7,-3.8,0.0,0,0,0,0,0,0,1,0,1
2024-01-17 22:00:00,0,23,168,121,0,1.7,-3.8,0.0,0,0,0,0,0,0,1,0,1
2024-01-17 23:00:00,0,0,65,85,0,1.7,-3.8,0.0,0,0,0,0,0,0,1,0,1
2024-01-17 06:00:00,0,7,89,81,0,1.7,-3.8,0.0,0,0,0,0,0,0,1,0,1
2024-01-17 00:00:00,0,1,54,59,0,1.7,-3.8,0.0,0,0,0,0,0,0,1,0,1
2024-01-17 05:00:00,0,6,47,56,0,1.7,-3.8,0.0,0,0,0,0,0,0,1,0,1
2024-01-17 01:00:00,0,2,15,31,0,1.7,-3.8,0.0,0,0,0,0,0,0,1,0,1
2024-01-17 02:00:00,0,3,20,26,0,1.7,-3.8,0.0,0,0,0,0,0,0,1,0,1
2024-01-17 03:00:00,0,4,9,15,0,1.7,-3.8,0.0,0,0,0,0,0,0,1,0,1
2024-01-17 04:00:00,0,5,13,10,0,1.7,-3.8,0.0,0,0,0,0,0,0,1,0,1
2024-01-19 15:00:00,1,16,561,1385,0,8.7,5.5,1.2,1,0,0,0,0,0,0,0,1
2024-01-19 13:00:00,1,14,640,952,0,8.7,5.5,1.2,1,0,0,0,0,0,0,0,1
2024-01-19 09:00:00,1,10,767,385,0,8.7,5.5,1.2,1,0,0,0,0,0,0,0,1
2024-01-19 20:00:00,1,21,285,158,0,8.7,5.5,1.2,1,0,0,0,0,0,0,0,1
2024-01-19 19:00:00,1,20,287,51,0,8.7,5.5,1.2,1,0,0,0,0,0,0,0,1
2024-01-19 16:00:00,0,17,438,1047,0,8.7,5.5,1.2,1,0,0,0,0,0,0,0,1
2024-01-19 12:00:00,0,13,1272,466,0,8.7,5.5,1.2,1,0,0,0,0,0,0,0,1
2024-01-19 21:00:00,0,22,178,189,0,8.7,5.5,1.2,1,0,0,0,0,0,0,0,1
2024-01-19 07:00:00,0,8,187,155,0,8.7,5.5,1.2,1,0,0,0,0,0,0,0,1
2024-01-19 23:00:00,0,0,163,129,0,8.7,5.5,1.2,1,0,0,0,0,0,0,0,1
2024-01-19 18:00:00,0,19,294,112,0,8.7,5.5,1.2,1,0,0,0,0,0,0,0,1
2024-01-18 16:00:00,1,17,883,480,0,5.2,-3.2,0.0,0,0,0,0,1,0,0,0,1
2024-01-18 13:00:00,1,14,1071,380,0,5.2,-3.2,0.0,0,0,0,0,1,0,0,0,1
2024-01-18 14:00:00,1,15,402,351,0,5.2,-3.2,0.0,0,0,0,0,1,0,0,0,1
2024-01-18 00:00:00,1,1,77,69,0,5.2,-3.2,0.0,0,0,0,0,1,0,0,0,1
2024-01-18 21:00:00,1,22,167,63,0,5.2,-3.2,0.0,0,0,0,0,1,0,0,0,1
2024-01-18 19:00:00,1,20,172,46,0,5.2,-3.2,0.0,0,0,0,0,1,0,0,0,1
2024-01-18 04:00:00,1,5,5,21,0,5.2,-3.2,0.0,0,0,0,0,1,0,0,0,1
2024-01-18 15:00:00,3,16,1157,423,0,5.2,-3.2,0.0,0,0,0,0,1,0,0,0,1
2024-01-20 01:00:00,0,2,215,77,0,11.6,5.5,1.0,0,0,1,0,0,0,0,0,1
2024-01-20 23:00:00,0,0,266,67,0,11.6,5.5,1.0,0,0,1,0,0,0,0,0,1
2024-01-20 02:00:00,0,3,174,59,0,11.6,5.5,1.0,0,0,1,0,0,0,0,0,1
2024-01-19 22:00:00,0,23,143,81,0,8.7,5.5,1.2,1,0,0,0,0,0,0,0,1
2024-01-20 21:00:00,0,22,146,52,0,11.6,5.5,1.0,0,0,1,0,0,0,0,0,1
2024-01-19 06:00:00,0,7,78,77,0,8.7,5.5,1.2,1,0,0,0,0,0,0,0,1
2024-01-20 22:00:00,0,23,155,49,0,11.6,5.5,1.0,0,0,1,0,0,0,0,0,1
2024-01-20 06:00:00,0,7,33,49,0,11.6,5.5,1.0,0,0,1,0,0,0,0,0,1
2024-01-20 20:00:00,0,21,167,38,0,11.6,5.5,1.0,0,0,1,0,0,0,0,0,1
2024-01-19 05:00:00,0,6,40,45,0,8.7,5.5,1.2,1,0,0,0,0,0,0,0,1
2024-01-19 02:00:00,0,3,85,30,0,8.7,5.5,1.2,1,0,0,0,0,0,0,0,1
2024-01-19 03:00:00,0,4,23,30,0,8.7,5.5,1.2,1,0,0,0,0,0,0,0,1
2024-01-19 04:00:00,0,5,4,16,0,8.7,5.5,1.2,1,0,0,0,0,0,0,0,1
2024-01-19 01:00:00,0,2,45,14,0,8.7,5.5,1.2,1,0,0,0,0,0,0,0,1
2024-01-19 00:00:00,0,1,55,11,0,8.7,5.5,1.2,1,0,0,0,0,0,0,0,1
2024-01-20 04:00:00,0,5,34,25,0,11.6,5.5,1.0,0,0,1,0,0,0,0,0,1
2024-01-20 05:00:00,0,6,22,24,0,11.6,5.5,1.0,0,0,1,0,0,0,0,0,1
2024-01-20 09:00:00,1,10,684,353,0,11.6,5.5,1.0,0,0,1,0,0,0,0,0,1
2024-01-20 18:00:00,1,19,362,281,0,11.6,5.5,1.0,0,0,1,0,0,0,0,0,1
2024-01-21 11:00:00,3,12,1039,255,0,6.2,5.5,10.0,0,0,0,1,0,0,0,0,1
2024-01-21 10:00:00,3,11,579,187,0,6.2,5.5,10.0,0,0,0,1,0,0,0,0,1
2024-01-20 07:00:00,1,8,93,103,0,11.6,5.5,1.0,0,0,1,0,0,0,0,0,1
2024-01-21 13:00:00,2,14,1376,293,0,6.2,5.5,10.0,0,0,0,1,0,0,0,0,1
2024-01-20 03:00:00,1,4,332,68,0,11.6,5.5,1.0,0,0,1,0,0,0,0,0,1
2024-01-21 19:00:00,1,20,197,165,0,6.2,5.5,10.0,0,0,0,1,0,0,0,0,1
2024-01-21 09:00:00,1,10,311,112,0,6.2,5.5,10.0,0,0,0,1,0,0,0,0,1
2024-01-20 17:00:00,0,18,544,321,0,11.6,5.5,1.0,0,0,1,0,0,0,0,0,1
2024-01-20 19:00:00,0,20,256,245,0,11.6,5.5,1.0,0,0,1,0,0,0,0,0,1
2024-01-20 08:00:00,0,9,236,241,0,11.6,5.5,1.0,0,0,1,0,0,0,0,0,1
2024-01-20 00:00:00,0,1,160,142,0,11.6,5.5,1.0,0,0,1,0,0,0,0,0,1
2024-01-20 10:00:00,13,11,794,433,0,11.6,5.5,1.0,0,0,1,0,0,0,0,0,1
2024-01-20 14:00:00,11,15,1051,585,0,11.6,5.5,1.0,0,0,1,0,0,0,0,0,1
2024-01-20 15:00:00,9,16,1202,565,0,11.6,5.5,1.0,0,0,1,0,0,0,0,0,1
2024-01-20 13:00:00,6,14,1238,560,0,11.6,5.5,1.0,0,0,1,0,0,0,0,0,1
2024-01-20 12:00:00,5,13,1264,471,0,11.6,5.5,1.0,0,0,1,0,0,0,0,0,1
2024-01-21 12:00:00,0,13,1315,296,0,6.2,5.5,10.0,0,0,0,1,0,0,0,0,1
2024-01-21 14:00:00,4,15,1108,306,0,6.2,5.5,10.0,0,0,0,1,0,0,0,0,1
2024-01-21 15:00:00,0,16,810,244,0,6.2,5.5,10.0,0,0,0,1,0,0,0,0,1
2024-01-21 17:00:00,0,18,172,203,0,6.2,5.5,10.0,0,0,0,1,0,0,0,0,1
2024-01-21 16:00:00,0,17,355,197,0,6.2,5.5,10.0,0,0,0,1,0,0,0,0,1
2024-01-21 18:00:00,0,19,225,189,0,6.2,5.5,10.0,0,0,0,1,0,0,0,0,1
2024-01-21 03:00:00,0,4,388,86,0,6.2,5.5,10.0,0,0,0,1,0,0,0,0,1
2024-01-21 02:00:00,0,3,221,78,0,6.2,5.5,10.0,0,0,0,1,0,0,0,0,1
2024-01-21 00:00:00,0,1,246,73,0,6.2,5.5,10.0,0,0,0,1,0,0,0,0,1
2024-01-21 08:00:00,0,9,122,72,0,6.2,5.5,10.0,0,0,0,1,0,0,0,0,1
2024-01-21 01:00:00,0,2,272,55,0,6.2,5.5,10.0,0,0,0,1,0,0,0,0,1
2024-01-21 07:00:00,0,8,64,46,0,6.2,5.5,10.0,0,0,0,1,0,0,0,0,1
2024-01-21 22:00:00,0,23,77,34,0,6.2,5.5,10.0,0,0,0,1,0,0,0,0,1
2024-01-21 05:00:00,0,6,29,24,0,6.2,5.5,10.0,0,0,0,1,0,0,0,0,1
2024-01-20 11:00:00,4,12,1083,458,0,11.6,5.5,1.0,0,0,1,0,0,0,0,0,1
2024-01-20 16:00:00,3,17,850,474,0,11.6,5.5,1.0,0,0,1,0,0,0,0,0,1
2024-01-22 14:00:00,0,15,705,361,0,12.0,4.7,3.2,0,1,0,0,0,0,0,0,1
2024-01-22 01:00:00,0,2,53,10,0,12.0,4.7,3.2,0,1,0,0,0,0,0,0,1
2024-01-22 13:00:00,0,14,815,356,0,12.0,4.7,3.2,0,1,0,0,0,0,0,0,1
2024-01-22 10:00:00,0,11,1185,355,0,12.0,4.7,3.2,0,1,0,0,0,0,0,0,1
2024-01-22 11:00:00,0,12,814,355,0,12.0,4.7,3.2,0,1,0,0,0,0,0,0,1
2024-01-22 17:00:00,0,18,467,293,0,12.0,4.7,3.2,0,1,0,0,0,0,0,0,1
2024-01-22 18:00:00,0,19,372,242,0,12.0,4.7,3.2,0,1,0,0,0,0,0,0,1
2024-01-22 19:00:00,0,20,246,171,0,12.0,4.7,3.2,0,1,0,0,0,0,0,0,1
2024-01-22 07:00:00,0,8,259,151,0,12.0,4.7,3.2,0,1,0,0,0,0,0,0,1
2024-01-23 19:00:00,0,20,115,166,0,10.3,4.7,12.3,0,0,0,0,0,1,0,0,1
2024-01-22 20:00:00,0,21,203,129,0,12.0,4.7,3.2,0,1,0,0,0,0,0,0,1
2024-01-22 22:00:00,0,23,156,92,0,12.0,4.7,3.2,0,1,0,0,0,0,0,0,1
2024-01-22 15:00:00,3,16,1051,320,0,12.0,4.7,3.2,0,1,0,0,0,0,0,0,1
2024-01-22 21:00:00,0,22,113,91,0,12.0,4.7,3.2,0,1,0,0,0,0,0,0,1
2024-01-22 08:00:00,3,9,630,256,0,12.0,4.7,3.2,0,1,0,0,0,0,0,0,1
2024-01-22 23:00:00,0,0,31,49,0,12.0,4.7,3.2,0,1,0,0,0,0,0,0,1
2024-01-22 05:00:00,0,6,47,37,0,12.0,4.7,3.2,0,1,0,0,0,0,0,0,1
2024-01-22 02:00:00,0,3,101,30,0,12.0,4.7,3.2,0,1,0,0,0,0,0,0,1
2024-01-22 00:00:00,0,1,81,24,0,12.0,4.7,3.2,0,1,0,0,0,0,0,0,1
2024-01-22 04:00:00,0,5,20,19,0,12.0,4.7,3.2,0,1,0,0,0,0,0,0,1
2024-01-22 03:00:00,0,4,15,17,0,12.0,4.7,3.2,0,1,0,0,0,0,0,0,1
2024-01-21 20:00:00,0,21,99,23,0,6.2,5.5,10.0,0,0,0,1,0,0,0,0,1
2024-01-23 20:00:00,0,21,106,124,0,10.3,4.7,12.3,0,0,0,0,0,1,0,0,1
2024-01-23 22:00:00,0,23,42,97,0,10.3,4.7,12.3,0,0,0,0,0,1,0,0,1
2024-01-23 21:00:00,0,22,67,94,0,10.3,4.7,12.3,0,0,0,0,0,1,0,0,1
2024-01-22 12:00:00,7,13,434,365,0,12.0,4.7,3.2,0,1,0,0,0,0,0,0,1
2024-01-23 06:00:00,0,7,76,85,0,10.3,4.7,12.3,0,0,0,0,0,1,0,0,1
2024-01-22 06:00:00,1,7,109,75,0,12.0,4.7,3.2,0,1,0,0,0,0,0,0,1
2024-01-22 16:00:00,0,17,906,439,0,12.0,4.7,3.2,0,1,0,0,0,0,0,0,1
2024-01-21 23:00:00,0,0,80,21,0,6.2,5.5,10.0,0,0,0,1,0,0,0,0,1
2024-01-23 05:00:00,0,6,38,49,0,10.3,4.7,12.3,0,0,0,0,0,1,0,0,1
2024-01-23 13:00:00,1,14,587,451,0,10.3,4.7,12.3,0,0,0,0,0,1,0,0,1
2024-01-21 06:00:00,0,7,27,21,0,6.2,5.5,10.0,0,0,0,1,0,0,0,0,1
2024-01-23 10:00:00,1,11,608,380,0,10.3,4.7,12.3,0,0,0,0,0,1,0,0,1
2024-01-23 12:00:00,1,13,665,364,0,10.3,4.7,12.3,0,0,0,0,0,1,0,0,1
2024-01-21 21:00:00,0,22,86,17,0,6.2,5.5,10.0,0,0,0,1,0,0,0,0,1
2024-01-23 23:00:00,0,0,31,42,0,10.3,4.7,12.3,0,0,0,0,0,1,0,0,1
2024-01-23 15:00:00,1,16,818,320,0,10.3,4.7,12.3,0,0,0,0,0,1,0,0,1
2024-01-23 08:00:00,1,9,573,279,0,10.3,4.7,12.3,0,0,0,0,0,1,0,0,1
2024-01-23 04:00:00,0,5,14,15,0,10.3,4.7,12.3,0,0,0,0,0,1,0,0,1
2024-01-23 01:00:00,0,2,15,12,0,10.3,4.7,12.3,0,0,0,0,0,1,0,0,1
2024-01-23 02:00:00,0,3,12,11,0,10.3,4.7,12.3,0,0,0,0,0,1,0,0,1
2024-01-23 03:00:00,0,4,6,11,0,10.3,4.7,12.3,0,0,0,0,0,1,0,0,1
2024-01-23 00:00:00,0,1,28,9,0,10.3,4.7,12.3,0,0,0,0,0,1,0,0,1
2024-01-22 09:00:00,4,10,1025,323,0,12.0,4.7,3.2,0,1,0,0,0,0,0,0,1
2024-01-21 04:00:00,0,5,10,4,0,6.2,5.5,10.0,0,0,0,1,0,0,0,0,1
2024-01-23 09:00:00,3,10,769,377,0,10.3,4.7,12.3,0,0,0,0,0,1,0,0,1
2024-01-23 11:00:00,0,12,552,373,0,10.3,4.7,12.3,0,0,0,0,0,1,0,0,1
2024-01-23 16:00:00,0,17,345,330,0,10.3,4.7,12.3,0,0,0,0,0,1,0,0,1
2024-01-23 14:00:00,0,15,765,310,0,10.3,4.7,12.3,0,0,0,0,0,1,0,0,1
2024-01-23 17:00:00,0,18,296,303,0,10.3,4.7,12.3,0,0,0,0,0,1,0,0,1
2024-01-23 18:00:00,0,19,175,233,0,10.3,4.7,12.3,0,0,0,0,0,1,0,0,1
2024-01-23 07:00:00,0,8,198,205,0,10.3,4.7,12.3,0,0,0,0,0,1,0,0,1
2024-01-25 09:00:00,9,10,764,409,0,8.5,3.2,4.6,0,0,0,0,1,0,0,0,1
2024-01-25 15:00:00,9,16,983,400,0,8.5,3.2,4.6,0,0,0,0,1,0,0,0,1
2024-01-25 10:00:00,9,11,891,399,0,8.5,3.2,4.6,0,0,0,0,1,0,0,0,1
2024-01-25 08:00:00,9,9,567,270,0,8.5,3.2,4.6,0,0,0,0,1,0,0,0,1
2024-01-25 16:00:00,4,17,613,506,0,8.5,3.2,4.6,0,0,0,0,1,0,0,0,1
2024-01-24 17:00:00,0,18,625,351,0,10.7,5.5,0.0,0,0,0,0,0,0,1,0,1
2024-01-24 18:00:00,0,19,353,245,0,10.7,5.5,0.0,0,0,0,0,0,0,1,0,1
2024-01-25 07:00:00,3,8,186,210,0,8.5,3.2,4.6,0,0,0,0,1,0,0,0,1
2024-01-24 07:00:00,0,8,148,207,0,10.7,5.5,0.0,0,0,0,0,0,0,1,0,1
2024-01-24 19:00:00,0,20,319,195,0,10.7,5.5,0.0,0,0,0,0,0,0,1,0,1
2024-01-24 13:00:00,4,14,1012,382,0,10.7,5.5,0.0,0,0,0,0,0,0,1,0,1
2024-01-24 15:00:00,7,16,824,420,0,10.7,5.5,0.0,0,0,0,0,0,0,1,0,1
2024-01-24 14:00:00,7,15,471,403,0,10.7,5.5,0.0,0,0,0,0,0,0,1,0,1
2024-01-24 10:00:00,7,11,1019,380,0,10.7,5.5,0.0,0,0,0,0,0,0,1,0,1
2024-01-24 08:00:00,6,9,570,270,0,10.7,5.5,0.0,0,0,0,0,0,0,1,0,1
2024-01-25 18:00:00,0,19,299,260,0,8.5,3.2,4.6,0,0,0,0,1,0,0,0,1
2024-01-24 09:00:00,4,10,835,317,0,10.7,5.5,0.0,0,0,0,0,0,0,1,0,1
2024-01-24 20:00:00,0,21,234,144,0,10.7,5.5,0.0,0,0,0,0,0,0,1,0,1
2024-01-24 21:00:00,0,22,163,110,0,10.7,5.5,0.0,0,0,0,0,0,0,1,0,1
2024-01-24 22:00:00,0,23,163,109,0,10.7,5.5,0.0,0,0,0,0,0,0,1,0,1
2024-01-24 23:00:00,0,0,74,94,0,10.7,5.5,0.0,0,0,0,0,0,0,1,0,1
2024-01-24 06:00:00,0,7,91,91,0,10.7,5.5,0.0,0,0,0,0,0,0,1,0,1
2024-01-25 19:00:00,0,20,304,210,0,8.5,3.2,4.6,0,0,0,0,1,0,0,0,1
2024-01-25 20:00:00,0,21,222,166,0,8.5,3.2,4.6,0,0,0,0,1,0,0,0,1
2024-01-24 01:00:00,0,2,10,45,0,10.7,5.5,0.0,0,0,0,0,0,0,1,0,1
2024-01-24 05:00:00,0,6,54,44,0,10.7,5.5,0.0,0,0,0,0,0,0,1,0,1
2024-01-25 06:00:00,0,7,87,84,0,8.5,3.2,4.6,0,0,0,0,1,0,0,0,1
2024-01-25 11:00:00,18,12,1020,359,0,8.5,3.2,4.6,0,0,0,0,1,0,0,0,1
2024-01-24 02:00:00,0,3,10,26,0,10.7,5.5,0.0,0,0,0,0,0,0,1,0,1
2024-01-24 03:00:00,0,4,8,19,0,10.7,5.5,0.0,0,0,0,0,0,0,1,0,1
2024-01-24 00:00:00,0,1,19,14,0,10.7,5.5,0.0,0,0,0,0,0,0,1,0,1
2024-01-24 04:00:00,0,5,13,13,0,10.7,5.5,0.0,0,0,0,0,0,0,1,0,1
2024-01-25 14:00:00,17,15,1040,468,0,8.5,3.2,4.6,0,0,0,0,1,0,0,0,1
2024-01-25 17:00:00,1,18,305,387,0,8.5,3.2,4.6,0,0,0,0,1,0,0,0,1
2024-01-25 21:00:00,1,22,152,131,0,8.5,3.2,4.6,0,0,0,0,1,0,0,0,1
2024-01-24 12:00:00,2,13,1197,440,0,10.7,5.5,0.0,0,0,0,0,0,0,1,0,1
2024-01-24 11:00:00,2,12,1103,387,0,10.7,5.5,0.0,0,0,0,0,0,0,1,0,1
2024-01-25 12:00:00,12,13,1033,469,0,8.5,3.2,4.6,0,0,0,0,1,0,0,0,1
2024-01-25 13:00:00,11,14,977,459,0,8.5,3.2,4.6,0,0,0,0,1,0,0,0,1
2024-01-25 04:00:00,1,5,18,21,0,8.5,3.2,4.6,0,0,0,0,1,0,0,0,1
2024-01-24 16:00:00,1,17,859,436,0,10.7,5.5,0.0,0,0,0,0,0,0,1,0,1
2024-01-25 00:00:00,0,1,66,62,0,8.5,3.2,4.6,0,0,0,0,1,0,0,0,1
2024-01-25 05:00:00,0,6,37,46,0,8.5,3.2,4.6,0,0,0,0,1,0,0,0,1
2024-01-25 01:00:00,0,2,26,43,0,8.5,3.2,4.6,0,0,0,0,1,0,0,0,1
2024-01-25 02:00:00,0,3,26,36,0,8.5,3.2,4.6,0,0,0,0,1,0,0,0,1
2024-01-25 03:00:00,0,4,18,30,0,8.5,3.2,4.6,0,0,0,0,1,0,0,0,1
2024-01-25 23:00:00,0,0,87,17,0,8.5,3.2,4.6,0,0,0,0,1,0,0,0,1
2024-01-25 22:00:00,0,23,44,10,0,8.5,3.2,4.6,0,0,0,0,1,0,0,0,1
2024-01-27 14:00:00,21,15,1588,516,0,11.3,5.5,0.0,0,0,1,0,0,0,0,0,1
2024-01-26 12:00:00,2,13,1599,561,0,9.7,5.5,0.0,1,0,0,0,0,0,0,0,1
2024-01-26 19:00:00,0,20,233,62,0,9.7,5.5,0.0,1,0,0,0,0,0,0,0,1
2024-01-27 17:00:00,0,18,612,365,0,11.3,5.5,0.0,0,0,1,0,0,0,0,0,1
2024-01-27 18:00:00,0,19,339,353,0,11.3,5.5,0.0,0,0,1,0,0,0,0,0,1
2024-01-26 20:00:00,0,21,224,50,0,9.7,5.5,0.0,1,0,0,0,0,0,0,0,1
2024-01-27 09:00:00,4,10,877,338,0,11.3,5.5,0.0,0,0,1,0,0,0,0,0,1
2024-01-27 08:00:00,2,9,567,219,0,11.3,5.5,0.0,0,0,1,0,0,0,0,0,1
2024-01-27 10:00:00,1,11,1233,492,0,11.3,5.5,0.0,0,0,1,0,0,0,0,0,1
2024-01-27 16:00:00,1,17,869,427,0,11.3,5.5,0.0,0,0,1,0,0,0,0,0,1
2024-01-27 20:00:00,0,21,298,248,0,11.3,5.5,0.0,0,0,1,0,0,0,0,0,1
2024-01-27 21:00:00,0,22,254,234,0,11.3,5.5,0.0,0,0,1,0,0,0,0,0,1
2024-01-27 19:00:00,0,20,381,228,0,11.3,5.5,0.0,0,0,1,0,0,0,0,0,1
2024-01-27 13:00:00,16,14,1734,515,0,11.3,5.5,0.0,0,0,1,0,0,0,0,0,1
2024-01-27 11:00:00,14,12,1535,493,0,11.3,5.5,0.0,0,0,1,0,0,0,0,0,1
2024-01-27 15:00:00,13,16,1352,539,0,11.3,5.5,0.0,0,0,1,0,0,0,0,0,1
2024-01-27 12:00:00,6,13,1660,485,0,11.3,5.5,0.0,0,0,1,0,0,0,0,0,1
2024-01-26 17:00:00,1,18,477,481,0,9.7,5.5,0.0,1,0,0,0,0,0,0,0,1
2024-01-27 22:00:00,0,23,284,163,0,11.3,5.5,0.0,0,0,1,0,0,0,0,0,1
2024-01-26 18:00:00,1,19,423,371,0,9.7,5.5,0.0,1,0,0,0,0,0,0,0,1
2024-01-27 07:00:00,0,8,150,122,0,11.3,5.5,0.0,0,0,1,0,0,0,0,0,1
2024-01-27 23:00:00,0,0,318,112,0,11.3,5.5,0.0,0,0,1,0,0,0,0,0,1
2024-01-26 21:00:00,1,22,223,102,0,9.7,5.5,0.0,1,0,0,0,0,0,0,0,1
2024-01-27 01:00:00,0,2,214,102,0,11.3,5.5,0.0,0,0,1,0,0,0,0,0,1
2024-01-26 14:00:00,7,15,516,235,0,9.7,5.5,0.0,1,0,0,0,0,0,0,0,1
2024-01-26 15:00:00,6,16,709,254,0,9.7,5.5,0.0,1,0,0,0,0,0,0,0,1
2024-01-27 03:00:00,0,4,413,53,0,11.3,5.5,0.0,0,0,1,0,0,0,0,0,1
2024-01-26 16:00:00,5,17,1070,531,0,9.7,5.5,0.0,1,0,0,0,0,0,0,0,1
2024-01-27 06:00:00,0,7,61,51,0,11.3,5.5,0.0,0,0,1,0,0,0,0,0,1
2024-01-26 13:00:00,0,14,968,337,0,9.7,5.5,0.0,1,0,0,0,0,0,0,0,1
2024-01-27 00:00:00,0,1,314,50,0,11.3,5.5,0.0,0,0,1,0,0,0,0,0,1
2024-01-27 02:00:00,0,3,198,47,0,11.3,5.5,0.0,0,0,1,0,0,0,0,0,1
2024-01-26 22:00:00,0,23,184,176,0,9.7,5.5,0.0,1,0,0,0,0,0,0,0,1
2024-01-26 11:00:00,4,12,944,507,0,9.7,5.5,0.0,1,0,0,0,0,0,0,0,1
2024-01-26 08:00:00,4,9,485,234,0,9.7,5.5,0.0,1,0,0,0,0,0,0,0,1
2024-01-27 05:00:00,0,6,22,31,0,11.3,5.5,0.0,0,0,1,0,0,0,0,0,1
2024-01-26 07:00:00,0,8,382,78,0,9.7,5.5,0.0,1,0,0,0,0,0,0,0,1
2024-01-26 10:00:00,3,11,801,408,0,9.7,5.5,0.0,1,0,0,0,0,0,0,0,1
2024-01-27 04:00:00,0,5,26,23,0,11.3,5.5,0.0,0,0,1,0,0,0,0,0,1
2024-01-26 09:00:00,3,10,468,361,0,9.7,5.5,0.0,1,0,0,0,0,0,0,0,1
2024-01-26 23:00:00,0,0,357,70,0,9.7,5.5,0.0,1,0,0,0,0,0,0,0,1
2024-01-26 02:00:00,0,3,128,22,0,9.7,5.5,0.0,1,0,0,0,0,0,0,0,1
2024-01-26 06:00:00,0,7,68,20,0,9.7,5.5,0.0,1,0,0,0,0,0,0,0,1
2024-01-26 00:00:00,0,1,86,17,0,9.7,5.5,0.0,1,0,0,0,0,0,0,0,1
2024-01-26 01:00:00,0,2,51,16,0,9.7,5.5,0.0,1,0,0,0,0,0,0,0,1
2024-01-26 04:00:00,0,5,12,11,0,9.7,5.5,0.0,1,0,0,0,0,0,0,0,1
2024-01-26 05:00:00,0,6,32,10,0,9.7,5.5,0.0,1,0,0,0,0,0,0,0,1
2024-01-26 03:00:00,0,4,9,7,0,9.7,5.5,0.0,1,0,0,0,0,0,0,0,1
2024-01-28 07:00:00,0,8,82,74,0,5.7,5.5,0.0,0,0,0,1,0,0,0,0,1
2024-01-28 21:00:00,0,22,227,73,0,5.7,5.5,0.0,0,0,0,1,0,0,0,0,1
2024-01-28 02:00:00,0,3,247,64,0,5.7,5.5,0.0,0,0,0,1,0,0,0,0,1
2024-01-28 01:00:00,0,2,313,51,0,5.7,5.5,0.0,0,0,0,1,0,0,0,0,1
2024-01-28 06:00:00,0,7,26,32,0,5.7,5.5,0.0,0,0,0,1,0,0,0,0,1
2024-01-28 05:00:00,0,6,25,20,0,5.7,5.5,0.0,0,0,0,1,0,0,0,0,1
2024-01-28 04:00:00,0,5,30,16,0,5.7,5.5,0.0,0,0,0,1,0,0,0,0,1
2024-01-29 09:00:00,8,10,651,281,0,7.4,5.5,0.0,0,1,0,0,0,0,0,0,1
2024-01-29 16:00:00,8,17,565,138,0,7.4,5.5,0.0,0,1,0,0,0,0,0,0,1
2024-01-28 13:00:00,5,14,1552,319,0,5.7,5.5,0.0,0,0,0,1,0,0,0,0,1
2024-01-28 12:00:00,4,13,1545,309,0,5.7,5.5,0.0,0,0,0,1,0,0,0,0,1
2024-01-28 16:00:00,4,17,1018,299,0,5.7,5.5,0.0,0,0,0,1,0,0,0,0,1
2024-01-28 15:00:00,4,16,1730,267,0,5.7,5.5,0.0,0,0,0,1,0,0,0,0,1
2024-01-28 11:00:00,4,12,921,265,0,5.7,5.5,0.0,0,0,0,1,0,0,0,0,1
2024-01-30 12:00:00,8,13,1146,428,0,8.7,5.5,0.0,0,0,0,0,0,1,0,0,1
2024-01-30 14:00:00,8,15,900,408,0,8.7,5.5,0.0,0,0,0,0,0,1,0,0,1
2024-01-30 09:00:00,7,10,733,370,0,8.7,5.5,0.0,0,0,0,0,0,1,0,0,1
2024-01-29 12:00:00,18,13,959,389,0,7.4,5.5,0.0,0,1,0,0,0,0,0,0,1
2024-01-29 04:00:00,0,5,5,9,0,7.4,5.5,0.0,0,1,0,0,0,0,0,0,1
2024-01-29 14:00:00,18,15,962,360,0,7.4,5.5,0.0,0,1,0,0,0,0,0,0,1
2024-01-29 03:00:00,0,4,20,7,0,7.4,5.5,0.0,0,1,0,0,0,0,0,0,1
2024-01-28 14:00:00,2,15,1669,318,0,5.7,5.5,0.0,0,0,0,1,0,0,0,0,1
2024-01-29 17:00:00,1,18,449,160,0,7.4,5.5,0.0,0,1,0,0,0,0,0,0,1
2024-01-29 08:00:00,17,9,526,319,0,7.4,5.5,0.0,0,1,0,0,0,0,0,0,1
2024-01-29 05:00:00,0,6,48,5,0,7.4,5.5,0.0,0,1,0,0,0,0,0,0,1
2024-01-29 15:00:00,5,16,736,233,0,7.4,5.5,0.0,0,1,0,0,0,0,0,0,1
2024-01-29 10:00:00,15,11,818,320,0,7.4,5.5,0.0,0,1,0,0,0,0,0,0,1
2024-01-29 07:00:00,4,8,227,179,0,7.4,5.5,0.0,0,1,0,0,0,0,0,0,1
2024-01-29 18:00:00,2,19,411,112,0,7.4,5.5,0.0,0,1,0,0,0,0,0,0,1
2024-01-29 11:00:00,12,12,717,383,0,7.4,5.5,0.0,0,1,0,0,0,0,0,0,1
2024-01-29 13:00:00,10,14,861,400,0,7.4,5.5,0.0,0,1,0,0,0,0,0,0,1
2024-01-28 10:00:00,1,11,658,201,0,5.7,5.5,0.0,0,0,0,1,0,0,0,0,1
2024-01-28 22:00:00,1,23,130,184,0,5.7,5.5,0.0,0,0,0,1,0,0,0,0,1
2024-01-28 09:00:00,1,10,384,134,0,5.7,5.5,0.0,0,0,0,1,0,0,0,0,1
2024-01-28 23:00:00,1,0,124,35,0,5.7,5.5,0.0,0,0,0,1,0,0,0,0,1
2024-01-28 17:00:00,0,18,503,204,0,5.7,5.5,0.0,0,0,0,1,0,0,0,0,1
2024-01-28 18:00:00,0,19,321,199,0,5.7,5.5,0.0,0,0,0,1,0,0,0,0,1
2024-01-28 19:00:00,0,20,261,183,0,5.7,5.5,0.0,0,0,0,1,0,0,0,0,1
2024-01-28 20:00:00,0,21,253,104,0,5.7,5.5,0.0,0,0,0,1,0,0,0,0,1
2024-01-28 00:00:00,0,1,324,98,0,5.7,5.5,0.0,0,0,0,1,0,0,0,0,1
2024-01-28 08:00:00,0,9,195,82,0,5.7,5.5,0.0,0,0,0,1,0,0,0,0,1
2024-01-28 03:00:00,0,4,361,79,0,5.7,5.5,0.0,0,0,0,1,0,0,0,0,1
2024-01-29 19:00:00,0,20,229,481,0,7.4,5.5,0.0,0,1,0,0,0,0,0,0,1
2024-01-29 20:00:00,0,21,151,460,0,7.4,5.5,0.0,0,1,0,0,0,0,0,0,1
2024-01-29 21:00:00,0,22,50,343,0,7.4,5.5,0.0,0,1,0,0,0,0,0,0,1
2024-01-29 22:00:00,0,23,65,228,0,7.4,5.5,0.0,0,1,0,0,0,0,0,0,1
2024-01-29 23:00:00,0,0,83,81,0,7.4,5.5,0.0,0,1,0,0,0,0,0,0,1
2024-01-29 06:00:00,0,7,86,59,0,7.4,5.5,0.0,0,1,0,0,0,0,0,0,1
2024-01-29 02:00:00,0,3,209,39,0,7.4,5.5,0.0,0,1,0,0,0,0,0,0,1
2024-01-29 00:00:00,0,1,146,36,0,7.4,5.5,0.0,0,1,0,0,0,0,0,0,1
2024-01-29 01:00:00,0,2,90,34,0,7.4,5.5,0.0,0,1,0,0,0,0,0,0,1
2024-01-31 07:00:00,0,8,239,206,0,11.2,5.5,2.1,0,0,0,0,0,0,1,0,1
2024-01-31 06:00:00,0,7,78,72,0,11.2,5.5,2.1,0,0,0,0,0,0,1,0,1
2024-01-31 05:00:00,0,6,29,40,0,11.2,5.5,2.1,0,0,0,0,0,0,1,0,1
2024-01-31 20:00:00,0,21,156,38,0,11.2,5.5,2.1,0,0,0,0,0,0,1,0,1
2024-01-31 21:00:00,0,22,136,38,0,11.2,5.5,2.1,0,0,0,0,0,0,1,0,1
2024-01-31 22:00:00,0,23,129,34,0,11.2,5.5,2.1,0,0,0,0,0,0,1,0,1
2024-01-31 01:00:00,0,2,43,31,0,11.2,5.5,2.1,0,0,0,0,0,0,1,0,1
2024-01-31 02:00:00,0,3,22,30,0,11.2,5.5,2.1,0,0,0,0,0,0,1,0,1
2024-01-31 00:00:00,0,1,52,28,0,11.2,5.5,2.1,0,0,0,0,0,0,1,0,1
2024-01-31 23:00:00,0,0,128,25,0,11.2,5.5,2.1,0,0,0,0,0,0,1,0,1
2024-01-31 03:00:00,0,4,27,22,0,11.2,5.5,2.1,0,0,0,0,0,0,1,0,1
2024-01-31 04:00:00,0,5,12,19,0,11.2,5.5,2.1,0,0,0,0,0,0,1,0,1
2024-01-30 05:00:00,1,6,34,48,0,8.7,5.5,0.0,0,0,0,0,0,1,0,0,1
2024-01-31 19:00:00,2,20,367,165,0,11.2,5.5,2.1,0,0,0,0,0,0,1,0,1
2024-01-30 03:00:00,1,4,20,24,0,8.7,5.5,0.0,0,0,0,0,0,1,0,0,1
2024-01-31 14:00:00,1,15,1140,456,0,11.2,5.5,2.1,0,0,0,0,0,0,1,0,1
2024-01-31 12:00:00,1,13,1472,428,0,11.2,5.5,2.1,0,0,0,0,0,0,1,0,1
2024-01-31 13:00:00,1,14,1430,399,0,11.2,5.5,2.1,0,0,0,0,0,0,1,0,1
2024-01-31 15:00:00,1,16,1239,380,0,11.2,5.5,2.1,0,0,0,0,0,0,1,0,1
2024-01-31 08:00:00,1,9,665,331,0,11.2,5.5,2.1,0,0,0,0,0,0,1,0,1
2024-01-31 17:00:00,1,18,816,283,0,11.2,5.5,2.1,0,0,0,0,0,0,1,0,1
2024-01-31 09:00:00,0,10,964,405,0,11.2,5.5,2.1,0,0,0,0,0,0,1,0,1
2024-01-30 07:00:00,0,8,199,196,0,8.7,5.5,0.0,0,0,0,0,0,1,0,0,1
2024-01-30 17:00:00,0,18,387,86,0,8.7,5.5,0.0,0,0,0,0,0,1,0,0,1
2024-01-30 06:00:00,0,7,80,70,0,8.7,5.5,0.0,0,0,0,0,0,1,0,0,1
2024-01-30 18:00:00,0,19,235,69,0,8.7,5.5,0.0,0,0,0,0,0,1,0,0,1
2024-01-30 19:00:00,0,20,233,64,0,8.7,5.5,0.0,0,0,0,0,0,1,0,0,1
2024-01-30 00:00:00,0,1,80,52,0,8.7,5.5,0.0,0,0,0,0,0,1,0,0,1
2024-01-30 22:00:00,0,23,104,41,0,8.7,5.5,0.0,0,0,0,0,0,1,0,0,1
2024-01-30 23:00:00,0,0,84,39,0,8.7,5.5,0.0,0,0,0,0,0,1,0,0,1
2024-01-30 20:00:00,0,21,198,38,0,8.7,5.5,0.0,0,0,0,0,0,1,0,0,1
2024-01-30 21:00:00,0,22,148,30,0,8.7,5.5,0.0,0,0,0,0,0,1,0,0,1
2024-01-30 02:00:00,0,3,60,29,0,8.7,5.5,0.0,0,0,0,0,0,1,0,0,1
2024-01-30 01:00:00,0,2,49,28,0,8.7,5.5,0.0,0,0,0,0,0,1,0,0,1
2024-01-30 04:00:00,0,5,13,20,0,8.7,5.5,0.0,0,0,0,0,0,1,0,0,1
2024-01-31 18:00:00,4,19,456,302,0,11.2,5.5,2.1,0,0,0,0,0,0,1,0,1
2024-01-31 16:00:00,3,17,879,360,0,11.2,5.5,2.1,0,0,0,0,0,0,1,0,1
2024-01-31 11:00:00,2,12,1460,431,0,11.2,5.5,2.1,0,0,0,0,0,0,1,0,1
2024-01-31 10:00:00,2,11,1256,376,0,11.2,5.5,2.1,0,0,0,0,0,0,1,0,1
2024-01-30 08:00:00,6,9,604,296,0,8.7,5.5,0.0,0,0,0,0,0,1,0,0,1
2024-01-30 11:00:00,5,12,1074,404,0,8.7,5.5,0.0,0,0,0,0,0,1,0,0,1
2024-01-30 10:00:00,4,11,795,339,0,8.7,5.5,0.0,0,0,0,0,0,1,0,0,1
2024-01-30 15:00:00,4,16,627,190,0,8.7,5.5,0.0,0,0,0,0,0,1,0,0,1
2024-01-30 16:00:00,4,17,615,130,0,8.7,5.5,0.0,0,0,0,0,0,1,0,0,1
2024-01-30 13:00:00,1,14,880,412,0,8.7,5.5,0.0,0,0,0,0,0,1,0,0,1
2023-11-01 06:00:00,2,7,130,102,0,10.0,4.0,7.7,0,0,0,0,0,0,1,0,1
2023-11-02 09:00:00,1,10,827,410,0,12.7,3.2,0.3,0,0,0,0,1,0,0,0,1
2023-11-02 20:00:00,1,21,305,105,0,12.7,3.2,0.3,0,0,0,0,1,0,0,0,1
2023-11-01 09:00:00,1,10,517,377,0,10.0,4.0,7.7,0,0,0,0,0,0,1,0,1
2023-11-02 22:00:00,1,23,141,39,0,12.7,3.2,0.3,0,0,0,0,1,0,0,0,1
2023-11-01 08:00:00,1,9,428,258,0,10.0,4.0,7.7,0,0,0,0,0,0,1,0,1
2023-11-01 17:00:00,1,18,846,211,0,10.0,4.0,7.7,0,0,0,0,0,0,1,0,1
2023-11-01 07:00:00,1,8,400,159,0,10.0,4.0,7.7,0,0,0,0,0,0,1,0,1
2023-11-01 01:00:00,1,2,95,82,0,10.0,4.0,7.7,0,0,0,0,0,0,1,0,1
2023-11-02 17:00:00,0,18,325,514,0,12.7,3.2,0.3,0,0,0,0,1,0,0,0,1
2023-11-01 04:00:00,1,5,47,49,0,10.0,4.0,7.7,0,0,0,0,0,0,1,0,1
2023-11-02 08:00:00,0,9,634,278,0,12.7,3.2,0.3,0,0,0,0,1,0,0,0,1
2023-11-02 18:00:00,0,19,699,199,0,12.7,3.2,0.3,0,0,0,0,1,0,0,0,1
2023-11-02 19:00:00,0,20,519,158,0,12.7,3.2,0.3,0,0,0,0,1,0,0,0,1
2023-11-02 06:00:00,0,7,83,95,0,12.7,3.2,0.3,0,0,0,0,1,0,0,0,1
2023-11-02 21:00:00,0,22,234,86,0,12.7,3.2,0.3,0,0,0,0,1,0,0,0,1
2023-11-01 10:00:00,0,11,484,348,0,10.0,4.0,7.7,0,0,0,0,0,0,1,0,1
2023-11-01 11:00:00,0,12,551,320,0,10.0,4.0,7.7,0,0,0,0,0,0,1,0,1
2023-11-01 16:00:00,0,17,973,303,0,10.0,4.0,7.7,0,0,0,0,0,0,1,0,1
2023-11-01 19:00:00,0,20,508,247,0,10.0,4.0,7.7,0,0,0,0,0,0,1,0,1
2023-11-01 18:00:00,0,19,799,245,0,10.0,4.0,7.7,0,0,0,0,0,0,1,0,1
2023-11-01 13:00:00,4,14,606,308,0,10.0,4.0,7.7,0,0,0,0,0,0,1,0,1
2023-11-01 14:00:00,4,15,561,292,0,10.0,4.0,7.7,0,0,0,0,0,0,1,0,1
2023-11-01 20:00:00,0,21,290,137,0,10.0,4.0,7.7,0,0,0,0,0,0,1,0,1
2023-11-01 12:00:00,2,13,617,312,0,10.0,4.0,7.7,0,0,0,0,0,0,1,0,1
2023-11-01 15:00:00,2,16,734,291,0,10.0,4.0,7.7,0,0,0,0,0,0,1,0,1
2023-11-01 22:00:00,0,23,182,136,0,10.0,4.0,7.7,0,0,0,0,0,0,1,0,1
2023-11-01 21:00:00,0,22,180,134,0,10.0,4.0,7.7,0,0,0,0,0,0,1,0,1
2023-11-01 00:00:00,0,1,195,85,0,10.0,4.0,7.7,0,0,0,0,0,0,1,0,1
2023-11-01 02:00:00,0,3,91,59,0,10.0,4.0,7.7,0,0,0,0,0,0,1,0,1
2023-11-01 23:00:00,0,0,127,57,0,10.0,4.0,7.7,0,0,0,0,0,0,1,0,1
2023-11-01 03:00:00,0,4,203,52,0,10.0,4.0,7.7,0,0,0,0,0,0,1,0,1
2023-11-01 05:00:00,0,6,51,32,0,10.0,4.0,7.7,0,0,0,0,0,0,1,0,1
2023-11-02 15:00:00,6,16,1049,482,0,12.7,3.2,0.3,0,0,0,0,1,0,0,0,1
2023-11-02 10:00:00,5,11,1036,449,0,12.7,3.2,0.3,0,0,0,0,1,0,0,0,1
2023-11-02 12:00:00,4,13,1088,514,0,12.7,3.2,0.3,0,0,0,0,1,0,0,0,1
2023-11-02 07:00:00,4,8,373,191,0,12.7,3.2,0.3,0,0,0,0,1,0,0,0,1
2023-11-02 16:00:00,3,17,577,566,0,12.7,3.2,0.3,0,0,0,0,1,0,0,0,1
2023-11-02 13:00:00,3,14,855,528,0,12.7,3.2,0.3,0,0,0,0,1,0,0,0,1
2023-11-02 11:00:00,2,12,1068,507,0,12.7,3.2,0.3,0,0,0,0,1,0,0,0,1
2023-11-02 14:00:00,2,15,1084,495,0,12.7,3.2,0.3,0,0,0,0,1,0,0,0,1
2023-11-02 05:00:00,0,6,40,55,0,12.7,3.2,0.3,0,0,0,0,1,0,0,0,1
2023-11-02 03:00:00,0,4,24,42,0,12.7,3.2,0.3,0,0,0,0,1,0,0,0,1
2023-11-02 02:00:00,0,3,186,38,0,12.7,3.2,0.3,0,0,0,0,1,0,0,0,1
2023-11-02 23:00:00,0,0,139,35,0,12.7,3.2,0.3,0,0,0,0,1,0,0,0,1
2023-11-02 04:00:00,0,5,7,20,0,12.7,3.2,0.3,0,0,0,0,1,0,0,0,1
2023-11-02 00:00:00,0,1,121,18,0,12.7,3.2,0.3,0,0,0,0,1,0,0,0,1
2023-11-02 01:00:00,0,2,66,18,0,12.7,3.2,0.3,0,0,0,0,1,0,0,0,1
2023-11-03 15:00:00,10,16,505,267,0,11.2,7.3,1.4,1,0,0,0,0,0,0,0,1
2023-11-03 13:00:00,8,14,534,288,0,11.2,7.3,1.4,1,0,0,0,0,0,0,0,1
2023-11-04 15:00:00,15,16,780,210,0,10.6,5.5,0.6,0,0,1,0,0,0,0,0,1
2023-11-03 05:00:00,1,6,34,69,0,11.2,7.3,1.4,1,0,0,0,0,0,0,0,1
2023-11-03 04:00:00,1,5,10,14,0,11.2,7.3,1.4,1,0,0,0,0,0,0,0,1
2023-11-03 16:00:00,0,17,487,418,0,11.2,7.3,1.4,1,0,0,0,0,0,0,0,1
2023-11-03 17:00:00,0,18,205,291,0,11.2,7.3,1.4,1,0,0,0,0,0,0,0,1
2023-11-03 10:00:00,0,11,154,227,0,11.2,7.3,1.4,1,0,0,0,0,0,0,0,1
2023-11-03 07:00:00,0,8,361,172,0,11.2,7.3,1.4,1,0,0,0,0,0,0,0,1
2023-11-03 23:00:00,0,0,255,103,0,11.2,7.3,1.4,1,0,0,0,0,0,0,0,1
2023-11-03 18:00:00,0,19,103,95,0,11.2,7.3,1.4,1,0,0,0,0,0,0,0,1
2023-11-03 19:00:00,0,20,74,88,0,11.2,7.3,1.4,1,0,0,0,0,0,0,0,1
2023-11-03 22:00:00,0,23,172,72,0,11.2,7.3,1.4,1,0,0,0,0,0,0,0,1
2023-11-03 20:00:00,0,21,51,65,0,11.2,7.3,1.4,1,0,0,0,0,0,0,0,1
2023-11-03 21:00:00,0,22,106,63,0,11.2,7.3,1.4,1,0,0,0,0,0,0,0,1
2023-11-03 00:00:00,0,1,140,35,0,11.2,7.3,1.4,1,0,0,0,0,0,0,0,1
2023-11-03 02:00:00,0,3,164,33,0,11.2,7.3,1.4,1,0,0,0,0,0,0,0,1
2023-11-03 01:00:00,0,2,95,22,0,11.2,7.3,1.4,1,0,0,0,0,0,0,0,1
2023-11-03 03:00:00,0,4,28,20,0,11.2,7.3,1.4,1,0,0,0,0,0,0,0,1
2023-11-04 13:00:00,7,14,1843,589,0,10.6,5.5,0.6,0,0,1,0,0,0,0,0,1
2023-11-04 16:00:00,7,17,591,176,0,10.6,5.5,0.6,0,0,1,0,0,0,0,0,1
2023-11-04 14:00:00,5,15,767,193,0,10.6,5.5,0.6,0,0,1,0,0,0,0,0,1
2023-11-04 17:00:00,1,18,512,109,0,10.6,5.5,0.6,0,0,1,0,0,0,0,0,1
2023-11-04 11:00:00,4,12,1716,522,0,10.6,5.5,0.6,0,0,1,0,0,0,0,0,1
2023-11-04 12:00:00,2,13,1623,651,0,10.6,5.5,0.6,0,0,1,0,0,0,0,0,1
2023-11-04 10:00:00,2,11,1452,475,0,10.6,5.5,0.6,0,0,1,0,0,0,0,0,1
2023-11-04 09:00:00,1,10,993,337,0,10.6,5.5,0.6,0,0,1,0,0,0,0,0,1
2023-11-04 07:00:00,1,8,264,135,0,10.6,5.5,0.6,0,0,1,0,0,0,0,0,1
2023-11-04 23:00:00,1,0,252,96,0,10.6,5.5,0.6,0,0,1,0,0,0,0,0,1
2023-11-04 08:00:00,0,9,579,265,0,10.6,5.5,0.6,0,0,1,0,0,0,0,0,1
2023-11-04 19:00:00,0,20,386,128,0,10.6,5.5,0.6,0,0,1,0,0,0,0,0,1
2023-11-04 18:00:00,0,19,398,106,0,10.6,5.5,0.6,0,0,1,0,0,0,0,0,1
2023-11-04 20:00:00,0,21,264,94,0,10.6,5.5,0.6,0,0,1,0,0,0,0,0,1
2023-11-04 00:00:00,0,1,283,90,0,10.6,5.5,0.6,0,0,1,0,0,0,0,0,1
2023-11-04 21:00:00,0,22,150,82,0,10.6,5.5,0.6,0,0,1,0,0,0,0,0,1
2023-11-04 22:00:00,0,23,345,67,0,10.6,5.5,0.6,0,0,1,0,0,0,0,0,1
2023-11-04 06:00:00,0,7,84,64,0,10.6,5.5,0.6,0,0,1,0,0,0,0,0,1
2023-11-04 01:00:00,0,2,272,60,0,10.6,5.5,0.6,0,0,1,0,0,0,0,0,1
2023-11-04 03:00:00,0,4,342,57,0,10.6,5.5,0.6,0,0,1,0,0,0,0,0,1
2023-11-04 05:00:00,0,6,32,52,0,10.6,5.5,0.6,0,0,1,0,0,0,0,0,1
2023-11-04 02:00:00,0,3,307,39,0,10.6,5.5,0.6,0,0,1,0,0,0,0,0,1
2023-11-04 04:00:00,0,5,23,13,0,10.6,5.5,0.6,0,0,1,0,0,0,0,0,1
2023-11-03 14:00:00,7,15,463,273,0,11.2,7.3,1.4,1,0,0,0,0,0,0,0,1
2023-11-03 12:00:00,4,13,2027,570,0,11.2,7.3,1.4,1,0,0,0,0,0,0,0,1
2023-11-03 08:00:00,4,9,789,353,0,11.2,7.3,1.4,1,0,0,0,0,0,0,0,1
2023-11-03 11:00:00,3,12,1731,467,0,11.2,7.3,1.4,1,0,0,0,0,0,0,0,1
2023-11-03 09:00:00,2,10,1017,443,0,11.2,7.3,1.4,1,0,0,0,0,0,0,0,1
2023-11-03 06:00:00,2,7,98,103,0,11.2,7.3,1.4,1,0,0,0,0,0,0,0,1
2023-11-05 09:00:00,4,10,346,154,0,10.8,5.5,0.0,0,0,0,1,0,0,0,0,1
2023-11-06 10:00:00,1,11,868,349,0,12.1,3.3,0.2,0,1,0,0,0,0,0,0,1
2023-11-06 07:00:00,8,8,257,194,0,12.1,3.3,0.2,0,1,0,0,0,0,0,0,1
2023-11-06 08:00:00,7,9,470,337,0,12.1,3.3,0.2,0,1,0,0,0,0,0,0,1
2023-11-06 09:00:00,4,10,519,308,0,12.1,3.3,0.2,0,1,0,0,0,0,0,0,1
2023-11-06 11:00:00,2,12,980,356,0,12.1,3.3,0.2,0,1,0,0,0,0,0,0,1
2023-11-06 06:00:00,2,7,78,88,0,12.1,3.3,0.2,0,1,0,0,0,0,0,0,1
2023-11-05 12:00:00,9,13,816,297,0,10.8,5.5,0.0,0,0,0,1,0,0,0,0,1
2023-11-05 13:00:00,7,14,868,315,0,10.8,5.5,0.0,0,0,0,1,0,0,0,0,1
2023-11-05 10:00:00,7,11,673,204,0,10.8,5.5,0.0,0,0,0,1,0,0,0,0,1
2023-11-05 15:00:00,6,16,1044,310,0,10.8,5.5,0.0,0,0,0,1,0,0,0,0,1
2023-11-05 11:00:00,5,12,881,302,0,10.8,5.5,0.0,0,0,0,1,0,0,0,0,1
2023-11-05 14:00:00,5,15,738,272,0,10.8,5.5,0.0,0,0,0,1,0,0,0,0,1
2023-11-05 18:00:00,0,19,262,256,0,10.8,5.5,0.0,0,0,0,1,0,0,0,0,1
2023-11-05 01:00:00,2,2,364,70,0,10.8,5.5,0.0,0,0,0,1,0,0,0,0,1
2023-11-05 07:00:00,2,8,95,63,0,10.8,5.5,0.0,0,0,0,1,0,0,0,0,1
2023-11-05 04:00:00,2,5,51,61,0,10.8,5.5,0.0,0,0,0,1,0,0,0,0,1
2023-11-05 22:00:00,2,23,66,25,0,10.8,5.5,0.0,0,0,0,1,0,0,0,0,1
2023-11-05 16:00:00,1,17,1076,287,0,10.8,5.5,0.0,0,0,0,1,0,0,0,0,1
2023-11-05 17:00:00,1,18,457,232,0,10.8,5.5,0.0,0,0,0,1,0,0,0,0,1
2023-11-06 04:00:00,1,5,18,23,0,12.1,3.3,0.2,0,1,0,0,0,0,0,0,1
2023-11-05 08:00:00,0,9,202,101,0,10.8,5.5,0.0,0,0,0,1,0,0,0,0,1
2023-11-07 08:00:00,10,9,568,108,0,10.1,5.6,2.2,0,0,0,0,0,1,0,0,1
2023-11-07 15:00:00,8,16,953,254,0,10.1,5.6,2.2,0,0,0,0,0,1,0,0,1
2023-11-07 12:00:00,7,13,880,291,0,10.1,5.6,2.2,0,0,0,0,0,1,0,0,1
2023-11-07 09:00:00,5,10,667,424,0,10.1,5.6,2.2,0,0,0,0,0,1,0,0,1
2023-11-07 14:00:00,5,15,902,277,0,10.1,5.6,2.2,0,0,0,0,0,1,0,0,1
2023-11-05 02:00:00,0,3,302,88,0,10.8,5.5,0.0,0,0,0,1,0,0,0,0,1
2023-11-06 12:00:00,0,13,847,397,0,12.1,3.3,0.2,0,1,0,0,0,0,0,0,1
2023-11-05 00:00:00,0,1,239,60,0,10.8,5.5,0.0,0,0,0,1,0,0,0,0,1
2023-11-06 14:00:00,0,15,841,390,0,12.1,3.3,0.2,0,1,0,0,0,0,0,0,1
2023-11-06 13:00:00,0,14,696,383,0,12.1,3.3,0.2,0,1,0,0,0,0,0,0,1
2023-11-06 15:00:00,0,16,786,353,0,12.1,3.3,0.2,0,1,0,0,0,0,0,0,1
2023-11-05 03:00:00,0,4,405,59,0,10.8,5.5,0.0,0,0,0,1,0,0,0,0,1
2023-11-06 16:00:00,0,17,1065,346,0,12.1,3.3,0.2,0,1,0,0,0,0,0,0,1
2023-11-05 20:00:00,0,21,101,52,0,10.8,5.5,0.0,0,0,0,1,0,0,0,0,1
2023-11-06 17:00:00,0,18,571,337,0,12.1,3.3,0.2,0,1,0,0,0,0,0,0,1
2023-11-06 18:00:00,0,19,384,311,0,12.1,3.3,0.2,0,1,0,0,0,0,0,0,1
2023-11-05 23:00:00,0,0,115,46,0,10.8,5.5,0.0,0,0,0,1,0,0,0,0,1
2023-11-05 21:00:00,0,22,88,46,0,10.8,5.5,0.0,0,0,0,1,0,0,0,0,1
2023-11-05 06:00:00,0,7,40,42,0,10.8,5.5,0.0,0,0,0,1,0,0,0,0,1
2023-11-06 19:00:00,0,20,196,174,0,12.1,3.3,0.2,0,1,0,0,0,0,0,0,1
2023-11-05 19:00:00,0,20,139,40,0,10.8,5.5,0.0,0,0,0,1,0,0,0,0,1
2023-11-06 22:00:00,0,23,125,115,0,12.1,3.3,0.2,0,1,0,0,0,0,0,0,1
2023-11-05 05:00:00,0,6,15,29,0,10.8,5.5,0.0,0,0,0,1,0,0,0,0,1
2023-11-06 20:00:00,0,21,109,74,0,12.1,3.3,0.2,0,1,0,0,0,0,0,0,1
2023-11-06 23:00:00,0,0,55,68,0,12.1,3.3,0.2,0,1,0,0,0,0,0,0,1
2023-11-06 21:00:00,0,22,81,65,0,12.1,3.3,0.2,0,1,0,0,0,0,0,0,1
2023-11-06 00:00:00,0,1,131,60,0,12.1,3.3,0.2,0,1,0,0,0,0,0,0,1
2023-11-06 01:00:00,0,2,138,54,0,12.1,3.3,0.2,0,1,0,0,0,0,0,0,1
2023-11-06 05:00:00,0,6,43,51,0,12.1,3.3,0.2,0,1,0,0,0,0,0,0,1
2023-11-06 02:00:00,0,3,235,39,0,12.1,3.3,0.2,0,1,0,0,0,0,0,0,1
2023-11-06 03:00:00,0,4,19,22,0,12.1,3.3,0.2,0,1,0,0,0,0,0,0,1
2023-11-07 22:00:00,0,23,139,89,0,10.1,5.6,2.2,0,0,0,0,0,1,0,0,1
2023-11-07 05:00:00,0,6,24,60,0,10.1,5.6,2.2,0,0,0,0,0,1,0,0,1
2023-11-07 00:00:00,0,1,74,52,0,10.1,5.6,2.2,0,0,0,0,0,1,0,0,1
2023-11-07 01:00:00,0,2,35,39,0,10.1,5.6,2.2,0,0,0,0,0,1,0,0,1
2023-11-07 02:00:00,0,3,58,35,0,10.1,5.6,2.2,0,0,0,0,0,1,0,0,1
2023-11-08 17:00:00,1,18,432,509,0,8.9,3.0,0.8,0,0,0,0,0,0,1,0,1
2023-11-07 23:00:00,0,0,52,30,0,10.1,5.6,2.2,0,0,0,0,0,1,0,0,1
2023-11-07 03:00:00,0,4,27,18,0,10.1,5.6,2.2,0,0,0,0,0,1,0,0,1
2023-11-07 04:00:00,0,5,12,16,0,10.1,5.6,2.2,0,0,0,0,0,1,0,0,1
2023-11-08 16:00:00,8,17,612,439,0,8.9,3.0,0.8,0,0,0,0,0,0,1,0,1
2023-11-08 11:00:00,8,12,355,200,0,8.9,3.0,0.8,0,0,0,0,0,0,1,0,1
2023-11-08 21:00:00,1,22,102,66,0,8.9,3.0,0.8,0,0,0,0,0,0,1,0,1
2023-11-08 13:00:00,6,14,494,543,0,8.9,3.0,0.8,0,0,0,0,0,0,1,0,1
2023-11-08 10:00:00,5,11,309,180,0,8.9,3.0,0.8,0,0,0,0,0,0,1,0,1
2023-11-08 08:00:00,5,9,269,123,0,8.9,3.0,0.8,0,0,0,0,0,0,1,0,1
2023-11-08 14:00:00,3,15,563,579,0,8.9,3.0,0.8,0,0,0,0,0,0,1,0,1
2023-11-08 07:00:00,3,8,158,95,0,8.9,3.0,0.8,0,0,0,0,0,0,1,0,1
2023-11-08 20:00:00,2,21,212,178,0,8.9,3.0,0.8,0,0,0,0,0,0,1,0,1
2023-11-08 09:00:00,2,10,300,154,0,8.9,3.0,0.8,0,0,0,0,0,0,1,0,1
2023-11-07 11:00:00,4,12,852,536,0,10.1,5.6,2.2,0,0,0,0,0,1,0,0,1
2023-11-09 15:00:00,7,16,700,118,0,7.9,0.7,0.0,0,0,0,0,1,0,0,0,1
2023-11-09 08:00:00,4,9,689,331,0,7.9,0.7,0.0,0,0,0,0,1,0,0,0,1
2023-11-09 14:00:00,4,15,743,180,0,7.9,0.7,0.0,0,0,0,0,1,0,0,0,1
2023-11-09 13:00:00,3,14,887,360,0,7.9,0.7,0.0,0,0,0,0,1,0,0,0,1
2023-11-09 16:00:00,3,17,850,215,0,7.9,0.7,0.0,0,0,0,0,1,0,0,0,1
2023-11-08 05:00:00,1,6,26,20,0,8.9,3.0,0.8,0,0,0,0,0,0,1,0,1
2023-11-08 15:00:00,18,16,547,199,0,8.9,3.0,0.8,0,0,0,0,0,0,1,0,1
2023-11-07 16:00:00,3,17,830,475,0,10.1,5.6,2.2,0,0,0,0,0,1,0,0,1
2023-11-08 18:00:00,0,19,301,484,0,8.9,3.0,0.8,0,0,0,0,0,0,1,0,1
2023-11-07 10:00:00,3,11,838,435,0,10.1,5.6,2.2,0,0,0,0,0,1,0,0,1
2023-11-08 19:00:00,0,20,298,341,0,8.9,3.0,0.8,0,0,0,0,0,0,1,0,1
2023-11-09 12:00:00,2,13,1143,452,0,7.9,0.7,0.0,0,0,0,0,1,0,0,0,1
2023-11-09 10:00:00,2,11,1261,379,0,7.9,0.7,0.0,0,0,0,0,1,0,0,0,1
2023-11-08 23:00:00,0,0,112,69,0,8.9,3.0,0.8,0,0,0,0,0,0,1,0,1
2023-11-08 01:00:00,0,2,15,65,0,8.9,3.0,0.8,0,0,0,0,0,0,1,0,1
2023-11-08 22:00:00,0,23,194,48,0,8.9,3.0,0.8,0,0,0,0,0,0,1,0,1
2023-11-08 06:00:00,0,7,72,35,0,8.9,3.0,0.8,0,0,0,0,0,0,1,0,1
2023-11-08 02:00:00,0,3,15,32,0,8.9,3.0,0.8,0,0,0,0,0,0,1,0,1
2023-11-08 00:00:00,0,1,33,25,0,8.9,3.0,0.8,0,0,0,0,0,0,1,0,1
2023-11-08 03:00:00,0,4,18,21,0,8.9,3.0,0.8,0,0,0,0,0,0,1,0,1
2023-11-08 04:00:00,0,5,3,4,0,8.9,3.0,0.8,0,0,0,0,0,0,1,0,1
2023-11-07 07:00:00,2,8,293,87,0,10.1,5.6,2.2,0,0,0,0,0,1,0,0,1
2023-11-09 11:00:00,1,12,1326,423,0,7.9,0.7,0.0,0,0,0,0,1,0,0,0,1
2023-11-07 18:00:00,1,19,384,369,0,10.1,5.6,2.2,0,0,0,0,0,1,0,0,1
2023-11-07 13:00:00,1,14,922,310,0,10.1,5.6,2.2,0,0,0,0,0,1,0,0,1
2023-11-09 07:00:00,1,8,349,201,0,7.9,0.7,0.0,0,0,0,0,1,0,0,0,1
2023-11-07 06:00:00,1,7,57,89,0,10.1,5.6,2.2,0,0,0,0,0,1,0,0,1
2023-11-09 22:00:00,1,23,267,72,0,7.9,0.7,0.0,0,0,0,0,1,0,0,0,1
2023-11-09 02:00:00,1,3,205,32,0,7.9,0.7,0.0,0,0,0,0,1,0,0,0,1
2023-11-08 12:00:00,10,13,403,197,0,8.9,3.0,0.8,0,0,0,0,0,0,1,0,1
2023-11-07 17:00:00,0,18,477,485,0,10.1,5.6,2.2,0,0,0,0,0,1,0,0,1
2023-11-07 19:00:00,0,20,314,268,0,10.1,5.6,2.2,0,0,0,0,0,1,0,0,1
2023-11-09 09:00:00,0,10,812,362,0,7.9,0.7,0.0,0,0,0,0,1,0,0,0,1
2023-11-07 20:00:00,0,21,217,187,0,10.1,5.6,2.2,0,0,0,0,0,1,0,0,1
2023-11-07 21:00:00,0,22,212,165,0,10.1,5.6,2.2,0,0,0,0,0,1,0,0,1
2023-11-09 17:00:00,0,18,925,194,0,7.9,0.7,0.0,0,0,0,0,1,0,0,0,1
2023-11-09 18:00:00,0,19,813,155,0,7.9,0.7,0.0,0,0,0,0,1,0,0,0,1
2023-11-09 19:00:00,0,20,452,118,0,7.9,0.7,0.0,0,0,0,0,1,0,0,0,1
2023-11-09 06:00:00,0,7,71,107,0,7.9,0.7,0.0,0,0,0,0,1,0,0,0,1
2023-11-09 20:00:00,0,21,390,84,0,7.9,0.7,0.0,0,0,0,0,1,0,0,0,1
2023-11-11 07:00:00,1,8,83,33,0,9.0,0.5,0.0,0,0,1,0,0,0,0,0,1
2023-11-10 17:00:00,0,18,459,487,0,9.6,-1.6,0.2,1,0,0,0,0,0,0,0,1
2023-11-11 12:00:00,4,13,545,167,0,9.0,0.5,0.0,0,0,1,0,0,0,0,0,1
2023-11-09 21:00:00,0,22,235,79,0,7.9,0.7,0.0,0,0,0,0,1,0,0,0,1
2023-11-10 12:00:00,9,13,1078,222,0,9.6,-1.6,0.2,1,0,0,0,0,0,0,0,1
2023-11-10 15:00:00,8,16,1114,550,0,9.6,-1.6,0.2,1,0,0,0,0,0,0,0,1
2023-11-10 08:00:00,5,9,637,123,0,9.6,-1.6,0.2,1,0,0,0,0,0,0,0,1
2023-11-11 11:00:00,4,12,514,159,0,9.0,0.5,0.0,0,0,1,0,0,0,0,0,1
2023-11-11 09:00:00,4,10,331,131,0,9.0,0.5,0.0,0,0,1,0,0,0,0,0,1
2023-11-09 05:00:00,0,6,38,68,0,7.9,0.7,0.0,0,0,0,0,1,0,0,0,1
2023-11-09 23:00:00,0,0,61,64,0,7.9,0.7,0.0,0,0,0,0,1,0,0,0,1
2023-11-10 09:00:00,0,10,622,150,0,9.6,-1.6,0.2,1,0,0,0,0,0,0,0,1
2023-11-10 19:00:00,0,20,263,116,0,9.6,-1.6,0.2,1,0,0,0,0,0,0,0,1
2023-11-09 00:00:00,0,1,104,25,0,7.9,0.7,0.0,0,0,0,0,1,0,0,0,1
2023-11-09 01:00:00,0,2,75,24,0,7.9,0.7,0.0,0,0,0,0,1,0,0,0,1
2023-11-11 15:00:00,3,16,671,322,0,9.0,0.5,0.0,0,0,1,0,0,0,0,0,1
2023-11-10 20:00:00,0,21,191,93,0,9.6,-1.6,0.2,1,0,0,0,0,0,0,0,1
2023-11-09 04:00:00,0,5,3,24,0,7.9,0.7,0.0,0,0,0,0,1,0,0,0,1
2023-11-10 23:00:00,0,0,254,78,0,9.6,-1.6,0.2,1,0,0,0,0,0,0,0,1
2023-11-10 21:00:00,0,22,152,78,0,9.6,-1.6,0.2,1,0,0,0,0,0,0,0,1
2023-11-11 13:00:00,12,14,619,175,0,9.0,0.5,0.0,0,0,1,0,0,0,0,0,1
2023-11-11 14:00:00,5,15,600,185,0,9.0,0.5,0.0,0,0,1,0,0,0,0,0,1
2023-11-11 08:00:00,5,9,159,93,0,9.0,0.5,0.0,0,0,1,0,0,0,0,0,1
2023-11-09 03:00:00,0,4,8,17,0,7.9,0.7,0.0,0,0,0,0,1,0,0,0,1
2023-11-10 22:00:00,0,23,173,71,0,9.6,-1.6,0.2,1,0,0,0,0,0,0,0,1
2023-11-10 14:00:00,3,15,421,267,0,9.6,-1.6,0.2,1,0,0,0,0,0,0,0,1
2023-11-11 10:00:00,2,11,526,167,0,9.0,0.5,0.0,0,0,1,0,0,0,0,0,1
2023-11-11 17:00:00,1,18,674,418,0,9.0,0.5,0.0,0,0,1,0,0,0,0,0,1
2023-11-11 02:00:00,1,3,236,110,0,9.0,0.5,0.0,0,0,1,0,0,0,0,0,1
2023-11-11 20:00:00,1,21,246,89,0,9.0,0.5,0.0,0,0,1,0,0,0,0,0,1
2023-11-10 11:00:00,3,12,1051,193,0,9.6,-1.6,0.2,1,0,0,0,0,0,0,0,1
2023-11-10 10:00:00,3,11,833,188,0,9.6,-1.6,0.2,1,0,0,0,0,0,0,0,1
2023-11-11 16:00:00,0,17,956,504,0,9.0,0.5,0.0,0,0,1,0,0,0,0,0,1
2023-11-10 00:00:00,0,1,94,30,0,9.6,-1.6,0.2,1,0,0,0,0,0,0,0,1
2023-11-10 01:00:00,0,2,57,20,0,9.6,-1.6,0.2,1,0,0,0,0,0,0,0,1
2023-11-10 05:00:00,0,6,35,19,0,9.6,-1.6,0.2,1,0,0,0,0,0,0,0,1
2023-11-10 07:00:00,2,8,280,88,0,9.6,-1.6,0.2,1,0,0,0,0,0,0,0,1
2023-11-11 18:00:00,0,19,411,129,0,9.0,0.5,0.0,0,0,1,0,0,0,0,0,1
2023-11-10 02:00:00,0,3,187,11,0,9.6,-1.6,0.2,1,0,0,0,0,0,0,0,1
2023-11-11 23:00:00,0,0,198,128,0,9.0,0.5,0.0,0,0,1,0,0,0,0,0,1
2023-11-10 04:00:00,0,5,6,11,0,9.6,-1.6,0.2,1,0,0,0,0,0,0,0,1
2023-11-11 01:00:00,0,2,317,105,0,9.0,0.5,0.0,0,0,1,0,0,0,0,0,1
2023-11-10 03:00:00,0,4,12,10,0,9.6,-1.6,0.2,1,0,0,0,0,0,0,0,1
2023-11-11 19:00:00,0,20,286,91,0,9.0,0.5,0.0,0,0,1,0,0,0,0,0,1
2023-11-11 00:00:00,0,1,330,80,0,9.0,0.5,0.0,0,0,1,0,0,0,0,0,1
2023-11-11 21:00:00,0,22,164,79,0,9.0,0.5,0.0,0,0,1,0,0,0,0,0,1
2023-11-11 03:00:00,0,4,258,70,0,9.0,0.5,0.0,0,0,1,0,0,0,0,0,1
2023-11-11 22:00:00,0,23,184,51,0,9.0,0.5,0.0,0,0,1,0,0,0,0,0,1
2023-11-11 06:00:00,0,7,56,23,0,9.0,0.5,0.0,0,0,1,0,0,0,0,0,1
2023-11-11 05:00:00,0,6,18,23,0,9.0,0.5,0.0,0,0,1,0,0,0,0,0,1
2023-11-11 04:00:00,0,5,22,21,0,9.0,0.5,0.0,0,0,1,0,0,0,0,0,1
2023-11-10 18:00:00,1,19,435,138,0,9.6,-1.6,0.2,1,0,0,0,0,0,0,0,1
2023-11-10 13:00:00,16,14,1050,281,0,9.6,-1.6,0.2,1,0,0,0,0,0,0,0,1
2023-11-10 06:00:00,1,7,81,37,0,9.6,-1.6,0.2,1,0,0,0,0,0,0,0,1
2023-11-10 16:00:00,0,17,876,536,0,9.6,-1.6,0.2,1,0,0,0,0,0,0,0,1
2023-11-12 04:00:00,0,5,55,54,0,9.0,-0.1,7.7,0,0,0,1,0,0,0,0,1
2023-11-12 21:00:00,0,22,91,44,0,9.0,-0.1,7.7,0,0,0,1,0,0,0,0,1
2023-11-12 22:00:00,0,23,98,39,0,9.0,-0.1,7.7,0,0,0,1,0,0,0,0,1
2023-11-13 03:00:00,0,4,29,16,0,8.4,-0.1,27.3,0,1,0,0,0,0,0,0,1
2023-11-12 06:00:00,0,7,34,39,0,9.0,-0.1,7.7,0,0,0,1,0,0,0,0,1
2023-11-13 10:00:00,0,11,509,423,0,8.4,-0.1,27.3,0,1,0,0,0,0,0,0,1
2023-11-13 09:00:00,0,10,347,397,0,8.4,-0.1,27.3,0,1,0,0,0,0,0,0,1
2023-11-13 17:00:00,0,18,198,375,0,8.4,-0.1,27.3,0,1,0,0,0,0,0,0,1
2023-11-13 18:00:00,0,19,206,321,0,8.4,-0.1,27.3,0,1,0,0,0,0,0,0,1
2023-11-13 19:00:00,0,20,193,258,0,8.4,-0.1,27.3,0,1,0,0,0,0,0,0,1
2023-11-13 20:00:00,0,21,231,184,0,8.4,-0.1,27.3,0,1,0,0,0,0,0,0,1
2023-11-13 22:00:00,0,23,105,122,0,8.4,-0.1,27.3,0,1,0,0,0,0,0,0,1
2023-11-13 21:00:00,0,22,164,116,0,8.4,-0.1,27.3,0,1,0,0,0,0,0,0,1
2023-11-13 06:00:00,0,7,84,88,0,8.4,-0.1,27.3,0,1,0,0,0,0,0,0,1
2023-11-13 23:00:00,0,0,82,68,0,8.4,-0.1,27.3,0,1,0,0,0,0,0,0,1
2023-11-13 05:00:00,0,6,47,55,0,8.4,-0.1,27.3,0,1,0,0,0,0,0,0,1
2023-11-13 00:00:00,0,1,144,51,0,8.4,-0.1,27.3,0,1,0,0,0,0,0,0,1
2023-11-13 04:00:00,0,5,10,32,0,8.4,-0.1,27.3,0,1,0,0,0,0,0,0,1
2023-11-13 01:00:00,0,2,122,29,0,8.4,-0.1,27.3,0,1,0,0,0,0,0,0,1
2023-11-13 02:00:00,0,3,195,22,0,8.4,-0.1,27.3,0,1,0,0,0,0,0,0,1
2023-11-12 05:00:00,0,6,18,30,0,9.0,-0.1,7.7,0,0,0,1,0,0,0,0,1
2023-11-12 07:00:00,1,8,101,58,0,9.0,-0.1,7.7,0,0,0,1,0,0,0,0,1
2023-11-12 23:00:00,1,0,125,37,0,9.0,-0.1,7.7,0,0,0,1,0,0,0,0,1
2023-11-14 10:00:00,8,11,334,160,0,8.0,6.1,19.6,0,0,0,0,0,1,0,0,1
2023-11-14 08:00:00,6,9,589,305,0,8.0,6.1,19.6,0,0,0,0,0,1,0,0,1
2023-11-14 12:00:00,4,13,812,379,0,8.0,6.1,19.6,0,0,0,0,0,1,0,0,1
2023-11-12 12:00:00,3,13,872,323,0,9.0,-0.1,7.7,0,0,0,1,0,0,0,0,1
2023-11-13 13:00:00,7,14,545,281,0,8.4,-0.1,27.3,0,1,0,0,0,0,0,0,1
2023-11-12 11:00:00,3,12,743,262,0,9.0,-0.1,7.7,0,0,0,1,0,0,0,0,1
2023-11-13 14:00:00,1,15,369,775,0,8.4,-0.1,27.3,0,1,0,0,0,0,0,0,1
2023-11-12 08:00:00,3,9,194,87,0,9.0,-0.1,7.7,0,0,0,1,0,0,0,0,1
2023-11-13 15:00:00,1,16,452,618,0,8.4,-0.1,27.3,0,1,0,0,0,0,0,0,1
2023-11-13 16:00:00,1,17,235,423,0,8.4,-0.1,27.3,0,1,0,0,0,0,0,0,1
2023-11-12 18:00:00,0,19,239,254,0,9.0,-0.1,7.7,0,0,0,1,0,0,0,0,1
2023-11-13 08:00:00,1,9,352,321,0,8.4,-0.1,27.3,0,1,0,0,0,0,0,0,1
2023-11-12 19:00:00,0,20,191,234,0,9.0,-0.1,7.7,0,0,0,1,0,0,0,0,1
2023-11-12 15:00:00,2,16,974,319,0,9.0,-0.1,7.7,0,0,0,1,0,0,0,0,1
2023-11-12 13:00:00,2,14,632,292,0,9.0,-0.1,7.7,0,0,0,1,0,0,0,0,1
2023-11-13 07:00:00,1,8,162,188,0,8.4,-0.1,27.3,0,1,0,0,0,0,0,0,1
2023-11-12 10:00:00,2,11,668,243,0,9.0,-0.1,7.7,0,0,0,1,0,0,0,0,1
2023-11-12 20:00:00,0,21,117,123,0,9.0,-0.1,7.7,0,0,0,1,0,0,0,0,1
2023-11-13 12:00:00,3,13,486,300,0,8.4,-0.1,27.3,0,1,0,0,0,0,0,0,1
2023-11-12 03:00:00,0,4,316,91,0,9.0,-0.1,7.7,0,0,0,1,0,0,0,0,1
2023-11-12 01:00:00,0,2,322,85,0,9.0,-0.1,7.7,0,0,0,1,0,0,0,0,1
2023-11-12 02:00:00,0,3,243,81,0,9.0,-0.1,7.7,0,0,0,1,0,0,0,0,1
2023-11-12 00:00:00,0,1,169,80,0,9.0,-0.1,7.7,0,0,0,1,0,0,0,0,1
2023-11-13 11:00:00,2,12,500,359,0,8.4,-0.1,27.3,0,1,0,0,0,0,0,0,1
2023-11-12 14:00:00,1,15,663,357,0,9.0,-0.1,7.7,0,0,0,1,0,0,0,0,1
2023-11-12 16:00:00,1,17,682,341,0,9.0,-0.1,7.7,0,0,0,1,0,0,0,0,1
2023-11-12 17:00:00,1,18,306,330,0,9.0,-0.1,7.7,0,0,0,1,0,0,0,0,1
2023-11-12 09:00:00,1,10,315,153,0,9.0,-0.1,7.7,0,0,0,1,0,0,0,0,1
2023-11-14 14:00:00,0,15,985,481,0,8.0,6.1,19.6,0,0,0,0,0,1,0,0,1
2023-11-14 09:00:00,0,10,814,389,0,8.0,6.1,19.6,0,0,0,0,0,1,0,0,1
2023-11-14 18:00:00,0,19,518,273,0,8.0,6.1,19.6,0,0,0,0,0,1,0,0,1
2023-11-14 19:00:00,0,20,292,193,0,8.0,6.1,19.6,0,0,0,0,0,1,0,0,1
2023-11-15 13:00:00,0,14,903,491,0,6.8,6.1,1.1,0,0,0,0,0,0,1,0,1
2023-11-15 16:00:00,0,17,629,481,0,6.8,6.1,1.1,0,0,0,0,0,0,1,0,1
2023-11-15 17:00:00,0,18,602,445,0,6.8,6.1,1.1,0,0,0,0,0,0,1,0,1
2023-11-16 15:00:00,10,16,1265,489,0,11.2,5.5,0.0,0,0,0,0,1,0,0,0,1
2023-11-16 14:00:00,9,15,1209,585,0,11.2,5.5,0.0,0,0,0,0,1,0,0,0,1
2023-11-16 08:00:00,8,9,391,684,0,11.2,5.5,0.0,0,0,0,0,1,0,0,0,1
2023-11-16 11:00:00,7,12,962,476,0,11.2,5.5,0.0,0,0,0,0,1,0,0,0,1
2023-11-16 09:00:00,5,10,867,539,0,11.2,5.5,0.0,0,0,0,0,1,0,0,0,1
2023-11-16 10:00:00,5,11,1005,497,0,11.2,5.5,0.0,0,0,0,0,1,0,0,0,1
2023-11-16 12:00:00,4,13,1003,470,0,11.2,5.5,0.0,0,0,0,0,1,0,0,0,1
2023-11-14 20:00:00,0,21,160,76,0,8.0,6.1,19.6,0,0,0,0,0,1,0,0,1
2023-11-15 07:00:00,0,8,169,246,0,6.8,6.1,1.1,0,0,0,0,0,0,1,0,1
2023-11-14 07:00:00,0,8,153,71,0,8.0,6.1,19.6,0,0,0,0,0,1,0,0,1
2023-11-15 23:00:00,0,0,54,229,0,6.8,6.1,1.1,0,0,0,0,0,0,1,0,1
2023-11-15 18:00:00,0,19,309,212,0,6.8,6.1,1.1,0,0,0,0,0,0,1,0,1
2023-11-14 11:00:00,2,12,976,360,0,8.0,6.1,19.6,0,0,0,0,0,1,0,0,1
2023-11-15 19:00:00,0,20,158,116,0,6.8,6.1,1.1,0,0,0,0,0,0,1,0,1
2023-11-14 16:00:00,2,17,1102,266,0,8.0,6.1,19.6,0,0,0,0,0,1,0,0,1
2023-11-15 08:00:00,9,9,429,323,0,6.8,6.1,1.1,0,0,0,0,0,0,1,0,1
2023-11-15 09:00:00,5,10,557,424,0,6.8,6.1,1.1,0,0,0,0,0,0,1,0,1
2023-11-15 11:00:00,5,12,884,420,0,6.8,6.1,1.1,0,0,0,0,0,0,1,0,1
2023-11-15 12:00:00,4,13,892,464,0,6.8,6.1,1.1,0,0,0,0,0,0,1,0,1
2023-11-15 06:00:00,0,7,72,87,0,6.8,6.1,1.1,0,0,0,0,0,0,1,0,1
2023-11-15 22:00:00,0,23,57,79,0,6.8,6.1,1.1,0,0,0,0,0,0,1,0,1
2023-11-15 14:00:00,2,15,793,482,0,6.8,6.1,1.1,0,0,0,0,0,0,1,0,1
2023-11-14 05:00:00,0,6,22,57,0,8.0,6.1,19.6,0,0,0,0,0,1,0,0,1
2023-11-14 21:00:00,0,22,58,53,0,8.0,6.1,19.6,0,0,0,0,0,1,0,0,1
2023-11-14 00:00:00,0,1,76,52,0,8.0,6.1,19.6,0,0,0,0,0,1,0,0,1
2023-11-14 06:00:00,0,7,50,52,0,8.0,6.1,19.6,0,0,0,0,0,1,0,0,1
2023-11-14 02:00:00,0,3,29,48,0,8.0,6.1,19.6,0,0,0,0,0,1,0,0,1
2023-11-14 22:00:00,0,23,36,36,0,8.0,6.1,19.6,0,0,0,0,0,1,0,0,1
2023-11-14 01:00:00,0,2,25,36,0,8.0,6.1,19.6,0,0,0,0,0,1,0,0,1
2023-11-14 23:00:00,0,0,22,24,0,8.0,6.1,19.6,0,0,0,0,0,1,0,0,1
2023-11-14 04:00:00,0,5,33,20,0,8.0,6.1,19.6,0,0,0,0,0,1,0,0,1
2023-11-14 03:00:00,0,4,38,18,0,8.0,6.1,19.6,0,0,0,0,0,1,0,0,1
2023-11-15 10:00:00,2,11,732,420,0,6.8,6.1,1.1,0,0,0,0,0,0,1,0,1
2023-11-15 05:00:00,0,6,29,56,0,6.8,6.1,1.1,0,0,0,0,0,0,1,0,1
2023-11-15 02:00:00,0,3,38,30,0,6.8,6.1,1.1,0,0,0,0,0,0,1,0,1
2023-11-15 15:00:00,1,16,967,472,0,6.8,6.1,1.1,0,0,0,0,0,0,1,0,1
2023-11-14 15:00:00,1,16,976,473,0,8.0,6.1,19.6,0,0,0,0,0,1,0,0,1
2023-11-15 04:00:00,0,5,57,27,0,6.8,6.1,1.1,0,0,0,0,0,0,1,0,1
2023-11-14 17:00:00,1,18,804,287,0,8.0,6.1,19.6,0,0,0,0,0,1,0,0,1
2023-11-15 03:00:00,0,4,23,23,0,6.8,6.1,1.1,0,0,0,0,0,0,1,0,1
2023-11-14 13:00:00,1,14,447,224,0,8.0,6.1,19.6,0,0,0,0,0,1,0,0,1
2023-11-15 20:00:00,1,21,161,126,0,6.8,6.1,1.1,0,0,0,0,0,0,1,0,1
2023-11-15 21:00:00,1,22,119,92,0,6.8,6.1,1.1,0,0,0,0,0,0,1,0,1
2023-11-15 01:00:00,0,2,17,16,0,6.8,6.1,1.1,0,0,0,0,0,0,1,0,1
2023-11-15 00:00:00,0,1,11,13,0,6.8,6.1,1.1,0,0,0,0,0,0,1,0,1
2023-11-17 19:00:00,1,20,685,246,0,10.8,3.9,2.4,1,0,0,0,0,0,0,0,1
2023-11-17 05:00:00,0,6,31,64,0,10.8,3.9,2.4,1,0,0,0,0,0,0,0,1
2023-11-17 01:00:00,0,2,38,57,0,10.8,3.9,2.4,1,0,0,0,0,0,0,0,1
2023-11-17 02:00:00,0,3,36,45,0,10.8,3.9,2.4,1,0,0,0,0,0,0,0,1
2023-11-17 03:00:00,0,4,51,23,0,10.8,3.9,2.4,1,0,0,0,0,0,0,0,1
2023-11-17 04:00:00,0,5,4,20,0,10.8,3.9,2.4,1,0,0,0,0,0,0,0,1
2023-11-18 10:00:00,3,11,833,370,0,12.9,5.5,9.6,0,0,1,0,0,0,0,0,1
2023-11-18 12:00:00,2,13,1085,445,0,12.9,5.5,9.6,0,0,1,0,0,0,0,0,1
2023-11-18 13:00:00,2,14,952,418,0,12.9,5.5,9.6,0,0,1,0,0,0,0,0,1
2023-11-18 18:00:00,2,19,213,393,0,12.9,5.5,9.6,0,0,1,0,0,0,0,0,1
2023-11-18 15:00:00,2,16,863,208,0,12.9,5.5,9.6,0,0,1,0,0,0,0,0,1
2023-11-18 16:00:00,1,17,551,405,0,12.9,5.5,9.6,0,0,1,0,0,0,0,0,1
2023-11-18 09:00:00,1,10,686,379,0,12.9,5.5,9.6,0,0,1,0,0,0,0,0,1
2023-11-18 14:00:00,1,15,1083,368,0,12.9,5.5,9.6,0,0,1,0,0,0,0,0,1
2023-11-18 08:00:00,1,9,387,323,0,12.9,5.5,9.6,0,0,1,0,0,0,0,0,1
2023-11-17 15:00:00,8,16,959,463,0,10.8,3.9,2.4,1,0,0,0,0,0,0,0,1
2023-11-17 10:00:00,8,11,867,357,0,10.8,3.9,2.4,1,0,0,0,0,0,0,0,1
2023-11-17 09:00:00,6,10,909,539,0,10.8,3.9,2.4,1,0,0,0,0,0,0,0,1
2023-11-17 08:00:00,3,9,722,358,0,10.8,3.9,2.4,1,0,0,0,0,0,0,0,1
2023-11-16 06:00:00,0,7,48,298,0,11.2,5.5,0.0,0,0,0,0,1,0,0,0,1
2023-11-16 19:00:00,0,20,259,279,0,11.2,5.5,0.0,0,0,0,0,1,0,0,0,1
2023-11-16 05:00:00,0,6,34,194,0,11.2,5.5,0.0,0,0,0,0,1,0,0,0,1
2023-11-16 21:00:00,0,22,181,156,0,11.2,5.5,0.0,0,0,0,0,1,0,0,0,1
2023-11-16 00:00:00,0,1,21,148,0,11.2,5.5,0.0,0,0,0,0,1,0,0,0,1
2023-11-16 01:00:00,0,2,16,139,0,11.2,5.5,0.0,0,0,0,0,1,0,0,0,1
2023-11-16 22:00:00,0,23,130,122,0,11.2,5.5,0.0,0,0,0,0,1,0,0,0,1
2023-11-16 23:00:00,0,0,75,96,0,11.2,5.5,0.0,0,0,0,0,1,0,0,0,1
2023-11-16 02:00:00,0,3,33,69,0,11.2,5.5,0.0,0,0,0,0,1,0,0,0,1
2023-11-16 03:00:00,0,4,18,69,0,11.2,5.5,0.0,0,0,0,0,1,0,0,0,1
2023-11-16 04:00:00,0,5,5,60,0,11.2,5.5,0.0,0,0,0,0,1,0,0,0,1
2023-11-17 16:00:00,0,17,773,591,0,10.8,3.9,2.4,1,0,0,0,0,0,0,0,1
2023-11-17 17:00:00,0,18,444,433,0,10.8,3.9,2.4,1,0,0,0,0,0,0,0,1
2023-11-16 16:00:00,2,17,839,622,0,11.2,5.5,0.0,0,0,0,0,1,0,0,0,1
2023-11-17 18:00:00,0,19,416,395,0,10.8,3.9,2.4,1,0,0,0,0,0,0,0,1
2023-11-16 13:00:00,2,14,1106,539,0,11.2,5.5,0.0,0,0,0,0,1,0,0,0,1
2023-11-17 21:00:00,0,22,242,252,0,10.8,3.9,2.4,1,0,0,0,0,0,0,0,1
2023-11-17 22:00:00,0,23,236,248,0,10.8,3.9,2.4,1,0,0,0,0,0,0,0,1
2023-11-17 23:00:00,0,0,238,233,0,10.8,3.9,2.4,1,0,0,0,0,0,0,0,1
2023-11-17 20:00:00,0,21,284,224,0,10.8,3.9,2.4,1,0,0,0,0,0,0,0,1
2023-11-17 07:00:00,0,8,365,203,0,10.8,3.9,2.4,1,0,0,0,0,0,0,0,1
2023-11-16 20:00:00,2,21,200,193,0,11.2,5.5,0.0,0,0,0,0,1,0,0,0,1
2023-11-17 06:00:00,0,7,90,83,0,10.8,3.9,2.4,1,0,0,0,0,0,0,0,1
2023-11-17 11:00:00,15,12,497,206,0,10.8,3.9,2.4,1,0,0,0,0,0,0,0,1
2023-11-17 14:00:00,15,15,591,196,0,10.8,3.9,2.4,1,0,0,0,0,0,0,0,1
2023-11-17 13:00:00,13,14,705,247,0,10.8,3.9,2.4,1,0,0,0,0,0,0,0,1
2023-11-17 12:00:00,13,13,603,206,0,10.8,3.9,2.4,1,0,0,0,0,0,0,0,1
2023-11-17 00:00:00,0,1,63,66,0,10.8,3.9,2.4,1,0,0,0,0,0,0,0,1
2023-11-16 07:00:00,1,8,171,600,0,11.2,5.5,0.0,0,0,0,0,1,0,0,0,1
2023-11-16 17:00:00,1,18,587,488,0,11.2,5.5,0.0,0,0,0,0,1,0,0,0,1
2023-11-16 18:00:00,1,19,323,418,0,11.2,5.5,0.0,0,0,0,0,1,0,0,0,1
2023-11-18 23:00:00,1,0,173,130,0,12.9,5.5,9.6,0,0,1,0,0,0,0,0,1
2023-11-18 06:00:00,1,7,69,69,0,12.9,5.5,9.6,0,0,1,0,0,0,0,0,1
2023-11-18 02:00:00,1,3,119,65,0,12.9,5.5,9.6,0,0,1,0,0,0,0,0,1
2023-11-19 12:00:00,0,13,959,310,0,12.5,5.5,0.2,0,0,0,1,0,0,0,0,1
2023-11-19 00:00:00,0,1,265,306,0,12.5,5.5,0.2,0,0,0,1,0,0,0,0,1
2023-11-18 17:00:00,0,18,350,478,0,12.9,5.5,9.6,0,0,1,0,0,0,0,0,1
2023-11-19 17:00:00,0,18,384,299,0,12.5,5.5,0.2,0,0,0,1,0,0,0,0,1
2023-11-18 11:00:00,0,12,782,441,0,12.9,5.5,9.6,0,0,1,0,0,0,0,0,1
2023-11-19 18:00:00,0,19,330,272,0,12.5,5.5,0.2,0,0,0,1,0,0,0,0,1
2023-11-19 11:00:00,0,12,745,270,0,12.5,5.5,0.2,0,0,0,1,0,0,0,0,1
2023-11-18 19:00:00,0,20,289,347,0,12.9,5.5,9.6,0,0,1,0,0,0,0,0,1
2023-11-18 21:00:00,0,22,193,236,0,12.9,5.5,9.6,0,0,1,0,0,0,0,0,1
2023-11-18 22:00:00,0,23,143,229,0,12.9,5.5,9.6,0,0,1,0,0,0,0,0,1
2023-11-19 14:00:00,5,15,843,500,0,12.5,5.5,0.2,0,0,0,1,0,0,0,0,1
2023-11-19 19:00:00,0,20,241,206,0,12.5,5.5,0.2,0,0,0,1,0,0,0,0,1
2023-11-19 02:00:00,0,3,199,206,0,12.5,5.5,0.2,0,0,0,1,0,0,0,0,1
2023-11-19 01:00:00,0,2,360,181,0,12.5,5.5,0.2,0,0,0,1,0,0,0,0,1
2023-11-19 20:00:00,0,21,257,167,0,12.5,5.5,0.2,0,0,0,1,0,0,0,0,1
2023-11-19 22:00:00,0,23,158,152,0,12.5,5.5,0.2,0,0,0,1,0,0,0,0,1
2023-11-19 03:00:00,0,4,240,124,0,12.5,5.5,0.2,0,0,0,1,0,0,0,0,1
2023-11-19 23:00:00,0,0,97,61,0,12.5,5.5,0.2,0,0,0,1,0,0,0,0,1
2023-11-19 04:00:00,0,5,10,52,0,12.5,5.5,0.2,0,0,0,1,0,0,0,0,1
2023-11-19 07:00:00,0,8,36,44,0,12.5,5.5,0.2,0,0,0,1,0,0,0,0,1
2023-11-19 06:00:00,0,7,12,30,0,12.5,5.5,0.2,0,0,0,1,0,0,0,0,1
2023-11-19 05:00:00,0,6,5,24,0,12.5,5.5,0.2,0,0,0,1,0,0,0,0,1
2023-11-18 20:00:00,0,21,191,164,0,12.9,5.5,9.6,0,0,1,0,0,0,0,0,1
2023-11-20 14:00:00,4,15,406,621,0,12.0,8.3,0.0,0,1,0,0,0,0,0,0,1
2023-11-19 15:00:00,6,16,474,968,0,12.5,5.5,0.2,0,0,0,1,0,0,0,0,1
2023-11-18 05:00:00,0,6,20,52,0,12.9,5.5,9.6,0,0,1,0,0,0,0,0,1
2023-11-18 00:00:00,0,1,194,161,0,12.9,5.5,9.6,0,0,1,0,0,0,0,0,1
2023-11-20 15:00:00,4,16,1541,402,0,12.0,8.3,0.0,0,1,0,0,0,0,0,0,1
2023-11-18 04:00:00,0,5,24,51,0,12.9,5.5,9.6,0,0,1,0,0,0,0,0,1
2023-11-20 09:00:00,4,10,907,345,0,12.0,8.3,0.0,0,1,0,0,0,0,0,0,1
2023-11-18 07:00:00,0,8,102,152,0,12.9,5.5,9.6,0,0,1,0,0,0,0,0,1
2023-11-18 01:00:00,0,2,270,143,0,12.9,5.5,9.6,0,0,1,0,0,0,0,0,1
2023-11-19 16:00:00,3,17,457,486,0,12.5,5.5,0.2,0,0,0,1,0,0,0,0,1
2023-11-18 03:00:00,0,4,189,67,0,12.9,5.5,9.6,0,0,1,0,0,0,0,0,1
2023-11-19 10:00:00,2,11,603,207,0,12.5,5.5,0.2,0,0,0,1,0,0,0,0,1
2023-11-20 18:00:00,7,19,234,257,0,12.0,8.3,0.0,0,1,0,0,0,0,0,0,1
2023-11-20 12:00:00,6,13,629,970,0,12.0,8.3,0.0,0,1,0,0,0,0,0,0,1
2023-11-20 13:00:00,1,14,353,965,0,12.0,8.3,0.0,0,1,0,0,0,0,0,0,1
2023-11-20 16:00:00,1,17,467,391,0,12.0,8.3,0.0,0,1,0,0,0,0,0,0,1
2023-11-20 19:00:00,1,20,180,182,0,12.0,8.3,0.0,0,1,0,0,0,0,0,0,1
2023-11-20 07:00:00,1,8,187,170,0,12.0,8.3,0.0,0,1,0,0,0,0,0,0,1
2023-11-19 13:00:00,1,14,1019,321,0,12.5,5.5,0.2,0,0,0,1,0,0,0,0,1
2023-11-20 21:00:00,1,22,161,144,0,12.0,8.3,0.0,0,1,0,0,0,0,0,0,1
2023-11-20 20:00:00,1,21,156,130,0,12.0,8.3,0.0,0,1,0,0,0,0,0,0,1
2023-11-19 21:00:00,1,22,221,131,0,12.5,5.5,0.2,0,0,0,1,0,0,0,0,1
2023-11-19 09:00:00,1,10,224,117,0,12.5,5.5,0.2,0,0,0,1,0,0,0,0,1
2023-11-19 08:00:00,1,9,108,81,0,12.5,5.5,0.2,0,0,0,1,0,0,0,0,1
2023-11-21 19:00:00,0,20,242,120,0,14.4,3.8,0.0,0,0,0,0,0,1,0,0,1
2023-11-21 06:00:00,0,7,97,74,0,14.4,3.8,0.0,0,0,0,0,0,1,0,0,1
2023-11-21 05:00:00,0,6,43,62,0,14.4,3.8,0.0,0,0,0,0,0,1,0,0,1
2023-11-21 00:00:00,0,1,74,53,0,14.4,3.8,0.0,0,0,0,0,0,1,0,0,1
2023-11-21 21:00:00,0,22,145,39,0,14.4,3.8,0.0,0,0,0,0,0,1,0,0,1
2023-11-21 01:00:00,0,2,10,32,0,14.4,3.8,0.0,0,0,0,0,0,1,0,0,1
2023-11-21 04:00:00,0,5,22,26,0,14.4,3.8,0.0,0,0,0,0,0,1,0,0,1
2023-11-21 22:00:00,0,23,111,25,0,14.4,3.8,0.0,0,0,0,0,0,1,0,0,1
2023-11-21 02:00:00,0,3,20,20,0,14.4,3.8,0.0,0,0,0,0,0,1,0,0,1
2023-11-21 03:00:00,0,4,9,20,0,14.4,3.8,0.0,0,0,0,0,0,1,0,0,1
2023-11-21 15:00:00,20,16,1038,419,0,14.4,3.8,0.0,0,0,0,0,0,1,0,0,1
2023-11-21 23:00:00,0,0,78,19,0,14.4,3.8,0.0,0,0,0,0,0,1,0,0,1
2023-11-20 04:00:00,0,5,27,3,0,12.0,8.3,0.0,0,1,0,0,0,0,0,0,1
2023-11-22 16:00:00,5,17,673,497,0,13.1,5.5,0.0,0,0,0,0,0,0,1,0,1
2023-11-20 11:00:00,0,12,1073,436,0,12.0,8.3,0.0,0,1,0,0,0,0,0,0,1
2023-11-21 14:00:00,14,15,1131,462,0,14.4,3.8,0.0,0,0,0,0,0,1,0,0,1
2023-11-21 08:00:00,14,9,515,278,0,14.4,3.8,0.0,0,0,0,0,0,1,0,0,1
2023-11-21 12:00:00,11,13,1264,480,0,14.4,3.8,0.0,0,0,0,0,0,1,0,0,1
2023-11-21 13:00:00,9,14,1316,488,0,14.4,3.8,0.0,0,0,0,0,0,1,0,0,1
2023-11-21 11:00:00,9,12,1089,433,0,14.4,3.8,0.0,0,0,0,0,0,1,0,0,1
2023-11-21 09:00:00,7,10,746,359,0,14.4,3.8,0.0,0,0,0,0,0,1,0,0,1
2023-11-22 09:00:00,13,10,588,417,0,13.1,5.5,0.0,0,0,0,0,0,0,1,0,1
2023-11-20 10:00:00,0,11,959,412,0,12.0,8.3,0.0,0,1,0,0,0,0,0,0,1
2023-11-22 13:00:00,4,14,1133,416,0,13.1,5.5,0.0,0,0,0,0,0,0,1,0,1
2023-11-20 17:00:00,0,18,367,371,0,12.0,8.3,0.0,0,1,0,0,0,0,0,0,1
2023-11-21 16:00:00,5,17,636,395,0,14.4,3.8,0.0,0,0,0,0,0,1,0,0,1
2023-11-20 08:00:00,0,9,627,301,0,12.0,8.3,0.0,0,1,0,0,0,0,0,0,1
2023-11-22 14:00:00,22,15,1069,562,0,13.1,5.5,0.0,0,0,0,0,0,0,1,0,1
2023-11-22 15:00:00,19,16,1020,529,0,13.1,5.5,0.0,0,0,0,0,0,0,1,0,1
2023-11-20 22:00:00,0,23,87,143,0,12.0,8.3,0.0,0,1,0,0,0,0,0,0,1
2023-11-21 18:00:00,4,19,335,291,0,14.4,3.8,0.0,0,0,0,0,0,1,0,0,1
2023-11-20 01:00:00,0,2,62,76,0,12.0,8.3,0.0,0,1,0,0,0,0,0,0,1
2023-11-20 06:00:00,0,7,72,73,0,12.0,8.3,0.0,0,1,0,0,0,0,0,0,1
2023-11-20 23:00:00,0,0,22,71,0,12.0,8.3,0.0,0,1,0,0,0,0,0,0,1
2023-11-22 06:00:00,3,7,64,69,0,13.1,5.5,0.0,0,0,0,0,0,0,1,0,1
2023-11-22 12:00:00,10,13,1109,465,0,13.1,5.5,0.0,0,0,0,0,0,0,1,0,1
2023-11-20 02:00:00,0,3,149,59,0,12.0,8.3,0.0,0,1,0,0,0,0,0,0,1
2023-11-22 17:00:00,2,18,385,427,0,13.1,5.5,0.0,0,0,0,0,0,0,1,0,1
2023-11-21 17:00:00,2,18,454,406,0,14.4,3.8,0.0,0,0,0,0,0,1,0,0,1
2023-11-22 10:00:00,2,11,756,378,0,13.1,5.5,0.0,0,0,0,0,0,0,1,0,1
2023-11-22 08:00:00,9,9,463,338,0,13.1,5.5,0.0,0,0,0,0,0,0,1,0,1
2023-11-20 00:00:00,0,1,149,32,0,12.0,8.3,0.0,0,1,0,0,0,0,0,0,1
2023-11-22 07:00:00,2,8,181,199,0,13.1,5.5,0.0,0,0,0,0,0,0,1,0,1
2023-11-22 18:00:00,1,19,288,359,0,13.1,5.5,0.0,0,0,0,0,0,0,1,0,1
2023-11-22 22:00:00,1,23,159,75,0,13.1,5.5,0.0,0,0,0,0,0,0,1,0,1
2023-11-20 05:00:00,0,6,52,15,0,12.0,8.3,0.0,0,1,0,0,0,0,0,0,1
2023-11-22 11:00:00,8,12,912,430,0,13.1,5.5,0.0,0,0,0,0,0,0,1,0,1
2023-11-21 10:00:00,1,11,966,433,0,14.4,3.8,0.0,0,0,0,0,0,1,0,0,1
2023-11-21 07:00:00,1,8,227,170,0,14.4,3.8,0.0,0,0,0,0,0,1,0,0,1
2023-11-20 03:00:00,0,4,22,13,0,12.0,8.3,0.0,0,1,0,0,0,0,0,0,1
2023-11-21 20:00:00,1,21,216,45,0,14.4,3.8,0.0,0,0,0,0,0,1,0,0,1
2023-11-23 13:00:00,4,14,724,121,0,6.7,11.5,0.0,0,0,0,0,1,0,0,0,1
2023-11-23 16:00:00,3,17,677,489,0,6.7,11.5,0.0,0,0,0,0,1,0,0,0,1
2023-11-24 11:00:00,7,12,1800,497,0,4.6,4.1,0.0,1,0,0,0,0,0,0,0,1
2023-11-22 19:00:00,0,20,201,247,0,13.1,5.5,0.0,0,0,0,0,0,0,1,0,1
2023-11-22 21:00:00,0,22,127,206,0,13.1,5.5,0.0,0,0,0,0,0,0,1,0,1
2023-11-23 08:00:00,3,9,703,331,0,6.7,11.5,0.0,0,0,0,0,1,0,0,0,1
2023-11-23 05:00:00,0,6,36,54,0,6.7,11.5,0.0,0,0,0,0,1,0,0,0,1
2023-11-22 20:00:00,0,21,187,204,0,13.1,5.5,0.0,0,0,0,0,0,0,1,0,1
2023-11-23 15:00:00,9,16,618,268,0,6.7,11.5,0.0,0,0,0,0,1,0,0,0,1
2023-11-23 12:00:00,8,13,751,142,0,6.7,11.5,0.0,0,0,0,0,1,0,0,0,1
2023-11-23 14:00:00,6,15,564,254,0,6.7,11.5,0.0,0,0,0,0,1,0,0,0,1
2023-11-23 10:00:00,5,11,521,335,0,6.7,11.5,0.0,0,0,0,0,1,0,0,0,1
2023-11-23 18:00:00,5,19,389,314,0,6.7,11.5,0.0,0,0,0,0,1,0,0,0,1
2023-11-23 11:00:00,5,12,598,211,0,6.7,11.5,0.0,0,0,0,0,1,0,0,0,1
2023-11-23 21:00:00,5,22,246,186,0,6.7,11.5,0.0,0,0,0,0,1,0,0,0,1
2023-11-23 09:00:00,4,10,579,326,0,6.7,11.5,0.0,0,0,0,0,1,0,0,0,1
2023-11-24 17:00:00,1,18,591,429,0,4.6,4.1,0.0,1,0,0,0,0,0,0,0,1
2023-11-24 19:00:00,1,20,252,327,0,4.6,4.1,0.0,1,0,0,0,0,0,0,0,1
2023-11-23 23:00:00,0,0,101,41,0,6.7,11.5,0.0,0,0,0,0,1,0,0,0,1
2023-11-23 00:00:00,0,1,118,24,0,6.7,11.5,0.0,0,0,0,0,1,0,0,0,1
2023-11-23 01:00:00,0,2,52,19,0,6.7,11.5,0.0,0,0,0,0,1,0,0,0,1
2023-11-23 02:00:00,0,3,88,12,0,6.7,11.5,0.0,0,0,0,0,1,0,0,0,1
2023-11-24 13:00:00,1,14,969,275,0,4.6,4.1,0.0,1,0,0,0,0,0,0,0,1
2023-11-24 14:00:00,5,15,690,443,0,4.6,4.1,0.0,1,0,0,0,0,0,0,0,1
2023-11-24 12:00:00,4,13,1839,643,0,4.6,4.1,0.0,1,0,0,0,0,0,0,0,1
2023-11-24 09:00:00,3,10,717,190,0,4.6,4.1,0.0,1,0,0,0,0,0,0,0,1
2023-11-24 21:00:00,3,22,205,184,0,4.6,4.1,0.0,1,0,0,0,0,0,0,0,1
2023-11-24 16:00:00,2,17,810,542,0,4.6,4.1,0.0,1,0,0,0,0,0,0,0,1
2023-11-24 08:00:00,2,9,661,308,0,4.6,4.1,0.0,1,0,0,0,0,0,0,0,1
2023-11-22 00:00:00,0,1,49,47,0,13.1,5.5,0.0,0,0,0,0,0,0,1,0,1
2023-11-22 05:00:00,0,6,23,46,0,13.1,5.5,0.0,0,0,0,0,0,0,1,0,1
2023-11-22 23:00:00,0,0,124,42,0,13.1,5.5,0.0,0,0,0,0,0,0,1,0,1
2023-11-22 01:00:00,0,2,50,42,0,13.1,5.5,0.0,0,0,0,0,0,0,1,0,1
2023-11-24 10:00:00,15,11,557,258,0,4.6,4.1,0.0,1,0,0,0,0,0,0,0,1
2023-11-24 15:00:00,12,16,1422,426,0,4.6,4.1,0.0,1,0,0,0,0,0,0,0,1
2023-11-23 20:00:00,1,21,292,199,0,6.7,11.5,0.0,0,0,0,0,1,0,0,0,1
2023-11-22 02:00:00,0,3,47,34,0,13.1,5.5,0.0,0,0,0,0,0,0,1,0,1
2023-11-23 22:00:00,1,23,172,133,0,6.7,11.5,0.0,0,0,0,0,1,0,0,0,1
2023-11-22 03:00:00,0,4,27,22,0,13.1,5.5,0.0,0,0,0,0,0,0,1,0,1
2023-11-22 04:00:00,0,5,16,21,0,13.1,5.5,0.0,0,0,0,0,0,0,1,0,1
2023-11-23 06:00:00,1,7,78,93,0,6.7,11.5,0.0,0,0,0,0,1,0,0,0,1
2023-11-23 03:00:00,1,4,10,21,0,6.7,11.5,0.0,0,0,0,0,1,0,0,0,1
2023-11-23 04:00:00,1,5,15,14,0,6.7,11.5,0.0,0,0,0,0,1,0,0,0,1
2023-11-24 18:00:00,0,19,310,394,0,4.6,4.1,0.0,1,0,0,0,0,0,0,0,1
2023-11-24 20:00:00,0,21,207,263,0,4.6,4.1,0.0,1,0,0,0,0,0,0,0,1
2023-11-24 07:00:00,0,8,308,200,0,4.6,4.1,0.0,1,0,0,0,0,0,0,0,1
2023-11-24 22:00:00,0,23,175,194,0,4.6,4.1,0.0,1,0,0,0,0,0,0,0,1
2023-11-24 06:00:00,0,7,72,86,0,4.6,4.1,0.0,1,0,0,0,0,0,0,0,1
2023-11-24 23:00:00,0,0,234,84,0,4.6,4.1,0.0,1,0,0,0,0,0,0,0,1
2023-11-23 17:00:00,0,18,462,449,0,6.7,11.5,0.0,0,0,0,0,1,0,0,0,1
2023-11-23 19:00:00,0,20,253,278,0,6.7,11.5,0.0,0,0,0,0,1,0,0,0,1
2023-11-23 07:00:00,0,8,306,191,0,6.7,11.5,0.0,0,0,0,0,1,0,0,0,1
2023-11-25 12:00:00,6,13,1395,563,0,4.3,5.5,0.0,0,0,1,0,0,0,0,0,1
2023-11-25 13:00:00,6,14,1264,552,0,4.3,5.5,0.0,0,0,1,0,0,0,0,0,1
2023-11-26 02:00:00,1,3,311,79,0,8.4,5.5,0.0,0,0,0,1,0,0,0,0,1
2023-11-24 02:00:00,0,3,82,47,0,4.6,4.1,0.0,1,0,0,0,0,0,0,0,1
2023-11-25 05:00:00,0,6,24,44,0,4.3,5.5,0.0,0,0,1,0,0,0,0,0,1
2023-11-25 03:00:00,0,4,164,39,0,4.3,5.5,0.0,0,0,1,0,0,0,0,0,1
2023-11-25 21:00:00,0,22,181,32,0,4.3,5.5,0.0,0,0,1,0,0,0,0,0,1
2023-11-25 04:00:00,0,5,19,12,0,4.3,5.5,0.0,0,0,1,0,0,0,0,0,1
2023-11-24 05:00:00,0,6,31,46,0,4.6,4.1,0.0,1,0,0,0,0,0,0,0,1
2023-11-25 16:00:00,1,17,589,289,0,4.3,5.5,0.0,0,0,1,0,0,0,0,0,1
2023-11-25 20:00:00,1,21,295,62,0,4.3,5.5,0.0,0,0,1,0,0,0,0,0,1
2023-11-25 01:00:00,1,2,267,57,0,4.3,5.5,0.0,0,0,1,0,0,0,0,0,1
2023-11-25 18:00:00,0,19,649,440,0,4.3,5.5,0.0,0,0,1,0,0,0,0,0,1
2023-11-25 09:00:00,0,10,881,333,0,4.3,5.5,0.0,0,0,1,0,0,0,0,0,1
2023-11-25 07:00:00,0,8,215,139,0,4.3,5.5,0.0,0,0,1,0,0,0,0,0,1
2023-11-25 23:00:00,0,0,206,104,0,4.3,5.5,0.0,0,0,1,0,0,0,0,0,1
2023-11-25 22:00:00,0,23,205,76,0,4.3,5.5,0.0,0,0,1,0,0,0,0,0,1
2023-11-25 00:00:00,0,1,284,56,0,4.3,5.5,0.0,0,0,1,0,0,0,0,0,1
2023-11-25 02:00:00,0,3,225,55,0,4.3,5.5,0.0,0,0,1,0,0,0,0,0,1
2023-11-25 06:00:00,0,7,65,49,0,4.3,5.5,0.0,0,0,1,0,0,0,0,0,1
2023-11-24 00:00:00,0,1,82,27,0,4.6,4.1,0.0,1,0,0,0,0,0,0,0,1
2023-11-26 07:00:00,1,8,53,61,0,8.4,5.5,0.0,0,0,0,1,0,0,0,0,1
2023-11-25 17:00:00,5,18,760,479,0,4.3,5.5,0.0,0,0,1,0,0,0,0,0,1
2023-11-26 13:00:00,3,14,1224,382,0,8.4,5.5,0.0,0,0,0,1,0,0,0,0,1
2023-11-26 10:00:00,3,11,730,235,0,8.4,5.5,0.0,0,0,0,1,0,0,0,0,1
2023-11-26 08:00:00,3,9,148,95,0,8.4,5.5,0.0,0,0,0,1,0,0,0,0,1
2023-11-26 16:00:00,3,17,271,89,0,8.4,5.5,0.0,0,0,0,1,0,0,0,0,1
2023-11-26 11:00:00,2,12,936,313,0,8.4,5.5,0.0,0,0,0,1,0,0,0,0,1
2023-11-26 12:00:00,2,13,1246,310,0,8.4,5.5,0.0,0,0,0,1,0,0,0,0,1
2023-11-26 03:00:00,2,4,417,144,0,8.4,5.5,0.0,0,0,0,1,0,0,0,0,1
2023-11-26 09:00:00,2,10,258,139,0,8.4,5.5,0.0,0,0,0,1,0,0,0,0,1
2023-11-26 21:00:00,2,22,95,130,0,8.4,5.5,0.0,0,0,0,1,0,0,0,0,1
2023-11-26 22:00:00,2,23,79,106,0,8.4,5.5,0.0,0,0,0,1,0,0,0,0,1
2023-11-26 00:00:00,2,1,274,90,0,8.4,5.5,0.0,0,0,0,1,0,0,0,0,1
2023-11-24 03:00:00,0,4,17,25,0,4.6,4.1,0.0,1,0,0,0,0,0,0,0,1
2023-11-24 01:00:00,0,2,72,24,0,4.6,4.1,0.0,1,0,0,0,0,0,0,0,1
2023-11-26 14:00:00,10,15,1219,365,0,8.4,5.5,0.0,0,0,0,1,0,0,0,0,1
2023-11-26 19:00:00,0,20,156,200,0,8.4,5.5,0.0,0,0,0,1,0,0,0,0,1
2023-11-26 18:00:00,0,19,245,195,0,8.4,5.5,0.0,0,0,0,1,0,0,0,0,1
2023-11-26 20:00:00,0,21,137,137,0,8.4,5.5,0.0,0,0,0,1,0,0,0,0,1
2023-11-26 17:00:00,0,18,276,129,0,8.4,5.5,0.0,0,0,0,1,0,0,0,0,1
2023-11-26 01:00:00,0,2,332,102,0,8.4,5.5,0.0,0,0,0,1,0,0,0,0,1
2023-11-26 04:00:00,0,5,48,54,0,8.4,5.5,0.0,0,0,0,1,0,0,0,0,1
2023-11-26 06:00:00,0,7,27,34,0,8.4,5.5,0.0,0,0,0,1,0,0,0,0,1
2023-11-26 05:00:00,0,6,17,30,0,8.4,5.5,0.0,0,0,0,1,0,0,0,0,1
2023-11-26 23:00:00,0,0,105,22,0,8.4,5.5,0.0,0,0,0,1,0,0,0,0,1
2023-11-24 04:00:00,0,5,11,19,0,4.6,4.1,0.0,1,0,0,0,0,0,0,0,1
2023-11-25 14:00:00,4,15,1072,566,0,4.3,5.5,0.0,0,0,1,0,0,0,0,0,1
2023-11-25 08:00:00,4,9,462,224,0,4.3,5.5,0.0,0,0,1,0,0,0,0,0,1
2023-11-25 11:00:00,3,12,1742,540,0,4.3,5.5,0.0,0,0,1,0,0,0,0,0,1
2023-11-25 15:00:00,3,16,887,448,0,4.3,5.5,0.0,0,0,1,0,0,0,0,0,1
2023-11-25 10:00:00,2,11,1406,454,0,4.3,5.5,0.0,0,0,1,0,0,0,0,0,1
2023-11-26 15:00:00,6,16,995,273,0,8.4,5.5,0.0,0,0,0,1,0,0,0,0,1
2023-11-25 19:00:00,2,20,278,72,0,4.3,5.5,0.0,0,0,1,0,0,0,0,0,1
2023-11-27 10:00:00,10,11,552,211,0,4.8,5.5,2.4,0,1,0,0,0,0,0,0,1
2023-11-28 13:00:00,2,14,1174,477,0,3.6,1.1,0.0,0,0,0,0,0,1,0,0,1
2023-11-28 15:00:00,5,16,855,457,0,3.6,1.1,0.0,0,0,0,0,0,1,0,0,1
2023-11-28 14:00:00,5,15,872,385,0,3.6,1.1,0.0,0,0,0,0,0,1,0,0,1
2023-11-28 11:00:00,4,12,1118,545,0,3.6,1.1,0.0,0,0,0,0,0,1,0,0,1
2023-11-28 12:00:00,4,13,1329,511,0,3.6,1.1,0.0,0,0,0,0,0,1,0,0,1
2023-11-28 16:00:00,3,17,668,520,0,3.6,1.1,0.0,0,0,0,0,0,1,0,0,1
2023-11-28 09:00:00,3,10,994,435,0,3.6,1.1,0.0,0,0,0,0,0,1,0,0,1
2023-11-28 08:00:00,3,9,555,301,0,3.6,1.1,0.0,0,0,0,0,0,1,0,0,1
2023-11-28 10:00:00,2,11,1041,438,0,3.6,1.1,0.0,0,0,0,0,0,1,0,0,1
2023-11-28 01:00:00,0,2,53,40,0,3.6,1.1,0.0,0,0,0,0,0,1,0,0,1
2023-11-27 08:00:00,7,9,387,130,0,4.8,5.5,2.4,0,1,0,0,0,0,0,0,1
2023-11-27 12:00:00,6,13,660,189,0,4.8,5.5,2.4,0,1,0,0,0,0,0,0,1
2023-11-27 15:00:00,5,16,622,468,0,4.8,5.5,2.4,0,1,0,0,0,0,0,0,1
2023-11-27 14:00:00,4,15,775,434,0,4.8,5.5,2.4,0,1,0,0,0,0,0,0,1
2023-11-27 13:00:00,4,14,600,424,0,4.8,5.5,2.4,0,1,0,0,0,0,0,0,1
2023-11-27 11:00:00,3,12,610,199,0,4.8,5.5,2.4,0,1,0,0,0,0,0,0,1
2023-11-27 09:00:00,3,10,436,188,0,4.8,5.5,2.4,0,1,0,0,0,0,0,0,1
2023-11-27 01:00:00,0,2,87,43,0,4.8,5.5,2.4,0,1,0,0,0,0,0,0,1
2023-11-27 02:00:00,0,3,92,33,0,4.8,5.5,2.4,0,1,0,0,0,0,0,0,1
2023-11-27 00:00:00,0,1,110,29,0,4.8,5.5,2.4,0,1,0,0,0,0,0,0,1
2023-11-27 05:00:00,0,6,45,24,0,4.8,5.5,2.4,0,1,0,0,0,0,0,0,1
2023-11-27 04:00:00,0,5,16,10,0,4.8,5.5,2.4,0,1,0,0,0,0,0,0,1
2023-11-27 03:00:00,0,4,11,5,0,4.8,5.5,2.4,0,1,0,0,0,0,0,0,1
2023-11-28 02:00:00,0,3,48,22,0,3.6,1.1,0.0,0,0,0,0,0,1,0,0,1
2023-11-28 03:00:00,0,4,23,19,0,3.6,1.1,0.0,0,0,0,0,0,1,0,0,1
2023-11-28 17:00:00,0,18,492,468,0,3.6,1.1,0.0,0,0,0,0,0,1,0,0,1
2023-11-28 18:00:00,0,19,295,346,0,3.6,1.1,0.0,0,0,0,0,0,1,0,0,1
2023-11-28 19:00:00,0,20,221,288,0,3.6,1.1,0.0,0,0,0,0,0,1,0,0,1
2023-11-28 07:00:00,0,8,232,187,0,3.6,1.1,0.0,0,0,0,0,0,1,0,0,1
2023-11-28 20:00:00,0,21,156,170,0,3.6,1.1,0.0,0,0,0,0,0,1,0,0,1
2023-11-28 21:00:00,0,22,104,140,0,3.6,1.1,0.0,0,0,0,0,0,1,0,0,1
2023-11-28 22:00:00,0,23,91,110,0,3.6,1.1,0.0,0,0,0,0,0,1,0,0,1
2023-11-28 23:00:00,0,0,72,93,0,3.6,1.1,0.0,0,0,0,0,0,1,0,0,1
2023-11-28 06:00:00,0,7,86,84,0,3.6,1.1,0.0,0,0,0,0,0,1,0,0,1
2023-11-28 00:00:00,0,1,96,54,0,3.6,1.1,0.0,0,0,0,0,0,1,0,0,1
2023-11-28 05:00:00,0,6,32,51,0,3.6,1.1,0.0,0,0,0,0,0,1,0,0,1
2023-11-27 06:00:00,2,7,87,28,0,4.8,5.5,2.4,0,1,0,0,0,0,0,0,1
2023-11-28 04:00:00,0,5,7,16,0,3.6,1.1,0.0,0,0,0,0,0,1,0,0,1
2023-11-27 16:00:00,1,17,303,480,0,4.8,5.5,2.4,0,1,0,0,0,0,0,0,1
2023-11-27 17:00:00,0,18,206,396,0,4.8,5.5,2.4,0,1,0,0,0,0,0,0,1
2023-11-27 18:00:00,0,19,183,341,0,4.8,5.5,2.4,0,1,0,0,0,0,0,0,1
2023-11-27 19:00:00,0,20,175,224,0,4.8,5.5,2.4,0,1,0,0,0,0,0,0,1
2023-11-27 07:00:00,0,8,248,181,0,4.8,5.5,2.4,0,1,0,0,0,0,0,0,1
2023-11-27 20:00:00,0,21,178,150,0,4.8,5.5,2.4,0,1,0,0,0,0,0,0,1
2023-11-27 21:00:00,0,22,132,138,0,4.8,5.5,2.4,0,1,0,0,0,0,0,0,1
2023-11-27 22:00:00,0,23,110,106,0,4.8,5.5,2.4,0,1,0,0,0,0,0,0,1
2023-11-27 23:00:00,0,0,60,80,0,4.8,5.5,2.4,0,1,0,0,0,0,0,0,1
2023-11-30 11:00:00,0,12,1197,641,1,2.2,-0.7,0.0,0,0,0,0,1,0,0,0,1
2023-11-30 17:00:00,0,18,410,500,1,2.2,-0.7,0.0,0,0,0,0,1,0,0,0,1
2023-11-30 07:00:00,0,8,280,187,1,2.2,-0.7,0.0,0,0,0,0,1,0,0,0,1
2023-11-30 20:00:00,0,21,251,146,1,2.2,-0.7,0.0,0,0,0,0,1,0,0,0,1
2023-11-30 22:00:00,0,23,84,96,1,2.2,-0.7,0.0,0,0,0,0,1,0,0,0,1
2023-11-30 13:00:00,5,14,976,353,1,2.2,-0.7,0.0,0,0,0,0,1,0,0,0,1
2023-11-29 10:00:00,3,11,1443,432,0,4.5,-0.7,0.0,0,0,0,0,0,0,1,0,1
2023-11-29 13:00:00,1,14,1362,491,0,4.5,-0.7,0.0,0,0,0,0,0,0,1,0,1
2023-11-29 16:00:00,1,17,578,489,0,4.5,-0.7,0.0,0,0,0,0,0,0,1,0,1
2023-11-29 11:00:00,1,12,1740,476,0,4.5,-0.7,0.0,0,0,0,0,0,0,1,0,1
2023-11-29 14:00:00,1,15,1453,448,0,4.5,-0.7,0.0,0,0,0,0,0,0,1,0,1
2023-11-29 09:00:00,1,10,941,430,0,4.5,-0.7,0.0,0,0,0,0,0,0,1,0,1
2023-11-29 15:00:00,1,16,1199,394,0,4.5,-0.7,0.0,0,0,0,0,0,0,1,0,1
2023-11-29 07:00:00,1,8,261,182,0,4.5,-0.7,0.0,0,0,0,0,0,0,1,0,1
2023-11-30 02:00:00,0,3,52,25,1,2.2,-0.7,0.0,0,0,0,0,1,0,0,0,1
2023-11-29 04:00:00,0,5,12,9,0,4.5,-0.7,0.0,0,0,0,0,0,0,1,0,1
2023-11-30 10:00:00,4,11,372,594,1,2.2,-0.7,0.0,0,0,0,0,1,0,0,0,1
2023-11-30 01:00:00,0,2,28,18,1,2.2,-0.7,0.0,0,0,0,0,1,0,0,0,1
2023-11-30 05:00:00,0,6,38,15,1,2.2,-0.7,0.0,0,0,0,0,1,0,0,0,1
2023-11-30 00:00:00,0,1,82,12,1,2.2,-0.7,0.0,0,0,0,0,1,0,0,0,1
2023-11-30 04:00:00,0,5,10,4,1,2.2,-0.7,0.0,0,0,0,0,1,0,0,0,1
2023-11-30 03:00:00,0,4,17,3,1,2.2,-0.7,0.0,0,0,0,0,1,0,0,0,1
2023-11-30 14:00:00,10,15,752,295,1,2.2,-0.7,0.0,0,0,0,0,1,0,0,0,1
2023-11-30 12:00:00,2,13,1624,533,1,2.2,-0.7,0.0,0,0,0,0,1,0,0,0,1
2023-11-30 18:00:00,2,19,367,283,1,2.2,-0.7,0.0,0,0,0,0,1,0,0,0,1
2023-11-30 16:00:00,1,17,633,506,1,2.2,-0.7,0.0,0,0,0,0,1,0,0,0,1
2023-11-30 08:00:00,1,9,574,341,1,2.2,-0.7,0.0,0,0,0,0,1,0,0,0,1
2023-11-30 19:00:00,1,20,424,145,1,2.2,-0.7,0.0,0,0,0,0,1,0,0,0,1
2023-11-30 23:00:00,1,0,93,94,1,2.2,-0.7,0.0,0,0,0,0,1,0,0,0,1
2023-11-30 21:00:00,1,22,112,58,1,2.2,-0.7,0.0,0,0,0,0,1,0,0,0,1
2023-11-30 06:00:00,1,7,71,35,1,2.2,-0.7,0.0,0,0,0,0,1,0,0,0,1
2023-11-30 15:00:00,7,16,1138,544,1,2.2,-0.7,0.0,0,0,0,0,1,0,0,0,1
2023-11-30 09:00:00,6,10,467,407,1,2.2,-0.7,0.0,0,0,0,0,1,0,0,0,1
2023-11-29 17:00:00,0,18,486,483,0,4.5,-0.7,0.0,0,0,0,0,0,0,1,0,1
2023-11-29 12:00:00,0,13,1487,462,0,4.5,-0.7,0.0,0,0,0,0,0,0,1,0,1
2023-11-29 18:00:00,0,19,397,394,0,4.5,-0.7,0.0,0,0,0,0,0,0,1,0,1
2023-11-29 08:00:00,0,9,744,327,0,4.5,-0.7,0.0,0,0,0,0,0,0,1,0,1
2023-11-29 19:00:00,0,20,308,289,0,4.5,-0.7,0.0,0,0,0,0,0,0,1,0,1
2023-11-29 20:00:00,0,21,279,211,0,4.5,-0.7,0.0,0,0,0,0,0,0,1,0,1
2023-11-29 22:00:00,0,23,242,185,0,4.5,-0.7,0.0,0,0,0,0,0,0,1,0,1
2023-11-29 21:00:00,0,22,294,148,0,4.5,-0.7,0.0,0,0,0,0,0,0,1,0,1
2023-11-29 06:00:00,0,7,63,84,0,4.5,-0.7,0.0,0,0,0,0,0,0,1,0,1
2023-11-29 00:00:00,0,1,82,60,0,4.5,-0.7,0.0,0,0,0,0,0,0,1,0,1
2023-11-29 23:00:00,0,0,94,50,0,4.5,-0.7,0.0,0,0,0,0,0,0,1,0,1
2023-11-29 05:00:00,0,6,49,48,0,4.5,-0.7,0.0,0,0,0,0,0,0,1,0,1
2023-11-29 01:00:00,0,2,36,48,0,4.5,-0.7,0.0,0,0,0,0,0,0,1,0,1
2023-11-29 02:00:00,0,3,51,44,0,4.5,-0.7,0.0,0,0,0,0,0,0,1,0,1
2023-11-29 03:00:00,0,4,20,28,0,4.5,-0.7,0.0,0,0,0,0,0,0,1,0,1
2023-10-01 11:00:00,4,12,601,271,0,13.6,8.9,0.5,0,0,0,1,0,0,0,1,0
2023-10-01 18:00:00,4,19,563,222,0,13.6,8.9,0.5,0,0,0,1,0,0,0,1,0
2023-10-01 17:00:00,3,18,755,271,0,13.6,8.9,0.5,0,0,0,1,0,0,0,1,0
2023-10-01 21:00:00,3,22,191,167,0,13.6,8.9,0.5,0,0,0,1,0,0,0,1,0
2023-10-01 22:00:00,3,23,191,163,0,13.6,8.9,0.5,0,0,0,1,0,0,0,1,0
2023-10-01 08:00:00,3,9,99,23,0,13.6,8.9,0.5,0,0,0,1,0,0,0,1,0
2023-10-02 22:00:00,5,23,146,125,0,16.2,8.0,0.0,0,1,0,0,0,0,0,1,0
2023-10-01 02:00:00,2,3,331,131,0,13.6,8.9,0.5,0,0,0,1,0,0,0,1,0
2023-10-01 03:00:00,2,4,274,109,0,13.6,8.9,0.5,0,0,0,1,0,0,0,1,0
2023-10-01 07:00:00,2,8,105,31,0,13.6,8.9,0.5,0,0,0,1,0,0,0,1,0
2023-10-02 13:00:00,4,14,1891,449,0,16.2,8.0,0.0,0,1,0,0,0,0,0,1,0
2023-10-02 20:00:00,4,21,256,197,0,16.2,8.0,0.0,0,1,0,0,0,0,0,1,0
2023-10-02 12:00:00,3,13,1858,487,0,16.2,8.0,0.0,0,1,0,0,0,0,0,1,0
2023-10-02 03:00:00,2,4,14,19,0,16.2,8.0,0.0,0,1,0,0,0,0,0,1,0
2023-10-02 00:00:00,2,1,153,18,0,16.2,8.0,0.0,0,1,0,0,0,0,0,1,0
2023-10-02 04:00:00,2,5,7,12,0,16.2,8.0,0.0,0,1,0,0,0,0,0,1,0
2023-10-02 08:00:00,1,9,761,303,0,16.2,8.0,0.0,0,1,0,0,0,0,0,1,0
2023-10-02 07:00:00,1,8,366,185,0,16.2,8.0,0.0,0,1,0,0,0,0,0,1,0
2023-10-02 21:00:00,1,22,215,142,0,16.2,8.0,0.0,0,1,0,0,0,0,0,1,0
2023-10-02 01:00:00,1,2,117,51,0,16.2,8.0,0.0,0,1,0,0,0,0,0,1,0
2023-10-02 05:00:00,1,6,37,31,0,16.2,8.0,0.0,0,1,0,0,0,0,0,1,0
2023-10-01 14:00:00,10,15,457,281,0,13.6,8.9,0.5,0,0,0,1,0,0,0,1,0
2023-10-02 23:00:00,0,0,54,101,0,16.2,8.0,0.0,0,1,0,0,0,0,0,1,0
2023-10-02 06:00:00,0,7,103,100,0,16.2,8.0,0.0,0,1,0,0,0,0,0,1,0
2023-10-02 15:00:00,13,16,1327,490,0,16.2,8.0,0.0,0,1,0,0,0,0,0,1,0
2023-10-01 20:00:00,9,21,266,211,0,13.6,8.9,0.5,0,0,0,1,0,0,0,1,0
2023-10-02 02:00:00,0,3,296,47,0,16.2,8.0,0.0,0,1,0,0,0,0,0,1,0
2023-10-01 10:00:00,9,11,241,84,0,13.6,8.9,0.5,0,0,0,1,0,0,0,1,0
2023-10-01 13:00:00,8,14,945,311,0,13.6,8.9,0.5,0,0,0,1,0,0,0,1,0
2023-10-01 15:00:00,8,16,725,306,0,13.6,8.9,0.5,0,0,0,1,0,0,0,1,0
2023-10-02 10:00:00,10,11,1423,405,0,16.2,8.0,0.0,0,1,0,0,0,0,0,1,0
2023-10-01 12:00:00,8,13,789,305,0,13.6,8.9,0.5,0,0,0,1,0,0,0,1,0
2023-10-01 00:00:00,6,1,506,94,0,13.6,8.9,0.5,0,0,0,1,0,0,0,1,0
2023-10-01 09:00:00,6,10,210,55,0,13.6,8.9,0.5,0,0,0,1,0,0,0,1,0
2023-10-01 16:00:00,5,17,740,268,0,13.6,8.9,0.5,0,0,0,1,0,0,0,1,0
2023-10-02 11:00:00,8,12,1863,434,0,16.2,8.0,0.0,0,1,0,0,0,0,0,1,0
2023-10-02 19:00:00,8,20,365,264,0,16.2,8.0,0.0,0,1,0,0,0,0,0,1,0
2023-10-02 16:00:00,7,17,1473,410,0,16.2,8.0,0.0,0,1,0,0,0,0,0,1,0
2023-10-02 17:00:00,7,18,1402,401,0,16.2,8.0,0.0,0,1,0,0,0,0,0,1,0
2023-10-02 18:00:00,7,19,686,308,0,16.2,8.0,0.0,0,1,0,0,0,0,0,1,0
2023-10-02 09:00:00,7,10,988,292,0,16.2,8.0,0.0,0,1,0,0,0,0,0,1,0
2023-10-02 14:00:00,5,15,1376,487,0,16.2,8.0,0.0,0,1,0,0,0,0,0,1,0
2023-10-01 19:00:00,1,20,276,195,0,13.6,8.9,0.5,0,0,0,1,0,0,0,1,0
2023-10-01 01:00:00,1,2,342,94,0,13.6,8.9,0.5,0,0,0,1,0,0,0,1,0
2023-10-01 23:00:00,1,0,135,59,0,13.6,8.9,0.5,0,0,0,1,0,0,0,1,0
2023-10-01 04:00:00,1,5,23,55,0,13.6,8.9,0.5,0,0,0,1,0,0,0,1,0
2023-10-01 06:00:00,1,7,34,18,0,13.6,8.9,0.5,0,0,0,1,0,0,0,1,0
2023-10-01 05:00:00,0,6,21,34,0,13.6,8.9,0.5,0,0,0,1,0,0,0,1,0
2023-10-04 02:00:00,0,3,73,50,0,16.2,8.2,0.0,0,0,0,0,0,0,1,1,0
2023-10-04 23:00:00,0,0,121,26,0,16.2,8.2,0.0,0,0,0,0,0,0,1,1,0
2023-10-04 04:00:00,0,5,54,23,0,16.2,8.2,0.0,0,0,0,0,0,0,1,1,0
2023-10-03 21:00:00,1,22,220,155,0,13.8,8.2,1.1,0,0,0,0,0,1,0,1,0
2023-10-04 03:00:00,0,4,24,21,0,16.2,8.2,0.0,0,0,0,0,0,0,1,1,0
2023-10-03 23:00:00,1,0,129,102,0,13.8,8.2,1.1,0,0,0,0,0,1,0,1,0
2023-10-04 17:00:00,11,18,811,359,0,16.2,8.2,0.0,0,0,0,0,0,0,1,1,0
2023-10-04 16:00:00,8,17,952,454,0,16.2,8.2,0.0,0,0,0,0,0,0,1,1,0
2023-10-04 12:00:00,7,13,695,581,0,16.2,8.2,0.0,0,0,0,0,0,0,1,1,0
2023-10-04 15:00:00,6,16,1145,529,0,16.2,8.2,0.0,0,0,0,0,0,0,1,1,0
2023-10-04 10:00:00,6,11,1324,445,0,16.2,8.2,0.0,0,0,0,0,0,0,1,1,0
2023-10-04 14:00:00,6,15,1111,347,0,16.2,8.2,0.0,0,0,0,0,0,0,1,1,0
2023-10-04 11:00:00,5,12,1730,476,0,16.2,8.2,0.0,0,0,0,0,0,0,1,1,0
2023-10-04 18:00:00,5,19,511,283,0,16.2,8.2,0.0,0,0,0,0,0,0,1,1,0
2023-10-04 08:00:00,4,9,700,302,0,16.2,8.2,0.0,0,0,0,0,0,0,1,1,0
2023-10-04 19:00:00,4,20,291,173,0,16.2,8.2,0.0,0,0,0,0,0,0,1,1,0
2023-10-04 13:00:00,3,14,930,450,0,16.2,8.2,0.0,0,0,0,0,0,0,1,1,0
2023-10-04 09:00:00,3,10,878,407,0,16.2,8.2,0.0,0,0,0,0,0,0,1,1,0
2023-10-03 14:00:00,8,15,1342,484,0,13.8,8.2,1.1,0,0,0,0,0,1,0,1,0
2023-10-05 14:00:00,8,15,1705,497,0,18.0,6.0,5.1,0,0,0,0,1,0,0,1,0
2023-10-05 08:00:00,6,9,776,300,0,18.0,6.0,5.1,0,0,0,0,1,0,0,1,0
2023-10-05 10:00:00,5,11,1371,417,0,18.0,6.0,5.1,0,0,0,0,1,0,0,1,0
2023-10-05 16:00:00,5,17,1123,410,0,18.0,6.0,5.1,0,0,0,0,1,0,0,1,0
2023-10-03 15:00:00,15,16,1056,411,0,13.8,8.2,1.1,0,0,0,0,0,1,0,1,0
2023-10-03 17:00:00,12,18,1156,395,0,13.8,8.2,1.1,0,0,0,0,0,1,0,1,0
2023-10-03 11:00:00,11,12,1293,420,0,13.8,8.2,1.1,0,0,0,0,0,1,0,1,0
2023-10-03 18:00:00,10,19,789,340,0,13.8,8.2,1.1,0,0,0,0,0,1,0,1,0
2023-10-03 16:00:00,9,17,1190,473,0,13.8,8.2,1.1,0,0,0,0,0,1,0,1,0
2023-10-03 12:00:00,9,13,1425,457,0,13.8,8.2,1.1,0,0,0,0,0,1,0,1,0
2023-10-03 08:00:00,9,9,631,324,0,13.8,8.2,1.1,0,0,0,0,0,1,0,1,0
2023-10-03 09:00:00,7,10,884,387,0,13.8,8.2,1.1,0,0,0,0,0,1,0,1,0
2023-10-04 07:00:00,2,8,375,220,0,16.2,8.2,0.0,0,0,0,0,0,0,1,1,0
2023-10-04 20:00:00,2,21,243,106,0,16.2,8.2,0.0,0,0,0,0,0,0,1,1,0
2023-10-04 21:00:00,2,22,161,87,0,16.2,8.2,0.0,0,0,0,0,0,0,1,1,0
2023-10-03 13:00:00,6,14,1348,454,0,13.8,8.2,1.1,0,0,0,0,0,1,0,1,0
2023-10-03 00:00:00,0,1,59,42,0,13.8,8.2,1.1,0,0,0,0,0,1,0,1,0
2023-10-03 01:00:00,0,2,39,34,0,13.8,8.2,1.1,0,0,0,0,0,1,0,1,0
2023-10-03 02:00:00,0,3,39,30,0,13.8,8.2,1.1,0,0,0,0,0,1,0,1,0
2023-10-03 03:00:00,0,4,39,19,0,13.8,8.2,1.1,0,0,0,0,0,1,0,1,0
2023-10-03 04:00:00,0,5,13,17,0,13.8,8.2,1.1,0,0,0,0,0,1,0,1,0
2023-10-03 10:00:00,3,11,1037,429,0,13.8,8.2,1.1,0,0,0,0,0,1,0,1,0
2023-10-03 19:00:00,3,20,298,299,0,13.8,8.2,1.1,0,0,0,0,0,1,0,1,0
2023-10-03 07:00:00,2,8,321,191,0,13.8,8.2,1.1,0,0,0,0,0,1,0,1,0
2023-10-03 22:00:00,2,23,160,146,0,13.8,8.2,1.1,0,0,0,0,0,1,0,1,0
2023-10-03 06:00:00,2,7,112,92,0,13.8,8.2,1.1,0,0,0,0,0,1,0,1,0
2023-10-03 05:00:00,2,6,26,64,0,13.8,8.2,1.1,0,0,0,0,0,1,0,1,0
2023-10-03 20:00:00,1,21,243,212,0,13.8,8.2,1.1,0,0,0,0,0,1,0,1,0
2023-10-04 06:00:00,0,7,89,102,0,16.2,8.2,0.0,0,0,0,0,0,0,1,1,0
2023-10-04 22:00:00,0,23,124,70,0,16.2,8.2,0.0,0,0,0,0,0,0,1,1,0
2023-10-04 00:00:00,0,1,86,70,0,16.2,8.2,0.0,0,0,0,0,0,0,1,1,0
2023-10-04 01:00:00,0,2,59,62,0,16.2,8.2,0.0,0,0,0,0,0,0,1,1,0
2023-10-04 05:00:00,0,6,35,61,0,16.2,8.2,0.0,0,0,0,0,0,0,1,1,0
2023-10-06 19:00:00,3,20,277,327,0,11.0,10.5,28.3,1,0,0,0,0,0,0,1,0
2023-10-06 21:00:00,3,22,141,214,0,11.0,10.5,28.3,1,0,0,0,0,0,0,1,0
2023-10-06 08:00:00,2,9,584,310,0,11.0,10.5,28.3,1,0,0,0,0,0,0,1,0
2023-10-06 20:00:00,2,21,219,200,0,11.0,10.5,28.3,1,0,0,0,0,0,0,1,0
2023-10-06 22:00:00,2,23,124,76,0,11.0,10.5,28.3,1,0,0,0,0,0,0,1,0
2023-10-06 06:00:00,1,7,143,89,0,11.0,10.5,28.3,1,0,0,0,0,0,0,1,0
2023-10-06 01:00:00,1,2,27,41,0,11.0,10.5,28.3,1,0,0,0,0,0,0,1,0
2023-10-06 02:00:00,1,3,29,39,0,11.0,10.5,28.3,1,0,0,0,0,0,0,1,0
2023-10-06 23:00:00,0,0,141,139,0,11.0,10.5,28.3,1,0,0,0,0,0,0,1,0
2023-10-06 00:00:00,0,1,113,67,0,11.0,10.5,28.3,1,0,0,0,0,0,0,1,0
2023-10-06 05:00:00,0,6,64,58,0,11.0,10.5,28.3,1,0,0,0,0,0,0,1,0
2023-10-06 04:00:00,0,5,11,24,0,11.0,10.5,28.3,1,0,0,0,0,0,0,1,0
2023-10-06 03:00:00,0,4,9,18,0,11.0,10.5,28.3,1,0,0,0,0,0,0,1,0
2023-10-06 15:00:00,18,16,1287,437,0,11.0,10.5,28.3,1,0,0,0,0,0,0,1,0
2023-10-07 08:00:00,3,9,305,89,0,14.6,9.5,56.3,0,0,1,0,0,0,0,1,0
2023-10-07 17:00:00,12,18,739,396,0,14.6,9.5,56.3,0,0,1,0,0,0,0,1,0
2023-10-07 13:00:00,11,14,861,552,0,14.6,9.5,56.3,0,0,1,0,0,0,0,1,0
2023-10-07 14:00:00,10,15,907,543,0,14.6,9.5,56.3,0,0,1,0,0,0,0,1,0
2023-10-07 15:00:00,10,16,986,470,0,14.6,9.5,56.3,0,0,1,0,0,0,0,1,0
2023-10-06 16:00:00,15,17,1414,484,0,11.0,10.5,28.3,1,0,0,0,0,0,0,1,0
2023-10-07 03:00:00,2,4,302,82,0,14.6,9.5,56.3,0,0,1,0,0,0,0,1,0
2023-10-06 12:00:00,11,13,1294,512,0,11.0,10.5,28.3,1,0,0,0,0,0,0,1,0
2023-10-07 01:00:00,2,2,282,81,0,14.6,9.5,56.3,0,0,1,0,0,0,0,1,0
2023-10-06 13:00:00,11,14,1386,503,0,11.0,10.5,28.3,1,0,0,0,0,0,0,1,0
2023-10-07 16:00:00,5,17,1001,563,0,14.6,9.5,56.3,0,0,1,0,0,0,0,1,0
2023-10-07 09:00:00,5,10,557,294,0,14.6,9.5,56.3,0,0,1,0,0,0,0,1,0
2023-10-07 10:00:00,4,11,829,512,0,14.6,9.5,56.3,0,0,1,0,0,0,0,1,0
2023-10-07 12:00:00,3,13,795,630,0,14.6,9.5,56.3,0,0,1,0,0,0,0,1,0
2023-10-07 11:00:00,3,12,905,526,0,14.6,9.5,56.3,0,0,1,0,0,0,0,1,0
2023-10-07 18:00:00,3,19,342,365,0,14.6,9.5,56.3,0,0,1,0,0,0,0,1,0
2023-10-06 14:00:00,8,15,1056,931,0,11.0,10.5,28.3,1,0,0,0,0,0,0,1,0
2023-10-06 11:00:00,8,12,976,467,0,11.0,10.5,28.3,1,0,0,0,0,0,0,1,0
2023-10-06 09:00:00,8,10,796,408,0,11.0,10.5,28.3,1,0,0,0,0,0,0,1,0
2023-10-06 18:00:00,7,19,836,416,0,11.0,10.5,28.3,1,0,0,0,0,0,0,1,0
2023-10-06 17:00:00,6,18,1683,498,0,11.0,10.5,28.3,1,0,0,0,0,0,0,1,0
2023-10-06 10:00:00,6,11,834,494,0,11.0,10.5,28.3,1,0,0,0,0,0,0,1,0
2023-10-07 20:00:00,1,21,178,101,0,14.6,9.5,56.3,0,0,1,0,0,0,0,1,0
2023-10-07 21:00:00,1,22,152,96,0,14.6,9.5,56.3,0,0,1,0,0,0,0,1,0
2023-10-07 06:00:00,1,7,74,11,0,14.6,9.5,56.3,0,0,1,0,0,0,0,1,0
2023-10-06 07:00:00,5,8,286,219,0,11.0,10.5,28.3,1,0,0,0,0,0,0,1,0
2023-10-05 06:00:00,0,7,100,270,0,18.0,6.0,5.1,0,0,0,0,1,0,0,1,0
2023-10-05 20:00:00,0,21,220,199,0,18.0,6.0,5.1,0,0,0,0,1,0,0,1,0
2023-10-05 21:00:00,0,22,212,179,0,18.0,6.0,5.1,0,0,0,0,1,0,0,1,0
2023-10-05 22:00:00,0,23,194,144,0,18.0,6.0,5.1,0,0,0,0,1,0,0,1,0
2023-10-05 04:00:00,0,5,24,87,0,18.0,6.0,5.1,0,0,0,0,1,0,0,1,0
2023-10-05 03:00:00,0,4,10,48,0,18.0,6.0,5.1,0,0,0,0,1,0,0,1,0
2023-10-05 11:00:00,4,12,1489,448,0,18.0,6.0,5.1,0,0,0,0,1,0,0,1,0
2023-10-05 18:00:00,4,19,650,393,0,18.0,6.0,5.1,0,0,0,0,1,0,0,1,0
2023-10-05 15:00:00,3,16,1700,460,0,18.0,6.0,5.1,0,0,0,0,1,0,0,1,0
2023-10-05 09:00:00,3,10,1130,370,0,18.0,6.0,5.1,0,0,0,0,1,0,0,1,0
2023-10-05 23:00:00,2,0,103,37,0,18.0,6.0,5.1,0,0,0,0,1,0,0,1,0
2023-10-05 13:00:00,1,14,1336,513,0,18.0,6.0,5.1,0,0,0,0,1,0,0,1,0
2023-10-05 12:00:00,1,13,1613,472,0,18.0,6.0,5.1,0,0,0,0,1,0,0,1,0
2023-10-05 17:00:00,1,18,1107,462,0,18.0,6.0,5.1,0,0,0,0,1,0,0,1,0
2023-10-05 19:00:00,1,20,254,241,0,18.0,6.0,5.1,0,0,0,0,1,0,0,1,0
2023-10-05 05:00:00,1,6,40,213,0,18.0,6.0,5.1,0,0,0,0,1,0,0,1,0
2023-10-05 07:00:00,1,8,485,210,0,18.0,6.0,5.1,0,0,0,0,1,0,0,1,0
2023-10-05 02:00:00,1,3,298,38,0,18.0,6.0,5.1,0,0,0,0,1,0,0,1,0
2023-10-05 00:00:00,1,1,107,32,0,18.0,6.0,5.1,0,0,0,0,1,0,0,1,0
2023-10-05 01:00:00,1,2,76,15,0,18.0,6.0,5.1,0,0,0,0,1,0,0,1,0
2023-10-08 17:00:00,0,18,594,271,0,17.6,8.5,5.4,0,0,0,1,0,0,0,1,0
2023-10-08 10:00:00,0,11,461,203,0,17.6,8.5,5.4,0,0,0,1,0,0,0,1,0
2023-10-08 19:00:00,0,20,233,171,0,17.6,8.5,5.4,0,0,0,1,0,0,0,1,0
2023-10-08 09:00:00,0,10,190,118,0,17.6,8.5,5.4,0,0,0,1,0,0,0,1,0
2023-10-08 12:00:00,4,13,338,172,0,17.6,8.5,5.4,0,0,0,1,0,0,0,1,0
2023-10-08 08:00:00,0,9,249,103,0,17.6,8.5,5.4,0,0,0,1,0,0,0,1,0
2023-10-08 03:00:00,0,4,190,88,0,17.6,8.5,5.4,0,0,0,1,0,0,0,1,0
2023-10-08 22:00:00,0,23,192,87,0,17.6,8.5,5.4,0,0,0,1,0,0,0,1,0
2023-10-08 14:00:00,11,15,253,77,0,17.6,8.5,5.4,0,0,0,1,0,0,0,1,0
2023-10-07 05:00:00,0,6,34,15,0,14.6,9.5,56.3,0,0,1,0,0,0,0,1,0
2023-10-08 11:00:00,2,12,833,257,0,17.6,8.5,5.4,0,0,0,1,0,0,0,1,0
2023-10-08 18:00:00,2,19,438,167,0,17.6,8.5,5.4,0,0,0,1,0,0,0,1,0
2023-10-08 01:00:00,2,2,306,109,0,17.6,8.5,5.4,0,0,0,1,0,0,0,1,0
2023-10-08 16:00:00,1,17,562,235,0,17.6,8.5,5.4,0,0,0,1,0,0,0,1,0
2023-10-08 00:00:00,1,1,332,126,0,17.6,8.5,5.4,0,0,0,1,0,0,0,1,0
2023-10-08 21:00:00,1,22,175,122,0,17.6,8.5,5.4,0,0,0,1,0,0,0,1,0
2023-10-08 20:00:00,1,21,141,122,0,17.6,8.5,5.4,0,0,0,1,0,0,0,1,0
2023-10-08 02:00:00,1,3,336,76,0,17.6,8.5,5.4,0,0,0,1,0,0,0,1,0
2023-10-07 04:00:00,0,5,13,15,0,14.6,9.5,56.3,0,0,1,0,0,0,0,1,0
2023-10-08 07:00:00,0,8,104,74,0,17.6,8.5,5.4,0,0,0,1,0,0,0,1,0
2023-10-08 06:00:00,0,7,11,72,0,17.6,8.5,5.4,0,0,0,1,0,0,0,1,0
2023-10-08 13:00:00,10,14,214,89,0,17.6,8.5,5.4,0,0,0,1,0,0,0,1,0
2023-10-08 23:00:00,0,0,174,66,0,17.6,8.5,5.4,0,0,0,1,0,0,0,1,0
2023-10-09 18:00:00,9,19,671,281,0,18.0,8.1,0.0,0,1,0,0,0,0,0,1,0
2023-10-08 15:00:00,5,16,236,120,0,17.6,8.5,5.4,0,0,0,1,0,0,0,1,0
2023-10-09 14:00:00,22,15,1009,172,0,18.0,8.1,0.0,0,1,0,0,0,0,0,1,0
2023-10-08 04:00:00,0,5,10,47,0,17.6,8.5,5.4,0,0,0,1,0,0,0,1,0
2023-10-09 09:00:00,21,10,593,132,0,18.0,8.1,0.0,0,1,0,0,0,0,0,1,0
2023-10-08 05:00:00,0,6,15,42,0,17.6,8.5,5.4,0,0,0,1,0,0,0,1,0
2023-10-09 16:00:00,8,17,1282,394,0,18.0,8.1,0.0,0,1,0,0,0,0,0,1,0
2023-10-09 08:00:00,2,9,626,290,0,18.0,8.1,0.0,0,1,0,0,0,0,0,1,0
2023-10-07 19:00:00,0,20,191,166,0,14.6,9.5,56.3,0,0,1,0,0,0,0,1,0
2023-10-07 23:00:00,0,0,176,153,0,14.6,9.5,56.3,0,0,1,0,0,0,0,1,0
2023-10-07 22:00:00,0,23,124,77,0,14.6,9.5,56.3,0,0,1,0,0,0,0,1,0
2023-10-07 00:00:00,0,1,198,73,0,14.6,9.5,56.3,0,0,1,0,0,0,0,1,0
2023-10-07 02:00:00,0,3,166,70,0,14.6,9.5,56.3,0,0,1,0,0,0,0,1,0
2023-10-07 07:00:00,0,8,118,50,0,14.6,9.5,56.3,0,0,1,0,0,0,0,1,0
2023-10-09 13:00:00,19,14,987,148,0,18.0,8.1,0.0,0,1,0,0,0,0,0,1,0
2023-10-09 15:00:00,16,16,937,198,0,18.0,8.1,0.0,0,1,0,0,0,0,0,1,0
2023-10-09 11:00:00,13,12,862,145,0,18.0,8.1,0.0,0,1,0,0,0,0,0,1,0
2023-10-09 12:00:00,12,13,845,144,0,18.0,8.1,0.0,0,1,0,0,0,0,0,1,0
2023-10-09 10:00:00,12,11,528,136,0,18.0,8.1,0.0,0,1,0,0,0,0,0,1,0
2023-10-09 17:00:00,11,18,1078,335,0,18.0,8.1,0.0,0,1,0,0,0,0,0,1,0
2023-10-10 14:00:00,5,15,2013,479,0,13.1,12.8,0.0,0,0,0,0,0,1,0,1,0
2023-10-10 13:00:00,5,14,1829,458,0,13.1,12.8,0.0,0,0,0,0,0,1,0,1,0
2023-10-10 09:00:00,5,10,887,351,0,13.1,12.8,0.0,0,0,0,0,0,1,0,1,0
2023-10-10 06:00:00,1,7,107,98,0,13.1,12.8,0.0,0,0,0,0,0,1,0,1,0
2023-10-10 11:00:00,3,12,1717,477,0,13.1,12.8,0.0,0,0,0,0,0,1,0,1,0
2023-10-10 02:00:00,3,3,26,30,0,13.1,12.8,0.0,0,0,0,0,0,1,0,1,0
2023-10-10 10:00:00,2,11,1359,436,0,13.1,12.8,0.0,0,0,0,0,0,1,0,1,0
2023-10-10 08:00:00,2,9,672,278,0,13.1,12.8,0.0,0,0,0,0,0,1,0,1,0
2023-10-10 21:00:00,2,22,267,147,0,13.1,12.8,0.0,0,0,0,0,0,1,0,1,0
2023-10-10 20:00:00,2,21,183,131,0,13.1,12.8,0.0,0,0,0,0,0,1,0,1,0
2023-10-09 07:00:00,2,8,333,224,0,18.0,8.1,0.0,0,1,0,0,0,0,0,1,0
2023-10-09 19:00:00,2,20,304,214,0,18.0,8.1,0.0,0,1,0,0,0,0,0,1,0
2023-10-10 00:00:00,1,1,89,38,0,13.1,12.8,0.0,0,0,0,0,0,1,0,1,0
2023-10-10 07:00:00,0,8,412,194,0,13.1,12.8,0.0,0,0,0,0,0,1,0,1,0
2023-10-10 22:00:00,0,23,182,135,0,13.1,12.8,0.0,0,0,0,0,0,1,0,1,0
2023-10-10 19:00:00,0,20,134,107,0,13.1,12.8,0.0,0,0,0,0,0,1,0,1,0
2023-10-10 23:00:00,0,0,111,68,0,13.1,12.8,0.0,0,0,0,0,0,1,0,1,0
2023-10-10 05:00:00,0,6,54,50,0,13.1,12.8,0.0,0,0,0,0,0,1,0,1,0
2023-10-10 01:00:00,0,2,31,34,0,13.1,12.8,0.0,0,0,0,0,0,1,0,1,0
2023-10-10 04:00:00,0,5,14,27,0,13.1,12.8,0.0,0,0,0,0,0,1,0,1,0
2023-10-10 03:00:00,0,4,14,18,0,13.1,12.8,0.0,0,0,0,0,0,1,0,1,0
2023-10-11 13:00:00,4,14,1381,503,0,12.0,7.3,0.0,0,0,0,0,0,0,1,1,0
2023-10-10 17:00:00,15,18,379,187,0,13.1,12.8,0.0,0,0,0,0,0,1,0,1,0
2023-10-11 11:00:00,4,12,1186,489,0,12.0,7.3,0.0,0,0,0,0,0,0,1,1,0
2023-10-11 17:00:00,13,18,412,177,0,12.0,7.3,0.0,0,0,0,0,0,0,1,1,0
2023-10-09 20:00:00,1,21,320,162,0,18.0,8.1,0.0,0,1,0,0,0,0,0,1,0
2023-10-09 23:00:00,1,0,138,112,0,18.0,8.1,0.0,0,1,0,0,0,0,0,1,0
2023-10-09 22:00:00,1,23,183,109,0,18.0,8.1,0.0,0,1,0,0,0,0,0,1,0
2023-10-09 00:00:00,1,1,89,52,0,18.0,8.1,0.0,0,1,0,0,0,0,0,1,0
2023-10-09 03:00:00,1,4,34,42,0,18.0,8.1,0.0,0,1,0,0,0,0,0,1,0
2023-10-09 21:00:00,0,22,244,142,0,18.0,8.1,0.0,0,1,0,0,0,0,0,1,0
2023-10-09 06:00:00,0,7,96,97,0,18.0,8.1,0.0,0,1,0,0,0,0,0,1,0
2023-10-09 05:00:00,0,6,42,52,0,18.0,8.1,0.0,0,1,0,0,0,0,0,1,0
2023-10-09 01:00:00,0,2,94,50,0,18.0,8.1,0.0,0,1,0,0,0,0,0,1,0
2023-10-09 02:00:00,0,3,247,38,0,18.0,8.1,0.0,0,1,0,0,0,0,0,1,0
2023-10-09 04:00:00,0,5,8,27,0,18.0,8.1,0.0,0,1,0,0,0,0,0,1,0
2023-10-11 18:00:00,12,19,250,113,0,12.0,7.3,0.0,0,0,0,0,0,0,1,1,0
2023-10-11 14:00:00,3,15,753,511,0,12.0,7.3,0.0,0,0,0,0,0,0,1,1,0
2023-10-11 09:00:00,46,10,440,165,0,12.0,7.3,0.0,0,0,0,0,0,0,1,1,0
2023-10-11 10:00:00,37,11,671,238,0,12.0,7.3,0.0,0,0,0,0,0,0,1,1,0
2023-10-11 21:00:00,3,22,261,131,0,12.0,7.3,0.0,0,0,0,0,0,0,1,1,0
2023-10-11 23:00:00,3,0,176,55,0,12.0,7.3,0.0,0,0,0,0,0,0,1,1,0
2023-10-11 06:00:00,3,7,53,35,0,12.0,7.3,0.0,0,0,0,0,0,0,1,1,0
2023-10-11 16:00:00,9,17,1091,536,0,12.0,7.3,0.0,0,0,0,0,0,0,1,1,0
2023-10-10 18:00:00,9,19,237,138,0,13.1,12.8,0.0,0,0,0,0,0,1,0,1,0
2023-10-10 12:00:00,7,13,1941,432,0,13.1,12.8,0.0,0,0,0,0,0,1,0,1,0
2023-10-10 15:00:00,7,16,2033,429,0,13.1,12.8,0.0,0,0,0,0,0,1,0,1,0
2023-10-11 12:00:00,8,13,1280,506,0,12.0,7.3,0.0,0,0,0,0,0,0,1,1,0
2023-10-11 20:00:00,7,21,363,101,0,12.0,7.3,0.0,0,0,0,0,0,0,1,1,0
2023-10-11 07:00:00,2,8,199,69,0,12.0,7.3,0.0,0,0,0,0,0,0,1,1,0
2023-10-11 22:00:00,1,23,144,131,0,12.0,7.3,0.0,0,0,0,0,0,0,1,1,0
2023-10-11 19:00:00,1,20,229,118,0,12.0,7.3,0.0,0,0,0,0,0,0,1,1,0
2023-10-11 15:00:00,6,16,770,462,0,12.0,7.3,0.0,0,0,0,0,0,0,1,1,0
2023-10-11 08:00:00,6,9,344,110,0,12.0,7.3,0.0,0,0,0,0,0,0,1,1,0
2023-10-10 16:00:00,21,17,387,153,0,13.1,12.8,0.0,0,0,0,0,0,1,0,1,0
2023-10-13 08:00:00,8,9,439,311,0,10.8,5.5,0.0,1,0,0,0,0,0,0,1,0
2023-10-13 18:00:00,8,19,460,118,0,10.8,5.5,0.0,1,0,0,0,0,0,0,1,0
2023-10-12 10:00:00,17,11,753,446,0,13.2,2.8,0.1,0,0,0,0,1,0,0,1,0
2023-10-13 11:00:00,7,12,991,526,0,10.8,5.5,0.0,1,0,0,0,0,0,0,1,0
2023-10-12 12:00:00,6,13,1062,436,0,13.2,2.8,0.1,0,0,0,0,1,0,0,1,0
2023-10-13 13:00:00,7,14,1043,500,0,10.8,5.5,0.0,1,0,0,0,0,0,0,1,0
2023-10-12 20:00:00,6,21,353,147,0,13.2,2.8,0.1,0,0,0,0,1,0,0,1,0
2023-10-12 04:00:00,1,5,9,17,0,13.2,2.8,0.1,0,0,0,0,1,0,0,1,0
2023-10-12 11:00:00,15,12,966,490,0,13.2,2.8,0.1,0,0,0,0,1,0,0,1,0
2023-10-13 12:00:00,6,13,1100,483,0,10.8,5.5,0.0,1,0,0,0,0,0,0,1,0
2023-10-13 10:00:00,6,11,699,455,0,10.8,5.5,0.0,1,0,0,0,0,0,0,1,0
2023-10-13 17:00:00,6,18,1000,277,0,10.8,5.5,0.0,1,0,0,0,0,0,0,1,0
2023-10-13 20:00:00,6,21,207,55,0,10.8,5.5,0.0,1,0,0,0,0,0,0,1,0
2023-10-13 15:00:00,5,16,1300,483,0,10.8,5.5,0.0,1,0,0,0,0,0,0,1,0
2023-10-12 14:00:00,5,15,935,362,0,13.2,2.8,0.1,0,0,0,0,1,0,0,1,0
2023-10-11 02:00:00,1,3,14,12,0,12.0,7.3,0.0,0,0,0,0,0,0,1,1,0
2023-10-11 00:00:00,0,1,31,15,0,12.0,7.3,0.0,0,0,0,0,0,0,1,1,0
2023-10-11 01:00:00,0,2,13,14,0,12.0,7.3,0.0,0,0,0,0,0,0,1,1,0
2023-10-11 05:00:00,0,6,31,10,0,12.0,7.3,0.0,0,0,0,0,0,0,1,1,0
2023-10-11 04:00:00,0,5,5,8,0,12.0,7.3,0.0,0,0,0,0,0,0,1,1,0
2023-10-11 03:00:00,0,4,1,7,0,12.0,7.3,0.0,0,0,0,0,0,0,1,1,0
2023-10-13 21:00:00,4,22,178,73,0,10.8,5.5,0.0,1,0,0,0,0,0,0,1,0
2023-10-12 18:00:00,4,19,688,361,0,13.2,2.8,0.1,0,0,0,0,1,0,0,1,0
2023-10-12 13:00:00,3,14,1053,320,0,13.2,2.8,0.1,0,0,0,0,1,0,0,1,0
2023-10-12 19:00:00,3,20,421,292,0,13.2,2.8,0.1,0,0,0,0,1,0,0,1,0
2023-10-12 21:00:00,3,22,205,124,0,13.2,2.8,0.1,0,0,0,0,1,0,0,1,0
2023-10-12 05:00:00,3,6,37,15,0,13.2,2.8,0.1,0,0,0,0,1,0,0,1,0
2023-10-12 23:00:00,2,0,116,90,0,13.2,2.8,0.1,0,0,0,0,1,0,0,1,0
2023-10-12 06:00:00,2,7,73,41,0,13.2,2.8,0.1,0,0,0,0,1,0,0,1,0
2023-10-12 00:00:00,2,1,110,25,0,13.2,2.8,0.1,0,0,0,0,1,0,0,1,0
2023-10-12 22:00:00,1,23,232,109,0,13.2,2.8,0.1,0,0,0,0,1,0,0,1,0
2023-10-12 15:00:00,12,16,1121,455,0,13.2,2.8,0.1,0,0,0,0,1,0,0,1,0
2023-10-13 14:00:00,3,15,1364,509,0,10.8,5.5,0.0,1,0,0,0,0,0,0,1,0
2023-10-12 01:00:00,0,2,101,33,0,13.2,2.8,0.1,0,0,0,0,1,0,0,1,0
2023-10-12 02:00:00,0,3,274,29,0,13.2,2.8,0.1,0,0,0,0,1,0,0,1,0
2023-10-12 03:00:00,0,4,71,18,0,13.2,2.8,0.1,0,0,0,0,1,0,0,1,0
2023-10-13 16:00:00,3,17,942,402,0,10.8,5.5,0.0,1,0,0,0,0,0,0,1,0
2023-10-13 09:00:00,3,10,606,355,0,10.8,5.5,0.0,1,0,0,0,0,0,0,1,0
2023-10-13 07:00:00,3,8,180,219,0,10.8,5.5,0.0,1,0,0,0,0,0,0,1,0
2023-10-12 09:00:00,31,10,431,432,0,13.2,2.8,0.1,0,0,0,0,1,0,0,1,0
2023-10-12 16:00:00,11,17,1098,518,0,13.2,2.8,0.1,0,0,0,0,1,0,0,1,0
2023-10-13 19:00:00,2,20,297,102,0,10.8,5.5,0.0,1,0,0,0,0,0,0,1,0
2023-10-13 23:00:00,2,0,275,100,0,10.8,5.5,0.0,1,0,0,0,0,0,0,1,0
2023-10-13 06:00:00,1,7,75,97,0,10.8,5.5,0.0,1,0,0,0,0,0,0,1,0
2023-10-13 00:00:00,1,1,108,77,0,10.8,5.5,0.0,1,0,0,0,0,0,0,1,0
2023-10-13 22:00:00,1,23,175,69,0,10.8,5.5,0.0,1,0,0,0,0,0,0,1,0
2023-10-13 05:00:00,1,6,27,62,0,10.8,5.5,0.0,1,0,0,0,0,0,0,1,0
2023-10-13 01:00:00,1,2,94,59,0,10.8,5.5,0.0,1,0,0,0,0,0,0,1,0
2023-10-12 08:00:00,10,9,356,181,0,13.2,2.8,0.1,0,0,0,0,1,0,0,1,0
2023-10-12 17:00:00,9,18,855,463,0,13.2,2.8,0.1,0,0,0,0,1,0,0,1,0
2023-10-12 07:00:00,7,8,208,60,0,13.2,2.8,0.1,0,0,0,0,1,0,0,1,0
2023-10-14 01:00:00,0,2,315,74,0,11.7,2.6,0.0,0,0,1,0,0,0,0,1,0
2023-10-14 02:00:00,0,3,229,60,0,11.7,2.6,0.0,0,0,1,0,0,0,0,1,0
2023-10-14 05:00:00,0,6,24,41,0,11.7,2.6,0.0,0,0,1,0,0,0,0,1,0
2023-10-13 02:00:00,1,3,216,39,0,10.8,5.5,0.0,1,0,0,0,0,0,0,1,0
2023-10-14 11:00:00,10,12,1867,484,0,11.7,2.6,0.0,0,0,1,0,0,0,0,1,0
2023-10-14 20:00:00,3,21,149,61,0,11.7,2.6,0.0,0,0,1,0,0,0,0,1,0
2023-10-14 21:00:00,2,22,127,79,0,11.7,2.6,0.0,0,0,1,0,0,0,0,1,0
2023-10-14 18:00:00,1,19,811,342,0,11.7,2.6,0.0,0,0,1,0,0,0,0,1,0
2023-10-14 23:00:00,1,0,322,95,0,11.7,2.6,0.0,0,0,1,0,0,0,0,1,0
2023-10-14 00:00:00,1,1,268,64,0,11.7,2.6,0.0,0,0,1,0,0,0,0,1,0
2023-10-14 06:00:00,1,7,63,61,0,11.7,2.6,0.0,0,0,1,0,0,0,0,1,0
2023-10-14 04:00:00,1,5,52,49,0,11.7,2.6,0.0,0,0,1,0,0,0,0,1,0
2023-10-15 15:00:00,5,16,791,419,0,11.5,1.1,0.2,0,0,0,1,0,0,0,1,0
2023-10-15 20:00:00,5,21,289,149,0,11.5,1.1,0.2,0,0,0,1,0,0,0,1,0
2023-10-15 08:00:00,5,9,174,114,0,11.5,1.1,0.2,0,0,0,1,0,0,0,1,0
2023-10-14 07:00:00,0,8,244,133,0,11.7,2.6,0.0,0,0,1,0,0,0,0,1,0
2023-10-14 03:00:00,0,4,404,85,0,11.7,2.6,0.0,0,0,1,0,0,0,0,1,0
2023-10-15 14:00:00,4,15,798,401,0,11.5,1.1,0.2,0,0,0,1,0,0,0,1,0
2023-10-15 16:00:00,9,17,583,267,0,11.5,1.1,0.2,0,0,0,1,0,0,0,1,0
2023-10-15 13:00:00,7,14,757,341,0,11.5,1.1,0.2,0,0,0,1,0,0,0,1,0
2023-10-15 18:00:00,6,19,587,192,0,11.5,1.1,0.2,0,0,0,1,0,0,0,1,0
2023-10-15 19:00:00,3,20,578,192,0,11.5,1.1,0.2,0,0,0,1,0,0,0,1,0
2023-10-15 01:00:00,3,2,280,80,0,11.5,1.1,0.2,0,0,0,1,0,0,0,1,0
2023-10-15 00:00:00,3,1,314,71,0,11.5,1.1,0.2,0,0,0,1,0,0,0,1,0
2023-10-13 03:00:00,0,4,33,36,0,10.8,5.5,0.0,1,0,0,0,0,0,0,1,0
2023-10-13 04:00:00,0,5,7,25,0,10.8,5.5,0.0,1,0,0,0,0,0,0,1,0
2023-10-15 12:00:00,2,13,602,326,0,11.5,1.1,0.2,0,0,0,1,0,0,0,1,0
2023-10-15 17:00:00,2,18,619,311,0,11.5,1.1,0.2,0,0,0,1,0,0,0,1,0
2023-10-15 11:00:00,2,12,603,276,0,11.5,1.1,0.2,0,0,0,1,0,0,0,1,0
2023-10-15 03:00:00,2,4,469,86,0,11.5,1.1,0.2,0,0,0,1,0,0,0,1,0
2023-10-15 06:00:00,2,7,23,16,0,11.5,1.1,0.2,0,0,0,1,0,0,0,1,0
2023-10-14 10:00:00,8,11,1427,424,0,11.7,2.6,0.0,0,0,1,0,0,0,0,1,0
2023-10-15 10:00:00,1,11,369,247,0,11.5,1.1,0.2,0,0,0,1,0,0,0,1,0
2023-10-14 17:00:00,6,18,802,359,0,11.7,2.6,0.0,0,0,1,0,0,0,0,1,0
2023-10-15 09:00:00,1,10,290,149,0,11.5,1.1,0.2,0,0,0,1,0,0,0,1,0
2023-10-15 21:00:00,1,22,162,129,0,11.5,1.1,0.2,0,0,0,1,0,0,0,1,0
2023-10-15 22:00:00,1,23,168,82,0,11.5,1.1,0.2,0,0,0,1,0,0,0,1,0
2023-10-15 02:00:00,0,3,249,71,0,11.5,1.1,0.2,0,0,0,1,0,0,0,1,0
2023-10-15 07:00:00,0,8,206,68,0,11.5,1.1,0.2,0,0,0,1,0,0,0,1,0
2023-10-15 23:00:00,0,0,234,45,0,11.5,1.1,0.2,0,0,0,1,0,0,0,1,0
2023-10-14 13:00:00,5,14,1726,519,0,11.7,2.6,0.0,0,0,1,0,0,0,0,1,0
2023-10-14 19:00:00,5,20,282,104,0,11.7,2.6,0.0,0,0,1,0,0,0,0,1,0
2023-10-14 09:00:00,4,10,1065,341,0,11.7,2.6,0.0,0,0,1,0,0,0,0,1,0
2023-10-14 22:00:00,4,23,205,72,0,11.7,2.6,0.0,0,0,1,0,0,0,0,1,0
2023-10-14 15:00:00,3,16,858,613,0,11.7,2.6,0.0,0,0,1,0,0,0,0,1,0
2023-10-14 12:00:00,3,13,2021,567,0,11.7,2.6,0.0,0,0,1,0,0,0,0,1,0
2023-10-14 14:00:00,3,15,964,552,0,11.7,2.6,0.0,0,0,1,0,0,0,0,1,0
2023-10-14 16:00:00,3,17,1202,391,0,11.7,2.6,0.0,0,0,1,0,0,0,0,1,0
2023-10-14 08:00:00,3,9,591,269,0,11.7,2.6,0.0,0,0,1,0,0,0,0,1,0
2023-10-16 05:00:00,1,6,42,27,0,11.7,1.8,0.0,0,1,0,0,0,0,0,1,0
2023-10-16 23:00:00,1,0,48,23,0,11.7,1.8,0.0,0,1,0,0,0,0,0,1,0
2023-10-16 22:00:00,0,23,145,106,0,11.7,1.8,0.0,0,1,0,0,0,0,0,1,0
2023-10-16 02:00:00,0,3,223,52,0,11.7,1.8,0.0,0,1,0,0,0,0,0,1,0
2023-10-16 01:00:00,0,2,91,32,0,11.7,1.8,0.0,0,1,0,0,0,0,0,1,0
2023-10-16 03:00:00,0,4,14,20,0,11.7,1.8,0.0,0,1,0,0,0,0,0,1,0
2023-10-16 04:00:00,0,5,8,8,0,11.7,1.8,0.0,0,1,0,0,0,0,0,1,0
2023-10-15 04:00:00,0,5,38,21,0,11.5,1.1,0.2,0,0,0,1,0,0,0,1,0
2023-10-15 05:00:00,0,6,24,11,0,11.5,1.1,0.2,0,0,0,1,0,0,0,1,0
2023-10-17 21:00:00,0,22,171,121,0,12.9,-0.5,0.0,0,0,0,0,0,1,0,1,0
2023-10-17 22:00:00,0,23,122,105,0,12.9,-0.5,0.0,0,0,0,0,0,1,0,1,0
2023-10-17 12:00:00,7,13,1259,502,0,12.9,-0.5,0.0,0,0,0,0,0,1,0,1,0
2023-10-17 10:00:00,7,11,1125,442,0,12.9,-0.5,0.0,0,0,0,0,0,1,0,1,0
2023-10-17 14:00:00,6,15,1162,521,0,12.9,-0.5,0.0,0,0,0,0,0,1,0,1,0
2023-10-17 11:00:00,6,12,1152,480,0,12.9,-0.5,0.0,0,0,0,0,0,1,0,1,0
2023-10-17 15:00:00,6,16,1347,436,0,12.9,-0.5,0.0,0,0,0,0,0,1,0,1,0
2023-10-17 17:00:00,6,18,1638,357,0,12.9,-0.5,0.0,0,0,0,0,0,1,0,1,0
2023-10-17 16:00:00,5,17,1874,423,0,12.9,-0.5,0.0,0,0,0,0,0,1,0,1,0
2023-10-17 09:00:00,5,10,776,391,0,12.9,-0.5,0.0,0,0,0,0,0,1,0,1,0
2023-10-17 08:00:00,5,9,504,262,0,12.9,-0.5,0.0,0,0,0,0,0,1,0,1,0
2023-10-16 08:00:00,15,9,520,272,0,11.7,1.8,0.0,0,1,0,0,0,0,0,1,0
2023-10-16 14:00:00,12,15,636,491,0,11.7,1.8,0.0,0,1,0,0,0,0,0,1,0
2023-10-16 11:00:00,9,12,1238,473,0,11.7,1.8,0.0,0,1,0,0,0,0,0,1,0
2023-10-16 09:00:00,8,10,702,380,0,11.7,1.8,0.0,0,1,0,0,0,0,0,1,0
2023-10-16 16:00:00,8,17,1868,372,0,11.7,1.8,0.0,0,1,0,0,0,0,0,1,0
2023-10-16 17:00:00,6,18,1606,324,0,11.7,1.8,0.0,0,1,0,0,0,0,0,1,0
2023-10-17 06:00:00,0,7,13,28,0,12.9,-0.5,0.0,0,0,0,0,0,1,0,1,0
2023-10-17 13:00:00,3,14,1410,467,0,12.9,-0.5,0.0,0,0,0,0,0,1,0,1,0
2023-10-17 18:00:00,2,19,650,329,0,12.9,-0.5,0.0,0,0,0,0,0,1,0,1,0
2023-10-17 19:00:00,1,20,335,245,0,12.9,-0.5,0.0,0,0,0,0,0,1,0,1,0
2023-10-17 20:00:00,1,21,313,139,0,12.9,-0.5,0.0,0,0,0,0,0,1,0,1,0
2023-10-17 07:00:00,1,8,18,49,0,12.9,-0.5,0.0,0,0,0,0,0,1,0,1,0
2023-10-17 23:00:00,1,0,46,25,0,12.9,-0.5,0.0,0,0,0,0,0,1,0,1,0
2023-10-17 00:00:00,1,1,50,23,0,12.9,-0.5,0.0,0,0,0,0,0,1,0,1,0
2023-10-17 01:00:00,0,2,2,8,0,12.9,-0.5,0.0,0,0,0,0,0,1,0,1,0
2023-10-17 02:00:00,0,3,5,4,0,12.9,-0.5,0.0,0,0,0,0,0,1,0,1,0
2023-10-16 13:00:00,5,14,1286,449,0,11.7,1.8,0.0,0,1,0,0,0,0,0,1,0
2023-10-17 04:00:00,0,5,0,3,0,12.9,-0.5,0.0,0,0,0,0,0,1,0,1,0
2023-10-16 12:00:00,5,13,1420,443,0,11.7,1.8,0.0,0,1,0,0,0,0,0,1,0
2023-10-17 05:00:00,0,6,1,1,0,12.9,-0.5,0.0,0,0,0,0,0,1,0,1,0
2023-10-17 03:00:00,0,4,0,1,0,12.9,-0.5,0.0,0,0,0,0,0,1,0,1,0
2023-10-16 18:00:00,4,19,749,319,0,11.7,1.8,0.0,0,1,0,0,0,0,0,1,0
2023-10-16 10:00:00,3,11,1068,421,0,11.7,1.8,0.0,0,1,0,0,0,0,0,1,0
2023-10-16 19:00:00,2,20,365,211,0,11.7,1.8,0.0,0,1,0,0,0,0,0,1,0
2023-10-16 06:00:00,2,7,50,37,0,11.7,1.8,0.0,0,1,0,0,0,0,0,1,0
2023-10-16 15:00:00,1,16,655,414,0,11.7,1.8,0.0,0,1,0,0,0,0,0,1,0
2023-10-16 20:00:00,1,21,355,170,0,11.7,1.8,0.0,0,1,0,0,0,0,0,1,0
2023-10-16 07:00:00,1,8,327,160,0,11.7,1.8,0.0,0,1,0,0,0,0,0,1,0
2023-10-16 21:00:00,1,22,213,129,0,11.7,1.8,0.0,0,1,0,0,0,0,0,1,0
2023-10-16 00:00:00,1,1,143,50,0,11.7,1.8,0.0,0,1,0,0,0,0,0,1,0
2023-10-18 18:00:00,4,19,468,359,0,11.7,4.0,15.5,0,0,0,0,0,0,1,1,0
2023-10-18 10:00:00,4,11,715,343,0,11.7,4.0,15.5,0,0,0,0,0,0,1,1,0
2023-10-19 14:00:00,0,15,404,180,0,9.1,9.6,89.1,0,0,0,0,1,0,0,1,0
2023-10-19 13:00:00,0,14,373,161,0,9.1,9.6,89.1,0,0,0,0,1,0,0,1,0
2023-10-18 22:00:00,0,23,178,124,0,11.7,4.0,15.5,0,0,0,0,0,0,1,1,0
2023-10-18 21:00:00,4,22,190,136,0,11.7,4.0,15.5,0,0,0,0,0,0,1,1,0
2023-10-19 20:00:00,0,21,66,139,0,9.1,9.6,89.1,0,0,0,0,1,0,0,1,0
2023-10-18 07:00:00,0,8,460,112,0,11.7,4.0,15.5,0,0,0,0,0,0,1,1,0
2023-10-19 21:00:00,0,22,91,112,0,9.1,9.6,89.1,0,0,0,0,1,0,0,1,0
2023-10-19 16:00:00,3,17,283,413,0,9.1,9.6,89.1,0,0,0,0,1,0,0,1,0
2023-10-19 23:00:00,0,0,20,68,0,9.1,9.6,89.1,0,0,0,0,1,0,0,1,0
2023-10-19 22:00:00,0,23,26,66,0,9.1,9.6,89.1,0,0,0,0,1,0,0,1,0
2023-10-19 02:00:00,0,3,111,33,0,9.1,9.6,89.1,0,0,0,0,1,0,0,1,0
2023-10-19 00:00:00,0,1,81,28,0,9.1,9.6,89.1,0,0,0,0,1,0,0,1,0
2023-10-19 03:00:00,0,4,33,17,0,9.1,9.6,89.1,0,0,0,0,1,0,0,1,0
2023-10-19 04:00:00,0,5,7,10,0,9.1,9.6,89.1,0,0,0,0,1,0,0,1,0
2023-10-18 14:00:00,15,15,983,527,0,11.7,4.0,15.5,0,0,0,0,0,0,1,1,0
2023-10-18 05:00:00,0,6,30,43,0,11.7,4.0,15.5,0,0,0,0,0,0,1,1,0
2023-10-18 19:00:00,2,20,289,236,0,11.7,4.0,15.5,0,0,0,0,0,0,1,1,0
2023-10-18 20:00:00,1,21,273,158,0,11.7,4.0,15.5,0,0,0,0,0,0,1,1,0
2023-10-18 23:00:00,1,0,138,107,0,11.7,4.0,15.5,0,0,0,0,0,0,1,1,0
2023-10-18 06:00:00,1,7,45,85,0,11.7,4.0,15.5,0,0,0,0,0,0,1,1,0
2023-10-18 01:00:00,1,2,15,17,0,11.7,4.0,15.5,0,0,0,0,0,0,1,1,0
2023-10-18 00:00:00,1,1,47,13,0,11.7,4.0,15.5,0,0,0,0,0,0,1,1,0
2023-10-18 04:00:00,0,5,11,25,0,11.7,4.0,15.5,0,0,0,0,0,0,1,1,0
2023-10-18 03:00:00,0,4,15,18,0,11.7,4.0,15.5,0,0,0,0,0,0,1,1,0
2023-10-18 02:00:00,0,3,16,12,0,11.7,4.0,15.5,0,0,0,0,0,0,1,1,0
2023-10-18 16:00:00,13,17,1114,409,0,11.7,4.0,15.5,0,0,0,0,0,0,1,1,0
2023-10-18 09:00:00,12,10,717,210,0,11.7,4.0,15.5,0,0,0,0,0,0,1,1,0
2023-10-18 12:00:00,6,13,1039,409,0,11.7,4.0,15.5,0,0,0,0,0,0,1,1,0
2023-10-18 13:00:00,5,14,1029,444,0,11.7,4.0,15.5,0,0,0,0,0,0,1,1,0
2023-10-18 08:00:00,5,9,729,170,0,11.7,4.0,15.5,0,0,0,0,0,0,1,1,0
2023-10-18 11:00:00,4,12,1017,403,0,11.7,4.0,15.5,0,0,0,0,0,0,1,1,0
2023-10-19 06:00:00,2,7,49,33,0,9.1,9.6,89.1,0,0,0,0,1,0,0,1,0
2023-10-19 09:00:00,1,10,448,329,0,9.1,9.6,89.1,0,0,0,0,1,0,0,1,0
2023-10-19 15:00:00,1,16,275,282,0,9.1,9.6,89.1,0,0,0,0,1,0,0,1,0
2023-10-19 18:00:00,1,19,106,236,0,9.1,9.6,89.1,0,0,0,0,1,0,0,1,0
2023-10-19 11:00:00,1,12,412,173,0,9.1,9.6,89.1,0,0,0,0,1,0,0,1,0
2023-10-19 12:00:00,1,13,372,162,0,9.1,9.6,89.1,0,0,0,0,1,0,0,1,0
2023-10-19 07:00:00,1,8,254,158,0,9.1,9.6,89.1,0,0,0,0,1,0,0,1,0
2023-10-19 01:00:00,1,2,34,37,0,9.1,9.6,89.1,0,0,0,0,1,0,0,1,0
2023-10-19 05:00:00,1,6,45,20,0,9.1,9.6,89.1,0,0,0,0,1,0,0,1,0
2023-10-19 17:00:00,0,18,201,337,0,9.1,9.6,89.1,0,0,0,0,1,0,0,1,0
2023-10-19 10:00:00,0,11,467,324,0,9.1,9.6,89.1,0,0,0,0,1,0,0,1,0
2023-10-19 08:00:00,0,9,505,290,0,9.1,9.6,89.1,0,0,0,0,1,0,0,1,0
2023-10-19 19:00:00,0,20,71,186,0,9.1,9.6,89.1,0,0,0,0,1,0,0,1,0
2023-10-18 17:00:00,17,18,1091,402,0,11.7,4.0,15.5,0,0,0,0,0,0,1,1,0
2023-10-18 15:00:00,17,16,630,331,0,11.7,4.0,15.5,0,0,0,0,0,0,1,1,0
2023-10-22 09:00:00,23,10,174,37,0,10.8,1.0,0.0,0,0,0,1,0,0,0,1,0
2023-10-22 13:00:00,16,14,497,124,0,10.8,1.0,0.0,0,0,0,1,0,0,0,1,0
2023-10-21 22:00:00,0,23,187,88,0,12.8,5.9,1.0,0,0,1,0,0,0,0,1,0
2023-10-21 15:00:00,5,16,1731,497,0,12.8,5.9,1.0,0,0,1,0,0,0,0,1,0
2023-10-21 14:00:00,5,15,2031,440,0,12.8,5.9,1.0,0,0,1,0,0,0,0,1,0
2023-10-21 12:00:00,5,13,1539,419,0,12.8,5.9,1.0,0,0,1,0,0,0,0,1,0
2023-10-21 21:00:00,3,22,136,72,0,12.8,5.9,1.0,0,0,1,0,0,0,0,1,0
2023-10-21 08:00:00,3,9,179,68,0,12.8,5.9,1.0,0,0,1,0,0,0,0,1,0
2023-10-21 20:00:00,0,21,104,77,0,12.8,5.9,1.0,0,0,1,0,0,0,0,1,0
2023-10-21 01:00:00,0,2,152,74,0,12.8,5.9,1.0,0,0,1,0,0,0,0,1,0
2023-10-21 02:00:00,0,3,144,73,0,12.8,5.9,1.0,0,0,1,0,0,0,0,1,0
2023-10-21 03:00:00,0,4,177,64,0,12.8,5.9,1.0,0,0,1,0,0,0,0,1,0
2023-10-21 07:00:00,0,8,64,31,0,12.8,5.9,1.0,0,0,1,0,0,0,0,1,0
2023-10-21 04:00:00,0,5,10,17,0,12.8,5.9,1.0,0,0,1,0,0,0,0,1,0
2023-10-22 10:00:00,14,11,241,105,0,10.8,1.0,0.0,0,0,0,1,0,0,0,1,0
2023-10-22 16:00:00,11,17,389,245,0,10.8,1.0,0.0,0,0,0,1,0,0,0,1,0
2023-10-22 14:00:00,8,15,462,214,0,10.8,1.0,0.0,0,0,0,1,0,0,0,1,0
2023-10-22 11:00:00,8,12,350,80,0,10.8,1.0,0.0,0,0,0,1,0,0,0,1,0
2023-10-22 12:00:00,7,13,437,121,0,10.8,1.0,0.0,0,0,0,1,0,0,0,1,0
2023-10-22 07:00:00,7,8,77,15,0,10.8,1.0,0.0,0,0,0,1,0,0,0,1,0
2023-10-22 02:00:00,4,3,321,59,0,10.8,1.0,0.0,0,0,0,1,0,0,0,1,0
2023-10-22 21:00:00,4,22,95,54,0,10.8,1.0,0.0,0,0,0,1,0,0,0,1,0
2023-10-22 15:00:00,3,16,504,267,0,10.8,1.0,0.0,0,0,0,1,0,0,0,1,0
2023-10-22 20:00:00,3,21,392,154,0,10.8,1.0,0.0,0,0,0,1,0,0,0,1,0
2023-10-22 22:00:00,3,23,121,53,0,10.8,1.0,0.0,0,0,0,1,0,0,0,1,0
2023-10-22 00:00:00,2,1,355,80,0,10.8,1.0,0.0,0,0,0,1,0,0,0,1,0
2023-10-22 23:00:00,2,0,190,43,0,10.8,1.0,0.0,0,0,0,1,0,0,0,1,0
2023-10-22 04:00:00,2,5,41,21,0,10.8,1.0,0.0,0,0,0,1,0,0,0,1,0
2023-10-22 17:00:00,1,18,296,205,0,10.8,1.0,0.0,0,0,0,1,0,0,0,1,0
2023-10-22 05:00:00,1,6,10,5,0,10.8,1.0,0.0,0,0,0,1,0,0,0,1,0
2023-10-22 19:00:00,0,20,615,194,0,10.8,1.0,0.0,0,0,0,1,0,0,0,1,0
2023-10-22 18:00:00,0,19,445,173,0,10.8,1.0,0.0,0,0,0,1,0,0,0,1,0
2023-10-20 13:00:00,0,14,994,364,0,9.6,7.3,23.4,1,0,0,0,0,0,0,1,0
2023-10-20 11:00:00,0,12,635,333,0,9.6,7.3,23.4,1,0,0,0,0,0,0,1,0
2023-10-20 09:00:00,0,10,309,249,0,9.6,7.3,23.4,1,0,0,0,0,0,0,1,0
2023-10-20 21:00:00,0,22,122,228,0,9.6,7.3,23.4,1,0,0,0,0,0,0,1,0
2023-10-20 22:00:00,0,23,93,172,0,9.6,7.3,23.4,1,0,0,0,0,0,0,1,0
2023-10-20 07:00:00,0,8,51,122,0,9.6,7.3,23.4,1,0,0,0,0,0,0,1,0
2023-10-20 06:00:00,0,7,20,80,0,9.6,7.3,23.4,1,0,0,0,0,0,0,1,0
2023-10-20 00:00:00,0,1,16,46,0,9.6,7.3,23.4,1,0,0,0,0,0,0,1,0
2023-10-20 05:00:00,0,6,23,40,0,9.6,7.3,23.4,1,0,0,0,0,0,0,1,0
2023-10-20 01:00:00,0,2,10,38,0,9.6,7.3,23.4,1,0,0,0,0,0,0,1,0
2023-10-20 02:00:00,0,3,5,32,0,9.6,7.3,23.4,1,0,0,0,0,0,0,1,0
2023-10-20 03:00:00,0,4,1,12,0,9.6,7.3,23.4,1,0,0,0,0,0,0,1,0
2023-10-20 04:00:00,0,5,2,7,0,9.6,7.3,23.4,1,0,0,0,0,0,0,1,0
2023-10-21 16:00:00,2,17,1464,364,0,12.8,5.9,1.0,0,0,1,0,0,0,0,1,0
2023-10-21 18:00:00,2,19,506,280,0,12.8,5.9,1.0,0,0,1,0,0,0,0,1,0
2023-10-21 10:00:00,2,11,347,130,0,12.8,5.9,1.0,0,0,1,0,0,0,0,1,0
2023-10-21 23:00:00,2,0,311,84,0,12.8,5.9,1.0,0,0,1,0,0,0,0,1,0
2023-10-21 13:00:00,1,14,1976,445,0,12.8,5.9,1.0,0,0,1,0,0,0,0,1,0
2023-10-21 17:00:00,1,18,1221,375,0,12.8,5.9,1.0,0,0,1,0,0,0,0,1,0
2023-10-21 11:00:00,1,12,1193,371,0,12.8,5.9,1.0,0,0,1,0,0,0,0,1,0
2023-10-21 19:00:00,1,20,266,237,0,12.8,5.9,1.0,0,0,1,0,0,0,0,1,0
2023-10-21 00:00:00,1,1,175,88,0,12.8,5.9,1.0,0,0,1,0,0,0,0,1,0
2023-10-21 09:00:00,1,10,227,84,0,12.8,5.9,1.0,0,0,1,0,0,0,0,1,0
2023-10-21 06:00:00,1,7,55,17,0,12.8,5.9,1.0,0,0,1,0,0,0,0,1,0
2023-10-21 05:00:00,1,6,10,15,0,12.8,5.9,1.0,0,0,1,0,0,0,0,1,0
2023-10-20 16:00:00,7,17,604,346,0,9.6,7.3,23.4,1,0,0,0,0,0,0,1,0
2023-10-20 14:00:00,4,15,1003,402,0,9.6,7.3,23.4,1,0,0,0,0,0,0,1,0
2023-10-20 10:00:00,3,11,525,311,0,9.6,7.3,23.4,1,0,0,0,0,0,0,1,0
2023-10-20 17:00:00,3,18,474,305,0,9.6,7.3,23.4,1,0,0,0,0,0,0,1,0
2023-10-20 18:00:00,3,19,205,294,0,9.6,7.3,23.4,1,0,0,0,0,0,0,1,0
2023-10-20 12:00:00,1,13,923,377,0,9.6,7.3,23.4,1,0,0,0,0,0,0,1,0
2023-10-20 15:00:00,1,16,899,355,0,9.6,7.3,23.4,1,0,0,0,0,0,0,1,0
2023-10-20 19:00:00,1,20,168,281,0,9.6,7.3,23.4,1,0,0,0,0,0,0,1,0
2023-10-20 08:00:00,1,9,127,200,0,9.6,7.3,23.4,1,0,0,0,0,0,0,1,0
2023-10-20 20:00:00,1,21,135,194,0,9.6,7.3,23.4,1,0,0,0,0,0,0,1,0
2023-10-20 23:00:00,1,0,167,124,0,9.6,7.3,23.4,1,0,0,0,0,0,0,1,0
2023-10-23 09:00:00,16,10,638,371,0,11.1,-1.0,4.5,0,1,0,0,0,0,0,1,0
2023-10-23 16:00:00,14,17,1080,391,0,11.1,-1.0,4.5,0,1,0,0,0,0,0,1,0
2023-10-23 15:00:00,12,16,1054,507,0,11.1,-1.0,4.5,0,1,0,0,0,0,0,1,0
2023-10-23 14:00:00,9,15,1052,506,0,11.1,-1.0,4.5,0,1,0,0,0,0,0,1,0
2023-10-23 10:00:00,8,11,835,403,0,11.1,-1.0,4.5,0,1,0,0,0,0,0,1,0
2023-10-23 13:00:00,7,14,969,420,0,11.1,-1.0,4.5,0,1,0,0,0,0,0,1,0
2023-10-23 07:00:00,7,8,283,188,0,11.1,-1.0,4.5,0,1,0,0,0,0,0,1,0
2023-10-23 17:00:00,6,18,866,324,0,11.1,-1.0,4.5,0,1,0,0,0,0,0,1,0
2023-10-24 16:00:00,13,17,960,324,0,9.9,3.2,0.9,0,0,0,0,0,1,0,1,0
2023-10-24 17:00:00,12,18,824,255,0,9.9,3.2,0.9,0,0,0,0,0,1,0,1,0
2023-10-24 18:00:00,11,19,640,268,0,9.9,3.2,0.9,0,0,0,0,0,1,0,1,0
2023-10-24 12:00:00,9,13,437,209,0,9.9,3.2,0.9,0,0,0,0,0,1,0,1,0
2023-10-24 14:00:00,6,15,1519,478,0,9.9,3.2,0.9,0,0,0,0,0,1,0,1,0
2023-10-24 09:00:00,5,10,612,305,0,9.9,3.2,0.9,0,0,0,0,0,1,0,1,0
2023-10-24 13:00:00,4,14,929,474,0,9.9,3.2,0.9,0,0,0,0,0,1,0,1,0
2023-10-24 15:00:00,4,16,1562,460,0,9.9,3.2,0.9,0,0,0,0,0,1,0,1,0
2023-10-24 11:00:00,4,12,396,205,0,9.9,3.2,0.9,0,0,0,0,0,1,0,1,0
2023-10-24 10:00:00,3,11,1235,387,0,9.9,3.2,0.9,0,0,0,0,0,1,0,1,0
2023-10-24 19:00:00,3,20,387,216,0,9.9,3.2,0.9,0,0,0,0,0,1,0,1,0
2023-10-24 20:00:00,3,21,271,176,0,9.9,3.2,0.9,0,0,0,0,0,1,0,1,0
2023-10-24 00:00:00,3,1,97,60,0,9.9,3.2,0.9,0,0,0,0,0,1,0,1,0
2023-10-24 08:00:00,2,9,675,288,0,9.9,3.2,0.9,0,0,0,0,0,1,0,1,0
2023-10-24 07:00:00,1,8,203,217,0,9.9,3.2,0.9,0,0,0,0,0,1,0,1,0
2023-10-24 06:00:00,1,7,103,118,0,9.9,3.2,0.9,0,0,0,0,0,1,0,1,0
2023-10-24 22:00:00,1,23,138,111,0,9.9,3.2,0.9,0,0,0,0,0,1,0,1,0
2023-10-24 21:00:00,0,22,167,135,0,9.9,3.2,0.9,0,0,0,0,0,1,0,1,0
2023-10-24 23:00:00,0,0,81,71,0,9.9,3.2,0.9,0,0,0,0,0,1,0,1,0
2023-10-24 05:00:00,0,6,32,63,0,9.9,3.2,0.9,0,0,0,0,0,1,0,1,0
2023-10-23 19:00:00,0,20,298,254,0,11.1,-1.0,4.5,0,1,0,0,0,0,0,1,0
2023-10-23 05:00:00,0,6,42,67,0,11.1,-1.0,4.5,0,1,0,0,0,0,0,1,0
2023-10-23 23:00:00,0,0,99,62,0,11.1,-1.0,4.5,0,1,0,0,0,0,0,1,0
2023-10-24 02:00:00,0,3,42,60,0,9.9,3.2,0.9,0,0,0,0,0,1,0,1,0
2023-10-23 03:00:00,0,4,35,42,0,11.1,-1.0,4.5,0,1,0,0,0,0,0,1,0
2023-10-23 00:00:00,0,1,223,41,0,11.1,-1.0,4.5,0,1,0,0,0,0,0,1,0
2023-10-23 04:00:00,0,5,10,22,0,11.1,-1.0,4.5,0,1,0,0,0,0,0,1,0
2023-10-23 01:00:00,0,2,81,20,0,11.1,-1.0,4.5,0,1,0,0,0,0,0,1,0
2023-10-24 01:00:00,0,2,33,38,0,9.9,3.2,0.9,0,0,0,0,0,1,0,1,0
2023-10-24 03:00:00,0,4,38,17,0,9.9,3.2,0.9,0,0,0,0,0,1,0,1,0
2023-10-24 04:00:00,0,5,2,9,0,9.9,3.2,0.9,0,0,0,0,0,1,0,1,0
2023-10-22 03:00:00,0,4,349,107,0,10.8,1.0,0.0,0,0,0,1,0,0,0,1,0
2023-10-22 01:00:00,0,2,295,74,0,10.8,1.0,0.0,0,0,0,1,0,0,0,1,0
2023-10-22 08:00:00,0,9,131,19,0,10.8,1.0,0.0,0,0,0,1,0,0,0,1,0
2023-10-22 06:00:00,0,7,27,12,0,10.8,1.0,0.0,0,0,0,1,0,0,0,1,0
2023-10-23 12:00:00,4,13,940,493,0,11.1,-1.0,4.5,0,1,0,0,0,0,0,1,0
2023-10-23 11:00:00,3,12,926,458,0,11.1,-1.0,4.5,0,1,0,0,0,0,0,1,0
2023-10-23 18:00:00,3,19,433,322,0,11.1,-1.0,4.5,0,1,0,0,0,0,0,1,0
2023-10-23 20:00:00,3,21,281,152,0,11.1,-1.0,4.5,0,1,0,0,0,0,0,1,0
2023-10-23 21:00:00,3,22,128,59,0,11.1,-1.0,4.5,0,1,0,0,0,0,0,1,0
2023-10-23 08:00:00,2,9,421,278,0,11.1,-1.0,4.5,0,1,0,0,0,0,0,1,0
2023-10-23 22:00:00,2,23,157,113,0,11.1,-1.0,4.5,0,1,0,0,0,0,0,1,0
2023-10-23 06:00:00,2,7,111,87,0,11.1,-1.0,4.5,0,1,0,0,0,0,0,1,0
2023-10-23 02:00:00,2,3,270,84,0,11.1,-1.0,4.5,0,1,0,0,0,0,0,1,0
2023-10-25 07:00:00,1,8,217,205,0,11.2,4.9,2.1,0,0,0,0,0,0,1,1,0
2023-10-25 18:00:00,1,19,265,156,0,11.2,4.9,2.1,0,0,0,0,0,0,1,1,0
2023-10-25 19:00:00,1,20,199,91,0,11.2,4.9,2.1,0,0,0,0,0,0,1,1,0
2023-10-25 22:00:00,1,23,170,48,0,11.2,4.9,2.1,0,0,0,0,0,0,1,1,0
2023-10-25 23:00:00,0,0,180,91,0,11.2,4.9,2.1,0,0,0,0,0,0,1,1,0
2023-10-25 06:00:00,0,7,76,81,0,11.2,4.9,2.1,0,0,0,0,0,0,1,1,0
2023-10-25 20:00:00,0,21,83,48,0,11.2,4.9,2.1,0,0,0,0,0,0,1,1,0
2023-10-25 05:00:00,0,6,49,34,0,11.2,4.9,2.1,0,0,0,0,0,0,1,1,0
2023-10-25 21:00:00,0,22,105,27,0,11.2,4.9,2.1,0,0,0,0,0,0,1,1,0
2023-10-25 03:00:00,0,4,7,25,0,11.2,4.9,2.1,0,0,0,0,0,0,1,1,0
2023-10-25 02:00:00,0,3,9,24,0,11.2,4.9,2.1,0,0,0,0,0,0,1,1,0
2023-10-26 01:00:00,0,2,4,3,0,10.9,5.9,29.4,0,0,0,0,1,0,0,1,0
2023-10-26 10:00:00,3,11,1432,499,0,10.9,5.9,29.4,0,0,0,0,1,0,0,1,0
2023-10-26 07:00:00,3,8,314,180,0,10.9,5.9,29.4,0,0,0,0,1,0,0,1,0
2023-10-26 04:00:00,2,5,5,11,0,10.9,5.9,29.4,0,0,0,0,1,0,0,1,0
2023-10-26 13:00:00,1,14,1458,641,0,10.9,5.9,29.4,0,0,0,0,1,0,0,1,0
2023-10-26 12:00:00,1,13,1626,576,0,10.9,5.9,29.4,0,0,0,0,1,0,0,1,0
2023-10-26 17:00:00,1,18,397,430,0,10.9,5.9,29.4,0,0,0,0,1,0,0,1,0
2023-10-26 08:00:00,1,9,601,338,0,10.9,5.9,29.4,0,0,0,0,1,0,0,1,0
2023-10-26 18:00:00,1,19,125,327,0,10.9,5.9,29.4,0,0,0,0,1,0,0,1,0
2023-10-26 21:00:00,1,22,101,147,0,10.9,5.9,29.4,0,0,0,0,1,0,0,1,0
2023-10-26 15:00:00,6,16,1144,551,0,10.9,5.9,29.4,0,0,0,0,1,0,0,1,0
2023-10-26 16:00:00,5,17,1258,494,0,10.9,5.9,29.4,0,0,0,0,1,0,0,1,0
2023-10-26 14:00:00,4,15,1140,682,0,10.9,5.9,29.4,0,0,0,0,1,0,0,1,0
2023-10-26 09:00:00,4,10,1017,427,0,10.9,5.9,29.4,0,0,0,0,1,0,0,1,0
2023-10-25 04:00:00,0,5,12,5,0,11.2,4.9,2.1,0,0,0,0,0,0,1,1,0
2023-10-25 16:00:00,9,17,515,208,0,11.2,4.9,2.1,0,0,0,0,0,0,1,1,0
2023-10-25 13:00:00,6,14,1548,541,0,11.2,4.9,2.1,0,0,0,0,0,0,1,1,0
2023-10-25 11:00:00,6,12,1345,486,0,11.2,4.9,2.1,0,0,0,0,0,0,1,1,0
2023-10-26 11:00:00,0,12,1526,504,0,10.9,5.9,29.4,0,0,0,0,1,0,0,1,0
2023-10-26 22:00:00,0,23,146,147,0,10.9,5.9,29.4,0,0,0,0,1,0,0,1,0
2023-10-26 06:00:00,0,7,105,86,0,10.9,5.9,29.4,0,0,0,0,1,0,0,1,0
2023-10-26 23:00:00,0,0,82,71,0,10.9,5.9,29.4,0,0,0,0,1,0,0,1,0
2023-10-26 19:00:00,0,20,462,58,0,10.9,5.9,29.4,0,0,0,0,1,0,0,1,0
2023-10-26 05:00:00,0,6,44,57,0,10.9,5.9,29.4,0,0,0,0,1,0,0,1,0
2023-10-26 20:00:00,0,21,242,46,0,10.9,5.9,29.4,0,0,0,0,1,0,0,1,0
2023-10-26 00:00:00,0,1,26,15,0,10.9,5.9,29.4,0,0,0,0,1,0,0,1,0
2023-10-26 02:00:00,0,3,109,14,0,10.9,5.9,29.4,0,0,0,0,1,0,0,1,0
2023-10-26 03:00:00,0,4,13,12,0,10.9,5.9,29.4,0,0,0,0,1,0,0,1,0
2023-10-25 17:00:00,6,18,425,184,0,11.2,4.9,2.1,0,0,0,0,0,0,1,1,0
2023-10-25 15:00:00,6,16,490,167,0,11.2,4.9,2.1,0,0,0,0,0,0,1,1,0
2023-10-25 14:00:00,5,15,865,354,0,11.2,4.9,2.1,0,0,0,0,0,0,1,1,0
2023-10-25 12:00:00,4,13,1428,541,0,11.2,4.9,2.1,0,0,0,0,0,0,1,1,0
2023-10-25 10:00:00,4,11,1045,406,0,11.2,4.9,2.1,0,0,0,0,0,0,1,1,0
2023-10-25 09:00:00,4,10,700,359,0,11.2,4.9,2.1,0,0,0,0,0,0,1,1,0
2023-10-25 00:00:00,3,1,36,28,0,11.2,4.9,2.1,0,0,0,0,0,0,1,1,0
2023-10-25 01:00:00,3,2,12,18,0,11.2,4.9,2.1,0,0,0,0,0,0,1,1,0
2023-10-25 08:00:00,1,9,517,284,0,11.2,4.9,2.1,0,0,0,0,0,0,1,1,0
2023-10-27 11:00:00,0,12,694,463,0,11.2,7.2,16.5,1,0,0,0,0,0,0,1,0
2023-10-27 19:00:00,0,20,371,187,0,11.2,7.2,16.5,1,0,0,0,0,0,0,1,0
2023-10-27 07:00:00,0,8,326,172,0,11.2,7.2,16.5,1,0,0,0,0,0,0,1,0
2023-10-27 20:00:00,0,21,337,165,0,11.2,7.2,16.5,1,0,0,0,0,0,0,1,0
2023-10-27 22:00:00,0,23,160,118,0,11.2,7.2,16.5,1,0,0,0,0,0,0,1,0
2023-10-27 06:00:00,0,7,107,97,0,11.2,7.2,16.5,1,0,0,0,0,0,0,1,0
2023-10-27 03:00:00,0,4,12,20,0,11.2,7.2,16.5,1,0,0,0,0,0,0,1,0
2023-10-27 02:00:00,0,3,132,19,0,11.2,7.2,16.5,1,0,0,0,0,0,0,1,0
2023-10-27 01:00:00,0,2,98,19,0,11.2,7.2,16.5,1,0,0,0,0,0,0,1,0
2023-10-27 04:00:00,0,5,5,9,0,11.2,7.2,16.5,1,0,0,0,0,0,0,1,0
2023-10-28 07:00:00,2,8,51,124,0,11.6,9.0,7.9,0,0,1,0,0,0,0,1,0
2023-10-28 21:00:00,2,22,229,88,0,11.6,9.0,7.9,0,0,1,0,0,0,0,1,0
2023-10-28 19:00:00,2,20,218,88,0,11.6,9.0,7.9,0,0,1,0,0,0,0,1,0
2023-10-28 06:00:00,2,7,31,55,0,11.6,9.0,7.9,0,0,1,0,0,0,0,1,0
2023-10-28 08:00:00,1,9,195,270,0,11.6,9.0,7.9,0,0,1,0,0,0,0,1,0
2023-10-28 23:00:00,1,0,219,120,0,11.6,9.0,7.9,0,0,1,0,0,0,0,1,0
2023-10-28 20:00:00,1,21,272,85,0,11.6,9.0,7.9,0,0,1,0,0,0,0,1,0
2023-10-28 00:00:00,1,1,258,62,0,11.6,9.0,7.9,0,0,1,0,0,0,0,1,0
2023-10-28 03:00:00,1,4,247,55,0,11.6,9.0,7.9,0,0,1,0,0,0,0,1,0
2023-10-28 05:00:00,1,6,17,51,0,11.6,9.0,7.9,0,0,1,0,0,0,0,1,0
2023-10-29 10:00:00,5,11,487,187,0,9.9,9.5,6.1,0,0,0,1,0,0,0,1,0
2023-10-28 02:00:00,8,3,191,75,0,11.6,9.0,7.9,0,0,1,0,0,0,0,1,0
2023-10-28 17:00:00,7,18,975,554,0,11.6,9.0,7.9,0,0,1,0,0,0,0,1,0
2023-10-28 12:00:00,5,13,1036,650,0,11.6,9.0,7.9,0,0,1,0,0,0,0,1,0
2023-10-28 11:00:00,5,12,799,612,0,11.6,9.0,7.9,0,0,1,0,0,0,0,1,0
2023-10-28 15:00:00,5,16,1094,602,0,11.6,9.0,7.9,0,0,1,0,0,0,0,1,0
2023-10-28 13:00:00,4,14,1286,658,0,11.6,9.0,7.9,0,0,1,0,0,0,0,1,0
2023-10-28 16:00:00,4,17,1088,558,0,11.6,9.0,7.9,0,0,1,0,0,0,0,1,0
2023-10-28 09:00:00,4,10,500,354,0,11.6,9.0,7.9,0,0,1,0,0,0,0,1,0
2023-10-28 22:00:00,4,23,190,69,0,11.6,9.0,7.9,0,0,1,0,0,0,0,1,0
2023-10-28 01:00:00,3,2,177,82,0,11.6,9.0,7.9,0,0,1,0,0,0,0,1,0
2023-10-28 10:00:00,2,11,562,465,0,11.6,9.0,7.9,0,0,1,0,0,0,0,1,0
2023-10-28 14:00:00,2,15,923,373,0,11.6,9.0,7.9,0,0,1,0,0,0,0,1,0
2023-10-28 18:00:00,2,19,332,345,0,11.6,9.0,7.9,0,0,1,0,0,0,0,1,0
2023-10-28 04:00:00,0,5,21,10,0,11.6,9.0,7.9,0,0,1,0,0,0,0,1,0
2023-10-27 15:00:00,7,16,975,522,0,11.2,7.2,16.5,1,0,0,0,0,0,0,1,0
2023-10-27 16:00:00,3,17,1129,728,0,11.2,7.2,16.5,1,0,0,0,0,0,0,1,0
2023-10-27 12:00:00,3,13,780,419,0,11.2,7.2,16.5,1,0,0,0,0,0,0,1,0
2023-10-27 17:00:00,3,18,1255,318,0,11.2,7.2,16.5,1,0,0,0,0,0,0,1,0
2023-10-27 14:00:00,2,15,853,485,0,11.2,7.2,16.5,1,0,0,0,0,0,0,1,0
2023-10-27 13:00:00,2,14,739,430,0,11.2,7.2,16.5,1,0,0,0,0,0,0,1,0
2023-10-27 10:00:00,2,11,596,400,0,11.2,7.2,16.5,1,0,0,0,0,0,0,1,0
2023-10-27 09:00:00,1,10,603,398,0,11.2,7.2,16.5,1,0,0,0,0,0,0,1,0
2023-10-27 08:00:00,1,9,576,314,0,11.2,7.2,16.5,1,0,0,0,0,0,0,1,0
2023-10-27 18:00:00,1,19,776,232,0,11.2,7.2,16.5,1,0,0,0,0,0,0,1,0
2023-10-27 23:00:00,1,0,204,93,0,11.2,7.2,16.5,1,0,0,0,0,0,0,1,0
2023-10-27 21:00:00,1,22,168,92,0,11.2,7.2,16.5,1,0,0,0,0,0,0,1,0
2023-10-27 05:00:00,1,6,37,41,0,11.2,7.2,16.5,1,0,0,0,0,0,0,1,0
2023-10-27 00:00:00,1,1,81,31,0,11.2,7.2,16.5,1,0,0,0,0,0,0,1,0
2023-10-30 16:00:00,2,17,1764,510,0,9.6,5.6,0.0,0,1,0,0,0,0,0,0,1
2023-10-30 06:00:00,1,7,274,124,0,9.6,5.6,0.0,0,1,0,0,0,0,0,0,1
2023-10-30 08:00:00,11,9,541,343,0,9.6,5.6,0.0,0,1,0,0,0,0,0,0,1
2023-10-30 21:00:00,1,22,187,62,0,9.6,5.6,0.0,0,1,0,0,0,0,0,0,1
2023-10-30 22:00:00,1,23,159,61,0,9.6,5.6,0.0,0,1,0,0,0,0,0,0,1
2023-10-30 23:00:00,1,0,57,43,0,9.6,5.6,0.0,0,1,0,0,0,0,0,0,1
2023-10-29 05:00:00,1,6,18,32,0,9.9,9.5,6.1,0,0,0,1,0,0,0,1,0
2023-10-30 17:00:00,0,18,385,391,0,9.6,5.6,0.0,0,1,0,0,0,0,0,0,1
2023-10-31 08:00:00,11,9,348,1201,0,10.2,5.3,7.5,0,0,0,0,0,1,0,0,1
2023-10-29 09:00:00,3,10,272,122,0,9.9,9.5,6.1,0,0,0,1,0,0,0,1,0
2023-10-30 18:00:00,0,19,217,329,0,9.6,5.6,0.0,0,1,0,0,0,0,0,0,1
2023-10-30 19:00:00,0,20,397,157,0,9.6,5.6,0.0,0,1,0,0,0,0,0,0,1
2023-10-29 02:00:00,3,3,353,70,0,9.9,9.5,6.1,0,0,0,1,0,0,0,1,0
2023-10-30 20:00:00,0,21,364,82,0,9.6,5.6,0.0,0,1,0,0,0,0,0,0,1
2023-10-30 00:00:00,0,1,34,80,0,9.6,5.6,0.0,0,1,0,0,0,0,0,0,1
2023-10-29 14:00:00,0,15,573,362,0,9.9,9.5,6.1,0,0,0,1,0,0,0,1,0
2023-10-29 18:00:00,0,19,151,280,0,9.9,9.5,6.1,0,0,0,1,0,0,0,1,0
2023-10-29 19:00:00,0,20,158,246,0,9.9,9.5,6.1,0,0,0,1,0,0,0,1,0
2023-10-29 20:00:00,0,21,154,207,0,9.9,9.5,6.1,0,0,0,1,0,0,0,1,0
2023-10-29 08:00:00,0,9,234,160,0,9.9,9.5,6.1,0,0,0,1,0,0,0,1,0
2023-10-29 22:00:00,0,23,68,119,0,9.9,9.5,6.1,0,0,0,1,0,0,0,1,0
2023-10-29 23:00:00,0,0,68,87,0,9.9,9.5,6.1,0,0,0,1,0,0,0,1,0
2023-10-29 15:00:00,2,16,612,392,0,9.9,9.5,6.1,0,0,0,1,0,0,0,1,0
2023-10-29 11:00:00,2,12,541,253,0,9.9,9.5,6.1,0,0,0,1,0,0,0,1,0
2023-10-30 05:00:00,0,6,30,63,0,9.6,5.6,0.0,0,1,0,0,0,0,0,0,1
2023-10-29 01:00:00,2,2,170,163,0,9.9,9.5,6.1,0,0,0,1,0,0,0,1,0
2023-10-30 02:00:00,0,3,23,63,0,9.6,5.6,0.0,0,1,0,0,0,0,0,0,1
2023-10-30 03:00:00,0,4,22,52,0,9.6,5.6,0.0,0,1,0,0,0,0,0,0,1
2023-10-30 01:00:00,0,2,55,41,0,9.6,5.6,0.0,0,1,0,0,0,0,0,0,1
2023-10-30 04:00:00,0,5,10,33,0,9.6,5.6,0.0,0,1,0,0,0,0,0,0,1
2023-10-29 16:00:00,1,17,435,300,0,9.9,9.5,6.1,0,0,0,1,0,0,0,1,0
2023-10-29 13:00:00,1,14,539,279,0,9.9,9.5,6.1,0,0,0,1,0,0,0,1,0
2023-10-29 17:00:00,1,18,228,275,0,9.9,9.5,6.1,0,0,0,1,0,0,0,1,0
2023-10-29 12:00:00,1,13,499,252,0,9.9,9.5,6.1,0,0,0,1,0,0,0,1,0
2023-10-29 00:00:00,1,1,196,127,0,9.9,9.5,6.1,0,0,0,1,0,0,0,1,0
2023-10-29 07:00:00,1,8,153,97,0,9.9,9.5,6.1,0,0,0,1,0,0,0,1,0
2023-10-29 06:00:00,1,7,75,79,0,9.9,9.5,6.1,0,0,0,1,0,0,0,1,0
2023-10-29 21:00:00,1,22,111,77,0,9.9,9.5,6.1,0,0,0,1,0,0,0,1,0
2023-10-29 04:00:00,0,5,21,31,0,9.9,9.5,6.1,0,0,0,1,0,0,0,1,0
2023-10-29 03:00:00,0,4,37,23,0,9.9,9.5,6.1,0,0,0,1,0,0,0,1,0
2023-10-30 10:00:00,8,11,1356,435,0,9.6,5.6,0.0,0,1,0,0,0,0,0,0,1
2023-10-30 12:00:00,7,13,1859,500,0,9.6,5.6,0.0,0,1,0,0,0,0,0,0,1
2023-10-30 09:00:00,7,10,610,386,0,9.6,5.6,0.0,0,1,0,0,0,0,0,0,1
2023-10-30 14:00:00,6,15,1681,502,0,9.6,5.6,0.0,0,1,0,0,0,0,0,0,1
2023-10-30 13:00:00,5,14,1721,484,0,9.6,5.6,0.0,0,1,0,0,0,0,0,0,1
2023-10-30 15:00:00,5,16,2121,429,0,9.6,5.6,0.0,0,1,0,0,0,0,0,0,1
2023-10-30 11:00:00,4,12,1578,498,0,9.6,5.6,0.0,0,1,0,0,0,0,0,0,1
2023-10-30 07:00:00,4,8,336,218,0,9.6,5.6,0.0,0,1,0,0,0,0,0,0,1
2023-10-31 13:00:00,1,14,449,1301,0,10.2,5.3,7.5,0,0,0,0,0,1,0,0,1
2023-10-31 17:00:00,0,18,768,432,0,10.2,5.3,7.5,0,0,0,0,0,1,0,0,1
2023-10-31 19:00:00,0,20,298,283,0,10.2,5.3,7.5,0,0,0,0,0,1,0,0,1
2023-10-31 20:00:00,0,21,292,197,0,10.2,5.3,7.5,0,0,0,0,0,1,0,0,1
2023-10-31 21:00:00,0,22,197,183,0,10.2,5.3,7.5,0,0,0,0,0,1,0,0,1
2023-10-31 15:00:00,6,16,986,817,0,10.2,5.3,7.5,0,0,0,0,0,1,0,0,1
2023-10-31 14:00:00,4,15,382,1306,0,10.2,5.3,7.5,0,0,0,0,0,1,0,0,1
2023-10-31 16:00:00,4,17,1502,517,0,10.2,5.3,7.5,0,0,0,0,0,1,0,0,1
2023-10-31 11:00:00,3,12,505,1381,0,10.2,5.3,7.5,0,0,0,0,0,1,0,0,1
2023-10-31 18:00:00,3,19,449,365,0,10.2,5.3,7.5,0,0,0,0,0,1,0,0,1
2023-10-31 09:00:00,2,10,372,1399,0,10.2,5.3,7.5,0,0,0,0,0,1,0,0,1
2023-10-31 10:00:00,2,11,424,1326,0,10.2,5.3,7.5,0,0,0,0,0,1,0,0,1
2023-10-31 07:00:00,2,8,357,209,0,10.2,5.3,7.5,0,0,0,0,0,1,0,0,1
2023-10-31 12:00:00,1,13,516,1435,0,10.2,5.3,7.5,0,0,0,0,0,1,0,0,1
2023-10-31 22:00:00,0,23,134,169,0,10.2,5.3,7.5,0,0,0,0,0,1,0,0,1
2023-10-31 23:00:00,0,0,163,138,0,10.2,5.3,7.5,0,0,0,0,0,1,0,0,1
2023-10-31 00:00:00,0,1,49,41,0,10.2,5.3,7.5,0,0,0,0,0,1,0,0,1
2023-10-31 06:00:00,0,7,11,10,0,10.2,5.3,7.5,0,0,0,0,0,1,0,0,1
2023-10-31 01:00:00,0,2,38,4,0,10.2,5.3,7.5,0,0,0,0,0,1,0,0,1
2023-10-31 05:00:00,0,6,2,4,0,10.2,5.3,7.5,0,0,0,0,0,1,0,0,1
2023-10-31 03:00:00,0,4,16,2,0,10.2,5.3,7.5,0,0,0,0,0,1,0,0,1
2023-10-31 04:00:00,0,5,23,1,0,10.2,5.3,7.5,0,0,0,0,0,1,0,0,1
2023-10-31 02:00:00,0,3,20,1,0,10.2,5.3,7.5,0,0,0,0,0,1,0,0,1
2023-09-01 17:00:00,27,18,786,186,0,22.4,9.9,0.0,1,0,0,0,0,0,0,1,0
2023-09-02 21:00:00,6,22,238,59,0,22.9,5.5,0.0,0,0,1,0,0,0,0,1,0
2023-09-02 20:00:00,5,21,235,72,0,22.9,5.5,0.0,0,0,1,0,0,0,0,1,0
2023-09-02 06:00:00,5,7,31,16,0,22.9,5.5,0.0,0,0,1,0,0,0,0,1,0
2023-09-02 23:00:00,4,0,463,110,0,22.9,5.5,0.0,0,0,1,0,0,0,0,1,0
2023-09-02 19:00:00,3,20,416,130,0,22.9,5.5,0.0,0,0,1,0,0,0,0,1,0
2023-09-02 14:00:00,2,15,846,538,0,22.9,5.5,0.0,0,0,1,0,0,0,0,1,0
2023-09-02 00:00:00,1,1,386,95,0,22.9,5.5,0.0,0,0,1,0,0,0,0,1,0
2023-09-02 01:00:00,1,2,268,93,0,22.9,5.5,0.0,0,0,1,0,0,0,0,1,0
2023-09-01 11:00:00,6,12,1329,520,0,22.4,9.9,0.0,1,0,0,0,0,0,0,1,0
2023-09-01 06:00:00,5,7,125,90,0,22.4,9.9,0.0,1,0,0,0,0,0,0,1,0
2023-09-01 21:00:00,5,22,167,67,0,22.4,9.9,0.0,1,0,0,0,0,0,0,1,0
2023-09-01 20:00:00,3,21,409,241,0,22.4,9.9,0.0,1,0,0,0,0,0,0,1,0
2023-09-01 23:00:00,3,0,296,75,0,22.4,9.9,0.0,1,0,0,0,0,0,0,1,0
2023-09-01 02:00:00,2,3,136,26,0,22.4,9.9,0.0,1,0,0,0,0,0,0,1,0
2023-09-01 14:00:00,1,15,747,548,0,22.4,9.9,0.0,1,0,0,0,0,0,0,1,0
2023-09-01 15:00:00,1,16,758,461,0,22.4,9.9,0.0,1,0,0,0,0,0,0,1,0
2023-09-01 22:00:00,1,23,199,94,0,22.4,9.9,0.0,1,0,0,0,0,0,0,1,0
2023-09-01 05:00:00,1,6,35,52,0,22.4,9.9,0.0,1,0,0,0,0,0,0,1,0
2023-09-01 07:00:00,0,8,232,182,0,22.4,9.9,0.0,1,0,0,0,0,0,0,1,0
2023-09-01 00:00:00,0,1,145,38,0,22.4,9.9,0.0,1,0,0,0,0,0,0,1,0
2023-09-01 03:00:00,0,4,50,34,0,22.4,9.9,0.0,1,0,0,0,0,0,0,1,0
2023-09-01 01:00:00,0,2,148,24,0,22.4,9.9,0.0,1,0,0,0,0,0,0,1,0
2023-09-01 04:00:00,0,5,0,18,0,22.4,9.9,0.0,1,0,0,0,0,0,0,1,0
2023-09-01 09:00:00,14,10,705,371,0,22.4,9.9,0.0,1,0,0,0,0,0,0,1,0
2023-09-01 18:00:00,14,19,589,289,0,22.4,9.9,0.0,1,0,0,0,0,0,0,1,0
2023-09-01 16:00:00,13,17,889,352,0,22.4,9.9,0.0,1,0,0,0,0,0,0,1,0
2023-09-01 08:00:00,13,9,470,275,0,22.4,9.9,0.0,1,0,0,0,0,0,0,1,0
2023-09-01 13:00:00,9,14,1053,535,0,22.4,9.9,0.0,1,0,0,0,0,0,0,1,0
2023-09-01 12:00:00,8,13,1212,539,0,22.4,9.9,0.0,1,0,0,0,0,0,0,1,0
2023-09-01 10:00:00,8,11,1097,496,0,22.4,9.9,0.0,1,0,0,0,0,0,0,1,0
2023-09-01 19:00:00,7,20,553,282,0,22.4,9.9,0.0,1,0,0,0,0,0,0,1,0
2023-09-02 08:00:00,22,9,197,241,0,22.9,5.5,0.0,0,0,1,0,0,0,0,1,0
2023-09-02 10:00:00,15,11,758,390,0,22.9,5.5,0.0,0,0,1,0,0,0,0,1,0
2023-09-02 12:00:00,13,13,1206,504,0,22.9,5.5,0.0,0,0,1,0,0,0,0,1,0
2023-09-02 11:00:00,12,12,1086,495,0,22.9,5.5,0.0,0,0,1,0,0,0,0,1,0
2023-09-02 15:00:00,8,16,828,468,0,22.9,5.5,0.0,0,0,1,0,0,0,0,1,0
2023-09-02 17:00:00,8,18,1145,429,0,22.9,5.5,0.0,0,0,1,0,0,0,0,1,0
2023-09-02 09:00:00,8,10,584,388,0,22.9,5.5,0.0,0,0,1,0,0,0,0,1,0
2023-09-02 07:00:00,8,8,86,123,0,22.9,5.5,0.0,0,0,1,0,0,0,0,1,0
2023-09-02 13:00:00,7,14,1241,570,0,22.9,5.5,0.0,0,0,1,0,0,0,0,1,0
2023-09-02 16:00:00,6,17,1362,479,0,22.9,5.5,0.0,0,0,1,0,0,0,0,1,0
2023-09-02 18:00:00,6,19,753,335,0,22.9,5.5,0.0,0,0,1,0,0,0,0,1,0
2023-09-02 03:00:00,1,4,235,74,0,22.9,5.5,0.0,0,0,1,0,0,0,0,1,0
2023-09-02 04:00:00,1,5,26,9,0,22.9,5.5,0.0,0,0,1,0,0,0,0,1,0
2023-09-02 22:00:00,0,23,331,98,0,22.9,5.5,0.0,0,0,1,0,0,0,0,1,0
2023-09-02 02:00:00,0,3,231,97,0,22.9,5.5,0.0,0,0,1,0,0,0,0,1,0
2023-09-02 05:00:00,0,6,20,9,0,22.9,5.5,0.0,0,0,1,0,0,0,0,1,0
2023-09-03 19:00:00,3,20,288,77,0,24.2,5.5,0.0,0,0,0,1,0,0,0,1,0
2023-09-03 02:00:00,2,3,424,72,0,24.2,5.5,0.0,0,0,0,1,0,0,0,1,0
2023-09-03 21:00:00,2,22,164,48,0,24.2,5.5,0.0,0,0,0,1,0,0,0,1,0
2023-09-03 01:00:00,1,2,411,105,0,24.2,5.5,0.0,0,0,0,1,0,0,0,1,0
2023-09-03 07:00:00,1,8,86,50,0,24.2,5.5,0.0,0,0,0,1,0,0,0,1,0
2023-09-03 13:00:00,10,14,828,348,0,24.2,5.5,0.0,0,0,0,1,0,0,0,1,0
2023-09-03 10:00:00,9,11,539,246,0,24.2,5.5,0.0,0,0,0,1,0,0,0,1,0
2023-09-03 12:00:00,8,13,813,334,0,24.2,5.5,0.0,0,0,0,1,0,0,0,1,0
2023-09-04 09:00:00,14,10,592,366,0,20.8,5.5,0.0,0,1,0,0,0,0,0,1,0
2023-09-04 08:00:00,12,9,478,271,0,20.8,5.5,0.0,0,1,0,0,0,0,0,1,0
2023-09-04 17:00:00,11,18,522,1340,0,20.8,5.5,0.0,0,1,0,0,0,0,0,1,0
2023-09-04 07:00:00,11,8,367,197,0,20.8,5.5,0.0,0,1,0,0,0,0,0,1,0
2023-09-03 14:00:00,8,15,671,268,0,24.2,5.5,0.0,0,0,0,1,0,0,0,1,0
2023-09-03 08:00:00,8,9,139,81,0,24.2,5.5,0.0,0,0,0,1,0,0,0,1,0
2023-09-03 06:00:00,8,7,78,55,0,24.2,5.5,0.0,0,0,0,1,0,0,0,1,0
2023-09-03 11:00:00,6,12,653,339,0,24.2,5.5,0.0,0,0,0,1,0,0,0,1,0
2023-09-03 09:00:00,15,10,296,141,0,24.2,5.5,0.0,0,0,0,1,0,0,0,1,0
2023-09-03 15:00:00,11,16,957,280,0,24.2,5.5,0.0,0,0,0,1,0,0,0,1,0
2023-09-03 17:00:00,6,18,495,214,0,24.2,5.5,0.0,0,0,0,1,0,0,0,1,0
2023-09-04 04:00:00,0,5,6,28,0,20.8,5.5,0.0,0,1,0,0,0,0,0,1,0
2023-09-03 16:00:00,5,17,742,268,0,24.2,5.5,0.0,0,0,0,1,0,0,0,1,0
2023-09-03 18:00:00,5,19,470,172,0,24.2,5.5,0.0,0,0,0,1,0,0,0,1,0
2023-09-03 03:00:00,5,4,372,74,0,24.2,5.5,0.0,0,0,0,1,0,0,0,1,0
2023-09-03 00:00:00,4,1,409,94,0,24.2,5.5,0.0,0,0,0,1,0,0,0,1,0
2023-09-03 20:00:00,4,21,208,68,0,24.2,5.5,0.0,0,0,0,1,0,0,0,1,0
2023-09-03 22:00:00,4,23,210,42,0,24.2,5.5,0.0,0,0,0,1,0,0,0,1,0
2023-09-04 23:00:00,2,0,74,24,0,20.8,5.5,0.0,0,1,0,0,0,0,0,1,0
2023-09-04 18:00:00,1,19,607,63,0,20.8,5.5,0.0,0,1,0,0,0,0,0,1,0
2023-09-04 01:00:00,1,2,230,62,0,20.8,5.5,0.0,0,1,0,0,0,0,0,1,0
2023-09-04 05:00:00,1,6,60,50,0,20.8,5.5,0.0,0,1,0,0,0,0,0,1,0
2023-09-04 02:00:00,0,3,251,73,0,20.8,5.5,0.0,0,1,0,0,0,0,0,1,0
2023-09-04 22:00:00,0,23,137,49,0,20.8,5.5,0.0,0,1,0,0,0,0,0,1,0
2023-09-04 00:00:00,0,1,198,39,0,20.8,5.5,0.0,0,1,0,0,0,0,0,1,0
2023-09-04 03:00:00,0,4,59,37,0,20.8,5.5,0.0,0,1,0,0,0,0,0,1,0
2023-09-03 05:00:00,0,6,14,54,0,24.2,5.5,0.0,0,0,0,1,0,0,0,1,0
2023-09-03 04:00:00,0,5,73,52,0,24.2,5.5,0.0,0,0,0,1,0,0,0,1,0
2023-09-03 23:00:00,0,0,215,47,0,24.2,5.5,0.0,0,0,0,1,0,0,0,1,0
2023-09-05 15:00:00,37,16,354,198,0,19.9,9.9,0.0,0,0,0,0,0,1,0,1,0
2023-09-05 09:00:00,31,10,351,356,0,19.9,9.9,0.0,0,0,0,0,0,1,0,1,0
2023-09-04 20:00:00,8,21,256,373,0,20.8,5.5,0.0,0,1,0,0,0,0,0,1,0
2023-09-04 06:00:00,8,7,141,121,0,20.8,5.5,0.0,0,1,0,0,0,0,0,1,0
2023-09-04 15:00:00,5,16,693,370,0,20.8,5.5,0.0,0,1,0,0,0,0,0,1,0
2023-09-04 19:00:00,5,20,404,309,0,20.8,5.5,0.0,0,1,0,0,0,0,0,1,0
2023-09-04 21:00:00,5,22,189,91,0,20.8,5.5,0.0,0,1,0,0,0,0,0,1,0
2023-09-04 14:00:00,4,15,1077,444,0,20.8,5.5,0.0,0,1,0,0,0,0,0,1,0
2023-09-04 11:00:00,4,12,1584,396,0,20.8,5.5,0.0,0,1,0,0,0,0,0,1,0
2023-09-04 16:00:00,3,17,1131,439,0,20.8,5.5,0.0,0,1,0,0,0,0,0,1,0
2023-09-04 13:00:00,3,14,1538,424,0,20.8,5.5,0.0,0,1,0,0,0,0,0,1,0
2023-09-04 12:00:00,3,13,1697,376,0,20.8,5.5,0.0,0,1,0,0,0,0,0,1,0
2023-09-04 10:00:00,3,11,1093,333,0,20.8,5.5,0.0,0,1,0,0,0,0,0,1,0
2023-09-06 20:00:00,1,21,347,191,0,22.4,14.0,0.0,0,0,0,0,0,0,1,1,0
2023-09-06 21:00:00,1,22,253,146,0,22.4,14.0,0.0,0,0,0,0,0,0,1,1,0
2023-09-06 23:00:00,1,0,161,60,0,22.4,14.0,0.0,0,0,0,0,0,0,1,1,0
2023-09-05 16:00:00,27,17,543,161,0,19.9,9.9,0.0,0,0,0,0,0,1,0,1,0
2023-09-06 00:00:00,0,1,10,75,0,22.4,14.0,0.0,0,0,0,0,0,0,1,1,0
2023-09-06 01:00:00,0,2,10,35,0,22.4,14.0,0.0,0,0,0,0,0,0,1,1,0
2023-09-06 05:00:00,0,6,41,13,0,22.4,14.0,0.0,0,0,0,0,0,0,1,1,0
2023-09-06 04:00:00,0,5,11,12,0,22.4,14.0,0.0,0,0,0,0,0,0,1,1,0
2023-09-06 02:00:00,0,3,7,7,0,22.4,14.0,0.0,0,0,0,0,0,0,1,1,0
2023-09-06 03:00:00,0,4,2,7,0,22.4,14.0,0.0,0,0,0,0,0,0,1,1,0
2023-09-05 13:00:00,3,14,1438,398,0,19.9,9.9,0.0,0,0,0,0,0,1,0,1,0
2023-09-05 11:00:00,3,12,925,357,0,19.9,9.9,0.0,0,0,0,0,0,1,0,1,0
2023-09-05 08:00:00,13,9,244,277,0,19.9,9.9,0.0,0,0,0,0,0,1,0,1,0
2023-09-05 04:00:00,0,5,7,17,0,19.9,9.9,0.0,0,0,0,0,0,1,0,1,0
2023-09-05 21:00:00,12,22,118,42,0,19.9,9.9,0.0,0,0,0,0,0,1,0,1,0
2023-09-05 01:00:00,2,2,23,50,0,19.9,9.9,0.0,0,0,0,0,0,1,0,1,0
2023-09-05 05:00:00,0,6,21,50,0,19.9,9.9,0.0,0,0,0,0,0,1,0,1,0
2023-09-05 02:00:00,0,3,13,29,0,19.9,9.9,0.0,0,0,0,0,0,1,0,1,0
2023-09-05 03:00:00,0,4,25,25,0,19.9,9.9,0.0,0,0,0,0,0,1,0,1,0
2023-09-05 17:00:00,19,18,924,144,0,19.9,9.9,0.0,0,0,0,0,0,1,0,1,0
2023-09-05 14:00:00,18,15,615,389,0,19.9,9.9,0.0,0,0,0,0,0,1,0,1,0
2023-09-05 10:00:00,15,11,741,365,0,19.9,9.9,0.0,0,0,0,0,0,1,0,1,0
2023-09-05 07:00:00,15,8,158,182,0,19.9,9.9,0.0,0,0,0,0,0,1,0,1,0
2023-09-06 10:00:00,9,11,876,438,0,22.4,14.0,0.0,0,0,0,0,0,0,1,1,0
2023-09-05 18:00:00,11,19,572,100,0,19.9,9.9,0.0,0,0,0,0,0,1,0,1,0
2023-09-06 13:00:00,25,14,1253,414,0,22.4,14.0,0.0,0,0,0,0,0,0,1,1,0
2023-09-06 18:00:00,8,19,708,340,0,22.4,14.0,0.0,0,0,0,0,0,0,1,1,0
2023-09-05 19:00:00,9,20,319,82,0,19.9,9.9,0.0,0,0,0,0,0,1,0,1,0
2023-09-06 14:00:00,8,15,949,267,0,22.4,14.0,0.0,0,0,0,0,0,0,1,1,0
2023-09-06 16:00:00,19,17,1150,442,0,22.4,14.0,0.0,0,0,0,0,0,0,1,1,0
2023-09-06 17:00:00,16,18,979,416,0,22.4,14.0,0.0,0,0,0,0,0,0,1,1,0
2023-09-06 11:00:00,13,12,1140,451,0,22.4,14.0,0.0,0,0,0,0,0,0,1,1,0
2023-09-06 12:00:00,12,13,1132,434,0,22.4,14.0,0.0,0,0,0,0,0,0,1,1,0
2023-09-06 09:00:00,12,10,812,389,0,22.4,14.0,0.0,0,0,0,0,0,0,1,1,0
2023-09-06 15:00:00,10,16,946,437,0,22.4,14.0,0.0,0,0,0,0,0,0,1,1,0
2023-09-06 08:00:00,10,9,516,290,0,22.4,14.0,0.0,0,0,0,0,0,0,1,1,0
2023-09-06 19:00:00,6,20,440,225,0,22.4,14.0,0.0,0,0,0,0,0,0,1,1,0
2023-09-06 22:00:00,6,23,204,141,0,22.4,14.0,0.0,0,0,0,0,0,0,1,1,0
2023-09-05 06:00:00,8,7,88,102,0,19.9,9.9,0.0,0,0,0,0,0,1,0,1,0
2023-09-05 20:00:00,8,21,241,68,0,19.9,9.9,0.0,0,0,0,0,0,1,0,1,0
2023-09-05 00:00:00,8,1,44,17,0,19.9,9.9,0.0,0,0,0,0,0,1,0,1,0
2023-09-06 07:00:00,3,8,286,189,0,22.4,14.0,0.0,0,0,0,0,0,0,1,1,0
2023-09-06 06:00:00,3,7,104,42,0,22.4,14.0,0.0,0,0,0,0,0,0,1,1,0
2023-09-05 23:00:00,6,0,64,23,0,19.9,9.9,0.0,0,0,0,0,0,1,0,1,0
2023-09-05 12:00:00,4,13,1177,418,0,19.9,9.9,0.0,0,0,0,0,0,1,0,1,0
2023-09-05 22:00:00,4,23,93,44,0,19.9,9.9,0.0,0,0,0,0,0,1,0,1,0
2023-09-07 02:00:00,2,3,98,30,0,25.0,12.0,0.0,0,0,0,0,1,0,0,1,0
2023-09-07 03:00:00,2,4,20,28,0,25.0,12.0,0.0,0,0,0,0,1,0,0,1,0
2023-09-07 14:00:00,7,15,1305,433,0,25.0,12.0,0.0,0,0,0,0,1,0,0,1,0
2023-09-07 15:00:00,7,16,1241,431,0,25.0,12.0,0.0,0,0,0,0,1,0,0,1,0
2023-09-08 01:00:00,1,2,101,19,0,24.7,13.5,0.0,1,0,0,0,0,0,0,1,0
2023-09-07 16:00:00,17,17,1133,471,0,25.0,12.0,0.0,0,0,0,0,1,0,0,1,0
2023-09-07 11:00:00,16,12,1160,402,0,25.0,12.0,0.0,0,0,0,0,1,0,0,1,0
2023-09-07 17:00:00,12,18,1093,424,0,25.0,12.0,0.0,0,0,0,0,1,0,0,1,0
2023-09-07 10:00:00,11,11,982,404,0,25.0,12.0,0.0,0,0,0,0,1,0,0,1,0
2023-09-07 18:00:00,11,19,671,347,0,25.0,12.0,0.0,0,0,0,0,1,0,0,1,0
2023-09-07 09:00:00,9,10,749,372,0,25.0,12.0,0.0,0,0,0,0,1,0,0,1,0
2023-09-07 06:00:00,9,7,102,88,0,25.0,12.0,0.0,0,0,0,0,1,0,0,1,0
2023-09-09 09:00:00,28,10,437,435,0,22.7,5.5,0.0,0,0,1,0,0,0,0,1,0
2023-09-09 02:00:00,23,3,446,41,0,22.7,5.5,0.0,0,0,1,0,0,0,0,1,0
2023-09-09 15:00:00,13,16,1041,476,0,22.7,5.5,0.0,0,0,1,0,0,0,0,1,0
2023-09-07 13:00:00,6,14,1269,498,0,25.0,12.0,0.0,0,0,0,0,1,0,0,1,0
2023-09-07 23:00:00,1,0,125,53,0,25.0,12.0,0.0,0,0,0,0,1,0,0,1,0
2023-09-08 11:00:00,6,12,860,532,0,24.7,13.5,0.0,1,0,0,0,0,0,0,1,0
2023-09-07 01:00:00,1,2,91,34,0,25.0,12.0,0.0,0,0,0,0,1,0,0,1,0
2023-09-08 23:00:00,6,0,359,64,0,24.7,13.5,0.0,1,0,0,0,0,0,0,1,0
2023-09-08 07:00:00,5,8,337,215,0,24.7,13.5,0.0,1,0,0,0,0,0,0,1,0
2023-09-08 19:00:00,4,20,608,342,0,24.7,13.5,0.0,1,0,0,0,0,0,0,1,0
2023-09-08 06:00:00,4,7,155,121,0,24.7,13.5,0.0,1,0,0,0,0,0,0,1,0
2023-09-08 21:00:00,4,22,259,115,0,24.7,13.5,0.0,1,0,0,0,0,0,0,1,0
2023-09-08 22:00:00,4,23,308,68,0,24.7,13.5,0.0,1,0,0,0,0,0,0,1,0
2023-09-08 02:00:00,3,3,191,26,0,24.7,13.5,0.0,1,0,0,0,0,0,0,1,0
2023-09-08 20:00:00,1,21,324,296,0,24.7,13.5,0.0,1,0,0,0,0,0,0,1,0
2023-09-08 10:00:00,16,11,650,482,0,24.7,13.5,0.0,1,0,0,0,0,0,0,1,0
2023-09-08 05:00:00,0,6,29,49,0,24.7,13.5,0.0,1,0,0,0,0,0,0,1,0
2023-09-08 00:00:00,0,1,120,47,0,24.7,13.5,0.0,1,0,0,0,0,0,0,1,0
2023-09-08 04:00:00,0,5,12,24,0,24.7,13.5,0.0,1,0,0,0,0,0,0,1,0
2023-09-08 03:00:00,0,4,14,8,0,24.7,13.5,0.0,1,0,0,0,0,0,0,1,0
2023-09-07 12:00:00,5,13,1246,498,0,25.0,12.0,0.0,0,0,0,0,1,0,0,1,0
2023-09-07 05:00:00,0,6,48,56,0,25.0,12.0,0.0,0,0,0,0,1,0,0,1,0
2023-09-08 15:00:00,15,16,958,142,0,24.7,13.5,0.0,1,0,0,0,0,0,0,1,0
2023-09-08 09:00:00,28,10,419,425,0,24.7,13.5,0.0,1,0,0,0,0,0,0,1,0
2023-09-08 14:00:00,14,15,881,375,0,24.7,13.5,0.0,1,0,0,0,0,0,0,1,0
2023-09-08 13:00:00,11,14,965,516,0,24.7,13.5,0.0,1,0,0,0,0,0,0,1,0
2023-09-08 12:00:00,11,13,959,499,0,24.7,13.5,0.0,1,0,0,0,0,0,0,1,0
2023-09-08 16:00:00,10,17,1183,469,0,24.7,13.5,0.0,1,0,0,0,0,0,0,1,0
2023-09-08 17:00:00,9,18,1082,510,0,24.7,13.5,0.0,1,0,0,0,0,0,0,1,0
2023-09-08 08:00:00,9,9,435,286,0,24.7,13.5,0.0,1,0,0,0,0,0,0,1,0
2023-09-08 18:00:00,8,19,784,432,0,24.7,13.5,0.0,1,0,0,0,0,0,0,1,0
2023-09-07 07:00:00,4,8,286,202,0,25.0,12.0,0.0,0,0,0,0,1,0,0,1,0
2023-09-07 19:00:00,4,20,590,193,0,25.0,12.0,0.0,0,0,0,0,1,0,0,1,0
2023-09-07 00:00:00,0,1,112,23,0,25.0,12.0,0.0,0,0,0,0,1,0,0,1,0
2023-09-07 22:00:00,4,23,167,112,0,25.0,12.0,0.0,0,0,0,0,1,0,0,1,0
2023-09-07 04:00:00,0,5,7,22,0,25.0,12.0,0.0,0,0,0,0,1,0,0,1,0
2023-09-07 08:00:00,3,9,530,350,0,25.0,12.0,0.0,0,0,0,0,1,0,0,1,0
2023-09-07 20:00:00,3,21,385,134,0,25.0,12.0,0.0,0,0,0,0,1,0,0,1,0
2023-09-07 21:00:00,2,22,207,114,0,25.0,12.0,0.0,0,0,0,0,1,0,0,1,0
2023-09-09 11:00:00,10,12,1165,573,0,22.7,5.5,0.0,0,0,1,0,0,0,0,1,0
2023-09-09 10:00:00,10,11,755,562,0,22.7,5.5,0.0,0,0,1,0,0,0,0,1,0
2023-09-09 16:00:00,10,17,371,128,0,22.7,5.5,0.0,0,0,1,0,0,0,0,1,0
2023-09-09 20:00:00,10,21,234,85,0,22.7,5.5,0.0,0,0,1,0,0,0,0,1,0
2023-09-09 14:00:00,9,15,1182,602,0,22.7,5.5,0.0,0,0,1,0,0,0,0,1,0
2023-09-09 17:00:00,8,18,362,109,0,22.7,5.5,0.0,0,0,1,0,0,0,0,1,0
2023-09-09 13:00:00,6,14,1276,410,0,22.7,5.5,0.0,0,0,1,0,0,0,0,1,0
2023-09-09 08:00:00,6,9,356,85,0,22.7,5.5,0.0,0,0,1,0,0,0,0,1,0
2023-09-10 06:00:00,4,7,39,9,0,20.5,5.5,21.4,0,0,0,1,0,0,0,1,0
2023-09-10 19:00:00,0,20,442,165,0,20.5,5.5,21.4,0,0,0,1,0,0,0,1,0
2023-09-09 12:00:00,5,13,1271,557,0,22.7,5.5,0.0,0,0,1,0,0,0,0,1,0
2023-09-09 19:00:00,5,20,162,77,0,22.7,5.5,0.0,0,0,1,0,0,0,0,1,0
2023-09-09 06:00:00,5,7,82,20,0,22.7,5.5,0.0,0,0,1,0,0,0,0,1,0
2023-09-09 01:00:00,4,2,344,46,0,22.7,5.5,0.0,0,0,1,0,0,0,0,1,0
2023-09-09 18:00:00,3,19,255,89,0,22.7,5.5,0.0,0,0,1,0,0,0,0,1,0
2023-09-09 00:00:00,3,1,361,79,0,22.7,5.5,0.0,0,0,1,0,0,0,0,1,0
2023-09-09 23:00:00,2,0,396,90,0,22.7,5.5,0.0,0,0,1,0,0,0,0,1,0
2023-09-09 03:00:00,2,4,583,55,0,22.7,5.5,0.0,0,0,1,0,0,0,0,1,0
2023-09-11 15:00:00,11,16,744,453,0,17.4,12.5,0.0,0,1,0,0,0,0,0,1,0
2023-09-11 19:00:00,11,20,378,378,0,17.4,12.5,0.0,0,1,0,0,0,0,0,1,0
2023-09-10 08:00:00,0,9,193,100,0,20.5,5.5,21.4,0,0,0,1,0,0,0,1,0
2023-09-10 13:00:00,3,14,970,374,0,20.5,5.5,21.4,0,0,0,1,0,0,0,1,0
2023-09-09 22:00:00,1,23,160,69,0,22.7,5.5,0.0,0,0,1,0,0,0,0,1,0
2023-09-09 07:00:00,1,8,183,50,0,22.7,5.5,0.0,0,0,1,0,0,0,0,1,0
2023-09-09 21:00:00,0,22,89,57,0,22.7,5.5,0.0,0,0,1,0,0,0,0,1,0
2023-09-09 04:00:00,0,5,40,15,0,22.7,5.5,0.0,0,0,1,0,0,0,0,1,0
2023-09-09 05:00:00,0,6,38,15,0,22.7,5.5,0.0,0,0,1,0,0,0,0,1,0
2023-09-10 04:00:00,0,5,36,15,0,20.5,5.5,21.4,0,0,0,1,0,0,0,1,0
2023-09-10 05:00:00,0,6,27,12,0,20.5,5.5,21.4,0,0,0,1,0,0,0,1,0
2023-09-10 16:00:00,7,17,742,373,0,20.5,5.5,21.4,0,0,0,1,0,0,0,1,0
2023-09-10 17:00:00,7,18,459,368,0,20.5,5.5,21.4,0,0,0,1,0,0,0,1,0
2023-09-10 11:00:00,7,12,1279,321,0,20.5,5.5,21.4,0,0,0,1,0,0,0,1,0
2023-09-10 18:00:00,2,19,485,196,0,20.5,5.5,21.4,0,0,0,1,0,0,0,1,0
2023-09-10 01:00:00,2,2,437,102,0,20.5,5.5,21.4,0,0,0,1,0,0,0,1,0
2023-09-10 07:00:00,2,8,162,58,0,20.5,5.5,21.4,0,0,0,1,0,0,0,1,0
2023-09-10 14:00:00,5,15,936,319,0,20.5,5.5,21.4,0,0,0,1,0,0,0,1,0
2023-09-10 15:00:00,5,16,877,305,0,20.5,5.5,21.4,0,0,0,1,0,0,0,1,0
2023-09-10 10:00:00,5,11,786,271,0,20.5,5.5,21.4,0,0,0,1,0,0,0,1,0
2023-09-10 03:00:00,5,4,304,56,0,20.5,5.5,21.4,0,0,0,1,0,0,0,1,0
2023-09-10 12:00:00,4,13,1195,420,0,20.5,5.5,21.4,0,0,0,1,0,0,0,1,0
2023-09-10 09:00:00,4,10,315,144,0,20.5,5.5,21.4,0,0,0,1,0,0,0,1,0
2023-09-10 02:00:00,4,3,464,87,0,20.5,5.5,21.4,0,0,0,1,0,0,0,1,0
2023-09-10 00:00:00,4,1,275,68,0,20.5,5.5,21.4,0,0,0,1,0,0,0,1,0
2023-09-10 20:00:00,1,21,261,129,0,20.5,5.5,21.4,0,0,0,1,0,0,0,1,0
2023-09-10 22:00:00,1,23,148,116,0,20.5,5.5,21.4,0,0,0,1,0,0,0,1,0
2023-09-10 21:00:00,1,22,221,91,0,20.5,5.5,21.4,0,0,0,1,0,0,0,1,0
2023-09-10 23:00:00,1,0,141,49,0,20.5,5.5,21.4,0,0,0,1,0,0,0,1,0
2023-09-11 08:00:00,10,9,383,194,0,17.4,12.5,0.0,0,1,0,0,0,0,0,1,0
2023-09-11 14:00:00,9,15,782,362,0,17.4,12.5,0.0,0,1,0,0,0,0,0,1,0
2023-09-11 09:00:00,8,10,745,462,0,17.4,12.5,0.0,0,1,0,0,0,0,0,1,0
2023-09-11 10:00:00,8,11,816,443,0,17.4,12.5,0.0,0,1,0,0,0,0,0,1,0
2023-09-11 17:00:00,7,18,423,455,0,17.4,12.5,0.0,0,1,0,0,0,0,0,1,0
2023-09-11 18:00:00,6,19,567,285,0,17.4,12.5,0.0,0,1,0,0,0,0,0,1,0
2023-09-11 13:00:00,6,14,953,234,0,17.4,12.5,0.0,0,1,0,0,0,0,0,1,0
2023-09-11 12:00:00,5,13,833,250,0,17.4,12.5,0.0,0,1,0,0,0,0,0,1,0
2023-09-11 20:00:00,5,21,286,187,0,17.4,12.5,0.0,0,1,0,0,0,0,0,1,0
2023-09-11 07:00:00,5,8,149,54,0,17.4,12.5,0.0,0,1,0,0,0,0,0,1,0
2023-09-11 06:00:00,5,7,75,39,0,17.4,12.5,0.0,0,1,0,0,0,0,0,1,0
2023-09-11 16:00:00,4,17,1011,555,0,17.4,12.5,0.0,0,1,0,0,0,0,0,1,0
2023-09-11 11:00:00,2,12,798,227,0,17.4,12.5,0.0,0,1,0,0,0,0,0,1,0
2023-09-11 21:00:00,2,22,184,182,0,17.4,12.5,0.0,0,1,0,0,0,0,0,1,0
2023-09-11 02:00:00,2,3,224,28,0,17.4,12.5,0.0,0,1,0,0,0,0,0,1,0
2023-09-11 22:00:00,1,23,149,146,0,17.4,12.5,0.0,0,1,0,0,0,0,0,1,0
2023-09-11 23:00:00,0,0,139,83,0,17.4,12.5,0.0,0,1,0,0,0,0,0,1,0
2023-09-11 01:00:00,0,2,47,29,0,17.4,12.5,0.0,0,1,0,0,0,0,0,1,0
2023-09-11 00:00:00,0,1,106,27,0,17.4,12.5,0.0,0,1,0,0,0,0,0,1,0
2023-09-11 03:00:00,0,4,30,21,0,17.4,12.5,0.0,0,1,0,0,0,0,0,1,0
2023-09-11 05:00:00,0,6,42,9,0,17.4,12.5,0.0,0,1,0,0,0,0,0,1,0
2023-09-11 04:00:00,0,5,7,7,0,17.4,12.5,0.0,0,1,0,0,0,0,0,1,0
2023-09-12 08:00:00,10,9,546,299,0,15.6,8.2,0.0,0,0,0,0,0,1,0,1,0
2023-09-12 14:00:00,9,15,903,351,0,15.6,8.2,0.0,0,0,0,0,0,1,0,1,0
2023-09-12 19:00:00,9,20,396,207,0,15.6,8.2,0.0,0,0,0,0,0,1,0,1,0
2023-09-12 20:00:00,9,21,239,110,0,15.6,8.2,0.0,0,0,0,0,0,1,0,1,0
2023-09-12 16:00:00,8,17,1008,332,0,15.6,8.2,0.0,0,0,0,0,0,1,0,1,0
2023-09-12 06:00:00,6,7,105,29,0,15.6,8.2,0.0,0,0,0,0,0,1,0,1,0
2023-09-12 11:00:00,5,12,905,360,0,15.6,8.2,0.0,0,0,0,0,0,1,0,1,0
2023-09-12 13:00:00,5,14,928,348,0,15.6,8.2,0.0,0,0,0,0,0,1,0,1,0
2023-09-12 12:00:00,4,13,1053,361,0,15.6,8.2,0.0,0,0,0,0,0,1,0,1,0
2023-09-12 10:00:00,4,11,930,333,0,15.6,8.2,0.0,0,0,0,0,0,1,0,1,0
2023-09-12 23:00:00,4,0,111,43,0,15.6,8.2,0.0,0,0,0,0,0,1,0,1,0
2023-09-12 21:00:00,2,22,198,159,0,15.6,8.2,0.0,0,0,0,0,0,1,0,1,0
2023-09-12 22:00:00,2,23,104,103,0,15.6,8.2,0.0,0,0,0,0,0,1,0,1,0
2023-09-13 12:00:00,19,13,1166,549,0,18.3,5.5,1.8,0,0,0,0,0,0,1,1,0
2023-09-13 08:00:00,12,9,528,283,0,18.3,5.5,1.8,0,0,0,0,0,0,1,1,0
2023-09-13 09:00:00,11,10,786,342,0,18.3,5.5,1.8,0,0,0,0,0,0,1,1,0
2023-09-13 07:00:00,11,8,394,188,0,18.3,5.5,1.8,0,0,0,0,0,0,1,1,0
2023-09-13 10:00:00,7,11,940,416,0,18.3,5.5,1.8,0,0,0,0,0,0,1,1,0
2023-09-13 16:00:00,6,17,990,365,0,18.3,5.5,1.8,0,0,0,0,0,0,1,1,0
2023-09-13 15:00:00,6,16,950,355,0,18.3,5.5,1.8,0,0,0,0,0,0,1,1,0
2023-09-13 14:00:00,6,15,789,298,0,18.3,5.5,1.8,0,0,0,0,0,0,1,1,0
2023-09-12 18:00:00,17,19,477,262,0,15.6,8.2,0.0,0,0,0,0,0,1,0,1,0
2023-09-12 09:00:00,13,10,716,397,0,15.6,8.2,0.0,0,0,0,0,0,1,0,1,0
2023-09-12 17:00:00,12,18,697,351,0,15.6,8.2,0.0,0,0,0,0,0,1,0,1,0
2023-09-12 07:00:00,11,8,401,211,0,15.6,8.2,0.0,0,0,0,0,0,1,0,1,0
2023-09-12 15:00:00,10,16,894,333,0,15.6,8.2,0.0,0,0,0,0,0,1,0,1,0
2023-09-12 00:00:00,1,1,88,40,0,15.6,8.2,0.0,0,0,0,0,0,1,0,1,0
2023-09-12 05:00:00,1,6,57,15,0,15.6,8.2,0.0,0,0,0,0,0,1,0,1,0
2023-09-12 03:00:00,1,4,7,8,0,15.6,8.2,0.0,0,0,0,0,0,1,0,1,0
2023-09-12 04:00:00,0,5,5,8,0,15.6,8.2,0.0,0,0,0,0,0,1,0,1,0
2023-09-12 01:00:00,0,2,10,5,0,15.6,8.2,0.0,0,0,0,0,0,1,0,1,0
2023-09-12 02:00:00,0,3,18,4,0,15.6,8.2,0.0,0,0,0,0,0,1,0,1,0
2023-09-13 13:00:00,6,14,413,172,0,18.3,5.5,1.8,0,0,0,0,0,0,1,1,0
2023-09-14 16:00:00,5,17,1612,502,0,14.5,10.6,0.0,0,0,0,0,1,0,0,1,0
2023-09-13 23:00:00,1,0,153,40,0,18.3,5.5,1.8,0,0,0,0,0,0,1,1,0
2023-09-13 00:00:00,1,1,74,24,0,18.3,5.5,1.8,0,0,0,0,0,0,1,1,0
2023-09-14 15:00:00,5,16,1843,454,0,14.5,10.6,0.0,0,0,0,0,1,0,0,1,0
2023-09-13 18:00:00,5,19,677,312,0,18.3,5.5,1.8,0,0,0,0,0,0,1,1,0
2023-09-14 09:00:00,9,10,1087,422,0,14.5,10.6,0.0,0,0,0,0,1,0,0,1,0
2023-09-14 18:00:00,9,19,900,396,0,14.5,10.6,0.0,0,0,0,0,1,0,0,1,0
2023-09-14 12:00:00,6,13,1933,520,0,14.5,10.6,0.0,0,0,0,0,1,0,0,1,0
2023-09-13 05:00:00,1,6,24,16,0,18.3,5.5,1.8,0,0,0,0,0,0,1,1,0
2023-09-14 20:00:00,0,21,336,243,0,14.5,10.6,0.0,0,0,0,0,1,0,0,1,0
2023-09-13 06:00:00,5,7,102,63,0,18.3,5.5,1.8,0,0,0,0,0,0,1,1,0
2023-09-13 11:00:00,4,12,1052,458,0,18.3,5.5,1.8,0,0,0,0,0,0,1,1,0
2023-09-13 17:00:00,4,18,753,317,0,18.3,5.5,1.8,0,0,0,0,0,0,1,1,0
2023-09-13 19:00:00,4,20,198,93,0,18.3,5.5,1.8,0,0,0,0,0,0,1,1,0
2023-09-13 20:00:00,4,21,195,63,0,18.3,5.5,1.8,0,0,0,0,0,0,1,1,0
2023-09-13 21:00:00,4,22,143,60,0,18.3,5.5,1.8,0,0,0,0,0,0,1,1,0
2023-09-14 21:00:00,0,22,305,200,0,14.5,10.6,0.0,0,0,0,0,1,0,0,1,0
2023-09-14 08:00:00,4,9,853,303,0,14.5,10.6,0.0,0,0,0,0,1,0,0,1,0
2023-09-14 00:00:00,4,1,136,37,0,14.5,10.6,0.0,0,0,0,0,1,0,0,1,0
2023-09-14 13:00:00,3,14,1886,516,0,14.5,10.6,0.0,0,0,0,0,1,0,0,1,0
2023-09-14 10:00:00,3,11,1774,465,0,14.5,10.6,0.0,0,0,0,0,1,0,0,1,0
2023-09-14 11:00:00,3,12,1752,465,0,14.5,10.6,0.0,0,0,0,0,1,0,0,1,0
2023-09-14 07:00:00,3,8,507,208,0,14.5,10.6,0.0,0,0,0,0,1,0,0,1,0
2023-09-14 22:00:00,3,23,255,205,0,14.5,10.6,0.0,0,0,0,0,1,0,0,1,0
2023-09-14 19:00:00,2,20,531,318,0,14.5,10.6,0.0,0,0,0,0,1,0,0,1,0
2023-09-14 02:00:00,2,3,186,25,0,14.5,10.6,0.0,0,0,0,0,1,0,0,1,0
2023-09-14 05:00:00,2,6,55,19,0,14.5,10.6,0.0,0,0,0,0,1,0,0,1,0
2023-09-14 04:00:00,2,5,9,9,0,14.5,10.6,0.0,0,0,0,0,1,0,0,1,0
2023-09-14 14:00:00,1,15,1103,516,0,14.5,10.6,0.0,0,0,0,0,1,0,0,1,0
2023-09-14 06:00:00,1,7,105,59,0,14.5,10.6,0.0,0,0,0,0,1,0,0,1,0
2023-09-14 23:00:00,0,0,179,111,0,14.5,10.6,0.0,0,0,0,0,1,0,0,1,0
2023-09-15 12:00:00,15,13,2149,574,0,15.5,9.8,13.2,1,0,0,0,0,0,0,1,0
2023-09-14 01:00:00,0,2,73,32,0,14.5,10.6,0.0,0,0,0,0,1,0,0,1,0
2023-09-14 03:00:00,0,4,22,25,0,14.5,10.6,0.0,0,0,0,0,1,0,0,1,0
2023-09-15 13:00:00,9,14,2168,527,0,15.5,9.8,13.2,1,0,0,0,0,0,0,1,0
2023-09-15 14:00:00,7,15,1854,546,0,15.5,9.8,13.2,1,0,0,0,0,0,0,1,0
2023-09-15 23:00:00,6,0,150,101,0,15.5,9.8,13.2,1,0,0,0,0,0,0,1,0
2023-09-15 17:00:00,5,18,1519,508,0,15.5,9.8,13.2,1,0,0,0,0,0,0,1,0
2023-09-15 09:00:00,5,10,1304,468,0,15.5,9.8,13.2,1,0,0,0,0,0,0,1,0
2023-09-15 11:00:00,4,12,1858,587,0,15.5,9.8,13.2,1,0,0,0,0,0,0,1,0
2023-09-15 18:00:00,4,19,830,426,0,15.5,9.8,13.2,1,0,0,0,0,0,0,1,0
2023-09-13 22:00:00,0,23,100,55,0,18.3,5.5,1.8,0,0,0,0,0,0,1,1,0
2023-09-13 01:00:00,0,2,20,24,0,18.3,5.5,1.8,0,0,0,0,0,0,1,1,0
2023-09-13 02:00:00,0,3,15,11,0,18.3,5.5,1.8,0,0,0,0,0,0,1,1,0
2023-09-13 03:00:00,0,4,12,11,0,18.3,5.5,1.8,0,0,0,0,0,0,1,1,0
2023-09-13 04:00:00,0,5,9,10,0,18.3,5.5,1.8,0,0,0,0,0,0,1,1,0
2023-09-14 17:00:00,21,18,1319,489,0,14.5,10.6,0.0,0,0,0,0,1,0,0,1,0
2023-09-15 21:00:00,0,22,165,102,0,15.5,9.8,13.2,1,0,0,0,0,0,0,1,0
2023-09-16 07:00:00,0,8,139,43,0,14.9,9.2,0.0,0,0,1,0,0,0,0,1,0
2023-09-17 18:00:00,5,19,600,243,0,16.0,6.8,9.0,0,0,0,1,0,0,0,1,0
2023-09-17 02:00:00,5,3,464,159,0,16.0,6.8,9.0,0,0,0,1,0,0,0,1,0
2023-09-17 15:00:00,3,16,1214,364,0,16.0,6.8,9.0,0,0,0,1,0,0,0,1,0
2023-09-17 16:00:00,3,17,1768,328,0,16.0,6.8,9.0,0,0,0,1,0,0,0,1,0
2023-09-17 01:00:00,3,2,578,113,0,16.0,6.8,9.0,0,0,0,1,0,0,0,1,0
2023-09-17 06:00:00,3,7,35,38,0,16.0,6.8,9.0,0,0,0,1,0,0,0,1,0
2023-09-17 09:00:00,2,10,311,119,0,16.0,6.8,9.0,0,0,0,1,0,0,0,1,0
2023-09-17 08:00:00,2,9,195,85,0,16.0,6.8,9.0,0,0,0,1,0,0,0,1,0
2023-09-15 10:00:00,3,11,1468,521,0,15.5,9.8,13.2,1,0,0,0,0,0,0,1,0
2023-09-16 04:00:00,0,5,28,13,0,14.9,9.2,0.0,0,0,1,0,0,0,0,1,0
2023-09-15 15:00:00,3,16,2047,486,0,15.5,9.8,13.2,1,0,0,0,0,0,0,1,0
2023-09-17 12:00:00,12,13,855,348,0,16.0,6.8,9.0,0,0,0,1,0,0,0,1,0
2023-09-17 10:00:00,10,11,531,239,0,16.0,6.8,9.0,0,0,0,1,0,0,0,1,0
2023-09-17 13:00:00,7,14,1046,351,0,16.0,6.8,9.0,0,0,0,1,0,0,0,1,0
2023-09-17 11:00:00,7,12,615,287,0,16.0,6.8,9.0,0,0,0,1,0,0,0,1,0
2023-09-17 17:00:00,6,18,1174,322,0,16.0,6.8,9.0,0,0,0,1,0,0,0,1,0
2023-09-17 14:00:00,6,15,1091,319,0,16.0,6.8,9.0,0,0,0,1,0,0,0,1,0
2023-09-15 08:00:00,3,9,868,328,0,15.5,9.8,13.2,1,0,0,0,0,0,0,1,0
2023-09-16 16:00:00,2,17,1786,569,0,14.9,9.2,0.0,0,0,1,0,0,0,0,1,0
2023-09-15 07:00:00,3,8,472,217,0,15.5,9.8,13.2,1,0,0,0,0,0,0,1,0
2023-09-15 04:00:00,0,5,17,56,0,15.5,9.8,13.2,1,0,0,0,0,0,0,1,0
2023-09-15 05:00:00,0,6,29,38,0,15.5,9.8,13.2,1,0,0,0,0,0,0,1,0
2023-09-16 23:00:00,2,0,445,82,0,14.9,9.2,0.0,0,0,1,0,0,0,0,1,0
2023-09-15 00:00:00,0,1,109,23,0,15.5,9.8,13.2,1,0,0,0,0,0,0,1,0
2023-09-16 21:00:00,2,22,219,71,0,14.9,9.2,0.0,0,0,1,0,0,0,0,1,0
2023-09-15 01:00:00,0,2,95,21,0,15.5,9.8,13.2,1,0,0,0,0,0,0,1,0
2023-09-16 13:00:00,7,14,1663,546,0,14.9,9.2,0.0,0,0,1,0,0,0,0,1,0
2023-09-15 03:00:00,0,4,18,20,0,15.5,9.8,13.2,1,0,0,0,0,0,0,1,0
2023-09-16 05:00:00,2,6,42,7,0,14.9,9.2,0.0,0,0,1,0,0,0,0,1,0
2023-09-16 09:00:00,1,10,987,377,0,14.9,9.2,0.0,0,0,1,0,0,0,0,1,0
2023-09-15 19:00:00,2,20,505,318,0,15.5,9.8,13.2,1,0,0,0,0,0,0,1,0
2023-09-16 08:00:00,1,9,432,249,0,14.9,9.2,0.0,0,0,1,0,0,0,0,1,0
2023-09-16 17:00:00,6,18,1703,484,0,14.9,9.2,0.0,0,0,1,0,0,0,0,1,0
2023-09-15 16:00:00,1,17,1721,587,0,15.5,9.8,13.2,1,0,0,0,0,0,0,1,0
2023-09-15 06:00:00,1,7,100,74,0,15.5,9.8,13.2,1,0,0,0,0,0,0,1,0
2023-09-15 22:00:00,1,23,98,59,0,15.5,9.8,13.2,1,0,0,0,0,0,0,1,0
2023-09-15 02:00:00,1,3,139,27,0,15.5,9.8,13.2,1,0,0,0,0,0,0,1,0
2023-09-15 20:00:00,0,21,150,200,0,15.5,9.8,13.2,1,0,0,0,0,0,0,1,0
2023-09-16 22:00:00,6,23,346,93,0,14.9,9.2,0.0,0,0,1,0,0,0,0,1,0
2023-09-16 14:00:00,5,15,1663,675,0,14.9,9.2,0.0,0,0,1,0,0,0,0,1,0
2023-09-16 15:00:00,5,16,1997,561,0,14.9,9.2,0.0,0,0,1,0,0,0,0,1,0
2023-09-16 06:00:00,5,7,81,17,0,14.9,9.2,0.0,0,0,1,0,0,0,0,1,0
2023-09-16 11:00:00,4,12,1458,551,0,14.9,9.2,0.0,0,0,1,0,0,0,0,1,0
2023-09-16 19:00:00,4,20,713,317,0,14.9,9.2,0.0,0,0,1,0,0,0,0,1,0
2023-09-16 20:00:00,4,21,281,84,0,14.9,9.2,0.0,0,0,1,0,0,0,0,1,0
2023-09-16 03:00:00,4,4,218,42,0,14.9,9.2,0.0,0,0,1,0,0,0,0,1,0
2023-09-16 10:00:00,3,11,1280,542,0,14.9,9.2,0.0,0,0,1,0,0,0,0,1,0
2023-09-16 12:00:00,3,13,1433,535,0,14.9,9.2,0.0,0,0,1,0,0,0,0,1,0
2023-09-16 01:00:00,1,2,189,59,0,14.9,9.2,0.0,0,0,1,0,0,0,0,1,0
2023-09-16 18:00:00,0,19,1094,377,0,14.9,9.2,0.0,0,0,1,0,0,0,0,1,0
2023-09-16 00:00:00,0,1,111,86,0,14.9,9.2,0.0,0,0,1,0,0,0,0,1,0
2023-09-16 02:00:00,0,3,180,69,0,14.9,9.2,0.0,0,0,1,0,0,0,0,1,0
2023-09-19 14:00:00,2,15,501,519,0,19.3,6.9,4.7,0,0,0,0,0,1,0,1,0
2023-09-19 10:00:00,2,11,1202,424,0,19.3,6.9,4.7,0,0,0,0,0,1,0,1,0
2023-09-19 08:00:00,2,9,765,337,0,19.3,6.9,4.7,0,0,0,0,0,1,0,1,0
2023-09-19 18:00:00,1,19,498,310,0,19.3,6.9,4.7,0,0,0,0,0,1,0,1,0
2023-09-19 07:00:00,1,8,418,233,0,19.3,6.9,4.7,0,0,0,0,0,1,0,1,0
2023-09-19 06:00:00,1,7,146,78,0,19.3,6.9,4.7,0,0,0,0,0,1,0,1,0
2023-09-19 11:00:00,0,12,1518,449,0,19.3,6.9,4.7,0,0,0,0,0,1,0,1,0
2023-09-19 19:00:00,0,20,190,197,0,19.3,6.9,4.7,0,0,0,0,0,1,0,1,0
2023-09-19 20:00:00,0,21,103,187,0,19.3,6.9,4.7,0,0,0,0,0,1,0,1,0
2023-09-19 17:00:00,12,18,602,275,0,19.3,6.9,4.7,0,0,0,0,0,1,0,1,0
2023-09-19 12:00:00,8,13,1799,430,0,19.3,6.9,4.7,0,0,0,0,0,1,0,1,0
2023-09-19 15:00:00,5,16,463,182,0,19.3,6.9,4.7,0,0,0,0,0,1,0,1,0
2023-09-19 16:00:00,5,17,473,176,0,19.3,6.9,4.7,0,0,0,0,0,1,0,1,0
2023-09-19 09:00:00,4,10,909,414,0,19.3,6.9,4.7,0,0,0,0,0,1,0,1,0
2023-09-19 13:00:00,3,14,1148,667,0,19.3,6.9,4.7,0,0,0,0,0,1,0,1,0
2023-09-18 16:00:00,6,17,1429,402,0,11.2,11.0,1.9,0,1,0,0,0,0,0,1,0
2023-09-18 13:00:00,12,14,1316,458,0,11.2,11.0,1.9,0,1,0,0,0,0,0,1,0
2023-09-18 10:00:00,10,11,907,420,0,11.2,11.0,1.9,0,1,0,0,0,0,0,1,0
2023-09-18 12:00:00,8,13,1292,488,0,11.2,11.0,1.9,0,1,0,0,0,0,0,1,0
2023-09-18 17:00:00,8,18,1140,396,0,11.2,11.0,1.9,0,1,0,0,0,0,0,1,0
2023-09-18 15:00:00,8,16,633,288,0,11.2,11.0,1.9,0,1,0,0,0,0,0,1,0
2023-09-18 19:00:00,6,20,402,329,0,11.2,11.0,1.9,0,1,0,0,0,0,0,1,0
2023-09-18 01:00:00,1,2,159,16,0,11.2,11.0,1.9,0,1,0,0,0,0,0,1,0
2023-09-17 20:00:00,1,21,254,177,0,16.0,6.8,9.0,0,0,0,1,0,0,0,1,0
2023-09-17 21:00:00,1,22,141,151,0,16.0,6.8,9.0,0,0,0,1,0,0,0,1,0
2023-09-18 11:00:00,5,12,851,362,0,11.2,11.0,1.9,0,1,0,0,0,0,0,1,0
2023-09-17 00:00:00,1,1,409,96,0,16.0,6.8,9.0,0,0,0,1,0,0,0,1,0
2023-09-18 08:00:00,5,9,381,225,0,11.2,11.0,1.9,0,1,0,0,0,0,0,1,0
2023-09-18 20:00:00,0,21,157,212,0,11.2,11.0,1.9,0,1,0,0,0,0,0,1,0
2023-09-18 14:00:00,4,15,1041,486,0,11.2,11.0,1.9,0,1,0,0,0,0,0,1,0
2023-09-18 21:00:00,0,22,156,145,0,11.2,11.0,1.9,0,1,0,0,0,0,0,1,0
2023-09-17 07:00:00,1,8,83,57,0,16.0,6.8,9.0,0,0,0,1,0,0,0,1,0
2023-09-18 09:00:00,4,10,606,339,0,11.2,11.0,1.9,0,1,0,0,0,0,0,1,0
2023-09-17 23:00:00,1,0,167,54,0,16.0,6.8,9.0,0,0,0,1,0,0,0,1,0
2023-09-18 18:00:00,4,19,661,291,0,11.2,11.0,1.9,0,1,0,0,0,0,0,1,0
2023-09-18 02:00:00,4,3,178,42,0,11.2,11.0,1.9,0,1,0,0,0,0,0,1,0
2023-09-18 03:00:00,0,4,48,67,0,11.2,11.0,1.9,0,1,0,0,0,0,0,1,0
2023-09-18 07:00:00,3,8,316,246,0,11.2,11.0,1.9,0,1,0,0,0,0,0,1,0
2023-09-18 05:00:00,0,6,10,62,0,11.2,11.0,1.9,0,1,0,0,0,0,0,1,0
2023-09-17 19:00:00,0,20,320,202,0,16.0,6.8,9.0,0,0,0,1,0,0,0,1,0
2023-09-17 22:00:00,0,23,143,114,0,16.0,6.8,9.0,0,0,0,1,0,0,0,1,0
2023-09-17 03:00:00,0,4,511,105,0,16.0,6.8,9.0,0,0,0,1,0,0,0,1,0
2023-09-18 04:00:00,0,5,9,20,0,11.2,11.0,1.9,0,1,0,0,0,0,0,1,0
2023-09-17 04:00:00,0,5,41,54,0,16.0,6.8,9.0,0,0,0,1,0,0,0,1,0
2023-09-18 22:00:00,1,23,178,143,0,11.2,11.0,1.9,0,1,0,0,0,0,0,1,0
2023-09-17 05:00:00,0,6,22,28,0,16.0,6.8,9.0,0,0,0,1,0,0,0,1,0
2023-09-18 06:00:00,1,7,64,82,0,11.2,11.0,1.9,0,1,0,0,0,0,0,1,0
2023-09-18 23:00:00,1,0,121,79,0,11.2,11.0,1.9,0,1,0,0,0,0,0,1,0
2023-09-18 00:00:00,1,1,139,37,0,11.2,11.0,1.9,0,1,0,0,0,0,0,1,0
2023-09-20 06:00:00,0,7,122,104,0,15.9,9.4,0.2,0,0,0,0,0,0,1,1,0
2023-09-19 21:00:00,0,22,63,126,0,19.3,6.9,4.7,0,0,0,0,0,1,0,1,0
2023-09-21 16:00:00,14,17,719,224,0,15.4,9.2,0.0,0,0,0,0,1,0,0,1,0
2023-09-19 22:00:00,0,23,100,106,0,19.3,6.9,4.7,0,0,0,0,0,1,0,1,0
2023-09-19 23:00:00,0,0,65,78,0,19.3,6.9,4.7,0,0,0,0,0,1,0,1,0
2023-09-19 05:00:00,0,6,26,60,0,19.3,6.9,4.7,0,0,0,0,0,1,0,1,0
2023-09-19 00:00:00,0,1,39,52,0,19.3,6.9,4.7,0,0,0,0,0,1,0,1,0
2023-09-19 01:00:00,0,2,18,41,0,19.3,6.9,4.7,0,0,0,0,0,1,0,1,0
2023-09-19 02:00:00,0,3,19,27,0,19.3,6.9,4.7,0,0,0,0,0,1,0,1,0
2023-09-19 04:00:00,0,5,25,24,0,19.3,6.9,4.7,0,0,0,0,0,1,0,1,0
2023-09-19 03:00:00,0,4,7,20,0,19.3,6.9,4.7,0,0,0,0,0,1,0,1,0
2023-09-20 07:00:00,4,8,342,210,0,15.9,9.4,0.2,0,0,0,0,0,0,1,1,0
2023-09-21 13:00:00,13,14,996,424,0,15.4,9.2,0.0,0,0,0,0,1,0,0,1,0
2023-09-20 00:00:00,0,1,50,57,0,15.9,9.4,0.2,0,0,0,0,0,0,1,1,0
2023-09-21 08:00:00,32,9,359,118,0,15.4,9.2,0.0,0,0,0,0,1,0,0,1,0
2023-09-20 19:00:00,4,20,226,90,0,15.9,9.4,0.2,0,0,0,0,0,0,1,1,0
2023-09-20 17:00:00,20,18,543,174,0,15.9,9.4,0.2,0,0,0,0,0,0,1,1,0
2023-09-20 05:00:00,0,6,23,51,0,15.9,9.4,0.2,0,0,0,0,0,0,1,1,0
2023-09-20 21:00:00,4,22,120,63,0,15.9,9.4,0.2,0,0,0,0,0,0,1,1,0
2023-09-20 20:00:00,4,21,158,54,0,15.9,9.4,0.2,0,0,0,0,0,0,1,1,0
2023-09-21 10:00:00,21,11,777,450,0,15.4,9.2,0.0,0,0,0,0,1,0,0,1,0
2023-09-21 09:00:00,16,10,549,380,0,15.4,9.2,0.0,0,0,0,0,1,0,0,1,0
2023-09-20 22:00:00,0,23,133,42,0,15.9,9.4,0.2,0,0,0,0,0,0,1,1,0
2023-09-21 15:00:00,4,16,872,404,0,15.4,9.2,0.0,0,0,0,0,1,0,0,1,0
2023-09-20 04:00:00,0,5,15,34,0,15.9,9.4,0.2,0,0,0,0,0,0,1,1,0
2023-09-20 02:00:00,0,3,28,31,0,15.9,9.4,0.2,0,0,0,0,0,0,1,1,0
2023-09-20 14:00:00,3,15,1292,475,0,15.9,9.4,0.2,0,0,0,0,0,0,1,1,0
2023-09-20 03:00:00,0,4,70,21,0,15.9,9.4,0.2,0,0,0,0,0,0,1,1,0
2023-09-21 22:00:00,4,23,131,78,0,15.4,9.2,0.0,0,0,0,0,1,0,0,1,0
2023-09-20 10:00:00,3,11,1275,462,0,15.9,9.4,0.2,0,0,0,0,0,0,1,1,0
2023-09-21 19:00:00,4,20,280,70,0,15.4,9.2,0.0,0,0,0,0,1,0,0,1,0
2023-09-20 15:00:00,3,16,218,395,0,15.9,9.4,0.2,0,0,0,0,0,0,1,1,0
2023-09-21 07:00:00,11,8,211,84,0,15.4,9.2,0.0,0,0,0,0,1,0,0,1,0
2023-09-21 17:00:00,10,18,598,167,0,15.4,9.2,0.0,0,0,0,0,1,0,0,1,0
2023-09-21 20:00:00,3,21,156,63,0,15.4,9.2,0.0,0,0,0,0,1,0,0,1,0
2023-09-20 11:00:00,2,12,1601,494,0,15.9,9.4,0.2,0,0,0,0,0,0,1,1,0
2023-09-21 23:00:00,3,0,225,56,0,15.4,9.2,0.0,0,0,0,0,1,0,0,1,0
2023-09-21 06:00:00,3,7,78,35,0,15.4,9.2,0.0,0,0,0,0,1,0,0,1,0
2023-09-21 03:00:00,3,4,13,21,0,15.4,9.2,0.0,0,0,0,0,1,0,0,1,0
2023-09-20 01:00:00,1,2,43,49,0,15.9,9.4,0.2,0,0,0,0,0,0,1,1,0
2023-09-20 23:00:00,1,0,108,39,0,15.9,9.4,0.2,0,0,0,0,0,0,1,1,0
2023-09-20 08:00:00,0,9,648,311,0,15.9,9.4,0.2,0,0,0,0,0,0,1,1,0
2023-09-21 14:00:00,2,15,645,469,0,15.4,9.2,0.0,0,0,0,0,1,0,0,1,0
2023-09-20 13:00:00,8,14,1669,499,0,15.9,9.4,0.2,0,0,0,0,0,0,1,1,0
2023-09-21 12:00:00,7,13,842,506,0,15.4,9.2,0.0,0,0,0,0,1,0,0,1,0
2023-09-20 16:00:00,7,17,713,209,0,15.9,9.4,0.2,0,0,0,0,0,0,1,1,0
2023-09-21 11:00:00,7,12,871,486,0,15.4,9.2,0.0,0,0,0,0,1,0,0,1,0
2023-09-20 18:00:00,7,19,377,122,0,15.9,9.4,0.2,0,0,0,0,0,0,1,1,0
2023-09-21 18:00:00,6,19,463,124,0,15.4,9.2,0.0,0,0,0,0,1,0,0,1,0
2023-09-20 12:00:00,5,13,1540,488,0,15.9,9.4,0.2,0,0,0,0,0,0,1,1,0
2023-09-21 21:00:00,1,22,208,164,0,15.4,9.2,0.0,0,0,0,0,1,0,0,1,0
2023-09-21 05:00:00,1,6,22,21,0,15.4,9.2,0.0,0,0,0,0,1,0,0,1,0
2023-09-21 01:00:00,1,2,57,14,0,15.4,9.2,0.0,0,0,0,0,1,0,0,1,0
2023-09-20 09:00:00,4,10,898,384,0,15.9,9.4,0.2,0,0,0,0,0,0,1,1,0
2023-09-22 21:00:00,0,22,205,67,0,11.2,8.2,0.0,1,0,0,0,0,0,0,1,0
2023-09-22 12:00:00,3,13,1965,537,0,11.2,8.2,0.0,1,0,0,0,0,0,0,1,0
2023-09-23 17:00:00,9,18,1347,440,0,18.3,6.9,1.2,0,0,1,0,0,0,0,1,0
2023-09-22 05:00:00,0,6,38,17,0,11.2,8.2,0.0,1,0,0,0,0,0,0,1,0
2023-09-22 04:00:00,0,5,4,14,0,11.2,8.2,0.0,1,0,0,0,0,0,0,1,0
2023-09-22 15:00:00,3,16,867,359,0,11.2,8.2,0.0,1,0,0,0,0,0,0,1,0
2023-09-22 03:00:00,0,4,19,10,0,11.2,8.2,0.0,1,0,0,0,0,0,0,1,0
2023-09-22 08:00:00,3,9,846,314,0,11.2,8.2,0.0,1,0,0,0,0,0,0,1,0
2023-09-23 04:00:00,3,5,46,19,0,18.3,6.9,1.2,0,0,1,0,0,0,0,1,0
2023-09-22 17:00:00,13,18,1399,400,0,11.2,8.2,0.0,1,0,0,0,0,0,0,1,0
2023-09-23 23:00:00,7,0,443,95,0,18.3,6.9,1.2,0,0,1,0,0,0,0,1,0
2023-09-23 13:00:00,6,14,2081,541,0,18.3,6.9,1.2,0,0,1,0,0,0,0,1,0
2023-09-23 14:00:00,5,15,1964,564,0,18.3,6.9,1.2,0,0,1,0,0,0,0,1,0
2023-09-23 01:00:00,5,2,356,91,0,18.3,6.9,1.2,0,0,1,0,0,0,0,1,0
2023-09-23 11:00:00,4,12,2127,513,0,18.3,6.9,1.2,0,0,1,0,0,0,0,1,0
2023-09-23 08:00:00,4,9,615,243,0,18.3,6.9,1.2,0,0,1,0,0,0,0,1,0
2023-09-23 22:00:00,4,23,271,102,0,18.3,6.9,1.2,0,0,1,0,0,0,0,1,0
2023-09-23 20:00:00,4,21,240,78,0,18.3,6.9,1.2,0,0,1,0,0,0,0,1,0
2023-09-23 21:00:00,4,22,223,70,0,18.3,6.9,1.2,0,0,1,0,0,0,0,1,0
2023-09-22 00:00:00,3,1,146,27,0,11.2,8.2,0.0,1,0,0,0,0,0,0,1,0
2023-09-22 18:00:00,10,19,440,135,0,11.2,8.2,0.0,1,0,0,0,0,0,0,1,0
2023-09-22 16:00:00,9,17,1891,536,0,11.2,8.2,0.0,1,0,0,0,0,0,0,1,0
2023-09-22 06:00:00,7,7,67,39,0,11.2,8.2,0.0,1,0,0,0,0,0,0,1,0
2023-09-22 10:00:00,6,11,1645,444,0,11.2,8.2,0.0,1,0,0,0,0,0,0,1,0
2023-09-22 19:00:00,6,20,333,112,0,11.2,8.2,0.0,1,0,0,0,0,0,0,1,0
2023-09-22 20:00:00,6,21,267,109,0,11.2,8.2,0.0,1,0,0,0,0,0,0,1,0
2023-09-22 11:00:00,5,12,1891,467,0,11.2,8.2,0.0,1,0,0,0,0,0,0,1,0
2023-09-22 09:00:00,5,10,1243,445,0,11.2,8.2,0.0,1,0,0,0,0,0,0,1,0
2023-09-22 22:00:00,5,23,210,70,0,11.2,8.2,0.0,1,0,0,0,0,0,0,1,0
2023-09-22 23:00:00,4,0,338,104,0,11.2,8.2,0.0,1,0,0,0,0,0,0,1,0
2023-09-23 15:00:00,2,16,1947,477,0,18.3,6.9,1.2,0,0,1,0,0,0,0,1,0
2023-09-22 14:00:00,2,15,867,408,0,11.2,8.2,0.0,1,0,0,0,0,0,0,1,0
2023-09-23 10:00:00,2,11,1686,430,0,18.3,6.9,1.2,0,0,1,0,0,0,0,1,0
2023-09-23 09:00:00,2,10,1241,410,0,18.3,6.9,1.2,0,0,1,0,0,0,0,1,0
2023-09-23 19:00:00,2,20,590,244,0,18.3,6.9,1.2,0,0,1,0,0,0,0,1,0
2023-09-22 07:00:00,14,8,286,138,0,11.2,8.2,0.0,1,0,0,0,0,0,0,1,0
2023-09-22 13:00:00,1,14,865,390,0,11.2,8.2,0.0,1,0,0,0,0,0,0,1,0
2023-09-21 00:00:00,0,1,92,22,0,15.4,9.2,0.0,0,0,0,0,1,0,0,1,0
2023-09-23 06:00:00,2,7,78,65,0,18.3,6.9,1.2,0,0,1,0,0,0,0,1,0
2023-09-23 12:00:00,1,13,2111,570,0,18.3,6.9,1.2,0,0,1,0,0,0,0,1,0
2023-09-23 00:00:00,1,1,288,81,0,18.3,6.9,1.2,0,0,1,0,0,0,0,1,0
2023-09-23 05:00:00,1,6,16,40,0,18.3,6.9,1.2,0,0,1,0,0,0,0,1,0
2023-09-23 18:00:00,0,19,590,321,0,18.3,6.9,1.2,0,0,1,0,0,0,0,1,0
2023-09-23 07:00:00,0,8,362,165,0,18.3,6.9,1.2,0,0,1,0,0,0,0,1,0
2023-09-21 02:00:00,0,3,245,14,0,15.4,9.2,0.0,0,0,0,0,1,0,0,1,0
2023-09-22 01:00:00,1,2,137,45,0,11.2,8.2,0.0,1,0,0,0,0,0,0,1,0
2023-09-22 02:00:00,1,3,157,20,0,11.2,8.2,0.0,1,0,0,0,0,0,0,1,0
2023-09-21 04:00:00,0,5,5,1,0,15.4,9.2,0.0,0,0,0,0,1,0,0,1,0
2023-09-23 16:00:00,11,17,1756,500,0,18.3,6.9,1.2,0,0,1,0,0,0,0,1,0
2023-09-25 17:00:00,9,18,1484,402,0,16.7,12.4,0.0,0,1,0,0,0,0,0,1,0
2023-09-24 10:00:00,5,11,548,247,0,18.8,9.3,2.5,0,0,0,1,0,0,0,1,0
2023-09-23 03:00:00,0,4,354,63,0,18.3,6.9,1.2,0,0,1,0,0,0,0,1,0
2023-09-23 02:00:00,0,3,229,45,0,18.3,6.9,1.2,0,0,1,0,0,0,0,1,0
2023-09-25 16:00:00,8,17,1545,402,0,16.7,12.4,0.0,0,1,0,0,0,0,0,1,0
2023-09-24 15:00:00,13,16,1284,329,0,18.8,9.3,2.5,0,0,0,1,0,0,0,1,0
2023-09-24 03:00:00,1,4,314,62,0,18.8,9.3,2.5,0,0,0,1,0,0,0,1,0
2023-09-24 16:00:00,4,17,1346,303,0,18.8,9.3,2.5,0,0,0,1,0,0,0,1,0
2023-09-24 04:00:00,1,5,33,52,0,18.8,9.3,2.5,0,0,0,1,0,0,0,1,0
2023-09-25 18:00:00,7,19,996,297,0,16.7,12.4,0.0,0,1,0,0,0,0,0,1,0
2023-09-24 06:00:00,1,7,57,47,0,18.8,9.3,2.5,0,0,0,1,0,0,0,1,0
2023-09-24 13:00:00,11,14,868,366,0,18.8,9.3,2.5,0,0,0,1,0,0,0,1,0
2023-09-25 03:00:00,1,4,113,19,0,16.7,12.4,0.0,0,1,0,0,0,0,0,1,0
2023-09-24 22:00:00,1,23,130,39,0,18.8,9.3,2.5,0,0,0,1,0,0,0,1,0
2023-09-24 14:00:00,11,15,1028,358,0,18.8,9.3,2.5,0,0,0,1,0,0,0,1,0
2023-09-24 19:00:00,4,20,388,182,0,18.8,9.3,2.5,0,0,0,1,0,0,0,1,0
2023-09-24 05:00:00,1,6,23,38,0,18.8,9.3,2.5,0,0,0,1,0,0,0,1,0
2023-09-24 08:00:00,4,9,147,87,0,18.8,9.3,2.5,0,0,0,1,0,0,0,1,0
2023-09-25 13:00:00,5,14,1515,445,0,16.7,12.4,0.0,0,1,0,0,0,0,0,1,0
2023-09-24 07:00:00,9,8,71,56,0,18.8,9.3,2.5,0,0,0,1,0,0,0,1,0
2023-09-25 06:00:00,0,7,125,98,0,16.7,12.4,0.0,0,1,0,0,0,0,0,1,0
2023-09-25 11:00:00,4,12,1803,442,0,16.7,12.4,0.0,0,1,0,0,0,0,0,1,0
2023-09-25 09:00:00,4,10,999,362,0,16.7,12.4,0.0,0,1,0,0,0,0,0,1,0
2023-09-25 14:00:00,3,15,1208,479,0,16.7,12.4,0.0,0,1,0,0,0,0,0,1,0
2023-09-25 08:00:00,3,9,826,300,0,16.7,12.4,0.0,0,1,0,0,0,0,0,1,0
2023-09-25 19:00:00,3,20,519,267,0,16.7,12.4,0.0,0,1,0,0,0,0,0,1,0
2023-09-25 07:00:00,3,8,424,194,0,16.7,12.4,0.0,0,1,0,0,0,0,0,1,0
2023-09-25 15:00:00,2,16,1004,433,0,16.7,12.4,0.0,0,1,0,0,0,0,0,1,0
2023-09-25 10:00:00,2,11,1539,374,0,16.7,12.4,0.0,0,1,0,0,0,0,0,1,0
2023-09-25 21:00:00,2,22,172,127,0,16.7,12.4,0.0,0,1,0,0,0,0,0,1,0
2023-09-25 22:00:00,2,23,103,116,0,16.7,12.4,0.0,0,1,0,0,0,0,0,1,0
2023-09-25 20:00:00,2,21,380,94,0,16.7,12.4,0.0,0,1,0,0,0,0,0,1,0
2023-09-25 23:00:00,0,0,55,79,0,16.7,12.4,0.0,0,1,0,0,0,0,0,1,0
2023-09-24 12:00:00,8,13,914,339,0,18.8,9.3,2.5,0,0,0,1,0,0,0,1,0
2023-09-25 05:00:00,0,6,40,48,0,16.7,12.4,0.0,0,1,0,0,0,0,0,1,0
2023-09-25 02:00:00,0,3,239,43,0,16.7,12.4,0.0,0,1,0,0,0,0,0,1,0
2023-09-25 01:00:00,0,2,177,38,0,16.7,12.4,0.0,0,1,0,0,0,0,0,1,0
2023-09-25 00:00:00,0,1,150,34,0,16.7,12.4,0.0,0,1,0,0,0,0,0,1,0
2023-09-25 04:00:00,0,5,9,12,0,16.7,12.4,0.0,0,1,0,0,0,0,0,1,0
2023-09-24 21:00:00,0,22,82,350,0,18.8,9.3,2.5,0,0,0,1,0,0,0,1,0
2023-09-24 11:00:00,8,12,594,308,0,18.8,9.3,2.5,0,0,0,1,0,0,0,1,0
2023-09-24 20:00:00,0,21,159,287,0,18.8,9.3,2.5,0,0,0,1,0,0,0,1,0
2023-09-24 09:00:00,8,10,320,134,0,18.8,9.3,2.5,0,0,0,1,0,0,0,1,0
2023-09-24 01:00:00,0,2,280,94,0,18.8,9.3,2.5,0,0,0,1,0,0,0,1,0
2023-09-24 00:00:00,2,1,457,77,0,18.8,9.3,2.5,0,0,0,1,0,0,0,1,0
2023-09-24 23:00:00,2,0,214,46,0,18.8,9.3,2.5,0,0,0,1,0,0,0,1,0
2023-09-24 17:00:00,1,18,908,259,0,18.8,9.3,2.5,0,0,0,1,0,0,0,1,0
2023-09-24 18:00:00,1,19,662,249,0,18.8,9.3,2.5,0,0,0,1,0,0,0,1,0
2023-09-24 02:00:00,0,3,204,32,0,18.8,9.3,2.5,0,0,0,1,0,0,0,1,0
2023-09-25 12:00:00,10,13,1932,410,0,16.7,12.4,0.0,0,1,0,0,0,0,0,1,0
2023-09-26 06:00:00,1,7,151,114,0,15.1,11.4,0.5,0,0,0,0,0,1,0,1,0
2023-09-26 13:00:00,14,14,862,313,0,15.1,11.4,0.5,0,0,0,0,0,1,0,1,0
2023-09-26 05:00:00,1,6,55,45,0,15.1,11.4,0.5,0,0,0,0,0,1,0,1,0
2023-09-27 05:00:00,0,6,17,53,0,15.6,6.3,9.4,0,0,0,0,0,0,1,1,0
2023-09-26 04:00:00,1,5,3,14,0,15.1,11.4,0.5,0,0,0,0,0,1,0,1,0
2023-09-26 14:00:00,12,15,608,243,0,15.1,11.4,0.5,0,0,0,0,0,1,0,1,0
2023-09-27 02:00:00,0,3,31,37,0,15.6,6.3,9.4,0,0,0,0,0,0,1,1,0
2023-09-27 07:00:00,2,8,480,229,0,15.6,6.3,9.4,0,0,0,0,0,0,1,1,0
2023-09-26 23:00:00,0,0,139,93,0,15.1,11.4,0.5,0,0,0,0,0,1,0,1,0
2023-09-27 20:00:00,2,21,205,228,0,15.6,6.3,9.4,0,0,0,0,0,0,1,1,0
2023-09-27 14:00:00,12,15,1236,515,0,15.6,6.3,9.4,0,0,0,0,0,0,1,1,0
2023-09-27 04:00:00,0,5,10,30,0,15.6,6.3,9.4,0,0,0,0,0,0,1,1,0
2023-09-26 08:00:00,4,9,860,329,0,15.1,11.4,0.5,0,0,0,0,0,1,0,1,0
2023-09-26 22:00:00,4,23,208,163,0,15.1,11.4,0.5,0,0,0,0,0,1,0,1,0
2023-09-26 16:00:00,3,17,1601,541,0,15.1,11.4,0.5,0,0,0,0,0,1,0,1,0
2023-09-26 15:00:00,3,16,1317,442,0,15.1,11.4,0.5,0,0,0,0,0,1,0,1,0
2023-09-26 21:00:00,2,22,257,156,0,15.1,11.4,0.5,0,0,0,0,0,1,0,1,0
2023-09-26 10:00:00,1,11,1499,446,0,15.1,11.4,0.5,0,0,0,0,0,1,0,1,0
2023-09-26 19:00:00,1,20,317,249,0,15.1,11.4,0.5,0,0,0,0,0,1,0,1,0
2023-09-26 20:00:00,1,21,318,208,0,15.1,11.4,0.5,0,0,0,0,0,1,0,1,0
2023-09-27 03:00:00,0,4,33,21,0,15.6,6.3,9.4,0,0,0,0,0,0,1,1,0
2023-09-26 09:00:00,11,10,851,226,0,15.1,11.4,0.5,0,0,0,0,0,1,0,1,0
2023-09-27 13:00:00,10,14,1360,475,0,15.6,6.3,9.4,0,0,0,0,0,0,1,1,0
2023-09-26 00:00:00,0,1,51,41,0,15.1,11.4,0.5,0,0,0,0,0,1,0,1,0
2023-09-27 19:00:00,1,20,127,249,0,15.6,6.3,9.4,0,0,0,0,0,0,1,1,0
2023-09-27 21:00:00,1,22,146,171,0,15.6,6.3,9.4,0,0,0,0,0,0,1,1,0
2023-09-27 06:00:00,1,7,94,106,0,15.6,6.3,9.4,0,0,0,0,0,0,1,1,0
2023-09-27 23:00:00,1,0,145,66,0,15.6,6.3,9.4,0,0,0,0,0,0,1,1,0
2023-09-27 01:00:00,1,2,51,47,0,15.6,6.3,9.4,0,0,0,0,0,0,1,1,0
2023-09-27 10:00:00,0,11,1321,384,0,15.6,6.3,9.4,0,0,0,0,0,0,1,1,0
2023-09-27 22:00:00,0,23,114,145,0,15.6,6.3,9.4,0,0,0,0,0,0,1,1,0
2023-09-27 00:00:00,0,1,72,74,0,15.6,6.3,9.4,0,0,0,0,0,0,1,1,0
2023-09-26 01:00:00,0,2,14,35,0,15.1,11.4,0.5,0,0,0,0,0,1,0,1,0
2023-09-26 17:00:00,9,18,1067,466,0,15.1,11.4,0.5,0,0,0,0,0,1,0,1,0
2023-09-26 02:00:00,0,3,9,17,0,15.1,11.4,0.5,0,0,0,0,0,1,0,1,0
2023-09-26 03:00:00,0,4,6,8,0,15.1,11.4,0.5,0,0,0,0,0,1,0,1,0
2023-09-27 16:00:00,8,17,737,485,0,15.6,6.3,9.4,0,0,0,0,0,0,1,1,0
2023-09-27 17:00:00,8,18,466,478,0,15.6,6.3,9.4,0,0,0,0,0,0,1,1,0
2023-09-26 11:00:00,8,12,1638,408,0,15.1,11.4,0.5,0,0,0,0,0,1,0,1,0
2023-09-26 18:00:00,7,19,641,456,0,15.1,11.4,0.5,0,0,0,0,0,1,0,1,0
2023-09-27 12:00:00,6,13,879,263,0,15.6,6.3,9.4,0,0,0,0,0,0,1,1,0
2023-09-26 07:00:00,7,8,473,199,0,15.1,11.4,0.5,0,0,0,0,0,1,0,1,0
2023-09-27 15:00:00,5,16,923,562,0,15.6,6.3,9.4,0,0,0,0,0,0,1,1,0
2023-09-26 12:00:00,6,13,1750,580,0,15.1,11.4,0.5,0,0,0,0,0,1,0,1,0
2023-09-27 09:00:00,3,10,1066,368,0,15.6,6.3,9.4,0,0,0,0,0,0,1,1,0
2023-09-27 08:00:00,3,9,818,308,0,15.6,6.3,9.4,0,0,0,0,0,0,1,1,0
2023-09-27 11:00:00,3,12,1330,300,0,15.6,6.3,9.4,0,0,0,0,0,0,1,1,0
2023-09-27 18:00:00,2,19,344,438,0,15.6,6.3,9.4,0,0,0,0,0,0,1,1,0
2023-09-28 07:00:00,3,8,522,158,0,16.9,11.1,0.5,0,0,0,0,1,0,0,1,0
2023-09-29 09:00:00,9,10,746,441,0,11.2,11.2,0.0,1,0,0,0,0,0,0,1,0
2023-09-28 10:00:00,2,11,822,227,0,16.9,11.1,0.5,0,0,0,0,1,0,0,1,0
2023-09-28 19:00:00,2,20,328,180,0,16.9,11.1,0.5,0,0,0,0,1,0,0,1,0
2023-09-28 06:00:00,2,7,70,120,0,16.9,11.1,0.5,0,0,0,0,1,0,0,1,0
2023-09-28 21:00:00,1,22,266,175,0,16.9,11.1,0.5,0,0,0,0,1,0,0,1,0
2023-09-28 01:00:00,1,2,55,22,0,16.9,11.1,0.5,0,0,0,0,1,0,0,1,0
2023-09-28 18:00:00,0,19,769,315,0,16.9,11.1,0.5,0,0,0,0,1,0,0,1,0
2023-09-28 20:00:00,0,21,338,252,0,16.9,11.1,0.5,0,0,0,0,1,0,0,1,0
2023-09-28 22:00:00,0,23,183,134,0,16.9,11.1,0.5,0,0,0,0,1,0,0,1,0
2023-09-28 23:00:00,0,0,100,95,0,16.9,11.1,0.5,0,0,0,0,1,0,0,1,0
2023-09-28 05:00:00,0,6,32,64,0,16.9,11.1,0.5,0,0,0,0,1,0,0,1,0
2023-09-29 04:00:00,0,5,12,20,0,11.2,11.2,0.0,1,0,0,0,0,0,0,1,0
2023-09-29 12:00:00,12,13,1315,593,0,11.2,11.2,0.0,1,0,0,0,0,0,0,1,0
2023-09-29 16:00:00,12,17,1507,563,0,11.2,11.2,0.0,1,0,0,0,0,0,0,1,0
2023-09-29 17:00:00,8,18,1799,528,0,11.2,11.2,0.0,1,0,0,0,0,0,0,1,0
2023-09-29 11:00:00,8,12,1207,510,0,11.2,11.2,0.0,1,0,0,0,0,0,0,1,0
2023-09-28 00:00:00,0,1,146,26,0,16.9,11.1,0.5,0,0,0,0,1,0,0,1,0
2023-09-28 17:00:00,14,18,1731,436,0,16.9,11.1,0.5,0,0,0,0,1,0,0,1,0
2023-09-28 09:00:00,14,10,720,183,0,16.9,11.1,0.5,0,0,0,0,1,0,0,1,0
2023-09-28 13:00:00,11,14,1103,334,0,16.9,11.1,0.5,0,0,0,0,1,0,0,1,0
2023-09-28 12:00:00,11,13,515,189,0,16.9,11.1,0.5,0,0,0,0,1,0,0,1,0
2023-09-28 04:00:00,0,5,11,25,0,16.9,11.1,0.5,0,0,0,0,1,0,0,1,0
2023-09-28 02:00:00,0,3,152,20,0,16.9,11.1,0.5,0,0,0,0,1,0,0,1,0
2023-09-29 14:00:00,6,15,883,708,0,11.2,11.2,0.0,1,0,0,0,0,0,0,1,0
2023-09-29 08:00:00,6,9,683,349,0,11.2,11.2,0.0,1,0,0,0,0,0,0,1,0
2023-09-29 15:00:00,5,16,890,520,0,11.2,11.2,0.0,1,0,0,0,0,0,0,1,0
2023-09-29 10:00:00,5,11,1125,505,0,11.2,11.2,0.0,1,0,0,0,0,0,0,1,0
2023-09-29 23:00:00,4,0,413,81,0,11.2,11.2,0.0,1,0,0,0,0,0,0,1,0
2023-09-29 18:00:00,3,19,1251,620,0,11.2,11.2,0.0,1,0,0,0,0,0,0,1,0
2023-09-29 13:00:00,3,14,1274,589,0,11.2,11.2,0.0,1,0,0,0,0,0,0,1,0
2023-09-29 20:00:00,3,21,341,266,0,11.2,11.2,0.0,1,0,0,0,0,0,0,1,0
2023-09-28 03:00:00,0,4,8,8,0,16.9,11.1,0.5,0,0,0,0,1,0,0,1,0
2023-09-28 11:00:00,8,12,436,175,0,16.9,11.1,0.5,0,0,0,0,1,0,0,1,0
2023-09-28 08:00:00,8,9,601,159,0,16.9,11.1,0.5,0,0,0,0,1,0,0,1,0
2023-09-28 14:00:00,7,15,1951,577,0,16.9,11.1,0.5,0,0,0,0,1,0,0,1,0
2023-09-28 15:00:00,5,16,1881,453,0,16.9,11.1,0.5,0,0,0,0,1,0,0,1,0
2023-09-28 16:00:00,4,17,1987,485,0,16.9,11.1,0.5,0,0,0,0,1,0,0,1,0
2023-09-29 00:00:00,1,1,86,87,0,11.2,11.2,0.0,1,0,0,0,0,0,0,1,0
2023-09-29 03:00:00,1,4,115,67,0,11.2,11.2,0.0,1,0,0,0,0,0,0,1,0
2023-09-29 05:00:00,1,6,43,56,0,11.2,11.2,0.0,1,0,0,0,0,0,0,1,0
2023-09-29 01:00:00,1,2,58,38,0,11.2,11.2,0.0,1,0,0,0,0,0,0,1,0
2023-09-29 19:00:00,0,20,431,364,0,11.2,11.2,0.0,1,0,0,0,0,0,0,1,0
2023-09-29 21:00:00,0,22,289,215,0,11.2,11.2,0.0,1,0,0,0,0,0,0,1,0
2023-09-29 07:00:00,0,8,361,176,0,11.2,11.2,0.0,1,0,0,0,0,0,0,1,0
2023-09-29 22:00:00,0,23,210,139,0,11.2,11.2,0.0,1,0,0,0,0,0,0,1,0
2023-09-29 06:00:00,0,7,101,102,0,11.2,11.2,0.0,1,0,0,0,0,0,0,1,0
2023-09-29 02:00:00,0,3,82,37,0,11.2,11.2,0.0,1,0,0,0,0,0,0,1,0
2023-09-30 19:00:00,1,20,316,380,0,18.6,7.7,2.1,0,0,1,0,0,0,0,1,0
2023-09-30 21:00:00,1,22,228,206,0,18.6,7.7,2.1,0,0,1,0,0,0,0,1,0
2023-09-30 07:00:00,1,8,257,113,0,18.6,7.7,2.1,0,0,1,0,0,0,0,1,0
2023-09-30 04:00:00,1,5,24,31,0,18.6,7.7,2.1,0,0,1,0,0,0,0,1,0
2023-09-30 20:00:00,0,21,228,342,0,18.6,7.7,2.1,0,0,1,0,0,0,0,1,0
2023-09-30 03:00:00,0,4,369,66,0,18.6,7.7,2.1,0,0,1,0,0,0,0,1,0
2023-09-30 05:00:00,0,6,28,11,0,18.6,7.7,2.1,0,0,1,0,0,0,0,1,0
2023-09-30 12:00:00,5,13,1577,530,0,18.6,7.7,2.1,0,0,1,0,0,0,0,1,0
2023-09-30 18:00:00,5,19,737,480,0,18.6,7.7,2.1,0,0,1,0,0,0,0,1,0
2023-09-30 14:00:00,4,15,1585,518,0,18.6,7.7,2.1,0,0,1,0,0,0,0,1,0
2023-09-30 13:00:00,4,14,1937,454,0,18.6,7.7,2.1,0,0,1,0,0,0,0,1,0
2023-09-30 09:00:00,4,10,980,328,0,18.6,7.7,2.1,0,0,1,0,0,0,0,1,0
2023-09-30 11:00:00,3,12,1621,565,0,18.6,7.7,2.1,0,0,1,0,0,0,0,1,0
2023-09-30 16:00:00,11,17,1709,488,0,18.6,7.7,2.1,0,0,1,0,0,0,0,1,0
2023-09-30 08:00:00,3,9,507,251,0,18.6,7.7,2.1,0,0,1,0,0,0,0,1,0
2023-09-30 01:00:00,3,2,454,71,0,18.6,7.7,2.1,0,0,1,0,0,0,0,1,0
2023-09-30 02:00:00,3,3,292,70,0,18.6,7.7,2.1,0,0,1,0,0,0,0,1,0
2023-09-30 15:00:00,2,16,1608,551,0,18.6,7.7,2.1,0,0,1,0,0,0,0,1,0
2023-09-30 23:00:00,2,0,412,133,0,18.6,7.7,2.1,0,0,1,0,0,0,0,1,0
2023-09-30 00:00:00,2,1,418,86,0,18.6,7.7,2.1,0,0,1,0,0,0,0,1,0
2023-09-30 22:00:00,2,23,233,66,0,18.6,7.7,2.1,0,0,1,0,0,0,0,1,0
2023-09-30 06:00:00,2,7,82,15,0,18.6,7.7,2.1,0,0,1,0,0,0,0,1,0
2023-09-30 17:00:00,6,18,1220,483,0,18.6,7.7,2.1,0,0,1,0,0,0,0,1,0
2023-09-30 10:00:00,6,11,1418,419,0,18.6,7.7,2.1,0,0,1,0,0,0,0,1,0
