ds,y,Finishing time,Number of People,Number of Road Vehicles,isHoliday,TMAX,TMIN,PRCP,Day of the Week_Fri,Day of the Week_Mon,Day of the Week_Sat,Day of the Week_Sun,Day of the Week_Thu,Day of the Week_Tue,Day of the Week_Wed,TimeZone_BST,TimeZone_GMT
2023-08-02 12:00:00,31,13,2824,219,0,19.8,13.5,2.1,0,0,0,0,0,0,1,1,0
2023-08-04 19:00:00,19,20,1296,101,0,15.4,11.3,1.6,1,0,0,0,0,0,0,1,0
2023-08-02 09:00:00,30,10,814,139,0,19.8,13.5,2.1,0,0,0,0,0,0,1,1,0
2023-08-04 18:00:00,18,19,824,79,0,15.4,11.3,1.6,1,0,0,0,0,0,0,1,0
2023-08-02 20:00:00,27,21,955,194,0,19.8,13.5,2.1,0,0,0,0,0,0,1,1,0
2023-08-04 11:00:00,17,12,2286,151,0,15.4,11.3,1.6,1,0,0,0,0,0,0,1,0
2023-08-02 08:00:00,26,9,541,139,0,19.8,13.5,2.1,0,0,0,0,0,0,1,1,0
2023-08-04 07:00:00,16,8,166,76,0,15.4,11.3,1.6,1,0,0,0,0,0,0,1,0
2023-08-02 17:00:00,23,18,1779,201,0,19.8,13.5,2.1,0,0,0,0,0,0,1,1,0
2023-08-04 15:00:00,15,16,2703,75,0,15.4,11.3,1.6,1,0,0,0,0,0,0,1,0
2023-08-02 19:00:00,20,20,1199,283,0,19.8,13.5,2.1,0,0,0,0,0,0,1,1,0
2023-08-04 21:00:00,13,22,1208,120,0,15.4,11.3,1.6,1,0,0,0,0,0,0,1,0
2023-08-02 18:00:00,17,19,1659,161,0,19.8,13.5,2.1,0,0,0,0,0,0,1,1,0
2023-08-04 17:00:00,11,18,1396,41,0,15.4,11.3,1.6,1,0,0,0,0,0,0,1,0
2023-08-02 16:00:00,13,17,1673,150,0,19.8,13.5,2.1,0,0,0,0,0,0,1,1,0
2023-08-04 06:00:00,7,7,130,48,0,15.4,11.3,1.6,1,0,0,0,0,0,0,1,0
2023-08-02 05:00:00,9,6,73,24,0,19.8,13.5,2.1,0,0,0,0,0,0,1,1,0
2023-08-02 22:00:00,8,23,720,97,0,19.8,13.5,2.1,0,0,0,0,0,0,1,1,0
2023-08-02 07:00:00,8,8,232,70,0,19.8,13.5,2.1,0,0,0,0,0,0,1,1,0
2023-08-02 06:00:00,7,7,135,25,0,19.8,13.5,2.1,0,0,0,0,0,0,1,1,0
2023-08-02 21:00:00,6,22,887,179,0,19.8,13.5,2.1,0,0,0,0,0,0,1,1,0
2023-08-02 01:00:00,5,2,160,16,0,19.8,13.5,2.1,0,0,0,0,0,0,1,1,0
2023-08-04 20:00:00,7,21,1005,4,0,15.4,11.3,1.6,1,0,0,0,0,0,0,1,0
2023-08-02 04:00:00,4,5,30,8,0,19.8,13.5,2.1,0,0,0,0,0,0,1,1,0
2023-08-01 18:00:00,61,19,2279,236,0,17.8,13.1,0.0,0,0,0,0,0,1,0,1,0
2023-08-01 10:00:00,46,11,1455,195,0,17.8,13.1,0.0,0,0,0,0,0,1,0,1,0
2023-08-01 16:00:00,44,17,1969,178,0,17.8,13.1,0.0,0,0,0,0,0,1,0,1,0
2023-08-01 15:00:00,37,16,1912,160,0,17.8,13.1,0.0,0,0,0,0,0,1,0,1,0
2023-08-01 11:00:00,34,12,1606,209,0,17.8,13.1,0.0,0,0,0,0,0,1,0,1,0
2023-08-01 17:00:00,27,18,2104,246,0,17.8,13.1,0.0,0,0,0,0,0,1,0,1,0
2023-08-01 20:00:00,24,21,733,176,0,17.8,13.1,0.0,0,0,0,0,0,1,0,1,0
2023-08-01 09:00:00,17,10,875,192,0,17.8,13.1,0.0,0,0,0,0,0,1,0,1,0
2023-08-01 21:00:00,17,22,536,173,0,17.8,13.1,0.0,0,0,0,0,0,1,0,1,0
2023-08-01 19:00:00,13,20,1258,211,0,17.8,13.1,0.0,0,0,0,0,0,1,0,1,0
2023-08-01 08:00:00,13,9,574,184,0,17.8,13.1,0.0,0,0,0,0,0,1,0,1,0
2023-08-01 14:00:00,9,15,1422,52,0,17.8,13.1,0.0,0,0,0,0,0,1,0,1,0
2023-08-01 23:00:00,7,0,415,43,0,17.8,13.1,0.0,0,0,0,0,0,1,0,1,0
2023-08-01 22:00:00,7,23,461,28,0,17.8,13.1,0.0,0,0,0,0,0,1,0,1,0
2023-08-01 00:00:00,6,1,142,22,0,17.8,13.1,0.0,0,0,0,0,0,1,0,1,0
2023-08-01 07:00:00,5,8,302,96,0,17.8,13.1,0.0,0,0,0,0,0,1,0,1,0
2023-08-01 06:00:00,4,7,113,37,0,17.8,13.1,0.0,0,0,0,0,0,1,0,1,0
2023-08-01 02:00:00,3,3,25,3,0,17.8,13.1,0.0,0,0,0,0,0,1,0,1,0
2023-08-01 05:00:00,2,6,92,23,0,17.8,13.1,0.0,0,0,0,0,0,1,0,1,0
2023-08-01 01:00:00,2,2,41,1,0,17.8,13.1,0.0,0,0,0,0,0,1,0,1,0
2023-08-01 13:00:00,1,14,812,7,0,17.8,13.1,0.0,0,0,0,0,0,1,0,1,0
2023-08-01 12:00:00,1,13,470,1,0,17.8,13.1,0.0,0,0,0,0,0,1,0,1,0
2023-08-01 04:00:00,0,5,8,4,0,17.8,13.1,0.0,0,0,0,0,0,1,0,1,0
2023-08-01 03:00:00,0,4,8,1,0,17.8,13.1,0.0,0,0,0,0,0,1,0,1,0
2023-08-02 15:00:00,54,16,2088,208,0,19.8,13.5,2.1,0,0,0,0,0,0,1,1,0
2023-08-02 11:00:00,46,12,1822,232,0,19.8,13.5,2.1,0,0,0,0,0,0,1,1,0
2023-08-02 13:00:00,41,14,2924,238,0,19.8,13.5,2.1,0,0,0,0,0,0,1,1,0
2023-08-02 14:00:00,35,15,2546,231,0,19.8,13.5,2.1,0,0,0,0,0,0,1,1,0
2023-08-02 10:00:00,34,11,1452,218,0,19.8,13.5,2.1,0,0,0,0,0,0,1,1,0
2023-08-04 22:00:00,4,23,1301,181,0,15.4,11.3,1.6,1,0,0,0,0,0,0,1,0
2023-08-04 05:00:00,4,6,107,31,0,15.4,11.3,1.6,1,0,0,0,0,0,0,1,0
2023-08-04 04:00:00,4,5,7,7,0,15.4,11.3,1.6,1,0,0,0,0,0,0,1,0
2023-08-02 00:00:00,3,1,330,21,0,19.8,13.5,2.1,0,0,0,0,0,0,1,1,0
2023-08-04 23:00:00,3,0,588,101,0,15.4,11.3,1.6,1,0,0,0,0,0,0,1,0
2023-08-02 03:00:00,2,4,58,5,0,19.8,13.5,2.1,0,0,0,0,0,0,1,1,0
2023-08-02 23:00:00,1,0,319,61,0,19.8,13.5,2.1,0,0,0,0,0,0,1,1,0
2023-08-04 02:00:00,3,3,180,42,0,15.4,11.3,1.6,1,0,0,0,0,0,0,1,0
2023-08-02 02:00:00,0,3,133,6,0,19.8,13.5,2.1,0,0,0,0,0,0,1,1,0
2023-08-04 01:00:00,1,2,196,45,0,15.4,11.3,1.6,1,0,0,0,0,0,0,1,0
2023-08-03 10:00:00,45,11,1554,201,0,17.3,11.8,0.0,0,0,0,0,1,0,0,1,0
2023-08-04 03:00:00,0,4,32,22,0,15.4,11.3,1.6,1,0,0,0,0,0,0,1,0
2023-08-03 18:00:00,38,19,1121,239,0,17.3,11.8,0.0,0,0,0,0,1,0,0,1,0
2023-08-04 00:00:00,0,1,413,5,0,15.4,11.3,1.6,1,0,0,0,0,0,0,1,0
2023-08-03 11:00:00,33,12,2100,235,0,17.3,11.8,0.0,0,0,0,0,1,0,0,1,0
2023-08-05 12:00:00,43,13,2421,262,0,17.5,5.5,9.2,0,0,1,0,0,0,0,1,0
2023-08-03 09:00:00,32,10,1086,194,0,17.3,11.8,0.0,0,0,0,0,1,0,0,1,0
2023-08-05 14:00:00,28,15,2525,252,0,17.5,5.5,9.2,0,0,1,0,0,0,0,1,0
2023-08-03 17:00:00,31,18,1493,243,0,17.3,11.8,0.0,0,0,0,0,1,0,0,1,0
2023-08-05 13:00:00,25,14,1123,82,0,17.5,5.5,9.2,0,0,1,0,0,0,0,1,0
2023-08-03 13:00:00,29,14,3534,253,0,17.3,11.8,0.0,0,0,0,0,1,0,0,1,0
2023-08-03 08:00:00,27,9,589,174,0,17.3,11.8,0.0,0,0,0,0,1,0,0,1,0
2023-08-05 11:00:00,20,12,1143,150,0,17.5,5.5,9.2,0,0,1,0,0,0,0,1,0
2023-08-03 16:00:00,24,17,2241,195,0,17.3,11.8,0.0,0,0,0,0,1,0,0,1,0
2023-08-05 18:00:00,18,19,1380,285,0,17.5,5.5,9.2,0,0,1,0,0,0,0,1,0
2023-08-03 15:00:00,23,16,2361,229,0,17.3,11.8,0.0,0,0,0,0,1,0,0,1,0
2023-08-05 17:00:00,16,18,1484,297,0,17.5,5.5,9.2,0,0,1,0,0,0,0,1,0
2023-08-03 14:00:00,18,15,3136,260,0,17.3,11.8,0.0,0,0,0,0,1,0,0,1,0
2023-08-05 09:00:00,14,10,1084,26,0,17.5,5.5,9.2,0,0,1,0,0,0,0,1,0
2023-08-03 12:00:00,14,13,3344,227,0,17.3,11.8,0.0,0,0,0,0,1,0,0,1,0
2023-08-05 16:00:00,12,17,1618,223,0,17.5,5.5,9.2,0,0,1,0,0,0,0,1,0
2023-08-03 20:00:00,12,21,459,120,0,17.3,11.8,0.0,0,0,0,0,1,0,0,1,0
2023-08-05 10:00:00,12,11,710,182,0,17.5,5.5,9.2,0,0,1,0,0,0,0,1,0
2023-08-03 21:00:00,11,22,726,115,0,17.3,11.8,0.0,0,0,0,0,1,0,0,1,0
2023-08-05 20:00:00,12,21,1213,169,0,17.5,5.5,9.2,0,0,1,0,0,0,0,1,0
2023-08-03 23:00:00,10,0,282,4,0,17.3,11.8,0.0,0,0,0,0,1,0,0,1,0
2023-08-05 15:00:00,10,16,1806,220,0,17.5,5.5,9.2,0,0,1,0,0,0,0,1,0
2023-08-03 22:00:00,10,23,520,1,0,17.3,11.8,0.0,0,0,0,0,1,0,0,1,0
2023-08-05 08:00:00,9,9,570,13,0,17.5,5.5,9.2,0,0,1,0,0,0,0,1,0
2023-08-03 19:00:00,7,20,608,114,0,17.3,11.8,0.0,0,0,0,0,1,0,0,1,0
2023-08-05 19:00:00,8,20,1306,285,0,17.5,5.5,9.2,0,0,1,0,0,0,0,1,0
2023-08-03 06:00:00,7,7,92,42,0,17.3,11.8,0.0,0,0,0,0,1,0,0,1,0
2023-08-05 21:00:00,8,22,1178,233,0,17.5,5.5,9.2,0,0,1,0,0,0,0,1,0
2023-08-03 07:00:00,6,8,286,80,0,17.3,11.8,0.0,0,0,0,0,1,0,0,1,0
2023-08-05 03:00:00,7,4,408,16,0,17.5,5.5,9.2,0,0,1,0,0,0,0,1,0
2023-08-03 05:00:00,5,6,95,27,0,17.3,11.8,0.0,0,0,0,0,1,0,0,1,0
2023-08-05 07:00:00,6,8,286,39,0,17.5,5.5,9.2,0,0,1,0,0,0,0,1,0
2023-08-03 04:00:00,3,5,47,10,0,17.3,11.8,0.0,0,0,0,0,1,0,0,1,0
2023-08-05 22:00:00,5,23,998,129,0,17.5,5.5,9.2,0,0,1,0,0,0,0,1,0
2023-08-03 01:00:00,1,2,154,36,0,17.3,11.8,0.0,0,0,0,0,1,0,0,1,0
2023-08-03 03:00:00,1,4,71,9,0,17.3,11.8,0.0,0,0,0,0,1,0,0,1,0
2023-08-03 00:00:00,0,1,248,36,0,17.3,11.8,0.0,0,0,0,0,1,0,0,1,0
2023-08-03 02:00:00,0,3,207,19,0,17.3,11.8,0.0,0,0,0,0,1,0,0,1,0
2023-08-04 10:00:00,34,11,1760,121,0,15.4,11.3,1.6,1,0,0,0,0,0,0,1,0
2023-08-04 09:00:00,33,10,791,160,0,15.4,11.3,1.6,1,0,0,0,0,0,0,1,0
2023-08-04 08:00:00,31,9,469,149,0,15.4,11.3,1.6,1,0,0,0,0,0,0,1,0
2023-08-04 13:00:00,30,14,3667,143,0,15.4,11.3,1.6,1,0,0,0,0,0,0,1,0
2023-08-04 14:00:00,28,15,3297,182,0,15.4,11.3,1.6,1,0,0,0,0,0,0,1,0
2023-08-05 01:00:00,5,2,376,34,0,17.5,5.5,9.2,0,0,1,0,0,0,0,1,0
2023-08-04 16:00:00,24,17,2668,43,0,15.4,11.3,1.6,1,0,0,0,0,0,0,1,0
2023-08-05 02:00:00,5,3,219,23,0,17.5,5.5,9.2,0,0,1,0,0,0,0,1,0
2023-08-04 12:00:00,22,13,3020,195,0,15.4,11.3,1.6,1,0,0,0,0,0,0,1,0
2023-08-05 23:00:00,4,0,752,107,0,17.5,5.5,9.2,0,0,1,0,0,0,0,1,0
2023-08-05 06:00:00,3,7,153,17,0,17.5,5.5,9.2,0,0,1,0,0,0,0,1,0
2023-08-05 04:00:00,3,5,63,1,0,17.5,5.5,9.2,0,0,1,0,0,0,0,1,0
2023-08-05 00:00:00,0,1,398,53,0,17.5,5.5,9.2,0,0,1,0,0,0,0,1,0
2023-08-05 05:00:00,0,6,75,5,0,17.5,5.5,9.2,0,0,1,0,0,0,0,1,0
2023-08-06 14:00:00,40,15,1812,212,0,20.0,5.5,3.0,0,0,0,1,0,0,0,1,0
2023-08-06 18:00:00,33,19,967,201,0,20.0,5.5,3.0,0,0,0,1,0,0,0,1,0
2023-08-06 17:00:00,31,18,1231,186,0,20.0,5.5,3.0,0,0,0,1,0,0,0,1,0
2023-08-06 15:00:00,31,16,1759,171,0,20.0,5.5,3.0,0,0,0,1,0,0,0,1,0
2023-08-06 13:00:00,31,14,3250,12,0,20.0,5.5,3.0,0,0,0,1,0,0,0,1,0
2023-08-06 16:00:00,26,17,1469,181,0,20.0,5.5,3.0,0,0,0,1,0,0,0,1,0
2023-08-06 19:00:00,21,20,893,201,0,20.0,5.5,3.0,0,0,0,1,0,0,0,1,0
2023-08-06 20:00:00,17,21,767,195,0,20.0,5.5,3.0,0,0,0,1,0,0,0,1,0
2023-08-06 11:00:00,15,12,2266,5,0,20.0,5.5,3.0,0,0,0,1,0,0,0,1,0
2023-08-20 17:00:00,0,18,819,12,0,21.5,14.0,0.0,0,0,0,1,0,0,0,1,0
2023-08-06 09:00:00,12,10,464,42,0,20.0,5.5,3.0,0,0,0,1,0,0,0,1,0
2023-08-21 14:00:00,42,15,2346,240,0,21.4,14.3,0.6,0,1,0,0,0,0,0,1,0
2023-08-21 17:00:00,35,18,1619,181,0,21.4,14.3,0.6,0,1,0,0,0,0,0,1,0
2023-08-21 16:00:00,30,17,1703,139,0,21.4,14.3,0.6,0,1,0,0,0,0,0,1,0
2023-08-06 12:00:00,12,13,3082,5,0,20.0,5.5,3.0,0,0,0,1,0,0,0,1,0
2023-08-21 18:00:00,28,19,1135,187,0,21.4,14.3,0.6,0,1,0,0,0,0,0,1,0
2023-08-16 03:00:00,2,4,69,8,0,17.7,13.9,0.2,0,0,0,0,0,0,1,1,0
2023-08-14 07:00:00,3,8,311,75,0,20.6,13.5,0.0,0,1,0,0,0,0,0,1,0
2023-08-18 03:00:00,0,4,80,5,0,20.9,13.2,9.7,1,0,0,0,0,0,0,1,0
2023-08-06 21:00:00,8,22,622,133,0,20.0,5.5,3.0,0,0,0,1,0,0,0,1,0
2023-08-21 19:00:00,19,20,1085,163,0,21.4,14.3,0.6,0,1,0,0,0,0,0,1,0
2023-08-08 18:00:00,22,19,1404,169,0,19.1,7.7,0.2,0,0,0,0,0,1,0,1,0
2023-08-16 05:00:00,0,6,89,35,0,17.7,13.9,0.2,0,0,0,0,0,0,1,1,0
2023-08-14 04:00:00,1,5,20,11,0,20.6,13.5,0.0,0,1,0,0,0,0,0,1,0
2023-08-12 00:00:00,4,1,695,49,0,19.7,15.4,11.4,0,0,1,0,0,0,0,1,0
2023-08-18 04:00:00,0,5,35,3,0,20.9,13.2,9.7,1,0,0,0,0,0,0,1,0
2023-08-06 08:00:00,8,9,179,63,0,20.0,5.5,3.0,0,0,0,1,0,0,0,1,0
2023-08-21 15:00:00,19,16,1668,138,0,21.4,14.3,0.6,0,1,0,0,0,0,0,1,0
2023-08-16 01:00:00,0,2,149,25,0,17.7,13.9,0.2,0,0,0,0,0,0,1,1,0
2023-08-08 07:00:00,19,8,278,84,0,19.1,7.7,0.2,0,0,0,0,0,1,0,1,0
2023-08-14 23:00:00,1,0,293,1,0,20.6,13.5,0.0,0,1,0,0,0,0,0,1,0
2023-08-12 06:00:00,4,7,157,39,0,19.7,15.4,11.4,0,0,1,0,0,0,0,1,0
2023-08-10 18:00:00,11,19,1690,167,0,22.5,14.2,5.0,0,0,0,0,1,0,0,1,0
2023-08-18 02:00:00,0,3,227,1,0,20.9,13.2,9.7,1,0,0,0,0,0,0,1,0
2023-08-06 05:00:00,8,6,95,18,0,20.0,5.5,3.0,0,0,0,1,0,0,0,1,0
2023-08-21 08:00:00,17,9,503,8,0,21.4,14.3,0.6,0,1,0,0,0,0,0,1,0
2023-08-16 02:00:00,0,3,155,21,0,17.7,13.9,0.2,0,0,0,0,0,0,1,1,0
2023-08-08 21:00:00,15,22,565,88,0,19.1,7.7,0.2,0,0,0,0,0,1,0,1,0
2023-08-14 00:00:00,0,1,242,47,0,20.6,13.5,0.0,0,1,0,0,0,0,0,1,0
2023-08-12 13:00:00,4,14,611,21,0,19.7,15.4,11.4,0,0,1,0,0,0,0,1,0
2023-08-10 13:00:00,11,14,3382,47,0,22.5,14.2,5.0,0,0,0,0,1,0,0,1,0
2023-08-19 14:00:00,23,15,1693,8,0,21.8,13.4,0.0,0,0,1,0,0,0,0,1,0
2023-08-06 10:00:00,8,11,1183,8,0,20.0,5.5,3.0,0,0,0,1,0,0,0,1,0
2023-08-21 13:00:00,16,14,2364,120,0,21.4,14.3,0.6,0,1,0,0,0,0,0,1,0
2023-08-16 04:00:00,0,5,36,2,0,17.7,13.9,0.2,0,0,0,0,0,0,1,1,0
2023-08-08 06:00:00,13,7,197,43,0,19.1,7.7,0.2,0,0,0,0,0,1,0,1,0
2023-08-14 01:00:00,0,2,137,38,0,20.6,13.5,0.0,0,1,0,0,0,0,0,1,0
2023-08-12 12:00:00,3,13,1786,231,0,19.7,15.4,11.4,0,0,1,0,0,0,0,1,0
2023-08-10 21:00:00,10,22,885,129,0,22.5,14.2,5.0,0,0,0,0,1,0,0,1,0
2023-08-19 12:00:00,21,13,1772,164,0,21.8,13.4,0.0,0,0,1,0,0,0,0,1,0
2023-08-06 07:00:00,6,8,155,41,0,20.0,5.5,3.0,0,0,0,1,0,0,0,1,0
2023-08-21 10:00:00,16,11,1381,20,0,21.4,14.3,0.6,0,1,0,0,0,0,0,1,0
2023-08-17 13:00:00,50,14,2600,259,0,11.2,14.6,0.0,0,0,0,0,1,0,0,1,0
2023-08-08 22:00:00,12,23,358,5,0,19.1,7.7,0.2,0,0,0,0,0,1,0,1,0
2023-08-14 05:00:00,0,6,94,21,0,20.6,13.5,0.0,0,1,0,0,0,0,0,1,0
2023-08-12 04:00:00,3,5,133,31,0,19.7,15.4,11.4,0,0,1,0,0,0,0,1,0
2023-08-10 07:00:00,10,8,266,101,0,22.5,14.2,5.0,0,0,0,0,1,0,0,1,0
2023-08-19 11:00:00,19,12,2117,251,0,21.8,13.4,0.0,0,0,1,0,0,0,0,1,0
2023-08-06 02:00:00,5,3,525,91,0,20.0,5.5,3.0,0,0,0,1,0,0,0,1,0
2023-08-21 21:00:00,14,22,683,57,0,21.4,14.3,0.6,0,1,0,0,0,0,0,1,0
2023-08-17 18:00:00,47,19,1082,239,0,11.2,14.6,0.0,0,0,0,0,1,0,0,1,0
2023-08-08 20:00:00,6,21,937,161,0,19.1,7.7,0.2,0,0,0,0,0,1,0,1,0
2023-08-14 03:00:00,0,4,70,8,0,20.6,13.5,0.0,0,1,0,0,0,0,0,1,0
2023-08-12 23:00:00,1,0,1019,100,0,19.7,15.4,11.4,0,0,1,0,0,0,0,1,0
2023-08-10 22:00:00,7,23,750,98,0,22.5,14.2,5.0,0,0,0,0,1,0,0,1,0
2023-08-19 22:00:00,18,23,626,6,0,21.8,13.4,0.0,0,0,1,0,0,0,0,1,0
2023-08-06 01:00:00,4,2,694,92,0,20.0,5.5,3.0,0,0,0,1,0,0,0,1,0
2023-08-21 06:00:00,12,7,157,22,0,21.4,14.3,0.6,0,1,0,0,0,0,0,1,0
2023-08-17 16:00:00,46,17,1729,125,0,11.2,14.6,0.0,0,0,0,0,1,0,0,1,0
2023-08-08 05:00:00,4,6,96,9,0,19.1,7.7,0.2,0,0,0,0,0,1,0,1,0
2023-08-15 11:00:00,49,12,2284,297,0,18.4,11.2,0.9,0,0,0,0,0,1,0,1,0
2023-08-15 12:00:00,43,13,3087,287,0,18.4,11.2,0.9,0,0,0,0,0,1,0,1,0
2023-08-15 10:00:00,36,11,1715,218,0,18.4,11.2,0.9,0,0,0,0,0,1,0,1,0
2023-08-15 13:00:00,31,14,2740,254,0,18.4,11.2,0.9,0,0,0,0,0,1,0,1,0
2023-08-15 09:00:00,23,10,870,191,0,18.4,11.2,0.9,0,0,0,0,0,1,0,1,0
2023-08-15 08:00:00,17,9,554,121,0,18.4,11.2,0.9,0,0,0,0,0,1,0,1,0
2023-08-15 07:00:00,16,8,262,72,0,18.4,11.2,0.9,0,0,0,0,0,1,0,1,0
2023-08-15 16:00:00,15,17,725,3,0,18.4,11.2,0.9,0,0,0,0,0,1,0,1,0
2023-08-15 05:00:00,13,6,92,22,0,18.4,11.2,0.9,0,0,0,0,0,1,0,1,0
2023-08-15 06:00:00,11,7,144,42,0,18.4,11.2,0.9,0,0,0,0,0,1,0,1,0
2023-08-15 17:00:00,11,18,1210,30,0,18.4,11.2,0.9,0,0,0,0,0,1,0,1,0
2023-08-15 21:00:00,8,22,568,46,0,18.4,11.2,0.9,0,0,0,0,0,1,0,1,0
2023-08-15 18:00:00,7,19,1123,16,0,18.4,11.2,0.9,0,0,0,0,0,1,0,1,0
2023-08-15 22:00:00,5,23,518,87,0,18.4,11.2,0.9,0,0,0,0,0,1,0,1,0
2023-08-15 15:00:00,5,16,885,18,0,18.4,11.2,0.9,0,0,0,0,0,1,0,1,0
2023-08-15 19:00:00,5,20,994,6,0,18.4,11.2,0.9,0,0,0,0,0,1,0,1,0
2023-08-15 23:00:00,4,0,352,55,0,18.4,11.2,0.9,0,0,0,0,0,1,0,1,0
2023-08-15 01:00:00,4,2,84,29,0,18.4,11.2,0.9,0,0,0,0,0,1,0,1,0
2023-08-15 20:00:00,4,21,778,6,0,18.4,11.2,0.9,0,0,0,0,0,1,0,1,0
2023-08-15 14:00:00,4,15,384,5,0,18.4,11.2,0.9,0,0,0,0,0,1,0,1,0
2023-08-15 03:00:00,4,4,40,5,0,18.4,11.2,0.9,0,0,0,0,0,1,0,1,0
2023-08-15 00:00:00,2,1,227,4,0,18.4,11.2,0.9,0,0,0,0,0,1,0,1,0
2023-08-15 02:00:00,1,3,61,7,0,18.4,11.2,0.9,0,0,0,0,0,1,0,1,0
2023-08-15 04:00:00,1,5,15,3,0,18.4,11.2,0.9,0,0,0,0,0,1,0,1,0
2023-08-16 17:00:00,56,18,1612,265,0,17.7,13.9,0.2,0,0,0,0,0,0,1,1,0
2023-08-16 18:00:00,56,19,1279,228,0,17.7,13.9,0.2,0,0,0,0,0,0,1,1,0
2023-08-16 16:00:00,52,17,1783,229,0,17.7,13.9,0.2,0,0,0,0,0,0,1,1,0
2023-08-16 12:00:00,32,13,2521,282,0,17.7,13.9,0.2,0,0,0,0,0,0,1,1,0
2023-08-16 13:00:00,31,14,3330,218,0,17.7,13.9,0.2,0,0,0,0,0,0,1,1,0
2023-08-16 15:00:00,26,16,1292,42,0,17.7,13.9,0.2,0,0,0,0,0,0,1,1,0
2023-08-16 19:00:00,22,20,747,228,0,17.7,13.9,0.2,0,0,0,0,0,0,1,1,0
2023-08-16 20:00:00,22,21,694,217,0,17.7,13.9,0.2,0,0,0,0,0,0,1,1,0
2023-08-16 11:00:00,21,12,1816,246,0,17.7,13.9,0.2,0,0,0,0,0,0,1,1,0
2023-08-16 14:00:00,21,15,1912,91,0,17.7,13.9,0.2,0,0,0,0,0,0,1,1,0
2023-08-16 06:00:00,14,7,159,25,0,17.7,13.9,0.2,0,0,0,0,0,0,1,1,0
2023-08-16 08:00:00,11,9,591,60,0,17.7,13.9,0.2,0,0,0,0,0,0,1,1,0
2023-08-16 09:00:00,10,10,892,77,0,17.7,13.9,0.2,0,0,0,0,0,0,1,1,0
2023-08-16 10:00:00,8,11,1327,118,0,17.7,13.9,0.2,0,0,0,0,0,0,1,1,0
2023-08-16 00:00:00,6,1,312,43,0,17.7,13.9,0.2,0,0,0,0,0,0,1,1,0
2023-08-16 21:00:00,5,22,573,45,0,17.7,13.9,0.2,0,0,0,0,0,0,1,1,0
2023-08-16 07:00:00,4,8,239,25,0,17.7,13.9,0.2,0,0,0,0,0,0,1,1,0
2023-08-16 22:00:00,3,23,483,66,0,17.7,13.9,0.2,0,0,0,0,0,0,1,1,0
2023-08-16 23:00:00,3,0,284,34,0,17.7,13.9,0.2,0,0,0,0,0,0,1,1,0
2023-08-17 12:00:00,43,13,2500,269,0,11.2,14.6,0.0,0,0,0,0,1,0,0,1,0
2023-08-08 23:00:00,4,0,265,3,0,19.1,7.7,0.2,0,0,0,0,0,1,0,1,0
2023-08-06 22:00:00,4,23,678,66,0,20.0,5.5,3.0,0,0,0,1,0,0,0,1,0
2023-08-19 18:00:00,12,19,715,12,0,21.8,13.4,0.0,0,0,1,0,0,0,0,1,0
2023-08-21 11:00:00,10,12,1780,11,0,21.4,14.3,0.6,0,1,0,0,0,0,0,1,0
2023-08-10 00:00:00,4,1,198,16,0,22.5,14.2,5.0,0,0,0,0,1,0,0,1,0
2023-08-17 17:00:00,40,18,1408,217,0,11.2,14.6,0.0,0,0,0,0,1,0,0,1,0
2023-08-08 03:00:00,3,4,30,3,0,19.1,7.7,0.2,0,0,0,0,0,1,0,1,0
2023-08-06 03:00:00,3,4,517,67,0,20.0,5.5,3.0,0,0,0,1,0,0,0,1,0
2023-08-19 17:00:00,12,18,875,5,0,21.8,13.4,0.0,0,0,1,0,0,0,0,1,0
2023-08-21 20:00:00,9,21,878,112,0,21.4,14.3,0.6,0,1,0,0,0,0,0,1,0
2023-08-10 23:00:00,3,0,538,81,0,22.5,14.2,5.0,0,0,0,0,1,0,0,1,0
2023-08-17 15:00:00,36,16,2054,109,0,11.2,14.6,0.0,0,0,0,0,1,0,0,1,0
2023-08-08 01:00:00,0,2,98,7,0,19.1,7.7,0.2,0,0,0,0,0,1,0,1,0
2023-08-12 01:00:00,1,2,508,84,0,19.7,15.4,11.4,0,0,1,0,0,0,0,1,0
2023-08-06 06:00:00,3,7,119,22,0,20.0,5.5,3.0,0,0,0,1,0,0,0,1,0
2023-08-19 10:00:00,11,11,1333,163,0,21.8,13.4,0.0,0,0,1,0,0,0,0,1,0
2023-08-21 23:00:00,8,0,321,51,0,21.4,14.3,0.6,0,1,0,0,0,0,0,1,0
2023-08-21 12:00:00,7,13,2059,13,0,21.4,14.3,0.6,0,1,0,0,0,0,0,1,0
2023-08-21 22:00:00,5,23,501,90,0,21.4,14.3,0.6,0,1,0,0,0,0,0,1,0
2023-08-21 09:00:00,5,10,882,13,0,21.4,14.3,0.6,0,1,0,0,0,0,0,1,0
2023-08-21 07:00:00,4,8,300,28,0,21.4,14.3,0.6,0,1,0,0,0,0,0,1,0
2023-08-21 05:00:00,4,6,129,9,0,21.4,14.3,0.6,0,1,0,0,0,0,0,1,0
2023-08-21 03:00:00,4,4,127,8,0,21.4,14.3,0.6,0,1,0,0,0,0,0,1,0
2023-08-21 01:00:00,3,2,142,4,0,21.4,14.3,0.6,0,1,0,0,0,0,0,1,0
2023-08-21 00:00:00,1,1,194,38,0,21.4,14.3,0.6,0,1,0,0,0,0,0,1,0
2023-08-21 02:00:00,1,3,102,6,0,21.4,14.3,0.6,0,1,0,0,0,0,0,1,0
2023-08-21 04:00:00,0,5,22,1,0,21.4,14.3,0.6,0,1,0,0,0,0,0,1,0
2023-08-22 12:00:00,58,13,2215,215,0,18.0,15.6,0.7,0,0,0,0,0,1,0,1,0
2023-08-22 09:00:00,49,10,841,166,0,18.0,15.6,0.7,0,0,0,0,0,1,0,1,0
2023-08-22 11:00:00,44,12,1602,160,0,18.0,15.6,0.7,0,0,0,0,0,1,0,1,0
2023-08-22 13:00:00,43,14,2116,119,0,18.0,15.6,0.7,0,0,0,0,0,1,0,1,0
2023-08-22 17:00:00,42,18,1750,170,0,18.0,15.6,0.7,0,0,0,0,0,1,0,1,0
2023-08-22 14:00:00,41,15,2070,121,0,18.0,15.6,0.7,0,0,0,0,0,1,0,1,0
2023-08-22 10:00:00,34,11,1177,161,0,18.0,15.6,0.7,0,0,0,0,0,1,0,1,0
2023-08-22 20:00:00,33,21,926,187,0,18.0,15.6,0.7,0,0,0,0,0,1,0,1,0
2023-08-22 16:00:00,31,17,2174,149,0,18.0,15.6,0.7,0,0,0,0,0,1,0,1,0
2023-08-22 15:00:00,25,16,2082,123,0,18.0,15.6,0.7,0,0,0,0,0,1,0,1,0
2023-08-22 08:00:00,25,9,643,92,0,18.0,15.6,0.7,0,0,0,0,0,1,0,1,0
2023-08-22 19:00:00,23,20,1352,230,0,18.0,15.6,0.7,0,0,0,0,0,1,0,1,0
2023-08-22 18:00:00,18,19,1402,195,0,18.0,15.6,0.7,0,0,0,0,0,1,0,1,0
2023-08-22 21:00:00,18,22,574,62,0,18.0,15.6,0.7,0,0,0,0,0,1,0,1,0
2023-08-22 07:00:00,14,8,287,49,0,18.0,15.6,0.7,0,0,0,0,0,1,0,1,0
2023-08-22 06:00:00,10,7,187,18,0,18.0,15.6,0.7,0,0,0,0,0,1,0,1,0
2023-08-22 22:00:00,6,23,696,99,0,18.0,15.6,0.7,0,0,0,0,0,1,0,1,0
2023-08-22 23:00:00,4,0,445,54,0,18.0,15.6,0.7,0,0,0,0,0,1,0,1,0
2023-08-22 00:00:00,3,1,176,32,0,18.0,15.6,0.7,0,0,0,0,0,1,0,1,0
2023-08-22 05:00:00,3,6,72,7,0,18.0,15.6,0.7,0,0,0,0,0,1,0,1,0
2023-08-22 03:00:00,2,4,63,9,0,18.0,15.6,0.7,0,0,0,0,0,1,0,1,0
2023-08-22 01:00:00,1,2,154,32,0,18.0,15.6,0.7,0,0,0,0,0,1,0,1,0
2023-08-22 02:00:00,0,3,87,9,0,18.0,15.6,0.7,0,0,0,0,0,1,0,1,0
2023-08-22 04:00:00,0,5,32,2,0,18.0,15.6,0.7,0,0,0,0,0,1,0,1,0
2023-08-23 17:00:00,90,18,1516,238,0,19.5,9.3,3.6,0,0,0,0,0,0,1,1,0
2023-08-19 13:00:00,10,14,561,46,0,21.8,13.4,0.0,0,0,1,0,0,0,0,1,0
2023-08-12 02:00:00,1,3,518,67,0,19.7,15.4,11.4,0,0,1,0,0,0,0,1,0
2023-08-17 11:00:00,28,12,1496,163,0,11.2,14.6,0.0,0,0,0,0,1,0,0,1,0
2023-08-19 09:00:00,9,10,702,119,0,21.8,13.4,0.0,0,0,1,0,0,0,0,1,0
2023-08-10 02:00:00,2,3,220,29,0,22.5,14.2,5.0,0,0,0,0,1,0,0,1,0
2023-08-12 21:00:00,0,22,1080,187,0,19.7,15.4,11.4,0,0,1,0,0,0,0,1,0
2023-08-17 14:00:00,28,15,2391,135,0,11.2,14.6,0.0,0,0,0,0,1,0,0,1,0
2023-08-19 16:00:00,8,17,1210,6,0,21.8,13.4,0.0,0,0,1,0,0,0,0,1,0
2023-08-10 03:00:00,1,4,139,23,0,22.5,14.2,5.0,0,0,0,0,1,0,0,1,0
2023-08-13 12:00:00,47,13,1517,172,0,19.7,13.4,1.1,0,0,0,1,0,0,0,1,0
2023-08-17 09:00:00,27,10,994,186,0,11.2,14.6,0.0,0,0,0,0,1,0,0,1,0
2023-08-19 21:00:00,6,22,518,5,0,21.8,13.4,0.0,0,0,1,0,0,0,0,1,0
2023-08-10 04:00:00,1,5,62,15,0,22.5,14.2,5.0,0,0,0,0,1,0,0,1,0
2023-08-13 17:00:00,40,18,1094,209,0,19.7,13.4,1.1,0,0,0,1,0,0,0,1,0
2023-08-17 08:00:00,25,9,611,112,0,11.2,14.6,0.0,0,0,0,0,1,0,0,1,0
2023-08-19 08:00:00,5,9,297,65,0,21.8,13.4,0.0,0,0,1,0,0,0,0,1,0
2023-08-10 01:00:00,0,2,128,34,0,22.5,14.2,5.0,0,0,0,0,1,0,0,1,0
2023-08-13 16:00:00,36,17,1411,191,0,19.7,13.4,1.1,0,0,0,1,0,0,0,1,0
2023-08-17 10:00:00,19,11,1214,131,0,11.2,14.6,0.0,0,0,0,0,1,0,0,1,0
2023-08-19 23:00:00,5,0,366,4,0,21.8,13.4,0.0,0,0,1,0,0,0,0,1,0
2023-08-11 15:00:00,66,16,2311,29,0,20.8,15.8,0.0,1,0,0,0,0,0,0,1,0
2023-08-13 13:00:00,33,14,1924,224,0,19.7,13.4,1.1,0,0,0,1,0,0,0,1,0
2023-08-17 19:00:00,17,20,849,265,0,11.2,14.6,0.0,0,0,0,0,1,0,0,1,0
2023-08-19 07:00:00,4,8,149,53,0,21.8,13.4,0.0,0,0,1,0,0,0,0,1,0
2023-08-11 11:00:00,54,12,2218,212,0,20.8,15.8,0.0,1,0,0,0,0,0,0,1,0
2023-08-11 12:00:00,51,13,2551,21,0,20.8,15.8,0.0,1,0,0,0,0,0,0,1,0
2023-08-11 13:00:00,42,14,2385,15,0,20.8,15.8,0.0,1,0,0,0,0,0,0,1,0
2023-08-11 14:00:00,37,15,2611,21,0,20.8,15.8,0.0,1,0,0,0,0,0,0,1,0
2023-08-11 10:00:00,30,11,1333,231,0,20.8,15.8,0.0,1,0,0,0,0,0,0,1,0
2023-08-11 17:00:00,23,18,1559,126,0,20.8,15.8,0.0,1,0,0,0,0,0,0,1,0
2023-08-11 18:00:00,16,19,1647,225,0,20.8,15.8,0.0,1,0,0,0,0,0,0,1,0
2023-08-11 09:00:00,15,10,994,200,0,20.8,15.8,0.0,1,0,0,0,0,0,0,1,0
2023-08-11 07:00:00,12,8,228,94,0,20.8,15.8,0.0,1,0,0,0,0,0,0,1,0
2023-08-11 08:00:00,10,9,538,169,0,20.8,15.8,0.0,1,0,0,0,0,0,0,1,0
2023-08-11 19:00:00,9,20,1375,127,0,20.8,15.8,0.0,1,0,0,0,0,0,0,1,0
2023-08-11 16:00:00,9,17,2084,74,0,20.8,15.8,0.0,1,0,0,0,0,0,0,1,0
2023-08-11 01:00:00,5,2,161,82,0,20.8,15.8,0.0,1,0,0,0,0,0,0,1,0
2023-08-11 06:00:00,5,7,103,39,0,20.8,15.8,0.0,1,0,0,0,0,0,0,1,0
2023-08-11 02:00:00,3,3,146,54,0,20.8,15.8,0.0,1,0,0,0,0,0,0,1,0
2023-08-11 20:00:00,2,21,1073,46,0,20.8,15.8,0.0,1,0,0,0,0,0,0,1,0
2023-08-11 00:00:00,1,1,333,61,0,20.8,15.8,0.0,1,0,0,0,0,0,0,1,0
2023-08-11 05:00:00,1,6,109,35,0,20.8,15.8,0.0,1,0,0,0,0,0,0,1,0
2023-08-11 03:00:00,1,4,41,6,0,20.8,15.8,0.0,1,0,0,0,0,0,0,1,0
2023-08-11 22:00:00,1,23,904,5,0,20.8,15.8,0.0,1,0,0,0,0,0,0,1,0
2023-08-11 21:00:00,1,22,930,4,0,20.8,15.8,0.0,1,0,0,0,0,0,0,1,0
2023-08-11 23:00:00,0,0,1227,9,0,20.8,15.8,0.0,1,0,0,0,0,0,0,1,0
2023-08-11 04:00:00,0,5,26,3,0,20.8,15.8,0.0,1,0,0,0,0,0,0,1,0
2023-08-12 17:00:00,41,18,2416,319,0,19.7,15.4,11.4,0,0,1,0,0,0,0,1,0
2023-08-12 19:00:00,23,20,1524,198,0,19.7,15.4,11.4,0,0,1,0,0,0,0,1,0
2023-08-12 18:00:00,20,19,2056,293,0,19.7,15.4,11.4,0,0,1,0,0,0,0,1,0
2023-08-12 15:00:00,20,16,1910,154,0,19.7,15.4,11.4,0,0,1,0,0,0,0,1,0
2023-08-12 16:00:00,19,17,2125,265,0,19.7,15.4,11.4,0,0,1,0,0,0,0,1,0
2023-08-12 14:00:00,19,15,2465,153,0,19.7,15.4,11.4,0,0,1,0,0,0,0,1,0
2023-08-12 09:00:00,18,10,810,192,0,19.7,15.4,11.4,0,0,1,0,0,0,0,1,0
2023-08-12 10:00:00,17,11,1448,276,0,19.7,15.4,11.4,0,0,1,0,0,0,0,1,0
2023-08-12 05:00:00,17,6,162,22,0,19.7,15.4,11.4,0,0,1,0,0,0,0,1,0
2023-08-12 08:00:00,13,9,383,122,0,19.7,15.4,11.4,0,0,1,0,0,0,0,1,0
2023-08-12 11:00:00,11,12,1735,201,0,19.7,15.4,11.4,0,0,1,0,0,0,0,1,0
2023-08-12 20:00:00,11,21,1149,169,0,19.7,15.4,11.4,0,0,1,0,0,0,0,1,0
2023-08-12 03:00:00,9,4,302,42,0,19.7,15.4,11.4,0,0,1,0,0,0,0,1,0
2023-08-12 22:00:00,4,23,1084,118,0,19.7,15.4,11.4,0,0,1,0,0,0,0,1,0
2023-08-12 07:00:00,4,8,174,74,0,19.7,15.4,11.4,0,0,1,0,0,0,0,1,0
2023-08-06 00:00:00,2,1,798,99,0,20.0,5.5,3.0,0,0,0,1,0,0,0,1,0
2023-08-08 00:00:00,0,1,203,5,0,19.1,7.7,0.2,0,0,0,0,0,1,0,1,0
2023-08-13 14:00:00,32,15,1878,217,0,19.7,13.4,1.1,0,0,0,1,0,0,0,1,0
2023-08-08 02:00:00,0,3,42,2,0,19.1,7.7,0.2,0,0,0,0,0,1,0,1,0
2023-08-17 22:00:00,13,23,406,24,0,11.2,14.6,0.0,0,0,0,0,1,0,0,1,0
2023-08-13 10:00:00,28,11,668,142,0,19.7,13.4,1.1,0,0,0,1,0,0,0,1,0
2023-08-08 04:00:00,0,5,33,2,0,19.1,7.7,0.2,0,0,0,0,0,1,0,1,0
2023-08-06 04:00:00,2,5,74,37,0,20.0,5.5,3.0,0,0,0,1,0,0,0,1,0
2023-08-17 06:00:00,8,7,136,40,0,11.2,14.6,0.0,0,0,0,0,1,0,0,1,0
2023-08-13 11:00:00,27,12,951,203,0,19.7,13.4,1.1,0,0,0,1,0,0,0,1,0
2023-08-09 15:00:00,33,16,2412,153,0,22.8,8.8,0.0,0,0,0,0,0,0,1,1,0
2023-08-06 23:00:00,1,0,407,65,0,20.0,5.5,3.0,0,0,0,1,0,0,0,1,0
2023-08-17 07:00:00,5,8,268,73,0,11.2,14.6,0.0,0,0,0,0,1,0,0,1,0
2023-08-13 15:00:00,21,16,1622,149,0,19.7,13.4,1.1,0,0,0,1,0,0,0,1,0
2023-08-09 16:00:00,21,17,1667,79,0,22.8,8.8,0.0,0,0,0,0,0,0,1,1,0
2023-08-07 16:00:00,57,17,1913,198,1,19.9,9.5,0.0,0,1,0,0,0,0,0,1,0
2023-08-19 15:00:00,4,16,1721,9,0,21.8,13.4,0.0,0,0,1,0,0,0,0,1,0
2023-08-17 20:00:00,4,21,603,88,0,11.2,14.6,0.0,0,0,0,0,1,0,0,1,0
2023-08-13 09:00:00,21,10,372,99,0,19.7,13.4,1.1,0,0,0,1,0,0,0,1,0
2023-08-09 18:00:00,17,19,1045,236,0,22.8,8.8,0.0,0,0,0,0,0,0,1,1,0
2023-08-07 17:00:00,52,18,1659,231,1,19.9,9.5,0.0,0,1,0,0,0,0,0,1,0
2023-08-19 02:00:00,3,3,113,16,0,21.8,13.4,0.0,0,0,1,0,0,0,0,1,0
2023-08-17 03:00:00,4,4,83,2,0,11.2,14.6,0.0,0,0,0,0,1,0,0,1,0
2023-08-13 18:00:00,18,19,916,244,0,19.7,13.4,1.1,0,0,0,1,0,0,0,1,0
2023-08-09 11:00:00,16,12,2164,129,0,22.8,8.8,0.0,0,0,0,0,0,0,1,1,0
2023-08-09 12:00:00,15,13,3197,141,0,22.8,8.8,0.0,0,0,0,0,0,0,1,1,0
2023-08-09 09:00:00,11,10,787,95,0,22.8,8.8,0.0,0,0,0,0,0,0,1,1,0
2023-08-09 10:00:00,11,11,1334,94,0,22.8,8.8,0.0,0,0,0,0,0,0,1,1,0
2023-08-09 20:00:00,10,21,819,193,0,22.8,8.8,0.0,0,0,0,0,0,0,1,1,0
2023-08-09 17:00:00,10,18,1223,53,0,22.8,8.8,0.0,0,0,0,0,0,0,1,1,0
2023-08-09 00:00:00,10,1,256,9,0,22.8,8.8,0.0,0,0,0,0,0,0,1,1,0
2023-08-09 21:00:00,8,22,913,144,0,22.8,8.8,0.0,0,0,0,0,0,0,1,1,0
2023-08-09 05:00:00,8,6,80,3,0,22.8,8.8,0.0,0,0,0,0,0,0,1,1,0
2023-08-09 19:00:00,7,20,991,111,0,22.8,8.8,0.0,0,0,0,0,0,0,1,1,0
2023-08-09 22:00:00,7,23,729,77,0,22.8,8.8,0.0,0,0,0,0,0,0,1,1,0
2023-08-09 08:00:00,7,9,451,62,0,22.8,8.8,0.0,0,0,0,0,0,0,1,1,0
2023-08-09 13:00:00,6,14,3283,53,0,22.8,8.8,0.0,0,0,0,0,0,0,1,1,0
2023-08-09 07:00:00,6,8,262,33,0,22.8,8.8,0.0,0,0,0,0,0,0,1,1,0
2023-08-09 23:00:00,6,0,325,2,0,22.8,8.8,0.0,0,0,0,0,0,0,1,1,0
2023-08-09 14:00:00,5,15,2460,10,0,22.8,8.8,0.0,0,0,0,0,0,0,1,1,0
2023-08-09 06:00:00,3,7,148,17,0,22.8,8.8,0.0,0,0,0,0,0,0,1,1,0
2023-08-09 01:00:00,1,2,201,10,0,22.8,8.8,0.0,0,0,0,0,0,0,1,1,0
2023-08-09 04:00:00,1,5,32,7,0,22.8,8.8,0.0,0,0,0,0,0,0,1,1,0
2023-08-09 02:00:00,0,3,218,0,0,22.8,8.8,0.0,0,0,0,0,0,0,1,1,0
2023-08-09 03:00:00,0,4,159,0,0,22.8,8.8,0.0,0,0,0,0,0,0,1,1,0
2023-08-10 11:00:00,40,12,1887,235,0,22.5,14.2,5.0,0,0,0,0,1,0,0,1,0
2023-08-10 17:00:00,37,18,2007,128,0,22.5,14.2,5.0,0,0,0,0,1,0,0,1,0
2023-08-10 16:00:00,34,17,1753,104,0,22.5,14.2,5.0,0,0,0,0,1,0,0,1,0
2023-08-10 15:00:00,31,16,1985,112,0,22.5,14.2,5.0,0,0,0,0,1,0,0,1,0
2023-08-10 10:00:00,26,11,1542,223,0,22.5,14.2,5.0,0,0,0,0,1,0,0,1,0
2023-08-10 09:00:00,24,10,972,205,0,22.5,14.2,5.0,0,0,0,0,1,0,0,1,0
2023-08-10 14:00:00,24,15,2746,186,0,22.5,14.2,5.0,0,0,0,0,1,0,0,1,0
2023-08-10 08:00:00,22,9,598,189,0,22.5,14.2,5.0,0,0,0,0,1,0,0,1,0
2023-08-10 20:00:00,18,21,1029,196,0,22.5,14.2,5.0,0,0,0,0,1,0,0,1,0
2023-08-10 12:00:00,18,13,1846,89,0,22.5,14.2,5.0,0,0,0,0,1,0,0,1,0
2023-08-10 19:00:00,17,20,1204,217,0,22.5,14.2,5.0,0,0,0,0,1,0,0,1,0
2023-08-10 06:00:00,12,7,121,42,0,22.5,14.2,5.0,0,0,0,0,1,0,0,1,0
2023-08-10 05:00:00,12,6,92,34,0,22.5,14.2,5.0,0,0,0,0,1,0,0,1,0
2023-08-19 06:00:00,3,7,58,0,0,21.8,13.4,0.0,0,0,1,0,0,0,0,1,0
2023-08-17 21:00:00,4,22,593,1,0,11.2,14.6,0.0,0,0,0,0,1,0,0,1,0
2023-08-13 19:00:00,14,20,814,231,0,19.7,13.4,1.1,0,0,0,1,0,0,0,1,0
2023-08-07 12:00:00,44,13,2920,191,1,19.9,9.5,0.0,0,1,0,0,0,0,0,1,0
2023-08-17 05:00:00,3,6,124,31,0,11.2,14.6,0.0,0,0,0,0,1,0,0,1,0
2023-08-13 08:00:00,9,9,174,59,0,19.7,13.4,1.1,0,0,0,1,0,0,0,1,0
2023-08-19 01:00:00,2,2,312,42,0,21.8,13.4,0.0,0,0,1,0,0,0,0,1,0
2023-08-07 13:00:00,41,14,3315,235,1,19.9,9.5,0.0,0,1,0,0,0,0,0,1,0
2023-08-17 04:00:00,3,5,21,2,0,11.2,14.6,0.0,0,0,0,0,1,0,0,1,0
2023-08-13 07:00:00,6,8,133,45,0,19.7,13.4,1.1,0,0,0,1,0,0,0,1,0
2023-08-19 20:00:00,1,21,167,0,0,21.8,13.4,0.0,0,0,1,0,0,0,0,1,0
2023-08-07 19:00:00,37,20,945,251,1,19.9,9.5,0.0,0,1,0,0,0,0,0,1,0
2023-08-17 01:00:00,2,2,120,6,0,11.2,14.6,0.0,0,0,0,0,1,0,0,1,0
2023-08-13 23:00:00,4,0,285,36,0,19.7,13.4,1.1,0,0,0,1,0,0,0,1,0
2023-08-19 03:00:00,1,4,141,0,0,21.8,13.4,0.0,0,0,1,0,0,0,0,1,0
2023-08-07 11:00:00,35,12,2350,119,1,19.9,9.5,0.0,0,1,0,0,0,0,0,1,0
2023-08-17 23:00:00,2,0,286,2,0,11.2,14.6,0.0,0,0,0,0,1,0,0,1,0
2023-08-13 22:00:00,3,23,422,2,0,19.7,13.4,1.1,0,0,0,1,0,0,0,1,0
2023-08-19 00:00:00,0,1,368,54,0,21.8,13.4,0.0,0,0,1,0,0,0,0,1,0
2023-08-07 09:00:00,32,10,1151,197,1,19.9,9.5,0.0,0,1,0,0,0,0,0,1,0
2023-08-17 02:00:00,1,3,283,3,0,11.2,14.6,0.0,0,0,0,0,1,0,0,1,0
2023-08-13 02:00:00,2,3,639,17,0,19.7,13.4,1.1,0,0,0,1,0,0,0,1,0
2023-08-19 05:00:00,0,6,38,1,0,21.8,13.4,0.0,0,0,1,0,0,0,0,1,0
2023-08-07 20:00:00,30,21,714,227,1,19.9,9.5,0.0,0,1,0,0,0,0,0,1,0
2023-08-17 00:00:00,0,1,221,4,0,11.2,14.6,0.0,0,0,0,0,1,0,0,1,0
2023-08-13 06:00:00,1,7,104,22,0,19.7,13.4,1.1,0,0,0,1,0,0,0,1,0
2023-08-19 04:00:00,0,5,20,1,0,21.8,13.4,0.0,0,0,1,0,0,0,0,1,0
2023-08-19 19:00:00,0,20,236,0,0,21.8,13.4,0.0,0,0,1,0,0,0,0,1,0
2023-08-20 12:00:00,27,13,1698,190,0,21.5,14.0,0.0,0,0,0,1,0,0,0,1,0
2023-08-20 05:00:00,24,6,82,15,0,21.5,14.0,0.0,0,0,0,1,0,0,0,1,0
2023-08-20 11:00:00,21,12,1001,161,0,21.5,14.0,0.0,0,0,0,1,0,0,0,1,0
2023-08-20 14:00:00,20,15,1520,151,0,21.5,14.0,0.0,0,0,0,1,0,0,0,1,0
2023-08-20 10:00:00,18,11,525,98,0,21.5,14.0,0.0,0,0,0,1,0,0,0,1,0
2023-08-20 13:00:00,18,14,1946,61,0,21.5,14.0,0.0,0,0,0,1,0,0,0,1,0
2023-08-20 15:00:00,14,16,962,124,0,21.5,14.0,0.0,0,0,0,1,0,0,0,1,0
2023-08-20 09:00:00,12,10,329,82,0,21.5,14.0,0.0,0,0,0,1,0,0,0,1,0
2023-08-20 23:00:00,11,0,346,34,0,21.5,14.0,0.0,0,0,0,1,0,0,0,1,0
2023-08-20 06:00:00,11,7,95,24,0,21.5,14.0,0.0,0,0,0,1,0,0,0,1,0
2023-08-20 03:00:00,10,4,449,17,0,21.5,14.0,0.0,0,0,0,1,0,0,0,1,0
2023-08-20 21:00:00,10,22,452,6,0,21.5,14.0,0.0,0,0,0,1,0,0,0,1,0
2023-08-20 04:00:00,10,5,52,4,0,21.5,14.0,0.0,0,0,0,1,0,0,0,1,0
2023-08-20 01:00:00,9,2,262,4,0,21.5,14.0,0.0,0,0,0,1,0,0,0,1,0
2023-08-20 02:00:00,8,3,148,7,0,21.5,14.0,0.0,0,0,0,1,0,0,0,1,0
2023-08-20 16:00:00,7,17,798,14,0,21.5,14.0,0.0,0,0,0,1,0,0,0,1,0
2023-08-20 20:00:00,6,21,892,13,0,21.5,14.0,0.0,0,0,0,1,0,0,0,1,0
2023-08-20 00:00:00,5,1,207,6,0,21.5,14.0,0.0,0,0,0,1,0,0,0,1,0
2023-08-20 08:00:00,3,9,191,48,0,21.5,14.0,0.0,0,0,0,1,0,0,0,1,0
2023-08-20 22:00:00,2,23,405,41,0,21.5,14.0,0.0,0,0,0,1,0,0,0,1,0
2023-08-20 07:00:00,2,8,120,41,0,21.5,14.0,0.0,0,0,0,1,0,0,0,1,0
2023-08-20 19:00:00,1,20,657,28,0,21.5,14.0,0.0,0,0,0,1,0,0,0,1,0
2023-08-20 18:00:00,1,19,820,8,0,21.5,14.0,0.0,0,0,0,1,0,0,0,1,0
2023-08-13 01:00:00,1,2,544,16,0,19.7,13.4,1.1,0,0,0,1,0,0,0,1,0
2023-08-18 12:00:00,53,13,2668,240,0,20.9,13.2,9.7,1,0,0,0,0,0,0,1,0
2023-08-07 14:00:00,27,15,3117,162,1,19.9,9.5,0.0,0,1,0,0,0,0,0,1,0
2023-08-13 05:00:00,1,6,65,10,0,19.7,13.4,1.1,0,0,0,1,0,0,0,1,0
2023-08-18 13:00:00,37,14,2795,258,0,20.9,13.2,9.7,1,0,0,0,0,0,0,1,0
2023-08-07 15:00:00,21,16,1978,156,1,19.9,9.5,0.0,0,1,0,0,0,0,0,1,0
2023-08-13 00:00:00,0,1,1020,16,0,19.7,13.4,1.1,0,0,0,1,0,0,0,1,0
2023-08-18 16:00:00,35,17,2046,242,0,20.9,13.2,9.7,1,0,0,0,0,0,0,1,0
2023-08-07 18:00:00,17,19,1266,259,1,19.9,9.5,0.0,0,1,0,0,0,0,0,1,0
2023-08-13 03:00:00,0,4,520,16,0,19.7,13.4,1.1,0,0,0,1,0,0,0,1,0
2023-08-18 14:00:00,28,15,2551,219,0,20.9,13.2,9.7,1,0,0,0,0,0,0,1,0
2023-08-07 10:00:00,16,11,1888,129,1,19.9,9.5,0.0,0,1,0,0,0,0,0,1,0
2023-08-13 04:00:00,0,5,43,9,0,19.7,13.4,1.1,0,0,0,1,0,0,0,1,0
2023-08-18 17:00:00,22,18,1579,281,0,20.9,13.2,9.7,1,0,0,0,0,0,0,1,0
2023-08-07 08:00:00,13,9,393,74,1,19.9,9.5,0.0,0,1,0,0,0,0,0,1,0
2023-08-13 20:00:00,0,21,638,6,0,19.7,13.4,1.1,0,0,0,1,0,0,0,1,0
2023-08-18 18:00:00,20,19,1092,268,0,20.9,13.2,9.7,1,0,0,0,0,0,0,1,0
2023-08-07 21:00:00,11,22,582,117,1,19.9,9.5,0.0,0,1,0,0,0,0,0,1,0
2023-08-13 21:00:00,0,22,596,3,0,19.7,13.4,1.1,0,0,0,1,0,0,0,1,0
2023-08-18 10:00:00,19,11,1745,253,0,20.9,13.2,9.7,1,0,0,0,0,0,0,1,0
2023-08-07 07:00:00,7,8,201,37,1,19.9,9.5,0.0,0,1,0,0,0,0,0,1,0
2023-08-14 16:00:00,88,17,1305,93,0,20.6,13.5,0.0,0,1,0,0,0,0,0,1,0
2023-08-18 11:00:00,19,12,1320,155,0,20.9,13.2,9.7,1,0,0,0,0,0,0,1,0
2023-08-07 22:00:00,4,23,458,36,1,19.9,9.5,0.0,0,1,0,0,0,0,0,1,0
2023-08-14 12:00:00,66,13,2951,291,0,20.6,13.5,0.0,0,1,0,0,0,0,0,1,0
2023-08-18 20:00:00,18,21,767,209,0,20.9,13.2,9.7,1,0,0,0,0,0,0,1,0
2023-08-07 06:00:00,3,7,142,14,1,19.9,9.5,0.0,0,1,0,0,0,0,0,1,0
2023-08-14 11:00:00,59,12,2348,252,0,20.6,13.5,0.0,0,1,0,0,0,0,0,1,0
2023-08-18 19:00:00,15,20,1149,260,0,20.9,13.2,9.7,1,0,0,0,0,0,0,1,0
2023-08-07 05:00:00,3,6,71,7,1,19.9,9.5,0.0,0,1,0,0,0,0,0,1,0
2023-08-14 10:00:00,53,11,1613,178,0,20.6,13.5,0.0,0,1,0,0,0,0,0,1,0
2023-08-18 09:00:00,13,10,1014,169,0,20.9,13.2,9.7,1,0,0,0,0,0,0,1,0
2023-08-07 01:00:00,2,2,115,73,1,19.9,9.5,0.0,0,1,0,0,0,0,0,1,0
2023-08-14 14:00:00,42,15,2495,74,0,20.6,13.5,0.0,0,1,0,0,0,0,0,1,0
2023-08-18 23:00:00,12,0,490,50,0,20.9,13.2,9.7,1,0,0,0,0,0,0,1,0
2023-08-07 23:00:00,2,0,330,23,1,19.9,9.5,0.0,0,1,0,0,0,0,0,1,0
2023-08-18 08:00:00,11,9,506,111,0,20.9,13.2,9.7,1,0,0,0,0,0,0,1,0
2023-08-07 00:00:00,0,1,116,111,1,19.9,9.5,0.0,0,1,0,0,0,0,0,1,0
2023-08-14 15:00:00,41,16,2064,116,0,20.6,13.5,0.0,0,1,0,0,0,0,0,1,0
2023-08-18 15:00:00,7,16,1295,61,0,20.9,13.2,9.7,1,0,0,0,0,0,0,1,0
2023-08-07 02:00:00,0,3,121,25,1,19.9,9.5,0.0,0,1,0,0,0,0,0,1,0
2023-08-14 17:00:00,36,18,1431,81,0,20.6,13.5,0.0,0,1,0,0,0,0,0,1,0
2023-08-18 22:00:00,7,23,616,38,0,20.9,13.2,9.7,1,0,0,0,0,0,0,1,0
2023-08-07 03:00:00,0,4,79,24,1,19.9,9.5,0.0,0,1,0,0,0,0,0,1,0
2023-08-14 13:00:00,32,14,3211,179,0,20.6,13.5,0.0,0,1,0,0,0,0,0,1,0
2023-08-18 21:00:00,6,22,898,59,0,20.9,13.2,9.7,1,0,0,0,0,0,0,1,0
2023-08-07 04:00:00,0,5,7,4,1,19.9,9.5,0.0,0,1,0,0,0,0,0,1,0
2023-08-14 09:00:00,28,10,1278,145,0,20.6,13.5,0.0,0,1,0,0,0,0,0,1,0
2023-08-18 07:00:00,6,8,173,14,0,20.9,13.2,9.7,1,0,0,0,0,0,0,1,0
2023-08-08 14:00:00,68,15,2896,145,0,19.1,7.7,0.2,0,0,0,0,0,1,0,1,0
2023-08-14 08:00:00,18,9,704,88,0,20.6,13.5,0.0,0,1,0,0,0,0,0,1,0
2023-08-18 06:00:00,2,7,85,1,0,20.9,13.2,9.7,1,0,0,0,0,0,0,1,0
2023-08-08 12:00:00,50,13,3214,154,0,19.1,7.7,0.2,0,0,0,0,0,1,0,1,0
2023-08-14 19:00:00,17,20,1264,203,0,20.6,13.5,0.0,0,1,0,0,0,0,0,1,0
2023-08-18 01:00:00,1,2,115,17,0,20.9,13.2,9.7,1,0,0,0,0,0,0,1,0
2023-08-08 11:00:00,40,12,1813,109,0,19.1,7.7,0.2,0,0,0,0,0,1,0,1,0
2023-08-14 18:00:00,16,19,1386,110,0,20.6,13.5,0.0,0,1,0,0,0,0,0,1,0
2023-08-18 00:00:00,1,1,277,1,0,20.9,13.2,9.7,1,0,0,0,0,0,0,1,0
2023-08-08 17:00:00,38,18,1591,161,0,19.1,7.7,0.2,0,0,0,0,0,1,0,1,0
2023-08-14 06:00:00,13,7,192,37,0,20.6,13.5,0.0,0,1,0,0,0,0,0,1,0
2023-08-18 05:00:00,0,6,81,10,0,20.9,13.2,9.7,1,0,0,0,0,0,0,1,0
2023-08-08 10:00:00,37,11,904,146,0,19.1,7.7,0.2,0,0,0,0,0,1,0,1,0
2023-08-14 21:00:00,9,22,628,3,0,20.6,13.5,0.0,0,1,0,0,0,0,0,1,0
2023-08-08 15:00:00,37,16,2373,118,0,19.1,7.7,0.2,0,0,0,0,0,1,0,1,0
2023-08-14 20:00:00,8,21,775,98,0,20.6,13.5,0.0,0,1,0,0,0,0,0,1,0
2023-08-08 13:00:00,34,14,3385,135,0,19.1,7.7,0.2,0,0,0,0,0,1,0,1,0
2023-08-14 22:00:00,7,23,483,1,0,20.6,13.5,0.0,0,1,0,0,0,0,0,1,0
2023-08-08 16:00:00,33,17,2174,146,0,19.1,7.7,0.2,0,0,0,0,0,1,0,1,0
2023-08-14 02:00:00,4,3,102,29,0,20.6,13.5,0.0,0,1,0,0,0,0,0,1,0
2023-08-08 09:00:00,27,10,863,201,0,19.1,7.7,0.2,0,0,0,0,0,1,0,1,0
2023-08-08 08:00:00,26,9,535,180,0,19.1,7.7,0.2,0,0,0,0,0,1,0,1,0
2023-08-08 19:00:00,25,20,1048,162,0,19.1,7.7,0.2,0,0,0,0,0,1,0,1,0
2023-08-23 18:00:00,69,19,1288,288,0,19.5,9.3,3.6,0,0,0,0,0,0,1,1,0
2023-08-23 16:00:00,63,17,2024,289,0,19.5,9.3,3.6,0,0,0,0,0,0,1,1,0
2023-08-23 09:00:00,50,10,1081,244,0,19.5,9.3,3.6,0,0,0,0,0,0,1,1,0
2023-08-23 12:00:00,42,13,2983,216,0,19.5,9.3,3.6,0,0,0,0,0,0,1,1,0
2023-08-23 15:00:00,40,16,1678,274,0,19.5,9.3,3.6,0,0,0,0,0,0,1,1,0
2023-08-23 11:00:00,40,12,1965,215,0,19.5,9.3,3.6,0,0,0,0,0,0,1,1,0
2023-08-23 08:00:00,31,9,764,335,0,19.5,9.3,3.6,0,0,0,0,0,0,1,1,0
2023-08-23 14:00:00,28,15,2520,280,0,19.5,9.3,3.6,0,0,0,0,0,0,1,1,0
2023-08-23 13:00:00,27,14,3150,215,0,19.5,9.3,3.6,0,0,0,0,0,0,1,1,0
2023-08-23 10:00:00,22,11,1688,241,0,19.5,9.3,3.6,0,0,0,0,0,0,1,1,0
2023-08-23 07:00:00,14,8,274,71,0,19.5,9.3,3.6,0,0,0,0,0,0,1,1,0
2023-08-23 20:00:00,12,21,1128,164,0,19.5,9.3,3.6,0,0,0,0,0,0,1,1,0
2023-08-23 06:00:00,11,7,159,33,0,19.5,9.3,3.6,0,0,0,0,0,0,1,1,0
2023-08-23 19:00:00,10,20,1237,199,0,19.5,9.3,3.6,0,0,0,0,0,0,1,1,0
2023-08-23 21:00:00,9,22,620,95,0,19.5,9.3,3.6,0,0,0,0,0,0,1,1,0
2023-08-23 01:00:00,3,2,163,26,0,19.5,9.3,3.6,0,0,0,0,0,0,1,1,0
2023-08-23 22:00:00,2,23,589,103,0,19.5,9.3,3.6,0,0,0,0,0,0,1,1,0
2023-08-23 23:00:00,2,0,418,82,0,19.5,9.3,3.6,0,0,0,0,0,0,1,1,0
2023-08-23 00:00:00,2,1,367,40,0,19.5,9.3,3.6,0,0,0,0,0,0,1,1,0
2023-08-23 05:00:00,1,6,83,16,0,19.5,9.3,3.6,0,0,0,0,0,0,1,1,0
2023-08-23 02:00:00,1,3,89,12,0,19.5,9.3,3.6,0,0,0,0,0,0,1,1,0
2023-08-23 04:00:00,1,5,8,4,0,19.5,9.3,3.6,0,0,0,0,0,0,1,1,0
2023-08-31 07:00:00,15,8,227,93,0,17.8,7.5,0.0,0,0,0,0,1,0,0,1,0
2023-08-23 03:00:00,0,4,46,4,0,19.5,9.3,3.6,0,0,0,0,0,0,1,1,0
2023-08-24 12:00:00,84,13,2509,228,0,17.9,12.1,0.0,0,0,0,0,1,0,0,1,0
2023-08-24 17:00:00,55,18,1497,209,0,17.9,12.1,0.0,0,0,0,0,1,0,0,1,0
2023-08-24 16:00:00,50,17,1757,217,0,17.9,12.1,0.0,0,0,0,0,1,0,0,1,0
2023-08-24 11:00:00,47,12,1709,221,0,17.9,12.1,0.0,0,0,0,0,1,0,0,1,0
2023-08-24 15:00:00,46,16,1494,219,0,17.9,12.1,0.0,0,0,0,0,1,0,0,1,0
2023-08-24 10:00:00,39,11,1573,169,0,17.9,12.1,0.0,0,0,0,0,1,0,0,1,0
2023-08-24 18:00:00,38,19,1225,260,0,17.9,12.1,0.0,0,0,0,0,1,0,0,1,0
2023-08-24 20:00:00,35,21,674,33,0,17.9,12.1,0.0,0,0,0,0,1,0,0,1,0
2023-08-24 14:00:00,31,15,2369,138,0,17.9,12.1,0.0,0,0,0,0,1,0,0,1,0
2023-08-24 08:00:00,23,9,829,307,0,17.9,12.1,0.0,0,0,0,0,1,0,0,1,0
2023-08-24 19:00:00,23,20,1018,104,0,17.9,12.1,0.0,0,0,0,0,1,0,0,1,0
2023-08-24 13:00:00,20,14,1927,98,0,17.9,12.1,0.0,0,0,0,0,1,0,0,1,0
2023-08-24 09:00:00,12,10,1132,208,0,17.9,12.1,0.0,0,0,0,0,1,0,0,1,0
2023-08-24 07:00:00,11,8,333,83,0,17.9,12.1,0.0,0,0,0,0,1,0,0,1,0
2023-08-24 00:00:00,10,1,227,49,0,17.9,12.1,0.0,0,0,0,0,1,0,0,1,0
2023-08-24 06:00:00,9,7,214,38,0,17.9,12.1,0.0,0,0,0,0,1,0,0,1,0
2023-08-24 23:00:00,3,0,435,39,0,17.9,12.1,0.0,0,0,0,0,1,0,0,1,0
2023-08-24 21:00:00,3,22,569,24,0,17.9,12.1,0.0,0,0,0,0,1,0,0,1,0
2023-08-24 03:00:00,2,4,137,9,0,17.9,12.1,0.0,0,0,0,0,1,0,0,1,0
2023-08-24 22:00:00,1,23,497,56,0,17.9,12.1,0.0,0,0,0,0,1,0,0,1,0
2023-08-24 02:00:00,1,3,181,32,0,17.9,12.1,0.0,0,0,0,0,1,0,0,1,0
2023-08-24 01:00:00,0,2,121,38,0,17.9,12.1,0.0,0,0,0,0,1,0,0,1,0
2023-08-24 05:00:00,0,6,91,13,0,17.9,12.1,0.0,0,0,0,0,1,0,0,1,0
2023-08-24 04:00:00,0,5,11,4,0,17.9,12.1,0.0,0,0,0,0,1,0,0,1,0
2023-08-25 12:00:00,134,13,2209,218,0,18.5,8.9,0.0,1,0,0,0,0,0,0,1,0
2023-08-25 11:00:00,74,12,1879,207,0,18.5,8.9,0.0,1,0,0,0,0,0,0,1,0
2023-08-25 10:00:00,57,11,1531,242,0,18.5,8.9,0.0,1,0,0,0,0,0,0,1,0
2023-08-29 13:00:00,27,14,1628,86,0,19.0,10.5,0.0,0,0,0,0,0,1,0,1,0
2023-08-27 10:00:00,27,11,648,108,0,18.6,5.5,4.8,0,0,0,1,0,0,0,1,0
2023-08-25 13:00:00,49,14,2584,155,0,18.5,8.9,0.0,1,0,0,0,0,0,0,1,0
2023-08-31 15:00:00,15,16,1658,58,0,17.8,7.5,0.0,0,0,0,0,1,0,0,1,0
2023-08-29 16:00:00,26,17,2036,117,0,19.0,10.5,0.0,0,0,0,0,0,1,0,1,0
2023-08-27 20:00:00,22,21,905,168,0,18.6,5.5,4.8,0,0,0,1,0,0,0,1,0
2023-08-31 10:00:00,10,11,1381,58,0,17.8,7.5,0.0,0,0,0,0,1,0,0,1,0
2023-08-29 17:00:00,23,18,1141,114,0,19.0,10.5,0.0,0,0,0,0,0,1,0,1,0
2023-08-27 08:00:00,22,9,212,95,0,18.6,5.5,4.8,0,0,0,1,0,0,0,1,0
2023-08-31 09:00:00,10,10,1131,29,0,17.8,7.5,0.0,0,0,0,0,1,0,0,1,0
2023-08-25 17:00:00,48,18,1699,296,0,18.5,8.9,0.0,1,0,0,0,0,0,0,1,0
2023-08-29 20:00:00,14,21,854,191,0,19.0,10.5,0.0,0,0,0,0,0,1,0,1,0
2023-08-27 09:00:00,18,10,353,101,0,18.6,5.5,4.8,0,0,0,1,0,0,0,1,0
2023-08-31 20:00:00,9,21,980,215,0,17.8,7.5,0.0,0,0,0,0,1,0,0,1,0
2023-08-25 18:00:00,48,19,1470,277,0,18.5,8.9,0.0,1,0,0,0,0,0,0,1,0
2023-08-29 07:00:00,14,8,293,81,0,19.0,10.5,0.0,0,0,0,0,0,1,0,1,0
2023-08-27 15:00:00,17,16,1356,145,0,18.6,5.5,4.8,0,0,0,1,0,0,0,1,0
2023-08-31 06:00:00,8,7,156,35,0,17.8,7.5,0.0,0,0,0,0,1,0,0,1,0
2023-08-25 09:00:00,44,10,1085,189,0,18.5,8.9,0.0,1,0,0,0,0,0,0,1,0
2023-08-29 06:00:00,14,7,146,47,0,19.0,10.5,0.0,0,0,0,0,0,1,0,1,0
2023-08-27 18:00:00,16,19,1266,170,0,18.6,5.5,4.8,0,0,0,1,0,0,0,1,0
2023-08-31 21:00:00,7,22,711,113,0,17.8,7.5,0.0,0,0,0,0,1,0,0,1,0
2023-08-31 02:00:00,6,3,129,11,0,17.8,7.5,0.0,0,0,0,0,1,0,0,1,0
2023-08-31 03:00:00,6,4,55,3,0,17.8,7.5,0.0,0,0,0,0,1,0,0,1,0
2023-08-31 22:00:00,3,23,403,79,0,17.8,7.5,0.0,0,0,0,0,1,0,0,1,0
2023-08-31 01:00:00,2,2,202,33,0,17.8,7.5,0.0,0,0,0,0,1,0,0,1,0
2023-08-31 00:00:00,2,1,215,29,0,17.8,7.5,0.0,0,0,0,0,1,0,0,1,0
2023-08-31 23:00:00,1,0,453,65,0,17.8,7.5,0.0,0,0,0,0,1,0,0,1,0
2023-08-31 05:00:00,0,6,88,5,0,17.8,7.5,0.0,0,0,0,0,1,0,0,1,0
2023-08-31 04:00:00,0,5,20,4,0,17.8,7.5,0.0,0,0,0,0,1,0,0,1,0
2023-08-29 21:00:00,6,22,669,89,0,19.0,10.5,0.0,0,0,0,0,0,1,0,1,0
2023-08-25 14:00:00,38,15,2133,232,0,18.5,8.9,0.0,1,0,0,0,0,0,0,1,0
2023-08-27 14:00:00,15,15,1528,215,0,18.6,5.5,4.8,0,0,0,1,0,0,0,1,0
2023-08-29 19:00:00,6,20,591,56,0,19.0,10.5,0.0,0,0,0,0,0,1,0,1,0
2023-08-25 15:00:00,33,16,2259,343,0,18.5,8.9,0.0,1,0,0,0,0,0,0,1,0
2023-08-27 19:00:00,14,20,937,197,0,18.6,5.5,4.8,0,0,0,1,0,0,0,1,0
2023-08-29 18:00:00,5,19,959,50,0,19.0,10.5,0.0,0,0,0,0,0,1,0,1,0
2023-08-25 08:00:00,33,9,674,288,0,18.5,8.9,0.0,1,0,0,0,0,0,0,1,0
2023-08-29 22:00:00,3,23,398,62,0,19.0,10.5,0.0,0,0,0,0,0,1,0,1,0
2023-08-27 03:00:00,13,4,488,14,0,18.6,5.5,4.8,0,0,0,1,0,0,0,1,0
2023-08-25 16:00:00,30,17,1951,250,0,18.5,8.9,0.0,1,0,0,0,0,0,0,1,0
2023-08-29 05:00:00,3,6,79,22,0,19.0,10.5,0.0,0,0,0,0,0,1,0,1,0
2023-08-27 01:00:00,9,2,441,8,0,18.6,5.5,4.8,0,0,0,1,0,0,0,1,0
2023-08-25 06:00:00,12,7,140,28,0,18.5,8.9,0.0,1,0,0,0,0,0,0,1,0
2023-08-29 00:00:00,2,1,214,65,0,19.0,10.5,0.0,0,0,0,0,0,1,0,1,0
2023-08-27 07:00:00,8,8,142,47,0,18.6,5.5,4.8,0,0,0,1,0,0,0,1,0
2023-08-25 20:00:00,10,21,1216,230,0,18.5,8.9,0.0,1,0,0,0,0,0,0,1,0
2023-08-29 23:00:00,1,0,263,26,0,19.0,10.5,0.0,0,0,0,0,0,1,0,1,0
2023-08-27 02:00:00,8,3,432,7,0,18.6,5.5,4.8,0,0,0,1,0,0,0,1,0
2023-08-25 07:00:00,7,8,386,100,0,18.5,8.9,0.0,1,0,0,0,0,0,0,1,0
2023-08-29 01:00:00,0,2,120,42,0,19.0,10.5,0.0,0,0,0,0,0,1,0,1,0
2023-08-29 02:00:00,0,3,65,14,0,19.0,10.5,0.0,0,0,0,0,0,1,0,1,0
2023-08-29 03:00:00,0,4,16,12,0,19.0,10.5,0.0,0,0,0,0,0,1,0,1,0
2023-08-29 04:00:00,0,5,17,8,0,19.0,10.5,0.0,0,0,0,0,0,1,0,1,0
2023-08-30 12:00:00,73,13,2621,254,0,17.9,7.7,0.0,0,0,0,0,0,0,1,1,0
2023-08-30 09:00:00,48,10,988,219,0,17.9,7.7,0.0,0,0,0,0,0,0,1,1,0
2023-08-30 16:00:00,48,17,2071,211,0,17.9,7.7,0.0,0,0,0,0,0,0,1,1,0
2023-08-30 14:00:00,40,15,2232,221,0,17.9,7.7,0.0,0,0,0,0,0,0,1,1,0
2023-08-30 13:00:00,38,14,2711,201,0,17.9,7.7,0.0,0,0,0,0,0,0,1,1,0
2023-08-30 10:00:00,37,11,1410,215,0,17.9,7.7,0.0,0,0,0,0,0,0,1,1,0
2023-08-30 17:00:00,37,18,1635,211,0,17.9,7.7,0.0,0,0,0,0,0,0,1,1,0
2023-08-30 08:00:00,35,9,756,175,0,17.9,7.7,0.0,0,0,0,0,0,0,1,1,0
2023-08-30 11:00:00,32,12,2080,215,0,17.9,7.7,0.0,0,0,0,0,0,0,1,1,0
2023-08-30 15:00:00,27,16,1919,140,0,17.9,7.7,0.0,0,0,0,0,0,0,1,1,0
2023-08-30 18:00:00,26,19,1402,251,0,17.9,7.7,0.0,0,0,0,0,0,0,1,1,0
2023-08-30 19:00:00,13,20,1206,195,0,17.9,7.7,0.0,0,0,0,0,0,0,1,1,0
2023-08-30 07:00:00,12,8,283,78,0,17.9,7.7,0.0,0,0,0,0,0,0,1,1,0
2023-08-30 06:00:00,10,7,122,39,0,17.9,7.7,0.0,0,0,0,0,0,0,1,1,0
2023-08-30 22:00:00,8,23,542,55,0,17.9,7.7,0.0,0,0,0,0,0,0,1,1,0
2023-08-30 21:00:00,5,22,585,89,0,17.9,7.7,0.0,0,0,0,0,0,0,1,1,0
2023-08-30 20:00:00,3,21,770,117,0,17.9,7.7,0.0,0,0,0,0,0,0,1,1,0
2023-08-30 02:00:00,2,3,88,12,0,17.9,7.7,0.0,0,0,0,0,0,0,1,1,0
2023-08-30 05:00:00,2,6,78,9,0,17.9,7.7,0.0,0,0,0,0,0,0,1,1,0
2023-08-30 23:00:00,1,0,401,36,0,17.9,7.7,0.0,0,0,0,0,0,0,1,1,0
2023-08-30 01:00:00,1,2,172,28,0,17.9,7.7,0.0,0,0,0,0,0,0,1,1,0
2023-08-30 00:00:00,1,1,200,17,0,17.9,7.7,0.0,0,0,0,0,0,0,1,1,0
2023-08-30 03:00:00,1,4,52,11,0,17.9,7.7,0.0,0,0,0,0,0,0,1,1,0
2023-08-30 04:00:00,0,5,50,2,0,17.9,7.7,0.0,0,0,0,0,0,0,1,1,0
2023-08-31 12:00:00,78,13,2174,233,0,17.8,7.5,0.0,0,0,0,0,1,0,0,1,0
2023-08-31 16:00:00,65,17,2092,193,0,17.8,7.5,0.0,0,0,0,0,1,0,0,1,0
2023-08-31 14:00:00,62,15,1997,193,0,17.8,7.5,0.0,0,0,0,0,1,0,0,1,0
2023-08-31 11:00:00,55,12,1949,210,0,17.8,7.5,0.0,0,0,0,0,1,0,0,1,0
2023-08-31 17:00:00,47,18,1775,329,0,17.8,7.5,0.0,0,0,0,0,1,0,0,1,0
2023-08-31 13:00:00,38,14,2549,169,0,17.8,7.5,0.0,0,0,0,0,1,0,0,1,0
2023-08-31 19:00:00,25,20,1226,280,0,17.8,7.5,0.0,0,0,0,0,1,0,0,1,0
2023-08-31 18:00:00,23,19,1406,348,0,17.8,7.5,0.0,0,0,0,0,1,0,0,1,0
2023-08-31 08:00:00,23,9,663,85,0,17.8,7.5,0.0,0,0,0,0,1,0,0,1,0
2023-08-27 06:00:00,7,7,70,12,0,18.6,5.5,4.8,0,0,0,1,0,0,0,1,0
2023-08-25 21:00:00,7,22,1109,96,0,18.5,8.9,0.0,1,0,0,0,0,0,0,1,0
2023-08-27 21:00:00,5,22,578,34,0,18.6,5.5,4.8,0,0,0,1,0,0,0,1,0
2023-08-25 19:00:00,7,20,1174,80,0,18.5,8.9,0.0,1,0,0,0,0,0,0,1,0
2023-08-27 00:00:00,5,1,499,28,0,18.6,5.5,4.8,0,0,0,1,0,0,0,1,0
2023-08-25 23:00:00,7,0,619,39,0,18.5,8.9,0.0,1,0,0,0,0,0,0,1,0
2023-08-27 04:00:00,4,5,81,12,0,18.6,5.5,4.8,0,0,0,1,0,0,0,1,0
2023-08-25 22:00:00,5,23,831,78,0,18.5,8.9,0.0,1,0,0,0,0,0,0,1,0
2023-08-27 05:00:00,3,6,45,3,0,18.6,5.5,4.8,0,0,0,1,0,0,0,1,0
2023-08-25 02:00:00,2,3,179,11,0,18.5,8.9,0.0,1,0,0,0,0,0,0,1,0
2023-08-27 22:00:00,2,23,538,29,0,18.6,5.5,4.8,0,0,0,1,0,0,0,1,0
2023-08-25 01:00:00,1,2,308,24,0,18.5,8.9,0.0,1,0,0,0,0,0,0,1,0
2023-08-27 23:00:00,0,0,365,8,0,18.6,5.5,4.8,0,0,0,1,0,0,0,1,0
2023-08-25 00:00:00,1,1,464,21,0,18.5,8.9,0.0,1,0,0,0,0,0,0,1,0
2023-08-25 05:00:00,1,6,111,17,0,18.5,8.9,0.0,1,0,0,0,0,0,0,1,0
2023-08-25 03:00:00,1,4,120,11,0,18.5,8.9,0.0,1,0,0,0,0,0,0,1,0
2023-08-25 04:00:00,0,5,38,4,0,18.5,8.9,0.0,1,0,0,0,0,0,0,1,0
2023-08-26 11:00:00,40,12,2259,50,0,18.3,5.5,0.8,0,0,1,0,0,0,0,1,0
2023-08-26 10:00:00,36,11,2638,146,0,18.3,5.5,0.8,0,0,1,0,0,0,0,1,0
2023-08-26 19:00:00,31,20,1429,303,0,18.3,5.5,0.8,0,0,1,0,0,0,0,1,0
2023-08-26 17:00:00,29,18,2653,175,0,18.3,5.5,0.8,0,0,1,0,0,0,0,1,0
2023-08-26 09:00:00,23,10,885,161,0,18.3,5.5,0.8,0,0,1,0,0,0,0,1,0
2023-08-28 09:00:00,77,10,895,179,0,18.2,8.5,0.0,0,1,0,0,0,0,0,1,0
2023-08-26 16:00:00,22,17,3725,165,0,18.3,5.5,0.8,0,0,1,0,0,0,0,1,0
2023-08-28 17:00:00,58,18,1216,250,0,18.2,8.5,0.0,0,1,0,0,0,0,0,1,0
2023-08-26 14:00:00,20,15,2526,188,0,18.3,5.5,0.8,0,0,1,0,0,0,0,1,0
2023-08-28 16:00:00,50,17,1798,202,0,18.2,8.5,0.0,0,1,0,0,0,0,0,1,0
2023-08-26 12:00:00,18,13,3040,92,0,18.3,5.5,0.8,0,0,1,0,0,0,0,1,0
2023-08-28 14:00:00,45,15,1807,219,0,18.2,8.5,0.0,0,1,0,0,0,0,0,1,0
2023-08-28 10:00:00,43,11,1343,184,0,18.2,8.5,0.0,0,1,0,0,0,0,0,1,0
2023-08-26 18:00:00,16,19,1969,219,0,18.3,5.5,0.8,0,0,1,0,0,0,0,1,0
2023-08-28 08:00:00,40,9,783,297,0,18.2,8.5,0.0,0,1,0,0,0,0,0,1,0
2023-08-26 06:00:00,15,7,103,34,0,18.3,5.5,0.8,0,0,1,0,0,0,0,1,0
2023-08-28 12:00:00,37,13,2273,207,0,18.2,8.5,0.0,0,1,0,0,0,0,0,1,0
2023-08-26 13:00:00,13,14,2200,204,0,18.3,5.5,0.8,0,0,1,0,0,0,0,1,0
2023-08-28 13:00:00,32,14,2575,193,0,18.2,8.5,0.0,0,1,0,0,0,0,0,1,0
2023-08-26 07:00:00,13,8,135,70,0,18.3,5.5,0.8,0,0,1,0,0,0,0,1,0
2023-08-28 18:00:00,31,19,887,201,0,18.2,8.5,0.0,0,1,0,0,0,0,0,1,0
2023-08-26 15:00:00,12,16,2020,148,0,18.3,5.5,0.8,0,0,1,0,0,0,0,1,0
2023-08-28 19:00:00,24,20,727,213,0,18.2,8.5,0.0,0,1,0,0,0,0,0,1,0
2023-08-26 20:00:00,11,21,1409,32,0,18.3,5.5,0.8,0,0,1,0,0,0,0,1,0
2023-08-28 11:00:00,24,12,1732,178,0,18.2,8.5,0.0,0,1,0,0,0,0,0,1,0
2023-08-26 08:00:00,8,9,358,96,0,18.3,5.5,0.8,0,0,1,0,0,0,0,1,0
2023-08-28 15:00:00,23,16,1649,212,0,18.2,8.5,0.0,0,1,0,0,0,0,0,1,0
2023-08-26 00:00:00,6,1,454,35,0,18.3,5.5,0.8,0,0,1,0,0,0,0,1,0
2023-08-28 07:00:00,17,8,265,85,0,18.2,8.5,0.0,0,1,0,0,0,0,0,1,0
2023-08-26 05:00:00,5,6,91,20,0,18.3,5.5,0.8,0,0,1,0,0,0,0,1,0
2023-08-28 06:00:00,14,7,128,49,0,18.2,8.5,0.0,0,1,0,0,0,0,0,1,0
2023-08-26 03:00:00,4,4,362,15,0,18.3,5.5,0.8,0,0,1,0,0,0,0,1,0
2023-08-28 21:00:00,11,22,487,51,0,18.2,8.5,0.0,0,1,0,0,0,0,0,1,0
2023-08-26 21:00:00,2,22,1055,46,0,18.3,5.5,0.8,0,0,1,0,0,0,0,1,0
2023-08-28 20:00:00,10,21,563,115,0,18.2,8.5,0.0,0,1,0,0,0,0,0,1,0
2023-08-26 22:00:00,2,23,824,15,0,18.3,5.5,0.8,0,0,1,0,0,0,0,1,0
2023-08-28 22:00:00,8,23,372,69,0,18.2,8.5,0.0,0,1,0,0,0,0,0,1,0
2023-08-26 01:00:00,1,2,483,54,0,18.3,5.5,0.8,0,0,1,0,0,0,0,1,0
2023-08-28 02:00:00,6,3,60,18,0,18.2,8.5,0.0,0,1,0,0,0,0,0,1,0
2023-08-26 02:00:00,1,3,493,29,0,18.3,5.5,0.8,0,0,1,0,0,0,0,1,0
2023-08-28 00:00:00,5,1,237,40,0,18.2,8.5,0.0,0,1,0,0,0,0,0,1,0
2023-08-26 04:00:00,1,5,39,0,0,18.3,5.5,0.8,0,0,1,0,0,0,0,1,0
2023-08-28 01:00:00,2,2,97,37,0,18.2,8.5,0.0,0,1,0,0,0,0,0,1,0
2023-08-26 23:00:00,0,0,636,71,0,18.3,5.5,0.8,0,0,1,0,0,0,0,1,0
2023-08-28 23:00:00,1,0,309,67,0,18.2,8.5,0.0,0,1,0,0,0,0,0,1,0
2023-08-27 12:00:00,69,13,1812,227,0,18.6,5.5,4.8,0,0,0,1,0,0,0,1,0
2023-08-28 05:00:00,1,6,91,24,0,18.2,8.5,0.0,0,1,0,0,0,0,0,1,0
2023-08-27 11:00:00,51,12,1314,161,0,18.6,5.5,4.8,0,0,0,1,0,0,0,1,0
2023-08-28 04:00:00,1,5,21,17,0,18.2,8.5,0.0,0,1,0,0,0,0,0,1,0
2023-08-27 13:00:00,36,14,1860,207,0,18.6,5.5,4.8,0,0,0,1,0,0,0,1,0
2023-08-28 03:00:00,0,4,68,10,0,18.2,8.5,0.0,0,1,0,0,0,0,0,1,0
2023-08-29 11:00:00,65,12,1927,184,0,19.0,10.5,0.0,0,0,0,0,0,1,0,1,0
2023-08-29 10:00:00,59,11,1471,253,0,19.0,10.5,0.0,0,0,0,0,0,1,0,1,0
2023-08-29 12:00:00,38,13,2330,219,0,19.0,10.5,0.0,0,0,0,0,0,1,0,1,0
2023-08-29 09:00:00,37,10,1007,233,0,19.0,10.5,0.0,0,0,0,0,0,1,0,1,0
2023-08-29 14:00:00,32,15,1876,178,0,19.0,10.5,0.0,0,0,0,0,0,1,0,1,0
2023-08-29 08:00:00,30,9,871,315,0,19.0,10.5,0.0,0,0,0,0,0,1,0,1,0
2023-08-29 15:00:00,28,16,1944,172,0,19.0,10.5,0.0,0,0,0,0,0,1,0,1,0
2023-08-27 16:00:00,34,17,1377,217,0,18.6,5.5,4.8,0,0,0,1,0,0,0,1,0
2023-08-27 17:00:00,27,18,1540,138,0,18.6,5.5,4.8,0,0,0,1,0,0,0,1,0
2023-12-02 13:00:00,6,14,2965,82,0,4.3,-4.8,0.0,0,0,1,0,0,0,0,0,1
2023-12-02 22:00:00,5,23,833,122,0,4.3,-4.8,0.0,0,0,1,0,0,0,0,0,1
2023-12-02 14:00:00,5,15,2709,108,0,4.3,-4.8,0.0,0,0,1,0,0,0,0,0,1
2023-12-02 15:00:00,5,16,3189,82,0,4.3,-4.8,0.0,0,0,1,0,0,0,0,0,1
2023-12-02 17:00:00,5,18,1942,10,0,4.3,-4.8,0.0,0,0,1,0,0,0,0,0,1
2023-12-01 08:00:00,19,9,519,39,0,-0.7,-3.2,0.0,1,0,0,0,0,0,0,0,1
2023-12-01 13:00:00,16,14,2576,27,0,-0.7,-3.2,0.0,1,0,0,0,0,0,0,0,1
2023-12-02 09:00:00,4,10,716,90,0,4.3,-4.8,0.0,0,0,1,0,0,0,0,0,1
2023-12-01 14:00:00,14,15,2309,65,0,-0.7,-3.2,0.0,1,0,0,0,0,0,0,0,1
2023-12-02 18:00:00,4,19,1536,72,0,4.3,-4.8,0.0,0,0,1,0,0,0,0,0,1
2023-12-02 12:00:00,4,13,2573,45,0,4.3,-4.8,0.0,0,0,1,0,0,0,0,0,1
2023-12-02 21:00:00,4,22,742,11,0,4.3,-4.8,0.0,0,0,1,0,0,0,0,0,1
2023-12-02 20:00:00,4,21,693,5,0,4.3,-4.8,0.0,0,0,1,0,0,0,0,0,1
2023-12-02 08:00:00,3,9,419,70,0,4.3,-4.8,0.0,0,0,1,0,0,0,0,0,1
2023-12-01 15:00:00,12,16,2750,158,0,-0.7,-3.2,0.0,1,0,0,0,0,0,0,0,1
2023-12-01 11:00:00,12,12,1721,33,0,-0.7,-3.2,0.0,1,0,0,0,0,0,0,0,1
2023-12-01 12:00:00,10,13,2560,42,0,-0.7,-3.2,0.0,1,0,0,0,0,0,0,0,1
2023-12-02 07:00:00,0,8,196,27,0,4.3,-4.8,0.0,0,0,1,0,0,0,0,0,1
2023-12-01 00:00:00,1,1,479,42,0,-0.7,-3.2,0.0,1,0,0,0,0,0,0,0,1
2023-12-01 05:00:00,1,6,112,14,0,-0.7,-3.2,0.0,1,0,0,0,0,0,0,0,1
2023-12-01 21:00:00,0,22,1104,98,0,-0.7,-3.2,0.0,1,0,0,0,0,0,0,0,1
2023-12-02 03:00:00,0,4,323,14,0,4.3,-4.8,0.0,0,0,1,0,0,0,0,0,1
2023-12-01 22:00:00,0,23,887,39,0,-0.7,-3.2,0.0,1,0,0,0,0,0,0,0,1
2023-12-01 01:00:00,0,2,286,38,0,-0.7,-3.2,0.0,1,0,0,0,0,0,0,0,1
2023-12-02 05:00:00,0,6,83,8,0,4.3,-4.8,0.0,0,0,1,0,0,0,0,0,1
2023-12-02 06:00:00,0,7,97,7,0,4.3,-4.8,0.0,0,0,1,0,0,0,0,0,1
2023-12-02 04:00:00,0,5,45,2,0,4.3,-4.8,0.0,0,0,1,0,0,0,0,0,1
2023-12-03 15:00:00,27,16,2065,131,0,5.7,-4.2,11.1,0,0,0,1,0,0,0,0,1
2023-12-03 14:00:00,21,15,2372,138,0,5.7,-4.2,11.1,0,0,0,1,0,0,0,0,1
2023-12-03 11:00:00,13,12,1341,103,0,5.7,-4.2,11.1,0,0,0,1,0,0,0,0,1
2023-12-03 09:00:00,13,10,395,76,0,5.7,-4.2,11.1,0,0,0,1,0,0,0,0,1
2023-12-03 13:00:00,9,14,2238,143,0,5.7,-4.2,11.1,0,0,0,1,0,0,0,0,1
2023-12-03 12:00:00,8,13,1888,128,0,5.7,-4.2,11.1,0,0,0,1,0,0,0,0,1
2023-12-03 10:00:00,8,11,947,108,0,5.7,-4.2,11.1,0,0,0,1,0,0,0,0,1
2023-12-03 16:00:00,8,17,1548,106,0,5.7,-4.2,11.1,0,0,0,1,0,0,0,0,1
2023-12-01 02:00:00,0,3,204,25,0,-0.7,-3.2,0.0,1,0,0,0,0,0,0,0,1
2023-12-01 23:00:00,0,0,725,23,0,-0.7,-3.2,0.0,1,0,0,0,0,0,0,0,1
2023-12-01 06:00:00,0,7,170,17,0,-0.7,-3.2,0.0,1,0,0,0,0,0,0,0,1
2023-12-01 03:00:00,0,4,99,12,0,-0.7,-3.2,0.0,1,0,0,0,0,0,0,0,1
2023-12-02 10:00:00,12,11,1031,83,0,4.3,-4.8,0.0,0,0,1,0,0,0,0,0,1
2023-12-02 16:00:00,8,17,2600,28,0,4.3,-4.8,0.0,0,0,1,0,0,0,0,0,1
2023-12-02 19:00:00,8,20,864,3,0,4.3,-4.8,0.0,0,0,1,0,0,0,0,0,1
2023-12-02 00:00:00,2,1,604,43,0,4.3,-4.8,0.0,0,0,1,0,0,0,0,0,1
2023-12-02 02:00:00,2,3,567,31,0,4.3,-4.8,0.0,0,0,1,0,0,0,0,0,1
2023-12-02 11:00:00,1,12,1998,109,0,4.3,-4.8,0.0,0,0,1,0,0,0,0,0,1
2023-12-02 23:00:00,1,0,666,82,0,4.3,-4.8,0.0,0,0,1,0,0,0,0,0,1
2023-12-02 01:00:00,1,2,494,43,0,4.3,-4.8,0.0,0,0,1,0,0,0,0,0,1
2023-12-01 09:00:00,5,10,855,53,0,-0.7,-3.2,0.0,1,0,0,0,0,0,0,0,1
2023-12-01 19:00:00,5,20,1041,33,0,-0.7,-3.2,0.0,1,0,0,0,0,0,0,0,1
2023-12-01 18:00:00,5,19,1563,12,0,-0.7,-3.2,0.0,1,0,0,0,0,0,0,0,1
2023-12-01 16:00:00,4,17,2651,110,0,-0.7,-3.2,0.0,1,0,0,0,0,0,0,0,1
2023-12-01 17:00:00,4,18,1862,38,0,-0.7,-3.2,0.0,1,0,0,0,0,0,0,0,1
2023-12-01 10:00:00,4,11,1425,34,0,-0.7,-3.2,0.0,1,0,0,0,0,0,0,0,1
2023-12-01 20:00:00,3,21,1085,71,0,-0.7,-3.2,0.0,1,0,0,0,0,0,0,0,1
2023-12-01 04:00:00,3,5,53,8,0,-0.7,-3.2,0.0,1,0,0,0,0,0,0,0,1
2023-12-01 07:00:00,2,8,225,20,0,-0.7,-3.2,0.0,1,0,0,0,0,0,0,0,1
2023-12-04 12:00:00,5,13,2235,133,0,4.5,-2.2,1.6,0,1,0,0,0,0,0,0,1
2023-12-04 16:00:00,5,17,1683,53,0,4.5,-2.2,1.6,0,1,0,0,0,0,0,0,1
2023-12-04 15:00:00,4,16,1693,112,0,4.5,-2.2,1.6,0,1,0,0,0,0,0,0,1
2023-12-04 08:00:00,4,9,731,70,0,4.5,-2.2,1.6,0,1,0,0,0,0,0,0,1
2023-12-04 09:00:00,3,10,934,188,0,4.5,-2.2,1.6,0,1,0,0,0,0,0,0,1
2023-12-04 20:00:00,3,21,547,63,0,4.5,-2.2,1.6,0,1,0,0,0,0,0,0,1
2023-12-04 10:00:00,2,11,643,122,0,4.5,-2.2,1.6,0,1,0,0,0,0,0,0,1
2023-12-04 19:00:00,2,20,483,38,0,4.5,-2.2,1.6,0,1,0,0,0,0,0,0,1
2023-12-04 06:00:00,0,7,68,45,0,4.5,-2.2,1.6,0,1,0,0,0,0,0,0,1
2023-12-04 02:00:00,0,3,88,30,0,4.5,-2.2,1.6,0,1,0,0,0,0,0,0,1
2023-12-04 00:00:00,0,1,227,23,0,4.5,-2.2,1.6,0,1,0,0,0,0,0,0,1
2023-12-04 05:00:00,0,6,31,16,0,4.5,-2.2,1.6,0,1,0,0,0,0,0,0,1
2023-12-03 08:00:00,4,9,196,27,0,5.7,-4.2,11.1,0,0,0,1,0,0,0,0,1
2023-12-03 07:00:00,3,8,128,18,0,5.7,-4.2,11.1,0,0,0,1,0,0,0,0,1
2023-12-03 17:00:00,2,18,1576,89,0,5.7,-4.2,11.1,0,0,0,1,0,0,0,0,1
2023-12-03 18:00:00,2,19,1125,50,0,5.7,-4.2,11.1,0,0,0,1,0,0,0,0,1
2023-12-03 03:00:00,2,4,383,17,0,5.7,-4.2,11.1,0,0,0,1,0,0,0,0,1
2023-12-04 01:00:00,0,2,79,11,0,4.5,-2.2,1.6,0,1,0,0,0,0,0,0,1
2023-12-04 04:00:00,0,5,7,4,0,4.5,-2.2,1.6,0,1,0,0,0,0,0,0,1
2023-12-04 03:00:00,0,4,5,1,0,4.5,-2.2,1.6,0,1,0,0,0,0,0,0,1
2023-12-03 01:00:00,0,2,763,60,0,5.7,-4.2,11.1,0,0,0,1,0,0,0,0,1
2023-12-05 14:00:00,28,15,1845,27,0,6.1,2.8,0.0,0,0,0,0,0,1,0,0,1
2023-12-04 13:00:00,13,14,2581,123,0,4.5,-2.2,1.6,0,1,0,0,0,0,0,0,1
2023-12-03 02:00:00,0,3,718,44,0,5.7,-4.2,11.1,0,0,0,1,0,0,0,0,1
2023-12-04 14:00:00,11,15,1801,133,0,4.5,-2.2,1.6,0,1,0,0,0,0,0,0,1
2023-12-03 21:00:00,0,22,434,39,0,5.7,-4.2,11.1,0,0,0,1,0,0,0,0,1
2023-12-03 23:00:00,0,0,335,39,0,5.7,-4.2,11.1,0,0,0,1,0,0,0,0,1
2023-12-03 19:00:00,1,20,647,64,0,5.7,-4.2,11.1,0,0,0,1,0,0,0,0,1
2023-12-03 22:00:00,1,23,385,51,0,5.7,-4.2,11.1,0,0,0,1,0,0,0,0,1
2023-12-03 00:00:00,1,1,822,45,0,5.7,-4.2,11.1,0,0,0,1,0,0,0,0,1
2023-12-03 20:00:00,1,21,541,45,0,5.7,-4.2,11.1,0,0,0,1,0,0,0,0,1
2023-12-03 06:00:00,1,7,65,9,0,5.7,-4.2,11.1,0,0,0,1,0,0,0,0,1
2023-12-04 11:00:00,9,12,1680,119,0,4.5,-2.2,1.6,0,1,0,0,0,0,0,0,1
2023-12-05 11:00:00,19,12,1665,136,0,6.1,2.8,0.0,0,0,0,0,0,1,0,0,1
2023-12-05 10:00:00,18,11,1468,205,0,6.1,2.8,0.0,0,0,0,0,0,1,0,0,1
2023-12-05 13:00:00,18,14,3115,99,0,6.1,2.8,0.0,0,0,0,0,0,1,0,0,1
2023-12-05 08:00:00,16,9,710,290,0,6.1,2.8,0.0,0,0,0,0,0,1,0,0,1
2023-12-05 09:00:00,15,10,1109,232,0,6.1,2.8,0.0,0,0,0,0,0,1,0,0,1
2023-12-05 16:00:00,13,17,2131,53,0,6.1,2.8,0.0,0,0,0,0,0,1,0,0,1
2023-12-03 04:00:00,0,5,53,10,0,5.7,-4.2,11.1,0,0,0,1,0,0,0,0,1
2023-12-03 05:00:00,0,6,90,8,0,5.7,-4.2,11.1,0,0,0,1,0,0,0,0,1
2023-12-04 22:00:00,1,23,413,53,0,4.5,-2.2,1.6,0,1,0,0,0,0,0,0,1
2023-12-04 18:00:00,1,19,1097,46,0,4.5,-2.2,1.6,0,1,0,0,0,0,0,0,1
2023-12-04 21:00:00,1,22,475,45,0,4.5,-2.2,1.6,0,1,0,0,0,0,0,0,1
2023-12-04 23:00:00,1,0,243,27,0,4.5,-2.2,1.6,0,1,0,0,0,0,0,0,1
2023-12-04 07:00:00,1,8,217,26,0,4.5,-2.2,1.6,0,1,0,0,0,0,0,0,1
2023-12-04 17:00:00,1,18,1355,16,0,4.5,-2.2,1.6,0,1,0,0,0,0,0,0,1
2023-12-05 07:00:00,2,8,313,42,0,6.1,2.8,0.0,0,0,0,0,0,1,0,0,1
2023-12-05 19:00:00,2,20,392,6,0,6.1,2.8,0.0,0,0,0,0,0,1,0,0,1
2023-12-05 21:00:00,2,22,332,6,0,6.1,2.8,0.0,0,0,0,0,0,1,0,0,1
2023-12-05 03:00:00,2,4,33,2,0,6.1,2.8,0.0,0,0,0,0,0,1,0,0,1
2023-12-05 18:00:00,1,19,1128,51,0,6.1,2.8,0.0,0,0,0,0,0,1,0,0,1
2023-12-05 22:00:00,1,23,399,20,0,6.1,2.8,0.0,0,0,0,0,0,1,0,0,1
2023-12-05 02:00:00,1,3,81,18,0,6.1,2.8,0.0,0,0,0,0,0,1,0,0,1
2023-12-05 20:00:00,1,21,268,5,0,6.1,2.8,0.0,0,0,0,0,0,1,0,0,1
2023-12-05 15:00:00,12,16,1499,61,0,6.1,2.8,0.0,0,0,0,0,0,1,0,0,1
2023-12-06 20:00:00,0,21,285,17,0,6.9,-3.3,1.1,0,0,0,0,0,0,1,0,1
2023-12-06 07:00:00,0,8,261,17,0,6.9,-3.3,1.1,0,0,0,0,0,0,1,0,1
2023-12-05 00:00:00,0,1,224,34,0,6.1,2.8,0.0,0,0,0,0,0,1,0,0,1
2023-12-06 17:00:00,5,18,1330,9,0,6.9,-3.3,1.1,0,0,0,0,0,0,1,0,1
2023-12-06 16:00:00,5,17,1657,8,0,6.9,-3.3,1.1,0,0,0,0,0,0,1,0,1
2023-12-06 18:00:00,0,19,989,5,0,6.9,-3.3,1.1,0,0,0,0,0,0,1,0,1
2023-12-05 23:00:00,0,0,363,26,0,6.1,2.8,0.0,0,0,0,0,0,1,0,0,1
2023-12-06 06:00:00,0,7,89,4,0,6.9,-3.3,1.1,0,0,0,0,0,0,1,0,1
2023-12-06 03:00:00,0,4,42,3,0,6.9,-3.3,1.1,0,0,0,0,0,0,1,0,1
2023-12-06 05:00:00,0,6,84,2,0,6.9,-3.3,1.1,0,0,0,0,0,0,1,0,1
2023-12-06 01:00:00,0,2,176,1,0,6.9,-3.3,1.1,0,0,0,0,0,0,1,0,1
2023-12-06 02:00:00,0,3,128,1,0,6.9,-3.3,1.1,0,0,0,0,0,0,1,0,1
2023-12-06 04:00:00,0,5,10,1,0,6.9,-3.3,1.1,0,0,0,0,0,0,1,0,1
2023-12-07 09:00:00,13,10,1065,223,0,8.5,-4.0,14.6,0,0,0,0,1,0,0,0,1
2023-12-05 01:00:00,0,2,149,24,0,6.1,2.8,0.0,0,0,0,0,0,1,0,0,1
2023-12-05 06:00:00,0,7,84,11,0,6.1,2.8,0.0,0,0,0,0,0,1,0,0,1
2023-12-05 05:00:00,0,6,81,11,0,6.1,2.8,0.0,0,0,0,0,0,1,0,0,1
2023-12-05 04:00:00,0,5,24,3,0,6.1,2.8,0.0,0,0,0,0,0,1,0,0,1
2023-12-05 12:00:00,7,13,3090,103,0,6.1,2.8,0.0,0,0,0,0,0,1,0,0,1
2023-12-06 22:00:00,1,23,494,3,0,6.9,-3.3,1.1,0,0,0,0,0,0,1,0,1
2023-12-07 08:00:00,11,9,667,229,0,8.5,-4.0,14.6,0,0,0,0,1,0,0,0,1
2023-12-06 23:00:00,1,0,337,3,0,6.9,-3.3,1.1,0,0,0,0,0,0,1,0,1
2023-12-07 12:00:00,8,13,2493,189,0,8.5,-4.0,14.6,0,0,0,0,1,0,0,0,1
2023-12-07 14:00:00,8,15,1942,179,0,8.5,-4.0,14.6,0,0,0,0,1,0,0,0,1
2023-12-07 13:00:00,8,14,2324,136,0,8.5,-4.0,14.6,0,0,0,0,1,0,0,0,1
2023-12-07 15:00:00,5,16,1738,56,0,8.5,-4.0,14.6,0,0,0,0,1,0,0,0,1
2023-12-07 03:00:00,5,4,177,12,0,8.5,-4.0,14.6,0,0,0,0,1,0,0,0,1
2023-12-07 02:00:00,5,3,286,11,0,8.5,-4.0,14.6,0,0,0,0,1,0,0,0,1
2023-12-06 14:00:00,16,15,1891,80,0,6.9,-3.3,1.1,0,0,0,0,0,0,1,0,1
2023-12-05 17:00:00,6,18,1640,36,0,6.1,2.8,0.0,0,0,0,0,0,1,0,0,1
2023-12-06 00:00:00,3,1,201,7,0,6.9,-3.3,1.1,0,0,0,0,0,0,1,0,1
2023-12-06 19:00:00,3,20,572,6,0,6.9,-3.3,1.1,0,0,0,0,0,0,1,0,1
2023-12-06 13:00:00,12,14,2543,97,0,6.9,-3.3,1.1,0,0,0,0,0,0,1,0,1
2023-12-06 21:00:00,2,22,715,37,0,6.9,-3.3,1.1,0,0,0,0,0,0,1,0,1
2023-12-06 15:00:00,12,16,1406,14,0,6.9,-3.3,1.1,0,0,0,0,0,0,1,0,1
2023-12-06 09:00:00,11,10,1122,112,0,6.9,-3.3,1.1,0,0,0,0,0,0,1,0,1
2023-12-06 11:00:00,10,12,1867,201,0,6.9,-3.3,1.1,0,0,0,0,0,0,1,0,1
2023-12-06 08:00:00,9,9,726,113,0,6.9,-3.3,1.1,0,0,0,0,0,0,1,0,1
2023-12-06 12:00:00,9,13,2150,103,0,6.9,-3.3,1.1,0,0,0,0,0,0,1,0,1
2023-12-06 10:00:00,6,11,1502,78,0,6.9,-3.3,1.1,0,0,0,0,0,0,1,0,1
2023-12-08 14:00:00,10,15,2691,135,0,8.3,5.9,5.2,1,0,0,0,0,0,0,0,1
2023-12-08 11:00:00,8,12,2594,153,0,8.3,5.9,5.2,1,0,0,0,0,0,0,0,1
2023-12-08 08:00:00,8,9,715,54,0,8.3,5.9,5.2,1,0,0,0,0,0,0,0,1
2023-12-09 00:00:00,4,1,364,20,0,7.1,5.5,5.8,0,0,1,0,0,0,0,0,1
2023-12-08 16:00:00,8,17,2485,26,0,8.3,5.9,5.2,1,0,0,0,0,0,0,0,1
2023-12-08 23:00:00,0,0,390,5,0,8.3,5.9,5.2,1,0,0,0,0,0,0,0,1
2023-12-09 23:00:00,3,0,1078,38,0,7.1,5.5,5.8,0,0,1,0,0,0,0,0,1
2023-12-08 10:00:00,7,11,1939,170,0,8.3,5.9,5.2,1,0,0,0,0,0,0,0,1
2023-12-08 01:00:00,1,2,139,6,0,8.3,5.9,5.2,1,0,0,0,0,0,0,0,1
2023-12-09 18:00:00,1,19,1182,179,0,7.1,5.5,5.8,0,0,1,0,0,0,0,0,1
2023-12-08 04:00:00,0,5,14,2,0,8.3,5.9,5.2,1,0,0,0,0,0,0,0,1
2023-12-07 18:00:00,1,19,783,7,0,8.5,-4.0,14.6,0,0,0,0,1,0,0,0,1
2023-12-07 11:00:00,2,12,1842,135,0,8.5,-4.0,14.6,0,0,0,0,1,0,0,0,1
2023-12-08 02:00:00,0,3,229,1,0,8.3,5.9,5.2,1,0,0,0,0,0,0,0,1
2023-12-07 17:00:00,1,18,1342,6,0,8.5,-4.0,14.6,0,0,0,0,1,0,0,0,1
2023-12-07 10:00:00,2,11,1321,133,0,8.5,-4.0,14.6,0,0,0,0,1,0,0,0,1
2023-12-07 21:00:00,0,22,505,14,0,8.5,-4.0,14.6,0,0,0,0,1,0,0,0,1
2023-12-07 05:00:00,0,6,57,8,0,8.5,-4.0,14.6,0,0,0,0,1,0,0,0,1
2023-12-07 23:00:00,1,0,249,5,0,8.5,-4.0,14.6,0,0,0,0,1,0,0,0,1
2023-12-08 15:00:00,6,16,2514,102,0,8.3,5.9,5.2,1,0,0,0,0,0,0,0,1
2023-12-08 07:00:00,6,8,262,31,0,8.3,5.9,5.2,1,0,0,0,0,0,0,0,1
2023-12-07 00:00:00,2,1,276,13,0,8.5,-4.0,14.6,0,0,0,0,1,0,0,0,1
2023-12-07 06:00:00,2,7,109,7,0,8.5,-4.0,14.6,0,0,0,0,1,0,0,0,1
2023-12-08 17:00:00,0,18,1578,20,0,8.3,5.9,5.2,1,0,0,0,0,0,0,0,1
2023-12-08 05:00:00,0,6,94,10,0,8.3,5.9,5.2,1,0,0,0,0,0,0,0,1
2023-12-08 03:00:00,0,4,108,8,0,8.3,5.9,5.2,1,0,0,0,0,0,0,0,1
2023-12-07 16:00:00,1,17,1560,4,0,8.5,-4.0,14.6,0,0,0,0,1,0,0,0,1
2023-12-09 09:00:00,5,10,362,68,0,7.1,5.5,5.8,0,0,1,0,0,0,0,0,1
2023-12-09 03:00:00,5,4,464,22,0,7.1,5.5,5.8,0,0,1,0,0,0,0,0,1
2023-12-09 02:00:00,5,3,298,12,0,7.1,5.5,5.8,0,0,1,0,0,0,0,0,1
2023-12-09 01:00:00,5,2,456,11,0,7.1,5.5,5.8,0,0,1,0,0,0,0,0,1
2023-12-08 21:00:00,2,22,956,56,0,8.3,5.9,5.2,1,0,0,0,0,0,0,0,1
2023-12-08 20:00:00,2,21,1261,51,0,8.3,5.9,5.2,1,0,0,0,0,0,0,0,1
2023-12-07 04:00:00,0,5,19,2,0,8.5,-4.0,14.6,0,0,0,0,1,0,0,0,1
2023-12-08 06:00:00,2,7,121,15,0,8.3,5.9,5.2,1,0,0,0,0,0,0,0,1
2023-12-08 19:00:00,1,20,1095,20,0,8.3,5.9,5.2,1,0,0,0,0,0,0,0,1
2023-12-08 22:00:00,1,23,628,10,0,8.3,5.9,5.2,1,0,0,0,0,0,0,0,1
2023-12-08 18:00:00,1,19,1102,9,0,8.3,5.9,5.2,1,0,0,0,0,0,0,0,1
2023-12-08 00:00:00,1,1,313,7,0,8.3,5.9,5.2,1,0,0,0,0,0,0,0,1
2023-12-07 22:00:00,1,23,380,15,0,8.5,-4.0,14.6,0,0,0,0,1,0,0,0,1
2023-12-07 01:00:00,1,2,305,8,0,8.5,-4.0,14.6,0,0,0,0,1,0,0,0,1
2023-12-08 13:00:00,19,14,2946,276,0,8.3,5.9,5.2,1,0,0,0,0,0,0,0,1
2023-12-08 09:00:00,16,10,1129,204,0,8.3,5.9,5.2,1,0,0,0,0,0,0,0,1
2023-12-08 12:00:00,13,13,2865,160,0,8.3,5.9,5.2,1,0,0,0,0,0,0,0,1
2023-12-07 19:00:00,0,20,790,52,0,8.5,-4.0,14.6,0,0,0,0,1,0,0,0,1
2023-12-07 07:00:00,0,8,202,23,0,8.5,-4.0,14.6,0,0,0,0,1,0,0,0,1
2023-12-07 20:00:00,0,21,504,22,0,8.5,-4.0,14.6,0,0,0,0,1,0,0,0,1
2023-12-10 18:00:00,0,19,771,27,0,6.8,0.9,2.0,0,0,0,1,0,0,0,0,1
2023-12-09 08:00:00,1,9,449,76,0,7.1,5.5,5.8,0,0,1,0,0,0,0,0,1
2023-12-09 19:00:00,0,20,1168,75,0,7.1,5.5,5.8,0,0,1,0,0,0,0,0,1
2023-12-09 06:00:00,0,7,110,14,0,7.1,5.5,5.8,0,0,1,0,0,0,0,0,1
2023-12-09 22:00:00,0,23,1225,7,0,7.1,5.5,5.8,0,0,1,0,0,0,0,0,1
2023-12-09 05:00:00,0,6,51,3,0,7.1,5.5,5.8,0,0,1,0,0,0,0,0,1
2023-12-10 14:00:00,26,15,2284,140,0,6.8,0.9,2.0,0,0,0,1,0,0,0,0,1
2023-12-10 15:00:00,19,16,2090,139,0,6.8,0.9,2.0,0,0,0,1,0,0,0,0,1
2023-12-10 13:00:00,14,14,2233,186,0,6.8,0.9,2.0,0,0,0,1,0,0,0,0,1
2023-12-10 21:00:00,0,22,614,11,0,6.8,0.9,2.0,0,0,0,1,0,0,0,0,1
2023-12-11 08:00:00,14,9,699,339,0,7.1,3.4,5.6,0,1,0,0,0,0,0,0,1
2023-12-11 09:00:00,12,10,1009,207,0,7.1,3.4,5.6,0,1,0,0,0,0,0,0,1
2023-12-11 10:00:00,11,11,1437,169,0,7.1,3.4,5.6,0,1,0,0,0,0,0,0,1
2023-12-11 17:00:00,8,18,1523,29,0,7.1,3.4,5.6,0,1,0,0,0,0,0,0,1
2023-12-11 15:00:00,7,16,1639,87,0,7.1,3.4,5.6,0,1,0,0,0,0,0,0,1
2023-12-10 04:00:00,0,5,86,6,0,6.8,0.9,2.0,0,0,0,1,0,0,0,0,1
2023-12-10 17:00:00,0,18,1096,3,0,6.8,0.9,2.0,0,0,0,1,0,0,0,0,1
2023-12-11 11:00:00,47,12,1872,175,0,7.1,3.4,5.6,0,1,0,0,0,0,0,0,1
2023-12-11 12:00:00,29,13,2713,169,0,7.1,3.4,5.6,0,1,0,0,0,0,0,0,1
2023-12-11 13:00:00,26,14,2906,154,0,7.1,3.4,5.6,0,1,0,0,0,0,0,0,1
2023-12-11 14:00:00,19,15,2163,190,0,7.1,3.4,5.6,0,1,0,0,0,0,0,0,1
2023-12-10 23:00:00,1,0,306,40,0,6.8,0.9,2.0,0,0,0,1,0,0,0,0,1
2023-12-10 10:00:00,3,11,845,102,0,6.8,0.9,2.0,0,0,0,1,0,0,0,0,1
2023-12-10 00:00:00,1,1,742,20,0,6.8,0.9,2.0,0,0,0,1,0,0,0,0,1
2023-12-10 20:00:00,3,21,611,7,0,6.8,0.9,2.0,0,0,0,1,0,0,0,0,1
2023-12-10 05:00:00,3,6,106,6,0,6.8,0.9,2.0,0,0,0,1,0,0,0,0,1
2023-12-10 19:00:00,2,20,613,50,0,6.8,0.9,2.0,0,0,0,1,0,0,0,0,1
2023-12-10 03:00:00,2,4,474,12,0,6.8,0.9,2.0,0,0,0,1,0,0,0,0,1
2023-12-10 02:00:00,2,3,674,9,0,6.8,0.9,2.0,0,0,0,1,0,0,0,0,1
2023-12-10 07:00:00,2,8,100,5,0,6.8,0.9,2.0,0,0,0,1,0,0,0,0,1
2023-12-10 22:00:00,1,23,588,12,0,6.8,0.9,2.0,0,0,0,1,0,0,0,0,1
2023-12-10 01:00:00,1,2,721,11,0,6.8,0.9,2.0,0,0,0,1,0,0,0,0,1
2023-12-09 07:00:00,1,8,140,28,0,7.1,5.5,5.8,0,0,1,0,0,0,0,0,1
2023-12-10 11:00:00,8,12,987,144,0,6.8,0.9,2.0,0,0,0,1,0,0,0,0,1
2023-12-11 07:00:00,4,8,302,58,0,7.1,3.4,5.6,0,1,0,0,0,0,0,0,1
2023-12-10 08:00:00,1,9,145,10,0,6.8,0.9,2.0,0,0,0,1,0,0,0,0,1
2023-12-09 17:00:00,1,18,1343,8,0,7.1,5.5,5.8,0,0,1,0,0,0,0,0,1
2023-12-09 21:00:00,1,22,1232,5,0,7.1,5.5,5.8,0,0,1,0,0,0,0,0,1
2023-12-09 20:00:00,1,21,973,5,0,7.1,5.5,5.8,0,0,1,0,0,0,0,0,1
2023-12-09 04:00:00,1,5,47,5,0,7.1,5.5,5.8,0,0,1,0,0,0,0,0,1
2023-12-10 06:00:00,1,7,96,9,0,6.8,0.9,2.0,0,0,0,1,0,0,0,0,1
2023-12-10 12:00:00,7,13,1803,153,0,6.8,0.9,2.0,0,0,0,1,0,0,0,0,1
2023-12-10 16:00:00,5,17,1258,73,0,6.8,0.9,2.0,0,0,0,1,0,0,0,0,1
2023-12-10 09:00:00,5,10,330,64,0,6.8,0.9,2.0,0,0,0,1,0,0,0,0,1
2023-12-11 06:00:00,2,7,125,24,0,7.1,3.4,5.6,0,1,0,0,0,0,0,0,1
2023-12-11 05:00:00,2,6,109,17,0,7.1,3.4,5.6,0,1,0,0,0,0,0,0,1
2023-12-12 15:00:00,2,16,1031,104,0,6.0,5.4,12.3,0,0,0,0,0,1,0,0,1
2023-12-12 18:00:00,2,19,869,4,0,6.0,5.4,12.3,0,0,0,0,0,1,0,0,1
2023-12-12 17:00:00,1,18,738,46,0,6.0,5.4,12.3,0,0,0,0,0,1,0,0,1
2023-12-12 07:00:00,1,8,169,17,0,6.0,5.4,12.3,0,0,0,0,0,1,0,0,1
2023-12-12 20:00:00,1,21,523,3,0,6.0,5.4,12.3,0,0,0,0,0,1,0,0,1
2023-12-13 14:00:00,15,15,2183,133,0,8.5,5.5,1.3,0,0,0,0,0,0,1,0,1
2023-12-13 13:00:00,13,14,2554,128,0,8.5,5.5,1.3,0,0,0,0,0,0,1,0,1
2023-12-13 12:00:00,12,13,2381,179,0,8.5,5.5,1.3,0,0,0,0,0,0,1,0,1
2023-12-12 11:00:00,8,12,1568,215,0,6.0,5.4,12.3,0,0,0,0,0,1,0,0,1
2023-12-11 16:00:00,1,17,2430,64,0,7.1,3.4,5.6,0,1,0,0,0,0,0,0,1
2023-12-11 03:00:00,0,4,46,4,0,7.1,3.4,5.6,0,1,0,0,0,0,0,0,1
2023-12-13 23:00:00,3,0,358,4,0,8.5,5.5,1.3,0,0,0,0,0,0,1,0,1
2023-12-12 12:00:00,7,13,2152,157,0,6.0,5.4,12.3,0,0,0,0,0,1,0,0,1
2023-12-11 18:00:00,1,19,1486,40,0,7.1,3.4,5.6,0,1,0,0,0,0,0,0,1
2023-12-11 00:00:00,1,1,272,34,0,7.1,3.4,5.6,0,1,0,0,0,0,0,0,1
2023-12-11 01:00:00,1,2,178,15,0,7.1,3.4,5.6,0,1,0,0,0,0,0,0,1
2023-12-12 09:00:00,5,10,858,188,0,6.0,5.4,12.3,0,0,0,0,0,1,0,0,1
2023-12-11 02:00:00,1,3,110,10,0,7.1,3.4,5.6,0,1,0,0,0,0,0,0,1
2023-12-13 09:00:00,9,10,948,217,0,8.5,5.5,1.3,0,0,0,0,0,0,1,0,1
2023-12-12 14:00:00,5,15,1816,102,0,6.0,5.4,12.3,0,0,0,0,0,1,0,0,1
2023-12-13 15:00:00,9,16,2041,125,0,8.5,5.5,1.3,0,0,0,0,0,0,1,0,1
2023-12-12 16:00:00,0,17,714,24,0,6.0,5.4,12.3,0,0,0,0,0,1,0,0,1
2023-12-12 13:00:00,12,14,2326,103,0,6.0,5.4,12.3,0,0,0,0,0,1,0,0,1
2023-12-12 00:00:00,0,1,364,23,0,6.0,5.4,12.3,0,0,0,0,0,1,0,0,1
2023-12-12 06:00:00,0,7,103,18,0,6.0,5.4,12.3,0,0,0,0,0,1,0,0,1
2023-12-12 01:00:00,0,2,227,16,0,6.0,5.4,12.3,0,0,0,0,0,1,0,0,1
2023-12-12 02:00:00,0,3,125,8,0,6.0,5.4,12.3,0,0,0,0,0,1,0,0,1
2023-12-12 05:00:00,0,6,80,7,0,6.0,5.4,12.3,0,0,0,0,0,1,0,0,1
2023-12-12 19:00:00,0,20,566,5,0,6.0,5.4,12.3,0,0,0,0,0,1,0,0,1
2023-12-12 21:00:00,0,22,507,5,0,6.0,5.4,12.3,0,0,0,0,0,1,0,0,1
2023-12-12 22:00:00,0,23,377,4,0,6.0,5.4,12.3,0,0,0,0,0,1,0,0,1
2023-12-12 23:00:00,0,0,263,4,0,6.0,5.4,12.3,0,0,0,0,0,1,0,0,1
2023-12-12 04:00:00,0,5,43,4,0,6.0,5.4,12.3,0,0,0,0,0,1,0,0,1
2023-12-12 03:00:00,0,4,53,2,0,6.0,5.4,12.3,0,0,0,0,0,1,0,0,1
2023-12-13 18:00:00,2,19,1300,48,0,8.5,5.5,1.3,0,0,0,0,0,0,1,0,1
2023-12-13 08:00:00,7,9,745,105,0,8.5,5.5,1.3,0,0,0,0,0,0,1,0,1
2023-12-13 16:00:00,7,17,2372,51,0,8.5,5.5,1.3,0,0,0,0,0,0,1,0,1
2023-12-11 19:00:00,0,20,1105,76,0,7.1,3.4,5.6,0,1,0,0,0,0,0,0,1
2023-12-11 20:00:00,0,21,660,57,0,7.1,3.4,5.6,0,1,0,0,0,0,0,0,1
2023-12-11 21:00:00,0,22,607,50,0,7.1,3.4,5.6,0,1,0,0,0,0,0,0,1
2023-12-11 22:00:00,0,23,537,47,0,7.1,3.4,5.6,0,1,0,0,0,0,0,0,1
2023-12-11 23:00:00,0,0,514,37,0,7.1,3.4,5.6,0,1,0,0,0,0,0,0,1
2023-12-12 10:00:00,3,11,1217,196,0,6.0,5.4,12.3,0,0,0,0,0,1,0,0,1
2023-12-13 17:00:00,5,18,1876,12,0,8.5,5.5,1.3,0,0,0,0,0,0,1,0,1
2023-12-13 21:00:00,1,22,673,79,0,8.5,5.5,1.3,0,0,0,0,0,0,1,0,1
2023-12-12 08:00:00,3,9,668,71,0,6.0,5.4,12.3,0,0,0,0,0,1,0,0,1
2023-12-13 11:00:00,22,12,1977,238,0,8.5,5.5,1.3,0,0,0,0,0,0,1,0,1
2023-12-13 22:00:00,1,23,660,67,0,8.5,5.5,1.3,0,0,0,0,0,0,1,0,1
2023-12-11 04:00:00,0,5,20,19,0,7.1,3.4,5.6,0,1,0,0,0,0,0,0,1
2023-12-13 19:00:00,1,20,1006,36,0,8.5,5.5,1.3,0,0,0,0,0,0,1,0,1
2023-12-13 00:00:00,1,1,322,15,0,8.5,5.5,1.3,0,0,0,0,0,0,1,0,1
2023-12-13 02:00:00,1,3,204,12,0,8.5,5.5,1.3,0,0,0,0,0,0,1,0,1
2023-12-13 10:00:00,16,11,1506,229,0,8.5,5.5,1.3,0,0,0,0,0,0,1,0,1
2023-12-13 06:00:00,1,7,87,6,0,8.5,5.5,1.3,0,0,0,0,0,0,1,0,1
2023-12-13 03:00:00,1,4,79,5,0,8.5,5.5,1.3,0,0,0,0,0,0,1,0,1
2023-12-13 05:00:00,1,6,50,5,0,8.5,5.5,1.3,0,0,0,0,0,0,1,0,1
2023-12-15 22:00:00,3,23,1220,17,0,11.3,5.2,0.0,1,0,0,0,0,0,0,0,1
2023-12-15 02:00:00,3,3,183,8,0,11.3,5.2,0.0,1,0,0,0,0,0,0,0,1
2023-12-14 22:00:00,3,23,642,69,0,11.3,2.7,0.1,0,0,0,0,1,0,0,0,1
2023-12-15 04:00:00,3,5,42,6,0,11.3,5.2,0.0,1,0,0,0,0,0,0,0,1
2023-12-13 04:00:00,0,5,11,0,0,8.5,5.5,1.3,0,0,0,0,0,0,1,0,1
2023-12-15 17:00:00,8,18,1908,4,0,11.3,5.2,0.0,1,0,0,0,0,0,0,0,1
2023-12-15 13:00:00,25,14,3270,168,0,11.3,5.2,0.0,1,0,0,0,0,0,0,0,1
2023-12-15 14:00:00,24,15,2607,173,0,11.3,5.2,0.0,1,0,0,0,0,0,0,0,1
2023-12-15 10:00:00,21,11,1788,260,0,11.3,5.2,0.0,1,0,0,0,0,0,0,0,1
2023-12-15 08:00:00,17,9,826,385,0,11.3,5.2,0.0,1,0,0,0,0,0,0,0,1
2023-12-15 09:00:00,15,10,1355,240,0,11.3,5.2,0.0,1,0,0,0,0,0,0,0,1
2023-12-15 15:00:00,13,16,2313,206,0,11.3,5.2,0.0,1,0,0,0,0,0,0,0,1
2023-12-15 12:00:00,11,13,3259,166,0,11.3,5.2,0.0,1,0,0,0,0,0,0,0,1
2023-12-15 16:00:00,10,17,2195,22,0,11.3,5.2,0.0,1,0,0,0,0,0,0,0,1
2023-12-14 16:00:00,12,17,2248,40,0,11.3,2.7,0.1,0,0,0,0,1,0,0,0,1
2023-12-14 13:00:00,29,14,2778,126,0,11.3,2.7,0.1,0,0,0,0,1,0,0,0,1
2023-12-14 09:00:00,19,10,963,90,0,11.3,2.7,0.1,0,0,0,0,1,0,0,0,1
2023-12-14 12:00:00,15,13,2500,121,0,11.3,2.7,0.1,0,0,0,0,1,0,0,0,1
2023-12-14 14:00:00,15,15,2209,119,0,11.3,2.7,0.1,0,0,0,0,1,0,0,0,1
2023-12-15 06:00:00,2,7,151,18,0,11.3,5.2,0.0,1,0,0,0,0,0,0,0,1
2023-12-15 05:00:00,2,6,157,15,0,11.3,5.2,0.0,1,0,0,0,0,0,0,0,1
2023-12-15 21:00:00,2,22,1217,13,0,11.3,5.2,0.0,1,0,0,0,0,0,0,0,1
2023-12-15 07:00:00,1,8,350,47,0,11.3,5.2,0.0,1,0,0,0,0,0,0,0,1
2023-12-15 01:00:00,1,2,255,42,0,11.3,5.2,0.0,1,0,0,0,0,0,0,0,1
2023-12-15 19:00:00,1,20,1662,38,0,11.3,5.2,0.0,1,0,0,0,0,0,0,0,1
2023-12-14 10:00:00,11,11,1510,101,0,11.3,2.7,0.1,0,0,0,0,1,0,0,0,1
2023-12-15 18:00:00,7,19,1439,31,0,11.3,5.2,0.0,1,0,0,0,0,0,0,0,1
2023-12-14 11:00:00,9,12,1888,113,0,11.3,2.7,0.1,0,0,0,0,1,0,0,0,1
2023-12-14 17:00:00,7,18,2173,6,0,11.3,2.7,0.1,0,0,0,0,1,0,0,0,1
2023-12-14 15:00:00,6,16,2026,94,0,11.3,2.7,0.1,0,0,0,0,1,0,0,0,1
2023-12-14 20:00:00,6,21,1008,63,0,11.3,2.7,0.1,0,0,0,0,1,0,0,0,1
2023-12-14 08:00:00,6,9,710,39,0,11.3,2.7,0.1,0,0,0,0,1,0,0,0,1
2023-12-14 19:00:00,6,20,1704,36,0,11.3,2.7,0.1,0,0,0,0,1,0,0,0,1
2023-12-14 07:00:00,6,8,221,11,0,11.3,2.7,0.1,0,0,0,0,1,0,0,0,1
2023-12-14 21:00:00,5,22,846,74,0,11.3,2.7,0.1,0,0,0,0,1,0,0,0,1
2023-12-14 02:00:00,5,3,450,15,0,11.3,2.7,0.1,0,0,0,0,1,0,0,0,1
2023-12-14 03:00:00,4,4,328,9,0,11.3,2.7,0.1,0,0,0,0,1,0,0,0,1
2023-12-13 20:00:00,0,21,843,60,0,8.5,5.5,1.3,0,0,0,0,0,0,1,0,1
2023-12-14 23:00:00,2,0,558,72,0,11.3,2.7,0.1,0,0,0,0,1,0,0,0,1
2023-12-15 11:00:00,6,12,2344,164,0,11.3,5.2,0.0,1,0,0,0,0,0,0,0,1
2023-12-14 00:00:00,0,1,195,11,0,11.3,2.7,0.1,0,0,0,0,1,0,0,0,1
2023-12-14 06:00:00,0,7,109,9,0,11.3,2.7,0.1,0,0,0,0,1,0,0,0,1
2023-12-14 05:00:00,0,6,52,6,0,11.3,2.7,0.1,0,0,0,0,1,0,0,0,1
2023-12-14 04:00:00,2,5,33,8,0,11.3,2.7,0.1,0,0,0,0,1,0,0,0,1
2023-12-13 07:00:00,0,8,259,22,0,8.5,5.5,1.3,0,0,0,0,0,0,1,0,1
2023-12-15 03:00:00,5,4,86,2,0,11.3,5.2,0.0,1,0,0,0,0,0,0,0,1
2023-12-13 01:00:00,0,2,165,17,0,8.5,5.5,1.3,0,0,0,0,0,0,1,0,1
2023-12-14 01:00:00,1,2,249,32,0,11.3,2.7,0.1,0,0,0,0,1,0,0,0,1
2023-12-14 18:00:00,1,19,1969,25,0,11.3,2.7,0.1,0,0,0,0,1,0,0,0,1
2023-12-15 23:00:00,3,0,913,45,0,11.3,5.2,0.0,1,0,0,0,0,0,0,0,1
2023-12-16 12:00:00,19,13,3736,224,0,12.6,8.8,0.0,0,0,1,0,0,0,0,0,1
2023-12-17 13:00:00,13,14,2023,244,0,12.6,10.1,0.0,0,0,0,1,0,0,0,0,1
2023-12-16 10:00:00,17,11,1629,181,0,12.6,8.8,0.0,0,0,1,0,0,0,0,0,1
2023-12-16 09:00:00,13,10,821,159,0,12.6,8.8,0.0,0,0,1,0,0,0,0,0,1
2023-12-16 15:00:00,12,16,2626,91,0,12.6,8.8,0.0,0,0,1,0,0,0,0,0,1
2023-12-16 03:00:00,8,4,763,25,0,12.6,8.8,0.0,0,0,1,0,0,0,0,0,1
2023-12-16 16:00:00,8,17,2034,17,0,12.6,8.8,0.0,0,0,1,0,0,0,0,0,1
2023-12-16 17:00:00,8,18,2821,13,0,12.6,8.8,0.0,0,0,1,0,0,0,0,0,1
2023-12-17 12:00:00,13,13,1989,204,0,12.6,10.1,0.0,0,0,0,1,0,0,0,0,1
2023-12-15 20:00:00,0,21,1183,76,0,11.3,5.2,0.0,1,0,0,0,0,0,0,0,1
2023-12-15 00:00:00,0,1,562,60,0,11.3,5.2,0.0,1,0,0,0,0,0,0,0,1
2023-12-16 13:00:00,25,14,4203,197,0,12.6,8.8,0.0,0,0,1,0,0,0,0,0,1
2023-12-16 14:00:00,21,15,3588,134,0,12.6,8.8,0.0,0,0,1,0,0,0,0,0,1
2023-12-17 17:00:00,11,18,1719,114,0,12.6,10.1,0.0,0,0,0,1,0,0,0,0,1
2023-12-17 23:00:00,10,0,711,20,0,12.6,10.1,0.0,0,0,0,1,0,0,0,0,1
2023-12-17 11:00:00,9,12,1186,162,0,12.6,10.1,0.0,0,0,0,1,0,0,0,0,1
2023-12-17 16:00:00,8,17,2033,107,0,12.6,10.1,0.0,0,0,0,1,0,0,0,0,1
2023-12-17 20:00:00,8,21,1210,106,0,12.6,10.1,0.0,0,0,0,1,0,0,0,0,1
2023-12-17 18:00:00,8,19,1381,103,0,12.6,10.1,0.0,0,0,0,1,0,0,0,0,1
2023-12-17 10:00:00,7,11,872,162,0,12.6,10.1,0.0,0,0,0,1,0,0,0,0,1
2023-12-17 15:00:00,6,16,1825,204,0,12.6,10.1,0.0,0,0,0,1,0,0,0,0,1
2023-12-17 19:00:00,4,20,1373,96,0,12.6,10.1,0.0,0,0,0,1,0,0,0,0,1
2023-12-17 09:00:00,4,10,404,82,0,12.6,10.1,0.0,0,0,0,1,0,0,0,0,1
2023-12-17 01:00:00,4,2,796,60,0,12.6,10.1,0.0,0,0,0,1,0,0,0,0,1
2023-12-17 03:00:00,4,4,517,21,0,12.6,10.1,0.0,0,0,0,1,0,0,0,0,1
2023-12-17 21:00:00,3,22,605,128,0,12.6,10.1,0.0,0,0,0,1,0,0,0,0,1
2023-12-16 08:00:00,6,9,422,116,0,12.6,8.8,0.0,0,0,1,0,0,0,0,0,1
2023-12-17 00:00:00,1,1,988,73,0,12.6,10.1,0.0,0,0,0,1,0,0,0,0,1
2023-12-17 08:00:00,1,9,246,72,0,12.6,10.1,0.0,0,0,0,1,0,0,0,0,1
2023-12-16 07:00:00,2,8,201,26,0,12.6,8.8,0.0,0,0,1,0,0,0,0,0,1
2023-12-16 18:00:00,2,19,2460,12,0,12.6,8.8,0.0,0,0,1,0,0,0,0,0,1
2023-12-17 22:00:00,1,23,390,17,0,12.6,10.1,0.0,0,0,0,1,0,0,0,0,1
2023-12-16 00:00:00,5,1,866,75,0,12.6,8.8,0.0,0,0,1,0,0,0,0,0,1
2023-12-17 05:00:00,1,6,94,13,0,12.6,10.1,0.0,0,0,0,1,0,0,0,0,1
2023-12-16 20:00:00,5,21,1373,35,0,12.6,8.8,0.0,0,0,1,0,0,0,0,0,1
2023-12-16 19:00:00,5,20,1906,13,0,12.6,8.8,0.0,0,0,1,0,0,0,0,0,1
2023-12-16 11:00:00,4,12,2444,135,0,12.6,8.8,0.0,0,0,1,0,0,0,0,0,1
2023-12-16 02:00:00,4,3,651,37,0,12.6,8.8,0.0,0,0,1,0,0,0,0,0,1
2023-12-16 04:00:00,0,5,71,11,0,12.6,8.8,0.0,0,0,1,0,0,0,0,0,1
2023-12-16 21:00:00,3,22,1314,114,0,12.6,8.8,0.0,0,0,1,0,0,0,0,0,1
2023-12-16 23:00:00,1,0,1165,136,0,12.6,8.8,0.0,0,0,1,0,0,0,0,0,1
2023-12-16 06:00:00,3,7,91,27,0,12.6,8.8,0.0,0,0,1,0,0,0,0,0,1
2023-12-16 05:00:00,3,6,121,19,0,12.6,8.8,0.0,0,0,1,0,0,0,0,0,1
2023-12-16 01:00:00,1,2,719,64,0,12.6,8.8,0.0,0,0,1,0,0,0,0,0,1
2023-12-17 02:00:00,25,3,862,61,0,12.6,10.1,0.0,0,0,0,1,0,0,0,0,1
2023-12-16 22:00:00,2,23,1434,136,0,12.6,8.8,0.0,0,0,1,0,0,0,0,0,1
2023-12-17 14:00:00,15,15,2020,202,0,12.6,10.1,0.0,0,0,0,1,0,0,0,0,1
2023-12-18 13:00:00,15,14,3228,138,0,7.7,10.4,0.0,0,1,0,0,0,0,0,0,1
2023-12-18 12:00:00,12,13,2914,201,0,7.7,10.4,0.0,0,1,0,0,0,0,0,0,1
2023-12-18 17:00:00,12,18,1370,34,0,7.7,10.4,0.0,0,1,0,0,0,0,0,0,1
2023-12-18 20:00:00,1,21,1287,75,0,7.7,10.4,0.0,0,1,0,0,0,0,0,0,1
2023-12-18 18:00:00,1,19,944,59,0,7.7,10.4,0.0,0,1,0,0,0,0,0,0,1
2023-12-18 01:00:00,0,2,208,24,0,7.7,10.4,0.0,0,1,0,0,0,0,0,0,1
2023-12-18 05:00:00,0,6,99,16,0,7.7,10.4,0.0,0,1,0,0,0,0,0,0,1
2023-12-18 15:00:00,11,16,2127,231,0,7.7,10.4,0.0,0,1,0,0,0,0,0,0,1
2023-12-19 00:00:00,1,1,80,10,0,12.0,3.8,0.0,0,0,0,0,0,1,0,0,1
2023-12-17 06:00:00,0,7,112,21,0,12.6,10.1,0.0,0,0,0,1,0,0,0,0,1
2023-12-19 01:00:00,1,2,82,8,0,12.0,3.8,0.0,0,0,0,0,0,1,0,0,1
2023-12-18 02:00:00,5,3,255,13,0,7.7,10.4,0.0,0,1,0,0,0,0,0,0,1
2023-12-18 03:00:00,5,4,74,13,0,7.7,10.4,0.0,0,1,0,0,0,0,0,0,1
2023-12-18 22:00:00,4,23,791,47,0,7.7,10.4,0.0,0,1,0,0,0,0,0,0,1
2023-12-18 00:00:00,3,1,469,25,0,7.7,10.4,0.0,0,1,0,0,0,0,0,0,1
2023-12-18 23:00:00,2,0,219,6,0,7.7,10.4,0.0,0,1,0,0,0,0,0,0,1
2023-12-18 04:00:00,2,5,24,6,0,7.7,10.4,0.0,0,1,0,0,0,0,0,0,1
2023-12-17 07:00:00,0,8,161,19,0,12.6,10.1,0.0,0,0,0,1,0,0,0,0,1
2023-12-19 16:00:00,15,17,2050,73,0,12.0,3.8,0.0,0,0,0,0,0,1,0,0,1
2023-12-19 08:00:00,14,9,658,63,0,12.0,3.8,0.0,0,0,0,0,0,1,0,0,1
2023-12-19 12:00:00,14,13,3130,17,0,12.0,3.8,0.0,0,0,0,0,0,1,0,0,1
2023-12-19 17:00:00,10,18,1946,104,0,12.0,3.8,0.0,0,0,0,0,0,1,0,0,1
2023-12-19 02:00:00,9,3,71,4,0,12.0,3.8,0.0,0,0,0,0,0,1,0,0,1
2023-12-19 04:00:00,9,5,30,3,0,12.0,3.8,0.0,0,0,0,0,0,1,0,0,1
2023-12-19 18:00:00,8,19,1405,134,0,12.0,3.8,0.0,0,0,0,0,0,1,0,0,1
2023-12-19 07:00:00,7,8,260,18,0,12.0,3.8,0.0,0,0,0,0,0,1,0,0,1
2023-12-19 03:00:00,7,4,23,0,0,12.0,3.8,0.0,0,0,0,0,0,1,0,0,1
2023-12-19 21:00:00,6,22,638,91,0,12.0,3.8,0.0,0,0,0,0,0,1,0,0,1
2023-12-19 20:00:00,5,21,802,84,0,12.0,3.8,0.0,0,0,0,0,0,1,0,0,1
2023-12-17 04:00:00,0,5,38,9,0,12.6,10.1,0.0,0,0,0,1,0,0,0,0,1
2023-12-19 23:00:00,5,0,478,81,0,12.0,3.8,0.0,0,0,0,0,0,1,0,0,1
2023-12-19 06:00:00,5,7,160,27,0,12.0,3.8,0.0,0,0,0,0,0,1,0,0,1
2023-12-18 08:00:00,10,9,750,240,0,7.7,10.4,0.0,0,1,0,0,0,0,0,0,1
2023-12-18 16:00:00,10,17,2409,146,0,7.7,10.4,0.0,0,1,0,0,0,0,0,0,1
2023-12-18 09:00:00,8,10,1148,215,0,7.7,10.4,0.0,0,1,0,0,0,0,0,0,1
2023-12-18 07:00:00,8,8,296,54,0,7.7,10.4,0.0,0,1,0,0,0,0,0,0,1
2023-12-18 19:00:00,7,20,1041,45,0,7.7,10.4,0.0,0,1,0,0,0,0,0,0,1
2023-12-18 06:00:00,7,7,161,26,0,7.7,10.4,0.0,0,1,0,0,0,0,0,0,1
2023-12-18 21:00:00,7,22,674,25,0,7.7,10.4,0.0,0,1,0,0,0,0,0,0,1
2023-12-19 14:00:00,42,15,2135,281,0,12.0,3.8,0.0,0,0,0,0,0,1,0,0,1
2023-12-19 19:00:00,4,20,827,111,0,12.0,3.8,0.0,0,0,0,0,0,1,0,0,1
2023-12-19 13:00:00,37,14,3117,188,0,12.0,3.8,0.0,0,0,0,0,0,1,0,0,1
2023-12-19 10:00:00,29,11,1789,204,0,12.0,3.8,0.0,0,0,0,0,0,1,0,0,1
2023-12-19 15:00:00,26,16,1923,259,0,12.0,3.8,0.0,0,0,0,0,0,1,0,0,1
2023-12-19 11:00:00,26,12,2274,199,0,12.0,3.8,0.0,0,0,0,0,0,1,0,0,1
2023-12-19 09:00:00,16,10,1020,139,0,12.0,3.8,0.0,0,0,0,0,0,1,0,0,1
2023-12-19 05:00:00,2,6,71,7,0,12.0,3.8,0.0,0,0,0,0,0,1,0,0,1
2023-12-19 22:00:00,0,23,527,79,0,12.0,3.8,0.0,0,0,0,0,0,1,0,0,1
2023-12-18 11:00:00,25,12,2135,286,0,7.7,10.4,0.0,0,1,0,0,0,0,0,0,1
2023-12-18 14:00:00,25,15,2583,159,0,7.7,10.4,0.0,0,1,0,0,0,0,0,0,1
2023-12-18 10:00:00,20,11,1795,228,0,7.7,10.4,0.0,0,1,0,0,0,0,0,0,1
2023-12-20 06:00:00,1,7,136,17,0,9.5,3.8,0.4,0,0,0,0,0,0,1,0,1
2023-12-20 03:00:00,1,4,47,13,0,9.5,3.8,0.4,0,0,0,0,0,0,1,0,1
2023-12-20 05:00:00,1,6,91,5,0,9.5,3.8,0.4,0,0,0,0,0,0,1,0,1
2023-12-21 13:00:00,26,14,3151,146,0,8.9,4.7,1.2,0,0,0,0,1,0,0,0,1
2023-12-20 10:00:00,4,11,1441,112,0,9.5,3.8,0.4,0,0,0,0,0,0,1,0,1
2023-12-20 17:00:00,10,18,1940,61,0,9.5,3.8,0.4,0,0,0,0,0,0,1,0,1
2023-12-20 18:00:00,9,19,1713,113,0,9.5,3.8,0.4,0,0,0,0,0,0,1,0,1
2023-12-20 19:00:00,8,20,1193,138,0,9.5,3.8,0.4,0,0,0,0,0,0,1,0,1
2023-12-20 07:00:00,6,8,333,40,0,9.5,3.8,0.4,0,0,0,0,0,0,1,0,1
2023-12-20 16:00:00,6,17,2304,39,0,9.5,3.8,0.4,0,0,0,0,0,0,1,0,1
2023-12-21 14:00:00,23,15,2524,195,0,8.9,4.7,1.2,0,0,0,0,1,0,0,0,1
2023-12-21 01:00:00,0,2,216,21,0,8.9,4.7,1.2,0,0,0,0,1,0,0,0,1
2023-12-20 01:00:00,0,2,169,40,0,9.5,3.8,0.4,0,0,0,0,0,0,1,0,1
2023-12-20 04:00:00,0,5,13,4,0,9.5,3.8,0.4,0,0,0,0,0,0,1,0,1
2023-12-21 09:00:00,18,10,1084,132,0,8.9,4.7,1.2,0,0,0,0,1,0,0,0,1
2023-12-21 06:00:00,0,7,117,16,0,8.9,4.7,1.2,0,0,0,0,1,0,0,0,1
2023-12-21 12:00:00,7,13,3019,143,0,8.9,4.7,1.2,0,0,0,0,1,0,0,0,1
2023-12-21 15:00:00,16,16,2228,149,0,8.9,4.7,1.2,0,0,0,0,1,0,0,0,1
2023-12-20 14:00:00,59,15,2257,268,0,9.5,3.8,0.4,0,0,0,0,0,0,1,0,1
2023-12-20 20:00:00,2,21,846,131,0,9.5,3.8,0.4,0,0,0,0,0,0,1,0,1
2023-12-20 00:00:00,2,1,338,55,0,9.5,3.8,0.4,0,0,0,0,0,0,1,0,1
2023-12-20 02:00:00,2,3,187,13,0,9.5,3.8,0.4,0,0,0,0,0,0,1,0,1
2023-12-20 21:00:00,1,22,1014,95,0,9.5,3.8,0.4,0,0,0,0,0,0,1,0,1
2023-12-20 22:00:00,1,23,621,68,0,9.5,3.8,0.4,0,0,0,0,0,0,1,0,1
2023-12-20 23:00:00,1,0,339,50,0,9.5,3.8,0.4,0,0,0,0,0,0,1,0,1
2023-12-21 10:00:00,16,11,1735,128,0,8.9,4.7,1.2,0,0,0,0,1,0,0,0,1
2023-12-20 13:00:00,52,14,2943,299,0,9.5,3.8,0.4,0,0,0,0,0,0,1,0,1
2023-12-20 12:00:00,30,13,2792,267,0,9.5,3.8,0.4,0,0,0,0,0,0,1,0,1
2023-12-20 11:00:00,21,12,1938,268,0,9.5,3.8,0.4,0,0,0,0,0,0,1,0,1
2023-12-20 09:00:00,18,10,1324,142,0,9.5,3.8,0.4,0,0,0,0,0,0,1,0,1
2023-12-20 08:00:00,13,9,714,119,0,9.5,3.8,0.4,0,0,0,0,0,0,1,0,1
2023-12-20 15:00:00,13,16,1863,83,0,9.5,3.8,0.4,0,0,0,0,0,0,1,0,1
2023-12-21 04:00:00,0,5,40,5,0,8.9,4.7,1.2,0,0,0,0,1,0,0,0,1
2023-12-21 03:00:00,0,4,97,4,0,8.9,4.7,1.2,0,0,0,0,1,0,0,0,1
2023-12-21 23:00:00,1,0,593,87,0,8.9,4.7,1.2,0,0,0,0,1,0,0,0,1
2023-12-21 11:00:00,11,12,2131,136,0,8.9,4.7,1.2,0,0,0,0,1,0,0,0,1
2023-12-21 20:00:00,11,21,582,14,0,8.9,4.7,1.2,0,0,0,0,1,0,0,0,1
2023-12-21 16:00:00,9,17,2314,25,0,8.9,4.7,1.2,0,0,0,0,1,0,0,0,1
2023-12-21 17:00:00,9,18,863,7,0,8.9,4.7,1.2,0,0,0,0,1,0,0,0,1
2023-12-21 21:00:00,8,22,544,45,0,8.9,4.7,1.2,0,0,0,0,1,0,0,0,1
2023-12-21 19:00:00,6,20,1014,78,0,8.9,4.7,1.2,0,0,0,0,1,0,0,0,1
2023-12-21 22:00:00,5,23,616,97,0,8.9,4.7,1.2,0,0,0,0,1,0,0,0,1
2023-12-21 07:00:00,1,8,154,20,0,8.9,4.7,1.2,0,0,0,0,1,0,0,0,1
2023-12-21 08:00:00,5,9,698,64,0,8.9,4.7,1.2,0,0,0,0,1,0,0,0,1
2023-12-21 02:00:00,1,3,359,11,0,8.9,4.7,1.2,0,0,0,0,1,0,0,0,1
2023-12-21 05:00:00,1,6,84,3,0,8.9,4.7,1.2,0,0,0,0,1,0,0,0,1
2023-12-21 18:00:00,4,19,387,7,0,8.9,4.7,1.2,0,0,0,0,1,0,0,0,1
2023-12-21 00:00:00,0,1,404,51,0,8.9,4.7,1.2,0,0,0,0,1,0,0,0,1
2023-12-23 13:00:00,11,14,2510,236,0,10.3,3.5,3.6,0,0,1,0,0,0,0,0,1
2023-12-23 14:00:00,11,15,3057,168,0,10.3,3.5,3.6,0,0,1,0,0,0,0,0,1
2023-12-23 01:00:00,1,2,214,6,0,10.3,3.5,3.6,0,0,1,0,0,0,0,0,1
2023-12-23 09:00:00,8,10,791,121,0,10.3,3.5,3.6,0,0,1,0,0,0,0,0,1
2023-12-23 02:00:00,7,3,145,14,0,10.3,3.5,3.6,0,0,1,0,0,0,0,0,1
2023-12-23 12:00:00,6,13,2573,123,0,10.3,3.5,3.6,0,0,1,0,0,0,0,0,1
2023-12-23 17:00:00,5,18,1520,9,0,10.3,3.5,3.6,0,0,1,0,0,0,0,0,1
2023-12-23 03:00:00,4,4,87,3,0,10.3,3.5,3.6,0,0,1,0,0,0,0,0,1
2023-12-22 10:00:00,26,11,2141,187,0,12.1,6.4,14.3,1,0,0,0,0,0,0,0,1
2023-12-23 06:00:00,1,7,39,6,0,10.3,3.5,3.6,0,0,1,0,0,0,0,0,1
2023-12-23 08:00:00,0,9,314,22,0,10.3,3.5,3.6,0,0,1,0,0,0,0,0,1
2023-12-22 21:00:00,0,22,829,22,0,12.1,6.4,14.3,1,0,0,0,0,0,0,0,1
2023-12-22 05:00:00,0,6,131,15,0,12.1,6.4,14.3,1,0,0,0,0,0,0,0,1
2023-12-22 23:00:00,0,0,589,8,0,12.1,6.4,14.3,1,0,0,0,0,0,0,0,1
2023-12-22 04:00:00,0,5,46,5,0,12.1,6.4,14.3,1,0,0,0,0,0,0,0,1
2023-12-23 11:00:00,52,12,2055,215,0,10.3,3.5,3.6,0,0,1,0,0,0,0,0,1
2023-12-23 10:00:00,22,11,1226,142,0,10.3,3.5,3.6,0,0,1,0,0,0,0,0,1
2023-12-23 15:00:00,13,16,2826,66,0,10.3,3.5,3.6,0,0,1,0,0,0,0,0,1
2023-12-23 19:00:00,1,20,865,5,0,10.3,3.5,3.6,0,0,1,0,0,0,0,0,1
2023-12-22 13:00:00,25,14,3375,193,0,12.1,6.4,14.3,1,0,0,0,0,0,0,0,1
2023-12-23 20:00:00,1,21,716,5,0,10.3,3.5,3.6,0,0,1,0,0,0,0,0,1
2023-12-23 22:00:00,0,23,576,12,0,10.3,3.5,3.6,0,0,1,0,0,0,0,0,1
2023-12-23 00:00:00,0,1,400,9,0,10.3,3.5,3.6,0,0,1,0,0,0,0,0,1
2023-12-23 07:00:00,0,8,101,5,0,10.3,3.5,3.6,0,0,1,0,0,0,0,0,1
2023-12-24 16:00:00,13,17,1324,80,0,4.8,2.8,0.0,0,0,0,1,0,0,0,0,1
2023-12-24 11:00:00,12,12,923,114,0,4.8,2.8,0.0,0,0,0,1,0,0,0,0,1
2023-12-22 02:00:00,7,3,221,24,0,12.1,6.4,14.3,1,0,0,0,0,0,0,0,1
2023-12-22 14:00:00,24,15,3741,193,0,12.1,6.4,14.3,1,0,0,0,0,0,0,0,1
2023-12-23 21:00:00,1,22,529,5,0,10.3,3.5,3.6,0,0,1,0,0,0,0,0,1
2023-12-22 01:00:00,2,2,140,19,0,12.1,6.4,14.3,1,0,0,0,0,0,0,0,1
2023-12-22 07:00:00,1,8,283,22,0,12.1,6.4,14.3,1,0,0,0,0,0,0,0,1
2023-12-22 22:00:00,1,23,869,15,0,12.1,6.4,14.3,1,0,0,0,0,0,0,0,1
2023-12-22 09:00:00,22,10,1442,245,0,12.1,6.4,14.3,1,0,0,0,0,0,0,0,1
2023-12-23 16:00:00,2,17,2082,4,0,10.3,3.5,3.6,0,0,1,0,0,0,0,0,1
2023-12-22 12:00:00,22,13,3903,181,0,12.1,6.4,14.3,1,0,0,0,0,0,0,0,1
2023-12-22 15:00:00,20,16,2609,255,0,12.1,6.4,14.3,1,0,0,0,0,0,0,0,1
2023-12-23 05:00:00,1,6,33,10,0,10.3,3.5,3.6,0,0,1,0,0,0,0,0,1
2023-12-23 04:00:00,1,5,30,7,0,10.3,3.5,3.6,0,0,1,0,0,0,0,0,1
2023-12-23 18:00:00,1,19,1362,6,0,10.3,3.5,3.6,0,0,1,0,0,0,0,0,1
2023-12-22 16:00:00,18,17,2688,35,0,12.1,6.4,14.3,1,0,0,0,0,0,0,0,1
2023-12-22 11:00:00,17,12,2745,215,0,12.1,6.4,14.3,1,0,0,0,0,0,0,0,1
2023-12-22 06:00:00,4,7,129,20,0,12.1,6.4,14.3,1,0,0,0,0,0,0,0,1
2023-12-22 08:00:00,14,9,681,127,0,12.1,6.4,14.3,1,0,0,0,0,0,0,0,1
2023-12-22 17:00:00,14,18,2030,41,0,12.1,6.4,14.3,1,0,0,0,0,0,0,0,1
2023-12-22 18:00:00,13,19,1707,29,0,12.1,6.4,14.3,1,0,0,0,0,0,0,0,1
2023-12-22 19:00:00,11,20,1402,59,0,12.1,6.4,14.3,1,0,0,0,0,0,0,0,1
2023-12-23 23:00:00,0,0,624,78,0,10.3,3.5,3.6,0,0,1,0,0,0,0,0,1
2023-12-22 00:00:00,3,1,312,48,0,12.1,6.4,14.3,1,0,0,0,0,0,0,0,1
2023-12-22 20:00:00,3,21,1181,43,0,12.1,6.4,14.3,1,0,0,0,0,0,0,0,1
2023-12-22 03:00:00,3,4,49,7,0,12.1,6.4,14.3,1,0,0,0,0,0,0,0,1
2023-12-25 08:00:00,3,9,21,4,1,6.3,0.4,3.4,0,1,0,0,0,0,0,0,1
2023-12-24 23:00:00,0,0,125,15,0,4.8,2.8,0.0,0,0,0,1,0,0,0,0,1
2023-12-25 04:00:00,0,5,3,0,1,6.3,0.4,3.4,0,1,0,0,0,0,0,0,1
2023-12-25 05:00:00,0,6,3,0,1,6.3,0.4,3.4,0,1,0,0,0,0,0,0,1
2023-12-24 04:00:00,0,5,70,9,0,4.8,2.8,0.0,0,0,0,1,0,0,0,0,1
2023-12-25 03:00:00,0,4,2,0,1,6.3,0.4,3.4,0,1,0,0,0,0,0,0,1
2023-12-24 05:00:00,0,6,84,8,0,4.8,2.8,0.0,0,0,0,1,0,0,0,0,1
2023-12-25 16:00:00,1,17,121,27,1,6.3,0.4,3.4,0,1,0,0,0,0,0,0,1
2023-12-24 19:00:00,2,20,377,67,0,4.8,2.8,0.0,0,0,0,1,0,0,0,0,1
2023-12-24 03:00:00,2,4,318,25,0,4.8,2.8,0.0,0,0,0,1,0,0,0,0,1
2023-12-24 08:00:00,1,9,264,51,0,4.8,2.8,0.0,0,0,0,1,0,0,0,0,1
2023-12-24 17:00:00,1,18,781,49,0,4.8,2.8,0.0,0,0,0,1,0,0,0,0,1
2023-12-24 20:00:00,1,21,329,48,0,4.8,2.8,0.0,0,0,0,1,0,0,0,0,1
2023-12-24 02:00:00,1,3,366,37,0,4.8,2.8,0.0,0,0,0,1,0,0,0,0,1
2023-12-24 21:00:00,1,22,115,32,0,4.8,2.8,0.0,0,0,0,1,0,0,0,0,1
2023-12-24 07:00:00,1,8,152,30,0,4.8,2.8,0.0,0,0,0,1,0,0,0,0,1
2023-12-24 06:00:00,1,7,51,4,0,4.8,2.8,0.0,0,0,0,1,0,0,0,0,1
2023-12-25 01:00:00,1,2,44,18,1,6.3,0.4,3.4,0,1,0,0,0,0,0,0,1
2023-12-24 12:00:00,10,13,1704,122,0,4.8,2.8,0.0,0,0,0,1,0,0,0,0,1
2023-12-24 14:00:00,10,15,1663,112,0,4.8,2.8,0.0,0,0,0,1,0,0,0,0,1
2023-12-25 13:00:00,2,14,162,64,1,6.3,0.4,3.4,0,1,0,0,0,0,0,0,1
2023-12-25 10:00:00,8,11,82,13,1,6.3,0.4,3.4,0,1,0,0,0,0,0,0,1
2023-12-25 12:00:00,5,13,118,67,1,6.3,0.4,3.4,0,1,0,0,0,0,0,0,1
2023-12-25 14:00:00,4,15,131,52,1,6.3,0.4,3.4,0,1,0,0,0,0,0,0,1
2023-12-25 15:00:00,3,16,147,56,1,6.3,0.4,3.4,0,1,0,0,0,0,0,0,1
2023-12-25 09:00:00,1,10,50,6,1,6.3,0.4,3.4,0,1,0,0,0,0,0,0,1
2023-12-25 17:00:00,2,18,162,25,1,6.3,0.4,3.4,0,1,0,0,0,0,0,0,1
2023-12-25 20:00:00,2,21,86,14,1,6.3,0.4,3.4,0,1,0,0,0,0,0,0,1
2023-12-25 11:00:00,2,12,83,14,1,6.3,0.4,3.4,0,1,0,0,0,0,0,0,1
2023-12-25 18:00:00,0,19,99,18,1,6.3,0.4,3.4,0,1,0,0,0,0,0,0,1
2023-12-25 19:00:00,0,20,54,16,1,6.3,0.4,3.4,0,1,0,0,0,0,0,0,1
2023-12-25 22:00:00,0,23,39,15,1,6.3,0.4,3.4,0,1,0,0,0,0,0,0,1
2023-12-25 21:00:00,0,22,66,13,1,6.3,0.4,3.4,0,1,0,0,0,0,0,0,1
2023-12-25 00:00:00,0,1,75,12,1,6.3,0.4,3.4,0,1,0,0,0,0,0,0,1
2023-12-25 23:00:00,0,0,38,6,1,6.3,0.4,3.4,0,1,0,0,0,0,0,0,1
2023-12-25 07:00:00,0,8,18,4,1,6.3,0.4,3.4,0,1,0,0,0,0,0,0,1
2023-12-25 02:00:00,0,3,7,4,1,6.3,0.4,3.4,0,1,0,0,0,0,0,0,1
2023-12-24 10:00:00,8,11,878,172,0,4.8,2.8,0.0,0,0,0,1,0,0,0,0,1
2023-12-26 14:00:00,13,15,2161,6,1,8.8,0.4,14.8,0,0,0,0,0,1,0,0,1
2023-12-25 06:00:00,2,7,12,1,1,6.3,0.4,3.4,0,1,0,0,0,0,0,0,1
2023-12-24 13:00:00,7,14,1829,126,0,4.8,2.8,0.0,0,0,0,1,0,0,0,0,1
2023-12-26 08:00:00,11,9,182,30,1,8.8,0.4,14.8,0,0,0,0,0,1,0,0,1
2023-12-26 09:00:00,9,10,363,85,1,8.8,0.4,14.8,0,0,0,0,0,1,0,0,1
2023-12-24 15:00:00,6,16,1199,162,0,4.8,2.8,0.0,0,0,0,1,0,0,0,0,1
2023-12-24 01:00:00,0,2,356,50,0,4.8,2.8,0.0,0,0,0,1,0,0,0,0,1
2023-12-24 22:00:00,0,23,170,22,0,4.8,2.8,0.0,0,0,0,1,0,0,0,0,1
2023-12-24 09:00:00,4,10,381,106,0,4.8,2.8,0.0,0,0,0,1,0,0,0,0,1
2023-12-24 18:00:00,3,19,620,60,0,4.8,2.8,0.0,0,0,0,1,0,0,0,0,1
2023-12-24 00:00:00,3,1,422,59,0,4.8,2.8,0.0,0,0,0,1,0,0,0,0,1
2023-12-26 23:00:00,0,0,302,54,1,8.8,0.4,14.8,0,0,0,0,0,1,0,0,1
2023-12-28 14:00:00,8,15,2928,82,0,5.3,3.4,19.9,0,0,0,0,1,0,0,0,1
2023-12-27 23:00:00,2,0,81,4,0,8.3,-4.0,22.5,0,0,0,0,0,0,1,0,1
2023-12-27 18:00:00,0,19,908,55,0,8.3,-4.0,22.5,0,0,0,0,0,0,1,0,1
2023-12-27 19:00:00,0,20,745,51,0,8.3,-4.0,22.5,0,0,0,0,0,0,1,0,1
2023-12-27 22:00:00,0,23,324,26,0,8.3,-4.0,22.5,0,0,0,0,0,0,1,0,1
2023-12-27 00:00:00,0,1,184,24,0,8.3,-4.0,22.5,0,0,0,0,0,0,1,0,1
2023-12-27 08:00:00,0,9,146,19,0,8.3,-4.0,22.5,0,0,0,0,0,0,1,0,1
2023-12-27 07:00:00,0,8,55,5,0,8.3,-4.0,22.5,0,0,0,0,0,0,1,0,1
2023-12-26 18:00:00,1,19,1322,78,1,8.8,0.4,14.8,0,0,0,0,0,1,0,0,1
2023-12-26 07:00:00,1,8,138,12,1,8.8,0.4,14.8,0,0,0,0,0,1,0,0,1
2023-12-26 03:00:00,1,4,17,3,1,8.8,0.4,14.8,0,0,0,0,0,1,0,0,1
2023-12-26 00:00:00,1,1,22,0,1,8.8,0.4,14.8,0,0,0,0,0,1,0,0,1
2023-12-26 21:00:00,0,22,472,80,1,8.8,0.4,14.8,0,0,0,0,0,1,0,0,1
2023-12-26 22:00:00,0,23,402,57,1,8.8,0.4,14.8,0,0,0,0,0,1,0,0,1
2023-12-27 12:00:00,9,13,749,95,0,8.3,-4.0,22.5,0,0,0,0,0,0,1,0,1
2023-12-27 10:00:00,1,11,495,134,0,8.3,-4.0,22.5,0,0,0,0,0,0,1,0,1
2023-12-27 16:00:00,1,17,1302,93,0,8.3,-4.0,22.5,0,0,0,0,0,0,1,0,1
2023-12-27 03:00:00,1,4,304,28,0,8.3,-4.0,22.5,0,0,0,0,0,0,1,0,1
2023-12-27 06:00:00,0,7,27,2,0,8.3,-4.0,22.5,0,0,0,0,0,0,1,0,1
2023-12-26 10:00:00,4,11,751,117,1,8.8,0.4,14.8,0,0,0,0,0,1,0,0,1
2023-12-27 04:00:00,8,5,24,21,0,8.3,-4.0,22.5,0,0,0,0,0,0,1,0,1
2023-12-28 13:00:00,26,14,3018,123,0,5.3,3.4,19.9,0,0,0,0,1,0,0,0,1
2023-12-28 15:00:00,25,16,2179,13,0,5.3,3.4,19.9,0,0,0,0,1,0,0,0,1
2023-12-28 12:00:00,19,13,2276,177,0,5.3,3.4,19.9,0,0,0,0,1,0,0,0,1
2023-12-28 10:00:00,13,11,1310,158,0,5.3,3.4,19.9,0,0,0,0,1,0,0,0,1
2023-12-28 11:00:00,10,12,2032,164,0,5.3,3.4,19.9,0,0,0,0,1,0,0,0,1
2023-12-26 16:00:00,4,17,1390,39,1,8.8,0.4,14.8,0,0,0,0,0,1,0,0,1
2023-12-26 15:00:00,4,16,1768,1,1,8.8,0.4,14.8,0,0,0,0,0,1,0,0,1
2023-12-26 06:00:00,0,7,29,7,1,8.8,0.4,14.8,0,0,0,0,0,1,0,0,1
2023-12-26 05:00:00,0,6,19,4,1,8.8,0.4,14.8,0,0,0,0,0,1,0,0,1
2023-12-26 02:00:00,0,3,25,2,1,8.8,0.4,14.8,0,0,0,0,0,1,0,0,1
2023-12-26 04:00:00,0,5,13,1,1,8.8,0.4,14.8,0,0,0,0,0,1,0,0,1
2023-12-26 01:00:00,0,2,12,0,1,8.8,0.4,14.8,0,0,0,0,0,1,0,0,1
2023-12-27 13:00:00,6,14,1050,107,0,8.3,-4.0,22.5,0,0,0,0,0,0,1,0,1
2023-12-26 19:00:00,3,20,448,52,1,8.8,0.4,14.8,0,0,0,0,0,1,0,0,1
2023-12-27 14:00:00,4,15,1408,203,0,8.3,-4.0,22.5,0,0,0,0,0,0,1,0,1
2023-12-28 16:00:00,5,17,1288,16,0,5.3,3.4,19.9,0,0,0,0,1,0,0,0,1
2023-12-26 12:00:00,2,13,1805,164,1,8.8,0.4,14.8,0,0,0,0,0,1,0,0,1
2023-12-26 11:00:00,2,12,1364,134,1,8.8,0.4,14.8,0,0,0,0,0,1,0,0,1
2023-12-26 20:00:00,2,21,458,83,1,8.8,0.4,14.8,0,0,0,0,0,1,0,0,1
2023-12-26 13:00:00,2,14,2198,80,1,8.8,0.4,14.8,0,0,0,0,0,1,0,0,1
2023-12-26 17:00:00,2,18,1416,79,1,8.8,0.4,14.8,0,0,0,0,0,1,0,0,1
2023-12-28 08:00:00,2,9,353,63,0,5.3,3.4,19.9,0,0,0,0,1,0,0,0,1
2023-12-28 17:00:00,2,18,1188,6,0,5.3,3.4,19.9,0,0,0,0,1,0,0,0,1
2023-12-27 17:00:00,4,18,1336,35,0,8.3,-4.0,22.5,0,0,0,0,0,0,1,0,1
2023-12-27 15:00:00,3,16,1230,157,0,8.3,-4.0,22.5,0,0,0,0,0,0,1,0,1
2023-12-27 21:00:00,3,22,550,53,0,8.3,-4.0,22.5,0,0,0,0,0,0,1,0,1
2023-12-27 11:00:00,2,12,506,163,0,8.3,-4.0,22.5,0,0,0,0,0,0,1,0,1
2023-12-27 09:00:00,2,10,351,51,0,8.3,-4.0,22.5,0,0,0,0,0,0,1,0,1
2023-12-27 20:00:00,2,21,642,40,0,8.3,-4.0,22.5,0,0,0,0,0,0,1,0,1
2023-12-27 01:00:00,2,2,148,22,0,8.3,-4.0,22.5,0,0,0,0,0,0,1,0,1
2023-12-27 02:00:00,2,3,389,19,0,8.3,-4.0,22.5,0,0,0,0,0,0,1,0,1
2023-12-27 05:00:00,2,6,29,10,0,8.3,-4.0,22.5,0,0,0,0,0,0,1,0,1
2023-12-28 09:00:00,1,10,699,110,0,5.3,3.4,19.9,0,0,0,0,1,0,0,0,1
2023-12-28 22:00:00,1,23,479,74,0,5.3,3.4,19.9,0,0,0,0,1,0,0,0,1
2023-12-28 21:00:00,1,22,674,59,0,5.3,3.4,19.9,0,0,0,0,1,0,0,0,1
2023-12-28 07:00:00,1,8,163,21,0,5.3,3.4,19.9,0,0,0,0,1,0,0,0,1
2023-12-28 18:00:00,1,19,1009,5,0,5.3,3.4,19.9,0,0,0,0,1,0,0,0,1
2023-12-29 15:00:00,24,16,2989,279,0,6.8,3.0,0.1,1,0,0,0,0,0,0,0,1
2023-12-28 23:00:00,0,0,497,41,0,5.3,3.4,19.9,0,0,0,0,1,0,0,0,1
2023-12-30 13:00:00,6,14,1631,118,0,8.1,-0.4,9.2,0,0,1,0,0,0,0,0,1
2023-12-30 14:00:00,6,15,1365,107,0,8.1,-0.4,9.2,0,0,1,0,0,0,0,0,1
2023-12-29 22:00:00,1,23,921,103,0,6.8,3.0,0.1,1,0,0,0,0,0,0,0,1
2023-12-30 08:00:00,6,9,313,36,0,8.1,-0.4,9.2,0,0,1,0,0,0,0,0,1
2023-12-29 23:00:00,1,0,478,80,0,6.8,3.0,0.1,1,0,0,0,0,0,0,0,1
2023-12-29 00:00:00,4,1,297,25,0,6.8,3.0,0.1,1,0,0,0,0,0,0,0,1
2023-12-29 20:00:00,3,21,832,101,0,6.8,3.0,0.1,1,0,0,0,0,0,0,0,1
2023-12-29 19:00:00,2,20,1236,109,0,6.8,3.0,0.1,1,0,0,0,0,0,0,0,1
2023-12-29 21:00:00,2,22,758,78,0,6.8,3.0,0.1,1,0,0,0,0,0,0,0,1
2023-12-29 06:00:00,2,7,84,15,0,6.8,3.0,0.1,1,0,0,0,0,0,0,0,1
2023-12-29 08:00:00,1,9,450,80,0,6.8,3.0,0.1,1,0,0,0,0,0,0,0,1
2023-12-29 13:00:00,19,14,3056,226,0,6.8,3.0,0.1,1,0,0,0,0,0,0,0,1
2023-12-29 07:00:00,1,8,189,22,0,6.8,3.0,0.1,1,0,0,0,0,0,0,0,1
2023-12-29 05:00:00,1,6,64,5,0,6.8,3.0,0.1,1,0,0,0,0,0,0,0,1
2023-12-29 02:00:00,1,3,82,4,0,6.8,3.0,0.1,1,0,0,0,0,0,0,0,1
2023-12-30 09:00:00,5,10,553,84,0,8.1,-0.4,9.2,0,0,1,0,0,0,0,0,1
2023-12-30 21:00:00,1,22,555,41,0,8.1,-0.4,9.2,0,0,1,0,0,0,0,0,1
2023-12-30 20:00:00,1,21,666,29,0,8.1,-0.4,9.2,0,0,1,0,0,0,0,0,1
2023-12-30 15:00:00,1,16,1546,26,0,8.1,-0.4,9.2,0,0,1,0,0,0,0,0,1
2023-12-30 07:00:00,1,8,123,22,0,8.1,-0.4,9.2,0,0,1,0,0,0,0,0,1
2023-12-30 06:00:00,1,7,85,11,0,8.1,-0.4,9.2,0,0,1,0,0,0,0,0,1
2023-12-29 11:00:00,17,12,2034,186,0,6.8,3.0,0.1,1,0,0,0,0,0,0,0,1
2023-12-28 20:00:00,0,21,561,15,0,5.3,3.4,19.9,0,0,0,0,1,0,0,0,1
2023-12-29 01:00:00,0,2,119,4,0,6.8,3.0,0.1,1,0,0,0,0,0,0,0,1
2023-12-29 03:00:00,0,4,24,2,0,6.8,3.0,0.1,1,0,0,0,0,0,0,0,1
2023-12-29 04:00:00,0,5,16,2,0,6.8,3.0,0.1,1,0,0,0,0,0,0,0,1
2023-12-30 11:00:00,16,12,1154,79,0,8.1,-0.4,9.2,0,0,1,0,0,0,0,0,1
2023-12-30 10:00:00,9,11,984,101,0,8.1,-0.4,9.2,0,0,1,0,0,0,0,0,1
2023-12-30 12:00:00,8,13,1959,112,0,8.1,-0.4,9.2,0,0,1,0,0,0,0,0,1
2023-12-29 16:00:00,12,17,2714,32,0,6.8,3.0,0.1,1,0,0,0,0,0,0,0,1
2023-12-28 00:00:00,0,1,83,10,0,5.3,3.4,19.9,0,0,0,0,1,0,0,0,1
2023-12-28 04:00:00,0,5,9,8,0,5.3,3.4,19.9,0,0,0,0,1,0,0,0,1
2023-12-28 19:00:00,0,20,565,7,0,5.3,3.4,19.9,0,0,0,0,1,0,0,0,1
2023-12-30 02:00:00,4,3,282,17,0,8.1,-0.4,9.2,0,0,1,0,0,0,0,0,1
2023-12-28 06:00:00,0,7,63,7,0,5.3,3.4,19.9,0,0,0,0,1,0,0,0,1
2023-12-28 01:00:00,0,2,36,4,0,5.3,3.4,19.9,0,0,0,0,1,0,0,0,1
2023-12-28 02:00:00,0,3,18,1,0,5.3,3.4,19.9,0,0,0,0,1,0,0,0,1
2023-12-28 05:00:00,0,6,24,0,0,5.3,3.4,19.9,0,0,0,0,1,0,0,0,1
2023-12-28 03:00:00,0,4,8,0,0,5.3,3.4,19.9,0,0,0,0,1,0,0,0,1
2023-12-29 14:00:00,26,15,3432,336,0,6.8,3.0,0.1,1,0,0,0,0,0,0,0,1
2023-12-30 23:00:00,3,0,435,70,0,8.1,-0.4,9.2,0,0,1,0,0,0,0,0,1
2023-12-29 17:00:00,9,18,1865,73,0,6.8,3.0,0.1,1,0,0,0,0,0,0,0,1
2023-12-30 00:00:00,3,1,494,54,0,8.1,-0.4,9.2,0,0,1,0,0,0,0,0,1
2023-12-29 12:00:00,8,13,2940,25,0,6.8,3.0,0.1,1,0,0,0,0,0,0,0,1
2023-12-30 01:00:00,3,2,196,12,0,8.1,-0.4,9.2,0,0,1,0,0,0,0,0,1
2023-12-29 10:00:00,6,11,1452,187,0,6.8,3.0,0.1,1,0,0,0,0,0,0,0,1
2023-12-30 03:00:00,2,4,242,15,0,8.1,-0.4,9.2,0,0,1,0,0,0,0,0,1
2023-12-29 09:00:00,5,10,862,145,0,6.8,3.0,0.1,1,0,0,0,0,0,0,0,1
2023-12-29 18:00:00,5,19,1964,54,0,6.8,3.0,0.1,1,0,0,0,0,0,0,0,1
2023-12-31 03:00:00,2,4,340,25,0,6.8,-1.0,0.2,0,0,0,1,0,0,0,0,1
2023-12-31 01:00:00,2,2,248,19,0,6.8,-1.0,0.2,0,0,0,1,0,0,0,0,1
2023-12-31 17:00:00,2,18,1162,9,0,6.8,-1.0,0.2,0,0,0,1,0,0,0,0,1
2023-12-30 16:00:00,0,17,1347,5,0,8.1,-0.4,9.2,0,0,1,0,0,0,0,0,1
2023-12-30 04:00:00,0,5,34,5,0,8.1,-0.4,9.2,0,0,1,0,0,0,0,0,1
2023-12-30 05:00:00,0,6,52,4,0,8.1,-0.4,9.2,0,0,1,0,0,0,0,0,1
2023-12-30 22:00:00,0,23,647,39,0,8.1,-0.4,9.2,0,0,1,0,0,0,0,0,1
2023-12-30 19:00:00,0,20,757,28,0,8.1,-0.4,9.2,0,0,1,0,0,0,0,0,1
2023-12-30 18:00:00,0,19,1215,16,0,8.1,-0.4,9.2,0,0,1,0,0,0,0,0,1
2023-12-30 17:00:00,0,18,1101,14,0,8.1,-0.4,9.2,0,0,1,0,0,0,0,0,1
2023-12-31 14:00:00,19,15,1998,96,0,6.8,-1.0,0.2,0,0,0,1,0,0,0,0,1
2023-12-31 12:00:00,18,13,1179,141,0,6.8,-1.0,0.2,0,0,0,1,0,0,0,0,1
2023-12-31 11:00:00,13,12,755,118,0,6.8,-1.0,0.2,0,0,0,1,0,0,0,0,1
2023-12-31 13:00:00,9,14,1704,171,0,6.8,-1.0,0.2,0,0,0,1,0,0,0,0,1
2023-12-31 10:00:00,9,11,579,112,0,6.8,-1.0,0.2,0,0,0,1,0,0,0,0,1
2023-12-31 19:00:00,0,20,877,25,0,6.8,-1.0,0.2,0,0,0,1,0,0,0,0,1
2023-12-31 02:00:00,0,3,229,24,0,6.8,-1.0,0.2,0,0,0,1,0,0,0,0,1
2023-12-31 23:00:00,0,0,884,20,0,6.8,-1.0,0.2,0,0,0,1,0,0,0,0,1
2023-12-31 05:00:00,0,6,65,9,0,6.8,-1.0,0.2,0,0,0,1,0,0,0,0,1
2023-12-31 06:00:00,0,7,55,9,0,6.8,-1.0,0.2,0,0,0,1,0,0,0,0,1
2023-12-31 08:00:00,1,9,166,38,0,6.8,-1.0,0.2,0,0,0,1,0,0,0,0,1
2023-12-31 18:00:00,1,19,950,37,0,6.8,-1.0,0.2,0,0,0,1,0,0,0,0,1
2023-12-31 07:00:00,1,8,91,17,0,6.8,-1.0,0.2,0,0,0,1,0,0,0,0,1
2023-12-31 20:00:00,8,21,751,80,0,6.8,-1.0,0.2,0,0,0,1,0,0,0,0,1
2023-12-31 15:00:00,5,16,1655,87,0,6.8,-1.0,0.2,0,0,0,1,0,0,0,0,1
2023-12-31 22:00:00,5,23,911,52,0,6.8,-1.0,0.2,0,0,0,1,0,0,0,0,1
2023-12-31 00:00:00,5,1,308,37,0,6.8,-1.0,0.2,0,0,0,1,0,0,0,0,1
2023-12-31 09:00:00,4,10,258,85,0,6.8,-1.0,0.2,0,0,0,1,0,0,0,0,1
2023-12-31 21:00:00,4,22,912,50,0,6.8,-1.0,0.2,0,0,0,1,0,0,0,0,1
2023-12-31 16:00:00,3,17,1548,31,0,6.8,-1.0,0.2,0,0,0,1,0,0,0,0,1
2023-12-31 04:00:00,3,5,84,10,0,6.8,-1.0,0.2,0,0,0,1,0,0,0,0,1
2024-01-01 09:00:00,15,10,120,22,1,7.4,5.5,9.6,0,1,0,0,0,0,0,0,1
2024-01-01 11:00:00,9,12,613,82,1,7.4,5.5,9.6,0,1,0,0,0,0,0,0,1
2024-01-01 10:00:00,8,11,294,50,1,7.4,5.5,9.6,0,1,0,0,0,0,0,0,1
2024-01-01 04:00:00,8,5,85,16,1,7.4,5.5,9.6,0,1,0,0,0,0,0,0,1
2024-01-01 18:00:00,7,19,463,95,1,7.4,5.5,9.6,0,1,0,0,0,0,0,0,1
2024-01-01 14:00:00,5,15,828,140,1,7.4,5.5,9.6,0,1,0,0,0,0,0,0,1
2024-01-01 13:00:00,5,14,828,118,1,7.4,5.5,9.6,0,1,0,0,0,0,0,0,1
2024-01-01 00:00:00,1,1,795,45,1,7.4,5.5,9.6,0,1,0,0,0,0,0,0,1
2024-01-01 21:00:00,1,22,211,40,1,7.4,5.5,9.6,0,1,0,0,0,0,0,0,1
2024-01-01 01:00:00,1,2,810,33,1,7.4,5.5,9.6,0,1,0,0,0,0,0,0,1
2024-01-01 23:00:00,1,0,195,24,1,7.4,5.5,9.6,0,1,0,0,0,0,0,0,1
2024-01-02 13:00:00,18,14,2599,187,1,7.3,5.5,6.4,0,0,0,0,0,1,0,0,1
2024-01-01 12:00:00,3,13,774,134,1,7.4,5.5,9.6,0,1,0,0,0,0,0,0,1
2024-01-01 19:00:00,3,20,451,103,1,7.4,5.5,9.6,0,1,0,0,0,0,0,0,1
2024-01-01 16:00:00,3,17,611,61,1,7.4,5.5,9.6,0,1,0,0,0,0,0,0,1
2024-01-01 20:00:00,3,21,387,55,1,7.4,5.5,9.6,0,1,0,0,0,0,0,0,1
2024-01-01 03:00:00,3,4,742,13,1,7.4,5.5,9.6,0,1,0,0,0,0,0,0,1
2024-01-01 15:00:00,2,16,799,148,1,7.4,5.5,9.6,0,1,0,0,0,0,0,0,1
2024-01-01 08:00:00,2,9,95,26,1,7.4,5.5,9.6,0,1,0,0,0,0,0,0,1
2024-01-01 02:00:00,2,3,1106,22,1,7.4,5.5,9.6,0,1,0,0,0,0,0,0,1
2024-01-02 12:00:00,9,13,1901,161,1,7.3,5.5,6.4,0,0,0,0,0,1,0,0,1
2024-01-02 14:00:00,8,15,2412,170,1,7.3,5.5,6.4,0,0,0,0,0,1,0,0,1
2024-01-02 15:00:00,8,16,1967,126,1,7.3,5.5,6.4,0,0,0,0,0,1,0,0,1
2024-01-02 18:00:00,6,19,1311,41,1,7.3,5.5,6.4,0,0,0,0,0,1,0,0,1
2024-01-02 09:00:00,5,10,392,88,1,7.3,5.5,6.4,0,0,0,0,0,1,0,0,1
2024-01-02 10:00:00,4,11,755,118,1,7.3,5.5,6.4,0,0,0,0,0,1,0,0,1
2024-01-02 11:00:00,3,12,1248,141,1,7.3,5.5,6.4,0,0,0,0,0,1,0,0,1
2024-01-02 08:00:00,0,9,171,14,1,7.3,5.5,6.4,0,0,0,0,0,1,0,0,1
2024-01-01 17:00:00,0,18,427,51,1,7.4,5.5,9.6,0,1,0,0,0,0,0,0,1
2024-01-02 20:00:00,0,21,713,10,1,7.3,5.5,6.4,0,0,0,0,0,1,0,0,1
2024-01-02 01:00:00,0,2,54,5,1,7.3,5.5,6.4,0,0,0,0,0,1,0,0,1
2024-01-02 06:00:00,0,7,38,4,1,7.3,5.5,6.4,0,0,0,0,0,1,0,0,1
2024-01-01 22:00:00,0,23,174,26,1,7.4,5.5,9.6,0,1,0,0,0,0,0,0,1
2024-01-02 02:00:00,0,3,28,1,1,7.3,5.5,6.4,0,0,0,0,0,1,0,0,1
2024-01-02 04:00:00,0,5,14,1,1,7.3,5.5,6.4,0,0,0,0,0,1,0,0,1
2024-01-02 03:00:00,0,4,4,0,1,7.3,5.5,6.4,0,0,0,0,0,1,0,0,1
2024-01-02 17:00:00,0,18,1262,21,1,7.3,5.5,6.4,0,0,0,0,0,1,0,0,1
2024-01-01 06:00:00,0,7,37,6,1,7.4,5.5,9.6,0,1,0,0,0,0,0,0,1
2024-01-01 07:00:00,0,8,93,5,1,7.4,5.5,9.6,0,1,0,0,0,0,0,0,1
2024-01-01 05:00:00,0,6,70,5,1,7.4,5.5,9.6,0,1,0,0,0,0,0,0,1
2024-01-03 14:00:00,20,15,2454,87,0,7.3,5.7,9.3,0,0,0,0,0,0,1,0,1
2024-01-02 23:00:00,3,0,308,28,1,7.3,5.5,6.4,0,0,0,0,0,1,0,0,1
2024-01-02 16:00:00,2,17,1861,42,1,7.3,5.5,6.4,0,0,0,0,0,1,0,0,1
2024-01-02 00:00:00,2,1,187,28,1,7.3,5.5,6.4,0,0,0,0,0,1,0,0,1
2024-01-02 05:00:00,2,6,45,2,1,7.3,5.5,6.4,0,0,0,0,0,1,0,0,1
2024-01-02 07:00:00,2,8,42,2,1,7.3,5.5,6.4,0,0,0,0,0,1,0,0,1
2024-01-02 21:00:00,1,22,480,35,1,7.3,5.5,6.4,0,0,0,0,0,1,0,0,1
2024-01-02 22:00:00,1,23,345,22,1,7.3,5.5,6.4,0,0,0,0,0,1,0,0,1
2024-01-02 19:00:00,1,20,1255,11,1,7.3,5.5,6.4,0,0,0,0,0,1,0,0,1
2024-01-03 11:00:00,14,12,1721,176,0,7.3,5.7,9.3,0,0,0,0,0,0,1,0,1
2024-01-03 12:00:00,12,13,2587,193,0,7.3,5.7,9.3,0,0,0,0,0,0,1,0,1
2024-01-03 13:00:00,12,14,2958,130,0,7.3,5.7,9.3,0,0,0,0,0,0,1,0,1
2024-01-03 09:00:00,9,10,763,120,0,7.3,5.7,9.3,0,0,0,0,0,0,1,0,1
2024-01-03 10:00:00,7,11,1154,210,0,7.3,5.7,9.3,0,0,0,0,0,0,1,0,1
2024-01-04 11:00:00,15,12,1926,126,0,6.4,6.0,9.3,0,0,0,0,1,0,0,0,1
2024-01-03 20:00:00,0,21,531,4,0,7.3,5.7,9.3,0,0,0,0,0,0,1,0,1
2024-01-04 12:00:00,14,13,2808,150,0,6.4,6.0,9.3,0,0,0,0,1,0,0,0,1
2024-01-03 00:00:00,0,1,162,18,0,7.3,5.7,9.3,0,0,0,0,0,0,1,0,1
2024-01-03 22:00:00,0,23,372,13,0,7.3,5.7,9.3,0,0,0,0,0,0,1,0,1
2024-01-03 05:00:00,0,6,105,11,0,7.3,5.7,9.3,0,0,0,0,0,0,1,0,1
2024-01-03 02:00:00,0,3,59,11,0,7.3,5.7,9.3,0,0,0,0,0,0,1,0,1
2024-01-03 18:00:00,0,19,876,7,0,7.3,5.7,9.3,0,0,0,0,0,0,1,0,1
2024-01-03 21:00:00,0,22,325,7,0,7.3,5.7,9.3,0,0,0,0,0,0,1,0,1
2024-01-03 08:00:00,2,9,509,69,0,7.3,5.7,9.3,0,0,0,0,0,0,1,0,1
2024-01-03 15:00:00,2,16,2000,38,0,7.3,5.7,9.3,0,0,0,0,0,0,1,0,1
2024-01-03 16:00:00,2,17,1510,7,0,7.3,5.7,9.3,0,0,0,0,0,0,1,0,1
2024-01-03 03:00:00,0,4,26,0,0,7.3,5.7,9.3,0,0,0,0,0,0,1,0,1
2024-01-03 19:00:00,2,20,576,1,0,7.3,5.7,9.3,0,0,0,0,0,0,1,0,1
2024-01-04 19:00:00,0,20,314,5,0,6.4,6.0,9.3,0,0,0,0,1,0,0,0,1
2024-01-04 13:00:00,11,14,2928,144,0,6.4,6.0,9.3,0,0,0,0,1,0,0,0,1
2024-01-04 14:00:00,11,15,2709,133,0,6.4,6.0,9.3,0,0,0,0,1,0,0,0,1
2024-01-04 04:00:00,0,5,18,2,0,6.4,6.0,9.3,0,0,0,0,1,0,0,0,1
2024-01-05 12:00:00,17,13,2842,159,0,5.6,6.0,0.0,1,0,0,0,0,0,0,0,1
2024-01-05 11:00:00,15,12,2110,196,0,5.6,6.0,0.0,1,0,0,0,0,0,0,0,1
2024-01-05 15:00:00,11,16,2589,174,0,5.6,6.0,0.0,1,0,0,0,0,0,0,0,1
2024-01-05 16:00:00,10,17,1923,20,0,5.6,6.0,0.0,1,0,0,0,0,0,0,0,1
2024-01-04 08:00:00,11,9,506,50,0,6.4,6.0,9.3,0,0,0,0,1,0,0,0,1
2024-01-04 20:00:00,1,21,739,24,0,6.4,6.0,9.3,0,0,0,0,1,0,0,0,1
2024-01-04 15:00:00,10,16,2360,120,0,6.4,6.0,9.3,0,0,0,0,1,0,0,0,1
2024-01-04 03:00:00,1,4,77,10,0,6.4,6.0,9.3,0,0,0,0,1,0,0,0,1
2024-01-03 23:00:00,1,0,318,24,0,7.3,5.7,9.3,0,0,0,0,0,0,1,0,1
2024-01-04 10:00:00,9,11,1267,108,0,6.4,6.0,9.3,0,0,0,0,1,0,0,0,1
2024-01-04 16:00:00,3,17,1987,33,0,6.4,6.0,9.3,0,0,0,0,1,0,0,0,1
2024-01-03 17:00:00,1,18,1189,19,0,7.3,5.7,9.3,0,0,0,0,0,0,1,0,1
2024-01-04 06:00:00,3,7,122,19,0,6.4,6.0,9.3,0,0,0,0,1,0,0,0,1
2024-01-03 07:00:00,1,8,163,17,0,7.3,5.7,9.3,0,0,0,0,0,0,1,0,1
2024-01-04 01:00:00,1,2,124,8,0,6.4,6.0,9.3,0,0,0,0,1,0,0,0,1
2024-01-04 17:00:00,3,18,1527,9,0,6.4,6.0,9.3,0,0,0,0,1,0,0,0,1
2024-01-03 01:00:00,1,2,145,12,0,7.3,5.7,9.3,0,0,0,0,0,0,1,0,1
2024-01-04 02:00:00,3,3,148,7,0,6.4,6.0,9.3,0,0,0,0,1,0,0,0,1
2024-01-03 06:00:00,1,7,136,9,0,7.3,5.7,9.3,0,0,0,0,0,0,1,0,1
2024-01-03 04:00:00,1,5,10,0,0,7.3,5.7,9.3,0,0,0,0,0,0,1,0,1
2024-01-04 18:00:00,2,19,1098,9,0,6.4,6.0,9.3,0,0,0,0,1,0,0,0,1
2024-01-04 09:00:00,5,10,795,94,0,6.4,6.0,9.3,0,0,0,0,1,0,0,0,1
2024-01-04 21:00:00,5,22,455,56,0,6.4,6.0,9.3,0,0,0,0,1,0,0,0,1
2024-01-04 00:00:00,4,1,240,20,0,6.4,6.0,9.3,0,0,0,0,1,0,0,0,1
2024-01-04 07:00:00,4,8,207,15,0,6.4,6.0,9.3,0,0,0,0,1,0,0,0,1
2024-01-04 22:00:00,0,23,416,39,0,6.4,6.0,9.3,0,0,0,0,1,0,0,0,1
2024-01-04 23:00:00,0,0,313,24,0,6.4,6.0,9.3,0,0,0,0,1,0,0,0,1
2024-01-04 05:00:00,0,6,67,8,0,6.4,6.0,9.3,0,0,0,0,1,0,0,0,1
2024-01-06 12:00:00,14,13,2734,212,0,2.5,0.2,0.0,0,0,1,0,0,0,0,0,1
2024-01-06 10:00:00,8,11,1200,165,0,2.5,0.2,0.0,0,0,1,0,0,0,0,0,1
2024-01-06 09:00:00,8,10,837,152,0,2.5,0.2,0.0,0,0,1,0,0,0,0,0,1
2024-01-05 17:00:00,9,18,1410,10,0,5.6,6.0,0.0,1,0,0,0,0,0,0,0,1
2024-01-05 22:00:00,3,23,629,34,0,5.6,6.0,0.0,1,0,0,0,0,0,0,0,1
2024-01-05 19:00:00,3,20,805,17,0,5.6,6.0,0.0,1,0,0,0,0,0,0,0,1
2024-01-06 23:00:00,0,0,521,62,0,2.5,0.2,0.0,0,0,1,0,0,0,0,0,1
2024-01-05 21:00:00,0,22,918,52,0,5.6,6.0,0.0,1,0,0,0,0,0,0,0,1
2024-01-05 01:00:00,0,2,152,23,0,5.6,6.0,0.0,1,0,0,0,0,0,0,0,1
2024-01-05 06:00:00,0,7,145,17,0,5.6,6.0,0.0,1,0,0,0,0,0,0,0,1
2024-01-05 02:00:00,0,3,140,13,0,5.6,6.0,0.0,1,0,0,0,0,0,0,0,1
2024-01-05 04:00:00,0,5,39,10,0,5.6,6.0,0.0,1,0,0,0,0,0,0,0,1
2024-01-05 03:00:00,0,4,26,7,0,5.6,6.0,0.0,1,0,0,0,0,0,0,0,1
2024-01-07 17:00:00,14,18,1178,13,0,2.9,0.1,0.0,0,0,0,1,0,0,0,0,1
2024-01-07 13:00:00,11,14,1972,121,0,2.9,0.1,0.0,0,0,0,1,0,0,0,0,1
2024-01-07 15:00:00,8,16,1638,172,0,2.9,0.1,0.0,0,0,0,1,0,0,0,0,1
2024-01-07 21:00:00,8,22,470,28,0,2.9,0.1,0.0,0,0,0,1,0,0,0,0,1
2024-01-07 10:00:00,7,11,661,155,0,2.9,0.1,0.0,0,0,0,1,0,0,0,0,1
2024-01-07 12:00:00,7,13,1436,146,0,2.9,0.1,0.0,0,0,0,1,0,0,0,0,1
2024-01-07 14:00:00,7,15,1943,125,0,2.9,0.1,0.0,0,0,0,1,0,0,0,0,1
2024-01-07 19:00:00,7,20,577,53,0,2.9,0.1,0.0,0,0,0,1,0,0,0,0,1
2024-01-05 14:00:00,6,15,3087,143,0,5.6,6.0,0.0,1,0,0,0,0,0,0,0,1
2024-01-05 20:00:00,6,21,848,7,0,5.6,6.0,0.0,1,0,0,0,0,0,0,0,1
2024-01-05 10:00:00,5,11,1327,143,0,5.6,6.0,0.0,1,0,0,0,0,0,0,0,1
2024-01-05 13:00:00,4,14,2942,127,0,5.6,6.0,0.0,1,0,0,0,0,0,0,0,1
2024-01-05 09:00:00,2,10,887,122,0,5.6,6.0,0.0,1,0,0,0,0,0,0,0,1
2024-01-05 05:00:00,2,6,103,11,0,5.6,6.0,0.0,1,0,0,0,0,0,0,0,1
2024-01-05 18:00:00,2,19,1055,6,0,5.6,6.0,0.0,1,0,0,0,0,0,0,0,1
2024-01-06 11:00:00,7,12,1953,169,0,2.5,0.2,0.0,0,0,1,0,0,0,0,0,1
2024-01-06 13:00:00,7,14,2833,147,0,2.5,0.2,0.0,0,0,1,0,0,0,0,0,1
2024-01-06 17:00:00,7,18,1086,6,0,2.5,0.2,0.0,0,0,1,0,0,0,0,0,1
2024-01-06 19:00:00,2,20,799,6,0,2.5,0.2,0.0,0,0,1,0,0,0,0,0,1
2024-01-05 08:00:00,1,9,474,60,0,5.6,6.0,0.0,1,0,0,0,0,0,0,0,1
2024-01-05 07:00:00,1,8,201,42,0,5.6,6.0,0.0,1,0,0,0,0,0,0,0,1
2024-01-05 00:00:00,1,1,329,38,0,5.6,6.0,0.0,1,0,0,0,0,0,0,0,1
2024-01-06 16:00:00,6,17,850,4,0,2.5,0.2,0.0,0,0,1,0,0,0,0,0,1
2024-01-06 15:00:00,5,16,1557,52,0,2.5,0.2,0.0,0,0,1,0,0,0,0,0,1
2024-01-06 20:00:00,5,21,876,20,0,2.5,0.2,0.0,0,0,1,0,0,0,0,0,1
2024-01-05 23:00:00,1,0,434,21,0,5.6,6.0,0.0,1,0,0,0,0,0,0,0,1
2024-01-06 08:00:00,4,9,315,100,0,2.5,0.2,0.0,0,0,1,0,0,0,0,0,1
2024-01-06 00:00:00,1,1,382,63,0,2.5,0.2,0.0,0,0,1,0,0,0,0,0,1
2024-01-06 22:00:00,1,23,656,58,0,2.5,0.2,0.0,0,0,1,0,0,0,0,0,1
2024-01-06 01:00:00,1,2,287,35,0,2.5,0.2,0.0,0,0,1,0,0,0,0,0,1
2024-01-06 04:00:00,0,5,39,1,0,2.5,0.2,0.0,0,0,1,0,0,0,0,0,1
2024-01-06 06:00:00,1,7,105,27,0,2.5,0.2,0.0,0,0,1,0,0,0,0,0,1
2024-01-06 14:00:00,3,15,2756,55,0,2.5,0.2,0.0,0,0,1,0,0,0,0,0,1
2024-01-06 18:00:00,1,19,958,6,0,2.5,0.2,0.0,0,0,1,0,0,0,0,0,1
2024-01-06 05:00:00,1,6,50,3,0,2.5,0.2,0.0,0,0,1,0,0,0,0,0,1
2024-01-06 07:00:00,2,8,149,46,0,2.5,0.2,0.0,0,0,1,0,0,0,0,0,1
2024-01-06 02:00:00,2,3,125,30,0,2.5,0.2,0.0,0,0,1,0,0,0,0,0,1
2024-01-06 21:00:00,2,22,751,25,0,2.5,0.2,0.0,0,0,1,0,0,0,0,0,1
2024-01-06 03:00:00,2,4,314,21,0,2.5,0.2,0.0,0,0,1,0,0,0,0,0,1
2024-01-07 00:00:00,1,1,403,57,0,2.9,0.1,0.0,0,0,0,1,0,0,0,0,1
2024-01-07 07:00:00,1,8,111,26,0,2.9,0.1,0.0,0,0,0,1,0,0,0,0,1
2024-01-07 02:00:00,1,3,296,12,0,2.9,0.1,0.0,0,0,0,1,0,0,0,0,1
2024-01-08 07:00:00,6,8,206,8,0,3.9,-1.5,1.2,0,1,0,0,0,0,0,0,1
2024-01-08 01:00:00,5,2,144,23,0,3.9,-1.5,1.2,0,1,0,0,0,0,0,0,1
2024-01-07 11:00:00,6,12,908,131,0,2.9,0.1,0.0,0,0,0,1,0,0,0,0,1
2024-01-07 08:00:00,0,9,220,52,0,2.9,0.1,0.0,0,0,0,1,0,0,0,0,1
2024-01-07 04:00:00,0,5,33,10,0,2.9,0.1,0.0,0,0,0,1,0,0,0,0,1
2024-01-07 05:00:00,0,6,97,6,0,2.9,0.1,0.0,0,0,0,1,0,0,0,0,1
2024-01-07 06:00:00,0,7,58,0,0,2.9,0.1,0.0,0,0,0,1,0,0,0,0,1
2024-01-08 06:00:00,1,7,151,26,0,3.9,-1.5,1.2,0,1,0,0,0,0,0,0,1
2024-01-08 14:00:00,25,15,1628,126,0,3.9,-1.5,1.2,0,1,0,0,0,0,0,0,1
2024-01-08 19:00:00,1,20,540,11,0,3.9,-1.5,1.2,0,1,0,0,0,0,0,0,1
2024-01-08 22:00:00,0,23,377,15,0,3.9,-1.5,1.2,0,1,0,0,0,0,0,0,1
2024-01-08 20:00:00,0,21,578,10,0,3.9,-1.5,1.2,0,1,0,0,0,0,0,0,1
2024-01-08 05:00:00,0,6,92,10,0,3.9,-1.5,1.2,0,1,0,0,0,0,0,0,1
2024-01-08 04:00:00,0,5,19,5,0,3.9,-1.5,1.2,0,1,0,0,0,0,0,0,1
2024-01-09 13:00:00,34,14,2157,90,0,6.0,5.5,0.0,0,0,0,0,0,1,0,0,1
2024-01-09 14:00:00,22,15,1479,97,0,6.0,5.5,0.0,0,0,0,0,0,1,0,0,1
2024-01-09 11:00:00,18,12,1270,109,0,6.0,5.5,0.0,0,0,0,0,0,1,0,0,1
2024-01-07 09:00:00,6,10,306,87,0,2.9,0.1,0.0,0,0,0,1,0,0,0,0,1
2024-01-08 13:00:00,23,14,1958,115,0,3.9,-1.5,1.2,0,1,0,0,0,0,0,0,1
2024-01-08 21:00:00,1,22,513,9,0,3.9,-1.5,1.2,0,1,0,0,0,0,0,0,1
2024-01-08 18:00:00,1,19,864,7,0,3.9,-1.5,1.2,0,1,0,0,0,0,0,0,1
2024-01-08 03:00:00,1,4,13,5,0,3.9,-1.5,1.2,0,1,0,0,0,0,0,0,1
2024-01-08 15:00:00,18,16,1585,228,0,3.9,-1.5,1.2,0,1,0,0,0,0,0,0,1
2024-01-07 22:00:00,5,23,390,37,0,2.9,0.1,0.0,0,0,0,1,0,0,0,0,1
2024-01-09 12:00:00,17,13,1744,115,0,6.0,5.5,0.0,0,0,0,0,0,1,0,0,1
2024-01-08 16:00:00,4,17,1496,25,0,3.9,-1.5,1.2,0,1,0,0,0,0,0,0,1
2024-01-08 11:00:00,12,12,1683,157,0,3.9,-1.5,1.2,0,1,0,0,0,0,0,0,1
2024-01-08 23:00:00,3,0,280,34,0,3.9,-1.5,1.2,0,1,0,0,0,0,0,0,1
2024-01-08 00:00:00,3,1,180,29,0,3.9,-1.5,1.2,0,1,0,0,0,0,0,0,1
2024-01-08 02:00:00,2,3,75,13,0,3.9,-1.5,1.2,0,1,0,0,0,0,0,0,1
2024-01-08 17:00:00,2,18,1001,10,0,3.9,-1.5,1.2,0,1,0,0,0,0,0,0,1
2024-01-08 12:00:00,10,13,2237,150,0,3.9,-1.5,1.2,0,1,0,0,0,0,0,0,1
2024-01-08 10:00:00,10,11,1307,117,0,3.9,-1.5,1.2,0,1,0,0,0,0,0,0,1
2024-01-08 08:00:00,10,9,574,14,0,3.9,-1.5,1.2,0,1,0,0,0,0,0,0,1
2024-01-07 16:00:00,4,17,1187,128,0,2.9,0.1,0.0,0,0,0,1,0,0,0,0,1
2024-01-07 20:00:00,4,21,542,64,0,2.9,0.1,0.0,0,0,0,1,0,0,0,0,1
2024-01-09 15:00:00,13,16,1241,97,0,6.0,5.5,0.0,0,0,0,0,0,1,0,0,1
2024-01-08 09:00:00,8,10,910,59,0,3.9,-1.5,1.2,0,1,0,0,0,0,0,0,1
2024-01-09 09:00:00,11,10,896,126,0,6.0,5.5,0.0,0,0,0,0,0,1,0,0,1
2024-01-07 03:00:00,3,4,296,41,0,2.9,0.1,0.0,0,0,0,1,0,0,0,0,1
2024-01-07 18:00:00,3,19,907,36,0,2.9,0.1,0.0,0,0,0,1,0,0,0,0,1
2024-01-07 23:00:00,3,0,292,34,0,2.9,0.1,0.0,0,0,0,1,0,0,0,0,1
2024-01-09 10:00:00,10,11,1331,169,0,6.0,5.5,0.0,0,0,0,0,0,1,0,0,1
2024-01-09 16:00:00,8,17,1801,65,0,6.0,5.5,0.0,0,0,0,0,0,1,0,0,1
2024-01-09 17:00:00,7,18,1340,46,0,6.0,5.5,0.0,0,0,0,0,0,1,0,0,1
2024-01-07 01:00:00,2,2,313,39,0,2.9,0.1,0.0,0,0,0,1,0,0,0,0,1
2024-01-09 07:00:00,1,8,281,45,0,6.0,5.5,0.0,0,0,0,0,0,1,0,0,1
2024-01-09 01:00:00,0,2,83,15,0,6.0,5.5,0.0,0,0,0,0,0,1,0,0,1
2024-01-09 06:00:00,1,7,123,19,0,6.0,5.5,0.0,0,0,0,0,0,1,0,0,1
2024-01-09 18:00:00,1,19,862,13,0,6.0,5.5,0.0,0,0,0,0,0,1,0,0,1
2024-01-10 19:00:00,1,20,732,23,0,4.5,1.1,0.0,0,0,0,0,0,0,1,0,1
2024-01-09 03:00:00,1,4,23,4,0,6.0,5.5,0.0,0,0,0,0,0,1,0,0,1
2024-01-09 02:00:00,0,3,99,7,0,6.0,5.5,0.0,0,0,0,0,0,1,0,0,1
2024-01-09 19:00:00,0,20,595,6,0,6.0,5.5,0.0,0,0,0,0,0,1,0,0,1
2024-01-10 06:00:00,1,7,134,12,0,4.5,1.1,0.0,0,0,0,0,0,0,1,0,1
2024-01-10 03:00:00,1,4,34,9,0,4.5,1.1,0.0,0,0,0,0,0,0,1,0,1
2024-01-09 04:00:00,0,5,20,5,0,6.0,5.5,0.0,0,0,0,0,0,1,0,0,1
2024-01-10 02:00:00,0,3,132,22,0,4.5,1.1,0.0,0,0,0,0,0,0,1,0,1
2024-01-11 13:00:00,15,14,2934,96,0,5.0,2.2,0.2,0,0,0,0,1,0,0,0,1
2024-01-10 23:00:00,5,0,308,8,0,4.5,1.1,0.0,0,0,0,0,0,0,1,0,1
2024-01-10 13:00:00,14,14,2416,254,0,4.5,1.1,0.0,0,0,0,0,0,0,1,0,1
2024-01-10 10:00:00,12,11,1250,208,0,4.5,1.1,0.0,0,0,0,0,0,0,1,0,1
2024-01-10 17:00:00,12,18,1475,11,0,4.5,1.1,0.0,0,0,0,0,0,0,1,0,1
2024-01-10 08:00:00,10,9,657,307,0,4.5,1.1,0.0,0,0,0,0,0,0,1,0,1
2024-01-10 18:00:00,6,19,836,3,0,4.5,1.1,0.0,0,0,0,0,0,0,1,0,1
2024-01-11 11:00:00,12,12,2024,157,0,5.0,2.2,0.2,0,0,0,0,1,0,0,0,1
2024-01-10 20:00:00,4,21,617,13,0,4.5,1.1,0.0,0,0,0,0,0,0,1,0,1
2024-01-10 22:00:00,3,23,298,7,0,4.5,1.1,0.0,0,0,0,0,0,0,1,0,1
2024-01-10 07:00:00,2,8,272,62,0,4.5,1.1,0.0,0,0,0,0,0,0,1,0,1
2024-01-10 01:00:00,2,2,160,35,0,4.5,1.1,0.0,0,0,0,0,0,0,1,0,1
2024-01-10 00:00:00,2,1,249,28,0,4.5,1.1,0.0,0,0,0,0,0,0,1,0,1
2024-01-10 05:00:00,0,6,105,11,0,4.5,1.1,0.0,0,0,0,0,0,0,1,0,1
2024-01-11 08:00:00,12,9,626,150,0,5.0,2.2,0.2,0,0,0,0,1,0,0,0,1
2024-01-10 21:00:00,0,22,421,7,0,4.5,1.1,0.0,0,0,0,0,0,0,1,0,1
2024-01-11 09:00:00,10,10,857,129,0,5.0,2.2,0.2,0,0,0,0,1,0,0,0,1
2024-01-11 12:00:00,9,13,2792,109,0,5.0,2.2,0.2,0,0,0,0,1,0,0,0,1
2024-01-11 18:00:00,8,19,1064,13,0,5.0,2.2,0.2,0,0,0,0,1,0,0,0,1
2024-01-11 20:00:00,7,21,797,66,0,5.0,2.2,0.2,0,0,0,0,1,0,0,0,1
2024-01-11 19:00:00,7,20,923,25,0,5.0,2.2,0.2,0,0,0,0,1,0,0,0,1
2024-01-11 03:00:00,6,4,152,12,0,5.0,2.2,0.2,0,0,0,0,1,0,0,0,1
2024-01-11 10:00:00,5,11,1540,150,0,5.0,2.2,0.2,0,0,0,0,1,0,0,0,1
2024-01-11 22:00:00,5,23,342,43,0,5.0,2.2,0.2,0,0,0,0,1,0,0,0,1
2024-01-09 08:00:00,5,9,705,114,0,6.0,5.5,0.0,0,0,0,0,0,1,0,0,1
2024-01-09 22:00:00,0,23,432,43,0,6.0,5.5,0.0,0,0,0,0,0,1,0,0,1
2024-01-09 21:00:00,5,22,499,21,0,6.0,5.5,0.0,0,0,0,0,0,1,0,0,1
2024-01-10 04:00:00,0,5,15,1,0,4.5,1.1,0.0,0,0,0,0,0,0,1,0,1
2024-01-10 14:00:00,37,15,1665,222,0,4.5,1.1,0.0,0,0,0,0,0,0,1,0,1
2024-01-10 15:00:00,34,16,1549,249,0,4.5,1.1,0.0,0,0,0,0,0,0,1,0,1
2024-01-10 11:00:00,34,12,1563,196,0,4.5,1.1,0.0,0,0,0,0,0,0,1,0,1
2024-01-09 23:00:00,4,0,301,50,0,6.0,5.5,0.0,0,0,0,0,0,1,0,0,1
2024-01-09 20:00:00,4,21,710,8,0,6.0,5.5,0.0,0,0,0,0,0,1,0,0,1
2024-01-09 00:00:00,0,1,263,23,0,6.0,5.5,0.0,0,0,0,0,0,1,0,0,1
2024-01-10 12:00:00,24,13,2155,231,0,4.5,1.1,0.0,0,0,0,0,0,0,1,0,1
2024-01-11 15:00:00,23,16,1751,45,0,5.0,2.2,0.2,0,0,0,0,1,0,0,0,1
2024-01-11 14:00:00,20,15,1744,59,0,5.0,2.2,0.2,0,0,0,0,1,0,0,0,1
2024-01-10 16:00:00,18,17,1866,162,0,4.5,1.1,0.0,0,0,0,0,0,0,1,0,1
2024-01-10 09:00:00,17,10,815,188,0,4.5,1.1,0.0,0,0,0,0,0,0,1,0,1
2024-01-09 05:00:00,2,6,85,7,0,6.0,5.5,0.0,0,0,0,0,0,1,0,0,1
2024-01-11 17:00:00,17,18,1545,12,0,5.0,2.2,0.2,0,0,0,0,1,0,0,0,1
2024-01-12 02:00:00,3,3,97,10,0,5.8,5.5,0.0,1,0,0,0,0,0,0,0,1
2024-01-12 00:00:00,1,1,285,20,0,5.8,5.5,0.0,1,0,0,0,0,0,0,0,1
2024-01-12 01:00:00,1,2,124,19,0,5.8,5.5,0.0,1,0,0,0,0,0,0,0,1
2024-01-11 07:00:00,1,8,277,23,0,5.0,2.2,0.2,0,0,0,0,1,0,0,0,1
2024-01-12 09:00:00,11,10,883,203,0,5.8,5.5,0.0,1,0,0,0,0,0,0,0,1
2024-01-13 12:00:00,37,13,2423,37,0,3.7,5.5,0.0,0,0,1,0,0,0,0,0,1
2024-01-13 11:00:00,26,12,1628,95,0,3.7,5.5,0.0,0,0,1,0,0,0,0,0,1
2024-01-13 13:00:00,26,14,2545,25,0,3.7,5.5,0.0,0,0,1,0,0,0,0,0,1
2024-01-13 14:00:00,18,15,3042,28,0,3.7,5.5,0.0,0,0,1,0,0,0,0,0,1
2024-01-13 15:00:00,14,16,2593,166,0,3.7,5.5,0.0,0,0,1,0,0,0,0,0,1
2024-01-13 16:00:00,12,17,2450,87,0,3.7,5.5,0.0,0,0,1,0,0,0,0,0,1
2024-01-13 10:00:00,11,11,1159,133,0,3.7,5.5,0.0,0,0,1,0,0,0,0,0,1
2024-01-13 09:00:00,9,10,793,151,0,3.7,5.5,0.0,0,0,1,0,0,0,0,0,1
2024-01-13 18:00:00,9,19,1518,19,0,3.7,5.5,0.0,0,0,1,0,0,0,0,0,1
2024-01-11 01:00:00,1,2,256,19,0,5.0,2.2,0.2,0,0,0,0,1,0,0,0,1
2024-01-12 17:00:00,11,18,1776,38,0,5.8,5.5,0.0,1,0,0,0,0,0,0,0,1
2024-01-11 16:00:00,1,17,1851,16,0,5.0,2.2,0.2,0,0,0,0,1,0,0,0,1
2024-01-11 21:00:00,3,22,601,55,0,5.0,2.2,0.2,0,0,0,0,1,0,0,0,1
2024-01-11 23:00:00,3,0,272,28,0,5.0,2.2,0.2,0,0,0,0,1,0,0,0,1
2024-01-11 02:00:00,2,3,395,23,0,5.0,2.2,0.2,0,0,0,0,1,0,0,0,1
2024-01-11 06:00:00,1,7,174,13,0,5.0,2.2,0.2,0,0,0,0,1,0,0,0,1
2024-01-12 20:00:00,11,21,782,16,0,5.8,5.5,0.0,1,0,0,0,0,0,0,0,1
2024-01-11 04:00:00,1,5,31,4,0,5.0,2.2,0.2,0,0,0,0,1,0,0,0,1
2024-01-13 08:00:00,6,9,362,97,0,3.7,5.5,0.0,0,0,1,0,0,0,0,0,1
2024-01-13 19:00:00,6,20,1231,12,0,3.7,5.5,0.0,0,0,1,0,0,0,0,0,1
2024-01-13 17:00:00,5,18,1944,27,0,3.7,5.5,0.0,0,0,1,0,0,0,0,0,1
2024-01-13 07:00:00,4,8,122,36,0,3.7,5.5,0.0,0,0,1,0,0,0,0,0,1
2024-01-13 02:00:00,4,3,148,5,0,3.7,5.5,0.0,0,0,1,0,0,0,0,0,1
2024-01-13 03:00:00,3,4,206,11,0,3.7,5.5,0.0,0,0,1,0,0,0,0,0,1
2024-01-12 08:00:00,8,9,644,227,0,5.8,5.5,0.0,1,0,0,0,0,0,0,0,1
2024-01-12 16:00:00,7,17,1967,67,0,5.8,5.5,0.0,1,0,0,0,0,0,0,0,1
2024-01-12 07:00:00,7,8,268,65,0,5.8,5.5,0.0,1,0,0,0,0,0,0,0,1
2024-01-12 21:00:00,7,22,714,9,0,5.8,5.5,0.0,1,0,0,0,0,0,0,0,1
2024-01-12 18:00:00,6,19,721,18,0,5.8,5.5,0.0,1,0,0,0,0,0,0,0,1
2024-01-12 06:00:00,5,7,204,21,0,5.8,5.5,0.0,1,0,0,0,0,0,0,0,1
2024-01-12 19:00:00,4,20,907,10,0,5.8,5.5,0.0,1,0,0,0,0,0,0,0,1
2024-01-12 13:00:00,37,14,2542,159,0,5.8,5.5,0.0,1,0,0,0,0,0,0,0,1
2024-01-12 14:00:00,33,15,2075,214,0,5.8,5.5,0.0,1,0,0,0,0,0,0,0,1
2024-01-12 05:00:00,0,6,121,14,0,5.8,5.5,0.0,1,0,0,0,0,0,0,0,1
2024-01-12 23:00:00,0,0,568,8,0,5.8,5.5,0.0,1,0,0,0,0,0,0,0,1
2024-01-11 00:00:00,0,1,304,6,0,5.0,2.2,0.2,0,0,0,0,1,0,0,0,1
2024-01-11 05:00:00,0,6,103,6,0,5.0,2.2,0.2,0,0,0,0,1,0,0,0,1
2024-01-12 04:00:00,0,5,46,7,0,5.8,5.5,0.0,1,0,0,0,0,0,0,0,1
2024-01-12 03:00:00,0,4,41,7,0,5.8,5.5,0.0,1,0,0,0,0,0,0,0,1
2024-01-12 15:00:00,21,16,1996,171,0,5.8,5.5,0.0,1,0,0,0,0,0,0,0,1
2024-01-12 22:00:00,0,23,667,5,0,5.8,5.5,0.0,1,0,0,0,0,0,0,0,1
2024-01-12 11:00:00,18,12,1765,209,0,5.8,5.5,0.0,1,0,0,0,0,0,0,0,1
2024-01-12 12:00:00,16,13,2426,143,0,5.8,5.5,0.0,1,0,0,0,0,0,0,0,1
2024-01-12 10:00:00,14,11,1259,239,0,5.8,5.5,0.0,1,0,0,0,0,0,0,0,1
2024-01-15 19:00:00,6,20,625,60,0,1.2,5.5,0.0,0,1,0,0,0,0,0,0,1
2024-01-13 06:00:00,0,7,108,26,0,3.7,5.5,0.0,0,0,1,0,0,0,0,0,1
2024-01-13 23:00:00,0,0,632,22,0,3.7,5.5,0.0,0,0,1,0,0,0,0,0,1
2024-01-13 05:00:00,0,6,64,3,0,3.7,5.5,0.0,0,0,1,0,0,0,0,0,1
2024-01-14 09:00:00,31,10,306,76,0,1.2,1.2,0.0,0,0,0,1,0,0,0,0,1
2024-01-13 21:00:00,2,22,680,37,0,3.7,5.5,0.0,0,0,1,0,0,0,0,0,1
2024-01-14 04:00:00,0,5,34,57,0,1.2,1.2,0.0,0,0,0,1,0,0,0,0,1
2024-01-14 01:00:00,1,2,644,52,0,1.2,1.2,0.0,0,0,0,1,0,0,0,0,1
2024-01-14 08:00:00,1,9,136,47,0,1.2,1.2,0.0,0,0,0,1,0,0,0,0,1
2024-01-14 02:00:00,0,3,160,113,0,1.2,1.2,0.0,0,0,0,1,0,0,0,0,1
2024-01-14 03:00:00,0,4,128,113,0,1.2,1.2,0.0,0,0,0,1,0,0,0,0,1
2024-01-13 00:00:00,2,1,277,29,0,3.7,5.5,0.0,0,0,1,0,0,0,0,0,1
2024-01-15 14:00:00,4,15,1529,114,0,1.2,5.5,0.0,0,1,0,0,0,0,0,0,1
2024-01-13 20:00:00,2,21,832,22,0,3.7,5.5,0.0,0,0,1,0,0,0,0,0,1
2024-01-14 19:00:00,5,20,578,31,0,1.2,1.2,0.0,0,0,0,1,0,0,0,0,1
2024-01-14 22:00:00,3,23,248,112,0,1.2,1.2,0.0,0,0,0,1,0,0,0,0,1
2024-01-14 07:00:00,2,8,113,25,0,1.2,1.2,0.0,0,0,0,1,0,0,0,0,1
2024-01-15 15:00:00,15,16,1156,129,0,1.2,5.5,0.0,0,1,0,0,0,0,0,0,1
2024-01-15 18:00:00,3,19,843,67,0,1.2,5.5,0.0,0,1,0,0,0,0,0,0,1
2024-01-15 12:00:00,12,13,2470,103,0,1.2,5.5,0.0,0,1,0,0,0,0,0,0,1
2024-01-15 06:00:00,3,7,143,26,0,1.2,5.5,0.0,0,1,0,0,0,0,0,0,1
2024-01-15 13:00:00,11,14,2426,125,0,1.2,5.5,0.0,0,1,0,0,0,0,0,0,1
2024-01-14 00:00:00,0,1,547,31,0,1.2,1.2,0.0,0,0,0,1,0,0,0,0,1
2024-01-15 17:00:00,10,18,1332,80,0,1.2,5.5,0.0,0,1,0,0,0,0,0,0,1
2024-01-14 23:00:00,0,0,253,31,0,1.2,1.2,0.0,0,0,0,1,0,0,0,0,1
2024-01-14 05:00:00,0,6,22,23,0,1.2,1.2,0.0,0,0,0,1,0,0,0,0,1
2024-01-15 16:00:00,9,17,1791,176,0,1.2,5.5,0.0,0,1,0,0,0,0,0,0,1
2024-01-14 06:00:00,0,7,42,16,0,1.2,1.2,0.0,0,0,0,1,0,0,0,0,1
2024-01-14 15:00:00,16,16,1733,155,0,1.2,1.2,0.0,0,0,0,1,0,0,0,0,1
2024-01-15 11:00:00,8,12,1731,91,0,1.2,5.5,0.0,0,1,0,0,0,0,0,0,1
2024-01-15 20:00:00,2,21,488,65,0,1.2,5.5,0.0,0,1,0,0,0,0,0,0,1
2024-01-15 09:00:00,8,10,841,84,0,1.2,5.5,0.0,0,1,0,0,0,0,0,0,1
2024-01-15 21:00:00,2,22,356,60,0,1.2,5.5,0.0,0,1,0,0,0,0,0,0,1
2024-01-14 13:00:00,15,14,1944,167,0,1.2,1.2,0.0,0,0,0,1,0,0,0,0,1
2024-01-15 08:00:00,8,9,687,64,0,1.2,5.5,0.0,0,1,0,0,0,0,0,0,1
2024-01-14 17:00:00,15,18,996,46,0,1.2,1.2,0.0,0,0,0,1,0,0,0,0,1
2024-01-15 22:00:00,2,23,309,49,0,1.2,5.5,0.0,0,1,0,0,0,0,0,0,1
2024-01-13 22:00:00,1,23,698,39,0,3.7,5.5,0.0,0,0,1,0,0,0,0,0,1
2024-01-15 23:00:00,2,0,298,38,0,1.2,5.5,0.0,0,1,0,0,0,0,0,0,1
2024-01-13 01:00:00,1,2,284,17,0,3.7,5.5,0.0,0,0,1,0,0,0,0,0,1
2024-01-14 14:00:00,12,15,1922,184,0,1.2,1.2,0.0,0,0,0,1,0,0,0,0,1
2024-01-13 04:00:00,1,5,42,0,0,3.7,5.5,0.0,0,0,1,0,0,0,0,0,1
2024-01-14 12:00:00,11,13,1582,173,0,1.2,1.2,0.0,0,0,0,1,0,0,0,0,1
2024-01-14 11:00:00,11,12,857,129,0,1.2,1.2,0.0,0,0,0,1,0,0,0,0,1
2024-01-15 10:00:00,6,11,1327,84,0,1.2,5.5,0.0,0,1,0,0,0,0,0,0,1
2024-01-14 16:00:00,7,17,1236,100,0,1.2,1.2,0.0,0,0,0,1,0,0,0,0,1
2024-01-14 18:00:00,7,19,991,32,0,1.2,1.2,0.0,0,0,0,1,0,0,0,0,1
2024-01-14 20:00:00,7,21,491,20,0,1.2,1.2,0.0,0,0,0,1,0,0,0,0,1
2024-01-14 10:00:00,6,11,638,113,0,1.2,1.2,0.0,0,0,0,1,0,0,0,0,1
2024-01-14 21:00:00,6,22,406,19,0,1.2,1.2,0.0,0,0,0,1,0,0,0,0,1
2024-01-15 00:00:00,0,1,246,24,0,1.2,5.5,0.0,0,1,0,0,0,0,0,0,1
2024-01-15 03:00:00,0,4,31,4,0,1.2,5.5,0.0,0,1,0,0,0,0,0,0,1
2024-01-15 04:00:00,0,5,19,2,0,1.2,5.5,0.0,0,1,0,0,0,0,0,0,1
2024-01-16 02:00:00,1,3,88,15,0,0.4,-1.4,0.9,0,0,0,0,0,1,0,0,1
2024-01-16 18:00:00,0,19,896,23,0,0.4,-1.4,0.9,0,0,0,0,0,1,0,0,1
2024-01-16 05:00:00,0,6,64,6,0,0.4,-1.4,0.9,0,0,0,0,0,1,0,0,1
2024-01-16 03:00:00,0,4,16,2,0,0.4,-1.4,0.9,0,0,0,0,0,1,0,0,1
2024-01-16 04:00:00,0,5,15,2,0,0.4,-1.4,0.9,0,0,0,0,0,1,0,0,1
2024-01-17 15:00:00,24,16,1570,259,0,1.7,-3.8,0.0,0,0,0,0,0,0,1,0,1
2024-01-17 08:00:00,19,9,716,290,0,1.7,-3.8,0.0,0,0,0,0,0,0,1,0,1
2024-01-17 16:00:00,17,17,1763,230,0,1.7,-3.8,0.0,0,0,0,0,0,0,1,0,1
2024-01-17 10:00:00,12,11,1093,162,0,1.7,-3.8,0.0,0,0,0,0,0,0,1,0,1
2024-01-17 11:00:00,10,12,1274,193,0,1.7,-3.8,0.0,0,0,0,0,0,0,1,0,1
2024-01-17 13:00:00,10,14,2291,187,0,1.7,-3.8,0.0,0,0,0,0,0,0,1,0,1
2024-01-17 09:00:00,9,10,804,174,0,1.7,-3.8,0.0,0,0,0,0,0,0,1,0,1
2024-01-17 14:00:00,7,15,1734,188,0,1.7,-3.8,0.0,0,0,0,0,0,0,1,0,1
2024-01-17 18:00:00,5,19,990,56,0,1.7,-3.8,0.0,0,0,0,0,0,0,1,0,1
2024-01-17 07:00:00,4,8,311,52,0,1.7,-3.8,0.0,0,0,0,0,0,0,1,0,1
2024-01-17 12:00:00,3,13,2079,192,0,1.7,-3.8,0.0,0,0,0,0,0,0,1,0,1
2024-01-16 13:00:00,22,14,2605,234,0,0.4,-1.4,0.9,0,0,0,0,0,1,0,0,1
2024-01-16 15:00:00,15,16,1601,276,0,0.4,-1.4,0.9,0,0,0,0,0,1,0,0,1
2024-01-16 11:00:00,15,12,1753,234,0,0.4,-1.4,0.9,0,0,0,0,0,1,0,0,1
2024-01-16 20:00:00,0,21,733,48,0,0.4,-1.4,0.9,0,0,0,0,0,1,0,0,1
2024-01-16 21:00:00,0,22,497,45,0,0.4,-1.4,0.9,0,0,0,0,0,1,0,0,1
2024-01-16 19:00:00,0,20,715,39,0,0.4,-1.4,0.9,0,0,0,0,0,1,0,0,1
2024-01-16 01:00:00,0,2,84,37,0,0.4,-1.4,0.9,0,0,0,0,0,1,0,0,1
2024-01-16 10:00:00,14,11,1128,208,0,0.4,-1.4,0.9,0,0,0,0,0,1,0,0,1
2024-01-16 14:00:00,20,15,1800,221,0,0.4,-1.4,0.9,0,0,0,0,0,1,0,0,1
2024-01-16 23:00:00,2,0,362,32,0,0.4,-1.4,0.9,0,0,0,0,0,1,0,0,1
2024-01-16 06:00:00,2,7,112,15,0,0.4,-1.4,0.9,0,0,0,0,0,1,0,0,1
2024-01-16 22:00:00,1,23,374,48,0,0.4,-1.4,0.9,0,0,0,0,0,1,0,0,1
2024-01-16 00:00:00,1,1,192,46,0,0.4,-1.4,0.9,0,0,0,0,0,1,0,0,1
2024-01-17 06:00:00,2,7,115,28,0,1.7,-3.8,0.0,0,0,0,0,0,0,1,0,1
2024-01-16 08:00:00,19,9,699,325,0,0.4,-1.4,0.9,0,0,0,0,0,1,0,0,1
2024-01-17 01:00:00,2,2,153,23,0,1.7,-3.8,0.0,0,0,0,0,0,0,1,0,1
2024-01-17 19:00:00,2,20,788,16,0,1.7,-3.8,0.0,0,0,0,0,0,0,1,0,1
2024-01-17 21:00:00,2,22,561,12,0,1.7,-3.8,0.0,0,0,0,0,0,0,1,0,1
2024-01-17 17:00:00,1,18,1537,33,0,1.7,-3.8,0.0,0,0,0,0,0,0,1,0,1
2024-01-17 00:00:00,1,1,225,21,0,1.7,-3.8,0.0,0,0,0,0,0,0,1,0,1
2024-01-17 22:00:00,1,23,419,19,0,1.7,-3.8,0.0,0,0,0,0,0,0,1,0,1
2024-01-17 20:00:00,1,21,665,14,0,1.7,-3.8,0.0,0,0,0,0,0,0,1,0,1
2024-01-16 12:00:00,13,13,2398,269,0,0.4,-1.4,0.9,0,0,0,0,0,1,0,0,1
2024-01-16 07:00:00,12,8,267,61,0,0.4,-1.4,0.9,0,0,0,0,0,1,0,0,1
2024-01-16 09:00:00,11,10,937,243,0,0.4,-1.4,0.9,0,0,0,0,0,1,0,0,1
2024-01-16 16:00:00,10,17,1185,69,0,0.4,-1.4,0.9,0,0,0,0,0,1,0,0,1
2024-01-16 17:00:00,6,18,1248,16,0,0.4,-1.4,0.9,0,0,0,0,0,1,0,0,1
2024-01-15 07:00:00,1,8,317,35,0,1.2,5.5,0.0,0,1,0,0,0,0,0,0,1
2024-01-15 01:00:00,1,2,126,21,0,1.2,5.5,0.0,0,1,0,0,0,0,0,0,1
2024-01-15 02:00:00,1,3,102,15,0,1.2,5.5,0.0,0,1,0,0,0,0,0,0,1
2024-01-15 05:00:00,1,6,110,12,0,1.2,5.5,0.0,0,1,0,0,0,0,0,0,1
2024-01-18 01:00:00,1,2,248,6,0,5.2,-3.2,0.0,0,0,0,0,1,0,0,0,1
2024-01-18 03:00:00,0,4,261,16,0,5.2,-3.2,0.0,0,0,0,0,1,0,0,0,1
2024-01-18 04:00:00,0,5,31,11,0,5.2,-3.2,0.0,0,0,0,0,1,0,0,0,1
2024-01-17 23:00:00,1,0,337,12,0,1.7,-3.8,0.0,0,0,0,0,0,0,1,0,1
2024-01-17 05:00:00,1,6,94,12,0,1.7,-3.8,0.0,0,0,0,0,0,0,1,0,1
2024-01-17 04:00:00,0,5,15,3,0,1.7,-3.8,0.0,0,0,0,0,0,0,1,0,1
2024-01-19 17:00:00,8,18,1672,7,0,8.7,5.5,1.2,1,0,0,0,0,0,0,0,1
2024-01-19 11:00:00,5,12,1883,227,0,8.7,5.5,1.2,1,0,0,0,0,0,0,0,1
2024-01-19 09:00:00,5,10,1021,198,0,8.7,5.5,1.2,1,0,0,0,0,0,0,0,1
2024-01-19 08:00:00,4,9,706,294,0,8.7,5.5,1.2,1,0,0,0,0,0,0,0,1
2024-01-19 05:00:00,4,6,94,26,0,8.7,5.5,1.2,1,0,0,0,0,0,0,0,1
2024-01-19 18:00:00,4,19,1300,24,0,8.7,5.5,1.2,1,0,0,0,0,0,0,0,1
2024-01-19 22:00:00,3,23,654,29,0,8.7,5.5,1.2,1,0,0,0,0,0,0,0,1
2024-01-19 23:00:00,2,0,587,47,0,8.7,5.5,1.2,1,0,0,0,0,0,0,0,1
2024-01-17 03:00:00,0,4,21,1,0,1.7,-3.8,0.0,0,0,0,0,0,0,1,0,1
2024-01-17 02:00:00,0,3,107,10,0,1.7,-3.8,0.0,0,0,0,0,0,0,1,0,1
2024-01-19 19:00:00,2,20,976,6,0,8.7,5.5,1.2,1,0,0,0,0,0,0,0,1
2024-01-18 15:00:00,7,16,1536,264,0,5.2,-3.2,0.0,0,0,0,0,1,0,0,0,1
2024-01-18 19:00:00,2,20,1036,59,0,5.2,-3.2,0.0,0,0,0,0,1,0,0,0,1
2024-01-19 06:00:00,1,7,118,34,0,8.7,5.5,1.2,1,0,0,0,0,0,0,0,1
2024-01-19 00:00:00,1,1,257,27,0,8.7,5.5,1.2,1,0,0,0,0,0,0,0,1
2024-01-19 21:00:00,1,22,652,6,0,8.7,5.5,1.2,1,0,0,0,0,0,0,0,1
2024-01-19 20:00:00,1,21,860,4,0,8.7,5.5,1.2,1,0,0,0,0,0,0,0,1
2024-01-19 03:00:00,1,4,50,3,0,8.7,5.5,1.2,1,0,0,0,0,0,0,0,1
2024-01-18 14:00:00,7,15,1591,226,0,5.2,-3.2,0.0,0,0,0,0,1,0,0,0,1
2024-01-18 22:00:00,2,23,474,56,0,5.2,-3.2,0.0,0,0,0,0,1,0,0,0,1
2024-01-18 23:00:00,2,0,312,37,0,5.2,-3.2,0.0,0,0,0,0,1,0,0,0,1
2024-01-18 11:00:00,7,12,1520,163,0,5.2,-3.2,0.0,0,0,0,0,1,0,0,0,1
2024-01-19 13:00:00,22,14,2500,248,0,8.7,5.5,1.2,1,0,0,0,0,0,0,0,1
2024-01-19 14:00:00,18,15,2072,245,0,8.7,5.5,1.2,1,0,0,0,0,0,0,0,1
2024-01-19 12:00:00,13,13,2488,263,0,8.7,5.5,1.2,1,0,0,0,0,0,0,0,1
2024-01-19 16:00:00,13,17,2073,155,0,8.7,5.5,1.2,1,0,0,0,0,0,0,0,1
2024-01-19 10:00:00,12,11,1683,196,0,8.7,5.5,1.2,1,0,0,0,0,0,0,0,1
2024-01-19 15:00:00,10,16,2180,320,0,8.7,5.5,1.2,1,0,0,0,0,0,0,0,1
2024-01-19 07:00:00,9,8,290,63,0,8.7,5.5,1.2,1,0,0,0,0,0,0,0,1
2024-01-18 17:00:00,5,18,1823,138,0,5.2,-3.2,0.0,0,0,0,0,1,0,0,0,1
2024-01-18 16:00:00,14,17,1958,220,0,5.2,-3.2,0.0,0,0,0,0,1,0,0,0,1
2024-01-18 10:00:00,12,11,1180,141,0,5.2,-3.2,0.0,0,0,0,0,1,0,0,0,1
2024-01-18 08:00:00,10,9,582,275,0,5.2,-3.2,0.0,0,0,0,0,1,0,0,0,1
2024-01-18 12:00:00,10,13,2220,225,0,5.2,-3.2,0.0,0,0,0,0,1,0,0,0,1
2024-01-18 09:00:00,9,10,786,206,0,5.2,-3.2,0.0,0,0,0,0,1,0,0,0,1
2024-01-18 13:00:00,8,14,2243,241,0,5.2,-3.2,0.0,0,0,0,0,1,0,0,0,1
2024-01-18 07:00:00,4,8,241,54,0,5.2,-3.2,0.0,0,0,0,0,1,0,0,0,1
2024-01-18 02:00:00,4,3,645,28,0,5.2,-3.2,0.0,0,0,0,0,1,0,0,0,1
2024-01-18 21:00:00,1,22,617,84,0,5.2,-3.2,0.0,0,0,0,0,1,0,0,0,1
2024-01-18 18:00:00,1,19,1384,62,0,5.2,-3.2,0.0,0,0,0,0,1,0,0,0,1
2024-01-18 20:00:00,1,21,726,30,0,5.2,-3.2,0.0,0,0,0,0,1,0,0,0,1
2024-01-18 05:00:00,1,6,79,27,0,5.2,-3.2,0.0,0,0,0,0,1,0,0,0,1
2024-01-18 06:00:00,3,7,122,32,0,5.2,-3.2,0.0,0,0,0,0,1,0,0,0,1
2024-01-18 00:00:00,3,1,282,11,0,5.2,-3.2,0.0,0,0,0,0,1,0,0,0,1
2024-01-20 06:00:00,0,7,109,30,0,11.6,5.5,1.0,0,0,1,0,0,0,0,0,1
2024-01-19 02:00:00,0,3,201,19,0,8.7,5.5,1.2,1,0,0,0,0,0,0,0,1
2024-01-19 01:00:00,0,2,168,19,0,8.7,5.5,1.2,1,0,0,0,0,0,0,0,1
2024-01-19 04:00:00,0,5,44,6,0,8.7,5.5,1.2,1,0,0,0,0,0,0,0,1
2024-01-21 17:00:00,4,18,661,7,0,6.2,5.5,10.0,0,0,0,1,0,0,0,0,1
2024-01-20 16:00:00,0,17,2043,25,0,11.6,5.5,1.0,0,0,1,0,0,0,0,0,1
2024-01-20 02:00:00,0,3,401,14,0,11.6,5.5,1.0,0,0,1,0,0,0,0,0,1
2024-01-20 04:00:00,0,5,21,11,0,11.6,5.5,1.0,0,0,1,0,0,0,0,0,1
2024-01-20 23:00:00,0,0,519,7,0,11.6,5.5,1.0,0,0,1,0,0,0,0,0,1
2024-01-21 16:00:00,2,17,1039,29,0,6.2,5.5,10.0,0,0,0,1,0,0,0,0,1
2024-01-21 08:00:00,2,9,140,26,0,6.2,5.5,10.0,0,0,0,1,0,0,0,0,1
2024-01-21 02:00:00,2,3,672,13,0,6.2,5.5,10.0,0,0,0,1,0,0,0,0,1
2024-01-21 04:00:00,2,5,107,10,0,6.2,5.5,10.0,0,0,0,1,0,0,0,0,1
2024-01-21 05:00:00,2,6,80,9,0,6.2,5.5,10.0,0,0,0,1,0,0,0,0,1
2024-01-21 19:00:00,2,20,485,7,0,6.2,5.5,10.0,0,0,0,1,0,0,0,0,1
2024-01-21 00:00:00,2,1,441,6,0,6.2,5.5,10.0,0,0,0,1,0,0,0,0,1
2024-01-21 18:00:00,2,19,560,2,0,6.2,5.5,10.0,0,0,0,1,0,0,0,0,1
2024-01-20 22:00:00,1,23,706,15,0,11.6,5.5,1.0,0,0,1,0,0,0,0,0,1
2024-01-20 05:00:00,1,6,109,6,0,11.6,5.5,1.0,0,0,1,0,0,0,0,0,1
2024-01-20 11:00:00,21,12,1934,220,0,11.6,5.5,1.0,0,0,1,0,0,0,0,0,1
2024-01-20 13:00:00,18,14,3563,257,0,11.6,5.5,1.0,0,0,1,0,0,0,0,0,1
2024-01-20 12:00:00,17,13,2927,261,0,11.6,5.5,1.0,0,0,1,0,0,0,0,0,1
2024-01-20 14:00:00,15,15,2240,19,0,11.6,5.5,1.0,0,0,1,0,0,0,0,0,1
2024-01-20 19:00:00,13,20,991,4,0,11.6,5.5,1.0,0,0,1,0,0,0,0,0,1
2024-01-20 10:00:00,10,11,1395,237,0,11.6,5.5,1.0,0,0,1,0,0,0,0,0,1
2024-01-20 17:00:00,10,18,1567,13,0,11.6,5.5,1.0,0,0,1,0,0,0,0,0,1
2024-01-20 15:00:00,10,16,2352,9,0,11.6,5.5,1.0,0,0,1,0,0,0,0,0,1
2024-01-20 18:00:00,10,19,1371,9,0,11.6,5.5,1.0,0,0,1,0,0,0,0,0,1
2024-01-20 09:00:00,6,10,888,159,0,11.6,5.5,1.0,0,0,1,0,0,0,0,0,1
2024-01-21 14:00:00,13,15,1663,189,0,6.2,5.5,10.0,0,0,0,1,0,0,0,0,1
2024-01-21 12:00:00,13,13,1308,156,0,6.2,5.5,10.0,0,0,0,1,0,0,0,0,1
2024-01-21 09:00:00,11,10,246,77,0,6.2,5.5,10.0,0,0,0,1,0,0,0,0,1
2024-01-21 13:00:00,10,14,1680,157,0,6.2,5.5,10.0,0,0,0,1,0,0,0,0,1
2024-01-21 10:00:00,10,11,538,143,0,6.2,5.5,10.0,0,0,0,1,0,0,0,0,1
2024-01-21 11:00:00,7,12,836,125,0,6.2,5.5,10.0,0,0,0,1,0,0,0,0,1
2024-01-21 15:00:00,5,16,1133,109,0,6.2,5.5,10.0,0,0,0,1,0,0,0,0,1
2024-01-21 03:00:00,5,4,560,11,0,6.2,5.5,10.0,0,0,0,1,0,0,0,0,1
2024-01-20 07:00:00,5,8,194,42,0,11.6,5.5,1.0,0,0,1,0,0,0,0,0,1
2024-01-21 22:00:00,0,23,318,29,0,6.2,5.5,10.0,0,0,0,1,0,0,0,0,1
2024-01-20 00:00:00,3,1,488,34,0,11.6,5.5,1.0,0,0,1,0,0,0,0,0,1
2024-01-20 03:00:00,3,4,348,20,0,11.6,5.5,1.0,0,0,1,0,0,0,0,0,1
2024-01-20 08:00:00,2,9,378,82,0,11.6,5.5,1.0,0,0,1,0,0,0,0,0,1
2024-01-20 01:00:00,2,2,374,23,0,11.6,5.5,1.0,0,0,1,0,0,0,0,0,1
2024-01-20 21:00:00,2,22,835,17,0,11.6,5.5,1.0,0,0,1,0,0,0,0,0,1
2024-01-20 20:00:00,2,21,1020,15,0,11.6,5.5,1.0,0,0,1,0,0,0,0,0,1
2024-01-22 02:00:00,0,3,112,11,0,12.0,4.7,3.2,0,1,0,0,0,0,0,0,1
2024-01-22 20:00:00,0,21,380,6,0,12.0,4.7,3.2,0,1,0,0,0,0,0,0,1
2024-01-22 10:00:00,14,11,975,16,0,12.0,4.7,3.2,0,1,0,0,0,0,0,0,1
2024-01-22 21:00:00,0,22,360,3,0,12.0,4.7,3.2,0,1,0,0,0,0,0,0,1
2024-01-22 03:00:00,0,4,20,3,0,12.0,4.7,3.2,0,1,0,0,0,0,0,0,1
2024-01-22 09:00:00,13,10,791,147,0,12.0,4.7,3.2,0,1,0,0,0,0,0,0,1
2024-01-23 15:00:00,25,16,1530,225,0,10.3,4.7,12.3,0,0,0,0,0,1,0,0,1
2024-01-23 14:00:00,11,15,1655,186,0,10.3,4.7,12.3,0,0,0,0,0,1,0,0,1
2024-01-23 09:00:00,10,10,912,207,0,10.3,4.7,12.3,0,0,0,0,0,1,0,0,1
2024-01-23 16:00:00,10,17,1429,157,0,10.3,4.7,12.3,0,0,0,0,0,1,0,0,1
2024-01-22 13:00:00,9,14,1564,44,0,12.0,4.7,3.2,0,1,0,0,0,0,0,0,1
2024-01-23 12:00:00,9,13,1823,242,0,10.3,4.7,12.3,0,0,0,0,0,1,0,0,1
2024-01-22 07:00:00,8,8,217,57,0,12.0,4.7,3.2,0,1,0,0,0,0,0,0,1
2024-01-23 18:00:00,2,19,801,148,0,10.3,4.7,12.3,0,0,0,0,0,1,0,0,1
2024-01-22 12:00:00,8,13,1489,6,0,12.0,4.7,3.2,0,1,0,0,0,0,0,0,1
2024-01-22 00:00:00,0,1,241,26,0,12.0,4.7,3.2,0,1,0,0,0,0,0,0,1
2024-01-22 06:00:00,0,7,104,17,0,12.0,4.7,3.2,0,1,0,0,0,0,0,0,1
2024-01-22 01:00:00,0,2,84,15,0,12.0,4.7,3.2,0,1,0,0,0,0,0,0,1
2024-01-22 17:00:00,7,18,821,12,0,12.0,4.7,3.2,0,1,0,0,0,0,0,0,1
2024-01-23 20:00:00,0,21,438,79,0,10.3,4.7,12.3,0,0,0,0,0,1,0,0,1
2024-01-22 05:00:00,1,6,93,14,0,12.0,4.7,3.2,0,1,0,0,0,0,0,0,1
2024-01-22 19:00:00,1,20,341,7,0,12.0,4.7,3.2,0,1,0,0,0,0,0,0,1
2024-01-22 22:00:00,1,23,412,6,0,12.0,4.7,3.2,0,1,0,0,0,0,0,0,1
2024-01-22 04:00:00,1,5,47,4,0,12.0,4.7,3.2,0,1,0,0,0,0,0,0,1
2024-01-23 00:00:00,2,1,178,48,0,10.3,4.7,12.3,0,0,0,0,0,1,0,0,1
2024-01-23 11:00:00,6,12,1560,185,0,10.3,4.7,12.3,0,0,0,0,0,1,0,0,1
2024-01-23 17:00:00,6,18,1403,157,0,10.3,4.7,12.3,0,0,0,0,0,1,0,0,1
2024-01-22 16:00:00,6,17,1189,3,0,12.0,4.7,3.2,0,1,0,0,0,0,0,0,1
2024-01-21 23:00:00,0,0,218,22,0,6.2,5.5,10.0,0,0,0,1,0,0,0,0,1
2024-01-21 07:00:00,0,8,85,20,0,6.2,5.5,10.0,0,0,0,1,0,0,0,0,1
2024-01-22 08:00:00,5,9,778,274,0,12.0,4.7,3.2,0,1,0,0,0,0,0,0,1
2024-01-22 23:00:00,5,0,236,36,0,12.0,4.7,3.2,0,1,0,0,0,0,0,0,1
2024-01-23 08:00:00,1,9,702,200,0,10.3,4.7,12.3,0,0,0,0,0,1,0,0,1
2024-01-21 01:00:00,0,2,485,9,0,6.2,5.5,10.0,0,0,0,1,0,0,0,0,1
2024-01-22 18:00:00,5,19,611,8,0,12.0,4.7,3.2,0,1,0,0,0,0,0,0,1
2024-01-21 06:00:00,0,7,46,9,0,6.2,5.5,10.0,0,0,0,1,0,0,0,0,1
2024-01-23 10:00:00,4,11,1182,222,0,10.3,4.7,12.3,0,0,0,0,0,1,0,0,1
2024-01-23 19:00:00,1,20,633,97,0,10.3,4.7,12.3,0,0,0,0,0,1,0,0,1
2024-01-23 02:00:00,0,3,137,28,0,10.3,4.7,12.3,0,0,0,0,0,1,0,0,1
2024-01-23 01:00:00,0,2,166,26,0,10.3,4.7,12.3,0,0,0,0,0,1,0,0,1
2024-01-23 21:00:00,1,22,363,77,0,10.3,4.7,12.3,0,0,0,0,0,1,0,0,1
2024-01-23 05:00:00,0,6,74,7,0,10.3,4.7,12.3,0,0,0,0,0,1,0,0,1
2024-01-22 11:00:00,4,12,1209,10,0,12.0,4.7,3.2,0,1,0,0,0,0,0,0,1
2024-01-21 20:00:00,0,21,304,2,0,6.2,5.5,10.0,0,0,0,1,0,0,0,0,1
2024-01-21 21:00:00,0,22,288,2,0,6.2,5.5,10.0,0,0,0,1,0,0,0,0,1
2024-01-23 13:00:00,3,14,1924,157,0,10.3,4.7,12.3,0,0,0,0,0,1,0,0,1
2024-01-23 07:00:00,3,8,224,64,0,10.3,4.7,12.3,0,0,0,0,0,1,0,0,1
2024-01-23 06:00:00,3,7,116,18,0,10.3,4.7,12.3,0,0,0,0,0,1,0,0,1
2024-01-23 22:00:00,3,23,279,5,0,10.3,4.7,12.3,0,0,0,0,0,1,0,0,1
2024-01-22 14:00:00,16,15,1560,189,0,12.0,4.7,3.2,0,1,0,0,0,0,0,0,1
2024-01-22 15:00:00,15,16,1263,151,0,12.0,4.7,3.2,0,1,0,0,0,0,0,0,1
2024-01-23 23:00:00,1,0,162,11,0,10.3,4.7,12.3,0,0,0,0,0,1,0,0,1
2024-01-23 04:00:00,1,5,16,10,0,10.3,4.7,12.3,0,0,0,0,0,1,0,0,1
2024-01-25 09:00:00,11,10,1010,191,0,8.5,3.2,4.6,0,0,0,0,1,0,0,0,1
2024-01-25 12:00:00,10,13,2221,209,0,8.5,3.2,4.6,0,0,0,0,1,0,0,0,1
2024-01-25 14:00:00,9,15,1875,141,0,8.5,3.2,4.6,0,0,0,0,1,0,0,0,1
2024-01-25 10:00:00,7,11,1309,238,0,8.5,3.2,4.6,0,0,0,0,1,0,0,0,1
2024-01-25 13:00:00,7,14,1987,127,0,8.5,3.2,4.6,0,0,0,0,1,0,0,0,1
2024-01-25 20:00:00,7,21,598,5,0,8.5,3.2,4.6,0,0,0,0,1,0,0,0,1
2024-01-25 19:00:00,7,20,643,2,0,8.5,3.2,4.6,0,0,0,0,1,0,0,0,1
2024-01-25 15:00:00,6,16,1938,279,0,8.5,3.2,4.6,0,0,0,0,1,0,0,0,1
2024-01-25 06:00:00,5,7,149,31,0,8.5,3.2,4.6,0,0,0,0,1,0,0,0,1
2024-01-25 01:00:00,5,2,309,28,0,8.5,3.2,4.6,0,0,0,0,1,0,0,0,1
2024-01-25 05:00:00,5,6,66,14,0,8.5,3.2,4.6,0,0,0,0,1,0,0,0,1
2024-01-24 03:00:00,1,4,39,1,0,10.7,5.5,0.0,0,0,0,0,0,0,1,0,1
2024-01-24 07:00:00,5,8,252,45,0,10.7,5.5,0.0,0,0,0,0,0,0,1,0,1
2024-01-24 22:00:00,5,23,450,32,0,10.7,5.5,0.0,0,0,0,0,0,0,1,0,1
2024-01-24 23:00:00,5,0,269,23,0,10.7,5.5,0.0,0,0,0,0,0,0,1,0,1
2024-01-23 03:00:00,0,4,40,2,0,10.3,4.7,12.3,0,0,0,0,0,1,0,0,1
2024-01-24 12:00:00,58,13,2317,232,0,10.7,5.5,0.0,0,0,0,0,0,0,1,0,1
2024-01-24 13:00:00,56,14,2669,237,0,10.7,5.5,0.0,0,0,0,0,0,0,1,0,1
2024-01-24 16:00:00,43,17,1990,275,0,10.7,5.5,0.0,0,0,0,0,0,0,1,0,1
2024-01-24 15:00:00,39,16,1944,288,0,10.7,5.5,0.0,0,0,0,0,0,0,1,0,1
2024-01-24 14:00:00,36,15,2031,223,0,10.7,5.5,0.0,0,0,0,0,0,0,1,0,1
2024-01-24 11:00:00,35,12,1755,194,0,10.7,5.5,0.0,0,0,0,0,0,0,1,0,1
2024-01-24 10:00:00,29,11,1163,173,0,10.7,5.5,0.0,0,0,0,0,0,0,1,0,1
2024-01-24 09:00:00,26,10,905,199,0,10.7,5.5,0.0,0,0,0,0,0,0,1,0,1
2024-01-24 21:00:00,19,22,606,29,0,10.7,5.5,0.0,0,0,0,0,0,0,1,0,1
2024-01-24 17:00:00,9,18,1536,55,0,10.7,5.5,0.0,0,0,0,0,0,0,1,0,1
2024-01-24 08:00:00,8,9,665,299,0,10.7,5.5,0.0,0,0,0,0,0,0,1,0,1
2024-01-24 19:00:00,8,20,813,23,0,10.7,5.5,0.0,0,0,0,0,0,0,1,0,1
2024-01-24 06:00:00,8,7,132,14,0,10.7,5.5,0.0,0,0,0,0,0,0,1,0,1
2024-01-24 20:00:00,6,21,702,18,0,10.7,5.5,0.0,0,0,0,0,0,0,1,0,1
2024-01-25 07:00:00,3,8,235,53,0,8.5,3.2,4.6,0,0,0,0,1,0,0,0,1
2024-01-25 17:00:00,3,18,1200,41,0,8.5,3.2,4.6,0,0,0,0,1,0,0,0,1
2024-01-25 08:00:00,24,9,717,323,0,8.5,3.2,4.6,0,0,0,0,1,0,0,0,1
2024-01-25 00:00:00,3,1,286,24,0,8.5,3.2,4.6,0,0,0,0,1,0,0,0,1
2024-01-25 04:00:00,3,5,13,7,0,8.5,3.2,4.6,0,0,0,0,1,0,0,0,1
2024-01-25 22:00:00,2,23,443,12,0,8.5,3.2,4.6,0,0,0,0,1,0,0,0,1
2024-01-24 00:00:00,0,1,183,5,0,10.7,5.5,0.0,0,0,0,0,0,0,1,0,1
2024-01-25 02:00:00,17,3,531,23,0,8.5,3.2,4.6,0,0,0,0,1,0,0,0,1
2024-01-24 05:00:00,3,6,76,2,0,10.7,5.5,0.0,0,0,0,0,0,0,1,0,1
2024-01-24 01:00:00,3,2,82,1,0,10.7,5.5,0.0,0,0,0,0,0,0,1,0,1
2024-01-25 03:00:00,16,4,138,12,0,8.5,3.2,4.6,0,0,0,0,1,0,0,0,1
2024-01-25 11:00:00,14,12,1681,214,0,8.5,3.2,4.6,0,0,0,0,1,0,0,0,1
2024-01-25 16:00:00,12,17,1737,267,0,8.5,3.2,4.6,0,0,0,0,1,0,0,0,1
2024-01-25 18:00:00,12,19,838,28,0,8.5,3.2,4.6,0,0,0,0,1,0,0,0,1
2024-01-25 21:00:00,12,22,463,4,0,8.5,3.2,4.6,0,0,0,0,1,0,0,0,1
2024-01-24 02:00:00,2,3,99,5,0,10.7,5.5,0.0,0,0,0,0,0,0,1,0,1
2024-01-24 18:00:00,1,19,709,9,0,10.7,5.5,0.0,0,0,0,0,0,0,1,0,1
2024-01-24 04:00:00,1,5,13,5,0,10.7,5.5,0.0,0,0,0,0,0,0,1,0,1
2024-01-25 23:00:00,0,0,281,2,0,8.5,3.2,4.6,0,0,0,0,1,0,0,0,1
2024-01-26 13:00:00,54,14,3243,269,0,9.7,5.5,0.0,1,0,0,0,0,0,0,0,1
2024-01-26 12:00:00,39,13,2684,243,0,9.7,5.5,0.0,1,0,0,0,0,0,0,0,1
2024-01-26 10:00:00,32,11,1494,238,0,9.7,5.5,0.0,1,0,0,0,0,0,0,0,1
2024-01-26 14:00:00,29,15,2441,262,0,9.7,5.5,0.0,1,0,0,0,0,0,0,0,1
2024-01-26 11:00:00,27,12,2194,220,0,9.7,5.5,0.0,1,0,0,0,0,0,0,0,1
2024-01-26 09:00:00,26,10,1191,154,0,9.7,5.5,0.0,1,0,0,0,0,0,0,0,1
2024-01-26 15:00:00,25,16,2786,318,0,9.7,5.5,0.0,1,0,0,0,0,0,0,0,1
2024-01-26 16:00:00,25,17,2591,196,0,9.7,5.5,0.0,1,0,0,0,0,0,0,0,1
2024-01-26 19:00:00,20,20,1215,37,0,9.7,5.5,0.0,1,0,0,0,0,0,0,0,1
2024-01-26 18:00:00,17,19,1389,38,0,9.7,5.5,0.0,1,0,0,0,0,0,0,0,1
2024-01-26 20:00:00,13,21,1025,49,0,9.7,5.5,0.0,1,0,0,0,0,0,0,0,1
2024-01-26 21:00:00,13,22,881,23,0,9.7,5.5,0.0,1,0,0,0,0,0,0,0,1
2024-01-27 20:00:00,1,21,1223,35,0,11.3,5.5,0.0,0,0,1,0,0,0,0,0,1
2024-01-27 13:00:00,20,14,3254,167,0,11.3,5.5,0.0,0,0,1,0,0,0,0,0,1
2024-01-27 07:00:00,1,8,183,31,0,11.3,5.5,0.0,0,0,1,0,0,0,0,0,1
2024-01-27 23:00:00,20,0,766,96,0,11.3,5.5,0.0,0,0,1,0,0,0,0,0,1
2024-01-28 13:00:00,57,14,2680,196,0,5.7,5.5,0.0,0,0,0,1,0,0,0,0,1
2024-01-28 14:00:00,49,15,2647,177,0,5.7,5.5,0.0,0,0,0,1,0,0,0,0,1
2024-01-28 12:00:00,46,13,1981,181,0,5.7,5.5,0.0,0,0,0,1,0,0,0,0,1
2024-01-27 06:00:00,5,7,118,12,0,11.3,5.5,0.0,0,0,1,0,0,0,0,0,1
2024-01-26 08:00:00,2,9,789,140,0,9.7,5.5,0.0,1,0,0,0,0,0,0,0,1
2024-01-28 11:00:00,36,12,1576,153,0,5.7,5.5,0.0,0,0,0,1,0,0,0,0,1
2024-01-27 08:00:00,4,9,321,84,0,11.3,5.5,0.0,0,0,1,0,0,0,0,0,1
2024-01-27 17:00:00,4,18,1782,32,0,11.3,5.5,0.0,0,0,1,0,0,0,0,0,1
2024-01-27 18:00:00,4,19,2222,7,0,11.3,5.5,0.0,0,0,1,0,0,0,0,0,1
2024-01-27 00:00:00,3,1,574,35,0,11.3,5.5,0.0,0,0,1,0,0,0,0,0,1
2024-01-27 01:00:00,3,2,530,35,0,11.3,5.5,0.0,0,0,1,0,0,0,0,0,1
2024-01-27 22:00:00,2,23,916,94,0,11.3,5.5,0.0,0,0,1,0,0,0,0,0,1
2024-01-27 15:00:00,14,16,2035,45,0,11.3,5.5,0.0,0,0,1,0,0,0,0,0,1
2024-01-27 16:00:00,9,17,2132,65,0,11.3,5.5,0.0,0,0,1,0,0,0,0,0,1
2024-01-27 21:00:00,9,22,1043,42,0,11.3,5.5,0.0,0,0,1,0,0,0,0,0,1
2024-01-27 19:00:00,8,20,1505,19,0,11.3,5.5,0.0,0,0,1,0,0,0,0,0,1
2024-01-27 02:00:00,7,3,796,34,0,11.3,5.5,0.0,0,0,1,0,0,0,0,0,1
2024-01-27 14:00:00,7,15,2879,23,0,11.3,5.5,0.0,0,0,1,0,0,0,0,0,1
2024-01-27 03:00:00,6,4,497,22,0,11.3,5.5,0.0,0,0,1,0,0,0,0,0,1
2024-01-27 04:00:00,6,5,59,4,0,11.3,5.5,0.0,0,0,1,0,0,0,0,0,1
2024-01-27 05:00:00,6,6,101,2,0,11.3,5.5,0.0,0,0,1,0,0,0,0,0,1
2024-01-28 15:00:00,31,16,2203,212,0,5.7,5.5,0.0,0,0,0,1,0,0,0,0,1
2024-01-28 10:00:00,31,11,701,140,0,5.7,5.5,0.0,0,0,0,1,0,0,0,0,1
2024-01-28 16:00:00,16,17,1734,158,0,5.7,5.5,0.0,0,0,0,1,0,0,0,0,1
2024-01-26 17:00:00,7,18,1848,64,0,9.7,5.5,0.0,1,0,0,0,0,0,0,0,1
2024-01-26 06:00:00,1,7,134,20,0,9.7,5.5,0.0,1,0,0,0,0,0,0,0,1
2024-01-26 02:00:00,1,3,147,9,0,9.7,5.5,0.0,1,0,0,0,0,0,0,0,1
2024-01-26 22:00:00,6,23,917,40,0,9.7,5.5,0.0,1,0,0,0,0,0,0,0,1
2024-01-26 03:00:00,6,4,65,1,0,9.7,5.5,0.0,1,0,0,0,0,0,0,0,1
2024-01-26 05:00:00,1,6,102,7,0,9.7,5.5,0.0,1,0,0,0,0,0,0,0,1
2024-01-26 23:00:00,5,0,563,54,0,9.7,5.5,0.0,1,0,0,0,0,0,0,0,1
2024-01-26 07:00:00,4,8,335,51,0,9.7,5.5,0.0,1,0,0,0,0,0,0,0,1
2024-01-26 01:00:00,0,2,101,7,0,9.7,5.5,0.0,1,0,0,0,0,0,0,0,1
2024-01-26 00:00:00,0,1,196,3,0,9.7,5.5,0.0,1,0,0,0,0,0,0,0,1
2024-01-26 04:00:00,0,5,9,1,0,9.7,5.5,0.0,1,0,0,0,0,0,0,0,1
2024-01-27 11:00:00,53,12,1868,120,0,11.3,5.5,0.0,0,0,1,0,0,0,0,0,1
2024-01-27 10:00:00,37,11,1422,150,0,11.3,5.5,0.0,0,0,1,0,0,0,0,0,1
2024-01-27 09:00:00,26,10,733,164,0,11.3,5.5,0.0,0,0,1,0,0,0,0,0,1
2024-01-27 12:00:00,24,13,1693,9,0,11.3,5.5,0.0,0,0,1,0,0,0,0,0,1
2024-01-28 05:00:00,0,6,70,4,0,5.7,5.5,0.0,0,0,0,1,0,0,0,0,1
2024-01-29 09:00:00,35,10,895,206,0,7.4,5.5,0.0,0,1,0,0,0,0,0,0,1
2024-01-29 10:00:00,25,11,1370,217,0,7.4,5.5,0.0,0,1,0,0,0,0,0,0,1
2024-01-29 12:00:00,25,13,2153,143,0,7.4,5.5,0.0,0,1,0,0,0,0,0,0,1
2024-01-29 00:00:00,2,1,223,25,0,7.4,5.5,0.0,0,1,0,0,0,0,0,0,1
2024-01-28 00:00:00,11,1,673,40,0,5.7,5.5,0.0,0,0,0,1,0,0,0,0,1
2024-01-28 09:00:00,10,10,341,69,0,5.7,5.5,0.0,0,0,0,1,0,0,0,0,1
2024-01-28 02:00:00,10,3,662,44,0,5.7,5.5,0.0,0,0,0,1,0,0,0,0,1
2024-01-28 17:00:00,9,18,1637,77,0,5.7,5.5,0.0,0,0,0,1,0,0,0,0,1
2024-01-28 19:00:00,8,20,899,33,0,5.7,5.5,0.0,0,0,0,1,0,0,0,0,1
2024-01-28 01:00:00,7,2,731,51,0,5.7,5.5,0.0,0,0,0,1,0,0,0,0,1
2024-01-28 18:00:00,6,19,1527,27,0,5.7,5.5,0.0,0,0,0,1,0,0,0,0,1
2024-01-28 03:00:00,5,4,623,38,0,5.7,5.5,0.0,0,0,0,1,0,0,0,0,1
2024-01-28 20:00:00,4,21,784,35,0,5.7,5.5,0.0,0,0,0,1,0,0,0,0,1
2024-01-28 08:00:00,4,9,246,30,0,5.7,5.5,0.0,0,0,0,1,0,0,0,0,1
2024-01-30 11:00:00,17,12,1454,178,0,8.7,5.5,0.0,0,0,0,0,0,1,0,0,1
2024-01-30 12:00:00,16,13,2755,264,0,8.7,5.5,0.0,0,0,0,0,0,1,0,0,1
2024-01-30 09:00:00,14,10,1069,226,0,8.7,5.5,0.0,0,0,0,0,0,1,0,0,1
2024-01-30 16:00:00,13,17,1948,87,0,8.7,5.5,0.0,0,0,0,0,0,1,0,0,1
2024-01-30 18:00:00,12,19,1282,109,0,8.7,5.5,0.0,0,0,0,0,0,1,0,0,1
2024-01-30 15:00:00,12,16,1267,54,0,8.7,5.5,0.0,0,0,0,0,0,1,0,0,1
2024-01-30 17:00:00,12,18,1203,39,0,8.7,5.5,0.0,0,0,0,0,0,1,0,0,1
2024-01-30 20:00:00,9,21,638,54,0,8.7,5.5,0.0,0,0,0,0,0,1,0,0,1
2024-01-30 19:00:00,9,20,881,44,0,8.7,5.5,0.0,0,0,0,0,0,1,0,0,1
2024-01-30 07:00:00,8,8,305,54,0,8.7,5.5,0.0,0,0,0,0,0,1,0,0,1
2024-01-30 06:00:00,7,7,138,24,0,8.7,5.5,0.0,0,0,0,0,0,1,0,0,1
2024-01-29 06:00:00,2,7,147,18,0,7.4,5.5,0.0,0,1,0,0,0,0,0,0,1
2024-01-28 07:00:00,3,8,230,25,0,5.7,5.5,0.0,0,0,0,1,0,0,0,0,1
2024-01-29 22:00:00,0,23,446,13,0,7.4,5.5,0.0,0,1,0,0,0,0,0,0,1
2024-01-28 06:00:00,3,7,91,9,0,5.7,5.5,0.0,0,0,0,1,0,0,0,0,1
2024-01-28 04:00:00,3,5,40,5,0,5.7,5.5,0.0,0,0,0,1,0,0,0,0,1
2024-01-29 11:00:00,18,12,1455,166,0,7.4,5.5,0.0,0,1,0,0,0,0,0,0,1
2024-01-29 04:00:00,0,5,16,8,0,7.4,5.5,0.0,0,1,0,0,0,0,0,0,1
2024-01-29 23:00:00,0,0,296,6,0,7.4,5.5,0.0,0,1,0,0,0,0,0,0,1
2024-01-29 15:00:00,17,16,1561,193,0,7.4,5.5,0.0,0,1,0,0,0,0,0,0,1
2024-01-29 01:00:00,1,2,107,27,0,7.4,5.5,0.0,0,1,0,0,0,0,0,0,1
2024-01-29 13:00:00,16,14,2325,101,0,7.4,5.5,0.0,0,1,0,0,0,0,0,0,1
2024-01-28 21:00:00,2,22,588,61,0,5.7,5.5,0.0,0,0,0,1,0,0,0,0,1
2024-01-29 17:00:00,5,18,1522,52,0,7.4,5.5,0.0,0,1,0,0,0,0,0,0,1
2024-01-30 14:00:00,32,15,1993,254,0,8.7,5.5,0.0,0,0,0,0,0,1,0,0,1
2024-01-30 13:00:00,32,14,3077,236,0,8.7,5.5,0.0,0,0,0,0,0,1,0,0,1
2024-01-30 10:00:00,23,11,1094,205,0,8.7,5.5,0.0,0,0,0,0,0,1,0,0,1
2024-01-30 08:00:00,21,9,933,318,0,8.7,5.5,0.0,0,0,0,0,0,1,0,0,1
2024-01-29 21:00:00,5,22,502,26,0,7.4,5.5,0.0,0,1,0,0,0,0,0,0,1
2024-01-29 18:00:00,5,19,1016,18,0,7.4,5.5,0.0,0,1,0,0,0,0,0,0,1
2024-01-29 20:00:00,4,21,601,40,0,7.4,5.5,0.0,0,1,0,0,0,0,0,0,1
2024-01-29 19:00:00,4,20,848,25,0,7.4,5.5,0.0,0,1,0,0,0,0,0,0,1
2024-01-29 07:00:00,4,8,271,23,0,7.4,5.5,0.0,0,1,0,0,0,0,0,0,1
2024-01-29 05:00:00,4,6,93,14,0,7.4,5.5,0.0,0,1,0,0,0,0,0,0,1
2024-01-29 03:00:00,3,4,23,4,0,7.4,5.5,0.0,0,1,0,0,0,0,0,0,1
2024-01-29 14:00:00,13,15,1799,139,0,7.4,5.5,0.0,0,1,0,0,0,0,0,0,1
2024-01-29 08:00:00,10,9,699,158,0,7.4,5.5,0.0,0,1,0,0,0,0,0,0,1
2024-01-29 16:00:00,10,17,2017,99,0,7.4,5.5,0.0,0,1,0,0,0,0,0,0,1
2024-01-28 22:00:00,2,23,380,43,0,5.7,5.5,0.0,0,0,0,1,0,0,0,0,1
2024-01-28 23:00:00,1,0,303,33,0,5.7,5.5,0.0,0,0,0,1,0,0,0,0,1
2024-01-29 02:00:00,1,3,108,5,0,7.4,5.5,0.0,0,1,0,0,0,0,0,0,1
2024-01-31 00:00:00,0,1,284,24,0,11.2,5.5,2.1,0,0,0,0,0,0,1,0,1
2024-01-31 04:00:00,0,5,18,5,0,11.2,5.5,2.1,0,0,0,0,0,0,1,0,1
2024-01-30 03:00:00,0,4,75,8,0,8.7,5.5,0.0,0,0,0,0,0,1,0,0,1
2024-01-30 21:00:00,1,22,562,45,0,8.7,5.5,0.0,0,0,0,0,0,1,0,0,1
2024-01-31 13:00:00,10,14,2568,156,0,11.2,5.5,2.1,0,0,0,0,0,0,1,0,1
2024-01-30 22:00:00,1,23,471,44,0,8.7,5.5,0.0,0,0,0,0,0,1,0,0,1
2024-01-30 04:00:00,0,5,22,3,0,8.7,5.5,0.0,0,0,0,0,0,1,0,0,1
2024-01-31 12:00:00,2,13,2229,122,0,11.2,5.5,2.1,0,0,0,0,0,0,1,0,1
2024-01-31 16:00:00,9,17,1388,9,0,11.2,5.5,2.1,0,0,0,0,0,0,1,0,1
2024-01-31 23:00:00,1,0,483,48,0,11.2,5.5,2.1,0,0,0,0,0,0,1,0,1
2024-01-31 01:00:00,1,2,180,32,0,11.2,5.5,2.1,0,0,0,0,0,0,1,0,1
2024-01-31 06:00:00,1,7,134,25,0,11.2,5.5,2.1,0,0,0,0,0,0,1,0,1
2024-01-31 02:00:00,1,3,166,12,0,11.2,5.5,2.1,0,0,0,0,0,0,1,0,1
2024-01-31 05:00:00,1,6,71,6,0,11.2,5.5,2.1,0,0,0,0,0,0,1,0,1
2024-01-31 03:00:00,1,4,30,4,0,11.2,5.5,2.1,0,0,0,0,0,0,1,0,1
2024-01-30 01:00:00,0,2,148,10,0,8.7,5.5,0.0,0,0,0,0,0,1,0,0,1
2024-01-31 10:00:00,23,11,1174,246,0,11.2,5.5,2.1,0,0,0,0,0,0,1,0,1
2024-01-31 09:00:00,20,10,815,211,0,11.2,5.5,2.1,0,0,0,0,0,0,1,0,1
2024-01-31 15:00:00,20,16,1307,42,0,11.2,5.5,2.1,0,0,0,0,0,0,1,0,1
2024-01-31 21:00:00,7,22,902,48,0,11.2,5.5,2.1,0,0,0,0,0,0,1,0,1
2024-01-31 14:00:00,18,15,1736,251,0,11.2,5.5,2.1,0,0,0,0,0,0,1,0,1
2024-01-31 20:00:00,6,21,1074,88,0,11.2,5.5,2.1,0,0,0,0,0,0,1,0,1
2024-01-31 07:00:00,6,8,283,51,0,11.2,5.5,2.1,0,0,0,0,0,0,1,0,1
2024-01-31 22:00:00,5,23,753,51,0,11.2,5.5,2.1,0,0,0,0,0,0,1,0,1
2024-01-31 11:00:00,4,12,1592,156,0,11.2,5.5,2.1,0,0,0,0,0,0,1,0,1
2024-01-31 19:00:00,4,20,956,61,0,11.2,5.5,2.1,0,0,0,0,0,0,1,0,1
2024-01-31 18:00:00,3,19,1376,40,0,11.2,5.5,2.1,0,0,0,0,0,0,1,0,1
2024-01-31 08:00:00,13,9,685,226,0,11.2,5.5,2.1,0,0,0,0,0,0,1,0,1
2024-01-31 17:00:00,11,18,1688,33,0,11.2,5.5,2.1,0,0,0,0,0,0,1,0,1
2024-01-30 00:00:00,4,1,227,11,0,8.7,5.5,0.0,0,0,0,0,0,1,0,0,1
2024-01-30 23:00:00,2,0,318,33,0,8.7,5.5,0.0,0,0,0,0,0,1,0,0,1
2024-01-30 02:00:00,2,3,54,10,0,8.7,5.5,0.0,0,0,0,0,0,1,0,0,1
2024-01-30 05:00:00,2,6,88,9,0,8.7,5.5,0.0,0,0,0,0,0,1,0,0,1
2023-11-02 23:00:00,2,0,374,17,0,12.7,3.2,0.3,0,0,0,0,1,0,0,0,1
2023-11-01 01:00:00,2,2,1073,38,0,10.0,4.0,7.7,0,0,0,0,0,0,1,0,1
2023-11-02 04:00:00,2,5,35,9,0,12.7,3.2,0.3,0,0,0,0,1,0,0,0,1
2023-11-01 06:00:00,2,7,102,10,0,10.0,4.0,7.7,0,0,0,0,0,0,1,0,1
2023-11-01 20:00:00,2,21,490,8,0,10.0,4.0,7.7,0,0,0,0,0,0,1,0,1
2023-11-01 21:00:00,2,22,680,4,0,10.0,4.0,7.7,0,0,0,0,0,0,1,0,1
2023-11-02 00:00:00,1,1,350,36,0,12.7,3.2,0.3,0,0,0,0,1,0,0,0,1
2023-11-02 20:00:00,1,21,569,25,0,12.7,3.2,0.3,0,0,0,0,1,0,0,0,1
2023-11-02 02:00:00,1,3,280,20,0,12.7,3.2,0.3,0,0,0,0,1,0,0,0,1
2023-11-02 22:00:00,1,23,142,0,0,12.7,3.2,0.3,0,0,0,0,1,0,0,0,1
2023-11-01 23:00:00,1,0,574,51,0,10.0,4.0,7.7,0,0,0,0,0,0,1,0,1
2023-11-01 05:00:00,1,6,114,10,0,10.0,4.0,7.7,0,0,0,0,0,0,1,0,1
2023-11-01 19:00:00,18,20,721,9,0,10.0,4.0,7.7,0,0,0,0,0,0,1,0,1
2023-11-01 18:00:00,17,19,814,12,0,10.0,4.0,7.7,0,0,0,0,0,0,1,0,1
2023-11-01 15:00:00,14,16,1304,91,0,10.0,4.0,7.7,0,0,0,0,0,0,1,0,1
2023-11-01 13:00:00,13,14,1708,67,0,10.0,4.0,7.7,0,0,0,0,0,0,1,0,1
2023-11-01 08:00:00,12,9,808,352,0,10.0,4.0,7.7,0,0,0,0,0,0,1,0,1
2023-11-01 16:00:00,12,17,1498,47,0,10.0,4.0,7.7,0,0,0,0,0,0,1,0,1
2023-11-01 09:00:00,11,10,894,252,0,10.0,4.0,7.7,0,0,0,0,0,0,1,0,1
2023-11-01 14:00:00,11,15,1364,106,0,10.0,4.0,7.7,0,0,0,0,0,0,1,0,1
2023-11-01 02:00:00,9,3,1562,20,0,10.0,4.0,7.7,0,0,0,0,0,0,1,0,1
2023-11-01 17:00:00,8,18,773,8,0,10.0,4.0,7.7,0,0,0,0,0,0,1,0,1
2023-11-01 10:00:00,7,11,1028,308,0,10.0,4.0,7.7,0,0,0,0,0,0,1,0,1
2023-11-01 07:00:00,7,8,341,91,0,10.0,4.0,7.7,0,0,0,0,0,0,1,0,1
2023-11-01 12:00:00,6,13,1535,172,0,10.0,4.0,7.7,0,0,0,0,0,0,1,0,1
2023-11-01 03:00:00,5,4,901,20,0,10.0,4.0,7.7,0,0,0,0,0,0,1,0,1
2023-11-01 11:00:00,3,12,1212,226,0,10.0,4.0,7.7,0,0,0,0,0,0,1,0,1
2023-11-01 00:00:00,3,1,1101,34,0,10.0,4.0,7.7,0,0,0,0,0,0,1,0,1
2023-11-01 22:00:00,3,23,992,15,0,10.0,4.0,7.7,0,0,0,0,0,0,1,0,1
2023-11-01 04:00:00,0,5,86,11,0,10.0,4.0,7.7,0,0,0,0,0,0,1,0,1
2023-11-02 03:00:00,7,4,172,19,0,12.7,3.2,0.3,0,0,0,0,1,0,0,0,1
2023-11-02 10:00:00,5,11,1746,186,0,12.7,3.2,0.3,0,0,0,0,1,0,0,0,1
2023-11-02 12:00:00,5,13,2714,106,0,12.7,3.2,0.3,0,0,0,0,1,0,0,0,1
2023-11-02 16:00:00,4,17,694,212,0,12.7,3.2,0.3,0,0,0,0,1,0,0,0,1
2023-11-02 13:00:00,4,14,3092,147,0,12.7,3.2,0.3,0,0,0,0,1,0,0,0,1
2023-11-02 21:00:00,4,22,464,36,0,12.7,3.2,0.3,0,0,0,0,1,0,0,0,1
2023-11-02 06:00:00,4,7,121,28,0,12.7,3.2,0.3,0,0,0,0,1,0,0,0,1
2023-11-02 19:00:00,3,20,565,46,0,12.7,3.2,0.3,0,0,0,0,1,0,0,0,1
2023-11-02 11:00:00,19,12,2139,123,0,12.7,3.2,0.3,0,0,0,0,1,0,0,0,1
2023-11-02 01:00:00,0,2,234,22,0,12.7,3.2,0.3,0,0,0,0,1,0,0,0,1
2023-11-02 14:00:00,16,15,2282,121,0,12.7,3.2,0.3,0,0,0,0,1,0,0,0,1
2023-11-02 05:00:00,0,6,102,17,0,12.7,3.2,0.3,0,0,0,0,1,0,0,0,1
2023-11-02 18:00:00,0,19,850,11,0,12.7,3.2,0.3,0,0,0,0,1,0,0,0,1
2023-11-02 09:00:00,14,10,1155,190,0,12.7,3.2,0.3,0,0,0,0,1,0,0,0,1
2023-11-02 08:00:00,11,9,831,183,0,12.7,3.2,0.3,0,0,0,0,1,0,0,0,1
2023-11-02 15:00:00,8,16,1765,221,0,12.7,3.2,0.3,0,0,0,0,1,0,0,0,1
2023-11-02 07:00:00,8,8,343,89,0,12.7,3.2,0.3,0,0,0,0,1,0,0,0,1
2023-11-02 17:00:00,8,18,939,7,0,12.7,3.2,0.3,0,0,0,0,1,0,0,0,1
2023-11-03 11:00:00,43,12,2233,216,0,11.2,7.3,1.4,1,0,0,0,0,0,0,0,1
2023-11-03 12:00:00,34,13,2659,243,0,11.2,7.3,1.4,1,0,0,0,0,0,0,0,1
2023-11-03 09:00:00,26,10,1204,229,0,11.2,7.3,1.4,1,0,0,0,0,0,0,0,1
2023-11-03 08:00:00,23,9,990,280,0,11.2,7.3,1.4,1,0,0,0,0,0,0,0,1
2023-11-03 10:00:00,19,11,1779,259,0,11.2,7.3,1.4,1,0,0,0,0,0,0,0,1
2023-11-03 14:00:00,17,15,2110,107,0,11.2,7.3,1.4,1,0,0,0,0,0,0,0,1
2023-11-03 13:00:00,14,14,2714,150,0,11.2,7.3,1.4,1,0,0,0,0,0,0,0,1
2023-11-03 07:00:00,14,8,282,81,0,11.2,7.3,1.4,1,0,0,0,0,0,0,0,1
2023-11-03 15:00:00,8,16,2400,129,0,11.2,7.3,1.4,1,0,0,0,0,0,0,0,1
2023-11-04 15:00:00,13,16,2655,32,0,10.6,5.5,0.6,0,0,1,0,0,0,0,0,1
2023-11-04 08:00:00,12,9,388,113,0,10.6,5.5,0.6,0,0,1,0,0,0,0,0,1
2023-11-03 19:00:00,1,20,976,15,0,11.2,7.3,1.4,1,0,0,0,0,0,0,0,1
2023-11-03 23:00:00,1,0,426,10,0,11.2,7.3,1.4,1,0,0,0,0,0,0,0,1
2023-11-04 10:00:00,12,11,900,20,0,10.6,5.5,0.6,0,0,1,0,0,0,0,0,1
2023-11-03 00:00:00,0,1,310,23,0,11.2,7.3,1.4,1,0,0,0,0,0,0,0,1
2023-11-03 22:00:00,0,23,1106,12,0,11.2,7.3,1.4,1,0,0,0,0,0,0,0,1
2023-11-04 14:00:00,11,15,3415,30,0,10.6,5.5,0.6,0,0,1,0,0,0,0,0,1
2023-11-03 06:00:00,0,7,170,11,0,11.2,7.3,1.4,1,0,0,0,0,0,0,0,1
2023-11-03 02:00:00,0,3,178,10,0,11.2,7.3,1.4,1,0,0,0,0,0,0,0,1
2023-11-03 03:00:00,0,4,78,8,0,11.2,7.3,1.4,1,0,0,0,0,0,0,0,1
2023-11-04 02:00:00,7,3,505,38,0,10.6,5.5,0.6,0,0,1,0,0,0,0,0,1
2023-11-03 04:00:00,0,5,13,3,0,11.2,7.3,1.4,1,0,0,0,0,0,0,0,1
2023-11-04 13:00:00,43,14,3252,21,0,10.6,5.5,0.6,0,0,1,0,0,0,0,0,1
2023-11-04 12:00:00,26,13,2108,61,0,10.6,5.5,0.6,0,0,1,0,0,0,0,0,1
2023-11-04 11:00:00,21,12,1350,5,0,10.6,5.5,0.6,0,0,1,0,0,0,0,0,1
2023-11-04 09:00:00,5,10,644,82,0,10.6,5.5,0.6,0,0,1,0,0,0,0,0,1
2023-11-04 07:00:00,5,8,160,65,0,10.6,5.5,0.6,0,0,1,0,0,0,0,0,1
2023-11-04 23:00:00,4,0,640,7,0,10.6,5.5,0.6,0,0,1,0,0,0,0,0,1
2023-11-04 19:00:00,4,20,993,4,0,10.6,5.5,0.6,0,0,1,0,0,0,0,0,1
2023-11-04 18:00:00,3,19,1370,9,0,10.6,5.5,0.6,0,0,1,0,0,0,0,0,1
2023-11-04 04:00:00,3,5,54,2,0,10.6,5.5,0.6,0,0,1,0,0,0,0,0,1
2023-11-04 16:00:00,2,17,2450,65,0,10.6,5.5,0.6,0,0,1,0,0,0,0,0,1
2023-11-04 22:00:00,2,23,797,5,0,10.6,5.5,0.6,0,0,1,0,0,0,0,0,1
2023-11-04 06:00:00,1,7,171,23,0,10.6,5.5,0.6,0,0,1,0,0,0,0,0,1
2023-11-04 21:00:00,1,22,957,5,0,10.6,5.5,0.6,0,0,1,0,0,0,0,0,1
2023-11-04 20:00:00,1,21,917,3,0,10.6,5.5,0.6,0,0,1,0,0,0,0,0,1
2023-11-04 01:00:00,0,2,613,28,0,10.6,5.5,0.6,0,0,1,0,0,0,0,0,1
2023-11-04 00:00:00,0,1,462,21,0,10.6,5.5,0.6,0,0,1,0,0,0,0,0,1
2023-11-04 03:00:00,0,4,222,17,0,10.6,5.5,0.6,0,0,1,0,0,0,0,0,1
2023-11-04 17:00:00,0,18,1481,13,0,10.6,5.5,0.6,0,0,1,0,0,0,0,0,1
2023-11-04 05:00:00,0,6,61,5,0,10.6,5.5,0.6,0,0,1,0,0,0,0,0,1
2023-11-05 10:00:00,29,11,865,138,0,10.8,5.5,0.0,0,0,0,1,0,0,0,0,1
2023-11-05 09:00:00,13,10,497,110,0,10.8,5.5,0.0,0,0,0,1,0,0,0,0,1
2023-11-03 16:00:00,7,17,2293,113,0,11.2,7.3,1.4,1,0,0,0,0,0,0,0,1
2023-11-03 20:00:00,4,21,799,7,0,11.2,7.3,1.4,1,0,0,0,0,0,0,0,1
2023-11-03 05:00:00,3,6,124,13,0,11.2,7.3,1.4,1,0,0,0,0,0,0,0,1
2023-11-03 17:00:00,2,18,1357,20,0,11.2,7.3,1.4,1,0,0,0,0,0,0,0,1
2023-11-03 01:00:00,2,2,185,17,0,11.2,7.3,1.4,1,0,0,0,0,0,0,0,1
2023-11-03 18:00:00,2,19,1221,10,0,11.2,7.3,1.4,1,0,0,0,0,0,0,0,1
2023-11-03 21:00:00,2,22,882,8,0,11.2,7.3,1.4,1,0,0,0,0,0,0,0,1
2023-11-06 20:00:00,2,21,437,3,0,12.1,3.3,0.2,0,1,0,0,0,0,0,0,1
2023-11-06 21:00:00,2,22,416,2,0,12.1,3.3,0.2,0,1,0,0,0,0,0,0,1
2023-11-06 18:00:00,9,19,933,18,0,12.1,3.3,0.2,0,1,0,0,0,0,0,0,1
2023-11-05 12:00:00,12,13,1146,51,0,10.8,5.5,0.0,0,0,0,1,0,0,0,0,1
2023-11-05 04:00:00,1,5,72,9,0,10.8,5.5,0.0,0,0,0,1,0,0,0,0,1
2023-11-05 00:00:00,1,1,525,8,0,10.8,5.5,0.0,0,0,0,1,0,0,0,0,1
2023-11-05 05:00:00,1,6,58,8,0,10.8,5.5,0.0,0,0,0,1,0,0,0,0,1
2023-11-06 04:00:00,0,5,26,11,0,12.1,3.3,0.2,0,1,0,0,0,0,0,0,1
2023-11-05 22:00:00,1,23,419,6,0,10.8,5.5,0.0,0,0,0,1,0,0,0,0,1
2023-11-05 11:00:00,11,12,694,85,0,10.8,5.5,0.0,0,0,0,1,0,0,0,0,1
2023-11-06 10:00:00,8,11,1179,73,0,12.1,3.3,0.2,0,1,0,0,0,0,0,0,1
2023-11-06 17:00:00,8,18,1369,48,0,12.1,3.3,0.2,0,1,0,0,0,0,0,0,1
2023-11-06 19:00:00,6,20,572,14,0,12.1,3.3,0.2,0,1,0,0,0,0,0,0,1
2023-11-06 11:00:00,4,12,1655,17,0,12.1,3.3,0.2,0,1,0,0,0,0,0,0,1
2023-11-06 01:00:00,4,2,139,17,0,12.1,3.3,0.2,0,1,0,0,0,0,0,0,1
2023-11-06 00:00:00,4,1,189,16,0,12.1,3.3,0.2,0,1,0,0,0,0,0,0,1
2023-11-06 02:00:00,2,3,107,12,0,12.1,3.3,0.2,0,1,0,0,0,0,0,0,1
2023-11-06 05:00:00,2,6,84,9,0,12.1,3.3,0.2,0,1,0,0,0,0,0,0,1
2023-11-05 08:00:00,11,9,223,63,0,10.8,5.5,0.0,0,0,0,1,0,0,0,0,1
2023-11-05 07:00:00,11,8,93,16,0,10.8,5.5,0.0,0,0,0,1,0,0,0,0,1
2023-11-06 03:00:00,0,4,34,6,0,12.1,3.3,0.2,0,1,0,0,0,0,0,0,1
2023-11-05 18:00:00,10,19,1012,6,0,10.8,5.5,0.0,0,0,0,1,0,0,0,0,1
2023-11-05 17:00:00,9,18,1474,3,0,10.8,5.5,0.0,0,0,0,1,0,0,0,0,1
2023-11-05 15:00:00,9,16,815,3,0,10.8,5.5,0.0,0,0,0,1,0,0,0,0,1
2023-11-05 19:00:00,7,20,826,5,0,10.8,5.5,0.0,0,0,0,1,0,0,0,0,1
2023-11-05 16:00:00,6,17,1502,36,0,10.8,5.5,0.0,0,0,0,1,0,0,0,0,1
2023-11-05 13:00:00,6,14,1599,6,0,10.8,5.5,0.0,0,0,0,1,0,0,0,0,1
2023-11-05 14:00:00,5,15,1216,4,0,10.8,5.5,0.0,0,0,0,1,0,0,0,0,1
2023-11-05 20:00:00,4,21,731,1,0,10.8,5.5,0.0,0,0,0,1,0,0,0,0,1
2023-11-05 23:00:00,3,0,284,10,0,10.8,5.5,0.0,0,0,0,1,0,0,0,0,1
2023-11-05 21:00:00,3,22,507,1,0,10.8,5.5,0.0,0,0,0,1,0,0,0,0,1
2023-11-05 03:00:00,1,4,802,19,0,10.8,5.5,0.0,0,0,0,1,0,0,0,0,1
2023-11-07 13:00:00,17,14,3233,180,0,10.1,5.6,2.2,0,0,0,0,0,1,0,0,1
2023-11-07 12:00:00,17,13,3241,174,0,10.1,5.6,2.2,0,0,0,0,0,1,0,0,1
2023-11-07 11:00:00,17,12,2223,172,0,10.1,5.6,2.2,0,0,0,0,0,1,0,0,1
2023-11-06 22:00:00,1,23,398,13,0,12.1,3.3,0.2,0,1,0,0,0,0,0,0,1
2023-11-07 08:00:00,16,9,910,332,0,10.1,5.6,2.2,0,0,0,0,0,1,0,0,1
2023-11-06 06:00:00,1,7,136,13,0,12.1,3.3,0.2,0,1,0,0,0,0,0,0,1
2023-11-06 23:00:00,1,0,324,9,0,12.1,3.3,0.2,0,1,0,0,0,0,0,0,1
2023-11-07 17:00:00,14,18,2264,29,0,10.1,5.6,2.2,0,0,0,0,0,1,0,0,1
2023-11-07 15:00:00,12,16,1642,68,0,10.1,5.6,2.2,0,0,0,0,0,1,0,0,1
2023-11-07 23:00:00,11,0,391,34,0,10.1,5.6,2.2,0,0,0,0,0,1,0,0,1
2023-11-07 10:00:00,9,11,1535,177,0,10.1,5.6,2.2,0,0,0,0,0,1,0,0,1
2023-11-07 19:00:00,8,20,1008,94,0,10.1,5.6,2.2,0,0,0,0,0,1,0,0,1
2023-11-07 21:00:00,6,22,673,75,0,10.1,5.6,2.2,0,0,0,0,0,1,0,0,1
2023-11-07 14:00:00,28,15,2253,230,0,10.1,5.6,2.2,0,0,0,0,0,1,0,0,1
2023-11-07 09:00:00,23,10,1260,258,0,10.1,5.6,2.2,0,0,0,0,0,1,0,0,1
2023-11-07 16:00:00,23,17,2083,143,0,10.1,5.6,2.2,0,0,0,0,0,1,0,0,1
2023-11-06 08:00:00,30,9,896,207,0,12.1,3.3,0.2,0,1,0,0,0,0,0,0,1
2023-11-06 15:00:00,26,16,1936,124,0,12.1,3.3,0.2,0,1,0,0,0,0,0,0,1
2023-11-06 16:00:00,22,17,2151,145,0,12.1,3.3,0.2,0,1,0,0,0,0,0,0,1
2023-11-06 09:00:00,21,10,1206,120,0,12.1,3.3,0.2,0,1,0,0,0,0,0,0,1
2023-11-06 14:00:00,20,15,1957,135,0,12.1,3.3,0.2,0,1,0,0,0,0,0,0,1
2023-11-06 13:00:00,16,14,2119,12,0,12.1,3.3,0.2,0,1,0,0,0,0,0,0,1
2023-11-06 12:00:00,16,13,2058,9,0,12.1,3.3,0.2,0,1,0,0,0,0,0,0,1
2023-11-06 07:00:00,11,8,330,81,0,12.1,3.3,0.2,0,1,0,0,0,0,0,0,1
2023-11-05 06:00:00,0,7,59,13,0,10.8,5.5,0.0,0,0,0,1,0,0,0,0,1
2023-11-05 01:00:00,0,2,562,5,0,10.8,5.5,0.0,0,0,0,1,0,0,0,0,1
2023-11-05 02:00:00,0,3,550,5,0,10.8,5.5,0.0,0,0,0,1,0,0,0,0,1
2023-11-07 00:00:00,0,1,259,11,0,10.1,5.6,2.2,0,0,0,0,0,1,0,0,1
2023-11-07 02:00:00,0,3,72,8,0,10.1,5.6,2.2,0,0,0,0,0,1,0,0,1
2023-11-08 13:00:00,19,14,3272,120,0,8.9,3.0,0.8,0,0,0,0,0,0,1,0,1
2023-11-08 20:00:00,8,21,950,51,0,8.9,3.0,0.8,0,0,0,0,0,0,1,0,1
2023-11-08 17:00:00,8,18,809,16,0,8.9,3.0,0.8,0,0,0,0,0,0,1,0,1
2023-11-08 09:00:00,7,10,1105,178,0,8.9,3.0,0.8,0,0,0,0,0,0,1,0,1
2023-11-08 19:00:00,5,20,1371,71,0,8.9,3.0,0.8,0,0,0,0,0,0,1,0,1
2023-11-08 00:00:00,5,1,274,48,0,8.9,3.0,0.8,0,0,0,0,0,0,1,0,1
2023-11-08 18:00:00,4,19,1063,15,0,8.9,3.0,0.8,0,0,0,0,0,0,1,0,1
2023-11-08 07:00:00,3,8,302,33,0,8.9,3.0,0.8,0,0,0,0,0,0,1,0,1
2023-11-08 23:00:00,2,0,274,124,0,8.9,3.0,0.8,0,0,0,0,0,0,1,0,1
2023-11-08 05:00:00,2,6,87,5,0,8.9,3.0,0.8,0,0,0,0,0,0,1,0,1
2023-11-08 01:00:00,1,2,151,39,0,8.9,3.0,0.8,0,0,0,0,0,0,1,0,1
2023-11-09 17:00:00,7,18,1924,76,0,7.9,0.7,0.0,0,0,0,0,1,0,0,0,1
2023-11-09 20:00:00,5,21,878,64,0,7.9,0.7,0.0,0,0,0,0,1,0,0,0,1
2023-11-09 21:00:00,5,22,787,62,0,7.9,0.7,0.0,0,0,0,0,1,0,0,0,1
2023-11-09 22:00:00,4,23,1245,44,0,7.9,0.7,0.0,0,0,0,0,1,0,0,0,1
2023-11-09 19:00:00,4,20,1300,37,0,7.9,0.7,0.0,0,0,0,0,1,0,0,0,1
2023-11-09 05:00:00,4,6,93,10,0,7.9,0.7,0.0,0,0,0,0,1,0,0,0,1
2023-11-09 07:00:00,3,8,299,32,0,7.9,0.7,0.0,0,0,0,0,1,0,0,0,1
2023-11-07 07:00:00,4,8,395,67,0,10.1,5.6,2.2,0,0,0,0,0,1,0,0,1
2023-11-07 03:00:00,0,4,25,0,0,10.1,5.6,2.2,0,0,0,0,0,1,0,0,1
2023-11-07 22:00:00,4,23,584,38,0,10.1,5.6,2.2,0,0,0,0,0,1,0,0,1
2023-11-08 02:00:00,1,3,184,15,0,8.9,3.0,0.8,0,0,0,0,0,0,1,0,1
2023-11-07 04:00:00,0,5,16,0,0,10.1,5.6,2.2,0,0,0,0,0,1,0,0,1
2023-11-08 15:00:00,27,16,2188,245,0,8.9,3.0,0.8,0,0,0,0,0,0,1,0,1
2023-11-08 06:00:00,1,7,106,2,0,8.9,3.0,0.8,0,0,0,0,0,0,1,0,1
2023-11-09 12:00:00,30,13,3671,208,0,7.9,0.7,0.0,0,0,0,0,1,0,0,0,1
2023-11-09 10:00:00,27,11,1235,130,0,7.9,0.7,0.0,0,0,0,0,1,0,0,0,1
2023-11-08 21:00:00,0,22,931,59,0,8.9,3.0,0.8,0,0,0,0,0,0,1,0,1
2023-11-08 22:00:00,0,23,807,43,0,8.9,3.0,0.8,0,0,0,0,0,0,1,0,1
2023-11-08 03:00:00,0,4,25,4,0,8.9,3.0,0.8,0,0,0,0,0,0,1,0,1
2023-11-08 04:00:00,0,5,15,3,0,8.9,3.0,0.8,0,0,0,0,0,0,1,0,1
2023-11-09 14:00:00,25,15,2730,120,0,7.9,0.7,0.0,0,0,0,0,1,0,0,0,1
2023-11-08 16:00:00,15,17,1560,147,0,8.9,3.0,0.8,0,0,0,0,0,0,1,0,1
2023-11-09 13:00:00,21,14,3042,189,0,7.9,0.7,0.0,0,0,0,0,1,0,0,0,1
2023-11-09 09:00:00,21,10,1038,101,0,7.9,0.7,0.0,0,0,0,0,1,0,0,0,1
2023-11-08 08:00:00,14,9,870,204,0,8.9,3.0,0.8,0,0,0,0,0,0,1,0,1
2023-11-07 05:00:00,2,6,77,7,0,10.1,5.6,2.2,0,0,0,0,0,1,0,0,1
2023-11-07 20:00:00,1,21,742,66,0,10.1,5.6,2.2,0,0,0,0,0,1,0,0,1
2023-11-08 14:00:00,12,15,2402,143,0,8.9,3.0,0.8,0,0,0,0,0,0,1,0,1
2023-11-09 01:00:00,1,2,444,116,0,7.9,0.7,0.0,0,0,0,0,1,0,0,0,1
2023-11-09 02:00:00,1,3,754,102,0,7.9,0.7,0.0,0,0,0,0,1,0,0,0,1
2023-11-09 18:00:00,15,19,1661,24,0,7.9,0.7,0.0,0,0,0,0,1,0,0,0,1
2023-11-09 00:00:00,1,1,342,95,0,7.9,0.7,0.0,0,0,0,0,1,0,0,0,1
2023-11-07 18:00:00,1,19,1532,49,0,10.1,5.6,2.2,0,0,0,0,0,1,0,0,1
2023-11-07 01:00:00,1,2,186,13,0,10.1,5.6,2.2,0,0,0,0,0,1,0,0,1
2023-11-07 06:00:00,1,7,124,10,0,10.1,5.6,2.2,0,0,0,0,0,1,0,0,1
2023-11-09 08:00:00,13,9,839,278,0,7.9,0.7,0.0,0,0,0,0,1,0,0,0,1
2023-11-09 23:00:00,1,0,503,19,0,7.9,0.7,0.0,0,0,0,0,1,0,0,0,1
2023-11-09 06:00:00,1,7,124,15,0,7.9,0.7,0.0,0,0,0,0,1,0,0,0,1
2023-11-09 03:00:00,1,4,305,11,0,7.9,0.7,0.0,0,0,0,0,1,0,0,0,1
2023-11-08 10:00:00,10,11,1625,182,0,8.9,3.0,0.8,0,0,0,0,0,0,1,0,1
2023-11-08 12:00:00,10,13,3281,137,0,8.9,3.0,0.8,0,0,0,0,0,0,1,0,1
2023-11-09 11:00:00,11,12,2326,62,0,7.9,0.7,0.0,0,0,0,0,1,0,0,0,1
2023-11-08 11:00:00,10,12,2374,136,0,8.9,3.0,0.8,0,0,0,0,0,0,1,0,1
2023-11-09 16:00:00,10,17,2381,218,0,7.9,0.7,0.0,0,0,0,0,1,0,0,0,1
2023-11-09 15:00:00,10,16,2713,99,0,7.9,0.7,0.0,0,0,0,0,1,0,0,0,1
2023-11-11 02:00:00,1,3,457,35,0,9.0,0.5,0.0,0,0,1,0,0,0,0,0,1
2023-11-11 00:00:00,1,1,588,30,0,9.0,0.5,0.0,0,0,1,0,0,0,0,0,1
2023-11-11 04:00:00,0,5,41,3,0,9.0,0.5,0.0,0,0,1,0,0,0,0,0,1
2023-11-10 14:00:00,15,15,2777,44,0,9.6,-1.6,0.2,1,0,0,0,0,0,0,0,1
2023-11-10 09:00:00,14,10,961,191,0,9.6,-1.6,0.2,1,0,0,0,0,0,0,0,1
2023-11-10 17:00:00,13,18,1588,27,0,9.6,-1.6,0.2,1,0,0,0,0,0,0,0,1
2023-11-10 16:00:00,13,17,1790,0,0,9.6,-1.6,0.2,1,0,0,0,0,0,0,0,1
2023-11-10 08:00:00,11,9,873,212,0,9.6,-1.6,0.2,1,0,0,0,0,0,0,0,1
2023-11-10 15:00:00,11,16,2457,20,0,9.6,-1.6,0.2,1,0,0,0,0,0,0,0,1
2023-11-10 19:00:00,5,20,1145,31,0,9.6,-1.6,0.2,1,0,0,0,0,0,0,0,1
2023-11-11 03:00:00,1,4,572,13,0,9.0,0.5,0.0,0,0,1,0,0,0,0,0,1
2023-11-11 23:00:00,1,0,673,12,0,9.0,0.5,0.0,0,0,1,0,0,0,0,0,1
2023-11-11 20:00:00,1,21,932,11,0,9.0,0.5,0.0,0,0,1,0,0,0,0,0,1
2023-11-11 18:00:00,0,19,1421,1,0,9.0,0.5,0.0,0,0,1,0,0,0,0,0,1
2023-11-11 05:00:00,1,6,105,10,0,9.0,0.5,0.0,0,0,1,0,0,0,0,0,1
2023-11-10 18:00:00,4,19,1628,65,0,9.6,-1.6,0.2,1,0,0,0,0,0,0,0,1
2023-11-12 14:00:00,26,15,2180,194,0,9.0,-0.1,7.7,0,0,0,1,0,0,0,0,1
2023-11-11 12:00:00,16,13,3306,192,0,9.0,0.5,0.0,0,0,1,0,0,0,0,0,1
2023-11-11 14:00:00,16,15,2894,12,0,9.0,0.5,0.0,0,0,1,0,0,0,0,0,1
2023-11-11 15:00:00,12,16,2410,14,0,9.0,0.5,0.0,0,0,1,0,0,0,0,0,1
2023-11-11 09:00:00,10,10,654,123,0,9.0,0.5,0.0,0,0,1,0,0,0,0,0,1
2023-11-11 17:00:00,10,18,1957,11,0,9.0,0.5,0.0,0,0,1,0,0,0,0,0,1
2023-11-11 16:00:00,9,17,2441,12,0,9.0,0.5,0.0,0,0,1,0,0,0,0,0,1
2023-11-11 08:00:00,8,9,475,95,0,9.0,0.5,0.0,0,0,1,0,0,0,0,0,1
2023-11-11 21:00:00,5,22,894,4,0,9.0,0.5,0.0,0,0,1,0,0,0,0,0,1
2023-11-09 04:00:00,0,5,29,5,0,7.9,0.7,0.0,0,0,0,0,1,0,0,0,1
2023-11-12 13:00:00,22,14,2116,238,0,9.0,-0.1,7.7,0,0,0,1,0,0,0,0,1
2023-11-11 07:00:00,3,8,176,54,0,9.0,0.5,0.0,0,0,1,0,0,0,0,0,1
2023-11-11 22:00:00,3,23,711,3,0,9.0,0.5,0.0,0,0,1,0,0,0,0,0,1
2023-11-10 02:00:00,0,3,253,16,0,9.6,-1.6,0.2,1,0,0,0,0,0,0,0,1
2023-11-10 01:00:00,0,2,88,14,0,9.6,-1.6,0.2,1,0,0,0,0,0,0,0,1
2023-11-10 07:00:00,2,8,354,59,0,9.6,-1.6,0.2,1,0,0,0,0,0,0,0,1
2023-11-12 10:00:00,16,11,1698,75,0,9.0,-0.1,7.7,0,0,0,1,0,0,0,0,1
2023-11-10 00:00:00,2,1,353,26,0,9.6,-1.6,0.2,1,0,0,0,0,0,0,0,1
2023-11-10 10:00:00,34,11,1737,200,0,9.6,-1.6,0.2,1,0,0,0,0,0,0,0,1
2023-11-10 22:00:00,0,23,712,7,0,9.6,-1.6,0.2,1,0,0,0,0,0,0,0,1
2023-11-12 15:00:00,15,16,1971,212,0,9.0,-0.1,7.7,0,0,0,1,0,0,0,0,1
2023-11-10 20:00:00,0,21,698,7,0,9.6,-1.6,0.2,1,0,0,0,0,0,0,0,1
2023-11-12 11:00:00,15,12,1742,162,0,9.0,-0.1,7.7,0,0,0,1,0,0,0,0,1
2023-11-10 23:00:00,2,0,777,13,0,9.6,-1.6,0.2,1,0,0,0,0,0,0,0,1
2023-11-10 03:00:00,0,4,61,6,0,9.6,-1.6,0.2,1,0,0,0,0,0,0,0,1
2023-11-10 05:00:00,2,6,112,12,0,9.6,-1.6,0.2,1,0,0,0,0,0,0,0,1
2023-11-10 04:00:00,0,5,13,6,0,9.6,-1.6,0.2,1,0,0,0,0,0,0,0,1
2023-11-10 11:00:00,30,12,2771,225,0,9.6,-1.6,0.2,1,0,0,0,0,0,0,0,1
2023-11-10 21:00:00,2,22,700,6,0,9.6,-1.6,0.2,1,0,0,0,0,0,0,0,1
2023-11-11 01:00:00,0,2,516,31,0,9.0,0.5,0.0,0,0,1,0,0,0,0,0,1
2023-11-11 06:00:00,0,7,64,14,0,9.0,0.5,0.0,0,0,1,0,0,0,0,0,1
2023-11-11 19:00:00,0,20,1138,5,0,9.0,0.5,0.0,0,0,1,0,0,0,0,0,1
2023-11-10 13:00:00,29,14,3144,177,0,9.6,-1.6,0.2,1,0,0,0,0,0,0,0,1
2023-11-12 07:00:00,10,8,190,46,0,9.0,-0.1,7.7,0,0,0,1,0,0,0,0,1
2023-11-11 10:00:00,43,11,1582,139,0,9.0,0.5,0.0,0,0,1,0,0,0,0,0,1
2023-11-12 12:00:00,9,13,2043,201,0,9.0,-0.1,7.7,0,0,0,1,0,0,0,0,1
2023-11-10 12:00:00,18,13,2507,226,0,9.6,-1.6,0.2,1,0,0,0,0,0,0,0,1
2023-11-11 13:00:00,34,14,3849,65,0,9.0,0.5,0.0,0,0,1,0,0,0,0,0,1
2023-11-11 11:00:00,32,12,2804,226,0,9.0,0.5,0.0,0,0,1,0,0,0,0,0,1
2023-11-10 06:00:00,1,7,140,8,0,9.6,-1.6,0.2,1,0,0,0,0,0,0,0,1
2023-11-12 16:00:00,9,17,1733,161,0,9.0,-0.1,7.7,0,0,0,1,0,0,0,0,1
2023-11-12 09:00:00,9,10,635,113,0,9.0,-0.1,7.7,0,0,0,1,0,0,0,0,1
2023-11-13 10:00:00,13,11,944,222,0,8.4,-0.1,27.3,0,1,0,0,0,0,0,0,1
2023-11-13 08:00:00,12,9,824,325,0,8.4,-0.1,27.3,0,1,0,0,0,0,0,0,1
2023-11-12 17:00:00,1,18,1014,65,0,9.0,-0.1,7.7,0,0,0,1,0,0,0,0,1
2023-11-14 10:00:00,11,11,1440,158,0,8.0,6.1,19.6,0,0,0,0,0,1,0,0,1
2023-11-12 08:00:00,1,9,360,61,0,9.0,-0.1,7.7,0,0,0,1,0,0,0,0,1
2023-11-13 00:00:00,0,1,225,25,0,8.4,-0.1,27.3,0,1,0,0,0,0,0,0,1
2023-11-13 02:00:00,0,3,99,25,0,8.4,-0.1,27.3,0,1,0,0,0,0,0,0,1
2023-11-13 06:00:00,0,7,134,23,0,8.4,-0.1,27.3,0,1,0,0,0,0,0,0,1
2023-11-13 18:00:00,0,19,589,13,0,8.4,-0.1,27.3,0,1,0,0,0,0,0,0,1
2023-11-13 05:00:00,0,6,98,13,0,8.4,-0.1,27.3,0,1,0,0,0,0,0,0,1
2023-11-12 18:00:00,0,19,868,20,0,9.0,-0.1,7.7,0,0,0,1,0,0,0,0,1
2023-11-12 00:00:00,0,1,606,13,0,9.0,-0.1,7.7,0,0,0,1,0,0,0,0,1
2023-11-12 05:00:00,0,6,152,11,0,9.0,-0.1,7.7,0,0,0,1,0,0,0,0,1
2023-11-12 06:00:00,0,7,150,8,0,9.0,-0.1,7.7,0,0,0,1,0,0,0,0,1
2023-11-12 22:00:00,0,23,303,1,0,9.0,-0.1,7.7,0,0,0,1,0,0,0,0,1
2023-11-13 14:00:00,33,15,1241,259,0,8.4,-0.1,27.3,0,1,0,0,0,0,0,0,1
2023-11-13 13:00:00,20,14,1717,259,0,8.4,-0.1,27.3,0,1,0,0,0,0,0,0,1
2023-11-13 15:00:00,13,16,1420,229,0,8.4,-0.1,27.3,0,1,0,0,0,0,0,0,1
2023-11-13 03:00:00,0,4,36,9,0,8.4,-0.1,27.3,0,1,0,0,0,0,0,0,1
2023-11-13 07:00:00,2,8,340,70,0,8.4,-0.1,27.3,0,1,0,0,0,0,0,0,1
2023-11-13 12:00:00,9,13,1399,217,0,8.4,-0.1,27.3,0,1,0,0,0,0,0,0,1
2023-11-12 23:00:00,1,0,255,34,0,9.0,-0.1,7.7,0,0,0,1,0,0,0,0,1
2023-11-13 04:00:00,0,5,20,9,0,8.4,-0.1,27.3,0,1,0,0,0,0,0,0,1
2023-11-12 01:00:00,1,2,648,28,0,9.0,-0.1,7.7,0,0,0,1,0,0,0,0,1
2023-11-14 15:00:00,7,16,1458,91,0,8.0,6.1,19.6,0,0,0,0,0,1,0,0,1
2023-11-14 17:00:00,6,18,962,12,0,8.0,6.1,19.6,0,0,0,0,0,1,0,0,1
2023-11-14 18:00:00,5,19,730,7,0,8.0,6.1,19.6,0,0,0,0,0,1,0,0,1
2023-11-13 22:00:00,0,23,263,6,0,8.4,-0.1,27.3,0,1,0,0,0,0,0,0,1
2023-11-13 19:00:00,0,20,471,5,0,8.4,-0.1,27.3,0,1,0,0,0,0,0,0,1
2023-11-12 20:00:00,1,21,401,2,0,9.0,-0.1,7.7,0,0,0,1,0,0,0,0,1
2023-11-12 21:00:00,1,22,308,1,0,9.0,-0.1,7.7,0,0,0,1,0,0,0,0,1
2023-11-13 09:00:00,8,10,790,246,0,8.4,-0.1,27.3,0,1,0,0,0,0,0,0,1
2023-11-13 20:00:00,0,21,377,2,0,8.4,-0.1,27.3,0,1,0,0,0,0,0,0,1
2023-11-13 11:00:00,6,12,1211,231,0,8.4,-0.1,27.3,0,1,0,0,0,0,0,0,1
2023-11-12 03:00:00,3,4,806,8,0,9.0,-0.1,7.7,0,0,0,1,0,0,0,0,1
2023-11-12 19:00:00,3,20,600,6,0,9.0,-0.1,7.7,0,0,0,1,0,0,0,0,1
2023-11-14 09:00:00,21,10,1038,230,0,8.0,6.1,19.6,0,0,0,0,0,1,0,0,1
2023-11-14 11:00:00,21,12,1872,164,0,8.0,6.1,19.6,0,0,0,0,0,1,0,0,1
2023-11-14 12:00:00,17,13,2159,152,0,8.0,6.1,19.6,0,0,0,0,0,1,0,0,1
2023-11-14 08:00:00,16,9,842,244,0,8.0,6.1,19.6,0,0,0,0,0,1,0,0,1
2023-11-14 14:00:00,15,15,1635,109,0,8.0,6.1,19.6,0,0,0,0,0,1,0,0,1
2023-11-14 13:00:00,15,14,2217,42,0,8.0,6.1,19.6,0,0,0,0,0,1,0,0,1
2023-11-13 16:00:00,3,17,1214,62,0,8.4,-0.1,27.3,0,1,0,0,0,0,0,0,1
2023-11-12 02:00:00,2,3,806,26,0,9.0,-0.1,7.7,0,0,0,1,0,0,0,0,1
2023-11-12 04:00:00,2,5,62,18,0,9.0,-0.1,7.7,0,0,0,1,0,0,0,0,1
2023-11-13 01:00:00,1,2,163,33,0,8.4,-0.1,27.3,0,1,0,0,0,0,0,0,1
2023-11-13 23:00:00,1,0,207,8,0,8.4,-0.1,27.3,0,1,0,0,0,0,0,0,1
2023-11-13 17:00:00,1,18,543,7,0,8.4,-0.1,27.3,0,1,0,0,0,0,0,0,1
2023-11-13 21:00:00,1,22,386,7,0,8.4,-0.1,27.3,0,1,0,0,0,0,0,0,1
2023-11-14 03:00:00,0,4,15,3,0,8.0,6.1,19.6,0,0,0,0,0,1,0,0,1
2023-11-14 16:00:00,3,17,1532,17,0,8.0,6.1,19.6,0,0,0,0,0,1,0,0,1
2023-11-14 04:00:00,0,5,9,2,0,8.0,6.1,19.6,0,0,0,0,0,1,0,0,1
2023-11-14 20:00:00,3,21,402,8,0,8.0,6.1,19.6,0,0,0,0,0,1,0,0,1
2023-11-16 08:00:00,11,9,556,40,0,11.2,5.5,0.0,0,0,0,0,1,0,0,0,1
2023-11-16 16:00:00,10,17,1700,74,0,11.2,5.5,0.0,0,0,0,0,1,0,0,0,1
2023-11-16 10:00:00,8,11,1270,65,0,11.2,5.5,0.0,0,0,0,0,1,0,0,0,1
2023-11-16 14:00:00,8,15,1098,11,0,11.2,5.5,0.0,0,0,0,0,1,0,0,0,1
2023-11-16 11:00:00,7,12,1207,35,0,11.2,5.5,0.0,0,0,0,0,1,0,0,0,1
2023-11-16 07:00:00,7,8,263,28,0,11.2,5.5,0.0,0,0,0,0,1,0,0,0,1
2023-11-16 18:00:00,6,19,1267,31,0,11.2,5.5,0.0,0,0,0,0,1,0,0,0,1
2023-11-16 22:00:00,5,23,467,36,0,11.2,5.5,0.0,0,0,0,0,1,0,0,0,1
2023-11-15 09:00:00,11,10,843,86,0,6.8,6.1,1.1,0,0,0,0,0,0,1,0,1
2023-11-15 23:00:00,3,0,323,3,0,6.8,6.1,1.1,0,0,0,0,0,0,1,0,1
2023-11-15 11:00:00,10,12,1869,118,0,6.8,6.1,1.1,0,0,0,0,0,0,1,0,1
2023-11-15 18:00:00,9,19,975,2,0,6.8,6.1,1.1,0,0,0,0,0,0,1,0,1
2023-11-15 19:00:00,7,20,650,7,0,6.8,6.1,1.1,0,0,0,0,0,0,1,0,1
2023-11-15 13:00:00,7,14,2645,5,0,6.8,6.1,1.1,0,0,0,0,0,0,1,0,1
2023-11-15 10:00:00,5,11,1365,164,0,6.8,6.1,1.1,0,0,0,0,0,0,1,0,1
2023-11-15 20:00:00,5,21,763,10,0,6.8,6.1,1.1,0,0,0,0,0,0,1,0,1
2023-11-14 00:00:00,0,1,190,17,0,8.0,6.1,19.6,0,0,0,0,0,1,0,0,1
2023-11-14 01:00:00,0,2,139,16,0,8.0,6.1,19.6,0,0,0,0,0,1,0,0,1
2023-11-14 02:00:00,0,3,75,6,0,8.0,6.1,19.6,0,0,0,0,0,1,0,0,1
2023-11-14 05:00:00,2,6,76,8,0,8.0,6.1,19.6,0,0,0,0,0,1,0,0,1
2023-11-14 21:00:00,2,22,325,6,0,8.0,6.1,19.6,0,0,0,0,0,1,0,0,1
2023-11-15 07:00:00,2,8,334,84,0,6.8,6.1,1.1,0,0,0,0,0,0,1,0,1
2023-11-14 22:00:00,2,23,279,5,0,8.0,6.1,19.6,0,0,0,0,0,1,0,0,1
2023-11-15 21:00:00,2,22,511,6,0,6.8,6.1,1.1,0,0,0,0,0,0,1,0,1
2023-11-16 15:00:00,16,16,1628,173,0,11.2,5.5,0.0,0,0,0,0,1,0,0,0,1
2023-11-15 01:00:00,0,2,78,24,0,6.8,6.1,1.1,0,0,0,0,0,0,1,0,1
2023-11-15 02:00:00,0,3,31,18,0,6.8,6.1,1.1,0,0,0,0,0,0,1,0,1
2023-11-15 16:00:00,17,17,1950,155,0,6.8,6.1,1.1,0,0,0,0,0,0,1,0,1
2023-11-15 08:00:00,17,9,779,97,0,6.8,6.1,1.1,0,0,0,0,0,0,1,0,1
2023-11-15 15:00:00,16,16,2143,237,0,6.8,6.1,1.1,0,0,0,0,0,0,1,0,1
2023-11-15 17:00:00,15,18,1334,7,0,6.8,6.1,1.1,0,0,0,0,0,0,1,0,1
2023-11-15 14:00:00,13,15,2666,161,0,6.8,6.1,1.1,0,0,0,0,0,0,1,0,1
2023-11-15 12:00:00,13,13,2416,120,0,6.8,6.1,1.1,0,0,0,0,0,0,1,0,1
2023-11-15 06:00:00,1,7,110,30,0,6.8,6.1,1.1,0,0,0,0,0,0,1,0,1
2023-11-15 04:00:00,0,5,20,9,0,6.8,6.1,1.1,0,0,0,0,0,0,1,0,1
2023-11-15 03:00:00,0,4,10,9,0,6.8,6.1,1.1,0,0,0,0,0,0,1,0,1
2023-11-15 05:00:00,1,6,105,18,0,6.8,6.1,1.1,0,0,0,0,0,0,1,0,1
2023-11-15 00:00:00,1,1,174,2,0,6.8,6.1,1.1,0,0,0,0,0,0,1,0,1
2023-11-15 22:00:00,0,23,371,1,0,6.8,6.1,1.1,0,0,0,0,0,0,1,0,1
2023-11-14 07:00:00,1,8,245,11,0,8.0,6.1,19.6,0,0,0,0,0,1,0,0,1
2023-11-16 17:00:00,12,18,1823,11,0,11.2,5.5,0.0,0,0,0,0,1,0,0,0,1
2023-11-14 19:00:00,1,20,501,5,0,8.0,6.1,19.6,0,0,0,0,0,1,0,0,1
2023-11-14 06:00:00,1,7,75,4,0,8.0,6.1,19.6,0,0,0,0,0,1,0,0,1
2023-11-14 23:00:00,1,0,204,1,0,8.0,6.1,19.6,0,0,0,0,0,1,0,0,1
2023-11-17 23:00:00,2,0,899,68,0,10.8,3.9,2.4,1,0,0,0,0,0,0,0,1
2023-11-17 17:00:00,2,18,1164,30,0,10.8,3.9,2.4,1,0,0,0,0,0,0,0,1
2023-11-17 05:00:00,2,6,77,14,0,10.8,3.9,2.4,1,0,0,0,0,0,0,0,1
2023-11-16 12:00:00,1,13,1678,2,0,11.2,5.5,0.0,0,0,0,0,1,0,0,0,1
2023-11-17 01:00:00,0,2,246,17,0,10.8,3.9,2.4,1,0,0,0,0,0,0,0,1
2023-11-17 02:00:00,0,3,314,12,0,10.8,3.9,2.4,1,0,0,0,0,0,0,0,1
2023-11-17 06:00:00,0,7,74,8,0,10.8,3.9,2.4,1,0,0,0,0,0,0,0,1
2023-11-17 04:00:00,0,5,15,6,0,10.8,3.9,2.4,1,0,0,0,0,0,0,0,1
2023-11-18 13:00:00,27,14,2748,126,0,12.9,5.5,9.6,0,0,1,0,0,0,0,0,1
2023-11-18 12:00:00,17,13,2975,41,0,12.9,5.5,9.6,0,0,1,0,0,0,0,0,1
2023-11-16 04:00:00,1,5,28,2,0,11.2,5.5,0.0,0,0,0,0,1,0,0,0,1
2023-11-18 19:00:00,4,20,1433,8,0,12.9,5.5,9.6,0,0,1,0,0,0,0,0,1
2023-11-18 00:00:00,2,1,683,66,0,12.9,5.5,9.6,0,0,1,0,0,0,0,0,1
2023-11-18 18:00:00,2,19,1459,24,0,12.9,5.5,9.6,0,0,1,0,0,0,0,0,1
2023-11-18 22:00:00,2,23,630,14,0,12.9,5.5,9.6,0,0,1,0,0,0,0,0,1
2023-11-18 20:00:00,2,21,766,12,0,12.9,5.5,9.6,0,0,1,0,0,0,0,0,1
2023-11-16 00:00:00,4,1,234,7,0,11.2,5.5,0.0,0,0,0,0,1,0,0,0,1
2023-11-16 09:00:00,4,10,1958,5,0,11.2,5.5,0.0,0,0,0,0,1,0,0,0,1
2023-11-17 08:00:00,25,9,880,346,0,10.8,3.9,2.4,1,0,0,0,0,0,0,0,1
2023-11-17 14:00:00,11,15,2869,132,0,10.8,3.9,2.4,1,0,0,0,0,0,0,0,1
2023-11-17 07:00:00,4,8,336,60,0,10.8,3.9,2.4,1,0,0,0,0,0,0,0,1
2023-11-17 18:00:00,4,19,1493,43,0,10.8,3.9,2.4,1,0,0,0,0,0,0,0,1
2023-11-17 22:00:00,3,23,1061,87,0,10.8,3.9,2.4,1,0,0,0,0,0,0,0,1
2023-11-17 20:00:00,3,21,1143,84,0,10.8,3.9,2.4,1,0,0,0,0,0,0,0,1
2023-11-17 19:00:00,3,20,1398,42,0,10.8,3.9,2.4,1,0,0,0,0,0,0,0,1
2023-11-17 16:00:00,3,17,1487,32,0,10.8,3.9,2.4,1,0,0,0,0,0,0,0,1
2023-11-16 13:00:00,0,14,1762,2,0,11.2,5.5,0.0,0,0,0,0,1,0,0,0,1
2023-11-17 12:00:00,29,13,3404,237,0,10.8,3.9,2.4,1,0,0,0,0,0,0,0,1
2023-11-17 13:00:00,22,14,3225,37,0,10.8,3.9,2.4,1,0,0,0,0,0,0,0,1
2023-11-17 00:00:00,1,1,391,12,0,10.8,3.9,2.4,1,0,0,0,0,0,0,0,1
2023-11-16 20:00:00,3,21,766,41,0,11.2,5.5,0.0,0,0,0,0,1,0,0,0,1
2023-11-17 03:00:00,1,4,98,5,0,10.8,3.9,2.4,1,0,0,0,0,0,0,0,1
2023-11-16 19:00:00,3,20,979,34,0,11.2,5.5,0.0,0,0,0,0,1,0,0,0,1
2023-11-16 03:00:00,3,4,120,0,0,11.2,5.5,0.0,0,0,0,0,1,0,0,0,1
2023-11-18 14:00:00,10,15,2617,247,0,12.9,5.5,9.6,0,0,1,0,0,0,0,0,1
2023-11-18 11:00:00,10,12,1538,224,0,12.9,5.5,9.6,0,0,1,0,0,0,0,0,1
2023-11-18 09:00:00,10,10,883,150,0,12.9,5.5,9.6,0,0,1,0,0,0,0,0,1
2023-11-17 15:00:00,17,16,2413,87,0,10.8,3.9,2.4,1,0,0,0,0,0,0,0,1
2023-11-17 21:00:00,0,22,1249,99,0,10.8,3.9,2.4,1,0,0,0,0,0,0,0,1
2023-11-16 21:00:00,2,22,573,41,0,11.2,5.5,0.0,0,0,0,0,1,0,0,0,1
2023-11-16 23:00:00,2,0,561,10,0,11.2,5.5,0.0,0,0,0,0,1,0,0,0,1
2023-11-17 09:00:00,16,10,1677,178,0,10.8,3.9,2.4,1,0,0,0,0,0,0,0,1
2023-11-17 10:00:00,15,11,1658,276,0,10.8,3.9,2.4,1,0,0,0,0,0,0,0,1
2023-11-17 11:00:00,13,12,2373,270,0,10.8,3.9,2.4,1,0,0,0,0,0,0,0,1
2023-11-16 05:00:00,2,6,83,4,0,11.2,5.5,0.0,0,0,0,0,1,0,0,0,1
2023-11-16 02:00:00,2,3,336,2,0,11.2,5.5,0.0,0,0,0,0,1,0,0,0,1
2023-11-18 16:00:00,7,17,1578,51,0,12.9,5.5,9.6,0,0,1,0,0,0,0,0,1
2023-11-16 01:00:00,2,2,255,1,0,11.2,5.5,0.0,0,0,0,0,1,0,0,0,1
2023-11-18 10:00:00,6,11,1058,200,0,12.9,5.5,9.6,0,0,1,0,0,0,0,0,1
2023-11-18 08:00:00,6,9,369,72,0,12.9,5.5,9.6,0,0,1,0,0,0,0,0,1
2023-11-16 06:00:00,1,7,127,4,0,11.2,5.5,0.0,0,0,0,0,1,0,0,0,1
2023-11-18 01:00:00,1,2,462,42,0,12.9,5.5,9.6,0,0,1,0,0,0,0,0,1
2023-11-18 21:00:00,1,22,694,37,0,12.9,5.5,9.6,0,0,1,0,0,0,0,0,1
2023-11-18 07:00:00,1,8,162,32,0,12.9,5.5,9.6,0,0,1,0,0,0,0,0,1
2023-11-19 07:00:00,1,8,198,32,0,12.5,5.5,0.2,0,0,0,1,0,0,0,0,1
2023-11-18 02:00:00,1,3,421,29,0,12.9,5.5,9.6,0,0,1,0,0,0,0,0,1
2023-11-19 04:00:00,1,5,102,10,0,12.5,5.5,0.2,0,0,0,1,0,0,0,0,1
2023-11-18 23:00:00,1,0,569,23,0,12.9,5.5,9.6,0,0,1,0,0,0,0,0,1
2023-11-18 15:00:00,1,16,1509,18,0,12.9,5.5,9.6,0,0,1,0,0,0,0,0,1
2023-11-18 03:00:00,1,4,386,17,0,12.9,5.5,9.6,0,0,1,0,0,0,0,0,1
2023-11-20 16:00:00,5,17,1888,68,0,12.0,8.3,0.0,0,1,0,0,0,0,0,0,1
2023-11-19 19:00:00,0,20,1029,110,0,12.5,5.5,0.2,0,0,0,1,0,0,0,0,1
2023-11-19 21:00:00,0,22,714,76,0,12.5,5.5,0.2,0,0,0,1,0,0,0,0,1
2023-11-19 03:00:00,0,4,724,42,0,12.5,5.5,0.2,0,0,0,1,0,0,0,0,1
2023-11-20 17:00:00,5,18,1551,46,0,12.0,8.3,0.0,0,1,0,0,0,0,0,0,1
2023-11-20 09:00:00,16,10,1096,210,0,12.0,8.3,0.0,0,1,0,0,0,0,0,0,1
2023-11-19 13:00:00,19,14,2116,92,0,12.5,5.5,0.2,0,0,0,1,0,0,0,0,1
2023-11-19 17:00:00,5,18,1658,96,0,12.5,5.5,0.2,0,0,0,1,0,0,0,0,1
2023-11-19 10:00:00,12,11,882,161,0,12.5,5.5,0.2,0,0,0,1,0,0,0,0,1
2023-11-19 11:00:00,10,12,1074,110,0,12.5,5.5,0.2,0,0,0,1,0,0,0,0,1
2023-11-19 09:00:00,7,10,495,100,0,12.5,5.5,0.2,0,0,0,1,0,0,0,0,1
2023-11-19 12:00:00,5,13,1918,34,0,12.5,5.5,0.2,0,0,0,1,0,0,0,0,1
2023-11-19 00:00:00,0,1,637,9,0,12.5,5.5,0.2,0,0,0,1,0,0,0,0,1
2023-11-20 11:00:00,14,12,1823,192,0,12.0,8.3,0.0,0,1,0,0,0,0,0,0,1
2023-11-19 01:00:00,0,2,767,5,0,12.5,5.5,0.2,0,0,0,1,0,0,0,0,1
2023-11-19 05:00:00,0,6,120,5,0,12.5,5.5,0.2,0,0,0,1,0,0,0,0,1
2023-11-19 06:00:00,0,7,113,5,0,12.5,5.5,0.2,0,0,0,1,0,0,0,0,1
2023-11-20 14:00:00,12,15,1853,132,0,12.0,8.3,0.0,0,1,0,0,0,0,0,0,1
2023-11-18 17:00:00,0,18,1678,8,0,12.9,5.5,9.6,0,0,1,0,0,0,0,0,1
2023-11-20 19:00:00,3,20,915,98,0,12.0,8.3,0.0,0,1,0,0,0,0,0,0,1
2023-11-18 04:00:00,0,5,37,5,0,12.9,5.5,9.6,0,0,1,0,0,0,0,0,1
2023-11-19 02:00:00,3,3,956,20,0,12.5,5.5,0.2,0,0,0,1,0,0,0,0,1
2023-11-20 23:00:00,3,0,402,45,0,12.0,8.3,0.0,0,1,0,0,0,0,0,0,1
2023-11-18 06:00:00,0,7,126,4,0,12.9,5.5,9.6,0,0,1,0,0,0,0,0,1
2023-11-18 05:00:00,0,6,68,3,0,12.9,5.5,9.6,0,0,1,0,0,0,0,0,1
2023-11-19 14:00:00,31,15,2070,173,0,12.5,5.5,0.2,0,0,0,1,0,0,0,0,1
2023-11-19 15:00:00,21,16,1886,225,0,12.5,5.5,0.2,0,0,0,1,0,0,0,0,1
2023-11-20 18:00:00,7,19,1250,100,0,12.0,8.3,0.0,0,1,0,0,0,0,0,0,1
2023-11-20 10:00:00,6,11,1363,153,0,12.0,8.3,0.0,0,1,0,0,0,0,0,0,1
2023-11-20 08:00:00,6,9,791,147,0,12.0,8.3,0.0,0,1,0,0,0,0,0,0,1
2023-11-19 16:00:00,2,17,1914,127,0,12.5,5.5,0.2,0,0,0,1,0,0,0,0,1
2023-11-20 07:00:00,2,8,330,32,0,12.0,8.3,0.0,0,1,0,0,0,0,0,0,1
2023-11-19 22:00:00,2,23,642,77,0,12.5,5.5,0.2,0,0,0,1,0,0,0,0,1
2023-11-19 08:00:00,2,9,222,62,0,12.5,5.5,0.2,0,0,0,1,0,0,0,0,1
2023-11-19 23:00:00,2,0,284,21,0,12.5,5.5,0.2,0,0,0,1,0,0,0,0,1
2023-11-19 18:00:00,1,19,1403,104,0,12.5,5.5,0.2,0,0,0,1,0,0,0,0,1
2023-11-19 20:00:00,1,21,733,50,0,12.5,5.5,0.2,0,0,0,1,0,0,0,0,1
2023-11-20 13:00:00,21,14,2471,133,0,12.0,8.3,0.0,0,1,0,0,0,0,0,0,1
2023-11-20 21:00:00,1,22,654,60,0,12.0,8.3,0.0,0,1,0,0,0,0,0,0,1
2023-11-20 22:00:00,1,23,497,47,0,12.0,8.3,0.0,0,1,0,0,0,0,0,0,1
2023-11-20 15:00:00,19,16,1757,130,0,12.0,8.3,0.0,0,1,0,0,0,0,0,0,1
2023-11-20 01:00:00,1,2,168,18,0,12.0,8.3,0.0,0,1,0,0,0,0,0,0,1
2023-11-20 06:00:00,1,7,167,10,0,12.0,8.3,0.0,0,1,0,0,0,0,0,0,1
2023-11-20 12:00:00,18,13,2475,139,0,12.0,8.3,0.0,0,1,0,0,0,0,0,0,1
2023-11-21 01:00:00,0,2,137,31,0,14.4,3.8,0.0,0,0,0,0,0,1,0,0,1
2023-11-20 00:00:00,0,1,216,4,0,12.0,8.3,0.0,0,1,0,0,0,0,0,0,1
2023-11-21 06:00:00,0,7,139,11,0,14.4,3.8,0.0,0,0,0,0,0,1,0,0,1
2023-11-21 05:00:00,0,6,103,7,0,14.4,3.8,0.0,0,0,0,0,0,1,0,0,1
2023-11-21 04:00:00,0,5,22,4,0,14.4,3.8,0.0,0,0,0,0,0,1,0,0,1
2023-11-22 16:00:00,6,17,2314,93,0,13.1,5.5,0.0,0,0,0,0,0,0,1,0,1
2023-11-22 19:00:00,6,20,971,49,0,13.1,5.5,0.0,0,0,0,0,0,0,1,0,1
2023-11-21 20:00:00,6,21,742,19,0,14.4,3.8,0.0,0,0,0,0,0,1,0,0,1
2023-11-22 12:00:00,47,13,2804,228,0,13.1,5.5,0.0,0,0,0,0,0,0,1,0,1
2023-11-20 04:00:00,0,5,22,1,0,12.0,8.3,0.0,0,1,0,0,0,0,0,0,1
2023-11-21 17:00:00,12,18,1939,61,0,14.4,3.8,0.0,0,0,0,0,0,1,0,0,1
2023-11-21 19:00:00,10,20,823,50,0,14.4,3.8,0.0,0,0,0,0,0,1,0,0,1
2023-11-21 16:00:00,9,17,2004,98,0,14.4,3.8,0.0,0,0,0,0,0,1,0,0,1
2023-11-21 21:00:00,9,22,716,31,0,14.4,3.8,0.0,0,0,0,0,0,1,0,0,1
2023-11-21 09:00:00,45,10,990,203,0,14.4,3.8,0.0,0,0,0,0,0,1,0,0,1
2023-11-21 12:00:00,40,13,2565,223,0,14.4,3.8,0.0,0,0,0,0,0,1,0,0,1
2023-11-21 14:00:00,38,15,1804,89,0,14.4,3.8,0.0,0,0,0,0,0,1,0,0,1
2023-11-21 10:00:00,36,11,1398,228,0,14.4,3.8,0.0,0,0,0,0,0,1,0,0,1
2023-11-21 13:00:00,29,14,2559,107,0,14.4,3.8,0.0,0,0,0,0,0,1,0,0,1
2023-11-21 11:00:00,28,12,1690,174,0,14.4,3.8,0.0,0,0,0,0,0,1,0,0,1
2023-11-21 08:00:00,22,9,766,237,0,14.4,3.8,0.0,0,0,0,0,0,1,0,0,1
2023-11-21 15:00:00,21,16,1793,153,0,14.4,3.8,0.0,0,0,0,0,0,1,0,0,1
2023-11-22 15:00:00,12,16,2081,140,0,13.1,5.5,0.0,0,0,0,0,0,0,1,0,1
2023-11-22 07:00:00,4,8,265,55,0,13.1,5.5,0.0,0,0,0,0,0,0,1,0,1
2023-11-22 10:00:00,36,11,1487,216,0,13.1,5.5,0.0,0,0,0,0,0,0,1,0,1
2023-11-22 11:00:00,32,12,1950,223,0,13.1,5.5,0.0,0,0,0,0,0,0,1,0,1
2023-11-22 09:00:00,32,10,969,167,0,13.1,5.5,0.0,0,0,0,0,0,0,1,0,1
2023-11-22 13:00:00,27,14,3175,139,0,13.1,5.5,0.0,0,0,0,0,0,0,1,0,1
2023-11-22 08:00:00,26,9,709,292,0,13.1,5.5,0.0,0,0,0,0,0,0,1,0,1
2023-11-22 14:00:00,20,15,2487,134,0,13.1,5.5,0.0,0,0,0,0,0,0,1,0,1
2023-11-21 18:00:00,5,19,1240,100,0,14.4,3.8,0.0,0,0,0,0,0,1,0,0,1
2023-11-22 18:00:00,4,19,1387,35,0,13.1,5.5,0.0,0,0,0,0,0,0,1,0,1
2023-11-21 07:00:00,4,8,249,36,0,14.4,3.8,0.0,0,0,0,0,0,1,0,0,1
2023-11-21 03:00:00,4,4,25,1,0,14.4,3.8,0.0,0,0,0,0,0,1,0,0,1
2023-11-22 23:00:00,3,0,551,72,0,13.1,5.5,0.0,0,0,0,0,0,0,1,0,1
2023-11-22 01:00:00,3,2,218,45,0,13.1,5.5,0.0,0,0,0,0,0,0,1,0,1
2023-11-21 23:00:00,3,0,626,84,0,14.4,3.8,0.0,0,0,0,0,0,1,0,0,1
2023-11-21 00:00:00,3,1,310,30,0,14.4,3.8,0.0,0,0,0,0,0,1,0,0,1
2023-11-20 20:00:00,0,21,635,44,0,12.0,8.3,0.0,0,1,0,0,0,0,0,0,1
2023-11-22 22:00:00,2,23,592,59,0,13.1,5.5,0.0,0,0,0,0,0,0,1,0,1
2023-11-22 02:00:00,2,3,151,19,0,13.1,5.5,0.0,0,0,0,0,0,0,1,0,1
2023-11-22 06:00:00,2,7,118,7,0,13.1,5.5,0.0,0,0,0,0,0,0,1,0,1
2023-11-22 20:00:00,1,21,1091,80,0,13.1,5.5,0.0,0,0,0,0,0,0,1,0,1
2023-11-21 02:00:00,2,3,55,12,0,14.4,3.8,0.0,0,0,0,0,0,1,0,0,1
2023-11-20 05:00:00,0,6,102,14,0,12.0,8.3,0.0,0,1,0,0,0,0,0,0,1
2023-11-22 17:00:00,8,18,1839,87,0,13.1,5.5,0.0,0,0,0,0,0,0,1,0,1
2023-11-22 21:00:00,8,22,895,68,0,13.1,5.5,0.0,0,0,0,0,0,0,1,0,1
2023-11-21 22:00:00,1,23,443,63,0,14.4,3.8,0.0,0,0,0,0,0,1,0,0,1
2023-11-20 02:00:00,0,3,80,8,0,12.0,8.3,0.0,0,1,0,0,0,0,0,0,1
2023-11-20 03:00:00,0,4,50,7,0,12.0,8.3,0.0,0,1,0,0,0,0,0,0,1
2023-11-23 20:00:00,4,21,949,130,0,6.7,11.5,0.0,0,0,0,0,1,0,0,0,1
2023-11-22 05:00:00,1,6,134,13,0,13.1,5.5,0.0,0,0,0,0,0,0,1,0,1
2023-11-23 02:00:00,4,3,781,26,0,6.7,11.5,0.0,0,0,0,0,1,0,0,0,1
2023-11-24 00:00:00,2,1,404,46,0,4.6,4.1,0.0,1,0,0,0,0,0,0,0,1
2023-11-22 03:00:00,1,4,45,7,0,13.1,5.5,0.0,0,0,0,0,0,0,1,0,1
2023-11-23 09:00:00,10,10,887,196,0,6.7,11.5,0.0,0,0,0,0,1,0,0,0,1
2023-11-23 23:00:00,0,0,496,71,0,6.7,11.5,0.0,0,0,0,0,1,0,0,0,1
2023-11-24 17:00:00,7,18,2233,140,0,4.6,4.1,0.0,1,0,0,0,0,0,0,0,1
2023-11-24 11:00:00,23,12,2112,250,0,4.6,4.1,0.0,1,0,0,0,0,0,0,0,1
2023-11-23 10:00:00,7,11,861,150,0,6.7,11.5,0.0,0,0,0,0,1,0,0,0,1
2023-11-23 07:00:00,6,8,274,42,0,6.7,11.5,0.0,0,0,0,0,1,0,0,0,1
2023-11-23 12:00:00,40,13,2522,242,0,6.7,11.5,0.0,0,0,0,0,1,0,0,0,1
2023-11-23 19:00:00,3,20,1141,107,0,6.7,11.5,0.0,0,0,0,0,1,0,0,0,1
2023-11-24 08:00:00,21,9,815,283,0,4.6,4.1,0.0,1,0,0,0,0,0,0,0,1
2023-11-23 01:00:00,0,2,402,43,0,6.7,11.5,0.0,0,0,0,0,1,0,0,0,1
2023-11-23 05:00:00,0,6,138,16,0,6.7,11.5,0.0,0,0,0,0,1,0,0,0,1
2023-11-23 03:00:00,0,4,229,13,0,6.7,11.5,0.0,0,0,0,0,1,0,0,0,1
2023-11-24 12:00:00,20,13,3062,197,0,4.6,4.1,0.0,1,0,0,0,0,0,0,0,1
2023-11-23 00:00:00,3,1,380,70,0,6.7,11.5,0.0,0,0,0,0,1,0,0,0,1
2023-11-23 22:00:00,3,23,546,46,0,6.7,11.5,0.0,0,0,0,0,1,0,0,0,1
2023-11-23 14:00:00,28,15,2329,219,0,6.7,11.5,0.0,0,0,0,0,1,0,0,0,1
2023-11-23 17:00:00,28,18,1795,56,0,6.7,11.5,0.0,0,0,0,0,1,0,0,0,1
2023-11-23 13:00:00,22,14,2736,265,0,6.7,11.5,0.0,0,0,0,0,1,0,0,0,1
2023-11-23 15:00:00,19,16,1900,173,0,6.7,11.5,0.0,0,0,0,0,1,0,0,0,1
2023-11-23 16:00:00,19,17,2075,101,0,6.7,11.5,0.0,0,0,0,0,1,0,0,0,1
2023-11-23 08:00:00,18,9,759,297,0,6.7,11.5,0.0,0,0,0,0,1,0,0,0,1
2023-11-23 11:00:00,17,12,1432,176,0,6.7,11.5,0.0,0,0,0,0,1,0,0,0,1
2023-11-23 18:00:00,13,19,1475,51,0,6.7,11.5,0.0,0,0,0,0,1,0,0,0,1
2023-11-22 00:00:00,0,1,464,61,0,13.1,5.5,0.0,0,0,0,0,0,0,1,0,1
2023-11-24 22:00:00,1,23,880,111,0,4.6,4.1,0.0,1,0,0,0,0,0,0,0,1
2023-11-24 18:00:00,5,19,1913,111,0,4.6,4.1,0.0,1,0,0,0,0,0,0,0,1
2023-11-24 16:00:00,5,17,2759,108,0,4.6,4.1,0.0,1,0,0,0,0,0,0,0,1
2023-11-24 20:00:00,4,21,1241,94,0,4.6,4.1,0.0,1,0,0,0,0,0,0,0,1
2023-11-24 19:00:00,3,20,1423,103,0,4.6,4.1,0.0,1,0,0,0,0,0,0,0,1
2023-11-24 07:00:00,3,8,266,31,0,4.6,4.1,0.0,1,0,0,0,0,0,0,0,1
2023-11-24 13:00:00,16,14,3491,150,0,4.6,4.1,0.0,1,0,0,0,0,0,0,0,1
2023-11-24 14:00:00,16,15,2965,123,0,4.6,4.1,0.0,1,0,0,0,0,0,0,0,1
2023-11-24 10:00:00,15,11,1602,96,0,4.6,4.1,0.0,1,0,0,0,0,0,0,0,1
2023-11-24 15:00:00,15,16,2533,84,0,4.6,4.1,0.0,1,0,0,0,0,0,0,0,1
2023-11-24 09:00:00,12,10,1185,160,0,4.6,4.1,0.0,1,0,0,0,0,0,0,0,1
2023-11-23 06:00:00,1,7,150,23,0,6.7,11.5,0.0,0,0,0,0,1,0,0,0,1
2023-11-24 04:00:00,1,5,32,4,0,4.6,4.1,0.0,1,0,0,0,0,0,0,0,1
2023-11-22 04:00:00,0,5,25,7,0,13.1,5.5,0.0,0,0,0,0,0,0,1,0,1
2023-11-24 23:00:00,0,0,839,134,0,4.6,4.1,0.0,1,0,0,0,0,0,0,0,1
2023-11-23 04:00:00,1,5,31,1,0,6.7,11.5,0.0,0,0,0,0,1,0,0,0,1
2023-11-23 21:00:00,0,22,696,100,0,6.7,11.5,0.0,0,0,0,0,1,0,0,0,1
2023-11-24 21:00:00,0,22,835,63,0,4.6,4.1,0.0,1,0,0,0,0,0,0,0,1
2023-11-26 16:00:00,5,17,1518,9,0,8.4,5.5,0.0,0,0,0,1,0,0,0,0,1
2023-11-25 10:00:00,17,11,1773,174,0,4.3,5.5,0.0,0,0,1,0,0,0,0,0,1
2023-11-25 08:00:00,16,9,427,134,0,4.3,5.5,0.0,0,0,1,0,0,0,0,0,1
2023-11-25 13:00:00,15,14,3536,173,0,4.3,5.5,0.0,0,0,1,0,0,0,0,0,1
2023-11-25 12:00:00,15,13,2783,45,0,4.3,5.5,0.0,0,0,1,0,0,0,0,0,1
2023-11-25 15:00:00,15,16,4121,33,0,4.3,5.5,0.0,0,0,1,0,0,0,0,0,1
2023-11-25 16:00:00,14,17,5958,26,0,4.3,5.5,0.0,0,0,1,0,0,0,0,0,1
2023-11-25 23:00:00,9,0,653,9,0,4.3,5.5,0.0,0,0,1,0,0,0,0,0,1
2023-11-25 11:00:00,8,12,1877,181,0,4.3,5.5,0.0,0,0,1,0,0,0,0,0,1
2023-11-25 00:00:00,6,1,553,94,0,4.3,5.5,0.0,0,0,1,0,0,0,0,0,1
2023-11-25 02:00:00,2,3,553,10,0,4.3,5.5,0.0,0,0,1,0,0,0,0,0,1
2023-11-25 01:00:00,6,2,533,88,0,4.3,5.5,0.0,0,0,1,0,0,0,0,0,1
2023-11-25 03:00:00,0,4,343,6,0,4.3,5.5,0.0,0,0,1,0,0,0,0,0,1
2023-11-25 05:00:00,0,6,81,4,0,4.3,5.5,0.0,0,0,1,0,0,0,0,0,1
2023-11-25 04:00:00,0,5,31,1,0,4.3,5.5,0.0,0,0,1,0,0,0,0,0,1
2023-11-26 10:00:00,19,11,793,168,0,8.4,5.5,0.0,0,0,0,1,0,0,0,0,1
2023-11-26 11:00:00,17,12,1061,203,0,8.4,5.5,0.0,0,0,0,1,0,0,0,0,1
2023-11-26 22:00:00,1,23,485,66,0,8.4,5.5,0.0,0,0,0,1,0,0,0,0,1
2023-11-26 09:00:00,4,10,317,77,0,8.4,5.5,0.0,0,0,0,1,0,0,0,0,1
2023-11-25 22:00:00,1,23,988,42,0,4.3,5.5,0.0,0,0,1,0,0,0,0,0,1
2023-11-25 06:00:00,1,7,89,6,0,4.3,5.5,0.0,0,0,1,0,0,0,0,0,1
2023-11-26 20:00:00,3,21,797,86,0,8.4,5.5,0.0,0,0,0,1,0,0,0,0,1
2023-11-26 08:00:00,2,9,284,88,0,8.4,5.5,0.0,0,0,0,1,0,0,0,0,1
2023-11-26 15:00:00,2,16,1590,77,0,8.4,5.5,0.0,0,0,0,1,0,0,0,0,1
2023-11-26 07:00:00,2,8,141,21,0,8.4,5.5,0.0,0,0,0,1,0,0,0,0,1
2023-11-25 19:00:00,5,20,2066,79,0,4.3,5.5,0.0,0,0,1,0,0,0,0,0,1
2023-11-25 17:00:00,5,18,3941,14,0,4.3,5.5,0.0,0,0,1,0,0,0,0,0,1
2023-11-26 21:00:00,0,22,511,91,0,8.4,5.5,0.0,0,0,0,1,0,0,0,0,1
2023-11-26 23:00:00,0,0,316,38,0,8.4,5.5,0.0,0,0,0,1,0,0,0,0,1
2023-11-26 18:00:00,10,19,803,3,0,8.4,5.5,0.0,0,0,0,1,0,0,0,0,1
2023-11-24 06:00:00,0,7,110,16,0,4.6,4.1,0.0,1,0,0,0,0,0,0,0,1
2023-11-24 01:00:00,0,2,196,15,0,4.6,4.1,0.0,1,0,0,0,0,0,0,0,1
2023-11-24 05:00:00,0,6,128,12,0,4.6,4.1,0.0,1,0,0,0,0,0,0,0,1
2023-11-24 02:00:00,0,3,142,7,0,4.6,4.1,0.0,1,0,0,0,0,0,0,0,1
2023-11-26 14:00:00,9,15,1763,135,0,8.4,5.5,0.0,0,0,0,1,0,0,0,0,1
2023-11-26 12:00:00,9,13,1931,130,0,8.4,5.5,0.0,0,0,0,1,0,0,0,0,1
2023-11-24 03:00:00,0,4,101,5,0,4.6,4.1,0.0,1,0,0,0,0,0,0,0,1
2023-11-25 14:00:00,24,15,3842,149,0,4.3,5.5,0.0,0,0,1,0,0,0,0,0,1
2023-11-25 09:00:00,4,10,959,123,0,4.3,5.5,0.0,0,0,1,0,0,0,0,0,1
2023-11-25 18:00:00,4,19,3083,8,0,4.3,5.5,0.0,0,0,1,0,0,0,0,0,1
2023-11-26 13:00:00,8,14,2136,238,0,8.4,5.5,0.0,0,0,0,1,0,0,0,0,1
2023-11-26 17:00:00,8,18,1160,7,0,8.4,5.5,0.0,0,0,0,1,0,0,0,0,1
2023-11-25 21:00:00,3,22,782,28,0,4.3,5.5,0.0,0,0,1,0,0,0,0,0,1
2023-11-26 19:00:00,6,20,915,88,0,8.4,5.5,0.0,0,0,0,1,0,0,0,0,1
2023-11-26 02:00:00,6,3,369,11,0,8.4,5.5,0.0,0,0,0,1,0,0,0,0,1
2023-11-26 01:00:00,6,2,366,9,0,8.4,5.5,0.0,0,0,0,1,0,0,0,0,1
2023-11-26 00:00:00,5,1,449,12,0,8.4,5.5,0.0,0,0,0,1,0,0,0,0,1
2023-11-25 20:00:00,2,21,1393,108,0,4.3,5.5,0.0,0,0,1,0,0,0,0,0,1
2023-11-25 07:00:00,2,8,153,50,0,4.3,5.5,0.0,0,0,1,0,0,0,0,0,1
2023-11-28 10:00:00,22,11,1494,208,0,3.6,1.1,0.0,0,0,0,0,0,1,0,0,1
2023-11-28 11:00:00,20,12,1862,223,0,3.6,1.1,0.0,0,0,0,0,0,1,0,0,1
2023-11-28 12:00:00,20,13,2605,216,0,3.6,1.1,0.0,0,0,0,0,0,1,0,0,1
2023-11-28 14:00:00,19,15,1356,139,0,3.6,1.1,0.0,0,0,0,0,0,1,0,0,1
2023-11-28 08:00:00,14,9,740,287,0,3.6,1.1,0.0,0,0,0,0,0,1,0,0,1
2023-11-28 09:00:00,10,10,818,186,0,3.6,1.1,0.0,0,0,0,0,0,1,0,0,1
2023-11-28 15:00:00,10,16,1631,116,0,3.6,1.1,0.0,0,0,0,0,0,1,0,0,1
2023-11-28 16:00:00,10,17,2069,26,0,3.6,1.1,0.0,0,0,0,0,0,1,0,0,1
2023-11-27 17:00:00,3,18,1366,5,0,4.8,5.5,2.4,0,1,0,0,0,0,0,0,1
2023-11-28 00:00:00,0,1,355,47,0,3.6,1.1,0.0,0,0,0,0,0,1,0,0,1
2023-11-28 07:00:00,9,8,295,54,0,3.6,1.1,0.0,0,0,0,0,0,1,0,0,1
2023-11-26 03:00:00,0,4,340,5,0,8.4,5.5,0.0,0,0,0,1,0,0,0,0,1
2023-11-26 05:00:00,0,6,92,4,0,8.4,5.5,0.0,0,0,0,1,0,0,0,0,1
2023-11-28 17:00:00,8,18,1809,87,0,3.6,1.1,0.0,0,0,0,0,0,1,0,0,1
2023-11-28 18:00:00,4,19,1057,77,0,3.6,1.1,0.0,0,0,0,0,0,1,0,0,1
2023-11-28 19:00:00,3,20,1020,105,0,3.6,1.1,0.0,0,0,0,0,0,1,0,0,1
2023-11-28 20:00:00,3,21,1018,88,0,3.6,1.1,0.0,0,0,0,0,0,1,0,0,1
2023-11-26 04:00:00,0,5,68,4,0,8.4,5.5,0.0,0,0,0,1,0,0,0,0,1
2023-11-27 09:00:00,9,10,1264,232,0,4.8,5.5,2.4,0,1,0,0,0,0,0,0,1
2023-11-26 06:00:00,0,7,65,2,0,8.4,5.5,0.0,0,0,0,1,0,0,0,0,1
2023-11-27 06:00:00,6,7,145,19,0,4.8,5.5,2.4,0,1,0,0,0,0,0,0,1
2023-11-27 18:00:00,4,19,1232,17,0,4.8,5.5,2.4,0,1,0,0,0,0,0,0,1
2023-11-27 07:00:00,3,8,314,62,0,4.8,5.5,2.4,0,1,0,0,0,0,0,0,1
2023-11-27 16:00:00,3,17,1650,25,0,4.8,5.5,2.4,0,1,0,0,0,0,0,0,1
2023-11-28 23:00:00,2,0,518,55,0,3.6,1.1,0.0,0,0,0,0,0,1,0,0,1
2023-11-27 01:00:00,0,2,143,30,0,4.8,5.5,2.4,0,1,0,0,0,0,0,0,1
2023-11-27 03:00:00,0,4,69,14,0,4.8,5.5,2.4,0,1,0,0,0,0,0,0,1
2023-11-27 04:00:00,0,5,35,4,0,4.8,5.5,2.4,0,1,0,0,0,0,0,0,1
2023-11-28 13:00:00,53,14,2677,227,0,3.6,1.1,0.0,0,0,0,0,0,1,0,0,1
2023-11-27 20:00:00,2,21,555,38,0,4.8,5.5,2.4,0,1,0,0,0,0,0,0,1
2023-11-28 01:00:00,0,2,160,22,0,3.6,1.1,0.0,0,0,0,0,0,1,0,0,1
2023-11-28 02:00:00,2,3,77,7,0,3.6,1.1,0.0,0,0,0,0,0,1,0,0,1
2023-11-27 13:00:00,36,14,2669,226,0,4.8,5.5,2.4,0,1,0,0,0,0,0,0,1
2023-11-28 22:00:00,1,23,679,72,0,3.6,1.1,0.0,0,0,0,0,0,1,0,0,1
2023-11-28 21:00:00,1,22,492,55,0,3.6,1.1,0.0,0,0,0,0,0,1,0,0,1
2023-11-28 06:00:00,1,7,171,15,0,3.6,1.1,0.0,0,0,0,0,0,1,0,0,1
2023-11-27 12:00:00,23,13,3029,243,0,4.8,5.5,2.4,0,1,0,0,0,0,0,0,1
2023-11-27 11:00:00,20,12,2243,228,0,4.8,5.5,2.4,0,1,0,0,0,0,0,0,1
2023-11-28 05:00:00,0,6,66,5,0,3.6,1.1,0.0,0,0,0,0,0,1,0,0,1
2023-11-28 03:00:00,0,4,47,5,0,3.6,1.1,0.0,0,0,0,0,0,1,0,0,1
2023-11-27 10:00:00,17,11,1910,244,0,4.8,5.5,2.4,0,1,0,0,0,0,0,0,1
2023-11-27 14:00:00,15,15,1955,194,0,4.8,5.5,2.4,0,1,0,0,0,0,0,0,1
2023-11-27 15:00:00,13,16,1418,82,0,4.8,5.5,2.4,0,1,0,0,0,0,0,0,1
2023-11-27 08:00:00,12,9,893,310,0,4.8,5.5,2.4,0,1,0,0,0,0,0,0,1
2023-11-28 04:00:00,0,5,27,1,0,3.6,1.1,0.0,0,0,0,0,0,1,0,0,1
2023-11-27 23:00:00,1,0,510,62,0,4.8,5.5,2.4,0,1,0,0,0,0,0,0,1
2023-11-27 22:00:00,1,23,611,59,0,4.8,5.5,2.4,0,1,0,0,0,0,0,0,1
2023-11-27 21:00:00,1,22,691,50,0,4.8,5.5,2.4,0,1,0,0,0,0,0,0,1
2023-11-27 00:00:00,1,1,283,36,0,4.8,5.5,2.4,0,1,0,0,0,0,0,0,1
2023-11-27 19:00:00,1,20,851,21,0,4.8,5.5,2.4,0,1,0,0,0,0,0,0,1
2023-11-27 05:00:00,1,6,127,18,0,4.8,5.5,2.4,0,1,0,0,0,0,0,0,1
2023-11-27 02:00:00,1,3,138,14,0,4.8,5.5,2.4,0,1,0,0,0,0,0,0,1
2023-11-30 05:00:00,1,6,135,16,1,2.2,-0.7,0.0,0,0,0,0,1,0,0,0,1
2023-11-30 11:00:00,1,12,1993,5,1,2.2,-0.7,0.0,0,0,0,0,1,0,0,0,1
2023-11-30 04:00:00,1,5,46,3,1,2.2,-0.7,0.0,0,0,0,0,1,0,0,0,1
2023-11-30 23:00:00,0,0,547,55,1,2.2,-0.7,0.0,0,0,0,0,1,0,0,0,1
2023-11-29 17:00:00,7,18,1895,125,0,4.5,-0.7,0.0,0,0,0,0,0,0,1,0,1
2023-11-29 06:00:00,0,7,154,14,0,4.5,-0.7,0.0,0,0,0,0,0,0,1,0,1
2023-11-30 20:00:00,5,21,1055,81,1,2.2,-0.7,0.0,0,0,0,0,1,0,0,0,1
2023-11-29 05:00:00,0,6,86,14,0,4.5,-0.7,0.0,0,0,0,0,0,0,1,0,1
2023-11-29 19:00:00,6,20,1295,120,0,4.5,-0.7,0.0,0,0,0,0,0,0,1,0,1
2023-11-29 16:00:00,6,17,1890,58,0,4.5,-0.7,0.0,0,0,0,0,0,0,1,0,1
2023-11-29 20:00:00,5,21,953,109,0,4.5,-0.7,0.0,0,0,0,0,0,0,1,0,1
2023-11-29 21:00:00,3,22,854,91,0,4.5,-0.7,0.0,0,0,0,0,0,0,1,0,1
2023-11-29 07:00:00,3,8,345,34,0,4.5,-0.7,0.0,0,0,0,0,0,0,1,0,1
2023-11-29 03:00:00,2,4,47,6,0,4.5,-0.7,0.0,0,0,0,0,0,0,1,0,1
2023-11-29 22:00:00,1,23,832,107,0,4.5,-0.7,0.0,0,0,0,0,0,0,1,0,1
2023-11-29 23:00:00,1,0,469,94,0,4.5,-0.7,0.0,0,0,0,0,0,0,1,0,1
2023-11-30 16:00:00,13,17,2076,126,1,2.2,-0.7,0.0,0,0,0,0,1,0,0,0,1
2023-11-29 04:00:00,0,5,44,4,0,4.5,-0.7,0.0,0,0,0,0,0,0,1,0,1
2023-11-30 13:00:00,39,14,3943,80,1,2.2,-0.7,0.0,0,0,0,0,1,0,0,0,1
2023-11-30 08:00:00,22,9,795,344,1,2.2,-0.7,0.0,0,0,0,0,1,0,0,0,1
2023-11-30 14:00:00,21,15,2478,204,1,2.2,-0.7,0.0,0,0,0,0,1,0,0,0,1
2023-11-30 00:00:00,4,1,481,79,1,2.2,-0.7,0.0,0,0,0,0,1,0,0,0,1
2023-11-30 07:00:00,4,8,319,57,1,2.2,-0.7,0.0,0,0,0,0,1,0,0,0,1
2023-11-30 06:00:00,0,7,183,12,1,2.2,-0.7,0.0,0,0,0,0,1,0,0,0,1
2023-11-30 03:00:00,4,4,229,14,1,2.2,-0.7,0.0,0,0,0,0,1,0,0,0,1
2023-11-30 15:00:00,11,16,1506,187,1,2.2,-0.7,0.0,0,0,0,0,1,0,0,0,1
2023-11-29 00:00:00,1,1,450,54,0,4.5,-0.7,0.0,0,0,0,0,0,0,1,0,1
2023-11-29 01:00:00,1,2,270,43,0,4.5,-0.7,0.0,0,0,0,0,0,0,1,0,1
2023-11-30 12:00:00,10,13,2823,8,1,2.2,-0.7,0.0,0,0,0,0,1,0,0,0,1
2023-11-30 09:00:00,9,10,1018,172,1,2.2,-0.7,0.0,0,0,0,0,1,0,0,0,1
2023-11-30 01:00:00,3,2,282,65,1,2.2,-0.7,0.0,0,0,0,0,1,0,0,0,1
2023-11-30 02:00:00,3,3,334,32,1,2.2,-0.7,0.0,0,0,0,0,1,0,0,0,1
2023-11-30 19:00:00,2,20,1183,73,1,2.2,-0.7,0.0,0,0,0,0,1,0,0,0,1
2023-11-30 22:00:00,1,23,678,76,1,2.2,-0.7,0.0,0,0,0,0,1,0,0,0,1
2023-11-30 17:00:00,8,18,1835,47,1,2.2,-0.7,0.0,0,0,0,0,1,0,0,0,1
2023-11-30 18:00:00,7,19,1440,35,1,2.2,-0.7,0.0,0,0,0,0,1,0,0,0,1
2023-11-30 10:00:00,7,11,1794,25,1,2.2,-0.7,0.0,0,0,0,0,1,0,0,0,1
2023-11-30 21:00:00,6,22,735,86,1,2.2,-0.7,0.0,0,0,0,0,1,0,0,0,1
2023-11-29 02:00:00,0,3,149,21,0,4.5,-0.7,0.0,0,0,0,0,0,0,1,0,1
2023-11-29 12:00:00,13,13,2416,147,0,4.5,-0.7,0.0,0,0,0,0,0,0,1,0,1
2023-11-29 14:00:00,13,15,1547,113,0,4.5,-0.7,0.0,0,0,0,0,0,0,1,0,1
2023-11-29 09:00:00,12,10,1135,104,0,4.5,-0.7,0.0,0,0,0,0,0,0,1,0,1
2023-11-29 11:00:00,11,12,2028,129,0,4.5,-0.7,0.0,0,0,0,0,0,0,1,0,1
2023-11-29 10:00:00,10,11,1598,148,0,4.5,-0.7,0.0,0,0,0,0,0,0,1,0,1
2023-11-29 18:00:00,10,19,1639,143,0,4.5,-0.7,0.0,0,0,0,0,0,0,1,0,1
2023-11-29 13:00:00,8,14,2136,205,0,4.5,-0.7,0.0,0,0,0,0,0,0,1,0,1
2023-11-29 08:00:00,8,9,813,89,0,4.5,-0.7,0.0,0,0,0,0,0,0,1,0,1
2023-11-29 15:00:00,8,16,1437,65,0,4.5,-0.7,0.0,0,0,0,0,0,0,1,0,1
2023-10-02 10:00:00,62,11,1356,180,0,16.2,8.0,0.0,0,1,0,0,0,0,0,1,0
2023-10-01 11:00:00,45,12,960,162,0,13.6,8.9,0.5,0,0,0,1,0,0,0,1,0
2023-10-02 17:00:00,55,18,1665,274,0,16.2,8.0,0.0,0,1,0,0,0,0,0,1,0
2023-10-02 15:00:00,51,16,1949,137,0,16.2,8.0,0.0,0,1,0,0,0,0,0,1,0
2023-10-01 12:00:00,34,13,1681,155,0,13.6,8.9,0.5,0,0,0,1,0,0,0,1,0
2023-10-01 08:00:00,4,9,172,72,0,13.6,8.9,0.5,0,0,0,1,0,0,0,1,0
2023-10-02 12:00:00,45,13,2527,118,0,16.2,8.0,0.0,0,1,0,0,0,0,0,1,0
2023-10-01 14:00:00,29,15,3022,93,0,13.6,8.9,0.5,0,0,0,1,0,0,0,1,0
2023-10-02 14:00:00,43,15,2224,140,0,16.2,8.0,0.0,0,1,0,0,0,0,0,1,0
2023-10-01 17:00:00,26,18,2039,155,0,13.6,8.9,0.5,0,0,0,1,0,0,0,1,0
2023-10-01 00:00:00,4,1,857,34,0,13.6,8.9,0.5,0,0,0,1,0,0,0,1,0
2023-10-01 07:00:00,4,8,125,31,0,13.6,8.9,0.5,0,0,0,1,0,0,0,1,0
2023-10-01 18:00:00,23,19,1333,220,0,13.6,8.9,0.5,0,0,0,1,0,0,0,1,0
2023-10-01 15:00:00,22,16,2693,101,0,13.6,8.9,0.5,0,0,0,1,0,0,0,1,0
2023-10-01 16:00:00,20,17,2290,144,0,13.6,8.9,0.5,0,0,0,1,0,0,0,1,0
2023-10-01 13:00:00,17,14,1447,152,0,13.6,8.9,0.5,0,0,0,1,0,0,0,1,0
2023-10-01 10:00:00,14,11,703,153,0,13.6,8.9,0.5,0,0,0,1,0,0,0,1,0
2023-10-01 23:00:00,14,0,311,37,0,13.6,8.9,0.5,0,0,0,1,0,0,0,1,0
2023-10-01 22:00:00,12,23,599,77,0,13.6,8.9,0.5,0,0,0,1,0,0,0,1,0
2023-10-01 05:00:00,4,6,111,4,0,13.6,8.9,0.5,0,0,0,1,0,0,0,1,0
2023-10-02 18:00:00,42,19,1302,206,0,16.2,8.0,0.0,0,1,0,0,0,0,0,1,0
2023-10-02 16:00:00,41,17,2088,181,0,16.2,8.0,0.0,0,1,0,0,0,0,0,1,0
2023-10-02 08:00:00,37,9,696,274,0,16.2,8.0,0.0,0,1,0,0,0,0,0,1,0
2023-10-01 01:00:00,3,2,452,21,0,13.6,8.9,0.5,0,0,0,1,0,0,0,1,0
2023-10-02 09:00:00,31,10,912,165,0,16.2,8.0,0.0,0,1,0,0,0,0,0,1,0
2023-10-02 13:00:00,28,14,3108,132,0,16.2,8.0,0.0,0,1,0,0,0,0,0,1,0
2023-10-01 02:00:00,2,3,638,16,0,13.6,8.9,0.5,0,0,0,1,0,0,0,1,0
2023-10-01 03:00:00,2,4,828,10,0,13.6,8.9,0.5,0,0,0,1,0,0,0,1,0
2023-10-01 06:00:00,2,7,114,6,0,13.6,8.9,0.5,0,0,0,1,0,0,0,1,0
2023-10-02 06:00:00,4,7,127,13,0,16.2,8.0,0.0,0,1,0,0,0,0,0,1,0
2023-10-02 23:00:00,3,0,386,46,0,16.2,8.0,0.0,0,1,0,0,0,0,0,1,0
2023-10-02 21:00:00,2,22,251,9,0,16.2,8.0,0.0,0,1,0,0,0,0,0,1,0
2023-10-02 04:00:00,1,5,16,3,0,16.2,8.0,0.0,0,1,0,0,0,0,0,1,0
2023-10-01 21:00:00,10,22,616,42,0,13.6,8.9,0.5,0,0,0,1,0,0,0,1,0
2023-10-02 07:00:00,13,8,297,89,0,16.2,8.0,0.0,0,1,0,0,0,0,0,1,0
2023-10-02 05:00:00,0,6,61,3,0,16.2,8.0,0.0,0,1,0,0,0,0,0,1,0
2023-10-02 02:00:00,0,3,80,1,0,16.2,8.0,0.0,0,1,0,0,0,0,0,1,0
2023-10-02 01:00:00,0,2,144,0,0,16.2,8.0,0.0,0,1,0,0,0,0,0,1,0
2023-10-02 03:00:00,0,4,35,0,0,16.2,8.0,0.0,0,1,0,0,0,0,0,1,0
2023-10-03 12:00:00,96,13,3252,230,0,13.8,8.2,1.1,0,0,0,0,0,1,0,1,0
2023-10-03 13:00:00,88,14,3356,197,0,13.8,8.2,1.1,0,0,0,0,0,1,0,1,0
2023-10-03 11:00:00,79,12,2227,230,0,13.8,8.2,1.1,0,0,0,0,0,1,0,1,0
2023-10-03 10:00:00,67,11,1577,209,0,13.8,8.2,1.1,0,0,0,0,0,1,0,1,0
2023-10-03 09:00:00,61,10,1178,229,0,13.8,8.2,1.1,0,0,0,0,0,1,0,1,0
2023-10-03 08:00:00,48,9,988,290,0,13.8,8.2,1.1,0,0,0,0,0,1,0,1,0
2023-10-03 14:00:00,42,15,2273,194,0,13.8,8.2,1.1,0,0,0,0,0,1,0,1,0
2023-10-03 18:00:00,34,19,1175,127,0,13.8,8.2,1.1,0,0,0,0,0,1,0,1,0
2023-10-02 20:00:00,11,21,530,21,0,16.2,8.0,0.0,0,1,0,0,0,0,0,1,0
2023-10-01 09:00:00,8,10,400,102,0,13.6,8.9,0.5,0,0,0,1,0,0,0,1,0
2023-10-01 19:00:00,6,20,1089,112,0,13.6,8.9,0.5,0,0,0,1,0,0,0,1,0
2023-10-01 20:00:00,6,21,953,62,0,13.6,8.9,0.5,0,0,0,1,0,0,0,1,0
2023-10-02 19:00:00,6,20,793,50,0,16.2,8.0,0.0,0,1,0,0,0,0,0,1,0
2023-10-02 22:00:00,6,23,477,45,0,16.2,8.0,0.0,0,1,0,0,0,0,0,1,0
2023-10-02 00:00:00,6,1,344,31,0,16.2,8.0,0.0,0,1,0,0,0,0,0,1,0
2023-10-01 04:00:00,1,5,53,1,0,13.6,8.9,0.5,0,0,0,1,0,0,0,1,0
2023-10-02 11:00:00,87,12,1790,197,0,16.2,8.0,0.0,0,1,0,0,0,0,0,1,0
2023-10-03 19:00:00,30,20,891,11,0,13.8,8.2,1.1,0,0,0,0,0,1,0,1,0
2023-10-04 04:00:00,0,5,29,7,0,16.2,8.2,0.0,0,0,0,0,0,0,1,1,0
2023-10-04 03:00:00,0,4,95,2,0,16.2,8.2,0.0,0,0,0,0,0,0,1,1,0
2023-10-05 08:00:00,39,9,788,274,0,18.0,6.0,5.1,0,0,0,0,1,0,0,1,0
2023-10-05 17:00:00,35,18,1672,293,0,18.0,6.0,5.1,0,0,0,0,1,0,0,1,0
2023-10-05 14:00:00,25,15,2039,212,0,18.0,6.0,5.1,0,0,0,0,1,0,0,1,0
2023-10-05 16:00:00,24,17,1657,204,0,18.0,6.0,5.1,0,0,0,0,1,0,0,1,0
2023-10-05 09:00:00,24,10,939,171,0,18.0,6.0,5.1,0,0,0,0,1,0,0,1,0
2023-10-05 10:00:00,23,11,1460,266,0,18.0,6.0,5.1,0,0,0,0,1,0,0,1,0
2023-10-05 07:00:00,22,8,359,89,0,18.0,6.0,5.1,0,0,0,0,1,0,0,1,0
2023-10-05 15:00:00,20,16,1879,271,0,18.0,6.0,5.1,0,0,0,0,1,0,0,1,0
2023-10-03 17:00:00,26,18,1914,83,0,13.8,8.2,1.1,0,0,0,0,0,1,0,1,0
2023-10-05 18:00:00,19,19,1565,259,0,18.0,6.0,5.1,0,0,0,0,1,0,0,1,0
2023-10-04 19:00:00,12,20,947,17,0,16.2,8.2,0.0,0,0,0,0,0,0,1,1,0
2023-10-04 20:00:00,10,21,846,3,0,16.2,8.2,0.0,0,0,0,0,0,0,1,1,0
2023-10-04 22:00:00,8,23,639,66,0,16.2,8.2,0.0,0,0,0,0,0,0,1,1,0
2023-10-04 07:00:00,6,8,268,65,0,16.2,8.2,0.0,0,0,0,0,0,0,1,1,0
2023-10-03 00:00:00,8,1,199,31,0,13.8,8.2,1.1,0,0,0,0,0,1,0,1,0
2023-10-04 00:00:00,3,1,513,33,0,16.2,8.2,0.0,0,0,0,0,0,0,1,1,0
2023-10-05 12:00:00,16,13,2193,273,0,18.0,6.0,5.1,0,0,0,0,1,0,0,1,0
2023-10-05 13:00:00,15,14,2259,236,0,18.0,6.0,5.1,0,0,0,0,1,0,0,1,0
2023-10-05 06:00:00,13,7,146,20,0,18.0,6.0,5.1,0,0,0,0,1,0,0,1,0
2023-10-05 11:00:00,9,12,1631,227,0,18.0,6.0,5.1,0,0,0,0,1,0,0,1,0
2023-10-05 19:00:00,7,20,774,54,0,18.0,6.0,5.1,0,0,0,0,1,0,0,1,0
2023-10-05 21:00:00,6,22,743,12,0,18.0,6.0,5.1,0,0,0,0,1,0,0,1,0
2023-10-03 16:00:00,18,17,2552,75,0,13.8,8.2,1.1,0,0,0,0,0,1,0,1,0
2023-10-03 21:00:00,17,22,844,23,0,13.8,8.2,1.1,0,0,0,0,0,1,0,1,0
2023-10-03 07:00:00,14,8,327,87,0,13.8,8.2,1.1,0,0,0,0,0,1,0,1,0
2023-10-03 20:00:00,11,21,616,14,0,13.8,8.2,1.1,0,0,0,0,0,1,0,1,0
2023-10-03 15:00:00,10,16,2198,110,0,13.8,8.2,1.1,0,0,0,0,0,1,0,1,0
2023-10-04 10:00:00,27,11,2130,243,0,16.2,8.2,0.0,0,0,0,0,0,0,1,1,0
2023-10-04 16:00:00,26,17,2055,104,0,16.2,8.2,0.0,0,0,0,0,0,0,1,1,0
2023-10-04 11:00:00,24,12,2804,75,0,16.2,8.2,0.0,0,0,0,0,0,0,1,1,0
2023-10-03 06:00:00,6,7,153,18,0,13.8,8.2,1.1,0,0,0,0,0,1,0,1,0
2023-10-04 17:00:00,23,18,1810,118,0,16.2,8.2,0.0,0,0,0,0,0,0,1,1,0
2023-10-03 22:00:00,5,23,1104,59,0,13.8,8.2,1.1,0,0,0,0,0,1,0,1,0
2023-10-04 23:00:00,1,0,423,53,0,16.2,8.2,0.0,0,0,0,0,0,0,1,1,0
2023-10-04 18:00:00,19,19,1414,158,0,16.2,8.2,0.0,0,0,0,0,0,0,1,1,0
2023-10-03 02:00:00,0,3,69,10,0,13.8,8.2,1.1,0,0,0,0,0,1,0,1,0
2023-10-03 04:00:00,0,5,11,2,0,13.8,8.2,1.1,0,0,0,0,0,1,0,1,0
2023-10-03 03:00:00,0,4,31,1,0,13.8,8.2,1.1,0,0,0,0,0,1,0,1,0
2023-10-04 13:00:00,19,14,2527,127,0,16.2,8.2,0.0,0,0,0,0,0,0,1,1,0
2023-10-04 14:00:00,19,15,2466,95,0,16.2,8.2,0.0,0,0,0,0,0,0,1,1,0
2023-10-04 01:00:00,1,2,240,25,0,16.2,8.2,0.0,0,0,0,0,0,0,1,1,0
2023-10-04 12:00:00,19,13,2114,91,0,16.2,8.2,0.0,0,0,0,0,0,0,1,1,0
2023-10-04 05:00:00,1,6,87,15,0,16.2,8.2,0.0,0,0,0,0,0,0,1,1,0
2023-10-04 15:00:00,18,16,2308,87,0,16.2,8.2,0.0,0,0,0,0,0,0,1,1,0
2023-10-04 02:00:00,1,3,210,12,0,16.2,8.2,0.0,0,0,0,0,0,0,1,1,0
2023-10-03 23:00:00,3,0,589,42,0,13.8,8.2,1.1,0,0,0,0,0,1,0,1,0
2023-10-04 06:00:00,1,7,130,8,0,16.2,8.2,0.0,0,0,0,0,0,0,1,1,0
2023-10-04 08:00:00,15,9,812,276,0,16.2,8.2,0.0,0,0,0,0,0,0,1,1,0
2023-10-04 09:00:00,15,10,1123,238,0,16.2,8.2,0.0,0,0,0,0,0,0,1,1,0
2023-10-03 01:00:00,2,2,98,33,0,13.8,8.2,1.1,0,0,0,0,0,1,0,1,0
2023-10-03 05:00:00,2,6,106,13,0,13.8,8.2,1.1,0,0,0,0,0,1,0,1,0
2023-10-04 21:00:00,15,22,772,33,0,16.2,8.2,0.0,0,0,0,0,0,0,1,1,0
2023-10-06 23:00:00,2,0,427,9,0,11.0,10.5,28.3,1,0,0,0,0,0,0,1,0
2023-10-06 05:00:00,2,6,111,6,0,11.0,10.5,28.3,1,0,0,0,0,0,0,1,0
2023-10-06 02:00:00,2,3,257,2,0,11.0,10.5,28.3,1,0,0,0,0,0,0,1,0
2023-10-06 04:00:00,0,5,42,4,0,11.0,10.5,28.3,1,0,0,0,0,0,0,1,0
2023-10-06 00:00:00,0,1,373,2,0,11.0,10.5,28.3,1,0,0,0,0,0,0,1,0
2023-10-06 03:00:00,0,4,164,1,0,11.0,10.5,28.3,1,0,0,0,0,0,0,1,0
2023-10-06 12:00:00,44,13,2796,144,0,11.0,10.5,28.3,1,0,0,0,0,0,0,1,0
2023-10-06 08:00:00,42,9,914,336,0,11.0,10.5,28.3,1,0,0,0,0,0,0,1,0
2023-10-06 13:00:00,36,14,3547,188,0,11.0,10.5,28.3,1,0,0,0,0,0,0,1,0
2023-10-06 09:00:00,34,10,1287,225,0,11.0,10.5,28.3,1,0,0,0,0,0,0,1,0
2023-10-06 17:00:00,31,18,2045,162,0,11.0,10.5,28.3,1,0,0,0,0,0,0,1,0
2023-10-06 15:00:00,29,16,2864,171,0,11.0,10.5,28.3,1,0,0,0,0,0,0,1,0
2023-10-06 14:00:00,28,15,2901,146,0,11.0,10.5,28.3,1,0,0,0,0,0,0,1,0
2023-10-06 18:00:00,19,19,1628,117,0,11.0,10.5,28.3,1,0,0,0,0,0,0,1,0
2023-10-06 16:00:00,18,17,2286,169,0,11.0,10.5,28.3,1,0,0,0,0,0,0,1,0
2023-10-07 16:00:00,13,17,1728,11,0,14.6,9.5,56.3,0,0,1,0,0,0,0,1,0
2023-10-07 13:00:00,13,14,2362,10,0,14.6,9.5,56.3,0,0,1,0,0,0,0,1,0
2023-10-07 03:00:00,3,4,415,9,0,14.6,9.5,56.3,0,0,1,0,0,0,0,1,0
2023-10-07 04:00:00,3,5,42,2,0,14.6,9.5,56.3,0,0,1,0,0,0,0,1,0
2023-10-06 19:00:00,16,20,1349,35,0,11.0,10.5,28.3,1,0,0,0,0,0,0,1,0
2023-10-07 12:00:00,10,13,1905,17,0,14.6,9.5,56.3,0,0,1,0,0,0,0,1,0
2023-10-07 20:00:00,2,21,114,170,0,14.6,9.5,56.3,0,0,1,0,0,0,0,1,0
2023-10-07 15:00:00,7,16,1975,9,0,14.6,9.5,56.3,0,0,1,0,0,0,0,1,0
2023-10-07 11:00:00,6,12,1420,17,0,14.6,9.5,56.3,0,0,1,0,0,0,0,1,0
2023-10-07 19:00:00,2,20,763,15,0,14.6,9.5,56.3,0,0,1,0,0,0,0,1,0
2023-10-07 14:00:00,6,15,2233,11,0,14.6,9.5,56.3,0,0,1,0,0,0,0,1,0
2023-10-07 08:00:00,5,9,275,13,0,14.6,9.5,56.3,0,0,1,0,0,0,0,1,0
2023-10-07 18:00:00,5,19,1134,9,0,14.6,9.5,56.3,0,0,1,0,0,0,0,1,0
2023-10-07 10:00:00,4,11,1148,20,0,14.6,9.5,56.3,0,0,1,0,0,0,0,1,0
2023-10-07 17:00:00,4,18,1296,11,0,14.6,9.5,56.3,0,0,1,0,0,0,0,1,0
2023-10-07 00:00:00,2,1,344,8,0,14.6,9.5,56.3,0,0,1,0,0,0,0,1,0
2023-10-06 21:00:00,9,22,507,8,0,11.0,10.5,28.3,1,0,0,0,0,0,0,1,0
2023-10-06 07:00:00,8,8,385,105,0,11.0,10.5,28.3,1,0,0,0,0,0,0,1,0
2023-10-07 09:00:00,1,10,596,34,0,14.6,9.5,56.3,0,0,1,0,0,0,0,1,0
2023-10-07 23:00:00,1,0,461,11,0,14.6,9.5,56.3,0,0,1,0,0,0,0,1,0
2023-10-06 20:00:00,6,21,713,29,0,11.0,10.5,28.3,1,0,0,0,0,0,0,1,0
2023-10-06 22:00:00,5,23,400,7,0,11.0,10.5,28.3,1,0,0,0,0,0,0,1,0
2023-10-06 01:00:00,5,2,218,1,0,11.0,10.5,28.3,1,0,0,0,0,0,0,1,0
2023-10-06 06:00:00,4,7,116,15,0,11.0,10.5,28.3,1,0,0,0,0,0,0,1,0
2023-10-05 03:00:00,1,4,322,13,0,18.0,6.0,5.1,0,0,0,0,1,0,0,1,0
2023-10-05 04:00:00,1,5,23,5,0,18.0,6.0,5.1,0,0,0,0,1,0,0,1,0
2023-10-05 23:00:00,0,0,472,0,0,18.0,6.0,5.1,0,0,0,0,1,0,0,1,0
2023-10-05 01:00:00,0,2,455,0,0,18.0,6.0,5.1,0,0,0,0,1,0,0,1,0
2023-10-06 11:00:00,161,12,1906,233,0,11.0,10.5,28.3,1,0,0,0,0,0,0,1,0
2023-10-06 10:00:00,68,11,1837,281,0,11.0,10.5,28.3,1,0,0,0,0,0,0,1,0
2023-10-05 05:00:00,4,6,107,14,0,18.0,6.0,5.1,0,0,0,0,1,0,0,1,0
2023-10-05 22:00:00,3,23,584,9,0,18.0,6.0,5.1,0,0,0,0,1,0,0,1,0
2023-10-05 00:00:00,2,1,565,24,0,18.0,6.0,5.1,0,0,0,0,1,0,0,1,0
2023-10-05 20:00:00,2,21,722,15,0,18.0,6.0,5.1,0,0,0,0,1,0,0,1,0
2023-10-05 02:00:00,1,3,777,15,0,18.0,6.0,5.1,0,0,0,0,1,0,0,1,0
2023-10-08 12:00:00,15,13,1575,196,0,17.6,8.5,5.4,0,0,0,1,0,0,0,1,0
2023-10-08 11:00:00,13,12,757,157,0,17.6,8.5,5.4,0,0,0,1,0,0,0,1,0
2023-10-08 03:00:00,3,4,416,9,0,17.6,8.5,5.4,0,0,0,1,0,0,0,1,0
2023-10-08 17:00:00,12,18,1201,157,0,17.6,8.5,5.4,0,0,0,1,0,0,0,1,0
2023-10-08 04:00:00,3,5,61,5,0,17.6,8.5,5.4,0,0,0,1,0,0,0,1,0
2023-10-08 16:00:00,1,17,1195,184,0,17.6,8.5,5.4,0,0,0,1,0,0,0,1,0
2023-10-08 05:00:00,1,6,56,2,0,17.6,8.5,5.4,0,0,0,1,0,0,0,1,0
2023-10-08 10:00:00,10,11,467,131,0,17.6,8.5,5.4,0,0,0,1,0,0,0,1,0
2023-10-07 07:00:00,0,8,163,7,0,14.6,9.5,56.3,0,0,1,0,0,0,0,1,0
2023-10-07 02:00:00,0,3,253,6,0,14.6,9.5,56.3,0,0,1,0,0,0,0,1,0
2023-10-07 06:00:00,0,7,54,4,0,14.6,9.5,56.3,0,0,1,0,0,0,0,1,0
2023-10-07 05:00:00,0,6,55,2,0,14.6,9.5,56.3,0,0,1,0,0,0,0,1,0
2023-10-08 14:00:00,23,15,2194,222,0,17.6,8.5,5.4,0,0,0,1,0,0,0,1,0
2023-10-08 13:00:00,19,14,2121,198,0,17.6,8.5,5.4,0,0,0,1,0,0,0,1,0
2023-10-08 15:00:00,9,16,1594,155,0,17.6,8.5,5.4,0,0,0,1,0,0,0,1,0
2023-10-08 20:00:00,8,21,604,8,0,17.6,8.5,5.4,0,0,0,1,0,0,0,1,0
2023-10-08 18:00:00,7,19,802,93,0,17.6,8.5,5.4,0,0,0,1,0,0,0,1,0
2023-10-08 19:00:00,6,20,562,10,0,17.6,8.5,5.4,0,0,0,1,0,0,0,1,0
2023-10-08 09:00:00,5,10,228,80,0,17.6,8.5,5.4,0,0,0,1,0,0,0,1,0
2023-10-08 21:00:00,5,22,576,12,0,17.6,8.5,5.4,0,0,0,1,0,0,0,1,0
2023-10-08 23:00:00,5,0,290,9,0,17.6,8.5,5.4,0,0,0,1,0,0,0,1,0
2023-10-08 22:00:00,5,23,414,3,0,17.6,8.5,5.4,0,0,0,1,0,0,0,1,0
2023-10-08 06:00:00,0,7,19,2,0,17.6,8.5,5.4,0,0,0,1,0,0,0,1,0
2023-10-09 21:00:00,9,22,645,90,0,18.0,8.1,0.0,0,1,0,0,0,0,0,1,0
2023-10-09 18:00:00,22,19,1622,216,0,18.0,8.1,0.0,0,1,0,0,0,0,0,1,0
2023-10-07 01:00:00,1,2,344,2,0,14.6,9.5,56.3,0,0,1,0,0,0,0,1,0
2023-10-09 09:00:00,8,10,927,108,0,18.0,8.1,0.0,0,1,0,0,0,0,0,1,0
2023-10-09 23:00:00,8,0,369,36,0,18.0,8.1,0.0,0,1,0,0,0,0,0,1,0
2023-10-09 20:00:00,6,21,971,121,0,18.0,8.1,0.0,0,1,0,0,0,0,0,1,0
2023-10-09 22:00:00,6,23,486,53,0,18.0,8.1,0.0,0,1,0,0,0,0,0,1,0
2023-10-09 00:00:00,6,1,258,10,0,18.0,8.1,0.0,0,1,0,0,0,0,0,1,0
2023-10-09 19:00:00,5,20,1157,95,0,18.0,8.1,0.0,0,1,0,0,0,0,0,1,0
2023-10-09 06:00:00,4,7,119,10,0,18.0,8.1,0.0,0,1,0,0,0,0,0,1,0
2023-10-09 02:00:00,4,3,96,9,0,18.0,8.1,0.0,0,1,0,0,0,0,0,1,0
2023-10-07 21:00:00,0,22,190,152,0,14.6,9.5,56.3,0,0,1,0,0,0,0,1,0
2023-10-07 22:00:00,0,23,293,34,0,14.6,9.5,56.3,0,0,1,0,0,0,0,1,0
2023-10-08 08:00:00,0,9,153,31,0,17.6,8.5,5.4,0,0,0,1,0,0,0,1,0
2023-10-08 07:00:00,0,8,108,12,0,17.6,8.5,5.4,0,0,0,1,0,0,0,1,0
2023-10-09 14:00:00,101,15,3736,288,0,18.0,8.1,0.0,0,1,0,0,0,0,0,1,0
2023-10-09 13:00:00,85,14,4067,260,0,18.0,8.1,0.0,0,1,0,0,0,0,0,1,0
2023-10-08 00:00:00,0,1,388,9,0,17.6,8.5,5.4,0,0,0,1,0,0,0,1,0
2023-10-09 15:00:00,58,16,3065,196,0,18.0,8.1,0.0,0,1,0,0,0,0,0,1,0
2023-10-08 01:00:00,0,2,382,7,0,17.6,8.5,5.4,0,0,0,1,0,0,0,1,0
2023-10-08 02:00:00,0,3,446,6,0,17.6,8.5,5.4,0,0,0,1,0,0,0,1,0
2023-10-09 17:00:00,48,18,2081,222,0,18.0,8.1,0.0,0,1,0,0,0,0,0,1,0
2023-10-09 16:00:00,43,17,2696,233,0,18.0,8.1,0.0,0,1,0,0,0,0,0,1,0
2023-10-09 12:00:00,38,13,3159,172,0,18.0,8.1,0.0,0,1,0,0,0,0,0,1,0
2023-10-09 10:00:00,37,11,1309,101,0,18.0,8.1,0.0,0,1,0,0,0,0,0,1,0
2023-10-09 07:00:00,11,8,353,70,0,18.0,8.1,0.0,0,1,0,0,0,0,0,1,0
2023-10-09 11:00:00,32,12,2230,176,0,18.0,8.1,0.0,0,1,0,0,0,0,0,1,0
2023-10-09 08:00:00,31,9,724,147,0,18.0,8.1,0.0,0,1,0,0,0,0,0,1,0
2023-10-10 00:00:00,6,1,270,22,0,13.1,12.8,0.0,0,0,0,0,0,1,0,1,0
2023-10-10 19:00:00,5,20,1145,24,0,13.1,12.8,0.0,0,0,0,0,0,1,0,1,0
2023-10-10 02:00:00,5,3,82,9,0,13.1,12.8,0.0,0,0,0,0,0,1,0,1,0
2023-10-10 20:00:00,4,21,870,42,0,13.1,12.8,0.0,0,0,0,0,0,1,0,1,0
2023-10-10 05:00:00,4,6,90,6,0,13.1,12.8,0.0,0,0,0,0,0,1,0,1,0
2023-10-10 06:00:00,3,7,126,14,0,13.1,12.8,0.0,0,0,0,0,0,1,0,1,0
2023-10-10 01:00:00,2,2,193,14,0,13.1,12.8,0.0,0,0,0,0,0,1,0,1,0
2023-10-10 03:00:00,2,4,9,2,0,13.1,12.8,0.0,0,0,0,0,0,1,0,1,0
2023-10-11 05:00:00,5,6,95,14,0,12.0,7.3,0.0,0,0,0,0,0,0,1,1,0
2023-10-10 08:00:00,19,9,622,151,0,13.1,12.8,0.0,0,0,0,0,0,1,0,1,0
2023-10-10 04:00:00,0,5,17,5,0,13.1,12.8,0.0,0,0,0,0,0,1,0,1,0
2023-10-10 17:00:00,16,18,2000,203,0,13.1,12.8,0.0,0,0,0,0,0,1,0,1,0
2023-10-09 05:00:00,0,6,64,8,0,18.0,8.1,0.0,0,1,0,0,0,0,0,1,0
2023-10-09 03:00:00,2,4,31,4,0,18.0,8.1,0.0,0,1,0,0,0,0,0,1,0
2023-10-11 21:00:00,4,22,1107,62,0,12.0,7.3,0.0,0,0,0,0,0,0,1,1,0
2023-10-11 22:00:00,4,23,804,58,0,12.0,7.3,0.0,0,0,0,0,0,0,1,1,0
2023-10-11 12:00:00,48,13,2416,93,0,12.0,7.3,0.0,0,0,0,0,0,0,1,1,0
2023-10-09 01:00:00,1,2,183,14,0,18.0,8.1,0.0,0,1,0,0,0,0,0,1,0
2023-10-09 04:00:00,0,5,19,3,0,18.0,8.1,0.0,0,1,0,0,0,0,0,1,0
2023-10-11 11:00:00,41,12,1548,91,0,12.0,7.3,0.0,0,0,0,0,0,0,1,1,0
2023-10-11 17:00:00,33,18,2077,222,0,12.0,7.3,0.0,0,0,0,0,0,0,1,1,0
2023-10-11 10:00:00,32,11,1344,182,0,12.0,7.3,0.0,0,0,0,0,0,0,1,1,0
2023-10-11 15:00:00,31,16,2154,41,0,12.0,7.3,0.0,0,0,0,0,0,0,1,1,0
2023-10-11 13:00:00,25,14,3300,44,0,12.0,7.3,0.0,0,0,0,0,0,0,1,1,0
2023-10-11 08:00:00,23,9,659,134,0,12.0,7.3,0.0,0,0,0,0,0,0,1,1,0
2023-10-11 07:00:00,23,8,274,61,0,12.0,7.3,0.0,0,0,0,0,0,0,1,1,0
2023-10-11 16:00:00,23,17,1677,37,0,12.0,7.3,0.0,0,0,0,0,0,0,1,1,0
2023-10-11 14:00:00,23,15,2386,10,0,12.0,7.3,0.0,0,0,0,0,0,0,1,1,0
2023-10-11 18:00:00,21,19,1498,253,0,12.0,7.3,0.0,0,0,0,0,0,0,1,1,0
2023-10-11 09:00:00,18,10,1092,180,0,12.0,7.3,0.0,0,0,0,0,0,0,1,1,0
2023-10-11 19:00:00,15,20,1497,85,0,12.0,7.3,0.0,0,0,0,0,0,0,1,1,0
2023-10-10 12:00:00,13,13,3026,9,0,13.1,12.8,0.0,0,0,0,0,0,1,0,1,0
2023-10-11 00:00:00,10,1,515,58,0,12.0,7.3,0.0,0,0,0,0,0,0,1,1,0
2023-10-11 23:00:00,3,0,611,48,0,12.0,7.3,0.0,0,0,0,0,0,0,1,1,0
2023-10-10 15:00:00,63,16,2576,288,0,13.1,12.8,0.0,0,0,0,0,0,1,0,1,0
2023-10-10 18:00:00,8,19,1455,112,0,13.1,12.8,0.0,0,0,0,0,0,1,0,1,0
2023-10-10 22:00:00,7,23,717,69,0,13.1,12.8,0.0,0,0,0,0,0,1,0,1,0
2023-10-10 07:00:00,7,8,236,55,0,13.1,12.8,0.0,0,0,0,0,0,1,0,1,0
2023-10-10 23:00:00,6,0,471,60,0,13.1,12.8,0.0,0,0,0,0,0,1,0,1,0
2023-10-10 21:00:00,6,22,698,38,0,13.1,12.8,0.0,0,0,0,0,0,1,0,1,0
2023-10-11 06:00:00,8,7,187,9,0,12.0,7.3,0.0,0,0,0,0,0,0,1,1,0
2023-10-11 02:00:00,2,3,244,22,0,12.0,7.3,0.0,0,0,0,0,0,0,1,1,0
2023-10-11 20:00:00,6,21,981,48,0,12.0,7.3,0.0,0,0,0,0,0,0,1,1,0
2023-10-11 01:00:00,5,2,227,42,0,12.0,7.3,0.0,0,0,0,0,0,0,1,1,0
2023-10-10 14:00:00,52,15,2815,261,0,13.1,12.8,0.0,0,0,0,0,0,1,0,1,0
2023-10-10 09:00:00,40,10,1007,191,0,13.1,12.8,0.0,0,0,0,0,0,1,0,1,0
2023-10-10 13:00:00,40,14,3254,106,0,13.1,12.8,0.0,0,0,0,0,0,1,0,1,0
2023-10-10 16:00:00,27,17,2570,181,0,13.1,12.8,0.0,0,0,0,0,0,1,0,1,0
2023-10-10 10:00:00,24,11,1531,208,0,13.1,12.8,0.0,0,0,0,0,0,1,0,1,0
2023-10-10 11:00:00,21,12,2019,251,0,13.1,12.8,0.0,0,0,0,0,0,1,0,1,0
2023-10-13 23:00:00,13,0,626,137,0,10.8,5.5,0.0,1,0,0,0,0,0,0,1,0
2023-10-13 00:00:00,12,1,441,38,0,10.8,5.5,0.0,1,0,0,0,0,0,0,1,0
2023-10-13 07:00:00,8,8,333,77,0,10.8,5.5,0.0,1,0,0,0,0,0,0,1,0
2023-10-12 17:00:00,66,18,2161,308,0,13.2,2.8,0.1,0,0,0,0,1,0,0,1,0
2023-10-13 10:00:00,25,11,1354,191,0,10.8,5.5,0.0,1,0,0,0,0,0,0,1,0
2023-10-12 02:00:00,16,3,860,28,0,13.2,2.8,0.1,0,0,0,0,1,0,0,1,0
2023-10-13 12:00:00,25,13,2855,139,0,10.8,5.5,0.0,1,0,0,0,0,0,0,1,0
2023-10-13 06:00:00,7,7,121,30,0,10.8,5.5,0.0,1,0,0,0,0,0,0,1,0
2023-10-13 20:00:00,7,21,946,0,0,10.8,5.5,0.0,1,0,0,0,0,0,0,1,0
2023-10-13 18:00:00,6,19,1470,5,0,10.8,5.5,0.0,1,0,0,0,0,0,0,1,0
2023-10-13 05:00:00,5,6,114,21,0,10.8,5.5,0.0,1,0,0,0,0,0,0,1,0
2023-10-13 19:00:00,5,20,1217,2,0,10.8,5.5,0.0,1,0,0,0,0,0,0,1,0
2023-10-12 23:00:00,6,0,383,47,0,13.2,2.8,0.1,0,0,0,0,1,0,0,1,0
2023-10-12 04:00:00,1,5,33,3,0,13.2,2.8,0.1,0,0,0,0,1,0,0,1,0
2023-10-13 08:00:00,24,9,647,174,0,10.8,5.5,0.0,1,0,0,0,0,0,0,1,0
2023-10-12 00:00:00,6,1,449,35,0,13.2,2.8,0.1,0,0,0,0,1,0,0,1,0
2023-10-12 08:00:00,43,9,607,152,0,13.2,2.8,0.1,0,0,0,0,1,0,0,1,0
2023-10-12 06:00:00,6,7,130,28,0,13.2,2.8,0.1,0,0,0,0,1,0,0,1,0
2023-10-13 22:00:00,4,23,770,147,0,10.8,5.5,0.0,1,0,0,0,0,0,0,1,0
2023-10-13 15:00:00,23,16,2594,117,0,10.8,5.5,0.0,1,0,0,0,0,0,0,1,0
2023-10-12 20:00:00,14,21,840,83,0,13.2,2.8,0.1,0,0,0,0,1,0,0,1,0
2023-10-12 14:00:00,37,15,3591,220,0,13.2,2.8,0.1,0,0,0,0,1,0,0,1,0
2023-10-12 21:00:00,13,22,809,5,0,13.2,2.8,0.1,0,0,0,0,1,0,0,1,0
2023-10-11 04:00:00,1,5,23,8,0,12.0,7.3,0.0,0,0,0,0,0,0,1,1,0
2023-10-11 03:00:00,0,4,78,8,0,12.0,7.3,0.0,0,0,0,0,0,0,1,1,0
2023-10-12 11:00:00,105,12,1879,182,0,13.2,2.8,0.1,0,0,0,0,1,0,0,1,0
2023-10-12 10:00:00,74,11,1257,190,0,13.2,2.8,0.1,0,0,0,0,1,0,0,1,0
2023-10-12 03:00:00,5,4,278,24,0,13.2,2.8,0.1,0,0,0,0,1,0,0,1,0
2023-10-12 09:00:00,36,10,974,152,0,13.2,2.8,0.1,0,0,0,0,1,0,0,1,0
2023-10-13 11:00:00,96,12,1634,217,0,10.8,5.5,0.0,1,0,0,0,0,0,0,1,0
2023-10-13 14:00:00,34,15,3022,183,0,10.8,5.5,0.0,1,0,0,0,0,0,0,1,0
2023-10-13 16:00:00,34,17,2364,131,0,10.8,5.5,0.0,1,0,0,0,0,0,0,1,0
2023-10-12 07:00:00,12,8,265,82,0,13.2,2.8,0.1,0,0,0,0,1,0,0,1,0
2023-10-12 01:00:00,12,2,389,35,0,13.2,2.8,0.1,0,0,0,0,1,0,0,1,0
2023-10-12 13:00:00,33,14,3437,157,0,13.2,2.8,0.1,0,0,0,0,1,0,0,1,0
2023-10-12 18:00:00,30,19,1585,254,0,13.2,2.8,0.1,0,0,0,0,1,0,0,1,0
2023-10-13 09:00:00,18,10,884,182,0,10.8,5.5,0.0,1,0,0,0,0,0,0,1,0
2023-10-12 05:00:00,11,6,94,32,0,13.2,2.8,0.1,0,0,0,0,1,0,0,1,0
2023-10-13 02:00:00,3,3,101,23,0,10.8,5.5,0.0,1,0,0,0,0,0,0,1,0
2023-10-13 01:00:00,1,2,174,45,0,10.8,5.5,0.0,1,0,0,0,0,0,0,1,0
2023-10-13 13:00:00,15,14,2553,144,0,10.8,5.5,0.0,1,0,0,0,0,0,0,1,0
2023-10-12 12:00:00,27,13,2679,171,0,13.2,2.8,0.1,0,0,0,0,1,0,0,1,0
2023-10-13 21:00:00,14,22,946,120,0,10.8,5.5,0.0,1,0,0,0,0,0,0,1,0
2023-10-13 17:00:00,14,18,1865,59,0,10.8,5.5,0.0,1,0,0,0,0,0,0,1,0
2023-10-12 15:00:00,10,16,2173,32,0,13.2,2.8,0.1,0,0,0,0,1,0,0,1,0
2023-10-12 22:00:00,8,23,540,24,0,13.2,2.8,0.1,0,0,0,0,1,0,0,1,0
2023-10-12 19:00:00,7,20,1243,126,0,13.2,2.8,0.1,0,0,0,0,1,0,0,1,0
2023-10-12 16:00:00,24,17,2775,318,0,13.2,2.8,0.1,0,0,0,0,1,0,0,1,0
2023-10-14 13:00:00,28,14,2140,4,0,11.7,2.6,0.0,0,0,1,0,0,0,0,1,0
2023-10-15 14:00:00,72,15,1927,189,0,11.5,1.1,0.2,0,0,0,1,0,0,0,1,0
2023-10-15 16:00:00,45,17,1456,250,0,11.5,1.1,0.2,0,0,0,1,0,0,0,1,0
2023-10-15 13:00:00,45,14,1635,95,0,11.5,1.1,0.2,0,0,0,1,0,0,0,1,0
2023-10-15 11:00:00,44,12,968,153,0,11.5,1.1,0.2,0,0,0,1,0,0,0,1,0
2023-10-15 17:00:00,42,18,1340,220,0,11.5,1.1,0.2,0,0,0,1,0,0,0,1,0
2023-10-15 15:00:00,41,16,1661,185,0,11.5,1.1,0.2,0,0,0,1,0,0,0,1,0
2023-10-15 18:00:00,27,19,957,104,0,11.5,1.1,0.2,0,0,0,1,0,0,0,1,0
2023-10-14 18:00:00,20,19,1866,207,0,11.7,2.6,0.0,0,0,1,0,0,0,0,1,0
2023-10-14 12:00:00,15,13,1536,19,0,11.7,2.6,0.0,0,0,1,0,0,0,0,1,0
2023-10-14 09:00:00,14,10,780,153,0,11.7,2.6,0.0,0,0,1,0,0,0,0,1,0
2023-10-14 16:00:00,13,17,1646,42,0,11.7,2.6,0.0,0,0,1,0,0,0,0,1,0
2023-10-14 08:00:00,10,9,322,122,0,11.7,2.6,0.0,0,0,1,0,0,0,0,1,0
2023-10-14 20:00:00,10,21,1195,60,0,11.7,2.6,0.0,0,0,1,0,0,0,0,1,0
2023-10-13 03:00:00,1,4,45,12,0,10.8,5.5,0.0,1,0,0,0,0,0,0,1,0
2023-10-14 00:00:00,3,1,594,108,0,11.7,2.6,0.0,0,0,1,0,0,0,0,1,0
2023-10-14 01:00:00,3,2,552,95,0,11.7,2.6,0.0,0,0,1,0,0,0,0,1,0
2023-10-14 04:00:00,3,5,26,27,0,11.7,2.6,0.0,0,0,1,0,0,0,0,1,0
2023-10-14 02:00:00,1,3,446,92,0,11.7,2.6,0.0,0,0,1,0,0,0,0,1,0
2023-10-14 05:00:00,1,6,61,36,0,11.7,2.6,0.0,0,0,1,0,0,0,0,1,0
2023-10-13 04:00:00,1,5,25,12,0,10.8,5.5,0.0,1,0,0,0,0,0,0,1,0
2023-10-15 22:00:00,6,23,500,27,0,11.5,1.1,0.2,0,0,0,1,0,0,0,1,0
2023-10-15 01:00:00,5,2,776,96,0,11.5,1.1,0.2,0,0,0,1,0,0,0,1,0
2023-10-15 02:00:00,5,3,970,78,0,11.5,1.1,0.2,0,0,0,1,0,0,0,1,0
2023-10-15 10:00:00,25,11,687,155,0,11.5,1.1,0.2,0,0,0,1,0,0,0,1,0
2023-10-15 20:00:00,5,21,866,34,0,11.5,1.1,0.2,0,0,0,1,0,0,0,1,0
2023-10-15 07:00:00,5,8,117,24,0,11.5,1.1,0.2,0,0,0,1,0,0,0,1,0
2023-10-15 19:00:00,23,20,859,24,0,11.5,1.1,0.2,0,0,0,1,0,0,0,1,0
2023-10-15 21:00:00,5,22,585,21,0,11.5,1.1,0.2,0,0,0,1,0,0,0,1,0
2023-10-15 03:00:00,12,4,785,49,0,11.5,1.1,0.2,0,0,0,1,0,0,0,1,0
2023-10-15 12:00:00,11,13,1256,109,0,11.5,1.1,0.2,0,0,0,1,0,0,0,1,0
2023-10-15 09:00:00,8,10,316,94,0,11.5,1.1,0.2,0,0,0,1,0,0,0,1,0
2023-10-15 00:00:00,3,1,871,69,0,11.5,1.1,0.2,0,0,0,1,0,0,0,1,0
2023-10-15 08:00:00,3,9,189,59,0,11.5,1.1,0.2,0,0,0,1,0,0,0,1,0
2023-10-15 06:00:00,2,7,90,6,0,11.5,1.1,0.2,0,0,0,1,0,0,0,1,0
2023-10-14 07:00:00,8,8,148,49,0,11.7,2.6,0.0,0,0,1,0,0,0,0,1,0
2023-10-14 19:00:00,6,20,1481,69,0,11.7,2.6,0.0,0,0,1,0,0,0,0,1,0
2023-10-14 11:00:00,89,12,1666,141,0,11.7,2.6,0.0,0,0,1,0,0,0,0,1,0
2023-10-14 23:00:00,6,0,626,50,0,11.7,2.6,0.0,0,0,1,0,0,0,0,1,0
2023-10-14 14:00:00,6,15,2293,9,0,11.7,2.6,0.0,0,0,1,0,0,0,0,1,0
2023-10-14 22:00:00,6,23,1069,3,0,11.7,2.6,0.0,0,0,1,0,0,0,0,1,0
2023-10-15 23:00:00,1,0,425,34,0,11.5,1.1,0.2,0,0,0,1,0,0,0,1,0
2023-10-15 05:00:00,1,6,55,10,0,11.5,1.1,0.2,0,0,0,1,0,0,0,1,0
2023-10-14 03:00:00,5,4,235,70,0,11.7,2.6,0.0,0,0,1,0,0,0,0,1,0
2023-10-14 06:00:00,5,7,109,19,0,11.7,2.6,0.0,0,0,1,0,0,0,0,1,0
2023-10-14 15:00:00,5,16,2442,6,0,11.7,2.6,0.0,0,0,1,0,0,0,0,1,0
2023-10-14 10:00:00,39,11,1300,202,0,11.7,2.6,0.0,0,0,1,0,0,0,0,1,0
2023-10-14 17:00:00,29,18,2242,254,0,11.7,2.6,0.0,0,0,1,0,0,0,0,1,0
2023-10-14 21:00:00,4,22,1260,21,0,11.7,2.6,0.0,0,0,1,0,0,0,0,1,0
2023-10-16 01:00:00,1,2,138,14,0,11.7,1.8,0.0,0,1,0,0,0,0,0,1,0
2023-10-16 23:00:00,1,0,267,1,0,11.7,1.8,0.0,0,1,0,0,0,0,0,1,0
2023-10-16 02:00:00,0,3,83,7,0,11.7,1.8,0.0,0,1,0,0,0,0,0,1,0
2023-10-16 03:00:00,0,4,44,4,0,11.7,1.8,0.0,0,1,0,0,0,0,0,1,0
2023-10-17 09:00:00,19,10,1162,188,0,12.9,-0.5,0.0,0,0,0,0,0,1,0,1,0
2023-10-17 18:00:00,16,19,1261,89,0,12.9,-0.5,0.0,0,0,0,0,0,1,0,1,0
2023-10-17 07:00:00,14,8,362,68,0,12.9,-0.5,0.0,0,0,0,0,0,1,0,1,0
2023-10-17 19:00:00,9,20,1017,20,0,12.9,-0.5,0.0,0,0,0,0,0,1,0,1,0
2023-10-15 04:00:00,0,5,51,8,0,11.5,1.1,0.2,0,0,0,1,0,0,0,1,0
2023-10-17 01:00:00,6,2,138,3,0,12.9,-0.5,0.0,0,0,0,0,0,1,0,1,0
2023-10-17 05:00:00,5,6,87,16,0,12.9,-0.5,0.0,0,0,0,0,0,1,0,1,0
2023-10-17 11:00:00,127,12,1947,187,0,12.9,-0.5,0.0,0,0,0,0,0,1,0,1,0
2023-10-16 11:00:00,113,12,1981,205,0,11.7,1.8,0.0,0,1,0,0,0,0,0,1,0
2023-10-16 20:00:00,10,21,772,27,0,11.7,1.8,0.0,0,1,0,0,0,0,0,1,0
2023-10-16 22:00:00,8,23,449,19,0,11.7,1.8,0.0,0,1,0,0,0,0,0,1,0
2023-10-16 07:00:00,6,8,282,74,0,11.7,1.8,0.0,0,1,0,0,0,0,0,1,0
2023-10-16 21:00:00,6,22,625,20,0,11.7,1.8,0.0,0,1,0,0,0,0,0,1,0
2023-10-16 10:00:00,62,11,1504,189,0,11.7,1.8,0.0,0,1,0,0,0,0,0,1,0
2023-10-17 20:00:00,4,21,973,9,0,12.9,-0.5,0.0,0,0,0,0,0,1,0,1,0
2023-10-17 00:00:00,4,1,263,0,0,12.9,-0.5,0.0,0,0,0,0,0,1,0,1,0
2023-10-17 21:00:00,3,22,726,20,0,12.9,-0.5,0.0,0,0,0,0,0,1,0,1,0
2023-10-17 06:00:00,3,7,148,18,0,12.9,-0.5,0.0,0,0,0,0,0,1,0,1,0
2023-10-17 22:00:00,3,23,567,1,0,12.9,-0.5,0.0,0,0,0,0,0,1,0,1,0
2023-10-17 23:00:00,1,0,515,3,0,12.9,-0.5,0.0,0,0,0,0,0,1,0,1,0
2023-10-17 10:00:00,61,11,1647,169,0,12.9,-0.5,0.0,0,0,0,0,0,1,0,1,0
2023-10-16 17:00:00,45,18,1828,163,0,11.7,1.8,0.0,0,1,0,0,0,0,0,1,0
2023-10-17 17:00:00,49,18,1844,276,0,12.9,-0.5,0.0,0,0,0,0,0,1,0,1,0
2023-10-17 16:00:00,45,17,2199,204,0,12.9,-0.5,0.0,0,0,0,0,0,1,0,1,0
2023-10-17 04:00:00,0,5,6,12,0,12.9,-0.5,0.0,0,0,0,0,0,1,0,1,0
2023-10-16 12:00:00,36,13,2643,132,0,11.7,1.8,0.0,0,1,0,0,0,0,0,1,0
2023-10-16 13:00:00,34,14,2336,122,0,11.7,1.8,0.0,0,1,0,0,0,0,0,1,0
2023-10-16 14:00:00,33,15,2407,162,0,11.7,1.8,0.0,0,1,0,0,0,0,0,1,0
2023-10-16 16:00:00,31,17,2301,115,0,11.7,1.8,0.0,0,1,0,0,0,0,0,1,0
2023-10-16 09:00:00,30,10,1090,211,0,11.7,1.8,0.0,0,1,0,0,0,0,0,1,0
2023-10-16 15:00:00,28,16,2304,107,0,11.7,1.8,0.0,0,1,0,0,0,0,0,1,0
2023-10-16 18:00:00,24,19,1083,103,0,11.7,1.8,0.0,0,1,0,0,0,0,0,1,0
2023-10-16 08:00:00,23,9,676,147,0,11.7,1.8,0.0,0,1,0,0,0,0,0,1,0
2023-10-17 15:00:00,43,16,2753,223,0,12.9,-0.5,0.0,0,0,0,0,0,1,0,1,0
2023-10-17 14:00:00,43,15,3300,184,0,12.9,-0.5,0.0,0,0,0,0,0,1,0,1,0
2023-10-17 03:00:00,0,4,31,5,0,12.9,-0.5,0.0,0,0,0,0,0,1,0,1,0
2023-10-17 02:00:00,0,3,113,2,0,12.9,-0.5,0.0,0,0,0,0,0,1,0,1,0
2023-10-16 06:00:00,5,7,128,27,0,11.7,1.8,0.0,0,1,0,0,0,0,0,1,0
2023-10-16 05:00:00,5,6,78,17,0,11.7,1.8,0.0,0,1,0,0,0,0,0,1,0
2023-10-17 13:00:00,34,14,4361,170,0,12.9,-0.5,0.0,0,0,0,0,0,1,0,1,0
2023-10-16 00:00:00,5,1,319,0,0,11.7,1.8,0.0,0,1,0,0,0,0,0,1,0
2023-10-17 12:00:00,33,13,3463,189,0,12.9,-0.5,0.0,0,0,0,0,0,1,0,1,0
2023-10-18 17:00:00,50,18,1810,259,0,11.7,4.0,15.5,0,0,0,0,0,0,1,1,0
2023-10-17 08:00:00,32,9,854,166,0,12.9,-0.5,0.0,0,0,0,0,0,1,0,1,0
2023-10-16 04:00:00,4,5,50,42,0,11.7,1.8,0.0,0,1,0,0,0,0,0,1,0
2023-10-16 19:00:00,4,20,763,15,0,11.7,1.8,0.0,0,1,0,0,0,0,0,1,0
2023-10-19 13:00:00,10,14,1260,256,0,9.1,9.6,89.1,0,0,0,0,1,0,0,1,0
2023-10-19 11:00:00,10,12,947,210,0,9.1,9.6,89.1,0,0,0,0,1,0,0,1,0
2023-10-19 09:00:00,0,10,491,126,0,9.1,9.6,89.1,0,0,0,0,1,0,0,1,0
2023-10-19 08:00:00,9,9,356,99,0,9.1,9.6,89.1,0,0,0,0,1,0,0,1,0
2023-10-19 10:00:00,5,11,840,205,0,9.1,9.6,89.1,0,0,0,0,1,0,0,1,0
2023-10-19 17:00:00,5,18,681,136,0,9.1,9.6,89.1,0,0,0,0,1,0,0,1,0
2023-10-19 16:00:00,4,17,768,183,0,9.1,9.6,89.1,0,0,0,0,1,0,0,1,0
2023-10-19 00:00:00,3,1,580,42,0,9.1,9.6,89.1,0,0,0,0,1,0,0,1,0
2023-10-19 02:00:00,3,3,697,8,0,9.1,9.6,89.1,0,0,0,0,1,0,0,1,0
2023-10-19 03:00:00,3,4,169,6,0,9.1,9.6,89.1,0,0,0,0,1,0,0,1,0
2023-10-19 07:00:00,0,8,138,19,0,9.1,9.6,89.1,0,0,0,0,1,0,0,1,0
2023-10-19 18:00:00,0,19,221,13,0,9.1,9.6,89.1,0,0,0,0,1,0,0,1,0
2023-10-19 06:00:00,0,7,97,8,0,9.1,9.6,89.1,0,0,0,0,1,0,0,1,0
2023-10-18 22:00:00,2,23,619,40,0,11.7,4.0,15.5,0,0,0,0,0,0,1,1,0
2023-10-18 06:00:00,2,7,122,36,0,11.7,4.0,15.5,0,0,0,0,0,0,1,1,0
2023-10-18 21:00:00,2,22,755,6,0,11.7,4.0,15.5,0,0,0,0,0,0,1,1,0
2023-10-18 03:00:00,2,4,38,6,0,11.7,4.0,15.5,0,0,0,0,0,0,1,1,0
2023-10-18 01:00:00,2,2,168,3,0,11.7,4.0,15.5,0,0,0,0,0,0,1,1,0
2023-10-18 23:00:00,1,0,679,55,0,11.7,4.0,15.5,0,0,0,0,0,0,1,1,0
2023-10-18 04:00:00,0,5,16,4,0,11.7,4.0,15.5,0,0,0,0,0,0,1,1,0
2023-10-18 02:00:00,0,3,135,3,0,11.7,4.0,15.5,0,0,0,0,0,0,1,1,0
2023-10-19 12:00:00,17,13,1116,264,0,9.1,9.6,89.1,0,0,0,0,1,0,0,1,0
2023-10-19 14:00:00,14,15,1343,256,0,9.1,9.6,89.1,0,0,0,0,1,0,0,1,0
2023-10-19 15:00:00,13,16,848,211,0,9.1,9.6,89.1,0,0,0,0,1,0,0,1,0
2023-10-18 20:00:00,15,21,880,9,0,11.7,4.0,15.5,0,0,0,0,0,0,1,1,0
2023-10-18 07:00:00,10,8,335,77,0,11.7,4.0,15.5,0,0,0,0,0,0,1,1,0
2023-10-18 05:00:00,6,6,91,25,0,11.7,4.0,15.5,0,0,0,0,0,0,1,1,0
2023-10-18 00:00:00,6,1,417,6,0,11.7,4.0,15.5,0,0,0,0,0,0,1,1,0
2023-10-19 19:00:00,0,20,222,3,0,9.1,9.6,89.1,0,0,0,0,1,0,0,1,0
2023-10-19 21:00:00,0,22,75,2,0,9.1,9.6,89.1,0,0,0,0,1,0,0,1,0
2023-10-19 20:00:00,0,21,128,1,0,9.1,9.6,89.1,0,0,0,0,1,0,0,1,0
2023-10-19 23:00:00,0,0,48,0,0,9.1,9.6,89.1,0,0,0,0,1,0,0,1,0
2023-10-19 04:00:00,0,5,21,0,0,9.1,9.6,89.1,0,0,0,0,1,0,0,1,0
2023-10-20 13:00:00,13,14,1224,191,0,9.6,7.3,23.4,1,0,0,0,0,0,0,1,0
2023-10-20 12:00:00,11,13,1069,189,0,9.6,7.3,23.4,1,0,0,0,0,0,0,1,0
2023-10-19 01:00:00,2,2,650,28,0,9.1,9.6,89.1,0,0,0,0,1,0,0,1,0
2023-10-19 22:00:00,1,23,48,46,0,9.1,9.6,89.1,0,0,0,0,1,0,0,1,0
2023-10-19 05:00:00,1,6,129,1,0,9.1,9.6,89.1,0,0,0,0,1,0,0,1,0
2023-10-18 08:00:00,50,9,861,194,0,11.7,4.0,15.5,0,0,0,0,0,0,1,1,0
2023-10-18 15:00:00,49,16,2504,237,0,11.7,4.0,15.5,0,0,0,0,0,0,1,1,0
2023-10-18 12:00:00,47,13,3391,292,0,11.7,4.0,15.5,0,0,0,0,0,0,1,1,0
2023-10-18 10:00:00,38,11,1829,255,0,11.7,4.0,15.5,0,0,0,0,0,0,1,1,0
2023-10-18 14:00:00,38,15,2929,136,0,11.7,4.0,15.5,0,0,0,0,0,0,1,1,0
2023-10-18 11:00:00,36,12,2210,234,0,11.7,4.0,15.5,0,0,0,0,0,0,1,1,0
2023-10-18 13:00:00,29,14,3286,128,0,11.7,4.0,15.5,0,0,0,0,0,0,1,1,0
2023-10-18 16:00:00,24,17,2335,181,0,11.7,4.0,15.5,0,0,0,0,0,0,1,1,0
2023-10-18 09:00:00,21,10,1078,235,0,11.7,4.0,15.5,0,0,0,0,0,0,1,1,0
2023-10-18 18:00:00,17,19,1384,123,0,11.7,4.0,15.5,0,0,0,0,0,0,1,1,0
2023-10-18 19:00:00,17,20,767,72,0,11.7,4.0,15.5,0,0,0,0,0,0,1,1,0
2023-10-22 18:00:00,6,19,1248,85,0,10.8,1.0,0.0,0,0,0,1,0,0,0,1,0
2023-10-22 16:00:00,21,17,1768,92,0,10.8,1.0,0.0,0,0,0,1,0,0,0,1,0
2023-10-21 10:00:00,12,11,742,26,0,12.8,5.9,1.0,0,0,1,0,0,0,0,1,0
2023-10-21 11:00:00,10,12,1112,100,0,12.8,5.9,1.0,0,0,1,0,0,0,0,1,0
2023-10-21 15:00:00,8,16,936,8,0,12.8,5.9,1.0,0,0,1,0,0,0,0,1,0
2023-10-21 17:00:00,6,18,1783,279,0,12.8,5.9,1.0,0,0,1,0,0,0,0,1,0
2023-10-21 16:00:00,5,17,1379,132,0,12.8,5.9,1.0,0,0,1,0,0,0,0,1,0
2023-10-21 08:00:00,5,9,281,97,0,12.8,5.9,1.0,0,0,1,0,0,0,0,1,0
2023-10-21 18:00:00,5,19,1361,83,0,12.8,5.9,1.0,0,0,1,0,0,0,0,1,0
2023-10-21 13:00:00,4,14,805,5,0,12.8,5.9,1.0,0,0,1,0,0,0,0,1,0
2023-10-21 12:00:00,4,13,568,4,0,12.8,5.9,1.0,0,0,1,0,0,0,0,1,0
2023-10-21 09:00:00,3,10,393,112,0,12.8,5.9,1.0,0,0,1,0,0,0,0,1,0
2023-10-21 23:00:00,0,0,839,43,0,12.8,5.9,1.0,0,0,1,0,0,0,0,1,0
2023-10-21 01:00:00,0,2,221,7,0,12.8,5.9,1.0,0,0,1,0,0,0,0,1,0
2023-10-21 06:00:00,0,7,42,6,0,12.8,5.9,1.0,0,0,1,0,0,0,0,1,0
2023-10-21 00:00:00,0,1,156,4,0,12.8,5.9,1.0,0,0,1,0,0,0,0,1,0
2023-10-21 04:00:00,0,5,12,3,0,12.8,5.9,1.0,0,0,1,0,0,0,0,1,0
2023-10-22 11:00:00,66,12,827,162,0,10.8,1.0,0.0,0,0,0,1,0,0,0,1,0
2023-10-22 17:00:00,45,18,1200,138,0,10.8,1.0,0.0,0,0,0,1,0,0,0,1,0
2023-10-22 10:00:00,31,11,731,189,0,10.8,1.0,0.0,0,0,0,1,0,0,0,1,0
2023-10-22 13:00:00,14,14,2324,47,0,10.8,1.0,0.0,0,0,0,1,0,0,0,1,0
2023-10-22 14:00:00,13,15,2560,7,0,10.8,1.0,0.0,0,0,0,1,0,0,0,1,0
2023-10-22 07:00:00,9,8,123,36,0,10.8,1.0,0.0,0,0,0,1,0,0,0,1,0
2023-10-22 15:00:00,9,16,2203,6,0,10.8,1.0,0.0,0,0,0,1,0,0,0,1,0
2023-10-22 08:00:00,8,9,257,59,0,10.8,1.0,0.0,0,0,0,1,0,0,0,1,0
2023-10-22 19:00:00,7,20,951,73,0,10.8,1.0,0.0,0,0,0,1,0,0,0,1,0
2023-10-22 09:00:00,6,10,313,87,0,10.8,1.0,0.0,0,0,0,1,0,0,0,1,0
2023-10-22 12:00:00,4,13,856,109,0,10.8,1.0,0.0,0,0,0,1,0,0,0,1,0
2023-10-22 22:00:00,3,23,447,65,0,10.8,1.0,0.0,0,0,0,1,0,0,0,1,0
2023-10-22 01:00:00,3,2,470,63,0,10.8,1.0,0.0,0,0,0,1,0,0,0,1,0
2023-10-22 00:00:00,2,1,763,35,0,10.8,1.0,0.0,0,0,0,1,0,0,0,1,0
2023-10-22 21:00:00,2,22,484,33,0,10.8,1.0,0.0,0,0,0,1,0,0,0,1,0
2023-10-22 02:00:00,2,3,650,26,0,10.8,1.0,0.0,0,0,0,1,0,0,0,1,0
2023-10-22 20:00:00,1,21,673,26,0,10.8,1.0,0.0,0,0,0,1,0,0,0,1,0
2023-10-22 03:00:00,1,4,603,16,0,10.8,1.0,0.0,0,0,0,1,0,0,0,1,0
2023-10-22 06:00:00,1,7,106,10,0,10.8,1.0,0.0,0,0,0,1,0,0,0,1,0
2023-10-22 05:00:00,1,6,82,8,0,10.8,1.0,0.0,0,0,0,1,0,0,0,1,0
2023-10-22 04:00:00,1,5,105,7,0,10.8,1.0,0.0,0,0,0,1,0,0,0,1,0
2023-10-20 19:00:00,1,20,508,7,0,9.6,7.3,23.4,1,0,0,0,0,0,0,1,0
2023-10-20 01:00:00,1,2,18,2,0,9.6,7.3,23.4,1,0,0,0,0,0,0,1,0
2023-10-20 07:00:00,0,8,67,7,0,9.6,7.3,23.4,1,0,0,0,0,0,0,1,0
2023-10-20 21:00:00,0,22,336,4,0,9.6,7.3,23.4,1,0,0,0,0,0,0,1,0
2023-10-20 23:00:00,0,0,270,4,0,9.6,7.3,23.4,1,0,0,0,0,0,0,1,0
2023-10-20 06:00:00,0,7,27,4,0,9.6,7.3,23.4,1,0,0,0,0,0,0,1,0
2023-10-20 02:00:00,0,3,12,2,0,9.6,7.3,23.4,1,0,0,0,0,0,0,1,0
2023-10-20 05:00:00,0,6,12,2,0,9.6,7.3,23.4,1,0,0,0,0,0,0,1,0
2023-10-20 03:00:00,0,4,6,1,0,9.6,7.3,23.4,1,0,0,0,0,0,0,1,0
2023-10-20 04:00:00,0,5,2,0,0,9.6,7.3,23.4,1,0,0,0,0,0,0,1,0
2023-10-21 19:00:00,15,20,1222,28,0,12.8,5.9,1.0,0,0,1,0,0,0,0,1,0
2023-10-21 20:00:00,2,21,946,63,0,12.8,5.9,1.0,0,0,1,0,0,0,0,1,0
2023-10-21 21:00:00,2,22,910,47,0,12.8,5.9,1.0,0,0,1,0,0,0,0,1,0
2023-10-21 05:00:00,2,6,72,5,0,12.8,5.9,1.0,0,0,1,0,0,0,0,1,0
2023-10-21 14:00:00,2,15,1411,3,0,12.8,5.9,1.0,0,0,1,0,0,0,0,1,0
2023-10-21 03:00:00,2,4,179,3,0,12.8,5.9,1.0,0,0,1,0,0,0,0,1,0
2023-10-21 22:00:00,1,23,913,34,0,12.8,5.9,1.0,0,0,1,0,0,0,0,1,0
2023-10-21 07:00:00,1,8,81,30,0,12.8,5.9,1.0,0,0,1,0,0,0,0,1,0
2023-10-21 02:00:00,1,3,280,5,0,12.8,5.9,1.0,0,0,1,0,0,0,0,1,0
2023-10-20 15:00:00,9,16,1093,204,0,9.6,7.3,23.4,1,0,0,0,0,0,0,1,0
2023-10-20 16:00:00,9,17,941,197,0,9.6,7.3,23.4,1,0,0,0,0,0,0,1,0
2023-10-20 11:00:00,9,12,851,147,0,9.6,7.3,23.4,1,0,0,0,0,0,0,1,0
2023-10-20 17:00:00,8,18,1001,222,0,9.6,7.3,23.4,1,0,0,0,0,0,0,1,0
2023-10-20 14:00:00,6,15,1199,186,0,9.6,7.3,23.4,1,0,0,0,0,0,0,1,0
2023-10-20 18:00:00,6,19,612,49,0,9.6,7.3,23.4,1,0,0,0,0,0,0,1,0
2023-10-20 10:00:00,3,11,616,130,0,9.6,7.3,23.4,1,0,0,0,0,0,0,1,0
2023-10-20 09:00:00,3,10,406,108,0,9.6,7.3,23.4,1,0,0,0,0,0,0,1,0
2023-10-20 08:00:00,2,9,175,48,0,9.6,7.3,23.4,1,0,0,0,0,0,0,1,0
2023-10-20 20:00:00,2,21,391,5,0,9.6,7.3,23.4,1,0,0,0,0,0,0,1,0
2023-10-20 00:00:00,2,1,45,4,0,9.6,7.3,23.4,1,0,0,0,0,0,0,1,0
2023-10-20 22:00:00,2,23,245,0,0,9.6,7.3,23.4,1,0,0,0,0,0,0,1,0
2023-10-23 16:00:00,22,17,1452,216,0,11.1,-1.0,4.5,0,1,0,0,0,0,0,1,0
2023-10-23 10:00:00,22,11,1605,126,0,11.1,-1.0,4.5,0,1,0,0,0,0,0,1,0
2023-10-23 14:00:00,19,15,2351,108,0,11.1,-1.0,4.5,0,1,0,0,0,0,0,1,0
2023-10-23 08:00:00,13,9,711,85,0,11.1,-1.0,4.5,0,1,0,0,0,0,0,1,0
2023-10-23 17:00:00,10,18,968,61,0,11.1,-1.0,4.5,0,1,0,0,0,0,0,1,0
2023-10-23 07:00:00,7,8,293,44,0,11.1,-1.0,4.5,0,1,0,0,0,0,0,1,0
2023-10-24 18:00:00,7,19,1555,79,0,9.9,3.2,0.9,0,0,0,0,0,1,0,1,0
2023-10-24 07:00:00,7,8,274,32,0,9.9,3.2,0.9,0,0,0,0,0,1,0,1,0
2023-10-24 19:00:00,6,20,1208,57,0,9.9,3.2,0.9,0,0,0,0,0,1,0,1,0
2023-10-24 23:00:00,4,0,429,30,0,9.9,3.2,0.9,0,0,0,0,0,1,0,1,0
2023-10-24 20:00:00,3,21,865,63,0,9.9,3.2,0.9,0,0,0,0,0,1,0,1,0
2023-10-24 21:00:00,2,22,588,53,0,9.9,3.2,0.9,0,0,0,0,0,1,0,1,0
2023-10-24 22:00:00,2,23,534,45,0,9.9,3.2,0.9,0,0,0,0,0,1,0,1,0
2023-10-24 06:00:00,2,7,155,10,0,9.9,3.2,0.9,0,0,0,0,0,1,0,1,0
2023-10-24 01:00:00,1,2,139,33,0,9.9,3.2,0.9,0,0,0,0,0,1,0,1,0
2023-10-24 05:00:00,1,6,60,7,0,9.9,3.2,0.9,0,0,0,0,0,1,0,1,0
2023-10-24 02:00:00,1,3,100,6,0,9.9,3.2,0.9,0,0,0,0,0,1,0,1,0
2023-10-23 04:00:00,1,5,18,5,0,11.1,-1.0,4.5,0,1,0,0,0,0,0,1,0
2023-10-23 01:00:00,0,2,176,46,0,11.1,-1.0,4.5,0,1,0,0,0,0,0,1,0
2023-10-23 23:00:00,0,0,431,40,0,11.1,-1.0,4.5,0,1,0,0,0,0,0,1,0
2023-10-23 00:00:00,0,1,207,36,0,11.1,-1.0,4.5,0,1,0,0,0,0,0,1,0
2023-10-23 02:00:00,0,3,130,24,0,11.1,-1.0,4.5,0,1,0,0,0,0,0,1,0
2023-10-23 03:00:00,0,4,28,11,0,11.1,-1.0,4.5,0,1,0,0,0,0,0,1,0
2023-10-24 16:00:00,45,17,2147,232,0,9.9,3.2,0.9,0,0,0,0,0,1,0,1,0
2023-10-24 14:00:00,41,15,2246,144,0,9.9,3.2,0.9,0,0,0,0,0,1,0,1,0
2023-10-24 00:00:00,0,1,283,20,0,9.9,3.2,0.9,0,0,0,0,0,1,0,1,0
2023-10-24 03:00:00,0,4,13,4,0,9.9,3.2,0.9,0,0,0,0,0,1,0,1,0
2023-10-24 04:00:00,0,5,5,3,0,9.9,3.2,0.9,0,0,0,0,0,1,0,1,0
2023-10-25 12:00:00,29,13,1847,6,0,11.2,4.9,2.1,0,0,0,0,0,0,1,1,0
2023-10-25 14:00:00,28,15,1960,12,0,11.2,4.9,2.1,0,0,0,0,0,0,1,1,0
2023-10-25 13:00:00,27,14,2554,11,0,11.2,4.9,2.1,0,0,0,0,0,0,1,1,0
2023-10-22 23:00:00,0,0,393,71,0,10.8,1.0,0.0,0,0,0,1,0,0,0,1,0
2023-10-23 13:00:00,38,14,2354,101,0,11.1,-1.0,4.5,0,1,0,0,0,0,0,1,0
2023-10-23 11:00:00,33,12,1686,241,0,11.1,-1.0,4.5,0,1,0,0,0,0,0,1,0
2023-10-23 12:00:00,28,13,2449,115,0,11.1,-1.0,4.5,0,1,0,0,0,0,0,1,0
2023-10-23 15:00:00,26,16,2242,142,0,11.1,-1.0,4.5,0,1,0,0,0,0,0,1,0
2023-10-24 15:00:00,33,16,1978,252,0,9.9,3.2,0.9,0,0,0,0,0,1,0,1,0
2023-10-24 13:00:00,23,14,2787,97,0,9.9,3.2,0.9,0,0,0,0,0,1,0,1,0
2023-10-24 08:00:00,22,9,787,225,0,9.9,3.2,0.9,0,0,0,0,0,1,0,1,0
2023-10-24 10:00:00,21,11,1396,235,0,9.9,3.2,0.9,0,0,0,0,0,1,0,1,0
2023-10-24 11:00:00,20,12,1692,184,0,9.9,3.2,0.9,0,0,0,0,0,1,0,1,0
2023-10-24 17:00:00,20,18,1743,166,0,9.9,3.2,0.9,0,0,0,0,0,1,0,1,0
2023-10-24 12:00:00,17,13,2055,116,0,9.9,3.2,0.9,0,0,0,0,0,1,0,1,0
2023-10-24 09:00:00,16,10,1030,184,0,9.9,3.2,0.9,0,0,0,0,0,1,0,1,0
2023-10-23 19:00:00,5,20,795,110,0,11.1,-1.0,4.5,0,1,0,0,0,0,0,1,0
2023-10-23 20:00:00,4,21,590,23,0,11.1,-1.0,4.5,0,1,0,0,0,0,0,1,0
2023-10-23 21:00:00,4,22,561,7,0,11.1,-1.0,4.5,0,1,0,0,0,0,0,1,0
2023-10-23 09:00:00,3,10,1016,139,0,11.1,-1.0,4.5,0,1,0,0,0,0,0,1,0
2023-10-23 18:00:00,3,19,1332,99,0,11.1,-1.0,4.5,0,1,0,0,0,0,0,1,0
2023-10-23 05:00:00,3,6,98,19,0,11.1,-1.0,4.5,0,1,0,0,0,0,0,1,0
2023-10-23 06:00:00,2,7,106,14,0,11.1,-1.0,4.5,0,1,0,0,0,0,0,1,0
2023-10-23 22:00:00,2,23,545,9,0,11.1,-1.0,4.5,0,1,0,0,0,0,0,1,0
2023-10-25 01:00:00,1,2,37,21,0,11.2,4.9,2.1,0,0,0,0,0,0,1,1,0
2023-10-25 05:00:00,1,6,113,16,0,11.2,4.9,2.1,0,0,0,0,0,0,1,1,0
2023-10-25 23:00:00,1,0,431,14,0,11.2,4.9,2.1,0,0,0,0,0,0,1,1,0
2023-10-26 03:00:00,0,4,192,1,0,10.9,5.9,29.4,0,0,0,0,1,0,0,1,0
2023-10-26 04:00:00,0,5,30,0,0,10.9,5.9,29.4,0,0,0,0,1,0,0,1,0
2023-10-27 14:00:00,15,15,2081,16,0,11.2,7.2,16.5,1,0,0,0,0,0,0,1,0
2023-10-27 11:00:00,12,12,1715,300,0,11.2,7.2,16.5,1,0,0,0,0,0,0,1,0
2023-10-26 01:00:00,4,2,298,30,0,10.9,5.9,29.4,0,0,0,0,1,0,0,1,0
2023-10-26 00:00:00,4,1,447,24,0,10.9,5.9,29.4,0,0,0,0,1,0,0,1,0
2023-10-26 06:00:00,4,7,131,17,0,10.9,5.9,29.4,0,0,0,0,1,0,0,1,0
2023-10-26 20:00:00,4,21,506,5,0,10.9,5.9,29.4,0,0,0,0,1,0,0,1,0
2023-10-26 21:00:00,4,22,471,5,0,10.9,5.9,29.4,0,0,0,0,1,0,0,1,0
2023-10-26 23:00:00,4,0,173,3,0,10.9,5.9,29.4,0,0,0,0,1,0,0,1,0
2023-10-26 19:00:00,3,20,588,18,0,10.9,5.9,29.4,0,0,0,0,1,0,0,1,0
2023-10-26 18:00:00,3,19,772,13,0,10.9,5.9,29.4,0,0,0,0,1,0,0,1,0
2023-10-26 05:00:00,3,6,89,11,0,10.9,5.9,29.4,0,0,0,0,1,0,0,1,0
2023-10-26 14:00:00,2,15,836,7,0,10.9,5.9,29.4,0,0,0,0,1,0,0,1,0
2023-10-26 22:00:00,2,23,337,1,0,10.9,5.9,29.4,0,0,0,0,1,0,0,1,0
2023-10-26 10:00:00,15,11,1415,216,0,10.9,5.9,29.4,0,0,0,0,1,0,0,1,0
2023-10-26 08:00:00,12,9,716,258,0,10.9,5.9,29.4,0,0,0,0,1,0,0,1,0
2023-10-26 11:00:00,11,12,1836,223,0,10.9,5.9,29.4,0,0,0,0,1,0,0,1,0
2023-10-26 12:00:00,8,13,1286,95,0,10.9,5.9,29.4,0,0,0,0,1,0,0,1,0
2023-10-26 17:00:00,8,18,1415,40,0,10.9,5.9,29.4,0,0,0,0,1,0,0,1,0
2023-10-26 13:00:00,8,14,1062,13,0,10.9,5.9,29.4,0,0,0,0,1,0,0,1,0
2023-10-26 16:00:00,7,17,1845,5,0,10.9,5.9,29.4,0,0,0,0,1,0,0,1,0
2023-10-26 07:00:00,5,8,262,49,0,10.9,5.9,29.4,0,0,0,0,1,0,0,1,0
2023-10-26 15:00:00,4,16,1490,116,0,10.9,5.9,29.4,0,0,0,0,1,0,0,1,0
2023-10-25 02:00:00,0,3,186,12,0,11.2,4.9,2.1,0,0,0,0,0,0,1,1,0
2023-10-25 22:00:00,0,23,474,7,0,11.2,4.9,2.1,0,0,0,0,0,0,1,1,0
2023-10-25 04:00:00,0,5,27,7,0,11.2,4.9,2.1,0,0,0,0,0,0,1,1,0
2023-10-25 03:00:00,0,4,43,3,0,11.2,4.9,2.1,0,0,0,0,0,0,1,1,0
2023-10-26 09:00:00,23,10,1138,218,0,10.9,5.9,29.4,0,0,0,0,1,0,0,1,0
2023-10-26 02:00:00,16,3,487,13,0,10.9,5.9,29.4,0,0,0,0,1,0,0,1,0
2023-10-25 15:00:00,16,16,1664,28,0,11.2,4.9,2.1,0,0,0,0,0,0,1,1,0
2023-10-25 11:00:00,14,12,1389,8,0,11.2,4.9,2.1,0,0,0,0,0,0,1,1,0
2023-10-25 08:00:00,13,9,591,81,0,11.2,4.9,2.1,0,0,0,0,0,0,1,1,0
2023-10-25 00:00:00,11,1,102,30,0,11.2,4.9,2.1,0,0,0,0,0,0,1,1,0
2023-10-25 10:00:00,10,11,1040,19,0,11.2,4.9,2.1,0,0,0,0,0,0,1,1,0
2023-10-25 09:00:00,9,10,753,112,0,11.2,4.9,2.1,0,0,0,0,0,0,1,1,0
2023-10-25 17:00:00,8,18,1669,124,0,11.2,4.9,2.1,0,0,0,0,0,0,1,1,0
2023-10-25 16:00:00,6,17,2394,119,0,11.2,4.9,2.1,0,0,0,0,0,0,1,1,0
2023-10-25 21:00:00,5,22,553,7,0,11.2,4.9,2.1,0,0,0,0,0,0,1,1,0
2023-10-25 06:00:00,4,7,136,15,0,11.2,4.9,2.1,0,0,0,0,0,0,1,1,0
2023-10-25 18:00:00,4,19,1077,5,0,11.2,4.9,2.1,0,0,0,0,0,0,1,1,0
2023-10-25 07:00:00,2,8,130,29,0,11.2,4.9,2.1,0,0,0,0,0,0,1,1,0
2023-10-25 20:00:00,2,21,501,9,0,11.2,4.9,2.1,0,0,0,0,0,0,1,1,0
2023-10-25 19:00:00,2,20,665,5,0,11.2,4.9,2.1,0,0,0,0,0,0,1,1,0
2023-10-27 03:00:00,1,4,53,3,0,11.2,7.2,16.5,1,0,0,0,0,0,0,1,0
2023-10-27 19:00:00,0,20,829,30,0,11.2,7.2,16.5,1,0,0,0,0,0,0,1,0
2023-10-28 21:00:00,2,22,863,32,0,11.6,9.0,7.9,0,0,1,0,0,0,0,1,0
2023-10-28 03:00:00,2,4,412,14,0,11.6,9.0,7.9,0,0,1,0,0,0,0,1,0
2023-10-28 08:00:00,1,9,332,63,0,11.6,9.0,7.9,0,0,1,0,0,0,0,1,0
2023-10-28 19:00:00,1,20,973,7,0,11.6,9.0,7.9,0,0,1,0,0,0,0,1,0
2023-10-28 04:00:00,1,5,60,7,0,11.6,9.0,7.9,0,0,1,0,0,0,0,1,0
2023-10-28 20:00:00,1,21,965,6,0,11.6,9.0,7.9,0,0,1,0,0,0,0,1,0
2023-10-28 06:00:00,1,7,71,2,0,11.6,9.0,7.9,0,0,1,0,0,0,0,1,0
2023-10-29 14:00:00,11,15,1649,195,0,9.9,9.5,6.1,0,0,0,1,0,0,0,1,0
2023-10-29 01:00:00,10,2,781,6,0,9.9,9.5,6.1,0,0,0,1,0,0,0,1,0
2023-10-29 15:00:00,7,16,1371,216,0,9.9,9.5,6.1,0,0,0,1,0,0,0,1,0
2023-10-29 12:00:00,6,13,1581,184,0,9.9,9.5,6.1,0,0,0,1,0,0,0,1,0
2023-10-29 00:00:00,6,1,655,5,0,9.9,9.5,6.1,0,0,0,1,0,0,0,1,0
2023-10-29 10:00:00,5,11,796,166,0,9.9,9.5,6.1,0,0,0,1,0,0,0,1,0
2023-10-29 22:00:00,5,23,380,18,0,9.9,9.5,6.1,0,0,0,1,0,0,0,1,0
2023-10-29 13:00:00,4,14,1715,259,0,9.9,9.5,6.1,0,0,0,1,0,0,0,1,0
2023-10-29 11:00:00,4,12,1105,80,0,9.9,9.5,6.1,0,0,0,1,0,0,0,1,0
2023-10-29 23:00:00,4,0,286,11,0,9.9,9.5,6.1,0,0,0,1,0,0,0,1,0
2023-10-29 21:00:00,4,22,532,1,0,9.9,9.5,6.1,0,0,0,1,0,0,0,1,0
2023-10-27 04:00:00,0,5,17,0,0,11.2,7.2,16.5,1,0,0,0,0,0,0,1,0
2023-10-28 15:00:00,13,16,2069,73,0,11.6,9.0,7.9,0,0,1,0,0,0,0,1,0
2023-10-28 12:00:00,12,13,1494,8,0,11.6,9.0,7.9,0,0,1,0,0,0,0,1,0
2023-10-28 16:00:00,10,17,2420,65,0,11.6,9.0,7.9,0,0,1,0,0,0,0,1,0
2023-10-28 23:00:00,10,0,446,8,0,11.6,9.0,7.9,0,0,1,0,0,0,0,1,0
2023-10-28 11:00:00,10,12,1029,5,0,11.6,9.0,7.9,0,0,1,0,0,0,0,1,0
2023-10-28 14:00:00,7,15,2122,14,0,11.6,9.0,7.9,0,0,1,0,0,0,0,1,0
2023-10-28 17:00:00,6,18,1885,56,0,11.6,9.0,7.9,0,0,1,0,0,0,0,1,0
2023-10-28 02:00:00,5,3,571,23,0,11.6,9.0,7.9,0,0,1,0,0,0,0,1,0
2023-10-28 22:00:00,5,23,837,21,0,11.6,9.0,7.9,0,0,1,0,0,0,0,1,0
2023-10-28 13:00:00,5,14,1459,9,0,11.6,9.0,7.9,0,0,1,0,0,0,0,1,0
2023-10-28 09:00:00,4,10,756,78,0,11.6,9.0,7.9,0,0,1,0,0,0,0,1,0
2023-10-28 00:00:00,4,1,670,20,0,11.6,9.0,7.9,0,0,1,0,0,0,0,1,0
2023-10-28 10:00:00,4,11,577,7,0,11.6,9.0,7.9,0,0,1,0,0,0,0,1,0
2023-10-28 18:00:00,3,19,1728,8,0,11.6,9.0,7.9,0,0,1,0,0,0,0,1,0
2023-10-28 07:00:00,0,8,150,18,0,11.6,9.0,7.9,0,0,1,0,0,0,0,1,0
2023-10-28 01:00:00,0,2,346,16,0,11.6,9.0,7.9,0,0,1,0,0,0,0,1,0
2023-10-28 05:00:00,0,6,102,14,0,11.6,9.0,7.9,0,0,1,0,0,0,0,1,0
2023-10-27 12:00:00,12,13,1520,80,0,11.2,7.2,16.5,1,0,0,0,0,0,0,1,0
2023-10-27 22:00:00,12,23,588,7,0,11.2,7.2,16.5,1,0,0,0,0,0,0,1,0
2023-10-27 16:00:00,11,17,2525,327,0,11.2,7.2,16.5,1,0,0,0,0,0,0,1,0
2023-10-27 17:00:00,9,18,2506,318,0,11.2,7.2,16.5,1,0,0,0,0,0,0,1,0
2023-10-27 10:00:00,9,11,1296,286,0,11.2,7.2,16.5,1,0,0,0,0,0,0,1,0
2023-10-27 09:00:00,9,10,977,269,0,11.2,7.2,16.5,1,0,0,0,0,0,0,1,0
2023-10-27 15:00:00,8,16,2165,136,0,11.2,7.2,16.5,1,0,0,0,0,0,0,1,0
2023-10-27 08:00:00,7,9,690,143,0,11.2,7.2,16.5,1,0,0,0,0,0,0,1,0
2023-10-27 07:00:00,7,8,312,32,0,11.2,7.2,16.5,1,0,0,0,0,0,0,1,0
2023-10-27 13:00:00,7,14,1995,5,0,11.2,7.2,16.5,1,0,0,0,0,0,0,1,0
2023-10-27 00:00:00,5,1,152,2,0,11.2,7.2,16.5,1,0,0,0,0,0,0,1,0
2023-10-27 01:00:00,4,2,125,2,0,11.2,7.2,16.5,1,0,0,0,0,0,0,1,0
2023-10-27 18:00:00,3,19,1508,70,0,11.2,7.2,16.5,1,0,0,0,0,0,0,1,0
2023-10-27 06:00:00,3,7,145,8,0,11.2,7.2,16.5,1,0,0,0,0,0,0,1,0
2023-10-27 21:00:00,3,22,780,7,0,11.2,7.2,16.5,1,0,0,0,0,0,0,1,0
2023-10-27 23:00:00,2,0,680,39,0,11.2,7.2,16.5,1,0,0,0,0,0,0,1,0
2023-10-27 20:00:00,2,21,747,16,0,11.2,7.2,16.5,1,0,0,0,0,0,0,1,0
2023-10-27 05:00:00,2,6,109,3,0,11.2,7.2,16.5,1,0,0,0,0,0,0,1,0
2023-10-27 02:00:00,1,3,135,8,0,11.2,7.2,16.5,1,0,0,0,0,0,0,1,0
2023-10-30 21:00:00,3,22,588,70,0,9.6,5.6,0.0,0,1,0,0,0,0,0,0,1
2023-10-30 00:00:00,3,1,221,11,0,9.6,5.6,0.0,0,1,0,0,0,0,0,0,1
2023-10-30 19:00:00,2,20,1131,65,0,9.6,5.6,0.0,0,1,0,0,0,0,0,0,1
2023-10-30 01:00:00,2,2,106,8,0,9.6,5.6,0.0,0,1,0,0,0,0,0,0,1
2023-10-30 03:00:00,2,4,93,6,0,9.6,5.6,0.0,0,1,0,0,0,0,0,0,1
2023-10-30 05:00:00,2,6,74,2,0,9.6,5.6,0.0,0,1,0,0,0,0,0,0,1
2023-10-31 09:00:00,28,10,942,140,0,10.2,5.3,7.5,0,0,0,0,0,1,0,0,1
2023-10-31 12:00:00,27,13,1623,66,0,10.2,5.3,7.5,0,0,0,0,0,1,0,0,1
2023-10-30 10:00:00,33,11,1435,111,0,9.6,5.6,0.0,0,1,0,0,0,0,0,0,1
2023-10-30 08:00:00,31,9,694,112,0,9.6,5.6,0.0,0,1,0,0,0,0,0,0,1
2023-10-30 14:00:00,25,15,2447,140,0,9.6,5.6,0.0,0,1,0,0,0,0,0,0,1
2023-10-30 09:00:00,24,10,903,84,0,9.6,5.6,0.0,0,1,0,0,0,0,0,0,1
2023-10-30 07:00:00,24,8,233,51,0,9.6,5.6,0.0,0,1,0,0,0,0,0,0,1
2023-10-30 13:00:00,19,14,2890,137,0,9.6,5.6,0.0,0,1,0,0,0,0,0,0,1
2023-10-30 16:00:00,17,17,2285,129,0,9.6,5.6,0.0,0,1,0,0,0,0,0,0,1
2023-10-30 15:00:00,11,16,2284,110,0,9.6,5.6,0.0,0,1,0,0,0,0,0,0,1
2023-10-31 16:00:00,25,17,1976,203,0,10.2,5.3,7.5,0,0,0,0,0,1,0,0,1
2023-10-31 08:00:00,24,9,677,188,0,10.2,5.3,7.5,0,0,0,0,0,1,0,0,1
2023-10-31 15:00:00,18,16,1755,105,0,10.2,5.3,7.5,0,0,0,0,0,1,0,0,1
2023-10-30 23:00:00,1,0,387,53,0,9.6,5.6,0.0,0,1,0,0,0,0,0,0,1
2023-10-30 22:00:00,1,23,465,50,0,9.6,5.6,0.0,0,1,0,0,0,0,0,0,1
2023-10-31 17:00:00,15,18,1759,111,0,10.2,5.3,7.5,0,0,0,0,0,1,0,0,1
2023-10-29 02:00:00,1,3,349,67,0,9.9,9.5,6.1,0,0,0,1,0,0,0,1,0
2023-10-31 11:00:00,14,12,1906,88,0,10.2,5.3,7.5,0,0,0,0,0,1,0,0,1
2023-10-31 07:00:00,13,8,294,70,0,10.2,5.3,7.5,0,0,0,0,0,1,0,0,1
2023-10-31 06:00:00,9,7,133,37,0,10.2,5.3,7.5,0,0,0,0,0,1,0,0,1
2023-10-31 18:00:00,8,19,1635,79,0,10.2,5.3,7.5,0,0,0,0,0,1,0,0,1
2023-10-29 18:00:00,1,19,682,8,0,9.9,9.5,6.1,0,0,0,1,0,0,0,1,0
2023-10-29 20:00:00,1,21,460,2,0,9.9,9.5,6.1,0,0,0,1,0,0,0,1,0
2023-10-29 08:00:00,3,9,329,75,0,9.9,9.5,6.1,0,0,0,1,0,0,0,1,0
2023-10-29 16:00:00,0,17,1326,160,0,9.9,9.5,6.1,0,0,0,1,0,0,0,1,0
2023-10-29 07:00:00,0,8,105,48,0,9.9,9.5,6.1,0,0,0,1,0,0,0,1,0
2023-10-29 09:00:00,2,10,548,93,0,9.9,9.5,6.1,0,0,0,1,0,0,0,1,0
2023-10-30 04:00:00,0,5,6,2,0,9.6,5.6,0.0,0,1,0,0,0,0,0,0,1
2023-10-31 10:00:00,37,11,1004,121,0,10.2,5.3,7.5,0,0,0,0,0,1,0,0,1
2023-10-31 14:00:00,30,15,1592,83,0,10.2,5.3,7.5,0,0,0,0,0,1,0,0,1
2023-10-31 13:00:00,30,14,985,56,0,10.2,5.3,7.5,0,0,0,0,0,1,0,0,1
2023-10-29 03:00:00,0,4,119,46,0,9.9,9.5,6.1,0,0,0,1,0,0,0,1,0
2023-10-29 17:00:00,0,18,906,23,0,9.9,9.5,6.1,0,0,0,1,0,0,0,1,0
2023-10-29 04:00:00,0,5,45,21,0,9.9,9.5,6.1,0,0,0,1,0,0,0,1,0
2023-10-29 06:00:00,0,7,67,19,0,9.9,9.5,6.1,0,0,0,1,0,0,0,1,0
2023-10-29 05:00:00,0,6,43,15,0,9.9,9.5,6.1,0,0,0,1,0,0,0,1,0
2023-10-29 19:00:00,0,20,686,7,0,9.9,9.5,6.1,0,0,0,1,0,0,0,1,0
2023-10-30 12:00:00,41,13,2739,234,0,9.6,5.6,0.0,0,1,0,0,0,0,0,0,1
2023-10-30 11:00:00,10,12,2038,151,0,9.6,5.6,0.0,0,1,0,0,0,0,0,0,1
2023-10-30 17:00:00,10,18,1967,89,0,9.6,5.6,0.0,0,1,0,0,0,0,0,0,1
2023-10-30 18:00:00,8,19,1333,85,0,9.6,5.6,0.0,0,1,0,0,0,0,0,0,1
2023-10-30 06:00:00,8,7,93,4,0,9.6,5.6,0.0,0,1,0,0,0,0,0,0,1
2023-10-30 02:00:00,4,3,144,1,0,9.6,5.6,0.0,0,1,0,0,0,0,0,0,1
2023-10-30 20:00:00,3,21,788,72,0,9.6,5.6,0.0,0,1,0,0,0,0,0,0,1
2023-10-31 00:00:00,1,1,387,35,0,10.2,5.3,7.5,0,0,0,0,0,1,0,0,1
2023-10-31 22:00:00,1,23,790,12,0,10.2,5.3,7.5,0,0,0,0,0,1,0,0,1
2023-10-31 23:00:00,6,0,876,11,0,10.2,5.3,7.5,0,0,0,0,0,1,0,0,1
2023-10-31 05:00:00,5,6,102,14,0,10.2,5.3,7.5,0,0,0,0,0,1,0,0,1
2023-10-31 02:00:00,5,3,115,11,0,10.2,5.3,7.5,0,0,0,0,0,1,0,0,1
2023-10-31 01:00:00,4,2,214,46,0,10.2,5.3,7.5,0,0,0,0,0,1,0,0,1
2023-10-31 20:00:00,3,21,1144,60,0,10.2,5.3,7.5,0,0,0,0,0,1,0,0,1
2023-10-31 19:00:00,2,20,1267,89,0,10.2,5.3,7.5,0,0,0,0,0,1,0,0,1
2023-10-31 21:00:00,2,22,972,73,0,10.2,5.3,7.5,0,0,0,0,0,1,0,0,1
2023-10-31 03:00:00,0,4,35,8,0,10.2,5.3,7.5,0,0,0,0,0,1,0,0,1
2023-10-31 04:00:00,0,5,15,7,0,10.2,5.3,7.5,0,0,0,0,0,1,0,0,1
2023-09-01 12:00:00,97,13,1830,216,0,22.4,9.9,0.0,1,0,0,0,0,0,0,1,0
2023-09-01 11:00:00,44,12,1884,172,0,22.4,9.9,0.0,1,0,0,0,0,0,0,1,0
2023-09-01 15:00:00,38,16,2664,124,0,22.4,9.9,0.0,1,0,0,0,0,0,0,1,0
2023-09-01 17:00:00,33,18,2261,175,0,22.4,9.9,0.0,1,0,0,0,0,0,0,1,0
2023-09-01 16:00:00,33,17,2490,154,0,22.4,9.9,0.0,1,0,0,0,0,0,0,1,0
2023-09-01 14:00:00,32,15,2379,133,0,22.4,9.9,0.0,1,0,0,0,0,0,0,1,0
2023-09-01 10:00:00,29,11,1322,242,0,22.4,9.9,0.0,1,0,0,0,0,0,0,1,0
2023-09-01 08:00:00,23,9,613,221,0,22.4,9.9,0.0,1,0,0,0,0,0,0,1,0
2023-09-01 13:00:00,23,14,2425,164,0,22.4,9.9,0.0,1,0,0,0,0,0,0,1,0
2023-09-01 20:00:00,21,21,1230,269,0,22.4,9.9,0.0,1,0,0,0,0,0,0,1,0
2023-09-01 07:00:00,21,8,243,94,0,22.4,9.9,0.0,1,0,0,0,0,0,0,1,0
2023-09-02 01:00:00,4,2,511,42,0,22.9,5.5,0.0,0,0,1,0,0,0,0,1,0
2023-09-02 21:00:00,4,22,1078,3,0,22.9,5.5,0.0,0,0,1,0,0,0,0,1,0
2023-09-02 23:00:00,3,0,1135,96,0,22.9,5.5,0.0,0,0,1,0,0,0,0,1,0
2023-09-02 03:00:00,3,4,299,46,0,22.9,5.5,0.0,0,0,1,0,0,0,0,1,0
2023-09-02 22:00:00,3,23,825,11,0,22.9,5.5,0.0,0,0,1,0,0,0,0,1,0
2023-09-02 02:00:00,2,3,424,54,0,22.9,5.5,0.0,0,0,1,0,0,0,0,1,0
2023-09-02 05:00:00,2,6,68,17,0,22.9,5.5,0.0,0,0,1,0,0,0,0,1,0
2023-09-01 19:00:00,6,20,1054,161,0,22.4,9.9,0.0,1,0,0,0,0,0,0,1,0
2023-09-01 21:00:00,6,22,1153,82,0,22.4,9.9,0.0,1,0,0,0,0,0,0,1,0
2023-09-01 05:00:00,6,6,94,20,0,22.4,9.9,0.0,1,0,0,0,0,0,0,1,0
2023-09-01 09:00:00,5,10,708,153,0,22.4,9.9,0.0,1,0,0,0,0,0,0,1,0
2023-09-01 22:00:00,5,23,928,68,0,22.4,9.9,0.0,1,0,0,0,0,0,0,1,0
2023-09-01 03:00:00,3,4,170,18,0,22.4,9.9,0.0,1,0,0,0,0,0,0,1,0
2023-09-01 04:00:00,2,5,9,5,0,22.4,9.9,0.0,1,0,0,0,0,0,0,1,0
2023-09-01 02:00:00,1,3,353,18,0,22.4,9.9,0.0,1,0,0,0,0,0,0,1,0
2023-09-01 00:00:00,0,1,362,62,0,22.4,9.9,0.0,1,0,0,0,0,0,0,1,0
2023-09-01 23:00:00,0,0,659,53,0,22.4,9.9,0.0,1,0,0,0,0,0,0,1,0
2023-09-01 01:00:00,0,2,201,48,0,22.4,9.9,0.0,1,0,0,0,0,0,0,1,0
2023-09-02 12:00:00,142,13,2568,217,0,22.9,5.5,0.0,0,0,1,0,0,0,0,1,0
2023-09-02 11:00:00,80,12,2146,250,0,22.9,5.5,0.0,0,0,1,0,0,0,0,1,0
2023-09-01 18:00:00,12,19,1443,176,0,22.4,9.9,0.0,1,0,0,0,0,0,0,1,0
2023-09-01 06:00:00,12,7,167,38,0,22.4,9.9,0.0,1,0,0,0,0,0,0,1,0
2023-09-02 10:00:00,53,11,1612,206,0,22.9,5.5,0.0,0,0,1,0,0,0,0,1,0
2023-09-02 17:00:00,49,18,1919,216,0,22.9,5.5,0.0,0,0,1,0,0,0,0,1,0
2023-09-02 18:00:00,41,19,1439,261,0,22.9,5.5,0.0,0,0,1,0,0,0,0,1,0
2023-09-02 13:00:00,34,14,2833,192,0,22.9,5.5,0.0,0,0,1,0,0,0,0,1,0
2023-09-02 16:00:00,23,17,2727,109,0,22.9,5.5,0.0,0,0,1,0,0,0,0,1,0
2023-09-02 14:00:00,21,15,3012,141,0,22.9,5.5,0.0,0,0,1,0,0,0,0,1,0
2023-09-02 06:00:00,19,7,119,38,0,22.9,5.5,0.0,0,0,1,0,0,0,0,1,0
2023-09-02 09:00:00,15,10,841,162,0,22.9,5.5,0.0,0,0,1,0,0,0,0,1,0
2023-09-02 08:00:00,14,9,388,115,0,22.9,5.5,0.0,0,0,1,0,0,0,0,1,0
2023-09-02 15:00:00,13,16,2950,73,0,22.9,5.5,0.0,0,0,1,0,0,0,0,1,0
2023-09-02 19:00:00,12,20,1507,60,0,22.9,5.5,0.0,0,0,1,0,0,0,0,1,0
2023-09-02 07:00:00,7,8,241,72,0,22.9,5.5,0.0,0,0,1,0,0,0,0,1,0
2023-09-02 20:00:00,7,21,1043,2,0,22.9,5.5,0.0,0,0,1,0,0,0,0,1,0
2023-09-02 00:00:00,0,1,552,38,0,22.9,5.5,0.0,0,0,1,0,0,0,0,1,0
2023-09-02 04:00:00,0,5,44,13,0,22.9,5.5,0.0,0,0,1,0,0,0,0,1,0
2023-09-03 12:00:00,60,13,1738,217,0,24.2,5.5,0.0,0,0,0,1,0,0,0,1,0
2023-09-03 11:00:00,49,12,1224,177,0,24.2,5.5,0.0,0,0,0,1,0,0,0,1,0
2023-09-03 10:00:00,45,11,752,156,0,24.2,5.5,0.0,0,0,0,1,0,0,0,1,0
2023-09-03 17:00:00,40,18,1367,239,0,24.2,5.5,0.0,0,0,0,1,0,0,0,1,0
2023-09-03 13:00:00,33,14,1854,105,0,24.2,5.5,0.0,0,0,0,1,0,0,0,1,0
2023-09-03 00:00:00,2,1,621,62,0,24.2,5.5,0.0,0,0,0,1,0,0,0,1,0
2023-09-03 02:00:00,2,3,631,46,0,24.2,5.5,0.0,0,0,0,1,0,0,0,1,0
2023-09-03 01:00:00,2,2,601,43,0,24.2,5.5,0.0,0,0,0,1,0,0,0,1,0
2023-09-03 22:00:00,2,23,465,6,0,24.2,5.5,0.0,0,0,0,1,0,0,0,1,0
2023-09-03 23:00:00,1,0,306,66,0,24.2,5.5,0.0,0,0,0,1,0,0,0,1,0
2023-09-03 21:00:00,10,22,511,0,0,24.2,5.5,0.0,0,0,0,1,0,0,0,1,0
2023-09-03 09:00:00,9,10,469,38,0,24.2,5.5,0.0,0,0,0,1,0,0,0,1,0
2023-09-04 17:00:00,19,18,1794,143,0,20.8,5.5,0.0,0,1,0,0,0,0,0,1,0
2023-09-04 15:00:00,18,16,1948,46,0,20.8,5.5,0.0,0,1,0,0,0,0,0,1,0
2023-09-04 09:00:00,17,10,1056,90,0,20.8,5.5,0.0,0,1,0,0,0,0,0,1,0
2023-09-04 14:00:00,15,15,1925,27,0,20.8,5.5,0.0,0,1,0,0,0,0,0,1,0
2023-09-04 18:00:00,13,19,1358,171,0,20.8,5.5,0.0,0,1,0,0,0,0,0,1,0
2023-09-04 21:00:00,12,22,664,102,0,20.8,5.5,0.0,0,1,0,0,0,0,0,1,0
2023-09-04 08:00:00,12,9,760,71,0,20.8,5.5,0.0,0,1,0,0,0,0,0,1,0
2023-09-04 06:00:00,12,7,154,17,0,20.8,5.5,0.0,0,1,0,0,0,0,0,1,0
2023-09-03 03:00:00,7,4,863,26,0,24.2,5.5,0.0,0,0,0,1,0,0,0,1,0
2023-09-03 18:00:00,24,19,996,121,0,24.2,5.5,0.0,0,0,0,1,0,0,0,1,0
2023-09-03 14:00:00,24,15,2000,86,0,24.2,5.5,0.0,0,0,0,1,0,0,0,1,0
2023-09-03 15:00:00,21,16,2037,117,0,24.2,5.5,0.0,0,0,0,1,0,0,0,1,0
2023-09-03 16:00:00,20,17,1632,135,0,24.2,5.5,0.0,0,0,0,1,0,0,0,1,0
2023-09-03 20:00:00,15,21,964,38,0,24.2,5.5,0.0,0,0,0,1,0,0,0,1,0
2023-09-03 19:00:00,13,20,1028,18,0,24.2,5.5,0.0,0,0,0,1,0,0,0,1,0
2023-09-04 05:00:00,0,6,94,13,0,20.8,5.5,0.0,0,1,0,0,0,0,0,1,0
2023-09-04 04:00:00,0,5,2,3,0,20.8,5.5,0.0,0,1,0,0,0,0,0,1,0
2023-09-03 08:00:00,4,9,235,37,0,24.2,5.5,0.0,0,0,0,1,0,0,0,1,0
2023-09-03 06:00:00,4,7,93,9,0,24.2,5.5,0.0,0,0,0,1,0,0,0,1,0
2023-09-03 07:00:00,1,8,159,25,0,24.2,5.5,0.0,0,0,0,1,0,0,0,1,0
2023-09-05 12:00:00,148,13,2192,194,0,19.9,9.9,0.0,0,0,0,0,0,1,0,1,0
2023-09-04 07:00:00,2,8,322,51,0,20.8,5.5,0.0,0,1,0,0,0,0,0,1,0
2023-09-05 11:00:00,86,12,2051,205,0,19.9,9.9,0.0,0,0,0,0,0,1,0,1,0
2023-09-04 20:00:00,1,21,1134,129,0,20.8,5.5,0.0,0,1,0,0,0,0,0,1,0
2023-09-04 00:00:00,1,1,233,49,0,20.8,5.5,0.0,0,1,0,0,0,0,0,1,0
2023-09-04 01:00:00,1,2,145,26,0,20.8,5.5,0.0,0,1,0,0,0,0,0,1,0
2023-09-04 02:00:00,1,3,160,22,0,20.8,5.5,0.0,0,1,0,0,0,0,0,1,0
2023-09-04 23:00:00,1,0,354,17,0,20.8,5.5,0.0,0,1,0,0,0,0,0,1,0
2023-09-04 03:00:00,1,4,77,5,0,20.8,5.5,0.0,0,1,0,0,0,0,0,1,0
2023-09-05 18:00:00,45,19,1460,245,0,19.9,9.9,0.0,0,0,0,0,0,1,0,1,0
2023-09-05 17:00:00,44,18,1823,239,0,19.9,9.9,0.0,0,0,0,0,0,1,0,1,0
2023-09-05 16:00:00,43,17,2263,241,0,19.9,9.9,0.0,0,0,0,0,0,1,0,1,0
2023-09-05 10:00:00,38,11,1591,223,0,19.9,9.9,0.0,0,0,0,0,0,1,0,1,0
2023-09-03 04:00:00,0,5,95,4,0,24.2,5.5,0.0,0,0,0,1,0,0,0,1,0
2023-09-03 05:00:00,0,6,96,2,0,24.2,5.5,0.0,0,0,0,1,0,0,0,1,0
2023-09-04 12:00:00,46,13,2045,164,0,20.8,5.5,0.0,0,1,0,0,0,0,0,1,0
2023-09-04 10:00:00,36,11,1574,176,0,20.8,5.5,0.0,0,1,0,0,0,0,0,1,0
2023-09-04 11:00:00,36,12,2015,162,0,20.8,5.5,0.0,0,1,0,0,0,0,0,1,0
2023-09-04 13:00:00,34,14,2186,37,0,20.8,5.5,0.0,0,1,0,0,0,0,0,1,0
2023-09-04 16:00:00,28,17,2354,114,0,20.8,5.5,0.0,0,1,0,0,0,0,0,1,0
2023-09-05 14:00:00,35,15,2145,143,0,19.9,9.9,0.0,0,0,0,0,0,1,0,1,0
2023-09-05 15:00:00,34,16,1999,133,0,19.9,9.9,0.0,0,0,0,0,0,1,0,1,0
2023-09-05 13:00:00,29,14,2596,165,0,19.9,9.9,0.0,0,0,0,0,0,1,0,1,0
2023-09-04 19:00:00,7,20,1252,133,0,20.8,5.5,0.0,0,1,0,0,0,0,0,1,0
2023-09-04 22:00:00,5,23,533,67,0,20.8,5.5,0.0,0,1,0,0,0,0,0,1,0
2023-09-05 09:00:00,27,10,1318,194,0,19.9,9.9,0.0,0,0,0,0,0,1,0,1,0
2023-09-06 00:00:00,0,1,190,19,0,22.4,14.0,0.0,0,0,0,0,0,0,1,1,0
2023-09-06 01:00:00,0,2,140,14,0,22.4,14.0,0.0,0,0,0,0,0,0,1,1,0
2023-09-06 04:00:00,0,5,47,14,0,22.4,14.0,0.0,0,0,0,0,0,0,1,1,0
2023-09-06 02:00:00,0,3,124,7,0,22.4,14.0,0.0,0,0,0,0,0,0,1,1,0
2023-09-06 18:00:00,24,19,1556,177,0,22.4,14.0,0.0,0,0,0,0,0,0,1,1,0
2023-09-05 19:00:00,26,20,1176,199,0,19.9,9.9,0.0,0,0,0,0,0,1,0,1,0
2023-09-06 03:00:00,0,4,64,5,0,22.4,14.0,0.0,0,0,0,0,0,0,1,1,0
2023-09-05 05:00:00,3,6,58,6,0,19.9,9.9,0.0,0,0,0,0,0,1,0,1,0
2023-09-05 02:00:00,2,3,71,15,0,19.9,9.9,0.0,0,0,0,0,0,1,0,1,0
2023-09-05 04:00:00,2,5,24,2,0,19.9,9.9,0.0,0,0,0,0,0,1,0,1,0
2023-09-05 20:00:00,21,21,914,126,0,19.9,9.9,0.0,0,0,0,0,0,1,0,1,0
2023-09-05 01:00:00,20,2,125,24,0,19.9,9.9,0.0,0,0,0,0,0,1,0,1,0
2023-09-05 08:00:00,18,9,923,186,0,19.9,9.9,0.0,0,0,0,0,0,1,0,1,0
2023-09-05 00:00:00,18,1,315,66,0,19.9,9.9,0.0,0,0,0,0,0,1,0,1,0
2023-09-07 12:00:00,108,13,2706,234,0,25.0,12.0,0.0,0,0,0,0,1,0,0,1,0
2023-09-05 03:00:00,0,4,20,4,0,19.9,9.9,0.0,0,0,0,0,0,1,0,1,0
2023-09-07 11:00:00,95,12,1935,223,0,25.0,12.0,0.0,0,0,0,0,1,0,0,1,0
2023-09-07 13:00:00,85,14,3453,252,0,25.0,12.0,0.0,0,0,0,0,1,0,0,1,0
2023-09-07 09:00:00,59,10,1102,240,0,25.0,12.0,0.0,0,0,0,0,1,0,0,1,0
2023-09-06 15:00:00,67,16,2053,166,0,22.4,14.0,0.0,0,0,0,0,0,0,1,1,0
2023-09-07 10:00:00,49,11,1619,242,0,25.0,12.0,0.0,0,0,0,0,1,0,0,1,0
2023-09-06 12:00:00,61,13,2675,238,0,22.4,14.0,0.0,0,0,0,0,0,0,1,1,0
2023-09-07 14:00:00,48,15,2217,211,0,25.0,12.0,0.0,0,0,0,0,1,0,0,1,0
2023-09-06 08:00:00,54,9,831,338,0,22.4,14.0,0.0,0,0,0,0,0,0,1,1,0
2023-09-06 11:00:00,53,12,1882,225,0,22.4,14.0,0.0,0,0,0,0,0,0,1,1,0
2023-09-06 13:00:00,53,14,3021,198,0,22.4,14.0,0.0,0,0,0,0,0,0,1,1,0
2023-09-06 10:00:00,42,11,1593,213,0,22.4,14.0,0.0,0,0,0,0,0,0,1,1,0
2023-09-06 16:00:00,40,17,2218,208,0,22.4,14.0,0.0,0,0,0,0,0,0,1,1,0
2023-09-06 09:00:00,35,10,1257,204,0,22.4,14.0,0.0,0,0,0,0,0,0,1,1,0
2023-09-06 17:00:00,31,18,1992,167,0,22.4,14.0,0.0,0,0,0,0,0,0,1,1,0
2023-09-06 14:00:00,21,15,2199,188,0,22.4,14.0,0.0,0,0,0,0,0,0,1,1,0
2023-09-05 06:00:00,9,7,108,22,0,19.9,9.9,0.0,0,0,0,0,0,1,0,1,0
2023-09-06 07:00:00,17,8,298,92,0,22.4,14.0,0.0,0,0,0,0,0,0,1,1,0
2023-09-06 19:00:00,16,20,1066,205,0,22.4,14.0,0.0,0,0,0,0,0,0,1,1,0
2023-09-06 20:00:00,13,21,955,111,0,22.4,14.0,0.0,0,0,0,0,0,0,1,1,0
2023-09-06 06:00:00,13,7,219,39,0,22.4,14.0,0.0,0,0,0,0,0,0,1,1,0
2023-09-06 05:00:00,3,6,79,9,0,22.4,14.0,0.0,0,0,0,0,0,0,1,1,0
2023-09-06 21:00:00,2,22,1014,76,0,22.4,14.0,0.0,0,0,0,0,0,0,1,1,0
2023-09-06 22:00:00,2,23,691,64,0,22.4,14.0,0.0,0,0,0,0,0,0,1,1,0
2023-09-06 23:00:00,2,0,346,59,0,22.4,14.0,0.0,0,0,0,0,0,0,1,1,0
2023-09-05 21:00:00,7,22,532,87,0,19.9,9.9,0.0,0,0,0,0,0,1,0,1,0
2023-09-05 22:00:00,6,23,405,58,0,19.9,9.9,0.0,0,0,0,0,0,1,0,1,0
2023-09-07 08:00:00,28,9,747,320,0,25.0,12.0,0.0,0,0,0,0,1,0,0,1,0
2023-09-05 07:00:00,4,8,368,58,0,19.9,9.9,0.0,0,0,0,0,0,1,0,1,0
2023-09-05 23:00:00,4,0,317,53,0,19.9,9.9,0.0,0,0,0,0,0,1,0,1,0
2023-09-07 07:00:00,26,8,346,60,0,25.0,12.0,0.0,0,0,0,0,1,0,0,1,0
2023-09-07 01:00:00,2,2,213,29,0,25.0,12.0,0.0,0,0,0,0,1,0,0,1,0
2023-09-07 18:00:00,8,19,1100,3,0,25.0,12.0,0.0,0,0,0,0,1,0,0,1,0
2023-09-09 15:00:00,38,16,2791,68,0,22.7,5.5,0.0,0,0,1,0,0,0,0,1,0
2023-09-09 10:00:00,36,11,1892,224,0,22.7,5.5,0.0,0,0,1,0,0,0,0,1,0
2023-09-08 13:00:00,55,14,2605,89,0,24.7,13.5,0.0,1,0,0,0,0,0,0,1,0
2023-09-07 02:00:00,2,3,283,9,0,25.0,12.0,0.0,0,0,0,0,1,0,0,1,0
2023-09-07 05:00:00,2,6,119,9,0,25.0,12.0,0.0,0,0,0,0,1,0,0,1,0
2023-09-09 06:00:00,31,7,92,18,0,22.7,5.5,0.0,0,0,1,0,0,0,0,1,0
2023-09-07 19:00:00,19,20,785,1,0,25.0,12.0,0.0,0,0,0,0,1,0,0,1,0
2023-09-07 15:00:00,18,16,2423,68,0,25.0,12.0,0.0,0,0,0,0,1,0,0,1,0
2023-09-07 16:00:00,17,17,2477,10,0,25.0,12.0,0.0,0,0,0,0,1,0,0,1,0
2023-09-07 17:00:00,17,18,2209,10,0,25.0,12.0,0.0,0,0,0,0,1,0,0,1,0
2023-09-07 06:00:00,9,7,134,19,0,25.0,12.0,0.0,0,0,0,0,1,0,0,1,0
2023-09-08 10:00:00,43,11,1487,162,0,24.7,13.5,0.0,1,0,0,0,0,0,0,1,0
2023-09-09 14:00:00,22,15,3301,90,0,22.7,5.5,0.0,0,0,1,0,0,0,0,1,0
2023-09-09 09:00:00,20,10,770,86,0,22.7,5.5,0.0,0,0,1,0,0,0,0,1,0
2023-09-09 08:00:00,13,9,433,48,0,22.7,5.5,0.0,0,0,1,0,0,0,0,1,0
2023-09-08 00:00:00,4,1,273,50,0,24.7,13.5,0.0,1,0,0,0,0,0,0,1,0
2023-09-08 05:00:00,4,6,107,21,0,24.7,13.5,0.0,1,0,0,0,0,0,0,1,0
2023-09-08 23:00:00,2,0,906,51,0,24.7,13.5,0.0,1,0,0,0,0,0,0,1,0
2023-09-08 01:00:00,2,2,207,37,0,24.7,13.5,0.0,1,0,0,0,0,0,0,1,0
2023-09-08 02:00:00,2,3,131,16,0,24.7,13.5,0.0,1,0,0,0,0,0,0,1,0
2023-09-08 22:00:00,2,23,1242,11,0,24.7,13.5,0.0,1,0,0,0,0,0,0,1,0
2023-09-08 08:00:00,35,9,1106,381,0,24.7,13.5,0.0,1,0,0,0,0,0,0,1,0
2023-09-07 21:00:00,6,22,406,1,0,25.0,12.0,0.0,0,0,0,0,1,0,0,1,0
2023-09-08 14:00:00,34,15,2807,44,0,24.7,13.5,0.0,1,0,0,0,0,0,0,1,0
2023-09-08 16:00:00,16,17,1623,27,0,24.7,13.5,0.0,1,0,0,0,0,0,0,1,0
2023-09-08 03:00:00,0,4,132,18,0,24.7,13.5,0.0,1,0,0,0,0,0,0,1,0
2023-09-08 04:00:00,0,5,40,5,0,24.7,13.5,0.0,1,0,0,0,0,0,0,1,0
2023-09-09 11:00:00,68,12,2372,139,0,22.7,5.5,0.0,0,0,1,0,0,0,0,1,0
2023-09-09 12:00:00,54,13,2935,155,0,22.7,5.5,0.0,0,0,1,0,0,0,0,1,0
2023-09-09 13:00:00,47,14,3213,134,0,22.7,5.5,0.0,0,0,1,0,0,0,0,1,0
2023-09-07 23:00:00,5,0,520,76,0,25.0,12.0,0.0,0,0,0,0,1,0,0,1,0
2023-09-07 03:00:00,5,4,168,17,0,25.0,12.0,0.0,0,0,0,0,1,0,0,1,0
2023-09-07 00:00:00,0,1,350,42,0,25.0,12.0,0.0,0,0,0,0,1,0,0,1,0
2023-09-08 09:00:00,14,10,784,150,0,24.7,13.5,0.0,1,0,0,0,0,0,0,1,0
2023-09-08 18:00:00,12,19,1999,142,0,24.7,13.5,0.0,1,0,0,0,0,0,0,1,0
2023-09-08 20:00:00,11,21,1462,74,0,24.7,13.5,0.0,1,0,0,0,0,0,0,1,0
2023-09-08 21:00:00,8,22,1587,34,0,24.7,13.5,0.0,1,0,0,0,0,0,0,1,0
2023-09-08 15:00:00,26,16,2717,65,0,24.7,13.5,0.0,1,0,0,0,0,0,0,1,0
2023-09-08 17:00:00,23,18,1944,127,0,24.7,13.5,0.0,1,0,0,0,0,0,0,1,0
2023-09-07 04:00:00,0,5,40,4,0,25.0,12.0,0.0,0,0,0,0,1,0,0,1,0
2023-09-08 12:00:00,119,13,2897,106,0,24.7,13.5,0.0,1,0,0,0,0,0,0,1,0
2023-09-08 11:00:00,81,12,2464,123,0,24.7,13.5,0.0,1,0,0,0,0,0,0,1,0
2023-09-08 19:00:00,22,20,1834,159,0,24.7,13.5,0.0,1,0,0,0,0,0,0,1,0
2023-09-08 06:00:00,22,7,227,47,0,24.7,13.5,0.0,1,0,0,0,0,0,0,1,0
2023-09-07 22:00:00,4,23,364,6,0,25.0,12.0,0.0,0,0,0,0,1,0,0,1,0
2023-09-07 20:00:00,4,21,611,0,0,25.0,12.0,0.0,0,0,0,0,1,0,0,1,0
2023-09-08 07:00:00,18,8,327,100,0,24.7,13.5,0.0,1,0,0,0,0,0,0,1,0
2023-09-09 20:00:00,11,21,1655,115,0,22.7,5.5,0.0,0,0,1,0,0,0,0,1,0
2023-09-09 16:00:00,11,17,1672,81,0,22.7,5.5,0.0,0,0,1,0,0,0,0,1,0
2023-09-09 21:00:00,9,22,1423,16,0,22.7,5.5,0.0,0,0,1,0,0,0,0,1,0
2023-09-09 00:00:00,8,1,583,48,0,22.7,5.5,0.0,0,0,1,0,0,0,0,1,0
2023-09-09 17:00:00,7,18,1471,109,0,22.7,5.5,0.0,0,0,1,0,0,0,0,1,0
2023-09-09 18:00:00,7,19,1568,69,0,22.7,5.5,0.0,0,0,1,0,0,0,0,1,0
2023-09-09 19:00:00,7,20,1418,28,0,22.7,5.5,0.0,0,0,1,0,0,0,0,1,0
2023-09-09 22:00:00,7,23,1279,18,0,22.7,5.5,0.0,0,0,1,0,0,0,0,1,0
2023-09-10 13:00:00,30,14,2056,109,0,20.5,5.5,21.4,0,0,0,1,0,0,0,1,0
2023-09-10 19:00:00,9,20,577,74,0,20.5,5.5,21.4,0,0,0,1,0,0,0,1,0
2023-09-09 03:00:00,5,4,627,18,0,22.7,5.5,0.0,0,0,1,0,0,0,0,1,0
2023-09-09 07:00:00,4,8,147,48,0,22.7,5.5,0.0,0,0,1,0,0,0,0,1,0
2023-09-09 02:00:00,4,3,963,34,0,22.7,5.5,0.0,0,0,1,0,0,0,0,1,0
2023-09-09 23:00:00,2,0,894,39,0,22.7,5.5,0.0,0,0,1,0,0,0,0,1,0
2023-09-09 01:00:00,2,2,712,33,0,22.7,5.5,0.0,0,0,1,0,0,0,0,1,0
2023-09-10 08:00:00,9,9,227,66,0,20.5,5.5,21.4,0,0,0,1,0,0,0,1,0
2023-09-11 18:00:00,19,19,1375,251,0,17.4,12.5,0.0,0,1,0,0,0,0,0,1,0
2023-09-11 07:00:00,14,8,259,43,0,17.4,12.5,0.0,0,1,0,0,0,0,0,1,0
2023-09-11 19:00:00,13,20,1121,224,0,17.4,12.5,0.0,0,1,0,0,0,0,0,1,0
2023-09-11 08:00:00,11,9,652,134,0,17.4,12.5,0.0,0,1,0,0,0,0,0,1,0
2023-09-09 04:00:00,1,5,110,4,0,22.7,5.5,0.0,0,0,1,0,0,0,0,1,0
2023-09-09 05:00:00,0,6,123,6,0,22.7,5.5,0.0,0,0,1,0,0,0,0,1,0
2023-09-10 12:00:00,62,13,1801,184,0,20.5,5.5,21.4,0,0,0,1,0,0,0,1,0
2023-09-10 11:00:00,58,12,1166,147,0,20.5,5.5,21.4,0,0,0,1,0,0,0,1,0
2023-09-10 15:00:00,54,16,2040,137,0,20.5,5.5,21.4,0,0,0,1,0,0,0,1,0
2023-09-10 14:00:00,46,15,2349,153,0,20.5,5.5,21.4,0,0,0,1,0,0,0,1,0
2023-09-10 17:00:00,39,18,1290,223,0,20.5,5.5,21.4,0,0,0,1,0,0,0,1,0
2023-09-10 10:00:00,35,11,775,154,0,20.5,5.5,21.4,0,0,0,1,0,0,0,1,0
2023-09-10 22:00:00,0,23,462,8,0,20.5,5.5,21.4,0,0,0,1,0,0,0,1,0
2023-09-10 05:00:00,0,6,94,5,0,20.5,5.5,21.4,0,0,0,1,0,0,0,1,0
2023-09-11 12:00:00,94,13,2546,220,0,17.4,12.5,0.0,0,1,0,0,0,0,0,1,0
2023-09-11 11:00:00,81,12,1932,248,0,17.4,12.5,0.0,0,1,0,0,0,0,0,1,0
2023-09-11 17:00:00,61,18,1840,245,0,17.4,12.5,0.0,0,1,0,0,0,0,0,1,0
2023-09-11 10:00:00,42,11,1669,216,0,17.4,12.5,0.0,0,1,0,0,0,0,0,1,0
2023-09-11 16:00:00,39,17,1910,100,0,17.4,12.5,0.0,0,1,0,0,0,0,0,1,0
2023-09-11 13:00:00,38,14,2687,107,0,17.4,12.5,0.0,0,1,0,0,0,0,0,1,0
2023-09-11 14:00:00,37,15,2253,123,0,17.4,12.5,0.0,0,1,0,0,0,0,0,1,0
2023-09-11 15:00:00,31,16,2085,97,0,17.4,12.5,0.0,0,1,0,0,0,0,0,1,0
2023-09-10 09:00:00,14,10,343,99,0,20.5,5.5,21.4,0,0,0,1,0,0,0,1,0
2023-09-10 06:00:00,14,7,114,17,0,20.5,5.5,21.4,0,0,0,1,0,0,0,1,0
2023-09-10 18:00:00,10,19,839,225,0,20.5,5.5,21.4,0,0,0,1,0,0,0,1,0
2023-09-10 16:00:00,10,17,1808,45,0,20.5,5.5,21.4,0,0,0,1,0,0,0,1,0
2023-09-10 02:00:00,10,3,849,30,0,20.5,5.5,21.4,0,0,0,1,0,0,0,1,0
2023-09-10 00:00:00,7,1,785,53,0,20.5,5.5,21.4,0,0,0,1,0,0,0,1,0
2023-09-10 07:00:00,7,8,141,36,0,20.5,5.5,21.4,0,0,0,1,0,0,0,1,0
2023-09-10 01:00:00,6,2,856,50,0,20.5,5.5,21.4,0,0,0,1,0,0,0,1,0
2023-09-10 03:00:00,6,4,882,21,0,20.5,5.5,21.4,0,0,0,1,0,0,0,1,0
2023-09-10 20:00:00,2,21,520,8,0,20.5,5.5,21.4,0,0,0,1,0,0,0,1,0
2023-09-10 21:00:00,2,22,612,7,0,20.5,5.5,21.4,0,0,0,1,0,0,0,1,0
2023-09-10 23:00:00,2,0,297,7,0,20.5,5.5,21.4,0,0,0,1,0,0,0,1,0
2023-09-10 04:00:00,1,5,47,14,0,20.5,5.5,21.4,0,0,0,1,0,0,0,1,0
2023-09-11 09:00:00,8,10,991,215,0,17.4,12.5,0.0,0,1,0,0,0,0,0,1,0
2023-09-11 20:00:00,6,21,967,151,0,17.4,12.5,0.0,0,1,0,0,0,0,0,1,0
2023-09-11 21:00:00,4,22,752,87,0,17.4,12.5,0.0,0,1,0,0,0,0,0,1,0
2023-09-11 23:00:00,4,0,577,31,0,17.4,12.5,0.0,0,1,0,0,0,0,0,1,0
2023-09-11 22:00:00,3,23,603,62,0,17.4,12.5,0.0,0,1,0,0,0,0,0,1,0
2023-09-11 02:00:00,3,3,383,16,0,17.4,12.5,0.0,0,1,0,0,0,0,0,1,0
2023-09-11 06:00:00,3,7,111,11,0,17.4,12.5,0.0,0,1,0,0,0,0,0,1,0
2023-09-11 01:00:00,2,2,226,15,0,17.4,12.5,0.0,0,1,0,0,0,0,0,1,0
2023-09-11 00:00:00,2,1,334,11,0,17.4,12.5,0.0,0,1,0,0,0,0,0,1,0
2023-09-11 03:00:00,0,4,162,6,0,17.4,12.5,0.0,0,1,0,0,0,0,0,1,0
2023-09-11 05:00:00,0,6,91,6,0,17.4,12.5,0.0,0,1,0,0,0,0,0,1,0
2023-09-11 04:00:00,0,5,53,4,0,17.4,12.5,0.0,0,1,0,0,0,0,0,1,0
2023-09-12 11:00:00,117,12,2207,189,0,15.6,8.2,0.0,0,0,0,0,0,1,0,1,0
2023-09-12 12:00:00,97,13,2839,194,0,15.6,8.2,0.0,0,0,0,0,0,1,0,1,0
2023-09-12 10:00:00,66,11,1829,229,0,15.6,8.2,0.0,0,0,0,0,0,1,0,1,0
2023-09-12 09:00:00,58,10,1292,221,0,15.6,8.2,0.0,0,0,0,0,0,1,0,1,0
2023-09-12 15:00:00,56,16,2258,131,0,15.6,8.2,0.0,0,0,0,0,0,1,0,1,0
2023-09-12 14:00:00,45,15,2516,180,0,15.6,8.2,0.0,0,0,0,0,0,1,0,1,0
2023-09-12 08:00:00,34,9,868,264,0,15.6,8.2,0.0,0,0,0,0,0,1,0,1,0
2023-09-12 19:00:00,28,20,1401,108,0,15.6,8.2,0.0,0,0,0,0,0,1,0,1,0
2023-09-12 18:00:00,10,19,1776,137,0,15.6,8.2,0.0,0,0,0,0,0,1,0,1,0
2023-09-12 23:00:00,2,0,684,52,0,15.6,8.2,0.0,0,0,0,0,0,1,0,1,0
2023-09-12 13:00:00,25,14,3162,156,0,15.6,8.2,0.0,0,0,0,0,0,1,0,1,0
2023-09-12 00:00:00,2,1,398,34,0,15.6,8.2,0.0,0,0,0,0,0,1,0,1,0
2023-09-12 17:00:00,24,18,1935,107,0,15.6,8.2,0.0,0,0,0,0,0,1,0,1,0
2023-09-12 02:00:00,2,3,655,21,0,15.6,8.2,0.0,0,0,0,0,0,1,0,1,0
2023-09-12 05:00:00,2,6,93,9,0,15.6,8.2,0.0,0,0,0,0,0,1,0,1,0
2023-09-12 16:00:00,23,17,2446,118,0,15.6,8.2,0.0,0,0,0,0,0,1,0,1,0
2023-09-12 04:00:00,3,5,31,3,0,15.6,8.2,0.0,0,0,0,0,0,1,0,1,0
2023-09-13 06:00:00,14,7,190,21,0,18.3,5.5,1.8,0,0,0,0,0,0,1,1,0
2023-09-13 14:00:00,13,15,2679,111,0,18.3,5.5,1.8,0,0,0,0,0,0,1,1,0
2023-09-13 07:00:00,9,8,406,66,0,18.3,5.5,1.8,0,0,0,0,0,0,1,1,0
2023-09-12 07:00:00,19,8,344,73,0,15.6,8.2,0.0,0,0,0,0,0,1,0,1,0
2023-09-12 06:00:00,17,7,219,37,0,15.6,8.2,0.0,0,0,0,0,0,1,0,1,0
2023-09-12 20:00:00,16,21,1076,7,0,15.6,8.2,0.0,0,0,0,0,0,1,0,1,0
2023-09-12 21:00:00,13,22,1051,38,0,15.6,8.2,0.0,0,0,0,0,0,1,0,1,0
2023-09-13 17:00:00,40,18,2022,167,0,18.3,5.5,1.8,0,0,0,0,0,0,1,1,0
2023-09-12 03:00:00,1,4,271,17,0,15.6,8.2,0.0,0,0,0,0,0,1,0,1,0
2023-09-13 09:00:00,39,10,1035,143,0,18.3,5.5,1.8,0,0,0,0,0,0,1,1,0
2023-09-13 16:00:00,35,17,3198,128,0,18.3,5.5,1.8,0,0,0,0,0,0,1,1,0
2023-09-13 18:00:00,30,19,1391,189,0,18.3,5.5,1.8,0,0,0,0,0,0,1,1,0
2023-09-12 22:00:00,0,23,948,101,0,15.6,8.2,0.0,0,0,0,0,0,1,0,1,0
2023-09-12 01:00:00,0,2,318,19,0,15.6,8.2,0.0,0,0,0,0,0,1,0,1,0
2023-09-13 10:00:00,26,11,1690,165,0,18.3,5.5,1.8,0,0,0,0,0,0,1,1,0
2023-09-13 15:00:00,25,16,2859,128,0,18.3,5.5,1.8,0,0,0,0,0,0,1,1,0
2023-09-13 08:00:00,23,9,1004,218,0,18.3,5.5,1.8,0,0,0,0,0,0,1,1,0
2023-09-13 12:00:00,23,13,3239,144,0,18.3,5.5,1.8,0,0,0,0,0,0,1,1,0
2023-09-13 11:00:00,23,12,2352,135,0,18.3,5.5,1.8,0,0,0,0,0,0,1,1,0
2023-09-13 13:00:00,23,14,3469,111,0,18.3,5.5,1.8,0,0,0,0,0,0,1,1,0
2023-09-15 10:00:00,35,11,1601,208,0,15.5,9.8,13.2,1,0,0,0,0,0,0,1,0
2023-09-15 13:00:00,35,14,2658,194,0,15.5,9.8,13.2,1,0,0,0,0,0,0,1,0
2023-09-14 11:00:00,60,12,1893,236,0,14.5,10.6,0.0,0,0,0,0,1,0,0,1,0
2023-09-14 13:00:00,54,14,2739,219,0,14.5,10.6,0.0,0,0,0,0,1,0,0,1,0
2023-09-14 00:00:00,1,1,385,42,0,14.5,10.6,0.0,0,0,0,0,1,0,0,1,0
2023-09-15 16:00:00,15,17,2395,144,0,15.5,9.8,13.2,1,0,0,0,0,0,0,1,0
2023-09-14 12:00:00,53,13,2542,268,0,14.5,10.6,0.0,0,0,0,0,1,0,0,1,0
2023-09-14 20:00:00,5,21,933,72,0,14.5,10.6,0.0,0,0,0,0,1,0,0,1,0
2023-09-14 21:00:00,5,22,938,57,0,14.5,10.6,0.0,0,0,0,0,1,0,0,1,0
2023-09-14 08:00:00,15,9,817,231,0,14.5,10.6,0.0,0,0,0,0,1,0,0,1,0
2023-09-14 19:00:00,14,20,1375,160,0,14.5,10.6,0.0,0,0,0,0,1,0,0,1,0
2023-09-14 06:00:00,8,7,183,44,0,14.5,10.6,0.0,0,0,0,0,1,0,0,1,0
2023-09-14 07:00:00,7,8,354,91,0,14.5,10.6,0.0,0,0,0,0,1,0,0,1,0
2023-09-13 19:00:00,5,20,901,117,0,18.3,5.5,1.8,0,0,0,0,0,0,1,1,0
2023-09-14 02:00:00,5,3,1118,29,0,14.5,10.6,0.0,0,0,0,0,1,0,0,1,0
2023-09-14 10:00:00,43,11,1443,197,0,14.5,10.6,0.0,0,0,0,0,1,0,0,1,0
2023-09-13 03:00:00,4,4,227,11,0,18.3,5.5,1.8,0,0,0,0,0,0,1,1,0
2023-09-13 01:00:00,3,2,406,28,0,18.3,5.5,1.8,0,0,0,0,0,0,1,1,0
2023-09-13 02:00:00,3,3,637,22,0,18.3,5.5,1.8,0,0,0,0,0,0,1,1,0
2023-09-13 00:00:00,2,1,578,43,0,18.3,5.5,1.8,0,0,0,0,0,0,1,1,0
2023-09-13 23:00:00,2,0,437,39,0,18.3,5.5,1.8,0,0,0,0,0,0,1,1,0
2023-09-13 21:00:00,2,22,786,8,0,18.3,5.5,1.8,0,0,0,0,0,0,1,1,0
2023-09-13 20:00:00,2,21,835,7,0,18.3,5.5,1.8,0,0,0,0,0,0,1,1,0
2023-09-13 22:00:00,2,23,565,3,0,18.3,5.5,1.8,0,0,0,0,0,0,1,1,0
2023-09-13 04:00:00,1,5,93,9,0,18.3,5.5,1.8,0,0,0,0,0,0,1,1,0
2023-09-14 22:00:00,4,23,652,62,0,14.5,10.6,0.0,0,0,0,0,1,0,0,1,0
2023-09-14 01:00:00,4,2,599,37,0,14.5,10.6,0.0,0,0,0,0,1,0,0,1,0
2023-09-14 23:00:00,3,0,457,49,0,14.5,10.6,0.0,0,0,0,0,1,0,0,1,0
2023-09-15 15:00:00,11,16,2569,108,0,15.5,9.8,13.2,1,0,0,0,0,0,0,1,0
2023-09-15 09:00:00,24,10,1233,265,0,15.5,9.8,13.2,1,0,0,0,0,0,0,1,0
2023-09-15 14:00:00,19,15,2891,160,0,15.5,9.8,13.2,1,0,0,0,0,0,0,1,0
2023-09-15 17:00:00,16,18,2051,107,0,15.5,9.8,13.2,1,0,0,0,0,0,0,1,0
2023-09-14 03:00:00,0,4,294,16,0,14.5,10.6,0.0,0,0,0,0,1,0,0,1,0
2023-09-14 15:00:00,31,16,2039,207,0,14.5,10.6,0.0,0,0,0,0,1,0,0,1,0
2023-09-15 07:00:00,8,8,276,117,0,15.5,9.8,13.2,1,0,0,0,0,0,0,1,0
2023-09-15 06:00:00,8,7,155,39,0,15.5,9.8,13.2,1,0,0,0,0,0,0,1,0
2023-09-15 18:00:00,7,19,1375,192,0,15.5,9.8,13.2,1,0,0,0,0,0,0,1,0
2023-09-15 19:00:00,5,20,1286,107,0,15.5,9.8,13.2,1,0,0,0,0,0,0,1,0
2023-09-15 20:00:00,5,21,827,12,0,15.5,9.8,13.2,1,0,0,0,0,0,0,1,0
2023-09-14 04:00:00,0,5,55,10,0,14.5,10.6,0.0,0,0,0,0,1,0,0,1,0
2023-09-14 05:00:00,0,6,112,9,0,14.5,10.6,0.0,0,0,0,0,1,0,0,1,0
2023-09-14 18:00:00,29,19,1569,192,0,14.5,10.6,0.0,0,0,0,0,1,0,0,1,0
2023-09-14 09:00:00,28,10,1123,212,0,14.5,10.6,0.0,0,0,0,0,1,0,0,1,0
2023-09-14 16:00:00,26,17,2155,123,0,14.5,10.6,0.0,0,0,0,0,1,0,0,1,0
2023-09-13 05:00:00,0,6,127,8,0,18.3,5.5,1.8,0,0,0,0,0,0,1,1,0
2023-09-15 12:00:00,54,13,2735,262,0,15.5,9.8,13.2,1,0,0,0,0,0,0,1,0
2023-09-14 14:00:00,24,15,1172,140,0,14.5,10.6,0.0,0,0,0,0,1,0,0,1,0
2023-09-15 11:00:00,52,12,1988,241,0,15.5,9.8,13.2,1,0,0,0,0,0,0,1,0
2023-09-15 08:00:00,42,9,837,355,0,15.5,9.8,13.2,1,0,0,0,0,0,0,1,0
2023-09-14 17:00:00,68,18,1682,202,0,14.5,10.6,0.0,0,0,0,0,1,0,0,1,0
2023-09-17 21:00:00,6,22,394,40,0,16.0,6.8,9.0,0,0,0,1,0,0,0,1,0
2023-09-17 06:00:00,6,7,101,16,0,16.0,6.8,9.0,0,0,0,1,0,0,0,1,0
2023-09-16 23:00:00,3,0,1061,73,0,14.9,9.2,0.0,0,0,1,0,0,0,0,1,0
2023-09-17 18:00:00,5,19,1116,103,0,16.0,6.8,9.0,0,0,0,1,0,0,0,1,0
2023-09-17 03:00:00,5,4,990,42,0,16.0,6.8,9.0,0,0,0,1,0,0,0,1,0
2023-09-17 08:00:00,4,9,205,73,0,16.0,6.8,9.0,0,0,0,1,0,0,0,1,0
2023-09-17 07:00:00,4,8,186,40,0,16.0,6.8,9.0,0,0,0,1,0,0,0,1,0
2023-09-17 04:00:00,3,5,115,23,0,16.0,6.8,9.0,0,0,0,1,0,0,0,1,0
2023-09-17 05:00:00,3,6,128,15,0,16.0,6.8,9.0,0,0,0,1,0,0,0,1,0
2023-09-17 12:00:00,17,13,1530,197,0,16.0,6.8,9.0,0,0,0,1,0,0,0,1,0
2023-09-16 01:00:00,3,2,339,15,0,14.9,9.2,0.0,0,0,1,0,0,0,0,1,0
2023-09-16 02:00:00,0,3,364,6,0,14.9,9.2,0.0,0,0,1,0,0,0,0,1,0
2023-09-16 05:00:00,0,6,37,1,0,14.9,9.2,0.0,0,0,1,0,0,0,0,1,0
2023-09-16 04:00:00,0,5,19,1,0,14.9,9.2,0.0,0,0,1,0,0,0,0,1,0
2023-09-17 13:00:00,36,14,2219,191,0,16.0,6.8,9.0,0,0,0,1,0,0,0,1,0
2023-09-17 17:00:00,27,18,1546,217,0,16.0,6.8,9.0,0,0,0,1,0,0,0,1,0
2023-09-17 14:00:00,27,15,2170,169,0,16.0,6.8,9.0,0,0,0,1,0,0,0,1,0
2023-09-17 15:00:00,19,16,1925,179,0,16.0,6.8,9.0,0,0,0,1,0,0,0,1,0
2023-09-17 11:00:00,18,12,979,149,0,16.0,6.8,9.0,0,0,0,1,0,0,0,1,0
2023-09-16 18:00:00,25,19,2322,329,0,14.9,9.2,0.0,0,0,1,0,0,0,0,1,0
2023-09-16 21:00:00,9,22,1156,39,0,14.9,9.2,0.0,0,0,1,0,0,0,0,1,0
2023-09-17 16:00:00,16,17,2057,183,0,16.0,6.8,9.0,0,0,0,1,0,0,0,1,0
2023-09-17 01:00:00,12,2,1012,56,0,16.0,6.8,9.0,0,0,0,1,0,0,0,1,0
2023-09-17 09:00:00,7,10,460,83,0,16.0,6.8,9.0,0,0,0,1,0,0,0,1,0
2023-09-17 23:00:00,7,0,265,6,0,16.0,6.8,9.0,0,0,0,1,0,0,0,1,0
2023-09-17 10:00:00,6,11,638,146,0,16.0,6.8,9.0,0,0,0,1,0,0,0,1,0
2023-09-16 15:00:00,20,16,3038,94,0,14.9,9.2,0.0,0,0,1,0,0,0,0,1,0
2023-09-16 09:00:00,18,10,1126,275,0,14.9,9.2,0.0,0,0,1,0,0,0,0,1,0
2023-09-16 14:00:00,17,15,3596,21,0,14.9,9.2,0.0,0,0,1,0,0,0,0,1,0
2023-09-16 11:00:00,17,12,2963,12,0,14.9,9.2,0.0,0,0,1,0,0,0,0,1,0
2023-09-16 13:00:00,16,14,3567,12,0,14.9,9.2,0.0,0,0,1,0,0,0,0,1,0
2023-09-16 12:00:00,15,13,3129,13,0,14.9,9.2,0.0,0,0,1,0,0,0,0,1,0
2023-09-16 22:00:00,14,23,1255,57,0,14.9,9.2,0.0,0,0,1,0,0,0,0,1,0
2023-09-16 20:00:00,14,21,1626,17,0,14.9,9.2,0.0,0,0,1,0,0,0,0,1,0
2023-09-16 19:00:00,13,20,2261,333,0,14.9,9.2,0.0,0,0,1,0,0,0,0,1,0
2023-09-16 08:00:00,13,9,543,206,0,14.9,9.2,0.0,0,0,1,0,0,0,0,1,0
2023-09-16 10:00:00,13,11,1958,110,0,14.9,9.2,0.0,0,0,1,0,0,0,0,1,0
2023-09-15 21:00:00,3,22,709,22,0,15.5,9.8,13.2,1,0,0,0,0,0,0,1,0
2023-09-15 02:00:00,3,3,487,18,0,15.5,9.8,13.2,1,0,0,0,0,0,0,1,0
2023-09-15 03:00:00,0,4,317,6,0,15.5,9.8,13.2,1,0,0,0,0,0,0,1,0
2023-09-15 04:00:00,0,5,36,6,0,15.5,9.8,13.2,1,0,0,0,0,0,0,1,0
2023-09-16 16:00:00,64,17,2714,277,0,14.9,9.2,0.0,0,0,1,0,0,0,0,1,0
2023-09-16 17:00:00,47,18,2201,290,0,14.9,9.2,0.0,0,0,1,0,0,0,0,1,0
2023-09-15 00:00:00,2,1,314,15,0,15.5,9.8,13.2,1,0,0,0,0,0,0,1,0
2023-09-15 23:00:00,2,0,505,14,0,15.5,9.8,13.2,1,0,0,0,0,0,0,1,0
2023-09-15 01:00:00,1,2,339,23,0,15.5,9.8,13.2,1,0,0,0,0,0,0,1,0
2023-09-15 05:00:00,1,6,102,22,0,15.5,9.8,13.2,1,0,0,0,0,0,0,1,0
2023-09-15 22:00:00,1,23,767,16,0,15.5,9.8,13.2,1,0,0,0,0,0,0,1,0
2023-09-16 07:00:00,5,8,201,56,0,14.9,9.2,0.0,0,0,1,0,0,0,0,1,0
2023-09-16 06:00:00,5,7,145,13,0,14.9,9.2,0.0,0,0,1,0,0,0,0,1,0
2023-09-16 03:00:00,1,4,165,15,0,14.9,9.2,0.0,0,0,1,0,0,0,0,1,0
2023-09-16 00:00:00,1,1,414,11,0,14.9,9.2,0.0,0,0,1,0,0,0,0,1,0
2023-09-19 05:00:00,2,6,116,11,0,19.3,6.9,4.7,0,0,0,0,0,1,0,1,0
2023-09-19 21:00:00,2,22,276,9,0,19.3,6.9,4.7,0,0,0,0,0,1,0,1,0
2023-09-19 06:00:00,1,7,142,30,0,19.3,6.9,4.7,0,0,0,0,0,1,0,1,0
2023-09-19 20:00:00,1,21,443,12,0,19.3,6.9,4.7,0,0,0,0,0,1,0,1,0
2023-09-19 02:00:00,1,3,63,12,0,19.3,6.9,4.7,0,0,0,0,0,1,0,1,0
2023-09-19 23:00:00,1,0,250,6,0,19.3,6.9,4.7,0,0,0,0,0,1,0,1,0
2023-09-19 04:00:00,1,5,18,5,0,19.3,6.9,4.7,0,0,0,0,0,1,0,1,0
2023-09-19 14:00:00,13,15,2496,182,0,19.3,6.9,4.7,0,0,0,0,0,1,0,1,0
2023-09-19 10:00:00,11,11,1572,256,0,19.3,6.9,4.7,0,0,0,0,0,1,0,1,0
2023-09-19 18:00:00,11,19,1143,239,0,19.3,6.9,4.7,0,0,0,0,0,1,0,1,0
2023-09-19 13:00:00,11,14,3576,120,0,19.3,6.9,4.7,0,0,0,0,0,1,0,1,0
2023-09-19 09:00:00,9,10,1072,244,0,19.3,6.9,4.7,0,0,0,0,0,1,0,1,0
2023-09-19 16:00:00,35,17,2494,351,0,19.3,6.9,4.7,0,0,0,0,0,1,0,1,0
2023-09-19 22:00:00,7,23,395,7,0,19.3,6.9,4.7,0,0,0,0,0,1,0,1,0
2023-09-19 07:00:00,4,8,329,90,0,19.3,6.9,4.7,0,0,0,0,0,1,0,1,0
2023-09-19 19:00:00,4,20,543,70,0,19.3,6.9,4.7,0,0,0,0,0,1,0,1,0
2023-09-17 19:00:00,2,20,869,69,0,16.0,6.8,9.0,0,0,0,1,0,0,0,1,0
2023-09-17 20:00:00,2,21,614,35,0,16.0,6.8,9.0,0,0,0,1,0,0,0,1,0
2023-09-17 22:00:00,2,23,303,15,0,16.0,6.8,9.0,0,0,0,1,0,0,0,1,0
2023-09-18 13:00:00,14,14,3411,253,0,11.2,11.0,1.9,0,1,0,0,0,0,0,1,0
2023-09-18 09:00:00,13,10,1085,250,0,11.2,11.0,1.9,0,1,0,0,0,0,0,1,0
2023-09-18 12:00:00,13,13,2220,175,0,11.2,11.0,1.9,0,1,0,0,0,0,0,1,0
2023-09-18 10:00:00,12,11,1440,193,0,11.2,11.0,1.9,0,1,0,0,0,0,0,1,0
2023-09-18 08:00:00,11,9,679,286,0,11.2,11.0,1.9,0,1,0,0,0,0,0,1,0
2023-09-18 22:00:00,11,23,572,57,0,11.2,11.0,1.9,0,1,0,0,0,0,0,1,0
2023-09-18 21:00:00,10,22,719,76,0,11.2,11.0,1.9,0,1,0,0,0,0,0,1,0
2023-09-18 19:00:00,8,20,1242,113,0,11.2,11.0,1.9,0,1,0,0,0,0,0,1,0
2023-09-19 15:00:00,24,16,2208,338,0,19.3,6.9,4.7,0,0,0,0,0,1,0,1,0
2023-09-18 01:00:00,1,2,165,31,0,11.2,11.0,1.9,0,1,0,0,0,0,0,1,0
2023-09-19 11:00:00,20,12,2160,247,0,19.3,6.9,4.7,0,0,0,0,0,1,0,1,0
2023-09-19 12:00:00,17,13,2907,183,0,19.3,6.9,4.7,0,0,0,0,0,1,0,1,0
2023-09-19 08:00:00,15,9,939,398,0,19.3,6.9,4.7,0,0,0,0,0,1,0,1,0
2023-09-19 17:00:00,15,18,1459,215,0,19.3,6.9,4.7,0,0,0,0,0,1,0,1,0
2023-09-18 20:00:00,6,21,980,61,0,11.2,11.0,1.9,0,1,0,0,0,0,0,1,0
2023-09-18 05:00:00,1,6,57,10,0,11.2,11.0,1.9,0,1,0,0,0,0,0,1,0
2023-09-17 00:00:00,1,1,1037,83,0,16.0,6.8,9.0,0,0,0,1,0,0,0,1,0
2023-09-17 02:00:00,1,3,967,30,0,16.0,6.8,9.0,0,0,0,1,0,0,0,1,0
2023-09-18 11:00:00,4,12,810,112,0,11.2,11.0,1.9,0,1,0,0,0,0,0,1,0
2023-09-18 07:00:00,4,8,293,66,0,11.2,11.0,1.9,0,1,0,0,0,0,0,1,0
2023-09-18 23:00:00,4,0,295,41,0,11.2,11.0,1.9,0,1,0,0,0,0,0,1,0
2023-09-18 15:00:00,44,16,2194,207,0,11.2,11.0,1.9,0,1,0,0,0,0,0,1,0
2023-09-18 16:00:00,38,17,2592,242,0,11.2,11.0,1.9,0,1,0,0,0,0,0,1,0
2023-09-18 14:00:00,31,15,2374,254,0,11.2,11.0,1.9,0,1,0,0,0,0,0,1,0
2023-09-18 18:00:00,27,19,1432,246,0,11.2,11.0,1.9,0,1,0,0,0,0,0,1,0
2023-09-18 06:00:00,0,7,144,21,0,11.2,11.0,1.9,0,1,0,0,0,0,0,1,0
2023-09-18 00:00:00,2,1,278,13,0,11.2,11.0,1.9,0,1,0,0,0,0,0,1,0
2023-09-18 03:00:00,0,4,63,18,0,11.2,11.0,1.9,0,1,0,0,0,0,0,1,0
2023-09-18 02:00:00,0,3,79,6,0,11.2,11.0,1.9,0,1,0,0,0,0,0,1,0
2023-09-18 04:00:00,0,5,23,4,0,11.2,11.0,1.9,0,1,0,0,0,0,0,1,0
2023-09-18 17:00:00,18,18,2119,170,0,11.2,11.0,1.9,0,1,0,0,0,0,0,1,0
2023-09-20 11:00:00,52,12,2159,116,0,15.9,9.4,0.2,0,0,0,0,0,0,1,1,0
2023-09-21 10:00:00,39,11,1153,189,0,15.4,9.2,0.0,0,0,0,0,1,0,0,1,0
2023-09-20 12:00:00,50,13,2441,101,0,15.9,9.4,0.2,0,0,0,0,0,0,1,1,0
2023-09-20 13:00:00,14,14,2062,80,0,15.9,9.4,0.2,0,0,0,0,0,0,1,1,0
2023-09-21 16:00:00,36,17,2621,274,0,15.4,9.2,0.0,0,0,0,0,1,0,0,1,0
2023-09-20 19:00:00,13,20,1123,232,0,15.9,9.4,0.2,0,0,0,0,0,0,1,1,0
2023-09-21 19:00:00,14,20,1252,210,0,15.4,9.2,0.0,0,0,0,0,1,0,0,1,0
2023-09-21 09:00:00,14,10,695,152,0,15.4,9.2,0.0,0,0,0,0,1,0,0,1,0
2023-09-19 00:00:00,0,1,242,39,0,19.3,6.9,4.7,0,0,0,0,0,1,0,1,0
2023-09-19 03:00:00,0,4,62,18,0,19.3,6.9,4.7,0,0,0,0,0,1,0,1,0
2023-09-19 01:00:00,0,2,124,13,0,19.3,6.9,4.7,0,0,0,0,0,1,0,1,0
2023-09-20 15:00:00,79,16,2136,243,0,15.9,9.4,0.2,0,0,0,0,0,0,1,1,0
2023-09-20 20:00:00,4,21,1102,106,0,15.9,9.4,0.2,0,0,0,0,0,0,1,1,0
2023-09-20 14:00:00,34,15,2161,166,0,15.9,9.4,0.2,0,0,0,0,0,0,1,1,0
2023-09-21 13:00:00,13,14,2094,41,0,15.4,9.2,0.0,0,0,0,0,1,0,0,1,0
2023-09-20 17:00:00,29,18,2009,303,0,15.9,9.4,0.2,0,0,0,0,0,0,1,1,0
2023-09-20 18:00:00,23,19,1696,284,0,15.9,9.4,0.2,0,0,0,0,0,0,1,1,0
2023-09-20 08:00:00,20,9,957,136,0,15.9,9.4,0.2,0,0,0,0,0,0,1,1,0
2023-09-20 16:00:00,20,17,2474,117,0,15.9,9.4,0.2,0,0,0,0,0,0,1,1,0
2023-09-20 09:00:00,19,10,1169,105,0,15.9,9.4,0.2,0,0,0,0,0,0,1,1,0
2023-09-20 10:00:00,17,11,2196,173,0,15.9,9.4,0.2,0,0,0,0,0,0,1,1,0
2023-09-20 21:00:00,4,22,1171,71,0,15.9,9.4,0.2,0,0,0,0,0,0,1,1,0
2023-09-20 07:00:00,4,8,337,71,0,15.9,9.4,0.2,0,0,0,0,0,0,1,1,0
2023-09-21 07:00:00,27,8,309,76,0,15.4,9.2,0.0,0,0,0,0,1,0,0,1,0
2023-09-21 18:00:00,26,19,1723,281,0,15.4,9.2,0.0,0,0,0,0,1,0,0,1,0
2023-09-20 02:00:00,4,3,94,7,0,15.9,9.4,0.2,0,0,0,0,0,0,1,1,0
2023-09-20 00:00:00,4,1,243,3,0,15.9,9.4,0.2,0,0,0,0,0,0,1,1,0
2023-09-20 01:00:00,0,2,123,6,0,15.9,9.4,0.2,0,0,0,0,0,0,1,1,0
2023-09-21 05:00:00,4,6,98,7,0,15.4,9.2,0.0,0,0,0,0,1,0,0,1,0
2023-09-20 06:00:00,3,7,155,12,0,15.9,9.4,0.2,0,0,0,0,0,0,1,1,0
2023-09-21 22:00:00,3,23,614,60,0,15.4,9.2,0.0,0,0,0,0,1,0,0,1,0
2023-09-21 06:00:00,10,7,150,24,0,15.4,9.2,0.0,0,0,0,0,1,0,0,1,0
2023-09-21 08:00:00,9,9,539,152,0,15.4,9.2,0.0,0,0,0,0,1,0,0,1,0
2023-09-20 22:00:00,2,23,640,59,0,15.9,9.4,0.2,0,0,0,0,0,0,1,1,0
2023-09-20 05:00:00,2,6,68,9,0,15.9,9.4,0.2,0,0,0,0,0,0,1,1,0
2023-09-20 04:00:00,2,5,20,7,0,15.9,9.4,0.2,0,0,0,0,0,0,1,1,0
2023-09-20 03:00:00,2,4,37,4,0,15.9,9.4,0.2,0,0,0,0,0,0,1,1,0
2023-09-20 23:00:00,1,0,594,38,0,15.9,9.4,0.2,0,0,0,0,0,0,1,1,0
2023-09-21 21:00:00,9,22,743,63,0,15.4,9.2,0.0,0,0,0,0,1,0,0,1,0
2023-09-21 20:00:00,8,21,1049,90,0,15.4,9.2,0.0,0,0,0,0,1,0,0,1,0
2023-09-21 23:00:00,8,0,448,40,0,15.4,9.2,0.0,0,0,0,0,1,0,0,1,0
2023-09-21 15:00:00,57,16,2405,322,0,15.4,9.2,0.0,0,0,0,0,1,0,0,1,0
2023-09-21 12:00:00,53,13,2610,212,0,15.4,9.2,0.0,0,0,0,0,1,0,0,1,0
2023-09-21 11:00:00,51,12,1610,221,0,15.4,9.2,0.0,0,0,0,0,1,0,0,1,0
2023-09-21 01:00:00,2,2,459,24,0,15.4,9.2,0.0,0,0,0,0,1,0,0,1,0
2023-09-21 17:00:00,43,18,2295,327,0,15.4,9.2,0.0,0,0,0,0,1,0,0,1,0
2023-09-21 14:00:00,42,15,2032,200,0,15.4,9.2,0.0,0,0,0,0,1,0,0,1,0
2023-09-21 03:00:00,1,4,224,14,0,15.4,9.2,0.0,0,0,0,0,1,0,0,1,0
2023-09-22 01:00:00,0,2,259,36,0,11.2,8.2,0.0,1,0,0,0,0,0,0,1,0
2023-09-22 23:00:00,4,0,1002,7,0,11.2,8.2,0.0,1,0,0,0,0,0,0,1,0
2023-09-22 21:00:00,4,22,1283,6,0,11.2,8.2,0.0,1,0,0,0,0,0,0,1,0
2023-09-22 05:00:00,0,6,104,26,0,11.2,8.2,0.0,1,0,0,0,0,0,0,1,0
2023-09-22 02:00:00,0,3,145,14,0,11.2,8.2,0.0,1,0,0,0,0,0,0,1,0
2023-09-23 03:00:00,9,4,688,39,0,18.3,6.9,1.2,0,0,1,0,0,0,0,1,0
2023-09-22 03:00:00,0,4,53,8,0,11.2,8.2,0.0,1,0,0,0,0,0,0,1,0
2023-09-23 22:00:00,3,23,1296,29,0,18.3,6.9,1.2,0,0,1,0,0,0,0,1,0
2023-09-22 16:00:00,37,17,2543,281,0,11.2,8.2,0.0,1,0,0,0,0,0,0,1,0
2023-09-23 14:00:00,22,15,2785,132,0,18.3,6.9,1.2,0,0,1,0,0,0,0,1,0
2023-09-23 20:00:00,8,21,1424,33,0,18.3,6.9,1.2,0,0,1,0,0,0,0,1,0
2023-09-21 04:00:00,1,5,37,7,0,15.4,9.2,0.0,0,0,0,0,1,0,0,1,0
2023-09-22 15:00:00,36,16,2945,338,0,11.2,8.2,0.0,1,0,0,0,0,0,0,1,0
2023-09-23 05:00:00,3,6,102,14,0,18.3,6.9,1.2,0,0,1,0,0,0,0,1,0
2023-09-23 21:00:00,6,22,1261,47,0,18.3,6.9,1.2,0,0,1,0,0,0,0,1,0
2023-09-23 06:00:00,6,7,103,23,0,18.3,6.9,1.2,0,0,1,0,0,0,0,1,0
2023-09-23 16:00:00,6,17,1961,6,0,18.3,6.9,1.2,0,0,1,0,0,0,0,1,0
2023-09-23 01:00:00,5,2,559,64,0,18.3,6.9,1.2,0,0,1,0,0,0,0,1,0
2023-09-23 04:00:00,5,5,46,18,0,18.3,6.9,1.2,0,0,1,0,0,0,0,1,0
2023-09-22 14:00:00,36,15,2732,319,0,11.2,8.2,0.0,1,0,0,0,0,0,0,1,0
2023-09-23 09:00:00,19,10,927,191,0,18.3,6.9,1.2,0,0,1,0,0,0,0,1,0
2023-09-22 07:00:00,12,8,381,100,0,11.2,8.2,0.0,1,0,0,0,0,0,0,1,0
2023-09-22 06:00:00,12,7,173,27,0,11.2,8.2,0.0,1,0,0,0,0,0,0,1,0
2023-09-22 19:00:00,10,20,1900,61,0,11.2,8.2,0.0,1,0,0,0,0,0,0,1,0
2023-09-22 18:00:00,8,19,1767,111,0,11.2,8.2,0.0,1,0,0,0,0,0,0,1,0
2023-09-22 20:00:00,8,21,1516,8,0,11.2,8.2,0.0,1,0,0,0,0,0,0,1,0
2023-09-22 22:00:00,5,23,1146,3,0,11.2,8.2,0.0,1,0,0,0,0,0,0,1,0
2023-09-23 07:00:00,19,8,185,58,0,18.3,6.9,1.2,0,0,1,0,0,0,0,1,0
2023-09-22 08:00:00,35,9,836,346,0,11.2,8.2,0.0,1,0,0,0,0,0,0,1,0
2023-09-23 12:00:00,62,13,2891,203,0,18.3,6.9,1.2,0,0,1,0,0,0,0,1,0
2023-09-23 13:00:00,50,14,3237,161,0,18.3,6.9,1.2,0,0,1,0,0,0,0,1,0
2023-09-23 11:00:00,46,12,2246,209,0,18.3,6.9,1.2,0,0,1,0,0,0,0,1,0
2023-09-23 10:00:00,24,11,1720,235,0,18.3,6.9,1.2,0,0,1,0,0,0,0,1,0
2023-09-22 00:00:00,2,1,346,46,0,11.2,8.2,0.0,1,0,0,0,0,0,0,1,0
2023-09-22 12:00:00,29,13,2753,196,0,11.2,8.2,0.0,1,0,0,0,0,0,0,1,0
2023-09-22 17:00:00,29,18,2362,140,0,11.2,8.2,0.0,1,0,0,0,0,0,0,1,0
2023-09-22 13:00:00,28,14,3294,254,0,11.2,8.2,0.0,1,0,0,0,0,0,0,1,0
2023-09-21 02:00:00,0,3,893,30,0,15.4,9.2,0.0,0,0,0,0,1,0,0,1,0
2023-09-21 00:00:00,0,1,621,29,0,15.4,9.2,0.0,0,0,0,0,1,0,0,1,0
2023-09-22 04:00:00,2,5,23,11,0,11.2,8.2,0.0,1,0,0,0,0,0,0,1,0
2023-09-23 18:00:00,14,19,1264,133,0,18.3,6.9,1.2,0,0,1,0,0,0,0,1,0
2023-09-23 23:00:00,1,0,1112,37,0,18.3,6.9,1.2,0,0,1,0,0,0,0,1,0
2023-09-23 15:00:00,1,16,1871,27,0,18.3,6.9,1.2,0,0,1,0,0,0,0,1,0
2023-09-23 00:00:00,1,1,684,23,0,18.3,6.9,1.2,0,0,1,0,0,0,0,1,0
2023-09-23 08:00:00,14,9,423,129,0,18.3,6.9,1.2,0,0,1,0,0,0,0,1,0
2023-09-22 11:00:00,69,12,2037,252,0,11.2,8.2,0.0,1,0,0,0,0,0,0,1,0
2023-09-22 09:00:00,42,10,1120,244,0,11.2,8.2,0.0,1,0,0,0,0,0,0,1,0
2023-09-22 10:00:00,40,11,1547,238,0,11.2,8.2,0.0,1,0,0,0,0,0,0,1,0
2023-09-23 19:00:00,12,20,1842,144,0,18.3,6.9,1.2,0,0,1,0,0,0,0,1,0
2023-09-23 17:00:00,11,18,1982,52,0,18.3,6.9,1.2,0,0,1,0,0,0,0,1,0
2023-09-23 02:00:00,11,3,801,36,0,18.3,6.9,1.2,0,0,1,0,0,0,0,1,0
2023-09-25 06:00:00,24,7,148,27,0,16.7,12.4,0.0,0,1,0,0,0,0,0,1,0
2023-09-25 04:00:00,2,5,27,3,0,16.7,12.4,0.0,0,1,0,0,0,0,0,1,0
2023-09-25 13:00:00,9,14,1495,77,0,16.7,12.4,0.0,0,1,0,0,0,0,0,1,0
2023-09-24 07:00:00,5,8,131,19,0,18.8,9.3,2.5,0,0,0,1,0,0,0,1,0
2023-09-24 18:00:00,14,19,925,210,0,18.8,9.3,2.5,0,0,0,1,0,0,0,1,0
2023-09-25 07:00:00,21,8,249,104,0,16.7,12.4,0.0,0,1,0,0,0,0,0,1,0
2023-09-25 11:00:00,63,12,1976,231,0,16.7,12.4,0.0,0,1,0,0,0,0,0,1,0
2023-09-25 14:00:00,19,15,2137,143,0,16.7,12.4,0.0,0,1,0,0,0,0,0,1,0
2023-09-24 14:00:00,58,15,2435,177,0,18.8,9.3,2.5,0,0,0,1,0,0,0,1,0
2023-09-24 12:00:00,55,13,1873,204,0,18.8,9.3,2.5,0,0,0,1,0,0,0,1,0
2023-09-24 13:00:00,43,14,2344,235,0,18.8,9.3,2.5,0,0,0,1,0,0,0,1,0
2023-09-24 16:00:00,34,17,1308,192,0,18.8,9.3,2.5,0,0,0,1,0,0,0,1,0
2023-09-24 15:00:00,32,16,2103,173,0,18.8,9.3,2.5,0,0,0,1,0,0,0,1,0
2023-09-24 11:00:00,28,12,1133,172,0,18.8,9.3,2.5,0,0,0,1,0,0,0,1,0
2023-09-24 10:00:00,24,11,1089,119,0,18.8,9.3,2.5,0,0,0,1,0,0,0,1,0
2023-09-25 17:00:00,53,18,1866,164,0,16.7,12.4,0.0,0,1,0,0,0,0,0,1,0
2023-09-24 23:00:00,1,0,230,22,0,18.8,9.3,2.5,0,0,0,1,0,0,0,1,0
2023-09-25 01:00:00,1,2,129,2,0,16.7,12.4,0.0,0,1,0,0,0,0,0,1,0
2023-09-24 19:00:00,4,20,624,59,0,18.8,9.3,2.5,0,0,0,1,0,0,0,1,0
2023-09-25 10:00:00,45,11,1434,234,0,16.7,12.4,0.0,0,1,0,0,0,0,0,1,0
2023-09-25 19:00:00,44,20,1349,145,0,16.7,12.4,0.0,0,1,0,0,0,0,0,1,0
2023-09-25 08:00:00,38,9,809,285,0,16.7,12.4,0.0,0,1,0,0,0,0,0,1,0
2023-09-25 16:00:00,37,17,2457,107,0,16.7,12.4,0.0,0,1,0,0,0,0,0,1,0
2023-09-25 15:00:00,32,16,2048,86,0,16.7,12.4,0.0,0,1,0,0,0,0,0,1,0
2023-09-25 09:00:00,26,10,1075,212,0,16.7,12.4,0.0,0,1,0,0,0,0,0,1,0
2023-09-25 12:00:00,26,13,1949,168,0,16.7,12.4,0.0,0,1,0,0,0,0,0,1,0
2023-09-24 04:00:00,1,5,84,6,0,18.8,9.3,2.5,0,0,0,1,0,0,0,1,0
2023-09-24 17:00:00,9,18,1049,220,0,18.8,9.3,2.5,0,0,0,1,0,0,0,1,0
2023-09-24 22:00:00,1,23,496,4,0,18.8,9.3,2.5,0,0,0,1,0,0,0,1,0
2023-09-24 00:00:00,4,1,975,41,0,18.8,9.3,2.5,0,0,0,1,0,0,0,1,0
2023-09-24 03:00:00,4,4,702,15,0,18.8,9.3,2.5,0,0,0,1,0,0,0,1,0
2023-09-25 20:00:00,4,21,1076,114,0,16.7,12.4,0.0,0,1,0,0,0,0,0,1,0
2023-09-25 23:00:00,3,0,474,35,0,16.7,12.4,0.0,0,1,0,0,0,0,0,1,0
2023-09-25 00:00:00,3,1,291,23,0,16.7,12.4,0.0,0,1,0,0,0,0,0,1,0
2023-09-25 05:00:00,2,6,112,12,0,16.7,12.4,0.0,0,1,0,0,0,0,0,1,0
2023-09-25 18:00:00,13,19,1512,155,0,16.7,12.4,0.0,0,1,0,0,0,0,0,1,0
2023-09-25 03:00:00,0,4,32,9,0,16.7,12.4,0.0,0,1,0,0,0,0,0,1,0
2023-09-25 02:00:00,0,3,86,1,0,16.7,12.4,0.0,0,1,0,0,0,0,0,1,0
2023-09-24 01:00:00,3,2,607,24,0,18.8,9.3,2.5,0,0,0,1,0,0,0,1,0
2023-09-24 09:00:00,8,10,563,58,0,18.8,9.3,2.5,0,0,0,1,0,0,0,1,0
2023-09-25 22:00:00,12,23,645,48,0,16.7,12.4,0.0,0,1,0,0,0,0,0,1,0
2023-09-25 21:00:00,12,22,563,31,0,16.7,12.4,0.0,0,1,0,0,0,0,0,1,0
2023-09-24 21:00:00,2,22,545,14,0,18.8,9.3,2.5,0,0,0,1,0,0,0,1,0
2023-09-24 08:00:00,0,9,215,36,0,18.8,9.3,2.5,0,0,0,1,0,0,0,1,0
2023-09-24 02:00:00,0,3,928,25,0,18.8,9.3,2.5,0,0,0,1,0,0,0,1,0
2023-09-24 06:00:00,6,7,92,10,0,18.8,9.3,2.5,0,0,0,1,0,0,0,1,0
2023-09-24 20:00:00,6,21,696,8,0,18.8,9.3,2.5,0,0,0,1,0,0,0,1,0
2023-09-24 05:00:00,0,6,170,7,0,18.8,9.3,2.5,0,0,0,1,0,0,0,1,0
2023-09-26 14:00:00,14,15,2333,107,0,15.1,11.4,0.5,0,0,0,0,0,1,0,1,0
2023-09-26 11:00:00,13,12,2068,102,0,15.1,11.4,0.5,0,0,0,0,0,1,0,1,0
2023-09-26 20:00:00,6,21,794,18,0,15.1,11.4,0.5,0,0,0,0,0,1,0,1,0
2023-09-27 09:00:00,31,10,1060,229,0,15.6,6.3,9.4,0,0,0,0,0,0,1,1,0
2023-09-27 10:00:00,27,11,1990,219,0,15.6,6.3,9.4,0,0,0,0,0,0,1,1,0
2023-09-27 08:00:00,26,9,785,256,0,15.6,6.3,9.4,0,0,0,0,0,0,1,1,0
2023-09-27 11:00:00,26,12,3167,139,0,15.6,6.3,9.4,0,0,0,0,0,0,1,1,0
2023-09-27 12:00:00,25,13,4219,107,0,15.6,6.3,9.4,0,0,0,0,0,0,1,1,0
2023-09-27 16:00:00,22,17,1367,172,0,15.6,6.3,9.4,0,0,0,0,0,0,1,1,0
2023-09-27 15:00:00,14,16,2192,126,0,15.6,6.3,9.4,0,0,0,0,0,0,1,1,0
2023-09-27 13:00:00,21,14,4486,49,0,15.6,6.3,9.4,0,0,0,0,0,0,1,1,0
2023-09-27 14:00:00,20,15,2918,54,0,15.6,6.3,9.4,0,0,0,0,0,0,1,1,0
2023-09-27 17:00:00,16,18,1053,221,0,15.6,6.3,9.4,0,0,0,0,0,0,1,1,0
2023-09-26 19:00:00,12,20,884,83,0,15.1,11.4,0.5,0,0,0,0,0,1,0,1,0
2023-09-26 10:00:00,5,11,1358,83,0,15.1,11.4,0.5,0,0,0,0,0,1,0,1,0
2023-09-27 00:00:00,0,1,492,28,0,15.6,6.3,9.4,0,0,0,0,0,0,1,1,0
2023-09-27 01:00:00,0,2,164,21,0,15.6,6.3,9.4,0,0,0,0,0,0,1,1,0
2023-09-27 05:00:00,0,6,126,8,0,15.6,6.3,9.4,0,0,0,0,0,0,1,1,0
2023-09-27 04:00:00,0,5,17,6,0,15.6,6.3,9.4,0,0,0,0,0,0,1,1,0
2023-09-28 17:00:00,31,18,2113,315,0,16.9,11.1,0.5,0,0,0,0,1,0,0,1,0
2023-09-26 17:00:00,42,18,1619,153,0,15.1,11.4,0.5,0,0,0,0,0,1,0,1,0
2023-09-26 07:00:00,11,8,281,68,0,15.1,11.4,0.5,0,0,0,0,0,1,0,1,0
2023-09-26 12:00:00,41,13,2518,160,0,15.1,11.4,0.5,0,0,0,0,0,1,0,1,0
2023-09-27 20:00:00,10,21,907,10,0,15.6,6.3,9.4,0,0,0,0,0,0,1,1,0
2023-09-26 06:00:00,11,7,153,10,0,15.1,11.4,0.5,0,0,0,0,0,1,0,1,0
2023-09-27 23:00:00,2,0,477,26,0,15.6,6.3,9.4,0,0,0,0,0,0,1,1,0
2023-09-26 21:00:00,11,22,617,8,0,15.1,11.4,0.5,0,0,0,0,0,1,0,1,0
2023-09-26 15:00:00,37,16,2258,132,0,15.1,11.4,0.5,0,0,0,0,0,1,0,1,0
2023-09-27 02:00:00,2,3,223,13,0,15.6,6.3,9.4,0,0,0,0,0,0,1,1,0
2023-09-27 21:00:00,2,22,793,7,0,15.6,6.3,9.4,0,0,0,0,0,0,1,1,0
2023-09-27 03:00:00,1,4,77,13,0,15.6,6.3,9.4,0,0,0,0,0,0,1,1,0
2023-09-26 08:00:00,36,9,920,294,0,15.1,11.4,0.5,0,0,0,0,0,1,0,1,0
2023-09-26 02:00:00,0,3,157,16,0,15.1,11.4,0.5,0,0,0,0,0,1,0,1,0
2023-09-26 04:00:00,0,5,22,10,0,15.1,11.4,0.5,0,0,0,0,0,1,0,1,0
2023-09-26 05:00:00,0,6,85,4,0,15.1,11.4,0.5,0,0,0,0,0,1,0,1,0
2023-09-27 07:00:00,8,8,250,90,0,15.6,6.3,9.4,0,0,0,0,0,0,1,1,0
2023-09-26 00:00:00,8,1,288,35,0,15.1,11.4,0.5,0,0,0,0,0,1,0,1,0
2023-09-27 18:00:00,8,19,1576,89,0,15.6,6.3,9.4,0,0,0,0,0,0,1,1,0
2023-09-27 06:00:00,8,7,125,14,0,15.6,6.3,9.4,0,0,0,0,0,0,1,1,0
2023-09-26 18:00:00,25,19,1366,237,0,15.1,11.4,0.5,0,0,0,0,0,1,0,1,0
2023-09-26 03:00:00,0,4,123,0,0,15.1,11.4,0.5,0,0,0,0,0,1,0,1,0
2023-09-26 23:00:00,7,0,542,42,0,15.1,11.4,0.5,0,0,0,0,0,1,0,1,0
2023-09-26 01:00:00,7,2,186,16,0,15.1,11.4,0.5,0,0,0,0,0,1,0,1,0
2023-09-26 09:00:00,21,10,1025,170,0,15.1,11.4,0.5,0,0,0,0,0,1,0,1,0
2023-09-26 22:00:00,7,23,505,8,0,15.1,11.4,0.5,0,0,0,0,0,1,0,1,0
2023-09-26 16:00:00,21,17,2343,136,0,15.1,11.4,0.5,0,0,0,0,0,1,0,1,0
2023-09-27 19:00:00,5,20,1095,18,0,15.6,6.3,9.4,0,0,0,0,0,0,1,1,0
2023-09-26 13:00:00,15,14,3026,178,0,15.1,11.4,0.5,0,0,0,0,0,1,0,1,0
2023-09-27 22:00:00,4,23,415,11,0,15.6,6.3,9.4,0,0,0,0,0,0,1,1,0
2023-09-28 02:00:00,3,3,488,7,0,16.9,11.1,0.5,0,0,0,0,1,0,0,1,0
2023-09-28 23:00:00,3,0,437,6,0,16.9,11.1,0.5,0,0,0,0,1,0,0,1,0
2023-09-28 11:00:00,2,12,2040,97,0,16.9,11.1,0.5,0,0,0,0,1,0,0,1,0
2023-09-28 03:00:00,2,4,180,8,0,16.9,11.1,0.5,0,0,0,0,1,0,0,1,0
2023-09-28 05:00:00,2,6,152,6,0,16.9,11.1,0.5,0,0,0,0,1,0,0,1,0
2023-09-28 01:00:00,1,2,355,6,0,16.9,11.1,0.5,0,0,0,0,1,0,0,1,0
2023-09-28 04:00:00,1,5,49,5,0,16.9,11.1,0.5,0,0,0,0,1,0,0,1,0
2023-09-28 22:00:00,10,23,616,18,0,16.9,11.1,0.5,0,0,0,0,1,0,0,1,0
2023-09-28 15:00:00,27,16,2665,223,0,16.9,11.1,0.5,0,0,0,0,1,0,0,1,0
2023-09-28 16:00:00,26,17,2505,262,0,16.9,11.1,0.5,0,0,0,0,1,0,0,1,0
2023-09-29 15:00:00,27,16,3022,160,0,11.2,11.2,0.0,1,0,0,0,0,0,0,1,0
2023-09-29 19:00:00,19,20,1492,162,0,11.2,11.2,0.0,1,0,0,0,0,0,0,1,0
2023-09-29 12:00:00,18,13,2189,143,0,11.2,11.2,0.0,1,0,0,0,0,0,0,1,0
2023-09-29 20:00:00,17,21,1556,34,0,11.2,11.2,0.0,1,0,0,0,0,0,0,1,0
2023-09-29 23:00:00,17,0,893,15,0,11.2,11.2,0.0,1,0,0,0,0,0,0,1,0
2023-09-29 13:00:00,14,14,2484,112,0,11.2,11.2,0.0,1,0,0,0,0,0,0,1,0
2023-09-29 22:00:00,10,23,1189,24,0,11.2,11.2,0.0,1,0,0,0,0,0,0,1,0
2023-09-28 00:00:00,0,1,455,29,0,16.9,11.1,0.5,0,0,0,0,1,0,0,1,0
2023-09-28 13:00:00,22,14,3689,163,0,16.9,11.1,0.5,0,0,0,0,1,0,0,1,0
2023-09-28 12:00:00,19,13,3249,179,0,16.9,11.1,0.5,0,0,0,0,1,0,0,1,0
2023-09-28 09:00:00,18,10,1530,210,0,16.9,11.1,0.5,0,0,0,0,1,0,0,1,0
2023-09-28 08:00:00,16,9,980,192,0,16.9,11.1,0.5,0,0,0,0,1,0,0,1,0
2023-09-28 20:00:00,16,21,478,14,0,16.9,11.1,0.5,0,0,0,0,1,0,0,1,0
2023-09-28 14:00:00,12,15,2913,74,0,16.9,11.1,0.5,0,0,0,0,1,0,0,1,0
2023-09-28 10:00:00,10,11,2176,188,0,16.9,11.1,0.5,0,0,0,0,1,0,0,1,0
2023-09-29 04:00:00,0,5,49,16,0,11.2,11.2,0.0,1,0,0,0,0,0,0,1,0
2023-09-28 18:00:00,9,19,1172,87,0,16.9,11.1,0.5,0,0,0,0,1,0,0,1,0
2023-09-29 21:00:00,7,22,1470,41,0,11.2,11.2,0.0,1,0,0,0,0,0,0,1,0
2023-09-29 07:00:00,6,8,465,122,0,11.2,11.2,0.0,1,0,0,0,0,0,0,1,0
2023-09-29 06:00:00,5,7,144,30,0,11.2,11.2,0.0,1,0,0,0,0,0,0,1,0
2023-09-29 03:00:00,3,4,74,15,0,11.2,11.2,0.0,1,0,0,0,0,0,0,1,0
2023-09-28 07:00:00,9,8,375,58,0,16.9,11.1,0.5,0,0,0,0,1,0,0,1,0
2023-09-28 19:00:00,9,20,1150,17,0,16.9,11.1,0.5,0,0,0,0,1,0,0,1,0
2023-09-29 11:00:00,56,12,2937,148,0,11.2,11.2,0.0,1,0,0,0,0,0,0,1,0
2023-09-29 17:00:00,55,18,2274,286,0,11.2,11.2,0.0,1,0,0,0,0,0,0,1,0
2023-09-29 18:00:00,41,19,1794,238,0,11.2,11.2,0.0,1,0,0,0,0,0,0,1,0
2023-09-29 16:00:00,40,17,2856,202,0,11.2,11.2,0.0,1,0,0,0,0,0,0,1,0
2023-09-29 08:00:00,35,9,1217,371,0,11.2,11.2,0.0,1,0,0,0,0,0,0,1,0
2023-09-29 09:00:00,33,10,1785,316,0,11.2,11.2,0.0,1,0,0,0,0,0,0,1,0
2023-09-29 10:00:00,32,11,1882,261,0,11.2,11.2,0.0,1,0,0,0,0,0,0,1,0
2023-09-29 14:00:00,31,15,2973,111,0,11.2,11.2,0.0,1,0,0,0,0,0,0,1,0
2023-09-28 21:00:00,7,22,597,24,0,16.9,11.1,0.5,0,0,0,0,1,0,0,1,0
2023-09-28 06:00:00,5,7,113,25,0,16.9,11.1,0.5,0,0,0,0,1,0,0,1,0
2023-09-29 05:00:00,0,6,144,15,0,11.2,11.2,0.0,1,0,0,0,0,0,0,1,0
2023-09-29 00:00:00,0,1,298,6,0,11.2,11.2,0.0,1,0,0,0,0,0,0,1,0
2023-09-30 14:00:00,54,15,2597,24,0,18.6,7.7,2.1,0,0,1,0,0,0,0,1,0
2023-09-30 15:00:00,46,16,3022,19,0,18.6,7.7,2.1,0,0,1,0,0,0,0,1,0
2023-09-30 12:00:00,45,13,2862,39,0,18.6,7.7,2.1,0,0,1,0,0,0,0,1,0
2023-09-30 11:00:00,45,12,3582,27,0,18.6,7.7,2.1,0,0,1,0,0,0,0,1,0
2023-09-30 13:00:00,27,14,2398,40,0,18.6,7.7,2.1,0,0,1,0,0,0,0,1,0
2023-09-30 09:00:00,24,10,1206,40,0,18.6,7.7,2.1,0,0,1,0,0,0,0,1,0
2023-09-30 18:00:00,23,19,2407,170,0,18.6,7.7,2.1,0,0,1,0,0,0,0,1,0
2023-09-29 01:00:00,1,2,110,11,0,11.2,11.2,0.0,1,0,0,0,0,0,0,1,0
2023-09-29 02:00:00,1,3,312,8,0,11.2,11.2,0.0,1,0,0,0,0,0,0,1,0
2023-09-30 06:00:00,2,7,123,8,0,18.6,7.7,2.1,0,0,1,0,0,0,0,1,0
2023-09-30 05:00:00,2,6,110,3,0,18.6,7.7,2.1,0,0,1,0,0,0,0,1,0
2023-09-30 20:00:00,1,21,1270,15,0,18.6,7.7,2.1,0,0,1,0,0,0,0,1,0
2023-09-30 01:00:00,0,2,584,33,0,18.6,7.7,2.1,0,0,1,0,0,0,0,1,0
2023-09-30 04:00:00,0,5,95,16,0,18.6,7.7,2.1,0,0,1,0,0,0,0,1,0
2023-09-30 19:00:00,6,20,1247,30,0,18.6,7.7,2.1,0,0,1,0,0,0,0,1,0
2023-09-30 16:00:00,19,17,2836,117,0,18.6,7.7,2.1,0,0,1,0,0,0,0,1,0
2023-09-30 07:00:00,5,8,138,55,0,18.6,7.7,2.1,0,0,1,0,0,0,0,1,0
2023-09-30 22:00:00,5,23,1316,8,0,18.6,7.7,2.1,0,0,1,0,0,0,0,1,0
2023-09-30 10:00:00,16,11,2132,20,0,18.6,7.7,2.1,0,0,1,0,0,0,0,1,0
2023-09-30 02:00:00,4,3,723,38,0,18.6,7.7,2.1,0,0,1,0,0,0,0,1,0
2023-09-30 23:00:00,4,0,1227,34,0,18.6,7.7,2.1,0,0,1,0,0,0,0,1,0
2023-09-30 00:00:00,9,1,777,22,0,18.6,7.7,2.1,0,0,1,0,0,0,0,1,0
2023-09-30 17:00:00,8,18,3265,190,0,18.6,7.7,2.1,0,0,1,0,0,0,0,1,0
2023-09-30 08:00:00,7,9,524,43,0,18.6,7.7,2.1,0,0,1,0,0,0,0,1,0
2023-09-30 03:00:00,7,4,986,15,0,18.6,7.7,2.1,0,0,1,0,0,0,0,1,0
2023-09-30 21:00:00,7,22,1263,9,0,18.6,7.7,2.1,0,0,1,0,0,0,0,1,0
