ds,y,Finishing time,Number of People,Number of Road Vehicles,isHoliday,TMAX,TMIN,PRCP,Day of the Week_Fri,Day of the Week_Mon,Day of the Week_Sat,Day of the Week_Sun,Day of the Week_Thu,Day of the Week_Tue,Day of the Week_Wed,TimeZone_BST,TimeZone_GMT
2023-08-08 04:00:00,0,5,14,0,0,19.1,7.7,0.2,0,0,0,0,0,1,0,1,0
2023-08-09 14:00:00,19,15,915,36,0,22.8,8.8,0.0,0,0,0,0,0,0,1,1,0
2023-08-02 03:00:00,1,4,21,2,0,19.8,13.5,2.1,0,0,0,0,0,0,1,1,0
2023-08-09 16:00:00,17,17,850,15,0,22.8,8.8,0.0,0,0,0,0,0,0,1,1,0
2023-08-04 21:00:00,0,22,622,17,0,15.4,11.3,1.6,1,0,0,0,0,0,0,1,0
2023-08-06 03:00:00,1,4,36,70,0,20.0,5.5,3.0,0,0,0,1,0,0,0,1,0
2023-08-02 23:00:00,0,0,164,20,0,19.8,13.5,2.1,0,0,0,0,0,0,1,1,0
2023-08-09 17:00:00,11,18,737,2,0,22.8,8.8,0.0,0,0,0,0,0,0,1,1,0
2023-08-04 04:00:00,0,5,6,17,0,15.4,11.3,1.6,1,0,0,0,0,0,0,1,0
2023-08-06 04:00:00,1,5,17,67,0,20.0,5.5,3.0,0,0,0,1,0,0,0,1,0
2023-08-02 22:00:00,0,23,226,8,0,19.8,13.5,2.1,0,0,0,0,0,0,1,1,0
2023-08-09 15:00:00,8,16,809,26,0,22.8,8.8,0.0,0,0,0,0,0,0,1,1,0
2023-08-04 02:00:00,0,3,65,5,0,15.4,11.3,1.6,1,0,0,0,0,0,0,1,0
2023-08-06 02:00:00,0,3,141,133,0,20.0,5.5,3.0,0,0,0,1,0,0,0,1,0
2023-08-09 20:00:00,8,21,419,7,0,22.8,8.8,0.0,0,0,0,0,0,0,1,1,0
2023-08-04 03:00:00,0,4,26,3,0,15.4,11.3,1.6,1,0,0,0,0,0,0,1,0
2023-08-09 18:00:00,8,19,526,5,0,22.8,8.8,0.0,0,0,0,0,0,0,1,1,0
2023-08-01 16:00:00,16,17,827,7,0,17.8,13.1,0.0,0,0,0,0,0,1,0,1,0
2023-08-02 02:00:00,0,3,80,3,0,19.8,13.5,2.1,0,0,0,0,0,0,1,1,0
2023-08-07 17:00:00,38,18,1121,202,1,19.9,9.5,0.0,0,1,0,0,0,0,0,1,0
2023-08-09 12:00:00,7,13,909,26,0,22.8,8.8,0.0,0,0,0,0,0,0,1,1,0
2023-08-02 01:00:00,0,2,238,2,0,19.8,13.5,2.1,0,0,0,0,0,0,1,1,0
2023-08-04 05:00:00,0,6,13,1,0,15.4,11.3,1.6,1,0,0,0,0,0,0,1,0
2023-08-07 18:00:00,20,19,688,189,1,19.9,9.5,0.0,0,1,0,0,0,0,0,1,0
2023-08-01 15:00:00,11,16,978,10,0,17.8,13.1,0.0,0,0,0,0,0,1,0,1,0
2023-08-09 13:00:00,7,14,1043,23,0,22.8,8.8,0.0,0,0,0,0,0,0,1,1,0
2023-08-02 04:00:00,0,5,24,1,0,19.8,13.5,2.1,0,0,0,0,0,0,1,1,0
2023-08-05 09:00:00,10,10,443,106,0,17.5,5.5,9.2,0,0,1,0,0,0,0,1,0
2023-08-07 08:00:00,15,9,321,98,1,19.9,9.5,0.0,0,1,0,0,0,0,0,1,0
2023-08-01 08:00:00,9,9,237,6,0,17.8,13.1,0.0,0,0,0,0,0,1,0,1,0
2023-08-09 08:00:00,6,9,284,61,0,22.8,8.8,0.0,0,0,0,0,0,0,1,1,0
2023-08-02 05:00:00,0,6,13,0,0,19.8,13.5,2.1,0,0,0,0,0,0,1,1,0
2023-08-05 08:00:00,6,9,243,73,0,17.5,5.5,9.2,0,0,1,0,0,0,0,1,0
2023-08-07 07:00:00,10,8,97,59,1,19.9,9.5,0.0,0,1,0,0,0,0,0,1,0
2023-08-01 19:00:00,8,20,358,7,0,17.8,13.1,0.0,0,0,0,0,0,1,0,1,0
2023-08-09 07:00:00,6,8,122,37,0,22.8,8.8,0.0,0,0,0,0,0,0,1,1,0
2023-08-03 14:00:00,32,15,1126,242,0,17.3,11.8,0.0,0,0,0,0,1,0,0,1,0
2023-08-05 07:00:00,6,8,59,43,0,17.5,5.5,9.2,0,0,1,0,0,0,0,1,0
2023-08-07 16:00:00,10,17,909,23,1,19.9,9.5,0.0,0,1,0,0,0,0,0,1,0
2023-08-01 13:00:00,8,14,933,5,0,17.8,13.1,0.0,0,0,0,0,0,1,0,1,0
2023-08-09 11:00:00,5,12,668,26,0,22.8,8.8,0.0,0,0,0,0,0,0,1,1,0
2023-08-03 15:00:00,29,16,1104,243,0,17.3,11.8,0.0,0,0,0,0,1,0,0,1,0
2023-08-05 17:00:00,6,18,823,35,0,17.5,5.5,9.2,0,0,1,0,0,0,0,1,0
2023-08-07 19:00:00,9,20,558,61,1,19.9,9.5,0.0,0,1,0,0,0,0,0,1,0
2023-08-01 11:00:00,5,12,782,9,0,17.8,13.1,0.0,0,0,0,0,0,1,0,1,0
2023-08-09 10:00:00,4,11,642,51,0,22.8,8.8,0.0,0,0,0,0,0,0,1,1,0
2023-08-03 17:00:00,28,18,1008,283,0,17.3,11.8,0.0,0,0,0,0,1,0,0,1,0
2023-08-05 14:00:00,6,15,1776,2,0,17.5,5.5,9.2,0,0,1,0,0,0,0,1,0
2023-08-07 13:00:00,8,14,1436,14,1,19.9,9.5,0.0,0,1,0,0,0,0,0,1,0
2023-08-01 12:00:00,4,13,889,5,0,17.8,13.1,0.0,0,0,0,0,0,1,0,1,0
2023-08-09 09:00:00,3,10,369,60,0,22.8,8.8,0.0,0,0,0,0,0,0,1,1,0
2023-08-09 06:00:00,3,7,39,10,0,22.8,8.8,0.0,0,0,0,0,0,0,1,1,0
2023-08-09 21:00:00,3,22,320,7,0,22.8,8.8,0.0,0,0,0,0,0,0,1,1,0
2023-08-09 23:00:00,3,0,241,7,0,22.8,8.8,0.0,0,0,0,0,0,0,1,1,0
2023-08-09 22:00:00,3,23,257,4,0,22.8,8.8,0.0,0,0,0,0,0,0,1,1,0
2023-08-09 19:00:00,3,20,417,2,0,22.8,8.8,0.0,0,0,0,0,0,0,1,1,0
2023-08-09 00:00:00,1,1,165,33,0,22.8,8.8,0.0,0,0,0,0,0,0,1,1,0
2023-08-09 01:00:00,0,2,101,9,0,22.8,8.8,0.0,0,0,0,0,0,0,1,1,0
2023-08-09 02:00:00,0,3,71,5,0,22.8,8.8,0.0,0,0,0,0,0,0,1,1,0
2023-08-09 03:00:00,0,4,28,2,0,22.8,8.8,0.0,0,0,0,0,0,0,1,1,0
2023-08-09 05:00:00,0,6,20,1,0,22.8,8.8,0.0,0,0,0,0,0,0,1,1,0
2023-08-09 04:00:00,0,5,12,1,0,22.8,8.8,0.0,0,0,0,0,0,0,1,1,0
2023-08-10 18:00:00,20,19,836,38,0,22.5,14.2,5.0,0,0,0,0,1,0,0,1,0
2023-08-10 17:00:00,18,18,904,22,0,22.5,14.2,5.0,0,0,0,0,1,0,0,1,0
2023-08-10 19:00:00,17,20,649,49,0,22.5,14.2,5.0,0,0,0,0,1,0,0,1,0
2023-08-10 21:00:00,15,22,461,35,0,22.5,14.2,5.0,0,0,0,0,1,0,0,1,0
2023-08-10 22:00:00,12,23,300,42,0,22.5,14.2,5.0,0,0,0,0,1,0,0,1,0
2023-08-10 11:00:00,11,12,780,8,0,22.5,14.2,5.0,0,0,0,0,1,0,0,1,0
2023-08-10 12:00:00,10,13,1010,9,0,22.5,14.2,5.0,0,0,0,0,1,0,0,1,0
2023-08-10 20:00:00,7,21,613,65,0,22.5,14.2,5.0,0,0,0,0,1,0,0,1,0
2023-08-10 13:00:00,7,14,1121,3,0,22.5,14.2,5.0,0,0,0,0,1,0,0,1,0
2023-08-10 15:00:00,6,16,977,6,0,22.5,14.2,5.0,0,0,0,0,1,0,0,1,0
2023-08-10 14:00:00,6,15,1041,3,0,22.5,14.2,5.0,0,0,0,0,1,0,0,1,0
2023-08-10 07:00:00,6,8,88,0,0,22.5,14.2,5.0,0,0,0,0,1,0,0,1,0
2023-08-10 23:00:00,5,0,275,36,0,22.5,14.2,5.0,0,0,0,0,1,0,0,1,0
2023-08-10 08:00:00,5,9,297,8,0,22.5,14.2,5.0,0,0,0,0,1,0,0,1,0
2023-08-10 16:00:00,5,17,956,5,0,22.5,14.2,5.0,0,0,0,0,1,0,0,1,0
2023-08-10 09:00:00,4,10,448,8,0,22.5,14.2,5.0,0,0,0,0,1,0,0,1,0
2023-08-10 06:00:00,4,7,48,1,0,22.5,14.2,5.0,0,0,0,0,1,0,0,1,0
2023-08-10 01:00:00,3,2,144,11,0,22.5,14.2,5.0,0,0,0,0,1,0,0,1,0
2023-08-10 10:00:00,2,11,646,12,0,22.5,14.2,5.0,0,0,0,0,1,0,0,1,0
2023-08-10 05:00:00,1,6,26,2,0,22.5,14.2,5.0,0,0,0,0,1,0,0,1,0
2023-08-10 00:00:00,0,1,236,12,0,22.5,14.2,5.0,0,0,0,0,1,0,0,1,0
2023-08-10 02:00:00,0,3,117,3,0,22.5,14.2,5.0,0,0,0,0,1,0,0,1,0
2023-08-10 03:00:00,0,4,14,2,0,22.5,14.2,5.0,0,0,0,0,1,0,0,1,0
2023-08-10 04:00:00,0,5,12,2,0,22.5,14.2,5.0,0,0,0,0,1,0,0,1,0
2023-08-11 20:00:00,25,21,572,151,0,20.8,15.8,0.0,1,0,0,0,0,0,0,1,0
2023-08-01 20:00:00,4,21,363,5,0,17.8,13.1,0.0,0,0,0,0,0,1,0,1,0
2023-08-03 12:00:00,27,13,955,268,0,17.3,11.8,0.0,0,0,0,0,1,0,0,1,0
2023-08-05 21:00:00,5,22,564,124,0,17.5,5.5,9.2,0,0,1,0,0,0,0,1,0
2023-08-01 10:00:00,3,11,554,11,0,17.8,13.1,0.0,0,0,0,0,0,1,0,1,0
2023-08-07 14:00:00,8,15,1126,14,1,19.9,9.5,0.0,0,1,0,0,0,0,0,1,0
2023-08-03 13:00:00,27,14,1083,254,0,17.3,11.8,0.0,0,0,0,0,1,0,0,1,0
2023-08-05 12:00:00,5,13,1325,17,0,17.5,5.5,9.2,0,0,1,0,0,0,0,1,0
2023-08-01 17:00:00,3,18,541,11,0,17.8,13.1,0.0,0,0,0,0,0,1,0,1,0
2023-08-07 21:00:00,8,22,365,7,1,19.9,9.5,0.0,0,1,0,0,0,0,0,1,0
2023-08-03 16:00:00,25,17,1064,237,0,17.3,11.8,0.0,0,0,0,0,1,0,0,1,0
2023-08-05 13:00:00,5,14,1947,5,0,17.5,5.5,9.2,0,0,1,0,0,0,0,1,0
2023-08-01 18:00:00,3,19,457,6,0,17.8,13.1,0.0,0,0,0,0,0,1,0,1,0
2023-08-07 15:00:00,7,16,961,19,1,19.9,9.5,0.0,0,1,0,0,0,0,0,1,0
2023-08-07 10:00:00,6,11,690,17,1,19.9,9.5,0.0,0,1,0,0,0,0,0,1,0
2023-08-07 06:00:00,5,7,46,37,1,19.9,9.5,0.0,0,1,0,0,0,0,0,1,0
2023-08-07 20:00:00,5,21,499,5,1,19.9,9.5,0.0,0,1,0,0,0,0,0,1,0
2023-08-07 00:00:00,4,1,317,59,1,19.9,9.5,0.0,0,1,0,0,0,0,0,1,0
2023-08-07 05:00:00,4,6,16,25,1,19.9,9.5,0.0,0,1,0,0,0,0,0,1,0
2023-08-07 09:00:00,4,10,487,24,1,19.9,9.5,0.0,0,1,0,0,0,0,0,1,0
2023-08-07 11:00:00,4,12,924,16,1,19.9,9.5,0.0,0,1,0,0,0,0,0,1,0
2023-08-07 02:00:00,2,3,70,43,1,19.9,9.5,0.0,0,1,0,0,0,0,0,1,0
2023-08-07 22:00:00,2,23,375,13,1,19.9,9.5,0.0,0,1,0,0,0,0,0,1,0
2023-08-07 12:00:00,2,13,1054,8,1,19.9,9.5,0.0,0,1,0,0,0,0,0,1,0
2023-08-07 01:00:00,1,2,178,55,1,19.9,9.5,0.0,0,1,0,0,0,0,0,1,0
2023-08-07 23:00:00,1,0,252,18,1,19.9,9.5,0.0,0,1,0,0,0,0,0,1,0
2023-08-07 04:00:00,1,5,16,18,1,19.9,9.5,0.0,0,1,0,0,0,0,0,1,0
2023-08-07 03:00:00,0,4,15,18,1,19.9,9.5,0.0,0,1,0,0,0,0,0,1,0
2023-08-08 15:00:00,19,16,858,14,0,19.1,7.7,0.2,0,0,0,0,0,1,0,1,0
2023-08-08 16:00:00,19,17,862,12,0,19.1,7.7,0.2,0,0,0,0,0,1,0,1,0
2023-08-08 17:00:00,15,18,784,15,0,19.1,7.7,0.2,0,0,0,0,0,1,0,1,0
2023-08-08 19:00:00,14,20,447,16,0,19.1,7.7,0.2,0,0,0,0,0,1,0,1,0
2023-08-08 18:00:00,12,19,670,18,0,19.1,7.7,0.2,0,0,0,0,0,1,0,1,0
2023-08-08 10:00:00,11,11,779,13,0,19.1,7.7,0.2,0,0,0,0,0,1,0,1,0
2023-08-08 12:00:00,11,13,866,8,0,19.1,7.7,0.2,0,0,0,0,0,1,0,1,0
2023-08-08 08:00:00,9,9,362,21,0,19.1,7.7,0.2,0,0,0,0,0,1,0,1,0
2023-08-08 14:00:00,9,15,986,19,0,19.1,7.7,0.2,0,0,0,0,0,1,0,1,0
2023-08-08 21:00:00,5,22,306,90,0,19.1,7.7,0.2,0,0,0,0,0,1,0,1,0
2023-08-08 13:00:00,5,14,1129,11,0,19.1,7.7,0.2,0,0,0,0,0,1,0,1,0
2023-08-08 09:00:00,5,10,464,10,0,19.1,7.7,0.2,0,0,0,0,0,1,0,1,0
2023-08-08 07:00:00,4,8,142,36,0,19.1,7.7,0.2,0,0,0,0,0,1,0,1,0
2023-08-08 22:00:00,4,23,201,21,0,19.1,7.7,0.2,0,0,0,0,0,1,0,1,0
2023-08-08 06:00:00,4,7,33,16,0,19.1,7.7,0.2,0,0,0,0,0,1,0,1,0
2023-08-08 11:00:00,4,12,801,4,0,19.1,7.7,0.2,0,0,0,0,0,1,0,1,0
2023-08-08 05:00:00,3,6,19,19,0,19.1,7.7,0.2,0,0,0,0,0,1,0,1,0
2023-08-08 00:00:00,1,1,234,13,0,19.1,7.7,0.2,0,0,0,0,0,1,0,1,0
2023-08-08 01:00:00,1,2,156,7,0,19.1,7.7,0.2,0,0,0,0,0,1,0,1,0
2023-08-08 02:00:00,1,3,43,3,0,19.1,7.7,0.2,0,0,0,0,0,1,0,1,0
2023-08-08 23:00:00,0,0,145,15,0,19.1,7.7,0.2,0,0,0,0,0,1,0,1,0
2023-08-08 20:00:00,0,21,418,10,0,19.1,7.7,0.2,0,0,0,0,0,1,0,1,0
2023-08-08 03:00:00,0,4,15,2,0,19.1,7.7,0.2,0,0,0,0,0,1,0,1,0
2023-08-05 10:00:00,4,11,188,80,0,17.5,5.5,9.2,0,0,1,0,0,0,0,1,0
2023-08-03 08:00:00,23,9,385,135,0,17.3,11.8,0.0,0,0,0,0,1,0,0,1,0
2023-08-05 11:00:00,4,12,705,19,0,17.5,5.5,9.2,0,0,1,0,0,0,0,1,0
2023-08-03 10:00:00,19,11,671,245,0,17.3,11.8,0.0,0,0,0,0,1,0,0,1,0
2023-08-01 22:00:00,2,23,427,23,0,17.8,13.1,0.0,0,0,0,0,0,1,0,1,0
2023-08-05 22:00:00,3,23,390,208,0,17.5,5.5,9.2,0,0,1,0,0,0,0,1,0
2023-08-03 11:00:00,18,12,813,223,0,17.3,11.8,0.0,0,0,0,0,1,0,0,1,0
2023-08-01 23:00:00,2,0,339,21,0,17.8,13.1,0.0,0,0,0,0,0,1,0,1,0
2023-08-03 18:00:00,17,19,661,43,0,17.3,11.8,0.0,0,0,0,0,1,0,0,1,0
2023-08-01 21:00:00,2,22,349,7,0,17.8,13.1,0.0,0,0,0,0,0,1,0,1,0
2023-08-05 19:00:00,3,20,708,22,0,17.5,5.5,9.2,0,0,1,0,0,0,0,1,0
2023-08-03 09:00:00,14,10,375,172,0,17.3,11.8,0.0,0,0,0,0,1,0,0,1,0
2023-08-05 18:00:00,3,19,706,9,0,17.5,5.5,9.2,0,0,1,0,0,0,0,1,0
2023-08-03 20:00:00,10,21,441,9,0,17.3,11.8,0.0,0,0,0,0,1,0,0,1,0
2023-08-01 09:00:00,1,10,354,8,0,17.8,13.1,0.0,0,0,0,0,0,1,0,1,0
2023-08-05 23:00:00,2,0,371,176,0,17.5,5.5,9.2,0,0,1,0,0,0,0,1,0
2023-08-03 07:00:00,8,8,135,109,0,17.3,11.8,0.0,0,0,0,0,1,0,0,1,0
2023-08-01 07:00:00,1,8,114,3,0,17.8,13.1,0.0,0,0,0,0,0,1,0,1,0
2023-08-05 06:00:00,2,7,27,2,0,17.5,5.5,9.2,0,0,1,0,0,0,0,1,0
2023-08-03 19:00:00,7,20,430,15,0,17.3,11.8,0.0,0,0,0,0,1,0,0,1,0
2023-08-01 06:00:00,1,7,22,2,0,17.8,13.1,0.0,0,0,0,0,0,1,0,1,0
2023-08-05 16:00:00,1,17,805,27,0,17.5,5.5,9.2,0,0,1,0,0,0,0,1,0
2023-08-03 23:00:00,5,0,200,31,0,17.3,11.8,0.0,0,0,0,0,1,0,0,1,0
2023-08-01 05:00:00,1,6,22,1,0,17.8,13.1,0.0,0,0,0,0,0,1,0,1,0
2023-08-05 00:00:00,1,1,461,16,0,17.5,5.5,9.2,0,0,1,0,0,0,0,1,0
2023-08-03 05:00:00,5,6,23,24,0,17.3,11.8,0.0,0,0,0,0,1,0,0,1,0
2023-08-01 02:00:00,0,3,50,11,0,17.8,13.1,0.0,0,0,0,0,0,1,0,1,0
2023-08-05 02:00:00,0,3,190,13,0,17.5,5.5,9.2,0,0,1,0,0,0,0,1,0
2023-08-03 22:00:00,5,23,272,13,0,17.3,11.8,0.0,0,0,0,0,1,0,0,1,0
2023-08-01 00:00:00,0,1,169,10,0,17.8,13.1,0.0,0,0,0,0,0,1,0,1,0
2023-08-05 01:00:00,0,2,296,12,0,17.5,5.5,9.2,0,0,1,0,0,0,0,1,0
2023-08-03 06:00:00,4,7,58,28,0,17.3,11.8,0.0,0,0,0,0,1,0,0,1,0
2023-08-01 04:00:00,0,5,23,9,0,17.8,13.1,0.0,0,0,0,0,0,1,0,1,0
2023-08-05 15:00:00,0,16,1067,9,0,17.5,5.5,9.2,0,0,1,0,0,0,0,1,0
2023-08-03 21:00:00,4,22,368,14,0,17.3,11.8,0.0,0,0,0,0,1,0,0,1,0
2023-08-01 14:00:00,0,15,787,8,0,17.8,13.1,0.0,0,0,0,0,0,1,0,1,0
2023-08-05 20:00:00,0,21,883,8,0,17.5,5.5,9.2,0,0,1,0,0,0,0,1,0
2023-08-03 00:00:00,2,1,359,18,0,17.3,11.8,0.0,0,0,0,0,1,0,0,1,0
2023-08-01 01:00:00,0,2,79,4,0,17.8,13.1,0.0,0,0,0,0,0,1,0,1,0
2023-08-05 04:00:00,0,5,33,2,0,17.5,5.5,9.2,0,0,1,0,0,0,0,1,0
2023-08-03 04:00:00,0,5,36,15,0,17.3,11.8,0.0,0,0,0,0,1,0,0,1,0
2023-08-01 03:00:00,0,4,7,3,0,17.8,13.1,0.0,0,0,0,0,0,1,0,1,0
2023-08-03 03:00:00,0,4,29,9,0,17.3,11.8,0.0,0,0,0,0,1,0,0,1,0
2023-08-05 05:00:00,0,6,26,2,0,17.5,5.5,9.2,0,0,1,0,0,0,0,1,0
2023-08-02 19:00:00,18,20,394,100,0,19.8,13.5,2.1,0,0,0,0,0,0,1,1,0
2023-08-03 02:00:00,0,3,132,7,0,17.3,11.8,0.0,0,0,0,0,1,0,0,1,0
2023-08-05 03:00:00,0,4,49,0,0,17.5,5.5,9.2,0,0,1,0,0,0,0,1,0
2023-08-02 16:00:00,16,17,637,88,0,19.8,13.5,2.1,0,0,0,0,0,0,1,1,0
2023-08-03 01:00:00,0,2,212,2,0,17.3,11.8,0.0,0,0,0,0,1,0,0,1,0
2023-08-06 19:00:00,25,20,428,143,0,20.0,5.5,3.0,0,0,0,1,0,0,0,1,0
2023-08-02 17:00:00,13,18,704,9,0,19.8,13.5,2.1,0,0,0,0,0,0,1,1,0
2023-08-04 14:00:00,14,15,861,10,0,15.4,11.3,1.6,1,0,0,0,0,0,0,1,0
2023-08-06 14:00:00,23,15,1036,163,0,20.0,5.5,3.0,0,0,0,1,0,0,0,1,0
2023-08-02 15:00:00,10,16,874,32,0,19.8,13.5,2.1,0,0,0,0,0,0,1,1,0
2023-08-04 08:00:00,12,9,253,26,0,15.4,11.3,1.6,1,0,0,0,0,0,0,1,0
2023-08-06 18:00:00,23,19,571,162,0,20.0,5.5,3.0,0,0,0,1,0,0,0,1,0
2023-08-02 12:00:00,7,13,538,7,0,19.8,13.5,2.1,0,0,0,0,0,0,1,1,0
2023-08-04 15:00:00,11,16,980,16,0,15.4,11.3,1.6,1,0,0,0,0,0,0,1,0
2023-08-06 16:00:00,21,17,798,180,0,20.0,5.5,3.0,0,0,0,1,0,0,0,1,0
2023-08-02 08:00:00,5,9,267,15,0,19.8,13.5,2.1,0,0,0,0,0,0,1,1,0
2023-08-04 20:00:00,11,21,528,8,0,15.4,11.3,1.6,1,0,0,0,0,0,0,1,0
2023-08-06 13:00:00,21,14,947,134,0,20.0,5.5,3.0,0,0,0,1,0,0,0,1,0
2023-08-02 14:00:00,4,15,656,57,0,19.8,13.5,2.1,0,0,0,0,0,0,1,1,0
2023-08-04 17:00:00,11,18,613,4,0,15.4,11.3,1.6,1,0,0,0,0,0,0,1,0
2023-08-06 20:00:00,17,21,414,143,0,20.0,5.5,3.0,0,0,0,1,0,0,0,1,0
2023-08-02 18:00:00,4,19,463,53,0,19.8,13.5,2.1,0,0,0,0,0,0,1,1,0
2023-08-04 12:00:00,10,13,850,16,0,15.4,11.3,1.6,1,0,0,0,0,0,0,1,0
2023-08-06 12:00:00,16,13,998,170,0,20.0,5.5,3.0,0,0,0,1,0,0,0,1,0
2023-08-02 20:00:00,3,21,386,15,0,19.8,13.5,2.1,0,0,0,0,0,0,1,1,0
2023-08-04 07:00:00,8,8,94,11,0,15.4,11.3,1.6,1,0,0,0,0,0,0,1,0
2023-08-04 19:00:00,8,20,452,10,0,15.4,11.3,1.6,1,0,0,0,0,0,0,1,0
2023-08-04 10:00:00,7,11,576,23,0,15.4,11.3,1.6,1,0,0,0,0,0,0,1,0
2023-08-04 13:00:00,4,14,1116,15,0,15.4,11.3,1.6,1,0,0,0,0,0,0,1,0
2023-08-04 16:00:00,3,17,836,16,0,15.4,11.3,1.6,1,0,0,0,0,0,0,1,0
2023-08-04 06:00:00,3,7,29,4,0,15.4,11.3,1.6,1,0,0,0,0,0,0,1,0
2023-08-04 18:00:00,3,19,733,2,0,15.4,11.3,1.6,1,0,0,0,0,0,0,1,0
2023-08-04 22:00:00,2,23,817,75,0,15.4,11.3,1.6,1,0,0,0,0,0,0,1,0
2023-08-04 11:00:00,2,12,684,14,0,15.4,11.3,1.6,1,0,0,0,0,0,0,1,0
2023-08-04 00:00:00,1,1,190,18,0,15.4,11.3,1.6,1,0,0,0,0,0,0,1,0
2023-08-04 09:00:00,1,10,413,12,0,15.4,11.3,1.6,1,0,0,0,0,0,0,1,0
2023-08-04 01:00:00,1,2,131,4,0,15.4,11.3,1.6,1,0,0,0,0,0,0,1,0
2023-08-04 23:00:00,0,0,439,26,0,15.4,11.3,1.6,1,0,0,0,0,0,0,1,0
2023-08-02 07:00:00,3,8,111,8,0,19.8,13.5,2.1,0,0,0,0,0,0,1,1,0
2023-08-06 15:00:00,15,16,969,177,0,20.0,5.5,3.0,0,0,0,1,0,0,0,1,0
2023-08-02 00:00:00,2,1,301,9,0,19.8,13.5,2.1,0,0,0,0,0,0,1,1,0
2023-08-06 21:00:00,15,22,330,151,0,20.0,5.5,3.0,0,0,0,1,0,0,0,1,0
2023-08-02 21:00:00,2,22,310,7,0,19.8,13.5,2.1,0,0,0,0,0,0,1,1,0
2023-08-06 11:00:00,15,12,686,122,0,20.0,5.5,3.0,0,0,0,1,0,0,0,1,0
2023-08-02 10:00:00,2,11,268,3,0,19.8,13.5,2.1,0,0,0,0,0,0,1,1,0
2023-08-06 22:00:00,15,23,412,98,0,20.0,5.5,3.0,0,0,0,1,0,0,0,1,0
2023-08-02 09:00:00,1,10,330,6,0,19.8,13.5,2.1,0,0,0,0,0,0,1,1,0
2023-08-06 10:00:00,13,11,652,80,0,20.0,5.5,3.0,0,0,0,1,0,0,0,1,0
2023-08-02 11:00:00,1,12,403,3,0,19.8,13.5,2.1,0,0,0,0,0,0,1,1,0
2023-08-06 00:00:00,11,1,401,174,0,20.0,5.5,3.0,0,0,0,1,0,0,0,1,0
2023-08-02 06:00:00,1,7,29,3,0,19.8,13.5,2.1,0,0,0,0,0,0,1,1,0
2023-08-06 17:00:00,9,18,630,142,0,20.0,5.5,3.0,0,0,0,1,0,0,0,1,0
2023-08-02 13:00:00,1,14,581,2,0,19.8,13.5,2.1,0,0,0,0,0,0,1,1,0
2023-08-06 09:00:00,9,10,195,64,0,20.0,5.5,3.0,0,0,0,1,0,0,0,1,0
2023-08-06 05:00:00,6,6,22,34,0,20.0,5.5,3.0,0,0,0,1,0,0,0,1,0
2023-08-06 08:00:00,5,9,101,57,0,20.0,5.5,3.0,0,0,0,1,0,0,0,1,0
2023-08-06 23:00:00,3,0,243,89,0,20.0,5.5,3.0,0,0,0,1,0,0,0,1,0
2023-08-06 07:00:00,3,8,35,45,0,20.0,5.5,3.0,0,0,0,1,0,0,0,1,0
2023-08-06 06:00:00,3,7,40,23,0,20.0,5.5,3.0,0,0,0,1,0,0,0,1,0
2023-08-06 01:00:00,1,2,312,127,0,20.0,5.5,3.0,0,0,0,1,0,0,0,1,0
2023-08-25 14:00:00,3,15,898,26,0,18.5,8.9,0.0,1,0,0,0,0,0,0,1,0
2023-08-25 00:00:00,3,1,212,11,0,18.5,8.9,0.0,1,0,0,0,0,0,0,1,0
2023-08-25 21:00:00,2,22,521,33,0,18.5,8.9,0.0,1,0,0,0,0,0,0,1,0
2023-08-25 23:00:00,2,0,464,20,0,18.5,8.9,0.0,1,0,0,0,0,0,0,1,0
2023-08-25 05:00:00,1,6,19,31,0,18.5,8.9,0.0,1,0,0,0,0,0,0,1,0
2023-08-25 01:00:00,0,2,108,11,0,18.5,8.9,0.0,1,0,0,0,0,0,0,1,0
2023-08-25 02:00:00,0,3,92,4,0,18.5,8.9,0.0,1,0,0,0,0,0,0,1,0
2023-08-25 04:00:00,0,5,11,3,0,18.5,8.9,0.0,1,0,0,0,0,0,0,1,0
2023-08-25 03:00:00,0,4,16,0,0,18.5,8.9,0.0,1,0,0,0,0,0,0,1,0
2023-08-26 10:00:00,25,11,1071,152,0,18.3,5.5,0.8,0,0,1,0,0,0,0,1,0
2023-08-26 18:00:00,22,19,967,266,0,18.3,5.5,0.8,0,0,1,0,0,0,0,1,0
2023-08-26 12:00:00,18,13,1461,16,0,18.3,5.5,0.8,0,0,1,0,0,0,0,1,0
2023-08-26 20:00:00,14,21,873,161,0,18.3,5.5,0.8,0,0,1,0,0,0,0,1,0
2023-08-26 11:00:00,14,12,1364,101,0,18.3,5.5,0.8,0,0,1,0,0,0,0,1,0
2023-08-26 19:00:00,13,20,776,218,0,18.3,5.5,0.8,0,0,1,0,0,0,0,1,0
2023-08-26 13:00:00,11,14,1428,18,0,18.3,5.5,0.8,0,0,1,0,0,0,0,1,0
2023-08-26 15:00:00,10,16,939,88,0,18.3,5.5,0.8,0,0,1,0,0,0,0,1,0
2023-08-26 16:00:00,9,17,1370,244,0,18.3,5.5,0.8,0,0,1,0,0,0,0,1,0
2023-08-26 14:00:00,9,15,1639,8,0,18.3,5.5,0.8,0,0,1,0,0,0,0,1,0
2023-08-26 07:00:00,8,8,60,63,0,18.3,5.5,0.8,0,0,1,0,0,0,0,1,0
2023-08-26 21:00:00,7,22,790,141,0,18.3,5.5,0.8,0,0,1,0,0,0,0,1,0
2023-08-26 17:00:00,6,18,1115,206,0,18.3,5.5,0.8,0,0,1,0,0,0,0,1,0
2023-08-26 09:00:00,5,10,601,106,0,18.3,5.5,0.8,0,0,1,0,0,0,0,1,0
2023-08-26 08:00:00,5,9,220,85,0,18.3,5.5,0.8,0,0,1,0,0,0,0,1,0
2023-08-26 06:00:00,4,7,30,37,0,18.3,5.5,0.8,0,0,1,0,0,0,0,1,0
2023-08-26 05:00:00,3,6,31,21,0,18.3,5.5,0.8,0,0,1,0,0,0,0,1,0
2023-08-26 22:00:00,2,23,821,16,0,18.3,5.5,0.8,0,0,1,0,0,0,0,1,0
2023-08-26 23:00:00,2,0,733,8,0,18.3,5.5,0.8,0,0,1,0,0,0,0,1,0
2023-08-26 00:00:00,0,1,347,16,0,18.3,5.5,0.8,0,0,1,0,0,0,0,1,0
2023-08-26 02:00:00,0,3,149,11,0,18.3,5.5,0.8,0,0,1,0,0,0,0,1,0
2023-08-26 01:00:00,0,2,293,7,0,18.3,5.5,0.8,0,0,1,0,0,0,0,1,0
2023-08-26 03:00:00,0,4,54,6,0,18.3,5.5,0.8,0,0,1,0,0,0,0,1,0
2023-08-26 04:00:00,0,5,15,1,0,18.3,5.5,0.8,0,0,1,0,0,0,0,1,0
2023-08-27 08:00:00,17,9,105,46,0,18.6,5.5,4.8,0,0,0,1,0,0,0,1,0
2023-08-27 11:00:00,14,12,871,110,0,18.6,5.5,4.8,0,0,0,1,0,0,0,1,0
2023-08-27 10:00:00,12,11,687,68,0,18.6,5.5,4.8,0,0,0,1,0,0,0,1,0
2023-08-27 01:00:00,11,2,317,126,0,18.6,5.5,4.8,0,0,0,1,0,0,0,1,0
2023-08-15 18:00:00,17,19,533,1791,0,18.4,11.2,0.9,0,0,0,0,0,1,0,1,0
2023-08-27 09:00:00,10,10,252,62,0,18.6,5.5,4.8,0,0,0,1,0,0,0,1,0
2023-08-27 17:00:00,10,18,912,51,0,18.6,5.5,4.8,0,0,0,1,0,0,0,1,0
2023-08-27 12:00:00,9,13,1066,30,0,18.6,5.5,4.8,0,0,0,1,0,0,0,1,0
2023-08-27 13:00:00,9,14,1064,26,0,18.6,5.5,4.8,0,0,0,1,0,0,0,1,0
2023-08-27 07:00:00,8,8,32,33,0,18.6,5.5,4.8,0,0,0,1,0,0,0,1,0
2023-08-27 06:00:00,6,7,20,23,0,18.6,5.5,4.8,0,0,0,1,0,0,0,1,0
2023-08-27 16:00:00,6,17,912,20,0,18.6,5.5,4.8,0,0,0,1,0,0,0,1,0
2023-08-27 14:00:00,5,15,745,35,0,18.6,5.5,4.8,0,0,0,1,0,0,0,1,0
2023-08-27 15:00:00,5,16,801,14,0,18.6,5.5,4.8,0,0,0,1,0,0,0,1,0
2023-08-27 02:00:00,3,3,138,52,0,18.6,5.5,4.8,0,0,0,1,0,0,0,1,0
2023-08-27 04:00:00,3,5,20,42,0,18.6,5.5,4.8,0,0,0,1,0,0,0,1,0
2023-08-27 22:00:00,3,23,363,19,0,18.6,5.5,4.8,0,0,0,1,0,0,0,1,0
2023-08-27 18:00:00,3,19,596,9,0,18.6,5.5,4.8,0,0,0,1,0,0,0,1,0
2023-08-19 19:00:00,1,20,177,2,0,21.8,13.4,0.0,0,0,1,0,0,0,0,1,0
2023-08-11 08:00:00,21,9,261,89,0,20.8,15.8,0.0,1,0,0,0,0,0,0,1,0
2023-08-13 12:00:00,7,13,739,15,0,19.7,13.4,1.1,0,0,0,1,0,0,0,1,0
2023-08-23 19:00:00,3,20,495,19,0,19.5,9.3,3.6,0,0,0,0,0,0,1,1,0
2023-08-17 17:00:00,14,18,887,22,0,11.2,14.6,0.0,0,0,0,0,1,0,0,1,0
2023-08-21 23:00:00,6,0,156,81,0,21.4,14.3,0.6,0,1,0,0,0,0,0,1,0
2023-08-11 21:00:00,17,22,530,202,0,20.8,15.8,0.0,1,0,0,0,0,0,0,1,0
2023-08-13 19:00:00,7,20,273,10,0,19.7,13.4,1.1,0,0,0,1,0,0,0,1,0
2023-08-19 11:00:00,1,12,347,1,0,21.8,13.4,0.0,0,0,1,0,0,0,0,1,0
2023-08-21 10:00:00,5,11,607,87,0,21.4,14.3,0.6,0,1,0,0,0,0,0,1,0
2023-08-23 23:00:00,1,0,227,5,0,19.5,9.3,3.6,0,0,0,0,0,0,1,1,0
2023-08-17 16:00:00,10,17,775,16,0,11.2,14.6,0.0,0,0,0,0,1,0,0,1,0
2023-08-11 09:00:00,16,10,392,90,0,20.8,15.8,0.0,1,0,0,0,0,0,0,1,0
2023-08-15 20:00:00,12,21,415,983,0,18.4,11.2,0.9,0,0,0,0,0,1,0,1,0
2023-08-13 11:00:00,6,12,760,8,0,19.7,13.4,1.1,0,0,0,1,0,0,0,1,0
2023-08-19 10:00:00,1,11,199,1,0,21.8,13.4,0.0,0,0,1,0,0,0,0,1,0
2023-08-21 11:00:00,5,12,700,51,0,21.4,14.3,0.6,0,1,0,0,0,0,0,1,0
2023-08-23 01:00:00,1,2,261,3,0,19.5,9.3,3.6,0,0,0,0,0,0,1,1,0
2023-08-17 07:00:00,8,8,122,66,0,11.2,14.6,0.0,0,0,0,0,1,0,0,1,0
2023-08-11 11:00:00,15,12,875,8,0,20.8,15.8,0.0,1,0,0,0,0,0,0,1,0
2023-08-15 15:00:00,11,16,712,756,0,18.4,11.2,0.9,0,0,0,0,0,1,0,1,0
2023-08-13 18:00:00,5,19,380,19,0,19.7,13.4,1.1,0,0,0,1,0,0,0,1,0
2023-08-19 06:00:00,1,7,23,1,0,21.8,13.4,0.0,0,0,1,0,0,0,0,1,0
2023-08-21 06:00:00,3,7,34,2,0,21.4,14.3,0.6,0,1,0,0,0,0,0,1,0
2023-08-23 12:00:00,1,13,789,1,0,19.5,9.3,3.6,0,0,0,0,0,0,1,1,0
2023-08-17 05:00:00,8,6,17,29,0,11.2,14.6,0.0,0,0,0,0,1,0,0,1,0
2023-08-11 12:00:00,14,13,967,8,0,20.8,15.8,0.0,1,0,0,0,0,0,0,1,0
2023-08-15 13:00:00,9,14,951,23,0,18.4,11.2,0.9,0,0,0,0,0,1,0,1,0
2023-08-13 09:00:00,5,10,252,8,0,19.7,13.4,1.1,0,0,0,1,0,0,0,1,0
2023-08-19 20:00:00,0,21,369,49,0,21.8,13.4,0.0,0,0,1,0,0,0,0,1,0
2023-08-21 01:00:00,2,2,170,49,0,21.4,14.3,0.6,0,1,0,0,0,0,0,1,0
2023-08-23 03:00:00,1,4,18,1,0,19.5,9.3,3.6,0,0,0,0,0,0,1,1,0
2023-08-17 21:00:00,6,22,281,46,0,11.2,14.6,0.0,0,0,0,0,1,0,0,1,0
2023-08-11 23:00:00,13,0,885,100,0,20.8,15.8,0.0,1,0,0,0,0,0,0,1,0
2023-08-15 23:00:00,8,0,132,60,0,18.4,11.2,0.9,0,0,0,0,0,1,0,1,0
2023-08-13 22:00:00,4,23,236,28,0,19.7,13.4,1.1,0,0,0,1,0,0,0,1,0
2023-08-19 07:00:00,0,8,11,19,0,21.8,13.4,0.0,0,0,1,0,0,0,0,1,0
2023-08-21 12:00:00,2,13,672,25,0,21.4,14.3,0.6,0,1,0,0,0,0,0,1,0
2023-08-23 20:00:00,0,21,369,8,0,19.5,9.3,3.6,0,0,0,0,0,0,1,1,0
2023-08-17 18:00:00,6,19,629,31,0,11.2,14.6,0.0,0,0,0,0,1,0,0,1,0
2023-08-11 15:00:00,13,16,1227,26,0,20.8,15.8,0.0,1,0,0,0,0,0,0,1,0
2023-08-15 08:00:00,7,9,369,82,0,18.4,11.2,0.9,0,0,0,0,0,1,0,1,0
2023-08-13 14:00:00,4,15,719,27,0,19.7,13.4,1.1,0,0,0,1,0,0,0,1,0
2023-08-19 00:00:00,0,1,306,14,0,21.8,13.4,0.0,0,0,1,0,0,0,0,1,0
2023-08-21 00:00:00,1,1,267,54,0,21.4,14.3,0.6,0,1,0,0,0,0,0,1,0
2023-08-23 21:00:00,0,22,345,7,0,19.5,9.3,3.6,0,0,0,0,0,0,1,1,0
2023-08-17 06:00:00,6,7,36,31,0,11.2,14.6,0.0,0,0,0,0,1,0,0,1,0
2023-08-11 17:00:00,13,18,1300,24,0,20.8,15.8,0.0,1,0,0,0,0,0,0,1,0
2023-08-15 11:00:00,6,12,652,32,0,18.4,11.2,0.9,0,0,0,0,0,1,0,1,0
2023-08-13 10:00:00,3,11,491,18,0,19.7,13.4,1.1,0,0,0,1,0,0,0,1,0
2023-08-19 01:00:00,0,2,212,14,0,21.8,13.4,0.0,0,0,1,0,0,0,0,1,0
2023-08-19 02:00:00,0,3,27,9,0,21.8,13.4,0.0,0,0,1,0,0,0,0,1,0
2023-08-19 04:00:00,0,5,4,5,0,21.8,13.4,0.0,0,0,1,0,0,0,0,1,0
2023-08-19 03:00:00,0,4,6,3,0,21.8,13.4,0.0,0,0,1,0,0,0,0,1,0
2023-08-19 12:00:00,0,13,318,1,0,21.8,13.4,0.0,0,0,1,0,0,0,0,1,0
2023-08-19 09:00:00,0,10,97,1,0,21.8,13.4,0.0,0,0,1,0,0,0,0,1,0
2023-08-19 08:00:00,0,9,49,1,0,21.8,13.4,0.0,0,0,1,0,0,0,0,1,0
2023-08-19 05:00:00,0,6,48,1,0,21.8,13.4,0.0,0,0,1,0,0,0,0,1,0
2023-08-20 11:00:00,19,12,677,91,0,21.5,14.0,0.0,0,0,0,1,0,0,0,1,0
2023-08-20 18:00:00,10,19,544,3,0,21.5,14.0,0.0,0,0,0,1,0,0,0,1,0
2023-08-20 14:00:00,9,15,783,17,0,21.5,14.0,0.0,0,0,0,1,0,0,0,1,0
2023-08-20 01:00:00,5,2,186,22,0,21.5,14.0,0.0,0,0,0,1,0,0,0,1,0
2023-08-20 13:00:00,5,14,754,20,0,21.5,14.0,0.0,0,0,0,1,0,0,0,1,0
2023-08-20 08:00:00,5,9,95,13,0,21.5,14.0,0.0,0,0,0,1,0,0,0,1,0
2023-08-20 17:00:00,5,18,746,12,0,21.5,14.0,0.0,0,0,0,1,0,0,0,1,0
2023-08-20 23:00:00,4,0,231,63,0,21.5,14.0,0.0,0,0,0,1,0,0,0,1,0
2023-08-20 16:00:00,4,17,982,12,0,21.5,14.0,0.0,0,0,0,1,0,0,0,1,0
2023-08-20 12:00:00,3,13,751,34,0,21.5,14.0,0.0,0,0,0,1,0,0,0,1,0
2023-08-20 22:00:00,3,23,299,19,0,21.5,14.0,0.0,0,0,0,1,0,0,0,1,0
2023-08-20 21:00:00,3,22,309,13,0,21.5,14.0,0.0,0,0,0,1,0,0,0,1,0
2023-08-20 02:00:00,2,3,113,33,0,21.5,14.0,0.0,0,0,0,1,0,0,0,1,0
2023-08-20 19:00:00,2,20,511,11,0,21.5,14.0,0.0,0,0,0,1,0,0,0,1,0
2023-08-20 04:00:00,1,5,25,16,0,21.5,14.0,0.0,0,0,0,1,0,0,0,1,0
2023-08-20 20:00:00,1,21,405,11,0,21.5,14.0,0.0,0,0,0,1,0,0,0,1,0
2023-08-20 09:00:00,1,10,139,5,0,21.5,14.0,0.0,0,0,0,1,0,0,0,1,0
2023-08-20 07:00:00,1,8,21,5,0,21.5,14.0,0.0,0,0,0,1,0,0,0,1,0
2023-08-20 05:00:00,1,6,16,5,0,21.5,14.0,0.0,0,0,0,1,0,0,0,1,0
2023-08-20 06:00:00,1,7,15,2,0,21.5,14.0,0.0,0,0,0,1,0,0,0,1,0
2023-08-20 00:00:00,0,1,311,69,0,21.5,14.0,0.0,0,0,0,1,0,0,0,1,0
2023-08-20 15:00:00,0,16,741,24,0,21.5,14.0,0.0,0,0,0,1,0,0,0,1,0
2023-08-20 03:00:00,0,4,33,16,0,21.5,14.0,0.0,0,0,0,1,0,0,0,1,0
2023-08-20 10:00:00,0,11,316,3,0,21.5,14.0,0.0,0,0,0,1,0,0,0,1,0
2023-08-21 19:00:00,31,20,826,155,0,21.4,14.3,0.6,0,1,0,0,0,0,0,1,0
2023-08-21 17:00:00,27,18,1152,250,0,21.4,14.3,0.6,0,1,0,0,0,0,0,1,0
2023-08-21 18:00:00,20,19,1067,218,0,21.4,14.3,0.6,0,1,0,0,0,0,0,1,0
2023-08-21 08:00:00,18,9,303,91,0,21.4,14.3,0.6,0,1,0,0,0,0,0,1,0
2023-08-21 16:00:00,17,17,698,191,0,21.4,14.3,0.6,0,1,0,0,0,0,0,1,0
2023-08-21 20:00:00,17,21,715,158,0,21.4,14.3,0.6,0,1,0,0,0,0,0,1,0
2023-08-21 15:00:00,14,16,805,188,0,21.4,14.3,0.6,0,1,0,0,0,0,0,1,0
2023-08-21 09:00:00,10,10,428,139,0,21.4,14.3,0.6,0,1,0,0,0,0,0,1,0
2023-08-21 21:00:00,9,22,377,120,0,21.4,14.3,0.6,0,1,0,0,0,0,0,1,0
2023-08-21 07:00:00,9,8,121,65,0,21.4,14.3,0.6,0,1,0,0,0,0,0,1,0
2023-08-21 22:00:00,6,23,248,109,0,21.4,14.3,0.6,0,1,0,0,0,0,0,1,0
2023-08-17 15:00:00,3,16,796,23,0,11.2,14.6,0.0,0,0,0,0,1,0,0,1,0
2023-08-15 14:00:00,6,15,810,20,0,18.4,11.2,0.9,0,0,0,0,0,1,0,1,0
2023-08-13 20:00:00,3,21,276,18,0,19.7,13.4,1.1,0,0,0,1,0,0,0,1,0
2023-08-23 22:00:00,0,23,243,6,0,19.5,9.3,3.6,0,0,0,0,0,0,1,1,0
2023-08-11 14:00:00,11,15,1313,23,0,20.8,15.8,0.0,1,0,0,0,0,0,0,1,0
2023-08-17 03:00:00,3,4,24,19,0,11.2,14.6,0.0,0,0,0,0,1,0,0,1,0
2023-08-21 02:00:00,1,3,56,35,0,21.4,14.3,0.6,0,1,0,0,0,0,0,1,0
2023-08-15 07:00:00,5,8,147,83,0,18.4,11.2,0.9,0,0,0,0,0,1,0,1,0
2023-08-13 13:00:00,3,14,805,16,0,19.7,13.4,1.1,0,0,0,1,0,0,0,1,0
2023-08-23 04:00:00,0,5,28,3,0,19.5,9.3,3.6,0,0,0,0,0,0,1,1,0
2023-08-11 16:00:00,11,17,1239,18,0,20.8,15.8,0.0,1,0,0,0,0,0,0,1,0
2023-08-17 20:00:00,2,21,403,24,0,11.2,14.6,0.0,0,0,0,0,1,0,0,1,0
2023-08-21 14:00:00,1,15,727,18,0,21.4,14.3,0.6,0,1,0,0,0,0,0,1,0
2023-08-15 12:00:00,5,13,756,25,0,18.4,11.2,0.9,0,0,0,0,0,1,0,1,0
2023-08-13 23:00:00,2,0,199,15,0,19.7,13.4,1.1,0,0,0,1,0,0,0,1,0
2023-08-13 00:00:00,2,1,337,12,0,19.7,13.4,1.1,0,0,0,1,0,0,0,1,0
2023-08-13 07:00:00,2,8,41,8,0,19.7,13.4,1.1,0,0,0,1,0,0,0,1,0
2023-08-13 08:00:00,1,9,129,98,0,19.7,13.4,1.1,0,0,0,1,0,0,0,1,0
2023-08-13 21:00:00,1,22,319,25,0,19.7,13.4,1.1,0,0,0,1,0,0,0,1,0
2023-08-13 03:00:00,1,4,47,6,0,19.7,13.4,1.1,0,0,0,1,0,0,0,1,0
2023-08-13 04:00:00,1,5,16,3,0,19.7,13.4,1.1,0,0,0,1,0,0,0,1,0
2023-08-13 05:00:00,1,6,20,1,0,19.7,13.4,1.1,0,0,0,1,0,0,0,1,0
2023-08-13 01:00:00,0,2,150,13,0,19.7,13.4,1.1,0,0,0,1,0,0,0,1,0
2023-08-13 02:00:00,0,3,70,6,0,19.7,13.4,1.1,0,0,0,1,0,0,0,1,0
2023-08-13 06:00:00,0,7,23,4,0,19.7,13.4,1.1,0,0,0,1,0,0,0,1,0
2023-08-14 08:00:00,29,9,292,96,0,20.6,13.5,0.0,0,1,0,0,0,0,0,1,0
2023-08-14 12:00:00,18,13,604,331,0,20.6,13.5,0.0,0,1,0,0,0,0,0,1,0
2023-08-14 19:00:00,17,20,221,1149,0,20.6,13.5,0.0,0,1,0,0,0,0,0,1,0
2023-08-14 13:00:00,17,14,568,272,0,20.6,13.5,0.0,0,1,0,0,0,0,0,1,0
2023-08-14 10:00:00,17,11,573,251,0,20.6,13.5,0.0,0,1,0,0,0,0,0,1,0
2023-08-14 14:00:00,16,15,520,309,0,20.6,13.5,0.0,0,1,0,0,0,0,0,1,0
2023-08-14 15:00:00,15,16,546,288,0,20.6,13.5,0.0,0,1,0,0,0,0,0,1,0
2023-08-14 16:00:00,15,17,467,246,0,20.6,13.5,0.0,0,1,0,0,0,0,0,1,0
2023-08-14 07:00:00,15,8,110,71,0,20.6,13.5,0.0,0,1,0,0,0,0,0,1,0
2023-08-14 09:00:00,13,10,473,103,0,20.6,13.5,0.0,0,1,0,0,0,0,0,1,0
2023-08-14 11:00:00,10,12,390,250,0,20.6,13.5,0.0,0,1,0,0,0,0,0,1,0
2023-08-14 06:00:00,6,7,46,37,0,20.6,13.5,0.0,0,1,0,0,0,0,0,1,0
2023-08-14 20:00:00,5,21,207,31,0,20.6,13.5,0.0,0,1,0,0,0,0,0,1,0
2023-08-14 21:00:00,4,22,224,6,0,20.6,13.5,0.0,0,1,0,0,0,0,0,1,0
2023-08-14 17:00:00,3,18,305,195,0,20.6,13.5,0.0,0,1,0,0,0,0,0,1,0
2023-08-14 05:00:00,2,6,15,24,0,20.6,13.5,0.0,0,1,0,0,0,0,0,1,0
2023-08-14 00:00:00,2,1,188,11,0,20.6,13.5,0.0,0,1,0,0,0,0,0,1,0
2023-08-14 22:00:00,2,23,139,10,0,20.6,13.5,0.0,0,1,0,0,0,0,0,1,0
2023-08-14 01:00:00,2,2,120,4,0,20.6,13.5,0.0,0,1,0,0,0,0,0,1,0
2023-08-14 03:00:00,1,4,15,15,0,20.6,13.5,0.0,0,1,0,0,0,0,0,1,0
2023-08-14 18:00:00,0,19,351,181,0,20.6,13.5,0.0,0,1,0,0,0,0,0,1,0
2023-08-14 04:00:00,0,5,3,16,0,20.6,13.5,0.0,0,1,0,0,0,0,0,1,0
2023-08-14 23:00:00,0,0,90,8,0,20.6,13.5,0.0,0,1,0,0,0,0,0,1,0
2023-08-14 02:00:00,0,3,74,2,0,20.6,13.5,0.0,0,1,0,0,0,0,0,1,0
2023-08-15 17:00:00,27,18,693,2062,0,18.4,11.2,0.9,0,0,0,0,0,1,0,1,0
2023-08-15 19:00:00,25,20,544,1159,0,18.4,11.2,0.9,0,0,0,0,0,1,0,1,0
2023-08-15 16:00:00,23,17,661,1631,0,18.4,11.2,0.9,0,0,0,0,0,1,0,1,0
2023-08-15 22:00:00,22,23,197,61,0,18.4,11.2,0.9,0,0,0,0,0,1,0,1,0
2023-08-15 21:00:00,19,22,293,146,0,18.4,11.2,0.9,0,0,0,0,0,1,0,1,0
2023-08-15 10:00:00,4,11,641,50,0,18.4,11.2,0.9,0,0,0,0,0,1,0,1,0
2023-08-23 02:00:00,0,3,94,2,0,19.5,9.3,3.6,0,0,0,0,0,0,1,1,0
2023-08-21 13:00:00,1,14,726,16,0,21.4,14.3,0.6,0,1,0,0,0,0,0,1,0
2023-08-17 19:00:00,2,20,412,13,0,11.2,14.6,0.0,0,0,0,0,1,0,0,1,0
2023-08-15 06:00:00,4,7,35,35,0,18.4,11.2,0.9,0,0,0,0,0,1,0,1,0
2023-08-11 07:00:00,10,8,110,83,0,20.8,15.8,0.0,1,0,0,0,0,0,0,1,0
2023-08-23 05:00:00,0,6,21,2,0,19.5,9.3,3.6,0,0,0,0,0,0,1,1,0
2023-08-21 05:00:00,0,6,16,4,0,21.4,14.3,0.6,0,1,0,0,0,0,0,1,0
2023-08-17 02:00:00,1,3,102,24,0,11.2,14.6,0.0,0,0,0,0,1,0,0,1,0
2023-08-15 09:00:00,4,10,437,29,0,18.4,11.2,0.9,0,0,0,0,0,1,0,1,0
2023-08-11 18:00:00,9,19,1322,27,0,20.8,15.8,0.0,1,0,0,0,0,0,0,1,0
2023-08-24 13:00:00,14,14,779,5,0,17.9,12.1,0.0,0,0,0,0,1,0,0,1,0
2023-08-21 03:00:00,0,4,23,1,0,21.4,14.3,0.6,0,1,0,0,0,0,0,1,0
2023-08-17 22:00:00,1,23,286,15,0,11.2,14.6,0.0,0,0,0,0,1,0,0,1,0
2023-08-15 04:00:00,4,5,19,17,0,18.4,11.2,0.9,0,0,0,0,0,1,0,1,0
2023-08-11 13:00:00,8,14,1095,10,0,20.8,15.8,0.0,1,0,0,0,0,0,0,1,0
2023-08-24 12:00:00,14,13,835,4,0,17.9,12.1,0.0,0,0,0,0,1,0,0,1,0
2023-08-21 04:00:00,0,5,13,1,0,21.4,14.3,0.6,0,1,0,0,0,0,0,1,0
2023-08-22 12:00:00,24,13,924,6,0,18.0,15.6,0.7,0,0,0,0,0,1,0,1,0
2023-08-22 23:00:00,19,0,215,88,0,18.0,15.6,0.7,0,0,0,0,0,1,0,1,0
2023-08-22 22:00:00,16,23,321,81,0,18.0,15.6,0.7,0,0,0,0,0,1,0,1,0
2023-08-22 19:00:00,14,20,524,17,0,18.0,15.6,0.7,0,0,0,0,0,1,0,1,0
2023-08-22 17:00:00,14,18,897,4,0,18.0,15.6,0.7,0,0,0,0,0,1,0,1,0
2023-08-22 20:00:00,12,21,371,31,0,18.0,15.6,0.7,0,0,0,0,0,1,0,1,0
2023-08-22 08:00:00,12,9,433,13,0,18.0,15.6,0.7,0,0,0,0,0,1,0,1,0
2023-08-22 14:00:00,11,15,753,5,0,18.0,15.6,0.7,0,0,0,0,0,1,0,1,0
2023-08-22 18:00:00,9,19,602,10,0,18.0,15.6,0.7,0,0,0,0,0,1,0,1,0
2023-08-22 16:00:00,9,17,900,7,0,18.0,15.6,0.7,0,0,0,0,0,1,0,1,0
2023-08-22 13:00:00,9,14,1004,4,0,18.0,15.6,0.7,0,0,0,0,0,1,0,1,0
2023-08-22 15:00:00,9,16,752,2,0,18.0,15.6,0.7,0,0,0,0,0,1,0,1,0
2023-08-22 21:00:00,7,22,317,29,0,18.0,15.6,0.7,0,0,0,0,0,1,0,1,0
2023-08-22 09:00:00,7,10,472,25,0,18.0,15.6,0.7,0,0,0,0,0,1,0,1,0
2023-08-22 00:00:00,3,1,119,62,0,18.0,15.6,0.7,0,0,0,0,0,1,0,1,0
2023-08-22 11:00:00,3,12,539,5,0,18.0,15.6,0.7,0,0,0,0,0,1,0,1,0
2023-08-22 06:00:00,3,7,37,2,0,18.0,15.6,0.7,0,0,0,0,0,1,0,1,0
2023-08-22 01:00:00,2,2,66,30,0,18.0,15.6,0.7,0,0,0,0,0,1,0,1,0
2023-08-22 02:00:00,1,3,55,42,0,18.0,15.6,0.7,0,0,0,0,0,1,0,1,0
2023-08-22 10:00:00,1,11,592,19,0,18.0,15.6,0.7,0,0,0,0,0,1,0,1,0
2023-08-22 05:00:00,1,6,11,3,0,18.0,15.6,0.7,0,0,0,0,0,1,0,1,0
2023-08-22 03:00:00,0,4,18,14,0,18.0,15.6,0.7,0,0,0,0,0,1,0,1,0
2023-08-22 07:00:00,0,8,125,8,0,18.0,15.6,0.7,0,0,0,0,0,1,0,1,0
2023-08-22 04:00:00,0,5,16,4,0,18.0,15.6,0.7,0,0,0,0,0,1,0,1,0
2023-08-23 14:00:00,13,15,794,5,0,19.5,9.3,3.6,0,0,0,0,0,0,1,1,0
2023-08-23 17:00:00,10,18,848,3,0,19.5,9.3,3.6,0,0,0,0,0,0,1,1,0
2023-08-23 13:00:00,10,14,756,3,0,19.5,9.3,3.6,0,0,0,0,0,0,1,1,0
2023-08-23 08:00:00,8,9,355,14,0,19.5,9.3,3.6,0,0,0,0,0,0,1,1,0
2023-08-23 00:00:00,7,1,380,56,0,19.5,9.3,3.6,0,0,0,0,0,0,1,1,0
2023-08-23 11:00:00,7,12,614,6,0,19.5,9.3,3.6,0,0,0,0,0,0,1,1,0
2023-08-23 18:00:00,7,19,534,5,0,19.5,9.3,3.6,0,0,0,0,0,0,1,1,0
2023-08-23 10:00:00,6,11,498,9,0,19.5,9.3,3.6,0,0,0,0,0,0,1,1,0
2023-08-23 16:00:00,6,17,838,4,0,19.5,9.3,3.6,0,0,0,0,0,0,1,1,0
2023-08-23 09:00:00,5,10,433,15,0,19.5,9.3,3.6,0,0,0,0,0,0,1,1,0
2023-08-23 07:00:00,5,8,126,2,0,19.5,9.3,3.6,0,0,0,0,0,0,1,1,0
2023-08-23 06:00:00,5,7,39,2,0,19.5,9.3,3.6,0,0,0,0,0,0,1,1,0
2023-08-23 15:00:00,5,16,743,1,0,19.5,9.3,3.6,0,0,0,0,0,0,1,1,0
2023-08-24 14:00:00,12,15,674,6,0,17.9,12.1,0.0,0,0,0,0,1,0,0,1,0
2023-08-11 22:00:00,7,23,678,190,0,20.8,15.8,0.0,1,0,0,0,0,0,0,1,0
2023-08-15 05:00:00,2,6,11,21,0,18.4,11.2,0.9,0,0,0,0,0,1,0,1,0
2023-08-24 18:00:00,11,19,703,9,0,17.9,12.1,0.0,0,0,0,0,1,0,0,1,0
2023-08-11 06:00:00,4,7,44,14,0,20.8,15.8,0.0,1,0,0,0,0,0,0,1,0
2023-08-15 03:00:00,2,4,18,17,0,18.4,11.2,0.9,0,0,0,0,0,1,0,1,0
2023-08-24 15:00:00,10,16,699,8,0,17.9,12.1,0.0,0,0,0,0,1,0,0,1,0
2023-08-11 10:00:00,4,11,667,9,0,20.8,15.8,0.0,1,0,0,0,0,0,0,1,0
2023-08-15 01:00:00,0,2,100,4,0,18.4,11.2,0.9,0,0,0,0,0,1,0,1,0
2023-08-24 11:00:00,10,12,680,6,0,17.9,12.1,0.0,0,0,0,0,1,0,0,1,0
2023-08-11 19:00:00,2,20,882,30,0,20.8,15.8,0.0,1,0,0,0,0,0,0,1,0
2023-08-15 02:00:00,0,3,66,4,0,18.4,11.2,0.9,0,0,0,0,0,1,0,1,0
2023-08-24 17:00:00,10,18,783,2,0,17.9,12.1,0.0,0,0,0,0,1,0,0,1,0
2023-08-17 00:00:00,1,1,221,9,0,11.2,14.6,0.0,0,0,0,0,1,0,0,1,0
2023-08-11 05:00:00,1,6,15,5,0,20.8,15.8,0.0,1,0,0,0,0,0,0,1,0
2023-08-15 00:00:00,0,1,164,3,0,18.4,11.2,0.9,0,0,0,0,0,1,0,1,0
2023-08-24 16:00:00,9,17,784,1,0,17.9,12.1,0.0,0,0,0,0,1,0,0,1,0
2023-08-17 01:00:00,1,2,116,5,0,11.2,14.6,0.0,0,0,0,0,1,0,0,1,0
2023-08-11 00:00:00,0,1,253,14,0,20.8,15.8,0.0,1,0,0,0,0,0,0,1,0
2023-08-16 17:00:00,15,18,714,20,0,17.7,13.9,0.2,0,0,0,0,0,0,1,1,0
2023-08-16 12:00:00,14,13,863,14,0,17.7,13.9,0.2,0,0,0,0,0,0,1,1,0
2023-08-16 14:00:00,12,15,860,34,0,17.7,13.9,0.2,0,0,0,0,0,0,1,1,0
2023-08-16 06:00:00,10,7,49,46,0,17.7,13.9,0.2,0,0,0,0,0,0,1,1,0
2023-08-16 13:00:00,10,14,921,31,0,17.7,13.9,0.2,0,0,0,0,0,0,1,1,0
2023-08-16 07:00:00,9,8,137,31,0,17.7,13.9,0.2,0,0,0,0,0,0,1,1,0
2023-08-16 08:00:00,7,9,400,44,0,17.7,13.9,0.2,0,0,0,0,0,0,1,1,0
2023-08-16 19:00:00,7,20,607,27,0,17.7,13.9,0.2,0,0,0,0,0,0,1,1,0
2023-08-16 05:00:00,6,6,27,34,0,17.7,13.9,0.2,0,0,0,0,0,0,1,1,0
2023-08-16 20:00:00,6,21,665,18,0,17.7,13.9,0.2,0,0,0,0,0,0,1,1,0
2023-08-16 09:00:00,5,10,412,26,0,17.7,13.9,0.2,0,0,0,0,0,0,1,1,0
2023-08-16 16:00:00,5,17,724,13,0,17.7,13.9,0.2,0,0,0,0,0,0,1,1,0
2023-08-16 21:00:00,4,22,443,29,0,17.7,13.9,0.2,0,0,0,0,0,0,1,1,0
2023-08-16 11:00:00,3,12,714,35,0,17.7,13.9,0.2,0,0,0,0,0,0,1,1,0
2023-08-16 00:00:00,3,1,136,30,0,17.7,13.9,0.2,0,0,0,0,0,0,1,1,0
2023-08-16 18:00:00,3,19,478,23,0,17.7,13.9,0.2,0,0,0,0,0,0,1,1,0
2023-08-16 10:00:00,3,11,616,12,0,17.7,13.9,0.2,0,0,0,0,0,0,1,1,0
2023-08-16 01:00:00,2,2,89,31,0,17.7,13.9,0.2,0,0,0,0,0,0,1,1,0
2023-08-16 23:00:00,2,0,170,8,0,17.7,13.9,0.2,0,0,0,0,0,0,1,1,0
2023-08-16 03:00:00,1,4,12,26,0,17.7,13.9,0.2,0,0,0,0,0,0,1,1,0
2023-08-16 15:00:00,1,16,782,9,0,17.7,13.9,0.2,0,0,0,0,0,0,1,1,0
2023-08-16 22:00:00,1,23,257,7,0,17.7,13.9,0.2,0,0,0,0,0,0,1,1,0
2023-08-16 02:00:00,0,3,45,26,0,17.7,13.9,0.2,0,0,0,0,0,0,1,1,0
2023-08-16 04:00:00,0,5,9,15,0,17.7,13.9,0.2,0,0,0,0,0,0,1,1,0
2023-08-17 11:00:00,31,12,645,193,0,11.2,14.6,0.0,0,0,0,0,1,0,0,1,0
2023-08-17 09:00:00,29,10,485,130,0,11.2,14.6,0.0,0,0,0,0,1,0,0,1,0
2023-08-17 12:00:00,28,13,750,177,0,11.2,14.6,0.0,0,0,0,0,1,0,0,1,0
2023-08-17 13:00:00,21,14,962,160,0,11.2,14.6,0.0,0,0,0,0,1,0,0,1,0
2023-08-17 10:00:00,20,11,679,201,0,11.2,14.6,0.0,0,0,0,0,1,0,0,1,0
2023-08-17 08:00:00,17,9,323,88,0,11.2,14.6,0.0,0,0,0,0,1,0,0,1,0
2023-08-17 14:00:00,16,15,847,16,0,11.2,14.6,0.0,0,0,0,0,1,0,0,1,0
2023-08-11 01:00:00,0,2,160,10,0,20.8,15.8,0.0,1,0,0,0,0,0,0,1,0
2023-08-17 23:00:00,0,0,175,11,0,11.2,14.6,0.0,0,0,0,0,1,0,0,1,0
2023-08-24 08:00:00,8,9,313,9,0,17.9,12.1,0.0,0,0,0,0,1,0,0,1,0
2023-08-11 02:00:00,0,3,106,10,0,20.8,15.8,0.0,1,0,0,0,0,0,0,1,0
2023-08-17 04:00:00,0,5,16,6,0,11.2,14.6,0.0,0,0,0,0,1,0,0,1,0
2023-08-24 19:00:00,5,20,429,21,0,17.9,12.1,0.0,0,0,0,0,1,0,0,1,0
2023-08-11 03:00:00,0,4,7,6,0,20.8,15.8,0.0,1,0,0,0,0,0,0,1,0
2023-08-18 09:00:00,29,10,613,154,0,20.9,13.2,9.7,1,0,0,0,0,0,0,1,0
2023-08-24 10:00:00,5,11,529,6,0,17.9,12.1,0.0,0,0,0,0,1,0,0,1,0
2023-08-11 04:00:00,0,5,6,3,0,20.8,15.8,0.0,1,0,0,0,0,0,0,1,0
2023-08-18 08:00:00,28,9,318,113,0,20.9,13.2,9.7,1,0,0,0,0,0,0,1,0
2023-08-24 21:00:00,2,22,482,26,0,17.9,12.1,0.0,0,0,0,0,1,0,0,1,0
2023-08-12 13:00:00,28,14,1254,153,0,19.7,15.4,11.4,0,0,1,0,0,0,0,1,0
2023-08-18 10:00:00,25,11,846,186,0,20.9,13.2,9.7,1,0,0,0,0,0,0,1,0
2023-08-24 07:00:00,2,8,137,24,0,17.9,12.1,0.0,0,0,0,0,1,0,0,1,0
2023-08-12 10:00:00,26,11,762,166,0,19.7,15.4,11.4,0,0,1,0,0,0,0,1,0
2023-08-18 19:00:00,14,20,541,99,0,20.9,13.2,9.7,1,0,0,0,0,0,0,1,0
2023-08-24 06:00:00,2,7,30,23,0,17.9,12.1,0.0,0,0,0,0,1,0,0,1,0
2023-08-12 11:00:00,17,12,1132,129,0,19.7,15.4,11.4,0,0,1,0,0,0,0,1,0
2023-08-18 22:00:00,14,23,501,90,0,20.9,13.2,9.7,1,0,0,0,0,0,0,1,0
2023-08-24 22:00:00,2,23,346,21,0,17.9,12.1,0.0,0,0,0,0,1,0,0,1,0
2023-08-12 09:00:00,17,10,376,112,0,19.7,15.4,11.4,0,0,1,0,0,0,0,1,0
2023-08-18 21:00:00,13,22,452,145,0,20.9,13.2,9.7,1,0,0,0,0,0,0,1,0
2023-08-24 03:00:00,2,4,99,15,0,17.9,12.1,0.0,0,0,0,0,1,0,0,1,0
2023-08-12 14:00:00,15,15,1357,55,0,19.7,15.4,11.4,0,0,1,0,0,0,0,1,0
2023-08-18 11:00:00,13,12,632,87,0,20.9,13.2,9.7,1,0,0,0,0,0,0,1,0
2023-08-24 09:00:00,2,10,370,6,0,17.9,12.1,0.0,0,0,0,0,1,0,0,1,0
2023-08-24 20:00:00,1,21,424,26,0,17.9,12.1,0.0,0,0,0,0,1,0,0,1,0
2023-08-24 23:00:00,1,0,373,13,0,17.9,12.1,0.0,0,0,0,0,1,0,0,1,0
2023-08-24 00:00:00,1,1,229,8,0,17.9,12.1,0.0,0,0,0,0,1,0,0,1,0
2023-08-24 02:00:00,0,3,103,23,0,17.9,12.1,0.0,0,0,0,0,1,0,0,1,0
2023-08-24 04:00:00,0,5,16,15,0,17.9,12.1,0.0,0,0,0,0,1,0,0,1,0
2023-08-24 05:00:00,0,6,32,14,0,17.9,12.1,0.0,0,0,0,0,1,0,0,1,0
2023-08-24 01:00:00,0,2,112,6,0,17.9,12.1,0.0,0,0,0,0,1,0,0,1,0
2023-08-25 17:00:00,24,18,810,288,0,18.5,8.9,0.0,1,0,0,0,0,0,0,1,0
2023-08-25 11:00:00,18,12,772,93,0,18.5,8.9,0.0,1,0,0,0,0,0,0,1,0
2023-08-25 09:00:00,17,10,412,133,0,18.5,8.9,0.0,1,0,0,0,0,0,0,1,0
2023-08-25 18:00:00,16,19,717,228,0,18.5,8.9,0.0,1,0,0,0,0,0,0,1,0
2023-08-25 16:00:00,16,17,891,98,0,18.5,8.9,0.0,1,0,0,0,0,0,0,1,0
2023-08-25 08:00:00,15,9,359,82,0,18.5,8.9,0.0,1,0,0,0,0,0,0,1,0
2023-08-25 12:00:00,12,13,908,17,0,18.5,8.9,0.0,1,0,0,0,0,0,0,1,0
2023-08-25 13:00:00,10,14,1096,18,0,18.5,8.9,0.0,1,0,0,0,0,0,0,1,0
2023-08-25 19:00:00,10,20,570,10,0,18.5,8.9,0.0,1,0,0,0,0,0,0,1,0
2023-08-25 10:00:00,9,11,676,193,0,18.5,8.9,0.0,1,0,0,0,0,0,0,1,0
2023-08-25 07:00:00,7,8,114,66,0,18.5,8.9,0.0,1,0,0,0,0,0,0,1,0
2023-08-25 06:00:00,6,7,23,27,0,18.5,8.9,0.0,1,0,0,0,0,0,0,1,0
2023-08-25 15:00:00,6,16,888,13,0,18.5,8.9,0.0,1,0,0,0,0,0,0,1,0
2023-08-25 20:00:00,4,21,414,89,0,18.5,8.9,0.0,1,0,0,0,0,0,0,1,0
2023-08-25 22:00:00,4,23,479,81,0,18.5,8.9,0.0,1,0,0,0,0,0,0,1,0
2023-08-18 07:00:00,13,8,94,56,0,20.9,13.2,9.7,1,0,0,0,0,0,0,1,0
2023-08-12 08:00:00,12,9,234,83,0,19.7,15.4,11.4,0,0,1,0,0,0,0,1,0
2023-08-18 15:00:00,12,16,901,12,0,20.9,13.2,9.7,1,0,0,0,0,0,0,1,0
2023-08-12 18:00:00,8,19,1530,184,0,19.7,15.4,11.4,0,0,1,0,0,0,0,1,0
2023-08-18 20:00:00,9,21,731,104,0,20.9,13.2,9.7,1,0,0,0,0,0,0,1,0
2023-08-12 19:00:00,5,20,1234,115,0,19.7,15.4,11.4,0,0,1,0,0,0,0,1,0
2023-08-18 17:00:00,9,18,876,34,0,20.9,13.2,9.7,1,0,0,0,0,0,0,1,0
2023-08-12 23:00:00,4,0,791,13,0,19.7,15.4,11.4,0,0,1,0,0,0,0,1,0
2023-08-18 06:00:00,8,7,34,47,0,20.9,13.2,9.7,1,0,0,0,0,0,0,1,0
2023-08-12 12:00:00,3,13,928,124,0,19.7,15.4,11.4,0,0,1,0,0,0,0,1,0
2023-08-18 12:00:00,6,13,1033,18,0,20.9,13.2,9.7,1,0,0,0,0,0,0,1,0
2023-08-12 21:00:00,3,22,625,38,0,19.7,15.4,11.4,0,0,1,0,0,0,0,1,0
2023-08-18 18:00:00,5,19,851,24,0,20.9,13.2,9.7,1,0,0,0,0,0,0,1,0
2023-08-12 00:00:00,3,1,689,20,0,19.7,15.4,11.4,0,0,1,0,0,0,0,1,0
2023-08-18 14:00:00,5,15,909,13,0,20.9,13.2,9.7,1,0,0,0,0,0,0,1,0
2023-08-12 01:00:00,3,2,365,19,0,19.7,15.4,11.4,0,0,1,0,0,0,0,1,0
2023-08-18 16:00:00,5,17,953,11,0,20.9,13.2,9.7,1,0,0,0,0,0,0,1,0
2023-08-12 02:00:00,3,3,161,16,0,19.7,15.4,11.4,0,0,1,0,0,0,0,1,0
2023-08-18 00:00:00,4,1,239,16,0,20.9,13.2,9.7,1,0,0,0,0,0,0,1,0
2023-08-12 07:00:00,3,8,70,16,0,19.7,15.4,11.4,0,0,1,0,0,0,0,1,0
2023-08-18 05:00:00,3,6,12,27,0,20.9,13.2,9.7,1,0,0,0,0,0,0,1,0
2023-08-12 17:00:00,3,18,1360,3,0,19.7,15.4,11.4,0,0,1,0,0,0,0,1,0
2023-08-18 13:00:00,1,14,956,8,0,20.9,13.2,9.7,1,0,0,0,0,0,0,1,0
2023-08-12 20:00:00,2,21,555,27,0,19.7,15.4,11.4,0,0,1,0,0,0,0,1,0
2023-08-18 02:00:00,1,3,88,5,0,20.9,13.2,9.7,1,0,0,0,0,0,0,1,0
2023-08-12 22:00:00,2,23,667,16,0,19.7,15.4,11.4,0,0,1,0,0,0,0,1,0
2023-08-18 23:00:00,0,0,365,31,0,20.9,13.2,9.7,1,0,0,0,0,0,0,1,0
2023-08-12 15:00:00,2,16,1075,7,0,19.7,15.4,11.4,0,0,1,0,0,0,0,1,0
2023-08-18 04:00:00,0,5,31,3,0,20.9,13.2,9.7,1,0,0,0,0,0,0,1,0
2023-08-12 04:00:00,2,5,16,3,0,19.7,15.4,11.4,0,0,1,0,0,0,0,1,0
2023-08-18 03:00:00,0,4,10,3,0,20.9,13.2,9.7,1,0,0,0,0,0,0,1,0
2023-08-12 03:00:00,1,4,52,4,0,19.7,15.4,11.4,0,0,1,0,0,0,0,1,0
2023-08-18 01:00:00,0,2,136,2,0,20.9,13.2,9.7,1,0,0,0,0,0,0,1,0
2023-08-12 16:00:00,1,17,1311,3,0,19.7,15.4,11.4,0,0,1,0,0,0,0,1,0
2023-08-19 21:00:00,4,22,757,18,0,21.8,13.4,0.0,0,0,1,0,0,0,0,1,0
2023-08-19 18:00:00,4,19,356,9,0,21.8,13.4,0.0,0,0,1,0,0,0,0,1,0
2023-08-19 15:00:00,4,16,593,4,0,21.8,13.4,0.0,0,0,1,0,0,0,0,1,0
2023-08-19 23:00:00,3,0,512,29,0,21.8,13.4,0.0,0,0,1,0,0,0,0,1,0
2023-08-19 22:00:00,3,23,831,17,0,21.8,13.4,0.0,0,0,1,0,0,0,0,1,0
2023-08-19 14:00:00,3,15,328,5,0,21.8,13.4,0.0,0,0,1,0,0,0,0,1,0
2023-08-19 16:00:00,3,17,519,1,0,21.8,13.4,0.0,0,0,1,0,0,0,0,1,0
2023-08-19 13:00:00,3,14,249,1,0,21.8,13.4,0.0,0,0,1,0,0,0,0,1,0
2023-08-19 17:00:00,1,18,444,9,0,21.8,13.4,0.0,0,0,1,0,0,0,0,1,0
2023-08-12 05:00:00,1,6,26,1,0,19.7,15.4,11.4,0,0,1,0,0,0,0,1,0
2023-08-12 06:00:00,0,7,28,2,0,19.7,15.4,11.4,0,0,1,0,0,0,0,1,0
2023-08-13 15:00:00,20,16,723,99,0,19.7,13.4,1.1,0,0,0,1,0,0,0,1,0
2023-08-13 16:00:00,8,17,789,20,0,19.7,13.4,1.1,0,0,0,1,0,0,0,1,0
2023-08-13 17:00:00,8,18,574,13,0,19.7,13.4,1.1,0,0,0,1,0,0,0,1,0
2023-08-31 03:00:00,1,4,7,9,0,17.8,7.5,0.0,0,0,0,0,1,0,0,1,0
2023-08-27 23:00:00,2,0,308,38,0,18.6,5.5,4.8,0,0,0,1,0,0,0,1,0
2023-08-29 04:00:00,1,5,34,26,0,19.0,10.5,0.0,0,0,0,0,0,1,0,1,0
2023-08-31 01:00:00,0,2,85,52,0,17.8,7.5,0.0,0,0,0,0,1,0,0,1,0
2023-08-31 04:00:00,0,5,19,22,0,17.8,7.5,0.0,0,0,0,0,1,0,0,1,0
2023-08-27 21:00:00,2,22,334,27,0,18.6,5.5,4.8,0,0,0,1,0,0,0,1,0
2023-08-29 01:00:00,1,2,62,21,0,19.0,10.5,0.0,0,0,0,0,0,1,0,1,0
2023-08-27 20:00:00,2,21,399,18,0,18.6,5.5,4.8,0,0,0,1,0,0,0,1,0
2023-08-29 02:00:00,0,3,51,25,0,19.0,10.5,0.0,0,0,0,0,0,1,0,1,0
2023-08-27 03:00:00,1,4,20,29,0,18.6,5.5,4.8,0,0,0,1,0,0,0,1,0
2023-08-29 21:00:00,0,22,241,8,0,19.0,10.5,0.0,0,0,0,0,0,1,0,1,0
2023-08-27 05:00:00,1,6,32,20,0,18.6,5.5,4.8,0,0,0,1,0,0,0,1,0
2023-08-29 03:00:00,0,4,70,3,0,19.0,10.5,0.0,0,0,0,0,0,1,0,1,0
2023-08-27 19:00:00,1,20,460,12,0,18.6,5.5,4.8,0,0,0,1,0,0,0,1,0
2023-08-30 08:00:00,20,9,352,116,0,17.9,7.7,0.0,0,0,0,0,0,0,1,1,0
2023-08-27 00:00:00,0,1,526,6,0,18.6,5.5,4.8,0,0,0,1,0,0,0,1,0
2023-08-30 14:00:00,15,15,866,150,0,17.9,7.7,0.0,0,0,0,0,0,0,1,1,0
2023-08-28 17:00:00,27,18,663,175,0,18.2,8.5,0.0,0,1,0,0,0,0,0,1,0
2023-08-30 17:00:00,15,18,700,4,0,17.9,7.7,0.0,0,0,0,0,0,0,1,1,0
2023-08-30 10:00:00,14,11,621,66,0,17.9,7.7,0.0,0,0,0,0,0,0,1,1,0
2023-08-30 23:00:00,10,0,157,76,0,17.9,7.7,0.0,0,0,0,0,0,0,1,1,0
2023-08-30 07:00:00,10,8,104,69,0,17.9,7.7,0.0,0,0,0,0,0,0,1,1,0
2023-08-28 16:00:00,25,17,830,181,0,18.2,8.5,0.0,0,1,0,0,0,0,0,1,0
2023-08-30 13:00:00,10,14,888,36,0,17.9,7.7,0.0,0,0,0,0,0,0,1,1,0
2023-08-28 18:00:00,19,19,581,130,0,18.2,8.5,0.0,0,1,0,0,0,0,0,1,0
2023-08-30 12:00:00,10,13,888,17,0,17.9,7.7,0.0,0,0,0,0,0,0,1,1,0
2023-08-30 09:00:00,9,10,423,94,0,17.9,7.7,0.0,0,0,0,0,0,0,1,1,0
2023-08-30 16:00:00,8,17,794,3,0,17.9,7.7,0.0,0,0,0,0,0,0,1,1,0
2023-08-30 15:00:00,6,16,704,13,0,17.9,7.7,0.0,0,0,0,0,0,0,1,1,0
2023-08-30 19:00:00,6,20,322,12,0,17.9,7.7,0.0,0,0,0,0,0,0,1,1,0
2023-08-30 22:00:00,5,23,248,40,0,17.9,7.7,0.0,0,0,0,0,0,0,1,1,0
2023-08-30 20:00:00,5,21,299,5,0,17.9,7.7,0.0,0,0,0,0,0,0,1,1,0
2023-08-30 05:00:00,4,6,21,28,0,17.9,7.7,0.0,0,0,0,0,0,0,1,1,0
2023-08-30 18:00:00,4,19,604,6,0,17.9,7.7,0.0,0,0,0,0,0,0,1,1,0
2023-08-30 06:00:00,3,7,37,36,0,17.9,7.7,0.0,0,0,0,0,0,0,1,1,0
2023-08-30 11:00:00,3,12,627,9,0,17.9,7.7,0.0,0,0,0,0,0,0,1,1,0
2023-08-30 00:00:00,1,1,184,59,0,17.9,7.7,0.0,0,0,0,0,0,0,1,1,0
2023-08-30 01:00:00,1,2,204,52,0,17.9,7.7,0.0,0,0,0,0,0,0,1,1,0
2023-08-30 02:00:00,1,3,59,34,0,17.9,7.7,0.0,0,0,0,0,0,0,1,1,0
2023-08-30 04:00:00,1,5,23,21,0,17.9,7.7,0.0,0,0,0,0,0,0,1,1,0
2023-08-30 21:00:00,0,22,237,14,0,17.9,7.7,0.0,0,0,0,0,0,0,1,1,0
2023-08-30 03:00:00,0,4,25,11,0,17.9,7.7,0.0,0,0,0,0,0,0,1,1,0
2023-08-31 08:00:00,20,9,387,108,0,17.8,7.5,0.0,0,0,0,0,1,0,0,1,0
2023-08-31 22:00:00,19,23,328,132,0,17.8,7.5,0.0,0,0,0,0,1,0,0,1,0
2023-08-31 16:00:00,13,17,896,6,0,17.8,7.5,0.0,0,0,0,0,1,0,0,1,0
2023-08-31 19:00:00,10,20,532,22,0,17.8,7.5,0.0,0,0,0,0,1,0,0,1,0
2023-08-31 13:00:00,10,14,862,15,0,17.8,7.5,0.0,0,0,0,0,1,0,0,1,0
2023-08-31 15:00:00,9,16,658,11,0,17.8,7.5,0.0,0,0,0,0,1,0,0,1,0
2023-08-31 11:00:00,8,12,609,37,0,17.8,7.5,0.0,0,0,0,0,1,0,0,1,0
2023-08-31 14:00:00,8,15,811,15,0,17.8,7.5,0.0,0,0,0,0,1,0,0,1,0
2023-08-31 10:00:00,7,11,500,121,0,17.8,7.5,0.0,0,0,0,0,1,0,0,1,0
2023-08-31 21:00:00,6,22,388,124,0,17.8,7.5,0.0,0,0,0,0,1,0,0,1,0
2023-08-31 09:00:00,6,10,389,82,0,17.8,7.5,0.0,0,0,0,0,1,0,0,1,0
2023-08-31 20:00:00,6,21,407,70,0,17.8,7.5,0.0,0,0,0,0,1,0,0,1,0
2023-08-31 07:00:00,6,8,118,61,0,17.8,7.5,0.0,0,0,0,0,1,0,0,1,0
2023-08-31 06:00:00,6,7,24,47,0,17.8,7.5,0.0,0,0,0,0,1,0,0,1,0
2023-08-31 18:00:00,6,19,720,21,0,17.8,7.5,0.0,0,0,0,0,1,0,0,1,0
2023-08-31 12:00:00,6,13,798,16,0,17.8,7.5,0.0,0,0,0,0,1,0,0,1,0
2023-08-31 17:00:00,6,18,754,16,0,17.8,7.5,0.0,0,0,0,0,1,0,0,1,0
2023-08-31 00:00:00,2,1,120,56,0,17.8,7.5,0.0,0,0,0,0,1,0,0,1,0
2023-08-31 02:00:00,2,3,31,35,0,17.8,7.5,0.0,0,0,0,0,1,0,0,1,0
2023-08-31 23:00:00,1,0,276,51,0,17.8,7.5,0.0,0,0,0,0,1,0,0,1,0
2023-08-31 05:00:00,1,6,10,33,0,17.8,7.5,0.0,0,0,0,0,1,0,0,1,0
2023-08-28 19:00:00,14,20,398,209,0,18.2,8.5,0.0,0,1,0,0,0,0,0,1,0
2023-08-28 21:00:00,12,22,236,95,0,18.2,8.5,0.0,0,1,0,0,0,0,0,1,0
2023-08-28 14:00:00,12,15,603,7,0,18.2,8.5,0.0,0,1,0,0,0,0,0,1,0
2023-08-28 09:00:00,12,10,394,5,0,18.2,8.5,0.0,0,1,0,0,0,0,0,1,0
2023-08-28 15:00:00,10,16,719,23,0,18.2,8.5,0.0,0,1,0,0,0,0,0,1,0
2023-08-28 08:00:00,10,9,275,11,0,18.2,8.5,0.0,0,1,0,0,0,0,0,1,0
2023-08-28 20:00:00,9,21,407,61,0,18.2,8.5,0.0,0,1,0,0,0,0,0,1,0
2023-08-28 13:00:00,9,14,724,45,0,18.2,8.5,0.0,0,1,0,0,0,0,0,1,0
2023-08-28 22:00:00,7,23,227,67,0,18.2,8.5,0.0,0,1,0,0,0,0,0,1,0
2023-08-28 11:00:00,6,12,562,7,0,18.2,8.5,0.0,0,1,0,0,0,0,0,1,0
2023-08-28 23:00:00,4,0,172,58,0,18.2,8.5,0.0,0,1,0,0,0,0,0,1,0
2023-08-28 12:00:00,4,13,697,6,0,18.2,8.5,0.0,0,1,0,0,0,0,0,1,0
2023-08-28 06:00:00,3,7,26,42,0,18.2,8.5,0.0,0,1,0,0,0,0,0,1,0
2023-08-28 10:00:00,3,11,541,5,0,18.2,8.5,0.0,0,1,0,0,0,0,0,1,0
2023-08-28 05:00:00,2,6,14,33,0,18.2,8.5,0.0,0,1,0,0,0,0,0,1,0
2023-08-28 00:00:00,2,1,169,6,0,18.2,8.5,0.0,0,1,0,0,0,0,0,1,0
2023-08-28 07:00:00,1,8,119,10,0,18.2,8.5,0.0,0,1,0,0,0,0,0,1,0
2023-08-28 04:00:00,0,5,22,15,0,18.2,8.5,0.0,0,1,0,0,0,0,0,1,0
2023-08-28 02:00:00,0,3,63,13,0,18.2,8.5,0.0,0,1,0,0,0,0,0,1,0
2023-08-28 03:00:00,0,4,16,12,0,18.2,8.5,0.0,0,1,0,0,0,0,0,1,0
2023-08-28 01:00:00,0,2,81,5,0,18.2,8.5,0.0,0,1,0,0,0,0,0,1,0
2023-08-29 16:00:00,37,17,1035,212,0,19.0,10.5,0.0,0,0,0,0,0,1,0,1,0
2023-08-29 15:00:00,32,16,876,233,0,19.0,10.5,0.0,0,0,0,0,0,1,0,1,0
2023-08-29 13:00:00,32,14,1000,230,0,19.0,10.5,0.0,0,0,0,0,0,1,0,1,0
2023-08-29 14:00:00,31,15,944,233,0,19.0,10.5,0.0,0,0,0,0,0,1,0,1,0
2023-08-29 12:00:00,31,13,1011,206,0,19.0,10.5,0.0,0,0,0,0,0,1,0,1,0
2023-08-29 17:00:00,31,18,709,130,0,19.0,10.5,0.0,0,0,0,0,0,1,0,1,0
2023-08-29 08:00:00,29,9,452,139,0,19.0,10.5,0.0,0,0,0,0,0,1,0,1,0
2023-08-29 09:00:00,24,10,523,186,0,19.0,10.5,0.0,0,0,0,0,0,1,0,1,0
2023-08-29 10:00:00,18,11,550,90,0,19.0,10.5,0.0,0,0,0,0,0,1,0,1,0
2023-08-29 07:00:00,15,8,274,1098,0,19.0,10.5,0.0,0,0,0,0,0,1,0,1,0
2023-08-29 18:00:00,13,19,504,12,0,19.0,10.5,0.0,0,0,0,0,0,1,0,1,0
2023-08-29 11:00:00,11,12,748,209,0,19.0,10.5,0.0,0,0,0,0,0,1,0,1,0
2023-08-29 05:00:00,6,6,26,32,0,19.0,10.5,0.0,0,0,0,0,0,1,0,1,0
2023-08-29 06:00:00,4,7,67,57,0,19.0,10.5,0.0,0,0,0,0,0,1,0,1,0
2023-08-29 23:00:00,3,0,234,86,0,19.0,10.5,0.0,0,0,0,0,0,1,0,1,0
2023-08-29 22:00:00,3,23,264,59,0,19.0,10.5,0.0,0,0,0,0,0,1,0,1,0
2023-08-29 19:00:00,3,20,357,8,0,19.0,10.5,0.0,0,0,0,0,0,1,0,1,0
2023-08-29 20:00:00,2,21,360,4,0,19.0,10.5,0.0,0,0,0,0,0,1,0,1,0
2023-08-29 00:00:00,1,1,180,39,0,19.0,10.5,0.0,0,0,0,0,0,1,0,1,0
2023-12-01 19:00:00,45,20,514,270,0,-0.7,-3.2,0.0,1,0,0,0,0,0,0,0,1
2023-12-01 18:00:00,44,19,648,295,0,-0.7,-3.2,0.0,1,0,0,0,0,0,0,0,1
2023-12-01 20:00:00,37,21,476,212,0,-0.7,-3.2,0.0,1,0,0,0,0,0,0,0,1
2023-12-01 17:00:00,36,18,938,244,0,-0.7,-3.2,0.0,1,0,0,0,0,0,0,0,1
2023-12-01 22:00:00,36,23,578,208,0,-0.7,-3.2,0.0,1,0,0,0,0,0,0,0,1
2023-12-02 17:00:00,5,18,905,315,0,4.3,-4.8,0.0,0,0,1,0,0,0,0,0,1
2023-12-01 21:00:00,28,22,486,258,0,-0.7,-3.2,0.0,1,0,0,0,0,0,0,0,1
2023-12-01 16:00:00,22,17,874,198,0,-0.7,-3.2,0.0,1,0,0,0,0,0,0,0,1
2023-12-01 23:00:00,17,0,475,230,0,-0.7,-3.2,0.0,1,0,0,0,0,0,0,0,1
2023-12-01 08:00:00,13,9,342,162,0,-0.7,-3.2,0.0,1,0,0,0,0,0,0,0,1
2023-12-02 10:00:00,4,11,294,21,0,4.3,-4.8,0.0,0,0,1,0,0,0,0,0,1
2023-12-02 09:00:00,3,10,315,153,0,4.3,-4.8,0.0,0,0,1,0,0,0,0,0,1
2023-12-02 12:00:00,3,13,1042,14,0,4.3,-4.8,0.0,0,0,1,0,0,0,0,0,1
2023-12-01 10:00:00,9,11,631,244,0,-0.7,-3.2,0.0,1,0,0,0,0,0,0,0,1
2023-12-01 14:00:00,7,15,946,289,0,-0.7,-3.2,0.0,1,0,0,0,0,0,0,0,1
2023-12-01 11:00:00,7,12,738,208,0,-0.7,-3.2,0.0,1,0,0,0,0,0,0,0,1
2023-12-02 23:00:00,0,0,585,227,0,4.3,-4.8,0.0,0,0,1,0,0,0,0,0,1
2023-12-02 01:00:00,0,2,149,72,0,4.3,-4.8,0.0,0,0,1,0,0,0,0,0,1
2023-12-02 20:00:00,0,21,662,54,0,4.3,-4.8,0.0,0,0,1,0,0,0,0,0,1
2023-12-02 19:00:00,0,20,742,51,0,4.3,-4.8,0.0,0,0,1,0,0,0,0,0,1
2023-12-02 03:00:00,0,4,28,51,0,4.3,-4.8,0.0,0,0,1,0,0,0,0,0,1
2023-12-02 02:00:00,0,3,122,39,0,4.3,-4.8,0.0,0,0,1,0,0,0,0,0,1
2023-12-02 07:00:00,0,8,62,36,0,4.3,-4.8,0.0,0,0,1,0,0,0,0,0,1
2023-12-02 04:00:00,0,5,9,36,0,4.3,-4.8,0.0,0,0,1,0,0,0,0,0,1
2023-12-02 22:00:00,0,23,587,33,0,4.3,-4.8,0.0,0,0,1,0,0,0,0,0,1
2023-12-02 05:00:00,0,6,8,31,0,4.3,-4.8,0.0,0,0,1,0,0,0,0,0,1
2023-12-02 11:00:00,0,12,788,19,0,4.3,-4.8,0.0,0,0,1,0,0,0,0,0,1
2023-12-01 01:00:00,1,2,255,52,0,-0.7,-3.2,0.0,1,0,0,0,0,0,0,0,1
2023-12-01 00:00:00,0,1,312,80,0,-0.7,-3.2,0.0,1,0,0,0,0,0,0,0,1
2023-12-01 02:00:00,0,3,190,40,0,-0.7,-3.2,0.0,1,0,0,0,0,0,0,0,1
2023-12-01 06:00:00,0,7,43,39,0,-0.7,-3.2,0.0,1,0,0,0,0,0,0,0,1
2023-12-01 03:00:00,0,4,10,26,0,-0.7,-3.2,0.0,1,0,0,0,0,0,0,0,1
2023-12-03 16:00:00,9,17,507,189,0,5.7,-4.2,11.1,0,0,0,1,0,0,0,0,1
2023-12-03 01:00:00,9,2,267,151,0,5.7,-4.2,11.1,0,0,0,1,0,0,0,0,1
2023-12-03 12:00:00,8,13,796,220,0,5.7,-4.2,11.1,0,0,0,1,0,0,0,0,1
2023-12-03 20:00:00,8,21,154,100,0,5.7,-4.2,11.1,0,0,0,1,0,0,0,0,1
2023-12-03 22:00:00,7,23,112,86,0,5.7,-4.2,11.1,0,0,0,1,0,0,0,0,1
2023-12-01 05:00:00,0,6,22,25,0,-0.7,-3.2,0.0,1,0,0,0,0,0,0,0,1
2023-12-01 04:00:00,0,5,47,23,0,-0.7,-3.2,0.0,1,0,0,0,0,0,0,0,1
2023-12-02 16:00:00,8,17,1040,304,0,4.3,-4.8,0.0,0,0,1,0,0,0,0,0,1
2023-12-02 14:00:00,8,15,1358,227,0,4.3,-4.8,0.0,0,0,1,0,0,0,0,0,1
2023-12-02 13:00:00,7,14,1346,79,0,4.3,-4.8,0.0,0,0,1,0,0,0,0,0,1
2023-12-02 15:00:00,6,16,1443,246,0,4.3,-4.8,0.0,0,0,1,0,0,0,0,0,1
2023-12-02 18:00:00,2,19,976,42,0,4.3,-4.8,0.0,0,0,1,0,0,0,0,0,1
2023-12-02 00:00:00,1,1,337,82,0,4.3,-4.8,0.0,0,0,1,0,0,0,0,0,1
2023-12-02 08:00:00,1,9,208,82,0,4.3,-4.8,0.0,0,0,1,0,0,0,0,0,1
2023-12-02 21:00:00,1,22,788,32,0,4.3,-4.8,0.0,0,0,1,0,0,0,0,0,1
2023-12-02 06:00:00,1,7,19,21,0,4.3,-4.8,0.0,0,0,1,0,0,0,0,0,1
2023-12-01 12:00:00,4,13,852,223,0,-0.7,-3.2,0.0,1,0,0,0,0,0,0,0,1
2023-12-01 09:00:00,4,10,401,210,0,-0.7,-3.2,0.0,1,0,0,0,0,0,0,0,1
2023-12-01 07:00:00,4,8,108,86,0,-0.7,-3.2,0.0,1,0,0,0,0,0,0,0,1
2023-12-01 15:00:00,3,16,960,178,0,-0.7,-3.2,0.0,1,0,0,0,0,0,0,0,1
2023-12-01 13:00:00,2,14,1040,221,0,-0.7,-3.2,0.0,1,0,0,0,0,0,0,0,1
2023-12-04 06:00:00,3,7,37,40,0,4.5,-2.2,1.6,0,1,0,0,0,0,0,0,1
2023-12-04 09:00:00,2,10,416,138,0,4.5,-2.2,1.6,0,1,0,0,0,0,0,0,1
2023-12-04 08:00:00,2,9,427,70,0,4.5,-2.2,1.6,0,1,0,0,0,0,0,0,1
2023-12-04 00:00:00,0,1,26,69,0,4.5,-2.2,1.6,0,1,0,0,0,0,0,0,1
2023-12-04 05:00:00,0,6,13,38,0,4.5,-2.2,1.6,0,1,0,0,0,0,0,0,1
2023-12-04 07:00:00,0,8,98,30,0,4.5,-2.2,1.6,0,1,0,0,0,0,0,0,1
2023-12-04 01:00:00,0,2,12,24,0,4.5,-2.2,1.6,0,1,0,0,0,0,0,0,1
2023-12-04 04:00:00,0,5,11,21,0,4.5,-2.2,1.6,0,1,0,0,0,0,0,0,1
2023-12-03 13:00:00,5,14,739,187,0,5.7,-4.2,11.1,0,0,0,1,0,0,0,0,1
2023-12-03 17:00:00,5,18,421,168,0,5.7,-4.2,11.1,0,0,0,1,0,0,0,0,1
2023-12-03 23:00:00,4,0,80,67,0,5.7,-4.2,11.1,0,0,0,1,0,0,0,0,1
2023-12-03 14:00:00,3,15,685,204,0,5.7,-4.2,11.1,0,0,0,1,0,0,0,0,1
2023-12-03 02:00:00,3,3,112,155,0,5.7,-4.2,11.1,0,0,0,1,0,0,0,0,1
2023-12-03 09:00:00,3,10,134,94,0,5.7,-4.2,11.1,0,0,0,1,0,0,0,0,1
2023-12-03 00:00:00,2,1,431,163,0,5.7,-4.2,11.1,0,0,0,1,0,0,0,0,1
2023-12-03 11:00:00,2,12,622,153,0,5.7,-4.2,11.1,0,0,0,1,0,0,0,0,1
2023-12-03 21:00:00,2,22,165,100,0,5.7,-4.2,11.1,0,0,0,1,0,0,0,0,1
2023-12-03 08:00:00,2,9,70,72,0,5.7,-4.2,11.1,0,0,0,1,0,0,0,0,1
2023-12-04 18:00:00,36,19,495,150,0,4.5,-2.2,1.6,0,1,0,0,0,0,0,0,1
2023-12-04 17:00:00,32,18,638,199,0,4.5,-2.2,1.6,0,1,0,0,0,0,0,0,1
2023-12-04 19:00:00,29,20,296,143,0,4.5,-2.2,1.6,0,1,0,0,0,0,0,0,1
2023-12-05 17:00:00,56,18,697,248,0,6.1,2.8,0.0,0,0,0,0,0,1,0,0,1
2023-12-04 12:00:00,28,13,763,221,0,4.5,-2.2,1.6,0,1,0,0,0,0,0,0,1
2023-12-05 18:00:00,43,19,434,206,0,6.1,2.8,0.0,0,0,0,0,0,1,0,0,1
2023-12-04 13:00:00,25,14,927,219,0,4.5,-2.2,1.6,0,1,0,0,0,0,0,0,1
2023-12-04 16:00:00,24,17,668,150,0,4.5,-2.2,1.6,0,1,0,0,0,0,0,0,1
2023-12-05 19:00:00,40,20,339,170,0,6.1,2.8,0.0,0,0,0,0,0,1,0,0,1
2023-12-04 14:00:00,23,15,720,266,0,4.5,-2.2,1.6,0,1,0,0,0,0,0,0,1
2023-12-05 14:00:00,36,15,1082,245,0,6.1,2.8,0.0,0,0,0,0,0,1,0,0,1
2023-12-04 21:00:00,23,22,205,118,0,4.5,-2.2,1.6,0,1,0,0,0,0,0,0,1
2023-12-05 13:00:00,33,14,1281,199,0,6.1,2.8,0.0,0,0,0,0,0,1,0,0,1
2023-12-04 11:00:00,20,12,632,207,0,4.5,-2.2,1.6,0,1,0,0,0,0,0,0,1
2023-12-05 21:00:00,30,22,257,133,0,6.1,2.8,0.0,0,0,0,0,0,1,0,0,1
2023-12-04 15:00:00,19,16,661,195,0,4.5,-2.2,1.6,0,1,0,0,0,0,0,0,1
2023-12-05 20:00:00,28,21,286,169,0,6.1,2.8,0.0,0,0,0,0,0,1,0,0,1
2023-12-03 04:00:00,0,5,22,53,0,5.7,-4.2,11.1,0,0,0,1,0,0,0,0,1
2023-12-05 12:00:00,27,13,1095,273,0,6.1,2.8,0.0,0,0,0,0,0,1,0,0,1
2023-12-04 20:00:00,15,21,220,125,0,4.5,-2.2,1.6,0,1,0,0,0,0,0,0,1
2023-12-04 22:00:00,14,23,197,118,0,4.5,-2.2,1.6,0,1,0,0,0,0,0,0,1
2023-12-05 16:00:00,77,17,735,188,0,6.1,2.8,0.0,0,0,0,0,0,1,0,0,1
2023-12-05 11:00:00,26,12,771,226,0,6.1,2.8,0.0,0,0,0,0,0,1,0,0,1
2023-12-05 15:00:00,58,16,884,233,0,6.1,2.8,0.0,0,0,0,0,0,1,0,0,1
2023-12-04 10:00:00,11,11,544,216,0,4.5,-2.2,1.6,0,1,0,0,0,0,0,0,1
2023-12-05 22:00:00,20,23,171,100,0,6.1,2.8,0.0,0,0,0,0,0,1,0,0,1
2023-12-05 09:00:00,19,10,472,228,0,6.1,2.8,0.0,0,0,0,0,0,1,0,0,1
2023-12-05 10:00:00,19,11,665,211,0,6.1,2.8,0.0,0,0,0,0,0,1,0,0,1
2023-12-03 15:00:00,1,16,668,185,0,5.7,-4.2,11.1,0,0,0,1,0,0,0,0,1
2023-12-03 10:00:00,1,11,410,147,0,5.7,-4.2,11.1,0,0,0,1,0,0,0,0,1
2023-12-03 18:00:00,1,19,261,18,0,5.7,-4.2,11.1,0,0,0,1,0,0,0,0,1
2023-12-03 03:00:00,0,4,43,131,0,5.7,-4.2,11.1,0,0,0,1,0,0,0,0,1
2023-12-05 08:00:00,19,9,461,166,0,6.1,2.8,0.0,0,0,0,0,0,1,0,0,1
2023-12-03 07:00:00,0,8,33,31,0,5.7,-4.2,11.1,0,0,0,1,0,0,0,0,1
2023-12-03 06:00:00,0,7,19,30,0,5.7,-4.2,11.1,0,0,0,1,0,0,0,0,1
2023-12-04 23:00:00,7,0,121,57,0,4.5,-2.2,1.6,0,1,0,0,0,0,0,0,1
2023-12-03 05:00:00,0,6,17,18,0,5.7,-4.2,11.1,0,0,0,1,0,0,0,0,1
2023-12-03 19:00:00,0,20,205,10,0,5.7,-4.2,11.1,0,0,0,1,0,0,0,0,1
2023-12-04 02:00:00,1,3,18,28,0,4.5,-2.2,1.6,0,1,0,0,0,0,0,0,1
2023-12-04 03:00:00,1,4,5,17,0,4.5,-2.2,1.6,0,1,0,0,0,0,0,0,1
2023-12-05 01:00:00,0,2,86,39,0,6.1,2.8,0.0,0,0,0,0,0,1,0,0,1
2023-12-05 02:00:00,0,3,94,36,0,6.1,2.8,0.0,0,0,0,0,0,1,0,0,1
2023-12-06 03:00:00,0,4,7,13,0,6.9,-3.3,1.1,0,0,0,0,0,0,1,0,1
2023-12-06 04:00:00,0,5,15,11,0,6.9,-3.3,1.1,0,0,0,0,0,0,1,0,1
2023-12-06 19:00:00,20,20,439,882,0,6.9,-3.3,1.1,0,0,0,0,0,0,1,0,1
2023-12-05 07:00:00,8,8,228,116,0,6.1,2.8,0.0,0,0,0,0,0,1,0,0,1
2023-12-07 09:00:00,12,10,349,124,0,8.5,-4.0,14.6,0,0,0,0,1,0,0,0,1
2023-12-06 20:00:00,19,21,278,153,0,6.9,-3.3,1.1,0,0,0,0,0,0,1,0,1
2023-12-06 02:00:00,1,3,88,36,0,6.9,-3.3,1.1,0,0,0,0,0,0,1,0,1
2023-12-05 23:00:00,8,0,154,94,0,6.1,2.8,0.0,0,0,0,0,0,1,0,0,1
2023-12-06 10:00:00,17,11,602,190,0,6.9,-3.3,1.1,0,0,0,0,0,0,1,0,1
2023-12-05 04:00:00,0,5,20,20,0,6.1,2.8,0.0,0,0,0,0,0,1,0,0,1
2023-12-05 03:00:00,0,4,15,15,0,6.1,2.8,0.0,0,0,0,0,0,1,0,0,1
2023-12-06 15:00:00,41,16,845,200,0,6.9,-3.3,1.1,0,0,0,0,0,0,1,0,1
2023-12-06 16:00:00,32,17,708,138,0,6.9,-3.3,1.1,0,0,0,0,0,0,1,0,1
2023-12-06 12:00:00,28,13,994,228,0,6.9,-3.3,1.1,0,0,0,0,0,0,1,0,1
2023-12-06 13:00:00,27,14,990,259,0,6.9,-3.3,1.1,0,0,0,0,0,0,1,0,1
2023-12-06 17:00:00,26,18,615,155,0,6.9,-3.3,1.1,0,0,0,0,0,0,1,0,1
2023-12-06 08:00:00,25,9,426,166,0,6.9,-3.3,1.1,0,0,0,0,0,0,1,0,1
2023-12-06 14:00:00,17,15,928,189,0,6.9,-3.3,1.1,0,0,0,0,0,0,1,0,1
2023-12-06 00:00:00,4,1,150,60,0,6.9,-3.3,1.1,0,0,0,0,0,0,1,0,1
2023-12-07 13:00:00,8,14,613,227,0,8.5,-4.0,14.6,0,0,0,0,1,0,0,0,1
2023-12-07 10:00:00,5,11,386,210,0,8.5,-4.0,14.6,0,0,0,0,1,0,0,0,1
2023-12-07 20:00:00,5,21,147,122,0,8.5,-4.0,14.6,0,0,0,0,1,0,0,0,1
2023-12-07 15:00:00,4,16,499,184,0,8.5,-4.0,14.6,0,0,0,0,1,0,0,0,1
2023-12-07 12:00:00,3,13,502,255,0,8.5,-4.0,14.6,0,0,0,0,1,0,0,0,1
2023-12-07 19:00:00,3,20,216,130,0,8.5,-4.0,14.6,0,0,0,0,1,0,0,0,1
2023-12-07 08:00:00,3,9,324,87,0,8.5,-4.0,14.6,0,0,0,0,1,0,0,0,1
2023-12-07 07:00:00,3,8,112,79,0,8.5,-4.0,14.6,0,0,0,0,1,0,0,0,1
2023-12-07 11:00:00,2,12,429,273,0,8.5,-4.0,14.6,0,0,0,0,1,0,0,0,1
2023-12-07 14:00:00,2,15,507,262,0,8.5,-4.0,14.6,0,0,0,0,1,0,0,0,1
2023-12-06 11:00:00,14,12,732,226,0,6.9,-3.3,1.1,0,0,0,0,0,0,1,0,1
2023-12-06 09:00:00,14,10,494,181,0,6.9,-3.3,1.1,0,0,0,0,0,0,1,0,1
2023-12-06 21:00:00,14,22,247,128,0,6.9,-3.3,1.1,0,0,0,0,0,0,1,0,1
2023-12-06 07:00:00,13,8,222,76,0,6.9,-3.3,1.1,0,0,0,0,0,0,1,0,1
2023-12-06 22:00:00,12,23,243,103,0,6.9,-3.3,1.1,0,0,0,0,0,0,1,0,1
2023-12-06 06:00:00,2,7,60,38,0,6.9,-3.3,1.1,0,0,0,0,0,0,1,0,1
2023-12-06 01:00:00,2,2,89,34,0,6.9,-3.3,1.1,0,0,0,0,0,0,1,0,1
2023-12-06 05:00:00,2,6,14,20,0,6.9,-3.3,1.1,0,0,0,0,0,0,1,0,1
2023-12-06 18:00:00,11,19,430,683,0,6.9,-3.3,1.1,0,0,0,0,0,0,1,0,1
2023-12-05 06:00:00,3,7,95,92,0,6.1,2.8,0.0,0,0,0,0,0,1,0,0,1
2023-12-06 23:00:00,8,0,142,70,0,6.9,-3.3,1.1,0,0,0,0,0,0,1,0,1
2023-12-05 00:00:00,3,1,179,53,0,6.1,2.8,0.0,0,0,0,0,0,1,0,0,1
2023-12-05 05:00:00,3,6,34,35,0,6.1,2.8,0.0,0,0,0,0,0,1,0,0,1
2023-12-08 10:00:00,11,11,640,190,0,8.3,5.9,5.2,1,0,0,0,0,0,0,0,1
2023-12-08 11:00:00,10,12,624,227,0,8.3,5.9,5.2,1,0,0,0,0,0,0,0,1
2023-12-08 22:00:00,8,23,506,177,0,8.3,5.9,5.2,1,0,0,0,0,0,0,0,1
2023-12-09 14:00:00,4,15,743,243,0,7.1,5.5,5.8,0,0,1,0,0,0,0,0,1
2023-12-09 09:00:00,4,10,449,206,0,7.1,5.5,5.8,0,0,1,0,0,0,0,0,1
2023-12-08 17:00:00,8,18,684,130,0,8.3,5.9,5.2,1,0,0,0,0,0,0,0,1
2023-12-09 13:00:00,3,14,1021,301,0,7.1,5.5,5.8,0,0,1,0,0,0,0,0,1
2023-12-09 17:00:00,3,18,693,25,0,7.1,5.5,5.8,0,0,1,0,0,0,0,0,1
2023-12-08 07:00:00,7,8,127,66,0,8.3,5.9,5.2,1,0,0,0,0,0,0,0,1
2023-12-09 11:00:00,2,12,203,54,0,7.1,5.5,5.8,0,0,1,0,0,0,0,0,1
2023-12-09 19:00:00,2,20,419,16,0,7.1,5.5,5.8,0,0,1,0,0,0,0,0,1
2023-12-08 18:00:00,4,19,606,105,0,8.3,5.9,5.2,1,0,0,0,0,0,0,0,1
2023-12-08 00:00:00,4,1,242,79,0,8.3,5.9,5.2,1,0,0,0,0,0,0,0,1
2023-12-08 13:00:00,6,14,743,330,0,8.3,5.9,5.2,1,0,0,0,0,0,0,0,1
2023-12-08 06:00:00,4,7,46,30,0,8.3,5.9,5.2,1,0,0,0,0,0,0,0,1
2023-12-08 12:00:00,5,13,716,293,0,8.3,5.9,5.2,1,0,0,0,0,0,0,0,1
2023-12-08 14:00:00,5,15,710,250,0,8.3,5.9,5.2,1,0,0,0,0,0,0,0,1
2023-12-07 22:00:00,2,23,155,90,0,8.5,-4.0,14.6,0,0,0,0,1,0,0,0,1
2023-12-07 23:00:00,2,0,159,69,0,8.5,-4.0,14.6,0,0,0,0,1,0,0,0,1
2023-12-08 03:00:00,3,4,26,29,0,8.3,5.9,5.2,1,0,0,0,0,0,0,0,1
2023-12-07 18:00:00,2,19,345,53,0,8.5,-4.0,14.6,0,0,0,0,1,0,0,0,1
2023-12-08 19:00:00,0,20,480,98,0,8.3,5.9,5.2,1,0,0,0,0,0,0,0,1
2023-12-09 02:00:00,15,3,159,110,0,7.1,5.5,5.8,0,0,1,0,0,0,0,0,1
2023-12-08 23:00:00,0,0,134,66,0,8.3,5.9,5.2,1,0,0,0,0,0,0,0,1
2023-12-08 01:00:00,0,2,94,41,0,8.3,5.9,5.2,1,0,0,0,0,0,0,0,1
2023-12-08 20:00:00,0,21,525,26,0,8.3,5.9,5.2,1,0,0,0,0,0,0,0,1
2023-12-08 04:00:00,0,5,13,25,0,8.3,5.9,5.2,1,0,0,0,0,0,0,0,1
2023-12-08 05:00:00,0,6,21,21,0,8.3,5.9,5.2,1,0,0,0,0,0,0,0,1
2023-12-09 00:00:00,12,1,230,217,0,7.1,5.5,5.8,0,0,1,0,0,0,0,0,1
2023-12-08 15:00:00,2,16,826,240,0,8.3,5.9,5.2,1,0,0,0,0,0,0,0,1
2023-12-08 21:00:00,2,22,679,58,0,8.3,5.9,5.2,1,0,0,0,0,0,0,0,1
2023-12-09 10:00:00,10,11,684,209,0,7.1,5.5,5.8,0,0,1,0,0,0,0,0,1
2023-12-09 08:00:00,7,9,227,138,0,7.1,5.5,5.8,0,0,1,0,0,0,0,0,1
2023-12-09 03:00:00,6,4,88,84,0,7.1,5.5,5.8,0,0,1,0,0,0,0,0,1
2023-12-09 12:00:00,5,13,949,309,0,7.1,5.5,5.8,0,0,1,0,0,0,0,0,1
2023-12-09 01:00:00,5,2,254,125,0,7.1,5.5,5.8,0,0,1,0,0,0,0,0,1
2023-12-08 02:00:00,2,3,75,22,0,8.3,5.9,5.2,1,0,0,0,0,0,0,0,1
2023-12-07 00:00:00,1,1,117,77,0,8.5,-4.0,14.6,0,0,0,0,1,0,0,0,1
2023-12-07 17:00:00,1,18,485,53,0,8.5,-4.0,14.6,0,0,0,0,1,0,0,0,1
2023-12-07 02:00:00,1,3,38,36,0,8.5,-4.0,14.6,0,0,0,0,1,0,0,0,1
2023-12-07 06:00:00,1,7,37,28,0,8.5,-4.0,14.6,0,0,0,0,1,0,0,0,1
2023-12-07 05:00:00,1,6,9,22,0,8.5,-4.0,14.6,0,0,0,0,1,0,0,0,1
2023-12-08 08:00:00,27,9,350,147,0,8.3,5.9,5.2,1,0,0,0,0,0,0,0,1
2023-12-08 09:00:00,23,10,593,225,0,8.3,5.9,5.2,1,0,0,0,0,0,0,0,1
2023-12-08 16:00:00,13,17,632,175,0,8.3,5.9,5.2,1,0,0,0,0,0,0,0,1
2023-12-07 21:00:00,0,22,170,96,0,8.5,-4.0,14.6,0,0,0,0,1,0,0,0,1
2023-12-07 16:00:00,0,17,498,71,0,8.5,-4.0,14.6,0,0,0,0,1,0,0,0,1
2023-12-07 01:00:00,0,2,88,62,0,8.5,-4.0,14.6,0,0,0,0,1,0,0,0,1
2023-12-07 03:00:00,0,4,9,25,0,8.5,-4.0,14.6,0,0,0,0,1,0,0,0,1
2023-12-07 04:00:00,0,5,7,25,0,8.5,-4.0,14.6,0,0,0,0,1,0,0,0,1
2023-12-11 11:00:00,6,12,565,204,0,7.1,3.4,5.6,0,1,0,0,0,0,0,0,1
2023-12-09 07:00:00,0,8,50,59,0,7.1,5.5,5.8,0,0,1,0,0,0,0,0,1
2023-12-09 04:00:00,0,5,8,38,0,7.1,5.5,5.8,0,0,1,0,0,0,0,0,1
2023-12-09 21:00:00,0,22,579,33,0,7.1,5.5,5.8,0,0,1,0,0,0,0,0,1
2023-12-09 20:00:00,0,21,557,14,0,7.1,5.5,5.8,0,0,1,0,0,0,0,0,1
2023-12-10 16:00:00,1,17,352,67,0,6.8,0.9,2.0,0,0,0,1,0,0,0,0,1
2023-12-11 17:00:00,6,18,490,142,0,7.1,3.4,5.6,0,1,0,0,0,0,0,0,1
2023-12-10 13:00:00,3,14,724,235,0,6.8,0.9,2.0,0,0,0,1,0,0,0,0,1
2023-12-11 18:00:00,14,19,359,130,0,7.1,3.4,5.6,0,1,0,0,0,0,0,0,1
2023-12-11 19:00:00,13,20,341,140,0,7.1,3.4,5.6,0,1,0,0,0,0,0,0,1
2023-12-11 16:00:00,12,17,561,144,0,7.1,3.4,5.6,0,1,0,0,0,0,0,0,1
2023-12-11 15:00:00,11,16,690,178,0,7.1,3.4,5.6,0,1,0,0,0,0,0,0,1
2023-12-11 12:00:00,10,13,851,243,0,7.1,3.4,5.6,0,1,0,0,0,0,0,0,1
2023-12-11 21:00:00,10,22,151,81,0,7.1,3.4,5.6,0,1,0,0,0,0,0,0,1
2023-12-11 08:00:00,8,9,337,117,0,7.1,3.4,5.6,0,1,0,0,0,0,0,0,1
2023-12-11 22:00:00,8,23,126,81,0,7.1,3.4,5.6,0,1,0,0,0,0,0,0,1
2023-12-11 20:00:00,8,21,211,73,0,7.1,3.4,5.6,0,1,0,0,0,0,0,0,1
2023-12-10 01:00:00,0,2,399,10,0,6.8,0.9,2.0,0,0,0,1,0,0,0,0,1
2023-12-10 02:00:00,0,3,193,5,0,6.8,0.9,2.0,0,0,0,1,0,0,0,0,1
2023-12-10 03:00:00,0,4,79,3,0,6.8,0.9,2.0,0,0,0,1,0,0,0,0,1
2023-12-10 04:00:00,0,5,34,2,0,6.8,0.9,2.0,0,0,0,1,0,0,0,0,1
2023-12-10 07:00:00,0,8,26,2,0,6.8,0.9,2.0,0,0,0,1,0,0,0,0,1
2023-12-10 08:00:00,0,9,67,1,0,6.8,0.9,2.0,0,0,0,1,0,0,0,0,1
2023-12-10 05:00:00,0,6,28,1,0,6.8,0.9,2.0,0,0,0,1,0,0,0,0,1
2023-12-10 06:00:00,0,7,19,0,0,6.8,0.9,2.0,0,0,0,1,0,0,0,0,1
2023-12-11 23:00:00,5,0,82,60,0,7.1,3.4,5.6,0,1,0,0,0,0,0,0,1
2023-12-10 23:00:00,1,0,164,42,0,6.8,0.9,2.0,0,0,0,1,0,0,0,0,1
2023-12-10 19:00:00,3,20,234,96,0,6.8,0.9,2.0,0,0,0,1,0,0,0,0,1
2023-12-09 05:00:00,1,6,14,33,0,7.1,5.5,5.8,0,0,1,0,0,0,0,0,1
2023-12-10 18:00:00,3,19,343,85,0,6.8,0.9,2.0,0,0,0,1,0,0,0,0,1
2023-12-11 10:00:00,4,11,566,229,0,7.1,3.4,5.6,0,1,0,0,0,0,0,0,1
2023-12-09 16:00:00,1,17,738,32,0,7.1,5.5,5.8,0,0,1,0,0,0,0,0,1
2023-12-10 00:00:00,1,1,532,19,0,6.8,0.9,2.0,0,0,0,1,0,0,0,0,1
2023-12-10 17:00:00,1,18,350,85,0,6.8,0.9,2.0,0,0,0,1,0,0,0,0,1
2023-12-09 06:00:00,1,7,25,31,0,7.1,5.5,5.8,0,0,1,0,0,0,0,0,1
2023-12-09 18:00:00,1,19,567,24,0,7.1,5.5,5.8,0,0,1,0,0,0,0,0,1
2023-12-09 22:00:00,1,23,655,5,0,7.1,5.5,5.8,0,0,1,0,0,0,0,0,1
2023-12-09 23:00:00,1,0,694,1,0,7.1,5.5,5.8,0,0,1,0,0,0,0,0,1
2023-12-09 15:00:00,0,16,810,178,0,7.1,5.5,5.8,0,0,1,0,0,0,0,0,1
2023-12-11 07:00:00,4,8,109,57,0,7.1,3.4,5.6,0,1,0,0,0,0,0,0,1
2023-12-10 10:00:00,1,11,350,6,0,6.8,0.9,2.0,0,0,0,1,0,0,0,0,1
2023-12-11 14:00:00,3,15,625,245,0,7.1,3.4,5.6,0,1,0,0,0,0,0,0,1
2023-12-10 11:00:00,6,12,517,120,0,6.8,0.9,2.0,0,0,0,1,0,0,0,0,1
2023-12-10 22:00:00,6,23,202,115,0,6.8,0.9,2.0,0,0,0,1,0,0,0,0,1
2023-12-10 14:00:00,5,15,691,194,0,6.8,0.9,2.0,0,0,0,1,0,0,0,0,1
2023-12-10 21:00:00,5,22,258,123,0,6.8,0.9,2.0,0,0,0,1,0,0,0,0,1
2023-12-10 20:00:00,5,21,266,114,0,6.8,0.9,2.0,0,0,0,1,0,0,0,0,1
2023-12-10 09:00:00,5,10,163,4,0,6.8,0.9,2.0,0,0,0,1,0,0,0,0,1
2023-12-10 12:00:00,4,13,744,230,0,6.8,0.9,2.0,0,0,0,1,0,0,0,0,1
2023-12-10 15:00:00,4,16,660,148,0,6.8,0.9,2.0,0,0,0,1,0,0,0,0,1
2023-12-11 13:00:00,3,14,692,234,0,7.1,3.4,5.6,0,1,0,0,0,0,0,0,1
2023-12-11 09:00:00,3,10,494,183,0,7.1,3.4,5.6,0,1,0,0,0,0,0,0,1
2023-12-12 19:00:00,2,20,303,79,0,6.0,5.4,12.3,0,0,0,0,0,1,0,0,1
2023-12-12 00:00:00,2,1,110,39,0,6.0,5.4,12.3,0,0,0,0,0,1,0,0,1
2023-12-12 08:00:00,2,9,324,32,0,6.0,5.4,12.3,0,0,0,0,0,1,0,0,1
2023-12-12 15:00:00,1,16,502,136,0,6.0,5.4,12.3,0,0,0,0,0,1,0,0,1
2023-12-12 18:00:00,1,19,383,98,0,6.0,5.4,12.3,0,0,0,0,0,1,0,0,1
2023-12-12 23:00:00,1,0,129,68,0,6.0,5.4,12.3,0,0,0,0,0,1,0,0,1
2023-12-12 12:00:00,1,13,521,29,0,6.0,5.4,12.3,0,0,0,0,0,1,0,0,1
2023-12-12 01:00:00,1,2,58,26,0,6.0,5.4,12.3,0,0,0,0,0,1,0,0,1
2023-12-11 00:00:00,0,1,136,7,0,7.1,3.4,5.6,0,1,0,0,0,0,0,0,1
2023-12-12 17:00:00,8,18,503,130,0,6.0,5.4,12.3,0,0,0,0,0,1,0,0,1
2023-12-11 01:00:00,0,2,37,5,0,7.1,3.4,5.6,0,1,0,0,0,0,0,0,1
2023-12-11 02:00:00,0,3,33,4,0,7.1,3.4,5.6,0,1,0,0,0,0,0,0,1
2023-12-11 05:00:00,0,6,30,3,0,7.1,3.4,5.6,0,1,0,0,0,0,0,0,1
2023-12-12 10:00:00,7,11,447,124,0,6.0,5.4,12.3,0,0,0,0,0,1,0,0,1
2023-12-11 06:00:00,0,7,40,1,0,7.1,3.4,5.6,0,1,0,0,0,0,0,0,1
2023-12-11 04:00:00,0,5,7,0,0,7.1,3.4,5.6,0,1,0,0,0,0,0,0,1
2023-12-11 03:00:00,0,4,6,0,0,7.1,3.4,5.6,0,1,0,0,0,0,0,0,1
2023-12-12 16:00:00,10,17,582,132,0,6.0,5.4,12.3,0,0,0,0,0,1,0,0,1
2023-12-12 02:00:00,0,3,31,16,0,6.0,5.4,12.3,0,0,0,0,0,1,0,0,1
2023-12-12 05:00:00,0,6,14,14,0,6.0,5.4,12.3,0,0,0,0,0,1,0,0,1
2023-12-12 03:00:00,0,4,6,12,0,6.0,5.4,12.3,0,0,0,0,0,1,0,0,1
2023-12-12 06:00:00,0,7,41,11,0,6.0,5.4,12.3,0,0,0,0,0,1,0,0,1
2023-12-12 07:00:00,0,8,102,9,0,6.0,5.4,12.3,0,0,0,0,0,1,0,0,1
2023-12-12 04:00:00,0,5,8,7,0,6.0,5.4,12.3,0,0,0,0,0,1,0,0,1
2023-12-12 20:00:00,0,21,63,2,0,6.0,5.4,12.3,0,0,0,0,0,1,0,0,1
2023-12-13 15:00:00,38,16,1009,239,0,8.5,5.5,1.3,0,0,0,0,0,0,1,0,1
2023-12-12 09:00:00,4,10,356,115,0,6.0,5.4,12.3,0,0,0,0,0,1,0,0,1
2023-12-13 16:00:00,38,17,954,187,0,8.5,5.5,1.3,0,0,0,0,0,0,1,0,1
2023-12-12 11:00:00,4,12,420,86,0,6.0,5.4,12.3,0,0,0,0,0,1,0,0,1
2023-12-13 13:00:00,37,14,1141,277,0,8.5,5.5,1.3,0,0,0,0,0,0,1,0,1
2023-12-13 14:00:00,37,15,1151,246,0,8.5,5.5,1.3,0,0,0,0,0,0,1,0,1
2023-12-13 10:00:00,35,11,724,247,0,8.5,5.5,1.3,0,0,0,0,0,0,1,0,1
2023-12-13 12:00:00,33,13,789,195,0,8.5,5.5,1.3,0,0,0,0,0,0,1,0,1
2023-12-13 09:00:00,31,10,571,187,0,8.5,5.5,1.3,0,0,0,0,0,0,1,0,1
2023-12-13 23:00:00,6,0,168,98,0,8.5,5.5,1.3,0,0,0,0,0,0,1,0,1
2023-12-13 19:00:00,28,20,395,170,0,8.5,5.5,1.3,0,0,0,0,0,0,1,0,1
2023-12-13 18:00:00,26,19,499,193,0,8.5,5.5,1.3,0,0,0,0,0,0,1,0,1
2023-12-12 14:00:00,3,15,490,122,0,6.0,5.4,12.3,0,0,0,0,0,1,0,0,1
2023-12-13 11:00:00,24,12,733,262,0,8.5,5.5,1.3,0,0,0,0,0,0,1,0,1
2023-12-12 13:00:00,3,14,572,74,0,6.0,5.4,12.3,0,0,0,0,0,1,0,0,1
2023-12-13 17:00:00,23,18,731,167,0,8.5,5.5,1.3,0,0,0,0,0,0,1,0,1
2023-12-12 22:00:00,3,23,146,59,0,6.0,5.4,12.3,0,0,0,0,0,1,0,0,1
2023-12-13 20:00:00,22,21,312,167,0,8.5,5.5,1.3,0,0,0,0,0,0,1,0,1
2023-12-12 21:00:00,3,22,58,36,0,6.0,5.4,12.3,0,0,0,0,0,1,0,0,1
2023-12-13 00:00:00,1,1,31,39,0,8.5,5.5,1.3,0,0,0,0,0,0,1,0,1
2023-12-13 21:00:00,19,22,294,170,0,8.5,5.5,1.3,0,0,0,0,0,0,1,0,1
2023-12-13 07:00:00,1,8,143,18,0,8.5,5.5,1.3,0,0,0,0,0,0,1,0,1
2023-12-13 08:00:00,16,9,519,148,0,8.5,5.5,1.3,0,0,0,0,0,0,1,0,1
2023-12-13 22:00:00,16,23,258,108,0,8.5,5.5,1.3,0,0,0,0,0,0,1,0,1
2023-12-14 04:00:00,1,5,8,16,0,11.3,2.7,0.1,0,0,0,0,1,0,0,0,1
2023-12-14 11:00:00,13,12,710,283,0,11.3,2.7,0.1,0,0,0,0,1,0,0,0,1
2023-12-15 07:00:00,8,8,170,83,0,11.3,5.2,0.0,1,0,0,0,0,0,0,0,1
2023-12-15 12:00:00,27,13,1274,328,0,11.3,5.2,0.0,1,0,0,0,0,0,0,0,1
2023-12-15 13:00:00,25,14,1322,329,0,11.3,5.2,0.0,1,0,0,0,0,0,0,0,1
2023-12-15 11:00:00,22,12,941,276,0,11.3,5.2,0.0,1,0,0,0,0,0,0,0,1
2023-12-15 15:00:00,21,16,1299,280,0,11.3,5.2,0.0,1,0,0,0,0,0,0,0,1
2023-12-15 14:00:00,18,15,1291,330,0,11.3,5.2,0.0,1,0,0,0,0,0,0,0,1
2023-12-15 16:00:00,17,17,1008,184,0,11.3,5.2,0.0,1,0,0,0,0,0,0,0,1
2023-12-15 09:00:00,16,10,587,251,0,11.3,5.2,0.0,1,0,0,0,0,0,0,0,1
2023-12-15 08:00:00,15,9,466,155,0,11.3,5.2,0.0,1,0,0,0,0,0,0,0,1
2023-12-15 10:00:00,12,11,771,230,0,11.3,5.2,0.0,1,0,0,0,0,0,0,0,1
2023-12-14 23:00:00,12,0,372,132,0,11.3,2.7,0.1,0,0,0,0,1,0,0,0,1
2023-12-14 15:00:00,44,16,1013,193,0,11.3,2.7,0.1,0,0,0,0,1,0,0,0,1
2023-12-14 18:00:00,36,19,682,259,0,11.3,2.7,0.1,0,0,0,0,1,0,0,0,1
2023-12-14 16:00:00,34,17,935,159,0,11.3,2.7,0.1,0,0,0,0,1,0,0,0,1
2023-12-14 20:00:00,34,21,437,150,0,11.3,2.7,0.1,0,0,0,0,1,0,0,0,1
2023-12-14 12:00:00,26,13,1004,226,0,11.3,2.7,0.1,0,0,0,0,1,0,0,0,1
2023-12-14 19:00:00,26,20,694,217,0,11.3,2.7,0.1,0,0,0,0,1,0,0,0,1
2023-12-14 13:00:00,26,14,1078,216,0,11.3,2.7,0.1,0,0,0,0,1,0,0,0,1
2023-12-14 22:00:00,24,23,627,138,0,11.3,2.7,0.1,0,0,0,0,1,0,0,0,1
2023-12-14 17:00:00,21,18,999,233,0,11.3,2.7,0.1,0,0,0,0,1,0,0,0,1
2023-12-14 14:00:00,20,15,1058,228,0,11.3,2.7,0.1,0,0,0,0,1,0,0,0,1
2023-12-14 21:00:00,14,22,455,166,0,11.3,2.7,0.1,0,0,0,0,1,0,0,0,1
2023-12-14 08:00:00,11,9,397,163,0,11.3,2.7,0.1,0,0,0,0,1,0,0,0,1
2023-12-15 02:00:00,2,3,178,51,0,11.3,5.2,0.0,1,0,0,0,0,0,0,0,1
2023-12-15 17:00:00,2,18,1093,50,0,11.3,5.2,0.0,1,0,0,0,0,0,0,0,1
2023-12-15 19:00:00,2,20,740,39,0,11.3,5.2,0.0,1,0,0,0,0,0,0,0,1
2023-12-15 23:00:00,1,0,395,237,0,11.3,5.2,0.0,1,0,0,0,0,0,0,0,1
2023-12-15 22:00:00,1,23,657,183,0,11.3,5.2,0.0,1,0,0,0,0,0,0,0,1
2023-12-15 03:00:00,1,4,39,16,0,11.3,5.2,0.0,1,0,0,0,0,0,0,0,1
2023-12-14 09:00:00,10,10,518,220,0,11.3,2.7,0.1,0,0,0,0,1,0,0,0,1
2023-12-14 10:00:00,2,11,699,248,0,11.3,2.7,0.1,0,0,0,0,1,0,0,0,1
2023-12-14 00:00:00,8,1,100,78,0,11.3,2.7,0.1,0,0,0,0,1,0,0,0,1
2023-12-14 02:00:00,8,3,87,49,0,11.3,2.7,0.1,0,0,0,0,1,0,0,0,1
2023-12-14 01:00:00,6,2,71,46,0,11.3,2.7,0.1,0,0,0,0,1,0,0,0,1
2023-12-14 03:00:00,5,4,38,27,0,11.3,2.7,0.1,0,0,0,0,1,0,0,0,1
2023-12-14 07:00:00,2,8,119,34,0,11.3,2.7,0.1,0,0,0,0,1,0,0,0,1
2023-12-14 05:00:00,0,6,16,20,0,11.3,2.7,0.1,0,0,0,0,1,0,0,0,1
2023-12-13 01:00:00,0,2,32,44,0,8.5,5.5,1.3,0,0,0,0,0,0,1,0,1
2023-12-13 02:00:00,0,3,37,34,0,8.5,5.5,1.3,0,0,0,0,0,0,1,0,1
2023-12-15 00:00:00,5,1,355,92,0,11.3,5.2,0.0,1,0,0,0,0,0,0,0,1
2023-12-15 01:00:00,5,2,238,69,0,11.3,5.2,0.0,1,0,0,0,0,0,0,0,1
2023-12-15 21:00:00,5,22,707,57,0,11.3,5.2,0.0,1,0,0,0,0,0,0,0,1
2023-12-13 06:00:00,0,7,36,15,0,8.5,5.5,1.3,0,0,0,0,0,0,1,0,1
2023-12-13 03:00:00,0,4,6,15,0,8.5,5.5,1.3,0,0,0,0,0,0,1,0,1
2023-12-13 05:00:00,0,6,17,10,0,8.5,5.5,1.3,0,0,0,0,0,0,1,0,1
2023-12-13 04:00:00,0,5,6,10,0,8.5,5.5,1.3,0,0,0,0,0,0,1,0,1
2023-12-15 18:00:00,4,19,786,43,0,11.3,5.2,0.0,1,0,0,0,0,0,0,0,1
2023-12-15 20:00:00,4,21,558,40,0,11.3,5.2,0.0,1,0,0,0,0,0,0,0,1
2023-12-14 06:00:00,1,7,41,34,0,11.3,2.7,0.1,0,0,0,0,1,0,0,0,1
2023-12-15 06:00:00,3,7,58,38,0,11.3,5.2,0.0,1,0,0,0,0,0,0,0,1
2023-12-15 05:00:00,3,6,19,20,0,11.3,5.2,0.0,1,0,0,0,0,0,0,0,1
2023-12-16 04:00:00,2,5,41,71,0,12.6,8.8,0.0,0,0,1,0,0,0,0,0,1
2023-12-16 21:00:00,17,22,919,248,0,12.6,8.8,0.0,0,0,1,0,0,0,0,0,1
2023-12-16 13:00:00,11,14,1321,287,0,12.6,8.8,0.0,0,0,1,0,0,0,0,0,1
2023-12-16 18:00:00,11,19,1452,53,0,12.6,8.8,0.0,0,0,1,0,0,0,0,0,1
2023-12-16 12:00:00,10,13,1398,314,0,12.6,8.8,0.0,0,0,1,0,0,0,0,0,1
2023-12-16 22:00:00,10,23,1055,276,0,12.6,8.8,0.0,0,0,1,0,0,0,0,0,1
2023-12-16 09:00:00,9,10,474,212,0,12.6,8.8,0.0,0,0,1,0,0,0,0,0,1
2023-12-17 10:00:00,13,11,628,163,0,12.6,10.1,0.0,0,0,0,1,0,0,0,0,1
2023-12-16 08:00:00,7,9,291,158,0,12.6,8.8,0.0,0,0,1,0,0,0,0,0,1
2023-12-15 04:00:00,0,5,21,20,0,11.3,5.2,0.0,1,0,0,0,0,0,0,0,1
2023-12-16 23:00:00,24,0,539,232,0,12.6,8.8,0.0,0,0,1,0,0,0,0,0,1
2023-12-16 20:00:00,20,21,775,267,0,12.6,8.8,0.0,0,0,1,0,0,0,0,0,1
2023-12-16 16:00:00,20,17,1360,163,0,12.6,8.8,0.0,0,0,1,0,0,0,0,0,1
2023-12-16 17:00:00,7,18,1603,81,0,12.6,8.8,0.0,0,0,1,0,0,0,0,0,1
2023-12-16 15:00:00,7,16,1189,80,0,12.6,8.8,0.0,0,0,1,0,0,0,0,0,1
2023-12-17 21:00:00,12,22,538,192,0,12.6,10.1,0.0,0,0,0,1,0,0,0,0,1
2023-12-17 03:00:00,12,4,93,129,0,12.6,10.1,0.0,0,0,0,1,0,0,0,0,1
2023-12-17 13:00:00,11,14,1163,226,0,12.6,10.1,0.0,0,0,0,1,0,0,0,0,1
2023-12-17 14:00:00,8,15,1037,258,0,12.6,10.1,0.0,0,0,0,1,0,0,0,0,1
2023-12-17 23:00:00,7,0,526,155,0,12.6,10.1,0.0,0,0,0,1,0,0,0,0,1
2023-12-17 01:00:00,4,2,470,120,0,12.6,10.1,0.0,0,0,0,1,0,0,0,0,1
2023-12-17 08:00:00,4,9,121,66,0,12.6,10.1,0.0,0,0,0,1,0,0,0,0,1
2023-12-17 04:00:00,4,5,25,60,0,12.6,10.1,0.0,0,0,0,1,0,0,0,0,1
2023-12-17 06:00:00,4,7,30,42,0,12.6,10.1,0.0,0,0,0,1,0,0,0,0,1
2023-12-17 05:00:00,3,6,31,34,0,12.6,10.1,0.0,0,0,0,1,0,0,0,0,1
2023-12-17 09:00:00,1,10,228,109,0,12.6,10.1,0.0,0,0,0,1,0,0,0,0,1
2023-12-16 07:00:00,2,8,77,61,0,12.6,8.8,0.0,0,0,1,0,0,0,0,0,1
2023-12-16 06:00:00,2,7,39,44,0,12.6,8.8,0.0,0,0,1,0,0,0,0,0,1
2023-12-17 07:00:00,1,8,73,43,0,12.6,10.1,0.0,0,0,0,1,0,0,0,0,1
2023-12-16 05:00:00,2,6,46,27,0,12.6,8.8,0.0,0,0,1,0,0,0,0,0,1
2023-12-16 19:00:00,5,20,1043,77,0,12.6,8.8,0.0,0,0,1,0,0,0,0,0,1
2023-12-17 02:00:00,1,3,161,9,0,12.6,10.1,0.0,0,0,0,1,0,0,0,0,1
2023-12-16 10:00:00,4,11,842,250,0,12.6,8.8,0.0,0,0,1,0,0,0,0,0,1
2023-12-16 03:00:00,4,4,71,108,0,12.6,8.8,0.0,0,0,1,0,0,0,0,0,1
2023-12-16 14:00:00,4,15,1328,42,0,12.6,8.8,0.0,0,0,1,0,0,0,0,0,1
2023-12-16 01:00:00,0,2,330,32,0,12.6,8.8,0.0,0,0,1,0,0,0,0,0,1
2023-12-16 00:00:00,1,1,395,163,0,12.6,8.8,0.0,0,0,1,0,0,0,0,0,1
2023-12-16 02:00:00,3,3,219,74,0,12.6,8.8,0.0,0,0,1,0,0,0,0,0,1
2023-12-17 17:00:00,70,18,772,231,0,12.6,10.1,0.0,0,0,0,1,0,0,0,0,1
2023-12-17 16:00:00,57,17,865,241,0,12.6,10.1,0.0,0,0,0,1,0,0,0,0,1
2023-12-17 18:00:00,40,19,750,214,0,12.6,10.1,0.0,0,0,0,1,0,0,0,0,1
2023-12-17 22:00:00,22,23,484,211,0,12.6,10.1,0.0,0,0,0,1,0,0,0,0,1
2023-12-17 15:00:00,20,16,1137,267,0,12.6,10.1,0.0,0,0,0,1,0,0,0,0,1
2023-12-17 00:00:00,20,1,597,193,0,12.6,10.1,0.0,0,0,0,1,0,0,0,0,1
2023-12-16 11:00:00,2,12,1143,271,0,12.6,8.8,0.0,0,0,1,0,0,0,0,0,1
2023-12-17 19:00:00,19,20,622,232,0,12.6,10.1,0.0,0,0,0,1,0,0,0,0,1
2023-12-17 12:00:00,17,13,1068,256,0,12.6,10.1,0.0,0,0,0,1,0,0,0,0,1
2023-12-17 11:00:00,16,12,911,189,0,12.6,10.1,0.0,0,0,0,1,0,0,0,0,1
2023-12-17 20:00:00,14,21,425,182,0,12.6,10.1,0.0,0,0,0,1,0,0,0,0,1
2023-12-18 11:00:00,15,12,854,284,0,7.7,10.4,0.0,0,1,0,0,0,0,0,0,1
2023-12-18 08:00:00,12,9,397,162,0,7.7,10.4,0.0,0,1,0,0,0,0,0,0,1
2023-12-18 22:00:00,12,23,316,135,0,7.7,10.4,0.0,0,1,0,0,0,0,0,0,1
2023-12-19 05:00:00,1,6,21,26,0,12.0,3.8,0.0,0,0,0,0,0,1,0,0,1
2023-12-18 20:00:00,12,21,279,118,0,7.7,10.4,0.0,0,1,0,0,0,0,0,0,1
2023-12-19 04:00:00,1,5,27,21,0,12.0,3.8,0.0,0,0,0,0,0,1,0,0,1
2023-12-18 06:00:00,1,7,61,50,0,7.7,10.4,0.0,0,1,0,0,0,0,0,0,1
2023-12-18 04:00:00,1,5,28,19,0,7.7,10.4,0.0,0,1,0,0,0,0,0,0,1
2023-12-19 08:00:00,15,9,502,165,0,12.0,3.8,0.0,0,0,0,0,0,1,0,0,1
2023-12-18 01:00:00,6,2,157,59,0,7.7,10.4,0.0,0,1,0,0,0,0,0,0,1
2023-12-19 21:00:00,15,22,335,156,0,12.0,3.8,0.0,0,0,0,0,0,1,0,0,1
2023-12-18 09:00:00,3,10,535,235,0,7.7,10.4,0.0,0,1,0,0,0,0,0,0,1
2023-12-18 21:00:00,3,22,135,132,0,7.7,10.4,0.0,0,1,0,0,0,0,0,0,1
2023-12-18 02:00:00,3,3,125,46,0,7.7,10.4,0.0,0,1,0,0,0,0,0,0,1
2023-12-18 05:00:00,3,6,27,46,0,7.7,10.4,0.0,0,1,0,0,0,0,0,0,1
2023-12-18 03:00:00,2,4,24,26,0,7.7,10.4,0.0,0,1,0,0,0,0,0,0,1
2023-12-19 15:00:00,5,16,667,130,0,12.0,3.8,0.0,0,0,0,0,0,1,0,0,1
2023-12-19 10:00:00,14,11,795,245,0,12.0,3.8,0.0,0,0,0,0,0,1,0,0,1
2023-12-19 20:00:00,14,21,412,153,0,12.0,3.8,0.0,0,0,0,0,0,1,0,0,1
2023-12-19 09:00:00,9,10,415,225,0,12.0,3.8,0.0,0,0,0,0,0,1,0,0,1
2023-12-19 22:00:00,9,23,275,108,0,12.0,3.8,0.0,0,0,0,0,0,1,0,0,1
2023-12-19 17:00:00,9,18,835,58,0,12.0,3.8,0.0,0,0,0,0,0,1,0,0,1
2023-12-19 00:00:00,7,1,276,84,0,12.0,3.8,0.0,0,0,0,0,0,1,0,0,1
2023-12-18 07:00:00,8,8,122,80,0,7.7,10.4,0.0,0,1,0,0,0,0,0,0,1
2023-12-18 00:00:00,7,1,291,103,0,7.7,10.4,0.0,0,1,0,0,0,0,0,0,1
2023-12-19 16:00:00,41,17,905,205,0,12.0,3.8,0.0,0,0,0,0,0,1,0,0,1
2023-12-19 12:00:00,28,13,1111,260,0,12.0,3.8,0.0,0,0,0,0,0,1,0,0,1
2023-12-19 13:00:00,27,14,1051,271,0,12.0,3.8,0.0,0,0,0,0,0,1,0,0,1
2023-12-19 14:00:00,26,15,1008,265,0,12.0,3.8,0.0,0,0,0,0,0,1,0,0,1
2023-12-19 11:00:00,19,12,809,243,0,12.0,3.8,0.0,0,0,0,0,0,1,0,0,1
2023-12-19 18:00:00,19,19,523,153,0,12.0,3.8,0.0,0,0,0,0,0,1,0,0,1
2023-12-19 19:00:00,17,20,438,144,0,12.0,3.8,0.0,0,0,0,0,0,1,0,0,1
2023-12-19 07:00:00,4,8,171,95,0,12.0,3.8,0.0,0,0,0,0,0,1,0,0,1
2023-12-19 06:00:00,4,7,63,36,0,12.0,3.8,0.0,0,0,0,0,0,1,0,0,1
2023-12-18 17:00:00,53,18,690,240,0,7.7,10.4,0.0,0,1,0,0,0,0,0,0,1
2023-12-18 18:00:00,46,19,498,260,0,7.7,10.4,0.0,0,1,0,0,0,0,0,0,1
2023-12-19 23:00:00,1,0,229,75,0,12.0,3.8,0.0,0,0,0,0,0,1,0,0,1
2023-12-19 02:00:00,1,3,135,36,0,12.0,3.8,0.0,0,0,0,0,0,1,0,0,1
2023-12-18 16:00:00,42,17,855,201,0,7.7,10.4,0.0,0,1,0,0,0,0,0,0,1
2023-12-18 19:00:00,39,20,397,210,0,7.7,10.4,0.0,0,1,0,0,0,0,0,0,1
2023-12-19 01:00:00,0,2,186,49,0,12.0,3.8,0.0,0,0,0,0,0,1,0,0,1
2023-12-18 12:00:00,22,13,963,293,0,7.7,10.4,0.0,0,1,0,0,0,0,0,0,1
2023-12-18 15:00:00,21,16,925,260,0,7.7,10.4,0.0,0,1,0,0,0,0,0,0,1
2023-12-18 13:00:00,20,14,965,269,0,7.7,10.4,0.0,0,1,0,0,0,0,0,0,1
2023-12-18 10:00:00,18,11,676,242,0,7.7,10.4,0.0,0,1,0,0,0,0,0,0,1
2023-12-19 03:00:00,0,4,46,14,0,12.0,3.8,0.0,0,0,0,0,0,1,0,0,1
2023-12-18 14:00:00,17,15,948,298,0,7.7,10.4,0.0,0,1,0,0,0,0,0,0,1
2023-12-18 23:00:00,17,0,251,149,0,7.7,10.4,0.0,0,1,0,0,0,0,0,0,1
2023-12-21 19:00:00,40,20,509,239,0,8.9,4.7,1.2,0,0,0,0,1,0,0,0,1
2023-12-21 20:00:00,31,21,345,230,0,8.9,4.7,1.2,0,0,0,0,1,0,0,0,1
2023-12-21 22:00:00,25,23,383,198,0,8.9,4.7,1.2,0,0,0,0,1,0,0,0,1
2023-12-21 23:00:00,25,0,387,137,0,8.9,4.7,1.2,0,0,0,0,1,0,0,0,1
2023-12-21 21:00:00,24,22,370,189,0,8.9,4.7,1.2,0,0,0,0,1,0,0,0,1
2023-12-20 22:00:00,4,23,303,103,0,9.5,3.8,0.4,0,0,0,0,0,0,1,0,1
2023-12-20 12:00:00,11,13,1069,152,0,9.5,3.8,0.4,0,0,0,0,0,0,1,0,1
2023-12-20 15:00:00,10,16,983,161,0,9.5,3.8,0.4,0,0,0,0,0,0,1,0,1
2023-12-20 11:00:00,10,12,857,124,0,9.5,3.8,0.4,0,0,0,0,0,0,1,0,1
2023-12-20 19:00:00,9,20,420,130,0,9.5,3.8,0.4,0,0,0,0,0,0,1,0,1
2023-12-20 10:00:00,7,11,695,140,0,9.5,3.8,0.4,0,0,0,0,0,0,1,0,1
2023-12-20 21:00:00,6,22,333,149,0,9.5,3.8,0.4,0,0,0,0,0,0,1,0,1
2023-12-20 09:00:00,6,10,453,129,0,9.5,3.8,0.4,0,0,0,0,0,0,1,0,1
2023-12-20 08:00:00,5,9,484,109,0,9.5,3.8,0.4,0,0,0,0,0,0,1,0,1
2023-12-20 01:00:00,0,2,107,37,0,9.5,3.8,0.4,0,0,0,0,0,0,1,0,1
2023-12-20 02:00:00,0,3,102,28,0,9.5,3.8,0.4,0,0,0,0,0,0,1,0,1
2023-12-20 05:00:00,0,6,22,28,0,9.5,3.8,0.4,0,0,0,0,0,0,1,0,1
2023-12-20 06:00:00,0,7,48,26,0,9.5,3.8,0.4,0,0,0,0,0,0,1,0,1
2023-12-20 04:00:00,0,5,12,24,0,9.5,3.8,0.4,0,0,0,0,0,0,1,0,1
2023-12-20 03:00:00,0,4,8,3,0,9.5,3.8,0.4,0,0,0,0,0,0,1,0,1
2023-12-21 13:00:00,2,14,979,3,0,8.9,4.7,1.2,0,0,0,0,1,0,0,0,1
2023-12-21 10:00:00,0,11,639,15,0,8.9,4.7,1.2,0,0,0,0,1,0,0,0,1
2023-12-20 00:00:00,3,1,204,62,0,9.5,3.8,0.4,0,0,0,0,0,0,1,0,1
2023-12-20 07:00:00,2,8,186,48,0,9.5,3.8,0.4,0,0,0,0,0,0,1,0,1
2023-12-20 23:00:00,2,0,194,35,0,9.5,3.8,0.4,0,0,0,0,0,0,1,0,1
2023-12-21 00:00:00,0,1,172,8,0,8.9,4.7,1.2,0,0,0,0,1,0,0,0,1
2023-12-21 11:00:00,7,12,765,12,0,8.9,4.7,1.2,0,0,0,0,1,0,0,0,1
2023-12-21 07:00:00,0,8,83,6,0,8.9,4.7,1.2,0,0,0,0,1,0,0,0,1
2023-12-20 16:00:00,36,17,928,136,0,9.5,3.8,0.4,0,0,0,0,0,0,1,0,1
2023-12-21 04:00:00,0,5,7,6,0,8.9,4.7,1.2,0,0,0,0,1,0,0,0,1
2023-12-20 17:00:00,28,18,826,161,0,9.5,3.8,0.4,0,0,0,0,0,0,1,0,1
2023-12-20 13:00:00,17,14,1042,149,0,9.5,3.8,0.4,0,0,0,0,0,0,1,0,1
2023-12-20 14:00:00,15,15,944,125,0,9.5,3.8,0.4,0,0,0,0,0,0,1,0,1
2023-12-20 18:00:00,14,19,519,163,0,9.5,3.8,0.4,0,0,0,0,0,0,1,0,1
2023-12-20 20:00:00,13,21,288,92,0,9.5,3.8,0.4,0,0,0,0,0,0,1,0,1
2023-12-21 06:00:00,0,7,31,5,0,8.9,4.7,1.2,0,0,0,0,1,0,0,0,1
2023-12-21 01:00:00,0,2,132,3,0,8.9,4.7,1.2,0,0,0,0,1,0,0,0,1
2023-12-21 02:00:00,0,3,92,3,0,8.9,4.7,1.2,0,0,0,0,1,0,0,0,1
2023-12-21 15:00:00,0,16,917,2,0,8.9,4.7,1.2,0,0,0,0,1,0,0,0,1
2023-12-21 08:00:00,8,9,387,9,0,8.9,4.7,1.2,0,0,0,0,1,0,0,0,1
2023-12-21 03:00:00,0,4,19,2,0,8.9,4.7,1.2,0,0,0,0,1,0,0,0,1
2023-12-21 05:00:00,0,6,17,2,0,8.9,4.7,1.2,0,0,0,0,1,0,0,0,1
2023-12-21 18:00:00,6,19,590,3,0,8.9,4.7,1.2,0,0,0,0,1,0,0,0,1
2023-12-21 09:00:00,4,10,498,11,0,8.9,4.7,1.2,0,0,0,0,1,0,0,0,1
2023-12-21 12:00:00,4,13,993,9,0,8.9,4.7,1.2,0,0,0,0,1,0,0,0,1
2023-12-21 17:00:00,4,18,829,9,0,8.9,4.7,1.2,0,0,0,0,1,0,0,0,1
2023-12-21 16:00:00,4,17,1034,0,0,8.9,4.7,1.2,0,0,0,0,1,0,0,0,1
2023-12-21 14:00:00,3,15,878,4,0,8.9,4.7,1.2,0,0,0,0,1,0,0,0,1
2023-12-22 19:00:00,31,20,628,318,0,12.1,6.4,14.3,1,0,0,0,0,0,0,0,1
2023-12-22 17:00:00,30,18,969,302,0,12.1,6.4,14.3,1,0,0,0,0,0,0,0,1
2023-12-22 18:00:00,29,19,833,301,0,12.1,6.4,14.3,1,0,0,0,0,0,0,0,1
2023-12-23 14:00:00,11,15,1357,406,0,10.3,3.5,3.6,0,0,1,0,0,0,0,0,1
2023-12-23 08:00:00,10,9,300,141,0,10.3,3.5,3.6,0,0,1,0,0,0,0,0,1
2023-12-23 13:00:00,9,14,1018,370,0,10.3,3.5,3.6,0,0,1,0,0,0,0,0,1
2023-12-23 15:00:00,9,16,1383,360,0,10.3,3.5,3.6,0,0,1,0,0,0,0,0,1
2023-12-23 16:00:00,9,17,856,242,0,10.3,3.5,3.6,0,0,1,0,0,0,0,0,1
2023-12-23 09:00:00,9,10,598,229,0,10.3,3.5,3.6,0,0,1,0,0,0,0,0,1
2023-12-23 12:00:00,7,13,1404,262,0,10.3,3.5,3.6,0,0,1,0,0,0,0,0,1
2023-12-23 01:00:00,6,2,214,107,0,10.3,3.5,3.6,0,0,1,0,0,0,0,0,1
2023-12-23 02:00:00,5,3,121,120,0,10.3,3.5,3.6,0,0,1,0,0,0,0,0,1
2023-12-23 07:00:00,4,8,42,62,0,10.3,3.5,3.6,0,0,1,0,0,0,0,0,1
2023-12-22 20:00:00,25,21,726,242,0,12.1,6.4,14.3,1,0,0,0,0,0,0,0,1
2023-12-22 06:00:00,0,7,44,53,0,12.1,6.4,14.3,1,0,0,0,0,0,0,0,1
2023-12-23 11:00:00,23,12,1375,375,0,10.3,3.5,3.6,0,0,1,0,0,0,0,0,1
2023-12-23 10:00:00,17,11,865,295,0,10.3,3.5,3.6,0,0,1,0,0,0,0,0,1
2023-12-23 19:00:00,0,20,460,21,0,10.3,3.5,3.6,0,0,1,0,0,0,0,0,1
2023-12-24 16:00:00,46,17,689,273,0,4.8,2.8,0.0,0,0,0,1,0,0,0,0,1
2023-12-24 17:00:00,37,18,296,239,0,4.8,2.8,0.0,0,0,0,1,0,0,0,0,1
2023-12-24 15:00:00,33,16,768,323,0,4.8,2.8,0.0,0,0,0,1,0,0,0,0,1
2023-12-24 19:00:00,24,20,185,185,0,4.8,2.8,0.0,0,0,0,1,0,0,0,0,1
2023-12-24 18:00:00,23,19,268,232,0,4.8,2.8,0.0,0,0,0,1,0,0,0,0,1
2023-12-24 12:00:00,20,13,895,330,0,4.8,2.8,0.0,0,0,0,1,0,0,0,0,1
2023-12-24 11:00:00,17,12,694,247,0,4.8,2.8,0.0,0,0,0,1,0,0,0,0,1
2023-12-24 20:00:00,16,21,340,182,0,4.8,2.8,0.0,0,0,0,1,0,0,0,0,1
2023-12-24 14:00:00,15,15,855,305,0,4.8,2.8,0.0,0,0,0,1,0,0,0,0,1
2023-12-24 13:00:00,15,14,909,259,0,4.8,2.8,0.0,0,0,0,1,0,0,0,0,1
2023-12-24 21:00:00,11,22,172,203,0,4.8,2.8,0.0,0,0,0,1,0,0,0,0,1
2023-12-22 02:00:00,2,3,211,48,0,12.1,6.4,14.3,1,0,0,0,0,0,0,0,1
2023-12-22 23:00:00,1,0,413,90,0,12.1,6.4,14.3,1,0,0,0,0,0,0,0,1
2023-12-22 03:00:00,1,4,15,31,0,12.1,6.4,14.3,1,0,0,0,0,0,0,0,1
2023-12-22 04:00:00,1,5,26,21,0,12.1,6.4,14.3,1,0,0,0,0,0,0,0,1
2023-12-22 01:00:00,0,2,197,78,0,12.1,6.4,14.3,1,0,0,0,0,0,0,0,1
2023-12-22 14:00:00,6,15,1511,314,0,12.1,6.4,14.3,1,0,0,0,0,0,0,0,1
2023-12-23 00:00:00,2,1,320,64,0,10.3,3.5,3.6,0,0,1,0,0,0,0,0,1
2023-12-22 16:00:00,22,17,1357,280,0,12.1,6.4,14.3,1,0,0,0,0,0,0,0,1
2023-12-22 22:00:00,5,23,329,340,0,12.1,6.4,14.3,1,0,0,0,0,0,0,0,1
2023-12-22 13:00:00,19,14,1314,317,0,12.1,6.4,14.3,1,0,0,0,0,0,0,0,1
2023-12-22 07:00:00,5,8,106,74,0,12.1,6.4,14.3,1,0,0,0,0,0,0,0,1
2023-12-23 22:00:00,1,23,312,69,0,10.3,3.5,3.6,0,0,1,0,0,0,0,0,1
2023-12-23 17:00:00,1,18,623,26,0,10.3,3.5,3.6,0,0,1,0,0,0,0,0,1
2023-12-23 06:00:00,1,7,20,22,0,10.3,3.5,3.6,0,0,1,0,0,0,0,0,1
2023-12-23 20:00:00,0,21,221,215,0,10.3,3.5,3.6,0,0,1,0,0,0,0,0,1
2023-12-22 12:00:00,13,13,1295,367,0,12.1,6.4,14.3,1,0,0,0,0,0,0,0,1
2023-12-22 11:00:00,12,12,995,295,0,12.1,6.4,14.3,1,0,0,0,0,0,0,0,1
2023-12-22 21:00:00,12,22,397,240,0,12.1,6.4,14.3,1,0,0,0,0,0,0,0,1
2023-12-22 00:00:00,12,1,300,107,0,12.1,6.4,14.3,1,0,0,0,0,0,0,0,1
2023-12-22 15:00:00,11,16,1386,287,0,12.1,6.4,14.3,1,0,0,0,0,0,0,0,1
2023-12-22 08:00:00,10,9,369,163,0,12.1,6.4,14.3,1,0,0,0,0,0,0,0,1
2023-12-22 09:00:00,8,10,486,280,0,12.1,6.4,14.3,1,0,0,0,0,0,0,0,1
2023-12-22 10:00:00,8,11,1013,270,0,12.1,6.4,14.3,1,0,0,0,0,0,0,0,1
2023-12-23 23:00:00,0,0,245,86,0,10.3,3.5,3.6,0,0,1,0,0,0,0,0,1
2023-12-23 03:00:00,0,4,34,68,0,10.3,3.5,3.6,0,0,1,0,0,0,0,0,1
2023-12-22 05:00:00,3,6,19,31,0,12.1,6.4,14.3,1,0,0,0,0,0,0,0,1
2023-12-23 21:00:00,0,22,376,37,0,10.3,3.5,3.6,0,0,1,0,0,0,0,0,1
2023-12-23 05:00:00,0,6,11,35,0,10.3,3.5,3.6,0,0,1,0,0,0,0,0,1
2023-12-23 18:00:00,0,19,332,34,0,10.3,3.5,3.6,0,0,1,0,0,0,0,0,1
2023-12-23 04:00:00,0,5,11,30,0,10.3,3.5,3.6,0,0,1,0,0,0,0,0,1
2023-12-25 08:00:00,3,9,30,20,1,6.3,0.4,3.4,0,1,0,0,0,0,0,0,1
2023-12-24 05:00:00,0,6,16,21,0,4.8,2.8,0.0,0,0,0,1,0,0,0,0,1
2023-12-25 23:00:00,0,0,45,55,1,6.3,0.4,3.4,0,1,0,0,0,0,0,0,1
2023-12-24 06:00:00,0,7,12,14,0,4.8,2.8,0.0,0,0,0,1,0,0,0,0,1
2023-12-24 03:00:00,0,4,0,14,0,4.8,2.8,0.0,0,0,0,1,0,0,0,0,1
2023-12-24 23:00:00,2,0,116,89,0,4.8,2.8,0.0,0,0,0,1,0,0,0,0,1
2023-12-24 00:00:00,1,1,219,70,0,4.8,2.8,0.0,0,0,0,1,0,0,0,0,1
2023-12-24 07:00:00,1,8,20,34,0,4.8,2.8,0.0,0,0,0,1,0,0,0,0,1
2023-12-24 04:00:00,1,5,14,21,0,4.8,2.8,0.0,0,0,0,1,0,0,0,0,1
2023-12-26 16:00:00,22,17,361,174,1,8.8,0.4,14.8,0,0,0,0,0,1,0,0,1
2023-12-25 03:00:00,1,4,17,13,1,6.3,0.4,3.4,0,1,0,0,0,0,0,0,1
2023-12-25 00:00:00,2,1,109,67,1,6.3,0.4,3.4,0,1,0,0,0,0,0,0,1
2023-12-25 14:00:00,10,15,169,87,1,6.3,0.4,3.4,0,1,0,0,0,0,0,0,1
2023-12-25 17:00:00,8,18,83,105,1,6.3,0.4,3.4,0,1,0,0,0,0,0,0,1
2023-12-25 16:00:00,8,17,66,90,1,6.3,0.4,3.4,0,1,0,0,0,0,0,0,1
2023-12-25 13:00:00,8,14,118,71,1,6.3,0.4,3.4,0,1,0,0,0,0,0,0,1
2023-12-25 12:00:00,7,13,117,72,1,6.3,0.4,3.4,0,1,0,0,0,0,0,0,1
2023-12-25 15:00:00,6,16,153,97,1,6.3,0.4,3.4,0,1,0,0,0,0,0,0,1
2023-12-25 18:00:00,5,19,93,65,1,6.3,0.4,3.4,0,1,0,0,0,0,0,0,1
2023-12-25 11:00:00,4,12,108,71,1,6.3,0.4,3.4,0,1,0,0,0,0,0,0,1
2023-12-25 10:00:00,4,11,103,53,1,6.3,0.4,3.4,0,1,0,0,0,0,0,0,1
2023-12-25 21:00:00,3,22,53,78,1,6.3,0.4,3.4,0,1,0,0,0,0,0,0,1
2023-12-25 01:00:00,3,2,96,51,1,6.3,0.4,3.4,0,1,0,0,0,0,0,0,1
2023-12-25 19:00:00,2,20,44,60,1,6.3,0.4,3.4,0,1,0,0,0,0,0,0,1
2023-12-26 14:00:00,18,15,593,234,1,8.8,0.4,14.8,0,0,0,0,0,1,0,0,1
2023-12-25 06:00:00,1,7,9,8,1,6.3,0.4,3.4,0,1,0,0,0,0,0,0,1
2023-12-25 22:00:00,2,23,36,56,1,6.3,0.4,3.4,0,1,0,0,0,0,0,0,1
2023-12-25 09:00:00,2,10,49,32,1,6.3,0.4,3.4,0,1,0,0,0,0,0,0,1
2023-12-26 13:00:00,17,14,621,212,1,8.8,0.4,14.8,0,0,0,0,0,1,0,0,1
2023-12-26 12:00:00,17,13,624,176,1,8.8,0.4,14.8,0,0,0,0,0,1,0,0,1
2023-12-26 17:00:00,17,18,271,173,1,8.8,0.4,14.8,0,0,0,0,0,1,0,0,1
2023-12-24 10:00:00,9,11,616,233,0,4.8,2.8,0.0,0,0,0,1,0,0,0,0,1
2023-12-25 05:00:00,0,6,4,14,1,6.3,0.4,3.4,0,1,0,0,0,0,0,0,1
2023-12-25 04:00:00,0,5,0,2,1,6.3,0.4,3.4,0,1,0,0,0,0,0,0,1
2023-12-26 18:00:00,15,19,273,195,1,8.8,0.4,14.8,0,0,0,0,0,1,0,0,1
2023-12-25 07:00:00,2,8,6,10,1,6.3,0.4,3.4,0,1,0,0,0,0,0,0,1
2023-12-24 22:00:00,8,23,132,119,0,4.8,2.8,0.0,0,0,0,1,0,0,0,0,1
2023-12-24 01:00:00,0,2,161,95,0,4.8,2.8,0.0,0,0,0,1,0,0,0,0,1
2023-12-26 19:00:00,8,20,147,126,1,8.8,0.4,14.8,0,0,0,0,0,1,0,0,1
2023-12-26 20:00:00,7,21,120,135,1,8.8,0.4,14.8,0,0,0,0,0,1,0,0,1
2023-12-26 15:00:00,6,16,608,200,1,8.8,0.4,14.8,0,0,0,0,0,1,0,0,1
2023-12-26 10:00:00,6,11,296,136,1,8.8,0.4,14.8,0,0,0,0,0,1,0,0,1
2023-12-24 08:00:00,5,9,153,117,0,4.8,2.8,0.0,0,0,0,1,0,0,0,0,1
2023-12-25 20:00:00,1,21,40,66,1,6.3,0.4,3.4,0,1,0,0,0,0,0,0,1
2023-12-25 02:00:00,1,3,47,40,1,6.3,0.4,3.4,0,1,0,0,0,0,0,0,1
2023-12-24 02:00:00,0,3,62,42,0,4.8,2.8,0.0,0,0,0,1,0,0,0,0,1
2023-12-24 09:00:00,4,10,338,171,0,4.8,2.8,0.0,0,0,0,1,0,0,0,0,1
2023-12-27 16:00:00,13,17,515,159,0,8.3,-4.0,22.5,0,0,0,0,0,0,1,0,1
2023-12-26 01:00:00,0,2,7,48,1,8.8,0.4,14.8,0,0,0,0,0,1,0,0,1
2023-12-26 21:00:00,1,22,89,90,1,8.8,0.4,14.8,0,0,0,0,0,1,0,0,1
2023-12-27 01:00:00,0,2,33,57,0,8.3,-4.0,22.5,0,0,0,0,0,0,1,0,1
2023-12-27 04:00:00,0,5,18,36,0,8.3,-4.0,22.5,0,0,0,0,0,0,1,0,1
2023-12-27 07:00:00,0,8,14,27,0,8.3,-4.0,22.5,0,0,0,0,0,0,1,0,1
2023-12-27 08:00:00,0,9,9,12,0,8.3,-4.0,22.5,0,0,0,0,0,0,1,0,1
2023-12-27 21:00:00,0,22,219,8,0,8.3,-4.0,22.5,0,0,0,0,0,0,1,0,1
2023-12-27 20:00:00,2,21,206,1,0,8.3,-4.0,22.5,0,0,0,0,0,0,1,0,1
2023-12-27 13:00:00,10,14,386,256,0,8.3,-4.0,22.5,0,0,0,0,0,0,1,0,1
2023-12-26 08:00:00,1,9,75,70,1,8.8,0.4,14.8,0,0,0,0,0,1,0,0,1
2023-12-26 03:00:00,1,4,4,42,1,8.8,0.4,14.8,0,0,0,0,0,1,0,0,1
2023-12-26 07:00:00,1,8,33,32,1,8.8,0.4,14.8,0,0,0,0,0,1,0,0,1
2023-12-26 02:00:00,1,3,5,32,1,8.8,0.4,14.8,0,0,0,0,0,1,0,0,1
2023-12-26 05:00:00,1,6,9,26,1,8.8,0.4,14.8,0,0,0,0,0,1,0,0,1
2023-12-26 23:00:00,0,0,48,86,1,8.8,0.4,14.8,0,0,0,0,0,1,0,0,1
2023-12-27 09:00:00,0,10,6,3,0,8.3,-4.0,22.5,0,0,0,0,0,0,1,0,1
2023-12-27 02:00:00,1,3,56,58,0,8.3,-4.0,22.5,0,0,0,0,0,0,1,0,1
2023-12-27 05:00:00,1,6,4,42,0,8.3,-4.0,22.5,0,0,0,0,0,0,1,0,1
2023-12-27 06:00:00,1,7,19,36,0,8.3,-4.0,22.5,0,0,0,0,0,0,1,0,1
2023-12-27 18:00:00,1,19,350,19,0,8.3,-4.0,22.5,0,0,0,0,0,0,1,0,1
2023-12-27 19:00:00,1,20,276,12,0,8.3,-4.0,22.5,0,0,0,0,0,0,1,0,1
2023-12-28 15:00:00,33,16,1134,272,0,5.3,3.4,19.9,0,0,0,0,1,0,0,0,1
2023-12-28 14:00:00,29,15,1152,304,0,5.3,3.4,19.9,0,0,0,0,1,0,0,0,1
2023-12-28 11:00:00,18,12,1007,209,0,5.3,3.4,19.9,0,0,0,0,1,0,0,0,1
2023-12-28 13:00:00,16,14,1131,300,0,5.3,3.4,19.9,0,0,0,0,1,0,0,0,1
2023-12-28 16:00:00,15,17,905,191,0,5.3,3.4,19.9,0,0,0,0,1,0,0,0,1
2023-12-28 23:00:00,15,0,287,88,0,5.3,3.4,19.9,0,0,0,0,1,0,0,0,1
2023-12-28 12:00:00,14,13,1020,278,0,5.3,3.4,19.9,0,0,0,0,1,0,0,0,1
2023-12-28 10:00:00,10,11,643,212,0,5.3,3.4,19.9,0,0,0,0,1,0,0,0,1
2023-12-27 14:00:00,7,15,557,255,0,8.3,-4.0,22.5,0,0,0,0,0,0,1,0,1
2023-12-27 12:00:00,7,13,327,235,0,8.3,-4.0,22.5,0,0,0,0,0,0,1,0,1
2023-12-26 06:00:00,0,7,5,19,1,8.8,0.4,14.8,0,0,0,0,0,1,0,0,1
2023-12-26 04:00:00,0,5,9,16,1,8.8,0.4,14.8,0,0,0,0,0,1,0,0,1
2023-12-27 15:00:00,7,16,545,215,0,8.3,-4.0,22.5,0,0,0,0,0,0,1,0,1
2023-12-28 09:00:00,6,10,384,209,0,5.3,3.4,19.9,0,0,0,0,1,0,0,0,1
2023-12-28 17:00:00,6,18,504,171,0,5.3,3.4,19.9,0,0,0,0,1,0,0,0,1
2023-12-28 00:00:00,6,1,111,67,0,5.3,3.4,19.9,0,0,0,0,1,0,0,0,1
2023-12-26 00:00:00,3,1,17,61,1,8.8,0.4,14.8,0,0,0,0,0,1,0,0,1
2023-12-27 22:00:00,5,23,186,82,0,8.3,-4.0,22.5,0,0,0,0,0,0,1,0,1
2023-12-27 23:00:00,4,0,148,97,0,8.3,-4.0,22.5,0,0,0,0,0,0,1,0,1
2023-12-26 11:00:00,2,12,405,126,1,8.8,0.4,14.8,0,0,0,0,0,1,0,0,1
2023-12-26 22:00:00,1,23,169,115,1,8.8,0.4,14.8,0,0,0,0,0,1,0,0,1
2023-12-26 09:00:00,1,10,147,90,1,8.8,0.4,14.8,0,0,0,0,0,1,0,0,1
2023-12-28 08:00:00,2,9,249,134,0,5.3,3.4,19.9,0,0,0,0,1,0,0,0,1
2023-12-28 22:00:00,2,23,260,48,0,5.3,3.4,19.9,0,0,0,0,1,0,0,0,1
2023-12-28 05:00:00,2,6,12,28,0,5.3,3.4,19.9,0,0,0,0,1,0,0,0,1
2023-12-27 11:00:00,4,12,85,64,0,8.3,-4.0,22.5,0,0,0,0,0,0,1,0,1
2023-12-27 03:00:00,2,4,31,70,0,8.3,-4.0,22.5,0,0,0,0,0,0,1,0,1
2023-12-27 00:00:00,2,1,14,56,0,8.3,-4.0,22.5,0,0,0,0,0,0,1,0,1
2023-12-27 17:00:00,2,18,467,14,0,8.3,-4.0,22.5,0,0,0,0,0,0,1,0,1
2023-12-28 18:00:00,1,19,293,118,0,5.3,3.4,19.9,0,0,0,0,1,0,0,0,1
2023-12-28 07:00:00,1,8,71,62,0,5.3,3.4,19.9,0,0,0,0,1,0,0,0,1
2023-12-28 01:00:00,1,2,109,47,0,5.3,3.4,19.9,0,0,0,0,1,0,0,0,1
2023-12-28 06:00:00,1,7,35,32,0,5.3,3.4,19.9,0,0,0,0,1,0,0,0,1
2023-12-28 02:00:00,0,3,77,55,0,5.3,3.4,19.9,0,0,0,0,1,0,0,0,1
2023-12-29 12:00:00,23,13,1307,245,0,6.8,3.0,0.1,1,0,0,0,0,0,0,0,1
2023-12-28 19:00:00,0,20,95,44,0,5.3,3.4,19.9,0,0,0,0,1,0,0,0,1
2023-12-29 14:00:00,22,15,1485,296,0,6.8,3.0,0.1,1,0,0,0,0,0,0,0,1
2023-12-29 20:00:00,4,21,619,190,0,6.8,3.0,0.1,1,0,0,0,0,0,0,0,1
2023-12-29 23:00:00,4,0,512,178,0,6.8,3.0,0.1,1,0,0,0,0,0,0,0,1
2023-12-29 21:00:00,4,22,549,172,0,6.8,3.0,0.1,1,0,0,0,0,0,0,0,1
2023-12-29 08:00:00,4,9,314,141,0,6.8,3.0,0.1,1,0,0,0,0,0,0,0,1
2023-12-29 07:00:00,4,8,77,57,0,6.8,3.0,0.1,1,0,0,0,0,0,0,0,1
2023-12-29 01:00:00,3,2,104,67,0,6.8,3.0,0.1,1,0,0,0,0,0,0,0,1
2023-12-29 02:00:00,2,3,98,30,0,6.8,3.0,0.1,1,0,0,0,0,0,0,0,1
2023-12-29 03:00:00,0,4,24,18,0,6.8,3.0,0.1,1,0,0,0,0,0,0,0,1
2023-12-29 06:00:00,1,7,35,33,0,6.8,3.0,0.1,1,0,0,0,0,0,0,0,1
2023-12-29 05:00:00,1,6,18,23,0,6.8,3.0,0.1,1,0,0,0,0,0,0,0,1
2023-12-29 04:00:00,1,5,12,17,0,6.8,3.0,0.1,1,0,0,0,0,0,0,0,1
2023-12-28 03:00:00,0,4,13,26,0,5.3,3.4,19.9,0,0,0,0,1,0,0,0,1
2023-12-29 13:00:00,18,14,1168,295,0,6.8,3.0,0.1,1,0,0,0,0,0,0,0,1
2023-12-28 21:00:00,0,22,206,24,0,5.3,3.4,19.9,0,0,0,0,1,0,0,0,1
2023-12-29 11:00:00,17,12,842,213,0,6.8,3.0,0.1,1,0,0,0,0,0,0,0,1
2023-12-28 20:00:00,0,21,182,20,0,5.3,3.4,19.9,0,0,0,0,1,0,0,0,1
2023-12-30 18:00:00,1,19,419,37,0,8.1,-0.4,9.2,0,0,1,0,0,0,0,0,1
2023-12-30 13:00:00,0,14,631,254,0,8.1,-0.4,9.2,0,0,1,0,0,0,0,0,1
2023-12-28 04:00:00,0,5,13,14,0,5.3,3.4,19.9,0,0,0,0,1,0,0,0,1
2023-12-30 12:00:00,4,13,797,258,0,8.1,-0.4,9.2,0,0,1,0,0,0,0,0,1
2023-12-30 20:00:00,20,21,317,168,0,8.1,-0.4,9.2,0,0,1,0,0,0,0,0,1
2023-12-30 21:00:00,9,22,278,184,0,8.1,-0.4,9.2,0,0,1,0,0,0,0,0,1
2023-12-30 10:00:00,8,11,538,201,0,8.1,-0.4,9.2,0,0,1,0,0,0,0,0,1
2023-12-30 11:00:00,4,12,680,221,0,8.1,-0.4,9.2,0,0,1,0,0,0,0,0,1
2023-12-30 08:00:00,4,9,197,111,0,8.1,-0.4,9.2,0,0,1,0,0,0,0,0,1
2023-12-30 23:00:00,4,0,226,105,0,8.1,-0.4,9.2,0,0,1,0,0,0,0,0,1
2023-12-30 19:00:00,4,20,225,63,0,8.1,-0.4,9.2,0,0,1,0,0,0,0,0,1
2023-12-29 22:00:00,11,23,629,201,0,6.8,3.0,0.1,1,0,0,0,0,0,0,0,1
2023-12-29 10:00:00,10,11,666,220,0,6.8,3.0,0.1,1,0,0,0,0,0,0,0,1
2023-12-29 09:00:00,10,10,367,189,0,6.8,3.0,0.1,1,0,0,0,0,0,0,0,1
2023-12-29 18:00:00,44,19,831,280,0,6.8,3.0,0.1,1,0,0,0,0,0,0,0,1
2023-12-29 15:00:00,40,16,1513,298,0,6.8,3.0,0.1,1,0,0,0,0,0,0,0,1
2023-12-29 17:00:00,33,18,1078,285,0,6.8,3.0,0.1,1,0,0,0,0,0,0,0,1
2023-12-29 16:00:00,26,17,1259,262,0,6.8,3.0,0.1,1,0,0,0,0,0,0,0,1
2023-12-30 22:00:00,3,23,359,100,0,8.1,-0.4,9.2,0,0,1,0,0,0,0,0,1
2023-12-29 00:00:00,9,1,196,60,0,6.8,3.0,0.1,1,0,0,0,0,0,0,0,1
2023-12-30 15:00:00,2,16,540,1340,0,8.1,-0.4,9.2,0,0,1,0,0,0,0,0,1
2023-12-30 14:00:00,2,15,462,207,0,8.1,-0.4,9.2,0,0,1,0,0,0,0,0,1
2023-12-29 19:00:00,5,20,423,200,0,6.8,3.0,0.1,1,0,0,0,0,0,0,0,1
2023-12-30 01:00:00,2,2,184,148,0,8.1,-0.4,9.2,0,0,1,0,0,0,0,0,1
2023-12-30 00:00:00,2,1,333,124,0,8.1,-0.4,9.2,0,0,1,0,0,0,0,0,1
2023-12-30 09:00:00,0,10,315,168,0,8.1,-0.4,9.2,0,0,1,0,0,0,0,0,1
2023-12-31 08:00:00,2,9,84,45,0,6.8,-1.0,0.2,0,0,0,1,0,0,0,0,1
2023-12-30 16:00:00,0,17,411,10,0,8.1,-0.4,9.2,0,0,1,0,0,0,0,0,1
2023-12-30 02:00:00,0,3,106,78,0,8.1,-0.4,9.2,0,0,1,0,0,0,0,0,1
2023-12-30 07:00:00,0,8,55,48,0,8.1,-0.4,9.2,0,0,1,0,0,0,0,0,1
2023-12-30 03:00:00,0,4,37,48,0,8.1,-0.4,9.2,0,0,1,0,0,0,0,0,1
2023-12-30 06:00:00,0,7,25,26,0,8.1,-0.4,9.2,0,0,1,0,0,0,0,0,1
2023-12-30 05:00:00,0,6,9,25,0,8.1,-0.4,9.2,0,0,1,0,0,0,0,0,1
2023-12-30 04:00:00,0,5,11,20,0,8.1,-0.4,9.2,0,0,1,0,0,0,0,0,1
2023-12-30 17:00:00,0,18,335,18,0,8.1,-0.4,9.2,0,0,1,0,0,0,0,0,1
2023-12-31 23:00:00,11,0,605,237,0,6.8,-1.0,0.2,0,0,0,1,0,0,0,0,1
2023-12-31 22:00:00,11,23,615,232,0,6.8,-1.0,0.2,0,0,0,1,0,0,0,0,1
2023-12-31 19:00:00,33,20,548,213,0,6.8,-1.0,0.2,0,0,0,1,0,0,0,0,1
2023-12-31 17:00:00,31,18,458,199,0,6.8,-1.0,0.2,0,0,0,1,0,0,0,0,1
2023-12-31 16:00:00,28,17,681,226,0,6.8,-1.0,0.2,0,0,0,1,0,0,0,0,1
2023-12-31 15:00:00,25,16,901,250,0,6.8,-1.0,0.2,0,0,0,1,0,0,0,0,1
2023-12-31 20:00:00,25,21,509,244,0,6.8,-1.0,0.2,0,0,0,1,0,0,0,0,1
2023-12-31 12:00:00,23,13,843,225,0,6.8,-1.0,0.2,0,0,0,1,0,0,0,0,1
2023-12-31 18:00:00,22,19,461,231,0,6.8,-1.0,0.2,0,0,0,1,0,0,0,0,1
2023-12-31 14:00:00,20,15,933,238,0,6.8,-1.0,0.2,0,0,0,1,0,0,0,0,1
2023-12-31 21:00:00,18,22,611,210,0,6.8,-1.0,0.2,0,0,0,1,0,0,0,0,1
2023-12-31 13:00:00,15,14,924,236,0,6.8,-1.0,0.2,0,0,0,1,0,0,0,0,1
2023-12-31 11:00:00,11,12,612,142,0,6.8,-1.0,0.2,0,0,0,1,0,0,0,0,1
2023-12-31 10:00:00,9,11,464,144,0,6.8,-1.0,0.2,0,0,0,1,0,0,0,0,1
2023-12-31 00:00:00,1,1,260,95,0,6.8,-1.0,0.2,0,0,0,1,0,0,0,0,1
2023-12-31 01:00:00,0,2,168,28,0,6.8,-1.0,0.2,0,0,0,1,0,0,0,0,1
2023-12-31 06:00:00,0,7,18,13,0,6.8,-1.0,0.2,0,0,0,1,0,0,0,0,1
2023-12-31 03:00:00,0,4,50,3,0,6.8,-1.0,0.2,0,0,0,1,0,0,0,0,1
2023-12-31 05:00:00,0,6,9,1,0,6.8,-1.0,0.2,0,0,0,1,0,0,0,0,1
2023-12-31 04:00:00,0,5,15,0,0,6.8,-1.0,0.2,0,0,0,1,0,0,0,0,1
2023-12-31 07:00:00,1,8,31,35,0,6.8,-1.0,0.2,0,0,0,1,0,0,0,0,1
2023-12-31 02:00:00,1,3,108,8,0,6.8,-1.0,0.2,0,0,0,1,0,0,0,0,1
2023-12-31 09:00:00,5,10,197,85,0,6.8,-1.0,0.2,0,0,0,1,0,0,0,0,1
2024-01-01 15:00:00,23,16,407,131,1,7.4,5.5,9.6,0,1,0,0,0,0,0,0,1
2024-01-01 14:00:00,20,15,414,111,1,7.4,5.5,9.6,0,1,0,0,0,0,0,0,1
2024-01-01 17:00:00,19,18,164,108,1,7.4,5.5,9.6,0,1,0,0,0,0,0,0,1
2024-01-01 18:00:00,18,19,138,98,1,7.4,5.5,9.6,0,1,0,0,0,0,0,0,1
2024-01-01 03:00:00,17,4,173,123,1,7.4,5.5,9.6,0,1,0,0,0,0,0,0,1
2024-01-01 16:00:00,14,17,280,107,1,7.4,5.5,9.6,0,1,0,0,0,0,0,0,1
2024-01-01 19:00:00,13,20,167,104,1,7.4,5.5,9.6,0,1,0,0,0,0,0,0,1
2024-01-01 20:00:00,13,21,107,82,1,7.4,5.5,9.6,0,1,0,0,0,0,0,0,1
2024-01-01 09:00:00,12,10,73,34,1,7.4,5.5,9.6,0,1,0,0,0,0,0,0,1
2024-01-01 01:00:00,11,2,438,134,1,7.4,5.5,9.6,0,1,0,0,0,0,0,0,1
2024-01-01 12:00:00,11,13,382,85,1,7.4,5.5,9.6,0,1,0,0,0,0,0,0,1
2024-01-01 10:00:00,9,11,171,56,1,7.4,5.5,9.6,0,1,0,0,0,0,0,0,1
2024-01-01 02:00:00,8,3,390,183,1,7.4,5.5,9.6,0,1,0,0,0,0,0,0,1
2024-01-01 11:00:00,8,12,275,70,1,7.4,5.5,9.6,0,1,0,0,0,0,0,0,1
2024-01-01 00:00:00,7,1,593,191,1,7.4,5.5,9.6,0,1,0,0,0,0,0,0,1
2024-01-01 21:00:00,7,22,96,85,1,7.4,5.5,9.6,0,1,0,0,0,0,0,0,1
2024-01-01 23:00:00,1,0,59,60,1,7.4,5.5,9.6,0,1,0,0,0,0,0,0,1
2024-01-01 04:00:00,0,5,27,82,1,7.4,5.5,9.6,0,1,0,0,0,0,0,0,1
2024-01-02 14:00:00,21,15,871,250,1,7.3,5.5,6.4,0,0,0,0,0,1,0,0,1
2024-01-02 12:00:00,21,13,923,196,1,7.3,5.5,6.4,0,0,0,0,0,1,0,0,1
2024-01-02 16:00:00,18,17,601,137,1,7.3,5.5,6.4,0,0,0,0,0,1,0,0,1
2024-01-02 19:00:00,15,20,409,149,1,7.3,5.5,6.4,0,0,0,0,0,1,0,0,1
2024-01-02 18:00:00,15,19,381,144,1,7.3,5.5,6.4,0,0,0,0,0,1,0,0,1
2024-01-01 13:00:00,4,14,314,93,1,7.4,5.5,9.6,0,1,0,0,0,0,0,0,1
2024-01-01 22:00:00,4,23,161,65,1,7.4,5.5,9.6,0,1,0,0,0,0,0,0,1
2024-01-01 05:00:00,3,6,20,37,1,7.4,5.5,9.6,0,1,0,0,0,0,0,0,1
2024-01-01 08:00:00,3,9,34,18,1,7.4,5.5,9.6,0,1,0,0,0,0,0,0,1
2024-01-01 07:00:00,2,8,25,25,1,7.4,5.5,9.6,0,1,0,0,0,0,0,0,1
2024-01-02 13:00:00,14,14,979,214,1,7.3,5.5,6.4,0,0,0,0,0,1,0,0,1
2024-01-02 11:00:00,14,12,937,184,1,7.3,5.5,6.4,0,0,0,0,0,1,0,0,1
2024-01-02 20:00:00,13,21,350,116,1,7.3,5.5,6.4,0,0,0,0,0,1,0,0,1
2024-01-02 10:00:00,12,11,522,160,1,7.3,5.5,6.4,0,0,0,0,0,1,0,0,1
2024-01-02 21:00:00,6,22,211,134,1,7.3,5.5,6.4,0,0,0,0,0,1,0,0,1
2024-01-02 09:00:00,6,10,185,115,1,7.3,5.5,6.4,0,0,0,0,0,1,0,0,1
2024-01-02 04:00:00,0,5,11,15,1,7.3,5.5,6.4,0,0,0,0,0,1,0,0,1
2024-01-02 07:00:00,0,8,20,13,1,7.3,5.5,6.4,0,0,0,0,0,1,0,0,1
2024-01-02 02:00:00,0,3,1,6,1,7.3,5.5,6.4,0,0,0,0,0,1,0,0,1
2024-01-02 03:00:00,0,4,0,3,1,7.3,5.5,6.4,0,0,0,0,0,1,0,0,1
2024-01-01 06:00:00,0,7,15,17,1,7.4,5.5,9.6,0,1,0,0,0,0,0,0,1
2024-01-02 08:00:00,0,9,117,34,1,7.3,5.5,6.4,0,0,0,0,0,1,0,0,1
2024-01-02 06:00:00,0,7,9,22,1,7.3,5.5,6.4,0,0,0,0,0,1,0,0,1
2024-01-02 15:00:00,32,16,844,211,1,7.3,5.5,6.4,0,0,0,0,0,1,0,0,1
2024-01-03 12:00:00,39,13,871,220,0,7.3,5.7,9.3,0,0,0,0,0,0,1,0,1
2024-01-03 13:00:00,33,14,994,265,0,7.3,5.7,9.3,0,0,0,0,0,0,1,0,1
2024-01-03 11:00:00,28,12,677,200,0,7.3,5.7,9.3,0,0,0,0,0,0,1,0,1
2024-01-03 14:00:00,25,15,1086,317,0,7.3,5.7,9.3,0,0,0,0,0,0,1,0,1
2024-01-02 23:00:00,3,0,84,104,1,7.3,5.5,6.4,0,0,0,0,0,1,0,0,1
2024-01-02 17:00:00,3,18,364,96,1,7.3,5.5,6.4,0,0,0,0,0,1,0,0,1
2024-01-02 01:00:00,3,2,4,35,1,7.3,5.5,6.4,0,0,0,0,0,1,0,0,1
2024-01-02 22:00:00,1,23,129,85,1,7.3,5.5,6.4,0,0,0,0,0,1,0,0,1
2024-01-02 00:00:00,1,1,48,67,1,7.3,5.5,6.4,0,0,0,0,0,1,0,0,1
2024-01-02 05:00:00,1,6,8,14,1,7.3,5.5,6.4,0,0,0,0,0,1,0,0,1
2024-01-03 09:00:00,18,10,344,157,0,7.3,5.7,9.3,0,0,0,0,0,0,1,0,1
2024-01-03 10:00:00,13,11,520,184,0,7.3,5.7,9.3,0,0,0,0,0,0,1,0,1
2024-01-03 22:00:00,10,23,160,82,0,7.3,5.7,9.3,0,0,0,0,0,0,1,0,1
2024-01-03 15:00:00,9,16,879,206,0,7.3,5.7,9.3,0,0,0,0,0,0,1,0,1
2024-01-03 18:00:00,7,19,225,143,0,7.3,5.7,9.3,0,0,0,0,0,0,1,0,1
2024-01-03 00:00:00,7,1,139,69,0,7.3,5.7,9.3,0,0,0,0,0,0,1,0,1
2024-01-03 21:00:00,6,22,132,89,0,7.3,5.7,9.3,0,0,0,0,0,0,1,0,1
2024-01-03 23:00:00,6,0,116,69,0,7.3,5.7,9.3,0,0,0,0,0,0,1,0,1
2024-01-03 01:00:00,6,2,46,60,0,7.3,5.7,9.3,0,0,0,0,0,0,1,0,1
2024-01-03 19:00:00,5,20,192,110,0,7.3,5.7,9.3,0,0,0,0,0,0,1,0,1
2024-01-03 20:00:00,4,21,145,80,0,7.3,5.7,9.3,0,0,0,0,0,0,1,0,1
2024-01-03 17:00:00,3,18,466,138,0,7.3,5.7,9.3,0,0,0,0,0,0,1,0,1
2024-01-04 17:00:00,14,18,596,195,0,6.4,6.0,9.3,0,0,0,0,1,0,0,0,1
2024-01-03 16:00:00,0,17,494,38,0,7.3,5.7,9.3,0,0,0,0,0,0,1,0,1
2024-01-03 06:00:00,0,7,48,28,0,7.3,5.7,9.3,0,0,0,0,0,0,1,0,1
2024-01-03 08:00:00,2,9,290,90,0,7.3,5.7,9.3,0,0,0,0,0,0,1,0,1
2024-01-03 07:00:00,2,8,54,43,0,7.3,5.7,9.3,0,0,0,0,0,0,1,0,1
2024-01-03 03:00:00,0,4,12,2,0,7.3,5.7,9.3,0,0,0,0,0,0,1,0,1
2024-01-03 05:00:00,0,6,8,2,0,7.3,5.7,9.3,0,0,0,0,0,0,1,0,1
2024-01-03 04:00:00,0,5,6,2,0,7.3,5.7,9.3,0,0,0,0,0,0,1,0,1
2024-01-04 03:00:00,0,4,20,7,0,6.4,6.0,9.3,0,0,0,0,1,0,0,0,1
2024-01-04 16:00:00,22,17,766,143,0,6.4,6.0,9.3,0,0,0,0,1,0,0,0,1
2024-01-04 13:00:00,21,14,973,215,0,6.4,6.0,9.3,0,0,0,0,1,0,0,0,1
2024-01-04 19:00:00,21,20,325,149,0,6.4,6.0,9.3,0,0,0,0,1,0,0,0,1
2024-01-04 15:00:00,17,16,981,203,0,6.4,6.0,9.3,0,0,0,0,1,0,0,0,1
2024-01-04 12:00:00,13,13,959,235,0,6.4,6.0,9.3,0,0,0,0,1,0,0,0,1
2024-01-04 22:00:00,13,23,209,100,0,6.4,6.0,9.3,0,0,0,0,1,0,0,0,1
2024-01-04 14:00:00,12,15,1052,247,0,6.4,6.0,9.3,0,0,0,0,1,0,0,0,1
2024-01-04 20:00:00,11,21,313,116,0,6.4,6.0,9.3,0,0,0,0,1,0,0,0,1
2024-01-05 16:00:00,21,17,1008,229,0,5.6,6.0,0.0,1,0,0,0,0,0,0,0,1
2024-01-05 12:00:00,14,13,858,210,0,5.6,6.0,0.0,1,0,0,0,0,0,0,0,1
2024-01-05 15:00:00,12,16,1047,216,0,5.6,6.0,0.0,1,0,0,0,0,0,0,0,1
2024-01-05 10:00:00,10,11,621,171,0,5.6,6.0,0.0,1,0,0,0,0,0,0,0,1
2024-01-04 05:00:00,1,6,13,26,0,6.4,6.0,9.3,0,0,0,0,1,0,0,0,1
2024-01-04 18:00:00,10,19,374,194,0,6.4,6.0,9.3,0,0,0,0,1,0,0,0,1
2024-01-04 04:00:00,1,5,9,11,0,6.4,6.0,9.3,0,0,0,0,1,0,0,0,1
2024-01-04 23:00:00,10,0,195,78,0,6.4,6.0,9.3,0,0,0,0,1,0,0,0,1
2024-01-03 02:00:00,1,3,56,46,0,7.3,5.7,9.3,0,0,0,0,0,0,1,0,1
2024-01-04 09:00:00,9,10,342,155,0,6.4,6.0,9.3,0,0,0,0,1,0,0,0,1
2024-01-04 10:00:00,8,11,562,158,0,6.4,6.0,9.3,0,0,0,0,1,0,0,0,1
2024-01-04 21:00:00,8,22,180,118,0,6.4,6.0,9.3,0,0,0,0,1,0,0,0,1
2024-01-04 08:00:00,8,9,241,116,0,6.4,6.0,9.3,0,0,0,0,1,0,0,0,1
2024-01-04 00:00:00,2,1,165,53,0,6.4,6.0,9.3,0,0,0,0,1,0,0,0,1
2024-01-04 11:00:00,4,12,668,186,0,6.4,6.0,9.3,0,0,0,0,1,0,0,0,1
2024-01-04 07:00:00,1,8,90,64,0,6.4,6.0,9.3,0,0,0,0,1,0,0,0,1
2024-01-04 01:00:00,0,2,79,26,0,6.4,6.0,9.3,0,0,0,0,1,0,0,0,1
2024-01-04 02:00:00,0,3,66,26,0,6.4,6.0,9.3,0,0,0,0,1,0,0,0,1
2024-01-04 06:00:00,0,7,39,21,0,6.4,6.0,9.3,0,0,0,0,1,0,0,0,1
2024-01-06 11:00:00,11,12,544,125,0,2.5,0.2,0.0,0,0,1,0,0,0,0,0,1
2024-01-06 16:00:00,10,17,913,211,0,2.5,0.2,0.0,0,0,1,0,0,0,0,0,1
2024-01-06 10:00:00,0,11,424,151,0,2.5,0.2,0.0,0,0,1,0,0,0,0,0,1
2024-01-06 22:00:00,9,23,446,171,0,2.5,0.2,0.0,0,0,1,0,0,0,0,0,1
2024-01-06 15:00:00,8,16,998,227,0,2.5,0.2,0.0,0,0,1,0,0,0,0,0,1
2024-01-06 17:00:00,8,18,673,184,0,2.5,0.2,0.0,0,0,1,0,0,0,0,0,1
2024-01-05 13:00:00,9,14,1098,208,0,5.6,6.0,0.0,1,0,0,0,0,0,0,0,1
2024-01-05 11:00:00,9,12,709,180,0,5.6,6.0,0.0,1,0,0,0,0,0,0,0,1
2024-01-05 08:00:00,3,9,260,91,0,5.6,6.0,0.0,1,0,0,0,0,0,0,0,1
2024-01-06 08:00:00,0,9,132,103,0,2.5,0.2,0.0,0,0,1,0,0,0,0,0,1
2024-01-05 17:00:00,8,18,732,235,0,5.6,6.0,0.0,1,0,0,0,0,0,0,0,1
2024-01-05 05:00:00,0,6,26,22,0,5.6,6.0,0.0,1,0,0,0,0,0,0,0,1
2024-01-05 04:00:00,0,5,6,10,0,5.6,6.0,0.0,1,0,0,0,0,0,0,0,1
2024-01-05 03:00:00,0,4,8,9,0,5.6,6.0,0.0,1,0,0,0,0,0,0,0,1
2024-01-05 19:00:00,7,20,506,197,0,5.6,6.0,0.0,1,0,0,0,0,0,0,0,1
2024-01-05 20:00:00,7,21,363,173,0,5.6,6.0,0.0,1,0,0,0,0,0,0,0,1
2024-01-05 09:00:00,7,10,362,132,0,5.6,6.0,0.0,1,0,0,0,0,0,0,0,1
2024-01-07 12:00:00,19,13,785,599,0,2.9,0.1,0.0,0,0,0,1,0,0,0,0,1
2024-01-07 10:00:00,14,11,373,122,0,2.9,0.1,0.0,0,0,0,1,0,0,0,0,1
2024-01-07 13:00:00,13,14,657,1277,0,2.9,0.1,0.0,0,0,0,1,0,0,0,0,1
2024-01-07 16:00:00,12,17,527,161,0,2.9,0.1,0.0,0,0,0,1,0,0,0,0,1
2024-01-07 14:00:00,11,15,638,144,0,2.9,0.1,0.0,0,0,0,1,0,0,0,0,1
2024-01-07 09:00:00,9,10,120,80,0,2.9,0.1,0.0,0,0,0,1,0,0,0,0,1
2024-01-07 11:00:00,7,12,532,138,0,2.9,0.1,0.0,0,0,0,1,0,0,0,0,1
2024-01-05 18:00:00,6,19,473,186,0,5.6,6.0,0.0,1,0,0,0,0,0,0,0,1
2024-01-05 14:00:00,5,15,1201,229,0,5.6,6.0,0.0,1,0,0,0,0,0,0,0,1
2024-01-05 21:00:00,4,22,348,180,0,5.6,6.0,0.0,1,0,0,0,0,0,0,0,1
2024-01-05 22:00:00,4,23,315,168,0,5.6,6.0,0.0,1,0,0,0,0,0,0,0,1
2024-01-05 23:00:00,2,0,318,140,0,5.6,6.0,0.0,1,0,0,0,0,0,0,0,1
2024-01-05 00:00:00,4,1,208,65,0,5.6,6.0,0.0,1,0,0,0,0,0,0,0,1
2024-01-05 07:00:00,2,8,90,53,0,5.6,6.0,0.0,1,0,0,0,0,0,0,0,1
2024-01-06 23:00:00,6,0,451,155,0,2.5,0.2,0.0,0,0,1,0,0,0,0,0,1
2024-01-05 06:00:00,1,7,41,35,0,5.6,6.0,0.0,1,0,0,0,0,0,0,0,1
2024-01-05 01:00:00,1,2,127,34,0,5.6,6.0,0.0,1,0,0,0,0,0,0,0,1
2024-01-05 02:00:00,1,3,86,29,0,5.6,6.0,0.0,1,0,0,0,0,0,0,0,1
2024-01-06 20:00:00,4,21,444,168,0,2.5,0.2,0.0,0,0,1,0,0,0,0,0,1
2024-01-06 19:00:00,1,20,423,82,0,2.5,0.2,0.0,0,0,1,0,0,0,0,0,1
2024-01-06 02:00:00,1,3,246,58,0,2.5,0.2,0.0,0,0,1,0,0,0,0,0,1
2024-01-06 04:00:00,0,5,8,3,0,2.5,0.2,0.0,0,0,1,0,0,0,0,0,1
2024-01-06 03:00:00,0,4,47,2,0,2.5,0.2,0.0,0,0,1,0,0,0,0,0,1
2024-01-06 13:00:00,3,14,995,222,0,2.5,0.2,0.0,0,0,1,0,0,0,0,0,1
2024-01-06 06:00:00,0,7,30,2,0,2.5,0.2,0.0,0,0,1,0,0,0,0,0,1
2024-01-06 12:00:00,3,13,891,172,0,2.5,0.2,0.0,0,0,1,0,0,0,0,0,1
2024-01-06 14:00:00,3,15,1023,138,0,2.5,0.2,0.0,0,0,1,0,0,0,0,0,1
2024-01-06 07:00:00,1,8,51,34,0,2.5,0.2,0.0,0,0,1,0,0,0,0,0,1
2024-01-06 00:00:00,3,1,417,130,0,2.5,0.2,0.0,0,0,1,0,0,0,0,0,1
2024-01-06 05:00:00,0,6,10,1,0,2.5,0.2,0.0,0,0,1,0,0,0,0,0,1
2024-01-06 09:00:00,2,10,289,161,0,2.5,0.2,0.0,0,0,1,0,0,0,0,0,1
2024-01-06 21:00:00,2,22,372,159,0,2.5,0.2,0.0,0,0,1,0,0,0,0,0,1
2024-01-06 01:00:00,2,2,340,89,0,2.5,0.2,0.0,0,0,1,0,0,0,0,0,1
2024-01-06 18:00:00,2,19,388,32,0,2.5,0.2,0.0,0,0,1,0,0,0,0,0,1
2024-01-07 01:00:00,1,2,394,140,0,2.9,0.1,0.0,0,0,0,1,0,0,0,0,1
2024-01-07 19:00:00,1,20,231,119,0,2.9,0.1,0.0,0,0,0,1,0,0,0,0,1
2024-01-07 22:00:00,1,23,142,89,0,2.9,0.1,0.0,0,0,0,1,0,0,0,0,1
2024-01-07 03:00:00,1,4,41,54,0,2.9,0.1,0.0,0,0,0,1,0,0,0,0,1
2024-01-07 04:00:00,1,5,10,36,0,2.9,0.1,0.0,0,0,0,1,0,0,0,0,1
2024-01-08 01:00:00,0,2,98,43,0,3.9,-1.5,1.2,0,1,0,0,0,0,0,0,1
2024-01-08 20:00:00,6,21,195,114,0,3.9,-1.5,1.2,0,1,0,0,0,0,0,0,1
2024-01-08 08:00:00,34,9,348,118,0,3.9,-1.5,1.2,0,1,0,0,0,0,0,0,1
2024-01-08 11:00:00,28,12,471,196,0,3.9,-1.5,1.2,0,1,0,0,0,0,0,0,1
2024-01-08 02:00:00,1,3,111,47,0,3.9,-1.5,1.2,0,1,0,0,0,0,0,0,1
2024-01-07 05:00:00,0,6,9,21,0,2.9,0.1,0.0,0,0,0,1,0,0,0,0,1
2024-01-08 14:00:00,53,15,715,262,0,3.9,-1.5,1.2,0,1,0,0,0,0,0,0,1
2024-01-08 15:00:00,46,16,619,209,0,3.9,-1.5,1.2,0,1,0,0,0,0,0,0,1
2024-01-08 13:00:00,42,14,617,240,0,3.9,-1.5,1.2,0,1,0,0,0,0,0,0,1
2024-01-08 12:00:00,40,13,761,238,0,3.9,-1.5,1.2,0,1,0,0,0,0,0,0,1
2024-01-08 05:00:00,1,6,26,24,0,3.9,-1.5,1.2,0,1,0,0,0,0,0,0,1
2024-01-08 03:00:00,0,4,13,23,0,3.9,-1.5,1.2,0,1,0,0,0,0,0,0,1
2024-01-08 09:00:00,24,10,433,191,0,3.9,-1.5,1.2,0,1,0,0,0,0,0,0,1
2024-01-08 04:00:00,1,5,10,14,0,3.9,-1.5,1.2,0,1,0,0,0,0,0,0,1
2024-01-08 10:00:00,23,11,469,178,0,3.9,-1.5,1.2,0,1,0,0,0,0,0,0,1
2024-01-09 16:00:00,19,17,558,212,0,6.0,5.5,0.0,0,0,0,0,0,1,0,0,1
2024-01-08 16:00:00,21,17,623,178,0,3.9,-1.5,1.2,0,1,0,0,0,0,0,0,1
2024-01-07 15:00:00,5,16,596,184,0,2.9,0.1,0.0,0,0,0,1,0,0,0,0,1
2024-01-07 20:00:00,5,21,276,105,0,2.9,0.1,0.0,0,0,0,1,0,0,0,0,1
2024-01-08 00:00:00,0,1,173,73,0,3.9,-1.5,1.2,0,1,0,0,0,0,0,0,1
2024-01-08 21:00:00,4,22,225,87,0,3.9,-1.5,1.2,0,1,0,0,0,0,0,0,1
2024-01-08 07:00:00,4,8,149,53,0,3.9,-1.5,1.2,0,1,0,0,0,0,0,0,1
2024-01-09 12:00:00,16,13,754,377,0,6.0,5.5,0.0,0,0,0,0,0,1,0,0,1
2024-01-08 19:00:00,3,20,280,99,0,3.9,-1.5,1.2,0,1,0,0,0,0,0,0,1
2024-01-08 06:00:00,3,7,67,38,0,3.9,-1.5,1.2,0,1,0,0,0,0,0,0,1
2024-01-08 23:00:00,2,0,112,71,0,3.9,-1.5,1.2,0,1,0,0,0,0,0,0,1
2024-01-08 22:00:00,2,23,134,68,0,3.9,-1.5,1.2,0,1,0,0,0,0,0,0,1
2024-01-09 17:00:00,14,18,548,190,0,6.0,5.5,0.0,0,0,0,0,0,1,0,0,1
2024-01-07 07:00:00,4,8,35,18,0,2.9,0.1,0.0,0,0,0,1,0,0,0,0,1
2024-01-08 17:00:00,8,18,561,161,0,3.9,-1.5,1.2,0,1,0,0,0,0,0,0,1
2024-01-09 08:00:00,12,9,434,176,0,6.0,5.5,0.0,0,0,0,0,0,1,0,0,1
2024-01-08 18:00:00,8,19,369,149,0,3.9,-1.5,1.2,0,1,0,0,0,0,0,0,1
2024-01-07 21:00:00,3,22,195,94,0,2.9,0.1,0.0,0,0,0,1,0,0,0,0,1
2024-01-07 02:00:00,3,3,329,79,0,2.9,0.1,0.0,0,0,0,1,0,0,0,0,1
2024-01-07 08:00:00,3,9,83,61,0,2.9,0.1,0.0,0,0,0,1,0,0,0,0,1
2024-01-07 00:00:00,2,1,474,172,0,2.9,0.1,0.0,0,0,0,1,0,0,0,0,1
2024-01-09 10:00:00,8,11,496,209,0,6.0,5.5,0.0,0,0,0,0,0,1,0,0,1
2024-01-07 17:00:00,2,18,392,144,0,2.9,0.1,0.0,0,0,0,1,0,0,0,0,1
2024-01-09 11:00:00,8,12,567,204,0,6.0,5.5,0.0,0,0,0,0,0,1,0,0,1
2024-01-07 18:00:00,2,19,258,139,0,2.9,0.1,0.0,0,0,0,1,0,0,0,0,1
2024-01-09 07:00:00,8,8,214,88,0,6.0,5.5,0.0,0,0,0,0,0,1,0,0,1
2024-01-07 23:00:00,2,0,161,69,0,2.9,0.1,0.0,0,0,0,1,0,0,0,0,1
2024-01-07 06:00:00,2,7,47,14,0,2.9,0.1,0.0,0,0,0,1,0,0,0,0,1
2024-01-09 00:00:00,1,1,123,43,0,6.0,5.5,0.0,0,0,0,0,0,1,0,0,1
2024-01-09 02:00:00,1,3,30,41,0,6.0,5.5,0.0,0,0,0,0,0,1,0,0,1
2024-01-09 01:00:00,1,2,47,39,0,6.0,5.5,0.0,0,0,0,0,0,1,0,0,1
2024-01-09 05:00:00,1,6,14,18,0,6.0,5.5,0.0,0,0,0,0,0,1,0,0,1
2024-01-09 04:00:00,0,5,21,12,0,6.0,5.5,0.0,0,0,0,0,0,1,0,0,1
2024-01-09 03:00:00,1,4,7,10,0,6.0,5.5,0.0,0,0,0,0,0,1,0,0,1
2024-01-10 02:00:00,1,3,43,23,0,4.5,1.1,0.0,0,0,0,0,0,0,1,0,1
2024-01-10 05:00:00,1,6,13,18,0,4.5,1.1,0.0,0,0,0,0,0,0,1,0,1
2024-01-10 03:00:00,1,4,13,4,0,4.5,1.1,0.0,0,0,0,0,0,0,1,0,1
2024-01-11 19:00:00,15,20,399,152,0,5.0,2.2,0.2,0,0,0,0,1,0,0,0,1
2024-01-10 21:00:00,0,22,58,148,0,4.5,1.1,0.0,0,0,0,0,0,0,1,0,1
2024-01-10 23:00:00,0,0,40,101,0,4.5,1.1,0.0,0,0,0,0,0,0,1,0,1
2024-01-10 22:00:00,0,23,38,101,0,4.5,1.1,0.0,0,0,0,0,0,0,1,0,1
2024-01-10 06:00:00,0,7,52,40,0,4.5,1.1,0.0,0,0,0,0,0,0,1,0,1
2024-01-10 12:00:00,16,13,737,235,0,4.5,1.1,0.0,0,0,0,0,0,0,1,0,1
2024-01-10 04:00:00,0,5,13,13,0,4.5,1.1,0.0,0,0,0,0,0,0,1,0,1
2024-01-10 14:00:00,14,15,582,242,0,4.5,1.1,0.0,0,0,0,0,0,0,1,0,1
2024-01-10 15:00:00,13,16,606,202,0,4.5,1.1,0.0,0,0,0,0,0,0,1,0,1
2024-01-10 10:00:00,12,11,533,156,0,4.5,1.1,0.0,0,0,0,0,0,0,1,0,1
2024-01-10 11:00:00,10,12,452,203,0,4.5,1.1,0.0,0,0,0,0,0,0,1,0,1
2024-01-10 09:00:00,9,10,333,185,0,4.5,1.1,0.0,0,0,0,0,0,0,1,0,1
2024-01-10 07:00:00,9,8,167,68,0,4.5,1.1,0.0,0,0,0,0,0,0,1,0,1
2024-01-10 19:00:00,8,20,295,192,0,4.5,1.1,0.0,0,0,0,0,0,0,1,0,1
2024-01-10 18:00:00,8,19,378,125,0,4.5,1.1,0.0,0,0,0,0,0,0,1,0,1
2024-01-10 08:00:00,7,9,356,147,0,4.5,1.1,0.0,0,0,0,0,0,0,1,0,1
2024-01-10 17:00:00,6,18,609,186,0,4.5,1.1,0.0,0,0,0,0,0,0,1,0,1
2024-01-11 10:00:00,12,11,493,226,0,5.0,2.2,0.2,0,0,0,0,1,0,0,0,1
2024-01-11 13:00:00,12,14,882,217,0,5.0,2.2,0.2,0,0,0,0,1,0,0,0,1
2024-01-10 01:00:00,3,2,54,47,0,4.5,1.1,0.0,0,0,0,0,0,0,1,0,1
2024-01-10 20:00:00,2,21,137,144,0,4.5,1.1,0.0,0,0,0,0,0,0,1,0,1
2024-01-10 00:00:00,2,1,95,43,0,4.5,1.1,0.0,0,0,0,0,0,0,1,0,1
2024-01-09 13:00:00,6,14,718,618,0,6.0,5.5,0.0,0,0,0,0,0,1,0,0,1
2024-01-11 18:00:00,10,19,374,199,0,5.0,2.2,0.2,0,0,0,0,1,0,0,0,1
2024-01-11 22:00:00,7,23,217,91,0,5.0,2.2,0.2,0,0,0,0,1,0,0,0,1
2024-01-11 20:00:00,6,21,311,137,0,5.0,2.2,0.2,0,0,0,0,1,0,0,0,1
2024-01-11 03:00:00,6,4,31,14,0,5.0,2.2,0.2,0,0,0,0,1,0,0,0,1
2024-01-09 19:00:00,5,20,260,106,0,6.0,5.5,0.0,0,0,0,0,0,1,0,0,1
2024-01-09 23:00:00,0,0,101,39,0,6.0,5.5,0.0,0,0,0,0,0,1,0,0,1
2024-01-09 15:00:00,4,16,532,203,0,6.0,5.5,0.0,0,0,0,0,0,1,0,0,1
2024-01-09 09:00:00,4,10,394,198,0,6.0,5.5,0.0,0,0,0,0,0,1,0,0,1
2024-01-09 18:00:00,4,19,267,160,0,6.0,5.5,0.0,0,0,0,0,0,1,0,0,1
2024-01-10 16:00:00,27,17,665,193,0,4.5,1.1,0.0,0,0,0,0,0,0,1,0,1
2024-01-11 16:00:00,35,17,714,204,0,5.0,2.2,0.2,0,0,0,0,1,0,0,0,1
2024-01-09 14:00:00,3,15,515,254,0,6.0,5.5,0.0,0,0,0,0,0,1,0,0,1
2024-01-09 20:00:00,3,21,185,111,0,6.0,5.5,0.0,0,0,0,0,0,1,0,0,1
2024-01-11 12:00:00,24,13,877,237,0,5.0,2.2,0.2,0,0,0,0,1,0,0,0,1
2024-01-10 13:00:00,19,14,756,219,0,4.5,1.1,0.0,0,0,0,0,0,0,1,0,1
2024-01-11 11:00:00,19,12,608,211,0,5.0,2.2,0.2,0,0,0,0,1,0,0,0,1
2024-01-11 09:00:00,19,10,384,170,0,5.0,2.2,0.2,0,0,0,0,1,0,0,0,1
2024-01-11 08:00:00,19,9,391,156,0,5.0,2.2,0.2,0,0,0,0,1,0,0,0,1
2024-01-09 21:00:00,2,22,164,104,0,6.0,5.5,0.0,0,0,0,0,0,1,0,0,1
2024-01-11 17:00:00,18,18,662,206,0,5.0,2.2,0.2,0,0,0,0,1,0,0,0,1
2024-01-09 22:00:00,2,23,140,68,0,6.0,5.5,0.0,0,0,0,0,0,1,0,0,1
2024-01-09 06:00:00,2,7,89,35,0,6.0,5.5,0.0,0,0,0,0,0,1,0,0,1
2024-01-11 15:00:00,17,16,754,216,0,5.0,2.2,0.2,0,0,0,0,1,0,0,0,1
2024-01-11 14:00:00,15,15,797,239,0,5.0,2.2,0.2,0,0,0,0,1,0,0,0,1
2024-01-12 00:00:00,3,1,163,53,0,5.8,5.5,0.0,1,0,0,0,0,0,0,0,1
2024-01-12 01:00:00,3,2,121,51,0,5.8,5.5,0.0,1,0,0,0,0,0,0,0,1
2024-01-12 20:00:00,2,21,207,182,0,5.8,5.5,0.0,1,0,0,0,0,0,0,0,1
2024-01-12 05:00:00,2,6,18,31,0,5.8,5.5,0.0,1,0,0,0,0,0,0,0,1
2024-01-12 02:00:00,2,3,92,30,0,5.8,5.5,0.0,1,0,0,0,0,0,0,0,1
2024-01-12 22:00:00,1,23,120,135,0,5.8,5.5,0.0,1,0,0,0,0,0,0,0,1
2024-01-12 03:00:00,1,4,22,11,0,5.8,5.5,0.0,1,0,0,0,0,0,0,0,1
2024-01-13 18:00:00,7,19,651,216,0,3.7,5.5,0.0,0,0,1,0,0,0,0,0,1
2024-01-11 06:00:00,4,7,65,32,0,5.0,2.2,0.2,0,0,0,0,1,0,0,0,1
2024-01-13 20:00:00,7,21,415,170,0,3.7,5.5,0.0,0,0,1,0,0,0,0,0,1
2024-01-11 05:00:00,1,6,29,21,0,5.0,2.2,0.2,0,0,0,0,1,0,0,0,1
2024-01-13 12:00:00,50,13,1263,254,0,3.7,5.5,0.0,0,0,1,0,0,0,0,0,1
2024-01-13 11:00:00,37,12,920,260,0,3.7,5.5,0.0,0,0,1,0,0,0,0,0,1
2024-01-13 15:00:00,36,16,1446,267,0,3.7,5.5,0.0,0,0,1,0,0,0,0,0,1
2024-01-13 10:00:00,34,11,663,228,0,3.7,5.5,0.0,0,0,1,0,0,0,0,0,1
2024-01-13 14:00:00,32,15,1423,297,0,3.7,5.5,0.0,0,0,1,0,0,0,0,0,1
2024-01-13 13:00:00,32,14,1225,260,0,3.7,5.5,0.0,0,0,1,0,0,0,0,0,1
2024-01-13 16:00:00,18,17,1317,269,0,3.7,5.5,0.0,0,0,1,0,0,0,0,0,1
2024-01-13 08:00:00,11,9,246,138,0,3.7,5.5,0.0,0,0,1,0,0,0,0,0,1
2024-01-12 18:00:00,11,19,435,189,0,5.8,5.5,0.0,1,0,0,0,0,0,0,0,1
2024-01-11 21:00:00,3,22,270,121,0,5.0,2.2,0.2,0,0,0,0,1,0,0,0,1
2024-01-11 07:00:00,3,8,148,76,0,5.0,2.2,0.2,0,0,0,0,1,0,0,0,1
2024-01-11 00:00:00,3,1,147,51,0,5.0,2.2,0.2,0,0,0,0,1,0,0,0,1
2024-01-11 01:00:00,2,2,100,48,0,5.0,2.2,0.2,0,0,0,0,1,0,0,0,1
2024-01-11 23:00:00,1,0,159,84,0,5.0,2.2,0.2,0,0,0,0,1,0,0,0,1
2024-01-13 19:00:00,6,20,756,209,0,3.7,5.5,0.0,0,0,1,0,0,0,0,0,1
2024-01-13 09:00:00,5,10,416,167,0,3.7,5.5,0.0,0,0,1,0,0,0,0,0,1
2024-01-13 01:00:00,5,2,232,98,0,3.7,5.5,0.0,0,0,1,0,0,0,0,0,1
2024-01-13 17:00:00,4,18,893,181,0,3.7,5.5,0.0,0,0,1,0,0,0,0,0,1
2024-01-13 00:00:00,3,1,249,132,0,3.7,5.5,0.0,0,0,1,0,0,0,0,0,1
2024-01-12 23:00:00,0,0,153,150,0,5.8,5.5,0.0,1,0,0,0,0,0,0,0,1
2024-01-12 21:00:00,0,22,114,142,0,5.8,5.5,0.0,1,0,0,0,0,0,0,0,1
2024-01-12 17:00:00,9,18,761,248,0,5.8,5.5,0.0,1,0,0,0,0,0,0,0,1
2024-01-12 19:00:00,8,20,468,167,0,5.8,5.5,0.0,1,0,0,0,0,0,0,0,1
2024-01-12 06:00:00,0,7,54,36,0,5.8,5.5,0.0,1,0,0,0,0,0,0,0,1
2024-01-12 16:00:00,43,17,756,235,0,5.8,5.5,0.0,1,0,0,0,0,0,0,0,1
2024-01-12 07:00:00,6,8,102,70,0,5.8,5.5,0.0,1,0,0,0,0,0,0,0,1
2024-01-12 15:00:00,43,16,781,227,0,5.8,5.5,0.0,1,0,0,0,0,0,0,0,1
2024-01-11 02:00:00,0,3,43,19,0,5.0,2.2,0.2,0,0,0,0,1,0,0,0,1
2024-01-12 04:00:00,0,5,13,20,0,5.8,5.5,0.0,1,0,0,0,0,0,0,0,1
2024-01-12 10:00:00,25,11,592,208,0,5.8,5.5,0.0,1,0,0,0,0,0,0,0,1
2024-01-12 14:00:00,23,15,975,298,0,5.8,5.5,0.0,1,0,0,0,0,0,0,0,1
2024-01-11 04:00:00,0,5,6,6,0,5.0,2.2,0.2,0,0,0,0,1,0,0,0,1
2024-01-12 12:00:00,20,13,867,257,0,5.8,5.5,0.0,1,0,0,0,0,0,0,0,1
2024-01-12 11:00:00,20,12,597,225,0,5.8,5.5,0.0,1,0,0,0,0,0,0,0,1
2024-01-12 08:00:00,18,9,363,145,0,5.8,5.5,0.0,1,0,0,0,0,0,0,0,1
2024-01-12 09:00:00,17,10,384,189,0,5.8,5.5,0.0,1,0,0,0,0,0,0,0,1
2024-01-12 13:00:00,13,14,1041,185,0,5.8,5.5,0.0,1,0,0,0,0,0,0,0,1
2024-01-13 23:00:00,0,0,246,108,0,3.7,5.5,0.0,0,0,1,0,0,0,0,0,1
2024-01-13 06:00:00,0,7,32,18,0,3.7,5.5,0.0,0,0,1,0,0,0,0,0,1
2024-01-15 17:00:00,22,18,608,248,0,1.2,5.5,0.0,0,1,0,0,0,0,0,0,1
2024-01-13 07:00:00,2,8,61,55,0,3.7,5.5,0.0,0,0,1,0,0,0,0,0,1
2024-01-13 03:00:00,2,4,39,49,0,3.7,5.5,0.0,0,0,1,0,0,0,0,0,1
2024-01-15 20:00:00,18,21,393,150,0,1.2,5.5,0.0,0,1,0,0,0,0,0,0,1
2024-01-14 13:00:00,5,14,822,211,0,1.2,1.2,0.0,0,0,0,1,0,0,0,0,1
2024-01-13 05:00:00,2,6,21,32,0,3.7,5.5,0.0,0,0,1,0,0,0,0,0,1
2024-01-14 21:00:00,1,22,202,110,0,1.2,1.2,0.0,0,0,0,1,0,0,0,0,1
2024-01-14 03:00:00,1,4,73,61,0,1.2,1.2,0.0,0,0,0,1,0,0,0,0,1
2024-01-14 05:00:00,1,6,6,29,0,1.2,1.2,0.0,0,0,0,1,0,0,0,0,1
2024-01-14 06:00:00,1,7,33,20,0,1.2,1.2,0.0,0,0,0,1,0,0,0,0,1
2024-01-14 19:00:00,5,20,293,166,0,1.2,1.2,0.0,0,0,0,1,0,0,0,0,1
2024-01-14 17:00:00,5,18,428,134,0,1.2,1.2,0.0,0,0,0,1,0,0,0,0,1
2024-01-14 16:00:00,25,17,672,208,0,1.2,1.2,0.0,0,0,0,1,0,0,0,0,1
2024-01-14 22:00:00,5,23,174,88,0,1.2,1.2,0.0,0,0,0,1,0,0,0,0,1
2024-01-14 10:00:00,4,11,340,121,0,1.2,1.2,0.0,0,0,0,1,0,0,0,0,1
2024-01-14 18:00:00,3,19,317,159,0,1.2,1.2,0.0,0,0,0,1,0,0,0,0,1
2024-01-14 08:00:00,3,9,59,68,0,1.2,1.2,0.0,0,0,0,1,0,0,0,0,1
2024-01-14 09:00:00,2,10,146,71,0,1.2,1.2,0.0,0,0,0,1,0,0,0,0,1
2024-01-14 01:00:00,2,2,207,11,0,1.2,1.2,0.0,0,0,0,1,0,0,0,0,1
2024-01-15 13:00:00,14,14,678,234,0,1.2,5.5,0.0,0,1,0,0,0,0,0,0,1
2024-01-15 14:00:00,3,15,675,278,0,1.2,5.5,0.0,0,1,0,0,0,0,0,0,1
2024-01-14 07:00:00,0,8,40,43,0,1.2,1.2,0.0,0,0,0,1,0,0,0,0,1
2024-01-14 04:00:00,0,5,25,43,0,1.2,1.2,0.0,0,0,0,1,0,0,0,0,1
2024-01-13 21:00:00,1,22,281,166,0,3.7,5.5,0.0,0,0,1,0,0,0,0,0,1
2024-01-13 22:00:00,1,23,287,161,0,3.7,5.5,0.0,0,0,1,0,0,0,0,0,1
2024-01-15 11:00:00,2,12,574,175,0,1.2,5.5,0.0,0,1,0,0,0,0,0,0,1
2024-01-15 21:00:00,9,22,265,117,0,1.2,5.5,0.0,0,1,0,0,0,0,0,0,1
2024-01-15 23:00:00,2,0,141,75,0,1.2,5.5,0.0,0,1,0,0,0,0,0,0,1
2024-01-15 00:00:00,2,1,140,69,0,1.2,5.5,0.0,0,1,0,0,0,0,0,0,1
2024-01-14 15:00:00,15,16,777,176,0,1.2,1.2,0.0,0,0,0,1,0,0,0,0,1
2024-01-15 01:00:00,2,2,120,50,0,1.2,5.5,0.0,0,1,0,0,0,0,0,0,1
2024-01-14 00:00:00,0,1,277,8,0,1.2,1.2,0.0,0,0,0,1,0,0,0,0,1
2024-01-14 02:00:00,0,3,90,6,0,1.2,1.2,0.0,0,0,0,1,0,0,0,0,1
2024-01-13 02:00:00,1,3,146,58,0,3.7,5.5,0.0,0,0,1,0,0,0,0,0,1
2024-01-15 06:00:00,2,7,64,46,0,1.2,5.5,0.0,0,1,0,0,0,0,0,0,1
2024-01-13 04:00:00,1,5,25,27,0,3.7,5.5,0.0,0,0,1,0,0,0,0,0,1
2024-01-15 02:00:00,2,3,57,36,0,1.2,5.5,0.0,0,1,0,0,0,0,0,0,1
2024-01-15 09:00:00,7,10,418,175,0,1.2,5.5,0.0,0,1,0,0,0,0,0,0,1
2024-01-15 16:00:00,26,17,632,218,0,1.2,5.5,0.0,0,1,0,0,0,0,0,0,1
2024-01-15 07:00:00,7,8,143,100,0,1.2,5.5,0.0,0,1,0,0,0,0,0,0,1
2024-01-15 19:00:00,26,20,457,174,0,1.2,5.5,0.0,0,1,0,0,0,0,0,0,1
2024-01-15 12:00:00,23,13,781,245,0,1.2,5.5,0.0,0,1,0,0,0,0,0,0,1
2024-01-15 18:00:00,23,19,486,197,0,1.2,5.5,0.0,0,1,0,0,0,0,0,0,1
2024-01-15 15:00:00,23,16,662,177,0,1.2,5.5,0.0,0,1,0,0,0,0,0,0,1
2024-01-15 08:00:00,23,9,360,160,0,1.2,5.5,0.0,0,1,0,0,0,0,0,0,1
2024-01-15 22:00:00,6,23,172,105,0,1.2,5.5,0.0,0,1,0,0,0,0,0,0,1
2024-01-14 12:00:00,9,13,730,196,0,1.2,1.2,0.0,0,0,0,1,0,0,0,0,1
2024-01-14 11:00:00,8,12,471,159,0,1.2,1.2,0.0,0,0,0,1,0,0,0,0,1
2024-01-14 20:00:00,7,21,227,119,0,1.2,1.2,0.0,0,0,0,1,0,0,0,0,1
2024-01-14 14:00:00,6,15,784,218,0,1.2,1.2,0.0,0,0,0,1,0,0,0,0,1
2024-01-14 23:00:00,6,0,169,107,0,1.2,1.2,0.0,0,0,0,1,0,0,0,0,1
2024-01-15 04:00:00,0,5,10,15,0,1.2,5.5,0.0,0,1,0,0,0,0,0,0,1
2024-01-15 03:00:00,0,4,37,11,0,1.2,5.5,0.0,0,1,0,0,0,0,0,0,1
2024-01-16 12:00:00,60,13,693,268,0,0.4,-1.4,0.9,0,0,0,0,0,1,0,0,1
2024-01-16 13:00:00,54,14,798,240,0,0.4,-1.4,0.9,0,0,0,0,0,1,0,0,1
2024-01-16 06:00:00,1,7,62,39,0,0.4,-1.4,0.9,0,0,0,0,0,1,0,0,1
2024-01-16 11:00:00,33,12,634,222,0,0.4,-1.4,0.9,0,0,0,0,0,1,0,0,1
2024-01-16 15:00:00,26,16,552,195,0,0.4,-1.4,0.9,0,0,0,0,0,1,0,0,1
2024-01-16 08:00:00,26,9,451,187,0,0.4,-1.4,0.9,0,0,0,0,0,1,0,0,1
2024-01-16 03:00:00,1,4,5,14,0,0.4,-1.4,0.9,0,0,0,0,0,1,0,0,1
2024-01-17 21:00:00,10,22,246,133,0,1.7,-3.8,0.0,0,0,0,0,0,0,1,0,1
2024-01-16 05:00:00,0,6,13,22,0,0.4,-1.4,0.9,0,0,0,0,0,1,0,0,1
2024-01-16 14:00:00,25,15,633,239,0,0.4,-1.4,0.9,0,0,0,0,0,1,0,0,1
2024-01-16 04:00:00,0,5,8,14,0,0.4,-1.4,0.9,0,0,0,0,0,1,0,0,1
2024-01-17 16:00:00,44,17,656,222,0,1.7,-3.8,0.0,0,0,0,0,0,0,1,0,1
2024-01-17 15:00:00,43,16,645,209,0,1.7,-3.8,0.0,0,0,0,0,0,0,1,0,1
2024-01-17 17:00:00,24,18,584,225,0,1.7,-3.8,0.0,0,0,0,0,0,0,1,0,1
2024-01-17 19:00:00,22,20,496,247,0,1.7,-3.8,0.0,0,0,0,0,0,0,1,0,1
2024-01-17 18:00:00,12,19,401,222,0,1.7,-3.8,0.0,0,0,0,0,0,0,1,0,1
2024-01-17 20:00:00,11,21,356,163,0,1.7,-3.8,0.0,0,0,0,0,0,0,1,0,1
2024-01-17 12:00:00,10,13,625,157,0,1.7,-3.8,0.0,0,0,0,0,0,0,1,0,1
2024-01-17 14:00:00,9,15,527,156,0,1.7,-3.8,0.0,0,0,0,0,0,0,1,0,1
2024-01-17 08:00:00,6,9,400,157,0,1.7,-3.8,0.0,0,0,0,0,0,0,1,0,1
2024-01-17 22:00:00,5,23,225,91,0,1.7,-3.8,0.0,0,0,0,0,0,0,1,0,1
2024-01-17 23:00:00,5,0,130,83,0,1.7,-3.8,0.0,0,0,0,0,0,0,1,0,1
2024-01-17 13:00:00,4,14,572,106,0,1.7,-3.8,0.0,0,0,0,0,0,0,1,0,1
2024-01-17 11:00:00,3,12,529,201,0,1.7,-3.8,0.0,0,0,0,0,0,0,1,0,1
2024-01-16 10:00:00,23,11,473,236,0,0.4,-1.4,0.9,0,0,0,0,0,1,0,0,1
2024-01-16 09:00:00,21,10,346,219,0,0.4,-1.4,0.9,0,0,0,0,0,1,0,0,1
2024-01-16 23:00:00,0,0,88,88,0,0.4,-1.4,0.9,0,0,0,0,0,1,0,0,1
2024-01-16 00:00:00,0,1,131,45,0,0.4,-1.4,0.9,0,0,0,0,0,1,0,0,1
2024-01-16 01:00:00,0,2,76,34,0,0.4,-1.4,0.9,0,0,0,0,0,1,0,0,1
2024-01-16 02:00:00,0,3,61,34,0,0.4,-1.4,0.9,0,0,0,0,0,1,0,0,1
2024-01-17 10:00:00,2,11,399,166,0,1.7,-3.8,0.0,0,0,0,0,0,0,1,0,1
2024-01-16 18:00:00,4,19,347,164,0,0.4,-1.4,0.9,0,0,0,0,0,1,0,0,1
2024-01-16 16:00:00,4,17,331,59,0,0.4,-1.4,0.9,0,0,0,0,0,1,0,0,1
2024-01-17 09:00:00,2,10,353,136,0,1.7,-3.8,0.0,0,0,0,0,0,0,1,0,1
2024-01-16 20:00:00,3,21,188,118,0,0.4,-1.4,0.9,0,0,0,0,0,1,0,0,1
2024-01-16 07:00:00,3,8,186,67,0,0.4,-1.4,0.9,0,0,0,0,0,1,0,0,1
2024-01-16 19:00:00,1,20,282,175,0,0.4,-1.4,0.9,0,0,0,0,0,1,0,0,1
2024-01-16 21:00:00,1,22,148,100,0,0.4,-1.4,0.9,0,0,0,0,0,1,0,0,1
2024-01-16 22:00:00,1,23,98,82,0,0.4,-1.4,0.9,0,0,0,0,0,1,0,0,1
2024-01-17 07:00:00,2,8,149,73,0,1.7,-3.8,0.0,0,0,0,0,0,0,1,0,1
2024-01-17 00:00:00,1,1,107,60,0,1.7,-3.8,0.0,0,0,0,0,0,0,1,0,1
2024-01-17 06:00:00,1,7,56,38,0,1.7,-3.8,0.0,0,0,0,0,0,0,1,0,1
2024-01-16 17:00:00,8,18,446,168,0,0.4,-1.4,0.9,0,0,0,0,0,1,0,0,1
2024-01-15 05:00:00,1,6,10,34,0,1.2,5.5,0.0,0,1,0,0,0,0,0,0,1
2024-01-15 10:00:00,0,11,428,186,0,1.2,5.5,0.0,0,1,0,0,0,0,0,0,1
2024-01-17 04:00:00,0,5,9,8,0,1.7,-3.8,0.0,0,0,0,0,0,0,1,0,1
2024-01-18 01:00:00,0,2,74,36,0,5.2,-3.2,0.0,0,0,0,0,1,0,0,0,1
2024-01-18 04:00:00,0,5,10,23,0,5.2,-3.2,0.0,0,0,0,0,1,0,0,0,1
2024-01-18 19:00:00,8,20,355,167,0,5.2,-3.2,0.0,0,0,0,0,1,0,0,0,1
2024-01-19 21:00:00,2,22,256,160,0,8.7,5.5,1.2,1,0,0,0,0,0,0,0,1
2024-01-19 09:00:00,5,10,384,202,0,8.7,5.5,1.2,1,0,0,0,0,0,0,0,1
2024-01-19 18:00:00,5,19,490,182,0,8.7,5.5,1.2,1,0,0,0,0,0,0,0,1
2024-01-19 23:00:00,5,0,273,178,0,8.7,5.5,1.2,1,0,0,0,0,0,0,0,1
2024-01-19 00:00:00,5,1,150,66,0,8.7,5.5,1.2,1,0,0,0,0,0,0,0,1
2024-01-19 19:00:00,4,20,362,224,0,8.7,5.5,1.2,1,0,0,0,0,0,0,0,1
2024-01-19 22:00:00,4,23,256,177,0,8.7,5.5,1.2,1,0,0,0,0,0,0,0,1
2024-01-19 07:00:00,3,8,150,65,0,8.7,5.5,1.2,1,0,0,0,0,0,0,0,1
2024-01-19 02:00:00,2,3,53,27,0,8.7,5.5,1.2,1,0,0,0,0,0,0,0,1
2024-01-17 01:00:00,0,2,93,37,0,1.7,-3.8,0.0,0,0,0,0,0,0,1,0,1
2024-01-17 05:00:00,0,6,20,26,0,1.7,-3.8,0.0,0,0,0,0,0,0,1,0,1
2024-01-17 03:00:00,0,4,17,26,0,1.7,-3.8,0.0,0,0,0,0,0,0,1,0,1
2024-01-17 02:00:00,0,3,85,24,0,1.7,-3.8,0.0,0,0,0,0,0,0,1,0,1
2024-01-18 07:00:00,2,8,207,82,0,5.2,-3.2,0.0,0,0,0,0,1,0,0,0,1
2024-01-18 16:00:00,47,17,767,221,0,5.2,-3.2,0.0,0,0,0,0,1,0,0,0,1
2024-01-19 01:00:00,1,2,92,58,0,8.7,5.5,1.2,1,0,0,0,0,0,0,0,1
2024-01-19 03:00:00,1,4,15,6,0,8.7,5.5,1.2,1,0,0,0,0,0,0,0,1
2024-01-18 15:00:00,40,16,703,190,0,5.2,-3.2,0.0,0,0,0,0,1,0,0,0,1
2024-01-18 18:00:00,7,19,393,220,0,5.2,-3.2,0.0,0,0,0,0,1,0,0,0,1
2024-01-18 14:00:00,27,15,767,220,0,5.2,-3.2,0.0,0,0,0,0,1,0,0,0,1
2024-01-18 21:00:00,7,22,233,115,0,5.2,-3.2,0.0,0,0,0,0,1,0,0,0,1
2024-01-18 09:00:00,6,10,342,150,0,5.2,-3.2,0.0,0,0,0,0,1,0,0,0,1
2024-01-19 12:00:00,55,13,905,277,0,8.7,5.5,1.2,1,0,0,0,0,0,0,0,1
2024-01-18 10:00:00,6,11,458,133,0,5.2,-3.2,0.0,0,0,0,0,1,0,0,0,1
2024-01-19 13:00:00,38,14,1053,272,0,8.7,5.5,1.2,1,0,0,0,0,0,0,0,1
2024-01-19 15:00:00,24,16,815,262,0,8.7,5.5,1.2,1,0,0,0,0,0,0,0,1
2024-01-19 11:00:00,21,12,698,221,0,8.7,5.5,1.2,1,0,0,0,0,0,0,0,1
2024-01-19 14:00:00,18,15,878,340,0,8.7,5.5,1.2,1,0,0,0,0,0,0,0,1
2024-01-19 16:00:00,14,17,863,252,0,8.7,5.5,1.2,1,0,0,0,0,0,0,0,1
2024-01-19 17:00:00,11,18,657,223,0,8.7,5.5,1.2,1,0,0,0,0,0,0,0,1
2024-01-19 08:00:00,10,9,444,169,0,8.7,5.5,1.2,1,0,0,0,0,0,0,0,1
2024-01-19 10:00:00,9,11,658,231,0,8.7,5.5,1.2,1,0,0,0,0,0,0,0,1
2024-01-19 20:00:00,9,21,302,180,0,8.7,5.5,1.2,1,0,0,0,0,0,0,0,1
2024-01-18 17:00:00,20,18,633,237,0,5.2,-3.2,0.0,0,0,0,0,1,0,0,0,1
2024-01-18 08:00:00,20,9,475,164,0,5.2,-3.2,0.0,0,0,0,0,1,0,0,0,1
2024-01-18 20:00:00,15,21,291,179,0,5.2,-3.2,0.0,0,0,0,0,1,0,0,0,1
2024-01-18 12:00:00,12,13,735,196,0,5.2,-3.2,0.0,0,0,0,0,1,0,0,0,1
2024-01-18 13:00:00,11,14,769,171,0,5.2,-3.2,0.0,0,0,0,0,1,0,0,0,1
2024-01-18 11:00:00,1,12,515,157,0,5.2,-3.2,0.0,0,0,0,0,1,0,0,0,1
2024-01-18 22:00:00,4,23,238,137,0,5.2,-3.2,0.0,0,0,0,0,1,0,0,0,1
2024-01-18 02:00:00,4,3,77,37,0,5.2,-3.2,0.0,0,0,0,0,1,0,0,0,1
2024-01-18 05:00:00,4,6,17,23,0,5.2,-3.2,0.0,0,0,0,0,1,0,0,0,1
2024-01-18 00:00:00,1,1,145,53,0,5.2,-3.2,0.0,0,0,0,0,1,0,0,0,1
2024-01-18 06:00:00,1,7,51,43,0,5.2,-3.2,0.0,0,0,0,0,1,0,0,0,1
2024-01-18 03:00:00,1,4,17,17,0,5.2,-3.2,0.0,0,0,0,0,1,0,0,0,1
2024-01-18 23:00:00,3,0,186,96,0,5.2,-3.2,0.0,0,0,0,0,1,0,0,0,1
2024-01-19 06:00:00,0,7,43,36,0,8.7,5.5,1.2,1,0,0,0,0,0,0,0,1
2024-01-19 05:00:00,0,6,13,28,0,8.7,5.5,1.2,1,0,0,0,0,0,0,0,1
2024-01-19 04:00:00,0,5,10,11,0,8.7,5.5,1.2,1,0,0,0,0,0,0,0,1
2024-01-21 11:00:00,26,12,611,145,0,6.2,5.5,10.0,0,0,0,1,0,0,0,0,1
2024-01-21 12:00:00,23,13,743,196,0,6.2,5.5,10.0,0,0,0,1,0,0,0,0,1
2024-01-21 10:00:00,22,11,400,125,0,6.2,5.5,10.0,0,0,0,1,0,0,0,0,1
2024-01-21 13:00:00,21,14,726,180,0,6.2,5.5,10.0,0,0,0,1,0,0,0,0,1
2024-01-21 14:00:00,19,15,823,193,0,6.2,5.5,10.0,0,0,0,1,0,0,0,0,1
2024-01-21 16:00:00,3,17,486,159,0,6.2,5.5,10.0,0,0,0,1,0,0,0,0,1
2024-01-21 01:00:00,3,2,201,112,0,6.2,5.5,10.0,0,0,0,1,0,0,0,0,1
2024-01-20 01:00:00,1,2,175,95,0,11.6,5.5,1.0,0,0,1,0,0,0,0,0,1
2024-01-21 19:00:00,2,20,112,138,0,6.2,5.5,10.0,0,0,0,1,0,0,0,0,1
2024-01-20 03:00:00,1,4,40,44,0,11.6,5.5,1.0,0,0,1,0,0,0,0,0,1
2024-01-21 20:00:00,2,21,78,103,0,6.2,5.5,10.0,0,0,0,1,0,0,0,0,1
2024-01-21 23:00:00,2,0,95,54,0,6.2,5.5,10.0,0,0,0,1,0,0,0,0,1
2024-01-20 05:00:00,1,6,13,24,0,11.6,5.5,1.0,0,0,1,0,0,0,0,0,1
2024-01-20 04:00:00,1,5,9,19,0,11.6,5.5,1.0,0,0,1,0,0,0,0,0,1
2024-01-21 07:00:00,2,8,50,25,0,6.2,5.5,10.0,0,0,0,1,0,0,0,0,1
2024-01-20 06:00:00,1,7,29,18,0,11.6,5.5,1.0,0,0,1,0,0,0,0,0,1
2024-01-21 17:00:00,1,18,208,100,0,6.2,5.5,10.0,0,0,0,1,0,0,0,0,1
2024-01-21 18:00:00,1,19,181,99,0,6.2,5.5,10.0,0,0,0,1,0,0,0,0,1
2024-01-21 22:00:00,1,23,108,67,0,6.2,5.5,10.0,0,0,0,1,0,0,0,0,1
2024-01-21 04:00:00,1,5,13,26,0,6.2,5.5,10.0,0,0,0,1,0,0,0,0,1
2024-01-21 05:00:00,1,6,9,25,0,6.2,5.5,10.0,0,0,0,1,0,0,0,0,1
2024-01-20 11:00:00,23,12,833,201,0,11.6,5.5,1.0,0,0,1,0,0,0,0,0,1
2024-01-20 14:00:00,22,15,1346,292,0,11.6,5.5,1.0,0,0,1,0,0,0,0,0,1
2024-01-20 15:00:00,19,16,1274,295,0,11.6,5.5,1.0,0,0,1,0,0,0,0,0,1
2024-01-20 12:00:00,18,13,1018,282,0,11.6,5.5,1.0,0,0,1,0,0,0,0,0,1
2024-01-20 13:00:00,17,14,1227,293,0,11.6,5.5,1.0,0,0,1,0,0,0,0,0,1
2024-01-20 10:00:00,16,11,697,195,0,11.6,5.5,1.0,0,0,1,0,0,0,0,0,1
2024-01-20 09:00:00,16,10,411,142,0,11.6,5.5,1.0,0,0,1,0,0,0,0,0,1
2024-01-20 22:00:00,13,23,362,264,0,11.6,5.5,1.0,0,0,1,0,0,0,0,0,1
2024-01-20 16:00:00,11,17,1196,268,0,11.6,5.5,1.0,0,0,1,0,0,0,0,0,1
2024-01-20 21:00:00,11,22,509,185,0,11.6,5.5,1.0,0,0,1,0,0,0,0,0,1
2024-01-20 17:00:00,8,18,869,195,0,11.6,5.5,1.0,0,0,1,0,0,0,0,0,1
2024-01-20 08:00:00,8,9,231,95,0,11.6,5.5,1.0,0,0,1,0,0,0,0,0,1
2024-01-20 07:00:00,6,8,67,51,0,11.6,5.5,1.0,0,0,1,0,0,0,0,0,1
2024-01-21 15:00:00,15,16,593,209,0,6.2,5.5,10.0,0,0,0,1,0,0,0,0,1
2024-01-21 09:00:00,13,10,188,77,0,6.2,5.5,10.0,0,0,0,1,0,0,0,0,1
2024-01-21 00:00:00,8,1,353,154,0,6.2,5.5,10.0,0,0,0,1,0,0,0,0,1
2024-01-21 08:00:00,5,9,100,42,0,6.2,5.5,10.0,0,0,0,1,0,0,0,0,1
2024-01-21 02:00:00,4,3,196,84,0,6.2,5.5,10.0,0,0,0,1,0,0,0,0,1
2024-01-21 06:00:00,4,7,15,14,0,6.2,5.5,10.0,0,0,0,1,0,0,0,0,1
2024-01-20 18:00:00,5,19,685,192,0,11.6,5.5,1.0,0,0,1,0,0,0,0,0,1
2024-01-21 21:00:00,0,22,98,96,0,6.2,5.5,10.0,0,0,0,1,0,0,0,0,1
2024-01-21 03:00:00,0,4,52,59,0,6.2,5.5,10.0,0,0,0,1,0,0,0,0,1
2024-01-20 20:00:00,4,21,657,152,0,11.6,5.5,1.0,0,0,1,0,0,0,0,0,1
2024-01-20 23:00:00,3,0,352,216,0,11.6,5.5,1.0,0,0,1,0,0,0,0,0,1
2024-01-20 19:00:00,2,20,718,172,0,11.6,5.5,1.0,0,0,1,0,0,0,0,0,1
2024-01-20 00:00:00,2,1,251,124,0,11.6,5.5,1.0,0,0,1,0,0,0,0,0,1
2024-01-20 02:00:00,2,3,142,70,0,11.6,5.5,1.0,0,0,1,0,0,0,0,0,1
2024-01-22 18:00:00,14,19,252,204,0,12.0,4.7,3.2,0,1,0,0,0,0,0,0,1
2024-01-22 16:00:00,12,17,950,312,0,12.0,4.7,3.2,0,1,0,0,0,0,0,0,1
2024-01-23 09:00:00,34,10,406,207,0,10.3,4.7,12.3,0,0,0,0,0,1,0,0,1
2024-01-23 08:00:00,21,9,413,161,0,10.3,4.7,12.3,0,0,0,0,0,1,0,0,1
2024-01-23 10:00:00,18,11,466,222,0,10.3,4.7,12.3,0,0,0,0,0,1,0,0,1
2024-01-23 12:00:00,18,13,664,217,0,10.3,4.7,12.3,0,0,0,0,0,1,0,0,1
2024-01-23 11:00:00,12,12,481,233,0,10.3,4.7,12.3,0,0,0,0,0,1,0,0,1
2024-01-23 13:00:00,9,14,518,70,0,10.3,4.7,12.3,0,0,0,0,0,1,0,0,1
2024-01-22 23:00:00,0,0,94,70,0,12.0,4.7,3.2,0,1,0,0,0,0,0,0,1
2024-01-22 11:00:00,0,12,354,65,0,12.0,4.7,3.2,0,1,0,0,0,0,0,0,1
2024-01-22 02:00:00,0,3,33,22,0,12.0,4.7,3.2,0,1,0,0,0,0,0,0,1
2024-01-22 04:00:00,0,5,20,16,0,12.0,4.7,3.2,0,1,0,0,0,0,0,0,1
2024-01-22 06:00:00,3,7,27,25,0,12.0,4.7,3.2,0,1,0,0,0,0,0,0,1
2024-01-22 10:00:00,7,11,823,246,0,12.0,4.7,3.2,0,1,0,0,0,0,0,0,1
2024-01-22 19:00:00,2,20,184,101,0,12.0,4.7,3.2,0,1,0,0,0,0,0,0,1
2024-01-22 21:00:00,2,22,105,90,0,12.0,4.7,3.2,0,1,0,0,0,0,0,0,1
2024-01-22 01:00:00,2,2,44,30,0,12.0,4.7,3.2,0,1,0,0,0,0,0,0,1
2024-01-22 22:00:00,1,23,126,62,0,12.0,4.7,3.2,0,1,0,0,0,0,0,0,1
2024-01-22 07:00:00,1,8,70,46,0,12.0,4.7,3.2,0,1,0,0,0,0,0,0,1
2024-01-22 20:00:00,1,21,152,35,0,12.0,4.7,3.2,0,1,0,0,0,0,0,0,1
2024-01-22 05:00:00,1,6,23,26,0,12.0,4.7,3.2,0,1,0,0,0,0,0,0,1
2024-01-22 03:00:00,1,4,10,11,0,12.0,4.7,3.2,0,1,0,0,0,0,0,0,1
2024-01-22 12:00:00,6,13,416,95,0,12.0,4.7,3.2,0,1,0,0,0,0,0,0,1
2024-01-23 15:00:00,2,16,528,15,0,10.3,4.7,12.3,0,0,0,0,0,1,0,0,1
2024-01-23 14:00:00,6,15,510,8,0,10.3,4.7,12.3,0,0,0,0,0,1,0,0,1
2024-01-22 00:00:00,5,1,88,48,0,12.0,4.7,3.2,0,1,0,0,0,0,0,0,1
2024-01-23 02:00:00,0,3,60,25,0,10.3,4.7,12.3,0,0,0,0,0,1,0,0,1
2024-01-23 05:00:00,0,6,14,24,0,10.3,4.7,12.3,0,0,0,0,0,1,0,0,1
2024-01-23 19:00:00,0,20,169,13,0,10.3,4.7,12.3,0,0,0,0,0,1,0,0,1
2024-01-23 01:00:00,0,2,21,13,0,10.3,4.7,12.3,0,0,0,0,0,1,0,0,1
2024-01-23 17:00:00,0,18,415,11,0,10.3,4.7,12.3,0,0,0,0,0,1,0,0,1
2024-01-23 03:00:00,0,4,10,9,0,10.3,4.7,12.3,0,0,0,0,0,1,0,0,1
2024-01-23 20:00:00,0,21,131,7,0,10.3,4.7,12.3,0,0,0,0,0,1,0,0,1
2024-01-22 09:00:00,4,10,436,161,0,12.0,4.7,3.2,0,1,0,0,0,0,0,0,1
2024-01-23 07:00:00,3,8,177,87,0,10.3,4.7,12.3,0,0,0,0,0,1,0,0,1
2024-01-23 23:00:00,3,0,65,74,0,10.3,4.7,12.3,0,0,0,0,0,1,0,0,1
2024-01-22 14:00:00,41,15,569,226,0,12.0,4.7,3.2,0,1,0,0,0,0,0,0,1
2024-01-22 08:00:00,28,9,269,163,0,12.0,4.7,3.2,0,1,0,0,0,0,0,0,1
2024-01-22 17:00:00,18,18,546,259,0,12.0,4.7,3.2,0,1,0,0,0,0,0,0,1
2024-01-22 13:00:00,15,14,1140,281,0,12.0,4.7,3.2,0,1,0,0,0,0,0,0,1
2024-01-22 15:00:00,15,16,651,234,0,12.0,4.7,3.2,0,1,0,0,0,0,0,0,1
2024-01-23 00:00:00,1,1,94,41,0,10.3,4.7,12.3,0,0,0,0,0,1,0,0,1
2024-01-23 06:00:00,1,7,63,21,0,10.3,4.7,12.3,0,0,0,0,0,1,0,0,1
2024-01-23 04:00:00,1,5,8,17,0,10.3,4.7,12.3,0,0,0,0,0,1,0,0,1
2024-01-23 18:00:00,1,19,330,12,0,10.3,4.7,12.3,0,0,0,0,0,1,0,0,1
2024-01-23 21:00:00,1,22,143,8,0,10.3,4.7,12.3,0,0,0,0,0,1,0,0,1
2024-01-23 16:00:00,1,17,432,5,0,10.3,4.7,12.3,0,0,0,0,0,1,0,0,1
2024-01-25 13:00:00,11,14,607,191,0,8.5,3.2,4.6,0,0,0,0,1,0,0,0,1
2024-01-23 22:00:00,0,23,81,5,0,10.3,4.7,12.3,0,0,0,0,0,1,0,0,1
2024-01-25 11:00:00,8,12,496,261,0,8.5,3.2,4.6,0,0,0,0,1,0,0,0,1
2024-01-25 21:00:00,6,22,214,99,0,8.5,3.2,4.6,0,0,0,0,1,0,0,0,1
2024-01-25 20:00:00,6,21,215,97,0,8.5,3.2,4.6,0,0,0,0,1,0,0,0,1
2024-01-25 17:00:00,5,18,706,154,0,8.5,3.2,4.6,0,0,0,0,1,0,0,0,1
2024-01-25 18:00:00,5,19,473,142,0,8.5,3.2,4.6,0,0,0,0,1,0,0,0,1
2024-01-25 00:00:00,4,1,140,66,0,8.5,3.2,4.6,0,0,0,0,1,0,0,0,1
2024-01-24 12:00:00,37,13,765,276,0,10.7,5.5,0.0,0,0,0,0,0,0,1,0,1
2024-01-24 16:00:00,32,17,754,241,0,10.7,5.5,0.0,0,0,0,0,0,0,1,0,1
2024-01-24 17:00:00,28,18,714,216,0,10.7,5.5,0.0,0,0,0,0,0,0,1,0,1
2024-01-24 13:00:00,28,14,836,198,0,10.7,5.5,0.0,0,0,0,0,0,0,1,0,1
2024-01-24 14:00:00,27,15,689,242,0,10.7,5.5,0.0,0,0,0,0,0,0,1,0,1
2024-01-24 11:00:00,23,12,605,202,0,10.7,5.5,0.0,0,0,0,0,0,0,1,0,1
2024-01-24 15:00:00,17,16,724,235,0,10.7,5.5,0.0,0,0,0,0,0,0,1,0,1
2024-01-24 08:00:00,12,9,362,196,0,10.7,5.5,0.0,0,0,0,0,0,0,1,0,1
2024-01-24 20:00:00,11,21,265,155,0,10.7,5.5,0.0,0,0,0,0,0,0,1,0,1
2024-01-24 21:00:00,8,22,167,123,0,10.7,5.5,0.0,0,0,0,0,0,0,1,0,1
2024-01-24 09:00:00,7,10,307,183,0,10.7,5.5,0.0,0,0,0,0,0,0,1,0,1
2024-01-24 18:00:00,7,19,433,179,0,10.7,5.5,0.0,0,0,0,0,0,0,1,0,1
2024-01-24 19:00:00,6,20,297,130,0,10.7,5.5,0.0,0,0,0,0,0,0,1,0,1
2024-01-24 23:00:00,6,0,92,101,0,10.7,5.5,0.0,0,0,0,0,0,0,1,0,1
2024-01-24 07:00:00,6,8,144,82,0,10.7,5.5,0.0,0,0,0,0,0,0,1,0,1
2024-01-25 22:00:00,3,23,196,67,0,8.5,3.2,4.6,0,0,0,0,1,0,0,0,1
2024-01-25 01:00:00,3,2,85,32,0,8.5,3.2,4.6,0,0,0,0,1,0,0,0,1
2024-01-24 10:00:00,4,11,463,166,0,10.7,5.5,0.0,0,0,0,0,0,0,1,0,1
2024-01-25 14:00:00,35,15,728,239,0,8.5,3.2,4.6,0,0,0,0,1,0,0,0,1
2024-01-25 02:00:00,3,3,64,26,0,8.5,3.2,4.6,0,0,0,0,1,0,0,0,1
2024-01-25 08:00:00,23,9,333,214,0,8.5,3.2,4.6,0,0,0,0,1,0,0,0,1
2024-01-25 19:00:00,2,20,340,117,0,8.5,3.2,4.6,0,0,0,0,1,0,0,0,1
2024-01-24 01:00:00,0,2,55,50,0,10.7,5.5,0.0,0,0,0,0,0,0,1,0,1
2024-01-25 12:00:00,19,13,767,265,0,8.5,3.2,4.6,0,0,0,0,1,0,0,0,1
2024-01-25 07:00:00,2,8,140,81,0,8.5,3.2,4.6,0,0,0,0,1,0,0,0,1
2024-01-24 00:00:00,0,1,75,20,0,10.7,5.5,0.0,0,0,0,0,0,0,1,0,1
2024-01-24 04:00:00,0,5,16,17,0,10.7,5.5,0.0,0,0,0,0,0,0,1,0,1
2024-01-25 09:00:00,16,10,360,250,0,8.5,3.2,4.6,0,0,0,0,1,0,0,0,1
2024-01-25 15:00:00,15,16,774,245,0,8.5,3.2,4.6,0,0,0,0,1,0,0,0,1
2024-01-25 06:00:00,1,7,51,36,0,8.5,3.2,4.6,0,0,0,0,1,0,0,0,1
2024-01-25 05:00:00,1,6,22,26,0,8.5,3.2,4.6,0,0,0,0,1,0,0,0,1
2024-01-25 03:00:00,1,4,30,22,0,8.5,3.2,4.6,0,0,0,0,1,0,0,0,1
2024-01-24 22:00:00,2,23,119,93,0,10.7,5.5,0.0,0,0,0,0,0,0,1,0,1
2024-01-25 16:00:00,12,17,854,218,0,8.5,3.2,4.6,0,0,0,0,1,0,0,0,1
2024-01-25 10:00:00,11,11,438,228,0,8.5,3.2,4.6,0,0,0,0,1,0,0,0,1
2024-01-24 06:00:00,2,7,38,36,0,10.7,5.5,0.0,0,0,0,0,0,0,1,0,1
2024-01-24 05:00:00,2,6,28,27,0,10.7,5.5,0.0,0,0,0,0,0,0,1,0,1
2024-01-24 02:00:00,1,3,26,27,0,10.7,5.5,0.0,0,0,0,0,0,0,1,0,1
2024-01-24 03:00:00,1,4,14,11,0,10.7,5.5,0.0,0,0,0,0,0,0,1,0,1
2024-01-25 23:00:00,0,0,130,55,0,8.5,3.2,4.6,0,0,0,0,1,0,0,0,1
2024-01-25 04:00:00,0,5,9,21,0,8.5,3.2,4.6,0,0,0,0,1,0,0,0,1
2024-01-26 16:00:00,62,17,982,248,0,9.7,5.5,0.0,1,0,0,0,0,0,0,0,1
2024-01-26 15:00:00,54,16,1499,305,0,9.7,5.5,0.0,1,0,0,0,0,0,0,0,1
2024-01-26 14:00:00,24,15,1210,200,0,9.7,5.5,0.0,1,0,0,0,0,0,0,0,1
2024-01-26 17:00:00,20,18,776,218,0,9.7,5.5,0.0,1,0,0,0,0,0,0,0,1
2024-01-26 21:00:00,20,22,467,195,0,9.7,5.5,0.0,1,0,0,0,0,0,0,0,1
2024-01-26 20:00:00,19,21,467,236,0,9.7,5.5,0.0,1,0,0,0,0,0,0,0,1
2024-01-26 18:00:00,17,19,616,270,0,9.7,5.5,0.0,1,0,0,0,0,0,0,0,1
2024-01-26 09:00:00,14,10,364,193,0,9.7,5.5,0.0,1,0,0,0,0,0,0,0,1
2024-01-26 19:00:00,13,20,555,223,0,9.7,5.5,0.0,1,0,0,0,0,0,0,0,1
2024-01-27 04:00:00,0,5,22,2,0,11.3,5.5,0.0,0,0,1,0,0,0,0,0,1
2024-01-27 05:00:00,0,6,12,1,0,11.3,5.5,0.0,0,0,1,0,0,0,0,0,1
2024-01-27 01:00:00,1,2,168,5,0,11.3,5.5,0.0,0,0,1,0,0,0,0,0,1
2024-01-27 02:00:00,1,3,96,5,0,11.3,5.5,0.0,0,0,1,0,0,0,0,0,1
2024-01-27 07:00:00,1,8,66,3,0,11.3,5.5,0.0,0,0,1,0,0,0,0,0,1
2024-01-26 23:00:00,2,0,349,150,0,9.7,5.5,0.0,1,0,0,0,0,0,0,0,1
2024-01-28 12:00:00,37,13,895,227,0,5.7,5.5,0.0,0,0,0,1,0,0,0,0,1
2024-01-27 09:00:00,4,10,320,7,0,11.3,5.5,0.0,0,0,1,0,0,0,0,0,1
2024-01-27 10:00:00,3,11,517,9,0,11.3,5.5,0.0,0,0,1,0,0,0,0,0,1
2024-01-27 08:00:00,2,9,201,5,0,11.3,5.5,0.0,0,0,1,0,0,0,0,0,1
2024-01-26 07:00:00,2,8,160,79,0,9.7,5.5,0.0,1,0,0,0,0,0,0,0,1
2024-01-26 06:00:00,2,7,46,40,0,9.7,5.5,0.0,1,0,0,0,0,0,0,0,1
2024-01-26 03:00:00,2,4,25,27,0,9.7,5.5,0.0,1,0,0,0,0,0,0,0,1
2024-01-26 13:00:00,2,14,706,6,0,9.7,5.5,0.0,1,0,0,0,0,0,0,0,1
2024-01-28 15:00:00,31,16,1016,212,0,5.7,5.5,0.0,0,0,0,1,0,0,0,0,1
2024-01-28 14:00:00,29,15,1097,194,0,5.7,5.5,0.0,0,0,0,1,0,0,0,0,1
2024-01-28 13:00:00,27,14,1017,227,0,5.7,5.5,0.0,0,0,0,1,0,0,0,0,1
2024-01-28 11:00:00,24,12,657,192,0,5.7,5.5,0.0,0,0,0,1,0,0,0,0,1
2024-01-28 10:00:00,20,11,409,168,0,5.7,5.5,0.0,0,0,0,1,0,0,0,0,1
2024-01-28 17:00:00,13,18,563,157,0,5.7,5.5,0.0,0,0,0,1,0,0,0,0,1
2024-01-26 10:00:00,8,11,568,218,0,9.7,5.5,0.0,1,0,0,0,0,0,0,0,1
2024-01-26 08:00:00,8,9,359,175,0,9.7,5.5,0.0,1,0,0,0,0,0,0,0,1
2024-01-26 00:00:00,1,1,186,45,0,9.7,5.5,0.0,1,0,0,0,0,0,0,0,1
2024-01-26 05:00:00,1,6,16,31,0,9.7,5.5,0.0,1,0,0,0,0,0,0,0,1
2024-01-27 00:00:00,0,1,276,82,0,11.3,5.5,0.0,0,0,1,0,0,0,0,0,1
2024-01-26 11:00:00,6,12,562,201,0,9.7,5.5,0.0,1,0,0,0,0,0,0,0,1
2024-01-26 22:00:00,3,23,472,170,0,9.7,5.5,0.0,1,0,0,0,0,0,0,0,1
2024-01-27 03:00:00,0,4,29,5,0,11.3,5.5,0.0,0,0,1,0,0,0,0,0,1
2024-01-27 06:00:00,0,7,27,2,0,11.3,5.5,0.0,0,0,1,0,0,0,0,0,1
2024-01-26 12:00:00,0,13,674,35,0,9.7,5.5,0.0,1,0,0,0,0,0,0,0,1
2024-01-26 01:00:00,0,2,96,32,0,9.7,5.5,0.0,1,0,0,0,0,0,0,0,1
2024-01-26 04:00:00,0,5,19,22,0,9.7,5.5,0.0,1,0,0,0,0,0,0,0,1
2024-01-26 02:00:00,0,3,67,13,0,9.7,5.5,0.0,1,0,0,0,0,0,0,0,1
2024-01-28 08:00:00,0,9,11,0,0,5.7,5.5,0.0,0,0,0,1,0,0,0,0,1
2024-01-29 17:00:00,28,18,593,157,0,7.4,5.5,0.0,0,1,0,0,0,0,0,0,1
2024-01-29 10:00:00,22,11,526,215,0,7.4,5.5,0.0,0,1,0,0,0,0,0,0,1
2024-01-29 18:00:00,21,19,296,140,0,7.4,5.5,0.0,0,1,0,0,0,0,0,0,1
2024-01-29 11:00:00,20,12,553,255,0,7.4,5.5,0.0,0,1,0,0,0,0,0,0,1
2024-01-30 18:00:00,19,19,436,169,0,8.7,5.5,0.0,0,0,0,0,0,1,0,0,1
2024-01-28 19:00:00,10,20,303,123,0,5.7,5.5,0.0,0,0,0,1,0,0,0,0,1
2024-01-28 16:00:00,9,17,741,213,0,5.7,5.5,0.0,0,0,0,1,0,0,0,0,1
2024-01-28 20:00:00,9,21,264,115,0,5.7,5.5,0.0,0,0,0,1,0,0,0,0,1
2024-01-28 23:00:00,9,0,204,78,0,5.7,5.5,0.0,0,0,0,1,0,0,0,0,1
2024-01-28 21:00:00,6,22,244,103,0,5.7,5.5,0.0,0,0,0,1,0,0,0,0,1
2024-01-28 18:00:00,5,19,402,132,0,5.7,5.5,0.0,0,0,0,1,0,0,0,0,1
2024-01-28 22:00:00,3,23,241,97,0,5.7,5.5,0.0,0,0,0,1,0,0,0,0,1
2024-01-30 14:00:00,17,15,1557,280,0,8.7,5.5,0.0,0,0,0,0,0,1,0,0,1
2024-01-30 15:00:00,17,16,1375,205,0,8.7,5.5,0.0,0,0,0,0,0,1,0,0,1
2024-01-30 17:00:00,9,18,858,216,0,8.7,5.5,0.0,0,0,0,0,0,1,0,0,1
2024-01-30 11:00:00,9,12,592,182,0,8.7,5.5,0.0,0,0,0,0,0,1,0,0,1
2024-01-30 10:00:00,9,11,478,147,0,8.7,5.5,0.0,0,0,0,0,0,1,0,0,1
2024-01-30 19:00:00,9,20,430,89,0,8.7,5.5,0.0,0,0,0,0,0,1,0,0,1
2024-01-30 16:00:00,8,17,1517,234,0,8.7,5.5,0.0,0,0,0,0,0,1,0,0,1
2024-01-30 20:00:00,8,21,255,119,0,8.7,5.5,0.0,0,0,0,0,0,1,0,0,1
2024-01-30 08:00:00,7,9,472,165,0,8.7,5.5,0.0,0,0,0,0,0,1,0,0,1
2024-01-29 12:00:00,20,13,703,266,0,7.4,5.5,0.0,0,1,0,0,0,0,0,0,1
2024-01-28 09:00:00,3,10,123,18,0,5.7,5.5,0.0,0,0,0,1,0,0,0,0,1
2024-01-29 13:00:00,7,14,569,229,0,7.4,5.5,0.0,0,1,0,0,0,0,0,0,1
2024-01-29 14:00:00,7,15,345,192,0,7.4,5.5,0.0,0,1,0,0,0,0,0,0,1
2024-01-29 02:00:00,1,3,86,35,0,7.4,5.5,0.0,0,1,0,0,0,0,0,0,1
2024-01-29 06:00:00,1,7,61,31,0,7.4,5.5,0.0,0,1,0,0,0,0,0,0,1
2024-01-29 05:00:00,1,6,19,22,0,7.4,5.5,0.0,0,1,0,0,0,0,0,0,1
2024-01-29 07:00:00,5,8,132,79,0,7.4,5.5,0.0,0,1,0,0,0,0,0,0,1
2024-01-29 03:00:00,1,4,15,15,0,7.4,5.5,0.0,0,1,0,0,0,0,0,0,1
2024-01-30 13:00:00,43,14,908,230,0,8.7,5.5,0.0,0,0,0,0,0,1,0,0,1
2024-01-30 12:00:00,19,13,864,264,0,8.7,5.5,0.0,0,0,0,0,0,1,0,0,1
2024-01-29 15:00:00,4,16,376,204,0,7.4,5.5,0.0,0,1,0,0,0,0,0,0,1
2024-01-29 21:00:00,4,22,129,68,0,7.4,5.5,0.0,0,1,0,0,0,0,0,0,1
2024-01-29 20:00:00,3,21,216,118,0,7.4,5.5,0.0,0,1,0,0,0,0,0,0,1
2024-01-29 00:00:00,3,1,225,71,0,7.4,5.5,0.0,0,1,0,0,0,0,0,0,1
2024-01-29 22:00:00,2,23,111,67,0,7.4,5.5,0.0,0,1,0,0,0,0,0,0,1
2024-01-29 16:00:00,13,17,642,179,0,7.4,5.5,0.0,0,1,0,0,0,0,0,0,1
2024-01-29 09:00:00,12,10,367,201,0,7.4,5.5,0.0,0,1,0,0,0,0,0,0,1
2024-01-29 19:00:00,12,20,250,110,0,7.4,5.5,0.0,0,1,0,0,0,0,0,0,1
2024-01-29 08:00:00,11,9,380,156,0,7.4,5.5,0.0,0,1,0,0,0,0,0,0,1
2024-01-29 04:00:00,1,5,19,9,0,7.4,5.5,0.0,0,1,0,0,0,0,0,0,1
2024-01-29 01:00:00,0,2,108,47,0,7.4,5.5,0.0,0,1,0,0,0,0,0,0,1
2024-01-29 23:00:00,0,0,72,40,0,7.4,5.5,0.0,0,1,0,0,0,0,0,0,1
2024-01-31 03:00:00,0,4,12,10,0,11.2,5.5,2.1,0,0,0,0,0,0,1,0,1
2024-01-31 18:00:00,10,19,619,322,0,11.2,5.5,2.1,0,0,0,0,0,0,1,0,1
2024-01-30 06:00:00,1,7,55,38,0,8.7,5.5,0.0,0,0,0,0,0,1,0,0,1
2024-01-30 01:00:00,1,2,55,19,0,8.7,5.5,0.0,0,0,0,0,0,1,0,0,1
2024-01-31 01:00:00,2,2,81,27,0,11.2,5.5,2.1,0,0,0,0,0,0,1,0,1
2024-01-31 04:00:00,2,5,6,12,0,11.2,5.5,2.1,0,0,0,0,0,0,1,0,1
2024-01-31 02:00:00,1,3,61,40,0,11.2,5.5,2.1,0,0,0,0,0,0,1,0,1
2024-01-31 05:00:00,1,6,18,25,0,11.2,5.5,2.1,0,0,0,0,0,0,1,0,1
2024-01-31 13:00:00,37,14,769,270,0,11.2,5.5,2.1,0,0,0,0,0,0,1,0,1
2024-01-30 00:00:00,0,1,72,34,0,8.7,5.5,0.0,0,0,0,0,0,1,0,0,1
2024-01-30 02:00:00,0,3,34,26,0,8.7,5.5,0.0,0,0,0,0,0,1,0,0,1
2024-01-30 04:00:00,0,5,7,14,0,8.7,5.5,0.0,0,0,0,0,0,1,0,0,1
2024-01-31 11:00:00,35,12,507,226,0,11.2,5.5,2.1,0,0,0,0,0,0,1,0,1
2024-01-31 12:00:00,34,13,703,255,0,11.2,5.5,2.1,0,0,0,0,0,0,1,0,1
2024-01-31 17:00:00,31,18,967,345,0,11.2,5.5,2.1,0,0,0,0,0,0,1,0,1
2024-01-31 14:00:00,29,15,531,269,0,11.2,5.5,2.1,0,0,0,0,0,0,1,0,1
2024-01-31 20:00:00,6,21,295,134,0,11.2,5.5,2.1,0,0,0,0,0,0,1,0,1
2024-01-31 07:00:00,6,8,189,100,0,11.2,5.5,2.1,0,0,0,0,0,0,1,0,1
2024-01-31 19:00:00,5,20,538,202,0,11.2,5.5,2.1,0,0,0,0,0,0,1,0,1
2024-01-31 21:00:00,5,22,290,145,0,11.2,5.5,2.1,0,0,0,0,0,0,1,0,1
2024-01-31 23:00:00,4,0,153,90,0,11.2,5.5,2.1,0,0,0,0,0,0,1,0,1
2024-01-31 22:00:00,3,23,163,118,0,11.2,5.5,2.1,0,0,0,0,0,0,1,0,1
2024-01-31 00:00:00,3,1,196,56,0,11.2,5.5,2.1,0,0,0,0,0,0,1,0,1
2024-01-31 06:00:00,3,7,65,36,0,11.2,5.5,2.1,0,0,0,0,0,0,1,0,1
2024-01-31 08:00:00,14,9,444,131,0,11.2,5.5,2.1,0,0,0,0,0,0,1,0,1
2024-01-31 09:00:00,13,10,488,190,0,11.2,5.5,2.1,0,0,0,0,0,0,1,0,1
2024-01-31 16:00:00,12,17,1258,338,0,11.2,5.5,2.1,0,0,0,0,0,0,1,0,1
2024-01-31 15:00:00,12,16,926,317,0,11.2,5.5,2.1,0,0,0,0,0,0,1,0,1
2024-01-31 10:00:00,12,11,459,208,0,11.2,5.5,2.1,0,0,0,0,0,0,1,0,1
2024-01-30 09:00:00,6,10,425,104,0,8.7,5.5,0.0,0,0,0,0,0,1,0,0,1
2024-01-30 07:00:00,3,8,140,104,0,8.7,5.5,0.0,0,0,0,0,0,1,0,0,1
2024-01-30 21:00:00,3,22,175,97,0,8.7,5.5,0.0,0,0,0,0,0,1,0,0,1
2024-01-30 23:00:00,3,0,126,52,0,8.7,5.5,0.0,0,0,0,0,0,1,0,0,1
2024-01-30 05:00:00,3,6,19,13,0,8.7,5.5,0.0,0,0,0,0,0,1,0,0,1
2024-01-30 03:00:00,2,4,11,20,0,8.7,5.5,0.0,0,0,0,0,0,1,0,0,1
2024-01-30 22:00:00,1,23,213,62,0,8.7,5.5,0.0,0,0,0,0,0,1,0,0,1
2023-11-02 23:00:00,2,0,196,77,0,12.7,3.2,0.3,0,0,0,0,1,0,0,0,1
2023-11-02 10:00:00,2,11,541,14,0,12.7,3.2,0.3,0,0,0,0,1,0,0,0,1
2023-11-01 19:00:00,2,20,285,20,0,10.0,4.0,7.7,0,0,0,0,0,0,1,0,1
2023-11-01 17:00:00,2,18,432,16,0,10.0,4.0,7.7,0,0,0,0,0,0,1,0,1
2023-11-02 08:00:00,2,9,355,6,0,12.7,3.2,0.3,0,0,0,0,1,0,0,0,1
2023-11-01 08:00:00,2,9,202,16,0,10.0,4.0,7.7,0,0,0,0,0,0,1,0,1
2023-11-01 10:00:00,2,11,350,10,0,10.0,4.0,7.7,0,0,0,0,0,0,1,0,1
2023-11-02 22:00:00,1,23,254,45,0,12.7,3.2,0.3,0,0,0,0,1,0,0,0,1
2023-11-02 19:00:00,1,20,352,23,0,12.7,3.2,0.3,0,0,0,0,1,0,0,0,1
2023-11-02 01:00:00,1,2,126,7,0,12.7,3.2,0.3,0,0,0,0,1,0,0,0,1
2023-11-02 21:00:00,0,22,147,377,0,12.7,3.2,0.3,0,0,0,0,1,0,0,0,1
2023-11-01 13:00:00,1,14,332,34,0,10.0,4.0,7.7,0,0,0,0,0,0,1,0,1
2023-11-01 15:00:00,1,16,530,20,0,10.0,4.0,7.7,0,0,0,0,0,0,1,0,1
2023-11-01 20:00:00,1,21,225,14,0,10.0,4.0,7.7,0,0,0,0,0,0,1,0,1
2023-11-01 21:00:00,1,22,207,14,0,10.0,4.0,7.7,0,0,0,0,0,0,1,0,1
2023-11-01 00:00:00,1,1,224,10,0,10.0,4.0,7.7,0,0,0,0,0,0,1,0,1
2023-11-01 01:00:00,1,2,93,8,0,10.0,4.0,7.7,0,0,0,0,0,0,1,0,1
2023-11-01 07:00:00,1,8,103,4,0,10.0,4.0,7.7,0,0,0,0,0,0,1,0,1
2023-11-01 16:00:00,4,17,713,14,0,10.0,4.0,7.7,0,0,0,0,0,0,1,0,1
2023-11-01 14:00:00,0,15,516,20,0,10.0,4.0,7.7,0,0,0,0,0,0,1,0,1
2023-11-01 18:00:00,0,19,373,20,0,10.0,4.0,7.7,0,0,0,0,0,0,1,0,1
2023-11-01 23:00:00,0,0,141,18,0,10.0,4.0,7.7,0,0,0,0,0,0,1,0,1
2023-11-01 09:00:00,0,10,226,14,0,10.0,4.0,7.7,0,0,0,0,0,0,1,0,1
2023-11-01 12:00:00,0,13,309,13,0,10.0,4.0,7.7,0,0,0,0,0,0,1,0,1
2023-11-01 11:00:00,0,12,238,13,0,10.0,4.0,7.7,0,0,0,0,0,0,1,0,1
2023-11-01 22:00:00,0,23,220,13,0,10.0,4.0,7.7,0,0,0,0,0,0,1,0,1
2023-11-01 03:00:00,0,4,59,4,0,10.0,4.0,7.7,0,0,0,0,0,0,1,0,1
2023-11-01 02:00:00,0,3,79,3,0,10.0,4.0,7.7,0,0,0,0,0,0,1,0,1
2023-11-01 06:00:00,0,7,38,3,0,10.0,4.0,7.7,0,0,0,0,0,0,1,0,1
2023-11-01 04:00:00,0,5,6,2,0,10.0,4.0,7.7,0,0,0,0,0,0,1,0,1
2023-11-01 05:00:00,0,6,13,1,0,10.0,4.0,7.7,0,0,0,0,0,0,1,0,1
2023-11-02 15:00:00,6,16,753,184,0,12.7,3.2,0.3,0,0,0,0,1,0,0,0,1
2023-11-02 17:00:00,5,18,736,14,0,12.7,3.2,0.3,0,0,0,0,1,0,0,0,1
2023-11-02 16:00:00,4,17,792,125,0,12.7,3.2,0.3,0,0,0,0,1,0,0,0,1
2023-11-02 09:00:00,4,10,394,8,0,12.7,3.2,0.3,0,0,0,0,1,0,0,0,1
2023-11-02 11:00:00,4,12,467,4,0,12.7,3.2,0.3,0,0,0,0,1,0,0,0,1
2023-11-02 06:00:00,4,7,40,3,0,12.7,3.2,0.3,0,0,0,0,1,0,0,0,1
2023-11-02 20:00:00,3,21,253,151,0,12.7,3.2,0.3,0,0,0,0,1,0,0,0,1
2023-11-02 18:00:00,3,19,515,20,0,12.7,3.2,0.3,0,0,0,0,1,0,0,0,1
2023-11-02 07:00:00,3,8,136,1,0,12.7,3.2,0.3,0,0,0,0,1,0,0,0,1
2023-11-02 00:00:00,0,1,159,5,0,12.7,3.2,0.3,0,0,0,0,1,0,0,0,1
2023-11-02 02:00:00,0,3,74,3,0,12.7,3.2,0.3,0,0,0,0,1,0,0,0,1
2023-11-02 05:00:00,0,6,16,3,0,12.7,3.2,0.3,0,0,0,0,1,0,0,0,1
2023-11-02 03:00:00,0,4,6,2,0,12.7,3.2,0.3,0,0,0,0,1,0,0,0,1
2023-11-02 14:00:00,8,15,733,178,0,12.7,3.2,0.3,0,0,0,0,1,0,0,0,1
2023-11-02 13:00:00,7,14,863,166,0,12.7,3.2,0.3,0,0,0,0,1,0,0,0,1
2023-11-02 12:00:00,7,13,789,39,0,12.7,3.2,0.3,0,0,0,0,1,0,0,0,1
2023-11-02 04:00:00,0,5,17,1,0,12.7,3.2,0.3,0,0,0,0,1,0,0,0,1
2023-11-03 12:00:00,13,13,1040,244,0,11.2,7.3,1.4,1,0,0,0,0,0,0,0,1
2023-11-03 10:00:00,9,11,798,223,0,11.2,7.3,1.4,1,0,0,0,0,0,0,0,1
2023-11-03 08:00:00,9,9,414,183,0,11.2,7.3,1.4,1,0,0,0,0,0,0,0,1
2023-11-03 14:00:00,8,15,887,272,0,11.2,7.3,1.4,1,0,0,0,0,0,0,0,1
2023-11-03 16:00:00,8,17,1076,235,0,11.2,7.3,1.4,1,0,0,0,0,0,0,0,1
2023-11-03 07:00:00,8,8,122,99,0,11.2,7.3,1.4,1,0,0,0,0,0,0,0,1
2023-11-03 06:00:00,1,7,49,45,0,11.2,7.3,1.4,1,0,0,0,0,0,0,0,1
2023-11-03 20:00:00,1,21,391,38,0,11.2,7.3,1.4,1,0,0,0,0,0,0,0,1
2023-11-03 02:00:00,1,3,84,36,0,11.2,7.3,1.4,1,0,0,0,0,0,0,0,1
2023-11-03 04:00:00,1,5,29,23,0,11.2,7.3,1.4,1,0,0,0,0,0,0,0,1
2023-11-03 21:00:00,0,22,439,93,0,11.2,7.3,1.4,1,0,0,0,0,0,0,0,1
2023-11-03 05:00:00,0,6,22,33,0,11.2,7.3,1.4,1,0,0,0,0,0,0,0,1
2023-11-03 03:00:00,0,4,16,19,0,11.2,7.3,1.4,1,0,0,0,0,0,0,0,1
2023-11-04 12:00:00,11,13,1110,282,0,10.6,5.5,0.6,0,0,1,0,0,0,0,0,1
2023-11-04 11:00:00,9,12,1028,167,0,10.6,5.5,0.6,0,0,1,0,0,0,0,0,1
2023-11-04 07:00:00,9,8,83,78,0,10.6,5.5,0.6,0,0,1,0,0,0,0,0,1
2023-11-04 10:00:00,8,11,695,137,0,10.6,5.5,0.6,0,0,1,0,0,0,0,0,1
2023-11-04 08:00:00,7,9,237,126,0,10.6,5.5,0.6,0,0,1,0,0,0,0,0,1
2023-11-04 17:00:00,7,18,800,97,0,10.6,5.5,0.6,0,0,1,0,0,0,0,0,1
2023-11-04 13:00:00,6,14,1025,308,0,10.6,5.5,0.6,0,0,1,0,0,0,0,0,1
2023-11-04 09:00:00,5,10,454,192,0,10.6,5.5,0.6,0,0,1,0,0,0,0,0,1
2023-11-04 00:00:00,5,1,358,147,0,10.6,5.5,0.6,0,0,1,0,0,0,0,0,1
2023-11-04 01:00:00,5,2,245,92,0,10.6,5.5,0.6,0,0,1,0,0,0,0,0,1
2023-11-04 15:00:00,5,16,1265,87,0,10.6,5.5,0.6,0,0,1,0,0,0,0,0,1
2023-11-04 19:00:00,5,20,689,45,0,10.6,5.5,0.6,0,0,1,0,0,0,0,0,1
2023-11-04 23:00:00,4,0,612,154,0,10.6,5.5,0.6,0,0,1,0,0,0,0,0,1
2023-11-04 16:00:00,4,17,1224,117,0,10.6,5.5,0.6,0,0,1,0,0,0,0,0,1
2023-11-04 22:00:00,3,23,572,156,0,10.6,5.5,0.6,0,0,1,0,0,0,0,0,1
2023-11-04 14:00:00,3,15,1077,83,0,10.6,5.5,0.6,0,0,1,0,0,0,0,0,1
2023-11-04 21:00:00,2,22,729,104,0,10.6,5.5,0.6,0,0,1,0,0,0,0,0,1
2023-11-04 03:00:00,2,4,111,32,0,10.6,5.5,0.6,0,0,1,0,0,0,0,0,1
2023-11-04 06:00:00,2,7,43,30,0,10.6,5.5,0.6,0,0,1,0,0,0,0,0,1
2023-11-04 05:00:00,1,6,14,60,0,10.6,5.5,0.6,0,0,1,0,0,0,0,0,1
2023-11-04 18:00:00,1,19,712,55,0,10.6,5.5,0.6,0,0,1,0,0,0,0,0,1
2023-11-04 20:00:00,1,21,677,48,0,10.6,5.5,0.6,0,0,1,0,0,0,0,0,1
2023-11-04 04:00:00,0,5,10,46,0,10.6,5.5,0.6,0,0,1,0,0,0,0,0,1
2023-11-04 02:00:00,0,3,235,32,0,10.6,5.5,0.6,0,0,1,0,0,0,0,0,1
2023-11-05 18:00:00,30,19,479,156,0,10.8,5.5,0.0,0,0,0,1,0,0,0,0,1
2023-11-05 17:00:00,20,18,671,215,0,10.8,5.5,0.0,0,0,0,1,0,0,0,0,1
2023-11-05 16:00:00,17,17,787,419,0,10.8,5.5,0.0,0,0,0,1,0,0,0,0,1
2023-11-05 19:00:00,16,20,405,157,0,10.8,5.5,0.0,0,0,0,1,0,0,0,0,1
2023-11-05 11:00:00,14,12,687,130,0,10.8,5.5,0.0,0,0,0,1,0,0,0,0,1
2023-11-05 15:00:00,13,16,335,1137,0,10.8,5.5,0.0,0,0,0,1,0,0,0,0,1
2023-11-03 23:00:00,7,0,366,162,0,11.2,7.3,1.4,1,0,0,0,0,0,0,0,1
2023-11-03 13:00:00,6,14,905,306,0,11.2,7.3,1.4,1,0,0,0,0,0,0,0,1
2023-11-03 09:00:00,6,10,454,252,0,11.2,7.3,1.4,1,0,0,0,0,0,0,0,1
2023-11-03 00:00:00,6,1,210,92,0,11.2,7.3,1.4,1,0,0,0,0,0,0,0,1
2023-11-03 01:00:00,6,2,102,56,0,11.2,7.3,1.4,1,0,0,0,0,0,0,0,1
2023-11-03 11:00:00,5,12,855,213,0,11.2,7.3,1.4,1,0,0,0,0,0,0,0,1
2023-11-03 22:00:00,5,23,402,182,0,11.2,7.3,1.4,1,0,0,0,0,0,0,0,1
2023-11-03 18:00:00,5,19,414,130,0,11.2,7.3,1.4,1,0,0,0,0,0,0,0,1
2023-11-03 17:00:00,5,18,552,113,0,11.2,7.3,1.4,1,0,0,0,0,0,0,0,1
2023-11-03 19:00:00,4,20,458,83,0,11.2,7.3,1.4,1,0,0,0,0,0,0,0,1
2023-11-03 15:00:00,2,16,655,193,0,11.2,7.3,1.4,1,0,0,0,0,0,0,0,1
2023-11-05 06:00:00,1,7,41,19,0,10.8,5.5,0.0,0,0,0,1,0,0,0,0,1
2023-11-06 03:00:00,0,4,12,20,0,12.1,3.3,0.2,0,1,0,0,0,0,0,0,1
2023-11-06 04:00:00,0,5,10,19,0,12.1,3.3,0.2,0,1,0,0,0,0,0,0,1
2023-11-06 02:00:00,0,3,71,17,0,12.1,3.3,0.2,0,1,0,0,0,0,0,0,1
2023-11-05 21:00:00,4,22,472,150,0,10.8,5.5,0.0,0,0,0,1,0,0,0,0,1
2023-11-06 13:00:00,7,14,752,214,0,12.1,3.3,0.2,0,1,0,0,0,0,0,0,1
2023-11-06 07:00:00,7,8,113,118,0,12.1,3.3,0.2,0,1,0,0,0,0,0,0,1
2023-11-06 11:00:00,6,12,478,138,0,12.1,3.3,0.2,0,1,0,0,0,0,0,0,1
2023-11-06 12:00:00,5,13,722,210,0,12.1,3.3,0.2,0,1,0,0,0,0,0,0,1
2023-11-06 14:00:00,4,15,676,231,0,12.1,3.3,0.2,0,1,0,0,0,0,0,0,1
2023-11-06 19:00:00,4,20,444,104,0,12.1,3.3,0.2,0,1,0,0,0,0,0,0,1
2023-11-06 20:00:00,3,21,303,120,0,12.1,3.3,0.2,0,1,0,0,0,0,0,0,1
2023-11-06 21:00:00,3,22,186,97,0,12.1,3.3,0.2,0,1,0,0,0,0,0,0,1
2023-11-06 23:00:00,3,0,156,70,0,12.1,3.3,0.2,0,1,0,0,0,0,0,0,1
2023-11-06 15:00:00,2,16,694,225,0,12.1,3.3,0.2,0,1,0,0,0,0,0,0,1
2023-11-05 10:00:00,4,11,492,131,0,10.8,5.5,0.0,0,0,0,1,0,0,0,0,1
2023-11-05 20:00:00,8,21,287,155,0,10.8,5.5,0.0,0,0,0,1,0,0,0,0,1
2023-11-05 12:00:00,7,13,904,180,0,10.8,5.5,0.0,0,0,0,1,0,0,0,0,1
2023-11-05 13:00:00,6,14,848,130,0,10.8,5.5,0.0,0,0,0,1,0,0,0,0,1
2023-11-05 03:00:00,6,4,91,108,0,10.8,5.5,0.0,0,0,0,1,0,0,0,0,1
2023-11-05 08:00:00,5,9,90,81,0,10.8,5.5,0.0,0,0,0,1,0,0,0,0,1
2023-11-06 06:00:00,1,7,47,44,0,12.1,3.3,0.2,0,1,0,0,0,0,0,0,1
2023-11-05 22:00:00,3,23,195,149,0,10.8,5.5,0.0,0,0,0,1,0,0,0,0,1
2023-11-05 00:00:00,3,1,379,108,0,10.8,5.5,0.0,0,0,0,1,0,0,0,0,1
2023-11-05 23:00:00,3,0,145,98,0,10.8,5.5,0.0,0,0,0,1,0,0,0,0,1
2023-11-05 14:00:00,2,15,787,219,0,10.8,5.5,0.0,0,0,0,1,0,0,0,0,1
2023-11-05 09:00:00,2,10,293,127,0,10.8,5.5,0.0,0,0,0,1,0,0,0,0,1
2023-11-05 04:00:00,2,5,23,59,0,10.8,5.5,0.0,0,0,0,1,0,0,0,0,1
2023-11-05 01:00:00,2,2,315,30,0,10.8,5.5,0.0,0,0,0,1,0,0,0,0,1
2023-11-05 05:00:00,1,6,13,23,0,10.8,5.5,0.0,0,0,0,1,0,0,0,0,1
2023-11-06 05:00:00,1,6,16,26,0,12.1,3.3,0.2,0,1,0,0,0,0,0,0,1
2023-11-07 20:00:00,15,21,395,148,0,10.1,5.6,2.2,0,0,0,0,0,1,0,0,1
2023-11-07 08:00:00,15,9,413,145,0,10.1,5.6,2.2,0,0,0,0,0,1,0,0,1
2023-11-07 19:00:00,14,20,443,179,0,10.1,5.6,2.2,0,0,0,0,0,1,0,0,1
2023-11-07 12:00:00,12,13,721,218,0,10.1,5.6,2.2,0,0,0,0,0,1,0,0,1
2023-11-07 15:00:00,10,16,704,140,0,10.1,5.6,2.2,0,0,0,0,0,1,0,0,1
2023-11-07 14:00:00,9,15,632,207,0,10.1,5.6,2.2,0,0,0,0,0,1,0,0,1
2023-11-07 09:00:00,9,10,470,194,0,10.1,5.6,2.2,0,0,0,0,0,1,0,0,1
2023-11-07 22:00:00,9,23,213,129,0,10.1,5.6,2.2,0,0,0,0,0,1,0,0,1
2023-11-07 21:00:00,8,22,328,161,0,10.1,5.6,2.2,0,0,0,0,0,1,0,0,1
2023-11-07 11:00:00,7,12,604,191,0,10.1,5.6,2.2,0,0,0,0,0,1,0,0,1
2023-11-07 00:00:00,7,1,113,52,0,10.1,5.6,2.2,0,0,0,0,0,1,0,0,1
2023-11-07 13:00:00,6,14,825,219,0,10.1,5.6,2.2,0,0,0,0,0,1,0,0,1
2023-11-06 08:00:00,37,9,403,124,0,12.1,3.3,0.2,0,1,0,0,0,0,0,0,1
2023-11-07 18:00:00,43,19,641,238,0,10.1,5.6,2.2,0,0,0,0,0,1,0,0,1
2023-11-07 17:00:00,38,18,1036,250,0,10.1,5.6,2.2,0,0,0,0,0,1,0,0,1
2023-11-07 16:00:00,21,17,895,153,0,10.1,5.6,2.2,0,0,0,0,0,1,0,0,1
2023-11-05 02:00:00,0,3,188,45,0,10.8,5.5,0.0,0,0,0,1,0,0,0,0,1
2023-11-05 07:00:00,0,8,39,42,0,10.8,5.5,0.0,0,0,0,1,0,0,0,0,1
2023-11-06 16:00:00,29,17,725,207,0,12.1,3.3,0.2,0,1,0,0,0,0,0,0,1
2023-11-06 00:00:00,0,1,137,77,0,12.1,3.3,0.2,0,1,0,0,0,0,0,0,1
2023-11-06 17:00:00,18,18,760,159,0,12.1,3.3,0.2,0,1,0,0,0,0,0,0,1
2023-11-06 09:00:00,17,10,352,170,0,12.1,3.3,0.2,0,1,0,0,0,0,0,0,1
2023-11-06 10:00:00,13,11,441,106,0,12.1,3.3,0.2,0,1,0,0,0,0,0,0,1
2023-11-06 18:00:00,10,19,720,132,0,12.1,3.3,0.2,0,1,0,0,0,0,0,0,1
2023-11-06 22:00:00,0,23,215,76,0,12.1,3.3,0.2,0,1,0,0,0,0,0,0,1
2023-11-06 01:00:00,0,2,96,60,0,12.1,3.3,0.2,0,1,0,0,0,0,0,0,1
2023-11-08 20:00:00,1,21,314,141,0,8.9,3.0,0.8,0,0,0,0,0,0,1,0,1
2023-11-08 23:00:00,1,0,190,116,0,8.9,3.0,0.8,0,0,0,0,0,0,1,0,1
2023-11-08 13:00:00,8,14,850,253,0,8.9,3.0,0.8,0,0,0,0,0,0,1,0,1
2023-11-08 08:00:00,7,9,391,171,0,8.9,3.0,0.8,0,0,0,0,0,0,1,0,1
2023-11-08 16:00:00,6,17,892,252,0,8.9,3.0,0.8,0,0,0,0,0,0,1,0,1
2023-11-08 21:00:00,6,22,228,174,0,8.9,3.0,0.8,0,0,0,0,0,0,1,0,1
2023-11-08 14:00:00,5,15,744,260,0,8.9,3.0,0.8,0,0,0,0,0,0,1,0,1
2023-11-08 19:00:00,5,20,374,201,0,8.9,3.0,0.8,0,0,0,0,0,0,1,0,1
2023-11-08 22:00:00,2,23,307,133,0,8.9,3.0,0.8,0,0,0,0,0,0,1,0,1
2023-11-08 07:00:00,2,8,144,84,0,8.9,3.0,0.8,0,0,0,0,0,0,1,0,1
2023-11-09 13:00:00,8,14,904,29,0,7.9,0.7,0.0,0,0,0,0,1,0,0,0,1
2023-11-07 04:00:00,0,5,10,3,0,10.1,5.6,2.2,0,0,0,0,0,1,0,0,1
2023-11-08 06:00:00,1,7,50,43,0,8.9,3.0,0.8,0,0,0,0,0,0,1,0,1
2023-11-07 07:00:00,4,8,146,94,0,10.1,5.6,2.2,0,0,0,0,0,1,0,0,1
2023-11-09 22:00:00,6,23,466,175,0,7.9,0.7,0.0,0,0,0,0,1,0,0,0,1
2023-11-09 07:00:00,6,8,157,99,0,7.9,0.7,0.0,0,0,0,0,1,0,0,0,1
2023-11-09 14:00:00,6,15,686,17,0,7.9,0.7,0.0,0,0,0,0,1,0,0,0,1
2023-11-09 19:00:00,5,20,332,160,0,7.9,0.7,0.0,0,0,0,0,1,0,0,0,1
2023-11-09 15:00:00,5,16,813,16,0,7.9,0.7,0.0,0,0,0,0,1,0,0,0,1
2023-11-09 05:00:00,4,6,11,21,0,7.9,0.7,0.0,0,0,0,0,1,0,0,0,1
2023-11-09 06:00:00,3,7,41,39,0,7.9,0.7,0.0,0,0,0,0,1,0,0,0,1
2023-11-09 16:00:00,3,17,831,26,0,7.9,0.7,0.0,0,0,0,0,1,0,0,0,1
2023-11-08 01:00:00,1,2,143,34,0,8.9,3.0,0.8,0,0,0,0,0,0,1,0,1
2023-11-08 17:00:00,18,18,772,263,0,8.9,3.0,0.8,0,0,0,0,0,0,1,0,1
2023-11-07 05:00:00,0,6,7,0,0,10.1,5.6,2.2,0,0,0,0,0,1,0,0,1
2023-11-07 03:00:00,0,4,4,0,0,10.1,5.6,2.2,0,0,0,0,0,1,0,0,1
2023-11-09 10:00:00,34,11,485,178,0,7.9,0.7,0.0,0,0,0,0,1,0,0,0,1
2023-11-07 10:00:00,3,11,474,183,0,10.1,5.6,2.2,0,0,0,0,0,1,0,0,1
2023-11-08 00:00:00,0,1,175,73,0,8.9,3.0,0.8,0,0,0,0,0,0,1,0,1
2023-11-08 05:00:00,0,6,18,45,0,8.9,3.0,0.8,0,0,0,0,0,0,1,0,1
2023-11-08 02:00:00,0,3,68,33,0,8.9,3.0,0.8,0,0,0,0,0,0,1,0,1
2023-11-08 04:00:00,0,5,11,21,0,8.9,3.0,0.8,0,0,0,0,0,0,1,0,1
2023-11-08 03:00:00,0,4,15,10,0,8.9,3.0,0.8,0,0,0,0,0,0,1,0,1
2023-11-09 08:00:00,26,9,368,162,0,7.9,0.7,0.0,0,0,0,0,1,0,0,0,1
2023-11-09 21:00:00,2,22,254,155,0,7.9,0.7,0.0,0,0,0,0,1,0,0,0,1
2023-11-07 23:00:00,2,0,130,66,0,10.1,5.6,2.2,0,0,0,0,0,1,0,0,1
2023-11-09 18:00:00,2,19,530,43,0,7.9,0.7,0.0,0,0,0,0,1,0,0,0,1
2023-11-07 01:00:00,2,2,124,28,0,10.1,5.6,2.2,0,0,0,0,0,1,0,0,1
2023-11-09 02:00:00,2,3,59,38,0,7.9,0.7,0.0,0,0,0,0,1,0,0,0,1
2023-11-08 10:00:00,14,11,501,251,0,8.9,3.0,0.8,0,0,0,0,0,0,1,0,1
2023-11-07 02:00:00,2,3,64,8,0,10.1,5.6,2.2,0,0,0,0,0,1,0,0,1
2023-11-09 17:00:00,2,18,775,29,0,7.9,0.7,0.0,0,0,0,0,1,0,0,0,1
2023-11-09 11:00:00,19,12,569,187,0,7.9,0.7,0.0,0,0,0,0,1,0,0,0,1
2023-11-08 12:00:00,12,13,784,215,0,8.9,3.0,0.8,0,0,0,0,0,0,1,0,1
2023-11-09 20:00:00,1,21,257,178,0,7.9,0.7,0.0,0,0,0,0,1,0,0,0,1
2023-11-08 11:00:00,12,12,464,191,0,8.9,3.0,0.8,0,0,0,0,0,0,1,0,1
2023-11-09 00:00:00,1,1,223,91,0,7.9,0.7,0.0,0,0,0,0,1,0,0,0,1
2023-11-07 06:00:00,1,7,24,3,0,10.1,5.6,2.2,0,0,0,0,0,1,0,0,1
2023-11-09 09:00:00,11,10,357,167,0,7.9,0.7,0.0,0,0,0,0,1,0,0,0,1
2023-11-09 12:00:00,10,13,730,163,0,7.9,0.7,0.0,0,0,0,0,1,0,0,0,1
2023-11-08 18:00:00,9,19,529,273,0,8.9,3.0,0.8,0,0,0,0,0,0,1,0,1
2023-11-08 15:00:00,9,16,729,264,0,8.9,3.0,0.8,0,0,0,0,0,0,1,0,1
2023-11-08 09:00:00,9,10,446,216,0,8.9,3.0,0.8,0,0,0,0,0,0,1,0,1
2023-11-10 14:00:00,16,15,1322,253,0,9.6,-1.6,0.2,1,0,0,0,0,0,0,0,1
2023-11-11 17:00:00,4,18,1177,200,0,9.0,0.5,0.0,0,0,1,0,0,0,0,0,1
2023-11-11 05:00:00,1,6,19,33,0,9.0,0.5,0.0,0,0,1,0,0,0,0,0,1
2023-11-10 13:00:00,15,14,1286,242,0,9.6,-1.6,0.2,1,0,0,0,0,0,0,0,1
2023-11-10 06:00:00,5,7,76,36,0,9.6,-1.6,0.2,1,0,0,0,0,0,0,0,1
2023-11-10 19:00:00,13,20,651,245,0,9.6,-1.6,0.2,1,0,0,0,0,0,0,0,1
2023-11-10 11:00:00,11,12,892,214,0,9.6,-1.6,0.2,1,0,0,0,0,0,0,0,1
2023-11-10 17:00:00,11,18,1026,207,0,9.6,-1.6,0.2,1,0,0,0,0,0,0,0,1
2023-11-10 07:00:00,11,8,172,80,0,9.6,-1.6,0.2,1,0,0,0,0,0,0,0,1
2023-11-10 21:00:00,10,22,574,197,0,9.6,-1.6,0.2,1,0,0,0,0,0,0,0,1
2023-11-10 09:00:00,10,10,557,167,0,9.6,-1.6,0.2,1,0,0,0,0,0,0,0,1
2023-11-10 08:00:00,9,9,461,111,0,9.6,-1.6,0.2,1,0,0,0,0,0,0,0,1
2023-11-10 20:00:00,8,21,446,194,0,9.6,-1.6,0.2,1,0,0,0,0,0,0,0,1
2023-11-11 02:00:00,4,3,186,102,0,9.0,0.5,0.0,0,0,1,0,0,0,0,0,1
2023-11-09 01:00:00,0,2,68,48,0,7.9,0.7,0.0,0,0,0,0,1,0,0,0,1
2023-11-11 12:00:00,21,13,1396,250,0,9.0,0.5,0.0,0,0,1,0,0,0,0,0,1
2023-11-10 23:00:00,4,0,566,171,0,9.6,-1.6,0.2,1,0,0,0,0,0,0,0,1
2023-11-09 23:00:00,0,0,399,44,0,7.9,0.7,0.0,0,0,0,0,1,0,0,0,1
2023-11-10 22:00:00,4,23,618,169,0,9.6,-1.6,0.2,1,0,0,0,0,0,0,0,1
2023-11-09 03:00:00,0,4,9,22,0,7.9,0.7,0.0,0,0,0,0,1,0,0,0,1
2023-11-11 15:00:00,16,16,1475,226,0,9.0,0.5,0.0,0,0,1,0,0,0,0,0,1
2023-11-11 18:00:00,11,19,958,211,0,9.0,0.5,0.0,0,0,1,0,0,0,0,0,1
2023-11-11 20:00:00,10,21,701,181,0,9.0,0.5,0.0,0,0,1,0,0,0,0,0,1
2023-11-11 11:00:00,8,12,1069,166,0,9.0,0.5,0.0,0,0,1,0,0,0,0,0,1
2023-11-11 10:00:00,8,11,896,122,0,9.0,0.5,0.0,0,0,1,0,0,0,0,0,1
2023-11-11 19:00:00,7,20,793,227,0,9.0,0.5,0.0,0,0,1,0,0,0,0,0,1
2023-11-11 21:00:00,7,22,714,193,0,9.0,0.5,0.0,0,0,1,0,0,0,0,0,1
2023-11-11 09:00:00,7,10,432,121,0,9.0,0.5,0.0,0,0,1,0,0,0,0,0,1
2023-11-11 14:00:00,6,15,1462,274,0,9.0,0.5,0.0,0,0,1,0,0,0,0,0,1
2023-11-11 13:00:00,6,14,1386,259,0,9.0,0.5,0.0,0,0,1,0,0,0,0,0,1
2023-11-11 08:00:00,6,9,241,78,0,9.0,0.5,0.0,0,0,1,0,0,0,0,0,1
2023-11-11 22:00:00,5,23,713,178,0,9.0,0.5,0.0,0,0,1,0,0,0,0,0,1
2023-11-11 07:00:00,5,8,92,73,0,9.0,0.5,0.0,0,0,1,0,0,0,0,0,1
2023-11-11 23:00:00,3,0,602,157,0,9.0,0.5,0.0,0,0,1,0,0,0,0,0,1
2023-11-09 04:00:00,0,5,10,13,0,7.9,0.7,0.0,0,0,0,0,1,0,0,0,1
2023-11-12 16:00:00,23,17,738,176,0,9.0,-0.1,7.7,0,0,0,1,0,0,0,0,1
2023-11-10 01:00:00,0,2,171,57,0,9.6,-1.6,0.2,1,0,0,0,0,0,0,0,1
2023-11-10 00:00:00,0,1,377,55,0,9.6,-1.6,0.2,1,0,0,0,0,0,0,0,1
2023-11-11 03:00:00,2,4,51,71,0,9.0,0.5,0.0,0,0,1,0,0,0,0,0,1
2023-11-11 04:00:00,1,5,27,40,0,9.0,0.5,0.0,0,0,1,0,0,0,0,0,1
2023-11-10 10:00:00,2,11,830,172,0,9.6,-1.6,0.2,1,0,0,0,0,0,0,0,1
2023-11-10 04:00:00,0,5,14,19,0,9.6,-1.6,0.2,1,0,0,0,0,0,0,0,1
2023-11-12 14:00:00,17,15,1013,113,0,9.0,-0.1,7.7,0,0,0,1,0,0,0,0,1
2023-11-11 00:00:00,0,1,283,150,0,9.0,0.5,0.0,0,0,1,0,0,0,0,0,1
2023-11-11 01:00:00,0,2,221,140,0,9.0,0.5,0.0,0,0,1,0,0,0,0,0,1
2023-11-10 02:00:00,2,3,137,46,0,9.6,-1.6,0.2,1,0,0,0,0,0,0,0,1
2023-11-10 05:00:00,2,6,39,27,0,9.6,-1.6,0.2,1,0,0,0,0,0,0,0,1
2023-11-10 03:00:00,0,4,37,8,0,9.6,-1.6,0.2,1,0,0,0,0,0,0,0,1
2023-11-10 16:00:00,33,17,1393,253,0,9.6,-1.6,0.2,1,0,0,0,0,0,0,0,1
2023-11-11 06:00:00,0,7,39,25,0,9.0,0.5,0.0,0,0,1,0,0,0,0,0,1
2023-11-12 19:00:00,12,20,312,158,0,9.0,-0.1,7.7,0,0,0,1,0,0,0,0,1
2023-11-10 15:00:00,23,16,1261,271,0,9.6,-1.6,0.2,1,0,0,0,0,0,0,0,1
2023-11-12 17:00:00,11,18,482,168,0,9.0,-0.1,7.7,0,0,0,1,0,0,0,0,1
2023-11-12 18:00:00,10,19,365,159,0,9.0,-0.1,7.7,0,0,0,1,0,0,0,0,1
2023-11-12 15:00:00,9,16,627,440,0,9.0,-0.1,7.7,0,0,0,1,0,0,0,0,1
2023-11-10 12:00:00,18,13,1201,232,0,9.6,-1.6,0.2,1,0,0,0,0,0,0,0,1
2023-11-10 18:00:00,18,19,801,226,0,9.6,-1.6,0.2,1,0,0,0,0,0,0,0,1
2023-11-11 16:00:00,23,17,1378,208,0,9.0,0.5,0.0,0,0,1,0,0,0,0,0,1
2023-11-12 00:00:00,8,1,505,184,0,9.0,-0.1,7.7,0,0,0,1,0,0,0,0,1
2023-11-12 13:00:00,7,14,1053,123,0,9.0,-0.1,7.7,0,0,0,1,0,0,0,0,1
2023-11-12 02:00:00,1,3,210,114,0,9.0,-0.1,7.7,0,0,0,1,0,0,0,0,1
2023-11-12 09:00:00,1,10,280,109,0,9.0,-0.1,7.7,0,0,0,1,0,0,0,0,1
2023-11-12 03:00:00,1,4,68,104,0,9.0,-0.1,7.7,0,0,0,1,0,0,0,0,1
2023-11-12 21:00:00,1,22,184,90,0,9.0,-0.1,7.7,0,0,0,1,0,0,0,0,1
2023-11-13 11:00:00,12,12,659,280,0,8.4,-0.1,27.3,0,1,0,0,0,0,0,0,1
2023-11-12 20:00:00,0,21,126,42,0,9.0,-0.1,7.7,0,0,0,1,0,0,0,0,1
2023-11-13 03:00:00,0,4,11,18,0,8.4,-0.1,27.3,0,1,0,0,0,0,0,0,1
2023-11-13 18:00:00,0,19,227,106,0,8.4,-0.1,27.3,0,1,0,0,0,0,0,0,1
2023-11-13 22:00:00,0,23,131,54,0,8.4,-0.1,27.3,0,1,0,0,0,0,0,0,1
2023-11-13 02:00:00,0,3,94,45,0,8.4,-0.1,27.3,0,1,0,0,0,0,0,0,1
2023-11-13 23:00:00,0,0,80,45,0,8.4,-0.1,27.3,0,1,0,0,0,0,0,0,1
2023-11-13 01:00:00,0,2,83,44,0,8.4,-0.1,27.3,0,1,0,0,0,0,0,0,1
2023-11-13 04:00:00,0,5,22,23,0,8.4,-0.1,27.3,0,1,0,0,0,0,0,0,1
2023-11-12 06:00:00,0,7,17,22,0,9.0,-0.1,7.7,0,0,0,1,0,0,0,0,1
2023-11-13 21:00:00,2,22,130,73,0,8.4,-0.1,27.3,0,1,0,0,0,0,0,0,1
2023-11-12 04:00:00,1,5,19,51,0,9.0,-0.1,7.7,0,0,0,1,0,0,0,0,1
2023-11-12 05:00:00,0,6,18,21,0,9.0,-0.1,7.7,0,0,0,1,0,0,0,0,1
2023-11-13 13:00:00,14,14,453,259,0,8.4,-0.1,27.3,0,1,0,0,0,0,0,0,1
2023-11-13 14:00:00,9,15,324,234,0,8.4,-0.1,27.3,0,1,0,0,0,0,0,0,1
2023-11-14 09:00:00,10,10,468,187,0,8.0,6.1,19.6,0,0,0,0,0,1,0,0,1
2023-11-12 12:00:00,5,13,972,159,0,9.0,-0.1,7.7,0,0,0,1,0,0,0,0,1
2023-11-14 12:00:00,10,13,526,95,0,8.0,6.1,19.6,0,0,0,0,0,1,0,0,1
2023-11-13 12:00:00,9,13,343,152,0,8.4,-0.1,27.3,0,1,0,0,0,0,0,0,1
2023-11-12 11:00:00,5,12,861,80,0,9.0,-0.1,7.7,0,0,0,1,0,0,0,0,1
2023-11-14 15:00:00,8,16,658,183,0,8.0,6.1,19.6,0,0,0,0,0,1,0,0,1
2023-11-14 08:00:00,8,9,501,170,0,8.0,6.1,19.6,0,0,0,0,0,1,0,0,1
2023-11-14 16:00:00,7,17,609,190,0,8.0,6.1,19.6,0,0,0,0,0,1,0,0,1
2023-11-14 13:00:00,7,14,463,168,0,8.0,6.1,19.6,0,0,0,0,0,1,0,0,1
2023-11-14 19:00:00,5,20,241,156,0,8.0,6.1,19.6,0,0,0,0,0,1,0,0,1
2023-11-14 17:00:00,4,18,491,187,0,8.0,6.1,19.6,0,0,0,0,0,1,0,0,1
2023-11-14 20:00:00,3,21,227,138,0,8.0,6.1,19.6,0,0,0,0,0,1,0,0,1
2023-11-12 07:00:00,1,8,61,24,0,9.0,-0.1,7.7,0,0,0,1,0,0,0,0,1
2023-11-13 00:00:00,2,1,95,45,0,8.4,-0.1,27.3,0,1,0,0,0,0,0,0,1
2023-11-12 01:00:00,3,2,391,147,0,9.0,-0.1,7.7,0,0,0,1,0,0,0,0,1
2023-11-13 10:00:00,6,11,415,207,0,8.4,-0.1,27.3,0,1,0,0,0,0,0,0,1
2023-11-12 22:00:00,3,23,178,106,0,9.0,-0.1,7.7,0,0,0,1,0,0,0,0,1
2023-11-13 08:00:00,6,9,465,192,0,8.4,-0.1,27.3,0,1,0,0,0,0,0,0,1
2023-11-13 09:00:00,6,10,313,166,0,8.4,-0.1,27.3,0,1,0,0,0,0,0,0,1
2023-11-12 10:00:00,3,11,633,80,0,9.0,-0.1,7.7,0,0,0,1,0,0,0,0,1
2023-11-12 08:00:00,3,9,92,54,0,9.0,-0.1,7.7,0,0,0,1,0,0,0,0,1
2023-11-13 15:00:00,4,16,395,194,0,8.4,-0.1,27.3,0,1,0,0,0,0,0,0,1
2023-11-13 17:00:00,4,18,303,102,0,8.4,-0.1,27.3,0,1,0,0,0,0,0,0,1
2023-11-14 11:00:00,24,12,597,247,0,8.0,6.1,19.6,0,0,0,0,0,1,0,0,1
2023-11-14 10:00:00,12,11,519,219,0,8.0,6.1,19.6,0,0,0,0,0,1,0,0,1
2023-11-14 14:00:00,12,15,540,200,0,8.0,6.1,19.6,0,0,0,0,0,1,0,0,1
2023-11-13 16:00:00,1,17,443,131,0,8.4,-0.1,27.3,0,1,0,0,0,0,0,0,1
2023-11-13 19:00:00,1,20,212,89,0,8.4,-0.1,27.3,0,1,0,0,0,0,0,0,1
2023-11-13 07:00:00,3,8,161,92,0,8.4,-0.1,27.3,0,1,0,0,0,0,0,0,1
2023-11-13 20:00:00,1,21,186,76,0,8.4,-0.1,27.3,0,1,0,0,0,0,0,0,1
2023-11-13 06:00:00,1,7,61,44,0,8.4,-0.1,27.3,0,1,0,0,0,0,0,0,1
2023-11-12 23:00:00,0,0,107,69,0,9.0,-0.1,7.7,0,0,0,1,0,0,0,0,1
2023-11-13 05:00:00,1,6,43,34,0,8.4,-0.1,27.3,0,1,0,0,0,0,0,0,1
2023-11-15 03:00:00,0,4,2,0,0,6.8,6.1,1.1,0,0,0,0,0,0,1,0,1
2023-11-15 19:00:00,3,20,288,116,0,6.8,6.1,1.1,0,0,0,0,0,0,1,0,1
2023-11-16 14:00:00,11,15,816,327,0,11.2,5.5,0.0,0,0,0,0,1,0,0,0,1
2023-11-15 23:00:00,3,0,164,79,0,6.8,6.1,1.1,0,0,0,0,0,0,1,0,1
2023-11-16 16:00:00,11,17,1101,290,0,11.2,5.5,0.0,0,0,0,0,1,0,0,0,1
2023-11-15 00:00:00,3,1,75,48,0,6.8,6.1,1.1,0,0,0,0,0,0,1,0,1
2023-11-16 15:00:00,10,16,909,261,0,11.2,5.5,0.0,0,0,0,0,1,0,0,0,1
2023-11-16 20:00:00,9,21,343,230,0,11.2,5.5,0.0,0,0,0,0,1,0,0,0,1
2023-11-16 08:00:00,9,9,453,205,0,11.2,5.5,0.0,0,0,0,0,1,0,0,0,1
2023-11-16 22:00:00,9,23,347,129,0,11.2,5.5,0.0,0,0,0,0,1,0,0,0,1
2023-11-16 23:00:00,8,0,302,104,0,11.2,5.5,0.0,0,0,0,0,1,0,0,0,1
2023-11-16 12:00:00,7,13,866,297,0,11.2,5.5,0.0,0,0,0,0,1,0,0,0,1
2023-11-16 13:00:00,6,14,1010,339,0,11.2,5.5,0.0,0,0,0,0,1,0,0,0,1
2023-11-16 11:00:00,4,12,590,257,0,11.2,5.5,0.0,0,0,0,0,1,0,0,0,1
2023-11-16 17:00:00,4,18,905,196,0,11.2,5.5,0.0,0,0,0,0,1,0,0,0,1
2023-11-14 22:00:00,0,23,120,69,0,8.0,6.1,19.6,0,0,0,0,0,1,0,0,1
2023-11-15 09:00:00,10,10,428,202,0,6.8,6.1,1.1,0,0,0,0,0,0,1,0,1
2023-11-15 07:00:00,8,8,186,85,0,6.8,6.1,1.1,0,0,0,0,0,0,1,0,1
2023-11-15 17:00:00,7,18,685,214,0,6.8,6.1,1.1,0,0,0,0,0,0,1,0,1
2023-11-15 18:00:00,7,19,479,144,0,6.8,6.1,1.1,0,0,0,0,0,0,1,0,1
2023-11-15 12:00:00,28,13,926,265,0,6.8,6.1,1.1,0,0,0,0,0,0,1,0,1
2023-11-15 16:00:00,28,17,950,223,0,6.8,6.1,1.1,0,0,0,0,0,0,1,0,1
2023-11-14 18:00:00,2,19,313,172,0,8.0,6.1,19.6,0,0,0,0,0,1,0,0,1
2023-11-14 01:00:00,0,2,70,26,0,8.0,6.1,19.6,0,0,0,0,0,1,0,0,1
2023-11-14 05:00:00,0,6,8,17,0,8.0,6.1,19.6,0,0,0,0,0,1,0,0,1
2023-11-14 03:00:00,0,4,5,15,0,8.0,6.1,19.6,0,0,0,0,0,1,0,0,1
2023-11-14 02:00:00,0,3,22,6,0,8.0,6.1,19.6,0,0,0,0,0,1,0,0,1
2023-11-15 15:00:00,24,16,981,272,0,6.8,6.1,1.1,0,0,0,0,0,0,1,0,1
2023-11-15 20:00:00,2,21,343,130,0,6.8,6.1,1.1,0,0,0,0,0,0,1,0,1
2023-11-15 21:00:00,2,22,215,95,0,6.8,6.1,1.1,0,0,0,0,0,0,1,0,1
2023-11-15 01:00:00,0,2,29,37,0,6.8,6.1,1.1,0,0,0,0,0,0,1,0,1
2023-11-15 11:00:00,20,12,624,214,0,6.8,6.1,1.1,0,0,0,0,0,0,1,0,1
2023-11-16 19:00:00,21,20,497,234,0,11.2,5.5,0.0,0,0,0,0,1,0,0,0,1
2023-11-15 13:00:00,19,14,1117,262,0,6.8,6.1,1.1,0,0,0,0,0,0,1,0,1
2023-11-15 06:00:00,0,7,68,28,0,6.8,6.1,1.1,0,0,0,0,0,0,1,0,1
2023-11-15 14:00:00,17,15,1089,291,0,6.8,6.1,1.1,0,0,0,0,0,0,1,0,1
2023-11-16 10:00:00,15,11,565,276,0,11.2,5.5,0.0,0,0,0,0,1,0,0,0,1
2023-11-15 08:00:00,17,9,495,177,0,6.8,6.1,1.1,0,0,0,0,0,0,1,0,1
2023-11-15 10:00:00,14,11,656,188,0,6.8,6.1,1.1,0,0,0,0,0,0,1,0,1
2023-11-15 22:00:00,1,23,184,90,0,6.8,6.1,1.1,0,0,0,0,0,0,1,0,1
2023-11-14 21:00:00,1,22,192,100,0,8.0,6.1,19.6,0,0,0,0,0,1,0,0,1
2023-11-15 04:00:00,0,5,8,10,0,6.8,6.1,1.1,0,0,0,0,0,0,1,0,1
2023-11-14 23:00:00,1,0,72,63,0,8.0,6.1,19.6,0,0,0,0,0,1,0,0,1
2023-11-15 05:00:00,1,6,18,19,0,6.8,6.1,1.1,0,0,0,0,0,0,1,0,1
2023-11-16 18:00:00,13,19,609,280,0,11.2,5.5,0.0,0,0,0,0,1,0,0,0,1
2023-11-14 00:00:00,1,1,91,31,0,8.0,6.1,19.6,0,0,0,0,0,1,0,0,1
2023-11-15 02:00:00,1,3,24,15,0,6.8,6.1,1.1,0,0,0,0,0,0,1,0,1
2023-11-14 07:00:00,1,8,125,28,0,8.0,6.1,19.6,0,0,0,0,0,1,0,0,1
2023-11-14 06:00:00,1,7,41,15,0,8.0,6.1,19.6,0,0,0,0,0,1,0,0,1
2023-11-16 09:00:00,12,10,492,311,0,11.2,5.5,0.0,0,0,0,0,1,0,0,0,1
2023-11-14 04:00:00,1,5,7,8,0,8.0,6.1,19.6,0,0,0,0,0,1,0,0,1
2023-11-17 07:00:00,2,8,156,78,0,10.8,3.9,2.4,1,0,0,0,0,0,0,0,1
2023-11-17 01:00:00,1,2,144,72,0,10.8,3.9,2.4,1,0,0,0,0,0,0,0,1
2023-11-16 21:00:00,4,22,406,160,0,11.2,5.5,0.0,0,0,0,0,1,0,0,0,1
2023-11-17 05:00:00,0,6,39,32,0,10.8,3.9,2.4,1,0,0,0,0,0,0,0,1
2023-11-17 06:00:00,0,7,61,27,0,10.8,3.9,2.4,1,0,0,0,0,0,0,0,1
2023-11-17 03:00:00,0,4,16,16,0,10.8,3.9,2.4,1,0,0,0,0,0,0,0,1
2023-11-17 04:00:00,0,5,9,15,0,10.8,3.9,2.4,1,0,0,0,0,0,0,0,1
2023-11-17 17:00:00,0,18,549,1,0,10.8,3.9,2.4,1,0,0,0,0,0,0,0,1
2023-11-16 07:00:00,4,8,153,101,0,11.2,5.5,0.0,0,0,0,0,1,0,0,0,1
2023-11-17 02:00:00,1,3,157,41,0,10.8,3.9,2.4,1,0,0,0,0,0,0,0,1
2023-11-17 11:00:00,12,12,857,300,0,10.8,3.9,2.4,1,0,0,0,0,0,0,0,1
2023-11-17 10:00:00,27,11,701,241,0,10.8,3.9,2.4,1,0,0,0,0,0,0,0,1
2023-11-18 01:00:00,4,2,237,147,0,12.9,5.5,9.6,0,0,1,0,0,0,0,0,1
2023-11-18 03:00:00,4,4,113,52,0,12.9,5.5,9.6,0,0,1,0,0,0,0,0,1
2023-11-18 05:00:00,4,6,16,32,0,12.9,5.5,9.6,0,0,1,0,0,0,0,0,1
2023-11-18 13:00:00,3,14,497,144,0,12.9,5.5,9.6,0,0,1,0,0,0,0,0,1
2023-11-18 10:00:00,3,11,193,58,0,12.9,5.5,9.6,0,0,1,0,0,0,0,0,1
2023-11-18 19:00:00,3,20,789,28,0,12.9,5.5,9.6,0,0,1,0,0,0,0,0,1
2023-11-18 15:00:00,2,16,1116,171,0,12.9,5.5,9.6,0,0,1,0,0,0,0,0,1
2023-11-18 20:00:00,2,21,655,135,0,12.9,5.5,9.6,0,0,1,0,0,0,0,0,1
2023-11-18 02:00:00,2,3,122,104,0,12.9,5.5,9.6,0,0,1,0,0,0,0,0,1
2023-11-17 18:00:00,10,19,626,200,0,10.8,3.9,2.4,1,0,0,0,0,0,0,0,1
2023-11-17 14:00:00,10,15,1127,168,0,10.8,3.9,2.4,1,0,0,0,0,0,0,0,1
2023-11-17 20:00:00,9,21,647,242,0,10.8,3.9,2.4,1,0,0,0,0,0,0,0,1
2023-11-17 13:00:00,7,14,1226,129,0,10.8,3.9,2.4,1,0,0,0,0,0,0,0,1
2023-11-17 15:00:00,6,16,1036,103,0,10.8,3.9,2.4,1,0,0,0,0,0,0,0,1
2023-11-17 12:00:00,5,13,1110,170,0,10.8,3.9,2.4,1,0,0,0,0,0,0,0,1
2023-11-17 00:00:00,5,1,231,77,0,10.8,3.9,2.4,1,0,0,0,0,0,0,0,1
2023-11-17 19:00:00,22,20,705,300,0,10.8,3.9,2.4,1,0,0,0,0,0,0,0,1
2023-11-16 00:00:00,0,1,145,75,0,11.2,5.5,0.0,0,0,0,0,1,0,0,0,1
2023-11-16 02:00:00,0,3,71,31,0,11.2,5.5,0.0,0,0,0,0,1,0,0,0,1
2023-11-16 04:00:00,0,5,13,16,0,11.2,5.5,0.0,0,0,0,0,1,0,0,0,1
2023-11-16 03:00:00,0,4,9,16,0,11.2,5.5,0.0,0,0,0,0,1,0,0,0,1
2023-11-17 16:00:00,1,17,477,0,0,10.8,3.9,2.4,1,0,0,0,0,0,0,0,1
2023-11-18 16:00:00,11,17,1010,194,0,12.9,5.5,9.6,0,0,1,0,0,0,0,0,1
2023-11-17 21:00:00,21,22,939,285,0,10.8,3.9,2.4,1,0,0,0,0,0,0,0,1
2023-11-18 00:00:00,11,1,547,182,0,12.9,5.5,9.6,0,0,1,0,0,0,0,0,1
2023-11-16 01:00:00,2,2,121,75,0,11.2,5.5,0.0,0,0,0,0,1,0,0,0,1
2023-11-17 09:00:00,16,10,586,313,0,10.8,3.9,2.4,1,0,0,0,0,0,0,0,1
2023-11-17 22:00:00,16,23,811,260,0,10.8,3.9,2.4,1,0,0,0,0,0,0,0,1
2023-11-17 08:00:00,16,9,504,177,0,10.8,3.9,2.4,1,0,0,0,0,0,0,0,1
2023-11-17 23:00:00,13,0,717,256,0,10.8,3.9,2.4,1,0,0,0,0,0,0,0,1
2023-11-18 06:00:00,7,7,62,42,0,12.9,5.5,9.6,0,0,1,0,0,0,0,0,1
2023-11-18 23:00:00,6,0,457,183,0,12.9,5.5,9.6,0,0,1,0,0,0,0,0,1
2023-11-16 06:00:00,1,7,40,40,0,11.2,5.5,0.0,0,0,0,0,1,0,0,0,1
2023-11-16 05:00:00,1,6,10,27,0,11.2,5.5,0.0,0,0,0,0,1,0,0,0,1
2023-11-18 09:00:00,5,10,405,173,0,12.9,5.5,9.6,0,0,1,0,0,0,0,0,1
2023-11-18 22:00:00,5,23,430,162,0,12.9,5.5,9.6,0,0,1,0,0,0,0,0,1
2023-11-18 17:00:00,1,18,871,149,0,12.9,5.5,9.6,0,0,1,0,0,0,0,0,1
2023-11-18 12:00:00,1,13,1051,82,0,12.9,5.5,9.6,0,0,1,0,0,0,0,0,1
2023-11-18 18:00:00,1,19,702,55,0,12.9,5.5,9.6,0,0,1,0,0,0,0,0,1
2023-11-18 21:00:00,1,22,749,28,0,12.9,5.5,9.6,0,0,1,0,0,0,0,0,1
2023-11-18 11:00:00,1,12,544,26,0,12.9,5.5,9.6,0,0,1,0,0,0,0,0,1
2023-11-19 04:00:00,0,5,16,39,0,12.5,5.5,0.2,0,0,0,1,0,0,0,0,1
2023-11-19 05:00:00,0,6,13,38,0,12.5,5.5,0.2,0,0,0,1,0,0,0,0,1
2023-11-19 06:00:00,0,7,26,35,0,12.5,5.5,0.2,0,0,0,1,0,0,0,0,1
2023-11-20 10:00:00,16,11,628,205,0,12.0,8.3,0.0,0,1,0,0,0,0,0,0,1
2023-11-19 19:00:00,19,20,446,159,0,12.5,5.5,0.2,0,0,0,1,0,0,0,0,1
2023-11-19 14:00:00,17,15,1012,217,0,12.5,5.5,0.2,0,0,0,1,0,0,0,0,1
2023-11-19 12:00:00,16,13,943,216,0,12.5,5.5,0.2,0,0,0,1,0,0,0,0,1
2023-11-19 11:00:00,16,12,801,152,0,12.5,5.5,0.2,0,0,0,1,0,0,0,0,1
2023-11-19 17:00:00,15,18,498,164,0,12.5,5.5,0.2,0,0,0,1,0,0,0,0,1
2023-11-19 10:00:00,15,11,607,151,0,12.5,5.5,0.2,0,0,0,1,0,0,0,0,1
2023-11-19 18:00:00,12,19,323,155,0,12.5,5.5,0.2,0,0,0,1,0,0,0,0,1
2023-11-19 15:00:00,11,16,912,218,0,12.5,5.5,0.2,0,0,0,1,0,0,0,0,1
2023-11-19 22:00:00,9,23,208,110,0,12.5,5.5,0.2,0,0,0,1,0,0,0,0,1
2023-11-19 00:00:00,8,1,610,180,0,12.5,5.5,0.2,0,0,0,1,0,0,0,0,1
2023-11-19 20:00:00,8,21,260,108,0,12.5,5.5,0.2,0,0,0,1,0,0,0,0,1
2023-11-19 01:00:00,6,2,340,141,0,12.5,5.5,0.2,0,0,0,1,0,0,0,0,1
2023-11-19 21:00:00,6,22,247,105,0,12.5,5.5,0.2,0,0,0,1,0,0,0,0,1
2023-11-19 09:00:00,6,10,264,74,0,12.5,5.5,0.2,0,0,0,1,0,0,0,0,1
2023-11-19 23:00:00,5,0,180,81,0,12.5,5.5,0.2,0,0,0,1,0,0,0,0,1
2023-11-18 08:00:00,0,9,241,143,0,12.9,5.5,9.6,0,0,1,0,0,0,0,0,1
2023-11-18 07:00:00,0,8,83,61,0,12.9,5.5,9.6,0,0,1,0,0,0,0,0,1
2023-11-20 14:00:00,11,15,787,275,0,12.0,8.3,0.0,0,1,0,0,0,0,0,0,1
2023-11-18 04:00:00,0,5,7,13,0,12.9,5.5,9.6,0,0,1,0,0,0,0,0,1
2023-11-19 08:00:00,3,9,94,77,0,12.5,5.5,0.2,0,0,0,1,0,0,0,0,1
2023-11-20 16:00:00,54,17,856,224,0,12.0,8.3,0.0,0,1,0,0,0,0,0,0,1
2023-11-20 15:00:00,10,16,849,255,0,12.0,8.3,0.0,0,1,0,0,0,0,0,0,1
2023-11-20 22:00:00,3,23,151,41,0,12.0,8.3,0.0,0,1,0,0,0,0,0,0,1
2023-11-19 16:00:00,29,17,809,221,0,12.5,5.5,0.2,0,0,0,1,0,0,0,0,1
2023-11-19 13:00:00,21,14,1017,198,0,12.5,5.5,0.2,0,0,0,1,0,0,0,0,1
2023-11-20 17:00:00,46,18,668,206,0,12.0,8.3,0.0,0,1,0,0,0,0,0,0,1
2023-11-20 06:00:00,3,7,49,21,0,12.0,8.3,0.0,0,1,0,0,0,0,0,0,1
2023-11-20 18:00:00,9,19,292,66,0,12.0,8.3,0.0,0,1,0,0,0,0,0,0,1
2023-11-20 12:00:00,33,13,868,213,0,12.0,8.3,0.0,0,1,0,0,0,0,0,0,1
2023-11-19 02:00:00,2,3,310,145,0,12.5,5.5,0.2,0,0,0,1,0,0,0,0,1
2023-11-20 23:00:00,8,0,108,72,0,12.0,8.3,0.0,0,1,0,0,0,0,0,0,1
2023-11-20 07:00:00,7,8,133,53,0,12.0,8.3,0.0,0,1,0,0,0,0,0,0,1
2023-11-19 03:00:00,2,4,72,111,0,12.5,5.5,0.2,0,0,0,1,0,0,0,0,1
2023-11-20 11:00:00,29,12,784,214,0,12.0,8.3,0.0,0,1,0,0,0,0,0,0,1
2023-11-19 07:00:00,2,8,54,34,0,12.5,5.5,0.2,0,0,0,1,0,0,0,0,1
2023-11-20 09:00:00,25,10,553,162,0,12.0,8.3,0.0,0,1,0,0,0,0,0,0,1
2023-11-20 13:00:00,22,14,1017,219,0,12.0,8.3,0.0,0,1,0,0,0,0,0,0,1
2023-11-20 00:00:00,1,1,160,85,0,12.0,8.3,0.0,0,1,0,0,0,0,0,0,1
2023-11-20 08:00:00,22,9,416,122,0,12.0,8.3,0.0,0,1,0,0,0,0,0,0,1
2023-11-20 01:00:00,1,2,130,57,0,12.0,8.3,0.0,0,1,0,0,0,0,0,0,1
2023-11-21 02:00:00,0,3,46,30,0,14.4,3.8,0.0,0,0,0,0,0,1,0,0,1
2023-11-20 19:00:00,1,20,283,9,0,12.0,8.3,0.0,0,1,0,0,0,0,0,0,1
2023-11-21 03:00:00,0,4,6,16,0,14.4,3.8,0.0,0,0,0,0,0,1,0,0,1
2023-11-21 22:00:00,20,23,209,104,0,14.4,3.8,0.0,0,0,0,0,0,1,0,0,1
2023-11-20 20:00:00,1,21,243,6,0,12.0,8.3,0.0,0,1,0,0,0,0,0,0,1
2023-11-22 17:00:00,46,18,709,268,0,13.1,5.5,0.0,0,0,0,0,0,0,1,0,1
2023-11-22 13:00:00,5,14,814,241,0,13.1,5.5,0.0,0,0,0,0,0,0,1,0,1
2023-11-22 18:00:00,43,19,401,234,0,13.1,5.5,0.0,0,0,0,0,0,0,1,0,1
2023-11-22 11:00:00,5,12,537,233,0,13.1,5.5,0.0,0,0,0,0,0,0,1,0,1
2023-11-22 19:00:00,42,20,342,189,0,13.1,5.5,0.0,0,0,0,0,0,0,1,0,1
2023-11-21 12:00:00,17,13,861,279,0,14.4,3.8,0.0,0,0,0,0,0,1,0,0,1
2023-11-21 11:00:00,17,12,689,226,0,14.4,3.8,0.0,0,0,0,0,0,1,0,0,1
2023-11-21 08:00:00,16,9,458,150,0,14.4,3.8,0.0,0,0,0,0,0,1,0,0,1
2023-11-21 13:00:00,15,14,885,254,0,14.4,3.8,0.0,0,0,0,0,0,1,0,0,1
2023-11-21 10:00:00,15,11,565,225,0,14.4,3.8,0.0,0,0,0,0,0,1,0,0,1
2023-11-21 09:00:00,13,10,503,200,0,14.4,3.8,0.0,0,0,0,0,0,1,0,0,1
2023-11-21 15:00:00,11,16,592,257,0,14.4,3.8,0.0,0,0,0,0,0,1,0,0,1
2023-11-21 23:00:00,8,0,148,81,0,14.4,3.8,0.0,0,0,0,0,0,1,0,0,1
2023-11-22 12:00:00,4,13,906,272,0,13.1,5.5,0.0,0,0,0,0,0,0,1,0,1
2023-11-21 19:00:00,33,20,342,166,0,14.4,3.8,0.0,0,0,0,0,0,1,0,0,1
2023-11-21 21:00:00,33,22,393,113,0,14.4,3.8,0.0,0,0,0,0,0,1,0,0,1
2023-11-21 20:00:00,31,21,369,200,0,14.4,3.8,0.0,0,0,0,0,0,1,0,0,1
2023-11-22 16:00:00,40,17,689,219,0,13.1,5.5,0.0,0,0,0,0,0,0,1,0,1
2023-11-21 14:00:00,5,15,817,242,0,14.4,3.8,0.0,0,0,0,0,0,1,0,0,1
2023-11-21 07:00:00,5,8,186,112,0,14.4,3.8,0.0,0,0,0,0,0,1,0,0,1
2023-11-22 20:00:00,33,21,312,147,0,13.1,5.5,0.0,0,0,0,0,0,0,1,0,1
2023-11-22 21:00:00,21,22,249,183,0,13.1,5.5,0.0,0,0,0,0,0,0,1,0,1
2023-11-22 22:00:00,16,23,214,132,0,13.1,5.5,0.0,0,0,0,0,0,0,1,0,1
2023-11-21 17:00:00,4,18,213,253,0,14.4,3.8,0.0,0,0,0,0,0,1,0,0,1
2023-11-22 15:00:00,3,16,725,237,0,13.1,5.5,0.0,0,0,0,0,0,0,1,0,1
2023-11-22 10:00:00,3,11,459,217,0,13.1,5.5,0.0,0,0,0,0,0,0,1,0,1
2023-11-21 16:00:00,3,17,307,250,0,14.4,3.8,0.0,0,0,0,0,0,1,0,0,1
2023-11-20 02:00:00,0,3,95,56,0,12.0,8.3,0.0,0,1,0,0,0,0,0,0,1
2023-11-22 08:00:00,10,9,394,169,0,13.1,5.5,0.0,0,0,0,0,0,0,1,0,1
2023-11-21 18:00:00,2,19,157,225,0,14.4,3.8,0.0,0,0,0,0,0,1,0,0,1
2023-11-22 14:00:00,9,15,735,270,0,13.1,5.5,0.0,0,0,0,0,0,0,1,0,1
2023-11-21 06:00:00,2,7,66,43,0,14.4,3.8,0.0,0,0,0,0,0,1,0,0,1
2023-11-20 05:00:00,0,6,31,31,0,12.0,8.3,0.0,0,1,0,0,0,0,0,0,1
2023-11-22 07:00:00,2,8,132,93,0,13.1,5.5,0.0,0,0,0,0,0,0,1,0,1
2023-11-22 01:00:00,2,2,133,42,0,13.1,5.5,0.0,0,0,0,0,0,0,1,0,1
2023-11-22 02:00:00,2,3,65,25,0,13.1,5.5,0.0,0,0,0,0,0,0,1,0,1
2023-11-22 05:00:00,2,6,37,23,0,13.1,5.5,0.0,0,0,0,0,0,0,1,0,1
2023-11-22 00:00:00,1,1,274,59,0,13.1,5.5,0.0,0,0,0,0,0,0,1,0,1
2023-11-20 03:00:00,0,4,23,23,0,12.0,8.3,0.0,0,1,0,0,0,0,0,0,1
2023-11-20 04:00:00,0,5,7,14,0,12.0,8.3,0.0,0,1,0,0,0,0,0,0,1
2023-11-22 09:00:00,7,10,470,218,0,13.1,5.5,0.0,0,0,0,0,0,0,1,0,1
2023-11-21 00:00:00,1,1,134,55,0,14.4,3.8,0.0,0,0,0,0,0,1,0,0,1
2023-11-20 21:00:00,0,22,142,8,0,12.0,8.3,0.0,0,1,0,0,0,0,0,0,1
2023-11-21 01:00:00,1,2,88,26,0,14.4,3.8,0.0,0,0,0,0,0,1,0,0,1
2023-11-21 05:00:00,1,6,21,22,0,14.4,3.8,0.0,0,0,0,0,0,1,0,0,1
2023-11-21 04:00:00,1,5,16,19,0,14.4,3.8,0.0,0,0,0,0,0,1,0,0,1
2023-11-22 23:00:00,6,0,226,109,0,13.1,5.5,0.0,0,0,0,0,0,0,1,0,1
2023-11-23 10:00:00,11,11,514,206,0,6.7,11.5,0.0,0,0,0,0,1,0,0,0,1
2023-11-24 19:00:00,26,20,594,296,0,4.6,4.1,0.0,1,0,0,0,0,0,0,0,1
2023-11-24 09:00:00,8,10,622,217,0,4.6,4.1,0.0,1,0,0,0,0,0,0,0,1
2023-11-23 09:00:00,10,10,424,182,0,6.7,11.5,0.0,0,0,0,0,1,0,0,0,1
2023-11-24 01:00:00,2,2,103,42,0,4.6,4.1,0.0,1,0,0,0,0,0,0,0,1
2023-11-24 02:00:00,2,3,119,36,0,4.6,4.1,0.0,1,0,0,0,0,0,0,0,1
2023-11-23 18:00:00,58,19,634,274,0,6.7,11.5,0.0,0,0,0,0,1,0,0,0,1
2023-11-23 19:00:00,57,20,412,217,0,6.7,11.5,0.0,0,0,0,0,1,0,0,0,1
2023-11-23 11:00:00,8,12,620,239,0,6.7,11.5,0.0,0,0,0,0,1,0,0,0,1
2023-11-23 07:00:00,7,8,158,92,0,6.7,11.5,0.0,0,0,0,0,1,0,0,0,1
2023-11-24 08:00:00,7,9,510,135,0,4.6,4.1,0.0,1,0,0,0,0,0,0,0,1
2023-11-23 01:00:00,0,2,116,38,0,6.7,11.5,0.0,0,0,0,0,1,0,0,0,1
2023-11-23 05:00:00,0,6,17,25,0,6.7,11.5,0.0,0,0,0,0,1,0,0,0,1
2023-11-23 04:00:00,0,5,13,25,0,6.7,11.5,0.0,0,0,0,0,1,0,0,0,1
2023-11-24 16:00:00,82,17,1068,290,0,4.6,4.1,0.0,1,0,0,0,0,0,0,0,1
2023-11-24 17:00:00,77,18,891,319,0,4.6,4.1,0.0,1,0,0,0,0,0,0,0,1
2023-11-24 18:00:00,60,19,644,321,0,4.6,4.1,0.0,1,0,0,0,0,0,0,0,1
2023-11-24 20:00:00,51,21,612,277,0,4.6,4.1,0.0,1,0,0,0,0,0,0,0,1
2023-11-24 22:00:00,38,23,430,199,0,4.6,4.1,0.0,1,0,0,0,0,0,0,0,1
2023-11-24 21:00:00,37,22,553,262,0,4.6,4.1,0.0,1,0,0,0,0,0,0,0,1
2023-11-23 13:00:00,32,14,964,216,0,6.7,11.5,0.0,0,0,0,0,1,0,0,0,1
2023-11-23 20:00:00,30,21,325,180,0,6.7,11.5,0.0,0,0,0,0,1,0,0,0,1
2023-11-23 22:00:00,29,23,275,126,0,6.7,11.5,0.0,0,0,0,0,1,0,0,0,1
2023-11-23 23:00:00,28,0,216,111,0,6.7,11.5,0.0,0,0,0,0,1,0,0,0,1
2023-11-23 08:00:00,26,9,457,136,0,6.7,11.5,0.0,0,0,0,0,1,0,0,0,1
2023-11-23 21:00:00,19,22,280,176,0,6.7,11.5,0.0,0,0,0,0,1,0,0,0,1
2023-11-23 12:00:00,16,13,928,234,0,6.7,11.5,0.0,0,0,0,0,1,0,0,0,1
2023-11-23 14:00:00,11,15,831,268,0,6.7,11.5,0.0,0,0,0,0,1,0,0,0,1
2023-11-23 15:00:00,11,16,836,223,0,6.7,11.5,0.0,0,0,0,0,1,0,0,0,1
2023-11-24 10:00:00,6,11,884,279,0,4.6,4.1,0.0,1,0,0,0,0,0,0,0,1
2023-11-24 15:00:00,18,16,1736,363,0,4.6,4.1,0.0,1,0,0,0,0,0,0,0,1
2023-11-24 13:00:00,18,14,1153,270,0,4.6,4.1,0.0,1,0,0,0,0,0,0,0,1
2023-11-24 07:00:00,4,8,195,95,0,4.6,4.1,0.0,1,0,0,0,0,0,0,0,1
2023-11-24 06:00:00,3,7,65,51,0,4.6,4.1,0.0,1,0,0,0,0,0,0,0,1
2023-11-24 00:00:00,2,1,298,70,0,4.6,4.1,0.0,1,0,0,0,0,0,0,0,1
2023-11-24 12:00:00,17,13,1040,280,0,4.6,4.1,0.0,1,0,0,0,0,0,0,0,1
2023-11-23 06:00:00,2,7,46,48,0,6.7,11.5,0.0,0,0,0,0,1,0,0,0,1
2023-11-24 05:00:00,1,6,62,49,0,4.6,4.1,0.0,1,0,0,0,0,0,0,0,1
2023-11-24 11:00:00,17,12,837,245,0,4.6,4.1,0.0,1,0,0,0,0,0,0,0,1
2023-11-22 06:00:00,0,7,59,45,0,13.1,5.5,0.0,0,0,0,0,0,0,1,0,1
2023-11-24 23:00:00,16,0,411,157,0,4.6,4.1,0.0,1,0,0,0,0,0,0,0,1
2023-11-24 14:00:00,15,15,1063,297,0,4.6,4.1,0.0,1,0,0,0,0,0,0,0,1
2023-11-22 04:00:00,0,5,22,17,0,13.1,5.5,0.0,0,0,0,0,0,0,1,0,1
2023-11-22 03:00:00,0,4,17,13,0,13.1,5.5,0.0,0,0,0,0,0,0,1,0,1
2023-11-23 00:00:00,1,1,146,58,0,6.7,11.5,0.0,0,0,0,0,1,0,0,0,1
2023-11-23 02:00:00,1,3,47,39,0,6.7,11.5,0.0,0,0,0,0,1,0,0,0,1
2023-11-23 03:00:00,1,4,16,22,0,6.7,11.5,0.0,0,0,0,0,1,0,0,0,1
2023-11-24 03:00:00,0,4,29,72,0,4.6,4.1,0.0,1,0,0,0,0,0,0,0,1
2023-11-23 17:00:00,85,18,904,280,0,6.7,11.5,0.0,0,0,0,0,1,0,0,0,1
2023-11-23 16:00:00,76,17,866,241,0,6.7,11.5,0.0,0,0,0,0,1,0,0,0,1
2023-11-26 02:00:00,1,3,135,123,0,8.4,5.5,0.0,0,0,0,1,0,0,0,0,1
2023-11-25 20:00:00,18,21,424,131,0,4.3,5.5,0.0,0,0,1,0,0,0,0,0,1
2023-11-25 04:00:00,0,5,11,48,0,4.3,5.5,0.0,0,0,1,0,0,0,0,0,1
2023-11-25 11:00:00,15,12,1593,237,0,4.3,5.5,0.0,0,0,1,0,0,0,0,0,1
2023-11-25 23:00:00,14,0,622,252,0,4.3,5.5,0.0,0,0,1,0,0,0,0,0,1
2023-11-25 10:00:00,14,11,856,228,0,4.3,5.5,0.0,0,0,1,0,0,0,0,0,1
2023-11-25 14:00:00,13,15,1470,2718,0,4.3,5.5,0.0,0,0,1,0,0,0,0,0,1
2023-11-25 22:00:00,12,23,754,182,0,4.3,5.5,0.0,0,0,1,0,0,0,0,0,1
2023-11-25 13:00:00,10,14,1507,923,0,4.3,5.5,0.0,0,0,1,0,0,0,0,0,1
2023-11-25 18:00:00,10,19,815,286,0,4.3,5.5,0.0,0,0,1,0,0,0,0,0,1
2023-11-25 00:00:00,10,1,303,128,0,4.3,5.5,0.0,0,0,1,0,0,0,0,0,1
2023-11-25 15:00:00,9,16,1431,1520,0,4.3,5.5,0.0,0,0,1,0,0,0,0,0,1
2023-11-25 01:00:00,8,2,237,123,0,4.3,5.5,0.0,0,0,1,0,0,0,0,0,1
2023-11-25 19:00:00,7,20,951,230,0,4.3,5.5,0.0,0,0,1,0,0,0,0,0,1
2023-11-26 14:00:00,14,15,873,204,0,8.4,5.5,0.0,0,0,0,1,0,0,0,0,1
2023-11-26 09:00:00,1,10,192,79,0,8.4,5.5,0.0,0,0,0,1,0,0,0,0,1
2023-11-25 05:00:00,0,6,18,23,0,4.3,5.5,0.0,0,0,1,0,0,0,0,0,1
2023-11-26 16:00:00,37,17,714,209,0,8.4,5.5,0.0,0,0,0,1,0,0,0,0,1
2023-11-26 20:00:00,32,21,224,144,0,8.4,5.5,0.0,0,0,0,1,0,0,0,0,1
2023-11-26 17:00:00,30,18,518,175,0,8.4,5.5,0.0,0,0,0,1,0,0,0,0,1
2023-11-26 18:00:00,28,19,279,183,0,8.4,5.5,0.0,0,0,0,1,0,0,0,0,1
2023-11-26 22:00:00,28,23,216,134,0,8.4,5.5,0.0,0,0,0,1,0,0,0,0,1
2023-11-26 19:00:00,27,20,330,147,0,8.4,5.5,0.0,0,0,0,1,0,0,0,0,1
2023-11-26 21:00:00,22,22,264,122,0,8.4,5.5,0.0,0,0,0,1,0,0,0,0,1
2023-11-26 12:00:00,15,13,977,231,0,8.4,5.5,0.0,0,0,0,1,0,0,0,0,1
2023-11-26 15:00:00,14,16,793,242,0,8.4,5.5,0.0,0,0,0,1,0,0,0,0,1
2023-11-26 08:00:00,4,9,134,87,0,8.4,5.5,0.0,0,0,0,1,0,0,0,0,1
2023-11-26 13:00:00,12,14,898,526,0,8.4,5.5,0.0,0,0,0,1,0,0,0,0,1
2023-11-26 11:00:00,12,12,801,179,0,8.4,5.5,0.0,0,0,0,1,0,0,0,0,1
2023-11-25 21:00:00,0,22,249,94,0,4.3,5.5,0.0,0,0,1,0,0,0,0,0,1
2023-11-25 03:00:00,0,4,37,55,0,4.3,5.5,0.0,0,0,1,0,0,0,0,0,1
2023-11-26 07:00:00,3,8,53,36,0,8.4,5.5,0.0,0,0,0,1,0,0,0,0,1
2023-11-26 05:00:00,2,6,34,22,0,8.4,5.5,0.0,0,0,0,1,0,0,0,0,1
2023-11-26 23:00:00,10,0,185,81,0,8.4,5.5,0.0,0,0,0,1,0,0,0,0,1
2023-11-24 04:00:00,0,5,19,22,0,4.6,4.1,0.0,1,0,0,0,0,0,0,0,1
2023-11-26 01:00:00,0,2,202,178,0,8.4,5.5,0.0,0,0,0,1,0,0,0,0,1
2023-11-26 04:00:00,0,5,12,99,0,8.4,5.5,0.0,0,0,0,1,0,0,0,0,1
2023-11-26 03:00:00,0,4,12,74,0,8.4,5.5,0.0,0,0,0,1,0,0,0,0,1
2023-11-26 06:00:00,0,7,37,36,0,8.4,5.5,0.0,0,0,0,1,0,0,0,0,1
2023-11-26 00:00:00,9,1,594,173,0,8.4,5.5,0.0,0,0,0,1,0,0,0,0,1
2023-11-25 09:00:00,4,10,518,166,0,4.3,5.5,0.0,0,0,1,0,0,0,0,0,1
2023-11-25 16:00:00,25,17,1070,172,0,4.3,5.5,0.0,0,0,1,0,0,0,0,0,1
2023-11-25 17:00:00,20,18,1200,186,0,4.3,5.5,0.0,0,0,1,0,0,0,0,0,1
2023-11-25 12:00:00,18,13,1840,285,0,4.3,5.5,0.0,0,0,1,0,0,0,0,0,1
2023-11-25 08:00:00,4,9,357,144,0,4.3,5.5,0.0,0,0,1,0,0,0,0,0,1
2023-11-25 02:00:00,3,3,118,88,0,4.3,5.5,0.0,0,0,1,0,0,0,0,0,1
2023-11-26 10:00:00,5,11,584,143,0,8.4,5.5,0.0,0,0,0,1,0,0,0,0,1
2023-11-25 07:00:00,2,8,80,79,0,4.3,5.5,0.0,0,0,1,0,0,0,0,0,1
2023-11-25 06:00:00,2,7,55,36,0,4.3,5.5,0.0,0,0,1,0,0,0,0,0,1
2023-11-28 22:00:00,39,23,239,98,0,3.6,1.1,0.0,0,0,0,0,0,1,0,0,1
2023-11-28 14:00:00,29,15,815,217,0,3.6,1.1,0.0,0,0,0,0,0,1,0,0,1
2023-11-28 21:00:00,26,22,285,145,0,3.6,1.1,0.0,0,0,0,0,0,1,0,0,1
2023-11-28 08:00:00,21,9,430,161,0,3.6,1.1,0.0,0,0,0,0,0,1,0,0,1
2023-11-28 23:00:00,20,0,130,79,0,3.6,1.1,0.0,0,0,0,0,0,1,0,0,1
2023-11-28 15:00:00,18,16,743,237,0,3.6,1.1,0.0,0,0,0,0,0,1,0,0,1
2023-11-28 13:00:00,17,14,943,246,0,3.6,1.1,0.0,0,0,0,0,0,1,0,0,1
2023-11-28 11:00:00,16,12,652,221,0,3.6,1.1,0.0,0,0,0,0,0,1,0,0,1
2023-11-28 12:00:00,15,13,916,264,0,3.6,1.1,0.0,0,0,0,0,0,1,0,0,1
2023-11-28 10:00:00,14,11,558,193,0,3.6,1.1,0.0,0,0,0,0,0,1,0,0,1
2023-11-28 07:00:00,10,8,199,88,0,3.6,1.1,0.0,0,0,0,0,0,1,0,0,1
2023-11-27 08:00:00,10,9,371,145,0,4.8,5.5,2.4,0,1,0,0,0,0,0,0,1
2023-11-28 00:00:00,0,1,113,42,0,3.6,1.1,0.0,0,0,0,0,0,1,0,0,1
2023-11-28 09:00:00,8,10,474,202,0,3.6,1.1,0.0,0,0,0,0,0,1,0,0,1
2023-11-27 23:00:00,0,0,56,53,0,4.8,5.5,2.4,0,1,0,0,0,0,0,0,1
2023-11-28 01:00:00,0,2,69,40,0,3.6,1.1,0.0,0,0,0,0,0,1,0,0,1
2023-11-27 20:00:00,2,21,114,296,0,4.8,5.5,2.4,0,1,0,0,0,0,0,0,1
2023-11-28 06:00:00,5,7,72,39,0,3.6,1.1,0.0,0,0,0,0,0,1,0,0,1
2023-11-27 09:00:00,9,10,426,201,0,4.8,5.5,2.4,0,1,0,0,0,0,0,0,1
2023-11-27 07:00:00,8,8,146,95,0,4.8,5.5,2.4,0,1,0,0,0,0,0,0,1
2023-11-27 16:00:00,5,17,574,148,0,4.8,5.5,2.4,0,1,0,0,0,0,0,0,1
2023-11-27 00:00:00,5,1,121,62,0,4.8,5.5,2.4,0,1,0,0,0,0,0,0,1
2023-11-27 22:00:00,4,23,84,179,0,4.8,5.5,2.4,0,1,0,0,0,0,0,0,1
2023-11-27 15:00:00,4,16,285,122,0,4.8,5.5,2.4,0,1,0,0,0,0,0,0,1
2023-11-27 14:00:00,3,15,94,44,0,4.8,5.5,2.4,0,1,0,0,0,0,0,0,1
2023-11-27 17:00:00,3,18,435,35,0,4.8,5.5,2.4,0,1,0,0,0,0,0,0,1
2023-11-27 18:00:00,3,19,315,6,0,4.8,5.5,2.4,0,1,0,0,0,0,0,0,1
2023-11-27 06:00:00,0,7,39,43,0,4.8,5.5,2.4,0,1,0,0,0,0,0,0,1
2023-11-28 02:00:00,0,3,31,28,0,3.6,1.1,0.0,0,0,0,0,0,1,0,0,1
2023-11-27 01:00:00,0,2,75,36,0,4.8,5.5,2.4,0,1,0,0,0,0,0,0,1
2023-11-27 02:00:00,0,3,59,24,0,4.8,5.5,2.4,0,1,0,0,0,0,0,0,1
2023-11-27 05:00:00,0,6,15,24,0,4.8,5.5,2.4,0,1,0,0,0,0,0,0,1
2023-11-27 04:00:00,0,5,5,16,0,4.8,5.5,2.4,0,1,0,0,0,0,0,0,1
2023-11-27 03:00:00,0,4,9,12,0,4.8,5.5,2.4,0,1,0,0,0,0,0,0,1
2023-11-27 19:00:00,0,20,242,5,0,4.8,5.5,2.4,0,1,0,0,0,0,0,0,1
2023-11-28 18:00:00,71,19,585,228,0,3.6,1.1,0.0,0,0,0,0,0,1,0,0,1
2023-11-28 17:00:00,64,18,767,265,0,3.6,1.1,0.0,0,0,0,0,0,1,0,0,1
2023-11-28 19:00:00,58,20,364,192,0,3.6,1.1,0.0,0,0,0,0,0,1,0,0,1
2023-11-28 16:00:00,50,17,716,209,0,3.6,1.1,0.0,0,0,0,0,0,1,0,0,1
2023-11-28 20:00:00,43,21,299,162,0,3.6,1.1,0.0,0,0,0,0,0,1,0,0,1
2023-11-28 04:00:00,1,5,7,28,0,3.6,1.1,0.0,0,0,0,0,0,1,0,0,1
2023-11-28 05:00:00,1,6,18,15,0,3.6,1.1,0.0,0,0,0,0,0,1,0,0,1
2023-11-28 03:00:00,0,4,14,16,0,3.6,1.1,0.0,0,0,0,0,0,1,0,0,1
2023-11-27 21:00:00,1,22,42,416,0,4.8,5.5,2.4,0,1,0,0,0,0,0,0,1
2023-11-27 11:00:00,18,12,639,236,0,4.8,5.5,2.4,0,1,0,0,0,0,0,0,1
2023-11-27 10:00:00,14,11,489,248,0,4.8,5.5,2.4,0,1,0,0,0,0,0,0,1
2023-11-27 12:00:00,12,13,784,229,0,4.8,5.5,2.4,0,1,0,0,0,0,0,0,1
2023-11-27 13:00:00,11,14,858,221,0,4.8,5.5,2.4,0,1,0,0,0,0,0,0,1
2023-11-29 17:00:00,74,18,769,286,0,4.5,-0.7,0.0,0,0,0,0,0,0,1,0,1
2023-11-29 16:00:00,71,17,811,254,0,4.5,-0.7,0.0,0,0,0,0,0,0,1,0,1
2023-11-29 19:00:00,50,20,279,214,0,4.5,-0.7,0.0,0,0,0,0,0,0,1,0,1
2023-11-29 18:00:00,44,19,539,265,0,4.5,-0.7,0.0,0,0,0,0,0,0,1,0,1
2023-11-29 21:00:00,43,22,270,179,0,4.5,-0.7,0.0,0,0,0,0,0,0,1,0,1
2023-11-29 14:00:00,42,15,896,256,0,4.5,-0.7,0.0,0,0,0,0,0,0,1,0,1
2023-11-29 20:00:00,38,21,345,188,0,4.5,-0.7,0.0,0,0,0,0,0,0,1,0,1
2023-11-29 22:00:00,33,23,370,173,0,4.5,-0.7,0.0,0,0,0,0,0,0,1,0,1
2023-11-29 12:00:00,29,13,945,273,0,4.5,-0.7,0.0,0,0,0,0,0,0,1,0,1
2023-11-29 15:00:00,26,16,860,232,0,4.5,-0.7,0.0,0,0,0,0,0,0,1,0,1
2023-11-29 13:00:00,24,14,911,286,0,4.5,-0.7,0.0,0,0,0,0,0,0,1,0,1
2023-11-30 04:00:00,1,5,13,23,1,2.2,-0.7,0.0,0,0,0,0,1,0,0,0,1
2023-11-30 03:00:00,1,4,21,20,1,2.2,-0.7,0.0,0,0,0,0,1,0,0,0,1
2023-11-29 03:00:00,0,4,0,15,0,4.5,-0.7,0.0,0,0,0,0,0,0,1,0,1
2023-11-30 01:00:00,5,2,131,50,1,2.2,-0.7,0.0,0,0,0,0,1,0,0,0,1
2023-11-29 00:00:00,5,1,132,61,0,4.5,-0.7,0.0,0,0,0,0,0,0,1,0,1
2023-11-29 02:00:00,5,3,68,41,0,4.5,-0.7,0.0,0,0,0,0,0,0,1,0,1
2023-11-29 01:00:00,3,2,99,40,0,4.5,-0.7,0.0,0,0,0,0,0,0,1,0,1
2023-11-30 16:00:00,96,17,921,229,1,2.2,-0.7,0.0,0,0,0,0,1,0,0,0,1
2023-11-30 17:00:00,72,18,770,251,1,2.2,-0.7,0.0,0,0,0,0,1,0,0,0,1
2023-11-30 18:00:00,69,19,603,242,1,2.2,-0.7,0.0,0,0,0,0,1,0,0,0,1
2023-11-30 20:00:00,48,21,383,208,1,2.2,-0.7,0.0,0,0,0,0,1,0,0,0,1
2023-11-30 19:00:00,38,20,346,183,1,2.2,-0.7,0.0,0,0,0,0,1,0,0,0,1
2023-11-30 21:00:00,37,22,291,160,1,2.2,-0.7,0.0,0,0,0,0,1,0,0,0,1
2023-11-30 15:00:00,35,16,996,248,1,2.2,-0.7,0.0,0,0,0,0,1,0,0,0,1
2023-11-30 13:00:00,23,14,1205,294,1,2.2,-0.7,0.0,0,0,0,0,1,0,0,0,1
2023-11-30 14:00:00,23,15,1187,279,1,2.2,-0.7,0.0,0,0,0,0,1,0,0,0,1
2023-11-30 12:00:00,19,13,921,295,1,2.2,-0.7,0.0,0,0,0,0,1,0,0,0,1
2023-11-30 08:00:00,18,9,471,154,1,2.2,-0.7,0.0,0,0,0,0,1,0,0,0,1
2023-11-30 22:00:00,18,23,272,123,1,2.2,-0.7,0.0,0,0,0,0,1,0,0,0,1
2023-11-30 23:00:00,18,0,301,100,1,2.2,-0.7,0.0,0,0,0,0,1,0,0,0,1
2023-11-30 09:00:00,16,10,484,231,1,2.2,-0.7,0.0,0,0,0,0,1,0,0,0,1
2023-11-30 07:00:00,4,8,175,93,1,2.2,-0.7,0.0,0,0,0,0,1,0,0,0,1
2023-11-30 11:00:00,12,12,741,244,1,2.2,-0.7,0.0,0,0,0,0,1,0,0,0,1
2023-11-30 02:00:00,4,3,71,57,1,2.2,-0.7,0.0,0,0,0,0,1,0,0,0,1
2023-11-30 10:00:00,11,11,638,282,1,2.2,-0.7,0.0,0,0,0,0,1,0,0,0,1
2023-11-29 11:00:00,20,12,710,267,0,4.5,-0.7,0.0,0,0,0,0,0,0,1,0,1
2023-11-29 08:00:00,19,9,437,165,0,4.5,-0.7,0.0,0,0,0,0,0,0,1,0,1
2023-11-29 06:00:00,1,7,62,41,0,4.5,-0.7,0.0,0,0,0,0,0,0,1,0,1
2023-11-29 04:00:00,1,5,21,9,0,4.5,-0.7,0.0,0,0,0,0,0,0,1,0,1
2023-11-30 06:00:00,3,7,71,43,1,2.2,-0.7,0.0,0,0,0,0,1,0,0,0,1
2023-11-30 05:00:00,1,6,25,27,1,2.2,-0.7,0.0,0,0,0,0,1,0,0,0,1
2023-11-30 00:00:00,6,1,214,89,1,2.2,-0.7,0.0,0,0,0,0,1,0,0,0,1
2023-11-29 05:00:00,0,6,18,33,0,4.5,-0.7,0.0,0,0,0,0,0,0,1,0,1
2023-11-29 09:00:00,13,10,452,207,0,4.5,-0.7,0.0,0,0,0,0,0,0,1,0,1
2023-11-29 07:00:00,12,8,212,99,0,4.5,-0.7,0.0,0,0,0,0,0,0,1,0,1
2023-11-29 23:00:00,11,0,192,108,0,4.5,-0.7,0.0,0,0,0,0,0,0,1,0,1
2023-11-29 10:00:00,10,11,609,237,0,4.5,-0.7,0.0,0,0,0,0,0,0,1,0,1
2023-10-01 23:00:00,4,0,231,66,0,13.6,8.9,0.5,0,0,0,1,0,0,0,1,0
2023-10-01 13:00:00,4,14,567,47,0,13.6,8.9,0.5,0,0,0,1,0,0,0,1,0
2023-10-01 18:00:00,4,19,492,6,0,13.6,8.9,0.5,0,0,0,1,0,0,0,1,0
2023-10-01 07:00:00,3,8,77,20,0,13.6,8.9,0.5,0,0,0,1,0,0,0,1,0
2023-10-01 03:00:00,2,4,70,16,0,13.6,8.9,0.5,0,0,0,1,0,0,0,1,0
2023-10-01 21:00:00,2,22,373,14,0,13.6,8.9,0.5,0,0,0,1,0,0,0,1,0
2023-10-01 22:00:00,2,23,210,13,0,13.6,8.9,0.5,0,0,0,1,0,0,0,1,0
2023-10-01 11:00:00,2,12,486,9,0,13.6,8.9,0.5,0,0,0,1,0,0,0,1,0
2023-10-01 06:00:00,2,7,28,2,0,13.6,8.9,0.5,0,0,0,1,0,0,0,1,0
2023-10-02 00:00:00,5,1,237,82,0,16.2,8.0,0.0,0,1,0,0,0,0,0,1,0
2023-10-02 16:00:00,5,17,636,13,0,16.2,8.0,0.0,0,1,0,0,0,0,0,1,0
2023-10-02 10:00:00,5,11,462,13,0,16.2,8.0,0.0,0,1,0,0,0,0,0,1,0
2023-10-02 22:00:00,4,23,162,72,0,16.2,8.0,0.0,0,1,0,0,0,0,0,1,0
2023-10-02 21:00:00,4,22,189,56,0,16.2,8.0,0.0,0,1,0,0,0,0,0,1,0
2023-10-02 20:00:00,4,21,337,35,0,16.2,8.0,0.0,0,1,0,0,0,0,0,1,0
2023-10-02 01:00:00,3,2,117,49,0,16.2,8.0,0.0,0,1,0,0,0,0,0,1,0
2023-10-02 06:00:00,3,7,44,28,0,16.2,8.0,0.0,0,1,0,0,0,0,0,1,0
2023-10-02 14:00:00,3,15,670,7,0,16.2,8.0,0.0,0,1,0,0,0,0,0,1,0
2023-10-02 23:00:00,2,0,111,27,0,16.2,8.0,0.0,0,1,0,0,0,0,0,1,0
2023-10-02 02:00:00,1,3,42,42,0,16.2,8.0,0.0,0,1,0,0,0,0,0,1,0
2023-10-02 05:00:00,1,6,27,25,0,16.2,8.0,0.0,0,1,0,0,0,0,0,1,0
2023-10-02 09:00:00,1,10,383,23,0,16.2,8.0,0.0,0,1,0,0,0,0,0,1,0
2023-10-02 03:00:00,1,4,28,22,0,16.2,8.0,0.0,0,1,0,0,0,0,0,1,0
2023-10-02 04:00:00,1,5,9,21,0,16.2,8.0,0.0,0,1,0,0,0,0,0,1,0
2023-10-02 07:00:00,12,8,109,54,0,16.2,8.0,0.0,0,1,0,0,0,0,0,1,0
2023-10-02 11:00:00,12,12,641,3,0,16.2,8.0,0.0,0,1,0,0,0,0,0,1,0
2023-10-01 09:00:00,9,10,179,35,0,13.6,8.9,0.5,0,0,0,1,0,0,0,1,0
2023-10-01 16:00:00,9,17,738,7,0,13.6,8.9,0.5,0,0,0,1,0,0,0,1,0
2023-10-01 08:00:00,8,9,90,45,0,13.6,8.9,0.5,0,0,0,1,0,0,0,1,0
2023-10-01 14:00:00,8,15,661,22,0,13.6,8.9,0.5,0,0,0,1,0,0,0,1,0
2023-10-01 12:00:00,8,13,664,20,0,13.6,8.9,0.5,0,0,0,1,0,0,0,1,0
2023-10-01 15:00:00,6,16,762,19,0,13.6,8.9,0.5,0,0,0,1,0,0,0,1,0
2023-10-01 17:00:00,6,18,624,7,0,13.6,8.9,0.5,0,0,0,1,0,0,0,1,0
2023-10-01 19:00:00,5,20,456,12,0,13.6,8.9,0.5,0,0,0,1,0,0,0,1,0
2023-10-02 18:00:00,9,19,577,16,0,16.2,8.0,0.0,0,1,0,0,0,0,0,1,0
2023-10-02 17:00:00,8,18,671,22,0,16.2,8.0,0.0,0,1,0,0,0,0,0,1,0
2023-10-02 15:00:00,8,16,675,20,0,16.2,8.0,0.0,0,1,0,0,0,0,0,1,0
2023-10-02 08:00:00,7,9,341,54,0,16.2,8.0,0.0,0,1,0,0,0,0,0,1,0
2023-10-02 19:00:00,7,20,421,35,0,16.2,8.0,0.0,0,1,0,0,0,0,0,1,0
2023-10-02 12:00:00,7,13,793,24,0,16.2,8.0,0.0,0,1,0,0,0,0,0,1,0
2023-10-02 13:00:00,6,14,798,23,0,16.2,8.0,0.0,0,1,0,0,0,0,0,1,0
2023-10-01 01:00:00,1,2,196,39,0,13.6,8.9,0.5,0,0,0,1,0,0,0,1,0
2023-10-01 05:00:00,1,6,10,15,0,13.6,8.9,0.5,0,0,0,1,0,0,0,1,0
2023-10-01 02:00:00,1,3,70,13,0,13.6,8.9,0.5,0,0,0,1,0,0,0,1,0
2023-10-01 20:00:00,1,21,385,11,0,13.6,8.9,0.5,0,0,0,1,0,0,0,1,0
2023-10-01 00:00:00,0,1,431,13,0,13.6,8.9,0.5,0,0,0,1,0,0,0,1,0
2023-10-01 04:00:00,0,5,18,10,0,13.6,8.9,0.5,0,0,0,1,0,0,0,1,0
2023-10-01 10:00:00,0,11,371,9,0,13.6,8.9,0.5,0,0,0,1,0,0,0,1,0
2023-10-04 23:00:00,0,0,78,15,0,16.2,8.2,0.0,0,0,0,0,0,0,1,1,0
2023-10-04 00:00:00,0,1,134,10,0,16.2,8.2,0.0,0,0,0,0,0,0,1,1,0
2023-10-04 04:00:00,0,5,28,3,0,16.2,8.2,0.0,0,0,0,0,0,0,1,1,0
2023-10-04 01:00:00,0,2,96,2,0,16.2,8.2,0.0,0,0,0,0,0,0,1,1,0
2023-10-04 02:00:00,0,3,54,1,0,16.2,8.2,0.0,0,0,0,0,0,0,1,1,0
2023-10-04 08:00:00,42,9,457,126,0,16.2,8.2,0.0,0,0,0,0,0,0,1,1,0
2023-10-03 07:00:00,9,8,109,4,0,13.8,8.2,1.1,0,0,0,0,0,1,0,1,0
2023-10-04 14:00:00,3,15,824,86,0,16.2,8.2,0.0,0,0,0,0,0,0,1,1,0
2023-10-04 15:00:00,11,16,727,62,0,16.2,8.2,0.0,0,0,0,0,0,0,1,1,0
2023-10-04 13:00:00,9,14,949,17,0,16.2,8.2,0.0,0,0,0,0,0,0,1,1,0
2023-10-04 18:00:00,9,19,403,10,0,16.2,8.2,0.0,0,0,0,0,0,0,1,1,0
2023-10-04 17:00:00,7,18,594,11,0,16.2,8.2,0.0,0,0,0,0,0,0,1,1,0
2023-10-04 16:00:00,5,17,669,23,0,16.2,8.2,0.0,0,0,0,0,0,0,1,1,0
2023-10-04 20:00:00,4,21,222,12,0,16.2,8.2,0.0,0,0,0,0,0,0,1,1,0
2023-10-04 12:00:00,4,13,853,11,0,16.2,8.2,0.0,0,0,0,0,0,0,1,1,0
2023-10-04 22:00:00,4,23,222,8,0,16.2,8.2,0.0,0,0,0,0,0,0,1,1,0
2023-10-05 07:00:00,11,8,154,14,0,18.0,6.0,5.1,0,0,0,0,1,0,0,1,0
2023-10-05 17:00:00,10,18,736,12,0,18.0,6.0,5.1,0,0,0,0,1,0,0,1,0
2023-10-05 10:00:00,8,11,572,18,0,18.0,6.0,5.1,0,0,0,0,1,0,0,1,0
2023-10-05 08:00:00,8,9,408,15,0,18.0,6.0,5.1,0,0,0,0,1,0,0,1,0
2023-10-03 19:00:00,1,20,480,7,0,13.8,8.2,1.1,0,0,0,0,0,1,0,1,0
2023-10-04 06:00:00,3,7,33,10,0,16.2,8.2,0.0,0,0,0,0,0,0,1,1,0
2023-10-03 14:00:00,8,15,733,4,0,13.8,8.2,1.1,0,0,0,0,0,1,0,1,0
2023-10-04 09:00:00,31,10,584,160,0,16.2,8.2,0.0,0,0,0,0,0,0,1,1,0
2023-10-03 13:00:00,8,14,770,3,0,13.8,8.2,1.1,0,0,0,0,0,1,0,1,0
2023-10-03 02:00:00,1,3,62,4,0,13.8,8.2,1.1,0,0,0,0,0,1,0,1,0
2023-10-03 12:00:00,20,13,762,6,0,13.8,8.2,1.1,0,0,0,0,0,1,0,1,0
2023-10-03 08:00:00,11,9,437,10,0,13.8,8.2,1.1,0,0,0,0,0,1,0,1,0
2023-10-03 10:00:00,10,11,596,11,0,13.8,8.2,1.1,0,0,0,0,0,1,0,1,0
2023-10-03 18:00:00,10,19,571,6,0,13.8,8.2,1.1,0,0,0,0,0,1,0,1,0
2023-10-03 09:00:00,9,10,441,15,0,13.8,8.2,1.1,0,0,0,0,0,1,0,1,0
2023-10-03 15:00:00,8,16,717,1,0,13.8,8.2,1.1,0,0,0,0,0,1,0,1,0
2023-10-03 17:00:00,7,18,786,9,0,13.8,8.2,1.1,0,0,0,0,0,1,0,1,0
2023-10-04 10:00:00,27,11,733,133,0,16.2,8.2,0.0,0,0,0,0,0,0,1,1,0
2023-10-04 11:00:00,2,12,702,53,0,16.2,8.2,0.0,0,0,0,0,0,0,1,1,0
2023-10-04 21:00:00,2,22,235,13,0,16.2,8.2,0.0,0,0,0,0,0,0,1,1,0
2023-10-03 11:00:00,6,12,577,5,0,13.8,8.2,1.1,0,0,0,0,0,1,0,1,0
2023-10-03 00:00:00,0,1,128,11,0,13.8,8.2,1.1,0,0,0,0,0,1,0,1,0
2023-10-03 23:00:00,0,0,138,8,0,13.8,8.2,1.1,0,0,0,0,0,1,0,1,0
2023-10-03 05:00:00,0,6,14,3,0,13.8,8.2,1.1,0,0,0,0,0,1,0,1,0
2023-10-03 04:00:00,0,5,12,3,0,13.8,8.2,1.1,0,0,0,0,0,1,0,1,0
2023-10-03 01:00:00,0,2,71,1,0,13.8,8.2,1.1,0,0,0,0,0,1,0,1,0
2023-10-03 03:00:00,0,4,7,0,0,13.8,8.2,1.1,0,0,0,0,0,1,0,1,0
2023-10-03 06:00:00,4,7,37,5,0,13.8,8.2,1.1,0,0,0,0,0,1,0,1,0
2023-10-04 19:00:00,1,20,385,10,0,16.2,8.2,0.0,0,0,0,0,0,0,1,1,0
2023-10-04 07:00:00,17,8,144,63,0,16.2,8.2,0.0,0,0,0,0,0,0,1,1,0
2023-10-04 03:00:00,1,4,9,6,0,16.2,8.2,0.0,0,0,0,0,0,0,1,1,0
2023-10-03 22:00:00,3,23,227,8,0,13.8,8.2,1.1,0,0,0,0,0,1,0,1,0
2023-10-04 05:00:00,1,6,5,2,0,16.2,8.2,0.0,0,0,0,0,0,0,1,1,0
2023-10-03 21:00:00,2,22,345,18,0,13.8,8.2,1.1,0,0,0,0,0,1,0,1,0
2023-10-03 20:00:00,2,21,335,11,0,13.8,8.2,1.1,0,0,0,0,0,1,0,1,0
2023-10-03 16:00:00,2,17,700,6,0,13.8,8.2,1.1,0,0,0,0,0,1,0,1,0
2023-10-06 19:00:00,3,20,586,33,0,11.0,10.5,28.3,1,0,0,0,0,0,0,1,0
2023-10-06 16:00:00,3,17,1033,10,0,11.0,10.5,28.3,1,0,0,0,0,0,0,1,0
2023-10-06 07:00:00,3,8,108,4,0,11.0,10.5,28.3,1,0,0,0,0,0,0,1,0
2023-10-06 23:00:00,2,0,157,19,0,11.0,10.5,28.3,1,0,0,0,0,0,0,1,0
2023-10-06 21:00:00,2,22,119,13,0,11.0,10.5,28.3,1,0,0,0,0,0,0,1,0
2023-10-06 06:00:00,2,7,46,2,0,11.0,10.5,28.3,1,0,0,0,0,0,0,1,0
2023-10-06 20:00:00,1,21,378,20,0,11.0,10.5,28.3,1,0,0,0,0,0,0,1,0
2023-10-06 00:00:00,0,1,160,6,0,11.0,10.5,28.3,1,0,0,0,0,0,0,1,0
2023-10-06 22:00:00,0,23,37,6,0,11.0,10.5,28.3,1,0,0,0,0,0,0,1,0
2023-10-06 02:00:00,0,3,67,5,0,11.0,10.5,28.3,1,0,0,0,0,0,0,1,0
2023-10-06 01:00:00,0,2,74,4,0,11.0,10.5,28.3,1,0,0,0,0,0,0,1,0
2023-10-06 03:00:00,0,4,9,2,0,11.0,10.5,28.3,1,0,0,0,0,0,0,1,0
2023-10-06 04:00:00,0,5,25,1,0,11.0,10.5,28.3,1,0,0,0,0,0,0,1,0
2023-10-06 05:00:00,0,6,14,0,0,11.0,10.5,28.3,1,0,0,0,0,0,0,1,0
2023-10-06 12:00:00,18,13,825,7,0,11.0,10.5,28.3,1,0,0,0,0,0,0,1,0
2023-10-07 16:00:00,3,17,225,1,0,14.6,9.5,56.3,0,0,1,0,0,0,0,1,0
2023-10-06 17:00:00,13,18,929,21,0,11.0,10.5,28.3,1,0,0,0,0,0,0,1,0
2023-10-07 08:00:00,4,9,179,12,0,14.6,9.5,56.3,0,0,1,0,0,0,0,1,0
2023-10-07 21:00:00,2,22,179,7,0,14.6,9.5,56.3,0,0,1,0,0,0,0,1,0
2023-10-06 15:00:00,10,16,835,7,0,11.0,10.5,28.3,1,0,0,0,0,0,0,1,0
2023-10-07 07:00:00,2,8,51,6,0,14.6,9.5,56.3,0,0,1,0,0,0,0,1,0
2023-10-07 09:00:00,2,10,243,3,0,14.6,9.5,56.3,0,0,1,0,0,0,0,1,0
2023-10-06 14:00:00,7,15,798,9,0,11.0,10.5,28.3,1,0,0,0,0,0,0,1,0
2023-10-07 04:00:00,1,5,13,8,0,14.6,9.5,56.3,0,0,1,0,0,0,0,1,0
2023-10-06 18:00:00,6,19,677,22,0,11.0,10.5,28.3,1,0,0,0,0,0,0,1,0
2023-10-06 08:00:00,6,9,384,10,0,11.0,10.5,28.3,1,0,0,0,0,0,0,1,0
2023-10-06 09:00:00,5,10,430,17,0,11.0,10.5,28.3,1,0,0,0,0,0,0,1,0
2023-10-06 10:00:00,5,11,511,13,0,11.0,10.5,28.3,1,0,0,0,0,0,0,1,0
2023-10-06 13:00:00,5,14,772,3,0,11.0,10.5,28.3,1,0,0,0,0,0,0,1,0
2023-10-06 11:00:00,4,12,533,6,0,11.0,10.5,28.3,1,0,0,0,0,0,0,1,0
2023-10-05 22:00:00,1,23,217,14,0,18.0,6.0,5.1,0,0,0,0,1,0,0,1,0
2023-10-05 23:00:00,1,0,128,13,0,18.0,6.0,5.1,0,0,0,0,1,0,0,1,0
2023-10-05 13:00:00,1,14,681,8,0,18.0,6.0,5.1,0,0,0,0,1,0,0,1,0
2023-10-05 16:00:00,1,17,488,3,0,18.0,6.0,5.1,0,0,0,0,1,0,0,1,0
2023-10-05 12:00:00,0,13,737,17,0,18.0,6.0,5.1,0,0,0,0,1,0,0,1,0
2023-10-05 02:00:00,0,3,48,14,0,18.0,6.0,5.1,0,0,0,0,1,0,0,1,0
2023-10-05 21:00:00,0,22,187,9,0,18.0,6.0,5.1,0,0,0,0,1,0,0,1,0
2023-10-05 05:00:00,0,6,29,4,0,18.0,6.0,5.1,0,0,0,0,1,0,0,1,0
2023-10-05 01:00:00,0,2,98,3,0,18.0,6.0,5.1,0,0,0,0,1,0,0,1,0
2023-10-05 03:00:00,0,4,22,2,0,18.0,6.0,5.1,0,0,0,0,1,0,0,1,0
2023-10-05 04:00:00,0,5,17,1,0,18.0,6.0,5.1,0,0,0,0,1,0,0,1,0
2023-10-05 14:00:00,5,15,857,65,0,18.0,6.0,5.1,0,0,0,0,1,0,0,1,0
2023-10-05 20:00:00,4,21,286,14,0,18.0,6.0,5.1,0,0,0,0,1,0,0,1,0
2023-10-05 09:00:00,3,10,426,18,0,18.0,6.0,5.1,0,0,0,0,1,0,0,1,0
2023-10-05 06:00:00,3,7,51,4,0,18.0,6.0,5.1,0,0,0,0,1,0,0,1,0
2023-10-05 18:00:00,2,19,727,30,0,18.0,6.0,5.1,0,0,0,0,1,0,0,1,0
2023-10-05 11:00:00,2,12,467,17,0,18.0,6.0,5.1,0,0,0,0,1,0,0,1,0
2023-10-05 00:00:00,2,1,122,8,0,18.0,6.0,5.1,0,0,0,0,1,0,0,1,0
2023-10-05 15:00:00,1,16,515,16,0,18.0,6.0,5.1,0,0,0,0,1,0,0,1,0
2023-10-05 19:00:00,1,20,355,15,0,18.0,6.0,5.1,0,0,0,0,1,0,0,1,0
2023-10-08 17:00:00,4,18,700,18,0,17.6,8.5,5.4,0,0,0,1,0,0,0,1,0
2023-10-08 12:00:00,3,13,398,389,0,17.6,8.5,5.4,0,0,0,1,0,0,0,1,0
2023-10-08 11:00:00,3,12,448,8,0,17.6,8.5,5.4,0,0,0,1,0,0,0,1,0
2023-10-08 20:00:00,0,21,81,3,0,17.6,8.5,5.4,0,0,0,1,0,0,0,1,0
2023-10-08 03:00:00,2,4,31,5,0,17.6,8.5,5.4,0,0,0,1,0,0,0,1,0
2023-10-08 01:00:00,2,2,75,2,0,17.6,8.5,5.4,0,0,0,1,0,0,0,1,0
2023-10-08 09:00:00,1,10,108,2,0,17.6,8.5,5.4,0,0,0,1,0,0,0,1,0
2023-10-08 08:00:00,1,9,44,2,0,17.6,8.5,5.4,0,0,0,1,0,0,0,1,0
2023-10-08 22:00:00,1,23,46,0,0,17.6,8.5,5.4,0,0,0,1,0,0,0,1,0
2023-10-08 21:00:00,0,22,78,3,0,17.6,8.5,5.4,0,0,0,1,0,0,0,1,0
2023-10-08 00:00:00,0,1,44,3,0,17.6,8.5,5.4,0,0,0,1,0,0,0,1,0
2023-10-07 01:00:00,0,2,104,13,0,14.6,9.5,56.3,0,0,1,0,0,0,0,1,0
2023-10-07 10:00:00,0,11,450,9,0,14.6,9.5,56.3,0,0,1,0,0,0,0,1,0
2023-10-07 17:00:00,0,18,280,7,0,14.6,9.5,56.3,0,0,1,0,0,0,0,1,0
2023-10-07 22:00:00,0,23,128,5,0,14.6,9.5,56.3,0,0,1,0,0,0,0,1,0
2023-10-07 13:00:00,0,14,398,4,0,14.6,9.5,56.3,0,0,1,0,0,0,0,1,0
2023-10-07 14:00:00,0,15,190,4,0,14.6,9.5,56.3,0,0,1,0,0,0,0,1,0
2023-10-07 02:00:00,0,3,25,3,0,14.6,9.5,56.3,0,0,1,0,0,0,0,1,0
2023-10-07 15:00:00,0,16,79,1,0,14.6,9.5,56.3,0,0,1,0,0,0,0,1,0
2023-10-07 06:00:00,0,7,16,1,0,14.6,9.5,56.3,0,0,1,0,0,0,0,1,0
2023-10-07 03:00:00,0,4,5,1,0,14.6,9.5,56.3,0,0,1,0,0,0,0,1,0
2023-10-07 20:00:00,0,21,2,0,0,14.6,9.5,56.3,0,0,1,0,0,0,0,1,0
2023-10-08 10:00:00,0,11,226,2,0,17.6,8.5,5.4,0,0,0,1,0,0,0,1,0
2023-10-08 14:00:00,7,15,1063,15,0,17.6,8.5,5.4,0,0,0,1,0,0,0,1,0
2023-10-08 16:00:00,7,17,508,6,0,17.6,8.5,5.4,0,0,0,1,0,0,0,1,0
2023-10-08 15:00:00,6,16,623,4,0,17.6,8.5,5.4,0,0,0,1,0,0,0,1,0
2023-10-08 13:00:00,4,14,454,866,0,17.6,8.5,5.4,0,0,0,1,0,0,0,1,0
2023-10-07 11:00:00,1,12,579,2,0,14.6,9.5,56.3,0,0,1,0,0,0,0,1,0
2023-10-08 05:00:00,0,6,10,2,0,17.6,8.5,5.4,0,0,0,1,0,0,0,1,0
2023-10-08 18:00:00,0,19,327,1,0,17.6,8.5,5.4,0,0,0,1,0,0,0,1,0
2023-10-07 12:00:00,1,13,469,1,0,14.6,9.5,56.3,0,0,1,0,0,0,0,1,0
2023-10-08 19:00:00,0,20,65,1,0,17.6,8.5,5.4,0,0,0,1,0,0,0,1,0
2023-10-07 18:00:00,1,19,71,0,0,14.6,9.5,56.3,0,0,1,0,0,0,0,1,0
2023-10-09 15:00:00,8,16,721,8,0,18.0,8.1,0.0,0,1,0,0,0,0,0,1,0
2023-10-09 12:00:00,6,13,472,30,0,18.0,8.1,0.0,0,1,0,0,0,0,0,1,0
2023-10-09 08:00:00,6,9,262,10,0,18.0,8.1,0.0,0,1,0,0,0,0,0,1,0
2023-10-09 19:00:00,6,20,335,6,0,18.0,8.1,0.0,0,1,0,0,0,0,0,1,0
2023-10-09 09:00:00,5,10,313,12,0,18.0,8.1,0.0,0,1,0,0,0,0,0,1,0
2023-10-09 10:00:00,4,11,487,8,0,18.0,8.1,0.0,0,1,0,0,0,0,0,1,0
2023-10-09 14:00:00,4,15,791,7,0,18.0,8.1,0.0,0,1,0,0,0,0,0,1,0
2023-10-09 20:00:00,3,21,272,18,0,18.0,8.1,0.0,0,1,0,0,0,0,0,1,0
2023-10-07 05:00:00,1,6,20,0,0,14.6,9.5,56.3,0,0,1,0,0,0,0,1,0
2023-10-07 00:00:00,0,1,177,24,0,14.6,9.5,56.3,0,0,1,0,0,0,0,1,0
2023-10-07 23:00:00,0,0,128,22,0,14.6,9.5,56.3,0,0,1,0,0,0,0,1,0
2023-10-08 04:00:00,0,5,3,1,0,17.6,8.5,5.4,0,0,0,1,0,0,0,1,0
2023-10-08 07:00:00,0,8,7,0,0,17.6,8.5,5.4,0,0,0,1,0,0,0,1,0
2023-10-08 06:00:00,0,7,4,0,0,17.6,8.5,5.4,0,0,0,1,0,0,0,1,0
2023-10-09 11:00:00,17,12,822,95,0,18.0,8.1,0.0,0,1,0,0,0,0,0,1,0
2023-10-08 02:00:00,0,3,68,10,0,17.6,8.5,5.4,0,0,0,1,0,0,0,1,0
2023-10-08 23:00:00,0,0,86,4,0,17.6,8.5,5.4,0,0,0,1,0,0,0,1,0
2023-10-09 13:00:00,12,14,919,24,0,18.0,8.1,0.0,0,1,0,0,0,0,0,1,0
2023-10-09 17:00:00,11,18,587,4,0,18.0,8.1,0.0,0,1,0,0,0,0,0,1,0
2023-10-09 16:00:00,11,17,776,3,0,18.0,8.1,0.0,0,1,0,0,0,0,0,1,0
2023-10-10 13:00:00,6,14,994,10,0,13.1,12.8,0.0,0,0,0,0,0,1,0,1,0
2023-10-10 15:00:00,5,16,832,51,0,13.1,12.8,0.0,0,0,0,0,0,1,0,1,0
2023-10-10 17:00:00,5,18,503,30,0,13.1,12.8,0.0,0,0,0,0,0,1,0,1,0
2023-10-10 10:00:00,5,11,607,13,0,13.1,12.8,0.0,0,0,0,0,0,1,0,1,0
2023-10-10 22:00:00,5,23,173,12,0,13.1,12.8,0.0,0,0,0,0,0,1,0,1,0
2023-10-10 07:00:00,4,8,157,9,0,13.1,12.8,0.0,0,0,0,0,0,1,0,1,0
2023-10-10 11:00:00,2,12,708,17,0,13.1,12.8,0.0,0,0,0,0,0,1,0,1,0
2023-10-10 19:00:00,2,20,337,6,0,13.1,12.8,0.0,0,0,0,0,0,1,0,1,0
2023-10-11 08:00:00,5,9,446,12,0,12.0,7.3,0.0,0,0,0,0,0,0,1,1,0
2023-10-09 22:00:00,2,23,182,10,0,18.0,8.1,0.0,0,1,0,0,0,0,0,1,0
2023-10-09 21:00:00,2,22,240,7,0,18.0,8.1,0.0,0,1,0,0,0,0,0,1,0
2023-10-10 18:00:00,1,19,423,41,0,13.1,12.8,0.0,0,0,0,0,0,1,0,1,0
2023-10-10 16:00:00,1,17,945,24,0,13.1,12.8,0.0,0,0,0,0,0,1,0,1,0
2023-10-10 23:00:00,1,0,164,12,0,13.1,12.8,0.0,0,0,0,0,0,1,0,1,0
2023-10-10 21:00:00,1,22,302,6,0,13.1,12.8,0.0,0,0,0,0,0,1,0,1,0
2023-10-10 06:00:00,1,7,37,2,0,13.1,12.8,0.0,0,0,0,0,0,1,0,1,0
2023-10-10 01:00:00,0,2,145,9,0,13.1,12.8,0.0,0,0,0,0,0,1,0,1,0
2023-10-10 20:00:00,0,21,308,8,0,13.1,12.8,0.0,0,0,0,0,0,1,0,1,0
2023-10-10 00:00:00,0,1,144,8,0,13.1,12.8,0.0,0,0,0,0,0,1,0,1,0
2023-10-10 04:00:00,0,5,32,4,0,13.1,12.8,0.0,0,0,0,0,0,1,0,1,0
2023-10-10 02:00:00,0,3,72,3,0,13.1,12.8,0.0,0,0,0,0,0,1,0,1,0
2023-10-10 05:00:00,0,6,23,2,0,13.1,12.8,0.0,0,0,0,0,0,1,0,1,0
2023-10-09 00:00:00,0,1,113,8,0,18.0,8.1,0.0,0,1,0,0,0,0,0,1,0
2023-10-09 02:00:00,0,3,71,8,0,18.0,8.1,0.0,0,1,0,0,0,0,0,1,0
2023-10-09 18:00:00,2,19,447,5,0,18.0,8.1,0.0,0,1,0,0,0,0,0,1,0
2023-10-09 06:00:00,0,7,39,5,0,18.0,8.1,0.0,0,1,0,0,0,0,0,1,0
2023-10-11 12:00:00,13,13,760,3,0,12.0,7.3,0.0,0,0,0,0,0,0,1,1,0
2023-10-11 11:00:00,4,12,550,6,0,12.0,7.3,0.0,0,0,0,0,0,0,1,1,0
2023-10-09 05:00:00,1,6,12,5,0,18.0,8.1,0.0,0,1,0,0,0,0,0,1,0
2023-10-09 07:00:00,1,8,117,2,0,18.0,8.1,0.0,0,1,0,0,0,0,0,1,0
2023-10-09 01:00:00,0,2,80,21,0,18.0,8.1,0.0,0,1,0,0,0,0,0,1,0
2023-10-09 23:00:00,0,0,122,14,0,18.0,8.1,0.0,0,1,0,0,0,0,0,1,0
2023-10-09 04:00:00,0,5,14,4,0,18.0,8.1,0.0,0,1,0,0,0,0,0,1,0
2023-10-11 07:00:00,4,8,121,6,0,12.0,7.3,0.0,0,0,0,0,0,0,1,1,0
2023-10-11 14:00:00,4,15,846,4,0,12.0,7.3,0.0,0,0,0,0,0,0,1,1,0
2023-10-11 18:00:00,12,19,571,4,0,12.0,7.3,0.0,0,0,0,0,0,0,1,1,0
2023-10-11 17:00:00,11,18,698,8,0,12.0,7.3,0.0,0,0,0,0,0,0,1,1,0
2023-10-09 03:00:00,0,4,18,0,0,18.0,8.1,0.0,0,1,0,0,0,0,0,1,0
2023-10-11 19:00:00,3,20,438,6,0,12.0,7.3,0.0,0,0,0,0,0,0,1,1,0
2023-10-10 09:00:00,8,10,333,18,0,13.1,12.8,0.0,0,0,0,0,0,1,0,1,0
2023-10-10 12:00:00,8,13,873,6,0,13.1,12.8,0.0,0,0,0,0,0,1,0,1,0
2023-10-10 03:00:00,8,4,10,3,0,13.1,12.8,0.0,0,0,0,0,0,1,0,1,0
2023-10-10 14:00:00,7,15,792,9,0,13.1,12.8,0.0,0,0,0,0,0,1,0,1,0
2023-10-10 08:00:00,6,9,326,103,0,13.1,12.8,0.0,0,0,0,0,0,1,0,1,0
2023-10-11 09:00:00,8,10,375,10,0,12.0,7.3,0.0,0,0,0,0,0,0,1,1,0
2023-10-11 16:00:00,8,17,980,6,0,12.0,7.3,0.0,0,0,0,0,0,0,1,1,0
2023-10-11 13:00:00,7,14,898,6,0,12.0,7.3,0.0,0,0,0,0,0,0,1,1,0
2023-10-11 15:00:00,7,16,757,4,0,12.0,7.3,0.0,0,0,0,0,0,0,1,1,0
2023-10-11 21:00:00,2,22,252,5,0,12.0,7.3,0.0,0,0,0,0,0,0,1,1,0
2023-10-11 01:00:00,2,2,91,4,0,12.0,7.3,0.0,0,0,0,0,0,0,1,1,0
2023-10-13 09:00:00,9,10,553,150,0,10.8,5.5,0.0,1,0,0,0,0,0,0,1,0
2023-10-13 16:00:00,9,17,718,146,0,10.8,5.5,0.0,1,0,0,0,0,0,0,1,0
2023-10-13 07:00:00,7,8,224,112,0,10.8,5.5,0.0,1,0,0,0,0,0,0,1,0
2023-10-12 20:00:00,1,21,302,18,0,13.2,2.8,0.1,0,0,0,0,1,0,0,1,0
2023-10-13 19:00:00,7,20,518,67,0,10.8,5.5,0.0,1,0,0,0,0,0,0,1,0
2023-10-13 00:00:00,7,1,156,62,0,10.8,5.5,0.0,1,0,0,0,0,0,0,1,0
2023-10-12 21:00:00,1,22,401,6,0,13.2,2.8,0.1,0,0,0,0,1,0,0,1,0
2023-10-13 13:00:00,7,14,995,49,0,10.8,5.5,0.0,1,0,0,0,0,0,0,1,0
2023-10-12 22:00:00,6,23,368,56,0,13.2,2.8,0.1,0,0,0,0,1,0,0,1,0
2023-10-12 07:00:00,1,8,111,5,0,13.2,2.8,0.1,0,0,0,0,1,0,0,1,0
2023-10-13 14:00:00,7,15,1140,41,0,10.8,5.5,0.0,1,0,0,0,0,0,0,1,0
2023-10-13 17:00:00,6,18,500,183,0,10.8,5.5,0.0,1,0,0,0,0,0,0,1,0
2023-10-13 11:00:00,6,12,796,121,0,10.8,5.5,0.0,1,0,0,0,0,0,0,1,0
2023-10-12 04:00:00,1,5,33,4,0,13.2,2.8,0.1,0,0,0,0,1,0,0,1,0
2023-10-12 03:00:00,1,4,19,0,0,13.2,2.8,0.1,0,0,0,0,1,0,0,1,0
2023-10-13 20:00:00,23,21,588,197,0,10.8,5.5,0.0,1,0,0,0,0,0,0,1,0
2023-10-13 21:00:00,23,22,582,171,0,10.8,5.5,0.0,1,0,0,0,0,0,0,1,0
2023-10-11 20:00:00,1,21,322,13,0,12.0,7.3,0.0,0,0,0,0,0,0,1,1,0
2023-10-13 12:00:00,4,13,1042,132,0,10.8,5.5,0.0,1,0,0,0,0,0,0,1,0
2023-10-11 10:00:00,1,11,572,5,0,12.0,7.3,0.0,0,0,0,0,0,0,1,1,0
2023-10-11 06:00:00,1,7,40,1,0,12.0,7.3,0.0,0,0,0,0,0,0,1,1,0
2023-10-11 23:00:00,0,0,214,7,0,12.0,7.3,0.0,0,0,0,0,0,0,1,1,0
2023-10-11 00:00:00,0,1,178,7,0,12.0,7.3,0.0,0,0,0,0,0,0,1,1,0
2023-10-11 22:00:00,0,23,184,6,0,12.0,7.3,0.0,0,0,0,0,0,0,1,1,0
2023-10-11 02:00:00,0,3,51,6,0,12.0,7.3,0.0,0,0,0,0,0,0,1,1,0
2023-10-11 04:00:00,0,5,28,2,0,12.0,7.3,0.0,0,0,0,0,0,0,1,1,0
2023-10-11 03:00:00,0,4,7,2,0,12.0,7.3,0.0,0,0,0,0,0,0,1,1,0
2023-10-11 05:00:00,0,6,15,0,0,12.0,7.3,0.0,0,0,0,0,0,0,1,1,0
2023-10-13 06:00:00,4,7,72,47,0,10.8,5.5,0.0,1,0,0,0,0,0,0,1,0
2023-10-12 19:00:00,5,20,380,20,0,13.2,2.8,0.1,0,0,0,0,1,0,0,1,0
2023-10-12 18:00:00,5,19,501,18,0,13.2,2.8,0.1,0,0,0,0,1,0,0,1,0
2023-10-12 10:00:00,5,11,553,9,0,13.2,2.8,0.1,0,0,0,0,1,0,0,1,0
2023-10-12 13:00:00,5,14,865,8,0,13.2,2.8,0.1,0,0,0,0,1,0,0,1,0
2023-10-12 09:00:00,3,10,403,12,0,13.2,2.8,0.1,0,0,0,0,1,0,0,1,0
2023-10-12 06:00:00,2,7,40,1,0,13.2,2.8,0.1,0,0,0,0,1,0,0,1,0
2023-10-12 01:00:00,0,2,131,14,0,13.2,2.8,0.1,0,0,0,0,1,0,0,1,0
2023-10-12 00:00:00,0,1,192,8,0,13.2,2.8,0.1,0,0,0,0,1,0,0,1,0
2023-10-12 02:00:00,0,3,104,4,0,13.2,2.8,0.1,0,0,0,0,1,0,0,1,0
2023-10-12 05:00:00,0,6,13,1,0,13.2,2.8,0.1,0,0,0,0,1,0,0,1,0
2023-10-13 10:00:00,3,11,663,121,0,10.8,5.5,0.0,1,0,0,0,0,0,0,1,0
2023-10-13 01:00:00,3,2,76,50,0,10.8,5.5,0.0,1,0,0,0,0,0,0,1,0
2023-10-13 02:00:00,3,3,75,35,0,10.8,5.5,0.0,1,0,0,0,0,0,0,1,0
2023-10-13 18:00:00,3,19,686,12,0,10.8,5.5,0.0,1,0,0,0,0,0,0,1,0
2023-10-13 05:00:00,2,6,41,34,0,10.8,5.5,0.0,1,0,0,0,0,0,0,1,0
2023-10-13 22:00:00,17,23,453,185,0,10.8,5.5,0.0,1,0,0,0,0,0,0,1,0
2023-10-13 23:00:00,15,0,276,178,0,10.8,5.5,0.0,1,0,0,0,0,0,0,1,0
2023-10-13 08:00:00,14,9,603,140,0,10.8,5.5,0.0,1,0,0,0,0,0,0,1,0
2023-10-12 23:00:00,10,0,178,81,0,13.2,2.8,0.1,0,0,0,0,1,0,0,1,0
2023-10-13 15:00:00,14,16,1029,18,0,10.8,5.5,0.0,1,0,0,0,0,0,0,1,0
2023-10-12 12:00:00,9,13,823,13,0,13.2,2.8,0.1,0,0,0,0,1,0,0,1,0
2023-10-12 11:00:00,9,12,548,4,0,13.2,2.8,0.1,0,0,0,0,1,0,0,1,0
2023-10-12 14:00:00,8,15,907,15,0,13.2,2.8,0.1,0,0,0,0,1,0,0,1,0
2023-10-12 08:00:00,8,9,352,12,0,13.2,2.8,0.1,0,0,0,0,1,0,0,1,0
2023-10-12 17:00:00,8,18,648,9,0,13.2,2.8,0.1,0,0,0,0,1,0,0,1,0
2023-10-12 15:00:00,8,16,688,7,0,13.2,2.8,0.1,0,0,0,0,1,0,0,1,0
2023-10-12 16:00:00,7,17,785,11,0,13.2,2.8,0.1,0,0,0,0,1,0,0,1,0
2023-10-14 02:00:00,0,3,149,4,0,11.7,2.6,0.0,0,0,1,0,0,0,0,1,0
2023-10-14 03:00:00,0,4,41,4,0,11.7,2.6,0.0,0,0,1,0,0,0,0,1,0
2023-10-14 06:00:00,0,7,37,3,0,11.7,2.6,0.0,0,0,1,0,0,0,0,1,0
2023-10-14 04:00:00,0,5,22,3,0,11.7,2.6,0.0,0,0,1,0,0,0,0,1,0
2023-10-14 05:00:00,0,6,28,1,0,11.7,2.6,0.0,0,0,1,0,0,0,0,1,0
2023-10-14 21:00:00,3,22,491,202,0,11.7,2.6,0.0,0,0,1,0,0,0,0,1,0
2023-10-14 00:00:00,13,1,311,118,0,11.7,2.6,0.0,0,0,1,0,0,0,0,1,0
2023-10-14 17:00:00,11,18,1071,4,0,11.7,2.6,0.0,0,0,1,0,0,0,0,1,0
2023-10-14 13:00:00,10,14,1170,3,0,11.7,2.6,0.0,0,0,1,0,0,0,0,1,0
2023-10-14 10:00:00,9,11,711,2,0,11.7,2.6,0.0,0,0,1,0,0,0,0,1,0
2023-10-15 22:00:00,6,23,393,122,0,11.5,1.1,0.2,0,0,0,1,0,0,0,1,0
2023-10-14 14:00:00,3,15,1184,7,0,11.7,2.6,0.0,0,0,1,0,0,0,0,1,0
2023-10-14 08:00:00,3,9,186,4,0,11.7,2.6,0.0,0,0,1,0,0,0,0,1,0
2023-10-14 22:00:00,2,23,474,201,0,11.7,2.6,0.0,0,0,1,0,0,0,0,1,0
2023-10-14 16:00:00,2,17,1267,5,0,11.7,2.6,0.0,0,0,1,0,0,0,0,1,0
2023-10-14 23:00:00,1,0,298,125,0,11.7,2.6,0.0,0,0,1,0,0,0,0,1,0
2023-10-14 18:00:00,1,19,836,26,0,11.7,2.6,0.0,0,0,1,0,0,0,0,1,0
2023-10-14 19:00:00,1,20,751,19,0,11.7,2.6,0.0,0,0,1,0,0,0,0,1,0
2023-10-15 19:00:00,5,20,364,12,0,11.5,1.1,0.2,0,0,0,1,0,0,0,1,0
2023-10-15 14:00:00,4,15,867,5,0,11.5,1.1,0.2,0,0,0,1,0,0,0,1,0
2023-10-15 09:00:00,4,10,183,4,0,11.5,1.1,0.2,0,0,0,1,0,0,0,1,0
2023-10-15 11:00:00,11,12,676,5,0,11.5,1.1,0.2,0,0,0,1,0,0,0,1,0
2023-10-15 16:00:00,7,17,795,15,0,11.5,1.1,0.2,0,0,0,1,0,0,0,1,0
2023-10-15 13:00:00,3,14,765,7,0,11.5,1.1,0.2,0,0,0,1,0,0,0,1,0
2023-10-15 15:00:00,3,16,727,7,0,11.5,1.1,0.2,0,0,0,1,0,0,0,1,0
2023-10-13 04:00:00,0,5,19,31,0,10.8,5.5,0.0,1,0,0,0,0,0,0,1,0
2023-10-15 07:00:00,3,8,35,7,0,11.5,1.1,0.2,0,0,0,1,0,0,0,1,0
2023-10-13 03:00:00,0,4,41,22,0,10.8,5.5,0.0,1,0,0,0,0,0,0,1,0
2023-10-15 21:00:00,2,22,349,34,0,11.5,1.1,0.2,0,0,0,1,0,0,0,1,0
2023-10-15 10:00:00,2,11,477,13,0,11.5,1.1,0.2,0,0,0,1,0,0,0,1,0
2023-10-15 12:00:00,2,13,635,10,0,11.5,1.1,0.2,0,0,0,1,0,0,0,1,0
2023-10-15 08:00:00,2,9,66,5,0,11.5,1.1,0.2,0,0,0,1,0,0,0,1,0
2023-10-14 15:00:00,8,16,1317,7,0,11.7,2.6,0.0,0,0,1,0,0,0,0,1,0
2023-10-14 07:00:00,7,8,57,5,0,11.7,2.6,0.0,0,0,1,0,0,0,0,1,0
2023-10-14 11:00:00,6,12,860,5,0,11.7,2.6,0.0,0,0,1,0,0,0,0,1,0
2023-10-15 23:00:00,1,0,214,63,0,11.5,1.1,0.2,0,0,0,1,0,0,0,1,0
2023-10-15 01:00:00,1,2,186,55,0,11.5,1.1,0.2,0,0,0,1,0,0,0,1,0
2023-10-15 20:00:00,1,21,356,16,0,11.5,1.1,0.2,0,0,0,1,0,0,0,1,0
2023-10-15 17:00:00,1,18,600,10,0,11.5,1.1,0.2,0,0,0,1,0,0,0,1,0
2023-10-15 18:00:00,1,19,409,10,0,11.5,1.1,0.2,0,0,0,1,0,0,0,1,0
2023-10-15 00:00:00,0,1,220,75,0,11.5,1.1,0.2,0,0,0,1,0,0,0,1,0
2023-10-15 02:00:00,0,3,131,49,0,11.5,1.1,0.2,0,0,0,1,0,0,0,1,0
2023-10-15 04:00:00,0,5,15,35,0,11.5,1.1,0.2,0,0,0,1,0,0,0,1,0
2023-10-14 09:00:00,5,10,493,10,0,11.7,2.6,0.0,0,0,1,0,0,0,0,1,0
2023-10-14 01:00:00,4,2,162,38,0,11.7,2.6,0.0,0,0,1,0,0,0,0,1,0
2023-10-14 20:00:00,4,21,642,28,0,11.7,2.6,0.0,0,0,1,0,0,0,0,1,0
2023-10-14 12:00:00,4,13,1065,7,0,11.7,2.6,0.0,0,0,1,0,0,0,0,1,0
2023-10-16 00:00:00,1,1,170,11,0,11.7,1.8,0.0,0,1,0,0,0,0,0,1,0
2023-10-16 23:00:00,1,0,95,9,0,11.7,1.8,0.0,0,1,0,0,0,0,0,1,0
2023-10-16 16:00:00,1,17,801,5,0,11.7,1.8,0.0,0,1,0,0,0,0,0,1,0
2023-10-16 01:00:00,0,2,84,29,0,11.7,1.8,0.0,0,1,0,0,0,0,0,1,0
2023-10-16 22:00:00,0,23,164,12,0,11.7,1.8,0.0,0,1,0,0,0,0,0,1,0
2023-10-16 02:00:00,0,3,45,5,0,11.7,1.8,0.0,0,1,0,0,0,0,0,1,0
2023-10-16 06:00:00,0,7,48,2,0,11.7,1.8,0.0,0,1,0,0,0,0,0,1,0
2023-10-16 05:00:00,0,6,6,2,0,11.7,1.8,0.0,0,1,0,0,0,0,0,1,0
2023-10-16 03:00:00,0,4,20,1,0,11.7,1.8,0.0,0,1,0,0,0,0,0,1,0
2023-10-17 06:00:00,1,7,32,1,0,12.9,-0.5,0.0,0,0,0,0,0,1,0,1,0
2023-10-17 16:00:00,11,17,792,10,0,12.9,-0.5,0.0,0,0,0,0,0,1,0,1,0
2023-10-17 17:00:00,11,18,683,10,0,12.9,-0.5,0.0,0,0,0,0,0,1,0,1,0
2023-10-17 14:00:00,11,15,759,9,0,12.9,-0.5,0.0,0,0,0,0,0,1,0,1,0
2023-10-17 08:00:00,10,9,412,5,0,12.9,-0.5,0.0,0,0,0,0,0,1,0,1,0
2023-10-17 12:00:00,10,13,811,3,0,12.9,-0.5,0.0,0,0,0,0,0,1,0,1,0
2023-10-15 03:00:00,0,4,20,21,0,11.5,1.1,0.2,0,0,0,1,0,0,0,1,0
2023-10-15 05:00:00,0,6,8,12,0,11.5,1.1,0.2,0,0,0,1,0,0,0,1,0
2023-10-15 06:00:00,0,7,6,10,0,11.5,1.1,0.2,0,0,0,1,0,0,0,1,0
2023-10-16 04:00:00,0,5,17,0,0,11.7,1.8,0.0,0,1,0,0,0,0,0,1,0
2023-10-17 09:00:00,5,10,401,11,0,12.9,-0.5,0.0,0,0,0,0,0,1,0,1,0
2023-10-16 17:00:00,16,18,803,10,0,11.7,1.8,0.0,0,1,0,0,0,0,0,1,0
2023-10-16 09:00:00,8,10,438,15,0,11.7,1.8,0.0,0,1,0,0,0,0,0,1,0
2023-10-16 15:00:00,8,16,664,4,0,11.7,1.8,0.0,0,1,0,0,0,0,0,1,0
2023-10-16 18:00:00,7,19,587,34,0,11.7,1.8,0.0,0,1,0,0,0,0,0,1,0
2023-10-16 10:00:00,7,11,531,19,0,11.7,1.8,0.0,0,1,0,0,0,0,0,1,0
2023-10-16 13:00:00,7,14,956,7,0,11.7,1.8,0.0,0,1,0,0,0,0,0,1,0
2023-10-16 07:00:00,7,8,107,4,0,11.7,1.8,0.0,0,1,0,0,0,0,0,1,0
2023-10-16 12:00:00,6,13,918,9,0,11.7,1.8,0.0,0,1,0,0,0,0,0,1,0
2023-10-17 07:00:00,5,8,124,11,0,12.9,-0.5,0.0,0,0,0,0,0,1,0,1,0
2023-10-17 02:00:00,0,3,14,26,0,12.9,-0.5,0.0,0,0,0,0,0,1,0,1,0
2023-10-17 13:00:00,4,14,908,6,0,12.9,-0.5,0.0,0,0,0,0,0,1,0,1,0
2023-10-17 15:00:00,4,16,716,4,0,12.9,-0.5,0.0,0,0,0,0,0,1,0,1,0
2023-10-17 18:00:00,3,19,557,12,0,12.9,-0.5,0.0,0,0,0,0,0,1,0,1,0
2023-10-17 01:00:00,2,2,74,34,0,12.9,-0.5,0.0,0,0,0,0,0,1,0,1,0
2023-10-17 22:00:00,2,23,191,11,0,12.9,-0.5,0.0,0,0,0,0,0,1,0,1,0
2023-10-17 10:00:00,2,11,551,8,0,12.9,-0.5,0.0,0,0,0,0,0,1,0,1,0
2023-10-17 21:00:00,1,22,232,14,0,12.9,-0.5,0.0,0,0,0,0,0,1,0,1,0
2023-10-17 00:00:00,1,1,142,13,0,12.9,-0.5,0.0,0,0,0,0,0,1,0,1,0
2023-10-17 19:00:00,1,20,359,12,0,12.9,-0.5,0.0,0,0,0,0,0,1,0,1,0
2023-10-17 11:00:00,1,12,510,7,0,12.9,-0.5,0.0,0,0,0,0,0,1,0,1,0
2023-10-17 23:00:00,1,0,127,4,0,12.9,-0.5,0.0,0,0,0,0,0,1,0,1,0
2023-10-17 03:00:00,0,4,6,22,0,12.9,-0.5,0.0,0,0,0,0,0,1,0,1,0
2023-10-17 04:00:00,0,5,18,21,0,12.9,-0.5,0.0,0,0,0,0,0,1,0,1,0
2023-10-17 20:00:00,0,21,266,18,0,12.9,-0.5,0.0,0,0,0,0,0,1,0,1,0
2023-10-17 05:00:00,0,6,21,5,0,12.9,-0.5,0.0,0,0,0,0,0,1,0,1,0
2023-10-16 08:00:00,5,9,306,10,0,11.7,1.8,0.0,0,1,0,0,0,0,0,1,0
2023-10-16 11:00:00,5,12,651,3,0,11.7,1.8,0.0,0,1,0,0,0,0,0,1,0
2023-10-16 20:00:00,4,21,268,12,0,11.7,1.8,0.0,0,1,0,0,0,0,0,1,0
2023-10-16 19:00:00,3,20,398,35,0,11.7,1.8,0.0,0,1,0,0,0,0,0,1,0
2023-10-16 21:00:00,3,22,326,20,0,11.7,1.8,0.0,0,1,0,0,0,0,0,1,0
2023-10-16 14:00:00,3,15,775,0,0,11.7,1.8,0.0,0,1,0,0,0,0,0,1,0
2023-10-18 22:00:00,4,23,190,8,0,11.7,4.0,15.5,0,0,0,0,0,0,1,1,0
2023-10-18 13:00:00,3,14,996,19,0,11.7,4.0,15.5,0,0,0,0,0,0,1,1,0
2023-10-19 01:00:00,4,2,86,31,0,9.1,9.6,89.1,0,0,0,0,1,0,0,1,0
2023-10-19 10:00:00,0,11,248,23,0,9.1,9.6,89.1,0,0,0,0,1,0,0,1,0
2023-10-19 09:00:00,0,10,142,11,0,9.1,9.6,89.1,0,0,0,0,1,0,0,1,0
2023-10-19 11:00:00,0,12,85,10,0,9.1,9.6,89.1,0,0,0,0,1,0,0,1,0
2023-10-19 22:00:00,0,23,58,8,0,9.1,9.6,89.1,0,0,0,0,1,0,0,1,0
2023-10-19 07:00:00,0,8,20,8,0,9.1,9.6,89.1,0,0,0,0,1,0,0,1,0
2023-10-19 17:00:00,0,18,10,7,0,9.1,9.6,89.1,0,0,0,0,1,0,0,1,0
2023-10-18 19:00:00,3,20,405,11,0,11.7,4.0,15.5,0,0,0,0,0,0,1,1,0
2023-10-18 01:00:00,3,2,58,3,0,11.7,4.0,15.5,0,0,0,0,0,0,1,1,0
2023-10-18 11:00:00,2,12,772,13,0,11.7,4.0,15.5,0,0,0,0,0,0,1,1,0
2023-10-18 09:00:00,2,10,454,12,0,11.7,4.0,15.5,0,0,0,0,0,0,1,1,0
2023-10-18 23:00:00,1,0,154,72,0,11.7,4.0,15.5,0,0,0,0,0,0,1,1,0
2023-10-18 21:00:00,1,22,238,9,0,11.7,4.0,15.5,0,0,0,0,0,0,1,1,0
2023-10-18 05:00:00,1,6,11,2,0,11.7,4.0,15.5,0,0,0,0,0,0,1,1,0
2023-10-18 00:00:00,0,1,114,11,0,11.7,4.0,15.5,0,0,0,0,0,0,1,1,0
2023-10-18 06:00:00,0,7,37,3,0,11.7,4.0,15.5,0,0,0,0,0,0,1,1,0
2023-10-18 04:00:00,0,5,38,2,0,11.7,4.0,15.5,0,0,0,0,0,0,1,1,0
2023-10-18 02:00:00,0,3,27,1,0,11.7,4.0,15.5,0,0,0,0,0,0,1,1,0
2023-10-18 03:00:00,0,4,5,0,0,11.7,4.0,15.5,0,0,0,0,0,0,1,1,0
2023-10-18 12:00:00,12,13,825,14,0,11.7,4.0,15.5,0,0,0,0,0,0,1,1,0
2023-10-18 10:00:00,10,11,565,18,0,11.7,4.0,15.5,0,0,0,0,0,0,1,1,0
2023-10-18 14:00:00,9,15,836,7,0,11.7,4.0,15.5,0,0,0,0,0,0,1,1,0
2023-10-18 16:00:00,7,17,899,14,0,11.7,4.0,15.5,0,0,0,0,0,0,1,1,0
2023-10-18 17:00:00,7,18,705,5,0,11.7,4.0,15.5,0,0,0,0,0,0,1,1,0
2023-10-18 08:00:00,6,9,388,12,0,11.7,4.0,15.5,0,0,0,0,0,0,1,1,0
2023-10-18 07:00:00,6,8,114,11,0,11.7,4.0,15.5,0,0,0,0,0,0,1,1,0
2023-10-18 15:00:00,6,16,912,10,0,11.7,4.0,15.5,0,0,0,0,0,0,1,1,0
2023-10-18 18:00:00,6,19,567,9,0,11.7,4.0,15.5,0,0,0,0,0,0,1,1,0
2023-10-18 20:00:00,5,21,281,17,0,11.7,4.0,15.5,0,0,0,0,0,0,1,1,0
2023-10-19 04:00:00,0,5,14,4,0,9.1,9.6,89.1,0,0,0,0,1,0,0,1,0
2023-10-19 06:00:00,0,7,20,2,0,9.1,9.6,89.1,0,0,0,0,1,0,0,1,0
2023-10-19 18:00:00,0,19,11,2,0,9.1,9.6,89.1,0,0,0,0,1,0,0,1,0
2023-10-19 16:00:00,0,17,9,2,0,9.1,9.6,89.1,0,0,0,0,1,0,0,1,0
2023-10-19 21:00:00,0,22,7,2,0,9.1,9.6,89.1,0,0,0,0,1,0,0,1,0
2023-10-19 02:00:00,0,3,69,1,0,9.1,9.6,89.1,0,0,0,0,1,0,0,1,0
2023-10-19 20:00:00,0,21,11,1,0,9.1,9.6,89.1,0,0,0,0,1,0,0,1,0
2023-10-19 14:00:00,0,15,8,1,0,9.1,9.6,89.1,0,0,0,0,1,0,0,1,0
2023-10-19 19:00:00,0,20,2,1,0,9.1,9.6,89.1,0,0,0,0,1,0,0,1,0
2023-10-19 03:00:00,0,4,25,0,0,9.1,9.6,89.1,0,0,0,0,1,0,0,1,0
2023-10-19 12:00:00,0,13,9,0,0,9.1,9.6,89.1,0,0,0,0,1,0,0,1,0
2023-10-19 13:00:00,0,14,3,0,0,9.1,9.6,89.1,0,0,0,0,1,0,0,1,0
2023-10-19 00:00:00,2,1,172,32,0,9.1,9.6,89.1,0,0,0,0,1,0,0,1,0
2023-10-19 08:00:00,1,9,131,18,0,9.1,9.6,89.1,0,0,0,0,1,0,0,1,0
2023-10-19 05:00:00,1,6,13,1,0,9.1,9.6,89.1,0,0,0,0,1,0,0,1,0
2023-10-20 05:00:00,0,6,2,32,0,9.6,7.3,23.4,1,0,0,0,0,0,0,1,0
2023-10-20 06:00:00,0,7,2,22,0,9.6,7.3,23.4,1,0,0,0,0,0,0,1,0
2023-10-20 02:00:00,0,3,3,6,0,9.6,7.3,23.4,1,0,0,0,0,0,0,1,0
2023-10-20 00:00:00,0,1,24,2,0,9.6,7.3,23.4,1,0,0,0,0,0,0,1,0
2023-10-20 03:00:00,0,4,0,1,0,9.6,7.3,23.4,1,0,0,0,0,0,0,1,0
2023-10-20 04:00:00,0,5,0,1,0,9.6,7.3,23.4,1,0,0,0,0,0,0,1,0
2023-10-20 01:00:00,0,2,11,0,0,9.6,7.3,23.4,1,0,0,0,0,0,0,1,0
2023-10-23 17:00:00,11,18,568,6,0,11.1,-1.0,4.5,0,1,0,0,0,0,0,1,0
2023-10-23 13:00:00,8,14,642,11,0,11.1,-1.0,4.5,0,1,0,0,0,0,0,1,0
2023-10-24 17:00:00,13,18,655,152,0,9.9,3.2,0.9,0,0,0,0,0,1,0,1,0
2023-10-24 12:00:00,12,13,849,82,0,9.9,3.2,0.9,0,0,0,0,0,1,0,1,0
2023-10-24 18:00:00,11,19,479,76,0,9.9,3.2,0.9,0,0,0,0,0,1,0,1,0
2023-10-24 10:00:00,6,11,590,20,0,9.9,3.2,0.9,0,0,0,0,0,1,0,1,0
2023-10-24 15:00:00,6,16,728,9,0,9.9,3.2,0.9,0,0,0,0,0,1,0,1,0
2023-10-24 20:00:00,5,21,282,27,0,9.9,3.2,0.9,0,0,0,0,0,1,0,1,0
2023-10-24 09:00:00,5,10,433,23,0,9.9,3.2,0.9,0,0,0,0,0,1,0,1,0
2023-10-24 16:00:00,4,17,734,8,0,9.9,3.2,0.9,0,0,0,0,0,1,0,1,0
2023-10-24 21:00:00,3,22,158,36,0,9.9,3.2,0.9,0,0,0,0,0,1,0,1,0
2023-10-24 14:00:00,3,15,740,9,0,9.9,3.2,0.9,0,0,0,0,0,1,0,1,0
2023-10-24 19:00:00,2,20,278,43,0,9.9,3.2,0.9,0,0,0,0,0,1,0,1,0
2023-10-24 22:00:00,2,23,198,15,0,9.9,3.2,0.9,0,0,0,0,0,1,0,1,0
2023-10-24 08:00:00,2,9,404,11,0,9.9,3.2,0.9,0,0,0,0,0,1,0,1,0
2023-10-24 13:00:00,2,14,799,2,0,9.9,3.2,0.9,0,0,0,0,0,1,0,1,0
2023-10-24 23:00:00,1,0,156,11,0,9.9,3.2,0.9,0,0,0,0,0,1,0,1,0
2023-10-24 06:00:00,1,7,30,2,0,9.9,3.2,0.9,0,0,0,0,0,1,0,1,0
2023-10-24 05:00:00,1,6,6,2,0,9.9,3.2,0.9,0,0,0,0,0,1,0,1,0
2023-10-23 22:00:00,0,23,158,13,0,11.1,-1.0,4.5,0,1,0,0,0,0,0,1,0
2023-10-23 23:00:00,0,0,82,10,0,11.1,-1.0,4.5,0,1,0,0,0,0,0,1,0
2023-10-23 12:00:00,0,13,133,0,0,11.1,-1.0,4.5,0,1,0,0,0,0,0,1,0
2023-10-24 11:00:00,0,12,539,44,0,9.9,3.2,0.9,0,0,0,0,0,1,0,1,0
2023-10-24 07:00:00,0,8,150,9,0,9.9,3.2,0.9,0,0,0,0,0,1,0,1,0
2023-10-24 00:00:00,0,1,98,7,0,9.9,3.2,0.9,0,0,0,0,0,1,0,1,0
2023-10-24 02:00:00,0,3,27,6,0,9.9,3.2,0.9,0,0,0,0,0,1,0,1,0
2023-10-24 01:00:00,0,2,50,2,0,9.9,3.2,0.9,0,0,0,0,0,1,0,1,0
2023-10-24 04:00:00,0,5,4,1,0,9.9,3.2,0.9,0,0,0,0,0,1,0,1,0
2023-10-24 03:00:00,0,4,7,0,0,9.9,3.2,0.9,0,0,0,0,0,1,0,1,0
2023-10-23 14:00:00,6,15,614,11,0,11.1,-1.0,4.5,0,1,0,0,0,0,0,1,0
2023-10-23 16:00:00,4,17,574,13,0,11.1,-1.0,4.5,0,1,0,0,0,0,0,1,0
2023-10-23 18:00:00,4,19,372,13,0,11.1,-1.0,4.5,0,1,0,0,0,0,0,1,0
2023-10-23 20:00:00,3,21,207,9,0,11.1,-1.0,4.5,0,1,0,0,0,0,0,1,0
2023-10-23 21:00:00,2,22,153,5,0,11.1,-1.0,4.5,0,1,0,0,0,0,0,1,0
2023-10-23 15:00:00,1,16,596,13,0,11.1,-1.0,4.5,0,1,0,0,0,0,0,1,0
2023-10-23 19:00:00,1,20,227,11,0,11.1,-1.0,4.5,0,1,0,0,0,0,0,1,0
2023-10-25 21:00:00,1,22,149,13,0,11.2,4.9,2.1,0,0,0,0,0,0,1,1,0
2023-10-25 00:00:00,1,1,111,8,0,11.2,4.9,2.1,0,0,0,0,0,0,1,1,0
2023-10-25 06:00:00,1,7,26,3,0,11.2,4.9,2.1,0,0,0,0,0,0,1,1,0
2023-10-25 05:00:00,1,6,15,2,0,11.2,4.9,2.1,0,0,0,0,0,0,1,1,0
2023-10-25 18:00:00,0,19,376,21,0,11.2,4.9,2.1,0,0,0,0,0,0,1,1,0
2023-10-26 00:00:00,0,1,167,6,0,10.9,5.9,29.4,0,0,0,0,1,0,0,1,0
2023-10-26 03:00:00,0,4,21,5,0,10.9,5.9,29.4,0,0,0,0,1,0,0,1,0
2023-10-26 07:00:00,0,8,164,4,0,10.9,5.9,29.4,0,0,0,0,1,0,0,1,0
2023-10-26 01:00:00,0,2,74,4,0,10.9,5.9,29.4,0,0,0,0,1,0,0,1,0
2023-10-26 04:00:00,0,5,5,1,0,10.9,5.9,29.4,0,0,0,0,1,0,0,1,0
2023-10-26 16:00:00,4,17,733,17,0,10.9,5.9,29.4,0,0,0,0,1,0,0,1,0
2023-10-26 10:00:00,3,11,460,50,0,10.9,5.9,29.4,0,0,0,0,1,0,0,1,0
2023-10-26 11:00:00,3,12,667,18,0,10.9,5.9,29.4,0,0,0,0,1,0,0,1,0
2023-10-26 18:00:00,2,19,233,31,0,10.9,5.9,29.4,0,0,0,0,1,0,0,1,0
2023-10-26 13:00:00,2,14,859,14,0,10.9,5.9,29.4,0,0,0,0,1,0,0,1,0
2023-10-26 15:00:00,2,16,549,13,0,10.9,5.9,29.4,0,0,0,0,1,0,0,1,0
2023-10-26 08:00:00,2,9,424,11,0,10.9,5.9,29.4,0,0,0,0,1,0,0,1,0
2023-10-26 12:00:00,2,13,809,8,0,10.9,5.9,29.4,0,0,0,0,1,0,0,1,0
2023-10-26 06:00:00,2,7,44,3,0,10.9,5.9,29.4,0,0,0,0,1,0,0,1,0
2023-10-26 14:00:00,5,15,666,12,0,10.9,5.9,29.4,0,0,0,0,1,0,0,1,0
2023-10-26 09:00:00,4,10,436,79,0,10.9,5.9,29.4,0,0,0,0,1,0,0,1,0
2023-10-25 08:00:00,0,9,318,16,0,11.2,4.9,2.1,0,0,0,0,0,0,1,1,0
2023-10-25 22:00:00,0,23,137,14,0,11.2,4.9,2.1,0,0,0,0,0,0,1,1,0
2023-10-25 20:00:00,0,21,70,9,0,11.2,4.9,2.1,0,0,0,0,0,0,1,1,0
2023-10-25 02:00:00,0,3,43,7,0,11.2,4.9,2.1,0,0,0,0,0,0,1,1,0
2023-10-25 23:00:00,0,0,118,5,0,11.2,4.9,2.1,0,0,0,0,0,0,1,1,0
2023-10-25 01:00:00,0,2,77,5,0,11.2,4.9,2.1,0,0,0,0,0,0,1,1,0
2023-10-25 04:00:00,0,5,10,2,0,11.2,4.9,2.1,0,0,0,0,0,0,1,1,0
2023-10-25 03:00:00,0,4,9,0,0,11.2,4.9,2.1,0,0,0,0,0,0,1,1,0
2023-10-25 13:00:00,10,14,745,11,0,11.2,4.9,2.1,0,0,0,0,0,0,1,1,0
2023-10-25 10:00:00,7,11,384,21,0,11.2,4.9,2.1,0,0,0,0,0,0,1,1,0
2023-10-26 19:00:00,1,20,256,19,0,10.9,5.9,29.4,0,0,0,0,1,0,0,1,0
2023-10-26 20:00:00,1,21,190,17,0,10.9,5.9,29.4,0,0,0,0,1,0,0,1,0
2023-10-26 21:00:00,1,22,151,15,0,10.9,5.9,29.4,0,0,0,0,1,0,0,1,0
2023-10-26 22:00:00,1,23,168,9,0,10.9,5.9,29.4,0,0,0,0,1,0,0,1,0
2023-10-26 02:00:00,1,3,91,7,0,10.9,5.9,29.4,0,0,0,0,1,0,0,1,0
2023-10-26 05:00:00,1,6,18,1,0,10.9,5.9,29.4,0,0,0,0,1,0,0,1,0
2023-10-26 23:00:00,0,0,87,18,0,10.9,5.9,29.4,0,0,0,0,1,0,0,1,0
2023-10-26 17:00:00,0,18,41,9,0,10.9,5.9,29.4,0,0,0,0,1,0,0,1,0
2023-10-25 12:00:00,6,13,1044,10,0,11.2,4.9,2.1,0,0,0,0,0,0,1,1,0
2023-10-25 17:00:00,5,18,683,17,0,11.2,4.9,2.1,0,0,0,0,0,0,1,1,0
2023-10-25 14:00:00,4,15,517,14,0,11.2,4.9,2.1,0,0,0,0,0,0,1,1,0
2023-10-25 15:00:00,3,16,716,10,0,11.2,4.9,2.1,0,0,0,0,0,0,1,1,0
2023-10-25 11:00:00,3,12,444,9,0,11.2,4.9,2.1,0,0,0,0,0,0,1,1,0
2023-10-25 09:00:00,2,10,208,18,0,11.2,4.9,2.1,0,0,0,0,0,0,1,1,0
2023-10-25 19:00:00,2,20,150,10,0,11.2,4.9,2.1,0,0,0,0,0,0,1,1,0
2023-10-25 16:00:00,2,17,950,7,0,11.2,4.9,2.1,0,0,0,0,0,0,1,1,0
2023-10-25 07:00:00,2,8,118,6,0,11.2,4.9,2.1,0,0,0,0,0,0,1,1,0
2023-10-27 06:00:00,1,7,24,2,0,11.2,7.2,16.5,1,0,0,0,0,0,0,1,0
2023-10-27 05:00:00,1,6,21,0,0,11.2,7.2,16.5,1,0,0,0,0,0,0,1,0
2023-10-27 23:00:00,0,0,189,65,0,11.2,7.2,16.5,1,0,0,0,0,0,0,1,0
2023-10-27 20:00:00,0,21,218,17,0,11.2,7.2,16.5,1,0,0,0,0,0,0,1,0
2023-10-27 12:00:00,0,13,610,14,0,11.2,7.2,16.5,1,0,0,0,0,0,0,1,0
2023-10-27 01:00:00,0,2,69,12,0,11.2,7.2,16.5,1,0,0,0,0,0,0,1,0
2023-10-27 11:00:00,0,12,452,11,0,11.2,7.2,16.5,1,0,0,0,0,0,0,1,0
2023-10-27 07:00:00,0,8,118,7,0,11.2,7.2,16.5,1,0,0,0,0,0,0,1,0
2023-10-27 02:00:00,0,3,39,6,0,11.2,7.2,16.5,1,0,0,0,0,0,0,1,0
2023-10-27 03:00:00,0,4,10,3,0,11.2,7.2,16.5,1,0,0,0,0,0,0,1,0
2023-10-27 04:00:00,0,5,9,3,0,11.2,7.2,16.5,1,0,0,0,0,0,0,1,0
2023-10-28 18:00:00,2,19,723,17,0,11.6,9.0,7.9,0,0,1,0,0,0,0,1,0
2023-10-28 09:00:00,2,10,349,13,0,11.6,9.0,7.9,0,0,1,0,0,0,0,1,0
2023-10-28 20:00:00,2,21,415,10,0,11.6,9.0,7.9,0,0,1,0,0,0,0,1,0
2023-10-28 00:00:00,1,1,150,88,0,11.6,9.0,7.9,0,0,1,0,0,0,0,1,0
2023-10-28 02:00:00,1,3,43,46,0,11.6,9.0,7.9,0,0,1,0,0,0,0,1,0
2023-10-28 22:00:00,1,23,535,27,0,11.6,9.0,7.9,0,0,1,0,0,0,0,1,0
2023-10-28 16:00:00,1,17,1102,16,0,11.6,9.0,7.9,0,0,1,0,0,0,0,1,0
2023-10-28 17:00:00,1,18,968,16,0,11.6,9.0,7.9,0,0,1,0,0,0,0,1,0
2023-10-28 14:00:00,1,15,704,7,0,11.6,9.0,7.9,0,0,1,0,0,0,0,1,0
2023-10-28 07:00:00,1,8,54,4,0,11.6,9.0,7.9,0,0,1,0,0,0,0,1,0
2023-10-28 11:00:00,10,12,779,16,0,11.6,9.0,7.9,0,0,1,0,0,0,0,1,0
2023-10-28 15:00:00,5,16,1200,18,0,11.6,9.0,7.9,0,0,1,0,0,0,0,1,0
2023-10-28 12:00:00,4,13,950,8,0,11.6,9.0,7.9,0,0,1,0,0,0,0,1,0
2023-10-28 10:00:00,3,11,438,23,0,11.6,9.0,7.9,0,0,1,0,0,0,0,1,0
2023-10-28 08:00:00,3,9,174,16,0,11.6,9.0,7.9,0,0,1,0,0,0,0,1,0
2023-10-28 13:00:00,3,14,1083,15,0,11.6,9.0,7.9,0,0,1,0,0,0,0,1,0
2023-10-28 01:00:00,0,2,46,64,0,11.6,9.0,7.9,0,0,1,0,0,0,0,1,0
2023-10-28 04:00:00,0,5,13,30,0,11.6,9.0,7.9,0,0,1,0,0,0,0,1,0
2023-10-28 03:00:00,0,4,4,25,0,11.6,9.0,7.9,0,0,1,0,0,0,0,1,0
2023-10-28 23:00:00,0,0,362,21,0,11.6,9.0,7.9,0,0,1,0,0,0,0,1,0
2023-10-28 19:00:00,0,20,508,15,0,11.6,9.0,7.9,0,0,1,0,0,0,0,1,0
2023-10-28 21:00:00,0,22,507,14,0,11.6,9.0,7.9,0,0,1,0,0,0,0,1,0
2023-10-28 05:00:00,0,6,33,5,0,11.6,9.0,7.9,0,0,1,0,0,0,0,1,0
2023-10-28 06:00:00,0,7,16,4,0,11.6,9.0,7.9,0,0,1,0,0,0,0,1,0
2023-10-27 13:00:00,5,14,588,23,0,11.2,7.2,16.5,1,0,0,0,0,0,0,1,0
2023-10-27 10:00:00,5,11,442,23,0,11.2,7.2,16.5,1,0,0,0,0,0,0,1,0
2023-10-27 17:00:00,3,18,821,23,0,11.2,7.2,16.5,1,0,0,0,0,0,0,1,0
2023-10-27 16:00:00,3,17,755,18,0,11.2,7.2,16.5,1,0,0,0,0,0,0,1,0
2023-10-27 22:00:00,3,23,315,16,0,11.2,7.2,16.5,1,0,0,0,0,0,0,1,0
2023-10-27 14:00:00,3,15,789,14,0,11.2,7.2,16.5,1,0,0,0,0,0,0,1,0
2023-10-27 15:00:00,2,16,687,11,0,11.2,7.2,16.5,1,0,0,0,0,0,0,1,0
2023-10-27 08:00:00,2,9,331,11,0,11.2,7.2,16.5,1,0,0,0,0,0,0,1,0
2023-10-27 18:00:00,1,19,540,29,0,11.2,7.2,16.5,1,0,0,0,0,0,0,1,0
2023-10-27 19:00:00,1,20,286,25,0,11.2,7.2,16.5,1,0,0,0,0,0,0,1,0
2023-10-27 09:00:00,1,10,209,14,0,11.2,7.2,16.5,1,0,0,0,0,0,0,1,0
2023-10-27 21:00:00,1,22,290,10,0,11.2,7.2,16.5,1,0,0,0,0,0,0,1,0
2023-10-27 00:00:00,1,1,61,9,0,11.2,7.2,16.5,1,0,0,0,0,0,0,1,0
2023-10-30 09:00:00,3,10,551,22,0,9.6,5.6,0.0,0,1,0,0,0,0,0,0,1
2023-10-30 21:00:00,3,22,190,17,0,9.6,5.6,0.0,0,1,0,0,0,0,0,0,1
2023-10-30 07:00:00,3,8,153,15,0,9.6,5.6,0.0,0,1,0,0,0,0,0,0,1
2023-10-30 02:00:00,2,3,58,8,0,9.6,5.6,0.0,0,1,0,0,0,0,0,0,1
2023-10-30 01:00:00,2,2,171,6,0,9.6,5.6,0.0,0,1,0,0,0,0,0,0,1
2023-10-30 20:00:00,1,21,273,17,0,9.6,5.6,0.0,0,1,0,0,0,0,0,0,1
2023-10-30 19:00:00,1,20,308,16,0,9.6,5.6,0.0,0,1,0,0,0,0,0,0,1
2023-10-30 22:00:00,1,23,175,14,0,9.6,5.6,0.0,0,1,0,0,0,0,0,0,1
2023-10-30 06:00:00,1,7,34,3,0,9.6,5.6,0.0,0,1,0,0,0,0,0,0,1
2023-10-30 03:00:00,1,4,32,0,0,9.6,5.6,0.0,0,1,0,0,0,0,0,0,1
2023-10-30 05:00:00,1,6,19,0,0,9.6,5.6,0.0,0,1,0,0,0,0,0,0,1
2023-10-29 10:00:00,1,11,261,11,0,9.9,9.5,6.1,0,0,0,1,0,0,0,1,0
2023-10-31 12:00:00,11,13,741,8,0,10.2,5.3,7.5,0,0,0,0,0,1,0,0,1
2023-10-29 18:00:00,1,19,235,11,0,9.9,9.5,6.1,0,0,0,1,0,0,0,1,0
2023-10-29 01:00:00,1,2,309,7,0,9.9,9.5,6.1,0,0,0,1,0,0,0,1,0
2023-10-29 08:00:00,1,9,133,2,0,9.9,9.5,6.1,0,0,0,1,0,0,0,1,0
2023-10-29 21:00:00,3,22,287,16,0,9.9,9.5,6.1,0,0,0,1,0,0,0,1,0
2023-10-29 09:00:00,3,10,118,4,0,9.9,9.5,6.1,0,0,0,1,0,0,0,1,0
2023-10-29 00:00:00,2,1,357,16,0,9.9,9.5,6.1,0,0,0,1,0,0,0,1,0
2023-10-29 11:00:00,2,12,523,14,0,9.9,9.5,6.1,0,0,0,1,0,0,0,1,0
2023-10-29 17:00:00,2,18,334,14,0,9.9,9.5,6.1,0,0,0,1,0,0,0,1,0
2023-10-29 15:00:00,2,16,313,10,0,9.9,9.5,6.1,0,0,0,1,0,0,0,1,0
2023-10-30 23:00:00,0,0,131,20,0,9.6,5.6,0.0,0,1,0,0,0,0,0,0,1
2023-10-30 00:00:00,0,1,281,18,0,9.6,5.6,0.0,0,1,0,0,0,0,0,0,1
2023-10-30 04:00:00,0,5,20,8,0,9.6,5.6,0.0,0,1,0,0,0,0,0,0,1
2023-10-29 19:00:00,0,20,251,21,0,9.9,9.5,6.1,0,0,0,1,0,0,0,1,0
2023-10-29 22:00:00,0,23,253,17,0,9.9,9.5,6.1,0,0,0,1,0,0,0,1,0
2023-10-29 14:00:00,0,15,201,16,0,9.9,9.5,6.1,0,0,0,1,0,0,0,1,0
2023-10-29 02:00:00,0,3,125,13,0,9.9,9.5,6.1,0,0,0,1,0,0,0,1,0
2023-10-29 16:00:00,0,17,364,11,0,9.9,9.5,6.1,0,0,0,1,0,0,0,1,0
2023-10-29 20:00:00,0,21,246,8,0,9.9,9.5,6.1,0,0,0,1,0,0,0,1,0
2023-10-29 23:00:00,0,0,186,8,0,9.9,9.5,6.1,0,0,0,1,0,0,0,1,0
2023-10-29 03:00:00,0,4,29,8,0,9.9,9.5,6.1,0,0,0,1,0,0,0,1,0
2023-10-29 07:00:00,0,8,28,6,0,9.9,9.5,6.1,0,0,0,1,0,0,0,1,0
2023-10-29 12:00:00,0,13,17,3,0,9.9,9.5,6.1,0,0,0,1,0,0,0,1,0
2023-10-29 04:00:00,0,5,14,2,0,9.9,9.5,6.1,0,0,0,1,0,0,0,1,0
2023-10-29 06:00:00,0,7,10,0,0,9.9,9.5,6.1,0,0,0,1,0,0,0,1,0
2023-10-30 13:00:00,10,14,806,6,0,9.6,5.6,0.0,0,1,0,0,0,0,0,0,1
2023-10-30 17:00:00,8,18,585,25,0,9.6,5.6,0.0,0,1,0,0,0,0,0,0,1
2023-10-30 12:00:00,7,13,794,4,0,9.6,5.6,0.0,0,1,0,0,0,0,0,0,1
2023-10-30 14:00:00,7,15,649,4,0,9.6,5.6,0.0,0,1,0,0,0,0,0,0,1
2023-10-30 08:00:00,6,9,372,20,0,9.6,5.6,0.0,0,1,0,0,0,0,0,0,1
2023-10-30 15:00:00,6,16,662,16,0,9.6,5.6,0.0,0,1,0,0,0,0,0,0,1
2023-10-30 11:00:00,5,12,590,6,0,9.6,5.6,0.0,0,1,0,0,0,0,0,0,1
2023-10-30 18:00:00,4,19,460,24,0,9.6,5.6,0.0,0,1,0,0,0,0,0,0,1
2023-10-30 16:00:00,4,17,692,9,0,9.6,5.6,0.0,0,1,0,0,0,0,0,0,1
2023-10-30 10:00:00,4,11,538,4,0,9.6,5.6,0.0,0,1,0,0,0,0,0,0,1
2023-10-31 00:00:00,1,1,120,8,0,10.2,5.3,7.5,0,0,0,0,0,1,0,0,1
2023-10-31 09:00:00,8,10,375,14,0,10.2,5.3,7.5,0,0,0,0,0,1,0,0,1
2023-10-31 10:00:00,6,11,497,13,0,10.2,5.3,7.5,0,0,0,0,0,1,0,0,1
2023-10-31 08:00:00,4,9,383,30,0,10.2,5.3,7.5,0,0,0,0,0,1,0,0,1
2023-10-31 07:00:00,4,8,156,30,0,10.2,5.3,7.5,0,0,0,0,0,1,0,0,1
2023-10-31 20:00:00,4,21,336,10,0,10.2,5.3,7.5,0,0,0,0,0,1,0,0,1
2023-10-31 17:00:00,3,18,675,17,0,10.2,5.3,7.5,0,0,0,0,0,1,0,0,1
2023-10-31 14:00:00,3,15,601,12,0,10.2,5.3,7.5,0,0,0,0,0,1,0,0,1
2023-10-31 18:00:00,3,19,440,12,0,10.2,5.3,7.5,0,0,0,0,0,1,0,0,1
2023-10-31 15:00:00,3,16,655,7,0,10.2,5.3,7.5,0,0,0,0,0,1,0,0,1
2023-10-31 22:00:00,2,23,300,20,0,10.2,5.3,7.5,0,0,0,0,0,1,0,0,1
2023-10-31 21:00:00,2,22,364,16,0,10.2,5.3,7.5,0,0,0,0,0,1,0,0,1
2023-10-31 11:00:00,2,12,508,15,0,10.2,5.3,7.5,0,0,0,0,0,1,0,0,1
2023-10-31 19:00:00,2,20,353,9,0,10.2,5.3,7.5,0,0,0,0,0,1,0,0,1
2023-10-31 16:00:00,2,17,714,7,0,10.2,5.3,7.5,0,0,0,0,0,1,0,0,1
2023-10-31 02:00:00,0,3,35,33,0,10.2,5.3,7.5,0,0,0,0,0,1,0,0,1
2023-10-31 01:00:00,0,2,85,31,0,10.2,5.3,7.5,0,0,0,0,0,1,0,0,1
2023-10-31 23:00:00,0,0,238,9,0,10.2,5.3,7.5,0,0,0,0,0,1,0,0,1
2023-10-31 13:00:00,0,14,681,3,0,10.2,5.3,7.5,0,0,0,0,0,1,0,0,1
2023-10-31 06:00:00,0,7,50,3,0,10.2,5.3,7.5,0,0,0,0,0,1,0,0,1
2023-10-31 04:00:00,0,5,11,3,0,10.2,5.3,7.5,0,0,0,0,0,1,0,0,1
2023-10-31 03:00:00,0,4,8,1,0,10.2,5.3,7.5,0,0,0,0,0,1,0,0,1
2023-10-31 05:00:00,0,6,7,1,0,10.2,5.3,7.5,0,0,0,0,0,1,0,0,1
2023-09-02 11:00:00,6,12,838,2,0,22.9,5.5,0.0,0,0,1,0,0,0,0,1,0
2023-09-02 18:00:00,5,19,910,7,0,22.9,5.5,0.0,0,0,1,0,0,0,0,1,0
2023-09-01 23:00:00,7,0,457,18,0,22.4,9.9,0.0,1,0,0,0,0,0,0,1,0
2023-09-02 10:00:00,5,11,676,3,0,22.9,5.5,0.0,0,0,1,0,0,0,0,1,0
2023-09-02 14:00:00,4,15,1143,1,0,22.9,5.5,0.0,0,0,1,0,0,0,0,1,0
2023-09-02 07:00:00,3,8,45,4,0,22.9,5.5,0.0,0,0,1,0,0,0,0,1,0
2023-09-02 06:00:00,3,7,31,3,0,22.9,5.5,0.0,0,0,1,0,0,0,0,1,0
2023-09-02 02:00:00,2,3,108,12,0,22.9,5.5,0.0,0,0,1,0,0,0,0,1,0
2023-09-02 16:00:00,2,17,1193,7,0,22.9,5.5,0.0,0,0,1,0,0,0,0,1,0
2023-09-02 17:00:00,2,18,1131,1,0,22.9,5.5,0.0,0,0,1,0,0,0,0,1,0
2023-09-02 09:00:00,2,10,403,1,0,22.9,5.5,0.0,0,0,1,0,0,0,0,1,0
2023-09-01 22:00:00,6,23,467,17,0,22.4,9.9,0.0,1,0,0,0,0,0,0,1,0
2023-09-01 18:00:00,6,19,676,7,0,22.4,9.9,0.0,1,0,0,0,0,0,0,1,0
2023-09-01 06:00:00,6,7,30,4,0,22.4,9.9,0.0,1,0,0,0,0,0,0,1,0
2023-09-01 20:00:00,5,21,487,17,0,22.4,9.9,0.0,1,0,0,0,0,0,0,1,0
2023-09-01 15:00:00,5,16,1018,9,0,22.4,9.9,0.0,1,0,0,0,0,0,0,1,0
2023-09-01 09:00:00,4,10,410,15,0,22.4,9.9,0.0,1,0,0,0,0,0,0,1,0
2023-09-01 19:00:00,4,20,553,12,0,22.4,9.9,0.0,1,0,0,0,0,0,0,1,0
2023-09-01 07:00:00,4,8,130,2,0,22.4,9.9,0.0,1,0,0,0,0,0,0,1,0
2023-09-01 11:00:00,3,12,846,3,0,22.4,9.9,0.0,1,0,0,0,0,0,0,1,0
2023-09-01 21:00:00,1,22,467,15,0,22.4,9.9,0.0,1,0,0,0,0,0,0,1,0
2023-09-01 10:00:00,1,11,725,5,0,22.4,9.9,0.0,1,0,0,0,0,0,0,1,0
2023-09-01 02:00:00,0,3,111,5,0,22.4,9.9,0.0,1,0,0,0,0,0,0,1,0
2023-09-01 00:00:00,0,1,234,4,0,22.4,9.9,0.0,1,0,0,0,0,0,0,1,0
2023-09-01 01:00:00,0,2,140,2,0,22.4,9.9,0.0,1,0,0,0,0,0,0,1,0
2023-09-01 04:00:00,0,5,5,2,0,22.4,9.9,0.0,1,0,0,0,0,0,0,1,0
2023-09-01 03:00:00,0,4,18,1,0,22.4,9.9,0.0,1,0,0,0,0,0,0,1,0
2023-09-01 05:00:00,0,6,29,0,0,22.4,9.9,0.0,1,0,0,0,0,0,0,1,0
2023-09-01 13:00:00,13,14,950,3,0,22.4,9.9,0.0,1,0,0,0,0,0,0,1,0
2023-09-01 12:00:00,12,13,944,3,0,22.4,9.9,0.0,1,0,0,0,0,0,0,1,0
2023-09-01 14:00:00,11,15,1043,7,0,22.4,9.9,0.0,1,0,0,0,0,0,0,1,0
2023-09-01 16:00:00,10,17,968,10,0,22.4,9.9,0.0,1,0,0,0,0,0,0,1,0
2023-09-01 08:00:00,8,9,276,13,0,22.4,9.9,0.0,1,0,0,0,0,0,0,1,0
2023-09-01 17:00:00,8,18,839,3,0,22.4,9.9,0.0,1,0,0,0,0,0,0,1,0
2023-09-02 19:00:00,25,20,980,185,0,22.9,5.5,0.0,0,0,1,0,0,0,0,1,0
2023-09-02 21:00:00,23,22,765,197,0,22.9,5.5,0.0,0,0,1,0,0,0,0,1,0
2023-09-02 22:00:00,23,23,844,149,0,22.9,5.5,0.0,0,0,1,0,0,0,0,1,0
2023-09-02 20:00:00,21,21,906,180,0,22.9,5.5,0.0,0,0,1,0,0,0,0,1,0
2023-09-02 13:00:00,16,14,1022,4,0,22.9,5.5,0.0,0,0,1,0,0,0,0,1,0
2023-09-02 15:00:00,13,16,1117,3,0,22.9,5.5,0.0,0,0,1,0,0,0,0,1,0
2023-09-02 23:00:00,8,0,781,197,0,22.9,5.5,0.0,0,0,1,0,0,0,0,1,0
2023-09-02 12:00:00,8,13,930,2,0,22.9,5.5,0.0,0,0,1,0,0,0,0,1,0
2023-09-02 08:00:00,7,9,223,10,0,22.9,5.5,0.0,0,0,1,0,0,0,0,1,0
2023-09-02 00:00:00,1,1,400,13,0,22.9,5.5,0.0,0,0,1,0,0,0,0,1,0
2023-09-02 01:00:00,0,2,202,8,0,22.9,5.5,0.0,0,0,1,0,0,0,0,1,0
2023-09-02 04:00:00,0,5,18,7,0,22.9,5.5,0.0,0,0,1,0,0,0,0,1,0
2023-09-02 03:00:00,0,4,52,6,0,22.9,5.5,0.0,0,0,1,0,0,0,0,1,0
2023-09-02 05:00:00,0,6,12,3,0,22.9,5.5,0.0,0,0,1,0,0,0,0,1,0
2023-09-03 20:00:00,3,21,375,14,0,24.2,5.5,0.0,0,0,0,1,0,0,0,1,0
2023-09-03 04:00:00,2,5,37,49,0,24.2,5.5,0.0,0,0,0,1,0,0,0,1,0
2023-09-03 06:00:00,2,7,22,26,0,24.2,5.5,0.0,0,0,0,1,0,0,0,1,0
2023-09-03 01:00:00,2,2,481,17,0,24.2,5.5,0.0,0,0,0,1,0,0,0,1,0
2023-09-03 16:00:00,2,17,647,13,0,24.2,5.5,0.0,0,0,0,1,0,0,0,1,0
2023-09-03 21:00:00,2,22,396,7,0,24.2,5.5,0.0,0,0,0,1,0,0,0,1,0
2023-09-03 00:00:00,1,1,409,35,0,24.2,5.5,0.0,0,0,0,1,0,0,0,1,0
2023-09-03 05:00:00,1,6,28,32,0,24.2,5.5,0.0,0,0,0,1,0,0,0,1,0
2023-09-03 22:00:00,1,23,334,29,0,24.2,5.5,0.0,0,0,0,1,0,0,0,1,0
2023-09-03 12:00:00,10,13,723,12,0,24.2,5.5,0.0,0,0,0,1,0,0,0,1,0
2023-09-03 11:00:00,9,12,752,43,0,24.2,5.5,0.0,0,0,0,1,0,0,0,1,0
2023-09-03 14:00:00,9,15,813,6,0,24.2,5.5,0.0,0,0,0,1,0,0,0,1,0
2023-09-04 15:00:00,16,16,745,9,0,20.8,5.5,0.0,0,1,0,0,0,0,0,1,0
2023-09-04 12:00:00,13,13,859,20,0,20.8,5.5,0.0,0,1,0,0,0,0,0,1,0
2023-09-04 18:00:00,12,19,500,10,0,20.8,5.5,0.0,0,1,0,0,0,0,0,1,0
2023-09-04 17:00:00,12,18,727,4,0,20.8,5.5,0.0,0,1,0,0,0,0,0,1,0
2023-09-03 10:00:00,19,11,592,129,0,24.2,5.5,0.0,0,0,0,1,0,0,0,1,0
2023-09-03 13:00:00,13,14,671,8,0,24.2,5.5,0.0,0,0,0,1,0,0,0,1,0
2023-09-03 15:00:00,11,16,742,18,0,24.2,5.5,0.0,0,0,0,1,0,0,0,1,0
2023-09-04 00:00:00,0,1,307,28,0,20.8,5.5,0.0,0,1,0,0,0,0,0,1,0
2023-09-03 18:00:00,6,19,502,8,0,24.2,5.5,0.0,0,0,0,1,0,0,0,1,0
2023-09-04 01:00:00,0,2,104,18,0,20.8,5.5,0.0,0,1,0,0,0,0,0,1,0
2023-09-04 04:00:00,0,5,11,6,0,20.8,5.5,0.0,0,1,0,0,0,0,0,1,0
2023-09-03 09:00:00,5,10,209,68,0,24.2,5.5,0.0,0,0,0,1,0,0,0,1,0
2023-09-04 02:00:00,0,3,54,5,0,20.8,5.5,0.0,0,1,0,0,0,0,0,1,0
2023-09-03 08:00:00,4,9,129,48,0,24.2,5.5,0.0,0,0,0,1,0,0,0,1,0
2023-09-03 07:00:00,4,8,32,45,0,24.2,5.5,0.0,0,0,0,1,0,0,0,1,0
2023-09-03 17:00:00,4,18,514,7,0,24.2,5.5,0.0,0,0,0,1,0,0,0,1,0
2023-09-04 05:00:00,0,6,11,2,0,20.8,5.5,0.0,0,1,0,0,0,0,0,1,0
2023-09-04 20:00:00,3,21,447,27,0,20.8,5.5,0.0,0,1,0,0,0,0,0,1,0
2023-09-03 19:00:00,1,20,405,8,0,24.2,5.5,0.0,0,0,0,1,0,0,0,1,0
2023-09-04 19:00:00,3,20,476,23,0,20.8,5.5,0.0,0,1,0,0,0,0,0,1,0
2023-09-03 02:00:00,1,3,301,8,0,24.2,5.5,0.0,0,0,0,1,0,0,0,1,0
2023-09-04 07:00:00,3,8,127,3,0,20.8,5.5,0.0,0,1,0,0,0,0,0,1,0
2023-09-04 03:00:00,0,4,14,0,0,20.8,5.5,0.0,0,1,0,0,0,0,0,1,0
2023-09-04 22:00:00,2,23,277,28,0,20.8,5.5,0.0,0,1,0,0,0,0,0,1,0
2023-09-04 06:00:00,2,7,44,1,0,20.8,5.5,0.0,0,1,0,0,0,0,0,1,0
2023-09-03 03:00:00,0,4,95,24,0,24.2,5.5,0.0,0,0,0,1,0,0,0,1,0
2023-09-03 23:00:00,0,0,229,14,0,24.2,5.5,0.0,0,0,0,1,0,0,0,1,0
2023-09-04 09:00:00,9,10,419,6,0,20.8,5.5,0.0,0,1,0,0,0,0,0,1,0
2023-09-04 13:00:00,9,14,903,4,0,20.8,5.5,0.0,0,1,0,0,0,0,0,1,0
2023-09-04 21:00:00,8,22,236,23,0,20.8,5.5,0.0,0,1,0,0,0,0,0,1,0
2023-09-04 14:00:00,8,15,793,14,0,20.8,5.5,0.0,0,1,0,0,0,0,0,1,0
2023-09-04 11:00:00,8,12,755,13,0,20.8,5.5,0.0,0,1,0,0,0,0,0,1,0
2023-09-04 16:00:00,8,17,895,11,0,20.8,5.5,0.0,0,1,0,0,0,0,0,1,0
2023-09-04 10:00:00,6,11,666,13,0,20.8,5.5,0.0,0,1,0,0,0,0,0,1,0
2023-09-04 23:00:00,4,0,151,14,0,20.8,5.5,0.0,0,1,0,0,0,0,0,1,0
2023-09-04 08:00:00,4,9,361,12,0,20.8,5.5,0.0,0,1,0,0,0,0,0,1,0
2023-09-06 01:00:00,2,2,48,9,0,22.4,14.0,0.0,0,0,0,0,0,0,1,1,0
2023-09-06 14:00:00,2,15,817,3,0,22.4,14.0,0.0,0,0,0,0,0,0,1,1,0
2023-09-06 06:00:00,1,7,35,9,0,22.4,14.0,0.0,0,0,0,0,0,0,1,1,0
2023-09-06 00:00:00,1,1,55,5,0,22.4,14.0,0.0,0,0,0,0,0,0,1,1,0
2023-09-05 04:00:00,0,5,18,24,0,19.9,9.9,0.0,0,0,0,0,0,1,0,1,0
2023-09-06 05:00:00,0,6,23,14,0,22.4,14.0,0.0,0,0,0,0,0,0,1,1,0
2023-09-06 02:00:00,0,3,36,13,0,22.4,14.0,0.0,0,0,0,0,0,0,1,1,0
2023-09-06 03:00:00,0,4,7,11,0,22.4,14.0,0.0,0,0,0,0,0,0,1,1,0
2023-09-05 05:00:00,0,6,9,11,0,19.9,9.9,0.0,0,0,0,0,0,1,0,1,0
2023-09-05 17:00:00,26,18,717,8,0,19.9,9.9,0.0,0,0,0,0,0,1,0,1,0
2023-09-05 20:00:00,12,21,366,22,0,19.9,9.9,0.0,0,0,0,0,0,1,0,1,0
2023-09-05 23:00:00,0,0,130,10,0,19.9,9.9,0.0,0,0,0,0,0,1,0,1,0
2023-09-05 07:00:00,3,8,157,27,0,19.9,9.9,0.0,0,0,0,0,0,1,0,1,0
2023-09-05 11:00:00,3,12,550,6,0,19.9,9.9,0.0,0,0,0,0,0,1,0,1,0
2023-09-05 06:00:00,3,7,58,5,0,19.9,9.9,0.0,0,0,0,0,0,1,0,1,0
2023-09-05 00:00:00,2,1,159,8,0,19.9,9.9,0.0,0,0,0,0,0,1,0,1,0
2023-09-05 02:00:00,1,3,76,7,0,19.9,9.9,0.0,0,0,0,0,0,1,0,1,0
2023-09-05 03:00:00,1,4,16,4,0,19.9,9.9,0.0,0,0,0,0,0,1,0,1,0
2023-09-05 18:00:00,15,19,653,16,0,19.9,9.9,0.0,0,0,0,0,0,1,0,1,0
2023-09-05 12:00:00,15,13,925,7,0,19.9,9.9,0.0,0,0,0,0,0,1,0,1,0
2023-09-05 13:00:00,15,14,889,6,0,19.9,9.9,0.0,0,0,0,0,0,1,0,1,0
2023-09-05 01:00:00,0,2,122,5,0,19.9,9.9,0.0,0,0,0,0,0,1,0,1,0
2023-09-06 18:00:00,9,19,627,20,0,22.4,14.0,0.0,0,0,0,0,0,0,1,1,0
2023-09-06 16:00:00,9,17,1011,15,0,22.4,14.0,0.0,0,0,0,0,0,0,1,1,0
2023-09-05 08:00:00,11,9,314,106,0,19.9,9.9,0.0,0,0,0,0,0,1,0,1,0
2023-09-07 13:00:00,41,14,1071,246,0,25.0,12.0,0.0,0,0,0,0,1,0,0,1,0
2023-09-07 15:00:00,41,16,792,235,0,25.0,12.0,0.0,0,0,0,0,1,0,0,1,0
2023-09-06 23:00:00,8,0,278,83,0,22.4,14.0,0.0,0,0,0,0,0,0,1,1,0
2023-09-05 09:00:00,9,10,591,36,0,19.9,9.9,0.0,0,0,0,0,0,1,0,1,0
2023-09-06 22:00:00,18,23,356,110,0,22.4,14.0,0.0,0,0,0,0,0,0,1,1,0
2023-09-06 17:00:00,16,18,801,4,0,22.4,14.0,0.0,0,0,0,0,0,0,1,1,0
2023-09-06 21:00:00,15,22,387,129,0,22.4,14.0,0.0,0,0,0,0,0,0,1,1,0
2023-09-06 12:00:00,12,13,917,9,0,22.4,14.0,0.0,0,0,0,0,0,0,1,1,0
2023-09-06 11:00:00,10,12,804,14,0,22.4,14.0,0.0,0,0,0,0,0,0,1,1,0
2023-09-06 08:00:00,10,9,389,8,0,22.4,14.0,0.0,0,0,0,0,0,0,1,1,0
2023-09-07 12:00:00,37,13,889,218,0,25.0,12.0,0.0,0,0,0,0,1,0,0,1,0
2023-09-05 15:00:00,9,16,662,10,0,19.9,9.9,0.0,0,0,0,0,0,1,0,1,0
2023-09-06 20:00:00,6,21,353,19,0,22.4,14.0,0.0,0,0,0,0,0,0,1,1,0
2023-09-07 14:00:00,34,15,841,233,0,25.0,12.0,0.0,0,0,0,0,1,0,0,1,0
2023-09-06 15:00:00,6,16,930,10,0,22.4,14.0,0.0,0,0,0,0,0,0,1,1,0
2023-09-07 19:00:00,33,20,467,202,0,25.0,12.0,0.0,0,0,0,0,1,0,0,1,0
2023-09-06 13:00:00,6,14,1021,5,0,22.4,14.0,0.0,0,0,0,0,0,0,1,1,0
2023-09-06 19:00:00,5,20,603,10,0,22.4,14.0,0.0,0,0,0,0,0,0,1,1,0
2023-09-06 07:00:00,4,8,131,8,0,22.4,14.0,0.0,0,0,0,0,0,0,1,1,0
2023-09-06 09:00:00,3,10,472,13,0,22.4,14.0,0.0,0,0,0,0,0,0,1,1,0
2023-09-06 04:00:00,2,5,20,17,0,22.4,14.0,0.0,0,0,0,0,0,0,1,1,0
2023-09-06 10:00:00,2,11,653,13,0,22.4,14.0,0.0,0,0,0,0,0,0,1,1,0
2023-09-05 16:00:00,8,17,782,10,0,19.9,9.9,0.0,0,0,0,0,0,1,0,1,0
2023-09-07 17:00:00,32,18,921,252,0,25.0,12.0,0.0,0,0,0,0,1,0,0,1,0
2023-09-05 19:00:00,6,20,431,8,0,19.9,9.9,0.0,0,0,0,0,0,1,0,1,0
2023-09-07 16:00:00,31,17,835,244,0,25.0,12.0,0.0,0,0,0,0,1,0,0,1,0
2023-09-07 08:00:00,31,9,369,139,0,25.0,12.0,0.0,0,0,0,0,1,0,0,1,0
2023-09-07 18:00:00,29,19,646,279,0,25.0,12.0,0.0,0,0,0,0,1,0,0,1,0
2023-09-05 21:00:00,5,22,260,32,0,19.9,9.9,0.0,0,0,0,0,0,1,0,1,0
2023-09-07 11:00:00,29,12,718,213,0,25.0,12.0,0.0,0,0,0,0,1,0,0,1,0
2023-09-05 10:00:00,5,11,585,16,0,19.9,9.9,0.0,0,0,0,0,0,1,0,1,0
2023-09-07 21:00:00,28,22,487,114,0,25.0,12.0,0.0,0,0,0,0,1,0,0,1,0
2023-09-07 20:00:00,27,21,484,130,0,25.0,12.0,0.0,0,0,0,0,1,0,0,1,0
2023-09-05 22:00:00,4,23,191,27,0,19.9,9.9,0.0,0,0,0,0,0,1,0,1,0
2023-09-05 14:00:00,4,15,662,10,0,19.9,9.9,0.0,0,0,0,0,0,1,0,1,0
2023-09-07 10:00:00,25,11,552,212,0,25.0,12.0,0.0,0,0,0,0,1,0,0,1,0
2023-09-08 14:00:00,8,15,919,6,0,24.7,13.5,0.0,1,0,0,0,0,0,0,1,0
2023-09-07 09:00:00,24,10,448,198,0,25.0,12.0,0.0,0,0,0,0,1,0,0,1,0
2023-09-08 23:00:00,7,0,461,106,0,24.7,13.5,0.0,1,0,0,0,0,0,0,1,0
2023-09-08 05:00:00,1,6,27,29,0,24.7,13.5,0.0,1,0,0,0,0,0,0,1,0
2023-09-07 22:00:00,20,23,431,97,0,25.0,12.0,0.0,0,0,0,0,1,0,0,1,0
2023-09-07 07:00:00,10,8,150,63,0,25.0,12.0,0.0,0,0,0,0,1,0,0,1,0
2023-09-08 02:00:00,1,3,113,3,0,24.7,13.5,0.0,1,0,0,0,0,0,0,1,0
2023-09-09 06:00:00,18,7,42,7,0,22.7,5.5,0.0,0,0,1,0,0,0,0,1,0
2023-09-09 12:00:00,18,13,1107,3,0,22.7,5.5,0.0,0,0,1,0,0,0,0,1,0
2023-09-09 13:00:00,17,14,1213,10,0,22.7,5.5,0.0,0,0,1,0,0,0,0,1,0
2023-09-09 10:00:00,15,11,750,13,0,22.7,5.5,0.0,0,0,1,0,0,0,0,1,0
2023-09-09 07:00:00,14,8,56,10,0,22.7,5.5,0.0,0,0,1,0,0,0,0,1,0
2023-09-07 23:00:00,6,0,300,96,0,25.0,12.0,0.0,0,0,0,0,1,0,0,1,0
2023-09-08 11:00:00,6,12,702,14,0,24.7,13.5,0.0,1,0,0,0,0,0,0,1,0
2023-09-08 13:00:00,6,14,1043,7,0,24.7,13.5,0.0,1,0,0,0,0,0,0,1,0
2023-09-08 19:00:00,6,20,727,1,0,24.7,13.5,0.0,1,0,0,0,0,0,0,1,0
2023-09-08 07:00:00,5,8,102,84,0,24.7,13.5,0.0,1,0,0,0,0,0,0,1,0
2023-09-08 20:00:00,5,21,565,15,0,24.7,13.5,0.0,1,0,0,0,0,0,0,1,0
2023-09-08 09:00:00,5,10,473,8,0,24.7,13.5,0.0,1,0,0,0,0,0,0,1,0
2023-09-08 21:00:00,5,22,486,6,0,24.7,13.5,0.0,1,0,0,0,0,0,0,1,0
2023-09-08 22:00:00,4,23,609,3,0,24.7,13.5,0.0,1,0,0,0,0,0,0,1,0
2023-09-07 04:00:00,1,5,22,3,0,25.0,12.0,0.0,0,0,0,0,1,0,0,1,0
2023-09-07 00:00:00,6,1,167,60,0,25.0,12.0,0.0,0,0,0,0,1,0,0,1,0
2023-09-08 00:00:00,0,1,248,36,0,24.7,13.5,0.0,1,0,0,0,0,0,0,1,0
2023-09-08 01:00:00,0,2,124,15,0,24.7,13.5,0.0,1,0,0,0,0,0,0,1,0
2023-09-08 04:00:00,0,5,19,9,0,24.7,13.5,0.0,1,0,0,0,0,0,0,1,0
2023-09-08 03:00:00,0,4,42,3,0,24.7,13.5,0.0,1,0,0,0,0,0,0,1,0
2023-09-08 12:00:00,16,13,752,4,0,24.7,13.5,0.0,1,0,0,0,0,0,0,1,0
2023-09-08 15:00:00,13,16,988,8,0,24.7,13.5,0.0,1,0,0,0,0,0,0,1,0
2023-09-08 16:00:00,12,17,1162,12,0,24.7,13.5,0.0,1,0,0,0,0,0,0,1,0
2023-09-08 18:00:00,11,19,756,15,0,24.7,13.5,0.0,1,0,0,0,0,0,0,1,0
2023-09-08 08:00:00,9,9,319,87,0,24.7,13.5,0.0,1,0,0,0,0,0,0,1,0
2023-09-08 17:00:00,9,18,941,6,0,24.7,13.5,0.0,1,0,0,0,0,0,0,1,0
2023-09-08 06:00:00,8,7,49,63,0,24.7,13.5,0.0,1,0,0,0,0,0,0,1,0
2023-09-08 10:00:00,8,11,603,14,0,24.7,13.5,0.0,1,0,0,0,0,0,0,1,0
2023-09-07 01:00:00,0,2,84,24,0,25.0,12.0,0.0,0,0,0,0,1,0,0,1,0
2023-09-07 03:00:00,0,4,23,13,0,25.0,12.0,0.0,0,0,0,0,1,0,0,1,0
2023-09-07 02:00:00,0,3,59,4,0,25.0,12.0,0.0,0,0,0,0,1,0,0,1,0
2023-09-07 05:00:00,0,6,22,4,0,25.0,12.0,0.0,0,0,0,0,1,0,0,1,0
2023-09-07 06:00:00,3,7,38,1,0,25.0,12.0,0.0,0,0,0,0,1,0,0,1,0
2023-09-09 15:00:00,8,16,1097,11,0,22.7,5.5,0.0,0,0,1,0,0,0,0,1,0
2023-09-09 14:00:00,7,15,1095,13,0,22.7,5.5,0.0,0,0,1,0,0,0,0,1,0
2023-09-09 17:00:00,7,18,1234,3,0,22.7,5.5,0.0,0,0,1,0,0,0,0,1,0
2023-09-10 02:00:00,4,3,200,6,0,20.5,5.5,21.4,0,0,0,1,0,0,0,1,0
2023-09-09 11:00:00,6,12,935,6,0,22.7,5.5,0.0,0,0,1,0,0,0,0,1,0
2023-09-09 18:00:00,6,19,1023,1,0,22.7,5.5,0.0,0,0,1,0,0,0,0,1,0
2023-09-09 19:00:00,5,20,1010,141,0,22.7,5.5,0.0,0,0,1,0,0,0,0,1,0
2023-09-09 00:00:00,5,1,477,78,0,22.7,5.5,0.0,0,0,1,0,0,0,0,1,0
2023-09-09 16:00:00,5,17,1071,5,0,22.7,5.5,0.0,0,0,1,0,0,0,0,1,0
2023-09-09 23:00:00,4,0,772,13,0,22.7,5.5,0.0,0,0,1,0,0,0,0,1,0
2023-09-09 20:00:00,3,21,905,42,0,22.7,5.5,0.0,0,0,1,0,0,0,0,1,0
2023-09-09 09:00:00,3,10,407,40,0,22.7,5.5,0.0,0,0,1,0,0,0,0,1,0
2023-09-09 21:00:00,3,22,1024,16,0,22.7,5.5,0.0,0,0,1,0,0,0,0,1,0
2023-09-09 01:00:00,2,2,283,21,0,22.7,5.5,0.0,0,0,1,0,0,0,0,1,0
2023-09-09 22:00:00,2,23,1010,18,0,22.7,5.5,0.0,0,0,1,0,0,0,0,1,0
2023-09-09 08:00:00,2,9,257,16,0,22.7,5.5,0.0,0,0,1,0,0,0,0,1,0
2023-09-10 09:00:00,9,10,359,74,0,20.5,5.5,21.4,0,0,0,1,0,0,0,1,0
2023-09-11 19:00:00,27,20,404,135,0,17.4,12.5,0.0,0,1,0,0,0,0,0,1,0
2023-09-11 12:00:00,18,13,964,14,0,17.4,12.5,0.0,0,1,0,0,0,0,0,1,0
2023-09-11 22:00:00,17,23,259,104,0,17.4,12.5,0.0,0,1,0,0,0,0,0,1,0
2023-09-11 20:00:00,14,21,335,90,0,17.4,12.5,0.0,0,1,0,0,0,0,0,1,0
2023-09-11 21:00:00,12,22,264,102,0,17.4,12.5,0.0,0,1,0,0,0,0,0,1,0
2023-09-11 11:00:00,11,12,599,15,0,17.4,12.5,0.0,0,1,0,0,0,0,0,1,0
2023-09-11 14:00:00,11,15,821,11,0,17.4,12.5,0.0,0,1,0,0,0,0,0,1,0
2023-09-11 16:00:00,11,17,742,8,0,17.4,12.5,0.0,0,1,0,0,0,0,0,1,0
2023-09-09 02:00:00,0,3,166,12,0,22.7,5.5,0.0,0,0,1,0,0,0,0,1,0
2023-09-09 03:00:00,0,4,43,7,0,22.7,5.5,0.0,0,0,1,0,0,0,0,1,0
2023-09-09 05:00:00,0,6,14,6,0,22.7,5.5,0.0,0,0,1,0,0,0,0,1,0
2023-09-09 04:00:00,0,5,37,4,0,22.7,5.5,0.0,0,0,1,0,0,0,0,1,0
2023-09-10 15:00:00,8,16,1006,21,0,20.5,5.5,21.4,0,0,0,1,0,0,0,1,0
2023-09-10 14:00:00,8,15,1264,12,0,20.5,5.5,21.4,0,0,0,1,0,0,0,1,0
2023-09-10 20:00:00,0,21,271,20,0,20.5,5.5,21.4,0,0,0,1,0,0,0,1,0
2023-09-10 13:00:00,8,14,1201,8,0,20.5,5.5,21.4,0,0,0,1,0,0,0,1,0
2023-09-10 19:00:00,0,20,62,4,0,20.5,5.5,21.4,0,0,0,1,0,0,0,1,0
2023-09-10 05:00:00,0,6,32,1,0,20.5,5.5,21.4,0,0,0,1,0,0,0,1,0
2023-09-10 18:00:00,3,19,235,63,0,20.5,5.5,21.4,0,0,0,1,0,0,0,1,0
2023-09-10 00:00:00,3,1,639,12,0,20.5,5.5,21.4,0,0,0,1,0,0,0,1,0
2023-09-10 10:00:00,23,11,831,106,0,20.5,5.5,21.4,0,0,0,1,0,0,0,1,0
2023-09-10 17:00:00,17,18,594,68,0,20.5,5.5,21.4,0,0,0,1,0,0,0,1,0
2023-09-10 06:00:00,11,7,36,5,0,20.5,5.5,21.4,0,0,0,1,0,0,0,1,0
2023-09-10 22:00:00,3,23,206,7,0,20.5,5.5,21.4,0,0,0,1,0,0,0,1,0
2023-09-10 07:00:00,3,8,45,3,0,20.5,5.5,21.4,0,0,0,1,0,0,0,1,0
2023-09-10 11:00:00,7,12,880,14,0,20.5,5.5,21.4,0,0,0,1,0,0,0,1,0
2023-09-10 12:00:00,7,13,930,9,0,20.5,5.5,21.4,0,0,0,1,0,0,0,1,0
2023-09-10 08:00:00,4,9,166,19,0,20.5,5.5,21.4,0,0,0,1,0,0,0,1,0
2023-09-10 16:00:00,4,17,975,12,0,20.5,5.5,21.4,0,0,0,1,0,0,0,1,0
2023-09-10 01:00:00,4,2,376,9,0,20.5,5.5,21.4,0,0,0,1,0,0,0,1,0
2023-09-10 21:00:00,2,22,212,8,0,20.5,5.5,21.4,0,0,0,1,0,0,0,1,0
2023-09-10 23:00:00,1,0,120,8,0,20.5,5.5,21.4,0,0,0,1,0,0,0,1,0
2023-09-10 04:00:00,1,5,28,8,0,20.5,5.5,21.4,0,0,0,1,0,0,0,1,0
2023-09-10 03:00:00,1,4,104,2,0,20.5,5.5,21.4,0,0,0,1,0,0,0,1,0
2023-09-11 17:00:00,9,18,818,18,0,17.4,12.5,0.0,0,1,0,0,0,0,0,1,0
2023-09-11 08:00:00,9,9,336,10,0,17.4,12.5,0.0,0,1,0,0,0,0,0,1,0
2023-09-11 18:00:00,8,19,471,58,0,17.4,12.5,0.0,0,1,0,0,0,0,0,1,0
2023-09-11 13:00:00,7,14,971,6,0,17.4,12.5,0.0,0,1,0,0,0,0,0,1,0
2023-09-11 06:00:00,5,7,49,1,0,17.4,12.5,0.0,0,1,0,0,0,0,0,1,0
2023-09-11 15:00:00,4,16,815,13,0,17.4,12.5,0.0,0,1,0,0,0,0,0,1,0
2023-09-11 23:00:00,3,0,126,45,0,17.4,12.5,0.0,0,1,0,0,0,0,0,1,0
2023-09-11 09:00:00,2,10,402,16,0,17.4,12.5,0.0,0,1,0,0,0,0,0,1,0
2023-09-11 10:00:00,2,11,572,5,0,17.4,12.5,0.0,0,1,0,0,0,0,0,1,0
2023-09-11 07:00:00,2,8,126,5,0,17.4,12.5,0.0,0,1,0,0,0,0,0,1,0
2023-09-11 00:00:00,0,1,146,17,0,17.4,12.5,0.0,0,1,0,0,0,0,0,1,0
2023-09-11 02:00:00,0,3,72,4,0,17.4,12.5,0.0,0,1,0,0,0,0,0,1,0
2023-09-11 01:00:00,0,2,81,2,0,17.4,12.5,0.0,0,1,0,0,0,0,0,1,0
2023-09-11 03:00:00,0,4,22,2,0,17.4,12.5,0.0,0,1,0,0,0,0,0,1,0
2023-09-11 04:00:00,0,5,9,2,0,17.4,12.5,0.0,0,1,0,0,0,0,0,1,0
2023-09-11 05:00:00,0,6,21,1,0,17.4,12.5,0.0,0,1,0,0,0,0,0,1,0
2023-09-12 01:00:00,0,2,58,1,0,15.6,8.2,0.0,0,0,0,0,0,1,0,1,0
2023-09-12 05:00:00,0,6,15,1,0,15.6,8.2,0.0,0,0,0,0,0,1,0,1,0
2023-09-12 00:00:00,2,1,187,33,0,15.6,8.2,0.0,0,0,0,0,0,1,0,1,0
2023-09-12 06:00:00,2,7,36,15,0,15.6,8.2,0.0,0,0,0,0,0,1,0,1,0
2023-09-12 04:00:00,2,5,15,3,0,15.6,8.2,0.0,0,0,0,0,0,1,0,1,0
2023-09-12 18:00:00,8,19,505,24,0,15.6,8.2,0.0,0,0,0,0,0,1,0,1,0
2023-09-12 11:00:00,8,12,753,10,0,15.6,8.2,0.0,0,0,0,0,0,1,0,1,0
2023-09-12 15:00:00,8,16,628,10,0,15.6,8.2,0.0,0,0,0,0,0,1,0,1,0
2023-09-12 14:00:00,7,15,789,9,0,15.6,8.2,0.0,0,0,0,0,0,1,0,1,0
2023-09-12 16:00:00,7,17,705,6,0,15.6,8.2,0.0,0,0,0,0,0,1,0,1,0
2023-09-12 09:00:00,6,10,409,14,0,15.6,8.2,0.0,0,0,0,0,0,1,0,1,0
2023-09-12 10:00:00,6,11,638,8,0,15.6,8.2,0.0,0,0,0,0,0,1,0,1,0
2023-09-12 19:00:00,5,20,374,30,0,15.6,8.2,0.0,0,0,0,0,0,1,0,1,0
2023-09-12 07:00:00,4,8,126,53,0,15.6,8.2,0.0,0,0,0,0,0,1,0,1,0
2023-09-12 20:00:00,4,21,319,49,0,15.6,8.2,0.0,0,0,0,0,0,1,0,1,0
2023-09-13 13:00:00,12,14,773,12,0,18.3,5.5,1.8,0,0,0,0,0,0,1,1,0
2023-09-13 12:00:00,12,13,717,7,0,18.3,5.5,1.8,0,0,0,0,0,0,1,1,0
2023-09-13 17:00:00,10,18,758,15,0,18.3,5.5,1.8,0,0,0,0,0,0,1,1,0
2023-09-13 08:00:00,8,9,385,16,0,18.3,5.5,1.8,0,0,0,0,0,0,1,1,0
2023-09-13 07:00:00,8,8,134,7,0,18.3,5.5,1.8,0,0,0,0,0,0,1,1,0
2023-09-12 17:00:00,16,18,613,16,0,15.6,8.2,0.0,0,0,0,0,0,1,0,1,0
2023-09-12 13:00:00,14,14,827,5,0,15.6,8.2,0.0,0,0,0,0,0,1,0,1,0
2023-09-12 08:00:00,13,9,347,28,0,15.6,8.2,0.0,0,0,0,0,0,1,0,1,0
2023-09-12 12:00:00,11,13,818,9,0,15.6,8.2,0.0,0,0,0,0,0,1,0,1,0
2023-09-12 23:00:00,1,0,199,14,0,15.6,8.2,0.0,0,0,0,0,0,1,0,1,0
2023-09-12 21:00:00,1,22,262,11,0,15.6,8.2,0.0,0,0,0,0,0,1,0,1,0
2023-09-12 22:00:00,0,23,206,12,0,15.6,8.2,0.0,0,0,0,0,0,1,0,1,0
2023-09-12 02:00:00,0,3,85,6,0,15.6,8.2,0.0,0,0,0,0,0,1,0,1,0
2023-09-12 03:00:00,0,4,11,3,0,15.6,8.2,0.0,0,0,0,0,0,1,0,1,0
2023-09-15 14:00:00,31,15,1501,277,0,15.5,9.8,13.2,1,0,0,0,0,0,0,1,0
2023-09-15 12:00:00,31,13,1082,204,0,15.5,9.8,13.2,1,0,0,0,0,0,0,1,0
2023-09-15 13:00:00,31,14,1004,197,0,15.5,9.8,13.2,1,0,0,0,0,0,0,1,0
2023-09-13 14:00:00,6,15,652,20,0,18.3,5.5,1.8,0,0,0,0,0,0,1,1,0
2023-09-15 11:00:00,15,12,752,187,0,15.5,9.8,13.2,1,0,0,0,0,0,0,1,0
2023-09-14 22:00:00,1,23,158,32,0,14.5,10.6,0.0,0,0,0,0,1,0,0,1,0
2023-09-13 15:00:00,6,16,675,11,0,18.3,5.5,1.8,0,0,0,0,0,0,1,1,0
2023-09-15 08:00:00,14,9,336,138,0,15.5,9.8,13.2,1,0,0,0,0,0,0,1,0
2023-09-13 00:00:00,1,1,244,18,0,18.3,5.5,1.8,0,0,0,0,0,0,1,1,0
2023-09-13 20:00:00,1,21,236,16,0,18.3,5.5,1.8,0,0,0,0,0,0,1,1,0
2023-09-14 03:00:00,1,4,10,2,0,14.5,10.6,0.0,0,0,0,0,1,0,0,1,0
2023-09-14 14:00:00,13,15,779,11,0,14.5,10.6,0.0,0,0,0,0,1,0,0,1,0
2023-09-14 16:00:00,12,17,902,11,0,14.5,10.6,0.0,0,0,0,0,1,0,0,1,0
2023-09-14 18:00:00,11,19,714,20,0,14.5,10.6,0.0,0,0,0,0,1,0,0,1,0
2023-09-14 15:00:00,11,16,719,15,0,14.5,10.6,0.0,0,0,0,0,1,0,0,1,0
2023-09-14 10:00:00,9,11,616,29,0,14.5,10.6,0.0,0,0,0,0,1,0,0,1,0
2023-09-14 11:00:00,9,12,620,12,0,14.5,10.6,0.0,0,0,0,0,1,0,0,1,0
2023-09-14 17:00:00,9,18,735,8,0,14.5,10.6,0.0,0,0,0,0,1,0,0,1,0
2023-09-14 12:00:00,7,13,833,18,0,14.5,10.6,0.0,0,0,0,0,1,0,0,1,0
2023-09-14 08:00:00,7,9,368,14,0,14.5,10.6,0.0,0,0,0,0,1,0,0,1,0
2023-09-14 20:00:00,6,21,369,31,0,14.5,10.6,0.0,0,0,0,0,1,0,0,1,0
2023-09-15 22:00:00,13,23,375,187,0,15.5,9.8,13.2,1,0,0,0,0,0,0,1,0
2023-09-15 23:00:00,13,0,237,173,0,15.5,9.8,13.2,1,0,0,0,0,0,0,1,0
2023-09-13 09:00:00,1,10,389,9,0,18.3,5.5,1.8,0,0,0,0,0,0,1,1,0
2023-09-14 19:00:00,5,20,469,22,0,14.5,10.6,0.0,0,0,0,0,1,0,0,1,0
2023-09-13 11:00:00,5,12,541,12,0,18.3,5.5,1.8,0,0,0,0,0,0,1,1,0
2023-09-13 16:00:00,5,17,748,11,0,18.3,5.5,1.8,0,0,0,0,0,0,1,1,0
2023-09-13 18:00:00,2,19,423,23,0,18.3,5.5,1.8,0,0,0,0,0,0,1,1,0
2023-09-13 19:00:00,2,20,296,18,0,18.3,5.5,1.8,0,0,0,0,0,0,1,1,0
2023-09-13 10:00:00,2,11,502,16,0,18.3,5.5,1.8,0,0,0,0,0,0,1,1,0
2023-09-13 06:00:00,2,7,37,7,0,18.3,5.5,1.8,0,0,0,0,0,0,1,1,0
2023-09-14 13:00:00,5,14,895,18,0,14.5,10.6,0.0,0,0,0,0,1,0,0,1,0
2023-09-14 21:00:00,4,22,340,20,0,14.5,10.6,0.0,0,0,0,0,1,0,0,1,0
2023-09-14 07:00:00,4,8,147,11,0,14.5,10.6,0.0,0,0,0,0,1,0,0,1,0
2023-09-14 06:00:00,4,7,36,9,0,14.5,10.6,0.0,0,0,0,0,1,0,0,1,0
2023-09-14 09:00:00,2,10,404,8,0,14.5,10.6,0.0,0,0,0,0,1,0,0,1,0
2023-09-15 17:00:00,11,18,841,40,0,15.5,9.8,13.2,1,0,0,0,0,0,0,1,0
2023-09-15 09:00:00,24,10,482,164,0,15.5,9.8,13.2,1,0,0,0,0,0,0,1,0
2023-09-15 16:00:00,18,17,1057,122,0,15.5,9.8,13.2,1,0,0,0,0,0,0,1,0
2023-09-15 18:00:00,15,19,505,223,0,15.5,9.8,13.2,1,0,0,0,0,0,0,1,0
2023-09-15 07:00:00,10,8,125,56,0,15.5,9.8,13.2,1,0,0,0,0,0,0,1,0
2023-09-14 23:00:00,0,0,164,28,0,14.5,10.6,0.0,0,0,0,0,1,0,0,1,0
2023-09-15 10:00:00,9,11,534,173,0,15.5,9.8,13.2,1,0,0,0,0,0,0,1,0
2023-09-14 02:00:00,0,3,100,10,0,14.5,10.6,0.0,0,0,0,0,1,0,0,1,0
2023-09-15 19:00:00,5,20,523,188,0,15.5,9.8,13.2,1,0,0,0,0,0,0,1,0
2023-09-15 20:00:00,4,21,379,46,0,15.5,9.8,13.2,1,0,0,0,0,0,0,1,0
2023-09-14 00:00:00,0,1,229,8,0,14.5,10.6,0.0,0,0,0,0,1,0,0,1,0
2023-09-14 04:00:00,0,5,52,4,0,14.5,10.6,0.0,0,0,0,0,1,0,0,1,0
2023-09-13 22:00:00,0,23,168,12,0,18.3,5.5,1.8,0,0,0,0,0,0,1,1,0
2023-09-14 01:00:00,0,2,105,3,0,14.5,10.6,0.0,0,0,0,0,1,0,0,1,0
2023-09-13 21:00:00,0,22,218,11,0,18.3,5.5,1.8,0,0,0,0,0,0,1,1,0
2023-09-14 05:00:00,0,6,17,1,0,14.5,10.6,0.0,0,0,0,0,1,0,0,1,0
2023-09-13 23:00:00,0,0,148,8,0,18.3,5.5,1.8,0,0,0,0,0,0,1,1,0
2023-09-13 02:00:00,0,3,101,5,0,18.3,5.5,1.8,0,0,0,0,0,0,1,1,0
2023-09-13 03:00:00,0,4,26,3,0,18.3,5.5,1.8,0,0,0,0,0,0,1,1,0
2023-09-13 01:00:00,0,2,140,2,0,18.3,5.5,1.8,0,0,0,0,0,0,1,1,0
2023-09-15 15:00:00,41,16,919,213,0,15.5,9.8,13.2,1,0,0,0,0,0,0,1,0
2023-09-13 04:00:00,0,5,18,1,0,18.3,5.5,1.8,0,0,0,0,0,0,1,1,0
2023-09-13 05:00:00,0,6,18,0,0,18.3,5.5,1.8,0,0,0,0,0,0,1,1,0
2023-09-17 22:00:00,6,23,168,57,0,16.0,6.8,9.0,0,0,0,1,0,0,0,1,0
2023-09-17 12:00:00,18,13,715,116,0,16.0,6.8,9.0,0,0,0,1,0,0,0,1,0
2023-09-17 10:00:00,5,11,428,38,0,16.0,6.8,9.0,0,0,0,1,0,0,0,1,0
2023-09-17 23:00:00,5,0,290,5,0,16.0,6.8,9.0,0,0,0,1,0,0,0,1,0
2023-09-17 07:00:00,4,8,50,40,0,16.0,6.8,9.0,0,0,0,1,0,0,0,1,0
2023-09-17 21:00:00,3,22,242,82,0,16.0,6.8,9.0,0,0,0,1,0,0,0,1,0
2023-09-16 01:00:00,0,2,38,15,0,14.9,9.2,0.0,0,0,1,0,0,0,0,1,0
2023-09-16 06:00:00,3,7,55,34,0,14.9,9.2,0.0,0,0,1,0,0,0,0,1,0
2023-09-16 23:00:00,0,0,563,13,0,14.9,9.2,0.0,0,0,1,0,0,0,0,1,0
2023-09-17 15:00:00,17,16,894,124,0,16.0,6.8,9.0,0,0,0,1,0,0,0,1,0
2023-09-17 13:00:00,30,14,1028,176,0,16.0,6.8,9.0,0,0,0,1,0,0,0,1,0
2023-09-17 14:00:00,24,15,847,139,0,16.0,6.8,9.0,0,0,0,1,0,0,0,1,0
2023-09-17 19:00:00,22,20,380,139,0,16.0,6.8,9.0,0,0,0,1,0,0,0,1,0
2023-09-17 17:00:00,21,18,653,173,0,16.0,6.8,9.0,0,0,0,1,0,0,0,1,0
2023-09-17 16:00:00,20,17,813,183,0,16.0,6.8,9.0,0,0,0,1,0,0,0,1,0
2023-09-17 18:00:00,18,19,458,157,0,16.0,6.8,9.0,0,0,0,1,0,0,0,1,0
2023-09-17 09:00:00,17,10,142,65,0,16.0,6.8,9.0,0,0,0,1,0,0,0,1,0
2023-09-17 06:00:00,14,7,30,28,0,16.0,6.8,9.0,0,0,0,1,0,0,0,1,0
2023-09-17 11:00:00,13,12,828,112,0,16.0,6.8,9.0,0,0,0,1,0,0,0,1,0
2023-09-17 02:00:00,11,3,144,77,0,16.0,6.8,9.0,0,0,0,1,0,0,0,1,0
2023-09-17 08:00:00,10,9,94,60,0,16.0,6.8,9.0,0,0,0,1,0,0,0,1,0
2023-09-17 20:00:00,9,21,412,77,0,16.0,6.8,9.0,0,0,0,1,0,0,0,1,0
2023-09-17 03:00:00,6,4,73,94,0,16.0,6.8,9.0,0,0,0,1,0,0,0,1,0
2023-09-16 17:00:00,9,18,1450,37,0,14.9,9.2,0.0,0,0,1,0,0,0,0,1,0
2023-09-16 05:00:00,8,6,24,31,0,14.9,9.2,0.0,0,0,1,0,0,0,0,1,0
2023-09-16 09:00:00,20,10,658,172,0,14.9,9.2,0.0,0,0,1,0,0,0,0,1,0
2023-09-16 15:00:00,19,16,1741,223,0,14.9,9.2,0.0,0,0,1,0,0,0,0,1,0
2023-09-16 10:00:00,17,11,1082,164,0,14.9,9.2,0.0,0,0,1,0,0,0,0,1,0
2023-09-16 16:00:00,12,17,1587,131,0,14.9,9.2,0.0,0,0,1,0,0,0,0,1,0
2023-09-16 00:00:00,2,1,158,59,0,14.9,9.2,0.0,0,0,1,0,0,0,0,1,0
2023-09-16 04:00:00,2,5,25,29,0,14.9,9.2,0.0,0,0,1,0,0,0,0,1,0
2023-09-15 03:00:00,0,4,24,8,0,15.5,9.8,13.2,1,0,0,0,0,0,0,1,0
2023-09-15 02:00:00,0,3,78,5,0,15.5,9.8,13.2,1,0,0,0,0,0,0,1,0
2023-09-15 01:00:00,0,2,139,4,0,15.5,9.8,13.2,1,0,0,0,0,0,0,1,0
2023-09-15 05:00:00,0,6,25,0,0,15.5,9.8,13.2,1,0,0,0,0,0,0,1,0
2023-09-16 14:00:00,37,15,1959,193,0,14.9,9.2,0.0,0,0,1,0,0,0,0,1,0
2023-09-16 12:00:00,33,13,1530,189,0,14.9,9.2,0.0,0,0,1,0,0,0,0,1,0
2023-09-16 13:00:00,32,14,1864,239,0,14.9,9.2,0.0,0,0,1,0,0,0,0,1,0
2023-09-16 11:00:00,31,12,1391,194,0,14.9,9.2,0.0,0,0,1,0,0,0,0,1,0
2023-09-16 20:00:00,2,21,863,16,0,14.9,9.2,0.0,0,0,1,0,0,0,0,1,0
2023-09-16 21:00:00,2,22,813,12,0,14.9,9.2,0.0,0,0,1,0,0,0,0,1,0
2023-09-15 21:00:00,2,22,373,50,0,15.5,9.8,13.2,1,0,0,0,0,0,0,1,0
2023-09-15 06:00:00,2,7,40,13,0,15.5,9.8,13.2,1,0,0,0,0,0,0,1,0
2023-09-15 00:00:00,1,1,180,41,0,15.5,9.8,13.2,1,0,0,0,0,0,0,1,0
2023-09-15 04:00:00,1,5,13,3,0,15.5,9.8,13.2,1,0,0,0,0,0,0,1,0
2023-09-16 03:00:00,6,4,57,56,0,14.9,9.2,0.0,0,0,1,0,0,0,0,1,0
2023-09-16 19:00:00,6,20,1008,25,0,14.9,9.2,0.0,0,0,1,0,0,0,0,1,0
2023-09-16 07:00:00,5,8,139,77,0,14.9,9.2,0.0,0,0,1,0,0,0,0,1,0
2023-09-16 18:00:00,5,19,1124,20,0,14.9,9.2,0.0,0,0,1,0,0,0,0,1,0
2023-09-16 22:00:00,5,23,712,18,0,14.9,9.2,0.0,0,0,1,0,0,0,0,1,0
2023-09-16 08:00:00,4,9,296,106,0,14.9,9.2,0.0,0,0,1,0,0,0,0,1,0
2023-09-16 02:00:00,3,3,126,78,0,14.9,9.2,0.0,0,0,1,0,0,0,0,1,0
2023-09-19 15:00:00,3,16,597,1,0,19.3,6.9,4.7,0,0,0,0,0,1,0,1,0
2023-09-19 09:00:00,2,10,363,10,0,19.3,6.9,4.7,0,0,0,0,0,1,0,1,0
2023-09-19 16:00:00,2,17,567,8,0,19.3,6.9,4.7,0,0,0,0,0,1,0,1,0
2023-09-19 01:00:00,1,2,93,30,0,19.3,6.9,4.7,0,0,0,0,0,1,0,1,0
2023-09-19 10:00:00,1,11,463,9,0,19.3,6.9,4.7,0,0,0,0,0,1,0,1,0
2023-09-19 14:00:00,1,15,579,6,0,19.3,6.9,4.7,0,0,0,0,0,1,0,1,0
2023-09-19 18:00:00,1,19,407,6,0,19.3,6.9,4.7,0,0,0,0,0,1,0,1,0
2023-09-19 06:00:00,1,7,35,3,0,19.3,6.9,4.7,0,0,0,0,0,1,0,1,0
2023-09-19 20:00:00,1,21,46,2,0,19.3,6.9,4.7,0,0,0,0,0,1,0,1,0
2023-09-19 21:00:00,1,22,32,2,0,19.3,6.9,4.7,0,0,0,0,0,1,0,1,0
2023-09-19 17:00:00,10,18,601,7,0,19.3,6.9,4.7,0,0,0,0,0,1,0,1,0
2023-09-19 13:00:00,9,14,696,5,0,19.3,6.9,4.7,0,0,0,0,0,1,0,1,0
2023-09-19 12:00:00,7,13,656,2,0,19.3,6.9,4.7,0,0,0,0,0,1,0,1,0
2023-09-19 11:00:00,7,12,522,2,0,19.3,6.9,4.7,0,0,0,0,0,1,0,1,0
2023-09-17 04:00:00,2,5,24,38,0,16.0,6.8,9.0,0,0,0,1,0,0,0,1,0
2023-09-18 16:00:00,16,17,873,217,0,11.2,11.0,1.9,0,1,0,0,0,0,0,1,0
2023-09-18 12:00:00,15,13,878,67,0,11.2,11.0,1.9,0,1,0,0,0,0,0,1,0
2023-09-18 14:00:00,14,15,825,183,0,11.2,11.0,1.9,0,1,0,0,0,0,0,1,0
2023-09-18 17:00:00,11,18,789,215,0,11.2,11.0,1.9,0,1,0,0,0,0,0,1,0
2023-09-18 15:00:00,9,16,807,180,0,11.2,11.0,1.9,0,1,0,0,0,0,0,1,0
2023-09-18 13:00:00,8,14,1069,146,0,11.2,11.0,1.9,0,1,0,0,0,0,0,1,0
2023-09-18 01:00:00,1,2,68,33,0,11.2,11.0,1.9,0,1,0,0,0,0,0,1,0
2023-09-17 01:00:00,0,2,451,15,0,16.0,6.8,9.0,0,0,0,1,0,0,0,1,0
2023-09-18 00:00:00,1,1,135,13,0,11.2,11.0,1.9,0,1,0,0,0,0,0,1,0
2023-09-18 07:00:00,1,8,37,7,0,11.2,11.0,1.9,0,1,0,0,0,0,0,1,0
2023-09-17 00:00:00,1,1,463,15,0,16.0,6.8,9.0,0,0,0,1,0,0,0,1,0
2023-09-18 22:00:00,4,23,206,102,0,11.2,11.0,1.9,0,1,0,0,0,0,0,1,0
2023-09-18 23:00:00,3,0,113,58,0,11.2,11.0,1.9,0,1,0,0,0,0,0,1,0
2023-09-18 10:00:00,3,11,272,46,0,11.2,11.0,1.9,0,1,0,0,0,0,0,1,0
2023-09-18 08:00:00,3,9,171,23,0,11.2,11.0,1.9,0,1,0,0,0,0,0,1,0
2023-09-18 19:00:00,30,20,557,160,0,11.2,11.0,1.9,0,1,0,0,0,0,0,1,0
2023-09-18 09:00:00,2,10,275,83,0,11.2,11.0,1.9,0,1,0,0,0,0,0,1,0
2023-09-18 11:00:00,2,12,604,50,0,11.2,11.0,1.9,0,1,0,0,0,0,0,1,0
2023-09-18 02:00:00,2,3,42,36,0,11.2,11.0,1.9,0,1,0,0,0,0,0,1,0
2023-09-18 20:00:00,26,21,396,138,0,11.2,11.0,1.9,0,1,0,0,0,0,0,1,0
2023-09-18 04:00:00,2,5,8,12,0,11.2,11.0,1.9,0,1,0,0,0,0,0,1,0
2023-09-17 05:00:00,0,6,22,29,0,16.0,6.8,9.0,0,0,0,1,0,0,0,1,0
2023-09-18 21:00:00,23,22,277,127,0,11.2,11.0,1.9,0,1,0,0,0,0,0,1,0
2023-09-18 18:00:00,18,19,606,201,0,11.2,11.0,1.9,0,1,0,0,0,0,0,1,0
2023-09-18 03:00:00,0,4,9,4,0,11.2,11.0,1.9,0,1,0,0,0,0,0,1,0
2023-09-18 06:00:00,0,7,8,2,0,11.2,11.0,1.9,0,1,0,0,0,0,0,1,0
2023-09-18 05:00:00,0,6,5,2,0,11.2,11.0,1.9,0,1,0,0,0,0,0,1,0
2023-09-20 14:00:00,13,15,650,42,0,15.9,9.4,0.2,0,0,0,0,0,0,1,1,0
2023-09-19 00:00:00,0,1,150,48,0,19.3,6.9,4.7,0,0,0,0,0,1,0,1,0
2023-09-19 02:00:00,0,3,36,35,0,19.3,6.9,4.7,0,0,0,0,0,1,0,1,0
2023-09-19 03:00:00,0,4,5,15,0,19.3,6.9,4.7,0,0,0,0,0,1,0,1,0
2023-09-19 08:00:00,0,9,346,7,0,19.3,6.9,4.7,0,0,0,0,0,1,0,1,0
2023-09-19 04:00:00,0,5,10,6,0,19.3,6.9,4.7,0,0,0,0,0,1,0,1,0
2023-09-19 23:00:00,0,0,35,5,0,19.3,6.9,4.7,0,0,0,0,0,1,0,1,0
2023-09-19 05:00:00,0,6,12,5,0,19.3,6.9,4.7,0,0,0,0,0,1,0,1,0
2023-09-19 22:00:00,0,23,31,4,0,19.3,6.9,4.7,0,0,0,0,0,1,0,1,0
2023-09-19 07:00:00,0,8,127,2,0,19.3,6.9,4.7,0,0,0,0,0,1,0,1,0
2023-09-19 19:00:00,0,20,44,0,0,19.3,6.9,4.7,0,0,0,0,0,1,0,1,0
2023-09-21 13:00:00,6,14,628,7,0,15.4,9.2,0.0,0,0,0,0,1,0,0,1,0
2023-09-20 20:00:00,11,21,394,62,0,15.9,9.4,0.2,0,0,0,0,0,0,1,1,0
2023-09-21 06:00:00,6,7,41,7,0,15.4,9.2,0.0,0,0,0,0,1,0,0,1,0
2023-09-20 12:00:00,11,13,781,32,0,15.9,9.4,0.2,0,0,0,0,0,0,1,1,0
2023-09-20 07:00:00,11,8,148,14,0,15.9,9.4,0.2,0,0,0,0,0,0,1,1,0
2023-09-21 14:00:00,13,15,559,10,0,15.4,9.2,0.0,0,0,0,0,1,0,0,1,0
2023-09-21 10:00:00,16,11,508,72,0,15.4,9.2,0.0,0,0,0,0,1,0,0,1,0
2023-09-21 21:00:00,5,22,250,21,0,15.4,9.2,0.0,0,0,0,0,1,0,0,1,0
2023-09-20 19:00:00,10,20,419,76,0,15.9,9.4,0.2,0,0,0,0,0,0,1,1,0
2023-09-20 08:00:00,10,9,345,13,0,15.9,9.4,0.2,0,0,0,0,0,0,1,1,0
2023-09-20 22:00:00,0,23,243,16,0,15.9,9.4,0.2,0,0,0,0,0,0,1,1,0
2023-09-20 00:00:00,0,1,65,4,0,15.9,9.4,0.2,0,0,0,0,0,0,1,1,0
2023-09-20 06:00:00,0,7,37,4,0,15.9,9.4,0.2,0,0,0,0,0,0,1,1,0
2023-09-20 23:00:00,3,0,166,3,0,15.9,9.4,0.2,0,0,0,0,0,0,1,1,0
2023-09-20 04:00:00,0,5,10,4,0,15.9,9.4,0.2,0,0,0,0,0,0,1,1,0
2023-09-21 22:00:00,3,23,236,57,0,15.4,9.2,0.0,0,0,0,0,1,0,0,1,0
2023-09-21 12:00:00,10,13,619,13,0,15.4,9.2,0.0,0,0,0,0,1,0,0,1,0
2023-09-20 05:00:00,0,6,13,2,0,15.9,9.4,0.2,0,0,0,0,0,0,1,1,0
2023-09-20 03:00:00,0,4,12,2,0,15.9,9.4,0.2,0,0,0,0,0,0,1,1,0
2023-09-20 11:00:00,2,12,596,79,0,15.9,9.4,0.2,0,0,0,0,0,0,1,1,0
2023-09-20 21:00:00,2,22,354,28,0,15.9,9.4,0.2,0,0,0,0,0,0,1,1,0
2023-09-20 10:00:00,2,11,614,25,0,15.9,9.4,0.2,0,0,0,0,0,0,1,1,0
2023-09-20 01:00:00,1,2,44,1,0,15.9,9.4,0.2,0,0,0,0,0,0,1,1,0
2023-09-20 02:00:00,0,3,33,1,0,15.9,9.4,0.2,0,0,0,0,0,0,1,1,0
2023-09-21 09:00:00,9,10,343,91,0,15.4,9.2,0.0,0,0,0,0,1,0,0,1,0
2023-09-20 13:00:00,9,14,766,20,0,15.9,9.4,0.2,0,0,0,0,0,0,1,1,0
2023-09-21 15:00:00,9,16,603,7,0,15.4,9.2,0.0,0,0,0,0,1,0,0,1,0
2023-09-21 18:00:00,8,19,523,27,0,15.4,9.2,0.0,0,0,0,0,1,0,0,1,0
2023-09-21 17:00:00,8,18,626,11,0,15.4,9.2,0.0,0,0,0,0,1,0,0,1,0
2023-09-20 15:00:00,8,16,628,64,0,15.9,9.4,0.2,0,0,0,0,0,0,1,1,0
2023-09-20 17:00:00,8,18,737,50,0,15.9,9.4,0.2,0,0,0,0,0,0,1,1,0
2023-09-21 11:00:00,2,12,456,26,0,15.4,9.2,0.0,0,0,0,0,1,0,0,1,0
2023-09-20 16:00:00,7,17,692,63,0,15.9,9.4,0.2,0,0,0,0,0,0,1,1,0
2023-09-21 23:00:00,2,0,214,6,0,15.4,9.2,0.0,0,0,0,0,1,0,0,1,0
2023-09-21 07:00:00,7,8,113,12,0,15.4,9.2,0.0,0,0,0,0,1,0,0,1,0
2023-09-21 16:00:00,2,17,691,2,0,15.4,9.2,0.0,0,0,0,0,1,0,0,1,0
2023-09-21 19:00:00,6,20,430,16,0,15.4,9.2,0.0,0,0,0,0,1,0,0,1,0
2023-09-20 18:00:00,5,19,565,44,0,15.9,9.4,0.2,0,0,0,0,0,0,1,1,0
2023-09-21 08:00:00,6,9,353,10,0,15.4,9.2,0.0,0,0,0,0,1,0,0,1,0
2023-09-20 09:00:00,5,10,431,26,0,15.9,9.4,0.2,0,0,0,0,0,0,1,1,0
2023-09-22 05:00:00,0,6,15,33,0,11.2,8.2,0.0,1,0,0,0,0,0,0,1,0
2023-09-22 04:00:00,0,5,6,32,0,11.2,8.2,0.0,1,0,0,0,0,0,0,1,0
2023-09-23 17:00:00,9,18,1049,16,0,18.3,6.9,1.2,0,0,1,0,0,0,0,1,0
2023-09-22 07:00:00,14,8,125,93,0,11.2,8.2,0.0,1,0,0,0,0,0,0,1,0
2023-09-23 09:00:00,22,10,495,142,0,18.3,6.9,1.2,0,0,1,0,0,0,0,1,0
2023-09-23 15:00:00,8,16,1430,119,0,18.3,6.9,1.2,0,0,1,0,0,0,0,1,0
2023-09-23 20:00:00,3,21,753,24,0,18.3,6.9,1.2,0,0,1,0,0,0,0,1,0
2023-09-21 00:00:00,1,1,161,7,0,15.4,9.2,0.0,0,0,0,0,1,0,0,1,0
2023-09-22 00:00:00,0,1,239,6,0,11.2,8.2,0.0,1,0,0,0,0,0,0,1,0
2023-09-23 21:00:00,8,22,722,21,0,18.3,6.9,1.2,0,0,1,0,0,0,0,1,0
2023-09-22 20:00:00,13,21,596,262,0,11.2,8.2,0.0,1,0,0,0,0,0,0,1,0
2023-09-23 14:00:00,7,15,1451,133,0,18.3,6.9,1.2,0,0,1,0,0,0,0,1,0
2023-09-23 07:00:00,7,8,73,86,0,18.3,6.9,1.2,0,0,1,0,0,0,0,1,0
2023-09-23 18:00:00,7,19,891,19,0,18.3,6.9,1.2,0,0,1,0,0,0,0,1,0
2023-09-23 19:00:00,4,20,874,37,0,18.3,6.9,1.2,0,0,1,0,0,0,0,1,0
2023-09-22 16:00:00,13,17,1036,210,0,11.2,8.2,0.0,1,0,0,0,0,0,0,1,0
2023-09-22 18:00:00,13,19,520,181,0,11.2,8.2,0.0,1,0,0,0,0,0,0,1,0
2023-09-22 22:00:00,11,23,530,188,0,11.2,8.2,0.0,1,0,0,0,0,0,0,1,0
2023-09-23 11:00:00,26,12,994,157,0,18.3,6.9,1.2,0,0,1,0,0,0,0,1,0
2023-09-22 06:00:00,2,7,64,43,0,11.2,8.2,0.0,1,0,0,0,0,0,0,1,0
2023-09-23 10:00:00,18,11,855,194,0,18.3,6.9,1.2,0,0,1,0,0,0,0,1,0
2023-09-22 02:00:00,2,3,80,20,0,11.2,8.2,0.0,1,0,0,0,0,0,0,1,0
2023-09-22 09:00:00,29,10,330,171,0,11.2,8.2,0.0,1,0,0,0,0,0,0,1,0
2023-09-22 12:00:00,27,13,779,197,0,11.2,8.2,0.0,1,0,0,0,0,0,0,1,0
2023-09-22 11:00:00,26,12,677,150,0,11.2,8.2,0.0,1,0,0,0,0,0,0,1,0
2023-09-22 13:00:00,22,14,982,224,0,11.2,8.2,0.0,1,0,0,0,0,0,0,1,0
2023-09-22 14:00:00,20,15,936,217,0,11.2,8.2,0.0,1,0,0,0,0,0,0,1,0
2023-09-22 08:00:00,19,9,349,126,0,11.2,8.2,0.0,1,0,0,0,0,0,0,1,0
2023-09-22 21:00:00,18,22,579,268,0,11.2,8.2,0.0,1,0,0,0,0,0,0,1,0
2023-09-22 15:00:00,18,16,956,195,0,11.2,8.2,0.0,1,0,0,0,0,0,0,1,0
2023-09-22 10:00:00,17,11,561,168,0,11.2,8.2,0.0,1,0,0,0,0,0,0,1,0
2023-09-22 19:00:00,14,20,639,197,0,11.2,8.2,0.0,1,0,0,0,0,0,0,1,0
2023-09-23 13:00:00,15,14,1368,208,0,18.3,6.9,1.2,0,0,1,0,0,0,0,1,0
2023-09-23 12:00:00,14,13,1301,156,0,18.3,6.9,1.2,0,0,1,0,0,0,0,1,0
2023-09-21 03:00:00,0,4,6,22,0,15.4,9.2,0.0,0,0,0,0,1,0,0,1,0
2023-09-23 22:00:00,1,23,720,18,0,18.3,6.9,1.2,0,0,1,0,0,0,0,1,0
2023-09-23 06:00:00,1,7,28,10,0,18.3,6.9,1.2,0,0,1,0,0,0,0,1,0
2023-09-23 01:00:00,1,2,157,8,0,18.3,6.9,1.2,0,0,1,0,0,0,0,1,0
2023-09-23 05:00:00,1,6,23,3,0,18.3,6.9,1.2,0,0,1,0,0,0,0,1,0
2023-09-21 20:00:00,0,21,290,15,0,15.4,9.2,0.0,0,0,0,0,1,0,0,1,0
2023-09-22 23:00:00,1,0,279,94,0,11.2,8.2,0.0,1,0,0,0,0,0,0,1,0
2023-09-22 03:00:00,1,4,19,27,0,11.2,8.2,0.0,1,0,0,0,0,0,0,1,0
2023-09-21 02:00:00,0,3,71,4,0,15.4,9.2,0.0,0,0,0,0,1,0,0,1,0
2023-09-21 01:00:00,0,2,92,3,0,15.4,9.2,0.0,0,0,0,0,1,0,0,1,0
2023-09-21 05:00:00,0,6,35,1,0,15.4,9.2,0.0,0,0,0,0,1,0,0,1,0
2023-09-21 04:00:00,0,5,18,1,0,15.4,9.2,0.0,0,0,0,0,1,0,0,1,0
2023-09-22 17:00:00,38,18,1066,223,0,11.2,8.2,0.0,1,0,0,0,0,0,0,1,0
2023-09-22 01:00:00,1,2,77,1,0,11.2,8.2,0.0,1,0,0,0,0,0,0,1,0
2023-09-23 08:00:00,12,9,302,90,0,18.3,6.9,1.2,0,0,1,0,0,0,0,1,0
2023-09-23 16:00:00,11,17,1124,107,0,18.3,6.9,1.2,0,0,1,0,0,0,0,1,0
2023-09-24 04:00:00,0,5,15,2,0,18.8,9.3,2.5,0,0,0,1,0,0,0,1,0
2023-09-25 09:00:00,9,10,467,159,0,16.7,12.4,0.0,0,1,0,0,0,0,0,1,0
2023-09-24 05:00:00,0,6,23,0,0,18.8,9.3,2.5,0,0,0,1,0,0,0,1,0
2023-09-24 10:00:00,5,11,501,6,0,18.8,9.3,2.5,0,0,0,1,0,0,0,1,0
2023-09-23 23:00:00,0,0,551,27,0,18.3,6.9,1.2,0,0,1,0,0,0,0,1,0
2023-09-24 12:00:00,5,13,851,3,0,18.8,9.3,2.5,0,0,0,1,0,0,0,1,0
2023-09-24 18:00:00,13,19,396,112,0,18.8,9.3,2.5,0,0,0,1,0,0,0,1,0
2023-09-23 00:00:00,0,1,212,6,0,18.3,6.9,1.2,0,0,1,0,0,0,0,1,0
2023-09-25 19:00:00,8,20,349,27,0,16.7,12.4,0.0,0,1,0,0,0,0,0,1,0
2023-09-23 04:00:00,0,5,12,5,0,18.3,6.9,1.2,0,0,1,0,0,0,0,1,0
2023-09-25 18:00:00,8,19,425,15,0,16.7,12.4,0.0,0,1,0,0,0,0,0,1,0
2023-09-24 11:00:00,5,12,689,2,0,18.8,9.3,2.5,0,0,0,1,0,0,0,1,0
2023-09-23 03:00:00,0,4,38,4,0,18.3,6.9,1.2,0,0,1,0,0,0,0,1,0
2023-09-23 02:00:00,0,3,93,3,0,18.3,6.9,1.2,0,0,1,0,0,0,0,1,0
2023-09-25 11:00:00,7,12,658,69,0,16.7,12.4,0.0,0,1,0,0,0,0,0,1,0
2023-09-25 06:00:00,1,7,36,5,0,16.7,12.4,0.0,0,1,0,0,0,0,0,1,0
2023-09-24 23:00:00,1,0,53,34,0,18.8,9.3,2.5,0,0,0,1,0,0,0,1,0
2023-09-25 05:00:00,1,6,10,4,0,16.7,12.4,0.0,0,1,0,0,0,0,0,1,0
2023-09-25 07:00:00,6,8,112,55,0,16.7,12.4,0.0,0,1,0,0,0,0,0,1,0
2023-09-24 20:00:00,10,21,350,115,0,18.8,9.3,2.5,0,0,0,1,0,0,0,1,0
2023-09-24 00:00:00,1,1,448,13,0,18.8,9.3,2.5,0,0,0,1,0,0,0,1,0
2023-09-25 08:00:00,27,9,315,108,0,16.7,12.4,0.0,0,1,0,0,0,0,0,1,0
2023-09-24 19:00:00,9,20,431,137,0,18.8,9.3,2.5,0,0,0,1,0,0,0,1,0
2023-09-24 21:00:00,9,22,186,116,0,18.8,9.3,2.5,0,0,0,1,0,0,0,1,0
2023-09-25 00:00:00,5,1,50,90,0,16.7,12.4,0.0,0,1,0,0,0,0,0,1,0
2023-09-25 13:00:00,5,14,900,10,0,16.7,12.4,0.0,0,1,0,0,0,0,0,1,0
2023-09-25 16:00:00,4,17,675,3,0,16.7,12.4,0.0,0,1,0,0,0,0,0,1,0
2023-09-25 23:00:00,3,0,145,75,0,16.7,12.4,0.0,0,1,0,0,0,0,0,1,0
2023-09-25 20:00:00,3,21,444,32,0,16.7,12.4,0.0,0,1,0,0,0,0,0,1,0
2023-09-25 21:00:00,3,22,227,26,0,16.7,12.4,0.0,0,1,0,0,0,0,0,1,0
2023-09-25 22:00:00,3,23,221,17,0,16.7,12.4,0.0,0,1,0,0,0,0,0,1,0
2023-09-25 14:00:00,2,15,706,13,0,16.7,12.4,0.0,0,1,0,0,0,0,0,1,0
2023-09-24 06:00:00,1,7,20,2,0,18.8,9.3,2.5,0,0,0,1,0,0,0,1,0
2023-09-25 01:00:00,0,2,18,75,0,16.7,12.4,0.0,0,1,0,0,0,0,0,1,0
2023-09-25 02:00:00,0,3,30,40,0,16.7,12.4,0.0,0,1,0,0,0,0,0,1,0
2023-09-25 03:00:00,0,4,12,5,0,16.7,12.4,0.0,0,1,0,0,0,0,0,1,0
2023-09-25 04:00:00,0,5,11,2,0,16.7,12.4,0.0,0,1,0,0,0,0,0,1,0
2023-09-25 10:00:00,12,11,597,134,0,16.7,12.4,0.0,0,1,0,0,0,0,0,1,0
2023-09-24 17:00:00,3,18,450,13,0,18.8,9.3,2.5,0,0,0,1,0,0,0,1,0
2023-09-24 14:00:00,3,15,793,6,0,18.8,9.3,2.5,0,0,0,1,0,0,0,1,0
2023-09-25 12:00:00,12,13,805,13,0,16.7,12.4,0.0,0,1,0,0,0,0,0,1,0
2023-09-24 15:00:00,7,16,819,5,0,18.8,9.3,2.5,0,0,0,1,0,0,0,1,0
2023-09-25 17:00:00,12,18,697,7,0,16.7,12.4,0.0,0,1,0,0,0,0,0,1,0
2023-09-24 07:00:00,2,8,37,3,0,18.8,9.3,2.5,0,0,0,1,0,0,0,1,0
2023-09-25 15:00:00,11,16,658,11,0,16.7,12.4,0.0,0,1,0,0,0,0,0,1,0
2023-09-24 16:00:00,6,17,673,23,0,18.8,9.3,2.5,0,0,0,1,0,0,0,1,0
2023-09-24 22:00:00,0,23,131,24,0,18.8,9.3,2.5,0,0,0,1,0,0,0,1,0
2023-09-24 01:00:00,0,2,303,11,0,18.8,9.3,2.5,0,0,0,1,0,0,0,1,0
2023-09-24 02:00:00,0,3,134,6,0,18.8,9.3,2.5,0,0,0,1,0,0,0,1,0
2023-09-24 13:00:00,6,14,816,2,0,18.8,9.3,2.5,0,0,0,1,0,0,0,1,0
2023-09-24 09:00:00,0,10,259,4,0,18.8,9.3,2.5,0,0,0,1,0,0,0,1,0
2023-09-24 08:00:00,0,9,105,3,0,18.8,9.3,2.5,0,0,0,1,0,0,0,1,0
2023-09-24 03:00:00,0,4,48,2,0,18.8,9.3,2.5,0,0,0,1,0,0,0,1,0
2023-09-26 09:00:00,6,10,428,46,0,15.1,11.4,0.5,0,0,0,0,0,1,0,1,0
2023-09-26 18:00:00,1,19,542,16,0,15.1,11.4,0.5,0,0,0,0,0,1,0,1,0
2023-09-26 14:00:00,6,15,550,32,0,15.1,11.4,0.5,0,0,0,0,0,1,0,1,0
2023-09-26 13:00:00,6,14,745,21,0,15.1,11.4,0.5,0,0,0,0,0,1,0,1,0
2023-09-26 01:00:00,1,2,23,8,0,15.1,11.4,0.5,0,0,0,0,0,1,0,1,0
2023-09-27 02:00:00,0,3,51,39,0,15.6,6.3,9.4,0,0,0,0,0,0,1,1,0
2023-09-26 22:00:00,12,23,293,146,0,15.1,11.4,0.5,0,0,0,0,0,1,0,1,0
2023-09-27 12:00:00,26,13,953,212,0,15.6,6.3,9.4,0,0,0,0,0,0,1,1,0
2023-09-27 14:00:00,23,15,725,211,0,15.6,6.3,9.4,0,0,0,0,0,0,1,1,0
2023-09-27 15:00:00,22,16,549,159,0,15.6,6.3,9.4,0,0,0,0,0,0,1,1,0
2023-09-27 09:00:00,18,10,433,129,0,15.6,6.3,9.4,0,0,0,0,0,0,1,1,0
2023-09-27 10:00:00,17,11,551,167,0,15.6,6.3,9.4,0,0,0,0,0,0,1,1,0
2023-09-27 13:00:00,15,14,908,173,0,15.6,6.3,9.4,0,0,0,0,0,0,1,1,0
2023-09-27 08:00:00,15,9,345,62,0,15.6,6.3,9.4,0,0,0,0,0,0,1,1,0
2023-09-26 21:00:00,12,22,319,135,0,15.1,11.4,0.5,0,0,0,0,0,1,0,1,0
2023-09-27 01:00:00,0,2,95,36,0,15.6,6.3,9.4,0,0,0,0,0,0,1,1,0
2023-09-26 08:00:00,12,9,415,85,0,15.1,11.4,0.5,0,0,0,0,0,1,0,1,0
2023-09-26 20:00:00,5,21,311,103,0,15.1,11.4,0.5,0,0,0,0,0,1,0,1,0
2023-09-26 17:00:00,5,18,673,7,0,15.1,11.4,0.5,0,0,0,0,0,1,0,1,0
2023-09-26 19:00:00,4,20,314,8,0,15.1,11.4,0.5,0,0,0,0,0,1,0,1,0
2023-09-26 10:00:00,3,11,553,32,0,15.1,11.4,0.5,0,0,0,0,0,1,0,1,0
2023-09-26 11:00:00,2,12,521,86,0,15.1,11.4,0.5,0,0,0,0,0,1,0,1,0
2023-09-26 05:00:00,2,6,23,49,0,15.1,11.4,0.5,0,0,0,0,0,1,0,1,0
2023-09-26 06:00:00,2,7,51,25,0,15.1,11.4,0.5,0,0,0,0,0,1,0,1,0
2023-09-26 00:00:00,2,1,85,8,0,15.1,11.4,0.5,0,0,0,0,0,1,0,1,0
2023-09-26 16:00:00,2,17,655,4,0,15.1,11.4,0.5,0,0,0,0,0,1,0,1,0
2023-09-27 11:00:00,12,12,663,176,0,15.6,6.3,9.4,0,0,0,0,0,0,1,1,0
2023-09-27 05:00:00,0,6,22,27,0,15.6,6.3,9.4,0,0,0,0,0,0,1,1,0
2023-09-27 21:00:00,0,22,205,20,0,15.6,6.3,9.4,0,0,0,0,0,0,1,1,0
2023-09-27 04:00:00,0,5,10,17,0,15.6,6.3,9.4,0,0,0,0,0,0,1,1,0
2023-09-27 19:00:00,2,20,302,33,0,15.6,6.3,9.4,0,0,0,0,0,0,1,1,0
2023-09-27 03:00:00,2,4,10,15,0,15.6,6.3,9.4,0,0,0,0,0,0,1,1,0
2023-09-27 23:00:00,2,0,153,12,0,15.6,6.3,9.4,0,0,0,0,0,0,1,1,0
2023-09-27 17:00:00,1,18,213,44,0,15.6,6.3,9.4,0,0,0,0,0,0,1,1,0
2023-09-27 20:00:00,1,21,261,21,0,15.6,6.3,9.4,0,0,0,0,0,0,1,1,0
2023-09-27 22:00:00,1,23,130,12,0,15.6,6.3,9.4,0,0,0,0,0,0,1,1,0
2023-09-26 04:00:00,0,5,6,25,0,15.1,11.4,0.5,0,0,0,0,0,1,0,1,0
2023-09-26 15:00:00,10,16,663,8,0,15.1,11.4,0.5,0,0,0,0,0,1,0,1,0
2023-09-26 02:00:00,0,3,39,22,0,15.1,11.4,0.5,0,0,0,0,0,1,0,1,0
2023-09-26 23:00:00,9,0,123,93,0,15.1,11.4,0.5,0,0,0,0,0,1,0,1,0
2023-09-26 07:00:00,9,8,132,68,0,15.1,11.4,0.5,0,0,0,0,0,1,0,1,0
2023-09-26 03:00:00,0,4,7,12,0,15.1,11.4,0.5,0,0,0,0,0,1,0,1,0
2023-09-27 07:00:00,8,8,134,69,0,15.6,6.3,9.4,0,0,0,0,0,0,1,1,0
2023-09-27 16:00:00,6,17,365,81,0,15.6,6.3,9.4,0,0,0,0,0,0,1,1,0
2023-09-26 12:00:00,7,13,652,46,0,15.1,11.4,0.5,0,0,0,0,0,1,0,1,0
2023-09-27 00:00:00,5,1,139,77,0,15.6,6.3,9.4,0,0,0,0,0,0,1,1,0
2023-09-27 18:00:00,5,19,311,15,0,15.6,6.3,9.4,0,0,0,0,0,0,1,1,0
2023-09-27 06:00:00,4,7,36,42,0,15.6,6.3,9.4,0,0,0,0,0,0,1,1,0
2023-09-28 18:00:00,3,19,562,9,0,16.9,11.1,0.5,0,0,0,0,1,0,0,1,0
2023-09-28 00:00:00,2,1,152,14,0,16.9,11.1,0.5,0,0,0,0,1,0,0,1,0
2023-09-28 11:00:00,1,12,812,16,0,16.9,11.1,0.5,0,0,0,0,1,0,0,1,0
2023-09-28 23:00:00,1,0,205,8,0,16.9,11.1,0.5,0,0,0,0,1,0,0,1,0
2023-09-29 17:00:00,18,18,1133,14,0,11.2,11.2,0.0,1,0,0,0,0,0,0,1,0
2023-09-29 18:00:00,16,19,850,31,0,11.2,11.2,0.0,1,0,0,0,0,0,0,1,0
2023-09-29 16:00:00,12,17,1131,10,0,11.2,11.2,0.0,1,0,0,0,0,0,0,1,0
2023-09-29 13:00:00,12,14,841,8,0,11.2,11.2,0.0,1,0,0,0,0,0,0,1,0
2023-09-29 12:00:00,10,13,710,9,0,11.2,11.2,0.0,1,0,0,0,0,0,0,1,0
2023-09-28 20:00:00,17,21,496,149,0,16.9,11.1,0.5,0,0,0,0,1,0,0,1,0
2023-09-28 08:00:00,17,9,376,110,0,16.9,11.1,0.5,0,0,0,0,1,0,0,1,0
2023-09-28 09:00:00,13,10,500,104,0,16.9,11.1,0.5,0,0,0,0,1,0,0,1,0
2023-09-28 07:00:00,13,8,127,95,0,16.9,11.1,0.5,0,0,0,0,1,0,0,1,0
2023-09-28 14:00:00,12,15,716,24,0,16.9,11.1,0.5,0,0,0,0,1,0,0,1,0
2023-09-28 15:00:00,10,16,802,96,0,16.9,11.1,0.5,0,0,0,0,1,0,0,1,0
2023-09-29 20:00:00,8,21,554,34,0,11.2,11.2,0.0,1,0,0,0,0,0,0,1,0
2023-09-28 06:00:00,0,7,51,11,0,16.9,11.1,0.5,0,0,0,0,1,0,0,1,0
2023-09-28 17:00:00,9,18,795,62,0,16.9,11.1,0.5,0,0,0,0,1,0,0,1,0
2023-09-29 19:00:00,2,20,694,41,0,11.2,11.2,0.0,1,0,0,0,0,0,0,1,0
2023-09-28 02:00:00,0,3,62,10,0,16.9,11.1,0.5,0,0,0,0,1,0,0,1,0
2023-09-29 09:00:00,8,10,443,8,0,11.2,11.2,0.0,1,0,0,0,0,0,0,1,0
2023-09-29 14:00:00,8,15,812,2,0,11.2,11.2,0.0,1,0,0,0,0,0,0,1,0
2023-09-29 07:00:00,5,8,83,9,0,11.2,11.2,0.0,1,0,0,0,0,0,0,1,0
2023-09-29 11:00:00,5,12,658,8,0,11.2,11.2,0.0,1,0,0,0,0,0,0,1,0
2023-09-29 21:00:00,4,22,632,16,0,11.2,11.2,0.0,1,0,0,0,0,0,0,1,0
2023-09-29 15:00:00,4,16,862,8,0,11.2,11.2,0.0,1,0,0,0,0,0,0,1,0
2023-09-29 22:00:00,3,23,750,15,0,11.2,11.2,0.0,1,0,0,0,0,0,0,1,0
2023-09-29 08:00:00,3,9,282,8,0,11.2,11.2,0.0,1,0,0,0,0,0,0,1,0
2023-09-29 10:00:00,2,11,522,16,0,11.2,11.2,0.0,1,0,0,0,0,0,0,1,0
2023-09-29 00:00:00,2,1,137,11,0,11.2,11.2,0.0,1,0,0,0,0,0,0,1,0
2023-09-28 01:00:00,0,2,51,5,0,16.9,11.1,0.5,0,0,0,0,1,0,0,1,0
2023-09-28 03:00:00,0,4,9,5,0,16.9,11.1,0.5,0,0,0,0,1,0,0,1,0
2023-09-28 05:00:00,0,6,28,3,0,16.9,11.1,0.5,0,0,0,0,1,0,0,1,0
2023-09-28 04:00:00,0,5,18,1,0,16.9,11.1,0.5,0,0,0,0,1,0,0,1,0
2023-09-28 16:00:00,7,17,873,128,0,16.9,11.1,0.5,0,0,0,0,1,0,0,1,0
2023-09-28 22:00:00,7,23,502,41,0,16.9,11.1,0.5,0,0,0,0,1,0,0,1,0
2023-09-28 12:00:00,7,13,745,24,0,16.9,11.1,0.5,0,0,0,0,1,0,0,1,0
2023-09-28 13:00:00,6,14,944,20,0,16.9,11.1,0.5,0,0,0,0,1,0,0,1,0
2023-09-28 21:00:00,5,22,540,33,0,16.9,11.1,0.5,0,0,0,0,1,0,0,1,0
2023-09-28 19:00:00,4,20,433,73,0,16.9,11.1,0.5,0,0,0,0,1,0,0,1,0
2023-09-28 10:00:00,4,11,627,53,0,16.9,11.1,0.5,0,0,0,0,1,0,0,1,0
2023-09-29 06:00:00,0,7,38,7,0,11.2,11.2,0.0,1,0,0,0,0,0,0,1,0
2023-09-29 02:00:00,0,3,54,4,0,11.2,11.2,0.0,1,0,0,0,0,0,0,1,0
2023-09-29 03:00:00,0,4,10,4,0,11.2,11.2,0.0,1,0,0,0,0,0,0,1,0
2023-09-29 01:00:00,0,2,53,3,0,11.2,11.2,0.0,1,0,0,0,0,0,0,1,0
2023-09-29 04:00:00,0,5,10,2,0,11.2,11.2,0.0,1,0,0,0,0,0,0,1,0
2023-09-30 11:00:00,40,12,1147,154,0,18.6,7.7,2.1,0,0,1,0,0,0,0,1,0
2023-09-30 13:00:00,31,14,1131,192,0,18.6,7.7,2.1,0,0,1,0,0,0,0,1,0
2023-09-30 10:00:00,26,11,796,154,0,18.6,7.7,2.1,0,0,1,0,0,0,0,1,0
2023-09-29 23:00:00,1,0,569,19,0,11.2,11.2,0.0,1,0,0,0,0,0,0,1,0
2023-09-29 05:00:00,1,6,17,4,0,11.2,11.2,0.0,1,0,0,0,0,0,0,1,0
2023-09-30 16:00:00,2,17,1120,13,0,18.6,7.7,2.1,0,0,1,0,0,0,0,1,0
2023-09-30 02:00:00,2,3,177,10,0,18.6,7.7,2.1,0,0,1,0,0,0,0,1,0
2023-09-30 19:00:00,1,20,850,31,0,18.6,7.7,2.1,0,0,1,0,0,0,0,1,0
2023-09-30 01:00:00,1,2,279,14,0,18.6,7.7,2.1,0,0,1,0,0,0,0,1,0
2023-09-30 21:00:00,1,22,748,10,0,18.6,7.7,2.1,0,0,1,0,0,0,0,1,0
2023-09-30 17:00:00,1,18,1337,9,0,18.6,7.7,2.1,0,0,1,0,0,0,0,1,0
2023-09-30 20:00:00,1,21,828,6,0,18.6,7.7,2.1,0,0,1,0,0,0,0,1,0
2023-09-30 05:00:00,1,6,18,5,0,18.6,7.7,2.1,0,0,1,0,0,0,0,1,0
2023-09-30 22:00:00,0,23,614,49,0,18.6,7.7,2.1,0,0,1,0,0,0,0,1,0
2023-09-30 00:00:00,0,1,479,24,0,18.6,7.7,2.1,0,0,1,0,0,0,0,1,0
2023-09-30 04:00:00,0,5,19,6,0,18.6,7.7,2.1,0,0,1,0,0,0,0,1,0
2023-09-30 03:00:00,0,4,75,3,0,18.6,7.7,2.1,0,0,1,0,0,0,0,1,0
2023-09-30 14:00:00,22,15,1121,152,0,18.6,7.7,2.1,0,0,1,0,0,0,0,1,0
2023-09-30 12:00:00,21,13,1371,133,0,18.6,7.7,2.1,0,0,1,0,0,0,0,1,0
2023-09-30 23:00:00,5,0,841,17,0,18.6,7.7,2.1,0,0,1,0,0,0,0,1,0
2023-09-30 09:00:00,16,10,488,125,0,18.6,7.7,2.1,0,0,1,0,0,0,0,1,0
2023-09-30 15:00:00,16,16,1128,87,0,18.6,7.7,2.1,0,0,1,0,0,0,0,1,0
2023-09-30 08:00:00,14,9,214,113,0,18.6,7.7,2.1,0,0,1,0,0,0,0,1,0
2023-09-30 18:00:00,3,19,1024,38,0,18.6,7.7,2.1,0,0,1,0,0,0,0,1,0
2023-09-30 06:00:00,3,7,46,11,0,18.6,7.7,2.1,0,0,1,0,0,0,0,1,0
2023-09-30 07:00:00,6,8,66,60,0,18.6,7.7,2.1,0,0,1,0,0,0,0,1,0
