ds,y,Finishing time,Number of Bicycles,Number of People,isHoliday,TMAX,TMIN,PRCP,Day of the Week_Fri,Day of the Week_Mon,Day of the Week_Sat,Day of the Week_Sun,Day of the Week_Thu,Day of the Week_Tue,Day of the Week_Wed,TimeZone_BST,TimeZone_GMT
2023-08-05 19:00:00,1343,20,23,255,0,17.5,5.5,9.2,0,0,1,0,0,0,0,1,0
2023-08-05 12:00:00,2476,13,22,630,0,17.5,5.5,9.2,0,0,1,0,0,0,0,1,0
2023-08-05 07:00:00,419,8,22,101,0,17.5,5.5,9.2,0,0,1,0,0,0,0,1,0
2023-08-05 22:00:00,287,23,19,1385,0,17.5,5.5,9.2,0,0,1,0,0,0,0,1,0
2023-08-01 19:00:00,1405,20,46,862,0,17.8,13.1,0.0,0,0,0,0,0,1,0,1,0
2023-08-05 21:00:00,546,22,14,864,0,17.5,5.5,9.2,0,0,1,0,0,0,0,1,0
2023-08-05 01:00:00,175,2,5,37,0,17.5,5.5,9.2,0,0,1,0,0,0,0,1,0
2023-08-01 13:00:00,2114,14,45,558,0,17.8,13.1,0.0,0,0,0,0,0,1,0,1,0
2023-08-09 02:00:00,78,3,0,0,0,22.8,8.8,0.0,0,0,0,0,0,0,1,1,0
2023-08-03 19:00:00,1536,20,33,258,0,17.3,11.8,0.0,0,0,0,0,1,0,0,1,0
2023-08-05 00:00:00,277,1,4,72,0,17.5,5.5,9.2,0,0,1,0,0,0,0,1,0
2023-08-01 08:00:00,2758,9,42,238,0,17.8,13.1,0.0,0,0,0,0,0,1,0,1,0
2023-08-11 03:00:00,46,4,0,1,0,20.8,15.8,0.0,1,0,0,0,0,0,0,1,0
2023-08-09 01:00:00,77,2,0,4,0,22.8,8.8,0.0,0,0,0,0,0,0,1,1,0
2023-08-03 20:00:00,1253,21,32,264,0,17.3,11.8,0.0,0,0,0,0,1,0,0,1,0
2023-08-05 06:00:00,206,7,4,67,0,17.5,5.5,9.2,0,0,1,0,0,0,0,1,0
2023-08-01 15:00:00,1664,16,38,1237,0,17.8,13.1,0.0,0,0,0,0,0,1,0,1,0
2023-08-12 16:00:00,2080,17,214,940,0,19.7,15.4,11.4,0,0,1,0,0,0,0,1,0
2023-08-09 03:00:00,52,4,0,0,0,22.8,8.8,0.0,0,0,0,0,0,0,1,1,0
2023-08-03 16:00:00,1391,17,30,208,0,17.3,11.8,0.0,0,0,0,0,1,0,0,1,0
2023-08-05 04:00:00,80,5,3,25,0,17.5,5.5,9.2,0,0,1,0,0,0,0,1,0
2023-08-01 07:00:00,1730,8,27,155,0,17.8,13.1,0.0,0,0,0,0,0,1,0,1,0
2023-08-12 14:00:00,2448,15,190,924,0,19.7,15.4,11.4,0,0,1,0,0,0,0,1,0
2023-08-01 17:00:00,2784,18,68,1176,0,17.8,13.1,0.0,0,0,0,0,0,1,0,1,0
2023-08-01 14:00:00,1940,15,61,637,0,17.8,13.1,0.0,0,0,0,0,0,1,0,1,0
2023-08-01 10:00:00,1997,11,60,369,0,17.8,13.1,0.0,0,0,0,0,0,1,0,1,0
2023-08-01 09:00:00,2018,10,55,283,0,17.8,13.1,0.0,0,0,0,0,0,1,0,1,0
2023-08-01 11:00:00,2348,12,53,582,0,17.8,13.1,0.0,0,0,0,0,0,1,0,1,0
2023-08-01 12:00:00,2415,13,48,511,0,17.8,13.1,0.0,0,0,0,0,0,1,0,1,0
2023-08-01 18:00:00,2088,19,47,927,0,17.8,13.1,0.0,0,0,0,0,0,1,0,1,0
2023-08-01 16:00:00,2274,17,46,1360,0,17.8,13.1,0.0,0,0,0,0,0,1,0,1,0
2023-08-10 17:00:00,2786,18,77,1507,0,22.5,14.2,5.0,0,0,0,0,1,0,0,1,0
2023-08-12 15:00:00,1997,16,155,780,0,19.7,15.4,11.4,0,0,1,0,0,0,0,1,0
2023-08-05 02:00:00,101,3,2,21,0,17.5,5.5,9.2,0,0,1,0,0,0,0,1,0
2023-08-03 07:00:00,1584,8,25,119,0,17.3,11.8,0.0,0,0,0,0,1,0,0,1,0
2023-08-10 18:00:00,1958,19,69,1218,0,22.5,14.2,5.0,0,0,0,0,1,0,0,1,0
2023-08-01 20:00:00,1082,21,22,569,0,17.8,13.1,0.0,0,0,0,0,0,1,0,1,0
2023-08-12 13:00:00,2498,14,129,804,0,19.7,15.4,11.4,0,0,1,0,0,0,0,1,0
2023-08-05 03:00:00,60,4,1,11,0,17.5,5.5,9.2,0,0,1,0,0,0,0,1,0
2023-08-03 22:00:00,532,23,15,136,0,17.3,11.8,0.0,0,0,0,0,1,0,0,1,0
2023-08-10 12:00:00,2267,13,66,680,0,22.5,14.2,5.0,0,0,0,0,1,0,0,1,0
2023-08-01 21:00:00,718,22,18,174,0,17.8,13.1,0.0,0,0,0,0,0,1,0,1,0
2023-08-12 11:00:00,2234,12,119,777,0,19.7,15.4,11.4,0,0,1,0,0,0,0,1,0
2023-08-05 05:00:00,115,6,0,30,0,17.5,5.5,9.2,0,0,1,0,0,0,0,1,0
2023-08-06 11:00:00,2186,12,94,509,0,20.0,5.5,3.0,0,0,0,1,0,0,0,1,0
2023-08-06 12:00:00,2594,13,73,725,0,20.0,5.5,3.0,0,0,0,1,0,0,0,1,0
2023-08-06 10:00:00,1911,11,61,494,0,20.0,5.5,3.0,0,0,0,1,0,0,0,1,0
2023-08-06 14:00:00,2430,15,53,572,0,20.0,5.5,3.0,0,0,0,1,0,0,0,1,0
2023-08-06 17:00:00,2033,18,50,372,0,20.0,5.5,3.0,0,0,0,1,0,0,0,1,0
2023-08-06 13:00:00,2486,14,46,617,0,20.0,5.5,3.0,0,0,0,1,0,0,0,1,0
2023-08-06 16:00:00,2250,17,46,513,0,20.0,5.5,3.0,0,0,0,1,0,0,0,1,0
2023-08-06 15:00:00,2356,16,43,470,0,20.0,5.5,3.0,0,0,0,1,0,0,0,1,0
2023-08-06 18:00:00,1552,19,43,360,0,20.0,5.5,3.0,0,0,0,1,0,0,0,1,0
2023-08-06 19:00:00,1388,20,30,311,0,20.0,5.5,3.0,0,0,0,1,0,0,0,1,0
2023-08-06 09:00:00,1103,10,20,162,0,20.0,5.5,3.0,0,0,0,1,0,0,0,1,0
2023-08-06 00:00:00,211,1,17,1034,0,20.0,5.5,3.0,0,0,0,1,0,0,0,1,0
2023-08-06 20:00:00,1027,21,16,193,0,20.0,5.5,3.0,0,0,0,1,0,0,0,1,0
2023-08-06 21:00:00,822,22,13,163,0,20.0,5.5,3.0,0,0,0,1,0,0,0,1,0
2023-08-06 22:00:00,548,23,13,133,0,20.0,5.5,3.0,0,0,0,1,0,0,0,1,0
2023-08-06 01:00:00,250,2,11,102,0,20.0,5.5,3.0,0,0,0,1,0,0,0,1,0
2023-08-06 08:00:00,635,9,10,89,0,20.0,5.5,3.0,0,0,0,1,0,0,0,1,0
2023-08-06 07:00:00,479,8,10,31,0,20.0,5.5,3.0,0,0,0,1,0,0,0,1,0
2023-08-06 06:00:00,251,7,5,30,0,20.0,5.5,3.0,0,0,0,1,0,0,0,1,0
2023-08-06 03:00:00,108,4,4,14,0,20.0,5.5,3.0,0,0,0,1,0,0,0,1,0
2023-08-06 05:00:00,110,6,3,2,0,20.0,5.5,3.0,0,0,0,1,0,0,0,1,0
2023-08-06 02:00:00,158,3,2,25,0,20.0,5.5,3.0,0,0,0,1,0,0,0,1,0
2023-08-06 04:00:00,87,5,2,18,0,20.0,5.5,3.0,0,0,0,1,0,0,0,1,0
2023-08-06 23:00:00,320,0,1,76,0,20.0,5.5,3.0,0,0,0,1,0,0,0,1,0
2023-08-07 09:00:00,1924,10,76,232,1,19.9,9.5,0.0,0,1,0,0,0,0,0,1,0
2023-08-07 10:00:00,2033,11,73,451,1,19.9,9.5,0.0,0,1,0,0,0,0,0,1,0
2023-08-07 11:00:00,2143,12,67,548,1,19.9,9.5,0.0,0,1,0,0,0,0,0,1,0
2023-08-07 12:00:00,2628,13,64,612,1,19.9,9.5,0.0,0,1,0,0,0,0,0,1,0
2023-08-07 08:00:00,2339,9,57,154,1,19.9,9.5,0.0,0,1,0,0,0,0,0,1,0
2023-08-07 07:00:00,1690,8,29,79,1,19.9,9.5,0.0,0,1,0,0,0,0,0,1,0
2023-08-07 19:00:00,1059,20,27,196,1,19.9,9.5,0.0,0,1,0,0,0,0,0,1,0
2023-08-07 20:00:00,1130,21,17,241,1,19.9,9.5,0.0,0,1,0,0,0,0,0,1,0
2023-08-07 22:00:00,532,23,14,152,1,19.9,9.5,0.0,0,1,0,0,0,0,0,1,0
2023-08-07 21:00:00,820,22,13,191,1,19.9,9.5,0.0,0,1,0,0,0,0,0,1,0
2023-08-07 06:00:00,584,7,12,34,1,19.9,9.5,0.0,0,1,0,0,0,0,0,1,0
2023-08-07 13:00:00,538,14,11,149,1,19.9,9.5,0.0,0,1,0,0,0,0,0,1,0
2023-08-07 23:00:00,326,0,3,40,1,19.9,9.5,0.0,0,1,0,0,0,0,0,1,0
2023-08-07 00:00:00,190,1,3,34,1,19.9,9.5,0.0,0,1,0,0,0,0,0,1,0
2023-08-12 10:00:00,2056,11,106,340,0,19.7,15.4,11.4,0,0,1,0,0,0,0,1,0
2023-08-01 06:00:00,625,7,14,82,0,17.8,13.1,0.0,0,0,0,0,0,1,0,1,0
2023-08-10 20:00:00,1112,21,58,902,0,22.5,14.2,5.0,0,0,0,0,1,0,0,1,0
2023-08-12 12:00:00,2217,13,95,1073,0,19.7,15.4,11.4,0,0,1,0,0,0,0,1,0
2023-08-03 21:00:00,838,22,12,207,0,17.3,11.8,0.0,0,0,0,0,1,0,0,1,0
2023-08-01 23:00:00,308,0,10,149,0,17.8,13.1,0.0,0,0,0,0,0,1,0,1,0
2023-08-10 10:00:00,1906,11,54,369,0,22.5,14.2,5.0,0,0,0,0,1,0,0,1,0
2023-08-12 17:00:00,1824,18,68,709,0,19.7,15.4,11.4,0,0,1,0,0,0,0,1,0
2023-08-03 06:00:00,395,7,6,144,0,17.3,11.8,0.0,0,0,0,0,1,0,0,1,0
2023-08-01 22:00:00,570,23,7,128,0,17.8,13.1,0.0,0,0,0,0,0,1,0,1,0
2023-08-10 16:00:00,2645,17,51,463,0,22.5,14.2,5.0,0,0,0,0,1,0,0,1,0
2023-08-12 09:00:00,1618,10,59,202,0,19.7,15.4,11.4,0,0,1,0,0,0,0,1,0
2023-08-03 23:00:00,301,0,6,64,0,17.3,11.8,0.0,0,0,0,0,1,0,0,1,0
2023-08-01 00:00:00,123,1,1,12,0,17.8,13.1,0.0,0,0,0,0,0,1,0,1,0
2023-08-10 15:00:00,1935,16,49,592,0,22.5,14.2,5.0,0,0,0,0,1,0,0,1,0
2023-08-12 18:00:00,1602,19,51,490,0,19.7,15.4,11.4,0,0,1,0,0,0,0,1,0
2023-08-03 05:00:00,208,6,4,99,0,17.3,11.8,0.0,0,0,0,0,1,0,0,1,0
2023-08-03 00:00:00,207,1,2,73,0,17.3,11.8,0.0,0,0,0,0,1,0,0,1,0
2023-08-03 04:00:00,90,5,2,12,0,17.3,11.8,0.0,0,0,0,0,1,0,0,1,0
2023-08-03 02:00:00,108,3,1,24,0,17.3,11.8,0.0,0,0,0,0,1,0,0,1,0
2023-08-03 01:00:00,113,2,0,35,0,17.3,11.8,0.0,0,0,0,0,1,0,0,1,0
2023-08-03 03:00:00,63,4,0,3,0,17.3,11.8,0.0,0,0,0,0,1,0,0,1,0
2023-08-04 12:00:00,406,13,77,634,0,15.4,11.3,1.6,1,0,0,0,0,0,0,1,0
2023-08-04 15:00:00,2540,16,72,716,0,15.4,11.3,1.6,1,0,0,0,0,0,0,1,0
2023-08-04 17:00:00,2377,18,66,521,0,15.4,11.3,1.6,1,0,0,0,0,0,0,1,0
2023-08-04 10:00:00,2023,11,63,458,0,15.4,11.3,1.6,1,0,0,0,0,0,0,1,0
2023-08-04 11:00:00,1259,12,62,634,0,15.4,11.3,1.6,1,0,0,0,0,0,0,1,0
2023-08-04 16:00:00,2501,17,54,675,0,15.4,11.3,1.6,1,0,0,0,0,0,0,1,0
2023-08-04 14:00:00,1602,15,50,1013,0,15.4,11.3,1.6,1,0,0,0,0,0,0,1,0
2023-08-04 18:00:00,1863,19,49,445,0,15.4,11.3,1.6,1,0,0,0,0,0,0,1,0
2023-08-04 08:00:00,2112,9,41,143,0,15.4,11.3,1.6,1,0,0,0,0,0,0,1,0
2023-08-04 19:00:00,1429,20,41,352,0,15.4,11.3,1.6,1,0,0,0,0,0,0,1,0
2023-08-04 07:00:00,1513,8,38,97,0,15.4,11.3,1.6,1,0,0,0,0,0,0,1,0
2023-08-04 09:00:00,1722,10,34,238,0,15.4,11.3,1.6,1,0,0,0,0,0,0,1,0
2023-08-04 20:00:00,1027,21,33,279,0,15.4,11.3,1.6,1,0,0,0,0,0,0,1,0
2023-08-04 13:00:00,80,14,27,808,0,15.4,11.3,1.6,1,0,0,0,0,0,0,1,0
2023-08-04 06:00:00,552,7,11,58,0,15.4,11.3,1.6,1,0,0,0,0,0,0,1,0
2023-08-04 22:00:00,487,23,8,218,0,15.4,11.3,1.6,1,0,0,0,0,0,0,1,0
2023-08-04 21:00:00,800,22,6,270,0,15.4,11.3,1.6,1,0,0,0,0,0,0,1,0
2023-08-04 00:00:00,115,1,5,35,0,15.4,11.3,1.6,1,0,0,0,0,0,0,1,0
2023-08-04 23:00:00,200,0,4,140,0,15.4,11.3,1.6,1,0,0,0,0,0,0,1,0
2023-08-04 05:00:00,125,6,2,35,0,15.4,11.3,1.6,1,0,0,0,0,0,0,1,0
2023-08-04 01:00:00,50,2,1,3,0,15.4,11.3,1.6,1,0,0,0,0,0,0,1,0
2023-08-04 04:00:00,45,5,1,5,0,15.4,11.3,1.6,1,0,0,0,0,0,0,1,0
2023-08-04 03:00:00,26,4,1,4,0,15.4,11.3,1.6,1,0,0,0,0,0,0,1,0
2023-08-04 02:00:00,57,3,0,4,0,15.4,11.3,1.6,1,0,0,0,0,0,0,1,0
2023-08-05 15:00:00,2050,16,87,471,0,17.5,5.5,9.2,0,0,1,0,0,0,0,1,0
2023-08-05 17:00:00,1993,18,87,331,0,17.5,5.5,9.2,0,0,1,0,0,0,0,1,0
2023-08-05 14:00:00,2250,15,86,739,0,17.5,5.5,9.2,0,0,1,0,0,0,0,1,0
2023-08-05 16:00:00,2051,17,67,353,0,17.5,5.5,9.2,0,0,1,0,0,0,0,1,0
2023-08-05 10:00:00,1909,11,65,215,0,17.5,5.5,9.2,0,0,1,0,0,0,0,1,0
2023-08-05 09:00:00,1333,10,65,352,0,17.5,5.5,9.2,0,0,1,0,0,0,0,1,0
2023-08-05 11:00:00,2232,12,56,382,0,17.5,5.5,9.2,0,0,1,0,0,0,0,1,0
2023-08-05 18:00:00,1525,19,55,245,0,17.5,5.5,9.2,0,0,1,0,0,0,0,1,0
2023-08-05 13:00:00,2500,14,50,741,0,17.5,5.5,9.2,0,0,1,0,0,0,0,1,0
2023-08-05 20:00:00,1063,21,31,240,0,17.5,5.5,9.2,0,0,1,0,0,0,0,1,0
2023-08-05 08:00:00,721,9,30,212,0,17.5,5.5,9.2,0,0,1,0,0,0,0,1,0
2023-08-05 23:00:00,298,0,29,1286,0,17.5,5.5,9.2,0,0,1,0,0,0,0,1,0
2023-08-07 01:00:00,87,2,3,11,1,19.9,9.5,0.0,0,1,0,0,0,0,0,1,0
2023-08-10 08:00:00,2406,9,46,194,0,22.5,14.2,5.0,0,0,0,0,1,0,0,1,0
2023-08-10 13:00:00,1994,14,46,661,0,22.5,14.2,5.0,0,0,0,0,1,0,0,1,0
2023-08-10 14:00:00,2055,15,43,622,0,22.5,14.2,5.0,0,0,0,0,1,0,0,1,0
2023-08-10 19:00:00,1393,20,43,928,0,22.5,14.2,5.0,0,0,0,0,1,0,0,1,0
2023-08-10 11:00:00,2082,12,36,485,0,22.5,14.2,5.0,0,0,0,0,1,0,0,1,0
2023-08-10 09:00:00,1906,10,35,273,0,22.5,14.2,5.0,0,0,0,0,1,0,0,1,0
2023-08-10 07:00:00,1639,8,21,115,0,22.5,14.2,5.0,0,0,0,0,1,0,0,1,0
2023-08-10 21:00:00,828,22,13,539,0,22.5,14.2,5.0,0,0,0,0,1,0,0,1,0
2023-08-10 22:00:00,619,23,9,414,0,22.5,14.2,5.0,0,0,0,0,1,0,0,1,0
2023-08-10 06:00:00,586,7,7,56,0,22.5,14.2,5.0,0,0,0,0,1,0,0,1,0
2023-08-10 00:00:00,185,1,3,42,0,22.5,14.2,5.0,0,0,0,0,1,0,0,1,0
2023-08-10 04:00:00,78,5,1,4,0,22.5,14.2,5.0,0,0,0,0,1,0,0,1,0
2023-08-10 23:00:00,383,0,0,143,0,22.5,14.2,5.0,0,0,0,0,1,0,0,1,0
2023-08-10 05:00:00,230,6,0,15,0,22.5,14.2,5.0,0,0,0,0,1,0,0,1,0
2023-08-10 01:00:00,80,2,0,3,0,22.5,14.2,5.0,0,0,0,0,1,0,0,1,0
2023-08-10 02:00:00,74,3,0,1,0,22.5,14.2,5.0,0,0,0,0,1,0,0,1,0
2023-08-10 03:00:00,51,4,0,0,0,22.5,14.2,5.0,0,0,0,0,1,0,0,1,0
2023-08-11 17:00:00,2751,18,86,449,0,20.8,15.8,0.0,1,0,0,0,0,0,0,1,0
2023-08-11 08:00:00,2188,9,84,191,0,20.8,15.8,0.0,1,0,0,0,0,0,0,1,0
2023-08-11 15:00:00,2671,16,78,542,0,20.8,15.8,0.0,1,0,0,0,0,0,0,1,0
2023-08-11 14:00:00,2599,15,60,586,0,20.8,15.8,0.0,1,0,0,0,0,0,0,1,0
2023-08-11 18:00:00,2187,19,48,425,0,20.8,15.8,0.0,1,0,0,0,0,0,0,1,0
2023-08-11 16:00:00,2890,17,46,468,0,20.8,15.8,0.0,1,0,0,0,0,0,0,1,0
2023-08-11 09:00:00,1952,10,40,202,0,20.8,15.8,0.0,1,0,0,0,0,0,0,1,0
2023-08-11 19:00:00,1638,20,36,359,0,20.8,15.8,0.0,1,0,0,0,0,0,0,1,0
2023-08-11 13:00:00,2556,14,32,519,0,20.8,15.8,0.0,1,0,0,0,0,0,0,1,0
2023-08-11 10:00:00,2328,11,31,419,0,20.8,15.8,0.0,1,0,0,0,0,0,0,1,0
2023-08-11 07:00:00,1538,8,31,91,0,20.8,15.8,0.0,1,0,0,0,0,0,0,1,0
2023-08-11 11:00:00,2242,12,29,463,0,20.8,15.8,0.0,1,0,0,0,0,0,0,1,0
2023-08-11 21:00:00,916,22,26,262,0,20.8,15.8,0.0,1,0,0,0,0,0,0,1,0
2023-08-11 22:00:00,721,23,20,445,0,20.8,15.8,0.0,1,0,0,0,0,0,0,1,0
2023-08-11 12:00:00,550,13,20,846,0,20.8,15.8,0.0,1,0,0,0,0,0,0,1,0
2023-08-11 06:00:00,625,7,19,64,0,20.8,15.8,0.0,1,0,0,0,0,0,0,1,0
2023-08-11 20:00:00,1274,21,17,251,0,20.8,15.8,0.0,1,0,0,0,0,0,0,1,0
2023-08-11 23:00:00,497,0,15,215,0,20.8,15.8,0.0,1,0,0,0,0,0,0,1,0
2023-08-11 00:00:00,227,1,8,93,0,20.8,15.8,0.0,1,0,0,0,0,0,0,1,0
2023-08-11 05:00:00,219,6,1,32,0,20.8,15.8,0.0,1,0,0,0,0,0,0,1,0
2023-08-11 01:00:00,111,2,1,17,0,20.8,15.8,0.0,1,0,0,0,0,0,0,1,0
2023-08-11 04:00:00,112,5,0,2,0,20.8,15.8,0.0,1,0,0,0,0,0,0,1,0
2023-08-11 02:00:00,77,3,0,2,0,20.8,15.8,0.0,1,0,0,0,0,0,0,1,0
2023-08-14 17:00:00,2800,18,72,382,0,20.6,13.5,0.0,0,1,0,0,0,0,0,1,0
2023-08-12 20:00:00,993,21,40,435,0,19.7,15.4,11.4,0,0,1,0,0,0,0,1,0
2023-08-01 01:00:00,86,2,1,6,0,17.8,13.1,0.0,0,0,0,0,0,1,0,1,0
2023-08-12 19:00:00,1241,20,32,464,0,19.7,15.4,11.4,0,0,1,0,0,0,0,1,0
2023-08-12 08:00:00,1130,9,22,117,0,19.7,15.4,11.4,0,0,1,0,0,0,0,1,0
2023-08-12 21:00:00,591,22,21,317,0,19.7,15.4,11.4,0,0,1,0,0,0,0,1,0
2023-08-12 01:00:00,259,2,10,74,0,19.7,15.4,11.4,0,0,1,0,0,0,0,1,0
2023-08-12 06:00:00,260,7,6,93,0,19.7,15.4,11.4,0,0,1,0,0,0,0,1,0
2023-08-12 05:00:00,145,6,5,60,0,19.7,15.4,11.4,0,0,1,0,0,0,0,1,0
2023-08-12 07:00:00,494,8,4,41,0,19.7,15.4,11.4,0,0,1,0,0,0,0,1,0
2023-08-12 03:00:00,92,4,2,24,0,19.7,15.4,11.4,0,0,1,0,0,0,0,1,0
2023-08-12 04:00:00,111,5,1,16,0,19.7,15.4,11.4,0,0,1,0,0,0,0,1,0
2023-08-12 23:00:00,23,0,1,82,0,19.7,15.4,11.4,0,0,1,0,0,0,0,1,0
2023-08-12 00:00:00,253,1,0,73,0,19.7,15.4,11.4,0,0,1,0,0,0,0,1,0
2023-08-12 02:00:00,173,3,0,42,0,19.7,15.4,11.4,0,0,1,0,0,0,0,1,0
2023-08-12 22:00:00,5,23,0,106,0,19.7,15.4,11.4,0,0,1,0,0,0,0,1,0
2023-08-13 12:00:00,2572,13,62,501,0,19.7,13.4,1.1,0,0,0,1,0,0,0,1,0
2023-08-13 11:00:00,2211,12,58,493,0,19.7,13.4,1.1,0,0,0,1,0,0,0,1,0
2023-08-13 17:00:00,1893,18,55,355,0,19.7,13.4,1.1,0,0,0,1,0,0,0,1,0
2023-08-13 19:00:00,1417,20,55,181,0,19.7,13.4,1.1,0,0,0,1,0,0,0,1,0
2023-08-13 13:00:00,2569,14,51,424,0,19.7,13.4,1.1,0,0,0,1,0,0,0,1,0
2023-08-13 14:00:00,2602,15,49,473,0,19.7,13.4,1.1,0,0,0,1,0,0,0,1,0
2023-08-13 09:00:00,1191,10,47,119,0,19.7,13.4,1.1,0,0,0,1,0,0,0,1,0
2023-08-13 10:00:00,1993,11,44,377,0,19.7,13.4,1.1,0,0,0,1,0,0,0,1,0
2023-08-13 16:00:00,2206,17,39,345,0,19.7,13.4,1.1,0,0,0,1,0,0,0,1,0
2023-08-13 15:00:00,2403,16,38,279,0,19.7,13.4,1.1,0,0,0,1,0,0,0,1,0
2023-08-13 18:00:00,1564,19,24,231,0,19.7,13.4,1.1,0,0,0,1,0,0,0,1,0
2023-08-13 08:00:00,592,9,15,50,0,19.7,13.4,1.1,0,0,0,1,0,0,0,1,0
2023-08-13 07:00:00,428,8,11,24,0,19.7,13.4,1.1,0,0,0,1,0,0,0,1,0
2023-08-13 21:00:00,607,22,6,171,0,19.7,13.4,1.1,0,0,0,1,0,0,0,1,0
2023-08-13 22:00:00,423,23,6,153,0,19.7,13.4,1.1,0,0,0,1,0,0,0,1,0
2023-08-07 05:00:00,242,6,2,59,1,19.9,9.5,0.0,0,1,0,0,0,0,0,1,0
2023-08-13 20:00:00,938,21,5,264,0,19.7,13.4,1.1,0,0,0,1,0,0,0,1,0
2023-08-07 04:00:00,109,5,2,32,1,19.9,9.5,0.0,0,1,0,0,0,0,0,1,0
2023-08-01 04:00:00,83,5,1,6,0,17.8,13.1,0.0,0,0,0,0,0,1,0,1,0
2023-08-13 23:00:00,297,0,2,61,0,19.7,13.4,1.1,0,0,0,1,0,0,0,1,0
2023-08-07 02:00:00,56,3,2,4,1,19.9,9.5,0.0,0,1,0,0,0,0,0,1,0
2023-08-14 16:00:00,2859,17,60,247,0,20.6,13.5,0.0,0,1,0,0,0,0,0,1,0
2023-08-01 05:00:00,251,6,0,43,0,17.8,13.1,0.0,0,0,0,0,0,1,0,1,0
2023-08-13 06:00:00,137,7,1,51,0,19.7,13.4,1.1,0,0,0,1,0,0,0,1,0
2023-08-14 08:00:00,1950,9,45,290,0,20.6,13.5,0.0,0,1,0,0,0,0,0,1,0
2023-08-01 02:00:00,66,3,0,5,0,17.8,13.1,0.0,0,0,0,0,0,1,0,1,0
2023-08-13 04:00:00,71,5,1,45,0,19.7,13.4,1.1,0,0,0,1,0,0,0,1,0
2023-08-14 19:00:00,1315,20,42,434,0,20.6,13.5,0.0,0,1,0,0,0,0,0,1,0
2023-08-01 03:00:00,41,4,0,2,0,17.8,13.1,0.0,0,0,0,0,0,1,0,1,0
2023-08-13 01:00:00,13,2,1,15,0,19.7,13.4,1.1,0,0,0,1,0,0,0,1,0
2023-08-14 20:00:00,1010,21,40,430,0,20.6,13.5,0.0,0,1,0,0,0,0,0,1,0
2023-08-02 17:00:00,2629,18,113,398,0,19.8,13.5,2.1,0,0,0,0,0,0,1,1,0
2023-08-13 05:00:00,32,6,0,58,0,19.7,13.4,1.1,0,0,0,1,0,0,0,1,0
2023-08-14 18:00:00,2184,19,34,267,0,20.6,13.5,0.0,0,1,0,0,0,0,0,1,0
2023-08-02 16:00:00,2507,17,74,672,0,19.8,13.5,2.1,0,0,0,0,0,0,1,1,0
2023-08-13 00:00:00,16,1,0,87,0,19.7,13.4,1.1,0,0,0,1,0,0,0,1,0
2023-08-14 13:00:00,979,14,32,157,0,20.6,13.5,0.0,0,1,0,0,0,0,0,1,0
2023-08-02 18:00:00,1918,19,57,251,0,19.8,13.5,2.1,0,0,0,0,0,0,1,1,0
2023-08-13 03:00:00,13,4,0,8,0,19.7,13.4,1.1,0,0,0,1,0,0,0,1,0
2023-08-14 15:00:00,2082,16,27,67,0,20.6,13.5,0.0,0,1,0,0,0,0,0,1,0
2023-08-02 15:00:00,2316,16,53,915,0,19.8,13.5,2.1,0,0,0,0,0,0,1,1,0
2023-08-13 02:00:00,8,3,0,15,0,19.7,13.4,1.1,0,0,0,1,0,0,0,1,0
2023-08-14 14:00:00,1794,15,25,63,0,20.6,13.5,0.0,0,1,0,0,0,0,0,1,0
2023-08-02 13:00:00,2018,14,53,986,0,19.8,13.5,2.1,0,0,0,0,0,0,1,1,0
2023-08-14 09:00:00,1467,10,87,308,0,20.6,13.5,0.0,0,1,0,0,0,0,0,1,0
2023-08-14 07:00:00,1236,8,21,183,0,20.6,13.5,0.0,0,1,0,0,0,0,0,1,0
2023-08-07 03:00:00,64,4,1,28,1,19.9,9.5,0.0,0,1,0,0,0,0,0,1,0
2023-08-02 12:00:00,2123,13,50,1201,0,19.8,13.5,2.1,0,0,0,0,0,0,1,1,0
2023-08-14 12:00:00,1840,13,18,138,0,20.6,13.5,0.0,0,1,0,0,0,0,0,1,0
2023-08-08 17:00:00,2960,18,127,330,0,19.1,7.7,0.2,0,0,0,0,0,1,0,1,0
2023-08-02 14:00:00,1939,15,43,964,0,19.8,13.5,2.1,0,0,0,0,0,0,1,1,0
2023-08-14 10:00:00,2441,11,14,68,0,20.6,13.5,0.0,0,1,0,0,0,0,0,1,0
2023-08-08 18:00:00,2253,19,99,342,0,19.1,7.7,0.2,0,0,0,0,0,1,0,1,0
2023-08-02 11:00:00,2057,12,40,871,0,19.8,13.5,2.1,0,0,0,0,0,0,1,1,0
2023-08-14 11:00:00,2654,12,13,45,0,20.6,13.5,0.0,0,1,0,0,0,0,0,1,0
2023-08-08 08:00:00,2358,9,92,226,0,19.1,7.7,0.2,0,0,0,0,0,1,0,1,0
2023-08-02 10:00:00,1347,11,40,469,0,19.8,13.5,2.1,0,0,0,0,0,0,1,1,0
2023-08-14 06:00:00,463,7,11,70,0,20.6,13.5,0.0,0,1,0,0,0,0,0,1,0
2023-08-08 15:00:00,2513,16,91,449,0,19.1,7.7,0.2,0,0,0,0,0,1,0,1,0
2023-08-02 08:00:00,2698,9,38,215,0,19.8,13.5,2.1,0,0,0,0,0,0,1,1,0
2023-08-14 22:00:00,510,23,8,99,0,20.6,13.5,0.0,0,1,0,0,0,0,0,1,0
2023-08-08 16:00:00,3159,17,90,460,0,19.1,7.7,0.2,0,0,0,0,0,1,0,1,0
2023-08-02 09:00:00,1987,10,35,258,0,19.8,13.5,2.1,0,0,0,0,0,0,1,1,0
2023-08-14 21:00:00,737,22,5,254,0,20.6,13.5,0.0,0,1,0,0,0,0,0,1,0
2023-08-08 12:00:00,2558,13,89,592,0,19.1,7.7,0.2,0,0,0,0,0,1,0,1,0
2023-08-02 20:00:00,921,21,26,166,0,19.8,13.5,2.1,0,0,0,0,0,0,1,1,0
2023-08-14 04:00:00,46,5,2,7,0,20.6,13.5,0.0,0,1,0,0,0,0,0,1,0
2023-08-08 10:00:00,2073,11,83,455,0,19.1,7.7,0.2,0,0,0,0,0,1,0,1,0
2023-08-02 07:00:00,1132,8,25,387,0,19.8,13.5,2.1,0,0,0,0,0,0,1,1,0
2023-08-14 01:00:00,93,2,1,13,0,20.6,13.5,0.0,0,1,0,0,0,0,0,1,0
2023-08-08 13:00:00,2218,14,71,669,0,19.1,7.7,0.2,0,0,0,0,0,1,0,1,0
2023-08-02 19:00:00,1263,20,19,240,0,19.8,13.5,2.1,0,0,0,0,0,0,1,1,0
2023-08-14 23:00:00,281,0,0,57,0,20.6,13.5,0.0,0,1,0,0,0,0,0,1,0
2023-08-08 11:00:00,2249,12,63,507,0,19.1,7.7,0.2,0,0,0,0,0,1,0,1,0
2023-08-08 14:00:00,2102,15,55,447,0,19.1,7.7,0.2,0,0,0,0,0,1,0,1,0
2023-08-08 09:00:00,1756,10,48,241,0,19.1,7.7,0.2,0,0,0,0,0,1,0,1,0
2023-08-08 07:00:00,1654,8,38,108,0,19.1,7.7,0.2,0,0,0,0,0,1,0,1,0
2023-08-08 19:00:00,1581,20,35,237,0,19.1,7.7,0.2,0,0,0,0,0,1,0,1,0
2023-08-08 20:00:00,1301,21,31,200,0,19.1,7.7,0.2,0,0,0,0,0,1,0,1,0
2023-08-08 21:00:00,899,22,19,184,0,19.1,7.7,0.2,0,0,0,0,0,1,0,1,0
2023-08-08 06:00:00,616,7,12,61,0,19.1,7.7,0.2,0,0,0,0,0,1,0,1,0
2023-08-08 22:00:00,530,23,7,94,0,19.1,7.7,0.2,0,0,0,0,0,1,0,1,0
2023-08-08 23:00:00,315,0,2,57,0,19.1,7.7,0.2,0,0,0,0,0,1,0,1,0
2023-08-08 05:00:00,244,6,2,24,0,19.1,7.7,0.2,0,0,0,0,0,1,0,1,0
2023-08-08 01:00:00,90,2,2,10,0,19.1,7.7,0.2,0,0,0,0,0,1,0,1,0
2023-08-08 04:00:00,82,5,2,4,0,19.1,7.7,0.2,0,0,0,0,0,1,0,1,0
2023-08-08 00:00:00,146,1,1,31,0,19.1,7.7,0.2,0,0,0,0,0,1,0,1,0
2023-08-08 02:00:00,64,3,0,12,0,19.1,7.7,0.2,0,0,0,0,0,1,0,1,0
2023-08-08 03:00:00,42,4,0,1,0,19.1,7.7,0.2,0,0,0,0,0,1,0,1,0
2023-08-09 17:00:00,2448,18,74,575,0,22.8,8.8,0.0,0,0,0,0,0,0,1,1,0
2023-08-09 16:00:00,2458,17,70,574,0,22.8,8.8,0.0,0,0,0,0,0,0,1,1,0
2023-08-09 15:00:00,1816,16,70,603,0,22.8,8.8,0.0,0,0,0,0,0,0,1,1,0
2023-08-09 09:00:00,1630,10,54,241,0,22.8,8.8,0.0,0,0,0,0,0,0,1,1,0
2023-08-09 13:00:00,2010,14,52,632,0,22.8,8.8,0.0,0,0,0,0,0,0,1,1,0
2023-08-09 14:00:00,1933,15,51,625,0,22.8,8.8,0.0,0,0,0,0,0,0,1,1,0
2023-08-09 12:00:00,1956,13,48,541,0,22.8,8.8,0.0,0,0,0,0,0,0,1,1,0
2023-08-09 10:00:00,1402,11,47,436,0,22.8,8.8,0.0,0,0,0,0,0,0,1,1,0
2023-08-09 08:00:00,2560,9,45,201,0,22.8,8.8,0.0,0,0,0,0,0,0,1,1,0
2023-08-09 11:00:00,1706,12,45,376,0,22.8,8.8,0.0,0,0,0,0,0,0,1,1,0
2023-08-09 18:00:00,1994,19,34,360,0,22.8,8.8,0.0,0,0,0,0,0,0,1,1,0
2023-08-09 19:00:00,1323,20,34,302,0,22.8,8.8,0.0,0,0,0,0,0,0,1,1,0
2023-08-09 07:00:00,1622,8,32,105,0,22.8,8.8,0.0,0,0,0,0,0,0,1,1,0
2023-08-09 20:00:00,1085,21,22,291,0,22.8,8.8,0.0,0,0,0,0,0,0,1,1,0
2023-08-09 22:00:00,561,23,10,145,0,22.8,8.8,0.0,0,0,0,0,0,0,1,1,0
2023-08-09 21:00:00,790,22,9,201,0,22.8,8.8,0.0,0,0,0,0,0,0,1,1,0
2023-08-09 06:00:00,642,7,9,55,0,22.8,8.8,0.0,0,0,0,0,0,0,1,1,0
2023-08-09 23:00:00,287,0,7,58,0,22.8,8.8,0.0,0,0,0,0,0,0,1,1,0
2023-08-09 05:00:00,241,6,4,30,0,22.8,8.8,0.0,0,0,0,0,0,0,1,1,0
2023-08-09 00:00:00,190,1,1,38,0,22.8,8.8,0.0,0,0,0,0,0,0,1,1,0
2023-08-09 04:00:00,93,5,1,1,0,22.8,8.8,0.0,0,0,0,0,0,0,1,1,0
2023-08-02 06:00:00,393,7,14,124,0,19.8,13.5,2.1,0,0,0,0,0,0,1,1,0
2023-08-14 05:00:00,181,6,0,29,0,20.6,13.5,0.0,0,1,0,0,0,0,0,1,0
2023-08-02 21:00:00,609,22,11,184,0,19.8,13.5,2.1,0,0,0,0,0,0,1,1,0
2023-08-02 00:00:00,180,1,8,71,0,19.8,13.5,2.1,0,0,0,0,0,0,1,1,0
2023-08-14 00:00:00,159,1,0,36,0,20.6,13.5,0.0,0,1,0,0,0,0,0,1,0
2023-08-02 22:00:00,395,23,4,101,0,19.8,13.5,2.1,0,0,0,0,0,0,1,1,0
2023-08-14 02:00:00,40,3,0,2,0,20.6,13.5,0.0,0,1,0,0,0,0,0,1,0
2023-08-02 01:00:00,91,2,4,21,0,19.8,13.5,2.1,0,0,0,0,0,0,1,1,0
2023-08-14 03:00:00,23,4,0,14,0,20.6,13.5,0.0,0,1,0,0,0,0,0,1,0
2023-08-02 05:00:00,185,6,3,46,0,19.8,13.5,2.1,0,0,0,0,0,0,1,1,0
2023-08-15 17:00:00,2322,18,125,322,0,18.4,11.2,0.9,0,0,0,0,0,1,0,1,0
2023-08-02 23:00:00,276,0,2,61,0,19.8,13.5,2.1,0,0,0,0,0,0,1,1,0
2023-08-15 08:00:00,1918,9,85,240,0,18.4,11.2,0.9,0,0,0,0,0,1,0,1,0
2023-08-02 02:00:00,70,3,2,2,0,19.8,13.5,2.1,0,0,0,0,0,0,1,1,0
2023-08-15 16:00:00,2143,17,64,310,0,18.4,11.2,0.9,0,0,0,0,0,1,0,1,0
2023-08-02 04:00:00,75,5,1,8,0,19.8,13.5,2.1,0,0,0,0,0,0,1,1,0
2023-08-15 15:00:00,1699,16,55,327,0,18.4,11.2,0.9,0,0,0,0,0,1,0,1,0
2023-08-02 03:00:00,51,4,0,5,0,19.8,13.5,2.1,0,0,0,0,0,0,1,1,0
2023-08-15 09:00:00,1800,10,49,232,0,18.4,11.2,0.9,0,0,0,0,0,1,0,1,0
2023-08-15 10:00:00,1992,11,48,375,0,18.4,11.2,0.9,0,0,0,0,0,1,0,1,0
2023-08-15 12:00:00,2084,13,47,446,0,18.4,11.2,0.9,0,0,0,0,0,1,0,1,0
2023-08-15 18:00:00,2281,19,44,286,0,18.4,11.2,0.9,0,0,0,0,0,1,0,1,0
2023-08-15 19:00:00,1437,20,44,249,0,18.4,11.2,0.9,0,0,0,0,0,1,0,1,0
2023-08-15 13:00:00,1867,14,42,495,0,18.4,11.2,0.9,0,0,0,0,0,1,0,1,0
2023-08-15 07:00:00,1250,8,42,89,0,18.4,11.2,0.9,0,0,0,0,0,1,0,1,0
2023-08-15 11:00:00,2124,12,41,392,0,18.4,11.2,0.9,0,0,0,0,0,1,0,1,0
2023-08-15 14:00:00,1749,15,37,370,0,18.4,11.2,0.9,0,0,0,0,0,1,0,1,0
2023-08-15 20:00:00,1210,21,13,190,0,18.4,11.2,0.9,0,0,0,0,0,1,0,1,0
2023-08-15 06:00:00,414,7,11,58,0,18.4,11.2,0.9,0,0,0,0,0,1,0,1,0
2023-08-15 21:00:00,665,22,5,198,0,18.4,11.2,0.9,0,0,0,0,0,1,0,1,0
2023-08-15 22:00:00,488,23,5,107,0,18.4,11.2,0.9,0,0,0,0,0,1,0,1,0
2023-08-15 23:00:00,259,0,2,63,0,18.4,11.2,0.9,0,0,0,0,0,1,0,1,0
2023-08-15 01:00:00,75,2,2,19,0,18.4,11.2,0.9,0,0,0,0,0,1,0,1,0
2023-08-15 04:00:00,64,5,2,16,0,18.4,11.2,0.9,0,0,0,0,0,1,0,1,0
2023-08-15 05:00:00,135,6,1,20,0,18.4,11.2,0.9,0,0,0,0,0,1,0,1,0
2023-08-15 00:00:00,113,1,0,20,0,18.4,11.2,0.9,0,0,0,0,0,1,0,1,0
2023-08-15 02:00:00,50,3,0,5,0,18.4,11.2,0.9,0,0,0,0,0,1,0,1,0
2023-08-15 03:00:00,40,4,0,7,0,18.4,11.2,0.9,0,0,0,0,0,1,0,1,0
2023-08-16 16:00:00,2989,17,76,558,0,17.7,13.9,0.2,0,0,0,0,0,0,1,1,0
2023-08-16 17:00:00,2894,18,72,372,0,17.7,13.9,0.2,0,0,0,0,0,0,1,1,0
2023-08-16 18:00:00,2208,19,52,223,0,17.7,13.9,0.2,0,0,0,0,0,0,1,1,0
2023-08-03 10:00:00,1902,11,95,387,0,17.3,11.8,0.0,0,0,0,0,1,0,0,1,0
2023-08-03 17:00:00,2269,18,85,1300,0,17.3,11.8,0.0,0,0,0,0,1,0,0,1,0
2023-08-03 12:00:00,2179,13,72,550,0,17.3,11.8,0.0,0,0,0,0,1,0,0,1,0
2023-08-03 08:00:00,2240,9,70,171,0,17.3,11.8,0.0,0,0,0,0,1,0,0,1,0
2023-08-03 11:00:00,1931,12,67,459,0,17.3,11.8,0.0,0,0,0,0,1,0,0,1,0
2023-08-03 18:00:00,2270,19,64,433,0,17.3,11.8,0.0,0,0,0,0,1,0,0,1,0
2023-08-03 14:00:00,2187,15,61,464,0,17.3,11.8,0.0,0,0,0,0,1,0,0,1,0
2023-08-03 09:00:00,1854,10,51,180,0,17.3,11.8,0.0,0,0,0,0,1,0,0,1,0
2023-08-03 15:00:00,2394,16,42,479,0,17.3,11.8,0.0,0,0,0,0,1,0,0,1,0
2023-08-03 13:00:00,2178,14,39,556,0,17.3,11.8,0.0,0,0,0,0,1,0,0,1,0
2023-08-26 20:00:00,1008,21,8,262,0,18.3,5.5,0.8,0,0,1,0,0,0,0,1,0
2023-08-26 22:00:00,694,23,8,145,0,18.3,5.5,0.8,0,0,1,0,0,0,0,1,0
2023-08-26 18:00:00,993,19,7,86,0,18.3,5.5,0.8,0,0,1,0,0,0,0,1,0
2023-08-26 17:00:00,1492,18,6,160,0,18.3,5.5,0.8,0,0,1,0,0,0,0,1,0
2023-08-26 06:00:00,320,7,5,25,0,18.3,5.5,0.8,0,0,1,0,0,0,0,1,0
2023-08-26 01:00:00,170,2,4,38,0,18.3,5.5,0.8,0,0,1,0,0,0,0,1,0
2023-08-26 00:00:00,269,1,3,81,0,18.3,5.5,0.8,0,0,1,0,0,0,0,1,0
2023-08-26 05:00:00,142,6,1,26,0,18.3,5.5,0.8,0,0,1,0,0,0,0,1,0
2023-08-26 02:00:00,83,3,1,12,0,18.3,5.5,0.8,0,0,1,0,0,0,0,1,0
2023-08-26 04:00:00,72,5,1,8,0,18.3,5.5,0.8,0,0,1,0,0,0,0,1,0
2023-08-26 03:00:00,78,4,0,8,0,18.3,5.5,0.8,0,0,1,0,0,0,0,1,0
2023-08-27 13:00:00,2032,14,105,528,0,18.6,5.5,4.8,0,0,0,1,0,0,0,1,0
2023-08-27 14:00:00,2146,15,98,546,0,18.6,5.5,4.8,0,0,0,1,0,0,0,1,0
2023-08-27 15:00:00,2047,16,65,361,0,18.6,5.5,4.8,0,0,0,1,0,0,0,1,0
2023-08-27 17:00:00,1928,18,61,418,0,18.6,5.5,4.8,0,0,0,1,0,0,0,1,0
2023-08-27 10:00:00,1932,11,51,322,0,18.6,5.5,4.8,0,0,0,1,0,0,0,1,0
2023-08-27 12:00:00,374,13,34,1039,0,18.6,5.5,4.8,0,0,0,1,0,0,0,1,0
2023-08-27 16:00:00,2054,17,31,402,0,18.6,5.5,4.8,0,0,0,1,0,0,0,1,0
2023-08-27 08:00:00,708,9,28,54,0,18.6,5.5,4.8,0,0,0,1,0,0,0,1,0
2023-08-27 18:00:00,1543,19,27,250,0,18.6,5.5,4.8,0,0,0,1,0,0,0,1,0
2023-08-27 09:00:00,1363,10,25,98,0,18.6,5.5,4.8,0,0,0,1,0,0,0,1,0
2023-08-27 11:00:00,484,12,24,619,0,18.6,5.5,4.8,0,0,0,1,0,0,0,1,0
2023-08-24 13:00:00,2361,14,33,351,0,17.9,12.1,0.0,0,0,0,0,1,0,0,1,0
2023-08-16 19:00:00,1553,20,44,326,0,17.7,13.9,0.2,0,0,0,0,0,0,1,1,0
2023-08-27 19:00:00,1270,20,20,226,0,18.6,5.5,4.8,0,0,0,1,0,0,0,1,0
2023-08-27 20:00:00,965,21,14,195,0,18.6,5.5,4.8,0,0,0,1,0,0,0,1,0
2023-08-27 21:00:00,654,22,8,154,0,18.6,5.5,4.8,0,0,0,1,0,0,0,1,0
2023-08-27 22:00:00,476,23,8,125,0,18.6,5.5,4.8,0,0,0,1,0,0,0,1,0
2023-08-27 07:00:00,435,8,4,52,0,18.6,5.5,4.8,0,0,0,1,0,0,0,1,0
2023-08-27 06:00:00,248,7,3,23,0,18.6,5.5,4.8,0,0,0,1,0,0,0,1,0
2023-08-27 23:00:00,288,0,2,62,0,18.6,5.5,4.8,0,0,0,1,0,0,0,1,0
2023-08-27 02:00:00,108,3,2,21,0,18.6,5.5,4.8,0,0,0,1,0,0,0,1,0
2023-08-27 00:00:00,355,1,1,87,0,18.6,5.5,4.8,0,0,0,1,0,0,0,1,0
2023-08-27 01:00:00,239,2,0,41,0,18.6,5.5,4.8,0,0,0,1,0,0,0,1,0
2023-08-27 04:00:00,78,5,0,8,0,18.6,5.5,4.8,0,0,0,1,0,0,0,1,0
2023-08-27 05:00:00,70,6,0,21,0,18.6,5.5,4.8,0,0,0,1,0,0,0,1,0
2023-08-27 03:00:00,62,4,0,11,0,18.6,5.5,4.8,0,0,0,1,0,0,0,1,0
2023-08-28 09:00:00,1541,10,80,728,0,18.2,8.5,0.0,0,1,0,0,0,0,0,1,0
2023-08-28 17:00:00,2409,18,65,337,0,18.2,8.5,0.0,0,1,0,0,0,0,0,1,0
2023-08-28 16:00:00,2777,17,58,351,0,18.2,8.5,0.0,0,1,0,0,0,0,0,1,0
2023-08-28 15:00:00,2125,16,44,1192,0,18.2,8.5,0.0,0,1,0,0,0,0,0,1,0
2023-08-28 08:00:00,1848,9,43,826,0,18.2,8.5,0.0,0,1,0,0,0,0,0,1,0
2023-08-28 13:00:00,1908,14,34,1203,0,18.2,8.5,0.0,0,1,0,0,0,0,0,1,0
2023-08-28 10:00:00,1697,11,31,1280,0,18.2,8.5,0.0,0,1,0,0,0,0,0,1,0
2023-08-28 18:00:00,1780,19,30,237,0,18.2,8.5,0.0,0,1,0,0,0,0,0,1,0
2023-08-28 14:00:00,1764,15,27,954,0,18.2,8.5,0.0,0,1,0,0,0,0,0,1,0
2023-08-28 19:00:00,1364,20,25,232,0,18.2,8.5,0.0,0,1,0,0,0,0,0,1,0
2023-08-28 11:00:00,1845,12,24,1315,0,18.2,8.5,0.0,0,1,0,0,0,0,0,1,0
2023-08-28 12:00:00,1871,13,21,1411,0,18.2,8.5,0.0,0,1,0,0,0,0,0,1,0
2023-08-28 07:00:00,1156,8,18,346,0,18.2,8.5,0.0,0,1,0,0,0,0,0,1,0
2023-08-28 20:00:00,1034,21,12,148,0,18.2,8.5,0.0,0,1,0,0,0,0,0,1,0
2023-08-28 06:00:00,555,7,5,43,0,18.2,8.5,0.0,0,1,0,0,0,0,0,1,0
2023-08-22 09:00:00,1815,10,49,794,0,18.0,15.6,0.7,0,0,0,0,0,1,0,1,0
2023-08-24 19:00:00,1411,20,15,275,0,17.9,12.1,0.0,0,0,0,0,1,0,0,1,0
2023-08-22 07:00:00,1226,8,37,516,0,18.0,15.6,0.7,0,0,0,0,0,1,0,1,0
2023-08-16 08:00:00,2902,9,43,210,0,17.7,13.9,0.2,0,0,0,0,0,0,1,1,0
2023-08-24 06:00:00,402,7,13,179,0,17.9,12.1,0.0,0,0,0,0,1,0,0,1,0
2023-08-22 18:00:00,1779,19,30,300,0,18.0,15.6,0.7,0,0,0,0,0,1,0,1,0
2023-08-16 09:00:00,2144,10,41,203,0,17.7,13.9,0.2,0,0,0,0,0,0,1,1,0
2023-08-24 20:00:00,1075,21,11,195,0,17.9,12.1,0.0,0,0,0,0,1,0,0,1,0
2023-08-22 19:00:00,1886,20,28,143,0,18.0,15.6,0.7,0,0,0,0,0,1,0,1,0
2023-08-16 07:00:00,1867,8,39,106,0,17.7,13.9,0.2,0,0,0,0,0,0,1,1,0
2023-08-24 21:00:00,810,22,11,192,0,17.9,12.1,0.0,0,0,0,0,1,0,0,1,0
2023-08-22 22:00:00,338,23,20,139,0,18.0,15.6,0.7,0,0,0,0,0,1,0,1,0
2023-08-16 14:00:00,432,15,38,2584,0,17.7,13.9,0.2,0,0,0,0,0,0,1,1,0
2023-08-24 22:00:00,470,23,7,128,0,17.9,12.1,0.0,0,0,0,0,1,0,0,1,0
2023-08-22 20:00:00,1192,21,18,133,0,18.0,15.6,0.7,0,0,0,0,0,1,0,1,0
2023-08-16 12:00:00,330,13,29,2483,0,17.7,13.9,0.2,0,0,0,0,0,0,1,1,0
2023-08-24 23:00:00,281,0,2,102,0,17.9,12.1,0.0,0,0,0,0,1,0,0,1,0
2023-08-22 21:00:00,762,22,12,108,0,18.0,15.6,0.7,0,0,0,0,0,1,0,1,0
2023-08-16 15:00:00,694,16,25,2030,0,17.7,13.9,0.2,0,0,0,0,0,0,1,1,0
2023-08-24 00:00:00,133,1,2,21,0,17.9,12.1,0.0,0,0,0,0,1,0,0,1,0
2023-08-22 06:00:00,441,7,7,215,0,18.0,15.6,0.7,0,0,0,0,0,1,0,1,0
2023-08-16 13:00:00,385,14,22,2911,0,17.7,13.9,0.2,0,0,0,0,0,0,1,1,0
2023-08-24 03:00:00,95,4,1,13,0,17.9,12.1,0.0,0,0,0,0,1,0,0,1,0
2023-08-22 23:00:00,215,0,4,55,0,18.0,15.6,0.7,0,0,0,0,0,1,0,1,0
2023-08-16 10:00:00,1231,11,17,856,0,17.7,13.9,0.2,0,0,0,0,0,0,1,1,0
2023-08-24 05:00:00,189,6,0,36,0,17.9,12.1,0.0,0,0,0,0,1,0,0,1,0
2023-08-22 02:00:00,73,3,3,13,0,18.0,15.6,0.7,0,0,0,0,0,1,0,1,0
2023-08-16 20:00:00,1223,21,14,200,0,17.7,13.9,0.2,0,0,0,0,0,0,1,1,0
2023-08-24 01:00:00,86,2,0,29,0,17.9,12.1,0.0,0,0,0,0,1,0,0,1,0
2023-08-24 04:00:00,66,5,0,8,0,17.9,12.1,0.0,0,0,0,0,1,0,0,1,0
2023-08-24 02:00:00,60,3,0,10,0,17.9,12.1,0.0,0,0,0,0,1,0,0,1,0
2023-08-25 12:00:00,2535,13,68,423,0,18.5,8.9,0.0,1,0,0,0,0,0,0,1,0
2023-08-25 08:00:00,2371,9,54,191,0,18.5,8.9,0.0,1,0,0,0,0,0,0,1,0
2023-08-25 17:00:00,2542,18,53,439,0,18.5,8.9,0.0,1,0,0,0,0,0,0,1,0
2023-08-25 09:00:00,2141,10,45,227,0,18.5,8.9,0.0,1,0,0,0,0,0,0,1,0
2023-08-25 11:00:00,2253,12,43,337,0,18.5,8.9,0.0,1,0,0,0,0,0,0,1,0
2023-08-25 14:00:00,2610,15,39,459,0,18.5,8.9,0.0,1,0,0,0,0,0,0,1,0
2023-08-25 07:00:00,1568,8,39,86,0,18.5,8.9,0.0,1,0,0,0,0,0,0,1,0
2023-08-25 10:00:00,2217,11,38,367,0,18.5,8.9,0.0,1,0,0,0,0,0,0,1,0
2023-08-25 15:00:00,2785,16,37,457,0,18.5,8.9,0.0,1,0,0,0,0,0,0,1,0
2023-08-25 16:00:00,2739,17,37,467,0,18.5,8.9,0.0,1,0,0,0,0,0,0,1,0
2023-08-25 13:00:00,2430,14,35,463,0,18.5,8.9,0.0,1,0,0,0,0,0,0,1,0
2023-08-25 18:00:00,2128,19,31,269,0,18.5,8.9,0.0,1,0,0,0,0,0,0,1,0
2023-08-25 20:00:00,1033,21,19,245,0,18.5,8.9,0.0,1,0,0,0,0,0,0,1,0
2023-08-25 19:00:00,1404,20,16,313,0,18.5,8.9,0.0,1,0,0,0,0,0,0,1,0
2023-08-25 21:00:00,741,22,14,242,0,18.5,8.9,0.0,1,0,0,0,0,0,0,1,0
2023-08-25 06:00:00,625,7,10,44,0,18.5,8.9,0.0,1,0,0,0,0,0,0,1,0
2023-08-25 23:00:00,297,0,5,131,0,18.5,8.9,0.0,1,0,0,0,0,0,0,1,0
2023-08-25 00:00:00,149,1,5,50,0,18.5,8.9,0.0,1,0,0,0,0,0,0,1,0
2023-08-25 22:00:00,639,23,3,150,0,18.5,8.9,0.0,1,0,0,0,0,0,0,1,0
2023-08-25 04:00:00,101,5,1,1,0,18.5,8.9,0.0,1,0,0,0,0,0,0,1,0
2023-08-25 01:00:00,79,2,1,10,0,18.5,8.9,0.0,1,0,0,0,0,0,0,1,0
2023-08-25 05:00:00,243,6,0,22,0,18.5,8.9,0.0,1,0,0,0,0,0,0,1,0
2023-08-25 03:00:00,77,4,0,4,0,18.5,8.9,0.0,1,0,0,0,0,0,0,1,0
2023-08-25 02:00:00,68,3,0,0,0,18.5,8.9,0.0,1,0,0,0,0,0,0,1,0
2023-08-26 11:00:00,2298,12,82,552,0,18.3,5.5,0.8,0,0,1,0,0,0,0,1,0
2023-08-26 12:00:00,2478,13,63,720,0,18.3,5.5,0.8,0,0,1,0,0,0,0,1,0
2023-08-26 10:00:00,2259,11,63,505,0,18.3,5.5,0.8,0,0,1,0,0,0,0,1,0
2023-08-26 13:00:00,2423,14,60,628,0,18.3,5.5,0.8,0,0,1,0,0,0,0,1,0
2023-08-26 09:00:00,1587,10,56,252,0,18.3,5.5,0.8,0,0,1,0,0,0,0,1,0
2023-08-26 14:00:00,2318,15,52,603,0,18.3,5.5,0.8,0,0,1,0,0,0,0,1,0
2023-08-26 08:00:00,1017,9,24,108,0,18.3,5.5,0.8,0,0,1,0,0,0,0,1,0
2023-08-26 15:00:00,1896,16,21,305,0,18.3,5.5,0.8,0,0,1,0,0,0,0,1,0
2023-08-26 16:00:00,1742,17,16,206,0,18.3,5.5,0.8,0,0,1,0,0,0,0,1,0
2023-08-26 07:00:00,612,8,11,43,0,18.3,5.5,0.8,0,0,1,0,0,0,0,1,0
2023-08-26 21:00:00,834,22,10,228,0,18.3,5.5,0.8,0,0,1,0,0,0,0,1,0
2023-08-26 19:00:00,649,20,9,156,0,18.3,5.5,0.8,0,0,1,0,0,0,0,1,0
2023-08-26 23:00:00,474,0,9,109,0,18.3,5.5,0.8,0,0,1,0,0,0,0,1,0
2023-08-20 17:00:00,2343,18,58,252,0,21.5,14.0,0.0,0,0,0,1,0,0,0,1,0
2023-08-16 06:00:00,685,7,14,63,0,17.7,13.9,0.2,0,0,0,0,0,0,1,1,0
2023-08-16 11:00:00,324,12,13,1859,0,17.7,13.9,0.2,0,0,0,0,0,0,1,1,0
2023-08-16 21:00:00,962,22,8,199,0,17.7,13.9,0.2,0,0,0,0,0,0,1,1,0
2023-08-16 22:00:00,514,23,6,142,0,17.7,13.9,0.2,0,0,0,0,0,0,1,1,0
2023-08-16 23:00:00,302,0,4,78,0,17.7,13.9,0.2,0,0,0,0,0,0,1,1,0
2023-08-16 05:00:00,232,6,1,37,0,17.7,13.9,0.2,0,0,0,0,0,0,1,1,0
2023-08-16 00:00:00,161,1,1,26,0,17.7,13.9,0.2,0,0,0,0,0,0,1,1,0
2023-08-16 04:00:00,99,5,1,4,0,17.7,13.9,0.2,0,0,0,0,0,0,1,1,0
2023-08-16 01:00:00,77,2,0,14,0,17.7,13.9,0.2,0,0,0,0,0,0,1,1,0
2023-08-16 02:00:00,68,3,0,3,0,17.7,13.9,0.2,0,0,0,0,0,0,1,1,0
2023-08-16 03:00:00,64,4,0,6,0,17.7,13.9,0.2,0,0,0,0,0,0,1,1,0
2023-08-17 17:00:00,2887,18,80,428,0,11.2,14.6,0.0,0,0,0,0,1,0,0,1,0
2023-08-17 13:00:00,1983,14,75,1420,0,11.2,14.6,0.0,0,0,0,0,1,0,0,1,0
2023-08-17 14:00:00,2187,15,58,1415,0,11.2,14.6,0.0,0,0,0,0,1,0,0,1,0
2023-08-17 16:00:00,2845,17,47,1044,0,11.2,14.6,0.0,0,0,0,0,1,0,0,1,0
2023-08-17 12:00:00,2237,13,44,1563,0,11.2,14.6,0.0,0,0,0,0,1,0,0,1,0
2023-08-17 22:00:00,623,23,42,384,0,11.2,14.6,0.0,0,0,0,0,1,0,0,1,0
2023-08-17 18:00:00,2313,19,39,332,0,11.2,14.6,0.0,0,0,0,0,1,0,0,1,0
2023-08-17 15:00:00,2093,16,38,1232,0,11.2,14.6,0.0,0,0,0,0,1,0,0,1,0
2023-08-17 21:00:00,942,22,36,385,0,11.2,14.6,0.0,0,0,0,0,1,0,0,1,0
2023-08-17 08:00:00,2013,9,31,1140,0,11.2,14.6,0.0,0,0,0,0,1,0,0,1,0
2023-08-17 19:00:00,1492,20,28,201,0,11.2,14.6,0.0,0,0,0,0,1,0,0,1,0
2023-08-17 10:00:00,1825,11,25,1370,0,11.2,14.6,0.0,0,0,0,0,1,0,0,1,0
2023-08-17 11:00:00,2078,12,23,1361,0,11.2,14.6,0.0,0,0,0,0,1,0,0,1,0
2023-08-17 09:00:00,1908,10,23,1037,0,11.2,14.6,0.0,0,0,0,0,1,0,0,1,0
2023-08-17 20:00:00,1110,21,22,572,0,11.2,14.6,0.0,0,0,0,0,1,0,0,1,0
2023-08-17 07:00:00,1236,8,14,544,0,11.2,14.6,0.0,0,0,0,0,1,0,0,1,0
2023-08-17 06:00:00,630,7,10,75,0,11.2,14.6,0.0,0,0,0,0,1,0,0,1,0
2023-08-17 23:00:00,311,0,2,78,0,11.2,14.6,0.0,0,0,0,0,1,0,0,1,0
2023-08-17 05:00:00,239,6,2,15,0,11.2,14.6,0.0,0,0,0,0,1,0,0,1,0
2023-08-17 04:00:00,91,5,2,16,0,11.2,14.6,0.0,0,0,0,0,1,0,0,1,0
2023-08-17 00:00:00,169,1,1,30,0,11.2,14.6,0.0,0,0,0,0,1,0,0,1,0
2023-08-17 03:00:00,48,4,1,3,0,11.2,14.6,0.0,0,0,0,0,1,0,0,1,0
2023-08-17 01:00:00,80,2,0,15,0,11.2,14.6,0.0,0,0,0,0,1,0,0,1,0
2023-08-17 02:00:00,61,3,0,1,0,11.2,14.6,0.0,0,0,0,0,1,0,0,1,0
2023-08-18 17:00:00,1681,18,95,382,0,20.9,13.2,9.7,1,0,0,0,0,0,0,1,0
2023-08-18 08:00:00,2170,9,79,227,0,20.9,13.2,9.7,1,0,0,0,0,0,0,1,0
2023-08-18 18:00:00,1801,19,79,227,0,20.9,13.2,9.7,1,0,0,0,0,0,0,1,0
2023-08-18 16:00:00,1893,17,51,501,0,20.9,13.2,9.7,1,0,0,0,0,0,0,1,0
2023-08-18 09:00:00,1468,10,46,277,0,20.9,13.2,9.7,1,0,0,0,0,0,0,1,0
2023-08-22 01:00:00,81,2,2,33,0,18.0,15.6,0.7,0,0,0,0,0,1,0,1,0
2023-08-20 11:00:00,2605,12,47,385,0,21.5,14.0,0.0,0,0,0,1,0,0,0,1,0
2023-08-20 18:00:00,2268,19,30,238,0,21.5,14.0,0.0,0,0,0,1,0,0,0,1,0
2023-08-20 19:00:00,1869,20,18,133,0,21.5,14.0,0.0,0,0,0,1,0,0,0,1,0
2023-08-20 20:00:00,1182,21,18,226,0,21.5,14.0,0.0,0,0,0,1,0,0,0,1,0
2023-08-20 08:00:00,591,9,18,136,0,21.5,14.0,0.0,0,0,0,1,0,0,0,1,0
2023-08-20 21:00:00,762,22,10,184,0,21.5,14.0,0.0,0,0,0,1,0,0,0,1,0
2023-08-20 22:00:00,483,23,8,118,0,21.5,14.0,0.0,0,0,0,1,0,0,0,1,0
2023-08-20 07:00:00,311,8,6,35,0,21.5,14.0,0.0,0,0,0,1,0,0,0,1,0
2023-08-20 23:00:00,314,0,3,60,0,21.5,14.0,0.0,0,0,0,1,0,0,0,1,0
2023-08-20 00:00:00,132,1,2,15,0,21.5,14.0,0.0,0,0,0,1,0,0,0,1,0
2023-08-20 06:00:00,194,7,1,15,0,21.5,14.0,0.0,0,0,0,1,0,0,0,1,0
2023-08-20 01:00:00,158,2,1,44,0,21.5,14.0,0.0,0,0,0,1,0,0,0,1,0
2023-08-20 02:00:00,105,3,1,7,0,21.5,14.0,0.0,0,0,0,1,0,0,0,1,0
2023-08-20 05:00:00,110,6,0,8,0,21.5,14.0,0.0,0,0,0,1,0,0,0,1,0
2023-08-20 03:00:00,60,4,0,6,0,21.5,14.0,0.0,0,0,0,1,0,0,0,1,0
2023-08-20 04:00:00,33,5,0,4,0,21.5,14.0,0.0,0,0,0,1,0,0,0,1,0
2023-08-21 17:00:00,1773,18,60,159,0,21.4,14.3,0.6,0,1,0,0,0,0,0,1,0
2023-08-21 19:00:00,1658,20,56,88,0,21.4,14.3,0.6,0,1,0,0,0,0,0,1,0
2023-08-21 18:00:00,2208,19,51,135,0,21.4,14.3,0.6,0,1,0,0,0,0,0,1,0
2023-08-21 16:00:00,2329,17,47,215,0,21.4,14.3,0.6,0,1,0,0,0,0,0,1,0
2023-08-21 11:00:00,2597,12,46,172,0,21.4,14.3,0.6,0,1,0,0,0,0,0,1,0
2023-08-21 10:00:00,2520,11,41,133,0,21.4,14.3,0.6,0,1,0,0,0,0,0,1,0
2023-08-21 09:00:00,2784,10,39,89,0,21.4,14.3,0.6,0,1,0,0,0,0,0,1,0
2023-08-21 21:00:00,703,22,27,181,0,21.4,14.3,0.6,0,1,0,0,0,0,0,1,0
2023-08-21 15:00:00,1932,16,26,648,0,21.4,14.3,0.6,0,1,0,0,0,0,0,1,0
2023-08-21 08:00:00,3720,9,23,53,0,21.4,14.3,0.6,0,1,0,0,0,0,0,1,0
2023-08-21 12:00:00,2301,13,20,154,0,21.4,14.3,0.6,0,1,0,0,0,0,0,1,0
2023-08-21 22:00:00,454,23,19,184,0,21.4,14.3,0.6,0,1,0,0,0,0,0,1,0
2023-08-21 07:00:00,2565,8,18,39,0,21.4,14.3,0.6,0,1,0,0,0,0,0,1,0
2023-08-21 20:00:00,1087,21,17,98,0,21.4,14.3,0.6,0,1,0,0,0,0,0,1,0
2023-08-21 14:00:00,1690,15,11,649,0,21.4,14.3,0.6,0,1,0,0,0,0,0,1,0
2023-08-21 06:00:00,263,7,8,36,0,21.4,14.3,0.6,0,1,0,0,0,0,0,1,0
2023-08-21 13:00:00,2007,14,7,340,0,21.4,14.3,0.6,0,1,0,0,0,0,0,1,0
2023-08-21 23:00:00,235,0,7,81,0,21.4,14.3,0.6,0,1,0,0,0,0,0,1,0
2023-08-21 05:00:00,129,6,2,44,0,21.4,14.3,0.6,0,1,0,0,0,0,0,1,0
2023-08-21 00:00:00,176,1,1,34,0,21.4,14.3,0.6,0,1,0,0,0,0,0,1,0
2023-08-21 04:00:00,55,5,1,6,0,21.4,14.3,0.6,0,1,0,0,0,0,0,1,0
2023-08-21 02:00:00,48,3,1,2,0,21.4,14.3,0.6,0,1,0,0,0,0,0,1,0
2023-08-21 01:00:00,106,2,0,4,0,21.4,14.3,0.6,0,1,0,0,0,0,0,1,0
2023-08-21 03:00:00,51,4,0,13,0,21.4,14.3,0.6,0,1,0,0,0,0,0,1,0
2023-08-22 13:00:00,1963,14,111,919,0,18.0,15.6,0.7,0,0,0,0,0,1,0,1,0
2023-08-22 12:00:00,1980,13,87,1036,0,18.0,15.6,0.7,0,0,0,0,0,1,0,1,0
2023-08-22 11:00:00,1781,12,83,865,0,18.0,15.6,0.7,0,0,0,0,0,1,0,1,0
2023-08-22 10:00:00,1867,11,72,793,0,18.0,15.6,0.7,0,0,0,0,0,1,0,1,0
2023-08-22 16:00:00,2432,17,70,912,0,18.0,15.6,0.7,0,0,0,0,0,1,0,1,0
2023-08-22 08:00:00,1976,9,68,963,0,18.0,15.6,0.7,0,0,0,0,0,1,0,1,0
2023-08-22 14:00:00,1927,15,65,1001,0,18.0,15.6,0.7,0,0,0,0,0,1,0,1,0
2023-08-22 17:00:00,1343,18,59,138,0,18.0,15.6,0.7,0,0,0,0,0,1,0,1,0
2023-08-22 15:00:00,2131,16,52,1113,0,18.0,15.6,0.7,0,0,0,0,0,1,0,1,0
2023-08-22 05:00:00,190,6,1,41,0,18.0,15.6,0.7,0,0,0,0,0,1,0,1,0
2023-08-18 15:00:00,1605,16,36,516,0,20.9,13.2,9.7,1,0,0,0,0,0,0,1,0
2023-08-28 22:00:00,486,23,4,78,0,18.2,8.5,0.0,0,1,0,0,0,0,0,1,0
2023-08-22 04:00:00,99,5,1,4,0,18.0,15.6,0.7,0,0,0,0,0,1,0,1,0
2023-08-28 05:00:00,217,6,3,22,0,18.2,8.5,0.0,0,1,0,0,0,0,0,1,0
2023-08-22 00:00:00,166,1,0,40,0,18.0,15.6,0.7,0,0,0,0,0,1,0,1,0
2023-08-28 00:00:00,153,1,3,45,0,18.2,8.5,0.0,0,1,0,0,0,0,0,1,0
2023-08-22 03:00:00,49,4,0,0,0,18.0,15.6,0.7,0,0,0,0,0,1,0,1,0
2023-08-28 21:00:00,524,22,2,99,0,18.2,8.5,0.0,0,1,0,0,0,0,0,1,0
2023-08-23 17:00:00,1764,18,116,376,0,19.5,9.3,3.6,0,0,0,0,0,0,1,1,0
2023-08-28 04:00:00,79,5,1,4,0,18.2,8.5,0.0,0,1,0,0,0,0,0,1,0
2023-08-18 10:00:00,1589,11,32,403,0,20.9,13.2,9.7,1,0,0,0,0,0,0,1,0
2023-08-23 14:00:00,1235,15,86,520,0,19.5,9.3,3.6,0,0,0,0,0,0,1,1,0
2023-08-28 01:00:00,66,2,1,16,0,18.2,8.5,0.0,0,1,0,0,0,0,0,1,0
2023-08-18 14:00:00,1555,15,32,631,0,20.9,13.2,9.7,1,0,0,0,0,0,0,1,0
2023-08-23 16:00:00,1798,17,82,457,0,19.5,9.3,3.6,0,0,0,0,0,0,1,1,0
2023-08-28 23:00:00,176,0,0,19,0,18.2,8.5,0.0,0,1,0,0,0,0,0,1,0
2023-08-18 19:00:00,1590,20,30,233,0,20.9,13.2,9.7,1,0,0,0,0,0,0,1,0
2023-08-23 13:00:00,1177,14,75,520,0,19.5,9.3,3.6,0,0,0,0,0,0,1,1,0
2023-08-28 02:00:00,50,3,0,8,0,18.2,8.5,0.0,0,1,0,0,0,0,0,1,0
2023-08-18 12:00:00,1621,13,28,572,0,20.9,13.2,9.7,1,0,0,0,0,0,0,1,0
2023-08-23 09:00:00,1226,10,68,314,0,19.5,9.3,3.6,0,0,0,0,0,0,1,1,0
2023-08-28 03:00:00,35,4,0,1,0,18.2,8.5,0.0,0,1,0,0,0,0,0,1,0
2023-08-18 07:00:00,1608,8,27,135,0,20.9,13.2,9.7,1,0,0,0,0,0,0,1,0
2023-08-23 11:00:00,1190,12,67,366,0,19.5,9.3,3.6,0,0,0,0,0,0,1,1,0
2023-08-29 13:00:00,1971,14,107,1318,0,19.0,10.5,0.0,0,0,0,0,0,1,0,1,0
2023-08-18 11:00:00,1003,12,22,310,0,20.9,13.2,9.7,1,0,0,0,0,0,0,1,0
2023-08-23 08:00:00,1759,9,63,297,0,19.5,9.3,3.6,0,0,0,0,0,0,1,1,0
2023-08-29 16:00:00,2786,17,91,1337,0,19.0,10.5,0.0,0,0,0,0,0,1,0,1,0
2023-08-18 13:00:00,1527,14,19,492,0,20.9,13.2,9.7,1,0,0,0,0,0,0,1,0
2023-08-23 10:00:00,1103,11,54,361,0,19.5,9.3,3.6,0,0,0,0,0,0,1,1,0
2023-08-29 12:00:00,1977,13,81,1471,0,19.0,10.5,0.0,0,0,0,0,0,1,0,1,0
2023-08-18 21:00:00,736,22,10,210,0,20.9,13.2,9.7,1,0,0,0,0,0,0,1,0
2023-08-23 18:00:00,1111,19,44,268,0,19.5,9.3,3.6,0,0,0,0,0,0,1,1,0
2023-08-29 17:00:00,2583,18,79,884,0,19.0,10.5,0.0,0,0,0,0,0,1,0,1,0
2023-08-18 06:00:00,603,7,9,60,0,20.9,13.2,9.7,1,0,0,0,0,0,0,1,0
2023-08-23 07:00:00,951,8,43,99,0,19.5,9.3,3.6,0,0,0,0,0,0,1,1,0
2023-08-29 14:00:00,1865,15,75,1151,0,19.0,10.5,0.0,0,0,0,0,0,1,0,1,0
2023-08-18 22:00:00,643,23,8,192,0,20.9,13.2,9.7,1,0,0,0,0,0,0,1,0
2023-08-23 12:00:00,1164,13,40,465,0,19.5,9.3,3.6,0,0,0,0,0,0,1,1,0
2023-08-29 09:00:00,1236,10,70,271,0,19.0,10.5,0.0,0,0,0,0,0,1,0,1,0
2023-08-29 10:00:00,1109,11,70,406,0,19.0,10.5,0.0,0,0,0,0,0,1,0,1,0
2023-08-29 18:00:00,1651,19,68,361,0,19.0,10.5,0.0,0,0,0,0,0,1,0,1,0
2023-08-29 11:00:00,1143,12,63,369,0,19.0,10.5,0.0,0,0,0,0,0,1,0,1,0
2023-08-29 08:00:00,1609,9,59,206,0,19.0,10.5,0.0,0,0,0,0,0,1,0,1,0
2023-08-29 19:00:00,1098,20,48,304,0,19.0,10.5,0.0,0,0,0,0,0,1,0,1,0
2023-08-29 15:00:00,2045,16,45,1119,0,19.0,10.5,0.0,0,0,0,0,0,1,0,1,0
2023-08-29 07:00:00,901,8,33,64,0,19.0,10.5,0.0,0,0,0,0,0,1,0,1,0
2023-08-29 21:00:00,679,22,20,214,0,19.0,10.5,0.0,0,0,0,0,0,1,0,1,0
2023-08-29 20:00:00,907,21,12,319,0,19.0,10.5,0.0,0,0,0,0,0,1,0,1,0
2023-08-29 22:00:00,539,23,8,74,0,19.0,10.5,0.0,0,0,0,0,0,1,0,1,0
2023-08-29 06:00:00,373,7,6,9,0,19.0,10.5,0.0,0,0,0,0,0,1,0,1,0
2023-08-29 05:00:00,148,6,0,8,0,19.0,10.5,0.0,0,0,0,0,0,1,0,1,0
2023-08-29 00:00:00,71,1,0,21,0,19.0,10.5,0.0,0,0,0,0,0,1,0,1,0
2023-08-29 23:00:00,44,0,0,5,0,19.0,10.5,0.0,0,0,0,0,0,1,0,1,0
2023-08-29 04:00:00,44,5,0,2,0,19.0,10.5,0.0,0,0,0,0,0,1,0,1,0
2023-08-29 01:00:00,35,2,0,7,0,19.0,10.5,0.0,0,0,0,0,0,1,0,1,0
2023-08-29 02:00:00,26,3,0,7,0,19.0,10.5,0.0,0,0,0,0,0,1,0,1,0
2023-08-29 03:00:00,22,4,0,0,0,19.0,10.5,0.0,0,0,0,0,0,1,0,1,0
2023-08-30 17:00:00,2924,18,93,945,0,17.9,7.7,0.0,0,0,0,0,0,0,1,1,0
2023-08-30 09:00:00,2125,10,91,307,0,17.9,7.7,0.0,0,0,0,0,0,0,1,1,0
2023-08-30 16:00:00,2582,17,84,1120,0,17.9,7.7,0.0,0,0,0,0,0,0,1,1,0
2023-08-30 13:00:00,2023,14,78,1705,0,17.9,7.7,0.0,0,0,0,0,0,0,1,1,0
2023-08-30 08:00:00,2729,9,68,243,0,17.9,7.7,0.0,0,0,0,0,0,0,1,1,0
2023-08-30 10:00:00,2022,11,54,391,0,17.9,7.7,0.0,0,0,0,0,0,0,1,1,0
2023-08-30 12:00:00,2201,13,51,748,0,17.9,7.7,0.0,0,0,0,0,0,0,1,1,0
2023-08-30 18:00:00,2014,19,48,569,0,17.9,7.7,0.0,0,0,0,0,0,0,1,1,0
2023-08-30 14:00:00,2004,15,46,1525,0,17.9,7.7,0.0,0,0,0,0,0,0,1,1,0
2023-08-30 07:00:00,1817,8,38,107,0,17.9,7.7,0.0,0,0,0,0,0,0,1,1,0
2023-08-30 15:00:00,1892,16,36,1328,0,17.9,7.7,0.0,0,0,0,0,0,0,1,1,0
2023-08-30 19:00:00,1272,20,35,428,0,17.9,7.7,0.0,0,0,0,0,0,0,1,1,0
2023-08-30 11:00:00,2055,12,32,320,0,17.9,7.7,0.0,0,0,0,0,0,0,1,1,0
2023-08-30 22:00:00,498,23,21,238,0,17.9,7.7,0.0,0,0,0,0,0,0,1,1,0
2023-08-30 20:00:00,1035,21,20,461,0,17.9,7.7,0.0,0,0,0,0,0,0,1,1,0
2023-08-30 21:00:00,822,22,16,286,0,17.9,7.7,0.0,0,0,0,0,0,0,1,1,0
2023-08-30 06:00:00,642,7,6,45,0,17.9,7.7,0.0,0,0,0,0,0,0,1,1,0
2023-08-23 19:00:00,792,20,33,222,0,19.5,9.3,3.6,0,0,0,0,0,0,1,1,0
2023-08-23 15:00:00,1304,16,31,486,0,19.5,9.3,3.6,0,0,0,0,0,0,1,1,0
2023-08-23 21:00:00,527,22,16,166,0,19.5,9.3,3.6,0,0,0,0,0,0,1,1,0
2023-08-23 20:00:00,728,21,9,260,0,19.5,9.3,3.6,0,0,0,0,0,0,1,1,0
2023-08-23 06:00:00,330,7,8,49,0,19.5,9.3,3.6,0,0,0,0,0,0,1,1,0
2023-08-23 22:00:00,316,23,6,111,0,19.5,9.3,3.6,0,0,0,0,0,0,1,1,0
2023-08-23 23:00:00,205,0,6,58,0,19.5,9.3,3.6,0,0,0,0,0,0,1,1,0
2023-08-23 00:00:00,117,1,4,32,0,19.5,9.3,3.6,0,0,0,0,0,0,1,1,0
2023-08-23 05:00:00,116,6,1,33,0,19.5,9.3,3.6,0,0,0,0,0,0,1,1,0
2023-08-23 04:00:00,64,5,1,9,0,19.5,9.3,3.6,0,0,0,0,0,0,1,1,0
2023-08-23 01:00:00,51,2,1,19,0,19.5,9.3,3.6,0,0,0,0,0,0,1,1,0
2023-08-23 02:00:00,28,3,0,13,0,19.5,9.3,3.6,0,0,0,0,0,0,1,1,0
2023-08-23 03:00:00,25,4,0,5,0,19.5,9.3,3.6,0,0,0,0,0,0,1,1,0
2023-08-24 08:00:00,1846,9,126,216,0,17.9,12.1,0.0,0,0,0,0,1,0,0,1,0
2023-08-24 09:00:00,1954,10,94,298,0,17.9,12.1,0.0,0,0,0,0,1,0,0,1,0
2023-08-24 17:00:00,2800,18,83,286,0,17.9,12.1,0.0,0,0,0,0,1,0,0,1,0
2023-08-24 16:00:00,3231,17,71,278,0,17.9,12.1,0.0,0,0,0,0,1,0,0,1,0
2023-08-24 10:00:00,1931,11,68,312,0,17.9,12.1,0.0,0,0,0,0,1,0,0,1,0
2023-08-24 12:00:00,2278,13,65,401,0,17.9,12.1,0.0,0,0,0,0,1,0,0,1,0
2023-08-24 15:00:00,2488,16,60,371,0,17.9,12.1,0.0,0,0,0,0,1,0,0,1,0
2023-08-24 11:00:00,1957,12,59,340,0,17.9,12.1,0.0,0,0,0,0,1,0,0,1,0
2023-08-24 07:00:00,1894,8,58,118,0,17.9,12.1,0.0,0,0,0,0,1,0,0,1,0
2023-08-24 14:00:00,2288,15,53,299,0,17.9,12.1,0.0,0,0,0,0,1,0,0,1,0
2023-08-24 18:00:00,2379,19,48,287,0,17.9,12.1,0.0,0,0,0,0,1,0,0,1,0
2023-08-30 05:00:00,225,6,3,18,0,17.9,7.7,0.0,0,0,0,0,0,0,1,1,0
2023-08-18 23:00:00,458,0,8,120,0,20.9,13.2,9.7,1,0,0,0,0,0,0,1,0
2023-08-30 23:00:00,301,0,2,45,0,17.9,7.7,0.0,0,0,0,0,0,0,1,1,0
2023-08-18 20:00:00,1102,21,6,144,0,20.9,13.2,9.7,1,0,0,0,0,0,0,1,0
2023-08-30 04:00:00,84,5,1,5,0,17.9,7.7,0.0,0,0,0,0,0,0,1,1,0
2023-08-18 00:00:00,164,1,2,41,0,20.9,13.2,9.7,1,0,0,0,0,0,0,1,0
2023-08-30 01:00:00,124,2,0,7,0,17.9,7.7,0.0,0,0,0,0,0,0,1,1,0
2023-08-18 04:00:00,93,5,1,3,0,20.9,13.2,9.7,1,0,0,0,0,0,0,1,0
2023-08-30 03:00:00,59,4,0,6,0,17.9,7.7,0.0,0,0,0,0,0,0,1,1,0
2023-08-18 02:00:00,75,3,1,0,0,20.9,13.2,9.7,1,0,0,0,0,0,0,1,0
2023-08-30 02:00:00,56,3,0,2,0,17.9,7.7,0.0,0,0,0,0,0,0,1,1,0
2023-08-18 05:00:00,249,6,0,13,0,20.9,13.2,9.7,1,0,0,0,0,0,0,1,0
2023-08-31 09:00:00,2429,10,94,332,0,17.8,7.5,0.0,0,0,0,0,1,0,0,1,0
2023-08-18 01:00:00,65,2,0,7,0,20.9,13.2,9.7,1,0,0,0,0,0,0,1,0
2023-08-31 16:00:00,1966,17,73,1863,0,17.8,7.5,0.0,0,0,0,0,1,0,0,1,0
2023-08-18 03:00:00,53,4,0,0,0,20.9,13.2,9.7,1,0,0,0,0,0,0,1,0
2023-08-31 13:00:00,2073,14,71,1354,0,17.8,7.5,0.0,0,0,0,0,1,0,0,1,0
2023-08-19 11:00:00,2091,12,55,555,0,21.8,13.4,0.0,0,0,1,0,0,0,0,1,0
2023-08-31 12:00:00,1821,13,71,736,0,17.8,7.5,0.0,0,0,0,0,1,0,0,1,0
2023-08-19 12:00:00,2175,13,54,716,0,21.8,13.4,0.0,0,0,1,0,0,0,0,1,0
2023-08-31 08:00:00,2668,9,65,283,0,17.8,7.5,0.0,0,0,0,0,1,0,0,1,0
2023-08-19 08:00:00,671,9,52,62,0,21.8,13.4,0.0,0,0,1,0,0,0,0,1,0
2023-08-31 14:00:00,2063,15,60,1203,0,17.8,7.5,0.0,0,0,0,0,1,0,0,1,0
2023-08-19 17:00:00,1379,18,43,144,0,21.8,13.4,0.0,0,0,1,0,0,0,0,1,0
2023-08-31 18:00:00,1046,19,59,1758,0,17.8,7.5,0.0,0,0,0,0,1,0,0,1,0
2023-08-19 10:00:00,1728,11,37,394,0,21.8,13.4,0.0,0,0,1,0,0,0,0,1,0
2023-08-31 19:00:00,781,20,59,1516,0,17.8,7.5,0.0,0,0,0,0,1,0,0,1,0
2023-08-19 09:00:00,1004,10,36,125,0,21.8,13.4,0.0,0,0,1,0,0,0,0,1,0
2023-08-31 11:00:00,1507,12,54,323,0,17.8,7.5,0.0,0,0,0,0,1,0,0,1,0
2023-08-19 13:00:00,1643,14,31,538,0,21.8,13.4,0.0,0,0,1,0,0,0,0,1,0
2023-08-31 07:00:00,1908,8,49,96,0,17.8,7.5,0.0,0,0,0,0,1,0,0,1,0
2023-08-19 18:00:00,1948,19,26,187,0,21.8,13.4,0.0,0,0,1,0,0,0,0,1,0
2023-08-31 17:00:00,1333,18,47,2205,0,17.8,7.5,0.0,0,0,0,0,1,0,0,1,0
2023-08-19 19:00:00,1272,20,23,118,0,21.8,13.4,0.0,0,0,1,0,0,0,0,1,0
2023-08-31 15:00:00,1929,16,41,1225,0,17.8,7.5,0.0,0,0,0,0,1,0,0,1,0
2023-08-19 07:00:00,454,8,19,73,0,21.8,13.4,0.0,0,0,1,0,0,0,0,1,0
2023-08-31 10:00:00,1791,11,39,297,0,17.8,7.5,0.0,0,0,0,0,1,0,0,1,0
2023-08-19 21:00:00,751,22,15,162,0,21.8,13.4,0.0,0,0,1,0,0,0,0,1,0
2023-08-31 22:00:00,439,23,23,589,0,17.8,7.5,0.0,0,0,0,0,1,0,0,1,0
2023-08-19 22:00:00,588,23,12,210,0,21.8,13.4,0.0,0,0,1,0,0,0,0,1,0
2023-08-31 20:00:00,585,21,22,950,0,17.8,7.5,0.0,0,0,0,0,1,0,0,1,0
2023-08-19 20:00:00,607,21,10,77,0,21.8,13.4,0.0,0,0,1,0,0,0,0,1,0
2023-08-31 21:00:00,484,22,16,737,0,17.8,7.5,0.0,0,0,0,0,1,0,0,1,0
2023-08-19 15:00:00,2465,16,7,135,0,21.8,13.4,0.0,0,0,1,0,0,0,0,1,0
2023-08-31 23:00:00,287,0,7,276,0,17.8,7.5,0.0,0,0,0,0,1,0,0,1,0
2023-08-19 16:00:00,1906,17,7,113,0,21.8,13.4,0.0,0,0,1,0,0,0,0,1,0
2023-08-31 06:00:00,646,7,6,33,0,17.8,7.5,0.0,0,0,0,0,1,0,0,1,0
2023-08-19 23:00:00,446,0,7,87,0,21.8,13.4,0.0,0,0,1,0,0,0,0,1,0
2023-08-31 00:00:00,162,1,2,31,0,17.8,7.5,0.0,0,0,0,0,1,0,0,1,0
2023-08-19 06:00:00,285,7,7,36,0,21.8,13.4,0.0,0,0,1,0,0,0,0,1,0
2023-08-31 04:00:00,114,5,2,7,0,17.8,7.5,0.0,0,0,0,0,1,0,0,1,0
2023-08-19 01:00:00,194,2,5,37,0,21.8,13.4,0.0,0,0,1,0,0,0,0,1,0
2023-08-31 05:00:00,227,6,1,25,0,17.8,7.5,0.0,0,0,0,0,1,0,0,1,0
2023-08-31 01:00:00,102,2,1,4,0,17.8,7.5,0.0,0,0,0,0,1,0,0,1,0
2023-08-31 02:00:00,59,3,0,2,0,17.8,7.5,0.0,0,0,0,0,1,0,0,1,0
2023-08-31 03:00:00,50,4,0,0,0,17.8,7.5,0.0,0,0,0,0,1,0,0,1,0
2023-08-19 14:00:00,1055,15,3,6,0,21.8,13.4,0.0,0,0,1,0,0,0,0,1,0
2023-08-19 00:00:00,254,1,2,66,0,21.8,13.4,0.0,0,0,1,0,0,0,0,1,0
2023-08-19 05:00:00,94,6,1,13,0,21.8,13.4,0.0,0,0,1,0,0,0,0,1,0
2023-08-19 02:00:00,86,3,0,4,0,21.8,13.4,0.0,0,0,1,0,0,0,0,1,0
2023-08-19 04:00:00,72,5,0,7,0,21.8,13.4,0.0,0,0,1,0,0,0,0,1,0
2023-08-19 03:00:00,66,4,0,10,0,21.8,13.4,0.0,0,0,1,0,0,0,0,1,0
2023-08-20 14:00:00,2327,15,99,266,0,21.5,14.0,0.0,0,0,0,1,0,0,0,1,0
2023-08-20 10:00:00,1526,11,91,608,0,21.5,14.0,0.0,0,0,0,1,0,0,0,1,0
2023-08-20 13:00:00,2991,14,78,442,0,21.5,14.0,0.0,0,0,0,1,0,0,0,1,0
2023-08-20 15:00:00,2287,16,77,363,0,21.5,14.0,0.0,0,0,0,1,0,0,0,1,0
2023-08-20 12:00:00,2876,13,76,490,0,21.5,14.0,0.0,0,0,0,1,0,0,0,1,0
2023-08-20 16:00:00,2009,17,65,246,0,21.5,14.0,0.0,0,0,0,1,0,0,0,1,0
2023-08-20 09:00:00,803,10,61,262,0,21.5,14.0,0.0,0,0,0,1,0,0,0,1,0
2023-10-01 11:00:00,1740,12,139,221,0,13.6,8.9,0.5,0,0,0,1,0,0,0,1,0
2023-10-02 17:00:00,2800,18,65,258,0,16.2,8.0,0.0,0,1,0,0,0,0,0,1,0
2023-10-01 10:00:00,1577,11,106,183,0,13.6,8.9,0.5,0,0,0,1,0,0,0,1,0
2023-10-01 12:00:00,2123,13,66,377,0,13.6,8.9,0.5,0,0,0,1,0,0,0,1,0
2023-10-02 11:00:00,2029,12,65,274,0,16.2,8.0,0.0,0,1,0,0,0,0,0,1,0
2023-10-01 15:00:00,2173,16,60,399,0,13.6,8.9,0.5,0,0,0,1,0,0,0,1,0
2023-10-02 16:00:00,2700,17,63,299,0,16.2,8.0,0.0,0,1,0,0,0,0,0,1,0
2023-10-01 16:00:00,2114,17,55,378,0,13.6,8.9,0.5,0,0,0,1,0,0,0,1,0
2023-10-01 17:00:00,1978,18,50,335,0,13.6,8.9,0.5,0,0,0,1,0,0,0,1,0
2023-10-02 15:00:00,2116,16,62,291,0,16.2,8.0,0.0,0,1,0,0,0,0,0,1,0
2023-10-01 09:00:00,1144,10,43,86,0,13.6,8.9,0.5,0,0,0,1,0,0,0,1,0
2023-10-01 14:00:00,2058,15,42,457,0,13.6,8.9,0.5,0,0,0,1,0,0,0,1,0
2023-10-02 12:00:00,2098,13,49,339,0,16.2,8.0,0.0,0,1,0,0,0,0,0,1,0
2023-10-01 00:00:00,274,1,4,28,0,13.6,8.9,0.5,0,0,0,1,0,0,0,1,0
2023-10-02 09:00:00,1632,10,46,184,0,16.2,8.0,0.0,0,1,0,0,0,0,0,1,0
2023-10-01 13:00:00,2446,14,30,387,0,13.6,8.9,0.5,0,0,0,1,0,0,0,1,0
2023-10-01 18:00:00,1418,19,30,265,0,13.6,8.9,0.5,0,0,0,1,0,0,0,1,0
2023-10-02 14:00:00,1981,15,45,283,0,16.2,8.0,0.0,0,1,0,0,0,0,0,1,0
2023-10-02 10:00:00,1727,11,42,230,0,16.2,8.0,0.0,0,1,0,0,0,0,0,1,0
2023-10-01 08:00:00,680,9,16,72,0,13.6,8.9,0.5,0,0,0,1,0,0,0,1,0
2023-10-01 19:00:00,1202,20,15,228,0,13.6,8.9,0.5,0,0,0,1,0,0,0,1,0
2023-10-01 20:00:00,861,21,14,232,0,13.6,8.9,0.5,0,0,0,1,0,0,0,1,0
2023-10-01 06:00:00,216,7,3,28,0,13.6,8.9,0.5,0,0,0,1,0,0,0,1,0
2023-10-02 18:00:00,1964,19,34,308,0,16.2,8.0,0.0,0,1,0,0,0,0,0,1,0
2023-10-02 13:00:00,1962,14,33,272,0,16.2,8.0,0.0,0,1,0,0,0,0,0,1,0
2023-10-02 19:00:00,1274,20,23,301,0,16.2,8.0,0.0,0,1,0,0,0,0,0,1,0
2023-10-02 07:00:00,1682,8,22,65,0,16.2,8.0,0.0,0,1,0,0,0,0,0,1,0
2023-10-01 05:00:00,112,6,2,8,0,13.6,8.9,0.5,0,0,0,1,0,0,0,1,0
2023-10-02 06:00:00,605,7,3,52,0,16.2,8.0,0.0,0,1,0,0,0,0,0,1,0
2023-10-02 05:00:00,226,6,3,14,0,16.2,8.0,0.0,0,1,0,0,0,0,0,1,0
2023-10-02 23:00:00,238,0,2,37,0,16.2,8.0,0.0,0,1,0,0,0,0,0,1,0
2023-10-02 04:00:00,81,5,2,2,0,16.2,8.0,0.0,0,1,0,0,0,0,0,1,0
2023-10-02 00:00:00,130,1,1,16,0,16.2,8.0,0.0,0,1,0,0,0,0,0,1,0
2023-10-01 22:00:00,398,23,11,105,0,13.6,8.9,0.5,0,0,0,1,0,0,0,1,0
2023-10-02 01:00:00,98,2,0,2,0,16.2,8.0,0.0,0,1,0,0,0,0,0,1,0
2023-10-01 21:00:00,589,22,9,155,0,13.6,8.9,0.5,0,0,0,1,0,0,0,1,0
2023-10-02 02:00:00,65,3,0,10,0,16.2,8.0,0.0,0,1,0,0,0,0,0,1,0
2023-10-02 03:00:00,58,4,0,1,0,16.2,8.0,0.0,0,1,0,0,0,0,0,1,0
2023-10-02 20:00:00,896,21,10,135,0,16.2,8.0,0.0,0,1,0,0,0,0,0,1,0
2023-10-01 23:00:00,242,0,7,45,0,13.6,8.9,0.5,0,0,0,1,0,0,0,1,0
2023-10-01 07:00:00,413,8,5,42,0,13.6,8.9,0.5,0,0,0,1,0,0,0,1,0
2023-10-02 22:00:00,399,23,8,100,0,16.2,8.0,0.0,0,1,0,0,0,0,0,1,0
2023-10-02 21:00:00,637,22,6,184,0,16.2,8.0,0.0,0,1,0,0,0,0,0,1,0
2023-10-01 01:00:00,142,2,1,20,0,13.6,8.9,0.5,0,0,0,1,0,0,0,1,0
2023-10-01 02:00:00,100,3,0,21,0,13.6,8.9,0.5,0,0,0,1,0,0,0,1,0
2023-10-01 03:00:00,73,4,0,6,0,13.6,8.9,0.5,0,0,0,1,0,0,0,1,0
2023-10-01 04:00:00,72,5,0,5,0,13.6,8.9,0.5,0,0,0,1,0,0,0,1,0
2023-10-02 08:00:00,2730,9,73,220,0,16.2,8.0,0.0,0,1,0,0,0,0,0,1,0
2023-09-01 09:00:00,1802,10,79,353,0,22.4,9.9,0.0,1,0,0,0,0,0,0,1,0
2023-09-01 17:00:00,2037,18,64,397,0,22.4,9.9,0.0,1,0,0,0,0,0,0,1,0
2023-09-01 08:00:00,1910,9,57,602,0,22.4,9.9,0.0,1,0,0,0,0,0,0,1,0
2023-09-01 12:00:00,2059,13,50,1091,0,22.4,9.9,0.0,1,0,0,0,0,0,0,1,0
2023-09-01 14:00:00,2150,15,45,1181,0,22.4,9.9,0.0,1,0,0,0,0,0,0,1,0
2023-09-01 16:00:00,2415,17,40,899,0,22.4,9.9,0.0,1,0,0,0,0,0,0,1,0
2023-09-01 10:00:00,1707,11,38,519,0,22.4,9.9,0.0,1,0,0,0,0,0,0,1,0
2023-09-01 11:00:00,1867,12,35,831,0,22.4,9.9,0.0,1,0,0,0,0,0,0,1,0
2023-09-01 13:00:00,2156,14,34,1233,0,22.4,9.9,0.0,1,0,0,0,0,0,0,1,0
2023-09-01 18:00:00,1307,19,32,311,0,22.4,9.9,0.0,1,0,0,0,0,0,0,1,0
2023-09-01 07:00:00,1063,8,20,355,0,22.4,9.9,0.0,1,0,0,0,0,0,0,1,0
2023-09-01 19:00:00,1052,20,18,226,0,22.4,9.9,0.0,1,0,0,0,0,0,0,1,0
2023-09-01 15:00:00,2192,16,16,1197,0,22.4,9.9,0.0,1,0,0,0,0,0,0,1,0
2023-09-02 23:00:00,431,0,4,97,0,22.9,5.5,0.0,0,0,1,0,0,0,0,1,0
2023-09-02 05:00:00,136,6,2,39,0,22.9,5.5,0.0,0,0,1,0,0,0,0,1,0
2023-09-02 04:00:00,94,5,2,26,0,22.9,5.5,0.0,0,0,1,0,0,0,0,1,0
2023-09-01 00:00:00,237,1,6,50,0,22.4,9.9,0.0,1,0,0,0,0,0,0,1,0
2023-09-01 01:00:00,151,2,6,17,0,22.4,9.9,0.0,1,0,0,0,0,0,0,1,0
2023-09-01 04:00:00,87,5,3,2,0,22.4,9.9,0.0,1,0,0,0,0,0,0,1,0
2023-09-01 03:00:00,42,4,0,14,0,22.4,9.9,0.0,1,0,0,0,0,0,0,1,0
2023-09-02 12:00:00,2495,13,193,1196,0,22.9,5.5,0.0,0,0,1,0,0,0,0,1,0
2023-09-02 11:00:00,2414,12,133,990,0,22.9,5.5,0.0,0,0,1,0,0,0,0,1,0
2023-09-02 13:00:00,2480,14,129,1399,0,22.9,5.5,0.0,0,0,1,0,0,0,0,1,0
2023-09-02 14:00:00,2110,15,96,1142,0,22.9,5.5,0.0,0,0,1,0,0,0,0,1,0
2023-09-02 10:00:00,1860,11,96,898,0,22.9,5.5,0.0,0,0,1,0,0,0,0,1,0
2023-09-02 15:00:00,1938,16,59,1285,0,22.9,5.5,0.0,0,0,1,0,0,0,0,1,0
2023-09-01 22:00:00,477,23,15,219,0,22.4,9.9,0.0,1,0,0,0,0,0,0,1,0
2023-09-01 20:00:00,882,21,14,286,0,22.4,9.9,0.0,1,0,0,0,0,0,0,1,0
2023-09-01 21:00:00,580,22,12,221,0,22.4,9.9,0.0,1,0,0,0,0,0,0,1,0
2023-09-01 23:00:00,466,0,10,228,0,22.4,9.9,0.0,1,0,0,0,0,0,0,1,0
2023-09-01 06:00:00,373,7,8,136,0,22.4,9.9,0.0,1,0,0,0,0,0,0,1,0
2023-09-01 02:00:00,110,3,8,19,0,22.4,9.9,0.0,1,0,0,0,0,0,0,1,0
2023-09-01 05:00:00,221,6,7,52,0,22.4,9.9,0.0,1,0,0,0,0,0,0,1,0
2023-09-02 17:00:00,1878,18,49,1321,0,22.9,5.5,0.0,0,0,1,0,0,0,0,1,0
2023-09-02 16:00:00,1832,17,39,1461,0,22.9,5.5,0.0,0,0,1,0,0,0,0,1,0
2023-09-02 09:00:00,1367,10,32,539,0,22.9,5.5,0.0,0,0,1,0,0,0,0,1,0
2023-09-02 19:00:00,1368,20,26,203,0,22.9,5.5,0.0,0,0,1,0,0,0,0,1,0
2023-09-02 08:00:00,871,9,25,489,0,22.9,5.5,0.0,0,0,1,0,0,0,0,1,0
2023-09-02 18:00:00,1827,19,24,67,0,22.9,5.5,0.0,0,0,1,0,0,0,0,1,0
2023-09-02 20:00:00,1045,21,13,292,0,22.9,5.5,0.0,0,0,1,0,0,0,0,1,0
2023-09-02 07:00:00,471,8,9,210,0,22.9,5.5,0.0,0,0,1,0,0,0,0,1,0
2023-09-02 01:00:00,214,2,9,43,0,22.9,5.5,0.0,0,0,1,0,0,0,0,1,0
2023-09-02 22:00:00,508,23,8,233,0,22.9,5.5,0.0,0,0,1,0,0,0,0,1,0
2023-09-02 00:00:00,324,1,8,207,0,22.9,5.5,0.0,0,0,1,0,0,0,0,1,0
2023-09-02 06:00:00,251,7,8,62,0,22.9,5.5,0.0,0,0,1,0,0,0,0,1,0
2023-09-02 21:00:00,771,22,6,227,0,22.9,5.5,0.0,0,0,1,0,0,0,0,1,0
2023-09-02 02:00:00,169,3,6,15,0,22.9,5.5,0.0,0,0,1,0,0,0,0,1,0
2023-09-02 03:00:00,78,4,1,21,0,22.9,5.5,0.0,0,0,1,0,0,0,0,1,0
2023-09-03 10:00:00,1707,11,67,352,0,24.2,5.5,0.0,0,0,0,1,0,0,0,1,0
2023-09-03 17:00:00,1919,18,54,277,0,24.2,5.5,0.0,0,0,0,1,0,0,0,1,0
2023-09-03 11:00:00,2046,12,44,307,0,24.2,5.5,0.0,0,0,0,1,0,0,0,1,0
2023-09-03 09:00:00,1202,10,44,182,0,24.2,5.5,0.0,0,0,0,1,0,0,0,1,0
2023-09-03 16:00:00,1953,17,42,362,0,24.2,5.5,0.0,0,0,0,1,0,0,0,1,0
2023-09-03 12:00:00,2242,13,37,484,0,24.2,5.5,0.0,0,0,0,1,0,0,0,1,0
2023-09-03 13:00:00,2027,14,36,396,0,24.2,5.5,0.0,0,0,0,1,0,0,0,1,0
2023-09-03 15:00:00,1897,16,36,391,0,24.2,5.5,0.0,0,0,0,1,0,0,0,1,0
2023-09-03 14:00:00,1956,15,32,376,0,24.2,5.5,0.0,0,0,0,1,0,0,0,1,0
2023-09-03 23:00:00,270,0,2,253,0,24.2,5.5,0.0,0,0,0,1,0,0,0,1,0
2023-09-03 01:00:00,195,2,2,34,0,24.2,5.5,0.0,0,0,0,1,0,0,0,1,0
2023-09-03 02:00:00,113,3,2,7,0,24.2,5.5,0.0,0,0,0,1,0,0,0,1,0
2023-09-04 13:00:00,2133,14,25,429,0,20.8,5.5,0.0,0,1,0,0,0,0,0,1,0
2023-09-03 21:00:00,0,22,2,300,0,24.2,5.5,0.0,0,0,0,1,0,0,0,1,0
2023-09-03 06:00:00,243,7,1,19,0,24.2,5.5,0.0,0,0,0,1,0,0,0,1,0
2023-09-04 14:00:00,2065,15,24,277,0,20.8,5.5,0.0,0,1,0,0,0,0,0,1,0
2023-09-04 07:00:00,1101,8,23,476,0,20.8,5.5,0.0,0,1,0,0,0,0,0,1,0
2023-09-04 06:00:00,369,7,20,120,0,20.8,5.5,0.0,0,1,0,0,0,0,0,1,0
2023-09-04 19:00:00,767,20,18,241,0,20.8,5.5,0.0,0,1,0,0,0,0,0,1,0
2023-09-03 18:00:00,1537,19,25,243,0,24.2,5.5,0.0,0,0,0,1,0,0,0,1,0
2023-09-03 20:00:00,43,21,7,527,0,24.2,5.5,0.0,0,0,0,1,0,0,0,1,0
2023-09-03 07:00:00,450,8,6,38,0,24.2,5.5,0.0,0,0,0,1,0,0,0,1,0
2023-09-03 19:00:00,1271,20,23,197,0,24.2,5.5,0.0,0,0,0,1,0,0,0,1,0
2023-09-03 08:00:00,700,9,22,88,0,24.2,5.5,0.0,0,0,0,1,0,0,0,1,0
2023-09-03 00:00:00,299,1,3,65,0,24.2,5.5,0.0,0,0,0,1,0,0,0,1,0
2023-09-04 23:00:00,237,0,3,51,0,20.8,5.5,0.0,0,1,0,0,0,0,0,1,0
2023-09-04 05:00:00,179,6,3,45,0,20.8,5.5,0.0,0,1,0,0,0,0,0,1,0
2023-09-05 10:00:00,1654,11,154,231,0,19.9,9.9,0.0,0,0,0,0,0,1,0,1,0
2023-09-05 16:00:00,2590,17,117,445,0,19.9,9.9,0.0,0,0,0,0,0,1,0,1,0
2023-09-04 00:00:00,159,1,2,216,0,20.8,5.5,0.0,0,1,0,0,0,0,0,1,0
2023-09-03 22:00:00,106,23,0,165,0,24.2,5.5,0.0,0,0,0,1,0,0,0,1,0
2023-09-05 11:00:00,1768,12,110,349,0,19.9,9.9,0.0,0,0,0,0,0,1,0,1,0
2023-09-03 05:00:00,106,6,0,9,0,24.2,5.5,0.0,0,0,0,1,0,0,0,1,0
2023-09-05 17:00:00,2734,18,86,444,0,19.9,9.9,0.0,0,0,0,0,0,1,0,1,0
2023-09-05 15:00:00,2173,16,73,340,0,19.9,9.9,0.0,0,0,0,0,0,1,0,1,0
2023-09-05 09:00:00,1995,10,72,286,0,19.9,9.9,0.0,0,0,0,0,0,1,0,1,0
2023-09-04 01:00:00,96,2,0,3,0,20.8,5.5,0.0,0,1,0,0,0,0,0,1,0
2023-09-04 02:00:00,93,3,0,11,0,20.8,5.5,0.0,0,1,0,0,0,0,0,1,0
2023-09-04 03:00:00,52,4,0,4,0,20.8,5.5,0.0,0,1,0,0,0,0,0,1,0
2023-09-05 18:00:00,2056,19,59,285,0,19.9,9.9,0.0,0,0,0,0,0,1,0,1,0
2023-09-05 13:00:00,1930,14,51,424,0,19.9,9.9,0.0,0,0,0,0,0,1,0,1,0
2023-09-05 12:00:00,2084,13,48,378,0,19.9,9.9,0.0,0,0,0,0,0,1,0,1,0
2023-09-05 08:00:00,1909,9,45,354,0,19.9,9.9,0.0,0,0,0,0,0,1,0,1,0
2023-09-03 03:00:00,85,4,0,17,0,24.2,5.5,0.0,0,0,0,1,0,0,0,1,0
2023-09-05 07:00:00,1117,8,43,163,0,19.9,9.9,0.0,0,0,0,0,0,1,0,1,0
2023-09-03 04:00:00,64,5,0,3,0,24.2,5.5,0.0,0,0,0,1,0,0,0,1,0
2023-09-04 09:00:00,1962,10,85,610,0,20.8,5.5,0.0,0,1,0,0,0,0,0,1,0
2023-09-04 08:00:00,2126,9,58,793,0,20.8,5.5,0.0,0,1,0,0,0,0,0,1,0
2023-09-04 17:00:00,2333,18,50,340,0,20.8,5.5,0.0,0,1,0,0,0,0,0,1,0
2023-09-04 10:00:00,1911,11,48,469,0,20.8,5.5,0.0,0,1,0,0,0,0,0,1,0
2023-09-04 16:00:00,2544,17,43,302,0,20.8,5.5,0.0,0,1,0,0,0,0,0,1,0
2023-09-04 15:00:00,2061,16,38,308,0,20.8,5.5,0.0,0,1,0,0,0,0,0,1,0
2023-09-04 20:00:00,1254,21,33,198,0,20.8,5.5,0.0,0,1,0,0,0,0,0,1,0
2023-09-04 12:00:00,2186,13,28,432,0,20.8,5.5,0.0,0,1,0,0,0,0,0,1,0
2023-09-04 11:00:00,1958,12,26,325,0,20.8,5.5,0.0,0,1,0,0,0,0,0,1,0
2023-09-05 14:00:00,2075,15,34,267,0,19.9,9.9,0.0,0,0,0,0,0,1,0,1,0
2023-09-04 21:00:00,685,22,10,160,0,20.8,5.5,0.0,0,1,0,0,0,0,0,1,0
2023-09-04 22:00:00,487,23,6,108,0,20.8,5.5,0.0,0,1,0,0,0,0,0,1,0
2023-09-04 04:00:00,87,5,5,13,0,20.8,5.5,0.0,0,1,0,0,0,0,0,1,0
2023-09-04 18:00:00,2,19,4,281,0,20.8,5.5,0.0,0,1,0,0,0,0,0,1,0
2023-09-06 21:00:00,137,22,1,254,0,22.4,14.0,0.0,0,0,0,0,0,0,1,1,0
2023-09-06 02:00:00,59,3,1,8,0,22.4,14.0,0.0,0,0,0,0,0,0,1,1,0
2023-09-06 22:00:00,1,23,1,217,0,22.4,14.0,0.0,0,0,0,0,0,0,1,1,0
2023-09-06 23:00:00,0,0,1,58,0,22.4,14.0,0.0,0,0,0,0,0,0,1,1,0
2023-09-06 14:00:00,1413,15,24,337,0,22.4,14.0,0.0,0,0,0,0,0,0,1,1,0
2023-09-06 01:00:00,68,2,0,2,0,22.4,14.0,0.0,0,0,0,0,0,0,1,1,0
2023-09-06 04:00:00,65,5,0,5,0,22.4,14.0,0.0,0,0,0,0,0,0,1,1,0
2023-09-06 03:00:00,41,4,0,3,0,22.4,14.0,0.0,0,0,0,0,0,0,1,1,0
2023-09-05 21:00:00,690,22,12,203,0,19.9,9.9,0.0,0,0,0,0,0,1,0,1,0
2023-09-05 05:00:00,195,6,3,21,0,19.9,9.9,0.0,0,0,0,0,0,1,0,1,0
2023-09-07 09:00:00,1627,10,121,336,0,25.0,12.0,0.0,0,0,0,0,1,0,0,1,0
2023-09-05 04:00:00,80,5,3,5,0,19.9,9.9,0.0,0,0,0,0,0,1,0,1,0
2023-09-05 23:00:00,228,0,2,43,0,19.9,9.9,0.0,0,0,0,0,0,1,0,1,0
2023-09-05 03:00:00,39,4,1,1,0,19.9,9.9,0.0,0,0,0,0,0,1,0,1,0
2023-09-05 01:00:00,60,2,0,3,0,19.9,9.9,0.0,0,0,0,0,0,1,0,1,0
2023-09-05 02:00:00,48,3,0,2,0,19.9,9.9,0.0,0,0,0,0,0,1,0,1,0
2023-09-05 20:00:00,1151,21,22,228,0,19.9,9.9,0.0,0,0,0,0,0,1,0,1,0
2023-09-05 19:00:00,1463,20,21,207,0,19.9,9.9,0.0,0,0,0,0,0,1,0,1,0
2023-09-05 06:00:00,393,7,14,44,0,19.9,9.9,0.0,0,0,0,0,0,1,0,1,0
2023-09-07 10:00:00,1563,11,97,582,0,25.0,12.0,0.0,0,0,0,0,1,0,0,1,0
2023-09-06 17:00:00,1948,18,79,365,0,22.4,14.0,0.0,0,0,0,0,0,0,1,1,0
2023-09-06 16:00:00,2003,17,76,439,0,22.4,14.0,0.0,0,0,0,0,0,0,1,1,0
2023-09-07 08:00:00,2084,9,67,561,0,25.0,12.0,0.0,0,0,0,0,1,0,0,1,0
2023-09-06 08:00:00,2735,9,69,175,0,22.4,14.0,0.0,0,0,0,0,0,0,1,1,0
2023-09-06 15:00:00,1571,16,64,409,0,22.4,14.0,0.0,0,0,0,0,0,0,1,1,0
2023-09-07 13:00:00,1788,14,48,1246,0,25.0,12.0,0.0,0,0,0,0,1,0,0,1,0
2023-09-05 22:00:00,419,23,10,92,0,19.9,9.9,0.0,0,0,0,0,0,1,0,1,0
2023-09-06 18:00:00,1353,19,54,302,0,22.4,14.0,0.0,0,0,0,0,0,0,1,1,0
2023-09-06 09:00:00,2184,10,38,204,0,22.4,14.0,0.0,0,0,0,0,0,0,1,1,0
2023-09-06 12:00:00,1932,13,36,443,0,22.4,14.0,0.0,0,0,0,0,0,0,1,1,0
2023-09-06 11:00:00,1879,12,33,368,0,22.4,14.0,0.0,0,0,0,0,0,0,1,1,0
2023-09-06 19:00:00,1011,20,29,251,0,22.4,14.0,0.0,0,0,0,0,0,0,1,1,0
2023-09-06 13:00:00,1436,14,27,513,0,22.4,14.0,0.0,0,0,0,0,0,0,1,1,0
2023-09-06 07:00:00,1965,8,25,105,0,22.4,14.0,0.0,0,0,0,0,0,0,1,1,0
2023-09-06 10:00:00,1948,11,25,308,0,22.4,14.0,0.0,0,0,0,0,0,0,1,1,0
2023-09-07 11:00:00,1813,12,46,945,0,25.0,12.0,0.0,0,0,0,0,1,0,0,1,0
2023-09-06 06:00:00,661,7,7,53,0,22.4,14.0,0.0,0,0,0,0,0,0,1,1,0
2023-09-06 20:00:00,834,21,17,211,0,22.4,14.0,0.0,0,0,0,0,0,0,1,1,0
2023-09-06 05:00:00,237,6,3,31,0,22.4,14.0,0.0,0,0,0,0,0,0,1,1,0
2023-09-06 00:00:00,102,1,2,24,0,22.4,14.0,0.0,0,0,0,0,0,0,1,1,0
2023-09-07 12:00:00,1849,13,31,1150,0,25.0,12.0,0.0,0,0,0,0,1,0,0,1,0
2023-09-05 00:00:00,122,1,5,14,0,19.9,9.9,0.0,0,0,0,0,0,1,0,1,0
2023-09-08 09:00:00,1590,10,76,307,0,24.7,13.5,0.0,1,0,0,0,0,0,0,1,0
2023-09-07 07:00:00,1095,8,24,163,0,25.0,12.0,0.0,0,0,0,0,1,0,0,1,0
2023-09-08 07:00:00,1515,8,60,57,0,24.7,13.5,0.0,1,0,0,0,0,0,0,1,0
2023-09-08 12:00:00,1870,13,59,458,0,24.7,13.5,0.0,1,0,0,0,0,0,0,1,0
2023-09-08 04:00:00,61,5,1,9,0,24.7,13.5,0.0,1,0,0,0,0,0,0,1,0
2023-09-08 19:00:00,1597,20,52,732,0,24.7,13.5,0.0,1,0,0,0,0,0,0,1,0
2023-09-09 22:00:00,789,23,31,582,0,22.7,5.5,0.0,0,0,1,0,0,0,0,1,0
2023-09-08 11:00:00,1696,12,51,356,0,24.7,13.5,0.0,1,0,0,0,0,0,0,1,0
2023-09-07 15:00:00,1896,16,16,620,0,25.0,12.0,0.0,0,0,0,0,1,0,0,1,0
2023-09-07 14:00:00,1871,15,15,880,0,25.0,12.0,0.0,0,0,0,0,1,0,0,1,0
2023-09-07 17:00:00,1784,18,14,620,0,25.0,12.0,0.0,0,0,0,0,1,0,0,1,0
2023-09-07 16:00:00,2364,17,11,650,0,25.0,12.0,0.0,0,0,0,0,1,0,0,1,0
2023-09-07 18:00:00,1510,19,11,552,0,25.0,12.0,0.0,0,0,0,0,1,0,0,1,0
2023-09-07 20:00:00,951,21,9,276,0,25.0,12.0,0.0,0,0,0,0,1,0,0,1,0
2023-09-07 19:00:00,1346,20,8,421,0,25.0,12.0,0.0,0,0,0,0,1,0,0,1,0
2023-09-09 20:00:00,1100,21,29,955,0,22.7,5.5,0.0,0,0,1,0,0,0,0,1,0
2023-09-07 21:00:00,702,22,6,156,0,25.0,12.0,0.0,0,0,0,0,1,0,0,1,0
2023-09-09 21:00:00,996,22,27,556,0,22.7,5.5,0.0,0,0,1,0,0,0,0,1,0
2023-09-09 19:00:00,1174,20,26,875,0,22.7,5.5,0.0,0,0,1,0,0,0,0,1,0
2023-09-09 08:00:00,967,9,26,456,0,22.7,5.5,0.0,0,0,1,0,0,0,0,1,0
2023-09-09 23:00:00,564,0,15,267,0,22.7,5.5,0.0,0,0,1,0,0,0,0,1,0
2023-09-07 06:00:00,235,7,6,6,0,25.0,12.0,0.0,0,0,0,0,1,0,0,1,0
2023-09-08 01:00:00,89,2,0,8,0,24.7,13.5,0.0,1,0,0,0,0,0,0,1,0
2023-09-08 20:00:00,1227,21,38,509,0,24.7,13.5,0.0,1,0,0,0,0,0,0,1,0
2023-09-08 05:00:00,201,6,1,13,0,24.7,13.5,0.0,1,0,0,0,0,0,0,1,0
2023-09-08 00:00:00,151,1,1,42,0,24.7,13.5,0.0,1,0,0,0,0,0,0,1,0
2023-09-08 02:00:00,74,3,0,9,0,24.7,13.5,0.0,1,0,0,0,0,0,0,1,0
2023-09-08 23:00:00,502,0,16,218,0,24.7,13.5,0.0,1,0,0,0,0,0,0,1,0
2023-09-08 03:00:00,56,4,0,4,0,24.7,13.5,0.0,1,0,0,0,0,0,0,1,0
2023-09-07 04:00:00,0,5,1,28,0,25.0,12.0,0.0,0,0,0,0,1,0,0,1,0
2023-09-07 03:00:00,0,4,1,7,0,25.0,12.0,0.0,0,0,0,0,1,0,0,1,0
2023-09-09 10:00:00,1864,11,103,349,0,22.7,5.5,0.0,0,0,1,0,0,0,0,1,0
2023-09-09 15:00:00,1830,16,91,549,0,22.7,5.5,0.0,0,0,1,0,0,0,0,1,0
2023-09-09 13:00:00,2265,14,90,556,0,22.7,5.5,0.0,0,0,1,0,0,0,0,1,0
2023-09-09 11:00:00,2218,12,78,526,0,22.7,5.5,0.0,0,0,1,0,0,0,0,1,0
2023-09-09 12:00:00,2290,13,77,498,0,22.7,5.5,0.0,0,0,1,0,0,0,0,1,0
2023-09-09 09:00:00,1313,10,75,251,0,22.7,5.5,0.0,0,0,1,0,0,0,0,1,0
2023-09-09 18:00:00,1657,19,65,1342,0,22.7,5.5,0.0,0,0,1,0,0,0,0,1,0
2023-09-09 14:00:00,2048,15,64,677,0,22.7,5.5,0.0,0,0,1,0,0,0,0,1,0
2023-09-09 16:00:00,2021,17,58,1377,0,22.7,5.5,0.0,0,0,1,0,0,0,0,1,0
2023-09-09 17:00:00,1882,18,51,1626,0,22.7,5.5,0.0,0,0,1,0,0,0,0,1,0
2023-09-08 21:00:00,875,22,32,372,0,24.7,13.5,0.0,1,0,0,0,0,0,0,1,0
2023-09-07 22:00:00,474,23,4,121,0,25.0,12.0,0.0,0,0,0,0,1,0,0,1,0
2023-09-08 15:00:00,1650,16,12,615,0,24.7,13.5,0.0,1,0,0,0,0,0,0,1,0
2023-09-08 06:00:00,505,7,12,40,0,24.7,13.5,0.0,1,0,0,0,0,0,0,1,0
2023-09-08 14:00:00,1676,15,8,537,0,24.7,13.5,0.0,1,0,0,0,0,0,0,1,0
2023-09-08 22:00:00,470,23,24,354,0,24.7,13.5,0.0,1,0,0,0,0,0,0,1,0
2023-09-07 00:00:00,1,1,0,40,0,25.0,12.0,0.0,0,0,0,0,1,0,0,1,0
2023-09-07 01:00:00,0,2,0,6,0,25.0,12.0,0.0,0,0,0,0,1,0,0,1,0
2023-09-07 02:00:00,0,3,0,6,0,25.0,12.0,0.0,0,0,0,0,1,0,0,1,0
2023-09-08 08:00:00,1932,9,123,151,0,24.7,13.5,0.0,1,0,0,0,0,0,0,1,0
2023-09-08 18:00:00,1917,19,114,851,0,24.7,13.5,0.0,1,0,0,0,0,0,0,1,0
2023-09-08 17:00:00,2674,18,98,1329,0,24.7,13.5,0.0,1,0,0,0,0,0,0,1,0
2023-09-08 16:00:00,2358,17,85,1140,0,24.7,13.5,0.0,1,0,0,0,0,0,0,1,0
2023-09-08 10:00:00,1590,11,78,387,0,24.7,13.5,0.0,1,0,0,0,0,0,0,1,0
2023-09-08 13:00:00,1951,14,20,811,0,24.7,13.5,0.0,1,0,0,0,0,0,0,1,0
2023-09-07 23:00:00,260,0,3,68,0,25.0,12.0,0.0,0,0,0,0,1,0,0,1,0
2023-09-07 05:00:00,95,6,2,11,0,25.0,12.0,0.0,0,0,0,0,1,0,0,1,0
2023-09-09 07:00:00,489,8,8,147,0,22.7,5.5,0.0,0,0,1,0,0,0,0,1,0
2023-09-09 00:00:00,316,1,7,92,0,22.7,5.5,0.0,0,0,1,0,0,0,0,1,0
2023-09-09 06:00:00,215,7,7,71,0,22.7,5.5,0.0,0,0,1,0,0,0,0,1,0
2023-09-09 01:00:00,226,2,6,45,0,22.7,5.5,0.0,0,0,1,0,0,0,0,1,0
2023-09-11 18:00:00,520,19,28,408,0,17.4,12.5,0.0,0,1,0,0,0,0,0,1,0
2023-09-09 05:00:00,121,6,5,41,0,22.7,5.5,0.0,0,0,1,0,0,0,0,1,0
2023-09-09 02:00:00,192,3,4,31,0,22.7,5.5,0.0,0,0,1,0,0,0,0,1,0
2023-09-09 04:00:00,115,5,4,59,0,22.7,5.5,0.0,0,0,1,0,0,0,0,1,0
2023-09-09 03:00:00,103,4,2,19,0,22.7,5.5,0.0,0,0,1,0,0,0,0,1,0
2023-09-10 19:00:00,1163,20,28,251,0,20.5,5.5,21.4,0,0,0,1,0,0,0,1,0
2023-09-11 21:00:00,663,22,27,192,0,17.4,12.5,0.0,0,1,0,0,0,0,0,1,0
2023-09-11 10:00:00,1386,11,26,284,0,17.4,12.5,0.0,0,1,0,0,0,0,0,1,0
2023-09-11 11:00:00,1472,12,22,359,0,17.4,12.5,0.0,0,1,0,0,0,0,0,1,0
2023-09-11 15:00:00,1634,16,21,454,0,17.4,12.5,0.0,0,1,0,0,0,0,0,1,0
2023-09-11 14:00:00,1479,15,21,471,0,17.4,12.5,0.0,0,1,0,0,0,0,0,1,0
2023-09-11 07:00:00,1160,8,17,393,0,17.4,12.5,0.0,0,1,0,0,0,0,0,1,0
2023-09-11 22:00:00,434,23,15,151,0,17.4,12.5,0.0,0,1,0,0,0,0,0,1,0
2023-09-11 19:00:00,530,20,14,426,0,17.4,12.5,0.0,0,1,0,0,0,0,0,1,0
2023-09-11 09:00:00,1431,10,11,234,0,17.4,12.5,0.0,0,1,0,0,0,0,0,1,0
2023-09-10 17:00:00,1701,18,78,423,0,20.5,5.5,21.4,0,0,0,1,0,0,0,1,0
2023-09-10 12:00:00,2675,13,69,531,0,20.5,5.5,21.4,0,0,0,1,0,0,0,1,0
2023-09-10 13:00:00,2766,14,65,600,0,20.5,5.5,21.4,0,0,0,1,0,0,0,1,0
2023-09-10 14:00:00,2123,15,62,587,0,20.5,5.5,21.4,0,0,0,1,0,0,0,1,0
2023-09-10 18:00:00,1315,19,60,281,0,20.5,5.5,21.4,0,0,0,1,0,0,0,1,0
2023-09-10 10:00:00,1830,11,55,387,0,20.5,5.5,21.4,0,0,0,1,0,0,0,1,0
2023-09-10 15:00:00,2137,16,43,479,0,20.5,5.5,21.4,0,0,0,1,0,0,0,1,0
2023-09-10 16:00:00,2122,17,41,487,0,20.5,5.5,21.4,0,0,0,1,0,0,0,1,0
2023-09-10 11:00:00,2349,12,36,364,0,20.5,5.5,21.4,0,0,0,1,0,0,0,1,0
2023-09-10 09:00:00,1389,10,32,129,0,20.5,5.5,21.4,0,0,0,1,0,0,0,1,0
2023-09-10 23:00:00,288,0,3,69,0,20.5,5.5,21.4,0,0,0,1,0,0,0,1,0
2023-09-11 17:00:00,1964,18,56,564,0,17.4,12.5,0.0,0,1,0,0,0,0,0,1,0
2023-09-11 16:00:00,2283,17,46,423,0,17.4,12.5,0.0,0,1,0,0,0,0,0,1,0
2023-09-11 20:00:00,972,21,43,334,0,17.4,12.5,0.0,0,1,0,0,0,0,0,1,0
2023-09-11 12:00:00,1609,13,36,509,0,17.4,12.5,0.0,0,1,0,0,0,0,0,1,0
2023-09-11 13:00:00,1486,14,31,410,0,17.4,12.5,0.0,0,1,0,0,0,0,0,1,0
2023-09-11 08:00:00,1951,9,29,607,0,17.4,12.5,0.0,0,1,0,0,0,0,0,1,0
2023-09-10 03:00:00,117,4,3,25,0,20.5,5.5,21.4,0,0,0,1,0,0,0,1,0
2023-09-10 07:00:00,437,8,7,51,0,20.5,5.5,21.4,0,0,0,1,0,0,0,1,0
2023-09-10 22:00:00,421,23,20,67,0,20.5,5.5,21.4,0,0,0,1,0,0,0,1,0
2023-09-10 08:00:00,639,9,19,111,0,20.5,5.5,21.4,0,0,0,1,0,0,0,1,0
2023-09-10 20:00:00,733,21,13,76,0,20.5,5.5,21.4,0,0,0,1,0,0,0,1,0
2023-09-10 01:00:00,282,2,11,89,0,20.5,5.5,21.4,0,0,0,1,0,0,0,1,0
2023-09-10 21:00:00,529,22,10,56,0,20.5,5.5,21.4,0,0,0,1,0,0,0,1,0
2023-09-10 06:00:00,207,7,2,64,0,20.5,5.5,21.4,0,0,0,1,0,0,0,1,0
2023-09-10 00:00:00,405,1,6,141,0,20.5,5.5,21.4,0,0,0,1,0,0,0,1,0
2023-09-10 04:00:00,128,5,5,10,0,20.5,5.5,21.4,0,0,0,1,0,0,0,1,0
2023-09-10 02:00:00,234,3,4,52,0,20.5,5.5,21.4,0,0,0,1,0,0,0,1,0
2023-09-10 05:00:00,117,6,4,22,0,20.5,5.5,21.4,0,0,0,1,0,0,0,1,0
2023-09-11 23:00:00,267,0,8,81,0,17.4,12.5,0.0,0,1,0,0,0,0,0,1,0
2023-09-11 06:00:00,386,7,6,118,0,17.4,12.5,0.0,0,1,0,0,0,0,0,1,0
2023-09-11 05:00:00,183,6,4,32,0,17.4,12.5,0.0,0,1,0,0,0,0,0,1,0
2023-09-11 00:00:00,162,1,1,76,0,17.4,12.5,0.0,0,1,0,0,0,0,0,1,0
2023-09-11 02:00:00,119,3,1,21,0,17.4,12.5,0.0,0,1,0,0,0,0,0,1,0
2023-09-11 01:00:00,114,2,1,36,0,17.4,12.5,0.0,0,1,0,0,0,0,0,1,0
2023-09-11 04:00:00,94,5,0,6,0,17.4,12.5,0.0,0,1,0,0,0,0,0,1,0
2023-09-11 03:00:00,36,4,0,1,0,17.4,12.5,0.0,0,1,0,0,0,0,0,1,0
2023-09-12 08:00:00,2368,9,145,162,0,15.6,8.2,0.0,0,0,0,0,0,1,0,1,0
2023-09-12 09:00:00,1880,10,126,229,0,15.6,8.2,0.0,0,0,0,0,0,1,0,1,0
2023-09-12 17:00:00,2277,18,79,412,0,15.6,8.2,0.0,0,0,0,0,0,1,0,1,0
2023-09-12 15:00:00,1986,16,70,348,0,15.6,8.2,0.0,0,0,0,0,0,1,0,1,0
2023-09-12 14:00:00,1788,15,52,366,0,15.6,8.2,0.0,0,0,0,0,0,1,0,1,0
2023-09-12 16:00:00,2295,17,51,555,0,15.6,8.2,0.0,0,0,0,0,0,1,0,1,0
2023-09-12 10:00:00,1621,11,49,333,0,15.6,8.2,0.0,0,0,0,0,0,1,0,1,0
2023-09-12 13:00:00,1857,14,45,443,0,15.6,8.2,0.0,0,0,0,0,0,1,0,1,0
2023-09-12 07:00:00,1844,8,44,97,0,15.6,8.2,0.0,0,0,0,0,0,1,0,1,0
2023-09-12 12:00:00,1973,13,41,421,0,15.6,8.2,0.0,0,0,0,0,0,1,0,1,0
2023-09-12 18:00:00,1584,19,38,297,0,15.6,8.2,0.0,0,0,0,0,0,1,0,1,0
2023-09-12 11:00:00,1880,12,26,364,0,15.6,8.2,0.0,0,0,0,0,0,1,0,1,0
2023-09-13 08:00:00,2833,9,109,296,0,18.3,5.5,1.8,0,0,0,0,0,0,1,1,0
2023-09-12 20:00:00,861,21,24,242,0,15.6,8.2,0.0,0,0,0,0,0,1,0,1,0
2023-09-13 09:00:00,2097,10,87,300,0,18.3,5.5,1.8,0,0,0,0,0,0,1,1,0
2023-09-13 17:00:00,2353,18,71,349,0,18.3,5.5,1.8,0,0,0,0,0,0,1,1,0
2023-09-13 20:00:00,969,21,20,171,0,18.3,5.5,1.8,0,0,0,0,0,0,1,1,0
2023-09-13 12:00:00,1900,13,58,521,0,18.3,5.5,1.8,0,0,0,0,0,0,1,1,0
2023-09-12 06:00:00,425,7,8,156,0,15.6,8.2,0.0,0,0,0,0,0,1,0,1,0
2023-09-13 10:00:00,1837,11,57,247,0,18.3,5.5,1.8,0,0,0,0,0,0,1,1,0
2023-09-12 21:00:00,627,22,5,148,0,15.6,8.2,0.0,0,0,0,0,0,1,0,1,0
2023-09-12 00:00:00,176,1,5,120,0,15.6,8.2,0.0,0,0,0,0,0,1,0,1,0
2023-09-12 02:00:00,128,3,5,41,0,15.6,8.2,0.0,0,0,0,0,0,1,0,1,0
2023-09-12 04:00:00,84,5,4,10,0,15.6,8.2,0.0,0,0,0,0,0,1,0,1,0
2023-09-12 05:00:00,227,6,3,44,0,15.6,8.2,0.0,0,0,0,0,0,1,0,1,0
2023-09-12 01:00:00,102,2,3,23,0,15.6,8.2,0.0,0,0,0,0,0,1,0,1,0
2023-09-13 16:00:00,2344,17,54,337,0,18.3,5.5,1.8,0,0,0,0,0,0,1,1,0
2023-09-13 15:00:00,1953,16,52,518,0,18.3,5.5,1.8,0,0,0,0,0,0,1,1,0
2023-09-13 19:00:00,1326,20,17,178,0,18.3,5.5,1.8,0,0,0,0,0,0,1,1,0
2023-09-12 23:00:00,331,0,1,87,0,15.6,8.2,0.0,0,0,0,0,0,1,0,1,0
2023-09-13 21:00:00,661,22,13,107,0,18.3,5.5,1.8,0,0,0,0,0,0,1,1,0
2023-09-13 06:00:00,662,7,8,43,0,18.3,5.5,1.8,0,0,0,0,0,0,1,1,0
2023-09-13 11:00:00,1888,12,46,376,0,18.3,5.5,1.8,0,0,0,0,0,0,1,1,0
2023-09-13 13:00:00,1738,14,43,420,0,18.3,5.5,1.8,0,0,0,0,0,0,1,1,0
2023-09-12 19:00:00,1218,20,16,214,0,15.6,8.2,0.0,0,0,0,0,0,1,0,1,0
2023-09-12 03:00:00,66,4,1,4,0,15.6,8.2,0.0,0,0,0,0,0,1,0,1,0
2023-09-13 18:00:00,1708,19,40,171,0,18.3,5.5,1.8,0,0,0,0,0,0,1,1,0
2023-09-13 07:00:00,1922,8,38,117,0,18.3,5.5,1.8,0,0,0,0,0,0,1,1,0
2023-09-13 14:00:00,1747,15,32,436,0,18.3,5.5,1.8,0,0,0,0,0,0,1,1,0
2023-09-12 22:00:00,417,23,0,132,0,15.6,8.2,0.0,0,0,0,0,0,1,0,1,0
2023-09-15 12:00:00,2408,13,38,377,0,15.5,9.8,13.2,1,0,0,0,0,0,0,1,0
2023-09-15 08:00:00,2544,9,35,136,0,15.5,9.8,13.2,1,0,0,0,0,0,0,1,0
2023-09-15 07:00:00,1692,8,34,59,0,15.5,9.8,13.2,1,0,0,0,0,0,0,1,0
2023-09-14 13:00:00,1998,14,55,461,0,14.5,10.6,0.0,0,0,0,0,1,0,0,1,0
2023-09-15 13:00:00,2352,14,30,393,0,15.5,9.8,13.2,1,0,0,0,0,0,0,1,0
2023-09-14 18:00:00,2028,19,51,396,0,14.5,10.6,0.0,0,0,0,0,1,0,0,1,0
2023-09-14 16:00:00,2522,17,48,246,0,14.5,10.6,0.0,0,0,0,0,1,0,0,1,0
2023-09-15 19:00:00,1269,20,29,288,0,15.5,9.8,13.2,1,0,0,0,0,0,0,1,0
2023-09-14 15:00:00,2200,16,46,391,0,14.5,10.6,0.0,0,0,0,0,1,0,0,1,0
2023-09-14 22:00:00,567,23,8,152,0,14.5,10.6,0.0,0,0,0,0,1,0,0,1,0
2023-09-14 21:00:00,782,22,5,178,0,14.5,10.6,0.0,0,0,0,0,1,0,0,1,0
2023-09-14 12:00:00,2261,13,45,462,0,14.5,10.6,0.0,0,0,0,0,1,0,0,1,0
2023-09-13 22:00:00,417,23,4,74,0,18.3,5.5,1.8,0,0,0,0,0,0,1,1,0
2023-09-13 23:00:00,223,0,3,45,0,18.3,5.5,1.8,0,0,0,0,0,0,1,1,0
2023-09-13 00:00:00,171,1,2,87,0,18.3,5.5,1.8,0,0,0,0,0,0,1,1,0
2023-09-13 02:00:00,91,3,2,15,0,18.3,5.5,1.8,0,0,0,0,0,0,1,1,0
2023-09-13 05:00:00,229,6,1,27,0,18.3,5.5,1.8,0,0,0,0,0,0,1,1,0
2023-09-13 04:00:00,84,5,1,5,0,18.3,5.5,1.8,0,0,0,0,0,0,1,1,0
2023-09-15 10:00:00,1915,11,26,367,0,15.5,9.8,13.2,1,0,0,0,0,0,0,1,0
2023-09-14 06:00:00,669,7,4,69,0,14.5,10.6,0.0,0,0,0,0,1,0,0,1,0
2023-09-14 11:00:00,2011,12,41,409,0,14.5,10.6,0.0,0,0,0,0,1,0,0,1,0
2023-09-14 23:00:00,239,0,2,36,0,14.5,10.6,0.0,0,0,0,0,1,0,0,1,0
2023-09-14 04:00:00,77,5,2,16,0,14.5,10.6,0.0,0,0,0,0,1,0,0,1,0
2023-09-14 05:00:00,230,6,1,32,0,14.5,10.6,0.0,0,0,0,0,1,0,0,1,0
2023-09-14 00:00:00,157,1,1,24,0,14.5,10.6,0.0,0,0,0,0,1,0,0,1,0
2023-09-14 01:00:00,80,2,1,9,0,14.5,10.6,0.0,0,0,0,0,1,0,0,1,0
2023-09-14 10:00:00,1985,11,38,300,0,14.5,10.6,0.0,0,0,0,0,1,0,0,1,0
2023-09-14 02:00:00,76,3,0,15,0,14.5,10.6,0.0,0,0,0,0,1,0,0,1,0
2023-09-15 09:00:00,2046,10,23,159,0,15.5,9.8,13.2,1,0,0,0,0,0,0,1,0
2023-09-15 11:00:00,2041,12,21,314,0,15.5,9.8,13.2,1,0,0,0,0,0,0,1,0
2023-09-14 03:00:00,52,4,0,13,0,14.5,10.6,0.0,0,0,0,0,1,0,0,1,0
2023-09-13 01:00:00,92,2,0,8,0,18.3,5.5,1.8,0,0,0,0,0,0,1,1,0
2023-09-14 14:00:00,2028,15,31,311,0,14.5,10.6,0.0,0,0,0,0,1,0,0,1,0
2023-09-13 03:00:00,69,4,0,8,0,18.3,5.5,1.8,0,0,0,0,0,0,1,1,0
2023-09-15 06:00:00,633,7,8,62,0,15.5,9.8,13.2,1,0,0,0,0,0,0,1,0
2023-09-15 21:00:00,597,22,6,76,0,15.5,9.8,13.2,1,0,0,0,0,0,0,1,0
2023-09-15 20:00:00,870,21,5,87,0,15.5,9.8,13.2,1,0,0,0,0,0,0,1,0
2023-09-14 07:00:00,1915,8,29,122,0,14.5,10.6,0.0,0,0,0,0,1,0,0,1,0
2023-09-14 19:00:00,1523,20,26,224,0,14.5,10.6,0.0,0,0,0,0,1,0,0,1,0
2023-09-15 17:00:00,2242,18,142,365,0,15.5,9.8,13.2,1,0,0,0,0,0,0,1,0
2023-09-15 15:00:00,926,16,89,741,0,15.5,9.8,13.2,1,0,0,0,0,0,0,1,0
2023-09-15 18:00:00,1636,19,84,207,0,15.5,9.8,13.2,1,0,0,0,0,0,0,1,0
2023-09-15 16:00:00,976,17,77,616,0,15.5,9.8,13.2,1,0,0,0,0,0,0,1,0
2023-09-15 14:00:00,1275,15,43,535,0,15.5,9.8,13.2,1,0,0,0,0,0,0,1,0
2023-09-14 20:00:00,1194,21,21,244,0,14.5,10.6,0.0,0,0,0,0,1,0,0,1,0
2023-09-14 08:00:00,2718,9,91,367,0,14.5,10.6,0.0,0,0,0,0,1,0,0,1,0
2023-09-14 17:00:00,2485,18,79,309,0,14.5,10.6,0.0,0,0,0,0,1,0,0,1,0
2023-09-14 09:00:00,2108,10,68,349,0,14.5,10.6,0.0,0,0,0,0,1,0,0,1,0
2023-09-15 00:00:00,174,1,0,23,0,15.5,9.8,13.2,1,0,0,0,0,0,0,1,0
2023-09-15 01:00:00,90,2,0,14,0,15.5,9.8,13.2,1,0,0,0,0,0,0,1,0
2023-09-16 09:00:00,1172,10,26,140,0,14.9,9.2,0.0,0,0,1,0,0,0,0,1,0
2023-09-17 23:00:00,94,0,4,30,0,16.0,6.8,9.0,0,0,0,1,0,0,0,1,0
2023-09-16 12:00:00,2237,13,10,209,0,14.9,9.2,0.0,0,0,1,0,0,0,0,1,0
2023-09-17 22:00:00,217,23,2,56,0,16.0,6.8,9.0,0,0,0,1,0,0,0,1,0
2023-09-17 01:00:00,189,2,2,19,0,16.0,6.8,9.0,0,0,0,1,0,0,0,1,0
2023-09-17 02:00:00,129,3,2,37,0,16.0,6.8,9.0,0,0,0,1,0,0,0,1,0
2023-09-16 11:00:00,2334,12,9,199,0,14.9,9.2,0.0,0,0,1,0,0,0,0,1,0
2023-09-15 02:00:00,70,3,0,10,0,15.5,9.8,13.2,1,0,0,0,0,0,0,1,0
2023-09-17 10:00:00,1689,11,101,422,0,16.0,6.8,9.0,0,0,0,1,0,0,0,1,0
2023-09-17 11:00:00,1799,12,95,477,0,16.0,6.8,9.0,0,0,0,1,0,0,0,1,0
2023-09-17 12:00:00,2015,13,75,535,0,16.0,6.8,9.0,0,0,0,1,0,0,0,1,0
2023-09-17 13:00:00,2206,14,68,671,0,16.0,6.8,9.0,0,0,0,1,0,0,0,1,0
2023-09-17 14:00:00,2139,15,52,554,0,16.0,6.8,9.0,0,0,0,1,0,0,0,1,0
2023-09-17 18:00:00,1391,19,49,229,0,16.0,6.8,9.0,0,0,0,1,0,0,0,1,0
2023-09-17 15:00:00,1990,16,32,474,0,16.0,6.8,9.0,0,0,0,1,0,0,0,1,0
2023-09-17 16:00:00,2201,17,28,365,0,16.0,6.8,9.0,0,0,0,1,0,0,0,1,0
2023-09-17 17:00:00,1911,18,23,291,0,16.0,6.8,9.0,0,0,0,1,0,0,0,1,0
2023-09-17 08:00:00,662,9,18,63,0,16.0,6.8,9.0,0,0,0,1,0,0,0,1,0
2023-09-17 19:00:00,632,20,18,225,0,16.0,6.8,9.0,0,0,0,1,0,0,0,1,0
2023-09-15 22:00:00,477,23,3,58,0,15.5,9.8,13.2,1,0,0,0,0,0,0,1,0
2023-09-17 09:00:00,965,10,11,119,0,16.0,6.8,9.0,0,0,0,1,0,0,0,1,0
2023-09-17 21:00:00,276,22,9,171,0,16.0,6.8,9.0,0,0,0,1,0,0,0,1,0
2023-09-17 20:00:00,489,21,8,231,0,16.0,6.8,9.0,0,0,0,1,0,0,0,1,0
2023-09-15 23:00:00,323,0,3,42,0,15.5,9.8,13.2,1,0,0,0,0,0,0,1,0
2023-09-15 03:00:00,59,4,0,1,0,15.5,9.8,13.2,1,0,0,0,0,0,0,1,0
2023-09-16 00:00:00,170,1,2,19,0,14.9,9.2,0.0,0,0,1,0,0,0,0,1,0
2023-09-16 20:00:00,925,21,19,424,0,14.9,9.2,0.0,0,0,1,0,0,0,0,1,0
2023-09-16 21:00:00,677,22,12,384,0,14.9,9.2,0.0,0,0,1,0,0,0,0,1,0
2023-09-16 17:00:00,2036,18,74,650,0,14.9,9.2,0.0,0,0,1,0,0,0,0,1,0
2023-09-16 16:00:00,2076,17,71,771,0,14.9,9.2,0.0,0,0,1,0,0,0,0,1,0
2023-09-16 15:00:00,780,16,49,1267,0,14.9,9.2,0.0,0,0,1,0,0,0,0,1,0
2023-09-16 18:00:00,1665,19,38,473,0,14.9,9.2,0.0,0,0,1,0,0,0,0,1,0
2023-09-16 22:00:00,637,23,35,196,0,14.9,9.2,0.0,0,0,1,0,0,0,0,1,0
2023-09-16 08:00:00,982,9,33,185,0,14.9,9.2,0.0,0,0,1,0,0,0,0,1,0
2023-09-16 10:00:00,1276,11,32,299,0,14.9,9.2,0.0,0,0,1,0,0,0,0,1,0
2023-09-16 19:00:00,1504,20,28,469,0,14.9,9.2,0.0,0,0,1,0,0,0,0,1,0
2023-09-16 14:00:00,1925,15,6,1182,0,14.9,9.2,0.0,0,0,1,0,0,0,0,1,0
2023-09-16 13:00:00,1907,14,6,1070,0,14.9,9.2,0.0,0,0,1,0,0,0,0,1,0
2023-09-15 04:00:00,74,5,2,6,0,15.5,9.8,13.2,1,0,0,0,0,0,0,1,0
2023-09-16 23:00:00,414,0,6,102,0,14.9,9.2,0.0,0,0,1,0,0,0,0,1,0
2023-09-15 05:00:00,213,6,1,26,0,15.5,9.8,13.2,1,0,0,0,0,0,0,1,0
2023-09-16 06:00:00,272,7,3,16,0,14.9,9.2,0.0,0,0,1,0,0,0,0,1,0
2023-09-16 04:00:00,50,5,1,2,0,14.9,9.2,0.0,0,0,1,0,0,0,0,1,0
2023-09-16 07:00:00,432,8,0,49,0,14.9,9.2,0.0,0,0,1,0,0,0,0,1,0
2023-09-16 05:00:00,115,6,0,3,0,14.9,9.2,0.0,0,0,1,0,0,0,0,1,0
2023-09-16 01:00:00,95,2,0,18,0,14.9,9.2,0.0,0,0,1,0,0,0,0,1,0
2023-09-16 02:00:00,74,3,0,11,0,14.9,9.2,0.0,0,0,1,0,0,0,0,1,0
2023-09-16 03:00:00,59,4,0,12,0,14.9,9.2,0.0,0,0,1,0,0,0,0,1,0
2023-09-19 22:00:00,372,23,2,71,0,19.3,6.9,4.7,0,0,0,0,0,1,0,1,0
2023-09-19 05:00:00,142,6,2,31,0,19.3,6.9,4.7,0,0,0,0,0,1,0,1,0
2023-09-19 23:00:00,151,0,1,27,0,19.3,6.9,4.7,0,0,0,0,0,1,0,1,0
2023-09-19 02:00:00,29,3,1,6,0,19.3,6.9,4.7,0,0,0,0,0,1,0,1,0
2023-09-19 01:00:00,14,2,1,1,0,19.3,6.9,4.7,0,0,0,0,0,1,0,1,0
2023-09-19 17:00:00,2562,18,114,622,0,19.3,6.9,4.7,0,0,0,0,0,1,0,1,0
2023-09-19 09:00:00,2363,10,102,453,0,19.3,6.9,4.7,0,0,0,0,0,1,0,1,0
2023-09-19 08:00:00,2601,9,95,405,0,19.3,6.9,4.7,0,0,0,0,0,1,0,1,0
2023-09-19 16:00:00,2357,17,88,448,0,19.3,6.9,4.7,0,0,0,0,0,1,0,1,0
2023-09-19 10:00:00,2011,11,71,420,0,19.3,6.9,4.7,0,0,0,0,0,1,0,1,0
2023-09-19 15:00:00,1474,16,51,509,0,19.3,6.9,4.7,0,0,0,0,0,1,0,1,0
2023-09-19 14:00:00,1454,15,48,444,0,19.3,6.9,4.7,0,0,0,0,0,1,0,1,0
2023-09-19 07:00:00,1719,8,36,246,0,19.3,6.9,4.7,0,0,0,0,0,1,0,1,0
2023-09-19 21:00:00,598,22,6,121,0,19.3,6.9,4.7,0,0,0,0,0,1,0,1,0
2023-09-19 20:00:00,888,21,5,151,0,19.3,6.9,4.7,0,0,0,0,0,1,0,1,0
2023-09-19 06:00:00,589,7,5,88,0,19.3,6.9,4.7,0,0,0,0,0,1,0,1,0
2023-09-19 19:00:00,1131,20,3,283,0,19.3,6.9,4.7,0,0,0,0,0,1,0,1,0
2023-09-19 04:00:00,91,5,3,25,0,19.3,6.9,4.7,0,0,0,0,0,1,0,1,0
2023-09-17 07:00:00,633,8,1,2,0,16.0,6.8,9.0,0,0,0,1,0,0,0,1,0
2023-09-18 07:00:00,895,8,16,166,0,11.2,11.0,1.9,0,1,0,0,0,0,0,1,0
2023-09-19 11:00:00,2093,12,31,383,0,19.3,6.9,4.7,0,0,0,0,0,1,0,1,0
2023-09-18 20:00:00,768,21,13,590,0,11.2,11.0,1.9,0,1,0,0,0,0,0,1,0
2023-09-18 21:00:00,539,22,10,379,0,11.2,11.0,1.9,0,1,0,0,0,0,0,1,0
2023-09-19 12:00:00,2116,13,25,475,0,19.3,6.9,4.7,0,0,0,0,0,1,0,1,0
2023-09-18 06:00:00,292,7,6,82,0,11.2,11.0,1.9,0,1,0,0,0,0,0,1,0
2023-09-18 22:00:00,207,23,6,90,0,11.2,11.0,1.9,0,1,0,0,0,0,0,1,0
2023-09-19 18:00:00,1750,19,18,684,0,19.3,6.9,4.7,0,0,0,0,0,1,0,1,0
2023-09-19 13:00:00,1644,14,16,490,0,19.3,6.9,4.7,0,0,0,0,0,1,0,1,0
2023-09-17 05:00:00,178,6,1,2,0,16.0,6.8,9.0,0,0,0,1,0,0,0,1,0
2023-09-18 12:00:00,1571,13,122,527,0,11.2,11.0,1.9,0,1,0,0,0,0,0,1,0
2023-09-18 11:00:00,1262,12,101,505,0,11.2,11.0,1.9,0,1,0,0,0,0,0,1,0
2023-09-18 10:00:00,1216,11,92,359,0,11.2,11.0,1.9,0,1,0,0,0,0,0,1,0
2023-09-18 09:00:00,1322,10,80,264,0,11.2,11.0,1.9,0,1,0,0,0,0,0,1,0
2023-09-18 17:00:00,2729,18,75,1453,0,11.2,11.0,1.9,0,1,0,0,0,0,0,1,0
2023-09-18 13:00:00,1470,14,55,617,0,11.2,11.0,1.9,0,1,0,0,0,0,0,1,0
2023-09-18 16:00:00,2618,17,46,1728,0,11.2,11.0,1.9,0,1,0,0,0,0,0,1,0
2023-09-18 08:00:00,1297,9,44,177,0,11.2,11.0,1.9,0,1,0,0,0,0,0,1,0
2023-09-17 06:00:00,384,7,0,6,0,16.0,6.8,9.0,0,0,0,1,0,0,0,1,0
2023-09-17 00:00:00,284,1,0,44,0,16.0,6.8,9.0,0,0,0,1,0,0,0,1,0
2023-09-18 23:00:00,110,0,3,58,0,11.2,11.0,1.9,0,1,0,0,0,0,0,1,0
2023-09-18 15:00:00,1736,16,43,404,0,11.2,11.0,1.9,0,1,0,0,0,0,0,1,0
2023-09-18 04:00:00,45,5,0,0,0,11.2,11.0,1.9,0,1,0,0,0,0,0,1,0
2023-09-18 00:00:00,41,1,0,38,0,11.2,11.0,1.9,0,1,0,0,0,0,0,1,0
2023-09-18 01:00:00,34,2,0,9,0,11.2,11.0,1.9,0,1,0,0,0,0,0,1,0
2023-09-17 03:00:00,117,4,0,10,0,16.0,6.8,9.0,0,0,0,1,0,0,0,1,0
2023-09-18 14:00:00,1549,15,30,448,0,11.2,11.0,1.9,0,1,0,0,0,0,0,1,0
2023-09-18 05:00:00,109,6,2,16,0,11.2,11.0,1.9,0,1,0,0,0,0,0,1,0
2023-09-18 02:00:00,31,3,0,9,0,11.2,11.0,1.9,0,1,0,0,0,0,0,1,0
2023-09-18 18:00:00,1677,19,28,1151,0,11.2,11.0,1.9,0,1,0,0,0,0,0,1,0
2023-09-17 04:00:00,102,5,0,3,0,16.0,6.8,9.0,0,0,0,1,0,0,0,1,0
2023-09-18 19:00:00,897,20,25,874,0,11.2,11.0,1.9,0,1,0,0,0,0,0,1,0
2023-09-18 03:00:00,20,4,0,3,0,11.2,11.0,1.9,0,1,0,0,0,0,0,1,0
2023-09-21 15:00:00,1542,16,41,562,0,15.4,9.2,0.0,0,0,0,0,1,0,0,1,0
2023-09-20 16:00:00,1522,17,64,430,0,15.9,9.4,0.2,0,0,0,0,0,0,1,1,0
2023-09-20 10:00:00,1744,11,14,397,0,15.9,9.4,0.2,0,0,0,0,0,0,1,1,0
2023-09-20 17:00:00,1442,18,63,375,0,15.9,9.4,0.2,0,0,0,0,0,0,1,1,0
2023-09-21 16:00:00,1985,17,40,506,0,15.4,9.2,0.0,0,0,0,0,1,0,0,1,0
2023-09-21 13:00:00,1405,14,34,260,0,15.4,9.2,0.0,0,0,0,0,1,0,0,1,0
2023-09-20 12:00:00,1793,13,42,788,0,15.9,9.4,0.2,0,0,0,0,0,0,1,1,0
2023-09-20 01:00:00,75,2,0,6,0,15.9,9.4,0.2,0,0,0,0,0,0,1,1,0
2023-09-20 03:00:00,59,4,0,2,0,15.9,9.4,0.2,0,0,0,0,0,0,1,1,0
2023-09-19 03:00:00,48,4,0,27,0,19.3,6.9,4.7,0,0,0,0,0,1,0,1,0
2023-09-19 00:00:00,9,1,0,7,0,19.3,6.9,4.7,0,0,0,0,0,1,0,1,0
2023-09-20 08:00:00,2565,9,84,200,0,15.9,9.4,0.2,0,0,0,0,0,0,1,1,0
2023-09-20 09:00:00,2114,10,75,224,0,15.9,9.4,0.2,0,0,0,0,0,0,1,1,0
2023-09-20 18:00:00,1115,19,34,267,0,15.9,9.4,0.2,0,0,0,0,0,0,1,1,0
2023-09-20 14:00:00,1836,15,28,559,0,15.9,9.4,0.2,0,0,0,0,0,0,1,1,0
2023-09-20 13:00:00,1742,14,28,533,0,15.9,9.4,0.2,0,0,0,0,0,0,1,1,0
2023-09-20 07:00:00,1909,8,26,235,0,15.9,9.4,0.2,0,0,0,0,0,0,1,1,0
2023-09-20 15:00:00,1815,16,24,450,0,15.9,9.4,0.2,0,0,0,0,0,0,1,1,0
2023-09-20 11:00:00,1747,12,19,597,0,15.9,9.4,0.2,0,0,0,0,0,0,1,1,0
2023-09-21 12:00:00,1666,13,30,294,0,15.4,9.2,0.0,0,0,0,0,1,0,0,1,0
2023-09-20 02:00:00,51,3,0,1,0,15.9,9.4,0.2,0,0,0,0,0,0,1,1,0
2023-09-21 00:00:00,125,1,5,38,0,15.4,9.2,0.0,0,0,0,0,1,0,0,1,0
2023-09-21 18:00:00,1388,19,28,199,0,15.4,9.2,0.0,0,0,0,0,1,0,0,1,0
2023-09-21 08:00:00,1691,9,27,243,0,15.4,9.2,0.0,0,0,0,0,1,0,0,1,0
2023-09-21 09:00:00,1323,10,22,196,0,15.4,9.2,0.0,0,0,0,0,1,0,0,1,0
2023-09-21 10:00:00,1355,11,21,211,0,15.4,9.2,0.0,0,0,0,0,1,0,0,1,0
2023-09-21 20:00:00,646,21,21,189,0,15.4,9.2,0.0,0,0,0,0,1,0,0,1,0
2023-09-21 11:00:00,1449,12,18,279,0,15.4,9.2,0.0,0,0,0,0,1,0,0,1,0
2023-09-21 19:00:00,919,20,17,230,0,15.4,9.2,0.0,0,0,0,0,1,0,0,1,0
2023-09-21 21:00:00,477,22,15,152,0,15.4,9.2,0.0,0,0,0,0,1,0,0,1,0
2023-09-21 22:00:00,437,23,14,69,0,15.4,9.2,0.0,0,0,0,0,1,0,0,1,0
2023-09-20 19:00:00,986,20,10,199,0,15.9,9.4,0.2,0,0,0,0,0,0,1,1,0
2023-09-20 06:00:00,643,7,3,143,0,15.9,9.4,0.2,0,0,0,0,0,0,1,1,0
2023-09-21 07:00:00,1350,8,11,134,0,15.4,9.2,0.0,0,0,0,0,1,0,0,1,0
2023-09-21 14:00:00,1379,15,10,410,0,15.4,9.2,0.0,0,0,0,0,1,0,0,1,0
2023-09-20 20:00:00,782,21,2,61,0,15.9,9.4,0.2,0,0,0,0,0,0,1,1,0
2023-09-20 00:00:00,100,1,1,18,0,15.9,9.4,0.2,0,0,0,0,0,0,1,1,0
2023-09-20 04:00:00,85,5,1,10,0,15.9,9.4,0.2,0,0,0,0,0,0,1,1,0
2023-09-20 05:00:00,179,6,0,17,0,15.9,9.4,0.2,0,0,0,0,0,0,1,1,0
2023-09-21 23:00:00,179,0,2,14,0,15.4,9.2,0.0,0,0,0,0,1,0,0,1,0
2023-09-21 05:00:00,141,6,2,7,0,15.4,9.2,0.0,0,0,0,0,1,0,0,1,0
2023-09-20 23:00:00,255,0,8,98,0,15.9,9.4,0.2,0,0,0,0,0,0,1,1,0
2023-09-21 06:00:00,509,7,7,66,0,15.4,9.2,0.0,0,0,0,0,1,0,0,1,0
2023-09-21 17:00:00,1884,18,45,371,0,15.4,9.2,0.0,0,0,0,0,1,0,0,1,0
2023-09-20 22:00:00,308,23,6,89,0,15.9,9.4,0.2,0,0,0,0,0,0,1,1,0
2023-09-20 21:00:00,521,22,4,133,0,15.9,9.4,0.2,0,0,0,0,0,0,1,1,0
2023-09-22 04:00:00,27,5,0,3,0,11.2,8.2,0.0,1,0,0,0,0,0,0,1,0
2023-09-22 22:00:00,405,23,3,44,0,11.2,8.2,0.0,1,0,0,0,0,0,0,1,0
2023-09-23 20:00:00,817,21,7,277,0,18.3,6.9,1.2,0,0,1,0,0,0,0,1,0
2023-09-23 07:00:00,586,8,7,31,0,18.3,6.9,1.2,0,0,1,0,0,0,0,1,0
2023-09-23 22:00:00,508,23,6,330,0,18.3,6.9,1.2,0,0,1,0,0,0,0,1,0
2023-09-23 06:00:00,227,7,6,44,0,18.3,6.9,1.2,0,0,1,0,0,0,0,1,0
2023-09-23 01:00:00,149,2,6,25,0,18.3,6.9,1.2,0,0,1,0,0,0,0,1,0
2023-09-23 00:00:00,186,1,3,68,0,18.3,6.9,1.2,0,0,1,0,0,0,0,1,0
2023-09-22 21:00:00,522,22,8,117,0,11.2,8.2,0.0,1,0,0,0,0,0,0,1,0
2023-09-22 20:00:00,707,21,7,89,0,11.2,8.2,0.0,1,0,0,0,0,0,0,1,0
2023-09-22 06:00:00,462,7,5,48,0,11.2,8.2,0.0,1,0,0,0,0,0,0,1,0
2023-09-23 18:00:00,1172,19,18,344,0,18.3,6.9,1.2,0,0,1,0,0,0,0,1,0
2023-09-23 13:00:00,2654,14,56,676,0,18.3,6.9,1.2,0,0,1,0,0,0,0,1,0
2023-09-23 12:00:00,2642,13,55,667,0,18.3,6.9,1.2,0,0,1,0,0,0,0,1,0
2023-09-23 10:00:00,2120,11,54,425,0,18.3,6.9,1.2,0,0,1,0,0,0,0,1,0
2023-09-23 11:00:00,2562,12,51,478,0,18.3,6.9,1.2,0,0,1,0,0,0,0,1,0
2023-09-23 16:00:00,1586,17,50,497,0,18.3,6.9,1.2,0,0,1,0,0,0,0,1,0
2023-09-23 14:00:00,2298,15,46,688,0,18.3,6.9,1.2,0,0,1,0,0,0,0,1,0
2023-09-23 15:00:00,1852,16,45,559,0,18.3,6.9,1.2,0,0,1,0,0,0,0,1,0
2023-09-23 09:00:00,1766,10,37,260,0,18.3,6.9,1.2,0,0,1,0,0,0,0,1,0
2023-09-23 19:00:00,928,20,18,299,0,18.3,6.9,1.2,0,0,1,0,0,0,0,1,0
2023-09-23 23:00:00,374,0,18,208,0,18.3,6.9,1.2,0,0,1,0,0,0,0,1,0
2023-09-21 04:00:00,50,5,0,6,0,15.4,9.2,0.0,0,0,0,0,1,0,0,1,0
2023-09-21 03:00:00,37,4,0,12,0,15.4,9.2,0.0,0,0,0,0,1,0,0,1,0
2023-09-22 19:00:00,1421,20,27,241,0,11.2,8.2,0.0,1,0,0,0,0,0,0,1,0
2023-09-22 07:00:00,1371,8,17,65,0,11.2,8.2,0.0,1,0,0,0,0,0,0,1,0
2023-09-23 02:00:00,94,3,2,15,0,18.3,6.9,1.2,0,0,1,0,0,0,0,1,0
2023-09-21 02:00:00,29,3,0,3,0,15.4,9.2,0.0,0,0,0,0,1,0,0,1,0
2023-09-21 01:00:00,21,2,0,5,0,15.4,9.2,0.0,0,0,0,0,1,0,0,1,0
2023-09-23 04:00:00,46,5,2,16,0,18.3,6.9,1.2,0,0,1,0,0,0,0,1,0
2023-09-22 05:00:00,140,6,1,7,0,11.2,8.2,0.0,1,0,0,0,0,0,0,1,0
2023-09-22 03:00:00,27,4,1,5,0,11.2,8.2,0.0,1,0,0,0,0,0,0,1,0
2023-09-23 17:00:00,1371,18,13,441,0,18.3,6.9,1.2,0,0,1,0,0,0,0,1,0
2023-09-22 01:00:00,21,2,1,21,0,11.2,8.2,0.0,1,0,0,0,0,0,0,1,0
2023-09-23 08:00:00,1113,9,13,138,0,18.3,6.9,1.2,0,0,1,0,0,0,0,1,0
2023-09-22 02:00:00,19,3,1,13,0,11.2,8.2,0.0,1,0,0,0,0,0,0,1,0
2023-09-22 16:00:00,3039,17,67,490,0,11.2,8.2,0.0,1,0,0,0,0,0,0,1,0
2023-09-22 17:00:00,2727,18,60,392,0,11.2,8.2,0.0,1,0,0,0,0,0,0,1,0
2023-09-22 15:00:00,2627,16,58,465,0,11.2,8.2,0.0,1,0,0,0,0,0,0,1,0
2023-09-22 14:00:00,2246,15,57,452,0,11.2,8.2,0.0,1,0,0,0,0,0,0,1,0
2023-09-22 11:00:00,2166,12,53,309,0,11.2,8.2,0.0,1,0,0,0,0,0,0,1,0
2023-09-22 09:00:00,1900,10,52,120,0,11.2,8.2,0.0,1,0,0,0,0,0,0,1,0
2023-09-22 18:00:00,1980,19,47,256,0,11.2,8.2,0.0,1,0,0,0,0,0,0,1,0
2023-09-22 12:00:00,2419,13,44,387,0,11.2,8.2,0.0,1,0,0,0,0,0,0,1,0
2023-09-22 13:00:00,2418,14,43,405,0,11.2,8.2,0.0,1,0,0,0,0,0,0,1,0
2023-09-22 10:00:00,2000,11,43,329,0,11.2,8.2,0.0,1,0,0,0,0,0,0,1,0
2023-09-22 08:00:00,2419,9,41,107,0,11.2,8.2,0.0,1,0,0,0,0,0,0,1,0
2023-09-22 23:00:00,284,0,0,63,0,11.2,8.2,0.0,1,0,0,0,0,0,0,1,0
2023-09-22 00:00:00,99,1,0,28,0,11.2,8.2,0.0,1,0,0,0,0,0,0,1,0
2023-09-23 21:00:00,622,22,10,173,0,18.3,6.9,1.2,0,0,1,0,0,0,0,1,0
2023-09-23 05:00:00,121,6,10,40,0,18.3,6.9,1.2,0,0,1,0,0,0,0,1,0
2023-09-23 03:00:00,80,4,0,9,0,18.3,6.9,1.2,0,0,1,0,0,0,0,1,0
2023-09-24 06:00:00,163,7,1,56,0,18.8,9.3,2.5,0,0,0,1,0,0,0,1,0
2023-09-24 02:00:00,125,3,1,11,0,18.8,9.3,2.5,0,0,0,1,0,0,0,1,0
2023-09-25 00:00:00,130,1,1,53,0,16.7,12.4,0.0,0,1,0,0,0,0,0,1,0
2023-09-24 03:00:00,91,4,1,20,0,18.8,9.3,2.5,0,0,0,1,0,0,0,1,0
2023-09-24 05:00:00,73,6,1,15,0,18.8,9.3,2.5,0,0,0,1,0,0,0,1,0
2023-09-24 04:00:00,69,5,1,7,0,18.8,9.3,2.5,0,0,0,1,0,0,0,1,0
2023-09-24 20:00:00,702,21,12,305,0,18.8,9.3,2.5,0,0,0,1,0,0,0,1,0
2023-09-25 17:00:00,2596,18,67,367,0,16.7,12.4,0.0,0,1,0,0,0,0,0,1,0
2023-09-25 19:00:00,1150,20,20,294,0,16.7,12.4,0.0,0,1,0,0,0,0,0,1,0
2023-09-24 07:00:00,282,8,4,58,0,18.8,9.3,2.5,0,0,0,1,0,0,0,1,0
2023-09-24 16:00:00,2067,17,92,364,0,18.8,9.3,2.5,0,0,0,1,0,0,0,1,0
2023-09-24 17:00:00,1699,18,81,229,0,18.8,9.3,2.5,0,0,0,1,0,0,0,1,0
2023-09-24 10:00:00,1453,11,64,336,0,18.8,9.3,2.5,0,0,0,1,0,0,0,1,0
2023-09-24 15:00:00,2006,16,48,473,0,18.8,9.3,2.5,0,0,0,1,0,0,0,1,0
2023-09-24 14:00:00,1876,15,44,508,0,18.8,9.3,2.5,0,0,0,1,0,0,0,1,0
2023-09-24 11:00:00,1841,12,43,438,0,18.8,9.3,2.5,0,0,0,1,0,0,0,1,0
2023-09-24 18:00:00,1258,19,42,240,0,18.8,9.3,2.5,0,0,0,1,0,0,0,1,0
2023-09-24 13:00:00,1958,14,32,499,0,18.8,9.3,2.5,0,0,0,1,0,0,0,1,0
2023-09-24 19:00:00,960,20,30,265,0,18.8,9.3,2.5,0,0,0,1,0,0,0,1,0
2023-09-24 12:00:00,1963,13,24,552,0,18.8,9.3,2.5,0,0,0,1,0,0,0,1,0
2023-09-25 07:00:00,1805,8,17,101,0,16.7,12.4,0.0,0,1,0,0,0,0,0,1,0
2023-09-25 15:00:00,2031,16,48,372,0,16.7,12.4,0.0,0,1,0,0,0,0,0,1,0
2023-09-25 10:00:00,2041,11,46,282,0,16.7,12.4,0.0,0,1,0,0,0,0,0,1,0
2023-09-25 11:00:00,2096,12,44,367,0,16.7,12.4,0.0,0,1,0,0,0,0,0,1,0
2023-09-25 16:00:00,2529,17,43,313,0,16.7,12.4,0.0,0,1,0,0,0,0,0,1,0
2023-09-25 12:00:00,2166,13,30,366,0,16.7,12.4,0.0,0,1,0,0,0,0,0,1,0
2023-09-25 09:00:00,1966,10,30,143,0,16.7,12.4,0.0,0,1,0,0,0,0,0,1,0
2023-09-25 18:00:00,1841,19,29,228,0,16.7,12.4,0.0,0,1,0,0,0,0,0,1,0
2023-09-25 14:00:00,2063,15,28,387,0,16.7,12.4,0.0,0,1,0,0,0,0,0,1,0
2023-09-25 08:00:00,2694,9,27,140,0,16.7,12.4,0.0,0,1,0,0,0,0,0,1,0
2023-09-25 13:00:00,2049,14,26,523,0,16.7,12.4,0.0,0,1,0,0,0,0,0,1,0
2023-09-25 20:00:00,859,21,16,289,0,16.7,12.4,0.0,0,1,0,0,0,0,0,1,0
2023-09-25 05:00:00,209,6,5,25,0,16.7,12.4,0.0,0,1,0,0,0,0,0,1,0
2023-09-25 23:00:00,202,0,5,28,0,16.7,12.4,0.0,0,1,0,0,0,0,0,1,0
2023-09-25 04:00:00,67,5,2,10,0,16.7,12.4,0.0,0,1,0,0,0,0,0,1,0
2023-09-24 08:00:00,450,9,8,72,0,18.8,9.3,2.5,0,0,0,1,0,0,0,1,0
2023-09-25 22:00:00,324,23,14,79,0,16.7,12.4,0.0,0,1,0,0,0,0,0,1,0
2023-09-24 22:00:00,333,23,3,103,0,18.8,9.3,2.5,0,0,0,1,0,0,0,1,0
2023-09-25 01:00:00,58,2,0,2,0,16.7,12.4,0.0,0,1,0,0,0,0,0,1,0
2023-09-25 03:00:00,55,4,0,1,0,16.7,12.4,0.0,0,1,0,0,0,0,0,1,0
2023-09-25 02:00:00,45,3,0,7,0,16.7,12.4,0.0,0,1,0,0,0,0,0,1,0
2023-09-24 01:00:00,177,2,8,37,0,18.8,9.3,2.5,0,0,0,1,0,0,0,1,0
2023-09-24 23:00:00,173,0,2,18,0,18.8,9.3,2.5,0,0,0,1,0,0,0,1,0
2023-09-24 09:00:00,802,10,6,137,0,18.8,9.3,2.5,0,0,0,1,0,0,0,1,0
2023-09-24 00:00:00,297,1,6,46,0,18.8,9.3,2.5,0,0,0,1,0,0,0,1,0
2023-09-25 21:00:00,479,22,10,115,0,16.7,12.4,0.0,0,1,0,0,0,0,0,1,0
2023-09-25 06:00:00,584,7,9,78,0,16.7,12.4,0.0,0,1,0,0,0,0,0,1,0
2023-09-24 21:00:00,474,22,5,117,0,18.8,9.3,2.5,0,0,0,1,0,0,0,1,0
2023-09-27 12:00:00,2124,13,40,428,0,15.6,6.3,9.4,0,0,0,0,0,0,1,1,0
2023-09-26 19:00:00,1019,20,14,199,0,15.1,11.4,0.5,0,0,0,0,0,1,0,1,0
2023-09-27 01:00:00,65,2,0,4,0,15.6,6.3,9.4,0,0,0,0,0,0,1,1,0
2023-09-26 17:00:00,2376,18,74,344,0,15.1,11.4,0.5,0,0,0,0,0,1,0,1,0
2023-09-27 10:00:00,1917,11,38,296,0,15.6,6.3,9.4,0,0,0,0,0,0,1,1,0
2023-09-26 00:00:00,120,1,6,28,0,15.1,11.4,0.5,0,0,0,0,0,1,0,1,0
2023-09-26 13:00:00,1945,14,70,359,0,15.1,11.4,0.5,0,0,0,0,0,1,0,1,0
2023-09-26 20:00:00,699,21,13,227,0,15.1,11.4,0.5,0,0,0,0,0,1,0,1,0
2023-09-26 15:00:00,1984,16,57,345,0,15.1,11.4,0.5,0,0,0,0,0,1,0,1,0
2023-09-27 02:00:00,47,3,0,8,0,15.6,6.3,9.4,0,0,0,0,0,0,1,1,0
2023-09-26 08:00:00,2391,9,56,211,0,15.1,11.4,0.5,0,0,0,0,0,1,0,1,0
2023-09-27 13:00:00,1624,14,33,446,0,15.6,6.3,9.4,0,0,0,0,0,0,1,1,0
2023-09-26 14:00:00,1822,15,54,326,0,15.1,11.4,0.5,0,0,0,0,0,1,0,1,0
2023-09-26 16:00:00,2702,17,51,356,0,15.1,11.4,0.5,0,0,0,0,0,1,0,1,0
2023-09-27 11:00:00,2106,12,22,310,0,15.6,6.3,9.4,0,0,0,0,0,0,1,1,0
2023-09-27 19:00:00,764,20,20,223,0,15.6,6.3,9.4,0,0,0,0,0,0,1,1,0
2023-09-27 07:00:00,1804,8,18,120,0,15.6,6.3,9.4,0,0,0,0,0,0,1,1,0
2023-09-26 05:00:00,150,6,5,17,0,15.1,11.4,0.5,0,0,0,0,0,1,0,1,0
2023-09-26 04:00:00,62,5,3,3,0,15.1,11.4,0.5,0,0,0,0,0,1,0,1,0
2023-09-26 23:00:00,185,0,2,51,0,15.1,11.4,0.5,0,0,0,0,0,1,0,1,0
2023-09-26 21:00:00,476,22,1,152,0,15.1,11.4,0.5,0,0,0,0,0,1,0,1,0
2023-09-26 03:00:00,46,4,0,3,0,15.1,11.4,0.5,0,0,0,0,0,1,0,1,0
2023-09-27 23:00:00,155,0,2,60,0,15.6,6.3,9.4,0,0,0,0,0,0,1,1,0
2023-09-27 03:00:00,24,4,0,6,0,15.6,6.3,9.4,0,0,0,0,0,0,1,1,0
2023-09-28 15:00:00,2100,16,63,391,0,16.9,11.1,0.5,0,0,0,0,1,0,0,1,0
2023-09-28 17:00:00,2905,18,59,295,0,16.9,11.1,0.5,0,0,0,0,1,0,0,1,0
2023-09-28 16:00:00,2969,17,54,374,0,16.9,11.1,0.5,0,0,0,0,1,0,0,1,0
2023-09-28 09:00:00,1925,10,46,241,0,16.9,11.1,0.5,0,0,0,0,1,0,0,1,0
2023-09-28 14:00:00,1973,15,44,367,0,16.9,11.1,0.5,0,0,0,0,1,0,0,1,0
2023-09-28 13:00:00,1955,14,40,396,0,16.9,11.1,0.5,0,0,0,0,1,0,0,1,0
2023-09-28 12:00:00,2045,13,30,355,0,16.9,11.1,0.5,0,0,0,0,1,0,0,1,0
2023-09-26 02:00:00,44,3,0,1,0,15.1,11.4,0.5,0,0,0,0,0,1,0,1,0
2023-09-26 06:00:00,580,7,11,69,0,15.1,11.4,0.5,0,0,0,0,0,1,0,1,0
2023-09-26 01:00:00,42,2,0,6,0,15.1,11.4,0.5,0,0,0,0,0,1,0,1,0
2023-09-26 12:00:00,2070,13,41,391,0,15.1,11.4,0.5,0,0,0,0,0,1,0,1,0
2023-09-27 00:00:00,93,1,1,22,0,15.6,6.3,9.4,0,0,0,0,0,0,1,1,0
2023-09-27 04:00:00,62,5,1,6,0,15.6,6.3,9.4,0,0,0,0,0,0,1,1,0
2023-09-27 05:00:00,138,6,0,21,0,15.6,6.3,9.4,0,0,0,0,0,0,1,1,0
2023-09-26 09:00:00,1215,10,31,189,0,15.1,11.4,0.5,0,0,0,0,0,1,0,1,0
2023-09-26 10:00:00,1922,11,30,242,0,15.1,11.4,0.5,0,0,0,0,0,1,0,1,0
2023-09-26 18:00:00,2033,19,28,290,0,15.1,11.4,0.5,0,0,0,0,0,1,0,1,0
2023-09-26 22:00:00,362,23,7,113,0,15.1,11.4,0.5,0,0,0,0,0,1,0,1,0
2023-09-27 15:00:00,2269,16,143,481,0,15.6,6.3,9.4,0,0,0,0,0,0,1,1,0
2023-09-26 07:00:00,1864,8,21,113,0,15.1,11.4,0.5,0,0,0,0,0,1,0,1,0
2023-09-27 17:00:00,1950,18,137,328,0,15.6,6.3,9.4,0,0,0,0,0,0,1,1,0
2023-09-27 16:00:00,2335,17,113,407,0,15.6,6.3,9.4,0,0,0,0,0,0,1,1,0
2023-09-27 14:00:00,2146,15,60,434,0,15.6,6.3,9.4,0,0,0,0,0,0,1,1,0
2023-09-27 18:00:00,1992,19,48,310,0,15.6,6.3,9.4,0,0,0,0,0,0,1,1,0
2023-09-27 08:00:00,2689,9,45,190,0,15.6,6.3,9.4,0,0,0,0,0,0,1,1,0
2023-09-27 09:00:00,1982,10,44,248,0,15.6,6.3,9.4,0,0,0,0,0,0,1,1,0
2023-09-27 22:00:00,226,23,5,87,0,15.6,6.3,9.4,0,0,0,0,0,0,1,1,0
2023-09-26 11:00:00,1889,12,16,296,0,15.1,11.4,0.5,0,0,0,0,0,1,0,1,0
2023-09-27 21:00:00,330,22,4,127,0,15.6,6.3,9.4,0,0,0,0,0,0,1,1,0
2023-09-27 06:00:00,591,7,3,60,0,15.6,6.3,9.4,0,0,0,0,0,0,1,1,0
2023-09-27 20:00:00,480,21,2,131,0,15.6,6.3,9.4,0,0,0,0,0,0,1,1,0
2023-09-28 23:00:00,192,0,3,47,0,16.9,11.1,0.5,0,0,0,0,1,0,0,1,0
2023-09-28 01:00:00,41,2,0,13,0,16.9,11.1,0.5,0,0,0,0,1,0,0,1,0
2023-09-29 17:00:00,2427,18,29,216,0,11.2,11.2,0.0,1,0,0,0,0,0,0,1,0
2023-09-28 04:00:00,60,5,2,6,0,16.9,11.1,0.5,0,0,0,0,1,0,0,1,0
2023-09-28 05:00:00,122,6,1,33,0,16.9,11.1,0.5,0,0,0,0,1,0,0,1,0
2023-09-29 12:00:00,2264,13,28,335,0,11.2,11.2,0.0,1,0,0,0,0,0,0,1,0
2023-09-28 02:00:00,35,3,0,8,0,16.9,11.1,0.5,0,0,0,0,1,0,0,1,0
2023-09-28 10:00:00,1921,11,25,227,0,16.9,11.1,0.5,0,0,0,0,1,0,0,1,0
2023-09-29 19:00:00,1425,20,26,305,0,11.2,11.2,0.0,1,0,0,0,0,0,0,1,0
2023-09-29 18:00:00,961,19,18,121,0,11.2,11.2,0.0,1,0,0,0,0,0,0,1,0
2023-09-29 20:00:00,981,21,13,255,0,11.2,11.2,0.0,1,0,0,0,0,0,0,1,0
2023-09-29 07:00:00,1635,8,11,66,0,11.2,11.2,0.0,1,0,0,0,0,0,0,1,0
2023-09-29 22:00:00,560,23,11,245,0,11.2,11.2,0.0,1,0,0,0,0,0,0,1,0
2023-09-29 21:00:00,725,22,10,163,0,11.2,11.2,0.0,1,0,0,0,0,0,0,1,0
2023-09-28 03:00:00,32,4,0,8,0,16.9,11.1,0.5,0,0,0,0,1,0,0,1,0
2023-09-28 11:00:00,1980,12,21,416,0,16.9,11.1,0.5,0,0,0,0,1,0,0,1,0
2023-09-28 08:00:00,1673,9,19,175,0,16.9,11.1,0.5,0,0,0,0,1,0,0,1,0
2023-09-28 19:00:00,1297,20,17,258,0,16.9,11.1,0.5,0,0,0,0,1,0,0,1,0
2023-09-28 18:00:00,1765,19,14,181,0,16.9,11.1,0.5,0,0,0,0,1,0,0,1,0
2023-09-28 07:00:00,1480,8,13,181,0,16.9,11.1,0.5,0,0,0,0,1,0,0,1,0
2023-09-29 04:00:00,65,5,2,2,0,11.2,11.2,0.0,1,0,0,0,0,0,0,1,0
2023-09-29 06:00:00,557,7,5,61,0,11.2,11.2,0.0,1,0,0,0,0,0,0,1,0
2023-09-29 23:00:00,272,0,4,168,0,11.2,11.2,0.0,1,0,0,0,0,0,0,1,0
2023-09-29 05:00:00,198,6,1,22,0,11.2,11.2,0.0,1,0,0,0,0,0,0,1,0
2023-09-28 21:00:00,604,22,8,135,0,16.9,11.1,0.5,0,0,0,0,1,0,0,1,0
2023-09-29 09:00:00,2111,10,67,239,0,11.2,11.2,0.0,1,0,0,0,0,0,0,1,0
2023-09-29 11:00:00,2253,12,49,298,0,11.2,11.2,0.0,1,0,0,0,0,0,0,1,0
2023-09-29 10:00:00,2078,11,47,248,0,11.2,11.2,0.0,1,0,0,0,0,0,0,1,0
2023-09-29 15:00:00,2261,16,45,243,0,11.2,11.2,0.0,1,0,0,0,0,0,0,1,0
2023-09-29 13:00:00,2176,14,45,397,0,11.2,11.2,0.0,1,0,0,0,0,0,0,1,0
2023-09-29 16:00:00,3064,17,44,283,0,11.2,11.2,0.0,1,0,0,0,0,0,0,1,0
2023-09-29 14:00:00,2010,15,44,288,0,11.2,11.2,0.0,1,0,0,0,0,0,0,1,0
2023-09-29 08:00:00,2675,9,29,149,0,11.2,11.2,0.0,1,0,0,0,0,0,0,1,0
2023-09-28 22:00:00,363,23,6,105,0,16.9,11.1,0.5,0,0,0,0,1,0,0,1,0
2023-09-28 06:00:00,324,7,6,113,0,16.9,11.1,0.5,0,0,0,0,1,0,0,1,0
2023-09-28 20:00:00,629,21,5,173,0,16.9,11.1,0.5,0,0,0,0,1,0,0,1,0
2023-09-28 00:00:00,81,1,5,63,0,16.9,11.1,0.5,0,0,0,0,1,0,0,1,0
2023-09-30 17:00:00,1805,18,86,440,0,18.6,7.7,2.1,0,0,1,0,0,0,0,1,0
2023-09-30 16:00:00,2203,17,74,699,0,18.6,7.7,2.1,0,0,1,0,0,0,0,1,0
2023-09-30 10:00:00,1788,11,71,264,0,18.6,7.7,2.1,0,0,1,0,0,0,0,1,0
2023-09-30 14:00:00,2015,15,69,525,0,18.6,7.7,2.1,0,0,1,0,0,0,0,1,0
2023-09-30 11:00:00,2153,12,67,383,0,18.6,7.7,2.1,0,0,1,0,0,0,0,1,0
2023-09-30 09:00:00,1615,10,62,178,0,18.6,7.7,2.1,0,0,1,0,0,0,0,1,0
2023-09-30 12:00:00,2464,13,54,671,0,18.6,7.7,2.1,0,0,1,0,0,0,0,1,0
2023-09-30 13:00:00,2184,14,53,474,0,18.6,7.7,2.1,0,0,1,0,0,0,0,1,0
2023-09-30 15:00:00,2013,16,53,544,0,18.6,7.7,2.1,0,0,1,0,0,0,0,1,0
2023-09-30 18:00:00,1588,19,35,336,0,18.6,7.7,2.1,0,0,1,0,0,0,0,1,0
2023-09-30 19:00:00,1386,20,33,278,0,18.6,7.7,2.1,0,0,1,0,0,0,0,1,0
2023-09-30 08:00:00,1108,9,29,66,0,18.6,7.7,2.1,0,0,1,0,0,0,0,1,0
2023-09-30 20:00:00,980,21,25,178,0,18.6,7.7,2.1,0,0,1,0,0,0,0,1,0
2023-09-29 00:00:00,144,1,0,33,0,11.2,11.2,0.0,1,0,0,0,0,0,0,1,0
2023-09-29 01:00:00,68,2,0,7,0,11.2,11.2,0.0,1,0,0,0,0,0,0,1,0
2023-09-29 03:00:00,48,4,0,2,0,11.2,11.2,0.0,1,0,0,0,0,0,0,1,0
2023-09-29 02:00:00,47,3,0,3,0,11.2,11.2,0.0,1,0,0,0,0,0,0,1,0
2023-09-30 00:00:00,167,1,1,94,0,18.6,7.7,2.1,0,0,1,0,0,0,0,1,0
2023-09-30 01:00:00,94,2,1,14,0,18.6,7.7,2.1,0,0,1,0,0,0,0,1,0
2023-09-30 02:00:00,66,3,1,7,0,18.6,7.7,2.1,0,0,1,0,0,0,0,1,0
2023-09-30 04:00:00,61,5,1,16,0,18.6,7.7,2.1,0,0,1,0,0,0,0,1,0
2023-09-30 03:00:00,50,4,0,21,0,18.6,7.7,2.1,0,0,1,0,0,0,0,1,0
2023-09-30 22:00:00,560,23,20,242,0,18.6,7.7,2.1,0,0,1,0,0,0,0,1,0
2023-09-30 06:00:00,272,7,5,39,0,18.6,7.7,2.1,0,0,1,0,0,0,0,1,0
2023-09-30 23:00:00,446,0,17,191,0,18.6,7.7,2.1,0,0,1,0,0,0,0,1,0
2023-09-30 05:00:00,127,6,2,21,0,18.6,7.7,2.1,0,0,1,0,0,0,0,1,0
2023-09-30 21:00:00,635,22,10,114,0,18.6,7.7,2.1,0,0,1,0,0,0,0,1,0
2023-09-30 07:00:00,551,8,7,30,0,18.6,7.7,2.1,0,0,1,0,0,0,0,1,0
