ds,y,Finishing time,Number of People,Number of Road Vehicles,isHoliday,TMAX,TMIN,PRCP,Day of the Week_Fri,Day of the Week_Mon,Day of the Week_Sat,Day of the Week_Sun,Day of the Week_Thu,Day of the Week_Tue,Day of the Week_Wed,TimeZone_BST,TimeZone_GMT
2023-12-02 12:00:00,5,13,235,500,0,4.3,-4.8,0.0,0,0,1,0,0,0,0,0,1
2023-12-02 13:00:00,5,14,193,411,0,4.3,-4.8,0.0,0,0,1,0,0,0,0,0,1
2023-12-02 11:00:00,5,12,163,351,0,4.3,-4.8,0.0,0,0,1,0,0,0,0,0,1
2023-12-02 10:00:00,3,11,45,58,0,4.3,-4.8,0.0,0,0,1,0,0,0,0,0,1
2023-12-02 16:00:00,0,17,189,234,0,4.3,-4.8,0.0,0,0,1,0,0,0,0,0,1
2023-12-02 06:00:00,0,7,2,188,0,4.3,-4.8,0.0,0,0,1,0,0,0,0,0,1
2023-12-02 09:00:00,0,10,0,142,0,4.3,-4.8,0.0,0,0,1,0,0,0,0,0,1
2023-12-02 05:00:00,0,6,7,110,0,4.3,-4.8,0.0,0,0,1,0,0,0,0,0,1
2023-12-02 01:00:00,0,2,20,109,0,4.3,-4.8,0.0,0,0,1,0,0,0,0,0,1
2023-12-02 03:00:00,0,4,4,88,0,4.3,-4.8,0.0,0,0,1,0,0,0,0,0,1
2023-12-02 08:00:00,0,9,8,83,0,4.3,-4.8,0.0,0,0,1,0,0,0,0,0,1
2023-12-02 04:00:00,0,5,6,62,0,4.3,-4.8,0.0,0,0,1,0,0,0,0,0,1
2023-12-02 02:00:00,0,3,4,48,0,4.3,-4.8,0.0,0,0,1,0,0,0,0,0,1
2023-12-02 00:00:00,0,1,2,31,0,4.3,-4.8,0.0,0,0,1,0,0,0,0,0,1
2023-12-01 00:00:00,0,1,6,64,0,-0.7,-3.2,0.0,1,0,0,0,0,0,0,0,1
2023-12-02 22:00:00,0,23,26,11,0,4.3,-4.8,0.0,0,0,1,0,0,0,0,0,1
2023-12-02 21:00:00,0,22,53,2,0,4.3,-4.8,0.0,0,0,1,0,0,0,0,0,1
2023-12-02 20:00:00,0,21,17,2,0,4.3,-4.8,0.0,0,0,1,0,0,0,0,0,1
2023-12-02 18:00:00,0,19,28,1,0,4.3,-4.8,0.0,0,0,1,0,0,0,0,0,1
2023-12-02 23:00:00,0,0,7,1,0,4.3,-4.8,0.0,0,0,1,0,0,0,0,0,1
2023-12-02 19:00:00,0,20,58,0,0,4.3,-4.8,0.0,0,0,1,0,0,0,0,0,1
2023-12-02 14:00:00,8,15,279,343,0,4.3,-4.8,0.0,0,0,1,0,0,0,0,0,1
2023-12-02 15:00:00,2,16,287,287,0,4.3,-4.8,0.0,0,0,1,0,0,0,0,0,1
2023-12-02 17:00:00,2,18,41,30,0,4.3,-4.8,0.0,0,0,1,0,0,0,0,0,1
2023-12-02 07:00:00,0,8,13,244,0,4.3,-4.8,0.0,0,0,1,0,0,0,0,0,1
2023-12-04 10:00:00,3,11,27,689,0,4.5,-2.2,1.6,0,1,0,0,0,0,0,0,1
2023-12-04 09:00:00,3,10,59,629,0,4.5,-2.2,1.6,0,1,0,0,0,0,0,0,1
2023-12-03 14:00:00,5,15,156,399,0,5.7,-4.2,11.1,0,0,0,1,0,0,0,0,1
2023-12-04 08:00:00,3,9,26,152,0,4.5,-2.2,1.6,0,1,0,0,0,0,0,0,1
2023-12-04 19:00:00,3,20,19,2,0,4.5,-2.2,1.6,0,1,0,0,0,0,0,0,1
2023-12-04 17:00:00,3,18,39,1,0,4.5,-2.2,1.6,0,1,0,0,0,0,0,0,1
2023-12-04 18:00:00,2,19,37,0,0,4.5,-2.2,1.6,0,1,0,0,0,0,0,0,1
2023-12-04 21:00:00,2,22,20,0,0,4.5,-2.2,1.6,0,1,0,0,0,0,0,0,1
2023-12-04 15:00:00,1,16,66,752,0,4.5,-2.2,1.6,0,1,0,0,0,0,0,0,1
2023-12-04 04:00:00,0,5,0,50,0,4.5,-2.2,1.6,0,1,0,0,0,0,0,0,1
2023-12-03 13:00:00,4,14,162,473,0,5.7,-4.2,11.1,0,0,0,1,0,0,0,0,1
2023-12-03 12:00:00,4,13,119,455,0,5.7,-4.2,11.1,0,0,0,1,0,0,0,0,1
2023-12-03 15:00:00,4,16,156,409,0,5.7,-4.2,11.1,0,0,0,1,0,0,0,0,1
2023-12-03 10:00:00,2,11,65,504,0,5.7,-4.2,11.1,0,0,0,1,0,0,0,0,1
2023-12-03 09:00:00,2,10,39,252,0,5.7,-4.2,11.1,0,0,0,1,0,0,0,0,1
2023-12-03 07:00:00,2,8,14,135,0,5.7,-4.2,11.1,0,0,0,1,0,0,0,0,1
2023-12-03 00:00:00,0,1,8,2,0,5.7,-4.2,11.1,0,0,0,1,0,0,0,0,1
2023-12-03 23:00:00,0,0,2,1,0,5.7,-4.2,11.1,0,0,0,1,0,0,0,0,1
2023-12-03 01:00:00,0,2,6,0,0,5.7,-4.2,11.1,0,0,0,1,0,0,0,0,1
2023-12-03 06:00:00,0,7,23,93,0,5.7,-4.2,11.1,0,0,0,1,0,0,0,0,1
2023-12-04 22:00:00,0,23,23,4,0,4.5,-2.2,1.6,0,1,0,0,0,0,0,0,1
2023-12-04 03:00:00,0,4,0,3,0,4.5,-2.2,1.6,0,1,0,0,0,0,0,0,1
2023-12-04 01:00:00,0,2,1,2,0,4.5,-2.2,1.6,0,1,0,0,0,0,0,0,1
2023-12-04 23:00:00,0,0,6,1,0,4.5,-2.2,1.6,0,1,0,0,0,0,0,0,1
2023-12-04 00:00:00,0,1,2,1,0,4.5,-2.2,1.6,0,1,0,0,0,0,0,0,1
2023-12-04 02:00:00,0,3,1,0,0,4.5,-2.2,1.6,0,1,0,0,0,0,0,0,1
2023-12-03 05:00:00,0,6,13,53,0,5.7,-4.2,11.1,0,0,0,1,0,0,0,0,1
2023-12-05 09:00:00,26,10,69,656,0,6.1,2.8,0.0,0,0,0,0,0,1,0,0,1
2023-12-04 13:00:00,13,14,123,680,0,4.5,-2.2,1.6,0,1,0,0,0,0,0,0,1
2023-12-03 03:00:00,0,4,15,44,0,5.7,-4.2,11.1,0,0,0,1,0,0,0,0,1
2023-12-03 19:00:00,0,20,14,43,0,5.7,-4.2,11.1,0,0,0,1,0,0,0,0,1
2023-12-05 12:00:00,19,13,134,653,0,6.1,2.8,0.0,0,0,0,0,0,1,0,0,1
2023-12-03 04:00:00,0,5,9,33,0,5.7,-4.2,11.1,0,0,0,1,0,0,0,0,1
2023-12-03 08:00:00,1,9,25,142,0,5.7,-4.2,11.1,0,0,0,1,0,0,0,0,1
2023-12-03 17:00:00,1,18,54,75,0,5.7,-4.2,11.1,0,0,0,1,0,0,0,0,1
2023-12-03 18:00:00,1,19,38,39,0,5.7,-4.2,11.1,0,0,0,1,0,0,0,0,1
2023-12-03 11:00:00,0,12,112,543,0,5.7,-4.2,11.1,0,0,0,1,0,0,0,0,1
2023-12-03 16:00:00,0,17,100,146,0,5.7,-4.2,11.1,0,0,0,1,0,0,0,0,1
2023-12-05 13:00:00,15,14,131,795,0,6.1,2.8,0.0,0,0,0,0,0,1,0,0,1
2023-12-05 08:00:00,14,9,93,903,0,6.1,2.8,0.0,0,0,0,0,0,1,0,0,1
2023-12-05 11:00:00,13,12,53,651,0,6.1,2.8,0.0,0,0,0,0,0,1,0,0,1
2023-12-04 06:00:00,1,7,34,442,0,4.5,-2.2,1.6,0,1,0,0,0,0,0,0,1
2023-12-03 20:00:00,0,21,18,16,0,5.7,-4.2,11.1,0,0,0,1,0,0,0,0,1
2023-12-03 02:00:00,0,3,5,11,0,5.7,-4.2,11.1,0,0,0,1,0,0,0,0,1
2023-12-04 07:00:00,1,8,22,249,0,4.5,-2.2,1.6,0,1,0,0,0,0,0,0,1
2023-12-04 05:00:00,1,6,3,207,0,4.5,-2.2,1.6,0,1,0,0,0,0,0,0,1
2023-12-03 22:00:00,0,23,5,3,0,5.7,-4.2,11.1,0,0,0,1,0,0,0,0,1
2023-12-03 21:00:00,0,22,10,2,0,5.7,-4.2,11.1,0,0,0,1,0,0,0,0,1
2023-12-04 20:00:00,1,21,28,3,0,4.5,-2.2,1.6,0,1,0,0,0,0,0,0,1
2023-12-04 12:00:00,0,13,64,800,0,4.5,-2.2,1.6,0,1,0,0,0,0,0,0,1
2023-12-04 11:00:00,0,12,24,772,0,4.5,-2.2,1.6,0,1,0,0,0,0,0,0,1
2023-12-04 14:00:00,0,15,57,769,0,4.5,-2.2,1.6,0,1,0,0,0,0,0,0,1
2023-12-04 16:00:00,0,17,89,222,0,4.5,-2.2,1.6,0,1,0,0,0,0,0,0,1
2023-12-05 18:00:00,2,19,70,71,0,6.1,2.8,0.0,0,0,0,0,0,1,0,0,1
2023-12-05 06:00:00,2,7,15,4,0,6.1,2.8,0.0,0,0,0,0,0,1,0,0,1
2023-12-05 22:00:00,0,23,44,100,0,6.1,2.8,0.0,0,0,0,0,0,1,0,0,1
2023-12-05 14:00:00,12,15,105,761,0,6.1,2.8,0.0,0,0,0,0,0,1,0,0,1
2023-12-06 21:00:00,1,22,92,398,0,6.9,-3.3,1.1,0,0,0,0,0,0,1,0,1
2023-12-05 10:00:00,11,11,81,685,0,6.1,2.8,0.0,0,0,0,0,0,1,0,0,1
2023-12-06 05:00:00,0,6,5,9,0,6.9,-3.3,1.1,0,0,0,0,0,0,1,0,1
2023-12-06 11:00:00,5,12,81,0,0,6.9,-3.3,1.1,0,0,0,0,0,0,1,0,1
2023-12-06 09:00:00,20,10,122,2,0,6.9,-3.3,1.1,0,0,0,0,0,0,1,0,1
2023-12-06 00:00:00,0,1,15,5,0,6.9,-3.3,1.1,0,0,0,0,0,0,1,0,1
2023-12-06 04:00:00,0,5,1,5,0,6.9,-3.3,1.1,0,0,0,0,0,0,1,0,1
2023-12-06 02:00:00,0,3,2,3,0,6.9,-3.3,1.1,0,0,0,0,0,0,1,0,1
2023-12-06 01:00:00,0,2,0,3,0,6.9,-3.3,1.1,0,0,0,0,0,0,1,0,1
2023-12-06 03:00:00,0,4,1,2,0,6.9,-3.3,1.1,0,0,0,0,0,0,1,0,1
2023-12-06 17:00:00,4,18,393,633,0,6.9,-3.3,1.1,0,0,0,0,0,0,1,0,1
2023-12-06 16:00:00,4,17,136,459,0,6.9,-3.3,1.1,0,0,0,0,0,0,1,0,1
2023-12-05 23:00:00,0,0,8,14,0,6.1,2.8,0.0,0,0,0,0,0,1,0,0,1
2023-12-05 05:00:00,0,6,2,3,0,6.1,2.8,0.0,0,0,0,0,0,1,0,0,1
2023-12-05 01:00:00,0,2,2,0,0,6.1,2.8,0.0,0,0,0,0,0,1,0,0,1
2023-12-05 04:00:00,0,5,2,0,0,6.1,2.8,0.0,0,0,0,0,0,1,0,0,1
2023-12-05 02:00:00,0,3,1,0,0,6.1,2.8,0.0,0,0,0,0,0,1,0,0,1
2023-12-05 17:00:00,7,18,91,101,0,6.1,2.8,0.0,0,0,0,0,0,1,0,0,1
2023-12-06 06:00:00,1,7,18,16,0,6.9,-3.3,1.1,0,0,0,0,0,0,1,0,1
2023-12-06 07:00:00,4,8,39,65,0,6.9,-3.3,1.1,0,0,0,0,0,0,1,0,1
2023-12-07 14:00:00,7,15,27,310,0,8.5,-4.0,14.6,0,0,0,0,1,0,0,0,1
2023-12-06 14:00:00,4,15,93,2,0,6.9,-3.3,1.1,0,0,0,0,0,0,1,0,1
2023-12-06 19:00:00,0,20,199,639,0,6.9,-3.3,1.1,0,0,0,0,0,0,1,0,1
2023-12-05 15:00:00,6,16,96,841,0,6.1,2.8,0.0,0,0,0,0,0,1,0,0,1
2023-12-05 07:00:00,6,8,46,349,0,6.1,2.8,0.0,0,0,0,0,0,1,0,0,1
2023-12-06 23:00:00,0,0,20,93,0,6.9,-3.3,1.1,0,0,0,0,0,0,1,0,1
2023-12-06 08:00:00,12,9,96,289,0,6.9,-3.3,1.1,0,0,0,0,0,0,1,0,1
2023-12-06 18:00:00,2,19,246,707,0,6.9,-3.3,1.1,0,0,0,0,0,0,1,0,1
2023-12-06 22:00:00,2,23,80,327,0,6.9,-3.3,1.1,0,0,0,0,0,0,1,0,1
2023-12-06 20:00:00,1,21,146,426,0,6.9,-3.3,1.1,0,0,0,0,0,0,1,0,1
2023-12-06 12:00:00,11,13,111,1,0,6.9,-3.3,1.1,0,0,0,0,0,0,1,0,1
2023-12-05 16:00:00,4,17,87,306,0,6.1,2.8,0.0,0,0,0,0,0,1,0,0,1
2023-12-05 21:00:00,4,22,29,242,0,6.1,2.8,0.0,0,0,0,0,0,1,0,0,1
2023-12-06 10:00:00,10,11,86,0,0,6.9,-3.3,1.1,0,0,0,0,0,0,1,0,1
2023-12-05 20:00:00,4,21,56,156,0,6.1,2.8,0.0,0,0,0,0,0,1,0,0,1
2023-12-06 15:00:00,9,16,106,127,0,6.9,-3.3,1.1,0,0,0,0,0,0,1,0,1
2023-12-05 19:00:00,3,20,58,31,0,6.1,2.8,0.0,0,0,0,0,0,1,0,0,1
2023-12-06 13:00:00,8,14,169,0,0,6.9,-3.3,1.1,0,0,0,0,0,0,1,0,1
2023-12-08 09:00:00,11,10,94,797,0,8.3,5.9,5.2,1,0,0,0,0,0,0,0,1
2023-12-08 11:00:00,11,12,77,714,0,8.3,5.9,5.2,1,0,0,0,0,0,0,0,1
2023-12-08 12:00:00,10,13,86,733,0,8.3,5.9,5.2,1,0,0,0,0,0,0,0,1
2023-12-08 14:00:00,10,15,76,10,0,8.3,5.9,5.2,1,0,0,0,0,0,0,0,1
2023-12-09 08:00:00,3,9,101,525,0,7.1,5.5,5.8,0,0,1,0,0,0,0,0,1
2023-12-08 13:00:00,7,14,129,397,0,8.3,5.9,5.2,1,0,0,0,0,0,0,0,1
2023-12-08 06:00:00,0,7,10,3,0,8.3,5.9,5.2,1,0,0,0,0,0,0,0,1
2023-12-09 18:00:00,2,19,97,90,0,7.1,5.5,5.8,0,0,1,0,0,0,0,0,1
2023-12-09 06:00:00,1,7,24,113,0,7.1,5.5,5.8,0,0,1,0,0,0,0,0,1
2023-12-07 11:00:00,0,12,23,21,0,8.5,-4.0,14.6,0,0,0,0,1,0,0,0,1
2023-12-08 10:00:00,6,11,42,766,0,8.3,5.9,5.2,1,0,0,0,0,0,0,0,1
2023-12-08 20:00:00,0,21,99,487,0,8.3,5.9,5.2,1,0,0,0,0,0,0,0,1
2023-12-08 08:00:00,6,9,54,676,0,8.3,5.9,5.2,1,0,0,0,0,0,0,0,1
2023-12-07 09:00:00,2,10,22,130,0,8.5,-4.0,14.6,0,0,0,0,1,0,0,0,1
2023-12-08 21:00:00,0,22,75,379,0,8.3,5.9,5.2,1,0,0,0,0,0,0,0,1
2023-12-08 15:00:00,5,16,76,361,0,8.3,5.9,5.2,1,0,0,0,0,0,0,0,1
2023-12-08 18:00:00,3,19,123,609,0,8.3,5.9,5.2,1,0,0,0,0,0,0,0,1
2023-12-09 09:00:00,22,10,46,795,0,7.1,5.5,5.8,0,0,1,0,0,0,0,0,1
2023-12-07 17:00:00,2,18,39,18,0,8.5,-4.0,14.6,0,0,0,0,1,0,0,0,1
2023-12-08 19:00:00,2,20,74,671,0,8.3,5.9,5.2,1,0,0,0,0,0,0,0,1
2023-12-08 23:00:00,0,0,14,84,0,8.3,5.9,5.2,1,0,0,0,0,0,0,0,1
2023-12-08 00:00:00,0,1,11,58,0,8.3,5.9,5.2,1,0,0,0,0,0,0,0,1
2023-12-08 05:00:00,0,6,11,28,0,8.3,5.9,5.2,1,0,0,0,0,0,0,0,1
2023-12-08 04:00:00,0,5,5,28,0,8.3,5.9,5.2,1,0,0,0,0,0,0,0,1
2023-12-08 01:00:00,0,2,16,24,0,8.3,5.9,5.2,1,0,0,0,0,0,0,0,1
2023-12-08 02:00:00,0,3,10,17,0,8.3,5.9,5.2,1,0,0,0,0,0,0,0,1
2023-12-08 03:00:00,0,4,2,14,0,8.3,5.9,5.2,1,0,0,0,0,0,0,0,1
2023-12-07 12:00:00,0,13,23,8,0,8.5,-4.0,14.6,0,0,0,0,1,0,0,0,1
2023-12-09 10:00:00,13,11,77,1540,0,7.1,5.5,5.8,0,0,1,0,0,0,0,0,1
2023-12-08 17:00:00,2,18,87,336,0,8.3,5.9,5.2,1,0,0,0,0,0,0,0,1
2023-12-09 13:00:00,9,14,116,299,0,7.1,5.5,5.8,0,0,1,0,0,0,0,0,1
2023-12-09 11:00:00,6,12,62,456,0,7.1,5.5,5.8,0,0,1,0,0,0,0,0,1
2023-12-09 12:00:00,6,13,100,434,0,7.1,5.5,5.8,0,0,1,0,0,0,0,0,1
2023-12-07 20:00:00,0,21,54,458,0,8.5,-4.0,14.6,0,0,0,0,1,0,0,0,1
2023-12-07 21:00:00,0,22,31,366,0,8.5,-4.0,14.6,0,0,0,0,1,0,0,0,1
2023-12-07 19:00:00,0,20,55,285,0,8.5,-4.0,14.6,0,0,0,0,1,0,0,0,1
2023-12-07 06:00:00,1,7,23,383,0,8.5,-4.0,14.6,0,0,0,0,1,0,0,0,1
2023-12-07 15:00:00,0,16,21,204,0,8.5,-4.0,14.6,0,0,0,0,1,0,0,0,1
2023-12-07 22:00:00,0,23,23,189,0,8.5,-4.0,14.6,0,0,0,0,1,0,0,0,1
2023-12-07 07:00:00,1,8,55,285,0,8.5,-4.0,14.6,0,0,0,0,1,0,0,0,1
2023-12-08 16:00:00,1,17,111,500,0,8.3,5.9,5.2,1,0,0,0,0,0,0,0,1
2023-12-07 05:00:00,1,6,9,134,0,8.5,-4.0,14.6,0,0,0,0,1,0,0,0,1
2023-12-08 22:00:00,1,23,29,319,0,8.3,5.9,5.2,1,0,0,0,0,0,0,0,1
2023-12-07 10:00:00,1,11,25,54,0,8.5,-4.0,14.6,0,0,0,0,1,0,0,0,1
2023-12-08 07:00:00,1,8,35,35,0,8.3,5.9,5.2,1,0,0,0,0,0,0,0,1
2023-12-07 08:00:00,1,9,30,26,0,8.5,-4.0,14.6,0,0,0,0,1,0,0,0,1
2023-12-07 23:00:00,1,0,15,26,0,8.5,-4.0,14.6,0,0,0,0,1,0,0,0,1
2023-12-07 16:00:00,1,17,7,25,0,8.5,-4.0,14.6,0,0,0,0,1,0,0,0,1
2023-12-07 18:00:00,0,19,14,63,0,8.5,-4.0,14.6,0,0,0,0,1,0,0,0,1
2023-12-07 04:00:00,0,5,5,42,0,8.5,-4.0,14.6,0,0,0,0,1,0,0,0,1
2023-12-07 00:00:00,0,1,8,39,0,8.5,-4.0,14.6,0,0,0,0,1,0,0,0,1
2023-12-07 03:00:00,0,4,4,31,0,8.5,-4.0,14.6,0,0,0,0,1,0,0,0,1
2023-12-07 01:00:00,0,2,3,28,0,8.5,-4.0,14.6,0,0,0,0,1,0,0,0,1
2023-12-07 02:00:00,0,3,9,27,0,8.5,-4.0,14.6,0,0,0,0,1,0,0,0,1
2023-12-07 13:00:00,0,14,114,23,0,8.5,-4.0,14.6,0,0,0,0,1,0,0,0,1
2023-12-11 08:00:00,7,9,50,10,0,7.1,3.4,5.6,0,1,0,0,0,0,0,0,1
2023-12-10 02:00:00,0,3,19,27,0,6.8,0.9,2.0,0,0,0,1,0,0,0,0,1
2023-12-10 15:00:00,17,16,99,1210,0,6.8,0.9,2.0,0,0,0,1,0,0,0,0,1
2023-12-10 01:00:00,0,2,42,26,0,6.8,0.9,2.0,0,0,0,1,0,0,0,0,1
2023-12-10 05:00:00,0,6,9,26,0,6.8,0.9,2.0,0,0,0,1,0,0,0,0,1
2023-12-09 21:00:00,0,22,113,80,0,7.1,5.5,5.8,0,0,1,0,0,0,0,0,1
2023-12-10 03:00:00,0,4,14,17,0,6.8,0.9,2.0,0,0,0,1,0,0,0,0,1
2023-12-09 19:00:00,0,20,136,68,0,7.1,5.5,5.8,0,0,1,0,0,0,0,0,1
2023-12-09 22:00:00,0,23,102,66,0,7.1,5.5,5.8,0,0,1,0,0,0,0,0,1
2023-12-09 17:00:00,0,18,61,60,0,7.1,5.5,5.8,0,0,1,0,0,0,0,0,1
2023-12-09 00:00:00,0,1,6,57,0,7.1,5.5,5.8,0,0,1,0,0,0,0,0,1
2023-12-09 03:00:00,0,4,4,28,0,7.1,5.5,5.8,0,0,1,0,0,0,0,0,1
2023-12-09 14:00:00,0,15,66,23,0,7.1,5.5,5.8,0,0,1,0,0,0,0,0,1
2023-12-09 05:00:00,0,6,14,23,0,7.1,5.5,5.8,0,0,1,0,0,0,0,0,1
2023-12-09 01:00:00,0,2,11,23,0,7.1,5.5,5.8,0,0,1,0,0,0,0,0,1
2023-12-09 02:00:00,0,3,7,14,0,7.1,5.5,5.8,0,0,1,0,0,0,0,0,1
2023-12-09 04:00:00,0,5,12,6,0,7.1,5.5,5.8,0,0,1,0,0,0,0,0,1
2023-12-09 15:00:00,0,16,122,3,0,7.1,5.5,5.8,0,0,1,0,0,0,0,0,1
2023-12-11 12:00:00,18,13,126,653,0,7.1,3.4,5.6,0,1,0,0,0,0,0,0,1
2023-12-10 08:00:00,3,9,53,294,0,6.8,0.9,2.0,0,0,0,1,0,0,0,0,1
2023-12-09 20:00:00,1,21,119,72,0,7.1,5.5,5.8,0,0,1,0,0,0,0,0,1
2023-12-11 11:00:00,15,12,100,617,0,7.1,3.4,5.6,0,1,0,0,0,0,0,0,1
2023-12-11 14:00:00,14,15,114,703,0,7.1,3.4,5.6,0,1,0,0,0,0,0,0,1
2023-12-11 13:00:00,13,14,192,666,0,7.1,3.4,5.6,0,1,0,0,0,0,0,0,1
2023-12-11 10:00:00,10,11,79,740,0,7.1,3.4,5.6,0,1,0,0,0,0,0,0,1
2023-12-09 23:00:00,1,0,86,64,0,7.1,5.5,5.8,0,0,1,0,0,0,0,0,1
2023-12-10 04:00:00,0,5,17,11,0,6.8,0.9,2.0,0,0,0,1,0,0,0,0,1
2023-12-11 15:00:00,5,16,69,682,0,7.1,3.4,5.6,0,1,0,0,0,0,0,0,1
2023-12-11 09:00:00,5,10,67,201,0,7.1,3.4,5.6,0,1,0,0,0,0,0,0,1
2023-12-09 16:00:00,1,17,71,38,0,7.1,5.5,5.8,0,0,1,0,0,0,0,0,1
2023-12-10 19:00:00,2,20,66,518,0,6.8,0.9,2.0,0,0,0,1,0,0,0,0,1
2023-12-10 16:00:00,1,17,126,1017,0,6.8,0.9,2.0,0,0,0,1,0,0,0,0,1
2023-12-10 17:00:00,1,18,68,844,0,6.8,0.9,2.0,0,0,0,1,0,0,0,0,1
2023-12-10 07:00:00,1,8,12,202,0,6.8,0.9,2.0,0,0,0,1,0,0,0,0,1
2023-12-11 16:00:00,4,17,102,229,0,7.1,3.4,5.6,0,1,0,0,0,0,0,0,1
2023-12-10 14:00:00,8,15,94,1607,0,6.8,0.9,2.0,0,0,0,1,0,0,0,0,1
2023-12-09 07:00:00,0,8,64,217,0,7.1,5.5,5.8,0,0,1,0,0,0,0,0,1
2023-12-10 13:00:00,7,14,87,1872,0,6.8,0.9,2.0,0,0,0,1,0,0,0,0,1
2023-12-10 11:00:00,7,12,99,1615,0,6.8,0.9,2.0,0,0,0,1,0,0,0,0,1
2023-12-10 09:00:00,7,10,59,751,0,6.8,0.9,2.0,0,0,0,1,0,0,0,0,1
2023-12-10 10:00:00,6,11,56,1301,0,6.8,0.9,2.0,0,0,0,1,0,0,0,0,1
2023-12-10 12:00:00,5,13,94,1888,0,6.8,0.9,2.0,0,0,0,1,0,0,0,0,1
2023-12-10 18:00:00,5,19,70,660,0,6.8,0.9,2.0,0,0,0,1,0,0,0,0,1
2023-12-10 20:00:00,0,21,35,382,0,6.8,0.9,2.0,0,0,0,1,0,0,0,0,1
2023-12-11 07:00:00,3,8,18,11,0,7.1,3.4,5.6,0,1,0,0,0,0,0,0,1
2023-12-10 21:00:00,0,22,43,261,0,6.8,0.9,2.0,0,0,0,1,0,0,0,0,1
2023-12-11 17:00:00,2,18,103,55,0,7.1,3.4,5.6,0,1,0,0,0,0,0,0,1
2023-12-10 22:00:00,0,23,9,195,0,6.8,0.9,2.0,0,0,0,1,0,0,0,0,1
2023-12-10 23:00:00,0,0,18,121,0,6.8,0.9,2.0,0,0,0,1,0,0,0,0,1
2023-12-10 06:00:00,0,7,9,115,0,6.8,0.9,2.0,0,0,0,1,0,0,0,0,1
2023-12-11 06:00:00,2,7,14,4,0,7.1,3.4,5.6,0,1,0,0,0,0,0,0,1
2023-12-10 00:00:00,0,1,86,57,0,6.8,0.9,2.0,0,0,0,1,0,0,0,0,1
2023-12-12 16:00:00,2,17,45,11,0,6.0,5.4,12.3,0,0,0,0,0,1,0,0,1
2023-12-12 09:00:00,1,10,20,9,0,6.0,5.4,12.3,0,0,0,0,0,1,0,0,1
2023-12-12 08:00:00,1,9,22,6,0,6.0,5.4,12.3,0,0,0,0,0,1,0,0,1
2023-12-12 11:00:00,1,12,12,4,0,6.0,5.4,12.3,0,0,0,0,0,1,0,0,1
2023-12-11 23:00:00,0,0,4,9,0,7.1,3.4,5.6,0,1,0,0,0,0,0,0,1
2023-12-12 07:00:00,1,8,25,3,0,6.0,5.4,12.3,0,0,0,0,0,1,0,0,1
2023-12-12 06:00:00,1,7,16,3,0,6.0,5.4,12.3,0,0,0,0,0,1,0,0,1
2023-12-12 21:00:00,0,22,12,1,0,6.0,5.4,12.3,0,0,0,0,0,1,0,0,1
2023-12-12 04:00:00,0,5,2,1,0,6.0,5.4,12.3,0,0,0,0,0,1,0,0,1
2023-12-11 18:00:00,1,19,104,73,0,7.1,3.4,5.6,0,1,0,0,0,0,0,0,1
2023-12-13 19:00:00,3,20,120,854,0,8.5,5.5,1.3,0,0,0,0,0,0,1,0,1
2023-12-13 14:00:00,11,15,100,619,0,8.5,5.5,1.3,0,0,0,0,0,0,1,0,1
2023-12-12 20:00:00,0,21,16,0,0,6.0,5.4,12.3,0,0,0,0,0,1,0,0,1
2023-12-13 07:00:00,3,8,36,76,0,8.5,5.5,1.3,0,0,0,0,0,0,1,0,1
2023-12-13 15:00:00,10,16,87,683,0,8.5,5.5,1.3,0,0,0,0,0,0,1,0,1
2023-12-12 22:00:00,0,23,7,0,0,6.0,5.4,12.3,0,0,0,0,0,1,0,0,1
2023-12-11 01:00:00,1,2,6,39,0,7.1,3.4,5.6,0,1,0,0,0,0,0,0,1
2023-12-11 22:00:00,0,23,11,3,0,7.1,3.4,5.6,0,1,0,0,0,0,0,0,1
2023-12-12 01:00:00,0,2,5,0,0,6.0,5.4,12.3,0,0,0,0,0,1,0,0,1
2023-12-11 02:00:00,0,3,2,3,0,7.1,3.4,5.6,0,1,0,0,0,0,0,0,1
2023-12-12 05:00:00,0,6,4,0,0,6.0,5.4,12.3,0,0,0,0,0,1,0,0,1
2023-12-11 04:00:00,0,5,0,3,0,7.1,3.4,5.6,0,1,0,0,0,0,0,0,1
2023-12-13 12:00:00,9,13,128,620,0,8.5,5.5,1.3,0,0,0,0,0,0,1,0,1
2023-12-12 17:00:00,0,18,46,31,0,6.0,5.4,12.3,0,0,0,0,0,1,0,0,1
2023-12-13 08:00:00,9,9,101,481,0,8.5,5.5,1.3,0,0,0,0,0,0,1,0,1
2023-12-12 18:00:00,0,19,31,28,0,6.0,5.4,12.3,0,0,0,0,0,1,0,0,1
2023-12-11 21:00:00,1,22,26,9,0,7.1,3.4,5.6,0,1,0,0,0,0,0,0,1
2023-12-11 05:00:00,0,6,10,0,0,7.1,3.4,5.6,0,1,0,0,0,0,0,0,1
2023-12-13 18:00:00,8,19,157,1102,0,8.5,5.5,1.3,0,0,0,0,0,0,1,0,1
2023-12-13 16:00:00,2,17,137,708,0,8.5,5.5,1.3,0,0,0,0,0,0,1,0,1
2023-12-12 13:00:00,0,14,22,14,0,6.0,5.4,12.3,0,0,0,0,0,1,0,0,1
2023-12-12 15:00:00,0,16,33,12,0,6.0,5.4,12.3,0,0,0,0,0,1,0,0,1
2023-12-12 10:00:00,0,11,20,8,0,6.0,5.4,12.3,0,0,0,0,0,1,0,0,1
2023-12-12 14:00:00,0,15,15,8,0,6.0,5.4,12.3,0,0,0,0,0,1,0,0,1
2023-12-12 23:00:00,0,0,0,8,0,6.0,5.4,12.3,0,0,0,0,0,1,0,0,1
2023-12-12 02:00:00,0,3,4,5,0,6.0,5.4,12.3,0,0,0,0,0,1,0,0,1
2023-12-12 12:00:00,0,13,46,4,0,6.0,5.4,12.3,0,0,0,0,0,1,0,0,1
2023-12-12 00:00:00,0,1,15,4,0,6.0,5.4,12.3,0,0,0,0,0,1,0,0,1
2023-12-12 19:00:00,0,20,18,2,0,6.0,5.4,12.3,0,0,0,0,0,1,0,0,1
2023-12-12 03:00:00,0,4,0,2,0,6.0,5.4,12.3,0,0,0,0,0,1,0,0,1
2023-12-11 00:00:00,0,1,15,60,0,7.1,3.4,5.6,0,1,0,0,0,0,0,0,1
2023-12-11 19:00:00,0,20,76,55,0,7.1,3.4,5.6,0,1,0,0,0,0,0,0,1
2023-12-13 22:00:00,1,23,75,401,0,8.5,5.5,1.3,0,0,0,0,0,0,1,0,1
2023-12-13 17:00:00,6,18,169,522,0,8.5,5.5,1.3,0,0,0,0,0,0,1,0,1
2023-12-13 05:00:00,1,6,6,66,0,8.5,5.5,1.3,0,0,0,0,0,0,1,0,1
2023-12-13 10:00:00,20,11,110,803,0,8.5,5.5,1.3,0,0,0,0,0,0,1,0,1
2023-12-13 13:00:00,19,14,139,656,0,8.5,5.5,1.3,0,0,0,0,0,0,1,0,1
2023-12-13 09:00:00,19,10,89,477,0,8.5,5.5,1.3,0,0,0,0,0,0,1,0,1
2023-12-11 20:00:00,0,21,30,16,0,7.1,3.4,5.6,0,1,0,0,0,0,0,0,1
2023-12-13 11:00:00,17,12,108,728,0,8.5,5.5,1.3,0,0,0,0,0,0,1,0,1
2023-12-13 20:00:00,0,21,54,588,0,8.5,5.5,1.3,0,0,0,0,0,0,1,0,1
2023-12-13 21:00:00,0,22,45,493,0,8.5,5.5,1.3,0,0,0,0,0,0,1,0,1
2023-12-14 19:00:00,1,20,76,9,0,11.3,2.7,0.1,0,0,0,0,1,0,0,0,1
2023-12-14 06:00:00,1,7,7,9,0,11.3,2.7,0.1,0,0,0,0,1,0,0,0,1
2023-12-13 06:00:00,0,7,29,206,0,8.5,5.5,1.3,0,0,0,0,0,0,1,0,1
2023-12-15 09:00:00,13,10,79,1113,0,11.3,5.2,0.0,1,0,0,0,0,0,0,0,1
2023-12-15 13:00:00,12,14,120,959,0,11.3,5.2,0.0,1,0,0,0,0,0,0,0,1
2023-12-15 12:00:00,11,13,97,825,0,11.3,5.2,0.0,1,0,0,0,0,0,0,0,1
2023-12-15 14:00:00,11,15,97,775,0,11.3,5.2,0.0,1,0,0,0,0,0,0,0,1
2023-12-15 10:00:00,11,11,49,774,0,11.3,5.2,0.0,1,0,0,0,0,0,0,0,1
2023-12-15 08:00:00,10,9,76,1371,0,11.3,5.2,0.0,1,0,0,0,0,0,0,0,1
2023-12-15 11:00:00,9,12,50,7,0,11.3,5.2,0.0,1,0,0,0,0,0,0,0,1
2023-12-13 23:00:00,0,0,29,165,0,8.5,5.5,1.3,0,0,0,0,0,0,1,0,1
2023-12-14 10:00:00,25,11,81,89,0,11.3,2.7,0.1,0,0,0,0,1,0,0,0,1
2023-12-14 09:00:00,24,10,81,118,0,11.3,2.7,0.1,0,0,0,0,1,0,0,0,1
2023-12-14 13:00:00,23,14,139,555,0,11.3,2.7,0.1,0,0,0,0,1,0,0,0,1
2023-12-14 14:00:00,19,15,143,630,0,11.3,2.7,0.1,0,0,0,0,1,0,0,0,1
2023-12-14 11:00:00,17,12,116,466,0,11.3,2.7,0.1,0,0,0,0,1,0,0,0,1
2023-12-14 15:00:00,14,16,112,704,0,11.3,2.7,0.1,0,0,0,0,1,0,0,0,1
2023-12-15 07:00:00,1,8,60,751,0,11.3,5.2,0.0,1,0,0,0,0,0,0,0,1
2023-12-15 06:00:00,1,7,45,190,0,11.3,5.2,0.0,1,0,0,0,0,0,0,0,1
2023-12-15 19:00:00,1,20,152,155,0,11.3,5.2,0.0,1,0,0,0,0,0,0,0,1
2023-12-15 04:00:00,1,5,2,10,0,11.3,5.2,0.0,1,0,0,0,0,0,0,0,1
2023-12-14 18:00:00,2,19,50,470,0,11.3,2.7,0.1,0,0,0,0,1,0,0,0,1
2023-12-15 16:00:00,7,17,124,359,0,11.3,5.2,0.0,1,0,0,0,0,0,0,0,1
2023-12-14 08:00:00,9,9,66,156,0,11.3,2.7,0.1,0,0,0,0,1,0,0,0,1
2023-12-14 12:00:00,8,13,115,698,0,11.3,2.7,0.1,0,0,0,0,1,0,0,0,1
2023-12-14 00:00:00,0,1,10,60,0,11.3,2.7,0.1,0,0,0,0,1,0,0,0,1
2023-12-14 03:00:00,0,4,2,46,0,11.3,2.7,0.1,0,0,0,0,1,0,0,0,1
2023-12-14 01:00:00,0,2,6,38,0,11.3,2.7,0.1,0,0,0,0,1,0,0,0,1
2023-12-14 02:00:00,0,3,7,34,0,11.3,2.7,0.1,0,0,0,0,1,0,0,0,1
2023-12-14 21:00:00,0,22,52,8,0,11.3,2.7,0.1,0,0,0,0,1,0,0,0,1
2023-12-14 23:00:00,0,0,25,6,0,11.3,2.7,0.1,0,0,0,0,1,0,0,0,1
2023-12-14 20:00:00,0,21,33,4,0,11.3,2.7,0.1,0,0,0,0,1,0,0,0,1
2023-12-14 05:00:00,0,6,12,4,0,11.3,2.7,0.1,0,0,0,0,1,0,0,0,1
2023-12-14 04:00:00,0,5,4,4,0,11.3,2.7,0.1,0,0,0,0,1,0,0,0,1
2023-12-14 22:00:00,0,23,21,3,0,11.3,2.7,0.1,0,0,0,0,1,0,0,0,1
2023-12-14 17:00:00,1,18,42,771,0,11.3,2.7,0.1,0,0,0,0,1,0,0,0,1
2023-12-13 00:00:00,0,1,5,20,0,8.5,5.5,1.3,0,0,0,0,0,0,1,0,1
2023-12-13 03:00:00,0,4,0,20,0,8.5,5.5,1.3,0,0,0,0,0,0,1,0,1
2023-12-13 01:00:00,0,2,2,19,0,8.5,5.5,1.3,0,0,0,0,0,0,1,0,1
2023-12-13 02:00:00,0,3,0,18,0,8.5,5.5,1.3,0,0,0,0,0,0,1,0,1
2023-12-13 04:00:00,0,5,3,12,0,8.5,5.5,1.3,0,0,0,0,0,0,1,0,1
2023-12-14 16:00:00,1,17,104,230,0,11.3,2.7,0.1,0,0,0,0,1,0,0,0,1
2023-12-15 17:00:00,3,18,289,736,0,11.3,5.2,0.0,1,0,0,0,0,0,0,0,1
2023-12-15 18:00:00,3,19,220,340,0,11.3,5.2,0.0,1,0,0,0,0,0,0,0,1
2023-12-15 15:00:00,3,16,55,231,0,11.3,5.2,0.0,1,0,0,0,0,0,0,0,1
2023-12-14 07:00:00,1,8,24,18,0,11.3,2.7,0.1,0,0,0,0,1,0,0,0,1
2023-12-16 10:00:00,18,11,96,1218,0,12.6,8.8,0.0,0,0,1,0,0,0,0,0,1
2023-12-16 13:00:00,17,14,111,1699,0,12.6,8.8,0.0,0,0,1,0,0,0,0,0,1
2023-12-16 09:00:00,12,10,75,959,0,12.6,8.8,0.0,0,0,1,0,0,0,0,0,1
2023-12-16 12:00:00,11,13,98,1544,0,12.6,8.8,0.0,0,0,1,0,0,0,0,0,1
2023-12-16 11:00:00,8,12,89,1603,0,12.6,8.8,0.0,0,0,1,0,0,0,0,0,1
2023-12-16 14:00:00,7,15,107,1254,0,12.6,8.8,0.0,0,0,1,0,0,0,0,0,1
2023-12-15 22:00:00,0,23,90,216,0,11.3,5.2,0.0,1,0,0,0,0,0,0,0,1
2023-12-15 21:00:00,0,22,87,210,0,11.3,5.2,0.0,1,0,0,0,0,0,0,0,1
2023-12-17 11:00:00,5,12,135,0,0,12.6,10.1,0.0,0,0,0,1,0,0,0,0,1
2023-12-15 20:00:00,0,21,90,174,0,11.3,5.2,0.0,1,0,0,0,0,0,0,0,1
2023-12-15 23:00:00,0,0,57,153,0,11.3,5.2,0.0,1,0,0,0,0,0,0,0,1
2023-12-15 05:00:00,0,6,19,71,0,11.3,5.2,0.0,1,0,0,0,0,0,0,0,1
2023-12-15 00:00:00,0,1,15,18,0,11.3,5.2,0.0,1,0,0,0,0,0,0,0,1
2023-12-15 01:00:00,0,2,10,11,0,11.3,5.2,0.0,1,0,0,0,0,0,0,0,1
2023-12-15 03:00:00,0,4,12,3,0,11.3,5.2,0.0,1,0,0,0,0,0,0,0,1
2023-12-15 02:00:00,0,3,14,2,0,11.3,5.2,0.0,1,0,0,0,0,0,0,0,1
2023-12-17 16:00:00,1,17,105,309,0,12.6,10.1,0.0,0,0,0,1,0,0,0,0,1
2023-12-17 14:00:00,13,15,267,4,0,12.6,10.1,0.0,0,0,0,1,0,0,0,0,1
2023-12-17 17:00:00,1,18,81,287,0,12.6,10.1,0.0,0,0,0,1,0,0,0,0,1
2023-12-17 12:00:00,10,13,166,1,0,12.6,10.1,0.0,0,0,0,1,0,0,0,0,1
2023-12-17 13:00:00,7,14,133,3,0,12.6,10.1,0.0,0,0,0,1,0,0,0,0,1
2023-12-17 02:00:00,6,3,8,3,0,12.6,10.1,0.0,0,0,0,1,0,0,0,0,1
2023-12-17 01:00:00,1,2,22,133,0,12.6,10.1,0.0,0,0,0,1,0,0,0,0,1
2023-12-16 15:00:00,6,16,129,872,0,12.6,8.8,0.0,0,0,1,0,0,0,0,0,1
2023-12-16 08:00:00,6,9,48,539,0,12.6,8.8,0.0,0,0,1,0,0,0,0,0,1
2023-12-17 15:00:00,3,16,207,7,0,12.6,10.1,0.0,0,0,0,1,0,0,0,0,1
2023-12-17 09:00:00,2,10,39,6,0,12.6,10.1,0.0,0,0,0,1,0,0,0,0,1
2023-12-16 06:00:00,0,7,17,139,0,12.6,8.8,0.0,0,0,1,0,0,0,0,0,1
2023-12-16 05:00:00,0,6,10,109,0,12.6,8.8,0.0,0,0,1,0,0,0,0,0,1
2023-12-16 00:00:00,0,1,29,101,0,12.6,8.8,0.0,0,0,1,0,0,0,0,0,1
2023-12-16 01:00:00,0,2,34,88,0,12.6,8.8,0.0,0,0,1,0,0,0,0,0,1
2023-12-17 10:00:00,1,11,110,13,0,12.6,10.1,0.0,0,0,0,1,0,0,0,0,1
2023-12-16 03:00:00,0,4,9,73,0,12.6,8.8,0.0,0,0,1,0,0,0,0,0,1
2023-12-17 07:00:00,1,8,8,2,0,12.6,10.1,0.0,0,0,0,1,0,0,0,0,1
2023-12-16 19:00:00,1,20,160,288,0,12.6,8.8,0.0,0,0,1,0,0,0,0,0,1
2023-12-16 04:00:00,0,5,6,37,0,12.6,8.8,0.0,0,0,1,0,0,0,0,0,1
2023-12-16 21:00:00,1,22,124,183,0,12.6,8.8,0.0,0,0,1,0,0,0,0,0,1
2023-12-16 22:00:00,1,23,128,180,0,12.6,8.8,0.0,0,0,1,0,0,0,0,0,1
2023-12-17 00:00:00,0,1,31,134,0,12.6,10.1,0.0,0,0,0,1,0,0,0,0,1
2023-12-16 02:00:00,1,3,9,76,0,12.6,8.8,0.0,0,0,1,0,0,0,0,0,1
2023-12-17 18:00:00,0,19,117,63,0,12.6,10.1,0.0,0,0,0,1,0,0,0,0,1
2023-12-16 18:00:00,2,19,217,432,0,12.6,8.8,0.0,0,0,1,0,0,0,0,0,1
2023-12-16 16:00:00,2,17,238,386,0,12.6,8.8,0.0,0,0,1,0,0,0,0,0,1
2023-12-16 17:00:00,0,18,237,503,0,12.6,8.8,0.0,0,0,1,0,0,0,0,0,1
2023-12-16 20:00:00,0,21,97,200,0,12.6,8.8,0.0,0,0,1,0,0,0,0,0,1
2023-12-16 23:00:00,0,0,47,164,0,12.6,8.8,0.0,0,0,1,0,0,0,0,0,1
2023-12-16 07:00:00,0,8,25,145,0,12.6,8.8,0.0,0,0,1,0,0,0,0,0,1
2023-12-18 07:00:00,1,8,198,365,0,7.7,10.4,0.0,0,1,0,0,0,0,0,0,1
2023-12-18 19:00:00,1,20,171,219,0,7.7,10.4,0.0,0,1,0,0,0,0,0,0,1
2023-12-18 01:00:00,0,2,18,13,0,7.7,10.4,0.0,0,1,0,0,0,0,0,0,1
2023-12-18 02:00:00,0,3,7,8,0,7.7,10.4,0.0,0,1,0,0,0,0,0,0,1
2023-12-18 05:00:00,1,6,39,55,0,7.7,10.4,0.0,0,1,0,0,0,0,0,0,1
2023-12-18 17:00:00,1,18,226,14,0,7.7,10.4,0.0,0,1,0,0,0,0,0,0,1
2023-12-18 18:00:00,1,19,120,3,0,7.7,10.4,0.0,0,1,0,0,0,0,0,0,1
2023-12-18 21:00:00,0,22,55,199,0,7.7,10.4,0.0,0,1,0,0,0,0,0,0,1
2023-12-18 22:00:00,0,23,14,90,0,7.7,10.4,0.0,0,1,0,0,0,0,0,0,1
2023-12-18 06:00:00,0,7,142,89,0,7.7,10.4,0.0,0,1,0,0,0,0,0,0,1
2023-12-18 04:00:00,0,5,12,18,0,7.7,10.4,0.0,0,1,0,0,0,0,0,0,1
2023-12-18 00:00:00,0,1,10,14,0,7.7,10.4,0.0,0,1,0,0,0,0,0,0,1
2023-12-18 03:00:00,0,4,9,6,0,7.7,10.4,0.0,0,1,0,0,0,0,0,0,1
2023-12-19 16:00:00,5,17,68,170,0,12.0,3.8,0.0,0,0,0,0,0,1,0,0,1
2023-12-17 23:00:00,0,0,17,21,0,12.6,10.1,0.0,0,0,0,1,0,0,0,0,1
2023-12-18 16:00:00,0,17,366,4,0,7.7,10.4,0.0,0,1,0,0,0,0,0,0,1
2023-12-18 10:00:00,6,11,115,6,0,7.7,10.4,0.0,0,1,0,0,0,0,0,0,1
2023-12-18 20:00:00,2,21,60,349,0,7.7,10.4,0.0,0,1,0,0,0,0,0,0,1
2023-12-18 15:00:00,2,16,139,4,0,7.7,10.4,0.0,0,1,0,0,0,0,0,0,1
2023-12-18 08:00:00,2,9,90,2,0,7.7,10.4,0.0,0,1,0,0,0,0,0,0,1
2023-12-19 20:00:00,1,21,51,7,0,12.0,3.8,0.0,0,0,0,0,0,1,0,0,1
2023-12-18 23:00:00,0,0,4,3,0,7.7,10.4,0.0,0,1,0,0,0,0,0,0,1
2023-12-19 18:00:00,1,19,39,6,0,12.0,3.8,0.0,0,0,0,0,0,1,0,0,1
2023-12-19 11:00:00,13,12,83,415,0,12.0,3.8,0.0,0,0,0,0,0,1,0,0,1
2023-12-19 10:00:00,8,11,130,465,0,12.0,3.8,0.0,0,0,0,0,0,1,0,0,1
2023-12-19 17:00:00,6,18,92,42,0,12.0,3.8,0.0,0,0,0,0,0,1,0,0,1
2023-12-19 07:00:00,0,8,260,488,0,12.0,3.8,0.0,0,0,0,0,0,1,0,0,1
2023-12-18 14:00:00,11,15,250,2,0,7.7,10.4,0.0,0,1,0,0,0,0,0,0,1
2023-12-18 13:00:00,11,14,230,1,0,7.7,10.4,0.0,0,1,0,0,0,0,0,0,1
2023-12-18 11:00:00,9,12,156,10,0,7.7,10.4,0.0,0,1,0,0,0,0,0,0,1
2023-12-18 09:00:00,8,10,110,6,0,7.7,10.4,0.0,0,1,0,0,0,0,0,0,1
2023-12-18 12:00:00,7,13,137,0,0,7.7,10.4,0.0,0,1,0,0,0,0,0,0,1
2023-12-17 22:00:00,0,23,23,4,0,12.6,10.1,0.0,0,0,0,1,0,0,0,0,1
2023-12-19 15:00:00,4,16,94,690,0,12.0,3.8,0.0,0,0,0,0,0,1,0,0,1
2023-12-17 06:00:00,0,7,2,2,0,12.6,10.1,0.0,0,0,0,1,0,0,0,0,1
2023-12-19 09:00:00,43,10,131,789,0,12.0,3.8,0.0,0,0,0,0,0,1,0,0,1
2023-12-17 19:00:00,0,20,126,1,0,12.6,10.1,0.0,0,0,0,1,0,0,0,0,1
2023-12-17 05:00:00,0,6,0,1,0,12.6,10.1,0.0,0,0,0,1,0,0,0,0,1
2023-12-19 14:00:00,25,15,148,362,0,12.0,3.8,0.0,0,0,0,0,0,1,0,0,1
2023-12-19 13:00:00,23,14,156,242,0,12.0,3.8,0.0,0,0,0,0,0,1,0,0,1
2023-12-19 08:00:00,19,9,191,1127,0,12.0,3.8,0.0,0,0,0,0,0,1,0,0,1
2023-12-19 12:00:00,17,13,169,263,0,12.0,3.8,0.0,0,0,0,0,0,1,0,0,1
2023-12-17 21:00:00,0,22,99,0,0,12.6,10.1,0.0,0,0,0,1,0,0,0,0,1
2023-12-17 20:00:00,0,21,52,0,0,12.6,10.1,0.0,0,0,0,1,0,0,0,0,1
2023-12-17 08:00:00,0,9,22,0,0,12.6,10.1,0.0,0,0,0,1,0,0,0,0,1
2023-12-19 06:00:00,0,7,143,119,0,12.0,3.8,0.0,0,0,0,0,0,1,0,0,1
2023-12-19 19:00:00,3,20,32,5,0,12.0,3.8,0.0,0,0,0,0,0,1,0,0,1
2023-12-19 05:00:00,1,6,35,77,0,12.0,3.8,0.0,0,0,0,0,0,1,0,0,1
2023-12-19 22:00:00,0,23,27,68,0,12.0,3.8,0.0,0,0,0,0,0,1,0,0,1
2023-12-19 03:00:00,0,4,1,33,0,12.0,3.8,0.0,0,0,0,0,0,1,0,0,1
2023-12-19 04:00:00,0,5,1,32,0,12.0,3.8,0.0,0,0,0,0,0,1,0,0,1
2023-12-19 23:00:00,0,0,14,27,0,12.0,3.8,0.0,0,0,0,0,0,1,0,0,1
2023-12-19 01:00:00,0,2,13,26,0,12.0,3.8,0.0,0,0,0,0,0,1,0,0,1
2023-12-19 00:00:00,0,1,14,16,0,12.0,3.8,0.0,0,0,0,0,0,1,0,0,1
2023-12-19 02:00:00,0,3,5,16,0,12.0,3.8,0.0,0,0,0,0,0,1,0,0,1
2023-12-19 21:00:00,0,22,16,6,0,12.0,3.8,0.0,0,0,0,0,0,1,0,0,1
2023-12-20 00:00:00,1,1,10,8,0,9.5,3.8,0.4,0,0,0,0,0,0,1,0,1
2023-12-21 23:00:00,0,0,52,49,0,8.9,4.7,1.2,0,0,0,0,1,0,0,0,1
2023-12-20 19:00:00,0,20,157,333,0,9.5,3.8,0.4,0,0,0,0,0,0,1,0,1
2023-12-20 21:00:00,0,22,103,235,0,9.5,3.8,0.4,0,0,0,0,0,0,1,0,1
2023-12-21 01:00:00,0,2,2,48,0,8.9,4.7,1.2,0,0,0,0,1,0,0,0,1
2023-12-20 22:00:00,0,23,54,164,0,9.5,3.8,0.4,0,0,0,0,0,0,1,0,1
2023-12-20 12:00:00,12,13,84,640,0,9.5,3.8,0.4,0,0,0,0,0,0,1,0,1
2023-12-20 18:00:00,4,19,266,498,0,9.5,3.8,0.4,0,0,0,0,0,0,1,0,1
2023-12-21 04:00:00,0,5,4,29,0,8.9,4.7,1.2,0,0,0,0,1,0,0,0,1
2023-12-21 03:00:00,0,4,3,29,0,8.9,4.7,1.2,0,0,0,0,1,0,0,0,1
2023-12-20 10:00:00,8,11,53,692,0,9.5,3.8,0.4,0,0,0,0,0,0,1,0,1
2023-12-20 16:00:00,5,17,175,592,0,9.5,3.8,0.4,0,0,0,0,0,0,1,0,1
2023-12-21 02:00:00,0,3,5,22,0,8.9,4.7,1.2,0,0,0,0,1,0,0,0,1
2023-12-20 06:00:00,0,7,28,29,0,9.5,3.8,0.4,0,0,0,0,0,0,1,0,1
2023-12-20 05:00:00,0,6,10,14,0,9.5,3.8,0.4,0,0,0,0,0,0,1,0,1
2023-12-20 01:00:00,0,2,2,6,0,9.5,3.8,0.4,0,0,0,0,0,0,1,0,1
2023-12-20 04:00:00,0,5,3,3,0,9.5,3.8,0.4,0,0,0,0,0,0,1,0,1
2023-12-20 03:00:00,0,4,0,3,0,9.5,3.8,0.4,0,0,0,0,0,0,1,0,1
2023-12-20 17:00:00,3,18,147,272,0,9.5,3.8,0.4,0,0,0,0,0,0,1,0,1
2023-12-21 11:00:00,1,12,18,1258,0,8.9,4.7,1.2,0,0,0,0,1,0,0,0,1
2023-12-20 07:00:00,2,8,28,60,0,9.5,3.8,0.4,0,0,0,0,0,0,1,0,1
2023-12-20 20:00:00,1,21,157,247,0,9.5,3.8,0.4,0,0,0,0,0,0,1,0,1
2023-12-20 23:00:00,1,0,23,124,0,9.5,3.8,0.4,0,0,0,0,0,0,1,0,1
2023-12-21 07:00:00,1,8,84,807,0,8.9,4.7,1.2,0,0,0,0,1,0,0,0,1
2023-12-21 19:00:00,1,20,83,516,0,8.9,4.7,1.2,0,0,0,0,1,0,0,0,1
2023-12-21 17:00:00,1,18,98,414,0,8.9,4.7,1.2,0,0,0,0,1,0,0,0,1
2023-12-20 09:00:00,30,10,54,852,0,9.5,3.8,0.4,0,0,0,0,0,0,1,0,1
2023-12-20 11:00:00,21,12,77,522,0,9.5,3.8,0.4,0,0,0,0,0,0,1,0,1
2023-12-20 13:00:00,17,14,122,682,0,9.5,3.8,0.4,0,0,0,0,0,0,1,0,1
2023-12-20 14:00:00,16,15,54,690,0,9.5,3.8,0.4,0,0,0,0,0,0,1,0,1
2023-12-20 15:00:00,14,16,153,1082,0,9.5,3.8,0.4,0,0,0,0,0,0,1,0,1
2023-12-20 08:00:00,13,9,78,736,0,9.5,3.8,0.4,0,0,0,0,0,0,1,0,1
2023-12-21 18:00:00,1,19,66,399,0,8.9,4.7,1.2,0,0,0,0,1,0,0,0,1
2023-12-21 06:00:00,1,7,58,259,0,8.9,4.7,1.2,0,0,0,0,1,0,0,0,1
2023-12-21 08:00:00,12,9,65,1402,0,8.9,4.7,1.2,0,0,0,0,1,0,0,0,1
2023-12-21 12:00:00,11,13,58,1317,0,8.9,4.7,1.2,0,0,0,0,1,0,0,0,1
2023-12-21 15:00:00,10,16,57,665,0,8.9,4.7,1.2,0,0,0,0,1,0,0,0,1
2023-12-21 09:00:00,9,10,62,1150,0,8.9,4.7,1.2,0,0,0,0,1,0,0,0,1
2023-12-21 00:00:00,1,1,10,82,0,8.9,4.7,1.2,0,0,0,0,1,0,0,0,1
2023-12-21 13:00:00,5,14,58,1313,0,8.9,4.7,1.2,0,0,0,0,1,0,0,0,1
2023-12-21 14:00:00,4,15,96,1398,0,8.9,4.7,1.2,0,0,0,0,1,0,0,0,1
2023-12-21 10:00:00,3,11,31,1202,0,8.9,4.7,1.2,0,0,0,0,1,0,0,0,1
2023-12-21 16:00:00,3,17,57,2,0,8.9,4.7,1.2,0,0,0,0,1,0,0,0,1
2023-12-21 20:00:00,0,21,46,409,0,8.9,4.7,1.2,0,0,0,0,1,0,0,0,1
2023-12-21 21:00:00,0,22,68,255,0,8.9,4.7,1.2,0,0,0,0,1,0,0,0,1
2023-12-21 05:00:00,0,6,7,139,0,8.9,4.7,1.2,0,0,0,0,1,0,0,0,1
2023-12-21 22:00:00,0,23,87,106,0,8.9,4.7,1.2,0,0,0,0,1,0,0,0,1
2023-12-23 12:00:00,5,13,16,1526,0,10.3,3.5,3.6,0,0,1,0,0,0,0,0,1
2023-12-23 15:00:00,4,16,52,1643,0,10.3,3.5,3.6,0,0,1,0,0,0,0,0,1
2023-12-23 11:00:00,3,12,33,1465,0,10.3,3.5,3.6,0,0,1,0,0,0,0,0,1
2023-12-23 13:00:00,2,14,34,1754,0,10.3,3.5,3.6,0,0,1,0,0,0,0,0,1
2023-12-23 03:00:00,0,4,2,27,0,10.3,3.5,3.6,0,0,1,0,0,0,0,0,1
2023-12-22 18:00:00,2,19,164,171,0,12.1,6.4,14.3,1,0,0,0,0,0,0,0,1
2023-12-22 00:00:00,0,1,38,31,0,12.1,6.4,14.3,1,0,0,0,0,0,0,0,1
2023-12-22 06:00:00,0,7,17,25,0,12.1,6.4,14.3,1,0,0,0,0,0,0,0,1
2023-12-22 05:00:00,0,6,3,12,0,12.1,6.4,14.3,1,0,0,0,0,0,0,0,1
2023-12-22 01:00:00,0,2,13,5,0,12.1,6.4,14.3,1,0,0,0,0,0,0,0,1
2023-12-22 04:00:00,0,5,2,5,0,12.1,6.4,14.3,1,0,0,0,0,0,0,0,1
2023-12-22 03:00:00,0,4,2,2,0,12.1,6.4,14.3,1,0,0,0,0,0,0,0,1
2023-12-23 10:00:00,2,11,26,1188,0,10.3,3.5,3.6,0,0,1,0,0,0,0,0,1
2023-12-23 04:00:00,0,5,1,18,0,10.3,3.5,3.6,0,0,1,0,0,0,0,0,1
2023-12-24 10:00:00,31,11,83,1071,0,4.8,2.8,0.0,0,0,0,1,0,0,0,0,1
2023-12-24 12:00:00,16,13,96,943,0,4.8,2.8,0.0,0,0,0,1,0,0,0,0,1
2023-12-24 09:00:00,15,10,44,812,0,4.8,2.8,0.0,0,0,0,1,0,0,0,0,1
2023-12-24 14:00:00,13,15,129,897,0,4.8,2.8,0.0,0,0,0,1,0,0,0,0,1
2023-12-23 16:00:00,2,17,73,1077,0,10.3,3.5,3.6,0,0,1,0,0,0,0,0,1
2023-12-22 07:00:00,2,8,21,62,0,12.1,6.4,14.3,1,0,0,0,0,0,0,0,1
2023-12-23 08:00:00,0,9,20,455,0,10.3,3.5,3.6,0,0,1,0,0,0,0,0,1
2023-12-22 20:00:00,1,21,137,171,0,12.1,6.4,14.3,1,0,0,0,0,0,0,0,1
2023-12-22 23:00:00,1,0,4,83,0,12.1,6.4,14.3,1,0,0,0,0,0,0,0,1
2023-12-22 02:00:00,1,3,8,0,0,12.1,6.4,14.3,1,0,0,0,0,0,0,0,1
2023-12-22 19:00:00,0,20,204,194,0,12.1,6.4,14.3,1,0,0,0,0,0,0,0,1
2023-12-22 21:00:00,0,22,65,185,0,12.1,6.4,14.3,1,0,0,0,0,0,0,0,1
2023-12-22 22:00:00,0,23,51,151,0,12.1,6.4,14.3,1,0,0,0,0,0,0,0,1
2023-12-23 20:00:00,2,21,27,320,0,10.3,3.5,3.6,0,0,1,0,0,0,0,0,1
2023-12-23 19:00:00,0,20,46,451,0,10.3,3.5,3.6,0,0,1,0,0,0,0,0,1
2023-12-22 08:00:00,5,9,61,753,0,12.1,6.4,14.3,1,0,0,0,0,0,0,0,1
2023-12-23 14:00:00,1,15,37,1903,0,10.3,3.5,3.6,0,0,1,0,0,0,0,0,1
2023-12-23 09:00:00,1,10,32,904,0,10.3,3.5,3.6,0,0,1,0,0,0,0,0,1
2023-12-22 12:00:00,20,13,76,999,0,12.1,6.4,14.3,1,0,0,0,0,0,0,0,1
2023-12-23 21:00:00,0,22,19,324,0,10.3,3.5,3.6,0,0,1,0,0,0,0,0,1
2023-12-23 17:00:00,1,18,85,643,0,10.3,3.5,3.6,0,0,1,0,0,0,0,0,1
2023-12-23 18:00:00,1,19,63,537,0,10.3,3.5,3.6,0,0,1,0,0,0,0,0,1
2023-12-22 10:00:00,18,11,44,974,0,12.1,6.4,14.3,1,0,0,0,0,0,0,0,1
2023-12-23 07:00:00,0,8,3,189,0,10.3,3.5,3.6,0,0,1,0,0,0,0,0,1
2023-12-22 11:00:00,17,12,69,1006,0,12.1,6.4,14.3,1,0,0,0,0,0,0,0,1
2023-12-23 06:00:00,0,7,1,128,0,10.3,3.5,3.6,0,0,1,0,0,0,0,0,1
2023-12-22 16:00:00,4,17,41,81,0,12.1,6.4,14.3,1,0,0,0,0,0,0,0,1
2023-12-22 13:00:00,15,14,59,1135,0,12.1,6.4,14.3,1,0,0,0,0,0,0,0,1
2023-12-22 17:00:00,4,18,36,42,0,12.1,6.4,14.3,1,0,0,0,0,0,0,0,1
2023-12-23 23:00:00,0,0,28,114,0,10.3,3.5,3.6,0,0,1,0,0,0,0,0,1
2023-12-23 22:00:00,0,23,16,110,0,10.3,3.5,3.6,0,0,1,0,0,0,0,0,1
2023-12-22 14:00:00,14,15,68,994,0,12.1,6.4,14.3,1,0,0,0,0,0,0,0,1
2023-12-22 15:00:00,13,16,68,931,0,12.1,6.4,14.3,1,0,0,0,0,0,0,0,1
2023-12-22 09:00:00,12,10,47,1011,0,12.1,6.4,14.3,1,0,0,0,0,0,0,0,1
2023-12-23 00:00:00,0,1,3,61,0,10.3,3.5,3.6,0,0,1,0,0,0,0,0,1
2023-12-23 05:00:00,0,6,1,47,0,10.3,3.5,3.6,0,0,1,0,0,0,0,0,1
2023-12-23 01:00:00,0,2,2,39,0,10.3,3.5,3.6,0,0,1,0,0,0,0,0,1
2023-12-23 02:00:00,0,3,3,38,0,10.3,3.5,3.6,0,0,1,0,0,0,0,0,1
2023-12-24 03:00:00,0,4,4,22,0,4.8,2.8,0.0,0,0,0,1,0,0,0,0,1
2023-12-25 07:00:00,0,8,13,56,1,6.3,0.4,3.4,0,1,0,0,0,0,0,0,1
2023-12-25 23:00:00,0,0,3,55,1,6.3,0.4,3.4,0,1,0,0,0,0,0,0,1
2023-12-25 15:00:00,2,16,70,312,1,6.3,0.4,3.4,0,1,0,0,0,0,0,0,1
2023-12-25 22:00:00,0,23,27,46,1,6.3,0.4,3.4,0,1,0,0,0,0,0,0,1
2023-12-25 00:00:00,0,1,2,42,1,6.3,0.4,3.4,0,1,0,0,0,0,0,0,1
2023-12-24 20:00:00,0,21,28,300,0,4.8,2.8,0.0,0,0,0,1,0,0,0,0,1
2023-12-24 16:00:00,1,17,103,785,0,4.8,2.8,0.0,0,0,0,1,0,0,0,0,1
2023-12-24 07:00:00,1,8,23,92,0,4.8,2.8,0.0,0,0,0,1,0,0,0,0,1
2023-12-24 05:00:00,1,6,6,46,0,4.8,2.8,0.0,0,0,0,1,0,0,0,0,1
2023-12-24 18:00:00,0,19,100,408,0,4.8,2.8,0.0,0,0,0,1,0,0,0,0,1
2023-12-24 19:00:00,0,20,65,354,0,4.8,2.8,0.0,0,0,0,1,0,0,0,0,1
2023-12-26 11:00:00,20,12,175,958,1,8.8,0.4,14.8,0,0,0,0,0,1,0,0,1
2023-12-25 09:00:00,7,10,39,348,1,6.3,0.4,3.4,0,1,0,0,0,0,0,0,1
2023-12-25 10:00:00,5,11,62,632,1,6.3,0.4,3.4,0,1,0,0,0,0,0,0,1
2023-12-25 13:00:00,3,14,46,942,1,6.3,0.4,3.4,0,1,0,0,0,0,0,0,1
2023-12-25 08:00:00,3,9,26,124,1,6.3,0.4,3.4,0,1,0,0,0,0,0,0,1
2023-12-24 21:00:00,0,22,27,225,0,4.8,2.8,0.0,0,0,0,1,0,0,0,0,1
2023-12-24 22:00:00,0,23,7,209,0,4.8,2.8,0.0,0,0,0,1,0,0,0,0,1
2023-12-25 01:00:00,0,2,0,30,1,6.3,0.4,3.4,0,1,0,0,0,0,0,0,1
2023-12-24 13:00:00,9,14,139,1001,0,4.8,2.8,0.0,0,0,0,1,0,0,0,0,1
2023-12-25 14:00:00,0,15,57,716,1,6.3,0.4,3.4,0,1,0,0,0,0,0,0,1
2023-12-25 17:00:00,0,18,77,161,1,6.3,0.4,3.4,0,1,0,0,0,0,0,0,1
2023-12-25 16:00:00,0,17,121,150,1,6.3,0.4,3.4,0,1,0,0,0,0,0,0,1
2023-12-25 18:00:00,0,19,70,140,1,6.3,0.4,3.4,0,1,0,0,0,0,0,0,1
2023-12-25 19:00:00,0,20,101,132,1,6.3,0.4,3.4,0,1,0,0,0,0,0,0,1
2023-12-25 20:00:00,0,21,82,129,1,6.3,0.4,3.4,0,1,0,0,0,0,0,0,1
2023-12-25 21:00:00,0,22,80,66,1,6.3,0.4,3.4,0,1,0,0,0,0,0,0,1
2023-12-25 06:00:00,0,7,3,59,1,6.3,0.4,3.4,0,1,0,0,0,0,0,0,1
2023-12-25 02:00:00,0,3,2,21,1,6.3,0.4,3.4,0,1,0,0,0,0,0,0,1
2023-12-26 10:00:00,15,11,121,535,1,8.8,0.4,14.8,0,0,0,0,0,1,0,0,1
2023-12-24 11:00:00,8,12,154,1194,0,4.8,2.8,0.0,0,0,0,1,0,0,0,0,1
2023-12-25 05:00:00,0,6,3,19,1,6.3,0.4,3.4,0,1,0,0,0,0,0,0,1
2023-12-25 03:00:00,0,4,3,10,1,6.3,0.4,3.4,0,1,0,0,0,0,0,0,1
2023-12-25 04:00:00,0,5,2,4,1,6.3,0.4,3.4,0,1,0,0,0,0,0,0,1
2023-12-25 12:00:00,1,13,55,930,1,6.3,0.4,3.4,0,1,0,0,0,0,0,0,1
2023-12-24 00:00:00,0,1,13,98,0,4.8,2.8,0.0,0,0,0,1,0,0,0,0,1
2023-12-26 14:00:00,11,15,133,1222,1,8.8,0.4,14.8,0,0,0,0,0,1,0,0,1
2023-12-25 11:00:00,1,12,8,863,1,6.3,0.4,3.4,0,1,0,0,0,0,0,0,1
2023-12-24 23:00:00,0,0,4,88,0,4.8,2.8,0.0,0,0,0,1,0,0,0,0,1
2023-12-26 12:00:00,8,13,174,1127,1,8.8,0.4,14.8,0,0,0,0,0,1,0,0,1
2023-12-26 09:00:00,8,10,60,329,1,8.8,0.4,14.8,0,0,0,0,0,1,0,0,1
2023-12-26 15:00:00,6,16,152,1019,1,8.8,0.4,14.8,0,0,0,0,0,1,0,0,1
2023-12-26 13:00:00,5,14,163,1219,1,8.8,0.4,14.8,0,0,0,0,0,1,0,0,1
2023-12-24 17:00:00,5,18,109,653,0,4.8,2.8,0.0,0,0,0,1,0,0,0,0,1
2023-12-24 06:00:00,0,7,16,59,0,4.8,2.8,0.0,0,0,0,1,0,0,0,0,1
2023-12-24 01:00:00,0,2,14,53,0,4.8,2.8,0.0,0,0,0,1,0,0,0,0,1
2023-12-24 02:00:00,0,3,7,40,0,4.8,2.8,0.0,0,0,0,1,0,0,0,0,1
2023-12-24 04:00:00,0,5,4,29,0,4.8,2.8,0.0,0,0,0,1,0,0,0,0,1
2023-12-24 15:00:00,3,16,88,909,0,4.8,2.8,0.0,0,0,0,1,0,0,0,0,1
2023-12-24 08:00:00,3,9,30,259,0,4.8,2.8,0.0,0,0,0,1,0,0,0,0,1
2023-12-27 19:00:00,0,20,49,116,0,8.3,-4.0,22.5,0,0,0,0,0,0,1,0,1
2023-12-27 06:00:00,0,7,2,5,0,8.3,-4.0,22.5,0,0,0,0,0,0,1,0,1
2023-12-27 17:00:00,0,18,78,114,0,8.3,-4.0,22.5,0,0,0,0,0,0,1,0,1
2023-12-27 09:00:00,0,10,3,97,0,8.3,-4.0,22.5,0,0,0,0,0,0,1,0,1
2023-12-27 23:00:00,0,0,22,57,0,8.3,-4.0,22.5,0,0,0,0,0,0,1,0,1
2023-12-27 22:00:00,0,23,26,35,0,8.3,-4.0,22.5,0,0,0,0,0,0,1,0,1
2023-12-27 14:00:00,0,15,15,32,0,8.3,-4.0,22.5,0,0,0,0,0,0,1,0,1
2023-12-27 03:00:00,0,4,5,29,0,8.3,-4.0,22.5,0,0,0,0,0,0,1,0,1
2023-12-27 01:00:00,0,2,7,23,0,8.3,-4.0,22.5,0,0,0,0,0,0,1,0,1
2023-12-27 05:00:00,0,6,5,22,0,8.3,-4.0,22.5,0,0,0,0,0,0,1,0,1
2023-12-27 04:00:00,0,5,6,21,0,8.3,-4.0,22.5,0,0,0,0,0,0,1,0,1
2023-12-27 00:00:00,0,1,16,12,0,8.3,-4.0,22.5,0,0,0,0,0,0,1,0,1
2023-12-27 02:00:00,0,3,6,10,0,8.3,-4.0,22.5,0,0,0,0,0,0,1,0,1
2023-12-27 07:00:00,0,8,5,6,0,8.3,-4.0,22.5,0,0,0,0,0,0,1,0,1
2023-12-26 17:00:00,0,18,95,46,1,8.8,0.4,14.8,0,0,0,0,0,1,0,0,1
2023-12-26 21:00:00,1,22,79,72,1,8.8,0.4,14.8,0,0,0,0,0,1,0,0,1
2023-12-26 19:00:00,0,20,106,123,1,8.8,0.4,14.8,0,0,0,0,0,1,0,0,1
2023-12-26 20:00:00,0,21,94,103,1,8.8,0.4,14.8,0,0,0,0,0,1,0,0,1
2023-12-26 18:00:00,0,19,138,76,1,8.8,0.4,14.8,0,0,0,0,0,1,0,0,1
2023-12-26 07:00:00,0,8,9,40,1,8.8,0.4,14.8,0,0,0,0,0,1,0,0,1
2023-12-27 13:00:00,1,14,10,422,0,8.3,-4.0,22.5,0,0,0,0,0,0,1,0,1
2023-12-27 12:00:00,1,13,1,229,0,8.3,-4.0,22.5,0,0,0,0,0,0,1,0,1
2023-12-27 10:00:00,1,11,2,153,0,8.3,-4.0,22.5,0,0,0,0,0,0,1,0,1
2023-12-27 20:00:00,1,21,30,68,0,8.3,-4.0,22.5,0,0,0,0,0,0,1,0,1
2023-12-27 21:00:00,1,22,5,52,0,8.3,-4.0,22.5,0,0,0,0,0,0,1,0,1
2023-12-27 16:00:00,1,17,68,41,0,8.3,-4.0,22.5,0,0,0,0,0,0,1,0,1
2023-12-27 11:00:00,0,12,3,168,0,8.3,-4.0,22.5,0,0,0,0,0,0,1,0,1
2023-12-27 18:00:00,0,19,43,139,0,8.3,-4.0,22.5,0,0,0,0,0,0,1,0,1
2023-12-26 22:00:00,0,23,40,37,1,8.8,0.4,14.8,0,0,0,0,0,1,0,0,1
2023-12-27 08:00:00,0,9,8,2,0,8.3,-4.0,22.5,0,0,0,0,0,0,1,0,1
2023-12-28 12:00:00,23,13,234,1009,0,5.3,3.4,19.9,0,0,0,0,1,0,0,0,1
2023-12-28 11:00:00,19,12,163,1098,0,5.3,3.4,19.9,0,0,0,0,1,0,0,0,1
2023-12-28 13:00:00,17,14,146,1104,0,5.3,3.4,19.9,0,0,0,0,1,0,0,0,1
2023-12-28 09:00:00,6,10,74,721,0,5.3,3.4,19.9,0,0,0,0,1,0,0,0,1
2023-12-26 23:00:00,0,0,19,27,1,8.8,0.4,14.8,0,0,0,0,0,1,0,0,1
2023-12-26 06:00:00,0,7,6,22,1,8.8,0.4,14.8,0,0,0,0,0,1,0,0,1
2023-12-26 02:00:00,0,3,8,21,1,8.8,0.4,14.8,0,0,0,0,0,1,0,0,1
2023-12-26 01:00:00,0,2,2,18,1,8.8,0.4,14.8,0,0,0,0,0,1,0,0,1
2023-12-26 03:00:00,0,4,2,18,1,8.8,0.4,14.8,0,0,0,0,0,1,0,0,1
2023-12-26 05:00:00,0,6,3,17,1,8.8,0.4,14.8,0,0,0,0,0,1,0,0,1
2023-12-26 04:00:00,0,5,0,14,1,8.8,0.4,14.8,0,0,0,0,0,1,0,0,1
2023-12-26 00:00:00,0,1,0,11,1,8.8,0.4,14.8,0,0,0,0,0,1,0,0,1
2023-12-26 08:00:00,3,9,9,183,1,8.8,0.4,14.8,0,0,0,0,0,1,0,0,1
2023-12-28 14:00:00,5,15,82,1233,0,5.3,3.4,19.9,0,0,0,0,1,0,0,0,1
2023-12-26 16:00:00,2,17,100,190,1,8.8,0.4,14.8,0,0,0,0,0,1,0,0,1
2023-12-28 15:00:00,4,16,119,1172,0,5.3,3.4,19.9,0,0,0,0,1,0,0,0,1
2023-12-28 10:00:00,4,11,164,902,0,5.3,3.4,19.9,0,0,0,0,1,0,0,0,1
2023-12-28 08:00:00,4,9,86,516,0,5.3,3.4,19.9,0,0,0,0,1,0,0,0,1
2023-12-28 16:00:00,2,17,160,925,0,5.3,3.4,19.9,0,0,0,0,1,0,0,0,1
2023-12-28 07:00:00,2,8,102,300,0,5.3,3.4,19.9,0,0,0,0,1,0,0,0,1
2023-12-28 17:00:00,1,18,101,801,0,5.3,3.4,19.9,0,0,0,0,1,0,0,0,1
2023-12-27 15:00:00,2,16,32,93,0,8.3,-4.0,22.5,0,0,0,0,0,0,1,0,1
2023-12-28 20:00:00,1,21,22,173,0,5.3,3.4,19.9,0,0,0,0,1,0,0,0,1
2023-12-28 23:00:00,1,0,31,46,0,5.3,3.4,19.9,0,0,0,0,1,0,0,0,1
2023-12-28 04:00:00,1,5,9,15,0,5.3,3.4,19.9,0,0,0,0,1,0,0,0,1
2023-12-28 18:00:00,0,19,60,550,0,5.3,3.4,19.9,0,0,0,0,1,0,0,0,1
2023-12-28 19:00:00,0,20,44,442,0,5.3,3.4,19.9,0,0,0,0,1,0,0,0,1
2023-12-28 21:00:00,0,22,30,180,0,5.3,3.4,19.9,0,0,0,0,1,0,0,0,1
2023-12-28 22:00:00,0,23,8,119,0,5.3,3.4,19.9,0,0,0,0,1,0,0,0,1
2023-12-28 06:00:00,0,7,59,98,0,5.3,3.4,19.9,0,0,0,0,1,0,0,0,1
2023-12-29 12:00:00,25,13,288,1,0,6.8,3.0,0.1,1,0,0,0,0,0,0,0,1
2023-12-29 00:00:00,0,1,9,32,0,6.8,3.0,0.1,1,0,0,0,0,0,0,0,1
2023-12-29 18:00:00,0,19,82,31,0,6.8,3.0,0.1,1,0,0,0,0,0,0,0,1
2023-12-29 20:00:00,1,21,116,140,0,6.8,3.0,0.1,1,0,0,0,0,0,0,0,1
2023-12-29 14:00:00,22,15,258,13,0,6.8,3.0,0.1,1,0,0,0,0,0,0,0,1
2023-12-28 05:00:00,0,6,25,38,0,5.3,3.4,19.9,0,0,0,0,1,0,0,0,1
2023-12-29 05:00:00,0,6,8,22,0,6.8,3.0,0.1,1,0,0,0,0,0,0,0,1
2023-12-29 15:00:00,22,16,685,3,0,6.8,3.0,0.1,1,0,0,0,0,0,0,0,1
2023-12-29 19:00:00,3,20,181,94,0,6.8,3.0,0.1,1,0,0,0,0,0,0,0,1
2023-12-29 16:00:00,2,17,282,156,0,6.8,3.0,0.1,1,0,0,0,0,0,0,0,1
2023-12-29 22:00:00,1,23,37,221,0,6.8,3.0,0.1,1,0,0,0,0,0,0,0,1
2023-12-29 08:00:00,1,9,40,191,0,6.8,3.0,0.1,1,0,0,0,0,0,0,0,1
2023-12-29 01:00:00,0,2,11,20,0,6.8,3.0,0.1,1,0,0,0,0,0,0,0,1
2023-12-28 00:00:00,0,1,20,29,0,5.3,3.4,19.9,0,0,0,0,1,0,0,0,1
2023-12-29 02:00:00,0,3,8,12,0,6.8,3.0,0.1,1,0,0,0,0,0,0,0,1
2023-12-29 06:00:00,1,7,4,13,0,6.8,3.0,0.1,1,0,0,0,0,0,0,0,1
2023-12-29 21:00:00,0,22,47,172,0,6.8,3.0,0.1,1,0,0,0,0,0,0,0,1
2023-12-29 23:00:00,0,0,16,100,0,6.8,3.0,0.1,1,0,0,0,0,0,0,0,1
2023-12-29 17:00:00,0,18,79,51,0,6.8,3.0,0.1,1,0,0,0,0,0,0,0,1
2023-12-29 03:00:00,0,4,1,12,0,6.8,3.0,0.1,1,0,0,0,0,0,0,0,1
2023-12-30 15:00:00,1,16,16,714,0,8.1,-0.4,9.2,0,0,1,0,0,0,0,0,1
2023-12-28 01:00:00,0,2,6,24,0,5.3,3.4,19.9,0,0,0,0,1,0,0,0,1
2023-12-29 07:00:00,0,8,9,9,0,6.8,3.0,0.1,1,0,0,0,0,0,0,0,1
2023-12-30 08:00:00,1,9,48,278,0,8.1,-0.4,9.2,0,0,1,0,0,0,0,0,1
2023-12-30 07:00:00,1,8,34,96,0,8.1,-0.4,9.2,0,0,1,0,0,0,0,0,1
2023-12-30 06:00:00,1,7,23,87,0,8.1,-0.4,9.2,0,0,1,0,0,0,0,0,1
2023-12-30 05:00:00,1,6,8,52,0,8.1,-0.4,9.2,0,0,1,0,0,0,0,0,1
2023-12-30 13:00:00,0,14,21,943,0,8.1,-0.4,9.2,0,0,1,0,0,0,0,0,1
2023-12-30 14:00:00,0,15,5,793,0,8.1,-0.4,9.2,0,0,1,0,0,0,0,0,1
2023-12-28 02:00:00,0,3,6,18,0,5.3,3.4,19.9,0,0,0,0,1,0,0,0,1
2023-12-29 04:00:00,0,5,8,7,0,6.8,3.0,0.1,1,0,0,0,0,0,0,0,1
2023-12-30 12:00:00,10,13,66,1486,0,8.1,-0.4,9.2,0,0,1,0,0,0,0,0,1
2023-12-30 11:00:00,9,12,57,1445,0,8.1,-0.4,9.2,0,0,1,0,0,0,0,0,1
2023-12-30 10:00:00,8,11,92,996,0,8.1,-0.4,9.2,0,0,1,0,0,0,0,0,1
2023-12-28 03:00:00,0,4,5,12,0,5.3,3.4,19.9,0,0,0,0,1,0,0,0,1
2023-12-30 09:00:00,3,10,62,629,0,8.1,-0.4,9.2,0,0,1,0,0,0,0,0,1
2023-12-29 13:00:00,44,14,275,8,0,6.8,3.0,0.1,1,0,0,0,0,0,0,0,1
2023-12-29 09:00:00,29,10,97,91,0,6.8,3.0,0.1,1,0,0,0,0,0,0,0,1
2023-12-29 11:00:00,29,12,305,4,0,6.8,3.0,0.1,1,0,0,0,0,0,0,0,1
2023-12-29 10:00:00,10,11,32,132,0,6.8,3.0,0.1,1,0,0,0,0,0,0,0,1
2023-12-30 16:00:00,0,17,24,118,0,8.1,-0.4,9.2,0,0,1,0,0,0,0,0,1
2023-12-30 18:00:00,0,19,5,6,0,8.1,-0.4,9.2,0,0,1,0,0,0,0,0,1
2023-12-31 20:00:00,0,21,109,108,0,6.8,-1.0,0.2,0,0,0,1,0,0,0,0,1
2023-12-31 06:00:00,0,7,5,101,0,6.8,-1.0,0.2,0,0,0,1,0,0,0,0,1
2023-12-30 22:00:00,0,23,27,2,0,8.1,-0.4,9.2,0,0,1,0,0,0,0,0,1
2023-12-30 19:00:00,0,20,7,2,0,8.1,-0.4,9.2,0,0,1,0,0,0,0,0,1
2023-12-30 23:00:00,0,0,3,62,0,8.1,-0.4,9.2,0,0,1,0,0,0,0,0,1
2023-12-30 00:00:00,0,1,27,54,0,8.1,-0.4,9.2,0,0,1,0,0,0,0,0,1
2023-12-30 01:00:00,0,2,18,42,0,8.1,-0.4,9.2,0,0,1,0,0,0,0,0,1
2023-12-30 02:00:00,0,3,9,27,0,8.1,-0.4,9.2,0,0,1,0,0,0,0,0,1
2023-12-30 04:00:00,0,5,8,26,0,8.1,-0.4,9.2,0,0,1,0,0,0,0,0,1
2023-12-30 03:00:00,0,4,5,26,0,8.1,-0.4,9.2,0,0,1,0,0,0,0,0,1
2023-12-30 17:00:00,0,18,13,1,0,8.1,-0.4,9.2,0,0,1,0,0,0,0,0,1
2023-12-30 21:00:00,0,22,5,1,0,8.1,-0.4,9.2,0,0,1,0,0,0,0,0,1
2023-12-30 20:00:00,0,21,12,0,0,8.1,-0.4,9.2,0,0,1,0,0,0,0,0,1
2023-12-31 05:00:00,0,6,6,73,0,6.8,-1.0,0.2,0,0,0,1,0,0,0,0,1
2023-12-31 15:00:00,20,16,357,608,0,6.8,-1.0,0.2,0,0,0,1,0,0,0,0,1
2023-12-31 10:00:00,17,11,223,583,0,6.8,-1.0,0.2,0,0,0,1,0,0,0,0,1
2023-12-31 13:00:00,16,14,373,709,0,6.8,-1.0,0.2,0,0,0,1,0,0,0,0,1
2023-12-31 11:00:00,16,12,288,357,0,6.8,-1.0,0.2,0,0,0,1,0,0,0,0,1
2023-12-31 14:00:00,14,15,478,564,0,6.8,-1.0,0.2,0,0,0,1,0,0,0,0,1
2023-12-31 12:00:00,13,13,336,465,0,6.8,-1.0,0.2,0,0,0,1,0,0,0,0,1
2023-12-31 17:00:00,0,18,74,59,0,6.8,-1.0,0.2,0,0,0,1,0,0,0,0,1
2023-12-31 22:00:00,0,23,62,58,0,6.8,-1.0,0.2,0,0,0,1,0,0,0,0,1
2023-12-31 18:00:00,0,19,102,51,0,6.8,-1.0,0.2,0,0,0,1,0,0,0,0,1
2023-12-31 19:00:00,0,20,51,49,0,6.8,-1.0,0.2,0,0,0,1,0,0,0,0,1
2023-12-31 23:00:00,0,0,51,40,0,6.8,-1.0,0.2,0,0,0,1,0,0,0,0,1
2023-12-31 02:00:00,0,3,5,40,0,6.8,-1.0,0.2,0,0,0,1,0,0,0,0,1
2023-12-31 01:00:00,0,2,6,37,0,6.8,-1.0,0.2,0,0,0,1,0,0,0,0,1
2023-12-31 03:00:00,0,4,1,35,0,6.8,-1.0,0.2,0,0,0,1,0,0,0,0,1
2023-12-31 04:00:00,0,5,4,18,0,6.8,-1.0,0.2,0,0,0,1,0,0,0,0,1
2023-12-31 00:00:00,1,1,11,66,0,6.8,-1.0,0.2,0,0,0,1,0,0,0,0,1
2023-12-31 21:00:00,1,22,138,64,0,6.8,-1.0,0.2,0,0,0,1,0,0,0,0,1
2023-12-31 07:00:00,1,8,12,22,0,6.8,-1.0,0.2,0,0,0,1,0,0,0,0,1
2023-12-31 09:00:00,7,10,68,331,0,6.8,-1.0,0.2,0,0,0,1,0,0,0,0,1
2023-12-31 08:00:00,3,9,23,136,0,6.8,-1.0,0.2,0,0,0,1,0,0,0,0,1
2023-12-31 16:00:00,2,17,181,157,0,6.8,-1.0,0.2,0,0,0,1,0,0,0,0,1
2024-01-01 11:00:00,29,12,371,271,1,7.4,5.5,9.6,0,1,0,0,0,0,0,0,1
2024-01-01 14:00:00,24,15,484,629,1,7.4,5.5,9.6,0,1,0,0,0,0,0,0,1
2024-01-01 12:00:00,17,13,347,415,1,7.4,5.5,9.6,0,1,0,0,0,0,0,0,1
2024-01-01 13:00:00,16,14,364,541,1,7.4,5.5,9.6,0,1,0,0,0,0,0,0,1
2024-01-01 09:00:00,11,10,104,83,1,7.4,5.5,9.6,0,1,0,0,0,0,0,0,1
2024-01-01 10:00:00,10,11,134,141,1,7.4,5.5,9.6,0,1,0,0,0,0,0,0,1
2024-01-01 15:00:00,8,16,547,572,1,7.4,5.5,9.6,0,1,0,0,0,0,0,0,1
2024-01-01 17:00:00,5,18,156,158,1,7.4,5.5,9.6,0,1,0,0,0,0,0,0,1
2024-01-01 08:00:00,1,9,53,95,1,7.4,5.5,9.6,0,1,0,0,0,0,0,0,1
2024-01-01 18:00:00,0,19,102,122,1,7.4,5.5,9.6,0,1,0,0,0,0,0,0,1
2024-01-01 19:00:00,0,20,117,98,1,7.4,5.5,9.6,0,1,0,0,0,0,0,0,1
2024-01-01 20:00:00,0,21,95,97,1,7.4,5.5,9.6,0,1,0,0,0,0,0,0,1
2024-01-01 21:00:00,0,22,75,88,1,7.4,5.5,9.6,0,1,0,0,0,0,0,0,1
2024-01-01 01:00:00,0,2,55,87,1,7.4,5.5,9.6,0,1,0,0,0,0,0,0,1
2024-01-02 11:00:00,17,12,173,97,1,7.3,5.5,6.4,0,0,0,0,0,1,0,0,1
2024-01-02 12:00:00,17,13,356,2,1,7.3,5.5,6.4,0,0,0,0,0,1,0,0,1
2024-01-01 16:00:00,4,17,391,361,1,7.4,5.5,9.6,0,1,0,0,0,0,0,0,1
2024-01-02 15:00:00,15,16,504,484,1,7.3,5.5,6.4,0,0,0,0,0,1,0,0,1
2024-01-02 10:00:00,5,11,61,515,1,7.3,5.5,6.4,0,0,0,0,0,1,0,0,1
2024-01-02 16:00:00,3,17,195,267,1,7.3,5.5,6.4,0,0,0,0,0,1,0,0,1
2024-01-01 22:00:00,0,23,49,66,1,7.4,5.5,9.6,0,1,0,0,0,0,0,0,1
2024-01-01 00:00:00,0,1,87,64,1,7.4,5.5,9.6,0,1,0,0,0,0,0,0,1
2024-01-02 18:00:00,0,19,221,173,1,7.3,5.5,6.4,0,0,0,0,0,1,0,0,1
2024-01-01 02:00:00,0,3,31,43,1,7.4,5.5,9.6,0,1,0,0,0,0,0,0,1
2024-01-01 07:00:00,0,8,32,42,1,7.4,5.5,9.6,0,1,0,0,0,0,0,0,1
2024-01-01 06:00:00,0,7,16,36,1,7.4,5.5,9.6,0,1,0,0,0,0,0,0,1
2024-01-01 03:00:00,0,4,16,32,1,7.4,5.5,9.6,0,1,0,0,0,0,0,0,1
2024-01-02 01:00:00,0,2,2,4,1,7.3,5.5,6.4,0,0,0,0,0,1,0,0,1
2024-01-01 23:00:00,0,0,10,21,1,7.4,5.5,9.6,0,1,0,0,0,0,0,0,1
2024-01-02 00:00:00,0,1,0,3,1,7.3,5.5,6.4,0,0,0,0,0,1,0,0,1
2024-01-02 19:00:00,0,20,202,78,1,7.3,5.5,6.4,0,0,0,0,0,1,0,0,1
2024-01-02 06:00:00,0,7,1,2,1,7.3,5.5,6.4,0,0,0,0,0,1,0,0,1
2024-01-02 09:00:00,0,10,15,74,1,7.3,5.5,6.4,0,0,0,0,0,1,0,0,1
2024-01-02 05:00:00,0,6,1,1,1,7.3,5.5,6.4,0,0,0,0,0,1,0,0,1
2024-01-02 02:00:00,0,3,0,1,1,7.3,5.5,6.4,0,0,0,0,0,1,0,0,1
2024-01-01 05:00:00,0,6,10,10,1,7.4,5.5,9.6,0,1,0,0,0,0,0,0,1
2024-01-02 21:00:00,0,22,74,45,1,7.3,5.5,6.4,0,0,0,0,0,1,0,0,1
2024-01-02 22:00:00,0,23,23,45,1,7.3,5.5,6.4,0,0,0,0,0,1,0,0,1
2024-01-02 23:00:00,0,0,22,29,1,7.3,5.5,6.4,0,0,0,0,0,1,0,0,1
2024-01-02 08:00:00,0,9,5,17,1,7.3,5.5,6.4,0,0,0,0,0,1,0,0,1
2024-01-01 04:00:00,0,5,13,7,1,7.4,5.5,9.6,0,1,0,0,0,0,0,0,1
2024-01-02 13:00:00,44,14,367,376,1,7.3,5.5,6.4,0,0,0,0,0,1,0,0,1
2024-01-02 14:00:00,35,15,517,510,1,7.3,5.5,6.4,0,0,0,0,0,1,0,0,1
2024-01-02 17:00:00,2,18,92,74,1,7.3,5.5,6.4,0,0,0,0,0,1,0,0,1
2024-01-02 20:00:00,1,21,125,57,1,7.3,5.5,6.4,0,0,0,0,0,1,0,0,1
2024-01-02 07:00:00,1,8,0,2,1,7.3,5.5,6.4,0,0,0,0,0,1,0,0,1
2024-01-03 12:00:00,10,13,71,118,0,7.3,5.7,9.3,0,0,0,0,0,0,1,0,1
2024-01-03 08:00:00,5,9,39,153,0,7.3,5.7,9.3,0,0,0,0,0,0,1,0,1
2024-01-03 14:00:00,5,15,170,83,0,7.3,5.7,9.3,0,0,0,0,0,0,1,0,1
2024-01-03 11:00:00,4,12,59,778,0,7.3,5.7,9.3,0,0,0,0,0,0,1,0,1
2024-01-03 13:00:00,4,14,155,42,0,7.3,5.7,9.3,0,0,0,0,0,0,1,0,1
2024-01-03 07:00:00,4,8,15,10,0,7.3,5.7,9.3,0,0,0,0,0,0,1,0,1
2024-01-03 17:00:00,0,18,60,7,0,7.3,5.7,9.3,0,0,0,0,0,0,1,0,1
2024-01-03 09:00:00,0,10,65,676,0,7.3,5.7,9.3,0,0,0,0,0,0,1,0,1
2024-01-03 23:00:00,0,0,6,7,0,7.3,5.7,9.3,0,0,0,0,0,0,1,0,1
2024-01-03 22:00:00,0,23,10,5,0,7.3,5.7,9.3,0,0,0,0,0,0,1,0,1
2024-01-03 01:00:00,0,2,5,5,0,7.3,5.7,9.3,0,0,0,0,0,0,1,0,1
2024-01-03 10:00:00,2,11,68,1067,0,7.3,5.7,9.3,0,0,0,0,0,0,1,0,1
2024-01-03 18:00:00,0,19,27,4,0,7.3,5.7,9.3,0,0,0,0,0,0,1,0,1
2024-01-03 19:00:00,0,20,16,4,0,7.3,5.7,9.3,0,0,0,0,0,0,1,0,1
2024-01-03 05:00:00,0,6,12,50,0,7.3,5.7,9.3,0,0,0,0,0,0,1,0,1
2024-01-03 04:00:00,0,5,6,13,0,7.3,5.7,9.3,0,0,0,0,0,0,1,0,1
2024-01-03 00:00:00,0,1,20,11,0,7.3,5.7,9.3,0,0,0,0,0,0,1,0,1
2024-01-03 20:00:00,0,21,10,3,0,7.3,5.7,9.3,0,0,0,0,0,0,1,0,1
2024-01-03 03:00:00,0,4,0,2,0,7.3,5.7,9.3,0,0,0,0,0,0,1,0,1
2024-01-03 21:00:00,0,22,6,0,0,7.3,5.7,9.3,0,0,0,0,0,0,1,0,1
2024-01-04 11:00:00,55,12,146,816,0,6.4,6.0,9.3,0,0,0,0,1,0,0,0,1
2024-01-04 09:00:00,25,10,96,861,0,6.4,6.0,9.3,0,0,0,0,1,0,0,0,1
2024-01-04 14:00:00,21,15,185,881,0,6.4,6.0,9.3,0,0,0,0,1,0,0,0,1
2024-01-04 12:00:00,21,13,101,853,0,6.4,6.0,9.3,0,0,0,0,1,0,0,0,1
2024-01-04 13:00:00,17,14,193,896,0,6.4,6.0,9.3,0,0,0,0,1,0,0,0,1
2024-01-04 15:00:00,13,16,157,853,0,6.4,6.0,9.3,0,0,0,0,1,0,0,0,1
2024-01-04 10:00:00,13,11,109,827,0,6.4,6.0,9.3,0,0,0,0,1,0,0,0,1
2024-01-04 03:00:00,0,4,0,1,0,6.4,6.0,9.3,0,0,0,0,1,0,0,0,1
2024-01-04 00:00:00,0,1,13,0,0,6.4,6.0,9.3,0,0,0,0,1,0,0,0,1
2024-01-04 02:00:00,0,3,4,0,0,6.4,6.0,9.3,0,0,0,0,1,0,0,0,1
2024-01-04 01:00:00,0,2,2,0,0,6.4,6.0,9.3,0,0,0,0,1,0,0,0,1
2024-01-05 14:00:00,17,15,130,1230,0,5.6,6.0,0.0,1,0,0,0,0,0,0,0,1
2024-01-05 15:00:00,15,16,208,1022,0,5.6,6.0,0.0,1,0,0,0,0,0,0,0,1
2024-01-05 13:00:00,13,14,124,1288,0,5.6,6.0,0.0,1,0,0,0,0,0,0,0,1
2024-01-05 09:00:00,10,10,49,1043,0,5.6,6.0,0.0,1,0,0,0,0,0,0,0,1
2024-01-04 07:00:00,1,8,21,27,0,6.4,6.0,9.3,0,0,0,0,1,0,0,0,1
2024-01-03 15:00:00,1,16,59,282,0,7.3,5.7,9.3,0,0,0,0,0,0,1,0,1
2024-01-04 06:00:00,1,7,17,7,0,6.4,6.0,9.3,0,0,0,0,1,0,0,0,1
2024-01-03 16:00:00,1,17,15,10,0,7.3,5.7,9.3,0,0,0,0,0,0,1,0,1
2024-01-03 06:00:00,1,7,11,5,0,7.3,5.7,9.3,0,0,0,0,0,0,1,0,1
2024-01-03 02:00:00,1,3,10,0,0,7.3,5.7,9.3,0,0,0,0,0,0,1,0,1
2024-01-04 20:00:00,0,21,89,102,0,6.4,6.0,9.3,0,0,0,0,1,0,0,0,1
2024-01-04 08:00:00,5,9,68,597,0,6.4,6.0,9.3,0,0,0,0,1,0,0,0,1
2024-01-04 21:00:00,0,22,91,85,0,6.4,6.0,9.3,0,0,0,0,1,0,0,0,1
2024-01-04 17:00:00,1,18,160,590,0,6.4,6.0,9.3,0,0,0,0,1,0,0,0,1
2024-01-04 05:00:00,0,6,2,73,0,6.4,6.0,9.3,0,0,0,0,1,0,0,0,1
2024-01-04 22:00:00,0,23,55,70,0,6.4,6.0,9.3,0,0,0,0,1,0,0,0,1
2024-01-04 16:00:00,1,17,110,388,0,6.4,6.0,9.3,0,0,0,0,1,0,0,0,1
2024-01-04 18:00:00,1,19,127,223,0,6.4,6.0,9.3,0,0,0,0,1,0,0,0,1
2024-01-04 19:00:00,1,20,119,205,0,6.4,6.0,9.3,0,0,0,0,1,0,0,0,1
2024-01-04 23:00:00,0,0,22,35,0,6.4,6.0,9.3,0,0,0,0,1,0,0,0,1
2024-01-04 04:00:00,0,5,2,32,0,6.4,6.0,9.3,0,0,0,0,1,0,0,0,1
2024-01-06 12:00:00,47,13,349,1071,0,2.5,0.2,0.0,0,0,1,0,0,0,0,0,1
2024-01-06 13:00:00,35,14,338,1189,0,2.5,0.2,0.0,0,0,1,0,0,0,0,0,1
2024-01-06 11:00:00,28,12,245,837,0,2.5,0.2,0.0,0,0,1,0,0,0,0,0,1
2024-01-06 15:00:00,22,16,432,3,0,2.5,0.2,0.0,0,0,1,0,0,0,0,0,1
2024-01-06 14:00:00,19,15,420,730,0,2.5,0.2,0.0,0,0,1,0,0,0,0,0,1
2024-01-06 09:00:00,16,10,101,577,0,2.5,0.2,0.0,0,0,1,0,0,0,0,0,1
2024-01-06 10:00:00,15,11,176,648,0,2.5,0.2,0.0,0,0,1,0,0,0,0,0,1
2024-01-06 16:00:00,10,17,230,5,0,2.5,0.2,0.0,0,0,1,0,0,0,0,0,1
2024-01-06 06:00:00,0,7,27,133,0,2.5,0.2,0.0,0,0,1,0,0,0,0,0,1
2024-01-06 21:00:00,0,22,68,130,0,2.5,0.2,0.0,0,0,1,0,0,0,0,0,1
2024-01-06 05:00:00,0,6,10,70,0,2.5,0.2,0.0,0,0,1,0,0,0,0,0,1
2024-01-05 21:00:00,0,22,70,183,0,5.6,6.0,0.0,1,0,0,0,0,0,0,0,1
2024-01-06 23:00:00,0,0,41,67,0,2.5,0.2,0.0,0,0,1,0,0,0,0,0,1
2024-01-06 19:00:00,0,20,127,59,0,2.5,0.2,0.0,0,0,1,0,0,0,0,0,1
2024-01-05 12:00:00,7,13,89,1463,0,5.6,6.0,0.0,1,0,0,0,0,0,0,0,1
2024-01-05 16:00:00,2,17,125,425,0,5.6,6.0,0.0,1,0,0,0,0,0,0,0,1
2024-01-05 23:00:00,0,0,51,57,0,5.6,6.0,0.0,1,0,0,0,0,0,0,0,1
2024-01-05 22:00:00,0,23,88,56,0,5.6,6.0,0.0,1,0,0,0,0,0,0,0,1
2024-01-05 05:00:00,0,6,2,42,0,5.6,6.0,0.0,1,0,0,0,0,0,0,0,1
2024-01-05 00:00:00,0,1,5,19,0,5.6,6.0,0.0,1,0,0,0,0,0,0,0,1
2024-01-05 01:00:00,0,2,19,9,0,5.6,6.0,0.0,1,0,0,0,0,0,0,0,1
2024-01-05 03:00:00,0,4,10,9,0,5.6,6.0,0.0,1,0,0,0,0,0,0,0,1
2024-01-05 02:00:00,0,3,9,7,0,5.6,6.0,0.0,1,0,0,0,0,0,0,0,1
2024-01-05 04:00:00,0,5,2,6,0,5.6,6.0,0.0,1,0,0,0,0,0,0,0,1
2024-01-07 14:00:00,29,15,423,851,0,2.9,0.1,0.0,0,0,0,1,0,0,0,0,1
2024-01-07 11:00:00,28,12,307,778,0,2.9,0.1,0.0,0,0,0,1,0,0,0,0,1
2024-01-05 08:00:00,7,9,59,728,0,5.6,6.0,0.0,1,0,0,0,0,0,0,0,1
2024-01-07 15:00:00,23,16,263,871,0,2.9,0.1,0.0,0,0,0,1,0,0,0,0,1
2024-01-07 12:00:00,22,13,345,901,0,2.9,0.1,0.0,0,0,0,1,0,0,0,0,1
2024-01-05 18:00:00,2,19,216,413,0,5.6,6.0,0.0,1,0,0,0,0,0,0,0,1
2024-01-07 13:00:00,15,14,284,946,0,2.9,0.1,0.0,0,0,0,1,0,0,0,0,1
2024-01-07 10:00:00,8,11,229,739,0,2.9,0.1,0.0,0,0,0,1,0,0,0,0,1
2024-01-07 09:00:00,6,10,85,402,0,2.9,0.1,0.0,0,0,0,1,0,0,0,0,1
2024-01-05 11:00:00,4,12,36,1371,0,5.6,6.0,0.0,1,0,0,0,0,0,0,0,1
2024-01-05 10:00:00,3,11,49,1340,0,5.6,6.0,0.0,1,0,0,0,0,0,0,0,1
2024-01-05 20:00:00,1,21,54,310,0,5.6,6.0,0.0,1,0,0,0,0,0,0,0,1
2024-01-06 00:00:00,0,1,18,32,0,2.5,0.2,0.0,0,0,1,0,0,0,0,0,1
2024-01-05 06:00:00,1,7,21,75,0,5.6,6.0,0.0,1,0,0,0,0,0,0,0,1
2024-01-06 08:00:00,1,9,65,432,0,2.5,0.2,0.0,0,0,1,0,0,0,0,0,1
2024-01-06 01:00:00,0,2,19,21,0,2.5,0.2,0.0,0,0,1,0,0,0,0,0,1
2024-01-06 04:00:00,0,5,3,21,0,2.5,0.2,0.0,0,0,1,0,0,0,0,0,1
2024-01-06 20:00:00,1,21,46,156,0,2.5,0.2,0.0,0,0,1,0,0,0,0,0,1
2024-01-06 02:00:00,0,3,15,11,0,2.5,0.2,0.0,0,0,1,0,0,0,0,0,1
2024-01-06 22:00:00,1,23,57,101,0,2.5,0.2,0.0,0,0,1,0,0,0,0,0,1
2024-01-05 07:00:00,1,8,12,9,0,5.6,6.0,0.0,1,0,0,0,0,0,0,0,1
2024-01-05 17:00:00,0,18,292,590,0,5.6,6.0,0.0,1,0,0,0,0,0,0,0,1
2024-01-06 03:00:00,0,4,10,8,0,2.5,0.2,0.0,0,0,1,0,0,0,0,0,1
2024-01-05 19:00:00,0,20,106,387,0,5.6,6.0,0.0,1,0,0,0,0,0,0,0,1
2024-01-06 17:00:00,0,18,116,0,0,2.5,0.2,0.0,0,0,1,0,0,0,0,0,1
2024-01-06 18:00:00,1,19,104,1,0,2.5,0.2,0.0,0,0,1,0,0,0,0,0,1
2024-01-06 07:00:00,0,8,58,197,0,2.5,0.2,0.0,0,0,1,0,0,0,0,0,1
2024-01-07 17:00:00,1,18,220,176,0,2.9,0.1,0.0,0,0,0,1,0,0,0,0,1
2024-01-07 19:00:00,1,20,128,126,0,2.9,0.1,0.0,0,0,0,1,0,0,0,0,1
2024-01-07 07:00:00,1,8,39,86,0,2.9,0.1,0.0,0,0,0,1,0,0,0,0,1
2024-01-07 22:00:00,1,23,50,61,0,2.9,0.1,0.0,0,0,0,1,0,0,0,0,1
2024-01-07 16:00:00,1,17,181,44,0,2.9,0.1,0.0,0,0,0,1,0,0,0,0,1
2024-01-07 08:00:00,0,9,45,213,0,2.9,0.1,0.0,0,0,0,1,0,0,0,0,1
2024-01-07 18:00:00,0,19,158,147,0,2.9,0.1,0.0,0,0,0,1,0,0,0,0,1
2024-01-07 20:00:00,0,21,92,104,0,2.9,0.1,0.0,0,0,0,1,0,0,0,0,1
2024-01-08 14:00:00,5,15,87,729,0,3.9,-1.5,1.2,0,1,0,0,0,0,0,0,1
2024-01-08 11:00:00,5,12,50,620,0,3.9,-1.5,1.2,0,1,0,0,0,0,0,0,1
2024-01-08 15:00:00,5,16,86,429,0,3.9,-1.5,1.2,0,1,0,0,0,0,0,0,1
2024-01-08 21:00:00,0,22,37,29,0,3.9,-1.5,1.2,0,1,0,0,0,0,0,0,1
2024-01-07 01:00:00,0,2,5,68,0,2.9,0.1,0.0,0,0,0,1,0,0,0,0,1
2024-01-07 21:00:00,0,22,75,63,0,2.9,0.1,0.0,0,0,0,1,0,0,0,0,1
2024-01-07 06:00:00,0,7,18,50,0,2.9,0.1,0.0,0,0,0,1,0,0,0,0,1
2024-01-07 00:00:00,0,1,28,41,0,2.9,0.1,0.0,0,0,0,1,0,0,0,0,1
2024-01-07 23:00:00,0,0,15,32,0,2.9,0.1,0.0,0,0,0,1,0,0,0,0,1
2024-01-07 05:00:00,0,6,13,26,0,2.9,0.1,0.0,0,0,0,1,0,0,0,0,1
2024-01-07 02:00:00,0,3,19,23,0,2.9,0.1,0.0,0,0,0,1,0,0,0,0,1
2024-01-07 03:00:00,0,4,15,16,0,2.9,0.1,0.0,0,0,0,1,0,0,0,0,1
2024-01-07 04:00:00,0,5,6,11,0,2.9,0.1,0.0,0,0,0,1,0,0,0,0,1
2024-01-08 05:00:00,1,6,17,31,0,3.9,-1.5,1.2,0,1,0,0,0,0,0,0,1
2024-01-08 01:00:00,0,2,11,18,0,3.9,-1.5,1.2,0,1,0,0,0,0,0,0,1
2024-01-08 00:00:00,0,1,14,16,0,3.9,-1.5,1.2,0,1,0,0,0,0,0,0,1
2024-01-08 04:00:00,0,5,8,9,0,3.9,-1.5,1.2,0,1,0,0,0,0,0,0,1
2024-01-08 02:00:00,0,3,5,7,0,3.9,-1.5,1.2,0,1,0,0,0,0,0,0,1
2024-01-08 03:00:00,0,4,3,7,0,3.9,-1.5,1.2,0,1,0,0,0,0,0,0,1
2024-01-08 20:00:00,0,21,45,2,0,3.9,-1.5,1.2,0,1,0,0,0,0,0,0,1
2024-01-09 09:00:00,26,10,75,1205,0,6.0,5.5,0.0,0,0,0,0,0,1,0,0,1
2024-01-09 13:00:00,22,14,192,747,0,6.0,5.5,0.0,0,0,0,0,0,1,0,0,1
2024-01-09 08:00:00,21,9,66,1455,0,6.0,5.5,0.0,0,0,0,0,0,1,0,0,1
2024-01-09 14:00:00,21,15,170,720,0,6.0,5.5,0.0,0,0,0,0,0,1,0,0,1
2024-01-08 17:00:00,1,18,98,3,0,3.9,-1.5,1.2,0,1,0,0,0,0,0,0,1
2024-01-08 12:00:00,4,13,82,652,0,3.9,-1.5,1.2,0,1,0,0,0,0,0,0,1
2024-01-08 18:00:00,1,19,108,1,0,3.9,-1.5,1.2,0,1,0,0,0,0,0,0,1
2024-01-08 19:00:00,1,20,82,1,0,3.9,-1.5,1.2,0,1,0,0,0,0,0,0,1
2024-01-08 07:00:00,0,8,75,166,0,3.9,-1.5,1.2,0,1,0,0,0,0,0,0,1
2024-01-08 06:00:00,0,7,38,162,0,3.9,-1.5,1.2,0,1,0,0,0,0,0,0,1
2024-01-08 22:00:00,0,23,27,153,0,3.9,-1.5,1.2,0,1,0,0,0,0,0,0,1
2024-01-08 23:00:00,0,0,9,56,0,3.9,-1.5,1.2,0,1,0,0,0,0,0,0,1
2024-01-08 09:00:00,13,10,44,770,0,3.9,-1.5,1.2,0,1,0,0,0,0,0,0,1
2024-01-08 13:00:00,11,14,150,657,0,3.9,-1.5,1.2,0,1,0,0,0,0,0,0,1
2024-01-08 10:00:00,11,11,44,606,0,3.9,-1.5,1.2,0,1,0,0,0,0,0,0,1
2024-01-08 16:00:00,2,17,69,5,0,3.9,-1.5,1.2,0,1,0,0,0,0,0,0,1
2024-01-09 10:00:00,13,11,53,982,0,6.0,5.5,0.0,0,0,0,0,0,1,0,0,1
2024-01-08 08:00:00,9,9,62,922,0,3.9,-1.5,1.2,0,1,0,0,0,0,0,0,1
2024-01-09 11:00:00,12,12,98,694,0,6.0,5.5,0.0,0,0,0,0,0,1,0,0,1
2024-01-09 22:00:00,0,23,9,21,0,6.0,5.5,0.0,0,0,0,0,0,1,0,0,1
2024-01-09 21:00:00,1,22,37,42,0,6.0,5.5,0.0,0,0,0,0,0,1,0,0,1
2024-01-09 00:00:00,0,1,2,19,0,6.0,5.5,0.0,0,0,0,0,0,1,0,0,1
2024-01-09 04:00:00,0,5,3,10,0,6.0,5.5,0.0,0,0,0,0,0,1,0,0,1
2024-01-09 02:00:00,0,3,3,8,0,6.0,5.5,0.0,0,0,0,0,0,1,0,0,1
2024-01-09 03:00:00,0,4,4,6,0,6.0,5.5,0.0,0,0,0,0,0,1,0,0,1
2024-01-10 20:00:00,0,21,111,371,0,4.5,1.1,0.0,0,0,0,0,0,0,1,0,1
2024-01-10 06:00:00,0,7,38,331,0,4.5,1.1,0.0,0,0,0,0,0,0,1,0,1
2024-01-10 21:00:00,0,22,67,260,0,4.5,1.1,0.0,0,0,0,0,0,0,1,0,1
2024-01-10 22:00:00,0,23,47,138,0,4.5,1.1,0.0,0,0,0,0,0,0,1,0,1
2024-01-10 05:00:00,0,6,10,126,0,4.5,1.1,0.0,0,0,0,0,0,0,1,0,1
2024-01-10 23:00:00,0,0,19,80,0,4.5,1.1,0.0,0,0,0,0,0,0,1,0,1
2024-01-10 00:00:00,0,1,5,33,0,4.5,1.1,0.0,0,0,0,0,0,0,1,0,1
2024-01-10 01:00:00,0,2,4,33,0,4.5,1.1,0.0,0,0,0,0,0,0,1,0,1
2024-01-10 04:00:00,0,5,2,31,0,4.5,1.1,0.0,0,0,0,0,0,0,1,0,1
2024-01-10 02:00:00,0,3,1,20,0,4.5,1.1,0.0,0,0,0,0,0,0,1,0,1
2024-01-10 17:00:00,5,18,132,536,0,4.5,1.1,0.0,0,0,0,0,0,0,1,0,1
2024-01-10 18:00:00,5,19,117,442,0,4.5,1.1,0.0,0,0,0,0,0,0,1,0,1
2024-01-11 14:00:00,15,15,177,50,0,5.0,2.2,0.2,0,0,0,0,1,0,0,0,1
2024-01-10 03:00:00,0,4,0,12,0,4.5,1.1,0.0,0,0,0,0,0,0,1,0,1
2024-01-10 12:00:00,13,13,112,1120,0,4.5,1.1,0.0,0,0,0,0,0,0,1,0,1
2024-01-10 11:00:00,13,12,60,1100,0,4.5,1.1,0.0,0,0,0,0,0,0,1,0,1
2024-01-10 14:00:00,11,15,75,1255,0,4.5,1.1,0.0,0,0,0,0,0,0,1,0,1
2024-01-10 15:00:00,7,16,56,1253,0,4.5,1.1,0.0,0,0,0,0,0,0,1,0,1
2024-01-11 09:00:00,12,10,86,282,0,5.0,2.2,0.2,0,0,0,0,1,0,0,0,1
2024-01-10 16:00:00,4,17,117,1325,0,4.5,1.1,0.0,0,0,0,0,0,0,1,0,1
2024-01-10 07:00:00,1,8,79,1037,0,4.5,1.1,0.0,0,0,0,0,0,0,1,0,1
2024-01-10 19:00:00,1,20,129,270,0,4.5,1.1,0.0,0,0,0,0,0,0,1,0,1
2024-01-09 12:00:00,6,13,131,761,0,6.0,5.5,0.0,0,0,0,0,0,1,0,0,1
2024-01-09 15:00:00,6,16,164,758,0,6.0,5.5,0.0,0,0,0,0,0,1,0,0,1
2024-01-09 20:00:00,0,21,51,64,0,6.0,5.5,0.0,0,0,0,0,0,1,0,0,1
2024-01-11 12:00:00,11,13,191,391,0,5.0,2.2,0.2,0,0,0,0,1,0,0,0,1
2024-01-11 13:00:00,11,14,269,240,0,5.0,2.2,0.2,0,0,0,0,1,0,0,0,1
2024-01-11 11:00:00,9,12,155,458,0,5.0,2.2,0.2,0,0,0,0,1,0,0,0,1
2024-01-11 10:00:00,7,11,120,677,0,5.0,2.2,0.2,0,0,0,0,1,0,0,0,1
2024-01-11 08:00:00,5,9,68,118,0,5.0,2.2,0.2,0,0,0,0,1,0,0,0,1
2024-01-09 17:00:00,6,18,178,282,0,6.0,5.5,0.0,0,0,0,0,0,1,0,0,1
2024-01-09 05:00:00,0,6,8,50,0,6.0,5.5,0.0,0,0,0,0,0,1,0,0,1
2024-01-09 16:00:00,4,17,136,502,0,6.0,5.5,0.0,0,0,0,0,0,1,0,0,1
2024-01-09 23:00:00,0,0,14,38,0,6.0,5.5,0.0,0,0,0,0,0,1,0,0,1
2024-01-09 01:00:00,0,2,1,29,0,6.0,5.5,0.0,0,0,0,0,0,1,0,0,1
2024-01-10 09:00:00,27,10,46,1160,0,4.5,1.1,0.0,0,0,0,0,0,0,1,0,1
2024-01-09 07:00:00,3,8,50,425,0,6.0,5.5,0.0,0,0,0,0,0,1,0,0,1
2024-01-10 08:00:00,22,9,78,1624,0,4.5,1.1,0.0,0,0,0,0,0,0,1,0,1
2024-01-09 18:00:00,3,19,124,175,0,6.0,5.5,0.0,0,0,0,0,0,1,0,0,1
2024-01-10 13:00:00,19,14,135,1158,0,4.5,1.1,0.0,0,0,0,0,0,0,1,0,1
2024-01-10 10:00:00,19,11,59,1055,0,4.5,1.1,0.0,0,0,0,0,0,0,1,0,1
2024-01-09 06:00:00,2,7,27,135,0,6.0,5.5,0.0,0,0,0,0,0,1,0,0,1
2024-01-11 15:00:00,18,16,238,30,0,5.0,2.2,0.2,0,0,0,0,1,0,0,0,1
2024-01-09 19:00:00,1,20,77,202,0,6.0,5.5,0.0,0,0,0,0,0,1,0,0,1
2024-01-12 07:00:00,3,8,23,25,0,5.8,5.5,0.0,1,0,0,0,0,0,0,0,1
2024-01-12 16:00:00,2,17,187,622,0,5.8,5.5,0.0,1,0,0,0,0,0,0,0,1
2024-01-12 20:00:00,2,21,55,190,0,5.8,5.5,0.0,1,0,0,0,0,0,0,0,1
2024-01-12 06:00:00,2,7,23,16,0,5.8,5.5,0.0,1,0,0,0,0,0,0,0,1
2024-01-12 17:00:00,1,18,168,636,0,5.8,5.5,0.0,1,0,0,0,0,0,0,0,1
2024-01-12 19:00:00,1,20,113,281,0,5.8,5.5,0.0,1,0,0,0,0,0,0,0,1
2024-01-12 22:00:00,1,23,22,143,0,5.8,5.5,0.0,1,0,0,0,0,0,0,0,1
2024-01-12 23:00:00,1,0,40,63,0,5.8,5.5,0.0,1,0,0,0,0,0,0,0,1
2024-01-12 01:00:00,1,2,7,3,0,5.8,5.5,0.0,1,0,0,0,0,0,0,0,1
2024-01-12 10:00:00,11,11,45,773,0,5.8,5.5,0.0,1,0,0,0,0,0,0,0,1
2024-01-13 14:00:00,29,15,239,1421,0,3.7,5.5,0.0,0,0,1,0,0,0,0,0,1
2024-01-13 11:00:00,19,12,172,1415,0,3.7,5.5,0.0,0,0,1,0,0,0,0,0,1
2024-01-13 12:00:00,19,13,174,1314,0,3.7,5.5,0.0,0,0,1,0,0,0,0,0,1
2024-01-13 13:00:00,16,14,145,1367,0,3.7,5.5,0.0,0,0,1,0,0,0,0,0,1
2024-01-13 15:00:00,13,16,180,1337,0,3.7,5.5,0.0,0,0,1,0,0,0,0,0,1
2024-01-13 09:00:00,11,10,109,446,0,3.7,5.5,0.0,0,0,1,0,0,0,0,0,1
2024-01-13 10:00:00,9,11,125,858,0,3.7,5.5,0.0,0,0,1,0,0,0,0,0,1
2024-01-13 16:00:00,7,17,146,848,0,3.7,5.5,0.0,0,0,1,0,0,0,0,0,1
2024-01-11 23:00:00,1,0,10,20,0,5.0,2.2,0.2,0,0,0,0,1,0,0,0,1
2024-01-11 16:00:00,3,17,164,19,0,5.0,2.2,0.2,0,0,0,0,1,0,0,0,1
2024-01-11 18:00:00,3,19,148,13,0,5.0,2.2,0.2,0,0,0,0,1,0,0,0,1
2024-01-11 20:00:00,2,21,114,302,0,5.0,2.2,0.2,0,0,0,0,1,0,0,0,1
2024-01-11 19:00:00,2,20,141,62,0,5.0,2.2,0.2,0,0,0,0,1,0,0,0,1
2024-01-11 21:00:00,1,22,51,341,0,5.0,2.2,0.2,0,0,0,0,1,0,0,0,1
2024-01-11 17:00:00,1,18,155,12,0,5.0,2.2,0.2,0,0,0,0,1,0,0,0,1
2024-01-13 17:00:00,3,18,108,455,0,3.7,5.5,0.0,0,0,1,0,0,0,0,0,1
2024-01-13 08:00:00,2,9,42,263,0,3.7,5.5,0.0,0,0,1,0,0,0,0,0,1
2024-01-13 19:00:00,2,20,44,201,0,3.7,5.5,0.0,0,0,1,0,0,0,0,0,1
2024-01-11 22:00:00,0,23,16,230,0,5.0,2.2,0.2,0,0,0,0,1,0,0,0,1
2024-01-12 14:00:00,9,15,102,878,0,5.8,5.5,0.0,1,0,0,0,0,0,0,0,1
2024-01-12 21:00:00,0,22,26,150,0,5.8,5.5,0.0,1,0,0,0,0,0,0,0,1
2024-01-12 09:00:00,9,10,56,398,0,5.8,5.5,0.0,1,0,0,0,0,0,0,0,1
2024-01-12 13:00:00,8,14,158,864,0,5.8,5.5,0.0,1,0,0,0,0,0,0,0,1
2024-01-11 00:00:00,0,1,19,43,0,5.0,2.2,0.2,0,0,0,0,1,0,0,0,1
2024-01-12 08:00:00,8,9,33,99,0,5.8,5.5,0.0,1,0,0,0,0,0,0,0,1
2024-01-11 01:00:00,0,2,18,29,0,5.0,2.2,0.2,0,0,0,0,1,0,0,0,1
2024-01-12 11:00:00,6,12,54,846,0,5.8,5.5,0.0,1,0,0,0,0,0,0,0,1
2024-01-11 02:00:00,0,3,7,20,0,5.0,2.2,0.2,0,0,0,0,1,0,0,0,1
2024-01-12 12:00:00,5,13,121,833,0,5.8,5.5,0.0,1,0,0,0,0,0,0,0,1
2024-01-12 18:00:00,5,19,110,387,0,5.8,5.5,0.0,1,0,0,0,0,0,0,0,1
2024-01-12 15:00:00,3,16,81,837,0,5.8,5.5,0.0,1,0,0,0,0,0,0,0,1
2024-01-11 03:00:00,0,4,3,18,0,5.0,2.2,0.2,0,0,0,0,1,0,0,0,1
2024-01-11 07:00:00,0,8,22,17,0,5.0,2.2,0.2,0,0,0,0,1,0,0,0,1
2024-01-12 03:00:00,0,4,4,11,0,5.8,5.5,0.0,1,0,0,0,0,0,0,0,1
2024-01-11 04:00:00,0,5,0,10,0,5.0,2.2,0.2,0,0,0,0,1,0,0,0,1
2024-01-12 02:00:00,0,3,0,10,0,5.8,5.5,0.0,1,0,0,0,0,0,0,0,1
2024-01-11 06:00:00,0,7,12,4,0,5.0,2.2,0.2,0,0,0,0,1,0,0,0,1
2024-01-12 05:00:00,0,6,1,6,0,5.8,5.5,0.0,1,0,0,0,0,0,0,0,1
2024-01-11 05:00:00,0,6,5,4,0,5.0,2.2,0.2,0,0,0,0,1,0,0,0,1
2024-01-12 04:00:00,0,5,1,5,0,5.8,5.5,0.0,1,0,0,0,0,0,0,0,1
2024-01-12 00:00:00,0,1,6,3,0,5.8,5.5,0.0,1,0,0,0,0,0,0,0,1
2024-01-13 21:00:00,0,22,102,99,0,3.7,5.5,0.0,0,0,1,0,0,0,0,0,1
2024-01-13 20:00:00,0,21,87,82,0,3.7,5.5,0.0,0,0,1,0,0,0,0,0,1
2024-01-13 22:00:00,0,23,50,81,0,3.7,5.5,0.0,0,0,1,0,0,0,0,0,1
2024-01-15 18:00:00,5,19,130,612,0,1.2,5.5,0.0,0,1,0,0,0,0,0,0,1
2024-01-13 23:00:00,0,0,28,66,0,3.7,5.5,0.0,0,0,1,0,0,0,0,0,1
2024-01-15 16:00:00,4,17,193,974,0,1.2,5.5,0.0,0,1,0,0,0,0,0,0,1
2024-01-13 05:00:00,0,6,2,52,0,3.7,5.5,0.0,0,0,1,0,0,0,0,0,1
2024-01-13 02:00:00,0,3,2,37,0,3.7,5.5,0.0,0,0,1,0,0,0,0,0,1
2024-01-13 01:00:00,0,2,8,30,0,3.7,5.5,0.0,0,0,1,0,0,0,0,0,1
2024-01-13 04:00:00,0,5,0,28,0,3.7,5.5,0.0,0,0,1,0,0,0,0,0,1
2024-01-13 03:00:00,0,4,3,26,0,3.7,5.5,0.0,0,0,1,0,0,0,0,0,1
2024-01-13 07:00:00,0,8,7,9,0,3.7,5.5,0.0,0,0,1,0,0,0,0,0,1
2024-01-14 13:00:00,39,14,281,1177,0,1.2,1.2,0.0,0,0,0,1,0,0,0,0,1
2024-01-14 12:00:00,33,13,298,1119,0,1.2,1.2,0.0,0,0,0,1,0,0,0,0,1
2024-01-15 17:00:00,4,18,162,854,0,1.2,5.5,0.0,0,1,0,0,0,0,0,0,1
2024-01-14 16:00:00,1,17,169,510,0,1.2,1.2,0.0,0,0,0,1,0,0,0,0,1
2024-01-14 10:00:00,29,11,209,635,0,1.2,1.2,0.0,0,0,0,1,0,0,0,0,1
2024-01-14 18:00:00,1,19,121,236,0,1.2,1.2,0.0,0,0,0,1,0,0,0,0,1
2024-01-14 19:00:00,5,20,69,232,0,1.2,1.2,0.0,0,0,0,1,0,0,0,0,1
2024-01-14 21:00:00,1,22,41,50,0,1.2,1.2,0.0,0,0,0,1,0,0,0,0,1
2024-01-14 00:00:00,1,1,33,24,0,1.2,1.2,0.0,0,0,0,1,0,0,0,0,1
2024-01-14 20:00:00,0,21,82,173,0,1.2,1.2,0.0,0,0,0,1,0,0,0,0,1
2024-01-14 07:00:00,0,8,15,126,0,1.2,1.2,0.0,0,0,0,1,0,0,0,0,1
2024-01-14 23:00:00,0,0,16,77,0,1.2,1.2,0.0,0,0,0,1,0,0,0,0,1
2024-01-15 12:00:00,4,13,184,793,0,1.2,5.5,0.0,0,1,0,0,0,0,0,0,1
2024-01-15 08:00:00,17,9,97,1485,0,1.2,5.5,0.0,0,1,0,0,0,0,0,0,1
2024-01-14 06:00:00,0,7,6,54,0,1.2,1.2,0.0,0,0,0,1,0,0,0,0,1
2024-01-14 17:00:00,2,18,182,377,0,1.2,1.2,0.0,0,0,0,1,0,0,0,0,1
2024-01-14 08:00:00,2,9,29,288,0,1.2,1.2,0.0,0,0,0,1,0,0,0,0,1
2024-01-15 09:00:00,15,10,98,882,0,1.2,5.5,0.0,0,1,0,0,0,0,0,0,1
2024-01-15 19:00:00,3,20,105,468,0,1.2,5.5,0.0,0,1,0,0,0,0,0,0,1
2024-01-14 05:00:00,0,6,3,50,0,1.2,1.2,0.0,0,0,0,1,0,0,0,0,1
2024-01-15 11:00:00,13,12,110,828,0,1.2,5.5,0.0,0,1,0,0,0,0,0,0,1
2024-01-15 14:00:00,11,15,115,930,0,1.2,5.5,0.0,0,1,0,0,0,0,0,0,1
2024-01-14 02:00:00,0,3,1,42,0,1.2,1.2,0.0,0,0,0,1,0,0,0,0,1
2024-01-14 01:00:00,0,2,4,37,0,1.2,1.2,0.0,0,0,0,1,0,0,0,0,1
2024-01-15 07:00:00,2,8,131,1275,0,1.2,5.5,0.0,0,1,0,0,0,0,0,0,1
2024-01-14 22:00:00,0,23,23,33,0,1.2,1.2,0.0,0,0,0,1,0,0,0,0,1
2024-01-15 13:00:00,9,14,178,905,0,1.2,5.5,0.0,0,1,0,0,0,0,0,0,1
2024-01-14 11:00:00,20,12,214,994,0,1.2,1.2,0.0,0,0,0,1,0,0,0,0,1
2024-01-15 10:00:00,8,11,135,786,0,1.2,5.5,0.0,0,1,0,0,0,0,0,0,1
2024-01-15 15:00:00,8,16,129,750,0,1.2,5.5,0.0,0,1,0,0,0,0,0,0,1
2024-01-14 04:00:00,0,5,8,9,0,1.2,1.2,0.0,0,0,0,1,0,0,0,0,1
2024-01-14 03:00:00,0,4,7,9,0,1.2,1.2,0.0,0,0,0,1,0,0,0,0,1
2024-01-13 00:00:00,1,1,13,26,0,3.7,5.5,0.0,0,0,1,0,0,0,0,0,1
2024-01-13 06:00:00,1,7,3,7,0,3.7,5.5,0.0,0,0,1,0,0,0,0,0,1
2024-01-14 14:00:00,11,15,265,1169,0,1.2,1.2,0.0,0,0,0,1,0,0,0,0,1
2024-01-13 18:00:00,0,19,54,302,0,3.7,5.5,0.0,0,0,1,0,0,0,0,0,1
2024-01-14 15:00:00,8,16,177,841,0,1.2,1.2,0.0,0,0,0,1,0,0,0,0,1
2024-01-14 09:00:00,6,10,97,334,0,1.2,1.2,0.0,0,0,0,1,0,0,0,0,1
2024-01-15 01:00:00,0,2,2,33,0,1.2,5.5,0.0,0,1,0,0,0,0,0,0,1
2024-01-15 02:00:00,0,3,2,24,0,1.2,5.5,0.0,0,1,0,0,0,0,0,0,1
2024-01-15 03:00:00,0,4,3,16,0,1.2,5.5,0.0,0,1,0,0,0,0,0,0,1
2024-01-17 13:00:00,3,14,297,3,0,1.7,-3.8,0.0,0,0,0,0,0,0,1,0,1
2024-01-16 03:00:00,0,4,1,16,0,0.4,-1.4,0.9,0,0,0,0,0,1,0,0,1
2024-01-16 23:00:00,0,0,1,16,0,0.4,-1.4,0.9,0,0,0,0,0,1,0,0,1
2024-01-16 07:00:00,5,8,41,135,0,0.4,-1.4,0.9,0,0,0,0,0,1,0,0,1
2024-01-17 16:00:00,7,17,94,808,0,1.7,-3.8,0.0,0,0,0,0,0,0,1,0,1
2024-01-17 17:00:00,5,18,102,381,0,1.7,-3.8,0.0,0,0,0,0,0,0,1,0,1
2024-01-17 07:00:00,3,8,89,250,0,1.7,-3.8,0.0,0,0,0,0,0,0,1,0,1
2024-01-17 18:00:00,2,19,85,221,0,1.7,-3.8,0.0,0,0,0,0,0,0,1,0,1
2024-01-16 21:00:00,0,22,18,251,0,0.4,-1.4,0.9,0,0,0,0,0,1,0,0,1
2024-01-16 22:00:00,0,23,18,171,0,0.4,-1.4,0.9,0,0,0,0,0,1,0,0,1
2024-01-16 05:00:00,0,6,12,112,0,0.4,-1.4,0.9,0,0,0,0,0,1,0,0,1
2024-01-16 00:00:00,0,1,2,51,0,0.4,-1.4,0.9,0,0,0,0,0,1,0,0,1
2024-01-16 04:00:00,0,5,5,42,0,0.4,-1.4,0.9,0,0,0,0,0,1,0,0,1
2024-01-16 01:00:00,0,2,1,35,0,0.4,-1.4,0.9,0,0,0,0,0,1,0,0,1
2024-01-16 02:00:00,0,3,3,26,0,0.4,-1.4,0.9,0,0,0,0,0,1,0,0,1
2024-01-16 12:00:00,20,13,137,471,0,0.4,-1.4,0.9,0,0,0,0,0,1,0,0,1
2024-01-17 20:00:00,2,21,50,149,0,1.7,-3.8,0.0,0,0,0,0,0,0,1,0,1
2024-01-16 16:00:00,2,17,55,1134,0,0.4,-1.4,0.9,0,0,0,0,0,1,0,0,1
2024-01-16 19:00:00,2,20,62,348,0,0.4,-1.4,0.9,0,0,0,0,0,1,0,0,1
2024-01-16 15:00:00,1,16,76,789,0,0.4,-1.4,0.9,0,0,0,0,0,1,0,0,1
2024-01-16 06:00:00,1,7,42,323,0,0.4,-1.4,0.9,0,0,0,0,0,1,0,0,1
2024-01-16 20:00:00,1,21,25,287,0,0.4,-1.4,0.9,0,0,0,0,0,1,0,0,1
2024-01-16 18:00:00,1,19,78,247,0,0.4,-1.4,0.9,0,0,0,0,0,1,0,0,1
2024-01-17 08:00:00,2,9,63,38,0,1.7,-3.8,0.0,0,0,0,0,0,0,1,0,1
2024-01-17 14:00:00,2,15,229,23,0,1.7,-3.8,0.0,0,0,0,0,0,0,1,0,1
2024-01-17 09:00:00,2,10,68,14,0,1.7,-3.8,0.0,0,0,0,0,0,0,1,0,1
2024-01-17 15:00:00,2,16,110,0,0,1.7,-3.8,0.0,0,0,0,0,0,0,1,0,1
2024-01-17 06:00:00,1,7,52,261,0,1.7,-3.8,0.0,0,0,0,0,0,0,1,0,1
2024-01-17 21:00:00,1,22,15,99,0,1.7,-3.8,0.0,0,0,0,0,0,0,1,0,1
2024-01-17 12:00:00,1,13,201,19,0,1.7,-3.8,0.0,0,0,0,0,0,0,1,0,1
2024-01-17 23:00:00,1,0,17,15,0,1.7,-3.8,0.0,0,0,0,0,0,0,1,0,1
2024-01-16 13:00:00,12,14,131,464,0,0.4,-1.4,0.9,0,0,0,0,0,1,0,0,1
2024-01-16 10:00:00,9,11,54,510,0,0.4,-1.4,0.9,0,0,0,0,0,1,0,0,1
2024-01-16 11:00:00,8,12,111,467,0,0.4,-1.4,0.9,0,0,0,0,0,1,0,0,1
2024-01-16 09:00:00,7,10,36,258,0,0.4,-1.4,0.9,0,0,0,0,0,1,0,0,1
2024-01-16 08:00:00,6,9,42,56,0,0.4,-1.4,0.9,0,0,0,0,0,1,0,0,1
2024-01-16 17:00:00,5,18,93,456,0,0.4,-1.4,0.9,0,0,0,0,0,1,0,0,1
2024-01-16 14:00:00,5,15,87,441,0,0.4,-1.4,0.9,0,0,0,0,0,1,0,0,1
2024-01-15 20:00:00,1,21,64,354,0,1.2,5.5,0.0,0,1,0,0,0,0,0,0,1
2024-01-15 21:00:00,1,22,49,249,0,1.2,5.5,0.0,0,1,0,0,0,0,0,0,1
2024-01-15 06:00:00,0,7,77,384,0,1.2,5.5,0.0,0,1,0,0,0,0,0,0,1
2024-01-15 05:00:00,0,6,17,178,0,1.2,5.5,0.0,0,1,0,0,0,0,0,0,1
2024-01-15 22:00:00,0,23,10,126,0,1.2,5.5,0.0,0,1,0,0,0,0,0,0,1
2024-01-15 23:00:00,0,0,7,76,0,1.2,5.5,0.0,0,1,0,0,0,0,0,0,1
2024-01-15 00:00:00,0,1,11,60,0,1.2,5.5,0.0,0,1,0,0,0,0,0,0,1
2024-01-15 04:00:00,0,5,8,54,0,1.2,5.5,0.0,0,1,0,0,0,0,0,0,1
2024-01-18 15:00:00,0,16,97,563,0,5.2,-3.2,0.0,0,0,0,0,1,0,0,0,1
2024-01-18 11:00:00,0,12,70,429,0,5.2,-3.2,0.0,0,0,0,0,1,0,0,0,1
2024-01-18 20:00:00,0,21,43,262,0,5.2,-3.2,0.0,0,0,0,0,1,0,0,0,1
2024-01-18 12:00:00,0,13,94,137,0,5.2,-3.2,0.0,0,0,0,0,1,0,0,0,1
2024-01-18 05:00:00,0,6,33,55,0,5.2,-3.2,0.0,0,0,0,0,1,0,0,0,1
2024-01-18 23:00:00,0,0,25,50,0,5.2,-3.2,0.0,0,0,0,0,1,0,0,0,1
2024-01-18 04:00:00,0,5,10,13,0,5.2,-3.2,0.0,0,0,0,0,1,0,0,0,1
2024-01-18 00:00:00,0,1,11,11,0,5.2,-3.2,0.0,0,0,0,0,1,0,0,0,1
2024-01-18 03:00:00,0,4,8,11,0,5.2,-3.2,0.0,0,0,0,0,1,0,0,0,1
2024-01-18 02:00:00,0,3,9,8,0,5.2,-3.2,0.0,0,0,0,0,1,0,0,0,1
2024-01-17 11:00:00,0,12,85,5,0,1.7,-3.8,0.0,0,0,0,0,0,0,1,0,1
2024-01-17 10:00:00,1,11,79,9,0,1.7,-3.8,0.0,0,0,0,0,0,0,1,0,1
2024-01-19 13:00:00,7,14,85,1385,0,8.7,5.5,1.2,1,0,0,0,0,0,0,0,1
2024-01-19 15:00:00,7,16,78,1350,0,8.7,5.5,1.2,1,0,0,0,0,0,0,0,1
2024-01-19 12:00:00,6,13,116,1302,0,8.7,5.5,1.2,1,0,0,0,0,0,0,0,1
2024-01-19 10:00:00,6,11,76,909,0,8.7,5.5,1.2,1,0,0,0,0,0,0,0,1
2024-01-19 11:00:00,5,12,68,1150,0,8.7,5.5,1.2,1,0,0,0,0,0,0,0,1
2024-01-19 16:00:00,4,17,115,1200,0,8.7,5.5,1.2,1,0,0,0,0,0,0,0,1
2024-01-19 07:00:00,3,8,40,838,0,8.7,5.5,1.2,1,0,0,0,0,0,0,0,1
2024-01-18 06:00:00,2,7,73,132,0,5.2,-3.2,0.0,0,0,0,0,1,0,0,0,1
2024-01-18 18:00:00,2,19,130,91,0,5.2,-3.2,0.0,0,0,0,0,1,0,0,0,1
2024-01-17 19:00:00,0,20,47,211,0,1.7,-3.8,0.0,0,0,0,0,0,0,1,0,1
2024-01-17 05:00:00,0,6,4,190,0,1.7,-3.8,0.0,0,0,0,0,0,0,1,0,1
2024-01-17 22:00:00,0,23,29,46,0,1.7,-3.8,0.0,0,0,0,0,0,0,1,0,1
2024-01-17 00:00:00,0,1,7,43,0,1.7,-3.8,0.0,0,0,0,0,0,0,1,0,1
2024-01-17 04:00:00,0,5,7,35,0,1.7,-3.8,0.0,0,0,0,0,0,0,1,0,1
2024-01-17 02:00:00,0,3,4,33,0,1.7,-3.8,0.0,0,0,0,0,0,0,1,0,1
2024-01-17 03:00:00,0,4,0,24,0,1.7,-3.8,0.0,0,0,0,0,0,0,1,0,1
2024-01-17 01:00:00,0,2,1,20,0,1.7,-3.8,0.0,0,0,0,0,0,0,1,0,1
2024-01-19 17:00:00,2,18,84,5,0,8.7,5.5,1.2,1,0,0,0,0,0,0,0,1
2024-01-18 22:00:00,2,23,25,64,0,5.2,-3.2,0.0,0,0,0,0,1,0,0,0,1
2024-01-19 06:00:00,1,7,21,306,0,8.7,5.5,1.2,1,0,0,0,0,0,0,0,1
2024-01-19 05:00:00,0,6,2,128,0,8.7,5.5,1.2,1,0,0,0,0,0,0,0,1
2024-01-18 14:00:00,2,15,128,33,0,5.2,-3.2,0.0,0,0,0,0,1,0,0,0,1
2024-01-19 08:00:00,12,9,58,1618,0,8.7,5.5,1.2,1,0,0,0,0,0,0,0,1
2024-01-19 14:00:00,10,15,92,1241,0,8.7,5.5,1.2,1,0,0,0,0,0,0,0,1
2024-01-19 09:00:00,9,10,54,1359,0,8.7,5.5,1.2,1,0,0,0,0,0,0,0,1
2024-01-18 10:00:00,1,11,53,590,0,5.2,-3.2,0.0,0,0,0,0,1,0,0,0,1
2024-01-18 13:00:00,5,14,161,122,0,5.2,-3.2,0.0,0,0,0,0,1,0,0,0,1
2024-01-18 21:00:00,1,22,14,168,0,5.2,-3.2,0.0,0,0,0,0,1,0,0,0,1
2024-01-18 17:00:00,1,18,81,146,0,5.2,-3.2,0.0,0,0,0,0,1,0,0,0,1
2024-01-18 19:00:00,1,20,59,68,0,5.2,-3.2,0.0,0,0,0,0,1,0,0,0,1
2024-01-18 01:00:00,1,2,2,10,0,5.2,-3.2,0.0,0,0,0,0,1,0,0,0,1
2024-01-18 09:00:00,3,10,50,339,0,5.2,-3.2,0.0,0,0,0,0,1,0,0,0,1
2024-01-18 07:00:00,3,8,70,234,0,5.2,-3.2,0.0,0,0,0,0,1,0,0,0,1
2024-01-18 16:00:00,2,17,78,719,0,5.2,-3.2,0.0,0,0,0,0,1,0,0,0,1
2024-01-18 08:00:00,2,9,53,580,0,5.2,-3.2,0.0,0,0,0,0,1,0,0,0,1
2024-01-20 23:00:00,0,0,25,101,0,11.6,5.5,1.0,0,0,1,0,0,0,0,0,1
2024-01-20 05:00:00,0,6,1,66,0,11.6,5.5,1.0,0,0,1,0,0,0,0,0,1
2024-01-20 01:00:00,0,2,12,48,0,11.6,5.5,1.0,0,0,1,0,0,0,0,0,1
2024-01-20 03:00:00,0,4,6,40,0,11.6,5.5,1.0,0,0,1,0,0,0,0,0,1
2024-01-20 04:00:00,0,5,2,35,0,11.6,5.5,1.0,0,0,1,0,0,0,0,0,1
2024-01-19 00:00:00,0,1,0,52,0,8.7,5.5,1.2,1,0,0,0,0,0,0,0,1
2024-01-20 02:00:00,0,3,2,34,0,11.6,5.5,1.0,0,0,1,0,0,0,0,0,1
2024-01-19 04:00:00,0,5,2,41,0,8.7,5.5,1.2,1,0,0,0,0,0,0,0,1
2024-01-19 01:00:00,0,2,2,39,0,8.7,5.5,1.2,1,0,0,0,0,0,0,0,1
2024-01-19 02:00:00,0,3,2,29,0,8.7,5.5,1.2,1,0,0,0,0,0,0,0,1
2024-01-19 03:00:00,0,4,1,23,0,8.7,5.5,1.2,1,0,0,0,0,0,0,0,1
2024-01-19 18:00:00,0,19,50,8,0,8.7,5.5,1.2,1,0,0,0,0,0,0,0,1
2024-01-19 19:00:00,0,20,75,3,0,8.7,5.5,1.2,1,0,0,0,0,0,0,0,1
2024-01-19 20:00:00,0,21,23,2,0,8.7,5.5,1.2,1,0,0,0,0,0,0,0,1
2024-01-19 23:00:00,0,0,5,1,0,8.7,5.5,1.2,1,0,0,0,0,0,0,0,1
2024-01-19 21:00:00,0,22,12,0,0,8.7,5.5,1.2,1,0,0,0,0,0,0,0,1
2024-01-19 22:00:00,0,23,5,0,0,8.7,5.5,1.2,1,0,0,0,0,0,0,0,1
2024-01-20 08:00:00,1,9,53,316,0,11.6,5.5,1.0,0,0,1,0,0,0,0,0,1
2024-01-20 20:00:00,1,21,51,172,0,11.6,5.5,1.0,0,0,1,0,0,0,0,0,1
2024-01-20 00:00:00,0,1,1,0,0,11.6,5.5,1.0,0,0,1,0,0,0,0,0,1
2024-01-20 21:00:00,1,22,42,141,0,11.6,5.5,1.0,0,0,1,0,0,0,0,0,1
2024-01-20 22:00:00,1,23,33,108,0,11.6,5.5,1.0,0,0,1,0,0,0,0,0,1
2024-01-21 15:00:00,2,16,41,589,0,6.2,5.5,10.0,0,0,0,1,0,0,0,0,1
2024-01-21 09:00:00,1,10,75,403,0,6.2,5.5,10.0,0,0,0,1,0,0,0,0,1
2024-01-20 17:00:00,0,18,116,957,0,11.6,5.5,1.0,0,0,1,0,0,0,0,0,1
2024-01-20 18:00:00,0,19,109,696,0,11.6,5.5,1.0,0,0,1,0,0,0,0,0,1
2024-01-20 19:00:00,0,20,112,486,0,11.6,5.5,1.0,0,0,1,0,0,0,0,0,1
2024-01-20 07:00:00,0,8,22,237,0,11.6,5.5,1.0,0,0,1,0,0,0,0,0,1
2024-01-20 06:00:00,0,7,11,124,0,11.6,5.5,1.0,0,0,1,0,0,0,0,0,1
2024-01-20 13:00:00,27,14,137,1581,0,11.6,5.5,1.0,0,0,1,0,0,0,0,0,1
2024-01-20 14:00:00,21,15,206,1550,0,11.6,5.5,1.0,0,0,1,0,0,0,0,0,1
2024-01-20 15:00:00,18,16,146,1328,0,11.6,5.5,1.0,0,0,1,0,0,0,0,0,1
2024-01-20 11:00:00,15,12,127,1539,0,11.6,5.5,1.0,0,0,1,0,0,0,0,0,1
2024-01-20 12:00:00,11,13,121,1661,0,11.6,5.5,1.0,0,0,1,0,0,0,0,0,1
2024-01-20 10:00:00,10,11,109,1224,0,11.6,5.5,1.0,0,0,1,0,0,0,0,0,1
2024-01-20 16:00:00,9,17,206,733,0,11.6,5.5,1.0,0,0,1,0,0,0,0,0,1
2024-01-20 09:00:00,5,10,63,917,0,11.6,5.5,1.0,0,0,1,0,0,0,0,0,1
2024-01-21 11:00:00,15,12,198,846,0,6.2,5.5,10.0,0,0,0,1,0,0,0,0,1
2024-01-21 10:00:00,10,11,142,778,0,6.2,5.5,10.0,0,0,0,1,0,0,0,0,1
2024-01-21 14:00:00,7,15,92,811,0,6.2,5.5,10.0,0,0,0,1,0,0,0,0,1
2024-01-21 12:00:00,5,13,164,915,0,6.2,5.5,10.0,0,0,0,1,0,0,0,0,1
2024-01-21 13:00:00,5,14,143,886,0,6.2,5.5,10.0,0,0,0,1,0,0,0,0,1
2024-01-21 08:00:00,0,9,40,147,0,6.2,5.5,10.0,0,0,0,1,0,0,0,0,1
2024-01-21 00:00:00,0,1,13,80,0,6.2,5.5,10.0,0,0,0,1,0,0,0,0,1
2024-01-21 01:00:00,0,2,3,50,0,6.2,5.5,10.0,0,0,0,1,0,0,0,0,1
2024-01-21 16:00:00,0,17,15,45,0,6.2,5.5,10.0,0,0,0,1,0,0,0,0,1
2024-01-21 21:00:00,0,22,5,32,0,6.2,5.5,10.0,0,0,0,1,0,0,0,0,1
2024-01-21 20:00:00,0,21,3,27,0,6.2,5.5,10.0,0,0,0,1,0,0,0,0,1
2024-01-21 22:00:00,0,23,5,26,0,6.2,5.5,10.0,0,0,0,1,0,0,0,0,1
2024-01-22 22:00:00,0,23,5,15,0,12.0,4.7,3.2,0,1,0,0,0,0,0,0,1
2024-01-22 01:00:00,0,2,0,13,0,12.0,4.7,3.2,0,1,0,0,0,0,0,0,1
2024-01-22 20:00:00,0,21,20,8,0,12.0,4.7,3.2,0,1,0,0,0,0,0,0,1
2024-01-22 21:00:00,0,22,15,8,0,12.0,4.7,3.2,0,1,0,0,0,0,0,0,1
2024-01-22 10:00:00,14,11,133,580,0,12.0,4.7,3.2,0,1,0,0,0,0,0,0,1
2024-01-22 00:00:00,0,1,6,1,0,12.0,4.7,3.2,0,1,0,0,0,0,0,0,1
2024-01-23 09:00:00,10,10,109,682,0,10.3,4.7,12.3,0,0,0,0,0,1,0,0,1
2024-01-22 12:00:00,9,13,150,587,0,12.0,4.7,3.2,0,1,0,0,0,0,0,0,1
2024-01-22 05:00:00,0,6,11,130,0,12.0,4.7,3.2,0,1,0,0,0,0,0,0,1
2024-01-22 13:00:00,9,14,140,561,0,12.0,4.7,3.2,0,1,0,0,0,0,0,0,1
2024-01-21 06:00:00,0,7,8,24,0,6.2,5.5,10.0,0,0,0,1,0,0,0,0,1
2024-01-22 11:00:00,9,12,53,543,0,12.0,4.7,3.2,0,1,0,0,0,0,0,0,1
2024-01-23 15:00:00,2,16,109,756,0,10.3,4.7,12.3,0,0,0,0,0,1,0,0,1
2024-01-23 11:00:00,2,12,31,643,0,10.3,4.7,12.3,0,0,0,0,0,1,0,0,1
2024-01-22 17:00:00,0,18,59,88,0,12.0,4.7,3.2,0,1,0,0,0,0,0,0,1
2024-01-23 08:00:00,2,9,65,128,0,10.3,4.7,12.3,0,0,0,0,0,1,0,0,1
2024-01-22 06:00:00,0,7,10,71,0,12.0,4.7,3.2,0,1,0,0,0,0,0,0,1
2024-01-22 18:00:00,0,19,60,69,0,12.0,4.7,3.2,0,1,0,0,0,0,0,0,1
2024-01-22 03:00:00,0,4,0,68,0,12.0,4.7,3.2,0,1,0,0,0,0,0,0,1
2024-01-22 04:00:00,0,5,9,35,0,12.0,4.7,3.2,0,1,0,0,0,0,0,0,1
2024-01-22 02:00:00,0,3,0,35,0,12.0,4.7,3.2,0,1,0,0,0,0,0,0,1
2024-01-22 23:00:00,0,0,10,28,0,12.0,4.7,3.2,0,1,0,0,0,0,0,0,1
2024-01-22 19:00:00,0,20,59,23,0,12.0,4.7,3.2,0,1,0,0,0,0,0,0,1
2024-01-23 10:00:00,8,11,49,735,0,10.3,4.7,12.3,0,0,0,0,0,1,0,0,1
2024-01-22 09:00:00,7,10,99,698,0,12.0,4.7,3.2,0,1,0,0,0,0,0,0,1
2024-01-22 16:00:00,2,17,83,608,0,12.0,4.7,3.2,0,1,0,0,0,0,0,0,1
2024-01-22 07:00:00,0,8,71,637,0,12.0,4.7,3.2,0,1,0,0,0,0,0,0,1
2024-01-23 05:00:00,2,6,6,122,0,10.3,4.7,12.3,0,0,0,0,0,1,0,0,1
2024-01-21 07:00:00,0,8,10,23,0,6.2,5.5,10.0,0,0,0,1,0,0,0,0,1
2024-01-23 18:00:00,5,19,102,420,0,10.3,4.7,12.3,0,0,0,0,0,1,0,0,1
2024-01-23 14:00:00,1,15,75,756,0,10.3,4.7,12.3,0,0,0,0,0,1,0,0,1
2024-01-22 08:00:00,5,9,63,1098,0,12.0,4.7,3.2,0,1,0,0,0,0,0,0,1
2024-01-22 14:00:00,5,15,119,598,0,12.0,4.7,3.2,0,1,0,0,0,0,0,0,1
2024-01-21 03:00:00,0,4,0,12,0,6.2,5.5,10.0,0,0,0,1,0,0,0,0,1
2024-01-23 00:00:00,0,1,2,39,0,10.3,4.7,12.3,0,0,0,0,0,1,0,0,1
2024-01-21 04:00:00,0,5,1,11,0,6.2,5.5,10.0,0,0,0,1,0,0,0,0,1
2024-01-23 16:00:00,4,17,143,658,0,10.3,4.7,12.3,0,0,0,0,0,1,0,0,1
2024-01-23 01:00:00,0,2,1,31,0,10.3,4.7,12.3,0,0,0,0,0,1,0,0,1
2024-01-23 02:00:00,0,3,0,29,0,10.3,4.7,12.3,0,0,0,0,0,1,0,0,1
2024-01-21 05:00:00,0,6,5,9,0,6.2,5.5,10.0,0,0,0,1,0,0,0,0,1
2024-01-23 07:00:00,4,8,37,43,0,10.3,4.7,12.3,0,0,0,0,0,1,0,0,1
2024-01-21 02:00:00,0,3,1,8,0,6.2,5.5,10.0,0,0,0,1,0,0,0,0,1
2024-01-22 15:00:00,4,16,82,662,0,12.0,4.7,3.2,0,1,0,0,0,0,0,0,1
2024-01-23 19:00:00,0,20,21,24,0,10.3,4.7,12.3,0,0,0,0,0,1,0,0,1
2024-01-23 23:00:00,0,0,5,16,0,10.3,4.7,12.3,0,0,0,0,0,1,0,0,1
2024-01-23 21:00:00,0,22,4,9,0,10.3,4.7,12.3,0,0,0,0,0,1,0,0,1
2024-01-23 04:00:00,0,5,0,7,0,10.3,4.7,12.3,0,0,0,0,0,1,0,0,1
2024-01-23 17:00:00,3,18,160,698,0,10.3,4.7,12.3,0,0,0,0,0,1,0,0,1
2024-01-23 06:00:00,3,7,25,161,0,10.3,4.7,12.3,0,0,0,0,0,1,0,0,1
2024-01-21 19:00:00,0,20,9,1,0,6.2,5.5,10.0,0,0,0,1,0,0,0,0,1
2024-01-21 17:00:00,0,18,11,0,0,6.2,5.5,10.0,0,0,0,1,0,0,0,0,1
2024-01-21 18:00:00,0,19,4,0,0,6.2,5.5,10.0,0,0,0,1,0,0,0,0,1
2024-01-23 13:00:00,0,14,90,701,0,10.3,4.7,12.3,0,0,0,0,0,1,0,0,1
2024-01-23 12:00:00,0,13,86,583,0,10.3,4.7,12.3,0,0,0,0,0,1,0,0,1
2024-01-25 12:00:00,10,13,57,1052,0,8.5,3.2,4.6,0,0,0,0,1,0,0,0,1
2024-01-25 13:00:00,9,14,59,825,0,8.5,3.2,4.6,0,0,0,0,1,0,0,0,1
2024-01-24 08:00:00,13,9,48,1694,0,10.7,5.5,0.0,0,0,0,0,0,0,1,0,1
2024-01-25 09:00:00,8,10,61,1259,0,8.5,3.2,4.6,0,0,0,0,1,0,0,0,1
2024-01-25 11:00:00,7,12,51,1042,0,8.5,3.2,4.6,0,0,0,0,1,0,0,0,1
2024-01-25 15:00:00,5,16,52,986,0,8.5,3.2,4.6,0,0,0,0,1,0,0,0,1
2024-01-25 16:00:00,4,17,94,1294,0,8.5,3.2,4.6,0,0,0,0,1,0,0,0,1
2024-01-25 10:00:00,4,11,44,1046,0,8.5,3.2,4.6,0,0,0,0,1,0,0,0,1
2024-01-24 12:00:00,13,13,109,1084,0,10.7,5.5,0.0,0,0,0,0,0,0,1,0,1
2024-01-23 20:00:00,0,21,21,4,0,10.3,4.7,12.3,0,0,0,0,0,1,0,0,1
2024-01-23 03:00:00,0,4,11,4,0,10.3,4.7,12.3,0,0,0,0,0,1,0,0,1
2024-01-24 18:00:00,0,19,231,304,0,10.7,5.5,0.0,0,0,0,0,0,0,1,0,1
2024-01-23 22:00:00,0,23,4,1,0,10.3,4.7,12.3,0,0,0,0,0,1,0,0,1
2024-01-24 13:00:00,14,14,146,1333,0,10.7,5.5,0.0,0,0,0,0,0,0,1,0,1
2024-01-24 10:00:00,4,11,96,943,0,10.7,5.5,0.0,0,0,0,0,0,0,1,0,1
2024-01-25 14:00:00,3,15,56,730,0,8.5,3.2,4.6,0,0,0,0,1,0,0,0,1
2024-01-24 20:00:00,12,21,94,372,0,10.7,5.5,0.0,0,0,0,0,0,0,1,0,1
2024-01-24 22:00:00,0,23,23,212,0,10.7,5.5,0.0,0,0,0,0,0,0,1,0,1
2024-01-24 11:00:00,11,12,60,1071,0,10.7,5.5,0.0,0,0,0,0,0,0,1,0,1
2024-01-24 14:00:00,9,15,85,1343,0,10.7,5.5,0.0,0,0,0,0,0,0,1,0,1
2024-01-24 16:00:00,8,17,99,1652,0,10.7,5.5,0.0,0,0,0,0,0,0,1,0,1
2024-01-24 09:00:00,8,10,78,1139,0,10.7,5.5,0.0,0,0,0,0,0,0,1,0,1
2024-01-24 15:00:00,7,16,111,1442,0,10.7,5.5,0.0,0,0,0,0,0,0,1,0,1
2024-01-24 19:00:00,4,20,194,289,0,10.7,5.5,0.0,0,0,0,0,0,0,1,0,1
2024-01-24 17:00:00,4,18,144,255,0,10.7,5.5,0.0,0,0,0,0,0,0,1,0,1
2024-01-25 19:00:00,2,20,93,97,0,8.5,3.2,4.6,0,0,0,0,1,0,0,0,1
2024-01-25 06:00:00,0,7,17,115,0,8.5,3.2,4.6,0,0,0,0,1,0,0,0,1
2024-01-25 22:00:00,0,23,33,91,0,8.5,3.2,4.6,0,0,0,0,1,0,0,0,1
2024-01-24 04:00:00,0,5,1,22,0,10.7,5.5,0.0,0,0,0,0,0,0,1,0,1
2024-01-24 03:00:00,0,4,1,17,0,10.7,5.5,0.0,0,0,0,0,0,0,1,0,1
2024-01-24 00:00:00,0,1,11,12,0,10.7,5.5,0.0,0,0,0,0,0,0,1,0,1
2024-01-24 07:00:00,3,8,64,518,0,10.7,5.5,0.0,0,0,0,0,0,0,1,0,1
2024-01-25 17:00:00,1,18,148,293,0,8.5,3.2,4.6,0,0,0,0,1,0,0,0,1
2024-01-25 08:00:00,15,9,86,1871,0,8.5,3.2,4.6,0,0,0,0,1,0,0,0,1
2024-01-25 00:00:00,1,1,10,76,0,8.5,3.2,4.6,0,0,0,0,1,0,0,0,1
2024-01-24 05:00:00,2,6,11,93,0,10.7,5.5,0.0,0,0,0,0,0,0,1,0,1
2024-01-25 04:00:00,1,5,2,22,0,8.5,3.2,4.6,0,0,0,0,1,0,0,0,1
2024-01-25 18:00:00,1,19,76,12,0,8.5,3.2,4.6,0,0,0,0,1,0,0,0,1
2024-01-25 07:00:00,0,8,56,935,0,8.5,3.2,4.6,0,0,0,0,1,0,0,0,1
2024-01-24 21:00:00,1,22,45,310,0,10.7,5.5,0.0,0,0,0,0,0,0,1,0,1
2024-01-24 06:00:00,1,7,57,195,0,10.7,5.5,0.0,0,0,0,0,0,0,1,0,1
2024-01-24 23:00:00,1,0,14,96,0,10.7,5.5,0.0,0,0,0,0,0,0,1,0,1
2024-01-25 20:00:00,0,21,68,313,0,8.5,3.2,4.6,0,0,0,0,1,0,0,0,1
2024-01-25 23:00:00,0,0,18,51,0,8.5,3.2,4.6,0,0,0,0,1,0,0,0,1
2024-01-25 01:00:00,0,2,4,32,0,8.5,3.2,4.6,0,0,0,0,1,0,0,0,1
2024-01-25 02:00:00,0,3,3,29,0,8.5,3.2,4.6,0,0,0,0,1,0,0,0,1
2024-01-25 03:00:00,0,4,2,22,0,8.5,3.2,4.6,0,0,0,0,1,0,0,0,1
2024-01-25 21:00:00,0,22,22,1,0,8.5,3.2,4.6,0,0,0,0,1,0,0,0,1
2024-01-25 05:00:00,0,6,9,0,0,8.5,3.2,4.6,0,0,0,0,1,0,0,0,1
2024-01-26 09:00:00,33,10,149,16,0,9.7,5.5,0.0,1,0,0,0,0,0,0,0,1
2024-01-26 13:00:00,25,14,125,0,0,9.7,5.5,0.0,1,0,0,0,0,0,0,0,1
2024-01-26 10:00:00,18,11,144,10,0,9.7,5.5,0.0,1,0,0,0,0,0,0,0,1
2024-01-26 15:00:00,16,16,261,196,0,9.7,5.5,0.0,1,0,0,0,0,0,0,0,1
2024-01-26 12:00:00,16,13,107,1,0,9.7,5.5,0.0,1,0,0,0,0,0,0,0,1
2024-01-26 16:00:00,15,17,97,1594,0,9.7,5.5,0.0,1,0,0,0,0,0,0,0,1
2024-01-26 14:00:00,13,15,116,15,0,9.7,5.5,0.0,1,0,0,0,0,0,0,0,1
2024-01-26 11:00:00,12,12,91,1,0,9.7,5.5,0.0,1,0,0,0,0,0,0,0,1
2024-01-26 19:00:00,2,20,118,246,0,9.7,5.5,0.0,1,0,0,0,0,0,0,0,1
2024-01-26 08:00:00,11,9,105,5,0,9.7,5.5,0.0,1,0,0,0,0,0,0,0,1
2024-01-27 13:00:00,18,14,221,1322,0,11.3,5.5,0.0,0,0,1,0,0,0,0,0,1
2024-01-28 14:00:00,40,15,584,770,0,5.7,5.5,0.0,0,0,0,1,0,0,0,0,1
2024-01-27 07:00:00,0,8,46,262,0,11.3,5.5,0.0,0,0,1,0,0,0,0,0,1
2024-01-27 16:00:00,4,17,195,309,0,11.3,5.5,0.0,0,0,1,0,0,0,0,0,1
2024-01-27 17:00:00,4,18,85,303,0,11.3,5.5,0.0,0,0,1,0,0,0,0,0,1
2024-01-27 18:00:00,1,19,70,270,0,11.3,5.5,0.0,0,0,1,0,0,0,0,0,1
2024-01-27 19:00:00,1,20,35,152,0,11.3,5.5,0.0,0,0,1,0,0,0,0,0,1
2024-01-27 23:00:00,1,0,55,112,0,11.3,5.5,0.0,0,0,1,0,0,0,0,0,1
2024-01-27 22:00:00,1,23,38,97,0,11.3,5.5,0.0,0,0,1,0,0,0,0,0,1
2024-01-27 15:00:00,17,16,252,649,0,11.3,5.5,0.0,0,0,1,0,0,0,0,0,1
2024-01-26 05:00:00,0,6,53,44,0,9.7,5.5,0.0,1,0,0,0,0,0,0,0,1
2024-01-27 11:00:00,14,12,255,1177,0,11.3,5.5,0.0,0,0,1,0,0,0,0,0,1
2024-01-27 09:00:00,12,10,119,826,0,11.3,5.5,0.0,0,0,1,0,0,0,0,0,1
2024-01-27 10:00:00,11,11,142,824,0,11.3,5.5,0.0,0,0,1,0,0,0,0,0,1
2024-01-27 08:00:00,8,9,91,514,0,11.3,5.5,0.0,0,0,1,0,0,0,0,0,1
2024-01-28 13:00:00,32,14,403,832,0,5.7,5.5,0.0,0,0,0,1,0,0,0,0,1
2024-01-28 11:00:00,31,12,290,817,0,5.7,5.5,0.0,0,0,0,1,0,0,0,0,1
2024-01-28 12:00:00,29,13,366,897,0,5.7,5.5,0.0,0,0,0,1,0,0,0,0,1
2024-01-28 10:00:00,22,11,238,742,0,5.7,5.5,0.0,0,0,0,1,0,0,0,0,1
2024-01-28 15:00:00,18,16,632,678,0,5.7,5.5,0.0,0,0,0,1,0,0,0,0,1
2024-01-26 17:00:00,8,18,92,480,0,9.7,5.5,0.0,1,0,0,0,0,0,0,0,1
2024-01-26 18:00:00,8,19,102,290,0,9.7,5.5,0.0,1,0,0,0,0,0,0,0,1
2024-01-27 06:00:00,0,7,7,122,0,11.3,5.5,0.0,0,0,1,0,0,0,0,0,1
2024-01-26 23:00:00,1,0,38,218,0,9.7,5.5,0.0,1,0,0,0,0,0,0,0,1
2024-01-27 21:00:00,0,22,42,105,0,11.3,5.5,0.0,0,0,1,0,0,0,0,0,1
2024-01-26 22:00:00,1,23,67,96,0,9.7,5.5,0.0,1,0,0,0,0,0,0,0,1
2024-01-27 20:00:00,0,21,62,97,0,11.3,5.5,0.0,0,0,1,0,0,0,0,0,1
2024-01-27 00:00:00,0,1,22,96,0,11.3,5.5,0.0,0,0,1,0,0,0,0,0,1
2024-01-27 03:00:00,0,4,3,48,0,11.3,5.5,0.0,0,0,1,0,0,0,0,0,1
2024-01-27 02:00:00,0,3,5,46,0,11.3,5.5,0.0,0,0,1,0,0,0,0,0,1
2024-01-27 01:00:00,0,2,8,45,0,11.3,5.5,0.0,0,0,1,0,0,0,0,0,1
2024-01-26 21:00:00,0,22,33,112,0,9.7,5.5,0.0,1,0,0,0,0,0,0,0,1
2024-01-26 06:00:00,0,7,130,111,0,9.7,5.5,0.0,1,0,0,0,0,0,0,0,1
2024-01-27 05:00:00,0,6,7,27,0,11.3,5.5,0.0,0,0,1,0,0,0,0,0,1
2024-01-27 04:00:00,0,5,15,23,0,11.3,5.5,0.0,0,0,1,0,0,0,0,0,1
2024-01-26 20:00:00,3,21,55,182,0,9.7,5.5,0.0,1,0,0,0,0,0,0,0,1
2024-01-26 07:00:00,3,8,86,89,0,9.7,5.5,0.0,1,0,0,0,0,0,0,0,1
2024-01-26 00:00:00,0,1,14,36,0,9.7,5.5,0.0,1,0,0,0,0,0,0,0,1
2024-01-26 01:00:00,0,2,13,22,0,9.7,5.5,0.0,1,0,0,0,0,0,0,0,1
2024-01-26 04:00:00,0,5,18,14,0,9.7,5.5,0.0,1,0,0,0,0,0,0,0,1
2024-01-26 02:00:00,0,3,7,14,0,9.7,5.5,0.0,1,0,0,0,0,0,0,0,1
2024-01-26 03:00:00,0,4,6,3,0,9.7,5.5,0.0,1,0,0,0,0,0,0,0,1
2024-01-27 12:00:00,81,13,285,1192,0,11.3,5.5,0.0,0,0,1,0,0,0,0,0,1
2024-01-27 14:00:00,27,15,238,1205,0,11.3,5.5,0.0,0,0,1,0,0,0,0,0,1
2024-01-28 18:00:00,0,19,44,34,0,5.7,5.5,0.0,0,0,0,1,0,0,0,0,1
2024-01-28 01:00:00,0,2,11,33,0,5.7,5.5,0.0,0,0,0,1,0,0,0,0,1
2024-01-28 19:00:00,0,20,50,25,0,5.7,5.5,0.0,0,0,0,1,0,0,0,0,1
2024-01-28 20:00:00,0,21,38,20,0,5.7,5.5,0.0,0,0,0,1,0,0,0,0,1
2024-01-28 04:00:00,0,5,8,15,0,5.7,5.5,0.0,0,0,0,1,0,0,0,0,1
2024-01-28 03:00:00,0,4,9,14,0,5.7,5.5,0.0,0,0,0,1,0,0,0,0,1
2024-01-28 22:00:00,0,23,19,11,0,5.7,5.5,0.0,0,0,0,1,0,0,0,0,1
2024-01-28 06:00:00,0,7,3,6,0,5.7,5.5,0.0,0,0,0,1,0,0,0,0,1
2024-01-29 10:00:00,26,11,57,1021,0,7.4,5.5,0.0,0,1,0,0,0,0,0,0,1
2024-01-29 09:00:00,25,10,42,1316,0,7.4,5.5,0.0,0,1,0,0,0,0,0,0,1
2024-01-29 14:00:00,22,15,118,1046,0,7.4,5.5,0.0,0,1,0,0,0,0,0,0,1
2024-01-28 09:00:00,12,10,108,404,0,5.7,5.5,0.0,0,0,0,1,0,0,0,0,1
2024-01-29 04:00:00,0,5,1,15,0,7.4,5.5,0.0,0,1,0,0,0,0,0,0,1
2024-01-30 16:00:00,9,17,184,936,0,8.7,5.5,0.0,0,0,0,0,0,1,0,0,1
2024-01-30 07:00:00,8,8,62,955,0,8.7,5.5,0.0,0,0,0,0,0,1,0,0,1
2024-01-29 11:00:00,8,12,51,3,0,7.4,5.5,0.0,0,1,0,0,0,0,0,0,1
2024-01-29 00:00:00,0,1,4,11,0,7.4,5.5,0.0,0,1,0,0,0,0,0,0,1
2024-01-29 03:00:00,0,4,1,11,0,7.4,5.5,0.0,0,1,0,0,0,0,0,0,1
2024-01-29 08:00:00,17,9,63,1700,0,7.4,5.5,0.0,0,1,0,0,0,0,0,0,1
2024-01-29 01:00:00,0,2,3,6,0,7.4,5.5,0.0,0,1,0,0,0,0,0,0,1
2024-01-28 08:00:00,2,9,63,150,0,5.7,5.5,0.0,0,0,0,1,0,0,0,0,1
2024-01-29 02:00:00,0,3,2,5,0,7.4,5.5,0.0,0,1,0,0,0,0,0,0,1
2024-01-29 13:00:00,16,14,101,968,0,7.4,5.5,0.0,0,1,0,0,0,0,0,0,1
2024-01-29 22:00:00,0,23,19,3,0,7.4,5.5,0.0,0,1,0,0,0,0,0,0,1
2024-01-29 19:00:00,5,20,155,86,0,7.4,5.5,0.0,0,1,0,0,0,0,0,0,1
2024-01-30 08:00:00,41,9,100,1913,0,8.7,5.5,0.0,0,0,0,0,0,1,0,0,1
2024-01-30 09:00:00,25,10,192,982,0,8.7,5.5,0.0,0,0,0,0,0,1,0,0,1
2024-01-30 10:00:00,24,11,151,850,0,8.7,5.5,0.0,0,0,0,0,0,1,0,0,1
2024-01-30 14:00:00,24,15,183,749,0,8.7,5.5,0.0,0,0,0,0,0,1,0,0,1
2024-01-30 11:00:00,22,12,167,975,0,8.7,5.5,0.0,0,0,0,0,0,1,0,0,1
2024-01-30 13:00:00,20,14,295,1034,0,8.7,5.5,0.0,0,0,0,0,0,1,0,0,1
2024-01-30 12:00:00,19,13,262,982,0,8.7,5.5,0.0,0,0,0,0,0,1,0,0,1
2024-01-29 12:00:00,4,13,89,1,0,7.4,5.5,0.0,0,1,0,0,0,0,0,0,1
2024-01-29 18:00:00,3,19,95,130,0,7.4,5.5,0.0,0,1,0,0,0,0,0,0,1
2024-01-29 07:00:00,2,8,72,613,0,7.4,5.5,0.0,0,1,0,0,0,0,0,0,1
2024-01-29 17:00:00,2,18,154,218,0,7.4,5.5,0.0,0,1,0,0,0,0,0,0,1
2024-01-29 20:00:00,2,21,69,61,0,7.4,5.5,0.0,0,1,0,0,0,0,0,0,1
2024-01-29 21:00:00,2,22,30,43,0,7.4,5.5,0.0,0,1,0,0,0,0,0,0,1
2024-01-29 16:00:00,12,17,135,1094,0,7.4,5.5,0.0,0,1,0,0,0,0,0,0,1
2024-01-29 15:00:00,10,16,149,1054,0,7.4,5.5,0.0,0,1,0,0,0,0,0,0,1
2024-01-28 23:00:00,2,0,21,27,0,5.7,5.5,0.0,0,0,0,1,0,0,0,0,1
2024-01-28 16:00:00,1,17,341,354,0,5.7,5.5,0.0,0,0,0,1,0,0,0,0,1
2024-01-28 17:00:00,1,18,115,69,0,5.7,5.5,0.0,0,0,0,1,0,0,0,0,1
2024-01-28 02:00:00,1,3,12,45,0,5.7,5.5,0.0,0,0,0,1,0,0,0,0,1
2024-01-28 07:00:00,1,8,22,18,0,5.7,5.5,0.0,0,0,0,1,0,0,0,0,1
2024-01-28 21:00:00,1,22,51,14,0,5.7,5.5,0.0,0,0,0,1,0,0,0,0,1
2024-01-28 00:00:00,0,1,49,88,0,5.7,5.5,0.0,0,0,0,1,0,0,0,0,1
2024-01-29 06:00:00,0,7,48,159,0,7.4,5.5,0.0,0,1,0,0,0,0,0,0,1
2024-01-29 05:00:00,0,6,13,47,0,7.4,5.5,0.0,0,1,0,0,0,0,0,0,1
2024-01-29 23:00:00,0,0,5,17,0,7.4,5.5,0.0,0,1,0,0,0,0,0,0,1
2024-01-31 06:00:00,0,7,37,108,0,11.2,5.5,2.1,0,0,0,0,0,0,1,0,1
2024-01-31 20:00:00,0,21,192,103,0,11.2,5.5,2.1,0,0,0,0,0,0,1,0,1
2024-01-31 08:00:00,0,9,67,81,0,11.2,5.5,2.1,0,0,0,0,0,0,1,0,1
2024-01-31 05:00:00,0,6,13,74,0,11.2,5.5,2.1,0,0,0,0,0,0,1,0,1
2024-01-31 22:00:00,0,23,98,61,0,11.2,5.5,2.1,0,0,0,0,0,0,1,0,1
2024-01-31 01:00:00,0,2,7,42,0,11.2,5.5,2.1,0,0,0,0,0,0,1,0,1
2024-01-31 11:00:00,2,12,30,322,0,11.2,5.5,2.1,0,0,0,0,0,0,1,0,1
2024-01-31 02:00:00,0,3,3,22,0,11.2,5.5,2.1,0,0,0,0,0,0,1,0,1
2024-01-31 23:00:00,0,0,35,17,0,11.2,5.5,2.1,0,0,0,0,0,0,1,0,1
2024-01-31 04:00:00,0,5,6,17,0,11.2,5.5,2.1,0,0,0,0,0,0,1,0,1
2024-01-31 07:00:00,0,8,11,12,0,11.2,5.5,2.1,0,0,0,0,0,0,1,0,1
2024-01-31 03:00:00,0,4,7,10,0,11.2,5.5,2.1,0,0,0,0,0,0,1,0,1
2024-01-31 17:00:00,2,18,121,301,0,11.2,5.5,2.1,0,0,0,0,0,0,1,0,1
2024-01-31 18:00:00,2,19,124,154,0,11.2,5.5,2.1,0,0,0,0,0,0,1,0,1
2024-01-31 15:00:00,1,16,53,717,0,11.2,5.5,2.1,0,0,0,0,0,0,1,0,1
2024-01-31 10:00:00,1,11,45,294,0,11.2,5.5,2.1,0,0,0,0,0,0,1,0,1
2024-01-31 19:00:00,1,20,110,120,0,11.2,5.5,2.1,0,0,0,0,0,0,1,0,1
2024-01-31 21:00:00,1,22,118,82,0,11.2,5.5,2.1,0,0,0,0,0,0,1,0,1
2024-01-31 00:00:00,1,1,13,71,0,11.2,5.5,2.1,0,0,0,0,0,0,1,0,1
2024-01-31 12:00:00,0,13,35,636,0,11.2,5.5,2.1,0,0,0,0,0,0,1,0,1
2024-01-31 14:00:00,0,15,18,368,0,11.2,5.5,2.1,0,0,0,0,0,0,1,0,1
2024-01-30 20:00:00,0,21,107,183,0,8.7,5.5,0.0,0,0,0,0,0,1,0,0,1
2024-01-30 21:00:00,0,22,38,167,0,8.7,5.5,0.0,0,0,0,0,0,1,0,0,1
2024-01-30 23:00:00,0,0,17,95,0,8.7,5.5,0.0,0,0,0,0,0,1,0,0,1
2024-01-30 04:00:00,0,5,6,27,0,8.7,5.5,0.0,0,0,0,0,0,1,0,0,1
2024-01-30 00:00:00,0,1,4,26,0,8.7,5.5,0.0,0,0,0,0,0,1,0,0,1
2024-01-30 01:00:00,0,2,2,26,0,8.7,5.5,0.0,0,0,0,0,0,1,0,0,1
2024-01-30 02:00:00,0,3,1,22,0,8.7,5.5,0.0,0,0,0,0,0,1,0,0,1
2024-01-30 03:00:00,0,4,0,14,0,8.7,5.5,0.0,0,0,0,0,0,1,0,0,1
2024-01-31 16:00:00,5,17,106,953,0,11.2,5.5,2.1,0,0,0,0,0,0,1,0,1
2024-01-31 13:00:00,4,14,83,620,0,11.2,5.5,2.1,0,0,0,0,0,0,1,0,1
2024-01-31 09:00:00,4,10,24,236,0,11.2,5.5,2.1,0,0,0,0,0,0,1,0,1
2024-01-30 15:00:00,5,16,118,632,0,8.7,5.5,0.0,0,0,0,0,0,1,0,0,1
2024-01-30 17:00:00,5,18,160,427,0,8.7,5.5,0.0,0,0,0,0,0,1,0,0,1
2024-01-30 18:00:00,4,19,163,284,0,8.7,5.5,0.0,0,0,0,0,0,1,0,0,1
2024-01-30 06:00:00,2,7,26,282,0,8.7,5.5,0.0,0,0,0,0,0,1,0,0,1
2024-01-30 19:00:00,1,20,117,225,0,8.7,5.5,0.0,0,0,0,0,0,1,0,0,1
2024-01-30 22:00:00,1,23,39,204,0,8.7,5.5,0.0,0,0,0,0,0,1,0,0,1
2024-01-30 05:00:00,1,6,9,154,0,8.7,5.5,0.0,0,0,0,0,0,1,0,0,1
2023-11-02 23:00:00,2,0,46,109,0,12.7,3.2,0.3,0,0,0,0,1,0,0,0,1
2023-11-01 18:00:00,2,19,66,65,0,10.0,4.0,7.7,0,0,0,0,0,0,1,0,1
2023-11-01 11:00:00,1,12,13,781,0,10.0,4.0,7.7,0,0,0,0,0,0,1,0,1
2023-11-01 13:00:00,1,14,20,776,0,10.0,4.0,7.7,0,0,0,0,0,0,1,0,1
2023-11-01 22:00:00,1,23,23,186,0,10.0,4.0,7.7,0,0,0,0,0,0,1,0,1
2023-11-01 21:00:00,1,22,21,157,0,10.0,4.0,7.7,0,0,0,0,0,0,1,0,1
2023-11-02 21:00:00,0,22,80,277,0,12.7,3.2,0.3,0,0,0,0,1,0,0,0,1
2023-11-02 22:00:00,0,23,56,203,0,12.7,3.2,0.3,0,0,0,0,1,0,0,0,1
2023-11-02 16:00:00,0,17,122,152,0,12.7,3.2,0.3,0,0,0,0,1,0,0,0,1
2023-11-02 19:00:00,0,20,92,125,0,12.7,3.2,0.3,0,0,0,0,1,0,0,0,1
2023-11-01 19:00:00,1,20,16,5,0,10.0,4.0,7.7,0,0,0,0,0,0,1,0,1
2023-11-02 05:00:00,0,6,5,121,0,12.7,3.2,0.3,0,0,0,0,1,0,0,0,1
2023-11-02 00:00:00,0,1,6,68,0,12.7,3.2,0.3,0,0,0,0,1,0,0,0,1
2023-11-01 06:00:00,0,7,16,230,0,10.0,4.0,7.7,0,0,0,0,0,0,1,0,1
2023-11-01 23:00:00,0,0,11,153,0,10.0,4.0,7.7,0,0,0,0,0,0,1,0,1
2023-11-01 08:00:00,7,9,43,1058,0,10.0,4.0,7.7,0,0,0,0,0,0,1,0,1
2023-11-01 07:00:00,6,8,38,1034,0,10.0,4.0,7.7,0,0,0,0,0,0,1,0,1
2023-11-01 09:00:00,6,10,30,893,0,10.0,4.0,7.7,0,0,0,0,0,0,1,0,1
2023-11-01 00:00:00,4,1,10,63,0,10.0,4.0,7.7,0,0,0,0,0,0,1,0,1
2023-11-01 15:00:00,3,16,55,1285,0,10.0,4.0,7.7,0,0,0,0,0,0,1,0,1
2023-11-01 10:00:00,3,11,22,804,0,10.0,4.0,7.7,0,0,0,0,0,0,1,0,1
2023-11-01 16:00:00,3,17,118,469,0,10.0,4.0,7.7,0,0,0,0,0,0,1,0,1
2023-11-01 14:00:00,2,15,27,916,0,10.0,4.0,7.7,0,0,0,0,0,0,1,0,1
2023-11-01 12:00:00,2,13,15,815,0,10.0,4.0,7.7,0,0,0,0,0,0,1,0,1
2023-11-01 05:00:00,0,6,7,117,0,10.0,4.0,7.7,0,0,0,0,0,0,1,0,1
2023-11-01 20:00:00,0,21,17,83,0,10.0,4.0,7.7,0,0,0,0,0,0,1,0,1
2023-11-01 17:00:00,0,18,62,74,0,10.0,4.0,7.7,0,0,0,0,0,0,1,0,1
2023-11-01 04:00:00,0,5,5,48,0,10.0,4.0,7.7,0,0,0,0,0,0,1,0,1
2023-11-01 03:00:00,0,4,5,36,0,10.0,4.0,7.7,0,0,0,0,0,0,1,0,1
2023-11-01 02:00:00,0,3,12,30,0,10.0,4.0,7.7,0,0,0,0,0,0,1,0,1
2023-11-01 01:00:00,0,2,5,29,0,10.0,4.0,7.7,0,0,0,0,0,0,1,0,1
2023-11-02 08:00:00,25,9,79,1964,0,12.7,3.2,0.3,0,0,0,0,1,0,0,0,1
2023-11-02 13:00:00,6,14,68,1447,0,12.7,3.2,0.3,0,0,0,0,1,0,0,0,1
2023-11-02 11:00:00,6,12,56,1286,0,12.7,3.2,0.3,0,0,0,0,1,0,0,0,1
2023-11-02 15:00:00,4,16,71,1566,0,12.7,3.2,0.3,0,0,0,0,1,0,0,0,1
2023-11-02 14:00:00,4,15,38,1399,0,12.7,3.2,0.3,0,0,0,0,1,0,0,0,1
2023-11-02 06:00:00,4,7,20,369,0,12.7,3.2,0.3,0,0,0,0,1,0,0,0,1
2023-11-02 18:00:00,3,19,148,300,0,12.7,3.2,0.3,0,0,0,0,1,0,0,0,1
2023-11-02 01:00:00,0,2,4,48,0,12.7,3.2,0.3,0,0,0,0,1,0,0,0,1
2023-11-02 04:00:00,0,5,1,42,0,12.7,3.2,0.3,0,0,0,0,1,0,0,0,1
2023-11-02 20:00:00,0,21,73,35,0,12.7,3.2,0.3,0,0,0,0,1,0,0,0,1
2023-11-02 07:00:00,18,8,48,1834,0,12.7,3.2,0.3,0,0,0,0,1,0,0,0,1
2023-11-02 17:00:00,0,18,75,34,0,12.7,3.2,0.3,0,0,0,0,1,0,0,0,1
2023-11-02 02:00:00,0,3,1,34,0,12.7,3.2,0.3,0,0,0,0,1,0,0,0,1
2023-11-02 03:00:00,0,4,4,19,0,12.7,3.2,0.3,0,0,0,0,1,0,0,0,1
2023-11-02 10:00:00,15,11,58,1577,0,12.7,3.2,0.3,0,0,0,0,1,0,0,0,1
2023-11-02 09:00:00,14,10,59,1507,0,12.7,3.2,0.3,0,0,0,0,1,0,0,0,1
2023-11-02 12:00:00,7,13,102,1283,0,12.7,3.2,0.3,0,0,0,0,1,0,0,0,1
2023-11-03 10:00:00,24,11,97,709,0,11.2,7.3,1.4,1,0,0,0,0,0,0,0,1
2023-11-03 08:00:00,18,9,55,1047,0,11.2,7.3,1.4,1,0,0,0,0,0,0,0,1
2023-11-03 09:00:00,16,10,82,811,0,11.2,7.3,1.4,1,0,0,0,0,0,0,0,1
2023-11-03 13:00:00,16,14,188,760,0,11.2,7.3,1.4,1,0,0,0,0,0,0,0,1
2023-11-03 11:00:00,15,12,82,699,0,11.2,7.3,1.4,1,0,0,0,0,0,0,0,1
2023-11-03 07:00:00,14,8,35,719,0,11.2,7.3,1.4,1,0,0,0,0,0,0,0,1
2023-11-03 12:00:00,14,13,150,665,0,11.2,7.3,1.4,1,0,0,0,0,0,0,0,1
2023-11-03 14:00:00,13,15,98,725,0,11.2,7.3,1.4,1,0,0,0,0,0,0,0,1
2023-11-04 09:00:00,14,10,71,116,0,10.6,5.5,0.6,0,0,1,0,0,0,0,0,1
2023-11-03 20:00:00,1,21,46,17,0,11.2,7.3,1.4,1,0,0,0,0,0,0,0,1
2023-11-03 22:00:00,1,23,41,12,0,11.2,7.3,1.4,1,0,0,0,0,0,0,0,1
2023-11-03 18:00:00,1,19,29,8,0,11.2,7.3,1.4,1,0,0,0,0,0,0,0,1
2023-11-03 19:00:00,1,20,52,6,0,11.2,7.3,1.4,1,0,0,0,0,0,0,0,1
2023-11-03 00:00:00,0,1,23,64,0,11.2,7.3,1.4,1,0,0,0,0,0,0,0,1
2023-11-03 03:00:00,0,4,7,44,0,11.2,7.3,1.4,1,0,0,0,0,0,0,0,1
2023-11-03 02:00:00,0,3,7,41,0,11.2,7.3,1.4,1,0,0,0,0,0,0,0,1
2023-11-03 01:00:00,0,2,8,36,0,11.2,7.3,1.4,1,0,0,0,0,0,0,0,1
2023-11-03 17:00:00,0,18,91,34,0,11.2,7.3,1.4,1,0,0,0,0,0,0,0,1
2023-11-03 06:00:00,0,7,18,12,0,11.2,7.3,1.4,1,0,0,0,0,0,0,0,1
2023-11-03 23:00:00,0,0,29,11,0,11.2,7.3,1.4,1,0,0,0,0,0,0,0,1
2023-11-04 16:00:00,6,17,256,585,0,10.6,5.5,0.6,0,0,1,0,0,0,0,0,1
2023-11-03 21:00:00,0,22,40,6,0,11.2,7.3,1.4,1,0,0,0,0,0,0,0,1
2023-11-03 04:00:00,0,5,0,6,0,11.2,7.3,1.4,1,0,0,0,0,0,0,0,1
2023-11-03 05:00:00,0,6,0,4,0,11.2,7.3,1.4,1,0,0,0,0,0,0,0,1
2023-11-04 12:00:00,28,13,185,558,0,10.6,5.5,0.6,0,0,1,0,0,0,0,0,1
2023-11-04 15:00:00,24,16,223,484,0,10.6,5.5,0.6,0,0,1,0,0,0,0,0,1
2023-11-04 11:00:00,22,12,153,154,0,10.6,5.5,0.6,0,0,1,0,0,0,0,0,1
2023-11-04 13:00:00,19,14,158,795,0,10.6,5.5,0.6,0,0,1,0,0,0,0,0,1
2023-11-04 14:00:00,18,15,240,788,0,10.6,5.5,0.6,0,0,1,0,0,0,0,0,1
2023-11-04 10:00:00,4,11,111,606,0,10.6,5.5,0.6,0,0,1,0,0,0,0,0,1
2023-11-04 08:00:00,4,9,45,50,0,10.6,5.5,0.6,0,0,1,0,0,0,0,0,1
2023-11-04 07:00:00,4,8,25,18,0,10.6,5.5,0.6,0,0,1,0,0,0,0,0,1
2023-11-04 20:00:00,2,21,120,230,0,10.6,5.5,0.6,0,0,1,0,0,0,0,0,1
2023-11-04 21:00:00,1,22,99,252,0,10.6,5.5,0.6,0,0,1,0,0,0,0,0,1
2023-11-04 18:00:00,0,19,87,348,0,10.6,5.5,0.6,0,0,1,0,0,0,0,0,1
2023-11-04 17:00:00,0,18,93,324,0,10.6,5.5,0.6,0,0,1,0,0,0,0,0,1
2023-11-04 22:00:00,0,23,30,323,0,10.6,5.5,0.6,0,0,1,0,0,0,0,0,1
2023-11-04 19:00:00,0,20,157,289,0,10.6,5.5,0.6,0,0,1,0,0,0,0,0,1
2023-11-04 23:00:00,0,0,39,275,0,10.6,5.5,0.6,0,0,1,0,0,0,0,0,1
2023-11-04 01:00:00,0,2,5,18,0,10.6,5.5,0.6,0,0,1,0,0,0,0,0,1
2023-11-04 00:00:00,0,1,18,17,0,10.6,5.5,0.6,0,0,1,0,0,0,0,0,1
2023-11-04 03:00:00,0,4,4,15,0,10.6,5.5,0.6,0,0,1,0,0,0,0,0,1
2023-11-04 04:00:00,0,5,4,13,0,10.6,5.5,0.6,0,0,1,0,0,0,0,0,1
2023-11-04 02:00:00,0,3,0,13,0,10.6,5.5,0.6,0,0,1,0,0,0,0,0,1
2023-11-04 06:00:00,0,7,14,9,0,10.6,5.5,0.6,0,0,1,0,0,0,0,0,1
2023-11-04 05:00:00,0,6,2,9,0,10.6,5.5,0.6,0,0,1,0,0,0,0,0,1
2023-11-05 11:00:00,41,12,216,980,0,10.8,5.5,0.0,0,0,0,1,0,0,0,0,1
2023-11-05 10:00:00,40,11,138,753,0,10.8,5.5,0.0,0,0,0,1,0,0,0,0,1
2023-11-05 09:00:00,27,10,71,540,0,10.8,5.5,0.0,0,0,0,1,0,0,0,0,1
2023-11-05 12:00:00,23,13,130,555,0,10.8,5.5,0.0,0,0,0,1,0,0,0,0,1
2023-11-03 15:00:00,5,16,75,704,0,11.2,7.3,1.4,1,0,0,0,0,0,0,0,1
2023-11-03 16:00:00,5,17,129,532,0,11.2,7.3,1.4,1,0,0,0,0,0,0,0,1
2023-11-05 08:00:00,11,9,45,419,0,10.8,5.5,0.0,0,0,0,1,0,0,0,0,1
2023-11-05 07:00:00,2,8,24,220,0,10.8,5.5,0.0,0,0,0,1,0,0,0,0,1
2023-11-05 06:00:00,1,7,13,155,0,10.8,5.5,0.0,0,0,0,1,0,0,0,0,1
2023-11-05 03:00:00,1,4,6,44,0,10.8,5.5,0.0,0,0,0,1,0,0,0,0,1
2023-11-05 02:00:00,1,3,5,44,0,10.8,5.5,0.0,0,0,0,1,0,0,0,0,1
2023-11-05 00:00:00,0,1,45,121,0,10.8,5.5,0.0,0,0,0,1,0,0,0,0,1
2023-11-05 04:00:00,0,5,4,69,0,10.8,5.5,0.0,0,0,0,1,0,0,0,0,1
2023-11-05 01:00:00,0,2,21,36,0,10.8,5.5,0.0,0,0,0,1,0,0,0,0,1
2023-11-05 05:00:00,0,6,1,11,0,10.8,5.5,0.0,0,0,0,1,0,0,0,0,1
2023-11-12 23:00:00,0,0,11,51,0,9.0,-0.1,7.7,0,0,0,1,0,0,0,0,1
2023-11-13 11:00:00,0,12,11,763,0,8.4,-0.1,27.3,0,1,0,0,0,0,0,0,1
2023-11-13 20:00:00,0,21,44,453,0,8.4,-0.1,27.3,0,1,0,0,0,0,0,0,1
2023-11-13 16:00:00,0,17,49,446,0,8.4,-0.1,27.3,0,1,0,0,0,0,0,0,1
2023-11-13 10:00:00,0,11,7,442,0,8.4,-0.1,27.3,0,1,0,0,0,0,0,0,1
2023-11-13 19:00:00,0,20,60,309,0,8.4,-0.1,27.3,0,1,0,0,0,0,0,0,1
2023-11-13 05:00:00,0,6,21,155,0,8.4,-0.1,27.3,0,1,0,0,0,0,0,0,1
2023-11-13 00:00:00,0,1,12,95,0,8.4,-0.1,27.3,0,1,0,0,0,0,0,0,1
2023-11-13 09:00:00,0,10,37,94,0,8.4,-0.1,27.3,0,1,0,0,0,0,0,0,1
2023-11-13 01:00:00,0,2,10,76,0,8.4,-0.1,27.3,0,1,0,0,0,0,0,0,1
2023-11-13 17:00:00,0,18,60,56,0,8.4,-0.1,27.3,0,1,0,0,0,0,0,0,1
2023-11-13 06:00:00,0,7,38,52,0,8.4,-0.1,27.3,0,1,0,0,0,0,0,0,1
2023-11-13 02:00:00,0,3,1,51,0,8.4,-0.1,27.3,0,1,0,0,0,0,0,0,1
2023-11-13 04:00:00,0,5,3,42,0,8.4,-0.1,27.3,0,1,0,0,0,0,0,0,1
2023-11-13 03:00:00,0,4,5,29,0,8.4,-0.1,27.3,0,1,0,0,0,0,0,0,1
2023-11-13 08:00:00,9,9,68,399,0,8.4,-0.1,27.3,0,1,0,0,0,0,0,0,1
2023-11-14 08:00:00,10,9,57,958,0,8.0,6.1,19.6,0,0,0,0,0,1,0,0,1
2023-11-14 09:00:00,8,10,42,873,0,8.0,6.1,19.6,0,0,0,0,0,1,0,0,1
2023-11-14 10:00:00,5,11,52,671,0,8.0,6.1,19.6,0,0,0,0,0,1,0,0,1
2023-11-14 13:00:00,4,14,51,571,0,8.0,6.1,19.6,0,0,0,0,0,1,0,0,1
2023-11-14 07:00:00,4,8,34,106,0,8.0,6.1,19.6,0,0,0,0,0,1,0,0,1
2023-11-14 12:00:00,3,13,47,585,0,8.0,6.1,19.6,0,0,0,0,0,1,0,0,1
2023-11-14 14:00:00,3,15,30,580,0,8.0,6.1,19.6,0,0,0,0,0,1,0,0,1
2023-11-14 05:00:00,3,6,8,203,0,8.0,6.1,19.6,0,0,0,0,0,1,0,0,1
2023-11-13 15:00:00,1,16,30,943,0,8.4,-0.1,27.3,0,1,0,0,0,0,0,0,1
2023-11-13 14:00:00,1,15,17,878,0,8.4,-0.1,27.3,0,1,0,0,0,0,0,0,1
2023-11-13 13:00:00,1,14,23,724,0,8.4,-0.1,27.3,0,1,0,0,0,0,0,0,1
2023-11-13 12:00:00,1,13,16,610,0,8.4,-0.1,27.3,0,1,0,0,0,0,0,0,1
2023-11-13 22:00:00,1,23,19,247,0,8.4,-0.1,27.3,0,1,0,0,0,0,0,0,1
2023-11-13 18:00:00,1,19,63,208,0,8.4,-0.1,27.3,0,1,0,0,0,0,0,0,1
2023-11-13 07:00:00,4,8,34,83,0,8.4,-0.1,27.3,0,1,0,0,0,0,0,0,1
2023-11-13 23:00:00,1,0,15,162,0,8.4,-0.1,27.3,0,1,0,0,0,0,0,0,1
2023-11-13 21:00:00,2,22,35,368,0,8.4,-0.1,27.3,0,1,0,0,0,0,0,0,1
2023-11-14 19:00:00,0,20,53,690,0,8.0,6.1,19.6,0,0,0,0,0,1,0,0,1
2023-11-14 20:00:00,0,21,72,485,0,8.0,6.1,19.6,0,0,0,0,0,1,0,0,1
2023-11-14 21:00:00,0,22,33,368,0,8.0,6.1,19.6,0,0,0,0,0,1,0,0,1
2023-11-14 22:00:00,0,23,20,250,0,8.0,6.1,19.6,0,0,0,0,0,1,0,0,1
2023-11-15 06:00:00,3,7,27,483,0,6.8,6.1,1.1,0,0,0,0,0,0,1,0,1
2023-11-14 23:00:00,0,0,8,116,0,8.0,6.1,19.6,0,0,0,0,0,1,0,0,1
2023-11-14 00:00:00,0,1,2,89,0,8.0,6.1,19.6,0,0,0,0,0,1,0,0,1
2023-11-15 12:00:00,12,13,91,1320,0,6.8,6.1,1.1,0,0,0,0,0,0,1,0,1
2023-11-15 07:00:00,11,8,37,1280,0,6.8,6.1,1.1,0,0,0,0,0,0,1,0,1
2023-11-16 19:00:00,7,20,115,43,0,11.2,5.5,0.0,0,0,0,0,1,0,0,0,1
2023-11-16 16:00:00,6,17,131,281,0,11.2,5.5,0.0,0,0,0,0,1,0,0,0,1
2023-11-16 17:00:00,6,18,151,77,0,11.2,5.5,0.0,0,0,0,0,1,0,0,0,1
2023-11-14 11:00:00,2,12,65,637,0,8.0,6.1,19.6,0,0,0,0,0,1,0,0,1
2023-11-15 18:00:00,3,19,99,16,0,6.8,6.1,1.1,0,0,0,0,0,0,1,0,1
2023-11-14 15:00:00,2,16,66,531,0,8.0,6.1,19.6,0,0,0,0,0,1,0,0,1
2023-11-15 19:00:00,3,20,122,14,0,6.8,6.1,1.1,0,0,0,0,0,0,1,0,1
2023-11-16 09:00:00,42,10,104,194,0,11.2,5.5,0.0,0,0,0,0,1,0,0,0,1
2023-11-15 05:00:00,0,6,8,175,0,6.8,6.1,1.1,0,0,0,0,0,0,1,0,1
2023-11-14 02:00:00,0,3,0,64,0,8.0,6.1,19.6,0,0,0,0,0,1,0,0,1
2023-11-15 10:00:00,10,11,66,1539,0,6.8,6.1,1.1,0,0,0,0,0,0,1,0,1
2023-11-15 15:00:00,10,16,127,1297,0,6.8,6.1,1.1,0,0,0,0,0,0,1,0,1
2023-11-15 09:00:00,8,10,54,1464,0,6.8,6.1,1.1,0,0,0,0,0,0,1,0,1
2023-11-15 16:00:00,8,17,115,423,0,6.8,6.1,1.1,0,0,0,0,0,0,1,0,1
2023-11-15 11:00:00,7,12,47,1375,0,6.8,6.1,1.1,0,0,0,0,0,0,1,0,1
2023-11-15 14:00:00,7,15,138,1267,0,6.8,6.1,1.1,0,0,0,0,0,0,1,0,1
2023-11-15 13:00:00,6,14,112,1253,0,6.8,6.1,1.1,0,0,0,0,0,0,1,0,1
2023-11-15 17:00:00,5,18,95,13,0,6.8,6.1,1.1,0,0,0,0,0,0,1,0,1
2023-11-16 11:00:00,32,12,54,493,0,11.2,5.5,0.0,0,0,0,0,1,0,0,0,1
2023-11-16 12:00:00,30,13,98,396,0,11.2,5.5,0.0,0,0,0,0,1,0,0,0,1
2023-11-14 03:00:00,0,4,0,58,0,8.0,6.1,19.6,0,0,0,0,0,1,0,0,1
2023-11-14 04:00:00,0,5,1,56,0,8.0,6.1,19.6,0,0,0,0,0,1,0,0,1
2023-11-14 01:00:00,0,2,8,50,0,8.0,6.1,19.6,0,0,0,0,0,1,0,0,1
2023-11-16 15:00:00,25,16,105,512,0,11.2,5.5,0.0,0,0,0,0,1,0,0,0,1
2023-11-15 04:00:00,0,5,1,54,0,6.8,6.1,1.1,0,0,0,0,0,0,1,0,1
2023-11-16 08:00:00,24,9,101,697,0,11.2,5.5,0.0,0,0,0,0,1,0,0,0,1
2023-11-15 00:00:00,0,1,3,46,0,6.8,6.1,1.1,0,0,0,0,0,0,1,0,1
2023-11-16 10:00:00,22,11,99,490,0,11.2,5.5,0.0,0,0,0,0,1,0,0,0,1
2023-11-15 03:00:00,0,4,2,32,0,6.8,6.1,1.1,0,0,0,0,0,0,1,0,1
2023-11-16 14:00:00,20,15,110,511,0,11.2,5.5,0.0,0,0,0,0,1,0,0,0,1
2023-11-15 20:00:00,0,21,56,31,0,6.8,6.1,1.1,0,0,0,0,0,0,1,0,1
2023-11-15 01:00:00,0,2,0,29,0,6.8,6.1,1.1,0,0,0,0,0,0,1,0,1
2023-11-16 13:00:00,16,14,220,440,0,11.2,5.5,0.0,0,0,0,0,1,0,0,0,1
2023-11-14 18:00:00,1,19,70,464,0,8.0,6.1,19.6,0,0,0,0,0,1,0,0,1
2023-11-15 08:00:00,17,9,49,1815,0,6.8,6.1,1.1,0,0,0,0,0,0,1,0,1
2023-11-14 16:00:00,1,17,77,137,0,8.0,6.1,19.6,0,0,0,0,0,1,0,0,1
2023-11-15 02:00:00,0,3,0,17,0,6.8,6.1,1.1,0,0,0,0,0,0,1,0,1
2023-11-14 06:00:00,1,7,12,114,0,8.0,6.1,19.6,0,0,0,0,0,1,0,0,1
2023-11-15 22:00:00,0,23,4,14,0,6.8,6.1,1.1,0,0,0,0,0,0,1,0,1
2023-11-15 21:00:00,0,22,13,11,0,6.8,6.1,1.1,0,0,0,0,0,0,1,0,1
2023-11-16 07:00:00,13,8,52,488,0,11.2,5.5,0.0,0,0,0,0,1,0,0,0,1
2023-11-15 23:00:00,0,0,12,4,0,6.8,6.1,1.1,0,0,0,0,0,0,1,0,1
2023-11-14 17:00:00,1,18,47,21,0,8.0,6.1,19.6,0,0,0,0,0,1,0,0,1
2023-11-17 20:00:00,2,21,58,71,0,10.8,3.9,2.4,1,0,0,0,0,0,0,0,1
2023-11-17 05:00:00,2,6,12,69,0,10.8,3.9,2.4,1,0,0,0,0,0,0,0,1
2023-11-17 22:00:00,1,23,76,83,0,10.8,3.9,2.4,1,0,0,0,0,0,0,0,1
2023-11-16 03:00:00,1,4,14,3,0,11.2,5.5,0.0,0,0,0,0,1,0,0,0,1
2023-11-17 23:00:00,0,0,63,62,0,10.8,3.9,2.4,1,0,0,0,0,0,0,0,1
2023-11-17 04:00:00,0,5,3,18,0,10.8,3.9,2.4,1,0,0,0,0,0,0,0,1
2023-11-17 02:00:00,0,3,12,16,0,10.8,3.9,2.4,1,0,0,0,0,0,0,0,1
2023-11-17 03:00:00,0,4,2,15,0,10.8,3.9,2.4,1,0,0,0,0,0,0,0,1
2023-11-17 01:00:00,0,2,10,12,0,10.8,3.9,2.4,1,0,0,0,0,0,0,0,1
2023-11-16 18:00:00,4,19,103,51,0,11.2,5.5,0.0,0,0,0,0,1,0,0,0,1
2023-11-18 17:00:00,3,18,133,1140,0,12.9,5.5,9.6,0,0,1,0,0,0,0,0,1
2023-11-18 11:00:00,3,12,49,988,0,12.9,5.5,9.6,0,0,1,0,0,0,0,0,1
2023-11-18 09:00:00,3,10,53,876,0,12.9,5.5,9.6,0,0,1,0,0,0,0,0,1
2023-11-18 18:00:00,2,19,152,888,0,12.9,5.5,9.6,0,0,1,0,0,0,0,0,1
2023-11-18 19:00:00,2,20,92,571,0,12.9,5.5,9.6,0,0,1,0,0,0,0,0,1
2023-11-18 14:00:00,1,15,85,1085,0,12.9,5.5,9.6,0,0,1,0,0,0,0,0,1
2023-11-18 13:00:00,1,14,57,994,0,12.9,5.5,9.6,0,0,1,0,0,0,0,0,1
2023-11-17 09:00:00,26,10,58,21,0,10.8,3.9,2.4,1,0,0,0,0,0,0,0,1
2023-11-17 18:00:00,8,19,127,486,0,10.8,3.9,2.4,1,0,0,0,0,0,0,0,1
2023-11-17 08:00:00,8,9,51,5,0,10.8,3.9,2.4,1,0,0,0,0,0,0,0,1
2023-11-17 07:00:00,5,8,49,188,0,10.8,3.9,2.4,1,0,0,0,0,0,0,0,1
2023-11-17 16:00:00,3,17,257,366,0,10.8,3.9,2.4,1,0,0,0,0,0,0,0,1
2023-11-17 06:00:00,3,7,42,162,0,10.8,3.9,2.4,1,0,0,0,0,0,0,0,1
2023-11-17 17:00:00,3,18,300,95,0,10.8,3.9,2.4,1,0,0,0,0,0,0,0,1
2023-11-17 21:00:00,3,22,112,78,0,10.8,3.9,2.4,1,0,0,0,0,0,0,0,1
2023-11-17 19:00:00,3,20,83,45,0,10.8,3.9,2.4,1,0,0,0,0,0,0,0,1
2023-11-17 00:00:00,1,1,12,31,0,10.8,3.9,2.4,1,0,0,0,0,0,0,0,1
2023-11-16 22:00:00,3,23,83,140,0,11.2,5.5,0.0,0,0,0,0,1,0,0,0,1
2023-11-16 05:00:00,0,6,3,6,0,11.2,5.5,0.0,0,0,0,0,1,0,0,0,1
2023-11-16 04:00:00,0,5,1,6,0,11.2,5.5,0.0,0,0,0,0,1,0,0,0,1
2023-11-16 02:00:00,0,3,6,2,0,11.2,5.5,0.0,0,0,0,0,1,0,0,0,1
2023-11-16 00:00:00,0,1,1,2,0,11.2,5.5,0.0,0,0,0,0,1,0,0,0,1
2023-11-16 01:00:00,0,2,4,0,0,11.2,5.5,0.0,0,0,0,0,1,0,0,0,1
2023-11-17 13:00:00,19,14,154,3,0,10.8,3.9,2.4,1,0,0,0,0,0,0,0,1
2023-11-18 12:00:00,8,13,93,1212,0,12.9,5.5,9.6,0,0,1,0,0,0,0,0,1
2023-11-16 21:00:00,2,22,49,116,0,11.2,5.5,0.0,0,0,0,0,1,0,0,0,1
2023-11-16 23:00:00,2,0,37,75,0,11.2,5.5,0.0,0,0,0,0,1,0,0,0,1
2023-11-17 12:00:00,16,13,130,18,0,10.8,3.9,2.4,1,0,0,0,0,0,0,0,1
2023-11-17 10:00:00,16,11,272,15,0,10.8,3.9,2.4,1,0,0,0,0,0,0,0,1
2023-11-17 15:00:00,15,16,222,848,0,10.8,3.9,2.4,1,0,0,0,0,0,0,0,1
2023-11-17 14:00:00,15,15,135,70,0,10.8,3.9,2.4,1,0,0,0,0,0,0,0,1
2023-11-17 11:00:00,14,12,124,15,0,10.8,3.9,2.4,1,0,0,0,0,0,0,0,1
2023-11-16 06:00:00,2,7,7,7,0,11.2,5.5,0.0,0,0,0,0,1,0,0,0,1
2023-11-18 08:00:00,7,9,67,492,0,12.9,5.5,9.6,0,0,1,0,0,0,0,0,1
2023-11-18 16:00:00,5,17,112,1271,0,12.9,5.5,9.6,0,0,1,0,0,0,0,0,1
2023-11-16 20:00:00,1,21,144,115,0,11.2,5.5,0.0,0,0,0,0,1,0,0,0,1
2023-11-18 15:00:00,5,16,134,855,0,12.9,5.5,9.6,0,0,1,0,0,0,0,0,1
2023-11-18 10:00:00,4,11,61,949,0,12.9,5.5,9.6,0,0,1,0,0,0,0,0,1
2023-11-19 02:00:00,1,3,8,32,0,12.5,5.5,0.2,0,0,0,1,0,0,0,0,1
2023-11-18 07:00:00,0,8,23,365,0,12.9,5.5,9.6,0,0,1,0,0,0,0,0,1
2023-11-19 19:00:00,0,20,79,232,0,12.5,5.5,0.2,0,0,0,1,0,0,0,0,1
2023-11-19 00:00:00,0,1,17,182,0,12.5,5.5,0.2,0,0,0,1,0,0,0,0,1
2023-11-19 01:00:00,0,2,14,66,0,12.5,5.5,0.2,0,0,0,1,0,0,0,0,1
2023-11-19 06:00:00,0,7,17,53,0,12.5,5.5,0.2,0,0,0,1,0,0,0,0,1
2023-11-19 05:00:00,0,6,8,31,0,12.5,5.5,0.2,0,0,0,1,0,0,0,0,1
2023-11-19 03:00:00,0,4,13,30,0,12.5,5.5,0.2,0,0,0,1,0,0,0,0,1
2023-11-19 04:00:00,0,5,7,18,0,12.5,5.5,0.2,0,0,0,1,0,0,0,0,1
2023-11-19 16:00:00,10,17,368,382,0,12.5,5.5,0.2,0,0,0,1,0,0,0,0,1
2023-11-19 08:00:00,10,9,78,30,0,12.5,5.5,0.2,0,0,0,1,0,0,0,0,1
2023-11-18 00:00:00,0,1,47,46,0,12.9,5.5,9.6,0,0,1,0,0,0,0,0,1
2023-11-19 22:00:00,0,23,35,7,0,12.5,5.5,0.2,0,0,0,1,0,0,0,0,1
2023-11-18 06:00:00,0,7,1,44,0,12.9,5.5,9.6,0,0,1,0,0,0,0,0,1
2023-11-18 23:00:00,0,0,20,134,0,12.9,5.5,9.6,0,0,1,0,0,0,0,0,1
2023-11-18 01:00:00,0,2,15,28,0,12.9,5.5,9.6,0,0,1,0,0,0,0,0,1
2023-11-20 10:00:00,12,11,64,595,0,12.0,8.3,0.0,0,1,0,0,0,0,0,0,1
2023-11-19 20:00:00,0,21,59,5,0,12.5,5.5,0.2,0,0,0,1,0,0,0,0,1
2023-11-19 18:00:00,3,19,261,522,0,12.5,5.5,0.2,0,0,0,1,0,0,0,0,1
2023-11-18 04:00:00,0,5,1,17,0,12.9,5.5,9.6,0,0,1,0,0,0,0,0,1
2023-11-20 17:00:00,3,18,244,498,0,12.0,8.3,0.0,0,1,0,0,0,0,0,0,1
2023-11-18 03:00:00,0,4,4,16,0,12.9,5.5,9.6,0,0,1,0,0,0,0,0,1
2023-11-19 23:00:00,0,0,9,5,0,12.5,5.5,0.2,0,0,0,1,0,0,0,0,1
2023-11-20 11:00:00,11,12,146,661,0,12.0,8.3,0.0,0,1,0,0,0,0,0,0,1
2023-11-18 02:00:00,0,3,22,15,0,12.9,5.5,9.6,0,0,1,0,0,0,0,0,1
2023-11-19 21:00:00,0,22,28,4,0,12.5,5.5,0.2,0,0,0,1,0,0,0,0,1
2023-11-20 07:00:00,3,8,65,356,0,12.0,8.3,0.0,0,1,0,0,0,0,0,0,1
2023-11-20 18:00:00,3,19,155,318,0,12.0,8.3,0.0,0,1,0,0,0,0,0,0,1
2023-11-19 17:00:00,3,18,354,130,0,12.5,5.5,0.2,0,0,0,1,0,0,0,0,1
2023-11-19 07:00:00,3,8,39,80,0,12.5,5.5,0.2,0,0,0,1,0,0,0,0,1
2023-11-20 15:00:00,10,16,95,652,0,12.0,8.3,0.0,0,1,0,0,0,0,0,0,1
2023-11-18 05:00:00,0,6,3,6,0,12.9,5.5,9.6,0,0,1,0,0,0,0,0,1
2023-11-18 21:00:00,0,22,48,4,0,12.9,5.5,9.6,0,0,1,0,0,0,0,0,1
2023-11-18 22:00:00,0,23,12,3,0,12.9,5.5,9.6,0,0,1,0,0,0,0,0,1
2023-11-18 20:00:00,0,21,43,1,0,12.9,5.5,9.6,0,0,1,0,0,0,0,0,1
2023-11-19 12:00:00,49,13,468,715,0,12.5,5.5,0.2,0,0,0,1,0,0,0,0,1
2023-11-19 09:00:00,47,10,197,47,0,12.5,5.5,0.2,0,0,0,1,0,0,0,0,1
2023-11-19 14:00:00,45,15,968,810,0,12.5,5.5,0.2,0,0,0,1,0,0,0,0,1
2023-11-19 11:00:00,44,12,308,511,0,12.5,5.5,0.2,0,0,0,1,0,0,0,0,1
2023-11-19 13:00:00,39,14,473,724,0,12.5,5.5,0.2,0,0,0,1,0,0,0,0,1
2023-11-19 10:00:00,34,11,298,330,0,12.5,5.5,0.2,0,0,0,1,0,0,0,0,1
2023-11-19 15:00:00,26,16,599,753,0,12.5,5.5,0.2,0,0,0,1,0,0,0,0,1
2023-11-20 16:00:00,9,17,124,345,0,12.0,8.3,0.0,0,1,0,0,0,0,0,0,1
2023-11-20 09:00:00,6,10,70,758,0,12.0,8.3,0.0,0,1,0,0,0,0,0,0,1
2023-11-20 06:00:00,2,7,35,64,0,12.0,8.3,0.0,0,1,0,0,0,0,0,0,1
2023-11-20 19:00:00,2,20,113,21,0,12.0,8.3,0.0,0,1,0,0,0,0,0,0,1
2023-11-20 14:00:00,22,15,196,600,0,12.0,8.3,0.0,0,1,0,0,0,0,0,0,1
2023-11-20 13:00:00,22,14,113,529,0,12.0,8.3,0.0,0,1,0,0,0,0,0,0,1
2023-11-20 12:00:00,19,13,204,580,0,12.0,8.3,0.0,0,1,0,0,0,0,0,0,1
2023-11-20 08:00:00,17,9,63,973,0,12.0,8.3,0.0,0,1,0,0,0,0,0,0,1
2023-11-21 06:00:00,0,7,135,305,0,14.4,3.8,0.0,0,0,0,0,0,1,0,0,1
2023-11-21 05:00:00,0,6,24,81,0,14.4,3.8,0.0,0,0,0,0,0,1,0,0,1
2023-11-21 03:00:00,0,4,6,45,0,14.4,3.8,0.0,0,0,0,0,0,1,0,0,1
2023-11-21 00:00:00,0,1,72,34,0,14.4,3.8,0.0,0,0,0,0,0,1,0,0,1
2023-11-21 04:00:00,0,5,9,27,0,14.4,3.8,0.0,0,0,0,0,0,1,0,0,1
2023-11-21 01:00:00,0,2,23,26,0,14.4,3.8,0.0,0,0,0,0,0,1,0,0,1
2023-11-21 02:00:00,0,3,3,20,0,14.4,3.8,0.0,0,0,0,0,0,1,0,0,1
2023-11-21 21:00:00,0,22,75,16,0,14.4,3.8,0.0,0,0,0,0,0,1,0,0,1
2023-11-21 22:00:00,0,23,37,8,0,14.4,3.8,0.0,0,0,0,0,0,1,0,0,1
2023-11-21 23:00:00,0,0,31,3,0,14.4,3.8,0.0,0,0,0,0,0,1,0,0,1
2023-11-20 20:00:00,1,21,108,6,0,12.0,8.3,0.0,0,1,0,0,0,0,0,0,1
2023-11-22 15:00:00,13,16,180,1106,0,13.1,5.5,0.0,0,0,0,0,0,0,1,0,1
2023-11-22 18:00:00,5,19,200,448,0,13.1,5.5,0.0,0,0,0,0,0,0,1,0,1
2023-11-20 21:00:00,1,22,29,4,0,12.0,8.3,0.0,0,1,0,0,0,0,0,0,1
2023-11-21 17:00:00,18,18,297,224,0,14.4,3.8,0.0,0,0,0,0,0,1,0,0,1
2023-11-22 10:00:00,13,11,172,827,0,13.1,5.5,0.0,0,0,0,0,0,0,1,0,1
2023-11-22 12:00:00,13,13,224,778,0,13.1,5.5,0.0,0,0,0,0,0,0,1,0,1
2023-11-21 07:00:00,17,8,177,766,0,14.4,3.8,0.0,0,0,0,0,0,1,0,0,1
2023-11-21 15:00:00,17,16,166,396,0,14.4,3.8,0.0,0,0,0,0,0,1,0,0,1
2023-11-21 18:00:00,11,19,262,282,0,14.4,3.8,0.0,0,0,0,0,0,1,0,0,1
2023-11-21 16:00:00,11,17,228,252,0,14.4,3.8,0.0,0,0,0,0,0,1,0,0,1
2023-11-22 17:00:00,4,18,307,460,0,13.1,5.5,0.0,0,0,0,0,0,0,1,0,1
2023-11-21 09:00:00,82,10,184,378,0,14.4,3.8,0.0,0,0,0,0,0,1,0,0,1
2023-11-21 08:00:00,45,9,197,734,0,14.4,3.8,0.0,0,0,0,0,0,1,0,0,1
2023-11-21 14:00:00,39,15,116,508,0,14.4,3.8,0.0,0,0,0,0,0,1,0,0,1
2023-11-21 10:00:00,30,11,169,300,0,14.4,3.8,0.0,0,0,0,0,0,1,0,0,1
2023-11-21 13:00:00,29,14,241,282,0,14.4,3.8,0.0,0,0,0,0,0,1,0,0,1
2023-11-21 12:00:00,25,13,249,307,0,14.4,3.8,0.0,0,0,0,0,0,1,0,0,1
2023-11-21 11:00:00,22,12,150,201,0,14.4,3.8,0.0,0,0,0,0,0,1,0,0,1
2023-11-22 09:00:00,34,10,144,993,0,13.1,5.5,0.0,0,0,0,0,0,0,1,0,1
2023-11-22 08:00:00,24,9,77,367,0,13.1,5.5,0.0,0,0,0,0,0,0,1,0,1
2023-11-22 13:00:00,22,14,176,695,0,13.1,5.5,0.0,0,0,0,0,0,0,1,0,1
2023-11-22 14:00:00,15,15,119,948,0,13.1,5.5,0.0,0,0,0,0,0,0,1,0,1
2023-11-22 11:00:00,14,12,148,815,0,13.1,5.5,0.0,0,0,0,0,0,0,1,0,1
2023-11-22 07:00:00,4,8,22,9,0,13.1,5.5,0.0,0,0,0,0,0,0,1,0,1
2023-11-22 19:00:00,3,20,94,480,0,13.1,5.5,0.0,0,0,0,0,0,0,1,0,1
2023-11-21 19:00:00,4,20,149,188,0,14.4,3.8,0.0,0,0,0,0,0,1,0,0,1
2023-11-20 05:00:00,0,6,14,108,0,12.0,8.3,0.0,0,1,0,0,0,0,0,0,1
2023-11-22 21:00:00,3,22,40,316,0,13.1,5.5,0.0,0,0,0,0,0,0,1,0,1
2023-11-21 20:00:00,4,21,56,50,0,14.4,3.8,0.0,0,0,0,0,0,1,0,0,1
2023-11-22 16:00:00,10,17,235,924,0,13.1,5.5,0.0,0,0,0,0,0,0,1,0,1
2023-11-20 04:00:00,0,5,11,24,0,12.0,8.3,0.0,0,1,0,0,0,0,0,0,1
2023-11-20 01:00:00,0,2,9,18,0,12.0,8.3,0.0,0,1,0,0,0,0,0,0,1
2023-11-20 22:00:00,0,23,13,12,0,12.0,8.3,0.0,0,1,0,0,0,0,0,0,1
2023-11-20 03:00:00,0,4,1,11,0,12.0,8.3,0.0,0,1,0,0,0,0,0,0,1
2023-11-20 02:00:00,0,3,6,7,0,12.0,8.3,0.0,0,1,0,0,0,0,0,0,1
2023-11-22 20:00:00,6,21,52,342,0,13.1,5.5,0.0,0,0,0,0,0,0,1,0,1
2023-11-20 23:00:00,0,0,22,5,0,12.0,8.3,0.0,0,1,0,0,0,0,0,0,1
2023-11-20 00:00:00,0,1,16,5,0,12.0,8.3,0.0,0,1,0,0,0,0,0,0,1
2023-11-24 09:00:00,30,10,181,201,0,4.6,4.1,0.0,1,0,0,0,0,0,0,0,1
2023-11-23 14:00:00,11,15,92,43,0,6.7,11.5,0.0,0,0,0,0,1,0,0,0,1
2023-11-23 18:00:00,0,19,81,86,0,6.7,11.5,0.0,0,0,0,0,1,0,0,0,1
2023-11-23 06:00:00,0,7,42,82,0,6.7,11.5,0.0,0,0,0,0,1,0,0,0,1
2023-11-24 12:00:00,25,13,58,800,0,4.6,4.1,0.0,1,0,0,0,0,0,0,0,1
2023-11-22 06:00:00,1,7,24,7,0,13.1,5.5,0.0,0,0,0,0,0,0,1,0,1
2023-11-24 10:00:00,24,11,168,169,0,4.6,4.1,0.0,1,0,0,0,0,0,0,0,1
2023-11-23 10:00:00,3,11,76,442,0,6.7,11.5,0.0,0,0,0,0,1,0,0,0,1
2023-11-23 12:00:00,9,13,124,71,0,6.7,11.5,0.0,0,0,0,0,1,0,0,0,1
2023-11-23 13:00:00,9,14,153,18,0,6.7,11.5,0.0,0,0,0,0,1,0,0,0,1
2023-11-23 07:00:00,7,8,53,164,0,6.7,11.5,0.0,0,0,0,0,1,0,0,0,1
2023-11-23 16:00:00,6,17,128,309,0,6.7,11.5,0.0,0,0,0,0,1,0,0,0,1
2023-11-23 11:00:00,6,12,94,74,0,6.7,11.5,0.0,0,0,0,0,1,0,0,0,1
2023-11-23 20:00:00,0,21,151,51,0,6.7,11.5,0.0,0,0,0,0,1,0,0,0,1
2023-11-23 17:00:00,3,18,74,82,0,6.7,11.5,0.0,0,0,0,0,1,0,0,0,1
2023-11-23 05:00:00,0,6,33,43,0,6.7,11.5,0.0,0,0,0,0,1,0,0,0,1
2023-11-23 22:00:00,0,23,65,36,0,6.7,11.5,0.0,0,0,0,0,1,0,0,0,1
2023-11-23 04:00:00,0,5,5,15,0,6.7,11.5,0.0,0,0,0,0,1,0,0,0,1
2023-11-23 03:00:00,0,4,2,6,0,6.7,11.5,0.0,0,0,0,0,1,0,0,0,1
2023-11-23 00:00:00,0,1,3,2,0,6.7,11.5,0.0,0,0,0,0,1,0,0,0,1
2023-11-23 02:00:00,0,3,1,2,0,6.7,11.5,0.0,0,0,0,0,1,0,0,0,1
2023-11-23 01:00:00,0,2,1,1,0,6.7,11.5,0.0,0,0,0,0,1,0,0,0,1
2023-11-24 15:00:00,20,16,159,121,0,4.6,4.1,0.0,1,0,0,0,0,0,0,0,1
2023-11-24 16:00:00,6,17,132,319,0,4.6,4.1,0.0,1,0,0,0,0,0,0,0,1
2023-11-23 21:00:00,3,22,83,43,0,6.7,11.5,0.0,0,0,0,0,1,0,0,0,1
2023-11-23 09:00:00,26,10,57,182,0,6.7,11.5,0.0,0,0,0,0,1,0,0,0,1
2023-11-23 15:00:00,14,16,75,557,0,6.7,11.5,0.0,0,0,0,0,1,0,0,0,1
2023-11-23 08:00:00,13,9,46,686,0,6.7,11.5,0.0,0,0,0,0,1,0,0,0,1
2023-11-22 22:00:00,0,23,50,70,0,13.1,5.5,0.0,0,0,0,0,0,0,1,0,1
2023-11-24 06:00:00,5,7,20,9,0,4.6,4.1,0.0,1,0,0,0,0,0,0,0,1
2023-11-24 17:00:00,1,18,111,110,0,4.6,4.1,0.0,1,0,0,0,0,0,0,0,1
2023-11-24 18:00:00,1,19,81,70,0,4.6,4.1,0.0,1,0,0,0,0,0,0,0,1
2023-11-24 03:00:00,1,4,11,49,0,4.6,4.1,0.0,1,0,0,0,0,0,0,0,1
2023-11-24 11:00:00,14,12,77,635,0,4.6,4.1,0.0,1,0,0,0,0,0,0,0,1
2023-11-24 14:00:00,12,15,173,94,0,4.6,4.1,0.0,1,0,0,0,0,0,0,0,1
2023-11-24 08:00:00,11,9,52,735,0,4.6,4.1,0.0,1,0,0,0,0,0,0,0,1
2023-11-24 13:00:00,11,14,170,517,0,4.6,4.1,0.0,1,0,0,0,0,0,0,0,1
2023-11-24 07:00:00,10,8,39,238,0,4.6,4.1,0.0,1,0,0,0,0,0,0,0,1
2023-11-23 23:00:00,1,0,17,142,0,6.7,11.5,0.0,0,0,0,0,1,0,0,0,1
2023-11-23 19:00:00,1,20,160,83,0,6.7,11.5,0.0,0,0,0,0,1,0,0,0,1
2023-11-24 20:00:00,1,21,73,11,0,4.6,4.1,0.0,1,0,0,0,0,0,0,0,1
2023-11-22 23:00:00,0,0,17,10,0,13.1,5.5,0.0,0,0,0,0,0,0,1,0,1
2023-11-24 19:00:00,1,20,91,8,0,4.6,4.1,0.0,1,0,0,0,0,0,0,0,1
2023-11-24 21:00:00,1,22,58,3,0,4.6,4.1,0.0,1,0,0,0,0,0,0,0,1
2023-11-22 00:00:00,0,1,25,4,0,13.1,5.5,0.0,0,0,0,0,0,0,1,0,1
2023-11-24 00:00:00,0,1,11,110,0,4.6,4.1,0.0,1,0,0,0,0,0,0,0,1
2023-11-22 05:00:00,0,6,9,3,0,13.1,5.5,0.0,0,0,0,0,0,0,1,0,1
2023-11-22 03:00:00,0,4,7,2,0,13.1,5.5,0.0,0,0,0,0,0,0,1,0,1
2023-11-22 01:00:00,0,2,13,0,0,13.1,5.5,0.0,0,0,0,0,0,0,1,0,1
2023-11-22 02:00:00,0,3,7,0,0,13.1,5.5,0.0,0,0,0,0,0,0,1,0,1
2023-11-22 04:00:00,0,5,6,0,0,13.1,5.5,0.0,0,0,0,0,0,0,1,0,1
2023-11-24 01:00:00,0,2,19,60,0,4.6,4.1,0.0,1,0,0,0,0,0,0,0,1
2023-11-25 13:00:00,16,14,165,211,0,4.3,5.5,0.0,0,0,1,0,0,0,0,0,1
2023-11-25 14:00:00,16,15,210,162,0,4.3,5.5,0.0,0,0,1,0,0,0,0,0,1
2023-11-25 11:00:00,14,12,162,257,0,4.3,5.5,0.0,0,0,1,0,0,0,0,0,1
2023-11-25 09:00:00,12,10,111,370,0,4.3,5.5,0.0,0,0,1,0,0,0,0,0,1
2023-11-25 19:00:00,8,20,192,107,0,4.3,5.5,0.0,0,0,1,0,0,0,0,0,1
2023-11-25 00:00:00,0,1,33,17,0,4.3,5.5,0.0,0,0,1,0,0,0,0,0,1
2023-11-25 03:00:00,0,4,2,17,0,4.3,5.5,0.0,0,0,1,0,0,0,0,0,1
2023-11-25 04:00:00,0,5,0,7,0,4.3,5.5,0.0,0,0,1,0,0,0,0,0,1
2023-11-25 01:00:00,0,2,14,2,0,4.3,5.5,0.0,0,0,1,0,0,0,0,0,1
2023-11-26 11:00:00,39,12,289,107,0,8.4,5.5,0.0,0,0,0,1,0,0,0,0,1
2023-11-26 14:00:00,33,15,240,166,0,8.4,5.5,0.0,0,0,0,1,0,0,0,0,1
2023-11-26 12:00:00,27,13,201,167,0,8.4,5.5,0.0,0,0,0,1,0,0,0,0,1
2023-11-26 09:00:00,20,10,161,251,0,8.4,5.5,0.0,0,0,0,1,0,0,0,0,1
2023-11-26 13:00:00,20,14,239,115,0,8.4,5.5,0.0,0,0,0,1,0,0,0,0,1
2023-11-26 15:00:00,15,16,233,155,0,8.4,5.5,0.0,0,0,0,1,0,0,0,0,1
2023-11-25 21:00:00,1,22,89,49,0,4.3,5.5,0.0,0,0,1,0,0,0,0,0,1
2023-11-25 22:00:00,1,23,76,32,0,4.3,5.5,0.0,0,0,1,0,0,0,0,0,1
2023-11-25 06:00:00,1,7,5,9,0,4.3,5.5,0.0,0,0,1,0,0,0,0,0,1
2023-11-25 05:00:00,1,6,4,8,0,4.3,5.5,0.0,0,0,1,0,0,0,0,0,1
2023-11-25 16:00:00,0,17,236,362,0,4.3,5.5,0.0,0,0,1,0,0,0,0,0,1
2023-11-25 17:00:00,0,18,166,228,0,4.3,5.5,0.0,0,0,1,0,0,0,0,0,1
2023-11-25 07:00:00,0,8,31,100,0,4.3,5.5,0.0,0,0,1,0,0,0,0,0,1
2023-11-25 02:00:00,0,3,11,60,0,4.3,5.5,0.0,0,0,1,0,0,0,0,0,1
2023-11-24 23:00:00,0,0,29,27,0,4.6,4.1,0.0,1,0,0,0,0,0,0,0,1
2023-11-26 17:00:00,2,18,87,28,0,8.4,5.5,0.0,0,0,0,1,0,0,0,0,1
2023-11-26 21:00:00,1,22,81,252,0,8.4,5.5,0.0,0,0,0,1,0,0,0,0,1
2023-11-26 16:00:00,1,17,211,164,0,8.4,5.5,0.0,0,0,0,1,0,0,0,0,1
2023-11-25 08:00:00,5,9,49,400,0,4.3,5.5,0.0,0,0,1,0,0,0,0,0,1
2023-11-26 20:00:00,0,21,126,377,0,8.4,5.5,0.0,0,0,0,1,0,0,0,0,1
2023-11-26 19:00:00,0,20,99,261,0,8.4,5.5,0.0,0,0,0,1,0,0,0,0,1
2023-11-26 22:00:00,0,23,68,87,0,8.4,5.5,0.0,0,0,0,1,0,0,0,0,1
2023-11-26 07:00:00,0,8,57,74,0,8.4,5.5,0.0,0,0,0,1,0,0,0,0,1
2023-11-26 23:00:00,0,0,27,39,0,8.4,5.5,0.0,0,0,0,1,0,0,0,0,1
2023-11-26 06:00:00,0,7,31,32,0,8.4,5.5,0.0,0,0,0,1,0,0,0,0,1
2023-11-26 00:00:00,0,1,39,29,0,8.4,5.5,0.0,0,0,0,1,0,0,0,0,1
2023-11-26 01:00:00,0,2,15,21,0,8.4,5.5,0.0,0,0,0,1,0,0,0,0,1
2023-11-26 18:00:00,0,19,73,17,0,8.4,5.5,0.0,0,0,0,1,0,0,0,0,1
2023-11-24 02:00:00,0,3,4,20,0,4.6,4.1,0.0,1,0,0,0,0,0,0,0,1
2023-11-24 22:00:00,0,23,44,6,0,4.6,4.1,0.0,1,0,0,0,0,0,0,0,1
2023-11-24 05:00:00,0,6,4,4,0,4.6,4.1,0.0,1,0,0,0,0,0,0,0,1
2023-11-24 04:00:00,0,5,0,4,0,4.6,4.1,0.0,1,0,0,0,0,0,0,0,1
2023-11-25 12:00:00,22,13,192,120,0,4.3,5.5,0.0,0,0,1,0,0,0,0,0,1
2023-11-25 10:00:00,20,11,151,624,0,4.3,5.5,0.0,0,0,1,0,0,0,0,0,1
2023-11-25 15:00:00,20,16,264,258,0,4.3,5.5,0.0,0,0,1,0,0,0,0,0,1
2023-11-26 08:00:00,8,9,77,140,0,8.4,5.5,0.0,0,0,0,1,0,0,0,0,1
2023-11-26 10:00:00,6,11,262,125,0,8.4,5.5,0.0,0,0,0,1,0,0,0,0,1
2023-11-25 18:00:00,2,19,164,97,0,4.3,5.5,0.0,0,0,1,0,0,0,0,0,1
2023-11-25 20:00:00,2,21,95,97,0,4.3,5.5,0.0,0,0,1,0,0,0,0,0,1
2023-11-25 23:00:00,2,0,45,44,0,4.3,5.5,0.0,0,0,1,0,0,0,0,0,1
2023-11-28 09:00:00,37,10,67,835,0,3.6,1.1,0.0,0,0,0,0,0,1,0,0,1
2023-11-28 12:00:00,20,13,96,692,0,3.6,1.1,0.0,0,0,0,0,0,1,0,0,1
2023-11-28 08:00:00,19,9,86,1077,0,3.6,1.1,0.0,0,0,0,0,0,1,0,0,1
2023-11-28 11:00:00,16,12,83,649,0,3.6,1.1,0.0,0,0,0,0,0,1,0,0,1
2023-11-28 10:00:00,15,11,63,686,0,3.6,1.1,0.0,0,0,0,0,0,1,0,0,1
2023-11-28 15:00:00,9,16,140,1043,0,3.6,1.1,0.0,0,0,0,0,0,1,0,0,1
2023-11-28 14:00:00,9,15,103,838,0,3.6,1.1,0.0,0,0,0,0,0,1,0,0,1
2023-11-26 05:00:00,0,6,14,14,0,8.4,5.5,0.0,0,0,0,1,0,0,0,0,1
2023-11-26 03:00:00,0,4,17,9,0,8.4,5.5,0.0,0,0,0,1,0,0,0,0,1
2023-11-26 02:00:00,0,3,29,8,0,8.4,5.5,0.0,0,0,0,1,0,0,0,0,1
2023-11-26 04:00:00,0,5,7,8,0,8.4,5.5,0.0,0,0,0,1,0,0,0,0,1
2023-11-27 07:00:00,2,8,98,364,0,4.8,5.5,2.4,0,1,0,0,0,0,0,0,1
2023-11-28 17:00:00,8,18,198,201,0,3.6,1.1,0.0,0,0,0,0,0,1,0,0,1
2023-11-28 18:00:00,7,19,178,763,0,3.6,1.1,0.0,0,0,0,0,0,1,0,0,1
2023-11-28 19:00:00,7,20,176,378,0,3.6,1.1,0.0,0,0,0,0,0,1,0,0,1
2023-11-28 16:00:00,6,17,116,385,0,3.6,1.1,0.0,0,0,0,0,0,1,0,0,1
2023-11-28 07:00:00,5,8,44,158,0,3.6,1.1,0.0,0,0,0,0,0,1,0,0,1
2023-11-28 22:00:00,2,23,27,229,0,3.6,1.1,0.0,0,0,0,0,0,1,0,0,1
2023-11-27 08:00:00,8,9,48,793,0,4.8,5.5,2.4,0,1,0,0,0,0,0,0,1
2023-11-27 09:00:00,8,10,74,394,0,4.8,5.5,2.4,0,1,0,0,0,0,0,0,1
2023-11-28 06:00:00,2,7,48,60,0,3.6,1.1,0.0,0,0,0,0,0,1,0,0,1
2023-11-28 04:00:00,0,5,2,28,0,3.6,1.1,0.0,0,0,0,0,0,1,0,0,1
2023-11-27 00:00:00,0,1,25,27,0,4.8,5.5,2.4,0,1,0,0,0,0,0,0,1
2023-11-27 03:00:00,0,4,3,15,0,4.8,5.5,2.4,0,1,0,0,0,0,0,0,1
2023-11-27 02:00:00,0,3,9,11,0,4.8,5.5,2.4,0,1,0,0,0,0,0,0,1
2023-11-28 13:00:00,51,14,140,707,0,3.6,1.1,0.0,0,0,0,0,0,1,0,0,1
2023-11-28 03:00:00,0,4,5,26,0,3.6,1.1,0.0,0,0,0,0,0,1,0,0,1
2023-11-28 01:00:00,0,2,4,21,0,3.6,1.1,0.0,0,0,0,0,0,1,0,0,1
2023-11-28 02:00:00,0,3,1,20,0,3.6,1.1,0.0,0,0,0,0,0,1,0,0,1
2023-11-28 20:00:00,0,21,85,353,0,3.6,1.1,0.0,0,0,0,0,0,1,0,0,1
2023-11-28 21:00:00,0,22,32,335,0,3.6,1.1,0.0,0,0,0,0,0,1,0,0,1
2023-11-28 23:00:00,0,0,5,144,0,3.6,1.1,0.0,0,0,0,0,0,1,0,0,1
2023-11-28 05:00:00,0,6,15,50,0,3.6,1.1,0.0,0,0,0,0,0,1,0,0,1
2023-11-27 10:00:00,1,11,57,146,0,4.8,5.5,2.4,0,1,0,0,0,0,0,0,1
2023-11-27 01:00:00,1,2,13,34,0,4.8,5.5,2.4,0,1,0,0,0,0,0,0,1
2023-11-27 04:00:00,1,5,16,17,0,4.8,5.5,2.4,0,1,0,0,0,0,0,0,1
2023-11-27 06:00:00,0,7,95,219,0,4.8,5.5,2.4,0,1,0,0,0,0,0,0,1
2023-11-27 05:00:00,0,6,29,79,0,4.8,5.5,2.4,0,1,0,0,0,0,0,0,1
2023-11-30 20:00:00,1,21,46,14,1,2.2,-0.7,0.0,0,0,0,0,1,0,0,0,1
2023-11-30 22:00:00,1,23,10,6,1,2.2,-0.7,0.0,0,0,0,0,1,0,0,0,1
2023-11-30 06:00:00,0,7,58,582,1,2.2,-0.7,0.0,0,0,0,0,1,0,0,0,1
2023-11-30 05:00:00,0,6,10,206,1,2.2,-0.7,0.0,0,0,0,0,1,0,0,0,1
2023-11-30 00:00:00,0,1,7,77,1,2.2,-0.7,0.0,0,0,0,0,1,0,0,0,1
2023-11-30 01:00:00,0,2,2,74,1,2.2,-0.7,0.0,0,0,0,0,1,0,0,0,1
2023-11-30 02:00:00,0,3,6,50,1,2.2,-0.7,0.0,0,0,0,0,1,0,0,0,1
2023-11-30 10:00:00,15,11,66,833,1,2.2,-0.7,0.0,0,0,0,0,1,0,0,0,1
2023-11-30 03:00:00,0,4,1,49,1,2.2,-0.7,0.0,0,0,0,0,1,0,0,0,1
2023-11-30 04:00:00,0,5,4,44,1,2.2,-0.7,0.0,0,0,0,0,1,0,0,0,1
2023-11-29 15:00:00,6,16,91,1283,0,4.5,-0.7,0.0,0,0,0,0,0,0,1,0,1
2023-11-29 13:00:00,5,14,95,1343,0,4.5,-0.7,0.0,0,0,0,0,0,0,1,0,1
2023-11-29 16:00:00,4,17,81,119,0,4.5,-0.7,0.0,0,0,0,0,0,0,1,0,1
2023-11-29 06:00:00,2,7,32,595,0,4.5,-0.7,0.0,0,0,0,0,0,0,1,0,1
2023-11-29 17:00:00,2,18,96,20,0,4.5,-0.7,0.0,0,0,0,0,0,0,1,0,1
2023-11-29 09:00:00,22,10,127,1336,0,4.5,-0.7,0.0,0,0,0,0,0,0,1,0,1
2023-11-29 08:00:00,20,9,67,1766,0,4.5,-0.7,0.0,0,0,0,0,0,0,1,0,1
2023-11-29 22:00:00,0,23,31,7,0,4.5,-0.7,0.0,0,0,0,0,0,0,1,0,1
2023-11-29 21:00:00,0,22,9,6,0,4.5,-0.7,0.0,0,0,0,0,0,0,1,0,1
2023-11-30 09:00:00,31,10,117,915,1,2.2,-0.7,0.0,0,0,0,0,1,0,0,0,1
2023-11-30 12:00:00,30,13,137,856,1,2.2,-0.7,0.0,0,0,0,0,1,0,0,0,1
2023-11-30 14:00:00,21,15,171,4,1,2.2,-0.7,0.0,0,0,0,0,1,0,0,0,1
2023-11-30 08:00:00,20,9,105,1431,1,2.2,-0.7,0.0,0,0,0,0,1,0,0,0,1
2023-11-30 13:00:00,18,14,156,670,1,2.2,-0.7,0.0,0,0,0,0,1,0,0,0,1
2023-11-30 11:00:00,15,12,105,1038,1,2.2,-0.7,0.0,0,0,0,0,1,0,0,0,1
2023-11-30 21:00:00,0,22,21,18,1,2.2,-0.7,0.0,0,0,0,0,1,0,0,0,1
2023-11-30 23:00:00,0,0,32,6,1,2.2,-0.7,0.0,0,0,0,0,1,0,0,0,1
2023-11-30 19:00:00,4,20,75,23,1,2.2,-0.7,0.0,0,0,0,0,1,0,0,0,1
2023-11-29 07:00:00,20,8,70,1058,0,4.5,-0.7,0.0,0,0,0,0,0,0,1,0,1
2023-11-29 18:00:00,1,19,105,20,0,4.5,-0.7,0.0,0,0,0,0,0,0,1,0,1
2023-11-29 19:00:00,1,20,62,9,0,4.5,-0.7,0.0,0,0,0,0,0,0,1,0,1
2023-11-30 17:00:00,3,18,212,152,1,2.2,-0.7,0.0,0,0,0,0,1,0,0,0,1
2023-11-29 20:00:00,1,21,41,9,0,4.5,-0.7,0.0,0,0,0,0,0,0,1,0,1
2023-11-29 10:00:00,15,11,123,1537,0,4.5,-0.7,0.0,0,0,0,0,0,0,1,0,1
2023-11-30 15:00:00,9,16,100,5,1,2.2,-0.7,0.0,0,0,0,0,1,0,0,0,1
2023-11-30 16:00:00,9,17,97,5,1,2.2,-0.7,0.0,0,0,0,0,1,0,0,0,1
2023-11-30 07:00:00,8,8,107,1215,1,2.2,-0.7,0.0,0,0,0,0,1,0,0,0,1
2023-11-30 18:00:00,6,19,227,153,1,2.2,-0.7,0.0,0,0,0,0,1,0,0,0,1
2023-11-29 05:00:00,0,6,1,166,0,4.5,-0.7,0.0,0,0,0,0,0,0,1,0,1
2023-11-29 23:00:00,0,0,13,91,0,4.5,-0.7,0.0,0,0,0,0,0,0,1,0,1
2023-11-29 00:00:00,0,1,1,63,0,4.5,-0.7,0.0,0,0,0,0,0,0,1,0,1
2023-11-29 01:00:00,0,2,14,60,0,4.5,-0.7,0.0,0,0,0,0,0,0,1,0,1
2023-11-29 04:00:00,0,5,1,53,0,4.5,-0.7,0.0,0,0,0,0,0,0,1,0,1
2023-11-29 02:00:00,0,3,5,37,0,4.5,-0.7,0.0,0,0,0,0,0,0,1,0,1
2023-11-29 03:00:00,0,4,6,31,0,4.5,-0.7,0.0,0,0,0,0,0,0,1,0,1
2023-11-29 11:00:00,12,12,72,1644,0,4.5,-0.7,0.0,0,0,0,0,0,0,1,0,1
2023-11-29 12:00:00,11,13,106,1128,0,4.5,-0.7,0.0,0,0,0,0,0,0,1,0,1
2023-11-29 14:00:00,8,15,64,1414,0,4.5,-0.7,0.0,0,0,0,0,0,0,1,0,1
2023-10-05 16:00:00,18,17,86,368,0,18.0,6.0,5.1,0,0,0,0,1,0,0,1,0
2023-10-05 17:00:00,11,18,120,581,0,18.0,6.0,5.1,0,0,0,0,1,0,0,1,0
2023-10-05 18:00:00,6,19,134,348,0,18.0,6.0,5.1,0,0,0,0,1,0,0,1,0
2023-10-06 06:00:00,2,7,36,585,0,11.0,10.5,28.3,1,0,0,0,0,0,0,1,0
2023-10-06 19:00:00,1,20,154,75,0,11.0,10.5,28.3,1,0,0,0,0,0,0,1,0
2023-10-06 21:00:00,1,22,11,5,0,11.0,10.5,28.3,1,0,0,0,0,0,0,1,0
2023-10-06 05:00:00,0,6,9,215,0,11.0,10.5,28.3,1,0,0,0,0,0,0,1,0
2023-10-06 23:00:00,0,0,7,58,0,11.0,10.5,28.3,1,0,0,0,0,0,0,1,0
2023-10-06 01:00:00,0,2,2,52,0,11.0,10.5,28.3,1,0,0,0,0,0,0,1,0
2023-10-06 04:00:00,0,5,5,48,0,11.0,10.5,28.3,1,0,0,0,0,0,0,1,0
2023-10-06 02:00:00,0,3,0,41,0,11.0,10.5,28.3,1,0,0,0,0,0,0,1,0
2023-10-06 03:00:00,0,4,1,36,0,11.0,10.5,28.3,1,0,0,0,0,0,0,1,0
2023-10-06 00:00:00,0,1,11,21,0,11.0,10.5,28.3,1,0,0,0,0,0,0,1,0
2023-10-06 20:00:00,0,21,51,15,0,11.0,10.5,28.3,1,0,0,0,0,0,0,1,0
2023-10-06 22:00:00,0,23,12,7,0,11.0,10.5,28.3,1,0,0,0,0,0,0,1,0
2023-10-06 11:00:00,37,12,118,819,0,11.0,10.5,28.3,1,0,0,0,0,0,0,1,0
2023-10-06 08:00:00,35,9,68,1331,0,11.0,10.5,28.3,1,0,0,0,0,0,0,1,0
2023-10-06 14:00:00,33,15,139,1192,0,11.0,10.5,28.3,1,0,0,0,0,0,0,1,0
2023-10-06 13:00:00,32,14,151,1085,0,11.0,10.5,28.3,1,0,0,0,0,0,0,1,0
2023-10-06 16:00:00,25,17,133,913,0,11.0,10.5,28.3,1,0,0,0,0,0,0,1,0
2023-10-06 17:00:00,25,18,257,504,0,11.0,10.5,28.3,1,0,0,0,0,0,0,1,0
2023-10-06 07:00:00,22,8,77,1274,0,11.0,10.5,28.3,1,0,0,0,0,0,0,1,0
2023-10-06 18:00:00,16,19,186,429,0,11.0,10.5,28.3,1,0,0,0,0,0,0,1,0
2023-10-06 12:00:00,15,13,159,804,0,11.0,10.5,28.3,1,0,0,0,0,0,0,1,0
2023-10-06 15:00:00,13,16,78,1189,0,11.0,10.5,28.3,1,0,0,0,0,0,0,1,0
2023-10-07 09:00:00,2,10,38,191,0,14.6,9.5,56.3,0,0,1,0,0,0,0,1,0
2023-10-07 08:00:00,2,9,24,161,0,14.6,9.5,56.3,0,0,1,0,0,0,0,1,0
2023-10-06 10:00:00,12,11,103,840,0,11.0,10.5,28.3,1,0,0,0,0,0,0,1,0
2023-10-07 18:00:00,2,19,44,111,0,14.6,9.5,56.3,0,0,1,0,0,0,0,1,0
2023-10-07 11:00:00,2,12,38,106,0,14.6,9.5,56.3,0,0,1,0,0,0,0,1,0
2023-10-07 12:00:00,4,13,29,137,0,14.6,9.5,56.3,0,0,1,0,0,0,0,1,0
2023-10-07 17:00:00,3,18,70,208,0,14.6,9.5,56.3,0,0,1,0,0,0,0,1,0
2023-10-07 16:00:00,1,17,76,159,0,14.6,9.5,56.3,0,0,1,0,0,0,0,1,0
2023-10-07 07:00:00,1,8,12,83,0,14.6,9.5,56.3,0,0,1,0,0,0,0,1,0
2023-10-05 23:00:00,0,0,22,40,0,18.0,6.0,5.1,0,0,0,0,1,0,0,1,0
2023-10-05 20:00:00,0,21,37,12,0,18.0,6.0,5.1,0,0,0,0,1,0,0,1,0
2023-10-05 22:00:00,0,23,11,6,0,18.0,6.0,5.1,0,0,0,0,1,0,0,1,0
2023-10-06 09:00:00,66,10,138,1004,0,11.0,10.5,28.3,1,0,0,0,0,0,0,1,0
2023-10-05 15:00:00,4,16,51,154,0,18.0,6.0,5.1,0,0,0,0,1,0,0,1,0
2023-10-05 14:00:00,2,15,69,175,0,18.0,6.0,5.1,0,0,0,0,1,0,0,1,0
2023-10-05 19:00:00,2,20,92,51,0,18.0,6.0,5.1,0,0,0,0,1,0,0,1,0
2023-10-05 21:00:00,1,22,77,17,0,18.0,6.0,5.1,0,0,0,0,1,0,0,1,0
2023-10-08 20:00:00,0,21,64,134,0,17.6,8.5,5.4,0,0,0,1,0,0,0,1,0
2023-10-08 15:00:00,14,16,223,381,0,17.6,8.5,5.4,0,0,0,1,0,0,0,1,0
2023-10-08 23:00:00,3,0,8,23,0,17.6,8.5,5.4,0,0,0,1,0,0,0,1,0
2023-10-07 04:00:00,0,5,1,16,0,14.6,9.5,56.3,0,0,1,0,0,0,0,1,0
2023-10-08 18:00:00,2,19,45,335,0,17.6,8.5,5.4,0,0,0,1,0,0,0,1,0
2023-10-08 09:00:00,2,10,21,248,0,17.6,8.5,5.4,0,0,0,1,0,0,0,1,0
2023-10-08 21:00:00,2,22,34,119,0,17.6,8.5,5.4,0,0,0,1,0,0,0,1,0
2023-10-08 12:00:00,1,13,127,474,0,17.6,8.5,5.4,0,0,0,1,0,0,0,1,0
2023-10-08 19:00:00,1,20,43,152,0,17.6,8.5,5.4,0,0,0,1,0,0,0,1,0
2023-10-08 11:00:00,0,12,78,487,0,17.6,8.5,5.4,0,0,0,1,0,0,0,1,0
2023-10-08 10:00:00,0,11,32,413,0,17.6,8.5,5.4,0,0,0,1,0,0,0,1,0
2023-10-09 13:00:00,27,14,490,598,0,18.0,8.1,0.0,0,1,0,0,0,0,0,1,0
2023-10-07 03:00:00,0,4,0,14,0,14.6,9.5,56.3,0,0,1,0,0,0,0,1,0
2023-10-07 02:00:00,0,3,2,12,0,14.6,9.5,56.3,0,0,1,0,0,0,0,1,0
2023-10-08 14:00:00,16,15,193,468,0,17.6,8.5,5.4,0,0,0,1,0,0,0,1,0
2023-10-08 22:00:00,0,23,31,69,0,17.6,8.5,5.4,0,0,0,1,0,0,0,1,0
2023-10-09 10:00:00,24,11,257,258,0,18.0,8.1,0.0,0,1,0,0,0,0,0,1,0
2023-10-08 16:00:00,7,17,206,381,0,17.6,8.5,5.4,0,0,0,1,0,0,0,1,0
2023-10-08 17:00:00,6,18,52,452,0,17.6,8.5,5.4,0,0,0,1,0,0,0,1,0
2023-10-08 13:00:00,5,14,176,477,0,17.6,8.5,5.4,0,0,0,1,0,0,0,1,0
2023-10-08 08:00:00,0,9,10,48,0,17.6,8.5,5.4,0,0,0,1,0,0,0,1,0
2023-10-09 08:00:00,8,9,77,684,0,18.0,8.1,0.0,0,1,0,0,0,0,0,1,0
2023-10-08 00:00:00,0,1,7,38,0,17.6,8.5,5.4,0,0,0,1,0,0,0,1,0
2023-10-09 20:00:00,6,21,61,214,0,18.0,8.1,0.0,0,1,0,0,0,0,0,1,0
2023-10-09 19:00:00,4,20,139,261,0,18.0,8.1,0.0,0,1,0,0,0,0,0,1,0
2023-10-09 07:00:00,3,8,46,544,0,18.0,8.1,0.0,0,1,0,0,0,0,0,1,0
2023-10-07 13:00:00,0,14,59,215,0,14.6,9.5,56.3,0,0,1,0,0,0,0,1,0
2023-10-07 19:00:00,0,20,5,155,0,14.6,9.5,56.3,0,0,1,0,0,0,0,1,0
2023-10-07 14:00:00,0,15,58,127,0,14.6,9.5,56.3,0,0,1,0,0,0,0,1,0
2023-10-07 15:00:00,0,16,64,111,0,14.6,9.5,56.3,0,0,1,0,0,0,0,1,0
2023-10-07 20:00:00,0,21,5,101,0,14.6,9.5,56.3,0,0,1,0,0,0,0,1,0
2023-10-07 10:00:00,0,11,46,97,0,14.6,9.5,56.3,0,0,1,0,0,0,0,1,0
2023-10-07 22:00:00,0,23,10,86,0,14.6,9.5,56.3,0,0,1,0,0,0,0,1,0
2023-10-07 21:00:00,0,22,3,84,0,14.6,9.5,56.3,0,0,1,0,0,0,0,1,0
2023-10-07 06:00:00,0,7,3,65,0,14.6,9.5,56.3,0,0,1,0,0,0,0,1,0
2023-10-07 23:00:00,0,0,6,63,0,14.6,9.5,56.3,0,0,1,0,0,0,0,1,0
2023-10-07 00:00:00,0,1,1,39,0,14.6,9.5,56.3,0,0,1,0,0,0,0,1,0
2023-10-07 05:00:00,0,6,5,29,0,14.6,9.5,56.3,0,0,1,0,0,0,0,1,0
2023-10-07 01:00:00,0,2,2,27,0,14.6,9.5,56.3,0,0,1,0,0,0,0,1,0
2023-10-08 01:00:00,0,2,0,35,0,17.6,8.5,5.4,0,0,0,1,0,0,0,1,0
2023-10-09 18:00:00,20,19,463,395,0,18.0,8.1,0.0,0,1,0,0,0,0,0,1,0
2023-10-08 06:00:00,0,7,0,33,0,17.6,8.5,5.4,0,0,0,1,0,0,0,1,0
2023-10-08 07:00:00,0,8,2,32,0,17.6,8.5,5.4,0,0,0,1,0,0,0,1,0
2023-10-08 02:00:00,0,3,0,31,0,17.6,8.5,5.4,0,0,0,1,0,0,0,1,0
2023-10-08 03:00:00,0,4,0,29,0,17.6,8.5,5.4,0,0,0,1,0,0,0,1,0
2023-10-08 05:00:00,0,6,0,10,0,17.6,8.5,5.4,0,0,0,1,0,0,0,1,0
2023-10-09 16:00:00,51,17,230,587,0,18.0,8.1,0.0,0,1,0,0,0,0,0,1,0
2023-10-08 04:00:00,0,5,0,7,0,17.6,8.5,5.4,0,0,0,1,0,0,0,1,0
2023-10-09 11:00:00,41,12,306,380,0,18.0,8.1,0.0,0,1,0,0,0,0,0,1,0
2023-10-09 09:00:00,13,10,149,399,0,18.0,8.1,0.0,0,1,0,0,0,0,0,1,0
2023-10-09 12:00:00,40,13,280,539,0,18.0,8.1,0.0,0,1,0,0,0,0,0,1,0
2023-10-09 14:00:00,35,15,530,596,0,18.0,8.1,0.0,0,1,0,0,0,0,0,1,0
2023-10-09 15:00:00,35,16,485,541,0,18.0,8.1,0.0,0,1,0,0,0,0,0,1,0
2023-10-09 17:00:00,34,18,226,595,0,18.0,8.1,0.0,0,1,0,0,0,0,0,1,0
2023-10-10 14:00:00,20,15,185,230,0,13.1,12.8,0.0,0,0,0,0,0,1,0,1,0
2023-10-10 06:00:00,3,7,39,371,0,13.1,12.8,0.0,0,0,0,0,0,1,0,1,0
2023-10-10 19:00:00,3,20,97,11,0,13.1,12.8,0.0,0,0,0,0,0,1,0,1,0
2023-10-10 00:00:00,1,1,36,86,0,13.1,12.8,0.0,0,0,0,0,0,1,0,1,0
2023-10-10 21:00:00,1,22,25,84,0,13.1,12.8,0.0,0,0,0,0,0,1,0,1,0
2023-10-10 15:00:00,19,16,167,189,0,13.1,12.8,0.0,0,0,0,0,0,1,0,1,0
2023-10-10 04:00:00,1,5,3,46,0,13.1,12.8,0.0,0,0,0,0,0,1,0,1,0
2023-10-10 22:00:00,1,23,79,0,0,13.1,12.8,0.0,0,0,0,0,0,1,0,1,0
2023-10-10 05:00:00,0,6,10,51,0,13.1,12.8,0.0,0,0,0,0,0,1,0,1,0
2023-10-10 01:00:00,0,2,4,44,0,13.1,12.8,0.0,0,0,0,0,0,1,0,1,0
2023-10-10 03:00:00,0,4,0,20,0,13.1,12.8,0.0,0,0,0,0,0,1,0,1,0
2023-10-10 23:00:00,0,0,35,16,0,13.1,12.8,0.0,0,0,0,0,0,1,0,1,0
2023-10-10 02:00:00,0,3,2,14,0,13.1,12.8,0.0,0,0,0,0,0,1,0,1,0
2023-10-10 20:00:00,0,21,11,4,0,13.1,12.8,0.0,0,0,0,0,0,1,0,1,0
2023-10-10 07:00:00,18,8,65,1272,0,13.1,12.8,0.0,0,0,0,0,0,1,0,1,0
2023-10-10 12:00:00,16,13,160,109,0,13.1,12.8,0.0,0,0,0,0,0,1,0,1,0
2023-10-09 06:00:00,1,7,24,361,0,18.0,8.1,0.0,0,1,0,0,0,0,0,1,0
2023-10-09 21:00:00,1,22,74,183,0,18.0,8.1,0.0,0,1,0,0,0,0,0,1,0
2023-10-09 05:00:00,1,6,12,170,0,18.0,8.1,0.0,0,1,0,0,0,0,0,1,0
2023-10-11 17:00:00,49,18,286,37,0,12.0,7.3,0.0,0,0,0,0,0,0,1,1,0
2023-10-09 22:00:00,1,23,34,117,0,18.0,8.1,0.0,0,1,0,0,0,0,0,1,0
2023-10-09 04:00:00,1,5,4,39,0,18.0,8.1,0.0,0,1,0,0,0,0,0,1,0
2023-10-09 02:00:00,1,3,9,24,0,18.0,8.1,0.0,0,1,0,0,0,0,0,1,0
2023-10-09 00:00:00,1,1,17,15,0,18.0,8.1,0.0,0,1,0,0,0,0,0,1,0
2023-10-09 23:00:00,0,0,11,63,0,18.0,8.1,0.0,0,1,0,0,0,0,0,1,0
2023-10-09 01:00:00,0,2,14,35,0,18.0,8.1,0.0,0,1,0,0,0,0,0,1,0
2023-10-09 03:00:00,0,4,2,20,0,18.0,8.1,0.0,0,1,0,0,0,0,0,1,0
2023-10-10 16:00:00,15,17,161,21,0,13.1,12.8,0.0,0,0,0,0,0,1,0,1,0
2023-10-11 20:00:00,3,21,110,132,0,12.0,7.3,0.0,0,0,0,0,0,0,1,1,0
2023-10-11 08:00:00,36,9,71,1386,0,12.0,7.3,0.0,0,0,0,0,0,0,1,1,0
2023-10-11 16:00:00,27,17,192,1169,0,12.0,7.3,0.0,0,0,0,0,0,0,1,1,0
2023-10-11 11:00:00,23,12,330,60,0,12.0,7.3,0.0,0,0,0,0,0,0,1,1,0
2023-10-11 13:00:00,22,14,211,203,0,12.0,7.3,0.0,0,0,0,0,0,0,1,1,0
2023-10-11 18:00:00,22,19,260,140,0,12.0,7.3,0.0,0,0,0,0,0,0,1,1,0
2023-10-11 15:00:00,19,16,149,1340,0,12.0,7.3,0.0,0,0,0,0,0,0,1,1,0
2023-10-11 14:00:00,19,15,125,1083,0,12.0,7.3,0.0,0,0,0,0,0,0,1,1,0
2023-10-11 12:00:00,16,13,249,131,0,12.0,7.3,0.0,0,0,0,0,0,0,1,1,0
2023-10-11 10:00:00,16,11,78,79,0,12.0,7.3,0.0,0,0,0,0,0,0,1,1,0
2023-10-11 07:00:00,15,8,46,1419,0,12.0,7.3,0.0,0,0,0,0,0,0,1,1,0
2023-10-11 09:00:00,15,10,74,541,0,12.0,7.3,0.0,0,0,0,0,0,0,1,1,0
2023-10-10 13:00:00,12,14,156,56,0,13.1,12.8,0.0,0,0,0,0,0,1,0,1,0
2023-10-10 18:00:00,9,19,117,8,0,13.1,12.8,0.0,0,0,0,0,0,1,0,1,0
2023-10-11 19:00:00,2,20,150,168,0,12.0,7.3,0.0,0,0,0,0,0,0,1,1,0
2023-10-11 06:00:00,2,7,17,166,0,12.0,7.3,0.0,0,0,0,0,0,0,1,1,0
2023-10-11 21:00:00,2,22,66,138,0,12.0,7.3,0.0,0,0,0,0,0,0,1,1,0
2023-10-11 22:00:00,1,23,34,142,0,12.0,7.3,0.0,0,0,0,0,0,0,1,1,0
2023-10-10 08:00:00,38,9,90,1431,0,13.1,12.8,0.0,0,0,0,0,0,1,0,1,0
2023-10-10 09:00:00,36,10,75,1309,0,13.1,12.8,0.0,0,0,0,0,0,1,0,1,0
2023-10-10 10:00:00,34,11,126,946,0,13.1,12.8,0.0,0,0,0,0,0,1,0,1,0
2023-10-10 17:00:00,29,18,113,28,0,13.1,12.8,0.0,0,0,0,0,0,1,0,1,0
2023-10-10 11:00:00,22,12,137,1129,0,13.1,12.8,0.0,0,0,0,0,0,1,0,1,0
2023-10-13 14:00:00,13,15,196,285,0,10.8,5.5,0.0,1,0,0,0,0,0,0,1,0
2023-10-13 08:00:00,31,9,121,597,0,10.8,5.5,0.0,1,0,0,0,0,0,0,1,0
2023-10-12 05:00:00,1,6,22,70,0,13.2,2.8,0.1,0,0,0,0,1,0,0,1,0
2023-10-12 16:00:00,49,17,217,646,0,13.2,2.8,0.1,0,0,0,0,1,0,0,1,0
2023-10-12 17:00:00,43,18,271,694,0,13.2,2.8,0.1,0,0,0,0,1,0,0,1,0
2023-10-12 10:00:00,14,11,209,605,0,13.2,2.8,0.1,0,0,0,0,1,0,0,1,0
2023-10-12 12:00:00,37,13,223,768,0,13.2,2.8,0.1,0,0,0,0,1,0,0,1,0
2023-10-13 15:00:00,22,16,208,246,0,10.8,5.5,0.0,1,0,0,0,0,0,0,1,0
2023-10-12 07:00:00,13,8,72,584,0,13.2,2.8,0.1,0,0,0,0,1,0,0,1,0
2023-10-11 23:00:00,0,0,16,92,0,12.0,7.3,0.0,0,0,0,0,0,0,1,1,0
2023-10-11 05:00:00,0,6,9,47,0,12.0,7.3,0.0,0,0,0,0,0,0,1,1,0
2023-10-11 00:00:00,0,1,18,24,0,12.0,7.3,0.0,0,0,0,0,0,0,1,1,0
2023-10-11 04:00:00,0,5,1,16,0,12.0,7.3,0.0,0,0,0,0,0,0,1,1,0
2023-10-11 01:00:00,0,2,1,12,0,12.0,7.3,0.0,0,0,0,0,0,0,1,1,0
2023-10-11 02:00:00,0,3,0,11,0,12.0,7.3,0.0,0,0,0,0,0,0,1,1,0
2023-10-11 03:00:00,0,4,0,11,0,12.0,7.3,0.0,0,0,0,0,0,0,1,1,0
2023-10-12 08:00:00,36,9,58,743,0,13.2,2.8,0.1,0,0,0,0,1,0,0,1,0
2023-10-12 06:00:00,3,7,58,162,0,13.2,2.8,0.1,0,0,0,0,1,0,0,1,0
2023-10-12 20:00:00,3,21,109,112,0,13.2,2.8,0.1,0,0,0,0,1,0,0,1,0
2023-10-12 22:00:00,1,23,48,96,0,13.2,2.8,0.1,0,0,0,0,1,0,0,1,0
2023-10-12 21:00:00,1,22,115,87,0,13.2,2.8,0.1,0,0,0,0,1,0,0,1,0
2023-10-12 23:00:00,0,0,26,68,0,13.2,2.8,0.1,0,0,0,0,1,0,0,1,0
2023-10-13 16:00:00,20,17,181,178,0,10.8,5.5,0.0,1,0,0,0,0,0,0,1,0
2023-10-12 04:00:00,0,5,22,24,0,13.2,2.8,0.1,0,0,0,0,1,0,0,1,0
2023-10-12 03:00:00,0,4,1,16,0,13.2,2.8,0.1,0,0,0,0,1,0,0,1,0
2023-10-12 00:00:00,0,1,23,6,0,13.2,2.8,0.1,0,0,0,0,1,0,0,1,0
2023-10-12 01:00:00,0,2,18,6,0,13.2,2.8,0.1,0,0,0,0,1,0,0,1,0
2023-10-12 02:00:00,0,3,11,6,0,13.2,2.8,0.1,0,0,0,0,1,0,0,1,0
2023-10-13 12:00:00,42,13,431,398,0,10.8,5.5,0.0,1,0,0,0,0,0,0,1,0
2023-10-13 13:00:00,34,14,197,342,0,10.8,5.5,0.0,1,0,0,0,0,0,0,1,0
2023-10-12 09:00:00,33,10,155,456,0,13.2,2.8,0.1,0,0,0,0,1,0,0,1,0
2023-10-13 17:00:00,19,18,160,265,0,10.8,5.5,0.0,1,0,0,0,0,0,0,1,0
2023-10-13 19:00:00,2,20,145,0,0,10.8,5.5,0.0,1,0,0,0,0,0,0,1,0
2023-10-13 22:00:00,2,23,96,0,0,10.8,5.5,0.0,1,0,0,0,0,0,0,1,0
2023-10-13 18:00:00,17,19,205,45,0,10.8,5.5,0.0,1,0,0,0,0,0,0,1,0
2023-10-13 11:00:00,16,12,245,522,0,10.8,5.5,0.0,1,0,0,0,0,0,0,1,0
2023-10-13 07:00:00,16,8,130,499,0,10.8,5.5,0.0,1,0,0,0,0,0,0,1,0
2023-10-13 10:00:00,15,11,167,607,0,10.8,5.5,0.0,1,0,0,0,0,0,0,1,0
2023-10-12 13:00:00,28,14,696,641,0,13.2,2.8,0.1,0,0,0,0,1,0,0,1,0
2023-10-13 09:00:00,14,10,89,515,0,10.8,5.5,0.0,1,0,0,0,0,0,0,1,0
2023-10-12 19:00:00,10,20,236,179,0,13.2,2.8,0.1,0,0,0,0,1,0,0,1,0
2023-10-12 14:00:00,25,15,536,690,0,13.2,2.8,0.1,0,0,0,0,1,0,0,1,0
2023-10-12 18:00:00,23,19,149,488,0,13.2,2.8,0.1,0,0,0,0,1,0,0,1,0
2023-10-12 11:00:00,21,12,373,592,0,13.2,2.8,0.1,0,0,0,0,1,0,0,1,0
2023-10-12 15:00:00,17,16,357,610,0,13.2,2.8,0.1,0,0,0,0,1,0,0,1,0
2023-10-14 03:00:00,0,4,5,62,0,11.7,2.6,0.0,0,0,1,0,0,0,0,1,0
2023-10-14 04:00:00,0,5,5,51,0,11.7,2.6,0.0,0,0,1,0,0,0,0,1,0
2023-10-14 07:00:00,0,8,18,41,0,11.7,2.6,0.0,0,0,1,0,0,0,0,1,0
2023-10-14 06:00:00,0,7,7,21,0,11.7,2.6,0.0,0,0,1,0,0,0,0,1,0
2023-10-14 01:00:00,0,2,3,8,0,11.7,2.6,0.0,0,0,1,0,0,0,0,1,0
2023-10-15 14:00:00,57,15,401,48,0,11.5,1.1,0.2,0,0,0,1,0,0,0,1,0
2023-10-15 11:00:00,55,12,405,672,0,11.5,1.1,0.2,0,0,0,1,0,0,0,1,0
2023-10-15 16:00:00,49,17,333,49,0,11.5,1.1,0.2,0,0,0,1,0,0,0,1,0
2023-10-15 13:00:00,42,14,279,211,0,11.5,1.1,0.2,0,0,0,1,0,0,0,1,0
2023-10-15 10:00:00,34,11,138,548,0,11.5,1.1,0.2,0,0,0,1,0,0,0,1,0
2023-10-15 12:00:00,31,13,563,684,0,11.5,1.1,0.2,0,0,0,1,0,0,0,1,0
2023-10-15 15:00:00,28,16,341,39,0,11.5,1.1,0.2,0,0,0,1,0,0,0,1,0
2023-10-14 15:00:00,19,16,631,326,0,11.7,2.6,0.0,0,0,1,0,0,0,0,1,0
2023-10-14 11:00:00,19,12,330,93,0,11.7,2.6,0.0,0,0,1,0,0,0,0,1,0
2023-10-14 16:00:00,18,17,313,519,0,11.7,2.6,0.0,0,0,1,0,0,0,0,1,0
2023-10-14 17:00:00,17,18,197,665,0,11.7,2.6,0.0,0,0,1,0,0,0,0,1,0
2023-10-14 09:00:00,13,10,114,20,0,11.7,2.6,0.0,0,0,1,0,0,0,0,1,0
2023-10-14 12:00:00,11,13,212,167,0,11.7,2.6,0.0,0,0,1,0,0,0,0,1,0
2023-10-14 08:00:00,11,9,57,18,0,11.7,2.6,0.0,0,0,1,0,0,0,0,1,0
2023-10-14 18:00:00,2,19,180,520,0,11.7,2.6,0.0,0,0,1,0,0,0,0,1,0
2023-10-14 21:00:00,2,22,35,105,0,11.7,2.6,0.0,0,0,1,0,0,0,0,1,0
2023-10-14 22:00:00,2,23,50,86,0,11.7,2.6,0.0,0,0,1,0,0,0,0,1,0
2023-10-14 02:00:00,1,3,4,55,0,11.7,2.6,0.0,0,0,1,0,0,0,0,1,0
2023-10-14 00:00:00,1,1,5,32,0,11.7,2.6,0.0,0,0,1,0,0,0,0,1,0
2023-10-14 05:00:00,0,6,9,94,0,11.7,2.6,0.0,0,0,1,0,0,0,0,1,0
2023-10-14 23:00:00,0,0,26,91,0,11.7,2.6,0.0,0,0,1,0,0,0,0,1,0
2023-10-13 20:00:00,1,21,75,1,0,10.8,5.5,0.0,1,0,0,0,0,0,0,1,0
2023-10-15 17:00:00,20,18,276,39,0,11.5,1.1,0.2,0,0,0,1,0,0,0,1,0
2023-10-13 21:00:00,1,22,85,0,0,10.8,5.5,0.0,1,0,0,0,0,0,0,1,0
2023-10-13 06:00:00,0,7,89,285,0,10.8,5.5,0.0,1,0,0,0,0,0,0,1,0
2023-10-13 05:00:00,0,6,18,116,0,10.8,5.5,0.0,1,0,0,0,0,0,0,1,0
2023-10-15 09:00:00,15,10,66,356,0,11.5,1.1,0.2,0,0,0,1,0,0,0,1,0
2023-10-15 08:00:00,10,9,39,231,0,11.5,1.1,0.2,0,0,0,1,0,0,0,1,0
2023-10-13 00:00:00,0,1,18,44,0,10.8,5.5,0.0,1,0,0,0,0,0,0,1,0
2023-10-13 04:00:00,0,5,10,16,0,10.8,5.5,0.0,1,0,0,0,0,0,0,1,0
2023-10-13 03:00:00,0,4,4,11,0,10.8,5.5,0.0,1,0,0,0,0,0,0,1,0
2023-10-13 02:00:00,0,3,3,9,0,10.8,5.5,0.0,1,0,0,0,0,0,0,1,0
2023-10-13 01:00:00,0,2,1,4,0,10.8,5.5,0.0,1,0,0,0,0,0,0,1,0
2023-10-15 19:00:00,2,20,105,192,0,11.5,1.1,0.2,0,0,0,1,0,0,0,1,0
2023-10-15 07:00:00,2,8,14,138,0,11.5,1.1,0.2,0,0,0,1,0,0,0,1,0
2023-10-15 06:00:00,2,7,6,91,0,11.5,1.1,0.2,0,0,0,1,0,0,0,1,0
2023-10-13 23:00:00,0,0,36,3,0,10.8,5.5,0.0,1,0,0,0,0,0,0,1,0
2023-10-14 19:00:00,6,20,101,219,0,11.7,2.6,0.0,0,0,1,0,0,0,0,1,0
2023-10-15 20:00:00,1,21,139,139,0,11.5,1.1,0.2,0,0,0,1,0,0,0,1,0
2023-10-15 00:00:00,1,1,17,131,0,11.5,1.1,0.2,0,0,0,1,0,0,0,1,0
2023-10-15 18:00:00,1,19,176,89,0,11.5,1.1,0.2,0,0,0,1,0,0,0,1,0
2023-10-15 01:00:00,0,2,15,119,0,11.5,1.1,0.2,0,0,0,1,0,0,0,1,0
2023-10-15 22:00:00,0,23,87,96,0,11.5,1.1,0.2,0,0,0,1,0,0,0,1,0
2023-10-15 02:00:00,0,3,15,90,0,11.5,1.1,0.2,0,0,0,1,0,0,0,1,0
2023-10-15 21:00:00,0,22,65,88,0,11.5,1.1,0.2,0,0,0,1,0,0,0,1,0
2023-10-15 03:00:00,0,4,4,65,0,11.5,1.1,0.2,0,0,0,1,0,0,0,1,0
2023-10-15 05:00:00,0,6,3,59,0,11.5,1.1,0.2,0,0,0,1,0,0,0,1,0
2023-10-15 23:00:00,0,0,10,53,0,11.5,1.1,0.2,0,0,0,1,0,0,0,1,0
2023-10-14 20:00:00,5,21,76,116,0,11.7,2.6,0.0,0,0,1,0,0,0,0,1,0
2023-10-14 13:00:00,32,14,556,110,0,11.7,2.6,0.0,0,0,1,0,0,0,0,1,0
2023-10-14 14:00:00,28,15,451,365,0,11.7,2.6,0.0,0,0,1,0,0,0,0,1,0
2023-10-14 10:00:00,28,11,178,85,0,11.7,2.6,0.0,0,0,1,0,0,0,0,1,0
2023-10-16 20:00:00,1,21,66,35,0,11.7,1.8,0.0,0,1,0,0,0,0,0,1,0
2023-10-16 23:00:00,1,0,17,5,0,11.7,1.8,0.0,0,1,0,0,0,0,0,1,0
2023-10-16 04:00:00,1,5,0,1,0,11.7,1.8,0.0,0,1,0,0,0,0,0,1,0
2023-10-16 05:00:00,1,6,1,0,0,11.7,1.8,0.0,0,1,0,0,0,0,0,1,0
2023-10-16 16:00:00,0,17,24,136,0,11.7,1.8,0.0,0,1,0,0,0,0,0,1,0
2023-10-16 00:00:00,0,1,13,26,0,11.7,1.8,0.0,0,1,0,0,0,0,0,1,0
2023-10-16 21:00:00,0,22,58,15,0,11.7,1.8,0.0,0,1,0,0,0,0,0,1,0
2023-10-16 01:00:00,0,2,6,10,0,11.7,1.8,0.0,0,1,0,0,0,0,0,1,0
2023-10-16 22:00:00,0,23,28,3,0,11.7,1.8,0.0,0,1,0,0,0,0,0,1,0
2023-10-16 02:00:00,0,3,2,2,0,11.7,1.8,0.0,0,1,0,0,0,0,0,1,0
2023-10-15 04:00:00,0,5,3,34,0,11.5,1.1,0.2,0,0,0,1,0,0,0,1,0
2023-10-17 18:00:00,14,19,266,230,0,12.9,-0.5,0.0,0,0,0,0,0,1,0,1,0
2023-10-17 10:00:00,13,11,127,494,0,12.9,-0.5,0.0,0,0,0,0,0,1,0,1,0
2023-10-17 06:00:00,0,7,36,366,0,12.9,-0.5,0.0,0,0,0,0,0,1,0,1,0
2023-10-17 05:00:00,0,6,2,124,0,12.9,-0.5,0.0,0,0,0,0,0,1,0,1,0
2023-10-16 12:00:00,23,13,283,5,0,11.7,1.8,0.0,0,1,0,0,0,0,0,1,0
2023-10-16 09:00:00,22,10,88,3,0,11.7,1.8,0.0,0,1,0,0,0,0,0,1,0
2023-10-16 03:00:00,0,4,0,1,0,11.7,1.8,0.0,0,1,0,0,0,0,0,1,0
2023-10-16 14:00:00,20,15,263,560,0,11.7,1.8,0.0,0,1,0,0,0,0,0,1,0
2023-10-16 08:00:00,19,9,59,2,0,11.7,1.8,0.0,0,1,0,0,0,0,0,1,0
2023-10-16 15:00:00,18,16,499,317,0,11.7,1.8,0.0,0,1,0,0,0,0,0,1,0
2023-10-16 18:00:00,12,19,161,437,0,11.7,1.8,0.0,0,1,0,0,0,0,0,1,0
2023-10-16 07:00:00,12,8,43,5,0,11.7,1.8,0.0,0,1,0,0,0,0,0,1,0
2023-10-17 04:00:00,0,5,4,31,0,12.9,-0.5,0.0,0,0,0,0,0,1,0,1,0
2023-10-17 19:00:00,0,20,227,30,0,12.9,-0.5,0.0,0,0,0,0,0,1,0,1,0
2023-10-17 23:00:00,0,0,23,27,0,12.9,-0.5,0.0,0,0,0,0,0,1,0,1,0
2023-10-17 02:00:00,0,3,5,23,0,12.9,-0.5,0.0,0,0,0,0,0,1,0,1,0
2023-10-17 22:00:00,1,23,48,27,0,12.9,-0.5,0.0,0,0,0,0,0,1,0,1,0
2023-10-17 20:00:00,1,21,92,21,0,12.9,-0.5,0.0,0,0,0,0,0,1,0,1,0
2023-10-17 01:00:00,1,2,13,18,0,12.9,-0.5,0.0,0,0,0,0,0,1,0,1,0
2023-10-17 03:00:00,0,4,0,20,0,12.9,-0.5,0.0,0,0,0,0,0,1,0,1,0
2023-10-17 12:00:00,51,13,198,430,0,12.9,-0.5,0.0,0,0,0,0,0,1,0,1,0
2023-10-17 00:00:00,0,1,4,19,0,12.9,-0.5,0.0,0,0,0,0,0,1,0,1,0
2023-10-17 09:00:00,46,10,116,654,0,12.9,-0.5,0.0,0,0,0,0,0,1,0,1,0
2023-10-17 21:00:00,0,22,110,12,0,12.9,-0.5,0.0,0,0,0,0,0,1,0,1,0
2023-10-16 13:00:00,27,14,314,146,0,11.7,1.8,0.0,0,1,0,0,0,0,0,1,0
2023-10-16 10:00:00,27,11,170,4,0,11.7,1.8,0.0,0,1,0,0,0,0,0,1,0
2023-10-16 11:00:00,24,12,264,6,0,11.7,1.8,0.0,0,1,0,0,0,0,0,1,0
2023-10-16 17:00:00,5,18,69,859,0,11.7,1.8,0.0,0,1,0,0,0,0,0,1,0
2023-10-17 14:00:00,43,15,615,17,0,12.9,-0.5,0.0,0,0,0,0,0,1,0,1,0
2023-10-17 08:00:00,42,9,132,898,0,12.9,-0.5,0.0,0,0,0,0,0,1,0,1,0
2023-10-17 17:00:00,40,18,192,653,0,12.9,-0.5,0.0,0,0,0,0,0,1,0,1,0
2023-10-17 13:00:00,38,14,512,149,0,12.9,-0.5,0.0,0,0,0,0,0,1,0,1,0
2023-10-17 16:00:00,32,17,303,632,0,12.9,-0.5,0.0,0,0,0,0,0,1,0,1,0
2023-10-17 15:00:00,32,16,541,85,0,12.9,-0.5,0.0,0,0,0,0,0,1,0,1,0
2023-10-17 11:00:00,25,12,186,461,0,12.9,-0.5,0.0,0,0,0,0,0,1,0,1,0
2023-10-16 06:00:00,3,7,20,0,0,11.7,1.8,0.0,0,1,0,0,0,0,0,1,0
2023-10-17 07:00:00,19,8,71,960,0,12.9,-0.5,0.0,0,0,0,0,0,1,0,1,0
2023-10-16 19:00:00,2,20,133,38,0,11.7,1.8,0.0,0,1,0,0,0,0,0,1,0
2023-10-18 22:00:00,0,23,35,230,0,11.7,4.0,15.5,0,0,0,0,0,0,1,1,0
2023-10-19 06:00:00,0,7,3,130,0,9.1,9.6,89.1,0,0,0,0,1,0,0,1,0
2023-10-18 19:00:00,3,20,121,598,0,11.7,4.0,15.5,0,0,0,0,0,0,1,1,0
2023-10-19 17:00:00,0,18,11,73,0,9.1,9.6,89.1,0,0,0,0,1,0,0,1,0
2023-10-19 16:00:00,0,17,10,47,0,9.1,9.6,89.1,0,0,0,0,1,0,0,1,0
2023-10-19 05:00:00,0,6,1,44,0,9.1,9.6,89.1,0,0,0,0,1,0,0,1,0
2023-10-19 04:00:00,0,5,0,21,0,9.1,9.6,89.1,0,0,0,0,1,0,0,1,0
2023-10-19 18:00:00,0,19,13,14,0,9.1,9.6,89.1,0,0,0,0,1,0,0,1,0
2023-10-19 23:00:00,0,0,1,9,0,9.1,9.6,89.1,0,0,0,0,1,0,0,1,0
2023-10-19 20:00:00,0,21,9,8,0,9.1,9.6,89.1,0,0,0,0,1,0,0,1,0
2023-10-19 02:00:00,0,3,2,7,0,9.1,9.6,89.1,0,0,0,0,1,0,0,1,0
2023-10-19 19:00:00,0,20,10,5,0,9.1,9.6,89.1,0,0,0,0,1,0,0,1,0
2023-10-18 20:00:00,1,21,59,419,0,11.7,4.0,15.5,0,0,0,0,0,0,1,1,0
2023-10-18 21:00:00,1,22,66,342,0,11.7,4.0,15.5,0,0,0,0,0,0,1,1,0
2023-10-18 06:00:00,1,7,10,17,0,11.7,4.0,15.5,0,0,0,0,0,0,1,1,0
2023-10-18 02:00:00,1,3,3,11,0,11.7,4.0,15.5,0,0,0,0,0,0,1,1,0
2023-10-18 00:00:00,0,1,6,34,0,11.7,4.0,15.5,0,0,0,0,0,0,1,1,0
2023-10-18 23:00:00,0,0,2,20,0,11.7,4.0,15.5,0,0,0,0,0,0,1,1,0
2023-10-18 01:00:00,0,2,6,17,0,11.7,4.0,15.5,0,0,0,0,0,0,1,1,0
2023-10-18 03:00:00,0,4,10,6,0,11.7,4.0,15.5,0,0,0,0,0,0,1,1,0
2023-10-18 05:00:00,0,6,1,6,0,11.7,4.0,15.5,0,0,0,0,0,0,1,1,0
2023-10-18 04:00:00,0,5,3,5,0,11.7,4.0,15.5,0,0,0,0,0,0,1,1,0
2023-10-18 09:00:00,13,10,77,733,0,11.7,4.0,15.5,0,0,0,0,0,0,1,1,0
2023-10-18 12:00:00,13,13,127,529,0,11.7,4.0,15.5,0,0,0,0,0,0,1,1,0
2023-10-18 16:00:00,12,17,114,536,0,11.7,4.0,15.5,0,0,0,0,0,0,1,1,0
2023-10-18 18:00:00,11,19,188,553,0,11.7,4.0,15.5,0,0,0,0,0,0,1,1,0
2023-10-18 14:00:00,11,15,511,328,0,11.7,4.0,15.5,0,0,0,0,0,0,1,1,0
2023-10-18 11:00:00,10,12,132,683,0,11.7,4.0,15.5,0,0,0,0,0,0,1,1,0
2023-10-18 07:00:00,10,8,72,301,0,11.7,4.0,15.5,0,0,0,0,0,0,1,1,0
2023-10-19 00:00:00,0,1,10,4,0,9.1,9.6,89.1,0,0,0,0,1,0,0,1,0
2023-10-19 01:00:00,0,2,6,4,0,9.1,9.6,89.1,0,0,0,0,1,0,0,1,0
2023-10-19 21:00:00,0,22,1,2,0,9.1,9.6,89.1,0,0,0,0,1,0,0,1,0
2023-10-19 03:00:00,0,4,0,1,0,9.1,9.6,89.1,0,0,0,0,1,0,0,1,0
2023-10-19 22:00:00,0,23,5,0,0,9.1,9.6,89.1,0,0,0,0,1,0,0,1,0
2023-10-19 07:00:00,1,8,13,127,0,9.1,9.6,89.1,0,0,0,0,1,0,0,1,0
2023-10-19 14:00:00,1,15,11,103,0,9.1,9.6,89.1,0,0,0,0,1,0,0,1,0
2023-10-19 08:00:00,0,9,15,971,0,9.1,9.6,89.1,0,0,0,0,1,0,0,1,0
2023-10-19 09:00:00,0,10,12,631,0,9.1,9.6,89.1,0,0,0,0,1,0,0,1,0
2023-10-19 10:00:00,0,11,6,435,0,9.1,9.6,89.1,0,0,0,0,1,0,0,1,0
2023-10-19 11:00:00,0,12,7,432,0,9.1,9.6,89.1,0,0,0,0,1,0,0,1,0
2023-10-19 12:00:00,0,13,6,304,0,9.1,9.6,89.1,0,0,0,0,1,0,0,1,0
2023-10-19 13:00:00,0,14,8,287,0,9.1,9.6,89.1,0,0,0,0,1,0,0,1,0
2023-10-19 15:00:00,0,16,14,213,0,9.1,9.6,89.1,0,0,0,0,1,0,0,1,0
2023-10-18 17:00:00,28,18,178,401,0,11.7,4.0,15.5,0,0,0,0,0,0,1,1,0
2023-10-18 15:00:00,22,16,156,402,0,11.7,4.0,15.5,0,0,0,0,0,0,1,1,0
2023-10-18 13:00:00,21,14,251,518,0,11.7,4.0,15.5,0,0,0,0,0,0,1,1,0
2023-10-18 08:00:00,19,9,59,1078,0,11.7,4.0,15.5,0,0,0,0,0,0,1,1,0
2023-10-18 10:00:00,15,11,145,649,0,11.7,4.0,15.5,0,0,0,0,0,0,1,1,0
2023-10-22 14:00:00,25,15,331,497,0,10.8,1.0,0.0,0,0,0,1,0,0,0,1,0
2023-10-21 07:00:00,0,8,14,123,0,12.8,5.9,1.0,0,0,1,0,0,0,0,1,0
2023-10-21 16:00:00,8,17,108,290,0,12.8,5.9,1.0,0,0,1,0,0,0,0,1,0
2023-10-21 17:00:00,6,18,212,441,0,12.8,5.9,1.0,0,0,1,0,0,0,0,1,0
2023-10-21 13:00:00,5,14,173,607,0,12.8,5.9,1.0,0,0,1,0,0,0,0,1,0
2023-10-21 10:00:00,4,11,13,574,0,12.8,5.9,1.0,0,0,1,0,0,0,0,1,0
2023-10-21 15:00:00,3,16,106,277,0,12.8,5.9,1.0,0,0,1,0,0,0,0,1,0
2023-10-21 06:00:00,0,7,17,45,0,12.8,5.9,1.0,0,0,1,0,0,0,0,1,0
2023-10-21 21:00:00,0,22,48,36,0,12.8,5.9,1.0,0,0,1,0,0,0,0,1,0
2023-10-21 00:00:00,0,1,9,24,0,12.8,5.9,1.0,0,0,1,0,0,0,0,1,0
2023-10-21 04:00:00,0,5,5,14,0,12.8,5.9,1.0,0,0,1,0,0,0,0,1,0
2023-10-21 01:00:00,0,2,7,9,0,12.8,5.9,1.0,0,0,1,0,0,0,0,1,0
2023-10-21 03:00:00,0,4,4,8,0,12.8,5.9,1.0,0,0,1,0,0,0,0,1,0
2023-10-21 23:00:00,0,0,24,4,0,12.8,5.9,1.0,0,0,1,0,0,0,0,1,0
2023-10-22 12:00:00,85,13,418,635,0,10.8,1.0,0.0,0,0,0,1,0,0,0,1,0
2023-10-22 13:00:00,57,14,342,622,0,10.8,1.0,0.0,0,0,0,1,0,0,0,1,0
2023-10-22 11:00:00,50,12,358,642,0,10.8,1.0,0.0,0,0,0,1,0,0,0,1,0
2023-10-22 10:00:00,43,11,249,501,0,10.8,1.0,0.0,0,0,0,1,0,0,0,1,0
2023-10-22 09:00:00,43,10,126,316,0,10.8,1.0,0.0,0,0,0,1,0,0,0,1,0
2023-10-22 15:00:00,37,16,342,724,0,10.8,1.0,0.0,0,0,0,1,0,0,0,1,0
2023-10-22 16:00:00,11,17,233,376,0,10.8,1.0,0.0,0,0,0,1,0,0,0,1,0
2023-10-22 17:00:00,8,18,157,749,0,10.8,1.0,0.0,0,0,0,1,0,0,0,1,0
2023-10-22 18:00:00,6,19,77,482,0,10.8,1.0,0.0,0,0,0,1,0,0,0,1,0
2023-10-22 08:00:00,6,9,91,185,0,10.8,1.0,0.0,0,0,0,1,0,0,0,1,0
2023-10-22 19:00:00,4,20,51,164,0,10.8,1.0,0.0,0,0,0,1,0,0,0,1,0
2023-10-22 22:00:00,2,23,24,154,0,10.8,1.0,0.0,0,0,0,1,0,0,0,1,0
2023-10-22 20:00:00,1,21,36,235,0,10.8,1.0,0.0,0,0,0,1,0,0,0,1,0
2023-10-22 21:00:00,1,22,62,27,0,10.8,1.0,0.0,0,0,0,1,0,0,0,1,0
2023-10-20 06:00:00,1,7,0,35,0,9.6,7.3,23.4,1,0,0,0,0,0,0,1,0
2023-10-20 10:00:00,1,11,13,19,0,9.6,7.3,23.4,1,0,0,0,0,0,0,1,0
2023-10-20 18:00:00,1,19,9,8,0,9.6,7.3,23.4,1,0,0,0,0,0,0,1,0
2023-10-20 12:00:00,0,13,24,471,0,9.6,7.3,23.4,1,0,0,0,0,0,0,1,0
2023-10-20 07:00:00,0,8,6,39,0,9.6,7.3,23.4,1,0,0,0,0,0,0,1,0
2023-10-20 09:00:00,0,10,24,28,0,9.6,7.3,23.4,1,0,0,0,0,0,0,1,0
2023-10-20 23:00:00,0,0,10,18,0,9.6,7.3,23.4,1,0,0,0,0,0,0,1,0
2023-10-20 08:00:00,0,9,2,16,0,9.6,7.3,23.4,1,0,0,0,0,0,0,1,0
2023-10-20 19:00:00,0,20,7,8,0,9.6,7.3,23.4,1,0,0,0,0,0,0,1,0
2023-10-20 20:00:00,0,21,6,4,0,9.6,7.3,23.4,1,0,0,0,0,0,0,1,0
2023-10-20 22:00:00,0,23,2,4,0,9.6,7.3,23.4,1,0,0,0,0,0,0,1,0
2023-10-20 02:00:00,0,3,0,4,0,9.6,7.3,23.4,1,0,0,0,0,0,0,1,0
2023-10-20 03:00:00,0,4,0,3,0,9.6,7.3,23.4,1,0,0,0,0,0,0,1,0
2023-10-20 21:00:00,0,22,3,2,0,9.6,7.3,23.4,1,0,0,0,0,0,0,1,0
2023-10-20 01:00:00,0,2,4,1,0,9.6,7.3,23.4,1,0,0,0,0,0,0,1,0
2023-10-20 00:00:00,0,1,1,1,0,9.6,7.3,23.4,1,0,0,0,0,0,0,1,0
2023-10-21 12:00:00,2,13,84,642,0,12.8,5.9,1.0,0,0,1,0,0,0,0,1,0
2023-10-21 14:00:00,2,15,140,495,0,12.8,5.9,1.0,0,0,1,0,0,0,0,1,0
2023-10-21 08:00:00,2,9,11,325,0,12.8,5.9,1.0,0,0,1,0,0,0,0,1,0
2023-10-21 19:00:00,2,20,81,44,0,12.8,5.9,1.0,0,0,1,0,0,0,0,1,0
2023-10-21 11:00:00,1,12,64,646,0,12.8,5.9,1.0,0,0,1,0,0,0,0,1,0
2023-10-21 18:00:00,1,19,141,239,0,12.8,5.9,1.0,0,0,1,0,0,0,0,1,0
2023-10-21 20:00:00,1,21,41,48,0,12.8,5.9,1.0,0,0,1,0,0,0,0,1,0
2023-10-21 05:00:00,1,6,12,24,0,12.8,5.9,1.0,0,0,1,0,0,0,0,1,0
2023-10-21 22:00:00,1,23,27,23,0,12.8,5.9,1.0,0,0,1,0,0,0,0,1,0
2023-10-21 02:00:00,1,3,11,17,0,12.8,5.9,1.0,0,0,1,0,0,0,0,1,0
2023-10-21 09:00:00,0,10,14,451,0,12.8,5.9,1.0,0,0,1,0,0,0,0,1,0
2023-10-20 17:00:00,4,18,61,155,0,9.6,7.3,23.4,1,0,0,0,0,0,0,1,0
2023-10-20 16:00:00,2,17,13,578,0,9.6,7.3,23.4,1,0,0,0,0,0,0,1,0
2023-10-20 15:00:00,1,16,16,547,0,9.6,7.3,23.4,1,0,0,0,0,0,0,1,0
2023-10-20 14:00:00,1,15,24,474,0,9.6,7.3,23.4,1,0,0,0,0,0,0,1,0
2023-10-20 13:00:00,1,14,27,459,0,9.6,7.3,23.4,1,0,0,0,0,0,0,1,0
2023-10-20 11:00:00,1,12,30,72,0,9.6,7.3,23.4,1,0,0,0,0,0,0,1,0
2023-10-23 11:00:00,21,12,111,641,0,11.1,-1.0,4.5,0,1,0,0,0,0,0,1,0
2023-10-23 14:00:00,21,15,133,515,0,11.1,-1.0,4.5,0,1,0,0,0,0,0,1,0
2023-10-23 13:00:00,17,14,174,612,0,11.1,-1.0,4.5,0,1,0,0,0,0,0,1,0
2023-10-23 07:00:00,16,8,65,905,0,11.1,-1.0,4.5,0,1,0,0,0,0,0,1,0
2023-10-23 12:00:00,16,13,178,600,0,11.1,-1.0,4.5,0,1,0,0,0,0,0,1,0
2023-10-23 10:00:00,13,11,114,839,0,11.1,-1.0,4.5,0,1,0,0,0,0,0,1,0
2023-10-23 19:00:00,9,20,139,316,0,11.1,-1.0,4.5,0,1,0,0,0,0,0,1,0
2023-10-24 15:00:00,13,16,225,484,0,9.9,3.2,0.9,0,0,0,0,0,1,0,1,0
2023-10-24 11:00:00,11,12,117,599,0,9.9,3.2,0.9,0,0,0,0,0,1,0,1,0
2023-10-24 08:00:00,9,9,50,152,0,9.9,3.2,0.9,0,0,0,0,0,1,0,1,0
2023-10-24 19:00:00,5,20,164,51,0,9.9,3.2,0.9,0,0,0,0,0,1,0,1,0
2023-10-24 07:00:00,4,8,43,132,0,9.9,3.2,0.9,0,0,0,0,0,1,0,1,0
2023-10-24 20:00:00,2,21,81,69,0,9.9,3.2,0.9,0,0,0,0,0,1,0,1,0
2023-10-24 21:00:00,2,22,37,39,0,9.9,3.2,0.9,0,0,0,0,0,1,0,1,0
2023-10-24 23:00:00,1,0,36,14,0,9.9,3.2,0.9,0,0,0,0,0,1,0,1,0
2023-10-24 22:00:00,1,23,11,9,0,9.9,3.2,0.9,0,0,0,0,0,1,0,1,0
2023-10-24 06:00:00,0,7,51,270,0,9.9,3.2,0.9,0,0,0,0,0,1,0,1,0
2023-10-23 21:00:00,0,22,83,123,0,11.1,-1.0,4.5,0,1,0,0,0,0,0,1,0
2023-10-23 23:00:00,0,0,16,95,0,11.1,-1.0,4.5,0,1,0,0,0,0,0,1,0
2023-10-23 04:00:00,0,5,3,16,0,11.1,-1.0,4.5,0,1,0,0,0,0,0,1,0
2023-10-23 03:00:00,0,4,3,11,0,11.1,-1.0,4.5,0,1,0,0,0,0,0,1,0
2023-10-23 01:00:00,0,2,0,10,0,11.1,-1.0,4.5,0,1,0,0,0,0,0,1,0
2023-10-23 00:00:00,0,1,0,4,0,11.1,-1.0,4.5,0,1,0,0,0,0,0,1,0
2023-10-23 02:00:00,0,3,1,2,0,11.1,-1.0,4.5,0,1,0,0,0,0,0,1,0
2023-10-24 00:00:00,0,1,22,22,0,9.9,3.2,0.9,0,0,0,0,0,1,0,1,0
2023-10-24 03:00:00,0,4,4,17,0,9.9,3.2,0.9,0,0,0,0,0,1,0,1,0
2023-10-24 01:00:00,0,2,4,14,0,9.9,3.2,0.9,0,0,0,0,0,1,0,1,0
2023-10-24 02:00:00,0,3,7,10,0,9.9,3.2,0.9,0,0,0,0,0,1,0,1,0
2023-10-24 04:00:00,0,5,2,8,0,9.9,3.2,0.9,0,0,0,0,0,1,0,1,0
2023-10-24 05:00:00,0,6,4,6,0,9.9,3.2,0.9,0,0,0,0,0,1,0,1,0
2023-10-22 07:00:00,0,8,27,154,0,10.8,1.0,0.0,0,0,0,1,0,0,0,1,0
2023-10-22 06:00:00,0,7,5,38,0,10.8,1.0,0.0,0,0,0,1,0,0,0,1,0
2023-10-22 23:00:00,0,0,2,8,0,10.8,1.0,0.0,0,0,0,1,0,0,0,1,0
2023-10-22 00:00:00,0,1,12,4,0,10.8,1.0,0.0,0,0,0,1,0,0,0,1,0
2023-10-22 03:00:00,0,4,6,4,0,10.8,1.0,0.0,0,0,0,1,0,0,0,1,0
2023-10-22 01:00:00,0,2,16,2,0,10.8,1.0,0.0,0,0,0,1,0,0,0,1,0
2023-10-22 05:00:00,0,6,14,2,0,10.8,1.0,0.0,0,0,0,1,0,0,0,1,0
2023-10-22 04:00:00,0,5,1,1,0,10.8,1.0,0.0,0,0,0,1,0,0,0,1,0
2023-10-22 02:00:00,0,3,85,0,0,10.8,1.0,0.0,0,0,0,1,0,0,0,1,0
2023-10-23 17:00:00,41,18,171,873,0,11.1,-1.0,4.5,0,1,0,0,0,0,0,1,0
2023-10-23 08:00:00,35,9,53,1403,0,11.1,-1.0,4.5,0,1,0,0,0,0,0,1,0
2023-10-23 16:00:00,33,17,118,674,0,11.1,-1.0,4.5,0,1,0,0,0,0,0,1,0
2023-10-23 09:00:00,31,10,150,1054,0,11.1,-1.0,4.5,0,1,0,0,0,0,0,1,0
2023-10-23 15:00:00,27,16,96,698,0,11.1,-1.0,4.5,0,1,0,0,0,0,0,1,0
2023-10-24 17:00:00,37,18,216,622,0,9.9,3.2,0.9,0,0,0,0,0,1,0,1,0
2023-10-24 16:00:00,26,17,163,648,0,9.9,3.2,0.9,0,0,0,0,0,1,0,1,0
2023-10-24 13:00:00,21,14,159,650,0,9.9,3.2,0.9,0,0,0,0,0,1,0,1,0
2023-10-24 18:00:00,20,19,220,209,0,9.9,3.2,0.9,0,0,0,0,0,1,0,1,0
2023-10-24 09:00:00,19,10,85,322,0,9.9,3.2,0.9,0,0,0,0,0,1,0,1,0
2023-10-24 10:00:00,18,11,91,680,0,9.9,3.2,0.9,0,0,0,0,0,1,0,1,0
2023-10-24 12:00:00,18,13,160,530,0,9.9,3.2,0.9,0,0,0,0,0,1,0,1,0
2023-10-24 14:00:00,14,15,164,562,0,9.9,3.2,0.9,0,0,0,0,0,1,0,1,0
2023-10-23 20:00:00,5,21,80,204,0,11.1,-1.0,4.5,0,1,0,0,0,0,0,1,0
2023-10-23 18:00:00,4,19,164,491,0,11.1,-1.0,4.5,0,1,0,0,0,0,0,1,0
2023-10-23 06:00:00,4,7,29,233,0,11.1,-1.0,4.5,0,1,0,0,0,0,0,1,0
2023-10-23 05:00:00,1,6,3,75,0,11.1,-1.0,4.5,0,1,0,0,0,0,0,1,0
2023-10-23 22:00:00,1,23,34,71,0,11.1,-1.0,4.5,0,1,0,0,0,0,0,1,0
2023-10-25 23:00:00,1,0,27,58,0,11.2,4.9,2.1,0,0,0,0,0,0,1,1,0
2023-10-25 07:00:00,0,8,81,273,0,11.2,4.9,2.1,0,0,0,0,0,0,1,1,0
2023-10-25 06:00:00,0,7,37,154,0,11.2,4.9,2.1,0,0,0,0,0,0,1,1,0
2023-10-25 05:00:00,0,6,3,96,0,11.2,4.9,2.1,0,0,0,0,0,0,1,1,0
2023-10-25 22:00:00,0,23,15,59,0,11.2,4.9,2.1,0,0,0,0,0,0,1,1,0
2023-10-25 01:00:00,0,2,6,46,0,11.2,4.9,2.1,0,0,0,0,0,0,1,1,0
2023-10-25 00:00:00,0,1,11,43,0,11.2,4.9,2.1,0,0,0,0,0,0,1,1,0
2023-10-25 18:00:00,0,19,44,30,0,11.2,4.9,2.1,0,0,0,0,0,0,1,1,0
2023-10-25 04:00:00,0,5,2,29,0,11.2,4.9,2.1,0,0,0,0,0,0,1,1,0
2023-10-25 03:00:00,0,4,23,24,0,11.2,4.9,2.1,0,0,0,0,0,0,1,1,0
2023-10-25 02:00:00,0,3,10,24,0,11.2,4.9,2.1,0,0,0,0,0,0,1,1,0
2023-10-26 22:00:00,0,23,11,6,0,10.9,5.9,29.4,0,0,0,0,1,0,0,1,0
2023-10-26 20:00:00,0,21,12,1,0,10.9,5.9,29.4,0,0,0,0,1,0,0,1,0
2023-10-26 19:00:00,0,20,14,0,0,10.9,5.9,29.4,0,0,0,0,1,0,0,1,0
2023-10-27 17:00:00,13,18,135,100,0,11.2,7.2,16.5,1,0,0,0,0,0,0,1,0
2023-10-26 06:00:00,3,7,30,408,0,10.9,5.9,29.4,0,0,0,0,1,0,0,1,0
2023-10-26 14:00:00,2,15,25,1416,0,10.9,5.9,29.4,0,0,0,0,1,0,0,1,0
2023-10-26 15:00:00,2,16,16,626,0,10.9,5.9,29.4,0,0,0,0,1,0,0,1,0
2023-10-26 12:00:00,15,13,46,1106,0,10.9,5.9,29.4,0,0,0,0,1,0,0,1,0
2023-10-26 10:00:00,12,11,50,1292,0,10.9,5.9,29.4,0,0,0,0,1,0,0,1,0
2023-10-26 07:00:00,9,8,39,1127,0,10.9,5.9,29.4,0,0,0,0,1,0,0,1,0
2023-10-26 13:00:00,6,14,59,1400,0,10.9,5.9,29.4,0,0,0,0,1,0,0,1,0
2023-10-26 16:00:00,6,17,28,580,0,10.9,5.9,29.4,0,0,0,0,1,0,0,1,0
2023-10-26 11:00:00,5,12,59,1259,0,10.9,5.9,29.4,0,0,0,0,1,0,0,1,0
2023-10-26 17:00:00,4,18,56,249,0,10.9,5.9,29.4,0,0,0,0,1,0,0,1,0
2023-10-25 19:00:00,0,20,30,8,0,11.2,4.9,2.1,0,0,0,0,0,0,1,1,0
2023-10-25 20:00:00,0,21,15,0,0,11.2,4.9,2.1,0,0,0,0,0,0,1,1,0
2023-10-25 21:00:00,0,22,9,0,0,11.2,4.9,2.1,0,0,0,0,0,0,1,1,0
2023-10-26 08:00:00,18,9,59,1946,0,10.9,5.9,29.4,0,0,0,0,1,0,0,1,0
2023-10-26 09:00:00,15,10,51,1782,0,10.9,5.9,29.4,0,0,0,0,1,0,0,1,0
2023-10-25 16:00:00,13,17,87,638,0,11.2,4.9,2.1,0,0,0,0,0,0,1,1,0
2023-10-25 09:00:00,12,10,61,302,0,11.2,4.9,2.1,0,0,0,0,0,0,1,1,0
2023-10-25 14:00:00,10,15,71,489,0,11.2,4.9,2.1,0,0,0,0,0,0,1,1,0
2023-10-25 17:00:00,10,18,100,218,0,11.2,4.9,2.1,0,0,0,0,0,0,1,1,0
2023-10-25 08:00:00,9,9,51,123,0,11.2,4.9,2.1,0,0,0,0,0,0,1,1,0
2023-10-26 03:00:00,1,4,2,62,0,10.9,5.9,29.4,0,0,0,0,1,0,0,1,0
2023-10-26 01:00:00,1,2,2,38,0,10.9,5.9,29.4,0,0,0,0,1,0,0,1,0
2023-10-26 05:00:00,0,6,3,67,0,10.9,5.9,29.4,0,0,0,0,1,0,0,1,0
2023-10-26 00:00:00,0,1,21,61,0,10.9,5.9,29.4,0,0,0,0,1,0,0,1,0
2023-10-26 04:00:00,0,5,6,59,0,10.9,5.9,29.4,0,0,0,0,1,0,0,1,0
2023-10-26 02:00:00,0,3,0,58,0,10.9,5.9,29.4,0,0,0,0,1,0,0,1,0
2023-10-26 18:00:00,0,19,14,12,0,10.9,5.9,29.4,0,0,0,0,1,0,0,1,0
2023-10-26 23:00:00,0,0,1,10,0,10.9,5.9,29.4,0,0,0,0,1,0,0,1,0
2023-10-26 21:00:00,0,22,12,8,0,10.9,5.9,29.4,0,0,0,0,1,0,0,1,0
2023-10-25 13:00:00,6,14,89,402,0,11.2,4.9,2.1,0,0,0,0,0,0,1,1,0
2023-10-25 10:00:00,4,11,51,398,0,11.2,4.9,2.1,0,0,0,0,0,0,1,1,0
2023-10-25 15:00:00,3,16,67,727,0,11.2,4.9,2.1,0,0,0,0,0,0,1,1,0
2023-10-25 11:00:00,2,12,58,414,0,11.2,4.9,2.1,0,0,0,0,0,0,1,1,0
2023-10-25 12:00:00,1,13,116,505,0,11.2,4.9,2.1,0,0,0,0,0,0,1,1,0
2023-10-27 06:00:00,0,7,36,381,0,11.2,7.2,16.5,1,0,0,0,0,0,0,1,0
2023-10-27 05:00:00,0,6,2,159,0,11.2,7.2,16.5,1,0,0,0,0,0,0,1,0
2023-10-27 18:00:00,0,19,56,135,0,11.2,7.2,16.5,1,0,0,0,0,0,0,1,0
2023-10-27 21:00:00,0,22,16,68,0,11.2,7.2,16.5,1,0,0,0,0,0,0,1,0
2023-10-27 04:00:00,0,5,3,61,0,11.2,7.2,16.5,1,0,0,0,0,0,0,1,0
2023-10-27 01:00:00,0,2,1,39,0,11.2,7.2,16.5,1,0,0,0,0,0,0,1,0
2023-10-27 20:00:00,0,21,23,33,0,11.2,7.2,16.5,1,0,0,0,0,0,0,1,0
2023-10-27 03:00:00,0,4,2,32,0,11.2,7.2,16.5,1,0,0,0,0,0,0,1,0
2023-10-27 02:00:00,0,3,2,23,0,11.2,7.2,16.5,1,0,0,0,0,0,0,1,0
2023-10-27 00:00:00,0,1,2,17,0,11.2,7.2,16.5,1,0,0,0,0,0,0,1,0
2023-10-27 19:00:00,0,20,23,12,0,11.2,7.2,16.5,1,0,0,0,0,0,0,1,0
2023-10-27 23:00:00,0,0,27,9,0,11.2,7.2,16.5,1,0,0,0,0,0,0,1,0
2023-10-28 14:00:00,2,15,112,7,0,11.6,9.0,7.9,0,0,1,0,0,0,0,1,0
2023-10-28 02:00:00,1,3,5,12,0,11.6,9.0,7.9,0,0,1,0,0,0,0,1,0
2023-10-28 17:00:00,1,18,322,9,0,11.6,9.0,7.9,0,0,1,0,0,0,0,1,0
2023-10-28 19:00:00,0,20,59,305,0,11.6,9.0,7.9,0,0,1,0,0,0,0,1,0
2023-10-29 10:00:00,8,11,98,724,0,9.9,9.5,6.1,0,0,0,1,0,0,0,1,0
2023-10-29 11:00:00,8,12,128,185,0,9.9,9.5,6.1,0,0,0,1,0,0,0,1,0
2023-10-29 12:00:00,5,13,52,361,0,9.9,9.5,6.1,0,0,0,1,0,0,0,1,0
2023-10-29 14:00:00,5,15,45,30,0,9.9,9.5,6.1,0,0,0,1,0,0,0,1,0
2023-10-27 22:00:00,0,23,12,1,0,11.2,7.2,16.5,1,0,0,0,0,0,0,1,0
2023-10-28 15:00:00,8,16,236,18,0,11.6,9.0,7.9,0,0,1,0,0,0,0,1,0
2023-10-28 13:00:00,8,14,189,16,0,11.6,9.0,7.9,0,0,1,0,0,0,0,1,0
2023-10-28 16:00:00,8,17,384,9,0,11.6,9.0,7.9,0,0,1,0,0,0,0,1,0
2023-10-28 12:00:00,5,13,153,457,0,11.6,9.0,7.9,0,0,1,0,0,0,0,1,0
2023-10-28 11:00:00,5,12,84,319,0,11.6,9.0,7.9,0,0,1,0,0,0,0,1,0
2023-10-28 10:00:00,5,11,44,85,0,11.6,9.0,7.9,0,0,1,0,0,0,0,1,0
2023-10-28 08:00:00,3,9,25,241,0,11.6,9.0,7.9,0,0,1,0,0,0,0,1,0
2023-10-28 09:00:00,2,10,24,137,0,11.6,9.0,7.9,0,0,1,0,0,0,0,1,0
2023-10-28 21:00:00,0,22,29,261,0,11.6,9.0,7.9,0,0,1,0,0,0,0,1,0
2023-10-28 20:00:00,0,21,90,246,0,11.6,9.0,7.9,0,0,1,0,0,0,0,1,0
2023-10-28 22:00:00,0,23,33,146,0,11.6,9.0,7.9,0,0,1,0,0,0,0,1,0
2023-10-28 23:00:00,0,0,15,128,0,11.6,9.0,7.9,0,0,1,0,0,0,0,1,0
2023-10-28 07:00:00,0,8,9,76,0,11.6,9.0,7.9,0,0,1,0,0,0,0,1,0
2023-10-28 06:00:00,0,7,7,34,0,11.6,9.0,7.9,0,0,1,0,0,0,0,1,0
2023-10-28 05:00:00,0,6,1,16,0,11.6,9.0,7.9,0,0,1,0,0,0,0,1,0
2023-10-28 03:00:00,0,4,0,12,0,11.6,9.0,7.9,0,0,1,0,0,0,0,1,0
2023-10-28 18:00:00,0,19,107,8,0,11.6,9.0,7.9,0,0,1,0,0,0,0,1,0
2023-10-28 00:00:00,0,1,3,7,0,11.6,9.0,7.9,0,0,1,0,0,0,0,1,0
2023-10-28 01:00:00,0,2,4,2,0,11.6,9.0,7.9,0,0,1,0,0,0,0,1,0
2023-10-28 04:00:00,0,5,1,2,0,11.6,9.0,7.9,0,0,1,0,0,0,0,1,0
2023-10-27 16:00:00,10,17,61,119,0,11.2,7.2,16.5,1,0,0,0,0,0,0,1,0
2023-10-27 08:00:00,9,9,92,542,0,11.2,7.2,16.5,1,0,0,0,0,0,0,1,0
2023-10-27 15:00:00,9,16,53,353,0,11.2,7.2,16.5,1,0,0,0,0,0,0,1,0
2023-10-27 09:00:00,5,10,46,384,0,11.2,7.2,16.5,1,0,0,0,0,0,0,1,0
2023-10-27 12:00:00,4,13,35,553,0,11.2,7.2,16.5,1,0,0,0,0,0,0,1,0
2023-10-27 10:00:00,3,11,55,494,0,11.2,7.2,16.5,1,0,0,0,0,0,0,1,0
2023-10-27 13:00:00,2,14,42,653,0,11.2,7.2,16.5,1,0,0,0,0,0,0,1,0
2023-10-27 07:00:00,2,8,84,631,0,11.2,7.2,16.5,1,0,0,0,0,0,0,1,0
2023-10-27 14:00:00,2,15,40,618,0,11.2,7.2,16.5,1,0,0,0,0,0,0,1,0
2023-10-27 11:00:00,1,12,30,476,0,11.2,7.2,16.5,1,0,0,0,0,0,0,1,0
2023-10-30 23:00:00,2,0,34,82,0,9.6,5.6,0.0,0,1,0,0,0,0,0,0,1
2023-10-31 11:00:00,27,12,82,967,0,10.2,5.3,7.5,0,0,0,0,0,1,0,0,1
2023-10-30 22:00:00,1,23,52,227,0,9.6,5.6,0.0,0,1,0,0,0,0,0,0,1
2023-10-30 08:00:00,36,9,160,478,0,9.6,5.6,0.0,0,1,0,0,0,0,0,0,1
2023-10-30 07:00:00,36,8,121,325,0,9.6,5.6,0.0,0,1,0,0,0,0,0,0,1
2023-10-31 13:00:00,25,14,142,819,0,10.2,5.3,7.5,0,0,0,0,0,1,0,0,1
2023-10-30 09:00:00,35,10,124,411,0,9.6,5.6,0.0,0,1,0,0,0,0,0,0,1
2023-10-30 11:00:00,24,12,119,604,0,9.6,5.6,0.0,0,1,0,0,0,0,0,0,1
2023-10-30 10:00:00,22,11,117,564,0,9.6,5.6,0.0,0,1,0,0,0,0,0,0,1
2023-10-30 13:00:00,21,14,188,527,0,9.6,5.6,0.0,0,1,0,0,0,0,0,0,1
2023-10-30 12:00:00,17,13,168,586,0,9.6,5.6,0.0,0,1,0,0,0,0,0,0,1
2023-10-30 15:00:00,17,16,121,560,0,9.6,5.6,0.0,0,1,0,0,0,0,0,0,1
2023-10-30 16:00:00,14,17,121,662,0,9.6,5.6,0.0,0,1,0,0,0,0,0,0,1
2023-10-30 14:00:00,14,15,123,436,0,9.6,5.6,0.0,0,1,0,0,0,0,0,0,1
2023-10-31 14:00:00,20,15,114,802,0,10.2,5.3,7.5,0,0,0,0,0,1,0,0,1
2023-10-31 12:00:00,19,13,109,1047,0,10.2,5.3,7.5,0,0,0,0,0,1,0,0,1
2023-10-30 05:00:00,1,6,16,64,0,9.6,5.6,0.0,0,1,0,0,0,0,0,0,1
2023-10-31 10:00:00,16,11,114,693,0,10.2,5.3,7.5,0,0,0,0,0,1,0,0,1
2023-10-29 00:00:00,1,1,21,68,0,9.9,9.5,6.1,0,0,0,1,0,0,0,1,0
2023-10-30 20:00:00,0,21,127,416,0,9.6,5.6,0.0,0,1,0,0,0,0,0,0,1
2023-10-30 21:00:00,0,22,41,353,0,9.6,5.6,0.0,0,1,0,0,0,0,0,0,1
2023-10-31 15:00:00,12,16,45,878,0,10.2,5.3,7.5,0,0,0,0,0,1,0,0,1
2023-10-31 16:00:00,9,17,51,672,0,10.2,5.3,7.5,0,0,0,0,0,1,0,0,1
2023-10-29 20:00:00,1,21,15,2,0,9.9,9.5,6.1,0,0,0,1,0,0,0,1,0
2023-10-29 09:00:00,0,10,101,395,0,9.9,9.5,6.1,0,0,0,1,0,0,0,1,0
2023-10-29 08:00:00,0,9,41,186,0,9.9,9.5,6.1,0,0,0,1,0,0,0,1,0
2023-10-29 18:00:00,0,19,24,183,0,9.9,9.5,6.1,0,0,0,1,0,0,0,1,0
2023-10-29 07:00:00,0,8,14,161,0,9.9,9.5,6.1,0,0,0,1,0,0,0,1,0
2023-10-29 17:00:00,0,18,26,141,0,9.9,9.5,6.1,0,0,0,1,0,0,0,1,0
2023-10-29 01:00:00,0,2,20,92,0,9.9,9.5,6.1,0,0,0,1,0,0,0,1,0
2023-10-29 19:00:00,0,20,14,91,0,9.9,9.5,6.1,0,0,0,1,0,0,0,1,0
2023-10-29 06:00:00,0,7,3,90,0,9.9,9.5,6.1,0,0,0,1,0,0,0,1,0
2023-10-29 21:00:00,0,22,14,71,0,9.9,9.5,6.1,0,0,0,1,0,0,0,1,0
2023-10-29 16:00:00,0,17,64,68,0,9.9,9.5,6.1,0,0,0,1,0,0,0,1,0
2023-10-29 15:00:00,0,16,20,48,0,9.9,9.5,6.1,0,0,0,1,0,0,0,1,0
2023-10-30 03:00:00,0,4,7,19,0,9.6,5.6,0.0,0,1,0,0,0,0,0,0,1
2023-10-30 02:00:00,0,3,13,18,0,9.6,5.6,0.0,0,1,0,0,0,0,0,0,1
2023-10-30 04:00:00,0,5,3,12,0,9.6,5.6,0.0,0,1,0,0,0,0,0,0,1
2023-10-30 01:00:00,0,2,6,7,0,9.6,5.6,0.0,0,1,0,0,0,0,0,0,1
2023-10-30 00:00:00,0,1,1,5,0,9.6,5.6,0.0,0,1,0,0,0,0,0,0,1
2023-10-31 09:00:00,84,10,183,871,0,10.2,5.3,7.5,0,0,0,0,0,1,0,0,1
2023-10-31 08:00:00,56,9,163,1093,0,10.2,5.3,7.5,0,0,0,0,0,1,0,0,1
2023-10-31 07:00:00,38,8,85,1150,0,10.2,5.3,7.5,0,0,0,0,0,1,0,0,1
2023-10-29 13:00:00,1,14,37,83,0,9.9,9.5,6.1,0,0,0,1,0,0,0,1,0
2023-10-29 02:00:00,0,3,1,35,0,9.9,9.5,6.1,0,0,0,1,0,0,0,1,0
2023-10-29 05:00:00,0,6,4,19,0,9.9,9.5,6.1,0,0,0,1,0,0,0,1,0
2023-10-29 03:00:00,0,4,4,17,0,9.9,9.5,6.1,0,0,0,1,0,0,0,1,0
2023-10-29 04:00:00,0,5,0,11,0,9.9,9.5,6.1,0,0,0,1,0,0,0,1,0
2023-10-29 22:00:00,0,23,7,8,0,9.9,9.5,6.1,0,0,0,1,0,0,0,1,0
2023-10-29 23:00:00,0,0,6,8,0,9.9,9.5,6.1,0,0,0,1,0,0,0,1,0
2023-10-30 17:00:00,9,18,198,415,0,9.6,5.6,0.0,0,1,0,0,0,0,0,0,1
2023-10-30 18:00:00,5,19,145,653,0,9.6,5.6,0.0,0,1,0,0,0,0,0,0,1
2023-10-30 19:00:00,5,20,127,541,0,9.6,5.6,0.0,0,1,0,0,0,0,0,0,1
2023-10-30 06:00:00,3,7,72,143,0,9.6,5.6,0.0,0,1,0,0,0,0,0,0,1
2023-10-31 02:00:00,1,3,8,40,0,10.2,5.3,7.5,0,0,0,0,0,1,0,0,1
2023-10-31 20:00:00,1,21,49,12,0,10.2,5.3,7.5,0,0,0,0,0,1,0,0,1
2023-10-31 22:00:00,1,23,24,9,0,10.2,5.3,7.5,0,0,0,0,0,1,0,0,1
2023-10-31 05:00:00,0,6,20,174,0,10.2,5.3,7.5,0,0,0,0,0,1,0,0,1
2023-10-31 06:00:00,3,7,70,531,0,10.2,5.3,7.5,0,0,0,0,0,1,0,0,1
2023-10-31 18:00:00,2,19,31,2,0,10.2,5.3,7.5,0,0,0,0,0,1,0,0,1
2023-10-31 00:00:00,0,1,3,67,0,10.2,5.3,7.5,0,0,0,0,0,1,0,0,1
2023-10-31 04:00:00,0,5,14,56,0,10.2,5.3,7.5,0,0,0,0,0,1,0,0,1
2023-10-31 01:00:00,0,2,31,54,0,10.2,5.3,7.5,0,0,0,0,0,1,0,0,1
2023-10-31 03:00:00,0,4,4,33,0,10.2,5.3,7.5,0,0,0,0,0,1,0,0,1
2023-10-31 23:00:00,0,0,24,31,0,10.2,5.3,7.5,0,0,0,0,0,1,0,0,1
2023-10-31 17:00:00,0,18,47,20,0,10.2,5.3,7.5,0,0,0,0,0,1,0,0,1
2023-10-31 19:00:00,0,20,40,10,0,10.2,5.3,7.5,0,0,0,0,0,1,0,0,1
2023-10-31 21:00:00,0,22,20,6,0,10.2,5.3,7.5,0,0,0,0,0,1,0,0,1
