ds,y,Finishing time,Number of Bicycles,Number of Road Vehicles,isHoliday,TMAX,TMIN,PRCP,Day of the Week_Fri,Day of the Week_Mon,Day of the Week_Sat,Day of the Week_Sun,Day of the Week_Thu,Day of the Week_Tue,Day of the Week_Wed,TimeZone_BST,TimeZone_GMT
2023-08-01 17:00:00,393,18,52,1237,0,17.8,13.1,0.0,0,0,0,0,0,1,0,1,0
2023-08-01 12:00:00,511,13,33,1204,0,17.8,13.1,0.0,0,0,0,0,0,1,0,1,0
2023-08-01 18:00:00,224,19,33,1039,0,17.8,13.1,0.0,0,0,0,0,0,1,0,1,0
2023-08-01 19:00:00,208,20,31,813,0,17.8,13.1,0.0,0,0,0,0,0,1,0,1,0
2023-08-01 15:00:00,465,16,30,1076,0,17.8,13.1,0.0,0,0,0,0,0,1,0,1,0
2023-08-01 16:00:00,380,17,25,1303,0,17.8,13.1,0.0,0,0,0,0,0,1,0,1,0
2023-08-01 14:00:00,393,15,25,1261,0,17.8,13.1,0.0,0,0,0,0,0,1,0,1,0
2023-08-01 10:00:00,518,11,24,956,0,17.8,13.1,0.0,0,0,0,0,0,1,0,1,0
2023-08-01 20:00:00,236,21,24,631,0,17.8,13.1,0.0,0,0,0,0,0,1,0,1,0
2023-08-01 13:00:00,482,14,22,1064,0,17.8,13.1,0.0,0,0,0,0,0,1,0,1,0
2023-08-01 11:00:00,343,12,18,1220,0,17.8,13.1,0.0,0,0,0,0,0,1,0,1,0
2023-08-01 07:00:00,128,8,18,659,0,17.8,13.1,0.0,0,0,0,0,0,1,0,1,0
2023-08-01 21:00:00,230,22,18,553,0,17.8,13.1,0.0,0,0,0,0,0,1,0,1,0
2023-08-01 08:00:00,426,9,13,1072,0,17.8,13.1,0.0,0,0,0,0,0,1,0,1,0
2023-08-01 22:00:00,91,23,9,388,0,17.8,13.1,0.0,0,0,0,0,0,1,0,1,0
2023-08-01 09:00:00,575,10,7,869,0,17.8,13.1,0.0,0,0,0,0,0,1,0,1,0
2023-08-01 06:00:00,96,7,7,294,0,17.8,13.1,0.0,0,0,0,0,0,1,0,1,0
2023-08-01 05:00:00,73,6,6,138,0,17.8,13.1,0.0,0,0,0,0,0,1,0,1,0
2023-08-01 23:00:00,34,0,4,316,0,17.8,13.1,0.0,0,0,0,0,0,1,0,1,0
2023-08-01 00:00:00,9,1,4,163,0,17.8,13.1,0.0,0,0,0,0,0,1,0,1,0
2023-08-01 01:00:00,7,2,3,79,0,17.8,13.1,0.0,0,0,0,0,0,1,0,1,0
2023-08-01 03:00:00,8,4,1,29,0,17.8,13.1,0.0,0,0,0,0,0,1,0,1,0
2023-08-01 02:00:00,1,3,0,45,0,17.8,13.1,0.0,0,0,0,0,0,1,0,1,0
2023-08-01 04:00:00,11,5,0,39,0,17.8,13.1,0.0,0,0,0,0,0,1,0,1,0
2023-08-02 17:00:00,783,18,36,1141,0,19.8,13.5,2.1,0,0,0,0,0,0,1,1,0
2023-08-02 13:00:00,1058,14,32,1009,0,19.8,13.5,2.1,0,0,0,0,0,0,1,1,0
2023-08-02 16:00:00,805,17,30,1036,0,19.8,13.5,2.1,0,0,0,0,0,0,1,1,0
2023-08-02 15:00:00,1047,16,29,1054,0,19.8,13.5,2.1,0,0,0,0,0,0,1,1,0
2023-08-02 14:00:00,1076,15,27,968,0,19.8,13.5,2.1,0,0,0,0,0,0,1,1,0
2023-08-02 18:00:00,423,19,25,932,0,19.8,13.5,2.1,0,0,0,0,0,0,1,1,0
2023-08-02 08:00:00,326,9,20,982,0,19.8,13.5,2.1,0,0,0,0,0,0,1,1,0
2023-08-02 09:00:00,381,10,19,856,0,19.8,13.5,2.1,0,0,0,0,0,0,1,1,0
2023-08-02 19:00:00,290,20,17,753,0,19.8,13.5,2.1,0,0,0,0,0,0,1,1,0
2023-08-16 23:00:00,41,0,3,277,0,17.7,13.9,0.2,0,0,0,0,0,0,1,1,0
2023-08-02 20:00:00,178,21,17,709,0,19.8,13.5,2.1,0,0,0,0,0,0,1,1,0
2023-08-02 11:00:00,742,12,16,989,0,19.8,13.5,2.1,0,0,0,0,0,0,1,1,0
2023-08-02 12:00:00,923,13,13,977,0,19.8,13.5,2.1,0,0,0,0,0,0,1,1,0
2023-08-16 00:00:00,19,1,3,140,0,17.7,13.9,0.2,0,0,0,0,0,0,1,1,0
2023-08-08 19:00:00,320,20,22,724,0,19.1,7.7,0.2,0,0,0,0,0,1,0,1,0
2023-08-06 14:00:00,382,15,40,823,0,20.0,5.5,3.0,0,0,0,1,0,0,0,1,0
2023-08-02 10:00:00,113,11,12,1344,0,19.8,13.5,2.1,0,0,0,0,0,0,1,1,0
2023-08-16 01:00:00,16,2,1,92,0,17.7,13.9,0.2,0,0,0,0,0,0,1,1,0
2023-08-14 18:00:00,193,19,4,829,0,20.6,13.5,0.0,0,1,0,0,0,0,0,1,0
2023-08-08 10:00:00,243,11,19,1107,0,19.1,7.7,0.2,0,0,0,0,0,1,0,1,0
2023-08-06 10:00:00,209,11,25,522,0,20.0,5.5,3.0,0,0,0,1,0,0,0,1,0
2023-08-02 07:00:00,120,8,12,655,0,19.8,13.5,2.1,0,0,0,0,0,0,1,1,0
2023-08-10 11:00:00,679,12,12,1049,0,22.5,14.2,5.0,0,0,0,0,1,0,0,1,0
2023-08-12 21:00:00,94,22,4,627,0,19.7,15.4,11.4,0,0,1,0,0,0,0,1,0
2023-08-16 02:00:00,22,3,0,72,0,17.7,13.9,0.2,0,0,0,0,0,0,1,1,0
2023-08-16 04:00:00,3,5,0,54,0,17.7,13.9,0.2,0,0,0,0,0,0,1,1,0
2023-08-16 03:00:00,10,4,0,42,0,17.7,13.9,0.2,0,0,0,0,0,0,1,1,0
2023-08-17 17:00:00,478,18,36,1335,0,11.2,14.6,0.0,0,0,0,0,1,0,0,1,0
2023-08-17 18:00:00,231,19,31,1046,0,11.2,14.6,0.0,0,0,0,0,1,0,0,1,0
2023-08-17 16:00:00,512,17,31,947,0,11.2,14.6,0.0,0,0,0,0,1,0,0,1,0
2023-08-17 09:00:00,344,10,20,1048,0,11.2,14.6,0.0,0,0,0,0,1,0,0,1,0
2023-08-17 13:00:00,363,14,15,1278,0,11.2,14.6,0.0,0,0,0,0,1,0,0,1,0
2023-08-17 12:00:00,392,13,13,1135,0,11.2,14.6,0.0,0,0,0,0,1,0,0,1,0
2023-08-17 19:00:00,161,20,13,987,0,11.2,14.6,0.0,0,0,0,0,1,0,0,1,0
2023-08-17 08:00:00,339,9,12,1139,0,11.2,14.6,0.0,0,0,0,0,1,0,0,1,0
2023-08-17 07:00:00,176,8,10,734,0,11.2,14.6,0.0,0,0,0,0,1,0,0,1,0
2023-08-17 11:00:00,329,12,9,1086,0,11.2,14.6,0.0,0,0,0,0,1,0,0,1,0
2023-08-17 10:00:00,348,11,9,1025,0,11.2,14.6,0.0,0,0,0,0,1,0,0,1,0
2023-08-17 06:00:00,68,7,9,315,0,11.2,14.6,0.0,0,0,0,0,1,0,0,1,0
2023-08-17 15:00:00,456,16,5,388,0,11.2,14.6,0.0,0,0,0,0,1,0,0,1,0
2023-08-17 05:00:00,61,6,5,176,0,11.2,14.6,0.0,0,0,0,0,1,0,0,1,0
2023-08-17 14:00:00,343,15,4,724,0,11.2,14.6,0.0,0,0,0,0,1,0,0,1,0
2023-08-17 20:00:00,98,21,3,1001,0,11.2,14.6,0.0,0,0,0,0,1,0,0,1,0
2023-08-17 22:00:00,76,23,3,372,0,11.2,14.6,0.0,0,0,0,0,1,0,0,1,0
2023-08-17 21:00:00,55,22,2,535,0,11.2,14.6,0.0,0,0,0,0,1,0,0,1,0
2023-08-17 00:00:00,33,1,1,175,0,11.2,14.6,0.0,0,0,0,0,1,0,0,1,0
2023-08-17 01:00:00,21,2,1,97,0,11.2,14.6,0.0,0,0,0,0,1,0,0,1,0
2023-08-17 23:00:00,38,0,0,271,0,11.2,14.6,0.0,0,0,0,0,1,0,0,1,0
2023-08-17 02:00:00,23,3,0,71,0,11.2,14.6,0.0,0,0,0,0,1,0,0,1,0
2023-08-17 04:00:00,12,5,0,53,0,11.2,14.6,0.0,0,0,0,0,1,0,0,1,0
2023-08-17 03:00:00,15,4,0,49,0,11.2,14.6,0.0,0,0,0,0,1,0,0,1,0
2023-08-18 18:00:00,167,19,51,1136,0,20.9,13.2,9.7,1,0,0,0,0,0,0,1,0
2023-08-18 17:00:00,348,18,50,1533,0,20.9,13.2,9.7,1,0,0,0,0,0,0,1,0
2023-08-18 08:00:00,249,9,22,1331,0,20.9,13.2,9.7,1,0,0,0,0,0,0,1,0
2023-08-18 16:00:00,469,17,20,1309,0,20.9,13.2,9.7,1,0,0,0,0,0,0,1,0
2023-08-18 15:00:00,541,16,16,1273,0,20.9,13.2,9.7,1,0,0,0,0,0,0,1,0
2023-08-18 12:00:00,411,13,16,1134,0,20.9,13.2,9.7,1,0,0,0,0,0,0,1,0
2023-08-18 19:00:00,222,20,16,926,0,20.9,13.2,9.7,1,0,0,0,0,0,0,1,0
2023-08-18 09:00:00,358,10,13,1010,0,20.9,13.2,9.7,1,0,0,0,0,0,0,1,0
2023-08-18 14:00:00,471,15,11,1349,0,20.9,13.2,9.7,1,0,0,0,0,0,0,1,0
2023-08-18 13:00:00,401,14,11,1218,0,20.9,13.2,9.7,1,0,0,0,0,0,0,1,0
2023-08-18 10:00:00,331,11,8,1010,0,20.9,13.2,9.7,1,0,0,0,0,0,0,1,0
2023-08-18 11:00:00,232,12,7,647,0,20.9,13.2,9.7,1,0,0,0,0,0,0,1,0
2023-08-18 20:00:00,85,21,7,404,0,20.9,13.2,9.7,1,0,0,0,0,0,0,1,0
2023-08-18 22:00:00,101,23,5,496,0,20.9,13.2,9.7,1,0,0,0,0,0,0,1,0
2023-08-18 21:00:00,154,22,4,624,0,20.9,13.2,9.7,1,0,0,0,0,0,0,1,0
2023-08-18 00:00:00,33,1,4,163,0,20.9,13.2,9.7,1,0,0,0,0,0,0,1,0
2023-08-18 23:00:00,69,0,3,423,0,20.9,13.2,9.7,1,0,0,0,0,0,0,1,0
2023-08-18 07:00:00,10,8,1,1708,0,20.9,13.2,9.7,1,0,0,0,0,0,0,1,0
2023-08-18 01:00:00,22,2,1,104,0,20.9,13.2,9.7,1,0,0,0,0,0,0,1,0
2023-08-18 02:00:00,8,3,1,88,0,20.9,13.2,9.7,1,0,0,0,0,0,0,1,0
2023-08-08 09:00:00,366,10,18,979,0,19.1,7.7,0.2,0,0,0,0,0,1,0,1,0
2023-08-12 08:00:00,133,9,4,445,0,19.7,15.4,11.4,0,0,1,0,0,0,0,1,0
2023-08-14 23:00:00,45,0,3,218,0,20.6,13.5,0.0,0,1,0,0,0,0,0,1,0
2023-08-06 15:00:00,187,16,12,393,0,20.0,5.5,3.0,0,0,0,1,0,0,0,1,0
2023-08-10 10:00:00,529,11,12,856,0,22.5,14.2,5.0,0,0,0,0,1,0,0,1,0
2023-08-02 22:00:00,47,23,11,442,0,19.8,13.5,2.1,0,0,0,0,0,0,1,1,0
2023-08-08 12:00:00,500,13,14,1163,0,19.1,7.7,0.2,0,0,0,0,0,1,0,1,0
2023-08-12 05:00:00,37,6,4,84,0,19.7,15.4,11.4,0,0,1,0,0,0,0,1,0
2023-08-14 05:00:00,55,6,3,138,0,20.6,13.5,0.0,0,1,0,0,0,0,0,1,0
2023-08-06 13:00:00,513,14,10,489,0,20.0,5.5,3.0,0,0,0,1,0,0,0,1,0
2023-08-10 07:00:00,224,8,10,622,0,22.5,14.2,5.0,0,0,0,0,1,0,0,1,0
2023-08-02 21:00:00,91,22,9,549,0,19.8,13.5,2.1,0,0,0,0,0,0,1,1,0
2023-08-08 20:00:00,157,21,12,717,0,19.1,7.7,0.2,0,0,0,0,0,1,0,1,0
2023-08-12 18:00:00,150,19,3,540,0,19.7,15.4,11.4,0,0,1,0,0,0,0,1,0
2023-08-14 01:00:00,18,2,2,117,0,20.6,13.5,0.0,0,1,0,0,0,0,0,1,0
2023-08-14 22:00:00,26,23,1,64,0,20.6,13.5,0.0,0,1,0,0,0,0,0,1,0
2023-08-14 02:00:00,10,3,0,81,0,20.6,13.5,0.0,0,1,0,0,0,0,0,1,0
2023-08-14 04:00:00,15,5,0,57,0,20.6,13.5,0.0,0,1,0,0,0,0,0,1,0
2023-08-14 03:00:00,7,4,0,55,0,20.6,13.5,0.0,0,1,0,0,0,0,0,1,0
2023-08-15 09:00:00,573,10,39,1058,0,18.4,11.2,0.9,0,0,0,0,0,1,0,1,0
2023-08-15 08:00:00,545,9,35,995,0,18.4,11.2,0.9,0,0,0,0,0,1,0,1,0
2023-08-15 17:00:00,143,18,34,837,0,18.4,11.2,0.9,0,0,0,0,0,1,0,1,0
2023-08-15 16:00:00,425,17,26,1067,0,18.4,11.2,0.9,0,0,0,0,0,1,0,1,0
2023-08-15 15:00:00,414,16,25,839,0,18.4,11.2,0.9,0,0,0,0,0,1,0,1,0
2023-08-15 14:00:00,639,15,22,900,0,18.4,11.2,0.9,0,0,0,0,0,1,0,1,0
2023-08-15 11:00:00,397,12,20,1053,0,18.4,11.2,0.9,0,0,0,0,0,1,0,1,0
2023-08-15 18:00:00,7,19,18,473,0,18.4,11.2,0.9,0,0,0,0,0,1,0,1,0
2023-08-15 19:00:00,9,20,17,467,0,18.4,11.2,0.9,0,0,0,0,0,1,0,1,0
2023-08-15 10:00:00,220,11,15,1017,0,18.4,11.2,0.9,0,0,0,0,0,1,0,1,0
2023-08-15 20:00:00,2,21,15,299,0,18.4,11.2,0.9,0,0,0,0,0,1,0,1,0
2023-08-15 07:00:00,204,8,14,738,0,18.4,11.2,0.9,0,0,0,0,0,1,0,1,0
2023-08-15 13:00:00,771,14,12,965,0,18.4,11.2,0.9,0,0,0,0,0,1,0,1,0
2023-08-15 12:00:00,773,13,9,1036,0,18.4,11.2,0.9,0,0,0,0,0,1,0,1,0
2023-08-15 05:00:00,25,6,8,201,0,18.4,11.2,0.9,0,0,0,0,0,1,0,1,0
2023-08-15 06:00:00,52,7,7,305,0,18.4,11.2,0.9,0,0,0,0,0,1,0,1,0
2023-08-15 22:00:00,89,23,5,387,0,18.4,11.2,0.9,0,0,0,0,0,1,0,1,0
2023-08-15 21:00:00,116,22,3,475,0,18.4,11.2,0.9,0,0,0,0,0,1,0,1,0
2023-08-15 23:00:00,38,0,2,279,0,18.4,11.2,0.9,0,0,0,0,0,1,0,1,0
2023-08-15 02:00:00,12,3,2,58,0,18.4,11.2,0.9,0,0,0,0,0,1,0,1,0
2023-08-15 00:00:00,30,1,1,151,0,18.4,11.2,0.9,0,0,0,0,0,1,0,1,0
2023-08-15 01:00:00,9,2,1,97,0,18.4,11.2,0.9,0,0,0,0,0,1,0,1,0
2023-08-15 04:00:00,12,5,1,46,0,18.4,11.2,0.9,0,0,0,0,0,1,0,1,0
2023-08-15 03:00:00,10,4,0,42,0,18.4,11.2,0.9,0,0,0,0,0,1,0,1,0
2023-08-16 15:00:00,651,16,60,1138,0,17.7,13.9,0.2,0,0,0,0,0,0,1,1,0
2023-08-16 17:00:00,552,18,57,1382,0,17.7,13.9,0.2,0,0,0,0,0,0,1,1,0
2023-08-16 16:00:00,574,17,56,1332,0,17.7,13.9,0.2,0,0,0,0,0,0,1,1,0
2023-08-16 18:00:00,333,19,51,962,0,17.7,13.9,0.2,0,0,0,0,0,0,1,1,0
2023-08-16 13:00:00,693,14,41,1208,0,17.7,13.9,0.2,0,0,0,0,0,0,1,1,0
2023-08-16 19:00:00,163,20,41,813,0,17.7,13.9,0.2,0,0,0,0,0,0,1,1,0
2023-08-16 14:00:00,679,15,31,1188,0,17.7,13.9,0.2,0,0,0,0,0,0,1,1,0
2023-08-16 06:00:00,99,7,29,332,0,17.7,13.9,0.2,0,0,0,0,0,0,1,1,0
2023-08-16 20:00:00,141,21,26,636,0,17.7,13.9,0.2,0,0,0,0,0,0,1,1,0
2023-08-16 10:00:00,387,11,19,1026,0,17.7,13.9,0.2,0,0,0,0,0,0,1,1,0
2023-08-16 08:00:00,302,9,18,1116,0,17.7,13.9,0.2,0,0,0,0,0,0,1,1,0
2023-08-16 07:00:00,159,8,16,705,0,17.7,13.9,0.2,0,0,0,0,0,0,1,1,0
2023-08-16 21:00:00,130,22,15,527,0,17.7,13.9,0.2,0,0,0,0,0,0,1,1,0
2023-08-16 11:00:00,489,12,14,998,0,17.7,13.9,0.2,0,0,0,0,0,0,1,1,0
2023-08-16 09:00:00,246,10,10,901,0,17.7,13.9,0.2,0,0,0,0,0,0,1,1,0
2023-08-16 05:00:00,25,6,10,160,0,17.7,13.9,0.2,0,0,0,0,0,0,1,1,0
2023-08-16 12:00:00,521,13,8,1041,0,17.7,13.9,0.2,0,0,0,0,0,0,1,1,0
2023-08-16 22:00:00,75,23,3,399,0,17.7,13.9,0.2,0,0,0,0,0,0,1,1,0
2023-08-12 17:00:00,312,18,2,715,0,19.7,15.4,11.4,0,0,1,0,0,0,0,1,0
2023-08-06 11:00:00,292,12,6,512,0,20.0,5.5,3.0,0,0,0,1,0,0,0,1,0
2023-08-12 07:00:00,94,8,2,306,0,19.7,15.4,11.4,0,0,1,0,0,0,0,1,0
2023-08-12 03:00:00,22,4,2,139,0,19.7,15.4,11.4,0,0,1,0,0,0,0,1,0
2023-08-06 08:00:00,69,9,6,241,0,20.0,5.5,3.0,0,0,0,1,0,0,0,1,0
2023-08-12 04:00:00,22,5,1,87,0,19.7,15.4,11.4,0,0,1,0,0,0,0,1,0
2023-08-06 07:00:00,41,8,6,148,0,20.0,5.5,3.0,0,0,0,1,0,0,0,1,0
2023-08-12 02:00:00,25,3,0,196,0,19.7,15.4,11.4,0,0,1,0,0,0,0,1,0
2023-08-06 12:00:00,525,13,5,496,0,20.0,5.5,3.0,0,0,0,1,0,0,0,1,0
2023-08-10 08:00:00,460,9,9,938,0,22.5,14.2,5.0,0,0,0,0,1,0,0,1,0
2023-08-12 01:00:00,34,2,0,164,0,19.7,15.4,11.4,0,0,1,0,0,0,0,1,0
2023-08-06 05:00:00,30,6,5,54,0,20.0,5.5,3.0,0,0,0,1,0,0,0,1,0
2023-08-10 21:00:00,133,22,9,629,0,22.5,14.2,5.0,0,0,0,0,1,0,0,1,0
2023-08-13 16:00:00,209,17,16,1000,0,19.7,13.4,1.1,0,0,0,1,0,0,0,1,0
2023-08-06 00:00:00,65,1,4,341,0,20.0,5.5,3.0,0,0,0,1,0,0,0,1,0
2023-08-06 17:00:00,74,18,4,240,0,20.0,5.5,3.0,0,0,0,1,0,0,0,1,0
2023-08-06 06:00:00,29,7,4,113,0,20.0,5.5,3.0,0,0,0,1,0,0,0,1,0
2023-08-06 09:00:00,123,10,3,330,0,20.0,5.5,3.0,0,0,0,1,0,0,0,1,0
2023-08-06 18:00:00,64,19,2,259,0,20.0,5.5,3.0,0,0,0,1,0,0,0,1,0
2023-08-06 19:00:00,63,20,1,215,0,20.0,5.5,3.0,0,0,0,1,0,0,0,1,0
2023-08-06 20:00:00,43,21,1,205,0,20.0,5.5,3.0,0,0,0,1,0,0,0,1,0
2023-08-06 21:00:00,34,22,1,181,0,20.0,5.5,3.0,0,0,0,1,0,0,0,1,0
2023-08-06 02:00:00,34,3,1,177,0,20.0,5.5,3.0,0,0,0,1,0,0,0,1,0
2023-08-06 03:00:00,38,4,1,168,0,20.0,5.5,3.0,0,0,0,1,0,0,0,1,0
2023-08-06 04:00:00,17,5,1,81,0,20.0,5.5,3.0,0,0,0,1,0,0,0,1,0
2023-08-06 16:00:00,98,17,0,288,0,20.0,5.5,3.0,0,0,0,1,0,0,0,1,0
2023-08-06 01:00:00,55,2,0,277,0,20.0,5.5,3.0,0,0,0,1,0,0,0,1,0
2023-08-06 22:00:00,21,23,0,153,0,20.0,5.5,3.0,0,0,0,1,0,0,0,1,0
2023-08-06 23:00:00,7,0,0,119,0,20.0,5.5,3.0,0,0,0,1,0,0,0,1,0
2023-08-07 12:00:00,618,13,23,1000,1,19.9,9.5,0.0,0,1,0,0,0,0,0,1,0
2023-08-07 19:00:00,126,20,21,511,1,19.9,9.5,0.0,0,1,0,0,0,0,0,1,0
2023-08-07 11:00:00,609,12,16,939,1,19.9,9.5,0.0,0,1,0,0,0,0,0,1,0
2023-08-07 20:00:00,125,21,16,533,1,19.9,9.5,0.0,0,1,0,0,0,0,0,1,0
2023-08-07 10:00:00,425,11,14,848,1,19.9,9.5,0.0,0,1,0,0,0,0,0,1,0
2023-08-07 09:00:00,508,10,14,806,1,19.9,9.5,0.0,0,1,0,0,0,0,0,1,0
2023-08-07 05:00:00,47,6,14,192,1,19.9,9.5,0.0,0,1,0,0,0,0,0,1,0
2023-08-07 08:00:00,333,9,13,834,1,19.9,9.5,0.0,0,1,0,0,0,0,0,1,0
2023-08-07 13:00:00,151,14,13,275,1,19.9,9.5,0.0,0,1,0,0,0,0,0,1,0
2023-08-07 21:00:00,149,22,10,482,1,19.9,9.5,0.0,0,1,0,0,0,0,0,1,0
2023-08-07 07:00:00,137,8,7,609,1,19.9,9.5,0.0,0,1,0,0,0,0,0,1,0
2023-08-07 06:00:00,81,7,6,248,1,19.9,9.5,0.0,0,1,0,0,0,0,0,1,0
2023-08-07 22:00:00,61,23,5,338,1,19.9,9.5,0.0,0,1,0,0,0,0,0,1,0
2023-08-07 23:00:00,23,0,3,231,1,19.9,9.5,0.0,0,1,0,0,0,0,0,1,0
2023-08-07 04:00:00,11,5,1,70,1,19.9,9.5,0.0,0,1,0,0,0,0,0,1,0
2023-08-07 03:00:00,10,4,1,36,1,19.9,9.5,0.0,0,1,0,0,0,0,0,1,0
2023-08-07 00:00:00,16,1,0,78,1,19.9,9.5,0.0,0,1,0,0,0,0,0,1,0
2023-08-07 01:00:00,4,2,0,55,1,19.9,9.5,0.0,0,1,0,0,0,0,0,1,0
2023-08-07 02:00:00,9,3,0,29,1,19.9,9.5,0.0,0,1,0,0,0,0,0,1,0
2023-08-08 17:00:00,689,18,64,1229,0,19.1,7.7,0.2,0,0,0,0,0,1,0,1,0
2023-08-08 15:00:00,579,16,46,1148,0,19.1,7.7,0.2,0,0,0,0,0,1,0,1,0
2023-08-08 16:00:00,588,17,42,1230,0,19.1,7.7,0.2,0,0,0,0,0,1,0,1,0
2023-08-08 14:00:00,556,15,42,1126,0,19.1,7.7,0.2,0,0,0,0,0,1,0,1,0
2023-08-08 08:00:00,580,9,37,1020,0,19.1,7.7,0.2,0,0,0,0,0,1,0,1,0
2023-08-08 13:00:00,620,14,29,1085,0,19.1,7.7,0.2,0,0,0,0,0,1,0,1,0
2023-08-08 18:00:00,445,19,27,923,0,19.1,7.7,0.2,0,0,0,0,0,1,0,1,0
2023-08-03 05:00:00,62,6,1,170,0,17.3,11.8,0.0,0,0,0,0,1,0,0,1,0
2023-08-02 23:00:00,34,0,9,308,0,19.8,13.5,2.1,0,0,0,0,0,0,1,1,0
2023-08-08 07:00:00,279,8,12,663,0,19.1,7.7,0.2,0,0,0,0,0,1,0,1,0
2023-08-13 18:00:00,131,19,16,711,0,19.7,13.4,1.1,0,0,0,1,0,0,0,1,0
2023-08-02 06:00:00,91,7,8,285,0,19.8,13.5,2.1,0,0,0,0,0,0,1,1,0
2023-08-13 09:00:00,220,10,15,368,0,19.7,13.4,1.1,0,0,0,1,0,0,0,1,0
2023-08-10 06:00:00,128,7,9,255,0,22.5,14.2,5.0,0,0,0,0,1,0,0,1,0
2023-08-02 05:00:00,47,6,3,163,0,19.8,13.5,2.1,0,0,0,0,0,0,1,1,0
2023-08-13 10:00:00,290,11,12,665,0,19.7,13.4,1.1,0,0,0,1,0,0,0,1,0
2023-08-08 11:00:00,292,12,8,982,0,19.1,7.7,0.2,0,0,0,0,0,1,0,1,0
2023-08-10 09:00:00,560,10,8,935,0,22.5,14.2,5.0,0,0,0,0,1,0,0,1,0
2023-08-02 00:00:00,16,1,2,209,0,19.8,13.5,2.1,0,0,0,0,0,0,1,1,0
2023-08-13 15:00:00,125,16,12,262,0,19.7,13.4,1.1,0,0,0,1,0,0,0,1,0
2023-08-08 21:00:00,66,22,6,552,0,19.1,7.7,0.2,0,0,0,0,0,1,0,1,0
2023-08-10 05:00:00,91,6,4,158,0,22.5,14.2,5.0,0,0,0,0,1,0,0,1,0
2023-08-02 03:00:00,6,4,2,57,0,19.8,13.5,2.1,0,0,0,0,0,0,1,1,0
2023-08-13 19:00:00,85,20,9,567,0,19.7,13.4,1.1,0,0,0,1,0,0,0,1,0
2023-08-08 06:00:00,113,7,6,266,0,19.1,7.7,0.2,0,0,0,0,0,1,0,1,0
2023-08-10 23:00:00,29,0,2,304,0,22.5,14.2,5.0,0,0,0,0,1,0,0,1,0
2023-08-02 01:00:00,5,2,1,120,0,19.8,13.5,2.1,0,0,0,0,0,0,1,1,0
2023-08-13 11:00:00,364,12,7,645,0,19.7,13.4,1.1,0,0,0,1,0,0,0,1,0
2023-08-08 05:00:00,88,6,4,143,0,19.1,7.7,0.2,0,0,0,0,0,1,0,1,0
2023-08-10 22:00:00,52,23,1,430,0,22.5,14.2,5.0,0,0,0,0,1,0,0,1,0
2023-08-02 02:00:00,5,3,1,98,0,19.8,13.5,2.1,0,0,0,0,0,0,1,1,0
2023-08-13 17:00:00,102,18,6,788,0,19.7,13.4,1.1,0,0,0,1,0,0,0,1,0
2023-08-10 00:00:00,57,1,0,173,0,22.5,14.2,5.0,0,0,0,0,1,0,0,1,0
2023-08-08 00:00:00,18,1,1,130,0,19.1,7.7,0.2,0,0,0,0,0,1,0,1,0
2023-08-02 04:00:00,14,5,1,62,0,19.8,13.5,2.1,0,0,0,0,0,0,1,1,0
2023-08-10 01:00:00,17,2,0,116,0,22.5,14.2,5.0,0,0,0,0,1,0,0,1,0
2023-08-13 23:00:00,48,0,6,257,0,19.7,13.4,1.1,0,0,0,1,0,0,0,1,0
2023-08-03 23:00:00,0,0,0,2,0,17.3,11.8,0.0,0,0,0,0,1,0,0,1,0
2023-08-08 04:00:00,22,5,1,54,0,19.1,7.7,0.2,0,0,0,0,0,1,0,1,0
2023-08-03 17:00:00,366,18,65,1189,0,17.3,11.8,0.0,0,0,0,0,1,0,0,1,0
2023-08-10 02:00:00,20,3,0,71,0,22.5,14.2,5.0,0,0,0,0,1,0,0,1,0
2023-08-08 01:00:00,8,2,0,81,0,19.1,7.7,0.2,0,0,0,0,0,1,0,1,0
2023-08-04 14:00:00,71,15,45,762,0,15.4,11.3,1.6,1,0,0,0,0,0,0,1,0
2023-08-13 08:00:00,123,9,5,221,0,19.7,13.4,1.1,0,0,0,1,0,0,0,1,0
2023-08-03 09:00:00,822,10,49,874,0,17.3,11.8,0.0,0,0,0,0,1,0,0,1,0
2023-08-10 03:00:00,31,4,0,66,0,22.5,14.2,5.0,0,0,0,0,1,0,0,1,0
2023-08-08 02:00:00,8,3,0,54,0,19.1,7.7,0.2,0,0,0,0,0,1,0,1,0
2023-08-04 15:00:00,87,16,43,809,0,15.4,11.3,1.6,1,0,0,0,0,0,0,1,0
2023-08-13 00:00:00,53,1,4,369,0,19.7,13.4,1.1,0,0,0,1,0,0,0,1,0
2023-08-03 18:00:00,191,19,47,961,0,17.3,11.8,0.0,0,0,0,0,1,0,0,1,0
2023-08-10 04:00:00,21,5,0,55,0,22.5,14.2,5.0,0,0,0,0,1,0,0,1,0
2023-08-08 03:00:00,2,4,0,31,0,19.1,7.7,0.2,0,0,0,0,0,1,0,1,0
2023-08-04 13:00:00,60,14,33,810,0,15.4,11.3,1.6,1,0,0,0,0,0,0,1,0
2023-08-13 07:00:00,69,8,4,178,0,19.7,13.4,1.1,0,0,0,1,0,0,0,1,0
2023-08-03 15:00:00,753,16,42,1035,0,17.3,11.8,0.0,0,0,0,0,1,0,0,1,0
2023-08-11 17:00:00,420,18,46,1480,0,20.8,15.8,0.0,1,0,0,0,0,0,0,1,0
2023-08-08 22:00:00,7,23,0,10,0,19.1,7.7,0.2,0,0,0,0,0,1,0,1,0
2023-08-04 17:00:00,50,18,33,768,0,15.4,11.3,1.6,1,0,0,0,0,0,0,1,0
2023-08-13 20:00:00,130,21,3,575,0,19.7,13.4,1.1,0,0,0,1,0,0,0,1,0
2023-08-03 16:00:00,375,17,38,1370,0,17.3,11.8,0.0,0,0,0,0,1,0,0,1,0
2023-08-11 13:00:00,742,14,32,1253,0,20.8,15.8,0.0,1,0,0,0,0,0,0,1,0
2023-08-08 23:00:00,2,0,0,7,0,19.1,7.7,0.2,0,0,0,0,0,1,0,1,0
2023-08-04 19:00:00,309,20,22,713,0,15.4,11.3,1.6,1,0,0,0,0,0,0,1,0
2023-08-13 01:00:00,42,2,3,268,0,19.7,13.4,1.1,0,0,0,1,0,0,0,1,0
2023-08-03 19:00:00,187,20,32,708,0,17.3,11.8,0.0,0,0,0,0,1,0,0,1,0
2023-08-11 07:00:00,142,8,28,625,0,20.8,15.8,0.0,1,0,0,0,0,0,0,1,0
2023-08-09 17:00:00,776,18,34,1313,0,22.8,8.8,0.0,0,0,0,0,0,0,1,1,0
2023-08-04 10:00:00,618,11,22,706,0,15.4,11.3,1.6,1,0,0,0,0,0,0,1,0
2023-08-13 22:00:00,48,23,2,261,0,19.7,13.4,1.1,0,0,0,1,0,0,0,1,0
2023-08-03 20:00:00,164,21,32,708,0,17.3,11.8,0.0,0,0,0,0,1,0,0,1,0
2023-08-11 15:00:00,916,16,27,1319,0,20.8,15.8,0.0,1,0,0,0,0,0,0,1,0
2023-08-09 16:00:00,650,17,29,1328,0,22.8,8.8,0.0,0,0,0,0,0,0,1,1,0
2023-08-04 16:00:00,49,17,20,815,0,15.4,11.3,1.6,1,0,0,0,0,0,0,1,0
2023-08-13 03:00:00,14,4,2,228,0,19.7,13.4,1.1,0,0,0,1,0,0,0,1,0
2023-08-03 12:00:00,872,13,31,1012,0,17.3,11.8,0.0,0,0,0,0,1,0,0,1,0
2023-08-11 14:00:00,952,15,23,1371,0,20.8,15.8,0.0,1,0,0,0,0,0,0,1,0
2023-08-09 14:00:00,508,15,23,1106,0,22.8,8.8,0.0,0,0,0,0,0,0,1,1,0
2023-08-04 18:00:00,210,19,20,684,0,15.4,11.3,1.6,1,0,0,0,0,0,0,1,0
2023-08-13 06:00:00,32,7,2,136,0,19.7,13.4,1.1,0,0,0,1,0,0,0,1,0
2023-08-03 11:00:00,836,12,31,920,0,17.3,11.8,0.0,0,0,0,0,1,0,0,1,0
2023-08-11 16:00:00,690,17,21,1422,0,20.8,15.8,0.0,1,0,0,0,0,0,0,1,0
2023-08-09 18:00:00,509,19,22,1042,0,22.8,8.8,0.0,0,0,0,0,0,0,1,1,0
2023-08-04 12:00:00,290,13,16,759,0,15.4,11.3,1.6,1,0,0,0,0,0,0,1,0
2023-08-13 04:00:00,17,5,2,96,0,19.7,13.4,1.1,0,0,0,1,0,0,0,1,0
2023-08-03 14:00:00,1078,15,26,1073,0,17.3,11.8,0.0,0,0,0,0,1,0,0,1,0
2023-08-11 18:00:00,271,19,21,1270,0,20.8,15.8,0.0,1,0,0,0,0,0,0,1,0
2023-08-09 19:00:00,389,20,19,789,0,22.8,8.8,0.0,0,0,0,0,0,0,1,1,0
2023-08-04 11:00:00,1001,12,15,792,0,15.4,11.3,1.6,1,0,0,0,0,0,0,1,0
2023-08-13 21:00:00,83,22,1,424,0,19.7,13.4,1.1,0,0,0,1,0,0,0,1,0
2023-08-03 13:00:00,933,14,22,1079,0,17.3,11.8,0.0,0,0,0,0,1,0,0,1,0
2023-08-11 11:00:00,701,12,19,1095,0,20.8,15.8,0.0,1,0,0,0,0,0,0,1,0
2023-08-09 15:00:00,573,16,18,1177,0,22.8,8.8,0.0,0,0,0,0,0,0,1,1,0
2023-08-04 08:00:00,177,9,13,762,0,15.4,11.3,1.6,1,0,0,0,0,0,0,1,0
2023-08-13 02:00:00,30,3,1,268,0,19.7,13.4,1.1,0,0,0,1,0,0,0,1,0
2023-08-13 05:00:00,29,6,1,87,0,19.7,13.4,1.1,0,0,0,1,0,0,0,1,0
2023-08-13 14:00:00,42,15,0,24,0,19.7,13.4,1.1,0,0,0,1,0,0,0,1,0
2023-08-13 13:00:00,26,14,0,18,0,19.7,13.4,1.1,0,0,0,1,0,0,0,1,0
2023-08-13 12:00:00,15,13,0,14,0,19.7,13.4,1.1,0,0,0,1,0,0,0,1,0
2023-08-14 15:00:00,663,16,74,1168,0,20.6,13.5,0.0,0,1,0,0,0,0,0,1,0
2023-08-14 14:00:00,576,15,53,1234,0,20.6,13.5,0.0,0,1,0,0,0,0,0,1,0
2023-08-14 16:00:00,445,17,47,1221,0,20.6,13.5,0.0,0,1,0,0,0,0,0,1,0
2023-08-14 13:00:00,533,14,44,1080,0,20.6,13.5,0.0,0,1,0,0,0,0,0,1,0
2023-08-14 12:00:00,395,13,31,950,0,20.6,13.5,0.0,0,1,0,0,0,0,0,1,0
2023-08-14 11:00:00,679,12,29,1072,0,20.6,13.5,0.0,0,1,0,0,0,0,0,1,0
2023-08-14 10:00:00,612,11,28,989,0,20.6,13.5,0.0,0,1,0,0,0,0,0,1,0
2023-08-14 20:00:00,136,21,23,618,0,20.6,13.5,0.0,0,1,0,0,0,0,0,1,0
2023-08-14 07:00:00,97,8,18,647,0,20.6,13.5,0.0,0,1,0,0,0,0,0,1,0
2023-08-14 09:00:00,478,10,15,944,0,20.6,13.5,0.0,0,1,0,0,0,0,0,1,0
2023-08-14 08:00:00,258,9,10,1049,0,20.6,13.5,0.0,0,1,0,0,0,0,0,1,0
2023-08-14 06:00:00,71,7,9,260,0,20.6,13.5,0.0,0,1,0,0,0,0,0,1,0
2023-08-14 17:00:00,223,18,7,1049,0,20.6,13.5,0.0,0,1,0,0,0,0,0,1,0
2023-08-14 00:00:00,37,1,6,176,0,20.6,13.5,0.0,0,1,0,0,0,0,0,1,0
2023-08-14 19:00:00,97,20,5,664,0,20.6,13.5,0.0,0,1,0,0,0,0,0,1,0
2023-08-14 21:00:00,46,22,5,149,0,20.6,13.5,0.0,0,1,0,0,0,0,0,1,0
2023-08-04 21:00:00,138,22,12,538,0,15.4,11.3,1.6,1,0,0,0,0,0,0,1,0
2023-08-03 08:00:00,477,9,22,888,0,17.3,11.8,0.0,0,0,0,0,1,0,0,1,0
2023-08-11 09:00:00,535,10,19,920,0,20.8,15.8,0.0,1,0,0,0,0,0,0,1,0
2023-08-04 06:00:00,62,7,9,328,0,15.4,11.3,1.6,1,0,0,0,0,0,0,1,0
2023-08-03 10:00:00,788,11,19,911,0,17.3,11.8,0.0,0,0,0,0,1,0,0,1,0
2023-08-11 19:00:00,146,20,17,1089,0,20.8,15.8,0.0,1,0,0,0,0,0,0,1,0
2023-08-09 12:00:00,211,13,9,492,0,22.8,8.8,0.0,0,0,0,0,0,0,1,1,0
2023-08-04 22:00:00,89,23,6,465,0,15.4,11.3,1.6,1,0,0,0,0,0,0,1,0
2023-08-03 21:00:00,45,22,10,278,0,17.3,11.8,0.0,0,0,0,0,1,0,0,1,0
2023-08-11 12:00:00,453,13,16,1089,0,20.8,15.8,0.0,1,0,0,0,0,0,0,1,0
2023-08-09 20:00:00,321,21,7,629,0,22.8,8.8,0.0,0,0,0,0,0,0,1,1,0
2023-08-04 07:00:00,153,8,4,540,0,15.4,11.3,1.6,1,0,0,0,0,0,0,1,0
2023-08-03 06:00:00,108,7,10,264,0,17.3,11.8,0.0,0,0,0,0,1,0,0,1,0
2023-08-11 10:00:00,682,11,13,1000,0,20.8,15.8,0.0,1,0,0,0,0,0,0,1,0
2023-08-09 13:00:00,396,14,6,596,0,22.8,8.8,0.0,0,0,0,0,0,0,1,1,0
2023-08-04 09:00:00,54,10,3,679,0,15.4,11.3,1.6,1,0,0,0,0,0,0,1,0
2023-08-03 22:00:00,41,23,9,262,0,17.3,11.8,0.0,0,0,0,0,1,0,0,1,0
2023-08-11 08:00:00,296,9,11,903,0,20.8,15.8,0.0,1,0,0,0,0,0,0,1,0
2023-08-09 21:00:00,252,22,5,567,0,22.8,8.8,0.0,0,0,0,0,0,0,1,1,0
2023-08-04 20:00:00,213,21,3,615,0,15.4,11.3,1.6,1,0,0,0,0,0,0,1,0
2023-08-03 07:00:00,216,8,6,609,0,17.3,11.8,0.0,0,0,0,0,1,0,0,1,0
2023-08-11 20:00:00,168,21,9,868,0,20.8,15.8,0.0,1,0,0,0,0,0,0,1,0
2023-08-09 22:00:00,111,23,5,425,0,22.8,8.8,0.0,0,0,0,0,0,0,1,1,0
2023-08-04 23:00:00,65,0,3,367,0,15.4,11.3,1.6,1,0,0,0,0,0,0,1,0
2023-08-03 01:00:00,14,2,3,127,0,17.3,11.8,0.0,0,0,0,0,1,0,0,1,0
2023-08-11 06:00:00,69,7,9,257,0,20.8,15.8,0.0,1,0,0,0,0,0,0,1,0
2023-08-09 23:00:00,44,0,3,207,0,22.8,8.8,0.0,0,0,0,0,0,0,1,1,0
2023-08-04 04:00:00,12,5,3,53,0,15.4,11.3,1.6,1,0,0,0,0,0,0,1,0
2023-08-03 04:00:00,23,5,3,61,0,17.3,11.8,0.0,0,0,0,0,1,0,0,1,0
2023-08-11 01:00:00,9,2,1,112,0,20.8,15.8,0.0,1,0,0,0,0,0,0,1,0
2023-08-09 09:00:00,30,10,1,26,0,22.8,8.8,0.0,0,0,0,0,0,0,1,1,0
2023-08-04 05:00:00,36,6,2,158,0,15.4,11.3,1.6,1,0,0,0,0,0,0,1,0
2023-08-03 02:00:00,9,3,2,79,0,17.3,11.8,0.0,0,0,0,0,1,0,0,1,0
2023-08-11 21:00:00,0,22,1,6,0,20.8,15.8,0.0,1,0,0,0,0,0,0,1,0
2023-08-09 07:00:00,6,8,1,6,0,22.8,8.8,0.0,0,0,0,0,0,0,1,1,0
2023-08-04 03:00:00,7,4,0,47,0,15.4,11.3,1.6,1,0,0,0,0,0,0,1,0
2023-08-03 03:00:00,18,4,2,54,0,17.3,11.8,0.0,0,0,0,0,1,0,0,1,0
2023-08-11 00:00:00,9,1,0,198,0,20.8,15.8,0.0,1,0,0,0,0,0,0,1,0
2023-08-09 02:00:00,2,3,1,0,0,22.8,8.8,0.0,0,0,0,0,0,0,1,1,0
2023-08-04 00:00:00,0,1,0,4,0,15.4,11.3,1.6,1,0,0,0,0,0,0,1,0
2023-08-03 00:00:00,20,1,1,177,0,17.3,11.8,0.0,0,0,0,0,1,0,0,1,0
2023-08-11 05:00:00,39,6,0,30,0,20.8,15.8,0.0,1,0,0,0,0,0,0,1,0
2023-08-09 05:00:00,1,6,1,0,0,22.8,8.8,0.0,0,0,0,0,0,0,1,1,0
2023-08-04 01:00:00,1,2,0,3,0,15.4,11.3,1.6,1,0,0,0,0,0,0,1,0
2023-08-11 02:00:00,10,3,0,17,0,20.8,15.8,0.0,1,0,0,0,0,0,0,1,0
2023-08-09 10:00:00,28,11,0,32,0,22.8,8.8,0.0,0,0,0,0,0,0,1,1,0
2023-08-04 02:00:00,2,3,0,0,0,15.4,11.3,1.6,1,0,0,0,0,0,0,1,0
2023-08-11 04:00:00,5,5,0,4,0,20.8,15.8,0.0,1,0,0,0,0,0,0,1,0
2023-08-09 11:00:00,53,12,0,23,0,22.8,8.8,0.0,0,0,0,0,0,0,1,1,0
2023-08-05 14:00:00,392,15,74,816,0,17.5,5.5,9.2,0,0,1,0,0,0,0,1,0
2023-08-11 03:00:00,5,4,0,3,0,20.8,15.8,0.0,1,0,0,0,0,0,0,1,0
2023-08-09 08:00:00,31,9,0,18,0,22.8,8.8,0.0,0,0,0,0,0,0,1,1,0
2023-08-05 17:00:00,372,18,61,777,0,17.5,5.5,9.2,0,0,1,0,0,0,0,1,0
2023-08-12 13:00:00,484,14,28,1328,0,19.7,15.4,11.4,0,0,1,0,0,0,0,1,0
2023-08-09 00:00:00,8,1,0,8,0,22.8,8.8,0.0,0,0,0,0,0,0,1,1,0
2023-08-05 16:00:00,289,17,53,722,0,17.5,5.5,9.2,0,0,1,0,0,0,0,1,0
2023-08-12 10:00:00,299,11,24,953,0,19.7,15.4,11.4,0,0,1,0,0,0,0,1,0
2023-08-09 06:00:00,9,7,0,6,0,22.8,8.8,0.0,0,0,0,0,0,0,1,1,0
2023-08-05 15:00:00,303,16,48,669,0,17.5,5.5,9.2,0,0,1,0,0,0,0,1,0
2023-08-12 11:00:00,330,12,22,1122,0,19.7,15.4,11.4,0,0,1,0,0,0,0,1,0
2023-08-09 01:00:00,9,2,0,5,0,22.8,8.8,0.0,0,0,0,0,0,0,1,1,0
2023-08-05 10:00:00,244,11,45,623,0,17.5,5.5,9.2,0,0,1,0,0,0,0,1,0
2023-08-12 12:00:00,470,13,20,1216,0,19.7,15.4,11.4,0,0,1,0,0,0,0,1,0
2023-08-09 03:00:00,1,4,0,3,0,22.8,8.8,0.0,0,0,0,0,0,0,1,1,0
2023-08-05 13:00:00,379,14,32,805,0,17.5,5.5,9.2,0,0,1,0,0,0,0,1,0
2023-08-12 15:00:00,569,16,20,1035,0,19.7,15.4,11.4,0,0,1,0,0,0,0,1,0
2023-08-09 04:00:00,3,5,0,1,0,22.8,8.8,0.0,0,0,0,0,0,0,1,1,0
2023-08-05 18:00:00,220,19,27,725,0,17.5,5.5,9.2,0,0,1,0,0,0,0,1,0
2023-08-12 09:00:00,254,10,14,750,0,19.7,15.4,11.4,0,0,1,0,0,0,0,1,0
2023-08-10 15:00:00,498,16,34,1278,0,22.5,14.2,5.0,0,0,0,0,1,0,0,1,0
2023-08-05 12:00:00,410,13,24,782,0,17.5,5.5,9.2,0,0,1,0,0,0,0,1,0
2023-08-12 14:00:00,1011,15,11,1308,0,19.7,15.4,11.4,0,0,1,0,0,0,0,1,0
2023-08-10 17:00:00,614,18,33,1346,0,22.5,14.2,5.0,0,0,0,0,1,0,0,1,0
2023-08-05 09:00:00,201,10,18,595,0,17.5,5.5,9.2,0,0,1,0,0,0,0,1,0
2023-08-12 22:00:00,106,23,11,626,0,19.7,15.4,11.4,0,0,1,0,0,0,0,1,0
2023-08-10 16:00:00,453,17,26,1573,0,22.5,14.2,5.0,0,0,0,0,1,0,0,1,0
2023-08-05 11:00:00,414,12,16,724,0,17.5,5.5,9.2,0,0,1,0,0,0,0,1,0
2023-08-12 19:00:00,169,20,9,693,0,19.7,15.4,11.4,0,0,1,0,0,0,0,1,0
2023-08-10 19:00:00,155,20,21,1123,0,22.5,14.2,5.0,0,0,0,0,1,0,0,1,0
2023-08-05 20:00:00,121,21,13,566,0,17.5,5.5,9.2,0,0,1,0,0,0,0,1,0
2023-08-12 06:00:00,67,7,8,159,0,19.7,15.4,11.4,0,0,1,0,0,0,0,1,0
2023-08-10 18:00:00,347,19,21,1116,0,22.5,14.2,5.0,0,0,0,0,1,0,0,1,0
2023-08-05 19:00:00,140,20,12,697,0,17.5,5.5,9.2,0,0,1,0,0,0,0,1,0
2023-08-12 16:00:00,289,17,7,834,0,19.7,15.4,11.4,0,0,1,0,0,0,0,1,0
2023-08-10 20:00:00,107,21,21,749,0,22.5,14.2,5.0,0,0,0,0,1,0,0,1,0
2023-08-05 21:00:00,103,22,7,502,0,17.5,5.5,9.2,0,0,1,0,0,0,0,1,0
2023-08-12 20:00:00,173,21,7,710,0,19.7,15.4,11.4,0,0,1,0,0,0,0,1,0
2023-08-10 13:00:00,431,14,19,1298,0,22.5,14.2,5.0,0,0,0,0,1,0,0,1,0
2023-08-05 08:00:00,123,9,4,417,0,17.5,5.5,9.2,0,0,1,0,0,0,0,1,0
2023-08-12 23:00:00,52,0,5,541,0,19.7,15.4,11.4,0,0,1,0,0,0,0,1,0
2023-08-10 14:00:00,578,15,14,1374,0,22.5,14.2,5.0,0,0,0,0,1,0,0,1,0
2023-08-05 00:00:00,10,1,3,315,0,17.5,5.5,9.2,0,0,1,0,0,0,0,1,0
2023-08-10 12:00:00,305,13,12,1251,0,22.5,14.2,5.0,0,0,0,0,1,0,0,1,0
2023-08-05 01:00:00,10,2,3,224,0,17.5,5.5,9.2,0,0,1,0,0,0,0,1,0
2023-08-05 23:00:00,46,0,2,396,0,17.5,5.5,9.2,0,0,1,0,0,0,0,1,0
2023-08-05 04:00:00,14,5,2,52,0,17.5,5.5,9.2,0,0,1,0,0,0,0,1,0
2023-08-05 22:00:00,86,23,1,463,0,17.5,5.5,9.2,0,0,1,0,0,0,0,1,0
2023-08-05 07:00:00,56,8,1,244,0,17.5,5.5,9.2,0,0,1,0,0,0,0,1,0
2023-08-05 06:00:00,45,7,1,148,0,17.5,5.5,9.2,0,0,1,0,0,0,0,1,0
2023-08-05 02:00:00,16,3,1,119,0,17.5,5.5,9.2,0,0,1,0,0,0,0,1,0
2023-08-05 05:00:00,29,6,1,88,0,17.5,5.5,9.2,0,0,1,0,0,0,0,1,0
2023-08-05 03:00:00,4,4,1,88,0,17.5,5.5,9.2,0,0,1,0,0,0,0,1,0
2023-08-18 06:00:00,8,7,0,782,0,20.9,13.2,9.7,1,0,0,0,0,0,0,1,0
2023-08-18 05:00:00,3,6,0,272,0,20.9,13.2,9.7,1,0,0,0,0,0,0,1,0
2023-08-18 04:00:00,2,5,0,99,0,20.9,13.2,9.7,1,0,0,0,0,0,0,1,0
2023-08-18 03:00:00,8,4,0,44,0,20.9,13.2,9.7,1,0,0,0,0,0,0,1,0
2023-08-19 15:00:00,513,16,24,1044,0,21.8,13.4,0.0,0,0,1,0,0,0,0,1,0
2023-08-19 10:00:00,294,11,15,803,0,21.8,13.4,0.0,0,0,1,0,0,0,0,1,0
2023-08-19 12:00:00,365,13,14,1052,0,21.8,13.4,0.0,0,0,1,0,0,0,0,1,0
2023-08-19 11:00:00,516,12,14,995,0,21.8,13.4,0.0,0,0,1,0,0,0,0,1,0
2023-08-19 14:00:00,397,15,14,800,0,21.8,13.4,0.0,0,0,1,0,0,0,0,1,0
2023-08-19 08:00:00,105,9,14,359,0,21.8,13.4,0.0,0,0,1,0,0,0,0,1,0
2023-08-19 16:00:00,588,17,13,831,0,21.8,13.4,0.0,0,0,1,0,0,0,0,1,0
2023-08-19 20:00:00,215,21,12,543,0,21.8,13.4,0.0,0,0,1,0,0,0,0,1,0
2023-08-19 09:00:00,10,10,11,154,0,21.8,13.4,0.0,0,0,1,0,0,0,0,1,0
2023-08-19 19:00:00,258,20,10,730,0,21.8,13.4,0.0,0,0,1,0,0,0,0,1,0
2023-08-19 17:00:00,416,18,10,654,0,21.8,13.4,0.0,0,0,1,0,0,0,0,1,0
2023-08-19 21:00:00,99,22,9,482,0,21.8,13.4,0.0,0,0,1,0,0,0,0,1,0
2023-08-19 07:00:00,98,8,9,300,0,21.8,13.4,0.0,0,0,1,0,0,0,0,1,0
2023-08-19 13:00:00,299,14,7,726,0,21.8,13.4,0.0,0,0,1,0,0,0,0,1,0
2023-08-19 23:00:00,51,0,6,327,0,21.8,13.4,0.0,0,0,1,0,0,0,0,1,0
2023-08-19 18:00:00,311,19,4,792,0,21.8,13.4,0.0,0,0,1,0,0,0,0,1,0
2023-08-19 01:00:00,37,2,4,206,0,21.8,13.4,0.0,0,0,1,0,0,0,0,1,0
2023-08-19 00:00:00,61,1,3,256,0,21.8,13.4,0.0,0,0,1,0,0,0,0,1,0
2023-08-19 22:00:00,45,23,2,205,0,21.8,13.4,0.0,0,0,1,0,0,0,0,1,0
2023-08-19 06:00:00,30,7,2,124,0,21.8,13.4,0.0,0,0,1,0,0,0,0,1,0
2023-08-19 02:00:00,2,3,0,101,0,21.8,13.4,0.0,0,0,1,0,0,0,0,1,0
2023-08-19 03:00:00,4,4,0,65,0,21.8,13.4,0.0,0,0,1,0,0,0,0,1,0
2023-08-19 04:00:00,2,5,0,42,0,21.8,13.4,0.0,0,0,1,0,0,0,0,1,0
2023-08-19 05:00:00,4,6,0,30,0,21.8,13.4,0.0,0,0,1,0,0,0,0,1,0
2023-08-20 18:00:00,167,19,46,789,0,21.5,14.0,0.0,0,0,0,1,0,0,0,1,0
2023-08-20 14:00:00,319,15,45,1072,0,21.5,14.0,0.0,0,0,0,1,0,0,0,1,0
2023-08-20 15:00:00,236,16,38,915,0,21.5,14.0,0.0,0,0,0,1,0,0,0,1,0
2023-08-20 19:00:00,79,20,37,716,0,21.5,14.0,0.0,0,0,0,1,0,0,0,1,0
2023-08-20 17:00:00,212,18,32,927,0,21.5,14.0,0.0,0,0,0,1,0,0,0,1,0
2023-08-20 13:00:00,242,14,28,1036,0,21.5,14.0,0.0,0,0,0,1,0,0,0,1,0
2023-08-20 12:00:00,237,13,25,962,0,21.5,14.0,0.0,0,0,0,1,0,0,0,1,0
2023-08-20 16:00:00,247,17,24,929,0,21.5,14.0,0.0,0,0,0,1,0,0,0,1,0
2023-08-20 10:00:00,213,11,16,556,0,21.5,14.0,0.0,0,0,0,1,0,0,0,1,0
2023-08-20 20:00:00,109,21,15,614,0,21.5,14.0,0.0,0,0,0,1,0,0,0,1,0
2023-08-25 20:00:00,187,21,15,773,0,18.5,8.9,0.0,1,0,0,0,0,0,0,1,0
2023-08-20 09:00:00,190,10,10,369,0,21.5,14.0,0.0,0,0,0,1,0,0,0,1,0
2023-08-20 11:00:00,251,12,8,685,0,21.5,14.0,0.0,0,0,0,1,0,0,0,1,0
2023-08-20 21:00:00,109,22,7,534,0,21.5,14.0,0.0,0,0,0,1,0,0,0,1,0
2023-08-20 22:00:00,74,23,4,378,0,21.5,14.0,0.0,0,0,0,1,0,0,0,1,0
2023-08-27 23:00:00,50,0,2,252,0,18.6,5.5,4.8,0,0,0,1,0,0,0,1,0
2023-08-25 19:00:00,166,20,11,968,0,18.5,8.9,0.0,1,0,0,0,0,0,0,1,0
2023-08-23 13:00:00,272,14,23,1381,0,19.5,9.3,3.6,0,0,0,0,0,0,1,1,0
2023-08-20 01:00:00,39,2,3,230,0,21.5,14.0,0.0,0,0,0,1,0,0,0,1,0
2023-08-27 03:00:00,36,4,2,204,0,18.6,5.5,4.8,0,0,0,1,0,0,0,1,0
2023-08-25 06:00:00,126,7,10,257,0,18.5,8.9,0.0,1,0,0,0,0,0,0,1,0
2023-08-23 14:00:00,390,15,22,1140,0,19.5,9.3,3.6,0,0,0,0,0,0,1,1,0
2023-08-29 23:00:00,40,0,1,204,0,19.0,10.5,0.0,0,0,0,0,0,1,0,1,0
2023-08-20 04:00:00,22,5,3,59,0,21.5,14.0,0.0,0,0,0,1,0,0,0,1,0
2023-08-27 21:00:00,44,22,2,189,0,18.6,5.5,4.8,0,0,0,1,0,0,0,1,0
2023-08-25 07:00:00,254,8,9,645,0,18.5,8.9,0.0,1,0,0,0,0,0,0,1,0
2023-08-23 10:00:00,368,11,22,942,0,19.5,9.3,3.6,0,0,0,0,0,0,1,1,0
2023-08-29 04:00:00,17,5,0,54,0,19.0,10.5,0.0,0,0,0,0,0,1,0,1,0
2023-08-20 00:00:00,34,1,2,219,0,21.5,14.0,0.0,0,0,0,1,0,0,0,1,0
2023-08-27 00:00:00,54,1,1,389,0,18.6,5.5,4.8,0,0,0,1,0,0,0,1,0
2023-08-25 21:00:00,141,22,9,643,0,18.5,8.9,0.0,1,0,0,0,0,0,0,1,0
2023-08-23 06:00:00,104,7,20,270,0,19.5,9.3,3.6,0,0,0,0,0,0,1,1,0
2023-08-29 03:00:00,5,4,0,42,0,19.0,10.5,0.0,0,0,0,0,0,1,0,1,0
2023-08-20 08:00:00,122,9,2,218,0,21.5,14.0,0.0,0,0,0,1,0,0,0,1,0
2023-08-27 01:00:00,43,2,1,268,0,18.6,5.5,4.8,0,0,0,1,0,0,0,1,0
2023-08-25 22:00:00,84,23,4,525,0,18.5,8.9,0.0,1,0,0,0,0,0,0,1,0
2023-08-25 00:00:00,28,1,2,186,0,18.5,8.9,0.0,1,0,0,0,0,0,0,1,0
2023-08-25 02:00:00,29,3,2,82,0,18.5,8.9,0.0,1,0,0,0,0,0,0,1,0
2023-08-25 05:00:00,97,6,1,170,0,18.5,8.9,0.0,1,0,0,0,0,0,0,1,0
2023-08-25 01:00:00,27,2,1,115,0,18.5,8.9,0.0,1,0,0,0,0,0,0,1,0
2023-08-25 03:00:00,13,4,1,55,0,18.5,8.9,0.0,1,0,0,0,0,0,0,1,0
2023-08-25 23:00:00,63,0,0,420,0,18.5,8.9,0.0,1,0,0,0,0,0,0,1,0
2023-08-25 04:00:00,25,5,0,57,0,18.5,8.9,0.0,1,0,0,0,0,0,0,1,0
2023-08-26 11:00:00,556,12,54,1106,0,18.3,5.5,0.8,0,0,1,0,0,0,0,1,0
2023-08-26 13:00:00,520,14,50,1276,0,18.3,5.5,0.8,0,0,1,0,0,0,0,1,0
2023-08-26 15:00:00,437,16,47,1022,0,18.3,5.5,0.8,0,0,1,0,0,0,0,1,0
2023-08-26 12:00:00,464,13,34,1237,0,18.3,5.5,0.8,0,0,1,0,0,0,0,1,0
2023-08-26 16:00:00,409,17,34,959,0,18.3,5.5,0.8,0,0,1,0,0,0,0,1,0
2023-08-26 10:00:00,451,11,27,972,0,18.3,5.5,0.8,0,0,1,0,0,0,0,1,0
2023-08-26 17:00:00,363,18,24,1001,0,18.3,5.5,0.8,0,0,1,0,0,0,0,1,0
2023-08-26 18:00:00,181,19,22,997,0,18.3,5.5,0.8,0,0,1,0,0,0,0,1,0
2023-08-26 19:00:00,190,20,22,811,0,18.3,5.5,0.8,0,0,1,0,0,0,0,1,0
2023-08-26 14:00:00,328,15,21,1027,0,18.3,5.5,0.8,0,0,1,0,0,0,0,1,0
2023-08-26 20:00:00,194,21,17,721,0,18.3,5.5,0.8,0,0,1,0,0,0,0,1,0
2023-08-26 21:00:00,101,22,5,675,0,18.3,5.5,0.8,0,0,1,0,0,0,0,1,0
2023-08-26 00:00:00,36,1,5,331,0,18.3,5.5,0.8,0,0,1,0,0,0,0,1,0
2023-08-26 07:00:00,71,8,4,331,0,18.3,5.5,0.8,0,0,1,0,0,0,0,1,0
2023-08-26 06:00:00,42,7,4,163,0,18.3,5.5,0.8,0,0,1,0,0,0,0,1,0
2023-08-26 05:00:00,46,6,3,91,0,18.3,5.5,0.8,0,0,1,0,0,0,0,1,0
2023-08-26 22:00:00,114,23,2,591,0,18.3,5.5,0.8,0,0,1,0,0,0,0,1,0
2023-08-26 23:00:00,60,0,1,498,0,18.3,5.5,0.8,0,0,1,0,0,0,0,1,0
2023-08-26 02:00:00,26,3,1,198,0,18.3,5.5,0.8,0,0,1,0,0,0,0,1,0
2023-08-26 04:00:00,14,5,1,76,0,18.3,5.5,0.8,0,0,1,0,0,0,0,1,0
2023-08-26 08:00:00,7,9,1,13,0,18.3,5.5,0.8,0,0,1,0,0,0,0,1,0
2023-08-26 01:00:00,38,2,0,213,0,18.3,5.5,0.8,0,0,1,0,0,0,0,1,0
2023-08-26 03:00:00,27,4,0,140,0,18.3,5.5,0.8,0,0,1,0,0,0,0,1,0
2023-08-26 09:00:00,19,10,0,69,0,18.3,5.5,0.8,0,0,1,0,0,0,0,1,0
2023-08-27 19:00:00,167,20,33,620,0,18.6,5.5,4.8,0,0,0,1,0,0,0,1,0
2023-08-27 16:00:00,304,17,32,776,0,18.6,5.5,4.8,0,0,0,1,0,0,0,1,0
2023-08-27 18:00:00,181,19,25,729,0,18.6,5.5,4.8,0,0,0,1,0,0,0,1,0
2023-08-27 15:00:00,385,16,24,868,0,18.6,5.5,4.8,0,0,0,1,0,0,0,1,0
2023-08-27 14:00:00,541,15,20,1277,0,18.6,5.5,4.8,0,0,0,1,0,0,0,1,0
2023-08-27 13:00:00,454,14,17,1136,0,18.6,5.5,4.8,0,0,0,1,0,0,0,1,0
2023-08-27 20:00:00,128,21,17,597,0,18.6,5.5,4.8,0,0,0,1,0,0,0,1,0
2023-08-27 12:00:00,401,13,16,1053,0,18.6,5.5,4.8,0,0,0,1,0,0,0,1,0
2023-08-27 10:00:00,280,11,16,748,0,18.6,5.5,4.8,0,0,0,1,0,0,0,1,0
2023-08-27 11:00:00,266,12,13,920,0,18.6,5.5,4.8,0,0,0,1,0,0,0,1,0
2023-08-27 09:00:00,200,10,12,438,0,18.6,5.5,4.8,0,0,0,1,0,0,0,1,0
2023-08-27 17:00:00,582,18,8,860,0,18.6,5.5,4.8,0,0,0,1,0,0,0,1,0
2023-08-27 08:00:00,106,9,7,261,0,18.6,5.5,4.8,0,0,0,1,0,0,0,1,0
2023-08-27 07:00:00,74,8,4,167,0,18.6,5.5,4.8,0,0,0,1,0,0,0,1,0
2023-08-27 06:00:00,24,7,4,137,0,18.6,5.5,4.8,0,0,0,1,0,0,0,1,0
2023-08-27 22:00:00,37,23,4,103,0,18.6,5.5,4.8,0,0,0,1,0,0,0,1,0
2023-08-30 17:00:00,458,18,56,1712,0,17.9,7.7,0.0,0,0,0,0,0,0,1,1,0
2023-08-20 07:00:00,75,8,2,173,0,21.5,14.0,0.0,0,0,0,1,0,0,0,1,0
2023-08-27 05:00:00,35,6,1,83,0,18.6,5.5,4.8,0,0,0,1,0,0,0,1,0
2023-08-30 16:00:00,508,17,35,1557,0,17.9,7.7,0.0,0,0,0,0,0,0,1,1,0
2023-08-23 11:00:00,476,12,19,947,0,19.5,9.3,3.6,0,0,0,0,0,0,1,1,0
2023-08-20 02:00:00,26,3,2,173,0,21.5,14.0,0.0,0,0,0,1,0,0,0,1,0
2023-08-27 02:00:00,42,3,0,248,0,18.6,5.5,4.8,0,0,0,1,0,0,0,1,0
2023-08-30 15:00:00,405,16,32,1237,0,17.9,7.7,0.0,0,0,0,0,0,0,1,1,0
2023-08-23 07:00:00,217,8,19,703,0,19.5,9.3,3.6,0,0,0,0,0,0,1,1,0
2023-08-20 03:00:00,30,4,2,163,0,21.5,14.0,0.0,0,0,0,1,0,0,0,1,0
2023-08-27 04:00:00,22,5,0,79,0,18.6,5.5,4.8,0,0,0,1,0,0,0,1,0
2023-08-30 09:00:00,572,10,23,1178,0,17.9,7.7,0.0,0,0,0,0,0,0,1,1,0
2023-08-23 08:00:00,572,9,13,1230,0,19.5,9.3,3.6,0,0,0,0,0,0,1,1,0
2023-08-20 06:00:00,34,7,1,92,0,21.5,14.0,0.0,0,0,0,1,0,0,0,1,0
2023-08-20 23:00:00,22,0,0,174,0,21.5,14.0,0.0,0,0,0,1,0,0,0,1,0
2023-08-20 05:00:00,30,6,0,82,0,21.5,14.0,0.0,0,0,0,1,0,0,0,1,0
2023-08-21 16:00:00,560,17,53,1380,0,21.4,14.3,0.6,0,1,0,0,0,0,0,1,0
2023-08-28 18:00:00,282,19,104,866,0,18.2,8.5,0.0,0,1,0,0,0,0,0,1,0
2023-08-23 19:00:00,356,20,8,878,0,19.5,9.3,3.6,0,0,0,0,0,0,1,1,0
2023-08-30 08:00:00,474,9,18,1284,0,17.9,7.7,0.0,0,0,0,0,0,0,1,1,0
2023-08-28 17:00:00,532,18,52,1264,0,18.2,8.5,0.0,0,1,0,0,0,0,0,1,0
2023-08-23 20:00:00,309,21,4,655,0,19.5,9.3,3.6,0,0,0,0,0,0,1,1,0
2023-08-30 19:00:00,276,20,13,901,0,17.9,7.7,0.0,0,0,0,0,0,0,1,1,0
2023-08-28 16:00:00,575,17,39,1314,0,18.2,8.5,0.0,0,1,0,0,0,0,0,1,0
2023-08-23 21:00:00,208,22,2,450,0,19.5,9.3,3.6,0,0,0,0,0,0,1,1,0
2023-08-30 11:00:00,502,12,12,1070,0,17.9,7.7,0.0,0,0,0,0,0,0,1,1,0
2023-08-28 19:00:00,60,20,33,775,0,18.2,8.5,0.0,0,1,0,0,0,0,0,1,0
2023-08-23 22:00:00,106,23,2,318,0,19.5,9.3,3.6,0,0,0,0,0,0,1,1,0
2023-08-30 07:00:00,174,8,12,670,0,17.9,7.7,0.0,0,0,0,0,0,0,1,1,0
2023-08-28 14:00:00,409,15,24,1085,0,18.2,8.5,0.0,0,1,0,0,0,0,0,1,0
2023-08-23 00:00:00,54,1,2,167,0,19.5,9.3,3.6,0,0,0,0,0,0,1,1,0
2023-08-30 12:00:00,500,13,11,1090,0,17.9,7.7,0.0,0,0,0,0,0,0,1,1,0
2023-08-28 15:00:00,395,16,21,1085,0,18.2,8.5,0.0,0,1,0,0,0,0,0,1,0
2023-08-23 05:00:00,52,6,2,160,0,19.5,9.3,3.6,0,0,0,0,0,0,1,1,0
2023-08-30 18:00:00,313,19,11,981,0,17.9,7.7,0.0,0,0,0,0,0,0,1,1,0
2023-08-28 13:00:00,402,14,20,1040,0,18.2,8.5,0.0,0,1,0,0,0,0,0,1,0
2023-08-23 23:00:00,70,0,1,256,0,19.5,9.3,3.6,0,0,0,0,0,0,1,1,0
2023-08-30 06:00:00,95,7,10,264,0,17.9,7.7,0.0,0,0,0,0,0,0,1,1,0
2023-08-28 07:00:00,189,8,20,630,0,18.2,8.5,0.0,0,1,0,0,0,0,0,1,0
2023-08-23 01:00:00,18,2,1,84,0,19.5,9.3,3.6,0,0,0,0,0,0,1,1,0
2023-08-30 13:00:00,551,14,8,1035,0,17.9,7.7,0.0,0,0,0,0,0,0,1,1,0
2023-08-28 08:00:00,561,9,17,1095,0,18.2,8.5,0.0,0,1,0,0,0,0,0,1,0
2023-08-23 04:00:00,10,5,0,55,0,19.5,9.3,3.6,0,0,0,0,0,0,1,1,0
2023-08-30 14:00:00,598,15,6,1162,0,17.9,7.7,0.0,0,0,0,0,0,0,1,1,0
2023-08-28 09:00:00,510,10,16,969,0,18.2,8.5,0.0,0,1,0,0,0,0,0,1,0
2023-08-23 02:00:00,34,3,0,52,0,19.5,9.3,3.6,0,0,0,0,0,0,1,1,0
2023-08-30 10:00:00,473,11,6,1001,0,17.9,7.7,0.0,0,0,0,0,0,0,1,1,0
2023-08-28 11:00:00,294,12,15,864,0,18.2,8.5,0.0,0,1,0,0,0,0,0,1,0
2023-08-23 03:00:00,15,4,0,34,0,19.5,9.3,3.6,0,0,0,0,0,0,1,1,0
2023-08-30 20:00:00,203,21,6,744,0,17.9,7.7,0.0,0,0,0,0,0,0,1,1,0
2023-08-28 20:00:00,11,21,15,601,0,18.2,8.5,0.0,0,1,0,0,0,0,0,1,0
2023-08-24 15:00:00,308,16,55,1142,0,17.9,12.1,0.0,0,0,0,0,1,0,0,1,0
2023-08-30 21:00:00,135,22,5,549,0,17.9,7.7,0.0,0,0,0,0,0,0,1,1,0
2023-08-28 10:00:00,288,11,9,1029,0,18.2,8.5,0.0,0,1,0,0,0,0,0,1,0
2023-08-24 18:00:00,386,19,52,1104,0,17.9,12.1,0.0,0,0,0,0,1,0,0,1,0
2023-08-30 05:00:00,51,6,3,126,0,17.9,7.7,0.0,0,0,0,0,0,0,1,1,0
2023-08-28 06:00:00,67,7,6,241,0,18.2,8.5,0.0,0,1,0,0,0,0,0,1,0
2023-08-24 13:00:00,275,14,46,1065,0,17.9,12.1,0.0,0,0,0,0,1,0,0,1,0
2023-08-30 22:00:00,93,23,2,370,0,17.9,7.7,0.0,0,0,0,0,0,0,1,1,0
2023-08-28 00:00:00,26,1,5,164,0,18.2,8.5,0.0,0,1,0,0,0,0,0,1,0
2023-08-24 09:00:00,704,10,46,1001,0,17.9,12.1,0.0,0,0,0,0,1,0,0,1,0
2023-08-30 23:00:00,51,0,2,240,0,17.9,7.7,0.0,0,0,0,0,0,0,1,1,0
2023-08-28 21:00:00,40,22,4,407,0,18.2,8.5,0.0,0,1,0,0,0,0,0,1,0
2023-08-24 16:00:00,355,17,39,1160,0,17.9,12.1,0.0,0,0,0,0,1,0,0,1,0
2023-08-30 00:00:00,35,1,2,161,0,17.9,7.7,0.0,0,0,0,0,0,0,1,1,0
2023-08-28 22:00:00,47,23,4,323,0,18.2,8.5,0.0,0,1,0,0,0,0,0,1,0
2023-08-24 12:00:00,834,13,37,973,0,17.9,12.1,0.0,0,0,0,0,1,0,0,1,0
2023-08-30 01:00:00,24,2,2,105,0,17.9,7.7,0.0,0,0,0,0,0,0,1,1,0
2023-08-28 23:00:00,55,0,2,212,0,18.2,8.5,0.0,0,1,0,0,0,0,0,1,0
2023-08-24 19:00:00,216,20,33,954,0,17.9,12.1,0.0,0,0,0,0,1,0,0,1,0
2023-08-30 02:00:00,5,3,0,65,0,17.9,7.7,0.0,0,0,0,0,0,0,1,1,0
2023-08-28 02:00:00,9,3,2,76,0,18.2,8.5,0.0,0,1,0,0,0,0,0,1,0
2023-08-24 14:00:00,269,15,32,1069,0,17.9,12.1,0.0,0,0,0,0,1,0,0,1,0
2023-08-30 03:00:00,5,4,0,50,0,17.9,7.7,0.0,0,0,0,0,0,0,1,1,0
2023-08-21 13:00:00,327,14,42,1178,0,21.4,14.3,0.6,0,1,0,0,0,0,0,1,0
2023-08-28 12:00:00,69,13,1,177,0,18.2,8.5,0.0,0,1,0,0,0,0,0,1,0
2023-08-28 05:00:00,40,6,1,148,0,18.2,8.5,0.0,0,1,0,0,0,0,0,1,0
2023-08-28 04:00:00,13,5,1,61,0,18.2,8.5,0.0,0,1,0,0,0,0,0,1,0
2023-08-28 03:00:00,5,4,1,57,0,18.2,8.5,0.0,0,1,0,0,0,0,0,1,0
2023-08-28 01:00:00,18,2,0,91,0,18.2,8.5,0.0,0,1,0,0,0,0,0,1,0
2023-08-29 17:00:00,745,18,106,1458,0,19.0,10.5,0.0,0,0,0,0,0,1,0,1,0
2023-08-29 16:00:00,703,17,44,1420,0,19.0,10.5,0.0,0,0,0,0,0,1,0,1,0
2023-08-29 14:00:00,375,15,37,1294,0,19.0,10.5,0.0,0,0,0,0,0,1,0,1,0
2023-08-29 13:00:00,397,14,34,1223,0,19.0,10.5,0.0,0,0,0,0,0,1,0,1,0
2023-08-29 15:00:00,403,16,30,1221,0,19.0,10.5,0.0,0,0,0,0,0,1,0,1,0
2023-08-29 12:00:00,329,13,27,1222,0,19.0,10.5,0.0,0,0,0,0,0,1,0,1,0
2023-08-29 18:00:00,514,19,26,930,0,19.0,10.5,0.0,0,0,0,0,0,1,0,1,0
2023-08-29 11:00:00,366,12,24,996,0,19.0,10.5,0.0,0,0,0,0,0,1,0,1,0
2023-08-29 07:00:00,231,8,23,689,0,19.0,10.5,0.0,0,0,0,0,0,1,0,1,0
2023-08-29 06:00:00,87,7,21,267,0,19.0,10.5,0.0,0,0,0,0,0,1,0,1,0
2023-08-29 19:00:00,373,20,18,794,0,19.0,10.5,0.0,0,0,0,0,0,1,0,1,0
2023-08-29 09:00:00,390,10,14,1168,0,19.0,10.5,0.0,0,0,0,0,0,1,0,1,0
2023-08-29 10:00:00,428,11,14,1111,0,19.0,10.5,0.0,0,0,0,0,0,1,0,1,0
2023-08-29 08:00:00,376,9,12,1351,0,19.0,10.5,0.0,0,0,0,0,0,1,0,1,0
2023-08-29 21:00:00,199,22,8,494,0,19.0,10.5,0.0,0,0,0,0,0,1,0,1,0
2023-08-29 20:00:00,228,21,7,620,0,19.0,10.5,0.0,0,0,0,0,0,1,0,1,0
2023-08-29 00:00:00,27,1,4,157,0,19.0,10.5,0.0,0,0,0,0,0,1,0,1,0
2023-08-29 22:00:00,110,23,3,351,0,19.0,10.5,0.0,0,0,0,0,0,1,0,1,0
2023-08-29 05:00:00,62,6,2,155,0,19.0,10.5,0.0,0,0,0,0,0,1,0,1,0
2023-08-29 01:00:00,24,2,2,110,0,19.0,10.5,0.0,0,0,0,0,0,1,0,1,0
2023-08-29 02:00:00,19,3,2,59,0,19.0,10.5,0.0,0,0,0,0,0,1,0,1,0
2023-08-30 04:00:00,23,5,0,49,0,17.9,7.7,0.0,0,0,0,0,0,0,1,1,0
2023-08-21 12:00:00,557,13,41,1055,0,21.4,14.3,0.6,0,1,0,0,0,0,0,1,0
2023-08-31 14:00:00,510,15,66,1251,0,17.8,7.5,0.0,0,0,0,0,1,0,0,1,0
2023-08-24 17:00:00,549,18,29,1408,0,17.9,12.1,0.0,0,0,0,0,1,0,0,1,0
2023-08-21 17:00:00,381,18,28,1282,0,21.4,14.3,0.6,0,1,0,0,0,0,0,1,0
2023-08-31 13:00:00,457,14,53,1340,0,17.8,7.5,0.0,0,0,0,0,1,0,0,1,0
2023-08-24 08:00:00,720,9,27,1169,0,17.9,12.1,0.0,0,0,0,0,1,0,0,1,0
2023-08-21 11:00:00,669,12,27,974,0,21.4,14.3,0.6,0,1,0,0,0,0,0,1,0
2023-08-31 09:00:00,741,10,44,1089,0,17.8,7.5,0.0,0,0,0,0,1,0,0,1,0
2023-08-24 10:00:00,632,11,19,941,0,17.9,12.1,0.0,0,0,0,0,1,0,0,1,0
2023-08-21 08:00:00,369,9,23,1097,0,21.4,14.3,0.6,0,1,0,0,0,0,0,1,0
2023-08-31 17:00:00,1141,18,37,1404,0,17.8,7.5,0.0,0,0,0,0,1,0,0,1,0
2023-08-24 11:00:00,747,12,19,934,0,17.9,12.1,0.0,0,0,0,0,1,0,0,1,0
2023-08-21 09:00:00,457,10,22,916,0,21.4,14.3,0.6,0,1,0,0,0,0,0,1,0
2023-08-31 08:00:00,584,9,37,1027,0,17.8,7.5,0.0,0,0,0,0,1,0,0,1,0
2023-08-24 20:00:00,162,21,18,753,0,17.9,12.1,0.0,0,0,0,0,1,0,0,1,0
2023-08-21 18:00:00,345,19,18,1060,0,21.4,14.3,0.6,0,1,0,0,0,0,0,1,0
2023-08-31 16:00:00,919,17,35,1406,0,17.8,7.5,0.0,0,0,0,0,1,0,0,1,0
2023-08-24 07:00:00,249,8,9,684,0,17.9,12.1,0.0,0,0,0,0,1,0,0,1,0
2023-08-21 07:00:00,127,8,17,638,0,21.4,14.3,0.6,0,1,0,0,0,0,0,1,0
2023-08-31 12:00:00,550,13,34,1179,0,17.8,7.5,0.0,0,0,0,0,1,0,0,1,0
2023-08-24 21:00:00,133,22,8,555,0,17.9,12.1,0.0,0,0,0,0,1,0,0,1,0
2023-08-21 10:00:00,545,11,16,829,0,21.4,14.3,0.6,0,1,0,0,0,0,0,1,0
2023-08-31 15:00:00,814,16,21,1113,0,17.8,7.5,0.0,0,0,0,0,1,0,0,1,0
2023-08-24 23:00:00,66,0,6,298,0,17.9,12.1,0.0,0,0,0,0,1,0,0,1,0
2023-08-21 06:00:00,82,7,11,272,0,21.4,14.3,0.6,0,1,0,0,0,0,0,1,0
2023-08-31 10:00:00,391,11,21,1063,0,17.8,7.5,0.0,0,0,0,0,1,0,0,1,0
2023-08-24 22:00:00,66,23,3,401,0,17.9,12.1,0.0,0,0,0,0,1,0,0,1,0
2023-08-21 15:00:00,512,16,10,1209,0,21.4,14.3,0.6,0,1,0,0,0,0,0,1,0
2023-08-31 18:00:00,660,19,20,1098,0,17.8,7.5,0.0,0,0,0,0,1,0,0,1,0
2023-08-24 06:00:00,170,7,2,327,0,17.9,12.1,0.0,0,0,0,0,1,0,0,1,0
2023-08-21 14:00:00,376,15,7,1084,0,21.4,14.3,0.6,0,1,0,0,0,0,0,1,0
2023-08-31 07:00:00,178,8,17,638,0,17.8,7.5,0.0,0,0,0,0,1,0,0,1,0
2023-08-24 05:00:00,100,6,2,176,0,17.9,12.1,0.0,0,0,0,0,1,0,0,1,0
2023-08-21 19:00:00,276,20,7,889,0,21.4,14.3,0.6,0,1,0,0,0,0,0,1,0
2023-08-31 06:00:00,87,7,14,245,0,17.8,7.5,0.0,0,0,0,0,1,0,0,1,0
2023-08-31 11:00:00,514,12,12,1133,0,17.8,7.5,0.0,0,0,0,0,1,0,0,1,0
2023-08-31 20:00:00,160,21,11,674,0,17.8,7.5,0.0,0,0,0,0,1,0,0,1,0
2023-08-31 19:00:00,450,20,10,848,0,17.8,7.5,0.0,0,0,0,0,1,0,0,1,0
2023-08-31 21:00:00,145,22,5,625,0,17.8,7.5,0.0,0,0,0,0,1,0,0,1,0
2023-08-31 05:00:00,40,6,2,128,0,17.8,7.5,0.0,0,0,0,0,1,0,0,1,0
2023-08-31 02:00:00,9,3,2,46,0,17.8,7.5,0.0,0,0,0,0,1,0,0,1,0
2023-08-31 03:00:00,15,4,2,41,0,17.8,7.5,0.0,0,0,0,0,1,0,0,1,0
2023-08-31 22:00:00,69,23,1,271,0,17.8,7.5,0.0,0,0,0,0,1,0,0,1,0
2023-08-31 23:00:00,44,0,1,215,0,17.8,7.5,0.0,0,0,0,0,1,0,0,1,0
2023-08-31 00:00:00,34,1,0,146,0,17.8,7.5,0.0,0,0,0,0,1,0,0,1,0
2023-08-31 01:00:00,18,2,0,97,0,17.8,7.5,0.0,0,0,0,0,1,0,0,1,0
2023-08-31 04:00:00,20,5,0,61,0,17.8,7.5,0.0,0,0,0,0,1,0,0,1,0
2023-08-21 20:00:00,163,21,5,653,0,21.4,14.3,0.6,0,1,0,0,0,0,0,1,0
2023-08-24 00:00:00,30,1,0,137,0,17.9,12.1,0.0,0,0,0,0,1,0,0,1,0
2023-08-21 05:00:00,10,6,5,88,0,21.4,14.3,0.6,0,1,0,0,0,0,0,1,0
2023-08-24 01:00:00,44,2,0,100,0,17.9,12.1,0.0,0,0,0,0,1,0,0,1,0
2023-08-21 21:00:00,166,22,2,481,0,21.4,14.3,0.6,0,1,0,0,0,0,0,1,0
2023-08-24 02:00:00,17,3,0,75,0,17.9,12.1,0.0,0,0,0,0,1,0,0,1,0
2023-08-21 22:00:00,94,23,0,364,0,21.4,14.3,0.6,0,1,0,0,0,0,0,1,0
2023-08-24 04:00:00,15,5,0,67,0,17.9,12.1,0.0,0,0,0,0,1,0,0,1,0
2023-08-21 23:00:00,42,0,0,222,0,21.4,14.3,0.6,0,1,0,0,0,0,0,1,0
2023-08-24 03:00:00,27,4,0,56,0,17.9,12.1,0.0,0,0,0,0,1,0,0,1,0
2023-08-21 03:00:00,8,4,0,59,0,21.4,14.3,0.6,0,1,0,0,0,0,0,1,0
2023-08-25 15:00:00,546,16,63,1454,0,18.5,8.9,0.0,1,0,0,0,0,0,0,1,0
2023-08-21 00:00:00,9,1,0,56,0,21.4,14.3,0.6,0,1,0,0,0,0,0,1,0
2023-08-25 12:00:00,623,13,51,1213,0,18.5,8.9,0.0,1,0,0,0,0,0,0,1,0
2023-08-21 04:00:00,8,5,0,37,0,21.4,14.3,0.6,0,1,0,0,0,0,0,1,0
2023-08-25 14:00:00,411,15,48,1050,0,18.5,8.9,0.0,1,0,0,0,0,0,0,1,0
2023-08-21 02:00:00,9,3,0,28,0,21.4,14.3,0.6,0,1,0,0,0,0,0,1,0
2023-08-25 11:00:00,682,12,45,1009,0,18.5,8.9,0.0,1,0,0,0,0,0,0,1,0
2023-08-21 01:00:00,1,2,0,1,0,21.4,14.3,0.6,0,1,0,0,0,0,0,1,0
2023-08-25 16:00:00,471,17,36,1440,0,18.5,8.9,0.0,1,0,0,0,0,0,0,1,0
2023-08-22 18:00:00,236,19,58,1185,0,18.0,15.6,0.7,0,0,0,0,0,1,0,1,0
2023-08-25 17:00:00,361,18,30,1379,0,18.5,8.9,0.0,1,0,0,0,0,0,0,1,0
2023-08-22 17:00:00,342,18,49,1747,0,18.0,15.6,0.7,0,0,0,0,0,1,0,1,0
2023-08-25 08:00:00,557,9,28,1097,0,18.5,8.9,0.0,1,0,0,0,0,0,0,1,0
2023-08-22 16:00:00,578,17,45,1389,0,18.0,15.6,0.7,0,0,0,0,0,1,0,1,0
2023-08-25 13:00:00,484,14,27,1493,0,18.5,8.9,0.0,1,0,0,0,0,0,0,1,0
2023-08-22 14:00:00,571,15,44,1117,0,18.0,15.6,0.7,0,0,0,0,0,1,0,1,0
2023-08-25 18:00:00,219,19,27,1147,0,18.5,8.9,0.0,1,0,0,0,0,0,0,1,0
2023-08-22 15:00:00,607,16,43,1133,0,18.0,15.6,0.7,0,0,0,0,0,1,0,1,0
2023-08-25 10:00:00,364,11,19,1013,0,18.5,8.9,0.0,1,0,0,0,0,0,0,1,0
2023-08-22 19:00:00,144,20,39,983,0,18.0,15.6,0.7,0,0,0,0,0,1,0,1,0
2023-08-25 09:00:00,385,10,16,1058,0,18.5,8.9,0.0,1,0,0,0,0,0,0,1,0
2023-08-22 12:00:00,604,13,38,1103,0,18.0,15.6,0.7,0,0,0,0,0,1,0,1,0
2023-08-22 13:00:00,607,14,27,1025,0,18.0,15.6,0.7,0,0,0,0,0,1,0,1,0
2023-08-22 08:00:00,412,9,26,1135,0,18.0,15.6,0.7,0,0,0,0,0,1,0,1,0
2023-08-22 11:00:00,713,12,25,973,0,18.0,15.6,0.7,0,0,0,0,0,1,0,1,0
2023-08-22 09:00:00,362,10,22,1067,0,18.0,15.6,0.7,0,0,0,0,0,1,0,1,0
2023-08-22 06:00:00,102,7,16,282,0,18.0,15.6,0.7,0,0,0,0,0,1,0,1,0
2023-08-22 10:00:00,664,11,14,922,0,18.0,15.6,0.7,0,0,0,0,0,1,0,1,0
2023-08-22 07:00:00,163,8,14,718,0,18.0,15.6,0.7,0,0,0,0,0,1,0,1,0
2023-08-22 20:00:00,84,21,12,712,0,18.0,15.6,0.7,0,0,0,0,0,1,0,1,0
2023-08-22 21:00:00,107,22,6,535,0,18.0,15.6,0.7,0,0,0,0,0,1,0,1,0
2023-08-22 22:00:00,41,23,2,382,0,18.0,15.6,0.7,0,0,0,0,0,1,0,1,0
2023-08-22 05:00:00,51,6,2,150,0,18.0,15.6,0.7,0,0,0,0,0,1,0,1,0
2023-08-22 23:00:00,47,0,1,235,0,18.0,15.6,0.7,0,0,0,0,0,1,0,1,0
2023-08-22 00:00:00,21,1,1,145,0,18.0,15.6,0.7,0,0,0,0,0,1,0,1,0
2023-08-22 02:00:00,10,3,1,54,0,18.0,15.6,0.7,0,0,0,0,0,1,0,1,0
2023-08-22 04:00:00,9,5,1,52,0,18.0,15.6,0.7,0,0,0,0,0,1,0,1,0
2023-08-22 01:00:00,9,2,0,84,0,18.0,15.6,0.7,0,0,0,0,0,1,0,1,0
2023-08-22 03:00:00,6,4,0,40,0,18.0,15.6,0.7,0,0,0,0,0,1,0,1,0
2023-08-23 17:00:00,546,18,51,1643,0,19.5,9.3,3.6,0,0,0,0,0,0,1,1,0
2023-08-23 16:00:00,478,17,44,1526,0,19.5,9.3,3.6,0,0,0,0,0,0,1,1,0
2023-08-23 18:00:00,241,19,32,1055,0,19.5,9.3,3.6,0,0,0,0,0,0,1,1,0
2023-08-23 09:00:00,486,10,29,950,0,19.5,9.3,3.6,0,0,0,0,0,0,1,1,0
2023-08-23 12:00:00,468,13,26,1090,0,19.5,9.3,3.6,0,0,0,0,0,0,1,1,0
2023-08-23 15:00:00,368,16,24,1254,0,19.5,9.3,3.6,0,0,0,0,0,0,1,1,0
2023-12-01 15:00:00,530,16,70,1521,0,-0.7,-3.2,0.0,1,0,0,0,0,0,0,0,1
2023-12-01 16:00:00,290,17,40,1379,0,-0.7,-3.2,0.0,1,0,0,0,0,0,0,0,1
2023-12-01 12:00:00,386,13,35,1499,0,-0.7,-3.2,0.0,1,0,0,0,0,0,0,0,1
2023-12-01 13:00:00,473,14,31,1357,0,-0.7,-3.2,0.0,1,0,0,0,0,0,0,0,1
2023-12-01 10:00:00,493,11,28,1061,0,-0.7,-3.2,0.0,1,0,0,0,0,0,0,0,1
2023-12-01 17:00:00,265,18,27,971,0,-0.7,-3.2,0.0,1,0,0,0,0,0,0,0,1
2023-12-01 18:00:00,114,19,24,1144,0,-0.7,-3.2,0.0,1,0,0,0,0,0,0,0,1
2023-12-01 09:00:00,347,10,20,1074,0,-0.7,-3.2,0.0,1,0,0,0,0,0,0,0,1
2023-12-02 00:00:00,24,1,4,306,0,4.3,-4.8,0.0,0,0,1,0,0,0,0,0,1
2023-12-01 14:00:00,530,15,16,1249,0,-0.7,-3.2,0.0,1,0,0,0,0,0,0,0,1
2023-12-01 08:00:00,422,9,16,1085,0,-0.7,-3.2,0.0,1,0,0,0,0,0,0,0,1
2023-12-02 06:00:00,28,7,4,162,0,4.3,-4.8,0.0,0,0,1,0,0,0,0,0,1
2023-12-01 11:00:00,457,12,12,1182,0,-0.7,-3.2,0.0,1,0,0,0,0,0,0,0,1
2023-12-02 05:00:00,26,6,3,101,0,4.3,-4.8,0.0,0,0,1,0,0,0,0,0,1
2023-12-02 19:00:00,239,20,2,763,0,4.3,-4.8,0.0,0,0,1,0,0,0,0,0,1
2023-12-01 21:00:00,86,22,10,578,0,-0.7,-3.2,0.0,1,0,0,0,0,0,0,0,1
2023-12-01 07:00:00,115,8,7,653,0,-0.7,-3.2,0.0,1,0,0,0,0,0,0,0,1
2023-12-01 23:00:00,32,0,6,460,0,-0.7,-3.2,0.0,1,0,0,0,0,0,0,0,1
2023-12-02 03:00:00,8,4,0,178,0,4.3,-4.8,0.0,0,0,1,0,0,0,0,0,1
2023-12-02 04:00:00,7,5,0,95,0,4.3,-4.8,0.0,0,0,1,0,0,0,0,0,1
2023-12-02 17:00:00,34,18,0,15,0,4.3,-4.8,0.0,0,0,1,0,0,0,0,0,1
2023-12-01 05:00:00,40,6,1,163,0,-0.7,-3.2,0.0,1,0,0,0,0,0,0,0,1
2023-12-01 01:00:00,22,2,0,109,0,-0.7,-3.2,0.0,1,0,0,0,0,0,0,0,1
2023-12-01 02:00:00,16,3,0,87,0,-0.7,-3.2,0.0,1,0,0,0,0,0,0,0,1
2023-12-01 04:00:00,19,5,0,68,0,-0.7,-3.2,0.0,1,0,0,0,0,0,0,0,1
2023-12-01 03:00:00,9,4,0,65,0,-0.7,-3.2,0.0,1,0,0,0,0,0,0,0,1
2023-12-03 15:00:00,198,16,63,888,0,5.7,-4.2,11.1,0,0,0,1,0,0,0,0,1
2023-12-03 14:00:00,204,15,48,874,0,5.7,-4.2,11.1,0,0,0,1,0,0,0,0,1
2023-12-03 18:00:00,45,19,20,654,0,5.7,-4.2,11.1,0,0,0,1,0,0,0,0,1
2023-12-03 12:00:00,226,13,19,880,0,5.7,-4.2,11.1,0,0,0,1,0,0,0,0,1
2023-12-03 13:00:00,234,14,17,896,0,5.7,-4.2,11.1,0,0,0,1,0,0,0,0,1
2023-12-03 16:00:00,333,17,16,809,0,5.7,-4.2,11.1,0,0,0,1,0,0,0,0,1
2023-12-03 19:00:00,34,20,16,539,0,5.7,-4.2,11.1,0,0,0,1,0,0,0,0,1
2023-12-03 11:00:00,208,12,14,762,0,5.7,-4.2,11.1,0,0,0,1,0,0,0,0,1
2023-12-03 17:00:00,207,18,11,802,0,5.7,-4.2,11.1,0,0,0,1,0,0,0,0,1
2023-12-03 20:00:00,26,21,9,494,0,5.7,-4.2,11.1,0,0,0,1,0,0,0,0,1
2023-12-03 10:00:00,176,11,7,715,0,5.7,-4.2,11.1,0,0,0,1,0,0,0,0,1
2023-12-03 21:00:00,32,22,6,386,0,5.7,-4.2,11.1,0,0,0,1,0,0,0,0,1
2023-12-03 09:00:00,111,10,6,371,0,5.7,-4.2,11.1,0,0,0,1,0,0,0,0,1
2023-12-02 09:00:00,180,10,33,803,0,4.3,-4.8,0.0,0,0,1,0,0,0,0,0,1
2023-12-02 14:00:00,423,15,31,1071,0,4.3,-4.8,0.0,0,0,1,0,0,0,0,0,1
2023-12-02 15:00:00,463,16,31,907,0,4.3,-4.8,0.0,0,0,1,0,0,0,0,0,1
2023-12-02 13:00:00,427,14,25,1013,0,4.3,-4.8,0.0,0,0,1,0,0,0,0,0,1
2023-12-02 10:00:00,49,11,24,444,0,4.3,-4.8,0.0,0,0,1,0,0,0,0,0,1
2023-12-02 12:00:00,550,13,12,1040,0,4.3,-4.8,0.0,0,0,1,0,0,0,0,0,1
2023-12-02 18:00:00,221,19,12,872,0,4.3,-4.8,0.0,0,0,1,0,0,0,0,0,1
2023-12-02 08:00:00,116,9,12,471,0,4.3,-4.8,0.0,0,0,1,0,0,0,0,0,1
2023-12-02 07:00:00,44,8,9,289,0,4.3,-4.8,0.0,0,0,1,0,0,0,0,0,1
2023-12-02 02:00:00,22,3,2,211,0,4.3,-4.8,0.0,0,0,1,0,0,0,0,0,1
2023-12-02 16:00:00,348,17,1,680,0,4.3,-4.8,0.0,0,0,1,0,0,0,0,0,1
2023-12-02 20:00:00,167,21,1,603,0,4.3,-4.8,0.0,0,0,1,0,0,0,0,0,1
2023-12-02 22:00:00,95,23,1,528,0,4.3,-4.8,0.0,0,0,1,0,0,0,0,0,1
2023-12-02 21:00:00,175,22,1,522,0,4.3,-4.8,0.0,0,0,1,0,0,0,0,0,1
2023-12-02 23:00:00,86,0,1,508,0,4.3,-4.8,0.0,0,0,1,0,0,0,0,0,1
2023-12-02 11:00:00,358,12,0,729,0,4.3,-4.8,0.0,0,0,1,0,0,0,0,0,1
2023-12-02 01:00:00,18,2,0,241,0,4.3,-4.8,0.0,0,0,1,0,0,0,0,0,1
2023-12-01 20:00:00,100,21,5,756,0,-0.7,-3.2,0.0,1,0,0,0,0,0,0,0,1
2023-12-01 19:00:00,49,20,4,379,0,-0.7,-3.2,0.0,1,0,0,0,0,0,0,0,1
2023-12-01 06:00:00,59,7,4,299,0,-0.7,-3.2,0.0,1,0,0,0,0,0,0,0,1
2023-12-01 22:00:00,55,23,3,570,0,-0.7,-3.2,0.0,1,0,0,0,0,0,0,0,1
2023-12-01 00:00:00,30,1,2,209,0,-0.7,-3.2,0.0,1,0,0,0,0,0,0,0,1
2023-12-04 22:00:00,34,23,6,261,0,4.5,-2.2,1.6,0,1,0,0,0,0,0,0,1
2023-12-04 08:00:00,680,9,3,916,0,4.5,-2.2,1.6,0,1,0,0,0,0,0,0,1
2023-12-04 23:00:00,11,0,3,198,0,4.5,-2.2,1.6,0,1,0,0,0,0,0,0,1
2023-12-04 06:00:00,75,7,2,239,0,4.5,-2.2,1.6,0,1,0,0,0,0,0,0,1
2023-12-04 01:00:00,1,2,0,69,0,4.5,-2.2,1.6,0,1,0,0,0,0,0,0,1
2023-12-04 02:00:00,2,3,0,57,0,4.5,-2.2,1.6,0,1,0,0,0,0,0,0,1
2023-12-04 04:00:00,4,5,0,48,0,4.5,-2.2,1.6,0,1,0,0,0,0,0,0,1
2023-12-03 22:00:00,20,23,5,285,0,5.7,-4.2,11.1,0,0,0,1,0,0,0,0,1
2023-12-03 01:00:00,49,2,4,325,0,5.7,-4.2,11.1,0,0,0,1,0,0,0,0,1
2023-12-03 04:00:00,11,5,3,89,0,5.7,-4.2,11.1,0,0,0,1,0,0,0,0,1
2023-12-03 02:00:00,41,3,2,287,0,5.7,-4.2,11.1,0,0,0,1,0,0,0,0,1
2023-12-03 03:00:00,43,4,2,257,0,5.7,-4.2,11.1,0,0,0,1,0,0,0,0,1
2023-12-03 08:00:00,95,9,2,208,0,5.7,-4.2,11.1,0,0,0,1,0,0,0,0,1
2023-12-04 11:00:00,302,12,65,877,0,4.5,-2.2,1.6,0,1,0,0,0,0,0,0,1
2023-12-04 12:00:00,389,13,63,1089,0,4.5,-2.2,1.6,0,1,0,0,0,0,0,0,1
2023-12-04 16:00:00,144,17,50,1192,0,4.5,-2.2,1.6,0,1,0,0,0,0,0,0,1
2023-12-04 15:00:00,215,16,47,1202,0,4.5,-2.2,1.6,0,1,0,0,0,0,0,0,1
2023-12-04 14:00:00,303,15,47,1194,0,4.5,-2.2,1.6,0,1,0,0,0,0,0,0,1
2023-12-04 17:00:00,149,18,33,1190,0,4.5,-2.2,1.6,0,1,0,0,0,0,0,0,1
2023-12-04 13:00:00,305,14,28,574,0,4.5,-2.2,1.6,0,1,0,0,0,0,0,0,1
2023-12-03 05:00:00,26,6,0,79,0,5.7,-4.2,11.1,0,0,0,1,0,0,0,0,1
2023-12-05 17:00:00,152,18,55,1139,0,6.1,2.8,0.0,0,0,0,0,0,1,0,0,1
2023-12-04 18:00:00,77,19,25,971,0,4.5,-2.2,1.6,0,1,0,0,0,0,0,0,1
2023-12-04 19:00:00,71,20,19,748,0,4.5,-2.2,1.6,0,1,0,0,0,0,0,0,1
2023-12-05 14:00:00,265,15,29,699,0,6.1,2.8,0.0,0,0,0,0,0,1,0,0,1
2023-12-05 08:00:00,407,9,28,1143,0,6.1,2.8,0.0,0,0,0,0,0,1,0,0,1
2023-12-04 09:00:00,450,10,16,880,0,4.5,-2.2,1.6,0,1,0,0,0,0,0,0,1
2023-12-05 11:00:00,439,12,27,934,0,6.1,2.8,0.0,0,0,0,0,0,1,0,0,1
2023-12-04 21:00:00,87,22,15,419,0,4.5,-2.2,1.6,0,1,0,0,0,0,0,0,1
2023-12-05 16:00:00,197,17,105,1144,0,6.1,2.8,0.0,0,0,0,0,0,1,0,0,1
2023-12-05 15:00:00,349,16,81,744,0,6.1,2.8,0.0,0,0,0,0,0,1,0,0,1
2023-12-05 12:00:00,319,13,56,1149,0,6.1,2.8,0.0,0,0,0,0,0,1,0,0,1
2023-12-05 18:00:00,112,19,25,870,0,6.1,2.8,0.0,0,0,0,0,0,1,0,0,1
2023-12-04 10:00:00,534,11,11,800,0,4.5,-2.2,1.6,0,1,0,0,0,0,0,0,1
2023-12-05 07:00:00,149,8,21,653,0,6.1,2.8,0.0,0,0,0,0,0,1,0,0,1
2023-12-05 19:00:00,97,20,20,744,0,6.1,2.8,0.0,0,0,0,0,0,1,0,0,1
2023-12-04 20:00:00,106,21,10,551,0,4.5,-2.2,1.6,0,1,0,0,0,0,0,0,1
2023-12-03 23:00:00,10,0,1,197,0,5.7,-4.2,11.1,0,0,0,1,0,0,0,0,1
2023-12-04 07:00:00,103,8,9,546,0,4.5,-2.2,1.6,0,1,0,0,0,0,0,0,1
2023-12-03 06:00:00,34,7,1,106,0,5.7,-4.2,11.1,0,0,0,1,0,0,0,0,1
2023-12-03 00:00:00,56,1,0,414,0,5.7,-4.2,11.1,0,0,0,1,0,0,0,0,1
2023-12-03 07:00:00,50,8,0,156,0,5.7,-4.2,11.1,0,0,0,1,0,0,0,0,1
2023-12-05 13:00:00,115,14,18,514,0,6.1,2.8,0.0,0,0,0,0,0,1,0,0,1
2023-12-05 09:00:00,443,10,17,1039,0,6.1,2.8,0.0,0,0,0,0,0,1,0,0,1
2023-12-05 20:00:00,64,21,17,510,0,6.1,2.8,0.0,0,0,0,0,0,1,0,0,1
2023-12-05 10:00:00,506,11,14,941,0,6.1,2.8,0.0,0,0,0,0,0,1,0,0,1
2023-12-04 05:00:00,40,6,1,122,0,4.5,-2.2,1.6,0,1,0,0,0,0,0,0,1
2023-12-04 03:00:00,10,4,1,44,0,4.5,-2.2,1.6,0,1,0,0,0,0,0,0,1
2023-12-04 00:00:00,5,1,0,128,0,4.5,-2.2,1.6,0,1,0,0,0,0,0,0,1
2023-12-05 05:00:00,30,6,2,126,0,6.1,2.8,0.0,0,0,0,0,0,1,0,0,1
2023-12-05 00:00:00,22,1,1,116,0,6.1,2.8,0.0,0,0,0,0,0,1,0,0,1
2023-12-05 04:00:00,11,5,1,50,0,6.1,2.8,0.0,0,0,0,0,0,1,0,0,1
2023-12-05 02:00:00,4,3,0,65,0,6.1,2.8,0.0,0,0,0,0,0,1,0,0,1
2023-12-05 01:00:00,15,2,0,63,0,6.1,2.8,0.0,0,0,0,0,0,1,0,0,1
2023-12-05 21:00:00,64,22,12,442,0,6.1,2.8,0.0,0,0,0,0,0,1,0,0,1
2023-12-06 22:00:00,58,23,5,340,0,6.9,-3.3,1.1,0,0,0,0,0,0,1,0,1
2023-12-05 03:00:00,3,4,0,34,0,6.1,2.8,0.0,0,0,0,0,0,1,0,0,1
2023-12-05 22:00:00,38,23,8,280,0,6.1,2.8,0.0,0,0,0,0,0,1,0,0,1
2023-12-06 04:00:00,6,5,1,47,0,6.9,-3.3,1.1,0,0,0,0,0,0,1,0,1
2023-12-07 14:00:00,203,15,54,1094,0,8.5,-4.0,14.6,0,0,0,0,1,0,0,0,1
2023-12-07 10:00:00,451,11,45,843,0,8.5,-4.0,14.6,0,0,0,0,1,0,0,0,1
2023-12-07 13:00:00,489,14,36,1006,0,8.5,-4.0,14.6,0,0,0,0,1,0,0,0,1
2023-12-07 16:00:00,107,17,34,1027,0,8.5,-4.0,14.6,0,0,0,0,1,0,0,0,1
2023-12-07 15:00:00,276,16,32,1118,0,8.5,-4.0,14.6,0,0,0,0,1,0,0,0,1
2023-12-07 09:00:00,604,10,28,931,0,8.5,-4.0,14.6,0,0,0,0,1,0,0,0,1
2023-12-07 11:00:00,613,12,27,896,0,8.5,-4.0,14.6,0,0,0,0,1,0,0,0,1
2023-12-07 17:00:00,102,18,26,955,0,8.5,-4.0,14.6,0,0,0,0,1,0,0,0,1
2023-12-07 18:00:00,58,19,20,802,0,8.5,-4.0,14.6,0,0,0,0,1,0,0,0,1
2023-12-07 12:00:00,321,13,19,873,0,8.5,-4.0,14.6,0,0,0,0,1,0,0,0,1
2023-12-07 07:00:00,106,8,14,582,0,8.5,-4.0,14.6,0,0,0,0,1,0,0,0,1
2023-12-07 19:00:00,51,20,13,539,0,8.5,-4.0,14.6,0,0,0,0,1,0,0,0,1
2023-12-06 18:00:00,77,19,19,758,0,6.9,-3.3,1.1,0,0,0,0,0,0,1,0,1
2023-12-06 02:00:00,12,3,1,46,0,6.9,-3.3,1.1,0,0,0,0,0,0,1,0,1
2023-12-06 15:00:00,195,16,97,958,0,6.9,-3.3,1.1,0,0,0,0,0,0,1,0,1
2023-12-06 16:00:00,173,17,91,1270,0,6.9,-3.3,1.1,0,0,0,0,0,0,1,0,1
2023-12-06 17:00:00,159,18,65,1149,0,6.9,-3.3,1.1,0,0,0,0,0,0,1,0,1
2023-12-06 14:00:00,237,15,63,583,0,6.9,-3.3,1.1,0,0,0,0,0,0,1,0,1
2023-12-06 13:00:00,242,14,44,545,0,6.9,-3.3,1.1,0,0,0,0,0,0,1,0,1
2023-12-06 12:00:00,230,13,34,556,0,6.9,-3.3,1.1,0,0,0,0,0,0,1,0,1
2023-12-06 08:00:00,157,9,27,966,0,6.9,-3.3,1.1,0,0,0,0,0,0,1,0,1
2023-12-06 10:00:00,208,11,27,739,0,6.9,-3.3,1.1,0,0,0,0,0,0,1,0,1
2023-12-07 08:00:00,623,9,11,899,0,8.5,-4.0,14.6,0,0,0,0,1,0,0,0,1
2023-12-07 20:00:00,44,21,11,250,0,8.5,-4.0,14.6,0,0,0,0,1,0,0,0,1
2023-12-06 06:00:00,29,7,4,231,0,6.9,-3.3,1.1,0,0,0,0,0,0,1,0,1
2023-12-07 06:00:00,31,7,11,218,0,8.5,-4.0,14.6,0,0,0,0,1,0,0,0,1
2023-12-06 09:00:00,188,10,16,782,0,6.9,-3.3,1.1,0,0,0,0,0,0,1,0,1
2023-12-07 00:00:00,24,1,3,116,0,8.5,-4.0,14.6,0,0,0,0,1,0,0,0,1
2023-12-07 21:00:00,9,22,3,8,0,8.5,-4.0,14.6,0,0,0,0,1,0,0,0,1
2023-12-07 23:00:00,15,0,2,233,0,8.5,-4.0,14.6,0,0,0,0,1,0,0,0,1
2023-12-06 01:00:00,8,2,0,89,0,6.9,-3.3,1.1,0,0,0,0,0,0,1,0,1
2023-12-06 03:00:00,8,4,0,35,0,6.9,-3.3,1.1,0,0,0,0,0,0,1,0,1
2023-12-06 11:00:00,283,12,13,557,0,6.9,-3.3,1.1,0,0,0,0,0,0,1,0,1
2023-12-05 06:00:00,91,7,5,253,0,6.1,2.8,0.0,0,0,0,0,0,1,0,0,1
2023-12-05 23:00:00,23,0,5,200,0,6.1,2.8,0.0,0,0,0,0,0,1,0,0,1
2023-12-06 21:00:00,44,22,2,291,0,6.9,-3.3,1.1,0,0,0,0,0,0,1,0,1
2023-12-06 23:00:00,38,0,2,201,0,6.9,-3.3,1.1,0,0,0,0,0,0,1,0,1
2023-12-06 00:00:00,23,1,2,121,0,6.9,-3.3,1.1,0,0,0,0,0,0,1,0,1
2023-12-06 19:00:00,5,20,1,485,0,6.9,-3.3,1.1,0,0,0,0,0,0,1,0,1
2023-12-06 07:00:00,22,8,6,636,0,6.9,-3.3,1.1,0,0,0,0,0,0,1,0,1
2023-12-06 20:00:00,13,21,6,401,0,6.9,-3.3,1.1,0,0,0,0,0,0,1,0,1
2023-12-06 05:00:00,15,6,6,124,0,6.9,-3.3,1.1,0,0,0,0,0,0,1,0,1
2023-12-08 22:00:00,30,23,10,388,0,8.3,5.9,5.2,1,0,0,0,0,0,0,0,1
2023-12-09 02:00:00,8,3,4,165,0,7.1,5.5,5.8,0,0,1,0,0,0,0,0,1
2023-12-09 21:00:00,61,22,3,287,0,7.1,5.5,5.8,0,0,1,0,0,0,0,0,1
2023-12-09 00:00:00,12,1,3,247,0,7.1,5.5,5.8,0,0,1,0,0,0,0,0,1
2023-12-08 12:00:00,465,13,6,801,0,8.3,5.9,5.2,1,0,0,0,0,0,0,0,1
2023-12-07 22:00:00,14,23,2,228,0,8.5,-4.0,14.6,0,0,0,0,1,0,0,0,1
2023-12-09 01:00:00,10,2,2,216,0,7.1,5.5,5.8,0,0,1,0,0,0,0,0,1
2023-12-09 07:00:00,9,8,2,161,0,7.1,5.5,5.8,0,0,1,0,0,0,0,0,1
2023-12-09 03:00:00,13,4,2,137,0,7.1,5.5,5.8,0,0,1,0,0,0,0,0,1
2023-12-09 23:00:00,7,0,2,24,0,7.1,5.5,5.8,0,0,1,0,0,0,0,0,1
2023-12-08 23:00:00,15,0,4,306,0,8.3,5.9,5.2,1,0,0,0,0,0,0,0,1
2023-12-08 00:00:00,27,1,4,124,0,8.3,5.9,5.2,1,0,0,0,0,0,0,0,1
2023-12-07 05:00:00,21,6,2,117,0,8.5,-4.0,14.6,0,0,0,0,1,0,0,0,1
2023-12-09 17:00:00,163,18,42,1009,0,7.1,5.5,5.8,0,0,1,0,0,0,0,0,1
2023-12-08 06:00:00,23,7,6,225,0,8.3,5.9,5.2,1,0,0,0,0,0,0,0,1
2023-12-09 14:00:00,451,15,37,1126,0,7.1,5.5,5.8,0,0,1,0,0,0,0,0,1
2023-12-09 16:00:00,86,17,37,905,0,7.1,5.5,5.8,0,0,1,0,0,0,0,0,1
2023-12-07 01:00:00,13,2,2,80,0,8.5,-4.0,14.6,0,0,0,0,1,0,0,0,1
2023-12-07 02:00:00,12,3,2,69,0,8.5,-4.0,14.6,0,0,0,0,1,0,0,0,1
2023-12-09 19:00:00,102,20,18,776,0,7.1,5.5,5.8,0,0,1,0,0,0,0,0,1
2023-12-09 18:00:00,136,19,17,897,0,7.1,5.5,5.8,0,0,1,0,0,0,0,0,1
2023-12-09 15:00:00,259,16,16,858,0,7.1,5.5,5.8,0,0,1,0,0,0,0,0,1
2023-12-09 20:00:00,97,21,15,670,0,7.1,5.5,5.8,0,0,1,0,0,0,0,0,1
2023-12-08 01:00:00,18,2,0,86,0,8.3,5.9,5.2,1,0,0,0,0,0,0,0,1
2023-12-08 02:00:00,5,3,0,58,0,8.3,5.9,5.2,1,0,0,0,0,0,0,0,1
2023-12-08 03:00:00,13,4,0,46,0,8.3,5.9,5.2,1,0,0,0,0,0,0,0,1
2023-12-09 11:00:00,20,12,9,1605,0,7.1,5.5,5.8,0,0,1,0,0,0,0,0,1
2023-12-09 10:00:00,106,11,9,1418,0,7.1,5.5,5.8,0,0,1,0,0,0,0,0,1
2023-12-09 13:00:00,138,14,8,1398,0,7.1,5.5,5.8,0,0,1,0,0,0,0,0,1
2023-12-09 09:00:00,139,10,7,852,0,7.1,5.5,5.8,0,0,1,0,0,0,0,0,1
2023-12-09 12:00:00,17,13,5,1894,0,7.1,5.5,5.8,0,0,1,0,0,0,0,0,1
2023-12-08 04:00:00,13,5,2,43,0,8.3,5.9,5.2,1,0,0,0,0,0,0,0,1
2023-12-08 09:00:00,310,10,70,964,0,8.3,5.9,5.2,1,0,0,0,0,0,0,0,1
2023-12-07 03:00:00,9,4,1,58,0,8.5,-4.0,14.6,0,0,0,0,1,0,0,0,1
2023-12-07 04:00:00,10,5,1,50,0,8.5,-4.0,14.6,0,0,0,0,1,0,0,0,1
2023-12-08 05:00:00,37,6,1,111,0,8.3,5.9,5.2,1,0,0,0,0,0,0,0,1
2023-12-08 16:00:00,168,17,61,1134,0,8.3,5.9,5.2,1,0,0,0,0,0,0,0,1
2023-12-08 17:00:00,120,18,49,880,0,8.3,5.9,5.2,1,0,0,0,0,0,0,0,1
2023-12-08 18:00:00,89,19,43,815,0,8.3,5.9,5.2,1,0,0,0,0,0,0,0,1
2023-12-08 10:00:00,194,11,40,1059,0,8.3,5.9,5.2,1,0,0,0,0,0,0,0,1
2023-12-08 13:00:00,482,14,29,1180,0,8.3,5.9,5.2,1,0,0,0,0,0,0,0,1
2023-12-08 08:00:00,283,9,27,892,0,8.3,5.9,5.2,1,0,0,0,0,0,0,0,1
2023-12-08 19:00:00,79,20,26,816,0,8.3,5.9,5.2,1,0,0,0,0,0,0,0,1
2023-12-08 11:00:00,106,12,25,1300,0,8.3,5.9,5.2,1,0,0,0,0,0,0,0,1
2023-12-08 14:00:00,384,15,24,1203,0,8.3,5.9,5.2,1,0,0,0,0,0,0,0,1
2023-12-08 07:00:00,65,8,20,561,0,8.3,5.9,5.2,1,0,0,0,0,0,0,0,1
2023-12-08 15:00:00,252,16,19,1095,0,8.3,5.9,5.2,1,0,0,0,0,0,0,0,1
2023-12-08 20:00:00,67,21,19,593,0,8.3,5.9,5.2,1,0,0,0,0,0,0,0,1
2023-12-08 21:00:00,106,22,15,502,0,8.3,5.9,5.2,1,0,0,0,0,0,0,0,1
2023-12-11 19:00:00,228,20,6,615,0,7.1,3.4,5.6,0,1,0,0,0,0,0,0,1
2023-12-09 05:00:00,6,6,0,76,0,7.1,5.5,5.8,0,0,1,0,0,0,0,0,1
2023-12-09 22:00:00,9,23,0,12,0,7.1,5.5,5.8,0,0,1,0,0,0,0,0,1
2023-12-10 15:00:00,441,16,35,764,0,6.8,0.9,2.0,0,0,0,1,0,0,0,0,1
2023-12-10 16:00:00,169,17,35,564,0,6.8,0.9,2.0,0,0,0,1,0,0,0,0,1
2023-12-10 14:00:00,155,15,34,1066,0,6.8,0.9,2.0,0,0,0,1,0,0,0,0,1
2023-12-10 12:00:00,115,13,31,1166,0,6.8,0.9,2.0,0,0,0,1,0,0,0,0,1
2023-12-10 13:00:00,138,14,19,1138,0,6.8,0.9,2.0,0,0,0,1,0,0,0,0,1
2023-12-10 01:00:00,12,2,0,14,0,6.8,0.9,2.0,0,0,0,1,0,0,0,0,1
2023-12-09 04:00:00,15,5,1,67,0,7.1,5.5,5.8,0,0,1,0,0,0,0,0,1
2023-12-11 07:00:00,82,8,14,558,0,7.1,3.4,5.6,0,1,0,0,0,0,0,0,1
2023-12-11 17:00:00,410,18,12,792,0,7.1,3.4,5.6,0,1,0,0,0,0,0,0,1
2023-12-11 21:00:00,135,22,10,353,0,7.1,3.4,5.6,0,1,0,0,0,0,0,0,1
2023-12-11 18:00:00,337,19,9,771,0,7.1,3.4,5.6,0,1,0,0,0,0,0,0,1
2023-12-10 18:00:00,62,19,3,203,0,6.8,0.9,2.0,0,0,0,1,0,0,0,0,1
2023-12-10 10:00:00,87,11,13,843,0,6.8,0.9,2.0,0,0,0,1,0,0,0,0,1
2023-12-10 19:00:00,4,20,0,10,0,6.8,0.9,2.0,0,0,0,1,0,0,0,0,1
2023-12-10 23:00:00,6,0,0,9,0,6.8,0.9,2.0,0,0,0,1,0,0,0,0,1
2023-12-10 20:00:00,8,21,0,7,0,6.8,0.9,2.0,0,0,0,1,0,0,0,0,1
2023-12-10 22:00:00,3,23,0,7,0,6.8,0.9,2.0,0,0,0,1,0,0,0,0,1
2023-12-11 15:00:00,594,16,73,1042,0,7.1,3.4,5.6,0,1,0,0,0,0,0,0,1
2023-12-11 14:00:00,455,15,58,984,0,7.1,3.4,5.6,0,1,0,0,0,0,0,0,1
2023-12-11 12:00:00,444,13,40,879,0,7.1,3.4,5.6,0,1,0,0,0,0,0,0,1
2023-12-11 11:00:00,392,12,34,905,0,7.1,3.4,5.6,0,1,0,0,0,0,0,0,1
2023-12-11 16:00:00,822,17,33,1083,0,7.1,3.4,5.6,0,1,0,0,0,0,0,0,1
2023-12-11 13:00:00,409,14,32,925,0,7.1,3.4,5.6,0,1,0,0,0,0,0,0,1
2023-12-11 08:00:00,245,9,25,946,0,7.1,3.4,5.6,0,1,0,0,0,0,0,0,1
2023-12-11 10:00:00,391,11,23,781,0,7.1,3.4,5.6,0,1,0,0,0,0,0,0,1
2023-12-11 09:00:00,395,10,22,844,0,7.1,3.4,5.6,0,1,0,0,0,0,0,0,1
2023-12-10 06:00:00,12,7,3,115,0,6.8,0.9,2.0,0,0,0,1,0,0,0,0,1
2023-12-10 11:00:00,114,12,12,913,0,6.8,0.9,2.0,0,0,0,1,0,0,0,0,1
2023-12-10 07:00:00,10,8,10,128,0,6.8,0.9,2.0,0,0,0,1,0,0,0,0,1
2023-12-11 06:00:00,39,7,4,232,0,7.1,3.4,5.6,0,1,0,0,0,0,0,0,1
2023-12-10 02:00:00,6,3,2,171,0,6.8,0.9,2.0,0,0,0,1,0,0,0,0,1
2023-12-10 08:00:00,32,9,2,149,0,6.8,0.9,2.0,0,0,0,1,0,0,0,0,1
2023-12-10 05:00:00,10,6,1,72,0,6.8,0.9,2.0,0,0,0,1,0,0,0,0,1
2023-12-10 09:00:00,44,10,9,425,0,6.8,0.9,2.0,0,0,0,1,0,0,0,0,1
2023-12-11 00:00:00,14,1,4,126,0,7.1,3.4,5.6,0,1,0,0,0,0,0,0,1
2023-12-11 05:00:00,10,6,4,119,0,7.1,3.4,5.6,0,1,0,0,0,0,0,0,1
2023-12-09 08:00:00,80,9,0,383,0,7.1,5.5,5.8,0,0,1,0,0,0,0,0,1
2023-12-09 06:00:00,4,7,0,123,0,7.1,5.5,5.8,0,0,1,0,0,0,0,0,1
2023-12-11 20:00:00,158,21,3,476,0,7.1,3.4,5.6,0,1,0,0,0,0,0,0,1
2023-12-10 00:00:00,7,1,1,9,0,6.8,0.9,2.0,0,0,0,1,0,0,0,0,1
2023-12-10 17:00:00,119,18,7,670,0,6.8,0.9,2.0,0,0,0,1,0,0,0,0,1
2023-12-11 22:00:00,81,23,3,272,0,7.1,3.4,5.6,0,1,0,0,0,0,0,0,1
2023-12-10 21:00:00,6,22,1,2,0,6.8,0.9,2.0,0,0,0,1,0,0,0,0,1
2023-12-10 03:00:00,11,4,4,153,0,6.8,0.9,2.0,0,0,0,1,0,0,0,0,1
2023-12-11 02:00:00,10,3,2,74,0,7.1,3.4,5.6,0,1,0,0,0,0,0,0,1
2023-12-11 04:00:00,5,5,2,50,0,7.1,3.4,5.6,0,1,0,0,0,0,0,0,1
2023-12-11 03:00:00,7,4,2,46,0,7.1,3.4,5.6,0,1,0,0,0,0,0,0,1
2023-12-10 04:00:00,7,5,0,62,0,6.8,0.9,2.0,0,0,0,1,0,0,0,0,1
2023-12-12 06:00:00,16,7,2,105,0,6.0,5.4,12.3,0,0,0,0,0,1,0,0,1
2023-12-11 23:00:00,21,0,1,170,0,7.1,3.4,5.6,0,1,0,0,0,0,0,0,1
2023-12-12 00:00:00,12,1,0,115,0,6.0,5.4,12.3,0,0,0,0,0,1,0,0,1
2023-12-13 05:00:00,26,6,4,114,0,8.5,5.5,1.3,0,0,0,0,0,0,1,0,1
2023-12-13 22:00:00,35,23,12,305,0,8.5,5.5,1.3,0,0,0,0,0,0,1,0,1
2023-12-12 21:00:00,66,22,8,412,0,6.0,5.4,12.3,0,0,0,0,0,1,0,0,1
2023-12-11 01:00:00,7,2,1,82,0,7.1,3.4,5.6,0,1,0,0,0,0,0,0,1
2023-12-13 20:00:00,85,21,11,516,0,8.5,5.5,1.3,0,0,0,0,0,0,1,0,1
2023-12-13 06:00:00,46,7,3,219,0,8.5,5.5,1.3,0,0,0,0,0,0,1,0,1
2023-12-12 01:00:00,7,2,0,38,0,6.0,5.4,12.3,0,0,0,0,0,1,0,0,1
2023-12-12 03:00:00,3,4,0,0,0,6.0,5.4,12.3,0,0,0,0,0,1,0,0,1
2023-12-12 04:00:00,3,5,0,0,0,6.0,5.4,12.3,0,0,0,0,0,1,0,0,1
2023-12-12 23:00:00,32,0,5,169,0,6.0,5.4,12.3,0,0,0,0,0,1,0,0,1
2023-12-13 14:00:00,344,15,138,947,0,8.5,5.5,1.3,0,0,0,0,0,0,1,0,1
2023-12-13 15:00:00,280,16,106,1112,0,8.5,5.5,1.3,0,0,0,0,0,0,1,0,1
2023-12-12 13:00:00,245,14,60,1006,0,6.0,5.4,12.3,0,0,0,0,0,1,0,0,1
2023-12-12 12:00:00,299,13,59,982,0,6.0,5.4,12.3,0,0,0,0,0,1,0,0,1
2023-12-12 14:00:00,265,15,53,890,0,6.0,5.4,12.3,0,0,0,0,0,1,0,0,1
2023-12-12 10:00:00,337,11,45,842,0,6.0,5.4,12.3,0,0,0,0,0,1,0,0,1
2023-12-12 16:00:00,138,17,43,976,0,6.0,5.4,12.3,0,0,0,0,0,1,0,0,1
2023-12-12 15:00:00,223,16,36,881,0,6.0,5.4,12.3,0,0,0,0,0,1,0,0,1
2023-12-12 11:00:00,341,12,34,924,0,6.0,5.4,12.3,0,0,0,0,0,1,0,0,1
2023-12-12 09:00:00,266,10,29,963,0,6.0,5.4,12.3,0,0,0,0,0,1,0,0,1
2023-12-12 19:00:00,55,20,28,623,0,6.0,5.4,12.3,0,0,0,0,0,1,0,0,1
2023-12-12 17:00:00,80,18,27,818,0,6.0,5.4,12.3,0,0,0,0,0,1,0,0,1
2023-12-12 18:00:00,64,19,26,744,0,6.0,5.4,12.3,0,0,0,0,0,1,0,0,1
2023-12-12 07:00:00,31,8,17,517,0,6.0,5.4,12.3,0,0,0,0,0,1,0,0,1
2023-12-12 20:00:00,50,21,14,488,0,6.0,5.4,12.3,0,0,0,0,0,1,0,0,1
2023-12-12 08:00:00,221,9,12,889,0,6.0,5.4,12.3,0,0,0,0,0,1,0,0,1
2023-12-13 16:00:00,215,17,75,1255,0,8.5,5.5,1.3,0,0,0,0,0,0,1,0,1
2023-12-13 13:00:00,500,14,71,1004,0,8.5,5.5,1.3,0,0,0,0,0,0,1,0,1
2023-12-13 12:00:00,441,13,70,990,0,8.5,5.5,1.3,0,0,0,0,0,0,1,0,1
2023-12-13 11:00:00,492,12,58,930,0,8.5,5.5,1.3,0,0,0,0,0,0,1,0,1
2023-12-13 02:00:00,11,3,2,59,0,8.5,5.5,1.3,0,0,0,0,0,0,1,0,1
2023-12-13 17:00:00,175,18,56,1138,0,8.5,5.5,1.3,0,0,0,0,0,0,1,0,1
2023-12-13 21:00:00,56,22,7,470,0,8.5,5.5,1.3,0,0,0,0,0,0,1,0,1
2023-12-12 02:00:00,10,3,0,2,0,6.0,5.4,12.3,0,0,0,0,0,1,0,0,1
2023-12-13 10:00:00,505,11,54,842,0,8.5,5.5,1.3,0,0,0,0,0,0,1,0,1
2023-12-13 09:00:00,413,10,47,948,0,8.5,5.5,1.3,0,0,0,0,0,0,1,0,1
2023-12-12 22:00:00,31,23,4,300,0,6.0,5.4,12.3,0,0,0,0,0,1,0,0,1
2023-12-13 19:00:00,99,20,30,723,0,8.5,5.5,1.3,0,0,0,0,0,0,1,0,1
2023-12-13 08:00:00,367,9,28,1008,0,8.5,5.5,1.3,0,0,0,0,0,0,1,0,1
2023-12-13 23:00:00,29,0,1,217,0,8.5,5.5,1.3,0,0,0,0,0,0,1,0,1
2023-12-13 18:00:00,93,19,27,912,0,8.5,5.5,1.3,0,0,0,0,0,0,1,0,1
2023-12-13 01:00:00,21,2,1,106,0,8.5,5.5,1.3,0,0,0,0,0,0,1,0,1
2023-12-13 03:00:00,4,4,1,28,0,8.5,5.5,1.3,0,0,0,0,0,0,1,0,1
2023-12-13 07:00:00,65,8,17,552,0,8.5,5.5,1.3,0,0,0,0,0,0,1,0,1
2023-12-14 06:00:00,70,7,3,231,0,11.3,2.7,0.1,0,0,0,0,1,0,0,0,1
2023-12-15 15:00:00,435,16,36,987,0,11.3,5.2,0.0,1,0,0,0,0,0,0,0,1
2023-12-15 11:00:00,427,12,31,1017,0,11.3,5.2,0.0,1,0,0,0,0,0,0,0,1
2023-12-15 10:00:00,413,11,8,1051,0,11.3,5.2,0.0,1,0,0,0,0,0,0,0,1
2023-12-15 13:00:00,445,14,30,1183,0,11.3,5.2,0.0,1,0,0,0,0,0,0,0,1
2023-12-14 14:00:00,302,15,139,997,0,11.3,2.7,0.1,0,0,0,0,1,0,0,0,1
2023-12-15 14:00:00,541,15,19,1086,0,11.3,5.2,0.0,1,0,0,0,0,0,0,0,1
2023-12-15 20:00:00,122,21,18,669,0,11.3,5.2,0.0,1,0,0,0,0,0,0,0,1
2023-12-15 07:00:00,45,8,18,565,0,11.3,5.2,0.0,1,0,0,0,0,0,0,0,1
2023-12-15 09:00:00,483,10,13,992,0,11.3,5.2,0.0,1,0,0,0,0,0,0,0,1
2023-12-15 22:00:00,55,23,12,549,0,11.3,5.2,0.0,1,0,0,0,0,0,0,0,1
2023-12-15 18:00:00,193,19,11,757,0,11.3,5.2,0.0,1,0,0,0,0,0,0,0,1
2023-12-14 15:00:00,294,16,117,1016,0,11.3,2.7,0.1,0,0,0,0,1,0,0,0,1
2023-12-14 13:00:00,325,14,99,997,0,11.3,2.7,0.1,0,0,0,0,1,0,0,0,1
2023-12-14 16:00:00,119,17,74,1092,0,11.3,2.7,0.1,0,0,0,0,1,0,0,0,1
2023-12-14 17:00:00,124,18,55,1248,0,11.3,2.7,0.1,0,0,0,0,1,0,0,0,1
2023-12-14 10:00:00,255,11,44,852,0,11.3,2.7,0.1,0,0,0,0,1,0,0,0,1
2023-12-14 12:00:00,389,13,39,1021,0,11.3,2.7,0.1,0,0,0,0,1,0,0,0,1
2023-12-14 18:00:00,101,19,34,1082,0,11.3,2.7,0.1,0,0,0,0,1,0,0,0,1
2023-12-14 11:00:00,463,12,26,799,0,11.3,2.7,0.1,0,0,0,0,1,0,0,0,1
2023-12-14 09:00:00,310,10,20,866,0,11.3,2.7,0.1,0,0,0,0,1,0,0,0,1
2023-12-14 07:00:00,155,8,20,539,0,11.3,2.7,0.1,0,0,0,0,1,0,0,0,1
2023-12-14 19:00:00,51,20,19,834,0,11.3,2.7,0.1,0,0,0,0,1,0,0,0,1
2023-12-14 20:00:00,71,21,19,646,0,11.3,2.7,0.1,0,0,0,0,1,0,0,0,1
2023-12-14 08:00:00,435,9,17,953,0,11.3,2.7,0.1,0,0,0,0,1,0,0,0,1
2023-12-14 21:00:00,49,22,16,538,0,11.3,2.7,0.1,0,0,0,0,1,0,0,0,1
2023-12-13 00:00:00,18,1,0,132,0,8.5,5.5,1.3,0,0,0,0,0,0,1,0,1
2023-12-15 21:00:00,96,22,7,617,0,11.3,5.2,0.0,1,0,0,0,0,0,0,0,1
2023-12-15 00:00:00,22,1,1,144,0,11.3,5.2,0.0,1,0,0,0,0,0,0,0,1
2023-12-15 02:00:00,15,3,1,68,0,11.3,5.2,0.0,1,0,0,0,0,0,0,0,1
2023-12-14 02:00:00,20,3,0,70,0,11.3,2.7,0.1,0,0,0,0,1,0,0,0,1
2023-12-14 22:00:00,33,23,9,391,0,11.3,2.7,0.1,0,0,0,0,1,0,0,0,1
2023-12-14 23:00:00,25,0,4,253,0,11.3,2.7,0.1,0,0,0,0,1,0,0,0,1
2023-12-15 08:00:00,351,9,6,1078,0,11.3,5.2,0.0,1,0,0,0,0,0,0,0,1
2023-12-13 04:00:00,9,5,0,59,0,8.5,5.5,1.3,0,0,0,0,0,0,1,0,1
2023-12-15 19:00:00,263,20,6,891,0,11.3,5.2,0.0,1,0,0,0,0,0,0,0,1
2023-12-14 04:00:00,13,5,2,39,0,11.3,2.7,0.1,0,0,0,0,1,0,0,0,1
2023-12-15 06:00:00,32,7,6,214,0,11.3,5.2,0.0,1,0,0,0,0,0,0,0,1
2023-12-15 16:00:00,171,17,71,1126,0,11.3,5.2,0.0,1,0,0,0,0,0,0,0,1
2023-12-15 17:00:00,186,18,64,1181,0,11.3,5.2,0.0,1,0,0,0,0,0,0,0,1
2023-12-15 12:00:00,397,13,53,1141,0,11.3,5.2,0.0,1,0,0,0,0,0,0,0,1
2023-12-15 05:00:00,21,6,4,124,0,11.3,5.2,0.0,1,0,0,0,0,0,0,0,1
2023-12-14 00:00:00,14,1,1,144,0,11.3,2.7,0.1,0,0,0,0,1,0,0,0,1
2023-12-14 05:00:00,38,6,1,132,0,11.3,2.7,0.1,0,0,0,0,1,0,0,0,1
2023-12-14 01:00:00,10,2,1,96,0,11.3,2.7,0.1,0,0,0,0,1,0,0,0,1
2023-12-14 03:00:00,11,4,1,56,0,11.3,2.7,0.1,0,0,0,0,1,0,0,0,1
2023-12-15 23:00:00,50,0,3,426,0,11.3,5.2,0.0,1,0,0,0,0,0,0,0,1
2023-12-15 01:00:00,27,2,3,103,0,11.3,5.2,0.0,1,0,0,0,0,0,0,0,1
2023-12-15 03:00:00,10,4,3,58,0,11.3,5.2,0.0,1,0,0,0,0,0,0,0,1
2023-12-17 22:00:00,52,23,5,348,0,12.6,10.1,0.0,0,0,0,1,0,0,0,0,1
2023-12-17 06:00:00,27,7,5,100,0,12.6,10.1,0.0,0,0,0,1,0,0,0,0,1
2023-12-17 05:00:00,15,6,5,70,0,12.6,10.1,0.0,0,0,0,1,0,0,0,0,1
2023-12-16 21:00:00,97,22,16,477,0,12.6,8.8,0.0,0,0,1,0,0,0,0,0,1
2023-12-16 19:00:00,105,20,15,738,0,12.6,8.8,0.0,0,0,1,0,0,0,0,0,1
2023-12-16 12:00:00,306,13,14,1005,0,12.6,8.8,0.0,0,0,1,0,0,0,0,0,1
2023-12-16 11:00:00,266,12,14,959,0,12.6,8.8,0.0,0,0,1,0,0,0,0,0,1
2023-12-16 13:00:00,303,14,12,843,0,12.6,8.8,0.0,0,0,1,0,0,0,0,0,1
2023-12-16 10:00:00,218,11,10,859,0,12.6,8.8,0.0,0,0,1,0,0,0,0,0,1
2023-12-16 20:00:00,99,21,10,530,0,12.6,8.8,0.0,0,0,1,0,0,0,0,0,1
2023-12-15 04:00:00,12,5,0,56,0,11.3,5.2,0.0,1,0,0,0,0,0,0,0,1
2023-12-16 17:00:00,381,18,62,1183,0,12.6,8.8,0.0,0,0,1,0,0,0,0,0,1
2023-12-16 16:00:00,181,17,60,691,0,12.6,8.8,0.0,0,0,1,0,0,0,0,0,1
2023-12-16 14:00:00,248,15,37,575,0,12.6,8.8,0.0,0,0,1,0,0,0,0,0,1
2023-12-16 18:00:00,126,19,28,964,0,12.6,8.8,0.0,0,0,1,0,0,0,0,0,1
2023-12-16 15:00:00,156,16,28,622,0,12.6,8.8,0.0,0,0,1,0,0,0,0,0,1
2023-12-17 12:00:00,586,13,4,881,0,12.6,10.1,0.0,0,0,0,1,0,0,0,0,1
2023-12-17 11:00:00,482,12,9,764,0,12.6,10.1,0.0,0,0,0,1,0,0,0,0,1
2023-12-17 21:00:00,36,22,9,375,0,12.6,10.1,0.0,0,0,0,1,0,0,0,0,1
2023-12-17 09:00:00,275,10,9,327,0,12.6,10.1,0.0,0,0,0,1,0,0,0,0,1
2023-12-17 01:00:00,49,2,8,345,0,12.6,10.1,0.0,0,0,0,1,0,0,0,0,1
2023-12-17 13:00:00,515,14,7,918,0,12.6,10.1,0.0,0,0,0,1,0,0,0,0,1
2023-12-17 20:00:00,44,21,6,467,0,12.6,10.1,0.0,0,0,0,1,0,0,0,0,1
2023-12-17 23:00:00,39,0,6,267,0,12.6,10.1,0.0,0,0,0,1,0,0,0,0,1
2023-12-17 00:00:00,49,1,5,408,0,12.6,10.1,0.0,0,0,0,1,0,0,0,0,1
2023-12-17 02:00:00,28,3,1,267,0,12.6,10.1,0.0,0,0,0,1,0,0,0,0,1
2023-12-17 10:00:00,401,11,3,667,0,12.6,10.1,0.0,0,0,0,1,0,0,0,0,1
2023-12-17 19:00:00,59,20,3,264,0,12.6,10.1,0.0,0,0,0,1,0,0,0,0,1
2023-12-17 03:00:00,25,4,3,254,0,12.6,10.1,0.0,0,0,0,1,0,0,0,0,1
2023-12-17 17:00:00,96,18,3,132,0,12.6,10.1,0.0,0,0,0,1,0,0,0,0,1
2023-12-17 07:00:00,53,8,3,125,0,12.6,10.1,0.0,0,0,0,1,0,0,0,0,1
2023-12-17 08:00:00,149,9,2,223,0,12.6,10.1,0.0,0,0,0,1,0,0,0,0,1
2023-12-17 18:00:00,103,19,2,174,0,12.6,10.1,0.0,0,0,0,1,0,0,0,0,1
2023-12-17 16:00:00,103,17,2,171,0,12.6,10.1,0.0,0,0,0,1,0,0,0,0,1
2023-12-16 09:00:00,144,10,5,703,0,12.6,8.8,0.0,0,0,1,0,0,0,0,0,1
2023-12-16 04:00:00,12,5,0,99,0,12.6,8.8,0.0,0,0,1,0,0,0,0,0,1
2023-12-16 06:00:00,18,7,5,151,0,12.6,8.8,0.0,0,0,1,0,0,0,0,0,1
2023-12-16 22:00:00,55,23,1,463,0,12.6,8.8,0.0,0,0,1,0,0,0,0,0,1
2023-12-16 08:00:00,83,9,1,456,0,12.6,8.8,0.0,0,0,1,0,0,0,0,0,1
2023-12-16 23:00:00,46,0,4,477,0,12.6,8.8,0.0,0,0,1,0,0,0,0,0,1
2023-12-16 03:00:00,17,4,4,200,0,12.6,8.8,0.0,0,0,1,0,0,0,0,0,1
2023-12-16 00:00:00,33,1,1,353,0,12.6,8.8,0.0,0,0,1,0,0,0,0,0,1
2023-12-16 01:00:00,27,2,3,266,0,12.6,8.8,0.0,0,0,1,0,0,0,0,0,1
2023-12-16 07:00:00,15,8,3,208,0,12.6,8.8,0.0,0,0,1,0,0,0,0,0,1
2023-12-17 04:00:00,17,5,0,78,0,12.6,10.1,0.0,0,0,0,1,0,0,0,0,1
2023-12-16 05:00:00,13,6,3,96,0,12.6,8.8,0.0,0,0,1,0,0,0,0,0,1
2023-12-16 02:00:00,22,3,2,171,0,12.6,8.8,0.0,0,0,1,0,0,0,0,0,1
2023-12-17 15:00:00,230,16,19,758,0,12.6,10.1,0.0,0,0,0,1,0,0,0,0,1
2023-12-17 14:00:00,331,15,16,969,0,12.6,10.1,0.0,0,0,0,1,0,0,0,0,1
2023-12-18 18:00:00,176,19,16,791,0,7.7,10.4,0.0,0,1,0,0,0,0,0,0,1
2023-12-18 19:00:00,138,20,13,630,0,7.7,10.4,0.0,0,1,0,0,0,0,0,0,1
2023-12-18 11:00:00,784,12,12,931,0,7.7,10.4,0.0,0,1,0,0,0,0,0,0,1
2023-12-18 20:00:00,112,21,6,456,0,7.7,10.4,0.0,0,1,0,0,0,0,0,0,1
2023-12-18 01:00:00,16,2,0,108,0,7.7,10.4,0.0,0,1,0,0,0,0,0,0,1
2023-12-18 02:00:00,17,3,0,98,0,7.7,10.4,0.0,0,1,0,0,0,0,0,0,1
2023-12-18 03:00:00,15,4,0,64,0,7.7,10.4,0.0,0,1,0,0,0,0,0,0,1
2023-12-18 21:00:00,106,22,6,366,0,7.7,10.4,0.0,0,1,0,0,0,0,0,0,1
2023-12-19 06:00:00,27,7,5,221,0,12.0,3.8,0.0,0,0,0,0,0,1,0,0,1
2023-12-18 06:00:00,18,7,11,213,0,7.7,10.4,0.0,0,1,0,0,0,0,0,0,1
2023-12-18 00:00:00,24,1,5,175,0,7.7,10.4,0.0,0,1,0,0,0,0,0,0,1
2023-12-18 04:00:00,9,5,2,50,0,7.7,10.4,0.0,0,1,0,0,0,0,0,0,1
2023-12-19 13:00:00,1081,14,14,945,0,12.0,3.8,0.0,0,0,0,0,0,1,0,0,1
2023-12-19 21:00:00,80,22,12,466,0,12.0,3.8,0.0,0,0,0,0,0,1,0,0,1
2023-12-19 20:00:00,91,21,8,552,0,12.0,3.8,0.0,0,0,0,0,0,1,0,0,1
2023-12-19 05:00:00,32,6,7,136,0,12.0,3.8,0.0,0,0,0,0,0,1,0,0,1
2023-12-18 22:00:00,53,23,8,291,0,7.7,10.4,0.0,0,1,0,0,0,0,0,0,1
2023-12-18 23:00:00,54,0,7,261,0,7.7,10.4,0.0,0,1,0,0,0,0,0,0,1
2023-12-18 05:00:00,13,6,7,112,0,7.7,10.4,0.0,0,1,0,0,0,0,0,0,1
2023-12-18 13:00:00,35,14,6,567,0,7.7,10.4,0.0,0,1,0,0,0,0,0,0,1
2023-12-19 23:00:00,17,0,0,225,0,12.0,3.8,0.0,0,0,0,0,0,1,0,0,1
2023-12-19 10:00:00,729,11,44,856,0,12.0,3.8,0.0,0,0,0,0,0,1,0,0,1
2023-12-19 11:00:00,923,12,37,925,0,12.0,3.8,0.0,0,0,0,0,0,1,0,0,1
2023-12-19 16:00:00,365,17,36,1326,0,12.0,3.8,0.0,0,0,0,0,0,1,0,0,1
2023-12-19 17:00:00,205,18,36,1205,0,12.0,3.8,0.0,0,0,0,0,0,1,0,0,1
2023-12-19 08:00:00,227,9,25,928,0,12.0,3.8,0.0,0,0,0,0,0,1,0,0,1
2023-12-19 07:00:00,83,8,25,605,0,12.0,3.8,0.0,0,0,0,0,0,1,0,0,1
2023-12-19 09:00:00,514,10,24,901,0,12.0,3.8,0.0,0,0,0,0,0,1,0,0,1
2023-12-19 12:00:00,1133,13,23,1000,0,12.0,3.8,0.0,0,0,0,0,0,1,0,0,1
2023-12-19 18:00:00,184,19,23,966,0,12.0,3.8,0.0,0,0,0,0,0,1,0,0,1
2023-12-19 15:00:00,411,16,20,1238,0,12.0,3.8,0.0,0,0,0,0,0,1,0,0,1
2023-12-19 14:00:00,594,15,17,1042,0,12.0,3.8,0.0,0,0,0,0,0,1,0,0,1
2023-12-19 19:00:00,124,20,16,785,0,12.0,3.8,0.0,0,0,0,0,0,1,0,0,1
2023-12-18 14:00:00,337,15,57,970,0,7.7,10.4,0.0,0,1,0,0,0,0,0,0,1
2023-12-18 15:00:00,378,16,47,1092,0,7.7,10.4,0.0,0,1,0,0,0,0,0,0,1
2023-12-18 17:00:00,157,18,45,990,0,7.7,10.4,0.0,0,1,0,0,0,0,0,0,1
2023-12-18 12:00:00,966,13,44,1026,0,7.7,10.4,0.0,0,1,0,0,0,0,0,0,1
2023-12-19 22:00:00,59,23,3,314,0,12.0,3.8,0.0,0,0,0,0,0,1,0,0,1
2023-12-19 02:00:00,10,3,2,61,0,12.0,3.8,0.0,0,0,0,0,0,1,0,0,1
2023-12-19 00:00:00,32,1,1,139,0,12.0,3.8,0.0,0,0,0,0,0,1,0,0,1
2023-12-19 01:00:00,17,2,1,77,0,12.0,3.8,0.0,0,0,0,0,0,1,0,0,1
2023-12-19 04:00:00,8,5,1,46,0,12.0,3.8,0.0,0,0,0,0,0,1,0,0,1
2023-12-18 16:00:00,132,17,35,1024,0,7.7,10.4,0.0,0,1,0,0,0,0,0,0,1
2023-12-18 10:00:00,418,11,33,901,0,7.7,10.4,0.0,0,1,0,0,0,0,0,0,1
2023-12-18 09:00:00,385,10,27,950,0,7.7,10.4,0.0,0,1,0,0,0,0,0,0,1
2023-12-18 08:00:00,185,9,26,892,0,7.7,10.4,0.0,0,1,0,0,0,0,0,0,1
2023-12-18 07:00:00,64,8,25,551,0,7.7,10.4,0.0,0,1,0,0,0,0,0,0,1
2023-12-19 03:00:00,12,4,0,29,0,12.0,3.8,0.0,0,0,0,0,0,1,0,0,1
2023-12-20 12:00:00,1012,13,12,1012,0,9.5,3.8,0.4,0,0,0,0,0,0,1,0,1
2023-12-21 12:00:00,333,13,27,1067,0,8.9,4.7,1.2,0,0,0,0,1,0,0,0,1
2023-12-20 23:00:00,32,0,4,226,0,9.5,3.8,0.4,0,0,0,0,0,0,1,0,1
2023-12-20 11:00:00,852,12,11,898,0,9.5,3.8,0.4,0,0,0,0,0,0,1,0,1
2023-12-20 10:00:00,629,11,11,897,0,9.5,3.8,0.4,0,0,0,0,0,0,1,0,1
2023-12-21 23:00:00,42,0,2,289,0,8.9,4.7,1.2,0,0,0,0,1,0,0,0,1
2023-12-20 20:00:00,100,21,9,520,0,9.5,3.8,0.4,0,0,0,0,0,0,1,0,1
2023-12-20 21:00:00,64,22,9,475,0,9.5,3.8,0.4,0,0,0,0,0,0,1,0,1
2023-12-20 22:00:00,40,23,8,366,0,9.5,3.8,0.4,0,0,0,0,0,0,1,0,1
2023-12-20 06:00:00,12,7,8,241,0,9.5,3.8,0.4,0,0,0,0,0,0,1,0,1
2023-12-20 09:00:00,684,10,7,869,0,9.5,3.8,0.4,0,0,0,0,0,0,1,0,1
2023-12-21 19:00:00,155,20,22,879,0,8.9,4.7,1.2,0,0,0,0,1,0,0,0,1
2023-12-21 01:00:00,5,2,2,109,0,8.9,4.7,1.2,0,0,0,0,1,0,0,0,1
2023-12-20 03:00:00,2,4,0,48,0,9.5,3.8,0.4,0,0,0,0,0,0,1,0,1
2023-12-21 14:00:00,311,15,153,1166,0,8.9,4.7,1.2,0,0,0,0,1,0,0,0,1
2023-12-21 13:00:00,315,14,131,1149,0,8.9,4.7,1.2,0,0,0,0,1,0,0,0,1
2023-12-21 15:00:00,464,16,76,857,0,8.9,4.7,1.2,0,0,0,0,1,0,0,0,1
2023-12-21 11:00:00,339,12,48,1066,0,8.9,4.7,1.2,0,0,0,0,1,0,0,0,1
2023-12-21 02:00:00,8,3,2,68,0,8.9,4.7,1.2,0,0,0,0,1,0,0,0,1
2023-12-21 18:00:00,527,19,7,992,0,8.9,4.7,1.2,0,0,0,0,1,0,0,0,1
2023-12-21 07:00:00,75,8,7,520,0,8.9,4.7,1.2,0,0,0,0,1,0,0,0,1
2023-12-21 16:00:00,1176,17,17,1220,0,8.9,4.7,1.2,0,0,0,0,1,0,0,0,1
2023-12-21 10:00:00,367,11,17,905,0,8.9,4.7,1.2,0,0,0,0,1,0,0,0,1
2023-12-20 02:00:00,3,3,3,63,0,9.5,3.8,0.4,0,0,0,0,0,0,1,0,1
2023-12-20 00:00:00,14,1,2,133,0,9.5,3.8,0.4,0,0,0,0,0,0,1,0,1
2023-12-20 01:00:00,4,2,2,80,0,9.5,3.8,0.4,0,0,0,0,0,0,1,0,1
2023-12-20 04:00:00,4,5,2,42,0,9.5,3.8,0.4,0,0,0,0,0,0,1,0,1
2023-12-20 05:00:00,6,6,1,125,0,9.5,3.8,0.4,0,0,0,0,0,0,1,0,1
2023-12-20 16:00:00,420,17,55,1308,0,9.5,3.8,0.4,0,0,0,0,0,0,1,0,1
2023-12-20 17:00:00,161,18,43,1275,0,9.5,3.8,0.4,0,0,0,0,0,0,1,0,1
2023-12-21 17:00:00,911,18,14,1210,0,8.9,4.7,1.2,0,0,0,0,1,0,0,0,1
2023-12-21 08:00:00,518,9,14,947,0,8.9,4.7,1.2,0,0,0,0,1,0,0,0,1
2023-12-21 20:00:00,83,21,14,616,0,8.9,4.7,1.2,0,0,0,0,1,0,0,0,1
2023-12-20 14:00:00,1019,15,29,987,0,9.5,3.8,0.4,0,0,0,0,0,0,1,0,1
2023-12-20 18:00:00,118,19,29,918,0,9.5,3.8,0.4,0,0,0,0,0,0,1,0,1
2023-12-20 15:00:00,1040,16,19,1141,0,9.5,3.8,0.4,0,0,0,0,0,0,1,0,1
2023-12-20 13:00:00,1032,14,18,966,0,9.5,3.8,0.4,0,0,0,0,0,0,1,0,1
2023-12-20 19:00:00,83,20,17,770,0,9.5,3.8,0.4,0,0,0,0,0,0,1,0,1
2023-12-20 07:00:00,126,8,16,533,0,9.5,3.8,0.4,0,0,0,0,0,0,1,0,1
2023-12-20 08:00:00,608,9,14,894,0,9.5,3.8,0.4,0,0,0,0,0,0,1,0,1
2023-12-21 00:00:00,19,1,1,139,0,8.9,4.7,1.2,0,0,0,0,1,0,0,0,1
2023-12-21 21:00:00,80,22,11,597,0,8.9,4.7,1.2,0,0,0,0,1,0,0,0,1
2023-12-21 06:00:00,24,7,10,259,0,8.9,4.7,1.2,0,0,0,0,1,0,0,0,1
2023-12-21 09:00:00,447,10,8,909,0,8.9,4.7,1.2,0,0,0,0,1,0,0,0,1
2023-12-21 22:00:00,44,23,6,419,0,8.9,4.7,1.2,0,0,0,0,1,0,0,0,1
2023-12-21 04:00:00,6,5,1,48,0,8.9,4.7,1.2,0,0,0,0,1,0,0,0,1
2023-12-21 03:00:00,6,4,1,40,0,8.9,4.7,1.2,0,0,0,0,1,0,0,0,1
2023-12-22 12:00:00,672,13,91,1491,0,12.1,6.4,14.3,1,0,0,0,0,0,0,0,1
2023-12-22 13:00:00,451,14,75,1072,0,12.1,6.4,14.3,1,0,0,0,0,0,0,0,1
2023-12-22 14:00:00,346,15,64,856,0,12.1,6.4,14.3,1,0,0,0,0,0,0,0,1
2023-12-21 05:00:00,8,6,3,130,0,8.9,4.7,1.2,0,0,0,0,1,0,0,0,1
2023-12-22 16:00:00,275,17,56,1535,0,12.1,6.4,14.3,1,0,0,0,0,0,0,0,1
2023-12-22 11:00:00,588,12,41,1256,0,12.1,6.4,14.3,1,0,0,0,0,0,0,0,1
2023-12-22 10:00:00,480,11,38,1196,0,12.1,6.4,14.3,1,0,0,0,0,0,0,0,1
2023-12-22 17:00:00,168,18,26,1378,0,12.1,6.4,14.3,1,0,0,0,0,0,0,0,1
2023-12-23 08:00:00,139,9,8,561,0,10.3,3.5,3.6,0,0,1,0,0,0,0,0,1
2023-12-23 20:00:00,43,21,7,683,0,10.3,3.5,3.6,0,0,1,0,0,0,0,0,1
2023-12-23 21:00:00,38,22,5,590,0,10.3,3.5,3.6,0,0,1,0,0,0,0,0,1
2023-12-23 05:00:00,13,6,4,91,0,10.3,3.5,3.6,0,0,1,0,0,0,0,0,1
2023-12-23 23:00:00,20,0,3,395,0,10.3,3.5,3.6,0,0,1,0,0,0,0,0,1
2023-12-23 06:00:00,25,7,3,135,0,10.3,3.5,3.6,0,0,1,0,0,0,0,0,1
2023-12-22 03:00:00,17,4,0,60,0,12.1,6.4,14.3,1,0,0,0,0,0,0,0,1
2023-12-23 11:00:00,532,12,47,1118,0,10.3,3.5,3.6,0,0,1,0,0,0,0,0,1
2023-12-23 09:00:00,253,10,40,810,0,10.3,3.5,3.6,0,0,1,0,0,0,0,0,1
2023-12-23 10:00:00,346,11,34,997,0,10.3,3.5,3.6,0,0,1,0,0,0,0,0,1
2023-12-23 12:00:00,675,13,33,1161,0,10.3,3.5,3.6,0,0,1,0,0,0,0,0,1
2023-12-23 17:00:00,85,18,33,961,0,10.3,3.5,3.6,0,0,1,0,0,0,0,0,1
2023-12-23 18:00:00,63,19,18,944,0,10.3,3.5,3.6,0,0,1,0,0,0,0,0,1
2023-12-23 19:00:00,56,20,12,717,0,10.3,3.5,3.6,0,0,1,0,0,0,0,0,1
2023-12-22 15:00:00,153,16,24,750,0,12.1,6.4,14.3,1,0,0,0,0,0,0,0,1
2023-12-24 13:00:00,278,14,103,977,0,4.8,2.8,0.0,0,0,0,1,0,0,0,0,1
2023-12-24 14:00:00,236,15,101,948,0,4.8,2.8,0.0,0,0,0,1,0,0,0,0,1
2023-12-24 12:00:00,338,13,91,997,0,4.8,2.8,0.0,0,0,0,1,0,0,0,0,1
2023-12-24 11:00:00,251,12,63,885,0,4.8,2.8,0.0,0,0,0,1,0,0,0,0,1
2023-12-24 15:00:00,349,16,55,921,0,4.8,2.8,0.0,0,0,0,1,0,0,0,0,1
2023-12-24 16:00:00,136,17,32,830,0,4.8,2.8,0.0,0,0,0,1,0,0,0,0,1
2023-12-24 10:00:00,249,11,30,775,0,4.8,2.8,0.0,0,0,0,1,0,0,0,0,1
2023-12-24 17:00:00,76,18,12,692,0,4.8,2.8,0.0,0,0,0,1,0,0,0,0,1
2023-12-22 01:00:00,25,2,2,134,0,12.1,6.4,14.3,1,0,0,0,0,0,0,0,1
2023-12-22 00:00:00,47,1,1,189,0,12.1,6.4,14.3,1,0,0,0,0,0,0,0,1
2023-12-22 02:00:00,26,3,1,110,0,12.1,6.4,14.3,1,0,0,0,0,0,0,0,1
2023-12-22 04:00:00,21,5,1,57,0,12.1,6.4,14.3,1,0,0,0,0,0,0,0,1
2023-12-22 21:00:00,50,22,6,716,0,12.1,6.4,14.3,1,0,0,0,0,0,0,0,1
2023-12-23 07:00:00,39,8,2,259,0,10.3,3.5,3.6,0,0,1,0,0,0,0,0,1
2023-12-22 18:00:00,156,19,20,1246,0,12.1,6.4,14.3,1,0,0,0,0,0,0,0,1
2023-12-23 14:00:00,41,15,0,367,0,10.3,3.5,3.6,0,0,1,0,0,0,0,0,1
2023-12-23 00:00:00,23,1,0,339,0,10.3,3.5,3.6,0,0,1,0,0,0,0,0,1
2023-12-22 05:00:00,51,6,5,134,0,12.1,6.4,14.3,1,0,0,0,0,0,0,0,1
2023-12-23 15:00:00,106,16,1,500,0,10.3,3.5,3.6,0,0,1,0,0,0,0,0,1
2023-12-23 22:00:00,26,23,1,461,0,10.3,3.5,3.6,0,0,1,0,0,0,0,0,1
2023-12-23 01:00:00,11,2,1,281,0,10.3,3.5,3.6,0,0,1,0,0,0,0,0,1
2023-12-23 02:00:00,7,3,1,224,0,10.3,3.5,3.6,0,0,1,0,0,0,0,0,1
2023-12-23 16:00:00,11,17,1,217,0,10.3,3.5,3.6,0,0,1,0,0,0,0,0,1
2023-12-23 03:00:00,8,4,1,185,0,10.3,3.5,3.6,0,0,1,0,0,0,0,0,1
2023-12-23 13:00:00,3,14,0,119,0,10.3,3.5,3.6,0,0,1,0,0,0,0,0,1
2023-12-22 08:00:00,282,9,15,984,0,12.1,6.4,14.3,1,0,0,0,0,0,0,0,1
2023-12-22 09:00:00,460,10,11,1076,0,12.1,6.4,14.3,1,0,0,0,0,0,0,0,1
2023-12-22 19:00:00,138,20,11,905,0,12.1,6.4,14.3,1,0,0,0,0,0,0,0,1
2023-12-22 20:00:00,66,21,11,713,0,12.1,6.4,14.3,1,0,0,0,0,0,0,0,1
2023-12-22 07:00:00,63,8,8,470,0,12.1,6.4,14.3,1,0,0,0,0,0,0,0,1
2023-12-23 04:00:00,2,5,0,70,0,10.3,3.5,3.6,0,0,1,0,0,0,0,0,1
2023-12-22 22:00:00,39,23,3,556,0,12.1,6.4,14.3,1,0,0,0,0,0,0,0,1
2023-12-22 23:00:00,30,0,3,480,0,12.1,6.4,14.3,1,0,0,0,0,0,0,0,1
2023-12-22 06:00:00,44,7,3,234,0,12.1,6.4,14.3,1,0,0,0,0,0,0,0,1
2023-12-25 02:00:00,7,3,0,51,1,6.3,0.4,3.4,0,1,0,0,0,0,0,0,1
2023-12-25 10:00:00,83,11,2,275,1,6.3,0.4,3.4,0,1,0,0,0,0,0,0,1
2023-12-26 12:00:00,163,13,31,639,1,8.8,0.4,14.8,0,0,0,0,0,1,0,0,1
2023-12-26 13:00:00,165,14,29,604,1,8.8,0.4,14.8,0,0,0,0,0,1,0,0,1
2023-12-26 14:00:00,185,15,28,773,1,8.8,0.4,14.8,0,0,0,0,0,1,0,0,1
2023-12-25 08:00:00,13,9,2,90,1,6.3,0.4,3.4,0,1,0,0,0,0,0,0,1
2023-12-25 03:00:00,11,4,0,34,1,6.3,0.4,3.4,0,1,0,0,0,0,0,0,1
2023-12-24 07:00:00,21,8,2,212,0,4.8,2.8,0.0,0,0,0,1,0,0,0,0,1
2023-12-24 03:00:00,12,4,2,141,0,4.8,2.8,0.0,0,0,0,1,0,0,0,0,1
2023-12-24 06:00:00,16,7,2,123,0,4.8,2.8,0.0,0,0,0,1,0,0,0,0,1
2023-12-24 01:00:00,12,2,1,258,0,4.8,2.8,0.0,0,0,0,1,0,0,0,0,1
2023-12-24 02:00:00,10,3,1,212,0,4.8,2.8,0.0,0,0,0,1,0,0,0,0,1
2023-12-25 01:00:00,20,2,2,74,1,6.3,0.4,3.4,0,1,0,0,0,0,0,0,1
2023-12-25 05:00:00,3,6,0,34,1,6.3,0.4,3.4,0,1,0,0,0,0,0,0,1
2023-12-26 17:00:00,175,18,19,730,1,8.8,0.4,14.8,0,0,0,0,0,1,0,0,1
2023-12-25 04:00:00,2,5,1,13,1,6.3,0.4,3.4,0,1,0,0,0,0,0,0,1
2023-12-25 15:00:00,59,16,9,359,1,6.3,0.4,3.4,0,1,0,0,0,0,0,0,1
2023-12-25 14:00:00,103,15,8,421,1,6.3,0.4,3.4,0,1,0,0,0,0,0,0,1
2023-12-25 17:00:00,42,18,6,322,1,6.3,0.4,3.4,0,1,0,0,0,0,0,0,1
2023-12-25 18:00:00,40,19,6,311,1,6.3,0.4,3.4,0,1,0,0,0,0,0,0,1
2023-12-25 16:00:00,31,17,5,308,1,6.3,0.4,3.4,0,1,0,0,0,0,0,0,1
2023-12-25 12:00:00,106,13,3,426,1,6.3,0.4,3.4,0,1,0,0,0,0,0,0,1
2023-12-25 13:00:00,96,14,3,416,1,6.3,0.4,3.4,0,1,0,0,0,0,0,0,1
2023-12-25 19:00:00,32,20,3,321,1,6.3,0.4,3.4,0,1,0,0,0,0,0,0,1
2023-12-26 15:00:00,171,16,17,662,1,8.8,0.4,14.8,0,0,0,0,0,1,0,0,1
2023-12-24 23:00:00,22,0,0,197,0,4.8,2.8,0.0,0,0,0,1,0,0,0,0,1
2023-12-25 00:00:00,10,1,0,145,1,6.3,0.4,3.4,0,1,0,0,0,0,0,0,1
2023-12-25 07:00:00,10,8,0,122,1,6.3,0.4,3.4,0,1,0,0,0,0,0,0,1
2023-12-25 06:00:00,7,7,0,74,1,6.3,0.4,3.4,0,1,0,0,0,0,0,0,1
2023-12-25 22:00:00,4,23,0,18,1,6.3,0.4,3.4,0,1,0,0,0,0,0,0,1
2023-12-25 23:00:00,4,0,0,4,1,6.3,0.4,3.4,0,1,0,0,0,0,0,0,1
2023-12-24 09:00:00,171,10,7,517,0,4.8,2.8,0.0,0,0,0,1,0,0,0,0,1
2023-12-26 11:00:00,132,12,12,548,1,8.8,0.4,14.8,0,0,0,0,0,1,0,0,1
2023-12-24 21:00:00,39,22,7,396,0,4.8,2.8,0.0,0,0,0,1,0,0,0,0,1
2023-12-24 08:00:00,85,9,7,308,0,4.8,2.8,0.0,0,0,0,1,0,0,0,0,1
2023-12-26 16:00:00,145,17,11,639,1,8.8,0.4,14.8,0,0,0,0,0,1,0,0,1
2023-12-26 09:00:00,63,10,8,284,1,8.8,0.4,14.8,0,0,0,0,0,1,0,0,1
2023-12-26 18:00:00,49,19,7,569,1,8.8,0.4,14.8,0,0,0,0,0,1,0,0,1
2023-12-26 10:00:00,89,11,7,445,1,8.8,0.4,14.8,0,0,0,0,0,1,0,0,1
2023-12-26 19:00:00,67,20,6,474,1,8.8,0.4,14.8,0,0,0,0,0,1,0,0,1
2023-12-26 22:00:00,50,23,6,342,1,8.8,0.4,14.8,0,0,0,0,0,1,0,0,1
2023-12-24 19:00:00,64,20,6,554,0,4.8,2.8,0.0,0,0,0,1,0,0,0,0,1
2023-12-24 04:00:00,9,5,0,78,0,4.8,2.8,0.0,0,0,0,1,0,0,0,0,1
2023-12-24 05:00:00,11,6,0,71,0,4.8,2.8,0.0,0,0,0,1,0,0,0,0,1
2023-12-25 11:00:00,78,12,1,357,1,6.3,0.4,3.4,0,1,0,0,0,0,0,0,1
2023-12-25 09:00:00,40,10,1,127,1,6.3,0.4,3.4,0,1,0,0,0,0,0,0,1
2023-12-25 21:00:00,10,22,1,105,1,6.3,0.4,3.4,0,1,0,0,0,0,0,0,1
2023-12-25 20:00:00,10,21,1,68,1,6.3,0.4,3.4,0,1,0,0,0,0,0,0,1
2023-12-24 18:00:00,52,19,4,659,0,4.8,2.8,0.0,0,0,0,1,0,0,0,0,1
2023-12-24 20:00:00,63,21,4,449,0,4.8,2.8,0.0,0,0,0,1,0,0,0,0,1
2023-12-24 22:00:00,19,23,4,271,0,4.8,2.8,0.0,0,0,0,1,0,0,0,0,1
2023-12-24 00:00:00,21,1,3,326,0,4.8,2.8,0.0,0,0,0,1,0,0,0,0,1
2023-12-27 07:00:00,0,8,0,57,0,8.3,-4.0,22.5,0,0,0,0,0,0,1,0,1
2023-12-26 07:00:00,23,8,5,116,1,8.8,0.4,14.8,0,0,0,0,0,1,0,0,1
2023-12-26 03:00:00,10,4,1,43,1,8.8,0.4,14.8,0,0,0,0,0,1,0,0,1
2023-12-26 02:00:00,10,3,1,39,1,8.8,0.4,14.8,0,0,0,0,0,1,0,0,1
2023-12-26 00:00:00,7,1,1,6,1,8.8,0.4,14.8,0,0,0,0,0,1,0,0,1
2023-12-26 21:00:00,57,22,0,383,1,8.8,0.4,14.8,0,0,0,0,0,1,0,0,1
2023-12-27 05:00:00,5,6,0,3,0,8.3,-4.0,22.5,0,0,0,0,0,0,1,0,1
2023-12-27 00:00:00,21,1,1,173,0,8.3,-4.0,22.5,0,0,0,0,0,0,1,0,1
2023-12-27 03:00:00,9,4,1,129,0,8.3,-4.0,22.5,0,0,0,0,0,0,1,0,1
2023-12-27 04:00:00,14,5,1,61,0,8.3,-4.0,22.5,0,0,0,0,0,0,1,0,1
2023-12-27 01:00:00,13,2,0,150,0,8.3,-4.0,22.5,0,0,0,0,0,0,1,0,1
2023-12-26 01:00:00,3,2,0,39,1,8.8,0.4,14.8,0,0,0,0,0,1,0,0,1
2023-12-28 11:00:00,170,12,7,851,0,5.3,3.4,19.9,0,0,0,0,1,0,0,0,1
2023-12-27 06:00:00,0,7,0,3,0,8.3,-4.0,22.5,0,0,0,0,0,0,1,0,1
2023-12-26 20:00:00,63,21,4,418,1,8.8,0.4,14.8,0,0,0,0,0,1,0,0,1
2023-12-28 15:00:00,1077,16,48,1067,0,5.3,3.4,19.9,0,0,0,0,1,0,0,0,1
2023-12-28 14:00:00,972,15,45,1144,0,5.3,3.4,19.9,0,0,0,0,1,0,0,0,1
2023-12-28 16:00:00,461,17,41,1183,0,5.3,3.4,19.9,0,0,0,0,1,0,0,0,1
2023-12-28 17:00:00,269,18,33,1062,0,5.3,3.4,19.9,0,0,0,0,1,0,0,0,1
2023-12-28 13:00:00,606,14,22,1067,0,5.3,3.4,19.9,0,0,0,0,1,0,0,0,1
2023-12-28 19:00:00,95,20,14,590,0,5.3,3.4,19.9,0,0,0,0,1,0,0,0,1
2023-12-28 18:00:00,111,19,11,839,0,5.3,3.4,19.9,0,0,0,0,1,0,0,0,1
2023-12-28 21:00:00,51,22,11,441,0,5.3,3.4,19.9,0,0,0,0,1,0,0,0,1
2023-12-28 12:00:00,387,13,10,701,0,5.3,3.4,19.9,0,0,0,0,1,0,0,0,1
2023-12-26 05:00:00,6,6,0,21,1,8.8,0.4,14.8,0,0,0,0,0,1,0,0,1
2023-12-26 06:00:00,7,7,0,19,1,8.8,0.4,14.8,0,0,0,0,0,1,0,0,1
2023-12-26 04:00:00,4,5,0,14,1,8.8,0.4,14.8,0,0,0,0,0,1,0,0,1
2023-12-28 20:00:00,88,21,6,495,0,5.3,3.4,19.9,0,0,0,0,1,0,0,0,1
2023-12-26 23:00:00,25,0,2,206,1,8.8,0.4,14.8,0,0,0,0,0,1,0,0,1
2023-12-26 08:00:00,46,9,2,184,1,8.8,0.4,14.8,0,0,0,0,0,1,0,0,1
2023-12-28 23:00:00,38,0,4,267,0,5.3,3.4,19.9,0,0,0,0,1,0,0,0,1
2023-12-28 22:00:00,18,23,3,260,0,5.3,3.4,19.9,0,0,0,0,1,0,0,0,1
2023-12-27 10:00:00,9,11,3,492,0,8.3,-4.0,22.5,0,0,0,0,0,0,1,0,1
2023-12-27 09:00:00,9,10,2,415,0,8.3,-4.0,22.5,0,0,0,0,0,0,1,0,1
2023-12-27 08:00:00,4,9,2,286,0,8.3,-4.0,22.5,0,0,0,0,0,0,1,0,1
2023-12-27 02:00:00,17,3,2,169,0,8.3,-4.0,22.5,0,0,0,0,0,0,1,0,1
2023-12-30 11:00:00,360,12,6,805,0,8.1,-0.4,9.2,0,0,1,0,0,0,0,0,1
2023-12-29 23:00:00,30,0,3,353,0,6.8,3.0,0.1,1,0,0,0,0,0,0,0,1
2023-12-29 05:00:00,23,6,3,125,0,6.8,3.0,0.1,1,0,0,0,0,0,0,0,1
2023-12-29 06:00:00,21,7,2,173,0,6.8,3.0,0.1,1,0,0,0,0,0,0,0,1
2023-12-29 00:00:00,25,1,1,165,0,6.8,3.0,0.1,1,0,0,0,0,0,0,0,1
2023-12-29 09:00:00,253,10,20,656,0,6.8,3.0,0.1,1,0,0,0,0,0,0,0,1
2023-12-29 03:00:00,6,4,1,43,0,6.8,3.0,0.1,1,0,0,0,0,0,0,0,1
2023-12-29 01:00:00,9,2,0,117,0,6.8,3.0,0.1,1,0,0,0,0,0,0,0,1
2023-12-29 02:00:00,2,3,0,77,0,6.8,3.0,0.1,1,0,0,0,0,0,0,0,1
2023-12-29 04:00:00,7,5,0,64,0,6.8,3.0,0.1,1,0,0,0,0,0,0,0,1
2023-12-29 19:00:00,119,20,18,1064,0,6.8,3.0,0.1,1,0,0,0,0,0,0,0,1
2023-12-30 10:00:00,288,11,1,740,0,8.1,-0.4,9.2,0,0,1,0,0,0,0,0,1
2023-12-30 19:00:00,62,20,5,616,0,8.1,-0.4,9.2,0,0,1,0,0,0,0,0,1
2023-12-30 22:00:00,48,23,5,446,0,8.1,-0.4,9.2,0,0,1,0,0,0,0,0,1
2023-12-30 07:00:00,20,8,1,252,0,8.1,-0.4,9.2,0,0,1,0,0,0,0,0,1
2023-12-30 06:00:00,22,7,1,171,0,8.1,-0.4,9.2,0,0,1,0,0,0,0,0,1
2023-12-30 21:00:00,58,22,0,472,0,8.1,-0.4,9.2,0,0,1,0,0,0,0,0,1
2023-12-30 08:00:00,54,9,0,436,0,8.1,-0.4,9.2,0,0,1,0,0,0,0,0,1
2023-12-30 00:00:00,13,1,0,281,0,8.1,-0.4,9.2,0,0,1,0,0,0,0,0,1
2023-12-29 08:00:00,175,9,16,557,0,6.8,3.0,0.1,1,0,0,0,0,0,0,0,1
2023-12-30 20:00:00,63,21,4,507,0,8.1,-0.4,9.2,0,0,1,0,0,0,0,0,1
2023-12-29 18:00:00,138,19,14,1237,0,6.8,3.0,0.1,1,0,0,0,0,0,0,0,1
2023-12-30 23:00:00,34,0,4,342,0,8.1,-0.4,9.2,0,0,1,0,0,0,0,0,1
2023-12-30 14:00:00,179,15,36,855,0,8.1,-0.4,9.2,0,0,1,0,0,0,0,0,1
2023-12-30 17:00:00,167,18,24,845,0,8.1,-0.4,9.2,0,0,1,0,0,0,0,0,1
2023-12-30 15:00:00,520,16,16,761,0,8.1,-0.4,9.2,0,0,1,0,0,0,0,0,1
2023-12-30 18:00:00,89,19,10,875,0,8.1,-0.4,9.2,0,0,1,0,0,0,0,0,1
2023-12-30 16:00:00,256,17,8,773,0,8.1,-0.4,9.2,0,0,1,0,0,0,0,0,1
2023-12-30 09:00:00,182,10,8,600,0,8.1,-0.4,9.2,0,0,1,0,0,0,0,0,1
2023-12-29 20:00:00,80,21,10,646,0,6.8,3.0,0.1,1,0,0,0,0,0,0,0,1
2023-12-29 14:00:00,338,15,120,1218,0,6.8,3.0,0.1,1,0,0,0,0,0,0,0,1
2023-12-29 13:00:00,342,14,82,1252,0,6.8,3.0,0.1,1,0,0,0,0,0,0,0,1
2023-12-29 11:00:00,275,12,68,1028,0,6.8,3.0,0.1,1,0,0,0,0,0,0,0,1
2023-12-29 12:00:00,251,13,64,1250,0,6.8,3.0,0.1,1,0,0,0,0,0,0,0,1
2023-12-29 16:00:00,203,17,40,1307,0,6.8,3.0,0.1,1,0,0,0,0,0,0,0,1
2023-12-29 15:00:00,475,16,33,1326,0,6.8,3.0,0.1,1,0,0,0,0,0,0,0,1
2023-12-29 17:00:00,207,18,31,1281,0,6.8,3.0,0.1,1,0,0,0,0,0,0,0,1
2023-12-29 10:00:00,365,11,31,834,0,6.8,3.0,0.1,1,0,0,0,0,0,0,0,1
2023-12-30 01:00:00,9,2,3,208,0,8.1,-0.4,9.2,0,0,1,0,0,0,0,0,1
2023-12-29 22:00:00,47,23,8,505,0,6.8,3.0,0.1,1,0,0,0,0,0,0,0,1
2023-12-30 12:00:00,212,13,2,918,0,8.1,-0.4,9.2,0,0,1,0,0,0,0,0,1
2023-12-29 07:00:00,51,8,7,358,0,6.8,3.0,0.1,1,0,0,0,0,0,0,0,1
2023-12-30 13:00:00,67,14,2,830,0,8.1,-0.4,9.2,0,0,1,0,0,0,0,0,1
2023-12-29 21:00:00,73,22,6,633,0,6.8,3.0,0.1,1,0,0,0,0,0,0,0,1
2023-12-30 02:00:00,2,3,2,153,0,8.1,-0.4,9.2,0,0,1,0,0,0,0,0,1
2023-12-31 05:00:00,17,6,2,67,0,6.8,-1.0,0.2,0,0,0,1,0,0,0,0,1
2023-12-30 03:00:00,6,4,0,106,0,8.1,-0.4,9.2,0,0,1,0,0,0,0,0,1
2023-12-30 05:00:00,13,6,0,104,0,8.1,-0.4,9.2,0,0,1,0,0,0,0,0,1
2023-12-31 09:00:00,121,10,12,313,0,6.8,-1.0,0.2,0,0,0,1,0,0,0,0,1
2023-12-31 06:00:00,23,7,0,94,0,6.8,-1.0,0.2,0,0,0,1,0,0,0,0,1
2023-12-31 18:00:00,67,19,11,671,0,6.8,-1.0,0.2,0,0,0,1,0,0,0,0,1
2023-12-30 04:00:00,5,5,0,64,0,8.1,-0.4,9.2,0,0,1,0,0,0,0,0,1
2023-12-31 14:00:00,221,15,97,919,0,6.8,-1.0,0.2,0,0,0,1,0,0,0,0,1
2023-12-31 15:00:00,361,16,84,788,0,6.8,-1.0,0.2,0,0,0,1,0,0,0,0,1
2023-12-31 00:00:00,25,1,1,302,0,6.8,-1.0,0.2,0,0,0,1,0,0,0,0,1
2023-12-31 12:00:00,287,13,55,898,0,6.8,-1.0,0.2,0,0,0,1,0,0,0,0,1
2023-12-31 13:00:00,357,14,46,864,0,6.8,-1.0,0.2,0,0,0,1,0,0,0,0,1
2023-12-31 16:00:00,113,17,39,802,0,6.8,-1.0,0.2,0,0,0,1,0,0,0,0,1
2023-12-31 11:00:00,198,12,36,697,0,6.8,-1.0,0.2,0,0,0,1,0,0,0,0,1
2023-12-31 17:00:00,59,18,15,735,0,6.8,-1.0,0.2,0,0,0,1,0,0,0,0,1
2023-12-31 10:00:00,163,11,15,510,0,6.8,-1.0,0.2,0,0,0,1,0,0,0,0,1
2023-12-31 02:00:00,18,3,1,187,0,6.8,-1.0,0.2,0,0,0,1,0,0,0,0,1
2023-12-31 01:00:00,9,2,1,165,0,6.8,-1.0,0.2,0,0,0,1,0,0,0,0,1
2023-12-31 19:00:00,61,20,8,700,0,6.8,-1.0,0.2,0,0,0,1,0,0,0,0,1
2023-12-31 20:00:00,63,21,8,572,0,6.8,-1.0,0.2,0,0,0,1,0,0,0,0,1
2023-12-31 23:00:00,43,0,8,326,0,6.8,-1.0,0.2,0,0,0,1,0,0,0,0,1
2023-12-31 04:00:00,9,5,1,67,0,6.8,-1.0,0.2,0,0,0,1,0,0,0,0,1
2023-12-31 21:00:00,78,22,7,484,0,6.8,-1.0,0.2,0,0,0,1,0,0,0,0,1
2023-12-31 08:00:00,102,9,4,195,0,6.8,-1.0,0.2,0,0,0,1,0,0,0,0,1
2023-12-31 22:00:00,58,23,3,416,0,6.8,-1.0,0.2,0,0,0,1,0,0,0,0,1
2023-12-31 07:00:00,24,8,3,177,0,6.8,-1.0,0.2,0,0,0,1,0,0,0,0,1
2023-12-31 03:00:00,17,4,2,146,0,6.8,-1.0,0.2,0,0,0,1,0,0,0,0,1
2024-01-01 15:00:00,157,16,25,490,1,7.4,5.5,9.6,0,1,0,0,0,0,0,0,1
2024-01-01 16:00:00,86,17,24,477,1,7.4,5.5,9.6,0,1,0,0,0,0,0,0,1
2024-01-01 14:00:00,114,15,16,535,1,7.4,5.5,9.6,0,1,0,0,0,0,0,0,1
2024-01-01 11:00:00,97,12,12,288,1,7.4,5.5,9.6,0,1,0,0,0,0,0,0,1
2024-01-01 01:00:00,77,2,11,379,1,7.4,5.5,9.6,0,1,0,0,0,0,0,0,1
2024-01-01 19:00:00,32,20,8,446,1,7.4,5.5,9.6,0,1,0,0,0,0,0,0,1
2024-01-01 13:00:00,132,14,7,462,1,7.4,5.5,9.6,0,1,0,0,0,0,0,0,1
2024-01-01 10:00:00,80,11,7,191,1,7.4,5.5,9.6,0,1,0,0,0,0,0,0,1
2024-01-01 02:00:00,55,3,6,448,1,7.4,5.5,9.6,0,1,0,0,0,0,0,0,1
2024-01-01 17:00:00,40,18,5,516,1,7.4,5.5,9.6,0,1,0,0,0,0,0,0,1
2024-01-01 12:00:00,134,13,5,433,1,7.4,5.5,9.6,0,1,0,0,0,0,0,0,1
2024-01-01 20:00:00,38,21,1,343,1,7.4,5.5,9.6,0,1,0,0,0,0,0,0,1
2024-01-01 08:00:00,29,9,1,115,1,7.4,5.5,9.6,0,1,0,0,0,0,0,0,1
2024-01-01 05:00:00,16,6,1,112,1,7.4,5.5,9.6,0,1,0,0,0,0,0,0,1
2024-01-02 18:00:00,52,19,17,634,1,7.3,5.5,6.4,0,0,0,0,0,1,0,0,1
2024-01-01 00:00:00,53,1,4,409,1,7.4,5.5,9.6,0,1,0,0,0,0,0,0,1
2024-01-01 04:00:00,42,5,4,155,1,7.4,5.5,9.6,0,1,0,0,0,0,0,0,1
2024-01-01 07:00:00,21,8,4,135,1,7.4,5.5,9.6,0,1,0,0,0,0,0,0,1
2024-01-01 09:00:00,67,10,4,111,1,7.4,5.5,9.6,0,1,0,0,0,0,0,0,1
2024-01-01 21:00:00,21,22,3,291,1,7.4,5.5,9.6,0,1,0,0,0,0,0,0,1
2024-01-01 23:00:00,18,0,3,215,1,7.4,5.5,9.6,0,1,0,0,0,0,0,0,1
2024-01-01 18:00:00,31,19,2,508,1,7.4,5.5,9.6,0,1,0,0,0,0,0,0,1
2024-01-01 03:00:00,47,4,2,320,1,7.4,5.5,9.6,0,1,0,0,0,0,0,0,1
2024-01-01 22:00:00,23,23,2,248,1,7.4,5.5,9.6,0,1,0,0,0,0,0,0,1
2024-01-01 06:00:00,30,7,2,116,1,7.4,5.5,9.6,0,1,0,0,0,0,0,0,1
2024-01-02 09:00:00,21,10,13,290,1,7.3,5.5,6.4,0,0,0,0,0,1,0,0,1
2024-01-02 10:00:00,148,11,11,464,1,7.3,5.5,6.4,0,0,0,0,0,1,0,0,1
2024-01-02 17:00:00,3,18,3,184,1,7.3,5.5,6.4,0,0,0,0,0,1,0,0,1
2024-01-02 00:00:00,9,1,3,134,1,7.3,5.5,6.4,0,0,0,0,0,1,0,0,1
2024-01-02 04:00:00,3,5,0,13,1,7.3,5.5,6.4,0,0,0,0,0,1,0,0,1
2024-01-02 03:00:00,1,4,0,12,1,7.3,5.5,6.4,0,0,0,0,0,1,0,0,1
2024-01-02 19:00:00,13,20,0,157,1,7.3,5.5,6.4,0,0,0,0,0,1,0,0,1
2024-01-02 08:00:00,2,9,0,152,1,7.3,5.5,6.4,0,0,0,0,0,1,0,0,1
2024-01-02 20:00:00,15,21,0,130,1,7.3,5.5,6.4,0,0,0,0,0,1,0,0,1
2024-01-02 07:00:00,3,8,0,122,1,7.3,5.5,6.4,0,0,0,0,0,1,0,0,1
2024-01-02 06:00:00,4,7,0,91,1,7.3,5.5,6.4,0,0,0,0,0,1,0,0,1
2024-01-02 21:00:00,0,22,0,85,1,7.3,5.5,6.4,0,0,0,0,0,1,0,0,1
2024-01-02 01:00:00,8,2,0,75,1,7.3,5.5,6.4,0,0,0,0,0,1,0,0,1
2024-01-03 14:00:00,393,15,86,982,0,7.3,5.7,9.3,0,0,0,0,0,0,1,0,1
2024-01-03 13:00:00,295,14,75,1105,0,7.3,5.7,9.3,0,0,0,0,0,0,1,0,1
2024-01-02 02:00:00,3,3,0,39,1,7.3,5.5,6.4,0,0,0,0,0,1,0,0,1
2024-01-02 14:00:00,17,15,74,713,1,7.3,5.5,6.4,0,0,0,0,0,1,0,0,1
2024-01-02 12:00:00,319,13,62,794,1,7.3,5.5,6.4,0,0,0,0,0,1,0,0,1
2024-01-02 13:00:00,384,14,59,874,1,7.3,5.5,6.4,0,0,0,0,0,1,0,0,1
2024-01-02 15:00:00,7,16,38,400,1,7.3,5.5,6.4,0,0,0,0,0,1,0,0,1
2024-01-02 11:00:00,191,12,25,572,1,7.3,5.5,6.4,0,0,0,0,0,1,0,0,1
2024-01-03 10:00:00,282,11,60,767,0,7.3,5.7,9.3,0,0,0,0,0,0,1,0,1
2024-01-03 09:00:00,152,10,49,630,0,7.3,5.7,9.3,0,0,0,0,0,0,1,0,1
2024-01-03 12:00:00,118,13,40,912,0,7.3,5.7,9.3,0,0,0,0,0,0,1,0,1
2024-01-03 16:00:00,42,17,38,671,0,7.3,5.7,9.3,0,0,0,0,0,0,1,0,1
2024-01-03 11:00:00,191,12,33,831,0,7.3,5.7,9.3,0,0,0,0,0,0,1,0,1
2024-01-03 15:00:00,242,16,33,822,0,7.3,5.7,9.3,0,0,0,0,0,0,1,0,1
2024-01-03 17:00:00,64,18,22,586,0,7.3,5.7,9.3,0,0,0,0,0,0,1,0,1
2024-01-02 16:00:00,2,17,1,140,1,7.3,5.5,6.4,0,0,0,0,0,1,0,0,1
2024-01-02 05:00:00,4,6,1,59,1,7.3,5.5,6.4,0,0,0,0,0,1,0,0,1
2024-01-02 23:00:00,2,0,1,46,1,7.3,5.5,6.4,0,0,0,0,0,1,0,0,1
2024-01-02 22:00:00,2,23,1,38,1,7.3,5.5,6.4,0,0,0,0,0,1,0,0,1
2024-01-03 08:00:00,144,9,18,680,0,7.3,5.7,9.3,0,0,0,0,0,0,1,0,1
2024-01-03 18:00:00,37,19,15,533,0,7.3,5.7,9.3,0,0,0,0,0,0,1,0,1
2024-01-04 08:00:00,133,9,15,797,0,6.4,6.0,9.3,0,0,0,0,1,0,0,0,1
2024-01-03 20:00:00,30,21,7,345,0,7.3,5.7,9.3,0,0,0,0,0,0,1,0,1
2024-01-03 19:00:00,51,20,4,450,0,7.3,5.7,9.3,0,0,0,0,0,0,1,0,1
2024-01-03 22:00:00,16,23,4,294,0,7.3,5.7,9.3,0,0,0,0,0,0,1,0,1
2024-01-03 06:00:00,23,7,4,185,0,7.3,5.7,9.3,0,0,0,0,0,0,1,0,1
2024-01-03 05:00:00,29,6,4,134,0,7.3,5.7,9.3,0,0,0,0,0,0,1,0,1
2024-01-03 07:00:00,31,8,3,376,0,7.3,5.7,9.3,0,0,0,0,0,0,1,0,1
2024-01-03 23:00:00,27,0,3,238,0,7.3,5.7,9.3,0,0,0,0,0,0,1,0,1
2024-01-04 12:00:00,348,13,14,1004,0,6.4,6.0,9.3,0,0,0,0,1,0,0,0,1
2024-01-03 02:00:00,3,3,0,45,0,7.3,5.7,9.3,0,0,0,0,0,0,1,0,1
2024-01-03 03:00:00,0,4,0,32,0,7.3,5.7,9.3,0,0,0,0,0,0,1,0,1
2024-01-03 00:00:00,4,1,0,25,0,7.3,5.7,9.3,0,0,0,0,0,0,1,0,1
2024-01-03 01:00:00,1,2,0,19,0,7.3,5.7,9.3,0,0,0,0,0,0,1,0,1
2024-01-03 04:00:00,8,5,2,45,0,7.3,5.7,9.3,0,0,0,0,0,0,1,0,1
2024-01-04 16:00:00,215,17,45,1086,0,6.4,6.0,9.3,0,0,0,0,1,0,0,0,1
2024-01-04 15:00:00,366,16,41,1156,0,6.4,6.0,9.3,0,0,0,0,1,0,0,0,1
2024-01-04 17:00:00,169,18,40,1094,0,6.4,6.0,9.3,0,0,0,0,1,0,0,0,1
2024-01-04 18:00:00,110,19,24,857,0,6.4,6.0,9.3,0,0,0,0,1,0,0,0,1
2024-01-04 09:00:00,193,10,21,704,0,6.4,6.0,9.3,0,0,0,0,1,0,0,0,1
2024-01-04 13:00:00,368,14,18,1120,0,6.4,6.0,9.3,0,0,0,0,1,0,0,0,1
2024-01-04 19:00:00,94,20,17,674,0,6.4,6.0,9.3,0,0,0,0,1,0,0,0,1
2024-01-04 11:00:00,211,12,16,889,0,6.4,6.0,9.3,0,0,0,0,1,0,0,0,1
2024-01-04 14:00:00,398,15,15,1110,0,6.4,6.0,9.3,0,0,0,0,1,0,0,0,1
2024-01-04 10:00:00,221,11,15,855,0,6.4,6.0,9.3,0,0,0,0,1,0,0,0,1
2024-01-05 14:00:00,210,15,119,1251,0,5.6,6.0,0.0,1,0,0,0,0,0,0,0,1
2024-01-05 15:00:00,181,16,94,1035,0,5.6,6.0,0.0,1,0,0,0,0,0,0,0,1
2024-01-05 16:00:00,210,17,82,1208,0,5.6,6.0,0.0,1,0,0,0,0,0,0,0,1
2024-01-05 17:00:00,194,18,47,1145,0,5.6,6.0,0.0,1,0,0,0,0,0,0,0,1
2024-01-05 12:00:00,250,13,35,1163,0,5.6,6.0,0.0,1,0,0,0,0,0,0,0,1
2024-01-05 13:00:00,269,14,32,982,0,5.6,6.0,0.0,1,0,0,0,0,0,0,0,1
2024-01-05 18:00:00,71,19,24,956,0,5.6,6.0,0.0,1,0,0,0,0,0,0,0,1
2024-01-05 11:00:00,256,12,22,1119,0,5.6,6.0,0.0,1,0,0,0,0,0,0,0,1
2024-01-05 10:00:00,234,11,15,933,0,5.6,6.0,0.0,1,0,0,0,0,0,0,0,1
2024-01-05 08:00:00,180,9,15,763,0,5.6,6.0,0.0,1,0,0,0,0,0,0,0,1
2024-01-05 19:00:00,100,20,12,799,0,5.6,6.0,0.0,1,0,0,0,0,0,0,0,1
2024-01-03 21:00:00,39,22,1,332,0,7.3,5.7,9.3,0,0,0,0,0,0,1,0,1
2024-01-04 07:00:00,56,8,9,438,0,6.4,6.0,9.3,0,0,0,0,1,0,0,0,1
2024-01-04 23:00:00,33,0,3,231,0,6.4,6.0,9.3,0,0,0,0,1,0,0,0,1
2024-01-04 22:00:00,22,23,3,190,0,6.4,6.0,9.3,0,0,0,0,1,0,0,0,1
2024-01-04 20:00:00,32,21,8,440,0,6.4,6.0,9.3,0,0,0,0,1,0,0,0,1
2024-01-04 21:00:00,77,22,8,405,0,6.4,6.0,9.3,0,0,0,0,1,0,0,0,1
2024-01-04 02:00:00,3,3,2,64,0,6.4,6.0,9.3,0,0,0,0,1,0,0,0,1
2024-01-04 05:00:00,12,6,0,123,0,6.4,6.0,9.3,0,0,0,0,1,0,0,0,1
2024-01-04 06:00:00,27,7,6,228,0,6.4,6.0,9.3,0,0,0,0,1,0,0,0,1
2024-01-04 04:00:00,11,5,2,44,0,6.4,6.0,9.3,0,0,0,0,1,0,0,0,1
2024-01-04 01:00:00,9,2,0,90,0,6.4,6.0,9.3,0,0,0,0,1,0,0,0,1
2024-01-04 03:00:00,3,4,0,46,0,6.4,6.0,9.3,0,0,0,0,1,0,0,0,1
2024-01-04 00:00:00,18,1,1,131,0,6.4,6.0,9.3,0,0,0,0,1,0,0,0,1
2024-01-05 05:00:00,1,6,0,2,0,5.6,6.0,0.0,1,0,0,0,0,0,0,0,1
2024-01-05 04:00:00,1,5,0,0,0,5.6,6.0,0.0,1,0,0,0,0,0,0,0,1
2024-01-06 15:00:00,771,16,88,906,0,2.5,0.2,0.0,0,0,1,0,0,0,0,0,1
2024-01-06 14:00:00,529,15,77,1143,0,2.5,0.2,0.0,0,0,1,0,0,0,0,0,1
2024-01-06 16:00:00,566,17,45,944,0,2.5,0.2,0.0,0,0,1,0,0,0,0,0,1
2024-01-06 11:00:00,368,12,43,765,0,2.5,0.2,0.0,0,0,1,0,0,0,0,0,1
2024-01-06 13:00:00,238,14,42,845,0,2.5,0.2,0.0,0,0,1,0,0,0,0,0,1
2024-01-06 17:00:00,375,18,27,1072,0,2.5,0.2,0.0,0,0,1,0,0,0,0,0,1
2024-01-06 10:00:00,189,11,21,655,0,2.5,0.2,0.0,0,0,1,0,0,0,0,0,1
2024-01-06 19:00:00,184,20,16,659,0,2.5,0.2,0.0,0,0,1,0,0,0,0,0,1
2024-01-06 12:00:00,379,13,15,839,0,2.5,0.2,0.0,0,0,1,0,0,0,0,0,1
2024-01-06 09:00:00,181,10,13,500,0,2.5,0.2,0.0,0,0,1,0,0,0,0,0,1
2024-01-06 20:00:00,68,21,10,535,0,2.5,0.2,0.0,0,0,1,0,0,0,0,0,1
2024-01-06 21:00:00,64,22,10,436,0,2.5,0.2,0.0,0,0,1,0,0,0,0,0,1
2024-01-05 07:00:00,64,8,9,426,0,5.6,6.0,0.0,1,0,0,0,0,0,0,0,1
2024-01-06 18:00:00,246,19,9,836,0,2.5,0.2,0.0,0,0,1,0,0,0,0,0,1
2024-01-05 09:00:00,189,10,7,732,0,5.6,6.0,0.0,1,0,0,0,0,0,0,0,1
2024-01-05 03:00:00,4,4,0,39,0,5.6,6.0,0.0,1,0,0,0,0,0,0,0,1
2024-01-06 01:00:00,5,2,0,53,0,2.5,0.2,0.0,0,0,1,0,0,0,0,0,1
2024-01-07 13:00:00,342,14,23,1055,0,2.9,0.1,0.0,0,0,0,1,0,0,0,0,1
2024-01-05 21:00:00,40,22,7,439,0,5.6,6.0,0.0,1,0,0,0,0,0,0,0,1
2024-01-07 17:00:00,89,18,22,595,0,2.9,0.1,0.0,0,0,0,1,0,0,0,0,1
2024-01-07 12:00:00,408,13,20,862,0,2.9,0.1,0.0,0,0,0,1,0,0,0,0,1
2024-01-07 16:00:00,102,17,18,941,0,2.9,0.1,0.0,0,0,0,1,0,0,0,0,1
2024-01-07 11:00:00,334,12,15,619,0,2.9,0.1,0.0,0,0,0,1,0,0,0,0,1
2024-01-07 18:00:00,83,19,14,662,0,2.9,0.1,0.0,0,0,0,1,0,0,0,0,1
2024-01-07 10:00:00,242,11,9,550,0,2.9,0.1,0.0,0,0,0,1,0,0,0,0,1
2024-01-07 15:00:00,133,16,8,1498,0,2.9,0.1,0.0,0,0,0,1,0,0,0,0,1
2024-01-07 21:00:00,27,22,7,399,0,2.9,0.1,0.0,0,0,0,1,0,0,0,0,1
2024-01-07 19:00:00,65,20,6,592,0,2.9,0.1,0.0,0,0,0,1,0,0,0,0,1
2024-01-07 20:00:00,47,21,6,470,0,2.9,0.1,0.0,0,0,0,1,0,0,0,0,1
2024-01-07 09:00:00,130,10,6,294,0,2.9,0.1,0.0,0,0,0,1,0,0,0,0,1
2024-01-05 20:00:00,74,21,4,565,0,5.6,6.0,0.0,1,0,0,0,0,0,0,0,1
2024-01-05 06:00:00,16,7,4,102,0,5.6,6.0,0.0,1,0,0,0,0,0,0,0,1
2024-01-05 02:00:00,10,3,2,80,0,5.6,6.0,0.0,1,0,0,0,0,0,0,0,1
2024-01-05 01:00:00,10,2,2,77,0,5.6,6.0,0.0,1,0,0,0,0,0,0,0,1
2024-01-05 22:00:00,8,23,1,371,0,5.6,6.0,0.0,1,0,0,0,0,0,0,0,1
2024-01-05 23:00:00,40,0,3,301,0,5.6,6.0,0.0,1,0,0,0,0,0,0,0,1
2024-01-06 04:00:00,3,5,2,18,0,2.5,0.2,0.0,0,0,1,0,0,0,0,0,1
2024-01-06 08:00:00,172,9,6,372,0,2.5,0.2,0.0,0,0,1,0,0,0,0,0,1
2024-01-06 02:00:00,5,3,0,33,0,2.5,0.2,0.0,0,0,1,0,0,0,0,0,1
2024-01-05 00:00:00,14,1,1,138,0,5.6,6.0,0.0,1,0,0,0,0,0,0,0,1
2024-01-06 06:00:00,10,7,0,28,0,2.5,0.2,0.0,0,0,1,0,0,0,0,0,1
2024-01-06 05:00:00,7,6,0,26,0,2.5,0.2,0.0,0,0,1,0,0,0,0,0,1
2024-01-06 07:00:00,20,8,1,173,0,2.5,0.2,0.0,0,0,1,0,0,0,0,0,1
2024-01-06 00:00:00,14,1,1,84,0,2.5,0.2,0.0,0,0,1,0,0,0,0,0,1
2024-01-06 23:00:00,49,0,0,220,0,2.5,0.2,0.0,0,0,1,0,0,0,0,0,1
2024-01-06 22:00:00,67,23,2,262,0,2.5,0.2,0.0,0,0,1,0,0,0,0,0,1
2024-01-06 03:00:00,7,4,2,31,0,2.5,0.2,0.0,0,0,1,0,0,0,0,0,1
2024-01-07 00:00:00,15,1,1,309,0,2.9,0.1,0.0,0,0,0,1,0,0,0,0,1
2024-01-07 03:00:00,10,4,1,119,0,2.9,0.1,0.0,0,0,0,1,0,0,0,0,1
2024-01-07 04:00:00,5,5,1,72,0,2.9,0.1,0.0,0,0,0,1,0,0,0,0,1
2024-01-08 23:00:00,34,0,1,201,0,3.9,-1.5,1.2,0,1,0,0,0,0,0,0,1
2024-01-08 08:00:00,312,9,39,1085,0,3.9,-1.5,1.2,0,1,0,0,0,0,0,0,1
2024-01-07 01:00:00,9,2,0,210,0,2.9,0.1,0.0,0,0,0,1,0,0,0,0,1
2024-01-07 07:00:00,26,8,0,153,0,2.9,0.1,0.0,0,0,0,1,0,0,0,0,1
2024-01-07 06:00:00,24,7,0,85,0,2.9,0.1,0.0,0,0,0,1,0,0,0,0,1
2024-01-08 09:00:00,344,10,34,916,0,3.9,-1.5,1.2,0,1,0,0,0,0,0,0,1
2024-01-08 03:00:00,7,4,0,42,0,3.9,-1.5,1.2,0,1,0,0,0,0,0,0,1
2024-01-08 18:00:00,136,19,31,935,0,3.9,-1.5,1.2,0,1,0,0,0,0,0,0,1
2024-01-08 00:00:00,21,1,1,142,0,3.9,-1.5,1.2,0,1,0,0,0,0,0,0,1
2024-01-08 04:00:00,12,5,0,40,0,3.9,-1.5,1.2,0,1,0,0,0,0,0,0,1
2024-01-08 15:00:00,565,16,29,1094,0,3.9,-1.5,1.2,0,1,0,0,0,0,0,0,1
2024-01-08 21:00:00,25,22,1,53,0,3.9,-1.5,1.2,0,1,0,0,0,0,0,0,1
2024-01-07 05:00:00,13,6,0,69,0,2.9,0.1,0.0,0,0,0,1,0,0,0,0,1
2024-01-08 19:00:00,100,20,27,609,0,3.9,-1.5,1.2,0,1,0,0,0,0,0,0,1
2024-01-08 05:00:00,21,6,5,138,0,3.9,-1.5,1.2,0,1,0,0,0,0,0,0,1
2024-01-08 17:00:00,196,18,48,1153,0,3.9,-1.5,1.2,0,1,0,0,0,0,0,0,1
2024-01-08 14:00:00,323,15,48,1151,0,3.9,-1.5,1.2,0,1,0,0,0,0,0,0,1
2024-01-08 13:00:00,424,14,48,1103,0,3.9,-1.5,1.2,0,1,0,0,0,0,0,0,1
2024-01-08 16:00:00,303,17,44,1222,0,3.9,-1.5,1.2,0,1,0,0,0,0,0,0,1
2024-01-08 12:00:00,418,13,26,1087,0,3.9,-1.5,1.2,0,1,0,0,0,0,0,0,1
2024-01-09 16:00:00,311,17,44,1430,0,6.0,5.5,0.0,0,0,0,0,0,1,0,0,1
2024-01-09 17:00:00,188,18,40,1340,0,6.0,5.5,0.0,0,0,0,0,0,1,0,0,1
2024-01-09 13:00:00,387,14,25,1033,0,6.0,5.5,0.0,0,0,0,0,0,1,0,0,1
2024-01-09 19:00:00,74,20,25,852,0,6.0,5.5,0.0,0,0,0,0,0,1,0,0,1
2024-01-09 08:00:00,273,9,20,1233,0,6.0,5.5,0.0,0,0,0,0,0,1,0,0,1
2024-01-08 11:00:00,385,12,21,1026,0,3.9,-1.5,1.2,0,1,0,0,0,0,0,0,1
2024-01-08 10:00:00,337,11,16,927,0,3.9,-1.5,1.2,0,1,0,0,0,0,0,0,1
2024-01-08 01:00:00,9,2,0,78,0,3.9,-1.5,1.2,0,1,0,0,0,0,0,0,1
2024-01-08 02:00:00,5,3,0,58,0,3.9,-1.5,1.2,0,1,0,0,0,0,0,0,1
2024-01-08 07:00:00,66,8,15,630,0,3.9,-1.5,1.2,0,1,0,0,0,0,0,0,1
2024-01-09 18:00:00,29,19,16,761,0,6.0,5.5,0.0,0,0,0,0,0,1,0,0,1
2024-01-09 20:00:00,76,21,16,625,0,6.0,5.5,0.0,0,0,0,0,0,1,0,0,1
2024-01-08 22:00:00,26,23,3,269,0,3.9,-1.5,1.2,0,1,0,0,0,0,0,0,1
2024-01-09 12:00:00,420,13,14,1096,0,6.0,5.5,0.0,0,0,0,0,0,1,0,0,1
2024-01-09 21:00:00,81,22,14,482,0,6.0,5.5,0.0,0,0,0,0,0,1,0,0,1
2024-01-07 23:00:00,41,0,4,212,0,2.9,0.1,0.0,0,0,0,1,0,0,0,0,1
2024-01-09 15:00:00,467,16,13,1304,0,6.0,5.5,0.0,0,0,0,0,0,1,0,0,1
2024-01-09 09:00:00,319,10,13,967,0,6.0,5.5,0.0,0,0,0,0,0,1,0,0,1
2024-01-08 06:00:00,33,7,9,258,0,3.9,-1.5,1.2,0,1,0,0,0,0,0,0,1
2024-01-08 20:00:00,49,21,9,215,0,3.9,-1.5,1.2,0,1,0,0,0,0,0,0,1
2024-01-07 14:00:00,127,15,3,1309,0,2.9,0.1,0.0,0,0,0,1,0,0,0,0,1
2024-01-07 08:00:00,81,9,3,169,0,2.9,0.1,0.0,0,0,0,1,0,0,0,0,1
2024-01-07 02:00:00,13,3,3,155,0,2.9,0.1,0.0,0,0,0,1,0,0,0,0,1
2024-01-09 07:00:00,73,8,11,513,0,6.0,5.5,0.0,0,0,0,0,0,1,0,0,1
2024-01-09 11:00:00,376,12,10,986,0,6.0,5.5,0.0,0,0,0,0,0,1,0,0,1
2024-01-07 22:00:00,29,23,2,267,0,2.9,0.1,0.0,0,0,0,1,0,0,0,0,1
2024-01-09 14:00:00,472,15,9,1134,0,6.0,5.5,0.0,0,0,0,0,0,1,0,0,1
2024-01-09 22:00:00,36,23,7,303,0,6.0,5.5,0.0,0,0,0,0,0,1,0,0,1
2024-01-10 01:00:00,9,2,1,82,0,4.5,1.1,0.0,0,0,0,0,0,0,1,0,1
2024-01-10 02:00:00,7,3,1,63,0,4.5,1.1,0.0,0,0,0,0,0,0,1,0,1
2024-01-10 04:00:00,6,5,1,47,0,4.5,1.1,0.0,0,0,0,0,0,0,1,0,1
2024-01-10 10:00:00,305,11,16,877,0,4.5,1.1,0.0,0,0,0,0,0,0,1,0,1
2024-01-10 03:00:00,6,4,0,40,0,4.5,1.1,0.0,0,0,0,0,0,0,1,0,1
2024-01-09 23:00:00,21,0,0,216,0,6.0,5.5,0.0,0,0,0,0,0,1,0,0,1
2024-01-10 19:00:00,147,20,15,662,0,4.5,1.1,0.0,0,0,0,0,0,0,1,0,1
2024-01-11 19:00:00,109,20,14,728,0,5.0,2.2,0.2,0,0,0,0,1,0,0,0,1
2024-01-10 20:00:00,124,21,15,543,0,4.5,1.1,0.0,0,0,0,0,0,0,1,0,1
2024-01-11 07:00:00,77,8,13,606,0,5.0,2.2,0.2,0,0,0,0,1,0,0,0,1
2024-01-10 09:00:00,288,10,14,988,0,4.5,1.1,0.0,0,0,0,0,0,0,1,0,1
2024-01-10 21:00:00,96,22,7,481,0,4.5,1.1,0.0,0,0,0,0,0,0,1,0,1
2024-01-10 05:00:00,17,6,6,144,0,4.5,1.1,0.0,0,0,0,0,0,0,1,0,1
2024-01-10 06:00:00,25,7,4,283,0,4.5,1.1,0.0,0,0,0,0,0,0,1,0,1
2024-01-10 00:00:00,15,1,4,128,0,4.5,1.1,0.0,0,0,0,0,0,0,1,0,1
2024-01-10 22:00:00,43,23,3,327,0,4.5,1.1,0.0,0,0,0,0,0,0,1,0,1
2024-01-10 23:00:00,25,0,1,201,0,4.5,1.1,0.0,0,0,0,0,0,0,1,0,1
2024-01-09 10:00:00,254,11,6,930,0,6.0,5.5,0.0,0,0,0,0,0,1,0,0,1
2024-01-09 06:00:00,31,7,6,296,0,6.0,5.5,0.0,0,0,0,0,0,1,0,0,1
2024-01-11 06:00:00,57,7,11,276,0,5.0,2.2,0.2,0,0,0,0,1,0,0,0,1
2024-01-11 20:00:00,168,21,6,619,0,5.0,2.2,0.2,0,0,0,0,1,0,0,0,1
2024-01-11 21:00:00,128,22,5,467,0,5.0,2.2,0.2,0,0,0,0,1,0,0,0,1
2024-01-09 02:00:00,8,3,0,54,0,6.0,5.5,0.0,0,0,0,0,0,1,0,0,1
2024-01-10 15:00:00,377,16,58,1283,0,4.5,1.1,0.0,0,0,0,0,0,0,1,0,1
2024-01-09 04:00:00,9,5,0,39,0,6.0,5.5,0.0,0,0,0,0,0,1,0,0,1
2024-01-10 16:00:00,334,17,55,1316,0,4.5,1.1,0.0,0,0,0,0,0,0,1,0,1
2024-01-10 17:00:00,173,18,43,1253,0,4.5,1.1,0.0,0,0,0,0,0,0,1,0,1
2024-01-09 03:00:00,3,4,0,36,0,6.0,5.5,0.0,0,0,0,0,0,1,0,0,1
2024-01-11 14:00:00,480,15,127,1109,0,5.0,2.2,0.2,0,0,0,0,1,0,0,0,1
2024-01-11 15:00:00,511,16,117,1207,0,5.0,2.2,0.2,0,0,0,0,1,0,0,0,1
2024-01-10 08:00:00,244,9,32,1394,0,4.5,1.1,0.0,0,0,0,0,0,0,1,0,1
2024-01-11 16:00:00,345,17,88,1325,0,5.0,2.2,0.2,0,0,0,0,1,0,0,0,1
2024-01-11 13:00:00,394,14,71,1013,0,5.0,2.2,0.2,0,0,0,0,1,0,0,0,1
2024-01-10 14:00:00,356,15,27,1086,0,4.5,1.1,0.0,0,0,0,0,0,0,1,0,1
2024-01-11 09:00:00,583,10,61,918,0,5.0,2.2,0.2,0,0,0,0,1,0,0,0,1
2024-01-11 17:00:00,227,18,38,1269,0,5.0,2.2,0.2,0,0,0,0,1,0,0,0,1
2024-01-10 12:00:00,311,13,26,1029,0,4.5,1.1,0.0,0,0,0,0,0,0,1,0,1
2024-01-10 18:00:00,95,19,25,950,0,4.5,1.1,0.0,0,0,0,0,0,0,1,0,1
2024-01-11 12:00:00,532,13,34,939,0,5.0,2.2,0.2,0,0,0,0,1,0,0,0,1
2024-01-11 08:00:00,626,9,27,1116,0,5.0,2.2,0.2,0,0,0,0,1,0,0,0,1
2024-01-11 11:00:00,412,12,26,924,0,5.0,2.2,0.2,0,0,0,0,1,0,0,0,1
2024-01-10 13:00:00,353,14,21,1046,0,4.5,1.1,0.0,0,0,0,0,0,0,1,0,1
2024-01-11 18:00:00,196,19,24,1043,0,5.0,2.2,0.2,0,0,0,0,1,0,0,0,1
2024-01-10 11:00:00,323,12,20,844,0,4.5,1.1,0.0,0,0,0,0,0,0,1,0,1
2024-01-10 07:00:00,61,8,18,630,0,4.5,1.1,0.0,0,0,0,0,0,0,1,0,1
2024-01-09 00:00:00,12,1,2,106,0,6.0,5.5,0.0,0,0,0,0,0,1,0,0,1
2024-01-09 01:00:00,6,2,2,80,0,6.0,5.5,0.0,0,0,0,0,0,1,0,0,1
2024-01-11 10:00:00,426,11,16,840,0,5.0,2.2,0.2,0,0,0,0,1,0,0,0,1
2024-01-09 05:00:00,12,6,1,151,0,6.0,5.5,0.0,0,0,0,0,0,1,0,0,1
2024-01-11 04:00:00,5,5,1,56,0,5.0,2.2,0.2,0,0,0,0,1,0,0,0,1
2024-01-13 09:00:00,280,10,7,624,0,3.7,5.5,0.0,0,0,1,0,0,0,0,0,1
2024-01-11 22:00:00,50,23,4,314,0,5.0,2.2,0.2,0,0,0,0,1,0,0,0,1
2024-01-12 00:00:00,29,1,1,159,0,5.8,5.5,0.0,1,0,0,0,0,0,0,0,1
2024-01-12 05:00:00,39,6,1,138,0,5.8,5.5,0.0,1,0,0,0,0,0,0,0,1
2024-01-12 23:00:00,4,0,1,128,0,5.8,5.5,0.0,1,0,0,0,0,0,0,0,1
2024-01-13 15:00:00,232,16,192,969,0,3.7,5.5,0.0,0,0,1,0,0,0,0,0,1
2024-01-13 14:00:00,182,15,156,1051,0,3.7,5.5,0.0,0,0,1,0,0,0,0,0,1
2024-01-13 13:00:00,434,14,79,1058,0,3.7,5.5,0.0,0,0,1,0,0,0,0,0,1
2024-01-13 12:00:00,400,13,61,1038,0,3.7,5.5,0.0,0,0,1,0,0,0,0,0,1
2024-01-13 11:00:00,408,12,47,960,0,3.7,5.5,0.0,0,0,1,0,0,0,0,0,1
2024-01-13 10:00:00,398,11,27,828,0,3.7,5.5,0.0,0,0,1,0,0,0,0,0,1
2024-01-13 17:00:00,55,18,18,538,0,3.7,5.5,0.0,0,0,1,0,0,0,0,0,1
2024-01-13 18:00:00,121,19,12,782,0,3.7,5.5,0.0,0,0,1,0,0,0,0,0,1
2024-01-13 19:00:00,124,20,6,565,0,3.7,5.5,0.0,0,0,1,0,0,0,0,0,1
2024-01-11 05:00:00,30,6,3,153,0,5.0,2.2,0.2,0,0,0,0,1,0,0,0,1
2024-01-11 01:00:00,12,2,3,87,0,5.0,2.2,0.2,0,0,0,0,1,0,0,0,1
2024-01-11 02:00:00,12,3,2,71,0,5.0,2.2,0.2,0,0,0,0,1,0,0,0,1
2024-01-11 23:00:00,30,0,1,216,0,5.0,2.2,0.2,0,0,0,0,1,0,0,0,1
2024-01-11 00:00:00,23,1,1,160,0,5.0,2.2,0.2,0,0,0,0,1,0,0,0,1
2024-01-13 20:00:00,85,21,6,513,0,3.7,5.5,0.0,0,0,1,0,0,0,0,0,1
2024-01-13 00:00:00,17,1,4,206,0,3.7,5.5,0.0,0,0,1,0,0,0,0,0,1
2024-01-13 01:00:00,18,2,4,162,0,3.7,5.5,0.0,0,0,1,0,0,0,0,0,1
2024-01-13 08:00:00,213,9,3,435,0,3.7,5.5,0.0,0,0,1,0,0,0,0,0,1
2024-01-13 03:00:00,14,4,3,92,0,3.7,5.5,0.0,0,0,1,0,0,0,0,0,1
2024-01-13 21:00:00,38,22,2,329,0,3.7,5.5,0.0,0,0,1,0,0,0,0,0,1
2024-01-13 07:00:00,37,8,2,236,0,3.7,5.5,0.0,0,0,1,0,0,0,0,0,1
2024-01-13 06:00:00,23,7,2,141,0,3.7,5.5,0.0,0,0,1,0,0,0,0,0,1
2024-01-12 18:00:00,174,19,9,1008,0,5.8,5.5,0.0,1,0,0,0,0,0,0,0,1
2024-01-12 06:00:00,61,7,9,253,0,5.8,5.5,0.0,1,0,0,0,0,0,0,0,1
2024-01-12 01:00:00,11,2,0,90,0,5.8,5.5,0.0,1,0,0,0,0,0,0,0,1
2024-01-11 03:00:00,3,4,0,60,0,5.0,2.2,0.2,0,0,0,0,1,0,0,0,1
2024-01-12 04:00:00,17,5,0,66,0,5.8,5.5,0.0,1,0,0,0,0,0,0,0,1
2024-01-12 15:00:00,319,16,95,1197,0,5.8,5.5,0.0,1,0,0,0,0,0,0,0,1
2024-01-12 02:00:00,7,3,0,56,0,5.8,5.5,0.0,1,0,0,0,0,0,0,0,1
2024-01-12 21:00:00,85,22,7,394,0,5.8,5.5,0.0,1,0,0,0,0,0,0,0,1
2024-01-12 16:00:00,192,17,93,1214,0,5.8,5.5,0.0,1,0,0,0,0,0,0,0,1
2024-01-12 14:00:00,512,15,65,1234,0,5.8,5.5,0.0,1,0,0,0,0,0,0,0,1
2024-01-12 03:00:00,11,4,0,48,0,5.8,5.5,0.0,1,0,0,0,0,0,0,0,1
2024-01-12 08:00:00,192,9,51,1176,0,5.8,5.5,0.0,1,0,0,0,0,0,0,0,1
2024-01-12 09:00:00,356,10,45,1009,0,5.8,5.5,0.0,1,0,0,0,0,0,0,0,1
2024-01-12 13:00:00,573,14,44,1231,0,5.8,5.5,0.0,1,0,0,0,0,0,0,0,1
2024-01-12 12:00:00,454,13,43,1099,0,5.8,5.5,0.0,1,0,0,0,0,0,0,0,1
2024-01-12 11:00:00,410,12,31,985,0,5.8,5.5,0.0,1,0,0,0,0,0,0,0,1
2024-01-12 10:00:00,451,11,31,956,0,5.8,5.5,0.0,1,0,0,0,0,0,0,0,1
2024-01-12 17:00:00,282,18,22,1342,0,5.8,5.5,0.0,1,0,0,0,0,0,0,0,1
2024-01-12 07:00:00,60,8,19,560,0,5.8,5.5,0.0,1,0,0,0,0,0,0,0,1
2024-01-12 19:00:00,218,20,14,793,0,5.8,5.5,0.0,1,0,0,0,0,0,0,0,1
2024-01-12 20:00:00,121,21,13,594,0,5.8,5.5,0.0,1,0,0,0,0,0,0,0,1
2024-01-15 21:00:00,83,22,5,475,0,1.2,5.5,0.0,0,1,0,0,0,0,0,0,1
2024-01-13 05:00:00,16,6,0,71,0,3.7,5.5,0.0,0,0,1,0,0,0,0,0,1
2024-01-13 04:00:00,9,5,0,68,0,3.7,5.5,0.0,0,0,1,0,0,0,0,0,1
2024-01-15 22:00:00,58,23,5,326,0,1.2,5.5,0.0,0,1,0,0,0,0,0,0,1
2024-01-13 23:00:00,17,0,0,53,0,3.7,5.5,0.0,0,0,1,0,0,0,0,0,1
2024-01-14 16:00:00,150,17,69,784,0,1.2,1.2,0.0,0,0,0,1,0,0,0,0,1
2024-01-14 14:00:00,222,15,62,843,0,1.2,1.2,0.0,0,0,0,1,0,0,0,0,1
2024-01-14 13:00:00,178,14,45,822,0,1.2,1.2,0.0,0,0,0,1,0,0,0,0,1
2024-01-14 15:00:00,208,16,45,488,0,1.2,1.2,0.0,0,0,0,1,0,0,0,0,1
2024-01-14 04:00:00,5,5,0,71,0,1.2,1.2,0.0,0,0,0,1,0,0,0,0,1
2024-01-15 08:00:00,332,9,21,1165,0,1.2,5.5,0.0,0,1,0,0,0,0,0,0,1
2024-01-15 11:00:00,337,12,19,801,0,1.2,5.5,0.0,0,1,0,0,0,0,0,0,1
2024-01-15 10:00:00,303,11,18,784,0,1.2,5.5,0.0,0,1,0,0,0,0,0,0,1
2024-01-14 08:00:00,51,9,1,206,0,1.2,1.2,0.0,0,0,0,1,0,0,0,0,1
2024-01-14 06:00:00,10,7,1,84,0,1.2,1.2,0.0,0,0,0,1,0,0,0,0,1
2024-01-14 00:00:00,15,1,1,50,0,1.2,1.2,0.0,0,0,0,1,0,0,0,0,1
2024-01-14 20:00:00,57,21,3,449,0,1.2,1.2,0.0,0,0,0,1,0,0,0,0,1
2024-01-14 07:00:00,25,8,3,129,0,1.2,1.2,0.0,0,0,0,1,0,0,0,0,1
2024-01-14 09:00:00,101,10,2,335,0,1.2,1.2,0.0,0,0,0,1,0,0,0,0,1
2024-01-14 22:00:00,32,23,2,261,0,1.2,1.2,0.0,0,0,0,1,0,0,0,0,1
2024-01-14 23:00:00,25,0,2,205,0,1.2,1.2,0.0,0,0,0,1,0,0,0,0,1
2024-01-14 03:00:00,2,4,2,15,0,1.2,1.2,0.0,0,0,0,1,0,0,0,0,1
2024-01-14 05:00:00,6,6,0,50,0,1.2,1.2,0.0,0,0,0,1,0,0,0,0,1
2024-01-15 20:00:00,93,21,10,595,0,1.2,5.5,0.0,0,1,0,0,0,0,0,0,1
2024-01-14 02:00:00,9,3,0,33,0,1.2,1.2,0.0,0,0,0,1,0,0,0,0,1
2024-01-14 01:00:00,9,2,0,27,0,1.2,1.2,0.0,0,0,0,1,0,0,0,0,1
2024-01-13 02:00:00,7,3,1,120,0,3.7,5.5,0.0,0,0,1,0,0,0,0,0,1
2024-01-14 17:00:00,85,18,19,743,0,1.2,1.2,0.0,0,0,0,1,0,0,0,0,1
2024-01-14 12:00:00,238,13,17,802,0,1.2,1.2,0.0,0,0,0,1,0,0,0,0,1
2024-01-15 18:00:00,109,19,8,561,0,1.2,5.5,0.0,0,1,0,0,0,0,0,0,1
2024-01-13 22:00:00,16,23,1,73,0,3.7,5.5,0.0,0,0,1,0,0,0,0,0,1
2024-01-15 17:00:00,242,18,44,1258,0,1.2,5.5,0.0,0,1,0,0,0,0,0,0,1
2024-01-15 15:00:00,393,16,38,1100,0,1.2,5.5,0.0,0,1,0,0,0,0,0,0,1
2024-01-14 18:00:00,71,19,13,656,0,1.2,1.2,0.0,0,0,0,1,0,0,0,0,1
2024-01-14 19:00:00,80,20,13,597,0,1.2,1.2,0.0,0,0,0,1,0,0,0,0,1
2024-01-13 16:00:00,57,17,1,22,0,3.7,5.5,0.0,0,0,1,0,0,0,0,0,1
2024-01-15 07:00:00,69,8,7,682,0,1.2,5.5,0.0,0,1,0,0,0,0,0,0,1
2024-01-15 16:00:00,386,17,31,1394,0,1.2,5.5,0.0,0,1,0,0,0,0,0,0,1
2024-01-15 13:00:00,283,14,31,869,0,1.2,5.5,0.0,0,1,0,0,0,0,0,0,1
2024-01-14 11:00:00,270,12,12,696,0,1.2,1.2,0.0,0,0,0,1,0,0,0,0,1
2024-01-15 12:00:00,327,13,25,837,0,1.2,5.5,0.0,0,1,0,0,0,0,0,0,1
2024-01-15 09:00:00,280,10,24,1008,0,1.2,5.5,0.0,0,1,0,0,0,0,0,0,1
2024-01-15 14:00:00,401,15,23,871,0,1.2,5.5,0.0,0,1,0,0,0,0,0,0,1
2024-01-15 06:00:00,14,7,6,325,0,1.2,5.5,0.0,0,1,0,0,0,0,0,0,1
2024-01-15 19:00:00,111,20,22,718,0,1.2,5.5,0.0,0,1,0,0,0,0,0,0,1
2024-01-14 10:00:00,178,11,9,570,0,1.2,1.2,0.0,0,0,0,1,0,0,0,0,1
2024-01-14 21:00:00,55,22,7,328,0,1.2,1.2,0.0,0,0,0,1,0,0,0,0,1
2024-01-15 03:00:00,4,4,0,46,0,1.2,5.5,0.0,0,1,0,0,0,0,0,0,1
2024-01-15 04:00:00,5,5,0,44,0,1.2,5.5,0.0,0,1,0,0,0,0,0,0,1
2024-01-16 15:00:00,147,16,74,1323,0,0.4,-1.4,0.9,0,0,0,0,0,1,0,0,1
2024-01-16 12:00:00,741,13,46,1010,0,0.4,-1.4,0.9,0,0,0,0,0,1,0,0,1
2024-01-16 14:00:00,315,15,42,1139,0,0.4,-1.4,0.9,0,0,0,0,0,1,0,0,1
2024-01-16 13:00:00,517,14,41,1153,0,0.4,-1.4,0.9,0,0,0,0,0,1,0,0,1
2024-01-16 16:00:00,436,17,25,1213,0,0.4,-1.4,0.9,0,0,0,0,0,1,0,0,1
2024-01-17 16:00:00,263,17,60,1235,0,1.7,-3.8,0.0,0,0,0,0,0,0,1,0,1
2024-01-17 17:00:00,289,18,27,1391,0,1.7,-3.8,0.0,0,0,0,0,0,0,1,0,1
2024-01-17 15:00:00,201,16,27,751,0,1.7,-3.8,0.0,0,0,0,0,0,0,1,0,1
2024-01-17 13:00:00,226,14,23,716,0,1.7,-3.8,0.0,0,0,0,0,0,0,1,0,1
2024-01-17 14:00:00,214,15,23,689,0,1.7,-3.8,0.0,0,0,0,0,0,0,1,0,1
2024-01-17 18:00:00,192,19,21,1029,0,1.7,-3.8,0.0,0,0,0,0,0,0,1,0,1
2024-01-17 08:00:00,575,9,18,1361,0,1.7,-3.8,0.0,0,0,0,0,0,0,1,0,1
2024-01-17 19:00:00,142,20,17,785,0,1.7,-3.8,0.0,0,0,0,0,0,0,1,0,1
2024-01-17 12:00:00,257,13,15,699,0,1.7,-3.8,0.0,0,0,0,0,0,0,1,0,1
2024-01-17 10:00:00,266,11,13,715,0,1.7,-3.8,0.0,0,0,0,0,0,0,1,0,1
2024-01-17 09:00:00,341,10,10,916,0,1.7,-3.8,0.0,0,0,0,0,0,0,1,0,1
2024-01-17 11:00:00,209,12,9,723,0,1.7,-3.8,0.0,0,0,0,0,0,0,1,0,1
2024-01-16 11:00:00,722,12,24,891,0,0.4,-1.4,0.9,0,0,0,0,0,1,0,0,1
2024-01-17 20:00:00,129,21,8,641,0,1.7,-3.8,0.0,0,0,0,0,0,0,1,0,1
2024-01-17 07:00:00,165,8,5,663,0,1.7,-3.8,0.0,0,0,0,0,0,0,1,0,1
2024-01-17 06:00:00,74,7,4,277,0,1.7,-3.8,0.0,0,0,0,0,0,0,1,0,1
2024-01-17 22:00:00,45,23,3,323,0,1.7,-3.8,0.0,0,0,0,0,0,0,1,0,1
2024-01-17 21:00:00,87,22,2,463,0,1.7,-3.8,0.0,0,0,0,0,0,0,1,0,1
2024-01-16 19:00:00,266,20,4,716,0,0.4,-1.4,0.9,0,0,0,0,0,1,0,0,1
2024-01-16 23:00:00,39,0,0,252,0,0.4,-1.4,0.9,0,0,0,0,0,1,0,0,1
2024-01-16 02:00:00,10,3,0,52,0,0.4,-1.4,0.9,0,0,0,0,0,1,0,0,1
2024-01-16 03:00:00,1,4,0,30,0,0.4,-1.4,0.9,0,0,0,0,0,1,0,0,1
2024-01-17 23:00:00,16,0,2,158,0,1.7,-3.8,0.0,0,0,0,0,0,0,1,0,1
2024-01-16 07:00:00,101,8,14,719,0,0.4,-1.4,0.9,0,0,0,0,0,1,0,0,1
2024-01-17 00:00:00,35,1,2,140,0,1.7,-3.8,0.0,0,0,0,0,0,0,1,0,1
2024-01-16 08:00:00,550,9,19,1290,0,0.4,-1.4,0.9,0,0,0,0,0,1,0,0,1
2024-01-16 21:00:00,87,22,3,303,0,0.4,-1.4,0.9,0,0,0,0,0,1,0,0,1
2024-01-16 05:00:00,28,6,3,152,0,0.4,-1.4,0.9,0,0,0,0,0,1,0,0,1
2024-01-16 04:00:00,6,5,3,44,0,0.4,-1.4,0.9,0,0,0,0,0,1,0,0,1
2024-01-16 22:00:00,28,23,2,329,0,0.4,-1.4,0.9,0,0,0,0,0,1,0,0,1
2024-01-16 01:00:00,7,2,2,89,0,0.4,-1.4,0.9,0,0,0,0,0,1,0,0,1
2024-01-16 00:00:00,23,1,1,162,0,0.4,-1.4,0.9,0,0,0,0,0,1,0,0,1
2024-01-16 10:00:00,627,11,19,928,0,0.4,-1.4,0.9,0,0,0,0,0,1,0,0,1
2024-01-17 05:00:00,36,6,1,135,0,1.7,-3.8,0.0,0,0,0,0,0,0,1,0,1
2024-01-16 17:00:00,610,18,13,1362,0,0.4,-1.4,0.9,0,0,0,0,0,1,0,0,1
2024-01-16 09:00:00,596,10,12,1052,0,0.4,-1.4,0.9,0,0,0,0,0,1,0,0,1
2024-01-16 18:00:00,327,19,6,987,0,0.4,-1.4,0.9,0,0,0,0,0,1,0,0,1
2024-01-16 20:00:00,224,21,6,564,0,0.4,-1.4,0.9,0,0,0,0,0,1,0,0,1
2024-01-16 06:00:00,50,7,6,283,0,0.4,-1.4,0.9,0,0,0,0,0,1,0,0,1
2024-01-15 00:00:00,18,1,1,161,0,1.2,5.5,0.0,0,1,0,0,0,0,0,0,1
2024-01-15 05:00:00,9,6,1,157,0,1.2,5.5,0.0,0,1,0,0,0,0,0,0,1
2024-01-15 01:00:00,9,2,1,89,0,1.2,5.5,0.0,0,1,0,0,0,0,0,0,1
2024-01-15 23:00:00,37,0,0,209,0,1.2,5.5,0.0,0,1,0,0,0,0,0,0,1
2024-01-15 02:00:00,6,3,0,53,0,1.2,5.5,0.0,0,1,0,0,0,0,0,0,1
2024-01-18 22:00:00,91,23,2,400,0,5.2,-3.2,0.0,0,0,0,0,1,0,0,0,1
2024-01-19 21:00:00,53,22,8,498,0,8.7,5.5,1.2,1,0,0,0,0,0,0,0,1
2024-01-19 05:00:00,47,6,2,168,0,8.7,5.5,1.2,1,0,0,0,0,0,0,0,1
2024-01-18 05:00:00,23,6,2,167,0,5.2,-3.2,0.0,0,0,0,0,1,0,0,0,1
2024-01-18 18:00:00,288,19,7,934,0,5.2,-3.2,0.0,0,0,0,0,1,0,0,0,1
2024-01-19 07:00:00,127,8,6,710,0,8.7,5.5,1.2,1,0,0,0,0,0,0,0,1
2024-01-19 22:00:00,13,23,5,400,0,8.7,5.5,1.2,1,0,0,0,0,0,0,0,1
2024-01-19 23:00:00,16,0,5,323,0,8.7,5.5,1.2,1,0,0,0,0,0,0,0,1
2024-01-19 06:00:00,58,7,4,267,0,8.7,5.5,1.2,1,0,0,0,0,0,0,0,1
2024-01-19 00:00:00,30,1,4,145,0,8.7,5.5,1.2,1,0,0,0,0,0,0,0,1
2024-01-19 02:00:00,14,3,2,77,0,8.7,5.5,1.2,1,0,0,0,0,0,0,0,1
2024-01-17 01:00:00,14,2,0,90,0,1.7,-3.8,0.0,0,0,0,0,0,0,1,0,1
2024-01-17 02:00:00,7,3,0,77,0,1.7,-3.8,0.0,0,0,0,0,0,0,1,0,1
2024-01-17 04:00:00,7,5,0,51,0,1.7,-3.8,0.0,0,0,0,0,0,0,1,0,1
2024-01-17 03:00:00,5,4,0,32,0,1.7,-3.8,0.0,0,0,0,0,0,0,1,0,1
2024-01-18 02:00:00,12,3,2,88,0,5.2,-3.2,0.0,0,0,0,0,1,0,0,0,1
2024-01-18 21:00:00,180,22,7,527,0,5.2,-3.2,0.0,0,0,0,0,1,0,0,0,1
2024-01-18 14:00:00,475,15,63,1120,0,5.2,-3.2,0.0,0,0,0,0,1,0,0,0,1
2024-01-18 06:00:00,50,7,7,283,0,5.2,-3.2,0.0,0,0,0,0,1,0,0,0,1
2024-01-18 16:00:00,693,17,40,1420,0,5.2,-3.2,0.0,0,0,0,0,1,0,0,0,1
2024-01-19 04:00:00,18,5,1,50,0,8.7,5.5,1.2,1,0,0,0,0,0,0,0,1
2024-01-19 01:00:00,14,2,0,103,0,8.7,5.5,1.2,1,0,0,0,0,0,0,0,1
2024-01-18 13:00:00,388,14,34,1099,0,5.2,-3.2,0.0,0,0,0,0,1,0,0,0,1
2024-01-19 15:00:00,462,16,78,1364,0,8.7,5.5,1.2,1,0,0,0,0,0,0,0,1
2024-01-19 14:00:00,425,15,65,1358,0,8.7,5.5,1.2,1,0,0,0,0,0,0,0,1
2024-01-18 15:00:00,730,16,26,1262,0,5.2,-3.2,0.0,0,0,0,0,1,0,0,0,1
2024-01-18 08:00:00,439,9,25,1187,0,5.2,-3.2,0.0,0,0,0,0,1,0,0,0,1
2024-01-19 16:00:00,449,17,48,1359,0,8.7,5.5,1.2,1,0,0,0,0,0,0,0,1
2024-01-19 17:00:00,213,18,44,1314,0,8.7,5.5,1.2,1,0,0,0,0,0,0,0,1
2024-01-19 13:00:00,337,14,39,1194,0,8.7,5.5,1.2,1,0,0,0,0,0,0,0,1
2024-01-19 12:00:00,373,13,37,1138,0,8.7,5.5,1.2,1,0,0,0,0,0,0,0,1
2024-01-19 18:00:00,106,19,21,935,0,8.7,5.5,1.2,1,0,0,0,0,0,0,0,1
2024-01-19 11:00:00,354,12,20,1068,0,8.7,5.5,1.2,1,0,0,0,0,0,0,0,1
2024-01-19 19:00:00,64,20,19,788,0,8.7,5.5,1.2,1,0,0,0,0,0,0,0,1
2024-01-19 10:00:00,322,11,17,862,0,8.7,5.5,1.2,1,0,0,0,0,0,0,0,1
2024-01-19 09:00:00,548,10,14,1109,0,8.7,5.5,1.2,1,0,0,0,0,0,0,0,1
2024-01-19 08:00:00,489,9,11,1142,0,8.7,5.5,1.2,1,0,0,0,0,0,0,0,1
2024-01-19 20:00:00,67,21,10,666,0,8.7,5.5,1.2,1,0,0,0,0,0,0,0,1
2024-01-18 09:00:00,155,10,20,941,0,5.2,-3.2,0.0,0,0,0,0,1,0,0,0,1
2024-01-18 12:00:00,419,13,17,1005,0,5.2,-3.2,0.0,0,0,0,0,1,0,0,0,1
2024-01-18 10:00:00,224,11,15,835,0,5.2,-3.2,0.0,0,0,0,0,1,0,0,0,1
2024-01-18 17:00:00,325,18,12,1028,0,5.2,-3.2,0.0,0,0,0,0,1,0,0,0,1
2024-01-18 19:00:00,253,20,10,855,0,5.2,-3.2,0.0,0,0,0,0,1,0,0,0,1
2024-01-18 11:00:00,432,12,9,926,0,5.2,-3.2,0.0,0,0,0,0,1,0,0,0,1
2024-01-18 20:00:00,164,21,9,692,0,5.2,-3.2,0.0,0,0,0,0,1,0,0,0,1
2024-01-18 07:00:00,107,8,8,676,0,5.2,-3.2,0.0,0,0,0,0,1,0,0,0,1
2024-01-18 23:00:00,31,0,1,255,0,5.2,-3.2,0.0,0,0,0,0,1,0,0,0,1
2024-01-18 00:00:00,10,1,1,114,0,5.2,-3.2,0.0,0,0,0,0,1,0,0,0,1
2024-01-18 01:00:00,8,2,1,95,0,5.2,-3.2,0.0,0,0,0,0,1,0,0,0,1
2024-01-18 03:00:00,12,4,1,58,0,5.2,-3.2,0.0,0,0,0,0,1,0,0,0,1
2024-01-18 04:00:00,9,5,1,55,0,5.2,-3.2,0.0,0,0,0,0,1,0,0,0,1
2024-01-19 03:00:00,13,4,0,44,0,8.7,5.5,1.2,1,0,0,0,0,0,0,0,1
2024-01-20 17:00:00,153,18,37,915,0,11.6,5.5,1.0,0,0,1,0,0,0,0,0,1
2024-01-20 16:00:00,481,17,32,1010,0,11.6,5.5,1.0,0,0,1,0,0,0,0,0,1
2024-01-20 14:00:00,315,15,30,1280,0,11.6,5.5,1.0,0,0,1,0,0,0,0,0,1
2024-01-20 21:00:00,81,22,1,567,0,11.6,5.5,1.0,0,0,1,0,0,0,0,0,1
2024-01-21 20:00:00,41,21,3,446,0,6.2,5.5,10.0,0,0,0,1,0,0,0,0,1
2024-01-21 01:00:00,18,2,3,291,0,6.2,5.5,10.0,0,0,0,1,0,0,0,0,1
2024-01-21 13:00:00,322,14,40,1065,0,6.2,5.5,10.0,0,0,0,1,0,0,0,0,1
2024-01-21 14:00:00,183,15,37,894,0,6.2,5.5,10.0,0,0,0,1,0,0,0,0,1
2024-01-21 15:00:00,250,16,20,831,0,6.2,5.5,10.0,0,0,0,1,0,0,0,0,1
2024-01-21 17:00:00,76,18,18,702,0,6.2,5.5,10.0,0,0,0,1,0,0,0,0,1
2024-01-21 03:00:00,17,4,3,229,0,6.2,5.5,10.0,0,0,0,1,0,0,0,0,1
2024-01-20 02:00:00,12,3,1,123,0,11.6,5.5,1.0,0,0,1,0,0,0,0,0,1
2024-01-21 07:00:00,24,8,3,173,0,6.2,5.5,10.0,0,0,0,1,0,0,0,0,1
2024-01-20 05:00:00,9,6,1,114,0,11.6,5.5,1.0,0,0,1,0,0,0,0,0,1
2024-01-20 04:00:00,2,5,1,68,0,11.6,5.5,1.0,0,0,1,0,0,0,0,0,1
2024-01-21 23:00:00,7,0,2,149,0,6.2,5.5,10.0,0,0,0,1,0,0,0,0,1
2024-01-20 06:00:00,13,7,0,173,0,11.6,5.5,1.0,0,0,1,0,0,0,0,0,1
2024-01-20 12:00:00,335,13,26,1348,0,11.6,5.5,1.0,0,0,1,0,0,0,0,0,1
2024-01-20 18:00:00,105,19,20,938,0,11.6,5.5,1.0,0,0,1,0,0,0,0,0,1
2024-01-20 13:00:00,286,14,19,1405,0,11.6,5.5,1.0,0,0,1,0,0,0,0,0,1
2024-01-20 15:00:00,855,16,14,986,0,11.6,5.5,1.0,0,0,1,0,0,0,0,0,1
2024-01-20 20:00:00,80,21,14,663,0,11.6,5.5,1.0,0,0,1,0,0,0,0,0,1
2024-01-20 11:00:00,307,12,13,1198,0,11.6,5.5,1.0,0,0,1,0,0,0,0,0,1
2024-01-20 19:00:00,107,20,13,793,0,11.6,5.5,1.0,0,0,1,0,0,0,0,0,1
2024-01-20 10:00:00,238,11,9,1022,0,11.6,5.5,1.0,0,0,1,0,0,0,0,0,1
2024-01-20 08:00:00,93,9,9,490,0,11.6,5.5,1.0,0,0,1,0,0,0,0,0,1
2024-01-21 12:00:00,462,13,17,891,0,6.2,5.5,10.0,0,0,0,1,0,0,0,0,1
2024-01-20 09:00:00,164,10,6,824,0,11.6,5.5,1.0,0,0,1,0,0,0,0,0,1
2024-01-21 16:00:00,212,17,17,754,0,6.2,5.5,10.0,0,0,0,1,0,0,0,0,1
2024-01-20 22:00:00,40,23,5,500,0,11.6,5.5,1.0,0,0,1,0,0,0,0,0,1
2024-01-20 07:00:00,29,8,5,308,0,11.6,5.5,1.0,0,0,1,0,0,0,0,0,1
2024-01-21 11:00:00,340,12,13,750,0,6.2,5.5,10.0,0,0,0,1,0,0,0,0,1
2024-01-21 09:00:00,166,10,13,348,0,6.2,5.5,10.0,0,0,0,1,0,0,0,0,1
2024-01-21 10:00:00,229,11,12,605,0,6.2,5.5,10.0,0,0,0,1,0,0,0,0,1
2024-01-21 18:00:00,69,19,9,639,0,6.2,5.5,10.0,0,0,0,1,0,0,0,0,1
2024-01-21 08:00:00,114,9,6,219,0,6.2,5.5,10.0,0,0,0,1,0,0,0,0,1
2024-01-21 22:00:00,29,23,5,297,0,6.2,5.5,10.0,0,0,0,1,0,0,0,0,1
2024-01-21 00:00:00,17,1,5,295,0,6.2,5.5,10.0,0,0,0,1,0,0,0,0,1
2024-01-21 19:00:00,66,20,4,572,0,6.2,5.5,10.0,0,0,0,1,0,0,0,0,1
2024-01-21 21:00:00,52,22,4,380,0,6.2,5.5,10.0,0,0,0,1,0,0,0,0,1
2024-01-21 02:00:00,10,3,4,235,0,6.2,5.5,10.0,0,0,0,1,0,0,0,0,1
2024-01-21 04:00:00,11,5,4,67,0,6.2,5.5,10.0,0,0,0,1,0,0,0,0,1
2024-01-21 06:00:00,10,7,0,119,0,6.2,5.5,10.0,0,0,0,1,0,0,0,0,1
2024-01-21 05:00:00,8,6,0,85,0,6.2,5.5,10.0,0,0,0,1,0,0,0,0,1
2024-01-20 23:00:00,41,0,4,452,0,11.6,5.5,1.0,0,0,1,0,0,0,0,0,1
2024-01-20 00:00:00,21,1,3,221,0,11.6,5.5,1.0,0,0,1,0,0,0,0,0,1
2024-01-20 01:00:00,14,2,2,174,0,11.6,5.5,1.0,0,0,1,0,0,0,0,0,1
2024-01-20 03:00:00,7,4,2,121,0,11.6,5.5,1.0,0,0,1,0,0,0,0,0,1
2024-01-22 19:00:00,102,20,13,750,0,12.0,4.7,3.2,0,1,0,0,0,0,0,0,1
2024-01-22 07:00:00,68,8,13,674,0,12.0,4.7,3.2,0,1,0,0,0,0,0,0,1
2024-01-22 23:00:00,27,0,0,221,0,12.0,4.7,3.2,0,1,0,0,0,0,0,0,1
2024-01-23 11:00:00,303,12,45,1014,0,10.3,4.7,12.3,0,0,0,0,0,1,0,0,1
2024-01-22 05:00:00,12,6,0,135,0,12.0,4.7,3.2,0,1,0,0,0,0,0,0,1
2024-01-23 12:00:00,280,13,44,1154,0,10.3,4.7,12.3,0,0,0,0,0,1,0,0,1
2024-01-23 21:00:00,50,22,10,488,0,10.3,4.7,12.3,0,0,0,0,0,1,0,0,1
2024-01-23 09:00:00,377,10,36,1176,0,10.3,4.7,12.3,0,0,0,0,0,1,0,0,1
2024-01-23 08:00:00,241,9,34,1337,0,10.3,4.7,12.3,0,0,0,0,0,1,0,0,1
2024-01-23 13:00:00,476,14,33,1244,0,10.3,4.7,12.3,0,0,0,0,0,1,0,0,1
2024-01-23 16:00:00,932,17,30,1491,0,10.3,4.7,12.3,0,0,0,0,0,1,0,0,1
2024-01-23 15:00:00,1033,16,28,1262,0,10.3,4.7,12.3,0,0,0,0,0,1,0,0,1
2024-01-23 10:00:00,320,11,22,1046,0,10.3,4.7,12.3,0,0,0,0,0,1,0,0,1
2024-01-23 14:00:00,687,15,19,1215,0,10.3,4.7,12.3,0,0,0,0,0,1,0,0,1
2024-01-23 17:00:00,533,18,18,1489,0,10.3,4.7,12.3,0,0,0,0,0,1,0,0,1
2024-01-23 07:00:00,58,8,14,748,0,10.3,4.7,12.3,0,0,0,0,0,1,0,0,1
2024-01-22 20:00:00,68,21,8,583,0,12.0,4.7,3.2,0,1,0,0,0,0,0,0,1
2024-01-23 23:00:00,14,0,2,179,0,10.3,4.7,12.3,0,0,0,0,0,1,0,0,1
2024-01-22 22:00:00,33,23,3,313,0,12.0,4.7,3.2,0,1,0,0,0,0,0,0,1
2024-01-23 05:00:00,14,6,0,144,0,10.3,4.7,12.3,0,0,0,0,0,1,0,0,1
2024-01-23 00:00:00,8,1,0,128,0,10.3,4.7,12.3,0,0,0,0,0,1,0,0,1
2024-01-22 03:00:00,1,4,0,45,0,12.0,4.7,3.2,0,1,0,0,0,0,0,0,1
2024-01-22 00:00:00,8,1,2,113,0,12.0,4.7,3.2,0,1,0,0,0,0,0,0,1
2024-01-23 18:00:00,319,19,7,1089,0,10.3,4.7,12.3,0,0,0,0,0,1,0,0,1
2024-01-22 04:00:00,9,5,2,44,0,12.0,4.7,3.2,0,1,0,0,0,0,0,0,1
2024-01-22 02:00:00,2,3,1,60,0,12.0,4.7,3.2,0,1,0,0,0,0,0,0,1
2024-01-22 01:00:00,4,2,1,49,0,12.0,4.7,3.2,0,1,0,0,0,0,0,0,1
2024-01-23 04:00:00,15,5,0,69,0,10.3,4.7,12.3,0,0,0,0,0,1,0,0,1
2024-01-23 20:00:00,123,21,5,634,0,10.3,4.7,12.3,0,0,0,0,0,1,0,0,1
2024-01-23 22:00:00,27,23,5,375,0,10.3,4.7,12.3,0,0,0,0,0,1,0,0,1
2024-01-23 06:00:00,39,7,5,306,0,10.3,4.7,12.3,0,0,0,0,0,1,0,0,1
2024-01-22 21:00:00,62,22,5,453,0,12.0,4.7,3.2,0,1,0,0,0,0,0,0,1
2024-01-23 19:00:00,233,20,4,812,0,10.3,4.7,12.3,0,0,0,0,0,1,0,0,1
2024-01-23 02:00:00,6,3,0,38,0,10.3,4.7,12.3,0,0,0,0,0,1,0,0,1
2024-01-23 01:00:00,5,2,1,96,0,10.3,4.7,12.3,0,0,0,0,0,1,0,0,1
2024-01-22 06:00:00,21,7,4,262,0,12.0,4.7,3.2,0,1,0,0,0,0,0,0,1
2024-01-22 15:00:00,372,16,89,1201,0,12.0,4.7,3.2,0,1,0,0,0,0,0,0,1
2024-01-22 16:00:00,285,17,81,1317,0,12.0,4.7,3.2,0,1,0,0,0,0,0,0,1
2024-01-22 14:00:00,240,15,69,1026,0,12.0,4.7,3.2,0,1,0,0,0,0,0,0,1
2024-01-22 13:00:00,319,14,47,921,0,12.0,4.7,3.2,0,1,0,0,0,0,0,0,1
2024-01-22 11:00:00,335,12,44,980,0,12.0,4.7,3.2,0,1,0,0,0,0,0,0,1
2024-01-22 10:00:00,233,11,44,864,0,12.0,4.7,3.2,0,1,0,0,0,0,0,0,1
2024-01-22 08:00:00,385,9,35,1233,0,12.0,4.7,3.2,0,1,0,0,0,0,0,0,1
2024-01-22 17:00:00,161,18,34,1299,0,12.0,4.7,3.2,0,1,0,0,0,0,0,0,1
2024-01-22 12:00:00,406,13,32,988,0,12.0,4.7,3.2,0,1,0,0,0,0,0,0,1
2024-01-22 18:00:00,119,19,31,982,0,12.0,4.7,3.2,0,1,0,0,0,0,0,0,1
2024-01-22 09:00:00,197,10,21,915,0,12.0,4.7,3.2,0,1,0,0,0,0,0,0,1
2024-01-23 03:00:00,6,4,1,33,0,10.3,4.7,12.3,0,0,0,0,0,1,0,0,1
2024-01-25 10:00:00,270,11,8,1094,0,8.5,3.2,4.6,0,0,0,0,1,0,0,0,1
2024-01-25 20:00:00,86,21,8,713,0,8.5,3.2,4.6,0,0,0,0,1,0,0,0,1
2024-01-25 06:00:00,14,7,8,384,0,8.5,3.2,4.6,0,0,0,0,1,0,0,0,1
2024-01-25 21:00:00,92,22,6,562,0,8.5,3.2,4.6,0,0,0,0,1,0,0,0,1
2024-01-25 22:00:00,76,23,4,372,0,8.5,3.2,4.6,0,0,0,0,1,0,0,0,1
2024-01-24 20:00:00,44,21,5,351,0,10.7,5.5,0.0,0,0,0,0,0,0,1,0,1
2024-01-24 17:00:00,239,18,50,1454,0,10.7,5.5,0.0,0,0,0,0,0,0,1,0,1
2024-01-24 13:00:00,417,14,50,984,0,10.7,5.5,0.0,0,0,0,0,0,0,1,0,1
2024-01-24 14:00:00,611,15,49,1260,0,10.7,5.5,0.0,0,0,0,0,0,0,1,0,1
2024-01-24 16:00:00,838,17,33,1477,0,10.7,5.5,0.0,0,0,0,0,0,0,1,0,1
2024-01-24 15:00:00,772,16,32,1272,0,10.7,5.5,0.0,0,0,0,0,0,0,1,0,1
2024-01-24 18:00:00,138,19,31,1074,0,10.7,5.5,0.0,0,0,0,0,0,0,1,0,1
2024-01-24 12:00:00,330,13,27,1064,0,10.7,5.5,0.0,0,0,0,0,0,0,1,0,1
2024-01-24 09:00:00,275,10,24,1081,0,10.7,5.5,0.0,0,0,0,0,0,0,1,0,1
2024-01-24 10:00:00,298,11,22,818,0,10.7,5.5,0.0,0,0,0,0,0,0,1,0,1
2024-01-24 08:00:00,294,9,17,1327,0,10.7,5.5,0.0,0,0,0,0,0,0,1,0,1
2024-01-24 11:00:00,337,12,17,969,0,10.7,5.5,0.0,0,0,0,0,0,0,1,0,1
2024-01-24 19:00:00,122,20,15,849,0,10.7,5.5,0.0,0,0,0,0,0,0,1,0,1
2024-01-24 06:00:00,13,7,4,392,0,10.7,5.5,0.0,0,0,0,0,0,0,1,0,1
2024-01-24 07:00:00,63,8,6,745,0,10.7,5.5,0.0,0,0,0,0,0,0,1,0,1
2024-01-25 17:00:00,146,18,38,1545,0,8.5,3.2,4.6,0,0,0,0,1,0,0,0,1
2024-01-25 16:00:00,109,17,36,1684,0,8.5,3.2,4.6,0,0,0,0,1,0,0,0,1
2024-01-25 15:00:00,151,16,25,1506,0,8.5,3.2,4.6,0,0,0,0,1,0,0,0,1
2024-01-25 23:00:00,26,0,0,228,0,8.5,3.2,4.6,0,0,0,0,1,0,0,0,1
2024-01-25 09:00:00,286,10,22,1289,0,8.5,3.2,4.6,0,0,0,0,1,0,0,0,1
2024-01-25 00:00:00,8,1,0,212,0,8.5,3.2,4.6,0,0,0,0,1,0,0,0,1
2024-01-24 04:00:00,2,5,0,58,0,10.7,5.5,0.0,0,0,0,0,0,0,1,0,1
2024-01-25 11:00:00,303,12,21,1166,0,8.5,3.2,4.6,0,0,0,0,1,0,0,0,1
2024-01-24 02:00:00,3,3,0,55,0,10.7,5.5,0.0,0,0,0,0,0,0,1,0,1
2024-01-25 18:00:00,132,19,19,1176,0,8.5,3.2,4.6,0,0,0,0,1,0,0,0,1
2024-01-25 12:00:00,155,13,19,1101,0,8.5,3.2,4.6,0,0,0,0,1,0,0,0,1
2024-01-25 02:00:00,5,3,0,118,0,8.5,3.2,4.6,0,0,0,0,1,0,0,0,1
2024-01-25 04:00:00,3,5,2,81,0,8.5,3.2,4.6,0,0,0,0,1,0,0,0,1
2024-01-25 08:00:00,234,9,18,1587,0,8.5,3.2,4.6,0,0,0,0,1,0,0,0,1
2024-01-25 14:00:00,109,15,18,1344,0,8.5,3.2,4.6,0,0,0,0,1,0,0,0,1
2024-01-25 03:00:00,2,4,0,64,0,8.5,3.2,4.6,0,0,0,0,1,0,0,0,1
2024-01-24 21:00:00,52,22,0,37,0,10.7,5.5,0.0,0,0,0,0,0,0,1,0,1
2024-01-24 23:00:00,14,0,3,299,0,10.7,5.5,0.0,0,0,0,0,0,0,1,0,1
2024-01-25 05:00:00,11,6,1,196,0,8.5,3.2,4.6,0,0,0,0,1,0,0,0,1
2024-01-25 01:00:00,11,2,1,121,0,8.5,3.2,4.6,0,0,0,0,1,0,0,0,1
2024-01-24 22:00:00,16,23,2,437,0,10.7,5.5,0.0,0,0,0,0,0,0,1,0,1
2024-01-24 05:00:00,10,6,2,139,0,10.7,5.5,0.0,0,0,0,0,0,0,1,0,1
2024-01-25 19:00:00,114,20,14,873,0,8.5,3.2,4.6,0,0,0,0,1,0,0,0,1
2024-01-25 13:00:00,45,14,13,1119,0,8.5,3.2,4.6,0,0,0,0,1,0,0,0,1
2024-01-25 07:00:00,57,8,12,856,0,8.5,3.2,4.6,0,0,0,0,1,0,0,0,1
2024-01-24 03:00:00,5,4,2,40,0,10.7,5.5,0.0,0,0,0,0,0,0,1,0,1
2024-01-24 00:00:00,2,1,1,149,0,10.7,5.5,0.0,0,0,0,0,0,0,1,0,1
2024-01-24 01:00:00,0,2,1,80,0,10.7,5.5,0.0,0,0,0,0,0,0,1,0,1
2024-01-26 17:00:00,202,18,73,1512,0,9.7,5.5,0.0,1,0,0,0,0,0,0,0,1
2024-01-26 14:00:00,1323,15,52,1357,0,9.7,5.5,0.0,1,0,0,0,0,0,0,0,1
2024-01-26 16:00:00,870,17,48,1521,0,9.7,5.5,0.0,1,0,0,0,0,0,0,0,1
2024-01-26 15:00:00,1503,16,44,1432,0,9.7,5.5,0.0,1,0,0,0,0,0,0,0,1
2024-01-26 13:00:00,1464,14,36,1332,0,9.7,5.5,0.0,1,0,0,0,0,0,0,0,1
2024-01-26 18:00:00,110,19,36,1280,0,9.7,5.5,0.0,1,0,0,0,0,0,0,0,1
2024-01-26 11:00:00,883,12,33,1129,0,9.7,5.5,0.0,1,0,0,0,0,0,0,0,1
2024-01-26 09:00:00,396,10,32,1013,0,9.7,5.5,0.0,1,0,0,0,0,0,0,0,1
2024-01-26 12:00:00,1188,13,29,1244,0,9.7,5.5,0.0,1,0,0,0,0,0,0,0,1
2024-01-26 10:00:00,507,11,27,984,0,9.7,5.5,0.0,1,0,0,0,0,0,0,0,1
2024-01-26 19:00:00,103,20,24,1026,0,9.7,5.5,0.0,1,0,0,0,0,0,0,0,1
2024-01-26 08:00:00,743,9,22,1218,0,9.7,5.5,0.0,1,0,0,0,0,0,0,0,1
2024-01-26 20:00:00,119,21,21,770,0,9.7,5.5,0.0,1,0,0,0,0,0,0,0,1
2024-01-26 04:00:00,11,5,0,67,0,9.7,5.5,0.0,1,0,0,0,0,0,0,0,1
2024-01-26 03:00:00,4,4,0,63,0,9.7,5.5,0.0,1,0,0,0,0,0,0,0,1
2024-01-26 02:00:00,3,3,0,63,0,9.7,5.5,0.0,1,0,0,0,0,0,0,0,1
2024-01-27 00:00:00,32,1,5,321,0,11.3,5.5,0.0,0,0,1,0,0,0,0,0,1
2024-01-26 01:00:00,12,2,2,101,0,9.7,5.5,0.0,1,0,0,0,0,0,0,0,1
2024-01-27 09:00:00,273,10,17,723,0,11.3,5.5,0.0,0,0,1,0,0,0,0,0,1
2024-01-27 23:00:00,28,0,4,453,0,11.3,5.5,0.0,0,0,1,0,0,0,0,0,1
2024-01-27 06:00:00,21,7,4,148,0,11.3,5.5,0.0,0,0,1,0,0,0,0,0,1
2024-01-27 20:00:00,148,21,3,721,0,11.3,5.5,0.0,0,0,1,0,0,0,0,0,1
2024-01-27 21:00:00,116,22,3,632,0,11.3,5.5,0.0,0,0,1,0,0,0,0,0,1
2024-01-27 02:00:00,15,3,3,182,0,11.3,5.5,0.0,0,0,1,0,0,0,0,0,1
2024-01-27 05:00:00,25,6,2,110,0,11.3,5.5,0.0,0,0,1,0,0,0,0,0,1
2024-01-27 01:00:00,24,2,1,193,0,11.3,5.5,0.0,0,0,1,0,0,0,0,0,1
2024-01-27 03:00:00,7,4,1,142,0,11.3,5.5,0.0,0,0,1,0,0,0,0,0,1
2024-01-27 04:00:00,13,5,1,75,0,11.3,5.5,0.0,0,0,1,0,0,0,0,0,1
2024-01-28 13:00:00,307,14,35,1019,0,5.7,5.5,0.0,0,0,0,1,0,0,0,0,1
2024-01-27 11:00:00,524,12,16,1144,0,11.3,5.5,0.0,0,0,1,0,0,0,0,0,1
2024-01-27 08:00:00,155,9,15,468,0,11.3,5.5,0.0,0,0,1,0,0,0,0,0,1
2024-01-27 14:00:00,610,15,14,1237,0,11.3,5.5,0.0,0,0,1,0,0,0,0,0,1
2024-01-27 19:00:00,243,20,9,809,0,11.3,5.5,0.0,0,0,1,0,0,0,0,0,1
2024-01-27 07:00:00,25,8,9,300,0,11.3,5.5,0.0,0,0,1,0,0,0,0,0,1
2024-01-27 16:00:00,161,17,8,333,0,11.3,5.5,0.0,0,0,1,0,0,0,0,0,1
2024-01-27 22:00:00,75,23,5,587,0,11.3,5.5,0.0,0,0,1,0,0,0,0,0,1
2024-01-28 14:00:00,364,15,31,1010,0,5.7,5.5,0.0,0,0,0,1,0,0,0,0,1
2024-01-26 07:00:00,190,8,8,733,0,9.7,5.5,0.0,1,0,0,0,0,0,0,0,1
2024-01-26 21:00:00,89,22,8,652,0,9.7,5.5,0.0,1,0,0,0,0,0,0,0,1
2024-01-28 15:00:00,380,16,29,959,0,5.7,5.5,0.0,0,0,0,1,0,0,0,0,1
2024-01-28 17:00:00,174,18,25,1016,0,5.7,5.5,0.0,0,0,0,1,0,0,0,0,1
2024-01-28 16:00:00,382,17,16,958,0,5.7,5.5,0.0,0,0,0,1,0,0,0,0,1
2024-01-28 12:00:00,355,13,13,978,0,5.7,5.5,0.0,0,0,0,1,0,0,0,0,1
2024-01-28 21:00:00,93,22,13,445,0,5.7,5.5,0.0,0,0,0,1,0,0,0,0,1
2024-01-28 11:00:00,204,12,12,783,0,5.7,5.5,0.0,0,0,0,1,0,0,0,0,1
2024-01-26 05:00:00,44,6,1,157,0,9.7,5.5,0.0,1,0,0,0,0,0,0,0,1
2024-01-26 22:00:00,53,23,6,531,0,9.7,5.5,0.0,1,0,0,0,0,0,0,0,1
2024-01-26 06:00:00,61,7,5,286,0,9.7,5.5,0.0,1,0,0,0,0,0,0,0,1
2024-01-26 00:00:00,18,1,0,157,0,9.7,5.5,0.0,1,0,0,0,0,0,0,0,1
2024-01-26 23:00:00,29,0,3,432,0,9.7,5.5,0.0,1,0,0,0,0,0,0,0,1
2024-01-27 12:00:00,460,13,30,1290,0,11.3,5.5,0.0,0,0,1,0,0,0,0,0,1
2024-01-27 13:00:00,592,14,30,1242,0,11.3,5.5,0.0,0,0,1,0,0,0,0,0,1
2024-01-27 18:00:00,345,19,26,1004,0,11.3,5.5,0.0,0,0,1,0,0,0,0,0,1
2024-01-27 15:00:00,323,16,25,700,0,11.3,5.5,0.0,0,0,1,0,0,0,0,0,1
2024-01-27 10:00:00,287,11,22,825,0,11.3,5.5,0.0,0,0,1,0,0,0,0,0,1
2024-01-27 17:00:00,414,18,21,1250,0,11.3,5.5,0.0,0,0,1,0,0,0,0,0,1
2024-01-28 05:00:00,13,6,0,77,0,5.7,5.5,0.0,0,0,0,1,0,0,0,0,1
2024-01-29 17:00:00,145,18,42,1351,0,7.4,5.5,0.0,0,1,0,0,0,0,0,0,1
2024-01-29 16:00:00,439,17,34,1426,0,7.4,5.5,0.0,0,1,0,0,0,0,0,0,1
2024-01-29 18:00:00,133,19,30,1064,0,7.4,5.5,0.0,0,1,0,0,0,0,0,0,1
2024-01-28 10:00:00,231,11,12,641,0,5.7,5.5,0.0,0,0,0,1,0,0,0,0,1
2024-01-28 18:00:00,82,19,11,675,0,5.7,5.5,0.0,0,0,0,1,0,0,0,0,1
2024-01-28 20:00:00,116,21,10,610,0,5.7,5.5,0.0,0,0,0,1,0,0,0,0,1
2024-01-28 09:00:00,153,10,10,439,0,5.7,5.5,0.0,0,0,0,1,0,0,0,0,1
2024-01-28 19:00:00,112,20,9,662,0,5.7,5.5,0.0,0,0,0,1,0,0,0,0,1
2024-01-28 23:00:00,70,0,5,279,0,5.7,5.5,0.0,0,0,0,1,0,0,0,0,1
2024-01-28 00:00:00,14,1,4,421,0,5.7,5.5,0.0,0,0,0,1,0,0,0,0,1
2024-01-28 01:00:00,22,2,3,347,0,5.7,5.5,0.0,0,0,0,1,0,0,0,0,1
2024-01-28 07:00:00,24,8,3,221,0,5.7,5.5,0.0,0,0,0,1,0,0,0,0,1
2024-01-28 08:00:00,39,9,3,212,0,5.7,5.5,0.0,0,0,0,1,0,0,0,0,1
2024-01-30 07:00:00,91,8,12,767,0,8.7,5.5,0.0,0,0,0,0,0,1,0,0,1
2024-01-29 14:00:00,142,15,7,1436,0,7.4,5.5,0.0,0,1,0,0,0,0,0,0,1
2024-01-29 11:00:00,14,12,18,380,0,7.4,5.5,0.0,0,1,0,0,0,0,0,0,1
2024-01-28 22:00:00,73,23,2,355,0,5.7,5.5,0.0,0,0,0,1,0,0,0,0,1
2024-01-29 00:00:00,26,1,1,176,0,7.4,5.5,0.0,0,1,0,0,0,0,0,0,1
2024-01-28 02:00:00,17,3,2,242,0,5.7,5.5,0.0,0,0,0,1,0,0,0,0,1
2024-01-29 05:00:00,25,6,1,104,0,7.4,5.5,0.0,0,1,0,0,0,0,0,0,1
2024-01-29 08:00:00,493,9,17,1305,0,7.4,5.5,0.0,0,1,0,0,0,0,0,0,1
2024-01-28 06:00:00,28,7,2,137,0,5.7,5.5,0.0,0,0,0,1,0,0,0,0,1
2024-01-28 04:00:00,9,5,2,94,0,5.7,5.5,0.0,0,0,0,1,0,0,0,0,1
2024-01-30 15:00:00,302,16,76,1206,0,8.7,5.5,0.0,0,0,0,0,0,1,0,0,1
2024-01-30 14:00:00,383,15,66,1147,0,8.7,5.5,0.0,0,0,0,0,0,1,0,0,1
2024-01-30 17:00:00,229,18,57,1595,0,8.7,5.5,0.0,0,0,0,0,0,1,0,0,1
2024-01-30 08:00:00,185,9,42,1297,0,8.7,5.5,0.0,0,0,0,0,0,1,0,0,1
2024-01-30 13:00:00,441,14,35,962,0,8.7,5.5,0.0,0,0,0,0,0,1,0,0,1
2024-01-30 16:00:00,421,17,33,1386,0,8.7,5.5,0.0,0,0,0,0,0,1,0,0,1
2024-01-30 18:00:00,144,19,31,1154,0,8.7,5.5,0.0,0,0,0,0,0,1,0,0,1
2024-01-30 10:00:00,258,11,29,811,0,8.7,5.5,0.0,0,0,0,0,0,1,0,0,1
2024-01-30 11:00:00,372,12,28,962,0,8.7,5.5,0.0,0,0,0,0,0,1,0,0,1
2024-01-30 09:00:00,254,10,27,750,0,8.7,5.5,0.0,0,0,0,0,0,1,0,0,1
2024-01-30 12:00:00,497,13,25,991,0,8.7,5.5,0.0,0,0,0,0,0,1,0,0,1
2024-01-30 19:00:00,124,20,20,962,0,8.7,5.5,0.0,0,0,0,0,0,1,0,0,1
2024-01-29 22:00:00,26,23,4,350,0,7.4,5.5,0.0,0,1,0,0,0,0,0,0,1
2024-01-29 09:00:00,524,10,14,1088,0,7.4,5.5,0.0,0,1,0,0,0,0,0,0,1
2024-01-29 20:00:00,96,21,14,683,0,7.4,5.5,0.0,0,1,0,0,0,0,0,0,1
2024-01-29 21:00:00,120,22,13,508,0,7.4,5.5,0.0,0,1,0,0,0,0,0,0,1
2024-01-29 15:00:00,278,16,12,1211,0,7.4,5.5,0.0,0,1,0,0,0,0,0,0,1
2024-01-29 10:00:00,372,11,12,938,0,7.4,5.5,0.0,0,1,0,0,0,0,0,0,1
2024-01-29 19:00:00,112,20,12,858,0,7.4,5.5,0.0,0,1,0,0,0,0,0,0,1
2024-01-29 06:00:00,57,7,12,313,0,7.4,5.5,0.0,0,1,0,0,0,0,0,0,1
2024-01-29 07:00:00,112,8,10,731,0,7.4,5.5,0.0,0,1,0,0,0,0,0,0,1
2024-01-29 12:00:00,138,13,10,601,0,7.4,5.5,0.0,0,1,0,0,0,0,0,0,1
2024-01-29 13:00:00,684,14,9,1142,0,7.4,5.5,0.0,0,1,0,0,0,0,0,0,1
2024-01-28 03:00:00,15,4,1,171,0,5.7,5.5,0.0,0,0,0,1,0,0,0,0,1
2024-01-29 23:00:00,14,0,0,259,0,7.4,5.5,0.0,0,1,0,0,0,0,0,0,1
2024-01-29 01:00:00,22,2,0,96,0,7.4,5.5,0.0,0,1,0,0,0,0,0,0,1
2024-01-29 02:00:00,23,3,0,60,0,7.4,5.5,0.0,0,1,0,0,0,0,0,0,1
2024-01-29 04:00:00,14,5,0,54,0,7.4,5.5,0.0,0,1,0,0,0,0,0,0,1
2024-01-29 03:00:00,6,4,0,49,0,7.4,5.5,0.0,0,1,0,0,0,0,0,0,1
2024-01-31 01:00:00,10,2,0,110,0,11.2,5.5,2.1,0,0,0,0,0,0,1,0,1
2024-01-31 02:00:00,8,3,0,77,0,11.2,5.5,2.1,0,0,0,0,0,0,1,0,1
2024-01-31 03:00:00,7,4,0,41,0,11.2,5.5,2.1,0,0,0,0,0,0,1,0,1
2024-01-31 00:00:00,23,1,2,193,0,11.2,5.5,2.1,0,0,0,0,0,0,1,0,1
2024-01-31 05:00:00,39,6,2,142,0,11.2,5.5,2.1,0,0,0,0,0,0,1,0,1
2024-01-31 21:00:00,61,22,9,455,0,11.2,5.5,2.1,0,0,0,0,0,0,1,0,1
2024-01-31 04:00:00,13,5,2,52,0,11.2,5.5,2.1,0,0,0,0,0,0,1,0,1
2024-01-31 23:00:00,36,0,1,213,0,11.2,5.5,2.1,0,0,0,0,0,0,1,0,1
2024-01-31 16:00:00,369,17,94,1436,0,11.2,5.5,2.1,0,0,0,0,0,0,1,0,1
2024-01-31 17:00:00,165,18,45,1485,0,11.2,5.5,2.1,0,0,0,0,0,0,1,0,1
2024-01-31 14:00:00,686,15,40,1135,0,11.2,5.5,2.1,0,0,0,0,0,0,1,0,1
2024-01-31 15:00:00,674,16,38,1249,0,11.2,5.5,2.1,0,0,0,0,0,0,1,0,1
2024-01-31 12:00:00,561,13,37,1112,0,11.2,5.5,2.1,0,0,0,0,0,0,1,0,1
2024-01-31 06:00:00,71,7,8,297,0,11.2,5.5,2.1,0,0,0,0,0,0,1,0,1
2024-01-30 02:00:00,4,3,0,58,0,8.7,5.5,0.0,0,0,0,0,0,1,0,0,1
2024-01-30 01:00:00,0,2,0,54,0,8.7,5.5,0.0,0,0,0,0,0,1,0,0,1
2024-01-30 04:00:00,8,5,0,46,0,8.7,5.5,0.0,0,0,0,0,0,1,0,0,1
2024-01-30 03:00:00,5,4,0,43,0,8.7,5.5,0.0,0,0,0,0,0,1,0,0,1
2024-01-31 10:00:00,347,11,34,933,0,11.2,5.5,2.1,0,0,0,0,0,0,1,0,1
2024-01-31 08:00:00,485,9,27,1338,0,11.2,5.5,2.1,0,0,0,0,0,0,1,0,1
2024-01-31 13:00:00,630,14,26,1092,0,11.2,5.5,2.1,0,0,0,0,0,0,1,0,1
2024-01-31 18:00:00,139,19,22,1062,0,11.2,5.5,2.1,0,0,0,0,0,0,1,0,1
2024-01-31 11:00:00,482,12,22,983,0,11.2,5.5,2.1,0,0,0,0,0,0,1,0,1
2024-01-31 09:00:00,491,10,20,1102,0,11.2,5.5,2.1,0,0,0,0,0,0,1,0,1
2024-01-31 19:00:00,136,20,20,840,0,11.2,5.5,2.1,0,0,0,0,0,0,1,0,1
2024-01-31 22:00:00,48,23,3,441,0,11.2,5.5,2.1,0,0,0,0,0,0,1,0,1
2024-01-31 20:00:00,104,21,15,661,0,11.2,5.5,2.1,0,0,0,0,0,0,1,0,1
2024-01-31 07:00:00,102,8,13,743,0,11.2,5.5,2.1,0,0,0,0,0,0,1,0,1
2024-01-30 22:00:00,49,23,6,425,0,8.7,5.5,0.0,0,0,0,0,0,1,0,0,1
2024-01-30 21:00:00,34,22,5,322,0,8.7,5.5,0.0,0,0,0,0,0,1,0,0,1
2024-01-30 06:00:00,34,7,4,330,0,8.7,5.5,0.0,0,0,0,0,0,1,0,0,1
2024-01-30 05:00:00,18,6,3,151,0,8.7,5.5,0.0,0,0,0,0,0,1,0,0,1
2024-01-30 23:00:00,25,0,1,261,0,8.7,5.5,0.0,0,0,0,0,0,1,0,0,1
2024-01-30 20:00:00,11,21,1,210,0,8.7,5.5,0.0,0,0,0,0,0,1,0,0,1
2024-01-30 00:00:00,5,1,1,109,0,8.7,5.5,0.0,0,0,0,0,0,1,0,0,1
2023-11-02 04:00:00,15,5,2,66,0,12.7,3.2,0.3,0,0,0,0,1,0,0,0,1
2023-11-02 05:00:00,45,6,1,156,0,12.7,3.2,0.3,0,0,0,0,1,0,0,0,1
2023-11-02 20:00:00,0,21,1,152,0,12.7,3.2,0.3,0,0,0,0,1,0,0,0,1
2023-11-01 23:00:00,95,0,1,327,0,10.0,4.0,7.7,0,0,0,0,0,0,1,0,1
2023-11-02 00:00:00,36,1,0,155,0,12.7,3.2,0.3,0,0,0,0,1,0,0,0,1
2023-11-02 01:00:00,21,2,0,137,0,12.7,3.2,0.3,0,0,0,0,1,0,0,0,1
2023-11-02 02:00:00,21,3,0,93,0,12.7,3.2,0.3,0,0,0,0,1,0,0,0,1
2023-11-02 03:00:00,20,4,0,69,0,12.7,3.2,0.3,0,0,0,0,1,0,0,0,1
2023-11-01 15:00:00,384,16,50,1371,0,10.0,4.0,7.7,0,0,0,0,0,0,1,0,1
2023-11-01 14:00:00,164,15,41,1231,0,10.0,4.0,7.7,0,0,0,0,0,0,1,0,1
2023-11-01 12:00:00,268,13,33,1068,0,10.0,4.0,7.7,0,0,0,0,0,0,1,0,1
2023-11-01 13:00:00,145,14,30,1287,0,10.0,4.0,7.7,0,0,0,0,0,0,1,0,1
2023-11-01 08:00:00,451,9,27,1263,0,10.0,4.0,7.7,0,0,0,0,0,0,1,0,1
2023-11-01 16:00:00,367,17,26,1354,0,10.0,4.0,7.7,0,0,0,0,0,0,1,0,1
2023-11-01 10:00:00,279,11,20,1078,0,10.0,4.0,7.7,0,0,0,0,0,0,1,0,1
2023-11-01 11:00:00,291,12,20,1036,0,10.0,4.0,7.7,0,0,0,0,0,0,1,0,1
2023-11-01 09:00:00,446,10,15,1240,0,10.0,4.0,7.7,0,0,0,0,0,0,1,0,1
2023-11-01 17:00:00,219,18,14,1631,0,10.0,4.0,7.7,0,0,0,0,0,0,1,0,1
2023-11-01 07:00:00,143,8,11,732,0,10.0,4.0,7.7,0,0,0,0,0,0,1,0,1
2023-11-01 19:00:00,41,20,8,350,0,10.0,4.0,7.7,0,0,0,0,0,0,1,0,1
2023-11-01 01:00:00,30,2,8,157,0,10.0,4.0,7.7,0,0,0,0,0,0,1,0,1
2023-11-01 02:00:00,24,3,6,153,0,10.0,4.0,7.7,0,0,0,0,0,0,1,0,1
2023-11-01 03:00:00,38,4,6,118,0,10.0,4.0,7.7,0,0,0,0,0,0,1,0,1
2023-11-01 18:00:00,107,19,4,700,0,10.0,4.0,7.7,0,0,0,0,0,0,1,0,1
2023-11-01 05:00:00,23,6,4,146,0,10.0,4.0,7.7,0,0,0,0,0,0,1,0,1
2023-11-01 20:00:00,148,21,3,654,0,10.0,4.0,7.7,0,0,0,0,0,0,1,0,1
2023-11-01 22:00:00,77,23,3,575,0,10.0,4.0,7.7,0,0,0,0,0,0,1,0,1
2023-11-01 06:00:00,27,7,3,285,0,10.0,4.0,7.7,0,0,0,0,0,0,1,0,1
2023-11-01 21:00:00,185,22,2,539,0,10.0,4.0,7.7,0,0,0,0,0,0,1,0,1
2023-11-01 00:00:00,36,1,2,275,0,10.0,4.0,7.7,0,0,0,0,0,0,1,0,1
2023-11-01 04:00:00,9,5,2,117,0,10.0,4.0,7.7,0,0,0,0,0,0,1,0,1
2023-11-02 15:00:00,1024,16,39,1430,0,12.7,3.2,0.3,0,0,0,0,1,0,0,0,1
2023-11-02 16:00:00,914,17,29,1660,0,12.7,3.2,0.3,0,0,0,0,1,0,0,0,1
2023-11-02 23:00:00,34,0,3,275,0,12.7,3.2,0.3,0,0,0,0,1,0,0,0,1
2023-11-02 19:00:00,4,20,3,152,0,12.7,3.2,0.3,0,0,0,0,1,0,0,0,1
2023-11-02 14:00:00,983,15,23,1314,0,12.7,3.2,0.3,0,0,0,0,1,0,0,0,1
2023-11-02 17:00:00,474,18,18,1588,0,12.7,3.2,0.3,0,0,0,0,1,0,0,0,1
2023-11-02 08:00:00,731,9,17,1229,0,12.7,3.2,0.3,0,0,0,0,1,0,0,0,1
2023-11-02 18:00:00,329,19,15,1228,0,12.7,3.2,0.3,0,0,0,0,1,0,0,0,1
2023-11-02 09:00:00,712,10,14,1207,0,12.7,3.2,0.3,0,0,0,0,1,0,0,0,1
2023-11-02 13:00:00,877,14,13,1287,0,12.7,3.2,0.3,0,0,0,0,1,0,0,0,1
2023-11-02 10:00:00,758,11,13,1038,0,12.7,3.2,0.3,0,0,0,0,1,0,0,0,1
2023-11-02 11:00:00,854,12,10,1155,0,12.7,3.2,0.3,0,0,0,0,1,0,0,0,1
2023-11-02 07:00:00,297,8,9,764,0,12.7,3.2,0.3,0,0,0,0,1,0,0,0,1
2023-11-02 22:00:00,51,23,9,409,0,12.7,3.2,0.3,0,0,0,0,1,0,0,0,1
2023-11-02 21:00:00,49,22,8,237,0,12.7,3.2,0.3,0,0,0,0,1,0,0,0,1
2023-11-02 12:00:00,825,13,7,1163,0,12.7,3.2,0.3,0,0,0,0,1,0,0,0,1
2023-11-02 06:00:00,65,7,7,323,0,12.7,3.2,0.3,0,0,0,0,1,0,0,0,1
2023-11-03 17:00:00,281,18,38,1487,0,11.2,7.3,1.4,1,0,0,0,0,0,0,0,1
2023-11-03 16:00:00,579,17,32,1750,0,11.2,7.3,1.4,1,0,0,0,0,0,0,0,1
2023-11-03 14:00:00,743,15,24,1515,0,11.2,7.3,1.4,1,0,0,0,0,0,0,0,1
2023-11-03 13:00:00,667,14,23,1595,0,11.2,7.3,1.4,1,0,0,0,0,0,0,0,1
2023-11-03 11:00:00,389,12,23,1299,0,11.2,7.3,1.4,1,0,0,0,0,0,0,0,1
2023-11-03 19:00:00,156,20,23,1017,0,11.2,7.3,1.4,1,0,0,0,0,0,0,0,1
2023-11-03 18:00:00,199,19,20,1266,0,11.2,7.3,1.4,1,0,0,0,0,0,0,0,1
2023-11-03 20:00:00,111,21,20,769,0,11.2,7.3,1.4,1,0,0,0,0,0,0,0,1
2023-11-03 12:00:00,465,13,18,1418,0,11.2,7.3,1.4,1,0,0,0,0,0,0,0,1
2023-11-03 10:00:00,353,11,18,1221,0,11.2,7.3,1.4,1,0,0,0,0,0,0,0,1
2023-11-03 08:00:00,463,9,17,1310,0,11.2,7.3,1.4,1,0,0,0,0,0,0,0,1
2023-11-03 09:00:00,460,10,16,1271,0,11.2,7.3,1.4,1,0,0,0,0,0,0,0,1
2023-11-03 15:00:00,811,16,12,1553,0,11.2,7.3,1.4,1,0,0,0,0,0,0,0,1
2023-11-03 07:00:00,145,8,11,708,0,11.2,7.3,1.4,1,0,0,0,0,0,0,0,1
2023-11-03 21:00:00,94,22,8,680,0,11.2,7.3,1.4,1,0,0,0,0,0,0,0,1
2023-11-03 23:00:00,40,0,1,451,0,11.2,7.3,1.4,1,0,0,0,0,0,0,0,1
2023-11-04 18:00:00,125,19,16,1042,0,10.6,5.5,0.6,0,0,1,0,0,0,0,0,1
2023-11-04 09:00:00,234,10,15,770,0,10.6,5.5,0.6,0,0,1,0,0,0,0,0,1
2023-11-03 01:00:00,9,2,1,119,0,11.2,7.3,1.4,1,0,0,0,0,0,0,0,1
2023-11-03 02:00:00,25,3,0,82,0,11.2,7.3,1.4,1,0,0,0,0,0,0,0,1
2023-11-03 04:00:00,7,5,0,71,0,11.2,7.3,1.4,1,0,0,0,0,0,0,0,1
2023-11-03 03:00:00,11,4,0,50,0,11.2,7.3,1.4,1,0,0,0,0,0,0,0,1
2023-11-04 19:00:00,80,20,8,687,0,10.6,5.5,0.6,0,0,1,0,0,0,0,0,1
2023-11-04 08:00:00,171,9,7,486,0,10.6,5.5,0.6,0,0,1,0,0,0,0,0,1
2023-11-04 07:00:00,78,8,6,314,0,10.6,5.5,0.6,0,0,1,0,0,0,0,0,1
2023-11-04 21:00:00,42,22,5,244,0,10.6,5.5,0.6,0,0,1,0,0,0,0,0,1
2023-11-04 16:00:00,359,17,89,1170,0,10.6,5.5,0.6,0,0,1,0,0,0,0,0,1
2023-11-04 11:00:00,420,12,46,1353,0,10.6,5.5,0.6,0,0,1,0,0,0,0,0,1
2023-11-04 15:00:00,256,16,44,620,0,10.6,5.5,0.6,0,0,1,0,0,0,0,0,1
2023-11-04 12:00:00,540,13,37,1609,0,10.6,5.5,0.6,0,0,1,0,0,0,0,0,1
2023-11-04 17:00:00,177,18,36,1053,0,10.6,5.5,0.6,0,0,1,0,0,0,0,0,1
2023-11-04 14:00:00,555,15,33,1005,0,10.6,5.5,0.6,0,0,1,0,0,0,0,0,1
2023-11-04 13:00:00,671,14,27,1355,0,10.6,5.5,0.6,0,0,1,0,0,0,0,0,1
2023-11-04 10:00:00,410,11,21,1080,0,10.6,5.5,0.6,0,0,1,0,0,0,0,0,1
2023-11-04 00:00:00,17,1,3,255,0,10.6,5.5,0.6,0,0,1,0,0,0,0,0,1
2023-11-04 22:00:00,12,23,2,240,0,10.6,5.5,0.6,0,0,1,0,0,0,0,0,1
2023-11-04 06:00:00,18,7,2,155,0,10.6,5.5,0.6,0,0,1,0,0,0,0,0,1
2023-11-04 20:00:00,55,21,1,284,0,10.6,5.5,0.6,0,0,1,0,0,0,0,0,1
2023-11-04 23:00:00,29,0,1,182,0,10.6,5.5,0.6,0,0,1,0,0,0,0,0,1
2023-11-04 05:00:00,16,6,1,94,0,10.6,5.5,0.6,0,0,1,0,0,0,0,0,1
2023-11-04 04:00:00,7,5,1,78,0,10.6,5.5,0.6,0,0,1,0,0,0,0,0,1
2023-11-04 03:00:00,1,4,1,19,0,10.6,5.5,0.6,0,0,1,0,0,0,0,0,1
2023-11-04 01:00:00,0,2,0,21,0,10.6,5.5,0.6,0,0,1,0,0,0,0,0,1
2023-11-04 02:00:00,2,3,0,19,0,10.6,5.5,0.6,0,0,1,0,0,0,0,0,1
2023-11-05 12:00:00,430,13,62,1024,0,10.8,5.5,0.0,0,0,0,1,0,0,0,0,1
2023-11-05 14:00:00,362,15,49,863,0,10.8,5.5,0.0,0,0,0,1,0,0,0,0,1
2023-11-05 13:00:00,344,14,44,1028,0,10.8,5.5,0.0,0,0,0,1,0,0,0,0,1
2023-11-05 15:00:00,368,16,31,915,0,10.8,5.5,0.0,0,0,0,1,0,0,0,0,1
2023-11-05 16:00:00,322,17,27,1048,0,10.8,5.5,0.0,0,0,0,1,0,0,0,0,1
2023-11-05 11:00:00,367,12,24,880,0,10.8,5.5,0.0,0,0,0,1,0,0,0,0,1
2023-11-05 10:00:00,348,11,17,730,0,10.8,5.5,0.0,0,0,0,1,0,0,0,0,1
2023-11-05 18:00:00,100,19,12,674,0,10.8,5.5,0.0,0,0,0,1,0,0,0,0,1
2023-11-03 00:00:00,20,1,7,174,0,11.2,7.3,1.4,1,0,0,0,0,0,0,0,1
2023-11-03 22:00:00,59,23,5,638,0,11.2,7.3,1.4,1,0,0,0,0,0,0,0,1
2023-11-03 06:00:00,58,7,5,296,0,11.2,7.3,1.4,1,0,0,0,0,0,0,0,1
2023-11-03 05:00:00,60,6,2,173,0,11.2,7.3,1.4,1,0,0,0,0,0,0,0,1
2023-11-06 07:00:00,99,8,9,671,0,12.1,3.3,0.2,0,1,0,0,0,0,0,0,1
2023-11-05 19:00:00,45,20,12,597,0,10.8,5.5,0.0,0,0,0,1,0,0,0,0,1
2023-11-05 23:00:00,28,0,4,266,0,10.8,5.5,0.0,0,0,0,1,0,0,0,0,1
2023-11-06 20:00:00,172,21,8,609,0,12.1,3.3,0.2,0,1,0,0,0,0,0,0,1
2023-11-06 23:00:00,33,0,1,233,0,12.1,3.3,0.2,0,1,0,0,0,0,0,0,1
2023-11-06 22:00:00,43,23,7,340,0,12.1,3.3,0.2,0,1,0,0,0,0,0,0,1
2023-11-06 06:00:00,33,7,6,287,0,12.1,3.3,0.2,0,1,0,0,0,0,0,0,1
2023-11-06 05:00:00,15,6,2,127,0,12.1,3.3,0.2,0,1,0,0,0,0,0,0,1
2023-11-06 01:00:00,9,2,2,85,0,12.1,3.3,0.2,0,1,0,0,0,0,0,0,1
2023-11-06 04:00:00,2,5,0,9,0,12.1,3.3,0.2,0,1,0,0,0,0,0,0,1
2023-11-05 17:00:00,65,18,7,610,0,10.8,5.5,0.0,0,0,0,1,0,0,0,0,1
2023-11-05 20:00:00,53,21,6,551,0,10.8,5.5,0.0,0,0,0,1,0,0,0,0,1
2023-11-05 21:00:00,25,22,6,318,0,10.8,5.5,0.0,0,0,0,1,0,0,0,0,1
2023-11-05 01:00:00,19,2,0,355,0,10.8,5.5,0.0,0,0,0,1,0,0,0,0,1
2023-11-05 09:00:00,149,10,3,437,0,10.8,5.5,0.0,0,0,0,1,0,0,0,0,1
2023-11-05 22:00:00,56,23,3,356,0,10.8,5.5,0.0,0,0,0,1,0,0,0,0,1
2023-11-05 02:00:00,29,3,1,245,0,10.8,5.5,0.0,0,0,0,1,0,0,0,0,1
2023-11-05 03:00:00,17,4,1,215,0,10.8,5.5,0.0,0,0,0,1,0,0,0,0,1
2023-11-05 00:00:00,12,1,1,201,0,10.8,5.5,0.0,0,0,0,1,0,0,0,0,1
2023-11-05 08:00:00,22,9,1,46,0,10.8,5.5,0.0,0,0,0,1,0,0,0,0,1
2023-11-06 02:00:00,4,3,0,1,0,12.1,3.3,0.2,0,1,0,0,0,0,0,0,1
2023-11-05 04:00:00,20,5,0,110,0,10.8,5.5,0.0,0,0,0,1,0,0,0,0,1
2023-11-07 14:00:00,267,15,62,1032,0,10.1,5.6,2.2,0,0,0,0,0,1,0,0,1
2023-11-07 15:00:00,361,16,59,1229,0,10.1,5.6,2.2,0,0,0,0,0,1,0,0,1
2023-11-07 21:00:00,112,22,15,536,0,10.1,5.6,2.2,0,0,0,0,0,1,0,0,1
2023-11-07 08:00:00,686,9,12,1268,0,10.1,5.6,2.2,0,0,0,0,0,1,0,0,1
2023-11-07 06:00:00,35,7,9,306,0,10.1,5.6,2.2,0,0,0,0,0,1,0,0,1
2023-11-07 23:00:00,44,0,7,260,0,10.1,5.6,2.2,0,0,0,0,0,1,0,0,1
2023-11-06 16:00:00,399,17,54,1580,0,12.1,3.3,0.2,0,1,0,0,0,0,0,0,1
2023-11-06 03:00:00,3,4,1,4,0,12.1,3.3,0.2,0,1,0,0,0,0,0,0,1
2023-11-07 12:00:00,395,13,59,1087,0,10.1,5.6,2.2,0,0,0,0,0,1,0,0,1
2023-11-06 18:00:00,136,19,37,1113,0,12.1,3.3,0.2,0,1,0,0,0,0,0,0,1
2023-11-07 13:00:00,339,14,58,1135,0,10.1,5.6,2.2,0,0,0,0,0,1,0,0,1
2023-11-07 17:00:00,343,18,45,1587,0,10.1,5.6,2.2,0,0,0,0,0,1,0,0,1
2023-11-07 16:00:00,335,17,42,1730,0,10.1,5.6,2.2,0,0,0,0,0,1,0,0,1
2023-11-07 09:00:00,424,10,27,1069,0,10.1,5.6,2.2,0,0,0,0,0,1,0,0,1
2023-11-07 18:00:00,201,19,26,1127,0,10.1,5.6,2.2,0,0,0,0,0,1,0,0,1
2023-11-07 19:00:00,139,20,24,862,0,10.1,5.6,2.2,0,0,0,0,0,1,0,0,1
2023-11-07 07:00:00,194,8,18,752,0,10.1,5.6,2.2,0,0,0,0,0,1,0,0,1
2023-11-07 20:00:00,115,21,18,670,0,10.1,5.6,2.2,0,0,0,0,0,1,0,0,1
2023-11-06 09:00:00,325,10,36,843,0,12.1,3.3,0.2,0,1,0,0,0,0,0,0,1
2023-11-06 13:00:00,347,14,35,1031,0,12.1,3.3,0.2,0,1,0,0,0,0,0,0,1
2023-11-05 05:00:00,9,6,0,47,0,10.8,5.5,0.0,0,0,0,1,0,0,0,0,1
2023-11-06 15:00:00,530,16,32,1280,0,12.1,3.3,0.2,0,1,0,0,0,0,0,0,1
2023-11-06 08:00:00,258,9,30,986,0,12.1,3.3,0.2,0,1,0,0,0,0,0,0,1
2023-11-06 19:00:00,123,20,30,833,0,12.1,3.3,0.2,0,1,0,0,0,0,0,0,1
2023-11-06 00:00:00,26,1,0,159,0,12.1,3.3,0.2,0,1,0,0,0,0,0,0,1
2023-11-06 12:00:00,434,13,26,937,0,12.1,3.3,0.2,0,1,0,0,0,0,0,0,1
2023-11-06 14:00:00,429,15,25,1203,0,12.1,3.3,0.2,0,1,0,0,0,0,0,0,1
2023-11-06 11:00:00,456,12,22,922,0,12.1,3.3,0.2,0,1,0,0,0,0,0,0,1
2023-11-06 10:00:00,324,11,12,876,0,12.1,3.3,0.2,0,1,0,0,0,0,0,0,1
2023-11-06 21:00:00,137,22,12,543,0,12.1,3.3,0.2,0,1,0,0,0,0,0,0,1
2023-11-05 06:00:00,1,7,0,4,0,10.8,5.5,0.0,0,0,0,1,0,0,0,0,1
2023-11-05 07:00:00,13,8,0,3,0,10.8,5.5,0.0,0,0,0,1,0,0,0,0,1
2023-11-06 17:00:00,245,18,58,1670,0,12.1,3.3,0.2,0,1,0,0,0,0,0,0,1
2023-11-07 03:00:00,10,4,0,52,0,10.1,5.6,2.2,0,0,0,0,0,1,0,0,1
2023-11-08 08:00:00,572,9,24,1333,0,8.9,3.0,0.8,0,0,0,0,0,0,1,0,1
2023-11-08 00:00:00,5,1,1,99,0,8.9,3.0,0.8,0,0,0,0,0,0,1,0,1
2023-11-08 06:00:00,45,7,8,259,0,8.9,3.0,0.8,0,0,0,0,0,0,1,0,1
2023-11-09 15:00:00,629,16,69,1413,0,7.9,0.7,0.0,0,0,0,0,1,0,0,0,1
2023-11-08 07:00:00,170,8,6,716,0,8.9,3.0,0.8,0,0,0,0,0,0,1,0,1
2023-11-08 22:00:00,32,23,5,416,0,8.9,3.0,0.8,0,0,0,0,0,0,1,0,1
2023-11-08 23:00:00,34,0,5,266,0,8.9,3.0,0.8,0,0,0,0,0,0,1,0,1
2023-11-08 05:00:00,46,6,2,159,0,8.9,3.0,0.8,0,0,0,0,0,0,1,0,1
2023-11-07 22:00:00,54,23,4,404,0,10.1,5.6,2.2,0,0,0,0,0,1,0,0,1
2023-11-09 06:00:00,38,7,7,290,0,7.9,0.7,0.0,0,0,0,0,1,0,0,0,1
2023-11-09 02:00:00,37,3,5,118,0,7.9,0.7,0.0,0,0,0,0,1,0,0,0,1
2023-11-09 21:00:00,65,22,4,374,0,7.9,0.7,0.0,0,0,0,0,1,0,0,0,1
2023-11-09 05:00:00,26,6,4,140,0,7.9,0.7,0.0,0,0,0,0,1,0,0,0,1
2023-11-09 04:00:00,11,5,3,54,0,7.9,0.7,0.0,0,0,0,0,1,0,0,0,1
2023-11-09 14:00:00,482,15,69,1175,0,7.9,0.7,0.0,0,0,0,0,1,0,0,0,1
2023-11-09 13:00:00,615,14,60,1267,0,7.9,0.7,0.0,0,0,0,0,1,0,0,0,1
2023-11-09 10:00:00,270,11,54,941,0,7.9,0.7,0.0,0,0,0,0,1,0,0,0,1
2023-11-09 16:00:00,688,17,50,1524,0,7.9,0.7,0.0,0,0,0,0,1,0,0,0,1
2023-11-09 22:00:00,15,23,3,0,0,7.9,0.7,0.0,0,0,0,0,1,0,0,0,1
2023-11-08 16:00:00,286,17,55,1605,0,8.9,3.0,0.8,0,0,0,0,0,0,1,0,1
2023-11-08 14:00:00,223,15,47,815,0,8.9,3.0,0.8,0,0,0,0,0,0,1,0,1
2023-11-08 17:00:00,344,18,43,1450,0,8.9,3.0,0.8,0,0,0,0,0,0,1,0,1
2023-11-08 13:00:00,326,14,41,963,0,8.9,3.0,0.8,0,0,0,0,0,0,1,0,1
2023-11-08 09:00:00,319,10,37,1178,0,8.9,3.0,0.8,0,0,0,0,0,0,1,0,1
2023-11-08 12:00:00,450,13,36,1061,0,8.9,3.0,0.8,0,0,0,0,0,0,1,0,1
2023-11-08 11:00:00,535,12,34,920,0,8.9,3.0,0.8,0,0,0,0,0,0,1,0,1
2023-11-08 15:00:00,371,16,31,1396,0,8.9,3.0,0.8,0,0,0,0,0,0,1,0,1
2023-11-08 18:00:00,176,19,30,1183,0,8.9,3.0,0.8,0,0,0,0,0,0,1,0,1
2023-11-08 19:00:00,117,20,25,882,0,8.9,3.0,0.8,0,0,0,0,0,0,1,0,1
2023-11-09 09:00:00,265,10,49,925,0,7.9,0.7,0.0,0,0,0,0,1,0,0,0,1
2023-11-09 18:00:00,307,19,35,1262,0,7.9,0.7,0.0,0,0,0,0,1,0,0,0,1
2023-11-07 10:00:00,133,11,3,428,0,10.1,5.6,2.2,0,0,0,0,0,1,0,0,1
2023-11-09 08:00:00,240,9,32,1269,0,7.9,0.7,0.0,0,0,0,0,1,0,0,0,1
2023-11-08 20:00:00,131,21,17,672,0,8.9,3.0,0.8,0,0,0,0,0,0,1,0,1
2023-11-09 00:00:00,15,1,2,182,0,7.9,0.7,0.0,0,0,0,0,1,0,0,0,1
2023-11-09 17:00:00,388,18,26,1634,0,7.9,0.7,0.0,0,0,0,0,1,0,0,0,1
2023-11-08 01:00:00,3,2,0,72,0,8.9,3.0,0.8,0,0,0,0,0,0,1,0,1
2023-11-08 02:00:00,8,3,0,67,0,8.9,3.0,0.8,0,0,0,0,0,0,1,0,1
2023-11-08 04:00:00,16,5,0,63,0,8.9,3.0,0.8,0,0,0,0,0,0,1,0,1
2023-11-08 03:00:00,9,4,0,43,0,8.9,3.0,0.8,0,0,0,0,0,0,1,0,1
2023-11-07 05:00:00,23,6,2,139,0,10.1,5.6,2.2,0,0,0,0,0,1,0,0,1
2023-11-09 01:00:00,9,2,2,135,0,7.9,0.7,0.0,0,0,0,0,1,0,0,0,1
2023-11-08 10:00:00,541,11,14,1096,0,8.9,3.0,0.8,0,0,0,0,0,0,1,0,1
2023-11-08 21:00:00,110,22,13,514,0,8.9,3.0,0.8,0,0,0,0,0,0,1,0,1
2023-11-09 11:00:00,234,12,18,989,0,7.9,0.7,0.0,0,0,0,0,1,0,0,0,1
2023-11-07 00:00:00,13,1,1,95,0,10.1,5.6,2.2,0,0,0,0,0,1,0,0,1
2023-11-09 12:00:00,362,13,17,1056,0,7.9,0.7,0.0,0,0,0,0,1,0,0,0,1
2023-11-07 01:00:00,8,2,1,65,0,10.1,5.6,2.2,0,0,0,0,0,1,0,0,1
2023-11-07 04:00:00,13,5,1,50,0,10.1,5.6,2.2,0,0,0,0,0,1,0,0,1
2023-11-07 02:00:00,18,3,1,45,0,10.1,5.6,2.2,0,0,0,0,0,1,0,0,1
2023-11-09 19:00:00,106,20,14,807,0,7.9,0.7,0.0,0,0,0,0,1,0,0,0,1
2023-11-09 03:00:00,8,4,1,63,0,7.9,0.7,0.0,0,0,0,0,1,0,0,0,1
2023-11-09 07:00:00,164,8,13,701,0,7.9,0.7,0.0,0,0,0,0,1,0,0,0,1
2023-11-09 20:00:00,75,21,11,696,0,7.9,0.7,0.0,0,0,0,0,1,0,0,0,1
2023-11-07 11:00:00,100,12,0,414,0,10.1,5.6,2.2,0,0,0,0,0,1,0,0,1
2023-11-09 23:00:00,16,0,0,124,0,7.9,0.7,0.0,0,0,0,0,1,0,0,0,1
2023-11-11 23:00:00,50,0,4,470,0,9.0,0.5,0.0,0,0,1,0,0,0,0,0,1
2023-11-11 02:00:00,13,3,4,199,0,9.0,0.5,0.0,0,0,1,0,0,0,0,0,1
2023-11-10 09:00:00,326,10,13,909,0,9.6,-1.6,0.2,1,0,0,0,0,0,0,0,1
2023-11-10 10:00:00,419,11,11,1041,0,9.6,-1.6,0.2,1,0,0,0,0,0,0,0,1
2023-11-10 21:00:00,81,22,9,603,0,9.6,-1.6,0.2,1,0,0,0,0,0,0,0,1
2023-11-10 20:00:00,103,21,7,772,0,9.6,-1.6,0.2,1,0,0,0,0,0,0,0,1
2023-11-10 23:00:00,44,0,7,453,0,9.6,-1.6,0.2,1,0,0,0,0,0,0,0,1
2023-11-10 22:00:00,44,23,5,627,0,9.6,-1.6,0.2,1,0,0,0,0,0,0,0,1
2023-11-10 07:00:00,169,8,4,677,0,9.6,-1.6,0.2,1,0,0,0,0,0,0,0,1
2023-11-11 12:00:00,6,13,1,5,0,9.0,0.5,0.0,0,0,1,0,0,0,0,0,1
2023-11-11 18:00:00,162,19,20,971,0,9.0,0.5,0.0,0,0,1,0,0,0,0,0,1
2023-11-12 13:00:00,707,14,35,1033,0,9.0,-0.1,7.7,0,0,0,1,0,0,0,0,1
2023-11-10 05:00:00,31,6,4,145,0,9.6,-1.6,0.2,1,0,0,0,0,0,0,0,1
2023-11-12 14:00:00,675,15,34,972,0,9.0,-0.1,7.7,0,0,0,1,0,0,0,0,1
2023-11-11 13:00:00,2,14,1,2,0,9.0,0.5,0.0,0,0,1,0,0,0,0,0,1
2023-11-11 07:00:00,85,8,3,278,0,9.0,0.5,0.0,0,0,1,0,0,0,0,0,1
2023-11-11 10:00:00,256,11,16,826,0,9.0,0.5,0.0,0,0,1,0,0,0,0,0,1
2023-11-11 14:00:00,2,15,1,1,0,9.0,0.5,0.0,0,0,1,0,0,0,0,0,1
2023-11-11 19:00:00,108,20,13,827,0,9.0,0.5,0.0,0,0,1,0,0,0,0,0,1
2023-11-11 20:00:00,80,21,13,732,0,9.0,0.5,0.0,0,0,1,0,0,0,0,0,1
2023-11-11 08:00:00,91,9,12,475,0,9.0,0.5,0.0,0,0,1,0,0,0,0,0,1
2023-11-11 21:00:00,69,22,8,567,0,9.0,0.5,0.0,0,0,1,0,0,0,0,0,1
2023-11-11 09:00:00,221,10,5,668,0,9.0,0.5,0.0,0,0,1,0,0,0,0,0,1
2023-11-11 05:00:00,15,6,5,90,0,9.0,0.5,0.0,0,0,1,0,0,0,0,0,1
2023-11-11 22:00:00,51,23,2,531,0,9.0,0.5,0.0,0,0,1,0,0,0,0,0,1
2023-11-11 11:00:00,149,12,2,416,0,9.0,0.5,0.0,0,0,1,0,0,0,0,0,1
2023-11-11 00:00:00,20,1,2,376,0,9.0,0.5,0.0,0,0,1,0,0,0,0,0,1
2023-11-11 01:00:00,11,2,1,273,0,9.0,0.5,0.0,0,0,1,0,0,0,0,0,1
2023-11-11 03:00:00,12,4,1,111,0,9.0,0.5,0.0,0,0,1,0,0,0,0,0,1
2023-11-12 12:00:00,628,13,21,1074,0,9.0,-0.1,7.7,0,0,0,1,0,0,0,0,1
2023-11-10 04:00:00,10,5,0,53,0,9.6,-1.6,0.2,1,0,0,0,0,0,0,0,1
2023-11-10 06:00:00,35,7,2,252,0,9.6,-1.6,0.2,1,0,0,0,0,0,0,0,1
2023-11-12 15:00:00,606,16,20,893,0,9.0,-0.1,7.7,0,0,0,1,0,0,0,0,1
2023-11-10 00:00:00,17,1,2,194,0,9.6,-1.6,0.2,1,0,0,0,0,0,0,0,1
2023-11-11 06:00:00,17,7,0,167,0,9.0,0.5,0.0,0,0,1,0,0,0,0,0,1
2023-11-10 14:00:00,379,15,59,1440,0,9.6,-1.6,0.2,1,0,0,0,0,0,0,0,1
2023-11-10 13:00:00,354,14,54,1390,0,9.6,-1.6,0.2,1,0,0,0,0,0,0,0,1
2023-11-10 16:00:00,292,17,52,1658,0,9.6,-1.6,0.2,1,0,0,0,0,0,0,0,1
2023-11-12 11:00:00,504,12,16,777,0,9.0,-0.1,7.7,0,0,0,1,0,0,0,0,1
2023-11-10 12:00:00,422,13,47,1220,0,9.6,-1.6,0.2,1,0,0,0,0,0,0,0,1
2023-11-12 10:00:00,368,11,16,767,0,9.0,-0.1,7.7,0,0,0,1,0,0,0,0,1
2023-11-10 15:00:00,406,16,43,1640,0,9.6,-1.6,0.2,1,0,0,0,0,0,0,0,1
2023-11-12 16:00:00,609,17,15,985,0,9.0,-0.1,7.7,0,0,0,1,0,0,0,0,1
2023-11-10 17:00:00,187,18,32,1596,0,9.6,-1.6,0.2,1,0,0,0,0,0,0,0,1
2023-11-10 11:00:00,457,12,31,1047,0,9.6,-1.6,0.2,1,0,0,0,0,0,0,0,1
2023-11-12 17:00:00,279,18,13,843,0,9.0,-0.1,7.7,0,0,0,1,0,0,0,0,1
2023-11-12 19:00:00,143,20,12,652,0,9.0,-0.1,7.7,0,0,0,1,0,0,0,0,1
2023-11-11 04:00:00,4,5,0,71,0,9.0,0.5,0.0,0,0,1,0,0,0,0,0,1
2023-11-12 20:00:00,75,21,12,440,0,9.0,-0.1,7.7,0,0,0,1,0,0,0,0,1
2023-11-10 19:00:00,98,20,24,1082,0,9.6,-1.6,0.2,1,0,0,0,0,0,0,0,1
2023-11-10 01:00:00,18,2,1,105,0,9.6,-1.6,0.2,1,0,0,0,0,0,0,0,1
2023-11-11 16:00:00,289,17,69,1088,0,9.0,0.5,0.0,0,0,1,0,0,0,0,0,1
2023-11-11 17:00:00,252,18,45,1109,0,9.0,0.5,0.0,0,0,1,0,0,0,0,0,1
2023-11-10 02:00:00,15,3,1,84,0,9.6,-1.6,0.2,1,0,0,0,0,0,0,0,1
2023-11-10 08:00:00,239,9,21,1019,0,9.6,-1.6,0.2,1,0,0,0,0,0,0,0,1
2023-11-10 03:00:00,6,4,1,69,0,9.6,-1.6,0.2,1,0,0,0,0,0,0,0,1
2023-11-10 18:00:00,134,19,20,1311,0,9.6,-1.6,0.2,1,0,0,0,0,0,0,0,1
2023-11-11 15:00:00,66,16,28,297,0,9.0,0.5,0.0,0,0,1,0,0,0,0,0,1
2023-11-12 08:00:00,118,9,8,249,0,9.0,-0.1,7.7,0,0,0,1,0,0,0,0,1
2023-11-12 06:00:00,41,7,1,104,0,9.0,-0.1,7.7,0,0,0,1,0,0,0,0,1
2023-11-13 05:00:00,19,6,2,139,0,8.4,-0.1,27.3,0,1,0,0,0,0,0,0,1
2023-11-13 20:00:00,86,21,11,576,0,8.4,-0.1,27.3,0,1,0,0,0,0,0,0,1
2023-11-13 00:00:00,3,1,0,145,0,8.4,-0.1,27.3,0,1,0,0,0,0,0,0,1
2023-11-13 06:00:00,49,7,11,268,0,8.4,-0.1,27.3,0,1,0,0,0,0,0,0,1
2023-11-12 18:00:00,240,19,6,745,0,9.0,-0.1,7.7,0,0,0,1,0,0,0,0,1
2023-11-13 08:00:00,319,9,49,1278,0,8.4,-0.1,27.3,0,1,0,0,0,0,0,0,1
2023-11-13 14:00:00,301,15,47,1142,0,8.4,-0.1,27.3,0,1,0,0,0,0,0,0,1
2023-11-13 17:00:00,205,18,37,1308,0,8.4,-0.1,27.3,0,1,0,0,0,0,0,0,1
2023-11-13 16:00:00,414,17,32,1447,0,8.4,-0.1,27.3,0,1,0,0,0,0,0,0,1
2023-11-13 09:00:00,240,10,26,1147,0,8.4,-0.1,27.3,0,1,0,0,0,0,0,0,1
2023-11-13 19:00:00,118,20,22,774,0,8.4,-0.1,27.3,0,1,0,0,0,0,0,0,1
2023-11-13 12:00:00,136,13,21,997,0,8.4,-0.1,27.3,0,1,0,0,0,0,0,0,1
2023-11-13 11:00:00,248,12,20,1094,0,8.4,-0.1,27.3,0,1,0,0,0,0,0,0,1
2023-11-13 10:00:00,297,11,17,1019,0,8.4,-0.1,27.3,0,1,0,0,0,0,0,0,1
2023-11-13 15:00:00,602,16,15,1175,0,8.4,-0.1,27.3,0,1,0,0,0,0,0,0,1
2023-11-13 18:00:00,160,19,15,1007,0,8.4,-0.1,27.3,0,1,0,0,0,0,0,0,1
2023-11-13 13:00:00,144,14,14,1026,0,8.4,-0.1,27.3,0,1,0,0,0,0,0,0,1
2023-11-13 07:00:00,124,8,13,711,0,8.4,-0.1,27.3,0,1,0,0,0,0,0,0,1
2023-11-13 02:00:00,14,3,2,68,0,8.4,-0.1,27.3,0,1,0,0,0,0,0,0,1
2023-11-14 19:00:00,35,20,9,659,0,8.0,6.1,19.6,0,0,0,0,0,1,0,0,1
2023-11-14 06:00:00,49,7,7,308,0,8.0,6.1,19.6,0,0,0,0,0,1,0,0,1
2023-11-14 07:00:00,116,8,5,654,0,8.0,6.1,19.6,0,0,0,0,0,1,0,0,1
2023-11-14 21:00:00,50,22,4,351,0,8.0,6.1,19.6,0,0,0,0,0,1,0,0,1
2023-11-14 22:00:00,30,23,4,300,0,8.0,6.1,19.6,0,0,0,0,0,1,0,0,1
2023-11-14 23:00:00,20,0,3,221,0,8.0,6.1,19.6,0,0,0,0,0,1,0,0,1
2023-11-12 09:00:00,240,10,4,478,0,9.0,-0.1,7.7,0,0,0,1,0,0,0,0,1
2023-11-12 22:00:00,40,23,4,286,0,9.0,-0.1,7.7,0,0,0,1,0,0,0,0,1
2023-11-13 21:00:00,100,22,8,463,0,8.4,-0.1,27.3,0,1,0,0,0,0,0,0,1
2023-11-12 21:00:00,36,22,3,393,0,9.0,-0.1,7.7,0,0,0,1,0,0,0,0,1
2023-11-12 23:00:00,24,0,3,179,0,9.0,-0.1,7.7,0,0,0,1,0,0,0,0,1
2023-11-14 14:00:00,375,15,57,1193,0,8.0,6.1,19.6,0,0,0,0,0,1,0,0,1
2023-11-14 15:00:00,152,16,56,1167,0,8.0,6.1,19.6,0,0,0,0,0,1,0,0,1
2023-11-14 11:00:00,337,12,46,1050,0,8.0,6.1,19.6,0,0,0,0,0,1,0,0,1
2023-11-14 09:00:00,316,10,44,1269,0,8.0,6.1,19.6,0,0,0,0,0,1,0,0,1
2023-11-14 13:00:00,543,14,41,1178,0,8.0,6.1,19.6,0,0,0,0,0,1,0,0,1
2023-11-14 16:00:00,128,17,34,1178,0,8.0,6.1,19.6,0,0,0,0,0,1,0,0,1
2023-11-14 08:00:00,381,9,32,1377,0,8.0,6.1,19.6,0,0,0,0,0,1,0,0,1
2023-11-12 02:00:00,30,3,0,257,0,9.0,-0.1,7.7,0,0,0,1,0,0,0,0,1
2023-11-14 10:00:00,256,11,32,1048,0,8.0,6.1,19.6,0,0,0,0,0,1,0,0,1
2023-11-13 22:00:00,45,23,4,356,0,8.4,-0.1,27.3,0,1,0,0,0,0,0,0,1
2023-11-14 12:00:00,535,13,25,1073,0,8.0,6.1,19.6,0,0,0,0,0,1,0,0,1
2023-11-12 00:00:00,33,1,2,361,0,9.0,-0.1,7.7,0,0,0,1,0,0,0,0,1
2023-11-13 01:00:00,9,2,4,85,0,8.4,-0.1,27.3,0,1,0,0,0,0,0,0,1
2023-11-12 07:00:00,65,8,0,155,0,9.0,-0.1,7.7,0,0,0,1,0,0,0,0,1
2023-11-14 17:00:00,67,18,12,1057,0,8.0,6.1,19.6,0,0,0,0,0,1,0,0,1
2023-11-14 18:00:00,40,19,12,920,0,8.0,6.1,19.6,0,0,0,0,0,1,0,0,1
2023-11-14 20:00:00,38,21,12,532,0,8.0,6.1,19.6,0,0,0,0,0,1,0,0,1
2023-11-12 05:00:00,32,6,0,88,0,9.0,-0.1,7.7,0,0,0,1,0,0,0,0,1
2023-11-12 04:00:00,12,5,0,86,0,9.0,-0.1,7.7,0,0,0,1,0,0,0,0,1
2023-11-12 03:00:00,38,4,2,219,0,9.0,-0.1,7.7,0,0,0,1,0,0,0,0,1
2023-11-13 04:00:00,10,5,1,69,0,8.4,-0.1,27.3,0,1,0,0,0,0,0,0,1
2023-11-13 03:00:00,7,4,1,51,0,8.4,-0.1,27.3,0,1,0,0,0,0,0,0,1
2023-11-13 23:00:00,25,0,2,184,0,8.4,-0.1,27.3,0,1,0,0,0,0,0,0,1
2023-11-12 01:00:00,37,2,1,322,0,9.0,-0.1,7.7,0,0,0,1,0,0,0,0,1
2023-11-16 17:00:00,201,18,69,1552,0,11.2,5.5,0.0,0,0,0,0,1,0,0,0,1
2023-11-15 20:00:00,37,21,3,360,0,6.8,6.1,1.1,0,0,0,0,0,0,1,0,1
2023-11-16 15:00:00,392,16,63,1577,0,11.2,5.5,0.0,0,0,0,0,1,0,0,0,1
2023-11-16 13:00:00,442,14,57,1322,0,11.2,5.5,0.0,0,0,0,0,1,0,0,0,1
2023-11-16 16:00:00,365,17,53,1582,0,11.2,5.5,0.0,0,0,0,0,1,0,0,0,1
2023-11-16 07:00:00,69,8,7,811,0,11.2,5.5,0.0,0,0,0,0,1,0,0,0,1
2023-11-16 21:00:00,72,22,6,564,0,11.2,5.5,0.0,0,0,0,0,1,0,0,0,1
2023-11-16 06:00:00,16,7,5,348,0,11.2,5.5,0.0,0,0,0,0,1,0,0,0,1
2023-11-15 08:00:00,314,9,11,889,0,6.8,6.1,1.1,0,0,0,0,0,0,1,0,1
2023-11-16 14:00:00,586,15,46,1304,0,11.2,5.5,0.0,0,0,0,0,1,0,0,0,1
2023-11-16 12:00:00,366,13,45,1270,0,11.2,5.5,0.0,0,0,0,0,1,0,0,0,1
2023-11-16 09:00:00,211,10,43,1066,0,11.2,5.5,0.0,0,0,0,0,1,0,0,0,1
2023-11-16 18:00:00,161,19,37,1173,0,11.2,5.5,0.0,0,0,0,0,1,0,0,0,1
2023-11-16 19:00:00,110,20,35,994,0,11.2,5.5,0.0,0,0,0,0,1,0,0,0,1
2023-11-15 16:00:00,261,17,53,1600,0,6.8,6.1,1.1,0,0,0,0,0,0,1,0,1
2023-11-15 09:00:00,439,10,10,1097,0,6.8,6.1,1.1,0,0,0,0,0,0,1,0,1
2023-11-15 22:00:00,74,23,9,426,0,6.8,6.1,1.1,0,0,0,0,0,0,1,0,1
2023-11-15 21:00:00,88,22,7,289,0,6.8,6.1,1.1,0,0,0,0,0,0,1,0,1
2023-11-16 10:00:00,135,11,34,1318,0,11.2,5.5,0.0,0,0,0,0,1,0,0,0,1
2023-11-15 15:00:00,333,16,30,1541,0,6.8,6.1,1.1,0,0,0,0,0,0,1,0,1
2023-11-14 03:00:00,3,4,0,29,0,8.0,6.1,19.6,0,0,0,0,0,1,0,0,1
2023-11-15 13:00:00,391,14,25,1253,0,6.8,6.1,1.1,0,0,0,0,0,0,1,0,1
2023-11-16 08:00:00,220,9,25,1629,0,11.2,5.5,0.0,0,0,0,0,1,0,0,0,1
2023-11-14 05:00:00,23,6,2,156,0,8.0,6.1,19.6,0,0,0,0,0,1,0,0,1
2023-11-14 00:00:00,18,1,2,125,0,8.0,6.1,19.6,0,0,0,0,0,1,0,0,1
2023-11-14 01:00:00,14,2,2,68,0,8.0,6.1,19.6,0,0,0,0,0,1,0,0,1
2023-11-15 19:00:00,113,20,21,713,0,6.8,6.1,1.1,0,0,0,0,0,0,1,0,1
2023-11-15 00:00:00,4,1,2,111,0,6.8,6.1,1.1,0,0,0,0,0,0,1,0,1
2023-11-15 03:00:00,8,4,2,51,0,6.8,6.1,1.1,0,0,0,0,0,0,1,0,1
2023-11-15 07:00:00,12,8,2,16,0,6.8,6.1,1.1,0,0,0,0,0,0,1,0,1
2023-11-15 14:00:00,392,15,18,1349,0,6.8,6.1,1.1,0,0,0,0,0,0,1,0,1
2023-11-15 12:00:00,325,13,18,1283,0,6.8,6.1,1.1,0,0,0,0,0,0,1,0,1
2023-11-15 17:00:00,59,18,18,542,0,6.8,6.1,1.1,0,0,0,0,0,0,1,0,1
2023-11-15 23:00:00,11,0,1,295,0,6.8,6.1,1.1,0,0,0,0,0,0,1,0,1
2023-11-15 18:00:00,167,19,17,956,0,6.8,6.1,1.1,0,0,0,0,0,0,1,0,1
2023-11-15 04:00:00,4,5,0,22,0,6.8,6.1,1.1,0,0,0,0,0,0,1,0,1
2023-11-16 22:00:00,82,23,14,471,0,11.2,5.5,0.0,0,0,0,0,1,0,0,0,1
2023-11-15 10:00:00,412,11,14,1022,0,6.8,6.1,1.1,0,0,0,0,0,0,1,0,1
2023-11-15 11:00:00,415,12,13,998,0,6.8,6.1,1.1,0,0,0,0,0,0,1,0,1
2023-11-15 01:00:00,4,2,1,67,0,6.8,6.1,1.1,0,0,0,0,0,0,1,0,1
2023-11-15 02:00:00,7,3,1,62,0,6.8,6.1,1.1,0,0,0,0,0,0,1,0,1
2023-11-16 11:00:00,156,12,13,1436,0,11.2,5.5,0.0,0,0,0,0,1,0,0,0,1
2023-11-16 20:00:00,118,21,13,767,0,11.2,5.5,0.0,0,0,0,0,1,0,0,0,1
2023-11-14 04:00:00,16,5,1,60,0,8.0,6.1,19.6,0,0,0,0,0,1,0,0,1
2023-11-14 02:00:00,11,3,1,48,0,8.0,6.1,19.6,0,0,0,0,0,1,0,0,1
2023-11-15 05:00:00,0,6,0,5,0,6.8,6.1,1.1,0,0,0,0,0,0,1,0,1
2023-11-15 06:00:00,5,7,0,1,0,6.8,6.1,1.1,0,0,0,0,0,0,1,0,1
2023-11-17 00:00:00,28,1,1,187,0,10.8,3.9,2.4,1,0,0,0,0,0,0,0,1
2023-11-17 13:00:00,544,14,28,1424,0,10.8,3.9,2.4,1,0,0,0,0,0,0,0,1
2023-11-17 03:00:00,7,4,1,52,0,10.8,3.9,2.4,1,0,0,0,0,0,0,0,1
2023-11-17 05:00:00,0,6,0,8,0,10.8,3.9,2.4,1,0,0,0,0,0,0,0,1
2023-11-17 06:00:00,1,7,0,6,0,10.8,3.9,2.4,1,0,0,0,0,0,0,0,1
2023-11-18 12:00:00,233,13,67,1301,0,12.9,5.5,9.6,0,0,1,0,0,0,0,0,1
2023-11-18 16:00:00,129,17,49,936,0,12.9,5.5,9.6,0,0,1,0,0,0,0,0,1
2023-11-18 14:00:00,613,15,48,1210,0,12.9,5.5,9.6,0,0,1,0,0,0,0,0,1
2023-11-18 10:00:00,171,11,44,968,0,12.9,5.5,9.6,0,0,1,0,0,0,0,0,1
2023-11-18 17:00:00,167,18,39,1180,0,12.9,5.5,9.6,0,0,1,0,0,0,0,0,1
2023-11-18 13:00:00,630,14,34,1188,0,12.9,5.5,9.6,0,0,1,0,0,0,0,0,1
2023-11-18 15:00:00,22,16,27,832,0,12.9,5.5,9.6,0,0,1,0,0,0,0,0,1
2023-11-18 19:00:00,138,20,25,927,0,12.9,5.5,9.6,0,0,1,0,0,0,0,0,1
2023-11-18 09:00:00,287,10,25,729,0,12.9,5.5,9.6,0,0,1,0,0,0,0,0,1
2023-11-18 11:00:00,132,12,24,907,0,12.9,5.5,9.6,0,0,1,0,0,0,0,0,1
2023-11-18 18:00:00,169,19,18,1070,0,12.9,5.5,9.6,0,0,1,0,0,0,0,0,1
2023-11-17 14:00:00,619,15,27,1453,0,10.8,3.9,2.4,1,0,0,0,0,0,0,0,1
2023-11-18 22:00:00,51,23,4,548,0,12.9,5.5,9.6,0,0,1,0,0,0,0,0,1
2023-11-18 07:00:00,15,8,4,260,0,12.9,5.5,9.6,0,0,1,0,0,0,0,0,1
2023-11-18 23:00:00,35,0,3,407,0,12.9,5.5,9.6,0,0,1,0,0,0,0,0,1
2023-11-18 01:00:00,29,2,2,239,0,12.9,5.5,9.6,0,0,1,0,0,0,0,0,1
2023-11-18 06:00:00,2,7,2,129,0,12.9,5.5,9.6,0,0,1,0,0,0,0,0,1
2023-11-18 05:00:00,6,6,2,74,0,12.9,5.5,9.6,0,0,1,0,0,0,0,0,1
2023-11-17 21:00:00,103,22,11,616,0,10.8,3.9,2.4,1,0,0,0,0,0,0,0,1
2023-11-17 07:00:00,47,8,9,589,0,10.8,3.9,2.4,1,0,0,0,0,0,0,0,1
2023-11-17 23:00:00,47,0,9,467,0,10.8,3.9,2.4,1,0,0,0,0,0,0,0,1
2023-11-17 11:00:00,927,12,8,1126,0,10.8,3.9,2.4,1,0,0,0,0,0,0,0,1
2023-11-17 09:00:00,283,10,7,1395,0,10.8,3.9,2.4,1,0,0,0,0,0,0,0,1
2023-11-17 04:00:00,6,5,1,34,0,10.8,3.9,2.4,1,0,0,0,0,0,0,0,1
2023-11-17 16:00:00,619,17,57,1695,0,10.8,3.9,2.4,1,0,0,0,0,0,0,0,1
2023-11-17 17:00:00,397,18,43,1944,0,10.8,3.9,2.4,1,0,0,0,0,0,0,0,1
2023-11-17 15:00:00,968,16,42,1437,0,10.8,3.9,2.4,1,0,0,0,0,0,0,0,1
2023-11-17 18:00:00,248,19,33,1408,0,10.8,3.9,2.4,1,0,0,0,0,0,0,0,1
2023-11-17 02:00:00,11,3,1,30,0,10.8,3.9,2.4,1,0,0,0,0,0,0,0,1
2023-11-18 08:00:00,113,9,13,474,0,12.9,5.5,9.6,0,0,1,0,0,0,0,0,1
2023-11-17 10:00:00,486,11,21,1136,0,10.8,3.9,2.4,1,0,0,0,0,0,0,0,1
2023-11-17 19:00:00,199,20,20,1077,0,10.8,3.9,2.4,1,0,0,0,0,0,0,0,1
2023-11-17 08:00:00,301,9,19,1495,0,10.8,3.9,2.4,1,0,0,0,0,0,0,0,1
2023-11-16 23:00:00,49,0,2,299,0,11.2,5.5,0.0,0,0,0,0,1,0,0,0,1
2023-11-16 00:00:00,9,1,2,216,0,11.2,5.5,0.0,0,0,0,0,1,0,0,0,1
2023-11-17 01:00:00,10,2,0,123,0,10.8,3.9,2.4,1,0,0,0,0,0,0,0,1
2023-11-18 20:00:00,54,21,8,479,0,12.9,5.5,9.6,0,0,1,0,0,0,0,0,1
2023-11-17 20:00:00,109,21,15,716,0,10.8,3.9,2.4,1,0,0,0,0,0,0,0,1
2023-11-17 22:00:00,68,23,15,623,0,10.8,3.9,2.4,1,0,0,0,0,0,0,0,1
2023-11-17 12:00:00,754,13,14,1309,0,10.8,3.9,2.4,1,0,0,0,0,0,0,0,1
2023-11-18 21:00:00,46,22,6,527,0,12.9,5.5,9.6,0,0,1,0,0,0,0,0,1
2023-11-16 05:00:00,7,6,1,165,0,11.2,5.5,0.0,0,0,0,0,1,0,0,0,1
2023-11-16 01:00:00,4,2,1,133,0,11.2,5.5,0.0,0,0,0,0,1,0,0,0,1
2023-11-16 02:00:00,4,3,1,92,0,11.2,5.5,0.0,0,0,0,0,1,0,0,0,1
2023-11-16 04:00:00,6,5,1,83,0,11.2,5.5,0.0,0,0,0,0,1,0,0,0,1
2023-11-16 03:00:00,7,4,1,58,0,11.2,5.5,0.0,0,0,0,0,1,0,0,0,1
2023-11-18 00:00:00,29,1,5,372,0,12.9,5.5,9.6,0,0,1,0,0,0,0,0,1
2023-11-18 04:00:00,2,5,1,76,0,12.9,5.5,9.6,0,0,1,0,0,0,0,0,1
2023-11-19 01:00:00,18,2,0,362,0,12.5,5.5,0.2,0,0,0,1,0,0,0,0,1
2023-11-19 16:00:00,208,17,19,984,0,12.5,5.5,0.2,0,0,0,1,0,0,0,0,1
2023-11-20 20:00:00,120,21,17,693,0,12.0,8.3,0.0,0,1,0,0,0,0,0,0,1
2023-11-19 05:00:00,18,6,0,87,0,12.5,5.5,0.2,0,0,0,1,0,0,0,0,1
2023-11-19 04:00:00,16,5,0,73,0,12.5,5.5,0.2,0,0,0,1,0,0,0,0,1
2023-11-19 17:00:00,128,18,19,825,0,12.5,5.5,0.2,0,0,0,1,0,0,0,0,1
2023-11-18 02:00:00,5,3,0,183,0,12.9,5.5,9.6,0,0,1,0,0,0,0,0,1
2023-11-19 22:00:00,86,23,5,341,0,12.5,5.5,0.2,0,0,0,1,0,0,0,0,1
2023-11-20 11:00:00,415,12,4,958,0,12.0,8.3,0.0,0,1,0,0,0,0,0,0,1
2023-11-19 10:00:00,286,11,18,682,0,12.5,5.5,0.2,0,0,0,1,0,0,0,0,1
2023-11-18 03:00:00,6,4,0,164,0,12.9,5.5,9.6,0,0,1,0,0,0,0,0,1
2023-11-19 18:00:00,119,19,17,736,0,12.5,5.5,0.2,0,0,0,1,0,0,0,0,1
2023-11-19 15:00:00,372,16,16,919,0,12.5,5.5,0.2,0,0,0,1,0,0,0,0,1
2023-11-19 19:00:00,140,20,9,579,0,12.5,5.5,0.2,0,0,0,1,0,0,0,0,1
2023-11-19 07:00:00,50,8,9,191,0,12.5,5.5,0.2,0,0,0,1,0,0,0,0,1
2023-11-19 20:00:00,129,21,6,471,0,12.5,5.5,0.2,0,0,0,1,0,0,0,0,1
2023-11-19 21:00:00,78,22,6,421,0,12.5,5.5,0.2,0,0,0,1,0,0,0,0,1
2023-11-19 09:00:00,91,10,6,388,0,12.5,5.5,0.2,0,0,0,1,0,0,0,0,1
2023-11-20 14:00:00,761,15,14,1221,0,12.0,8.3,0.0,0,1,0,0,0,0,0,0,1
2023-11-20 19:00:00,135,20,14,849,0,12.0,8.3,0.0,0,1,0,0,0,0,0,0,1
2023-11-19 06:00:00,35,7,4,99,0,12.5,5.5,0.2,0,0,0,1,0,0,0,0,1
2023-11-20 21:00:00,116,22,13,507,0,12.0,8.3,0.0,0,1,0,0,0,0,0,0,1
2023-11-19 00:00:00,34,1,3,401,0,12.5,5.5,0.2,0,0,0,1,0,0,0,0,1
2023-11-19 08:00:00,65,9,3,259,0,12.5,5.5,0.2,0,0,0,1,0,0,0,0,1
2023-11-19 03:00:00,22,4,3,256,0,12.5,5.5,0.2,0,0,0,1,0,0,0,0,1
2023-11-20 07:00:00,127,8,10,669,0,12.0,8.3,0.0,0,1,0,0,0,0,0,0,1
2023-11-20 23:00:00,35,0,3,267,0,12.0,8.3,0.0,0,1,0,0,0,0,0,0,1
2023-11-20 06:00:00,44,7,10,268,0,12.0,8.3,0.0,0,1,0,0,0,0,0,0,1
2023-11-19 13:00:00,289,14,54,1082,0,12.5,5.5,0.2,0,0,0,1,0,0,0,0,1
2023-11-19 12:00:00,340,13,34,944,0,12.5,5.5,0.2,0,0,0,1,0,0,0,0,1
2023-11-19 11:00:00,259,12,33,768,0,12.5,5.5,0.2,0,0,0,1,0,0,0,0,1
2023-11-19 14:00:00,402,15,22,1073,0,12.5,5.5,0.2,0,0,0,1,0,0,0,0,1
2023-11-20 17:00:00,289,18,44,1494,0,12.0,8.3,0.0,0,1,0,0,0,0,0,0,1
2023-11-19 02:00:00,16,3,2,261,0,12.5,5.5,0.2,0,0,0,1,0,0,0,0,1
2023-11-20 16:00:00,351,17,33,1658,0,12.0,8.3,0.0,0,1,0,0,0,0,0,0,1
2023-11-19 23:00:00,34,0,2,253,0,12.5,5.5,0.2,0,0,0,1,0,0,0,0,1
2023-11-20 09:00:00,608,10,31,1073,0,12.0,8.3,0.0,0,1,0,0,0,0,0,0,1
2023-11-20 00:00:00,27,1,2,198,0,12.0,8.3,0.0,0,1,0,0,0,0,0,0,1
2023-11-20 13:00:00,780,14,8,613,0,12.0,8.3,0.0,0,1,0,0,0,0,0,0,1
2023-11-20 12:00:00,422,13,6,754,0,12.0,8.3,0.0,0,1,0,0,0,0,0,0,1
2023-11-20 22:00:00,43,23,6,340,0,12.0,8.3,0.0,0,1,0,0,0,0,0,0,1
2023-11-20 05:00:00,19,6,5,145,0,12.0,8.3,0.0,0,1,0,0,0,0,0,0,1
2023-11-20 08:00:00,484,9,30,1227,0,12.0,8.3,0.0,0,1,0,0,0,0,0,0,1
2023-11-20 18:00:00,151,19,25,1233,0,12.0,8.3,0.0,0,1,0,0,0,0,0,0,1
2023-11-20 02:00:00,17,3,1,66,0,12.0,8.3,0.0,0,1,0,0,0,0,0,0,1
2023-11-20 15:00:00,482,16,17,1427,0,12.0,8.3,0.0,0,1,0,0,0,0,0,0,1
2023-11-20 10:00:00,415,11,17,821,0,12.0,8.3,0.0,0,1,0,0,0,0,0,0,1
2023-11-21 02:00:00,9,3,0,59,0,14.4,3.8,0.0,0,0,0,0,0,1,0,0,1
2023-11-21 04:00:00,9,5,0,54,0,14.4,3.8,0.0,0,0,0,0,0,1,0,0,1
2023-11-21 03:00:00,6,4,0,37,0,14.4,3.8,0.0,0,0,0,0,0,1,0,0,1
2023-11-21 05:00:00,36,6,6,142,0,14.4,3.8,0.0,0,0,0,0,0,1,0,0,1
2023-11-22 16:00:00,899,17,59,1710,0,13.1,5.5,0.0,0,0,0,0,0,0,1,0,1
2023-11-21 20:00:00,88,21,18,632,0,14.4,3.8,0.0,0,0,0,0,0,1,0,0,1
2023-11-22 19:00:00,252,20,13,851,0,13.1,5.5,0.0,0,0,0,0,0,0,1,0,1
2023-11-22 06:00:00,57,7,5,288,0,13.1,5.5,0.0,0,0,0,0,0,0,1,0,1
2023-11-22 12:00:00,562,13,43,1199,0,13.1,5.5,0.0,0,0,0,0,0,0,1,0,1
2023-11-21 07:00:00,100,8,13,708,0,14.4,3.8,0.0,0,0,0,0,0,1,0,0,1
2023-11-21 21:00:00,83,22,11,457,0,14.4,3.8,0.0,0,0,0,0,0,1,0,0,1
2023-11-22 17:00:00,540,18,41,1547,0,13.1,5.5,0.0,0,0,0,0,0,0,1,0,1
2023-11-21 22:00:00,40,23,5,399,0,14.4,3.8,0.0,0,0,0,0,0,1,0,0,1
2023-11-21 11:00:00,330,12,72,1027,0,14.4,3.8,0.0,0,0,0,0,0,1,0,0,1
2023-11-21 17:00:00,197,18,70,1575,0,14.4,3.8,0.0,0,0,0,0,0,1,0,0,1
2023-11-21 09:00:00,265,10,64,1214,0,14.4,3.8,0.0,0,0,0,0,0,1,0,0,1
2023-11-21 16:00:00,310,17,58,1531,0,14.4,3.8,0.0,0,0,0,0,0,1,0,0,1
2023-11-21 15:00:00,418,16,43,1272,0,14.4,3.8,0.0,0,0,0,0,0,1,0,0,1
2023-11-21 10:00:00,342,11,42,982,0,14.4,3.8,0.0,0,0,0,0,0,1,0,0,1
2023-11-21 08:00:00,333,9,41,1257,0,14.4,3.8,0.0,0,0,0,0,0,1,0,0,1
2023-11-21 18:00:00,114,19,40,1079,0,14.4,3.8,0.0,0,0,0,0,0,1,0,0,1
2023-11-21 14:00:00,551,15,39,1218,0,14.4,3.8,0.0,0,0,0,0,0,1,0,0,1
2023-11-21 19:00:00,115,20,29,855,0,14.4,3.8,0.0,0,0,0,0,0,1,0,0,1
2023-11-21 12:00:00,405,13,27,1200,0,14.4,3.8,0.0,0,0,0,0,0,1,0,0,1
2023-11-21 13:00:00,526,14,23,1222,0,14.4,3.8,0.0,0,0,0,0,0,1,0,0,1
2023-11-22 23:00:00,75,0,4,247,0,13.1,5.5,0.0,0,0,0,0,0,0,1,0,1
2023-11-21 06:00:00,46,7,5,280,0,14.4,3.8,0.0,0,0,0,0,0,1,0,0,1
2023-11-22 11:00:00,464,12,39,1060,0,13.1,5.5,0.0,0,0,0,0,0,0,1,0,1
2023-11-22 00:00:00,21,1,4,183,0,13.1,5.5,0.0,0,0,0,0,0,0,1,0,1
2023-11-22 13:00:00,335,14,37,1209,0,13.1,5.5,0.0,0,0,0,0,0,0,1,0,1
2023-11-22 15:00:00,1246,16,30,1415,0,13.1,5.5,0.0,0,0,0,0,0,0,1,0,1
2023-11-22 08:00:00,487,9,23,1230,0,13.1,5.5,0.0,0,0,0,0,0,0,1,0,1
2023-11-22 18:00:00,311,19,21,1132,0,13.1,5.5,0.0,0,0,0,0,0,0,1,0,1
2023-11-22 14:00:00,485,15,19,1110,0,13.1,5.5,0.0,0,0,0,0,0,0,1,0,1
2023-11-22 09:00:00,400,10,17,1169,0,13.1,5.5,0.0,0,0,0,0,0,0,1,0,1
2023-11-22 10:00:00,468,11,17,990,0,13.1,5.5,0.0,0,0,0,0,0,0,1,0,1
2023-11-20 01:00:00,12,2,0,122,0,12.0,8.3,0.0,0,1,0,0,0,0,0,0,1
2023-11-22 07:00:00,114,8,11,718,0,13.1,5.5,0.0,0,0,0,0,0,0,1,0,1
2023-11-22 20:00:00,209,21,11,676,0,13.1,5.5,0.0,0,0,0,0,0,0,1,0,1
2023-11-22 21:00:00,167,22,11,476,0,13.1,5.5,0.0,0,0,0,0,0,0,1,0,1
2023-11-20 04:00:00,6,5,0,75,0,12.0,8.3,0.0,0,1,0,0,0,0,0,0,1
2023-11-22 01:00:00,15,2,3,93,0,13.1,5.5,0.0,0,0,0,0,0,0,1,0,1
2023-11-21 23:00:00,30,0,3,254,0,14.4,3.8,0.0,0,0,0,0,0,1,0,0,1
2023-11-20 03:00:00,5,4,0,42,0,12.0,8.3,0.0,0,1,0,0,0,0,0,0,1
2023-11-21 00:00:00,22,1,2,143,0,14.4,3.8,0.0,0,0,0,0,0,1,0,0,1
2023-11-22 02:00:00,7,3,2,69,0,13.1,5.5,0.0,0,0,0,0,0,0,1,0,1
2023-11-22 03:00:00,7,4,2,59,0,13.1,5.5,0.0,0,0,0,0,0,0,1,0,1
2023-11-21 01:00:00,14,2,1,95,0,14.4,3.8,0.0,0,0,0,0,0,1,0,0,1
2023-11-22 22:00:00,73,23,7,426,0,13.1,5.5,0.0,0,0,0,0,0,0,1,0,1
2023-11-22 05:00:00,28,6,6,147,0,13.1,5.5,0.0,0,0,0,0,0,0,1,0,1
2023-11-23 06:00:00,27,7,10,304,0,6.7,11.5,0.0,0,0,0,0,1,0,0,0,1
2023-11-23 10:00:00,281,11,75,961,0,6.7,11.5,0.0,0,0,0,0,1,0,0,0,1
2023-11-23 16:00:00,234,17,68,1606,0,6.7,11.5,0.0,0,0,0,0,1,0,0,0,1
2023-11-23 08:00:00,273,9,65,1293,0,6.7,11.5,0.0,0,0,0,0,1,0,0,0,1
2023-11-24 17:00:00,142,18,7,481,0,4.6,4.1,0.0,1,0,0,0,0,0,0,0,1
2023-11-23 15:00:00,566,16,60,1391,0,6.7,11.5,0.0,0,0,0,0,1,0,0,0,1
2023-11-23 22:00:00,50,23,3,422,0,6.7,11.5,0.0,0,0,0,0,1,0,0,0,1
2023-11-24 23:00:00,29,0,7,317,0,4.6,4.1,0.0,1,0,0,0,0,0,0,0,1
2023-11-23 05:00:00,47,6,7,157,0,6.7,11.5,0.0,0,0,0,0,1,0,0,0,1
2023-11-23 23:00:00,25,0,4,282,0,6.7,11.5,0.0,0,0,0,0,1,0,0,0,1
2023-11-24 10:00:00,425,11,21,1105,0,4.6,4.1,0.0,1,0,0,0,0,0,0,0,1
2023-11-23 03:00:00,18,4,0,49,0,6.7,11.5,0.0,0,0,0,0,1,0,0,0,1
2023-11-24 21:00:00,55,22,1,314,0,4.6,4.1,0.0,1,0,0,0,0,0,0,0,1
2023-11-23 17:00:00,143,18,39,1691,0,6.7,11.5,0.0,0,0,0,0,1,0,0,0,1
2023-11-24 14:00:00,309,15,121,1455,0,4.6,4.1,0.0,1,0,0,0,0,0,0,0,1
2023-11-24 15:00:00,419,16,105,1456,0,4.6,4.1,0.0,1,0,0,0,0,0,0,0,1
2023-11-24 12:00:00,394,13,65,1401,0,4.6,4.1,0.0,1,0,0,0,0,0,0,0,1
2023-11-24 08:00:00,186,9,63,1283,0,4.6,4.1,0.0,1,0,0,0,0,0,0,0,1
2023-11-24 13:00:00,251,14,59,1922,0,4.6,4.1,0.0,1,0,0,0,0,0,0,0,1
2023-11-24 16:00:00,262,17,51,1070,0,4.6,4.1,0.0,1,0,0,0,0,0,0,0,1
2023-11-24 11:00:00,345,12,49,1200,0,4.6,4.1,0.0,1,0,0,0,0,0,0,0,1
2023-11-24 09:00:00,250,10,48,1211,0,4.6,4.1,0.0,1,0,0,0,0,0,0,0,1
2023-11-23 18:00:00,133,19,33,1103,0,6.7,11.5,0.0,0,0,0,0,1,0,0,0,1
2023-11-24 20:00:00,69,21,1,273,0,4.6,4.1,0.0,1,0,0,0,0,0,0,0,1
2023-11-24 22:00:00,34,23,1,206,0,4.6,4.1,0.0,1,0,0,0,0,0,0,0,1
2023-11-23 09:00:00,268,10,30,1173,0,6.7,11.5,0.0,0,0,0,0,1,0,0,0,1
2023-11-23 19:00:00,85,20,24,955,0,6.7,11.5,0.0,0,0,0,0,1,0,0,0,1
2023-11-23 21:00:00,56,22,20,545,0,6.7,11.5,0.0,0,0,0,0,1,0,0,0,1
2023-11-23 20:00:00,51,21,16,662,0,6.7,11.5,0.0,0,0,0,0,1,0,0,0,1
2023-11-23 07:00:00,115,8,11,696,0,6.7,11.5,0.0,0,0,0,0,1,0,0,0,1
2023-11-24 00:00:00,12,1,1,187,0,4.6,4.1,0.0,1,0,0,0,0,0,0,0,1
2023-11-23 00:00:00,51,1,2,188,0,6.7,11.5,0.0,0,0,0,0,1,0,0,0,1
2023-11-24 05:00:00,27,6,5,105,0,4.6,4.1,0.0,1,0,0,0,0,0,0,0,1
2023-11-24 18:00:00,94,19,4,368,0,4.6,4.1,0.0,1,0,0,0,0,0,0,0,1
2023-11-24 06:00:00,42,7,4,270,0,4.6,4.1,0.0,1,0,0,0,0,0,0,0,1
2023-11-24 19:00:00,79,20,2,368,0,4.6,4.1,0.0,1,0,0,0,0,0,0,0,1
2023-11-23 02:00:00,30,3,2,104,0,6.7,11.5,0.0,0,0,0,0,1,0,0,0,1
2023-11-22 04:00:00,15,5,0,58,0,13.1,5.5,0.0,0,0,0,0,0,0,1,0,1
2023-11-23 04:00:00,21,5,2,62,0,6.7,11.5,0.0,0,0,0,0,1,0,0,0,1
2023-11-24 04:00:00,8,5,1,41,0,4.6,4.1,0.0,1,0,0,0,0,0,0,0,1
2023-11-24 07:00:00,76,8,10,659,0,4.6,4.1,0.0,1,0,0,0,0,0,0,0,1
2023-11-24 03:00:00,12,4,1,39,0,4.6,4.1,0.0,1,0,0,0,0,0,0,0,1
2023-11-24 01:00:00,10,2,0,115,0,4.6,4.1,0.0,1,0,0,0,0,0,0,0,1
2023-11-23 14:00:00,212,15,145,1317,0,6.7,11.5,0.0,0,0,0,0,1,0,0,0,1
2023-11-23 13:00:00,290,14,100,1272,0,6.7,11.5,0.0,0,0,0,0,1,0,0,0,1
2023-11-23 11:00:00,297,12,87,1140,0,6.7,11.5,0.0,0,0,0,0,1,0,0,0,1
2023-11-23 12:00:00,377,13,85,1193,0,6.7,11.5,0.0,0,0,0,0,1,0,0,0,1
2023-11-23 01:00:00,22,2,0,102,0,6.7,11.5,0.0,0,0,0,0,1,0,0,0,1
2023-11-24 02:00:00,7,3,0,67,0,4.6,4.1,0.0,1,0,0,0,0,0,0,0,1
2023-11-25 18:00:00,13,19,6,716,0,4.3,5.5,0.0,0,0,1,0,0,0,0,0,1
2023-11-25 22:00:00,74,23,6,577,0,4.3,5.5,0.0,0,0,1,0,0,0,0,0,1
2023-11-26 04:00:00,13,5,1,87,0,8.4,5.5,0.0,0,0,0,1,0,0,0,0,1
2023-11-25 20:00:00,132,21,17,706,0,4.3,5.5,0.0,0,0,1,0,0,0,0,0,1
2023-11-25 21:00:00,98,22,15,637,0,4.3,5.5,0.0,0,0,1,0,0,0,0,0,1
2023-11-25 15:00:00,716,16,9,1051,0,4.3,5.5,0.0,0,0,1,0,0,0,0,0,1
2023-11-26 17:00:00,171,18,13,797,0,8.4,5.5,0.0,0,0,0,1,0,0,0,0,1
2023-11-26 10:00:00,239,11,4,697,0,8.4,5.5,0.0,0,0,0,1,0,0,0,0,1
2023-11-26 16:00:00,254,17,27,914,0,8.4,5.5,0.0,0,0,0,1,0,0,0,0,1
2023-11-26 14:00:00,418,15,23,1067,0,8.4,5.5,0.0,0,0,0,1,0,0,0,0,1
2023-11-26 13:00:00,359,14,14,1138,0,8.4,5.5,0.0,0,0,0,1,0,0,0,0,1
2023-11-26 15:00:00,358,16,14,1025,0,8.4,5.5,0.0,0,0,0,1,0,0,0,0,1
2023-11-26 19:00:00,123,20,14,622,0,8.4,5.5,0.0,0,0,0,1,0,0,0,0,1
2023-11-26 05:00:00,18,6,1,79,0,8.4,5.5,0.0,0,0,0,1,0,0,0,0,1
2023-11-25 04:00:00,0,5,1,83,0,4.3,5.5,0.0,0,0,1,0,0,0,0,0,1
2023-11-25 00:00:00,30,1,0,293,0,4.3,5.5,0.0,0,0,1,0,0,0,0,0,1
2023-11-25 01:00:00,31,2,0,195,0,4.3,5.5,0.0,0,0,1,0,0,0,0,0,1
2023-11-25 02:00:00,17,3,0,179,0,4.3,5.5,0.0,0,0,1,0,0,0,0,0,1
2023-11-25 03:00:00,20,4,0,151,0,4.3,5.5,0.0,0,0,1,0,0,0,0,0,1
2023-11-26 12:00:00,280,13,10,1024,0,8.4,5.5,0.0,0,0,0,1,0,0,0,0,1
2023-11-26 23:00:00,41,0,3,207,0,8.4,5.5,0.0,0,0,0,1,0,0,0,0,1
2023-11-26 02:00:00,28,3,2,233,0,8.4,5.5,0.0,0,0,0,1,0,0,0,0,1
2023-11-26 03:00:00,19,4,2,212,0,8.4,5.5,0.0,0,0,0,1,0,0,0,0,1
2023-11-26 07:00:00,46,8,2,154,0,8.4,5.5,0.0,0,0,0,1,0,0,0,0,1
2023-11-26 00:00:00,56,1,1,425,0,8.4,5.5,0.0,0,0,0,1,0,0,0,0,1
2023-11-26 09:00:00,152,10,1,387,0,8.4,5.5,0.0,0,0,0,1,0,0,0,0,1
2023-11-26 01:00:00,29,2,1,357,0,8.4,5.5,0.0,0,0,0,1,0,0,0,0,1
2023-11-26 18:00:00,102,19,10,720,0,8.4,5.5,0.0,0,0,0,1,0,0,0,0,1
2023-11-26 08:00:00,106,9,0,250,0,8.4,5.5,0.0,0,0,0,1,0,0,0,0,1
2023-11-26 06:00:00,32,7,0,124,0,8.4,5.5,0.0,0,0,0,1,0,0,0,0,1
2023-11-25 13:00:00,799,14,72,1148,0,4.3,5.5,0.0,0,0,1,0,0,0,0,0,1
2023-11-25 10:00:00,291,11,62,956,0,4.3,5.5,0.0,0,0,1,0,0,0,0,0,1
2023-11-25 12:00:00,648,13,55,1182,0,4.3,5.5,0.0,0,0,1,0,0,0,0,0,1
2023-11-25 16:00:00,371,17,39,967,0,4.3,5.5,0.0,0,0,1,0,0,0,0,0,1
2023-11-25 11:00:00,613,12,38,1061,0,4.3,5.5,0.0,0,0,1,0,0,0,0,0,1
2023-11-25 17:00:00,241,18,37,1052,0,4.3,5.5,0.0,0,0,1,0,0,0,0,0,1
2023-11-25 19:00:00,93,20,26,835,0,4.3,5.5,0.0,0,0,1,0,0,0,0,0,1
2023-11-25 09:00:00,138,10,26,707,0,4.3,5.5,0.0,0,0,1,0,0,0,0,0,1
2023-11-25 14:00:00,1057,15,24,1362,0,4.3,5.5,0.0,0,0,1,0,0,0,0,0,1
2023-11-25 08:00:00,62,9,23,506,0,4.3,5.5,0.0,0,0,1,0,0,0,0,0,1
2023-11-26 11:00:00,278,12,8,729,0,8.4,5.5,0.0,0,0,0,1,0,0,0,0,1
2023-11-25 07:00:00,42,8,3,296,0,4.3,5.5,0.0,0,0,1,0,0,0,0,0,1
2023-11-25 05:00:00,19,6,3,114,0,4.3,5.5,0.0,0,0,1,0,0,0,0,0,1
2023-11-25 23:00:00,52,0,2,479,0,4.3,5.5,0.0,0,0,1,0,0,0,0,0,1
2023-11-26 21:00:00,76,22,6,402,0,8.4,5.5,0.0,0,0,0,1,0,0,0,0,1
2023-11-26 20:00:00,95,21,5,484,0,8.4,5.5,0.0,0,0,0,1,0,0,0,0,1
2023-11-26 22:00:00,63,23,5,374,0,8.4,5.5,0.0,0,0,0,1,0,0,0,0,1
2023-11-25 06:00:00,21,7,2,172,0,4.3,5.5,0.0,0,0,1,0,0,0,0,0,1
2023-11-28 14:00:00,86,15,41,784,0,3.6,1.1,0.0,0,0,0,0,0,1,0,0,1
2023-11-28 18:00:00,317,19,35,1053,0,3.6,1.1,0.0,0,0,0,0,0,1,0,0,1
2023-11-28 08:00:00,404,9,34,1354,0,3.6,1.1,0.0,0,0,0,0,0,1,0,0,1
2023-11-28 17:00:00,526,18,30,1527,0,3.6,1.1,0.0,0,0,0,0,0,1,0,0,1
2023-11-28 13:00:00,271,14,29,1119,0,3.6,1.1,0.0,0,0,0,0,0,1,0,0,1
2023-11-28 09:00:00,422,10,25,1072,0,3.6,1.1,0.0,0,0,0,0,0,1,0,0,1
2023-11-28 07:00:00,90,8,24,729,0,3.6,1.1,0.0,0,0,0,0,0,1,0,0,1
2023-11-28 10:00:00,316,11,21,1132,0,3.6,1.1,0.0,0,0,0,0,0,1,0,0,1
2023-11-28 12:00:00,330,13,19,1341,0,3.6,1.1,0.0,0,0,0,0,0,1,0,0,1
2023-11-28 11:00:00,264,12,17,1177,0,3.6,1.1,0.0,0,0,0,0,0,1,0,0,1
2023-11-28 02:00:00,3,3,0,48,0,3.6,1.1,0.0,0,0,0,0,0,1,0,0,1
2023-11-28 19:00:00,209,20,15,889,0,3.6,1.1,0.0,0,0,0,0,0,1,0,0,1
2023-11-28 20:00:00,106,21,13,618,0,3.6,1.1,0.0,0,0,0,0,0,1,0,0,1
2023-11-28 21:00:00,97,22,13,424,0,3.6,1.1,0.0,0,0,0,0,0,1,0,0,1
2023-11-27 07:00:00,129,8,10,522,0,4.8,5.5,2.4,0,1,0,0,0,0,0,0,1
2023-11-28 22:00:00,86,23,9,372,0,3.6,1.1,0.0,0,0,0,0,0,1,0,0,1
2023-11-27 03:00:00,7,4,0,57,0,4.8,5.5,2.4,0,1,0,0,0,0,0,0,1
2023-11-28 06:00:00,37,7,6,285,0,3.6,1.1,0.0,0,0,0,0,0,1,0,0,1
2023-11-28 23:00:00,17,0,4,161,0,3.6,1.1,0.0,0,0,0,0,0,1,0,0,1
2023-11-28 05:00:00,19,6,3,122,0,3.6,1.1,0.0,0,0,0,0,0,1,0,0,1
2023-11-27 04:00:00,12,5,0,46,0,4.8,5.5,2.4,0,1,0,0,0,0,0,0,1
2023-11-27 22:00:00,51,23,5,326,0,4.8,5.5,2.4,0,1,0,0,0,0,0,0,1
2023-11-27 23:00:00,13,0,3,224,0,4.8,5.5,2.4,0,1,0,0,0,0,0,0,1
2023-11-28 00:00:00,8,1,2,138,0,3.6,1.1,0.0,0,0,0,0,0,1,0,0,1
2023-11-27 09:00:00,575,10,51,1112,0,4.8,5.5,2.4,0,1,0,0,0,0,0,0,1
2023-11-27 01:00:00,9,2,2,86,0,4.8,5.5,2.4,0,1,0,0,0,0,0,0,1
2023-11-27 13:00:00,669,14,45,969,0,4.8,5.5,2.4,0,1,0,0,0,0,0,0,1
2023-11-27 06:00:00,9,7,0,3,0,4.8,5.5,2.4,0,1,0,0,0,0,0,0,1
2023-11-27 05:00:00,4,6,0,1,0,4.8,5.5,2.4,0,1,0,0,0,0,0,0,1
2023-11-28 15:00:00,75,16,79,1184,0,3.6,1.1,0.0,0,0,0,0,0,1,0,0,1
2023-11-28 16:00:00,347,17,47,1366,0,3.6,1.1,0.0,0,0,0,0,0,1,0,0,1
2023-11-27 14:00:00,619,15,40,1020,0,4.8,5.5,2.4,0,1,0,0,0,0,0,0,1
2023-11-27 12:00:00,776,13,36,1113,0,4.8,5.5,2.4,0,1,0,0,0,0,0,0,1
2023-11-27 17:00:00,274,18,34,1187,0,4.8,5.5,2.4,0,1,0,0,0,0,0,0,1
2023-11-27 16:00:00,266,17,30,1096,0,4.8,5.5,2.4,0,1,0,0,0,0,0,0,1
2023-11-27 11:00:00,707,12,29,944,0,4.8,5.5,2.4,0,1,0,0,0,0,0,0,1
2023-11-27 18:00:00,193,19,28,1064,0,4.8,5.5,2.4,0,1,0,0,0,0,0,0,1
2023-11-28 03:00:00,4,4,1,36,0,3.6,1.1,0.0,0,0,0,0,0,1,0,0,1
2023-11-28 01:00:00,9,2,0,99,0,3.6,1.1,0.0,0,0,0,0,0,1,0,0,1
2023-11-28 04:00:00,13,5,0,51,0,3.6,1.1,0.0,0,0,0,0,0,1,0,0,1
2023-11-27 10:00:00,556,11,27,926,0,4.8,5.5,2.4,0,1,0,0,0,0,0,0,1
2023-11-27 08:00:00,680,9,19,1089,0,4.8,5.5,2.4,0,1,0,0,0,0,0,0,1
2023-11-27 00:00:00,28,1,1,208,0,4.8,5.5,2.4,0,1,0,0,0,0,0,0,1
2023-11-27 15:00:00,510,16,15,1160,0,4.8,5.5,2.4,0,1,0,0,0,0,0,0,1
2023-11-27 19:00:00,147,20,15,793,0,4.8,5.5,2.4,0,1,0,0,0,0,0,0,1
2023-11-27 20:00:00,121,21,14,641,0,4.8,5.5,2.4,0,1,0,0,0,0,0,0,1
2023-11-27 21:00:00,105,22,12,443,0,4.8,5.5,2.4,0,1,0,0,0,0,0,0,1
2023-11-27 02:00:00,12,3,1,69,0,4.8,5.5,2.4,0,1,0,0,0,0,0,0,1
2023-11-29 09:00:00,214,10,49,1104,0,4.5,-0.7,0.0,0,0,0,0,0,0,1,0,1
2023-11-29 08:00:00,307,9,43,1284,0,4.5,-0.7,0.0,0,0,0,0,0,0,1,0,1
2023-11-29 16:00:00,336,17,41,1092,0,4.5,-0.7,0.0,0,0,0,0,0,0,1,0,1
2023-11-29 15:00:00,205,16,38,556,0,4.5,-0.7,0.0,0,0,0,0,0,0,1,0,1
2023-11-29 17:00:00,435,18,29,1432,0,4.5,-0.7,0.0,0,0,0,0,0,0,1,0,1
2023-11-30 00:00:00,22,1,0,171,1,2.2,-0.7,0.0,0,0,0,0,1,0,0,0,1
2023-11-30 02:00:00,25,3,0,101,1,2.2,-0.7,0.0,0,0,0,0,1,0,0,0,1
2023-11-30 03:00:00,9,4,0,73,1,2.2,-0.7,0.0,0,0,0,0,1,0,0,0,1
2023-11-30 04:00:00,16,5,0,67,1,2.2,-0.7,0.0,0,0,0,0,1,0,0,0,1
2023-11-29 06:00:00,46,7,6,307,0,4.5,-0.7,0.0,0,0,0,0,0,0,1,0,1
2023-11-29 21:00:00,108,22,5,515,0,4.5,-0.7,0.0,0,0,0,0,0,0,1,0,1
2023-11-29 23:00:00,47,0,1,275,0,4.5,-0.7,0.0,0,0,0,0,0,0,1,0,1
2023-11-29 00:00:00,18,1,1,161,0,4.5,-0.7,0.0,0,0,0,0,0,0,1,0,1
2023-11-29 05:00:00,30,6,1,141,0,4.5,-0.7,0.0,0,0,0,0,0,0,1,0,1
2023-11-30 13:00:00,792,14,13,976,1,2.2,-0.7,0.0,0,0,0,0,1,0,0,0,1
2023-11-30 17:00:00,134,18,51,1617,1,2.2,-0.7,0.0,0,0,0,0,1,0,0,0,1
2023-11-30 16:00:00,154,17,49,1670,1,2.2,-0.7,0.0,0,0,0,0,1,0,0,0,1
2023-11-30 18:00:00,110,19,39,1222,1,2.2,-0.7,0.0,0,0,0,0,1,0,0,0,1
2023-11-30 15:00:00,918,16,25,1405,1,2.2,-0.7,0.0,0,0,0,0,1,0,0,0,1
2023-11-30 19:00:00,55,20,23,976,1,2.2,-0.7,0.0,0,0,0,0,1,0,0,0,1
2023-11-30 08:00:00,465,9,22,1373,1,2.2,-0.7,0.0,0,0,0,0,1,0,0,0,1
2023-11-30 14:00:00,1323,15,21,1144,1,2.2,-0.7,0.0,0,0,0,0,1,0,0,0,1
2023-11-30 09:00:00,429,10,16,1305,1,2.2,-0.7,0.0,0,0,0,0,1,0,0,0,1
2023-11-30 06:00:00,62,7,4,312,1,2.2,-0.7,0.0,0,0,0,0,1,0,0,0,1
2023-11-29 14:00:00,221,15,20,575,0,4.5,-0.7,0.0,0,0,0,0,0,0,1,0,1
2023-11-29 04:00:00,9,5,1,55,0,4.5,-0.7,0.0,0,0,0,0,0,0,1,0,1
2023-11-30 12:00:00,374,13,3,590,1,2.2,-0.7,0.0,0,0,0,0,1,0,0,0,1
2023-11-30 20:00:00,128,21,10,717,1,2.2,-0.7,0.0,0,0,0,0,1,0,0,0,1
2023-11-29 18:00:00,222,19,18,1125,0,4.5,-0.7,0.0,0,0,0,0,0,0,1,0,1
2023-11-29 10:00:00,325,11,18,978,0,4.5,-0.7,0.0,0,0,0,0,0,0,1,0,1
2023-11-30 23:00:00,53,0,3,270,1,2.2,-0.7,0.0,0,0,0,0,1,0,0,0,1
2023-11-30 21:00:00,132,22,9,535,1,2.2,-0.7,0.0,0,0,0,0,1,0,0,0,1
2023-11-29 19:00:00,192,20,14,938,0,4.5,-0.7,0.0,0,0,0,0,0,0,1,0,1
2023-11-30 05:00:00,42,6,2,158,1,2.2,-0.7,0.0,0,0,0,0,1,0,0,0,1
2023-11-30 01:00:00,16,2,1,116,1,2.2,-0.7,0.0,0,0,0,0,1,0,0,0,1
2023-11-30 11:00:00,328,12,8,562,1,2.2,-0.7,0.0,0,0,0,0,1,0,0,0,1
2023-11-30 07:00:00,97,8,7,753,1,2.2,-0.7,0.0,0,0,0,0,1,0,0,0,1
2023-11-30 10:00:00,339,11,5,552,1,2.2,-0.7,0.0,0,0,0,0,1,0,0,0,1
2023-11-30 22:00:00,79,23,5,409,1,2.2,-0.7,0.0,0,0,0,0,1,0,0,0,1
2023-11-29 01:00:00,13,2,0,116,0,4.5,-0.7,0.0,0,0,0,0,0,0,1,0,1
2023-11-29 02:00:00,11,3,0,57,0,4.5,-0.7,0.0,0,0,0,0,0,0,1,0,1
2023-11-29 03:00:00,6,4,0,49,0,4.5,-0.7,0.0,0,0,0,0,0,0,1,0,1
2023-11-29 12:00:00,127,13,12,487,0,4.5,-0.7,0.0,0,0,0,0,0,0,1,0,1
2023-11-29 22:00:00,84,23,11,451,0,4.5,-0.7,0.0,0,0,0,0,0,0,1,0,1
2023-11-29 11:00:00,173,12,10,515,0,4.5,-0.7,0.0,0,0,0,0,0,0,1,0,1
2023-11-29 13:00:00,147,14,10,505,0,4.5,-0.7,0.0,0,0,0,0,0,0,1,0,1
2023-11-29 07:00:00,83,8,7,696,0,4.5,-0.7,0.0,0,0,0,0,0,0,1,0,1
2023-11-29 20:00:00,173,21,7,690,0,4.5,-0.7,0.0,0,0,0,0,0,0,1,0,1
2023-10-02 08:00:00,425,9,65,1104,0,16.2,8.0,0.0,0,1,0,0,0,0,0,1,0
2023-10-01 16:00:00,357,17,45,806,0,13.6,8.9,0.5,0,0,0,1,0,0,0,1,0
2023-10-02 12:00:00,728,13,61,1019,0,16.2,8.0,0.0,0,1,0,0,0,0,0,1,0
2023-10-01 15:00:00,377,16,36,844,0,13.6,8.9,0.5,0,0,0,1,0,0,0,1,0
2023-10-01 17:00:00,329,18,35,785,0,13.6,8.9,0.5,0,0,0,1,0,0,0,1,0
2023-10-01 14:00:00,477,15,32,814,0,13.6,8.9,0.5,0,0,0,1,0,0,0,1,0
2023-10-01 12:00:00,425,13,25,948,0,13.6,8.9,0.5,0,0,0,1,0,0,0,1,0
2023-10-02 13:00:00,541,14,42,993,0,16.2,8.0,0.0,0,1,0,0,0,0,0,1,0
2023-10-01 18:00:00,288,19,23,699,0,13.6,8.9,0.5,0,0,0,1,0,0,0,1,0
2023-10-01 10:00:00,181,11,18,592,0,13.6,8.9,0.5,0,0,0,1,0,0,0,1,0
2023-10-01 08:00:00,133,9,15,216,0,13.6,8.9,0.5,0,0,0,1,0,0,0,1,0
2023-10-01 22:00:00,89,23,3,355,0,13.6,8.9,0.5,0,0,0,1,0,0,0,1,0
2023-10-02 09:00:00,359,10,40,451,0,16.2,8.0,0.0,0,1,0,0,0,0,0,1,0
2023-10-01 03:00:00,7,4,3,147,0,13.6,8.9,0.5,0,0,0,1,0,0,0,1,0
2023-10-02 18:00:00,416,19,31,966,0,16.2,8.0,0.0,0,1,0,0,0,0,0,1,0
2023-10-01 21:00:00,146,22,2,469,0,13.6,8.9,0.5,0,0,0,1,0,0,0,1,0
2023-10-01 23:00:00,43,0,2,278,0,13.6,8.9,0.5,0,0,0,1,0,0,0,1,0
2023-10-01 00:00:00,21,1,1,379,0,13.6,8.9,0.5,0,0,0,1,0,0,0,1,0
2023-10-02 21:00:00,34,22,3,115,0,16.2,8.0,0.0,0,1,0,0,0,0,0,1,0
2023-10-02 20:00:00,38,21,2,190,0,16.2,8.0,0.0,0,1,0,0,0,0,0,1,0
2023-10-02 00:00:00,38,1,1,172,0,16.2,8.0,0.0,0,1,0,0,0,0,0,1,0
2023-10-02 23:00:00,40,0,1,150,0,16.2,8.0,0.0,0,1,0,0,0,0,0,1,0
2023-10-02 07:00:00,185,8,19,647,0,16.2,8.0,0.0,0,1,0,0,0,0,0,1,0
2023-10-01 09:00:00,155,10,10,456,0,13.6,8.9,0.5,0,0,0,1,0,0,0,1,0
2023-10-02 01:00:00,18,2,0,107,0,16.2,8.0,0.0,0,1,0,0,0,0,0,1,0
2023-10-01 07:00:00,86,8,9,227,0,13.6,8.9,0.5,0,0,0,1,0,0,0,1,0
2023-10-02 22:00:00,27,23,0,93,0,16.2,8.0,0.0,0,1,0,0,0,0,0,1,0
2023-10-02 02:00:00,23,3,0,71,0,16.2,8.0,0.0,0,1,0,0,0,0,0,1,0
2023-10-02 03:00:00,6,4,0,21,0,16.2,8.0,0.0,0,1,0,0,0,0,0,1,0
2023-10-02 05:00:00,0,6,0,2,0,16.2,8.0,0.0,0,1,0,0,0,0,0,1,0
2023-10-03 13:00:00,1115,14,97,1107,0,13.8,8.2,1.1,0,0,0,0,0,1,0,1,0
2023-10-03 12:00:00,1053,13,69,1053,0,13.8,8.2,1.1,0,0,0,0,0,1,0,1,0
2023-10-03 11:00:00,1006,12,53,1029,0,13.8,8.2,1.1,0,0,0,0,0,1,0,1,0
2023-10-03 15:00:00,121,16,36,1600,0,13.8,8.2,1.1,0,0,0,0,0,1,0,1,0
2023-10-03 08:00:00,831,9,34,1155,0,13.8,8.2,1.1,0,0,0,0,0,1,0,1,0
2023-10-02 19:00:00,190,20,11,678,0,16.2,8.0,0.0,0,1,0,0,0,0,0,1,0
2023-10-01 11:00:00,290,12,6,698,0,13.6,8.9,0.5,0,0,0,1,0,0,0,1,0
2023-10-01 19:00:00,254,20,6,655,0,13.6,8.9,0.5,0,0,0,1,0,0,0,1,0
2023-10-01 20:00:00,173,21,6,571,0,13.6,8.9,0.5,0,0,0,1,0,0,0,1,0
2023-10-01 13:00:00,568,14,5,964,0,13.6,8.9,0.5,0,0,0,1,0,0,0,1,0
2023-10-02 06:00:00,102,7,8,236,0,16.2,8.0,0.0,0,1,0,0,0,0,0,1,0
2023-10-01 01:00:00,13,2,1,173,0,13.6,8.9,0.5,0,0,0,1,0,0,0,1,0
2023-10-01 06:00:00,43,7,1,112,0,13.6,8.9,0.5,0,0,0,1,0,0,0,1,0
2023-10-01 05:00:00,20,6,1,80,0,13.6,8.9,0.5,0,0,0,1,0,0,0,1,0
2023-10-01 02:00:00,1,3,0,182,0,13.6,8.9,0.5,0,0,0,1,0,0,0,1,0
2023-10-01 04:00:00,13,5,0,84,0,13.6,8.9,0.5,0,0,0,1,0,0,0,1,0
2023-10-02 11:00:00,732,12,102,1006,0,16.2,8.0,0.0,0,1,0,0,0,0,0,1,0
2023-10-02 16:00:00,655,17,90,1352,0,16.2,8.0,0.0,0,1,0,0,0,0,0,1,0
2023-10-02 10:00:00,551,11,74,825,0,16.2,8.0,0.0,0,1,0,0,0,0,0,1,0
2023-10-02 14:00:00,701,15,72,1079,0,16.2,8.0,0.0,0,1,0,0,0,0,0,1,0
2023-10-02 15:00:00,651,16,71,1126,0,16.2,8.0,0.0,0,1,0,0,0,0,0,1,0
2023-10-02 17:00:00,638,18,70,1352,0,16.2,8.0,0.0,0,1,0,0,0,0,0,1,0
2023-10-03 09:00:00,843,10,32,1037,0,13.8,8.2,1.1,0,0,0,0,0,1,0,1,0
2023-10-03 10:00:00,961,11,32,941,0,13.8,8.2,1.1,0,0,0,0,0,1,0,1,0
2023-10-04 03:00:00,20,4,0,47,0,16.2,8.2,0.0,0,0,0,0,0,0,1,1,0
2023-10-03 14:00:00,526,15,31,1218,0,13.8,8.2,1.1,0,0,0,0,0,1,0,1,0
2023-10-05 12:00:00,315,13,74,1174,0,18.0,6.0,5.1,0,0,0,0,1,0,0,1,0
2023-10-05 11:00:00,391,12,66,1020,0,18.0,6.0,5.1,0,0,0,0,1,0,0,1,0
2023-10-05 17:00:00,775,18,56,1680,0,18.0,6.0,5.1,0,0,0,0,1,0,0,1,0
2023-10-05 15:00:00,676,16,54,1294,0,18.0,6.0,5.1,0,0,0,0,1,0,0,1,0
2023-10-05 16:00:00,675,17,51,1278,0,18.0,6.0,5.1,0,0,0,0,1,0,0,1,0
2023-10-05 13:00:00,485,14,43,1295,0,18.0,6.0,5.1,0,0,0,0,1,0,0,1,0
2023-10-05 14:00:00,604,15,42,1224,0,18.0,6.0,5.1,0,0,0,0,1,0,0,1,0
2023-10-05 18:00:00,497,19,34,1096,0,18.0,6.0,5.1,0,0,0,0,1,0,0,1,0
2023-10-05 09:00:00,364,10,28,1040,0,18.0,6.0,5.1,0,0,0,0,1,0,0,1,0
2023-10-05 08:00:00,412,9,27,1220,0,18.0,6.0,5.1,0,0,0,0,1,0,0,1,0
2023-10-05 10:00:00,424,11,27,1003,0,18.0,6.0,5.1,0,0,0,0,1,0,0,1,0
2023-10-04 13:00:00,910,14,12,1143,0,16.2,8.2,0.0,0,0,0,0,0,0,1,1,0
2023-10-04 07:00:00,204,8,12,767,0,16.2,8.2,0.0,0,0,0,0,0,0,1,1,0
2023-10-04 11:00:00,537,12,39,1032,0,16.2,8.2,0.0,0,0,0,0,0,0,1,1,0
2023-10-04 17:00:00,222,18,9,465,0,16.2,8.2,0.0,0,0,0,0,0,0,1,1,0
2023-10-04 16:00:00,185,17,7,440,0,16.2,8.2,0.0,0,0,0,0,0,0,1,1,0
2023-10-04 15:00:00,190,16,6,423,0,16.2,8.2,0.0,0,0,0,0,0,0,1,1,0
2023-10-04 20:00:00,362,21,5,662,0,16.2,8.2,0.0,0,0,0,0,0,0,1,1,0
2023-10-04 19:00:00,338,20,4,725,0,16.2,8.2,0.0,0,0,0,0,0,0,1,1,0
2023-10-04 23:00:00,79,0,3,240,0,16.2,8.2,0.0,0,0,0,0,0,0,1,1,0
2023-10-03 22:00:00,11,23,1,24,0,13.8,8.2,1.1,0,0,0,0,0,1,0,1,0
2023-10-03 07:00:00,295,8,24,694,0,13.8,8.2,1.1,0,0,0,0,0,1,0,1,0
2023-10-04 12:00:00,569,13,32,1142,0,16.2,8.2,0.0,0,0,0,0,0,0,1,1,0
2023-10-05 07:00:00,182,8,17,700,0,18.0,6.0,5.1,0,0,0,0,1,0,0,1,0
2023-10-05 19:00:00,219,20,12,878,0,18.0,6.0,5.1,0,0,0,0,1,0,0,1,0
2023-10-05 22:00:00,84,23,8,397,0,18.0,6.0,5.1,0,0,0,0,1,0,0,1,0
2023-10-05 20:00:00,183,21,7,662,0,18.0,6.0,5.1,0,0,0,0,1,0,0,1,0
2023-10-05 21:00:00,142,22,7,522,0,18.0,6.0,5.1,0,0,0,0,1,0,0,1,0
2023-10-04 10:00:00,537,11,32,683,0,16.2,8.2,0.0,0,0,0,0,0,0,1,1,0
2023-10-03 16:00:00,22,17,10,211,0,13.8,8.2,1.1,0,0,0,0,0,1,0,1,0
2023-10-04 08:00:00,574,9,28,1246,0,16.2,8.2,0.0,0,0,0,0,0,0,1,1,0
2023-10-03 23:00:00,59,0,0,170,0,13.8,8.2,1.1,0,0,0,0,0,1,0,1,0
2023-10-04 14:00:00,185,15,2,514,0,16.2,8.2,0.0,0,0,0,0,0,0,1,1,0
2023-10-04 09:00:00,611,10,28,993,0,16.2,8.2,0.0,0,0,0,0,0,0,1,1,0
2023-10-03 00:00:00,29,1,0,146,0,13.8,8.2,1.1,0,0,0,0,0,1,0,1,0
2023-10-04 18:00:00,273,19,2,329,0,16.2,8.2,0.0,0,0,0,0,0,0,1,1,0
2023-10-03 05:00:00,76,6,0,135,0,13.8,8.2,1.1,0,0,0,0,0,1,0,1,0
2023-10-04 05:00:00,69,6,2,130,0,16.2,8.2,0.0,0,0,0,0,0,0,1,1,0
2023-10-03 01:00:00,19,2,0,66,0,13.8,8.2,1.1,0,0,0,0,0,1,0,1,0
2023-10-03 02:00:00,15,3,0,56,0,13.8,8.2,1.1,0,0,0,0,0,1,0,1,0
2023-10-03 04:00:00,22,5,0,54,0,13.8,8.2,1.1,0,0,0,0,0,1,0,1,0
2023-10-03 20:00:00,10,21,0,35,0,13.8,8.2,1.1,0,0,0,0,0,1,0,1,0
2023-10-03 17:00:00,7,18,5,30,0,13.8,8.2,1.1,0,0,0,0,0,1,0,1,0
2023-10-04 21:00:00,257,22,1,479,0,16.2,8.2,0.0,0,0,0,0,0,0,1,1,0
2023-10-03 18:00:00,4,19,5,20,0,13.8,8.2,1.1,0,0,0,0,0,1,0,1,0
2023-10-03 03:00:00,11,4,0,34,0,13.8,8.2,1.1,0,0,0,0,0,1,0,1,0
2023-10-04 22:00:00,156,23,1,368,0,16.2,8.2,0.0,0,0,0,0,0,0,1,1,0
2023-10-03 21:00:00,8,22,0,31,0,13.8,8.2,1.1,0,0,0,0,0,1,0,1,0
2023-10-03 19:00:00,19,20,0,26,0,13.8,8.2,1.1,0,0,0,0,0,1,0,1,0
2023-10-04 04:00:00,21,5,1,50,0,16.2,8.2,0.0,0,0,0,0,0,0,1,1,0
2023-10-03 06:00:00,135,7,3,284,0,13.8,8.2,1.1,0,0,0,0,0,1,0,1,0
2023-10-04 06:00:00,102,7,0,261,0,16.2,8.2,0.0,0,0,0,0,0,0,1,1,0
2023-10-04 00:00:00,53,1,0,178,0,16.2,8.2,0.0,0,0,0,0,0,0,1,1,0
2023-10-04 01:00:00,13,2,0,120,0,16.2,8.2,0.0,0,0,0,0,0,0,1,1,0
2023-10-04 02:00:00,28,3,0,61,0,16.2,8.2,0.0,0,0,0,0,0,0,1,1,0
2023-10-06 22:00:00,62,23,3,457,0,11.0,10.5,28.3,1,0,0,0,0,0,0,1,0
2023-10-06 20:00:00,186,21,2,646,0,11.0,10.5,28.3,1,0,0,0,0,0,0,1,0
2023-10-06 21:00:00,101,22,2,580,0,11.0,10.5,28.3,1,0,0,0,0,0,0,1,0
2023-10-06 23:00:00,27,0,2,309,0,11.0,10.5,28.3,1,0,0,0,0,0,0,1,0
2023-10-06 05:00:00,74,6,1,135,0,11.0,10.5,28.3,1,0,0,0,0,0,0,1,0
2023-10-06 00:00:00,32,1,0,152,0,11.0,10.5,28.3,1,0,0,0,0,0,0,1,0
2023-10-06 01:00:00,22,2,0,109,0,11.0,10.5,28.3,1,0,0,0,0,0,0,1,0
2023-10-06 04:00:00,14,5,0,65,0,11.0,10.5,28.3,1,0,0,0,0,0,0,1,0
2023-10-06 02:00:00,22,3,0,62,0,11.0,10.5,28.3,1,0,0,0,0,0,0,1,0
2023-10-06 03:00:00,17,4,0,53,0,11.0,10.5,28.3,1,0,0,0,0,0,0,1,0
2023-10-07 16:00:00,263,17,56,970,0,14.6,9.5,56.3,0,0,1,0,0,0,0,1,0
2023-10-06 08:00:00,389,9,16,1280,0,11.0,10.5,28.3,1,0,0,0,0,0,0,1,0
2023-10-07 15:00:00,288,16,42,906,0,14.6,9.5,56.3,0,0,1,0,0,0,0,1,0
2023-10-07 17:00:00,221,18,36,870,0,14.6,9.5,56.3,0,0,1,0,0,0,0,1,0
2023-10-07 11:00:00,301,12,33,1215,0,14.6,9.5,56.3,0,0,1,0,0,0,0,1,0
2023-10-07 18:00:00,80,19,26,753,0,14.6,9.5,56.3,0,0,1,0,0,0,0,1,0
2023-10-07 13:00:00,326,14,23,1169,0,14.6,9.5,56.3,0,0,1,0,0,0,0,1,0
2023-10-07 12:00:00,359,13,22,1143,0,14.6,9.5,56.3,0,0,1,0,0,0,0,1,0
2023-10-07 10:00:00,271,11,22,831,0,14.6,9.5,56.3,0,0,1,0,0,0,0,1,0
2023-10-07 14:00:00,351,15,20,976,0,14.6,9.5,56.3,0,0,1,0,0,0,0,1,0
2023-10-07 08:00:00,209,9,19,454,0,14.6,9.5,56.3,0,0,1,0,0,0,0,1,0
2023-10-06 15:00:00,545,16,45,1737,0,11.0,10.5,28.3,1,0,0,0,0,0,0,1,0
2023-10-06 13:00:00,478,14,42,1435,0,11.0,10.5,28.3,1,0,0,0,0,0,0,1,0
2023-10-06 14:00:00,420,15,38,1577,0,11.0,10.5,28.3,1,0,0,0,0,0,0,1,0
2023-10-06 16:00:00,521,17,31,1656,0,11.0,10.5,28.3,1,0,0,0,0,0,0,1,0
2023-10-06 10:00:00,577,11,28,1171,0,11.0,10.5,28.3,1,0,0,0,0,0,0,1,0
2023-10-06 17:00:00,747,18,26,1333,0,11.0,10.5,28.3,1,0,0,0,0,0,0,1,0
2023-10-06 18:00:00,513,19,25,1108,0,11.0,10.5,28.3,1,0,0,0,0,0,0,1,0
2023-10-06 12:00:00,443,13,23,1246,0,11.0,10.5,28.3,1,0,0,0,0,0,0,1,0
2023-10-06 11:00:00,640,12,22,1177,0,11.0,10.5,28.3,1,0,0,0,0,0,0,1,0
2023-10-07 09:00:00,259,10,14,682,0,14.6,9.5,56.3,0,0,1,0,0,0,0,1,0
2023-10-06 19:00:00,350,20,16,1006,0,11.0,10.5,28.3,1,0,0,0,0,0,0,1,0
2023-10-06 09:00:00,347,10,17,1216,0,11.0,10.5,28.3,1,0,0,0,0,0,0,1,0
2023-10-07 19:00:00,19,20,2,480,0,14.6,9.5,56.3,0,0,1,0,0,0,0,1,0
2023-10-07 22:00:00,33,23,2,444,0,14.6,9.5,56.3,0,0,1,0,0,0,0,1,0
2023-10-07 21:00:00,71,22,5,421,0,14.6,9.5,56.3,0,0,1,0,0,0,0,1,0
2023-10-07 20:00:00,34,21,3,464,0,14.6,9.5,56.3,0,0,1,0,0,0,0,1,0
2023-10-07 23:00:00,16,0,3,319,0,14.6,9.5,56.3,0,0,1,0,0,0,0,1,0
2023-10-07 07:00:00,71,8,3,269,0,14.6,9.5,56.3,0,0,1,0,0,0,0,1,0
2023-10-06 07:00:00,186,8,7,640,0,11.0,10.5,28.3,1,0,0,0,0,0,0,1,0
2023-10-07 02:00:00,9,3,1,120,0,14.6,9.5,56.3,0,0,1,0,0,0,0,1,0
2023-10-07 05:00:00,10,6,1,72,0,14.6,9.5,56.3,0,0,1,0,0,0,0,1,0
2023-10-06 06:00:00,78,7,5,276,0,11.0,10.5,28.3,1,0,0,0,0,0,0,1,0
2023-10-05 01:00:00,19,2,0,102,0,18.0,6.0,5.1,0,0,0,0,1,0,0,1,0
2023-10-05 02:00:00,35,3,0,92,0,18.0,6.0,5.1,0,0,0,0,1,0,0,1,0
2023-10-05 03:00:00,15,4,0,68,0,18.0,6.0,5.1,0,0,0,0,1,0,0,1,0
2023-10-05 06:00:00,104,7,3,293,0,18.0,6.0,5.1,0,0,0,0,1,0,0,1,0
2023-10-05 00:00:00,37,1,2,164,0,18.0,6.0,5.1,0,0,0,0,1,0,0,1,0
2023-10-05 23:00:00,48,0,1,235,0,18.0,6.0,5.1,0,0,0,0,1,0,0,1,0
2023-10-05 05:00:00,68,6,1,144,0,18.0,6.0,5.1,0,0,0,0,1,0,0,1,0
2023-10-05 04:00:00,30,5,1,71,0,18.0,6.0,5.1,0,0,0,0,1,0,0,1,0
2023-10-08 00:00:00,5,1,0,211,0,17.6,8.5,5.4,0,0,0,1,0,0,0,1,0
2023-10-08 02:00:00,3,3,0,180,0,17.6,8.5,5.4,0,0,0,1,0,0,0,1,0
2023-10-08 22:00:00,45,23,4,264,0,17.6,8.5,5.4,0,0,0,1,0,0,0,1,0
2023-10-08 07:00:00,29,8,0,135,0,17.6,8.5,5.4,0,0,0,1,0,0,0,1,0
2023-10-08 08:00:00,56,9,4,232,0,17.6,8.5,5.4,0,0,0,1,0,0,0,1,0
2023-10-08 01:00:00,3,2,4,230,0,17.6,8.5,5.4,0,0,0,1,0,0,0,1,0
2023-10-08 18:00:00,142,19,14,587,0,17.6,8.5,5.4,0,0,0,1,0,0,0,1,0
2023-10-09 10:00:00,508,11,28,771,0,18.0,8.1,0.0,0,1,0,0,0,0,0,1,0
2023-10-08 06:00:00,3,7,0,77,0,17.6,8.5,5.4,0,0,0,1,0,0,0,1,0
2023-10-08 03:00:00,6,4,2,167,0,17.6,8.5,5.4,0,0,0,1,0,0,0,1,0
2023-10-08 23:00:00,24,0,1,236,0,17.6,8.5,5.4,0,0,0,1,0,0,0,1,0
2023-10-08 04:00:00,4,5,1,75,0,17.6,8.5,5.4,0,0,0,1,0,0,0,1,0
2023-10-09 20:00:00,107,21,26,611,0,18.0,8.1,0.0,0,1,0,0,0,0,0,1,0
2023-10-09 17:00:00,511,18,25,1105,0,18.0,8.1,0.0,0,1,0,0,0,0,0,1,0
2023-10-08 12:00:00,312,13,32,750,0,17.6,8.5,5.4,0,0,0,1,0,0,0,1,0
2023-10-08 14:00:00,418,15,23,859,0,17.6,8.5,5.4,0,0,0,1,0,0,0,1,0
2023-10-08 17:00:00,255,18,23,826,0,17.6,8.5,5.4,0,0,0,1,0,0,0,1,0
2023-10-08 13:00:00,401,14,18,859,0,17.6,8.5,5.4,0,0,0,1,0,0,0,1,0
2023-10-08 16:00:00,389,17,17,915,0,17.6,8.5,5.4,0,0,0,1,0,0,0,1,0
2023-10-08 10:00:00,148,11,17,575,0,17.6,8.5,5.4,0,0,0,1,0,0,0,1,0
2023-10-08 19:00:00,117,20,16,441,0,17.6,8.5,5.4,0,0,0,1,0,0,0,1,0
2023-10-08 15:00:00,300,16,15,842,0,17.6,8.5,5.4,0,0,0,1,0,0,0,1,0
2023-10-08 11:00:00,132,12,15,630,0,17.6,8.5,5.4,0,0,0,1,0,0,0,1,0
2023-10-08 05:00:00,1,6,0,64,0,17.6,8.5,5.4,0,0,0,1,0,0,0,1,0
2023-10-08 20:00:00,76,21,8,422,0,17.6,8.5,5.4,0,0,0,1,0,0,0,1,0
2023-10-08 21:00:00,84,22,8,347,0,17.6,8.5,5.4,0,0,0,1,0,0,0,1,0
2023-10-08 09:00:00,90,10,8,318,0,17.6,8.5,5.4,0,0,0,1,0,0,0,1,0
2023-10-09 08:00:00,482,9,8,886,0,18.0,8.1,0.0,0,1,0,0,0,0,0,1,0
2023-10-09 22:00:00,60,23,8,315,0,18.0,8.1,0.0,0,1,0,0,0,0,0,1,0
2023-10-09 06:00:00,29,7,6,251,0,18.0,8.1,0.0,0,1,0,0,0,0,0,1,0
2023-10-09 07:00:00,210,8,4,597,0,18.0,8.1,0.0,0,1,0,0,0,0,0,1,0
2023-10-09 23:00:00,24,0,3,236,0,18.0,8.1,0.0,0,1,0,0,0,0,0,1,0
2023-10-09 05:00:00,23,6,3,139,0,18.0,8.1,0.0,0,1,0,0,0,0,0,1,0
2023-10-09 00:00:00,27,1,3,111,0,18.0,8.1,0.0,0,1,0,0,0,0,0,1,0
2023-10-07 00:00:00,23,1,0,208,0,14.6,9.5,56.3,0,0,1,0,0,0,0,1,0
2023-10-07 01:00:00,7,2,0,158,0,14.6,9.5,56.3,0,0,1,0,0,0,0,1,0
2023-10-07 06:00:00,8,7,0,117,0,14.6,9.5,56.3,0,0,1,0,0,0,0,1,0
2023-10-07 03:00:00,4,4,0,117,0,14.6,9.5,56.3,0,0,1,0,0,0,0,1,0
2023-10-07 04:00:00,7,5,0,59,0,14.6,9.5,56.3,0,0,1,0,0,0,0,1,0
2023-10-09 19:00:00,141,20,19,720,0,18.0,8.1,0.0,0,1,0,0,0,0,0,1,0
2023-10-09 12:00:00,740,13,16,813,0,18.0,8.1,0.0,0,1,0,0,0,0,0,1,0
2023-10-09 13:00:00,857,14,61,986,0,18.0,8.1,0.0,0,1,0,0,0,0,0,1,0
2023-10-09 21:00:00,87,22,15,485,0,18.0,8.1,0.0,0,1,0,0,0,0,0,1,0
2023-10-09 11:00:00,713,12,14,885,0,18.0,8.1,0.0,0,1,0,0,0,0,0,1,0
2023-10-09 14:00:00,633,15,47,1113,0,18.0,8.1,0.0,0,1,0,0,0,0,0,1,0
2023-10-09 18:00:00,273,19,13,915,0,18.0,8.1,0.0,0,1,0,0,0,0,0,1,0
2023-10-09 15:00:00,431,16,39,1073,0,18.0,8.1,0.0,0,1,0,0,0,0,0,1,0
2023-10-09 09:00:00,459,10,12,801,0,18.0,8.1,0.0,0,1,0,0,0,0,0,1,0
2023-10-09 16:00:00,500,17,34,1126,0,18.0,8.1,0.0,0,1,0,0,0,0,0,1,0
2023-10-10 23:00:00,19,0,4,258,0,13.1,12.8,0.0,0,0,0,0,0,1,0,1,0
2023-10-10 00:00:00,27,1,4,140,0,13.1,12.8,0.0,0,0,0,0,0,1,0,1,0
2023-10-10 20:00:00,15,21,4,83,0,13.1,12.8,0.0,0,0,0,0,0,1,0,1,0
2023-10-10 21:00:00,25,22,3,297,0,13.1,12.8,0.0,0,0,0,0,0,1,0,1,0
2023-10-10 04:00:00,14,5,2,58,0,13.1,12.8,0.0,0,0,0,0,0,1,0,1,0
2023-10-10 01:00:00,21,2,0,82,0,13.1,12.8,0.0,0,0,0,0,0,1,0,1,0
2023-10-10 02:00:00,5,3,0,47,0,13.1,12.8,0.0,0,0,0,0,0,1,0,1,0
2023-10-10 03:00:00,8,4,0,32,0,13.1,12.8,0.0,0,0,0,0,0,1,0,1,0
2023-10-10 22:00:00,35,23,17,363,0,13.1,12.8,0.0,0,0,0,0,0,1,0,1,0
2023-10-11 11:00:00,311,12,13,1032,0,12.0,7.3,0.0,0,0,0,0,0,0,1,1,0
2023-10-11 19:00:00,174,20,13,735,0,12.0,7.3,0.0,0,0,0,0,0,0,1,1,0
2023-10-11 00:00:00,8,1,4,175,0,12.0,7.3,0.0,0,0,0,0,0,0,1,1,0
2023-10-11 16:00:00,427,17,53,1176,0,12.0,7.3,0.0,0,0,0,0,0,0,1,1,0
2023-10-11 12:00:00,321,13,12,1057,0,12.0,7.3,0.0,0,0,0,0,0,0,1,1,0
2023-10-09 01:00:00,16,2,1,127,0,18.0,8.1,0.0,0,1,0,0,0,0,0,1,0
2023-10-09 02:00:00,9,3,1,77,0,18.0,8.1,0.0,0,1,0,0,0,0,0,1,0
2023-10-09 04:00:00,11,5,1,50,0,18.0,8.1,0.0,0,1,0,0,0,0,0,1,0
2023-10-09 03:00:00,5,4,0,51,0,18.0,8.1,0.0,0,1,0,0,0,0,0,1,0
2023-10-10 14:00:00,412,15,14,923,0,13.1,12.8,0.0,0,0,0,0,0,1,0,1,0
2023-10-11 17:00:00,444,18,47,1197,0,12.0,7.3,0.0,0,0,0,0,0,0,1,1,0
2023-10-11 09:00:00,283,10,11,999,0,12.0,7.3,0.0,0,0,0,0,0,0,1,1,0
2023-10-11 13:00:00,399,14,11,965,0,12.0,7.3,0.0,0,0,0,0,0,0,1,1,0
2023-10-11 15:00:00,497,16,45,978,0,12.0,7.3,0.0,0,0,0,0,0,0,1,1,0
2023-10-11 14:00:00,581,15,26,995,0,12.0,7.3,0.0,0,0,0,0,0,0,1,1,0
2023-10-11 08:00:00,223,9,18,1107,0,12.0,7.3,0.0,0,0,0,0,0,0,1,1,0
2023-10-11 18:00:00,302,19,18,1038,0,12.0,7.3,0.0,0,0,0,0,0,0,1,1,0
2023-10-11 10:00:00,353,11,18,1033,0,12.0,7.3,0.0,0,0,0,0,0,0,1,1,0
2023-10-11 20:00:00,118,21,14,616,0,12.0,7.3,0.0,0,0,0,0,0,0,1,1,0
2023-10-11 21:00:00,64,22,10,535,0,12.0,7.3,0.0,0,0,0,0,0,0,1,1,0
2023-10-10 06:00:00,38,7,11,252,0,13.1,12.8,0.0,0,0,0,0,0,1,0,1,0
2023-10-10 15:00:00,521,16,9,780,0,13.1,12.8,0.0,0,0,0,0,0,1,0,1,0
2023-10-10 07:00:00,143,8,8,680,0,13.1,12.8,0.0,0,0,0,0,0,1,0,1,0
2023-10-10 05:00:00,36,6,6,150,0,13.1,12.8,0.0,0,0,0,0,0,1,0,1,0
2023-10-11 22:00:00,27,23,2,416,0,12.0,7.3,0.0,0,0,0,0,0,0,1,1,0
2023-10-11 01:00:00,6,2,2,94,0,12.0,7.3,0.0,0,0,0,0,0,0,1,1,0
2023-10-11 06:00:00,16,7,1,264,0,12.0,7.3,0.0,0,0,0,0,0,0,1,1,0
2023-10-11 03:00:00,3,4,1,41,0,12.0,7.3,0.0,0,0,0,0,0,0,1,1,0
2023-10-11 04:00:00,11,5,1,34,0,12.0,7.3,0.0,0,0,0,0,0,0,1,1,0
2023-10-11 23:00:00,25,0,5,256,0,12.0,7.3,0.0,0,0,0,0,0,0,1,1,0
2023-10-10 12:00:00,377,13,46,1154,0,13.1,12.8,0.0,0,0,0,0,0,1,0,1,0
2023-10-10 16:00:00,879,17,35,1327,0,13.1,12.8,0.0,0,0,0,0,0,1,0,1,0
2023-10-10 10:00:00,404,11,34,1027,0,13.1,12.8,0.0,0,0,0,0,0,1,0,1,0
2023-10-10 13:00:00,437,14,33,1075,0,13.1,12.8,0.0,0,0,0,0,0,1,0,1,0
2023-10-10 08:00:00,298,9,30,1018,0,13.1,12.8,0.0,0,0,0,0,0,1,0,1,0
2023-10-10 17:00:00,1070,18,28,1131,0,13.1,12.8,0.0,0,0,0,0,0,1,0,1,0
2023-10-10 18:00:00,294,19,25,1003,0,13.1,12.8,0.0,0,0,0,0,0,1,0,1,0
2023-10-10 11:00:00,326,12,22,977,0,13.1,12.8,0.0,0,0,0,0,0,1,0,1,0
2023-10-10 09:00:00,328,10,20,905,0,13.1,12.8,0.0,0,0,0,0,0,1,0,1,0
2023-10-10 19:00:00,96,20,20,729,0,13.1,12.8,0.0,0,0,0,0,0,1,0,1,0
2023-10-13 12:00:00,635,13,31,1106,0,10.8,5.5,0.0,1,0,0,0,0,0,0,1,0
2023-10-13 08:00:00,324,9,28,900,0,10.8,5.5,0.0,1,0,0,0,0,0,0,1,0
2023-10-13 21:00:00,96,22,7,602,0,10.8,5.5,0.0,1,0,0,0,0,0,0,1,0
2023-10-12 13:00:00,539,14,56,1178,0,13.2,2.8,0.1,0,0,0,0,1,0,0,1,0
2023-10-13 13:00:00,572,14,25,1202,0,10.8,5.5,0.0,1,0,0,0,0,0,0,1,0
2023-10-12 14:00:00,538,15,47,1123,0,13.2,2.8,0.1,0,0,0,0,1,0,0,1,0
2023-10-12 08:00:00,340,9,15,952,0,13.2,2.8,0.1,0,0,0,0,1,0,0,1,0
2023-10-12 03:00:00,18,4,6,64,0,13.2,2.8,0.1,0,0,0,0,1,0,0,1,0
2023-10-12 17:00:00,573,18,43,1315,0,13.2,2.8,0.1,0,0,0,0,1,0,0,1,0
2023-10-12 16:00:00,505,17,43,1299,0,13.2,2.8,0.1,0,0,0,0,1,0,0,1,0
2023-10-13 07:00:00,120,8,6,626,0,10.8,5.5,0.0,1,0,0,0,0,0,0,1,0
2023-10-13 06:00:00,50,7,5,247,0,10.8,5.5,0.0,1,0,0,0,0,0,0,1,0
2023-10-12 09:00:00,378,10,38,893,0,13.2,2.8,0.1,0,0,0,0,1,0,0,1,0
2023-10-12 22:00:00,93,23,5,453,0,13.2,2.8,0.1,0,0,0,0,1,0,0,1,0
2023-10-12 05:00:00,46,6,0,156,0,13.2,2.8,0.1,0,0,0,0,1,0,0,1,0
2023-10-13 01:00:00,15,2,4,111,0,10.8,5.5,0.0,1,0,0,0,0,0,0,1,0
2023-10-12 06:00:00,47,7,5,250,0,13.2,2.8,0.1,0,0,0,0,1,0,0,1,0
2023-10-11 07:00:00,74,8,0,737,0,12.0,7.3,0.0,0,0,0,0,0,0,1,1,0
2023-10-11 05:00:00,12,6,0,154,0,12.0,7.3,0.0,0,0,0,0,0,0,1,1,0
2023-10-11 02:00:00,6,3,0,61,0,12.0,7.3,0.0,0,0,0,0,0,0,1,1,0
2023-10-12 11:00:00,558,12,36,974,0,13.2,2.8,0.1,0,0,0,0,1,0,0,1,0
2023-10-13 11:00:00,523,12,21,1056,0,10.8,5.5,0.0,1,0,0,0,0,0,0,1,0
2023-10-12 00:00:00,28,1,5,139,0,13.2,2.8,0.1,0,0,0,0,1,0,0,1,0
2023-10-12 01:00:00,16,2,4,105,0,13.2,2.8,0.1,0,0,0,0,1,0,0,1,0
2023-10-12 23:00:00,48,0,2,267,0,13.2,2.8,0.1,0,0,0,0,1,0,0,1,0
2023-10-12 02:00:00,20,3,1,106,0,13.2,2.8,0.1,0,0,0,0,1,0,0,1,0
2023-10-12 20:00:00,136,21,12,657,0,13.2,2.8,0.1,0,0,0,0,1,0,0,1,0
2023-10-13 09:00:00,443,10,21,869,0,10.8,5.5,0.0,1,0,0,0,0,0,0,1,0
2023-10-12 04:00:00,16,5,0,63,0,13.2,2.8,0.1,0,0,0,0,1,0,0,1,0
2023-10-12 15:00:00,541,16,35,1145,0,13.2,2.8,0.1,0,0,0,0,1,0,0,1,0
2023-10-12 07:00:00,128,8,12,591,0,13.2,2.8,0.1,0,0,0,0,1,0,0,1,0
2023-10-12 12:00:00,527,13,34,1093,0,13.2,2.8,0.1,0,0,0,0,1,0,0,1,0
2023-10-13 22:00:00,65,23,3,497,0,10.8,5.5,0.0,1,0,0,0,0,0,0,1,0
2023-10-13 16:00:00,398,17,74,1231,0,10.8,5.5,0.0,1,0,0,0,0,0,0,1,0
2023-10-13 15:00:00,492,16,69,1196,0,10.8,5.5,0.0,1,0,0,0,0,0,0,1,0
2023-10-13 17:00:00,308,18,40,1150,0,10.8,5.5,0.0,1,0,0,0,0,0,0,1,0
2023-10-13 18:00:00,231,19,40,1053,0,10.8,5.5,0.0,1,0,0,0,0,0,0,1,0
2023-10-13 14:00:00,526,15,32,1357,0,10.8,5.5,0.0,1,0,0,0,0,0,0,1,0
2023-10-13 23:00:00,32,0,3,425,0,10.8,5.5,0.0,1,0,0,0,0,0,0,1,0
2023-10-13 19:00:00,130,20,19,879,0,10.8,5.5,0.0,1,0,0,0,0,0,0,1,0
2023-10-12 10:00:00,488,11,32,977,0,13.2,2.8,0.1,0,0,0,0,1,0,0,1,0
2023-10-12 21:00:00,109,22,11,587,0,13.2,2.8,0.1,0,0,0,0,1,0,0,1,0
2023-10-13 03:00:00,16,4,3,61,0,10.8,5.5,0.0,1,0,0,0,0,0,0,1,0
2023-10-12 18:00:00,334,19,29,997,0,13.2,2.8,0.1,0,0,0,0,1,0,0,1,0
2023-10-13 20:00:00,109,21,17,675,0,10.8,5.5,0.0,1,0,0,0,0,0,0,1,0
2023-10-13 05:00:00,42,6,2,150,0,10.8,5.5,0.0,1,0,0,0,0,0,0,1,0
2023-10-13 00:00:00,29,1,1,203,0,10.8,5.5,0.0,1,0,0,0,0,0,0,1,0
2023-10-13 04:00:00,17,5,1,64,0,10.8,5.5,0.0,1,0,0,0,0,0,0,1,0
2023-10-13 02:00:00,17,3,1,61,0,10.8,5.5,0.0,1,0,0,0,0,0,0,1,0
2023-10-13 10:00:00,445,11,14,961,0,10.8,5.5,0.0,1,0,0,0,0,0,0,1,0
2023-10-12 19:00:00,194,20,23,831,0,13.2,2.8,0.1,0,0,0,0,1,0,0,1,0
2023-10-14 04:00:00,13,5,0,71,0,11.7,2.6,0.0,0,0,1,0,0,0,0,1,0
2023-10-15 15:00:00,343,16,44,819,0,11.5,1.1,0.2,0,0,0,1,0,0,0,1,0
2023-10-15 12:00:00,335,13,37,683,0,11.5,1.1,0.2,0,0,0,1,0,0,0,1,0
2023-10-15 14:00:00,357,15,31,911,0,11.5,1.1,0.2,0,0,0,1,0,0,0,1,0
2023-10-14 09:00:00,232,10,27,674,0,11.7,2.6,0.0,0,0,1,0,0,0,0,1,0
2023-10-14 19:00:00,99,20,24,807,0,11.7,2.6,0.0,0,0,1,0,0,0,0,1,0
2023-10-14 18:00:00,146,19,18,949,0,11.7,2.6,0.0,0,0,1,0,0,0,0,1,0
2023-10-14 20:00:00,47,21,12,700,0,11.7,2.6,0.0,0,0,1,0,0,0,0,1,0
2023-10-14 08:00:00,64,9,11,418,0,11.7,2.6,0.0,0,0,1,0,0,0,0,1,0
2023-10-14 06:00:00,31,7,3,130,0,11.7,2.6,0.0,0,0,1,0,0,0,0,1,0
2023-10-14 05:00:00,18,6,2,95,0,11.7,2.6,0.0,0,0,1,0,0,0,0,1,0
2023-10-14 00:00:00,33,1,1,314,0,11.7,2.6,0.0,0,0,1,0,0,0,0,1,0
2023-10-14 01:00:00,30,2,1,220,0,11.7,2.6,0.0,0,0,1,0,0,0,0,1,0
2023-10-14 02:00:00,25,3,1,161,0,11.7,2.6,0.0,0,0,1,0,0,0,0,1,0
2023-10-15 16:00:00,253,17,25,850,0,11.5,1.1,0.2,0,0,0,1,0,0,0,1,0
2023-10-15 21:00:00,85,22,5,375,0,11.5,1.1,0.2,0,0,0,1,0,0,0,1,0
2023-10-14 03:00:00,13,4,0,131,0,11.7,2.6,0.0,0,0,1,0,0,0,0,1,0
2023-10-15 17:00:00,205,18,20,853,0,11.5,1.1,0.2,0,0,0,1,0,0,0,1,0
2023-10-15 22:00:00,111,23,4,420,0,11.5,1.1,0.2,0,0,0,1,0,0,0,1,0
2023-10-15 18:00:00,204,19,16,694,0,11.5,1.1,0.2,0,0,0,1,0,0,0,1,0
2023-10-15 10:00:00,260,11,15,612,0,11.5,1.1,0.2,0,0,0,1,0,0,0,1,0
2023-10-15 11:00:00,298,12,14,637,0,11.5,1.1,0.2,0,0,0,1,0,0,0,1,0
2023-10-15 13:00:00,130,14,11,485,0,11.5,1.1,0.2,0,0,0,1,0,0,0,1,0
2023-10-15 20:00:00,111,21,9,562,0,11.5,1.1,0.2,0,0,0,1,0,0,0,1,0
2023-10-15 19:00:00,105,20,8,633,0,11.5,1.1,0.2,0,0,0,1,0,0,0,1,0
2023-10-15 00:00:00,26,1,6,405,0,11.5,1.1,0.2,0,0,0,1,0,0,0,1,0
2023-10-15 09:00:00,171,10,6,365,0,11.5,1.1,0.2,0,0,0,1,0,0,0,1,0
2023-10-15 08:00:00,53,9,3,203,0,11.5,1.1,0.2,0,0,0,1,0,0,0,1,0
2023-10-15 03:00:00,17,4,2,284,0,11.5,1.1,0.2,0,0,0,1,0,0,0,1,0
2023-10-15 23:00:00,15,0,2,263,0,11.5,1.1,0.2,0,0,0,1,0,0,0,1,0
2023-10-15 02:00:00,19,3,2,258,0,11.5,1.1,0.2,0,0,0,1,0,0,0,1,0
2023-10-15 05:00:00,11,6,2,111,0,11.5,1.1,0.2,0,0,0,1,0,0,0,1,0
2023-10-15 07:00:00,26,8,1,171,0,11.5,1.1,0.2,0,0,0,1,0,0,0,1,0
2023-10-14 15:00:00,328,16,86,1117,0,11.7,2.6,0.0,0,0,1,0,0,0,0,1,0
2023-10-14 13:00:00,535,14,70,1168,0,11.7,2.6,0.0,0,0,1,0,0,0,0,1,0
2023-10-14 16:00:00,387,17,63,1115,0,11.7,2.6,0.0,0,0,1,0,0,0,0,1,0
2023-10-14 14:00:00,483,15,55,1197,0,11.7,2.6,0.0,0,0,1,0,0,0,0,1,0
2023-10-15 04:00:00,8,5,1,105,0,11.5,1.1,0.2,0,0,0,1,0,0,0,1,0
2023-10-14 11:00:00,487,12,51,1076,0,11.7,2.6,0.0,0,0,1,0,0,0,0,1,0
2023-10-15 01:00:00,14,2,0,313,0,11.5,1.1,0.2,0,0,0,1,0,0,0,1,0
2023-10-15 06:00:00,11,7,0,111,0,11.5,1.1,0.2,0,0,0,1,0,0,0,1,0
2023-10-14 21:00:00,40,22,5,565,0,11.7,2.6,0.0,0,0,1,0,0,0,0,1,0
2023-10-14 12:00:00,551,13,46,1185,0,11.7,2.6,0.0,0,0,1,0,0,0,0,1,0
2023-10-14 10:00:00,405,11,45,823,0,11.7,2.6,0.0,0,0,1,0,0,0,0,1,0
2023-10-14 17:00:00,238,18,41,931,0,11.7,2.6,0.0,0,0,1,0,0,0,0,1,0
2023-10-14 22:00:00,28,23,4,585,0,11.7,2.6,0.0,0,0,1,0,0,0,0,1,0
2023-10-14 07:00:00,52,8,4,264,0,11.7,2.6,0.0,0,0,1,0,0,0,0,1,0
2023-10-14 23:00:00,23,0,3,420,0,11.7,2.6,0.0,0,0,1,0,0,0,0,1,0
2023-10-16 03:00:00,0,4,0,2,0,11.7,1.8,0.0,0,1,0,0,0,0,0,1,0
2023-10-16 04:00:00,0,5,0,2,0,11.7,1.8,0.0,0,1,0,0,0,0,0,1,0
2023-10-17 20:00:00,229,21,13,708,0,12.9,-0.5,0.0,0,0,0,0,0,1,0,1,0
2023-10-17 07:00:00,88,8,13,670,0,12.9,-0.5,0.0,0,0,0,0,0,1,0,1,0
2023-10-17 11:00:00,575,12,11,929,0,12.9,-0.5,0.0,0,0,0,0,0,1,0,1,0
2023-10-17 23:00:00,33,0,9,247,0,12.9,-0.5,0.0,0,0,0,0,0,1,0,1,0
2023-10-17 22:00:00,63,23,8,354,0,12.9,-0.5,0.0,0,0,0,0,0,1,0,1,0
2023-10-17 06:00:00,50,7,7,265,0,12.9,-0.5,0.0,0,0,0,0,0,1,0,1,0
2023-10-17 10:00:00,433,11,6,864,0,12.9,-0.5,0.0,0,0,0,0,0,1,0,1,0
2023-10-16 02:00:00,0,3,0,1,0,11.7,1.8,0.0,0,1,0,0,0,0,0,1,0
2023-10-17 01:00:00,6,2,0,59,0,12.9,-0.5,0.0,0,0,0,0,0,1,0,1,0
2023-10-17 03:00:00,1,4,0,56,0,12.9,-0.5,0.0,0,0,0,0,0,1,0,1,0
2023-10-16 13:00:00,523,14,15,784,0,11.7,1.8,0.0,0,1,0,0,0,0,0,1,0
2023-10-16 09:00:00,379,10,13,926,0,11.7,1.8,0.0,0,1,0,0,0,0,0,1,0
2023-10-16 11:00:00,439,12,12,888,0,11.7,1.8,0.0,0,1,0,0,0,0,0,1,0
2023-10-16 19:00:00,145,20,12,784,0,11.7,1.8,0.0,0,1,0,0,0,0,0,1,0
2023-10-16 10:00:00,402,11,10,841,0,11.7,1.8,0.0,0,1,0,0,0,0,0,1,0
2023-10-16 20:00:00,102,21,9,623,0,11.7,1.8,0.0,0,1,0,0,0,0,0,1,0
2023-10-16 21:00:00,97,22,8,417,0,11.7,1.8,0.0,0,1,0,0,0,0,0,1,0
2023-10-16 22:00:00,63,23,6,338,0,11.7,1.8,0.0,0,1,0,0,0,0,0,1,0
2023-10-16 16:00:00,279,17,66,1363,0,11.7,1.8,0.0,0,1,0,0,0,0,0,1,0
2023-10-17 21:00:00,126,22,4,291,0,12.9,-0.5,0.0,0,0,0,0,0,1,0,1,0
2023-10-17 17:00:00,412,18,83,1464,0,12.9,-0.5,0.0,0,0,0,0,0,1,0,1,0
2023-10-16 18:00:00,239,19,49,994,0,11.7,1.8,0.0,0,1,0,0,0,0,0,1,0
2023-10-17 16:00:00,417,17,69,1354,0,12.9,-0.5,0.0,0,0,0,0,0,1,0,1,0
2023-10-17 00:00:00,20,1,1,140,0,12.9,-0.5,0.0,0,0,0,0,0,1,0,1,0
2023-10-17 05:00:00,26,6,1,137,0,12.9,-0.5,0.0,0,0,0,0,0,1,0,1,0
2023-10-17 04:00:00,7,5,1,52,0,12.9,-0.5,0.0,0,0,0,0,0,1,0,1,0
2023-10-17 15:00:00,340,16,69,1285,0,12.9,-0.5,0.0,0,0,0,0,0,1,0,1,0
2023-10-16 17:00:00,235,18,46,1422,0,11.7,1.8,0.0,0,1,0,0,0,0,0,1,0
2023-10-16 08:00:00,300,9,5,950,0,11.7,1.8,0.0,0,1,0,0,0,0,0,1,0
2023-10-16 15:00:00,401,16,37,865,0,11.7,1.8,0.0,0,1,0,0,0,0,0,1,0
2023-10-16 12:00:00,469,13,35,996,0,11.7,1.8,0.0,0,1,0,0,0,0,0,1,0
2023-10-16 14:00:00,434,15,26,813,0,11.7,1.8,0.0,0,1,0,0,0,0,0,1,0
2023-10-17 02:00:00,1,3,0,6,0,12.9,-0.5,0.0,0,0,0,0,0,1,0,1,0
2023-10-16 07:00:00,182,8,5,602,0,11.7,1.8,0.0,0,1,0,0,0,0,0,1,0
2023-10-17 13:00:00,484,14,38,1220,0,12.9,-0.5,0.0,0,0,0,0,0,1,0,1,0
2023-10-17 12:00:00,526,13,36,1100,0,12.9,-0.5,0.0,0,0,0,0,0,1,0,1,0
2023-10-17 14:00:00,448,15,31,1374,0,12.9,-0.5,0.0,0,0,0,0,0,1,0,1,0
2023-10-17 09:00:00,330,10,27,635,0,12.9,-0.5,0.0,0,0,0,0,0,1,0,1,0
2023-10-16 06:00:00,64,7,3,249,0,11.7,1.8,0.0,0,1,0,0,0,0,0,1,0
2023-10-17 18:00:00,214,19,22,991,0,12.9,-0.5,0.0,0,0,0,0,0,1,0,1,0
2023-10-17 08:00:00,165,9,21,810,0,12.9,-0.5,0.0,0,0,0,0,0,1,0,1,0
2023-10-16 00:00:00,21,1,2,173,0,11.7,1.8,0.0,0,1,0,0,0,0,0,1,0
2023-10-17 19:00:00,106,20,19,784,0,12.9,-0.5,0.0,0,0,0,0,0,1,0,1,0
2023-10-16 05:00:00,45,6,2,131,0,11.7,1.8,0.0,0,1,0,0,0,0,0,1,0
2023-10-16 01:00:00,9,2,2,93,0,11.7,1.8,0.0,0,1,0,0,0,0,0,1,0
2023-10-16 23:00:00,41,0,1,208,0,11.7,1.8,0.0,0,1,0,0,0,0,0,1,0
2023-10-19 06:00:00,30,7,12,202,0,9.1,9.6,89.1,0,0,0,0,1,0,0,1,0
2023-10-19 20:00:00,7,21,0,186,0,9.1,9.6,89.1,0,0,0,0,1,0,0,1,0
2023-10-19 13:00:00,11,14,11,619,0,9.1,9.6,89.1,0,0,0,0,1,0,0,1,0
2023-10-18 06:00:00,50,7,4,292,0,11.7,4.0,15.5,0,0,0,0,0,0,1,1,0
2023-10-18 00:00:00,36,1,0,147,0,11.7,4.0,15.5,0,0,0,0,0,0,1,1,0
2023-10-19 19:00:00,4,20,0,151,0,9.1,9.6,89.1,0,0,0,0,1,0,0,1,0
2023-10-19 05:00:00,19,6,10,120,0,9.1,9.6,89.1,0,0,0,0,1,0,0,1,0
2023-10-18 01:00:00,17,2,0,109,0,11.7,4.0,15.5,0,0,0,0,0,0,1,1,0
2023-10-18 12:00:00,268,13,3,1270,0,11.7,4.0,15.5,0,0,0,0,0,0,1,1,0
2023-10-19 22:00:00,7,23,0,112,0,9.1,9.6,89.1,0,0,0,0,1,0,0,1,0
2023-10-18 04:00:00,13,5,0,65,0,11.7,4.0,15.5,0,0,0,0,0,0,1,1,0
2023-10-19 23:00:00,2,0,0,72,0,9.1,9.6,89.1,0,0,0,0,1,0,0,1,0
2023-10-18 02:00:00,5,3,3,46,0,11.7,4.0,15.5,0,0,0,0,0,0,1,1,0
2023-10-18 03:00:00,6,4,0,45,0,11.7,4.0,15.5,0,0,0,0,0,0,1,1,0
2023-10-19 17:00:00,11,18,7,593,0,9.1,9.6,89.1,0,0,0,0,1,0,0,1,0
2023-10-19 16:00:00,39,17,6,777,0,9.1,9.6,89.1,0,0,0,0,1,0,0,1,0
2023-10-19 07:00:00,39,8,6,480,0,9.1,9.6,89.1,0,0,0,0,1,0,0,1,0
2023-10-19 11:00:00,78,12,5,675,0,9.1,9.6,89.1,0,0,0,0,1,0,0,1,0
2023-10-19 12:00:00,47,13,4,711,0,9.1,9.6,89.1,0,0,0,0,1,0,0,1,0
2023-10-19 03:00:00,12,4,4,68,0,9.1,9.6,89.1,0,0,0,0,1,0,0,1,0
2023-10-19 18:00:00,9,19,3,325,0,9.1,9.6,89.1,0,0,0,0,1,0,0,1,0
2023-10-19 02:00:00,3,3,3,26,0,9.1,9.6,89.1,0,0,0,0,1,0,0,1,0
2023-10-18 23:00:00,22,0,2,228,0,11.7,4.0,15.5,0,0,0,0,0,0,1,1,0
2023-10-18 05:00:00,36,6,2,125,0,11.7,4.0,15.5,0,0,0,0,0,0,1,1,0
2023-10-19 09:00:00,37,10,30,657,0,9.1,9.6,89.1,0,0,0,0,1,0,0,1,0
2023-10-19 08:00:00,121,9,29,895,0,9.1,9.6,89.1,0,0,0,0,1,0,0,1,0
2023-10-19 10:00:00,67,11,16,671,0,9.1,9.6,89.1,0,0,0,0,1,0,0,1,0
2023-10-19 14:00:00,61,15,15,687,0,9.1,9.6,89.1,0,0,0,0,1,0,0,1,0
2023-10-19 15:00:00,76,16,14,768,0,9.1,9.6,89.1,0,0,0,0,1,0,0,1,0
2023-10-18 10:00:00,287,11,14,1069,0,11.7,4.0,15.5,0,0,0,0,0,0,1,1,0
2023-10-18 20:00:00,67,21,14,601,0,11.7,4.0,15.5,0,0,0,0,0,0,1,1,0
2023-10-18 09:00:00,302,10,11,1028,0,11.7,4.0,15.5,0,0,0,0,0,0,1,1,0
2023-10-18 21:00:00,54,22,11,497,0,11.7,4.0,15.5,0,0,0,0,0,0,1,1,0
2023-10-18 08:00:00,276,9,10,1206,0,11.7,4.0,15.5,0,0,0,0,0,0,1,1,0
2023-10-18 22:00:00,40,23,10,386,0,11.7,4.0,15.5,0,0,0,0,0,0,1,1,0
2023-10-18 11:00:00,283,12,8,1158,0,11.7,4.0,15.5,0,0,0,0,0,0,1,1,0
2023-10-18 07:00:00,101,8,8,740,0,11.7,4.0,15.5,0,0,0,0,0,0,1,1,0
2023-10-20 17:00:00,380,18,44,856,0,9.6,7.3,23.4,1,0,0,0,0,0,0,1,0
2023-10-20 16:00:00,395,17,38,923,0,9.6,7.3,23.4,1,0,0,0,0,0,0,1,0
2023-10-20 14:00:00,476,15,24,875,0,9.6,7.3,23.4,1,0,0,0,0,0,0,1,0
2023-10-20 10:00:00,226,11,23,571,0,9.6,7.3,23.4,1,0,0,0,0,0,0,1,0
2023-10-20 11:00:00,258,12,22,643,0,9.6,7.3,23.4,1,0,0,0,0,0,0,1,0
2023-10-20 15:00:00,453,16,20,863,0,9.6,7.3,23.4,1,0,0,0,0,0,0,1,0
2023-10-20 12:00:00,430,13,15,767,0,9.6,7.3,23.4,1,0,0,0,0,0,0,1,0
2023-10-20 13:00:00,447,14,14,874,0,9.6,7.3,23.4,1,0,0,0,0,0,0,1,0
2023-10-20 18:00:00,163,19,12,733,0,9.6,7.3,23.4,1,0,0,0,0,0,0,1,0
2023-10-20 09:00:00,136,10,11,488,0,9.6,7.3,23.4,1,0,0,0,0,0,0,1,0
2023-10-19 21:00:00,13,22,2,165,0,9.1,9.6,89.1,0,0,0,0,1,0,0,1,0
2023-10-19 01:00:00,12,2,1,108,0,9.1,9.6,89.1,0,0,0,0,1,0,0,1,0
2023-10-19 00:00:00,5,1,1,73,0,9.1,9.6,89.1,0,0,0,0,1,0,0,1,0
2023-10-19 04:00:00,11,5,1,44,0,9.1,9.6,89.1,0,0,0,0,1,0,0,1,0
2023-10-18 16:00:00,427,17,32,1703,0,11.7,4.0,15.5,0,0,0,0,0,0,1,1,0
2023-10-18 13:00:00,337,14,28,1279,0,11.7,4.0,15.5,0,0,0,0,0,0,1,1,0
2023-10-18 15:00:00,394,16,18,1238,0,11.7,4.0,15.5,0,0,0,0,0,0,1,1,0
2023-10-18 18:00:00,298,19,18,1026,0,11.7,4.0,15.5,0,0,0,0,0,0,1,1,0
2023-10-18 14:00:00,343,15,17,1249,0,11.7,4.0,15.5,0,0,0,0,0,0,1,1,0
2023-10-18 19:00:00,90,20,16,769,0,11.7,4.0,15.5,0,0,0,0,0,0,1,1,0
2023-10-18 17:00:00,232,18,15,2120,0,11.7,4.0,15.5,0,0,0,0,0,0,1,1,0
2023-10-22 17:00:00,153,18,28,773,0,10.8,1.0,0.0,0,0,0,1,0,0,0,1,0
2023-10-22 11:00:00,420,12,19,740,0,10.8,1.0,0.0,0,0,0,1,0,0,0,1,0
2023-10-22 12:00:00,438,13,16,853,0,10.8,1.0,0.0,0,0,0,1,0,0,0,1,0
2023-10-21 10:00:00,210,11,11,726,0,12.8,5.9,1.0,0,0,1,0,0,0,0,1,0
2023-10-21 12:00:00,479,13,9,903,0,12.8,5.9,1.0,0,0,1,0,0,0,0,1,0
2023-10-21 19:00:00,241,20,9,721,0,12.8,5.9,1.0,0,0,1,0,0,0,0,1,0
2023-10-21 20:00:00,151,21,7,653,0,12.8,5.9,1.0,0,0,1,0,0,0,0,1,0
2023-10-21 21:00:00,134,22,7,463,0,12.8,5.9,1.0,0,0,1,0,0,0,0,1,0
2023-10-21 23:00:00,51,0,6,414,0,12.8,5.9,1.0,0,0,1,0,0,0,0,1,0
2023-10-21 07:00:00,17,8,4,186,0,12.8,5.9,1.0,0,0,1,0,0,0,0,1,0
2023-10-21 03:00:00,0,4,3,68,0,12.8,5.9,1.0,0,0,1,0,0,0,0,1,0
2023-10-21 02:00:00,3,3,0,81,0,12.8,5.9,1.0,0,0,1,0,0,0,0,1,0
2023-10-21 05:00:00,1,6,0,79,0,12.8,5.9,1.0,0,0,1,0,0,0,0,1,0
2023-10-21 04:00:00,2,5,0,39,0,12.8,5.9,1.0,0,0,1,0,0,0,0,1,0
2023-10-22 14:00:00,396,15,80,905,0,10.8,1.0,0.0,0,0,0,1,0,0,0,1,0
2023-10-22 16:00:00,278,17,67,796,0,10.8,1.0,0.0,0,0,0,1,0,0,0,1,0
2023-10-22 15:00:00,306,16,59,908,0,10.8,1.0,0.0,0,0,0,1,0,0,0,1,0
2023-10-22 13:00:00,464,14,55,919,0,10.8,1.0,0.0,0,0,0,1,0,0,0,1,0
2023-10-22 18:00:00,141,19,15,695,0,10.8,1.0,0.0,0,0,0,1,0,0,0,1,0
2023-10-22 20:00:00,78,21,15,490,0,10.8,1.0,0.0,0,0,0,1,0,0,0,1,0
2023-10-22 19:00:00,103,20,12,594,0,10.8,1.0,0.0,0,0,0,1,0,0,0,1,0
2023-10-22 10:00:00,220,11,10,588,0,10.8,1.0,0.0,0,0,0,1,0,0,0,1,0
2023-10-22 09:00:00,74,10,7,269,0,10.8,1.0,0.0,0,0,0,1,0,0,0,1,0
2023-10-22 21:00:00,89,22,6,432,0,10.8,1.0,0.0,0,0,0,1,0,0,0,1,0
2023-10-22 22:00:00,52,23,6,336,0,10.8,1.0,0.0,0,0,0,1,0,0,0,1,0
2023-10-22 08:00:00,40,9,6,198,0,10.8,1.0,0.0,0,0,0,1,0,0,0,1,0
2023-10-22 00:00:00,50,1,4,337,0,10.8,1.0,0.0,0,0,0,1,0,0,0,1,0
2023-10-22 23:00:00,1,0,4,68,0,10.8,1.0,0.0,0,0,0,1,0,0,0,1,0
2023-10-22 07:00:00,31,8,3,162,0,10.8,1.0,0.0,0,0,0,1,0,0,0,1,0
2023-10-22 01:00:00,29,2,1,240,0,10.8,1.0,0.0,0,0,0,1,0,0,0,1,0
2023-10-22 02:00:00,8,3,1,131,0,10.8,1.0,0.0,0,0,0,1,0,0,0,1,0
2023-10-20 06:00:00,11,7,0,113,0,9.6,7.3,23.4,1,0,0,0,0,0,0,1,0
2023-10-20 05:00:00,7,6,0,48,0,9.6,7.3,23.4,1,0,0,0,0,0,0,1,0
2023-10-20 00:00:00,0,1,0,29,0,9.6,7.3,23.4,1,0,0,0,0,0,0,1,0
2023-10-20 02:00:00,1,3,0,12,0,9.6,7.3,23.4,1,0,0,0,0,0,0,1,0
2023-10-20 01:00:00,1,2,0,10,0,9.6,7.3,23.4,1,0,0,0,0,0,0,1,0
2023-10-20 03:00:00,1,4,0,9,0,9.6,7.3,23.4,1,0,0,0,0,0,0,1,0
2023-10-20 04:00:00,1,5,0,9,0,9.6,7.3,23.4,1,0,0,0,0,0,0,1,0
2023-10-21 16:00:00,575,17,55,854,0,12.8,5.9,1.0,0,0,1,0,0,0,0,1,0
2023-10-21 17:00:00,572,18,28,817,0,12.8,5.9,1.0,0,0,1,0,0,0,0,1,0
2023-10-21 14:00:00,405,15,25,1011,0,12.8,5.9,1.0,0,0,1,0,0,0,0,1,0
2023-10-21 11:00:00,368,12,23,838,0,12.8,5.9,1.0,0,0,1,0,0,0,0,1,0
2023-10-21 15:00:00,446,16,14,949,0,12.8,5.9,1.0,0,0,1,0,0,0,0,1,0
2023-10-21 13:00:00,543,14,14,943,0,12.8,5.9,1.0,0,0,1,0,0,0,0,1,0
2023-10-21 18:00:00,311,19,13,782,0,12.8,5.9,1.0,0,0,1,0,0,0,0,1,0
2023-10-21 22:00:00,98,23,2,453,0,12.8,5.9,1.0,0,0,1,0,0,0,0,1,0
2023-10-21 08:00:00,35,9,2,370,0,12.8,5.9,1.0,0,0,1,0,0,0,0,1,0
2023-10-21 00:00:00,7,1,2,148,0,12.8,5.9,1.0,0,0,1,0,0,0,0,1,0
2023-10-21 06:00:00,0,7,2,99,0,12.8,5.9,1.0,0,0,1,0,0,0,0,1,0
2023-10-21 01:00:00,2,2,2,92,0,12.8,5.9,1.0,0,0,1,0,0,0,0,1,0
2023-10-21 09:00:00,77,10,1,545,0,12.8,5.9,1.0,0,0,1,0,0,0,0,1,0
2023-10-20 08:00:00,48,9,7,537,0,9.6,7.3,23.4,1,0,0,0,0,0,0,1,0
2023-10-20 19:00:00,81,20,5,591,0,9.6,7.3,23.4,1,0,0,0,0,0,0,1,0
2023-10-20 21:00:00,52,22,3,424,0,9.6,7.3,23.4,1,0,0,0,0,0,0,1,0
2023-10-20 20:00:00,61,21,2,433,0,9.6,7.3,23.4,1,0,0,0,0,0,0,1,0
2023-10-20 07:00:00,3,8,2,324,0,9.6,7.3,23.4,1,0,0,0,0,0,0,1,0
2023-10-20 22:00:00,24,23,1,327,0,9.6,7.3,23.4,1,0,0,0,0,0,0,1,0
2023-10-20 23:00:00,9,0,1,245,0,9.6,7.3,23.4,1,0,0,0,0,0,0,1,0
2023-10-23 10:00:00,452,11,24,901,0,11.1,-1.0,4.5,0,1,0,0,0,0,0,1,0
2023-10-23 16:00:00,236,17,23,1428,0,11.1,-1.0,4.5,0,1,0,0,0,0,0,1,0
2023-10-23 20:00:00,100,21,18,666,0,11.1,-1.0,4.5,0,1,0,0,0,0,0,1,0
2023-10-23 07:00:00,109,8,14,627,0,11.1,-1.0,4.5,0,1,0,0,0,0,0,1,0
2023-10-23 21:00:00,101,22,12,502,0,11.1,-1.0,4.5,0,1,0,0,0,0,0,1,0
2023-10-23 17:00:00,174,18,8,651,0,11.1,-1.0,4.5,0,1,0,0,0,0,0,1,0
2023-10-23 22:00:00,49,23,7,366,0,11.1,-1.0,4.5,0,1,0,0,0,0,0,1,0
2023-10-24 07:00:00,76,8,13,734,0,9.9,3.2,0.9,0,0,0,0,0,1,0,1,0
2023-10-24 22:00:00,90,23,11,378,0,9.9,3.2,0.9,0,0,0,0,0,1,0,1,0
2023-10-24 05:00:00,8,6,6,113,0,9.9,3.2,0.9,0,0,0,0,0,1,0,1,0
2023-10-24 06:00:00,9,7,4,257,0,9.9,3.2,0.9,0,0,0,0,0,1,0,1,0
2023-10-24 23:00:00,54,0,2,250,0,9.9,3.2,0.9,0,0,0,0,0,1,0,1,0
2023-10-24 02:00:00,3,3,1,49,0,9.9,3.2,0.9,0,0,0,0,0,1,0,1,0
2023-10-24 01:00:00,7,2,0,121,0,9.9,3.2,0.9,0,0,0,0,0,1,0,1,0
2023-10-24 00:00:00,23,1,0,96,0,9.9,3.2,0.9,0,0,0,0,0,1,0,1,0
2023-10-24 04:00:00,8,5,0,62,0,9.9,3.2,0.9,0,0,0,0,0,1,0,1,0
2023-10-23 06:00:00,55,7,0,268,0,11.1,-1.0,4.5,0,1,0,0,0,0,0,1,0
2023-10-23 02:00:00,2,3,0,51,0,11.1,-1.0,4.5,0,1,0,0,0,0,0,1,0
2023-10-23 00:00:00,0,1,0,46,0,11.1,-1.0,4.5,0,1,0,0,0,0,0,1,0
2023-10-23 03:00:00,1,4,0,35,0,11.1,-1.0,4.5,0,1,0,0,0,0,0,1,0
2023-10-24 15:00:00,410,16,69,1234,0,9.9,3.2,0.9,0,0,0,0,0,1,0,1,0
2023-10-24 14:00:00,473,15,63,1192,0,9.9,3.2,0.9,0,0,0,0,0,1,0,1,0
2023-10-24 16:00:00,648,17,53,1569,0,9.9,3.2,0.9,0,0,0,0,0,1,0,1,0
2023-10-24 17:00:00,628,18,41,1653,0,9.9,3.2,0.9,0,0,0,0,0,1,0,1,0
2023-10-24 18:00:00,211,19,39,1230,0,9.9,3.2,0.9,0,0,0,0,0,1,0,1,0
2023-10-24 12:00:00,590,13,37,1057,0,9.9,3.2,0.9,0,0,0,0,0,1,0,1,0
2023-10-24 03:00:00,2,4,0,31,0,9.9,3.2,0.9,0,0,0,0,0,1,0,1,0
2023-10-25 12:00:00,107,13,50,1207,0,11.2,4.9,2.1,0,0,0,0,0,0,1,1,0
2023-10-25 16:00:00,43,17,47,1423,0,11.2,4.9,2.1,0,0,0,0,0,0,1,1,0
2023-10-25 15:00:00,216,16,39,1201,0,11.2,4.9,2.1,0,0,0,0,0,0,1,1,0
2023-10-25 17:00:00,47,18,39,1108,0,11.2,4.9,2.1,0,0,0,0,0,0,1,1,0
2023-10-25 13:00:00,98,14,38,1124,0,11.2,4.9,2.1,0,0,0,0,0,0,1,1,0
2023-10-25 08:00:00,281,9,33,1079,0,11.2,4.9,2.1,0,0,0,0,0,0,1,1,0
2023-10-25 14:00:00,169,15,25,1135,0,11.2,4.9,2.1,0,0,0,0,0,0,1,1,0
2023-10-25 10:00:00,52,11,25,940,0,11.2,4.9,2.1,0,0,0,0,0,0,1,1,0
2023-10-25 11:00:00,29,12,24,895,0,11.2,4.9,2.1,0,0,0,0,0,0,1,1,0
2023-10-22 03:00:00,6,4,0,156,0,10.8,1.0,0.0,0,0,0,1,0,0,0,1,0
2023-10-22 06:00:00,11,7,0,106,0,10.8,1.0,0.0,0,0,0,1,0,0,0,1,0
2023-10-22 04:00:00,4,5,0,84,0,10.8,1.0,0.0,0,0,0,1,0,0,0,1,0
2023-10-22 05:00:00,5,6,0,75,0,10.8,1.0,0.0,0,0,0,1,0,0,0,1,0
2023-10-23 14:00:00,1132,15,59,1198,0,11.1,-1.0,4.5,0,1,0,0,0,0,0,1,0
2023-10-23 12:00:00,596,13,44,1090,0,11.1,-1.0,4.5,0,1,0,0,0,0,0,1,0
2023-10-23 15:00:00,775,16,42,1586,0,11.1,-1.0,4.5,0,1,0,0,0,0,0,1,0
2023-10-23 08:00:00,350,9,36,1141,0,11.1,-1.0,4.5,0,1,0,0,0,0,0,1,0
2023-10-23 13:00:00,610,14,36,960,0,11.1,-1.0,4.5,0,1,0,0,0,0,0,1,0
2023-10-23 11:00:00,557,12,35,1007,0,11.1,-1.0,4.5,0,1,0,0,0,0,0,1,0
2023-10-23 09:00:00,315,10,34,869,0,11.1,-1.0,4.5,0,1,0,0,0,0,0,1,0
2023-10-23 19:00:00,130,20,26,866,0,11.1,-1.0,4.5,0,1,0,0,0,0,0,1,0
2023-10-24 08:00:00,464,9,29,1234,0,9.9,3.2,0.9,0,0,0,0,0,1,0,1,0
2023-10-24 10:00:00,521,11,29,1060,0,9.9,3.2,0.9,0,0,0,0,0,1,0,1,0
2023-10-24 19:00:00,142,20,29,954,0,9.9,3.2,0.9,0,0,0,0,0,1,0,1,0
2023-10-24 13:00:00,673,14,28,1113,0,9.9,3.2,0.9,0,0,0,0,0,1,0,1,0
2023-10-24 09:00:00,440,10,25,1155,0,9.9,3.2,0.9,0,0,0,0,0,1,0,1,0
2023-10-24 20:00:00,101,21,18,707,0,9.9,3.2,0.9,0,0,0,0,0,1,0,1,0
2023-10-24 21:00:00,104,22,17,558,0,9.9,3.2,0.9,0,0,0,0,0,1,0,1,0
2023-10-24 11:00:00,564,12,16,1030,0,9.9,3.2,0.9,0,0,0,0,0,1,0,1,0
2023-10-23 05:00:00,22,6,6,150,0,11.1,-1.0,4.5,0,1,0,0,0,0,0,1,0
2023-10-23 18:00:00,116,19,4,337,0,11.1,-1.0,4.5,0,1,0,0,0,0,0,1,0
2023-10-23 23:00:00,42,0,1,240,0,11.1,-1.0,4.5,0,1,0,0,0,0,0,1,0
2023-10-23 01:00:00,3,2,1,58,0,11.1,-1.0,4.5,0,1,0,0,0,0,0,1,0
2023-10-23 04:00:00,3,5,1,37,0,11.1,-1.0,4.5,0,1,0,0,0,0,0,1,0
2023-10-25 01:00:00,7,2,1,106,0,11.2,4.9,2.1,0,0,0,0,0,0,1,1,0
2023-10-25 22:00:00,13,23,0,294,0,11.2,4.9,2.1,0,0,0,0,0,0,1,1,0
2023-10-25 04:00:00,6,5,0,55,0,11.2,4.9,2.1,0,0,0,0,0,0,1,1,0
2023-10-25 03:00:00,2,4,0,41,0,11.2,4.9,2.1,0,0,0,0,0,0,1,1,0
2023-10-25 02:00:00,25,3,0,29,0,11.2,4.9,2.1,0,0,0,0,0,0,1,1,0
2023-10-27 16:00:00,447,17,53,1719,0,11.2,7.2,16.5,1,0,0,0,0,0,0,1,0
2023-10-27 17:00:00,280,18,52,1213,0,11.2,7.2,16.5,1,0,0,0,0,0,0,1,0
2023-10-27 15:00:00,174,16,41,1017,0,11.2,7.2,16.5,1,0,0,0,0,0,0,1,0
2023-10-27 12:00:00,134,13,24,1257,0,11.2,7.2,16.5,1,0,0,0,0,0,0,1,0
2023-10-27 09:00:00,170,10,22,1060,0,11.2,7.2,16.5,1,0,0,0,0,0,0,1,0
2023-10-27 10:00:00,160,11,20,1052,0,11.2,7.2,16.5,1,0,0,0,0,0,0,1,0
2023-10-27 11:00:00,212,12,18,1299,0,11.2,7.2,16.5,1,0,0,0,0,0,0,1,0
2023-10-27 07:00:00,39,8,18,637,0,11.2,7.2,16.5,1,0,0,0,0,0,0,1,0
2023-10-27 14:00:00,427,15,17,693,0,11.2,7.2,16.5,1,0,0,0,0,0,0,1,0
2023-10-27 08:00:00,311,9,15,1201,0,11.2,7.2,16.5,1,0,0,0,0,0,0,1,0
2023-10-26 05:00:00,37,6,3,153,0,10.9,5.9,29.4,0,0,0,0,1,0,0,1,0
2023-10-26 01:00:00,9,2,3,126,0,10.9,5.9,29.4,0,0,0,0,1,0,0,1,0
2023-10-26 20:00:00,7,21,3,13,0,10.9,5.9,29.4,0,0,0,0,1,0,0,1,0
2023-10-26 21:00:00,16,22,1,328,0,10.9,5.9,29.4,0,0,0,0,1,0,0,1,0
2023-10-26 00:00:00,12,1,1,164,0,10.9,5.9,29.4,0,0,0,0,1,0,0,1,0
2023-10-26 08:00:00,422,9,14,1284,0,10.9,5.9,29.4,0,0,0,0,1,0,0,1,0
2023-10-26 07:00:00,77,8,14,720,0,10.9,5.9,29.4,0,0,0,0,1,0,0,1,0
2023-10-26 06:00:00,34,7,7,293,0,10.9,5.9,29.4,0,0,0,0,1,0,0,1,0
2023-10-26 18:00:00,33,19,5,690,0,10.9,5.9,29.4,0,0,0,0,1,0,0,1,0
2023-10-26 16:00:00,233,17,54,1990,0,10.9,5.9,29.4,0,0,0,0,1,0,0,1,0
2023-10-26 15:00:00,323,16,45,1463,0,10.9,5.9,29.4,0,0,0,0,1,0,0,1,0
2023-10-26 17:00:00,56,18,34,1322,0,10.9,5.9,29.4,0,0,0,0,1,0,0,1,0
2023-10-26 11:00:00,36,12,33,869,0,10.9,5.9,29.4,0,0,0,0,1,0,0,1,0
2023-10-26 10:00:00,146,11,30,976,0,10.9,5.9,29.4,0,0,0,0,1,0,0,1,0
2023-10-26 12:00:00,116,13,28,1132,0,10.9,5.9,29.4,0,0,0,0,1,0,0,1,0
2023-10-26 14:00:00,314,15,26,1418,0,10.9,5.9,29.4,0,0,0,0,1,0,0,1,0
2023-10-26 13:00:00,255,14,25,1299,0,10.9,5.9,29.4,0,0,0,0,1,0,0,1,0
2023-10-26 09:00:00,473,10,21,1126,0,10.9,5.9,29.4,0,0,0,0,1,0,0,1,0
2023-10-25 09:00:00,115,10,20,842,0,11.2,4.9,2.1,0,0,0,0,0,0,1,1,0
2023-10-25 07:00:00,73,8,15,787,0,11.2,4.9,2.1,0,0,0,0,0,0,1,1,0
2023-10-25 19:00:00,51,20,11,704,0,11.2,4.9,2.1,0,0,0,0,0,0,1,1,0
2023-10-25 06:00:00,43,7,8,280,0,11.2,4.9,2.1,0,0,0,0,0,0,1,1,0
2023-10-25 18:00:00,23,19,7,878,0,11.2,4.9,2.1,0,0,0,0,0,0,1,1,0
2023-10-25 20:00:00,22,21,6,446,0,11.2,4.9,2.1,0,0,0,0,0,0,1,1,0
2023-10-26 02:00:00,10,3,1,68,0,10.9,5.9,29.4,0,0,0,0,1,0,0,1,0
2023-10-26 04:00:00,9,5,1,52,0,10.9,5.9,29.4,0,0,0,0,1,0,0,1,0
2023-10-26 22:00:00,13,23,0,264,0,10.9,5.9,29.4,0,0,0,0,1,0,0,1,0
2023-10-26 19:00:00,17,20,0,171,0,10.9,5.9,29.4,0,0,0,0,1,0,0,1,0
2023-10-26 23:00:00,12,0,0,159,0,10.9,5.9,29.4,0,0,0,0,1,0,0,1,0
2023-10-26 03:00:00,7,4,0,62,0,10.9,5.9,29.4,0,0,0,0,1,0,0,1,0
2023-10-25 21:00:00,51,22,5,420,0,11.2,4.9,2.1,0,0,0,0,0,0,1,1,0
2023-10-25 00:00:00,26,1,4,171,0,11.2,4.9,2.1,0,0,0,0,0,0,1,1,0
2023-10-25 05:00:00,36,6,3,142,0,11.2,4.9,2.1,0,0,0,0,0,0,1,1,0
2023-10-25 23:00:00,4,0,2,183,0,11.2,4.9,2.1,0,0,0,0,0,0,1,1,0
2023-10-27 04:00:00,9,5,0,45,0,11.2,7.2,16.5,1,0,0,0,0,0,0,1,0
2023-10-28 02:00:00,20,3,1,166,0,11.6,9.0,7.9,0,0,1,0,0,0,0,1,0
2023-10-28 05:00:00,5,6,1,101,0,11.6,9.0,7.9,0,0,1,0,0,0,0,1,0
2023-10-29 13:00:00,139,14,33,1041,0,9.9,9.5,6.1,0,0,0,1,0,0,0,1,0
2023-10-29 14:00:00,91,15,32,915,0,9.9,9.5,6.1,0,0,0,1,0,0,0,1,0
2023-10-29 11:00:00,137,12,25,742,0,9.9,9.5,6.1,0,0,0,1,0,0,0,1,0
2023-10-29 16:00:00,92,17,23,690,0,9.9,9.5,6.1,0,0,0,1,0,0,0,1,0
2023-10-29 15:00:00,105,16,22,853,0,9.9,9.5,6.1,0,0,0,1,0,0,0,1,0
2023-10-29 10:00:00,191,11,21,732,0,9.9,9.5,6.1,0,0,0,1,0,0,0,1,0
2023-10-29 12:00:00,179,13,17,1069,0,9.9,9.5,6.1,0,0,0,1,0,0,0,1,0
2023-10-29 19:00:00,32,20,12,622,0,9.9,9.5,6.1,0,0,0,1,0,0,0,1,0
2023-10-29 09:00:00,175,10,11,379,0,9.9,9.5,6.1,0,0,0,1,0,0,0,1,0
2023-10-29 17:00:00,66,18,9,609,0,9.9,9.5,6.1,0,0,0,1,0,0,0,1,0
2023-10-29 18:00:00,33,19,7,587,0,9.9,9.5,6.1,0,0,0,1,0,0,0,1,0
2023-10-29 20:00:00,61,21,6,506,0,9.9,9.5,6.1,0,0,0,1,0,0,0,1,0
2023-10-29 21:00:00,54,22,5,421,0,9.9,9.5,6.1,0,0,0,1,0,0,0,1,0
2023-10-29 08:00:00,102,9,5,242,0,9.9,9.5,6.1,0,0,0,1,0,0,0,1,0
2023-10-29 23:00:00,17,0,4,253,0,9.9,9.5,6.1,0,0,0,1,0,0,0,1,0
2023-10-28 16:00:00,517,17,97,987,0,11.6,9.0,7.9,0,0,1,0,0,0,0,1,0
2023-10-28 15:00:00,556,16,55,1146,0,11.6,9.0,7.9,0,0,1,0,0,0,0,1,0
2023-10-28 14:00:00,537,15,48,1043,0,11.6,9.0,7.9,0,0,1,0,0,0,0,1,0
2023-10-28 17:00:00,418,18,43,1095,0,11.6,9.0,7.9,0,0,1,0,0,0,0,1,0
2023-10-28 11:00:00,596,12,27,1134,0,11.6,9.0,7.9,0,0,1,0,0,0,0,1,0
2023-10-28 12:00:00,708,13,26,1190,0,11.6,9.0,7.9,0,0,1,0,0,0,0,1,0
2023-10-28 10:00:00,231,11,25,870,0,11.6,9.0,7.9,0,0,1,0,0,0,0,1,0
2023-10-28 18:00:00,143,19,23,1019,0,11.6,9.0,7.9,0,0,1,0,0,0,0,1,0
2023-10-28 08:00:00,124,9,16,462,0,11.6,9.0,7.9,0,0,1,0,0,0,0,1,0
2023-10-28 13:00:00,879,14,14,1206,0,11.6,9.0,7.9,0,0,1,0,0,0,0,1,0
2023-10-28 19:00:00,133,20,13,787,0,11.6,9.0,7.9,0,0,1,0,0,0,0,1,0
2023-10-28 21:00:00,107,22,11,666,0,11.6,9.0,7.9,0,0,1,0,0,0,0,1,0
2023-10-28 09:00:00,339,10,10,806,0,11.6,9.0,7.9,0,0,1,0,0,0,0,1,0
2023-10-28 20:00:00,123,21,8,761,0,11.6,9.0,7.9,0,0,1,0,0,0,0,1,0
2023-10-28 22:00:00,83,23,3,555,0,11.6,9.0,7.9,0,0,1,0,0,0,0,1,0
2023-10-28 00:00:00,30,1,3,274,0,11.6,9.0,7.9,0,0,1,0,0,0,0,1,0
2023-10-28 07:00:00,14,8,3,229,0,11.6,9.0,7.9,0,0,1,0,0,0,0,1,0
2023-10-28 06:00:00,11,7,2,134,0,11.6,9.0,7.9,0,0,1,0,0,0,0,1,0
2023-10-28 01:00:00,4,2,0,225,0,11.6,9.0,7.9,0,0,1,0,0,0,0,1,0
2023-10-28 23:00:00,16,0,0,218,0,11.6,9.0,7.9,0,0,1,0,0,0,0,1,0
2023-10-28 03:00:00,9,4,0,132,0,11.6,9.0,7.9,0,0,1,0,0,0,0,1,0
2023-10-28 04:00:00,2,5,0,70,0,11.6,9.0,7.9,0,0,1,0,0,0,0,1,0
2023-10-27 18:00:00,64,19,10,828,0,11.2,7.2,16.5,1,0,0,0,0,0,0,1,0
2023-10-27 21:00:00,35,22,8,759,0,11.2,7.2,16.5,1,0,0,0,0,0,0,1,0
2023-10-27 20:00:00,25,21,8,593,0,11.2,7.2,16.5,1,0,0,0,0,0,0,1,0
2023-10-27 22:00:00,135,23,6,585,0,11.2,7.2,16.5,1,0,0,0,0,0,0,1,0
2023-10-27 13:00:00,41,14,6,409,0,11.2,7.2,16.5,1,0,0,0,0,0,0,1,0
2023-10-27 06:00:00,26,7,6,254,0,11.2,7.2,16.5,1,0,0,0,0,0,0,1,0
2023-10-27 05:00:00,27,6,6,141,0,11.2,7.2,16.5,1,0,0,0,0,0,0,1,0
2023-10-27 23:00:00,71,0,5,429,0,11.2,7.2,16.5,1,0,0,0,0,0,0,1,0
2023-10-27 19:00:00,29,20,3,670,0,11.2,7.2,16.5,1,0,0,0,0,0,0,1,0
2023-10-27 00:00:00,3,1,2,92,0,11.2,7.2,16.5,1,0,0,0,0,0,0,1,0
2023-10-27 03:00:00,3,4,2,61,0,11.2,7.2,16.5,1,0,0,0,0,0,0,1,0
2023-10-27 02:00:00,12,3,1,73,0,11.2,7.2,16.5,1,0,0,0,0,0,0,1,0
2023-10-27 01:00:00,2,2,1,66,0,11.2,7.2,16.5,1,0,0,0,0,0,0,1,0
2023-10-30 02:00:00,16,3,2,85,0,9.6,5.6,0.0,0,1,0,0,0,0,0,0,1
2023-10-31 18:00:00,431,19,27,1234,0,10.2,5.3,7.5,0,0,0,0,0,1,0,0,1
2023-10-30 00:00:00,16,1,1,146,0,9.6,5.6,0.0,0,1,0,0,0,0,0,0,1
2023-10-30 18:00:00,276,19,24,1160,0,9.6,5.6,0.0,0,1,0,0,0,0,0,0,1
2023-10-30 11:00:00,440,12,17,1022,0,9.6,5.6,0.0,0,1,0,0,0,0,0,0,1
2023-10-30 10:00:00,402,11,16,972,0,9.6,5.6,0.0,0,1,0,0,0,0,0,0,1
2023-10-30 09:00:00,460,10,13,1127,0,9.6,5.6,0.0,0,1,0,0,0,0,0,0,1
2023-10-30 19:00:00,290,20,12,805,0,9.6,5.6,0.0,0,1,0,0,0,0,0,0,1
2023-10-30 07:00:00,179,8,11,726,0,9.6,5.6,0.0,0,1,0,0,0,0,0,0,1
2023-10-30 08:00:00,495,9,10,1298,0,9.6,5.6,0.0,0,1,0,0,0,0,0,0,1
2023-10-31 16:00:00,1004,17,18,1075,0,10.2,5.3,7.5,0,0,0,0,0,1,0,0,1
2023-10-30 03:00:00,22,4,1,59,0,9.6,5.6,0.0,0,1,0,0,0,0,0,0,1
2023-10-31 19:00:00,301,20,16,927,0,10.2,5.3,7.5,0,0,0,0,0,1,0,0,1
2023-10-29 04:00:00,4,5,1,46,0,9.9,9.5,6.1,0,0,0,1,0,0,0,1,0
2023-10-31 07:00:00,272,8,13,861,0,10.2,5.3,7.5,0,0,0,0,0,1,0,0,1
2023-10-31 20:00:00,253,21,9,702,0,10.2,5.3,7.5,0,0,0,0,0,1,0,0,1
2023-10-31 06:00:00,64,7,9,307,0,10.2,5.3,7.5,0,0,0,0,0,1,0,0,1
2023-10-31 08:00:00,327,9,8,693,0,10.2,5.3,7.5,0,0,0,0,0,1,0,0,1
2023-10-31 14:00:00,16,15,8,42,0,10.2,5.3,7.5,0,0,0,0,0,1,0,0,1
2023-10-29 01:00:00,24,2,3,291,0,9.9,9.5,6.1,0,0,0,1,0,0,0,1,0
2023-10-29 07:00:00,39,8,3,177,0,9.9,9.5,6.1,0,0,0,1,0,0,0,1,0
2023-10-29 06:00:00,28,7,3,101,0,9.9,9.5,6.1,0,0,0,1,0,0,0,1,0
2023-10-29 02:00:00,23,3,0,155,0,9.9,9.5,6.1,0,0,0,1,0,0,0,1,0
2023-10-29 03:00:00,3,4,0,67,0,9.9,9.5,6.1,0,0,0,1,0,0,0,1,0
2023-10-29 22:00:00,41,23,2,332,0,9.9,9.5,6.1,0,0,0,1,0,0,0,1,0
2023-10-30 04:00:00,7,5,0,55,0,9.6,5.6,0.0,0,1,0,0,0,0,0,0,1
2023-10-31 17:00:00,651,18,41,1730,0,10.2,5.3,7.5,0,0,0,0,0,1,0,0,1
2023-10-29 00:00:00,15,1,1,130,0,9.9,9.5,6.1,0,0,0,1,0,0,0,1,0
2023-10-29 05:00:00,13,6,1,85,0,9.9,9.5,6.1,0,0,0,1,0,0,0,1,0
2023-10-30 15:00:00,313,16,57,1213,0,9.6,5.6,0.0,0,1,0,0,0,0,0,0,1
2023-10-30 14:00:00,340,15,55,1234,0,9.6,5.6,0.0,0,1,0,0,0,0,0,0,1
2023-10-30 12:00:00,457,13,54,1193,0,9.6,5.6,0.0,0,1,0,0,0,0,0,0,1
2023-10-30 13:00:00,450,14,46,1123,0,9.6,5.6,0.0,0,1,0,0,0,0,0,0,1
2023-10-30 17:00:00,421,18,43,1645,0,9.6,5.6,0.0,0,1,0,0,0,0,0,0,1
2023-10-30 16:00:00,747,17,42,1548,0,9.6,5.6,0.0,0,1,0,0,0,0,0,0,1
2023-10-30 06:00:00,55,7,10,298,0,9.6,5.6,0.0,0,1,0,0,0,0,0,0,1
2023-10-30 20:00:00,232,21,8,653,0,9.6,5.6,0.0,0,1,0,0,0,0,0,0,1
2023-10-30 05:00:00,17,6,7,154,0,9.6,5.6,0.0,0,1,0,0,0,0,0,0,1
2023-10-30 21:00:00,152,22,6,527,0,9.6,5.6,0.0,0,1,0,0,0,0,0,0,1
2023-10-30 23:00:00,49,0,4,190,0,9.6,5.6,0.0,0,1,0,0,0,0,0,0,1
2023-10-30 22:00:00,84,23,3,331,0,9.6,5.6,0.0,0,1,0,0,0,0,0,0,1
2023-10-30 01:00:00,12,2,3,98,0,9.6,5.6,0.0,0,1,0,0,0,0,0,0,1
2023-10-31 01:00:00,13,2,1,106,0,10.2,5.3,7.5,0,0,0,0,0,1,0,0,1
2023-10-31 04:00:00,8,5,1,60,0,10.2,5.3,7.5,0,0,0,0,0,1,0,0,1
2023-10-31 21:00:00,163,22,6,568,0,10.2,5.3,7.5,0,0,0,0,0,1,0,0,1
2023-10-31 22:00:00,56,23,6,444,0,10.2,5.3,7.5,0,0,0,0,0,1,0,0,1
2023-10-31 23:00:00,69,0,6,369,0,10.2,5.3,7.5,0,0,0,0,0,1,0,0,1
2023-10-31 05:00:00,41,6,6,175,0,10.2,5.3,7.5,0,0,0,0,0,1,0,0,1
2023-10-31 11:00:00,16,12,6,36,0,10.2,5.3,7.5,0,0,0,0,0,1,0,0,1
2023-10-31 12:00:00,10,13,6,27,0,10.2,5.3,7.5,0,0,0,0,0,1,0,0,1
2023-10-31 09:00:00,11,10,5,20,0,10.2,5.3,7.5,0,0,0,0,0,1,0,0,1
2023-10-31 15:00:00,14,16,3,50,0,10.2,5.3,7.5,0,0,0,0,0,1,0,0,1
2023-10-31 00:00:00,33,1,2,171,0,10.2,5.3,7.5,0,0,0,0,0,1,0,0,1
2023-10-31 13:00:00,15,14,2,45,0,10.2,5.3,7.5,0,0,0,0,0,1,0,0,1
2023-10-31 10:00:00,7,11,2,29,0,10.2,5.3,7.5,0,0,0,0,0,1,0,0,1
2023-10-31 02:00:00,8,3,0,63,0,10.2,5.3,7.5,0,0,0,0,0,1,0,0,1
2023-10-31 03:00:00,7,4,0,32,0,10.2,5.3,7.5,0,0,0,0,0,1,0,0,1
2023-09-01 09:00:00,660,10,29,1051,0,22.4,9.9,0.0,1,0,0,0,0,0,0,1,0
2023-09-01 18:00:00,315,19,28,1137,0,22.4,9.9,0.0,1,0,0,0,0,0,0,1,0
2023-09-01 14:00:00,564,15,27,1312,0,22.4,9.9,0.0,1,0,0,0,0,0,0,1,0
2023-09-01 12:00:00,496,13,25,1173,0,22.4,9.9,0.0,1,0,0,0,0,0,0,1,0
2023-09-01 13:00:00,540,14,24,1314,0,22.4,9.9,0.0,1,0,0,0,0,0,0,1,0
2023-09-01 11:00:00,570,12,23,1080,0,22.4,9.9,0.0,1,0,0,0,0,0,0,1,0
2023-09-01 10:00:00,534,11,22,1072,0,22.4,9.9,0.0,1,0,0,0,0,0,0,1,0
2023-09-01 19:00:00,220,20,21,1001,0,22.4,9.9,0.0,1,0,0,0,0,0,0,1,0
2023-09-01 17:00:00,547,18,17,1374,0,22.4,9.9,0.0,1,0,0,0,0,0,0,1,0
2023-09-02 20:00:00,79,21,5,333,0,22.9,5.5,0.0,0,0,1,0,0,0,0,1,0
2023-09-02 23:00:00,115,0,2,500,0,22.9,5.5,0.0,0,0,1,0,0,0,0,1,0
2023-09-02 02:00:00,25,3,2,160,0,22.9,5.5,0.0,0,0,1,0,0,0,0,1,0
2023-09-02 03:00:00,25,4,1,133,0,22.9,5.5,0.0,0,0,1,0,0,0,0,1,0
2023-09-01 00:00:00,43,1,1,223,0,22.4,9.9,0.0,1,0,0,0,0,0,0,1,0
2023-09-01 05:00:00,48,6,1,137,0,22.4,9.9,0.0,1,0,0,0,0,0,0,1,0
2023-09-01 01:00:00,13,2,1,117,0,22.4,9.9,0.0,1,0,0,0,0,0,0,1,0
2023-09-01 03:00:00,16,4,1,48,0,22.4,9.9,0.0,1,0,0,0,0,0,0,1,0
2023-09-01 23:00:00,103,0,0,428,0,22.4,9.9,0.0,1,0,0,0,0,0,0,1,0
2023-09-01 02:00:00,18,3,0,81,0,22.4,9.9,0.0,1,0,0,0,0,0,0,1,0
2023-09-01 04:00:00,7,5,0,59,0,22.4,9.9,0.0,1,0,0,0,0,0,0,1,0
2023-09-01 08:00:00,628,9,14,1075,0,22.4,9.9,0.0,1,0,0,0,0,0,0,1,0
2023-09-01 21:00:00,135,22,14,725,0,22.4,9.9,0.0,1,0,0,0,0,0,0,1,0
2023-09-01 16:00:00,675,17,13,1281,0,22.4,9.9,0.0,1,0,0,0,0,0,0,1,0
2023-09-01 15:00:00,459,16,13,1247,0,22.4,9.9,0.0,1,0,0,0,0,0,0,1,0
2023-09-01 07:00:00,177,8,13,631,0,22.4,9.9,0.0,1,0,0,0,0,0,0,1,0
2023-09-01 06:00:00,94,7,12,277,0,22.4,9.9,0.0,1,0,0,0,0,0,0,1,0
2023-09-01 22:00:00,78,23,9,553,0,22.4,9.9,0.0,1,0,0,0,0,0,0,1,0
2023-09-01 20:00:00,169,21,8,829,0,22.4,9.9,0.0,1,0,0,0,0,0,0,1,0
2023-09-02 17:00:00,436,18,47,1000,0,22.9,5.5,0.0,0,0,1,0,0,0,0,1,0
2023-09-02 16:00:00,356,17,39,994,0,22.9,5.5,0.0,0,0,1,0,0,0,0,1,0
2023-09-02 12:00:00,476,13,31,1184,0,22.9,5.5,0.0,0,0,1,0,0,0,0,1,0
2023-09-02 14:00:00,547,15,28,1251,0,22.9,5.5,0.0,0,0,1,0,0,0,0,1,0
2023-09-02 18:00:00,210,19,27,998,0,22.9,5.5,0.0,0,0,1,0,0,0,0,1,0
2023-09-02 15:00:00,465,16,27,951,0,22.9,5.5,0.0,0,0,1,0,0,0,0,1,0
2023-09-02 13:00:00,452,14,25,1291,0,22.9,5.5,0.0,0,0,1,0,0,0,0,1,0
2023-09-02 19:00:00,163,20,23,782,0,22.9,5.5,0.0,0,0,1,0,0,0,0,1,0
2023-09-02 10:00:00,402,11,20,890,0,22.9,5.5,0.0,0,0,1,0,0,0,0,1,0
2023-09-02 11:00:00,541,12,17,1050,0,22.9,5.5,0.0,0,0,1,0,0,0,0,1,0
2023-09-02 09:00:00,199,10,10,625,0,22.9,5.5,0.0,0,0,1,0,0,0,0,1,0
2023-09-02 08:00:00,262,9,9,453,0,22.9,5.5,0.0,0,0,1,0,0,0,0,1,0
2023-09-02 21:00:00,146,22,8,610,0,22.9,5.5,0.0,0,0,1,0,0,0,0,1,0
2023-09-02 07:00:00,82,8,6,245,0,22.9,5.5,0.0,0,0,1,0,0,0,0,1,0
2023-09-02 06:00:00,11,7,1,63,0,22.9,5.5,0.0,0,0,1,0,0,0,0,1,0
2023-09-02 04:00:00,19,5,1,61,0,22.9,5.5,0.0,0,0,1,0,0,0,0,1,0
2023-09-02 22:00:00,188,23,0,564,0,22.9,5.5,0.0,0,0,1,0,0,0,0,1,0
2023-09-02 00:00:00,63,1,0,293,0,22.9,5.5,0.0,0,0,1,0,0,0,0,1,0
2023-09-02 01:00:00,47,2,0,207,0,22.9,5.5,0.0,0,0,1,0,0,0,0,1,0
2023-09-02 05:00:00,23,6,0,49,0,22.9,5.5,0.0,0,0,1,0,0,0,0,1,0
2023-09-03 23:00:00,60,0,2,264,0,24.2,5.5,0.0,0,0,0,1,0,0,0,1,0
2023-09-03 08:00:00,154,9,2,245,0,24.2,5.5,0.0,0,0,0,1,0,0,0,1,0
2023-09-03 05:00:00,40,6,2,81,0,24.2,5.5,0.0,0,0,0,1,0,0,0,1,0
2023-09-03 17:00:00,191,18,1,557,0,24.2,5.5,0.0,0,0,0,1,0,0,0,1,0
2023-09-03 16:00:00,93,17,1,320,0,24.2,5.5,0.0,0,0,0,1,0,0,0,1,0
2023-09-03 03:00:00,83,4,1,255,0,24.2,5.5,0.0,0,0,0,1,0,0,0,1,0
2023-09-03 04:00:00,44,5,1,101,0,24.2,5.5,0.0,0,0,0,1,0,0,0,1,0
2023-09-03 18:00:00,215,19,9,625,0,24.2,5.5,0.0,0,0,0,1,0,0,0,1,0
2023-09-03 09:00:00,250,10,9,385,0,24.2,5.5,0.0,0,0,0,1,0,0,0,1,0
2023-09-04 17:00:00,404,18,21,1103,0,20.8,5.5,0.0,0,1,0,0,0,0,0,1,0
2023-09-04 18:00:00,147,19,21,730,0,20.8,5.5,0.0,0,1,0,0,0,0,0,1,0
2023-09-04 14:00:00,646,15,19,951,0,20.8,5.5,0.0,0,1,0,0,0,0,0,1,0
2023-09-04 15:00:00,624,16,15,1033,0,20.8,5.5,0.0,0,1,0,0,0,0,0,1,0
2023-09-04 20:00:00,41,21,14,531,0,20.8,5.5,0.0,0,1,0,0,0,0,0,1,0
2023-09-04 13:00:00,730,14,12,923,0,20.8,5.5,0.0,0,1,0,0,0,0,0,1,0
2023-09-04 12:00:00,736,13,12,896,0,20.8,5.5,0.0,0,1,0,0,0,0,0,1,0
2023-09-03 19:00:00,142,20,23,606,0,24.2,5.5,0.0,0,0,0,1,0,0,0,1,0
2023-09-03 13:00:00,88,14,21,453,0,24.2,5.5,0.0,0,0,0,1,0,0,0,1,0
2023-09-03 12:00:00,96,13,18,455,0,24.2,5.5,0.0,0,0,0,1,0,0,0,1,0
2023-09-03 11:00:00,368,12,17,701,0,24.2,5.5,0.0,0,0,0,1,0,0,0,1,0
2023-09-03 10:00:00,507,11,16,657,0,24.2,5.5,0.0,0,0,0,1,0,0,0,1,0
2023-09-03 20:00:00,135,21,16,560,0,24.2,5.5,0.0,0,0,0,1,0,0,0,1,0
2023-09-03 14:00:00,101,15,15,481,0,24.2,5.5,0.0,0,0,0,1,0,0,0,1,0
2023-09-03 15:00:00,119,16,12,347,0,24.2,5.5,0.0,0,0,0,1,0,0,0,1,0
2023-09-03 21:00:00,96,22,5,352,0,24.2,5.5,0.0,0,0,0,1,0,0,0,1,0
2023-09-04 07:00:00,3,8,0,6,0,20.8,5.5,0.0,0,1,0,0,0,0,0,1,0
2023-09-04 06:00:00,0,7,0,6,0,20.8,5.5,0.0,0,1,0,0,0,0,0,1,0
2023-09-03 07:00:00,88,8,4,172,0,24.2,5.5,0.0,0,0,0,1,0,0,0,1,0
2023-09-03 22:00:00,131,23,3,380,0,24.2,5.5,0.0,0,0,0,1,0,0,0,1,0
2023-09-03 06:00:00,38,7,3,120,0,24.2,5.5,0.0,0,0,0,1,0,0,0,1,0
2023-09-04 04:00:00,0,5,0,2,0,20.8,5.5,0.0,0,1,0,0,0,0,0,1,0
2023-09-03 00:00:00,71,1,0,390,0,24.2,5.5,0.0,0,0,0,1,0,0,0,1,0
2023-09-04 05:00:00,0,6,0,1,0,20.8,5.5,0.0,0,1,0,0,0,0,0,1,0
2023-09-03 01:00:00,46,2,0,341,0,24.2,5.5,0.0,0,0,0,1,0,0,0,1,0
2023-09-04 21:00:00,70,22,2,247,0,20.8,5.5,0.0,0,1,0,0,0,0,0,1,0
2023-09-03 02:00:00,36,3,0,260,0,24.2,5.5,0.0,0,0,0,1,0,0,0,1,0
2023-09-04 00:00:00,27,1,0,155,0,20.8,5.5,0.0,0,1,0,0,0,0,0,1,0
2023-09-04 01:00:00,4,2,0,93,0,20.8,5.5,0.0,0,1,0,0,0,0,0,1,0
2023-09-04 02:00:00,13,3,0,76,0,20.8,5.5,0.0,0,1,0,0,0,0,0,1,0
2023-09-04 08:00:00,4,9,0,36,0,20.8,5.5,0.0,0,1,0,0,0,0,0,1,0
2023-09-04 09:00:00,9,10,0,34,0,20.8,5.5,0.0,0,1,0,0,0,0,0,1,0
2023-09-05 08:00:00,408,9,41,1108,0,19.9,9.9,0.0,0,0,0,0,0,1,0,1,0
2023-09-04 16:00:00,385,17,37,1323,0,20.8,5.5,0.0,0,1,0,0,0,0,0,1,0
2023-09-04 11:00:00,724,12,36,965,0,20.8,5.5,0.0,0,1,0,0,0,0,0,1,0
2023-09-04 19:00:00,28,20,31,588,0,20.8,5.5,0.0,0,1,0,0,0,0,0,1,0
2023-09-05 14:00:00,363,15,33,904,0,19.9,9.9,0.0,0,0,0,0,0,1,0,1,0
2023-09-05 17:00:00,781,18,31,1464,0,19.9,9.9,0.0,0,0,0,0,0,1,0,1,0
2023-09-05 09:00:00,687,10,30,1129,0,19.9,9.9,0.0,0,0,0,0,0,1,0,1,0
2023-09-04 10:00:00,391,11,9,446,0,20.8,5.5,0.0,0,1,0,0,0,0,0,1,0
2023-09-04 22:00:00,59,23,5,284,0,20.8,5.5,0.0,0,1,0,0,0,0,0,1,0
2023-09-04 23:00:00,51,0,4,242,0,20.8,5.5,0.0,0,1,0,0,0,0,0,1,0
2023-09-06 02:00:00,10,3,1,59,0,22.4,14.0,0.0,0,0,0,0,0,0,1,1,0
2023-09-05 15:00:00,846,16,28,1134,0,19.9,9.9,0.0,0,0,0,0,0,1,0,1,0
2023-09-05 18:00:00,515,19,28,1057,0,19.9,9.9,0.0,0,0,0,0,0,1,0,1,0
2023-09-05 12:00:00,464,13,28,926,0,19.9,9.9,0.0,0,0,0,0,0,1,0,1,0
2023-09-05 16:00:00,880,17,27,1293,0,19.9,9.9,0.0,0,0,0,0,0,1,0,1,0
2023-09-06 00:00:00,32,1,0,121,0,22.4,14.0,0.0,0,0,0,0,0,0,1,1,0
2023-09-06 04:00:00,17,5,0,55,0,22.4,14.0,0.0,0,0,0,0,0,0,1,1,0
2023-09-06 03:00:00,4,4,0,39,0,22.4,14.0,0.0,0,0,0,0,0,0,1,1,0
2023-09-06 10:00:00,223,11,24,1267,0,22.4,14.0,0.0,0,0,0,0,0,0,1,1,0
2023-09-06 14:00:00,272,15,24,1092,0,22.4,14.0,0.0,0,0,0,0,0,0,1,1,0
2023-09-05 13:00:00,364,14,26,930,0,19.9,9.9,0.0,0,0,0,0,0,1,0,1,0
2023-09-05 23:00:00,54,0,3,248,0,19.9,9.9,0.0,0,0,0,0,0,1,0,1,0
2023-09-05 05:00:00,32,6,3,137,0,19.9,9.9,0.0,0,0,0,0,0,1,0,1,0
2023-09-05 07:00:00,106,8,23,652,0,19.9,9.9,0.0,0,0,0,0,0,1,0,1,0
2023-09-05 21:00:00,122,22,2,548,0,19.9,9.9,0.0,0,0,0,0,0,1,0,1,0
2023-09-05 00:00:00,43,1,1,129,0,19.9,9.9,0.0,0,0,0,0,0,1,0,1,0
2023-09-05 02:00:00,13,3,1,53,0,19.9,9.9,0.0,0,0,0,0,0,1,0,1,0
2023-09-05 03:00:00,6,4,1,40,0,19.9,9.9,0.0,0,0,0,0,0,1,0,1,0
2023-09-05 01:00:00,13,2,0,98,0,19.9,9.9,0.0,0,0,0,0,0,1,0,1,0
2023-09-05 04:00:00,12,5,0,41,0,19.9,9.9,0.0,0,0,0,0,0,1,0,1,0
2023-09-05 06:00:00,29,7,23,301,0,19.9,9.9,0.0,0,0,0,0,0,1,0,1,0
2023-09-05 19:00:00,335,20,21,815,0,19.9,9.9,0.0,0,0,0,0,0,1,0,1,0
2023-09-05 11:00:00,493,12,19,1019,0,19.9,9.9,0.0,0,0,0,0,0,1,0,1,0
2023-09-05 20:00:00,185,21,14,664,0,19.9,9.9,0.0,0,0,0,0,0,1,0,1,0
2023-09-05 10:00:00,546,11,11,966,0,19.9,9.9,0.0,0,0,0,0,0,1,0,1,0
2023-09-06 18:00:00,148,19,71,908,0,22.4,14.0,0.0,0,0,0,0,0,0,1,1,0
2023-09-05 22:00:00,70,23,11,362,0,19.9,9.9,0.0,0,0,0,0,0,1,0,1,0
2023-09-06 17:00:00,290,18,69,1364,0,22.4,14.0,0.0,0,0,0,0,0,0,1,1,0
2023-09-07 14:00:00,661,15,55,1146,0,25.0,12.0,0.0,0,0,0,0,1,0,0,1,0
2023-09-06 15:00:00,284,16,59,1123,0,22.4,14.0,0.0,0,0,0,0,0,0,1,1,0
2023-09-06 19:00:00,36,20,59,796,0,22.4,14.0,0.0,0,0,0,0,0,0,1,1,0
2023-09-06 16:00:00,234,17,44,1313,0,22.4,14.0,0.0,0,0,0,0,0,0,1,1,0
2023-09-06 12:00:00,183,13,28,1413,0,22.4,14.0,0.0,0,0,0,0,0,0,1,1,0
2023-09-06 08:00:00,340,9,26,1596,0,22.4,14.0,0.0,0,0,0,0,0,0,1,1,0
2023-09-06 09:00:00,319,10,22,1299,0,22.4,14.0,0.0,0,0,0,0,0,0,1,1,0
2023-09-07 16:00:00,605,17,40,1259,0,25.0,12.0,0.0,0,0,0,0,1,0,0,1,0
2023-09-06 07:00:00,163,8,20,689,0,22.4,14.0,0.0,0,0,0,0,0,0,1,1,0
2023-09-06 20:00:00,60,21,19,568,0,22.4,14.0,0.0,0,0,0,0,0,0,1,1,0
2023-09-06 21:00:00,72,22,16,505,0,22.4,14.0,0.0,0,0,0,0,0,0,1,1,0
2023-09-06 13:00:00,305,14,15,1274,0,22.4,14.0,0.0,0,0,0,0,0,0,1,1,0
2023-09-06 11:00:00,195,12,14,1350,0,22.4,14.0,0.0,0,0,0,0,0,0,1,1,0
2023-09-06 06:00:00,87,7,10,291,0,22.4,14.0,0.0,0,0,0,0,0,0,1,1,0
2023-09-07 13:00:00,531,14,35,1125,0,25.0,12.0,0.0,0,0,0,0,1,0,0,1,0
2023-09-06 22:00:00,39,23,5,333,0,22.4,14.0,0.0,0,0,0,0,0,0,1,1,0
2023-09-06 23:00:00,31,0,3,222,0,22.4,14.0,0.0,0,0,0,0,0,0,1,1,0
2023-09-06 05:00:00,63,6,3,118,0,22.4,14.0,0.0,0,0,0,0,0,0,1,1,0
2023-09-06 01:00:00,25,2,2,93,0,22.4,14.0,0.0,0,0,0,0,0,0,1,1,0
2023-09-07 15:00:00,608,16,32,1244,0,25.0,12.0,0.0,0,0,0,0,1,0,0,1,0
2023-09-07 12:00:00,625,13,32,998,0,25.0,12.0,0.0,0,0,0,0,1,0,0,1,0
2023-09-07 11:00:00,528,12,28,920,0,25.0,12.0,0.0,0,0,0,0,1,0,0,1,0
2023-09-07 08:00:00,386,9,26,1044,0,25.0,12.0,0.0,0,0,0,0,1,0,0,1,0
2023-09-08 01:00:00,25,2,1,77,0,24.7,13.5,0.0,1,0,0,0,0,0,0,1,0
2023-09-08 04:00:00,9,5,1,75,0,24.7,13.5,0.0,1,0,0,0,0,0,0,1,0
2023-09-07 06:00:00,0,7,2,21,0,25.0,12.0,0.0,0,0,0,0,1,0,0,1,0
2023-09-08 03:00:00,20,4,1,71,0,24.7,13.5,0.0,1,0,0,0,0,0,0,1,0
2023-09-07 17:00:00,296,18,23,906,0,25.0,12.0,0.0,0,0,0,0,1,0,0,1,0
2023-09-07 18:00:00,12,19,7,981,0,25.0,12.0,0.0,0,0,0,0,1,0,0,1,0
2023-09-08 11:00:00,591,12,59,1401,0,24.7,13.5,0.0,1,0,0,0,0,0,0,1,0
2023-09-09 18:00:00,286,19,35,859,0,22.7,5.5,0.0,0,0,1,0,0,0,0,1,0
2023-09-09 16:00:00,391,17,32,849,0,22.7,5.5,0.0,0,0,1,0,0,0,0,1,0
2023-09-07 07:00:00,90,8,15,470,0,25.0,12.0,0.0,0,0,0,0,1,0,0,1,0
2023-09-07 09:00:00,527,10,14,1113,0,25.0,12.0,0.0,0,0,0,0,1,0,0,1,0
2023-09-07 10:00:00,522,11,11,954,0,25.0,12.0,0.0,0,0,0,0,1,0,0,1,0
2023-09-07 20:00:00,176,21,8,556,0,25.0,12.0,0.0,0,0,0,0,1,0,0,1,0
2023-09-08 12:00:00,724,13,51,1327,0,24.7,13.5,0.0,1,0,0,0,0,0,0,1,0
2023-09-08 18:00:00,312,19,49,1219,0,24.7,13.5,0.0,1,0,0,0,0,0,0,1,0
2023-09-07 01:00:00,6,2,1,118,0,25.0,12.0,0.0,0,0,0,0,1,0,0,1,0
2023-09-08 00:00:00,50,1,0,160,0,24.7,13.5,0.0,1,0,0,0,0,0,0,1,0
2023-09-09 13:00:00,304,14,26,1460,0,22.7,5.5,0.0,0,0,1,0,0,0,0,1,0
2023-09-09 12:00:00,323,13,22,1536,0,22.7,5.5,0.0,0,0,1,0,0,0,0,1,0
2023-09-09 19:00:00,224,20,22,790,0,22.7,5.5,0.0,0,0,1,0,0,0,0,1,0
2023-09-09 14:00:00,195,15,17,525,0,22.7,5.5,0.0,0,0,1,0,0,0,0,1,0
2023-09-09 20:00:00,156,21,15,633,0,22.7,5.5,0.0,0,0,1,0,0,0,0,1,0
2023-09-09 09:00:00,291,10,14,734,0,22.7,5.5,0.0,0,0,1,0,0,0,0,1,0
2023-09-09 10:00:00,314,11,13,889,0,22.7,5.5,0.0,0,0,1,0,0,0,0,1,0
2023-09-09 15:00:00,410,16,12,630,0,22.7,5.5,0.0,0,0,1,0,0,0,0,1,0
2023-09-08 08:00:00,453,9,40,975,0,24.7,13.5,0.0,1,0,0,0,0,0,0,1,0
2023-09-07 03:00:00,11,4,1,58,0,25.0,12.0,0.0,0,0,0,0,1,0,0,1,0
2023-09-08 22:00:00,116,23,6,653,0,24.7,13.5,0.0,1,0,0,0,0,0,0,1,0
2023-09-08 09:00:00,687,10,37,1182,0,24.7,13.5,0.0,1,0,0,0,0,0,0,1,0
2023-09-08 23:00:00,75,0,3,435,0,24.7,13.5,0.0,1,0,0,0,0,0,0,1,0
2023-09-08 05:00:00,33,6,2,143,0,24.7,13.5,0.0,1,0,0,0,0,0,0,1,0
2023-09-08 13:00:00,840,14,34,1315,0,24.7,13.5,0.0,1,0,0,0,0,0,0,1,0
2023-09-08 02:00:00,19,3,0,53,0,24.7,13.5,0.0,1,0,0,0,0,0,0,1,0
2023-09-08 10:00:00,673,11,32,1127,0,24.7,13.5,0.0,1,0,0,0,0,0,0,1,0
2023-09-09 17:00:00,377,18,44,899,0,22.7,5.5,0.0,0,0,1,0,0,0,0,1,0
2023-09-07 21:00:00,287,22,5,572,0,25.0,12.0,0.0,0,0,0,0,1,0,0,1,0
2023-09-07 23:00:00,93,0,0,301,0,25.0,12.0,0.0,0,0,0,0,1,0,0,1,0
2023-09-08 14:00:00,747,15,31,1227,0,24.7,13.5,0.0,1,0,0,0,0,0,0,1,0
2023-09-08 07:00:00,125,8,30,625,0,24.7,13.5,0.0,1,0,0,0,0,0,0,1,0
2023-09-08 06:00:00,55,7,15,279,0,24.7,13.5,0.0,1,0,0,0,0,0,0,1,0
2023-09-07 02:00:00,6,3,0,45,0,25.0,12.0,0.0,0,0,0,0,1,0,0,1,0
2023-09-07 05:00:00,2,6,0,41,0,25.0,12.0,0.0,0,0,0,0,1,0,0,1,0
2023-09-08 20:00:00,204,21,14,772,0,24.7,13.5,0.0,1,0,0,0,0,0,0,1,0
2023-09-08 21:00:00,219,22,9,702,0,24.7,13.5,0.0,1,0,0,0,0,0,0,1,0
2023-09-07 22:00:00,129,23,4,418,0,25.0,12.0,0.0,0,0,0,0,1,0,0,1,0
2023-09-07 04:00:00,2,5,0,40,0,25.0,12.0,0.0,0,0,0,0,1,0,0,1,0
2023-09-08 19:00:00,227,20,22,986,0,24.7,13.5,0.0,1,0,0,0,0,0,0,1,0
2023-09-08 16:00:00,593,17,19,1224,0,24.7,13.5,0.0,1,0,0,0,0,0,0,1,0
2023-09-08 17:00:00,550,18,19,1156,0,24.7,13.5,0.0,1,0,0,0,0,0,0,1,0
2023-09-08 15:00:00,759,16,16,1219,0,24.7,13.5,0.0,1,0,0,0,0,0,0,1,0
2023-09-07 19:00:00,28,20,2,810,0,25.0,12.0,0.0,0,0,0,0,1,0,0,1,0
2023-09-07 00:00:00,23,1,2,142,0,25.0,12.0,0.0,0,0,0,0,1,0,0,1,0
2023-09-10 09:00:00,156,10,9,427,0,20.5,5.5,21.4,0,0,0,1,0,0,0,1,0
2023-09-09 11:00:00,337,12,11,1065,0,22.7,5.5,0.0,0,0,1,0,0,0,0,1,0
2023-09-09 08:00:00,257,9,10,409,0,22.7,5.5,0.0,0,0,1,0,0,0,0,1,0
2023-09-09 21:00:00,155,22,9,568,0,22.7,5.5,0.0,0,0,1,0,0,0,0,1,0
2023-09-09 06:00:00,83,7,8,151,0,22.7,5.5,0.0,0,0,1,0,0,0,0,1,0
2023-09-09 23:00:00,77,0,7,452,0,22.7,5.5,0.0,0,0,1,0,0,0,0,1,0
2023-09-10 23:00:00,44,0,0,179,0,20.5,5.5,21.4,0,0,0,1,0,0,0,1,0
2023-09-10 06:00:00,40,7,9,95,0,20.5,5.5,21.4,0,0,0,1,0,0,0,1,0
2023-09-09 07:00:00,122,8,5,293,0,22.7,5.5,0.0,0,0,1,0,0,0,0,1,0
2023-09-09 22:00:00,118,23,3,561,0,22.7,5.5,0.0,0,0,1,0,0,0,0,1,0
2023-09-09 03:00:00,68,4,3,178,0,22.7,5.5,0.0,0,0,1,0,0,0,0,1,0
2023-09-10 20:00:00,55,21,3,460,0,20.5,5.5,21.4,0,0,0,1,0,0,0,1,0
2023-09-10 13:00:00,404,14,28,906,0,20.5,5.5,21.4,0,0,0,1,0,0,0,1,0
2023-09-09 00:00:00,94,1,1,335,0,22.7,5.5,0.0,0,0,1,0,0,0,0,1,0
2023-09-11 16:00:00,1338,17,25,1301,0,17.4,12.5,0.0,0,1,0,0,0,0,0,1,0
2023-09-11 09:00:00,645,10,24,1127,0,17.4,12.5,0.0,0,1,0,0,0,0,0,1,0
2023-09-11 08:00:00,649,9,22,1145,0,17.4,12.5,0.0,0,1,0,0,0,0,0,1,0
2023-09-11 12:00:00,451,13,21,704,0,17.4,12.5,0.0,0,1,0,0,0,0,0,1,0
2023-09-11 10:00:00,580,11,15,852,0,17.4,12.5,0.0,0,1,0,0,0,0,0,1,0
2023-09-10 00:00:00,41,1,3,362,0,20.5,5.5,21.4,0,0,0,1,0,0,0,1,0
2023-09-09 05:00:00,56,6,1,89,0,22.7,5.5,0.0,0,0,1,0,0,0,0,1,0
2023-09-09 01:00:00,71,2,0,261,0,22.7,5.5,0.0,0,0,1,0,0,0,0,1,0
2023-09-09 02:00:00,53,3,0,228,0,22.7,5.5,0.0,0,0,1,0,0,0,0,1,0
2023-09-09 04:00:00,41,5,0,92,0,22.7,5.5,0.0,0,0,1,0,0,0,0,1,0
2023-09-10 17:00:00,192,18,34,820,0,20.5,5.5,21.4,0,0,0,1,0,0,0,1,0
2023-09-10 18:00:00,130,19,31,676,0,20.5,5.5,21.4,0,0,0,1,0,0,0,1,0
2023-09-10 16:00:00,297,17,30,777,0,20.5,5.5,21.4,0,0,0,1,0,0,0,1,0
2023-09-10 14:00:00,706,15,25,878,0,20.5,5.5,21.4,0,0,0,1,0,0,0,1,0
2023-09-10 01:00:00,35,2,3,295,0,20.5,5.5,21.4,0,0,0,1,0,0,0,1,0
2023-09-11 17:00:00,161,18,99,1288,0,17.4,12.5,0.0,0,1,0,0,0,0,0,1,0
2023-09-11 18:00:00,119,19,58,890,0,17.4,12.5,0.0,0,1,0,0,0,0,0,1,0
2023-09-11 14:00:00,563,15,54,1045,0,17.4,12.5,0.0,0,1,0,0,0,0,0,1,0
2023-09-11 13:00:00,824,14,52,1018,0,17.4,12.5,0.0,0,1,0,0,0,0,0,1,0
2023-09-11 15:00:00,921,16,43,1131,0,17.4,12.5,0.0,0,1,0,0,0,0,0,1,0
2023-09-11 19:00:00,297,20,40,781,0,17.4,12.5,0.0,0,1,0,0,0,0,0,1,0
2023-09-11 11:00:00,584,12,36,886,0,17.4,12.5,0.0,0,1,0,0,0,0,0,1,0
2023-09-10 03:00:00,39,4,3,224,0,20.5,5.5,21.4,0,0,0,1,0,0,0,1,0
2023-09-10 12:00:00,454,13,23,866,0,20.5,5.5,21.4,0,0,0,1,0,0,0,1,0
2023-09-10 15:00:00,651,16,23,817,0,20.5,5.5,21.4,0,0,0,1,0,0,0,1,0
2023-09-10 10:00:00,256,11,17,750,0,20.5,5.5,21.4,0,0,0,1,0,0,0,1,0
2023-09-10 19:00:00,97,20,16,532,0,20.5,5.5,21.4,0,0,0,1,0,0,0,1,0
2023-09-10 02:00:00,35,3,2,224,0,20.5,5.5,21.4,0,0,0,1,0,0,0,1,0
2023-09-10 07:00:00,53,8,2,172,0,20.5,5.5,21.4,0,0,0,1,0,0,0,1,0
2023-09-10 05:00:00,35,6,2,78,0,20.5,5.5,21.4,0,0,0,1,0,0,0,1,0
2023-09-10 11:00:00,375,12,5,744,0,20.5,5.5,21.4,0,0,0,1,0,0,0,1,0
2023-09-10 21:00:00,84,22,5,403,0,20.5,5.5,21.4,0,0,0,1,0,0,0,1,0
2023-09-10 08:00:00,137,9,5,236,0,20.5,5.5,21.4,0,0,0,1,0,0,0,1,0
2023-09-10 22:00:00,60,23,4,278,0,20.5,5.5,21.4,0,0,0,1,0,0,0,1,0
2023-09-10 04:00:00,21,5,1,111,0,20.5,5.5,21.4,0,0,0,1,0,0,0,1,0
2023-09-11 07:00:00,263,8,8,622,0,17.4,12.5,0.0,0,1,0,0,0,0,0,1,0
2023-09-11 20:00:00,330,21,8,567,0,17.4,12.5,0.0,0,1,0,0,0,0,0,1,0
2023-09-11 06:00:00,134,7,3,279,0,17.4,12.5,0.0,0,1,0,0,0,0,0,1,0
2023-09-11 05:00:00,52,6,3,133,0,17.4,12.5,0.0,0,1,0,0,0,0,0,1,0
2023-09-11 01:00:00,20,2,3,104,0,17.4,12.5,0.0,0,1,0,0,0,0,0,1,0
2023-09-11 21:00:00,207,22,2,484,0,17.4,12.5,0.0,0,1,0,0,0,0,0,1,0
2023-09-11 02:00:00,23,3,2,67,0,17.4,12.5,0.0,0,1,0,0,0,0,0,1,0
2023-09-11 04:00:00,14,5,2,51,0,17.4,12.5,0.0,0,1,0,0,0,0,0,1,0
2023-09-11 22:00:00,132,23,1,323,0,17.4,12.5,0.0,0,1,0,0,0,0,0,1,0
2023-09-11 23:00:00,59,0,1,213,0,17.4,12.5,0.0,0,1,0,0,0,0,0,1,0
2023-09-11 00:00:00,32,1,0,154,0,17.4,12.5,0.0,0,1,0,0,0,0,0,1,0
2023-09-11 03:00:00,25,4,0,48,0,17.4,12.5,0.0,0,1,0,0,0,0,0,1,0
2023-09-12 13:00:00,410,14,49,1155,0,15.6,8.2,0.0,0,0,0,0,0,1,0,1,0
2023-09-12 14:00:00,439,15,46,1192,0,15.6,8.2,0.0,0,0,0,0,0,1,0,1,0
2023-09-12 12:00:00,452,13,44,1101,0,15.6,8.2,0.0,0,0,0,0,0,1,0,1,0
2023-09-12 18:00:00,278,19,31,892,0,15.6,8.2,0.0,0,0,0,0,0,1,0,1,0
2023-09-12 02:00:00,11,3,2,76,0,15.6,8.2,0.0,0,0,0,0,0,1,0,1,0
2023-09-12 09:00:00,550,10,25,1075,0,15.6,8.2,0.0,0,0,0,0,0,1,0,1,0
2023-09-12 19:00:00,291,20,24,826,0,15.6,8.2,0.0,0,0,0,0,0,1,0,1,0
2023-09-13 09:00:00,648,10,20,1058,0,18.3,5.5,1.8,0,0,0,0,0,0,1,1,0
2023-09-12 10:00:00,484,11,23,1049,0,15.6,8.2,0.0,0,0,0,0,0,1,0,1,0
2023-09-12 06:00:00,74,7,8,331,0,15.6,8.2,0.0,0,0,0,0,0,1,0,1,0
2023-09-12 23:00:00,75,0,5,256,0,15.6,8.2,0.0,0,0,0,0,0,1,0,1,0
2023-09-12 01:00:00,9,2,4,96,0,15.6,8.2,0.0,0,0,0,0,0,1,0,1,0
2023-09-12 05:00:00,39,6,2,141,0,15.6,8.2,0.0,0,0,0,0,0,1,0,1,0
2023-09-13 16:00:00,540,17,51,1883,0,18.3,5.5,1.8,0,0,0,0,0,0,1,1,0
2023-09-12 21:00:00,159,22,1,464,0,15.6,8.2,0.0,0,0,0,0,0,1,0,1,0
2023-09-13 07:00:00,179,8,17,674,0,18.3,5.5,1.8,0,0,0,0,0,0,1,1,0
2023-09-13 17:00:00,522,18,49,1525,0,18.3,5.5,1.8,0,0,0,0,0,0,1,1,0
2023-09-13 18:00:00,536,19,15,745,0,18.3,5.5,1.8,0,0,0,0,0,0,1,1,0
2023-09-13 06:00:00,83,7,10,280,0,18.3,5.5,1.8,0,0,0,0,0,0,1,1,0
2023-09-12 22:00:00,59,23,1,266,0,15.6,8.2,0.0,0,0,0,0,0,1,0,1,0
2023-09-12 15:00:00,257,16,21,720,0,15.6,8.2,0.0,0,0,0,0,0,1,0,1,0
2023-09-12 08:00:00,521,9,20,1220,0,15.6,8.2,0.0,0,0,0,0,0,1,0,1,0
2023-09-12 00:00:00,30,1,1,138,0,15.6,8.2,0.0,0,0,0,0,0,1,0,1,0
2023-09-13 12:00:00,478,13,43,1093,0,18.3,5.5,1.8,0,0,0,0,0,0,1,1,0
2023-09-12 17:00:00,52,18,1,95,0,15.6,8.2,0.0,0,0,0,0,0,1,0,1,0
2023-09-13 11:00:00,439,12,42,989,0,18.3,5.5,1.8,0,0,0,0,0,0,1,1,0
2023-09-12 11:00:00,461,12,15,948,0,15.6,8.2,0.0,0,0,0,0,0,1,0,1,0
2023-09-12 07:00:00,154,8,11,748,0,15.6,8.2,0.0,0,0,0,0,0,1,0,1,0
2023-09-12 20:00:00,209,21,11,561,0,15.6,8.2,0.0,0,0,0,0,0,1,0,1,0
2023-09-12 03:00:00,13,4,1,48,0,15.6,8.2,0.0,0,0,0,0,0,1,0,1,0
2023-09-13 14:00:00,408,15,40,1277,0,18.3,5.5,1.8,0,0,0,0,0,0,1,1,0
2023-09-13 15:00:00,455,16,37,1484,0,18.3,5.5,1.8,0,0,0,0,0,0,1,1,0
2023-09-13 13:00:00,435,14,37,1143,0,18.3,5.5,1.8,0,0,0,0,0,0,1,1,0
2023-09-13 08:00:00,521,9,32,1303,0,18.3,5.5,1.8,0,0,0,0,0,0,1,1,0
2023-09-12 04:00:00,12,5,0,58,0,15.6,8.2,0.0,0,0,0,0,0,1,0,1,0
2023-09-12 16:00:00,33,17,0,31,0,15.6,8.2,0.0,0,0,0,0,0,1,0,1,0
2023-09-13 19:00:00,302,20,24,744,0,18.3,5.5,1.8,0,0,0,0,0,0,1,1,0
2023-09-13 10:00:00,455,11,22,862,0,18.3,5.5,1.8,0,0,0,0,0,0,1,1,0
2023-09-14 16:00:00,676,17,53,1273,0,14.5,10.6,0.0,0,0,0,0,1,0,0,1,0
2023-09-13 04:00:00,23,5,1,67,0,18.3,5.5,1.8,0,0,0,0,0,0,1,1,0
2023-09-15 12:00:00,474,13,30,1194,0,15.5,9.8,13.2,1,0,0,0,0,0,0,1,0
2023-09-13 21:00:00,60,22,5,359,0,18.3,5.5,1.8,0,0,0,0,0,0,1,1,0
2023-09-15 13:00:00,509,14,29,1273,0,15.5,9.8,13.2,1,0,0,0,0,0,0,1,0
2023-09-14 06:00:00,136,7,13,274,0,14.5,10.6,0.0,0,0,0,0,1,0,0,1,0
2023-09-14 20:00:00,210,21,11,632,0,14.5,10.6,0.0,0,0,0,0,1,0,0,1,0
2023-09-14 22:00:00,92,23,9,385,0,14.5,10.6,0.0,0,0,0,0,1,0,0,1,0
2023-09-14 21:00:00,170,22,8,564,0,14.5,10.6,0.0,0,0,0,0,1,0,0,1,0
2023-09-13 20:00:00,87,21,2,464,0,18.3,5.5,1.8,0,0,0,0,0,0,1,1,0
2023-09-13 23:00:00,42,0,2,214,0,18.3,5.5,1.8,0,0,0,0,0,0,1,1,0
2023-09-13 05:00:00,41,6,2,138,0,18.3,5.5,1.8,0,0,0,0,0,0,1,1,0
2023-09-13 00:00:00,61,1,1,202,0,18.3,5.5,1.8,0,0,0,0,0,0,1,1,0
2023-09-13 01:00:00,31,2,1,127,0,18.3,5.5,1.8,0,0,0,0,0,0,1,1,0
2023-09-14 18:00:00,243,19,42,1022,0,14.5,10.6,0.0,0,0,0,0,1,0,0,1,0
2023-09-14 15:00:00,503,16,42,948,0,14.5,10.6,0.0,0,0,0,0,1,0,0,1,0
2023-09-15 11:00:00,450,12,12,1017,0,15.5,9.8,13.2,1,0,0,0,0,0,0,1,0
2023-09-14 23:00:00,55,0,3,268,0,14.5,10.6,0.0,0,0,0,0,1,0,0,1,0
2023-09-14 00:00:00,31,1,2,138,0,14.5,10.6,0.0,0,0,0,0,1,0,0,1,0
2023-09-14 03:00:00,23,4,2,65,0,14.5,10.6,0.0,0,0,0,0,1,0,0,1,0
2023-09-14 05:00:00,65,6,1,122,0,14.5,10.6,0.0,0,0,0,0,1,0,0,1,0
2023-09-15 09:00:00,375,10,11,1027,0,15.5,9.8,13.2,1,0,0,0,0,0,0,1,0
2023-09-14 01:00:00,19,2,0,103,0,14.5,10.6,0.0,0,0,0,0,1,0,0,1,0
2023-09-15 18:00:00,437,19,25,1130,0,15.5,9.8,13.2,1,0,0,0,0,0,0,1,0
2023-09-14 12:00:00,622,13,40,994,0,14.5,10.6,0.0,0,0,0,0,1,0,0,1,0
2023-09-15 06:00:00,93,7,11,287,0,15.5,9.8,13.2,1,0,0,0,0,0,0,1,0
2023-09-14 02:00:00,14,3,0,85,0,14.5,10.6,0.0,0,0,0,0,1,0,0,1,0
2023-09-15 07:00:00,166,8,21,613,0,15.5,9.8,13.2,1,0,0,0,0,0,0,1,0
2023-09-15 08:00:00,380,9,16,1052,0,15.5,9.8,13.2,1,0,0,0,0,0,0,1,0
2023-09-15 10:00:00,404,11,15,937,0,15.5,9.8,13.2,1,0,0,0,0,0,0,1,0
2023-09-14 04:00:00,26,5,0,73,0,14.5,10.6,0.0,0,0,0,0,1,0,0,1,0
2023-09-14 14:00:00,35,15,0,60,0,14.5,10.6,0.0,0,0,0,0,1,0,0,1,0
2023-09-13 22:00:00,56,23,0,324,0,18.3,5.5,1.8,0,0,0,0,0,0,1,1,0
2023-09-13 02:00:00,38,3,0,110,0,18.3,5.5,1.8,0,0,0,0,0,0,1,1,0
2023-09-14 11:00:00,562,12,36,908,0,14.5,10.6,0.0,0,0,0,0,1,0,0,1,0
2023-09-15 19:00:00,321,20,9,927,0,15.5,9.8,13.2,1,0,0,0,0,0,0,1,0
2023-09-14 17:00:00,443,18,33,1266,0,14.5,10.6,0.0,0,0,0,0,1,0,0,1,0
2023-09-13 03:00:00,25,4,0,71,0,18.3,5.5,1.8,0,0,0,0,0,0,1,1,0
2023-09-14 09:00:00,737,10,30,1101,0,14.5,10.6,0.0,0,0,0,0,1,0,0,1,0
2023-09-15 20:00:00,164,21,7,674,0,15.5,9.8,13.2,1,0,0,0,0,0,0,1,0
2023-09-14 19:00:00,256,20,27,795,0,14.5,10.6,0.0,0,0,0,0,1,0,0,1,0
2023-09-14 13:00:00,385,14,27,662,0,14.5,10.6,0.0,0,0,0,0,1,0,0,1,0
2023-09-14 10:00:00,611,11,25,909,0,14.5,10.6,0.0,0,0,0,0,1,0,0,1,0
2023-09-15 15:00:00,748,16,46,1369,0,15.5,9.8,13.2,1,0,0,0,0,0,0,1,0
2023-09-15 17:00:00,783,18,42,1383,0,15.5,9.8,13.2,1,0,0,0,0,0,0,1,0
2023-09-15 14:00:00,642,15,42,1327,0,15.5,9.8,13.2,1,0,0,0,0,0,0,1,0
2023-09-15 16:00:00,811,17,40,1446,0,15.5,9.8,13.2,1,0,0,0,0,0,0,1,0
2023-09-14 07:00:00,219,8,20,654,0,14.5,10.6,0.0,0,0,0,0,1,0,0,1,0
2023-09-14 08:00:00,573,9,62,1134,0,14.5,10.6,0.0,0,0,0,0,1,0,0,1,0
2023-09-15 02:00:00,6,3,0,85,0,15.5,9.8,13.2,1,0,0,0,0,0,0,1,0
2023-09-17 09:00:00,121,10,5,456,0,16.0,6.8,9.0,0,0,0,1,0,0,0,1,0
2023-09-17 00:00:00,57,1,3,390,0,16.0,6.8,9.0,0,0,0,1,0,0,0,1,0
2023-09-17 02:00:00,53,3,3,252,0,16.0,6.8,9.0,0,0,0,1,0,0,0,1,0
2023-09-17 07:00:00,86,8,3,168,0,16.0,6.8,9.0,0,0,0,1,0,0,0,1,0
2023-09-17 06:00:00,52,7,3,127,0,16.0,6.8,9.0,0,0,0,1,0,0,0,1,0
2023-09-15 03:00:00,5,4,0,71,0,15.5,9.8,13.2,1,0,0,0,0,0,0,1,0
2023-09-16 15:00:00,508,16,25,1002,0,14.9,9.2,0.0,0,0,1,0,0,0,0,1,0
2023-09-16 04:00:00,5,5,0,13,0,14.9,9.2,0.0,0,0,1,0,0,0,0,1,0
2023-09-16 05:00:00,0,6,0,3,0,14.9,9.2,0.0,0,0,1,0,0,0,0,1,0
2023-09-17 18:00:00,155,19,34,672,0,16.0,6.8,9.0,0,0,0,1,0,0,0,1,0
2023-09-17 11:00:00,141,12,26,727,0,16.0,6.8,9.0,0,0,0,1,0,0,0,1,0
2023-09-17 13:00:00,287,14,19,1062,0,16.0,6.8,9.0,0,0,0,1,0,0,0,1,0
2023-09-17 10:00:00,176,11,16,682,0,16.0,6.8,9.0,0,0,0,1,0,0,0,1,0
2023-09-17 15:00:00,341,16,15,914,0,16.0,6.8,9.0,0,0,0,1,0,0,0,1,0
2023-09-17 12:00:00,304,13,13,984,0,16.0,6.8,9.0,0,0,0,1,0,0,0,1,0
2023-09-17 17:00:00,289,18,13,829,0,16.0,6.8,9.0,0,0,0,1,0,0,0,1,0
2023-09-17 16:00:00,377,17,13,827,0,16.0,6.8,9.0,0,0,0,1,0,0,0,1,0
2023-09-17 14:00:00,322,15,12,1001,0,16.0,6.8,9.0,0,0,0,1,0,0,0,1,0
2023-09-17 19:00:00,212,20,12,680,0,16.0,6.8,9.0,0,0,0,1,0,0,0,1,0
2023-09-17 08:00:00,86,9,8,280,0,16.0,6.8,9.0,0,0,0,1,0,0,0,1,0
2023-09-17 20:00:00,127,21,7,547,0,16.0,6.8,9.0,0,0,0,1,0,0,0,1,0
2023-09-16 12:00:00,589,13,24,1402,0,14.9,9.2,0.0,0,0,1,0,0,0,0,1,0
2023-09-16 13:00:00,639,14,24,1374,0,14.9,9.2,0.0,0,0,1,0,0,0,0,1,0
2023-09-16 03:00:00,21,4,2,118,0,14.9,9.2,0.0,0,0,1,0,0,0,0,1,0
2023-09-16 19:00:00,411,20,15,872,0,14.9,9.2,0.0,0,0,1,0,0,0,0,1,0
2023-09-16 09:00:00,371,10,15,705,0,14.9,9.2,0.0,0,0,1,0,0,0,0,1,0
2023-09-16 10:00:00,431,11,14,907,0,14.9,9.2,0.0,0,0,1,0,0,0,0,1,0
2023-09-16 17:00:00,600,18,44,1016,0,14.9,9.2,0.0,0,0,1,0,0,0,0,1,0
2023-09-16 16:00:00,527,17,43,941,0,14.9,9.2,0.0,0,0,1,0,0,0,0,1,0
2023-09-16 14:00:00,553,15,40,1297,0,14.9,9.2,0.0,0,0,1,0,0,0,0,1,0
2023-09-16 18:00:00,275,19,31,861,0,14.9,9.2,0.0,0,0,1,0,0,0,0,1,0
2023-09-16 11:00:00,527,12,27,1098,0,14.9,9.2,0.0,0,0,1,0,0,0,0,1,0
2023-09-16 21:00:00,187,22,1,614,0,14.9,9.2,0.0,0,0,1,0,0,0,0,1,0
2023-09-15 21:00:00,105,22,2,538,0,15.5,9.8,13.2,1,0,0,0,0,0,0,1,0
2023-09-16 20:00:00,187,21,6,734,0,14.9,9.2,0.0,0,0,1,0,0,0,0,1,0
2023-09-15 05:00:00,41,6,2,154,0,15.5,9.8,13.2,1,0,0,0,0,0,0,1,0
2023-09-16 22:00:00,162,23,6,579,0,14.9,9.2,0.0,0,0,1,0,0,0,0,1,0
2023-09-15 01:00:00,17,2,2,110,0,15.5,9.8,13.2,1,0,0,0,0,0,0,1,0
2023-09-15 23:00:00,50,0,1,346,0,15.5,9.8,13.2,1,0,0,0,0,0,0,1,0
2023-09-15 04:00:00,5,5,1,69,0,15.5,9.8,13.2,1,0,0,0,0,0,0,1,0
2023-09-15 22:00:00,74,23,0,487,0,15.5,9.8,13.2,1,0,0,0,0,0,0,1,0
2023-09-15 00:00:00,40,1,0,191,0,15.5,9.8,13.2,1,0,0,0,0,0,0,1,0
2023-09-16 23:00:00,131,0,5,446,0,14.9,9.2,0.0,0,0,1,0,0,0,0,1,0
2023-09-16 07:00:00,114,8,5,283,0,14.9,9.2,0.0,0,0,1,0,0,0,0,1,0
2023-09-16 06:00:00,45,7,4,156,0,14.9,9.2,0.0,0,0,1,0,0,0,0,1,0
2023-09-16 08:00:00,219,9,3,522,0,14.9,9.2,0.0,0,0,1,0,0,0,0,1,0
2023-09-16 00:00:00,29,1,0,208,0,14.9,9.2,0.0,0,0,1,0,0,0,0,1,0
2023-09-16 01:00:00,19,2,0,150,0,14.9,9.2,0.0,0,0,1,0,0,0,0,1,0
2023-09-16 02:00:00,18,3,0,143,0,14.9,9.2,0.0,0,0,1,0,0,0,0,1,0
2023-09-19 21:00:00,24,22,1,261,0,19.3,6.9,4.7,0,0,0,0,0,1,0,1,0
2023-09-19 22:00:00,39,23,1,236,0,19.3,6.9,4.7,0,0,0,0,0,1,0,1,0
2023-09-19 23:00:00,29,0,1,161,0,19.3,6.9,4.7,0,0,0,0,0,1,0,1,0
2023-09-19 01:00:00,18,2,1,82,0,19.3,6.9,4.7,0,0,0,0,0,1,0,1,0
2023-09-19 02:00:00,3,3,1,11,0,19.3,6.9,4.7,0,0,0,0,0,1,0,1,0
2023-09-19 20:00:00,20,21,0,368,0,19.3,6.9,4.7,0,0,0,0,0,1,0,1,0
2023-09-19 15:00:00,1035,16,11,1064,0,19.3,6.9,4.7,0,0,0,0,0,1,0,1,0
2023-09-19 16:00:00,348,17,61,1591,0,19.3,6.9,4.7,0,0,0,0,0,1,0,1,0
2023-09-19 17:00:00,362,18,49,1763,0,19.3,6.9,4.7,0,0,0,0,0,1,0,1,0
2023-09-19 09:00:00,399,10,10,1235,0,19.3,6.9,4.7,0,0,0,0,0,1,0,1,0
2023-09-19 19:00:00,35,20,10,427,0,19.3,6.9,4.7,0,0,0,0,0,1,0,1,0
2023-09-19 07:00:00,111,8,4,367,0,19.3,6.9,4.7,0,0,0,0,0,1,0,1,0
2023-09-18 09:00:00,561,10,16,1070,0,11.2,11.0,1.9,0,1,0,0,0,0,0,1,0
2023-09-18 20:00:00,206,21,6,609,0,11.2,11.0,1.9,0,1,0,0,0,0,0,1,0
2023-09-18 22:00:00,86,23,6,358,0,11.2,11.0,1.9,0,1,0,0,0,0,0,1,0
2023-09-18 12:00:00,686,13,13,1182,0,11.2,11.0,1.9,0,1,0,0,0,0,0,1,0
2023-09-18 14:00:00,416,15,12,842,0,11.2,11.0,1.9,0,1,0,0,0,0,0,1,0
2023-09-18 07:00:00,171,8,12,586,0,11.2,11.0,1.9,0,1,0,0,0,0,0,1,0
2023-09-18 10:00:00,466,11,11,836,0,11.2,11.0,1.9,0,1,0,0,0,0,0,1,0
2023-09-18 19:00:00,312,20,11,743,0,11.2,11.0,1.9,0,1,0,0,0,0,0,1,0
2023-09-18 21:00:00,203,22,8,522,0,11.2,11.0,1.9,0,1,0,0,0,0,0,1,0
2023-09-19 10:00:00,322,11,23,1089,0,19.3,6.9,4.7,0,0,0,0,0,1,0,1,0
2023-09-19 18:00:00,366,19,21,933,0,19.3,6.9,4.7,0,0,0,0,0,1,0,1,0
2023-09-19 11:00:00,286,12,20,991,0,19.3,6.9,4.7,0,0,0,0,0,1,0,1,0
2023-09-19 12:00:00,381,13,17,1052,0,19.3,6.9,4.7,0,0,0,0,0,1,0,1,0
2023-09-19 08:00:00,593,9,16,1336,0,19.3,6.9,4.7,0,0,0,0,0,1,0,1,0
2023-09-19 14:00:00,250,15,16,636,0,19.3,6.9,4.7,0,0,0,0,0,1,0,1,0
2023-09-19 13:00:00,345,14,15,1024,0,19.3,6.9,4.7,0,0,0,0,0,1,0,1,0
2023-09-17 21:00:00,100,22,1,343,0,16.0,6.8,9.0,0,0,0,1,0,0,0,1,0
2023-09-17 23:00:00,37,0,1,181,0,16.0,6.8,9.0,0,0,0,1,0,0,0,1,0
2023-09-17 05:00:00,35,6,1,97,0,16.0,6.8,9.0,0,0,0,1,0,0,0,1,0
2023-09-18 00:00:00,9,1,0,158,0,11.2,11.0,1.9,0,1,0,0,0,0,0,1,0
2023-09-18 05:00:00,25,6,0,98,0,11.2,11.0,1.9,0,1,0,0,0,0,0,1,0
2023-09-18 01:00:00,11,2,0,76,0,11.2,11.0,1.9,0,1,0,0,0,0,0,1,0
2023-09-18 02:00:00,11,3,0,74,0,11.2,11.0,1.9,0,1,0,0,0,0,0,1,0
2023-09-18 16:00:00,409,17,49,1691,0,11.2,11.0,1.9,0,1,0,0,0,0,0,1,0
2023-09-18 17:00:00,529,18,48,1424,0,11.2,11.0,1.9,0,1,0,0,0,0,0,1,0
2023-09-18 08:00:00,372,9,44,844,0,11.2,11.0,1.9,0,1,0,0,0,0,0,1,0
2023-09-17 01:00:00,76,2,0,273,0,16.0,6.8,9.0,0,0,0,1,0,0,0,1,0
2023-09-17 03:00:00,53,4,0,248,0,16.0,6.8,9.0,0,0,0,1,0,0,0,1,0
2023-09-17 22:00:00,40,23,0,245,0,16.0,6.8,9.0,0,0,0,1,0,0,0,1,0
2023-09-18 15:00:00,521,16,32,1104,0,11.2,11.0,1.9,0,1,0,0,0,0,0,1,0
2023-09-18 18:00:00,411,19,31,1001,0,11.2,11.0,1.9,0,1,0,0,0,0,0,1,0
2023-09-18 23:00:00,68,0,2,221,0,11.2,11.0,1.9,0,1,0,0,0,0,0,1,0
2023-09-18 04:00:00,7,5,0,34,0,11.2,11.0,1.9,0,1,0,0,0,0,0,1,0
2023-09-18 03:00:00,2,4,0,34,0,11.2,11.0,1.9,0,1,0,0,0,0,0,1,0
2023-09-17 04:00:00,33,5,0,97,0,16.0,6.8,9.0,0,0,0,1,0,0,0,1,0
2023-09-18 06:00:00,19,7,1,149,0,11.2,11.0,1.9,0,1,0,0,0,0,0,1,0
2023-09-18 11:00:00,451,12,21,882,0,11.2,11.0,1.9,0,1,0,0,0,0,0,1,0
2023-09-18 13:00:00,443,14,20,1308,0,11.2,11.0,1.9,0,1,0,0,0,0,0,1,0
2023-09-19 00:00:00,26,1,0,114,0,19.3,6.9,4.7,0,0,0,0,0,1,0,1,0
2023-09-20 14:00:00,381,15,44,1197,0,15.9,9.4,0.2,0,0,0,0,0,0,1,1,0
2023-09-20 17:00:00,967,18,39,1374,0,15.9,9.4,0.2,0,0,0,0,0,0,1,1,0
2023-09-21 13:00:00,99,14,32,1699,0,15.4,9.2,0.0,0,0,0,0,1,0,0,1,0
2023-09-20 10:00:00,478,11,12,880,0,15.9,9.4,0.2,0,0,0,0,0,0,1,1,0
2023-09-21 10:00:00,267,11,13,1294,0,15.4,9.2,0.0,0,0,0,0,1,0,0,1,0
2023-09-21 15:00:00,220,16,32,1506,0,15.4,9.2,0.0,0,0,0,0,1,0,0,1,0
2023-09-19 06:00:00,5,7,0,4,0,19.3,6.9,4.7,0,0,0,0,0,1,0,1,0
2023-09-19 04:00:00,4,5,0,0,0,19.3,6.9,4.7,0,0,0,0,0,1,0,1,0
2023-09-19 03:00:00,2,4,0,0,0,19.3,6.9,4.7,0,0,0,0,0,1,0,1,0
2023-09-19 05:00:00,2,6,0,0,0,19.3,6.9,4.7,0,0,0,0,0,1,0,1,0
2023-09-21 12:00:00,203,13,32,1394,0,15.4,9.2,0.0,0,0,0,0,1,0,0,1,0
2023-09-20 13:00:00,361,14,32,1145,0,15.9,9.4,0.2,0,0,0,0,0,0,1,1,0
2023-09-20 08:00:00,783,9,29,1262,0,15.9,9.4,0.2,0,0,0,0,0,0,1,1,0
2023-09-20 15:00:00,194,16,29,1207,0,15.9,9.4,0.2,0,0,0,0,0,0,1,1,0
2023-09-20 09:00:00,637,10,27,1102,0,15.9,9.4,0.2,0,0,0,0,0,0,1,1,0
2023-09-20 16:00:00,522,17,24,1430,0,15.9,9.4,0.2,0,0,0,0,0,0,1,1,0
2023-09-20 18:00:00,494,19,23,930,0,15.9,9.4,0.2,0,0,0,0,0,0,1,1,0
2023-09-20 12:00:00,735,13,21,1041,0,15.9,9.4,0.2,0,0,0,0,0,0,1,1,0
2023-09-21 23:00:00,39,0,5,253,0,15.4,9.2,0.0,0,0,0,0,1,0,0,1,0
2023-09-21 08:00:00,366,9,29,1448,0,15.4,9.2,0.0,0,0,0,0,1,0,0,1,0
2023-09-21 07:00:00,134,8,24,800,0,15.4,9.2,0.0,0,0,0,0,1,0,0,1,0
2023-09-21 14:00:00,261,15,23,1374,0,15.4,9.2,0.0,0,0,0,0,1,0,0,1,0
2023-09-21 11:00:00,191,12,22,1311,0,15.4,9.2,0.0,0,0,0,0,1,0,0,1,0
2023-09-21 09:00:00,500,10,20,1338,0,15.4,9.2,0.0,0,0,0,0,1,0,0,1,0
2023-09-21 19:00:00,68,20,18,892,0,15.4,9.2,0.0,0,0,0,0,1,0,0,1,0
2023-09-20 19:00:00,357,20,10,799,0,15.9,9.4,0.2,0,0,0,0,0,0,1,1,0
2023-09-20 07:00:00,296,8,10,667,0,15.9,9.4,0.2,0,0,0,0,0,0,1,1,0
2023-09-20 02:00:00,10,3,0,38,0,15.9,9.4,0.2,0,0,0,0,0,0,1,1,0
2023-09-20 03:00:00,5,4,0,35,0,15.9,9.4,0.2,0,0,0,0,0,0,1,1,0
2023-09-20 21:00:00,245,22,3,478,0,15.9,9.4,0.2,0,0,0,0,0,0,1,1,0
2023-09-21 01:00:00,27,2,4,110,0,15.4,9.2,0.0,0,0,0,0,1,0,0,1,0
2023-09-21 06:00:00,120,7,11,277,0,15.4,9.2,0.0,0,0,0,0,1,0,0,1,0
2023-09-20 05:00:00,62,6,3,108,0,15.9,9.4,0.2,0,0,0,0,0,0,1,1,0
2023-09-20 22:00:00,177,23,2,425,0,15.9,9.4,0.2,0,0,0,0,0,0,1,1,0
2023-09-20 01:00:00,13,2,1,67,0,15.9,9.4,0.2,0,0,0,0,0,0,1,1,0
2023-09-20 04:00:00,11,5,1,52,0,15.9,9.4,0.2,0,0,0,0,0,0,1,1,0
2023-09-20 23:00:00,87,0,0,264,0,15.9,9.4,0.2,0,0,0,0,0,0,1,1,0
2023-09-20 00:00:00,28,1,0,132,0,15.9,9.4,0.2,0,0,0,0,0,0,1,1,0
2023-09-20 11:00:00,733,12,9,985,0,15.9,9.4,0.2,0,0,0,0,0,0,1,1,0
2023-09-21 20:00:00,405,21,2,636,0,15.4,9.2,0.0,0,0,0,0,1,0,0,1,0
2023-09-21 22:00:00,123,23,2,363,0,15.4,9.2,0.0,0,0,0,0,1,0,0,1,0
2023-09-21 17:00:00,142,18,89,1760,0,15.4,9.2,0.0,0,0,0,0,1,0,0,1,0
2023-09-21 16:00:00,167,17,58,1695,0,15.4,9.2,0.0,0,0,0,0,1,0,0,1,0
2023-09-21 05:00:00,64,6,2,137,0,15.4,9.2,0.0,0,0,0,0,1,0,0,1,0
2023-09-20 06:00:00,74,7,7,245,0,15.9,9.4,0.2,0,0,0,0,0,0,1,1,0
2023-09-21 04:00:00,29,5,2,53,0,15.4,9.2,0.0,0,0,0,0,1,0,0,1,0
2023-09-21 18:00:00,50,19,50,1284,0,15.4,9.2,0.0,0,0,0,0,1,0,0,1,0
2023-09-21 21:00:00,270,22,1,561,0,15.4,9.2,0.0,0,0,0,0,1,0,0,1,0
2023-09-20 20:00:00,296,21,4,627,0,15.9,9.4,0.2,0,0,0,0,0,0,1,1,0
2023-09-22 04:00:00,27,5,0,68,0,11.2,8.2,0.0,1,0,0,0,0,0,0,1,0
2023-09-22 03:00:00,9,4,0,43,0,11.2,8.2,0.0,1,0,0,0,0,0,0,1,0
2023-09-22 23:00:00,80,0,3,378,0,11.2,8.2,0.0,1,0,0,0,0,0,0,1,0
2023-09-23 17:00:00,948,18,22,907,0,18.3,6.9,1.2,0,0,1,0,0,0,0,1,0
2023-09-22 14:00:00,594,15,37,1298,0,11.2,8.2,0.0,1,0,0,0,0,0,0,1,0
2023-09-22 05:00:00,82,6,3,149,0,11.2,8.2,0.0,1,0,0,0,0,0,0,1,0
2023-09-22 09:00:00,544,10,36,964,0,11.2,8.2,0.0,1,0,0,0,0,0,0,1,0
2023-09-23 18:00:00,361,19,20,884,0,18.3,6.9,1.2,0,0,1,0,0,0,0,1,0
2023-09-23 19:00:00,331,20,7,843,0,18.3,6.9,1.2,0,0,1,0,0,0,0,1,0
2023-09-23 07:00:00,66,8,7,324,0,18.3,6.9,1.2,0,0,1,0,0,0,0,1,0
2023-09-23 20:00:00,214,21,6,697,0,18.3,6.9,1.2,0,0,1,0,0,0,0,1,0
2023-09-23 06:00:00,43,7,4,135,0,18.3,6.9,1.2,0,0,1,0,0,0,0,1,0
2023-09-22 07:00:00,185,8,12,659,0,11.2,8.2,0.0,1,0,0,0,0,0,0,1,0
2023-09-22 11:00:00,603,12,11,698,0,11.2,8.2,0.0,1,0,0,0,0,0,0,1,0
2023-09-22 21:00:00,136,22,11,591,0,11.2,8.2,0.0,1,0,0,0,0,0,0,1,0
2023-09-22 20:00:00,179,21,9,738,0,11.2,8.2,0.0,1,0,0,0,0,0,0,1,0
2023-09-22 06:00:00,108,7,7,277,0,11.2,8.2,0.0,1,0,0,0,0,0,0,1,0
2023-09-22 17:00:00,314,18,6,672,0,11.2,8.2,0.0,1,0,0,0,0,0,0,1,0
2023-09-23 22:00:00,105,23,2,569,0,18.3,6.9,1.2,0,0,1,0,0,0,0,1,0
2023-09-21 00:00:00,38,1,0,172,0,15.4,9.2,0.0,0,0,0,0,1,0,0,1,0
2023-09-21 02:00:00,21,3,0,89,0,15.4,9.2,0.0,0,0,0,0,1,0,0,1,0
2023-09-22 22:00:00,151,23,2,518,0,11.2,8.2,0.0,1,0,0,0,0,0,0,1,0
2023-09-23 23:00:00,94,0,2,435,0,18.3,6.9,1.2,0,0,1,0,0,0,0,1,0
2023-09-23 14:00:00,129,15,45,983,0,18.3,6.9,1.2,0,0,1,0,0,0,0,1,0
2023-09-23 12:00:00,71,13,40,1103,0,18.3,6.9,1.2,0,0,1,0,0,0,0,1,0
2023-09-23 16:00:00,98,17,36,795,0,18.3,6.9,1.2,0,0,1,0,0,0,0,1,0
2023-09-23 13:00:00,76,14,35,1089,0,18.3,6.9,1.2,0,0,1,0,0,0,0,1,0
2023-09-23 15:00:00,98,16,32,821,0,18.3,6.9,1.2,0,0,1,0,0,0,0,1,0
2023-09-23 11:00:00,76,12,18,1110,0,18.3,6.9,1.2,0,0,1,0,0,0,0,1,0
2023-09-21 03:00:00,17,4,0,64,0,15.4,9.2,0.0,0,0,0,0,1,0,0,1,0
2023-09-22 13:00:00,489,14,31,1250,0,11.2,8.2,0.0,1,0,0,0,0,0,0,1,0
2023-09-22 15:00:00,438,16,27,1112,0,11.2,8.2,0.0,1,0,0,0,0,0,0,1,0
2023-09-22 12:00:00,528,13,24,1165,0,11.2,8.2,0.0,1,0,0,0,0,0,0,1,0
2023-09-22 08:00:00,396,9,19,1064,0,11.2,8.2,0.0,1,0,0,0,0,0,0,1,0
2023-09-22 19:00:00,313,20,19,1002,0,11.2,8.2,0.0,1,0,0,0,0,0,0,1,0
2023-09-22 10:00:00,316,11,18,702,0,11.2,8.2,0.0,1,0,0,0,0,0,0,1,0
2023-09-22 18:00:00,525,19,14,1108,0,11.2,8.2,0.0,1,0,0,0,0,0,0,1,0
2023-09-23 02:00:00,33,3,2,156,0,18.3,6.9,1.2,0,0,1,0,0,0,0,1,0
2023-09-22 00:00:00,45,1,1,188,0,11.2,8.2,0.0,1,0,0,0,0,0,0,1,0
2023-09-23 00:00:00,70,1,1,283,0,18.3,6.9,1.2,0,0,1,0,0,0,0,1,0
2023-09-23 01:00:00,49,2,1,207,0,18.3,6.9,1.2,0,0,1,0,0,0,0,1,0
2023-09-23 03:00:00,43,4,1,135,0,18.3,6.9,1.2,0,0,1,0,0,0,0,1,0
2023-09-23 05:00:00,37,6,1,80,0,18.3,6.9,1.2,0,0,1,0,0,0,0,1,0
2023-09-22 01:00:00,32,2,1,114,0,11.2,8.2,0.0,1,0,0,0,0,0,0,1,0
2023-09-22 02:00:00,15,3,1,71,0,11.2,8.2,0.0,1,0,0,0,0,0,0,1,0
2023-09-23 10:00:00,60,11,12,967,0,18.3,6.9,1.2,0,0,1,0,0,0,0,1,0
2023-09-22 16:00:00,0,17,0,198,0,11.2,8.2,0.0,1,0,0,0,0,0,0,1,0
2023-09-23 09:00:00,51,10,12,742,0,18.3,6.9,1.2,0,0,1,0,0,0,0,1,0
2023-09-23 21:00:00,141,22,10,592,0,18.3,6.9,1.2,0,0,1,0,0,0,0,1,0
2023-09-23 08:00:00,15,9,10,457,0,18.3,6.9,1.2,0,0,1,0,0,0,0,1,0
2023-09-25 19:00:00,374,20,24,788,0,16.7,12.4,0.0,0,1,0,0,0,0,0,1,0
2023-09-23 04:00:00,26,5,0,75,0,18.3,6.9,1.2,0,0,1,0,0,0,0,1,0
2023-09-24 11:00:00,275,12,16,733,0,18.8,9.3,2.5,0,0,0,1,0,0,0,1,0
2023-09-25 09:00:00,505,10,21,964,0,16.7,12.4,0.0,0,1,0,0,0,0,0,1,0
2023-09-25 10:00:00,476,11,21,913,0,16.7,12.4,0.0,0,1,0,0,0,0,0,1,0
2023-09-25 17:00:00,408,18,78,1062,0,16.7,12.4,0.0,0,1,0,0,0,0,0,1,0
2023-09-24 22:00:00,59,23,4,304,0,18.8,9.3,2.5,0,0,0,1,0,0,0,1,0
2023-09-25 06:00:00,93,7,7,261,0,16.7,12.4,0.0,0,1,0,0,0,0,0,1,0
2023-09-25 16:00:00,579,17,61,1293,0,16.7,12.4,0.0,0,1,0,0,0,0,0,1,0
2023-09-25 11:00:00,569,12,54,933,0,16.7,12.4,0.0,0,1,0,0,0,0,0,1,0
2023-09-24 17:00:00,177,18,38,867,0,18.8,9.3,2.5,0,0,0,1,0,0,0,1,0
2023-09-24 16:00:00,292,17,29,872,0,18.8,9.3,2.5,0,0,0,1,0,0,0,1,0
2023-09-24 13:00:00,405,14,28,863,0,18.8,9.3,2.5,0,0,0,1,0,0,0,1,0
2023-09-24 18:00:00,218,19,23,653,0,18.8,9.3,2.5,0,0,0,1,0,0,0,1,0
2023-09-24 14:00:00,388,15,22,851,0,18.8,9.3,2.5,0,0,0,1,0,0,0,1,0
2023-09-24 12:00:00,340,13,21,851,0,18.8,9.3,2.5,0,0,0,1,0,0,0,1,0
2023-09-24 10:00:00,327,11,19,662,0,18.8,9.3,2.5,0,0,0,1,0,0,0,1,0
2023-09-24 15:00:00,326,16,18,796,0,18.8,9.3,2.5,0,0,0,1,0,0,0,1,0
2023-09-24 19:00:00,175,20,17,614,0,18.8,9.3,2.5,0,0,0,1,0,0,0,1,0
2023-09-25 14:00:00,660,15,51,1071,0,16.7,12.4,0.0,0,1,0,0,0,0,0,1,0
2023-09-25 18:00:00,359,19,47,956,0,16.7,12.4,0.0,0,1,0,0,0,0,0,1,0
2023-09-25 12:00:00,764,13,46,1048,0,16.7,12.4,0.0,0,1,0,0,0,0,0,1,0
2023-09-25 15:00:00,553,16,44,1128,0,16.7,12.4,0.0,0,1,0,0,0,0,0,1,0
2023-09-25 13:00:00,692,14,33,1131,0,16.7,12.4,0.0,0,1,0,0,0,0,0,1,0
2023-09-25 08:00:00,508,9,30,1115,0,16.7,12.4,0.0,0,1,0,0,0,0,0,1,0
2023-09-25 07:00:00,157,8,27,624,0,16.7,12.4,0.0,0,1,0,0,0,0,0,1,0
2023-09-25 00:00:00,25,1,0,154,0,16.7,12.4,0.0,0,1,0,0,0,0,0,1,0
2023-09-25 05:00:00,61,6,0,142,0,16.7,12.4,0.0,0,1,0,0,0,0,0,1,0
2023-09-25 22:00:00,107,23,3,323,0,16.7,12.4,0.0,0,1,0,0,0,0,0,1,0
2023-09-25 23:00:00,67,0,2,204,0,16.7,12.4,0.0,0,1,0,0,0,0,0,1,0
2023-09-25 01:00:00,24,2,0,86,0,16.7,12.4,0.0,0,1,0,0,0,0,0,1,0
2023-09-25 02:00:00,14,3,0,79,0,16.7,12.4,0.0,0,1,0,0,0,0,0,1,0
2023-09-24 20:00:00,89,21,8,516,0,18.8,9.3,2.5,0,0,0,1,0,0,0,1,0
2023-09-24 21:00:00,65,22,3,355,0,18.8,9.3,2.5,0,0,0,1,0,0,0,1,0
2023-09-24 00:00:00,45,1,3,340,0,18.8,9.3,2.5,0,0,0,1,0,0,0,1,0
2023-09-25 04:00:00,14,5,0,47,0,16.7,12.4,0.0,0,1,0,0,0,0,0,1,0
2023-09-25 03:00:00,8,4,0,46,0,16.7,12.4,0.0,0,1,0,0,0,0,0,1,0
2023-09-26 16:00:00,634,17,79,1426,0,15.1,11.4,0.5,0,0,0,0,0,1,0,1,0
2023-09-24 02:00:00,15,3,0,220,0,18.8,9.3,2.5,0,0,0,1,0,0,0,1,0
2023-09-24 07:00:00,44,8,2,246,0,18.8,9.3,2.5,0,0,0,1,0,0,0,1,0
2023-09-24 01:00:00,17,2,2,176,0,18.8,9.3,2.5,0,0,0,1,0,0,0,1,0
2023-09-24 23:00:00,21,0,2,145,0,18.8,9.3,2.5,0,0,0,1,0,0,0,1,0
2023-09-24 06:00:00,34,7,2,122,0,18.8,9.3,2.5,0,0,0,1,0,0,0,1,0
2023-09-24 03:00:00,16,4,1,196,0,18.8,9.3,2.5,0,0,0,1,0,0,0,1,0
2023-09-25 20:00:00,233,21,11,619,0,16.7,12.4,0.0,0,1,0,0,0,0,0,1,0
2023-09-24 05:00:00,30,6,0,76,0,18.8,9.3,2.5,0,0,0,1,0,0,0,1,0
2023-09-24 04:00:00,7,5,0,68,0,18.8,9.3,2.5,0,0,0,1,0,0,0,1,0
2023-09-24 08:00:00,57,9,6,169,0,18.8,9.3,2.5,0,0,0,1,0,0,0,1,0
2023-09-25 21:00:00,154,22,10,440,0,16.7,12.4,0.0,0,1,0,0,0,0,0,1,0
2023-09-24 09:00:00,144,10,5,349,0,18.8,9.3,2.5,0,0,0,1,0,0,0,1,0
2023-09-26 05:00:00,58,6,1,152,0,15.1,11.4,0.5,0,0,0,0,0,1,0,1,0
2023-09-27 09:00:00,433,10,41,999,0,15.6,6.3,9.4,0,0,0,0,0,0,1,1,0
2023-09-27 08:00:00,379,9,40,1169,0,15.6,6.3,9.4,0,0,0,0,0,0,1,1,0
2023-09-27 04:00:00,21,5,0,62,0,15.6,6.3,9.4,0,0,0,0,0,0,1,1,0
2023-09-26 02:00:00,30,3,1,57,0,15.1,11.4,0.5,0,0,0,0,0,1,0,1,0
2023-09-27 15:00:00,271,16,38,1566,0,15.6,6.3,9.4,0,0,0,0,0,0,1,1,0
2023-09-26 15:00:00,597,16,59,1140,0,15.1,11.4,0.5,0,0,0,0,0,1,0,1,0
2023-09-27 03:00:00,17,4,0,46,0,15.6,6.3,9.4,0,0,0,0,0,0,1,1,0
2023-09-26 19:00:00,260,20,12,856,0,15.1,11.4,0.5,0,0,0,0,0,1,0,1,0
2023-09-27 12:00:00,464,13,33,1231,0,15.6,6.3,9.4,0,0,0,0,0,0,1,1,0
2023-09-26 06:00:00,92,7,5,284,0,15.1,11.4,0.5,0,0,0,0,0,1,0,1,0
2023-09-26 13:00:00,566,14,47,1214,0,15.1,11.4,0.5,0,0,0,0,0,1,0,1,0
2023-09-27 16:00:00,152,17,27,1552,0,15.6,6.3,9.4,0,0,0,0,0,0,1,1,0
2023-09-27 22:00:00,72,23,2,281,0,15.6,6.3,9.4,0,0,0,0,0,0,1,1,0
2023-09-27 11:00:00,296,12,20,909,0,15.6,6.3,9.4,0,0,0,0,0,0,1,1,0
2023-09-27 10:00:00,429,11,19,958,0,15.6,6.3,9.4,0,0,0,0,0,0,1,1,0
2023-09-27 07:00:00,168,8,17,727,0,15.6,6.3,9.4,0,0,0,0,0,0,1,1,0
2023-09-26 23:00:00,76,0,5,235,0,15.1,11.4,0.5,0,0,0,0,0,1,0,1,0
2023-09-26 12:00:00,452,13,43,1037,0,15.1,11.4,0.5,0,0,0,0,0,1,0,1,0
2023-09-26 01:00:00,30,2,0,93,0,15.1,11.4,0.5,0,0,0,0,0,1,0,1,0
2023-09-27 23:00:00,51,0,2,187,0,15.6,6.3,9.4,0,0,0,0,0,0,1,1,0
2023-09-26 17:00:00,30,18,3,788,0,15.1,11.4,0.5,0,0,0,0,0,1,0,1,0
2023-09-26 20:00:00,101,21,3,546,0,15.1,11.4,0.5,0,0,0,0,0,1,0,1,0
2023-09-26 00:00:00,41,1,2,140,0,15.1,11.4,0.5,0,0,0,0,0,1,0,1,0
2023-09-27 17:00:00,100,18,11,1133,0,15.6,6.3,9.4,0,0,0,0,0,0,1,1,0
2023-09-26 04:00:00,27,5,0,45,0,15.1,11.4,0.5,0,0,0,0,0,1,0,1,0
2023-09-26 03:00:00,9,4,0,45,0,15.1,11.4,0.5,0,0,0,0,0,1,0,1,0
2023-09-26 07:00:00,186,8,11,698,0,15.1,11.4,0.5,0,0,0,0,0,1,0,1,0
2023-09-28 16:00:00,655,17,62,1466,0,16.9,11.1,0.5,0,0,0,0,1,0,0,1,0
2023-09-28 17:00:00,567,18,45,1274,0,16.9,11.1,0.5,0,0,0,0,1,0,0,1,0
2023-09-28 14:00:00,623,15,36,1126,0,16.9,11.1,0.5,0,0,0,0,1,0,0,1,0
2023-09-28 15:00:00,611,16,32,1207,0,16.9,11.1,0.5,0,0,0,0,1,0,0,1,0
2023-09-28 12:00:00,403,13,31,1267,0,16.9,11.1,0.5,0,0,0,0,1,0,0,1,0
2023-09-28 13:00:00,404,14,30,1418,0,16.9,11.1,0.5,0,0,0,0,1,0,0,1,0
2023-09-26 14:00:00,624,15,42,1079,0,15.1,11.4,0.5,0,0,0,0,0,1,0,1,0
2023-09-27 19:00:00,102,20,1,450,0,15.6,6.3,9.4,0,0,0,0,0,0,1,1,0
2023-09-27 05:00:00,56,6,1,112,0,15.6,6.3,9.4,0,0,0,0,0,0,1,1,0
2023-09-27 18:00:00,210,19,0,425,0,15.6,6.3,9.4,0,0,0,0,0,0,1,1,0
2023-09-27 00:00:00,38,1,0,148,0,15.6,6.3,9.4,0,0,0,0,0,0,1,1,0
2023-09-27 02:00:00,21,3,0,77,0,15.6,6.3,9.4,0,0,0,0,0,0,1,1,0
2023-09-27 01:00:00,20,2,0,69,0,15.6,6.3,9.4,0,0,0,0,0,0,1,1,0
2023-09-26 18:00:00,365,19,32,1052,0,15.1,11.4,0.5,0,0,0,0,0,1,0,1,0
2023-09-27 20:00:00,96,21,8,487,0,15.6,6.3,9.4,0,0,0,0,0,0,1,1,0
2023-09-26 21:00:00,162,22,8,472,0,15.1,11.4,0.5,0,0,0,0,0,1,0,1,0
2023-09-26 11:00:00,428,12,27,929,0,15.1,11.4,0.5,0,0,0,0,0,1,0,1,0
2023-09-26 08:00:00,511,9,26,1142,0,15.1,11.4,0.5,0,0,0,0,0,1,0,1,0
2023-09-26 10:00:00,409,11,24,937,0,15.1,11.4,0.5,0,0,0,0,0,1,0,1,0
2023-09-26 22:00:00,91,23,7,363,0,15.1,11.4,0.5,0,0,0,0,0,1,0,1,0
2023-09-27 21:00:00,103,22,6,415,0,15.6,6.3,9.4,0,0,0,0,0,0,1,1,0
2023-09-27 14:00:00,421,15,66,1197,0,15.6,6.3,9.4,0,0,0,0,0,0,1,1,0
2023-09-27 13:00:00,479,14,44,1196,0,15.6,6.3,9.4,0,0,0,0,0,0,1,1,0
2023-09-26 09:00:00,644,10,21,974,0,15.1,11.4,0.5,0,0,0,0,0,1,0,1,0
2023-09-27 06:00:00,105,7,3,265,0,15.6,6.3,9.4,0,0,0,0,0,0,1,1,0
2023-09-28 18:00:00,115,19,3,677,0,16.9,11.1,0.5,0,0,0,0,1,0,0,1,0
2023-09-29 07:00:00,219,8,2,621,0,11.2,11.2,0.0,1,0,0,0,0,0,0,1,0
2023-09-28 00:00:00,23,1,3,132,0,16.9,11.1,0.5,0,0,0,0,1,0,0,1,0
2023-09-28 05:00:00,60,6,3,126,0,16.9,11.1,0.5,0,0,0,0,1,0,0,1,0
2023-09-28 22:00:00,84,23,1,358,0,16.9,11.1,0.5,0,0,0,0,1,0,0,1,0
2023-09-28 23:00:00,38,0,0,222,0,16.9,11.1,0.5,0,0,0,0,1,0,0,1,0
2023-09-28 02:00:00,14,3,0,69,0,16.9,11.1,0.5,0,0,0,0,1,0,0,1,0
2023-09-28 01:00:00,2,2,0,62,0,16.9,11.1,0.5,0,0,0,0,1,0,0,1,0
2023-09-28 03:00:00,13,4,0,49,0,16.9,11.1,0.5,0,0,0,0,1,0,0,1,0
2023-09-28 04:00:00,29,5,0,46,0,16.9,11.1,0.5,0,0,0,0,1,0,0,1,0
2023-09-29 22:00:00,98,23,2,549,0,11.2,11.2,0.0,1,0,0,0,0,0,0,1,0
2023-09-29 08:00:00,771,9,19,1057,0,11.2,11.2,0.0,1,0,0,0,0,0,0,1,0
2023-09-29 18:00:00,522,19,11,1042,0,11.2,11.2,0.0,1,0,0,0,0,0,0,1,0
2023-09-29 19:00:00,515,20,9,1012,0,11.2,11.2,0.0,1,0,0,0,0,0,0,1,0
2023-09-28 11:00:00,375,12,22,1133,0,16.9,11.1,0.5,0,0,0,0,1,0,0,1,0
2023-09-28 08:00:00,404,9,15,1318,0,16.9,11.1,0.5,0,0,0,0,1,0,0,1,0
2023-09-28 10:00:00,368,11,15,1110,0,16.9,11.1,0.5,0,0,0,0,1,0,0,1,0
2023-09-28 07:00:00,290,8,13,802,0,16.9,11.1,0.5,0,0,0,0,1,0,0,1,0
2023-09-28 19:00:00,209,20,11,860,0,16.9,11.1,0.5,0,0,0,0,1,0,0,1,0
2023-09-28 20:00:00,241,21,9,659,0,16.9,11.1,0.5,0,0,0,0,1,0,0,1,0
2023-09-28 21:00:00,174,22,9,474,0,16.9,11.1,0.5,0,0,0,0,1,0,0,1,0
2023-09-29 01:00:00,9,2,2,87,0,11.2,11.2,0.0,1,0,0,0,0,0,0,1,0
2023-09-29 20:00:00,234,21,7,709,0,11.2,11.2,0.0,1,0,0,0,0,0,0,1,0
2023-09-29 23:00:00,86,0,4,451,0,11.2,11.2,0.0,1,0,0,0,0,0,0,1,0
2023-09-29 06:00:00,18,7,4,316,0,11.2,11.2,0.0,1,0,0,0,0,0,0,1,0
2023-09-29 21:00:00,113,22,3,552,0,11.2,11.2,0.0,1,0,0,0,0,0,0,1,0
2023-09-28 09:00:00,377,10,8,1287,0,16.9,11.1,0.5,0,0,0,0,1,0,0,1,0
2023-09-29 05:00:00,22,6,1,152,0,11.2,11.2,0.0,1,0,0,0,0,0,0,1,0
2023-09-29 17:00:00,310,18,68,1190,0,11.2,11.2,0.0,1,0,0,0,0,0,0,1,0
2023-09-29 10:00:00,810,11,62,992,0,11.2,11.2,0.0,1,0,0,0,0,0,0,1,0
2023-09-29 11:00:00,957,12,61,1132,0,11.2,11.2,0.0,1,0,0,0,0,0,0,1,0
2023-09-29 16:00:00,582,17,55,1654,0,11.2,11.2,0.0,1,0,0,0,0,0,0,1,0
2023-09-29 14:00:00,694,15,49,1403,0,11.2,11.2,0.0,1,0,0,0,0,0,0,1,0
2023-09-29 13:00:00,666,14,47,1365,0,11.2,11.2,0.0,1,0,0,0,0,0,0,1,0
2023-09-29 15:00:00,676,16,44,1349,0,11.2,11.2,0.0,1,0,0,0,0,0,0,1,0
2023-09-29 12:00:00,840,13,41,1121,0,11.2,11.2,0.0,1,0,0,0,0,0,0,1,0
2023-09-29 09:00:00,829,10,41,1107,0,11.2,11.2,0.0,1,0,0,0,0,0,0,1,0
2023-09-28 06:00:00,117,7,8,311,0,16.9,11.1,0.5,0,0,0,0,1,0,0,1,0
2023-09-30 12:00:00,317,13,30,1235,0,18.6,7.7,2.1,0,0,1,0,0,0,0,1,0
2023-09-30 13:00:00,623,14,29,1227,0,18.6,7.7,2.1,0,0,1,0,0,0,0,1,0
2023-09-30 11:00:00,341,12,28,1357,0,18.6,7.7,2.1,0,0,1,0,0,0,0,1,0
2023-09-29 00:00:00,19,1,1,141,0,11.2,11.2,0.0,1,0,0,0,0,0,0,1,0
2023-09-29 02:00:00,6,3,1,76,0,11.2,11.2,0.0,1,0,0,0,0,0,0,1,0
2023-09-29 04:00:00,6,5,1,74,0,11.2,11.2,0.0,1,0,0,0,0,0,0,1,0
2023-09-29 03:00:00,4,4,1,57,0,11.2,11.2,0.0,1,0,0,0,0,0,0,1,0
2023-09-30 01:00:00,41,2,1,282,0,18.6,7.7,2.1,0,0,1,0,0,0,0,1,0
2023-09-30 03:00:00,37,4,1,199,0,18.6,7.7,2.1,0,0,1,0,0,0,0,1,0
2023-09-30 04:00:00,34,5,1,86,0,18.6,7.7,2.1,0,0,1,0,0,0,0,1,0
2023-09-30 19:00:00,245,20,5,808,0,18.6,7.7,2.1,0,0,1,0,0,0,0,1,0
2023-09-30 10:00:00,326,11,20,1141,0,18.6,7.7,2.1,0,0,1,0,0,0,0,1,0
2023-09-30 22:00:00,66,23,5,515,0,18.6,7.7,2.1,0,0,1,0,0,0,0,1,0
2023-09-30 20:00:00,151,21,20,791,0,18.6,7.7,2.1,0,0,1,0,0,0,0,1,0
2023-09-30 08:00:00,149,9,5,503,0,18.6,7.7,2.1,0,0,1,0,0,0,0,1,0
2023-09-30 23:00:00,58,0,5,493,0,18.6,7.7,2.1,0,0,1,0,0,0,0,1,0
2023-09-30 18:00:00,567,19,18,1107,0,18.6,7.7,2.1,0,0,1,0,0,0,0,1,0
2023-09-30 16:00:00,1351,17,18,1073,0,18.6,7.7,2.1,0,0,1,0,0,0,0,1,0
2023-09-30 06:00:00,64,7,5,151,0,18.6,7.7,2.1,0,0,1,0,0,0,0,1,0
2023-09-30 17:00:00,1391,18,16,1143,0,18.6,7.7,2.1,0,0,1,0,0,0,0,1,0
2023-09-30 14:00:00,1133,15,12,1130,0,18.6,7.7,2.1,0,0,1,0,0,0,0,1,0
2023-09-30 09:00:00,221,10,12,716,0,18.6,7.7,2.1,0,0,1,0,0,0,0,1,0
2023-09-30 15:00:00,1195,16,10,883,0,18.6,7.7,2.1,0,0,1,0,0,0,0,1,0
2023-09-30 02:00:00,28,3,3,161,0,18.6,7.7,2.1,0,0,1,0,0,0,0,1,0
2023-09-30 00:00:00,70,1,2,355,0,18.6,7.7,2.1,0,0,1,0,0,0,0,1,0
2023-09-30 05:00:00,51,6,2,82,0,18.6,7.7,2.1,0,0,1,0,0,0,0,1,0
2023-09-30 21:00:00,99,22,6,593,0,18.6,7.7,2.1,0,0,1,0,0,0,0,1,0
2023-09-30 07:00:00,81,8,6,280,0,18.6,7.7,2.1,0,0,1,0,0,0,0,1,0
